"TOA5","Chapada_High","CR1000X","73483","CR1000X.8.3.0","CPU:Brazil_beta_v091925v4.CR1X","25590","Teros12Table"
"TIMESTAMP","RECORD","PB","Statname","BattV_Avg","Teros12(1,1)","Teros12(1,2)","Teros12(1,3)","Teros12(2,1)","Teros12(2,2)","Teros12(2,3)","Teros12(3,1)","Teros12(3,2)","Teros12(3,3)","Teros12(4,1)","Teros12(4,2)","Teros12(4,3)","Teros12(5,1)","Teros12(5,2)","Teros12(5,3)","Teros12(6,1)","Teros12(6,2)","Teros12(6,3)","Teros12(7,1)","Teros12(7,2)","Teros12(7,3)","Teros12(8,1)","Teros12(8,2)","Teros12(8,3)","Teros12(9,1)","Teros12(9,2)","Teros12(9,3)"
"TS","RN","","","Volts","","","","","","","","","","","","","","","","","","","","","","","","","","",""
"","","Smp","Smp","Avg","Smp","Smp","Smp","Smp","Smp","Smp","Smp","Smp","Smp","Smp","Smp","Smp","Smp","Smp","Smp","Smp","Smp","Smp","Smp","Smp","Smp","Smp","Smp","Smp","Smp","Smp","Smp"
"2025-11-13 13:00:00",1807,801,"Chapada_High",11.93,2120.35,32.7,0,2068.1,34.8,0,2162.54,36.4,0,2057.56,36.2,0,2012.18,34.2,0,1983.69,34.5,0,2017.58,34,0,1984.3,35,0,2069.88,34.7,0
"2025-11-13 13:15:00",1808,801,"Chapada_High",11.93,2121.53,31.6,1,2067.54,33.4,0,2160.81,34.6,0,2056.37,34.3,0,2012.34,33.4,0,1983.36,33.1,0,2017.1,33.7,0,1983.87,33.9,0,2069.84,33.2,0
"2025-11-13 13:30:00",1809,801,"Chapada_High",11.93,2119.89,32.3,0,2067.19,34.3,0,2160.21,34.3,0,2056.04,34.9,0,2011.18,34.3,0,1983.28,33.9,0,2015.35,34.4,0,1982.6,35.1,0,2071.59,34.2,0
"2025-11-13 13:45:00",1810,801,"Chapada_High",11.93,2119.4,31.6,0,2066.91,32.4,0,2159.03,33.3,0,2055.18,33.3,0,2011.61,32.9,0,1984.07,32.7,0,2015.64,33.1,0,1983.04,33.3,0,2069.32,32.8,0
"2025-11-13 14:00:00",1811,801,"Chapada_High",11.93,2119.28,31.1,0,2066.75,32.5,0,2159.17,32.8,0,2055.79,32.8,0,2012.11,32.4,0,1984.5,31.9,0,2015.7,32.7,0,1981.73,33,0,2069.46,32.3,0
"2025-11-13 14:15:00",1812,801,"Chapada_High",11.93,2119.45,30.3,0,2066.41,31.4,0,2158.58,32.5,0,2056.53,32.2,0,2011.18,31.9,0,1983.59,31.2,0,2015.99,31.8,0,1983.52,32.1,0,2069.11,31.6,0
"2025-11-13 14:30:00",1813,801,"Chapada_High",11.93,2119.35,30,0,2066.32,31,0,2157.12,32.2,0,2055.23,32.3,0,2012.54,31.8,0,1984.28,30.9,0,2015.97,31.6,0,1983.8,31.9,0,2068.58,31.4,0
"2025-11-13 14:45:00",1814,801,"Chapada_High",11.93,2118.81,29.4,2,2066.22,30.2,0,2155.48,31.5,0,2056.42,31.2,0,2012.57,31.2,0,1984.42,30.6,0,2015.52,30.8,0,1983.08,31.2,0,2066.78,30.6,0
"2025-11-13 15:00:00",1815,801,"Chapada_High",11.93,2117.51,29.3,0,2065.74,30.1,0,2156.03,31.2,0,2055.58,30.9,0,2013.4,31.1,0,1983.4,30.5,0,2015.68,31.1,0,1983.47,31.1,0,2066.77,30.7,0
"2025-11-13 15:15:00",1816,801,"Chapada_High",11.93,2117.68,30.6,0,2064.96,32,0,2154.54,32.5,0,2054.55,33.7,0,2009.29,35.1,0,1983.67,32.3,1,2014.13,33.3,0,1981.46,34.3,0,2066.51,34.5,0
"2025-11-13 15:30:00",1817,801,"Chapada_High",11.93,2116.94,31.2,0,2063.99,32.7,0,2153.16,33.3,0,2054.15,34.1,0,2009.47,35,0,1983.17,32.6,0,2013.16,34.3,0,1980.69,34.4,0,2065.15,35.7,0
"2025-11-13 15:45:00",1818,801,"Chapada_High",11.93,2116.16,31.2,0,2063.45,32.1,0,2151.84,32.8,0,2054.21,33,0,2010.24,33.4,0,1983.55,31.9,0,2011.88,33.8,0,1980.01,33.5,0,2063.87,34.1,0
"2025-11-13 16:00:00",1819,801,"Chapada_High",11.93,2116.39,30.6,0,2062.65,31.7,0,2151.14,32.6,0,2054.43,32.2,0,2010.08,32.7,0,1983.14,31.4,0,2013.81,33,0,1979.97,32.9,0,2064.84,33.6,0
"2025-11-13 16:15:00",1820,801,"Chapada_High",11.93,2115.91,30.8,0,2062.58,31.6,0,2148.91,32.9,0,2054.55,32.7,0,2010,32.9,0,1982.85,31.8,0,2013.32,32.9,0,1980.25,33.3,0,2062.54,33.8,0
"2025-11-13 16:30:00",1821,801,"Chapada_High",11.93,2115.58,31.2,0,2061.88,31.8,0,2147.36,33,0,2053.96,32.5,0,2008.76,34.6,0,1982.27,32.1,0,2012.43,33,0,1979.98,33.9,0,2062.6,33.7,0
"2025-11-13 16:45:00",1822,801,"Chapada_High",11.93,2113.94,31.2,0,2061.2,31.5,0,2148.15,32.7,0,2053.45,31.9,0,2008.52,33.3,0,1980.52,33,0,2012.35,32.4,0,1979.26,33.8,0,2061.52,33.1,0
"2025-11-13 17:00:00",1823,801,"Chapada_High",11.93,2113.31,30.3,0,2061.37,30.5,3,2145.28,31.6,0,2053.5,31,0,2009.78,31.6,0,1981.74,31.6,0,2012.75,31.4,0,1978.32,32.8,6,2061.31,31.6,0
"2025-11-13 17:15:00",1824,801,"Chapada_High",11.93,2112.92,29.9,0,2060.86,30,0,2146.11,31,0,2052.95,30.5,0,2010.79,31.1,0,1981.04,31,0,2013.02,30,0,1978.79,32.3,0,2062.79,31.4,0
"2025-11-13 17:30:00",1825,801,"Chapada_High",11.93,2113.54,29.5,0,2060.62,29.5,0,2145.18,30.4,0,2052.95,30,0,2011.02,30.4,0,1981.37,30.4,0,2013.53,29.1,0,1979.33,31.3,0,2061.15,30.6,0
"2025-11-13 17:45:00",1826,801,"Chapada_High",11.93,2111.67,28.6,0,2060.49,29.3,0,2144.08,29.7,0,2052.81,29.5,0,2011.5,29.7,0,1981.05,29.7,0,2012.32,28.8,0,1979.02,30.4,0,2060.9,29.7,0
"2025-11-13 18:00:00",1827,801,"Chapada_High",11.93,2111.32,27.8,0,2061.01,28.4,0,2144.21,29.6,0,2052.03,28.8,0,2012.3,28.8,0,1981.6,29,0,2012.72,28.3,0,1978.93,29.5,0,2060.18,28.9,0
"2025-11-13 18:15:00",1828,801,"Chapada_High",11.93,2111.96,27.2,0,2059.4,27.5,0,2142.22,28.6,0,2053.18,28.3,0,2012.52,27.9,0,1980.45,28,0,2013.06,27.6,0,1977.7,28.5,0,2059.88,28,0
"2025-11-13 18:30:00",1829,801,"Chapada_High",11.93,2111.41,26.5,0,2059.54,26.5,0,2141.3,27.7,0,2052.5,27.2,0,2013.77,26.6,0,1980.24,26.7,0,2015.4,26.7,0,1977.53,27.3,0,2057.51,26.9,0
"2025-11-13 18:45:00",1830,801,"Chapada_High",11.93,2112.36,25.6,1,2058.81,25.4,0,2139.83,26.8,0,2053.12,25.9,0,2014.63,24.9,0,1980.7,25.3,0,2015.85,25.8,0,1978.37,26,0,2057.37,25.5,0
"2025-11-13 19:00:00",1831,801,"Chapada_High",11.93,2111.83,24.8,0,2060.39,24.5,0,2139.72,26,0,2052.95,24.8,0,2015.81,23.9,0,1981.13,24.2,0,2015.11,24.9,0,1978.06,24.8,0,2056.75,24.4,0
"2025-11-13 19:15:00",1832,801,"Chapada_High",11.93,2112.99,24.1,0,2059.33,23.8,0,2139.97,25.4,0,2052.98,23.9,0,2014.89,23.3,0,1981.38,23.3,0,2016.38,24.2,0,1979.64,24,0,2056.96,23.6,2
"2025-11-13 19:30:00",1833,801,"Chapada_High",11.93,2113.55,23.7,0,2059.37,23.3,0,2139.31,24.8,0,2052.1,23.3,0,2015.01,22.7,0,1981.81,22.8,0,2016.95,23.6,0,1979.95,23.4,0,2056.14,23,0
"2025-11-13 19:45:00",1834,801,"Chapada_High",11.93,2114.02,23.2,0,2059.36,22.8,0,2139.18,24.5,0,2052.62,23,0,2015.54,22,0,1981.67,22.3,0,2016.71,23.1,0,1980.74,22.8,0,2056.15,22.5,0
"2025-11-13 20:00:00",1835,801,"Chapada_High",11.93,2113.53,23,0,2059.46,22.6,0,2139.08,24.2,0,2053.1,23.1,0,2015.49,21.8,0,1982.52,22.2,1,2016.66,22.8,0,1980.87,22.6,0,2057.2,22.3,0
"2025-11-13 20:15:00",1836,801,"Chapada_High",11.93,2114.33,23,0,2060.21,22.5,0,2138.96,24,0,2053.56,23,1,2016.8,21.8,0,1982.97,22.2,0,2016.44,22.7,0,1981.57,22.5,0,2056.9,22.2,0
"2025-11-13 20:30:00",1837,801,"Chapada_High",11.93,2114.37,22.8,0,2059.13,22.4,2,2139.07,23.7,0,2052.88,22.9,0,2017.91,21.7,0,1982.3,22.1,0,2016.94,22.5,0,1981.12,22.3,0,2057.23,22.1,0
"2025-11-13 20:45:00",1838,801,"Chapada_High",11.92,2113.89,22.7,0,2059.95,22.3,0,2138.63,23.6,0,2053.52,22.8,0,2017.67,21.5,12,1982.68,22,6,2016.19,22.4,6,1981.16,22.2,0,2056.67,22,0
"2025-11-13 21:00:00",1839,801,"Chapada_High",11.93,2114.18,22.5,0,2060.18,22.1,0,2138.83,23.4,0,2053.28,22.7,12,2018,21.4,0,1983.09,21.9,0,2016.35,22.3,0,1981.2,22,0,2056.29,21.8,0
"2025-11-13 21:15:00",1840,801,"Chapada_High",11.92,2113.27,22.3,0,2059.84,21.9,0,2138.52,23.2,0,2052.66,22.3,0,2018.17,21.2,0,1983.24,21.7,0,2016.47,22.1,0,1981.48,21.9,0,2056.71,21.6,0
"2025-11-13 21:30:00",1841,801,"Chapada_High",11.93,2113.87,22.2,0,2060.18,21.8,0,2139.09,23.1,0,2053.05,22.2,0,2018.17,21.1,0,1982.86,21.6,0,2016.47,22,0,1982.84,21.7,0,2056.67,21.5,0
"2025-11-13 21:45:00",1842,801,"Chapada_High",11.93,2114.24,22.1,0,2059.8,21.7,0,2138.92,23,0,2053.93,22.1,0,2018.5,21,0,1983.18,21.5,0,2016.81,21.8,0,1982.6,21.6,0,2056.57,21.4,0
"2025-11-13 22:00:00",1843,801,"Chapada_High",11.92,2114.68,22,0,2060.01,21.6,0,2138.61,22.8,0,2053.36,21.9,0,2018.36,20.9,0,1983.43,21.4,0,2016.66,21.7,0,1982.57,21.5,0,2056.57,21.2,0
"2025-11-13 22:15:00",1844,801,"Chapada_High",11.92,2114.98,21.9,0,2060.18,21.5,0,2138.16,22.7,0,2054,21.8,0,2018.58,20.8,0,1983.79,21.3,0,2016.86,21.6,0,1982.95,21.4,0,2056.38,21.1,9
"2025-11-13 22:30:00",1845,801,"Chapada_High",11.92,2115.15,21.8,0,2060.38,21.4,0,2138.35,22.5,0,2053.86,21.7,0,2017.55,20.7,0,1983.94,21.2,0,2017.72,21.5,0,1983.46,21.3,0,2055.79,21,0
"2025-11-13 22:45:00",1846,801,"Chapada_High",11.92,2115.04,21.7,0,2060.61,21.3,0,2138.31,22.4,0,2054.29,21.6,0,2018.27,20.6,0,1984.17,21.1,17,2016.56,21.3,0,1982.6,21.1,0,2056.34,20.9,0
"2025-11-13 23:00:00",1847,801,"Chapada_High",11.92,2113.96,21.7,0,2060.62,21.2,0,2138.33,22.3,0,2054.27,21.7,0,2019.31,20.7,8,1984.09,21.2,0,2016.78,21.3,0,1982.43,21.1,0,2056.82,21,0
"2025-11-13 23:15:00",1848,801,"Chapada_High",11.92,2115.17,21.7,0,2059.37,21.3,0,2137.82,22.3,0,2053.32,21.9,0,2018.57,20.9,0,1984.49,21.4,0,2016.85,21.3,0,1983.01,21.2,3,2057.17,21,0
"2025-11-13 23:30:00",1849,801,"Chapada_High",11.92,2114.34,21.7,0,2060.35,21.3,0,2137.92,22.3,0,2054.89,21.9,0,2018.99,21,0,1984.37,21.4,0,2016.04,21.3,1,1983.15,21.3,0,2056.05,21,0
"2025-11-13 23:45:00",1850,801,"Chapada_High",11.92,2115.21,21.7,0,2060.67,21.3,0,2137.56,22.2,0,2054.31,22,4,2017.84,21,0,1983.7,21.5,0,2017.07,21.3,0,1983.12,21.2,2,2057.22,21,0
"2025-11-14 00:00:00",1851,801,"Chapada_High",11.92,2114.95,21.6,0,2059.94,21.2,0,2137.49,22.1,0,2053.87,21.9,0,2019.3,20.9,0,1984.86,21.4,1,2016,21.2,0,1983.95,21.2,0,2056.25,21,0
"2025-11-14 00:15:00",1852,801,"Chapada_High",11.92,2115.01,21.5,0,2061.03,21.1,0,2137.11,21.9,13,2053.76,21.8,0,2017.61,20.8,0,1983.28,21.3,8,2016.2,21.2,0,1983.91,21.1,0,2056.45,20.9,0
"2025-11-14 00:30:00",1853,801,"Chapada_High",11.92,2114.42,21.5,0,2059.94,21.1,0,2138.08,21.9,0,2054.02,21.7,2,2019.57,20.8,0,1983.94,21.3,4,2016.8,21.2,0,1983.92,21.1,0,2056.21,20.9,0
"2025-11-14 00:45:00",1854,801,"Chapada_High",11.93,2114.46,21.3,0,2060.43,20.9,0,2137.2,21.7,0,2053.79,21.5,0,2019.03,20.6,0,1984.35,21.1,2,2016.3,21,0,1983.45,20.9,0,2055.86,20.7,0
"2025-11-14 01:00:00",1855,801,"Chapada_High",11.92,2114.99,21.2,0,2060.07,20.8,0,2137.84,21.6,0,2053.38,21.4,0,2018.47,20.5,0,1983.6,21,0,2016.58,21,0,1983.03,20.8,0,2056.36,20.5,0
"2025-11-14 01:15:00",1856,801,"Chapada_High",11.92,2114.91,21.1,0,2060.48,20.8,0,2137.37,21.5,0,2055.53,21.4,0,2018.74,20.4,0,1984.49,20.9,0,2016.62,20.9,0,1982.27,20.8,1,2056.35,20.5,0
"2025-11-14 01:30:00",1857,801,"Chapada_High",11.92,2114.84,21.1,0,2060.57,20.7,1,2138.35,21.5,0,2054.51,21.3,0,2018.73,20.4,8,1984.43,20.9,5,2015.9,20.8,0,1982.26,20.8,0,2055.58,20.4,0
"2025-11-14 01:45:00",1858,801,"Chapada_High",11.92,2115.48,21,2,2060.47,20.7,0,2137.07,21.4,0,2054.79,21.3,0,2019.35,20.3,0,1984.85,20.8,10,2016.01,20.8,0,1983.23,20.7,0,2055.99,20.3,0
"2025-11-14 02:00:00",1859,801,"Chapada_High",11.92,2115.33,21,0,2060.85,20.7,0,2137.41,21.4,0,2055.47,21.2,0,2018.96,20.4,0,1984.71,20.9,0,2017.04,20.8,0,1983.52,20.7,0,2055.99,20.4,0
"2025-11-14 02:15:00",1860,801,"Chapada_High",11.92,2115.28,21,0,2060.81,20.6,0,2137.15,21.3,0,2055.66,21.2,0,2019.52,20.3,0,1984.32,20.8,0,2016.17,20.8,0,1984.08,20.7,0,2055.43,20.4,0
"2025-11-14 02:30:00",1861,801,"Chapada_High",11.93,2114.24,20.7,0,2060.61,20.4,0,2137.25,21.1,0,2056.1,21,0,2019.47,20,0,1984.19,20.5,0,2016.31,20.6,0,1983.58,20.4,0,2055.79,20.1,0
"2025-11-14 02:45:00",1862,801,"Chapada_High",11.92,2115.14,20.6,0,2060.76,20.3,0,2137.62,21,0,2056,20.8,0,2019.76,19.9,11,1984.55,20.4,0,2015.89,20.4,0,1981.9,20.2,0,2056.04,20,0
"2025-11-14 03:00:00",1863,801,"Chapada_High",11.92,2114.89,20.6,0,2060.5,20.3,14,2138.23,21,0,2056.51,20.7,0,2018.98,19.9,0,1983.94,20.4,0,2014.32,20.4,0,1984.44,20.3,0,2056.19,20,0
"2025-11-14 03:15:00",1864,801,"Chapada_High",11.92,2114.9,20.6,0,2060.87,20.3,0,2137.22,21,0,2055.83,20.6,10,2019.6,20,0,1984.26,20.6,0,2016.05,20.4,0,1983.55,20.4,0,2055.76,20,0
"2025-11-14 03:30:00",1865,801,"Chapada_High",11.92,2114.91,20.7,0,2060.9,20.4,0,2137.45,21.1,0,2055.44,20.7,0,2018.98,20.1,0,1984.44,20.7,0,2014.84,20.5,0,1983.97,20.5,0,2055.84,20.1,0
"2025-11-14 03:45:00",1866,801,"Chapada_High",11.92,2114.99,20.6,1,2061.35,20.3,6,2136.62,21,0,2056.24,20.6,0,2019.61,20,0,1984.74,20.5,0,2015.69,20.4,2,1983.97,20.3,0,2055.54,20,0
"2025-11-14 04:00:00",1867,801,"Chapada_High",11.92,2115.41,20.6,0,2060.84,20.3,0,2137.31,21,0,2057.04,20.6,0,2019.6,20,0,1985.37,20.5,0,2016.54,20.5,0,1984.1,20.4,0,2056.41,20,0
"2025-11-14 04:15:00",1868,801,"Chapada_High",11.92,2115.36,20.6,0,2060.91,20.3,0,2137.58,21,0,2055.99,20.5,0,2020.52,20.1,0,1984.95,20.6,0,2014.36,20.5,0,1984.23,20.4,0,2055.27,20,0
"2025-11-14 04:30:00",1869,801,"Chapada_High",11.92,2115.39,20.5,1,2060.93,20.3,0,2137.67,20.9,0,2056.74,20.5,2,2020.57,20,0,1984.5,20.6,0,2013.83,20.5,0,1984.81,20.3,0,2056.29,20,0
"2025-11-14 04:45:00",1870,801,"Chapada_High",11.92,2115.01,20.6,0,2060.56,20.3,0,2136.91,20.9,0,2056.72,20.5,0,2020.58,20.1,0,1984.69,20.6,0,2015.59,20.4,0,1984.31,20.4,0,2055.7,20,0
"2025-11-14 05:00:00",1871,801,"Chapada_High",11.92,2115.3,20.4,0,2061.2,20.2,0,2137.03,20.8,0,2057.12,20.4,0,2019.95,19.9,0,1984.45,20.4,0,2013.85,20.4,0,1982.78,20.3,0,2054.99,19.9,0
"2025-11-14 05:15:00",1872,801,"Chapada_High",11.92,2115.41,20.2,3,2061.15,19.9,0,2137.06,20.7,0,2055.96,20.2,0,2021.26,19.3,0,1984.52,20,0,2015.67,20.1,0,1982.31,19.9,0,2056.75,19.6,0
"2025-11-14 05:30:00",1873,801,"Chapada_High",11.92,2114.92,19.9,0,2061.05,19.6,0,2137.64,20.4,0,2056.26,19.9,0,2020.86,18.9,0,1984.79,19.6,0,2014.06,19.9,0,1983.17,19.6,0,2056.6,19.2,0
"2025-11-14 05:45:00",1874,801,"Chapada_High",11.92,2115.95,19.8,0,2060.4,19.4,0,2136.8,20.2,0,2056.84,19.8,0,2021.21,18.8,0,1984.78,19.3,0,2013.86,19.7,0,1984.07,19.4,0,2056.74,19,0
"2025-11-14 06:00:00",1875,801,"Chapada_High",11.92,2115.25,19.7,3,2061.46,19.3,0,2137.62,20.1,0,2057.04,19.8,0,2020.95,18.7,0,1984.95,19.3,2,2013.92,19.6,0,1982.69,19.3,0,2057.46,19,0
"2025-11-14 06:15:00",1876,801,"Chapada_High",11.92,2115.48,19.7,0,2061.07,19.3,0,2137.34,20.1,0,2056.59,19.8,0,2021.57,18.9,0,1985.5,19.4,4,2013.65,19.5,0,1982.85,19.3,0,2057.01,19,0
"2025-11-14 06:30:00",1877,801,"Chapada_High",11.92,2115.6,20.1,8,2060.84,19.8,0,2137.98,20.3,0,2056.92,20.2,0,2021.24,19.7,0,1985.52,20.1,0,2013.5,19.9,0,1984.47,19.8,2,2056.08,19.5,0
"2025-11-14 06:45:00",1878,801,"Chapada_High",11.92,2115.35,20.8,0,2061.14,20.5,0,2137.84,20.7,0,2057.04,20.9,0,2019.88,20.7,0,1985.52,21,0,2015.73,20.4,0,1984.4,20.7,0,2056.21,20.3,0
"2025-11-14 07:00:00",1879,801,"Chapada_High",11.93,2115.4,21.4,0,2060.43,21.5,0,2137.35,21.3,0,2056.89,21.8,0,2020.17,22,0,1984.91,22.1,0,2015.32,21.2,0,1984.12,21.7,0,2056.16,21.2,0
"2025-11-14 07:15:00",1880,801,"Chapada_High",11.93,2114.74,22.1,0,2060.62,22.4,0,2137.7,22.2,0,2057.9,23.4,0,2019.88,23.4,0,1984.84,23.2,0,2014.09,22.1,6,1984.32,22.9,0,2056.46,22.4,0
"2025-11-14 07:30:00",1881,801,"Chapada_High",11.92,2114.91,23,0,2059.93,23.3,0,2138.24,23,0,2057.58,24.3,0,2019.96,25.1,0,1985.65,24.4,0,2014.15,23.1,0,1984.27,24.1,0,2055.52,23.4,0
"2025-11-14 07:45:00",1882,801,"Chapada_High",11.93,2114.38,23,0,2060.13,23.3,0,2137.75,23.1,0,2056.47,24.1,0,2019.8,24.3,0,1985.14,24.6,0,2013.32,23.4,0,1982.12,24.1,0,2054.84,23.4,0
"2025-11-14 08:00:00",1883,801,"Chapada_High",11.93,2114.67,23.3,0,2061.62,23.6,0,2137.71,23.4,0,2055.89,24.4,0,2019.68,24.6,0,1984.78,24.8,0,2013.73,24,0,1981.63,24.6,0,2055.09,23.8,0
"2025-11-14 08:15:00",1884,801,"Chapada_High",11.92,2112.76,23.7,6,2061.45,24.1,0,2137.35,23.9,0,2056.96,24.8,0,2019.41,25,1,1983.61,25.2,0,2013.41,24.4,0,1981.62,25.3,0,2054.92,24.5,3
"2025-11-14 08:30:00",1885,801,"Chapada_High",11.92,2111.31,24.3,0,2058.99,24.4,0,2137.52,24.3,0,2057.58,25.2,0,2019.33,25.3,0,1984.45,25.6,0,2012.95,24.7,0,1981.12,25.5,0,2054.48,24.8,0
"2025-11-14 08:45:00",1886,801,"Chapada_High",11.93,2112.37,25.3,0,2058.07,26.3,0,2137.42,25.8,0,2057.08,27.1,0,2017.28,27.1,0,1983,27.5,0,2012.09,25.9,0,1980.06,27,0,2054.47,25.7,0
"2025-11-14 09:00:00",1887,801,"Chapada_High",11.93,2111.5,26.6,0,2059.39,27.4,0,2138.35,28.3,0,2055.77,29,2,2015.93,28.6,0,1983.8,29.4,0,2009.86,27.2,0,1980.14,28.9,0,2056.19,26.8,0
"2025-11-14 09:15:00",1888,801,"Chapada_High",11.93,2110.57,27.8,0,2058.3,28.4,0,2137.1,29.7,0,2055.51,30.9,0,2013.46,30.5,0,1983.05,30.9,0,2009.4,28.5,0,1978.61,30.6,0,2056.05,27.7,0
"2025-11-14 09:30:00",1889,801,"Chapada_High",11.93,2110.62,29.2,0,2057.72,29.7,0,2135.16,31.1,0,2054.7,31.8,0,2011.59,31.8,2,1980.82,32.6,0,2008.72,29.8,0,1976.94,32.2,0,2055.9,28.7,0
"2025-11-14 09:45:00",1890,801,"Chapada_High",11.93,2109.52,30,1,2056.13,30.5,0,2134.29,32.5,0,2053.59,32.7,0,2013.06,32,0,1979.47,32.6,0,2007.17,31.4,0,1975.34,33.3,0,2054.79,29.1,0
"2025-11-14 10:00:00",1891,801,"Chapada_High",11.93,2108.69,30.7,0,2055.37,31.5,0,2132.85,33.6,0,2052.66,33.4,0,2009.9,32.5,0,1979.59,32.7,0,2005.9,32.1,0,1975.79,35.5,0,2053.69,29.7,0
"2025-11-14 10:15:00",1892,801,"Chapada_High",11.93,2107.37,31.5,0,2053.98,32.3,0,2132.15,34.4,0,2051.74,34.4,0,2008.33,33.3,0,1977.99,33.2,0,2005.51,32.9,0,1974.11,35.7,0,2055.43,31.4,0
"2025-11-14 10:30:00",1893,801,"Chapada_High",11.93,2106.26,32.5,0,2053.43,32.9,0,2131.21,34.6,0,2050.28,34.8,0,2008,33.5,0,1977.84,33.1,0,2005.46,33.3,0,1972.25,35.7,0,2053.65,31.3,0
"2025-11-14 10:45:00",1894,801,"Chapada_High",11.93,2105.7,31,0,2053.02,32.5,0,2129.84,33.7,0,2050.79,33.8,0,2008.91,32.5,0,1977.46,32.1,0,2005.7,32.7,0,1972.52,34.4,0,2053.95,30.8,0
"2025-11-14 11:00:00",1895,801,"Chapada_High",11.93,2104.41,31.9,0,2051.71,33.9,0,2126.88,34.4,0,2049.14,37,0,2007.47,34.1,0,1976.38,33.3,0,2004.88,33.6,0,1971.43,35.7,0,2053.42,32.3,0
"2025-11-14 11:15:00",1896,801,"Chapada_High",11.93,2104.08,32.3,0,2050.38,35,0,2126.01,34.5,0,2047.76,38.2,0,2006.33,36,0,1975.27,33.9,0,2005.8,34.1,0,1969.32,36.1,0,2053.02,33.5,0
"2025-11-14 11:30:00",1897,801,"Chapada_High",11.93,2102.53,32.3,0,2048.58,35.4,0,2123.68,35.5,0,2048.15,38,0,2005.24,35.6,0,1974.96,35,0,2004.91,34.4,0,1968.39,35.9,0,2051.26,34,0
"2025-11-14 11:45:00",1898,801,"Chapada_High",11.93,2101.92,32.2,0,2047.25,35.1,0,2124.48,35.5,0,2049.04,37.9,0,2007.21,35.6,0,1974.31,35.8,0,2003.61,35.4,0,1969.58,35.7,0,2050.59,34,0
"2025-11-14 12:00:00",1899,801,"Chapada_High",11.93,2101.51,33.1,0,2045.59,36.4,0,2121.65,37.3,0,2046.35,40.1,0,2005.35,37,0,1974,36.5,0,2003.66,35.2,0,1969.53,35.2,0,2049.24,35,0
"2025-11-14 12:15:00",1900,801,"Chapada_High",11.93,2098.98,34.5,0,2044.2,37.5,0,2121.23,39.3,0,2045.76,41.7,0,2002.77,37.7,0,1972.9,36.9,3,2001.95,36.5,0,1966.62,35.5,0,2049.21,36.5,0
"2025-11-14 12:30:00",1901,801,"Chapada_High",11.93,2098.81,35.3,0,2043.17,38.4,0,2118.45,40.7,0,2044.58,43.1,0,2000.83,39,0,1972.51,37.9,0,2000.78,38.2,0,1965.92,37.3,0,2046.82,38.5,0
"2025-11-14 12:45:00",1902,801,"Chapada_High",11.93,2097.04,36,0,2041.97,39.3,0,2115.96,41,0,2043.67,43.5,0,2000.08,39.6,0,1970.03,38.2,0,2000.75,38.6,0,1966.14,38.6,0,2045.13,40.1,0
"2025-11-14 13:00:00",1903,801,"Chapada_High",11.93,2095.53,36.6,0,2039.98,40.3,0,2113.85,40.5,0,2043.94,41.4,0,2000.55,39,0,1971.41,38.2,0,2001.46,37.7,0,1964.07,39.3,0,2044.16,40.7,0
"2025-11-14 13:15:00",1904,801,"Chapada_High",11.93,2095.54,35.1,0,2040.5,37.7,0,2111.2,38.2,0,2043.53,38.4,0,2001.98,36.6,0,1970.42,36.9,0,1999.4,36.7,0,1963.81,37.6,0,2043.25,38,0
"2025-11-14 13:30:00",1905,801,"Chapada_High",11.93,2095.94,34.7,0,2040.06,37.3,0,2112.76,36.7,0,2042.6,38.1,0,2000.87,36.9,0,1969.91,36.3,0,1998.6,37.4,0,1964.93,37.2,0,2045.51,36.9,0
"2025-11-14 13:45:00",1906,801,"Chapada_High",11.93,2095.66,34.9,0,2039.78,37.5,0,2109.71,36.3,0,2041.88,39.3,0,1998.7,38.6,0,1970.17,36.6,0,1997.07,38.1,0,1963.35,38.8,0,2044.57,37.2,0
"2025-11-14 14:00:00",1907,801,"Chapada_High",11.93,2094.12,35.5,0,2038.68,38.3,0,2108.3,36.4,0,2040.76,40.9,0,1997.5,40.4,0,1968.79,37.6,0,1996.8,39,0,1960.95,39.3,0,2042.47,39.9,0
"2025-11-14 14:15:00",1908,801,"Chapada_High",11.93,2093.63,36.5,0,2038.31,38.6,0,2108.75,36.9,0,2040.36,41.3,0,1996.13,41.1,0,1968.61,37.7,0,1996.52,39.3,0,1960.06,39.4,0,2040.99,40.2,0
"2025-11-14 14:30:00",1909,801,"Chapada_High",11.93,2092.67,36.1,0,2036.54,39.1,0,2105.82,37.7,0,2040.01,41.7,0,1995.02,42.1,0,1967.86,38,0,1996.46,39.7,0,1958.94,39.6,0,2039.75,41.2,0
"2025-11-14 14:45:00",1910,801,"Chapada_High",11.93,2090.95,36.1,0,2036.69,38.7,0,2104.64,38,0,2039.4,42.7,0,1993.82,42.8,0,1967.37,38.1,0,1993.85,40.2,0,1958.21,40.1,0,2037.9,42,0
"2025-11-14 15:00:00",1911,801,"Chapada_High",11.93,2090.46,35.2,0,2035.74,37.1,0,2103.08,37.1,3,2039.18,40.1,0,1994.58,40.9,0,1967.58,36.8,3,1994.29,39.2,0,1959.46,38.8,0,2038.17,40.2,0
"2025-11-14 15:15:00",1912,801,"Chapada_High",11.93,2091.21,33.7,7,2037.15,35,0,2102.29,35.8,0,2039.42,37,0,1997.22,36.6,0,1967.44,35,2,1996.76,37.1,0,1959.07,36.6,0,2039.33,37,1
"2025-11-14 15:30:00",1913,801,"Chapada_High",11.93,2091.58,32.3,0,2038.02,33.2,0,2103.56,34.4,0,2040.31,34.6,0,1998.81,33.8,0,1967.05,32.9,0,1997.42,35.1,0,1960.91,34.8,0,2038.66,34.2,0
"2025-11-14 15:45:00",1914,801,"Chapada_High",11.93,2092.03,31.9,0,2037.99,32.8,0,2100.94,33.8,0,2040.93,34,0,1998.9,33.6,0,1968.53,32.6,0,1997.02,34.3,0,1961.81,34.4,0,2039.07,34.3,0
"2025-11-14 16:00:00",1915,801,"Chapada_High",11.93,2091.49,31.7,0,2038.44,32,0,2100.67,33.1,0,2040.51,32.9,0,2000.01,32.3,0,1968.01,31.7,0,1996.12,33.2,0,1960.76,33.3,0,2038.58,33,0
"2025-11-14 16:15:00",1916,801,"Chapada_High",11.93,2091.21,31,0,2037.95,31.5,0,2101.42,32.4,0,2041.47,32,0,2001.86,31.4,0,1968.91,31.1,0,1996.55,32.1,0,1961.39,32.3,0,2039.2,31.8,0
"2025-11-14 16:30:00",1917,801,"Chapada_High",11.93,2090.43,30.5,0,2038.3,30.9,0,2099.11,32.1,0,2040.73,31.5,0,2002.24,31,0,1968.6,30.7,0,1996.6,31.5,0,1961.63,31.8,0,2039.09,31.1,0
"2025-11-14 16:45:00",1918,801,"Chapada_High",11.93,2090.38,30.9,0,2037.73,31.2,2,2100.75,32.2,1,2040.73,32.2,0,2000.13,31.9,0,1968.78,31.2,0,1996.62,31.5,0,1962.48,32.4,0,2037.56,31.7,0
"2025-11-14 17:00:00",1919,801,"Chapada_High",11.93,2090.63,30.4,0,2037.49,30.6,0,2098.29,31.7,0,2040.39,31.3,0,2002.28,31.1,0,1968.26,30.6,0,1997.15,30.9,0,1961.66,31.6,0,2037.47,31,1
"2025-11-14 17:15:00",1920,801,"Chapada_High",11.93,2089.97,29.8,6,2038.19,29.8,0,2099.11,31.1,0,2040.73,30.5,0,2002.43,30.2,0,1968.11,29.9,0,1996.83,30.4,0,1962.12,30.8,0,2036.74,30.2,0
"2025-11-14 17:30:00",1921,801,"Chapada_High",11.93,2089.71,29.3,0,2038.45,29.3,0,2098.55,30.5,0,2040.77,29.8,0,2003.48,29.3,0,1969.14,29.2,0,1997.29,29.6,0,1960.56,30.4,0,2037.32,29.6,0
"2025-11-14 17:45:00",1922,801,"Chapada_High",11.93,2089.44,28.6,0,2038.33,28.4,0,2098.49,29.8,0,2040.65,28.9,0,2004.12,28.3,0,1966.99,28.2,0,1997.14,28.8,0,1961.3,29.3,0,2037.18,28.8,0
"2025-11-14 18:00:00",1923,801,"Chapada_High",11.93,2090,28.1,0,2038.58,27.8,0,2097.39,29.2,0,2040.77,28.2,0,2004.68,27.7,0,1968.31,27.6,0,1997.16,28.2,0,1960.88,28.6,0,2036.65,28,0
"2025-11-14 18:15:00",1924,801,"Chapada_High",11.93,2089.67,27.6,0,2039.28,27.4,0,2097.73,28.7,0,2041.2,27.7,0,2005.04,27.1,0,1968.63,27.1,0,1997.91,27.7,0,1961.55,27.9,0,2035.89,27.4,0
"2025-11-14 18:30:00",1925,801,"Chapada_High",11.93,2090,27.3,0,2037.35,26.9,0,2095.21,28.3,0,2041.44,27.3,0,2005.66,26.6,0,1968.63,26.7,0,1998.15,27.3,0,1961.39,27.4,0,2034.82,26.9,0
"2025-11-14 18:45:00",1926,801,"Chapada_High",11.93,2089.4,26.9,0,2038.32,26.6,0,2095.31,27.8,0,2041.65,26.7,0,2005.76,26,0,1968.64,26.2,0,1999.63,26.9,0,1961.96,27,0,2034.72,26.4,0
"2025-11-14 19:00:00",1927,801,"Chapada_High",11.93,2089.45,26.4,0,2037.85,26,0,2094.23,27.3,0,2041.04,26.2,0,2006.38,25.4,0,1968.15,25.5,0,1999.54,26.4,0,1961.58,26.5,0,2034.88,25.8,0
"2025-11-14 19:15:00",1928,801,"Chapada_High",11.93,2090.75,25.9,0,2038.53,25.5,0,2094.51,26.8,0,2041.48,25.6,0,2007.02,24.8,0,1968.65,24.9,0,1999.57,25.9,0,1961.83,25.8,0,2034.99,25.2,0
"2025-11-14 19:30:00",1929,801,"Chapada_High",11.93,2090.05,25.5,0,2039.32,25,0,2094.8,26.4,0,2041.61,25.1,0,2007.75,24.3,0,1970.56,24.4,0,1999.86,25.4,0,1962.36,25.2,0,2035.96,24.8,0
"2025-11-14 19:45:00",1930,801,"Chapada_High",11.93,2091.33,25.1,0,2039.81,24.7,0,2094.13,26.1,0,2041.84,24.7,0,2007.53,23.8,0,1969.19,24,0,2000.21,25,0,1963.55,24.8,0,2036.01,24.3,0
"2025-11-14 20:00:00",1931,801,"Chapada_High",11.93,2090.94,24.8,0,2040.38,24.3,0,2094.18,25.7,0,2041.54,24.5,0,2008.29,23.6,0,1970.38,23.8,0,2000.38,24.7,0,1962.68,24.5,0,2036.19,24,0
"2025-11-14 20:15:00",1932,801,"Chapada_High",11.93,2090.41,24.6,0,2039.35,24.1,0,2094.57,25.5,0,2041.49,24.2,0,2007.75,23.5,0,1970.65,23.6,0,2000.37,24.4,0,1965.26,24.2,0,2035.71,23.7,0
"2025-11-14 20:30:00",1933,801,"Chapada_High",11.93,2090.54,24.4,0,2040.87,23.9,0,2094.18,25.3,0,2043.47,23.9,0,2007.22,23.3,0,1969.85,23.3,0,2000,24.1,0,1965.59,23.9,0,2035.45,23.5,0
"2025-11-14 20:45:00",1934,801,"Chapada_High",11.93,2090.76,24.2,0,2039.33,23.7,0,2093.86,25,0,2042.31,23.7,0,2007.25,23.2,0,1970.35,23.1,2,2000.3,23.9,0,1965.04,23.7,5,2036.93,23.3,0
"2025-11-14 21:00:00",1935,801,"Chapada_High",11.93,2091.15,24.1,0,2040.28,23.6,0,2094.26,24.9,0,2043.45,23.7,0,2007.62,23.2,0,1970.04,23.1,0,2000.63,23.8,0,1965.59,23.7,0,2036.2,23.2,0
"2025-11-14 21:15:00",1936,801,"Chapada_High",11.92,2092.03,24.1,0,2040.55,23.6,0,2094.45,24.8,0,2043.19,23.7,0,2008.01,23.1,0,1970.91,23.2,0,2000.61,23.7,0,1965.72,23.6,0,2036.13,23.3,0
"2025-11-14 21:30:00",1937,801,"Chapada_High",11.93,2092.49,23.9,0,2040.11,23.4,0,2094.41,24.6,0,2042.47,23.5,0,2008.79,22.7,0,1970.77,22.9,0,2000.31,23.6,0,1966.71,23.3,0,2036.18,23.1,0
"2025-11-14 21:45:00",1938,801,"Chapada_High",11.92,2093.09,23.9,0,2040.94,23.4,0,2094.67,24.5,0,2043.81,23.6,0,2009.79,22.9,0,1971.71,23.1,3,2001.43,23.6,0,1966.93,23.4,0,2036.37,23.1,0
"2025-11-14 22:00:00",1939,801,"Chapada_High",11.93,2092.91,24.1,0,2040.5,23.6,0,2094.56,24.6,0,2044.92,23.8,0,2008.86,23.2,0,1970.99,23.5,0,2000.13,23.8,0,1967.12,23.6,0,2035.85,23.4,0
"2025-11-14 22:15:00",1940,801,"Chapada_High",11.93,2091.92,24.2,14,2040.22,23.7,0,2094.9,24.6,0,2043.6,24,0,2009.22,23.3,0,1971.22,23.6,0,2000.36,23.9,0,1966.18,23.7,0,2036.3,23.5,0
"2025-11-14 22:30:00",1941,801,"Chapada_High",11.92,2091.7,24.3,5,2040.43,23.8,0,2094.68,24.7,0,2044.76,24.1,0,2008.08,23.5,0,1971.99,23.8,0,2000.89,23.9,0,1967.18,23.9,0,2036.86,23.6,0
"2025-11-14 22:45:00",1942,801,"Chapada_High",11.93,2091.03,24.3,0,2041.15,23.9,0,2094.82,24.7,0,2043.75,24.1,0,2010.1,23.6,0,1972.99,23.9,0,2000.2,24,0,1965.26,23.9,0,2036.8,23.7,0
"2025-11-14 23:00:00",1943,801,"Chapada_High",11.93,2092.11,24.3,0,2040.46,23.9,0,2094.96,24.6,0,2044.69,24.1,0,2009.13,23.5,0,1972.47,23.9,0,2000.45,24,0,1967.89,23.9,0,2036.37,23.7,0
"2025-11-14 23:15:00",1944,801,"Chapada_High",11.92,2091.81,24.2,0,2040.28,23.8,0,2094.55,24.5,0,2045.36,24,0,2008.86,23.4,0,1971.11,23.7,0,2000.47,23.9,0,1966.63,23.8,0,2036.2,23.6,0
"2025-11-14 23:30:00",1945,801,"Chapada_High",11.92,2092.96,24.1,0,2040.2,23.7,0,2094.53,24.4,0,2044.18,23.9,0,2009.31,23.3,0,1971.86,23.6,0,2000.98,23.8,0,1967.75,23.7,0,2037.22,23.5,0
"2025-11-14 23:45:00",1946,801,"Chapada_High",11.92,2092.04,23.9,0,2040.56,23.6,0,2094.3,24.3,0,2044.47,23.8,0,2009.13,23.1,0,1971.27,23.5,3,2001.22,23.7,0,1967.74,23.5,0,2036.63,23.3,0
"2025-11-15 00:00:00",1947,801,"Chapada_High",11.92,2093.07,23.8,0,2040.7,23.4,0,2094.35,24.2,0,2045.13,23.6,0,2010.19,22.9,0,1971.35,23.3,1,2001.09,23.5,0,1967.52,23.3,0,2036.5,23.1,0
"2025-11-15 00:15:00",1948,801,"Chapada_High",11.92,2093.12,23.4,0,2040.42,23,0,2094.45,24,0,2044.85,23.2,0,2009.78,22.4,0,1971.7,22.8,0,2001.39,23.2,0,1968.34,23,0,2036.79,22.7,0
"2025-11-15 00:30:00",1949,801,"Chapada_High",11.92,2092.87,23.2,0,2041.38,22.8,0,2094.48,23.8,0,2044.34,22.9,6,2009.66,22.4,0,1971.72,22.5,0,2001.46,23,0,1967.72,22.8,0,2036.74,22.4,0
"2025-11-15 00:45:00",1950,801,"Chapada_High",11.93,2093.15,23.2,0,2040.97,22.8,0,2094.69,23.7,0,2045.05,22.9,0,2010.07,22.4,0,1971.88,22.6,0,2001.5,23,0,1968.32,22.8,0,2037.24,22.5,0
"2025-11-15 01:00:00",1951,801,"Chapada_High",11.92,2093.85,23.3,0,2040.79,22.8,0,2094.06,23.7,0,2043.97,23,0,2009.49,22.5,0,1972.29,22.8,0,2000.36,23,0,1968.25,22.8,0,2036.65,22.6,0
"2025-11-15 01:15:00",1952,801,"Chapada_High",11.92,2092.92,23.3,0,2041,22.9,0,2094.63,23.7,0,2045.22,23.1,0,2009.67,22.7,0,1972.2,23,0,2000.79,23,0,1968.07,22.9,0,2036.58,22.7,0
"2025-11-15 01:30:00",1953,801,"Chapada_High",11.92,2094.28,23.3,0,2040.93,22.9,0,2094.22,23.7,0,2044.82,23,0,2010.39,22.6,0,1971.8,22.9,0,2000.96,23.1,0,1968.49,22.9,0,2037.28,22.7,0
"2025-11-15 01:45:00",1954,801,"Chapada_High",11.92,2093.98,23.2,0,2040.99,22.8,0,2093.92,23.6,0,2045.58,22.9,0,2010.62,22.5,0,1972.41,22.8,0,2001.19,23,0,1968.6,22.8,0,2036.75,22.6,0
"2025-11-15 02:00:00",1955,801,"Chapada_High",11.92,2093.83,23.1,0,2041.04,22.7,0,2094.45,23.6,0,2045.14,22.9,0,2010.28,22.4,0,1971.76,22.7,0,2000.86,22.9,0,1968.11,22.7,0,2036.82,22.4,0
"2025-11-15 02:15:00",1956,801,"Chapada_High",11.92,2093.5,23,0,2041.43,22.6,0,2094.49,23.5,0,2045.43,22.7,0,2010.25,22.4,0,1972.21,22.6,0,2001.58,22.8,0,1969.11,22.6,0,2036.83,22.4,0
"2025-11-15 02:30:00",1957,801,"Chapada_High",11.92,2094.38,22.7,0,2041.33,22.3,0,2093.51,23.2,0,2045.13,22.4,0,2010.76,21.8,0,1971.86,22.1,0,2001.34,22.6,0,1968.49,22.3,0,2036.83,22.1,0
"2025-11-15 02:45:00",1958,801,"Chapada_High",11.92,2093.92,22.4,0,2041.1,22,0,2094.39,22.9,0,2045.39,22,0,2012.18,21.3,0,1972.37,21.7,0,2001.06,22.2,0,1968.76,21.8,0,2037.18,21.6,0
"2025-11-15 03:00:00",1959,801,"Chapada_High",11.93,2094.74,22.2,0,2040.96,21.8,0,2094.4,22.6,0,2045.6,21.8,0,2011.21,21,0,1972.41,21.4,0,2001.06,22,0,1968.3,21.5,0,2037.54,21.4,0
"2025-11-15 03:15:00",1960,801,"Chapada_High",11.92,2094.76,21.9,0,2041.84,21.5,0,2094.87,22.4,0,2046.22,21.6,0,2012.48,20.8,0,1972.53,21.2,0,2000.89,21.8,0,1968.54,21.3,0,2037.62,21.1,0
"2025-11-15 03:30:00",1961,801,"Chapada_High",11.92,2093.99,21.8,0,2041.62,21.3,0,2093.89,22.3,0,2046.47,21.3,0,2012.43,20.7,0,1973.26,21.1,0,2002.18,21.6,0,1969.12,21.2,0,2037.71,21,0
"2025-11-15 03:45:00",1962,801,"Chapada_High",11.92,2094.5,21.8,0,2042.02,21.4,0,2094.24,22.3,0,2045.16,21.5,0,2011.55,20.9,5,1972.8,21.3,0,2001.02,21.6,0,1969.55,21.3,0,2038.11,21.1,0
"2025-11-15 04:00:00",1963,801,"Chapada_High",11.92,2094.45,21.8,0,2042.49,21.4,0,2094.45,22.3,0,2046.44,21.5,0,2011.75,20.8,0,1973.36,21.3,0,2002.32,21.6,0,1969.78,21.3,0,2037.8,21.1,0
"2025-11-15 04:15:00",1964,801,"Chapada_High",11.92,2095.15,21.7,0,2042,21.3,0,2094.44,22.2,0,2045.29,21.3,0,2011.96,20.6,0,1972.89,21,0,2002.07,21.5,0,1968.64,21.1,0,2037.38,20.9,0
"2025-11-15 04:30:00",1965,801,"Chapada_High",11.92,2094.59,21.5,0,2042.19,21,0,2093.96,22,0,2046.59,21,0,2012.92,20.4,0,1973.23,20.7,0,2001.66,21.2,0,1969.41,20.9,0,2037.7,20.6,0
"2025-11-15 04:45:00",1966,801,"Chapada_High",11.92,2094.9,21.3,0,2041.93,20.9,0,2094.9,21.8,0,2045.98,20.9,0,2012.9,20.2,0,1973.47,20.6,0,2002.98,21,0,1969.94,20.6,0,2038.17,20.5,0
"2025-11-15 05:00:00",1967,801,"Chapada_High",11.92,2094.77,21.2,0,2042.2,20.7,0,2094.37,21.6,0,2046.78,20.9,0,2012.24,20,0,1973.2,20.5,0,2002.52,20.9,0,1968.75,20.5,0,2038.12,20.4,0
"2025-11-15 05:15:00",1968,801,"Chapada_High",11.92,2094.47,21,0,2042.96,20.6,0,2095.43,21.5,7,2045.94,20.6,0,2012.61,19.7,0,1973.15,20.3,0,2002.14,20.8,0,1968.93,20.3,0,2037.42,20.1,0
"2025-11-15 05:30:00",1969,801,"Chapada_High",11.92,2094.92,20.8,0,2042.82,20.4,0,2094.8,21.4,0,2046.67,20.5,0,2014,19.6,0,1973.87,20.1,0,2000.59,20.6,0,1968.52,20.2,0,2038.25,20,0
"2025-11-15 05:45:00",1970,801,"Chapada_High",11.92,2095.3,20.7,0,2042.79,20.3,0,2094.56,21.3,0,2046.06,20.5,0,2013.19,19.5,0,1974.11,20,0,2000.44,20.5,0,1970.44,20.1,0,2040.13,19.9,0
"2025-11-15 06:00:00",1971,801,"Chapada_High",11.92,2095.07,20.7,0,2043.01,20.2,0,2094.8,21.2,0,2047.5,20.5,0,2013.97,19.5,0,1974.25,20.1,0,2002.25,20.4,0,1969.26,20.1,1,2039.36,19.9,0
"2025-11-15 06:15:00",1972,801,"Chapada_High",11.92,2095.6,20.7,0,2042.46,20.3,0,2094.9,21.2,0,2046.48,20.5,0,2013.8,19.7,0,1973.7,20.1,0,2002.91,20.5,0,1970.46,20.2,0,2039.58,19.9,0
"2025-11-15 06:30:00",1973,801,"Chapada_High",11.92,2095.97,20.9,0,2042.52,20.5,0,2095.84,21.2,0,2047.17,20.8,0,2012.82,20.2,0,1974.66,20.6,0,2002.91,20.7,0,1970.56,20.6,0,2038.28,20.2,0
"2025-11-15 06:45:00",1974,801,"Chapada_High",11.92,2095.42,21.5,12,2043.19,21.2,0,2095.37,21.6,0,2047.07,21.5,0,2012.74,21.3,0,1973.72,21.6,0,2002.46,21.2,0,1971.34,21.4,0,2039.28,21,0
"2025-11-15 07:00:00",1975,801,"Chapada_High",11.92,2095.9,22.5,0,2042.72,22.2,0,2095.47,22.2,0,2046.49,22.6,0,2011.81,22.7,0,1973.56,22.8,0,2001.91,22,0,1970.68,22.4,0,2038.76,22.1,0
"2025-11-15 07:15:00",1976,801,"Chapada_High",11.93,2094.49,23.3,9,2042.7,23.6,0,2096.23,22.9,0,2047.93,23.7,0,2011.29,24.1,0,1974.66,24.1,0,2001.87,22.9,0,1969.58,23.6,0,2038.29,23.1,0
"2025-11-15 07:30:00",1977,801,"Chapada_High",11.93,2095.13,23.4,0,2042.56,23.5,0,2095.88,23.4,0,2047.97,23.8,2,2011.7,23.8,0,1975.01,24.1,1,2002.07,23.2,0,1970.56,23.8,3,2037.83,23.3,0
"2025-11-15 07:45:00",1978,801,"Chapada_High",11.93,2095.01,23.2,0,2042.31,23.3,0,2096.12,23.4,0,2048.01,23.8,0,2011.66,23.8,0,1974.42,24,0,2001.85,23.3,0,1970.02,23.7,0,2037.82,23.2,1
"2025-11-15 08:00:00",1979,801,"Chapada_High",11.92,2093.9,23.8,0,2042.92,24,0,2095.93,23.9,0,2046.46,24.7,0,2011.05,24.9,0,1972.84,25.1,0,2000.24,24,0,1970.29,24.5,0,2037.87,24.1,2
"2025-11-15 08:15:00",1980,801,"Chapada_High",11.93,2093.39,24.5,0,2043.38,24.8,0,2096.25,24.6,0,2047.43,25.5,0,2010.53,25.7,0,1972.57,25.9,0,2001.19,25.1,0,1969.06,25.5,0,2037.23,24.9,0
"2025-11-15 08:30:00",1981,801,"Chapada_High",11.92,2094.06,25.2,9,2041.91,25.6,0,2095.75,25.3,0,2047.02,26.5,0,2010.04,26.7,0,1973.03,26.9,0,2000.31,25.9,0,1968.28,27.3,0,2036.45,25.8,0
"2025-11-15 08:45:00",1982,801,"Chapada_High",11.92,2092.93,25.7,0,2041.42,26.1,0,2095.99,25.9,0,2047.32,27.1,0,2008.91,27.3,0,1972.01,27.5,0,1999.99,26.3,0,1968.16,27.5,0,2036.81,26.7,0
"2025-11-15 09:00:00",1983,801,"Chapada_High",11.93,2092.43,27.5,0,2041.85,27.8,0,2096.28,27.6,0,2045.88,29.1,0,2007.34,29.2,0,1973.3,29.6,0,1997.47,27.6,0,1966.7,29.2,0,2037.32,27.7,0
"2025-11-15 09:15:00",1984,801,"Chapada_High",11.93,2092.96,28.8,0,2041.25,29.9,0,2099.11,30.2,0,2046.45,31.4,0,2005.7,31,0,1972.45,31.2,0,1996.46,29.2,0,1966.41,31.3,0,2035.89,28.9,0
"2025-11-15 09:30:00",1985,801,"Chapada_High",11.93,2091.02,28.4,0,2040.97,29.2,0,2097.51,30,0,2045.15,31.2,0,2006.27,30.2,0,1971.45,30.4,0,1997.19,29.1,0,1966.15,30.8,0,2037.33,28.5,0
"2025-11-15 09:45:00",1986,801,"Chapada_High",11.93,2091.37,29.6,0,2040.36,30.3,0,2095.31,31.4,0,2045.48,32.4,0,2003.2,32.5,0,1971.17,31.5,0,1996.37,30.4,0,1963.75,32.5,0,2037.01,29.4,0
"2025-11-15 10:00:00",1987,801,"Chapada_High",11.93,2090.34,30.8,0,2038.74,31.4,0,2095.61,32.6,0,2044.44,33.4,0,2002.24,32.9,0,1969.84,33.3,0,1995.48,31.8,0,1963.04,34.1,0,2036.57,30.2,0
"2025-11-15 10:15:00",1988,801,"Chapada_High",11.93,2089.93,31.8,0,2038.33,32.6,0,2093.04,33.8,0,2042.79,34.3,0,2001.64,33.6,0,1968.55,33.7,0,1994.87,33.6,0,1963.4,35.9,0,2036.3,31.1,0
"2025-11-15 10:30:00",1989,801,"Chapada_High",11.93,2089.04,31.1,0,2037.49,31.9,1,2092.18,33,0,2043.31,33.8,0,2002.18,32.8,0,1968.65,32.5,0,1994.92,33.1,0,1961.27,35.2,0,2036.54,31.4,0
"2025-11-15 10:45:00",1990,801,"Chapada_High",11.93,2088.36,32.2,0,2037.1,32.7,0,2091.31,33.3,0,2040.81,34.9,0,2000.98,33.8,0,1967.32,33,0,1995.26,33.6,0,1960.99,35.3,0,2036.49,32.2,0
"2025-11-15 11:00:00",1991,801,"Chapada_High",11.93,2087.38,32.8,0,2035.47,34.8,0,2091.37,33.7,0,2041.1,36.8,0,1999.31,34.7,0,1967.09,33.8,0,1995.8,34.4,0,1960.43,36.1,5,2035.17,33.2,0
"2025-11-15 11:15:00",1992,801,"Chapada_High",11.93,2086.62,32.8,0,2034.06,35.2,0,2091.42,34.2,0,2040.32,38,0,1998.78,35.3,0,1966.77,34.2,0,1995.69,34.6,0,1957.28,36.3,8,2034.61,34,0
"2025-11-15 11:30:00",1993,801,"Chapada_High",11.93,2085.47,32.6,0,2031.89,35.4,0,2088.02,34.8,0,2040.41,38.2,0,1997.64,35.7,0,1964.92,34.7,0,1994.31,35,0,1957.79,36.1,0,2033.78,34.5,0
"2025-11-15 11:45:00",1994,801,"Chapada_High",11.93,2085.46,32.5,0,2034.05,35.1,0,2088.71,35.1,0,2040.98,37.9,0,1998.48,35.8,0,1963.85,35.8,0,1993.82,35.4,0,1957.36,35.4,0,2032.9,34.5,0
"2025-11-15 12:00:00",1995,801,"Chapada_High",11.93,2083.95,33.4,0,2030.62,36.3,0,2088.84,37.3,0,2038.87,40.2,0,1996.9,37,0,1963.2,36.6,0,1992.66,35.9,0,1958.1,34.6,0,2032.59,35.4,0
"2025-11-15 12:15:00",1996,801,"Chapada_High",11.93,2082.68,34.4,0,2029.35,37.5,0,2086.99,39.5,0,2037.2,42,0,1995.61,38.2,0,1963.19,37,0,1991.69,36.9,0,1956.59,35.8,0,2031.98,37.1,0
"2025-11-15 12:30:00",1997,801,"Chapada_High",11.93,2082.19,35.2,0,2028.29,38.5,0,2085.47,40.7,0,2035.63,43.3,0,1994.44,39,0,1963.08,37.4,0,1990.92,38.5,0,1956.36,37,0,2030.69,38.2,0
"2025-11-15 12:45:00",1998,801,"Chapada_High",11.93,2080.4,35.8,0,2026.66,39.4,0,2082.61,41.2,0,2034.78,43.3,0,1995.03,38.9,0,1962.7,37.6,0,1991.84,38.5,0,1955.6,38,0,2028.66,39.6,0
"2025-11-15 13:00:00",1999,801,"Chapada_High",11.93,2080.62,36.7,0,2024.5,40.3,0,2081.15,40.6,0,2035.55,41.5,0,1995.02,38.1,0,1962.15,37.9,0,1991.72,37.9,0,1954.63,38.9,0,2027.18,40.7,0
"2025-11-15 13:15:00",2000,801,"Chapada_High",11.93,2078.4,36.3,0,2025.47,39.1,0,2077.81,39.5,0,2035.18,40.8,0,1994.03,37.6,0,1961.06,37.3,0,1989.46,37.9,0,1954.91,38.7,0,2027.59,39.2,0
"2025-11-15 13:30:00",2001,801,"Chapada_High",11.93,2077.85,36.2,0,2024.96,39.3,0,2076.82,37.9,0,2033.45,40.5,0,1992.23,39.6,0,1961.28,37.4,0,1989.25,38.6,0,1953.77,38.7,0,2028.12,38.2,0
"2025-11-15 13:45:00",2002,801,"Chapada_High",11.93,2078.47,36.3,0,2024.07,39,0,2077.79,37.4,0,2032.66,40.8,0,1991.8,40.2,0,1959.36,38.5,0,1988.44,39.4,0,1953.27,38.9,0,2026.99,38.1,0
"2025-11-15 14:00:00",2003,801,"Chapada_High",11.93,2077.26,36.3,0,2023.58,39,0,2075.1,37.5,0,2033.24,41.5,0,1990.66,41,0,1959.59,38.6,0,1985.59,40.5,0,1951.7,39.7,0,2026.32,39.1,0
"2025-11-15 14:15:00",2004,801,"Chapada_High",11.93,2076.91,36.4,2,2023.56,39.4,0,2074.32,38,0,2031.94,42.2,0,1988.87,42.4,0,1957.85,38.7,0,1984.59,40.8,0,1949.71,41.1,4,2023.89,41.2,0
"2025-11-15 14:30:00",2005,801,"Chapada_High",11.93,2076.23,36.4,0,2022.59,38.2,0,2073.35,37.2,0,2031.93,40.7,0,1990.5,40.7,0,1958.81,37.4,0,1986.27,39.7,0,1948.98,39.5,0,2023.12,40.7,0
"2025-11-15 14:45:00",2006,801,"Chapada_High",11.93,2075.52,35.6,0,2021.88,38.3,0,2074.23,36.8,0,2031.77,39.3,0,1989.41,39.1,0,1958.93,36.2,0,1985.47,39.1,0,1948.9,38.5,0,2023.48,39.3,0
"2025-11-15 15:00:00",2007,801,"Chapada_High",11.93,2075.96,35.7,0,2021.51,38.3,0,2070.99,37.9,0,2031.31,40.1,0,1988.02,41.2,0,1958.36,37.1,0,1984.39,39.8,0,1949.29,39.3,0,2021.1,41.1,0
"2025-11-15 15:15:00",2008,801,"Chapada_High",11.93,2075.48,35.6,0,2021.94,37.9,0,2072.09,38.1,0,2031.19,40.5,0,1989.17,40.7,0,1958.31,36.7,0,1984.03,40.1,0,1948.1,39.4,0,2020.94,40.6,0
"2025-11-15 15:30:00",2009,801,"Chapada_High",11.93,2075.14,33.7,0,2023.2,34.9,0,2070.08,35.8,0,2030.91,36.6,0,1991.34,36.1,0,1957.22,34.3,0,1987.72,36.9,0,1949.76,36.3,0,2023.35,36.4,0
"2025-11-15 15:45:00",2010,801,"Chapada_High",11.93,2076.1,33,0,2023.43,34,0,2070.07,35,0,2030.91,35.2,0,1991.79,34.7,0,1958.26,33.4,0,1987.63,36,0,1950.23,35.2,0,2023.18,35.1,0
"2025-11-15 16:00:00",2011,801,"Chapada_High",11.93,2074.49,33.4,0,2023.27,34.5,0,2069.53,35.1,0,2031.32,35.7,0,1991.71,35.8,0,1957.39,33.9,0,1987.37,36,0,1950.21,36.6,0,2020.83,36.7,0
"2025-11-15 16:15:00",2012,801,"Chapada_High",11.93,2073.76,34.4,0,2022.31,35.3,0,2066.66,35.9,0,2030.94,36.1,0,1990.56,36.8,0,1958.94,34.9,0,1987.07,36.4,0,1948.09,37.5,0,2020.63,38.5,0
"2025-11-15 16:30:00",2013,801,"Chapada_High",11.93,2074.59,34,0,2022.6,34,0,2066.63,34.9,0,2031.35,34.5,0,1992.88,34.4,0,1956.61,33.4,0,1987.13,35,0,1948.22,35.6,0,2020.43,35.6,0
"2025-11-15 16:45:00",2014,801,"Chapada_High",11.93,2074.62,32.1,0,2023.04,32.5,0,2066.39,33.4,0,2030.54,32.6,0,1992.85,32.2,0,1957.42,31.6,0,1986.62,33.2,0,1949.68,33.5,0,2019.64,33,0
"2025-11-15 17:00:00",2015,801,"Chapada_High",11.93,2074.93,31.2,0,2023.77,31.4,0,2067.3,32.6,0,2030.28,32.1,0,1995.07,31.4,0,1957.87,31,0,1986.52,32.1,0,1950.13,32.6,0,2019.26,31.8,0
"2025-11-15 17:15:00",2016,801,"Chapada_High",11.93,2075.24,30.9,0,2023.95,31,0,2065.4,32.1,0,2031.4,31.5,0,1995.07,31.3,0,1958.09,30.8,0,1986.8,31.5,0,1950.6,32.1,0,2018.63,31.3,0
"2025-11-15 17:30:00",2017,801,"Chapada_High",11.93,2075.03,30.8,0,2023.88,31.1,0,2067.25,32,0,2031.62,31.6,0,1994.53,31.5,0,1958.29,31.2,0,1986.43,31.2,0,1951.39,32.2,0,2021.19,31.4,0
"2025-11-15 17:45:00",2018,801,"Chapada_High",11.93,2075.09,30.6,0,2023.48,31.1,0,2064.71,31.9,0,2031.3,31.7,0,1994.34,31.7,0,1958.18,31.4,0,1986.83,31.3,0,1952.17,32.4,0,2021.06,31.6,0
"2025-11-15 18:00:00",2019,801,"Chapada_High",11.93,2075.21,30.3,0,2023.39,31,0,2064.16,31.8,0,2031.16,31.7,0,1994.71,31.5,0,1958.07,31.3,0,1986.3,31.1,0,1949.87,32.4,0,2019.7,31.8,0
"2025-11-15 18:15:00",2020,801,"Chapada_High",11.93,2074.71,30.1,0,2023.88,30.3,0,2065.4,31.3,0,2030.62,31,0,1995.44,30.6,0,1958.44,30.5,0,1987.35,30.5,0,1951.61,31.5,0,2020.31,31.2,0
"2025-11-15 18:30:00",2021,801,"Chapada_High",11.93,2074.45,29.3,0,2023.57,29.4,0,2065.55,30.5,0,2031.82,29.8,0,1996.27,29.2,0,1958.06,29,0,1986.96,29.6,0,1949.93,30.2,0,2018.34,29.9,0
"2025-11-15 18:45:00",2022,801,"Chapada_High",11.93,2073.77,28.5,0,2024.18,28.3,0,2064.64,29.7,0,2031.07,28.6,0,1997.58,27.9,0,1958.09,27.8,0,1987.93,28.6,0,1949.66,28.9,0,2018.9,28.5,0
"2025-11-15 19:00:00",2023,801,"Chapada_High",11.93,2074.62,27.8,0,2024.76,27.5,0,2064.66,28.9,0,2031.52,27.7,0,1998.26,26.8,0,1958.03,27,0,1987.12,27.9,0,1950.46,28.1,0,2018.92,27.5,0
"2025-11-15 19:15:00",2024,801,"Chapada_High",11.93,2074.47,27,0,2023.94,26.7,0,2062.34,28.1,0,2032.89,26.8,0,1999,25.8,0,1957.05,26,0,1987.92,27.1,0,1950.19,27.2,0,2018.55,26.6,0
"2025-11-15 19:30:00",2025,801,"Chapada_High",11.92,2074.55,26.4,0,2024.04,26.1,0,2062.73,27.6,0,2031.9,26.1,0,1999.75,25.2,0,1958.24,25.5,0,1989.52,26.5,0,1950.91,26.4,0,2018.23,25.8,0
"2025-11-15 19:45:00",2026,801,"Chapada_High",11.93,2075.05,26,0,2024.18,25.6,0,2062.53,27.1,0,2032.04,25.6,0,1999.7,24.9,4,1959.38,25,10,1989.83,25.9,0,1952.86,25.7,0,2019.53,25.3,0
"2025-11-15 20:00:00",2027,801,"Chapada_High",11.93,2074.98,25.7,0,2026.27,25.2,0,2061.37,26.7,0,2032.99,25.2,0,2000.47,24.7,0,1959.38,24.6,10,1989.75,25.5,0,1952.31,25.3,0,2019.45,24.9,0
"2025-11-15 20:15:00",2028,801,"Chapada_High",11.93,2075.65,25.4,0,2026.27,24.8,0,2061.81,26.3,13,2033.36,24.9,0,2000.64,24.5,0,1957.69,24.3,0,1989.42,25.2,0,1953.29,25,0,2019.68,24.5,0
"2025-11-15 20:30:00",2029,801,"Chapada_High",11.93,2074.97,25.1,0,2026.43,24.6,0,2061.69,26,0,2032.63,24.5,0,2000.68,24,0,1958.88,23.9,0,1990.26,24.9,0,1954.49,24.7,1,2020.19,24.2,0
"2025-11-15 20:45:00",2030,801,"Chapada_High",11.92,2075.55,24.8,0,2026.16,24.2,0,2061.26,25.7,0,2033.55,24.2,0,2001.67,23.4,0,1959,23.4,0,1990.25,24.5,0,1952.74,24.4,0,2020.8,23.8,0
"2025-11-15 21:00:00",2031,801,"Chapada_High",11.92,2075.7,24.5,0,2025.35,23.9,0,2061.05,25.4,0,2033.39,23.8,0,2002.8,22.8,0,1959.59,23,0,1990.1,24.2,0,1953.64,23.9,0,2020.59,23.4,0
"2025-11-15 21:15:00",2032,801,"Chapada_High",11.93,2076.77,24.2,0,2025.41,23.6,2,2061.52,25.1,2,2034.05,23.5,0,2001.67,22.4,0,1959.83,22.6,0,1991.02,23.9,0,1954.44,23.5,0,2021.43,23.2,0
"2025-11-15 21:30:00",2033,801,"Chapada_High",11.92,2076.79,24,0,2026.03,23.4,0,2061.3,24.7,0,2035.01,23.4,0,2001.78,22.2,0,1960.03,22.5,0,1991.2,23.6,0,1954.49,23.1,0,2022.11,22.9,0
"2025-11-15 21:45:00",2034,801,"Chapada_High",11.92,2077.88,23.8,0,2025.9,23.2,0,2061.53,24.5,0,2034.71,23.2,2,2002.1,22.2,0,1960.36,22.5,0,1991.19,23.4,9,1955.26,22.9,0,2022.11,22.8,0
"2025-11-15 22:00:00",2035,801,"Chapada_High",11.92,2077.27,23.7,0,2026.09,23.2,0,2061.43,24.3,3,2034.51,23.2,0,2002.35,22.3,0,1960.68,22.7,0,1991.51,23.3,0,1955.77,23,0,2021.5,22.7,0
"2025-11-15 22:15:00",2036,801,"Chapada_High",11.92,2078.15,23.6,0,2027.07,23,0,2061.51,24.2,0,2035.04,23.2,0,2003.2,22.1,0,1959.88,22.5,0,1991.05,23.2,0,1955.7,22.8,0,2022.38,22.6,0
"2025-11-15 22:30:00",2037,801,"Chapada_High",11.92,2077.94,23.4,0,2026.95,22.8,0,2061.09,24.1,0,2035.59,22.9,0,2002.62,22.2,0,1960.88,22.4,0,1991.64,23,0,1956.19,22.8,0,2022.67,22.4,0
"2025-11-15 22:45:00",2038,801,"Chapada_High",11.92,2078.82,23.2,0,2026.59,22.6,0,2061.48,24,0,2036.03,22.7,0,2002.96,22.1,0,1961.33,22.2,0,1991.57,22.8,0,1956.26,22.6,0,2022.95,22.2,0
"2025-11-15 23:00:00",2039,801,"Chapada_High",11.92,2078.34,23.1,0,2027.36,22.5,0,2061.2,23.8,0,2035.81,22.6,0,2002.69,21.8,0,1960.57,22.2,0,1991.43,22.8,0,1955.99,22.4,0,2022.65,22.1,0
"2025-11-15 23:15:00",2040,801,"Chapada_High",11.92,2078.4,23.1,0,2027.22,22.5,0,2061.17,23.6,0,2036.45,22.6,0,2003.35,21.8,0,1961.25,22.1,0,1991.83,22.6,0,1956.97,22.4,0,2022.52,22.1,0
"2025-11-15 23:30:00",2041,801,"Chapada_High",11.92,2078.94,23,0,2027.78,22.4,0,2061.49,23.5,0,2035.51,22.5,0,2004.39,21.7,0,1961.51,22.1,0,1992.08,22.5,0,1956.98,22.1,0,2023.32,22,0
"2025-11-15 23:45:00",2042,801,"Chapada_High",11.92,2079.39,22.9,0,2027.75,22.4,0,2061.53,23.4,0,2036.44,22.4,0,2003.33,21.6,0,1962.15,22.1,0,1992,22.5,0,1957.62,22.1,0,2022.7,21.9,0
"2025-11-16 00:00:00",2043,801,"Chapada_High",11.92,2078.25,22.8,0,2027.73,22.2,0,2062.04,23.2,0,2035.54,22.3,0,2004.6,21.4,0,1961.64,21.8,0,1991.87,22.3,0,1957.09,22,0,2023.32,21.8,0
"2025-11-16 00:15:00",2044,801,"Chapada_High",11.92,2078.81,22.8,0,2028.04,22.2,0,2061.39,23.2,0,2035.58,22.3,3,2004.64,21.5,0,1962.62,21.9,0,1991.69,22.3,0,1957.46,22,0,2023.74,21.8,0
"2025-11-16 00:30:00",2045,801,"Chapada_High",11.92,2079.71,22.8,0,2028.39,22.2,0,2061.73,23.2,0,2036.65,22.3,0,2004.66,21.7,0,1962.43,22,0,1992.39,22.3,0,1957.49,22.1,0,2023.71,21.8,2
"2025-11-16 00:45:00",2046,801,"Chapada_High",11.93,2078.48,22.7,1,2027.81,22.2,0,2061.81,23.1,0,2036.4,22.2,0,2003.97,21.6,0,1962.13,21.9,0,1992.08,22.3,6,1958.11,22,0,2024.04,21.8,0
"2025-11-16 01:00:00",2047,801,"Chapada_High",11.92,2079.74,22.6,0,2028.05,22.1,0,2062.44,23,0,2036.63,22.1,0,2004.81,21.4,0,1962.2,21.8,0,1992.44,22.2,0,1957.28,21.9,0,2023.94,21.7,0
"2025-11-16 01:15:00",2048,801,"Chapada_High",11.92,2079.86,22.4,0,2028.57,21.9,0,2060.98,22.8,0,2037.31,21.9,0,2005.59,21.2,0,1962.47,21.6,6,1992.49,22,0,1958.07,21.7,0,2024.02,21.5,0
"2025-11-16 01:30:00",2049,801,"Chapada_High",11.92,2078.63,22.3,0,2028.35,21.8,0,2061.68,22.8,0,2037.29,21.7,0,2004.76,21.3,0,1962.98,21.5,0,1992.84,21.9,0,1957.83,21.5,0,2023.94,21.4,0
"2025-11-16 01:45:00",2050,801,"Chapada_High",11.92,2079.06,22.2,0,2028.52,21.7,0,2061.71,22.6,0,2037.56,21.6,0,2006.03,21.3,0,1962.67,21.3,0,1992.36,21.8,0,1958.29,21.4,0,2024.28,21.2,0
"2025-11-16 02:00:00",2051,801,"Chapada_High",11.92,2079.86,22.1,0,2029.11,21.6,0,2061.66,22.6,0,2037.46,21.6,0,2005.25,21.2,0,1962.39,21.3,3,1992.79,21.7,0,1958.56,21.4,0,2023.57,21.2,0
"2025-11-16 02:15:00",2052,801,"Chapada_High",11.92,2079.65,22.1,0,2029.48,21.6,0,2061.81,22.6,0,2037.26,21.5,0,2006.29,21.2,0,1963.14,21.3,0,1992.32,21.7,0,1958.72,21.4,0,2024.94,21.2,0
"2025-11-16 02:30:00",2053,801,"Chapada_High",11.92,2080.13,22.1,0,2029.09,21.6,11,2062.05,22.5,3,2037.11,21.6,0,2004.47,21.1,0,1963.34,21.4,4,1992.47,21.7,0,1959.05,21.4,0,2024.43,21.2,0
"2025-11-16 02:45:00",2054,801,"Chapada_High",11.92,2079.92,22,0,2029.12,21.5,0,2062.08,22.4,0,2036.63,21.5,0,2004.38,21,0,1963.22,21.3,0,1992.62,21.6,0,1959.09,21.3,0,2024.99,21.1,0
"2025-11-16 03:00:00",2055,801,"Chapada_High",11.92,2080.75,21.9,0,2028.97,21.4,0,2061.99,22.3,0,2037.88,21.4,0,2004.76,21.1,0,1963.01,21.2,0,1993.32,21.5,0,1959.55,21.3,0,2025.21,21,0
"2025-11-16 03:15:00",2056,801,"Chapada_High",11.92,2080.5,21.9,0,2029.47,21.4,0,2062.22,22.3,0,2038.34,21.3,0,2005.9,21.1,0,1963.84,21.1,0,1992.35,21.4,0,1959.27,21.1,1,2024.59,20.9,0
"2025-11-16 03:30:00",2057,801,"Chapada_High",11.92,2080.45,21.8,0,2029.5,21.3,0,2061.64,22.2,0,2038.27,21.3,0,2005.88,21.2,0,1963.35,21.1,0,1993.52,21.4,0,1958.9,21.1,0,2024.25,20.9,0
"2025-11-16 03:45:00",2058,801,"Chapada_High",11.92,2080.9,21.8,0,2030.22,21.3,0,2062.2,22.2,0,2038.15,21.3,0,2006.73,21.2,0,1963.56,21.2,0,1993.63,21.4,0,1959.58,21.2,0,2025.05,20.9,0
"2025-11-16 04:00:00",2059,801,"Chapada_High",11.92,2080.76,21.8,0,2029.83,21.3,0,2062.96,22.2,0,2038.85,21.3,0,2005.84,21.2,0,1963.14,21.2,0,1992.5,21.4,0,1959.82,21.2,0,2025.12,20.9,0
"2025-11-16 04:15:00",2060,801,"Chapada_High",11.92,2080.79,21.7,0,2030.43,21.2,0,2061.97,22.2,0,2038.41,21.3,0,2005.97,21.2,0,1963.92,21.2,0,1992.91,21.3,0,1959.98,21.2,0,2025.59,20.9,2
"2025-11-16 04:30:00",2061,801,"Chapada_High",11.92,2080.15,21.6,0,2030.05,21.1,0,2062.94,22,0,2038.13,21.1,0,2006.65,20.9,0,1964.01,21,0,1993.17,21.2,0,1959.62,21,2,2024.64,20.8,0
"2025-11-16 04:45:00",2062,801,"Chapada_High",11.92,2081.42,21.4,0,2030.09,20.9,0,2062.96,21.8,0,2038.24,20.9,0,2005.75,20.5,0,1963.05,20.8,7,1993.43,21.1,0,1959.78,20.8,0,2025.77,20.5,0
"2025-11-16 05:00:00",2063,801,"Chapada_High",11.92,2080.8,21.2,0,2030.13,20.7,0,2063.15,21.7,0,2038.47,20.7,0,2006.77,20.4,0,1964.07,20.5,0,1993.85,20.9,0,1958.18,20.6,0,2026.08,20.3,0
"2025-11-16 05:15:00",2064,801,"Chapada_High",11.92,2081.34,21.1,0,2029.91,20.6,0,2062,21.5,0,2038.58,20.7,0,2005.82,20.1,0,1964.21,20.4,0,1991.55,20.8,0,1958.92,20.4,0,2025.11,20.3,0
"2025-11-16 05:30:00",2065,801,"Chapada_High",11.92,2081.91,21.1,0,2030.62,20.6,0,2062.55,21.4,0,2039.52,20.8,0,2006.39,20,3,1963.22,20.4,0,1993.03,20.7,0,1957.85,20.4,0,2026.28,20.2,0
"2025-11-16 05:45:00",2066,801,"Chapada_High",11.92,2081.25,20.9,0,2030.8,20.5,0,2062.11,21.3,0,2039.41,20.7,0,2006.63,19.8,0,1964.53,20.3,0,1993.63,20.6,0,1960.09,20.3,0,2026.04,20.1,0
"2025-11-16 06:00:00",2067,801,"Chapada_High",11.92,2082,20.8,0,2031.04,20.3,0,2063.04,21.3,0,2039.58,20.6,0,2007.32,19.7,0,1964.06,20.1,0,1994.5,20.5,0,1959.31,20.1,0,2025.98,20,0
"2025-11-16 06:15:00",2068,801,"Chapada_High",11.92,2081.67,20.7,0,2030.82,20.3,0,2063.07,21.2,0,2039.44,20.5,0,2006.54,19.6,0,1964.31,20.1,0,1994.06,20.4,0,1958.73,20.1,0,2026.09,19.9,0
"2025-11-16 06:30:00",2069,801,"Chapada_High",11.92,2081.82,20.9,0,2031.34,20.4,0,2062.73,21.2,0,2039.33,20.7,0,2006.89,19.9,12,1964.59,20.4,2,1992.43,20.5,0,1961.39,20.3,0,2026.75,20.1,0
"2025-11-16 06:45:00",2070,801,"Chapada_High",11.92,2082.1,21.3,0,2030.9,21,0,2063.27,21.4,0,2039.59,21.4,0,2006.06,20.9,0,1963.96,21.2,0,1994.36,21.1,0,1960.93,21,0,2026.37,20.7,0
"2025-11-16 07:00:00",2071,801,"Chapada_High",11.92,2081.88,22.1,0,2030.75,22,0,2062.88,22.1,0,2039.08,22.3,0,2005.16,22.3,0,1964.62,22.5,0,1993.34,21.9,5,1960.83,22.5,0,2025.7,21.7,0
"2025-11-16 07:15:00",2072,801,"Chapada_High",11.92,2081.61,22.9,0,2031.2,22.9,0,2063.79,22.7,0,2039.6,23.2,0,2005.76,23.5,0,1965.35,23.6,10,1993.3,22.7,0,1960.89,23.2,0,2025.44,22.9,0
"2025-11-16 07:30:00",2073,801,"Chapada_High",11.92,2080.15,24.1,0,2031.72,24.1,0,2064.16,23.5,0,2040.35,24.4,0,2004.14,25,0,1965.93,25,1,1993.5,23.6,0,1959.88,24.4,5,2024.69,24,0
"2025-11-16 07:45:00",2074,801,"Chapada_High",11.92,2080.29,24.8,0,2029.7,25.4,0,2064.63,24.6,0,2039.34,25.5,0,2003.41,26.4,0,1965.59,26.3,3,1992.65,24.6,0,1959.7,25.7,0,2023.69,25.2,0
"2025-11-16 08:00:00",2075,801,"Chapada_High",11.93,2080.13,25.6,0,2029.56,26.1,0,2064.88,25.5,0,2038.84,27.2,0,2002.69,27.5,0,1964.63,27.3,0,1992.24,25.5,0,1958.92,26.7,0,2023.3,26.1,0
"2025-11-16 08:15:00",2076,801,"Chapada_High",11.93,2079.55,26.2,0,2029.9,26.8,0,2065.35,26.1,0,2038.66,28,0,2000.96,29.3,0,1964.08,28.3,9,1992.28,26.3,0,1958.24,27.7,0,2022.31,26.9,0
"2025-11-16 08:30:00",2077,801,"Chapada_High",11.92,2078.67,26.8,0,2030.57,27.5,0,2065.62,27,7,2038.9,29,0,1999.9,29.5,0,1963.78,29.2,0,1990.63,27.1,0,1957.92,28.6,0,2023.07,27.5,0
"2025-11-16 08:45:00",2078,801,"Chapada_High",11.92,2078.87,27.7,0,2029.62,28.4,0,2067.14,28.3,0,2038.7,30.3,0,1999.11,30.3,0,1963.19,30.3,0,1989.74,28.5,0,1958.24,30.1,0,2023.2,28.1,0
"2025-11-16 09:00:00",2079,801,"Chapada_High",11.93,2078.13,28.5,0,2028.59,29.3,0,2067.09,29.7,0,2037.91,31.4,0,1999.15,31,0,1962.51,31.2,0,1989.7,29.2,0,1957.5,31.6,0,2022.83,29.2,0
"2025-11-16 09:15:00",2080,801,"Chapada_High",11.93,2079.58,30.1,0,2027.6,30,0,2066.63,30.9,0,2037.88,32.2,0,1998.18,31.6,0,1962.74,32,0,1989.19,30.1,0,1956.37,32.4,0,2021.5,29.8,0
"2025-11-16 09:30:00",2081,801,"Chapada_High",11.93,2078.31,30.8,0,2028,31.9,0,2065.23,32.1,0,2037.23,33.1,0,1996.63,32.2,0,1962.55,32.7,0,1987.73,31.1,0,1953.96,33.5,0,2021.13,30.1,1
"2025-11-16 09:45:00",2082,801,"Chapada_High",11.92,2077.39,31.3,0,2026.55,32.2,0,2064.75,33.9,0,2035.54,34,0,1996.66,32.8,0,1959.93,33.1,6,1987.83,32,0,1954.96,34.5,0,2022.84,30.6,0
"2025-11-16 10:00:00",2083,801,"Chapada_High",11.92,2076.36,31.9,0,2026.32,32.6,0,2063.92,34.4,0,2035.03,35.1,0,1994.82,34,0,1959.22,33.6,0,1987.25,32.9,0,1953.72,35.5,0,2022.32,31.1,0
"2025-11-16 10:15:00",2084,801,"Chapada_High",11.93,2076.37,32.4,0,2025.62,33.1,0,2064.49,34.9,0,2034.12,35.2,0,1994.38,34.6,0,1960.09,34.4,0,1986.74,33.9,0,1952.59,36.1,0,2021.4,31.5,0
"2025-11-16 10:30:00",2085,801,"Chapada_High",11.93,2073.68,32.8,0,2024.91,33.5,0,2062,34.9,0,2032.75,35.8,0,1993.76,34.6,0,1958.14,34.3,0,1987.63,35.1,0,1952.77,36.5,0,2020.41,31.9,0
"2025-11-16 10:45:00",2086,801,"Chapada_High",11.93,2072.42,33.1,0,2023.36,34.3,0,2063.04,35,0,2032.7,36.7,0,1992.83,35,0,1957.26,34.2,0,1988.34,35.6,0,1951.14,38,0,2019.92,32.6,0
"2025-11-16 11:00:00",2087,801,"Chapada_High",11.93,2072.48,33.5,0,2023.21,35.1,0,2060.48,35,0,2032.17,38,6,1991.71,35.4,0,1957.73,34.5,0,1987.66,35.8,0,1949.07,37.7,0,2021.2,34.2,0
"2025-11-16 11:15:00",2088,801,"Chapada_High",11.93,2070.92,34.1,0,2020.93,35.7,0,2060.09,34.7,0,2031.32,38.9,0,1991.51,35.8,0,1955.47,34.7,0,1987.12,35.6,0,1947.32,37.3,0,2020.8,34.5,0
"2025-11-16 11:30:00",2089,801,"Chapada_High",11.93,2072.58,33.5,0,2019.52,36.4,0,2060.26,35.8,0,2031.89,38.7,0,1991.49,35.9,0,1955.12,34.9,0,1986.55,35.6,0,1948.36,36.8,0,2019.51,34.8,0
"2025-11-16 11:45:00",2090,801,"Chapada_High",11.93,2070.87,33.3,0,2019.64,36.2,0,2058.08,36.3,0,2031.66,38.3,0,1991.12,36.1,0,1955.39,36.3,0,1985.36,36.2,0,1948.89,36.4,0,2019.1,35.1,0
"2025-11-16 12:00:00",2091,801,"Chapada_High",11.93,2070.93,34,0,2018.4,37.2,0,2059.19,38.1,0,2030.54,40.3,0,1990.14,37.3,0,1954.65,37.1,0,1985.47,36.3,0,1946.58,35.5,0,2019.52,36.2,0
"2025-11-16 12:15:00",2092,801,"Chapada_High",11.93,2070.57,35,0,2017.59,38.4,0,2058.56,40.1,0,2029.23,42.3,0,1988.99,38.3,0,1954.52,37.5,0,1985.38,37.4,0,1947.19,35.9,0,2017.71,38.1,0
"2025-11-16 12:30:00",2093,801,"Chapada_High",11.93,2069.4,35.9,0,2015.49,39.7,0,2057.31,41.5,0,2027.62,43.6,0,1987.78,39.3,0,1954.45,38.1,0,1982.94,38.7,0,1944.49,37.6,0,2016.23,39.8,0
"2025-11-16 12:45:00",2094,801,"Chapada_High",11.93,2068.12,36.9,0,2014.13,40.7,0,2055.21,42.1,0,2026.84,44.1,0,1987.83,39.4,0,1953.25,38.5,0,1983.47,38.9,0,1945.2,38.8,0,2014.91,41,0
"2025-11-16 13:00:00",2095,801,"Chapada_High",11.93,2068.26,37.9,0,2012.3,41.3,0,2053.13,41.7,0,2027.56,42.2,0,1988.3,38.7,0,1953.3,38.4,0,1982.74,38.4,0,1944.4,39.4,0,2013.52,41.5,0
"2025-11-16 13:15:00",2096,801,"Chapada_High",11.93,2067.41,37.4,0,2013,40.9,0,2051.64,40.3,0,2026.07,41,0,1987.67,38.3,0,1952.25,37.9,0,1981.04,38.8,0,1945.88,39.5,0,2013.58,40.3,0
"2025-11-16 13:30:00",2097,801,"Chapada_High",11.93,2066.55,36.5,0,2012.87,39.4,0,2051.7,39.1,0,2025.81,40.2,0,1986.85,38.5,0,1951.99,37.3,0,1980.04,38.8,0,1944.16,38.7,0,2013.08,38.4,0
"2025-11-16 13:45:00",2098,801,"Chapada_High",11.93,2066.96,36.6,0,2012.3,39.5,1,2049.77,38,6,2025.26,41.7,0,1985.59,40.4,0,1951.53,37.5,0,1978.64,39.8,0,1944.04,39.1,0,2014.61,38.6,0
"2025-11-16 14:00:00",2099,801,"Chapada_High",11.92,2066.37,36.6,0,2012.73,39.6,0,2049.95,37.9,0,2024.54,42.2,0,1983.33,41.7,0,1951.14,37.7,3,1978.01,40.4,0,1941.54,39.6,0,2012.74,39.6,0
"2025-11-16 14:15:00",2100,801,"Chapada_High",11.93,2065.19,36.2,0,2011.58,39,0,2049.06,37.7,0,2024.28,41.7,0,1983.88,41.2,0,1951.18,37.5,0,1977.09,40.9,0,1942.65,39.4,0,2012.16,39.9,0
"2025-11-16 14:30:00",2101,801,"Chapada_High",11.93,2065.41,35.8,0,2012.4,38.5,0,2048.63,37.2,0,2023.96,41,0,1983.34,41.3,0,1950.55,37.1,0,1977.82,40.3,0,1942.7,40.1,0,2010.57,40.4,0
"2025-11-16 14:45:00",2102,801,"Chapada_High",11.93,2064.37,34.9,0,2012.08,36.8,0,2049.22,36.5,0,2024.2,38.2,0,1985.12,37.9,0,1949,35.3,0,1980.24,38.6,0,1940.41,38.1,0,2010.66,38.9,0
"2025-11-16 15:00:00",2103,801,"Chapada_High",11.93,2065.16,35.1,0,2012.25,37.2,0,2046.94,36.5,0,2024.06,38.5,0,1983.34,39.7,0,1950.04,35.7,0,1977.65,38.8,0,1941.17,38.2,0,2009.99,39.7,0
"2025-11-16 15:15:00",2104,801,"Chapada_High",11.93,2064.93,35.7,0,2010.68,38.8,0,2046.47,38,0,2023.75,40.1,0,1981.85,41.4,0,1948.87,36.8,1,1975.98,40.5,0,1941.13,39.4,0,2008,41.7,0
"2025-11-16 15:30:00",2105,801,"Chapada_High",11.93,2063.85,35.5,0,2010.61,38,0,2047.16,38.4,0,2022.78,40.5,0,1982.82,40.2,0,1950.26,35.9,0,1975.71,40.6,0,1939.73,39,0,2007.78,41.2,0
"2025-11-16 15:45:00",2106,801,"Chapada_High",11.93,2064.55,35.1,0,2011.18,37.3,0,2045.14,37.9,0,2023.66,39.1,0,1982.25,40.9,0,1948.31,35.5,0,1976.39,40.1,0,1940.02,38.6,0,2007.26,40.8,0
"2025-11-16 16:00:00",2107,801,"Chapada_High",11.93,2064.22,35.1,0,2010.14,37.1,0,2045.72,37.6,0,2023.3,38,12,1983.31,39,0,1949.66,36,1,1977.51,39.4,0,1939.67,38.7,0,2007.44,40.2,0
"2025-11-16 16:15:00",2108,801,"Chapada_High",11.93,2063.46,34.8,0,2010.26,36.3,0,2044.38,37,0,2023.93,36.9,0,1984.15,37.5,0,1948.55,35.1,0,1978.14,38.6,0,1939.64,38.3,0,2007.49,38.8,0
"2025-11-16 16:30:00",2109,801,"Chapada_High",11.93,2062.69,34.6,0,2012.2,35.8,0,2045.32,36.7,0,2023.55,36.3,0,1984.65,36.8,0,1948.29,34.8,0,1977.46,37.4,0,1939.38,38.4,0,2007.07,38.2,0
"2025-11-16 16:45:00",2110,801,"Chapada_High",11.93,2063.02,34.6,0,2012.06,35,0,2045.73,35.9,0,2023.55,35.4,2,1985.21,35.5,0,1948.51,34.1,0,1979.09,36,0,1939.12,37.2,0,2006.99,36.7,0
"2025-11-16 17:00:00",2111,801,"Chapada_High",11.93,2062.4,33.3,0,2012.26,34.1,0,2043.19,34.7,0,2023.47,34.1,0,1986.16,33.9,0,1949.65,32.7,0,1977.96,34.3,0,1941.1,35.3,0,2007.53,34.5,0
"2025-11-16 17:15:00",2112,801,"Chapada_High",11.93,2063.27,32.6,0,2012.49,33.1,0,2042.86,34.3,0,2022.92,33.4,0,1986.52,33,0,1948.97,32.2,0,1978.62,33.1,0,1940.36,34.3,0,2008.5,33.5,0
"2025-11-16 17:30:00",2113,801,"Chapada_High",11.93,2063.55,31.5,0,2012.73,31.8,0,2043.44,33.2,0,2023.64,32.5,0,1987.96,31.9,0,1949.38,31.1,0,1978.65,32,0,1942.08,33,0,2006.82,32.2,0
"2025-11-16 17:45:00",2114,801,"Chapada_High",11.93,2064.14,30.9,0,2013.86,31.2,0,2043.36,32.5,1,2024.06,31.7,2,1988.1,31.4,1,1949.89,30.9,0,1978.26,31.4,0,1942.02,32.3,0,2006.14,31.6,0
"2025-11-16 18:00:00",2115,801,"Chapada_High",11.93,2064.49,30.4,3,2013.52,30.6,0,2043.38,31.8,0,2024.56,31,0,1989,30.5,0,1949.34,30.2,0,1979.04,31.1,0,1942.12,31.6,0,2007.94,30.9,0
"2025-11-16 18:15:00",2116,801,"Chapada_High",11.93,2064.72,29.9,0,2014.35,29.9,0,2043.4,31.2,0,2023.92,30.3,0,1990.08,29.7,0,1947.95,29.4,0,1979.36,30.4,11,1943.15,30.9,0,2006.34,30.2,0
"2025-11-16 18:30:00",2117,801,"Chapada_High",11.93,2063.96,29.4,0,2014.02,29.3,0,2042.57,30.6,0,2024.61,29.6,0,1991.01,28.9,0,1948.32,28.7,0,1978.86,29.7,0,1941.64,30,0,2007.81,29.5,0
"2025-11-16 18:45:00",2118,801,"Chapada_High",11.93,2064.18,28.8,0,2014.22,28.5,0,2042.01,29.9,0,2025.5,28.8,0,1991,28.1,0,1948.48,28.1,0,1979.7,29,0,1942.35,29.2,0,2007.07,28.6,0
"2025-11-16 19:00:00",2119,801,"Chapada_High",11.93,2064.79,28.1,0,2014.72,27.8,0,2041.55,29.2,0,2025.93,27.9,0,1991.94,27,0,1949.42,27.1,0,1979.25,28.3,0,1942.15,28.4,0,2007.93,27.7,0
"2025-11-16 19:15:00",2120,801,"Chapada_High",11.93,2064.72,27.5,0,2013.55,27,0,2040.43,28.6,0,2025.33,27.3,0,1992.37,26.2,0,1948.35,26.3,0,1979.7,27.6,0,1942.67,27.6,0,2008.19,26.9,0
"2025-11-16 19:30:00",2121,801,"Chapada_High",11.93,2064.8,26.9,1,2013.98,26.5,0,2040.09,28,0,2025.89,26.6,0,1993.79,25.5,0,1950.83,25.7,0,1981.55,26.9,0,1942.45,26.9,0,2008.42,26.2,0
"2025-11-16 19:45:00",2122,801,"Chapada_High",11.93,2064.98,26.5,0,2014.11,26,0,2040.47,27.6,0,2025.45,26.1,0,1994.18,25.1,0,1950.52,25.2,0,1982.18,26.5,2,1942.59,26.4,0,2008.9,25.7,0
"2025-11-16 20:00:00",2123,801,"Chapada_High",11.93,2065.4,26.2,0,2015.12,25.6,0,2039.81,27.2,0,2025.72,25.7,0,1994.7,24.7,0,1950.81,24.8,0,1982.9,26,0,1943.03,25.8,0,2009.09,25.3,0
"2025-11-16 20:15:00",2124,801,"Chapada_High",11.93,2065.21,25.8,0,2015.13,25.2,0,2039.67,26.8,0,2025.9,25.3,0,1994.57,24.3,0,1949.5,24.5,0,1983.04,25.6,1,1944.84,25.3,3,2010.38,24.9,0
"2025-11-16 20:30:00",2125,801,"Chapada_High",11.93,2065.87,25.5,0,2014.97,24.9,0,2039.62,26.5,0,2026.22,25,0,1994.97,24.1,0,1949.88,24.2,0,1982.66,25.3,0,1946.01,25.1,0,2010.11,24.6,0
"2025-11-16 20:45:00",2126,801,"Chapada_High",11.93,2066.04,25.2,0,2016.55,24.6,0,2039.84,26.2,0,2027.53,24.7,0,1995.36,23.8,0,1950.35,23.8,0,1982.85,25,0,1946.43,24.8,0,2010.28,24.2,0
"2025-11-16 21:00:00",2127,801,"Chapada_High",11.92,2066.45,25,0,2017.55,24.4,0,2040.31,26,0,2027.72,24.5,0,1995.55,23.5,0,1950.08,23.6,0,1983.28,24.7,0,1944.43,24.5,0,2010.61,24,0
"2025-11-16 21:15:00",2128,801,"Chapada_High",11.93,2066.43,24.8,5,2016.36,24.2,0,2039.34,25.7,0,2027.1,24.2,0,1995.57,23.2,0,1950.46,23.4,0,1983.39,24.4,3,1946.55,24.2,0,2010.97,23.8,0
"2025-11-16 21:30:00",2129,801,"Chapada_High",11.93,2066.21,24.5,0,2016.45,24,0,2039.79,25.4,0,2027.36,23.9,0,1995.3,22.9,0,1950.93,23.1,0,1983.61,24.2,9,1947.68,24,0,2011.19,23.5,0
"2025-11-16 21:45:00",2130,801,"Chapada_High",11.93,2066.25,24.3,0,2016.05,23.7,1,2040.12,25.2,0,2027.79,23.7,10,1996.18,22.7,0,1951.67,22.9,14,1983.97,23.9,0,1946.84,23.7,0,2012.55,23.3,0
"2025-11-16 22:00:00",2131,801,"Chapada_High",11.92,2068.33,24.2,0,2017.36,23.5,0,2040.74,24.9,0,2028.09,23.6,0,1996.52,22.5,0,1951.11,22.8,0,1983.63,23.7,0,1946.77,23.3,0,2011.88,23,0
"2025-11-16 22:15:00",2132,801,"Chapada_High",11.93,2067.83,24.1,0,2017.52,23.4,0,2039.74,24.8,0,2028.91,23.5,0,1996.68,22.5,0,1951.64,22.7,0,1984.11,23.6,0,1947.38,23.2,0,2012.24,23,0
"2025-11-16 22:30:00",2133,801,"Chapada_High",11.92,2068.31,23.8,0,2017.13,23.1,0,2040.03,24.5,0,2029.07,23.2,0,1996.61,22,0,1951.95,22.3,0,1984.09,23.3,0,1947.52,22.9,0,2013.08,22.6,0
"2025-11-16 22:45:00",2134,801,"Chapada_High",11.92,2068.49,23.5,0,2018.22,22.9,0,2040.32,24.3,0,2029.39,23,0,1997.3,21.8,0,1952.58,22.2,0,1984.32,23.1,0,1948.08,22.6,0,2013.02,22.4,0
"2025-11-16 23:00:00",2135,801,"Chapada_High",11.93,2069.04,23.4,0,2017.71,22.8,0,2040.06,24.2,1,2029.02,22.9,0,1997.22,22,0,1952.39,22.1,0,1983.29,23,10,1948.3,22.6,0,2013.51,22.3,0
"2025-11-16 23:15:00",2136,801,"Chapada_High",11.93,2069.13,23.4,0,2017.91,22.7,0,2040.21,24.1,0,2028.97,22.8,0,1997.92,22,0,1952.63,22.3,0,1983.82,22.9,0,1948.84,22.6,0,2013.98,22.3,0
"2025-11-16 23:30:00",2137,801,"Chapada_High",11.92,2069.9,23.3,0,2018.25,22.7,0,2039.43,24,0,2029.64,22.7,0,1997.9,22.1,0,1952.93,22.3,0,1984.84,22.8,0,1948.96,22.6,0,2013.76,22.2,0
"2025-11-16 23:45:00",2138,801,"Chapada_High",11.92,2069.47,23.2,0,2018.97,22.6,1,2039.95,23.9,0,2030.22,22.6,0,1997.98,22,0,1952.82,22.2,0,1984.2,22.7,0,1948.83,22.4,0,2013.12,22.2,0
"2025-11-17 00:00:00",2139,801,"Chapada_High",11.92,2069.47,23.1,0,2018.8,22.5,0,2040.66,23.8,12,2030.53,22.5,0,1998.02,21.7,0,1952.77,21.9,0,1985.12,22.6,0,1948.79,22.1,0,2014.3,22,0
"2025-11-17 00:15:00",2140,801,"Chapada_High",11.93,2069.81,22.9,0,2019.62,22.3,0,2039.97,23.6,0,2029.74,22.4,0,1999.54,21.5,0,1953.57,21.8,0,1985.48,22.4,0,1949.36,22,0,2014.84,21.8,0
"2025-11-17 00:30:00",2141,801,"Chapada_High",11.92,2070.25,22.8,2,2018.89,22.2,0,2040.48,23.5,0,2030.14,22.4,0,1999.92,21.4,0,1953.59,21.8,0,1985.09,22.4,0,1949.45,22.1,0,2014.28,21.8,0
"2025-11-17 00:45:00",2142,801,"Chapada_High",11.92,2070.72,22.8,0,2018.86,22.2,0,2040.89,23.4,0,2030.51,22.3,0,1998.43,21.3,0,1953.21,21.7,0,1984.64,22.4,0,1949.64,22,0,2014.75,21.7,0
"2025-11-17 01:00:00",2143,801,"Chapada_High",11.93,2070.49,22.7,0,2018.8,22.1,0,2040.72,23.3,0,2030.97,22.2,0,2000.37,21.3,0,1953.84,21.7,0,1985.25,22.3,0,1950.4,21.9,0,2015.1,21.6,0
"2025-11-17 01:15:00",2144,801,"Chapada_High",11.92,2071.23,22.6,0,2019.4,22,0,2040.29,23.1,0,2031.76,22.1,0,1998.97,21.1,0,1953.95,21.5,0,1985,22.2,0,1950.68,21.8,0,2014.76,21.5,0
"2025-11-17 01:30:00",2145,801,"Chapada_High",11.92,2070.5,22.5,0,2020.38,21.9,1,2040.97,23,0,2030.72,22,0,1998.99,21.2,1,1954.79,21.4,0,1985.26,22,0,1950.38,21.7,0,2014.93,21.4,0
"2025-11-17 01:45:00",2146,801,"Chapada_High",11.92,2071.06,22.4,0,2020.07,21.8,0,2040.16,22.9,0,2031.21,22,0,1999.7,21,0,1953.99,21.3,0,1985.41,21.9,0,1950.77,21.4,0,2016,21.3,0
"2025-11-17 02:00:00",2147,801,"Chapada_High",11.92,2070.47,22.3,0,2020.44,21.7,0,2041.28,22.8,0,2031.31,21.8,0,1999.89,20.9,0,1954.58,21.2,0,1985.89,21.8,0,1950.86,21.4,0,2016.06,21.2,0
"2025-11-17 02:15:00",2148,801,"Chapada_High",11.92,2070.99,22.2,0,2019.91,21.6,0,2040.79,22.7,0,2032.14,21.7,0,1999.39,20.9,0,1954.59,21.1,0,1986.14,21.7,0,1951.35,21.3,0,2015.63,21.1,0
"2025-11-17 02:30:00",2149,801,"Chapada_High",11.92,2071.54,22.2,7,2020.23,21.6,0,2040.24,22.7,0,2032.49,21.7,0,2000.87,21.1,0,1954.25,21.1,0,1986.65,21.7,0,1951.31,21.4,0,2015.86,21.1,0
"2025-11-17 02:45:00",2150,801,"Chapada_High",11.93,2070.93,22.1,0,2021.01,21.5,0,2039.96,22.7,0,2032.23,21.6,8,1999.47,21.1,0,1955,21.1,0,1986.4,21.7,0,1951.39,21.3,0,2016.4,21,0
"2025-11-17 03:00:00",2151,801,"Chapada_High",11.92,2071.13,22.1,12,2021.26,21.5,0,2040.74,22.6,0,2032.86,21.6,0,2000.56,21.1,0,1954.53,21.1,0,1985.97,21.6,9,1952.55,21.3,0,2016.24,21,0
"2025-11-17 03:15:00",2152,801,"Chapada_High",11.92,2072.01,22.1,0,2021.05,21.5,0,2041.11,22.5,0,2032.73,21.6,0,2001.74,20.9,1,1955.79,21.1,0,1987,21.6,0,1952.05,21.3,0,2016.6,21,0
"2025-11-17 03:30:00",2153,801,"Chapada_High",11.92,2071.51,22,0,2021.25,21.4,0,2042.06,22.4,0,2033.87,21.7,0,1999.94,20.7,0,1955.55,21,9,1986.53,21.5,0,1952.17,21.2,0,2016.92,21,0
"2025-11-17 03:45:00",2154,801,"Chapada_High",11.92,2072.34,22,0,2021.71,21.4,0,2042.17,22.4,0,2032.61,21.6,0,2000.99,20.8,0,1955.01,21,0,1987.17,21.5,0,1952.11,21.1,0,2016.9,20.9,0
"2025-11-17 04:00:00",2155,801,"Chapada_High",11.92,2072.45,21.9,0,2021.35,21.4,0,2041.81,22.3,0,2032.63,21.5,0,2001.83,20.7,0,1956.65,21.1,0,1986.4,21.5,0,1951.94,21.1,0,2016.77,20.9,0
"2025-11-17 04:15:00",2156,801,"Chapada_High",11.92,2072.84,21.8,0,2021.39,21.3,0,2040.94,22.3,0,2033.13,21.4,0,2000.46,20.7,3,1955.65,21.1,0,1985.9,21.4,0,1952.43,21.1,0,2017.6,20.8,0
"2025-11-17 04:30:00",2157,801,"Chapada_High",11.92,2072.64,21.8,3,2021.65,21.3,0,2042.29,22.3,0,2032.92,21.4,0,2001.74,20.7,0,1956.22,21.1,0,1986.62,21.4,0,1953.16,21.1,0,2017.58,20.8,0
"2025-11-17 04:45:00",2158,801,"Chapada_High",11.92,2072.82,21.8,0,2021.87,21.2,0,2041.88,22.3,0,2033.44,21.3,0,2000.87,20.8,0,1955.82,21,0,1987.18,21.4,0,1953.16,21.1,0,2017.32,20.8,2
"2025-11-17 05:00:00",2159,801,"Chapada_High",11.92,2072.73,21.7,0,2021.72,21.2,0,2042.09,22.2,14,2033.82,21.3,0,2001.17,20.8,0,1956.2,21.1,0,1986.6,21.4,0,1953.08,21.1,0,2017.48,20.8,0
"2025-11-17 05:15:00",2160,801,"Chapada_High",11.92,2073.36,21.7,0,2022.08,21.2,0,2041.41,22.1,0,2033.37,21.4,0,2001.76,20.6,0,1956.18,21,0,1987.33,21.3,0,1952.69,21.1,0,2017.37,20.8,0
"2025-11-17 05:30:00",2161,801,"Chapada_High",11.92,2073.33,21.7,0,2022.02,21.2,0,2042.89,22.1,3,2034.57,21.4,0,2001.86,20.7,2,1956.29,21.1,2,1986.55,21.3,12,1952.71,21,0,2017.73,20.8,0
"2025-11-17 05:45:00",2162,801,"Chapada_High",11.92,2073.11,21.8,0,2022.77,21.4,0,2042.89,22.2,0,2033.52,21.5,0,2000.94,21,0,1955.73,21.2,0,1987.11,21.4,0,1953.41,21.2,0,2018.01,21,0
"2025-11-17 06:00:00",2163,801,"Chapada_High",11.92,2073.22,21.7,0,2023.21,21.3,0,2042.83,22.1,0,2033.92,21.4,0,2002.64,20.7,0,1956.33,21,0,1987.61,21.4,0,1953.74,21.1,0,2018.14,20.9,0
"2025-11-17 06:15:00",2164,801,"Chapada_High",11.92,2073.1,21.8,0,2022.91,21.3,0,2042.68,22.2,0,2033.79,21.5,0,2001.78,20.9,0,1956.96,21.2,0,1987.55,21.5,0,1953.7,21.2,0,2018.08,21,0
"2025-11-17 06:30:00",2165,801,"Chapada_High",11.92,2073.27,22,0,2022.81,21.6,0,2042.28,22.4,0,2033.65,21.9,0,2002.63,21.2,0,1956.43,21.6,0,1987.25,21.7,0,1953.95,21.5,0,2018.82,21.3,0
"2025-11-17 06:45:00",2166,801,"Chapada_High",11.92,2073.31,22.3,0,2022.73,22,0,2043.88,22.6,0,2034.62,22.2,0,2001.26,21.8,0,1957.27,22,0,1986.94,22,0,1953.62,21.9,0,2018.11,21.7,0
"2025-11-17 07:00:00",2167,801,"Chapada_High",11.92,2074.01,23,0,2022.67,22.8,0,2043.39,23.2,0,2035.22,23.1,0,2000.77,23,0,1956.87,23.3,0,1986.88,22.8,0,1954.5,22.9,0,2017.76,22.6,0
"2025-11-17 07:15:00",2168,801,"Chapada_High",11.93,2073.42,23.7,0,2024.19,23.8,0,2043.44,23.8,0,2035.4,24.1,0,2001.3,24.2,0,1956.55,24.4,0,1986.8,23.8,0,1955.01,24,0,2017.78,23.6,0
"2025-11-17 07:30:00",2169,801,"Chapada_High",11.92,2072.08,24.5,0,2022.46,24.7,0,2044.24,24.6,0,2034.51,25,0,1999.7,25.5,0,1956.65,25.5,0,1986.73,24.6,0,1953.13,25.3,0,2017.28,24.9,0
"2025-11-17 07:45:00",2170,801,"Chapada_High",11.92,2072.03,25.7,0,2022.16,25.7,0,2044.18,25.4,0,2033.92,26.1,0,1998.57,26.7,0,1957.26,26.7,0,1986.32,25.4,0,1952.84,26.2,0,2016.33,25.9,0
"2025-11-17 08:00:00",2171,801,"Chapada_High",11.93,2071.61,26.4,0,2022.58,27.2,0,2045.39,26.2,0,2034.08,27.1,0,1997.71,27.9,0,1955.9,27.8,0,1986.27,26.3,0,1952.36,27.2,0,2015.15,26.9,0
"2025-11-17 08:15:00",2172,801,"Chapada_High",11.93,2070.77,27,0,2022.87,27.8,0,2045.2,27.4,0,2034.56,28.3,0,1997.17,29,0,1957.66,28.9,0,1984.36,27.3,0,1952.19,28.2,0,2015.39,27.7,0
"2025-11-17 08:30:00",2173,801,"Chapada_High",11.93,2071.03,27.8,0,2021.7,28.6,0,2047.13,28.3,0,2033.48,30.2,0,1995.62,30.5,0,1956.94,30.1,0,1983.54,28.3,0,1950.93,29.2,0,2015.26,28.6,0
"2025-11-17 08:45:00",2174,801,"Chapada_High",11.93,2070.93,28.7,0,2021.4,29.5,0,2046.85,29.4,0,2033.6,31.1,0,1995.28,31.5,0,1956.18,31.4,0,1983.4,29.4,0,1951.4,30.5,0,2013.49,29.4,0
"2025-11-17 09:00:00",2175,801,"Chapada_High",11.93,2070.93,29.7,0,2020.49,30.5,0,2046.91,30.8,0,2032.72,32.2,0,1993.7,32.1,0,1954.85,32.5,0,1982.5,31.1,0,1951.59,31.9,1,2014.09,30.2,0
"2025-11-17 09:15:00",2176,801,"Chapada_High",11.93,2070.24,30.8,0,2020.81,31.5,0,2045.54,32.3,0,2032.8,33.1,0,1992.34,32.8,0,1954.33,33.5,0,1982.52,32.2,0,1950.62,34.3,0,2012.57,30.9,0
"2025-11-17 09:30:00",2177,801,"Chapada_High",11.93,2070.22,32,0,2019.28,32.8,0,2046.95,34,0,2032.04,34.2,0,1991.6,33.8,0,1954.22,34.4,0,1981.46,33.2,0,1949.04,35.4,0,2013.43,32.8,0
"2025-11-17 09:45:00",2178,801,"Chapada_High",11.93,2070.12,31.9,0,2018.88,32.4,0,2045.63,33.4,0,2031.53,33.3,0,1991.56,32.8,0,1952.15,33.2,0,1981.68,32.9,0,1946.93,34.4,0,2014.13,32,0
"2025-11-17 10:00:00",2179,801,"Chapada_High",11.93,2068.99,31.3,0,2018.83,32.4,0,2043.99,33.3,0,2031.43,33,0,1992.37,32.7,0,1954.04,32.9,0,1981.21,32.8,0,1947.03,34,0,2014.18,31.6,0
"2025-11-17 10:15:00",2180,801,"Chapada_High",11.93,2069.28,31.3,0,2018.46,32.4,0,2043.64,33.7,0,2030.89,33.7,0,1991.52,32.7,0,1951.91,32.8,0,1981.69,33,0,1946.87,34.2,0,2013.86,31.8,0
"2025-11-17 10:30:00",2181,801,"Chapada_High",11.93,2068.08,31.9,0,2018.14,33,0,2044.34,34,0,2030.69,34,0,1990.62,34.3,0,1952,33.4,0,1981.53,33.7,0,1946.15,35,0,2012.02,32.4,0
"2025-11-17 10:45:00",2182,801,"Chapada_High",11.93,2067.82,31.5,1,2017.64,32.7,0,2043.6,33.6,0,2029.49,33.5,0,1991.26,33.4,0,1952.07,33,0,1981.34,33.6,0,1945.57,34.4,0,2011.93,32.3,0
"2025-11-17 11:00:00",2183,801,"Chapada_High",11.93,2068.33,30.8,0,2017.66,31.8,0,2043.98,32.8,0,2029.35,32.5,0,1991.65,32.4,0,1951.92,32.3,0,1980.64,33.3,0,1947.87,33.5,0,2012.89,31.7,0
"2025-11-17 11:15:00",2184,801,"Chapada_High",11.93,2068.34,31,0,2017.28,32.1,0,2042.98,32.9,0,2029,33,0,1991.01,32.8,0,1952.72,32.8,0,1980.15,33.3,0,1947.38,34,0,2012.4,32.5,0
"2025-11-17 11:30:00",2185,801,"Chapada_High",11.93,2067.65,32.2,0,2017.51,33.2,0,2043.28,33.8,0,2029.46,34.1,0,1989.61,33.8,0,1951.12,33.6,0,1980.52,33.9,0,1946.55,34.7,0,2011.83,33.5,0
"2025-11-17 11:45:00",2186,801,"Chapada_High",11.93,2067.53,31.4,0,2017.6,32.6,0,2041.23,33.2,0,2029.4,32.8,0,1991.34,32.5,0,1951.7,32.3,0,1980.6,33.1,0,1946.07,33.6,0,2011.97,32.2,0
"2025-11-17 12:00:00",2187,801,"Chapada_High",11.93,2067.81,30.6,0,2017.41,31.8,0,2043.4,32.7,0,2028.77,32.3,0,1990.73,32.2,0,1951.29,31.7,0,1980.68,32.2,0,1945.72,32.5,0,2011.97,31.5,0
"2025-11-17 12:15:00",2188,801,"Chapada_High",11.93,2066.8,33.3,0,2014.06,36.1,0,2043.79,37.1,0,2028.38,37.6,0,1987.74,36.5,0,1950.03,35.6,0,1981.1,34.9,0,1945.73,34.7,0,2012,35.9,3
"2025-11-17 12:30:00",2189,801,"Chapada_High",11.93,2066.09,35.5,0,2011.28,39.3,0,2043.06,40.4,0,2025.98,41.4,0,1985.45,39,0,1950.63,37.9,0,1979.1,37.7,0,1943.05,37.4,0,2010.04,39,0
"2025-11-17 12:45:00",2190,801,"Chapada_High",11.93,2063.55,36.4,0,2009.42,40.6,0,2041.63,41.3,0,2025.06,42,0,1984.74,39.4,0,1950.14,38.5,0,1978.37,38.6,0,1942.07,38.9,0,2008.81,40.2,0
"2025-11-17 13:00:00",2191,801,"Chapada_High",11.93,2063.25,37.5,0,2007.32,41.5,0,2039.03,41.4,0,2026.12,41,0,1985.36,38.8,0,1948.31,38.7,0,1979.43,38.5,0,1943.48,40.1,0,2007.01,41.3,0
"2025-11-17 13:15:00",2192,801,"Chapada_High",11.93,2062.27,37,0,2009.01,40.2,0,2037.99,39.9,0,2024.69,39.9,0,1985.04,38.2,0,1948.41,37.7,0,1978.3,38.4,0,1942.13,39.2,0,2008.37,40.3,0
"2025-11-17 13:30:00",2193,801,"Chapada_High",11.93,2062.67,36.2,0,2009.55,37.8,0,2037.52,38.3,0,2024.74,37.8,0,1985.84,36.7,0,1948.45,35.8,0,1978.53,37.3,0,1941.43,37.3,3,2007.93,37.6,0
"2025-11-17 13:45:00",2194,801,"Chapada_High",11.93,2062.12,34.1,0,2010.69,36,0,2038.53,36.7,0,2024.56,36.3,0,1986.99,35.2,0,1946.77,34.2,0,1978.95,36,0,1940.73,35.6,0,2007.17,35.6,0
"2025-11-17 14:00:00",2195,801,"Chapada_High",11.93,2062.34,33.4,0,2011.38,35,0,2037.32,35.9,0,2025.55,36.1,0,1986.65,34.7,0,1946.49,33.7,0,1978.84,35.5,0,1942.08,35.1,0,2006.95,34.9,2
"2025-11-17 14:15:00",2196,801,"Chapada_High",11.93,2062.93,32,0,2012.94,32.9,0,2036.66,34.5,0,2025.44,33.9,0,1988.15,32.8,0,1948.48,31.8,0,1977.76,34,0,1943.54,33.4,0,2006.51,32.9,0
"2025-11-17 14:30:00",2197,801,"Chapada_High",11.93,2069.06,28.1,0,2024.26,27.7,0,2045.76,29.6,0,2028.76,27.5,0,2000.91,25.6,0,1946.85,26.1,1,1984.84,28.7,0,2030.08,27.3,0,2018.88,27.1,0
"2025-11-17 14:45:00",2198,801,"Chapada_High",11.93,2077.14,25.7,6,2031.52,25.4,0,2050.82,27.7,0,2035.25,25.1,0,2004.04,23.5,0,1951.51,23.8,0,1986.97,26.4,0,2108.96,24.9,1,2043.71,24.6,0
"2025-11-17 15:00:00",2199,801,"Chapada_High",11.93,2082.16,25.3,0,2035.33,25,0,2054.34,27.1,0,2038.7,24.7,0,2003.71,23.2,0,1956.15,23.5,0,1987.44,25.6,0,2092.27,24.7,0,2055.7,24.3,0
"2025-11-17 15:15:00",2200,801,"Chapada_High",11.93,2086.18,25,0,2039.28,24.5,0,2059.22,26.2,0,2040.72,24.6,0,2003.93,23.1,0,1958.48,23.5,0,1987.14,25.2,0,2086.56,24.3,0,2059.9,23.9,0
"2025-11-17 15:30:00",2201,801,"Chapada_High",11.93,2087.87,24.7,0,2041.78,24.3,0,2065.81,25.5,2,2041.58,24.5,0,2004.77,23,0,1959.24,23.5,0,1987.22,24.9,0,2083.79,23.9,0,2061.87,23.6,0
"2025-11-17 15:45:00",2202,801,"Chapada_High",11.93,2089.57,24.6,0,2042.21,24.2,0,2075.51,26,0,2043.11,24.6,0,2005.28,23.3,0,1960.11,23.7,0,1987.78,25,0,2081.32,23.9,0,2062.68,23.7,0
"2025-11-17 16:00:00",2203,801,"Chapada_High",11.93,2090.68,24.5,0,2043.51,24.1,0,2086.74,26,0,2043.84,24.8,0,2005.33,23.5,0,1961.59,23.7,0,1987,25,0,2079.74,23.9,0,2062.53,23.7,0
"2025-11-17 16:15:00",2204,801,"Chapada_High",11.93,2092.22,24.5,0,2045.45,24.3,0,2096.82,26.2,0,2044.83,24.7,0,2005.76,23.8,0,1961.62,24.2,0,1986.84,25.1,0,2077.48,24,0,2061.94,23.9,0
"2025-11-17 16:30:00",2205,801,"Chapada_High",11.93,2092.85,24.7,0,2046.4,24.5,0,2105.75,26.2,0,2045.21,24.7,0,2006.66,24,0,1962.46,24.3,0,1987.36,25.5,0,2077.73,24.2,0,2062,24.4,0
"2025-11-17 16:45:00",2206,801,"Chapada_High",11.93,2094,25,0,2046.74,24.8,0,2112.69,26.4,8,2046.31,24.9,9,2006.39,24.3,0,1963.23,24.5,2,1987.1,25.7,0,2075.89,25.1,14,2061.75,24.8,0
"2025-11-17 17:00:00",2207,801,"Chapada_High",11.93,2094.05,25.1,0,2047.33,24.9,0,2118.17,26.5,0,2047.5,25,0,2006.04,24.4,0,1964.86,24.6,0,1986.95,25.7,0,2074.5,24.8,1,2061.18,25.3,0
"2025-11-17 17:15:00",2208,801,"Chapada_High",11.93,2094.29,25.4,0,2047.84,24.9,0,2124.22,26.6,0,2046.9,24.8,0,2006.79,24.2,0,1964.7,24.6,0,1986.9,25.6,0,2073.34,24.6,4,2060.9,24.9,0
"2025-11-17 17:30:00",2209,801,"Chapada_High",11.93,2094.53,25.1,0,2048.36,25.1,0,2127.79,26.7,0,2047.86,24.8,0,2006.97,24.3,0,1965.06,24.6,0,1987.29,25.4,0,2074.21,24.6,0,2061.37,24.9,0
"2025-11-17 17:45:00",2210,801,"Chapada_High",11.93,2094.83,24.9,1,2048.68,24.7,0,2132.44,26.6,4,2048.01,25.1,0,2006.86,24,0,1964.37,24.5,0,1988.02,25.2,0,2073.35,24.4,2,2060.85,24.6,0
"2025-11-17 18:00:00",2211,801,"Chapada_High",11.93,2095.18,24.8,2,2049.73,24.5,4,2135.2,26.4,0,2047.89,24.6,5,2006.1,24.4,0,1964.94,24.5,0,1987.6,25,0,2071.69,24.2,2,2061.27,24.4,0
"2025-11-17 18:15:00",2212,801,"Chapada_High",11.93,2096.14,24.8,0,2050.13,24.4,0,2137.86,26.1,0,2049.27,24.5,0,2006.95,24.1,0,1965.37,24.7,0,1987.52,24.9,0,2072.65,24.3,2,2061.89,24.3,0
"2025-11-17 18:30:00",2213,801,"Chapada_High",11.93,2095.62,24.7,0,2050.59,24.3,0,2140.78,25.9,0,2048.7,24.3,0,2006.97,23.9,0,1964.83,24.4,0,1987.22,24.8,0,2072.68,24.2,1,2060.87,24.2,0
"2025-11-17 18:45:00",2214,801,"Chapada_High",11.92,2096.51,24.4,0,2050.49,24,0,2143.25,25.6,0,2049.55,24,0,2008.23,23.5,0,1963.77,24.1,0,1987.76,24.5,0,2071.73,24,0,2060.04,24,0
"2025-11-17 19:00:00",2215,801,"Chapada_High",11.93,2096.58,24.3,7,2049.09,23.6,0,2145.09,25.3,0,2049.58,23.5,0,2007.05,23.1,0,1965.05,23.7,0,1987.75,24.1,0,2072.76,23.7,5,2061.76,23.5,0
"2025-11-17 19:15:00",2216,801,"Chapada_High",11.92,2098.05,23.9,0,2049.85,23.6,0,2147.06,25,0,2050.16,23.2,0,2007.72,22.8,0,1963.73,23.4,0,1988.63,23.8,0,2073.12,23.3,3,2060.79,23.2,0
"2025-11-17 19:30:00",2217,801,"Chapada_High",11.93,2098.32,23.7,0,2050.55,23.3,0,2150.25,24.9,0,2050.76,23.1,0,2007.88,22.7,0,1964.43,23.3,0,1988.13,23.6,0,2072.63,23.2,0,2060.52,23,0
"2025-11-17 19:45:00",2218,801,"Chapada_High",11.93,2098.06,23.6,0,2050.01,23.1,0,2152.39,24.7,0,2050.41,23.1,0,2007.86,22.7,4,1964.2,23.2,0,1988.19,23.5,0,2072.14,23,0,2060.97,22.9,0
"2025-11-17 20:00:00",2219,801,"Chapada_High",11.92,2098.59,23.4,0,2051.08,22.9,0,2153.76,24.5,0,2049.86,22.8,0,2008.23,22.5,0,1964.14,23,0,1988.16,23.3,0,2071.7,22.8,0,2061.04,22.7,0
"2025-11-17 20:15:00",2220,801,"Chapada_High",11.93,2099.26,23.2,0,2051.27,22.7,0,2155,24.2,0,2051.29,22.6,0,2008.91,22.2,0,1964.33,22.7,0,1989.15,23.1,0,2072.02,22.5,8,2061.07,22.5,0
"2025-11-17 20:30:00",2221,801,"Chapada_High",11.93,2098.88,23,0,2051.22,22.5,7,2156.43,24,0,2051.13,22.4,0,2008.82,21.9,0,1964.6,22.5,5,1988.55,22.9,0,2071.85,22.3,0,2060.77,22.3,0
"2025-11-17 20:45:00",2222,801,"Chapada_High",11.93,2099.41,22.8,0,2051.74,22.3,0,2159.39,24,0,2050.55,22.3,0,2009.16,21.8,0,1964.15,22.3,0,1989.05,22.7,0,2072.04,22.1,2,2061.33,22.2,0
"2025-11-17 21:00:00",2223,801,"Chapada_High",11.92,2099.36,22.7,0,2052.17,22.2,0,2160.55,23.9,0,2050.99,22.1,0,2009.31,21.6,0,1965.39,22.1,0,1989.02,22.6,0,2072.15,22,0,2060.67,22,0
"2025-11-17 21:15:00",2224,801,"Chapada_High",11.93,2098.92,22.6,0,2052.11,22.1,0,2162.69,23.7,0,2052.26,22,0,2010.86,21.5,0,1965.81,22,0,1989.29,22.5,0,2072.19,21.8,0,2061.57,21.8,1
"2025-11-17 21:30:00",2225,801,"Chapada_High",11.92,2099.53,22.5,0,2053.36,22,0,2165.02,23.6,0,2051.61,22.1,0,2010.49,21.4,0,1965.18,21.9,0,1989.41,22.4,0,2071.97,21.7,1,2060.92,21.7,0
"2025-11-17 21:45:00",2226,801,"Chapada_High",11.93,2099.34,22.5,0,2052.41,21.9,0,2166.42,23.4,0,2052.47,21.9,0,2010.23,21.4,0,1965.93,21.9,2,1989.81,22.3,2,2071.73,21.6,0,2061.33,21.6,0
"2025-11-17 22:00:00",2227,801,"Chapada_High",11.93,2100.3,22.4,3,2053,21.8,0,2168.41,23.2,0,2051.57,21.7,17,2011.75,21.2,0,1965.98,21.8,11,1989.88,22.2,0,2071.48,21.5,0,2061.68,21.5,0
"2025-11-17 22:15:00",2228,801,"Chapada_High",11.92,2099.78,22.3,0,2053.05,21.7,0,2170.95,23.1,0,2052.16,21.6,0,2010.88,21.1,0,1965.88,21.6,0,1989.86,22.1,0,2071.65,21.4,0,2061.27,21.4,0
"2025-11-17 22:30:00",2229,801,"Chapada_High",11.92,2100.31,22.1,0,2053.4,21.5,13,2171.99,23,0,2052.46,21.5,0,2010.21,20.9,0,1965.98,21.5,14,1990.01,21.9,0,2071.64,21.2,0,2061.3,21.3,0
"2025-11-17 22:45:00",2230,801,"Chapada_High",11.92,2100.42,21.9,0,2053.19,21.3,0,2174.38,23,0,2052.5,21.2,0,2010.97,20.6,0,1965.54,21.2,6,1990.93,21.7,0,2071.38,21,2,2061.6,21,0
"2025-11-17 23:00:00",2231,801,"Chapada_High",11.93,2100.76,21.7,9,2053.41,21.2,2,2175.83,22.8,0,2053.27,21.1,0,2011.31,20.5,0,1966.64,21,0,1990.34,21.5,0,2071.12,20.9,0,2061.43,20.8,0
"2025-11-17 23:15:00",2232,801,"Chapada_High",11.93,2101.11,21.6,2,2054.81,21.1,5,2177.43,22.7,0,2052.83,21,0,2011.94,20.4,1,1966.49,20.9,13,1990.11,21.4,0,2070.75,20.7,0,2061.88,20.7,0
"2025-11-17 23:30:00",2233,801,"Chapada_High",11.92,2101.41,21.6,0,2054.49,21,0,2178.58,22.5,0,2053.12,21,0,2011.83,20.4,0,1966.93,20.9,2,1990.33,21.4,9,2071.62,20.7,0,2061.47,20.6,0
"2025-11-17 23:45:00",2234,801,"Chapada_High",11.92,2101,21.5,0,2054.94,21,0,2180.76,22.5,0,2053.53,21,0,2011.48,20.4,0,1966.8,20.9,0,1991.11,21.3,0,2072.23,20.7,3,2061.48,20.6,0
"2025-11-18 00:00:00",2235,801,"Chapada_High",11.92,2101.14,21.5,0,2055.32,20.9,2,2181.55,22.3,0,2053.46,20.9,0,2012.04,20.3,0,1966.81,20.9,18,1990.35,21.2,0,2071.12,20.6,1,2061.2,20.6,0
"2025-11-18 00:15:00",2236,801,"Chapada_High",11.92,2101.05,21.4,0,2055.88,20.8,0,2183.9,22.3,0,2053.72,20.8,3,2012.37,20.1,0,1966.86,20.7,0,1990.47,21.1,0,2070.15,20.5,0,2061.62,20.5,0
"2025-11-18 00:30:00",2237,801,"Chapada_High",11.92,2100.96,21.2,0,2054.29,20.6,0,2184.02,22.2,0,2053.71,20.6,0,2011.64,19.9,0,1966.81,20.6,0,1990.7,21,0,2069.68,20.3,0,2062.16,20.3,0
"2025-11-18 00:45:00",2238,801,"Chapada_High",11.93,2102.19,21.1,0,2055.19,20.5,0,2185.31,22,10,2053.7,20.5,0,2012.6,19.8,0,1967.42,20.4,0,1991.14,20.9,0,2070.9,20.2,0,2061.97,20.1,0
"2025-11-18 01:00:00",2239,801,"Chapada_High",11.92,2102.1,21,30,2055.44,20.4,0,2186.65,22,2,2053.86,20.4,4,2012.25,19.8,0,1967.12,20.4,0,1990.93,20.8,11,2068.46,20.2,1,2062.96,20.1,0
"2025-11-18 01:15:00",2240,801,"Chapada_High",11.93,2102.48,20.8,0,2055.78,20.2,0,2187.65,21.9,0,2053.91,20.3,13,2012.81,19.5,0,1967.52,20.1,0,1989.67,20.6,0,2069.11,19.9,0,2063.19,19.8,0
"2025-11-18 01:30:00",2241,801,"Chapada_High",11.92,2102.07,20.7,0,2056.07,20.2,0,2189.4,21.7,0,2054.8,20.1,0,2012.77,19.4,0,1968.14,20,0,1989.49,20.5,0,2068.96,19.8,0,2062.59,19.8,0
"2025-11-18 01:45:00",2242,801,"Chapada_High",11.92,2102.19,20.6,0,2056.23,20.1,0,2190.12,21.6,0,2054.59,20,3,2013.47,19.3,0,1967.84,19.9,0,1989.1,20.4,0,2068.72,19.7,0,2063.01,19.6,0
"2025-11-18 02:00:00",2243,801,"Chapada_High",11.92,2102.33,20.5,0,2056.29,20,0,2191.09,21.5,0,2055.56,20,0,2013.42,19.3,0,1967.7,19.8,0,1990.23,20.3,0,2068.62,19.6,0,2062.94,19.6,0
"2025-11-18 02:15:00",2244,801,"Chapada_High",11.92,2103.14,20.5,0,2056.65,20,0,2192.03,21.4,0,2054.61,19.9,0,2013.68,19.3,0,1968.46,19.9,0,1990.09,20.2,0,2069.71,19.6,1,2063.37,19.6,0
"2025-11-18 02:30:00",2245,801,"Chapada_High",11.92,2103.5,20.5,0,2056.87,19.9,0,2193.21,21.4,0,2054.92,19.8,0,2012.65,19.5,1,1968.26,19.9,8,1990.59,20.2,0,2068.75,19.6,0,2062.77,19.5,0
"2025-11-18 02:45:00",2246,801,"Chapada_High",11.92,2102.92,20.4,1,2057.17,19.9,0,2193.4,21.4,0,2055.39,19.7,0,2012.8,19.3,0,1968.65,19.8,0,1990.29,20.1,0,2069.5,19.5,1,2063.29,19.5,4
"2025-11-18 03:00:00",2247,801,"Chapada_High",11.92,2103.18,20.2,15,2057.01,19.7,0,2194.47,21.3,0,2054.09,19.6,0,2013.78,19,0,1967.82,19.6,0,1990.75,20,0,2068.88,19.3,3,2062.85,19.3,2
"2025-11-18 03:15:00",2248,801,"Chapada_High",11.92,2102.57,20.1,0,2057.26,19.5,0,2195.47,21.2,4,2055.73,19.5,0,2013.86,18.8,0,1968.28,19.4,2,1990.71,19.8,0,2069.89,19.2,2,2062.08,19.1,0
"2025-11-18 03:30:00",2249,801,"Chapada_High",11.92,2103.14,20,0,2057.34,19.5,0,2196.28,21.1,0,2055.09,19.4,0,2013.65,18.9,5,1968.72,19.4,0,1990.49,19.8,0,2069.45,19.2,1,2063.26,19,0
"2025-11-18 03:45:00",2250,801,"Chapada_High",11.92,2103.54,20,0,2057.7,19.5,0,2195.83,21,0,2055.42,19.4,0,2013.34,19.1,0,1969.43,19.4,0,1990.63,19.7,0,2068.11,19.2,0,2063.59,19,0
"2025-11-18 04:00:00",2251,801,"Chapada_High",11.92,2103.5,19.9,7,2057.75,19.4,0,2197.03,21,0,2055.01,19.3,0,2014.3,19.1,0,1968.59,19.4,1,1991.62,19.7,0,2068.63,19.2,7,2062.68,19,0
"2025-11-18 04:15:00",2252,801,"Chapada_High",11.92,2103.3,19.9,1,2057.74,19.4,0,2198.01,20.9,0,2055.34,19.3,0,2013.92,19,0,1969.48,19.4,0,1991.15,19.6,0,2068.42,19.1,0,2062.6,19.1,0
"2025-11-18 04:30:00",2253,801,"Chapada_High",11.92,2103.37,19.8,0,2058.18,19.3,0,2198.08,20.9,0,2055.12,19.2,0,2013.75,18.8,0,1969.49,19.3,8,1993.32,19.5,0,2068.81,19,3,2062.6,19,0
"2025-11-18 04:45:00",2254,801,"Chapada_High",11.92,2103.48,19.7,0,2058.83,19.3,0,2199.3,20.9,0,2054.59,19.2,5,2014.77,18.7,0,1969.11,19.2,0,1991.24,19.5,0,2067.45,18.9,0,2062.82,18.9,0
"2025-11-18 05:00:00",2255,801,"Chapada_High",11.92,2104.34,19.8,0,2058.57,19.4,4,2199.71,20.9,0,2054.42,19.4,0,2014.33,18.8,0,1969.65,19.4,0,1990.98,19.6,2,2068.5,19,0,2062.25,19,0
"2025-11-18 05:15:00",2256,801,"Chapada_High",11.92,2103.44,19.8,0,2057.82,19.4,0,2199.16,20.7,0,2056.1,19.4,0,2014.52,19,0,1969.59,19.5,26,1991.32,19.6,0,2066.94,19,0,2062.53,19,0
"2025-11-18 05:30:00",2257,801,"Chapada_High",11.92,2103.91,19.9,0,2057.46,19.4,0,2199.97,20.7,0,2055.74,19.4,0,2014.38,19.1,0,1969.34,19.6,0,1991.6,19.6,6,2067.57,19.1,0,2062.41,19.1,0
"2025-11-18 05:45:00",2258,801,"Chapada_High",11.92,2104.42,19.8,0,2057.95,19.3,0,2200.31,20.6,2,2056.81,19.3,0,2014.23,18.9,0,1969.93,19.5,0,1991.91,19.6,0,2067,19,0,2062.14,19,0
"2025-11-18 06:00:00",2259,801,"Chapada_High",11.92,2104.18,19.6,0,2058.96,19.2,0,2201.41,20.5,0,2056.15,19.1,0,2014.77,18.6,0,1969.66,19.2,2,1991.6,19.5,0,2065.98,18.8,2,2062.41,18.9,0
"2025-11-18 06:15:00",2260,801,"Chapada_High",11.92,2104.66,19.6,0,2059.39,19.2,0,2201.37,20.5,0,2056.74,19.2,0,2015.49,18.7,0,1969.62,19.2,0,1992.07,19.5,0,2067.39,18.9,0,2062.95,18.9,0
"2025-11-18 06:30:00",2261,801,"Chapada_High",11.92,2104.56,19.8,1,2058.37,19.5,0,2201.68,20.7,0,2056.24,19.6,0,2014.45,19.2,0,1969.81,19.6,25,1990.97,19.8,0,2067.29,19.2,5,2062.27,19.2,0
"2025-11-18 06:45:00",2262,801,"Chapada_High",11.92,2105.06,20.5,27,2058.32,20.2,0,2201.72,21.3,0,2056.57,20.5,16,2013.26,20.3,0,1969.41,20.7,1,1990.63,20.5,0,2066.14,20,0,2060.68,20.1,0
"2025-11-18 07:00:00",2263,801,"Chapada_High",11.92,2104.21,20.9,0,2058.96,20.7,4,2201.4,21.8,0,2055.26,21.2,0,2013.2,21,0,1969.77,21.3,0,1992.64,21,0,2066.96,20.5,2,2060.17,20.6,0
"2025-11-18 07:15:00",2264,801,"Chapada_High",11.92,2103.17,21.2,1,2058.7,21,0,2201.88,22,0,2057.19,21.3,0,2014.4,21.4,0,1968.74,21.9,0,1992.99,21.3,0,2066.84,20.8,0,2060.77,20.9,0
"2025-11-18 07:30:00",2265,801,"Chapada_High",11.92,2104.16,21.3,0,2058.93,21.2,0,2201.99,22.1,0,2056.41,21.5,0,2013.03,21.5,0,1969.29,22.1,0,1992.83,21.8,0,2066.03,21.1,0,2060.29,21.2,0
"2025-11-18 07:45:00",2266,801,"Chapada_High",11.93,2104.08,21.5,0,2058.84,21.4,0,2202.03,22.3,0,2056.15,21.6,0,2013.88,21.6,0,1968.81,22.1,0,1992.9,22,0,2065.6,21.5,2,2059.25,21.4,0
"2025-11-18 08:00:00",2267,801,"Chapada_High",11.92,2104.19,21.7,0,2058.41,21.6,0,2203.06,22.6,0,2056.59,21.9,0,2012.65,21.9,0,1969.08,22.4,4,1992.95,22.2,0,2065.4,21.7,0,2059.42,21.9,0
"2025-11-18 08:15:00",2268,801,"Chapada_High",11.92,2103.46,22.2,0,2058.78,22,0,2202.43,22.9,0,2057.42,22.2,18,2011.97,22.3,0,1968.89,22.7,0,1992.71,22.5,0,2064.51,21.9,0,2059.54,22.2,0
"2025-11-18 08:30:00",2269,801,"Chapada_High",11.92,2103.63,22.3,0,2058.12,22.5,0,2201.87,23.3,0,2056.25,22.7,0,2011.88,22.7,0,1968.49,23.1,1,1992.74,22.9,0,2064.45,22.2,0,2058.05,22.5,0
"2025-11-18 08:45:00",2270,801,"Chapada_High",11.92,2103.31,22.6,5,2058.02,22.7,2,2202.84,23.7,0,2055.87,23.6,0,2011.66,23.1,0,1968.36,23.5,0,1992.59,23.3,0,2063.9,22.5,1,2058.56,22.8,0
"2025-11-18 09:00:00",2271,801,"Chapada_High",11.93,2102.86,22.9,0,2058.17,23,0,2201.43,23.9,0,2055.99,23.9,5,2012.1,24.1,0,1969.71,24,0,1992.42,23.6,1,2063.01,22.9,19,2058.35,23.2,0
"2025-11-18 09:15:00",2272,801,"Chapada_High",11.92,2102.33,23.4,2,2057.85,23.5,0,2201.63,24.6,0,2056.16,24.5,0,2010.96,24.5,0,1969.56,25.1,0,1992.44,24.3,0,2062.4,23.6,0,2057.17,23.9,0
"2025-11-18 09:30:00",2273,801,"Chapada_High",11.92,2101.13,23.8,0,2059.23,24,0,2201.25,25.1,0,2056.11,25.1,0,2011.46,24.9,0,1969.38,25.4,0,1992.31,25.2,0,2059.87,24.4,2,2056.85,24.3,0
"2025-11-18 09:45:00",2274,801,"Chapada_High",11.93,2101.1,24.3,0,2058.66,24.5,0,2200.31,25.7,0,2055.45,25.8,0,2009.85,25.6,0,1968.63,26,0,1991.36,25.6,0,2058.79,25.3,1,2056.97,25.1,0
"2025-11-18 10:00:00",2275,801,"Chapada_High",11.92,2099.89,26.4,0,2056.83,25.8,0,2199.7,27.2,0,2055.39,27.5,0,2008.41,27.3,0,1967.13,27.7,0,1989.23,27,0,2057.35,26.8,0,2056.3,26.5,0
"2025-11-18 10:15:00",2276,801,"Chapada_High",11.93,2099.27,27.6,0,2057.32,28.2,0,2200.64,28.9,0,2053.88,29,0,2006.83,28.8,0,1967.95,29.1,0,1988.5,28.5,0,2056.17,28.3,0,2057.07,27.5,0
"2025-11-18 10:30:00",2277,801,"Chapada_High",11.92,2098.3,28.4,3,2057.08,29,0,2200.01,30.5,0,2053.84,30.5,0,2006.85,30.2,0,1967.27,30.2,0,1988.15,29.7,0,2054.2,29.7,5,2055.44,28.6,0
"2025-11-18 10:45:00",2278,801,"Chapada_High",11.92,2099.23,29,0,2055.69,30,1,2197.99,31.1,0,2053.73,32.3,0,2004.45,31.7,0,1966.48,30.7,0,1987.78,30.5,0,2052.68,30.5,0,2055.9,29.5,0
"2025-11-18 11:00:00",2279,801,"Chapada_High",11.93,2096.91,30.2,0,2054.87,31.5,0,2196.44,32.2,1,2053.77,33.9,0,2002.23,33.2,0,1966.03,31.9,0,1987.11,31.6,0,2050.73,31.7,0,2056.55,31,0
"2025-11-18 11:15:00",2280,801,"Chapada_High",11.92,2096.7,30.6,1,2053.71,32.4,0,2195.41,32.3,0,2051.8,34.6,0,2001.49,33.4,0,1965.04,32.6,0,1987.46,32.8,0,2048.25,32.2,0,2054.77,31.8,0
"2025-11-18 11:30:00",2281,801,"Chapada_High",11.92,2095.71,30.7,0,2052.3,33.1,0,2194.2,33.5,0,2051.58,34.8,0,2000.99,33.7,0,1964.3,32.9,0,1987.36,32.9,0,2046.8,33.5,4,2053.58,32.4,0
"2025-11-18 11:45:00",2282,801,"Chapada_High",11.93,2096.32,30.3,0,2052.46,32.4,0,2191.28,33.5,0,2051.02,34,0,2001.12,33.4,0,1963.46,32.9,0,1986.17,32.9,0,2045.7,32.6,3,2054.24,32.8,0
"2025-11-18 12:00:00",2283,801,"Chapada_High",11.93,2095.08,31.3,1,2051.82,33.2,14,2189.98,34.6,0,2051.17,35.6,0,1999.87,34.3,0,1961.66,33.9,0,1986.23,33.3,0,2042.74,32.2,0,2052.26,33.2,0
"2025-11-18 12:15:00",2284,801,"Chapada_High",11.92,2095.25,31.6,0,2050.56,34.3,0,2189.66,35.8,0,2050.33,37,0,1999.49,35,0,1961.62,34,0,1985.84,33.8,0,2042.68,32,4,2051.33,34.2,0
"2025-11-18 12:30:00",2285,801,"Chapada_High",11.92,2093.33,32.1,0,2049.71,35.1,0,2186.92,36.7,0,2049.05,38.2,0,1998.38,35.7,0,1960.97,34.4,3,1987.67,34.8,0,2041.35,32.7,4,2050.09,35.1,0
"2025-11-18 12:45:00",2286,801,"Chapada_High",11.93,2094.63,31.9,0,2049.08,34.6,0,2187.28,36.5,0,2049.67,36.8,0,1998.64,35.8,0,1960.6,34,0,1985.39,34.6,0,2039.85,33,0,2049.49,34.5,0
"2025-11-18 13:00:00",2287,801,"Chapada_High",11.91,2093.08,32,8,2049.18,34.3,0,2186.5,35.9,0,2048.89,36,6,1998.47,35.2,0,1961.1,34.2,0,1984.82,34.6,0,2039.16,33.3,6,2048.18,34.4,0
"2025-11-18 13:15:00",2288,801,"Chapada_High",11.9,2092.92,32.3,0,2048.37,34.6,0,2185.36,35.5,0,2047.55,35.9,0,1997.68,35.2,0,1959.89,34.2,0,1984.15,35.2,0,2037.61,33.8,0,2047.59,34.3,0
"2025-11-18 13:30:00",2289,801,"Chapada_High",11.9,2091.4,33,0,2046.12,35.4,0,2182.41,34.7,0,2046.53,36.6,0,1996.57,36.1,0,1958.86,34.6,0,1984.88,36.5,0,2035.02,35.1,0,2047.73,34.5,0
"2025-11-18 13:45:00",2290,801,"Chapada_High",11.9,2091.23,32.9,3,2046.87,35.4,0,2182.21,34.2,0,2046.8,37.1,0,1995.2,37.1,0,1958.36,34.6,0,1983.85,36.7,0,2032.34,35,0,2046.9,36.1,0
"2025-11-18 14:00:00",2291,801,"Chapada_High",11.9,2089.64,34,0,2044.24,35.8,0,2182.44,34.3,0,2046.03,37.9,0,1994.73,38,0,1958.46,34.8,0,1983.2,37.2,0,2029.96,35.1,2,2046.09,36.4,0
"2025-11-18 14:15:00",2292,801,"Chapada_High",11.9,2090.76,32.1,0,2046.25,34.4,0,2180.75,33.5,3,2046.55,35.4,0,1996.42,35.2,0,1958.95,32.6,0,1984.53,35.4,0,2030.35,33,0,2046.49,34.1,0
"2025-11-18 14:30:00",2293,801,"Chapada_High",11.9,2090.91,30.8,0,2046.36,32.4,1,2180.94,33,0,2046.54,33.7,0,1998.05,33,0,1959.02,31.5,0,1983.94,33.7,0,2032.01,31.8,0,2045.29,32.3,0
"2025-11-18 14:45:00",2294,801,"Chapada_High",11.9,2090.75,30.2,0,2046.09,31.6,3,2181.24,32.4,0,2045.85,33,0,1997.83,32.9,0,1959.34,31,0,1984.69,32.8,0,2031.09,31.2,2,2044.16,31.6,0
"2025-11-18 15:00:00",2295,801,"Chapada_High",11.9,2090.93,29.9,0,2046.05,31.1,0,2180.34,32,0,2046.41,32.3,0,1998.47,32.2,0,1958.88,30.7,0,1984.94,32.3,0,2030.27,30.8,0,2043.88,31.3,0
"2025-11-18 15:15:00",2296,801,"Chapada_High",11.91,2090.7,30.5,0,2045.83,31.9,0,2179.16,32.4,0,2046.39,33.6,0,1996.61,34.3,0,1958.52,31.8,0,1983.81,33.8,0,2030.01,31.7,14,2043.89,33.3,0
"2025-11-18 15:30:00",2297,801,"Chapada_High",11.9,2089.31,30.9,0,2044.63,32.4,0,2176.83,33,0,2046.24,34,0,1997.09,34.3,0,1959.57,31.9,0,1983.45,34.4,0,2026.45,33.3,5,2041.89,33.8,0
"2025-11-18 15:45:00",2298,801,"Chapada_High",11.9,2089.9,30,0,2045.18,30.8,0,2176.56,31.8,0,2045.69,31.9,0,1998.68,31.7,0,1959.02,30.4,0,1983.88,32.5,0,2027.49,31.2,0,2041.66,31.9,0
"2025-11-18 16:00:00",2299,801,"Chapada_High",11.9,2090.29,29.7,0,2044.66,30.4,0,2177.67,31.2,0,2045.34,31,0,1999.24,30.9,0,1958.5,30,0,1984.06,31.4,0,2026.21,30.4,4,2041.89,30.6,0
"2025-11-18 16:15:00",2300,801,"Chapada_High",11.9,2088.5,29,7,2045.42,29.8,0,2177.31,30.8,0,2045.69,30.3,0,2000.23,30,0,1958.06,29.4,0,1985.23,30.6,0,2024.97,29.6,13,2040.93,29.6,0
"2025-11-18 16:30:00",2301,801,"Chapada_High",11.91,2088.91,28.5,5,2045.02,29.1,0,2176.69,30.1,3,2045.93,30.1,0,2000.37,29.3,0,1957.32,28.9,0,1985.24,29.9,0,2025.23,29,0,2040.61,28.9,2
"2025-11-18 16:45:00",2302,801,"Chapada_High",11.9,2088.75,28.4,0,2045.22,28.9,0,2175.91,29.8,0,2045.44,29.6,0,2000.43,29.6,0,1957.85,28.8,0,1985.07,29.6,0,2024.29,28.9,0,2039.76,28.7,0
"2025-11-18 17:00:00",2303,801,"Chapada_High",11.9,2089.04,28.2,0,2044.78,28.6,0,2175.01,29.5,0,2045.86,29.2,0,2000.65,29,0,1957.45,28.6,0,1986.01,29.4,0,2023.94,28.6,0,2040.48,28.4,0
"2025-11-18 17:15:00",2304,801,"Chapada_High",11.9,2088.86,27.8,0,2044.9,28.1,0,2174.96,29.1,8,2045.17,28.7,0,2001.17,28.4,0,1957.69,28.1,0,1985.34,29.1,0,2023.63,28.3,15,2038.99,28,0
"2025-11-18 17:30:00",2305,801,"Chapada_High",11.9,2088.54,27.6,0,2044.88,27.9,0,2175.01,28.8,0,2045.56,28.4,0,2001.57,28.3,0,1957.47,28.1,0,1985.9,28.5,0,2022.3,28.1,0,2039.38,28.1,0
"2025-11-18 17:45:00",2306,801,"Chapada_High",11.9,2088.33,27.8,0,2044.68,27.9,0,2173.53,28.7,0,2045.65,28.5,0,2001.28,28.4,0,1957.86,28.2,0,1986.06,28.3,2,2022.1,28,0,2039.87,28,0
"2025-11-18 18:00:00",2307,801,"Chapada_High",11.9,2087.85,27.4,0,2045.43,27.7,5,2172.9,28.3,0,2044.85,28,0,2001.85,27.7,0,1957.58,27.7,0,1985.91,28,0,2022.28,27.5,0,2038.44,27.5,0
"2025-11-18 18:15:00",2308,801,"Chapada_High",11.9,2088.6,26.9,0,2044.98,27,0,2172.29,27.9,0,2045.63,27.4,0,2002.4,26.9,0,1958.31,26.9,0,1986.23,27.5,0,2021.88,26.9,0,2038.01,26.8,0
"2025-11-18 18:30:00",2309,801,"Chapada_High",11.9,2088.62,26.4,0,2043.19,26.4,0,2171.79,27.3,0,2044.63,26.8,0,2002.63,26.4,0,1958.03,26.4,0,1985.54,26.9,0,2021.16,26.3,2,2038.19,26.2,0
"2025-11-18 18:45:00",2310,801,"Chapada_High",11.9,2088.6,26,0,2043.26,25.9,0,2171.86,26.8,0,2044.36,26.2,0,2003.44,25.8,0,1958.83,25.9,0,1988.03,26.4,0,2021.46,25.8,0,2038.01,25.6,0
"2025-11-18 19:00:00",2311,801,"Chapada_High",11.9,2088.76,25.6,0,2043.16,25.4,0,2172.81,26.4,0,2044.87,25.7,0,2003.4,25.2,0,1959.2,25.4,0,1987.96,26,0,2021.25,25.3,0,2037.88,25.1,0
"2025-11-18 19:15:00",2312,801,"Chapada_High",11.9,2088.77,25.3,0,2043.19,25,0,2172.2,26,0,2045.11,25.2,0,2003.31,24.7,0,1959.64,24.9,0,1988.41,25.6,0,2022.11,24.9,4,2037.95,24.7,0
"2025-11-18 19:30:00",2313,801,"Chapada_High",11.9,2088.8,25,0,2045.26,24.7,0,2171.35,25.7,1,2046.18,24.9,0,2004.28,24.4,0,1957.73,24.6,0,1988.12,25.2,0,2021.65,24.5,0,2038.13,24.4,0
"2025-11-18 19:45:00",2314,801,"Chapada_High",11.9,2088.93,24.8,0,2045.14,24.5,0,2171.2,25.4,0,2045.52,24.6,2,2004.96,24.1,0,1958.17,24.4,0,1988.43,24.9,0,2021.7,24.2,0,2038.46,24.1,0
"2025-11-18 20:00:00",2315,801,"Chapada_High",11.9,2088.79,24.6,0,2044.79,24.2,0,2170.4,25.2,0,2045.37,24.4,0,2004.25,23.9,0,1958.03,24.1,0,1988.19,24.6,5,2020.73,23.9,10,2037.64,23.8,0
"2025-11-18 20:15:00",2316,801,"Chapada_High",11.9,2089.08,24.4,0,2044.7,24,0,2171.32,25,0,2045.72,24.3,0,2005.18,23.6,0,1958.41,23.9,0,1988.79,24.4,0,2022.11,23.7,0,2038.35,23.6,0
"2025-11-18 20:30:00",2317,801,"Chapada_High",11.9,2089.08,24.2,0,2043.57,23.8,0,2171.58,24.8,0,2045.03,24,0,2004.95,23.4,0,1959.2,23.7,0,1989,24.2,0,2022.09,23.5,0,2037.92,23.4,0
"2025-11-18 20:45:00",2318,801,"Chapada_High",11.9,2088.76,24,0,2045.89,23.6,0,2171.51,24.6,0,2045.07,23.8,0,2004.82,23.2,0,1959.23,23.5,0,1989.14,24,0,2021.81,23.3,0,2037.99,23.2,0
"2025-11-18 21:00:00",2319,801,"Chapada_High",11.9,2089.48,23.9,0,2045.65,23.5,0,2170.89,24.5,0,2045.14,23.7,0,2005.4,23.1,0,1958.63,23.4,0,1989.13,23.9,0,2021.69,23.2,0,2038.05,23.2,0
"2025-11-18 21:15:00",2320,801,"Chapada_High",11.9,2089.31,23.8,0,2043.58,23.4,0,2171.27,24.3,0,2046.34,23.6,2,2005.1,23,0,1958.76,23.4,0,1988.87,23.8,0,2021.99,23.1,0,2038.51,23.1,0
"2025-11-18 21:30:00",2321,801,"Chapada_High",11.9,2090.89,23.6,0,2043.56,23.2,2,2170.8,24.2,0,2045.75,23.3,0,2005.9,22.7,0,1959.22,23.1,0,1988.87,23.6,1,2021.19,22.9,0,2038.81,22.8,0
"2025-11-18 21:45:00",2322,801,"Chapada_High",11.9,2090.94,23.3,21,2044.74,22.9,0,2170.95,23.9,0,2045.76,23,0,2006.1,22.3,1,1958.54,22.7,0,1988.91,23.3,0,2021.53,22.6,2,2039.07,22.5,0
"2025-11-18 22:00:00",2323,801,"Chapada_High",11.9,2090.52,23.1,0,2044.06,22.7,0,2171.08,23.8,0,2044.89,22.7,0,2005.93,22,0,1959.34,22.4,7,1989.45,23.1,0,2020.82,22.4,0,2038.34,22.3,0
"2025-11-18 22:15:00",2324,801,"Chapada_High",11.9,2091.25,22.9,0,2043.95,22.5,0,2170.45,23.6,0,2045.53,22.5,0,2006.74,21.8,0,1959.75,22.3,0,1989.43,22.9,2,2021.57,22.3,0,2038.49,22.1,0
"2025-11-18 22:30:00",2325,801,"Chapada_High",11.9,2091.04,22.6,0,2043.64,22.3,0,2171.31,23.4,0,2046.52,22.3,0,2007.31,21.4,0,1959.57,21.9,0,1989.76,22.7,0,2021.4,21.9,0,2039.12,21.8,0
"2025-11-18 22:45:00",2326,801,"Chapada_High",11.9,2091.01,22.4,0,2045.18,22.1,0,2170.56,23.2,0,2046.21,22.1,0,2007.39,21.3,0,1960.12,21.7,6,1990.14,22.4,0,2020.96,21.7,0,2039.43,21.6,0
"2025-11-18 23:00:00",2327,801,"Chapada_High",11.9,2091.35,22.3,0,2044.44,22,0,2171.59,23,0,2046.38,22,0,2007.14,21.3,0,1959.82,21.7,0,1989.97,22.3,0,2021.9,21.5,0,2039.08,21.5,0
"2025-11-18 23:15:00",2328,801,"Chapada_High",11.9,2091.43,22.1,0,2045.19,21.8,0,2171.01,22.9,0,2047.06,21.8,0,2007.47,21.1,0,1960.08,21.4,0,1990.04,22.1,0,2021.55,21.5,0,2039.14,21.3,0
"2025-11-18 23:30:00",2329,801,"Chapada_High",11.9,2091.88,22,0,2044.22,21.6,0,2171.04,22.8,0,2047.35,21.6,0,2007.32,20.9,0,1960.99,21.2,0,1990.52,22,0,2021.24,21.2,0,2040.13,21.1,0
"2025-11-18 23:45:00",2330,801,"Chapada_High",11.9,2091.13,22,0,2044.96,21.6,5,2171.85,22.8,0,2047.19,21.7,0,2008.03,21,0,1962.03,21.4,0,1990.25,22,0,2021.82,21.4,0,2039.78,21.2,0
"2025-11-19 00:00:00",2331,801,"Chapada_High",11.9,2092.15,22.1,4,2045.77,21.8,0,2171,22.8,0,2047.52,21.9,0,2008.38,21.3,0,1960.86,21.6,0,1990.32,22.1,0,2021.09,21.5,1,2040.21,21.4,0
"2025-11-19 00:15:00",2332,801,"Chapada_High",11.9,2092.17,22.2,0,2045.14,21.9,0,2170.69,22.8,0,2047.6,22,4,2009.04,21.4,0,1961.72,21.8,0,1990.54,22.2,0,2021.57,21.7,0,2039.94,21.5,0
"2025-11-19 00:30:00",2333,801,"Chapada_High",11.9,2092.37,22.3,0,2044.88,22,0,2171.27,22.8,0,2047.74,22.1,0,2009.43,21.6,0,1961.22,21.9,0,1990.4,22.2,0,2021.32,21.7,0,2039.75,21.6,0
"2025-11-19 00:45:00",2334,801,"Chapada_High",11.9,2092.17,22.4,0,2044.68,22,0,2171.94,22.8,0,2047.35,22.2,0,2009.05,21.7,0,1962.09,22.1,0,1990.49,22.3,0,2020.89,21.8,0,2040.5,21.7,0
"2025-11-19 01:00:00",2335,801,"Chapada_High",11.9,2092.12,22.3,0,2044.58,22,0,2171.32,22.8,0,2048.29,22.1,0,2009.5,21.6,0,1961.23,22,0,1990.47,22.2,0,2020.47,21.7,0,2040.02,21.7,0
"2025-11-19 01:15:00",2336,801,"Chapada_High",11.9,2092.21,22.3,0,2045.41,21.9,0,2170.45,22.8,0,2047.92,22,0,2009.14,21.6,0,1961.3,22,0,1990.42,22.2,0,2020.9,21.7,3,2040.22,21.6,0
"2025-11-19 01:30:00",2337,801,"Chapada_High",11.9,2092.12,22.2,0,2044.75,21.9,0,2170.7,22.7,0,2047.95,22,0,2009.46,21.6,0,1962.57,21.9,0,1990.51,22.2,0,2021.28,21.7,0,2040.06,21.6,0
"2025-11-19 01:45:00",2338,801,"Chapada_High",11.9,2092.74,22.2,0,2045.73,21.8,0,2171.17,22.7,0,2048.29,22,0,2009.64,21.5,0,1962.09,21.9,6,1991.1,22.1,0,2020.87,21.6,0,2040.32,21.5,0
"2025-11-19 02:00:00",2339,801,"Chapada_High",11.9,2092.01,22.2,0,2045.29,21.8,0,2171.46,22.7,0,2048.44,22,0,2008.89,21.5,0,1962.36,21.9,0,1989.74,22.1,1,2020.73,21.6,0,2040.43,21.5,0
"2025-11-19 02:15:00",2340,801,"Chapada_High",11.9,2092.6,22.1,0,2045.78,21.8,0,2171.29,22.6,0,2048.23,21.9,0,2009.75,21.5,0,1962.25,21.9,0,1991.17,22.1,0,2020.33,21.6,0,2040.15,21.5,0
"2025-11-19 02:30:00",2341,801,"Chapada_High",11.9,2092.33,22.1,0,2045.72,21.7,0,2171,22.6,0,2047.86,21.8,0,2009.59,21.4,0,1962.15,21.8,0,1990.71,22,0,2020.39,21.5,0,2040.58,21.4,0
"2025-11-19 02:45:00",2342,801,"Chapada_High",11.9,2091.85,22,3,2045.58,21.7,0,2171.65,22.5,0,2048.91,21.8,0,2009.54,21.4,0,1962.39,21.8,0,1991.42,22,2,2020.53,21.4,0,2040.09,21.4,0
"2025-11-19 03:00:00",2343,801,"Chapada_High",11.9,2092.71,21.9,0,2045.63,21.6,0,2171.08,22.4,0,2048.3,21.7,0,2010.27,21.3,0,1961.94,21.7,6,1991.28,21.9,0,2020.63,21.4,0,2039.82,21.3,0
"2025-11-19 03:15:00",2344,801,"Chapada_High",11.9,2092.82,21.9,0,2045.34,21.6,0,2170.99,22.4,0,2048.7,21.7,3,2009.82,21.2,0,1961.97,21.6,6,1991.36,21.9,0,2020.25,21.4,0,2039.93,21.3,0
"2025-11-19 03:30:00",2345,801,"Chapada_High",11.9,2092.43,21.9,0,2045.14,21.5,0,2171.63,22.4,0,2049.25,21.7,0,2010.24,21.3,0,1962.79,21.6,0,1991.01,21.9,0,2019.48,21.4,0,2040.45,21.3,0
"2025-11-19 03:45:00",2346,801,"Chapada_High",11.9,2093.21,21.8,17,2045.61,21.5,9,2171.43,22.3,0,2048.67,21.7,0,2010.04,21.2,0,1962.49,21.6,0,1991.22,21.9,0,2019.95,21.4,0,2040.52,21.2,0
"2025-11-19 04:00:00",2347,801,"Chapada_High",11.9,2093.47,21.8,0,2045.24,21.5,0,2171.36,22.3,0,2048.07,21.6,0,2010.67,21.1,11,1961.87,21.6,8,1991.26,21.9,0,2019.58,21.3,1,2040.05,21.2,0
"2025-11-19 04:15:00",2348,801,"Chapada_High",11.9,2092.64,21.7,0,2045.65,21.4,0,2171.91,22.3,0,2049.3,21.5,0,2010.04,21,0,1963.28,21.4,0,1991.51,21.8,0,2020.09,21.3,0,2040.21,21.1,0
"2025-11-19 04:30:00",2349,801,"Chapada_High",11.9,2093.4,21.6,0,2045.55,21.3,0,2170.94,22.2,0,2048.22,21.3,0,2009.5,20.9,0,1962.72,21.3,0,1991.83,21.7,0,2019.25,21.1,0,2040.37,21,0
"2025-11-19 04:45:00",2350,801,"Chapada_High",11.9,2093.21,21.5,0,2045.99,21.2,0,2171.64,22.1,0,2049.05,21.2,0,2010.04,20.8,0,1962.75,21.2,0,1991.39,21.6,0,2019.91,21,0,2040.46,20.9,0
"2025-11-19 05:00:00",2351,801,"Chapada_High",11.9,2093.58,21.4,0,2045.26,21.1,0,2172.18,22,0,2049.37,21.1,1,2010.63,20.7,0,1962.91,21.1,0,1992.23,21.5,0,2020.3,21,0,2040.08,20.8,0
"2025-11-19 05:15:00",2352,801,"Chapada_High",11.9,2092.81,21.3,8,2045.99,20.9,0,2171.44,22,0,2049.08,21,0,2010.01,20.6,0,1963.16,21,0,1991.43,21.4,4,2019.92,20.8,0,2040.15,20.7,0
"2025-11-19 05:30:00",2353,801,"Chapada_High",11.9,2093.48,21.4,0,2045.71,20.9,0,2171.77,21.9,0,2049.12,21.1,0,2009.6,20.6,0,1963.39,21,0,1992.17,21.3,0,2019.65,20.8,0,2039.94,20.7,0
"2025-11-19 05:45:00",2354,801,"Chapada_High",11.9,2093.51,21.4,0,2045.96,21,0,2172.06,22,0,2049.5,21.1,0,2010.2,20.7,0,1963.62,21.1,0,1991.91,21.4,0,2019.62,20.9,0,2040.61,20.8,0
"2025-11-19 06:00:00",2355,801,"Chapada_High",11.9,2093.18,21.5,0,2045.74,21,0,2171.72,22,0,2049.38,21.2,0,2010.28,20.8,4,1963.27,21.1,0,1992.18,21.4,0,2019.84,20.9,0,2040.66,20.8,0
"2025-11-19 06:15:00",2356,801,"Chapada_High",11.9,2094.09,21.5,0,2046.7,21.1,0,2172.14,22,0,2049.4,21.3,0,2011.27,20.9,0,1964.18,21.2,0,1991.97,21.5,0,2019.98,21,0,2040.89,20.9,0
"2025-11-19 06:30:00",2357,801,"Chapada_High",11.9,2093.54,21.7,11,2046.69,21.4,0,2171.86,22.1,15,2049.78,21.5,0,2011.81,21.2,0,1964.51,21.5,0,1991.48,21.7,0,2020.05,21.3,0,2041.43,21.2,0
"2025-11-19 06:45:00",2358,801,"Chapada_High",11.9,2093.62,22.1,0,2045.66,22.1,0,2172.11,22.3,0,2050.03,22.1,0,2010.7,22,0,1964.27,22.2,4,1990.91,22.1,0,2019.96,21.8,0,2040.58,21.7,0
"2025-11-19 07:00:00",2359,801,"Chapada_High",11.9,2093.19,22.3,0,2046.56,22.4,0,2172.26,22.5,0,2050,22.3,0,2009.79,22.1,0,1963.53,22.4,0,1990.92,22.3,0,2018.94,22,0,2040.51,21.9,0
"2025-11-19 07:15:00",2360,801,"Chapada_High",11.9,2093.66,22.3,0,2046.22,22.6,0,2172.69,22.7,0,2050.92,22.4,0,2010.6,22.2,0,1963.68,22.5,0,1991.32,22.4,0,2018.89,22.1,0,2040.77,22,0
"2025-11-19 07:30:00",2361,801,"Chapada_High",11.9,2093.01,22.5,10,2045.8,22.9,0,2172.09,23,0,2049.73,23,0,2009.52,22.6,0,1964.59,22.8,0,1992,22.7,0,2018.56,22.5,0,2040.4,22.4,0
"2025-11-19 07:45:00",2362,801,"Chapada_High",11.9,2093.97,22.8,0,2045.95,23.4,0,2172.87,23.3,0,2049.58,23.3,0,2008.69,23.2,0,1963.63,23.3,0,1991.34,23.1,0,2018.5,22.8,0,2040.61,22.7,0
"2025-11-19 08:00:00",2363,801,"Chapada_High",11.9,2093,23,0,2047.8,23.8,0,2171.56,23.6,0,2050.14,23.7,0,2009.15,23.4,0,1965,23.7,0,1991.55,23.5,0,2018.11,23.2,0,2039.52,23.1,0
"2025-11-19 08:15:00",2364,801,"Chapada_High",11.9,2093.23,23.3,0,2047.48,24.3,0,2171.93,23.9,0,2050.17,24,0,2009.89,23.8,0,1965.12,24,4,1991.56,23.9,0,2016.11,23.8,0,2040.42,23.5,0
"2025-11-19 08:30:00",2365,801,"Chapada_High",11.9,2092.02,23.8,0,2045.83,25.1,0,2171.95,24.5,0,2050.33,24.8,0,2009.53,24.6,0,1964.82,24.7,0,1991.26,24.5,0,2015.72,24.5,0,2040.16,24.5,0
"2025-11-19 08:45:00",2366,801,"Chapada_High",11.9,2092.4,25.1,0,2045.24,26.4,0,2170.82,25.5,0,2049.74,26,0,2008.48,25.8,1,1964.06,25.7,0,1991.51,25.3,0,2015.38,25.5,0,2039.21,25.2,0
"2025-11-19 09:00:00",2367,801,"Chapada_High",11.9,2091.9,25.2,3,2045.39,27,0,2171.27,26,0,2048.61,26.3,0,2008.19,26.1,0,1963.32,26,0,1991.37,25.6,10,2013.95,25.8,0,2038.68,25.2,0
"2025-11-19 09:15:00",2368,801,"Chapada_High",11.9,2090.93,26.3,0,2045.67,29,0,2170.21,27.9,0,2049.15,28.5,0,2007.04,27.7,0,1962.93,27.7,0,1988.9,27,0,2012.69,27.5,0,2038.12,26.5,0
"2025-11-19 09:30:00",2369,801,"Chapada_High",11.9,2090.72,26.3,0,2045.57,29.2,0,2170.33,27.8,0,2048.88,28.5,0,2005.64,28.5,0,1962.7,27.6,0,1988.45,27.3,0,2012.46,27.7,0,2037.86,26.8,0
"2025-11-19 09:45:00",2370,801,"Chapada_High",11.9,2090.77,26.5,0,2045.49,29.5,0,2168.36,28.1,0,2049.48,28.3,0,2005.75,28.3,2,1963.54,28.4,0,1988.4,27.9,0,2011.59,28.1,0,2037.4,27,0
"2025-11-19 10:00:00",2371,801,"Chapada_High",11.9,2090.16,26.4,0,2044.9,29.2,0,2168.55,27.9,0,2049.69,28,0,2005.87,27.8,0,1962.18,27.8,0,1988.34,28.2,8,2010.73,27.8,0,2037.39,26.9,0
"2025-11-19 10:15:00",2372,801,"Chapada_High",11.9,2090.41,26.3,0,2044.7,29.2,0,2167.69,27.9,0,2048.71,27.9,2,2006.32,27.6,0,1961.53,27.4,0,1988.39,28,0,2010.19,28.2,0,2037.02,27,0
"2025-11-19 10:30:00",2373,801,"Chapada_High",11.9,2089.97,26.7,0,2044.88,29.4,0,2167.73,28.1,0,2048.78,28.3,0,2006.15,28,0,1961.27,27.6,0,1988.11,28.2,0,2009.68,28.2,0,2038.36,27.7,0
"2025-11-19 10:45:00",2374,801,"Chapada_High",11.9,2089.84,28.3,0,2043.58,31.1,0,2168.32,29.4,5,2048.27,30.1,0,2004.49,29.7,3,1962.69,29.2,0,1988.16,29.5,0,2008.6,29.9,0,2038.28,28.8,0
"2025-11-19 11:00:00",2375,801,"Chapada_High",11.9,2089.26,28.1,0,2044.06,31.3,0,2167.95,29.9,0,2047.97,30,0,2003.78,29.9,0,1962.71,29.3,1,1987.45,29.8,0,2007.83,29.9,0,2038.27,28.9,0
"2025-11-19 11:15:00",2376,801,"Chapada_High",11.9,2089.03,28.1,0,2043.7,31.3,0,2166.72,30,5,2047.74,30.7,0,2004.01,29.7,0,1962.15,29.3,0,1987.22,30,0,2007.2,30,0,2037.78,29,6
"2025-11-19 11:30:00",2377,801,"Chapada_High",11.9,2088.37,28.3,0,2042.89,31.7,0,2166.22,30.3,0,2047.69,30.8,0,2003.09,31,0,1961.41,29.7,0,1986.57,30.4,0,2007.36,30.4,0,2035.76,29.5,0
"2025-11-19 11:45:00",2378,801,"Chapada_High",11.9,2088.6,28.5,0,2043.41,32,0,2165,30.6,0,2047.02,30.8,0,2002.85,30.6,0,1961.24,30,0,1986.68,31,0,2006.57,30.7,0,2034.78,29.8,0
"2025-11-19 12:00:00",2379,801,"Chapada_High",11.9,2088.11,28.6,0,2042.76,32,0,2164.39,30.8,0,2047.38,30.9,2,2002.68,30.7,0,1960.9,30.1,0,1986.69,31.4,0,2006.28,31.1,0,2036.38,29.8,0
"2025-11-19 12:15:00",2380,801,"Chapada_High",11.9,2089.23,29.2,0,2042.22,32.9,0,2161.93,31.9,0,2045.69,32.2,0,2001.52,31.8,0,1960.79,31.1,0,1985.99,32,0,2004.84,31.9,0,2037.08,31.4,3
"2025-11-19 12:30:00",2381,801,"Chapada_High",11.9,2088.36,30.7,0,2041.71,33.7,0,2162.05,32.8,0,2045.59,32.9,0,2000.52,32.3,0,1960.1,31.8,0,1985.96,32.8,0,2003.85,32.4,0,2035.07,32,0
"2025-11-19 12:45:00",2382,801,"Chapada_High",11.9,2087.72,29.9,6,2041.36,33.3,0,2160.91,32.3,0,2045.98,32.1,0,2000.73,31.6,0,1960.13,31.2,0,1985.7,32.3,0,2003.77,31.8,0,2034.2,31.3,0
"2025-11-19 13:00:00",2383,801,"Chapada_High",11.9,2087.21,31.7,0,2040.15,35.3,0,2159.38,33.9,0,2045.24,34.2,0,1999.45,33.3,0,1960.97,33.1,0,1984.89,33.4,0,2002.3,33.7,0,2036.74,33.9,0
"2025-11-19 13:15:00",2384,801,"Chapada_High",11.9,2086.97,31.6,0,2039.81,35.2,0,2158.07,33.8,0,2044.36,34.5,0,1997.62,34.6,0,1958.28,33.1,0,1984.74,34,0,2001.15,33.9,0,2036.09,33.7,0
"2025-11-19 13:30:00",2385,801,"Chapada_High",11.9,2086.35,31.3,0,2039.74,34.9,0,2155.47,33.5,0,2043.9,33.7,0,1998.46,33.7,0,1958.48,32.4,0,1984.35,34.1,0,2000.69,33.7,0,2035.51,33.1,0
"2025-11-19 13:45:00",2386,801,"Chapada_High",11.9,2085.8,30.9,0,2039.46,34.5,4,2156.43,33,0,2043.64,33.6,0,1998.08,33.5,0,1958.95,32.1,0,1985.4,34.7,0,1998.42,33.4,0,2035.29,32.7,0
"2025-11-19 14:00:00",2387,801,"Chapada_High",11.9,2085.12,30.4,0,2040.3,33.7,14,2154.01,32.3,0,2043.49,32.9,0,1997.55,33.1,0,1958.44,31.8,0,1983.64,33.7,0,1998.68,33.1,0,2033.28,32.2,0
"2025-11-19 14:15:00",2388,801,"Chapada_High",11.9,2085.95,30.5,0,2039.43,33.7,0,2152.25,32.2,0,2043.17,32.5,0,1998,32.6,0,1958,31.7,0,1983.67,33.5,0,1999.24,32.8,0,2033.07,32.8,0
"2025-11-19 14:30:00",2389,801,"Chapada_High",11.9,2085.33,31.4,0,2039.31,34.4,0,2153.08,32.4,0,2043.41,33.9,0,1996.43,34.9,0,1958.24,32.7,0,1983.11,34.3,0,1997.09,33.7,0,2034.45,34.1,0
"2025-11-19 14:45:00",2390,801,"Chapada_High",11.9,2084.31,31.3,0,2038.48,34.6,0,2152.54,32.9,0,2042.84,33.5,0,1996.14,34.5,0,1957.41,32.5,0,1982.61,34.8,0,1995.73,33.9,0,2033.29,34.1,0
"2025-11-19 15:00:00",2391,801,"Chapada_High",11.9,2084.03,31,0,2038.75,34.5,0,2151.47,32.9,0,2041.87,34.6,0,1995.52,35.2,0,1957.19,32.3,0,1983.16,34.9,0,1996.75,33.7,0,2032.59,34.4,0
"2025-11-19 15:15:00",2392,801,"Chapada_High",11.9,2083.71,31.6,0,2037.61,35.7,0,2149.55,33.7,0,2041.97,35.3,0,1994.56,36.9,0,1956.49,33,0,1982.46,36.3,0,1994.42,34.8,0,2030.55,35.9,0
"2025-11-19 15:30:00",2393,801,"Chapada_High",11.9,2083.49,31.3,0,2036.85,35.2,5,2146.84,33.4,0,2041.8,34,0,1995.18,34.9,0,1956.59,32.2,0,1982.74,36,0,1995.19,34.2,0,2030.95,35,0
"2025-11-19 15:45:00",2394,801,"Chapada_High",11.9,2083.86,30.9,0,2038.38,34.8,0,2147.15,33,0,2041.27,33.2,0,1995.45,34.6,0,1956.44,31.8,0,1982.3,35.8,0,1994.6,34.3,0,2030.65,34.7,0
"2025-11-19 16:00:00",2395,801,"Chapada_High",11.9,2083.56,30.2,0,2037.67,33.8,0,2146.23,32.2,0,2041.75,31.9,0,1997.52,32.6,0,1956.94,30.8,0,1982.1,34.1,0,1992.91,33.1,0,2030.74,33.3,0
"2025-11-19 16:15:00",2396,801,"Chapada_High",11.9,2082.62,30.6,0,2038.36,33.3,0,2146.44,31.8,0,2040.7,31.3,0,1997.34,31.7,0,1956.34,30.4,0,1983.03,33,0,1994.23,32.2,0,2030.26,32.2,0
"2025-11-19 16:30:00",2397,801,"Chapada_High",11.9,2081.79,29.4,0,2038.18,31.9,0,2145.48,30.7,0,2040.25,30,0,1998.84,30,0,1956.18,29.3,0,1983.12,31.4,0,1994.42,30.7,5,2027.59,30.2,0
"2025-11-19 16:45:00",2398,801,"Chapada_High",11.9,2082.32,28.2,0,2039.03,30.4,0,2144.63,29.7,0,2039.84,29,0,2000.62,28.2,0,1955.03,28,0,1982.89,30,0,1992.17,29.3,0,2028.41,28.7,0
"2025-11-19 17:00:00",2399,801,"Chapada_High",11.9,2083.6,27.8,0,2039.15,30.8,0,2145.15,29.2,0,2039.9,29.7,0,1998.91,29.3,3,1956.02,27.8,0,1983.44,29.1,0,1993.52,29.2,0,2029.47,28.5,0
"2025-11-19 17:15:00",2400,801,"Chapada_High",11.9,2083.04,27.8,0,2039.1,30.8,0,2144.17,29,0,2041.22,29.4,0,1999.84,29,0,1956.17,28.2,0,1984.39,28.5,0,1993.09,29.2,1,2029.69,28.6,0
"2025-11-19 17:30:00",2401,801,"Chapada_High",11.9,2082.82,27.8,0,2039.65,30.9,0,2145.37,29,0,2040.53,29.3,1,1999.76,29.1,0,1957.02,28.7,0,1984.26,28.4,0,1993.42,29.4,0,2029.78,28.9,0
"2025-11-19 17:45:00",2402,801,"Chapada_High",11.9,2082.82,27.6,0,2038.82,30.8,0,2143.88,29,0,2040.34,29.1,0,2000.15,29.1,0,1956.34,28.8,0,1984.11,28.3,0,1993.76,29.9,0,2028.55,28.9,0
"2025-11-19 18:00:00",2403,801,"Chapada_High",11.9,2082.3,27.4,0,2039.25,30.2,0,2143.41,28.8,0,2040.55,28.5,3,2000.68,28.4,0,1955.62,28.2,0,1983.9,28.2,0,1992.98,29,0,2028.98,28.8,0
"2025-11-19 18:15:00",2404,801,"Chapada_High",11.9,2082.94,26.9,0,2039.07,29,0,2141.22,28.2,0,2041.54,27.6,0,2000.21,27.2,0,1956.46,27.2,0,1984.08,27.6,0,1992.68,27.8,7,2026.95,27.5,0
"2025-11-19 18:30:00",2405,801,"Chapada_High",11.9,2082.17,26.5,0,2039.98,28.2,0,2140.9,27.7,0,2040.88,26.9,0,2002.19,26.5,0,1956.82,26.4,0,1984.55,27,0,1993.57,27,0,2026.95,26.7,0
"2025-11-19 18:45:00",2406,801,"Chapada_High",11.9,2082.73,26.1,0,2040.34,27.5,0,2139.72,27.3,0,2041.47,26.5,0,2001.88,25.9,0,1957,26,0,1986.47,26.5,0,1993.1,26.4,0,2028.2,26.1,0
"2025-11-19 19:00:00",2407,801,"Chapada_High",11.9,2082.69,25.8,0,2038.82,27,0,2140.17,26.8,0,2040.85,26,0,2002.29,25.5,0,1956.58,25.6,0,1986.62,26.1,0,1993.18,25.9,0,2027.85,25.6,0
"2025-11-19 19:15:00",2408,801,"Chapada_High",11.9,2082.69,25.5,0,2039.33,26.4,0,2139.5,26.4,0,2040.73,25.5,0,2002.53,24.9,0,1957.35,25.1,0,1986.81,25.7,0,1994.37,25.4,0,2028.81,25.1,0
"2025-11-19 19:30:00",2409,801,"Chapada_High",11.9,2082.76,25.2,0,2039.67,26,0,2139.95,26,6,2041.83,25.1,0,2002.7,24.6,0,1955.77,24.8,0,1986.72,25.4,0,1993.04,25,0,2028.45,24.8,0
"2025-11-19 19:45:00",2410,801,"Chapada_High",11.9,2083.34,25,0,2039.18,25.6,0,2139.37,25.7,0,2041.92,24.8,0,2003.54,24.3,0,1958.05,24.6,0,1986.86,25.1,0,1994.11,24.6,0,2028.77,24.6,0
"2025-11-19 20:00:00",2411,801,"Chapada_High",11.9,2082.66,24.8,0,2040.1,25.3,0,2139.01,25.5,0,2042.03,24.7,0,2004.46,24.2,0,1956.59,24.4,0,1987.54,24.9,0,1995.92,24.4,0,2028.72,24.2,0
"2025-11-19 20:15:00",2412,801,"Chapada_High",11.9,2084.03,24.6,0,2040.16,25,0,2138.68,25.3,0,2041.56,24.4,0,2004.43,23.9,0,1957.9,24.2,0,1987.24,24.6,0,1995.61,24.2,0,2029.58,24,0
"2025-11-19 20:30:00",2413,801,"Chapada_High",11.9,2083.74,24.3,0,2041.68,24.6,0,2138.86,25,0,2042.31,24.1,0,2003.42,23.5,11,1956.81,23.8,0,1987.23,24.4,0,1994.9,23.8,0,2029.54,23.7,0
"2025-11-19 20:45:00",2414,801,"Chapada_High",11.9,2083.39,24.1,0,2039.63,24.2,0,2138.83,24.8,0,2041.53,23.8,0,2003.64,23.1,0,1956.48,23.6,0,1987.02,24.1,0,1994.7,23.6,0,2030.05,23.4,0
"2025-11-19 21:00:00",2415,801,"Chapada_High",11.9,2084.78,23.9,0,2040.5,23.9,0,2138.43,24.6,0,2042.94,23.5,0,2004.24,22.9,0,1957.48,23.3,0,1988.18,23.9,0,1995.56,23.3,1,2029.54,23.1,0
"2025-11-19 21:15:00",2416,801,"Chapada_High",11.9,2084.86,23.8,0,2040.51,23.8,0,2138.29,24.4,0,2042.06,23.5,0,2004.52,22.9,0,1957.3,23.3,0,1986.94,23.8,0,1995.73,23.2,0,2029.74,23.1,0
"2025-11-19 21:30:00",2417,801,"Chapada_High",11.9,2085.36,23.8,0,2040.69,23.8,0,2137.38,24.3,0,2042.63,23.5,0,2005.11,22.9,0,1956.44,23.4,0,1987.91,23.7,0,1995.44,23.1,0,2029.92,23.1,0
"2025-11-19 21:45:00",2418,801,"Chapada_High",11.9,2084.55,23.7,0,2040.94,23.7,0,2138.17,24.2,13,2042.6,23.4,0,2003.56,22.9,0,1957.75,23.3,0,1987.77,23.6,10,1995.15,23,0,2029.79,23,0
"2025-11-19 22:00:00",2419,801,"Chapada_High",11.9,2085.25,23.5,15,2040.93,23.5,0,2137.78,24.1,0,2043.68,23.3,0,2004.75,22.7,0,1958.2,23.1,0,1988.08,23.4,0,1994.47,22.9,0,2029.98,22.8,0
"2025-11-19 22:15:00",2420,801,"Chapada_High",11.9,2084.96,23.3,0,2041.23,23.2,0,2137.38,23.9,0,2043.21,23,0,2005.35,22.4,0,1957.68,22.8,0,1987.61,23.2,0,1995.1,22.7,0,2030.38,22.5,0
"2025-11-19 22:30:00",2421,801,"Chapada_High",11.9,2084.79,23,0,2042.02,22.9,0,2137.04,23.7,0,2043.77,22.7,0,2005.43,22,0,1957.28,22.4,0,1987.97,23,0,1994.44,22.5,8,2029.57,22.3,0
"2025-11-19 22:45:00",2422,801,"Chapada_High",11.9,2085.23,22.9,0,2041.95,22.6,0,2137.01,23.5,0,2043.33,22.4,0,2006.61,21.8,0,1957.76,22.3,0,1988.54,22.8,0,1995.49,22.3,0,2030.13,22.1,0
"2025-11-19 23:00:00",2423,801,"Chapada_High",11.9,2085.8,22.8,0,2042.09,22.6,0,2136.76,23.4,0,2043.2,22.4,0,2005.42,21.8,0,1958.78,22.3,7,1989.16,22.7,0,1995.8,22.2,0,2031.18,22,0
"2025-11-19 23:15:00",2424,801,"Chapada_High",11.9,2086.24,22.7,0,2041.73,22.5,0,2136.95,23.3,0,2042.27,22.3,0,2006.1,21.7,0,1958.5,22.2,0,1988.39,22.6,0,1995.57,22,0,2030.91,21.9,0
"2025-11-19 23:30:00",2425,801,"Chapada_High",11.9,2086.56,22.4,0,2041.87,22.1,0,2136.76,23,0,2043.57,22,0,2006.8,21.3,0,1958.59,21.8,0,1988.2,22.3,0,1995.82,21.7,0,2030.38,21.7,0
"2025-11-19 23:45:00",2426,801,"Chapada_High",11.9,2086.06,22,0,2042.19,21.7,0,2137.5,22.8,0,2043.31,21.6,0,2006.34,20.9,0,1958.16,21.3,5,1989.05,22,0,1995.51,21.4,0,2030.37,21.2,0
"2025-11-20 00:00:00",2427,801,"Chapada_High",11.9,2085.82,21.7,0,2042.22,21.4,0,2137.43,22.6,0,2044,21.3,0,2007.38,20.6,0,1958.39,20.9,4,1989.31,21.7,0,1995.52,21.1,0,2031.35,20.9,0
"2025-11-20 00:15:00",2428,801,"Chapada_High",11.9,2086.34,21.5,0,2041.85,21.1,0,2137.12,22.4,0,2042.96,21.1,0,2007.55,20.2,0,1959.24,20.7,0,1989.44,21.5,0,1995.39,20.7,0,2031.2,20.6,0
"2025-11-20 00:30:00",2429,801,"Chapada_High",11.9,2086.92,21.3,0,2042.75,20.8,0,2137.08,22.2,0,2042.75,20.8,0,2007.41,19.9,0,1959.55,20.4,0,1988.68,21.3,0,1995.73,20.5,0,2032.19,20.3,0
"2025-11-20 00:45:00",2430,801,"Chapada_High",11.9,2086.63,21.2,0,2042.89,20.6,0,2137.28,22,0,2043.43,20.7,0,2007.02,19.9,0,1959.19,20.3,0,1988.93,21.1,0,1995.03,20.4,0,2031.59,20.2,0
"2025-11-20 01:00:00",2431,801,"Chapada_High",11.9,2086.82,21.1,0,2043.03,20.5,0,2137.15,21.9,0,2043.08,20.6,0,2007.99,19.9,0,1959.79,20.2,0,1989.14,21,0,1996.98,20.3,0,2032.08,20.1,0
"2025-11-20 01:15:00",2432,801,"Chapada_High",11.9,2087.68,20.9,0,2043.04,20.3,0,2137.05,21.7,0,2043.99,20.4,0,2007.94,19.6,0,1959.73,20,0,1987.51,20.8,0,1994.81,20,0,2032.57,19.9,0
"2025-11-20 01:30:00",2433,801,"Chapada_High",11.9,2087.37,20.7,0,2043.02,20.1,0,2136.83,21.7,0,2044.7,20.2,0,2008.8,19.5,0,1959.99,19.8,0,1990.03,20.6,0,1995.24,20,0,2033.6,19.7,0
"2025-11-20 01:45:00",2434,801,"Chapada_High",11.9,2087.04,20.6,0,2042.79,20,0,2137.21,21.5,0,2044.42,20.1,0,2008.75,19.3,0,1960.06,19.7,0,1987.53,20.5,0,1995.11,19.8,0,2032.94,19.7,0
"2025-11-20 02:00:00",2435,801,"Chapada_High",11.9,2087.31,20.5,0,2043.77,19.8,0,2136.91,21.4,0,2044.42,19.9,0,2008.71,19,0,1959.86,19.4,0,1989.32,20.3,0,1997.1,19.6,0,2034.2,19.5,0
"2025-11-20 02:15:00",2436,801,"Chapada_High",11.89,2088.09,20.4,0,2043.54,19.7,0,2136.72,21.2,1,2044.89,19.9,0,2009.04,19,0,1960.69,19.5,0,1988.15,20.3,0,1997.13,19.5,0,2033.91,19.4,0
"2025-11-20 02:30:00",2437,801,"Chapada_High",11.89,2087.6,20.4,0,2043.33,19.7,0,2136.12,21.2,0,2044.97,19.9,0,2009.03,19.1,0,1961.14,19.5,0,1987.63,20.2,0,1996.04,19.5,0,2034.32,19.4,0
"2025-11-20 02:45:00",2438,801,"Chapada_High",11.9,2087.5,20.3,0,2043.81,19.6,0,2136.63,21.1,0,2044.59,19.8,0,2008.88,19.1,0,1961.06,19.5,0,1988.6,20.1,0,1995.75,19.5,0,2034.27,19.3,0
"2025-11-20 03:00:00",2439,801,"Chapada_High",11.9,2087.78,20.1,0,2043.31,19.5,0,2137.26,21,0,2045.16,19.6,0,2009.82,18.8,0,1961.3,19.2,0,1988.49,19.9,0,1995.42,19.2,0,2033.84,19.2,0
"2025-11-20 03:15:00",2440,801,"Chapada_High",11.89,2088.34,20,0,2043.51,19.3,0,2136.62,20.9,0,2044.94,19.5,0,2009.77,18.8,0,1961.58,19.2,0,1988.3,19.8,0,1997.66,19.1,0,2035.24,19,0
"2025-11-20 03:30:00",2441,801,"Chapada_High",11.89,2089.09,19.8,0,2043.54,19.2,0,2137.27,20.8,0,2045.78,19.4,0,2009.69,18.7,0,1961.49,19.1,0,1989.32,19.6,0,1997.49,19.1,0,2034.76,18.9,0
"2025-11-20 03:45:00",2442,801,"Chapada_High",11.9,2088.27,19.8,0,2045.04,19.2,0,2137.63,20.7,0,2045.82,19.4,0,2010.31,18.6,0,1962.14,19,0,1987.71,19.5,0,1996.3,19,0,2034.94,18.9,0
"2025-11-20 04:00:00",2443,801,"Chapada_High",11.9,2088.39,19.9,0,2044.25,19.3,0,2137.65,20.7,0,2046.19,19.6,0,2010.4,18.8,2,1961.62,19.2,0,1989.1,19.6,0,1996.27,19.1,0,2034.57,19,0
"2025-11-20 04:15:00",2444,801,"Chapada_High",11.89,2088.11,19.9,0,2044.23,19.3,0,2136.71,20.6,0,2045.89,19.5,0,2011.02,18.6,0,1961.87,19.2,0,1988.9,19.5,0,1996.24,19.1,0,2034.62,19,0
"2025-11-20 04:30:00",2445,801,"Chapada_High",11.9,2088.38,19.7,0,2044.75,19.2,0,2136.96,20.5,0,2046.03,19.4,0,2010.17,18.5,0,1961.77,19,0,1989.57,19.4,0,1996.3,18.9,0,2035.25,18.9,0
"2025-11-20 04:45:00",2446,801,"Chapada_High",11.89,2088.35,19.6,0,2044.31,19.1,0,2136.93,20.3,0,2045.82,19.4,0,2010.14,18.4,0,1961.81,18.9,0,1988.95,19.3,0,1995.82,18.8,0,2035.53,18.7,0
"2025-11-20 05:00:00",2447,801,"Chapada_High",11.9,2088.94,19.5,0,2045.04,19,0,2136.79,20.2,0,2046.12,19.4,0,2010.58,18.3,0,1962.16,18.8,0,1989.81,19.3,0,1996,18.7,0,2035.79,18.6,0
"2025-11-20 05:15:00",2448,801,"Chapada_High",11.9,2087.74,19.3,0,2044.54,18.9,0,2138.89,20,0,2046.5,19.3,0,2010.4,18.2,0,1963.37,18.8,0,1991.32,19.2,0,1998.04,18.6,0,2035.41,18.5,0
"2025-11-20 05:30:00",2449,801,"Chapada_High",11.9,2088.1,19.3,0,2045.62,19,0,2137.33,19.9,0,2046.15,19.4,0,2010.52,18.3,0,1962.55,18.9,1,1989.53,19.2,0,1996.19,18.6,0,2035.31,18.5,0
"2025-11-20 05:45:00",2450,801,"Chapada_High",11.9,2087.24,19.3,0,2045.23,19,0,2139.03,20,0,2046.89,19.4,0,2010.42,18.3,0,1962.52,18.9,4,1991.65,19.3,0,1996.53,18.6,0,2035.76,18.5,0
"2025-11-20 06:00:00",2451,801,"Chapada_High",11.89,2087.48,19.2,0,2044.45,19,0,2137.28,19.8,0,2046.47,19.3,0,2010.58,18.2,0,1962.32,18.8,0,1989.62,19.2,0,1996.5,18.5,0,2035.77,18.4,0
"2025-11-20 06:15:00",2452,801,"Chapada_High",11.89,2088.23,19.1,0,2044.96,18.9,0,2137.4,19.7,9,2047.04,19.2,0,2010.86,18.2,0,1962.93,18.7,0,1990.47,19.2,0,1996.74,18.4,0,2035.34,18.3,0
"2025-11-20 06:30:00",2453,801,"Chapada_High",11.9,2087.4,19.3,0,2044.86,19.3,1,2138.92,19.8,0,2046.83,19.5,0,2010.13,18.6,0,1963.34,19.1,0,1989.25,19.5,0,1996.56,18.7,0,2035.91,18.6,0
"2025-11-20 06:45:00",2454,801,"Chapada_High",11.9,2089.34,19.6,0,2044.96,19.9,0,2137.59,20,0,2047.17,19.9,0,2009.37,19.3,0,1963.35,19.7,0,1989.43,20.1,0,1997.47,19.4,0,2035.03,19.1,0
"2025-11-20 07:00:00",2455,801,"Chapada_High",11.9,2089.13,20.1,0,2045.06,20.9,0,2137.11,20.3,0,2047.41,20.4,0,2009.05,20.2,0,1962.84,20.6,0,1990.22,20.9,0,1996.57,20.1,0,2034.16,20,0
"2025-11-20 07:15:00",2456,801,"Chapada_High",11.9,2088.97,21,0,2044.71,21.9,0,2137.16,20.8,0,2047.45,21.1,0,2008.86,21.1,0,1962.55,21.4,0,1990.53,21.9,0,1997.69,20.7,0,2033.6,20.6,0
"2025-11-20 07:30:00",2457,801,"Chapada_High",11.9,2089.3,21.5,0,2045.2,23.1,0,2137.46,21.4,0,2047.21,22,0,2008.52,22.3,0,1962.83,22.5,0,1990.18,23.1,0,1996.84,21.6,0,2033.69,21.4,0
"2025-11-20 07:45:00",2458,801,"Chapada_High",11.9,2089.05,22,0,2045.37,24.3,0,2137.18,22.4,0,2046.78,23.2,0,2007.47,23.3,0,1962.34,23.5,0,1990.47,24.3,0,1997.03,22.6,1,2032.89,22.3,0
"2025-11-20 08:00:00",2459,801,"Chapada_High",11.89,2088.78,22.5,0,2044.08,25.1,0,2137.47,22.8,0,2046.79,24,0,2006.86,24.8,0,1963.09,24.3,0,1990.02,25.3,0,1996.08,23.2,0,2033.19,22.9,0
"2025-11-20 08:15:00",2460,801,"Chapada_High",11.9,2088.64,23.1,0,2044.03,26.2,0,2136.17,23.6,0,2045.97,24.9,0,2006.63,25.4,0,1963.46,25.3,0,1990.94,26.4,0,1994.21,24.2,0,2031.85,23.8,0
"2025-11-20 08:30:00",2461,801,"Chapada_High",11.9,2087.17,23.9,3,2044.77,27.2,0,2135.89,24.5,0,2046.16,26.2,0,2006.58,26.1,0,1960.93,26.4,0,1987.71,27.5,0,1992.77,25.2,0,2031.6,24.6,0
"2025-11-20 08:45:00",2462,801,"Chapada_High",11.9,2086.33,24.6,0,2044.76,28.1,0,2135.02,25.5,0,2045.9,27.1,0,2005.07,26.8,0,1961.53,27.5,0,1987.4,28.4,0,1991.74,26.8,0,2030.57,25.4,2
"2025-11-20 09:00:00",2463,801,"Chapada_High",11.9,2086.22,25.8,0,2043.54,29.1,0,2135.43,26.7,0,2045.27,28.3,0,2004.85,27.6,0,1961.58,28.8,0,1987.36,29.5,0,1990.2,27.7,0,2029.95,26.6,0
"2025-11-20 09:15:00",2464,801,"Chapada_High",11.9,2086.03,27.1,0,2043.93,30.1,0,2136.02,27.9,0,2045.81,29.3,0,2003.73,28.5,0,1961.76,30,0,1986.99,30.6,0,1988.95,28.9,0,2029.17,27,0
"2025-11-20 09:30:00",2465,801,"Chapada_High",11.9,2085.4,27.8,0,2043.09,31.3,0,2135.85,29.9,0,2044.26,30.4,0,2002.33,29.5,0,1961.69,31.1,0,1986.05,31.6,0,1989.75,30.2,0,2029.93,27.6,0
"2025-11-20 09:45:00",2466,801,"Chapada_High",11.9,2085.45,28.7,0,2042.03,32.4,0,2131.84,31.2,0,2044.08,32.6,0,2001.38,30.7,0,1960.86,31.9,0,1985.72,32.7,0,1988.42,31.4,0,2029.7,28.4,0
"2025-11-20 10:00:00",2467,801,"Chapada_High",11.9,2084.84,29.4,0,2041.47,33.3,0,2132.34,31.8,0,2043.88,32.7,0,1999.68,32.3,0,1958.8,32.5,0,1985.3,33.6,0,1986.42,32.5,0,2029.94,29.2,0
"2025-11-20 10:15:00",2468,801,"Chapada_High",11.9,2084.08,30.2,0,2040.5,34.2,0,2131.4,32.6,0,2043.18,33.2,0,1998.34,32.5,0,1958.31,33,0,1985.25,34.3,0,1984.33,33.5,0,2028.24,30,0
"2025-11-20 10:30:00",2469,801,"Chapada_High",11.9,2083.51,29.2,0,2040.74,33.1,0,2127.56,31.5,0,2043.25,31.8,0,2000.73,31,0,1958.92,31.3,0,1985.47,33.5,0,1983.34,32.7,0,2029.25,29.3,0
"2025-11-20 10:45:00",2470,801,"Chapada_High",11.9,2082.95,30.3,0,2039.66,34.3,3,2128.62,32.2,0,2041.37,33.5,0,1998.05,32.9,0,1957,32.7,0,1984.51,34.5,0,1982.9,34,0,2028.52,31.7,0
"2025-11-20 11:00:00",2471,801,"Chapada_High",11.9,2082.01,31.5,0,2039.93,35,0,2125.87,32.8,0,2040.95,34.1,0,1997.41,33.1,0,1957.51,32.8,0,1985.9,34.9,0,1981.85,34.3,0,2028.49,31.8,0
"2025-11-20 11:15:00",2472,801,"Chapada_High",11.9,2081.76,31.6,0,2037.96,35.8,0,2124.37,33.2,0,2040.35,35.6,0,1995.57,34.1,0,1957.6,33.3,0,1986.1,35.5,0,1980.01,35,0,2027.96,32.8,0
"2025-11-20 11:30:00",2473,801,"Chapada_High",11.9,2080.62,31.8,0,2036.79,36.1,0,2124.44,34.8,0,2039.65,37.1,0,1994.86,35,0,1955.64,34,0,1985.1,36,0,1979.76,35.5,0,2029.38,33.8,0
"2025-11-20 11:45:00",2474,801,"Chapada_High",11.89,2080.41,31.9,0,2036.77,36,0,2124.83,35.3,0,2040.19,36.8,0,1994.62,35.8,0,1955.94,35.2,0,1984.91,36.6,0,1978.74,35,0,2027.87,34.2,0
"2025-11-20 12:00:00",2475,801,"Chapada_High",11.9,2078.98,32.4,0,2036.24,36.1,0,2122.59,37,0,2039.45,38.7,0,1994.57,36.3,0,1953.61,36.2,0,1983.46,36.9,0,1978.87,34.3,0,2027.29,34.9,0
"2025-11-20 12:15:00",2476,801,"Chapada_High",11.9,2077.95,33.4,0,2035.88,36.8,0,2122.23,39,0,2038.32,40.6,0,1992.68,37.3,0,1953.84,36.7,0,1983.3,36.9,0,1977,34,1,2027.19,36.8,0
"2025-11-20 12:30:00",2477,801,"Chapada_High",11.9,2078.3,34.4,0,2035.16,37.7,0,2119.63,40.8,0,2036.45,42.1,0,1992.06,38,0,1953.69,37.4,0,1983.89,37.6,0,1976.61,35.5,0,2024.28,38.4,0
"2025-11-20 12:45:00",2478,801,"Chapada_High",11.89,2077.4,35.2,0,2034.65,38,0,2117.23,41.5,0,2036.46,42.6,0,1992.18,38.2,0,1953.92,37.6,0,1984.82,38,0,1977.18,36.6,0,2023.48,39.4,0
"2025-11-20 13:00:00",2479,801,"Chapada_High",11.9,2076.49,35.9,0,2033.48,38.6,0,2114,40.6,0,2035.93,40.4,0,1992.11,37.3,0,1953.49,37.6,0,1983.05,38.1,0,1975.49,37,0,2022.71,40.3,0
"2025-11-20 13:15:00",2480,801,"Chapada_High",11.9,2074.53,35.7,0,2032.9,38.4,0,2112.85,40,0,2034.88,39.7,0,1990.9,37.4,0,1952.26,37.3,0,1982.74,38.5,0,1975.2,37.4,0,2022.51,38.9,0
"2025-11-20 13:30:00",2481,801,"Chapada_High",11.9,2075.87,35.7,0,2032.99,38.3,0,2112.09,38.4,0,2034.41,40.9,0,1989.92,38.4,0,1951.6,37.5,0,1981.65,39.2,0,1973.18,38,0,2023.07,38.2,0
"2025-11-20 13:45:00",2482,801,"Chapada_High",11.9,2075.08,35,0,2032.69,37.7,0,2109.12,37.1,0,2033.37,39.5,0,1989.64,38.3,0,1951.41,36.6,0,1982.85,39.5,0,1970.94,37.3,0,2022.29,37.4,0
"2025-11-20 14:00:00",2483,801,"Chapada_High",11.9,2074.01,33.9,0,2032.78,36.8,0,2109.01,36.1,0,2032.73,38.4,0,1989.28,37.7,0,1951.69,35.7,0,1982.22,39.1,0,1972.53,36.4,0,2022.38,36.7,0
"2025-11-20 14:15:00",2484,801,"Chapada_High",11.9,2073.9,34.9,0,2033.27,38,0,2108.79,36.9,0,2032.24,40.1,0,1986.62,40.4,0,1951.39,36.9,0,1981.78,40.9,0,1971.14,38.6,0,2021.85,38.9,0
"2025-11-20 14:30:00",2485,801,"Chapada_High",11.9,2074.34,35.1,0,2032.33,38.6,0,2107.2,36.9,0,2031.98,40.4,0,1987,40.8,0,1950.94,37.2,0,1979.13,42,0,1969.01,39.1,0,2019.47,41.1,0
"2025-11-20 14:45:00",2486,801,"Chapada_High",11.9,2072.65,35.9,0,2031.82,38.5,0,2106.08,36.9,0,2031.74,39.5,0,1986.37,40.8,0,1949.93,36.7,0,1979.67,42.1,0,1968.75,38.7,0,2018.43,40.6,0
"2025-11-20 15:00:00",2487,801,"Chapada_High",11.9,2073.05,35.6,0,2031.34,39.2,0,2103.05,37.6,0,2031.99,39.8,0,1985.13,41.6,0,1949.67,37.1,0,1979.57,42.7,0,1968.48,39.2,0,2017.01,41.1,0
"2025-11-20 15:15:00",2488,801,"Chapada_High",11.9,2072.94,35.4,0,2031.11,39.4,0,2100.68,38.5,0,2030.44,40,1,1985.6,40.4,0,1950.03,36.7,0,1980.25,42.7,0,1965.91,39.1,0,2016.33,40.5,0
"2025-11-20 15:30:00",2489,801,"Chapada_High",11.89,2072.67,33.7,0,2031.43,37.1,0,2102.17,36.6,0,2030.61,36.9,0,1988.17,36.7,0,1948.48,34.6,0,1981.53,40.1,0,1966.76,36.5,0,2017.24,36.6,0
"2025-11-20 15:45:00",2490,801,"Chapada_High",11.9,2073.04,32.6,0,2032.92,35.7,0,2099.1,35,0,2031.32,34.8,0,1989.2,34.7,0,1949.73,33.3,0,1981.89,38.4,0,1967.47,35,0,2017.7,34.6,0
"2025-11-20 16:00:00",2491,801,"Chapada_High",11.9,2073.83,32.1,0,2032.24,35.2,0,2100.17,34.3,0,2030.96,34.1,0,1990.78,34.1,0,1949.85,32.9,0,1981.24,37.7,0,1969.15,34.4,0,2016.87,34.3,0
"2025-11-20 16:15:00",2492,801,"Chapada_High",11.9,2073.38,31.7,0,2033.86,34.6,0,2099.69,33.6,0,2031.94,33.2,0,1990.03,33.5,0,1949.88,32.4,0,1983.23,37,0,1968.69,34.4,0,2016.67,33.9,0
"2025-11-20 16:30:00",2493,801,"Chapada_High",11.9,2073.6,32.4,0,2032.38,35.4,0,2097.69,33.9,0,2031.64,33.5,0,1989.14,34.2,0,1950.06,33.1,0,1982.01,37.6,0,1967.14,35,0,2018.1,34.9,0
"2025-11-20 16:45:00",2494,801,"Chapada_High",11.9,2070.77,33.3,0,2031.3,35.9,0,2094.96,34.2,0,2031.64,33.9,0,1988.12,34.8,0,1948.66,34,0,1980.56,37.7,0,1966.12,35.5,0,2018.66,34.7,0
"2025-11-20 17:00:00",2495,801,"Chapada_High",11.9,2072.27,32.6,0,2031.34,35.8,0,2096.22,34.4,0,2031.22,33.7,0,1988.65,34.4,0,1948.88,33.5,0,1981.12,36.9,0,1966.82,35,2,2016.7,34,0
"2025-11-20 17:15:00",2496,801,"Chapada_High",11.9,2072.11,32.1,0,2032.38,35.3,0,2095.11,33.8,0,2030.73,33.8,0,1989.49,33.4,0,1949.56,32.9,0,1982.97,35.7,0,1965.96,34.2,0,2017.2,33.2,0
"2025-11-20 17:30:00",2497,801,"Chapada_High",11.9,2071.56,31.3,0,2032.77,34.6,0,2094.77,33.1,0,2031.43,32.7,0,1990.31,33.2,0,1949.1,32.3,0,1983.63,34.6,0,1966.78,33.3,0,2017.16,32.6,0
"2025-11-20 17:45:00",2498,801,"Chapada_High",11.9,2071.91,30.6,0,2033.04,34.1,0,2093.03,32.5,0,2030.2,32,0,1989.95,32.3,0,1949.53,31.7,0,1982.15,34.2,0,1965.97,32.6,0,2016.15,32.1,0
"2025-11-20 18:00:00",2499,801,"Chapada_High",11.9,2072.4,30.1,2,2033.34,33.6,0,2093.17,32,0,2030.56,31.5,0,1990.43,31.7,0,1948.89,31.3,0,1983.39,34.2,0,1967.05,32.3,0,2015.88,31.6,0
"2025-11-20 18:15:00",2500,801,"Chapada_High",11.9,2072.79,29.7,0,2033.86,32.8,0,2090.4,31.4,0,2031.14,30.9,0,1992.31,30.9,0,1948.86,30.5,5,1982.6,33.7,0,1967.58,31.6,9,2015.5,31.3,0
"2025-11-20 18:30:00",2501,801,"Chapada_High",11.9,2071.5,29.2,1,2034.35,31.5,0,2091.87,30.6,0,2031.35,29.7,0,1993.16,29.5,0,1948.29,29.2,2,1983.47,32.6,0,1965.71,30.2,0,2014.58,29.9,0
"2025-11-20 18:45:00",2502,801,"Chapada_High",11.9,2072.06,28.4,0,2034.42,30.2,0,2091.85,29.7,0,2030.88,28.6,0,1994.11,28.1,0,1947.53,28.1,0,1983.33,31.4,0,1965.83,28.9,0,2015.91,28.6,0
"2025-11-20 19:00:00",2503,801,"Chapada_High",11.9,2071.34,27.7,0,2034.88,29,0,2091.54,29,0,2030.4,27.8,0,1994.46,27.1,0,1948.88,27.3,0,1983.83,30.2,0,1966.02,28,0,2015.57,27.6,0
"2025-11-20 19:15:00",2504,801,"Chapada_High",11.89,2072.16,27,0,2035.04,28,0,2088.7,28.3,0,2031.75,27,0,1995.99,26.1,0,1947.17,26.3,0,1985.04,29.1,0,1965.55,27.1,0,2015.92,26.6,0
"2025-11-20 19:30:00",2505,801,"Chapada_High",11.9,2072.72,26.4,0,2034.72,27.2,0,2088.53,27.7,0,2031.34,26.3,0,1995.6,25.4,0,1948.01,25.6,0,1985.55,28.2,0,1966.16,26.4,0,2016.21,26,0
"2025-11-20 19:45:00",2506,801,"Chapada_High",11.9,2073.14,25.9,2,2034.81,26.5,0,2089.04,27.1,0,2032.46,25.7,0,1996.64,24.8,0,1948.78,25,0,1985.76,27.5,0,1967.14,25.8,0,2016.07,25.4,0
"2025-11-20 20:00:00",2507,801,"Chapada_High",11.9,2073,25.6,0,2034.9,25.9,0,2087.69,26.7,0,2031.98,25.3,0,1996.93,24.4,0,1948.03,24.6,0,1985.35,26.9,0,1966.9,25.2,0,2017.09,25,0
"2025-11-20 20:15:00",2508,801,"Chapada_High",11.9,2072.83,25.3,0,2035.25,25.5,0,2087.97,26.3,0,2032.18,25,0,1997.91,24,0,1949.35,24.3,0,1986.92,26.3,0,1967.1,24.8,0,2017.18,24.6,0
"2025-11-20 20:30:00",2509,801,"Chapada_High",11.9,2073.19,25,0,2037.44,25,0,2086.69,25.8,0,2032.23,24.6,0,1998.15,23.7,0,1948.52,23.9,0,1987.31,25.8,0,1967.49,24.4,0,2018.04,24.2,0
"2025-11-20 20:45:00",2510,801,"Chapada_High",11.9,2073.17,24.7,0,2037.18,24.7,0,2086.71,25.6,0,2034,24.3,0,1998.46,23.4,0,1949.82,23.6,0,1988.21,25.4,0,1967.99,24.1,0,2018.4,23.8,0
"2025-11-20 21:00:00",2511,801,"Chapada_High",11.89,2073.51,24.5,0,2037.33,24.4,0,2087.47,25.3,0,2032.44,24.1,0,1997.45,23.3,0,1949.4,23.4,0,1988.24,25,0,1969.44,23.9,0,2018.53,23.6,0
"2025-11-20 21:15:00",2512,801,"Chapada_High",11.89,2074.68,24.2,0,2037.97,24.1,0,2086.61,25,0,2032.92,23.8,0,1998.06,23.2,0,1949.39,23.2,0,1987.75,24.7,0,1969.72,23.6,0,2018.71,23.3,0
"2025-11-20 21:30:00",2513,801,"Chapada_High",11.9,2074.72,24,0,2036.4,23.9,0,2086.15,24.9,0,2033.27,23.6,0,1998.37,23.1,0,1949.69,23.1,0,1988.26,24.5,0,1969.56,23.5,0,2019.33,23.2,0
"2025-11-20 21:45:00",2514,801,"Chapada_High",11.9,2075.43,23.8,0,2036.77,23.6,0,2086.37,24.7,0,2033.44,23.4,0,1998.21,22.7,0,1949.87,22.7,0,1988.37,24.2,0,1970.55,23.1,0,2019.45,22.9,0
"2025-11-20 22:00:00",2515,801,"Chapada_High",11.89,2075.77,23.5,0,2037.17,23.2,0,2085.87,24.4,0,2033.53,23.1,0,1998.99,22.3,0,1950.18,22.4,0,1988.78,23.9,0,1970.68,22.8,0,2019.81,22.7,0
"2025-11-20 22:15:00",2516,801,"Chapada_High",11.9,2075.37,23.3,0,2036.82,22.9,0,2086.86,24.2,0,2032.83,22.8,0,1999.37,22.1,0,1950.93,22.2,1,1988.44,23.6,0,1970.78,22.7,0,2019.48,22.3,0
"2025-11-20 22:30:00",2517,801,"Chapada_High",11.9,2076.53,23.1,0,2037.3,22.7,0,2086.03,24,0,2033.97,22.6,0,1999.83,21.9,0,1950.52,22.1,0,1988.96,23.3,0,1970.91,22.5,0,2020,22.2,0
"2025-11-20 22:45:00",2518,801,"Chapada_High",11.9,2075.56,23,0,2037.28,22.5,0,2085.67,23.9,0,2033.82,22.5,0,2000.9,21.6,0,1951.45,21.8,0,1989.16,23.1,0,1970.85,22.2,0,2020.14,22,0
"2025-11-20 23:00:00",2519,801,"Chapada_High",11.89,2075.78,22.9,1,2037.43,22.3,0,2085.19,23.7,0,2035.05,22.3,0,2001.69,21.3,0,1952.12,21.6,0,1989.51,22.8,0,1970.65,22,0,2021.03,21.9,0
"2025-11-20 23:15:00",2520,801,"Chapada_High",11.9,2077.22,22.9,0,2037.91,22.3,0,2085.74,23.6,0,2034.63,22.4,0,2001.23,21.5,0,1951.95,21.9,0,1989.33,22.8,0,1971.14,22,0,2020.87,21.9,0
"2025-11-20 23:30:00",2521,801,"Chapada_High",11.9,2076.47,22.9,0,2037.8,22.3,0,2085.39,23.5,0,2034.92,22.4,0,2000.95,21.6,0,1951.92,22,0,1989.17,22.8,0,1972.01,22.1,0,2020.72,21.9,0
"2025-11-20 23:45:00",2522,801,"Chapada_High",11.9,2076.61,22.9,0,2038.06,22.4,0,2085.43,23.4,0,2035.35,22.5,0,2001.43,21.8,0,1951.71,22.1,0,1989.7,22.9,0,1971.67,22.2,0,2020.99,22.1,0
"2025-11-21 00:00:00",2523,801,"Chapada_High",11.89,2076.96,22.9,0,2038.48,22.5,0,2085.95,23.4,0,2035.96,22.6,0,2001.36,21.9,0,1952.1,22.3,0,1989.27,22.9,0,1971.62,22.2,0,2021.81,22.1,0
"2025-11-21 00:15:00",2524,801,"Chapada_High",11.9,2076.9,23.1,0,2039.19,22.8,0,2085.2,23.5,0,2035.78,22.9,0,1999.66,22.4,0,1952.3,22.7,0,1989.95,23.2,0,1971.63,22.5,0,2021.34,22.4,0
"2025-11-21 00:30:00",2525,801,"Chapada_High",11.89,2077.02,23.3,0,2038.02,23.2,0,2085.64,23.6,0,2036.01,23.2,0,1999.9,22.7,0,1952.45,23.1,0,1989.43,23.6,0,1972.39,22.7,0,2021.49,22.7,0
"2025-11-21 00:45:00",2526,801,"Chapada_High",11.89,2076.83,23.5,0,2040.13,23.6,0,2085.72,23.8,0,2035.59,23.5,0,2000.08,23.1,0,1952.37,23.5,0,1989.72,23.9,0,1972.2,23.1,0,2021.51,23,0
"2025-11-21 01:00:00",2527,801,"Chapada_High",11.89,2076.26,23.7,0,2040.04,24,0,2085.3,24,0,2035.11,23.7,0,1999.44,23.4,0,1952.39,23.9,0,1988.77,24.2,0,1971.91,23.4,0,2020.86,23.4,0
"2025-11-21 01:15:00",2528,801,"Chapada_High",11.9,2075.47,23.9,0,2039.88,24.2,0,2085.38,24.1,0,2034.95,23.9,0,2000.82,23.6,0,1952.26,24.1,0,1989.75,24.4,0,1972.1,23.6,0,2021.2,23.5,0
"2025-11-21 01:30:00",2529,801,"Chapada_High",11.9,2075.83,24,0,2039.78,24.3,0,2085.81,24.1,0,2036.4,24,0,2001.22,23.7,0,1953.35,24.2,0,1989.38,24.6,0,1972.6,23.7,0,2020.88,23.7,0
"2025-11-21 01:45:00",2530,801,"Chapada_High",11.89,2075.92,24,0,2039.68,24.3,0,2085.57,24.2,0,2035.97,24,0,2000.84,23.7,0,1952.09,24.1,0,1990.36,24.6,0,1972.7,23.7,0,2021.13,23.7,0
"2025-11-21 02:00:00",2531,801,"Chapada_High",11.9,2077.04,23.9,0,2040.17,24.2,0,2085.63,24.1,0,2037,23.9,0,2000.46,23.6,0,1953.52,23.9,0,1990.11,24.5,0,1972.36,23.6,0,2021.13,23.6,0
"2025-11-21 02:15:00",2532,801,"Chapada_High",11.9,2076.88,23.7,0,2039.42,24.1,0,2085.6,24,0,2036.52,23.7,0,2000.56,23.3,0,1953.6,23.6,0,1989.91,24.4,0,1972.13,23.4,0,2021.38,23.3,0
"2025-11-21 02:30:00",2533,801,"Chapada_High",11.9,2077.72,23.5,0,2038.81,23.9,0,2084.43,23.9,0,2036.14,23.6,0,2001.63,23.1,0,1952.4,23.4,0,1989.66,24.2,0,1971.89,23.2,0,2021.07,23.2,0
"2025-11-21 02:45:00",2534,801,"Chapada_High",11.89,2077.62,23.3,0,2038.55,23.7,0,2084.95,23.7,0,2036.1,23.3,0,2000.12,22.9,0,1952.79,23.2,0,1990.64,24,0,1972.11,23.1,0,2021.12,23,0
"2025-11-21 03:00:00",2535,801,"Chapada_High",11.9,2077.89,23.3,0,2038.48,23.6,0,2084.67,23.7,0,2036.98,23.2,0,2000.41,22.8,0,1952.42,23.1,0,1989.95,23.9,0,1972.57,23,0,2021.82,22.9,0
"2025-11-21 03:15:00",2536,801,"Chapada_High",11.9,2077.63,23.2,0,2039.65,23.4,0,2084.66,23.6,0,2036.07,23.1,0,2000.54,22.7,0,1952.21,23,0,1990.13,23.8,0,1971.75,22.9,0,2021.74,22.8,0
"2025-11-21 03:30:00",2537,801,"Chapada_High",11.9,2077.75,23.1,0,2038.54,23.3,0,2084.71,23.5,0,2036.15,23,0,2000.64,22.6,0,1952.31,22.9,0,1990.68,23.7,0,1971.62,22.9,0,2021.56,22.7,0
"2025-11-21 03:45:00",2538,801,"Chapada_High",11.89,2077.55,23.1,0,2039.12,23.2,0,2084.79,23.5,0,2036.66,23,0,2001.48,22.6,0,1952.89,22.9,0,1990.78,23.7,0,1972.58,22.8,0,2021.37,22.7,0
"2025-11-21 04:00:00",2539,801,"Chapada_High",11.89,2077.73,23.1,0,2039.23,23.2,0,2084.71,23.4,0,2036.26,23,0,2001.11,22.6,0,1952.82,22.9,0,1990.49,23.6,0,1972.39,22.8,0,2022.45,22.7,0
"2025-11-21 04:15:00",2540,801,"Chapada_High",11.9,2076.93,23.1,0,2039.93,23.2,0,2084.83,23.4,0,2036.19,23,0,2000.95,22.6,0,1952.69,22.9,0,1990.69,23.6,0,1972.69,22.8,0,2021.17,22.7,0
"2025-11-21 04:30:00",2541,801,"Chapada_High",11.89,2077.97,23.1,0,2040.01,23.1,0,2084.23,23.4,0,2037.66,23.1,0,2001.64,22.6,0,1953.11,22.8,0,1991.67,23.6,0,1972.64,22.8,0,2021.91,22.7,0
"2025-11-21 04:45:00",2542,801,"Chapada_High",11.89,2077.69,23,0,2039.4,23.1,0,2084.81,23.4,0,2036.6,23,0,2001.42,22.6,0,1953.05,22.8,0,1991.08,23.5,0,1972.57,22.8,0,2022.25,22.7,0
"2025-11-21 05:00:00",2543,801,"Chapada_High",11.9,2078.03,23,0,2039.9,23,0,2084.87,23.3,0,2037.06,23,0,2001.36,22.5,0,1953.47,22.8,0,1990.85,23.5,0,1972.57,22.8,0,2022.49,22.6,0
"2025-11-21 05:15:00",2544,801,"Chapada_High",11.9,2078.59,22.9,0,2040.06,22.8,0,2084.55,23.3,0,2037.31,22.8,0,2001.94,22.3,0,1953.26,22.5,0,1991.53,23.3,0,1972.25,22.7,0,2022.57,22.5,0
"2025-11-21 05:30:00",2545,801,"Chapada_High",11.89,2078.59,22.6,0,2040.02,22.5,0,2085.21,23.1,0,2035.57,22.5,0,2001.82,21.9,0,1952.87,22.2,0,1991.36,23,0,1972.39,22.2,0,2024.03,22.3,0
"2025-11-21 05:45:00",2546,801,"Chapada_High",11.9,2078.77,22.4,0,2039.63,22.2,0,2084.56,22.9,0,2034.71,22.2,0,2003.25,21.6,0,1953.16,21.9,0,1991.25,22.8,0,1971.89,21.9,0,2024.21,22,0
"2025-11-21 06:00:00",2547,801,"Chapada_High",11.9,2079.98,22.2,0,2041.91,22.1,0,2085.88,22.7,0,2036.58,22,0,2004.93,21.3,0,1953.31,21.7,0,1991.43,22.6,0,1975.85,21.7,0,2027.94,21.7,0
"2025-11-21 06:15:00",2548,801,"Chapada_High",11.9,2080.66,22,0,2041.63,22,0,2086.13,22.6,0,2038.6,21.8,0,2006.57,21.1,0,1954.47,21.3,0,1992.36,22.5,0,2027.38,21.4,0,2030.15,21.4,0
"2025-11-21 06:30:00",2549,801,"Chapada_High",11.89,2082.63,21.8,0,2041.15,21.9,0,2086.74,22.5,0,2038.05,21.7,0,2006.33,21,0,1955.1,21.2,0,1991.66,22.4,0,2058.7,21.3,0,2030.58,21.2,0
"2025-11-21 06:45:00",2550,801,"Chapada_High",11.9,2082.92,21.7,0,2041.82,21.8,0,2087.89,22.4,0,2039.49,21.6,0,2007.62,21,0,1955.61,21.1,0,1991.66,22.3,0,2084.01,21.2,0,2033.05,21.2,0
"2025-11-21 07:00:00",2551,801,"Chapada_High",11.9,2083.46,21.6,0,2041.3,21.8,0,2088.53,22.4,0,2040.57,21.6,0,2009.01,20.8,0,1955.68,21,0,1992.03,22.3,0,2114.62,21,1,2035,21,0
"2025-11-21 07:15:00",2552,801,"Chapada_High",11.9,2087.58,21.6,0,2041.72,21.7,0,2092.89,22.3,0,2042.06,21.3,0,2011.4,20.7,0,1957.13,20.9,0,1992.72,22.2,0,2115.87,21,0,2040.57,20.9,0
"2025-11-21 07:30:00",2553,801,"Chapada_High",11.89,2092.29,21.5,0,2042.22,21.7,0,2095.83,22.2,0,2044.65,21.3,0,2013,20.6,0,1961.4,20.8,0,1991.88,22.2,0,2134.46,21,0,2046.74,20.9,0
"2025-11-21 07:45:00",2554,801,"Chapada_High",11.9,2094.79,21.6,0,2041.98,21.7,0,2098.03,22.2,0,2046.24,21.3,0,2012.72,20.8,0,1965.16,21,0,1992.21,22.2,0,2135.96,21.1,0,2052.72,20.9,0
"2025-11-21 08:00:00",2555,801,"Chapada_High",11.9,2097.24,21.7,0,2042.27,21.8,0,2101.17,22.3,0,2047.51,21.5,0,2011.86,21,0,1966.72,21.2,0,1992.8,22.2,0,2129.88,21.2,0,2056.93,21.1,0
"2025-11-21 08:15:00",2556,801,"Chapada_High",11.89,2098.98,21.8,0,2042.19,21.9,0,2104.33,22.4,0,2048.27,21.7,0,2012.95,21.1,0,1967.02,21.3,0,1992.26,22.4,0,2123.54,21.4,2,2058.83,21.2,0
"2025-11-21 08:30:00",2557,801,"Chapada_High",11.89,2100.18,21.9,0,2041.42,22.1,0,2107.23,22.5,0,2048.71,21.8,0,2012.41,21.3,0,1968.23,21.4,0,1991.32,22.6,0,2117.33,21.5,0,2060.67,21.3,0
"2025-11-21 08:45:00",2558,801,"Chapada_High",11.9,2100.95,22,0,2041.24,22.4,0,2113.62,22.8,0,2048.43,22,0,2012.18,21.5,0,1968,21.6,0,1991.74,22.9,0,2112.84,21.7,0,2061.05,21.6,0
"2025-11-21 09:00:00",2559,801,"Chapada_High",11.9,2100.87,22.4,0,2041.41,23.1,0,2118.81,23.4,0,2050,22.7,0,2011.27,22.1,0,1968.75,22.1,0,1990.69,23.7,0,2111.56,22.4,8,2060.62,22.2,0
"2025-11-21 09:15:00",2560,801,"Chapada_High",11.89,2102.22,22.8,0,2041.46,23.9,0,2125.37,23.9,0,2051.02,23.1,0,2011.04,22.5,0,1968.45,22.5,0,1991.09,24.5,0,2107.84,22.7,1,2060.75,23.1,0
"2025-11-21 09:30:00",2561,801,"Chapada_High",11.9,2102.37,23.3,0,2042.32,24.3,0,2130.69,24.2,0,2049.77,23.2,0,2011.14,22.6,0,1968.61,22.6,0,1991.18,25,0,2104.81,22.8,0,2060.8,22.9,0
"2025-11-21 09:45:00",2562,801,"Chapada_High",11.9,2102.42,23.3,0,2040.85,24.8,0,2136.37,24.4,0,2050.69,23.5,0,2010.95,22.9,0,1969.28,22.8,0,1990.22,25.6,0,2103.21,23.1,0,2060.38,23.1,0
"2025-11-21 10:00:00",2563,801,"Chapada_High",11.9,2102.92,23.4,0,2040,25.3,0,2141,24.8,0,2052.15,24,0,2010.93,23.2,0,1969.06,23.2,0,1991.2,26.1,0,2100.17,23.5,5,2060.19,23.5,0
"2025-11-21 10:15:00",2564,801,"Chapada_High",11.89,2101.42,23.7,0,2040.2,26,0,2144.94,25.2,0,2053.35,24.6,0,2011.25,24.7,0,1969.7,23.6,0,1989.09,26.7,0,2098.58,24,0,2059.19,23.8,0
"2025-11-21 10:30:00",2565,801,"Chapada_High",11.9,2101.89,23.9,0,2039.62,26.4,0,2149.32,25.3,0,2053.59,24.3,0,2011.06,23.9,0,1969.2,23.6,0,1989.22,27.2,0,2096.16,23.9,2,2059.25,23.8,0
"2025-11-21 10:45:00",2566,801,"Chapada_High",11.9,2101.99,23.8,0,2040.26,26.3,0,2151.53,25.2,0,2053.24,24.1,0,2011.25,23.6,0,1969.01,23.7,2,1989.77,27.2,0,2094.14,23.8,6,2059.08,23.8,0
"2025-11-21 11:00:00",2567,801,"Chapada_High",11.9,2101.48,23.8,0,2040.17,26.4,1,2154.8,25.2,0,2053.54,24.2,0,2011.14,23.8,0,1970.38,23.9,0,1988.96,27.3,0,2094.03,24.4,8,2057.73,24,0
"2025-11-21 11:15:00",2568,801,"Chapada_High",11.9,2101.97,24.2,0,2039.89,26.8,0,2157.49,25.4,0,2054.62,24.5,0,2011.73,24,0,1969.93,24.3,0,1988.76,27.7,0,2090.23,24.2,5,2057.77,24.7,0
"2025-11-21 11:30:00",2569,801,"Chapada_High",11.9,2102.36,24.1,0,2040.15,26.3,0,2158.89,24.8,0,2053.83,24,0,2010.65,23.4,0,1970.16,24,0,1988.52,27.3,0,2089.97,23.5,1,2058.25,24,0
"2025-11-21 11:45:00",2570,801,"Chapada_High",11.9,2102.24,23.8,0,2040.22,25.9,0,2161.01,25,0,2053.95,23.9,0,2011.49,23.2,0,1969.71,24.1,0,1989.09,27,0,2089.71,23.3,0,2058.2,23.7,0
"2025-11-21 12:00:00",2571,801,"Chapada_High",11.9,2102.09,24.9,0,2040.67,27.3,0,2163.98,26.6,0,2054.16,26.7,0,2010.4,25.3,0,1969.44,25.9,0,1988.48,28.1,0,2086.34,24.3,0,2057.81,25.4,0
"2025-11-21 12:15:00",2572,801,"Chapada_High",11.9,2101.44,25,0,2040.88,27.6,0,2164.7,26.8,0,2054.17,26.3,0,2009.6,26.3,0,1967.57,26.1,0,1988.51,28.5,0,2086.36,24.4,2,2056.5,25.7,0
"2025-11-21 12:30:00",2573,801,"Chapada_High",11.9,2100.49,27.1,0,2040.52,29.8,0,2168.74,30,0,2053.96,30.1,0,2007.83,28.9,0,1968.77,29.2,0,1987.62,30.6,0,2082.68,26.4,3,2056.25,29.3,0
"2025-11-21 12:45:00",2574,801,"Chapada_High",11.9,2101.29,29,0,2039.09,31.6,0,2169.17,32.2,0,2053.89,32.2,0,2007.24,30.3,0,1967.91,31.7,0,1986.81,32.3,0,2082.73,28.8,8,2056.83,32.1,0
"2025-11-21 13:00:00",2575,801,"Chapada_High",11.89,2099.65,30.3,0,2037.51,33.2,0,2168.14,33.3,0,2052.61,32,0,2005.73,30.9,0,1966.68,32.5,0,1986.02,33.8,0,2079.58,29.5,2,2057.38,34,0
"2025-11-21 13:15:00",2576,801,"Chapada_High",11.9,2099.79,30.1,4,2038.41,32.7,0,2169.59,32.6,0,2052.14,30.6,3,2006.77,29.9,0,1966.26,31.5,0,1986.34,33.8,0,2075.48,29.1,6,2053.98,32.1,0
"2025-11-21 13:30:00",2577,801,"Chapada_High",11.9,2098.31,28.3,0,2038.55,31.2,0,2171.1,31,0,2052.81,29,0,2006.93,28.4,0,1964.65,29.7,1,1987.25,32.7,0,2073.62,27.8,1,2053.51,29.8,0
"2025-11-21 13:45:00",2578,801,"Chapada_High",11.9,2099.89,26.8,0,2039.01,29.4,0,2172.01,29.7,0,2052.7,27.7,0,2008.36,26.7,0,1963.59,28.1,0,1987.45,31,0,2073.51,26.4,0,2051.09,27.6,0
"2025-11-21 14:00:00",2579,801,"Chapada_High",11.89,2098.66,25.7,0,2038.83,27.7,0,2170.49,27.8,0,2052.66,26.4,0,2008.31,25.5,0,1963.31,26.5,0,1988.14,29.4,0,2071.87,25.2,4,2051.38,26,2
"2025-11-21 14:15:00",2580,801,"Chapada_High",11.9,2099.1,24.2,0,2039.04,26.1,0,2176.93,25.7,0,2051.89,24.4,0,2010.92,23.3,0,1966.45,24,0,1987.67,27.7,0,2073.48,23.7,0,2055.25,24,0
"2025-11-21 14:30:00",2581,801,"Chapada_High",11.9,2101.51,23.4,0,2039.97,25.1,0,2184.09,24.9,0,2052.73,23.5,11,2011.96,22.4,0,1966.79,22.9,5,1989.6,26.6,0,2075.84,22.9,2,2057.65,23,0
"2025-11-21 14:45:00",2582,801,"Chapada_High",11.9,2102.99,23.1,0,2041.64,24.7,0,2194.07,24.8,0,2055.62,23.2,1,2011.84,22.1,0,1968.43,22.7,0,1990.52,26,0,2076.45,22.8,0,2059.24,22.7,0
"2025-11-21 15:00:00",2583,801,"Chapada_High",11.9,2103.56,23.4,0,2041.31,24.9,0,2208.81,24.9,0,2056.1,23.6,0,2011.57,22.6,0,1968.82,23,0,1990.58,26.1,0,2075.27,23,0,2057.91,23.2,0
"2025-11-21 15:15:00",2584,801,"Chapada_High",11.9,2103.53,24.4,0,2039.39,26.5,0,2219.36,25.5,0,2056.49,25.4,0,2010.71,24.9,0,1970.96,24.3,0,1988.13,27.9,0,2075.48,24.5,4,2055.36,25.2,0
"2025-11-21 15:30:00",2585,801,"Chapada_High",11.9,2103.53,25,0,2039.97,28.6,0,2225.82,27.2,0,2058.06,26.3,0,2010.38,26,0,1969.55,25,0,1986.55,30.3,0,2073.85,25.7,8,2053.76,26.4,0
"2025-11-21 15:45:00",2586,801,"Chapada_High",11.9,2103.54,24.9,0,2039.31,29.2,0,2230.04,26.9,0,2057.55,27,0,2010.88,25.7,0,1970.58,24.9,0,1986.56,31.2,0,2072.47,25.7,1,2053.21,26.1,0
"2025-11-21 16:00:00",2587,801,"Chapada_High",11.89,2103.28,25.3,0,2039.08,30.1,0,2232.66,26.9,0,2058.53,26.6,1,2009.45,27.7,0,1968.94,25.2,0,1986.68,32.1,0,2071.67,26.5,0,2052.14,27.1,0
"2025-11-21 16:15:00",2588,801,"Chapada_High",11.9,2102.75,25.2,0,2038.97,29.6,0,2234.88,26.5,0,2058.23,25.8,0,2010.62,26.3,0,1969.34,25.1,0,1986.26,31.7,0,2070.59,26.1,1,2052.62,26.5,0
"2025-11-21 16:30:00",2589,801,"Chapada_High",11.9,2103.1,24.8,0,2039.18,28.5,0,2236.88,26.1,0,2058.18,25,0,2010.56,25.1,0,1968.74,24.7,0,1986.47,30.5,0,2069.49,25.7,5,2052.74,25.4,0
"2025-11-21 16:45:00",2590,801,"Chapada_High",11.9,2102.77,24.3,0,2039.97,27.2,0,2239.38,25.4,0,2057.68,24.2,0,2011.69,24.1,0,1970.31,24.3,0,1987.47,29.1,0,2070.1,24.8,8,2053.22,24.8,0
"2025-11-21 17:00:00",2591,801,"Chapada_High",11.9,2104.15,24.1,0,2037.76,26.3,0,2240.69,25,0,2058.75,23.7,0,2011.73,23.5,0,1968.21,23.9,0,1987.79,28,0,2070.37,24,3,2052.85,23.9,0
"2025-11-21 17:15:00",2592,801,"Chapada_High",11.9,2103.02,23.7,0,2038.2,25.7,0,2241.39,24.7,0,2059.46,23.3,0,2010.57,23.1,1,1968.77,23.6,0,1987.69,27.2,0,2070.03,23.5,2,2054.09,23.4,0
"2025-11-21 17:30:00",2593,801,"Chapada_High",11.9,2104.12,23.5,0,2038.54,25.4,0,2242.85,24.9,0,2059.59,23.3,7,2011.31,23,0,1968.43,23.4,0,1988.46,26.7,0,2069.76,23.2,0,2053.1,23.2,0
"2025-11-21 17:45:00",2594,801,"Chapada_High",11.89,2104.62,23.4,2,2038.09,25.3,0,2243.18,24.8,0,2059.83,23.4,0,2010.33,23.5,0,1968.91,23.5,0,1988.41,26.5,0,2069.75,23.3,0,2053.34,23.2,0
"2025-11-21 18:00:00",2595,801,"Chapada_High",11.9,2105.2,23.1,0,2040,24.8,0,2244.11,24.5,0,2059.54,22.7,0,2010.82,22.8,0,1969.47,23.2,0,1989.5,25.9,0,2069.45,22.9,1,2052.68,22.7,0
"2025-11-21 18:15:00",2596,801,"Chapada_High",11.9,2105.02,22.7,2,2040.1,24.2,0,2244.35,24.1,0,2059.71,22.2,0,2011.16,22.2,0,1969,22.7,0,1990.31,25.3,0,2069.35,22.3,0,2052.97,22.2,0
"2025-11-21 18:30:00",2597,801,"Chapada_High",11.9,2104.89,22.4,0,2038.92,23.7,0,2244.42,23.8,0,2059.37,21.9,0,2012.45,21.8,0,1969.08,22.4,0,1990.2,24.7,0,2067.97,22.1,0,2053.2,21.8,0
"2025-11-21 18:45:00",2598,801,"Chapada_High",11.9,2105.82,22.2,0,2038.34,23.3,0,2245.37,23.5,0,2060.23,21.6,0,2011.67,21.5,3,1969.12,22.1,0,1991.11,24.3,0,2069.03,21.7,0,2052.78,21.7,0
"2025-11-21 19:00:00",2599,801,"Chapada_High",11.9,2105.56,22.1,0,2038.98,23,0,2245.5,23.2,0,2060.82,21.4,0,2012.32,21.2,0,1969.85,21.8,0,1990.99,23.9,0,2067.87,21.5,0,2053.15,21.3,0
"2025-11-21 19:15:00",2600,801,"Chapada_High",11.9,2104.94,21.9,0,2039.33,22.7,0,2245.6,23.1,0,2060.83,21.2,0,2013.6,21.1,0,1969.74,21.7,0,1991.22,23.6,0,2068.41,21.2,2,2053.08,21.1,0
"2025-11-21 19:30:00",2601,801,"Chapada_High",11.89,2105.95,21.7,0,2039.02,22.5,0,2245.77,22.9,0,2061.16,21.3,0,2012.68,20.9,0,1969.11,21.4,0,1991.33,23.3,0,2067.89,21.1,1,2053.49,21,0
"2025-11-21 19:45:00",2602,801,"Chapada_High",11.9,2105.62,21.5,0,2040.16,22.3,0,2245.82,22.7,0,2061.6,21.1,0,2012.88,20.9,0,1969.99,21.3,0,1991.49,23.1,0,2068.09,20.9,0,2053.03,20.9,0
"2025-11-21 20:00:00",2603,801,"Chapada_High",11.9,2106.14,21.5,0,2040.07,22.1,0,2246.5,22.5,0,2061.01,21,0,2013.11,20.8,0,1969.73,21.3,0,1991.33,22.9,0,2067.93,20.9,2,2053.8,20.8,0
"2025-11-21 20:15:00",2604,801,"Chapada_High",11.9,2106.68,21.4,0,2039.43,22,0,2246.64,22.4,0,2061.25,20.8,0,2014.2,20.7,0,1970.12,21.1,0,1991.52,22.7,0,2068.14,20.8,1,2053.38,20.7,0
"2025-11-21 20:30:00",2605,801,"Chapada_High",11.9,2106.5,21.3,1,2039.99,21.9,0,2247.42,22.4,0,2060.88,20.7,0,2013.08,20.6,0,1970.45,21.1,0,1991.89,22.6,0,2067.75,20.7,0,2053.16,20.7,0
"2025-11-21 20:45:00",2606,801,"Chapada_High",11.9,2106.6,21.2,0,2040.17,21.7,0,2247.53,22.3,0,2061.04,20.6,0,2013.96,20.4,0,1969.61,20.9,0,1991.91,22.4,0,2067.25,20.6,5,2053.81,20.5,0
"2025-11-21 21:00:00",2607,801,"Chapada_High",11.9,2106.41,21.1,0,2040.47,21.6,0,2247.28,22.2,0,2061.6,20.5,0,2013.14,20.4,0,1970.73,20.7,0,1992.48,22.2,0,2065.95,20.5,1,2053.38,20.4,0
"2025-11-21 21:15:00",2608,801,"Chapada_High",11.9,2107.12,21,0,2040.36,21.5,0,2246.78,22.2,0,2060.86,20.6,0,2013.5,20.4,0,1970.18,20.7,0,1991.4,22.2,0,2065.63,20.4,0,2053.42,20.4,0
"2025-11-21 21:30:00",2609,801,"Chapada_High",11.89,2107.27,21,0,2040.46,21.5,0,2246.87,22.1,0,2061.63,20.6,0,2013.77,20.4,0,1970.74,20.7,0,1991.23,22.1,0,2065.71,20.4,0,2053.42,20.4,0
"2025-11-21 21:45:00",2610,801,"Chapada_High",11.9,2106.5,20.9,0,2041.28,21.4,0,2247.24,22,0,2062.39,20.5,0,2013.79,20.3,0,1970.97,20.6,0,1991.85,22,0,2067.76,20.4,1,2052.92,20.4,0
"2025-11-21 22:00:00",2611,801,"Chapada_High",11.9,2107.27,20.8,0,2040.46,21.3,0,2247.51,21.9,0,2061.75,20.4,0,2014.44,20.2,0,1970.94,20.6,0,1991.91,21.9,0,2065.42,20.3,0,2053.12,20.3,0
"2025-11-21 22:15:00",2612,801,"Chapada_High",11.9,2106.82,20.7,0,2040.52,21.2,0,2247.14,21.8,0,2062.07,20.3,0,2013.58,20.1,0,1971.1,20.5,0,1991.69,21.8,0,2065.9,20.2,0,2052.85,20.2,0
"2025-11-21 22:30:00",2613,801,"Chapada_High",11.89,2107.56,20.7,0,2039.98,21.1,0,2247.82,21.7,0,2062.97,20.2,0,2014.59,20,0,1971.19,20.4,0,1991.9,21.7,0,2067.03,20.1,0,2053.41,20.1,0
"2025-11-21 22:45:00",2614,801,"Chapada_High",11.9,2107.86,20.6,0,2040.74,21,0,2247.82,21.7,0,2062.37,20.2,0,2014.2,20,0,1971.82,20.5,0,1991.62,21.6,0,2065.19,20.1,0,2053.5,20.1,0
"2025-11-21 23:00:00",2615,801,"Chapada_High",11.9,2106.86,20.6,0,2041.14,21.1,0,2247.87,21.7,0,2062.4,20.2,0,2014.05,20.1,0,1971.12,20.5,0,1992.47,21.6,0,2065.32,20.1,0,2054.14,20.1,0
"2025-11-21 23:15:00",2616,801,"Chapada_High",11.9,2107.43,20.6,0,2041.21,21.1,0,2248.05,21.7,0,2062.73,20.3,0,2014.37,20.1,0,1971.69,20.5,1,1992.28,21.6,0,2064.97,20.1,0,2052.85,20.1,0
"2025-11-21 23:30:00",2617,801,"Chapada_High",11.89,2107.8,20.6,0,2041.43,21.1,0,2247.46,21.6,0,2062.28,20.3,0,2014.33,20.2,0,1971.72,20.6,0,1992.88,21.6,0,2066.45,20.2,0,2052.68,20.1,0
"2025-11-21 23:45:00",2618,801,"Chapada_High",11.9,2107.23,20.6,10,2041.23,21.1,0,2247.9,21.6,0,2062.2,20.3,0,2014.33,20.2,0,1971.49,20.6,0,1991.95,21.6,0,2066.19,20.2,9,2053.05,20.1,0
"2025-11-22 00:00:00",2619,801,"Chapada_High",11.9,2107.25,20.6,0,2040.93,21.1,0,2248.32,21.6,0,2062.35,20.2,0,2014.95,20.2,0,1971.97,20.5,0,1992.5,21.6,0,2066.74,20.2,1,2053.54,20.1,0
"2025-11-22 00:15:00",2620,801,"Chapada_High",11.89,2106.97,20.5,0,2041.63,21.1,0,2248.04,21.6,0,2063.37,20.2,0,2014.07,20.1,0,1972.1,20.5,0,1992.29,21.5,0,2065.95,20.1,0,2053.45,20.2,0
"2025-11-22 00:30:00",2621,801,"Chapada_High",11.9,2107.47,20.6,0,2041.95,21,0,2247.61,21.5,0,2062.58,20.2,0,2014.57,20.1,0,1971.88,20.4,0,1992.4,21.5,0,2064.99,20.1,0,2053.04,20.1,0
"2025-11-22 00:45:00",2622,801,"Chapada_High",11.9,2108.03,20.5,0,2041.16,20.9,0,2247.41,21.5,0,2063.63,20.2,4,2014.65,20,0,1972.53,20.4,0,1992.88,21.4,0,2065.67,20.1,1,2052.82,20.1,0
"2025-11-22 01:00:00",2623,801,"Chapada_High",11.89,2106.71,20.5,0,2041.77,20.9,0,2247.41,21.5,0,2062.61,20.2,0,2015.43,20,0,1971.66,20.4,0,1992.54,21.3,0,2064.47,20,0,2053.57,20,0
"2025-11-22 01:15:00",2624,801,"Chapada_High",11.88,2108.31,20.4,0,2041.37,20.8,0,2247.77,21.4,0,2063.08,20.2,0,2015.51,20,0,1972.18,20.3,2,1992.96,21.3,0,2065.39,20,0,2052.81,20,0
"2025-11-22 01:30:00",2625,801,"Chapada_High",11.9,2107.74,20.4,0,2041.91,20.8,0,2247.36,21.4,0,2063.1,20.1,0,2015.93,19.9,0,1971.97,20.3,0,1992.98,21.2,0,2065.54,19.9,0,2054.5,19.9,0
"2025-11-22 01:45:00",2626,801,"Chapada_High",11.9,2108.13,20.3,1,2042.02,20.7,0,2247.65,21.3,0,2062.64,20,0,2015.95,19.9,0,1971.75,20.2,0,1992.87,21.2,0,2063.37,19.9,1,2053.24,19.8,0
"2025-11-22 02:00:00",2627,801,"Chapada_High",11.9,2108.08,20.2,0,2041.68,20.6,0,2247.95,21.2,0,2062.78,19.9,0,2015.56,19.8,0,1971.97,20.2,0,1992.9,21.1,0,2063.66,19.8,3,2052.83,19.8,0
"2025-11-22 02:15:00",2628,801,"Chapada_High",11.89,2107.95,20.2,0,2041.31,20.5,0,2247.8,21.2,0,2063.03,19.8,0,2015.7,19.7,0,1972.65,20.1,0,1993.45,20.9,0,2063.2,19.7,0,2053.29,19.7,0
"2025-11-22 02:30:00",2629,801,"Chapada_High",11.89,2108.01,20.1,0,2042.59,20.3,0,2247.54,21.1,0,2062.64,19.7,0,2015.68,19.5,0,1971.9,19.9,0,1993.33,20.8,0,2063.22,19.6,0,2053.02,19.6,0
"2025-11-22 02:45:00",2630,801,"Chapada_High",11.9,2108.35,20,0,2041.93,20.2,0,2248.14,21,0,2062.45,19.6,0,2015.92,19.4,0,1972.61,19.7,0,1992.97,20.7,0,2063.49,19.5,0,2053.17,19.5,0
"2025-11-22 03:00:00",2631,801,"Chapada_High",11.89,2108.12,19.9,0,2042.75,20.1,0,2248.29,20.9,0,2063.58,19.6,0,2015.59,19.3,0,1973.14,19.7,0,1993.65,20.5,0,2064.86,19.4,0,2054.13,19.4,0
"2025-11-22 03:15:00",2632,801,"Chapada_High",11.89,2107.85,19.9,0,2042.14,20.1,0,2248.02,20.9,0,2063.46,19.6,0,2015.92,19.4,0,1972.94,19.7,0,1993.11,20.5,0,2064.13,19.5,0,2054.41,19.4,0
"2025-11-22 03:30:00",2633,801,"Chapada_High",11.9,2107.89,19.9,0,2042.25,20.1,0,2247.7,20.9,0,2063.8,19.6,0,2016.24,19.4,0,1972.67,19.8,0,1993.41,20.5,0,2062.96,19.5,0,2054.82,19.4,0
"2025-11-22 03:45:00",2634,801,"Chapada_High",11.9,2108.65,19.9,0,2042.55,20.2,0,2247.78,20.9,0,2064.3,19.7,0,2016.52,19.5,0,1972.29,19.9,0,1993.2,20.6,0,2064.62,19.6,0,2054.82,19.5,0
"2025-11-22 04:00:00",2635,801,"Chapada_High",11.89,2108.77,20,0,2042.75,20.2,0,2248.3,20.9,0,2063.46,19.7,0,2015.53,19.5,0,1972.73,19.9,0,1992.84,20.6,0,2064.07,19.6,0,2054.64,19.6,2
"2025-11-22 04:15:00",2636,801,"Chapada_High",11.89,2109.54,20,0,2042.67,20.2,0,2247.91,20.9,0,2064.34,19.7,0,2015.96,19.5,0,1973.44,19.9,0,1993.62,20.6,0,2062.36,19.6,2,2054.13,19.6,0
"2025-11-22 04:30:00",2637,801,"Chapada_High",11.9,2108.77,20,0,2042.86,20.2,0,2247.91,20.9,0,2063.33,19.7,0,2015.52,19.5,0,1973.73,19.9,0,1993.93,20.6,0,2063.52,19.6,0,2053.69,19.5,0
"2025-11-22 04:45:00",2638,801,"Chapada_High",11.89,2108.85,20,0,2042.77,20.2,0,2247.09,20.8,0,2063.88,19.7,0,2016.51,19.5,0,1973.49,19.9,0,1991.69,20.5,0,2063.9,19.6,0,2055.12,19.5,0
"2025-11-22 05:00:00",2639,801,"Chapada_High",11.89,2108.73,20,0,2042.89,20.1,0,2247.45,20.8,0,2064.7,19.7,0,2016.34,19.5,0,1973.8,19.8,0,1994.22,20.5,0,2064.4,19.6,1,2053.65,19.5,0
"2025-11-22 05:15:00",2640,801,"Chapada_High",11.9,2108.84,19.9,0,2042.38,20,0,2247.81,20.7,0,2063.57,19.6,0,2016.99,19.4,0,1973.81,19.7,0,1992.11,20.4,0,2063.53,19.5,0,2054.83,19.4,0
"2025-11-22 05:30:00",2641,801,"Chapada_High",11.9,2108.66,19.8,2,2043.29,19.9,0,2247.12,20.6,0,2063.85,19.5,0,2017.22,19.2,0,1973.25,19.6,0,1991.68,20.2,0,2063.5,19.4,1,2054.95,19.3,0
"2025-11-22 05:45:00",2642,801,"Chapada_High",11.89,2109.79,19.7,0,2042.91,19.7,0,2247.8,20.6,0,2064.06,19.4,0,2016.67,19.1,0,1973.5,19.4,0,1992.48,20.1,0,2063.64,19.3,0,2054.8,19.2,0
"2025-11-22 06:00:00",2643,801,"Chapada_High",11.89,2109.42,19.6,0,2042.97,19.5,0,2248.09,20.5,0,2064.04,19.3,0,2017.19,19,0,1973.31,19.4,3,1992.66,20,0,2064.18,19.2,0,2055.36,19,0
"2025-11-22 06:15:00",2644,801,"Chapada_High",11.89,2109.52,19.5,2,2043,19.5,0,2247.8,20.4,0,2064.27,19.3,0,2016.61,19,0,1973.54,19.3,0,1992.61,19.9,0,2063.8,19.2,0,2054.66,19,0
"2025-11-22 06:30:00",2645,801,"Chapada_High",11.89,2110.16,19.7,0,2042.8,19.5,0,2247.88,20.5,0,2064,19.4,0,2017.2,19.1,0,1973.75,19.5,0,1992.46,19.9,0,2062.17,19.3,0,2054.84,19.1,0
"2025-11-22 06:45:00",2646,801,"Chapada_High",11.89,2109.16,19.9,0,2043.22,19.7,0,2247.85,20.6,0,2063.7,19.7,0,2016.56,19.4,0,1974.22,19.7,0,1992.36,20.1,0,2064.24,19.5,0,2055.61,19.4,0
"2025-11-22 07:00:00",2647,801,"Chapada_High",11.89,2109.48,20.1,0,2043.66,20.1,0,2247.62,20.8,0,2064.43,20,0,2016.31,19.8,0,1974.11,20,0,1993.76,20.4,0,2064.17,19.8,0,2054.03,19.7,0
"2025-11-22 07:15:00",2648,801,"Chapada_High",11.9,2109.51,20.3,0,2043.64,20.4,0,2247.21,21.1,0,2063.83,20.3,0,2016.44,20.1,0,1973.29,20.3,0,1992.85,20.8,0,2063.05,20.1,0,2053.55,20,0
"2025-11-22 07:30:00",2649,801,"Chapada_High",11.9,2109.51,20.6,0,2043.26,20.8,0,2246.83,21.4,0,2064.09,20.7,0,2016.48,20.5,0,1973.61,20.7,0,1993.73,21.2,0,2063.38,20.5,1,2053.92,20.4,0
"2025-11-22 07:45:00",2650,801,"Chapada_High",11.89,2109.24,21.1,0,2043.9,21.8,0,2246.88,21.9,0,2064.97,21.6,0,2017.07,21.5,0,1973.95,21.6,0,1994.21,22,0,2062.92,21.2,0,2053.94,21.4,0
"2025-11-22 08:00:00",2651,801,"Chapada_High",11.9,2109.24,22,0,2042.94,22.6,0,2246.48,22.4,0,2064.84,22.2,0,2015.45,22.1,0,1973.56,22.3,0,1993.61,23,0,2063.27,21.8,2,2053.15,21.9,0
"2025-11-22 08:15:00",2652,801,"Chapada_High",11.9,2109.49,21.9,0,2043.13,22.8,0,2245.92,22.5,0,2064.25,22.2,0,2014.89,22.1,0,1973.43,22.3,0,1993.58,23.2,1,2061.9,21.8,0,2052.81,21.9,0
"2025-11-22 08:30:00",2653,801,"Chapada_High",11.9,2109.09,22.1,0,2043.34,23.4,0,2245.05,23,0,2063.8,23,0,2014.41,22.7,0,1973.31,22.8,0,1992.71,23.7,0,2062.1,22.2,0,2052.91,22.3,0
"2025-11-22 08:45:00",2654,801,"Chapada_High",11.89,2108.17,22.6,0,2044.19,24.4,0,2244.27,23.7,0,2063.96,24,0,2014.38,24.1,0,1973.47,23.4,3,1992.48,24.6,2,2061.23,23,0,2052.55,22.9,0
"2025-11-22 09:00:00",2655,801,"Chapada_High",11.9,2108.27,23.1,0,2043.04,25.2,0,2243.83,24.3,0,2063.12,24.6,0,2014.05,24.6,0,1973.84,24.1,0,1992.49,25.4,0,2059.66,23.6,3,2051.66,23.5,0
"2025-11-22 09:15:00",2656,801,"Chapada_High",11.9,2106.95,23.9,0,2042.72,26.5,0,2242.81,25.2,0,2064.16,25.7,0,2013.88,25.5,0,1973.7,25.2,0,1992.53,26.6,0,2058.56,24.6,1,2051.97,24.4,0
"2025-11-22 09:30:00",2657,801,"Chapada_High",11.9,2105.78,24.2,5,2042.11,27.1,0,2242.07,25.5,0,2063.83,26.1,0,2013.22,25.7,0,1973.51,25.4,0,1990.95,27.3,0,2056.99,25.7,0,2051.08,24.9,0
"2025-11-22 09:45:00",2658,801,"Chapada_High",11.89,2105.39,24.5,0,2043.02,27.3,0,2241.18,25.7,0,2062.03,26.2,0,2012.94,25.9,0,1971.35,25.5,0,1990.2,27.6,0,2056.34,25.5,0,2050.26,25.6,0
"2025-11-22 10:00:00",2659,801,"Chapada_High",11.9,2105.62,24.8,1,2041.72,27.4,1,2239.36,26,0,2062.47,26.4,0,2013.24,26,0,1972.11,25.6,0,1990.28,27.9,0,2056.31,25.4,0,2050.18,25.5,0
"2025-11-22 10:15:00",2660,801,"Chapada_High",11.9,2105.56,25.1,0,2043.34,27.9,0,2239.27,26.8,0,2062.42,27,0,2012.28,26.6,0,1970.53,26.1,0,1990.24,28.5,0,2054.74,26,0,2050.34,25.8,0
"2025-11-22 10:30:00",2661,801,"Chapada_High",11.9,2104.67,25.2,0,2042.87,28.4,0,2237.98,27.2,0,2062.99,28.1,0,2011.07,27,0,1970.84,26.3,0,1989.79,28.9,0,2053.77,26.3,0,2049.62,26,0
"2025-11-22 10:45:00",2662,801,"Chapada_High",11.9,2104.92,26,0,2041.72,29.5,0,2238.26,28,0,2062.72,29,0,2010.34,28.8,0,1970.08,27.2,0,1989.64,29.9,0,2052.24,27.5,1,2049.08,26.7,0
"2025-11-22 11:00:00",2663,801,"Chapada_High",11.9,2103.47,26.6,0,2041.37,30.4,0,2237.23,28.7,0,2061.17,30,0,2010.15,29,0,1970.29,27.8,0,1989.16,30.6,0,2050.9,28.1,2,2048.62,27.5,0
"2025-11-22 11:15:00",2664,801,"Chapada_High",11.9,2103.32,27.7,0,2040.85,32,0,2236.14,29.6,0,2061.61,32.2,0,2008.17,30.5,0,1971.26,29.1,0,1988.69,31.8,0,2051.11,30.3,1,2050.11,29.1,0
"2025-11-22 11:30:00",2665,801,"Chapada_High",11.9,2102.31,27.1,0,2040.89,31.1,0,2234.88,29.5,0,2060.72,30.6,0,2009.11,29.5,0,1969.52,28.4,0,1989.06,31.6,0,2049.04,29.5,1,2048.87,28.9,0
"2025-11-22 11:45:00",2666,801,"Chapada_High",11.9,2102.63,27.7,0,2041.11,30.8,0,2233.92,29.6,0,2060.17,30.2,0,2009.37,29.2,0,1968.87,28.3,0,1988.68,31.6,0,2047.99,28.8,0,2049.41,28.7,0
"2025-11-22 12:00:00",2667,801,"Chapada_High",11.9,2102.57,28.4,0,2040.49,32,0,2231.68,31.8,0,2060.09,33.1,0,2007.87,31.3,0,1969.47,30.6,0,1988.26,32.6,0,2047.19,29.5,0,2049.36,30.2,0
"2025-11-22 12:15:00",2668,801,"Chapada_High",11.9,2101.56,28.1,0,2040.45,31.8,0,2229.63,31.8,0,2059.06,32.3,0,2007.52,30.6,0,1968.59,29.7,0,1988.05,32.6,0,2045.73,29.2,3,2046.83,30,0
"2025-11-22 12:30:00",2669,801,"Chapada_High",11.89,2101.67,28.3,0,2040.16,31.8,0,2228.19,32.1,0,2058.78,32.8,0,2006.97,31.3,0,1968.73,29.9,0,1988.85,32.6,0,2044.67,29.3,0,2048.38,30.5,0
"2025-11-22 12:45:00",2670,801,"Chapada_High",11.9,2100.75,28.1,0,2039.76,31.7,0,2226.77,31.7,0,2058.79,31.7,0,2007.19,30.6,0,1968.44,29.4,0,1987.8,32.6,0,2044.1,29.1,0,2047.83,30,0
"2025-11-22 13:00:00",2671,801,"Chapada_High",11.9,2101.37,27.2,0,2039.68,30.6,0,2228.11,30.4,0,2059.24,29.7,0,2008.47,28.9,0,1966.43,28.1,0,1988.6,31.7,0,2043.82,28.1,0,2046.85,28.5,0
"2025-11-22 13:15:00",2672,801,"Chapada_High",11.9,2101.37,25.7,0,2040.87,28.9,0,2226.12,28.7,0,2057.4,27.1,0,2011.6,26,0,1967.15,25.9,0,1989.68,30.2,0,2043.24,26.8,0,2048.77,26.4,0
"2025-11-22 13:30:00",2673,801,"Chapada_High",11.9,2101.61,25.1,0,2041.33,27.8,0,2227.62,27.6,0,2058.96,25.9,0,2012.33,24.8,0,1967.16,24.8,0,1989.27,29.2,0,2044.13,25.4,0,2048.2,25.5,0
"2025-11-22 13:45:00",2674,801,"Chapada_High",11.9,2103.8,25.3,0,2040.77,27.9,2,2226.91,27.5,0,2059.08,26,1,2011.52,25,0,1966.1,25.2,2,1989.19,29.1,0,2044.62,25.4,1,2047.05,25.5,0
"2025-11-22 14:00:00",2675,801,"Chapada_High",11.9,2102.94,25.4,0,2040.15,28.5,0,2227.01,28,0,2060.15,26.5,0,2011.36,25.7,0,1969.02,26,0,1988.61,29.7,0,2044.9,25.9,0,2046.46,26,0
"2025-11-22 14:15:00",2676,801,"Chapada_High",11.9,2103.08,25.8,0,2040.5,29.1,0,2226.96,28.4,0,2059.83,27.8,0,2011.14,26.4,0,1968.87,26.8,0,1989.04,30.3,0,2044.5,26.2,0,2045.35,26.5,0
"2025-11-22 14:30:00",2677,801,"Chapada_High",11.9,2103.25,25.8,0,2040.5,28.9,0,2226.24,28.3,0,2059.11,26.8,0,2010.35,26.9,0,1968.24,26.7,0,1989.27,30.2,0,2043.12,26,1,2045.49,26.5,0
"2025-11-22 14:45:00",2678,801,"Chapada_High",11.9,2104.13,24.7,0,2040.81,27.3,0,2229.47,26.8,0,2062.52,25,0,2023.32,24.2,0,1970.18,24.9,0,1989.74,28.6,0,2047.49,24.5,0,2051.36,24.7,0
"2025-11-22 15:00:00",2679,801,"Chapada_High",11.9,2180.1,22.7,0,2040.41,25.5,0,2442.54,24.1,0,2530.03,22.5,18,2087.9,21.8,6,2411.2,21.5,45,1990.24,26.9,0,2070.07,23.1,0,2122.04,22.4,0
"2025-11-22 15:15:00",2680,801,"Chapada_High",11.9,2195.35,22.8,0,2040.45,25.1,0,2459.23,24.4,2,2494.26,22.9,10,2076.85,22.2,1,2243.61,21.8,36,1992.23,26.3,0,2072.25,23.1,0,2152.39,22.8,0
"2025-11-22 15:30:00",2681,801,"Chapada_High",11.9,2201.98,23,2,2042.24,24.8,0,2457.2,24.4,3,2470.29,22.8,14,2076.76,21.9,0,2207.48,21.7,21,1992.53,25.9,0,2075.2,22.8,2,2163.04,22.5,0
"2025-11-22 15:45:00",2682,801,"Chapada_High",11.9,2206.22,22.7,3,2041.74,24.5,0,2452.39,24.3,1,2445.89,22.8,14,2073.41,21.9,2,2188.11,21.8,32,1993.24,25.6,0,2076.35,22.6,0,2169.45,22.4,0
"2025-11-22 16:00:00",2683,801,"Chapada_High",11.9,2210.82,22.5,1,2042.42,24.3,0,2446.04,24.2,0,2434.56,22.8,10,2075.19,21.8,0,2176.25,21.7,33,1991.75,25.3,0,2076.64,22.4,0,2173.34,22.3,0
"2025-11-22 16:15:00",2684,801,"Chapada_High",11.89,2213.01,22.5,0,2042.51,24.1,0,2439.63,24.1,0,2419.22,22.7,10,2073.59,22,1,2167.3,21.9,23,1992.81,25,0,2077.37,22.4,0,2174.7,22.2,0
"2025-11-22 16:30:00",2685,801,"Chapada_High",11.9,2214.45,22.4,5,2041.43,23.9,0,2433.98,23.8,0,2401.62,22.5,7,2074.5,21.7,0,2160.24,21.7,21,1992.28,24.7,0,2077.56,22.3,0,2176.04,22,0
"2025-11-22 16:45:00",2686,801,"Chapada_High",11.9,2215.96,22.4,0,2040.73,23.8,0,2427.69,23.8,0,2388.9,22.5,11,2074.1,21.7,0,2155.76,21.7,21,1993.06,24.6,0,2077.92,22.3,0,2176.72,22,0
"2025-11-22 17:00:00",2687,801,"Chapada_High",11.9,2216.82,22.5,0,2041.21,23.9,0,2422.86,23.9,0,2379.71,22.6,10,2071.82,21.8,0,2151.47,21.8,30,1992.71,24.7,0,2078.79,22.5,9,2178.35,22.2,0
"2025-11-22 17:15:00",2688,801,"Chapada_High",11.9,2217.35,22.5,2,2040.79,23.8,0,2417.58,23.8,0,2370.63,22.5,10,2073.3,21.8,3,2146.88,21.8,14,1992.51,24.6,0,2079.03,22.3,0,2178.42,22.3,0
"2025-11-22 17:30:00",2689,801,"Chapada_High",11.9,2217.9,22.3,0,2042.23,23.6,0,2413.67,23.5,0,2364.78,22.2,6,2073.76,21.5,0,2145.27,21.5,26,1992.44,24.3,0,2079.87,22,0,2180.47,21.9,5
"2025-11-22 17:45:00",2690,801,"Chapada_High",11.9,2219.41,22.1,2,2041.45,23.4,0,2410.45,23.6,0,2360.22,22.1,8,2074.76,21.4,0,2142.29,21.3,21,1992.63,24.1,0,2080.42,21.8,1,2181.17,21.7,0
"2025-11-22 18:00:00",2691,801,"Chapada_High",11.89,2219.47,21.9,0,2041.02,23.1,0,2406.68,23.2,0,2356.43,22.1,11,2074.7,21.2,0,2140.71,21.2,23,1992.72,23.8,0,2080.74,21.6,0,2181.86,21.6,0
"2025-11-22 18:15:00",2692,801,"Chapada_High",11.9,2220.04,21.8,0,2041.5,22.8,0,2402.78,22.9,0,2355.46,21.9,8,2073.19,21.1,4,2138.71,21.1,16,1993.61,23.5,0,2082.28,21.4,7,2183.88,21.4,0
"2025-11-22 18:30:00",2693,801,"Chapada_High",11.9,2220.38,21.6,2,2041.48,22.5,0,2401.71,22.9,0,2353.42,21.6,8,2073.65,20.9,2,2136.08,20.9,19,1993.47,23.2,0,2082.49,21.2,7,2185.42,21.2,0
"2025-11-22 18:45:00",2694,801,"Chapada_High",11.9,2220.74,21.6,2,2041.38,22.2,0,2399.78,22.7,0,2351.89,21.5,10,2073.31,20.7,0,2136.01,20.9,17,1993.6,22.9,0,2083.56,21.2,0,2186.51,21.1,6
"2025-11-22 19:00:00",2695,801,"Chapada_High",11.89,2221.02,21.4,3,2041.46,22,0,2397.82,22.6,0,2347.99,21.3,6,2073.3,20.6,0,2134.75,20.8,18,1992.94,22.6,0,2083.21,21,1,2188.2,20.9,0
"2025-11-22 19:15:00",2696,801,"Chapada_High",11.9,2223.61,21.3,0,2041.74,21.8,0,2396.34,22.5,0,2346.4,21.2,6,2073.66,20.5,2,2133.12,20.7,22,1993.18,22.4,0,2083.58,20.9,0,2188.34,20.8,0
"2025-11-22 19:30:00",2697,801,"Chapada_High",11.9,2223.09,21.2,0,2042.07,21.7,0,2393.76,22.4,0,2342.91,21.1,14,2073.78,20.4,1,2131.93,20.7,19,1993.17,22.3,0,2084.04,20.8,0,2188.96,20.7,0
"2025-11-22 19:45:00",2698,801,"Chapada_High",11.9,2223.83,21.2,0,2041.91,21.6,2,2392.54,22.3,0,2341.14,21.1,7,2073.94,20.4,6,2130.78,20.6,25,1993.92,22.1,0,2084.01,20.8,0,2189.85,20.7,0
"2025-11-22 20:00:00",2699,801,"Chapada_High",11.89,2224.43,21.2,0,2042.43,21.5,0,2390.33,22.3,0,2339.2,21.1,7,2073.9,20.4,0,2129.58,20.6,14,1993.68,22.1,0,2083.74,20.8,0,2189.82,20.7,0
"2025-11-22 20:15:00",2700,801,"Chapada_High",11.9,2224.45,21.2,2,2042.25,21.5,0,2388.49,22.2,0,2336.25,21.1,9,2073.79,20.4,0,2128.49,20.7,26,1992.94,22,0,2083.86,20.8,0,2190.16,20.7,0
"2025-11-22 20:30:00",2701,801,"Chapada_High",11.9,2224.21,21.2,0,2042.6,21.5,0,2387.11,22.2,0,2335.3,21.1,9,2073.48,20.5,0,2127.44,20.7,15,1993.54,22,0,2084.22,20.9,1,2191.07,20.7,0
"2025-11-22 20:45:00",2702,801,"Chapada_High",11.9,2224.61,21.3,2,2042.54,21.5,0,2384.71,22.2,0,2333.72,21.2,6,2074.11,20.6,0,2126.86,20.9,17,1993.3,22,0,2084.61,20.9,0,2191.14,20.8,0
"2025-11-22 21:00:00",2703,801,"Chapada_High",11.89,2229.87,21.2,1,2043.13,21.5,0,2384.05,22.2,0,2334.52,21.2,8,2074.91,20.6,0,2126.35,20.9,21,1993.99,22,0,2084.62,21,6,2192.45,20.8,0
"2025-11-22 21:15:00",2704,801,"Chapada_High",11.9,2235.68,21.2,6,2042.42,21.5,0,2384.61,22.1,0,2336.2,21.1,9,2076.11,20.6,3,2126.73,20.8,18,1994.87,21.9,0,2088.55,20.9,4,2194.49,20.8,0
"2025-11-22 21:30:00",2705,801,"Chapada_High",11.9,2236.27,21.2,0,2043.45,21.4,0,2383.56,22.1,0,2337.29,21.1,7,2076.16,20.5,0,2127.34,20.7,16,1994.68,21.9,0,2095.79,20.9,1,2196.95,20.7,0
"2025-11-22 21:45:00",2706,801,"Chapada_High",11.89,2236.54,21.1,0,2043.7,21.3,0,2384.03,22,0,2337.11,21,16,2076.58,20.4,0,2127.11,20.5,19,1994.73,21.8,0,2099.63,20.8,0,2198.42,20.6,0
"2025-11-22 22:00:00",2707,801,"Chapada_High",11.89,2237.35,20.9,0,2043.5,21.2,0,2383.65,21.9,0,2336.29,20.8,9,2076.18,20.2,0,2127.98,20.3,16,1994.65,21.6,0,2100.83,20.6,0,2200.22,20.4,0
"2025-11-22 22:15:00",2708,801,"Chapada_High",11.9,2236.95,20.8,3,2043.42,21.1,0,2383.37,21.8,0,2336.58,20.7,6,2077.52,20.1,0,2127.61,20.3,17,1994.99,21.5,0,2106.4,20.5,4,2202.25,20.4,0
"2025-11-22 22:30:00",2709,801,"Chapada_High",11.9,2236.86,20.9,0,2043.5,21.1,0,2383.55,21.8,0,2335.5,20.8,6,2077.3,20.2,3,2127.32,20.4,26,1995.42,21.5,0,2116.47,20.6,4,2204.87,20.4,0
"2025-11-22 22:45:00",2710,801,"Chapada_High",11.89,2238.78,20.7,8,2044.31,21,0,2385.5,21.7,0,2340.37,20.7,11,2080.93,20.1,0,2129.08,20.3,19,1995.11,21.5,0,2121.69,20.5,0,2208.41,20.4,6
"2025-11-22 23:00:00",2711,801,"Chapada_High",11.9,2249.91,20.7,0,2044.52,21,0,2395.44,21.6,0,2371.13,20.6,12,2086.69,20,0,2136.42,20.2,16,1995.17,21.4,0,2135.42,20.4,3,2219.27,20.3,0
"2025-11-22 23:15:00",2712,801,"Chapada_High",11.9,2255.55,20.6,0,2044.56,20.9,0,2410.15,21.6,0,2400.62,20.5,12,2092,19.9,5,2144.29,20.1,30,1995.45,21.3,0,2150.77,20.4,4,2233.31,20.2,0
"2025-11-22 23:30:00",2713,801,"Chapada_High",11.9,2258.29,20.6,0,2044.86,20.9,0,2415.88,21.5,0,2412.24,20.5,14,2093.68,19.9,7,2146.83,20.2,21,1994.58,21.3,0,2152.66,20.3,7,2240.65,20.2,0
"2025-11-22 23:45:00",2714,801,"Chapada_High",11.89,2261.2,20.6,1,2044.69,20.8,0,2419.14,21.5,0,2411.91,20.5,12,2093.88,19.9,1,2148.67,20.1,22,1995.23,21.2,0,2152,20.3,0,2244.94,20.2,0
"2025-11-23 00:00:00",2715,801,"Chapada_High",11.9,2262.77,20.5,4,2044.61,20.7,0,2418.79,21.5,0,2411.66,20.4,18,2094.24,19.8,6,2149.47,20.1,23,1996.1,21.1,0,2150.17,20.2,6,2248.58,20.1,0
"2025-11-23 00:15:00",2716,801,"Chapada_High",11.9,2263.89,20.5,2,2044.67,20.6,0,2417.4,21.4,0,2408.89,20.3,13,2093.7,19.7,1,2147.81,20,25,1995.24,21,0,2150.99,20.2,4,2251.09,20,1
"2025-11-23 00:30:00",2717,801,"Chapada_High",11.9,2264.76,20.5,1,2044.27,20.6,0,2415.35,21.4,0,2404.56,20.4,9,2093.27,19.8,4,2148.34,20,26,1995.84,21,0,2148.04,20.1,7,2253.21,20,0
"2025-11-23 00:45:00",2718,801,"Chapada_High",11.89,2266.21,20.4,1,2044.66,20.6,0,2412.91,21.4,0,2399.07,20.4,8,2093.51,19.8,1,2146.96,20,19,1995.6,21,0,2148.15,20.1,7,2253.9,20,0
"2025-11-23 01:00:00",2719,801,"Chapada_High",11.9,2266.33,20.5,0,2044.01,20.6,0,2410.55,21.3,0,2394.04,20.3,14,2092.67,19.8,4,2145.94,20.1,22,1994.95,21,0,2146.18,20.2,2,2253.22,20,0
"2025-11-23 01:15:00",2720,801,"Chapada_High",11.89,2267.19,20.5,5,2044.11,20.6,0,2408.01,21.3,0,2391.54,20.3,15,2092.9,19.8,5,2144.06,20.1,21,1995.38,20.9,0,2144.52,20.2,3,2254.19,20,0
"2025-11-23 01:30:00",2721,801,"Chapada_High",11.89,2267.04,20.5,0,2044.28,20.6,0,2405.32,21.3,0,2388.57,20.4,6,2092.78,19.8,1,2142.18,20.1,25,1995.33,20.9,0,2143.86,20.2,7,2254,20,0
"2025-11-23 01:45:00",2722,801,"Chapada_High",11.89,2266.18,20.4,3,2043.96,20.5,0,2403.42,21.3,0,2382.98,20.3,10,2092.18,19.8,1,2140.65,20,30,1995.76,20.9,0,2141.85,20.1,2,2254.69,20,0
"2025-11-23 02:00:00",2723,801,"Chapada_High",11.89,2265.6,20.4,15,2044.99,20.5,0,2401.57,21.2,0,2382.31,20.3,9,2091.8,19.7,0,2139.87,20,26,1995.6,20.9,0,2140.06,20.1,4,2253.63,19.9,0
"2025-11-23 02:15:00",2724,801,"Chapada_High",11.9,2265.78,20.4,6,2044.19,20.5,0,2399.76,21.2,0,2377.59,20.3,7,2091.04,19.7,1,2138.1,20,25,1995.49,20.8,0,2140.04,20.1,4,2253.42,19.9,0
"2025-11-23 02:30:00",2725,801,"Chapada_High",11.89,2264.76,20.4,1,2044.45,20.5,0,2397.15,21.2,0,2375.91,20.3,10,2090.93,19.8,0,2136.92,20,22,1995.67,20.8,0,2138.94,20.1,2,2253.57,20,0
"2025-11-23 02:45:00",2726,801,"Chapada_High",11.89,2265.34,20.4,4,2044.94,20.5,0,2395.58,21.2,0,2372.69,20.3,6,2091.68,19.9,0,2135.45,20.1,22,1994.99,20.8,0,2137.51,20.2,0,2253,20,0
"2025-11-23 03:00:00",2727,801,"Chapada_High",11.9,2264.73,20.5,5,2045.1,20.6,0,2393.81,21.2,0,2369.63,20.4,4,2090.78,19.9,0,2135.01,20.2,17,1995.88,20.9,0,2139,20.2,4,2252.4,20.1,0
"2025-11-23 03:15:00",2728,801,"Chapada_High",11.9,2265.66,20.5,4,2044.66,20.6,0,2392.15,21.3,0,2365.92,20.5,11,2090.31,20,8,2133.47,20.2,21,1996.32,20.9,0,2137.47,20.3,5,2251.61,20.1,0
"2025-11-23 03:30:00",2729,801,"Chapada_High",11.89,2265.22,20.6,0,2044.12,20.7,0,2390.05,21.3,0,2364.16,20.5,11,2090.13,20.1,3,2132.69,20.3,22,1995.29,21,0,2138.31,20.3,6,2253.15,20.2,0
"2025-11-23 03:45:00",2730,801,"Chapada_High",11.89,2264.58,20.6,2,2045.13,20.7,0,2388.62,21.3,0,2363.49,20.5,9,2090.04,20.1,2,2132.27,20.3,23,1995.87,21,0,2136.51,20.4,7,2252.32,20.2,0
"2025-11-23 04:00:00",2731,801,"Chapada_High",11.9,2264.13,20.6,0,2045.03,20.8,0,2386.78,21.3,0,2361.56,20.6,9,2090.14,20.2,0,2130.59,20.3,20,1995.78,21.1,0,2135.1,20.4,3,2251.92,20.3,0
"2025-11-23 04:15:00",2732,801,"Chapada_High",11.89,2263.42,20.6,0,2045.19,20.8,0,2385.58,21.3,0,2359.74,20.6,4,2089.49,20.2,2,2129.95,20.3,19,1995.76,21.1,0,2135.41,20.4,5,2251.24,20.3,0
"2025-11-23 04:30:00",2733,801,"Chapada_High",11.89,2262.72,20.6,3,2045.44,20.8,0,2384.12,21.3,0,2356.46,20.5,11,2089.6,20.1,0,2128.3,20.3,15,1995.77,21.1,0,2135.09,20.4,0,2250.73,20.3,0
"2025-11-23 04:45:00",2734,801,"Chapada_High",11.89,2262.39,20.5,1,2046.17,20.7,0,2382.3,21.3,0,2355.09,20.5,17,2089.18,20,7,2128.72,20.2,18,1995.4,21,0,2132.65,20.3,8,2250.6,20.2,0
"2025-11-23 05:00:00",2735,801,"Chapada_High",11.9,2261.73,20.5,2,2045.01,20.7,0,2381.41,21.3,0,2352.86,20.4,12,2089.87,20,0,2127.78,20.2,20,1995.34,21,0,2132.14,20.3,5,2250.67,20.1,1
"2025-11-23 05:15:00",2736,801,"Chapada_High",11.89,2260.38,20.5,4,2045.46,20.7,0,2379.61,21.2,1,2350.66,20.5,7,2089.42,20,1,2126.85,20.2,18,1995.72,21,0,2133.19,20.3,5,2250.06,20.2,0
"2025-11-23 05:30:00",2737,801,"Chapada_High",11.89,2260.27,20.5,3,2045.11,20.7,0,2377.58,21.2,0,2348.13,20.5,9,2089.26,20.1,1,2126.56,20.3,20,1995.95,21,0,2130.94,20.3,1,2249.6,20.2,0
"2025-11-23 05:45:00",2738,801,"Chapada_High",11.9,2260.23,20.5,3,2045.02,20.6,0,2376.61,21.2,0,2348.61,20.4,10,2088.93,20,0,2125.48,20.1,15,1995.27,20.9,0,2130.14,20.3,4,2249.98,20.1,0
"2025-11-23 06:00:00",2739,801,"Chapada_High",11.89,2258.3,20.4,0,2045.38,20.5,0,2375.7,21.1,3,2347.15,20.3,9,2089.02,19.9,0,2125.4,20.1,24,1996.28,20.8,0,2128.77,20.2,7,2249.03,20,0
"2025-11-23 06:15:00",2740,801,"Chapada_High",11.9,2257.97,20.4,0,2045.19,20.5,0,2374.08,21.1,0,2344.89,20.3,9,2089.88,19.9,0,2124.77,20.1,18,1995.21,20.8,0,2128.48,20.2,2,2249.55,20,0
"2025-11-23 06:30:00",2741,801,"Chapada_High",11.9,2258.28,20.4,6,2045.76,20.5,0,2373.41,21.2,0,2342.2,20.4,7,2089.2,19.9,0,2124.43,20.2,14,1995.56,20.8,0,2130.24,20.2,8,2248.76,20.1,0
"2025-11-23 06:45:00",2742,801,"Chapada_High",11.9,2257.84,20.5,0,2045.12,20.6,0,2371.33,21.2,0,2343.61,20.4,8,2089.54,20,0,2124.07,20.2,21,1995.93,20.9,0,2127.56,20.3,3,2248.18,20.2,0
"2025-11-23 07:00:00",2743,801,"Chapada_High",11.9,2257.07,20.5,0,2044.87,20.7,0,2370.56,21.3,0,2343.18,20.5,7,2088.52,20.1,0,2123.35,20.3,17,1996.66,21,0,2129.15,20.3,8,2247.11,20.2,0
"2025-11-23 07:15:00",2744,801,"Chapada_High",11.89,2256.62,20.6,2,2045.5,20.8,0,2368.87,21.4,0,2341.58,20.6,7,2088.93,20.3,0,2122.27,20.4,18,1996.6,21.2,0,2127.05,20.4,14,2247.88,20.3,0
"2025-11-23 07:30:00",2745,801,"Chapada_High",11.9,2256.86,20.7,0,2044.96,21.1,0,2368.75,21.6,0,2341.23,20.8,11,2088.93,20.4,0,2122.11,20.5,18,1996.3,21.4,0,2128.3,20.6,2,2247.52,20.5,0
"2025-11-23 07:45:00",2746,801,"Chapada_High",11.9,2256.66,20.8,15,2045.53,21.4,0,2367.97,21.7,4,2340.58,20.9,7,2088.96,20.5,0,2121.84,20.6,21,1996.01,21.7,0,2128.39,20.7,13,2247.19,20.6,0
"2025-11-23 08:00:00",2747,801,"Chapada_High",11.9,2256.7,21,4,2045.73,21.7,0,2367.27,21.9,0,2339.51,21.1,12,2088.27,20.7,4,2121.04,20.8,10,1996,22.1,0,2127.72,21.2,2,2247.35,20.9,0
"2025-11-23 08:15:00",2748,801,"Chapada_High",11.89,2256.24,21.1,0,2044.89,21.9,0,2366.1,22,0,2337.25,21.2,9,2088.72,20.7,0,2121.22,20.8,23,1995.42,22.3,0,2127.58,21.1,3,2246.76,21,0
"2025-11-23 08:30:00",2749,801,"Chapada_High",11.89,2255.16,21.2,0,2044.75,22.1,0,2365.01,22.2,0,2335.99,21.3,13,2088.41,20.8,2,2119.72,20.8,18,1995.48,22.5,0,2126.76,21.1,4,2246.14,21,0
"2025-11-23 08:45:00",2750,801,"Chapada_High",11.9,2255.26,21.3,0,2045.33,22.5,0,2364.14,22.5,1,2335.61,21.5,9,2087.99,21,0,2119.14,21,27,1996.01,22.9,0,2126.55,21.2,7,2246.27,21.2,0
"2025-11-23 09:00:00",2751,801,"Chapada_High",11.89,2254.72,21.5,2,2045.32,23,0,2363.21,22.9,0,2335.91,22.3,9,2087.87,21.6,3,2118.96,21.5,20,1995.38,23.4,0,2125.7,21.6,4,2245.94,21.7,0
"2025-11-23 09:15:00",2752,801,"Chapada_High",11.89,2254.32,22,0,2046.82,23.9,0,2360.93,23.5,0,2334.08,22.7,11,2085.69,22.7,0,2117.81,22.1,21,1994.24,24.3,0,2125.51,22.2,3,2245.08,22.3,0
"2025-11-23 09:30:00",2753,801,"Chapada_High",11.9,2253.06,22.5,0,2045.36,25.2,0,2359.99,24.3,0,2334.13,23.3,11,2085.36,22.8,0,2116.97,22.7,20,1994.31,25.5,0,2123.46,22.8,6,2243.77,22.9,0
"2025-11-23 09:45:00",2754,801,"Chapada_High",11.9,2250.11,23.3,2,2044.49,26.4,0,2358.89,25,0,2332.6,24.1,10,2084.2,23.9,9,2115.82,23.7,17,1994.08,26.8,0,2122.09,24.4,3,2243.62,23.6,0
"2025-11-23 10:00:00",2755,801,"Chapada_High",11.89,2248.98,24.6,3,2044.68,28.7,0,2356,26.3,0,2329.67,25.4,8,2083.84,25.4,0,2114.01,25.1,21,1990.98,28.8,0,2119.25,25.8,8,2243.69,25.6,0
"2025-11-23 10:15:00",2756,801,"Chapada_High",11.9,2247.67,26.4,4,2043.67,30.2,0,2353.93,26.9,0,2327.29,26.2,9,2081.31,26.3,6,2113.66,26.1,20,1991.3,30.1,0,2116.77,26.5,5,2241.61,26.1,1
"2025-11-23 10:30:00",2757,801,"Chapada_High",11.9,2246.06,26.8,2,2043.44,31.7,0,2350.91,27.9,0,2325.9,27.3,9,2080.4,27.3,0,2111.24,27,20,1990.11,31.5,0,2113.63,27.3,2,2241.24,26.8,0
"2025-11-23 10:45:00",2758,801,"Chapada_High",11.9,2243.92,26.9,0,2042.87,32.3,0,2350.91,28.9,0,2322.29,28.2,9,2078.41,27.7,1,2111.07,27.3,21,1989.12,32.2,0,2111.68,27.6,8,2239.09,27.1,0
"2025-11-23 11:00:00",2759,801,"Chapada_High",11.89,2241.79,27.3,0,2042.55,32.8,0,2348.09,29.3,0,2319.05,29.4,8,2075.71,29.7,2,2107.7,27.9,18,1990.07,32.6,0,2108.86,28.1,4,2238.7,27.8,0
"2025-11-23 11:15:00",2760,801,"Chapada_High",11.9,2241.39,27.1,1,2042.02,32.4,0,2346.2,29.2,0,2315.76,29,10,2075.33,28.9,2,2107.31,27.8,18,1990.06,32.5,0,2105.98,27.7,6,2238.13,27.8,0
"2025-11-23 11:30:00",2761,801,"Chapada_High",11.9,2239.1,27.7,5,2041.55,33.2,0,2341.79,30.4,0,2312.93,30.1,12,2074.3,29.5,1,2105.89,28.8,22,1989.63,33.4,0,2103.08,28.7,4,2237.09,28.8,0
"2025-11-23 11:45:00",2762,801,"Chapada_High",11.9,2236.94,27.5,0,2042.32,32.9,0,2338.6,30.4,0,2310.84,29.6,11,2072.77,29.1,0,2103.35,28.5,18,1989.27,33.5,0,2101.57,29.8,10,2235.36,28.9,0
"2025-11-23 12:00:00",2763,801,"Chapada_High",11.9,2235.55,27.3,0,2041.22,32,0,2336.78,30.1,0,2307.27,29.5,10,2072.27,28.4,2,2100.99,27.9,20,1989.17,32.8,0,2099.75,28.5,6,2233.78,28.9,0
"2025-11-23 12:15:00",2764,801,"Chapada_High",11.9,2234.07,28.2,1,2041.28,32.5,0,2334.06,31.9,0,2304.78,31.3,9,2070.87,29.3,0,2099.46,28.8,23,1989.11,33.2,0,2097.57,28.6,5,2232.01,30.1,0
"2025-11-23 12:30:00",2765,801,"Chapada_High",11.9,2234.6,28.7,0,2040.72,33,0,2330.24,32.8,0,2300.38,32.7,9,2069.28,30.1,0,2098.72,29.4,21,1989.87,33.6,0,2095.67,28.9,0,2227.99,31.1,0
"2025-11-23 12:45:00",2766,801,"Chapada_High",11.9,2231.56,29.6,0,2040.39,33.7,0,2324.76,34,0,2298.26,33.3,8,2067.69,30.6,1,2097.05,30.2,16,1988.72,34.2,0,2093.66,29.5,3,2227.48,32.3,2
"2025-11-23 13:00:00",2767,801,"Chapada_High",11.9,2229.62,29.5,1,2040.02,33.6,0,2321.9,33.7,0,2293.86,32.1,11,2065.99,30.6,1,2095.13,29.7,17,1989.15,34,0,2092.55,29.5,8,2224.22,32.1,0
"2025-11-23 13:15:00",2768,801,"Chapada_High",11.9,2228.32,29.2,2,2039.52,33.3,0,2322.11,33,0,2292.62,31.4,8,2065.51,30,2,2094.09,29.2,18,1989.27,33.8,0,2091.15,29.6,2,2223.53,31,0
"2025-11-23 13:30:00",2769,801,"Chapada_High",11.9,2226.54,29.6,0,2039.78,33.7,2,2317.25,32.4,0,2289.5,32.5,9,2063.31,31,0,2092.7,29.9,16,1990.26,34.4,0,2090.4,31.2,10,2221.48,31.4,0
"2025-11-23 13:45:00",2770,801,"Chapada_High",11.9,2225.28,29.3,1,2039.64,33.3,0,2315.82,31.9,0,2284.79,32.4,5,2060.27,31.4,0,2091.31,29.9,17,1989.88,34.5,0,2088.95,30.8,1,2221.83,32.1,0
"2025-11-23 14:00:00",2771,801,"Chapada_High",11.9,2223.19,31.1,2,2039.08,34.4,0,2312.96,32.6,0,2281.39,33.8,9,2057.55,33.2,0,2088.91,30.8,16,1989.38,35.8,0,2085.8,31.5,4,2217.66,33.2,2
"2025-11-23 14:15:00",2772,801,"Chapada_High",11.9,2221.15,31,0,2038.68,35.1,0,2312.87,33.1,0,2278.33,34.2,7,2055.65,34.2,0,2087.68,31.3,17,1989.57,36.8,0,2083.79,32.1,2,2216.74,33.7,0
"2025-11-23 14:30:00",2773,801,"Chapada_High",11.9,2219.37,30.4,0,2036.94,35.3,0,2308.64,33.8,0,2274.95,34,9,2054.4,33.9,0,2086.2,30.9,18,1988.5,37.1,0,2082.21,32.1,5,2212.61,33.5,0
"2025-11-23 14:45:00",2774,801,"Chapada_High",11.89,2216.56,28.6,5,2038.48,33,0,2308.32,32,0,2272.82,31.2,6,2057.03,30.7,0,2083.72,28.6,16,1989.26,34.9,0,2079.74,29.7,2,2211.39,30.4,0
"2025-11-23 15:00:00",2775,801,"Chapada_High",11.9,2215.08,28.5,1,2039.13,32.7,0,2305.34,31.6,0,2271.36,31,8,2055.83,31.3,0,2083.68,28.9,16,1989.59,34.5,0,2078.72,29.6,2,2209.09,31,0
"2025-11-23 15:15:00",2776,801,"Chapada_High",11.9,2214.63,28.4,2,2038.38,32.7,0,2304.25,31.6,0,2268.51,30.5,5,2055.54,30.4,0,2081.64,28.8,16,1989.04,34.5,0,2076.89,29.5,5,2209.13,30.3,0
"2025-11-23 15:30:00",2777,801,"Chapada_High",11.9,2213.58,27.4,1,2039.18,31,0,2303.67,30.2,0,2265.42,28.3,6,2056.35,28,0,2082.19,27.1,13,1988.6,32.7,0,2076.43,28.4,2,2208.47,28.2,0
"2025-11-23 15:45:00",2778,801,"Chapada_High",11.9,2213.71,26.4,1,2039.62,29.2,0,2303.54,28.7,0,2264.95,26.6,5,2056.27,25.9,0,2081.48,25.7,11,1989.07,30.8,0,2075.38,27,7,2205.63,26.9,0
"2025-11-23 16:00:00",2779,801,"Chapada_High",11.9,2213.01,25.8,9,2040.53,27.9,0,2300.76,27.8,0,2263.39,25.8,8,2057.11,24.9,0,2078.62,24.9,15,1989.69,29.4,0,2075.41,26.1,4,2204.74,25.9,0
"2025-11-23 16:15:00",2780,801,"Chapada_High",11.9,2213.66,25.1,10,2039.13,27.1,0,2300.36,27.1,0,2261.01,25.1,4,2057.44,24.2,0,2078.18,24.3,25,1990.07,28.5,0,2074.06,25.5,4,2205.36,25.1,0
"2025-11-23 16:30:00",2781,801,"Chapada_High",11.9,2213.62,25.2,3,2039.78,27.3,0,2299.81,27.3,0,2261.05,25.7,8,2056.99,24.6,0,2078.35,24.6,11,1990.8,28.5,0,2074.35,25.7,6,2204.38,25.3,0
"2025-11-23 16:45:00",2782,801,"Chapada_High",11.9,2213.36,25.2,2,2040.11,27.2,0,2298.72,27.1,0,2261.05,25.4,3,2055.84,25.1,0,2079.52,24.7,15,1989.58,28.3,0,2073.9,25.7,1,2204.32,25.4,0
"2025-11-23 17:00:00",2783,801,"Chapada_High",11.9,2211.92,25.8,0,2040.22,28,0,2297.03,27.4,4,2260.62,25.8,4,2055.77,25.8,0,2078.08,25.5,12,1990.56,28.1,0,2074.2,26.5,2,2203.93,26.2,0
"2025-11-23 17:15:00",2784,801,"Chapada_High",11.9,2211.58,26.1,0,2040.51,28.6,0,2295.28,27.8,0,2260.04,26.1,4,2055.29,26.2,0,2077.47,25.9,15,1990.15,27.8,0,2074.46,27.1,0,2202.99,26.4,0
"2025-11-23 17:30:00",2785,801,"Chapada_High",11.89,2211.14,25.2,0,2040.65,27.4,0,2295.28,27.2,0,2258.57,25.2,5,2055.72,24.9,0,2078.02,24.7,13,1991.93,27.1,0,2073.09,25.9,2,2202.06,25.6,0
"2025-11-23 17:45:00",2786,801,"Chapada_High",11.9,2211.51,24.8,1,2039.34,26.5,0,2294.93,26.7,0,2257.11,24.6,7,2055.87,24.1,0,2077.62,24.1,16,1990.59,26.6,0,2073.41,24.9,4,2202.18,24.8,0
"2025-11-23 18:00:00",2787,801,"Chapada_High",11.9,2211.06,24.5,0,2038.79,25.9,0,2293.72,26.3,0,2256.33,24.3,9,2056.15,23.8,0,2077.61,23.9,13,1992.43,26.3,0,2073.28,24.4,3,2201.28,24.3,0
"2025-11-23 18:15:00",2788,801,"Chapada_High",11.9,2211.25,24.2,2,2040.02,25.5,0,2293.3,26,0,2255.8,24.1,1,2054.02,23.4,1,2075.21,23.6,13,1992.67,25.9,0,2073.2,24,3,2201.3,23.9,0
"2025-11-23 18:30:00",2789,801,"Chapada_High",11.89,2210.87,23.9,0,2039.82,24.9,0,2293.29,25.6,0,2254.46,23.7,3,2054.84,23.1,0,2074.7,23.2,13,1993.37,25.5,0,2073.2,23.6,0,2200.41,23.5,0
"2025-11-23 18:45:00",2790,801,"Chapada_High",11.9,2212.41,23.6,0,2039.49,24.4,0,2293.04,25.2,0,2254.37,23.3,2,2054.73,22.6,0,2074.88,22.8,15,1993.47,25,0,2072.38,23.2,2,2199.7,23,0
"2025-11-23 19:00:00",2791,801,"Chapada_High",11.9,2212.05,23.3,4,2040.39,23.9,0,2292.91,24.8,0,2253.43,22.9,9,2054.85,22.2,0,2074.61,22.4,19,1993.34,24.5,0,2073,22.8,7,2200.52,22.7,0
"2025-11-23 19:15:00",2792,801,"Chapada_High",11.9,2212.14,23.1,4,2040.76,23.5,0,2292.3,24.6,0,2253.09,22.7,7,2055.46,22.1,0,2074.09,22.3,14,1993.15,24.1,0,2072.36,22.6,0,2200.2,22.5,0
"2025-11-23 19:30:00",2793,801,"Chapada_High",11.9,2211.79,23,5,2040.66,23.4,0,2291.43,24.4,0,2251.75,22.7,5,2057.17,22.1,0,2073.92,22.3,10,1993.28,24,0,2072.82,22.5,2,2199.79,22.5,0
"2025-11-23 19:45:00",2794,801,"Chapada_High",11.9,2211.57,22.9,0,2040.65,23.4,0,2291.08,24.2,0,2252.05,22.6,3,2055.54,22,0,2073.97,22.3,11,1993.63,23.8,0,2072.14,22.4,5,2199.6,22.4,0
"2025-11-23 20:00:00",2795,801,"Chapada_High",11.9,2212.59,22.8,1,2040.16,23.3,0,2291.14,24.1,0,2252.45,22.5,4,2056.68,21.9,0,2073.08,22.2,7,1992.65,23.7,0,2071.74,22.3,1,2199.21,22.3,0
"2025-11-23 20:15:00",2796,801,"Chapada_High",11.89,2211.84,22.7,0,2041.41,23.1,0,2290.85,24,0,2251.49,22.5,4,2055.89,21.8,0,2072.96,22.1,14,1993.59,23.6,0,2072.35,22.2,0,2199.75,22.2,0
"2025-11-23 20:30:00",2797,801,"Chapada_High",11.9,2211.73,22.6,0,2041.31,23,0,2290.13,23.8,0,2250.17,22.4,8,2056.89,21.8,0,2073.47,22,18,1993.78,23.4,0,2070.95,22.1,6,2198.99,22.1,0
"2025-11-23 20:45:00",2798,801,"Chapada_High",11.9,2211.89,22.5,0,2040.83,22.9,0,2290.14,23.6,0,2251.14,22.3,10,2056.89,21.7,1,2072.93,21.9,15,1993.69,23.3,0,2071.17,22,0,2198.47,22,0
"2025-11-23 21:00:00",2799,801,"Chapada_High",11.9,2212.01,22.4,1,2040.8,22.8,0,2290.51,23.4,0,2250.54,22.2,4,2056.81,21.6,0,2072.74,21.9,24,1993.06,23.2,0,2070.78,22,2,2198.28,21.9,0
"2025-11-23 21:15:00",2800,801,"Chapada_High",11.89,2212.27,22.4,0,2041.59,22.7,0,2289.14,23.4,0,2250.62,22.2,4,2057.4,21.6,0,2072.64,21.9,19,1994.57,23.2,0,2070.77,22,4,2199.17,21.9,0
"2025-11-23 21:30:00",2801,801,"Chapada_High",11.9,2212.11,22.4,0,2042.39,22.7,0,2290.05,23.3,0,2250.1,22.1,5,2056.42,21.6,0,2072.21,21.8,5,1993.66,23.1,0,2070.57,21.9,0,2198.46,21.9,0
"2025-11-23 21:45:00",2802,801,"Chapada_High",11.89,2212.52,22.3,2,2042.38,22.6,0,2288.41,23.3,0,2249.13,22.1,1,2056.59,21.5,0,2072.38,21.8,12,1994.09,23,0,2070.53,21.9,0,2199.08,21.8,0
"2025-11-23 22:00:00",2803,801,"Chapada_High",11.9,2211.28,22.2,3,2041.83,22.5,0,2289.38,23.2,0,2248.68,22,4,2057.27,21.4,0,2072.31,21.7,13,1993.91,22.9,0,2070.38,21.8,0,2198.63,21.7,0
"2025-11-23 22:15:00",2804,801,"Chapada_High",11.89,2211.65,22.2,0,2041.54,22.3,0,2288.73,23.1,0,2249.09,21.9,4,2057.32,21.3,0,2071.97,21.6,17,1993.82,22.7,0,2070.58,21.7,1,2198.45,21.6,0
"2025-11-23 22:30:00",2805,801,"Chapada_High",11.89,2211.8,22.1,17,2042.13,22.2,0,2287.74,23,0,2248.35,21.8,3,2057.36,21.2,0,2071.38,21.5,13,1993.99,22.6,0,2069.07,21.6,1,2198.54,21.5,0
"2025-11-23 22:45:00",2806,801,"Chapada_High",11.9,2212.01,22,4,2041.89,22.1,0,2288.11,22.8,0,2248.42,21.7,2,2057.29,21.1,6,2071.03,21.4,25,1994.36,22.4,0,2069.27,21.4,0,2198.18,21.4,0
"2025-11-23 23:00:00",2807,801,"Chapada_High",11.9,2211.4,21.9,0,2041.96,22,0,2288.01,22.7,0,2247.02,21.7,5,2057.6,21,0,2070.65,21.4,9,1994.25,22.4,0,2069.22,21.4,3,2198.76,21.3,0
"2025-11-23 23:15:00",2808,801,"Chapada_High",11.89,2211.26,21.8,1,2042.28,21.9,0,2287.53,22.7,0,2246.75,21.6,2,2056.05,21,0,2070.32,21.3,11,1994.28,22.3,0,2068.59,21.3,7,2198.65,21.3,1
"2025-11-23 23:30:00",2809,801,"Chapada_High",11.89,2210.58,21.8,0,2042.21,21.9,0,2287.46,22.7,0,2248.17,21.6,3,2056.29,21,0,2070.41,21.3,17,1994.81,22.3,0,2068.48,21.4,2,2198.37,21.3,0
"2025-11-23 23:45:00",2810,801,"Chapada_High",11.9,2210.62,21.9,0,2042.38,22,0,2287.14,22.7,0,2247.58,21.6,8,2055.86,21.1,0,2071.16,21.4,11,1994.79,22.3,0,2069.44,21.4,1,2197.43,21.3,0
"2025-11-24 00:00:00",2811,801,"Chapada_High",11.89,2211.3,21.9,0,2042.16,22,0,2286.36,22.7,0,2246.72,21.7,3,2057.49,21.1,0,2070.42,21.4,12,1995.01,22.3,0,2068.46,21.4,9,2197.86,21.3,0
"2025-11-24 00:15:00",2812,801,"Chapada_High",11.89,2211.53,21.8,0,2043.04,22,0,2287.28,22.7,0,2247,21.6,2,2056.74,21.2,0,2070.11,21.4,4,1994.16,22.3,0,2067.77,21.4,0,2198.24,21.3,0
"2025-11-24 00:30:00",2813,801,"Chapada_High",11.9,2211.24,21.6,0,2042.44,21.9,0,2286.58,22.6,0,2244.64,21.5,1,2056.79,21,0,2069.72,21.1,13,1993.53,22.2,0,2067.86,21.2,2,2199.64,21.2,0
"2025-11-24 00:45:00",2814,801,"Chapada_High",11.9,2211.14,21.5,0,2043.11,21.7,0,2285.84,22.5,0,2245.12,21.3,4,2058.64,20.8,0,2069.88,20.9,8,1994.85,22.1,0,2067.35,21,5,2200.16,21,0
"2025-11-24 01:00:00",2815,801,"Chapada_High",11.89,2215.01,21.4,0,2043.7,21.6,0,2290.22,22.4,0,2255.51,21.2,8,2062.83,20.6,0,2070.75,20.9,13,1995.74,22,0,2084.94,21,1,2203.03,21,0
"2025-11-24 01:15:00",2816,801,"Chapada_High",11.9,2230.37,21.3,3,2043.38,21.6,0,2313.55,22.2,0,2508.79,21,17,2108.18,20.6,4,2157.49,20.8,15,1995.5,21.9,0,2251.2,20.9,5,2258.62,20.8,0
"2025-11-24 01:30:00",2817,801,"Chapada_High",11.89,2237.11,21.3,0,2044.17,21.5,0,2333.25,22.2,0,2529.94,21,11,2108.38,20.5,0,2164.36,20.8,22,1996.38,21.9,0,2226.79,20.8,8,2270.77,20.8,2
"2025-11-24 01:45:00",2818,801,"Chapada_High",11.89,2242.79,21.2,0,2044.73,21.4,0,2351.61,22.1,0,2533.16,21,14,2109.07,20.5,3,2168.41,20.7,37,1996.39,21.8,0,2219.23,20.8,9,2277.95,20.7,0
"2025-11-24 02:00:00",2819,801,"Chapada_High",11.89,2247.7,21.2,0,2045.18,21.4,0,2370.55,22.1,0,2520.31,21.1,11,2109.66,20.5,3,2169.41,20.8,24,1996.07,21.8,0,2223.71,20.9,11,2286.03,20.7,0
"2025-11-24 02:15:00",2820,801,"Chapada_High",11.9,2251.02,21.3,1,2043.99,21.5,0,2384.07,22.1,0,2511.05,21.1,14,2109.24,20.6,2,2169.8,20.9,21,1995.48,21.8,0,2218.72,20.9,6,2291.93,20.8,0
"2025-11-24 02:30:00",2821,801,"Chapada_High",11.9,2253.34,21.3,2,2044.6,21.5,0,2393.09,22.1,0,2501.29,21.1,11,2108.86,20.6,0,2165.49,20.9,21,1995.72,21.8,0,2211.09,20.9,11,2292.47,20.8,4
"2025-11-24 02:45:00",2822,801,"Chapada_High",11.9,2254.27,21.2,0,2044.83,21.4,0,2396.33,22,0,2489.95,21,15,2107.45,20.4,5,2162.75,20.7,23,1995.59,21.7,0,2203.18,20.8,14,2293.95,20.7,3
"2025-11-24 03:00:00",2823,801,"Chapada_High",11.9,2255.24,21.2,0,2045.01,21.4,0,2398.47,22,0,2479.74,21.1,15,2107.85,20.6,4,2160.21,20.8,21,1995.78,21.7,0,2197.85,20.9,6,2294.18,20.8,0
"2025-11-24 03:15:00",2824,801,"Chapada_High",11.89,2257.49,21.3,0,2045.19,21.4,0,2398.7,22,0,2470.3,21.1,7,2107.4,20.6,0,2157.89,20.8,23,1996.45,21.7,0,2192.33,20.9,5,2293.55,20.8,0
"2025-11-24 03:30:00",2825,801,"Chapada_High",11.9,2258.79,21.2,1,2045.7,21.4,0,2399.49,22,0,2464.76,21.1,10,2107.19,20.6,6,2155.59,20.8,20,1996.37,21.7,0,2190.3,20.9,6,2293.41,20.7,0
"2025-11-24 03:45:00",2826,801,"Chapada_High",11.89,2258.33,21.2,0,2045.04,21.3,0,2399.42,22,0,2460.57,21,6,2107.17,20.5,0,2153.77,20.7,18,1995.68,21.7,0,2187.21,20.9,9,2292.57,20.7,0
"2025-11-24 04:00:00",2827,801,"Chapada_High",11.89,2258.98,21.1,3,2045.2,21.3,0,2398.2,21.9,0,2454.5,21,14,2107.12,20.5,0,2151.4,20.7,25,1996.1,21.6,0,2183.5,20.8,4,2292.45,20.7,0
"2025-11-24 04:15:00",2828,801,"Chapada_High",11.9,2259.45,21,0,2045.35,21.1,0,2398.87,21.9,5,2448.58,20.8,8,2106.89,20.2,2,2149.66,20.5,24,1996.23,21.5,0,2177.68,20.6,3,2291.16,20.5,7
"2025-11-24 04:30:00",2829,801,"Chapada_High",11.9,2259.87,20.9,0,2045.82,21,0,2396.85,21.8,0,2441.96,20.7,5,2106.51,20.1,0,2147.56,20.5,23,1996.61,21.4,0,2176.9,20.5,5,2289.6,20.4,0
"2025-11-24 04:45:00",2830,801,"Chapada_High",11.89,2259.23,20.9,2,2046.38,20.9,0,2396.1,21.7,0,2437.06,20.7,7,2105.5,20.1,0,2146.75,20.4,20,1996.58,21.3,0,2171.73,20.5,10,2289.5,20.4,0
"2025-11-24 05:00:00",2831,801,"Chapada_High",11.9,2259.42,20.8,0,2046.16,20.9,0,2394.96,21.7,0,2432.2,20.7,9,2105.52,20.2,0,2145.77,20.4,22,1996.81,21.2,0,2171.96,20.5,7,2287.66,20.4,0
"2025-11-24 05:15:00",2832,801,"Chapada_High",11.9,2260.01,20.8,3,2047.81,20.9,0,2394.23,21.7,0,2425.78,20.7,6,2105.86,20.2,1,2143.61,20.4,25,1996.11,21.2,0,2169.4,20.5,5,2287.17,20.4,0
"2025-11-24 05:30:00",2833,801,"Chapada_High",11.9,2259.7,20.8,4,2047.11,20.8,0,2392.06,21.6,0,2421.64,20.7,9,2105.27,20.1,1,2142,20.4,26,1996.59,21.2,0,2167.16,20.5,6,2286.25,20.3,0
"2025-11-24 06:45:00",2834,801,"Chapada_High",11.89,2259.6,20.9,3,2047.03,20.8,0,2390.44,21.6,0,2416.49,20.7,8,2105.01,20.2,0,2141.51,20.5,14,1996.4,21.2,0,2166.56,20.5,4,2285.93,20.4,0
"2025-11-24 07:00:00",2835,801,"Chapada_High",11.9,2259.6,20.9,3,2047.03,20.8,0,2390.44,21.6,0,2416.49,20.7,8,2105.01,20.2,0,2141.51,20.5,14,1996.4,21.2,0,2166.56,20.5,4,2285.93,20.4,0
"2025-11-24 07:15:00",2836,801,"Chapada_High",11.91,2259.14,21.1,0,2048.35,21.5,0,2383.87,21.7,0,2396.27,21.2,6,2105.33,20.8,3,2135.65,20.9,21,1996.86,21.7,0,2162.32,20.9,5,2282.61,20.9,0
"2025-11-24 07:30:00",2837,801,"Chapada_High",11.91,2260.5,21,1,2049.1,21.5,0,2384.56,21.7,1,2396.12,21.2,8,2107.12,20.8,0,2136.15,20.7,25,1996.96,21.7,0,2177.75,20.8,9,2284.65,20.8,0
"2025-11-24 07:45:00",2838,801,"Chapada_High",11.91,2261.33,21.1,3,2048.23,21.6,0,2388.02,21.8,0,2396.37,21.3,7,2106.7,20.7,1,2135.78,20.8,20,1996.78,21.9,0,2178.53,21,7,2286.44,21,0
"2025-11-24 08:00:00",2839,801,"Chapada_High",11.91,2265.63,21.3,3,2048.51,21.8,0,2391.34,21.9,0,2395.55,21.4,7,2106.9,20.9,4,2135.81,21,17,1996.31,22.1,0,2176.83,21.1,12,2287.29,21.2,0
"2025-11-24 08:15:00",2840,801,"Chapada_High",11.91,2266.23,21.5,10,2047.7,22.2,0,2392.9,22.2,0,2394.04,21.7,8,2106.11,21.2,4,2135.49,21.3,14,1996.53,22.5,0,2174.66,21.4,6,2286.24,21.4,0
"2025-11-24 08:30:00",2841,801,"Chapada_High",11.91,2267.46,21.6,0,2047.73,22.4,0,2394.19,22.6,0,2392.67,21.9,11,2107,21.5,2,2134.95,21.4,22,1996.61,22.8,0,2172.07,21.5,6,2285.15,21.5,0
"2025-11-24 08:45:00",2842,801,"Chapada_High",11.91,2266.18,21.9,2,2047.77,22.8,0,2392.56,22.9,0,2392.11,22.4,4,2106.74,22,1,2134.35,21.8,27,1996.11,23.2,0,2170.49,21.9,5,2285.07,21.9,0
"2025-11-24 09:00:00",2843,801,"Chapada_High",11.91,2266.54,22.3,0,2047.31,23.7,0,2391.19,23.5,0,2389.96,23,7,2104.69,22.8,6,2133.56,22.4,17,1994.9,24,0,2168,22.4,5,2282.85,22.4,2
"2025-11-24 09:15:00",2844,801,"Chapada_High",11.92,2265.56,23.2,4,2047.14,25.3,1,2390.08,24.7,3,2387.93,24.2,6,2104.23,23.9,1,2133.02,23.5,18,1995.68,25.5,0,2165.63,23.5,6,2281.4,23.4,0
"2025-11-24 09:30:00",2845,801,"Chapada_High",11.91,2262.71,24.3,0,2047.82,27.7,0,2387.15,25.9,0,2384.69,25.4,9,2103.31,24.9,2,2131.37,24.6,16,1992.31,27.7,0,2162.95,26.3,8,2279.83,24.3,0
"2025-11-24 09:45:00",2846,801,"Chapada_High",11.91,2261.36,24.8,0,2046.13,29.1,0,2384.59,26.4,0,2380.44,25.6,7,2102.3,24.7,2,2129.47,25.1,18,1992.12,29.2,0,2157.65,25.7,11,2279.22,25.9,3
"2025-11-24 10:00:00",2847,801,"Chapada_High",11.91,2260.22,25.6,1,2046.42,29.4,0,2381.77,26.5,0,2378.02,25.5,9,2100.92,25,3,2127.39,25.2,16,1992.13,29.6,0,2155.52,25.4,5,2276.58,25.2,1
"2025-11-24 10:15:00",2848,801,"Chapada_High",11.92,2258.67,25.9,1,2046.31,30.5,0,2379.44,27.5,0,2374.05,26.4,9,2098.1,26.2,1,2125.05,26.2,17,1991.77,30.6,0,2150.4,26.2,5,2274.76,25.9,0
"2025-11-24 10:30:00",2849,801,"Chapada_High",11.91,2257.17,25.7,0,2045.57,30.5,0,2376.48,27.7,0,2369.73,27,7,2097.13,26.2,4,2125.01,26.3,17,1990.53,30.9,0,2146.71,26.2,5,2272.72,26.1,0
"2025-11-24 10:45:00",2850,801,"Chapada_High",11.91,2255.8,25.6,4,2045.57,30.1,0,2374.04,27.4,0,2364.53,26.8,9,2096.58,27.1,1,2122.14,26.3,18,1991.6,30.6,0,2144.6,26.1,15,2271.62,26.2,0
"2025-11-24 11:00:00",2851,801,"Chapada_High",11.92,2254.63,25.2,0,2044.65,29.4,0,2371.53,27.1,0,2364.09,26.2,8,2095.69,26.2,0,2121.38,25.8,14,1991.81,30.1,0,2141.49,25.8,4,2269.17,25.9,0
"2025-11-24 11:15:00",2852,801,"Chapada_High",11.92,2254.39,24.9,0,2045.01,28.6,0,2369.98,26.7,0,2359.56,25.8,4,2095.22,25.5,0,2120.96,25.4,18,1991.8,29.4,0,2140.76,25.5,3,2268.24,25.4,0
"2025-11-24 11:30:00",2853,801,"Chapada_High",11.91,2252.28,24.7,11,2044.76,28,0,2368.57,26.5,0,2356.11,25.5,10,2094.46,25.1,2,2119.24,25,15,1991.57,28.9,0,2138.52,25.6,6,2266.85,25.3,0
"2025-11-24 11:45:00",2854,801,"Chapada_High",11.91,2251.84,25.1,1,2045.42,28,0,2365.84,26.5,0,2352.43,25.8,4,2093.36,25.3,0,2118.55,25.2,18,1991.86,28.8,0,2136.39,25.5,6,2264.4,25.6,0
"2025-11-24 12:00:00",2855,801,"Chapada_High",11.92,2250.51,25.6,2,2044.08,28.8,0,2363.13,27,0,2348.73,26.7,10,2092.21,26,0,2117.53,25.9,14,1991.77,29.5,0,2134.88,25.9,4,2263.34,26,0
"2025-11-24 12:15:00",2856,801,"Chapada_High",11.92,2249.19,26.6,5,2043.75,30.3,0,2362.75,29.1,0,2344.73,29,9,2089.83,27.8,0,2114.79,27.7,17,1991.95,30.9,0,2131.29,27,5,2263.73,27.9,0
"2025-11-24 12:30:00",2857,801,"Chapada_High",11.91,2247.13,28.3,0,2043.56,32.1,0,2358.25,32.3,0,2343.46,31.7,8,2087.96,29.9,0,2113.5,29.5,14,1990.59,32.5,0,2129.37,28.1,4,2260.22,30.4,0
"2025-11-24 12:45:00",2858,801,"Chapada_High",11.91,2246.58,28.8,5,2043.03,32.3,0,2354.64,33.1,0,2338.36,32.1,9,2086.25,30,4,2111.56,29.5,13,1989.99,32.7,0,2126.64,28.5,9,2255.62,31.2,0
"2025-11-24 13:00:00",2859,801,"Chapada_High",11.92,2244.46,29.7,5,2042.19,33.3,0,2348.43,33.8,0,2333.84,31.7,7,2084.96,29.8,2,2110.5,30.2,21,1990.45,33.3,0,2124.58,29.2,5,2252.1,32.3,0
"2025-11-24 13:15:00",2860,801,"Chapada_High",11.92,2240.95,29.5,0,2042.04,33.5,0,2347.82,33.3,0,2330,31.4,10,2083.17,30,2,2107.95,29.9,15,1990.19,33.8,0,2123.47,30.5,10,2249.34,31.7,0
"2025-11-24 13:30:00",2861,801,"Chapada_High",11.92,2238.54,28.6,8,2043.41,32.7,0,2342.83,32.1,0,2325.65,30.6,7,2083.06,29.4,0,2104.56,29,22,1989.89,33.5,0,2120.36,29.7,4,2249.72,31,0
"2025-11-24 13:45:00",2862,801,"Chapada_High",11.92,2237.23,28.9,0,2042.63,32.5,0,2341.34,31.5,0,2322.32,30.6,8,2081.66,29.5,0,2103.09,28.9,16,1989.06,33.6,0,2117.36,29.2,5,2247.77,30.3,0
"2025-11-24 14:00:00",2863,801,"Chapada_High",11.92,2236.19,28,0,2043.12,31.9,0,2341.35,31,0,2318.65,29.8,5,2081.17,28.7,0,2101.34,28.2,15,1989.78,33.1,0,2115.02,28.5,6,2246.17,29.3,0
"2025-11-24 14:15:00",2864,801,"Chapada_High",11.92,2234.44,27.2,0,2043.77,30.9,0,2338.89,30.4,0,2316.72,29.2,5,2080.98,28,0,2102.05,27.5,17,1990.44,32.2,0,2113.65,27.6,5,2244.39,28.3,0
"2025-11-24 14:30:00",2865,801,"Chapada_High",11.91,2233.31,28,0,2042.73,32.2,0,2336.45,30.9,0,2313.07,31,7,2077.86,31.2,1,2101.12,28.6,14,1989.69,33.5,0,2111.53,28.9,4,2240.77,30.1,0
"2025-11-24 14:45:00",2866,801,"Chapada_High",11.92,2231.94,26.8,2,2043.4,30.4,0,2335.17,29.5,0,2310.7,28.9,5,2079.16,28.1,0,2098.5,26.6,13,1990.48,31.9,0,2110.38,27.3,2,2240.95,28,0
"2025-11-24 15:00:00",2867,801,"Chapada_High",11.92,2230.78,27.3,0,2043.6,30.9,0,2332.96,29.7,0,2307.7,29.7,6,2076.99,30,0,2098.41,27.5,15,1990.59,32.4,0,2108.91,28.4,8,2238.99,29.8,0
"2025-11-24 15:15:00",2868,801,"Chapada_High",11.92,2229.65,28.6,5,2042.77,33,0,2330.09,31.3,0,2305.82,31.9,5,2073.05,32.9,0,2097.36,29.3,13,1989.84,34.9,0,2108.18,31,5,2234.68,33.1,0
"2025-11-24 15:30:00",2869,801,"Chapada_High",11.92,2229.81,29.9,2,2042.34,34,0,2324.03,32.2,0,2301.13,32.3,5,2071.05,33.3,1,2095.81,29.6,16,1988.99,36.4,0,2105.34,31.2,5,2231,34,2
"2025-11-24 15:45:00",2870,801,"Chapada_High",11.92,2227.91,29.4,1,2041.7,33.8,0,2324.69,32.1,0,2297.16,31.1,4,2071.85,31.5,0,2093.99,29.2,13,1989.37,36.3,0,2103.7,30.7,2,2231.12,32.2,0
"2025-11-24 16:00:00",2871,801,"Chapada_High",11.92,2224.84,28,1,2042.13,32.1,0,2323.38,31,0,2295.83,29.1,9,2072.48,29,0,2092.22,27.7,16,1989.83,34.2,0,2101.27,29,5,2229.31,29.5,0
"2025-11-24 16:15:00",2872,801,"Chapada_High",11.91,2224.66,26.9,0,2043.02,30.3,0,2322.34,29.6,0,2292.86,28,4,2073.94,27.3,2,2092.08,26.5,10,1989.7,32.2,0,2100.38,27.5,4,2228.12,27.7,0
"2025-11-24 16:30:00",2873,801,"Chapada_High",11.91,2223.04,26.1,0,2042.7,29,0,2321.02,28.5,2,2292.42,26.8,2,2073.55,26.4,0,2090.36,25.6,13,1990.11,30.7,0,2100.22,26.4,3,2227.26,26.5,0
"2025-11-24 16:45:00",2874,801,"Chapada_High",11.92,2223.66,25.5,2,2043.18,28.1,0,2319.36,27.7,0,2289.76,26.2,2,2074.24,25.5,0,2089.31,25,17,1990.8,29.6,0,2099.32,25.6,2,2226.68,25.7,1
"2025-11-24 17:00:00",2875,801,"Chapada_High",11.92,2223.22,24.7,0,2042.7,26.8,3,2319.19,26.8,0,2287.82,25.3,4,2074.25,24.3,0,2090.47,23.8,15,1991.19,28.3,0,2099.03,24.8,0,2226.91,24.7,0
"2025-11-24 17:15:00",2876,801,"Chapada_High",11.91,2283.32,23.4,5,2044.7,25.6,0,2334.87,25.5,0,2435.91,23.5,17,2122.68,22.5,3,2662.89,21.4,35,1991.48,26.9,0,2412.58,22.9,20,2230.75,23.7,0
"2025-11-24 17:30:00",2877,801,"Chapada_High",11.92,2317.14,22.6,5,2046.26,24.5,0,2459.91,24.6,0,2591.08,22.5,15,2138.47,21.5,1,2502.51,20.7,34,1993.43,25.7,0,2469.88,21.8,16,2331.93,22.3,0
"2025-11-24 17:45:00",2878,801,"Chapada_High",11.92,2346.89,22.4,2,2045.1,23.8,0,2499.18,24.1,0,2608.55,22,15,2140.83,21,4,2393.55,20.6,29,1994.27,24.9,0,2460.07,21.4,19,2414.34,21.7,0
"2025-11-24 18:00:00",2879,801,"Chapada_High",11.91,2356.52,22.3,0,2045.39,23.6,0,2496.93,23.9,0,2592.7,22.2,8,2136.01,21.1,2,2316.91,20.8,29,1994,24.6,0,2376.42,21.5,14,2424.02,21.8,0
"2025-11-24 18:15:00",2880,801,"Chapada_High",11.91,2358.26,22.4,0,2045.55,23.6,0,2494.29,23.8,0,2571.97,22.3,21,2134.21,21.5,0,2277.06,21.1,29,1994.45,24.5,0,2324,21.7,17,2418.01,21.9,1
"2025-11-24 18:30:00",2881,801,"Chapada_High",11.92,2356.64,22.4,3,2045.63,23.4,0,2489.01,23.6,0,2555.93,22.2,11,2132.95,21.4,2,2254.47,21.1,37,1994.46,24.2,0,2293.46,21.7,11,2409.79,21.8,1
"2025-11-24 18:45:00",2882,801,"Chapada_High",11.91,2354.82,22.3,0,2045.26,23.2,0,2484.25,23.4,0,2541.14,22.1,7,2131.04,21.3,2,2238.79,21.2,32,1994.73,24,0,2279.87,21.6,11,2402.89,21.8,2
"2025-11-24 19:00:00",2883,801,"Chapada_High",11.91,2351.92,22.1,3,2045.66,23,0,2480.01,23.2,0,2528.41,21.9,9,2128.87,21.2,0,2227.41,21.1,24,1994.32,23.8,0,2265.69,21.6,18,2399.83,21.7,0
"2025-11-24 19:15:00",2884,801,"Chapada_High",11.91,2351.4,21.9,2,2045.45,22.7,0,2475.8,23,0,2516.74,21.7,11,2129.02,21,0,2217.92,20.9,25,1995.33,23.5,0,2254.38,21.4,11,2394.19,21.4,0
"2025-11-24 19:30:00",2885,801,"Chapada_High",11.91,2349.87,21.9,0,2045.95,22.5,0,2471.56,22.8,0,2506.04,21.6,6,2126.58,20.9,5,2212.04,20.9,18,1994.51,23.2,0,2245.48,21.3,9,2387,21.3,0
"2025-11-24 19:45:00",2886,801,"Chapada_High",11.91,2348.2,21.8,2,2045.98,22.4,0,2467.66,22.7,0,2494.41,21.6,8,2125.82,20.9,3,2205.18,20.9,19,1994.96,23.1,0,2238.26,21.2,8,2382.98,21.3,0
"2025-11-24 20:00:00",2887,801,"Chapada_High",11.91,2346.25,21.6,3,2045.56,22.3,1,2464.16,22.5,0,2486.43,21.5,8,2125.25,20.8,4,2201.13,20.8,23,1995.03,22.9,0,2232.72,21.1,9,2378.47,21.2,0
"2025-11-24 20:15:00",2888,801,"Chapada_High",11.91,2344.09,21.4,6,2045.81,22,0,2460.97,22.3,0,2480.82,21.3,16,2125.13,20.6,0,2196.35,20.6,25,1995.23,22.6,0,2228.3,21,9,2374.5,21,0
"2025-11-24 20:30:00",2889,801,"Chapada_High",11.91,2342.59,21.3,1,2046.84,21.8,4,2457.98,22.3,0,2473.38,21.1,8,2125.35,20.4,7,2193.77,20.5,17,1995.3,22.4,0,2222.69,20.9,7,2369.86,20.8,0
"2025-11-24 20:45:00",2890,801,"Chapada_High",11.91,2339.91,21.1,0,2047.23,21.6,0,2454.66,22.2,0,2465.78,21,5,2124.13,20.2,4,2189.79,20.2,16,1995.6,22.2,0,2217.35,20.7,9,2365.32,20.6,1
"2025-11-24 21:00:00",2891,801,"Chapada_High",11.91,2338.36,21,0,2046.42,21.5,0,2451.47,22.1,0,2459.69,20.8,6,2124.48,20.1,1,2187.14,20.1,16,1996.04,22,0,2216.74,20.6,10,2362.51,20.6,0
"2025-11-24 21:15:00",2892,801,"Chapada_High",11.91,2336.9,20.9,2,2046.74,21.3,0,2449.21,22,0,2456.8,20.7,7,2123.76,20,5,2185.11,20,18,1995.03,21.9,0,2212.03,20.5,11,2358.85,20.4,0
"2025-11-24 21:30:00",2893,801,"Chapada_High",11.91,2336.02,20.8,0,2046.99,21.2,0,2446.36,22,0,2452.83,20.6,10,2123.68,19.9,0,2182.45,20,16,1994.91,21.7,0,2209.65,20.4,13,2355.27,20.3,0
"2025-11-24 21:45:00",2894,801,"Chapada_High",11.91,2334.31,20.8,3,2047.49,21.2,0,2444.41,21.9,4,2448.8,20.6,7,2123.19,19.9,3,2179.9,20,17,1994.77,21.6,0,2207.33,20.4,10,2353.16,20.3,0
"2025-11-24 22:00:00",2895,801,"Chapada_High",11.91,2332.2,20.7,4,2049.3,21.1,0,2441.28,21.8,0,2444.17,20.5,4,2122.5,19.9,3,2177.94,19.9,23,1995.44,21.5,0,2204.65,20.3,8,2350.32,20.2,0
"2025-11-24 22:15:00",2896,801,"Chapada_High",11.91,2330.68,20.7,0,2047.83,21,0,2438.56,21.7,0,2441.55,20.5,7,2123.34,19.8,0,2176.67,19.9,16,1995.19,21.5,0,2203.31,20.3,10,2348.03,20.2,0
"2025-11-24 22:30:00",2897,801,"Chapada_High",11.91,2329.32,20.6,0,2047.4,21,0,2437.35,21.7,0,2437.16,20.5,7,2122.95,19.8,0,2174.6,19.9,12,1995.26,21.4,0,2203.19,20.2,7,2345.59,20.2,0
"2025-11-24 22:45:00",2898,801,"Chapada_High",11.91,2327.39,20.6,5,2046.86,21,0,2434.93,21.6,0,2431.13,20.5,4,2123.11,19.9,0,2173.78,20,17,1996.14,21.4,0,2201.19,20.3,8,2344.03,20.2,0
"2025-11-24 23:00:00",2899,801,"Chapada_High",11.91,2325.96,20.7,0,2047.29,21.1,0,2432.13,21.6,0,2428.07,20.6,7,2122.5,20,1,2171.88,20.2,16,1995.01,21.5,0,2199.52,20.3,16,2341.71,20.3,0
"2025-11-24 23:15:00",2900,801,"Chapada_High",11.91,2325.19,20.7,0,2047.38,21.1,0,2430.17,21.6,0,2426.86,20.6,3,2122.78,20,18,2170.43,20.2,18,1995.82,21.5,0,2198.09,20.3,9,2339.17,20.3,0
"2025-11-24 23:30:00",2901,801,"Chapada_High",11.91,2323.19,20.7,0,2048.53,21.1,0,2428.15,21.6,0,2422.36,20.5,5,2122.19,20,1,2169.3,20.2,20,1995.83,21.4,0,2196.22,20.3,7,2337.92,20.3,0
"2025-11-24 23:45:00",2902,801,"Chapada_High",11.91,2322.37,20.7,9,2047.83,21.1,0,2426.4,21.6,0,2420.41,20.6,5,2122.27,20,2,2168.23,20.2,15,1995.29,21.4,0,2194.48,20.3,9,2335.87,20.2,0
"2025-11-25 00:00:00",2903,801,"Chapada_High",11.91,2320.77,20.6,3,2047.75,21,0,2424.29,21.5,0,2415.1,20.5,8,2122.19,20,0,2167.3,20.1,19,1995.54,21.3,0,2192.74,20.3,11,2334.33,20.2,2
"2025-11-25 00:15:00",2904,801,"Chapada_High",11.91,2320.24,20.6,6,2047.29,20.9,0,2422.76,21.5,0,2413.57,20.5,6,2121.59,20,0,2165.64,20.1,15,1996.25,21.3,0,2192.31,20.3,9,2333,20.2,0
"2025-11-25 00:30:00",2905,801,"Chapada_High",11.91,2319.63,20.6,0,2047.49,20.9,0,2421.93,21.4,0,2410.82,20.5,2,2121.64,20,0,2164.49,20.2,20,1995.07,21.2,0,2188.71,20.3,9,2331.78,20.2,0
"2025-11-25 00:45:00",2906,801,"Chapada_High",11.91,2318.56,20.6,5,2047.41,20.9,0,2419.99,21.4,0,2406.97,20.5,7,2121.25,20,0,2163.54,20.1,21,1996.18,21.2,0,2189.61,20.3,11,2330.43,20.2,0
"2025-11-25 01:00:00",2907,801,"Chapada_High",11.91,2317.58,20.6,0,2047.37,20.8,0,2418.3,21.4,0,2405.3,20.4,7,2121.94,19.9,4,2163.2,20.1,23,1996.18,21.1,0,2187.46,20.3,10,2328.01,20.1,0
"2025-11-25 01:15:00",2908,801,"Chapada_High",11.91,2316.2,20.6,2,2047.21,20.7,0,2415.92,21.3,0,2402.39,20.4,5,2121.92,19.9,0,2161.61,20,13,1996.18,21,0,2188.35,20.2,7,2327.24,20.1,0
"2025-11-25 01:30:00",2909,801,"Chapada_High",11.9,2314.78,20.5,5,2047.36,20.7,0,2414.96,21.3,0,2400.16,20.3,6,2121.23,19.8,0,2161.22,20,15,1995.19,21,0,2184.96,20.2,10,2326.1,20.1,0
"2025-11-25 01:45:00",2910,801,"Chapada_High",11.91,2313.11,20.5,2,2047.97,20.7,0,2413.34,21.3,0,2398.51,20.4,8,2122.16,19.8,0,2160.48,20,14,1995.58,21,0,2184.63,20.2,5,2324.55,20.1,0
"2025-11-25 02:00:00",2911,801,"Chapada_High",11.91,2313.16,20.5,5,2047.19,20.6,0,2411.96,21.3,0,2396.58,20.3,4,2121.14,19.8,0,2159.4,20,19,1996.36,20.9,0,2185.23,20.2,9,2323.71,20.1,0
"2025-11-25 02:15:00",2912,801,"Chapada_High",11.92,2311.44,20.5,0,2047.1,20.6,0,2410.88,21.3,0,2394.17,20.4,4,2121.2,19.9,1,2159.41,20.1,23,1996.56,20.9,0,2182.36,20.2,5,2322.53,20.1,0
"2025-11-25 02:30:00",2913,801,"Chapada_High",11.91,2311.31,20.6,2,2047.56,20.7,0,2409.27,21.3,0,2393.94,20.5,10,2121.73,20,3,2158.61,20.2,19,1996.44,21,0,2180.85,20.3,6,2321.07,20.2,0
"2025-11-25 02:45:00",2914,801,"Chapada_High",11.91,2310.41,20.6,3,2047.73,20.8,0,2408.53,21.3,0,2389.98,20.5,2,2122.11,20,0,2157.19,20.2,21,1997.36,21,0,2180.39,20.3,4,2319.44,20.2,0
"2025-11-25 03:00:00",2915,801,"Chapada_High",11.91,2310.17,20.6,0,2047.67,20.8,0,2407.44,21.3,0,2388.58,20.4,6,2121.39,20,0,2156.77,20.1,16,1996.01,21,0,2179.45,20.3,5,2318.72,20.1,0
"2025-11-25 03:15:00",2916,801,"Chapada_High",11.91,2309.05,20.5,0,2047.74,20.6,0,2406.96,21.2,0,2387.38,20.3,4,2120.96,19.9,3,2156.52,20,16,1996.05,20.9,0,2179,20.2,7,2318.05,20,0
"2025-11-25 03:30:00",2917,801,"Chapada_High",11.91,2307.61,20.5,1,2047.16,20.5,0,2404.69,21.1,0,2385.48,20.2,6,2121.24,19.7,0,2155.84,19.9,17,1996.59,20.8,0,2179.78,20.1,8,2316.95,19.9,0
"2025-11-25 03:45:00",2918,801,"Chapada_High",11.91,2308.06,20.4,0,2048.03,20.3,0,2403.56,21.1,0,2384.98,20.1,5,2121.42,19.6,0,2154.39,19.7,13,1996.41,20.6,0,2177.37,20,4,2318.49,19.7,0
"2025-11-25 04:00:00",2919,801,"Chapada_High",11.91,2306.74,20.3,2,2048.16,20.2,0,2402.61,21,0,2383.18,20,4,2122.2,19.4,5,2153.69,19.6,27,1996.42,20.5,0,2176.41,19.9,5,2314.66,19.6,0
"2025-11-25 04:15:00",2920,801,"Chapada_High",11.91,2305.53,20.2,7,2048.32,20.1,0,2402.24,20.9,0,2381.78,19.9,6,2121.29,19.4,1,2152.99,19.5,14,1996.68,20.4,0,2175.83,19.7,4,2315.89,19.6,0
"2025-11-25 06:30:00",2921,801,"Chapada_High",11.86,2304.6,20.2,4,2048.65,20.1,0,2400.78,20.9,0,2379.7,19.9,10,2122.18,19.4,2,2153.14,19.6,18,1997.03,20.3,0,2177.56,19.7,4,2315.89,19.5,0
"2025-11-25 07:00:00",2922,801,"Chapada_High",11.91,2304.6,20.2,4,2048.65,20.1,0,2400.78,20.9,0,2379.7,19.9,10,2122.18,19.4,2,2153.14,19.6,18,1997.03,20.3,0,2177.56,19.7,4,2315.89,19.5,0
"2025-11-25 07:15:00",2923,801,"Chapada_High",11.9,2304.6,20.2,4,2048.65,20.1,0,2400.78,20.9,0,2379.7,19.9,10,2122.18,19.4,2,2153.14,19.6,18,1997.03,20.3,0,2177.56,19.7,4,2315.89,19.5,0
"2025-11-25 07:30:00",2924,801,"Chapada_High",11.9,2297.3,21.1,1,2049.64,21.4,0,2390.48,21.5,0,2367.3,21.1,3,2123.4,20.8,0,2147.75,21,15,1997.31,21.5,0,2171.36,20.9,2,2305.87,20.8,0
"2025-11-25 07:45:00",2925,801,"Chapada_High",11.91,2297.12,21.3,2,2050.04,21.7,0,2390.18,21.7,0,2366.45,21.4,4,2122.6,21.2,1,2147.68,21.2,15,1996.79,21.8,0,2171.58,21.1,9,2305.18,21.1,0
"2025-11-25 08:00:00",2926,801,"Chapada_High",11.9,2296.59,21.4,0,2049.61,22.1,0,2388.45,22,0,2367.38,21.8,3,2121.98,21.3,0,2147.97,21.4,15,1996.8,22.2,0,2170.9,21.4,7,2304.42,21.3,0
"2025-11-25 08:15:00",2927,801,"Chapada_High",11.91,2296.28,21.6,1,2050.08,22.4,0,2388.22,22.2,0,2365.33,22,4,2121.21,21.8,0,2146.79,21.6,19,1996.16,22.6,0,2170.13,21.6,4,2303.44,21.5,0
"2025-11-25 08:30:00",2928,801,"Chapada_High",11.91,2295.65,21.8,17,2049.33,22.8,0,2386.86,22.4,0,2365.03,22.2,0,2121.7,21.8,0,2146.4,21.8,15,1996.02,23,0,2168.84,21.8,7,2301.96,21.8,0
"2025-11-25 08:45:00",2929,801,"Chapada_High",11.91,2294.86,22,5,2049.99,23.2,0,2386.3,22.6,0,2363,22.4,8,2120.06,22,5,2146.07,22,12,1995.99,23.4,0,2168.59,22.2,14,2302.18,22,0
"2025-11-25 09:00:00",2930,801,"Chapada_High",11.91,2294.13,22.1,1,2050.17,23.5,0,2385.7,22.9,0,2362.53,22.6,5,2119.03,22.1,0,2145.23,22.2,16,1997.12,23.8,0,2167.84,22.4,6,2301.54,22.6,0
"2025-11-25 09:15:00",2931,801,"Chapada_High",11.91,2293.32,22.4,1,2050.94,23.6,0,2383.75,23,0,2361.64,22.6,8,2118.77,22.2,2,2144.02,22.3,16,1995.86,24,0,2166.9,22.4,8,2300.36,22.5,0
"2025-11-25 09:30:00",2932,801,"Chapada_High",11.91,2292.46,22.4,0,2049.34,23.6,0,2383.15,23,0,2359.31,22.6,2,2118.98,22.1,0,2144.18,22.3,15,1996.53,24,0,2165.85,22.3,15,2299.48,22.4,0
"2025-11-25 09:45:00",2933,801,"Chapada_High",11.91,2292.03,22.4,0,2049.57,23.8,0,2382.02,23.2,0,2357.93,22.8,3,2118.76,22.3,0,2142.99,22.4,16,1996.87,24.1,0,2165.16,22.5,7,2297.92,22.5,0
"2025-11-25 10:00:00",2934,801,"Chapada_High",11.91,2292.17,22.5,0,2049.68,24,0,2381.27,23.3,0,2356.71,23.1,4,2117.95,22.8,0,2142.61,22.5,11,1996.56,24.3,0,2163.82,22.5,6,2296.6,22.5,0
"2025-11-25 10:15:00",2935,801,"Chapada_High",11.91,2290.4,22.5,3,2050.91,24,0,2381.12,23.3,0,2357.04,23.1,4,2117.61,22.7,2,2141.44,22.6,16,1996.81,24.4,0,2163.57,22.5,4,2296.58,22.6,0
"2025-11-25 10:30:00",2936,801,"Chapada_High",11.91,2289.2,22.8,0,2049.87,24.6,0,2378.7,23.6,0,2355.52,23.5,4,2117.44,23,4,2140.71,23,20,1996.21,24.9,0,2163.28,23,5,2296.01,23,0
"2025-11-25 10:45:00",2937,801,"Chapada_High",11.91,2290.15,22.8,2,2051.11,24.6,0,2377.9,23.6,0,2355.32,23.2,2,2116.26,22.8,0,2140.52,22.9,13,1995.13,25,0,2161.66,23.3,4,2295.05,23,0
"2025-11-25 11:00:00",2938,801,"Chapada_High",11.91,2287.69,22.6,6,2051.02,24.2,0,2377.24,23.4,0,2353.46,22.8,1,2117.09,22.4,0,2139.44,22.5,14,1996.05,24.7,0,2160.77,22.7,6,2293.22,22.9,0
"2025-11-25 11:15:00",2939,801,"Chapada_High",11.91,2287.51,22.4,1,2049.78,23.8,0,2376.12,23.1,0,2352.5,22.5,4,2116.99,21.9,0,2138.67,22.1,21,1996.12,24.3,0,2159.85,22.2,4,2292.09,22.4,0
"2025-11-25 11:30:00",2940,801,"Chapada_High",11.91,2288.23,21.5,15,2050.12,22.6,0,2376.49,22.4,0,2352.14,21.5,2,2119.19,20.5,0,2138.15,20.9,9,1997.07,23.3,0,2157.43,21.3,5,2293.8,21.4,0
"2025-11-25 11:45:00",2941,801,"Chapada_High",11.91,2288.16,20.8,0,2051.35,21.9,0,2379.54,21.7,0,2354.79,21.1,5,2119.85,19.8,2,2141.07,20.2,15,1997.46,22.6,0,2156.63,20.7,5,2296.15,20.6,1
"2025-11-25 12:00:00",2942,801,"Chapada_High",11.91,2290.34,20.8,1,2052.4,21.8,0,2443.18,21.6,0,2404.01,20.9,4,2120.88,20.2,1,2151.65,20.2,20,1997.76,22.5,0,2158.55,20.6,5,2302.89,20.6,0
"2025-11-25 12:15:00",2943,801,"Chapada_High",11.91,2294.63,21,3,2052.44,22.1,0,2464.24,22.2,0,2429.32,21.3,4,2120.24,20.5,3,2155.75,20.5,16,1997.39,22.8,0,2159.82,20.8,7,2308.12,20.9,0
"2025-11-25 12:30:00",2944,801,"Chapada_High",11.91,2299.6,21.6,0,2052.42,22.9,0,2464.13,22.8,0,2439.63,22,3,2121.84,21.4,2,2159.65,21.3,22,1997.03,23.5,0,2163.76,21.7,10,2311.8,21.8,0
"2025-11-25 12:45:00",2945,801,"Chapada_High",11.91,2304.14,22,1,2054.04,23.9,0,2460.62,23.5,0,2437.92,22.7,3,2119.24,22.2,0,2160.26,22,20,1996.3,24.5,0,2162.75,22.4,3,2314.64,23,0
"2025-11-25 13:00:00",2946,801,"Chapada_High",11.91,2305.92,24,4,2051.6,26,0,2455.21,25.3,0,2433.66,24.4,9,2119.78,23.8,0,2161.92,23.4,19,1994.98,26.6,0,2161.24,23.8,10,2315.22,24.5,0
"2025-11-25 13:15:00",2947,801,"Chapada_High",11.91,"NAN","NAN","NAN","NAN","NAN","NAN","NAN","NAN","NAN","NAN","NAN","NAN","NAN","NAN","NAN","NAN","NAN","NAN","NAN","NAN","NAN","NAN","NAN","NAN","NAN","NAN","NAN"
"2025-11-25 13:30:00",2948,801,"Chapada_High",11.92,2308.65,25.8,0,2050.59,29.3,0,2441.98,27.7,0,2423.82,27,5,2115.39,27.1,0,2160.85,25.1,17,1993.15,29.7,0,2159.87,26,8,2313.55,26.4,0
"2025-11-25 13:45:00",2949,801,"Chapada_High",11.92,2308.58,26.4,4,2051.19,30,0,2436.53,27.7,0,2415.41,28.2,3,2113.96,28.4,0,2158.86,25.8,19,1991.76,30,0,2157.97,26.5,5,2311.66,27.5,0
"2025-11-25 14:00:00",2950,801,"Chapada_High",11.92,2308.31,27.5,4,2049.31,30.5,0,2430.12,28.3,0,2410.4,29.1,10,2112.32,29.8,1,2157.99,26.3,21,1991.69,30.5,0,2157.43,28.4,6,2312.25,28.9,0
"2025-11-25 14:15:00",2951,801,"Chapada_High",11.92,2307.15,27.9,0,2050.37,30.6,0,2425.72,28.7,0,2405.8,29.4,4,2110.97,30.3,0,2155.89,26.5,17,1992,30.8,0,2156.53,29,5,2311.31,29.4,0
"2025-11-25 14:30:00",2952,801,"Chapada_High",11.92,2306.86,28.6,3,2048.99,31.1,0,2422.06,29.4,0,2398.99,30.2,5,2109.01,31.3,2,2155.18,27.2,19,1991.61,31.5,0,2157.12,29.8,10,2307.42,30.4,0
"2025-11-25 14:45:00",2953,801,"Chapada_High",11.91,2303.48,27.8,0,2049.43,30.3,0,2416.69,29.2,0,2392.96,29.5,8,2108.12,30.8,0,2151.03,27.4,20,1990.18,32.1,0,2153.08,29.4,10,2303.41,30.4,0
"2025-11-25 15:00:00",2954,801,"Chapada_High",11.91,2302.12,27.5,4,2049.24,30.3,0,2411.4,29.4,0,2387.83,29.6,7,2106.75,31.8,0,2150.35,27.5,19,1989.33,32.8,0,2150.5,29.1,9,2301.19,31,0
"2025-11-25 15:15:00",2955,801,"Chapada_High",11.91,2300.16,27.3,2,2048.95,30.3,0,2405.94,30.1,1,2384.25,30,7,2104.74,31.5,2,2150.2,27.2,17,1989.22,33.1,0,2149.41,29.1,10,2299.49,31.3,0
"2025-11-25 15:30:00",2956,801,"Chapada_High",11.91,2298.64,27,0,2048.73,30,0,2401.74,29.9,0,2379.31,30.1,9,2103.42,31.6,0,2147.2,26.8,14,1989.92,32.8,0,2147.31,28.6,8,2295.28,31.2,0
"2025-11-25 15:45:00",2957,801,"Chapada_High",11.92,2296.78,27.1,0,2048.21,30.1,0,2397.37,30,0,2374.73,29.7,5,2103.04,31.5,6,2145.07,28.2,18,1989.53,33.1,0,2145.42,29,9,2294.02,31.4,0
"2025-11-25 16:00:00",2958,801,"Chapada_High",11.91,2294.63,27.3,0,2048.45,30.4,0,2392.52,30.1,0,2369.65,29.8,6,2103.08,30.7,0,2143.08,27.7,17,1990.26,32.8,0,2143.48,29.3,10,2291.43,31.3,0
"2025-11-25 16:15:00",2959,801,"Chapada_High",11.91,2292.81,27.4,3,2048.41,30.2,0,2388.24,30,0,2365.11,29.5,4,2101.95,30.1,4,2141.43,27.5,15,1990.76,32,0,2143.74,30.4,6,2287.84,31.1,0
"2025-11-25 16:30:00",2960,801,"Chapada_High",11.92,2291.52,27.6,3,2048.02,29.9,0,2385.41,29.8,0,2361.65,28.8,5,2101.62,29.3,3,2142.14,27.5,17,1990.58,31.4,0,2142.78,30.1,6,2286.56,30.9,0
"2025-11-25 16:45:00",2961,801,"Chapada_High",11.92,2289.08,27.3,2,2047.64,28.9,0,2382.99,29.1,0,2358.52,27.8,7,2101.63,27.9,2,2141.19,26.6,21,1990.53,30.1,0,2139.45,28.5,6,2286.23,28.8,0
"2025-11-25 17:00:00",2962,801,"Chapada_High",11.92,2288.68,26.4,1,2047.98,27.9,0,2378.78,28.5,0,2354.95,27,7,2101.5,26.9,0,2138.93,25.9,12,1991.09,28.8,0,2137.78,27.5,6,2283.35,27.3,0
"2025-11-25 17:15:00",2963,801,"Chapada_High",11.91,2287.45,26.1,3,2048.61,27.5,0,2375.89,28.2,0,2352.79,27.3,4,2101.63,26.7,0,2138.39,25.9,15,1991.1,28,0,2137.24,27.1,6,2282.46,26.8,0
"2025-11-25 17:30:00",2964,801,"Chapada_High",11.91,2287.03,25.5,12,2046.82,26.9,0,2374.79,27.5,0,2349.97,26.4,4,2101.4,26.4,0,2135.55,25.3,17,1991.4,27.2,0,2136.23,26.3,9,2280.69,26.1,0
"2025-11-25 17:45:00",2965,801,"Chapada_High",11.91,2286.02,24.8,6,2047.26,25.9,0,2373.32,26.7,0,2348.77,25.4,5,2101.64,25.1,0,2133.82,24.6,18,1991.49,26.4,0,2137.28,25.3,8,2279.9,25.1,0
"2025-11-25 18:00:00",2966,801,"Chapada_High",11.91,2285.96,24.4,6,2046.91,25.4,0,2371.38,26.2,0,2347.39,24.9,8,2102.12,24.4,0,2133.6,24,16,1993.5,25.9,0,2134.14,24.8,3,2279.25,24.5,0
"2025-11-25 18:15:00",2967,801,"Chapada_High",11.92,2284.95,24.1,2,2048.41,24.9,0,2371.12,25.8,0,2344.98,24.4,6,2102.61,23.9,0,2133.8,23.5,12,1992.69,25.4,0,2136.02,24.4,8,2279.82,24.3,0
"2025-11-25 18:30:00",2968,801,"Chapada_High",11.91,2283.69,23.9,0,2048.54,24.5,0,2369.53,25.4,0,2343.9,24,5,2101.36,23.5,0,2132.3,23.2,17,1993.12,25,0,2136.06,23.9,5,2278.6,23.8,0
"2025-11-25 18:45:00",2969,801,"Chapada_High",11.91,2285.92,23.6,0,2047.23,24,0,2368.76,25,0,2342.42,23.6,4,2101.8,23,0,2131.15,22.8,15,1992.82,24.6,0,2134.78,23.4,2,2278.05,23.3,0
"2025-11-25 19:00:00",2970,801,"Chapada_High",11.91,2285.74,23.3,0,2048.45,23.7,0,2367.3,24.7,0,2340.27,23.3,4,2101.61,22.7,0,2130.84,22.6,14,1993.64,24.2,0,2134.53,23.1,6,2277.09,23,0
"2025-11-25 19:15:00",2971,801,"Chapada_High",11.91,2285.47,23.1,2,2048.76,23.4,0,2366.46,24.4,0,2341.07,23.1,6,2102.21,22.5,0,2130.75,22.4,18,1993.84,23.9,0,2134.03,22.9,5,2276.45,22.7,0
"2025-11-25 19:30:00",2972,801,"Chapada_High",11.91,2284.95,22.9,11,2047.79,23.2,0,2365.36,24.2,0,2339.53,22.8,4,2102.13,22.3,0,2130.11,22.2,23,1994.74,23.6,0,2133.61,22.6,3,2276.9,22.5,0
"2025-11-25 19:45:00",2973,801,"Chapada_High",11.91,2285.21,22.7,4,2048.26,23,0,2364.8,23.9,0,2337.84,22.6,5,2103.22,22.1,0,2129.03,22,12,1993.87,23.4,0,2133.51,22.4,6,2275.96,22.3,0
"2025-11-25 20:00:00",2974,801,"Chapada_High",11.91,2284.08,22.6,0,2048.47,22.8,0,2363.49,23.7,0,2336.11,22.4,1,2102.52,21.9,0,2128.56,21.9,15,1993.89,23.2,0,2133.25,22.2,10,2275.56,22.2,0
"2025-11-25 20:15:00",2975,801,"Chapada_High",11.91,2283.51,22.5,0,2048.39,22.6,0,2362.8,23.6,0,2335.06,22.3,2,2104.19,21.8,4,2128.15,21.8,14,1994.41,23,0,2132.31,22.1,12,2275.33,22.1,0
"2025-11-25 20:30:00",2976,801,"Chapada_High",11.91,2283.7,22.3,0,2048.77,22.5,0,2362.75,23.4,0,2333.48,22.2,2,2104.11,21.7,6,2128.11,21.7,17,1994.92,22.9,0,2132.02,22.1,5,2274.67,22,0
"2025-11-25 20:45:00",2977,801,"Chapada_High",11.91,2283.47,22.3,2,2049.95,22.4,0,2361.73,23.3,0,2335,22.1,1,2104.49,21.7,0,2127.04,21.7,15,1994.59,22.8,0,2131.67,22,6,2274.53,21.9,0
"2025-11-25 21:00:00",2978,801,"Chapada_High",11.91,2282.49,22.3,4,2049.36,22.5,0,2361.29,23.3,0,2334.02,22.3,2,2103.99,21.8,0,2127.26,21.8,12,1994.46,22.8,0,2131.95,22,5,2274.43,21.9,1
"2025-11-25 21:15:00",2979,801,"Chapada_High",11.91,2282.73,22.3,1,2048.99,22.5,0,2360.6,23.2,0,2333.66,22.2,4,2103.98,21.8,0,2126.66,21.9,17,1994.85,22.8,0,2131.06,22,5,2273.55,21.9,0
"2025-11-25 21:30:00",2980,801,"Chapada_High",11.91,2282.62,22.3,0,2049.39,22.4,0,2359.81,23.1,0,2331.42,22.2,1,2103.16,21.8,0,2126.65,21.8,16,1994.92,22.7,0,2131,22,6,2273.51,21.9,0
"2025-11-25 21:45:00",2981,801,"Chapada_High",11.91,2281.47,22.2,0,2049.73,22.4,0,2359.56,23.1,0,2332.12,22.2,4,2104.43,21.7,0,2126.55,21.8,18,1994.51,22.7,0,2130.77,22,3,2273.56,21.9,0
"2025-11-25 22:00:00",2982,801,"Chapada_High",11.91,2281.84,22.2,1,2050.06,22.4,0,2358.2,23,0,2331.78,22.1,7,2104.86,21.7,0,2126.64,21.8,12,1994.83,22.7,0,2131.45,21.9,3,2273.56,21.9,0
"2025-11-25 22:15:00",2983,801,"Chapada_High",11.91,2280.47,22.3,2,2049.72,22.4,2,2359.29,23,0,2329.85,22.1,6,2104.95,21.8,3,2126.2,21.9,6,1994.68,22.7,0,2130.8,21.9,4,2271.95,21.9,0
"2025-11-25 22:30:00",2984,801,"Chapada_High",11.91,2280.71,22.2,0,2049.65,22.3,0,2358.22,23,0,2329.51,22.1,6,2104.29,21.7,0,2124.43,21.8,11,1994.8,22.6,0,2130.29,21.9,8,2272.69,21.9,0
"2025-11-25 22:45:00",2985,801,"Chapada_High",11.91,2280.45,22.1,0,2050.15,22.3,0,2357.31,23,0,2328.48,22.1,5,2104.34,21.7,2,2124.68,21.8,21,1994.33,22.6,0,2129.65,21.8,6,2271.75,21.8,0
"2025-11-25 23:00:00",2986,801,"Chapada_High",11.91,2279.39,22.1,0,2050.06,22.3,0,2356.79,22.9,0,2328.06,22.1,4,2103.73,21.7,0,2125.08,21.8,13,1994.76,22.5,0,2130.1,21.8,13,2272.22,21.8,0
"2025-11-25 23:15:00",2987,801,"Chapada_High",11.91,2279.51,22,8,2050.82,22.2,0,2356.07,22.8,0,2328.5,21.9,2,2104.77,21.6,1,2123.99,21.7,14,1994.76,22.4,0,2129.16,21.7,4,2271.24,21.7,0
"2025-11-25 23:30:00",2988,801,"Chapada_High",11.91,2278.87,21.9,0,2049.78,22.1,0,2355.83,22.7,0,2328.13,21.8,1,2105.26,21.4,0,2123.83,21.5,17,1994.96,22.2,0,2129.18,21.5,6,2271.37,21.6,0
"2025-11-25 23:45:00",2989,801,"Chapada_High",11.91,2278.9,21.8,0,2050.61,22,0,2355.57,22.7,0,2327.42,21.7,4,2104.55,21.4,0,2123.99,21.5,14,1996.18,22.2,0,2128.49,21.6,1,2271.22,21.5,0
"2025-11-26 00:00:00",2990,801,"Chapada_High",11.91,2278.69,21.8,0,2050.92,21.9,0,2354.25,22.6,0,2328.15,21.7,2,2103.82,21.3,0,2122.6,21.4,11,1995.04,22.1,0,2128.58,21.5,5,2271.21,21.5,0
"2025-11-26 00:15:00",2991,801,"Chapada_High",11.91,2277.95,21.8,0,2050.58,21.9,0,2355.1,22.5,0,2326.99,21.7,6,2104.6,21.3,0,2123.01,21.4,15,1994.59,22.1,0,2128.27,21.4,1,2270.53,21.5,0
"2025-11-26 00:30:00",2992,801,"Chapada_High",11.91,2277.81,21.8,0,2050.78,21.9,0,2354.79,22.5,0,2325.72,21.7,2,2104.4,21.3,0,2122.03,21.4,16,1994.93,22.1,0,2128.13,21.4,4,2270.83,21.4,1
"2025-11-26 00:45:00",2993,801,"Chapada_High",11.91,2277.3,21.7,0,2050.88,21.9,0,2353.36,22.5,0,2324.01,21.7,4,2104.68,21.3,0,2121.67,21.4,16,1995.77,22.1,0,2127.07,21.5,3,2269.72,21.4,0
"2025-11-26 01:00:00",2994,801,"Chapada_High",11.91,2277.12,21.6,0,2051.42,21.8,0,2353.81,22.4,3,2323.43,21.6,0,2104.86,21.2,1,2121.87,21.2,13,1994.93,22.1,0,2127.62,21.3,6,2269.84,21.3,0
"2025-11-26 01:15:00",2995,801,"Chapada_High",11.91,2276.18,21.5,0,2050.91,21.6,0,2352.74,22.3,0,2323.17,21.4,3,2103.61,20.9,0,2121.69,21,15,1995.59,21.9,0,2125.65,21.2,6,2270.35,21.2,0
"2025-11-26 01:30:00",2996,801,"Chapada_High",11.91,2276.47,21.4,0,2050.8,21.4,0,2352.91,22.2,0,2323.26,21.3,2,2103.9,20.8,0,2122.23,20.9,16,1995.05,21.8,0,2126.84,21.1,5,2269.79,21,0
"2025-11-26 01:45:00",2997,801,"Chapada_High",11.91,2275.63,21.3,0,2051.9,21.3,0,2352.33,22,0,2323.63,21.2,0,2103.64,20.7,0,2121.64,20.8,13,1996.21,21.7,0,2126.37,20.9,4,2269.74,21,0
"2025-11-26 02:00:00",2998,801,"Chapada_High",11.91,2275.3,21.3,0,2052.03,21.2,0,2351.36,22,0,2322.93,21,5,2103.77,20.5,0,2120.39,20.6,14,1995.14,21.5,0,2126.7,20.8,2,2268.76,20.8,0
"2025-11-26 02:15:00",2999,801,"Chapada_High",11.91,2275.02,21.1,0,2052.38,21.1,0,2351.11,21.9,0,2321.57,21,0,2103.77,20.5,0,2120.66,20.6,13,1995.37,21.4,0,2126.64,20.7,2,2268.77,20.7,0
"2025-11-26 02:30:00",3000,801,"Chapada_High",11.91,2274.87,21,2,2051.89,21,0,2350.56,21.9,0,2323.07,20.9,3,2104.68,20.4,0,2120.87,20.5,14,1995.56,21.3,0,2124.5,20.6,8,2268.53,20.6,0
"2025-11-26 02:45:00",3001,801,"Chapada_High",11.91,2274.77,20.9,0,2051.92,21,0,2351,21.8,0,2321.8,20.8,4,2104.73,20.3,0,2120.13,20.4,11,1994.99,21.2,0,2125.9,20.5,4,2267.66,20.5,0
"2025-11-26 03:00:00",3002,801,"Chapada_High",11.91,2274.17,20.8,0,2052.27,20.9,0,2350.62,21.7,0,2320.76,20.7,2,2104.68,20.2,0,2119.65,20.4,14,1995.83,21.1,0,2125.98,20.4,8,2267.64,20.4,0
"2025-11-26 03:15:00",3003,801,"Chapada_High",11.91,2273.59,20.9,0,2052.11,21,0,2349.59,21.7,0,2320.77,20.8,7,2103.49,20.4,0,2119.92,20.5,16,1995.9,21.2,0,2125.72,20.5,3,2267.53,20.5,0
"2025-11-26 03:30:00",3004,801,"Chapada_High",11.91,2272.96,21,1,2052.48,21.1,0,2350.13,21.7,0,2319.54,20.9,2,2103.54,20.5,0,2119.09,20.7,6,1995.7,21.3,0,2125.28,20.7,4,2268.05,20.7,0
"2025-11-26 03:45:00",3005,801,"Chapada_High",11.91,2272.94,21,2,2052.1,21.1,0,2349.7,21.7,0,2321.05,20.9,1,2104.89,20.6,0,2119.06,20.7,11,1995.73,21.3,0,2125.04,20.7,7,2267.65,20.7,0
"2025-11-26 04:00:00",3006,801,"Chapada_High",11.91,2273.23,21,0,2052.93,21,0,2349.29,21.7,0,2320.46,20.9,2,2104.69,20.5,0,2118.71,20.6,8,1995.61,21.3,0,2122.91,20.6,7,2267.05,20.6,0
"2025-11-26 04:15:00",3007,801,"Chapada_High",11.91,2272.49,20.8,0,2053.63,20.9,0,2348.97,21.6,0,2319.59,20.7,4,2104.46,20.3,0,2118.46,20.4,13,1995.87,21.1,0,2122.07,20.4,6,2267.23,20.5,2
"2025-11-26 04:30:00",3008,801,"Chapada_High",11.91,2272.21,20.8,0,2053.36,20.8,0,2349,21.5,0,2318.69,20.7,3,2104.38,20.2,0,2118.28,20.4,9,1995.87,21,0,2123.81,20.4,3,2265.89,20.4,0
"2025-11-26 06:45:00",3009,801,"Chapada_High",11.91,2272.03,20.8,0,2052.98,20.8,0,2348.1,21.4,0,2320.01,20.7,9,2104.39,20.3,0,2118.11,20.4,11,1996.14,21,0,2123.96,20.4,4,2266.14,20.4,0
"2025-11-26 07:00:00",3010,801,"Chapada_High",11.91,2270.06,21.1,0,2055.06,21.1,0,2346.11,21.5,0,2317.99,21,5,2105.03,20.6,0,2117.31,20.8,14,1996.64,21.2,0,2122.96,21.1,6,2264.56,20.7,0
"2025-11-26 07:15:00",3011,801,"Chapada_High",11.91,2269.52,21.3,1,2055.04,21.5,0,2345.65,21.8,0,2317.84,21.4,1,2105.34,21.3,0,2117.41,21.3,9,1996.34,21.6,0,2123.3,21.5,3,2265.09,21.1,0
"2025-11-26 07:30:00",3012,801,"Chapada_High",11.91,2269.03,21.6,6,2054.81,21.9,0,2345.46,22.1,0,2317.54,21.8,3,2104.87,21.7,0,2117.39,21.8,14,1996.26,22,0,2122.36,21.8,6,2264.73,21.6,0
"2025-11-26 07:45:00",3013,801,"Chapada_High",11.91,2268.57,22.5,2,2055.12,22.9,0,2344.67,22.8,0,2317.7,22.7,1,2103.04,22.7,0,2116.35,22.8,14,1996.5,22.8,0,2122.17,22.6,5,2264.54,22.3,0
"2025-11-26 08:00:00",3014,801,"Chapada_High",11.91,2268.09,22.3,1,2054.48,22.8,0,2344.68,22.9,0,2317.06,22.6,0,2103.26,22.4,0,2116.55,22.5,12,1996.04,22.8,0,2122.31,22.4,2,2264.28,22.2,0
"2025-11-26 08:15:00",3015,801,"Chapada_High",11.91,2266.99,22.3,0,2054.5,22.8,0,2343.91,23,0,2315.94,22.9,7,2102.56,22.4,0,2115.72,22.5,12,1995.87,22.9,0,2121.62,22.4,6,2264.11,22.2,0
"2025-11-26 08:30:00",3016,801,"Chapada_High",11.91,2266.08,22.3,12,2054.21,22.8,0,2343.07,23,0,2315.92,22.8,2,2102.24,22.7,0,2115.16,22.5,10,1995.96,23,0,2120.82,22.4,4,2263.21,22.3,0
"2025-11-26 08:45:00",3017,801,"Chapada_High",11.91,2266.45,22.3,2,2054.99,22.9,0,2342.96,23.1,0,2314.33,22.8,8,2101.84,22.7,0,2115.28,22.8,15,1995.89,23.1,0,2120.25,22.5,1,2262.84,22.3,0
"2025-11-26 09:00:00",3018,801,"Chapada_High",11.91,2266.01,22.5,0,2054.58,23.2,0,2341.59,23.3,0,2312.93,23,2,2102.33,22.9,2,2114.6,23,20,1995.61,23.4,0,2120.57,22.9,3,2262.58,22.6,0
"2025-11-26 09:15:00",3019,801,"Chapada_High",11.91,2264.98,22.9,1,2056.43,23.8,0,2340.74,23.8,0,2312.03,23.8,0,2101.75,23.6,0,2115.94,23.6,10,1995.12,24,0,2119.97,23.7,7,2262.18,23.5,0
"2025-11-26 09:30:00",3020,801,"Chapada_High",11.91,2262.96,24.4,3,2053.67,25,0,2339.8,24.9,0,2313.15,25,6,2109.71,24.8,0,2115.26,24.7,10,1995.38,25,0,2118.65,24.7,2,2261.52,24.5,0
"2025-11-26 09:45:00",3021,801,"Chapada_High",11.91,2261.02,24.6,2,2054.3,25.6,0,2338.48,25.5,0,2311.37,25.5,2,2109.89,25.3,0,2114.83,25.2,10,1995.7,25.7,0,2116.7,25.2,4,2260.07,25,0
"2025-11-26 10:00:00",3022,801,"Chapada_High",11.91,2259.25,24.5,0,2053.4,25.8,0,2337.31,26,0,2309.11,25.7,5,2114.37,25.5,0,2113.38,25.3,15,1994.94,26,0,2115.83,25.4,5,2257.95,25.1,0
"2025-11-26 10:15:00",3023,801,"Chapada_High",11.92,2258.25,25.3,0,2054.44,26.8,0,2335.86,26.9,0,2308.35,27.3,5,2112.9,27.5,0,2113.84,26.4,21,1994.28,27,0,2115.49,26.5,6,2258.09,25.8,0
"2025-11-26 10:30:00",3024,801,"Chapada_High",11.91,2256.03,27.3,5,2053.61,29.3,0,2336.1,29.1,0,2305.51,29.8,2,2108.34,30,0,2112.83,29.7,11,1992.3,29.5,0,2112.66,29.4,13,2256.87,27.7,0
"2025-11-26 10:45:00",3025,801,"Chapada_High",11.92,2253.96,27.6,2,2052.98,29.8,0,2333.31,29.7,0,2305.18,30,2,2108.33,29.8,0,2111.46,29.3,8,1992.43,30,0,2110.72,29.7,5,2256.34,28,0
"2025-11-26 11:00:00",3026,801,"Chapada_High",11.92,2252.17,28,0,2052.08,30.7,0,2329.25,30.5,0,2303.27,31.2,2,2090.69,30.4,0,2110.46,29.4,14,1990.68,30.8,0,2111.11,31.4,4,2253.82,28.8,0
"2025-11-26 11:15:00",3027,801,"Chapada_High",11.91,2252.09,28.8,0,2051.75,31.9,0,2326.73,31.2,0,2300.5,32.8,2,2088.15,31.5,0,2109.14,30.1,11,1990.83,31.7,0,2107.54,31.9,4,2254.07,30.8,0
"2025-11-26 11:30:00",3028,801,"Chapada_High",11.91,2249.15,29.1,1,2051.11,31.3,0,2323.85,31.4,0,2298.92,31.7,4,2087.4,30.6,0,2107.49,29.4,12,1990.29,31.6,0,2107.49,30.7,5,2251.6,30,0
"2025-11-26 11:45:00",3029,801,"Chapada_High",11.91,2246.37,28.2,0,2051.12,30.8,0,2322.76,31.3,0,2297.13,31.2,3,2087.49,30.1,0,2106.45,29,13,1991.53,31.4,0,2107.25,30,6,2248.49,29.4,0
"2025-11-26 12:00:00",3030,801,"Chapada_High",11.92,2243.8,28.5,0,2049.81,31.9,0,2320.55,32.7,0,2295.35,32.5,6,2086.69,30.9,2,2105.51,30.1,12,1989.93,32.2,0,2105.51,30.3,13,2247.38,30.1,0
"2025-11-26 12:15:00",3031,801,"Chapada_High",11.92,2243.97,29,0,2048.44,32.8,0,2317.77,33.7,0,2291.74,32.9,2,2083,32.3,0,2104.42,30.6,12,1989.93,32.7,0,2103.8,30.4,4,2244.6,31,0
"2025-11-26 12:30:00",3032,801,"Chapada_High",11.92,2241.98,29.7,0,2047.71,34.1,0,2314.62,34.8,0,2289.73,33.9,5,2082.15,32.1,0,2103.6,31.9,11,1989.33,32.9,0,2102.71,30.5,4,2243.64,32.1,0
"2025-11-26 12:45:00",3033,801,"Chapada_High",11.92,2239.43,30.7,0,2044.61,35.7,0,2313.28,36.1,0,2287.65,34.7,4,2083.73,32.5,0,2102.83,32,11,1988.7,33.5,0,2102.01,31.7,11,2240.87,33.6,0
"2025-11-26 13:00:00",3034,801,"Chapada_High",11.92,2237.57,31.3,0,2042.89,36.2,0,2308.64,36.1,0,2285.09,33.6,4,2080.73,32.3,0,2101.59,32.1,13,1988.62,33.6,0,2100.12,32.3,7,2237.58,34.4,0
"2025-11-26 13:15:00",3035,801,"Chapada_High",11.92,2236.07,31.6,0,2044.25,35.5,1,2306.61,35.4,0,2283.18,33.5,1,2080.91,32.4,0,2099.91,31.7,13,1989.87,34,0,2098.41,32.4,2,2234.97,33.6,0
"2025-11-26 13:30:00",3036,801,"Chapada_High",11.92,2234.12,31.1,3,2044.48,34.9,0,2307.43,34.2,0,2280.06,33.5,1,2092.57,32.6,0,2097.84,31.4,12,1988.15,34.3,0,2097.14,32.1,5,2233.69,32.7,0
"2025-11-26 13:45:00",3037,801,"Chapada_High",11.92,2233.1,30.3,0,2044.6,33.8,0,2306.62,33.6,0,2276.74,32.9,4,2092.74,32.2,0,2097.33,30.5,12,1988.64,34,0,2095.29,31.2,4,2233.13,31.8,0
"2025-11-26 14:00:00",3038,801,"Chapada_High",11.92,2231.2,30.6,4,2043.97,34.5,0,2304.25,33.4,0,2275.04,34.8,4,2090.66,34.3,0,2096.01,31.4,12,1988.12,35.4,0,2094.95,31.7,5,2229.78,33,0
"2025-11-26 14:15:00",3039,801,"Chapada_High",11.91,2227.74,29.3,0,2044.85,32.3,0,2303.77,32.2,0,2274.1,31.8,1,2091.84,31.7,0,2095.71,30.3,12,1987.04,33.6,0,2091.78,30.4,4,2228.43,30.8,0
"2025-11-26 14:30:00",3040,801,"Chapada_High",11.92,2227.37,28.2,1,2045.24,30.6,0,2302.45,31,0,2271.5,29.8,0,2096.45,29.5,2,2093.4,28.6,14,1988.84,31.8,0,2090.76,29.3,3,2227.77,29.1,0
"2025-11-26 14:45:00",3041,801,"Chapada_High",11.92,2226.45,27.3,0,2044.76,29.3,0,2301.97,30,0,2270.65,28.7,0,2097.98,28.1,0,2093.89,27.4,10,1988.68,30.5,0,2090.69,28.8,8,2227.83,28,0
"2025-11-26 15:00:00",3042,801,"Chapada_High",11.92,2225.96,26.9,2,2046.04,28.5,0,2301.63,29.3,0,2268.42,28.1,3,2096.63,27.4,7,2092.24,26.7,13,1988.94,29.6,0,2090.05,27.8,2,2227.16,27.8,0
"2025-11-26 15:15:00",3043,801,"Chapada_High",11.91,2226.08,26.5,0,2045.77,27.5,0,2299.07,28.5,2,2268.28,27.2,0,2095.95,26.3,1,2093.36,25.9,15,1988.83,28.6,0,2089.48,26.9,8,2224.57,26.6,0
"2025-11-26 15:30:00",3044,801,"Chapada_High",11.92,2225.4,25.9,14,2044.26,26.8,0,2298.77,27.8,0,2266.87,26.3,0,2099.86,25.6,0,2092.65,25.3,11,1989.23,27.7,0,2089.6,26.2,7,2223.99,25.8,0
"2025-11-26 15:45:00",3045,801,"Chapada_High",11.92,2225.23,25.5,0,2045.1,26.3,0,2297.93,27.3,0,2265.4,26,0,2099.13,25.1,0,2091.62,25,9,1989.73,27,0,2088.84,25.7,7,2222.22,25.3,0
"2025-11-26 16:00:00",3046,801,"Chapada_High",11.92,2224.94,25.1,2,2045.13,25.7,0,2298.17,26.8,0,2265.59,25.2,2,2101.39,24.7,0,2090.63,24.5,14,1989.8,26.4,0,2088.56,25.2,4,2222.68,24.7,0
"2025-11-26 16:15:00",3047,801,"Chapada_High",11.92,2226.07,24.5,0,2047.16,24.9,0,2297.7,26.1,0,2263.84,24.3,4,2099.91,23.7,0,2090.33,23.8,15,1991.5,25.6,0,2090.17,24.5,2,2222.09,24,0
"2025-11-26 16:30:00",3048,801,"Chapada_High",11.92,2229.6,23.6,5,2048.91,23.6,0,2300.63,25.1,0,2262.13,23.2,0,2099.59,22.4,0,2089.57,22.5,12,1992.43,24.5,0,2088.35,23.4,2,2223.37,22.9,0
"2025-11-26 16:45:00",3049,801,"Chapada_High",11.91,2229.6,23.2,0,2048.7,23.2,0,2302.2,24.8,0,2264.04,23,7,2100.58,22.2,0,2090.4,22.3,6,1992.62,23.9,0,2087.81,23,1,2223.68,22.8,0
"2025-11-26 17:00:00",3050,801,"Chapada_High",11.91,2229.43,23.2,0,2049.21,23.1,0,2304.82,24.5,0,2262.52,22.9,0,2100.81,22.1,0,2090.61,22.2,4,1992.14,23.7,0,2087.65,22.8,5,2223.5,22.8,0
"2025-11-26 17:15:00",3051,801,"Chapada_High",11.91,2228.86,23.1,0,2048.94,23,0,2306.86,24.2,0,2261.76,22.8,2,2100.56,22,0,2090.22,22.2,14,1991.75,23.6,0,2088.04,22.8,3,2223.03,22.6,3
"2025-11-26 17:30:00",3052,801,"Chapada_High",11.92,2228.95,22.8,0,2048.71,22.8,0,2308.81,24.3,0,2262.36,22.7,0,2100.47,21.9,0,2090.2,22,10,1992.81,23.5,0,2088.35,22.5,2,2223.41,22.4,0
"2025-11-26 17:45:00",3053,801,"Chapada_High",11.91,2228.04,22.8,0,2049.62,22.7,0,2310.25,24.2,0,2262,22.8,0,2102.41,22,0,2089.62,22.1,11,1992.67,23.4,0,2088.36,22.5,1,2223.12,22.4,0
"2025-11-26 18:00:00",3054,801,"Chapada_High",11.92,2228.9,22.8,0,2050.09,22.7,0,2311.06,23.9,0,2262.22,22.7,0,2099.93,22.1,0,2089.91,22.2,13,1992.54,23.4,0,2087.98,22.5,1,2223.21,22.4,0
"2025-11-26 18:15:00",3055,801,"Chapada_High",11.91,2228.53,22.6,0,2049.8,22.6,0,2310.73,23.7,0,2261.84,22.6,1,2100.35,21.9,0,2089.29,22.1,13,1993.49,23.3,0,2087.58,22.4,3,2222.49,22.3,0
"2025-11-26 18:30:00",3056,801,"Chapada_High",11.91,2228.59,22.6,3,2048.97,22.5,0,2312.01,23.7,0,2262.27,22.5,3,2101.25,21.9,0,2088.97,22.1,14,1992.94,23.2,0,2087.66,22.5,2,2222.63,22.2,0
"2025-11-26 18:45:00",3057,801,"Chapada_High",11.91,2229.17,22.5,0,2049.08,22.4,0,2312.83,23.6,0,2262.69,22.4,1,2099.83,21.8,0,2088.47,22,16,1992.81,23.1,0,2087.5,22.3,16,2222.55,22.2,0
"2025-11-26 19:00:00",3058,801,"Chapada_High",11.91,2228.5,22.4,0,2049.79,22.3,0,2312.44,23.3,0,2260.86,22.2,0,2102.01,21.6,0,2088.93,21.8,9,1992.51,22.9,0,2087.5,22.1,0,2222.4,21.9,0
"2025-11-26 19:15:00",3059,801,"Chapada_High",11.91,2228.98,22.3,0,2050.04,22.1,0,2312.68,23.3,0,2260.78,22,4,2101.9,21.4,0,2089.02,21.7,7,1993.47,22.7,0,2087.84,21.9,0,2222.22,21.8,0
"2025-11-26 19:30:00",3060,801,"Chapada_High",11.91,2229.01,22.2,0,2050.45,22.1,0,2312.86,23.2,0,2260.96,22.1,3,2101.78,21.4,0,2088.42,21.6,14,1992.69,22.6,0,2087.5,21.9,0,2223.38,21.7,0
"2025-11-26 19:45:00",3061,801,"Chapada_High",11.91,2228.97,22.1,0,2050.26,22,0,2312.22,23,0,2260.31,21.9,0,2102.53,21.4,0,2088.77,21.5,9,1993.89,22.5,0,2086.83,21.7,5,2223.12,21.6,0
"2025-11-26 20:00:00",3062,801,"Chapada_High",11.91,2228.81,22.1,0,2050.54,21.9,0,2312.56,23,5,2261.06,21.8,0,2102.76,21.3,0,2088.38,21.5,14,1992.97,22.4,0,2086.43,21.7,3,2222.81,21.5,0
"2025-11-26 20:15:00",3063,801,"Chapada_High",11.91,2228.85,22,0,2050.93,21.9,0,2313.09,22.9,0,2261.14,21.7,5,2102.84,21.2,0,2088.28,21.5,11,1993.57,22.4,0,2086.36,21.7,7,2222.45,21.5,0
"2025-11-26 20:30:00",3064,801,"Chapada_High",11.91,2229.22,22,0,2050.99,21.8,0,2313.36,22.8,0,2260.73,21.7,1,2103.82,21.2,0,2088.76,21.4,17,1993.15,22.3,0,2086.31,21.6,0,2223.69,21.4,0
"2025-11-26 20:45:00",3065,801,"Chapada_High",11.91,2229.58,21.9,0,2051.51,21.7,0,2312.97,22.7,0,2260.59,21.5,2,2102.58,21,1,2088.06,21.3,18,1994.14,22.2,0,2085.97,21.5,5,2223.3,21.3,0
"2025-11-26 21:00:00",3066,801,"Chapada_High",11.91,2229.37,21.8,0,2050.98,21.6,0,2312.4,22.6,0,2261.45,21.5,0,2104.19,21,0,2088.66,21.3,12,1994.05,22.1,0,2085.15,21.4,2,2222.6,21.2,0
"2025-11-26 21:15:00",3067,801,"Chapada_High",11.91,2229.11,21.8,0,2051.25,21.6,0,2313.54,22.6,0,2261.02,21.4,2,2103.42,21,0,2088.25,21.3,10,1994.16,22.1,0,2085.18,21.4,7,2222.72,21.1,0
"2025-11-26 21:30:00",3068,801,"Chapada_High",11.91,2229.43,21.7,1,2051.79,21.5,0,2313.38,22.4,0,2261.6,21.4,0,2104.47,21,0,2087.54,21.2,9,1993.99,22,0,2084.93,21.3,6,2222.88,21.1,0
"2025-11-26 21:45:00",3069,801,"Chapada_High",11.91,2229.78,21.7,1,2051.63,21.5,0,2313.21,22.3,0,2261.29,21.4,0,2104.17,21,0,2087.92,21.2,10,1993.82,22,0,2085.21,21.3,6,2223.71,21.1,0
"2025-11-26 22:00:00",3070,801,"Chapada_High",11.91,2228.34,21.7,0,2052.21,21.4,0,2313.02,22.3,0,2261,21.3,5,2103.61,20.9,0,2088.02,21.2,13,1994.07,21.9,0,2084.96,21.2,4,2223.24,21.1,0
"2025-11-26 22:15:00",3071,801,"Chapada_High",11.91,2228.56,21.6,0,2051.29,21.4,0,2313.06,22.3,0,2261.47,21.2,4,2103.3,20.8,0,2087.43,21.1,10,1993.66,21.9,0,2085.08,21.2,3,2223.62,21,0
"2025-11-26 22:30:00",3072,801,"Chapada_High",11.91,2228.92,21.6,0,2052.43,21.4,0,2313.3,22.3,0,2260.81,21.2,3,2104.48,20.8,0,2087.46,21.1,12,1993.6,21.8,0,2084.42,21.1,4,2223.43,21,0
"2025-11-26 22:45:00",3073,801,"Chapada_High",11.91,2229.46,21.5,0,2052.39,21.3,0,2313.62,22.3,0,2261.79,21.2,5,2104.24,20.8,0,2087.18,21.1,9,1994.14,21.8,0,2084.29,21.1,7,2223.88,20.9,0
"2025-11-26 23:00:00",3074,801,"Chapada_High",11.91,2229.3,21.5,0,2052.43,21.3,0,2313.29,22.3,0,2260.63,21.1,1,2103.97,20.8,0,2087.35,21,8,1994.24,21.7,0,2084.7,21.1,2,2223.76,20.9,0
"2025-11-26 23:15:00",3075,801,"Chapada_High",11.92,2228.72,21.4,0,2052.54,21.2,0,2313.18,22.2,0,2260.61,21.1,16,2104.3,20.7,0,2087.27,20.9,13,1994.2,21.7,2,2084.19,21,6,2222.99,20.8,0
"2025-11-26 23:30:00",3076,801,"Chapada_High",11.91,2230.37,21.4,0,2052.56,21.2,0,2312.87,22.2,0,2261.19,21,0,2105.01,20.7,0,2088.08,20.9,8,1994.2,21.6,0,2083.98,21,2,2223.49,20.8,0
"2025-11-26 23:45:00",3077,801,"Chapada_High",11.91,2229.69,21.4,1,2052.68,21.2,0,2313.04,22.1,0,2261.52,21,3,2104.72,20.7,0,2087.46,20.9,8,1994.42,21.6,0,2084.08,21,7,2222.61,20.7,0
"2025-11-27 00:00:00",3078,801,"Chapada_High",11.91,2230.17,21.3,0,2053.05,21.2,0,2313.03,22.1,0,2260.77,21,0,2104.73,20.6,0,2087.71,20.8,11,1994.3,21.6,0,2084.35,20.9,1,2223.06,20.7,0
"2025-11-27 00:15:00",3079,801,"Chapada_High",11.91,2229.87,21.3,0,2053.4,21.2,0,2313.12,22.1,0,2260.17,21,12,2106.2,20.6,0,2086.87,20.8,11,1994.55,21.5,0,2083.87,20.9,0,2223.38,20.8,0
"2025-11-27 00:30:00",3080,801,"Chapada_High",11.91,2229.47,21.2,0,2053.23,21.1,0,2313.37,22,0,2261.66,20.9,12,2107.13,20.6,0,2087.03,20.8,9,1994.76,21.5,0,2083.74,20.9,4,2223.22,20.7,0
"2025-11-27 00:45:00",3081,801,"Chapada_High",11.91,2230.01,21.1,1,2053.61,21,0,2312.89,21.9,0,2262.01,20.8,0,2105.65,20.4,1,2087.41,20.6,0,1994.65,21.4,0,2083.23,20.8,5,2223.81,20.6,0
"2025-11-27 01:00:00",3082,801,"Chapada_High",11.91,2230.06,21,0,2054.05,20.8,0,2313.12,21.8,0,2261.6,20.6,0,2105.55,20.2,0,2086.97,20.4,10,1994.67,21.3,0,2082.08,20.6,0,2223.59,20.4,0
"2025-11-27 01:15:00",3083,801,"Chapada_High",11.91,2229.67,20.9,27,2053.98,20.7,0,2313.5,21.6,2,2261.87,20.5,0,2106.71,20,0,2086.54,20.3,6,1994.74,21.1,0,2083.09,20.4,9,2223.56,20.2,0
"2025-11-27 01:30:00",3084,801,"Chapada_High",11.91,2229.92,20.7,0,2053.53,20.6,0,2313.7,21.6,0,2261.08,20.4,15,2106.11,19.9,0,2086.04,20.1,0,1994.7,21,0,2082.56,20.3,5,2224.04,20.1,0
"2025-11-27 01:45:00",3085,801,"Chapada_High",11.91,2230.95,20.7,0,2054.47,20.4,0,2313.02,21.4,0,2259.89,20.3,6,2107.7,19.8,0,2086.68,20,16,1995.32,20.9,0,2082.85,20.2,3,2223.87,20,0
"2025-11-27 02:00:00",3086,801,"Chapada_High",11.91,2229.86,20.6,2,2054.26,20.3,0,2312.87,21.3,0,2261.32,20.2,10,2107.13,19.7,0,2086.72,19.9,9,1993.76,20.8,0,2083.37,20,1,2223.95,19.9,0
"2025-11-27 02:15:00",3087,801,"Chapada_High",11.91,2230.13,20.5,0,2055.01,20.3,0,2313.12,21.2,0,2260.9,20.1,1,2107.36,19.6,2,2086.86,19.9,13,1994.64,20.7,0,2083.1,20,0,2223.77,19.8,0
"2025-11-27 02:30:00",3088,801,"Chapada_High",11.91,2229.28,20.3,0,2054.72,20.1,0,2313.87,21.2,0,2261.78,19.9,0,2107.6,19.4,0,2087.24,19.7,3,1995.08,20.5,0,2082.31,19.8,0,2225.06,19.6,0
"2025-11-27 02:45:00",3089,801,"Chapada_High",11.91,2230.64,20.2,0,2055.4,20.1,0,2312.97,21.1,0,2260.95,19.9,0,2107.46,19.4,0,2087.02,19.6,8,1995.11,20.4,0,2081.97,19.8,0,2225.79,19.5,0
"2025-11-27 03:00:00",3090,801,"Chapada_High",11.92,2229.86,20.1,0,2054.9,20,0,2312.96,21.1,6,2260.63,19.8,5,2108.37,19.2,0,2087.26,19.5,8,1994.12,20.3,0,2080.16,19.7,5,2225.81,19.5,0
"2025-11-27 03:15:00",3091,801,"Chapada_High",11.91,2230.29,20.1,0,2055.85,19.8,0,2313.7,20.9,0,2261.53,19.6,0,2108.36,19,2,2087.05,19.3,14,1993.99,20.2,0,2080.25,19.5,0,2225.28,19.3,0
"2025-11-27 06:30:00",3092,801,"Chapada_High",11.88,2230.43,20,14,2055.55,19.7,0,2313.32,20.8,0,2261.69,19.6,3,2108.01,18.9,0,2087.08,19.2,9,1993.96,20.1,0,2081.73,19.4,6,2225.47,19.2,0
"2025-11-27 06:45:00",3093,801,"Chapada_High",11.85,2230.43,20,14,2055.55,19.7,0,2313.32,20.8,0,2261.69,19.6,3,2108.01,18.9,0,2087.08,19.2,9,1993.96,20.1,0,2081.73,19.4,6,2225.47,19.2,0
"2025-11-27 07:00:00",3094,801,"Chapada_High",11.86,2230.37,20.8,0,2057.48,20.8,0,2313.34,21.2,0,2263.4,20.9,1,2108.45,20.6,2,2088.05,20.7,9,1996.89,20.9,0,2082.64,21,0,2226.24,20.5,0
"2025-11-27 07:15:00",3095,801,"Chapada_High",11.87,2230.37,20.8,0,2057.48,20.8,0,2313.34,21.2,0,2263.4,20.9,1,2108.45,20.6,2,2088.05,20.7,9,1996.89,20.9,0,2082.64,21,0,2226.24,20.5,0
"2025-11-27 07:30:00",3096,801,"Chapada_High",11.9,2231.19,21.7,0,2057.47,22.1,0,2312.56,22.2,0,2264.51,21.9,2,2108.11,22.1,0,2088.57,22,6,1995.64,22.1,0,2081.95,22.1,0,2226.39,21.8,0
"2025-11-27 07:45:00",3097,801,"Chapada_High",11.9,2230.42,22.1,0,2056.89,22.3,0,2312.96,22.4,0,2263.83,22.1,0,2106.84,22.5,0,2087.2,22.3,6,1995.21,22.4,0,2081.63,22.2,0,2225.66,21.9,0
"2025-11-27 08:00:00",3098,801,"Chapada_High",11.9,2229.88,22.9,0,2056.75,23.5,0,2311.57,23.1,1,2263.32,23.4,3,2107.55,24.1,0,2089.12,23.9,8,1995.38,23.3,0,2079.66,23.3,1,2225.8,22.9,0
"2025-11-27 08:15:00",3099,801,"Chapada_High",11.91,2226.98,24.1,0,2056.71,25,0,2311.16,24.7,0,2261.97,25.3,0,2105.75,26,0,2087.13,25.6,10,1995.3,24.5,0,2079,24.8,3,2225.9,24.1,0
"2025-11-27 08:30:00",3100,801,"Chapada_High",11.91,2225.76,24.6,0,2056.12,25.7,0,2309.7,25.1,0,2262.18,26.7,0,2104.97,26.8,0,2086.13,26.3,9,1993.96,25.1,0,2077.2,25.6,7,2224.7,24.6,0
"2025-11-27 08:45:00",3101,801,"Chapada_High",11.91,2225.34,25.1,0,2055.96,26.2,0,2308.12,25.8,0,2261.83,26.6,2,2104.68,27.2,0,2085.57,27.1,9,1994.47,25.5,0,2076.87,25.9,11,2225.14,25,0
"2025-11-27 09:00:00",3102,801,"Chapada_High",11.91,2223.72,25.5,0,2055.49,26.8,0,2306.26,26.5,0,2260.54,27.2,2,2104,27.5,0,2084.6,27.6,12,1994.15,26.2,0,2075.69,26.7,0,2224.54,25.4,0
"2025-11-27 09:15:00",3103,801,"Chapada_High",11.91,2222.19,26.6,0,2056.49,28.1,0,2304.65,28,0,2258.2,28.7,0,2101.93,28.7,0,2085.89,28.7,9,1992.22,27.6,0,2076.25,29.5,3,2223.4,26.6,0
"2025-11-27 09:30:00",3104,801,"Chapada_High",11.91,2220.24,26.5,0,2055.29,28.2,0,2302.66,28.1,0,2258.88,28.4,1,2101.46,28.6,0,2084.43,28.2,8,1991.25,27.9,0,2072.54,28.8,4,2223.23,27.5,0
"2025-11-27 09:45:00",3105,801,"Chapada_High",11.91,2220.54,27.5,0,2055.65,28.5,0,2301.5,28.6,0,2256.99,28.8,2,2100.18,28.9,0,2083.91,28.5,9,1992.42,28.5,0,2072.19,29,9,2221,27.5,0
"2025-11-27 10:00:00",3106,801,"Chapada_High",11.91,2217.88,27.6,0,2055.54,28.9,0,2301.49,29.4,0,2255.86,29.3,2,2099.41,29.3,0,2081.33,28.7,8,1991.82,29.1,0,2070.98,29.5,5,2221.55,27.7,0
"2025-11-27 10:15:00",3107,801,"Chapada_High",11.91,2216.86,28.1,0,2054.45,29.7,0,2299.59,30.3,0,2255.17,30.9,2,2098.15,30.2,0,2082.18,29.4,9,1991.1,30,0,2071.16,30.5,2,2220.95,28.3,0
"2025-11-27 10:30:00",3108,801,"Chapada_High",11.91,2214.93,28.6,0,2053.13,30.5,0,2298.77,30.7,0,2252.69,31.4,3,2095.14,32,0,2082.63,30,10,1990.53,31.1,0,2069.16,31.4,2,2217.77,29.1,0
"2025-11-27 10:45:00",3109,801,"Chapada_High",11.91,2213.42,28.4,0,2053.65,30.4,0,2297,30.8,0,2251.74,31.2,1,2095.33,31.2,0,2080.85,30.5,10,1990.58,30.9,0,2068.6,31.1,0,2215.97,28.9,0
"2025-11-27 11:00:00",3110,801,"Chapada_High",11.91,2214.11,29,0,2052.8,31.2,0,2292.99,31.3,0,2250.19,32.1,1,2094.68,31.5,0,2080.39,30.3,7,1989.82,31.4,0,2066.48,32.1,3,2215.91,29.5,0
"2025-11-27 11:15:00",3111,801,"Chapada_High",11.91,2211.66,30,0,2051.3,33,0,2292.59,32,0,2248.44,34.2,0,2091.25,33.1,0,2079.14,31.3,10,1989.65,32.4,0,2062.91,34.2,2,2217.16,31.6,0
"2025-11-27 11:30:00",3112,801,"Chapada_High",11.91,2210.21,31.2,0,2049.33,34,0,2288.1,33.5,0,2247.08,34.4,0,2090.14,33.3,0,2078.81,31.7,8,1989.19,33.3,0,2063.44,34.3,1,2212.68,32.7,0
"2025-11-27 11:45:00",3113,801,"Chapada_High",11.92,2209.6,30.3,0,2050.18,33.2,0,2288.14,33.3,0,2246.29,33.1,0,2089.45,32.6,0,2077.66,31.4,4,1989.4,33.3,0,2060.67,33.3,7,2212.15,31.9,0
"2025-11-27 12:00:00",3114,801,"Chapada_High",11.91,2208.69,29.6,0,2049.69,32.1,0,2285.06,32.8,0,2244.51,32.1,0,2091.29,31.6,0,2076.07,30.5,10,1989.06,32.7,0,2062.54,31.9,2,2210.94,30.8,0
"2025-11-27 12:15:00",3115,801,"Chapada_High",11.91,2207.63,29.1,0,2049.26,31.7,0,2283.81,32.5,0,2242.75,31.9,1,2090.84,31.2,0,2075.36,30.1,9,1988.85,32.1,0,2061.02,31.2,2,2210.49,30.4,0
"2025-11-27 12:30:00",3116,801,"Chapada_High",11.91,2206.8,29.8,0,2048.66,33.1,0,2281.44,33.9,0,2241.64,32.8,0,2089.64,31.8,0,2075.14,31.4,10,1988.44,32.7,0,2061.44,31.4,3,2207.86,31.5,0
"2025-11-27 12:45:00",3117,801,"Chapada_High",11.92,2205.15,29.7,2,2048.78,32.8,0,2281.54,33.5,0,2239.95,32.2,2,2090.54,31.4,0,2074.98,30.9,9,1988.26,32.3,0,2060.23,31.2,4,2205.48,31.2,0
"2025-11-27 13:00:00",3118,801,"Chapada_High",11.91,2204.52,29.1,0,2048.45,31.7,0,2279.86,32.6,0,2239.04,30.9,1,2090.54,30.4,0,2073.54,29.7,9,1988.91,31.7,0,2059.85,31.2,7,2204.06,30.2,0
"2025-11-27 13:15:00",3119,801,"Chapada_High",11.91,2202.96,29.8,4,2048.56,32.8,0,2277.52,32.9,0,2237.17,31.9,2,2088.25,31.6,0,2073.48,30.7,6,1988.44,32.6,0,2057.51,31.9,4,2205.01,31.6,0
"2025-11-27 13:30:00",3120,801,"Chapada_High",11.91,2202.61,30.5,0,2048.27,32.9,0,2276.55,32.8,0,2236.18,32.2,0,2086.13,32,0,2072.67,30.7,10,1988.27,33.1,0,2057.5,32,1,2202.8,31.5,0
"2025-11-27 13:45:00",3121,801,"Chapada_High",11.91,2201.84,29.8,0,2047.91,32.3,0,2276.21,32.6,0,2234.41,31.7,0,2087.21,31.1,0,2071.8,30.5,8,1988.1,33.1,0,2055.53,31.5,4,2202,30.9,0
"2025-11-27 14:00:00",3122,801,"Chapada_High",11.91,2200.23,28.8,0,2048.73,30.9,0,2273.43,31.5,0,2232.77,31.1,1,2087.9,29.9,0,2070.76,29.8,12,1987.8,32.3,0,2054.7,30.5,1,2201.15,29.9,0
"2025-11-27 14:15:00",3123,801,"Chapada_High",11.91,2200.03,27.8,0,2047.9,29.3,0,2275.77,30,0,2230.61,29.2,0,2088.38,28.7,0,2069.25,28.5,10,1988.73,30.8,0,2052.88,29.1,2,2199.91,28.3,0
"2025-11-27 14:30:00",3124,801,"Chapada_High",11.91,2199.9,27.1,0,2048.73,28.3,0,2274.47,29.2,0,2230.92,28.1,2,2088.96,27.4,0,2068.07,27.9,8,1988.46,29.8,0,2052.55,28.2,3,2198.18,27.3,0
"2025-11-27 14:45:00",3125,801,"Chapada_High",11.91,2199.58,26.4,0,2047.26,27.2,0,2272.3,28.4,0,2229.3,26.8,3,2090.02,25.9,0,2068.72,26.6,9,1989.7,28.7,0,2051.81,27.2,0,2198.68,26.3,0
"2025-11-27 15:00:00",3126,801,"Chapada_High",11.91,2199.9,25.6,0,2047.54,26.1,0,2272.8,27.6,0,2229.56,25.5,0,2092.49,24.7,0,2070.25,25.3,9,1990.18,27.1,0,2051.62,26.3,0,2199.88,25.5,0
"2025-11-27 15:15:00",3127,801,"Chapada_High",11.91,2204.43,26.3,7,2049.07,26.4,0,2272.02,27.8,0,2230.34,26.5,0,2091.03,26,0,2070.41,25.3,14,1990.17,27.3,0,2051.81,26.6,7,2198.46,27.2,0
"2025-11-27 15:30:00",3128,801,"Chapada_High",11.91,2206.2,25.5,0,2048.53,25.7,0,2272.23,27.5,0,2230.28,25.3,2,2092.78,24.7,0,2070.35,24.5,11,1991.84,26.4,0,2053.06,26,1,2198.26,26.2,0
"2025-11-27 15:45:00",3129,801,"Chapada_High",11.92,2207.57,25.4,0,2049.92,25.7,0,2270.9,27.8,0,2231.86,25.6,0,2092.64,24.9,0,2071.36,24.6,12,1992.88,26.4,0,2053.06,25.8,2,2200.59,25.8,0
"2025-11-27 16:00:00",3130,801,"Chapada_High",11.92,2207.4,25.6,0,2050.65,26.2,0,2271.2,28.3,0,2231.45,26.7,0,2091.67,26.9,0,2071.93,25.1,8,1989.86,27.2,0,2053.27,26.4,1,2198.61,26.7,0
"2025-11-27 16:15:00",3131,801,"Chapada_High",11.91,2206.55,26.4,0,2050.01,27.2,0,2271.39,29.5,0,2232.84,27.2,6,2091.84,28.2,0,2072.16,27.5,9,1990.44,28.2,0,2053.2,28,0,2197.27,28.1,0
"2025-11-27 16:30:00",3132,801,"Chapada_High",11.91,2207.12,25,4,2051.52,25.2,0,2269.79,28,0,2231.31,25.1,1,2093.03,25,2,2070.34,25.1,14,1992.24,26.6,0,2051.78,25.9,0,2195.84,25.7,0
"2025-11-27 16:45:00",3133,801,"Chapada_High",11.91,2206.85,24.2,0,2050.52,23.8,0,2270.27,26.4,0,2230.12,23.9,0,2093.66,23.2,0,2070.41,23.8,8,1992.1,25,0,2052.74,24.6,4,2196.91,24,0
"2025-11-27 17:00:00",3134,801,"Chapada_High",11.91,2210.93,23.2,1,2051.03,22.7,0,2270.84,25.3,0,2230.83,23,0,2093.95,21.9,0,2069.35,22.6,6,1993.18,24,0,2052.07,23.3,0,2197.81,23.1,0
"2025-11-27 17:15:00",3135,801,"Chapada_High",11.91,2216.86,22.4,0,2052.84,22,0,2272.76,24.6,0,2230.09,22.3,0,2095.32,21.1,0,2069.93,21.5,4,1993.46,23.2,0,2051.91,22.3,1,2198.68,22.1,0
"2025-11-27 17:30:00",3136,801,"Chapada_High",11.91,2218.66,22.1,0,2053.44,21.7,0,2274.16,24.2,0,2230.44,21.9,1,2097.25,20.8,0,2070.31,21,13,1995,22.6,0,2052.15,21.9,0,2198.81,21.6,0
"2025-11-27 17:45:00",3137,801,"Chapada_High",11.91,2219.35,21.8,0,2054.18,21.5,0,2274.41,23.8,0,2231.56,21.8,0,2095.33,20.5,0,2070.29,20.7,8,1994.01,22.2,0,2053.19,21.6,0,2199.01,21.2,0
"2025-11-27 18:00:00",3138,801,"Chapada_High",11.91,2220,21.6,0,2054.41,21.3,0,2275.07,23.5,0,2232.98,21.4,0,2095.68,20.5,0,2070.96,20.6,5,1993.57,21.9,0,2052.42,21.4,0,2199.2,21.1,0
"2025-11-27 18:15:00",3139,801,"Chapada_High",11.91,2220.24,21.7,0,2054.65,21.2,0,2276.47,23.5,0,2233.7,21.3,0,2095.38,20.5,0,2071,20.8,7,1993.74,21.7,0,2053.31,21.4,8,2198.09,21,0
"2025-11-27 18:30:00",3140,801,"Chapada_High",11.91,2219.92,21.7,0,2054.75,21.3,0,2277.55,23.2,0,2233.67,21.3,0,2095.65,20.5,0,2071.12,20.8,11,1994.3,21.7,0,2053.21,21.4,0,2198.46,21,0
"2025-11-27 18:45:00",3141,801,"Chapada_High",11.91,2219.72,21.4,0,2054.45,21.1,0,2278.81,23.1,0,2234.88,21,0,2096.91,20.3,0,2070.84,20.6,12,1994.33,21.5,0,2053.13,21.2,0,2198.77,20.9,0
"2025-11-27 19:00:00",3142,801,"Chapada_High",11.91,2219.89,21.4,0,2054.96,21,0,2280.01,22.8,0,2234.36,20.9,1,2096.82,20.2,0,2070.87,20.5,8,1994.14,21.4,0,2053.33,21.1,0,2198.36,20.8,1
"2025-11-27 19:15:00",3143,801,"Chapada_High",11.91,2220.09,21.3,0,2055.4,20.9,0,2281.75,22.6,0,2234.47,20.8,0,2096.99,20.2,0,2071.34,20.5,6,1994.05,21.3,0,2053.28,20.9,4,2198.62,20.7,0
"2025-11-27 19:30:00",3144,801,"Chapada_High",11.91,2220.61,21.2,0,2055.24,20.8,0,2283.06,22.6,0,2234.35,20.8,0,2097,20.1,0,2070.72,20.4,11,1994.35,21.2,0,2052.29,20.8,0,2198.62,20.5,0
"2025-11-27 19:45:00",3145,801,"Chapada_High",11.91,2220.65,21.2,0,2055.5,20.8,0,2283.69,22.6,0,2234.8,20.8,0,2097.29,20.1,0,2071.15,20.4,9,1994.19,21.1,0,2054.2,20.8,0,2198.67,20.5,0
"2025-11-27 20:00:00",3146,801,"Chapada_High",11.91,2220.59,21.2,0,2055.74,20.7,0,2284.73,22.3,0,2237.34,20.7,0,2096.93,20.1,0,2071.06,20.4,9,1994.98,21.1,0,2053.8,20.8,1,2198.3,20.5,0
"2025-11-27 20:15:00",3147,801,"Chapada_High",11.91,2220.48,21,0,2056.11,20.7,0,2285.35,22.3,0,2236.54,20.6,6,2098,20,0,2071.33,20.4,7,1995.14,21,0,2053.71,20.7,3,2198.7,20.4,0
"2025-11-27 20:30:00",3148,801,"Chapada_High",11.91,2220.87,20.9,0,2056.33,20.5,0,2286.24,22.1,0,2238.65,20.6,0,2097.68,20,0,2070.36,20.3,8,1994.48,20.9,0,2053.82,20.7,0,2199.3,20.3,0
"2025-11-27 20:45:00",3149,801,"Chapada_High",11.91,2220.41,20.9,0,2056.54,20.6,0,2286.72,22,0,2239.32,20.7,5,2097.52,20.1,0,2071.14,20.3,5,1994.32,20.9,0,2053.92,20.7,0,2197.9,20.4,0
"2025-11-27 21:00:00",3150,801,"Chapada_High",11.91,2219.64,20.9,0,2056,20.4,0,2287.18,21.7,0,2238.99,20.6,2,2097.98,19.9,0,2070.82,20.3,8,1995.06,20.9,0,2053.77,20.6,0,2198.98,20.3,0
"2025-11-27 21:15:00",3151,801,"Chapada_High",11.91,2219.97,20.7,0,2055.99,20.3,0,2288.71,21.7,0,2238.66,20.5,0,2097.87,19.8,0,2070.35,20.1,0,1995.05,20.8,0,2051.61,20.4,8,2198.41,20.1,1
"2025-11-27 21:30:00",3152,801,"Chapada_High",11.91,2220.55,20.6,0,2056.79,20.2,0,2288.65,21.6,0,2238.68,20.5,7,2098.17,19.7,0,2070.8,20.1,15,1993.4,20.7,0,2052.34,20.3,0,2199.13,20,0
"2025-11-27 21:45:00",3153,801,"Chapada_High",11.91,2219.89,20.6,0,2056.78,20.2,0,2288.79,21.4,0,2239.99,20.5,2,2097.77,19.8,0,2070.7,20.2,9,1995.91,20.6,2,2051.87,20.3,0,2198.87,19.9,0
"2025-11-27 22:00:00",3154,801,"Chapada_High",11.91,2220.73,20.5,0,2057.21,20.1,0,2289.67,21.3,0,2239.86,20.4,0,2098.5,19.7,0,2070.81,20.2,11,1994.94,20.6,0,2051.88,20.3,2,2199.44,19.9,0
"2025-11-27 22:15:00",3155,801,"Chapada_High",11.91,2220.76,20.4,2,2056.87,20,0,2290.34,21.1,0,2240.25,20.2,0,2098.3,19.6,0,2070.36,20.1,5,1994.14,20.5,0,2051.98,20.2,0,2198.33,19.7,0
"2025-11-27 22:30:00",3156,801,"Chapada_High",11.91,2220.58,20.2,2,2058.75,20,0,2290.4,21.2,0,2240.66,20,0,2098.26,19.5,0,2070.69,19.9,10,1995.45,20.4,0,2052.25,20.1,0,2199.12,19.8,0
"2025-11-27 22:45:00",3157,801,"Chapada_High",11.91,2221.18,20.3,0,2059.57,19.9,0,2291.2,21.1,0,2240.53,19.9,1,2098.27,19.5,0,2070.35,19.9,12,1994.67,20.3,0,2051.06,20,0,2199.56,19.7,0
"2025-11-27 23:00:00",3158,801,"Chapada_High",11.91,2220.92,20.1,15,2058.71,19.7,0,2291.14,21,0,2239.74,19.8,1,2099.28,19.3,0,2071.27,19.6,8,1993.76,20.3,0,2051.69,19.8,0,2201.83,19.5,0
"2025-11-27 23:15:00",3159,801,"Chapada_High",11.91,2219.88,20.1,0,2059.37,19.7,0,2292.21,21.1,0,2239.78,19.9,8,2099.53,19.3,0,2070.97,19.7,18,1995.61,20.2,0,2051.28,19.7,0,2202.71,19.5,0
"2025-11-27 23:30:00",3160,801,"Chapada_High",11.91,2220.29,20.2,3,2060.01,19.8,0,2292.44,21.1,0,2241.11,20,0,2099.69,19.5,0,2071.75,19.8,8,1994.28,20.3,0,2052.43,19.8,2,2202.79,19.7,0
"2025-11-27 23:45:00",3161,801,"Chapada_High",11.91,2219.86,20.3,0,2060.8,20,0,2292.62,21.2,0,2240.75,20.1,0,2099.22,19.7,0,2070.8,20,3,1994.47,20.4,0,2050.64,20,1,2201.77,19.8,0
"2025-11-28 00:00:00",3162,801,"Chapada_High",11.91,2221.21,20.3,0,2060.97,20.1,0,2293.95,21.3,0,2241.86,20.1,10,2099.96,19.7,0,2071.52,20,9,1994.68,20.4,0,2051.83,20.1,0,2202.41,19.9,0
"2025-11-28 00:15:00",3163,801,"Chapada_High",11.91,2220.54,20.3,6,2061.97,20.1,2,2295.55,21.2,0,2243.66,20.1,0,2100.79,19.7,0,2072.08,20,5,1997.26,20.4,0,2052.35,20.1,0,2204.08,19.9,0
"2025-11-28 00:30:00",3164,801,"Chapada_High",11.91,2220.94,20.3,0,2063.01,20.1,0,2296.8,21.2,1,2245.22,20.2,0,2100.89,19.7,0,2072.37,20,12,1994.99,20.4,0,2052.11,20.1,4,2203.74,19.9,0
"2025-11-28 00:45:00",3165,801,"Chapada_High",11.91,2225.03,20.4,4,2064.55,20.1,3,2298.85,21.1,0,2246.88,20.2,1,2101.05,19.7,0,2073.3,20,9,1994.9,20.5,0,2050.13,20.1,4,2203.95,19.9,0
"2025-11-28 01:00:00",3166,801,"Chapada_High",11.91,2226.68,20.3,0,2065.07,20,0,2299.92,21.1,0,2246.93,20.1,0,2101.04,19.7,0,2073.33,20,11,1995.67,20.4,0,2051.25,20,0,2204.97,19.9,0
"2025-11-28 01:15:00",3167,801,"Chapada_High",11.91,2226.8,20.3,0,2064.83,20,0,2301.98,21.1,0,2248.03,20.1,3,2101.66,19.6,0,2072.92,19.9,2,1995.7,20.4,0,2050.6,20,0,2204.6,19.8,0
"2025-11-28 01:30:00",3168,801,"Chapada_High",11.91,2227.46,20.3,0,2065,20,0,2304.09,21,0,2248.4,20.1,0,2101.57,19.6,0,2072.77,19.9,6,1995.39,20.4,0,2051.01,20,0,2203.94,19.8,0
"2025-11-28 01:45:00",3169,801,"Chapada_High",11.91,2226.89,20.3,9,2065.9,20.1,0,2307.09,21.1,0,2251.61,20.1,0,2101.93,19.7,0,2072.95,20,10,1997.16,20.4,0,2052.74,20,0,2204.71,19.8,0
"2025-11-28 02:00:00",3170,801,"Chapada_High",11.91,2227.88,20.4,2,2065.73,20.1,0,2310,21.1,0,2253.4,20.1,2,2101.84,19.7,0,2073.98,20,7,1996.8,20.4,0,2052.33,20.1,0,2204.56,19.9,0
"2025-11-28 02:15:00",3171,801,"Chapada_High",11.91,2226.84,20.4,0,2067.3,20.1,0,2312.48,21.1,0,2254.31,20.1,0,2102.39,19.7,0,2072.95,20,6,1996.27,20.4,0,2052.2,20.1,6,2205.2,19.9,0
"2025-11-28 02:30:00",3172,801,"Chapada_High",11.91,2227.13,20.3,0,2067.65,20.1,0,2314.16,21,0,2253.78,20.1,3,2102.16,19.7,0,2072.94,20,2,1997.44,20.4,0,2053.05,20,0,2204.92,19.8,0
"2025-11-28 02:45:00",3173,801,"Chapada_High",11.91,2228.04,20.3,0,2068.39,20.1,0,2315.43,21.1,0,2256.56,20.1,4,2101.51,19.7,0,2073.38,20,8,1994.97,20.4,0,2051.26,20.1,0,2205.71,19.9,0
"2025-11-28 08:15:00",3174,801,"Chapada_High",11.91,2227.5,20.3,17,2068.74,20.1,0,2317.15,21.1,0,2257.09,20.1,0,2101.73,19.8,0,2073.28,20,16,1996.04,20.4,0,2051.21,20.1,0,2205.8,19.9,0
"2025-11-28 08:30:00",3175,801,"Chapada_High",11.91,2227.5,20.3,17,2068.74,20.1,0,2317.15,21.1,0,2257.09,20.1,0,2101.73,19.8,0,2073.28,20,16,1996.04,20.4,0,2051.21,20.1,0,2205.8,19.9,0
"2025-11-28 08:45:00",3176,801,"Chapada_High",11.91,2229.82,21.1,0,2081.12,21,5,2323.23,21.7,0,2280.95,21.1,0,2104.16,20.9,1,2078.09,21,21,1998.46,21.4,0,2054.53,21.1,0,2213.45,21,0
"2025-11-28 09:00:00",3177,801,"Chapada_High",11.91,2230.04,21.2,0,2081.72,21.2,0,2323.57,22,3,2281.71,21.2,7,2104.33,21.3,0,2077.87,21.3,0,1998.53,21.6,0,2054.35,21.2,0,2214.03,21.1,0
"2025-11-28 09:15:00",3178,801,"Chapada_High",11.91,2229.64,21.3,0,2081.42,21.3,0,2323.9,22.1,0,2282.38,21.4,2,2104.24,21.1,0,2077.63,21.3,6,1998.9,21.7,0,2054.42,21.3,2,2213.97,21.2,0
"2025-11-28 09:30:00",3179,801,"Chapada_High",11.91,2230.33,21.5,0,2082.28,21.6,0,2324.36,22.3,0,2283.6,21.7,0,2105.62,21.5,0,2078.49,21.5,5,1998.1,21.9,0,2054.42,21.8,0,2214.27,21.5,0
"2025-11-28 09:45:00",3180,801,"Chapada_High",11.91,2230.01,21.6,0,2082.19,21.8,0,2324.8,22.5,0,2283.63,21.9,0,2105.38,21.6,0,2078.31,21.6,9,1998.25,22.1,0,2054.92,21.9,0,2214.65,22,0
"2025-11-28 10:00:00",3181,801,"Chapada_High",11.91,2230.12,22.1,0,2082.57,22,0,2324.96,22.8,0,2284.35,22.3,0,2104.56,22,0,2078.09,21.9,9,1998.09,22.4,0,2054.5,22.2,0,2214.49,22.1,0
"2025-11-28 10:15:00",3182,801,"Chapada_High",11.91,2229.91,22.1,0,2083.17,22.2,0,2324.89,23.2,0,2283.79,22.6,2,2104.82,22.3,0,2078.17,22.2,7,1999.1,22.7,0,2055.57,22.5,0,2214.01,22.3,0
"2025-11-28 10:30:00",3183,801,"Chapada_High",11.91,2229.3,22.3,0,2083.11,22.5,0,2324.73,23.8,0,2284.99,23.5,2,2104.85,22.8,0,2078.48,22.4,8,1997.55,23.3,0,2055.11,23,0,2213.79,22.6,0
"2025-11-28 10:45:00",3184,801,"Chapada_High",11.91,2229.04,22.4,0,2082.71,22.6,0,2324.34,23.8,0,2284.39,23.5,0,2103.91,23.5,0,2077.53,22.6,13,1998.01,23.4,0,2054.64,23.3,1,2214,22.6,0
"2025-11-28 11:00:00",3185,801,"Chapada_High",11.91,2228.64,22.6,0,2082.78,22.9,0,2322.99,23.9,0,2282.97,23.7,1,2103.4,23.5,1,2079.84,23.7,6,1997.05,23.8,0,2054.31,23.7,3,2213.37,23.1,0
"2025-11-28 11:15:00",3186,801,"Chapada_High",11.91,2226.36,23.6,16,2082.79,24.1,0,2322.68,24.9,0,2282.8,25.4,3,2103.43,24.9,0,2079.22,24.5,12,1997.18,24.9,0,2052.05,25.5,11,2213.33,24.4,0
"2025-11-28 11:30:00",3187,801,"Chapada_High",11.92,2225.33,24.7,0,2082.23,25.5,0,2321.54,26.3,0,2283.83,26.9,4,2101.76,26.5,0,2077.15,25.9,8,1996.32,26.2,0,2050.75,27.6,2,2213.15,26.3,0
"2025-11-28 11:45:00",3188,801,"Chapada_High",11.91,2225.07,25.6,0,2082.04,25.9,0,2320.31,26.7,0,2280.32,26.8,4,2101.89,26.8,0,2075.8,26.3,6,1996.51,26.7,0,2050.59,27.4,4,2212.82,26.9,1
"2025-11-28 12:00:00",3189,801,"Chapada_High",11.91,2223.78,25.7,0,2081.51,26.4,0,2318.48,27.1,0,2280.03,26.7,3,2100.68,27,0,2076.7,26.5,11,1996.06,27,0,2049.74,27.4,2,2211.87,26.9,0
"2025-11-28 12:15:00",3190,801,"Chapada_High",11.91,2222.4,25.4,0,2081.05,26.3,0,2317.34,27.6,0,2279.69,26.4,6,2100.85,26.8,0,2075.04,26.4,11,1995.58,26.8,0,2049.05,27.2,3,2211.24,26.6,0
"2025-11-28 12:30:00",3191,801,"Chapada_High",11.92,2221.31,25.1,4,2081.21,26.1,0,2316.18,27.2,0,2279.71,26.6,2,2099.84,26.8,0,2074.59,26.1,10,1994.94,26.5,0,2048.26,26.8,1,2211.19,26.2,0
"2025-11-28 12:45:00",3192,801,"Chapada_High",11.91,2221.04,25.7,3,2082.03,26.9,0,2314.65,27.8,0,2276.98,27.2,11,2098.89,28.1,0,2076.28,27.6,6,1994.57,27.1,0,2048.49,27.6,1,2210.64,27.1,0
"2025-11-28 13:00:00",3193,801,"Chapada_High",11.92,2219.55,26.3,0,2082.96,27.8,0,2314.17,28.6,0,2276.73,27.8,3,2098.39,28.5,0,2074.32,28,6,1993.59,27.9,0,2047.34,28.4,0,2209.45,27.9,0
"2025-11-28 13:15:00",3194,801,"Chapada_High",11.92,2218.43,26.3,0,2082.48,27.7,0,2311.81,28.6,0,2274.56,28,6,2097.31,28.4,0,2073.14,27.7,12,1993.75,28.2,0,2047.63,29.1,8,2208.36,27.8,0
"2025-11-28 13:30:00",3195,801,"Chapada_High",11.92,2217.74,27.2,7,2082.03,29,0,2311.71,29.4,0,2273.78,29.6,3,2096.54,29.9,0,2074.69,28.8,7,1992.66,29.5,3,2045.69,30,4,2209.72,29.7,0
"2025-11-28 13:45:00",3196,801,"Chapada_High",11.92,2217.66,28.1,4,2081.56,29.1,0,2309.42,29.7,0,2273.15,29.7,5,2095.6,29.9,5,2072.96,28.8,11,1992.6,29.9,0,2045.77,30,0,2209.02,29.6,0
"2025-11-28 14:00:00",3197,801,"Chapada_High",11.91,2215.56,27.3,0,2081.99,28.5,0,2308.11,29.5,0,2271.42,29,0,2095.98,29.2,0,2071.7,28.2,7,1992.97,29.4,2,2043.81,29.3,2,2207.88,28.8,0
"2025-11-28 14:15:00",3198,801,"Chapada_High",11.92,2214.89,26.8,0,2080.6,28.1,0,2306.26,29.5,0,2270.32,29.1,6,2096.16,28.7,0,2071.02,27.9,12,1992.28,29,0,2042.94,28.9,6,2205.4,28.2,0
"2025-11-28 14:30:00",3199,801,"Chapada_High",11.92,2214.51,26.4,16,2080.19,27.5,0,2306.64,28.9,0,2269.13,28.3,2,2095.33,28.7,0,2072.05,27.3,10,1993.12,28.4,0,2043.52,28.3,0,2206.66,27.5,0
"2025-11-28 14:45:00",3200,801,"Chapada_High",11.91,2213.5,26.2,12,2080.97,27.3,0,2303.24,28.5,0,2267.19,27.8,0,2094.71,28,0,2071.09,27.7,25,1993.19,28.1,0,2042.78,28.1,1,2204.41,27.2,0
"2025-11-28 15:00:00",3201,801,"Chapada_High",11.92,2213.03,26.1,0,2079.98,27.1,0,2302.88,28.3,0,2267.09,27.5,0,2095.12,27.5,0,2071.49,27.1,9,1993.48,27.9,0,2043.16,28,0,2203.78,26.9,0
"2025-11-28 15:15:00",3202,801,"Chapada_High",11.92,2212.42,26.4,11,2080.98,27.6,0,2300.72,28.5,0,2266.01,28.2,0,2094.14,28.6,0,2070.24,27.5,4,1992.18,28.5,6,2041.87,28.8,3,2203.69,28.2,0
"2025-11-28 15:30:00",3203,801,"Chapada_High",11.92,2211.68,27.2,0,2081.02,28,0,2301.57,28.9,0,2265.24,28.8,3,2093.53,29.5,0,2069.34,27.9,9,1991.88,29.2,2,2041.51,29,7,2201.97,29.5,0
"2025-11-28 15:45:00",3204,801,"Chapada_High",11.92,2210.56,28.1,0,2080.41,29.2,0,2299.2,30,0,2263.06,29.8,3,2092.25,30.6,0,2070.49,28.5,10,1991.71,30.8,0,2041.38,30.4,0,2200.44,30.6,0
"2025-11-28 16:00:00",3205,801,"Chapada_High",11.92,2209.18,27.7,0,2079.54,29.1,0,2297.53,30.6,0,2261.72,29.4,2,2091.6,30.4,0,2069.29,28.2,7,1991.62,30.7,0,2038.59,30.4,1,2199.88,30.6,0
"2025-11-28 16:15:00",3206,801,"Chapada_High",11.92,2208.62,28,0,2079.04,29.4,0,2296.36,30.6,0,2259.9,30.3,1,2090.64,31.2,0,2069.37,28.6,6,1991.73,30.9,0,2039.9,31.3,1,2199.38,31.1,0
"2025-11-28 16:30:00",3207,801,"Chapada_High",11.92,2207.35,28.1,0,2077.92,29.2,0,2294.21,30.6,0,2257.42,29.4,6,2089.94,31.2,0,2068.88,29.4,7,1991.9,30.6,0,2039.31,31.5,3,2198.3,30.7,0
"2025-11-28 16:45:00",3208,801,"Chapada_High",11.92,2207.66,27.7,0,2078.48,28.7,0,2293.6,29.9,0,2256.32,28.6,0,2089.78,29.9,0,2068.97,28.9,13,1992.11,29.7,0,2038.45,31,7,2197.6,29.6,0
"2025-11-28 17:00:00",3209,801,"Chapada_High",11.92,2206.64,27.5,0,2078.29,28.4,0,2292.51,29.5,0,2255.41,28.1,5,2090.31,29.2,0,2066.57,28.2,8,1992.3,28.4,0,2038.54,31.3,0,2196.87,28.7,0
"2025-11-28 17:15:00",3210,801,"Chapada_High",11.92,2206.21,27.1,0,2078.36,27.9,0,2291.86,29,0,2254.65,27.7,1,2089.36,28.7,0,2066.49,27.8,9,1992.93,27.3,0,2037.92,30.1,2,2195.56,28.7,0
"2025-11-28 17:30:00",3211,801,"Chapada_High",11.92,2205.84,27.1,2,2077.93,27.6,0,2288.86,28.8,0,2253.31,27.4,3,2089.64,28.3,0,2067.1,27.5,6,1992.58,26.7,0,2036.17,29.3,0,2195.82,28,0
"2025-11-28 17:45:00",3212,801,"Chapada_High",11.92,2206.01,26.2,0,2076.87,27.1,0,2288.5,28.4,0,2251.43,26.9,2,2089.78,27.7,0,2065.99,26.9,8,1993.73,26.6,0,2035.87,28.5,2,2194.24,27.3,0
"2025-11-28 18:00:00",3213,801,"Chapada_High",11.92,2206.42,25.6,0,2076.61,26.5,0,2288.14,28.1,0,2250.65,26.7,7,2089.55,27.1,0,2064.54,25.9,15,1994.16,26.5,0,2035.04,27.7,0,2193.21,26.6,0
"2025-11-28 18:15:00",3214,801,"Chapada_High",11.92,2205.66,24.9,0,2076.37,25.5,0,2287.61,27.2,0,2250.66,25.7,1,2090.78,26,0,2065.38,24.8,10,1994.46,25.8,0,2034.92,26.4,3,2192.43,25.5,0
"2025-11-28 18:30:00",3215,801,"Chapada_High",11.92,2205.98,24.6,0,2078,24.9,0,2288.44,26.5,0,2250.67,24.9,0,2091.32,25.1,0,2064.34,24.5,9,1994.49,25.4,0,2035.13,25.7,1,2192.16,24.9,0
"2025-11-28 18:45:00",3216,801,"Chapada_High",11.92,2206.19,24.1,0,2076.58,24.2,0,2288.02,25.8,0,2249.54,24.1,0,2091.6,24,0,2064.25,23.6,8,1995.23,24.7,0,2036.91,24.8,1,2191.73,24,0
"2025-11-28 19:00:00",3217,801,"Chapada_High",11.92,2207.56,23.6,0,2077.47,23.6,0,2287.74,25.2,0,2248.49,23.5,0,2090.42,23.2,1,2064.27,23,1,1994.99,24.2,0,2036.79,24.1,4,2190.87,23.4,0
"2025-11-28 19:15:00",3218,801,"Chapada_High",11.92,2208.44,23.1,0,2077.71,23.1,0,2287.19,24.8,0,2248.53,23,2,2091.18,22.6,0,2064.08,22.4,13,1995.24,23.7,0,2037.06,23.6,0,2190.66,22.8,0
"2025-11-28 19:30:00",3219,801,"Chapada_High",11.92,2207.85,22.8,0,2077.23,22.7,0,2287.43,24.4,0,2249.01,22.6,1,2092.41,22.2,0,2064.08,22,14,1995.31,23.2,0,2036.87,23.1,0,2190.09,22.4,0
"2025-11-28 19:45:00",3220,801,"Chapada_High",11.92,2208.69,22.6,0,2077.61,22.4,0,2287.57,24,0,2247.55,22.3,5,2092.06,21.8,0,2063.76,21.8,8,1996.02,22.9,0,2037.45,22.8,0,2190.79,22.1,0
"2025-11-28 20:00:00",3221,801,"Chapada_High",11.92,2208.27,22.4,0,2078.43,22.2,0,2286.73,23.8,0,2247.24,22.1,0,2093.71,21.6,6,2063.81,21.5,7,1995.4,22.7,0,2037.02,22.4,0,2190.11,21.9,0
"2025-11-28 20:15:00",3222,801,"Chapada_High",11.92,2207.94,22.2,0,2078.19,21.9,0,2287.03,23.5,0,2247.71,21.9,0,2093.76,21.3,0,2064.68,21.2,11,1995.91,22.4,0,2037.01,22.1,0,2191.2,21.6,0
"2025-11-28 20:30:00",3223,801,"Chapada_High",11.91,2208.5,22,0,2078.41,21.8,0,2286.95,23.3,0,2246.8,21.7,1,2092.6,21.2,0,2064.13,21.1,5,1996.59,22.2,0,2037.85,21.9,0,2190.67,21.4,0
"2025-11-28 20:45:00",3224,801,"Chapada_High",11.92,2208.8,21.9,0,2079.27,21.6,0,2287.12,23.2,0,2246.28,21.6,0,2093.58,21.1,0,2064.63,21,5,1996.14,22.1,0,2038.36,21.6,0,2191.41,21.3,0
"2025-11-28 21:00:00",3225,801,"Chapada_High",11.91,2209.57,21.8,0,2078.72,21.5,0,2286.71,23,0,2248.06,21.4,0,2093.22,20.9,0,2065.01,21,17,1996.35,22,0,2037.98,21.6,0,2191.15,21.1,0
"2025-11-28 21:15:00",3226,801,"Chapada_High",11.91,2208.66,21.6,0,2079.19,21.4,0,2287.34,22.8,0,2245.92,21.3,0,2093.03,20.8,6,2065.11,20.9,10,1996.47,21.8,0,2037.72,21.5,1,2191.17,21,0
"2025-11-28 21:30:00",3227,801,"Chapada_High",11.91,2209.58,21.5,0,2078.86,21.3,0,2286.99,22.7,0,2246.15,21.2,0,2093.41,20.7,0,2065.25,20.8,8,1995.61,21.7,0,2037.75,21.3,0,2190.7,20.9,0
"2025-11-28 21:45:00",3228,801,"Chapada_High",11.91,2208.63,21.5,0,2079.35,21.2,0,2286.83,22.6,0,2246.68,21.2,1,2094.39,20.7,0,2064.82,20.7,8,1996.72,21.5,0,2037.45,21.2,0,2190.41,20.8,0
"2025-11-28 22:00:00",3229,801,"Chapada_High",11.92,2209.77,21.3,0,2079.31,21,0,2286.55,22.4,0,2246.44,21,0,2094.49,20.4,0,2064.83,20.5,6,1997,21.4,0,2037.92,21.1,0,2190.95,20.7,0
"2025-11-28 22:15:00",3230,801,"Chapada_High",11.91,2209.59,21.1,0,2080.17,20.9,0,2286.88,22.3,0,2246.18,20.8,0,2093.12,20.3,0,2064.99,20.3,4,1996.54,21.3,0,2037.24,21,0,2190.88,20.5,0
"2025-11-28 22:30:00",3231,801,"Chapada_High",11.91,2210.35,21,0,2079.78,20.7,0,2286.48,22.2,0,2246.66,20.7,0,2094.14,20.1,0,2064.99,20.2,9,1996.7,21.1,0,2037.7,20.7,1,2191.05,20.4,0
"2025-11-28 22:45:00",3232,801,"Chapada_High",11.92,2210.07,20.8,0,2079.78,20.6,0,2287.1,22,0,2246.05,20.5,0,2094.65,19.9,4,2065.27,20,9,1997.14,21,0,2036.87,20.5,2,2191.45,20.2,0
"2025-11-28 23:00:00",3233,801,"Chapada_High",11.91,2209.8,20.7,0,2080.05,20.5,0,2286.84,21.9,0,2245.74,20.4,1,2094.64,19.9,0,2065.86,20,5,1996.97,20.9,0,2037.46,20.4,0,2191.06,20.1,0
"2025-11-28 23:15:00",3234,801,"Chapada_High",11.91,2210.17,20.7,0,2079.81,20.4,0,2286.16,21.8,0,2245.62,20.3,7,2094.47,19.8,0,2065.2,19.9,5,1996.73,20.8,0,2038.14,20.4,1,2191.37,20.1,0
"2025-11-28 23:30:00",3235,801,"Chapada_High",11.91,2210.33,20.5,0,2080.24,20.3,0,2286.82,21.7,0,2245.18,20.2,0,2095.54,19.6,0,2064.76,19.8,6,1996.97,20.7,0,2037.28,20.2,1,2190.57,19.9,0
"2025-11-28 23:45:00",3236,801,"Chapada_High",11.91,2211.15,20.5,0,2080.37,20.2,0,2287.3,21.6,0,2244.64,20.1,3,2094.86,19.6,0,2065.53,19.7,6,1997.69,20.6,0,2037.51,20.1,0,2192.78,19.8,0
"2025-11-29 00:00:00",3237,801,"Chapada_High",11.91,2210.93,20.4,0,2080.49,20.1,0,2287.2,21.4,0,2244.88,20,0,2095.32,19.5,0,2065.72,19.6,8,1997.42,20.5,0,2039.47,20,7,2191.54,19.7,0
"2025-11-29 00:15:00",3238,801,"Chapada_High",11.91,2210.13,20.4,0,2080.8,20.1,0,2286.87,21.3,0,2244.87,20,4,2095.37,19.4,0,2065.53,19.5,13,1997.54,20.5,0,2037.02,20,0,2190.9,19.7,0
"2025-11-29 00:30:00",3239,801,"Chapada_High",11.91,2211.37,20.3,0,2081.06,20,0,2286.94,21.3,0,2245.4,19.9,0,2096.65,19.5,0,2065.85,19.5,6,1996,20.4,0,2038.13,19.8,0,2192.57,19.6,0
"2025-11-29 00:45:00",3240,801,"Chapada_High",11.91,2210.71,20.3,0,2080.36,20,0,2286.36,21.2,0,2244.72,19.9,0,2095.51,19.5,0,2064.97,19.6,7,1995.67,20.4,0,2038.93,19.8,0,2193.14,19.6,0
"2025-11-29 01:00:00",3241,801,"Chapada_High",11.91,2210.82,20.2,0,2081.24,19.9,0,2286.61,21.2,0,2244.33,19.9,0,2095.55,19.4,0,2065.39,19.6,7,1997.02,20.3,0,2037.79,19.8,0,2191.79,19.6,0
"2025-11-29 01:15:00",3242,801,"Chapada_High",11.91,2211.11,20.2,2,2081.23,19.9,0,2286.48,21.2,0,2245.01,19.9,0,2095.48,19.4,0,2065.14,19.6,10,1995.5,20.3,0,2039.39,19.8,0,2193.81,19.5,0
"2025-11-29 01:30:00",3243,801,"Chapada_High",11.91,2211.23,20.1,0,2081.54,19.9,0,2286.87,21.1,3,2243.73,19.8,0,2096.5,19.3,0,2065.35,19.5,6,1997.37,20.3,0,2038.15,19.8,0,2193.86,19.5,0
"2025-11-29 01:45:00",3244,801,"Chapada_High",11.91,2212.24,20,0,2081.37,19.8,0,2287.07,21,0,2243.65,19.7,0,2097.19,19.2,6,2065.22,19.4,8,1995.74,20.1,0,2038.04,19.7,0,2193.78,19.4,0
"2025-11-29 02:00:00",3245,801,"Chapada_High",11.91,2211.68,20,0,2082.08,19.7,0,2286.13,20.9,0,2244.15,19.7,0,2096.33,19.2,0,2065.33,19.3,3,1997.15,20.1,0,2039.43,19.6,0,2193.53,19.3,0
"2025-11-29 02:15:00",3246,801,"Chapada_High",11.91,2210.74,19.9,0,2081.39,19.7,0,2286.69,20.9,0,2243.74,19.6,0,2096.46,19.2,0,2065.33,19.3,6,1996.36,20,0,2040.13,19.6,1,2194.03,19.3,0
"2025-11-29 02:30:00",3247,801,"Chapada_High",11.91,2211.36,19.9,0,2082.36,19.7,0,2287.27,20.8,0,2243.59,19.6,0,2097.13,19.2,0,2065.37,19.4,3,1995.91,20,0,2039.35,19.5,4,2193.69,19.3,0
"2025-11-29 02:45:00",3248,801,"Chapada_High",11.91,2211.94,19.8,0,2082.28,19.6,0,2287.11,20.7,0,2244.27,19.6,0,2096.74,19.1,0,2065.5,19.3,3,1996.18,20,0,2039.27,19.5,0,2193.14,19.2,0
"2025-11-29 03:00:00",3249,801,"Chapada_High",11.91,2211.7,19.6,0,2081.71,19.4,0,2287.03,20.6,0,2242.29,19.3,9,2097.02,18.6,0,2065.71,18.9,8,1996.01,19.8,0,2039.18,19.2,0,2194.34,18.9,0
"2025-11-29 03:15:00",3250,801,"Chapada_High",11.91,2212.17,19.5,0,2081.43,19.2,0,2286.96,20.5,0,2244.52,19.3,0,2097.39,18.5,0,2065.48,18.8,1,1996.65,19.6,0,2038.26,19,0,2193.64,18.8,0
"2025-11-29 03:30:00",3251,801,"Chapada_High",11.91,2211.32,19.5,0,2082.45,19.2,0,2286.78,20.5,0,2243.83,19.2,0,2097.06,18.7,0,2065.54,18.8,6,1996.36,19.5,0,2038.07,19,0,2194.73,18.8,0
"2025-11-29 03:45:00",3252,801,"Chapada_High",11.91,2211.46,19.5,1,2081.89,19.2,0,2287.01,20.4,0,2244.77,19.1,0,2097.34,18.8,0,2066.2,18.8,7,1996.41,19.5,0,2038.93,19.1,0,2194.29,18.8,0
"2025-11-29 07:00:00",3253,801,"Chapada_High",11.91,2212.62,19.4,0,2081.95,19.1,0,2287.12,20.3,0,2244,19.1,4,2097.94,18.4,0,2066.41,18.6,5,1996.97,19.4,0,2037.85,18.9,8,2194,18.6,0
"2025-11-29 07:15:00",3254,801,"Chapada_High",11.9,2212.62,19.4,0,2081.95,19.1,0,2287.12,20.3,0,2244,19.1,4,2097.94,18.4,0,2066.41,18.6,5,1996.97,19.4,0,2037.85,18.9,8,2194,18.6,0
"2025-11-29 07:30:00",3255,801,"Chapada_High",11.91,2212.89,21.7,0,2082.79,22,0,2287.22,22.1,0,2246.98,22.2,0,2096.56,22.3,0,2066.98,22.3,8,1998.35,22,0,2040.83,22.2,0,2195.8,22.2,0
"2025-11-29 07:45:00",3256,801,"Chapada_High",11.91,2212.38,22.3,1,2082.72,22.6,0,2286.46,22.7,0,2246.47,22.7,0,2094.73,23.3,0,2067.17,22.9,8,1998.63,22.6,0,2040.63,22.8,0,2195.53,22.8,0
"2025-11-29 08:00:00",3257,801,"Chapada_High",11.91,2211.46,22.9,0,2082.52,23.1,0,2285.73,23.1,0,2245.48,23.1,0,2094.6,23.8,0,2067.67,23.4,4,1997.51,23.2,0,2039.15,23.3,0,2195.38,23,0
"2025-11-29 08:15:00",3258,801,"Chapada_High",11.91,2210.82,23.2,0,2083.55,23.7,0,2285.18,23.9,0,2245.54,23.8,5,2096.15,24.5,0,2067.77,24.1,6,1997.39,23.7,0,2038.62,24,0,2195.5,23.4,0
"2025-11-29 08:30:00",3259,801,"Chapada_High",11.91,2209.63,23.7,0,2083.14,24.4,0,2284.22,24.5,0,2246.18,25.7,2,2094.9,25.5,0,2067.08,25.1,5,1997.3,24.3,0,2038.52,24.9,0,2195.07,24,0
"2025-11-29 08:45:00",3260,801,"Chapada_High",11.91,2208.69,24.5,1,2081.79,25.5,0,2283.3,25.6,0,2245.4,26.9,0,2092.96,27.8,0,2066.78,26.7,7,1996.59,25.3,0,2037.27,26.1,6,2194.76,24.9,0
"2025-11-29 09:00:00",3261,801,"Chapada_High",11.91,2207.73,25.3,0,2080.28,26.3,0,2281.72,26.7,0,2245.06,27.5,1,2091.99,28,0,2067.39,28.2,10,1996.87,26,0,2036.02,27.1,0,2193.96,25.4,0
"2025-11-29 09:15:00",3262,801,"Chapada_High",11.91,2206.06,26.1,0,2081.26,27.3,0,2279.9,28,0,2244.07,28.5,0,2089.97,28.7,0,2066.18,28.7,4,1994.38,27,0,2036.36,29.1,0,2193.39,26.1,0
"2025-11-29 09:30:00",3263,801,"Chapada_High",11.91,2203.92,26.7,1,2080.31,27.9,0,2280.21,28.7,0,2240.91,29.1,1,2089.43,29.2,0,2065.57,28.9,8,1993.58,27.8,0,2034.57,30,0,2193.8,27.4,0
"2025-11-29 09:45:00",3264,801,"Chapada_High",11.91,2204.25,28.5,0,2079.15,28.9,0,2278.07,30,0,2240.86,30,1,2087.91,30.1,0,2064.19,29.7,6,1993.72,29,0,2033.97,31,0,2193.87,28.1,0
"2025-11-29 10:00:00",3265,801,"Chapada_High",11.92,2202.52,28.7,0,2077.94,29.6,0,2274.25,31,0,2239.11,30.5,0,2087.45,30.7,0,2063.64,30.1,7,1993.24,29.8,0,2033.08,31.6,0,2192.29,28.3,0
"2025-11-29 10:15:00",3266,801,"Chapada_High",11.91,2201.58,29,0,2077.6,30.2,0,2271.59,31.8,0,2238.58,31.4,4,2085.8,31.2,0,2062.41,30.3,7,1992.51,30.6,0,2032.34,32.4,4,2190.62,28.7,0
"2025-11-29 10:30:00",3267,801,"Chapada_High",11.91,2199.3,29.6,0,2076.67,31.1,0,2272.19,32.2,0,2236.73,33,0,2082.74,33,0,2061.85,31.1,7,1992.96,31.7,0,2029.13,33.5,0,2190.77,29.5,0
"2025-11-29 10:45:00",3268,801,"Chapada_High",11.92,2197.53,29.9,0,2075.59,31.6,0,2270.4,32.6,0,2234.29,33.3,4,2081.87,33,0,2060.8,32.2,7,1992.61,32.2,0,2027.51,33.9,0,2187.79,30,0
"2025-11-29 11:00:00",3269,801,"Chapada_High",11.91,2196.23,30.3,0,2074.09,32.3,0,2267.44,33.1,0,2232.86,34.3,0,2080.73,33.3,0,2060.22,32,9,1991.62,32.5,0,2027.12,34.5,0,2187.5,30.8,0
"2025-11-29 11:15:00",3270,801,"Chapada_High",11.91,2195.35,30.4,0,2073.11,32.9,0,2267.18,32.9,0,2231.75,35.1,0,2078.98,33.7,0,2059.64,31.9,6,1991.59,32.6,0,2025.9,35.7,0,2186.94,31.8,0
"2025-11-29 11:30:00",3271,801,"Chapada_High",11.91,2194.06,30.7,0,2072.03,33.4,0,2262.83,34.1,0,2229.63,34.9,0,2077.97,34,0,2057.91,32,7,1991.21,32.8,0,2023.66,35.2,0,2184.4,32.8,0
"2025-11-29 11:45:00",3272,801,"Chapada_High",11.91,2193.55,30.6,0,2071.3,33.2,0,2262.67,34.3,0,2227.57,34,0,2077.81,33.6,0,2057.43,31.9,7,1990.89,33.1,0,2023.53,34.1,1,2183.48,32.4,0
"2025-11-29 12:00:00",3273,801,"Chapada_High",11.91,2191.41,30.3,0,2070.06,33.3,0,2260.19,34.6,0,2226.36,34.8,0,2077.88,33.4,0,2055.16,33,6,1990.76,33.9,0,2023.42,33.3,0,2182.02,32.3,0
"2025-11-29 12:15:00",3274,801,"Chapada_High",11.91,2191.17,30.9,0,2067.07,35.3,0,2256.9,36.7,0,2224.53,35.9,0,2076.9,33.7,0,2054.65,33.4,8,1989.36,34.7,0,2024.21,33,2,2180.72,34.1,0
"2025-11-29 12:30:00",3275,801,"Chapada_High",11.91,2189.55,31.8,0,2065.24,36.7,0,2255.42,38.5,0,2224.08,37.1,0,2075.09,34.6,0,2053.23,34,5,1988.67,34.9,0,2023.42,33.1,0,2176.72,35.4,0
"2025-11-29 12:45:00",3276,801,"Chapada_High",11.91,2187.72,32.8,0,2063.4,37.8,0,2251.1,39.8,0,2222.04,37.4,0,2075.95,34.4,0,2052.78,34.7,7,1990.62,35.1,0,2021.27,33.6,0,2176.31,36.8,0
"2025-11-29 13:00:00",3277,801,"Chapada_High",11.91,2182.84,33.8,0,2061.4,38.5,0,2247.92,39.9,0,2218.5,35.8,0,2073.75,34.6,0,2052.41,34.7,8,1990.69,35.3,0,2021.23,34.9,1,2173.57,37.5,0
"2025-11-29 13:15:00",3278,801,"Chapada_High",11.91,2183.52,32.8,0,2063.34,36.6,0,2246.16,37.9,0,2216.24,34.2,2,2073.23,33.5,0,2050.67,33.2,7,1989.63,35,0,2019.64,34.7,2,2171.47,35.8,0
"2025-11-29 13:30:00",3279,801,"Chapada_High",11.92,2182.61,34,0,2062.43,36.9,0,2246.62,36.9,0,2214.53,35.6,0,2071.45,35,0,2050.16,33.8,6,1989.29,36.2,0,2017.59,35.5,2,2170.67,35.5,0
"2025-11-29 13:45:00",3280,801,"Chapada_High",11.91,2180.34,32.7,0,2062.62,35.9,0,2244.43,35.7,0,2211.45,35,3,2071.37,34.7,0,2050.32,33,7,1989.18,36.3,0,2016.33,35,0,2170.06,34.5,0
"2025-11-29 14:00:00",3281,801,"Chapada_High",11.92,2179.22,32.7,0,2061.36,36,0,2242.88,35.8,0,2210.13,35.9,1,2069.56,35.8,0,2048.33,33.7,8,1987.79,37.3,0,2016.39,35.4,1,2167.85,35.2,0
"2025-11-29 14:15:00",3282,801,"Chapada_High",11.91,2178.58,32.6,0,2060.79,36,0,2241.68,35.5,0,2208.36,36.7,0,2067.68,37.5,0,2048.76,33.9,4,1987.05,37.9,0,2014.92,35.8,1,2165.84,35.8,0
"2025-11-29 14:30:00",3283,801,"Chapada_High",11.91,2177.93,32.3,0,2061.37,35.4,0,2241.17,35.1,0,2205.71,35.7,0,2066.86,37.1,0,2046.66,34.4,7,1985.93,37.6,0,2016.01,35.4,2,2163.56,35.4,0
"2025-11-29 14:45:00",3284,801,"Chapada_High",11.92,2175.81,32.7,0,2058.95,36.1,0,2238.78,35.7,0,2203.39,36.7,0,2064.48,38.9,0,2046.21,34.3,5,1984.23,38.8,0,2012.86,36.4,0,2161.46,37.3,0
"2025-11-29 15:00:00",3285,801,"Chapada_High",11.91,2174.67,32.9,0,2058.15,36.4,0,2234.57,36.2,0,2201.97,36.7,2,2063.03,39.6,1,2045.84,34.3,9,1983.97,39.2,0,2012.63,38,1,2157.27,38.2,0
"2025-11-29 15:15:00",3286,801,"Chapada_High",11.92,2173.03,32.7,0,2059.82,35.4,0,2235,35.7,0,2199.21,35.6,0,2063.53,37.6,1,2045.01,33.4,7,1983.91,38.1,0,2012.07,36.6,0,2158,37.5,0
"2025-11-29 15:30:00",3287,801,"Chapada_High",11.91,2173.49,31.9,1,2059.23,33.1,0,2234.17,33.7,0,2196.13,33.6,0,2066.25,34.4,0,2046.03,32,6,1987.28,35.8,0,2011.83,34.8,0,2155,34.6,0
"2025-11-29 15:45:00",3288,801,"Chapada_High",11.91,2172.64,31.2,0,2058.42,32.4,0,2232.53,33.9,0,2195.18,33.4,0,2065.59,33.9,0,2045.04,31.3,6,1986.91,35.7,0,2010.63,34.6,0,2152.81,34.7,0
"2025-11-29 16:00:00",3289,801,"Chapada_High",11.92,2172.76,31.1,0,2059.3,32.5,0,2230.64,33.7,0,2194.98,33.7,0,2065.15,33.5,0,2045.33,31.1,6,1987.09,35.6,0,2010.98,34.7,0,2151.45,34.7,0
"2025-11-29 16:15:00",3290,801,"Chapada_High",11.91,2171.65,30.9,0,2058.33,32.2,0,2228.87,33.4,0,2193.34,32.5,0,2064.7,33.9,0,2045,31,5,1987,35.1,0,2010.8,34.5,0,2151.94,34,0
"2025-11-29 16:30:00",3291,801,"Chapada_High",11.92,2170.75,29.3,0,2059.22,30.3,0,2229.15,31.9,0,2190.32,30.2,0,2067.31,30.5,0,2043.88,29.5,7,1986.5,32.8,0,2010.15,31.6,0,2151.46,30.7,0
"2025-11-29 16:45:00",3292,801,"Chapada_High",11.91,2170.37,28.1,0,2059,28.7,0,2228.96,30,0,2190.41,28.7,0,2068.29,28.2,0,2042.93,27.9,5,1986.94,30.9,0,2010.55,29.8,0,2150.63,28.8,0
"2025-11-29 17:00:00",3293,801,"Chapada_High",11.91,2170.64,27.3,0,2058.21,27.6,0,2229.4,28.7,0,2189.56,27.6,0,2068.95,26.9,0,2041.79,26.8,11,1987.04,29.6,0,2010.57,28.4,0,2149.83,27.7,0
"2025-11-29 17:15:00",3294,801,"Chapada_High",11.91,2170.89,27.5,0,2058.31,27.5,0,2227.82,28.6,0,2188.53,27.3,0,2068.8,27.1,0,2042.62,26.8,3,1987.25,29,0,2011.17,28.2,0,2147.7,27.5,0
"2025-11-29 17:30:00",3295,801,"Chapada_High",11.91,2171.05,27.6,0,2059.06,28.1,0,2228.57,29.1,0,2187.62,27.9,0,2068.28,28.1,0,2043,27.7,12,1987.45,28.7,0,2012.02,28.9,0,2147.9,28.2,0
"2025-11-29 17:45:00",3296,801,"Chapada_High",11.92,2170.39,27.5,0,2059.42,28.5,0,2226.97,29.9,0,2186.29,28.4,0,2067.6,28.8,0,2042.72,28.1,4,1987.67,28.8,0,2011.46,29.3,0,2147.87,28.5,0
"2025-11-29 18:00:00",3297,801,"Chapada_High",11.91,2170.9,27.2,0,2059.15,28.2,0,2225.96,29.6,0,2186.52,28.4,0,2067.07,28.9,0,2042.27,27.5,7,1988.08,28.7,0,2010.87,28.9,0,2147.37,28.1,0
"2025-11-29 18:15:00",3298,801,"Chapada_High",11.91,2170.63,26.9,0,2058.8,27.7,0,2226,29.1,0,2185.67,27.7,0,2068.08,28.2,0,2043.15,27.2,8,1986.81,28.4,0,2011.16,28.4,0,2145.91,27.7,0
"2025-11-29 18:30:00",3299,801,"Chapada_High",11.91,2170.4,26.6,0,2057.51,27.2,0,2224.54,28.5,0,2184.41,27,0,2068.07,27.3,0,2041.61,26.6,5,1987.46,27.9,0,2010.78,27.8,0,2143.97,27.1,0
"2025-11-29 18:45:00",3300,801,"Chapada_High",11.91,2170.4,26.1,0,2056.77,26.5,0,2223.46,27.9,0,2182.97,26.2,0,2069.34,26.2,0,2040.76,25.7,7,1988.46,27.2,0,2010.41,27.1,0,2142.45,26.4,0
"2025-11-29 19:00:00",3301,801,"Chapada_High",11.91,2170.58,25.6,0,2057.76,25.8,0,2223.54,27.3,0,2183.12,25.4,0,2069.44,25.2,0,2041.09,24.9,9,1989.91,26.5,0,2011,26.2,0,2141.94,25.6,0
"2025-11-29 19:15:00",3302,801,"Chapada_High",11.91,2170.76,25.1,0,2059.44,25.2,0,2223.96,26.7,0,2182.13,24.8,0,2070.05,24.5,0,2042.15,24.3,7,1990.35,25.9,0,2011.61,25.4,0,2142.47,24.8,0
"2025-11-29 19:30:00",3303,801,"Chapada_High",11.91,2171.21,24.7,0,2058.51,24.8,0,2223.31,26.2,0,2181.36,24.3,0,2070.43,23.9,0,2040.9,23.8,5,1990.02,25.4,0,2013.25,24.8,0,2141.15,24.2,0
"2025-11-29 19:45:00",3304,801,"Chapada_High",11.91,2171.01,24.4,0,2059.26,24.4,0,2222.66,25.8,0,2180.78,24.1,0,2069.97,23.6,0,2040.86,23.5,5,1989.91,25.1,0,2013.5,24.5,0,2141.01,23.8,0
"2025-11-29 20:00:00",3305,801,"Chapada_High",11.91,2170.01,24.1,0,2058.21,24.1,0,2223.27,25.5,0,2181.43,23.7,0,2069.86,23.2,0,2040.86,23.2,3,1991.01,24.7,0,2013.29,24.1,0,2141.15,23.5,0
"2025-11-29 20:15:00",3306,801,"Chapada_High",11.91,2172.47,23.9,0,2058.61,23.8,0,2222.44,25.1,0,2180.21,23.4,0,2070.62,22.9,0,2041.97,22.9,2,1989.97,24.4,0,2014.36,23.7,0,2140.45,23.2,0
"2025-11-29 20:30:00",3307,801,"Chapada_High",11.91,2171.99,23.6,0,2058.64,23.5,0,2222.39,24.9,0,2179.39,23.1,4,2070.33,22.6,0,2041.24,22.6,9,1990.69,24.1,0,2014.2,23.3,0,2140.57,22.8,0
"2025-11-29 20:45:00",3308,801,"Chapada_High",11.91,2172.64,23.3,0,2059.22,23.2,0,2223.34,24.6,0,2181.41,22.8,0,2070.39,22.4,0,2041.46,22.3,7,1990.95,23.8,0,2014.23,23,0,2140.22,22.6,0
"2025-11-29 21:00:00",3309,801,"Chapada_High",11.91,2172.76,23.1,0,2059.5,23,0,2223.76,24.4,0,2180.31,22.6,0,2070.99,22.2,0,2041.56,22.2,15,1991.41,23.5,0,2013.99,22.9,0,2139.66,22.4,0
"2025-11-29 21:15:00",3310,801,"Chapada_High",11.91,2172.48,23,0,2059.15,22.9,0,2223.35,24.2,0,2181.05,22.6,0,2070.89,22.2,0,2041.92,22.2,8,1991.6,23.4,0,2014.6,22.7,0,2139.15,22.3,0
"2025-11-29 21:30:00",3311,801,"Chapada_High",11.91,2172.8,23,0,2058.69,22.8,0,2223.32,24.1,0,2179.54,22.6,0,2071.69,22.1,0,2040.97,22.1,12,1991.87,23.3,0,2014.49,22.7,0,2141.03,22.2,0
"2025-11-29 21:45:00",3312,801,"Chapada_High",11.91,2173.93,22.9,0,2059.38,22.7,0,2223.32,23.9,0,2179.94,22.4,0,2072.14,21.9,0,2041.5,22.1,2,1991.32,23.2,0,2014.66,22.5,0,2139.94,22.1,0
"2025-11-29 22:00:00",3313,801,"Chapada_High",11.91,2173.27,22.7,0,2059.47,22.6,0,2223.07,23.7,0,2178.42,22.2,2,2072.16,21.8,0,2041.78,21.8,0,1991.54,23,0,2015.34,22.4,0,2139.76,21.9,0
"2025-11-29 22:15:00",3314,801,"Chapada_High",11.91,2173.03,22.5,0,2060.42,22.4,0,2223.87,23.6,7,2178.81,22,0,2073.22,21.6,0,2041.15,21.6,7,1991.4,22.8,0,2015.06,22.2,0,2139.59,21.7,0
"2025-11-29 22:30:00",3315,801,"Chapada_High",11.91,2173.29,22.3,0,2059.55,22.2,0,2223.39,23.4,0,2178.32,21.9,0,2073.45,21.4,0,2041.69,21.5,8,1990.76,22.7,0,2015.39,21.9,0,2139.9,21.6,0
"2025-11-29 22:45:00",3316,801,"Chapada_High",11.91,2172.88,22.2,0,2059.55,22.1,0,2224.52,23.3,0,2178.05,21.7,0,2074.07,21.3,0,2041.99,21.4,5,1991.1,22.5,0,2015.42,21.9,0,2139.09,21.4,0
"2025-11-29 23:00:00",3317,801,"Chapada_High",11.91,2173.68,22.2,0,2059.52,22.1,0,2223.75,23.2,0,2178.44,21.8,0,2073.07,21.4,0,2042.33,21.5,5,1991.37,22.5,0,2015.63,21.9,0,2139.61,21.5,0
"2025-11-29 23:15:00",3318,801,"Chapada_High",11.91,2174.61,22.3,0,2060.52,22.3,0,2223.84,23.3,0,2178,22,0,2073.88,21.7,0,2041.77,21.8,7,1991.25,22.6,0,2016.33,22.1,2,2139.61,21.7,0
"2025-11-29 23:30:00",3319,801,"Chapada_High",11.91,2173.58,22.5,0,2060.12,22.5,0,2223.79,23.4,7,2178.71,22.2,0,2073.76,21.9,0,2041.92,22.1,6,1991.38,22.8,0,2016.05,22.3,1,2139.4,21.9,0
"2025-11-29 23:45:00",3320,801,"Chapada_High",11.91,2174.21,22.5,0,2060.37,22.5,0,2224.34,23.4,0,2178.42,22.2,0,2072.48,22,0,2041.1,22.1,0,1991.4,22.8,0,2016.04,22.3,0,2139.71,22,0
"2025-11-30 00:00:00",3321,801,"Chapada_High",11.91,2174.32,22.4,0,2059.83,22.5,0,2224.28,23.3,0,2179.07,22.1,0,2072.54,21.9,0,2041.93,22,2,1991.53,22.8,0,2016.42,22.3,0,2139.57,22,0
"2025-11-30 00:15:00",3322,801,"Chapada_High",11.91,2174.11,22.4,0,2060.11,22.5,0,2223.81,23.3,0,2178.9,22.1,0,2072.72,21.9,0,2041.98,22,10,1992.08,22.8,0,2015.5,22.3,0,2139.63,22,0
"2025-11-30 00:30:00",3323,801,"Chapada_High",11.91,2174.41,22.3,0,2060.31,22.4,0,2224.01,23.2,0,2178.67,22.1,0,2074.92,21.8,0,2041.51,22,8,1991.53,22.7,0,2016.07,22.2,0,2139.51,22,0
"2025-11-30 00:45:00",3324,801,"Chapada_High",11.91,2174.72,22.3,12,2060.6,22.3,0,2223.96,23.2,0,2179.23,22,0,2073.43,21.7,0,2042.15,21.9,0,1992.11,22.7,0,2015.73,22.1,0,2139.66,21.8,0
"2025-11-30 01:00:00",3325,801,"Chapada_High",11.91,2174.09,22.2,0,2060.41,22.2,3,2224.32,23.1,0,2178.66,21.9,0,2074.88,21.6,0,2041.25,21.8,12,1991.93,22.6,0,2015.35,22,0,2138.88,21.7,0
"2025-11-30 01:15:00",3326,801,"Chapada_High",11.91,2174.85,22.1,0,2061.19,22.1,0,2224.52,23,0,2178.84,21.8,0,2074.6,21.5,0,2040.95,21.6,12,1992.26,22.5,0,2016.23,21.9,0,2139.32,21.6,0
"2025-11-30 01:30:00",3327,801,"Chapada_High",11.91,2174.98,22,0,2060.07,22,0,2224.69,22.9,0,2177.85,21.7,4,2075.1,21.4,0,2041.44,21.5,10,1991.97,22.4,0,2015.96,21.8,9,2139.53,21.5,0
"2025-11-30 01:45:00",3328,801,"Chapada_High",11.91,2174.87,21.9,0,2060.82,21.9,0,2225.16,22.8,0,2177.24,21.6,0,2075.24,21.3,0,2041.32,21.5,9,1993.09,22.3,0,2016.75,21.7,0,2139.12,21.4,0
"2025-11-30 02:00:00",3329,801,"Chapada_High",11.91,2175.1,21.9,0,2060.52,21.9,0,2225.2,22.8,0,2177.77,21.6,0,2074.97,21.3,0,2040.93,21.4,8,1992.18,22.3,0,2016.05,21.7,0,2139.07,21.3,0
"2025-11-30 02:15:00",3330,801,"Chapada_High",11.91,2175.44,21.9,0,2060.75,21.8,0,2225.6,22.7,0,2177.08,21.6,0,2075.45,21.2,0,2041.5,21.4,0,1991.83,22.2,0,2016.31,21.6,0,2138.79,21.3,0
"2025-11-30 02:30:00",3331,801,"Chapada_High",11.91,2175.56,21.9,0,2061.21,21.8,0,2225.31,22.7,0,2178.45,21.6,0,2073.87,21.3,0,2041.02,21.4,2,1992.74,22.2,0,2016.39,21.6,0,2139.41,21.3,0
"2025-11-30 02:45:00",3332,801,"Chapada_High",11.91,2175.04,21.9,0,2060.97,21.9,0,2225.64,22.7,0,2178.16,21.6,0,2075.35,21.4,0,2041.51,21.5,3,1992.32,22.2,0,2016.57,21.7,0,2139.67,21.3,0
"2025-11-30 03:00:00",3333,801,"Chapada_High",11.91,2175.51,22,0,2061.75,22,0,2226.14,22.7,0,2177.95,21.7,0,2075.11,21.5,0,2041.9,21.7,0,1992.79,22.3,0,2016.72,21.8,0,2139.71,21.4,0
"2025-11-30 03:15:00",3334,801,"Chapada_High",11.91,2175.07,21.9,0,2061.66,22,0,2226.23,22.7,0,2177.24,21.8,0,2075.33,21.5,0,2041.08,21.7,1,1992.91,22.3,0,2017.15,21.8,0,2139.31,21.4,0
"2025-11-30 03:30:00",3335,801,"Chapada_High",11.91,2174.79,21.9,0,2061.02,21.9,0,2226.69,22.6,0,2178.3,21.7,0,2075.24,21.5,0,2041.21,21.7,0,1992.62,22.2,0,2016.77,21.8,0,2139.19,21.4,0
"2025-11-30 03:45:00",3336,801,"Chapada_High",11.91,2175.54,21.9,0,2060.88,21.9,0,2226.62,22.6,0,2178.16,21.6,0,2075.34,21.5,0,2041.25,21.7,2,1992.84,22.2,0,2016.75,21.7,0,2139.16,21.3,0
"2025-11-30 06:15:00",3337,801,"Chapada_High",11.9,2175.4,21.9,0,2061.59,21.9,0,2226.88,22.6,0,2178.92,21.6,0,2075.73,21.5,0,2041.11,21.7,7,1992.23,22.2,0,2017.49,21.8,0,2139.86,21.4,0
"2025-11-30 06:45:00",3338,801,"Chapada_High",11.91,2175.4,21.9,0,2061.59,21.9,0,2226.88,22.6,0,2178.92,21.6,0,2075.73,21.5,0,2041.11,21.7,7,1992.23,22.2,0,2017.49,21.8,0,2139.86,21.4,0
"2025-11-30 07:00:00",3339,801,"Chapada_High",11.9,2175.4,21.9,0,2061.59,21.9,0,2226.88,22.6,0,2178.92,21.6,0,2075.73,21.5,0,2041.11,21.7,7,1992.23,22.2,0,2017.49,21.8,0,2139.86,21.4,0
"2025-11-30 07:15:00",3340,801,"Chapada_High",11.9,2175.4,21.9,0,2061.59,21.9,0,2226.88,22.6,0,2178.92,21.6,0,2075.73,21.5,0,2041.11,21.7,7,1992.23,22.2,0,2017.49,21.8,0,2139.86,21.4,0
"2025-11-30 07:30:00",3341,801,"Chapada_High",11.91,2177.14,23.1,0,2062.99,22.6,0,2229.99,22.9,0,2178.45,22.7,0,2074.91,22.8,0,2042.3,22.7,6,1992.82,22.8,0,2018.03,22.7,0,2142.65,22,0
"2025-11-30 07:45:00",3342,801,"Chapada_High",11.9,2176.91,23.3,0,2063.29,23.1,0,2231.04,23.3,0,2178.94,23.1,0,2074.99,23.5,0,2041.92,23.2,4,1992.83,23.3,0,2017.17,23.2,0,2143.49,22.4,0
"2025-11-30 08:00:00",3343,801,"Chapada_High",11.9,2174.87,23.4,0,2063.52,23.5,0,2230.81,23.9,0,2180.56,23.5,0,2075.59,23.7,0,2042.15,23.5,5,1992.97,23.6,0,2017.02,23.6,0,2143.35,22.7,0
"2025-11-30 08:15:00",3344,801,"Chapada_High",11.91,2175.5,23.8,0,2064.79,24,0,2230.31,24.3,0,2179.62,24.6,0,2075.06,24.4,0,2042.88,24.2,3,1993.9,24.1,0,2016.89,24.2,0,2142.57,23.3,0
"2025-11-30 08:30:00",3345,801,"Chapada_High",11.91,2174.5,24.4,0,2062.43,24.9,0,2229.6,25,2,2179.29,25.3,0,2074.91,25.9,0,2043.33,25.4,3,1993.13,24.8,0,2015.43,25.1,0,2142.77,24,0
"2025-11-30 08:45:00",3346,801,"Chapada_High",11.91,2174.23,24.9,0,2062.31,25.5,0,2229.29,25.7,0,2179.67,26.1,0,2074.24,26.2,0,2043.09,26.2,6,1992.34,25.5,0,2014.9,25.9,0,2143.02,24.6,0
"2025-11-30 09:00:00",3347,801,"Chapada_High",11.91,2173.39,25.7,0,2062.16,26.5,0,2228.38,26.7,0,2178.76,27.3,0,2073.27,27.1,0,2041.35,27,3,1993,26.2,0,2013.81,27.8,0,2142.63,25.4,0
"2025-11-30 09:15:00",3348,801,"Chapada_High",11.91,2172.98,26.3,0,2062.16,27.3,0,2227.39,27.6,0,2179.82,28.1,1,2072.45,28,0,2041.04,27.7,2,1990.13,27.1,0,2012.37,28.6,0,2143.06,26.9,0
"2025-11-30 09:30:00",3349,801,"Chapada_High",11.91,2171.53,27.7,0,2062.05,28,0,2227.97,28.4,0,2179.22,28.6,0,2071.8,28.3,0,2040.62,28,5,1990.87,27.8,0,2011.73,29.1,0,2142.26,27.2,0
"2025-11-30 09:45:00",3350,801,"Chapada_High",11.91,2170.38,27.9,0,2062.4,28.8,0,2226.3,29.4,0,2177.96,29.6,0,2070.97,29.3,0,2041.58,28.7,2,1989.38,28.6,0,2010.45,30,0,2142.28,27.6,0
"2025-11-30 10:00:00",3351,801,"Chapada_High",11.91,2169.25,27.9,0,2060.94,29.1,0,2225.6,30.2,0,2177.48,30.1,0,2070.7,29.4,0,2038.86,28.6,2,1989.55,29.1,0,2009.69,30.3,0,2142.89,27.7,0
"2025-11-30 10:15:00",3352,801,"Chapada_High",11.91,2169.06,27.9,0,2060.54,29.3,0,2224.02,30.1,0,2176.72,30.2,0,2069.49,30.4,0,2039.79,28.6,2,1989.51,29.4,0,2010.32,30.5,0,2142.62,27.8,0
"2025-11-30 10:30:00",3353,801,"Chapada_High",11.91,2168.53,28.1,0,2060.02,29.7,0,2223.06,30.2,0,2175.65,30.2,0,2069.15,30.3,0,2039.67,29.9,6,1989.46,29.9,0,2010.03,30.9,0,2141.07,28.2,0
"2025-11-30 10:45:00",3354,801,"Chapada_High",11.91,2167.95,29.3,0,2059.79,31.1,0,2221.27,31.4,0,2174.03,32.1,1,2067.3,31.7,0,2039.74,30.6,6,1988.37,31.4,0,2006.46,32.8,0,2139.23,29.6,0
"2025-11-30 11:00:00",3355,801,"Chapada_High",11.91,2166.72,30,0,2059.25,32.1,0,2219.9,32.3,0,2173.86,33.5,0,2064.67,32.5,0,2038.09,31,5,1987.94,32.2,0,2006.81,34.7,0,2140.79,30.8,0
"2025-11-30 11:15:00",3356,801,"Chapada_High",11.91,2165.91,30.5,0,2058.16,32.5,0,2220.54,32.2,0,2172.54,33.9,0,2064.31,32.8,0,2037.26,31.1,2,1988.08,32.4,0,2005.68,34.2,1,2137.64,31.9,0
"2025-11-30 11:30:00",3357,801,"Chapada_High",11.91,2164.41,30.8,0,2057.68,33.1,0,2217.3,33.4,0,2170.07,34.4,0,2062.83,33.5,0,2037.22,31.7,1,1987.81,32.9,0,2004.76,34.6,0,2138.1,32.3,1
"2025-11-30 11:45:00",3358,801,"Chapada_High",11.91,2163.73,31,0,2057.21,34.2,0,2216.79,34.7,0,2168.07,35.2,0,2061.08,34.5,0,2034.87,33.1,5,1986.74,34.1,0,2003.66,35.1,0,2138.04,33.2,0
"2025-11-30 12:00:00",3359,801,"Chapada_High",11.91,2163.24,30.6,0,2057.66,33.6,0,2215.65,34.4,0,2168.01,34.9,0,2061.23,33.9,0,2035.29,32.2,5,1987.99,34.3,0,2002.27,34.2,3,2135.89,32.6,0
"2025-11-30 12:15:00",3360,801,"Chapada_High",11.91,2162.54,29.6,0,2057.17,32.2,0,2215.46,33.1,0,2167.24,32.7,0,2062.23,32.4,0,2035.15,30.9,5,1986.71,33,0,2003.26,32.5,1,2134.47,31.1,0
"2025-11-30 12:30:00",3361,801,"Chapada_High",11.91,2160.64,28.4,0,2057.69,30.2,0,2215.03,31.4,0,2164.17,30.2,0,2064.33,29.8,0,2034.03,29.2,6,1988.05,31.2,0,2002.78,30.6,5,2131.28,29.3,0
"2025-11-30 12:45:00",3362,801,"Chapada_High",11.91,2161.05,27.3,0,2057.96,28.4,0,2214.99,29.8,0,2165.88,28.3,0,2067.58,27.6,0,2032.95,27.5,3,1988.96,29.4,0,2002.08,29.2,0,2136.22,27.7,0
"2025-11-30 13:00:00",3363,801,"Chapada_High",11.91,2161.51,26,0,2057.37,26.6,0,2214.33,28.2,0,2164.55,26.6,0,2069.28,25.5,0,2033.41,25.8,5,1989.96,27.5,0,2002.86,27.7,4,2133.9,26.4,0
"2025-11-30 13:15:00",3364,801,"Chapada_High",11.91,2161.08,25.2,5,2059.31,25.2,0,2215.11,26.7,0,2165.21,25.4,0,2069.99,23.9,7,2034.54,24.6,6,1991.76,26.3,0,2003.06,26.3,0,2132.92,24.9,0
"2025-11-30 13:30:00",3365,801,"Chapada_High",11.91,2161.11,24.6,0,2058.02,24.6,0,2215.2,26.4,0,2164.79,24.7,0,2070.17,23.5,0,2033.68,24,6,1991.45,25.4,0,2003.36,25.5,0,2132.03,24.2,0
"2025-11-30 13:45:00",3366,801,"Chapada_High",11.91,2161.59,24.5,0,2060.12,24.6,0,2214.85,26.6,0,2165.42,24.8,0,2071.83,23.6,0,2035.81,24,2,1992.46,25.1,0,2003.74,25.4,0,2132.48,24.1,0
"2025-11-30 14:00:00",3367,801,"Chapada_High",11.91,2163.57,23.8,0,2058.55,23.8,0,2215.34,25.6,0,2164.42,24.1,0,2069.64,23.2,0,2034.28,23.1,4,1992.41,24.3,0,2006.02,24.5,0,2131.13,23.4,0
"2025-11-30 14:15:00",3368,801,"Chapada_High",11.91,2163.37,23.7,0,2058.76,23.7,0,2215.49,25.4,0,2165.32,24,0,2070.75,22.9,0,2034.26,23.6,7,1992.66,24.1,0,2005.31,24.4,0,2131.73,23.3,0
"2025-11-30 14:30:00",3369,801,"Chapada_High",11.91,2164.03,23.7,0,2058.79,23.7,0,2215.64,25.2,0,2163.84,23.7,0,2070.96,22.6,0,2034.64,23.4,4,1992.28,23.8,0,2006.73,24.4,0,2130.38,23.2,0
"2025-11-30 14:45:00",3370,801,"Chapada_High",11.91,2163.85,23.5,0,2059.73,23.5,0,2215.85,24.8,0,2163.63,23.2,0,2070.94,22.3,0,2034.65,23.1,4,1992.71,23.4,0,2007.05,24.2,0,2130.6,23,0
"2025-11-30 15:00:00",3371,801,"Chapada_High",11.91,2164.51,23.4,0,2059.23,23.4,0,2215.61,24.6,0,2163.66,22.9,0,2070.64,22.1,0,2034.94,22.8,4,1993.17,23.1,0,2007.21,23.9,0,2130.2,23,0
"2025-11-30 15:15:00",3372,801,"Chapada_High",11.91,2164.77,23.4,0,2060.09,23.3,0,2216.05,24.5,0,2162.84,22.7,0,2071.38,22,0,2035.1,22.7,1,1992.29,22.9,0,2007.49,23.7,0,2129.21,22.7,0
"2025-11-30 15:30:00",3373,801,"Chapada_High",11.91,2164.6,23.2,0,2059.94,23.2,0,2216.08,24.4,0,2163.02,22.5,0,2070.99,22,0,2035.02,22.6,1,1992.59,22.7,0,2007.16,23.5,0,2129.51,22.5,0
"2025-11-30 15:45:00",3374,801,"Chapada_High",11.91,2164.16,23.1,0,2059.53,23.1,0,2216.23,24.2,0,2164.06,22.7,0,2071.2,22.1,0,2035.11,22.7,7,1993.06,22.7,0,2007.9,23.3,0,2129.23,22.5,0
"2025-11-30 16:00:00",3375,801,"Chapada_High",11.91,2164.5,23,0,2060.09,22.9,0,2216.9,24.1,0,2163.06,22.4,0,2071.17,22.1,0,2034.79,22.5,7,1992.55,22.6,0,2007.72,23.1,0,2129.09,22.3,0
"2025-11-30 16:15:00",3376,801,"Chapada_High",11.91,2164.52,22.9,0,2059.66,22.8,0,2216.84,23.9,0,2162.21,22.3,0,2071.31,22,0,2035.52,22.4,6,1993.08,22.6,0,2007.69,23,0,2128.51,22.3,0
"2025-11-30 16:30:00",3377,801,"Chapada_High",11.91,2164.86,22.8,0,2059.6,22.7,1,2217.49,23.7,0,2161.85,22.2,0,2072.87,21.9,0,2035.58,22.3,1,1993.65,22.6,0,2008.03,22.9,0,2128.96,22.2,0
"2025-11-30 16:45:00",3378,801,"Chapada_High",11.91,2164.6,22.8,0,2060.39,22.7,0,2217.11,23.7,0,2161.9,22.2,0,2072.89,21.8,0,2034.68,22.3,1,1993.23,22.5,0,2008.2,22.8,0,2128.82,22.3,0
"2025-11-30 17:00:00",3379,801,"Chapada_High",11.91,2165.3,22.8,0,2059.97,22.7,0,2218.04,23.6,0,2161.3,22.2,0,2071.81,22,0,2034.89,22.3,9,1992.36,22.5,0,2008.33,22.7,0,2129.5,22.3,0
"2025-11-30 17:15:00",3380,801,"Chapada_High",11.91,2165.06,22.7,0,2059.98,22.7,0,2218.15,23.6,0,2161.48,22.2,0,2071.11,22,0,2035.85,22.3,3,1992.89,22.6,0,2008.28,22.8,0,2129.03,22.2,0
"2025-11-30 17:30:00",3381,801,"Chapada_High",11.91,2165,22.7,0,2060.28,22.7,0,2217.85,23.6,0,2163.31,22.3,0,2071.87,22.1,0,2035.2,22.4,5,1993.34,22.6,0,2008.57,22.8,0,2128.48,22.2,0
"2025-11-30 17:45:00",3382,801,"Chapada_High",11.91,2164.76,22.7,0,2059.88,22.6,0,2218.04,23.5,0,2163.03,22.3,0,2070.51,22.2,0,2035.1,22.4,0,1992.83,22.6,0,2008.5,22.7,0,2129.1,22.2,0
"2025-11-30 18:00:00",3383,801,"Chapada_High",11.91,2165.43,22.6,0,2060.09,22.5,0,2217.79,23.4,0,2162.92,22.1,0,2071.84,21.9,0,2034.91,22.2,11,1992.93,22.5,0,2008.49,22.6,0,2129.48,22,0
"2025-11-30 18:15:00",3384,801,"Chapada_High",11.91,2165.06,22.4,0,2060.98,22.3,0,2218.81,23.3,0,2162.35,22,3,2072.98,21.7,0,2035.19,22,5,1993.81,22.4,0,2007.91,22.4,0,2128.14,21.9,0
"2025-11-30 18:30:00",3385,801,"Chapada_High",11.91,2165.14,22.3,0,2060.5,22.2,0,2218.96,23.1,0,2163.04,21.9,0,2073.05,21.5,0,2035.18,21.8,3,1993.39,22.3,0,2008.64,22.3,0,2128.99,21.7,0
"2025-11-30 18:45:00",3386,801,"Chapada_High",11.91,2165.59,22.1,0,2060.8,22.1,0,2219.37,23,0,2162.43,21.7,0,2073.34,21.3,0,2035,21.6,8,1993.66,22.2,0,2008.85,22.1,0,2129.14,21.6,0
"2025-11-30 19:00:00",3387,801,"Chapada_High",11.91,2165.82,22,0,2060.75,21.9,0,2219.61,22.8,0,2161.98,21.6,0,2072.28,21.2,0,2035.02,21.5,1,1994.36,22,0,2008.49,22,0,2128.37,21.4,0
"2025-11-30 19:15:00",3388,801,"Chapada_High",11.91,2165.76,21.9,0,2060.9,21.8,0,2219.5,22.7,0,2163,21.5,0,2072.8,21,0,2035.95,21.4,4,1993.61,21.9,0,2009.06,21.8,0,2129.17,21.3,0
"2025-11-30 19:30:00",3389,801,"Chapada_High",11.91,2165.81,21.8,0,2060.68,21.6,0,2220.27,22.5,0,2163.08,21.4,0,2072.86,20.9,0,2035.02,21.2,7,1993.02,21.8,0,2008.53,21.6,0,2128.65,21.2,0
"2025-11-30 19:45:00",3390,801,"Chapada_High",11.91,2165.91,21.6,0,2061.23,21.5,0,2220.16,22.3,0,2161.57,21.3,0,2072.91,20.8,2,2036.5,21.1,8,1994.51,21.7,0,2009.36,21.4,0,2129,21,0
"2025-11-30 20:00:00",3391,801,"Chapada_High",11.91,2166.7,21.6,0,2061.41,21.4,0,2220.89,22.3,0,2161.66,21.2,0,2073.35,20.7,0,2036.02,21,6,1993.6,21.6,0,2009.13,21.4,0,2128.86,21,0
"2025-11-30 20:15:00",3392,801,"Chapada_High",11.91,2166.23,21.5,0,2061.49,21.3,0,2220.92,22.2,0,2163.17,21.2,0,2073.45,20.7,0,2035.41,21,3,1993.73,21.5,0,2009.11,21.3,0,2129.29,20.9,0
"2025-11-30 20:30:00",3393,801,"Chapada_High",11.91,2165.72,21.5,0,2061.37,21.3,0,2221.23,22.1,0,2162,21.1,0,2073.34,20.6,0,2036.2,21,2,1994.34,21.4,0,2008.94,21.2,4,2129.17,20.9,0
"2025-11-30 20:45:00",3394,801,"Chapada_High",11.91,2166.36,21.4,0,2061.53,21.2,0,2221.65,22,0,2162.38,21,0,2073.31,20.5,0,2036.32,20.9,0,1994.84,21.4,0,2009.89,21.2,0,2128.73,20.8,0
"2025-11-30 21:00:00",3395,801,"Chapada_High",11.91,2166.51,21.4,0,2062.44,21.2,0,2221.95,22.1,5,2162.2,21,0,2074.73,20.6,0,2036.49,20.9,2,1994.47,21.3,0,2009.64,21.2,0,2128.96,20.7,0
"2025-11-30 21:15:00",3396,801,"Chapada_High",11.91,2166.21,21.4,0,2061.3,21.2,0,2221.84,22.1,0,2161.79,21,0,2073.16,20.6,0,2035.75,20.9,7,1993.78,21.3,0,2009.66,21.2,0,2129.32,20.7,0
"2025-11-30 21:30:00",3397,801,"Chapada_High",11.91,2166.54,21.3,0,2062.22,21.2,0,2222.57,22.1,4,2161.64,21,0,2073.35,20.7,0,2036.44,20.9,6,1994.57,21.3,0,2009.32,21.2,0,2129.23,20.7,0
"2025-11-30 21:45:00",3398,801,"Chapada_High",11.91,2167,21.3,0,2062.34,21.2,0,2223.06,22,0,2162.46,20.9,0,2073.88,20.6,0,2036.49,20.9,0,1994.87,21.2,0,2009.6,21.1,0,2128.98,20.7,0
"2025-11-30 22:00:00",3399,801,"Chapada_High",11.91,2166.93,21.3,0,2062.19,21.1,0,2222.2,22,0,2161.05,20.9,0,2073.76,20.5,0,2036.83,20.8,5,1994.16,21.2,0,2009.63,21.1,0,2129.14,20.6,0
"2025-11-30 22:15:00",3400,801,"Chapada_High",11.91,2166.13,21.2,0,2062.36,21.1,0,2222.39,21.9,0,2161.3,20.8,0,2074.47,20.4,0,2036.06,20.8,7,1994.21,21.2,0,2009.79,20.9,0,2129.36,20.6,0
"2025-11-30 22:30:00",3401,801,"Chapada_High",11.91,2166.91,21.1,0,2062.97,21,0,2222.95,21.8,0,2161.51,20.7,0,2074.21,20.3,0,2036.91,20.6,0,1994.41,21.1,0,2009.89,20.9,0,2129.51,20.4,0
"2025-11-30 22:45:00",3402,801,"Chapada_High",11.91,2166.65,21,0,2062.85,20.9,0,2223.04,21.7,0,2161.29,20.6,0,2074.35,20.2,0,2036.54,20.5,9,1995.05,21.1,0,2008.66,20.8,0,2130.27,20.3,0
"2025-11-30 23:00:00",3403,801,"Chapada_High",11.91,2166.98,20.9,0,2062.86,20.7,0,2224.07,21.6,0,2162.55,20.5,0,2074.63,20,0,2035.97,20.4,10,1994.54,21,0,2010.13,20.7,0,2130.16,20.2,0
"2025-11-30 23:15:00",3404,801,"Chapada_High",11.91,2166.67,20.8,0,2063.12,20.7,0,2223.28,21.5,0,2163.08,20.4,0,2074.56,20,0,2036.55,20.3,0,1994.81,20.9,0,2008.35,20.6,0,2129.63,20.1,0
"2025-11-30 23:30:00",3405,801,"Chapada_High",11.9,2167.08,20.8,0,2062.37,20.6,0,2223.89,21.5,0,2162.55,20.4,0,2074.69,20,0,2036.4,20.4,4,1994.56,20.8,0,2008.76,20.6,0,2129,20.1,0
"2025-11-30 23:45:00",3406,801,"Chapada_High",11.9,2166.76,20.7,0,2062.78,20.6,0,2223.75,21.4,0,2162.26,20.3,0,2074.74,19.9,0,2036.37,20.3,1,1994.82,20.8,0,2009.4,20.5,0,2130.15,20,0
"2025-12-01 00:00:00",3407,801,"Chapada_High",11.9,2167.54,20.6,0,2064.25,20.5,0,2224.17,21.3,0,2161.05,20.2,0,2075.09,19.8,0,2037.2,20.1,4,1994.93,20.7,0,2010.47,20.3,0,2131.3,19.9,0
"2025-12-01 00:15:00",3408,801,"Chapada_High",11.91,2167.42,20.5,0,2064.76,20.3,0,2225.33,21.2,0,2163.08,20,0,2074.83,19.6,0,2036.84,20,4,1994.64,20.5,0,2010.43,20.2,0,2129.34,19.8,0
"2025-12-01 00:30:00",3409,801,"Chapada_High",11.91,2167.37,20.2,0,2065.19,20.1,0,2225.12,21,0,2162.09,19.9,0,2074.94,19.4,0,2036.9,19.8,9,1995.02,20.4,0,2008.73,20,0,2131.16,19.6,0
"2025-12-01 00:45:00",3410,801,"Chapada_High",11.9,2167.88,20.1,0,2064.37,20,0,2225.45,20.9,0,2162.69,19.8,0,2075.32,19.3,0,2037.65,19.6,1,1995.81,20.3,0,2011.07,19.8,0,2131.21,19.4,0
"2025-12-01 01:00:00",3411,801,"Chapada_High",11.91,2167.98,20,0,2064.25,19.9,0,2225.02,20.8,0,2162.43,19.6,0,2075.64,19.2,0,2037.51,19.5,5,1993.21,20.2,0,2011.03,19.7,4,2131.04,19.3,0
"2025-12-01 01:15:00",3412,801,"Chapada_High",11.91,2168.16,19.9,0,2064.9,19.8,0,2225.51,20.8,0,2162.73,19.5,0,2076.19,19,0,2037.52,19.3,8,1993.83,20,0,2009.99,19.6,0,2131.45,19.2,0
