"TOA5","Chapada_Low","CR1000X","73482","CR1000X.8.3.0","CPU:Brazil_beta_v091925v4.CR1X","25590","Teros12Table"
"TIMESTAMP","RECORD","PB","Statname","BattV_Avg","Teros12(1,1)","Teros12(1,2)","Teros12(1,3)","Teros12(2,1)","Teros12(2,2)","Teros12(2,3)","Teros12(3,1)","Teros12(3,2)","Teros12(3,3)","Teros12(4,1)","Teros12(4,2)","Teros12(4,3)","Teros12(5,1)","Teros12(5,2)","Teros12(5,3)","Teros12(6,1)","Teros12(6,2)","Teros12(6,3)","Teros12(7,1)","Teros12(7,2)","Teros12(7,3)","Teros12(8,1)","Teros12(8,2)","Teros12(8,3)","Teros12(9,1)","Teros12(9,2)","Teros12(9,3)"
"TS","RN","","","Volts","","","","","","","","","","","","","","","","","","","","","","","","","","",""
"","","Smp","Smp","Avg","Smp","Smp","Smp","Smp","Smp","Smp","Smp","Smp","Smp","Smp","Smp","Smp","Smp","Smp","Smp","Smp","Smp","Smp","Smp","Smp","Smp","Smp","Smp","Smp","Smp","Smp","Smp"
"2026-03-01 02:00:00",12448,802,"Chapada_Low",11.86,2887.45,21.4,0,2864.36,21.4,5,2582.11,21.5,0,3001.63,20.9,0,3580.27,20.7,2,2356.38,20.7,0,2533.16,20.9,0,2706.28,21.4,2,3084.84,21.2,0
"2026-03-01 02:15:00",12449,802,"Chapada_Low",11.85,2886.75,21.4,0,2805.6,21.4,2,2582.01,21.5,0,3001.83,20.9,0,3579.48,20.8,0,2356.55,20.7,1,2532.26,20.9,0,2705.77,21.4,1,3086.57,21.2,0
"2026-03-01 02:30:00",12450,802,"Chapada_Low",11.86,2887.47,21.4,0,2796.44,21.4,0,2582.1,21.5,0,2998.91,20.9,0,3579.53,20.8,2,2356.51,20.7,7,2531.94,20.9,0,2705.38,21.4,0,3086.77,21.2,8
"2026-03-01 02:45:00",12451,802,"Chapada_Low",11.86,2886.83,21.4,0,2797.65,21.4,1,2582.84,21.4,0,2997.1,20.9,1,3579.77,20.7,0,2356.49,20.7,0,2530.88,20.9,0,2707.88,21.4,0,3086.73,21.2,0
"2026-03-01 03:00:00",12452,802,"Chapada_Low",11.86,2908.04,21.4,0,2801.75,21.4,0,2578.27,21.4,1,3036.95,20.9,0,3583.45,20.8,2,2357.17,20.7,6,2542.17,20.9,5,2729.28,21.3,0,3090.17,21.2,0
"2026-03-01 03:15:00",12453,802,"Chapada_Low",11.86,2910.82,21.4,0,2800.21,21.3,0,2566.97,21.4,0,3067.75,20.8,0,3594.84,20.7,0,2362.86,20.7,4,2556.22,20.9,0,2744.27,21.3,0,3093.11,21.2,2
"2026-03-01 03:30:00",12454,802,"Chapada_Low",11.86,2912.5,21.4,0,2799.79,21.3,0,2562.96,21.4,0,3058.3,20.8,0,3593.69,20.7,2,2362.05,20.7,0,2554.99,20.9,0,2743.48,21.3,2,3091.72,21.2,3
"2026-03-01 03:45:00",12455,802,"Chapada_Low",11.86,2913.12,21.5,0,2801.77,21.3,5,2561.76,21.4,0,3050,20.8,0,3592.3,20.7,0,2361.79,20.7,0,2552.99,20.9,0,2740.44,21.3,0,3093.72,21.1,0
"2026-03-01 04:00:00",12456,802,"Chapada_Low",11.86,2913.48,21.5,0,2801.57,21.3,1,2562.52,21.3,0,3045.64,20.8,9,3591.78,20.7,0,2361.14,20.7,0,2551.08,20.9,0,2741.31,21.3,1,3091.86,21.2,0
"2026-03-01 04:15:00",12457,802,"Chapada_Low",11.86,2912.68,21.5,3,2794.81,21.3,0,2562.78,21.3,0,3039.91,20.8,0,3589.44,20.7,0,2360.63,20.7,5,2549.87,20.8,0,2737.22,21.3,0,3093.63,21.2,0
"2026-03-01 04:30:00",12458,802,"Chapada_Low",11.86,2913.11,21.5,0,2796.01,21.3,0,2563.12,21.3,0,3036.12,20.8,4,3588.93,20.7,3,2360.18,20.7,0,2547.98,20.8,0,2735.34,21.3,0,3094.41,21.2,1
"2026-03-01 04:45:00",12459,802,"Chapada_Low",11.86,2913.14,21.5,0,2796.56,21.3,1,2564.15,21.3,0,3036.19,20.8,0,3588.79,20.7,0,2360.12,20.7,3,2546.35,20.8,0,2734.36,21.2,0,3092.3,21.2,0
"2026-03-01 05:00:00",12460,802,"Chapada_Low",11.86,2913.1,21.5,0,2797.4,21.3,0,2564.42,21.3,0,3037.79,20.8,0,3588.34,20.7,0,2358.88,20.6,0,2545.47,20.7,0,2735.46,21.2,8,3094.71,21.1,0
"2026-03-01 05:15:00",12461,802,"Chapada_Low",11.86,2913.47,21.5,3,2796.91,21.2,0,2564.5,21.2,0,3036.35,20.7,0,3588.46,20.6,0,2358.88,20.6,4,2545.58,20.7,0,2732.38,21.1,0,3094.41,21.1,0
"2026-03-01 05:30:00",12462,802,"Chapada_Low",11.86,2914.05,21.4,0,2796.69,21.2,2,2564.55,21.1,0,3036.43,20.6,0,3588.62,20.5,0,2359.51,20.5,2,2545.07,20.6,0,2734.26,21.1,21,3092.39,21,0
"2026-03-01 05:45:00",12463,802,"Chapada_Low",11.86,2913.98,21.4,0,2797.66,21.2,0,2564.68,21.1,0,3035.64,20.6,0,3588.3,20.5,0,2359.37,20.4,9,2544.78,20.5,0,2734.08,21,0,3093.05,21,0
"2026-03-01 06:00:00",12464,802,"Chapada_Low",11.86,2912.41,21.3,7,2816.77,21.1,3,2565.49,21.1,0,3034.02,20.5,0,3588.81,20.4,0,2358.88,20.4,9,2544.71,20.5,0,2730.99,21,0,3093.12,20.9,0
"2026-03-01 06:15:00",12465,802,"Chapada_Low",11.86,2913.56,21.3,7,2850.24,21.1,6,2565.05,21,0,3029.96,20.4,0,3587.94,20.3,3,2358.89,20.3,0,2544.05,20.4,0,2730.56,20.9,0,3095.86,20.9,0
"2026-03-01 06:30:00",12466,802,"Chapada_Low",11.86,2914.16,21.2,3,2853.44,21,5,2565.34,20.9,6,3030.54,20.4,0,3587.55,20.3,2,2358.44,20.2,0,2543.73,20.4,0,2730.94,20.9,0,3093.33,20.9,0
"2026-03-01 06:45:00",12467,802,"Chapada_Low",11.85,2913.94,21.2,0,2854.21,21,0,2565.55,20.9,0,3032.39,20.4,0,3588.04,20.3,0,2358.42,20.2,0,2543.72,20.3,0,2729.75,20.8,2,3093.37,20.8,0
"2026-03-01 07:00:00",12468,802,"Chapada_Low",11.86,2914.36,21.2,0,2854.8,20.9,0,2565.44,20.9,0,3033.97,20.4,0,3587.47,20.3,3,2358.49,20.2,1,2543.16,20.3,0,2728.6,20.8,0,3093.54,20.8,2
"2026-03-01 07:15:00",12469,802,"Chapada_Low",11.86,2912.1,21.2,20,2855.12,20.9,0,2566.26,20.9,1,3031.71,20.4,0,3587.1,20.3,2,2358.69,20.2,0,2543.68,20.4,0,2725.26,20.8,0,3094.22,20.8,0
"2026-03-01 07:30:00",12470,802,"Chapada_Low",11.86,2914.46,21.2,0,2855.21,20.9,2,2565.69,20.9,5,3033.05,20.4,0,3587.35,20.4,0,2358.75,20.3,3,2542.23,20.5,0,2719.79,20.9,0,3093.3,20.9,1
"2026-03-01 07:45:00",12471,802,"Chapada_Low",11.86,2913.21,21.3,0,2855.9,21,7,2566.4,20.9,0,3032.63,20.5,1,3586.66,20.4,19,2358.82,20.3,0,2543.42,20.6,0,2720.03,21,2,3093.1,21,0
"2026-03-01 08:00:00",12472,802,"Chapada_Low",11.86,2915.36,21.3,0,2805.15,21.1,0,2566.33,21,4,3030.62,20.5,0,3585.62,20.5,3,2359.03,20.4,4,2541.47,20.7,0,2718.62,21.1,7,3093.09,21.1,1
"2026-03-01 08:15:00",12473,802,"Chapada_Low",11.86,2915.28,21.4,0,2805.73,21.1,0,2566.42,21.2,4,3027.3,20.7,0,3584.08,20.7,0,2358.5,20.5,6,2540.21,20.9,0,2715.51,21.3,0,3093.21,21.3,0
"2026-03-01 08:30:00",12474,802,"Chapada_Low",11.86,2916.1,21.6,0,2805.72,21.3,1,2567.29,21.3,0,3026.5,21,0,3583.52,20.9,0,2357.77,20.8,0,2541.14,21.1,0,2716.37,21.6,0,3092.12,21.5,0
"2026-03-01 08:45:00",12475,802,"Chapada_Low",11.86,2916.12,21.8,0,2805.52,21.6,0,2567.67,21.6,13,3021.2,21.3,0,3582.33,21.4,14,2356.87,21.4,1,2540.12,21.5,0,2718.49,21.9,0,3093.34,21.9,0
"2026-03-01 09:00:00",12476,802,"Chapada_Low",11.86,2916.41,22.2,0,2805.59,22,0,2568.12,22,0,3018.22,21.6,3,3581.26,21.7,6,2355.77,21.9,0,2538.51,22.2,0,2715.54,22.4,0,3092.82,22.4,0
"2026-03-01 09:15:00",12477,802,"Chapada_Low",11.86,2917.07,22.4,0,2807.24,22.2,4,2569.78,22.2,0,3018.16,21.9,0,3580.21,21.9,0,2355.56,22.3,3,2536.82,22.5,15,2710.04,23.1,0,3089.14,22.8,0
"2026-03-01 09:30:00",12478,802,"Chapada_Low",11.86,2916.11,22.5,0,2807.27,22.3,0,2570.35,22.4,0,3018.13,22.1,0,3578.63,22.1,4,2355.13,22.4,2,2535.27,22.6,0,2708.1,23.2,0,3088.47,23.3,0
"2026-03-01 09:45:00",12479,802,"Chapada_Low",11.86,2915.65,22.9,0,2806.76,22.5,12,2571.8,22.6,4,3015.71,22.3,0,3577.38,22.4,0,2354.9,22.6,0,2534.53,22.8,0,2712.71,23.3,0,3089.23,23.5,0
"2026-03-01 10:00:00",12480,802,"Chapada_Low",11.86,2915.64,22.9,4,2795.97,22.9,0,2572.85,23,0,3016.77,22.4,1,3576.02,22.5,6,2354.37,22.8,4,2533.29,23,0,2712.35,23.5,0,3086.55,23.7,3
"2026-03-01 10:15:00",12481,802,"Chapada_Low",11.86,2914.67,23,0,2798.52,22.8,8,2574.46,23.1,6,3015.64,22.8,0,3575.31,22.6,2,2354.29,22.9,0,2532.51,23.1,0,2711.94,23.6,0,3085.64,23.8,0
"2026-03-01 10:30:00",12482,802,"Chapada_Low",11.86,2913.79,23.2,0,2798.78,23,0,2575.21,23.3,0,3013.26,23.1,8,3572.79,23.6,0,2352.91,23.3,0,2531.49,23.5,0,2710.49,23.9,0,3086.44,24.2,10
"2026-03-01 10:45:00",12483,802,"Chapada_Low",11.86,2914.03,23.5,0,2797.67,23.4,0,2576.87,23.7,2,3010.38,23.4,0,3570.73,23.7,0,2350.22,24.7,1,2528.85,24.1,0,2708.81,24.6,0,3083,24.8,0
"2026-03-01 11:00:00",12484,802,"Chapada_Low",11.86,2912.32,23.8,2,2798.05,23.6,0,2577.03,24,0,3013.01,23.5,0,3569.14,23.8,3,2350.01,24.4,4,2527.61,24.7,0,2706.2,24.9,0,3083.38,25.1,0
"2026-03-01 11:15:00",12485,802,"Chapada_Low",11.85,2911.92,24.1,0,2798.13,23.9,8,2578.6,24.4,0,3009.91,23.9,0,3567.15,24.1,0,2348.19,24.7,0,2526.71,24.9,0,2701.29,25.7,0,3081.33,26,3
"2026-03-01 11:30:00",12486,802,"Chapada_Low",11.86,2911.34,24.9,0,2796.87,24.1,0,2582.04,24.8,2,3015.39,24.1,0,3565.74,24.3,1,2347.16,24.9,6,2525.13,25.2,0,2699.63,25.8,1,3079.37,26.5,0
"2026-03-01 11:45:00",12487,802,"Chapada_Low",11.86,2908.45,25.3,7,2797.98,25.8,0,2581.59,25.7,4,3007.95,25,3,3562.93,24.9,0,2345.28,25.9,5,2521.81,26.1,0,2698.95,27,0,3076.17,27.7,0
"2026-03-01 12:00:00",12488,802,"Chapada_Low",11.86,2907.29,25.9,4,2797.65,26.2,0,2585.17,27.4,0,2995.02,26.1,1,3558.32,25.7,3,2344.15,27,0,2517.23,27.3,0,2692.28,28.4,9,3072.03,29.2,3
"2026-03-01 12:15:00",12489,802,"Chapada_Low",11.86,2893.46,25.8,0,2795.85,25.9,2,2582.49,26.9,4,2987.31,26.9,0,3556.6,25.9,0,2343.31,26.8,0,2515.95,27.1,0,2690.44,28.2,1,3071.18,28.7,0
"2026-03-01 12:30:00",12490,802,"Chapada_Low",11.85,2888.91,25.8,0,2797.01,25.8,2,2585.03,26.8,1,2981.46,26.4,0,3554.06,26.2,1,2342.36,27,7,2514.96,27.1,0,2688.49,28,0,3069.26,28.7,0
"2026-03-01 12:45:00",12491,802,"Chapada_Low",11.85,2887.78,25.6,4,2797.19,25.5,0,2585.35,26.4,6,2977.6,26,0,3553.42,25.8,0,2341.5,26.9,0,2514.56,27.1,0,2687.02,27.7,0,3068.91,28,0
"2026-03-01 13:00:00",12492,802,"Chapada_Low",11.85,2888.82,25.1,3,2795.43,25.2,7,2585.56,26.1,0,2979.79,25.4,0,3554.75,25.2,1,2340.48,26,1,2515.19,26.4,0,2686.41,27.3,0,3069.84,27.2,0
"2026-03-01 13:15:00",12493,802,"Chapada_Low",11.85,2886.41,25.7,0,2794.66,26,0,2583.93,27.6,0,2979.23,26,0,3552.39,26.1,0,2340.21,27.1,4,2512.59,26.9,0,2681.32,28.6,0,3068.05,28.2,0
"2026-03-01 13:30:00",12494,802,"Chapada_Low",11.85,2883.54,26.6,0,2759.93,26.8,1,2585.89,28.2,3,2976.13,26.8,2,3548.18,26.9,0,2339.83,27.7,0,2508.38,27.8,0,2674.93,29.5,0,3065.55,28.8,0
"2026-03-01 13:45:00",12495,802,"Chapada_Low",11.85,2882.3,26.3,0,2767.58,26.9,3,2583.75,27.6,1,2966.72,26.5,4,3547.1,26.4,1,2338.6,27.2,3,2507.85,27.7,0,2672.61,29,0,3064.46,28.4,14
"2026-03-01 14:00:00",12496,802,"Chapada_Low",11.85,2881.69,25.8,0,2766.88,26.2,0,2585.77,27.1,1,2952.74,26.2,0,3547.79,25.7,3,2339.36,26.4,0,2508.76,27.1,0,2669.51,28,0,3065.04,27.7,2
"2026-03-01 14:15:00",12497,802,"Chapada_Low",11.85,2881.08,25.8,0,2766.86,26.1,0,2584.13,27,2,2948.95,26.3,0,3547.16,26.5,0,2339.27,26.5,0,2505.7,27.2,2,2666.98,27.9,0,3064.39,27.8,0
"2026-03-01 14:30:00",12498,802,"Chapada_Low",11.85,2880.8,25.4,2,2766.47,25.6,5,2585.56,26.2,0,2955.16,25.6,0,3548.26,25.6,7,2341.37,26.2,0,2508.51,26.5,0,2667.15,27.2,0,3066.63,27.1,10
"2026-03-01 14:45:00",12499,802,"Chapada_Low",11.85,2881.23,25,4,2734.73,25.3,0,2583.63,25.7,0,2958.83,25,0,3550.81,24.9,2,2341.68,25.4,5,2503.25,26,0,2670.59,26.5,0,3067.86,26.3,8
"2026-03-01 15:00:00",12500,802,"Chapada_Low",11.85,2901.48,24.3,0,2790.85,24.7,6,2576.11,25,0,3019.94,24.2,0,3562.45,24.1,0,2354.37,24.3,3,2505.95,24.7,0,2701.98,25.6,1,3076.75,25.1,0
"2026-03-01 15:15:00",12501,802,"Chapada_Low",11.85,2901.85,23.9,0,2809.91,24.2,2,2569.39,24.5,10,3026.29,23.6,0,3568.88,23.4,0,2354.35,23.5,1,2510.37,23.8,0,2713.03,24.7,0,3079.04,24.4,0
"2026-03-01 15:30:00",12502,802,"Chapada_Low",11.86,2901.6,23.6,0,2723.29,23.8,0,2556.76,23.9,0,3080.77,23,0,3581.76,22.6,2,2370.79,22.6,3,2532.58,23.1,0,2751.1,23.9,0,3083.72,23.6,0
"2026-03-01 15:45:00",12503,802,"Chapada_Low",11.85,2902.17,23.5,0,2722.35,23.5,0,2554.89,23.6,5,3068.51,22.7,0,3582.72,22.4,10,2366.2,22.4,2,2531.95,22.8,0,2750.26,23.6,0,3086.27,23.6,5
"2026-03-01 16:00:00",12504,802,"Chapada_Low",11.85,2902.05,23.3,8,2724.64,23.1,10,2544.91,23.4,3,3055.16,22.6,0,3581.21,22.3,3,2363.8,22.2,4,2531.33,22.6,0,2753.28,23.3,0,3089.53,23.3,0
"2026-03-01 16:15:00",12505,802,"Chapada_Low",11.85,2901.97,23.2,0,2724.62,22.9,0,2538.43,23.2,12,3047.03,22.3,0,3578.88,22.1,0,2363.25,22,3,2534.54,22.4,0,2802.46,23.1,0,3090.97,23.1,0
"2026-03-01 16:30:00",12506,802,"Chapada_Low",11.85,2899.66,23,0,2725.18,22.6,0,2537.73,22.9,0,3046.89,22.1,0,3579.22,21.8,4,2363.2,21.7,0,2562.79,22.2,0,2897.35,22.8,7,3091.98,22.8,1
"2026-03-01 16:45:00",12507,802,"Chapada_Low",11.85,2900.39,22.9,2,2724.27,22.5,1,2537.41,22.7,0,3053.68,21.9,1,3579.91,21.6,24,2363.39,21.5,0,2651.62,22,0,2891.99,23,0,3091.09,22.6,4
"2026-03-01 17:00:00",12508,802,"Chapada_Low",11.85,2900.85,22.8,5,2725.09,22.6,1,2534.15,22.7,0,3059.29,21.8,0,3581.09,21.5,0,2364.45,21.4,0,2785.75,21.9,0,2888.68,23,10,3093.39,22.5,0
"2026-03-01 17:15:00",12509,802,"Chapada_Low",11.85,2900.72,22.8,4,2722.28,22.6,0,2532.62,22.6,3,3068.02,21.7,0,3582.91,21.4,0,2365.82,21.3,4,2884.24,21.9,0,2885.91,23,9,3092.68,22.5,3
"2026-03-01 17:30:00",12510,802,"Chapada_Low",11.85,2901.58,22.7,0,2717.46,22.5,0,2532.27,22.5,15,3076.13,21.6,7,3585.3,21.4,3,2367,21.3,2,2867.17,22.7,0,2887.92,23,3,3094.5,22.4,0
"2026-03-01 17:45:00",12511,802,"Chapada_Low",11.85,2902.21,22.6,0,2718.1,22.4,0,2532.65,22.4,0,3083.62,21.6,0,3586.99,21.3,0,2369.03,21.2,6,2868.77,22.7,0,2890.85,22.9,0,3094.88,22.3,0
"2026-03-01 18:00:00",12512,802,"Chapada_Low",11.85,2902.61,22.5,0,2716.94,22.3,0,2533.48,22.3,0,3088.09,21.5,0,3587.51,21.3,0,2370.22,21.2,0,2870.99,22.7,0,2893.27,22.8,31,3094.69,22.2,0
"2026-03-01 18:15:00",12513,802,"Chapada_Low",11.85,2903.34,22.5,0,2718.7,22.3,0,2534.26,22.3,4,3095.88,21.5,0,3589.17,21.3,6,2371.1,21.1,4,2873.64,22.7,11,2897.76,22.8,0,3092.98,22.2,0
"2026-03-01 18:30:00",12514,802,"Chapada_Low",11.85,2903.96,22.5,1,2718.91,22.2,1,2536.06,22.2,0,3098.67,21.5,0,3591.28,21.3,3,2371.88,21.1,4,2879.61,22.4,0,2900.6,22.7,0,3093.2,22.1,0
"2026-03-01 18:45:00",12515,802,"Chapada_Low",11.85,2905.5,22.4,1,2719.14,22.2,0,2537.12,22.2,2,3100.51,21.4,0,3592.47,21.2,2,2371.44,21.1,0,2892.73,22.2,0,2904.4,22.7,0,3095.53,22.1,2
"2026-03-01 19:00:00",12516,802,"Chapada_Low",11.85,2905.32,22.4,0,2718.49,22.1,0,2538.3,22.1,0,3099.39,21.4,4,3591.78,21.2,4,2371.57,21.1,5,2895.14,22.1,0,2907.38,22.6,7,3096.22,22,0
"2026-03-01 19:15:00",12517,802,"Chapada_Low",11.85,2906.2,22.3,0,2716.28,22.1,3,2539.11,22.1,1,3091.17,21.3,0,3592.77,21.2,27,2371.26,21,1,2890.36,21.9,0,2910.76,22.5,3,3093.88,22,1
"2026-03-01 19:30:00",12518,802,"Chapada_Low",11.85,2904.54,22.3,0,2719.31,22.1,5,2542.78,22,23,3096.84,21.3,0,3593.16,21.1,1,2370.97,21,3,2884.99,21.8,0,2912.52,22.4,0,3094.36,21.9,0
"2026-03-01 19:45:00",12519,802,"Chapada_Low",11.85,2906.47,22.3,4,2718.8,22,0,2547.28,22,0,3095.45,21.2,0,3591.38,21.1,0,2370.79,20.9,0,2844.84,21.6,0,2913.2,22.3,3,3096.06,21.9,11
"2026-03-01 20:00:00",12520,802,"Chapada_Low",11.85,2907.19,22.2,4,2718.41,21.9,1,2549.94,21.9,0,3093.22,21.2,0,3592.02,21,0,2369.7,20.9,0,2822.36,21.5,0,2911.78,22.2,3,3093.9,21.8,2
"2026-03-01 20:15:00",12521,802,"Chapada_Low",11.86,2907.52,22.1,5,2718.04,21.9,0,2555.56,21.9,0,3092.16,21.1,0,3591.67,21,2,2369.32,20.8,0,2807.63,21.5,0,2908.91,22.2,0,3096.66,21.8,0
"2026-03-01 20:30:00",12522,802,"Chapada_Low",11.85,2907.75,22.1,0,2720.39,21.8,0,2557.08,21.8,0,3091.15,21.1,0,3590.78,20.9,1,2369.39,20.8,0,2766.25,21.4,7,2904.52,22.1,0,3096.59,21.7,0
"2026-03-01 20:45:00",12523,802,"Chapada_Low",11.85,2908.09,22,6,2719.85,21.8,0,2557.79,21.8,0,3087.58,21,0,3589.54,20.9,0,2368.35,20.8,0,2731.11,21.3,14,2893.72,22,5,3094.59,21.7,1
"2026-03-01 21:00:00",12524,802,"Chapada_Low",11.85,2908.73,22,0,2721.62,21.8,0,2558.35,21.7,0,3084.01,21,0,3589.4,20.9,0,2368.62,20.7,0,2704.89,21.2,0,2889.53,21.9,13,3094.54,21.6,0
"2026-03-01 21:15:00",12525,802,"Chapada_Low",11.85,2909.38,22,0,2718.75,21.7,8,2558.15,21.6,5,3080.25,21,6,3588.31,20.8,0,2367.59,20.7,0,2688.04,21.2,0,2886.79,21.9,0,3097.03,21.6,0
"2026-03-01 21:30:00",12526,802,"Chapada_Low",11.85,2909.23,22,0,2718.94,21.7,0,2559.25,21.7,4,3078.16,21,0,3588.8,20.9,5,2367.75,20.7,2,2674.76,21.2,0,2879.36,21.9,0,3097.22,21.6,0
"2026-03-01 21:45:00",12527,802,"Chapada_Low",11.85,2909.47,22,1,2719,21.7,0,2561.33,21.7,0,3077.49,21,0,3587.62,20.9,0,2367.09,20.8,1,2662.09,21.2,0,2879.46,21.8,8,3094.87,21.6,0
"2026-03-01 22:00:00",12528,802,"Chapada_Low",11.85,2909.29,22,0,2719.23,21.7,0,2561.97,21.6,10,3074.73,21,1,3586.99,20.9,1,2367.35,20.7,0,2650.15,21.2,0,2876.25,21.8,4,3095.17,21.6,0
"2026-03-01 22:15:00",12529,802,"Chapada_Low",11.85,2909.06,21.9,0,2719.98,21.6,2,2562.8,21.6,3,3072.35,21,4,3586.25,20.8,2,2366.5,20.7,3,2632.44,21.2,0,2864.7,21.7,4,3095.01,21.6,0
"2026-03-01 22:30:00",12530,802,"Chapada_Low",11.85,2909.44,21.9,0,2719.19,21.6,0,2562.96,21.6,13,3069.74,20.9,5,3585.9,20.8,4,2366.78,20.7,3,2624.07,21.2,0,2850.9,21.7,0,3098.03,21.5,1
"2026-03-01 22:45:00",12531,802,"Chapada_Low",11.85,2909.92,21.9,2,2718.44,21.6,0,2563.27,21.6,0,3068.62,21,0,3585.55,20.8,2,2366.37,20.7,4,2609.39,21.2,0,2846.89,21.7,0,3097.16,21.6,0
"2026-03-01 23:00:00",12532,802,"Chapada_Low",11.86,2909.79,21.9,0,2716.67,21.6,0,2563.29,21.6,4,3062.87,21,0,3584.95,20.8,0,2366.29,20.7,5,2602.63,21.2,0,2841.37,21.7,1,3095.13,21.6,2
"2026-03-01 23:15:00",12533,802,"Chapada_Low",11.85,2909.74,21.9,0,2717.72,21.6,16,2564.03,21.5,0,3061.37,21,0,3584.76,20.8,0,2366.01,20.7,5,2595.7,21.2,0,2837.51,21.6,0,3097.56,21.5,3
"2026-03-01 23:30:00",12534,802,"Chapada_Low",11.85,2909.92,21.8,4,2717.89,21.6,0,2564.49,21.5,0,3060.04,21,1,3583.75,20.8,13,2365.68,20.7,0,2587.7,21.1,0,2832.97,21.6,0,3097.87,21.5,0
"2026-03-01 23:45:00",12535,802,"Chapada_Low",11.85,2910.18,21.8,6,2717.1,21.5,5,2565.24,21.5,12,3063.09,20.9,0,3583.72,20.8,3,2366.08,20.7,5,2584.35,21.1,0,2826.96,21.6,3,3098.03,21.5,14
"2026-03-02 00:00:00",12536,802,"Chapada_Low",11.85,2909.92,21.8,0,2717.14,21.5,2,2565.41,21.5,0,3059.6,20.9,0,3583.85,20.8,1,2364.64,20.7,2,2576.02,21.1,14,2823.63,21.6,0,3095.62,21.5,0
"2026-03-02 00:15:00",12537,802,"Chapada_Low",11.85,2910.86,21.8,4,2716.52,21.5,0,2565.74,21.5,0,3060.16,20.9,0,3583.08,20.8,3,2365.11,20.7,2,2573.32,21.1,0,2822.84,21.6,0,3098.15,21.5,0
"2026-03-02 00:30:00",12538,802,"Chapada_Low",11.85,2910.1,21.8,3,2718.44,21.5,2,2566.62,21.5,0,3058.48,20.9,0,3582.56,20.8,1,2364.44,20.7,0,2560.74,21.1,0,2817.61,21.5,0,3095.83,21.5,0
"2026-03-02 00:45:00",12539,802,"Chapada_Low",11.85,2909.06,21.8,11,2717.73,21.5,1,2566.61,21.5,4,3056.75,20.9,0,3581.58,20.8,2,2364.85,20.7,0,2558.74,21.1,0,2814.12,21.5,0,3095.32,21.5,7
"2026-03-02 01:00:00",12540,802,"Chapada_Low",11.85,2910.38,21.7,0,2717.65,21.4,0,2566.29,21.4,2,3054.19,20.8,0,3581.9,20.7,0,2364.71,20.6,2,2556.16,21,0,2810.06,21.4,0,3095.57,21.3,0
"2026-03-02 01:15:00",12541,802,"Chapada_Low",11.85,2910.26,21.6,0,2717.73,21.4,0,2566.5,21.3,7,3052.07,20.7,0,3580.82,20.5,0,2364.82,20.4,5,2552.18,20.8,0,2809.22,21.3,0,3098,21.2,0
"2026-03-02 01:30:00",12542,802,"Chapada_Low",11.85,2910.11,21.7,3,2717.26,21.4,0,2567.03,21.3,0,3051.35,20.7,0,3580.95,20.6,2,2364.06,20.5,0,2551.43,20.9,0,2791.17,21.3,0,3095.67,21.3,0
"2026-03-02 01:45:00",12543,802,"Chapada_Low",11.85,2909.93,21.7,0,2717.68,21.4,11,2567.39,21.3,2,3051.87,20.7,10,3581.01,20.6,6,2364.01,20.5,5,2548.17,20.9,0,2787.87,21.3,18,3096.37,21.2,2
"2026-03-02 02:00:00",12544,802,"Chapada_Low",11.86,2908.26,21.6,0,2717.98,21.3,0,2567.95,21.3,0,3052.3,20.6,0,3581.26,20.5,0,2364.31,20.4,2,2543.33,20.8,2,2783.48,21.2,8,3095.94,21.1,0
"2026-03-02 02:15:00",12545,802,"Chapada_Low",11.85,2910.58,21.6,11,2718.5,21.3,8,2569.09,21.3,0,3050.49,20.6,0,3580.64,20.5,4,2363.58,20.4,0,2541.22,20.7,0,2778,21.2,0,3095.69,21.1,0
"2026-03-02 02:30:00",12546,802,"Chapada_Low",11.85,2909.9,21.6,0,2717.55,21.3,13,2569.6,21.3,0,3046.91,20.6,0,3579.37,20.5,0,2364.26,20.4,1,2539.65,20.7,0,2771.43,21.2,0,3095.59,21.1,1
"2026-03-02 02:45:00",12547,802,"Chapada_Low",11.85,2909.94,21.5,0,2720.67,21.2,0,2570.68,21.2,5,3041.9,20.6,0,3580.28,20.4,1,2363.81,20.3,5,2536.53,20.7,0,2769.73,21.1,0,3095.44,21,2
"2026-03-02 03:00:00",12548,802,"Chapada_Low",11.85,2909.85,21.5,0,2720.53,21.2,0,2571,21.1,1,3040.86,20.5,0,3579.32,20.4,1,2363.8,20.3,1,2534.23,20.6,0,2763.35,21.1,4,3097.84,21,4
"2026-03-02 03:15:00",12549,802,"Chapada_Low",11.85,2909.83,21.5,6,2721.84,21.2,7,2571.24,21.2,0,3041.2,20.5,0,3578.86,20.4,1,2364.13,20.3,0,2532.2,20.7,0,2760.72,21.1,4,3094.94,21,0
"2026-03-02 03:30:00",12550,802,"Chapada_Low",11.85,2909.53,21.5,0,2720.5,21.2,2,2571.87,21.2,0,3040.36,20.6,0,3578.59,20.5,0,2362.93,20.4,5,2532.51,20.8,0,2756.94,21.1,0,3095.41,21.1,0
"2026-03-02 03:45:00",12551,802,"Chapada_Low",11.85,2909.69,21.5,0,2721.49,21.2,7,2572.72,21.3,1,3039.85,20.7,0,3578.4,20.6,0,2362.35,20.5,0,2529.4,20.8,0,2751.88,21.2,20,3094.79,21.1,0
"2026-03-02 04:00:00",12552,802,"Chapada_Low",11.85,2909.23,21.5,0,2722.32,21.3,0,2572.5,21.3,0,3035.91,20.7,0,3577.46,20.6,0,2362.54,20.5,0,2526.15,20.9,6,2751.09,21.2,2,3095.54,21.1,1
"2026-03-02 04:15:00",12553,802,"Chapada_Low",11.85,2908.87,21.5,0,2721.17,21.3,5,2573.11,21.3,3,3032.3,20.7,1,3577.1,20.6,0,2362.58,20.5,0,2523.71,20.9,0,2748.84,21.2,0,3093.84,21.1,0
"2026-03-02 04:30:00",12554,802,"Chapada_Low",11.85,2908.91,21.5,0,2718.18,21.3,1,2573.66,21.3,7,3029.93,20.7,0,3576.59,20.6,6,2362.17,20.6,2,2523.15,20.9,0,2743.4,21.2,7,3097.08,21.1,0
"2026-03-02 04:45:00",12555,802,"Chapada_Low",11.85,2908.46,21.4,0,2715.84,21.2,0,2574.58,21.2,0,3028.89,20.6,0,3576.8,20.5,0,2361.86,20.5,0,2521.06,20.8,0,2741.87,21.2,0,3092.81,21,4
"2026-03-02 05:00:00",12556,802,"Chapada_Low",11.85,2908.7,21.4,0,2718.11,21.2,0,2575.47,21.2,18,3028.42,20.6,4,3576.5,20.5,1,2362.05,20.5,0,2520.39,20.8,0,2742.83,21.1,0,3093.58,21,1
"2026-03-02 05:15:00",12557,802,"Chapada_Low",11.85,2909.01,21.4,0,2718.4,21.2,0,2575.76,21.2,0,3026.89,20.7,0,3576.06,20.6,1,2361.44,20.5,6,2518.25,20.8,0,2740.84,21.2,0,3093.25,21.1,0
"2026-03-02 05:30:00",12558,802,"Chapada_Low",11.85,2905.38,21.4,0,2717.85,21.3,0,2577.16,21.3,0,3027.15,20.7,0,3576.65,20.6,0,2361,20.6,3,2517.59,20.9,0,2738.29,21.2,7,3092.46,21.1,2
"2026-03-02 05:45:00",12559,802,"Chapada_Low",11.85,2907.89,21.4,0,2716.74,21.3,0,2577.92,21.3,5,3025.2,20.7,0,3576.54,20.7,1,2361.56,20.6,4,2515.42,20.9,0,2736.56,21.2,4,3094.41,21.1,0
"2026-03-02 06:00:00",12560,802,"Chapada_Low",11.85,2907.58,21.4,0,2716.32,21.3,1,2577.91,21.3,5,3025.96,20.8,1,3575.75,20.7,1,2360.86,20.6,1,2515.25,20.9,0,2733.26,21.2,7,3092.13,21.1,0
"2026-03-02 06:15:00",12561,802,"Chapada_Low",11.85,2906.99,21.4,0,2716.97,21.2,0,2578.32,21.3,0,3028.06,20.7,0,3575.65,20.6,0,2360.73,20.6,1,2514.71,20.9,0,2731.36,21.2,0,3092.2,21.1,1
"2026-03-02 06:30:00",12562,802,"Chapada_Low",11.85,2906.68,21.4,0,2719.84,21.2,0,2578.42,21.2,0,3030.72,20.7,1,3574.4,20.6,0,2360.93,20.6,1,2514.22,20.9,0,2729.42,21.2,4,3093.87,21.1,0
"2026-03-02 06:45:00",12563,802,"Chapada_Low",11.85,2907.03,21.3,7,2718.92,21.2,0,2578.82,21.2,2,3027.67,20.7,0,3574.48,20.6,20,2360.72,20.5,2,2515,20.9,0,2730.34,21.2,4,3092.23,21.1,9
"2026-03-02 07:00:00",12564,802,"Chapada_Low",11.85,2906.76,21.3,0,2720.44,21.2,3,2579.14,21.2,2,3025.92,20.7,0,3575.12,20.6,10,2360.63,20.6,0,2512.41,20.9,0,2729.81,21.2,0,3092.16,21.1,0
"2026-03-02 07:15:00",12565,802,"Chapada_Low",11.85,2906.38,21.3,0,2719.59,21.2,0,2580.76,21.3,0,3022.83,20.8,4,3575.19,20.7,0,2360.22,20.6,3,2513.39,20.9,0,2725.5,21.2,3,3091.04,21.1,2
"2026-03-02 07:30:00",12566,802,"Chapada_Low",11.85,2906.98,21.4,0,2719.19,21.3,0,2581.22,21.3,0,3023.21,20.8,1,3574.82,20.7,0,2360.55,20.7,5,2509.76,21,0,2726.44,21.3,6,3090.32,21.2,1
"2026-03-02 07:45:00",12567,802,"Chapada_Low",11.85,2906.69,21.4,0,2718.17,21.3,0,2581.59,21.3,11,3022.93,20.9,0,3574.67,20.8,13,2359.95,20.8,9,2509.16,21.1,0,2723.73,21.4,19,3092.89,21.3,0
"2026-03-02 08:00:00",12568,802,"Chapada_Low",11.85,2906.97,21.5,5,2718.52,21.4,0,2582.29,21.4,1,3019.09,21,0,3573.95,20.9,0,2360.11,20.9,2,2509.11,21.2,0,2719.7,21.5,0,3091.99,21.4,0
"2026-03-02 08:15:00",12569,802,"Chapada_Low",11.85,2899,21.7,0,2716.95,21.5,0,2582.65,21.6,3,3017.58,21.1,1,3573.43,21,0,2359.51,21.1,0,2507.67,21.3,0,2718.37,21.6,2,3091.88,21.6,0
"2026-03-02 08:30:00",12570,802,"Chapada_Low",11.85,2895.2,21.6,2,2719.9,21.5,0,2582.87,21.6,0,3015.63,21.1,12,3572.84,21.1,3,2359.61,21.1,3,2508.11,21.4,0,2719.77,21.6,0,3091.08,21.6,0
"2026-03-02 08:45:00",12571,802,"Chapada_Low",11.85,2893.23,21.6,0,2719.92,21.5,6,2583.85,21.6,3,3013.71,21.2,0,3572.53,21.1,1,2359.33,21.1,4,2507.62,21.4,0,2717.42,21.7,0,3091.35,21.6,0
"2026-03-02 09:00:00",12572,802,"Chapada_Low",11.85,2904.57,21.6,0,2720.4,21.6,6,2582.97,21.6,6,3018.03,21.2,0,3573.27,21.2,0,2359.65,21.1,1,2508.41,21.4,2,2716.1,21.7,0,3092.04,21.6,1
"2026-03-02 09:15:00",12573,802,"Chapada_Low",11.85,2904.96,21.6,0,2719.8,21.5,0,2582.24,21.6,1,3020.79,21.1,0,3574.42,21.1,0,2360.73,21.1,0,2509.95,21.4,1,2716.43,21.6,0,3092.09,21.6,0
"2026-03-02 09:30:00",12574,802,"Chapada_Low",11.85,2905.75,21.8,0,2721.16,21.7,2,2583.03,21.8,0,3015.66,21.3,0,3573.66,21.3,0,2360.02,21.4,6,2508.65,21.7,0,2719.85,21.8,3,3091.64,21.9,0
"2026-03-02 09:45:00",12575,802,"Chapada_Low",11.85,2904.38,21.9,0,2721.38,21.8,2,2582.98,22,8,3013.83,21.5,0,3572.44,21.5,0,2359.88,21.6,2,2508.27,21.9,0,2718,22.2,0,3089.29,22.2,2
"2026-03-02 10:00:00",12576,802,"Chapada_Low",11.85,2896.86,22.3,0,2720.47,22,0,2583.31,22.3,4,3013.53,21.7,0,3571.81,21.8,1,2359.21,21.9,0,2506.81,22.1,0,2716.79,22.4,0,3087.96,22.6,0
"2026-03-02 10:15:00",12577,802,"Chapada_Low",11.85,2893.27,22.8,0,2720.45,22.8,16,2584.17,22.9,0,3008.96,22.4,0,3569.75,22.5,3,2359.72,22.8,0,2504.93,22.9,0,2715.22,23.3,0,3088.36,23.6,0
"2026-03-02 10:30:00",12578,802,"Chapada_Low",11.85,2890.69,23.1,0,2722.82,23,1,2584.51,23.7,9,3003.75,22.8,0,3567.51,22.9,3,2358.79,23.2,0,2503.18,23.4,0,2709.99,23.7,3,3086.66,24,0
"2026-03-02 10:45:00",12579,802,"Chapada_Low",11.85,2889.21,23.1,0,2722.67,23,0,2585.11,23.3,0,3000.35,23.2,0,3565.93,22.9,0,2358.21,23.1,0,2502.66,23.4,0,2709.21,23.8,0,3083.19,23.9,0
"2026-03-02 11:00:00",12580,802,"Chapada_Low",11.85,2887.67,23,0,2722.86,22.9,0,2585.2,23.2,2,3000.8,22.8,0,3566.27,22.9,0,2356.81,23.1,0,2502.41,23.2,0,2709.98,23.5,0,3082.85,23.8,0
"2026-03-02 11:15:00",12581,802,"Chapada_Low",11.85,2887.38,23,0,2722.88,22.8,0,2585.21,23.1,0,2998.87,22.7,0,3565.81,22.7,0,2356.67,23.2,0,2501,23.4,0,2707.92,23.5,0,3080.32,23.7,0
"2026-03-02 11:30:00",12582,802,"Chapada_Low",11.85,2887.04,23.4,0,2721.86,23.3,0,2585.61,23.7,0,2996.5,23.2,0,3563.79,23.3,0,2356.77,23.7,0,2499.75,24,0,2703.54,24.4,0,3077.82,24.6,0
"2026-03-02 11:45:00",12583,802,"Chapada_Low",11.85,2885.42,23.9,0,2722.88,23.6,0,2585.78,24.1,1,2992.73,23.6,5,3561.88,23.7,1,2355.63,24.2,2,2497.01,24.4,0,2703.7,24.9,0,3077.96,25.7,1
"2026-03-02 12:00:00",12584,802,"Chapada_Low",11.85,2883.57,24.7,0,2720.85,24,0,2586.5,24.6,2,2989.92,24,0,3559.17,24.1,3,2352.76,24.7,7,2495.58,24.9,0,2697.74,25.3,0,3075.69,26.1,0
"2026-03-02 12:15:00",12585,802,"Chapada_Low",11.85,2883.33,24.6,0,2718.57,24.4,1,2587.93,25,0,2986.99,24.2,18,3557.59,24.2,17,2351.84,24.8,0,2494.62,25.1,0,2695.74,25.4,0,3074.61,26.1,0
"2026-03-02 12:30:00",12586,802,"Chapada_Low",11.85,2880.51,24.7,0,2720.77,24.4,0,2586.87,25.4,0,2981.81,25,0,3556.71,24.5,6,2349.83,25.1,0,2493.33,25.4,0,2694.06,25.7,0,3073.6,26.5,0
"2026-03-02 12:45:00",12587,802,"Chapada_Low",11.85,2879.57,25.4,0,2720.36,25,5,2587.57,26.6,0,2978.22,25.9,0,3552.02,26.4,5,2347.92,26.7,0,2489.53,26.7,0,2689.31,26.9,3,3070.33,27.8,0
"2026-03-02 13:00:00",12588,802,"Chapada_Low",11.85,2878.16,25.9,0,2719.58,25.7,2,2589.24,27.9,2,2975.09,26.5,2,3550.07,26.3,6,2345.82,28.4,18,2485.26,27.4,0,2681.17,28.1,3,3067.88,28.1,7
"2026-03-02 13:15:00",12589,802,"Chapada_Low",11.85,2877.3,26,0,2717.17,26,0,2589.47,28,3,2969.97,26.4,7,3549.08,26.2,0,2343.86,28,6,2483.08,28.1,0,2675.22,28.5,3,3066.44,28.3,0
"2026-03-02 13:30:00",12590,802,"Chapada_Low",11.85,2877.07,25.8,0,2707.56,25.9,2,2587.39,27.4,0,2964.51,26.1,0,3547.79,25.8,0,2343.99,27.2,2,2482.83,27.4,0,2671.12,28.4,0,3065.95,28.2,0
"2026-03-02 13:45:00",12591,802,"Chapada_Low",11.85,2875.66,25.8,0,2707.87,25.7,0,2586.45,26.9,0,2964.7,25.7,0,3547.83,25.5,1,2344.41,26.6,9,2482.28,26.9,0,2670.77,27.7,0,3061.54,27.8,0
"2026-03-02 14:00:00",12592,802,"Chapada_Low",11.85,2875.57,25.6,0,2707.21,25.7,1,2588.86,26.5,0,2964.62,25.5,8,3548.85,25.1,0,2344.78,26.1,3,2481.64,26.6,0,2663.28,27.2,0,3062.15,27.4,0
"2026-03-02 14:15:00",12593,802,"Chapada_Low",11.85,2875.57,25.2,11,2708.64,25.4,1,2587.13,26.3,0,2964.85,25.1,0,3549.52,24.8,0,2344.87,25.6,8,2482.28,26.2,0,2663.3,26.8,0,3062.57,26.8,0
"2026-03-02 14:30:00",12594,802,"Chapada_Low",11.85,2877.1,24.9,0,2707.57,25.1,3,2586.54,25.8,0,2963.77,25.1,3,3550.91,24.6,0,2344.87,25.2,1,2481.94,25.8,0,2662.47,26.4,0,3062.93,26.3,3
"2026-03-02 14:45:00",12595,802,"Chapada_Low",11.85,2876.6,24.7,5,2707.77,24.9,0,2586.77,25.6,0,2961.73,24.8,0,3548.89,24.7,6,2345.31,25.2,4,2481.98,25.6,0,2659.49,26.2,8,3063.45,26.1,0
"2026-03-02 15:00:00",12596,802,"Chapada_Low",11.85,2876.54,24.7,0,2706.51,24.9,0,2587.68,25.4,0,2961.3,24.6,0,3550.06,24.4,5,2344.98,25.2,4,2481.45,25.7,0,2657.93,26.1,1,3062.59,26.1,0
"2026-03-02 15:15:00",12597,802,"Chapada_Low",11.85,2875.53,24.6,0,2706.2,24.8,2,2587.56,25.4,3,2962.51,24.5,2,3549.64,24.3,2,2345.37,25,0,2481.04,25.7,0,2656.47,26.2,0,3063.61,26,0
"2026-03-02 15:30:00",12598,802,"Chapada_Low",11.85,2875.67,24.7,0,2705.2,24.8,0,2587.97,25.4,0,2961.37,24.5,1,3549.35,24.4,0,2345.2,25,0,2480.88,25.6,0,2653.44,26.2,0,3062.66,26.3,1
"2026-03-02 15:45:00",12599,802,"Chapada_Low",11.86,2872.95,24.9,5,2704.59,24.8,0,2588.47,25.4,3,2961.31,24.5,0,3549.06,24.4,0,2345.44,25,10,2481.22,25.5,0,2647.23,26.1,0,3061.91,26.2,0
"2026-03-02 16:00:00",12600,802,"Chapada_Low",11.85,2874.14,24.8,0,2708.67,25,0,2588.38,25.5,4,2960.64,24.5,0,3549.32,24.3,0,2345.18,24.9,5,2481.02,25.5,0,2648.01,26.1,0,3062.39,26.1,0
"2026-03-02 16:15:00",12601,802,"Chapada_Low",11.85,2873.77,24.8,0,2707.1,24.9,0,2590.28,25.6,20,2956.83,24.7,10,3549.09,24.3,0,2345.19,24.9,4,2480.41,25.4,0,2645.36,26,0,3062.48,26,0
"2026-03-02 16:30:00",12602,802,"Chapada_Low",11.86,2874.78,24.7,0,2708.2,24.8,0,2588.61,25.4,3,2955.89,24.7,0,3548.19,24.8,2,2345.57,24.8,0,2479.67,25.3,6,2644.89,25.9,6,3062.72,25.9,14
"2026-03-02 16:45:00",12603,802,"Chapada_Low",11.85,2874.22,24.6,5,2706.41,24.7,1,2589.12,25.3,3,2953.31,24.5,0,3548.38,24.4,0,2344.71,25.1,0,2479.91,25.2,0,2641.28,25.7,0,3062.76,25.7,0
"2026-03-02 17:00:00",12604,802,"Chapada_Low",11.85,2873.69,24.6,1,2705.38,24.7,0,2590.18,25.3,0,2954.35,24.4,0,3548.68,24.3,0,2344.55,24.8,3,2479.11,25.4,0,2642.16,25.7,0,3062.6,25.6,0
"2026-03-02 17:15:00",12605,802,"Chapada_Low",11.85,2873.49,24.6,0,2707.57,24.7,0,2591.18,25.2,0,2953.73,24.4,0,3548.27,24.3,2,2344.57,24.7,7,2478.48,25.3,0,2633.33,25.8,0,3062.13,25.6,0
"2026-03-02 17:30:00",12606,802,"Chapada_Low",11.85,2873.89,24.6,0,2706.87,24.6,6,2588.71,25,0,2951.23,24.2,0,3548.01,24.2,0,2344.81,24.5,7,2478.94,25.1,0,2634.92,25.6,0,3060.32,25.5,3
"2026-03-02 17:45:00",12607,802,"Chapada_Low",11.85,2873.48,24.4,0,2704.42,24.5,1,2590.01,24.8,0,2950.6,24,0,3549.06,23.9,3,2346.64,24.2,0,2478.97,24.7,0,2632.27,25.3,0,3060.89,25.1,0
"2026-03-02 18:00:00",12608,802,"Chapada_Low",11.85,2873.41,24.1,0,2705.4,24.4,4,2591.42,24.7,3,2950.66,23.8,3,3549.11,23.7,4,2346.95,24,8,2479.27,24.4,0,2633.65,25,0,3062.99,24.7,0
"2026-03-02 18:15:00",12609,802,"Chapada_Low",11.85,2872.9,23.9,0,2704.82,24.2,1,2589.56,24.4,0,2950.94,23.7,8,3549.68,23.5,2,2347.19,23.7,4,2480.05,24.2,0,2630.37,24.8,0,3061.63,24.5,0
"2026-03-02 18:30:00",12610,802,"Chapada_Low",11.85,2871.73,23.7,0,2704.15,24,1,2587.2,24.2,20,2952.17,23.5,2,3550.51,23.4,0,2347.26,23.4,0,2480.18,23.9,0,2633.03,24.5,0,3061.7,24.2,0
"2026-03-02 18:45:00",12611,802,"Chapada_Low",11.85,2872.39,23.5,0,2700.18,23.8,3,2587.5,23.9,0,2951.07,23.2,0,3551.06,23.1,1,2348.01,23.2,0,2479.93,23.7,0,2626.69,24.3,3,3062.61,23.9,10
"2026-03-02 19:00:00",12612,802,"Chapada_Low",11.85,2872.01,23.3,0,2700.46,23.6,0,2588.16,23.7,0,2953.68,23,0,3551.01,22.8,0,2347.49,22.9,9,2480.56,23.4,0,2628.76,24,0,3063.03,23.6,0
"2026-03-02 19:15:00",12613,802,"Chapada_Low",11.85,2871.66,23,2,2700.04,23.4,0,2587.67,23.5,0,2953.97,22.7,0,3551.26,22.6,0,2348.35,22.5,0,2480.9,23,0,2627.71,23.7,0,3063.33,23.3,0
"2026-03-02 19:30:00",12614,802,"Chapada_Low",11.85,2871.14,22.8,0,2700.33,23.2,0,2587.87,23.3,0,2955.13,22.4,0,3552.86,22.3,0,2348.77,22.4,3,2480.82,22.7,0,2628.21,23.4,0,3065.95,23,0
"2026-03-02 19:45:00",12615,802,"Chapada_Low",11.85,2871.36,22.6,5,2696.89,23,0,2588.06,23.1,2,2953.86,22.3,0,3553.43,22.1,0,2348.06,22.2,0,2481.7,22.4,0,2627.61,23.2,0,3066.8,22.8,0
"2026-03-02 20:00:00",12616,802,"Chapada_Low",11.85,2871.32,22.6,0,2696.06,22.9,0,2587.77,23,5,2953.9,22.2,0,3553.92,22.1,0,2349.15,22.1,6,2481.96,22.3,0,2627.52,23,0,3064.79,22.7,1
"2026-03-02 20:15:00",12617,802,"Chapada_Low",11.85,2870.21,22.5,0,2697.57,22.9,0,2588.39,22.9,6,2951.16,22.1,0,3554.05,22,2,2348.99,22,0,2481.25,22.2,0,2627.19,22.9,0,3067.32,22.5,0
"2026-03-02 20:30:00",12618,802,"Chapada_Low",11.85,2869.47,22.4,0,2695.74,22.8,0,2588.09,22.8,0,2952.92,22,0,3554.81,21.9,0,2349.42,21.7,2,2481.54,22.1,0,2625.89,22.8,0,3067.28,22.4,0
"2026-03-02 20:45:00",12619,802,"Chapada_Low",11.85,2868.94,22.3,0,2697.41,22.7,0,2588.42,22.6,0,2953.36,21.9,0,3554.81,21.8,0,2348.95,21.7,0,2480.28,22,0,2625.89,22.6,0,3065.7,22.3,0
"2026-03-02 21:00:00",12620,802,"Chapada_Low",11.85,2868.98,22.2,12,2696.35,22.6,0,2588.64,22.5,0,2954.3,21.7,8,3554.8,21.7,7,2349.66,21.5,1,2480.76,21.8,0,2625.52,22.5,13,3067.89,22.1,4
"2026-03-02 21:15:00",12621,802,"Chapada_Low",11.85,2868.18,22.1,0,2697.21,22.4,13,2589.51,22.4,0,2955.27,21.6,0,3554.84,21.6,0,2349.81,21.4,4,2481.54,21.7,0,2624.65,22.4,4,3066.32,22,0
"2026-03-02 21:30:00",12622,802,"Chapada_Low",11.86,2867.19,22,0,2698.24,22.3,0,2589.04,22.4,1,2954.88,21.5,6,3554.41,21.5,2,2349.76,21.3,11,2482.1,21.7,0,2624.21,22.3,10,3068.33,21.9,0
"2026-03-02 21:45:00",12623,802,"Chapada_Low",11.85,2866.92,21.9,0,2697.71,22.3,0,2589.3,22.2,0,2954.14,21.5,0,3555.44,21.4,0,2349.54,21.3,0,2481.97,21.6,0,2624.32,22.2,0,3068.95,21.9,0
"2026-03-02 22:00:00",12624,802,"Chapada_Low",11.86,2866.05,21.9,0,2696.29,22.3,0,2589.45,22.2,0,2965.35,21.4,0,3555.75,21.4,2,2350.3,21.2,6,2481.33,21.5,0,2623.38,22.2,0,3066.61,21.8,0
"2026-03-02 22:15:00",12625,802,"Chapada_Low",11.85,2866.53,21.9,0,2695.51,22.2,0,2589.72,22.2,0,2969,21.4,4,3555.53,21.3,3,2350.27,21.2,3,2481.9,21.5,0,2623.49,22.1,0,3068.64,21.8,0
"2026-03-02 22:30:00",12626,802,"Chapada_Low",11.85,2865.94,21.9,0,2696.49,22.2,4,2589.82,22.2,0,2960.97,21.4,0,3555.82,21.4,4,2350.7,21.2,0,2480.29,21.6,0,2621.13,22.1,0,3068.56,21.8,0
"2026-03-02 22:45:00",12627,802,"Chapada_Low",11.86,2865.43,21.8,0,2695.41,22.1,0,2589.6,22.1,0,2960.11,21.4,0,3556.02,21.3,2,2350.71,21.2,5,2481.43,21.5,0,2622.47,22,0,3066.85,21.7,0
"2026-03-02 23:00:00",12628,802,"Chapada_Low",11.85,2864.53,21.8,12,2693.96,22.1,0,2589.92,22.1,0,2956.21,21.3,1,3556.86,21.3,6,2350.78,21.2,4,2481.51,21.4,0,2620,22,0,3067.01,21.7,0
"2026-03-02 23:15:00",12629,802,"Chapada_Low",11.86,2864.86,21.8,0,2693.52,22.1,0,2589.93,22.1,4,2955.09,21.4,0,3556.78,21.3,0,2350.72,21.2,17,2481.46,21.5,0,2621.9,22,0,3069.55,21.7,0
"2026-03-02 23:30:00",12630,802,"Chapada_Low",11.85,2863.8,21.8,0,2694.24,22,2,2590.39,22.1,0,2955.61,21.3,0,3556.99,21.3,3,2350.84,21.2,8,2481.24,21.4,0,2622.51,22,0,3067.12,21.6,0
"2026-03-02 23:45:00",12631,802,"Chapada_Low",11.85,2863.81,21.8,0,2692.05,22,0,2590.39,22,0,2956.17,21.3,0,3557.22,21.3,0,2351.33,21.2,0,2481.27,21.4,0,2619.27,21.9,0,3069.59,21.6,0
"2026-03-03 00:00:00",12632,802,"Chapada_Low",11.86,2864.26,21.8,0,2687.01,22,0,2590.34,22.1,1,2955.86,21.4,0,3556.69,21.3,4,2350.92,21.2,5,2481.46,21.5,0,2619.58,22,1,3069.16,21.6,0
"2026-03-03 00:15:00",12633,802,"Chapada_Low",11.86,2863.54,21.8,0,2685.53,22,0,2590.22,22.1,5,2955.55,21.4,0,3556.11,21.3,4,2350.62,21.2,4,2479.75,21.5,0,2621.42,22,0,3067.43,21.6,2
"2026-03-03 00:30:00",12634,802,"Chapada_Low",11.86,2863.03,21.8,0,2682.2,22,0,2589.49,22.1,0,2956.11,21.4,3,3557.01,21.3,5,2351.35,21.2,4,2481.43,21.5,0,2621.27,21.9,0,3067.06,21.6,0
"2026-03-03 00:45:00",12635,802,"Chapada_Low",11.86,2862.18,21.8,0,2680.92,22,0,2589.53,22,0,2956.92,21.4,0,3557.23,21.3,1,2350.37,21.2,9,2480.9,21.5,0,2618.5,21.9,0,3066.79,21.6,0
"2026-03-03 01:00:00",12636,802,"Chapada_Low",11.86,2862.52,21.8,5,2679.05,21.9,7,2589.45,22,0,2956.61,21.4,0,3557.54,21.3,0,2350.92,21.2,0,2480.85,21.5,0,2621.28,21.9,0,3067.43,21.6,0
"2026-03-03 01:15:00",12637,802,"Chapada_Low",11.85,2862.28,21.7,0,2675.63,21.9,0,2589.44,22,1,2956.24,21.3,17,3556.48,21.3,0,2350.7,21.2,0,2481,21.5,0,2620.32,21.9,0,3069.36,21.6,0
"2026-03-03 01:30:00",12638,802,"Chapada_Low",11.86,2861.9,21.6,0,2676.02,21.8,1,2589.33,21.9,0,2956.23,21.3,0,3557.44,21.3,19,2351.58,21.1,0,2480.81,21.4,0,2620,21.8,0,3067.34,21.5,0
"2026-03-03 01:45:00",12639,802,"Chapada_Low",11.85,2861.6,21.5,2,2676.03,21.7,0,2589.57,21.7,0,2956.73,21.1,0,3557.14,21.1,0,2351.12,20.9,0,2481.08,21.3,0,2618.62,21.7,5,3067.98,21.3,0
"2026-03-03 02:00:00",12640,802,"Chapada_Low",11.85,2861.79,21.3,0,2676.69,21.5,0,2589.42,21.5,11,2964.74,21,0,3557.09,20.9,0,2350.81,20.6,2,2481.53,21.1,0,2618.77,21.5,12,3069.76,21.1,0
"2026-03-03 02:15:00",12641,802,"Chapada_Low",11.86,2861.03,21.2,0,2681.98,21.4,0,2589.6,21.4,4,2966.98,20.8,0,3556.3,20.9,0,2352.29,20.5,8,2479.67,21,0,2623.15,21.4,0,3072.36,21,0
"2026-03-03 02:30:00",12642,802,"Chapada_Low",11.85,2898.19,21,0,2700.59,21.2,0,2586.5,21.2,0,3026.37,20.6,0,3567.27,20.6,2,2371.08,20.2,3,2497.75,20.8,0,2667.68,21.2,0,3083.86,20.7,0
"2026-03-03 02:45:00",12643,802,"Chapada_Low",11.86,2904.33,20.9,0,2700.96,21,2,2582.66,21.1,0,3047.57,20.5,7,3574.63,20.4,0,2369.93,20,3,2508.28,20.6,0,2686.87,21.1,1,3087.5,20.6,0
"2026-03-03 03:00:00",12644,802,"Chapada_Low",11.85,2904.47,20.9,3,2688.08,21,0,2577.86,21.1,0,3043.37,20.4,0,3577.31,20.3,0,2369.43,19.9,9,2502.41,20.5,0,2667.19,21,0,3086.12,20.5,0
"2026-03-03 03:15:00",12645,802,"Chapada_Low",11.85,2907.07,20.9,3,2701.42,21,11,2573.64,21.1,0,3049.62,20.4,0,3578.79,20.3,6,2372.86,20,0,2507.18,20.5,0,2680.57,21,1,3088.91,20.5,0
"2026-03-03 03:30:00",12646,802,"Chapada_Low",11.85,2907.95,21,0,2695.93,20.9,2,2572.31,21.1,3,3043.4,20.4,0,3578.95,20.3,6,2370.55,19.9,0,2501.87,20.4,0,2683.17,21,0,3087.29,20.5,0
"2026-03-03 03:45:00",12647,802,"Chapada_Low",11.86,2908.52,21,0,2696.31,21,6,2572.33,21,17,3040.93,20.4,0,3578.36,20.2,3,2369.36,20,3,2501.11,20.4,0,2685.07,20.9,0,3088.16,20.6,0
"2026-03-03 04:00:00",12648,802,"Chapada_Low",11.86,2908.32,21.1,0,2696.97,21.1,0,2572.11,21,0,3043.41,20.4,0,3580.58,20.2,0,2368.07,20,5,2502.38,20.5,0,2687.43,20.9,0,3087.69,20.6,0
"2026-03-03 04:15:00",12649,802,"Chapada_Low",11.86,2908.38,21.1,20,2699.3,21.1,0,2570.79,21,10,3044.69,20.4,0,3581.63,20.2,3,2367.62,20,9,2502.24,20.5,0,2692.83,21,0,3088.91,20.7,0
"2026-03-03 04:30:00",12650,802,"Chapada_Low",11.85,2908.34,21.1,0,2699.82,21.1,0,2570.97,21,0,3043.59,20.4,0,3581.26,20.2,0,2366.81,20,0,2502.27,20.4,0,2695.02,20.9,2,3089.06,20.7,1
"2026-03-03 04:45:00",12651,802,"Chapada_Low",11.85,2908.46,21.1,0,2700.44,21.1,0,2571.16,21,0,3039.62,20.3,0,3580.26,20.2,2,2365.63,20,0,2501.8,20.3,0,2696.63,20.9,1,3089.98,20.7,3
"2026-03-03 05:00:00",12652,802,"Chapada_Low",11.86,2908.37,21.1,5,2707.92,21,0,2571.33,20.9,0,3040.56,20.3,0,3579.96,20.2,2,2366.33,20,6,2502.41,20.4,0,2701.91,20.8,0,3090.23,20.7,0
"2026-03-03 05:15:00",12653,802,"Chapada_Low",11.86,2908.41,21.1,0,2708.79,21.1,0,2570.49,20.9,2,3048.3,20.3,23,3581.43,20.2,0,2366.4,20,0,2505.12,20.4,0,2709.55,20.9,0,3091.03,20.8,0
"2026-03-03 05:30:00",12654,802,"Chapada_Low",11.86,2908.4,21.2,0,2710.56,21,5,2567.34,20.9,0,3053.9,20.4,5,3582.84,20.3,0,2367.72,20.1,0,2510.32,20.4,0,2720.29,20.9,3,3090.92,20.8,0
"2026-03-03 05:45:00",12655,802,"Chapada_Low",11.85,2907.38,21.2,0,2711.31,21,0,2564.49,20.9,1,3064.12,20.3,5,3583.87,20.2,0,2367.96,20,10,2517.55,20.4,0,2732.45,20.8,5,3092.01,20.8,0
"2026-03-03 06:00:00",12656,802,"Chapada_Low",11.85,2906.56,21.1,4,2711.76,21,0,2558.89,20.8,4,3067.17,20.3,24,3585.36,20.1,0,2368.52,20,0,2529.3,20.4,20,2759.84,20.8,0,3092.51,20.8,0
"2026-03-03 06:15:00",12657,802,"Chapada_Low",11.86,2904.34,21.1,1,2712.41,20.9,5,2549.95,20.8,0,3065.88,20.2,0,3585.68,20,6,2369.65,19.9,1,2544.86,20.2,0,2857.6,20.8,0,3095.77,20.7,0
"2026-03-03 06:30:00",12658,802,"Chapada_Low",11.85,2902.82,21.1,4,2712.37,20.8,3,2539.12,20.7,4,3069.67,20.1,0,3587.75,20,0,2369.11,19.9,3,2566.49,20.1,0,2872.5,20.8,0,3096.17,20.7,4
"2026-03-03 06:45:00",12659,802,"Chapada_Low",11.85,2902.04,21.1,0,2727.14,20.8,2,2533.52,20.7,0,3077.74,20.1,0,3589.02,20,0,2373.51,19.9,13,2606.55,20.2,0,2864.12,21,9,3094.63,20.7,0
"2026-03-03 07:00:00",12660,802,"Chapada_Low",11.85,2902.99,21.1,0,2715.94,20.8,0,2532.27,20.7,0,3084.26,20.1,1,3591.19,20,2,2373.34,19.9,0,2713.63,20.2,0,2856.21,21.1,3,3096.81,20.7,0
"2026-03-03 07:15:00",12661,802,"Chapada_Low",11.85,2902.31,21.2,5,2715.88,20.9,1,2530.95,20.8,0,3094.06,20.3,0,3592.17,20.2,4,2373.47,20,0,2853.39,20.6,6,2852.34,21.2,16,3095.82,20.9,0
"2026-03-03 07:30:00",12662,802,"Chapada_Low",11.85,2902.78,21.2,0,2718.25,21,0,2530.37,20.8,0,3106.95,20.4,0,3592.72,20.3,4,2374.42,20.1,0,2850.66,21.1,0,2854.13,21.3,0,3095.25,21,0
"2026-03-03 07:45:00",12663,802,"Chapada_Low",11.86,2902.28,21.3,0,2717.5,20.9,0,2530.44,20.8,0,3120.14,20.4,2,3594.89,20.3,0,2376.45,20.2,4,2852.09,21.2,0,2852.11,21.3,7,3095.03,21,0
"2026-03-03 08:00:00",12664,802,"Chapada_Low",11.85,2903.35,21.3,0,2718.51,21,0,2531.05,20.9,0,3135.36,20.5,2,3597.25,20.4,0,2377.72,20.3,0,2857.23,21.3,0,2856.19,21.4,6,3094.47,21.1,0
"2026-03-03 08:15:00",12665,802,"Chapada_Low",11.86,2903.32,21.4,0,2717.6,21.1,11,2531.78,21,0,3144.38,20.5,3,3599.29,20.5,0,2377.91,20.4,5,2858.03,21.3,0,2856.08,21.4,8,3094.59,21.3,0
"2026-03-03 08:30:00",12666,802,"Chapada_Low",11.85,2903.41,21.5,0,2716.91,21.2,1,2532.31,21,0,3148.66,20.7,0,3599.25,20.6,0,2377.62,20.5,3,2858.84,21.4,0,2861.75,21.5,2,3095.89,21.4,0
"2026-03-03 08:45:00",12667,802,"Chapada_Low",11.85,2903.94,21.5,3,2716.12,21.3,0,2534,21.1,5,3148.72,20.8,0,3599.71,20.7,1,2377.49,20.6,4,2858.98,21.5,10,2863.32,21.6,4,3093.94,21.5,0
"2026-03-03 09:00:00",12668,802,"Chapada_Low",11.85,2904.33,21.6,0,2718.47,21.4,1,2535.18,21.3,3,3149.59,20.9,0,3599.23,20.8,2,2377.85,20.8,3,2862.26,21.5,0,2867.43,21.6,9,3093.8,21.7,0
"2026-03-03 09:15:00",12669,802,"Chapada_Low",11.85,2904.81,21.7,0,2719.27,21.5,0,2535.61,21.4,2,3146.24,21.2,10,3598.55,21,1,2377.17,21,11,2870.75,21.6,0,2868.52,21.8,0,3095.04,21.9,0
"2026-03-03 09:30:00",12670,802,"Chapada_Low",11.85,2905.18,21.8,0,2719.07,21.6,0,2538.16,21.6,0,3141.62,21.3,0,3595.72,21.4,0,2376.38,21.4,4,2881.24,21.7,0,2871.41,22,0,3092.44,22.2,0
"2026-03-03 09:45:00",12671,802,"Chapada_Low",11.85,2905.8,22,0,2718.31,21.8,0,2539.98,21.9,4,3137.42,21.6,0,3594.85,21.5,0,2375,21.8,5,2883.18,22.1,2,2876.36,22.2,0,3091.7,22.5,5
"2026-03-03 10:00:00",12672,802,"Chapada_Low",11.85,2907.52,22.2,11,2718.43,22.1,0,2541.23,22.1,0,3132.23,21.9,0,3594.18,21.7,0,2373.91,22.1,6,2885.06,22.4,8,2878.86,22.7,0,3090.77,22.9,0
"2026-03-03 10:15:00",12673,802,"Chapada_Low",11.85,2908.21,22.5,0,2718.61,22.5,24,2547.88,22.6,0,3125.8,22.3,12,3592.3,22.2,0,2372.55,22.6,3,2876.7,22.8,3,2884.22,23.1,2,3092.23,23.9,0
"2026-03-03 10:30:00",12674,802,"Chapada_Low",11.85,2909.6,23.3,0,2716.05,23,0,2551.61,23.1,0,3120.05,22.8,0,3589.65,22.7,1,2371.26,23.2,3,2841.93,23.4,0,2884.68,23.6,16,3090.15,24.4,0
"2026-03-03 10:45:00",12675,802,"Chapada_Low",11.85,2910.49,23.3,4,2715.42,23.6,0,2555.76,23.9,0,3113.52,23.2,4,3586.34,23,13,2369.11,23.6,0,2826.15,23.8,0,2884.29,24.1,0,3086.85,24.8,0
"2026-03-03 11:00:00",12676,802,"Chapada_Low",11.86,2909.84,23.5,8,2714.72,23.9,0,2559.75,24.2,0,3106.4,24.2,0,3583.73,23.6,0,2367.36,24.1,3,2805.1,24.3,0,2873.05,24.7,0,3087.58,25.4,0
"2026-03-03 11:15:00",12677,802,"Chapada_Low",11.85,2910.66,24,0,2715.92,24.4,0,2561.23,24.7,2,3100.5,24.7,0,3578.3,25.3,0,2363.63,24.9,1,2781.29,25,0,2869.83,25.6,1,3085.71,26.3,2
"2026-03-03 11:30:00",12678,802,"Chapada_Low",11.86,2910.9,24.1,0,2714.52,24.5,0,2562.08,24.9,7,3094.41,24.5,0,3577.88,24.7,1,2362.56,26,1,2730.23,25.1,0,2863.24,25.8,0,3084.15,26.4,6
"2026-03-03 12:15:00",12679,802,"Chapada_Low",11.86,2912.01,24.5,6,2713.31,24.5,5,2566.33,24.9,0,3075.34,24.3,0,3572.67,24.1,2,2358.85,24.9,2,2640.88,25.2,0,2840.31,25.8,0,3083.87,26.3,0
"2026-03-04 15:15:00",12680,802,"Chapada_Low",11.85,2840.8,26.8,0,2677.85,27,0,2589.16,28.2,0,2910.6,26.9,0,3524.48,26.3,2,2332.23,26.8,0,2446.96,28.2,0,2531.32,28.1,0,3046.96,28.9,2
"2026-03-04 15:30:00",12681,802,"Chapada_Low",11.85,2836.2,27.2,0,2675.41,27.4,3,2589.45,28.6,2,2905.44,28.1,0,3521.78,27,0,2331.2,27.3,7,2444.78,29,0,2532.2,28.6,0,3043.95,29.5,0
"2026-03-04 15:45:00",12682,802,"Chapada_Low",11.85,2833.96,27.3,0,2674.52,27.5,0,2583.72,28.7,0,2904.75,28.1,0,3519.89,27.9,4,2329.87,27.5,6,2443.93,29.2,0,2531,28.7,0,3042.73,29.8,3
"2026-03-04 16:00:00",12683,802,"Chapada_Low",11.85,2833.41,27.3,0,2671.28,27.7,0,2583.32,28.7,6,2903.81,28.1,4,3517.89,27.6,3,2329.56,27.7,5,2442.94,29.4,0,2530.4,28.8,0,3042.84,29.8,0
"2026-03-04 16:15:00",12684,802,"Chapada_Low",11.84,2831.27,27.4,1,2667.23,27.8,1,2583.21,28.8,0,2901.19,28.1,0,3518.05,27.6,5,2328.24,27.8,0,2442.46,29.9,0,2529.68,29.3,0,3041.83,30,0
"2026-03-04 16:30:00",12685,802,"Chapada_Low",11.85,2830.08,27.3,0,2664.43,27.8,1,2583.14,28.7,0,2897.98,27.9,0,3517.41,27.6,4,2328.26,27.7,0,2440.81,29.5,0,2528.01,29.4,0,3040.7,30.3,0
"2026-03-04 16:45:00",12686,802,"Chapada_Low",11.85,2828.5,27.5,0,2669.75,27.5,0,2579.47,28.2,0,2898.48,27.5,0,3517.84,27.2,0,2328.3,27.3,0,2440.61,28.9,0,2527.94,29,0,3041.04,29.4,0
"2026-03-04 17:00:00",12687,802,"Chapada_Low",11.85,2827.31,26.9,0,2681.57,27.4,0,2580.93,27.7,0,2899.46,26.9,0,3518.59,26.7,0,2327.73,26.7,1,2441.36,28.1,2,2527.82,28.5,0,3042.19,28.4,0
"2026-03-04 17:15:00",12688,802,"Chapada_Low",11.85,2826.53,26.3,0,2682.26,26.8,0,2579.05,27.4,0,2897.37,26.4,0,3520.29,26,18,2328.58,26.1,0,2442.83,27.3,0,2528.02,27.9,0,3043.27,27.5,0
"2026-03-04 17:30:00",12689,802,"Chapada_Low",11.85,2825.7,25.9,0,2680.19,26.4,0,2578.55,26.8,0,2898.88,26.2,0,3520.48,26.1,3,2328.67,25.7,2,2444.2,26.8,0,2529.6,27.4,0,3044.52,27,0
"2026-03-04 17:45:00",12690,802,"Chapada_Low",11.85,2825.49,25.9,0,2678.78,26.3,0,2578.71,26.7,3,2899.9,26,0,3520.04,26,2,2329.18,26.3,0,2445.21,26.5,0,2528.15,27.3,0,3043.63,26.9,1
"2026-03-04 18:00:00",12691,802,"Chapada_Low",11.85,2824.54,25.8,0,2679.04,26.2,0,2578.95,26.6,0,2900.06,25.8,0,3520.1,25.7,1,2328.98,26.1,5,2444.95,26.8,0,2528.57,27.2,0,3043.94,26.9,0
"2026-03-04 18:15:00",12692,802,"Chapada_Low",11.87,2824.17,25.5,0,2677.88,25.9,0,2578.34,26.2,13,2901.19,25.5,0,3522.47,25.2,0,2329.2,25.6,0,2444.88,26.3,0,2527.22,27.2,0,3043.55,26.5,0
"2026-03-04 18:30:00",12693,802,"Chapada_Low",11.87,2824.17,25.5,0,2677.88,25.9,0,2578.34,26.2,13,2901.19,25.5,0,3522.47,25.2,0,2329.2,25.6,0,2444.88,26.3,0,2527.22,27.2,0,3043.55,26.5,0
"2026-03-04 19:00:00",12694,802,"Chapada_Low",11.87,2823.06,24.6,0,2651.95,25,12,2580.48,25.2,0,2903.18,24.4,0,3525.69,24.1,5,2330.5,24.3,2,2447.01,24.8,0,2527.64,25.8,0,3043.25,25.3,0
"2026-03-04 19:15:00",12695,802,"Chapada_Low",11.87,2824.41,23.9,0,2656.79,24.4,0,2579.69,24.4,0,2906.58,23.6,0,3528.44,23.4,14,2331.92,23.4,1,2448.92,24,0,2529.96,24.8,0,3045.65,24.3,0
"2026-03-04 19:30:00",12696,802,"Chapada_Low",11.87,2824.28,23.7,1,2655.17,24.2,0,2578.81,24.2,0,2908.93,23.3,0,3529.48,23.2,0,2332.5,23.2,0,2448.61,23.8,0,2529.32,24.5,1,3047.41,24.1,0
"2026-03-04 19:45:00",12697,802,"Chapada_Low",11.87,2824.45,23.6,0,2656.59,24,0,2578.3,24,0,2908.61,23.1,0,3530.65,23,0,2332.79,22.9,0,2449.67,23.5,0,2530.1,24.2,0,3048.85,23.9,0
"2026-03-04 20:00:00",12698,802,"Chapada_Low",11.87,2824.41,23.4,0,2656.16,23.8,0,2578.15,23.9,0,2909.83,22.9,2,3531.16,22.8,2,2333.65,22.7,18,2449.61,23.3,0,2530.78,24,2,3047.61,23.6,0
"2026-03-04 20:15:00",12699,802,"Chapada_Low",11.87,2823.84,23.3,10,2655.05,23.7,6,2577.65,23.7,3,2909.99,22.7,0,3531.54,22.7,5,2333.41,22.5,8,2450.34,23,0,2530.04,23.8,0,3047.99,23.5,0
"2026-03-04 20:30:00",12700,802,"Chapada_Low",11.87,2823.75,23.2,0,2655.46,23.5,0,2578.22,23.6,0,2913.97,22.5,0,3531.38,22.6,0,2334.98,22.4,0,2450.84,22.8,0,2530.8,23.6,0,3048.39,23.2,1
"2026-03-04 20:45:00",12701,802,"Chapada_Low",11.87,2823.62,23,3,2646.05,23.4,0,2578.33,23.4,2,2915.22,22.3,0,3532.97,22.4,0,2334.42,22.3,0,2451.9,22.6,0,2531.09,23.4,0,3050.31,23.1,0
"2026-03-04 21:00:00",12702,802,"Chapada_Low",11.87,2823.68,22.9,0,2651.77,23.2,2,2578.4,23.3,0,2907.59,22.2,0,3533.36,22.3,1,2335.3,22.2,3,2450.81,22.5,0,2530.38,23.3,0,3049.01,23,0
"2026-03-04 21:15:00",12703,802,"Chapada_Low",11.87,2823.67,22.8,0,2650.3,23.1,0,2578.95,23.1,0,2907.49,22.1,0,3534.27,22.2,3,2334.48,22,17,2450.87,22.3,0,2529.98,23.1,0,3049.37,22.8,3
"2026-03-04 21:30:00",12704,802,"Chapada_Low",11.87,2823.39,22.7,0,2650.85,23,0,2578.26,23,0,2908.83,22,0,3534.6,22,0,2335.97,21.9,2,2453.07,22.2,0,2530.55,23,0,3049.63,22.7,0
"2026-03-04 21:45:00",12705,802,"Chapada_Low",11.87,2822.68,22.6,0,2651.07,22.9,7,2578.14,22.9,0,2910.48,21.9,0,3535,21.9,0,2335.7,21.6,0,2452.12,22.1,0,2531.94,22.8,0,3052.34,22.5,0
"2026-03-04 22:00:00",12706,802,"Chapada_Low",11.87,2823.34,22.5,6,2650.28,22.7,5,2578.79,22.7,0,2911.03,21.9,0,3535.36,21.8,1,2336.25,21.6,4,2452.08,21.9,1,2532.34,22.7,0,3052.75,22.4,0
"2026-03-04 22:15:00",12707,802,"Chapada_Low",11.87,2823.77,22.3,0,2649.35,22.7,0,2578.76,22.7,0,2910.96,21.7,0,3536.55,21.7,0,2336.12,21.4,0,2453.73,21.8,0,2530.9,22.5,5,3050.36,22.2,3
"2026-03-04 22:30:00",12708,802,"Chapada_Low",11.87,2822.71,22.2,0,2650.12,22.5,0,2578.22,22.5,0,2914.12,21.6,0,3537.08,21.5,0,2336.34,21.3,5,2453.94,21.6,0,2532.91,22.4,0,3052.75,22.1,1
"2026-03-04 22:45:00",12709,802,"Chapada_Low",11.87,2822.98,22,0,2647.54,22.4,0,2578.47,22.4,11,2915.56,21.5,0,3538.01,21.3,4,2336.44,21.2,0,2454.56,21.4,0,2532.85,22.2,0,3050.98,21.9,0
"2026-03-04 23:00:00",12710,802,"Chapada_Low",11.87,2822.14,22,0,2646.55,22.3,0,2578.21,22.2,0,2914.38,21.4,0,3537.92,21.3,1,2336.5,21.1,0,2454.31,21.3,0,2533.52,22.1,1,3051.8,21.9,0
"2026-03-04 23:15:00",12711,802,"Chapada_Low",11.87,2821.67,21.9,1,2647.01,22.2,0,2578.46,22.1,0,2915.05,21.3,0,3538.26,21.1,0,2336.35,21,5,2454.92,21.2,0,2533.54,22,0,3053.79,21.7,0
"2026-03-04 23:30:00",12712,802,"Chapada_Low",11.87,2821.19,21.7,0,2647.18,22.1,0,2578.83,22,0,2916.76,21.2,0,3538.87,21,5,2337.09,20.8,4,2453.7,21.1,3,2534.22,21.9,0,3054.01,21.6,0
"2026-03-04 23:45:00",12713,802,"Chapada_Low",11.87,2821.56,21.7,0,2647.63,22,19,2578.67,22,17,2917.48,21.1,3,3538.93,21,4,2337.32,20.7,8,2453.9,21,0,2533.14,21.8,0,3052.78,21.6,0
"2026-03-05 00:00:00",12714,802,"Chapada_Low",11.87,2821,21.7,0,2647.51,22,7,2578.56,22,0,2918.52,21,0,3540.16,20.9,0,2337.6,20.7,0,2454.49,21,0,2534.55,21.7,0,3052.7,21.5,0
"2026-03-05 00:15:00",12715,802,"Chapada_Low",11.87,2820.89,21.7,3,2647.38,22,0,2579,22,0,2917.83,21.1,0,3540.01,21,2,2337.36,20.8,9,2454.09,21,0,2534.05,21.7,1,3054.67,21.5,0
"2026-03-05 00:30:00",12716,802,"Chapada_Low",11.87,2820.95,21.7,0,2652.48,21.9,10,2578.85,22,0,2917.63,21.1,0,3540.25,21,5,2337.76,20.8,3,2453.8,21.1,0,2534.76,21.7,0,3054.64,21.5,0
"2026-03-05 00:45:00",12717,802,"Chapada_Low",11.87,2820.53,21.7,0,2646.4,21.9,0,2578.54,21.9,0,2918.36,21.1,0,3539.92,21,4,2337.33,20.9,1,2454.32,21.1,0,2534.3,21.7,0,3053.18,21.5,0
"2026-03-05 01:00:00",12718,802,"Chapada_Low",11.87,2820.84,21.7,0,2645.64,22,0,2579.28,22,0,2917.99,21.2,0,3540.38,21.2,9,2337.94,21,3,2455.65,21.2,0,2533.85,21.8,0,3052.77,21.6,0
"2026-03-05 01:15:00",12719,802,"Chapada_Low",11.87,2821.26,21.8,0,2645.04,22,0,2578.7,22,0,2917.12,21.3,1,3540.75,21.2,4,2337.45,21.1,1,2454.45,21.3,0,2535.46,21.8,0,3055.44,21.7,0
"2026-03-05 01:30:00",12720,802,"Chapada_Low",11.87,2820.75,21.8,6,2646.92,22,4,2579.02,22,2,2917.73,21.3,0,3540.59,21.2,4,2337.45,21,0,2454.34,21.3,0,2534.27,21.8,0,3055.44,21.6,0
"2026-03-05 01:45:00",12721,802,"Chapada_Low",11.87,2820.03,21.7,0,2645.99,21.9,0,2578.6,21.9,0,2915.26,21.2,0,3540.76,21.1,6,2336.82,20.9,0,2454.52,21.1,0,2534,21.7,0,3055.88,21.5,2
"2026-03-05 02:00:00",12722,802,"Chapada_Low",11.87,2820.7,21.6,0,2645.78,21.8,0,2578.8,21.8,0,2917.61,21.1,0,3540.74,21,2,2337.43,20.8,0,2455.75,21.1,0,2534.34,21.6,0,3055.79,21.4,0
"2026-03-05 02:15:00",12723,802,"Chapada_Low",11.87,2820.32,21.5,0,2644.47,21.7,0,2578.75,21.8,0,2917.81,21,0,3541.63,20.9,10,2337.54,20.8,2,2454.16,21,0,2534.26,21.6,0,3055.9,21.4,0
"2026-03-05 02:30:00",12724,802,"Chapada_Low",11.87,2820,21.5,0,2639.82,21.7,0,2578.86,21.7,3,2916.94,20.9,0,3541.48,20.8,4,2337.44,20.6,0,2455.38,20.9,0,2535.91,21.5,0,3053.42,21.2,0
"2026-03-05 02:45:00",12725,802,"Chapada_Low",11.87,2820.26,21.3,0,2641.24,21.6,0,2578.89,21.5,0,2918.21,20.8,0,3541.88,20.7,0,2337.57,20.5,5,2454.67,20.8,0,2535.63,21.4,0,3056.24,21.1,0
"2026-03-05 03:00:00",12726,802,"Chapada_Low",11.87,2820.13,21.3,0,2641.07,21.5,7,2578.57,21.4,2,2918.05,20.7,0,3541.33,20.6,0,2337.85,20.4,0,2454.83,20.7,10,2534.76,21.3,0,3053.66,21,0
"2026-03-05 03:15:00",12727,802,"Chapada_Low",11.87,2819.91,21.2,0,2640.88,21.4,0,2579.33,21.4,3,2918.6,20.6,0,3542.54,20.5,0,2337.06,20.3,4,2456.47,20.6,0,2536.31,21.2,0,3056.22,20.9,0
"2026-03-05 03:30:00",12728,802,"Chapada_Low",11.87,2819.73,21.1,0,2641.22,21.4,0,2578.74,21.3,0,2919.38,20.6,0,3542.86,20.4,3,2338.53,20.2,0,2455.43,20.5,0,2536.24,21.1,0,3056.63,20.9,0
"2026-03-05 03:45:00",12729,802,"Chapada_Low",11.87,2819.61,21.1,0,2640.24,21.3,2,2578.9,21.3,0,2919.36,20.5,0,3543.55,20.4,2,2337.59,20.1,8,2456.19,20.4,0,2536.63,21,0,3056.66,20.8,0
"2026-03-05 04:00:00",12730,802,"Chapada_Low",11.87,2819.94,21,0,2639.89,21.3,0,2579.22,21.2,0,2919.93,20.4,0,3543.87,20.3,0,2338.05,20.1,0,2455.95,20.3,0,2535.92,20.9,0,3057.14,20.7,0
"2026-03-05 04:15:00",12731,802,"Chapada_Low",11.87,2819.99,20.9,0,2633.34,21.2,5,2578.57,21.2,1,2920.4,20.4,0,3544.43,20.2,0,2337.86,20.1,0,2455.93,20.3,0,2535.05,20.9,3,3057.24,20.7,0
"2026-03-05 04:30:00",12732,802,"Chapada_Low",11.87,2819.14,20.9,0,2632.52,21.1,0,2578.79,21.1,0,2920.06,20.3,0,3544.32,20.2,2,2338.38,20,0,2455.71,20.3,0,2535.13,20.9,0,3054.84,20.6,0
"2026-03-05 04:45:00",12733,802,"Chapada_Low",11.87,2819.3,20.8,0,2634.35,21.1,0,2578.9,21,0,2921.96,20.3,0,3544.21,20.2,0,2338.16,20,3,2456.2,20.3,0,2535.9,20.8,1,3055.46,20.6,0
"2026-03-05 05:00:00",12734,802,"Chapada_Low",11.87,2819.09,20.8,0,2634.27,21,0,2578.88,21,1,2918.45,20.3,0,3544.43,20.1,3,2338.05,20,3,2455.91,20.2,0,2535.39,20.8,0,3057.43,20.5,0
"2026-03-05 05:15:00",12735,802,"Chapada_Low",11.87,2818.58,20.8,0,2633.33,21,4,2579.34,21,0,2919.08,20.3,0,3544.69,20.1,2,2338.09,19.9,0,2456.44,20.2,0,2535.2,20.8,15,3058.24,20.5,0
"2026-03-05 05:30:00",12736,802,"Chapada_Low",11.87,2818.69,20.8,0,2632.56,21,7,2578.97,21,0,2919.78,20.3,0,3544,20.2,5,2338.64,20,0,2455.71,20.2,0,2535.3,20.8,0,3057.67,20.5,0
"2026-03-05 05:45:00",12737,802,"Chapada_Low",11.87,2818.33,20.8,0,2632.83,21.1,0,2579.16,21,0,2918.55,20.3,1,3543.88,20.2,0,2334.89,20,1,2456.07,20.3,0,2536.77,20.8,0,3057.12,20.6,0
"2026-03-05 06:00:00",12738,802,"Chapada_Low",11.87,2818.33,20.7,0,2631.9,21,0,2579.19,20.9,2,2919.15,20.3,0,3544.44,20.2,3,2333.64,20,8,2456.08,20.3,0,2535.8,20.8,0,3057.71,20.5,0
"2026-03-05 06:15:00",12739,802,"Chapada_Low",11.87,2818.16,20.6,0,2630.18,20.9,0,2579.6,20.8,0,2918.24,20.2,0,3544.13,20,1,2332.77,19.9,10,2456.53,20.1,0,2535.86,20.7,5,3055.9,20.4,0
"2026-03-05 06:30:00",12740,802,"Chapada_Low",11.87,2818.19,20.6,0,2632.22,20.8,0,2579.27,20.7,0,2919.87,20.1,0,3545.46,19.9,0,2331.97,19.8,0,2456.26,20,0,2535.79,20.6,0,3056.07,20.3,0
"2026-03-05 06:45:00",12741,802,"Chapada_Low",11.87,2817.41,20.6,0,2631.31,20.8,0,2578.58,20.7,0,2920.22,20,0,3545.61,19.9,4,2333.69,19.8,0,2456.18,19.9,0,2535.63,20.5,0,3056.6,20.3,0
"2026-03-05 07:00:00",12742,802,"Chapada_Low",11.87,2818.24,20.5,0,2630.27,20.8,9,2579.06,20.7,0,2920.38,20,0,3545.52,19.9,0,2333.07,19.7,0,2456.02,19.9,0,2535.87,20.5,0,3058.71,20.3,0
"2026-03-05 07:15:00",12743,802,"Chapada_Low",11.87,2818.13,20.6,0,2631.18,20.8,8,2578.63,20.7,0,2921.55,20,0,3545.71,19.9,0,2332.76,19.7,0,2455.6,20,5,2536.13,20.5,0,3056.62,20.3,0
"2026-03-05 07:30:00",12744,802,"Chapada_Low",11.87,2817.14,20.7,0,2630.12,21,0,2578.92,20.8,0,2923.23,20.2,0,3544.63,20.1,0,2332.31,19.9,0,2456.38,20.2,0,2535.64,20.7,0,3057.83,20.5,0
"2026-03-05 07:45:00",12745,802,"Chapada_Low",11.87,2816.9,21.2,0,2630.49,21.3,0,2578.63,21.1,0,2918.45,20.5,0,3543.55,20.6,0,2332.02,20.3,0,2456.05,20.5,0,2537.5,20.9,0,3055.11,21.1,0
"2026-03-05 08:00:00",12746,802,"Chapada_Low",11.87,2816.52,21.9,0,2668.79,21.8,0,2578.81,21.7,0,2922.71,21.1,0,3543.95,21,1,2332.01,20.6,0,2455.4,21.1,3,2534.59,21.4,0,3054.14,21.8,0
"2026-03-05 08:15:00",12747,802,"Chapada_Low",11.87,2815.89,22.4,0,2665.4,22.4,0,2578.95,22.3,0,2919.58,21.6,0,3542.5,21.2,4,2332.18,21,7,2455.51,21.8,0,2534.51,22.2,0,3054.61,22.5,0
"2026-03-05 08:30:00",12748,802,"Chapada_Low",11.87,2815.17,22.8,0,2664.1,22.8,0,2579.14,22.9,0,2922.59,22.1,0,3541.46,21.5,18,2332.16,21.2,4,2454.77,22.4,0,2533.85,22.9,0,3053.39,23,0
"2026-03-05 08:45:00",12749,802,"Chapada_Low",11.87,2814.97,23.2,5,2664.57,23.3,0,2578.86,23.2,0,2919.51,22.2,0,3540.8,22,4,2332.5,21.5,12,2452.75,22.9,0,2534.05,23.6,0,3050.07,23.6,0
"2026-03-05 09:00:00",12750,802,"Chapada_Low",11.87,2814.9,23.6,1,2664.3,23.7,0,2578.71,23.7,0,2926.83,22.2,0,3540.41,22,0,2331.14,23.4,5,2452.6,23.5,0,2533.59,24.3,0,3050.94,24.2,0
"2026-03-05 09:15:00",12751,802,"Chapada_Low",11.87,2811.75,24.1,2,2663.4,24.2,0,2579.22,24.1,3,2927.49,22.2,0,3538.34,22.6,6,2330.17,23.8,3,2450.38,24.7,0,2532.01,25.2,1,3048.82,24.9,0
"2026-03-05 09:30:00",12752,802,"Chapada_Low",11.87,2810.62,24.3,0,2662.68,24.4,0,2578.48,24.3,0,2926.87,22.3,0,3535.14,23.2,7,2329.21,24.1,11,2448.96,24.5,0,2529.94,26.1,0,3047.83,25.5,0
"2026-03-05 09:45:00",12753,802,"Chapada_Low",11.87,2809.69,24.7,0,2660.64,24.6,0,2578.09,24.4,4,2925.83,22.7,1,3533.99,23.5,8,2326.51,24.3,0,2447.66,24.6,3,2529.57,26.3,0,3045.94,25.8,7
"2026-03-05 10:00:00",12754,802,"Chapada_Low",11.87,2808.76,24.6,0,2629.68,24.7,2,2578.01,24.4,0,2923.32,23,0,3534.29,23.5,2,2325.9,24.2,0,2448.33,24.5,0,2529.85,26.1,0,3045.43,25.6,0
"2026-03-05 10:15:00",12755,802,"Chapada_Low",11.87,2810.29,24.3,0,2628.84,24.5,0,2577.63,24.7,0,2923,23.2,7,3533.74,23.4,2,2327.08,24.1,0,2448.85,24.4,0,2527.87,25.8,0,3044.85,25.4,0
"2026-03-05 10:30:00",12756,802,"Chapada_Low",11.87,2809.31,24.3,0,2630.07,24.5,0,2579.52,24.6,4,2921.42,23.8,0,3533.08,23.6,3,2327.79,24.1,0,2447.82,24.5,0,2528.59,25.8,0,3044.09,25.4,0
"2026-03-05 10:45:00",12757,802,"Chapada_Low",11.87,2806.78,24.6,0,2629.12,24.9,0,2576.41,25,21,2918.07,24.1,0,3531.07,24.3,9,2325.13,25,1,2447.15,24.9,0,2528.03,26.3,5,3041.98,26.1,0
"2026-03-05 11:00:00",12758,802,"Chapada_Low",11.87,2805.98,25.1,0,2626.9,25.7,0,2576.95,25.6,0,2915.11,24.7,0,3528.1,24.7,0,2324.65,25.8,3,2445.75,26.2,0,2526.15,27.4,0,3038.02,27.2,0
"2026-03-05 11:15:00",12759,802,"Chapada_Low",11.87,2804.24,25.9,0,2625.1,27,0,2577.11,26.7,0,2909.27,25.9,0,3524.64,25.6,0,2322.93,26.8,1,2442.46,27.2,1,2522.3,29.8,0,3035.95,29.1,2
"2026-03-05 11:30:00",12760,802,"Chapada_Low",11.87,2801.94,26.4,0,2622.28,27.7,0,2576.41,27.4,0,2905.98,26.6,0,3521.82,26,3,2321.54,27.4,0,2439.21,27.7,0,2519.02,30.6,0,3031.75,30.7,0
"2026-03-05 11:45:00",12761,802,"Chapada_Low",11.87,2800.79,27,1,2613.36,27.8,2,2575.62,27.7,0,2903.43,26.8,2,3520.23,26,0,2321.25,27.5,7,2439.34,27.9,0,2518.48,30.6,6,3029.83,30.6,1
"2026-03-05 12:00:00",12762,802,"Chapada_Low",11.87,2798.83,26.7,0,2613.15,27.7,0,2575.2,27.7,0,2899.87,26.8,0,3519.61,26.1,4,2319.59,27.4,4,2436.4,28,0,2516.9,30.4,3,3029.07,30.2,0
"2026-03-05 12:15:00",12763,802,"Chapada_Low",11.87,2797.27,26.6,0,2611.56,27.5,0,2575.91,28,1,2897.45,27.4,0,3517.37,26.2,5,2319.79,27.6,16,2435.82,28.2,0,2515.8,30.3,0,3026.95,30.7,1
"2026-03-05 12:30:00",12764,802,"Chapada_Low",11.87,2796.38,26.3,0,2610.77,27.1,0,2574.71,27.5,0,2895.68,27.1,0,3517.32,26.8,5,2318.99,27.1,5,2435.44,27.7,0,2515.68,29.5,12,3027.14,29.8,0
"2026-03-05 12:45:00",12765,802,"Chapada_Low",11.87,2795.07,26.5,0,2609.19,27,0,2574.89,27.9,3,2892.21,27.3,0,3515.17,26.8,1,2318.88,28.2,2,2434.9,28,0,2514.28,29.6,0,3026.96,29.9,3
"2026-03-05 13:00:00",12766,802,"Chapada_Low",11.87,2793.93,26.4,0,2605.74,27,0,2574.88,28.4,2,2891.35,27,0,3514.43,26.6,7,2318.94,28.1,2,2434.36,28.4,0,2513.85,29.6,0,3027.18,29.5,0
"2026-03-05 13:15:00",12767,802,"Chapada_Low",11.87,2792.56,26.7,0,2604.97,27.8,0,2572.66,29.5,0,2887.27,27.4,0,3512.38,27.3,0,2317.53,28.7,0,2432.64,28.8,0,2512.28,30.9,0,3025.66,30.1,0
"2026-03-05 13:30:00",12768,802,"Chapada_Low",11.87,2791.22,26.8,0,2603.21,27.4,0,2573.18,28.4,0,2886.53,27,0,3512.53,26.8,0,2317.48,27.8,0,2432.18,28.2,0,2510.6,30.1,0,3025.15,29.5,0
"2026-03-05 13:45:00",12769,802,"Chapada_Low",11.87,2789.49,26.8,0,2600.24,27.4,1,2572.62,28,0,2885.35,26.8,0,3511.91,26.7,3,2317.81,27.5,1,2432.33,28.1,0,2510.63,29.7,0,3024.62,29.2,0
"2026-03-05 14:00:00",12770,802,"Chapada_Low",11.87,2787.87,26.4,0,2599.54,27,1,2572.95,27.7,1,2881.53,26.3,0,3512.1,26.3,3,2317.38,26.8,2,2432.39,27.5,0,2510.7,28.9,0,3025.22,28.5,0
"2026-03-05 14:15:00",12771,802,"Chapada_Low",11.87,2787.18,26.6,0,2598.18,27.1,0,2572.28,27.9,0,2880.75,27.2,0,3510.39,26.7,15,2316.46,27.1,0,2432.35,28.1,0,2509.99,29,0,3023.51,29.2,4
"2026-03-05 14:30:00",12772,802,"Chapada_Low",11.87,2785.72,26.8,0,2597.73,27.2,4,2572.35,28.1,0,2878.68,27.4,0,3508.62,27.5,4,2316.44,27.7,0,2429.95,28.6,0,2509.98,29.2,0,3022.4,29.5,9
"2026-03-05 14:45:00",12773,802,"Chapada_Low",11.87,2783.16,26.8,0,2595.28,27.2,0,2571.39,28.1,0,2877.54,27.3,0,3507.16,27.1,0,2316.36,27.9,3,2429.15,29,0,2508.06,29.1,0,3022.21,29.5,1
"2026-03-05 15:00:00",12774,802,"Chapada_Low",11.87,2782.39,27.3,0,2593.76,27.6,0,2571.12,28.7,0,2872.77,27.9,0,3504.2,27.4,0,2314.72,28.1,7,2427.17,29.8,0,2506.39,30,0,3020.08,30.3,0
"2026-03-05 15:15:00",12775,802,"Chapada_Low",11.87,2780.83,27.5,0,2592.66,27.8,0,2570.06,29,0,2871.02,28.1,3,3503.41,27.5,0,2315.2,28,0,2425.56,30,0,2505.96,29.8,0,3018.63,31.1,0
"2026-03-05 15:30:00",12776,802,"Chapada_Low",11.87,2778.71,28.5,0,2638.1,28.3,0,2568.72,29.5,0,2868.26,28.6,7,3502.4,27.8,0,2313.94,28.4,0,2424.19,30.4,0,2504.48,29.9,0,3016.2,31.4,0
"2026-03-05 15:45:00",12777,802,"Chapada_Low",11.87,2778,27.6,0,2640.72,28,0,2568.42,28.5,5,2868.91,27.7,0,3504.53,27.1,9,2313.22,27.5,2,2425.43,29.2,0,2504.95,29.3,0,3017.88,29.9,0
"2026-03-05 16:00:00",12778,802,"Chapada_Low",11.87,2777.14,26.6,0,2639.7,27,0,2566.52,27.5,0,2869.86,26.7,0,3507.39,26.1,7,2314.17,26.4,10,2427.02,27.7,0,2506.58,28.2,0,3019.38,28.4,0
"2026-03-05 16:15:00",12779,802,"Chapada_Low",11.87,2777.47,25.9,0,2640.31,26.3,0,2567.18,26.6,0,2870.2,26,0,3508.64,25.6,1,2315.41,25.5,9,2429.29,26.7,0,2506.79,27.4,0,3020.97,27.2,0
"2026-03-05 16:30:00",12780,802,"Chapada_Low",11.87,2777.57,25.5,0,2640.35,25.9,0,2568.63,26.2,3,2871.16,25.4,9,3512.59,25.1,0,2315.76,25.3,0,2431.02,26,0,2508.24,26.8,4,3022.59,26.6,0
"2026-03-05 16:45:00",12781,802,"Chapada_Low",11.87,2777.99,25.4,0,2640.34,25.7,0,2566.97,26.1,0,2871.61,25.2,0,3512.41,25,0,2316.5,25.1,19,2431.57,26.2,0,2508.25,26.7,6,3022.74,26.5,0
"2026-03-05 17:00:00",12782,802,"Chapada_Low",11.87,2776.57,25.1,0,2639.41,25.4,0,2566.91,25.7,0,2872.92,24.9,0,3512.65,24.7,2,2317.21,24.7,0,2431.76,25.7,0,2508.82,26.4,0,3023.8,26.1,0
"2026-03-05 17:15:00",12783,802,"Chapada_Low",11.87,2776.75,24.9,0,2639.38,25.1,0,2568.97,25.4,0,2873.49,24.6,0,3512.41,24.4,9,2319.21,24.3,0,2432.37,25.4,0,2509.85,26,0,3022.37,25.7,0
"2026-03-05 17:30:00",12784,802,"Chapada_Low",11.87,2776.67,24.7,0,2623.25,24.9,0,2569.16,25,8,2874.32,24.2,0,3512.54,24.1,4,2319.33,23.9,0,2432.76,25,0,2509.6,25.6,0,3025.29,25.2,0
"2026-03-05 17:45:00",12785,802,"Chapada_Low",11.87,2774.92,24.6,0,2624.8,24.7,0,2568.65,25,5,2874.93,24.1,0,3514.41,24,0,2320.15,23.8,0,2433.59,24.8,0,2508.53,25.4,0,3023.85,25.1,1
"2026-03-05 18:00:00",12786,802,"Chapada_Low",11.87,2774.34,24.6,0,2624.31,24.6,0,2568.88,25,4,2874.66,24.3,0,3514.9,24,0,2321.28,23.8,2,2433.17,24.8,0,2510.45,25.4,0,3024.33,25.1,0
"2026-03-05 18:15:00",12787,802,"Chapada_Low",11.87,2773.64,24.4,0,2622.95,24.5,0,2566.89,24.8,10,2874.35,24.1,1,3514.24,24.1,0,2321.16,23.8,0,2433.84,24.6,0,2509.13,25.2,0,3026.06,24.9,0
"2026-03-05 18:30:00",12788,802,"Chapada_Low",11.87,2775.54,24.1,0,2623.12,24.2,0,2567.14,24.4,0,2875.17,23.7,0,3514.39,23.7,2,2322.05,23.5,1,2433.89,24.3,0,2509.55,24.9,0,3026.19,24.5,4
"2026-03-05 18:45:00",12789,802,"Chapada_Low",11.87,2775.27,23.9,0,2622.16,23.9,0,2566.55,24.1,0,2875.45,23.5,0,3515.37,23.4,1,2323.05,23.1,0,2434.47,24,0,2508.9,24.6,0,3025.36,24.2,0
"2026-03-05 19:00:00",12790,802,"Chapada_Low",11.87,2775.72,23.6,0,2623.15,23.7,0,2566.62,23.9,0,2876.66,23.2,0,3516.45,23.1,0,2323.27,22.8,0,2435.42,23.7,0,2509.15,24.3,11,3025.75,24,0
"2026-03-05 19:15:00",12791,802,"Chapada_Low",11.87,2775.28,23.5,2,2596.58,23.6,0,2566.61,23.7,0,2877.61,23,0,3518.32,22.9,0,2323.92,22.6,2,2436.24,23.5,0,2511.23,24,0,3026.24,23.6,0
"2026-03-05 19:30:00",12792,802,"Chapada_Low",11.87,2775.09,23.3,0,2597.19,23.5,0,2567.52,23.5,0,2877.91,22.8,0,3519.16,22.7,1,2324.52,22.4,7,2435.21,23.2,0,2510.95,23.8,0,3029.06,23.4,0
"2026-03-05 19:45:00",12793,802,"Chapada_Low",11.87,2774.66,23.1,0,2596.55,23.3,2,2567.24,23.3,6,2878.64,22.7,0,3519.34,22.6,1,2324.85,22.3,0,2434.85,23.1,0,2511.76,23.6,0,3029.3,23.2,0
"2026-03-05 20:00:00",12794,802,"Chapada_Low",11.87,2774.53,23,0,2596.75,23.1,0,2567.6,23.2,0,2878.7,22.6,0,3519.44,22.4,0,2324.52,22.1,0,2435.71,22.9,0,2512.65,23.4,0,3028.18,23,0
"2026-03-05 20:15:00",12795,802,"Chapada_Low",11.87,2774.45,22.9,0,2596.33,23,0,2567.46,23.1,0,2879.34,22.5,0,3520.16,22.3,0,2325.53,22.1,6,2437.62,22.8,0,2512.94,23.3,0,3028.92,22.9,0
"2026-03-05 20:30:00",12796,802,"Chapada_Low",11.87,2774.01,22.8,0,2596.14,22.9,0,2566.84,23,2,2879.73,22.4,0,3519.75,22.3,0,2325.35,22,0,2438.03,22.7,0,2511.66,23.2,0,3025.43,22.8,10
"2026-03-05 20:45:00",12797,802,"Chapada_Low",11.87,2774.27,22.7,0,2595.99,22.9,0,2567.33,22.9,2,2879.84,22.3,0,3519.48,22.2,2,2326.1,21.9,0,2437.33,22.6,0,2512.12,23.1,0,3027.64,22.7,0
"2026-03-05 21:00:00",12798,802,"Chapada_Low",11.87,2773.52,22.6,0,2595.65,22.8,0,2567.26,22.8,7,2879.62,22.2,1,3521.52,22.1,3,2325.74,21.8,0,2437.98,22.5,0,2513.73,23,0,3025.4,22.6,0
"2026-03-05 21:15:00",12799,802,"Chapada_Low",11.87,2773.05,22.5,4,2642.65,22.8,0,2567.84,22.7,0,2880.18,22.1,0,3521.94,22,0,2326.41,21.7,0,2438.57,22.4,0,2513.17,22.9,0,3026.1,22.5,0
"2026-03-05 21:30:00",12800,802,"Chapada_Low",11.87,2772.91,22.4,0,2644.67,22.7,18,2567.23,22.6,0,2881.12,22.1,0,3522.22,21.9,1,2326.79,21.6,1,2438.51,22.3,5,2512.76,22.8,0,3025.69,22.4,0
"2026-03-05 21:45:00",12801,802,"Chapada_Low",11.87,2772.42,22.4,0,2647.24,22.6,0,2567.41,22.6,0,2880.51,22.1,0,3522.83,21.9,1,2326.91,21.6,7,2437.74,22.2,0,2514.32,22.7,0,3028.78,22.4,0
"2026-03-05 22:00:00",12802,802,"Chapada_Low",11.87,2772.49,22.3,11,2647.54,22.6,0,2568.31,22.5,5,2881.08,22,0,3523.23,21.9,0,2327.08,21.6,0,2438.66,22.2,3,2513.66,22.7,0,3028.79,22.3,0
"2026-03-05 22:15:00",12803,802,"Chapada_Low",11.87,2776.44,22.2,0,2654.67,22.5,0,2571.51,22.4,0,2891.52,21.9,0,3524.52,21.7,5,2329.16,21.5,1,2440.91,22,0,2517.76,22.5,0,3032.15,22.1,0
"2026-03-05 22:30:00",12804,802,"Chapada_Low",11.87,2780.41,22.1,3,2660.48,22.4,0,2573.57,22.3,0,2901.74,21.8,0,3528.25,21.6,2,2332.46,21.3,0,2442.62,21.9,0,2520.67,22.4,0,3034.78,22,0
"2026-03-05 22:45:00",12805,802,"Chapada_Low",11.87,2781.5,22,0,2663.24,22.4,4,2573.2,22.2,1,2903.41,21.7,1,3529.53,21.5,17,2335,21.3,0,2444.22,21.7,0,2522.4,22.3,1,3035.11,21.9,0
"2026-03-05 23:00:00",12806,802,"Chapada_Low",11.87,2782.59,22,0,2656.13,22.3,0,2573.43,22.1,0,2907.14,21.6,0,3529.68,21.4,4,2335.44,21.2,0,2445.49,21.7,0,2524.24,22.2,3,3035.62,21.9,0
"2026-03-05 23:15:00",12807,802,"Chapada_Low",11.87,2782.65,22,0,2634.47,22.3,0,2573.67,22.1,0,2908.14,21.6,0,3530.73,21.4,0,2337.22,21.2,0,2445.33,21.7,0,2523.64,22.2,0,3034.04,21.9,0
"2026-03-05 23:30:00",12808,802,"Chapada_Low",11.87,2785.41,21.9,0,2638.05,22.3,0,2575.58,22.1,0,2910.03,21.6,0,3533.35,21.4,0,2340.37,21.2,0,2451.45,21.6,0,2527.01,22.1,0,3038.72,21.9,0
"2026-03-05 23:45:00",12809,802,"Chapada_Low",11.87,2786.09,21.9,0,2638.69,22.2,0,2575.44,22.1,0,2914.82,21.6,0,3534.44,21.4,0,2341.69,21.2,0,2452.18,21.6,0,2527.5,22.1,0,3038.63,21.8,0
"2026-03-06 00:00:00",12810,802,"Chapada_Low",11.87,2787.08,21.9,0,2637.99,22.2,0,2575.47,22,0,2915.53,21.5,0,3533.79,21.4,1,2342.57,21.2,0,2451.66,21.5,0,2529.23,22,0,3038.69,21.8,0
"2026-03-06 00:15:00",12811,802,"Chapada_Low",11.87,2787.79,21.8,0,2638.1,22.1,0,2575.19,22,0,2916.41,21.5,0,3533.89,21.3,3,2341.76,21.1,0,2450.91,21.5,0,2529.26,22,0,3036.53,21.7,0
"2026-03-06 00:30:00",12812,802,"Chapada_Low",11.87,2787.61,21.7,0,2639.32,22.1,0,2574.85,21.9,0,2916.44,21.4,0,3533.38,21.2,2,2342.78,21,0,2451.23,21.4,0,2528.82,21.9,0,3037.27,21.6,0
"2026-03-06 00:45:00",12813,802,"Chapada_Low",11.87,2787.94,21.7,0,2640.44,22,0,2574.47,21.8,0,2916.35,21.3,0,3534.72,21.1,0,2341.94,21,2,2451.25,21.3,0,2528.65,21.8,0,3039.42,21.6,0
"2026-03-06 01:00:00",12814,802,"Chapada_Low",11.87,2788.17,21.6,0,2641.8,22,0,2575.47,21.8,3,2917.99,21.3,0,3535,21.1,0,2341.9,20.9,2,2451.91,21.2,0,2528.86,21.8,0,3039.13,21.5,0
"2026-03-06 01:15:00",12815,802,"Chapada_Low",11.87,2788.66,21.6,5,2642.41,22,0,2574.91,21.7,0,2918.93,21.2,0,3534.95,21.1,0,2342.21,20.9,5,2451.41,21.2,0,2529.79,21.7,4,3038.4,21.5,1
"2026-03-06 01:30:00",12816,802,"Chapada_Low",11.87,2788.93,21.6,3,2641.2,21.9,0,2574.68,21.7,0,2917.95,21.2,0,3535.38,21.1,3,2342.54,20.9,5,2451.54,21.2,0,2529.52,21.7,0,3040.77,21.5,3
"2026-03-06 01:45:00",12817,802,"Chapada_Low",11.87,2788.49,21.6,0,2641.16,21.9,2,2574.51,21.7,0,2918.09,21.2,0,3535.68,21.1,0,2342.18,20.9,0,2451.72,21.2,0,2530.22,21.7,0,3040.27,21.5,0
"2026-03-06 02:00:00",12818,802,"Chapada_Low",11.87,2789.88,21.6,0,2641.37,21.9,0,2575.17,21.7,1,2918.77,21.2,0,3535.38,21.1,0,2342.42,20.9,4,2452.49,21.2,0,2529.61,21.7,0,3039.88,21.5,1
"2026-03-06 02:15:00",12819,802,"Chapada_Low",11.87,2789.68,21.6,2,2642.17,21.9,0,2575.28,21.7,0,2919.32,21.2,0,3536.08,21.1,0,2342.57,20.9,0,2452.48,21.2,0,2530,21.7,0,3041.21,21.5,0
"2026-03-06 02:30:00",12820,802,"Chapada_Low",11.87,2789.85,21.6,0,2643.93,21.9,0,2575.54,21.7,0,2919.8,21.2,0,3535.83,21.1,20,2342.39,20.9,1,2452.3,21.2,0,2530.53,21.7,0,3038.67,21.5,0
"2026-03-06 02:45:00",12821,802,"Chapada_Low",11.87,2790.22,21.6,0,2667.97,21.9,0,2575.6,21.7,0,2919.9,21.2,0,3535.94,21,1,2343,20.9,0,2451.47,21.2,0,2531.76,21.6,0,3039.01,21.5,0
"2026-03-06 03:00:00",12822,802,"Chapada_Low",11.87,2790.57,21.5,0,2666.36,21.8,0,2575.27,21.6,0,2920.32,21.1,0,3536.76,21,4,2343.58,20.8,2,2451.52,21.2,0,2530.65,21.6,0,3041.2,21.4,2
"2026-03-06 03:15:00",12823,802,"Chapada_Low",11.87,2790.47,21.5,7,2666.94,21.8,0,2575.23,21.6,6,2919.58,21.1,0,3536.07,21,0,2344.16,20.8,0,2452.13,21.2,0,2531.4,21.5,2,3038.81,21.4,0
"2026-03-06 03:30:00",12824,802,"Chapada_Low",11.87,2790.7,21.4,0,2666.6,21.8,0,2575.44,21.5,0,2919.51,21.1,0,3536.97,20.9,0,2343.44,20.8,0,2450.94,21.1,0,2531.65,21.5,0,3041.18,21.3,2
"2026-03-06 03:45:00",12825,802,"Chapada_Low",11.87,2790.2,21.4,1,2667.64,21.7,0,2574.96,21.5,0,2920.49,21,0,3536.36,20.9,1,2344.33,20.7,5,2451.36,21.1,0,2529.97,21.5,1,3039.09,21.3,0
"2026-03-06 04:00:00",12826,802,"Chapada_Low",11.87,2790.88,21.3,0,2665.9,21.7,0,2574.87,21.5,0,2920.5,21,0,3535.97,20.8,4,2343.63,20.7,0,2450.85,21.1,0,2529.77,21.4,0,3039.29,21.3,0
"2026-03-06 04:15:00",12827,802,"Chapada_Low",11.87,2789.9,21.3,2,2666.34,21.7,2,2575.03,21.5,0,2920.95,20.9,0,3536.85,20.8,3,2344.32,20.6,2,2451.38,21,0,2531.64,21.4,0,3039.73,21.2,0
"2026-03-06 04:30:00",12828,802,"Chapada_Low",11.87,2790.32,21.3,0,2666.65,21.6,0,2575.01,21.4,0,2920.62,20.9,0,3536.27,20.8,0,2344.45,20.6,13,2451.9,20.9,0,2531.34,21.3,0,3039.66,21.2,11
"2026-03-06 04:45:00",12829,802,"Chapada_Low",11.87,2789.99,21.2,0,2673.75,21.6,0,2574.99,21.4,0,2920.77,20.8,0,3536.92,20.7,0,2344.88,20.6,0,2452.08,20.8,0,2531.01,21.3,0,3039.4,21.1,0
"2026-03-06 05:00:00",12830,802,"Chapada_Low",11.87,2790.89,21.3,0,2674.64,21.6,8,2574.73,21.3,0,2920.59,20.9,0,3536.94,20.8,3,2344.43,20.6,7,2451.95,20.8,0,2531.03,21.3,0,3039.68,21.1,0
"2026-03-06 05:15:00",12831,802,"Chapada_Low",11.87,2790.06,21.3,0,2673.95,21.6,0,2575.33,21.4,0,2920.03,20.9,0,3536.98,20.8,0,2344.84,20.6,0,2451.12,20.9,0,2530.65,21.3,0,3039.81,21.2,0
"2026-03-06 05:30:00",12832,802,"Chapada_Low",11.87,2789.75,21.3,0,2672.7,21.6,0,2574.68,21.4,0,2920.03,20.9,0,3537.52,20.8,0,2344.51,20.6,1,2451.88,20.9,2,2530.76,21.3,0,3038.92,21.2,0
"2026-03-06 05:45:00",12833,802,"Chapada_Low",11.87,2789.73,21.2,0,2674.22,21.5,0,2575.03,21.3,3,2919.95,20.8,0,3536.6,20.7,3,2343.96,20.5,7,2451.4,20.8,1,2530.25,21.3,0,3039.62,21.1,0
"2026-03-06 06:00:00",12834,802,"Chapada_Low",11.87,2789.64,21.2,0,2673.44,21.4,0,2575.51,21.3,0,2918.92,20.8,0,3537.54,20.7,0,2345.11,20.5,4,2451.49,20.9,0,2530.18,21.2,7,3039.29,21.1,1
"2026-03-06 06:15:00",12835,802,"Chapada_Low",11.87,2789.6,21.2,0,2674.05,21.4,0,2575.33,21.3,0,2918.53,20.8,0,3537.13,20.7,0,2344.77,20.5,0,2451.16,20.9,0,2530.16,21.3,0,3041.73,21.1,0
"2026-03-06 06:30:00",12836,802,"Chapada_Low",11.87,2789.89,21.2,0,2655.34,21.4,0,2575.13,21.3,0,2917.98,20.8,0,3536.91,20.8,1,2344.74,20.6,0,2451.55,20.9,0,2529.87,21.3,0,3040.88,21.1,0
"2026-03-06 06:45:00",12837,802,"Chapada_Low",11.87,2789.79,21.2,0,2669.66,21.4,0,2574.36,21.2,0,2917.51,20.8,3,3536.76,20.7,0,2345.36,20.5,0,2451,20.9,0,2529.41,21.2,0,3041.49,21,0
"2026-03-06 07:00:00",12838,802,"Chapada_Low",11.87,2790.25,21.1,0,2669.26,21.4,0,2574.21,21.2,0,2917.7,20.7,0,3536.44,20.6,2,2344.77,20.4,0,2450.68,20.8,0,2529.54,21.2,2,3038.92,21,0
"2026-03-06 07:15:00",12839,802,"Chapada_Low",11.87,2790.23,21.1,13,2667.7,21.4,0,2574.56,21.2,0,2916.42,20.7,0,3535.96,20.7,2,2345.22,20.4,0,2450.71,20.8,0,2529.53,21.2,0,3039.52,21,0
"2026-03-06 07:30:00",12840,802,"Chapada_Low",11.87,2789.87,21.2,1,2668.15,21.5,0,2574.76,21.3,0,2916.32,20.8,0,3534.9,20.8,0,2345.29,20.6,4,2451.4,20.9,0,2529.19,21.3,0,3039.25,21.1,0
"2026-03-06 07:45:00",12841,802,"Chapada_Low",11.87,2790.38,21.4,0,2667.86,21.6,1,2574.59,21.5,0,2914.9,21,0,3534.2,20.9,0,2344.94,20.8,1,2450.25,21.2,0,2527.54,21.5,7,3038.79,21.4,0
"2026-03-06 08:00:00",12842,802,"Chapada_Low",11.87,2790.4,21.6,0,2669.85,21.7,0,2574.54,21.7,0,2913.83,21.2,0,3532.98,21.1,17,2344.41,21.1,3,2451.45,21.4,0,2527.97,21.8,0,3038.07,21.7,0
"2026-03-06 08:15:00",12843,802,"Chapada_Low",11.87,2790.65,22,0,2668.7,21.9,0,2574.37,21.9,0,2912.28,21.4,0,3534.08,21.3,0,2344.92,21.3,0,2450.16,21.7,0,2526.77,22.1,0,3037.36,22.1,0
"2026-03-06 08:30:00",12844,802,"Chapada_Low",11.87,2789.42,22.3,0,2622.35,22.6,0,2574.35,22.2,0,2906.98,21.7,0,3532.63,21.6,0,2344.38,21.6,2,2450.29,22,0,2526.31,22.4,5,3036.78,22.5,8
"2026-03-06 08:45:00",12845,802,"Chapada_Low",11.87,2789.71,22.7,0,2622.73,22.8,0,2574.38,23.1,0,2906.35,21.9,0,3532.47,21.8,6,2343.88,22,0,2447.64,22.5,0,2526.44,23,0,3037.41,23,0
"2026-03-06 09:00:00",12846,802,"Chapada_Low",11.87,2788.41,22.9,1,2621.26,23.1,0,2574.27,23.1,0,2904.08,22.5,0,3530.97,22.2,2,2343.64,22.4,3,2447.44,22.8,0,2525.96,23.4,0,3036.71,23.4,0
"2026-03-06 09:15:00",12847,802,"Chapada_Low",11.87,2788.07,23.6,0,2621.36,23.7,4,2573.9,23.6,0,2902.16,22.5,0,3527.47,23.3,0,2343.39,23.6,0,2447.09,23.4,0,2524.93,24.1,0,3034.27,24.2,0
"2026-03-06 09:30:00",12848,802,"Chapada_Low",11.87,2784.88,24,0,2620.79,24.1,0,2572.96,24,0,2901.4,22.7,0,3526.2,23.4,0,2341.9,24.2,5,2445.43,24.4,0,2523.69,24.7,0,3031.13,24.7,0
"2026-03-06 09:45:00",12849,802,"Chapada_Low",11.87,2783.65,24.4,0,2619.44,24.7,0,2574.75,24.5,0,2898.96,23.1,0,3524.69,23.8,0,2338.23,24.3,6,2443.03,24.8,0,2521.74,26,0,3031.39,25.3,0
"2026-03-06 10:00:00",12850,802,"Chapada_Low",11.87,2783.53,24.3,0,2620.02,24.5,0,2575.24,24.5,0,2897.1,23.2,0,3524,23.6,14,2339.65,24,0,2442.76,24.4,0,2520.67,25.7,0,3030.08,25.6,6
"2026-03-06 10:15:00",12851,802,"Chapada_Low",11.86,2783.53,24.3,0,2620.02,24.5,0,2575.24,24.5,0,2897.1,23.2,0,3524,23.6,14,2339.65,24,0,2442.76,24.4,0,2520.67,25.7,0,3030.08,25.6,6
"2026-03-06 10:30:00",12852,802,"Chapada_Low",11.86,2781.91,24.3,0,2622.11,24.9,0,2572.86,24.4,24,2895.43,23.2,0,3522.1,23.4,0,2339.08,23.7,0,2442.53,24.1,0,2520.14,25.3,3,3027.61,25,0
"2026-03-06 10:45:00",12853,802,"Chapada_Low",11.86,2780.89,24.3,0,2625.07,24.9,0,2572.5,25,1,2894,23.4,0,3523.43,23.5,3,2338.29,23.9,0,2441.82,24.3,0,2519.64,25.4,0,3026.29,25.2,0
"2026-03-06 11:00:00",12854,802,"Chapada_Low",11.86,2780.76,24.9,2,2624.43,25.6,6,2572.75,25.6,0,2890.03,25.1,0,3520.54,24.3,0,2335.8,24.7,0,2438.7,25.1,0,2516.81,26.5,0,3026.76,26.4,0
"2026-03-06 11:15:00",12855,802,"Chapada_Low",11.86,2779.93,24.6,0,2622.85,25.1,0,2574.03,25.2,0,2889.54,24.3,0,3520.18,24.5,4,2336.95,24.3,0,2440.27,24.8,0,2516.55,26,0,3026.99,25.6,0
"2026-03-06 11:30:00",12856,802,"Chapada_Low",11.86,2779.56,24.8,0,2622.38,25.3,0,2573.54,25.5,0,2887.76,24.5,0,3519.01,24.5,0,2334.91,25,0,2439.65,25.4,2,2515.81,26.3,0,3026.02,26.2,0
"2026-03-06 11:45:00",12857,802,"Chapada_Low",11.86,2778.68,25.1,0,2622.34,25.5,4,2571.67,25.7,4,2886.84,24.7,0,3517.55,24.6,8,2334.46,25,0,2438.18,25.9,0,2516.1,26.8,0,3025.09,26.6,0
"2026-03-06 12:00:00",12858,802,"Chapada_Low",11.86,2777.61,25.4,0,2620.9,26,0,2571.78,26.4,2,2883.73,25.2,0,3516.63,25.1,2,2333.48,25.6,0,2436.68,26.4,0,2513.33,27.5,0,3022.79,28,0
"2026-03-06 12:15:00",12859,802,"Chapada_Low",11.86,2776.15,26.3,0,2591.37,26.4,7,2571.29,27.1,0,2880.71,25.9,10,3514.27,25.5,0,2331.79,26.2,2,2434.6,27,0,2511.33,28.2,0,3019.72,29,0
"2026-03-06 12:30:00",12860,802,"Chapada_Low",11.86,2775.53,26.7,0,2586.01,27.5,0,2572.75,27.9,1,2877.9,26.8,0,3511.31,26.3,2,2330.16,26.9,0,2431.76,27.7,0,2509.82,28.9,0,3016.46,30.3,0
"2026-03-06 12:45:00",12861,802,"Chapada_Low",11.86,2774.6,26.5,0,2584.37,27.1,7,2572.57,28.1,4,2876.54,26.9,3,3509.47,26.2,0,2329.43,26.8,6,2431.53,27.6,0,2508.76,28.8,0,3016.82,29.6,1
"2026-03-06 13:00:00",12862,802,"Chapada_Low",11.86,2773.14,26.6,0,2584.51,27.2,0,2572.62,28.3,0,2874.44,27.3,0,3508.41,27.1,0,2328.25,27.2,2,2430.15,27.8,0,2507.77,28.9,0,3015.94,29.7,0
"2026-03-06 13:15:00",12863,802,"Chapada_Low",11.86,2771.98,26.8,1,2582.51,27.6,3,2572.52,28.9,0,2871.79,27.4,0,3505.96,27.3,0,2327.51,28.6,0,2428.94,28.1,0,2507.07,29.5,0,3014.8,30.1,0
"2026-03-06 13:30:00",12864,802,"Chapada_Low",11.86,2770.98,26.6,0,2582.23,27.3,0,2570.87,28.3,0,2870.68,27.1,0,3505.56,26.8,0,2327.76,27.8,0,2428.48,28.4,0,2505.93,29.1,0,3014.68,29.6,3
"2026-03-06 13:45:00",12865,802,"Chapada_Low",11.86,2769.59,27,0,2582.14,27.7,0,2569.54,28.7,0,2868.67,27.4,0,3503.54,27.2,5,2326.3,28,3,2427.41,28.8,0,2505.55,29.9,0,3013.02,30.4,0
"2026-03-06 14:00:00",12866,802,"Chapada_Low",11.86,2768.85,27.6,0,2579.12,28.1,0,2567.84,29.2,1,2866.04,27.9,0,3501.11,27.6,4,2325.8,28.3,4,2424.67,29.3,0,2502.76,30.1,0,3008.13,31.7,3
"2026-03-06 14:15:00",12867,802,"Chapada_Low",11.86,2767.26,28.1,0,2580.14,28.5,0,2567.58,29.3,0,2863.74,28.1,0,3500.46,27.6,0,2324.37,28.2,1,2423.14,29.5,0,2501.91,29.9,2,3008.39,31.6,0
"2026-03-06 14:30:00",12868,802,"Chapada_Low",11.86,2765.01,28.2,0,2573.88,28.8,2,2567.01,30.5,0,2862.18,28.7,0,3496.43,27.9,6,2323.6,28.4,0,2422.08,30.3,0,2501,29.9,0,3005.23,31.9,0
"2026-03-06 14:45:00",12869,802,"Chapada_Low",11.86,2763.77,28,0,2571.04,28.5,0,2566.38,30.1,0,2859.13,29.2,9,3495.59,27.7,0,2322.99,28.1,0,2420.95,29.9,1,2500.24,29.5,3,3006.38,31.5,12
"2026-03-06 15:00:00",12870,802,"Chapada_Low",11.86,2762.54,27.7,0,2569.25,28.1,0,2565.43,29.5,3,2860.19,28.7,0,3495.44,28.2,1,2322.35,27.8,3,2422.6,29.4,0,2498.65,29.1,1,3005.84,31,0
"2026-03-06 15:15:00",12871,802,"Chapada_Low",11.86,2760.79,27.5,0,2568.46,28,0,2565.13,29.3,2,2859.42,28.4,0,3495.36,27.6,0,2322.15,28.3,0,2421.28,29.5,0,2498.58,28.9,0,3005.29,30.9,0
"2026-03-06 15:30:00",12872,802,"Chapada_Low",11.86,2759.54,28,0,2567.83,28.4,0,2564.97,30,0,2858.13,28.9,0,3494.07,27.9,0,2321.9,28.5,1,2418.88,30.5,0,2496.44,29.7,0,3001.84,31.6,0
"2026-03-06 15:45:00",12873,802,"Chapada_Low",11.86,2758.34,28.4,2,2566.3,28.9,0,2564.27,30.4,1,2856.31,29.3,3,3491.75,28.3,0,2320.79,28.9,0,2417.81,30.8,0,2495.41,30.3,0,2998.4,32.9,0
"2026-03-06 16:00:00",12874,802,"Chapada_Low",11.86,2757.72,27.9,0,2556.88,28.1,0,2565.22,29.1,1,2857.69,28.2,0,3493.8,27.3,5,2320.03,27.9,7,2419.02,29.3,0,2495.89,29.3,0,3001.37,31,0
"2026-03-06 16:15:00",12875,802,"Chapada_Low",11.86,2756.3,26.9,0,2561.79,27.5,2,2563.05,28,0,2858.64,27.1,0,3496.63,26.3,1,2321.55,26.8,5,2420.57,28.1,0,2496.23,28.4,0,3003.66,29.3,0
"2026-03-06 16:30:00",12876,802,"Chapada_Low",11.86,2756.68,26.2,0,2563.9,26.7,1,2563,27.4,0,2859.8,26.4,0,3497.72,25.6,0,2321.72,26.1,0,2423,27.2,0,2497.81,27.6,0,3005.73,28.1,0
"2026-03-06 16:45:00",12877,802,"Chapada_Low",11.86,2756.67,25.7,2,2563.87,26.2,0,2563.13,26.7,4,2860.66,26,2,3499.42,25.4,3,2322.92,25.6,4,2423.91,26.5,0,2498.89,27,0,3006.79,27.4,0
"2026-03-06 17:00:00",12878,802,"Chapada_Low",11.86,2756.37,25.5,0,2563.95,25.9,0,2565.28,26.4,6,2861.37,25.5,0,3498.99,25.1,28,2323.71,25.4,0,2424.77,26.1,0,2497.97,26.7,0,3008.48,27,1
"2026-03-06 17:15:00",12879,802,"Chapada_Low",11.86,2755.67,25.2,0,2563.13,25.6,1,2562.87,26,0,2862.24,25.2,0,3499.9,24.8,4,2323.29,25.1,3,2426.1,26,0,2499.14,26.4,0,3009.28,26.6,0
"2026-03-06 17:30:00",12880,802,"Chapada_Low",11.86,2756.25,25,0,2562.62,25.3,0,2564.92,25.7,3,2862.31,24.9,0,3499.39,24.5,4,2324.49,24.8,1,2427.09,25.6,0,2498.88,26.3,0,3010.2,26.2,0
"2026-03-06 17:45:00",12881,802,"Chapada_Low",11.86,2756.24,24.8,7,2562.26,25.1,0,2563.26,25.5,0,2863.21,24.6,0,3501.96,24.3,3,2326.03,24.5,0,2426.95,25.3,0,2499.52,25.9,0,3009.85,26,0
"2026-03-06 18:00:00",12882,802,"Chapada_Low",11.86,2755.35,24.7,1,2551.93,25,0,2563.46,25.3,0,2862.82,24.4,0,3502.84,24.1,1,2326.86,24.2,0,2427.66,24.9,0,2499.98,25.6,0,3008.82,25.6,0
"2026-03-06 18:15:00",12883,802,"Chapada_Low",11.86,2756.27,24.5,0,2553.92,24.8,0,2565.05,25.2,19,2863.82,24.2,0,3502.88,23.9,5,2328.04,24,0,2428.21,24.7,0,2499.86,25.4,0,3010.08,25.3,11
"2026-03-06 18:30:00",12884,802,"Chapada_Low",11.86,2755.96,24.3,7,2554.19,24.6,0,2565.14,24.9,0,2863.96,24.1,0,3503.09,23.7,0,2328.7,23.8,0,2428.84,24.5,0,2502.03,25.1,0,3011.73,25,0
"2026-03-06 18:45:00",12885,802,"Chapada_Low",11.86,2757.8,24,0,2552.58,24.3,2,2565.07,24.6,0,2864.16,23.9,0,3503.54,23.6,0,2328.25,23.5,0,2429.25,24.2,1,2502.6,24.8,0,3012.99,24.6,0
"2026-03-06 19:00:00",12886,802,"Chapada_Low",11.86,2757.64,23.8,0,2552.53,24.1,0,2563.49,24.3,0,2864.65,23.5,0,3504.97,23.2,1,2329.04,23.2,2,2429.7,23.9,1,2501.13,24.5,0,3011.55,24.3,1
"2026-03-06 19:15:00",12887,802,"Chapada_Low",11.86,2757.64,23.6,0,2552.87,24,0,2563.37,24.1,0,2865.27,23.3,0,3505.9,23,0,2328.79,23,0,2430.17,23.6,0,2502.69,24.2,0,3013.77,24,11
"2026-03-06 19:30:00",12888,802,"Chapada_Low",11.86,2757.27,23.4,0,2552.15,23.8,0,2563.05,23.9,0,2865.63,23.1,5,3506.92,22.8,0,2329.57,22.8,0,2430.97,23.4,9,2503.93,24,0,3013.47,23.8,0
"2026-03-06 19:45:00",12889,802,"Chapada_Low",11.86,2757.64,23.3,8,2526.95,23.6,0,2563.83,23.8,0,2865.44,23,0,3507.73,22.7,2,2329.66,22.6,15,2432.05,23.2,0,2502.5,23.8,0,3015.05,23.6,2
"2026-03-06 20:00:00",12890,802,"Chapada_Low",11.86,2757.54,23.2,5,2534.54,23.5,0,2563.4,23.6,0,2866.9,22.8,0,3508.34,22.6,4,2329.24,22.5,0,2432.13,23.1,0,2504.71,23.6,0,3015.62,23.4,0
"2026-03-06 20:15:00",12891,802,"Chapada_Low",11.86,2757.69,23,0,2536.67,23.4,0,2563.94,23.5,0,2866.43,22.7,0,3508.35,22.4,0,2330.79,22.3,3,2432.11,22.9,0,2502.88,23.4,0,3014.07,23.2,0
"2026-03-06 20:30:00",12892,802,"Chapada_Low",11.86,2758.09,22.9,17,2536.87,23.2,0,2562.35,23.4,0,2867.27,22.6,2,3508.97,22.4,5,2330.28,22.2,2,2432.71,22.7,0,2504.84,23.3,0,3014.38,23,0
"2026-03-06 20:45:00",12893,802,"Chapada_Low",11.87,2758.18,22.8,0,2536.65,23.1,0,2562.19,23.2,0,2867.7,22.4,0,3508.67,22.2,0,2329.76,22.1,0,2432.89,22.6,0,2503.91,23.1,0,3016.93,22.9,0
"2026-03-06 21:00:00",12894,802,"Chapada_Low",11.86,2758.13,22.7,0,2535.72,23.1,0,2562.24,23.2,0,2867.72,22.3,0,3509.77,22.2,2,2330.33,22,5,2433.79,22.5,0,2503.53,23,0,3015.62,22.8,0
"2026-03-06 21:15:00",12895,802,"Chapada_Low",11.87,2757.52,22.6,2,2535.49,23,2,2562.34,23.1,0,2867,22.3,0,3509.36,22.1,4,2330.31,21.9,0,2433.25,22.4,0,2505.88,23,6,3017.78,22.7,0
"2026-03-06 21:30:00",12896,802,"Chapada_Low",11.86,2758.11,22.6,0,2536.47,23,1,2561.24,23,0,2867.2,22.2,0,3509.41,22.1,0,2330.38,21.9,7,2432.98,22.3,0,2504.45,22.9,0,3016.32,22.7,1
"2026-03-06 21:45:00",12897,802,"Chapada_Low",11.86,2757.52,22.6,0,2532.56,23,0,2560.67,23,0,2866.89,22.2,0,3510.5,22.1,0,2330.35,21.9,0,2434.46,22.3,0,2505.12,22.9,0,3016.67,22.7,0
"2026-03-06 22:00:00",12898,802,"Chapada_Low",11.86,2757.28,22.6,0,2540.41,22.9,0,2560.46,23,0,2865.73,22.2,0,3510.46,22.1,0,2331.11,21.9,0,2434.67,22.3,0,2505.59,22.8,0,3016.08,22.6,7
"2026-03-06 22:15:00",12899,802,"Chapada_Low",11.86,2758.04,22.5,0,2541.76,22.8,0,2560.37,22.9,2,2866.6,22.2,0,3510.74,22,0,2331.65,21.8,0,2434.23,22.3,0,2506.37,22.7,0,3018.67,22.5,0
"2026-03-06 22:30:00",12900,802,"Chapada_Low",11.86,2757.85,22.4,6,2541.1,22.8,0,2560.47,22.8,0,2867.18,22.1,0,3512.23,21.9,0,2331.57,21.7,0,2434.23,22.2,0,2506.84,22.7,0,3016.87,22.4,0
"2026-03-06 22:45:00",12901,802,"Chapada_Low",11.87,2757.64,22.3,0,2540.37,22.7,0,2560.54,22.7,0,2867.71,21.9,0,3512.26,21.8,0,2331.79,21.5,3,2434.31,22,0,2506.91,22.5,0,3017.32,22.3,0
"2026-03-06 23:00:00",12902,802,"Chapada_Low",11.86,2757.38,22.2,0,2540.1,22.6,0,2560.34,22.6,0,2867.6,21.8,0,3512.26,21.6,2,2331.33,21.4,0,2434.77,21.9,0,2506.81,22.4,0,3017.69,22.1,0
"2026-03-06 23:15:00",12903,802,"Chapada_Low",11.86,2757.1,22.2,0,2541.5,22.5,0,2560.43,22.5,0,2866.88,21.8,0,3512.86,21.6,0,2332.04,21.4,1,2434.58,21.9,0,2506.54,22.4,0,3017.41,22.2,0
"2026-03-06 23:30:00",12904,802,"Chapada_Low",11.86,2757.5,22.2,0,2531.34,22.5,0,2560.29,22.5,0,2868.02,21.8,4,3512.79,21.6,4,2331.96,21.5,0,2435.83,22,0,2507.04,22.4,0,3017.68,22.1,0
"2026-03-06 23:45:00",12905,802,"Chapada_Low",11.86,2815.89,21.8,0,2585.64,22.2,0,2581.5,21.9,0,2969.75,21.6,0,3559.33,21.1,0,2334.7,21,0,2451.95,21.7,0,2545.97,21.9,0,3044.97,21.7,0
"2026-03-07 00:00:00",12906,802,"Chapada_Low",11.86,2825.37,21.5,0,2601.21,21.9,8,2581.94,21.6,1,3005.33,21.3,0,3556.09,20.7,4,2340.35,20.6,0,2468.66,21.3,0,2555.38,21.5,6,3051.56,21.4,0
"2026-03-07 00:15:00",12907,802,"Chapada_Low",11.86,2841.79,21.3,5,2621.39,21.7,0,2584.02,21.4,8,3042.65,21,0,3561.26,20.7,13,2347.03,20.4,0,2485.83,21.1,0,2573.35,21.4,0,3062,21.2,0
"2026-03-07 00:30:00",12908,802,"Chapada_Low",11.86,2843.04,21.2,0,2625.31,21.6,1,2584.67,21.2,0,3037.57,20.9,0,3560.07,20.4,0,2352.17,20.2,0,2489.3,20.9,0,2576.58,21.2,0,3063.14,21,0
"2026-03-07 00:45:00",12909,802,"Chapada_Low",11.86,2843.88,21.1,0,2625.87,21.6,0,2584.41,21.1,0,3028.16,20.8,0,3557.12,20.3,0,2352.34,20.1,0,2490.21,20.8,0,2576.21,21.2,12,3065.01,21,0
"2026-03-07 01:00:00",12910,802,"Chapada_Low",11.86,2844.65,21.1,0,2627.6,21.3,0,2585.72,21.1,0,3025.47,20.7,7,3557.55,20.3,5,2352.46,20.1,6,2489.29,20.8,0,2575.45,21.1,5,3066.11,21,0
"2026-03-07 01:15:00",12911,802,"Chapada_Low",11.86,2867.61,21,0,2636.69,21.3,0,2585.79,21,0,3041.78,20.7,0,3560.77,20.2,6,2352.55,20.1,0,2494.77,20.7,0,2587.43,21,0,3069.22,20.9,0
"2026-03-07 01:30:00",12912,802,"Chapada_Low",11.86,2868.04,20.9,9,2648.38,21.3,0,2586.24,20.9,0,3035.65,20.5,0,3559.43,20.1,0,2352.89,19.9,2,2493.71,20.5,0,2587.4,21,0,3069.87,20.8,2
"2026-03-07 01:45:00",12913,802,"Chapada_Low",11.86,2857.87,20.8,9,2640.64,21.1,0,2585.59,20.8,0,3029.65,20.4,0,3558.19,20.1,3,2352.28,19.8,2,2492.69,20.4,0,2587.14,20.9,0,3073.26,20.7,0
"2026-03-07 02:00:00",12914,802,"Chapada_Low",11.86,2852.91,20.8,0,2640.82,21.1,0,2586.77,20.9,3,3023.7,20.3,3,3556.13,20.1,0,2354.59,19.8,0,2490.46,20.4,0,2586.75,20.8,0,3071.32,20.7,0
"2026-03-07 02:15:00",12915,802,"Chapada_Low",11.86,2852.06,20.8,5,2639.96,21.1,0,2586.91,21,0,3020.34,20.3,0,3555.05,20.1,1,2353.92,19.8,7,2489.01,20.3,0,2583.7,20.8,4,3071.25,20.7,1
"2026-03-07 02:30:00",12916,802,"Chapada_Low",11.86,2851.92,20.9,5,2640.76,21.2,0,2587.28,21,0,3016.71,20.3,0,3553.67,20.1,14,2352.77,19.8,0,2487.52,20.3,0,2584.44,20.8,1,3071.12,20.7,5
"2026-03-07 02:45:00",12917,802,"Chapada_Low",11.86,2851.69,20.9,0,2639.4,21.2,0,2588.24,21,0,3014.06,20.4,0,3553.35,20.2,0,2350.32,19.9,1,2486.5,20.3,0,2580.59,20.8,0,3073.58,20.7,0
"2026-03-07 03:00:00",12918,802,"Chapada_Low",11.86,2851.92,20.9,0,2638.57,21.3,0,2588.35,21.1,0,3010.88,20.4,8,3552.87,20.2,3,2352.25,19.9,0,2485.29,20.4,0,2579.21,20.9,0,3070.32,20.8,0
"2026-03-07 03:15:00",12919,802,"Chapada_Low",11.86,2851.67,21,0,2651.2,21.3,3,2588.26,21.1,0,3008.43,20.5,0,3552.37,20.3,0,2352.23,20,0,2483.77,20.4,2,2577.78,20.9,0,3067.14,20.8,1
"2026-03-07 03:30:00",12920,802,"Chapada_Low",11.86,2851.31,20.9,0,2641.83,21.2,0,2589.43,21,0,3005.79,20.4,10,3550.8,20.3,0,2351.65,20,0,2482.62,20.3,0,2576.33,20.9,0,3069.35,20.7,0
"2026-03-07 03:45:00",12921,802,"Chapada_Low",11.86,2851.66,20.8,0,2641.27,21.2,0,2588.94,20.9,0,3004.04,20.4,0,3550.23,20.2,7,2351.67,19.9,0,2482.31,20.2,0,2575.32,20.8,1,3069.27,20.7,0
"2026-03-07 04:00:00",12922,802,"Chapada_Low",11.86,2851.11,20.8,2,2639.79,21.2,0,2589,20.9,0,3001.36,20.3,0,3550.6,20.2,0,2350.95,19.9,1,2481.45,20.2,0,2575.45,20.8,0,3066.66,20.7,0
"2026-03-07 04:15:00",12923,802,"Chapada_Low",11.86,2851.56,20.8,0,2641.09,21.2,3,2587.72,20.9,3,2999.68,20.3,0,3550.57,20.2,0,2350.8,19.9,4,2480.84,20.2,0,2572.75,20.8,0,3068.06,20.7,0
"2026-03-07 04:30:00",12924,802,"Chapada_Low",11.86,2851.6,20.8,0,2639.75,21.2,0,2588.46,21,0,2997.85,20.3,0,3549.64,20.2,0,2350.56,19.9,0,2480.32,20.2,0,2571.85,20.8,2,3066.19,20.7,4
"2026-03-07 04:45:00",12925,802,"Chapada_Low",11.86,2851.02,20.8,0,2640.22,21.1,0,2588.34,21,6,2996.1,20.3,0,3549.18,20.2,0,2350.32,19.9,0,2479.08,20.2,0,2571.04,20.8,0,3068.1,20.6,0
"2026-03-07 05:00:00",12926,802,"Chapada_Low",11.86,2850.88,20.8,0,2639.79,21.1,0,2588.61,20.9,0,2993.54,20.3,0,3548.06,20.2,0,2349.78,19.9,5,2478.83,20.2,0,2570.67,20.8,1,3067.95,20.6,0
"2026-03-07 05:15:00",12927,802,"Chapada_Low",11.86,2851.14,20.8,0,2638.88,21.1,0,2588.04,20.9,0,2992.25,20.3,0,3548.27,20.1,0,2350.2,19.9,0,2478.97,20.2,0,2569.75,20.7,2,3068.43,20.6,0
"2026-03-07 05:30:00",12928,802,"Chapada_Low",11.86,2850.62,20.7,0,2635.64,21,0,2589.77,20.8,0,2990.26,20.2,0,3548.36,20.1,0,2350.54,19.8,4,2478.43,20.1,0,2570.97,20.7,14,3068,20.5,1
"2026-03-07 05:45:00",12929,802,"Chapada_Low",11.86,2850.98,20.6,0,2635.68,21,0,2589.14,20.8,6,2988.03,20.2,0,3547.6,20,3,2348.25,19.8,2,2477.36,20,0,2568.3,20.6,0,3065.83,20.4,0
"2026-03-07 06:00:00",12930,802,"Chapada_Low",11.86,2851.31,20.6,0,2635.24,21,0,2589.74,20.8,1,2987.75,20.1,0,3546.8,20,11,2350.91,19.8,2,2477.17,20,0,2567.49,20.6,14,3068.08,20.4,0
"2026-03-07 06:15:00",12931,802,"Chapada_Low",11.86,2850.71,20.6,0,2634.85,21,1,2589.86,20.7,1,2986.17,20.1,1,3545.41,20,0,2348.41,19.7,1,2476.8,20,0,2567.16,20.6,0,3067.92,20.4,0
"2026-03-07 06:30:00",12932,802,"Chapada_Low",11.86,2850.37,20.6,0,2633.6,21,4,2590.17,20.7,0,2985.35,20.1,0,3545.27,20,1,2348.02,19.8,0,2476.2,20.1,0,2566.11,20.6,0,3067.66,20.4,0
"2026-03-07 06:45:00",12933,802,"Chapada_Low",11.86,2850.58,20.6,4,2633.01,21,0,2590.52,20.8,0,2984.1,20.2,0,3545.63,20,4,2350.54,19.8,4,2476.26,20.1,0,2565.92,20.6,0,3065.54,20.4,0
"2026-03-07 07:00:00",12934,802,"Chapada_Low",11.86,2850.59,20.6,0,2627.21,21,0,2589.3,20.8,2,2983.85,20.2,0,3545.27,20,8,2350.18,19.8,0,2475.92,20.1,0,2565.62,20.6,0,3066.11,20.4,2
"2026-03-07 07:15:00",12935,802,"Chapada_Low",11.86,2850.79,20.7,0,2643.77,21.1,0,2589.45,20.8,0,2981.71,20.2,0,3544.31,20.1,4,2349.63,19.9,9,2475.31,20.2,0,2565.01,20.7,0,3065.82,20.5,0
"2026-03-07 07:30:00",12936,802,"Chapada_Low",11.86,2850.06,20.7,0,2643.52,21.1,0,2590.14,20.9,0,2979.62,20.3,0,3544.95,20.2,0,2349.73,20,1,2475.52,20.2,0,2566.67,20.8,6,3065.39,20.6,0
"2026-03-07 07:45:00",12937,802,"Chapada_Low",11.86,2850.58,20.8,0,2643.28,21.2,0,2590.93,21,0,2977.88,20.4,0,3543.72,20.3,7,2349.29,20.1,0,2474.54,20.4,0,2565.38,20.9,0,3063.41,20.7,0
"2026-03-07 08:00:00",12938,802,"Chapada_Low",11.86,2850.58,21,0,2641.42,21.3,0,2590.22,21.2,6,2976.87,20.6,0,3543.2,20.5,1,2349.01,20.4,0,2473.92,20.6,0,2564.93,21,10,3064.5,21,0
"2026-03-07 08:15:00",12939,802,"Chapada_Low",11.86,2850.21,21.2,0,2641.67,21.5,0,2590.35,21.4,0,2974.41,20.8,0,3541.66,20.8,0,2348.74,20.7,0,2474.5,21,0,2562.74,21.3,20,3062.27,21.3,0
"2026-03-07 08:30:00",12940,802,"Chapada_Low",11.86,2850.56,21.4,0,2640.54,21.7,2,2590.67,21.6,26,2972.72,21.1,0,3541.39,21,2,2348.8,20.9,1,2473.35,21.3,0,2563.79,21.6,0,3063.75,21.6,0
"2026-03-07 08:45:00",12941,802,"Chapada_Low",11.86,2850.83,21.7,1,2639.24,21.8,10,2591,21.8,0,2971.02,21.3,0,3541.25,21.3,2,2348.62,21.2,0,2472.76,21.5,0,2560.91,21.8,0,3060.37,22,0
"2026-03-07 09:00:00",12942,802,"Chapada_Low",11.86,2851.14,22,0,2652.45,22.1,0,2590.28,22.1,21,2967.45,21.6,0,3540.32,21.5,2,2348.32,21.6,6,2470.33,21.8,0,2561.56,22.1,0,3060.13,22.3,0
"2026-03-07 09:15:00",12943,802,"Chapada_Low",11.86,2851.13,22.3,7,2644.75,22.5,0,2589.92,22.7,13,2961.26,21.9,3,3539.02,22,0,2347.39,22.1,0,2470.98,22.3,0,2559.61,22.6,0,3058.79,22.8,0
"2026-03-07 09:30:00",12944,802,"Chapada_Low",11.86,2851.3,22.8,2,2643.8,22.9,0,2590.09,23,6,2957.78,22.5,0,3537.33,22.5,2,2347.4,22.6,0,2468.21,22.8,0,2558.79,23.2,0,3057.5,23.5,0
"2026-03-07 09:45:00",12945,802,"Chapada_Low",11.86,2850.33,23.1,0,2643.12,23.2,0,2589.69,23.3,0,2955.8,22.6,0,3534.61,23.4,0,2347.06,23.1,1,2467.49,23.2,0,2558.7,23.6,0,3057.81,23.9,0
"2026-03-07 10:00:00",12946,802,"Chapada_Low",11.86,2849.93,23.3,0,2641.82,23.5,0,2589.98,23.5,5,2953.86,22.8,0,3533.38,23.2,5,2345.51,23.8,0,2466.32,23.6,0,2556.76,23.9,0,3056.66,24.2,0
"2026-03-07 10:15:00",12947,802,"Chapada_Low",11.86,2848.2,23.6,0,2639.69,23.9,0,2589.88,23.8,4,2950.88,23.1,1,3532.55,23.4,7,2344.76,23.8,0,2464.93,24.1,4,2555.08,24.6,0,3053.58,24.7,0
"2026-03-07 10:30:00",12948,802,"Chapada_Low",11.86,2845.15,23.8,1,2638.2,24.2,7,2589.71,24,0,2948.88,23.3,0,3531.25,23.6,0,2343.73,23.9,14,2463.69,24.2,0,2553.49,25,0,3053.7,25.7,2
"2026-03-07 10:45:00",12949,802,"Chapada_Low",11.86,2844.39,24.5,0,2636.63,24.6,4,2590,24.3,0,2945.66,23.7,0,3529.13,24,4,2342.82,24.3,0,2462.21,24.6,0,2551.27,25.4,2,3052.07,25.9,0
"2026-03-07 11:00:00",12950,802,"Chapada_Low",11.86,2843.32,24.6,2,2635.76,25.5,0,2590.06,24.7,0,2941.38,24,0,3527.19,24.3,0,2340.13,24.6,2,2460.31,25,3,2548.74,25.9,0,3051.21,26.3,0
"2026-03-07 11:15:00",12951,802,"Chapada_Low",11.86,2841.89,24.4,0,2633.68,25.2,0,2591.84,25.1,0,2938.65,24.2,0,3526.72,24.2,3,2339.26,24.5,0,2460.28,24.9,0,2547.99,25.9,0,3050.36,26.1,0
"2026-03-07 11:30:00",12952,802,"Chapada_Low",11.86,2839.79,24.7,0,2632.41,25.4,0,2589.83,25.3,0,2933.43,24.8,0,3525,25.1,5,2338.06,24.9,0,2458.59,25.3,0,2547.71,26.3,0,3049.13,26.6,12
"2026-03-07 11:45:00",12953,802,"Chapada_Low",11.86,2838.25,25.2,0,2632.75,26,0,2587.18,26.1,0,2929.2,25.2,0,3522.61,25.5,2,2337.67,26.6,0,2457.27,26.1,0,2545.93,27.2,0,3046.9,27.7,0
"2026-03-07 12:00:00",12954,802,"Chapada_Low",11.86,2835.45,25.3,0,2631.57,26,0,2586.65,26.3,3,2924.57,25.3,0,3521.84,25.4,0,2335.91,26.3,2,2455.72,26.7,0,2543.46,27.3,0,3045.96,27.6,0
"2026-03-07 12:15:00",12955,802,"Chapada_Low",11.86,2834.26,25.3,0,2629.76,25.9,9,2586.44,26.3,0,2920.28,25.2,0,3521.29,25.2,3,2336.26,26,10,2453.77,26.5,0,2543.53,27.7,0,3045.92,27.6,0
"2026-03-07 12:30:00",12956,802,"Chapada_Low",11.86,2833.43,25.3,0,2630.01,25.6,0,2588.14,26,0,2919.64,25,0,3520.27,25,4,2336.3,25.6,0,2453.44,26.1,0,2542.06,27.2,0,3045.82,27.5,0
"2026-03-07 12:45:00",12957,802,"Chapada_Low",11.86,2832.08,25.4,0,2634.62,25.8,0,2587.45,26,25,2917.67,25,0,3519.42,24.9,0,2335.48,25.5,0,2453.69,26,0,2542.04,27,0,3044.87,27.2,0
"2026-03-07 13:00:00",12958,802,"Chapada_Low",11.86,2830.76,25.4,0,2646.74,25.8,0,2582.65,26.3,0,2917.77,25,0,3519.5,25,0,2335.14,25.6,0,2452.75,26,0,2541.25,26.9,0,3044.28,27.2,0
"2026-03-07 13:15:00",12959,802,"Chapada_Low",11.86,2829.34,25.6,0,2644.94,26,0,2584.44,26.7,0,2912.92,26,0,3517.63,25.3,9,2334.11,26,11,2452.31,26.4,0,2538.53,27.3,0,3043.66,27.8,0
"2026-03-07 13:30:00",12960,802,"Chapada_Low",11.86,2828.1,25.6,0,2643.5,26,0,2581.68,26.7,0,2911.45,25.8,0,3517.1,26,2,2333.3,26.2,7,2450.4,26.6,0,2537.56,27.5,0,3044.05,27.8,0
"2026-03-07 13:45:00",12961,802,"Chapada_Low",11.86,2826.94,25.8,4,2640.89,26.2,2,2584.18,26.9,0,2909.32,26,0,3515.79,26,2,2332.88,26.9,0,2449.73,27.1,0,2536.15,27.8,0,3042.98,28.1,0
"2026-03-07 14:00:00",12962,802,"Chapada_Low",11.86,2825.51,26.3,0,2639.33,26.7,3,2581.8,27.6,0,2907.06,26.6,0,3512.71,26.6,7,2332.57,27.3,2,2445.2,28.3,0,2535.21,28.6,0,3041.51,28.8,0
"2026-03-07 14:15:00",12963,802,"Chapada_Low",11.86,2823,26.8,0,2637.74,27,0,2583.16,28.1,6,2902.53,27.2,0,3510.01,26.9,2,2332.08,27.4,12,2443.23,28.8,0,2531.27,28.8,0,3038.93,30.2,0
"2026-03-07 14:30:00",12964,802,"Chapada_Low",11.86,2821.34,27.9,0,2631.44,27.3,0,2583.05,28.7,0,2897.36,28,0,3506.26,27.3,0,2330.61,27.6,2,2440.81,29.8,0,2530.31,28.7,0,3036.97,30.7,2
"2026-03-07 14:45:00",12965,802,"Chapada_Low",11.86,2818.18,27.6,1,2614.09,27.9,0,2580.13,28.9,0,2893.63,28.2,0,3505.57,27.3,0,2330.58,27.6,3,2439.63,29.7,0,2528.85,28.5,0,3035.06,30.5,0
"2026-03-07 15:00:00",12966,802,"Chapada_Low",11.86,2816.78,27.7,0,2612,27.9,0,2580.17,29.7,0,2888.81,28.8,0,3503.26,27.5,0,2329.38,27.7,0,2437.88,30,0,2527.52,28.5,2,3034.34,30.6,0
"2026-03-07 15:15:00",12967,802,"Chapada_Low",11.86,2814.75,27.7,0,2610.31,28.1,0,2579.34,29.7,5,2884.16,29.4,0,3501.5,28.3,0,2328.73,27.9,3,2436.34,30.3,0,2525.54,28.7,0,3032.04,30.8,0
"2026-03-07 15:30:00",12968,802,"Chapada_Low",11.86,2813.51,27.3,0,2610.68,27.8,0,2578.45,29.1,0,2882.49,28.7,0,3500.82,27.8,3,2327.85,28.3,0,2436.24,29.7,1,2524.12,28.6,0,3031.5,30.4,0
"2026-03-07 15:45:00",12969,802,"Chapada_Low",11.85,2812.24,26.8,0,2608.61,27.3,0,2578.88,28.3,0,2883.72,27.8,0,3501.37,26.9,0,2327.98,27.6,9,2436.36,29.3,0,2523.59,28.2,0,3032.25,29.5,2
"2026-03-07 16:00:00",12970,802,"Chapada_Low",11.86,2811.51,26.3,0,2606.62,26.8,0,2576.93,27.6,0,2883.87,27.1,0,3503.51,26.1,6,2328.25,26.8,0,2438.34,28.3,0,2524.81,28,0,3033.08,28.7,0
"2026-03-07 16:15:00",12971,802,"Chapada_Low",11.86,2810.86,26,0,2606.37,26.4,0,2576.5,27.1,0,2882.42,26.4,0,3504.9,25.6,3,2329.19,26.2,16,2439.4,27.4,0,2525.23,27.4,0,3034.04,28.4,0
"2026-03-07 16:30:00",12972,802,"Chapada_Low",11.86,2810.72,25.7,0,2595.85,26.2,0,2578.22,26.6,2,2883.5,25.9,0,3506.53,25.2,2,2329.38,25.7,0,2440.13,26.8,0,2525.93,26.9,0,3035.27,27.9,0
"2026-03-07 16:45:00",12973,802,"Chapada_Low",11.86,2810.39,25.4,0,2619.5,26,0,2578.19,26.4,0,2884.1,25.5,0,3507.42,25,0,2329.87,25.3,3,2440.93,26.3,0,2526.16,26.6,0,3035.36,27.5,0
"2026-03-07 17:00:00",12974,802,"Chapada_Low",11.86,2809.6,25.2,0,2619.11,25.7,0,2576.15,26,0,2884.88,25.4,0,3508.02,24.7,2,2331.06,25,1,2441.77,25.9,4,2525.07,26.3,0,3036,27.2,0
"2026-03-07 17:15:00",12975,802,"Chapada_Low",11.86,2808.87,24.9,3,2617.68,25.4,0,2575.91,25.7,0,2884.18,25,0,3509.28,24.7,0,2331.04,24.7,0,2442.82,25.5,0,2525.78,26,0,3037.01,26.8,0
"2026-03-07 17:30:00",12976,802,"Chapada_Low",11.84,2810.52,24.7,0,2617.45,25.2,0,2577.57,25.4,0,2884.26,24.7,0,3510.94,24.4,2,2332.98,24.6,0,2442.9,25.2,0,2525.61,25.7,0,3037.68,26.5,0
"2026-03-07 17:45:00",12977,802,"Chapada_Low",11.86,2808.31,24.5,0,2618.94,25,0,2575.8,25.2,0,2885.83,24.4,0,3511.39,24.1,3,2333.9,24.2,2,2443.61,25,0,2526.26,25.5,2,3037.85,26.1,7
"2026-03-07 18:00:00",12978,802,"Chapada_Low",11.86,2809.86,24.3,0,2619.09,24.7,0,2575.21,25,0,2886.38,24.1,0,3511.68,23.8,4,2333.91,23.9,1,2443.75,24.6,0,2526.32,25.2,0,3038.5,25.8,0
"2026-03-07 18:15:00",12979,802,"Chapada_Low",11.86,2809.04,24.2,6,2605.09,24.6,0,2575.9,24.8,0,2887.63,23.9,0,3512.03,23.6,0,2334.88,23.7,4,2444.35,24.3,0,2524.92,24.9,0,3036.92,25.4,0
"2026-03-07 18:30:00",12980,802,"Chapada_Low",11.86,2809.22,24,0,2606.26,24.4,0,2575.22,24.5,0,2887.8,23.7,1,3513.67,23.5,0,2335.59,23.5,9,2445.3,24.1,0,2525.47,24.6,0,3038.06,25.1,0
"2026-03-07 18:45:00",12981,802,"Chapada_Low",11.86,2808.55,23.9,4,2605.39,24.3,0,2575.51,24.4,3,2887.26,23.6,0,3513.64,23.3,1,2335.78,23.3,0,2445.52,23.9,0,2526.2,24.4,0,3038.84,24.9,0
"2026-03-07 19:00:00",12982,802,"Chapada_Low",11.86,2808.64,23.8,0,2604.24,24.1,0,2577.35,24.3,2,2888.2,23.5,0,3515.05,23.3,3,2336.56,23.2,5,2445.34,23.7,0,2525.62,24.3,0,3040.95,24.7,0
"2026-03-07 19:15:00",12983,802,"Chapada_Low",11.85,2808.47,23.6,0,2604.79,24,0,2575.91,24.1,0,2888.84,23.3,3,3514.75,23.2,2,2337.25,23,0,2446.21,23.5,0,2525.18,24.1,0,3039.36,24.3,0
"2026-03-07 19:30:00",12984,802,"Chapada_Low",11.85,2808.08,23.5,0,2604.82,23.8,0,2575.53,23.9,4,2892.45,23.1,0,3516.12,23,2,2337.92,22.8,0,2446.39,23.3,3,2525.21,23.9,0,3040.46,24,0
"2026-03-07 19:45:00",12985,802,"Chapada_Low",11.86,2808.05,23.3,0,2604.98,23.6,3,2575.74,23.7,10,2897.34,22.9,0,3516.32,22.7,1,2337.83,22.6,3,2446.97,23,0,2523.72,23.7,0,3040.98,23.7,2
"2026-03-07 20:00:00",12986,802,"Chapada_Low",11.86,2808.13,23.1,0,2604.11,23.5,3,2575.9,23.5,0,2903.98,22.7,0,3517.31,22.5,0,2338.71,22.4,0,2446.97,22.8,0,2520.64,23.5,0,3043.28,23.4,0
"2026-03-07 20:15:00",12987,802,"Chapada_Low",11.86,2807.67,22.9,0,2607.55,23.3,0,2575.77,23.3,0,2904.79,22.5,0,3517.72,22.3,0,2338.77,22.2,0,2446.4,22.5,0,2523.49,23.2,5,3042.14,23.2,0
"2026-03-07 20:30:00",12988,802,"Chapada_Low",11.86,2807.15,22.8,0,2596.5,23.2,0,2575.25,23.1,0,2906.59,22.4,2,3518.74,22.2,0,2338.97,22.1,0,2448.33,22.4,0,2525.59,23.1,9,3044.76,23,0
"2026-03-07 20:45:00",12989,802,"Chapada_Low",11.86,2806.98,22.7,2,2596.09,23.1,11,2575.51,23,2,2908.22,22.2,0,3518.2,22.1,2,2340.03,21.9,0,2448.35,22.2,0,2524.74,22.9,0,3045.12,22.8,0
"2026-03-07 21:00:00",12990,802,"Chapada_Low",11.86,2806.86,22.6,0,2595.2,22.9,0,2575.11,22.9,0,2908.22,22.1,0,3519.2,21.9,0,2340.04,21.7,7,2447.85,22,0,2526.06,22.8,0,3045.57,22.6,0
"2026-03-07 21:15:00",12991,802,"Chapada_Low",11.85,2806.23,22.5,0,2594.02,22.8,0,2575.52,22.8,2,2907.22,22,0,3521.85,21.8,6,2340.6,21.5,0,2449.19,21.9,0,2527.12,22.7,5,3044.14,22.4,0
"2026-03-07 21:30:00",12992,802,"Chapada_Low",11.86,2805.7,22.4,0,2594.3,22.7,0,2575.16,22.7,0,2909.07,21.9,0,3522.15,21.7,0,2342.88,21.5,2,2448.92,21.9,0,2526.83,22.5,0,3044.8,22.3,0
"2026-03-07 21:45:00",12993,802,"Chapada_Low",11.86,2805.35,22.3,3,2595.73,22.7,0,2575.4,22.6,0,2910.47,21.7,0,3523.42,21.6,0,2343.19,21.4,5,2449.65,21.7,0,2526.88,22.4,0,3047.14,22.2,1
"2026-03-07 22:00:00",12994,802,"Chapada_Low",11.86,2805.45,22.2,0,2605.05,22.5,0,2575.54,22.5,7,2913.91,21.6,0,3522.72,21.5,1,2343.38,21.3,14,2449.58,21.6,0,2526.3,22.3,0,3044.84,22.1,0
"2026-03-07 22:15:00",12995,802,"Chapada_Low",11.86,2805.17,22.1,0,2607.58,22.4,0,2575.38,22.4,0,2914.38,21.5,0,3523.4,21.4,0,2343.64,21.2,3,2448.01,21.5,0,2525.53,22.2,0,3044.28,22,0
"2026-03-07 22:30:00",12996,802,"Chapada_Low",11.86,2804.84,22.1,0,2607.73,22.4,0,2575.49,22.3,0,2914.69,21.5,0,3523.2,21.4,1,2343.46,21.2,0,2450.19,21.4,0,2528.48,22.1,0,3046.9,21.9,0
"2026-03-07 22:45:00",12997,802,"Chapada_Low",11.86,2804.69,22,0,2607.17,22.3,0,2575.73,22.2,2,2911.94,21.4,0,3523.97,21.2,7,2343.66,21.1,0,2449.6,21.3,0,2529.74,22,0,3047.11,21.8,1
"2026-03-07 23:00:00",12998,802,"Chapada_Low",11.85,2804.03,21.9,0,2606.96,22.2,0,2574.82,22.1,4,2915.01,21.2,0,3523.35,21.1,0,2345.2,20.8,2,2449.24,21.2,6,2529.43,21.9,0,3045.16,21.6,0
"2026-03-07 23:15:00",12999,802,"Chapada_Low",11.85,2804.23,21.7,1,2607.45,22.1,0,2575.77,22,0,2915.23,21.1,0,3524.87,20.9,19,2345.7,20.7,1,2449.46,21,0,2529.56,21.7,0,3047.58,21.5,0
"2026-03-07 23:30:00",13000,802,"Chapada_Low",11.86,2803.99,21.6,0,2607.43,22,0,2575.23,21.9,0,2915.46,21,0,3524.74,20.8,0,2344.89,20.6,2,2449.56,20.9,0,2529.83,21.6,0,3046.2,21.4,0
"2026-03-07 23:45:00",13001,802,"Chapada_Low",11.86,2804.4,21.5,0,2606.35,21.9,0,2575.56,21.8,2,2915.57,20.9,1,3525,20.8,2,2345.63,20.5,2,2449.23,20.9,0,2531.03,21.5,0,3045.92,21.3,0
"2026-03-08 00:00:00",13002,802,"Chapada_Low",11.86,2803.87,21.4,0,2608.29,21.9,0,2575.6,21.7,0,2915.94,20.9,0,3527.14,20.7,1,2347.3,20.5,1,2449,20.8,0,2531.93,21.5,0,3047.74,21.2,0
"2026-03-08 00:15:00",13003,802,"Chapada_Low",11.86,2803.38,21.4,0,2601.39,21.8,0,2575.36,21.6,10,2915.61,20.8,0,3526.25,20.7,0,2347.39,20.4,4,2449.91,20.7,0,2531.72,21.4,0,3046.68,21.1,0
"2026-03-08 00:30:00",13004,802,"Chapada_Low",11.86,2803.4,21.3,0,2600.55,21.7,0,2574.58,21.6,0,2915.52,20.7,0,3525.72,20.7,3,2347.83,20.4,0,2450.21,20.7,0,2532.17,21.3,1,3046.67,21,0
"2026-03-08 00:45:00",13005,802,"Chapada_Low",11.86,2802.59,21.3,0,2600.24,21.7,0,2575.69,21.5,0,2915.15,20.7,0,3525.55,20.6,4,2347.27,20.3,0,2450.12,20.6,0,2532.14,21.3,0,3046.75,21,0
"2026-03-08 01:00:00",13006,802,"Chapada_Low",11.84,2801.83,21.2,0,2601.09,21.6,0,2575.03,21.4,2,2914.46,20.6,0,3525.95,20.5,2,2348.24,20.2,0,2449.92,20.5,0,2532.06,21.2,0,3049.52,20.9,0
"2026-03-08 01:15:00",13007,802,"Chapada_Low",11.86,2802.41,21.1,0,2600.73,21.5,0,2574.76,21.4,2,2913.85,20.5,2,3527.54,20.4,0,2347.56,20.1,0,2450.37,20.4,0,2531.91,21.1,0,3047.22,20.8,4
"2026-03-08 01:30:00",13008,802,"Chapada_Low",11.86,2802.17,21,0,2600.7,21.5,5,2575.13,21.3,0,2913.05,20.5,0,3526.75,20.4,0,2348.23,20.1,14,2450.44,20.4,0,2532.53,21.1,0,3048.02,20.7,0
"2026-03-08 01:45:00",13009,802,"Chapada_Low",11.86,2802.04,21,0,2600.46,21.4,0,2574.81,21.3,0,2911.71,20.4,16,3526.69,20.3,1,2348.3,20,4,2451.12,20.3,0,2531.55,21,0,3049.68,20.7,0
"2026-03-08 02:00:00",13010,802,"Chapada_Low",11.86,2802.38,20.9,0,2586.73,21.3,0,2575.68,21.2,0,2911.29,20.3,0,3527.38,20.3,1,2347.48,19.9,1,2451.01,20.3,0,2531.39,20.9,0,3050.52,20.6,0
"2026-03-08 02:15:00",13011,802,"Chapada_Low",11.86,2800.14,20.9,0,2587.36,21.3,9,2575.04,21,0,2911.61,20.3,0,3527.42,20.2,0,2348.09,19.8,0,2450.91,20.3,0,2531.66,20.8,0,3050.32,20.5,6
"2026-03-08 02:30:00",13012,802,"Chapada_Low",11.86,2801.79,20.8,0,2587.12,21.2,0,2574.99,21,0,2911.49,20.2,0,3526.94,20.1,4,2347.86,19.8,0,2450.82,20.1,0,2531.71,20.8,0,3048.42,20.4,8
"2026-03-08 02:45:00",13013,802,"Chapada_Low",11.85,2801.35,20.8,0,2586.12,21.2,0,2575.16,21,0,2910.8,20.1,0,3528.19,20,0,2346.35,19.6,0,2451.34,20,0,2532.1,20.7,5,3050.55,20.3,0
"2026-03-08 03:00:00",13014,802,"Chapada_Low",11.85,2801.93,20.7,0,2586.05,21,0,2575.26,20.9,0,2911.66,20.1,0,3528.14,20,0,2346.43,19.6,1,2451.09,20,0,2531.72,20.7,0,3048.7,20.3,0
"2026-03-08 03:15:00",13015,802,"Chapada_Low",11.86,2801.03,20.6,0,2586.35,21,19,2575.96,20.9,0,2911.7,20,0,3529.19,19.9,0,2347.09,19.6,0,2452.77,19.9,0,2531.99,20.6,0,3049.1,20.2,0
"2026-03-08 03:30:00",13016,802,"Chapada_Low",11.86,2801.21,20.6,0,2585.56,21,0,2574.53,20.9,0,2912.07,20,0,3528.97,19.9,3,2346.86,19.6,3,2450.96,19.9,0,2532.75,20.6,1,3049.47,20.2,0
"2026-03-08 03:45:00",13017,802,"Chapada_Low",11.86,2801.53,20.6,0,2581.89,21,0,2575.81,20.9,0,2911.95,20,0,3528.85,20,0,2348.1,19.7,0,2451.78,19.9,0,2532.06,20.6,0,3051.03,20.2,12
"2026-03-08 04:00:00",13018,802,"Chapada_Low",11.86,2800.91,20.7,0,2595.42,21,0,2575.6,20.8,0,2908.96,20.1,0,3528.92,20,2,2349.66,19.7,0,2452.1,20,0,2531.68,20.6,0,3051.38,20.3,0
"2026-03-08 04:15:00",13019,802,"Chapada_Low",11.86,2800.87,20.7,0,2595.65,21.1,0,2575.29,20.9,0,2911.64,20.1,0,3528.29,20.1,34,2349.71,19.8,6,2451.47,20.1,0,2531.96,20.7,0,3051.04,20.3,0
"2026-03-08 04:30:00",13020,802,"Chapada_Low",11.86,2800.83,20.7,0,2595.84,21.1,0,2575.72,20.9,13,2910.12,20.2,0,3528.03,20.1,0,2349.51,19.9,7,2451.21,20.2,0,2531.98,20.7,0,3050.89,20.4,17
"2026-03-08 04:45:00",13021,802,"Chapada_Low",11.84,2800.25,20.8,0,2596.08,21.1,0,2575.75,21,5,2910.83,20.3,0,3528.84,20.2,7,2349.96,19.9,0,2451.17,20.3,0,2530.63,20.8,0,3048.96,20.5,0
"2026-03-08 05:00:00",13022,802,"Chapada_Low",11.85,2800.26,20.9,0,2597.84,21.1,0,2575.74,21.1,0,2906.33,20.3,0,3527.3,20.3,0,2349.43,20,1,2451.52,20.3,0,2530.54,20.8,0,3049.03,20.5,0
"2026-03-08 05:15:00",13023,802,"Chapada_Low",11.86,2800.1,20.8,0,2598.48,21.1,0,2576.19,21.1,0,2908.01,20.3,0,3527.54,20.3,3,2349.4,20,0,2452.03,20.3,0,2532.91,20.8,0,3048.54,20.5,0
"2026-03-08 05:30:00",13024,802,"Chapada_Low",11.86,2799.76,20.8,0,2575.74,21.1,0,2576.09,21.1,17,2908.04,20.3,0,3527.14,20.3,0,2350.23,20,0,2451.17,20.3,0,2531.82,20.8,12,3050.62,20.5,5
"2026-03-08 05:45:00",13025,802,"Chapada_Low",11.86,2799.16,20.9,0,2571.36,21.1,0,2575.47,21.1,0,2907.63,20.3,0,3527.05,20.3,11,2348.92,20.1,0,2451.4,20.4,0,2533,20.8,0,3048.83,20.5,0
"2026-03-08 06:00:00",13026,802,"Chapada_Low",11.86,2800.04,20.9,0,2570.75,21.1,1,2575.94,21,0,2906.36,20.3,2,3528.48,20.3,0,2349.76,20.1,1,2451.18,20.3,0,2532.87,20.8,0,3050.86,20.5,0
"2026-03-08 06:15:00",13027,802,"Chapada_Low",11.86,2798.49,20.8,0,2571.05,21.1,0,2576,21,0,2906.94,20.3,0,3528.28,20.3,0,2349.78,20.1,0,2450.6,20.4,0,2531.77,20.8,0,3051.39,20.5,0
"2026-03-08 06:30:00",13028,802,"Chapada_Low",11.85,2799.32,20.8,0,2570.28,21.1,0,2575.63,21,0,2909.36,20.3,0,3527.99,20.3,4,2349.65,20,0,2450.93,20.4,0,2531.23,20.8,10,3051.29,20.5,0
"2026-03-08 06:45:00",13029,802,"Chapada_Low",11.85,2799.07,20.8,0,2570.54,21.1,0,2575.79,21,8,2909.89,20.3,0,3527.62,20.3,2,2349.51,20,3,2451.12,20.4,0,2532.32,20.8,0,3051.2,20.5,0
"2026-03-08 07:00:00",13030,802,"Chapada_Low",11.86,2799.04,20.9,0,2570.23,21.2,0,2575.37,21.1,6,2910.17,20.4,0,3528.39,20.3,1,2349.83,20.1,0,2451.09,20.4,0,2531.11,20.9,0,3050.63,20.6,6
"2026-03-08 07:15:00",13031,802,"Chapada_Low",11.86,2798.59,21,0,2569.7,21.3,0,2575.54,21.2,0,2909.05,20.5,0,3527.78,20.5,0,2349.26,20.2,4,2450.25,20.5,0,2530.82,21,0,3049.93,20.8,0
"2026-03-08 07:30:00",13032,802,"Chapada_Low",11.86,2798.21,21.1,2,2568.86,21.4,0,2575.06,21.3,3,2908.53,20.6,0,3528.24,20.6,2,2348.74,20.4,0,2450.58,20.7,0,2530.62,21.1,0,3047.37,20.9,0
"2026-03-08 07:45:00",13033,802,"Chapada_Low",11.86,2798.42,21.3,3,2565.75,21.5,0,2575.44,21.4,0,2908.44,20.7,0,3527.51,20.7,1,2348.98,20.6,3,2451.88,20.9,4,2529.71,21.3,0,3048.98,21.1,0
"2026-03-08 08:00:00",13034,802,"Chapada_Low",11.86,2797.8,21.4,0,2566.03,21.6,0,2575.71,21.6,0,2906.72,20.9,3,3526.38,20.9,1,2348.48,20.7,5,2450.44,21,1,2529.97,21.5,0,3048.96,21.3,0
"2026-03-08 08:15:00",13035,802,"Chapada_Low",11.86,2797.46,21.5,0,2565.8,21.8,0,2575.44,21.7,0,2906.16,21,0,3526.59,21.1,4,2347.73,21,0,2450.14,21.2,0,2529.35,21.7,0,3046.57,21.6,0
"2026-03-08 08:30:00",13036,802,"Chapada_Low",11.84,2797.01,21.8,0,2564.5,22,7,2575.4,22,0,2904.94,21.3,0,3525.22,21.3,3,2348.54,21.3,0,2450.49,21.6,0,2529.59,22,0,3047.75,22.1,0
"2026-03-08 08:45:00",13037,802,"Chapada_Low",11.86,2796.62,22.2,0,2564.78,22.3,0,2575.47,22.4,0,2900.89,21.6,0,3523.78,21.7,0,2348.46,21.8,0,2449.82,22.2,0,2527.51,22.6,0,3046.09,22.8,0
"2026-03-08 09:00:00",13038,802,"Chapada_Low",11.86,2796.99,22.8,0,2563.41,22.8,0,2575.64,23.1,0,2900.31,22.1,0,3522.84,22.3,3,2347.34,22.7,0,2448.4,22.9,0,2527.79,23.5,0,3044.25,23.9,0
"2026-03-08 09:15:00",13039,802,"Chapada_Low",11.86,2794.64,24.1,0,2563.57,23.4,0,2575.29,23.7,0,2899.03,22.4,0,3520.97,23,5,2347.03,23.7,3,2447.27,23.6,0,2526.36,24.3,0,3041.4,25.4,0
"2026-03-08 09:30:00",13040,802,"Chapada_Low",11.86,2793.24,24.4,0,2559.98,24.5,0,2576.48,24.4,4,2898.14,22.7,0,3518.26,23.5,2,2346.6,24.4,5,2446.19,24.2,0,2525.63,25.2,0,3038.66,26.5,0
"2026-03-08 09:45:00",13041,802,"Chapada_Low",11.85,2791.9,24.6,0,2558.3,24.6,0,2574.42,25.1,0,2894.97,23.3,0,3516.06,23.8,2,2343.64,24.6,0,2444.97,24.5,1,2524.1,25.8,0,3037.05,27.1,0
"2026-03-08 10:00:00",13042,802,"Chapada_Low",11.86,2790.39,25,0,2557.22,25.1,0,2575.33,25.4,0,2892.37,24.3,0,3512.96,25,0,2342.69,25.2,3,2442.33,25.1,0,2522.97,26.6,0,3034.77,28.1,0
"2026-03-08 10:15:00",13043,802,"Chapada_Low",11.85,2790.18,25.2,0,2556,25.3,0,2574.21,25.4,0,2889.65,24.4,0,3511.92,25,1,2340.93,26,11,2440.77,25.4,0,2520.69,27,0,3032.47,28.3,0
"2026-03-08 10:30:00",13044,802,"Chapada_Low",11.85,2788.06,25.6,0,2553.99,26.1,3,2573.83,26,21,2887.12,25.1,0,3508.66,25.5,3,2338.75,26.4,1,2438.8,26.7,0,2517.35,28.2,0,3029.49,29.6,0
"2026-03-08 10:45:00",13045,802,"Chapada_Low",11.85,2786.81,26.2,0,2550.9,27.1,0,2575.96,26.8,0,2881.61,26.1,0,3505.87,26.3,0,2336.94,27.1,0,2435.26,27.3,0,2514.83,30.3,0,3024.03,31,2
"2026-03-08 11:00:00",13046,802,"Chapada_Low",11.85,2784.93,26.7,0,2548.11,27.6,0,2573.43,27.3,0,2880.06,26.7,0,3503.5,26.6,0,2336.19,27.5,4,2433.48,27.8,0,2511.68,31,0,3021.81,31.5,0
"2026-03-08 11:15:00",13047,802,"Chapada_Low",11.85,2783.76,26.7,0,2557.95,27.4,8,2572.54,27.1,0,2878.35,26.6,0,3502.25,26.3,8,2335.55,27.2,0,2432.34,27.6,0,2511.39,30.5,0,3022.58,30.8,1
"2026-03-08 11:30:00",13048,802,"Chapada_Low",11.85,2782.55,25.9,0,2569.15,26.5,0,2573.11,26.4,8,2877.58,25.6,0,3504.07,25.4,1,2335.46,26.2,0,2434.22,26.7,0,2511.56,29,0,3024.32,29.3,0
"2026-03-08 11:45:00",13049,802,"Chapada_Low",11.85,2781.68,25.2,0,2567.68,25.7,0,2571.13,25.6,0,2877.19,25.1,0,3504.73,24.6,0,2336.29,25.3,0,2435.92,25.8,0,2512.57,27.6,0,3026.05,28.1,0
"2026-03-08 12:00:00",13050,802,"Chapada_Low",11.86,2783.69,24.7,0,2569.71,25.1,0,2573.14,25,0,2877.34,24.4,0,3506.43,24.3,0,2338.29,24.6,0,2437.31,25.1,0,2511.37,26.6,0,3026.82,27.1,0
"2026-03-08 12:15:00",13051,802,"Chapada_Low",11.84,2784.31,24.3,0,2569.15,24.5,0,2573.25,24.6,0,2878.96,23.9,0,3508.11,23.8,4,2339.41,24.2,11,2436.52,24.6,0,2512.54,25.8,0,3028.84,26.2,0
"2026-03-08 12:30:00",13052,802,"Chapada_Low",11.85,2784.07,23.8,0,2569.01,24,0,2572.73,24.1,0,2880.54,23.4,0,3509.27,23.3,3,2339.59,23.5,11,2437.23,24.2,0,2512.57,25.3,18,3028.6,25.5,0
"2026-03-08 12:45:00",13053,802,"Chapada_Low",11.85,2783.96,23.5,0,2547.05,23.7,14,2571.25,23.8,0,2881.41,23.1,0,3511.06,22.9,3,2340.35,23.1,4,2463.56,23.7,2,2515.55,24.8,0,3029.81,24.9,0
"2026-03-08 13:00:00",13054,802,"Chapada_Low",11.86,2784.18,23.3,2,2549.16,23.4,0,2571.36,23.5,0,2882.48,22.8,0,3511.96,22.6,3,2341.11,22.7,0,2464.61,23.4,0,2516.9,24.4,0,3032.26,24.5,0
"2026-03-08 13:15:00",13055,802,"Chapada_Low",11.86,2779.8,23.1,0,2565.11,23.3,0,2571.28,23.3,0,2882.38,22.6,0,3512.5,22.4,0,2342.07,22.4,0,2465.33,23.1,0,2518.46,24,0,3031.52,24.2,0
"2026-03-08 13:30:00",13056,802,"Chapada_Low",11.86,2780.59,22.9,2,2565.16,23,0,2570.34,23.2,2,2883.78,22.5,0,3513.57,22.3,0,2342.54,22.2,0,2466.39,22.8,0,2518.88,23.7,9,3032.17,23.9,0
"2026-03-08 13:45:00",13057,802,"Chapada_Low",11.86,2782.81,22.7,0,2564.86,22.8,0,2571.03,23,1,2884,22.3,0,3513.45,22.1,3,2343.64,22,0,2466.66,22.6,0,2519.57,23.5,0,3033.25,23.6,0
"2026-03-08 14:00:00",13058,802,"Chapada_Low",11.85,2783.2,22.6,0,2566.21,22.7,0,2571.32,22.8,0,2884.28,22.2,0,3513.25,22,0,2344.01,21.9,1,2466.58,22.5,0,2519.28,23.3,0,3035.86,23.4,0
"2026-03-08 14:15:00",13059,802,"Chapada_Low",11.85,2783.13,22.6,2,2566.27,22.7,0,2570.81,22.8,0,2884.08,22.1,0,3514.59,22,6,2344.25,21.9,0,2466.39,22.5,0,2520.54,23.2,0,3036.18,23.3,0
"2026-03-08 14:30:00",13060,802,"Chapada_Low",11.86,2783.14,22.6,3,2566.71,22.8,0,2571.42,22.8,0,2885.21,22.1,0,3514.21,22,1,2343.88,21.9,3,2466.11,22.4,0,2519.54,23.2,0,3034.51,23.4,1
"2026-03-08 14:45:00",13061,802,"Chapada_Low",11.85,2783.81,22.7,0,2567.47,22.8,0,2572.04,22.9,0,2885.02,22.2,0,3513.95,22.1,5,2344.29,22,10,2466.77,22.5,0,2520.9,23.2,0,3034.94,23.5,0
"2026-03-08 15:00:00",13062,802,"Chapada_Low",11.86,2785,22.8,0,2549.31,23,13,2572.39,23,0,2886.1,22.3,2,3513.2,22.1,0,2343.93,22.2,1,2466.71,22.6,0,2521.76,23.2,0,3034.98,23.7,0
"2026-03-08 15:15:00",13063,802,"Chapada_Low",11.86,2785.02,22.9,0,2548.54,23.1,0,2572.4,23.2,0,2885.15,22.4,0,3514.77,22.3,6,2346.11,22.3,0,2467.45,22.8,0,2520.77,23.3,0,3034.58,24,6
"2026-03-08 15:30:00",13064,802,"Chapada_Low",11.86,2784.48,23,1,2548,23.3,0,2571.52,23.3,1,2884.3,22.8,3,3513.77,22.5,2,2346.62,22.5,0,2467.28,23,0,2521.85,23.5,0,3036.47,24.3,0
"2026-03-08 15:45:00",13065,802,"Chapada_Low",11.86,2784.73,23.2,0,2548.1,23.5,0,2572.21,23.4,0,2883.82,22.9,0,3513.42,22.9,1,2345.16,22.8,2,2467.35,23.2,0,2521.79,23.7,0,3035.96,24.6,0
"2026-03-08 16:00:00",13066,802,"Chapada_Low",11.84,2784.64,23.3,0,2546.76,23.6,0,2572.24,23.5,0,2883.78,22.9,0,3513.37,22.8,13,2346.47,23,2,2466.68,23.3,0,2521.8,23.7,0,3033.63,24.7,0
"2026-03-08 16:15:00",13067,802,"Chapada_Low",11.86,2782.2,23.3,0,2546.31,23.6,0,2571.91,23.5,0,2882.55,22.9,0,3513.49,22.8,0,2346.98,22.8,0,2466.4,23.4,0,2521.43,23.8,0,3033.1,24.7,0
"2026-03-08 16:30:00",13068,802,"Chapada_Low",11.86,2781.91,23.3,0,2545.82,23.6,0,2572.2,23.5,0,2882.9,22.9,0,3513.15,22.7,0,2346.68,22.8,1,2466.36,23.3,0,2521.72,23.8,0,3035,24.7,0
"2026-03-08 16:45:00",13069,802,"Chapada_Low",11.86,2782.19,23.4,0,2546.55,23.6,0,2572.01,23.5,0,2883.34,22.8,0,3513.26,22.7,0,2346.94,22.7,3,2467.06,23.2,0,2521.09,23.7,0,3035.08,24.7,0
"2026-03-08 17:00:00",13070,802,"Chapada_Low",11.86,2782.16,23.5,10,2548.5,23.8,0,2572.54,23.6,0,2882.62,23,0,3513.18,22.8,0,2346.65,22.9,3,2466.99,23.3,0,2519.89,23.8,0,3033.32,24.9,0
"2026-03-08 17:15:00",13071,802,"Chapada_Low",11.86,2782.19,23.6,7,2548.36,23.8,0,2571.92,23.9,0,2882.93,23.2,0,3512.81,23,0,2346.23,23.1,0,2466.97,23.4,0,2521.37,24,0,3032.46,25.1,0
"2026-03-08 17:30:00",13072,802,"Chapada_Low",11.86,2783.61,23.6,0,2548.82,23.9,0,2571.79,24,0,2881.98,23.4,0,3512.31,23.3,3,2346.66,23.2,2,2466.41,23.5,0,2519.89,24,1,3032.68,25.2,0
"2026-03-08 17:45:00",13073,802,"Chapada_Low",11.85,2783.92,23.5,0,2547.56,23.8,0,2571.9,23.9,0,2881.59,23.3,0,3513.5,23.2,2,2346.57,23.3,0,2466.39,23.4,0,2519.48,24,0,3032.43,25.1,0
"2026-03-08 18:00:00",13074,802,"Chapada_Low",11.85,2783.03,23.4,0,2546.75,23.7,0,2573.56,23.8,0,2881.99,23.1,0,3513.07,23,3,2346.55,23.1,0,2467.09,23.5,0,2520.49,23.8,0,3032.74,24.8,0
"2026-03-08 18:15:00",13075,802,"Chapada_Low",11.86,2783.83,23.3,0,2546.08,23.5,2,2571.99,23.6,2,2881.95,23,0,3513.32,22.8,1,2346.78,23,0,2466.2,23.3,0,2519.99,23.8,0,3035.05,24.6,0
"2026-03-08 18:30:00",13076,802,"Chapada_Low",11.86,2783.92,23.2,0,2546.21,23.4,0,2571.61,23.5,0,2882.37,22.8,3,3513.21,22.7,5,2347.33,22.8,2,2466.95,23.1,0,2520,23.6,3,3035.12,24.3,0
"2026-03-08 18:45:00",13077,802,"Chapada_Low",11.86,2783.41,23,0,2543.78,23.3,0,2571.77,23.3,0,2882.21,22.6,0,3514.13,22.5,3,2346.75,22.6,0,2467.68,22.9,0,2519.36,23.4,0,3033.41,24,0
"2026-03-08 19:00:00",13078,802,"Chapada_Low",11.86,2783.24,22.8,0,2544.33,23.1,0,2572.18,23,0,2883.36,22.4,0,3513.09,22.3,0,2347.28,22.3,0,2466.67,22.6,0,2519.82,23.2,0,3036.29,23.6,1
"2026-03-08 19:15:00",13079,802,"Chapada_Low",11.86,2783.08,22.6,0,2544.55,22.9,0,2571.79,22.8,0,2884.42,22.2,1,3514.65,22.1,14,2348.23,22.1,5,2468.02,22.4,0,2518.97,23,0,3037.17,23.2,1
"2026-03-08 19:30:00",13080,802,"Chapada_Low",11.86,2783.66,22.4,0,2545.28,22.7,0,2571.84,22.7,0,2884.17,22,0,3515.11,21.9,0,2347.84,21.8,0,2467.64,22.2,0,2520.14,22.7,4,3037.33,22.9,0
"2026-03-08 19:45:00",13081,802,"Chapada_Low",11.84,2782.38,22.2,0,2545.27,22.6,0,2572.17,22.5,0,2883.72,21.8,0,3516.32,21.7,0,2348.93,21.6,8,2467.97,22,0,2521.34,22.6,0,3035.82,22.6,0
"2026-03-08 20:00:00",13082,802,"Chapada_Low",11.86,2783,22.1,0,2545.49,22.5,0,2571.38,22.3,2,2885.44,21.7,0,3516.11,21.6,0,2348.8,21.4,0,2467.72,21.8,0,2521.29,22.4,0,3037.02,22.4,0
"2026-03-08 20:15:00",13083,802,"Chapada_Low",11.86,2782.49,22.1,0,2544.88,22.4,0,2571.83,22.3,1,2884.9,21.6,0,3516.6,21.5,5,2349.41,21.4,0,2468.22,21.7,2,2521.45,22.3,0,3036.77,22.3,0
"2026-03-08 20:30:00",13084,802,"Chapada_Low",11.86,2782.29,22,4,2548.36,22.3,0,2571.7,22.2,7,2887.91,21.5,14,3517,21.4,0,2349.95,21.3,1,2468.21,21.6,0,2520.43,22.2,0,3037.38,22.2,0
"2026-03-08 20:45:00",13085,802,"Chapada_Low",11.86,2782.48,21.9,0,2548.76,22.2,0,2571.29,22.2,0,2886.47,21.5,0,3516.99,21.4,3,2349.74,21.2,5,2468.56,21.5,0,2520.47,22.1,0,3037.34,22.1,0
"2026-03-08 21:00:00",13086,802,"Chapada_Low",11.86,2782.07,21.9,0,2548.34,22.2,0,2571.64,22.1,4,2888.99,21.4,0,3517.88,21.3,0,2350.23,21.2,1,2468.23,21.5,0,2521.41,22,0,3038.25,22,7
"2026-03-08 21:15:00",13087,802,"Chapada_Low",11.86,2782.15,21.8,0,2547.96,22.1,0,2571.32,22.1,0,2886.73,21.4,0,3517.37,21.3,5,2350.9,21.2,4,2467.79,21.4,0,2521.48,22,0,3039.7,22,0
"2026-03-08 21:30:00",13088,802,"Chapada_Low",11.86,2781.7,21.8,0,2548.1,22.1,0,2571.18,22,2,2889.13,21.3,0,3517.95,21.2,4,2351.11,21.1,2,2469.09,21.4,0,2521.78,21.9,6,3040.05,21.9,0
"2026-03-08 21:45:00",13089,802,"Chapada_Low",11.85,2781.11,21.7,0,2547.29,22,0,2571.78,21.9,0,2889.64,21.2,0,3518.54,21.2,1,2350.86,21,4,2468.05,21.3,0,2521.53,21.8,6,3040.37,21.7,0
"2026-03-08 22:00:00",13090,802,"Chapada_Low",11.86,2781.93,21.6,2,2545.59,22,0,2571.44,21.8,0,2889.86,21.1,0,3518.19,21,1,2350.85,20.9,1,2467.68,21.2,0,2520.65,21.7,0,3040.85,21.6,0
"2026-03-08 22:15:00",13091,802,"Chapada_Low",11.86,2781.36,21.5,0,2545.49,21.9,0,2571.16,21.7,0,2889.41,21,0,3517.68,20.9,0,2351.56,20.7,0,2467.66,21,0,2520.47,21.6,3,3041.21,21.4,0
"2026-03-08 22:30:00",13092,802,"Chapada_Low",11.86,2780.52,21.4,0,2548.14,21.7,0,2571.52,21.6,0,2889.7,20.9,0,3519.09,20.8,0,2351,20.6,0,2467.81,20.9,0,2520.29,21.5,0,3039.71,21.3,0
"2026-03-08 22:45:00",13093,802,"Chapada_Low",11.86,2780.17,21.3,0,2558.61,21.6,0,2571.15,21.4,0,2890.72,20.8,0,3519.22,20.7,0,2351.21,20.5,0,2468.34,20.7,0,2522.29,21.4,0,3040.16,21.1,0
"2026-03-08 23:00:00",13094,802,"Chapada_Low",11.86,2780.05,21.2,0,2558.45,21.6,5,2571.04,21.4,0,2889.87,20.7,0,3519.46,20.6,0,2351.27,20.4,4,2467.74,20.6,0,2521.06,21.3,0,3040.21,21.1,0
"2026-03-08 23:15:00",13095,802,"Chapada_Low",11.86,2780.18,21.1,0,2560.22,21.5,17,2570.73,21.3,0,2890.77,20.6,0,3520.35,20.5,0,2350.53,20.3,1,2468.64,20.6,3,2522.02,21.2,3,3042.17,21,8
"2026-03-08 23:30:00",13096,802,"Chapada_Low",11.85,2780,21,4,2559.49,21.4,0,2571.35,21.3,0,2891.95,20.5,0,3520.6,20.4,2,2351.84,20.2,2,2468.19,20.5,0,2521.05,21.1,0,3040.29,20.9,3
"2026-03-08 23:45:00",13097,802,"Chapada_Low",11.86,2780.47,21,0,2559.27,21.3,0,2571.64,21.2,0,2891.81,20.4,0,3520.01,20.4,0,2352.18,20.1,6,2468.96,20.5,0,2520.86,21,0,3040.37,20.8,3
"2026-03-09 00:00:00",13098,802,"Chapada_Low",11.86,2780.07,20.9,0,2559.1,21.2,0,2571.81,21.1,0,2891.46,20.4,0,3521.59,20.3,0,2352.67,20,0,2468.83,20.4,0,2520.99,20.9,2,3040.32,20.7,0
"2026-03-09 00:15:00",13099,802,"Chapada_Low",11.86,2779.99,20.8,0,2554.08,21.1,0,2571.42,21,21,2891.55,20.3,1,3521.73,20.2,1,2352.57,20,0,2469.34,20.2,0,2521.38,20.8,0,3041.68,20.6,3
"2026-03-09 00:30:00",13100,802,"Chapada_Low",11.86,2779.96,20.7,0,2552.31,21.1,0,2571.61,20.9,0,2891.92,20.2,0,3522.28,20.1,5,2352.81,19.9,0,2469.44,20.2,0,2521.11,20.8,0,3042.67,20.5,0
"2026-03-09 00:45:00",13101,802,"Chapada_Low",11.86,2780.21,20.7,0,2552.63,21.1,2,2572.27,20.8,0,2891.8,20.2,0,3521.96,20.1,0,2353.28,19.9,6,2469.22,20.2,0,2521.88,20.7,0,3042.94,20.5,0
"2026-03-09 01:00:00",13102,802,"Chapada_Low",11.86,2780.42,20.7,0,2552.26,21.1,0,2571.68,20.9,0,2892.15,20.2,0,3522.04,20.1,4,2352.82,19.9,0,2469.68,20.2,0,2521.46,20.7,0,3043.15,20.5,0
"2026-03-09 01:15:00",13103,802,"Chapada_Low",11.85,2780.46,20.7,0,2552.95,21.1,0,2571.59,20.9,0,2892.93,20.2,0,3522.18,20.1,3,2353.57,19.9,8,2469.45,20.2,0,2522.19,20.7,0,3042.71,20.5,0
"2026-03-09 01:30:00",13104,802,"Chapada_Low",11.85,2780.26,20.7,2,2551.69,21.1,0,2571.85,20.9,0,2893.48,20.2,6,3523.01,20.1,1,2353.81,19.9,3,2469.51,20.2,0,2522.72,20.7,0,3041.07,20.5,0
"2026-03-09 01:45:00",13105,802,"Chapada_Low",11.86,2780.07,20.7,0,2551.49,21.1,0,2572.24,20.9,0,2893.85,20.2,0,3522.58,20.1,3,2353.97,19.9,0,2469.53,20.2,0,2522.24,20.7,3,3044.12,20.5,0
"2026-03-09 02:00:00",13106,802,"Chapada_Low",11.86,2780.1,20.7,4,2552.35,21,0,2572.09,20.9,0,2894.45,20.2,0,3522.89,20.1,4,2354.55,19.9,0,2469.86,20.2,0,2521.7,20.7,0,3041.85,20.4,0
"2026-03-09 02:15:00",13107,802,"Chapada_Low",11.86,2780.78,20.6,0,2552.88,21,0,2571.93,20.8,0,2896.99,20.1,0,3523.42,20.1,4,2354.37,19.8,6,2470.01,20.1,8,2522.27,20.6,0,3041.56,20.3,0
"2026-03-09 02:30:00",13108,802,"Chapada_Low",11.86,2779.97,20.6,0,2555.79,20.9,0,2572.09,20.7,0,2895.52,20.1,0,3523.15,20,0,2354.88,19.8,0,2470.2,20.1,0,2522.35,20.6,0,3042.14,20.3,0
"2026-03-09 02:45:00",13109,802,"Chapada_Low",11.86,2779.91,20.5,0,2556.78,20.9,0,2571.91,20.7,0,2895.27,20,0,3523.82,20,0,2354.29,19.7,0,2469.85,20,0,2522.47,20.5,1,3042.41,20.2,0
"2026-03-09 03:00:00",13110,802,"Chapada_Low",11.86,2780.22,20.5,0,2557.41,20.8,0,2572.25,20.7,2,2895.75,20,0,3523.47,19.9,0,2354.44,19.7,0,2470.27,20,0,2522.81,20.5,0,3042.07,20.2,0
"2026-03-09 03:15:00",13111,802,"Chapada_Low",11.84,2780.33,20.5,0,2556.46,20.7,0,2572.12,20.6,0,2895.65,20,0,3523.09,19.9,0,2352.46,19.6,2,2470.01,20,0,2522.67,20.5,5,3042.71,20.2,0
"2026-03-09 03:30:00",13112,802,"Chapada_Low",11.86,2780.19,20.4,0,2556.89,20.6,0,2572.54,20.6,6,2896.16,19.9,0,3523.75,19.8,0,2354.77,19.6,16,2470.03,19.9,0,2522.5,20.4,0,3042.52,20.1,0
"2026-03-09 03:45:00",13113,802,"Chapada_Low",11.86,2780.56,20.3,0,2557.7,20.6,0,2572.47,20.5,8,2896.39,19.8,0,3523.91,19.8,7,2355.14,19.5,0,2471.74,19.8,0,2522.96,20.3,0,3044.46,20,0
"2026-03-09 04:00:00",13114,802,"Chapada_Low",11.86,2779.9,20.3,0,2555.91,20.6,2,2571.87,20.5,1,2896.51,19.8,0,3523.88,19.7,0,2353.38,19.5,1,2470.67,19.8,1,2523.05,20.3,0,3044.41,20,0
"2026-03-09 04:15:00",13115,802,"Chapada_Low",11.86,2779.76,20.3,0,2544.74,20.7,0,2571.69,20.5,22,2896.85,19.8,0,3524.68,19.8,1,2354.8,19.5,7,2470.01,19.8,0,2523.95,20.3,0,3042.93,20,0
"2026-03-09 04:30:00",13116,802,"Chapada_Low",11.86,2780,20.3,0,2545.42,20.7,0,2572.15,20.4,0,2897.3,19.8,0,3524.72,19.8,0,2353.45,19.5,0,2469.74,19.9,5,2523.13,20.3,3,3042.96,20,0
"2026-03-09 04:45:00",13117,802,"Chapada_Low",11.86,2780.04,20.3,0,2544.81,20.7,0,2571.96,20.5,0,2897.33,19.8,0,3524.28,19.8,3,2355.31,19.5,0,2470.32,19.8,0,2523.02,20.3,0,3042.84,20,0
"2026-03-09 05:00:00",13118,802,"Chapada_Low",11.85,2779.54,20.3,0,2545.55,20.7,15,2572.35,20.4,0,2897.17,19.8,0,3523.98,19.7,0,2353.78,19.4,2,2469.56,19.8,0,2523.36,20.3,0,3045.53,19.9,0
"2026-03-09 05:15:00",13119,802,"Chapada_Low",11.86,2779.88,20.2,0,2545.43,20.6,0,2571.65,20.3,0,2896.98,19.7,0,3525.19,19.6,0,2354.22,19.3,0,2470.2,19.7,0,2522.91,20.2,17,3042.87,19.8,0
"2026-03-09 05:30:00",13120,802,"Chapada_Low",11.86,2779.67,20.1,0,2545.43,20.5,0,2571.77,20.3,0,2897.64,19.6,0,3524.78,19.5,2,2353.83,19.2,0,2470.75,19.6,0,2522.78,20.1,0,3043.17,19.7,7
"2026-03-09 05:45:00",13121,802,"Chapada_Low",11.86,2778.96,20,0,2545.22,20.5,0,2571.8,20.2,2,2897.75,19.5,0,3525.04,19.5,0,2354.31,19.2,3,2471.22,19.5,0,2523.2,20,0,3045.56,19.7,0
"2026-03-09 06:00:00",13122,802,"Chapada_Low",11.86,2779.14,20,1,2562.31,20.4,0,2571.58,20.2,0,2898.1,19.4,0,3525.51,19.4,1,2354.19,19.1,0,2471.41,19.4,0,2523.11,20,0,3045.55,19.6,1
"2026-03-09 06:15:00",13123,802,"Chapada_Low",11.86,2778.86,20,8,2564.71,20.3,0,2571.64,20.1,0,2898.22,19.4,0,3526.11,19.3,11,2354.69,19.1,0,2471.46,19.4,0,2523.62,19.9,0,3046.09,19.6,0
"2026-03-10 10:00:00",13124,802,"Chapada_Low",11.85,2738.95,25,0,2494.9,25.6,0,2558.72,25.1,0,2856.74,24.3,0,3495.33,24.7,1,2339.11,25.2,0,2449.26,25.3,0,2502.15,27.5,0,3007.11,27.3,0
"2026-03-10 10:15:00",13125,802,"Chapada_Low",11.85,2738.19,26,0,2492.06,26.2,0,2556.8,25.5,0,2854.81,25,0,3492.86,25.2,0,2337.32,25.7,7,2447.87,25.9,0,2501.48,28.4,0,3005.04,27.8,0
"2026-03-10 10:30:00",13126,802,"Chapada_Low",11.85,2737.42,25.6,0,2490.92,25.9,0,2555.65,25.5,0,2855.2,24.9,0,3492.8,25.1,0,2336.68,25.5,2,2446.74,25.9,0,2499.72,28,0,3003.16,27.3,0
"2026-03-10 10:45:00",13127,802,"Chapada_Low",11.85,2736.86,25.4,0,2490.1,25.7,0,2557.57,25.9,0,2854.61,25,0,3492.68,25,2,2336.84,25.3,0,2446.14,26,6,2499.13,27.7,8,3004.31,27.1,0
"2026-03-10 11:00:00",13128,802,"Chapada_Low",11.84,2735.29,26.4,0,2486.68,27.2,0,2554.66,26.9,0,2853.51,26.7,0,3488.64,26.2,4,2335.97,26.6,0,2442.37,27.1,0,2496.67,29.6,2,3000.64,29.1,0
"2026-03-10 11:15:00",13129,802,"Chapada_Low",11.85,2734.82,26.1,0,2485.78,26.7,2,2553.87,26.5,0,2853.22,26.1,0,3487.56,26.2,0,2334.4,26.6,0,2443.84,26.9,0,2496.21,29,0,3000.66,28.3,0
"2026-03-10 11:30:00",13130,802,"Chapada_Low",11.85,2734.08,26,0,2486.03,26.6,0,2553.38,26.5,0,2852.46,26,3,3487.94,25.9,0,2333.65,26.7,0,2442.25,27.3,0,2495.14,28.8,0,3000.19,28.3,0
"2026-03-10 11:45:00",13131,802,"Chapada_Low",11.85,2732.1,26.3,0,2484.64,27.1,0,2552.99,27.1,0,2853.36,26.4,0,3484.88,26,6,2332.61,27,17,2440.41,27.7,0,2495.17,29.7,3,2998.17,29.1,0
"2026-03-10 12:00:00",13132,802,"Chapada_Low",11.84,2731.6,26.7,1,2482.54,27.3,0,2552.43,27.4,1,2852.51,26.7,0,3483.7,26.2,0,2331.96,27.2,0,2439.4,27.9,0,2493.27,29.9,0,2996.44,30.1,2
"2026-03-10 12:15:00",13133,802,"Chapada_Low",11.84,2729.01,27.3,0,2481.78,27.4,0,2552.23,27.6,0,2852.59,26.8,0,3482.98,26.4,4,2331.15,27.2,0,2438.85,28,0,2493.95,29.7,0,2995.26,29.9,0
"2026-03-10 12:30:00",13134,802,"Chapada_Low",11.84,2727.96,27.4,0,2481.72,27.7,0,2552.58,28.1,20,2852.5,27,0,3482.51,26.6,1,2330.07,27.5,0,2436.57,28.2,0,2493.6,29.5,0,2994.46,30,0
"2026-03-10 12:45:00",13135,802,"Chapada_Low",11.84,2726.93,26.9,0,2481.05,27.1,0,2552.53,27.5,0,2852.54,26.9,0,3483.41,26.1,0,2330,26.8,0,2438.56,27.5,0,2492.87,28.8,0,2994.91,28.9,3
"2026-03-10 13:00:00",13136,802,"Chapada_Low",11.84,2726.57,26.5,3,2481.38,26.7,0,2552.43,27,0,2852.79,26.4,0,3482.69,26.3,2,2331.8,26.4,0,2439.21,26.9,0,2494.32,28.2,0,2996.38,28.1,0
"2026-03-10 13:15:00",13137,802,"Chapada_Low",11.84,2727.01,26.2,0,2480.51,26.3,0,2550.94,26.6,0,2855.25,25.9,0,3483.75,25.8,1,2331.36,26.7,0,2440.29,26.6,0,2494.75,27.8,0,2996.94,27.7,0
"2026-03-10 13:30:00",13138,802,"Chapada_Low",11.84,2753.99,25.6,0,2514.23,25.6,10,2573.56,25.6,0,2921.91,25,0,3500.14,25.1,0,2342.15,25.5,8,2449.78,25.9,0,2510.16,26.8,0,3022.22,26.4,0
"2026-03-10 13:45:00",13139,802,"Chapada_Low",11.84,2883.14,24.2,0,2673.58,24.1,0,2565.01,24.1,0,3295.51,22.9,0,3623.73,23.4,0,2461.67,23.3,1,2662.66,23.8,0,2789.49,25.1,0,3063.48,24.7,0
"2026-03-10 14:00:00",13140,802,"Chapada_Low",11.84,2876.72,23.9,12,2669.71,23.5,0,2530.1,23.6,0,3160.61,22.4,4,3734.09,22.6,4,2509.53,22.2,5,2908.29,22.8,0,2879.45,24.3,3,3082.84,23.7,4
"2026-03-10 14:15:00",13141,802,"Chapada_Low",11.84,2877.03,23.9,23,2693.5,23.5,0,2533.03,23.7,0,3184.24,22.7,0,3690.48,22.7,8,2512.52,22.3,19,2865.45,22.8,3,2879.78,24.3,14,3079.15,23.7,0
"2026-03-10 14:30:00",13142,802,"Chapada_Low",11.85,2876.1,23.7,0,2628.67,23,0,2535.91,23.3,5,3268.31,22.3,0,3679.2,22.4,0,2473.09,21.9,0,3141.23,22.6,2,2991.92,23.9,22,3078.24,23.2,0
"2026-03-10 14:45:00",13143,802,"Chapada_Low",11.84,2877.95,23.5,6,2646.75,22.7,0,2545.21,22.9,0,3294.32,22.2,0,3669.89,22.1,0,2458.8,21.6,9,3156.02,22.5,0,3002.73,23.7,6,3079.06,23,4
"2026-03-10 15:00:00",13144,802,"Chapada_Low",11.84,2879.42,23.4,0,2646.46,22.7,0,2553.03,22.7,0,3304.61,22.1,0,3660.94,22.1,9,2443.06,21.6,0,3152.82,22.4,3,3005.26,23.5,3,3082.05,22.9,0
"2026-03-10 15:15:00",13145,802,"Chapada_Low",11.84,2881.77,23.3,10,2647.61,22.8,7,2561.63,22.6,0,3308.01,22,8,3649.26,22,0,2434.62,21.6,4,3148.26,22.3,1,3013.28,23.3,0,3080.8,22.8,0
"2026-03-10 15:30:00",13146,802,"Chapada_Low",11.84,2883.41,23.4,0,2647.55,22.9,0,2564.01,22.7,0,3303.01,22.1,0,3640.94,22.2,2,2427.85,21.8,3,3151.48,22.3,3,3006.76,23.5,3,3083.26,22.9,0
"2026-03-10 15:45:00",13147,802,"Chapada_Low",11.84,2885.1,23.4,0,2648.74,23,2,2565.72,22.9,0,3301.05,22.2,4,3637,22.3,11,2421.23,22,3,3134.25,22.4,0,2994.59,23.6,1,3083.44,23.2,0
"2026-03-10 16:00:00",13148,802,"Chapada_Low",11.84,2886.68,23.5,22,2658.91,23.1,0,2568.39,23,7,3295.65,22.3,0,3631.69,22.4,5,2415.34,22.2,3,3083.42,22.4,0,2988.34,23.6,2,3081.25,23.3,2
"2026-03-10 16:15:00",13149,802,"Chapada_Low",11.84,2887.81,23.5,0,2656.68,23.3,0,2570.19,23.2,1,3290.74,22.4,0,3628.06,22.5,4,2410.8,22.4,0,3050.55,22.6,0,2981.7,23.6,0,3083.26,23.4,15
"2026-03-10 16:30:00",13150,802,"Chapada_Low",11.84,2889,23.5,0,2656.55,23.4,1,2571.83,23.4,0,3288.65,22.8,0,3625.42,22.5,22,2406.74,22.5,7,3021.43,22.8,0,2959.1,23.7,0,3083.52,23.5,0
"2026-03-10 16:45:00",13151,802,"Chapada_Low",11.84,2890.74,23.6,5,2657.71,23.4,0,2573.53,23.4,0,3222.2,22.9,0,3620.92,23.2,0,2403.4,22.6,7,2974.17,22.8,0,2953.56,23.8,2,3081.75,23.6,0
"2026-03-10 17:00:00",13152,802,"Chapada_Low",11.84,2890.87,23.5,7,2657.55,23.4,11,2573.72,23.3,0,3194.9,22.8,0,3617.78,22.8,0,2401.11,23,2,2930.96,22.9,0,2952.46,23.8,6,3083.32,23.5,0
"2026-03-10 17:15:00",13153,802,"Chapada_Low",11.84,2891.64,23.6,2,2656.8,23.4,0,2574.9,23.4,9,3184.22,22.8,0,3615.43,22.8,5,2398.25,22.9,0,2903.23,23.3,0,2949.37,23.8,0,3081.91,23.6,4
"2026-03-10 17:30:00",13154,802,"Chapada_Low",11.84,2891.76,23.6,2,2657.25,23.5,0,2575.95,23.5,1,3174.51,23,1,3612.26,23,2,2395.05,23,4,2885.76,23.3,0,2941.47,24,0,3081.25,24,3
"2026-03-10 17:45:00",13155,802,"Chapada_Low",11.84,2892.96,23.9,0,2658.15,23.5,0,2576.8,23.5,0,3169.4,23.1,0,3610.4,23,3,2393.51,23.1,8,2868.79,23.4,0,2934.87,23.9,0,3081.4,24,0
"2026-03-10 18:00:00",13156,802,"Chapada_Low",11.84,2893.11,23.8,3,2668.43,23.8,0,2577.22,23.5,4,3161.57,23.1,0,3606.59,23,2,2392.56,23.1,1,2848.56,23.4,0,2930.07,23.8,7,3081.52,23.8,0
"2026-03-10 18:15:00",13157,802,"Chapada_Low",11.84,2892.38,23.7,5,2668.98,23.7,0,2577.62,23.8,0,3151.85,23.1,7,3604.98,23,4,2390.22,23.1,0,2833.07,23.3,0,2925.56,23.7,1,3081.82,23.7,0
"2026-03-10 18:30:00",13158,802,"Chapada_Low",11.85,2892.24,23.6,7,2669.54,23.6,0,2578.92,23.6,0,3146.33,23.2,0,3602.89,23,0,2389.26,23,0,2822.36,23.2,0,2920.38,23.7,0,3083.72,23.6,7
"2026-03-10 18:45:00",13159,802,"Chapada_Low",11.84,2892.76,23.5,1,2668.75,23.5,0,2579.11,23.5,0,3134.82,23.1,0,3600.69,23,3,2389.1,23,2,2803.23,23.1,0,2920.59,23.5,1,3081.43,23.5,0
"2026-03-10 19:00:00",13160,802,"Chapada_Low",11.84,2892.37,23.4,10,2669.89,23.4,1,2579.77,23.3,0,3129.88,22.8,1,3599.23,22.8,4,2388,22.8,3,2793.61,22.9,0,2917.61,23.3,5,3082.18,23.2,2
"2026-03-10 19:15:00",13161,802,"Chapada_Low",11.84,2893.19,23.2,0,2669.61,23.3,0,2580,23.1,0,3128.09,22.6,0,3593.85,22.6,1,2387.34,22.5,7,2783.4,22.6,0,2913.09,23.1,0,3084.34,23,2
"2026-03-10 19:30:00",13162,802,"Chapada_Low",11.85,2891.42,23.1,0,2668.67,23.1,0,2581.86,23,0,3124.08,22.4,0,3591.89,22.3,0,2386.91,22.2,4,2775.13,22.4,0,2909.01,22.8,0,3083.21,22.7,0
"2026-03-10 19:45:00",13163,802,"Chapada_Low",11.84,2890.8,22.9,0,2669.32,23,0,2581.49,22.8,0,3119.24,22.2,0,3589.43,22.2,3,2386.41,22,0,2767.37,22.3,0,2909.12,22.6,0,3084.63,22.6,4
"2026-03-10 20:00:00",13164,802,"Chapada_Low",11.84,2891.04,22.8,0,2672.26,22.8,4,2582.49,22.7,0,3115.44,22.1,4,3588.73,22,2,2386.17,21.9,3,2758.72,22.1,0,2906.65,22.5,0,3085.31,22.4,0
"2026-03-10 20:15:00",13165,802,"Chapada_Low",11.85,2891.39,22.6,1,2671.9,22.7,1,2582.84,22.5,0,3108.63,21.8,0,3586.43,21.9,0,2386.06,21.6,4,2756.56,21.9,0,2903.16,22.4,0,3083.04,22.2,3
"2026-03-10 20:30:00",13166,802,"Chapada_Low",11.85,2890.62,22.5,0,2671.84,22.5,0,2583.04,22.4,0,3106.67,21.6,0,3585.7,21.5,0,2385.34,21.4,6,2750.91,21.7,1,2898.64,22.1,2,3085.22,22,0
"2026-03-10 20:45:00",13167,802,"Chapada_Low",11.84,2890.65,22.3,7,2671.7,22.4,0,2583.91,22.2,0,3104.66,21.5,0,3585.28,21.4,1,2385.64,21.1,0,2740.14,21.5,1,2896.12,22,0,3084.99,21.8,0
"2026-03-10 21:00:00",13168,802,"Chapada_Low",11.85,2890.36,22.2,0,2673.62,22.3,0,2584.96,22.1,0,3102.4,21.3,0,3583.45,21.3,1,2386.17,21.1,0,2734.19,21.3,0,2880.6,21.9,3,3085.44,21.7,0
"2026-03-10 21:15:00",13169,802,"Chapada_Low",11.85,2879.73,22.1,6,2672.45,22.2,0,2585.02,22,0,3098.93,21.2,0,3584.08,21.2,2,2385.93,20.9,0,2729.39,21.2,0,2872.61,21.7,0,3083.71,21.5,0
"2026-03-10 21:30:00",13170,802,"Chapada_Low",11.85,2875.69,22,0,2672.92,22,0,2585.83,21.8,0,3098.57,21,0,3583.81,21.1,2,2385.66,20.8,2,2725.18,21,8,2870.5,21.5,0,3083.38,21.4,0
"2026-03-10 21:45:00",13171,802,"Chapada_Low",11.84,2872.95,21.9,7,2673.02,21.9,0,2586.36,21.7,0,3096.93,20.9,0,3583.46,21,16,2385.29,20.7,19,2721.8,20.9,0,2865.62,21.4,0,3083.83,21.3,0
"2026-03-10 22:00:00",13172,802,"Chapada_Low",11.84,2871.14,21.7,0,2675.21,21.8,0,2586.43,21.6,0,3094.09,20.8,0,3583,20.9,4,2385.44,20.5,0,2719.47,20.7,0,2865.03,21.3,0,3084.2,21.1,0
"2026-03-10 22:15:00",13173,802,"Chapada_Low",11.85,2870.73,21.6,0,2675.09,21.7,1,2587.87,21.5,0,3093.64,20.6,0,3582.03,20.7,3,2384.8,20.4,3,2716.32,20.6,0,2851.52,21.2,0,3084.02,21,0
"2026-03-10 22:30:00",13174,802,"Chapada_Low",11.84,2870.7,21.5,0,2676.01,21.6,0,2587.75,21.4,1,3092.19,20.6,0,3581.5,20.6,0,2385.03,20.2,0,2712.17,20.6,0,2845.12,21.1,0,3083.68,20.9,2
"2026-03-10 22:45:00",13175,802,"Chapada_Low",11.85,2870.06,21.4,0,2675.75,21.5,0,2588.56,21.3,0,3091.38,20.5,0,3583.11,20.5,4,2385.01,20.2,7,2710.14,20.4,0,2843.78,21,0,3083.68,20.9,0
"2026-03-10 23:00:00",13176,802,"Chapada_Low",11.85,2870.12,21.4,3,2676.14,21.4,0,2588.66,21.2,16,3091.73,20.4,0,3585.05,20.5,3,2384.85,20.1,6,2707.88,20.4,0,2833.64,21,8,3084.01,20.8,17
"2026-03-10 23:15:00",13177,802,"Chapada_Low",11.85,2869.88,21.3,2,2675.89,21.4,0,2588.42,21.2,0,3090.29,20.4,0,3584.62,20.5,0,2384.57,20,3,2705.73,20.3,2,2826.13,20.9,0,3084.83,20.7,0
"2026-03-10 23:30:00",13178,802,"Chapada_Low",11.85,2869.54,21.2,0,2676.93,21.4,4,2589.17,21.1,0,3089.19,20.3,0,3583.88,20.4,0,2385.04,20,2,2703.45,20.3,0,2822.34,20.8,0,3083.8,20.6,0
"2026-03-10 23:45:00",13179,802,"Chapada_Low",11.85,2871.61,21.2,0,2678.57,21.3,0,2588.94,21.1,0,3087.45,20.3,0,3585.46,20.3,0,2383.71,20,3,2702.29,20.2,0,2820.45,20.8,0,3084.93,20.6,0
"2026-03-11 00:00:00",13180,802,"Chapada_Low",11.85,2869.77,21.1,0,2678.22,21.2,0,2589.07,21,9,3086.09,20.2,0,3585.34,20.3,5,2384.42,19.9,0,2701.5,20.2,0,2812.42,20.7,0,3086.3,20.5,1
"2026-03-11 00:15:00",13181,802,"Chapada_Low",11.85,2869.59,21,0,2679.21,21.1,0,2590.15,20.9,0,3084.22,20.1,0,3583.11,20.1,1,2384.32,19.8,0,2698.59,20.1,0,2809.8,20.7,3,3077.6,20.5,3
"2026-03-11 00:30:00",13182,802,"Chapada_Low",11.85,2869.18,21,0,2678.5,21.1,1,2589.71,20.9,0,3081.49,20.1,0,3585.36,20.2,0,2383.68,19.8,4,2697.85,20.1,0,2808.03,20.7,0,3075.28,20.5,0
"2026-03-11 00:45:00",13183,802,"Chapada_Low",11.85,2869.16,21,0,2674.58,21.1,0,2589.68,20.9,0,3080.73,20.2,0,3583.1,20.2,0,2384.01,19.9,8,2696.45,20.1,0,2806.06,20.7,0,3075.47,20.5,0
"2026-03-11 01:00:00",13184,802,"Chapada_Low",11.85,2869.3,21,0,2675.72,21.1,0,2590.58,20.9,0,3077.87,20.2,0,3583.47,20.3,0,2383.63,19.9,3,2694.36,20.2,0,2799.24,20.7,0,3077.5,20.5,4
"2026-03-11 01:15:00",13185,802,"Chapada_Low",11.85,2869.52,21.1,0,2676.55,21.2,0,2590.53,21,0,3076.92,20.3,0,3583.36,20.3,6,2383.32,20,0,2693.54,20.3,0,2796.83,20.8,1,3075.19,20.5,0
"2026-03-11 01:30:00",13186,802,"Chapada_Low",11.85,2867.23,21.1,0,2673.54,21.2,0,2590.5,21,0,3076.18,20.3,0,3582.16,20.4,4,2383.97,20,0,2692.85,20.3,0,2797.02,20.8,0,3075.4,20.6,0
"2026-03-11 01:45:00",13187,802,"Chapada_Low",11.85,2868.95,21.1,0,2673.39,21.2,10,2590.74,21,0,3075.4,20.4,0,3582.03,20.5,3,2383.24,20.1,3,2691.65,20.4,0,2792.59,20.8,0,3074.44,20.7,0
"2026-03-11 02:00:00",13188,802,"Chapada_Low",11.85,2866.6,21.2,3,2673.31,21.2,0,2591.04,21,1,3076.63,20.4,3,3582.81,20.5,2,2383.44,20.2,5,2689.97,20.4,0,2792.84,20.9,1,3076.69,20.8,0
"2026-03-11 02:15:00",13189,802,"Chapada_Low",11.85,2869.09,21.2,0,2673.39,21.3,4,2590.85,21.1,14,3075.72,20.5,0,3582.9,20.6,18,2383.58,20.3,5,2689.33,20.6,0,2788.77,21,0,3074.19,20.9,0
"2026-03-11 02:30:00",13190,802,"Chapada_Low",11.85,2867.48,21.3,0,2674.01,21.3,3,2590.99,21.2,4,3073.79,20.6,0,3583.52,20.7,5,2382.66,20.4,0,2687.31,20.6,0,2786.48,21,0,3074.06,20.9,0
"2026-03-11 02:45:00",13191,802,"Chapada_Low",11.85,2868.79,21.2,0,2670.86,21.3,0,2591.35,21.1,0,3073.49,20.6,0,3582.68,20.7,10,2382.58,20.3,0,2687.13,20.6,3,2785.28,21,0,3075.78,20.8,0
"2026-03-11 03:00:00",13192,802,"Chapada_Low",11.85,2866.73,21.2,0,2669.77,21.2,0,2590.92,21.1,0,3072.8,20.5,0,3583.36,20.6,3,2382.5,20.3,0,2686,20.6,0,2783.61,20.9,0,3075.65,20.8,0
"2026-03-11 03:15:00",13193,802,"Chapada_Low",11.85,2868.92,21.2,0,2668.87,21.2,2,2591.19,21,0,3071.15,20.5,7,3583.9,20.6,3,2381.86,20.2,0,2684.37,20.6,0,2781.27,20.9,2,3073.73,20.8,0
"2026-03-11 03:30:00",13194,802,"Chapada_Low",11.85,2866.89,21.1,0,2665.86,21.2,31,2591.12,21,12,3070.85,20.5,0,3583.59,20.6,0,2382.2,20.2,0,2683.88,20.5,0,2779.77,20.9,0,3073.72,20.7,0
"2026-03-11 03:45:00",13195,802,"Chapada_Low",11.85,2866.57,21.1,0,2665.46,21.2,0,2590.98,21,0,3069.57,20.4,0,3583.09,20.6,15,2381.39,20.2,5,2682.36,20.5,0,2781.6,20.8,1,3073.5,20.7,0
"2026-03-11 04:00:00",13196,802,"Chapada_Low",11.85,2868.48,21.1,0,2666.49,21.2,0,2590.69,21,0,3065.78,20.5,0,3583.28,20.5,3,2380.07,20.2,1,2682.42,20.5,0,2776.18,20.8,0,3073.81,20.7,0
"2026-03-11 04:15:00",13197,802,"Chapada_Low",11.85,2868.2,21.2,4,2666.14,21.2,0,2591.28,21,0,3064.81,20.5,0,3584.64,20.6,0,2378.44,20.3,0,2680.68,20.6,2,2774.77,20.9,0,3073.55,20.8,0
"2026-03-11 04:30:00",13198,802,"Chapada_Low",11.85,2865.95,21.2,0,2666.45,21.2,15,2591.22,21.1,3,3064.2,20.6,21,3583.86,20.6,2,2373.24,20.3,6,2680.49,20.6,0,2772.18,20.9,0,3075.02,20.8,0
"2026-03-11 04:45:00",13199,802,"Chapada_Low",11.85,2866.3,21.2,0,2665.33,21.2,0,2591.34,21.1,21,3062.45,20.5,0,3583.85,20.6,1,2372.46,20.3,1,2680.16,20.6,0,2771.04,20.9,0,3075.44,20.8,0
"2026-03-11 05:00:00",13200,802,"Chapada_Low",11.85,2867.73,21.2,0,2666.99,21.2,4,2590.94,21,0,3061.02,20.5,7,3583.79,20.6,1,2373.36,20.3,0,2679.29,20.6,0,2769.43,20.9,15,3072.92,20.7,0
"2026-03-11 05:15:00",13201,802,"Chapada_Low",11.85,2868.49,21.2,1,2666.37,21.2,0,2591.16,21,2,3060.68,20.5,0,3582.32,20.6,3,2374.53,20.3,0,2678.09,20.6,0,2764.83,20.9,0,3073.11,20.7,0
"2026-03-11 05:30:00",13202,802,"Chapada_Low",11.85,2868.32,21.2,0,2666.44,21.2,0,2591.7,21,0,3060.03,20.5,0,3585.59,20.6,0,2375.01,20.3,0,2677.42,20.6,0,2760.91,20.9,0,3073.8,20.8,6
"2026-03-11 05:45:00",13203,802,"Chapada_Low",11.85,2866.01,21.2,0,2665.03,21.2,2,2591.51,21,0,3058.52,20.5,0,3584.6,20.6,4,2371.73,20.3,0,2676.77,20.6,2,2759.76,20.9,2,3073.01,20.8,15
"2026-03-11 06:00:00",13204,802,"Chapada_Low",11.85,2866.17,21.1,0,2665.46,21.2,0,2591.51,21,0,3058.04,20.5,0,3583.83,20.5,7,2370.8,20.3,0,2675.82,20.6,0,2754.91,20.9,0,3073.08,20.7,0
"2026-03-11 06:15:00",13205,802,"Chapada_Low",11.85,2867.56,21.1,0,2667.29,21.2,0,2592.32,21,4,3056.67,20.5,0,3583.52,20.6,4,2371.72,20.3,0,2674.82,20.5,0,2754.76,20.8,0,3075.26,20.8,0
"2026-03-11 06:30:00",13206,802,"Chapada_Low",11.85,2867.88,21.1,3,2666.59,21.2,0,2592.77,21,5,3056.72,20.4,0,3583.66,20.5,1,2371.5,20.3,0,2674.77,20.5,0,2751.25,20.8,16,3072.98,20.7,8
"2026-03-11 06:45:00",13207,802,"Chapada_Low",11.85,2865.74,21.1,0,2665.94,21.1,0,2592.19,20.9,2,3055.71,20.4,2,3584.01,20.5,6,2371.53,20.3,0,2673.54,20.5,0,2750.49,20.8,0,3070.68,20.7,0
"2026-03-11 07:00:00",13208,802,"Chapada_Low",11.85,2867.28,21.1,6,2665.19,21.2,13,2593.15,20.9,0,3054.49,20.4,0,3585.32,20.5,3,2369.73,20.3,0,2672.98,20.5,0,2749.96,20.8,0,3069.27,20.7,4
"2026-03-11 07:15:00",13209,802,"Chapada_Low",11.85,2867.23,21.1,0,2664.84,21.2,1,2592.68,21,0,3053.59,20.5,0,3583.42,20.6,6,2372.18,20.4,5,2672.52,20.6,0,2744.39,20.9,0,3069.78,20.8,0
"2026-03-11 07:30:00",13210,802,"Chapada_Low",11.85,2864.76,21.4,0,2664.86,21.4,0,2593.38,21.2,0,3052.25,20.8,27,3583.25,20.9,4,2371.95,20.6,0,2671.92,20.9,0,2745.03,21.1,0,3070.38,21,0
"2026-03-11 07:45:00",13211,802,"Chapada_Low",11.85,2865.25,21.8,9,2663.76,21.7,5,2593.76,21.5,0,3051.64,21.3,0,3583.27,21.6,7,2371.49,21,0,2671.42,21.2,3,2741.1,21.4,0,3071.03,21.4,0
"2026-03-11 08:00:00",13212,802,"Chapada_Low",11.85,2864.53,22.3,0,2663.44,22.1,0,2594.16,21.9,1,3047.25,21.8,0,3582.14,21.8,8,2371.17,21.6,0,2672.22,21.9,0,2737.21,21.9,0,3067.26,22.1,0
"2026-03-11 08:15:00",13213,802,"Chapada_Low",11.85,2864.73,22.6,1,2661.63,22.5,0,2594.77,22.2,0,3045.29,22,0,3581.54,21.9,8,2366.64,21.7,7,2669.41,23,0,2734.71,22.6,0,3068.66,22.5,0
"2026-03-11 08:30:00",13214,802,"Chapada_Low",11.85,2863.91,22.6,0,2658.06,22.5,0,2594.4,22.2,0,3045.08,21.9,9,3580.75,21.9,2,2366.66,21.8,0,2668.07,22.5,0,2731.7,22.7,0,3068.3,22.6,1
"2026-03-11 08:45:00",13215,802,"Chapada_Low",11.85,2863.59,23.1,0,2653.52,22.6,0,2594.37,22.5,4,3043.38,21.9,0,3580.09,22,0,2365.99,22.3,1,2667.09,22.7,0,2729.99,23,0,3067.56,22.9,7
"2026-03-11 09:00:00",13216,802,"Chapada_Low",11.85,2863.6,23.8,0,2653.39,23.6,0,2594.65,23.1,0,3041.95,22.4,0,3579.4,23.1,0,2365.6,23.5,0,2665.49,23.6,0,2726.02,23.9,17,3064.37,23.7,0
"2026-03-11 09:15:00",13217,802,"Chapada_Low",11.85,2863.13,24.3,0,2652.41,23.9,0,2597.31,24.1,0,3039.66,22.5,38,3574.09,24.1,0,2361.98,24.3,0,2662.4,24.2,0,2721.78,24.7,11,3064.28,24.3,1
"2026-03-11 09:30:00",13218,802,"Chapada_Low",11.85,2862,24.8,0,2649.57,24.4,1,2597.3,24.3,2,3037.76,22.8,0,3569.41,25.4,3,2365.45,25.1,12,2660.17,24.8,0,2720.74,25.5,0,3061.09,25.1,0
"2026-03-11 09:45:00",13219,802,"Chapada_Low",11.85,2861.49,25.4,1,2648.58,25.1,0,2595.73,24.7,4,3035.23,23.1,0,3565.73,26.3,7,2364.28,26.4,2,2658.29,25.4,0,2712.46,26.4,0,3061.1,25.9,0
"2026-03-11 10:00:00",13220,802,"Chapada_Low",11.85,2861.09,25.6,9,2646.81,25.5,0,2597.1,25,0,3031.21,23.8,0,3563.36,26.1,3,2362.5,26.6,0,2653.19,27.3,0,2704.38,27,0,3058.95,26.4,1
"2026-03-11 10:15:00",13221,802,"Chapada_Low",11.84,2861.68,26.2,0,2644.93,26.4,0,2595.08,25.6,22,3025.81,24.6,0,3561.75,26.6,8,2360.45,27.2,4,2649.9,27.2,0,2696.33,29.1,0,3056.54,27.6,0
"2026-03-11 10:30:00",13222,802,"Chapada_Low",11.84,2859.13,25.9,0,2643.64,26,0,2594.92,25.3,0,3023.66,24.6,0,3562.63,26.1,1,2359.21,26.7,7,2651.59,26.6,0,2692.73,28.5,0,3055.03,27.5,0
"2026-03-11 10:45:00",13223,802,"Chapada_Low",11.84,2858.87,25.8,0,2643.45,25.6,0,2596.56,25.1,0,3023.16,24.3,0,3562.29,25.5,6,2358.66,26,4,2651.57,26,4,2694.64,27.8,0,3055.26,26.7,2
"2026-03-11 11:00:00",13224,802,"Chapada_Low",11.84,2857.18,25.2,0,2633.02,25.3,1,2594.72,24.7,0,3022.91,24,0,3565.15,25,3,2360.02,25.4,2,2651.36,25.5,0,2690.25,27,0,3056.07,26.1,0
"2026-03-11 11:15:00",13225,802,"Chapada_Low",11.84,2856.7,25.9,0,2629.86,26.4,0,2595.65,26,3,3016.87,24.8,2,3561.02,25.8,2,2359.19,26.5,0,2648.54,26.5,0,2682.59,28.6,0,3051.09,27.6,0
"2026-03-11 11:30:00",13226,802,"Chapada_Low",11.85,2856.35,26.6,0,2626.36,27.4,6,2595.37,26.8,0,3012.44,26.9,0,3561.58,26.6,0,2357.41,27.5,4,2643.75,27.6,0,2676.66,30.2,0,3049.5,29,0
"2026-03-11 11:45:00",13227,802,"Chapada_Low",11.85,2856.52,27.1,0,2623.18,27.9,1,2594.75,27.4,0,3006.72,26.7,0,3553.66,28,13,2354.66,28.2,0,2639.76,28.2,0,2667.5,30.9,0,3046.66,29.9,1
"2026-03-11 12:00:00",13228,802,"Chapada_Low",11.85,2855.97,26.5,6,2623.13,27,0,2594.03,26.6,0,3003.97,26,2,3553.69,26.8,1,2354.55,27.8,0,2639.67,27.5,0,2663.67,29.5,0,3048.25,28.5,0
"2026-03-11 12:15:00",13229,802,"Chapada_Low",11.85,2853.83,26.1,0,2620.08,26.4,0,2594.8,26.2,5,3003.21,25.5,1,3554.19,26.1,8,2353.76,26.9,5,2639.57,27.1,4,2659.11,28.7,1,3049.16,27.7,0
"2026-03-11 12:30:00",13230,802,"Chapada_Low",11.85,2731.38,25.4,0,2632.76,25.6,6,2602.17,25.4,4,3006.42,24.7,1,3557.02,25.3,0,2348.81,25.7,1,2699.42,25.9,0,2515.41,27.4,2,3050.56,26.6,0
"2026-03-11 12:45:00",13231,802,"Chapada_Low",11.85,2726.69,24.8,0,2630.48,24.9,0,2604.57,24.6,0,3020.73,24,0,3559.09,24.5,0,2739.65,24.7,25,2708.33,24.9,0,2397.49,26.2,0,3050.43,25.3,0
"2026-03-11 13:00:00",13232,802,"Chapada_Low",11.85,2710.76,24.1,9,2957.66,24.2,3,2599.45,24,0,3032.01,23.4,0,3560.83,23.7,5,2741.64,23.8,0,2533.45,23.9,0,2491.79,25.1,0,3053.6,24.2,0
"2026-03-11 13:30:00",0,802,"Chapada_Low",11.85,0,0,0,0,0,0,0,0,0,0,0,0,0,0,0,0,0,0,0,0,0,0,0,0,0,0,0
"2026-03-11 13:45:00",1,802,"Chapada_Low",11.85,0,0,0,0,0,0,0,0,0,0,0,0,0,0,0,0,0,0,0,0,0,0,0,0,0,0,0
"2026-03-11 14:00:00",2,802,"Chapada_Low",11.85,2729.4,23.6,0,2845.94,22.8,0,2527.16,23.1,0,3206.75,22.3,4,3814.27,22.3,4,3093.95,22.1,8,2977.54,22.7,0,2715.54,22.6,6,3105.12,23,22
"2026-03-11 14:15:00",3,802,"Chapada_Low",11.85,2730.11,23.9,0,2626.25,23.6,0,2530.38,23.5,0,3226.06,22.9,0,3766.52,23.1,10,3082.34,23,0,2971.28,23.6,0,2721.14,23,9,3100.24,24.1,1
"2026-03-11 14:30:00",4,802,"Chapada_Low",11.85,2730.85,24.3,0,2627.07,24.2,0,2533.28,24.3,1,3260.21,23.7,0,3752.82,23.9,8,3073.82,23.9,2,3013.9,24.8,0,2724.2,23.6,6,3098.49,25,2
"2026-03-11 14:45:00",5,802,"Chapada_Low",11.85,2732.2,24.6,0,2626.97,24.5,15,2534.83,24.6,0,"NAN","NAN","NAN",3746.24,24.6,0,3066.07,24.4,0,2927.8,25.6,0,2723.83,24,0,3095.55,25.4,1
"2026-03-11 15:00:00",6,802,"Chapada_Low",11.85,2733.72,24.3,0,2874.06,24.3,0,2538.31,24.5,6,3324.03,24.1,8,3738.37,24.6,0,3052.78,24.3,12,2908.37,25.7,10,2718.53,23.9,0,3091.34,24.9,0
"2026-03-11 15:15:00",7,802,"Chapada_Low",11.85,2735.39,24,7,2817.19,23.8,2,2539,24,0,3329.16,23.3,0,3736.65,23.5,2,2978.04,23.5,4,2930.62,24.9,3,2737.43,23.6,0,3091.66,24.1,1
"2026-03-11 15:30:00",8,802,"Chapada_Low",11.85,2736.48,23.9,7,2820.72,23.6,0,2541.11,23.8,3,3331.89,23.1,2,3730.84,23.2,7,2953.67,23.1,0,2937.69,24.3,0,2733.04,23.6,1,3091.98,23.8,6
"2026-03-11 15:45:00",9,802,"Chapada_Low",11.85,2737.47,23.9,15,2827.54,23.6,0,2543.64,23.8,5,3323.4,23,0,3727.9,23.2,0,2942.51,23.1,26,2938.31,24.3,0,2738.32,23.6,1,3091.29,24,5
"2026-03-11 16:00:00",10,802,"Chapada_Low",11.85,2739.29,24.1,0,2734.01,23.8,0,2547.45,23.9,9,3322.17,23.2,0,3722.76,23.3,0,2930.89,23.4,14,2939.28,24.4,4,2737.05,23.7,13,3090.36,24.1,1
"2026-03-11 16:15:00",11,802,"Chapada_Low",11.85,2741.05,24.2,0,2627.39,24.3,0,2552.3,24.5,0,3320.02,23.6,0,3718.62,23.7,0,2908.8,23.8,7,2939.86,25,5,2743.58,23.9,5,3092.57,24.5,0
"2026-03-11 16:30:00",12,802,"Chapada_Low",11.85,2743.09,24.3,4,2629.3,24.4,4,2553.41,24.9,0,3310.52,24.5,0,3704.76,24,0,2896.82,24.2,7,2946.47,25.1,12,2744.07,24.1,4,3088.71,24.8,0
"2026-03-11 16:45:00",13,802,"Chapada_Low",11.85,2744.7,24.4,0,2630.1,24.5,10,2554.94,24.8,0,3303.69,24.3,0,3698,25,8,2887.81,24.3,12,2950,25,0,2749.09,24.2,0,3088.36,24.7,5
"2026-03-11 17:00:00",14,802,"Chapada_Low",11.85,2745.74,24.3,0,2629.5,24.5,0,2559.63,24.7,6,3300.15,24,0,3694.44,24.4,18,2876.83,25,4,2953.65,24.9,5,2753.15,24.2,0,3090.47,24.7,0
"2026-03-11 17:15:00",15,802,"Chapada_Low",11.85,2747.44,24.2,4,2630.57,24.3,0,2565.03,24.5,0,3295.52,23.6,0,3692.29,24,6,2870.65,24.4,4,2962.22,25.1,3,2759.66,24.1,5,3090.79,24.4,0
"2026-03-11 17:30:00",16,802,"Chapada_Low",11.85,2747.94,24.1,0,2629.69,24.2,0,2570.62,24.3,0,3288.59,23.5,0,3690.19,23.7,7,2863,24,4,2963.88,24.7,4,2758.12,24.2,6,3087.66,24.5,0
"2026-03-11 17:45:00",17,802,"Chapada_Low",11.85,2751.01,24.2,0,2630.82,24,0,2574.15,24.1,0,3283.95,23.2,0,3685.87,23.5,3,2858.02,23.8,0,2928.27,24.3,0,2762.67,24,14,3088.37,24.2,1
"2026-03-11 18:00:00",18,802,"Chapada_Low",11.85,2752.14,24.1,31,2612.09,24.1,0,2575.84,24,0,3257.82,23.1,0,3681.46,23.4,4,2852.37,23.6,0,2907.55,24.1,8,2758.65,23.8,12,3088.52,24,3
"2026-03-11 18:15:00",19,802,"Chapada_Low",11.85,2752.64,23.9,0,2611.69,23.9,19,2576.55,24,0,3252.71,23,0,3679.48,23.2,9,2846.54,23.4,0,2881.42,23.9,0,2753.07,23.7,1,3090.71,23.7,0
"2026-03-11 18:30:00",20,802,"Chapada_Low",11.85,2753.31,23.8,0,2612.31,23.7,0,2578.91,23.8,0,3230.18,22.9,0,3675.31,23.1,6,2843.08,23.2,9,2865.17,23.7,1,2746.6,23.5,23,3089.14,23.5,3
"2026-03-11 18:45:00",21,802,"Chapada_Low",11.85,2753.61,23.7,6,2612.3,23.5,0,2579.53,23.6,36,3223.95,22.7,0,3673.38,23,8,2836.81,22.9,4,2823.33,23.6,0,2741.4,23.3,0,3089.8,23.3,0
"2026-03-11 19:00:00",22,802,"Chapada_Low",11.85,2754.7,23.5,5,2615.49,23.4,1,2580.31,23.5,0,3218.37,22.6,0,3668.35,22.8,4,2834.82,22.7,0,2780.32,23.2,0,2738.5,23.1,0,3090.37,23.1,0
"2026-03-11 19:15:00",23,802,"Chapada_Low",11.85,2756.31,23.4,6,2614.73,23.2,0,2580.81,23.3,0,3211.07,22.4,0,3665.26,22.6,8,2833.77,22.5,0,2751.53,23.1,0,2734.07,23,4,3090.92,23,0
"2026-03-11 19:30:00",24,802,"Chapada_Low",11.85,2756.75,23.3,0,2614.52,23,7,2581.76,23.2,5,3204.72,22.3,5,3663.85,22.5,7,2831.28,22.4,0,2733.71,22.9,0,2734.12,22.8,0,3092.86,22.8,2
"2026-03-11 19:45:00",25,802,"Chapada_Low",11.85,2756.45,23.1,4,2616.15,22.9,8,2581.9,23,1,3198.3,22.1,1,3662.16,22.3,2,2825.75,22.2,6,2717.48,22.7,0,2730.15,22.7,6,3091.21,22.6,0
"2026-03-11 20:00:00",26,802,"Chapada_Low",11.85,2756.72,23,0,2619.73,22.7,0,2582.57,22.8,0,3192.97,21.9,0,3658.72,22.2,3,2823.56,22,4,2703.76,22.5,0,2731.18,22.5,1,3094.15,22.5,13
"2026-03-11 20:15:00",27,802,"Chapada_Low",11.85,2757.2,22.9,0,2622.05,22.6,6,2582.94,22.7,0,3189.61,21.8,0,3657.94,22,5,2819.53,21.9,10,2689.11,22.4,0,2726.31,22.4,0,3089.76,22.4,0
"2026-03-11 20:30:00",28,802,"Chapada_Low",11.85,2757.55,22.9,10,2622.23,22.4,0,2583.97,22.6,0,3185.42,21.7,0,3656.64,21.8,7,2817.38,21.7,1,2680.58,22.3,0,2716.14,22.3,4,3092.38,22.2,9
"2026-03-11 20:45:00",29,802,"Chapada_Low",11.85,2758.64,22.8,0,2622.44,22.3,3,2584.3,22.5,0,3178.63,21.6,0,3654.45,21.8,3,2815.57,21.6,7,2672.89,22.1,0,2713.26,22.2,6,3090.52,22.2,0
"2026-03-11 21:00:00",30,802,"Chapada_Low",11.85,2757.78,22.7,0,2621.84,22.2,9,2585.55,22.4,3,3175.33,21.5,0,3652.23,21.7,0,2814.08,21.5,5,2660.83,22,0,2711.7,22.2,0,3090.86,22.1,0
"2026-03-11 21:15:00",31,802,"Chapada_Low",11.85,2758.3,22.7,11,2623.84,22.2,0,2584.53,22.3,0,3172.5,21.4,0,3651.23,21.7,5,2812.44,21.4,1,2653.57,21.9,0,2711.25,22.1,14,3090.7,22,0
"2026-03-11 21:30:00",32,802,"Chapada_Low",11.85,2758.77,22.6,0,2622.83,22,1,2585.71,22.2,0,3168.86,21.4,0,3650.61,21.6,2,2811.64,21.3,0,2647.7,21.8,0,2706.49,22,3,3093.11,21.9,0
"2026-03-11 21:45:00",33,802,"Chapada_Low",11.85,2758.01,22.5,17,2592.66,22,0,2588.04,22.1,0,3166.08,21.2,0,3645.56,21.4,0,2810.4,21.2,5,2637.65,21.7,0,2705.03,21.9,0,3091.46,21.8,0
"2026-03-11 22:00:00",34,802,"Chapada_Low",11.85,2758.25,22.4,5,2593.17,21.9,0,2588.26,22,0,3163.24,21.2,0,3644.29,21.3,0,2809.96,21.1,0,2635.23,21.7,0,2702.72,21.8,8,3091.32,21.7,0
"2026-03-11 22:15:00",35,802,"Chapada_Low",11.85,2758.6,22.3,7,2593.37,21.8,0,2588.77,21.9,0,3160.16,21.1,0,3643.75,21.2,0,2808.46,21,0,2631.31,21.6,0,2699.38,21.7,0,3090.3,21.6,0
"2026-03-11 22:30:00",36,802,"Chapada_Low",11.85,2758.39,22.3,0,2589.69,21.7,0,2588.47,21.8,1,3157.11,21,1,3642.08,21.1,3,2807.97,20.9,3,2626.62,21.5,0,2694.6,21.7,0,3092.21,21.5,0
"2026-03-11 22:45:00",37,802,"Chapada_Low",11.85,2758.87,22.2,0,2589.38,21.6,7,2589.84,21.8,0,3152.54,20.9,0,3640.39,21.1,11,2805.9,20.8,2,2621.49,21.2,0,2691.93,21.6,0,3092.21,21.5,4
"2026-03-11 23:00:00",38,802,"Chapada_Low",11.85,2757.65,22.1,9,2591.29,21.5,0,2590.07,21.7,0,3148.69,20.9,0,3639.14,21,2,2804.81,20.8,0,2613.92,21.2,0,2690.13,21.5,0,3092.37,21.4,17
"2026-03-11 23:15:00",39,802,"Chapada_Low",11.85,2757.6,22,6,2592.29,21.4,0,2591.25,21.6,6,3145.46,20.8,0,3638.99,21,4,2803.42,20.7,2,2612.75,21.2,2,2690.79,21.4,2,3089.83,21.3,0
"2026-03-11 23:30:00",40,802,"Chapada_Low",11.85,2756.49,22,0,2592.12,21.4,0,2591.26,21.5,0,3142.83,20.7,0,3638.09,20.9,4,2803.52,20.6,4,2609.8,21.1,0,2689.46,21.3,2,3089.58,21.2,0
"2026-03-11 23:45:00",41,802,"Chapada_Low",11.85,2769.25,21.9,8,2620.25,21.3,0,2591.54,21.4,1,3140.96,20.6,0,3637.71,20.8,0,2803.15,20.5,0,2604.93,21,0,2686.32,21.3,0,3089.81,21.2,2
"2026-03-12 00:00:00",42,802,"Chapada_Low",11.85,2770.07,21.7,6,2621.7,21.2,2,2592.1,21.3,0,3139.37,20.6,0,3637.91,20.7,3,2802.27,20.5,8,2604.35,21,0,2684.3,21.2,0,3089.46,21.1,0
"2026-03-12 00:15:00",43,802,"Chapada_Low",11.85,2769.1,21.7,0,2622.66,21.2,0,2592.62,21.3,0,3138.04,20.5,0,3636.6,20.6,2,2801.57,20.4,4,2599.83,20.9,0,2673.11,21.2,5,3091.33,21,0
"2026-03-12 00:30:00",44,802,"Chapada_Low",11.85,2768.69,21.6,3,2623.59,21.1,2,2592.82,21.2,0,3136.83,20.5,0,3636.38,20.6,0,2800.8,20.3,4,2597.46,20.8,0,2666.26,21.1,0,3088.8,21,0
"2026-03-12 00:45:00",45,802,"Chapada_Low",11.85,2768.19,21.6,0,2624.43,21,5,2593.96,21.2,0,3134.45,20.4,0,3636.78,20.6,2,2801.25,20.3,0,2595.46,20.7,1,2663.61,21,0,3088.84,20.9,0
"2026-03-12 01:00:00",46,802,"Chapada_Low",11.85,2768.13,21.5,0,2625.35,21,0,2593.65,21.1,19,3132.67,20.4,0,3635.96,20.6,1,2799.12,20.3,1,2593.32,20.7,0,2665.35,21,0,3087.96,20.9,0
"2026-03-12 01:15:00",47,802,"Chapada_Low",11.85,2769.01,21.5,0,2624.95,21,0,2595.02,21.1,2,3131.76,20.4,0,3634.97,20.5,4,2798.81,20.3,23,2590,20.7,0,2659.65,21,0,3089.89,20.8,0
"2026-03-12 01:30:00",48,802,"Chapada_Low",11.85,2768.84,21.5,10,2658.34,21,0,2595.2,21.1,0,3130.16,20.3,0,3634.69,20.5,6,2798.05,20.2,6,2588.78,20.7,0,2653.66,20.9,0,3086.76,20.8,0
"2026-03-12 01:45:00",49,802,"Chapada_Low",11.85,2769.01,21.4,0,2660.18,21,0,2595.4,21,1,3129.31,20.3,6,3634.1,20.5,4,2797.34,20.2,10,2587.27,20.7,0,2648.41,20.9,0,3086.32,20.8,1
"2026-03-12 02:00:00",50,802,"Chapada_Low",11.85,2769.41,21.5,0,2661.84,21,0,2596.89,21.1,3,3126.01,20.4,0,3633.4,20.5,0,2796.43,20.3,4,2587.33,20.7,0,2646.43,21,31,3088.29,20.9,8
"2026-03-12 02:15:00",51,802,"Chapada_Low",11.85,2770.11,21.5,0,2663.28,21.1,0,2596.34,21.1,11,3125.4,20.5,0,3632.69,20.6,2,2797.37,20.4,7,2585.77,20.9,0,2645.45,21.1,5,3085.78,21,0
"2026-03-12 02:30:00",52,802,"Chapada_Low",11.85,2769.64,21.5,0,2665.3,21.1,0,2597.05,21.2,5,3123.96,20.6,0,3632.2,20.7,1,2795.59,20.5,6,2582.12,20.9,0,2645.84,21.2,0,3086.17,21,0
"2026-03-12 02:45:00",53,802,"Chapada_Low",11.85,2767.86,21.5,2,2666.38,21.1,10,2598.85,21.2,1,3121.67,20.6,1,3631.55,20.7,3,2794.7,20.5,0,2583.53,20.9,0,2645.53,21.2,2,3085.35,21.1,0
"2026-03-12 03:00:00",54,802,"Chapada_Low",11.85,2770.07,21.5,0,2667,21.1,0,2599.39,21.1,9,3119.95,20.6,0,3630.88,20.7,0,2795.35,20.5,5,2580.29,20.9,0,2639.43,21.1,10,3085.23,21,4
"2026-03-12 03:15:00",55,802,"Chapada_Low",11.85,2770.62,21.4,0,2646.78,21.1,0,2599.58,21.1,0,3119.53,20.5,5,3630.08,20.6,3,2794.44,20.4,4,2579.33,20.9,0,2638.07,21.1,0,3084.85,20.9,17
"2026-03-12 03:30:00",56,802,"Chapada_Low",11.85,2759.84,21.4,0,2591.87,21.1,2,2599.7,21.1,3,3118.09,20.5,0,3628.66,20.7,8,2793.36,20.4,1,2579.25,20.9,0,2633.22,21,0,3085.51,21,0
"2026-03-12 03:45:00",57,802,"Chapada_Low",11.85,2756.68,21.5,0,2592.42,21.1,5,2601.08,21.1,0,3117.47,20.6,14,3628.16,20.7,3,2792.62,20.5,4,2578.79,20.9,9,2635.33,21.1,1,3084.73,21,0
"2026-03-12 04:00:00",58,802,"Chapada_Low",11.85,2754.51,21.5,11,2592.75,21.2,0,2601.7,21.2,0,3116.5,20.6,0,3627.6,20.7,27,2792.34,20.6,0,2576.99,21,0,2630.57,21.1,1,3084.89,21.1,0
"2026-03-12 04:15:00",59,802,"Chapada_Low",11.85,2752.28,21.5,0,2592.01,21.2,0,2602.65,21.2,6,3114.25,20.6,0,3626.63,20.7,7,2792.03,20.5,1,2574.56,21,0,2629.22,21.1,3,3084.3,21.1,1
"2026-03-12 04:30:00",60,802,"Chapada_Low",11.85,2750.59,21.5,2,2591.62,21.2,0,2602.45,21.2,0,3112.88,20.6,0,3626.68,20.8,25,2792.46,20.6,0,2573.79,20.9,0,2623.52,21.2,0,3084.05,21.1,0
"2026-03-12 04:45:00",61,802,"Chapada_Low",11.85,2750.26,21.4,0,2591.01,21.1,0,2603.54,21.1,0,3112.96,20.6,0,3626.3,20.8,1,2790.49,20.5,5,2571.99,20.9,3,2621.81,21.1,0,3083.98,21.1,3
"2026-03-12 05:00:00",62,802,"Chapada_Low",11.85,2749.42,21.3,0,2591.63,21.1,3,2603.68,21.1,0,3109.54,20.6,0,3625.27,20.7,5,2789.53,20.5,0,2574.05,20.9,0,2618.96,21.1,0,3083.77,21,0
"2026-03-12 05:15:00",63,802,"Chapada_Low",11.85,2749.64,21.3,0,2639.95,21,0,2604.46,21,4,3108.72,20.5,0,3624.86,20.6,3,2788.61,20.4,0,2571.25,20.8,0,2614.14,21,0,3085.95,20.9,5
"2026-03-12 05:30:00",64,802,"Chapada_Low",11.85,2749.53,21.2,0,2645.09,20.9,0,2604.53,20.9,2,3108.37,20.4,0,3625.63,20.5,10,2789.95,20.3,15,2570.04,20.7,0,2612.63,20.9,13,3084.56,20.8,0
"2026-03-12 05:45:00",65,802,"Chapada_Low",11.85,2748.82,21.2,0,2646.88,20.9,15,2604.91,20.9,0,3107.32,20.3,0,3625.27,20.4,7,2787.82,20.3,1,2569.26,20.7,0,2610.99,20.8,0,3086.37,20.8,5
"2026-03-12 06:00:00",66,802,"Chapada_Low",11.85,2749.74,21.2,0,2650.45,20.9,0,2605.33,21,11,3104.93,20.4,0,3624.33,20.5,5,2789.66,20.3,0,2567.75,20.8,17,2610.5,20.9,12,3080.33,20.9,0
"2026-03-12 06:15:00",67,802,"Chapada_Low",11.85,2749.28,21.3,0,2650.1,21,0,2606.15,21,0,3104.14,20.5,0,3623.12,20.6,6,2788.56,20.5,1,2566.62,20.8,0,2608.7,21,0,3080.4,21,0
"2026-03-12 06:30:00",68,802,"Chapada_Low",11.85,2749.47,21.3,0,2650.21,21.1,0,2606.17,21.1,4,3103.29,20.6,0,3622.74,20.7,0,2789.44,20.5,0,2566.75,20.9,0,2607.07,21.1,0,3079.85,21,2
"2026-03-12 06:45:00",69,802,"Chapada_Low",11.85,2748.17,21.4,0,2652.6,21.1,0,2606.25,21.1,4,3102.51,20.6,0,3621.6,20.8,4,2788.22,20.6,3,2567.54,21,0,2609.09,21.1,5,3081.99,21,3
"2026-03-12 07:00:00",70,802,"Chapada_Low",11.85,2748.7,21.4,0,2608.5,21.1,0,2607.25,21.1,0,3101.66,20.7,0,3620.85,20.8,1,2789.01,20.6,0,2566.21,21,0,2605.78,21.1,6,3079.41,21.1,0
"2026-03-12 07:15:00",71,802,"Chapada_Low",11.85,2746.21,21.4,0,2648.43,21.2,0,2606.45,21.2,4,3100.4,20.7,0,3620.42,20.9,2,2788.57,20.7,12,2564.5,21.1,0,2604.5,21.2,3,3079.08,21.1,1
"2026-03-12 07:30:00",72,802,"Chapada_Low",11.85,2747.42,21.5,3,2651.25,21.3,0,2606.53,21.3,5,3099.5,20.8,0,3619.28,21,0,2786.4,20.8,0,2568.09,21.2,0,2603.64,21.3,0,3078.3,21.2,0
"2026-03-12 07:45:00",73,802,"Chapada_Low",11.85,2747.46,21.6,9,2653.44,21.4,9,2607.1,21.4,3,3098.3,21,0,3619.06,21.1,4,2785.61,21,0,2567.57,21.3,3,2599.74,21.4,5,3078.32,21.4,5
"2026-03-12 08:00:00",74,802,"Chapada_Low",11.85,2747.08,21.8,1,2653,21.6,0,2606.88,21.6,0,3096.82,21.2,0,3618.8,21.3,1,2782.73,21.3,0,2567.31,21.6,1,2600.77,21.7,0,3077.48,21.7,1
"2026-03-12 08:15:00",75,802,"Chapada_Low",11.85,2747.25,22,0,2652.19,21.8,4,2607.05,21.8,0,3095.27,21.4,0,3617.84,21.5,0,2782.05,21.5,3,2564.83,22,0,2595.31,21.9,18,3078.41,22,4
"2026-03-12 08:30:00",76,802,"Chapada_Low",11.85,2746.49,22.1,0,2652.54,22,0,2607.52,21.9,3,3091.84,21.5,0,3617.17,21.7,5,2782.04,21.7,2,2561.99,22.1,0,2596.07,22.2,0,3076.31,22.3,0
"2026-03-12 08:45:00",77,802,"Chapada_Low",11.85,2746.46,22.8,0,2655.04,22.5,3,2608.08,22.4,0,3091.87,21.9,0,3615.73,22.1,6,2782.96,22.4,0,2559.7,22.7,0,2593.35,22.8,0,3076.93,23,0
"2026-03-12 09:00:00",78,802,"Chapada_Low",11.85,2746.13,22.9,0,2607.34,22.9,2,2607.92,22.6,0,3088.94,22.1,0,3614.24,22.4,1,2780.4,22.7,0,2558.01,22.9,0,2590.55,23,0,3074.01,23.2,0
"2026-03-12 09:15:00",79,802,"Chapada_Low",11.85,2745.33,23,0,2606.22,22.9,0,2607.66,22.9,0,3086.62,22.3,0,3614.32,22.6,0,2780.24,22.9,8,2556.35,23.1,8,2591.28,23.2,3,3073.76,23.3,0
"2026-03-12 09:30:00",80,802,"Chapada_Low",11.85,2746,23.3,5,2605.84,23.2,0,2607.78,23.2,0,3084.06,22.9,0,3611.59,23.4,7,2779.3,23.4,2,2555.93,23.5,0,2589.38,23.6,6,3072.7,23.8,1
"2026-03-12 09:45:00",81,802,"Chapada_Low",11.85,2745.09,24.1,1,2604.63,24.1,0,2607.45,24.1,0,3082.12,23.5,0,3605.63,25,5,2774.28,25.2,0,2553.15,24.7,3,2586.51,25,13,3071.46,25.1,0
"2026-03-12 10:00:00",82,802,"Chapada_Low",11.85,2745.85,24.6,0,2602.83,24.7,0,2608.42,24.5,3,3078.46,24,0,3603.25,25.2,0,2772.43,25.8,0,2547.45,26.2,0,2583.24,25.9,0,3068.87,25.9,0
"2026-03-12 10:15:00",83,802,"Chapada_Low",11.85,2744.79,24.5,0,2604.06,24.5,0,2609.99,24.3,19,3075.42,23.9,0,3602.87,24.7,9,2773.5,25.3,2,2547.89,25.5,0,2580.37,26.1,0,3068.32,25.6,0
"2026-03-12 10:30:00",84,802,"Chapada_Low",11.84,2743.92,24.4,0,2603.23,24.3,5,2610.17,24.2,1,3073.73,23.7,0,3601.85,24.4,1,2772.25,24.9,1,2546.77,25,0,2578.75,25.6,0,3067.39,25.6,0
"2026-03-12 10:45:00",85,802,"Chapada_Low",11.85,2744.33,24.4,0,2604.13,24.2,4,2607.81,24.1,0,3072.27,23.5,0,3601.18,24.2,0,2773.95,24.7,18,2547.13,24.7,0,2577.03,25.3,0,3065.41,25.2,0
"2026-03-12 11:00:00",86,802,"Chapada_Low",11.86,2744.07,24.2,0,2607.4,24.1,0,2607.53,24.1,8,3072.15,23.4,0,3601.55,24,5,2772.01,24.4,2,2546.78,24.4,0,2575.12,25,0,3064.63,25,0
"2026-03-12 11:15:00",87,802,"Chapada_Low",11.85,2744.25,24.1,4,2607.97,24,0,2608.54,24,1,3071.54,23.4,0,3600.64,23.9,0,2771.42,24.3,4,2546.4,24.4,0,2573.66,24.9,0,3064.21,24.8,0
"2026-03-12 11:30:00",88,802,"Chapada_Low",11.85,2744.39,24.1,0,2607.46,24,0,2607.89,24.1,2,3070.53,23.4,0,3600.91,24,2,2772.36,24.4,0,2546.16,24.4,0,2570.74,25,0,3063.94,24.9,2
"2026-03-12 11:45:00",89,802,"Chapada_Low",11.85,2740.14,23.4,2,2936.56,23.3,1,2602.94,23.7,0,3295.13,22.9,0,3659.91,23.1,18,2984.97,23.5,0,2705.49,23.8,0,2707.84,24,0,3091,23.9,0
"2026-03-12 12:00:00",90,802,"Chapada_Low",11.85,2739.21,23.2,3,2935.41,22.8,1,2555.05,23.1,2,3350.87,22.3,0,3706.82,22.4,4,2990.01,22.6,7,2936.25,23.1,3,2730.4,23.2,5,3104.48,23.2,0
"2026-03-12 12:15:00",91,802,"Chapada_Low",11.85,2740.15,23.2,0,2956.98,22.7,2,2541.48,23,0,3321.79,22.3,0,3715.93,22.4,10,3017.99,22.4,6,2930.82,22.9,5,2702.82,23.1,1,3108.53,23.2,0
"2026-03-12 12:30:00",92,802,"Chapada_Low",11.85,2740.4,23.3,3,2969.54,22.9,0,2539.98,23.1,15,3314.95,22.4,0,3712.6,22.7,0,3022,22.6,9,2937,23.2,0,2706.34,23.2,6,3105.65,23.4,0
"2026-03-12 12:45:00",93,802,"Chapada_Low",11.85,2740.09,23.3,0,2973.44,22.9,0,2540.19,23.1,0,3316.67,22.5,0,3707.21,22.8,7,3020.26,22.7,0,2940.5,23.5,2,2712.62,23.2,0,3104.24,23.5,3
"2026-03-12 13:00:00",94,802,"Chapada_Low",11.85,2739.9,23.3,0,2975.68,22.9,0,2540.56,23.1,3,3320.32,22.5,0,3703.89,22.8,0,3020.27,22.7,5,2944.66,23.6,1,2715.9,23.3,12,3102.66,23.6,4
"2026-03-12 13:15:00",95,802,"Chapada_Low",11.85,2740.78,23.5,9,2962.72,23.1,2,2542.31,23.3,0,3323.64,22.7,3,3700.95,23.1,4,3016.68,23.1,0,2956.31,23.9,0,2717.86,23.4,12,3100.18,23.9,0
"2026-03-12 13:30:00",96,802,"Chapada_Low",11.85,2741.57,23.7,1,2600.37,23.7,0,2543.66,23.7,0,3327.92,23.1,0,3697.81,23.7,6,3009.89,23.7,0,2960.33,24.4,1,2720.3,23.8,5,3097.9,24.4,0
"2026-03-12 13:45:00",97,802,"Chapada_Low",11.85,2742.76,24,0,2601.3,24.1,0,2545.19,24.4,0,3332.4,23.9,0,3693.92,24.4,7,3005.38,24.4,9,2962.61,25.1,1,2718.57,24.3,1,3096.67,25,8
"2026-03-12 14:00:00",98,802,"Chapada_Low",11.85,2743.95,24.1,0,2600.59,24.2,0,2548.05,24.5,3,3336.75,24.3,0,3690.9,24.9,6,2947.3,24.6,2,2962.31,25.3,0,2719.88,24.4,0,3092.72,25.2,4
"2026-03-12 14:15:00",99,802,"Chapada_Low",11.85,2744.83,24.3,7,2600.1,24.4,1,2549.92,24.8,2,3341.57,24.2,0,3687.99,25.1,13,2929.22,25.4,1,2961.85,25.7,0,2724.23,24.6,7,3093.86,25.6,1
"2026-03-12 14:30:00",100,802,"Chapada_Low",11.85,2745.53,24.6,0,2600.65,24.8,6,2549.44,25.2,3,3334.94,24.5,0,3685.05,25.3,21,2919.3,25.7,5,2959.86,26.7,0,2725.67,25,6,3091.96,26,0
"2026-03-12 14:45:00",101,802,"Chapada_Low",11.85,2743.55,25.1,12,2600.78,25.3,0,2552.25,26,0,3332.07,25.2,0,3680.29,26,0,2904.42,26.2,11,2959.17,27.1,3,2732.32,26.1,4,3089.51,27.1,5
"2026-03-12 15:00:00",102,802,"Chapada_Low",11.85,2744.78,25.6,5,2601.19,25.6,2,2557.17,26.6,10,3329.25,25.7,0,3676.38,26.5,0,2893.29,26.6,4,2956.47,27.5,1,2735.09,26,0,3087.16,28.2,3
"2026-03-12 15:15:00",103,802,"Chapada_Low",11.84,2746.47,25.8,0,2588.33,26.2,0,2560.06,26.8,0,3316.42,25.8,0,3673.53,26.5,2,2884.42,26.7,0,2955.75,27.4,0,2738.17,25.9,5,3086.02,27.7,0
"2026-03-12 15:30:00",104,802,"Chapada_Low",11.85,2747.85,25.7,7,2610.87,26.3,0,2560.51,27.4,0,3311.29,25.7,0,3669.83,26.3,5,2874.45,26.6,10,2957.37,27.3,2,2743.41,25.9,0,3086.26,27.4,3
"2026-03-12 15:45:00",105,802,"Chapada_Low",11.85,2749.85,25.7,3,2611.27,26.3,0,2568.13,27.3,11,3302.06,27,0,3667.82,26.3,3,2864,26.7,3,2965.74,27.5,2,2752.17,26,1,3085.93,27.3,0
"2026-03-12 16:00:00",106,802,"Chapada_Low",11.85,2751.09,25.4,3,2611.59,25.9,0,2574.53,26.7,0,3296.84,25.8,0,3664.51,26.6,0,2856.1,26.3,6,2966.95,27.1,0,2757.29,25.7,3,3086.85,26.6,7
"2026-03-12 16:15:00",107,802,"Chapada_Low",11.85,2754.37,25.2,1,2611.81,25.6,0,2579.05,26.3,2,3290.81,25.1,0,3664.89,25.7,0,2848.88,26.3,3,2919.74,27,4,2761.05,25.5,0,3087.63,26.2,0
"2026-03-12 16:30:00",108,802,"Chapada_Low",11.84,2754.67,25.1,5,2611.82,25.3,0,2581.12,26.1,0,3254,24.8,0,3662.7,25.1,8,2842.13,25.8,5,2897.83,27,1,2757.22,25.5,4,3088.06,25.7,0
"2026-03-12 16:45:00",109,802,"Chapada_Low",11.84,2754.96,24.9,0,2610.36,25.1,2,2580.95,25.8,1,3230.88,24.4,0,3661.6,24.7,6,2836.49,25.3,2,2860.62,26.5,0,2753.2,25.4,0,3086.29,25.6,0
"2026-03-12 17:00:00",110,802,"Chapada_Low",11.84,2755.23,25,0,2621.05,24.9,0,2583.52,25.5,6,3224.83,24.1,4,3660.89,24.4,10,2837.01,24.9,0,2825.11,26.1,0,2750.8,25.2,0,3086.28,25.2,0
"2026-03-12 17:15:00",111,802,"Chapada_Low",11.85,2757.07,24.7,0,2581.96,24.8,19,2584.1,25.3,0,3217.49,23.9,0,3657.85,24.2,6,2831.22,24.6,5,2787.59,25.7,2,2744.56,25,0,3086.39,24.9,0
"2026-03-12 17:30:00",112,802,"Chapada_Low",11.84,2756.55,24.6,0,2582.41,24.6,1,2587,25.2,1,3209.88,23.7,1,3655.53,24,0,2828.39,24.3,6,2761.22,25.3,3,2741.98,24.8,9,3089.3,24.6,1
"2026-03-12 17:45:00",113,802,"Chapada_Low",11.84,2756.44,24.4,7,2582.25,24.4,0,2585.98,24.9,0,3203.22,23.6,0,3653.98,23.9,0,2823.26,24.1,3,2733.16,24.9,10,2739,24.6,0,3089.68,24.3,3
"2026-03-12 18:00:00",114,802,"Chapada_Low",11.84,2756.25,24.3,0,2583.26,24.1,0,2586.36,24.6,4,3197.78,23.3,0,3653.45,23.7,6,2821.12,23.9,17,2719.08,24.6,0,2736.68,24.4,19,3088.01,24,0
"2026-03-12 18:15:00",115,802,"Chapada_Low",11.85,2756.76,24.1,9,2582.97,23.9,0,2588.54,24.4,0,3193.33,23.1,0,3651.7,23.4,5,2817.59,23.6,1,2704.72,24.3,0,2733.67,24.2,0,3089.05,23.8,0
"2026-03-12 18:30:00",116,802,"Chapada_Low",11.84,2756.84,24,5,2583.74,23.7,2,2587.34,24.1,0,3187.72,22.9,0,3650.66,23.2,10,2815.26,23.3,10,2688.77,24,0,2727.76,24,0,3089.49,23.5,0
"2026-03-12 18:45:00",117,802,"Chapada_Low",11.84,2757.16,23.8,5,2584.97,23.5,0,2587.32,23.9,14,3183.05,22.6,1,3650.74,22.9,0,2813.53,23,6,2680.65,23.6,0,2724.05,23.7,0,3089.43,23.4,1
"2026-03-12 19:00:00",118,802,"Chapada_Low",11.84,2756.48,23.7,12,2584.11,23.3,0,2588.44,23.7,0,3176.73,22.4,2,3649.95,22.7,7,2811.43,22.7,14,2667.43,23.3,0,2719.14,23.5,5,3090.66,23.1,0
"2026-03-12 19:15:00",119,802,"Chapada_Low",11.85,2757.22,23.5,8,2589.85,23.1,0,2588.51,23.5,0,3174.56,22.2,0,3648.99,22.4,5,2810.5,22.5,4,2660.53,23.1,0,2718.93,23.2,8,3091.41,22.8,0
"2026-03-12 19:30:00",120,802,"Chapada_Low",11.85,2757.3,23.4,0,2590.47,23,1,2589.19,23.3,0,3170.63,22,0,3648.45,22.3,3,2809.02,22.3,5,2649.49,22.9,0,2715.97,23,5,3091.35,22.6,4
"2026-03-12 19:45:00",121,802,"Chapada_Low",11.85,2757.36,23.2,0,2590.47,22.8,3,2591.06,23.2,0,3167.81,21.8,0,3646.73,22,7,2806.8,22.1,5,2644.69,22.8,0,2713.04,22.8,0,3091.31,22.5,3
"2026-03-12 20:00:00",122,802,"Chapada_Low",11.85,2757.17,23.1,0,2591.55,22.7,0,2591.54,23.1,4,3166.38,21.7,0,3646.98,21.9,5,2805.67,21.8,0,2636.45,22.5,0,2707.83,22.6,0,3090.17,22.3,0
"2026-03-12 20:15:00",123,802,"Chapada_Low",11.84,2757.01,23,0,2589.28,22.5,0,2591.87,22.9,2,3164.07,21.6,0,3647.14,21.8,0,2806.03,21.7,0,2631.76,22.3,0,2708.14,22.5,5,3091.25,22.2,0
"2026-03-12 20:30:00",124,802,"Chapada_Low",11.85,2757.2,22.9,0,2588.98,22.4,4,2592.29,22.8,0,3160.54,21.5,0,3646.34,21.8,0,2805.53,21.6,5,2630.09,22.2,0,2703.35,22.3,0,3089.08,22.1,3
"2026-03-12 20:45:00",125,802,"Chapada_Low",11.85,2757.53,22.8,11,2589.42,22.2,0,2593.63,22.6,0,3155.06,21.3,0,3646.64,21.6,4,2803.62,21.5,2,2626.24,22.1,6,2693.19,22.2,0,3088.89,21.9,0
"2026-03-12 21:00:00",126,802,"Chapada_Low",11.85,2757.51,22.7,0,2572.74,22.1,0,2593.23,22.5,5,3151.92,21.2,0,3642.76,21.5,1,2802.94,21.3,2,2616.76,22,0,2687.72,22,0,3091.98,21.8,0
"2026-03-12 21:15:00",127,802,"Chapada_Low",11.84,2757.27,22.6,8,2572.99,22,0,2594.68,22.4,2,3149.18,21.1,0,3643.22,21.4,0,2803.67,21.2,9,2614.55,21.8,0,2686.4,21.8,2,3091.2,21.7,5
"2026-03-12 21:30:00",128,802,"Chapada_Low",11.85,2756.39,22.5,5,2573.3,21.9,1,2595.18,22.3,2,3146.81,21,0,3643.51,21.1,0,2801.83,21.1,7,2612.21,21.7,0,2683.85,21.8,2,3089.78,21.6,0
"2026-03-12 21:45:00",129,802,"Chapada_Low",11.85,2755.64,22.4,0,2573.22,21.8,1,2595.08,22.2,6,3145.61,20.9,0,3644.4,21.1,7,2802.93,20.9,0,2603.36,21.6,0,2681.24,21.7,0,3091.76,21.5,0
"2026-03-12 22:00:00",130,802,"Chapada_Low",11.84,2767.28,22.3,8,2573.68,21.7,0,2595.97,22.1,0,3143.71,20.8,0,3643.08,21,1,2801.85,20.8,0,2602.49,21.4,3,2675.34,21.6,0,3091.06,21.4,0
"2026-03-12 22:15:00",131,802,"Chapada_Low",11.85,2768.05,22.1,12,2572.93,21.6,2,2596.16,22,1,3142.12,20.7,8,3643.13,21,1,2801.06,20.7,0,2598.82,21.3,0,2676.36,21.5,0,3088.75,21.3,0
"2026-03-12 22:30:00",132,802,"Chapada_Low",11.85,2767.36,22,0,2572.91,21.5,0,2596.78,21.8,1,3139.73,20.6,0,3642.2,20.8,0,2801.35,20.6,0,2596.12,21.2,0,2669.07,21.4,0,3088.06,21.2,0
"2026-03-12 22:45:00",133,802,"Chapada_Low",11.85,2767.12,21.9,7,2575.89,21.4,0,2596.98,21.8,5,3138.16,20.5,0,3641.96,20.8,5,2799.21,20.5,0,2592.41,21.2,0,2661.1,21.3,6,3088.25,21.1,0
"2026-03-12 23:00:00",134,802,"Chapada_Low",11.85,2767.49,21.8,0,2569.44,21.4,0,2597.52,21.7,0,3136.73,20.5,0,3641.57,20.7,2,2800.37,20.5,4,2591.48,21.1,0,2657.52,21.2,0,3087.47,21,0
"2026-03-12 23:15:00",135,802,"Chapada_Low",11.85,2767.78,21.7,0,2569.14,21.2,0,2598.32,21.6,0,3135.01,20.4,0,3639.92,20.6,6,2800.32,20.4,0,2590.87,21,0,2652.22,21.1,1,3087.53,20.9,1
"2026-03-12 23:30:00",136,802,"Chapada_Low",11.85,2768.06,21.6,0,2570.25,21.1,0,2598.27,21.4,0,3133.03,20.3,0,3641.08,20.4,9,2799.7,20.3,1,2587.79,20.9,0,2652.39,21,2,3089.1,20.9,0
"2026-03-12 23:45:00",137,802,"Chapada_Low",11.84,2767.93,21.5,0,2570.01,21,4,2599.63,21.4,3,3131.66,20.2,2,3640.25,20.4,2,2799.42,20.2,0,2586.58,20.8,0,2648.27,20.9,0,3086.79,20.8,0
"2026-03-13 00:00:00",138,802,"Chapada_Low",11.85,2768.24,21.5,0,2571.37,21,0,2600.58,21.4,1,3131.37,20.2,0,3640.15,20.4,7,2796.47,20.2,0,2584.81,20.7,6,2645.6,20.9,0,3086.99,20.8,0
"2026-03-13 00:15:00",139,802,"Chapada_Low",11.85,2768.87,21.5,3,2570.61,21,0,2600.75,21.3,4,3129.86,20.2,0,3639.3,20.4,5,2798.29,20.2,10,2583.99,20.8,0,2643.35,21,0,3089.11,20.8,2
"2026-03-13 00:30:00",140,802,"Chapada_Low",11.85,2769.22,21.4,0,2663.65,21,10,2601.99,21.3,1,3128.43,20.2,0,3638.85,20.4,4,2797.81,20.2,0,2582.27,20.8,0,2641.25,20.9,0,3089.09,20.7,4
"2026-03-13 00:45:00",141,802,"Chapada_Low",11.85,2758.18,21.4,0,2568.9,20.9,6,2602.21,21.2,0,3126.62,20.2,0,3639.41,20.3,0,2797.23,20.1,0,2580.73,20.7,0,2636.67,20.9,0,3086.6,20.7,1
"2026-03-13 01:00:00",142,802,"Chapada_Low",11.85,2755.26,21.3,0,2569.18,20.8,0,2602.79,21.1,0,3125.53,20.1,0,3639.5,20.2,4,2796.73,20,0,2581.67,20.6,0,2631.42,20.8,0,3088.18,20.6,3
"2026-03-13 01:15:00",143,802,"Chapada_Low",11.85,2753.19,21.2,0,2570.52,20.7,0,2603.44,21,1,3125.17,19.9,0,3638.18,20.1,0,2796.81,20,0,2578.2,20.5,0,2631.57,20.7,0,3088.81,20.5,15
"2026-03-13 01:30:00",144,802,"Chapada_Low",11.85,2750.82,21.1,0,2570.14,20.7,1,2604.59,20.9,0,3123.25,19.9,0,3637.18,20,2,2795.21,19.8,0,2576.72,20.4,0,2626.47,20.6,14,3089.29,20.4,2
"2026-03-13 01:45:00",145,802,"Chapada_Low",11.85,2749.19,21,0,2569.73,20.6,0,2605.27,20.8,1,3122.81,19.8,0,3638.28,19.9,0,2794.97,19.7,0,2576.79,20.2,0,2625.09,20.6,4,3088.92,20.4,4
"2026-03-13 02:00:00",146,802,"Chapada_Low",11.85,2748.59,21,0,2569.44,20.5,0,2606.03,20.8,5,3121.99,19.8,0,3638.06,19.9,2,2793.69,19.7,0,2574.95,20.2,0,2622.33,20.5,0,3087.04,20.3,0
"2026-03-13 02:15:00",147,802,"Chapada_Low",11.85,2748.31,21,0,2569.87,20.4,0,2606.19,20.7,0,3119.66,19.8,0,3637.36,19.9,0,2793.89,19.7,6,2573.78,20.2,0,2619.91,20.5,0,3088.85,20.3,2
"2026-03-13 02:30:00",148,802,"Chapada_Low",11.85,2747.79,20.9,0,2559.47,20.5,2,2606.67,20.7,0,3119.07,19.7,0,3638.2,19.9,4,2793.73,19.7,1,2573.46,20.2,0,2618.77,20.5,2,3086.99,20.2,0
"2026-03-13 02:45:00",149,802,"Chapada_Low",11.85,2747.95,20.9,0,2558.47,20.4,19,2607.08,20.6,0,3116.62,19.7,0,3637.8,19.9,0,2793.57,19.6,0,2572.48,20.2,0,2617.44,20.4,0,3088.93,20.2,0
"2026-03-13 03:00:00",150,802,"Chapada_Low",11.85,2747.67,20.8,0,2559.86,20.4,0,2608.21,20.6,0,3115.46,19.6,0,3637.7,19.8,4,2793.1,19.6,0,2571.92,20.1,0,2615.33,20.4,0,3087.19,20.1,0
"2026-03-13 03:15:00",151,802,"Chapada_Low",11.85,2747.24,20.8,4,2560.97,20.3,0,2608.18,20.5,0,3114.49,19.6,2,3636.71,19.7,0,2792.93,19.5,0,2571.35,20.1,0,2614.58,20.3,0,3085.18,20.1,0
"2026-03-13 03:30:00",152,802,"Chapada_Low",11.85,2746.87,20.8,0,2562.24,20.2,0,2608.48,20.5,0,3114.4,19.6,0,3636.12,19.7,4,2792.27,19.4,0,2569.97,20,0,2612.29,20.3,4,3087.3,20.1,0
"2026-03-13 03:45:00",153,802,"Chapada_Low",11.85,2747.2,20.7,0,2561.44,20.2,3,2608.52,20.4,0,3113.25,19.5,0,3635.78,19.6,2,2792.26,19.4,1,2569.3,19.9,0,2610.53,20.2,0,3087.82,20,0
"2026-03-13 04:00:00",154,802,"Chapada_Low",11.85,"NAN","NAN","NAN",2562.59,20.2,0,2608.53,20.4,0,3112.55,19.5,0,3635.05,19.6,4,2792.2,19.4,0,2569.21,19.9,0,2608.98,20.1,0,3087.15,20,1
"2026-03-13 04:15:00",155,802,"Chapada_Low",11.85,"NAN","NAN","NAN",2563.11,20.2,0,2608.66,20.4,1,3111.85,19.5,0,3633.86,19.6,20,2793.35,19.4,0,2568.46,19.9,0,2605.81,20.1,1,3083.75,19.9,2
"2026-03-13 04:30:00",156,802,"Chapada_Low",11.85,"NAN","NAN","NAN",2560.87,20.2,0,2609.61,20.3,0,3110.9,19.5,0,3633.83,19.6,1,2790.04,19.4,0,2567.61,19.9,0,2604.65,20.1,0,3084.55,19.9,0
"2026-03-13 04:45:00",157,802,"Chapada_Low",11.85,"NAN","NAN","NAN",2560.46,20.1,0,2609.82,20.3,8,3109.06,19.5,0,3632.85,19.6,0,2789.61,19.4,0,2567.47,19.9,0,2603.6,20.1,0,3084.04,19.9,0
"2026-03-13 05:00:00",158,802,"Chapada_Low",11.85,"NAN","NAN","NAN",2560.52,20.1,0,2609.84,20.3,0,3109.24,19.4,0,3632.81,19.5,0,2789.66,19.4,0,2565.9,19.9,0,2601.78,20.1,1,3087.07,19.9,0
"2026-03-13 05:15:00",159,802,"Chapada_Low",11.85,"NAN","NAN","NAN",2561.05,20.1,0,2610.13,20.3,0,3108.92,19.4,0,3632.84,19.5,4,2790.23,19.3,9,2564.92,19.8,0,2597.77,20.1,0,3084.62,19.9,0
"2026-03-13 05:30:00",160,802,"Chapada_Low",11.85,"NAN","NAN","NAN",2560.35,20.1,0,2609.55,20.3,1,3107.64,19.4,0,3633.09,19.5,8,2789.59,19.3,0,2564.72,19.7,0,2595.95,20,2,3086.47,19.8,0
"2026-03-13 05:45:00",161,802,"Chapada_Low",11.85,"NAN","NAN","NAN",2560.65,20.1,3,2609.64,20.2,0,3106.92,19.4,0,3632.65,19.5,0,2791.71,19.3,5,2564.12,19.7,0,2594.41,20,0,3085.71,19.8,0
"2026-03-13 06:00:00",162,802,"Chapada_Low",11.85,"NAN","NAN","NAN",2559.14,20,0,2609.71,20.2,0,3106.32,19.4,0,3632.13,19.5,0,2788.97,19.3,1,2563.8,19.8,6,2593.1,20,0,3086.11,19.8,0
"2026-03-13 06:15:00",163,802,"Chapada_Low",11.85,"NAN","NAN","NAN",2554.99,20.1,0,2610.08,20.2,4,3105.32,19.4,0,3631.32,19.5,3,2789.34,19.3,2,2563.37,19.8,0,2592.68,20,0,3086.04,19.8,0
"2026-03-13 06:30:00",164,802,"Chapada_Low",11.85,"NAN","NAN","NAN",2626.59,20.1,8,2610.14,20.2,0,3104.17,19.4,0,3630.86,19.5,6,2789.19,19.3,3,2562.63,19.8,0,2591.65,20,0,3084.12,19.8,0
"2026-03-13 06:45:00",165,802,"Chapada_Low",11.85,"NAN","NAN","NAN",2628.37,20.1,0,2609.94,20.2,14,3103.62,19.4,0,3630.43,19.6,1,2788.68,19.4,5,2563.06,19.8,0,2591.7,20,0,3083.83,19.8,0
"2026-03-13 07:00:00",166,802,"Chapada_Low",11.85,2744.06,21.4,0,2628.22,20.1,0,2610.54,20.2,4,3102.79,19.5,0,3629.82,19.5,5,2788.02,19.4,1,2562.59,19.9,0,2589.78,20.1,0,3085.72,19.8,5
"2026-03-13 07:15:00",167,802,"Chapada_Low",11.85,2744.85,20.7,0,2628.15,20.1,0,2611.31,20.3,0,3101.57,19.5,0,3628.74,19.6,3,2788.17,19.4,2,2562.06,19.9,0,2589.38,20.1,4,3085.27,19.9,0
"2026-03-13 07:30:00",168,802,"Chapada_Low",11.85,2745.32,20.7,0,2627.6,20.2,10,2611.3,20.3,12,3101.1,19.6,0,3628.99,19.8,7,2787.69,19.6,0,2561.52,20,0,2588.24,20.2,0,3083.2,20,1
"2026-03-13 07:45:00",169,802,"Chapada_Low",11.85,2744.24,20.8,1,2627.47,20.5,0,2610.88,20.5,14,3099.87,19.8,0,3629.24,20,1,2789.32,19.8,0,2560.55,20.3,0,2584.6,20.5,0,3082.4,20.3,0
"2026-03-13 08:00:00",170,802,"Chapada_Low",11.85,2744.91,21.1,0,2548.29,20.8,0,2611.41,20.8,0,3098.59,20.1,0,3627.37,20.3,4,2789.23,20.2,0,2559.9,20.7,0,2583.28,20.9,0,3081.91,20.7,1
"2026-03-13 08:15:00",171,802,"Chapada_Low",11.85,2744.61,21.4,1,2550.03,21.1,0,2611.18,21.1,0,3097.91,20.5,0,3625.37,20.7,0,2788.28,20.5,3,2559.24,21.1,4,2582.42,21.3,0,3080.79,21.1,0
"2026-03-13 08:30:00",172,802,"Chapada_Low",11.85,2744.6,21.7,0,2550.02,21.5,5,2611.34,21.5,0,3095.62,20.8,0,3622.55,21.1,0,2787.92,21.1,0,2559.18,21.6,0,2580.45,21.8,0,3082.46,21.6,1
"2026-03-13 08:45:00",173,802,"Chapada_Low",11.85,2743.54,22.2,16,2551.55,22,0,2611.26,21.9,0,3093.56,21.1,0,3621.21,21.7,0,2786.4,21.9,0,2558.73,22.2,0,2578.74,22.5,0,3080.44,22.3,0
"2026-03-13 09:00:00",174,802,"Chapada_Low",11.85,2745,22.6,0,2551.78,22.4,2,2611.74,22.3,1,3092.25,21.3,0,3619.85,22.3,0,2784.9,22.7,0,2557.31,22.7,0,2579.32,23.1,0,3075.95,22.7,0
"2026-03-13 09:15:00",175,802,"Chapada_Low",11.85,2744.37,22.9,0,2551.91,22.7,1,2612.35,22.5,0,3089.86,21.5,0,3621.92,22.6,3,2782.6,23,3,2555.47,23.6,0,2574.55,23.5,0,3076.86,23,0
"2026-03-13 09:30:00",176,802,"Chapada_Low",11.85,2744.11,23.4,5,2551.75,23.2,0,2612.03,23,14,3087.03,21.8,0,3611.93,23.3,4,2780.82,23.5,0,2553.34,23.9,0,2573.67,24.5,2,3073.89,23.7,0
"2026-03-13 09:45:00",177,802,"Chapada_Low",11.85,2744.53,24,0,2551.16,23.7,0,2612.6,23.4,3,3084.11,22.3,0,3609.64,23.8,7,2777.45,24.1,0,2549.76,24.4,0,2571.24,25.3,0,3071.12,24.7,0
"2026-03-13 10:00:00",178,802,"Chapada_Low",11.85,2741.12,24.7,0,2550.54,24.4,0,2613.13,23.8,0,3080.62,22.9,0,3606.46,24.3,12,2775.8,24.6,0,2547.85,24.8,0,2567.28,25.9,0,3069.48,25.1,0
"2026-03-13 10:15:00",179,802,"Chapada_Low",11.85,2742.42,25,0,2548.07,24.8,0,2616.01,24.5,2,3077.4,23.2,0,3602.15,24.5,0,2771.12,24.9,2,2545.91,25.2,0,2563.85,26.4,0,3070.22,25.5,1
"2026-03-13 10:30:00",180,802,"Chapada_Low",11.85,2739.9,25,0,2547.04,24.8,0,2613.79,24.5,3,3074.41,24.2,0,3600.01,24.5,0,2769.59,25,1,2544.48,25.3,0,2561.21,26.5,0,3068.8,25.5,5
"2026-03-13 10:45:00",181,802,"Chapada_Low",11.85,2739.69,24.9,0,2546.87,24.6,0,2614.68,24.4,0,3072.09,23.7,0,3598.92,25,4,2768.5,24.9,5,2544.18,25.1,0,2558.86,26.4,2,3068.69,25.5,0
"2026-03-13 11:00:00",182,802,"Chapada_Low",11.85,2738.8,25.6,0,2547.45,25.7,0,2614.36,25.1,0,3068.21,24.3,0,3596.63,25.3,0,2765.09,26.2,0,2541.06,26.4,0,2550.63,27.8,2,3066.53,26.7,2
"2026-03-13 11:15:00",183,802,"Chapada_Low",11.85,2738.99,26.3,0,2546.15,26.6,4,2614.45,25.7,0,3062.41,24.9,0,3593.35,25.7,4,2762.65,26.8,0,2536.27,27.3,0,2544.52,29.6,0,3062.57,27.7,0
"2026-03-13 11:30:00",184,802,"Chapada_Low",11.85,2738.27,26.5,0,2544.74,26.6,2,2614,25.9,4,3058.77,25.1,3,3590.86,25.7,9,2760.42,26.8,14,2533.88,27.3,0,2538.77,29.9,0,3059.85,28.3,0
"2026-03-13 11:45:00",185,802,"Chapada_Low",11.85,2736.61,26.6,2,2545.07,26.1,0,2612.67,25.6,0,3056.96,24.7,0,3590.79,25.3,1,2759.62,26.3,0,2535.84,26.8,0,2539.14,29,0,3060.03,27.6,0
"2026-03-13 12:00:00",186,802,"Chapada_Low",11.85,2736.6,26.5,2,2545.16,26.3,0,2612.81,25.8,0,3054.98,24.8,0,3590.34,25.3,0,2757.23,26.3,2,2533.34,26.7,0,2535.23,28.9,0,3058.6,27.7,0
"2026-03-13 12:15:00",187,802,"Chapada_Low",11.85,2735.9,26.9,0,2546.69,26.6,3,2613.55,26.7,0,3050.48,25.6,0,3587.41,25.9,0,2753.43,26.9,1,2530.83,27.2,0,2528.28,29.4,0,3056.43,28.7,0
"2026-03-13 12:30:00",188,802,"Chapada_Low",11.85,2735.87,27.3,0,2544.09,26.6,11,2614.77,26.6,0,3046.17,26,0,3585.11,26.4,19,2751.9,27,0,2530.65,27.2,0,2527.14,29.2,1,3055.66,28.6,0
"2026-03-13 12:45:00",189,802,"Chapada_Low",11.85,2735.6,27.1,10,2543.19,26.6,10,2615.16,26.7,0,3042.36,25.8,0,3583.34,26.5,4,2750.4,27.6,2,2528.35,27.2,0,2520.19,29.2,10,3054.89,28.5,0
"2026-03-13 13:00:00",190,802,"Chapada_Low",11.85,2734.26,27.1,0,2539.85,26.6,5,2613.4,26.9,0,3040.85,25.8,0,3579.17,26.5,8,2748.08,27.6,4,2526.88,28.2,0,2516.67,29.2,0,3054.89,28.3,1
"2026-03-13 13:15:00",191,802,"Chapada_Low",11.85,2733.17,26.5,0,2542.87,26,3,2611.93,26,0,3048.66,25.1,0,3580.96,25.8,20,2749,26.5,0,2529.21,27.1,0,2518.37,28.6,0,3057.43,27.3,0
"2026-03-13 13:30:00",192,802,"Chapada_Low",11.84,2734.42,26.8,0,2542.72,26,0,2613.63,26,3,3045.17,25.2,0,3580.84,26,7,2748.8,26.6,0,2530.05,27,0,2517.92,28.7,0,3057.5,27.6,0
"2026-03-13 13:45:00",193,802,"Chapada_Low",11.84,2734.31,27.6,0,2542.31,26.4,0,2613.62,26.5,0,3043.21,25.6,0,3577.63,26.6,5,2747.65,27.1,1,2527.93,27.4,0,2516.66,29.2,0,3056.09,28.2,2
"2026-03-13 14:00:00",194,802,"Chapada_Low",11.85,2733.07,28.1,0,2541.94,26.8,1,2612.26,27,0,3038.95,26.1,0,3574.49,27,8,2745.61,27.6,2,2525.66,27.9,0,2515.84,29.5,0,3053.96,28.8,0
"2026-03-13 14:15:00",195,802,"Chapada_Low",11.84,2733.28,28.4,0,2540.31,27,0,2614.14,27.1,0,3035.73,26.3,0,3573.57,26.9,4,2743.58,27.5,2,2524.08,28,0,2510.47,29.3,1,3052.64,29,0
"2026-03-13 14:30:00",196,802,"Chapada_Low",11.84,2730.77,28.4,0,2533.97,26.4,0,2611.84,26.4,5,3029.37,25.7,0,3574.52,26,0,2744.24,26.7,0,2526.16,27,0,2510.12,28.3,0,3054.52,27.8,2
"2026-03-13 14:45:00",197,802,"Chapada_Low",11.84,2733.25,28.6,2,2536,25.6,26,2611.78,25.5,7,3032.75,24.8,0,3576.85,25,15,2745.77,25.5,0,2529.21,25.7,0,2508.16,27,0,3056.63,26.6,0
"2026-03-13 15:00:00",198,802,"Chapada_Low",11.83,2728.49,30.4,0,2535.35,25.2,0,2611.71,25.1,2,3035.52,24.2,0,3578.75,24.5,5,2748.12,24.9,4,2526.27,25.1,0,2525.1,26.2,0,3057.96,25.9,0
"2026-03-13 15:15:00",199,802,"Chapada_Low",11.83,2725.21,31.1,6,2803.58,24.5,0,2611.29,24.4,2,3054.21,23.5,0,3599.16,23.7,0,2754.64,24,4,2443.42,24.2,0,2516.79,25.2,0,3065.12,24.9,1
"2026-03-13 15:30:00",200,802,"Chapada_Low",11.83,2755.82,30.4,10,2864.32,23.5,0,2600.64,23.4,3,3160.01,22.6,0,3625.01,22.8,5,2789.13,22.9,9,2473.03,23,0,2603.47,24,13,3076.44,23.8,6
"2026-03-13 15:45:00",201,802,"Chapada_Low",11.84,2756,29.8,0,2937.96,23.1,5,2594.11,23.1,0,3167.2,22.1,0,3630.3,22.3,4,2797.56,22.4,5,2488.28,22.4,0,2617.18,23.5,0,3079.42,23.3,0
"2026-03-13 16:00:00",202,802,"Chapada_Low",11.84,2756.04,30.1,5,2957.77,23.1,0,2593.07,23.1,11,3154.09,22,0,3627.7,22.3,5,2794.25,22.3,1,2484.65,22.4,0,2615,23.5,0,3078.37,23.3,2
"2026-03-13 16:15:00",203,802,"Chapada_Low",11.83,2756.97,29.9,10,2964.55,23.1,3,2594.03,23.1,0,3142.97,22.2,10,3624.5,22.5,2,2791.24,22.4,1,2481.31,22.6,0,2613.12,23.5,0,3081.75,23.4,0
"2026-03-13 16:30:00",204,802,"Chapada_Low",11.83,2757.35,30.2,0,2972.73,23.3,2,2594.31,23.3,3,3134.84,22.4,0,3621.74,22.7,7,2790.04,22.6,0,2480.54,22.9,0,2613.46,23.6,0,3081.77,23.7,5
"2026-03-13 16:45:00",205,802,"Chapada_Low",11.83,2758.8,31.1,0,2583.86,23.5,7,2594.71,23.4,12,3127.36,22.5,0,3617.77,22.9,5,2787.7,22.8,1,2478.13,23.1,0,2615.77,23.7,9,3080.7,23.8,0
"2026-03-13 17:00:00",206,802,"Chapada_Low",11.84,2759.89,31.6,0,2584.1,23.6,2,2595.61,23.8,2,3122.77,22.7,0,3614.82,23.2,5,2786.18,23.1,0,2478.23,23.4,0,2616.8,23.9,0,3079.76,24.1,0
"2026-03-13 17:15:00",207,802,"Chapada_Low",11.84,2759.58,32,2,2586.15,23.7,0,2595.77,23.8,0,3117.08,23.2,0,3614.6,23.4,11,2784.94,23.3,9,2477.16,23.6,0,2615.29,24.1,0,3080.38,24.2,1
"2026-03-13 17:30:00",208,802,"Chapada_Low",11.84,2760.52,31.8,0,2586.16,23.8,0,2596.07,23.8,4,3113.75,23.2,0,3612.67,23.9,2,2784.09,23.7,0,2474.32,23.8,0,2618.07,24.3,0,3082.09,24.3,1
"2026-03-13 17:45:00",209,802,"Chapada_Low",11.84,2763.01,29.4,0,2586.47,23.9,17,2596.13,23.9,0,3111.18,23.2,1,3611.94,23.9,13,2782.62,24.2,4,2475.21,24.4,0,2616.39,24.4,2,3082.24,24.4,0
"2026-03-13 18:00:00",210,802,"Chapada_Low",11.84,2763.15,28.9,0,2585.34,23.7,0,2596.84,23.7,3,3108.33,23,0,3610.4,23.5,4,2781.24,23.7,0,2474.12,24,0,2619.86,24.5,11,3080.47,24.2,0
"2026-03-13 18:15:00",211,802,"Chapada_Low",11.84,2763.95,28.6,7,2584.22,23.4,0,2596.4,23.3,0,3107.21,22.5,0,3610.58,23,7,2781.06,23.2,8,2474.62,23.4,0,2618.02,24,0,3081.08,23.9,0
"2026-03-13 18:30:00",212,802,"Chapada_Low",11.84,2763.21,28.5,5,2580.29,23.1,4,2597.79,23.1,2,3106.76,22.3,0,3611.28,22.7,3,2781.02,22.8,1,2474.95,23,0,2617.18,23.6,0,3084.13,23.4,0
"2026-03-13 18:45:00",213,802,"Chapada_Low",11.84,2763.9,28.1,3,2580.71,23,0,2596.87,22.9,5,3108.79,22,0,3611.64,22.4,22,2781.14,22.4,6,2473.91,22.7,0,2617.05,23.3,0,3082.81,23,0
"2026-03-13 19:00:00",214,802,"Chapada_Low",11.84,2764.22,27.9,0,2580.89,22.7,0,2598.04,22.6,9,3108.48,21.7,0,3613.39,22,18,2781.35,22,2,2474.34,22.3,0,2618.29,22.9,0,3083.27,22.6,0
"2026-03-13 19:15:00",215,802,"Chapada_Low",11.84,2766.25,28.3,6,2581.24,22.5,0,2597.83,22.4,13,3108.39,21.5,0,3613.62,21.8,8,2780.86,21.7,3,2473.24,22,0,2614.65,22.6,4,3084.34,22.3,0
"2026-03-13 19:30:00",216,802,"Chapada_Low",11.84,2764.35,28.3,6,2580.94,22.3,4,2598.21,22.2,0,3107.96,21.3,0,3613.99,21.6,7,2781.77,21.4,5,2473.39,21.8,0,2613.08,22.4,0,3085.24,22.1,6
"2026-03-13 19:45:00",217,802,"Chapada_Low",11.84,2766.56,28.2,0,2580.74,22.2,0,2598.44,22.1,0,3107.06,21.2,0,3614.46,21.4,3,2781.39,21.3,0,2472.8,21.6,0,2614.05,22.2,0,3085.3,22,3
"2026-03-13 20:00:00",218,802,"Chapada_Low",11.84,2766.77,28,1,2580.83,22.1,0,2599.21,22,1,3106.33,21.1,0,3614.92,21.3,0,2781.22,21.2,7,2472.8,21.5,0,2609.93,22.1,0,3085.97,21.8,0
"2026-03-13 20:15:00",219,802,"Chapada_Low",11.84,2766.48,28.1,0,2582.61,22,0,2599.15,21.9,0,3106.74,21,0,3614.78,21.2,3,2782.08,21.1,0,2472.38,21.4,0,2611.53,22,1,3088.89,21.7,0
"2026-03-13 20:30:00",220,802,"Chapada_Low",11.83,2766.61,28,0,2581.22,21.9,0,2600.33,21.8,0,3105.49,20.9,0,3614.62,21.3,3,2781.82,21,0,2472.57,21.3,0,2607.89,21.9,3,3087.35,21.6,0
"2026-03-13 20:45:00",221,802,"Chapada_Low",11.83,2763.08,28.9,10,2582.07,21.8,0,2600.9,21.7,0,3104.79,20.8,2,3615.67,21.2,0,2781.46,20.9,0,2470.44,21.2,0,2605.98,21.8,0,3087.34,21.5,1
"2026-03-13 21:00:00",222,802,"Chapada_Low",11.83,2762.89,30.1,0,2581.39,21.8,1,2601.97,21.7,0,3103.62,20.7,0,3615.42,21.1,1,2781.12,20.8,5,2471.11,21.1,0,2605.03,21.7,0,3090.33,21.4,0
"2026-03-13 21:15:00",223,802,"Chapada_Low",11.83,2762.78,30.2,0,2582.37,21.6,0,2603,21.6,0,3103.16,20.7,0,3616.13,21.1,0,2782.43,20.7,0,2471.09,21,0,2604,21.6,1,3087.62,21.3,17
"2026-03-13 21:30:00",224,802,"Chapada_Low",11.83,2761.16,30,0,2582.45,21.6,0,2605.77,21.5,2,3102.99,20.6,0,3616.75,21,3,2781.62,20.6,0,2468.81,20.9,0,2604.37,21.5,0,3087.51,21.2,1
"2026-03-13 21:45:00",225,802,"Chapada_Low",11.83,2760.33,29.9,0,2581.8,21.5,0,2606.66,21.5,2,3102.58,20.5,0,3616.24,20.9,9,2782.39,20.5,0,2470.16,20.8,0,2602.01,21.4,0,3087.61,21.1,2
"2026-03-13 22:00:00",226,802,"Chapada_Low",11.83,2760.28,29.9,2,2581.7,21.4,0,2607.57,21.4,0,3100.3,20.5,1,3616.93,20.9,2,2781.76,20.5,0,2469.77,20.7,0,2600.35,21.3,0,3089.07,21.1,0
"2026-03-13 22:15:00",227,802,"Chapada_Low",11.83,2760.46,30.1,0,2582.1,21.3,4,2608.92,21.3,0,3100.56,20.4,10,3617.18,20.9,1,2782.3,20.4,1,2469.05,20.7,0,2597.29,21.3,0,3087.39,21,7
"2026-03-13 22:30:00",228,802,"Chapada_Low",11.83,2759.76,30.1,0,2700.21,21.3,0,2608.7,21.3,1,3099.74,20.4,0,3617.63,20.8,0,2781.87,20.4,0,2469.34,20.7,0,2595.66,21.2,12,3086.38,21,0
"2026-03-13 22:45:00",229,802,"Chapada_Low",11.83,2759.26,30.1,1,2704.59,21.3,0,2609.17,21.2,1,3100.15,20.3,0,3619.74,20.7,3,2782.62,20.4,0,2468.73,20.6,0,2594.52,21.2,0,3088.87,20.9,3
"2026-03-13 23:00:00",230,802,"Chapada_Low",11.83,2759.06,30.1,0,2708.36,21.3,2,2610.44,21.2,0,3099.14,20.3,0,3619.82,20.7,0,2782.86,20.4,9,2468.78,20.7,0,2595.51,21.2,0,3088.62,21,5
"2026-03-13 23:15:00",231,802,"Chapada_Low",11.83,2759.47,30.2,2,2711.13,21.2,0,2610.67,21.2,0,3098.57,20.3,0,3619.31,20.7,2,2782.48,20.3,16,2467.8,20.6,0,2594.56,21.1,0,3088.58,20.9,2
"2026-03-13 23:30:00",232,802,"Chapada_Low",11.83,2759.85,30.2,0,2712.02,21.2,0,2610.48,21.2,17,3099.19,20.3,4,3620.62,20.7,3,2782.86,20.3,0,2468.54,20.5,0,2593.82,21.1,0,3088.2,20.8,0
"2026-03-13 23:45:00",233,802,"Chapada_Low",11.83,2761.77,30.1,9,2715.13,21,0,2611.66,21.1,3,3098.45,20.2,0,3619.11,20.7,6,2782.62,20.2,3,2468.42,20.4,0,2592.21,21,1,3086.58,20.8,0
"2026-03-14 00:00:00",234,802,"Chapada_Low",11.83,2758.99,30.1,0,2715.21,21,1,2611.64,21,2,3098.35,20.2,0,3620.11,20.6,1,2780.89,20.2,0,2468.32,20.4,0,2593.9,21,1,3085.94,20.7,0
"2026-03-14 00:15:00",235,802,"Chapada_Low",11.83,2745.91,30.1,0,2620.17,21,2,2611.93,21,0,3098.96,20.2,0,3620.41,20.6,1,2782.52,20.2,0,2467.31,20.4,0,2589.41,20.9,0,3086.02,20.7,7
"2026-03-14 00:30:00",236,802,"Chapada_Low",11.83,2741.28,30.5,5,2619.48,20.9,0,2611.49,20.9,5,3098.99,20.1,0,3620.37,20.5,0,2780.47,20.1,3,2467.4,20.3,0,2588.86,20.9,0,3088.03,20.6,1
"2026-03-14 00:45:00",237,802,"Chapada_Low",11.84,2739.42,30.5,0,2619.55,20.9,0,2612.52,20.9,2,3098.78,20,0,3620.5,20.4,0,2782.94,20,2,2467.24,20.3,0,2588.71,20.8,0,3088.22,20.6,0
"2026-03-14 01:00:00",238,802,"Chapada_Low",11.84,2740.5,30.2,1,2621.62,20.8,0,2612.46,20.9,0,3098.21,20,0,3621.56,20.3,7,2781.66,19.9,0,2467.22,20.2,2,2587.71,20.7,0,3086.03,20.5,0
"2026-03-14 01:15:00",239,802,"Chapada_Low",11.83,2743.51,27.7,0,2621.88,20.7,0,2612.51,20.8,3,3097.91,19.9,0,3621.52,20.3,0,2781.3,19.9,0,2466.23,20.1,9,2586.19,20.7,0,3086.27,20.5,1
"2026-03-14 01:30:00",240,802,"Chapada_Low",11.83,2742.34,27.3,5,2621.92,20.6,16,2612.31,20.8,0,3097.39,19.9,0,3621.11,20.3,2,2782.29,19.9,2,2466.53,20,0,2584.85,20.6,0,3086.31,20.4,0
"2026-03-14 01:45:00",241,802,"Chapada_Low",11.83,2741.38,27.6,0,2621.46,20.6,1,2612.76,20.7,17,3097.14,19.8,0,3621.8,20.2,2,2781.44,19.8,2,2466.44,20,0,2584.89,20.6,0,3084.22,20.3,2
"2026-03-14 02:00:00",242,802,"Chapada_Low",11.84,2737.84,29.5,6,2620.05,20.6,0,2612.64,20.7,2,3097.65,19.8,0,3621.57,20.2,1,2781.29,19.8,1,2466.49,20,0,2583.61,20.5,0,3084.22,20.3,0
"2026-03-14 02:15:00",243,802,"Chapada_Low",11.83,2736.84,30.4,0,2627.99,20.6,4,2612.51,20.6,0,3097.24,19.8,1,3621.82,20.2,5,2781.68,19.7,0,2466.18,20,0,2582.78,20.5,0,3086.08,20.3,1
"2026-03-14 02:30:00",244,802,"Chapada_Low",11.83,2737.82,30.1,4,2628.14,20.6,0,2613.35,20.6,2,3096.24,19.8,0,3622.96,20.2,0,2781.2,19.8,9,2466.35,20,0,2582.53,20.5,2,3085.83,20.3,0
"2026-03-14 02:45:00",245,802,"Chapada_Low",11.84,2737.89,29.7,0,2627.34,20.6,9,2612.78,20.7,0,3095.55,19.8,0,3622.51,20.1,5,2781.24,19.8,0,2465.54,20,0,2582.09,20.5,0,3084.35,20.3,1
"2026-03-14 03:00:00",246,802,"Chapada_Low",11.84,2737.68,29.9,0,2626.55,20.6,0,2612.74,20.7,0,3095.48,19.9,0,3622.71,20.2,1,2780.76,19.8,0,2465.87,20.1,0,2581.33,20.6,0,3085.63,20.4,0
"2026-03-14 03:15:00",247,802,"Chapada_Low",11.84,2738.06,30.1,0,2625.87,20.7,0,2612.67,20.7,9,3094.16,20,0,3623.12,20.3,4,2783.71,19.9,4,2465.64,20.1,0,2580.44,20.6,0,3085.72,20.4,0
"2026-03-14 03:30:00",248,802,"Chapada_Low",11.84,2737.7,30.2,9,2627.38,20.7,1,2612.51,20.8,2,3095.02,20.1,0,3622.61,20.4,3,2782.98,20,0,2465.45,20.3,0,2580.49,20.7,3,3082.97,20.5,0
"2026-03-14 03:45:00",249,802,"Chapada_Low",11.84,2737.26,30,0,2626.06,20.8,0,2612.96,20.9,0,3093.31,20.1,0,3622.44,20.4,0,2782.97,20.1,0,2464.77,20.3,0,2582.72,20.8,7,3084.91,20.5,1
"2026-03-14 04:00:00",250,802,"Chapada_Low",11.84,2737.15,30.1,0,2628.26,20.9,0,2612.9,20.9,3,3093.61,20.2,0,3622.81,20.5,0,2783.35,20.2,3,2464.8,20.4,0,2578.75,20.8,0,3082.73,20.6,0
"2026-03-14 04:15:00",251,802,"Chapada_Low",11.84,2737.14,30.1,0,2626.75,20.9,1,2612.84,20.9,0,3093.9,20.3,0,3622.78,20.6,2,2783.34,20.2,2,2464.62,20.5,0,2580.57,20.8,0,3082.82,20.7,0
"2026-03-14 04:30:00",252,802,"Chapada_Low",11.84,2737.12,29.8,0,2627.37,20.9,4,2613.38,21,3,3092.83,20.3,0,3622.49,20.6,0,2782.64,20.3,0,2464.2,20.5,0,2578.47,20.9,0,3084.59,20.7,0
"2026-03-14 04:45:00",253,802,"Chapada_Low",11.84,2736.14,29.6,3,2626.44,21,0,2612.89,21,8,3091.44,20.3,0,3622.08,20.5,7,2782.08,20.3,0,2464.78,20.5,0,2577.52,20.9,0,3082.2,20.7,0
"2026-03-14 05:00:00",254,802,"Chapada_Low",11.84,2736.58,29.6,0,2625.52,21,0,2613.08,21,2,3091.78,20.3,0,3622.63,20.6,2,2782.96,20.3,5,2463.85,20.5,0,2577.29,20.9,0,3082.28,20.7,9
"2026-03-14 05:15:00",255,802,"Chapada_Low",11.84,2735.86,29.5,0,2625.12,21,3,2613.33,21,1,3090.46,20.4,0,3622.1,20.6,0,2783.29,20.4,5,2464.12,20.6,0,2578.19,21,0,3082.28,20.8,0
"2026-03-14 05:30:00",256,802,"Chapada_Low",11.84,2735.71,29.5,4,2625.87,21.1,0,2613.2,21.1,0,3088.04,20.4,0,3622.14,20.7,0,2783.23,20.4,2,2462.8,20.7,0,2577.46,21,7,3083.45,20.8,0
"2026-03-14 05:45:00",257,802,"Chapada_Low",11.84,2735.96,29.5,0,2632.02,21.1,0,2613.47,21.1,0,3087.05,20.5,0,3622.11,20.7,2,2783.56,20.5,0,2464.47,20.7,0,2574.52,21,4,3082.77,20.9,0
"2026-03-14 06:00:00",258,802,"Chapada_Low",11.84,2763.92,29.3,0,2628.95,21,3,2614.3,21,3,3160.66,20.5,0,3632.43,20.5,3,2882.88,20.4,5,2493.47,20.7,0,2639.24,21,0,3092.65,20.7,0
"2026-03-14 06:15:00",259,802,"Chapada_Low",11.83,2742.27,26.7,0,2625.77,20.7,0,2564.36,20.9,0,3340.81,20.2,0,3706.78,20.2,0,3012.37,20.1,1,2713.28,20.4,3,2751.63,20.7,0,3113.19,20.5,0
"2026-03-14 06:30:00",260,802,"Chapada_Low",11.84,2742.63,26.1,0,2626.03,20.6,0,2557.63,20.8,0,3334.63,20.2,0,3719.65,20.1,4,3018.13,19.8,0,2780.26,20.4,0,2705.13,21,0,3111.67,20.4,0
"2026-03-14 06:45:00",261,802,"Chapada_Low",11.84,2742.5,26.1,0,2625.34,20.6,0,2552.48,20.8,0,3327.91,20.2,0,3716.89,20.1,15,3031.57,19.7,0,2787.68,20.5,0,2698.83,20.8,3,3113.65,20.5,0
"2026-03-14 07:00:00",262,802,"Chapada_Low",11.84,2742.95,25.9,3,2626.01,20.6,0,2550.42,20.8,4,3327.78,20.2,0,3717.96,20.2,0,3035.04,19.6,0,2792.48,20.6,0,2704.05,20.8,0,3110.74,20.5,5
"2026-03-14 07:15:00",263,802,"Chapada_Low",11.84,2743.01,26.1,2,2626.41,20.5,11,2550.81,20.8,4,3326.16,20.2,0,3716.54,20.2,5,3034.33,19.6,0,2796.2,20.6,1,2708.38,20.8,1,3110.28,20.5,0
"2026-03-14 07:30:00",264,802,"Chapada_Low",11.84,2742.48,26.1,0,2626.12,20.6,4,2551.79,20.8,0,3325.59,20.2,0,3713.37,20.3,4,3033.33,19.7,8,2807.21,20.7,0,2710.78,20.8,2,3109.64,20.7,2
"2026-03-14 07:45:00",265,802,"Chapada_Low",11.84,2742.98,26.1,1,2896.04,20.7,10,2553.18,20.8,0,3329.85,20.3,0,3711.67,20.4,7,3031.22,19.9,3,2816.54,20.8,0,2713.86,20.9,3,3107.67,20.9,0
"2026-03-14 08:00:00",266,802,"Chapada_Low",11.84,2742.45,26.2,0,2993.81,20.9,0,2555.27,20.9,0,3336.86,20.4,0,3708.73,20.5,1,3024.9,20.1,2,2822.25,20.9,0,2718.17,21,4,3105.29,21.1,0
"2026-03-14 08:15:00",267,802,"Chapada_Low",11.84,2743.21,26.2,0,2996.25,21,3,2556.42,21.1,0,3340.96,20.7,0,3706.5,20.7,6,3010.34,20.3,5,2828.99,21.1,4,2717.63,21.2,7,3106.52,21.3,7
"2026-03-14 08:30:00",268,802,"Chapada_Low",11.84,2744.34,26.2,0,2957.42,21.3,16,2557.82,21.2,0,3344.6,20.9,0,3702.58,21,1,2987.2,20.7,7,2831.28,21.4,0,2723.13,21.4,5,3101.97,21.6,1
"2026-03-14 08:45:00",269,802,"Chapada_Low",11.84,2744.69,26.3,12,2943.41,21.4,1,2560.1,21.3,0,3343.67,21,0,3699.7,21.1,0,2937.97,20.9,3,2831.54,21.6,2,2725.73,21.5,10,3101.72,21.8,0
"2026-03-14 09:00:00",270,802,"Chapada_Low",11.84,2745.52,26.4,19,2957.5,21.6,12,2562.07,21.5,0,3333.11,21.2,0,3696.94,21.3,0,2926.42,21.2,5,2832.2,21.7,0,2730.13,21.8,0,3103.47,22.1,0
"2026-03-14 09:15:00",271,802,"Chapada_Low",11.84,2745.64,26.5,0,2936.33,21.8,0,2563.55,21.7,6,3331.24,21.4,0,3696.32,21.7,7,2918.24,21.5,7,2832.16,22,0,2733.75,22,1,3099.42,22.5,0
"2026-03-14 09:30:00",272,802,"Chapada_Low",11.84,2746.76,27,6,2626.74,22.4,0,2564.39,22.2,0,3330.42,21.8,0,3694.5,22.4,2,2908.98,22.3,0,2831.41,22.7,0,2730.88,22.5,10,3097.99,23.2,0
"2026-03-14 09:45:00",273,802,"Chapada_Low",11.84,2747.3,27.2,0,2629.14,22.9,1,2565.59,22.7,1,3323.47,22.3,0,3690.87,23,6,2900.87,22.9,0,2830.56,23.1,0,2735.19,23,0,3096.77,23.7,11
"2026-03-14 10:00:00",274,802,"Chapada_Low",11.84,2746.32,27.3,0,2629.25,23,2,2567.23,23,34,3315.72,22.7,0,3689.26,23.1,3,2892.81,23.1,0,2830.43,23.2,0,2734.74,23.2,3,3095.93,23.8,0
"2026-03-14 10:15:00",275,802,"Chapada_Low",11.84,2747.75,27.6,0,2628.43,23.5,2,2568.58,23.3,0,3311.56,23,0,3686.52,24,0,2885.41,23.6,4,2833.21,23.6,2,2738.46,23.7,2,3094.86,24.4,0
"2026-03-14 10:30:00",276,802,"Chapada_Low",11.82,2749.68,28.3,0,2628.39,24.5,4,2575.54,23.9,0,3306.93,23.6,0,3681.53,24.9,0,2872.6,25.5,0,2838.49,24.7,0,2749.62,24.9,0,3094.94,25.7,0
"2026-03-14 10:45:00",277,802,"Chapada_Low",11.82,2750.69,28.5,0,2627.95,24.5,0,2580.05,24.1,0,3300.54,23.7,0,3678.87,24.7,3,2865.99,25.1,6,2850.66,25.6,1,2754.88,25.3,1,3094.01,25.6,0
"2026-03-14 11:00:00",278,802,"Chapada_Low",11.82,2751.67,28.7,12,2626.11,24.9,2,2584.39,24.3,0,3297.26,23.8,0,3677.27,24.7,8,2858.7,25.3,3,2845.18,25.5,0,2758.45,26,12,3093.1,25.9,4
"2026-03-14 11:15:00",279,802,"Chapada_Low",11.83,2753.8,28.8,0,2626.3,25,0,2587.2,24.4,0,3291.02,23.8,0,3674.49,24.6,0,2852.15,25.1,4,2816.38,25.3,0,2754.56,26.4,0,3092.7,26.1,0
"2026-03-14 11:30:00",280,802,"Chapada_Low",11.82,2754.44,29.1,9,2626.34,25.1,0,2590.79,24.5,17,3256.63,23.9,3,3673.71,24.6,3,2845.55,25.2,0,2798.2,25.4,0,2751.57,26.4,1,3091.26,26.4,0
"2026-03-14 11:45:00",281,802,"Chapada_Low",11.82,2753.67,29.4,0,2627.57,25.5,0,2592.57,24.8,2,3244.82,24.1,0,3670.75,24.8,1,2838.72,25.4,4,2771.34,25.6,2,2749.1,26.6,2,3090.27,26.6,2
"2026-03-14 12:00:00",282,802,"Chapada_Low",11.82,2754.96,29.3,0,2620.68,25.5,2,2591.59,25.5,2,3227.23,24.2,0,3667.71,24.9,0,2833.3,25.4,0,2739.16,25.7,0,2746.85,26.7,0,3090.04,26.7,0
"2026-03-14 12:15:00",283,802,"Chapada_Low",11.82,2755.55,29.6,6,2621.71,25.6,0,2592.87,25.7,0,3218.87,25.4,0,3664.97,25.1,0,2828.32,25.8,2,2712.05,26,0,2740.99,27,0,3086.02,27.2,0
"2026-03-14 12:30:00",284,802,"Chapada_Low",11.82,2754.62,30.9,6,2621.2,25.7,8,2593.55,25.9,3,3209.36,25.1,1,3659.87,26.1,0,2824.02,26.3,3,2674.78,26.3,6,2738.81,27.3,0,3086.98,27.6,0
"2026-03-14 12:45:00",285,802,"Chapada_Low",11.82,2754.31,31.3,6,2621.41,25.7,2,2596.03,26.1,5,3200.9,25,0,3656.71,25.8,7,2819.25,27,0,2649.92,27.1,0,2735.77,27.5,2,3086.46,27.6,10
"2026-03-14 13:00:00",286,802,"Chapada_Low",11.82,2754.15,31.6,6,2621.69,26,0,2597.56,26.5,9,3193.92,25.2,0,3654.06,26.2,20,2816.11,27.1,4,2622.78,27.4,0,2730.84,28.1,5,3085.73,27.9,0
"2026-03-14 13:15:00",287,802,"Chapada_Low",11.82,2753.16,31.9,4,2621.03,26.3,5,2598.32,26.8,0,3184.5,25.4,0,3650.16,26.7,1,2811.41,27.3,0,2604.83,27.4,0,2724.46,28.4,2,3084.07,28.8,5
"2026-03-14 13:30:00",288,802,"Chapada_Low",11.82,2752.95,32.5,4,2614,26.3,0,2600.44,26.8,1,3177.96,25.5,0,3648.85,26.9,7,2809.02,27.4,2,2588.28,27.3,0,2720.95,28.4,18,3083.32,28.3,0
"2026-03-14 13:45:00",289,802,"Chapada_Low",11.82,2753.2,32.4,0,2612.62,26.7,0,2600.63,26.7,11,3166.92,25.5,0,3646.71,26.7,6,2806.36,27.2,3,2578.1,27.1,4,2719.78,28.2,6,3083.73,27.9,2
"2026-03-14 14:00:00",290,802,"Chapada_Low",11.82,2753.15,32.5,3,2610.9,26.6,0,2600.38,27.1,0,3160.8,26.2,0,3642.88,26.8,0,2804.3,27.3,2,2562.43,27.2,0,2713.25,28.2,2,3083.76,27.9,0
"2026-03-14 14:15:00",291,802,"Chapada_Low",11.82,2751.43,32.8,0,2611.25,26.5,0,2600.61,27,0,3154.98,26.6,0,3639.2,27.3,0,2803.04,27.2,2,2552.43,27.3,2,2710.41,28,0,3082.05,28.4,5
"2026-03-14 14:30:00",292,802,"Chapada_Low",11.82,2749.45,33.3,0,2610,26.7,0,2601.58,27.3,0,3149.37,26.8,0,3636.65,27.7,4,2799.78,28.6,0,2542.09,28,0,2709.29,28.1,0,3078.79,29.1,2
"2026-03-14 14:45:00",293,802,"Chapada_Low",11.82,2760.99,34.2,0,2611.6,26.8,1,2602.83,27.6,3,3139.61,27,0,3632.28,27.7,5,2797.04,28.2,9,2531.06,29.4,0,2701.89,28.1,0,3077.02,29.3,0
"2026-03-14 15:00:00",294,802,"Chapada_Low",11.82,2759.03,34.7,0,2610.87,27,5,2605.57,27.9,0,3132,27.4,0,3628.84,27.9,4,2793.9,28.4,3,2522.24,29.4,0,2698.19,28.8,0,3075.72,29.6,4
"2026-03-14 15:15:00",295,802,"Chapada_Low",11.82,2759.07,35.2,0,2610.5,27.3,0,2606.48,28,0,3126.13,27.5,0,3626.09,28,7,2791.83,28.5,2,2509.61,29.4,0,2694.04,28.6,0,3072.02,30,7
"2026-03-14 15:30:00",296,802,"Chapada_Low",11.82,2759.24,35.4,4,2601.1,27.3,0,2606.09,27.6,7,3123.21,27.1,0,3624.57,27.5,0,2788.98,28.1,4,2506.27,28.6,0,2686.49,28.2,6,3072.83,29,0
"2026-03-14 15:45:00",297,802,"Chapada_Low",11.82,2752.22,34.9,3,2602.58,26.8,0,2606.16,27.3,2,3118.3,26.2,0,3626.14,26.6,7,2789.3,27.3,1,2497.9,27.5,0,2683.6,27.8,1,3072.72,28,1
"2026-03-14 16:00:00",298,802,"Chapada_Low",11.82,2742.46,34.6,0,2601.23,26.4,0,2607.91,26.6,4,3115.26,26.1,0,3627.28,26.1,0,2789.07,26.7,1,2495.57,26.7,0,2653.8,27.5,7,3073.59,27.3,0
"2026-03-14 16:15:00",299,802,"Chapada_Low",11.82,2738.61,34.8,0,2602.07,26.4,5,2609.18,26.6,14,3112.37,25.9,0,3624.3,26.6,0,2789.08,26.8,3,2490.47,26.9,0,2645.42,27.4,0,3073.18,27.3,0
"2026-03-14 16:30:00",300,802,"Chapada_Low",11.82,2737.34,35.4,0,2601.87,26.9,0,2608.75,27.3,0,3109.44,26.6,0,3620.24,27.4,4,2785.19,28.2,2,2482.73,28.8,0,2633.26,27.9,0,3072.24,28,0
"2026-03-14 16:45:00",301,802,"Chapada_Low",11.82,2736.88,35.6,0,2600.88,27.1,2,2610.21,27.3,3,3106.12,26.8,0,3617.39,27.6,4,2782.02,28.1,6,2479.43,29.2,0,2624.66,28.4,0,3071.26,28.1,0
"2026-03-14 17:00:00",302,802,"Chapada_Low",11.82,2736.37,35.5,0,2603.18,27,0,2610.57,27.1,0,3103.17,26.7,0,3617.57,27.5,9,2780.7,27.8,2,2476.79,28.6,0,2619.26,28.3,0,3069.42,28.3,0
"2026-03-14 17:15:00",303,802,"Chapada_Low",11.82,2736.66,35.6,0,2607.52,26.7,0,2612.42,26.7,4,3101.15,26.1,0,3618.84,26.9,0,2779.98,27.2,12,2475.19,27.7,0,2611,27.8,0,3067.33,27.6,0
"2026-03-14 17:30:00",304,802,"Chapada_Low",11.82,2736.23,35.5,0,2613.64,27,0,2612.92,26.7,0,3098.33,26.1,0,3616.26,26.9,0,2778.14,27.2,4,2472.24,27.5,0,2606.82,27.6,2,3068.7,27.5,0
"2026-03-14 17:45:00",305,802,"Chapada_Low",11.82,2734.6,35.4,0,2612.78,26.8,4,2612.51,27,0,3097.64,26.3,0,3612.93,26.8,3,2776.45,27.1,7,2471.78,27.4,0,2602.5,27.5,0,3068.25,27.3,0
"2026-03-14 18:00:00",306,802,"Chapada_Low",11.82,2734.92,35.1,0,2612.39,26.4,0,2612.97,26.4,7,3092.03,26.1,0,3613.38,26.4,6,2773.18,26.6,2,2471.7,26.6,0,2597.22,27.2,0,3069.12,26.7,3
"2026-03-14 18:15:00",307,802,"Chapada_Low",11.82,2734.68,34.7,0,2611.71,25.9,2,2612.06,25.9,6,3091.74,25.4,0,3615.52,25.8,9,2773.7,26.4,2,2471.06,26,4,2595.44,26.7,0,3069.25,26.2,0
"2026-03-14 18:30:00",308,802,"Chapada_Low",11.82,2734.4,34.3,0,2610.78,25.5,0,2614.76,25.4,0,3092.28,24.8,0,3616.36,25.2,4,2773.97,25.6,12,2470.47,25.6,2,2593.29,26.2,0,3070.73,25.6,0
"2026-03-14 18:45:00",309,802,"Chapada_Low",11.82,2733.84,33.9,1,2611.65,25.1,0,2612.57,25,0,3092.7,24.2,0,3617.87,24.6,4,2776.75,24.9,0,2470.39,24.8,0,2591.21,25.7,0,3070.71,25,2
"2026-03-14 19:00:00",310,802,"Chapada_Low",11.82,2734.73,33.6,0,2610.77,24.7,1,2614.9,24.6,3,3092.96,23.8,0,3618.87,24.1,0,2777.1,24.3,0,2469.39,24.3,0,2589.42,25.3,0,3072.35,24.6,0
"2026-03-14 19:15:00",311,802,"Chapada_Low",11.82,2734.1,33.6,0,2618.18,24.4,0,2614.65,24.3,0,3092.82,23.4,0,3620.2,23.7,4,2779.46,23.8,0,2470.08,23.9,0,2588.08,24.8,1,3071.15,24.1,0
"2026-03-14 19:30:00",312,802,"Chapada_Low",11.82,2733.8,33.4,0,2604.81,24.1,3,2612.56,24,14,3093.02,23.1,0,3620.36,23.6,4,2779.05,23.5,0,2469.6,23.5,0,2582.91,24.4,0,3071.97,23.8,0
"2026-03-14 19:45:00",313,802,"Chapada_Low",11.82,2733.87,33,0,2604.25,23.8,1,2612.78,23.8,0,3092.59,22.8,0,3621.75,23.3,6,2779.64,23.2,0,2469.49,23.3,0,2580.93,24.1,0,3075.11,23.5,0
"2026-03-14 20:00:00",314,802,"Chapada_Low",11.82,2733.89,32.9,0,2604.96,23.7,1,2613.57,23.7,0,3091.9,22.6,0,3622.95,23.1,6,2780.82,22.9,0,2469.2,23,0,2581.33,23.8,0,3074.89,23.3,3
"2026-03-14 20:15:00",315,802,"Chapada_Low",11.82,2734.2,32.8,0,2604.76,23.6,0,2613.76,23.6,0,3091.26,22.5,0,3622.58,22.9,10,2781.24,22.6,0,2468.77,22.8,0,2578.51,23.6,5,3072.07,23.2,0
"2026-03-14 20:30:00",316,802,"Chapada_Low",11.82,2734.08,32.9,0,2605.97,23.5,0,2613.94,23.5,4,3090.73,22.5,0,3624.03,22.8,0,2780.87,22.6,1,2466.67,22.7,0,2579.18,23.5,0,3074.65,23.1,0
"2026-03-14 20:45:00",317,802,"Chapada_Low",11.82,2733.61,32.8,0,2604.81,23.4,0,2613.93,23.4,0,3090.22,22.4,0,3623.84,22.8,1,2781.87,22.5,8,2468.46,22.6,0,2577.88,23.4,0,3074.79,22.9,0
"2026-03-14 21:00:00",318,802,"Chapada_Low",11.82,2733.23,32.8,0,2605.3,23.3,0,2613.58,23.3,0,3089.64,22.3,0,3623.57,22.7,5,2781.59,22.4,3,2466.87,22.5,0,2574.65,23.2,0,3072.95,22.8,3
"2026-03-14 21:15:00",319,802,"Chapada_Low",11.82,2733.68,32.7,0,2599.72,23.1,0,2614.51,23.2,0,3089.34,22.2,0,3624.27,22.6,5,2781.68,22.3,0,2467.5,22.4,0,2573.45,23.1,0,3075.49,22.7,0
"2026-03-14 21:30:00",320,802,"Chapada_Low",11.82,2733.78,32.6,0,2599.19,23,0,2615.25,23.1,11,3089.48,22.1,0,3624.85,22.5,4,2781.79,22.2,3,2467.43,22.3,0,2573.93,23,0,3073.45,22.6,0
"2026-03-14 21:45:00",321,802,"Chapada_Low",11.83,2734.26,32.5,0,2599.03,22.9,8,2615.44,23,0,3088.44,22,0,3625.22,22.3,4,2781.49,22.1,0,2466.33,22.2,0,2569.63,22.9,0,3075.68,22.5,0
"2026-03-14 22:00:00",322,802,"Chapada_Low",11.83,2733,32.4,0,2597.75,22.7,0,2615.61,22.8,0,3088.3,21.9,0,3625.58,22.3,4,2782.37,21.9,2,2466.15,22.1,0,2569.99,22.8,0,3073.97,22.4,0
"2026-03-14 22:15:00",323,802,"Chapada_Low",11.83,2733.63,32.2,0,2597.45,22.6,0,2615.43,22.7,0,3088.3,21.8,0,3626.29,22.2,3,2781.12,21.7,1,2466.22,21.8,0,2566.74,22.6,2,3073.94,22.3,0
"2026-03-14 22:30:00",324,802,"Chapada_Low",11.83,2733.91,32.2,0,2598.73,22.5,0,2616.23,22.6,0,3088.46,21.6,0,3628.05,22.1,3,2782.4,21.6,10,2466.33,21.7,2,2564.67,22.4,0,3075.55,22.1,0
"2026-03-14 22:45:00",325,802,"Chapada_Low",11.83,2733.13,32.1,7,2598.87,22.4,0,2616.87,22.5,5,3087.45,21.5,0,3625.89,21.9,2,2782.48,21.6,0,2465.6,21.7,0,2565.08,22.4,12,3077.25,22,0
"2026-03-14 23:00:00",326,802,"Chapada_Low",11.83,2733.32,32.1,0,2599.17,22.4,12,2616.89,22.5,2,3086.81,21.5,0,3625.19,22,3,2782.58,21.6,0,2465.51,21.7,0,2561.35,22.3,0,3074.25,22,0
"2026-03-14 23:15:00",327,802,"Chapada_Low",11.83,2733.44,32.1,0,2597.31,22.4,0,2617.25,22.5,0,3086.66,21.6,1,3626.03,22,2,2782.52,21.6,4,2465.02,21.7,0,2562.84,22.4,0,3076.87,22.1,0
"2026-03-14 23:30:00",328,802,"Chapada_Low",11.83,2733.06,32.1,0,2598.25,22.3,0,2617.08,22.4,0,3086.62,21.5,0,3625.46,21.9,2,2782.11,21.5,3,2464.55,21.6,4,2561.74,22.3,0,3074.68,22,0
"2026-03-14 23:45:00",329,802,"Chapada_Low",11.83,2733.07,31.9,0,2597.49,22.2,1,2617.61,22.3,0,3086.11,21.4,2,3625.61,21.7,0,2783.12,21.4,0,2465.02,21.5,0,2561.05,22.2,4,3074.81,21.8,1
"2026-03-15 00:00:00",330,802,"Chapada_Low",11.83,2733.19,31.9,0,2598.13,22.1,0,2618.04,22.2,0,3086.19,21.3,0,3626.89,21.7,3,2783.79,21.2,0,2464.23,21.4,0,2557.75,22.1,0,3074.64,21.7,0
"2026-03-15 00:15:00",331,802,"Chapada_Low",11.83,2733.03,31.9,0,2598.53,22,5,2617.63,22.1,0,3085.75,21.2,0,3626.76,21.6,2,2783.27,21.1,4,2464.7,21.3,0,2559.31,22,0,3077.22,21.6,0
"2026-03-15 00:30:00",332,802,"Chapada_Low",11.83,2732.54,31.8,0,2597,21.9,2,2618.18,22.1,7,3085.48,21.1,0,3627.06,21.5,8,2783.86,21.1,7,2462.22,21.2,0,2557.17,21.9,0,3077.14,21.5,0
"2026-03-15 00:45:00",333,802,"Chapada_Low",11.83,2733.18,31.7,0,2597.35,21.8,0,2618.41,21.9,0,3085.35,21,0,3627.9,21.4,0,2784.07,21,0,2462.59,21.1,0,2556.59,21.8,0,3075.07,21.5,0
"2026-03-15 01:00:00",334,802,"Chapada_Low",11.83,2732.14,31.7,0,2597.38,21.7,1,2618.5,21.8,0,3085,20.9,0,3627.63,21.3,1,2783.9,20.9,1,2463.09,21,0,2555.35,21.7,1,3075.65,21.4,0
"2026-03-15 01:15:00",335,802,"Chapada_Low",11.83,2732.32,31.6,0,2598.05,21.6,0,2618.31,21.7,5,3084.12,20.8,0,3628.37,21.3,2,2784.27,20.8,0,2462.66,20.9,0,2557.08,21.6,0,3075.75,21.3,0
"2026-03-15 01:30:00",336,802,"Chapada_Low",11.83,2733.14,31.5,0,2597.2,21.5,4,2618.81,21.7,0,3085.24,20.8,0,3628.24,21.1,0,2784.31,20.8,2,2462.33,20.8,0,2553.77,21.5,7,3076.09,21.2,0
"2026-03-15 01:45:00",337,802,"Chapada_Low",11.82,2732.59,31.4,0,2598.36,21.4,1,2618.84,21.6,0,3084.08,20.7,0,3628.82,21.1,2,2784.94,20.6,0,2462.3,20.7,0,2554.53,21.5,0,3077.88,21.2,0
"2026-03-15 02:00:00",338,802,"Chapada_Low",11.83,2732.36,31.3,0,2597.05,21.5,0,2618.96,21.6,7,3084.26,20.7,0,3628.87,21.1,0,2784.59,20.7,2,2463.4,20.7,0,2553.01,21.4,3,3075.97,21.1,0
"2026-03-15 02:15:00",339,802,"Chapada_Low",11.82,2732.69,31.4,0,2597.94,21.4,0,2618.09,21.5,1,3083.93,20.7,0,3629.32,21.1,6,2784.09,20.6,0,2463.06,20.7,0,2550.14,21.4,4,3076.45,21.1,0
"2026-03-15 02:30:00",340,802,"Chapada_Low",11.82,2732.04,31.4,0,2598.19,21.4,0,2618.08,21.5,0,3083.72,20.7,0,3629.34,21.1,3,2784.58,20.6,0,2463.45,20.7,0,2550.35,21.4,0,3076.29,21.1,0
"2026-03-15 02:45:00",341,802,"Chapada_Low",11.83,2732.68,31.3,4,2596.81,21.4,0,2618,21.4,0,3085,20.6,0,3628.11,21,0,2785.56,20.5,0,2462.83,20.6,0,2551.51,21.3,0,3076.1,21,0
"2026-03-15 03:00:00",342,802,"Chapada_Low",11.83,2732.56,31.3,0,2597.94,21.3,0,2617.94,21.4,0,3083.65,20.5,0,3627.38,20.9,3,2785.37,20.5,6,2462.63,20.5,0,2550.62,21.2,0,3075.96,20.9,0
"2026-03-15 03:15:00",343,802,"Chapada_Low",11.83,2732.88,31.2,0,2597.54,21.2,0,2618.5,21.3,0,3083.94,20.5,0,3627.47,20.8,4,2786.21,20.5,0,2462.73,20.5,0,2550.48,21.2,0,3076.83,20.9,0
"2026-03-15 03:30:00",344,802,"Chapada_Low",11.83,2732.8,31.2,0,2597.05,21.2,18,2618.76,21.3,0,3083.72,20.5,0,3629.12,20.8,2,2785.96,20.4,0,2464.31,20.5,0,2549.25,21.2,0,3076.93,20.9,0
"2026-03-15 03:45:00",345,802,"Chapada_Low",11.83,2732.22,31.1,0,2598.78,21.2,0,2619.34,21.3,0,3083.79,20.5,0,3628.63,20.8,5,2786.27,20.4,1,2462.7,20.4,0,2548.31,21.1,5,3076.38,20.9,0
"2026-03-15 04:00:00",346,802,"Chapada_Low",11.83,2732.37,31.1,0,2597.43,21.2,1,2618.9,21.3,0,3083.26,20.4,0,3627.83,20.8,0,2786.51,20.3,0,2462.32,20.4,10,2544.71,21.1,1,3076.42,20.8,0
"2026-03-15 04:15:00",347,802,"Chapada_Low",11.83,2732.04,31.1,1,2597.7,21.1,0,2618.94,21.2,14,3082.59,20.4,0,3628.21,20.7,0,2786.98,20.3,0,2462.3,20.3,0,2543.93,21,0,3076.24,20.8,0
"2026-03-15 04:30:00",348,802,"Chapada_Low",11.83,2732.87,31,0,2598.29,21,0,2619.13,21.1,0,3083.57,20.3,0,3628.41,20.6,4,2787.39,20.2,0,2462.33,20.2,0,2543.49,20.9,0,3076.99,20.7,0
"2026-03-15 04:45:00",349,802,"Chapada_Low",11.83,2732.8,30.8,0,2579.24,20.9,0,2619.04,21,0,3082.19,20.2,0,3628.4,20.6,0,2785.58,20.1,10,2461.43,20.2,0,2545.46,20.9,0,3078.83,20.6,0
"2026-03-15 05:00:00",350,802,"Chapada_Low",11.83,2732.61,30.8,0,2577.83,20.9,6,2619.71,20.9,0,3082.02,20.2,2,3629.28,20.5,0,2785.59,20.1,7,2461.5,20.1,0,2543.08,20.8,0,3079.33,20.5,4
"2026-03-15 05:15:00",351,802,"Chapada_Low",11.83,2732.58,30.7,6,2576.83,20.8,0,2620.11,20.9,0,3082.52,20.1,0,3628.61,20.4,6,2785.49,20,0,2461.38,20.1,0,2545.03,20.7,0,3079.18,20.5,6
"2026-03-15 05:30:00",352,802,"Chapada_Low",11.83,2732.2,30.6,0,2575.78,20.8,5,2620.19,20.8,2,3081.56,20,0,3630.82,20.4,11,2785.46,19.9,0,2461.52,20,0,2542.42,20.7,0,3078.94,20.4,0
"2026-03-15 05:45:00",353,802,"Chapada_Low",11.83,2732.44,30.5,0,2573.97,20.7,10,2620.28,20.8,0,3081.21,20,0,3629.36,20.3,0,2786.14,19.8,2,2461.94,19.8,0,2540.76,20.6,0,3079.24,20.3,0
"2026-03-15 06:00:00",354,802,"Chapada_Low",11.83,2731.44,30.3,0,2572.82,20.7,0,2620.12,20.7,7,3080.94,19.9,4,3629.32,20.2,7,2786.39,19.7,1,2462.37,19.8,0,2540.46,20.5,0,3077.29,20.2,0
"2026-03-15 06:15:00",355,802,"Chapada_Low",11.83,2732,30.3,0,2573.91,20.5,0,2620.45,20.6,30,3081.83,19.8,0,3629.34,20.1,0,2786.6,19.6,0,2462.64,19.7,0,2539.71,20.4,3,3077.46,20.1,0
"2026-03-15 06:30:00",356,802,"Chapada_Low",11.83,2732.05,30.2,0,2573.19,20.5,0,2620.84,20.5,0,3081.03,19.7,0,3630.37,20.1,0,2786.63,19.6,2,2460.91,19.6,0,2537.08,20.3,0,3077.39,20.1,0
"2026-03-15 06:45:00",357,802,"Chapada_Low",11.83,2731.23,30.3,0,2571.47,20.5,0,2620.38,20.4,0,3081.05,19.7,0,3629.5,20.1,5,2786.84,19.6,5,2462.5,19.6,0,2536.32,20.3,4,3077.75,20.1,0
"2026-03-15 07:00:00",358,802,"Chapada_Low",11.83,2730.67,30.2,0,2571.12,20.4,0,2620.51,20.4,0,3078.34,19.6,0,3629.44,20,0,2787.27,19.5,1,2461.4,19.5,0,2535.85,20.3,11,3078.02,20,0
"2026-03-15 07:15:00",359,802,"Chapada_Low",11.83,2730.72,30.3,0,2570.81,20.4,0,2620.75,20.5,1,3078.35,19.6,0,3628.75,19.9,3,2787.36,19.5,5,2461.49,19.6,0,2535.65,20.3,0,3080,20.1,0
"2026-03-15 07:30:00",360,802,"Chapada_Low",11.83,2730.75,30.5,2,2572.64,20.6,0,2620.99,20.6,0,3077.16,19.8,0,3629.17,20.2,3,2788.35,19.7,0,2459.77,19.8,0,2533.66,20.5,0,3079.33,20.3,1
"2026-03-15 07:45:00",361,802,"Chapada_Low",11.83,2731.07,30.9,0,2572.48,21.1,0,2620.1,21.1,0,3076.37,20.3,0,3629.29,20.5,11,2789.53,20.1,0,2459.72,20.2,0,2533.46,20.9,0,3078.25,20.7,0
"2026-03-15 08:00:00",362,802,"Chapada_Low",11.83,2730.26,31.5,0,2571.94,21.7,0,2620.35,21.6,0,3073.92,20.9,0,3627.93,21.1,7,2788.68,20.6,0,2458.81,20.9,0,2532,21.6,0,3077.22,21.7,0
"2026-03-15 08:15:00",363,802,"Chapada_Low",11.83,2730.41,32.1,0,2571.99,22.2,4,2621.02,22.1,1,3070.72,21.4,0,3626.51,21.5,11,2787.18,21,2,2458.79,21.6,0,2532.76,22.3,0,3074.06,22.2,0
"2026-03-15 08:30:00",364,802,"Chapada_Low",11.83,2730.12,32.5,0,2571.37,22.9,0,2620.66,22.5,0,3069.38,21.5,0,3625.99,21.8,12,2787.15,21.6,0,2457.48,22.3,5,2529,23,0,3075.1,22.8,0
"2026-03-15 08:45:00",365,802,"Chapada_Low",11.83,2729.36,32.9,6,2570.71,23.3,3,2620.81,23.2,3,3067.27,21.6,0,3625.26,21.9,7,2785.92,22.6,0,2456.37,23,0,2530.12,23.7,6,3071.73,23.4,0
"2026-03-15 09:00:00",366,802,"Chapada_Low",11.83,2729.04,33.4,5,2569.18,23.8,3,2620.91,23.6,2,3065.04,21.8,0,3621.44,23.3,4,2783.02,23.5,0,2454.17,23.9,0,2528.33,24.5,0,3072.34,24.1,0
"2026-03-15 09:15:00",367,802,"Chapada_Low",11.83,2727.87,33.9,0,2569.84,24.3,0,2623,24,0,3061.87,21.9,0,3616.12,24.5,5,2778.06,25.2,4,2452.09,24.7,0,2525.01,25.4,4,3068.64,24.8,0
"2026-03-15 09:30:00",368,802,"Chapada_Low",11.83,2726.33,34.4,0,2568.68,24.9,0,2621.33,24.5,0,3060.67,22.1,0,3612.19,25.2,1,2775.03,25.7,0,2448.43,26.6,0,2522.31,26.4,0,3068.59,25.5,0
"2026-03-15 09:45:00",369,802,"Chapada_Low",11.83,2723.75,34.9,0,2567.97,25.5,0,2621.15,24.8,0,3057.14,22.8,0,3608.76,25.8,0,2772.75,26.2,3,2448.6,26.5,0,2516.14,27.7,0,3066.18,26.4,0
"2026-03-15 10:00:00",370,802,"Chapada_Low",11.83,2722.39,35.4,0,2563.74,26.1,0,2621.73,25.2,5,3051.94,23.8,0,3604.98,26.3,4,2768.28,26.7,19,2446.29,26.8,0,2512.55,28.6,9,3063.7,27.6,0
"2026-03-15 10:15:00",371,802,"Chapada_Low",11.82,2721.29,36.2,0,2562.64,27.2,0,2621.01,25.6,6,3047.7,24.6,0,3597.41,26.8,0,2765.02,27.3,1,2444.41,27.4,0,2506.63,29.7,0,3061.28,28.2,2
"2026-03-15 10:30:00",372,802,"Chapada_Low",11.82,2719.47,36.2,0,2560.77,27.6,0,2621.05,26.2,0,3043.04,24.9,0,3595.27,26.8,10,2762.13,27.4,0,2442.65,27.4,0,2502.29,30.1,0,3060.44,28.3,0
"2026-03-15 10:45:00",373,802,"Chapada_Low",11.82,2716.81,36.5,0,2559.5,28.2,0,2622.74,26.5,2,3037.09,26.5,0,3592.88,27,4,2759.31,27.7,0,2441.48,27.8,0,2497.81,31.1,0,3058.32,29.1,0
"2026-03-15 11:00:00",374,802,"Chapada_Low",11.82,2714.71,36.8,0,2559.01,28.5,0,2622.14,26.6,9,3028.38,26.1,0,3589.65,27.8,8,2757.23,28,0,2440.41,28,0,2494.89,31.6,0,3057.11,29.3,0
"2026-03-15 11:15:00",375,802,"Chapada_Low",11.82,2713.36,36.8,11,2557.41,28.5,0,2618.25,26.6,2,3022.54,26.1,0,3587.93,27.4,14,2755.31,28.6,2,2438.88,28.6,0,2485.99,32,0,3055.9,29.5,0
"2026-03-15 11:30:00",376,802,"Chapada_Low",11.82,2711.73,37.1,0,2556.28,28.8,2,2618.04,27.2,0,3019.4,26.5,0,3584.53,27.5,6,2751.93,28.9,0,2436.48,29.2,0,2480.67,33.1,0,3052.57,30.4,0
"2026-03-15 11:45:00",377,802,"Chapada_Low",11.82,2710.89,36.7,0,2553.86,29,4,2619.54,27.8,0,3016.61,26.8,0,3582.18,27.7,4,2749.64,29.1,1,2434.91,29.1,0,2475.94,33.4,0,3047.27,31.7,11
"2026-03-15 12:00:00",378,802,"Chapada_Low",11.82,2708.4,37.3,0,2550.85,28.7,2,2618.71,28,0,3013.41,26.9,0,3581.83,27.6,8,2747.79,28.8,2,2433.67,28.9,0,2472.71,32.8,0,3046.14,31.6,0
"2026-03-15 12:15:00",379,802,"Chapada_Low",11.82,2707.7,37.1,0,2551.35,28.7,0,2618.11,28,0,3011.63,26.8,0,3579.73,27.5,7,2746.53,28.7,1,2432.62,28.8,0,2467.72,32.1,0,3048.26,31.4,0
"2026-03-15 12:30:00",380,802,"Chapada_Low",11.82,2705.95,37.1,0,2549.45,28.5,0,2615.27,28.6,0,3008.22,27.5,0,3578.9,27.8,2,2744.05,29,1,2432.41,28.9,0,2463.75,31.9,0,3047.47,31.5,0
"2026-03-15 12:45:00",381,802,"Chapada_Low",11.82,2704.34,37.1,0,2544.43,28.5,0,2611.47,28.7,7,3004.9,27.7,0,3576.07,28.4,12,2741.96,29,3,2430.85,29.1,0,2463,31.8,0,3046.6,31.3,0
"2026-03-15 13:00:00",382,802,"Chapada_Low",11.82,2702.83,37.3,4,2542.84,28.7,0,2609.23,29,0,3000.62,27.8,0,3571.3,28.8,7,2739.02,30.2,1,2430.24,29.4,0,2456.27,32,1,3045.62,31.5,0
"2026-03-15 13:15:00",383,802,"Chapada_Low",11.82,2701.06,36.8,0,2541.16,28.4,4,2609.05,28.6,5,3000.3,27.4,0,3569.68,28.2,0,2737.71,29.5,0,2429.54,29.9,0,2454.44,31.5,0,3045.81,30.7,0
"2026-03-15 13:30:00",384,802,"Chapada_Low",11.83,2699.89,36.7,0,2539.99,28.4,0,2610.36,28.6,3,2997.9,27.3,0,3567.87,28.3,8,2736.18,29.3,5,2429.13,29.6,0,2452.05,31.9,0,3045.44,30.6,0
"2026-03-15 13:45:00",385,802,"Chapada_Low",11.82,2699.04,36.5,0,2538.26,28.1,0,2609.87,28.2,0,2997.15,27,0,3569.9,27.8,3,2735.74,28.7,0,2427.43,28.9,0,2450.4,31,2,3045.32,30.4,0
"2026-03-15 14:00:00",386,802,"Chapada_Low",11.83,2697.38,36.5,0,2537.3,28.2,0,2609.04,28.1,0,2996.56,26.8,0,3570.29,27.5,9,2735.99,28.3,0,2427.74,28.5,0,2449.58,30.4,2,3046.69,29.9,0
"2026-03-15 14:15:00",387,802,"Chapada_Low",11.83,2697.89,35.6,0,2536.17,28.2,2,2609.15,28.6,0,2995.24,26.8,0,3570.32,27.4,5,2735.47,28.3,0,2426.59,28.5,0,2448.45,30.3,0,3046.14,30,0
"2026-03-15 14:30:00",388,802,"Chapada_Low",11.83,2699.48,33.6,0,2534.66,28.2,8,2608.77,28.7,0,2991.11,27.9,0,3568.2,27.7,8,2734.32,28.4,5,2426.36,28.8,0,2445.51,30.3,0,3045.15,30.5,4
"2026-03-15 14:45:00",389,802,"Chapada_Low",11.83,2699.38,32.8,0,2531.76,28.4,0,2606.66,29.2,0,2988,28,0,3564.51,28.7,3,2733.45,28.9,0,2424.83,29.4,0,2443.63,30.4,0,3043.62,31.1,1
"2026-03-15 15:00:00",390,802,"Chapada_Low",11.83,2697.95,32.9,12,2530.44,28.9,0,2606.25,29.8,7,2982.99,28.5,0,3556.68,29,10,2730.12,30,7,2421.36,30.9,0,2440.64,30.7,0,3041.9,31.7,0
"2026-03-15 15:15:00",391,802,"Chapada_Low",11.83,2696.19,33,0,2529.73,29.3,1,2605.08,30.1,0,2975.9,28.9,0,3552.37,29.4,8,2727.42,30.2,2,2418.86,31.7,0,2437.54,31.3,2,3040.8,31.9,2
"2026-03-15 15:30:00",392,802,"Chapada_Low",11.83,2694.68,32.6,11,2526.96,29.2,2,2603.66,29.7,0,2974.29,28.6,0,3551.45,29,3,2726.09,29.9,6,2419.43,30.9,0,2435.74,31.1,0,3038.15,32,0
"2026-03-15 15:45:00",393,802,"Chapada_Low",11.83,2693.83,33,3,2524.72,29.3,0,2603,29.8,0,2971.72,28.8,0,3549.45,29.2,4,2723.78,30,4,2418.04,30.9,11,2433.43,30.9,0,3036.99,31.8,0
"2026-03-15 16:00:00",394,802,"Chapada_Low",11.83,2692.21,32.9,0,2524.38,30,1,2602.46,30.1,0,2968.27,28.9,0,3547.96,29.4,2,2722.49,30.2,0,2416.97,31.2,0,2431.76,31,0,3037.74,31.7,0
"2026-03-15 16:15:00",395,802,"Chapada_Low",11.83,2690.19,32.7,0,2521.99,29.9,1,2602.38,30.6,0,2965.67,29.4,0,3545.93,29.4,16,2720.92,30.2,0,2415.62,31.2,0,2430.29,30.9,0,3036.98,31.5,0
"2026-03-15 16:30:00",396,802,"Chapada_Low",11.83,2689.14,32.4,0,2521.4,29.6,4,2600.73,30.1,0,2963.13,29.6,0,3544.99,30,8,2717.67,30,6,2415.73,30.9,0,2429.97,30.6,0,3036.98,31.1,5
"2026-03-15 16:45:00",397,802,"Chapada_Low",11.83,2685.97,32.5,0,2519.91,28.9,7,2599.53,29.2,1,2964.73,28.5,0,3546.08,29.2,0,2719.1,29.7,17,2416.94,29.5,0,2429.61,29.9,0,3037.95,30.1,7
"2026-03-15 17:00:00",398,802,"Chapada_Low",11.82,2685.5,33.1,0,2517.92,28.6,0,2601.43,28.7,2,2965.34,27.9,0,3547.41,28.6,5,2718.26,29.1,0,2417.48,30,0,2429.17,29.6,0,3038.48,29.5,0
"2026-03-15 17:15:00",399,802,"Chapada_Low",11.83,2684.89,32.6,0,2519.53,27.8,0,2599.56,27.7,0,2965.4,26.8,2,3551.14,27.4,15,2720.68,27.7,0,2418.4,28.3,0,2429.45,29,0,3040.37,28.3,0
"2026-03-15 17:30:00",400,802,"Chapada_Low",11.82,2680.56,32.1,3,2519.66,27.1,0,2600.77,27,0,2967.87,26,0,3554.88,26.4,6,2723.02,26.7,0,2421.48,27,0,2431.88,28.2,0,3041.62,27.6,0
"2026-03-15 17:45:00",401,802,"Chapada_Low",11.83,2679.37,31.6,1,2520.42,26.6,3,2599.32,26.4,0,2969.87,25.4,0,3557.38,25.7,7,2725.17,26,6,2423.3,26.1,0,2429.87,27.4,0,3041.23,26.7,0
"2026-03-15 18:00:00",402,802,"Chapada_Low",11.83,2678.74,31.2,0,2517.48,26.1,0,2599.58,26,0,2971.01,24.9,0,3559.69,25.3,11,2729.55,25.4,4,2433.65,25.6,0,2445.14,26.8,0,3042.28,26.1,0
"2026-03-15 18:15:00",403,802,"Chapada_Low",11.83,2678.59,31.4,0,2515.83,25.6,0,2600.79,25.6,0,2972.83,24.6,0,3561.84,24.8,10,2731.1,24.9,0,2434.87,25.1,0,2447.5,26.3,0,3041.49,25.5,0
"2026-03-15 18:30:00",404,802,"Chapada_Low",11.82,2677.91,31,0,2516.46,25.2,0,2600.64,25.1,0,2975.06,24.1,0,3563.18,24.5,8,2731.8,24.4,2,2435.01,24.5,0,2448.62,25.8,0,3044.42,25,0
"2026-03-15 18:45:00",405,802,"Chapada_Low",11.82,2679.69,30.6,0,2519.34,24.5,0,2600.1,24.4,0,2982.42,23.5,0,3564.63,24,3,2735.96,23.8,4,2437.08,23.8,0,2452.7,25.1,2,3044.65,24.4,0
"2026-03-15 19:00:00",406,802,"Chapada_Low",11.82,2680.97,29.1,0,2518.77,24,2,2600.65,24,0,2984.66,23.1,0,3567.56,23.6,5,2736.54,23.3,0,2438.56,23.4,0,2451.46,24.5,0,3048.3,23.9,1
"2026-03-15 19:15:00",407,802,"Chapada_Low",11.82,2680.17,29.1,0,2518.73,23.8,0,2600.63,23.8,0,2985.73,22.9,0,3569.66,23.3,7,2739.02,23,0,2439.71,23.2,0,2449.85,24.2,0,3046.97,23.7,0
"2026-03-15 19:30:00",408,802,"Chapada_Low",11.82,2680.65,29.6,0,2516.08,23.6,9,2600.55,23.7,0,2986.71,22.8,0,3571.08,23.3,20,2739.93,22.9,0,2440.49,23.1,0,2447.99,23.9,0,3049.29,23.6,0
"2026-03-15 19:45:00",409,802,"Chapada_Low",11.82,2681.02,29.4,0,2515.58,23.5,0,2600.97,23.6,9,2988.02,22.7,0,3571.89,23.1,10,2741.01,22.8,0,2441,22.9,0,2451.28,23.7,8,3049.73,23.4,0
"2026-03-15 20:00:00",410,802,"Chapada_Low",11.82,2681.26,29.2,1,2515.62,23.3,0,2600.59,23.5,0,2988.73,22.6,0,3572.74,23,8,2741.82,22.6,0,2441.74,22.8,0,2449.65,23.6,0,3048.47,23.2,0
"2026-03-15 20:15:00",411,802,"Chapada_Low",11.82,2680.78,29.2,8,2515.41,23.3,0,2600.56,23.4,0,2988.99,22.5,0,3573.32,22.8,4,2742.48,22.5,0,2441.81,22.7,0,2452.12,23.4,0,3049.07,23.1,0
"2026-03-15 20:30:00",412,802,"Chapada_Low",11.82,2680.6,29.4,0,2515.82,23.3,0,2601.19,23.4,2,2990.63,22.5,0,3574.25,22.9,6,2743.86,22.4,0,2442.75,22.7,0,2450.1,23.4,0,3049.01,23.1,1
"2026-03-15 20:45:00",413,802,"Chapada_Low",11.82,2680.44,29.4,3,2515.14,23.3,0,2601.03,23.3,0,2989.68,22.5,0,3574.38,22.9,4,2743.69,22.5,0,2442.79,22.6,0,2453.72,23.4,0,3049.48,23.1,0
"2026-03-15 21:00:00",414,802,"Chapada_Low",11.82,2680.13,29.4,0,2515.53,23.2,0,2601.13,23.3,2,2990.02,22.4,0,3575.21,22.8,8,2745.38,22.4,0,2442.46,22.6,0,2451.5,23.3,0,3051.76,23,0
"2026-03-15 21:15:00",415,802,"Chapada_Low",11.82,2680.43,29.5,11,2515.43,23.2,0,2600.82,23.2,0,2990.13,22.4,0,3575.74,22.8,4,2746.08,22.4,0,2443.02,22.5,0,2453.69,23.3,0,3051.98,22.9,0
"2026-03-15 21:30:00",416,802,"Chapada_Low",11.82,2680.52,29.5,0,2515.32,23.1,0,2600.92,23.1,0,2990.21,22.3,0,3576.55,22.7,10,2746.53,22.3,0,2442.78,22.5,0,2453.88,23.2,0,3049.75,22.8,0
"2026-03-15 21:45:00",417,802,"Chapada_Low",11.82,2680.21,29.4,0,2779.6,23.1,0,2601.24,23.1,0,2990.74,22.3,0,3576.63,22.7,13,2747.25,22.3,0,2443.5,22.5,0,2452.04,23.1,0,3049.57,22.8,0
"2026-03-15 22:00:00",418,802,"Chapada_Low",11.82,2680.62,29.4,0,2883.85,23.1,0,2601.27,23,0,2990.81,22.3,0,3576.53,22.5,1,2747.28,22.2,2,2443.8,22.4,0,2453.93,23.1,0,3050.15,22.8,0
"2026-03-15 22:15:00",419,802,"Chapada_Low",11.82,2679.91,29.4,0,2811.5,23,0,2601.32,22.9,0,2991.21,22.2,0,3577.53,22.4,6,2747.52,22.1,0,2443.5,22.4,0,2452.18,23.1,0,3052.66,22.7,0
"2026-03-15 22:30:00",420,802,"Chapada_Low",11.82,2679.65,29.3,0,2881.9,23,0,2601.34,22.9,4,2990.58,22.1,0,3578.66,22.4,1,2747.97,22.1,1,2443.41,22.3,0,2451.71,23,0,3052.9,22.6,0
"2026-03-15 22:45:00",421,802,"Chapada_Low",11.82,2679.84,29.3,0,2860.85,23,0,2601.52,22.8,0,2990.51,22.1,0,3579.19,22.3,4,2748.06,22,0,2443.4,22.2,0,2451.65,22.9,0,3053.31,22.5,0
"2026-03-15 23:00:00",422,802,"Chapada_Low",11.82,2679.02,29.3,0,2850.21,22.9,0,2601.51,22.8,7,2993.29,22.1,0,3578.45,22.3,5,2747.43,22,0,2443.83,22.1,0,2453.8,22.8,0,3053.28,22.5,7
"2026-03-15 23:15:00",423,802,"Chapada_Low",11.82,2679.45,29.2,0,2513.56,22.8,0,2601.66,22.7,0,2990.18,22,0,3579.64,22.3,0,2748.67,21.9,0,2444.64,22.1,0,2453.6,22.7,2,3053.4,22.4,0
"2026-03-15 23:30:00",424,802,"Chapada_Low",11.82,2679.67,29.2,0,2511.37,22.7,0,2601.22,22.6,3,2994.25,21.9,0,3579.77,22.2,4,2749.82,21.8,10,2444.6,22,0,2454.07,22.7,0,3051.31,22.3,0
"2026-03-15 23:45:00",425,802,"Chapada_Low",11.82,2679.66,29.1,0,2512.88,22.5,0,2601.68,22.5,6,2991.89,21.8,0,3579.38,22.2,17,2749.53,21.8,0,2444.45,21.9,0,2452.1,22.6,0,3051.68,22.2,0
"2026-03-16 00:00:00",426,802,"Chapada_Low",11.82,2679.18,29.1,0,2514.16,22.5,3,2601.25,22.5,0,2994.89,21.8,0,3579.19,22,11,2748.96,21.7,0,2443.93,21.8,0,2452.88,22.5,0,3052.03,22.1,1
"2026-03-16 00:15:00",427,802,"Chapada_Low",11.82,2679.78,29.1,0,2512.42,22.5,0,2602.59,22.4,6,2994.64,21.7,0,3580.22,22,7,2749.77,21.5,3,2444.86,21.7,0,2453.17,22.4,0,3054.2,22.1,0
"2026-03-16 00:30:00",428,802,"Chapada_Low",11.82,2679.57,29,0,2513.59,22.4,0,2601.68,22.4,0,2995.15,21.7,0,3582,22,5,2750.75,21.5,0,2443.41,21.6,0,2453.32,22.4,0,3054.88,22,2
"2026-03-16 00:45:00",429,802,"Chapada_Low",11.82,2679.86,29,0,2513.65,22.4,0,2602.08,22.3,0,2995.26,21.6,0,3581.88,21.9,26,2751.15,21.5,0,2444.76,21.6,0,2449.82,22.3,1,3052.61,22,0
"2026-03-16 01:00:00",430,802,"Chapada_Low",11.82,2679.5,29.2,0,2512.99,22.3,0,2602.07,22.4,0,2996.31,21.6,0,3581.8,22,12,2750.57,21.5,0,2443.74,21.6,0,2449.73,22.3,0,3052.7,22,3
"2026-03-16 01:15:00",431,802,"Chapada_Low",11.82,2679.72,29.3,0,2511.69,22.4,1,2602.53,22.4,0,2996.14,21.6,0,3582.51,22,0,2751.48,21.6,0,2445.31,21.7,0,2447.68,22.3,0,3053.43,22,0
"2026-03-16 01:30:00",432,802,"Chapada_Low",11.82,2680.96,28.9,0,2511.51,22.3,0,2601.84,22.3,0,2996.41,21.6,0,3582.99,21.9,5,2751.43,21.5,0,2444.13,21.7,0,2447.81,22.3,2,3053.1,22,0
"2026-03-16 01:45:00",433,802,"Chapada_Low",11.82,2681.72,29.1,0,2512.06,22.3,2,2601.89,22.3,5,2997.22,21.6,0,3582.46,21.9,2,2751.76,21.5,3,2444.17,21.6,0,2450.56,22.3,0,3053.44,22,0
"2026-03-16 02:00:00",434,802,"Chapada_Low",11.82,2680.16,29.1,0,2512.06,22.3,3,2602.16,22.3,0,2996.74,21.6,0,3582.87,21.9,1,2752.45,21.5,0,2444.83,21.6,0,2450.47,22.3,0,3055.41,21.9,0
"2026-03-16 02:15:00",435,802,"Chapada_Low",11.82,2680.21,29,0,2512.26,22.2,3,2601.9,22.3,0,2997.49,21.6,0,3583.3,21.9,9,2751.8,21.5,7,2445.95,21.6,5,2451.04,22.3,0,3056.13,21.9,0
"2026-03-16 02:30:00",436,802,"Chapada_Low",11.82,2680.77,28.8,0,2511.71,22.1,0,2602.37,22.2,4,2997.54,21.5,2,3583.67,21.8,0,2752.24,21.4,0,2445.61,21.4,0,2448.73,22.2,0,3055.98,21.8,2
"2026-03-16 02:45:00",437,802,"Chapada_Low",11.82,2680.67,28.7,0,2511.06,22,2,2602.72,22.1,0,2996.03,21.4,0,3584.64,21.7,5,2752.91,21.3,1,2444.62,21.3,0,2451.03,22.1,0,3055.31,21.7,0
"2026-03-16 03:00:00",438,802,"Chapada_Low",11.82,2681.16,28.6,0,2592.78,21.9,0,2603.62,22,0,2997.84,21.3,0,3584.3,21.6,5,2752.81,21.2,0,2445.06,21.2,0,2450.03,22,0,3056.67,21.6,0
"2026-03-16 03:15:00",439,802,"Chapada_Low",11.82,2680.31,28.6,0,2630.16,21.9,18,2602.65,21.9,0,2998.12,21.2,0,3584.27,21.5,5,2753.57,21.1,0,2445.07,21.1,0,2450.45,21.9,0,3054.81,21.5,0
"2026-03-16 03:30:00",440,802,"Chapada_Low",11.82,2680.33,28.5,0,2635.14,21.7,0,2602.51,21.8,3,2998.94,21.1,0,3585.64,21.4,0,2753.61,21,11,2445.73,21,0,2450.16,21.8,8,3054.82,21.4,0
"2026-03-16 03:45:00",441,802,"Chapada_Low",11.82,2680.57,28.3,0,2639.76,21.6,0,2602.83,21.7,0,2999.8,21,0,3585.58,21.2,5,2754.75,20.8,1,2445.77,20.8,0,2452.71,21.7,0,3055.28,21.3,0
"2026-03-16 04:00:00",442,802,"Chapada_Low",11.82,2679.86,28.7,0,2642.17,21.6,0,2602.74,21.7,1,2999.41,20.9,0,3586,21.2,6,2754.68,20.7,2,2445.56,20.8,0,2450.91,21.6,0,3055.67,21.3,0
"2026-03-16 04:15:00",443,802,"Chapada_Low",11.82,2680.85,28.2,0,2642.28,21.5,0,2602.69,21.6,0,3001.95,20.9,0,3585.6,21.2,7,2755.33,20.7,0,2446.1,20.7,6,2450.99,21.6,0,3055.53,21.3,0
"2026-03-16 04:30:00",444,802,"Chapada_Low",11.82,2679.77,28.8,0,2642.68,21.5,1,2602.85,21.6,0,3002.35,20.9,0,3585.51,21.2,8,2755.38,20.7,0,2446.23,20.7,0,2453.51,21.5,0,3055.54,21.3,0
"2026-03-16 04:45:00",445,802,"Chapada_Low",11.82,2680.08,29,0,2646.96,21.6,0,2602.99,21.6,0,3001.68,20.9,0,3585.36,21.2,11,2755.65,20.8,2,2446.09,20.8,0,2453.13,21.6,0,3055.79,21.3,0
"2026-03-16 05:00:00",446,802,"Chapada_Low",11.82,2679.55,29.2,0,2514.31,21.6,0,2602.79,21.7,0,3002.09,21,0,3587.28,21.2,9,2756.02,20.8,2,2446.52,20.8,1,2451.32,21.6,0,3056.15,21.3,0
"2026-03-16 05:15:00",447,802,"Chapada_Low",11.82,2679.44,29.2,3,2520.4,21.6,0,2603.19,21.6,0,3002.71,21,0,3586.92,21.2,10,2756.02,20.8,0,2446.91,20.8,0,2450.91,21.6,9,3057.8,21.3,0
"2026-03-16 05:30:00",448,802,"Chapada_Low",11.82,2678.53,29.4,0,2519.88,21.5,0,2602.62,21.6,0,3002.04,20.9,0,3587.53,21.2,8,2756.06,20.8,4,2446.93,20.8,0,2452.7,21.5,0,3056.05,21.3,0
"2026-03-16 05:45:00",449,802,"Chapada_Low",11.82,2679.01,29,0,2519.19,21.5,8,2602.69,21.6,0,3002.5,20.9,0,3587.3,21.1,3,2756.43,20.7,0,2446.93,20.7,0,2453.43,21.5,3,3055.49,21.2,0
"2026-03-16 06:00:00",450,802,"Chapada_Low",11.82,2679.42,28.9,7,2518.75,21.4,0,2602.95,21.5,0,3002.57,20.9,0,3588.64,21,9,2756.58,20.7,2,2445.98,20.7,0,2451.24,21.4,0,3055.98,21.2,1
"2026-03-16 06:15:00",451,802,"Chapada_Low",11.82,2679.2,28.9,0,2518.12,21.4,0,2602.81,21.5,0,3002.23,20.8,0,3587.8,21,5,2756.87,20.6,14,2447.01,20.6,0,2453.81,21.4,0,3056.5,21.2,0
"2026-03-16 06:30:00",452,802,"Chapada_Low",11.82,2678.73,29,0,2520.33,21.4,0,2602.74,21.5,0,3002.19,20.8,0,3587,21,0,2756.61,20.6,0,2445.6,20.6,0,2453.72,21.3,0,3056.19,21.1,0
"2026-03-16 06:45:00",453,802,"Chapada_Low",11.82,2678.79,29.1,0,2524.39,21.4,0,2602.29,21.4,0,3003.42,20.8,0,3588.61,20.9,8,2757.17,20.6,0,2446.26,20.6,0,2451.33,21.3,0,3056.41,21.1,0
"2026-03-16 07:00:00",454,802,"Chapada_Low",11.82,2678.7,29,0,2514.76,21.4,5,2602.65,21.4,0,3002.17,20.8,0,3589.04,20.9,4,2757.48,20.6,1,2445.58,20.6,0,2453.15,21.3,1,3056.29,21.1,0
"2026-03-16 07:15:00",455,802,"Chapada_Low",11.82,2680.91,27.7,0,2514.8,21.4,0,2602.87,21.5,0,3000.77,20.8,0,3588.73,20.9,8,2757.85,20.7,3,2445.95,20.7,0,2453.16,21.3,0,3056.43,21.1,0
"2026-03-16 07:30:00",456,802,"Chapada_Low",11.82,2678.16,28.9,0,2514.28,21.5,0,2603.21,21.6,0,2999.9,20.9,0,3588.43,21.1,9,2757.71,20.8,0,2445.26,20.8,0,2451.29,21.5,0,3058.14,21.3,0
"2026-03-16 07:45:00",457,802,"Chapada_Low",11.82,2677.77,29.6,2,2513.9,21.6,0,2603.37,21.7,0,2999.99,21,0,3588.57,21.2,8,2756.88,21,0,2445.5,21,0,2451.13,21.6,0,3056.21,21.4,1
"2026-03-16 08:00:00",458,802,"Chapada_Low",11.82,2677.92,29.9,0,2512.88,21.8,0,2602.83,21.9,0,2998.74,21.2,0,3587.74,21.4,6,2757.05,21.2,0,2446.31,21.3,0,2452.76,21.9,0,3057.12,21.7,0
"2026-03-16 08:15:00",459,802,"Chapada_Low",11.82,2677.16,30.1,0,2514.32,22,0,2603.78,22.1,0,2998.49,21.4,0,3587.82,21.6,0,2757.18,21.4,0,2445.93,21.6,0,2452.54,22.2,0,3054.91,22,0
"2026-03-16 08:30:00",460,802,"Chapada_Low",11.82,2677.51,30.3,2,2513.86,22.2,0,2602.85,22.3,0,2997.33,21.6,0,3587.31,21.9,0,2756.9,21.7,1,2446.17,21.9,0,2452.05,22.5,0,3056.99,22.4,0
"2026-03-16 08:45:00",461,802,"Chapada_Low",11.82,2677.76,30.2,0,2510.45,22.5,0,2603.15,22.5,0,2993.15,21.8,0,3586.82,22.1,7,2756.72,22,0,2444.65,22.1,0,2451.42,22.7,0,3055.89,22.6,0
"2026-03-16 09:00:00",462,802,"Chapada_Low",11.82,2677.65,30.2,0,2507.59,22.7,0,2603.08,22.8,0,2994.9,22,0,3585.73,22.2,4,2755.93,22.2,18,2444.89,22.3,0,2449.3,22.9,0,3053.62,22.8,0
"2026-03-16 09:15:00",463,802,"Chapada_Low",11.82,2677.53,30.2,0,2507.79,22.9,0,2603.78,22.9,0,2991.62,22.4,0,3585.11,22.4,9,2757.24,22.4,0,2444.6,22.6,0,2448.93,23.1,13,3054.76,23,11
"2026-03-16 09:30:00",464,802,"Chapada_Low",11.82,2676.77,30.5,0,2508.13,23.1,0,2603.58,23.2,0,2990.41,22.6,0,3584.46,22.9,6,2755.36,22.8,0,2444.78,22.9,0,2449.93,23.4,0,3054.25,23.4,5
"2026-03-16 09:45:00",465,802,"Chapada_Low",11.82,2676.48,30.8,0,2508.65,23.5,2,2602.73,23.5,0,2989.14,22.9,0,3583.47,23.1,4,2753.51,23.4,0,2443.42,23.7,0,2449.56,23.8,10,3050.69,23.8,0
"2026-03-16 10:00:00",466,802,"Chapada_Low",11.82,2676.32,31.4,0,2507.46,24.1,0,2602.86,24.1,0,2987.2,23.4,0,3580.93,23.6,4,2751.64,24,3,2442.18,24.5,0,2446.33,24.8,0,3048.97,24.7,2
"2026-03-16 10:15:00",467,802,"Chapada_Low",11.82,2675.54,32,0,2507.01,24.9,0,2604.86,24.7,0,2984.98,24,0,3578.29,24.3,2,2748.28,24.8,0,2440.17,25.1,0,2443.7,26,0,3048.25,26.3,1
"2026-03-16 10:30:00",468,802,"Chapada_Low",11.82,2675.39,33,2,2506.24,25.7,0,2602.85,25.4,0,2981.42,24.6,0,3574.72,25,12,2745.64,25.6,0,2437.91,26,0,2441.65,27,2,3046.64,26.9,0
"2026-03-16 10:45:00",469,802,"Chapada_Low",11.83,2674.61,33.3,9,2503.22,27.7,0,2604.32,26.5,0,2976.99,25.6,0,3569.83,26.1,8,2740.99,26.9,2,2434.73,27.4,0,2438.48,29,3,3042.75,28.5,1
"2026-03-16 11:00:00",470,802,"Chapada_Low",11.82,2673.88,32.8,0,2502.84,27.5,0,2602.16,26.8,0,2973,26.1,2,3566.73,26.2,7,2738.51,27,5,2433.92,27.4,0,2436.62,29.1,0,3042.48,28.3,0
"2026-03-16 11:15:00",471,802,"Chapada_Low",11.81,2673.46,32.8,0,2500.54,27.6,2,2602.92,26.9,26,2969.85,26.5,0,3565.52,27.1,4,2736.77,27.4,3,2432.79,27.6,0,2434.47,29.7,0,3040.34,28.8,2
"2026-03-16 11:30:00",472,802,"Chapada_Low",11.82,2672.39,33.4,0,2496.47,28.7,0,2600.75,27.8,0,2969.28,27.2,0,3562.5,27.7,4,2732.86,29.3,0,2431.25,28.7,0,2431.47,31.5,0,3037.37,30.2,0
"2026-03-16 11:45:00",473,802,"Chapada_Low",11.84,2670.71,33.7,0,2494.3,29.3,0,2602.25,28.4,0,2963.5,27.6,0,3558.73,27.9,5,2729.4,29.5,0,2429,29.1,0,2428.04,32.6,0,3032.2,31.5,0
"2026-03-16 12:00:00",474,802,"Chapada_Low",11.84,2669.85,32.5,0,2492.92,28.5,0,2598.86,27.8,1,2962.41,27.1,0,3560.15,27.4,7,2728.59,28.7,1,2429.13,28.2,0,2426.46,31.5,0,3033.94,30.6,2
"2026-03-16 12:15:00",475,802,"Chapada_Low",11.84,2669.49,31.6,10,2494.22,27.7,2,2598.01,27.3,0,2959.84,26.4,0,3560.7,26.8,9,2729.33,28.4,6,2429.41,27.4,0,2427.07,30.2,0,3034.77,29.6,0
"2026-03-16 12:30:00",476,802,"Chapada_Low",11.84,2667.38,32.1,0,2492.68,27.9,1,2599.52,27.7,1,2959.44,26.8,0,3558.53,27.2,2,2726.68,28.6,5,2429.12,28.8,0,2425.22,30.4,0,3033.09,30.3,2
"2026-03-16 12:45:00",477,802,"Chapada_Low",11.84,2666.46,31.6,0,2491.66,27.1,0,2598.94,26.8,0,2956.24,26,0,3560.18,26.4,17,2727.33,27.5,0,2428.84,27.5,0,2424.98,29.6,0,3035.1,28.7,0
"2026-03-16 13:00:00",478,802,"Chapada_Low",11.84,2666.28,31.1,0,2491.24,26.5,0,2597.26,26.1,6,2957.01,25.3,0,3563.11,25.7,6,2729.02,26.6,12,2431.63,26.5,0,2425.7,28.5,0,3036.3,27.7,0
"2026-03-16 13:15:00",479,802,"Chapada_Low",11.84,2665.93,30.7,0,2491.96,25.9,0,2596.63,25.6,25,2959.32,24.8,0,3566.02,25.1,5,2730.09,25.8,11,2432.98,25.6,0,2426.14,27.6,5,3038.15,26.7,0
"2026-03-16 13:30:00",480,802,"Chapada_Low",11.84,2666.85,30.4,0,2492.41,25.5,0,2598.93,25.5,14,2960.17,24.5,0,3566.54,24.8,3,2731.97,25.3,0,2432.87,25.1,0,2428.7,27,0,3038.99,26.2,0
"2026-03-16 13:45:00",481,802,"Chapada_Low",11.84,2666.99,30.2,1,2491.51,25.3,0,2597.44,25.3,9,2959.68,24.6,0,3568.35,24.7,9,2732.99,25.2,2,2434.21,25,0,2429.04,26.7,0,3038.3,25.9,0
"2026-03-16 14:00:00",482,802,"Chapada_Low",11.84,2666.31,30.3,0,2492.36,25.3,0,2599.56,25.4,4,2959.89,24.5,0,3568.31,25,0,2734.86,25.3,2,2434.73,25.1,0,2429.15,26.7,0,3040.23,26,0
"2026-03-16 14:15:00",483,802,"Chapada_Low",11.84,2666.73,30.7,0,2490.93,25.8,0,2597.26,26.1,0,2957.44,25.1,0,3565.86,25.5,3,2733.41,26.2,5,2433.08,26.5,0,2426.51,27.2,0,3038.5,27,0
"2026-03-16 14:30:00",484,802,"Chapada_Low",11.84,2664.54,31.7,0,2490.93,26.6,0,2596.82,27,0,2953.05,26,0,3562.83,26.3,8,2731.09,26.9,1,2430.54,27.7,0,2426.12,28.3,0,3036.51,28.5,1
"2026-03-16 14:45:00",485,802,"Chapada_Low",11.83,2663.84,32,0,2489.13,26.8,0,2598.09,27.3,6,2950.86,26.3,0,3561.55,26.5,4,2729.46,27.2,4,2428.14,27.8,0,2424.86,28.5,0,3034.59,29.2,0
"2026-03-16 15:00:00",486,802,"Chapada_Low",11.84,2663.74,32.1,3,2488.34,26.6,0,2597.75,26.9,0,2950.24,26,0,3563.72,26.1,8,2728.83,26.7,1,2429.02,27.1,0,2426.01,28.1,0,3035.38,28.4,0
"2026-03-16 15:15:00",487,802,"Chapada_Low",11.84,2664.49,31.3,0,2487.76,25.9,5,2594.82,25.9,0,2952.57,25,0,3567.98,25.1,8,2729.43,25.6,1,2430.7,25.8,0,2425.13,27,0,3036.29,26.9,0
"2026-03-16 15:30:00",488,802,"Chapada_Low",11.84,2663.67,30.6,0,2488.61,24.9,0,2597.12,25.1,0,2959.6,24.2,0,3571.72,24.3,3,2733.61,24.6,0,2433.3,24.8,0,2428.78,25.9,0,3037.12,25.6,2
"2026-03-16 15:45:00",489,802,"Chapada_Low",11.84,2664.07,30.1,5,2490.51,24.2,0,2597.21,24.4,0,2961.56,23.6,0,3573.93,23.7,4,2735.67,23.8,2,2435.23,24,0,2430.14,25,0,3041.16,24.7,0
"2026-03-16 16:00:00",490,802,"Chapada_Low",11.84,2664.94,29.7,0,2490.87,23.8,14,2596.96,23.9,0,2964.14,23.1,0,3575.03,23.3,13,2737.05,23.3,3,2436.28,23.5,0,2432.05,24.4,0,3042.32,24.1,0
"2026-03-16 16:15:00",491,802,"Chapada_Low",11.84,2665.4,29.2,0,2491.45,23.5,0,2596.81,23.7,0,2966.21,22.9,0,3577.88,23.1,6,2739.02,23,0,2437.63,23.1,6,2432.88,24.1,0,3043.55,23.8,0
"2026-03-16 16:30:00",492,802,"Chapada_Low",11.84,2665.74,28.9,0,2492.73,23.3,0,2597.55,23.5,0,2968.03,22.7,0,3578.74,22.9,8,2739.56,22.8,5,2436.91,22.9,2,2433.6,23.9,1,3043.77,23.5,0
"2026-03-16 16:45:00",493,802,"Chapada_Low",11.84,2665.76,28.9,3,2491.89,23.1,0,2597.73,23.3,0,2969.47,22.5,0,3579.87,22.8,5,2740.45,22.6,3,2438.59,22.7,0,2434.25,23.7,0,3044.65,23.3,3
"2026-03-16 17:00:00",494,802,"Chapada_Low",11.84,2668.26,28.8,0,2497.19,23.1,0,2600.67,23.2,0,2977.41,22.4,0,3581.64,22.6,5,2743.68,22.4,2,2440.96,22.4,0,2437.21,23.5,0,3047.69,23.1,0
"2026-03-16 17:15:00",495,802,"Chapada_Low",11.84,2673.05,28.4,0,2503.86,22.9,0,2603.05,23,6,2991.07,22.2,0,3588.8,22.3,11,2751.58,22.2,0,2445.73,22.2,0,2448.46,23.3,0,3048.28,22.9,0
"2026-03-16 17:30:00",496,802,"Chapada_Low",11.84,2677.29,28.6,0,2509.4,22.8,0,2605.45,22.9,0,3000.82,22.1,0,3592.23,22.3,9,2767.78,22.1,0,2449.79,22.1,0,2456,23.2,0,3050.61,22.8,0
"2026-03-16 17:45:00",497,802,"Chapada_Low",11.84,2680.64,28.7,0,2510.81,22.8,5,2606.18,22.9,0,3004.81,22.2,0,3593.2,22.3,4,2780.18,22.2,3,2451.27,22.2,0,2462.05,23.2,0,3053.85,22.8,2
"2026-03-16 18:00:00",498,802,"Chapada_Low",11.84,2681.32,29,0,2510.31,22.8,0,2606.35,22.9,0,3004.85,22.2,0,3592.63,22.4,6,2779.57,22.2,0,2453.49,22.2,0,2467.77,23.2,0,3054,22.9,0
"2026-03-16 18:15:00",499,802,"Chapada_Low",11.81,2681.4,29,0,2511.49,22.7,12,2605.98,22.8,0,3004.48,22.2,0,3592.92,22.4,6,2777.63,22.2,4,2453.83,22.1,0,2468.22,23.1,0,3052.61,22.8,4
"2026-03-16 18:30:00",500,802,"Chapada_Low",11.83,2681.11,29,0,2511.3,22.7,0,2605.53,22.8,0,3004.12,22.1,1,3592.56,22.3,0,2775.97,22.1,4,2453.54,22,0,2466.31,23.1,0,3054.67,22.7,0
"2026-03-16 18:45:00",501,802,"Chapada_Low",11.84,2682.14,28.9,10,2511.61,22.6,0,2605.49,22.7,0,3004.83,22.1,0,3593.53,22.3,9,2774.34,22.1,5,2452.38,22,0,2467.25,22.9,0,3053.04,22.6,0
"2026-03-16 19:00:00",502,802,"Chapada_Low",11.84,2681.38,29,0,2512.63,22.6,0,2606.05,22.7,0,3005.37,22,0,3592.79,22.2,7,2774.38,22,0,2453.71,21.9,0,2466.96,22.8,0,3053.34,22.5,0
"2026-03-16 19:15:00",503,802,"Chapada_Low",11.84,2681.6,29.1,0,2511.87,22.5,0,2605.76,22.5,0,3007.41,21.8,0,3593.04,22.1,0,2772.7,21.9,2,2452.25,21.8,0,2469.38,22.7,0,3055.66,22.3,1
"2026-03-16 19:30:00",504,802,"Chapada_Low",11.85,2681.55,28.8,5,2510.75,22.4,0,2605.41,22.5,0,3007.08,21.7,0,3593.6,21.9,5,2772.33,21.8,1,2451.99,21.7,0,2468.43,22.6,0,3053.97,22.2,0
"2026-03-16 19:45:00",505,802,"Chapada_Low",11.84,2681.48,28.6,0,2509.89,22.4,0,2605.5,22.4,0,3006.68,21.7,0,3593.43,21.9,8,2772,21.6,3,2453.4,21.6,0,2466.04,22.6,0,3056.25,22.1,0
"2026-03-16 20:00:00",506,802,"Chapada_Low",11.84,2681.86,28.4,0,2512.43,22.3,9,2605.84,22.3,11,3008.72,21.7,0,3594.18,21.9,0,2772.03,21.6,0,2453.69,21.6,0,2465.99,22.5,0,3054.89,22.1,1
"2026-03-16 20:15:00",507,802,"Chapada_Low",11.84,2681.59,28.5,1,2512.84,22.2,0,2607.27,22.3,3,3011.57,21.6,0,3595.03,21.9,11,2776.27,21.6,0,2454.43,21.5,0,2467.43,22.4,0,3057.56,22.1,0
"2026-03-16 20:30:00",508,802,"Chapada_Low",11.84,2682.93,28.9,0,2515.73,22.2,0,2607.25,22.3,0,3016.38,21.6,0,3595.69,21.9,5,2783.71,21.6,0,2454.99,21.5,0,2472.18,22.4,0,3056.03,22,3
"2026-03-16 20:45:00",509,802,"Chapada_Low",11.85,2684.58,28.7,0,2517.36,22.2,0,2608.22,22.2,0,3018.4,21.6,0,3596.26,21.8,3,2788.29,21.5,2,2456.53,21.5,0,2472.42,22.4,0,3057.17,22,0
"2026-03-16 21:00:00",510,802,"Chapada_Low",11.85,2685.69,28.5,0,2517.22,22.1,0,2608.45,22.1,0,3019.12,21.5,0,3597.99,21.7,0,2789.68,21.4,6,2455.36,21.4,0,2474.35,22.3,0,3059.49,21.9,0
"2026-03-16 21:15:00",511,802,"Chapada_Low",11.84,2686.57,28.4,0,2518.23,22,0,2607.67,22.1,0,3019.69,21.5,0,3598.41,21.7,1,2787.78,21.4,0,2455.71,21.4,0,2477.55,22.3,0,3060.23,21.9,0
"2026-03-16 21:30:00",512,802,"Chapada_Low",11.85,2686.05,28.3,0,2517.32,22,0,2607.72,22.1,0,3018.94,21.4,0,3599.14,21.6,2,2786.77,21.4,5,2455.86,21.4,0,2475.22,22.3,0,3059.43,21.8,0
"2026-03-16 21:45:00",513,802,"Chapada_Low",11.84,2686.02,28.3,0,2517.66,22,1,2608.04,22,0,3015.82,21.4,0,3598.43,21.6,3,2786.03,21.3,5,2457.14,21.3,0,2475.83,22.2,0,3059.61,21.8,0
"2026-03-16 22:00:00",514,802,"Chapada_Low",11.84,2686.16,28.2,0,2516.9,21.9,0,2607.57,22,0,3015.98,21.4,0,3598.71,21.6,10,2784.43,21.3,3,2455.68,21.2,14,2477.58,22.1,0,3057.86,21.7,0
"2026-03-16 22:15:00",515,802,"Chapada_Low",11.85,2685.64,28.3,7,2517,21.9,0,2607.48,21.9,0,3015.84,21.3,0,3598.09,21.5,14,2782.06,21.3,0,2455.65,21.2,7,2475.13,22.1,0,3059.96,21.7,0
"2026-03-16 22:30:00",516,802,"Chapada_Low",11.84,2684.53,29,0,2515.83,21.9,0,2607.27,21.9,0,3015.17,21.3,1,3597.84,21.5,2,2781.67,21.2,0,2455.51,21.1,2,2473.58,22.1,0,3058.28,21.6,0
"2026-03-16 22:45:00",517,802,"Chapada_Low",11.84,2684.07,29.2,0,2509.33,21.9,0,2607.06,21.9,0,3014.31,21.2,0,3598.43,21.4,5,2781.15,21.2,0,2455.72,21.1,0,2475.9,22.1,0,3058.58,21.6,2
"2026-03-16 23:00:00",518,802,"Chapada_Low",11.84,2684.16,29.2,0,2508.32,21.9,0,2607.51,21.8,3,3013.8,21.2,0,3597.56,21.4,5,2780.07,21.1,4,2455.05,21.1,0,2474.86,22,3,3058.16,21.6,0
"2026-03-16 23:15:00",519,802,"Chapada_Low",11.84,2684.34,29.1,0,2509.27,21.8,0,2607.54,21.8,0,3013.17,21.1,0,3597.83,21.3,3,2780.84,21.1,3,2456.28,21.1,0,2474.44,21.9,0,3061.15,21.5,0
"2026-03-16 23:30:00",520,802,"Chapada_Low",11.84,2684.4,29.2,0,2509.05,21.8,2,2606.95,21.8,0,3013.01,21.2,0,3597.35,21.4,4,2778.91,21,0,2454.39,21.1,0,2473.55,21.9,0,3060.51,21.5,1
"2026-03-16 23:45:00",521,802,"Chapada_Low",11.84,2683.95,29.2,0,2508.82,21.7,0,2606.89,21.8,1,3012.44,21.1,0,3597.32,21.3,8,2777.32,21,15,2454.17,21,0,2473.17,21.9,0,3059.06,21.5,0
"2026-03-17 00:00:00",522,802,"Chapada_Low",11.84,2684.23,29.1,0,2508.15,21.8,0,2607.18,21.8,0,3010.95,21.1,0,3596.19,21.3,9,2776.83,21,7,2453.96,21,0,2472.87,21.8,0,3058.77,21.5,0
"2026-03-17 00:15:00",523,802,"Chapada_Low",11.85,2683.04,29.3,0,2509.32,21.8,0,2606.92,21.8,0,3011.23,21.1,0,3596.13,21.3,0,2777.03,21.1,12,2454.59,21.1,0,2469.41,21.8,1,3058.65,21.5,0
"2026-03-17 00:30:00",524,802,"Chapada_Low",11.84,2683.9,29.1,0,2492.23,21.8,0,2607.01,21.8,11,3011.13,21.2,0,3596,21.3,6,2775.61,21.1,1,2454.01,21.1,0,2471.25,21.9,0,3059.24,21.5,0
"2026-03-17 00:45:00",525,802,"Chapada_Low",11.85,2683.59,29.1,0,2837.46,21.8,7,2606.99,21.8,0,3010,21.2,0,3596.21,21.3,5,2774.77,21.1,0,2454.1,21.1,0,2468.32,21.9,2,3061.04,21.5,0
"2026-03-17 01:00:00",526,802,"Chapada_Low",11.84,2683.92,28.9,0,2888.57,21.8,0,2607.04,21.8,4,3010.44,21.1,0,3596.2,21.3,0,2774.9,21.1,5,2453.43,21.1,0,2470.47,21.9,0,3058.97,21.5,0
"2026-03-17 01:15:00",527,802,"Chapada_Low",11.84,2682.5,29.4,1,2922.41,21.8,0,2606.86,21.8,0,3009.44,21.2,0,3596.14,21.3,4,2774.64,21.1,7,2453.18,21.1,0,2467.82,21.9,0,3061.05,21.5,0
"2026-03-17 01:30:00",528,802,"Chapada_Low",11.84,2682.88,29.3,4,2939.95,21.9,0,2607.13,21.9,14,3009.01,21.2,0,3596.53,21.4,9,2773.89,21.1,1,2453.43,21.2,0,2469.5,21.9,0,3060.99,21.5,0
"2026-03-17 01:45:00",529,802,"Chapada_Low",11.84,2683.49,29.1,0,2926.73,21.9,0,2607.06,21.9,0,3009.09,21.2,0,3596.1,21.3,12,2774.21,21.2,15,2453.55,21.2,0,2466.7,21.9,0,3061.21,21.6,0
"2026-03-17 02:00:00",530,802,"Chapada_Low",11.84,2683.29,29,0,2930.24,21.9,0,2606.83,21.9,4,3008.43,21.2,0,3595.48,21.4,6,2772.77,21.2,0,2453.32,21.2,0,2466.37,21.9,0,3058.86,21.6,0
"2026-03-17 02:15:00",531,802,"Chapada_Low",11.84,2683.18,28.6,0,2532.5,21.9,0,2606.7,21.9,0,3008.28,21.2,0,3595.84,21.4,8,2772.65,21.2,0,2453.08,21.2,0,2468.43,21.9,0,3058.4,21.6,0
"2026-03-17 02:30:00",532,802,"Chapada_Low",11.84,2683.06,28.5,0,2533.09,21.9,0,2606.53,21.9,0,3008.03,21.2,0,3595.84,21.4,10,2773.37,21.2,9,2452.89,21.2,0,2468.53,21.9,0,3061.17,21.6,0
"2026-03-17 02:45:00",533,802,"Chapada_Low",11.84,2683.57,28.2,3,2532.91,21.9,0,2607.04,21.8,0,3008.05,21.2,0,3595.95,21.4,15,2773.2,21.2,18,2454.07,21.2,0,2468.36,21.9,0,3060.91,21.5,0
"2026-03-17 03:00:00",534,802,"Chapada_Low",11.84,2683.56,28.2,0,2532.23,21.9,0,2607.13,21.9,0,3006.92,21.2,0,3596.29,21.4,7,2771.89,21.2,7,2452.92,21.2,0,2467.65,21.9,0,3058.98,21.5,6
"2026-03-17 03:15:00",535,802,"Chapada_Low",11.83,2683.8,28.5,0,2533.26,21.9,0,2606.83,21.9,0,3006.45,21.2,0,3595.53,21.3,7,2771.73,21.2,4,2452.32,21.2,0,2468.16,21.9,0,3058.82,21.5,0
"2026-03-17 03:30:00",536,802,"Chapada_Low",11.83,2683.32,28.6,0,2532.93,21.9,0,2606.35,21.8,0,3005.68,21.2,0,3595.67,21.3,13,2771.8,21.1,5,2452.92,21.2,0,2467.16,21.9,0,3058.98,21.5,0
"2026-03-17 03:45:00",537,802,"Chapada_Low",11.84,2683.22,28.9,5,2533.15,21.8,3,2606.5,21.8,0,3005.78,21.2,0,3595.68,21.2,2,2774.33,21.1,5,2452.1,21.1,0,2467.07,21.8,0,3060.98,21.5,0
"2026-03-17 04:00:00",538,802,"Chapada_Low",11.84,2682.63,28.6,5,2532.52,21.8,1,2606.6,21.8,0,3005.3,21.1,0,3596.37,21.2,9,2773.45,21.1,1,2452.18,21.1,0,2464.42,21.8,3,3059.53,21.4,0
"2026-03-17 04:15:00",539,802,"Chapada_Low",11.85,2683.29,28.4,0,2513.45,21.8,0,2606.83,21.8,0,3004.66,21.1,0,3596.08,21.2,3,2773.06,21.1,0,2452.15,21.1,0,2466.3,21.8,2,3061.52,21.4,0
"2026-03-17 04:30:00",540,802,"Chapada_Low",11.85,2682.88,28.6,0,2514.94,21.8,0,2606.71,21.7,0,3004.02,21.1,0,3595.77,21.3,2,2772.5,21.1,3,2451.9,21.2,0,2463.29,21.8,0,3061.07,21.4,0
"2026-03-17 04:45:00",541,802,"Chapada_Low",11.85,2683.31,28.5,0,2515.48,21.8,0,2606.71,21.7,0,3003.43,21.1,0,3596.27,21.3,7,2772.91,21.1,8,2453.43,21.1,0,2465.66,21.7,0,3061.45,21.4,0
"2026-03-17 05:00:00",542,802,"Chapada_Low",11.85,2682.91,28.7,5,2514.27,21.8,0,2606.64,21.7,0,3002.55,21.1,0,3596.15,21.2,6,2771.28,21.1,5,2452.14,21.1,0,2463.66,21.7,0,3059.35,21.4,0
"2026-03-17 05:15:00",543,802,"Chapada_Low",11.85,2682.82,28.5,0,2513.36,21.8,0,2606.69,21.7,0,3002.6,21.1,0,3596.65,21.2,2,2771.32,21,2,2452.87,21.1,0,2462.9,21.7,0,3061.58,21.4,1
"2026-03-17 05:30:00",544,802,"Chapada_Low",11.85,2682.28,28.4,0,2512.77,21.7,0,2606.68,21.7,0,3001.85,21.1,0,3595.64,21.2,6,2771.1,21,0,2452.33,21.1,0,2464.77,21.7,0,3059.44,21.4,0
"2026-03-17 05:45:00",545,802,"Chapada_Low",11.85,2682.3,28.3,0,2513.07,21.7,0,2606.6,21.7,10,3002.74,21.1,0,3596.25,21.2,5,2770.7,21,7,2451.85,21,10,2462.23,21.7,0,3061.65,21.3,0
"2026-03-17 06:00:00",546,802,"Chapada_Low",11.85,2682.57,28.1,0,2515.78,21.7,0,2606.05,21.6,0,3002.59,21,0,3595.94,21.2,0,2770.76,20.9,4,2451.51,21,0,2462.12,21.6,0,3061.59,21.2,0
"2026-03-17 06:15:00",547,802,"Chapada_Low",11.85,2684.63,27.9,0,2513.88,21.5,0,2606.54,21.5,0,3002.07,20.8,1,3596.08,20.9,10,2770.73,20.7,3,2451.85,20.8,0,2461.48,21.4,0,3059.08,21,0
"2026-03-17 06:30:00",548,802,"Chapada_Low",11.85,2682.46,27.9,0,2514.16,21.4,3,2606.47,21.3,0,3003.12,20.7,0,3596.59,20.9,5,2770.97,20.6,0,2451.55,20.6,0,2461.39,21.3,18,3061.96,20.9,0
"2026-03-17 06:45:00",549,802,"Chapada_Low",11.85,2682.25,27.9,0,2514.09,21.3,0,2606.08,21.2,0,3002.35,20.5,0,3596.93,20.6,3,2770.43,20.4,7,2452.4,20.4,0,2460.76,21.2,0,3060.43,20.7,3
"2026-03-17 07:00:00",550,802,"Chapada_Low",11.85,2683.7,27.8,0,2513.61,21.1,0,2605.83,21.1,0,3001.83,20.4,0,3597.73,20.5,5,2771.41,20.2,2,2452.24,20.3,0,2463.03,21.1,0,3060.17,20.7,0
"2026-03-17 07:15:00",551,802,"Chapada_Low",11.85,2683.68,27.7,0,2515.4,21.1,0,2606.23,21.1,13,3002.11,20.4,0,3598.18,20.6,10,2770.21,20.2,3,2451.83,20.2,0,2462.88,21,0,3060.14,20.7,0
"2026-03-17 07:30:00",552,802,"Chapada_Low",11.85,2683.46,27.7,0,2515.3,21.1,0,2606.11,21.2,0,3001.82,20.4,0,3597.61,20.7,6,2770.57,20.3,0,2451.84,20.3,0,2463.63,21.1,0,3062.63,20.8,2
"2026-03-17 07:45:00",553,802,"Chapada_Low",11.85,2681.3,27.9,9,2515.14,21.2,0,2606.26,21.3,16,3001.77,20.6,0,3597.28,20.8,6,2770.09,20.5,4,2451.78,20.5,0,2462.65,21.2,5,3059.41,20.9,0
"2026-03-17 08:00:00",554,802,"Chapada_Low",11.85,2682.09,28,0,2505.95,21.4,0,2606.51,21.5,1,3000.61,20.8,0,3596.78,21,4,2769.88,20.7,2,2451.94,20.8,0,2460.68,21.4,1,3059.49,21.1,0
"2026-03-17 08:15:00",555,802,"Chapada_Low",11.84,2681.72,28.2,0,2506.41,21.7,0,2606.18,21.8,10,2999.34,21,0,3596.36,21.2,7,2769.75,21,2,2452.16,21.1,0,2460.21,21.7,0,3060.38,21.5,0
"2026-03-17 08:30:00",556,802,"Chapada_Low",11.85,2683.05,28.4,0,2505.75,22,0,2605.82,22.1,0,2996.3,21.5,0,3595.38,21.6,8,2769.48,21.5,0,2451.32,21.7,2,2463.07,22.2,0,3060.31,21.9,0
"2026-03-17 08:45:00",557,802,"Chapada_Low",11.85,2682.45,28.6,1,2505.56,22.4,0,2605.66,22.3,0,2994.23,21.6,0,3594.18,22,7,2769.71,22,0,2450.37,22.1,0,2461.69,22.6,8,3057.49,22.3,0
"2026-03-17 09:00:00",558,802,"Chapada_Low",11.85,2682.69,28.9,0,2505.03,23,0,2605.67,22.8,0,2993.05,21.8,0,3593.13,22.5,7,2768.53,23,4,2448.99,23.2,0,2460.17,23.3,3,3055.59,23.1,0
"2026-03-17 09:15:00",559,802,"Chapada_Low",11.85,2682.01,29.8,0,2504.38,23.8,0,2605.42,23.6,4,2988.07,22.2,0,3591.22,23.6,6,2764.99,24,0,2446.25,24.5,0,2459.24,24.5,2,3054.09,24.1,0
"2026-03-17 09:30:00",560,802,"Chapada_Low",11.85,2681.45,30.4,0,2503.49,24.5,1,2605.35,24.1,9,2985.4,22.7,0,3588.45,24.2,4,2762.31,24.6,9,2444.54,24.8,0,2456.5,25.4,0,3052.98,25.7,0
"2026-03-17 09:45:00",561,802,"Chapada_Low",11.85,2680.71,31.2,0,2504.54,25.2,0,2604.56,24.6,0,2982.39,23.2,0,3585.55,24.9,7,2757.64,25.2,14,2443.88,25.5,0,2453.03,26.1,1,3051.44,25.8,0
"2026-03-17 10:00:00",562,802,"Chapada_Low",11.82,2679.61,31.7,0,2502.47,26.3,0,2606.65,25.2,0,2978.51,23.9,0,3582.23,25.5,9,2754.27,25.8,4,2442.25,26.1,0,2450.85,27,0,3049.82,26.4,0
"2026-03-17 10:15:00",563,802,"Chapada_Low",11.85,2678.51,32.5,0,2501.22,27,0,2604,26.1,0,2973.09,25.3,0,3578.66,26,5,2750.21,26.4,4,2439.15,26.8,0,2447.5,28.1,4,3045.02,27.2,0
"2026-03-17 10:30:00",564,802,"Chapada_Low",11.85,2676.86,33,0,2499.14,27.8,0,2603.45,26.2,0,2967.57,25.9,9,3574.74,27.2,0,2746.73,27,0,2436.95,27.3,0,2443.84,29.2,0,3044.68,28,5
"2026-03-17 10:45:00",565,802,"Chapada_Low",11.85,2675.84,33.3,0,2497.98,28.4,0,2603,26.6,0,2963.79,25.6,0,3572.21,27,6,2743.85,27.4,0,2435.29,27.7,0,2438.85,30.1,0,3042.75,28.7,0
"2026-03-17 11:00:00",566,802,"Chapada_Low",11.86,2674.22,33,0,2496.47,28.1,0,2605.32,26.4,0,2962.33,25.4,0,3571,26.6,4,2740.84,27.1,0,2434.36,27.4,2,2435.21,30,0,3042.93,28.3,0
"2026-03-17 11:15:00",567,802,"Chapada_Low",11.87,2673.3,33.4,0,2495.31,28.7,0,2604.08,26.9,0,2957.34,25.8,0,3568.76,26.9,0,2736.83,27.8,0,2433.17,27.9,0,2431.21,31.2,0,3040.45,29.1,0
"2026-03-17 11:30:00",568,802,"Chapada_Low",11.87,2673.3,33.4,0,2495.31,28.7,0,2604.08,26.9,0,2957.34,25.8,0,3568.76,26.9,0,2736.83,27.8,0,2433.17,27.9,0,2431.21,31.2,0,3040.45,29.1,0
"2026-03-17 11:45:00",569,802,"Chapada_Low",11.88,2669.65,32.9,0,2492.61,29.5,0,2603.06,28.6,0,2949.8,27.3,0,3564.44,27.7,3,2730.9,29.1,0,2429.52,29.1,0,2426,32.9,0,3032.89,31.7,2
"2026-03-17 12:00:00",570,802,"Chapada_Low",11.85,2668.23,34.8,0,2489.63,29.5,4,2600.9,29,1,2945.95,27.6,0,3562.69,28.3,14,2726.55,29.2,12,2427.69,29.2,0,2424.37,33,1,3029.86,32.6,0
"2026-03-17 12:15:00",571,802,"Chapada_Low",11.85,2667.12,34.6,0,2489.36,29.2,2,2599.69,29,0,2943.23,27.6,0,3560.74,28.2,0,2724.76,29.2,5,2428.05,29.1,0,2422.83,32.6,0,3027.83,32.9,0
"2026-03-17 12:30:00",572,802,"Chapada_Low",11.85,2665.35,34.5,6,2488.25,29,0,2600.56,29.1,0,2939.24,27.6,0,3559.33,28.2,0,2722.88,29.3,0,2425.42,29.1,0,2421.21,32.3,2,3026.95,32.8,0
"2026-03-17 12:45:00",573,802,"Chapada_Low",11.85,2664.87,34.3,0,2487,29,0,2598.17,29.3,3,2937.53,27.6,0,3556.86,29,4,2719.85,29.5,1,2425.19,29.3,0,2420.43,32.1,2,3026.84,32.4,0
"2026-03-17 13:00:00",574,802,"Chapada_Low",11.85,2662.87,34.3,7,2484.51,29,0,2597.02,29.5,0,2934.18,27.6,4,3554.61,28.8,4,2717.58,30.1,0,2423.56,29.9,0,2418.67,32,2,3026.11,32.3,0
"2026-03-17 13:15:00",575,802,"Chapada_Low",11.85,2661.99,34.2,0,2482.81,28.8,0,2596.62,29.1,0,2931.86,27.4,0,3555.87,28.5,7,2715.85,29.6,14,2423.96,30,0,2418.42,31.9,0,3028.53,31.6,0
"2026-03-17 13:30:00",576,802,"Chapada_Low",11.85,2661.54,33.8,0,2481.34,28.7,0,2597.84,28.9,3,2929.19,27.3,0,3554.71,28.4,0,2714.39,29.3,4,2422.76,29.3,0,2417.33,31.7,1,3027.71,31.6,0
"2026-03-17 13:45:00",577,802,"Chapada_Low",11.85,2660.29,34.2,0,2481.04,28.6,0,2597.28,28.8,1,2924.96,27.3,0,3554.62,28.4,12,2714.54,29.1,2,2421.47,29.1,0,2416.97,31.2,0,3026.73,31.4,1
"2026-03-17 14:00:00",578,802,"Chapada_Low",11.84,2659.25,34.1,0,2477.82,29.3,0,2594.78,29.2,0,2920.7,27.7,0,3552.22,28.7,12,2712.19,29.4,0,2420.28,29.3,0,2417.56,31.2,0,3023.83,31.7,0
"2026-03-17 14:15:00",579,802,"Chapada_Low",11.84,2658,34.1,0,2476.19,29.4,0,2594.58,30.1,0,2912.55,28.5,0,3551.04,29,4,2709.59,29.5,5,2419.05,29.5,0,2416.53,31.2,0,3022.18,32.3,0
"2026-03-17 14:30:00",580,802,"Chapada_Low",11.83,2656.61,33.9,0,2476.59,28.9,0,2593.43,29.3,0,2907.23,28.4,0,3551.17,28.8,3,2710.29,28.9,4,2420.04,29.1,0,2415.73,30.6,0,3024.77,31.5,0
"2026-03-17 14:45:00",581,802,"Chapada_Low",11.85,2656.56,33.2,2,2474.76,28.1,0,2594.88,28.3,2,2907.72,27.4,0,3553.97,27.9,5,2711.45,28.4,4,2421.02,27.9,0,2416.15,29.6,0,3025.89,30,0
"2026-03-17 15:00:00",582,802,"Chapada_Low",11.85,2655.65,32.7,0,2475.75,27.5,0,2592.36,27.5,0,2908.09,26.6,0,3556.52,27,7,2712.54,27.6,0,2422.59,27.6,0,2416.08,28.9,0,3028.03,28.9,0
"2026-03-17 15:15:00",583,802,"Chapada_Low",11.85,2654.76,32.5,0,2475.19,27.3,1,2593.89,27.3,0,2908.35,26.3,0,3557.4,26.8,9,2713.08,27.3,0,2423.38,27.3,0,2413.3,28.8,0,3028.36,28.6,0
"2026-03-17 15:30:00",584,802,"Chapada_Low",11.84,2654.5,32.6,0,2474.22,27.3,0,2592.44,27.3,0,2908.51,26.2,0,3557.38,26.8,3,2713.58,27.2,0,2423.4,27.2,0,2413.25,28.7,0,3027.68,28.7,0
"2026-03-17 15:45:00",585,802,"Chapada_Low",11.85,2654.57,32.5,0,2465.59,27.1,0,2590.68,27,0,2910.52,25.9,0,3558.95,26.4,9,2713.58,26.8,0,2423.03,26.8,0,2413.17,28.4,0,3028.79,28.1,0
"2026-03-17 16:00:00",586,802,"Chapada_Low",11.84,2654.38,32,0,2466.29,26.9,2,2592.82,26.9,1,2910.68,25.7,0,3560.22,26.2,5,2714.77,26.5,3,2425.02,26.5,0,2413.18,28.1,0,3027.36,27.6,0
"2026-03-17 16:15:00",587,802,"Chapada_Low",11.84,2653.39,32.1,0,2465.35,26.7,0,2592.09,26.7,0,2912.8,25.8,0,3561.11,25.9,4,2715.47,26.2,7,2425.67,26.2,0,2414.28,27.8,0,3030.6,27.3,0
"2026-03-17 16:30:00",588,802,"Chapada_Low",11.84,2652.67,32.1,0,2465.54,26.4,0,2589.89,26.3,0,2913.23,25.4,0,3561.21,26,5,2716.24,25.9,4,2426.19,26,0,2413.75,27.5,0,3030.92,26.8,0
"2026-03-17 16:45:00",589,802,"Chapada_Low",11.84,2653.04,32.1,0,2467.19,26.4,0,2590.15,26.4,25,2912.35,25.4,0,3561.71,25.9,11,2715.94,26.3,3,2425.44,26.3,0,2413.42,27.4,0,3030.74,26.8,0
"2026-03-17 17:00:00",590,802,"Chapada_Low",11.85,2652.6,32.2,0,2466.55,26.5,3,2590.14,26.5,0,2910.97,25.5,0,3560.63,26,4,2716.93,26.2,13,2425.08,26.7,0,2413.37,27.4,0,3031.43,26.8,0
"2026-03-17 17:15:00",591,802,"Chapada_Low",11.85,2651.92,32.3,1,2466.26,26.5,5,2592.44,26.5,0,2909.79,25.6,0,3561.24,26.1,0,2716.61,26.2,0,2424.8,26.7,3,2413.5,27.5,0,3030.95,27.1,0
"2026-03-17 17:30:00",592,802,"Chapada_Low",11.84,2652.4,32.1,0,2466.75,26.3,0,2589.38,26.2,0,2909.96,25.3,0,3561.92,25.8,7,2716.9,25.9,0,2425.05,26.2,0,2413.23,27.2,0,3030.72,26.7,3
"2026-03-17 17:45:00",593,802,"Chapada_Low",11.84,2652.37,32,0,2465.54,26.3,0,2588.96,26.1,0,2911.8,25.2,0,3562.96,25.7,0,2717.85,25.8,0,2425.81,26,0,2415.02,27,0,3031.17,26.5,0
"2026-03-17 18:00:00",594,802,"Chapada_Low",11.84,2652.06,31.8,0,2466.58,26,0,2588.93,26.1,0,2912.48,25,0,3563.12,25.4,0,2718.05,25.6,0,2426.43,25.6,1,2413.85,26.7,0,3031.59,26.1,0
"2026-03-17 18:15:00",595,802,"Chapada_Low",11.84,2652.13,31.4,0,2466.25,25.5,0,2588.94,25.6,0,2912.9,24.7,0,3564.85,24.9,0,2720.12,25,3,2426.43,25,0,2414.19,26.3,0,3029.99,25.5,0
"2026-03-17 18:30:00",596,802,"Chapada_Low",11.84,2652.5,30.8,0,2465.07,25,0,2588.43,25.1,0,2915.29,24.1,0,3565.23,24.6,2,2721.2,24.4,4,2428.26,24.5,0,2415.15,25.7,0,3030.66,25,0
"2026-03-17 18:45:00",597,802,"Chapada_Low",11.84,2652.03,30.4,0,2466.35,24.7,0,2587.97,24.8,3,2916.19,23.8,0,3566.66,24.3,2,2724.79,24,8,2429.3,24,0,2414.36,25.3,0,3031.5,24.5,0
"2026-03-17 19:00:00",598,802,"Chapada_Low",11.84,2651.81,30.1,0,2467.29,24.3,0,2588.12,24.4,2,2916.42,23.4,0,3567.23,23.9,2,2725.05,23.7,0,2430.2,23.7,0,2416.46,24.9,0,3032.68,24.1,0
"2026-03-17 19:15:00",599,802,"Chapada_Low",11.85,2652.14,29.9,4,2466.35,24,0,2588.51,24.1,1,2916.81,23.2,0,3569.26,23.6,1,2726.09,23.3,3,2429.85,23.4,0,2414.64,24.6,0,3033.46,23.8,5
"2026-03-17 19:30:00",600,802,"Chapada_Low",11.84,2652.05,29.6,4,2480.04,23.8,0,2587.7,23.9,0,2914.2,22.9,0,3571.66,23.4,3,2727.27,23.1,0,2430.61,23.1,0,2416.77,24.3,0,3036.16,23.5,2
"2026-03-17 19:45:00",601,802,"Chapada_Low",11.85,2651.9,29.4,0,2471.28,23.6,0,2588.2,23.6,0,2918.85,22.8,0,3572.23,23.3,4,2728.51,22.9,0,2431.05,22.9,0,2416.88,24.1,0,3034.54,23.3,0
"2026-03-17 20:00:00",602,802,"Chapada_Low",11.84,2651.99,29.3,0,2471.64,23.5,2,2587.93,23.6,0,2922.37,22.5,0,3572.57,23,4,2729.27,22.7,3,2431.13,22.7,0,2415.76,23.8,0,3034.77,23.2,1
"2026-03-17 20:15:00",603,802,"Chapada_Low",11.85,2651.9,29.3,0,2470.91,23.4,0,2588.5,23.5,0,2923.05,22.5,0,3573.59,23,2,2729.84,22.6,0,2432.08,22.7,0,2415.83,23.7,0,3035.18,23.2,1
"2026-03-17 20:30:00",604,802,"Chapada_Low",11.84,2651.91,29.2,0,2471.38,23.4,0,2587.88,23.5,0,2924.31,22.5,0,3574.29,23,5,2730.57,22.6,0,2431.44,22.7,0,2417.8,23.7,0,3037.75,23.1,0
"2026-03-17 20:45:00",605,802,"Chapada_Low",11.85,2652.45,29.1,0,2471.29,23.4,0,2587.59,23.5,0,2924.39,22.6,0,3575.13,23,5,2730.88,22.6,0,2431.69,22.7,0,2417.6,23.7,0,3036.26,23.1,0
"2026-03-17 21:00:00",606,802,"Chapada_Low",11.85,2652.05,29.1,0,2471.7,23.3,0,2587.34,23.3,0,2924.42,22.5,0,3574.71,22.9,6,2730.79,22.5,7,2432.6,22.6,0,2418.08,23.6,0,3036.06,23,0
"2026-03-17 21:15:00",607,802,"Chapada_Low",11.85,2652.37,29,0,2469.56,23.1,0,2587.81,23.2,0,2925.61,22.3,0,3576.34,22.8,8,2732.12,22.4,6,2432.82,22.4,0,2417.16,23.4,0,3036.21,22.8,2
"2026-03-17 21:30:00",608,802,"Chapada_Low",11.85,2652.09,29,0,2470.72,23,0,2588.18,23.1,0,2926.74,22.2,0,3575.43,22.7,0,2731.68,22.3,6,2432.71,22.3,0,2417.8,23.3,2,3038.38,22.7,0
"2026-03-17 21:45:00",609,802,"Chapada_Low",11.85,2651.74,28.9,1,2470.31,22.8,0,2588.24,23,1,2927.12,22.1,0,3576.34,22.5,9,2732.36,22.2,4,2431.82,22.2,0,2419.44,23.2,0,3038.93,22.6,0
"2026-03-17 22:00:00",610,802,"Chapada_Low",11.85,2652.28,28.8,0,2470.48,22.8,0,2587.55,22.9,0,2927.18,22,0,3577.25,22.4,4,2732.19,22.1,0,2433.63,22.1,2,2417.26,23,0,3037.28,22.5,0
"2026-03-17 22:15:00",611,802,"Chapada_Low",11.85,2652.41,28.6,0,2468.96,22.8,0,2587.86,22.9,0,2927.83,22,0,3577.6,22.3,5,2732.55,21.9,0,2433.35,22.1,0,2416.46,23,0,3038.1,22.4,0
"2026-03-17 22:30:00",612,802,"Chapada_Low",11.85,2651.5,28.6,0,2468.74,22.7,0,2588.09,22.8,11,2930.93,21.9,0,3578.32,22.3,2,2733.51,21.9,2,2434.62,21.9,0,2418.42,22.9,13,3037.34,22.3,0
"2026-03-17 22:45:00",613,802,"Chapada_Low",11.85,2651.53,28.4,0,2468.26,22.6,7,2588.39,22.7,0,2932.29,21.8,0,3578.52,22.2,19,2734.53,21.8,0,2434.42,21.9,0,2417.52,22.8,0,3039.79,22.2,0
"2026-03-17 23:00:00",614,802,"Chapada_Low",11.85,2652.24,28.3,0,2468.6,22.5,0,2588.4,22.6,0,2932.44,21.7,0,3579.12,22.1,4,2733.83,21.7,0,2434.49,21.8,0,2418.88,22.7,12,3038.03,22.2,0
"2026-03-17 23:15:00",615,802,"Chapada_Low",11.85,2651.9,28.3,0,2472.06,22.4,0,2588.09,22.5,0,2932.68,21.6,0,3577.03,22.1,0,2734.02,21.6,0,2435.21,21.6,0,2417.58,22.6,0,3038.35,22.1,0
"2026-03-17 23:30:00",616,802,"Chapada_Low",11.85,2651.53,28.1,0,2472.48,22.3,0,2588.19,22.3,1,2932.9,21.5,0,3577.51,21.9,3,2733.74,21.5,0,2434.36,21.5,0,2417.74,22.5,0,3038.12,21.9,0
"2026-03-17 23:45:00",617,802,"Chapada_Low",11.85,2651.72,28,0,2471.72,22.2,0,2588.51,22.3,0,2934.05,21.4,0,3577.86,21.8,0,2733.78,21.4,0,2435.77,21.4,0,2417.74,22.4,0,3040.51,21.8,4
"2026-03-18 00:00:00",618,802,"Chapada_Low",11.85,2651.93,27.8,11,2471.51,22.1,0,2588.6,22.2,0,2934.51,21.3,0,3578.36,21.7,4,2733.23,21.3,3,2433.94,21.3,0,2419.41,22.3,0,3040.39,21.8,4
"2026-03-18 00:15:00",619,802,"Chapada_Low",11.85,2652.16,27.8,0,2472.37,22.1,0,2588.61,22.1,0,2935.66,21.3,0,3579.93,21.6,9,2733.9,21.2,4,2434.58,21.2,0,2420.01,22.2,0,3041.1,21.7,0
"2026-03-18 00:30:00",620,802,"Chapada_Low",11.85,2651.39,27.7,9,2471.62,22,0,2589.16,22.1,0,2935.99,21.3,0,3580.18,21.6,6,2734.06,21.2,2,2434.38,21.2,0,2420.31,22.2,0,3040.78,21.7,0
"2026-03-18 00:45:00",621,802,"Chapada_Low",11.85,2651.87,27.7,0,2471.82,22.1,9,2588.3,22.1,0,2936.17,21.3,0,3580.6,21.7,5,2733.81,21.3,0,2436.08,21.3,0,2420.49,22.2,0,3041.02,21.7,0
"2026-03-18 01:00:00",622,802,"Chapada_Low",11.85,2652.47,27.7,1,2472.87,22.1,0,2588.87,22.2,0,2936.73,21.4,0,3579.96,21.7,4,2733.46,21.3,0,2436.04,21.4,0,2420.63,22.2,0,3041.16,21.8,0
"2026-03-18 01:15:00",623,802,"Chapada_Low",11.85,2652.15,27.7,0,2473.42,22.2,0,2589.02,22.2,0,2936.96,21.4,0,3580.65,21.7,0,2733.11,21.4,6,2436.08,21.4,0,2421.12,22.2,0,3039.13,21.8,1
"2026-03-18 01:30:00",624,802,"Chapada_Low",11.85,2653.01,27.7,4,2473.14,22.1,0,2588.66,22.1,0,2937.36,21.4,0,3580.41,21.7,9,2732.55,21.3,4,2435.53,21.4,0,2419.58,22.2,0,3041.57,21.7,0
"2026-03-18 01:45:00",625,802,"Chapada_Low",11.85,2652.47,27.6,1,2472.57,22.1,6,2588.69,22.1,14,2938.05,21.3,0,3581.43,21.6,6,2732.9,21.3,3,2435.38,21.4,0,2419.49,22.2,2,3041.44,21.7,1
"2026-03-18 02:00:00",626,802,"Chapada_Low",11.85,2652.63,27.6,0,2471.78,22,0,2589.1,22,9,2938.89,21.2,0,3581.46,21.5,5,2732.06,21.1,0,2435.45,21.2,0,2419.95,22.1,0,3040.29,21.6,0
"2026-03-18 02:15:00",627,802,"Chapada_Low",11.85,2653.41,27.5,0,2471.45,21.9,0,2589.46,21.9,1,2939.3,21.1,0,3581.08,21.5,6,2730.42,21,3,2435.58,21.1,0,2420.91,22,0,3040.21,21.5,2
"2026-03-18 02:30:00",628,802,"Chapada_Low",11.85,2653.24,27.3,0,2470.83,21.8,0,2589.15,21.9,0,2941.11,21,0,3581.32,21.3,0,2730.18,20.9,2,2436.1,21,0,2421.93,21.8,0,3040.71,21.3,0
"2026-03-18 02:45:00",629,802,"Chapada_Low",11.85,2653.55,27.2,0,2472.92,21.6,0,2589.28,21.7,2,2942.99,20.8,0,3582.03,21.2,0,2733.13,20.8,2,2436.55,20.8,0,2420.43,21.7,0,3040.46,21.2,0
"2026-03-18 03:00:00",630,802,"Chapada_Low",11.85,2653.53,27.1,1,2474.08,21.6,0,2589.53,21.7,0,2944,20.9,0,3582.07,21.2,6,2732.58,20.8,0,2436.14,20.8,0,2420.43,21.7,0,3040.99,21.2,0
"2026-03-18 03:15:00",631,802,"Chapada_Low",11.85,2653.58,27.2,0,2471.51,21.7,0,2588.4,21.7,10,2945.4,20.9,0,3582.31,21.2,0,2732.34,20.9,0,2437.42,20.9,0,2420.43,21.7,0,3041.17,21.3,0
"2026-03-18 03:30:00",632,802,"Chapada_Low",11.85,2652.82,27.1,0,2470.79,21.7,0,2589.36,21.7,0,2945.7,20.9,0,3581.42,21.3,3,2731.82,20.9,0,2436.33,20.9,0,2422.38,21.7,0,3040.69,21.3,0
"2026-03-18 03:45:00",633,802,"Chapada_Low",11.85,2653.3,26.9,0,2472.46,21.6,0,2589.4,21.7,0,2946.64,20.8,0,3582.51,21.1,3,2732.04,20.8,0,2437.16,20.8,0,2421.75,21.7,0,3042.71,21.2,0
"2026-03-18 04:00:00",634,802,"Chapada_Low",11.85,2653.64,27,2,2472.23,21.5,0,2588.93,21.6,0,2946.44,20.7,0,3582.37,21,4,2733.31,20.5,4,2436.69,20.6,0,2420.21,21.5,11,3041.94,21,2
"2026-03-18 04:15:00",635,802,"Chapada_Low",11.85,2653.58,26.9,11,2472.37,21.4,0,2589.56,21.5,2,2953.87,20.6,0,3582.67,21,2,2732.6,20.5,4,2436.78,20.5,0,2421.08,21.4,0,3042.74,21,0
"2026-03-18 04:30:00",636,802,"Chapada_Low",11.85,2653.39,26.7,7,2472.56,21.3,4,2589.12,21.4,7,2954.52,20.5,0,3583.06,20.8,4,2731.06,20.4,6,2437.92,20.4,0,2423.11,21.3,0,3042.47,20.8,0
"2026-03-18 04:45:00",637,802,"Chapada_Low",11.85,2653.73,26.7,7,2472.77,21.2,0,2589.09,21.3,0,2955.55,20.4,0,3583.09,20.8,28,2730.85,20.3,0,2436.71,20.3,0,2422.72,21.2,0,3042.58,20.8,1
"2026-03-18 05:00:00",638,802,"Chapada_Low",11.85,2653.67,26.8,0,2473.88,21.2,0,2589.39,21.3,0,2956.51,20.4,0,3583.77,20.7,6,2730.15,20.3,15,2437.03,20.3,0,2420.46,21.1,0,3045.21,20.7,0
"2026-03-18 05:15:00",639,802,"Chapada_Low",11.85,2653.12,26.7,6,2473.63,21.2,1,2589.19,21.2,0,2954.28,20.4,0,3582.49,20.7,11,2729.13,20.3,5,2437.17,20.4,0,2422.9,21.2,0,3043.3,20.8,11
"2026-03-18 05:30:00",640,802,"Chapada_Low",11.85,2653.43,26.7,0,2473.06,21.2,0,2589.89,21.2,8,2958.91,20.4,13,3583.64,20.7,8,2729.82,20.3,1,2438.35,20.4,0,2422.97,21.2,7,3043.12,20.8,0
"2026-03-18 05:45:00",641,802,"Chapada_Low",11.85,2653.8,26.8,0,2472.69,21.2,0,2589.43,21.3,0,2960.83,20.5,0,3583.65,20.8,7,2728.68,20.4,8,2437.29,20.4,0,2423.1,21.2,12,3043.35,20.8,2
"2026-03-18 06:00:00",642,802,"Chapada_Low",11.85,2653.15,26.9,21,2472.66,21.2,0,2589.51,21.3,0,2959.45,20.6,0,3583.44,20.9,0,2728.87,20.5,0,2437.47,20.5,0,2421.21,21.3,0,3045.05,20.9,0
"2026-03-18 06:15:00",643,802,"Chapada_Low",11.85,2653.83,26.9,0,2474.35,21.3,19,2589.28,21.4,0,2961.74,20.6,3,3583.03,20.9,9,2726.97,20.5,0,2437.52,20.6,0,2423.25,21.3,0,3043.19,21,0
"2026-03-18 06:30:00",644,802,"Chapada_Low",11.85,2653.28,26.9,4,2473.73,21.4,0,2589.72,21.5,6,2961.77,20.7,0,3583.29,21,3,2727.85,20.6,9,2437.46,20.7,0,2421.99,21.4,0,3045.24,21,0
"2026-03-18 06:45:00",645,802,"Chapada_Low",11.85,2653.03,27,0,2474.32,21.4,0,2589.38,21.5,2,2962,20.7,0,3584,21,4,2725.15,20.7,0,2437.16,20.8,0,2421.45,21.4,0,3044.42,21.1,0
"2026-03-18 07:00:00",646,802,"Chapada_Low",11.85,2653.85,27.1,0,2473.47,21.4,0,2589.81,21.5,0,2962.35,20.8,0,3583.46,21.1,0,2726.54,20.7,4,2437.26,20.8,0,2421.46,21.5,1,3042.86,21.1,7
"2026-03-18 07:15:00",647,802,"Chapada_Low",11.85,2653.67,27.2,0,2473.64,21.5,0,2589.61,21.6,2,2961.98,20.9,0,3583.53,21.2,4,2726.43,20.9,16,2437.73,20.9,0,2423.51,21.6,0,3042.97,21.2,0
"2026-03-18 07:30:00",648,802,"Chapada_Low",11.85,2655.86,27.4,0,2474.13,21.7,0,2589.2,21.8,0,2961.46,21.1,15,3582.99,21.4,0,2726.78,21,0,2437.07,21.1,0,2424.13,21.8,0,3042.55,21.5,0
"2026-03-18 07:45:00",649,802,"Chapada_Low",11.85,2653.84,27.8,0,2473.43,22,0,2590.01,22.1,0,2959.46,21.5,0,3582.17,21.6,0,2727.52,21.3,9,2438.16,21.5,0,2423.4,22.1,0,3044.11,21.8,0
"2026-03-18 08:00:00",650,802,"Chapada_Low",11.85,2653.89,28,0,2474.12,22.3,0,2589.48,22.4,0,2958.16,21.7,0,3581.48,21.9,2,2727.47,21.7,0,2437.05,21.9,0,2421.41,22.4,0,3043.37,22.2,0
"2026-03-18 08:15:00",651,802,"Chapada_Low",11.85,"NAN","NAN","NAN",2473.96,22.7,0,2588.9,22.8,0,2953.56,22.1,0,3580.59,22.3,4,2727.19,22.1,0,2437.33,22.4,0,2420.57,23,0,3041.93,23,3
"2026-03-18 08:30:00",652,802,"Chapada_Low",11.85,2654,29,0,2473.35,23.4,0,2589.24,23.4,1,2952.5,22.5,0,3580.27,22.8,8,2725.84,22.6,7,2435.55,23.2,0,2422.06,23.7,3,3038.72,23.6,0
"2026-03-18 08:45:00",653,802,"Chapada_Low",11.85,2653.4,29.1,0,2470.86,23.7,0,2588.41,23.5,0,2951.7,22.6,0,3578.93,22.9,9,2725.11,22.9,0,2433.71,23.2,0,2420.74,23.9,0,3038.18,23.7,0
"2026-03-18 09:00:00",654,802,"Chapada_Low",11.85,2653.19,29.1,0,2469.98,23.8,0,2589.28,23.9,0,2950.63,22.9,0,3577.65,23.1,2,2724.4,23.1,0,2434.63,23.4,0,2421.76,24.1,0,3037.32,23.9,0
"2026-03-18 09:15:00",655,802,"Chapada_Low",11.85,2652.73,29.2,0,2468.47,23.9,0,2588.61,23.9,0,2950.83,23.1,16,3576.51,23.5,1,2723.45,23.3,2,2434.02,23.5,0,2419.36,24.3,0,3037.81,24.1,0
"2026-03-18 09:30:00",656,802,"Chapada_Low",11.85,2652.37,29.3,0,2467.37,24.2,0,2588.75,24.1,0,2950.39,23.2,0,3575.79,23.8,3,2722.47,24.2,3,2433.33,23.9,0,2418.71,24.7,0,3036.04,24.5,0
"2026-03-18 09:45:00",657,802,"Chapada_Low",11.85,2652.13,29.3,0,2466.82,24.2,0,2588.38,24.1,0,2949.58,23.2,0,3575.57,23.6,0,2721.56,24,0,2432.57,24.4,0,2418.48,24.7,0,3035.79,24.5,0
"2026-03-18 10:00:00",658,802,"Chapada_Low",11.85,2651.8,29.6,0,2467.67,24.9,0,2590.6,24.6,3,2948.21,23.6,0,3573.76,24.1,4,2720.27,24.6,7,2430.83,24.9,0,2419.09,25.8,0,3035.93,25.4,4
"2026-03-18 10:15:00",659,802,"Chapada_Low",11.83,2650.81,30.3,0,2467.52,25.5,0,2590.03,25,0,2949.29,24.1,0,3571.38,24.7,6,2716.5,25.2,0,2429.24,25.5,3,2418.74,26.6,0,3033.51,26.5,8
"2026-03-18 10:30:00",660,802,"Chapada_Low",11.83,2650.48,30.5,0,2466.58,25.5,0,2589.82,25.1,0,2948.2,24.2,0,3570.45,24.7,5,2714.43,25.1,0,2430.09,25.4,0,2418.11,26.5,0,3033.67,26.1,0
"2026-03-18 10:45:00",661,802,"Chapada_Low",11.87,2650.51,29.9,0,2466.43,25.1,0,2589.68,24.7,2,2948.7,23.8,0,3571.06,24.2,5,2714.43,24.7,0,2429.98,24.8,0,2418.24,25.9,0,3031.96,25.4,9
"2026-03-18 11:00:00",662,802,"Chapada_Low",11.85,2650.51,29.9,0,2466.43,25.1,0,2589.68,24.7,2,2948.7,23.8,0,3571.06,24.2,5,2714.43,24.7,0,2429.98,24.8,0,2418.24,25.9,0,3031.96,25.4,9
"2026-03-18 11:15:00",663,802,"Chapada_Low",11.84,2649.95,28.4,0,2466.78,24.7,0,2588.87,24.6,0,2948.8,23.7,0,3570.87,24,3,2717.06,24.4,0,2430.02,24.5,0,2418.04,25.4,0,3029.23,25,4
"2026-03-18 11:30:00",664,802,"Chapada_Low",11.84,2649.65,29,0,2466.56,24.3,0,2589.35,24.2,0,2951.04,23.3,0,3572.6,23.7,0,2718.06,23.9,14,2430.92,23.9,0,2415.85,24.9,0,3029.67,24.3,0
"2026-03-18 11:45:00",665,802,"Chapada_Low",11.84,2649.61,28.8,5,2466.44,23.9,0,2586.94,23.9,0,2949.65,23.2,0,3573.67,23.3,0,2717.81,23.5,0,2431.94,23.5,0,2418.2,24.5,0,3030.97,23.9,0
"2026-03-18 12:00:00",666,802,"Chapada_Low",11.84,2657.73,28.1,0,2483.09,23.5,0,2597.14,23.4,10,2981.78,22.7,0,3574.21,23.1,22,2761.08,22.9,0,2438.26,22.9,0,2430.98,24,0,3042.19,23.3,0
"2026-03-18 12:15:00",667,802,"Chapada_Low",11.84,2660.28,28,0,2486.38,23.3,0,2598.4,23.3,0,2980.88,22.6,0,3576.58,23,5,2757.51,22.9,2,2442.02,22.9,0,2436.67,24,0,3043.44,23.4,0
"2026-03-18 12:30:00",668,802,"Chapada_Low",11.84,2662.2,28.1,0,2485.17,23.5,0,2597.01,23.6,0,2981.6,22.8,0,3577.11,23.2,4,2753.38,23.2,2,2443.04,23.3,0,2436.68,24.3,0,3040.77,23.7,0
"2026-03-18 12:45:00",669,802,"Chapada_Low",11.84,2663.61,28.2,0,2484.9,23.6,0,2596.21,23.7,0,2976.4,23,0,3577.18,23.4,11,2749.69,23.3,6,2443.74,23.4,0,2436.82,24.5,0,3039.4,24.1,0
"2026-03-18 13:00:00",670,802,"Chapada_Low",11.83,2664.23,28.7,1,2484.44,23.8,14,2595.98,23.9,3,2967.3,23.2,0,3577.07,23.6,0,2747.57,23.5,15,2443.03,23.6,0,2439.29,24.7,0,3040.38,24.2,0
"2026-03-18 13:15:00",671,802,"Chapada_Low",11.85,2663.89,29,0,2483.34,24.4,0,2597.65,24.3,0,2971.8,23.4,0,3576.47,23.9,9,2745.33,23.9,0,2442.63,23.9,0,2439.96,25,0,3040.45,24.6,0
"2026-03-18 13:30:00",672,802,"Chapada_Low",11.85,2663.55,29.5,0,2482.7,24.8,0,2597.18,25.2,17,2967.12,24.3,0,3574.26,24.5,3,2741.81,24.5,0,2441.12,24.6,0,2437.94,25.7,0,3039.04,25.4,0
"2026-03-18 13:45:00",673,802,"Chapada_Low",11.85,2663.19,30,0,2480.93,25.5,0,2594.77,25.8,7,2963.8,25.4,0,3570.46,26,2,2736.87,25.4,1,2439.43,25.6,0,2436.62,26.5,0,3037.43,26.4,1
"2026-03-18 14:00:00",674,802,"Chapada_Low",11.85,"NAN","NAN","NAN",2481.21,26.2,4,2593.95,26.2,0,2961.61,25.5,0,3566.61,26.7,7,2731.51,27.4,12,2437.19,26.2,0,2432.12,27,0,3034.77,27,0
"2026-03-18 14:15:00",675,802,"Chapada_Low",11.85,"NAN","NAN","NAN",2478.87,26.4,0,2595.75,26.5,0,2957.25,25.6,0,3563.95,26.7,1,2727.97,27,15,2433.3,28.2,0,2430.9,27.2,0,3033.01,27.3,6
"2026-03-18 14:30:00",676,802,"Chapada_Low",11.85,"NAN","NAN","NAN",2477.19,26.1,0,2592.26,26,0,2959.33,24.9,1,3565.27,26.1,6,2726.25,25.9,19,2434.18,26.5,0,2428.92,27.2,0,3032.92,26.6,0
"2026-03-18 14:45:00",677,802,"Chapada_Low",11.84,"NAN","NAN","NAN",2476.31,25.7,0,2592.39,25.7,5,2945.79,24.5,4,3567.83,25.4,6,2727.4,25.3,8,2435.24,25.7,0,2431.01,26.4,0,3033.34,26.3,0
"2026-03-18 15:00:00",678,802,"Chapada_Low",11.85,"NAN","NAN","NAN",2475.98,25.7,0,2592.72,25.7,2,2941.91,24.5,3,3568.39,25.2,6,2727.9,25.1,0,2435.75,25.5,0,2429.6,26.1,0,3033.12,26,0
"2026-03-18 15:15:00",679,802,"Chapada_Low",11.85,"NAN","NAN","NAN",2733.19,25.5,0,2590.81,25.6,0,2940.64,24.3,0,3569.75,24.9,7,2727.47,24.7,0,2422.08,25,0,2366.69,25.8,0,3033.88,25.6,0
"2026-03-18 15:30:00",680,802,"Chapada_Low",11.85,"NAN","NAN","NAN",2733.29,24.7,1,2591.1,24.7,0,2942.29,23.8,0,3571.35,24,5,2728.75,23.7,6,2422.79,23.9,0,2368.93,24.9,0,3033.03,24.6,6
"2026-03-18 15:45:00",681,802,"Chapada_Low",11.85,"NAN","NAN","NAN",2734.98,24.2,0,2590.87,24.2,0,2944.25,23.2,0,3572.48,23.7,6,2727.84,23.3,0,2424.45,23.4,0,2367.62,24.5,0,3034.87,24.1,0
"2026-03-18 16:00:00",682,802,"Chapada_Low",11.85,"NAN","NAN","NAN",2735.73,23.9,0,2591.3,24.1,3,2944.14,23.1,1,3573.87,23.5,19,2729.46,23.3,0,2424.98,23.4,0,2368.81,24.4,0,3034.6,24,0
"2026-03-18 16:15:00",683,802,"Chapada_Low",11.85,"NAN","NAN","NAN",2736.41,23.9,0,2591.33,24,0,2944.6,23.1,0,3574.15,23.4,6,2729.57,23.2,7,2424.83,23.6,0,2369.1,24.5,0,3034.46,24,0
"2026-03-18 16:30:00",684,802,"Chapada_Low",11.85,"NAN","NAN","NAN",2737.62,23.9,0,2590.6,24.1,0,2944.53,23.1,1,3574.38,23.4,3,2729.81,23.2,18,2425.02,23.5,0,2369.18,24.5,0,3035.11,24.2,0
"2026-03-18 16:45:00",685,802,"Chapada_Low",11.85,"NAN","NAN","NAN",2717.27,24,0,2591.32,24.2,0,2943.01,23.2,4,3574.22,23.5,4,2727.92,23.3,0,2424.67,23.7,0,2369.56,24.6,0,3035.16,24.3,0
"2026-03-18 17:00:00",686,802,"Chapada_Low",11.85,"NAN","NAN","NAN",2735.08,24.6,2,2592.16,24.7,0,2942.32,23.8,0,3572.7,24,2,2726.78,23.9,0,2424.5,24.3,0,2366.75,24.8,0,3033.84,24.8,0
"2026-03-18 17:15:00",687,802,"Chapada_Low",11.85,"NAN","NAN","NAN",2740.41,25,0,2593.84,25.4,6,2939.34,24.6,0,3571.83,24.5,10,2725.86,24.5,4,2422.72,25,0,2368.57,25.2,0,3033.92,25.3,0
"2026-03-18 17:30:00",688,802,"Chapada_Low",11.85,"NAN","NAN","NAN",2748.51,25.3,0,2594.05,25.5,20,2936.54,25.1,0,3570.33,25.1,4,2724.56,24.8,0,2421.92,25.3,0,2367.85,25.5,0,3034.58,25.6,0
"2026-03-18 17:45:00",689,802,"Chapada_Low",11.85,"NAN","NAN","NAN",2760.81,25.1,0,2591.16,25.2,0,2936.08,24.7,0,3569.55,24.9,0,2723.74,24.9,1,2422.05,25,3,2365.58,25.4,0,3032.79,25.2,0
"2026-03-18 18:00:00",690,802,"Chapada_Low",11.85,"NAN","NAN","NAN",2773.52,24.8,0,2590.96,24.9,0,2935.97,24.3,0,3570.16,24.5,3,2727.45,24.6,0,2422.11,24.9,0,2365.56,25.3,0,3032.93,25,0
"2026-03-18 18:15:00",691,802,"Chapada_Low",11.85,"NAN","NAN","NAN",2796.92,24.6,0,2591.17,24.7,0,2936.85,24,0,3571.15,24.2,7,2721.28,24.2,0,2422.53,24.5,0,2364.78,25.2,1,3035.73,24.7,2
"2026-03-18 18:30:00",692,802,"Chapada_Low",11.85,"NAN","NAN","NAN",2832.78,24.3,0,2591.01,24.3,2,2937.94,23.5,1,3572.59,23.7,10,2717.43,23.8,0,2423.4,24,0,2365.86,24.8,0,3033.82,24.4,0
"2026-03-18 18:45:00",693,802,"Chapada_Low",11.85,"NAN","NAN","NAN",2469.87,24,0,2590.48,24,7,2938.4,23.2,0,3573.69,23.4,3,2718.54,23.4,3,2422.83,23.6,0,2365.62,24.5,0,3034.97,23.9,0
"2026-03-18 19:00:00",694,802,"Chapada_Low",11.85,"NAN","NAN","NAN",2473.88,23.7,0,2590.76,23.7,17,2939.46,22.9,0,3574.06,23.1,0,2718.27,23.1,0,2423.31,23.2,0,2365.72,24.1,0,3037.17,23.5,0
"2026-03-18 19:15:00",695,802,"Chapada_Low",11.86,"NAN","NAN","NAN",2472.46,23.5,0,2591.21,23.5,13,2939.84,22.7,0,3575.33,22.9,4,2718.75,22.9,0,2423.06,23,0,2366.01,24,0,3037.54,23.3,0
"2026-03-18 19:30:00",696,802,"Chapada_Low",11.85,"NAN","NAN","NAN",2473.35,23.4,0,2591.32,23.4,0,2940.09,22.6,0,3575.31,22.8,2,2720.26,22.7,0,2423.8,22.8,0,2366.09,23.8,8,3038.15,23.1,0
"2026-03-18 19:45:00",697,802,"Chapada_Low",11.85,"NAN","NAN","NAN",2473.6,23.2,0,2591.2,23.2,0,2941.48,22.4,0,3577.43,22.6,6,2722.94,22.4,11,2424.44,22.6,0,2366.16,23.5,0,3038.46,22.9,0
"2026-03-18 20:00:00",698,802,"Chapada_Low",11.85,"NAN","NAN","NAN",2474.52,23.1,2,2591.12,23.1,0,2941.63,22.2,0,3577.5,22.5,2,2719.33,22.3,0,2424.58,22.3,0,2364.32,23.3,0,3039.72,22.7,0
"2026-03-18 20:15:00",699,802,"Chapada_Low",11.85,"NAN","NAN","NAN",2473.39,22.9,0,2590.73,23,20,2942.57,22.1,0,3577.64,22.4,5,2718.84,22.2,5,2423.76,22.2,0,2366.33,23.1,12,3039.66,22.5,2
"2026-03-18 20:30:00",700,802,"Chapada_Low",11.85,"NAN","NAN","NAN",2472.48,22.7,0,2590.91,22.8,8,2945.44,21.9,0,3578.29,22.3,5,2719.92,22,0,2424.63,22,0,2363.88,22.9,0,3040.15,22.3,0
"2026-03-18 20:45:00",701,802,"Chapada_Low",11.85,"NAN","NAN","NAN",2473.34,22.5,0,2590.42,22.6,2,2945.44,21.8,0,3579.08,22.1,0,2721.08,21.8,4,2424.69,21.9,0,2364.47,22.8,0,3038.56,22.2,3
"2026-03-18 21:00:00",702,802,"Chapada_Low",11.85,"NAN","NAN","NAN",2472.62,22.4,0,2590.93,22.5,0,2945.76,21.6,0,3580.12,22,0,2721.58,21.7,0,2426.62,21.7,0,2366.05,22.6,6,3038.85,22.1,0
"2026-03-18 21:15:00",703,802,"Chapada_Low",11.85,"NAN","NAN","NAN",2474.28,22.2,0,2590.62,22.3,11,2942.48,21.5,11,3579.39,21.8,0,2721.29,21.5,1,2426.53,21.5,0,2364.63,22.5,0,3040.79,22,0
"2026-03-18 21:30:00",704,802,"Chapada_Low",11.85,"NAN","NAN","NAN",2473.76,22.2,0,2590.84,22.3,0,2943.29,21.4,0,3581.8,21.7,2,2722.04,21.4,0,2427.01,21.5,0,2366.96,22.3,0,3040.77,21.9,0
"2026-03-18 21:45:00",705,802,"Chapada_Low",11.85,"NAN","NAN","NAN",2473.26,22.1,0,2590.53,22.3,0,2943.89,21.4,0,3581.55,21.7,3,2721.14,21.4,3,2426.21,21.4,0,2366.86,22.3,0,3039.58,21.9,0
"2026-03-18 22:00:00",706,802,"Chapada_Low",11.84,"NAN","NAN","NAN",2472.33,22.1,0,2591.13,22.2,1,2944.8,21.4,0,3582.18,21.7,6,2721.34,21.4,4,2425.12,21.4,0,2366.32,22.3,0,3041.23,21.8,0
"2026-03-18 22:15:00",707,802,"Chapada_Low",11.85,"NAN","NAN","NAN",2473.52,22,0,2590.49,22.2,0,2945.51,21.3,0,3582.17,21.7,9,2721.96,21.3,7,2426.84,21.3,3,2366.53,22.2,4,3042.3,21.7,1
"2026-03-18 22:30:00",708,802,"Chapada_Low",11.85,"NAN","NAN","NAN",2473.13,21.9,0,2591.05,22,0,2946.92,21.2,0,3583.33,21.5,2,2721.58,21.2,3,2425.58,21.2,0,2366.35,22.1,0,3041.58,21.6,0
"2026-03-18 22:45:00",709,802,"Chapada_Low",11.85,"NAN","NAN","NAN",2469.51,21.7,0,2591.54,21.9,0,2948.03,21,0,3583.33,21.4,1,2721.51,21,0,2426.06,21,0,2363.99,22,0,3042.63,21.5,0
"2026-03-18 23:00:00",710,802,"Chapada_Low",11.85,"NAN","NAN","NAN",2469.23,21.6,4,2590.2,21.8,0,2948.74,20.9,0,3583.98,21.3,0,2720.18,20.9,1,2426.72,20.9,0,2366.76,21.9,0,3040.48,21.4,0
"2026-03-18 23:15:00",711,802,"Chapada_Low",11.85,"NAN","NAN","NAN",2470.77,21.6,0,2591.01,21.8,0,2949.62,20.9,0,3583.88,21.2,0,2719.86,20.9,4,2426.23,20.9,0,2364.93,21.8,0,3041.03,21.3,0
"2026-03-18 23:30:00",712,802,"Chapada_Low",11.84,"NAN","NAN","NAN",2469.31,21.6,0,2590.76,21.7,0,2951.52,20.9,0,3583.61,21.2,6,2721.97,20.8,4,2426.8,20.8,0,2364.66,21.7,0,3043.31,21.3,0
"2026-03-18 23:45:00",713,802,"Chapada_Low",11.85,"NAN","NAN","NAN",2469.05,21.6,0,2591.43,21.7,4,2951.62,20.8,0,3583.59,21.2,2,2723.83,20.8,3,2427.12,20.8,0,2367.19,21.7,0,3041.41,21.2,0
"2026-03-19 00:00:00",714,802,"Chapada_Low",11.85,"NAN","NAN","NAN",2469.9,21.5,0,2591.69,21.6,0,2954.79,20.7,0,3583.6,21.1,3,2723.64,20.6,1,2427.08,20.7,0,2367.01,21.6,4,3043.77,21.1,0
"2026-03-19 00:15:00",715,802,"Chapada_Low",11.85,"NAN","NAN","NAN",2469.25,21.3,1,2591.39,21.5,0,2956.81,20.6,0,3585.43,20.9,9,2725.26,20.5,4,2427.12,20.6,0,2366.97,21.5,0,3043.82,21,0
"2026-03-19 00:30:00",716,802,"Chapada_Low",11.85,"NAN","NAN","NAN",2463.5,21.2,8,2591.46,21.4,0,2957.89,20.5,2,3585.51,20.9,3,2725.59,20.4,3,2427.69,20.5,0,2365.27,21.4,0,3044.33,20.9,0
"2026-03-19 00:45:00",717,802,"Chapada_Low",11.86,"NAN","NAN","NAN",2463.46,21.1,5,2591.51,21.2,0,2960.15,20.3,0,3586.15,20.8,11,2724.95,20.3,2,2427.15,20.3,0,2365.67,21.3,2,3044.47,20.8,0
"2026-03-19 01:00:00",718,802,"Chapada_Low",11.86,"NAN","NAN","NAN",2463.48,21,0,2591.62,21.2,0,2961.41,20.2,0,3586.99,20.5,0,2724.59,20.2,0,2427.6,20.2,0,2365.43,21.2,0,3044.7,20.7,0
"2026-03-19 01:15:00",719,802,"Chapada_Low",11.86,"NAN","NAN","NAN",2463.02,21,0,2591.46,21.1,0,2963.18,20.1,0,3587.25,20.5,2,2724.03,20,1,2427.47,20.1,0,2367.32,21,0,3042.82,20.6,0
"2026-03-19 01:30:00",720,802,"Chapada_Low",11.86,"NAN","NAN","NAN",2462.6,20.9,1,2591.48,21,0,2963.7,20.1,0,3587.64,20.5,3,2721.45,20,0,2427.99,20,0,2366.01,21,0,3045.53,20.5,0
"2026-03-19 01:45:00",721,802,"Chapada_Low",11.86,"NAN","NAN","NAN",2462.3,20.8,0,2591.38,20.9,0,2965.22,20,0,3587.03,20.4,4,2721.79,20,3,2428.49,20,0,2365.48,20.9,6,3045.84,20.5,0
"2026-03-19 02:00:00",722,802,"Chapada_Low",11.85,"NAN","NAN","NAN",2462.97,20.7,0,2591.51,20.9,2,2966.49,20,0,3587.34,20.3,0,2721.23,19.9,6,2430.08,19.9,0,2366.33,20.8,0,3043.61,20.4,2
"2026-03-19 02:15:00",723,802,"Chapada_Low",11.85,"NAN","NAN","NAN",2464.31,20.7,0,2591.23,20.8,0,2967.5,19.9,0,3588.32,20.3,5,2722.26,19.8,0,2429.46,19.8,0,2367.49,20.8,0,3046.32,20.3,6
"2026-03-19 02:30:00",724,802,"Chapada_Low",11.85,"NAN","NAN","NAN",2464.72,20.5,0,2592.22,20.7,2,2968,19.8,0,3588.13,20.2,0,2721.9,19.8,6,2430.35,19.8,0,2366.69,20.7,0,3043.67,20.2,0
"2026-03-19 02:45:00",725,802,"Chapada_Low",11.85,"NAN","NAN","NAN",2464.92,20.5,0,2591.93,20.6,0,2968.44,19.7,0,3588.77,20.1,2,2723,19.7,0,2430.22,19.7,0,2366.94,20.6,0,3044.36,20.1,0
"2026-03-19 03:00:00",726,802,"Chapada_Low",11.85,"NAN","NAN","NAN",2463.85,20.4,0,2591.97,20.6,0,2969.48,19.7,0,3589.18,19.9,0,2722.67,19.6,0,2430.53,19.7,0,2366.88,20.6,3,3044.04,20.1,9
"2026-03-19 03:15:00",727,802,"Chapada_Low",11.85,"NAN","NAN","NAN",2463.98,20.4,11,2592.71,20.6,0,2970.26,19.6,0,3589.34,20,2,2722.08,19.5,0,2429.82,19.5,0,2367.19,20.5,0,3044.67,20,0
"2026-03-19 03:30:00",728,802,"Chapada_Low",11.85,"NAN","NAN","NAN",2463.79,20.3,9,2592.26,20.5,0,2970.74,19.6,0,3590.64,19.9,3,2723.32,19.5,2,2431.23,19.5,0,2367.11,20.4,0,3044.38,20,0
"2026-03-19 03:45:00",729,802,"Chapada_Low",11.85,"NAN","NAN","NAN",2463.88,20.3,0,2592.72,20.5,2,2971.24,19.7,0,3590.37,20,4,2725.59,19.5,0,2431.44,19.5,9,2367.46,20.4,1,3046.88,20,0
"2026-03-19 04:00:00",730,802,"Chapada_Low",11.85,"NAN","NAN","NAN",2465.16,20.3,1,2592.5,20.5,11,2971.63,19.7,0,3590.07,20,5,2724.28,19.6,22,2429.9,19.6,0,2367.56,20.4,1,3045.21,20.1,0
"2026-03-19 04:15:00",731,802,"Chapada_Low",11.85,"NAN","NAN","NAN",2464.78,20.3,0,2593.18,20.4,0,2972.71,19.6,0,3589.89,20,3,2726.02,19.5,0,2430.37,19.5,0,2368.13,20.4,11,3045.06,20,0
"2026-03-19 04:30:00",732,802,"Chapada_Low",11.85,"NAN","NAN","NAN",2464.79,20.2,0,2593.33,20.4,17,2973.11,19.6,1,3589.36,20,1,2725.3,19.6,15,2431.19,19.5,0,2368.23,20.4,0,3047.19,20,0
"2026-03-19 04:45:00",733,802,"Chapada_Low",11.85,"NAN","NAN","NAN",2464.08,20.2,0,2592.83,20.4,0,2974.33,19.7,2,3590.18,19.9,3,2730.02,19.6,0,2431.96,19.6,0,2368.71,20.4,0,3044.54,20,0
"2026-03-19 05:00:00",734,802,"Chapada_Low",11.85,"NAN","NAN","NAN",2464.07,20.2,0,2593,20.4,0,2976.38,19.6,0,3590.97,19.9,18,2727.19,19.5,2,2431.13,19.6,0,2368.3,20.4,4,3045.35,20,0
"2026-03-19 05:15:00",735,802,"Chapada_Low",11.85,"NAN","NAN","NAN",2463.5,20.2,0,2593.4,20.4,0,2971.92,19.6,0,3591.48,19.9,4,2731.44,19.5,6,2432.66,19.5,0,2368.84,20.4,0,3045.32,19.9,0
"2026-03-19 05:30:00",736,802,"Chapada_Low",11.86,"NAN","NAN","NAN",2465.43,20.3,2,2593.73,20.4,0,2972.36,19.7,0,3591.13,20,0,2730.93,19.6,9,2430.91,19.6,0,2368.68,20.4,0,3045.26,20,0
"2026-03-19 05:45:00",737,802,"Chapada_Low",11.86,"NAN","NAN","NAN",2465.33,20.3,0,2592.96,20.4,0,2972.75,19.7,0,3590.96,20,4,2725.7,19.6,0,2430.91,19.5,0,2369.17,20.4,0,3047.43,20,7
"2026-03-19 06:00:00",738,802,"Chapada_Low",11.85,"NAN","NAN","NAN",2463.96,20.4,7,2593.06,20.5,0,2971.95,19.8,0,3591.17,20.1,0,2725.72,19.7,5,2430.89,19.7,0,2368.55,20.5,0,3047.24,20.1,0
"2026-03-19 06:15:00",739,802,"Chapada_Low",11.86,"NAN","NAN","NAN",2463.54,20.5,0,2593.27,20.6,0,2972.16,19.9,0,3591.28,20.2,10,2729.12,19.8,0,2430.35,19.8,0,2368.64,20.6,0,3046.85,20.2,0
"2026-03-19 06:30:00",740,802,"Chapada_Low",11.86,"NAN","NAN","NAN",2463.54,20.4,0,2593.38,20.5,0,2972.61,19.9,1,3590.46,20.2,0,2724.43,19.8,0,2431.68,19.8,0,2368.76,20.6,0,3044.62,20.2,0
"2026-03-19 06:45:00",741,802,"Chapada_Low",11.85,"NAN","NAN","NAN",2462.98,20.4,0,2593.25,20.5,0,2973.13,19.9,0,3590.87,20.1,7,2725.2,19.8,0,2431.36,19.8,0,2369.3,20.6,0,3046.98,20.2,0
"2026-03-19 07:00:00",742,802,"Chapada_Low",11.86,"NAN","NAN","NAN",2464.62,20.3,0,2593.1,20.5,5,2973.21,19.8,0,3591.19,20.1,0,2723.87,19.7,0,2430.62,19.7,0,2371.3,20.5,0,3045.34,20.1,0
"2026-03-19 07:15:00",743,802,"Chapada_Low",11.85,"NAN","NAN","NAN",2465.01,20.4,0,2593.5,20.5,0,2973.07,19.9,0,3590.24,20.1,9,2729.26,19.8,0,2430.61,19.7,0,2368.55,20.6,0,3046.53,20.2,0
"2026-03-19 07:30:00",744,802,"Chapada_Low",11.85,"NAN","NAN","NAN",2465.45,20.5,0,2592.84,20.6,16,2973.02,19.9,0,3590.86,20.2,7,2733.36,19.9,0,2431.09,19.9,0,2369.22,20.7,0,3046.79,20.3,6
"2026-03-19 07:45:00",745,802,"Chapada_Low",11.85,"NAN","NAN","NAN",2463.74,20.8,0,2592.72,20.8,0,2971.4,20.2,0,3590.02,20.4,0,2735.73,20.1,2,2430.28,20.2,0,2370.77,20.9,0,3046.96,20.6,0
"2026-03-19 08:00:00",746,802,"Chapada_Low",11.85,"NAN","NAN","NAN",2463.64,21.4,0,2593.2,21.3,0,2971.11,20.8,0,3589.85,20.8,3,2734.37,20.5,0,2429.31,20.7,0,2369.81,21.4,1,3043.27,21.1,0
"2026-03-19 08:15:00",747,802,"Chapada_Low",11.85,"NAN","NAN","NAN",2463.88,21.9,0,2593.16,21.9,0,2968.52,21.2,0,3589.48,21.2,3,2734.05,20.8,4,2430.26,21.4,0,2368.32,22.1,0,3042.2,21.8,0
"2026-03-19 08:30:00",748,802,"Chapada_Low",11.85,"NAN","NAN","NAN",2463.28,22.4,0,2592.96,22.3,0,2966.59,21.2,0,3588.76,21.5,0,2735.35,21.4,4,2429.03,22.1,0,2370.03,22.8,0,3043.19,22.4,6
"2026-03-19 08:45:00",749,802,"Chapada_Low",11.85,"NAN","NAN","NAN",2462.33,22.9,0,2593.43,22.8,0,2964.53,21.3,0,3588.44,21.6,3,2732.21,22.7,3,2427.12,22.8,0,2369.76,23.5,4,3040.13,23,0
"2026-03-19 09:00:00",750,802,"Chapada_Low",11.85,"NAN","NAN","NAN",2463.38,23.5,0,2592.98,23.3,0,2963.37,21.6,0,3585.72,22.5,2,2729.94,23.4,0,2424.41,24.3,0,2367.59,24.3,0,3039.03,23.6,0
"2026-03-19 09:15:00",751,802,"Chapada_Low",11.85,"NAN","NAN","NAN",2461.05,24.1,12,2593.21,23.8,0,2961.89,21.8,0,3582.59,23.5,0,2728.02,24.1,6,2424.23,24.5,1,2368.15,25.3,7,3036.98,24.4,0
"2026-03-19 09:30:00",752,802,"Chapada_Low",11.85,"NAN","NAN","NAN",2461.19,24.8,0,2594.47,24.3,0,2958.58,21.9,0,3578.9,24.3,0,2721.41,24.9,0,2422.13,25,5,2366.82,26.1,0,3036.32,25.5,1
"2026-03-19 09:45:00",753,802,"Chapada_Low",11.84,"NAN","NAN","NAN",2459.37,25.6,0,2594.9,24.7,0,2954.98,22.5,0,3576.05,24.9,0,2718.14,25.5,0,2421.61,25.5,0,2363.08,26.8,0,3035.27,25.8,0
"2026-03-19 10:00:00",754,802,"Chapada_Low",11.84,"NAN","NAN","NAN",2459.16,26.4,7,2594.56,25.8,0,2949.39,23.7,0,3573.15,25.5,0,2706.48,26.2,6,2419.51,26.2,0,2364.11,28,0,3032.75,26.7,0
"2026-03-19 10:15:00",755,802,"Chapada_Low",11.84,"NAN","NAN","NAN",2457.14,26.4,0,2592.07,25.6,6,2945.12,25.1,3,3570.93,25.6,5,2706.18,26.3,0,2418.95,26.2,0,2361.15,28.2,0,3031.77,26.8,1
"2026-03-19 10:30:00",756,802,"Chapada_Low",11.86,"NAN","NAN","NAN",2455.94,25.8,0,2594.18,25.2,1,2944.01,24.2,0,3569.94,25.6,6,2704.65,25.7,5,2418.96,25.6,0,2360.89,27.5,0,3032.35,26.3,0
"2026-03-19 10:45:00",757,802,"Chapada_Low",11.86,"NAN","NAN","NAN",2455.67,25.4,0,2592.95,25,0,2942.45,23.9,0,3571.15,25,3,2704.45,25.6,0,2418.76,25.5,0,2362.35,27,0,3031.9,25.9,0
"2026-03-19 11:00:00",758,802,"Chapada_Low",11.86,"NAN","NAN","NAN",2454.15,25.7,0,2591.19,25.1,1,2943.18,24.1,0,3570.83,25,0,2703.83,25.6,0,2418.35,26.8,0,2360.99,27.2,0,3031.29,26.2,0
"2026-03-19 11:15:00",759,802,"Chapada_Low",11.86,"NAN","NAN","NAN",2454.92,26.5,0,2590.86,25.8,0,2946.87,24.8,0,3567.98,25.6,4,2701.58,26.3,4,2414.13,28.6,0,2360.05,28.4,0,3028.47,27.3,0
"2026-03-19 11:30:00",760,802,"Chapada_Low",11.86,"NAN","NAN","NAN",2453.01,28,0,2590.82,27,3,2939.99,26,0,3564.04,26.7,3,2697.63,27.7,2,2410.36,31.1,0,2359.33,30.6,0,3024.45,29.5,0
"2026-03-19 11:45:00",761,802,"Chapada_Low",11.84,"NAN","NAN","NAN",2450.09,28.5,0,2590.36,27.7,0,2935.42,26.6,0,3562.21,27.2,3,2694.76,28.3,6,2408.5,31.8,0,2358.01,31.6,4,3020.77,30.8,0
"2026-03-19 12:00:00",762,802,"Chapada_Low",11.83,"NAN","NAN","NAN",2447.78,28.6,0,2590.31,28,11,2931.58,26.8,0,3560.02,27.4,5,2691.92,28.5,0,2407,31.9,0,2357.17,31.8,0,3017.35,31.2,0
"2026-03-19 12:15:00",763,802,"Chapada_Low",11.85,"NAN","NAN","NAN",2447.59,28.5,0,2590.35,28.1,0,2929.53,26.9,0,3559.66,27.5,2,2689.73,28.5,0,2406.15,31.8,0,2356.08,31.4,0,3018.26,31.1,0
"2026-03-19 12:30:00",764,802,"Chapada_Low",11.85,"NAN","NAN","NAN",2444.6,28.1,0,2587.1,27.7,11,2928.31,26.7,0,3560.42,27.2,0,2688.57,28.2,6,2407.11,29.8,0,2354.97,30.9,0,3017.73,30.4,0
"2026-03-19 12:45:00",765,802,"Chapada_Low",11.84,"NAN","NAN","NAN",2445.17,27.1,0,2586.92,26.7,0,2926.45,25.7,0,3562.91,26.2,3,2689.64,27,2,2409.14,27.9,0,2355.8,29.7,0,3020.13,28.8,2
"2026-03-19 13:00:00",766,802,"Chapada_Low",11.84,"NAN","NAN","NAN",2444.36,26.4,0,2586.73,26,0,2928.43,25,0,3565,25.5,4,2691.68,26.2,3,2411.68,26.9,0,2355.77,28.4,0,3021.22,27.6,0
"2026-03-19 13:15:00",767,802,"Chapada_Low",11.84,"NAN","NAN","NAN",2444.2,25.9,0,2588.65,25.5,3,2930.57,24.4,0,3565.97,24.9,9,2692.84,25.5,3,2412.34,26.2,0,2357.08,27.5,0,3022.78,26.6,0
"2026-03-19 13:30:00",768,802,"Chapada_Low",11.84,"NAN","NAN","NAN",2443.42,25.6,0,2588.65,25.5,0,2930,24.2,0,3567.41,24.7,7,2694.58,25.2,1,2411.58,25.7,0,2357.17,27,0,3023.74,26.2,1
"2026-03-19 13:45:00",769,802,"Chapada_Low",11.85,"NAN","NAN","NAN",2444.4,24.8,0,2587.33,24.6,0,2935.78,23.6,0,3568.07,24,4,2697.57,24.3,12,2408.11,24.7,0,2358.41,26,0,3023.81,25.2,6
"2026-03-19 14:00:00",770,802,"Chapada_Low",11.84,"NAN","NAN","NAN",2447.44,24.2,0,2589.2,23.9,0,2946.18,23,0,3568.94,23.7,1,2703.06,23.7,17,2411.67,24,0,2361.44,25.3,0,3028.03,24.6,0
"2026-03-19 14:15:00",771,802,"Chapada_Low",11.84,"NAN","NAN","NAN",2450.93,23.9,15,2588.86,23.6,0,2949.21,22.6,0,3568.5,23.3,4,2703.75,23.3,0,2415.17,23.7,0,2360.21,24.9,1,3027.71,24.2,1
"2026-03-19 14:30:00",772,802,"Chapada_Low",11.84,"NAN","NAN","NAN",2451.51,23.6,3,2589.78,23.5,0,2951.55,22.5,0,3570.47,23.1,8,2704.29,23.1,5,2415.65,23.6,0,2363.51,24.6,0,3029.45,24,1
"2026-03-19 14:45:00",773,802,"Chapada_Low",11.85,"NAN","NAN","NAN",2451.41,23.5,3,2590.29,23.4,0,2951.29,22.5,0,3571.29,23,4,2706.06,23,1,2414.95,23.5,0,2363.16,24.4,11,3029.41,24,5
"2026-03-19 15:00:00",774,802,"Chapada_Low",11.84,"NAN","NAN","NAN",2451.33,23.6,14,2590.28,23.4,0,2950.56,22.5,0,3572.21,23,8,2706.99,23,12,2416.84,23.5,0,2363.88,24.3,0,3029.9,23.9,0
"2026-03-19 15:15:00",775,802,"Chapada_Low",11.85,"NAN","NAN","NAN",2452.12,23.6,0,2589.79,23.5,0,2949.79,22.5,0,3572.56,23,6,2708.28,22.9,7,2416.09,23.5,0,2362.69,24.2,4,3032.69,23.8,0
"2026-03-19 15:30:00",776,802,"Chapada_Low",11.85,"NAN","NAN","NAN",2451.49,23.5,0,2589.74,23.5,0,2949.45,22.7,0,3573.52,23,7,2708.63,22.9,0,2423.17,23.4,0,2363.1,24.1,0,3030.19,23.8,0
"2026-03-19 15:45:00",777,802,"Chapada_Low",11.85,"NAN","NAN","NAN",2452.2,23.5,0,2589.54,23.4,0,2949.15,22.7,0,3573.45,23.2,3,2709.3,22.9,0,2422.83,23.5,0,2364.62,24.1,6,3030.23,23.7,0
"2026-03-19 16:00:00",778,802,"Chapada_Low",11.85,"NAN","NAN","NAN",2451.09,23.6,0,2589.89,23.4,0,2950.04,22.7,9,3573.77,23.2,3,2709.74,23.2,2,2423.44,23.5,0,2363.25,24.1,0,3031.23,23.8,0
"2026-03-19 16:15:00",779,802,"Chapada_Low",11.85,"NAN","NAN","NAN",2452.38,23.6,0,2589.73,23.5,0,2948.08,22.8,0,3572.83,23.2,1,2709.9,23.2,0,2423.21,23.8,0,2365.69,24.2,12,3030.9,24,0
"2026-03-19 16:30:00",780,802,"Chapada_Low",11.85,"NAN","NAN","NAN",2451.26,23.8,0,2589.77,23.6,0,2947.88,23,0,3573.44,23.3,3,2711.11,23.3,0,2423.47,23.9,0,2363.73,24.5,0,3032.65,24.3,0
"2026-03-19 16:45:00",781,802,"Chapada_Low",11.85,"NAN","NAN","NAN",2451.36,23.9,0,2589.62,23.9,0,2946.87,23.2,0,3572.54,23.4,2,2709.07,23.4,0,2423.6,24.1,0,2363.41,24.5,0,3032.25,24.5,0
"2026-03-19 17:00:00",782,802,"Chapada_Low",11.85,"NAN","NAN","NAN",2451.18,24.2,0,2589.65,24,0,2946.13,23.3,0,3573.07,23.6,0,2709.28,23.6,0,2422.8,24.2,0,2363.15,24.7,0,3031.66,24.6,0
"2026-03-19 17:15:00",783,802,"Chapada_Low",11.85,"NAN","NAN","NAN",2450.83,24.2,6,2589.52,24.3,0,2945.12,23.3,0,3573,23.6,1,2710.56,23.6,0,2422.66,24.2,0,2363.6,24.6,3,3031.99,24.5,3
"2026-03-19 17:30:00",784,802,"Chapada_Low",11.85,"NAN","NAN","NAN",2452.58,24.1,0,2589.07,24.1,0,2944.68,23.5,0,3573.43,23.5,13,2711.22,23.5,0,2422.89,24.1,0,2363.21,24.4,0,3031.72,24.3,0
"2026-03-19 17:45:00",785,802,"Chapada_Low",11.85,"NAN","NAN","NAN",2451.9,23.9,0,2589.07,23.9,0,2944.39,23.2,0,3573.7,23.4,0,2712.49,23.4,0,2422.96,23.8,0,2363.71,24.3,0,3030.69,24,2
"2026-03-19 18:00:00",786,802,"Chapada_Low",11.85,"NAN","NAN","NAN",2452.39,23.7,0,2589.44,23.7,0,2945.34,23,0,3574.39,23.2,5,2713.68,23.2,0,2423.24,23.7,0,2364.62,24.2,1,3033.23,23.8,12
"2026-03-19 18:15:00",787,802,"Chapada_Low",11.85,"NAN","NAN","NAN",2452.42,23.6,0,2589.7,23.5,0,2944.44,22.7,0,3574.63,22.9,5,2714.73,23,0,2423.71,23.4,3,2363.03,24,0,3031.97,23.5,0
"2026-03-19 18:30:00",788,802,"Chapada_Low",11.85,"NAN","NAN","NAN",2452.21,23.4,0,2588.99,23.4,2,2944.74,22.6,0,3574.61,22.8,2,2714.18,22.8,7,2424.18,23.2,0,2362.83,23.9,0,3034,23.3,0
"2026-03-19 18:45:00",789,802,"Chapada_Low",11.85,"NAN","NAN","NAN",2453.01,23.2,0,2589.2,23.2,0,2943.95,22.4,0,3575.44,22.7,0,2714.56,22.6,3,2424.24,23,0,2363.18,23.6,0,3034.38,23,0
"2026-03-19 19:00:00",790,802,"Chapada_Low",11.85,"NAN","NAN","NAN",2452.56,23,1,2589.03,23,0,2944.37,22.2,0,3575.43,22.5,19,2715.01,22.4,0,2424.62,22.7,0,2362.89,23.4,1,3034.91,22.8,1
"2026-03-19 19:15:00",791,802,"Chapada_Low",11.85,"NAN","NAN","NAN",2452.42,22.8,0,2589.39,22.8,0,2945.4,22,3,3576.69,22.3,0,2715.51,22.2,0,2425.01,22.5,0,2364.56,23.2,0,3035.52,22.5,0
"2026-03-19 19:30:00",792,802,"Chapada_Low",11.85,"NAN","NAN","NAN",2451.69,22.7,0,2589.58,22.7,0,2949.02,21.8,0,3577.88,22.1,2,2715.49,22,17,2425.2,22.2,1,2363.58,22.9,0,3035.93,22.4,0
"2026-03-19 19:45:00",793,802,"Chapada_Low",11.85,"NAN","NAN","NAN",2451.15,22.5,0,2589.12,22.5,10,2949.03,21.6,0,3578.07,21.9,2,2716.46,21.7,0,2424.15,22,9,2365.17,22.8,0,3034.38,22.1,0
"2026-03-19 20:00:00",794,802,"Chapada_Low",11.85,"NAN","NAN","NAN",2452.1,22.3,0,2589.38,22.4,0,2949.22,21.5,0,3578.93,21.8,6,2717.31,21.6,1,2425.33,21.8,0,2362.79,22.6,0,3036.42,22,0
"2026-03-19 20:15:00",795,802,"Chapada_Low",11.85,"NAN","NAN","NAN",2452.12,22.2,0,2589.33,22.3,0,2948.44,21.4,0,3579.13,21.7,1,2717.14,21.5,0,2425.27,21.7,0,2364.68,22.5,0,3036.77,21.9,5
"2026-03-19 20:30:00",796,802,"Chapada_Low",11.85,"NAN","NAN","NAN",2451.95,22,0,2589.22,22.1,0,2949.96,21.3,0,3579.52,21.6,3,2716.99,21.3,0,2425.61,21.5,0,2364.49,22.3,2,3037.13,21.7,0
"2026-03-19 20:45:00",797,802,"Chapada_Low",11.85,"NAN","NAN","NAN",2451.96,21.9,15,2589.39,22,0,2950.79,21.2,0,3579.23,21.5,5,2717.46,21.2,3,2424.64,21.4,0,2363.01,22.2,0,3035.86,21.6,0
"2026-03-19 21:00:00",798,802,"Chapada_Low",11.85,"NAN","NAN","NAN",2451.07,21.9,4,2590.01,21.9,0,2951.07,21.1,0,3579.71,21.4,0,2718.12,21.2,3,2424.59,21.3,0,2364.12,22.2,0,3037.91,21.5,0
"2026-03-19 21:15:00",799,802,"Chapada_Low",11.85,"NAN","NAN","NAN",2451.49,21.8,0,2589.8,21.9,0,2950.86,21,0,3580.75,21.3,0,2718.16,21.1,4,2424.65,21.3,0,2363.2,22.1,0,3038.03,21.5,0
"2026-03-19 21:30:00",800,802,"Chapada_Low",11.85,"NAN","NAN","NAN",2453.11,21.8,0,2589.21,21.9,0,2950.76,21,0,3581.43,21.2,0,2718.57,21,0,2424.52,21.2,0,2365.21,22,0,3036.26,21.4,0
"2026-03-19 21:45:00",801,802,"Chapada_Low",11.85,"NAN","NAN","NAN",2452.57,21.7,0,2589.17,21.8,0,2953,20.9,0,3581.64,21.2,6,2718.83,20.9,0,2425.05,21,0,2362.93,22,0,3036.62,21.3,0
"2026-03-19 22:00:00",802,802,"Chapada_Low",11.85,"NAN","NAN","NAN",2452.29,21.6,0,2589.28,21.7,0,2952.77,20.8,0,3581.33,21.2,4,2718.95,20.8,6,2424.98,21,0,2364.79,21.9,0,3038.53,21.2,0
"2026-03-19 22:15:00",803,802,"Chapada_Low",11.85,"NAN","NAN","NAN",2451.84,21.4,0,2589.67,21.6,0,2953.76,20.7,0,3582.13,21.1,6,2719.81,20.8,3,2424.86,20.9,0,2364.48,21.8,6,3036.9,21.1,0
"2026-03-19 22:30:00",804,802,"Chapada_Low",11.84,"NAN","NAN","NAN",2451.33,21.4,0,2590.12,21.5,0,2954.6,20.6,0,3582.3,21,3,2719.24,20.7,1,2425.42,20.8,0,2365.18,21.7,0,3037.19,21,2
"2026-03-19 22:45:00",805,802,"Chapada_Low",11.85,"NAN","NAN","NAN",2452.36,21.2,0,2589.26,21.4,0,2954.87,20.5,0,3582.68,20.9,10,2719.62,20.6,5,2425.36,20.7,0,2365.12,21.6,0,3037.51,20.9,0
"2026-03-19 23:00:00",806,802,"Chapada_Low",11.84,"NAN","NAN","NAN",2452.03,21.2,0,2590.01,21.3,0,2955.53,20.4,0,3582.46,20.7,5,2719.97,20.4,1,2425.13,20.5,0,2363.02,21.4,0,3037.73,20.8,0
"2026-03-19 23:15:00",807,802,"Chapada_Low",11.84,"NAN","NAN","NAN",2452.81,21.1,0,2590.09,21.2,0,2956.09,20.3,0,3583.3,20.6,5,2720.56,20.4,4,2425.24,20.4,0,2365.12,21.3,0,3038.33,20.7,5
"2026-03-19 23:30:00",808,802,"Chapada_Low",11.84,"NAN","NAN","NAN",2453.21,21,0,2589.36,21.1,0,2956.1,20.2,0,3583.71,20.5,3,2719.84,20.2,10,2425.24,20.3,0,2363.65,21.3,0,3038.4,20.6,0
"2026-03-19 23:45:00",809,802,"Chapada_Low",11.84,"NAN","NAN","NAN",2453.42,20.9,0,2589.44,21,0,2956.14,20.1,0,3583.86,20.5,2,2721.73,20.1,0,2425.71,20.2,0,2364.88,21.2,4,3039.97,20.5,0
"2026-03-20 00:00:00",810,802,"Chapada_Low",11.85,"NAN","NAN","NAN",2453.34,20.9,0,2589.48,21,0,2953.88,20.1,0,3585.11,20.4,1,2724.9,20.1,3,2425.93,20.1,0,2365.37,21.1,0,3040.54,20.5,0
"2026-03-20 00:15:00",811,802,"Chapada_Low",11.84,"NAN","NAN","NAN",2453.64,20.8,0,2589.72,20.9,3,2957.75,20,0,3585.72,20.4,1,2726.52,20,6,2425.63,20.1,0,2363.03,21.1,0,3041.26,20.4,0
"2026-03-20 00:30:00",812,802,"Chapada_Low",11.84,"NAN","NAN","NAN",2453.92,20.8,0,2589.6,20.9,0,2958.41,20,0,3585.83,20.3,1,2725.07,20,0,2426.02,20.1,0,2363.39,21,0,3041.09,20.3,5
"2026-03-20 00:45:00",813,802,"Chapada_Low",11.84,"NAN","NAN","NAN",2453.72,20.7,0,2590.41,20.8,0,2958.38,20,0,3585.51,20.3,0,2724.89,20,3,2425.9,20,0,2362.94,21,0,3038.68,20.3,0
"2026-03-20 01:00:00",814,802,"Chapada_Low",11.83,"NAN","NAN","NAN",2454.91,20.7,0,2589.92,20.8,0,2959.3,19.9,0,3586.3,20.2,1,2727.25,20,3,2426.22,20,11,2363.93,21,0,3041.17,20.3,0
"2026-03-20 01:15:00",815,802,"Chapada_Low",11.85,2651.33,22.1,2,2454.4,20.6,0,2590.36,20.8,0,2959.2,19.9,0,3586.43,20.2,0,2725,19.9,0,2427.4,20,0,2365.9,20.9,0,3039.56,20.3,4
"2026-03-20 01:30:00",816,802,"Chapada_Low",11.85,2649.13,25,0,2455.07,20.6,0,2590.27,20.7,0,2959.32,19.8,0,3586.43,20.1,0,2726.25,19.8,3,2426.5,19.8,0,2363.68,20.8,0,3039.32,20.2,0
"2026-03-20 01:45:00",817,802,"Chapada_Low",11.85,2649.89,25.3,0,2455.25,20.5,0,2590.16,20.7,0,2959.26,19.7,0,3586.94,20.1,0,2725.68,19.7,10,2426.46,19.8,0,2364.04,20.7,10,3039.72,20.1,0
"2026-03-20 02:00:00",818,802,"Chapada_Low",11.85,2649.67,25,0,2454.73,20.5,1,2590.28,20.6,0,2960.13,19.7,0,3586.85,20,6,2725.27,19.6,0,2426.46,19.7,0,2363.58,20.7,0,3040.03,20,0
"2026-03-20 02:15:00",819,802,"Chapada_Low",11.85,2650.9,24.7,0,2454.55,20.4,0,2590.31,20.6,7,2960.31,19.6,0,3587.8,19.9,7,2725.48,19.6,10,2427.43,19.7,0,2363.91,20.6,0,3042.11,19.9,0
"2026-03-20 02:30:00",820,802,"Chapada_Low",11.85,2650.74,24.6,0,2455.8,20.4,0,2590.47,20.5,0,2961.88,19.5,0,3587.49,19.9,0,2726.14,19.5,0,2429.03,19.6,0,2364.38,20.5,0,3040.28,19.9,0
"2026-03-20 02:45:00",821,802,"Chapada_Low",11.84,2651.15,24.3,3,2455.79,20.3,0,2590.93,20.4,0,2962.07,19.5,0,3587.54,19.8,1,2725.18,19.5,6,2429.61,19.5,0,2364.59,20.5,1,3042.93,19.8,0
"2026-03-20 03:00:00",822,802,"Chapada_Low",11.84,2651.4,24.2,0,2456.1,20.2,0,2591,20.3,0,2961.92,19.4,0,3588.04,19.6,0,2725.58,19.4,0,2428.96,19.5,0,2364.9,20.4,0,3042.84,19.8,0
"2026-03-20 03:15:00",823,802,"Chapada_Low",11.84,2651.27,24.2,0,2455.21,20.1,0,2590.57,20.2,0,2962.48,19.4,0,3588.88,19.6,0,2725.4,19.2,0,2430.1,19.3,9,2364.52,20.3,0,3043.35,19.7,0
"2026-03-20 03:30:00",824,802,"Chapada_Low",11.84,2651.48,24.2,0,2456.38,20,0,2591.16,20.2,0,2963.05,19.3,0,3588.94,19.6,4,2727.43,19.2,0,2430.79,19.2,0,2364.42,20.3,2,3042.96,19.7,0
"2026-03-20 03:45:00",825,802,"Chapada_Low",11.84,2649.63,24.1,0,2454.38,20,0,2590.47,20.1,0,2963.49,19.2,0,3589.32,19.6,2,2727.85,19.2,3,2430.64,19.2,0,2364.26,20.2,11,3043.26,19.6,2
"2026-03-20 04:00:00",826,802,"Chapada_Low",11.84,2651.37,24,0,2455.48,20,0,2590.72,20.1,0,2964.3,19.2,0,3589.53,19.6,19,2727.7,19.2,1,2430.49,19.2,6,2364.41,20.2,3,3041.3,19.6,0
"2026-03-20 04:15:00",827,802,"Chapada_Low",11.84,2651.53,24.1,0,2456.42,20.1,0,2590.31,20.2,0,2964.47,19.3,0,3589.52,19.6,0,2726.07,19.3,0,2431.42,19.3,0,2364.89,20.2,0,3041.74,19.7,0
"2026-03-20 04:30:00",828,802,"Chapada_Low",11.84,2651.25,24,3,2455.61,20.1,0,2590.69,20.2,0,2964.02,19.3,0,3589.42,19.6,4,2727.54,19.3,0,2431.45,19.3,0,2364.9,20.2,0,3043.29,19.6,0
"2026-03-20 04:45:00",829,802,"Chapada_Low",11.84,2651.88,24.1,0,2455.36,20,0,2591.3,20.1,3,2964.18,19.2,0,3588.79,19.5,4,2727.87,19.2,0,2432.22,19.3,11,2364.27,20.2,0,3044.04,19.6,0
"2026-03-20 05:00:00",830,802,"Chapada_Low",11.85,2651.32,24,0,2455.97,19.9,0,2591.03,20.1,12,2964.5,19.2,0,3588.54,19.5,1,2727.85,19.1,0,2432.16,19.2,0,2365.37,20.1,0,3041.45,19.6,0
"2026-03-20 05:15:00",831,802,"Chapada_Low",11.85,2652.23,23.9,0,2456.66,19.9,0,2591.15,20,2,2964.94,19.2,0,3589.37,19.4,1,2726.94,19.1,2,2431.43,19.1,0,2364.32,20.1,0,3041.22,19.5,0
"2026-03-20 05:30:00",832,802,"Chapada_Low",11.85,2651.52,23.8,0,2456.09,19.8,0,2591.02,20,1,2964.69,19.2,0,3589.07,19.4,3,2728.64,19.1,17,2431.65,19.1,0,2364.81,20,0,3043.89,19.5,0
"2026-03-20 05:45:00",833,802,"Chapada_Low",11.85,2651.56,23.7,0,2456.12,19.8,0,2591.07,20,0,2964.24,19.1,0,3590.14,19.4,5,2727.12,19,4,2431.39,19,0,2364.54,20,0,3044.25,19.4,0
"2026-03-20 06:00:00",834,802,"Chapada_Low",11.85,2651.64,23.7,0,2456.21,19.8,0,2591.26,19.9,0,2965.5,19,8,3591.14,19.3,8,2728.49,19,0,2432.92,19,0,2365.42,19.9,0,3044.01,19.3,0
"2026-03-20 06:15:00",835,802,"Chapada_Low",11.84,2651.68,23.7,0,2460.5,19.8,0,2590.6,19.9,0,2965.28,19.1,0,3590.43,19.3,0,2728.72,19,2,2432.74,19,0,2365.03,19.9,0,3044.14,19.4,0
"2026-03-20 06:30:00",836,802,"Chapada_Low",11.84,2651.56,23.7,0,2460.58,19.8,0,2590.66,19.9,6,2965.13,19.1,0,3589.99,19.4,3,2728.88,19,2,2432.3,19.1,0,2364.76,20,1,3041.64,19.4,0
"2026-03-20 06:45:00",837,802,"Chapada_Low",11.85,2651.52,23.9,0,2459.74,19.9,0,2590.78,20,0,2964.86,19.2,0,3590.39,19.4,0,2729.27,19.2,2,2432.57,19.2,0,2365.15,20,3,3043.87,19.5,0
"2026-03-20 07:00:00",838,802,"Chapada_Low",11.85,2651.47,23.9,0,2460.47,20,0,2591.24,20.1,0,2964.6,19.4,0,3589.77,19.6,3,2728.08,19.3,5,2430.96,19.4,0,2365.04,20.2,0,3041.97,19.7,0
"2026-03-20 07:15:00",839,802,"Chapada_Low",11.85,2651.56,24.1,0,2461.02,20.1,0,2591.07,20.2,0,2964.25,19.5,0,3589.9,19.7,14,2726.24,19.4,1,2431.76,19.5,0,2364.78,20.2,0,3043.86,19.8,0
"2026-03-20 07:30:00",840,802,"Chapada_Low",11.85,2649.55,24.2,0,2460.33,20.3,1,2590.89,20.4,0,2963.9,19.7,2,3589.25,19.9,0,2723.97,19.6,0,2431.62,19.7,0,2365.46,20.4,0,3040.84,20.1,6
"2026-03-20 07:45:00",841,802,"Chapada_Low",11.85,2651.61,24.7,10,2460.01,20.8,0,2590.88,20.9,0,2962.11,20.3,0,3588.84,20.3,12,2725.78,20,0,2431.85,20.2,0,2365.12,20.8,0,3042.57,20.5,0
"2026-03-20 08:00:00",842,802,"Chapada_Low",11.85,2651.28,25.3,0,2469.62,21.5,0,2590.79,21.4,2,2958.85,20.9,0,3588.01,20.7,4,2725.22,20.4,3,2430.48,20.8,0,2366.69,21.2,0,3041.76,21.2,0
"2026-03-20 08:15:00",843,802,"Chapada_Low",11.85,2651.29,25.6,0,2468.18,21.9,1,2590.78,22,0,2957.11,21,0,3586.3,21.2,9,2723.43,20.7,0,2430.92,21.5,0,2364.03,21.8,0,3038.34,21.8,0
"2026-03-20 08:30:00",844,802,"Chapada_Low",11.85,2650.9,26.1,5,2468.28,22.3,0,2590.97,22.3,0,2954.56,21.2,0,3585.38,21.5,10,2723.12,21.4,0,2429.55,22.2,0,2364.21,22.5,0,3038.89,22.5,0
"2026-03-20 08:45:00",845,802,"Chapada_Low",11.85,2648.94,26.4,0,2467.6,22.6,0,2590.81,22.6,0,2953.61,21.3,0,3584.72,21.8,0,2721.38,22.3,0,2428.8,22.7,0,2364.04,23.1,0,3037.32,22.9,0
"2026-03-20 09:00:00",846,802,"Chapada_Low",11.85,2648.24,26.6,0,2467.03,22.7,0,2591.23,22.7,0,2949.53,21.6,0,3584.35,22,0,2720.32,22.4,4,2428.11,23,0,2364.74,23.2,0,3037,23,7
"2026-03-20 09:15:00",847,802,"Chapada_Low",11.85,2647.82,26.6,0,2465.8,22.9,0,2590.21,22.8,0,2950.78,21.8,0,3582.78,22.4,15,2719.19,22.6,3,2427.51,23.2,0,2362.22,23.5,0,3036.42,23.2,0
"2026-03-20 09:30:00",848,802,"Chapada_Low",11.85,2647.4,27.1,0,2466.39,23.5,0,2590.71,23.4,0,2948.05,22.2,0,3580.82,23.2,3,2717.21,23.4,0,2426.27,23.8,0,2362.8,24.3,2,3032.14,24.5,3
"2026-03-20 09:45:00",849,802,"Chapada_Low",11.84,2647.75,27.7,0,2456.02,24,0,2590.77,23.8,0,2946.7,22.6,0,3578.16,23.6,5,2717.64,23.9,9,2425.07,24.2,0,2364.16,24.9,0,3030.51,24.9,0
"2026-03-20 10:00:00",850,802,"Chapada_Low",11.84,2646.87,28,0,2455.82,24.8,0,2591.87,24.5,0,2943.99,23.2,0,3575.72,24.2,6,2711.1,24.5,4,2424.25,24.9,0,2363.58,25.7,0,3031.22,25.5,0
"2026-03-20 10:15:00",851,802,"Chapada_Low",11.84,2645.8,27.8,0,2455.16,24.8,0,2592.11,24.5,0,2941.31,23.9,0,3575.01,24.1,3,2709.4,24.5,0,2423.79,24.9,0,2362.33,25.8,0,3030.58,25.5,0
"2026-03-20 10:30:00",852,802,"Chapada_Low",11.83,2645.92,27.9,0,2453.64,25,0,2589.65,24.6,5,2939.01,23.9,0,3572.6,24.8,2,2708.9,24.7,6,2422.56,25,0,2361.74,26.1,5,3029.8,25.7,1
"2026-03-20 10:45:00",853,802,"Chapada_Low",11.84,2646.02,27.8,0,2453.36,25.2,2,2589.84,24.7,0,2936.73,23.9,0,3571.36,24.6,0,2704.48,25.3,0,2422.22,25.4,0,2362.02,26.4,0,3029.04,25.8,0
"2026-03-20 11:00:00",854,802,"Chapada_Low",11.84,2645.41,27.6,0,2452.28,25,0,2591.19,24.6,0,2935.13,23.8,0,3571.47,24.4,5,2702.75,25,3,2422.73,25.6,0,2360.95,26.2,0,3028.76,25.6,0
"2026-03-20 11:15:00",855,802,"Chapada_Low",11.84,2644.92,27.6,9,2453.82,25.4,0,2590.71,25,0,2939.87,24.1,0,3569.38,24.7,10,2702.1,25.3,6,2421.29,25.7,0,2359.18,26.8,0,3027.6,26.5,0
"2026-03-20 11:30:00",856,802,"Chapada_Low",11.84,2644.34,28.2,4,2452.48,25.8,0,2589.65,25.4,0,2938.11,24.5,0,3568.73,25,0,2699.05,25.8,1,2419.68,26.1,0,2359.43,27.4,0,3023.66,27.2,0
"2026-03-20 11:45:00",857,802,"Chapada_Low",11.84,2643.72,28.6,0,2460.7,26.6,0,2589.04,25.9,0,2935.2,25,0,3567.46,25.5,0,2697.21,26.3,2,2419.52,26.5,1,2358.29,28.3,0,3023.27,28.1,0
"2026-03-20 12:00:00",858,802,"Chapada_Low",11.84,2642.19,29.3,3,2458.28,27.5,0,2588.59,27.5,0,2931.13,26,0,3563.82,26.2,5,2693.8,27.4,0,2415.59,27.6,0,2358.26,29.8,0,3018.8,30.1,0
"2026-03-20 12:15:00",859,802,"Chapada_Low",11.85,2640.14,29.9,0,2456.34,27.3,0,2589.39,27.1,0,2927.41,26.4,0,3563.62,26.4,0,2691.06,27.3,4,2416.05,27.4,0,2357.63,29.4,1,3018.26,29.7,11
"2026-03-20 12:30:00",860,802,"Chapada_Low",11.85,2639,30.4,0,2455.41,27.6,0,2586.88,27.6,2,2923.35,26.6,0,3560.33,27,7,2688.99,28.4,0,2414.36,27.8,0,2357.38,29.7,0,3016.66,30.6,0
"2026-03-20 12:45:00",861,802,"Chapada_Low",11.84,2638.28,30.2,0,2455.51,27.7,0,2588.7,27.8,0,2922.3,26.6,0,3558.59,26.9,0,2687.08,28.3,0,2413.09,28.8,0,2356.27,29.6,0,3015.75,30.5,0
"2026-03-20 13:00:00",862,802,"Chapada_Low",11.83,2638.31,29.5,0,2453.12,27.7,0,2588.07,28.1,0,2918.94,26.5,0,3557.49,26.9,3,2684.1,28.2,2,2413.45,28.5,0,2355.67,30.1,1,3015.03,30.3,6
"2026-03-20 13:15:00",863,802,"Chapada_Low",11.84,2637.46,29.3,0,2450.99,27.6,0,2584.89,27.7,0,2916.18,26.3,0,3557.33,26.8,6,2683.29,27.9,0,2412.99,28,0,2354.92,29.5,0,3014.28,30.2,0
"2026-03-20 13:30:00",864,802,"Chapada_Low",11.83,2636.19,29.7,3,2447.31,27.6,0,2583.91,27.6,4,2915.55,26.2,0,3556.12,26.7,6,2682.32,27.6,1,2412.74,27.8,0,2355.11,29.2,3,3014.32,29.8,0
"2026-03-20 13:45:00",865,802,"Chapada_Low",11.84,2635.42,29.4,0,2455.34,27.9,4,2583.02,27.9,2,2913.87,26.3,0,3556.28,26.9,4,2681.58,27.7,0,2413.11,27.9,0,2356.6,29.1,0,3013.93,29.7,0
"2026-03-20 14:00:00",866,802,"Chapada_Low",11.84,2634.41,29.3,0,2453.68,27.8,0,2583.88,27.9,0,2913.42,27.1,0,3555.58,26.8,2,2680.99,27.6,0,2411.39,27.8,0,2355.15,28.9,0,3013.51,29.7,0
"2026-03-20 14:15:00",867,802,"Chapada_Low",11.85,2634,28.7,0,2454.64,27.1,0,2581.96,27.1,0,2910.24,26.3,0,3557.08,26.6,6,2681.29,26.7,1,2413.76,26.9,0,2354.5,27.9,0,3014.71,28.8,0
"2026-03-20 14:30:00",868,802,"Chapada_Low",11.85,2633.75,28.3,0,2454.2,26.6,0,2581.34,26.6,0,2911.04,25.8,0,3557.87,25.9,5,2682.26,26.6,0,2414.35,26.4,0,2356.31,27.1,0,3015.39,28.1,0
"2026-03-20 14:45:00",869,802,"Chapada_Low",11.85,2632.52,28.4,0,2453.08,26.6,0,2583.08,27,0,2910.04,25.9,0,3557.56,25.8,6,2682.11,26.4,0,2413.59,27.1,0,2355.28,27.2,0,3014.49,28.6,0
"2026-03-20 15:00:00",870,802,"Chapada_Low",11.85,2632.23,28.5,0,2453.29,26.8,0,2581.28,27.2,14,2908.81,26.1,0,3556.99,26.1,3,2680.9,26.6,0,2413.49,27.3,0,2355.13,27.7,2,3013.81,29.1,0
"2026-03-20 15:15:00",871,802,"Chapada_Low",11.84,2632.08,29.1,0,2453.78,27.1,0,2583.38,27.6,2,2906.79,26.4,0,3554.42,26.5,0,2679.95,27.1,4,2411.61,27.6,0,2354.67,27.8,0,3012.38,29.5,0
"2026-03-20 15:30:00",872,802,"Chapada_Low",11.84,2630.41,29.3,0,2454.77,27.8,0,2581.69,27.9,0,2906.43,26.9,0,3552.08,27,0,2677.77,27.5,0,2409.53,28.1,0,2354.78,28.1,0,3011.65,29.8,4
"2026-03-20 15:45:00",873,802,"Chapada_Low",11.85,2630.29,28.4,0,2452.08,27.2,0,2580.23,27.6,0,2904.54,26.2,0,3554.71,26.2,8,2678.88,26.8,0,2411.92,27.1,0,2354.69,27.4,0,3012.06,28.6,7
"2026-03-20 16:00:00",874,802,"Chapada_Low",11.85,2630.27,27.4,0,2450.97,26.2,0,2578.65,26.3,0,2906.45,25.3,0,3558.39,25.1,5,2680.93,25.7,0,2414.02,25.8,0,2354.83,26.3,0,3014.42,27,1
"2026-03-20 16:15:00",875,802,"Chapada_Low",11.84,2629.73,26.8,0,2453.04,25.4,0,2581.58,25.5,0,2908.61,24.4,0,3560.14,24.4,3,2683.27,24.8,4,2414.98,24.9,0,2354.78,25.4,0,3016.47,25.9,0
"2026-03-20 16:30:00",876,802,"Chapada_Low",11.84,2629.95,26.4,0,2453.06,24.9,4,2579.33,24.9,1,2910.22,23.8,0,3562.67,23.9,3,2687.51,24.4,3,2414.81,24.4,0,2355.47,24.9,0,3016.48,25.2,0
"2026-03-20 16:45:00",877,802,"Chapada_Low",11.85,2629.75,25.9,0,2452.12,24.5,0,2580.01,24.4,1,2912.7,23.3,0,3563.53,23.5,3,2687.47,23.9,10,2417.25,24,0,2355.2,24.5,0,3017,24.6,0
"2026-03-20 17:00:00",878,802,"Chapada_Low",11.85,2632.92,25.8,0,2454.04,24.2,0,2579.77,24.1,0,2914.59,23,0,3565.63,23.1,3,2689.39,23.5,6,2417.97,23.6,0,2355.93,24.1,0,3017.97,24.3,0
"2026-03-20 17:15:00",879,802,"Chapada_Low",11.85,2632.78,25.7,0,2453.88,23.9,4,2579.85,23.8,0,2915.57,22.7,0,3566.77,22.9,0,2690.77,23.2,2,2417.97,23.3,0,2354.69,23.8,0,3021.22,23.9,0
"2026-03-20 17:30:00",880,802,"Chapada_Low",11.85,2632.78,25.4,0,2444.81,23.7,0,2579.64,23.7,0,2916.64,22.5,0,3567.44,22.7,2,2692.6,23,3,2419.37,23.1,0,2355.86,23.6,8,3019.63,23.6,0
"2026-03-20 17:45:00",881,802,"Chapada_Low",11.84,2632.74,25.2,0,2444.8,23.5,2,2579.85,23.5,0,2917.28,22.5,0,3569.16,22.6,16,2694.13,22.7,4,2419.01,22.9,0,2354.99,23.4,0,3021.18,23.4,0
"2026-03-20 18:00:00",882,802,"Chapada_Low",11.84,2632.57,24.9,0,2444.61,23.4,0,2580.62,23.4,0,2917.66,22.3,0,3569.39,22.6,3,2692.67,22.6,0,2419.79,22.8,0,2355.92,23.2,9,3022.8,23.2,0
"2026-03-20 18:15:00",883,802,"Chapada_Low",11.85,2633.3,24.9,0,2444.4,23.2,0,2580.33,23.2,1,2918.3,22.2,0,3569.68,22.4,3,2694.39,22.4,0,2420.08,22.6,0,2355.98,23,0,3021.46,23,0
"2026-03-20 18:30:00",884,802,"Chapada_Low",11.85,2633.05,24.7,0,2445.06,23,0,2580.93,23,0,2919.4,22,0,3570.27,22.3,3,2695.6,22.2,7,2420.29,22.4,0,2354.57,22.8,0,3024.47,22.8,0
"2026-03-20 18:45:00",885,802,"Chapada_Low",11.84,2632.46,24.6,0,2445.41,22.8,2,2580.68,22.9,0,2922.67,21.9,0,3571.02,22.2,3,2696.03,22,14,2420.67,22.2,0,2356.65,22.6,0,3024.67,22.6,0
"2026-03-20 19:00:00",886,802,"Chapada_Low",11.84,2633.11,24.2,0,2444.55,22.6,0,2580.88,22.7,0,2924.1,21.7,0,3571.7,22.1,3,2697.6,21.8,2,2421.16,22,0,2355.5,22.4,0,3023.15,22.3,0
"2026-03-20 19:15:00",887,802,"Chapada_Low",11.85,2634.1,23.9,0,2444.05,22.4,0,2580.84,22.6,0,2924.63,21.5,0,3571.59,21.9,4,2698.54,21.6,2,2421.44,21.8,0,2356.09,22.2,0,3023.76,22.1,1
"2026-03-20 19:30:00",888,802,"Chapada_Low",11.85,2633.59,23.5,0,2445.69,22.2,8,2581.09,22.4,6,2925.85,21.4,0,3572.39,21.8,1,2698.68,21.4,0,2422.3,21.7,0,2356.83,21.9,0,3026.38,21.9,0
"2026-03-20 19:45:00",889,802,"Chapada_Low",11.84,2634.55,23.3,0,2445.51,22.1,0,2581.3,22.2,0,2925.8,21.2,0,3574.31,21.5,4,2698.67,21.2,2,2421.55,21.5,0,2356.49,21.8,0,3026.66,21.8,0
"2026-03-20 20:00:00",890,802,"Chapada_Low",11.84,2634.13,23.1,0,2445.82,22,0,2581.23,22.1,0,2927.2,21.1,0,3574.29,21.4,31,2699.71,21,7,2421.57,21.3,0,2355.44,21.6,0,3025,21.6,4
"2026-03-20 20:15:00",891,802,"Chapada_Low",11.85,2634.04,23,8,2446.06,21.9,0,2581.25,22,0,2927.4,21,7,3575.27,21.4,1,2700.94,20.9,0,2422.1,21.1,0,2357.18,21.5,2,3025.1,21.5,0
"2026-03-20 20:30:00",892,802,"Chapada_Low",11.85,2634.35,22.9,0,2446.76,21.8,0,2581.52,21.9,0,2928.5,20.9,1,3575.32,21.4,2,2701.47,20.8,0,2423.48,21.1,0,2355.47,21.4,0,3027.72,21.4,0
"2026-03-20 20:45:00",893,802,"Chapada_Low",11.85,2634.64,22.8,0,2446.56,21.7,0,2581.5,21.8,0,2928.32,20.8,0,3575.91,21.3,1,2702.23,20.8,1,2422.81,21,0,2354.68,21.3,0,3026.82,21.3,6
"2026-03-20 21:00:00",894,802,"Chapada_Low",11.85,2634.94,22.6,0,2441.92,21.6,0,2581.79,21.8,0,2928.37,20.8,0,3575.88,21.2,8,2702.05,20.7,0,2423.24,20.9,0,2355.71,21.2,0,3026.01,21.3,0
"2026-03-20 21:15:00",895,802,"Chapada_Low",11.85,2635.1,22.6,0,2442.45,21.5,0,2581.68,21.7,0,2929.55,20.7,3,3576.29,21.1,1,2702.56,20.6,0,2422.99,20.9,0,2356.98,21.2,0,3025.92,21.2,3
"2026-03-20 21:30:00",896,802,"Chapada_Low",11.86,2635,22.5,0,2442.72,21.4,0,2581.67,21.6,0,2930.01,20.6,0,3577.04,21.1,0,2703.6,20.6,5,2423.12,20.8,0,2356.11,21.1,0,3028.92,21.1,2
"2026-03-20 21:45:00",897,802,"Chapada_Low",11.85,2634.97,22.4,0,2442.73,21.3,0,2582.33,21.5,0,2930.26,20.6,0,3576.85,20.9,5,2703.6,20.5,0,2423.67,20.7,0,2357.67,21,0,3026.52,21,0
"2026-03-20 22:00:00",898,802,"Chapada_Low",11.85,2635.01,22.4,0,2441.69,21.3,7,2581.91,21.5,0,2930.09,20.5,0,3576.75,20.9,0,2705.17,20.4,1,2423.84,20.6,0,2357.15,20.9,0,3029.72,20.9,0
"2026-03-20 22:15:00",899,802,"Chapada_Low",11.85,2635.6,22.3,0,2441.59,21.2,0,2582.25,21.4,0,2929.94,20.4,0,3577.12,20.9,10,2707.41,20.4,2,2424.28,20.6,0,2356.8,20.8,0,3027.7,20.9,1
"2026-03-20 22:30:00",900,802,"Chapada_Low",11.86,2634.89,22.2,0,2442.6,21.1,5,2582.44,21.4,0,2930.59,20.4,0,3576.92,20.8,0,2707.25,20.3,0,2424.8,20.5,0,2355.8,20.8,6,3028.01,20.8,0
"2026-03-20 22:45:00",901,802,"Chapada_Low",11.85,2635.7,22.1,0,2442.92,21.1,0,2581.81,21.4,0,2930.12,20.4,0,3578.71,20.8,7,2708.38,20.3,3,2424.08,20.5,7,2355.82,20.8,0,3027.95,20.8,0
"2026-03-20 23:00:00",902,802,"Chapada_Low",11.86,2636.01,22.2,0,2442.96,21.1,1,2581.5,21.3,0,2931.66,20.4,0,3579.04,20.8,6,2709.23,20.3,4,2423.46,20.5,0,2357.21,20.7,0,3027.95,20.8,0
"2026-03-20 23:15:00",903,802,"Chapada_Low",11.85,2636.5,22.2,0,2442.94,21,0,2582.29,21.2,0,2930.87,20.3,0,3579.06,20.7,5,2709.52,20.2,14,2425.35,20.5,0,2357.76,20.7,0,3028.07,20.7,0
"2026-03-20 23:30:00",904,802,"Chapada_Low",11.85,2635.89,22.1,0,2442.38,21,0,2582.52,21.2,0,2931.85,20.2,0,3580.52,20.6,0,2706.82,20.2,0,2424.68,20.4,0,2356.94,20.6,2,3027.77,20.7,0
"2026-03-20 23:45:00",905,802,"Chapada_Low",11.85,2635.99,22,0,2443.21,20.9,0,2582.72,21.1,7,2932.63,20.2,0,3580.23,20.5,5,2706.37,20.1,9,2424.73,20.3,0,2356.73,20.6,0,3029.82,20.6,0
"2026-03-21 00:00:00",906,802,"Chapada_Low",11.85,2636.29,21.9,0,2443.58,20.9,0,2582.3,21.1,0,2933.17,20.2,0,3581.22,20.5,4,2708.73,20,5,2424.41,20.2,0,2355.8,20.6,0,3030.47,20.5,3
"2026-03-21 00:15:00",907,802,"Chapada_Low",11.85,2636.51,21.9,0,2443.3,20.9,0,2582.49,21,0,2933.43,20.1,0,3580.98,20.4,5,2709.45,20,3,2425.52,20.2,6,2356.19,20.4,11,3030.4,20.5,0
"2026-03-21 00:30:00",908,802,"Chapada_Low",11.85,2636.39,21.8,0,2443.58,20.8,0,2582.58,20.9,7,2934,20,0,3581.85,20.4,5,2708.23,19.9,0,2424.78,20.1,0,2355.95,20.3,16,3028.26,20.4,0
"2026-03-21 00:45:00",909,802,"Chapada_Low",11.85,2636.77,21.6,4,2439.2,20.7,1,2582.7,20.9,12,2934.9,19.9,7,3582.3,20.3,4,2707.9,19.8,3,2425.84,20,0,2356,20.2,0,3028.98,20.3,0
"2026-03-21 01:00:00",910,802,"Chapada_Low",11.85,2634.5,21.6,0,2440.18,20.6,0,2581.89,20.8,0,2935.83,19.9,0,3581.79,20.3,3,2708.97,19.8,2,2425.51,20,0,2357.26,20.2,0,3029.46,20.3,0
"2026-03-21 01:15:00",911,802,"Chapada_Low",11.85,2636.52,21.6,0,2440.73,20.7,0,2581.53,20.8,0,2934.91,19.9,0,3582.58,20.2,5,2709.71,19.9,7,2425.21,20,0,2356.15,20.2,0,3031.48,20.3,0
"2026-03-21 01:30:00",912,802,"Chapada_Low",11.85,2636.4,21.7,0,2440.35,20.8,6,2582.59,20.9,0,2935.38,20,0,3582.34,20.2,0,2710.22,20,0,2426.2,20.2,0,2356.9,20.4,0,3030.93,20.4,0
"2026-03-21 01:45:00",913,802,"Chapada_Low",11.85,2636.7,21.7,3,2441.01,20.8,0,2583.23,20.9,0,2935.09,20.1,0,3581.78,20.4,8,2713.17,20,0,2426.25,20.2,0,2356.79,20.4,0,3029.02,20.5,0
"2026-03-21 02:00:00",914,802,"Chapada_Low",11.85,2636.96,21.7,0,2440.7,20.9,0,2583.35,21,0,2935.43,20.1,0,3582.65,20.5,3,2712.5,20.1,0,2425.34,20.3,0,2357.05,20.5,0,3031.43,20.5,0
"2026-03-21 02:15:00",915,802,"Chapada_Low",11.85,2637.04,21.8,0,2440.43,20.9,0,2583.05,21,5,2935.07,20.2,0,3582.83,20.5,11,2713.49,20.1,0,2425.33,20.3,0,2357.42,20.5,0,3029.28,20.5,0
"2026-03-21 02:30:00",916,802,"Chapada_Low",11.85,2637.26,21.7,0,2439.96,20.8,0,2582.94,21,6,2935.94,20.2,0,3582.66,20.5,9,2713.68,20.1,0,2426.04,20.3,0,2356.94,20.5,0,3029.73,20.5,0
"2026-03-21 02:45:00",917,802,"Chapada_Low",11.84,2636.67,21.7,0,2441.17,20.8,0,2582.39,21,4,2935.69,20.2,0,3582.46,20.5,0,2714.23,20.1,1,2425.63,20.3,0,2356.92,20.5,13,3031.17,20.5,0
"2026-03-21 03:00:00",918,802,"Chapada_Low",11.85,2637.05,21.8,0,2441.85,20.8,0,2583.04,21,0,2935.61,20.2,0,3582.32,20.5,7,2714.32,20.1,0,2426.61,20.4,0,2357.14,20.5,0,3029.55,20.6,0
"2026-03-21 03:15:00",919,802,"Chapada_Low",11.85,2637.67,21.8,0,2441.87,20.8,0,2582.91,21,0,2936.04,20.2,0,3582.88,20.4,6,2714.56,20.1,0,2426.09,20.4,0,2357.42,20.5,0,3029.1,20.6,12
"2026-03-21 03:30:00",920,802,"Chapada_Low",11.84,2637.01,21.7,0,2442.84,20.8,0,2583.62,21,0,2935.37,20.2,0,3582.37,20.5,5,2715.57,20.1,1,2426.05,20.4,0,2356.92,20.5,0,3029.41,20.6,0
"2026-03-21 03:45:00",921,802,"Chapada_Low",11.85,2637.43,21.7,0,2442.84,20.8,0,2583.16,21,6,2936.26,20.2,0,3582.63,20.5,3,2716.54,20.1,7,2425.58,20.4,0,2356.98,20.5,0,3031.98,20.5,5
"2026-03-21 04:00:00",922,802,"Chapada_Low",11.86,2637.42,21.7,0,2441.96,20.8,10,2583.87,21,0,2935.9,20.2,0,3583.5,20.5,5,2716.5,20.2,2,2426.74,20.4,0,2356.65,20.5,0,3032.01,20.5,0
"2026-03-21 04:15:00",923,802,"Chapada_Low",11.85,2637.25,21.7,0,2441.56,20.9,0,2583,21,0,2936.07,20.2,0,3583.5,20.4,0,2717.12,20.2,3,2426.31,20.4,0,2356.64,20.5,0,3030.03,20.5,0
"2026-03-21 04:30:00",924,802,"Chapada_Low",11.85,2638.01,21.7,0,2436.94,20.9,0,2583.13,21,0,2936.04,20.2,0,3583.37,20.5,3,2718.32,20.2,0,2426.43,20.4,0,2357.16,20.5,0,3032,20.5,0
"2026-03-21 04:45:00",925,802,"Chapada_Low",11.85,2637.87,21.7,0,2438.36,20.9,0,2583.08,20.9,10,2937.26,20.2,0,3583.89,20.4,0,2718.23,20.2,0,2426.2,20.4,0,2357.29,20.5,0,3031.6,20.5,0
"2026-03-21 05:00:00",926,802,"Chapada_Low",11.85,2637.53,21.7,0,2440.34,20.9,0,2583.91,20.9,17,2937.44,20.2,0,3583.39,20.4,2,2718.01,20.2,0,2426.44,20.4,0,2357.57,20.5,16,3032.4,20.6,3
"2026-03-21 05:15:00",927,802,"Chapada_Low",11.85,2638.04,21.7,0,2438.96,20.9,0,2583.63,21,0,2937.93,20.3,0,3583.09,20.4,0,2718.77,20.2,0,2426.06,20.5,0,2357.38,20.5,0,3029.79,20.6,0
"2026-03-21 05:30:00",928,802,"Chapada_Low",11.85,2638,21.8,0,2439.67,20.9,0,2583.92,21,0,2937.67,20.3,0,3585.08,20.5,12,2718.26,20.2,0,2426.9,20.5,0,2357.01,20.5,0,3032.22,20.6,0
"2026-03-21 05:45:00",929,802,"Chapada_Low",11.85,2638,21.7,0,2439.77,20.9,0,2583.94,21,0,2938.03,20.3,0,3584.85,20.5,4,2719.05,20.2,0,2426.41,20.5,0,2356.93,20.5,0,3032.08,20.6,5
"2026-03-21 06:00:00",930,802,"Chapada_Low",11.85,2637.97,21.7,0,2439.76,20.9,0,2584.02,20.9,0,2937.61,20.3,0,3585.32,20.5,9,2719.23,20.2,3,2426.44,20.4,0,2357.38,20.5,0,3030.24,20.6,0
"2026-03-21 06:15:00",931,802,"Chapada_Low",11.85,2637.83,21.7,0,2440.14,20.9,0,2583.95,20.9,0,2937.01,20.3,0,3584.69,20.5,5,2721.01,20.2,1,2426.23,20.4,0,2357.5,20.5,0,3030.26,20.6,0
"2026-03-21 06:30:00",932,802,"Chapada_Low",11.85,2638.14,21.7,0,2439.81,20.9,0,2583.64,20.9,0,2937.29,20.3,0,3584.98,20.5,9,2719.37,20.2,11,2427.29,20.4,0,2357.8,20.5,0,3030.16,20.5,0
"2026-03-21 06:45:00",933,802,"Chapada_Low",11.85,2638.04,21.7,0,2438.96,20.8,0,2583.76,20.9,0,2938.71,20.2,0,3584.79,20.5,2,2718.84,20.1,0,2426.68,20.4,0,2357.55,20.4,7,3032,20.5,0
"2026-03-21 07:00:00",934,802,"Chapada_Low",11.85,2638.42,21.7,2,2440.87,20.8,0,2584.23,20.9,0,2938.36,20.2,0,3584.64,20.4,0,2718.66,20.1,4,2426.92,20.3,0,2357.85,20.4,0,3030.42,20.5,0
"2026-03-21 07:15:00",935,802,"Chapada_Low",11.84,2637.68,21.7,0,2440.94,20.8,0,2583.81,20.9,0,2937.87,20.2,0,3588.99,20.4,2,2718.44,20.1,4,2426.94,20.3,0,2357.04,20.4,12,3032.21,20.5,0
"2026-03-21 07:30:00",936,802,"Chapada_Low",11.84,2638.12,21.8,0,2439.87,20.9,0,2583.92,21.1,0,2937.9,20.4,0,3588.45,20.7,6,2718.75,20.3,0,2426.86,20.5,2,2359.48,20.6,0,3031.82,20.8,0
"2026-03-21 07:45:00",937,802,"Chapada_Low",11.84,2637.89,22.1,0,2439.7,21.2,0,2583.54,21.3,0,2936.39,20.6,0,3587.82,20.9,7,2718.65,20.5,0,2426.42,20.8,0,2359.01,20.9,1,3029.33,21,0
"2026-03-21 08:00:00",938,802,"Chapada_Low",11.84,2638.19,22.2,0,2439.92,21.4,0,2583.77,21.5,0,2935.99,20.8,0,3586.15,21.1,7,2718.42,20.8,0,2425.7,21.1,0,2359.74,21.2,0,3031.04,21.4,0
"2026-03-21 08:15:00",939,802,"Chapada_Low",11.84,2637.17,22.5,0,2438.4,21.7,0,2583.82,21.7,7,2934.69,21.1,0,3586.94,21.3,5,2717.87,21.1,3,2426.53,21.3,0,2357.73,21.4,0,3030.76,21.6,0
"2026-03-21 08:30:00",940,802,"Chapada_Low",11.84,2637.4,22.7,0,2439.37,22,0,2583.83,22.1,0,2934.84,21.3,0,3586.67,21.5,4,2718.97,21.4,5,2426.6,21.6,0,2358.02,21.7,0,3028.36,21.9,0
"2026-03-21 08:45:00",941,802,"Chapada_Low",11.85,2637.53,22.9,0,2438.57,22.2,0,2583.12,22.3,0,2930.36,21.8,0,3585.55,21.8,9,2717.36,21.7,0,2426.02,21.9,0,2357.98,22.1,1,3027.64,22.2,0
"2026-03-21 09:00:00",942,802,"Chapada_Low",11.85,2636.85,23.2,0,2437.9,22.5,0,2583.56,22.6,0,2930.07,22,0,3583.87,22.6,0,2717.36,22.1,0,2424.76,22.3,0,2358.71,22.5,0,3028.1,22.7,0
"2026-03-21 09:15:00",943,802,"Chapada_Low",11.85,2637.1,23.8,0,2437.18,23.1,0,2583.49,23.1,0,2928.72,22.3,6,3581.74,23,6,2715.62,23.5,1,2423.51,23.3,0,2358.88,23.4,5,3024.89,23.6,0
"2026-03-21 09:30:00",944,802,"Chapada_Low",11.85,2634.19,24.5,0,2437.63,23.9,0,2583.41,23.8,0,2926.41,22.8,0,3578.92,23.7,6,2712.86,24.1,5,2422.34,24.9,0,2357.97,24.8,3,3023.35,24.6,1
"2026-03-21 09:45:00",945,802,"Chapada_Low",11.85,2633.08,25.1,0,2437.29,24.6,0,2584.77,24.5,0,2923.82,23.4,4,3575.03,24.4,2,2708.56,24.8,4,2419.88,25.2,0,2358.07,26,0,3022.23,25.8,0
"2026-03-21 10:00:00",946,802,"Chapada_Low",11.85,2632.45,25.7,0,2436.69,24.9,0,2582.52,24.7,0,2920.83,23.8,0,3573.83,24.6,9,2707.12,25,3,2418.47,25.3,0,2357.44,26.1,0,3020.56,26,0
"2026-03-21 10:15:00",947,802,"Chapada_Low",11.85,2631.98,25.6,0,2436.58,25.2,0,2582.14,24.7,0,2919.44,23.9,0,3572.28,24.6,0,2705.9,25.1,0,2417.69,25.3,2,2356.42,26.1,1,3020.06,26,0
"2026-03-21 10:30:00",948,802,"Chapada_Low",11.85,2631.08,25.5,0,2435.21,25.2,0,2583.38,25.2,0,2918.12,24,0,3571.67,24.6,9,2706.06,25.1,3,2417.72,25.3,0,2356.41,26.1,0,3018.9,26.1,0
"2026-03-21 10:45:00",949,802,"Chapada_Low",11.85,2630.81,25.5,0,2433.42,25.1,5,2582.18,25,0,2916.31,24.5,0,3571.18,24.9,5,2706.13,25.1,0,2417.5,25.4,0,2356.85,26,0,3018.84,26.1,0
"2026-03-21 11:00:00",950,802,"Chapada_Low",11.85,2630.61,25.6,0,2434.43,25.3,3,2581.95,25.3,0,2914.15,24.6,1,3568.71,25.4,2,2703.87,25.9,0,2416.66,25.7,0,2357.13,26.5,7,3017.85,26.6,0
"2026-03-21 11:15:00",951,802,"Chapada_Low",11.86,2629.08,26.8,0,2432.14,26.9,0,2581.27,26.4,1,2910.46,25.7,0,3564.32,26.2,0,2700.74,27.5,1,2412.78,28.7,0,2356.04,28.9,0,3013.75,28.6,0
"2026-03-21 11:30:00",952,802,"Chapada_Low",11.86,2627.63,27.3,13,2429.22,27.4,0,2580.94,26.8,0,2906.91,26.1,0,3562.49,26.6,7,2697.2,27.8,6,2410.21,28.2,0,2354.96,30.3,0,3011.6,29.4,0
"2026-03-21 11:45:00",953,802,"Chapada_Low",11.85,2626.22,27,0,2430.48,26.9,0,2579.86,26.5,0,2906.39,25.7,0,3562.81,26.3,0,2695.92,27.2,2,2410.6,27.5,2,2355.32,29.2,0,3010.62,29.1,1
"2026-03-21 12:00:00",954,802,"Chapada_Low",11.85,2625.63,26.9,0,2430.17,26.5,0,2581.41,26.2,0,2906.07,25.3,0,3563.68,25.9,1,2696.53,26.7,5,2412.37,27,0,2354.39,28.3,0,3010.97,28.3,0
"2026-03-21 12:15:00",955,802,"Chapada_Low",11.85,2625.18,26.7,0,2428.99,26.5,0,2580.84,26.3,0,2905.97,25.2,0,3563.3,25.8,4,2696.74,26.5,9,2412.22,26.8,0,2354.59,27.8,1,3010.86,28.1,0
"2026-03-21 12:30:00",956,802,"Chapada_Low",11.86,2624.83,26.8,0,2428.71,26.6,0,2581.38,26.7,2,2904.86,26.1,0,3561.93,26,4,2695.72,26.8,3,2411.08,27.1,0,2354.68,27.9,0,3010.5,28.6,0
"2026-03-21 12:45:00",957,802,"Chapada_Low",11.85,2624.42,27,0,2427.52,26.7,0,2580.83,26.8,0,2903.85,26,0,3559.21,26.9,0,2694.78,26.9,3,2409.92,27.3,0,2356,27.9,0,3009.16,28.7,0
"2026-03-21 13:00:00",958,802,"Chapada_Low",11.85,2623.47,27.4,0,2426.92,27.1,0,2578.81,27.4,0,2901.32,26.3,0,3557.19,27,3,2693.59,28.3,0,2408.67,28,1,2355.08,28.5,0,3008,29.6,7
"2026-03-21 13:15:00",959,802,"Chapada_Low",11.85,2622.06,27.9,0,2427.18,27.7,0,2579.12,28.1,0,2899.58,26.9,0,3553.22,27.6,16,2691.23,28.7,23,2407.07,29.5,0,2355,29.6,0,3006.14,30.5,0
"2026-03-21 13:30:00",960,802,"Chapada_Low",11.85,2621.22,27.9,0,2425.13,27.8,0,2579.7,28.1,0,2898.65,26.9,0,3553.76,27.6,6,2689.72,28.6,16,2405.34,29.1,0,2355.13,30,0,3004.85,30.9,0
"2026-03-21 13:45:00",961,802,"Chapada_Low",11.85,2621.12,28.7,0,2423.15,28.1,0,2578.85,28.4,4,2895.28,27.3,0,3551.31,27.9,4,2687.49,28.8,0,2405.39,29.2,0,2354.22,30.1,0,3002.09,31.3,0
"2026-03-21 14:00:00",962,802,"Chapada_Low",11.85,2618.25,28.8,1,2422.36,28.8,0,2577.59,28.6,0,2893.74,27.5,2,3549.68,28,0,2687.12,28.9,15,2403.79,29.2,0,2354.95,29.9,0,3001.37,31.5,0
"2026-03-21 14:15:00",963,802,"Chapada_Low",11.85,2617.09,28.9,0,2420.65,28.8,0,2576.14,29.5,13,2891.55,27.8,0,3548.93,28.1,4,2684.93,29,0,2402.87,29.3,0,2355.03,29.9,0,2998.25,32,0
"2026-03-21 14:30:00",964,802,"Chapada_Low",11.85,2615.78,28.5,0,2421.54,28.3,0,2574.86,28.8,0,2890,28.2,0,3549.08,28,9,2684.99,28.5,2,2402.54,28.8,0,2355.24,29.3,0,3000.08,31.3,0
"2026-03-21 14:45:00",965,802,"Chapada_Low",11.85,2615.94,27.6,0,2418.84,27.5,0,2575.54,27.6,19,2891.2,27,0,3551.25,27.4,11,2686.23,27.7,0,2403.7,27.6,0,2354.85,28.2,0,3002.06,29.5,0
"2026-03-21 15:00:00",966,802,"Chapada_Low",11.85,2616.66,26.8,0,2421.43,26.5,0,2574.74,26.5,17,2902.16,25.8,0,3553.98,26,2,2688.17,26.5,0,2408.92,26.5,0,2356.41,27,0,3005.54,27.5,0
"2026-03-21 15:15:00",967,802,"Chapada_Low",11.85,2617.8,25.8,0,2429.6,25.2,0,2577.29,25.1,0,2915.33,24.5,0,3559.33,24.8,8,2694.59,24.9,0,2411.37,25.2,0,2356.01,25.4,0,3008.81,25.6,6
"2026-03-21 15:30:00",968,802,"Chapada_Low",11.85,2629.44,24.9,0,2443.36,24.2,0,2585.53,24.3,0,2936.33,23.5,0,3566.57,23.9,1,2703,23.8,4,2417.47,24.1,0,2359.36,24.2,0,3020.93,24.7,0
"2026-03-21 15:45:00",969,802,"Chapada_Low",11.85,2645.29,24.5,0,2459.69,23.8,0,2593.54,24,0,2968.93,23.1,0,3573.96,23.4,2,2723.4,23.4,0,2424.13,23.5,0,2367.55,23.7,0,3030.78,24.2,0
"2026-03-21 16:00:00",970,802,"Chapada_Low",11.85,2652.44,24.4,0,2465.92,23.7,0,2596.64,23.8,0,2986.07,22.9,0,3578.58,23.2,3,2735.68,23.3,4,2430.35,23.3,0,2376.94,23.5,1,3033.41,24,0
"2026-03-21 16:15:00",971,802,"Chapada_Low",11.85,2654.68,24.3,0,2466.95,23.6,0,2596.34,23.7,0,2986.74,22.9,10,3580.28,23.1,8,2738.66,23.2,0,2435.79,23.2,0,2381.56,23.4,2,3034.77,23.9,11
"2026-03-21 16:30:00",972,802,"Chapada_Low",11.85,2657.47,24.3,0,2469.45,23.5,1,2597.19,23.7,0,2989.7,22.8,0,3581.79,23.2,5,2743.09,23.1,11,2436.43,23.1,0,2382.84,23.3,0,3036.49,23.8,0
"2026-03-21 16:45:00",973,802,"Chapada_Low",11.85,2659.59,24.2,0,2471.41,23.3,0,2597.87,23.6,0,2991.78,22.7,0,3582.87,23.1,6,2746.42,23,2,2441.84,23.1,0,2387.5,23.2,0,3038.2,23.7,0
"2026-03-21 17:00:00",974,802,"Chapada_Low",11.85,2662.86,24.1,0,2475.32,23.3,0,2598.32,23.5,0,2998.47,22.7,0,3584.6,23,3,2753.32,22.9,1,2442.7,23.1,0,2394.16,23.1,0,3037.49,23.6,8
"2026-03-21 17:15:00",975,802,"Chapada_Low",11.85,2665.65,24.1,0,2478.47,23.2,0,2599.45,23.5,6,3000.34,22.6,0,3586.84,22.9,4,2755.81,22.9,0,2443.4,23,0,2397.73,23.1,2,3040.94,23.6,0
"2026-03-21 17:30:00",976,802,"Chapada_Low",11.85,2666.62,23.9,12,2477.63,23.1,0,2599.33,23.3,0,2999.29,22.4,0,3587.69,22.8,0,2755.32,22.8,0,2443.92,22.9,0,2399.14,23,0,3041.68,23.4,3
"2026-03-21 17:45:00",977,802,"Chapada_Low",11.85,2666.73,23.8,0,2477.03,23,0,2599.26,23.2,4,2998.57,22.3,0,3587.4,22.6,5,2753.15,22.7,0,2443.58,22.7,0,2399.6,22.8,0,3041.92,23.2,0
"2026-03-21 18:00:00",978,802,"Chapada_Low",11.85,2666.73,23.7,0,2476.24,22.8,0,2598.45,23.1,0,2997.35,22.2,0,3586.98,22.5,8,2752.43,22.5,0,2443.36,22.6,0,2402.12,22.6,0,3040.53,23,0
"2026-03-21 18:15:00",979,802,"Chapada_Low",11.85,2667.44,23.6,0,2475.88,22.7,0,2597.94,22.9,0,2995.86,22.1,0,3585.97,22.4,16,2751.28,22.3,0,2442.74,22.5,0,2400.74,22.5,0,3040.69,22.8,0
"2026-03-21 18:30:00",980,802,"Chapada_Low",11.85,2667.02,23.5,0,2475.03,22.6,0,2598.38,22.7,0,2995.03,21.9,0,3586.76,22.3,2,2750.68,22.2,1,2443.26,22.3,0,2399.28,22.3,1,3043.91,22.7,0
"2026-03-21 18:45:00",981,802,"Chapada_Low",11.85,2667.2,23.3,5,2476.54,22.4,0,2597.86,22.6,3,2996.32,21.8,0,3587.31,22.1,3,2749.78,22,6,2442.56,22.1,0,2398.61,22.1,13,3044.08,22.5,5
"2026-03-21 19:00:00",982,802,"Chapada_Low",11.85,2666.89,23.2,9,2476.3,22.3,0,2598.15,22.5,0,2996.58,21.6,0,3588.35,22,3,2749.35,21.8,0,2442.05,22,0,2398.92,22,1,3043,22.3,0
"2026-03-21 19:15:00",983,802,"Chapada_Low",11.84,2666.81,23.1,14,2476.28,22.2,0,2598.52,22.4,0,2996.82,21.6,0,3588.67,21.9,4,2750.04,21.7,0,2440.57,21.9,0,2395.45,21.9,2,3045.62,22.2,0
"2026-03-21 19:30:00",984,802,"Chapada_Low",11.85,2666.89,23,0,2476.99,22.2,0,2598.47,22.3,0,2996.79,21.5,0,3589.34,21.9,5,2750.18,21.6,1,2442.13,21.8,0,2397.44,21.9,2,3043.94,22.1,0
"2026-03-21 19:45:00",985,802,"Chapada_Low",11.85,2667.07,23,0,2477.86,22.1,0,2598.72,22.2,0,2996.31,21.4,0,3590.28,21.8,0,2749.74,21.6,0,2442.24,21.7,3,2396.53,21.8,0,3044.43,22,0
"2026-03-21 20:00:00",986,802,"Chapada_Low",11.85,2666.93,22.9,0,2477.45,22,0,2598.69,22.2,0,2996.72,21.3,0,3590.63,21.7,0,2749.83,21.5,0,2441.46,21.6,0,2393.39,21.7,0,3044.65,22,0
"2026-03-21 20:15:00",987,802,"Chapada_Low",11.86,2666.46,22.8,0,2475.41,21.9,0,2597.87,22.1,8,2995.89,21.3,4,3591.29,21.6,25,2750,21.4,0,2442.08,21.6,0,2395,21.6,0,3047.24,21.9,0
"2026-03-21 20:30:00",988,802,"Chapada_Low",11.86,2666.18,22.8,0,2476.29,21.9,0,2597.8,22,0,2995.57,21.2,0,3590.86,21.6,3,2749.18,21.3,0,2440.76,21.5,0,2391.51,21.6,0,3047.67,21.8,0
"2026-03-21 20:45:00",989,802,"Chapada_Low",11.85,2666.31,22.7,5,2475.68,21.9,0,2598.26,22,6,2995.64,21.2,0,3590.45,21.6,0,2748.87,21.3,0,2441.77,21.5,10,2393.24,21.5,0,3045.42,21.8,0
"2026-03-21 21:00:00",990,802,"Chapada_Low",11.85,2666.45,22.7,0,2476.62,21.9,0,2598.48,22,0,2995.57,21.2,0,3590.76,21.6,3,2748.86,21.3,3,2441.38,21.5,0,2393.26,21.5,3,3045.79,21.7,10
"2026-03-21 21:15:00",991,802,"Chapada_Low",11.85,2666.27,22.6,0,2476.26,21.9,0,2598.26,22,0,2996.31,21.2,0,3590.77,21.5,3,2749.43,21.2,0,2441.13,21.4,0,2393.03,21.5,0,3048.58,21.7,0
"2026-03-21 21:30:00",992,802,"Chapada_Low",11.86,2665.89,22.6,0,2474.51,21.8,0,2598.22,21.9,0,2995.46,21.2,0,3590.78,21.5,4,2749.49,21.2,3,2441.52,21.4,0,2391.48,21.5,0,3049.23,21.7,10
"2026-03-21 21:45:00",993,802,"Chapada_Low",11.85,2665.19,22.6,3,2474.89,21.7,0,2597.81,21.9,0,2994.91,21.1,0,3591.25,21.4,4,2749.24,21.1,2,2442.44,21.3,0,2388.1,21.4,0,3047.11,21.6,0
"2026-03-21 22:00:00",994,802,"Chapada_Low",11.86,2665.96,22.5,0,2474.21,21.6,0,2598.16,21.8,0,2995.76,20.9,0,3591.19,21.3,0,2748.85,21,4,2441.65,21.3,0,2387.69,21.3,14,3047.47,21.5,0
"2026-03-21 22:15:00",995,802,"Chapada_Low",11.85,2665.5,22.5,0,2472.89,21.6,0,2597.81,21.7,0,2996.33,20.9,1,3592.16,21.2,6,2748.83,20.9,3,2441.04,21.2,0,2387.19,21.3,0,3047.67,21.4,0
"2026-03-21 22:30:00",996,802,"Chapada_Low",11.85,2664.95,22.4,0,2473.43,21.6,0,2598,21.7,0,2996.07,20.9,0,3591.5,21.2,0,2748.16,20.9,3,2441.58,21.2,0,2386.07,21.2,8,3047.4,21.4,0
"2026-03-21 22:45:00",997,802,"Chapada_Low",11.85,2665.92,22.4,5,2472.62,21.5,3,2598.06,21.7,0,2996.37,20.9,0,3591.22,21.2,4,2747.55,20.9,3,2441.34,21.2,0,2386.14,21.2,0,3047.92,21.4,0
"2026-03-21 23:00:00",998,802,"Chapada_Low",11.85,2664.18,22.4,0,2472.75,21.5,12,2597.63,21.7,0,2996.5,20.9,0,3591.99,21.2,1,2747.14,20.9,11,2441.63,21.2,0,2385.81,21.2,2,3048.41,21.4,0
"2026-03-21 23:15:00",999,802,"Chapada_Low",11.85,2664.44,22.3,0,2474.01,21.5,0,2598.53,21.7,0,2997.02,20.9,0,3592.73,21.2,0,2746.61,20.9,3,2441.3,21.2,0,2385.5,21.1,0,3048.79,21.3,0
"2026-03-21 23:30:00",1000,802,"Chapada_Low",11.85,2664.43,22.3,0,2472.83,21.4,0,2597.85,21.6,0,2997.39,20.8,0,3593.26,21.1,2,2746.1,20.9,7,2441.25,21.1,7,2385.39,21.1,0,3051.01,21.3,0
"2026-03-21 23:45:00",1001,802,"Chapada_Low",11.85,2664.25,22.3,0,2472.6,21.4,0,2597.87,21.6,0,2998.08,20.8,0,3593.14,21.1,8,2746.73,20.8,0,2441.1,21.1,0,2384.23,21.1,0,3051.25,21.2,10
"2026-03-22 00:00:00",1002,802,"Chapada_Low",11.85,2664.32,22.2,0,2472.62,21.4,0,2597.85,21.6,0,2998.12,20.7,0,3592.67,21,5,2746.66,20.8,4,2442,21.1,0,2384.21,21.1,0,3049.47,21.2,0
"2026-03-22 00:15:00",1003,802,"Chapada_Low",11.84,2664.72,22.3,1,2472.8,21.3,5,2598,21.6,0,2997.41,20.7,0,3593.06,21,1,2745.65,20.7,0,2441.02,21,0,2386.78,21.1,0,3050.82,21.2,2
"2026-03-22 00:30:00",1004,802,"Chapada_Low",11.84,2664.57,22.2,0,2471.61,21.3,0,2598.07,21.5,1,2997.26,20.7,0,3593.67,21,0,2744.48,20.7,0,2441.82,21,0,2383.4,21,2,3050.16,21.2,0
"2026-03-22 00:45:00",1005,802,"Chapada_Low",11.85,2664.58,22.2,0,2471.39,21.3,0,2597.34,21.5,0,2997.67,20.7,0,3594.33,21,6,2744.26,20.7,0,2442.83,20.9,0,2386.47,21,0,3049.85,21.1,0
"2026-03-22 01:00:00",1006,802,"Chapada_Low",11.85,2664.9,22,0,2470.25,21.2,0,2598.39,21.5,0,2996.74,20.6,0,3595.33,20.9,2,2743.96,20.6,0,2441.53,20.9,0,2384.79,20.9,0,3049.89,21.1,0
"2026-03-22 01:15:00",1007,802,"Chapada_Low",11.85,2664.41,22,0,2471.87,21.2,0,2597.89,21.4,1,2997.65,20.6,0,3595.52,20.9,6,2744.33,20.6,0,2442.16,20.9,0,2382.88,20.9,0,3051.02,21,0
"2026-03-22 01:30:00",1008,802,"Chapada_Low",11.85,2664.34,22,3,2471.17,21.1,0,2598.44,21.4,0,2998.08,20.6,0,3595.29,20.9,1,2745.48,20.5,5,2441.94,20.8,0,2382.65,20.9,0,3051.05,21,1
"2026-03-22 01:45:00",1009,802,"Chapada_Low",11.85,2664.27,22,0,2471.52,21.2,0,2597.73,21.4,0,2997.77,20.5,0,3594.64,20.8,9,2746.12,20.5,1,2441.19,20.8,0,2382.67,20.8,0,3050.21,21,0
"2026-03-22 02:00:00",1010,802,"Chapada_Low",11.85,2664.85,22.1,0,2470.94,21.2,0,2597.65,21.4,2,2997.45,20.6,0,3595.1,20.8,0,2745.96,20.5,0,2442,20.8,0,2382.35,20.8,0,3052.75,21,0
"2026-03-22 02:15:00",1011,802,"Chapada_Low",11.85,2663.95,22.1,0,2471.25,21.2,0,2597.97,21.4,0,2997.82,20.6,0,3595.65,20.8,0,2745.42,20.6,0,2441.9,20.8,0,2382.36,20.8,0,3051.8,21,0
"2026-03-22 02:30:00",1012,802,"Chapada_Low",11.85,2664.75,22,2,2470.14,21.1,0,2597.77,21.3,0,2997.77,20.6,0,3595.36,20.8,5,2745.33,20.5,2,2443.21,20.8,0,2382.06,20.8,0,3051.23,21,0
"2026-03-22 02:45:00",1013,802,"Chapada_Low",11.84,2664.22,21.9,0,2470.21,21.1,5,2598.21,21.3,0,2996.74,20.5,0,3595.88,20.8,7,2745.47,20.5,5,2441.6,20.8,0,2382.87,20.8,0,3051.39,20.9,0
"2026-03-22 03:00:00",1014,802,"Chapada_Low",11.85,2664.51,21.8,0,2471.29,21.1,0,2598.14,21.3,0,2996.79,20.5,0,3595.49,20.8,6,2745.43,20.5,7,2442.69,20.7,0,2382.1,20.8,3,3053.54,20.9,0
"2026-03-22 03:15:00",1015,802,"Chapada_Low",11.85,2664.55,21.9,0,2470.02,21.1,0,2597.78,21.3,0,2996.57,20.5,0,3597.2,20.8,0,2745.3,20.5,0,2442.13,20.7,0,2382.18,20.8,0,3051.53,20.9,0
"2026-03-22 03:30:00",1016,802,"Chapada_Low",11.85,2664.13,21.9,0,2469.55,21,0,2597.84,21.2,0,2996.17,20.5,0,3596.61,20.7,5,2744.3,20.5,0,2442.03,20.7,0,2381.03,20.7,1,3051.79,20.9,0
"2026-03-22 03:45:00",1017,802,"Chapada_Low",11.84,2664.31,21.9,0,2468.71,21,0,2598.02,21.2,0,2996.81,20.4,0,3596.56,20.7,2,2744.09,20.4,0,2442.01,20.6,0,2383.85,20.7,3,3052.18,20.8,0
"2026-03-22 04:00:00",1018,802,"Chapada_Low",11.85,2664.24,21.8,0,2467.93,21,0,2597.4,21.2,0,2995.97,20.4,0,3596.38,20.7,3,2744.63,20.4,0,2441.43,20.6,0,2380.97,20.7,0,3052.46,20.8,0
"2026-03-22 04:15:00",1019,802,"Chapada_Low",11.85,2664.45,21.7,1,2470.01,20.9,0,2598.24,21.2,0,2996.06,20.4,0,3597.87,20.6,2,2744.58,20.3,2,2441.59,20.5,0,2380.72,20.6,0,3051.8,20.8,0
"2026-03-22 04:30:00",1020,802,"Chapada_Low",11.85,2663.97,21.7,0,2469.29,20.9,2,2597.79,21.1,0,2995.07,20.3,0,3598.91,20.6,0,2744.69,20.3,20,2441.4,20.5,0,2384,20.6,0,3053.34,20.7,0
"2026-03-22 04:45:00",1021,802,"Chapada_Low",11.85,2664.46,21.6,1,2468.07,20.8,0,2597.94,21,0,2995.54,20.3,0,3598.49,20.5,2,2747.18,20.2,0,2441.81,20.4,0,2379.99,20.5,0,3052.98,20.6,0
"2026-03-22 05:00:00",1022,802,"Chapada_Low",11.85,2665.21,21.6,0,2467.27,20.8,14,2597.7,21,0,2994.42,20.2,0,3600.35,20.5,5,2746.58,20.1,0,2441.64,20.4,0,2380.13,20.5,0,3055.68,20.6,0
"2026-03-22 05:15:00",1023,802,"Chapada_Low",11.85,2664.51,21.6,0,2468.99,20.7,0,2598.13,21,1,2994.75,20.2,0,3600.87,20.5,19,2745.72,20.1,2,2441.65,20.4,0,2380.22,20.5,0,3053.07,20.6,0
"2026-03-22 05:30:00",1024,802,"Chapada_Low",11.85,2664.49,21.6,0,2468.62,20.7,0,2597.54,20.9,0,2994.18,20.1,0,3599.54,20.4,1,2744.65,20.1,5,2442.43,20.3,0,2380.06,20.4,0,3053.44,20.5,0
"2026-03-22 05:45:00",1025,802,"Chapada_Low",11.85,2664.26,21.6,0,2468.66,20.7,1,2597.35,20.9,0,2993.62,20.1,0,3599.76,20.4,13,2747.03,20.1,4,2441.68,20.3,1,2380.22,20.4,0,3055.57,20.5,0
"2026-03-22 06:00:00",1026,802,"Chapada_Low",11.85,2663.93,21.6,5,2467.65,20.6,0,2597.54,20.9,0,2993.41,20.1,0,3598.55,20.4,3,2742.67,20,4,2441.29,20.3,0,2379.66,20.4,0,3053.47,20.5,0
"2026-03-22 06:15:00",1027,802,"Chapada_Low",11.85,2663.85,21.6,0,2468.12,20.6,0,2597.38,20.9,0,2993.49,20.1,0,3600.08,20.4,0,2743.98,20,3,2441.77,20.3,0,2379.02,20.3,0,3052.81,20.5,1
"2026-03-22 06:30:00",1028,802,"Chapada_Low",11.85,2663.22,21.6,0,2468.84,20.6,0,2597.59,20.9,0,2992.29,20.1,0,3599.6,20.3,3,2745.85,20,7,2441.4,20.2,0,2378.92,20.3,1,3055.56,20.4,6
"2026-03-22 06:45:00",1029,802,"Chapada_Low",11.85,2663.52,21.5,0,2448.51,20.6,1,2597.77,20.8,0,2992.29,20,0,3600.48,20.3,0,2742.85,20,0,2441.62,20.2,0,2379,20.3,13,3054.96,20.4,0
"2026-03-22 07:00:00",1030,802,"Chapada_Low",11.85,2663.45,21.5,0,2447.73,20.6,0,2597.24,20.8,0,2993.19,20,0,3599.18,20.3,0,2741.68,20,0,2441.35,20.2,0,2379.55,20.2,1,3055.73,20.4,0
"2026-03-22 07:15:00",1031,802,"Chapada_Low",11.85,2664.2,21.5,0,2447.41,20.6,0,2597.07,20.8,0,2992.2,20.1,0,3598.02,20.3,3,2743.23,20,1,2441.77,20.3,0,2378.42,20.3,0,3053.19,20.4,3
"2026-03-22 07:30:00",1032,802,"Chapada_Low",11.85,2663.82,21.5,0,2447.02,20.7,0,2597.48,20.9,0,2991.47,20.2,0,3597.55,20.4,5,2743.32,20.1,0,2441.19,20.3,2,2378.29,20.4,0,3053.3,20.5,3
"2026-03-22 07:45:00",1033,802,"Chapada_Low",11.85,2663.95,21.6,0,2447.47,20.8,0,2597.21,21,3,2990.94,20.3,0,3597.94,20.5,10,2740.44,20.3,0,2441.23,20.5,0,2381.08,20.5,0,3053.36,20.6,0
"2026-03-22 08:00:00",1034,802,"Chapada_Low",11.85,2663.25,21.8,0,2448.31,20.9,0,2597.2,21.1,9,2990.18,20.4,0,3598.36,20.6,0,2739.73,20.4,0,2440.09,20.6,0,2380.61,20.7,0,3054.89,20.8,0
"2026-03-22 08:15:00",1035,802,"Chapada_Low",11.85,2662.75,21.9,0,2448.24,21.1,0,2597.15,21.3,0,2989.13,20.6,0,3597.48,20.8,5,2738.57,20.6,0,2440.33,20.9,0,2377.59,20.9,10,3054.41,21.2,3
"2026-03-22 08:30:00",1036,802,"Chapada_Low",11.85,2663.81,22.3,0,2447.11,21.5,0,2597.46,21.7,0,2986.4,21,0,3596.98,21.2,5,2738.53,21.1,3,2440.96,21.3,0,2378.28,21.4,0,3053.3,21.6,0
"2026-03-22 08:45:00",1037,802,"Chapada_Low",11.84,2663.96,22.5,0,2447.41,21.9,0,2597.19,21.9,11,2985.55,21.3,0,3595.85,21.4,11,2740.38,21.4,6,2440.1,21.6,0,2379.57,21.6,0,3050.75,21.9,0
"2026-03-22 09:00:00",1038,802,"Chapada_Low",11.85,2663.99,22.7,0,2445.58,22.1,0,2597.5,22.3,0,2983.07,21.6,0,3595.16,21.7,3,2743.46,21.7,6,2439.38,21.9,0,2376.05,21.9,0,3052.38,22.2,0
"2026-03-22 09:15:00",1039,802,"Chapada_Low",11.85,2663.41,22.8,0,2444.58,22.2,12,2597.25,22.3,0,2979.05,21.8,0,3594.86,21.8,0,2734.85,21.8,0,2438.74,22,0,2375.44,22,0,3049.4,22.3,0
"2026-03-22 09:30:00",1040,802,"Chapada_Low",11.85,2662.57,22.9,0,2445.63,22.2,0,2596.71,22.3,0,2978.28,21.7,0,3594.41,22,6,2734.63,22,9,2436.99,22,0,2377.11,22,0,3049.1,22.4,4
"2026-03-22 09:45:00",1041,802,"Chapada_Low",11.84,2663.25,23,0,2444.64,22.4,0,2596.44,22.4,18,2977.47,21.8,0,3593.68,22,2,2733.05,22.2,4,2438.63,22.6,0,2374.92,22.2,3,3048.75,22.6,0
"2026-03-22 10:00:00",1042,802,"Chapada_Low",11.84,2662.3,23.3,0,2443.77,22.6,0,2596.8,22.6,0,2975.97,21.9,0,3593.38,22.2,9,2732.81,22.4,4,2436.79,22.7,0,2374.55,23,0,3050.02,22.9,0
"2026-03-22 10:15:00",1043,802,"Chapada_Low",11.85,2661.67,23.6,0,2443.31,22.9,0,2596.56,22.8,0,2975.11,22.1,0,3591.93,22.4,7,2733.19,22.6,6,2436.65,22.9,0,2375.52,23.1,0,3046.58,23.7,9
"2026-03-22 10:30:00",1044,802,"Chapada_Low",11.85,2659.6,24.2,2,2442.48,23.4,0,2596.48,23.1,0,2973.51,22.2,0,3592.49,22.6,0,2731.61,22.9,3,2436.57,23.2,0,2372.71,23.4,0,3045.98,23.8,3
"2026-03-22 10:45:00",1045,802,"Chapada_Low",11.86,2658.24,24.5,0,2441.85,24,0,2596.45,24,0,2971.1,22.6,1,3589.8,23,3,2731.3,23.4,9,2433.76,23.6,0,2373.8,23.9,1,3046.35,24.3,0
"2026-03-22 11:00:00",1046,802,"Chapada_Low",11.86,2657.29,25,0,2440.39,24.7,8,2598.9,24.5,0,2966.87,24.4,0,3588.35,23.5,6,2726.51,24.2,0,2433.03,24.4,4,2371.07,24.9,2,3042.89,25.1,0
"2026-03-22 11:15:00",1047,802,"Chapada_Low",11.85,2656.41,26.3,0,2440.76,26.1,0,2595.92,25.4,0,2961.56,25.3,0,3584.3,25.7,2,2720.86,25.9,0,2430.37,26,0,2369.46,27.2,0,3041.13,26.9,0
"2026-03-22 11:30:00",1048,802,"Chapada_Low",11.86,2655.1,26.9,0,2439.15,26.6,0,2594.98,25.9,0,2956.82,25.3,0,3581.03,25.7,4,2715.83,27.7,1,2427.81,26.8,0,2366.79,28,0,3038.25,27.6,0
"2026-03-22 11:45:00",1049,802,"Chapada_Low",11.85,2654.25,26.7,0,2438.1,26.3,2,2594.99,25.7,0,2955.64,24.9,0,3580.62,25.3,8,2713.63,26.7,1,2426.05,27.3,0,2365.51,27.7,0,3037.98,27.2,3
"2026-03-22 12:00:00",1050,802,"Chapada_Low",11.86,2653.35,26.8,0,2437.37,26.4,0,2593.88,25.9,0,2954.29,25.1,0,3578.61,25.4,6,2711.55,26.7,0,2425.25,27,0,2364.49,28.2,1,3036.05,28,0
"2026-03-22 12:15:00",1051,802,"Chapada_Low",11.85,2652.8,27.4,5,2435.09,26.7,0,2593.1,26.3,0,2951.19,25.4,0,3576.81,25.6,2,2709.15,27,1,2423.65,27.2,0,2362.58,28.5,0,3034.79,28.5,0
"2026-03-22 12:30:00",1052,802,"Chapada_Low",11.85,2652.31,27,5,2434.63,26.6,0,2594.09,26,1,2950.5,25.1,0,3576.3,25.4,6,2708.19,26.4,0,2424.93,26.7,0,2362.62,27.8,0,3035.54,27.5,0
"2026-03-22 12:45:00",1053,802,"Chapada_Low",11.85,2651.7,26.5,0,2433.83,26,0,2592.16,25.8,0,2951.73,24.7,0,3578.05,24.9,2,2709.14,25.7,0,2425.48,26,0,2364.23,27,3,3036.54,26.6,0
"2026-03-22 13:00:00",1054,802,"Chapada_Low",11.85,2651.04,26.3,2,2433.98,25.9,0,2592.72,25.7,2,2950.82,25,0,3578.08,25.1,0,2709.64,25.6,0,2425.91,25.9,0,2363.63,26.8,0,3036.3,26.7,0
"2026-03-22 13:15:00",1055,802,"Chapada_Low",11.85,2650.74,26.8,0,2433.43,26.4,0,2593.94,26.5,0,2947.18,25.5,0,3574.43,26.1,0,2707.63,27.4,0,2424.36,26.7,0,2363.96,27.7,5,3035.03,27.7,3
"2026-03-22 13:30:00",1056,802,"Chapada_Low",11.85,2649.59,27.5,0,2432.15,27.3,0,2591.85,27.5,0,2943.62,26.2,0,3570.23,26.8,0,2703.41,28.2,4,2420.4,29.4,2,2360.97,28.9,0,3032.56,28.9,0
"2026-03-22 13:45:00",1057,802,"Chapada_Low",11.85,2648.67,27.5,0,2430.66,27.4,0,2591.4,27.3,0,2939.35,26.2,0,3569.56,26.7,8,2700.8,27.8,1,2419.79,28.5,0,2359.7,29.4,0,3031.99,28.6,0
"2026-03-22 14:00:00",1058,802,"Chapada_Low",11.85,2649.11,26.6,0,2433.14,26.3,0,2592.11,25.9,0,2940.59,25,0,3573.68,25.5,14,2702.37,26.3,4,2422.63,26.9,0,2359.15,27.5,0,3033.52,27.4,2
"2026-03-22 14:15:00",1059,802,"Chapada_Low",11.85,2648.95,26.1,0,2432.58,25.4,3,2590.15,25.1,0,2943.3,24.3,5,3577.16,24.7,24,2704.98,25.2,1,2423.57,25.8,0,2360.11,26.1,1,3035.12,26.4,0
"2026-03-22 14:30:00",1060,802,"Chapada_Low",11.85,2648.54,26.3,0,2432.13,25.8,0,2590.2,26.1,0,2942.81,24.7,0,3575.53,24.9,4,2706.13,25.5,0,2423.88,26.1,0,2361.97,26.2,0,3033.97,27.2,0
"2026-03-22 14:45:00",1061,802,"Chapada_Low",11.85,2647.72,27.1,0,2430.36,26.4,0,2592.8,27,0,2936.66,26.4,0,3572.49,25.7,0,2704.87,26.3,0,2422.2,27.1,0,2361.16,26.8,0,3031.55,28.4,0
"2026-03-22 15:00:00",1062,802,"Chapada_Low",11.85,2646.76,27.9,0,2431.28,27.2,0,2592.57,28,0,2928.89,27.3,0,3566.9,27.9,4,2701.83,27.4,3,2417.86,28.4,0,2359.45,27.7,0,3027.71,29.8,0
"2026-03-22 15:15:00",1063,802,"Chapada_Low",11.85,2647.43,27.3,0,2431.3,26.8,0,2590.42,27.1,0,2931.28,26.4,0,3569.16,26.6,6,2701.68,27.5,4,2418.9,27.6,0,2358.91,27.1,0,3029.83,28.5,0
"2026-03-22 15:30:00",1064,802,"Chapada_Low",11.85,2650.33,25.9,0,2437.09,25.4,3,2595.41,25.5,0,2948.68,24.8,0,3574.09,25.1,6,2705.78,25.5,0,2424.42,26.1,0,2363.22,25.5,0,3035.32,26,0
"2026-03-22 15:45:00",1065,802,"Chapada_Low",11.85,2653.02,25.3,0,2438.47,24.7,0,2594.04,24.8,6,2953.92,24,0,3576.93,24.3,2,2711.68,24.6,0,2426.57,25,0,2364.49,24.7,0,3035.43,25.2,0
"2026-03-22 16:00:00",1066,802,"Chapada_Low",11.85,2655.18,24.8,5,2440.97,24.1,0,2594.32,24.3,4,2959.28,23.4,0,3578.28,23.7,4,2715.34,23.9,2,2429.09,24.2,0,2367.08,23.9,9,3037.04,24.5,1
"2026-03-22 16:15:00",1067,802,"Chapada_Low",11.85,2655.61,24.4,0,2442.3,23.8,0,2595.56,24,0,2969.16,23,0,3580.02,23.3,8,2718.38,23.4,2,2430.54,23.7,0,2369.44,23.5,1,3038.53,24.1,2
"2026-03-22 16:30:00",1068,802,"Chapada_Low",11.85,2664.56,24.1,0,2456.02,23.4,0,2601.94,23.7,0,2992.03,22.8,0,3584.09,23,6,2742.55,23,1,2436.52,23.3,0,2380.94,23.1,0,3047.76,23.6,0
"2026-03-22 16:45:00",1069,802,"Chapada_Low",11.85,2749.91,23.8,0,2523.14,23.1,3,2622.02,23.5,0,3167.73,22.6,0,3601.62,22.8,0,2881.58,22.5,5,2487.05,22.9,0,2498.94,22.9,0,3081.86,23.1,0
"2026-03-22 17:00:00",1070,802,"Chapada_Low",11.85,2759.27,23.6,0,2530.18,22.9,7,2606.86,23.3,9,3206.59,22.5,0,3613.32,22.7,3,2818.68,22.3,4,2503.48,22.7,0,2526.91,22.6,0,3083.76,23,0
"2026-03-22 17:15:00",1071,802,"Chapada_Low",11.85,2760.91,23.5,1,2531.98,22.8,0,2607.68,23.2,0,3183.38,22.4,0,3614.21,22.6,8,2803.68,22.2,2,2495.59,22.6,0,2527.4,22.5,0,3086.73,23,0
"2026-03-22 17:30:00",1072,802,"Chapada_Low",11.85,2763.1,23.6,0,2531.05,22.8,0,2608.54,23.2,2,3164.51,22.4,0,3612.48,22.6,8,2795.95,22.3,6,2491.09,22.6,0,2523.45,22.7,0,3087.46,23.1,2
"2026-03-22 17:45:00",1073,802,"Chapada_Low",11.84,2764.08,23.9,0,2529.79,23.1,0,2609.97,23.4,0,3153.58,22.6,0,3609.15,22.8,3,2790.43,22.5,12,2488.07,22.9,0,2522.08,22.9,0,3084.58,23.5,1
"2026-03-22 18:00:00",1074,802,"Chapada_Low",11.84,2765.93,24.3,3,2530.27,23.4,0,2611.1,23.6,0,3143.77,22.9,0,3607.75,23,8,2782.37,22.9,2,2484.55,23.2,0,2522.45,23.2,3,3087.52,23.6,0
"2026-03-22 18:15:00",1075,802,"Chapada_Low",11.84,2766.14,24,2,2530.71,23.3,0,2611.71,23.5,0,3136.83,22.7,0,3608.68,22.8,8,2779.72,22.7,1,2481.51,22.9,0,2518.76,22.9,6,3087.22,23.3,1
"2026-03-22 18:30:00",1076,802,"Chapada_Low",11.84,2765.98,23.9,0,2531.38,23.1,6,2612.4,23.3,0,3136.43,22.7,0,3606.84,22.7,9,2776.73,22.5,0,2480.58,22.7,0,2517.49,22.8,0,3085.74,23.2,0
"2026-03-22 18:45:00",1077,802,"Chapada_Low",11.84,2765.88,23.8,0,2531.26,22.9,0,2613.62,23.1,1,3144.33,22.4,0,3608.1,22.5,2,2774.62,22.3,0,2479.28,22.4,0,2518.45,22.6,1,3086.6,22.9,0
"2026-03-22 19:00:00",1078,802,"Chapada_Low",11.84,2764.98,23.7,0,2530.84,22.6,0,2613.36,22.8,0,3151.25,22.1,0,3609.63,22.3,9,2772.17,22,1,2478.35,22.1,0,2516.47,22.4,0,3089.68,22.6,1
"2026-03-22 19:15:00",1079,802,"Chapada_Low",11.84,2764.67,23.5,0,2530.21,22.4,0,2614.63,22.7,0,3154.16,21.9,0,3611.02,22.1,5,2771.57,21.8,5,2478.23,21.9,1,2515.28,22.1,0,3090.29,22.5,0
"2026-03-22 19:30:00",1080,802,"Chapada_Low",11.84,2764.7,23.4,0,2532.27,22.3,0,2616.15,22.6,0,3154.53,21.8,0,3612.06,22,4,2770.65,21.7,0,2477.26,21.8,1,2513.25,22,8,3091.18,22.3,0
"2026-03-22 19:45:00",1081,802,"Chapada_Low",11.85,2764.12,23.3,0,2531.43,22.2,0,2617.63,22.4,1,3151.71,21.6,0,3615.49,21.9,0,2770.99,21.5,12,2476.48,21.6,0,2509.52,21.9,0,3089.28,22.1,0
"2026-03-22 20:00:00",1082,802,"Chapada_Low",11.85,2753.88,23.3,0,2530.46,22.1,0,2617.76,22.3,0,3145.77,21.5,0,3615.84,21.8,8,2771.37,21.4,12,2475.3,21.5,0,2510.57,21.8,0,3092.56,22,0
"2026-03-22 20:15:00",1083,802,"Chapada_Low",11.84,2746.75,23.2,4,2530.13,22,0,2619.55,22.1,0,3141.28,21.4,0,3615.76,21.6,6,2771.86,21.3,1,2473.4,21.4,0,2507.03,21.7,0,3092.59,21.9,2
"2026-03-22 20:30:00",1084,802,"Chapada_Low",11.84,2743.68,23.2,0,2530.28,21.8,0,2619.9,22.1,5,3134.06,21.2,0,3613.09,21.5,10,2772.11,21.2,2,2473.04,21.3,0,2504.8,21.5,0,3090.26,21.7,0
"2026-03-22 20:45:00",1085,802,"Chapada_Low",11.84,2742.9,23.1,0,2527.78,21.8,0,2620.83,22,9,3128.44,21.1,0,3612.73,21.4,6,2771.06,21,3,2472.8,21.2,3,2506.45,21.4,0,3092.69,21.6,1
"2026-03-22 21:00:00",1086,802,"Chapada_Low",11.84,2741.31,23.3,0,2529.94,21.6,0,2621.15,21.9,0,3120.38,21,0,3612.51,21.3,0,2770.46,20.9,2,2472.84,21,0,2504.89,21.3,0,3091.31,21.5,6
"2026-03-22 21:15:00",1087,802,"Chapada_Low",11.84,2741.05,23.5,0,2529.5,21.6,0,2621.33,21.8,0,3115.73,20.9,0,3609.71,21.2,7,2770.27,20.8,0,2471.2,20.9,0,2501.27,21.1,4,3093.21,21.4,0
"2026-03-22 21:30:00",1088,802,"Chapada_Low",11.84,2739.87,23.5,0,2526.61,21.5,0,2621.8,21.7,11,3111.14,20.9,0,3608.92,21.2,0,2769.18,20.8,0,2470.35,20.9,0,2499.74,21.1,0,3090.81,21.3,0
"2026-03-22 21:45:00",1089,802,"Chapada_Low",11.84,2740.02,23.2,0,2525.86,21.4,0,2622.63,21.7,0,3107.19,20.8,0,3607,21.1,0,2769.18,20.7,0,2470.27,20.8,0,2499.38,21,9,3093.28,21.2,1
"2026-03-22 22:00:00",1090,802,"Chapada_Low",11.84,2740.03,23.2,18,2527.16,21.3,1,2622.66,21.5,0,3102.96,20.7,0,3607.57,21,1,2768.1,20.6,20,2470.19,20.7,0,2498.21,20.9,0,3093.48,21.1,0
"2026-03-22 22:15:00",1091,802,"Chapada_Low",11.84,2737.3,23.1,7,2525.76,21.3,0,2621.88,21.4,6,3101.17,20.6,0,3609.68,20.9,6,2768.51,20.5,0,2470.1,20.6,0,2499.19,20.9,0,3093.89,21.1,2
"2026-03-22 22:30:00",1092,802,"Chapada_Low",11.84,2737.23,23.1,0,2527.08,21.1,0,2621.97,21.4,0,3098.86,20.5,2,3610.95,20.8,13,2767.91,20.5,4,2469.3,20.5,0,2495.94,20.8,0,3093.67,21,0
"2026-03-22 22:45:00",1093,802,"Chapada_Low",11.84,2737.47,23,0,2527.08,21,0,2621.73,21.3,1,3096.47,20.4,0,3608.92,20.7,4,2767.93,20.3,3,2469.11,20.4,0,2494.81,20.7,0,3081.3,20.9,0
"2026-03-22 23:00:00",1094,802,"Chapada_Low",11.84,2736.97,22.8,0,2526.21,21,0,2621.91,21.2,0,3093.8,20.3,0,3609.83,20.6,0,2767.17,20.2,5,2469.28,20.3,0,2493.25,20.5,0,3083.52,20.8,0
"2026-03-22 23:15:00",1095,802,"Chapada_Low",11.84,2737.11,22.7,2,2525.95,20.8,6,2622.09,21.2,0,3092.8,20.3,0,3611.55,20.6,7,2767.44,20.1,2,2468.02,20.2,0,2492.72,20.5,2,3081.02,20.7,0
"2026-03-22 23:30:00",1096,802,"Chapada_Low",11.85,2736.8,22.6,0,2526.55,20.8,0,2621.99,21.1,0,3091.43,20.2,0,3611.26,20.5,5,2765.24,20.1,5,2466.82,20.2,0,2492.98,20.4,0,3082.79,20.7,0
"2026-03-22 23:45:00",1097,802,"Chapada_Low",11.85,2735.7,22.6,0,2526.36,20.7,6,2622.14,21.1,0,3090.61,20.2,19,3612.7,20.5,10,2765.05,20,0,2465.64,20.1,0,2491.74,20.4,0,3080.48,20.6,19
"2026-03-23 00:00:00",1098,802,"Chapada_Low",11.85,2734.55,22.6,0,2525.62,20.7,5,2622.12,21,0,3089.61,20.1,0,3612.38,20.4,1,2765.34,19.9,8,2466.29,20.1,0,2490.64,20.3,0,3083.03,20.5,6
"2026-03-23 00:15:00",1099,802,"Chapada_Low",11.85,2734.39,22.6,8,2524.92,20.6,0,2623.14,20.9,0,3088.55,20,0,3612.81,20.3,3,2764.49,19.9,0,2466.31,20,0,2490.03,20.3,0,3083.19,20.5,0
"2026-03-23 00:30:00",1100,802,"Chapada_Low",11.85,2734.75,22.5,0,2525.81,20.5,0,2623.3,20.9,0,3088.45,20,0,3613.9,20.2,3,2764.73,19.8,7,2467.22,19.9,9,2490.18,20.2,0,3082.89,20.4,0
"2026-03-23 00:45:00",1101,802,"Chapada_Low",11.85,2733.8,22.4,0,2525.41,20.5,6,2623.03,20.8,0,3087.27,19.9,0,3614.55,20.2,0,2764.83,19.7,0,2468.18,19.7,0,2488.89,20.2,0,3082.88,20.3,0
"2026-03-23 01:00:00",1102,802,"Chapada_Low",11.85,2733.44,22.5,3,2524.77,20.4,2,2623.69,20.7,0,3085.94,19.9,0,3615.19,20.2,8,2765.07,19.7,8,2467.77,19.7,0,2488.39,20,0,3083.16,20.3,0
"2026-03-23 01:15:00",1103,802,"Chapada_Low",11.85,2732.91,22.4,0,2524.81,20.4,0,2624.06,20.7,0,3084.44,19.8,0,3614.92,20.1,6,2764.59,19.7,0,2465.87,19.7,0,2487.52,20,0,3080.94,20.3,0
"2026-03-23 01:30:00",1104,802,"Chapada_Low",11.85,2733.9,22.2,0,2524.15,20.4,0,2623.64,20.7,0,3083.86,19.8,0,3616.69,20.1,0,2764.56,19.6,6,2467.1,19.7,7,2486.64,20,12,3081.13,20.2,0
"2026-03-23 01:45:00",1105,802,"Chapada_Low",11.84,2732.85,22.2,2,2524.76,20.4,0,2623.59,20.7,0,3082.39,19.8,0,3616.86,20.1,1,2764.79,19.7,2,2467.03,19.8,0,2486.18,20,0,3083.41,20.2,1
"2026-03-23 02:00:00",1106,802,"Chapada_Low",11.84,2733.68,22.1,5,2524.97,20.4,0,2624.27,20.6,5,3082.44,19.8,1,3615.52,20.1,1,2764.22,19.7,0,2465.19,19.8,0,2484.44,20,0,3083.54,20.2,0
"2026-03-23 02:15:00",1107,802,"Chapada_Low",11.84,2733,22.1,0,2523.83,20.4,0,2624.51,20.6,0,3080.68,19.8,0,3615.7,20,4,2765,19.7,0,2466.73,19.8,0,2483.5,20,0,3081.69,20.2,1
"2026-03-23 02:30:00",1108,802,"Chapada_Low",11.84,2733.18,22,0,2524.29,20.3,0,2624.5,20.6,0,3079.56,19.8,0,3614.9,20,4,2764.18,19.6,7,2465.46,19.7,0,2483.04,20,2,3081.28,20.1,0
"2026-03-23 02:45:00",1109,802,"Chapada_Low",11.84,2732.79,22,4,2524.43,20.3,8,2624.89,20.6,0,3078.48,19.7,13,3616.96,20,8,2764.87,19.6,0,2466.16,19.6,0,2482.55,19.9,0,3081.56,20.1,4
"2026-03-23 03:00:00",1110,802,"Chapada_Low",11.84,2732.04,22,0,2524.16,20.3,0,2623.79,20.5,0,3078.71,19.7,0,3616.93,20,11,2764.6,19.6,8,2464.8,19.6,0,2482.18,19.8,0,3081.48,20.1,0
"2026-03-23 03:15:00",1111,802,"Chapada_Low",11.84,2732.71,21.9,0,2523.19,20.2,0,2624.62,20.5,0,3077.67,19.7,0,3618.21,20,4,2764.09,19.5,3,2465.57,19.6,0,2481.04,19.8,8,3083.77,20.1,0
"2026-03-23 03:30:00",1112,802,"Chapada_Low",11.84,2732.6,21.9,0,2524.25,20.2,0,2624.31,20.5,0,3077.62,19.7,0,3617.34,19.9,5,2764.38,19.5,4,2465.97,19.6,0,2480.97,19.8,14,3081.61,20,0
"2026-03-23 03:45:00",1113,802,"Chapada_Low",11.84,2732.4,21.9,0,2524.18,20.2,0,2624.51,20.4,0,3077.06,19.7,0,3616.67,19.9,0,2764.52,19.5,0,2465.44,19.6,1,2480.33,19.8,0,3083.95,20,5
"2026-03-23 04:00:00",1114,802,"Chapada_Low",11.84,2730.58,22,3,2522.79,20.2,2,2624.72,20.5,1,3076.83,19.7,0,3618.24,19.9,6,2763.77,19.6,11,2464.17,19.6,0,2480.01,19.9,0,3084.29,20,0
"2026-03-23 04:15:00",1115,802,"Chapada_Low",11.84,2730.11,22,0,2523.34,20.2,14,2623.76,20.4,2,3075.51,19.7,1,3618.69,19.9,4,2763.96,19.5,0,2464.37,19.6,13,2480.13,19.8,0,3081.77,20,0
"2026-03-23 04:30:00",1116,802,"Chapada_Low",11.84,2730.35,22,0,2523.29,20.2,0,2624.88,20.4,0,3073.58,19.6,0,3616.98,19.8,1,2764.24,19.5,13,2463.56,19.5,0,2478.57,19.8,3,3081.79,19.9,0
"2026-03-23 04:45:00",1117,802,"Chapada_Low",11.85,2729.88,22,3,2523.05,20.1,20,2624.25,20.4,0,3073.26,19.6,0,3618.8,19.8,4,2763.51,19.4,7,2464.21,19.5,2,2477.78,19.7,0,3083.61,19.9,0
"2026-03-23 05:00:00",1118,802,"Chapada_Low",11.85,2729.49,21.9,0,2522.64,20.2,0,2624.91,20.3,3,3072.06,19.6,0,3620.11,19.8,0,2763.58,19.4,0,2463.05,19.5,0,2476.85,19.7,3,3084.36,19.9,0
"2026-03-23 05:15:00",1119,802,"Chapada_Low",11.84,2729.86,21.8,0,2522.37,20.1,0,2624.97,20.3,17,3071.8,19.5,0,3621.59,19.7,0,2763.64,19.4,0,2464.98,19.4,0,2476.17,19.7,0,3084.07,19.8,0
"2026-03-23 05:30:00",1120,802,"Chapada_Low",11.84,2729.64,21.8,0,2522.48,20,19,2625.01,20.3,0,3071.46,19.5,0,3622.29,19.7,5,2763.29,19.3,0,2463.22,19.4,0,2475.05,19.6,3,3082.37,19.8,0
"2026-03-23 05:45:00",1121,802,"Chapada_Low",11.85,2729.76,21.9,0,2522.34,20,0,2625.05,20.2,5,3068.19,19.5,0,3622.9,19.7,5,2761,19.4,0,2463.05,19.4,0,2475.33,19.6,0,3084.2,19.8,1
"2026-03-23 06:00:00",1122,802,"Chapada_Low",11.85,2728.71,21.8,0,2520.93,20,0,2624.41,20.2,0,3068.77,19.5,0,3623.58,19.6,6,2762.76,19.3,0,2463.94,19.4,0,2474.82,19.6,0,3082.56,19.8,0
"2026-03-23 06:15:00",1123,802,"Chapada_Low",11.85,2728.38,21.9,8,2521.42,20,3,2624.09,20.3,0,3068.7,19.4,0,3622.66,19.6,6,2761.71,19.3,0,2463.14,19.4,0,2475.94,19.6,2,3084.6,19.7,0
"2026-03-23 06:30:00",1124,802,"Chapada_Low",11.85,2727.64,22.1,0,2521.22,19.9,0,2624.51,20.2,0,3067.81,19.4,0,3622.75,19.6,0,2760.87,19.3,1,2463.7,19.3,0,2472.45,19.6,4,3084.43,19.7,0
"2026-03-23 06:45:00",1125,802,"Chapada_Low",11.85,2726.77,22.3,0,2521.85,19.9,0,2624.98,20.2,15,3068.06,19.4,0,3624.57,19.6,0,2761.66,19.2,1,2462.36,19.3,6,2472.77,19.5,0,3081.81,19.7,0
"2026-03-23 07:00:00",1126,802,"Chapada_Low",11.85,2727.2,22.4,0,2519.9,19.9,0,2624.49,20.2,0,3066.37,19.4,0,3625.11,19.6,1,2762.15,19.2,0,2463.96,19.3,0,2471.76,19.5,0,3084.31,19.6,0
"2026-03-23 07:15:00",1127,802,"Chapada_Low",11.85,2725.13,22.4,0,2521.62,19.9,0,2624.39,20.2,0,3066.39,19.4,0,3627.31,19.6,0,2763.2,19.3,4,2462.3,19.3,0,2470.86,19.5,0,3082.18,19.8,0
"2026-03-23 07:30:00",1128,802,"Chapada_Low",11.85,2725.38,22.6,0,2519.83,20.1,0,2623.83,20.4,0,3064.84,19.8,0,3626.41,20,0,2761.45,19.5,0,2463.44,19.6,0,2470.93,19.7,0,3084.6,20,0
"2026-03-23 07:45:00",1129,802,"Chapada_Low",11.85,2725.83,23.1,0,2520.08,20.6,0,2624.57,20.8,0,3063.3,20.4,0,3625.3,20.5,5,2761.36,19.8,0,2461.75,19.9,6,2468.74,20,0,3081.62,20.2,0
"2026-03-23 08:00:00",1130,802,"Chapada_Low",11.85,2726.67,23.6,0,2519.16,21.2,0,2624.14,21.2,0,3061.54,20.7,0,3625.81,20.7,2,2763.72,20.2,0,2460.79,20.6,0,2467.57,20.5,0,3083.31,20.7,6
"2026-03-23 08:15:00",1131,802,"Chapada_Low",11.85,2726.08,24.1,2,2517.87,21.7,0,2621.72,21.7,0,3059.69,20.9,0,3623.57,21,0,2762.09,20.5,0,2460.38,21.6,13,2467.48,21.4,0,3078.85,21.5,1
"2026-03-23 08:30:00",1132,802,"Chapada_Low",11.85,2726,24.5,0,2517.97,22.1,0,2621.27,22,0,3057.94,20.9,0,3628.49,21.3,4,2762.33,21.2,8,2459.46,22.1,0,2467.29,22.5,0,3079.77,22,2
"2026-03-23 08:45:00",1133,802,"Chapada_Low",11.85,2725.21,25,0,2515.89,22.5,0,2621.23,22.3,0,3056.91,21.2,0,3629.52,21.5,6,2761.03,22.1,0,2458.31,22.6,0,2465.41,22.9,0,3077.42,22.8,3
"2026-03-23 09:00:00",1134,802,"Chapada_Low",11.85,2723.38,25.8,11,2514.38,23.2,1,2621.14,22.7,0,3052.7,21.6,0,3627.03,22.4,5,2759.08,22.8,0,2456.4,23.2,0,2461.01,23.5,0,3074.75,23.2,0
"2026-03-23 09:15:00",1135,802,"Chapada_Low",11.84,2722.74,26,0,2514.01,23.7,0,2620.94,23.2,0,3053.54,21.6,0,3625.65,22.9,4,2756.68,23.2,7,2455.62,23.4,0,2462.73,23.7,0,3073.97,23.4,0
"2026-03-23 09:30:00",1136,802,"Chapada_Low",11.84,2722.05,26.2,0,2512.65,23.8,0,2621.18,23.5,0,3047.62,22.3,0,3623.29,23.3,4,2755.77,23.6,0,2453.5,23.8,0,2459.36,24.1,13,3074.34,23.8,1
"2026-03-23 09:45:00",1137,802,"Chapada_Low",11.85,2721.16,26.2,0,2513.67,23.7,0,2620.62,23.5,0,3045.69,22.5,0,3622.61,23.8,4,2754.95,23.6,0,2453.92,23.8,1,2458.12,24.1,0,3072.13,23.8,1
"2026-03-23 10:00:00",1138,802,"Chapada_Low",11.85,2720.62,26.1,0,2513.31,23.7,0,2620.24,23.4,2,3043.87,22.5,0,3623.87,23.4,8,2753.98,24,11,2452.02,23.8,0,2456.34,24,0,3071.47,23.8,0
"2026-03-23 10:15:00",1139,802,"Chapada_Low",11.85,2719.64,26.3,0,2511.61,23.8,0,2620.13,23.5,0,3041.8,22.7,0,3623.98,23.4,3,2753.2,23.9,1,2451.17,24.4,0,2452.48,24.3,2,3070.58,24,0
"2026-03-23 10:30:00",1140,802,"Chapada_Low",11.85,2719.35,26.3,0,2511.4,24.1,0,2619.45,23.6,0,3039.94,22.8,0,3622.5,23.5,0,2752.02,24,2,2449.44,24.3,0,2450.32,25,0,3069.69,24.6,1
"2026-03-23 10:45:00",1141,802,"Chapada_Low",11.85,2718.08,27.9,0,2510.91,25.6,0,2620.09,24.4,2,3035.91,23.9,0,3620,24.5,3,2747.29,25.4,3,2448.26,25.5,0,2446.69,27,0,3069.11,25.8,10
"2026-03-23 11:00:00",1142,802,"Chapada_Low",11.84,2716.62,28.9,3,2508.07,27.6,0,2620.07,25.3,0,3029.54,25,0,3615.63,25.2,0,2743.13,26.7,4,2444.83,26.6,0,2442.28,29,0,3067.6,26.7,0
"2026-03-23 11:15:00",1143,802,"Chapada_Low",11.85,2714.76,29.1,0,2507.45,27.7,0,2619.89,26,0,3025.6,25.4,0,3613.55,25.6,0,2739.49,26.9,3,2442.81,27,0,2438.92,29.5,2,3065.86,27,5
"2026-03-23 11:30:00",1144,802,"Chapada_Low",11.85,2713.17,29.1,0,2498.45,27.9,0,2620.99,26.5,0,3021.27,26.1,0,3611.32,26.1,2,2737.97,27.4,9,2441.61,27.6,0,2435.43,29.8,0,3063.27,28,0
"2026-03-23 11:45:00",1145,802,"Chapada_Low",11.84,2710.69,29.6,0,2495.72,28.5,0,2619.56,27.7,1,3017.73,27.3,0,3607.82,26.7,3,2733.38,28.1,1,2440.09,28.2,3,2428.54,31.2,0,3058.78,30,0
"2026-03-23 12:00:00",1146,802,"Chapada_Low",11.84,2708.87,29,0,2494.41,27.7,0,2616.15,26.8,0,3014.79,27,0,3609.98,26.5,3,2731.67,27.4,0,2439.74,27.5,0,2426.65,30,4,3059.62,28.8,2
"2026-03-23 12:15:00",1147,802,"Chapada_Low",11.84,2708.75,28.6,0,2492.64,27.5,6,2615.54,26.9,17,3011.63,26.6,0,3608.36,26.6,8,2731.65,28,6,2437.92,27.5,0,2424.8,29.5,0,3058.64,29.2,0
"2026-03-23 12:30:00",1148,802,"Chapada_Low",11.84,2707.61,28.5,0,2492.95,27.4,0,2616.27,26.9,7,3009.66,26.5,0,3607.29,26.5,9,2728.89,27.7,3,2437.52,28.3,0,2421.7,29.2,0,3058.39,28.9,2
"2026-03-23 12:45:00",1149,802,"Chapada_Low",11.84,2706.94,27.9,1,2493.2,26.7,0,2614.94,26.2,0,3010.42,25.8,0,3609.36,25.8,0,2729.58,26.7,1,2438.76,27.2,0,2417.85,28.4,0,3060.15,27.7,1
"2026-03-23 13:00:00",1150,802,"Chapada_Low",11.84,2706.49,27.4,0,2491.2,26.2,0,2612.54,25.8,0,3011.19,25.3,0,3609.22,25.4,5,2731.83,26.1,3,2439.07,26.4,0,2417.4,27.5,0,3060.53,27.2,4
"2026-03-23 13:15:00",1151,802,"Chapada_Low",11.84,2705.69,27.4,0,2491.36,26.1,0,2613.44,25.8,0,3011.48,25.1,0,3610.15,25.3,26,2731.86,25.9,14,2440.51,26.1,0,2418.91,27.1,0,3061.24,26.9,0
"2026-03-23 13:30:00",1152,802,"Chapada_Low",11.84,2705.41,27.3,2,2490.45,26.1,0,2613.07,26,0,3010.75,25.2,0,3609.73,25.3,0,2731.93,25.9,2,2439.56,26.1,0,2415.84,26.9,0,3061.25,26.9,0
"2026-03-23 13:45:00",1153,802,"Chapada_Low",11.84,2704.91,27.2,0,2491.47,26.1,0,2613.37,26.1,0,3009.11,25.6,0,3609.24,25.4,5,2730.64,25.9,3,2439.91,26.2,0,2417.76,27,0,3060.69,27.1,4
"2026-03-23 14:00:00",1154,802,"Chapada_Low",11.84,2704.05,27.7,0,2489.04,26.7,0,2614.33,26.7,1,3004.76,26.2,0,3605.28,27,0,2732.91,26.8,0,2437.98,27.1,0,2411.17,27.7,0,3059.21,28.2,2
"2026-03-23 14:15:00",1155,802,"Chapada_Low",11.85,2703.16,28.5,1,2487.04,27.4,1,2612.99,27.5,0,3001.66,27.3,0,3601.85,27.3,7,2725.57,28.5,0,2433.68,28.7,0,2405.97,28.4,0,3055.94,30.1,5
"2026-03-23 14:30:00",1156,802,"Chapada_Low",11.85,2701.72,29.1,0,2487.71,27.6,0,2613.99,27.9,8,2996.62,27.9,0,3600.42,27.6,6,2720.26,28.4,3,2431.31,29.5,0,2404.86,29.3,0,3053.6,31.1,1
"2026-03-23 14:45:00",1157,802,"Chapada_Low",11.85,2699.55,28.9,0,2485.37,27.5,0,2613.56,27.8,3,2993.26,27.8,0,3599.77,27.5,0,2718.8,28.2,0,2430.5,29,0,2398.75,29.2,0,3053.12,30.9,0
"2026-03-23 15:00:00",1158,802,"Chapada_Low",11.85,2698.27,29.6,0,2483.59,27.9,0,2613.07,28.4,0,2989.19,28.2,0,3597.02,27.8,2,2714.6,28.6,3,2428.42,29.4,0,2396.1,29.2,0,3050.35,31.3,0
"2026-03-23 15:15:00",1159,802,"Chapada_Low",11.85,2696.45,29.5,0,2483.88,28.3,1,2611.41,28.4,0,2987.47,28.1,10,3597.09,27.8,13,2710.88,28.6,0,2427.65,29.2,0,2393.77,29.1,7,3045.98,30.8,4
"2026-03-23 15:30:00",1160,802,"Chapada_Low",11.85,2695.07,29.3,0,2480.95,28.4,0,2609.07,29,0,2984.48,28.4,0,3596.93,27.8,3,2709.36,28.6,0,2427.67,29.2,0,2394,29.1,0,3046.93,30.5,0
"2026-03-23 15:45:00",1161,802,"Chapada_Low",11.85,2692.38,28.6,0,2481.03,27.8,0,2607.58,27.9,0,2984.57,27.9,0,3597.77,27.3,0,2708.24,27.8,1,2428.33,28.1,0,2436.98,28.2,0,3047.83,29.2,0
"2026-03-23 16:00:00",1162,802,"Chapada_Low",11.85,2691.35,27.5,0,2479.15,26.7,0,2607.2,26.6,0,2985.82,26.4,0,3600.15,26.2,7,2711.65,26.4,3,2431.1,26.5,0,2448.02,27,0,3051.02,27.1,10
"2026-03-23 16:15:00",1163,802,"Chapada_Low",11.85,2716.71,26.3,0,2510.33,25.4,0,2616.75,25.2,1,3036.52,24.9,0,3608.54,24.7,0,2723.15,24.7,9,2438.63,24.7,3,2489.22,25.2,0,3068.42,25,1
"2026-03-23 16:30:00",1164,802,"Chapada_Low",11.85,2736.69,24.5,0,2537.23,23.5,17,2565.05,23.9,0,3402.27,23.5,0,3680.81,23.1,7,3076.8,22.4,9,2614.73,23,0,2699.65,23.5,0,3098.38,23.2,1
"2026-03-23 16:45:00",1165,802,"Chapada_Low",11.85,2734.94,24.5,0,2536.92,22.7,0,2557.63,23.4,0,3400.5,22.8,0,3696.58,22.4,3,3064.12,21.4,14,2857.56,22.3,0,2726.99,22.9,8,3095.39,23.1,2
"2026-03-23 17:00:00",1166,802,"Chapada_Low",11.85,2735.83,24.4,5,2536.24,22.7,0,2553.73,23.3,0,3400.25,22.5,0,3694.24,22.2,3,3064.11,21.1,8,2850.32,22.1,2,2708.72,22.9,0,3097.11,23,4
"2026-03-23 17:15:00",1167,802,"Chapada_Low",11.85,2736.29,24.3,0,2537.61,22.6,0,2552.63,23.2,3,3400.62,22.3,12,3693.02,22.2,7,3066.9,21.1,0,2858.34,22.4,3,2704.4,23,3,3099.75,22.9,6
"2026-03-23 17:30:00",1168,802,"Chapada_Low",11.85,2737.24,24.2,0,2538.1,22.5,0,2553.19,23.2,10,3401.63,22.2,0,3692.76,22.2,11,3068.35,21.2,0,2864.44,22.4,0,2708.39,23,0,3100.34,22.8,2
"2026-03-23 17:45:00",1169,802,"Chapada_Low",11.85,2737.68,24.1,0,2539.77,22.4,25,2555.05,23.1,0,3403.84,22.1,2,3692.04,22.1,3,3065.22,21.2,5,2872.84,22.3,1,2706.94,22.9,6,3097.84,22.8,0
"2026-03-23 18:00:00",1170,802,"Chapada_Low",11.85,2739.63,24,3,2542.08,22.4,3,2556.49,23,0,3403.29,22,0,3692.03,22,7,2924.28,21.2,7,2894,22.2,0,2841.73,22.8,4,3097.16,22.7,3
"2026-03-23 18:15:00",1171,802,"Chapada_Low",11.85,2741.89,23.9,1,2542.9,22.4,0,2559.19,22.9,0,3405.52,22,0,3691.99,22,9,2910.04,21.3,4,2895.3,22.2,0,2839.75,22.6,0,3095.51,22.6,0
"2026-03-23 18:30:00",1172,802,"Chapada_Low",11.85,2742.64,23.8,3,2542.95,22.4,0,2562.83,22.8,10,3404.89,21.9,1,3690.87,22,2,2897.58,21.3,4,2894.85,22.2,2,2802.29,22.7,10,3096.87,22.5,1
"2026-03-23 18:45:00",1173,802,"Chapada_Low",11.85,2744.18,23.8,4,2543.32,22.4,0,2569.18,22.7,0,3389.44,21.9,1,3689.81,21.9,8,2882.38,21.3,4,2897.28,22.1,2,2803.76,22.6,0,3096.37,22.5,0
"2026-03-23 19:00:00",1174,802,"Chapada_Low",11.85,2745.97,23.6,0,2543.94,22.3,0,2572.5,22.5,0,3386.32,21.8,1,3688.4,21.8,8,2871.69,21.3,0,2895.23,22,0,2809.68,22.4,7,3097.44,22.3,0
"2026-03-23 19:15:00",1175,802,"Chapada_Low",11.85,2747.8,23.5,5,2544.11,22.2,0,2577.63,22.3,5,3384.65,21.6,0,3688.78,21.7,2,2862.3,21.2,0,2899.54,21.7,0,2820.43,22.3,3,3097.59,22.2,1
"2026-03-23 19:30:00",1176,802,"Chapada_Low",11.85,2749.39,23.5,8,2543.69,22.1,0,2585.73,22.1,0,3380.65,21.5,0,3687.95,21.5,0,2856.55,21.1,2,2915.6,21.4,0,2820.94,22.2,0,3095.48,22.1,9
"2026-03-23 19:45:00",1177,802,"Chapada_Low",11.85,2750.68,23.5,5,2543.86,22.2,0,2593.89,22.1,0,3371.9,21.5,0,3687.74,21.5,0,2850.48,21.1,4,2916.03,21.3,0,2824.16,22.2,1,3095.69,22.1,0
"2026-03-23 20:00:00",1178,802,"Chapada_Low",11.84,2751.44,23.5,11,2546,22.2,1,2595.93,22.1,0,3366.47,21.6,0,3687.03,21.6,0,2846.52,21.2,0,2916.12,21.4,0,2818.57,22.2,4,3095,22.2,2
"2026-03-23 20:15:00",1179,802,"Chapada_Low",11.85,2752.52,23.5,0,2545.88,22.2,0,2596.64,22.1,0,3364.06,21.6,0,3685.35,21.6,0,2841.26,21.3,0,2881.47,21.5,0,2782.15,22.2,0,3097.29,22.2,4
"2026-03-23 20:30:00",1180,802,"Chapada_Low",11.85,2752.14,23.4,20,2546.4,22.2,0,2598.07,22,0,3336.35,21.5,0,3685.71,21.6,10,2837.75,21.3,0,2846.31,21.4,0,2780.47,22.1,0,3097.45,22.1,6
"2026-03-23 20:45:00",1181,802,"Chapada_Low",11.84,2752.96,23.4,0,2546.55,22.1,0,2598.29,21.9,6,3320.39,21.4,0,3684.58,21.5,0,2833.65,21.2,0,2829.29,21.3,0,2779.52,22,2,3098.47,22,2
"2026-03-23 21:00:00",1182,802,"Chapada_Low",11.84,2754.61,23.3,0,2548.02,22.1,0,2599.63,21.9,0,3312.06,21.4,0,3683.38,21.4,12,2830.03,21.2,3,2814.95,21.3,9,2775.11,21.9,4,3095.59,22,0
"2026-03-23 21:15:00",1183,802,"Chapada_Low",11.85,2754.34,23.3,12,2546.39,22.1,0,2601.32,21.9,2,3306.32,21.3,0,3683.98,21.4,8,2826.2,21.1,0,2783.77,21.3,0,2774.24,21.9,8,3096.26,22,0
"2026-03-23 21:30:00",1184,802,"Chapada_Low",11.85,2754.93,23.2,0,2546.32,22,0,2602.67,21.8,6,3299.35,21.3,0,3682.59,21.4,5,2823.42,21.1,4,2750.03,21.3,0,2777.32,21.9,2,3096.48,21.9,0
"2026-03-23 21:45:00",1185,802,"Chapada_Low",11.85,2755.59,23.2,0,2542.88,22,13,2602.84,21.8,1,3295.31,21.3,0,3682.42,21.4,3,2820.79,21.1,1,2729.14,21.2,0,2775.98,21.9,0,3099.17,21.9,0
"2026-03-23 22:00:00",1186,802,"Chapada_Low",11.85,2756.97,23.2,0,2547.04,22,0,2603.27,21.8,0,3292.32,21.3,0,3682.2,21.4,0,2816.96,21.1,5,2715.59,21.2,0,2772,21.8,1,3096.96,21.9,7
"2026-03-23 22:15:00",1187,802,"Chapada_Low",11.85,2757,23.2,0,2546.73,22,2,2604.01,21.7,19,3287.9,21.3,0,3681.22,21.3,5,2815.05,21.1,0,2691.2,21.2,0,2770.13,21.8,1,3099.18,21.8,0
"2026-03-23 22:30:00",1188,802,"Chapada_Low",11.85,2757.16,23.2,5,2544.97,21.9,0,2604.43,21.7,0,3284.5,21.2,3,3680.74,21.3,11,2812.9,21.1,6,2664.02,21.2,0,2770.55,21.7,1,3097.26,21.8,1
"2026-03-23 22:45:00",1189,802,"Chapada_Low",11.85,2757.85,23.1,9,2545.8,21.8,0,2605.27,21.7,0,3278.43,21.2,0,3680.31,21.3,26,2812.91,21,4,2647.78,21.1,0,2762.35,21.7,0,3098.92,21.7,0
"2026-03-23 23:00:00",1190,802,"Chapada_Low",11.85,2757.82,23.1,0,2545.5,21.8,0,2605.63,21.6,3,3272.96,21.1,4,3678.99,21.2,28,2812.76,21,4,2637.43,21.1,0,2758,21.7,19,3099.63,21.7,3
"2026-03-23 23:15:00",1191,802,"Chapada_Low",11.85,2758.48,23.2,0,2544.91,21.8,0,2605.01,21.6,0,3195.08,21.1,0,3679.95,21.2,9,2818.5,21,0,2630.34,21.1,0,2750.83,21.7,0,3100.65,21.7,0
"2026-03-23 23:30:00",1192,802,"Chapada_Low",11.85,2758.79,23.1,0,2545.44,21.8,0,2605.8,21.6,0,3190.85,21.1,0,3679.05,21.2,9,2826.93,21,7,2618.77,21.1,0,2752.23,21.7,1,3100.12,21.7,0
"2026-03-23 23:45:00",1193,802,"Chapada_Low",11.84,2759.13,23.1,0,2543.72,21.8,0,2606.91,21.6,0,3186.92,21.1,0,3678.91,21.2,4,2840.27,21,4,2612.13,21.1,0,2749.33,21.7,0,3098.04,21.7,0
"2026-03-24 00:00:00",1194,802,"Chapada_Low",11.84,2759.68,23.1,1,2544.67,21.8,1,2607.19,21.6,5,3176.74,21.1,0,3678.37,21.1,6,2845.13,21,3,2606.11,21.1,0,2746.71,21.6,1,3098.14,21.7,5
"2026-03-24 00:15:00",1195,802,"Chapada_Low",11.84,2759.36,23.2,0,2544.67,21.8,0,2607.8,21.6,18,3174.38,21.1,0,3679.49,21.1,7,2847.66,21,0,2598.72,21.1,2,2748.75,21.6,3,3100.12,21.7,0
"2026-03-24 00:30:00",1196,802,"Chapada_Low",11.84,2760.6,23.1,3,2543.93,21.8,16,2607.77,21.6,4,3168.12,21.1,0,3678.84,21.1,12,2849.19,21,5,2593.78,21,0,2744.1,21.5,0,3100.17,21.6,2
"2026-03-24 00:45:00",1197,802,"Chapada_Low",11.84,2761.97,23.1,0,2543.92,21.7,7,2608.66,21.6,1,3166.6,21,0,3677.78,21.1,4,2852.64,20.9,1,2589.61,21,0,2741.71,21.5,1,3100.93,21.6,1
"2026-03-24 01:00:00",1198,802,"Chapada_Low",11.84,2761.78,23,0,2544.3,21.7,0,2608.33,21.5,3,3164.9,21,0,3677.58,21.1,4,2856.52,20.9,10,2584.66,21,0,2740.25,21.4,0,3100.66,21.6,5
"2026-03-24 01:15:00",1199,802,"Chapada_Low",11.84,2761.61,23.1,8,2546.03,21.7,0,2608.74,21.5,10,3161.22,21,0,3677.41,21.1,6,2861.82,20.9,2,2579.93,21,0,2736.91,21.4,0,3100.44,21.6,0
"2026-03-24 01:30:00",1200,802,"Chapada_Low",11.84,2761.34,23,10,2545.87,21.7,0,2608.97,21.5,0,3158.73,21,0,3678.31,21.1,6,2866.59,21,3,2576.2,21,0,2734.61,21.4,0,3100.52,21.6,0
"2026-03-24 01:45:00",1201,802,"Chapada_Low",11.84,2760.58,23.1,0,2547.03,21.7,6,2610.33,21.5,3,3153.25,21,0,3677.35,21.1,7,2868.47,21,4,2573.91,21,0,2733.62,21.5,0,3100.58,21.6,1
"2026-03-24 02:00:00",1202,802,"Chapada_Low",11.85,2759.7,23,7,2552.1,21.6,0,2605.18,21.5,0,3179.33,21,0,3680.6,21.1,0,2895.73,20.9,0,2586.68,20.9,0,2735.05,21.4,0,3099.45,21.5,4
"2026-03-24 02:15:00",1203,802,"Chapada_Low",11.84,2749.15,22.8,0,2549.79,21.4,0,2581.32,21.4,0,3243.29,20.9,0,3688.08,20.9,3,2922.97,20.6,9,2622.39,20.7,0,2747.33,21.2,5,3101.3,21.3,1
"2026-03-24 02:30:00",1204,802,"Chapada_Low",11.85,2744.1,22.8,0,2548.94,21.3,9,2570.99,21.3,17,3294.51,20.8,0,3694.68,20.8,6,2935.12,20.4,5,2653,20.6,0,2764.32,21,0,3103.57,21.2,0
"2026-03-24 02:45:00",1205,802,"Chapada_Low",11.84,2743.16,22.6,0,2548.95,21.2,0,2565.78,21.2,13,3299.87,20.6,0,3697.78,20.7,22,2931.4,20.3,6,2851.36,20.5,14,2756.34,21,0,3102.73,21.1,0
"2026-03-24 03:00:00",1206,802,"Chapada_Low",11.84,2743.88,22.5,0,2548.07,20.9,0,2561.63,21.1,0,3306.13,20.5,0,3701.54,20.5,27,2938.19,20.1,3,2824.51,20.9,11,2738.53,21.1,0,3103.59,21,0
"2026-03-24 03:15:00",1207,802,"Chapada_Low",11.85,2743.25,22.5,0,2549.63,20.9,0,2560.15,21.1,1,3327.85,20.5,0,3704.23,20.5,0,2953.63,20,4,2827.15,20.8,0,2739.09,21.1,1,3104.48,21,8
"2026-03-24 03:30:00",1208,802,"Chapada_Low",11.85,2742.71,22.4,0,2549.37,20.7,13,2559.86,21.1,9,3341.29,20.4,0,3708.02,20.3,2,2963.71,19.9,0,2826.4,20.7,1,2744.01,21.1,10,3107.49,21,1
"2026-03-24 03:45:00",1209,802,"Chapada_Low",11.85,2743.3,22.8,0,2549.72,20.6,19,2558.29,21.1,0,3345.56,20.3,0,3711.4,20.3,1,2981.51,19.8,7,2826.87,20.7,0,2741.72,21,4,3105.47,20.9,1
"2026-03-24 04:00:00",1210,802,"Chapada_Low",11.85,2742.12,22.8,0,2548.9,20.5,0,2556.38,21,24,3345.78,20.2,0,3715.29,20.1,4,3002.02,19.6,17,2826.34,20.6,0,2742.8,20.9,13,3106.22,20.8,3
"2026-03-24 04:15:00",1211,802,"Chapada_Low",11.85,2742.81,22.8,0,2549.42,20.5,0,2556.8,21,0,3340.22,20.2,2,3721.84,20.1,6,3008.82,19.4,0,2825.9,20.5,10,2742.92,20.8,1,3109.16,20.7,0
"2026-03-24 04:30:00",1212,802,"Chapada_Low",11.85,2741.86,22.7,1,2548.69,20.3,16,2556.83,20.9,0,3333.28,20.2,0,3724.79,20,0,3012.8,19.4,3,2827.14,20.5,0,2741.48,20.8,8,3109.45,20.7,2
"2026-03-24 04:45:00",1213,802,"Chapada_Low",11.85,2741.56,22.7,0,2547.78,20.3,5,2557.03,20.9,2,3332.34,20.1,4,3726.56,19.9,1,3015.32,19.3,0,2828.24,20.5,0,2742.01,20.7,0,3107.72,20.6,0
"2026-03-24 05:00:00",1214,802,"Chapada_Low",11.85,2740.13,22.6,9,2547.09,20.3,7,2557.7,20.8,0,3334.38,20.1,0,3726.42,19.9,3,3014.15,19.3,8,2830.5,20.5,0,2745.86,20.7,0,3107.32,20.6,0
"2026-03-24 05:15:00",1215,802,"Chapada_Low",11.85,2742.6,22.7,3,2548.14,20.2,2,2559.29,20.8,0,3336.78,20.1,0,3727.3,19.9,2,3013.97,19.3,0,2835.37,20.4,0,2746.75,20.7,0,3107.13,20.7,1
"2026-03-24 05:30:00",1216,802,"Chapada_Low",11.85,2743.65,22.6,0,2547.79,20.1,0,2559.85,20.7,9,3337.06,20.1,2,3725.54,19.9,4,3010.13,19.3,0,2839.28,20.4,9,2745.13,20.6,0,3106.56,20.7,0
"2026-03-24 05:45:00",1217,802,"Chapada_Low",11.85,"NAN","NAN","NAN",2547.25,20.1,0,2560.68,20.7,1,3340.59,20,3,3724.09,19.9,3,3007.43,19.4,9,2842.98,20.3,1,2747.05,20.6,6,3108.71,20.7,5
"2026-03-24 06:00:00",1218,802,"Chapada_Low",11.85,"NAN","NAN","NAN",2549.15,20,0,2560.91,20.7,1,3345.53,20,0,3724.13,19.8,5,3000.59,19.3,2,2844.29,20.3,4,2748.29,20.6,10,3105.8,20.7,0
"2026-03-24 06:15:00",1219,802,"Chapada_Low",11.85,"NAN","NAN","NAN",2549.93,20.1,0,2562.45,20.6,0,3349.26,20,0,3722.26,19.8,4,2999.23,19.3,12,2844.83,20.2,1,2749.68,20.5,2,3105.96,20.7,0
"2026-03-24 06:30:00",1220,802,"Chapada_Low",11.85,"NAN","NAN","NAN",2549.99,20,0,2563.78,20.5,0,3344.73,19.9,0,3722.46,19.8,0,2993.94,19.3,0,2845.67,20.2,0,2753.5,20.4,3,3107.87,20.6,3
"2026-03-24 06:45:00",1221,802,"Chapada_Low",11.85,"NAN","NAN","NAN",2548.93,20.1,1,2564.91,20.4,0,3345.27,19.9,0,3720.49,19.7,3,2992.03,19.3,9,2846.17,20.2,0,2754.92,20.4,11,3105.63,20.6,0
"2026-03-24 07:00:00",1222,802,"Chapada_Low",11.85,"NAN","NAN","NAN",2550.55,20,0,2565.73,20.4,0,3346.87,19.9,0,3720.45,19.7,8,2990.94,19.3,0,2847.05,20.1,0,2758.96,20.4,7,3107.99,20.6,3
"2026-03-24 07:15:00",1223,802,"Chapada_Low",11.85,"NAN","NAN","NAN",2550.44,20.1,0,2567.65,20.4,0,3349.21,19.9,0,3720.82,19.8,10,2989.51,19.3,0,2850.64,20.1,0,2758.69,20.5,0,3107.72,20.6,1
"2026-03-24 07:30:00",1224,802,"Chapada_Low",11.85,"NAN","NAN","NAN",2550.7,20.3,0,2568.73,20.4,7,3353.2,20,0,3721.18,19.8,3,2990.62,19.5,6,2848.79,20.2,2,2760.33,20.5,0,3105.55,20.7,2
"2026-03-24 07:45:00",1225,802,"Chapada_Low",11.85,"NAN","NAN","NAN",2550.34,20.3,0,2569.09,20.4,0,3352.66,20,9,3720.41,19.8,1,2991.11,19.6,8,2849.55,20.3,0,2760.01,20.7,2,3105.56,20.8,0
"2026-03-24 08:00:00",1226,802,"Chapada_Low",11.85,"NAN","NAN","NAN",2553,20.4,0,2569.46,20.4,0,3338.83,20.1,1,3720.16,19.9,1,2990.51,19.7,6,2850.16,20.4,4,2760.84,20.7,23,3106.06,20.9,0
"2026-03-24 08:15:00",1227,802,"Chapada_Low",11.85,"NAN","NAN","NAN",2552.54,20.5,12,2571.46,20.4,0,3336.12,20.1,0,3719.86,20,2,2987.8,19.8,12,2850.89,20.5,0,2761.14,20.8,0,3105.23,21,3
"2026-03-24 08:30:00",1228,802,"Chapada_Low",11.85,"NAN","NAN","NAN",2554.85,20.6,0,2574.03,20.5,0,3332.72,20.3,0,3719.12,20.1,15,2986.76,19.9,0,2851.29,20.6,0,2761.73,20.9,1,3104.4,21.1,0
"2026-03-24 08:45:00",1229,802,"Chapada_Low",11.85,"NAN","NAN","NAN",2554.38,20.7,0,2575.72,20.5,3,3331.12,20.3,0,3718.61,20.3,2,2983.3,20,6,2851.49,20.7,0,2763.87,20.9,7,3105.63,21.2,2
"2026-03-24 09:00:00",1230,802,"Chapada_Low",11.85,"NAN","NAN","NAN",2552.63,20.8,0,2575.63,20.6,0,3330.07,20.5,0,3717.7,20.4,8,2980.13,20.3,5,2851.31,21,10,2767.38,21.1,6,3105.83,21.4,0
"2026-03-24 09:15:00",1231,802,"Chapada_Low",11.85,"NAN","NAN","NAN",2551.04,21.5,0,2578.08,21.3,17,3326.33,21,0,3714.04,21.4,5,2976.49,21.3,0,2852.71,21.9,0,2764.95,22.2,2,3104.4,22.4,0
"2026-03-24 09:30:00",1232,802,"Chapada_Low",11.85,"NAN","NAN","NAN",2550.67,22.1,0,2579,21.8,7,3321.7,21.3,3,3709.51,22.1,3,2970.76,22.1,0,2849.23,22.6,5,2761.51,22.9,6,3100.51,23.4,1
"2026-03-24 09:45:00",1233,802,"Chapada_Low",11.85,"NAN","NAN","NAN",2552.06,22.2,0,2582.85,21.9,3,3314.84,21.4,0,3708.16,22,4,2966.89,22.1,6,2852.95,22.7,1,2763.77,22.8,10,3099.95,23.4,0
"2026-03-24 10:00:00",1234,802,"Chapada_Low",11.85,"NAN","NAN","NAN",2551.44,23.4,5,2588.35,22.6,0,3310.39,22.4,0,3705.75,23,0,2962.54,23.2,4,2866.87,23.6,0,2770.37,23.8,7,3097.97,24.3,0
"2026-03-24 10:15:00",1235,802,"Chapada_Low",11.85,"NAN","NAN","NAN",2550.76,23.8,3,2591.84,23.4,0,3300.94,23.1,0,3701.7,23.6,10,2956.54,23.9,19,2870.01,24.1,0,2771.11,24.6,0,3096.99,24.8,3
"2026-03-24 10:30:00",1236,802,"Chapada_Low",11.85,"NAN","NAN","NAN",2549.92,23.4,0,2596.97,23.1,0,3293.46,23.2,5,3701.59,23.6,2,2951.55,23.6,7,2870.28,23.8,0,2774.89,24.2,3,3096.69,24.6,0
"2026-03-24 10:45:00",1237,802,"Chapada_Low",11.85,"NAN","NAN","NAN",2550.19,23.4,7,2598.58,23.1,6,3290.31,22.9,0,3699.85,23.6,0,2947.88,24.1,2,2867.38,23.8,0,2777.59,24,0,3096.87,24.6,5
"2026-03-24 11:00:00",1238,802,"Chapada_Low",11.85,"NAN","NAN","NAN",2549.87,23.4,0,2599.44,23.2,0,3283.25,22.9,0,3699.16,23.5,9,2936.97,24,4,2834.33,24.5,0,2778.28,24.1,0,3098.65,24.6,0
"2026-03-24 11:15:00",1239,802,"Chapada_Low",11.85,"NAN","NAN","NAN",2548.73,23.8,0,2600.5,23.5,0,3259.34,23.2,0,3696.78,23.7,1,2929.67,24.3,19,2794.32,24.5,0,2776.25,25.2,0,3097.03,25.2,0
"2026-03-24 11:30:00",1240,802,"Chapada_Low",11.85,"NAN","NAN","NAN",2546.67,24.1,4,2600.73,23.8,0,3252.04,23.6,0,3693.99,24,10,2922.88,24.6,1,2775.97,24.8,0,2773.3,25.3,0,3095.08,26.1,0
"2026-03-24 11:45:00",1241,802,"Chapada_Low",11.85,"NAN","NAN","NAN",2546.45,24.6,2,2605.69,24.1,0,3246.9,23.7,1,3694.61,24.1,2,2918.06,24.9,4,2747.22,25,0,2769.21,25.4,0,3094.29,26.1,0
"2026-03-24 12:00:00",1242,802,"Chapada_Low",11.85,"NAN","NAN","NAN",2547.16,24.9,4,2604.87,25.1,0,3241.71,23.8,0,3692.68,24.3,7,2913.52,25,3,2726.57,25.2,0,2763.9,25.7,0,3093.57,26.2,2
"2026-03-24 12:15:00",1243,802,"Chapada_Low",11.85,2760.13,25.6,0,2545.8,24.9,0,2608.08,24.9,0,3234.73,25.3,4,3690.13,24.5,5,2910.89,25.3,1,2694.01,25.4,0,2762.64,26,0,3093.1,26.4,0
"2026-03-24 12:30:00",1244,802,"Chapada_Low",11.85,2761.71,25.8,0,2546.67,24.9,0,2609.1,24.9,0,3193.37,24.7,0,3688.07,25.5,6,2907.57,25.6,8,2675.92,25.6,0,2755.54,26.2,0,3092.14,26.5,0
"2026-03-24 12:45:00",1245,802,"Chapada_Low",11.84,2762.26,25.7,11,2546.11,24.8,0,2610.6,24.7,0,3187.61,24.3,0,3686.82,24.9,9,2904.02,26,0,2660.73,25.7,0,2752.11,26,0,3092.53,26.2,2
"2026-03-24 13:00:00",1246,802,"Chapada_Low",11.84,2761.75,25.9,1,2545.59,24.9,0,2611.42,25,0,3181.68,24.4,0,3684.34,25,0,2901.44,25.9,5,2638.67,26.2,0,2748.03,26.5,0,3091.95,26.5,0
"2026-03-24 13:15:00",1247,802,"Chapada_Low",11.85,2761.94,25.9,0,2546.49,24.9,2,2609.84,24.9,31,3178.58,24.3,0,3685.07,24.9,10,2898.36,25.6,3,2625.25,25.8,0,2746.42,26.4,0,3091.81,26.7,0
"2026-03-24 13:30:00",1248,802,"Chapada_Low",11.85,2761.77,26.2,3,2545.01,24.7,0,2609.47,24.7,3,3170.57,24.2,6,3685.21,24.7,8,2896.46,25.3,1,2615.56,25.5,0,2742.99,26,6,3091.55,26.3,1
"2026-03-24 13:45:00",1249,802,"Chapada_Low",11.85,2761.87,26.2,0,2544.87,25.2,0,2611.64,25,0,3167.47,24.3,0,3684.04,24.9,6,2894.53,25.5,0,2607.33,25.6,0,2739.99,26.1,2,3091.52,26.5,0
"2026-03-24 14:00:00",1250,802,"Chapada_Low",11.85,2760.03,26.3,0,2545.3,25.3,0,2610.8,25.8,0,3160.5,25.1,0,3680.9,25.3,7,2890.95,25.9,7,2598.28,26,0,2737.07,26.4,0,3090.23,27,6
"2026-03-24 14:15:00",1251,802,"Chapada_Low",11.85,2760.88,26.4,1,2545.13,25.5,0,2610.75,25.7,1,3155.4,25.6,0,3678.65,25.9,0,2888.13,26.2,8,2590,26.3,0,2734.11,26.7,5,3088.86,27.2,5
"2026-03-24 14:30:00",1252,802,"Chapada_Low",11.85,2763.13,26.3,0,2544.58,25.3,0,2612.91,25.5,21,3152.45,25.1,0,3675.77,25.7,3,2885.5,26.4,0,2581.19,26.1,0,2730.87,26.7,0,3089.45,26.8,0
"2026-03-24 14:45:00",1253,802,"Chapada_Low",11.85,2760.36,26.6,5,2546.52,25.5,15,2610.56,25.9,0,3146.76,25.4,3,3673.72,25.7,5,2882.91,26.6,0,2570.97,27.4,0,2726.36,26.8,0,3088.43,27.5,0
"2026-03-24 15:00:00",1254,802,"Chapada_Low",11.85,2759.02,27.1,9,2546.43,25.8,1,2613.98,26.4,4,3137.78,26.1,0,3671.47,26.1,6,2878.88,26.9,1,2563.8,27.5,0,2721.17,27.7,0,3086.75,28.1,0
"2026-03-24 15:15:00",1255,802,"Chapada_Low",11.85,2759.33,27.2,0,2546.94,25.8,0,2611.66,26.3,0,3133.97,26.1,1,3669.52,26.1,7,2876.15,26.8,0,2561.9,27.2,0,2714.44,27.2,0,3086.01,28.2,1
"2026-03-24 15:30:00",1256,802,"Chapada_Low",11.85,2758.5,27.4,16,2547.44,26.2,0,2612.19,26.3,0,3129,26.1,0,3669.2,26,8,2874.01,26.8,5,2554.26,27.1,0,2714.75,27,0,3086.39,27.8,2
"2026-03-24 15:45:00",1257,802,"Chapada_Low",11.85,2758.86,27.2,0,2544.77,26.3,3,2612.97,26.9,0,3124.24,26.2,2,3668.03,26.1,4,2872.23,26.8,10,2549.92,27.1,3,2711.96,26.8,0,3086,27.5,0
"2026-03-24 16:00:00",1258,802,"Chapada_Low",11.85,2758.52,27.5,1,2543.27,26.3,1,2615.64,26.8,2,3121,27.3,0,3665.26,26.4,5,2869.13,27.1,0,2536.5,27.5,0,2708.93,26.9,4,3085.75,27.4,1
"2026-03-24 16:15:00",1259,802,"Chapada_Low",11.85,2758.45,27.2,3,2545.14,26,0,2616.35,26.3,22,3115.81,26.4,0,3665.02,26.6,0,2867.2,26.7,0,2531.69,26.9,0,2681.24,26.6,6,3086.51,26.9,0
"2026-03-24 16:30:00",1260,802,"Chapada_Low",11.85,2759.47,26.9,7,2543.54,25.7,6,2615,25.9,1,3114.02,25.8,0,3666.96,25.9,2,2865.8,26.6,9,2529.48,26.5,0,2677.62,26.3,0,3086.45,26.5,2
"2026-03-24 16:45:00",1261,802,"Chapada_Low",11.85,2747,26.7,0,2545.03,25.5,3,2616.03,25.7,0,3111.48,25.5,0,3664.49,25.6,0,2864.84,26.2,1,2526.33,26.4,0,2673.75,26.3,0,3086.54,26.2,4
"2026-03-24 17:00:00",1262,802,"Chapada_Low",11.85,2740.54,26.6,0,2546.87,25.3,0,2615.84,25.5,0,3110.1,25.1,0,3665.18,25.3,4,2862.58,25.8,0,2524.19,25.9,0,2661.08,26.2,1,3085.76,26.3,0
"2026-03-24 17:15:00",1263,802,"Chapada_Low",11.85,2738.55,26.5,0,2546.52,25.1,0,2618.27,25.2,3,3109.4,24.7,0,3665.61,24.8,4,2863.84,25.2,0,2523.26,25.3,0,2658.99,25.7,0,3086.62,25.7,1
"2026-03-24 17:30:00",1264,802,"Chapada_Low",11.85,2737.61,26.1,0,2546.46,24.9,2,2618.61,24.9,1,3108.67,24.4,0,3665.83,24.5,15,2867.85,24.9,5,2522.57,24.9,0,2656.79,25.3,0,3085.25,25.3,3
"2026-03-24 17:45:00",1265,802,"Chapada_Low",11.85,2739.51,25.9,0,2547.82,24.7,0,2618.05,24.8,0,3108.26,24.1,0,3667.96,24.2,4,2868.77,24.5,7,2519.1,24.5,0,2655.1,25,0,3087.49,24.9,2
"2026-03-24 18:00:00",1266,802,"Chapada_Low",11.85,2738.02,25.7,1,2547.16,24.4,1,2620.03,24.5,0,3107.21,23.9,0,3667.98,24,4,2868.96,24.1,0,2517.9,24.2,0,2650.98,24.7,0,3085.77,24.5,0
"2026-03-24 18:15:00",1267,802,"Chapada_Low",11.85,2738.95,25.5,6,2546.88,24.1,0,2618.23,24.2,0,3106.86,23.5,0,3669.55,23.7,15,2868.91,23.8,14,2516.76,23.8,0,2651.94,24.3,1,3087.25,24.1,3
"2026-03-24 18:30:00",1268,802,"Chapada_Low",11.85,2738.84,25.2,0,2546.11,23.8,0,2619.23,23.9,0,3106.09,23.2,0,3669.42,23.4,0,2869.59,23.5,1,2517.09,23.5,0,2649.86,23.9,0,3087.78,23.7,5
"2026-03-24 18:45:00",1269,802,"Chapada_Low",11.85,2738.63,25,0,2547.26,23.6,0,2619.65,23.7,0,3104.25,22.9,0,3670.19,23.1,4,2871.02,23.1,4,2516.8,23.2,0,2649.43,23.5,19,3090.53,23.4,0
"2026-03-24 19:00:00",1270,802,"Chapada_Low",11.85,2737.95,24.9,0,2548.01,23.4,3,2620.23,23.5,0,3103.75,22.7,0,3671.23,22.8,7,2870.99,22.8,1,2515.93,22.9,0,2639.24,23.3,0,3089.34,23.2,0
"2026-03-24 19:15:00",1271,802,"Chapada_Low",11.85,2737.93,24.8,0,2547.83,23.2,0,2620.96,23.3,7,3103.08,22.5,0,3671.69,22.6,0,2870.98,22.6,1,2513.46,22.7,0,2639.37,23,1,3083.24,22.9,1
"2026-03-24 19:30:00",1272,802,"Chapada_Low",11.85,2738.37,24.7,0,2548.11,23,3,2620.71,23.1,0,3101.86,22.3,1,3672.05,22.5,3,2873.06,22.4,5,2514.62,22.5,0,2636.35,22.8,0,3085.83,22.7,5
"2026-03-24 19:45:00",1273,802,"Chapada_Low",11.85,2739.03,24.6,1,2548.88,22.9,0,2621.22,23,0,3100.45,22.1,5,3673.47,22.3,3,2872.59,22.2,5,2512.94,22.3,0,2632.8,22.6,5,3083.67,22.5,4
"2026-03-24 20:00:00",1274,802,"Chapada_Low",11.85,2736.56,24.5,7,2548.72,22.8,6,2621.6,22.9,8,3099.33,22,0,3675.09,22.2,0,2872.96,22.1,1,2513.26,22.2,0,2633.34,22.5,1,3085.69,22.4,0
"2026-03-24 20:15:00",1275,802,"Chapada_Low",11.85,2737.14,24.4,0,2549.2,22.7,0,2622.24,22.8,0,3099.04,22,0,3674.72,22.1,4,2873.57,21.9,8,2511.93,22.1,0,2632.57,22.4,3,3085.56,22.3,0
"2026-03-24 20:30:00",1276,802,"Chapada_Low",11.85,2735.82,24.3,12,2548.35,22.6,0,2622.27,22.7,0,3099.55,21.9,0,3674.57,22,5,2873.63,21.8,2,2511.78,22,0,2629.38,22.3,5,3083.8,22.2,0
"2026-03-24 20:45:00",1277,802,"Chapada_Low",11.85,2736.86,24.3,0,2549.38,22.5,0,2622.42,22.6,0,3098.16,21.8,0,3675.66,21.9,1,2873.03,21.8,0,2510.24,21.9,0,2627.09,22.2,13,3084.04,22.1,1
"2026-03-24 21:00:00",1278,802,"Chapada_Low",11.85,2736.18,24.2,0,2547,22.5,0,2623.15,22.6,2,3099.01,21.8,0,3675.33,21.9,0,2874.04,21.7,1,2510.55,21.9,3,2629.1,22.1,0,3084.86,22.1,2
"2026-03-24 21:15:00",1279,802,"Chapada_Low",11.85,2736.5,24.3,0,2548.37,22.4,0,2622.85,22.5,0,3098.98,21.7,1,3675.38,21.9,2,2873.15,21.7,7,2507.42,21.8,4,2618.14,22.1,0,3086.35,22,0
"2026-03-24 21:30:00",1280,802,"Chapada_Low",11.85,2736.21,24.2,0,2548.71,22.4,0,2622.58,22.5,0,3098.37,21.6,0,3674.63,21.9,6,2874.35,21.6,6,2508.51,21.7,0,2616.07,22.1,0,3086.3,22,1
"2026-03-24 21:45:00",1281,802,"Chapada_Low",11.85,2736.36,24.2,0,2549.06,22.3,0,2623.04,22.4,0,3097.64,21.6,0,3675.56,21.7,8,2873.8,21.6,4,2507.29,21.7,0,2612.25,22,0,3086.38,21.9,2
"2026-03-24 22:00:00",1282,802,"Chapada_Low",11.85,2736.73,24.1,0,2545.45,22.3,0,2623.64,22.4,0,3097.41,21.5,0,3676.73,21.7,1,2874.23,21.4,0,2506.52,21.6,0,2612.81,22,0,3084.39,21.8,0
"2026-03-24 22:15:00",1283,802,"Chapada_Low",11.85,2735.93,24.2,0,2545.1,22.2,0,2622.98,22.3,0,3096.22,21.5,1,3675.69,21.6,1,2874.74,21.4,5,2507.05,21.5,0,2610.64,21.9,0,3087.03,21.8,1
"2026-03-24 22:30:00",1284,802,"Chapada_Low",11.85,2735.79,24.2,0,2544.88,22.2,0,2623.02,22.3,2,3096.03,21.5,0,3675.76,21.6,2,2875.01,21.4,5,2504.72,21.5,0,2604.09,21.9,0,3087.15,21.8,0
"2026-03-24 22:45:00",1285,802,"Chapada_Low",11.85,2736.1,24.3,0,2543.58,22.1,1,2622.47,22.2,0,3095.11,21.5,0,3674.27,21.6,0,2875.05,21.4,1,2505.21,21.5,0,2601.04,21.8,5,3086.37,21.8,4
"2026-03-24 23:00:00",1286,802,"Chapada_Low",11.85,2735.2,24.3,0,2545.83,22.1,2,2622.99,22.2,24,3093.75,21.4,0,3672.99,21.6,7,2875.67,21.4,0,2504.94,21.5,0,2599.24,21.8,10,3086.76,21.7,4
"2026-03-24 23:15:00",1287,802,"Chapada_Low",11.85,2736,24.3,0,2547.26,22.1,0,2623.57,22.2,0,3094.06,21.4,0,3673.2,21.6,4,2875.92,21.4,0,2503.86,21.5,0,2598.33,21.8,0,3086.98,21.7,0
"2026-03-24 23:30:00",1288,802,"Chapada_Low",11.85,2735.48,24.2,0,2546.89,22,0,2623.39,22.2,0,3090.17,21.4,0,3673.34,21.6,5,2874.94,21.3,0,2503.06,21.4,0,2598.76,21.7,5,3084.2,21.6,0
"2026-03-24 23:45:00",1289,802,"Chapada_Low",11.85,2735,24.2,0,2545.77,22,0,2623.1,22.1,0,3082.35,21.3,0,3673.28,21.5,2,2875.4,21.3,3,2503.43,21.4,0,2598.43,21.7,0,3084.98,21.6,3
"2026-03-25 00:00:00",1290,802,"Chapada_Low",11.85,2735.61,24.1,1,2545.46,21.8,1,2623.6,21.9,0,3083.32,21.2,0,3674.64,21.2,0,2875.26,21.1,0,2504.08,21.2,0,2597.11,21.5,4,3085.67,21.4,0
"2026-03-25 00:15:00",1291,802,"Chapada_Low",11.85,2736.11,24,0,2545.99,21.7,2,2624.66,21.7,0,3081,21,0,3674.5,21,5,2877.2,20.9,9,2502.68,21,0,2600.37,21.3,0,3086.81,21.3,3
"2026-03-25 00:30:00",1292,802,"Chapada_Low",11.85,2738.21,23.8,0,2547.69,21.5,0,2624.7,21.5,0,3103.26,20.9,0,3675.7,20.9,6,2877.49,20.7,0,2505.68,20.9,0,2600.53,21.1,0,3089.38,21.2,1
"2026-03-25 00:45:00",1293,802,"Chapada_Low",11.85,2740.47,23.7,0,2550.21,21.4,0,2624.06,21.5,0,3107.5,20.8,0,3676.81,20.8,3,2882.48,20.6,0,2509.97,20.8,0,2604.45,21,0,3090.53,21.1,0
"2026-03-25 01:00:00",1294,802,"Chapada_Low",11.85,2741.34,23.3,0,2550.57,21.4,0,2623.77,21.5,0,3106.12,20.7,0,3677.28,20.9,5,2881.9,20.6,0,2508.41,20.7,0,2604.93,21,0,3090.37,21.1,4
"2026-03-25 01:15:00",1295,802,"Chapada_Low",11.85,2740.97,23.3,0,2550.47,21.4,0,2624.61,21.5,1,3105.25,20.7,0,3677.92,20.9,29,2881.98,20.7,1,2509.61,20.7,0,2604.91,21,0,3090.42,21.1,1
"2026-03-25 01:30:00",1296,802,"Chapada_Low",11.85,2740.9,23.3,0,2551.5,21.4,0,2624.3,21.5,3,3105.23,20.8,0,3676.69,20.9,1,2881.54,20.7,0,2508.7,20.8,0,2607.4,21.1,3,3090.22,21.1,0
"2026-03-25 01:45:00",1297,802,"Chapada_Low",11.85,2740.77,23.3,0,2550.96,21.4,0,2624.97,21.5,0,3104.34,20.8,0,3677.12,21,0,2882.53,20.7,0,2508.79,20.8,2,2604.39,21.1,0,3090.66,21.1,0
"2026-03-25 02:00:00",1298,802,"Chapada_Low",11.85,2741.03,23.4,0,2551.77,21.5,0,2624.79,21.5,0,3102.75,20.9,0,3677.43,21,7,2883.17,20.8,6,2507.89,20.8,0,2606.16,21.1,0,3090.78,21.2,0
"2026-03-25 02:15:00",1299,802,"Chapada_Low",11.85,2739.79,23.5,6,2551.57,21.5,0,2624.48,21.5,0,3102.94,20.9,0,3678.04,21,14,2882.77,20.8,7,2507.15,20.8,0,2606.17,21.1,0,3090.53,21.2,13
"2026-03-25 02:30:00",1300,802,"Chapada_Low",11.85,2740.32,23.5,0,2552.09,21.5,0,2624.78,21.5,0,3101.96,20.9,0,3676.91,21,4,2882.33,20.8,5,2506.7,20.8,0,2603.26,21.1,0,3090.96,21.2,0
"2026-03-25 02:45:00",1301,802,"Chapada_Low",11.85,2739.83,23.6,2,2575.94,21.5,0,2625.13,21.5,0,3102.24,20.9,0,3675.97,21,4,2881.86,20.8,0,2506.45,20.8,0,2605.8,21.2,11,3093.39,21.2,2
"2026-03-25 03:00:00",1302,802,"Chapada_Low",11.85,2739.66,23.6,0,2568.95,21.5,0,2624.87,21.6,0,3100.89,20.9,0,3674.03,21,4,2881.87,20.8,2,2505.92,20.8,0,2604.76,21.2,2,3091.97,21.2,4
"2026-03-25 03:15:00",1303,802,"Chapada_Low",11.84,2739.89,23.7,0,2569.73,21.5,0,2625.29,21.5,0,3100.28,20.9,0,3673.81,21,1,2881.46,20.8,8,2505.64,20.8,0,2601.26,21.2,0,3089.3,21.2,5
"2026-03-25 03:30:00",1304,802,"Chapada_Low",11.85,2739.96,23.7,0,2569.85,21.5,0,2625.53,21.5,11,3100.14,20.9,0,3675.09,20.9,14,2881.94,20.8,4,2505.25,20.8,0,2603.95,21.1,0,3089.66,21.2,0
"2026-03-25 03:45:00",1305,802,"Chapada_Low",11.85,2739.76,23.9,3,2569.7,21.5,1,2625.77,21.5,0,3100.58,20.9,0,3674.93,20.9,1,2882.79,20.8,4,2505.9,20.8,0,2600.6,21.1,0,3088.91,21.2,0
"2026-03-25 04:00:00",1306,802,"Chapada_Low",11.85,2738.3,22.4,1,2562.87,20.7,17,2555.7,21.2,0,3197.56,20.4,9,3820.35,20.4,1,3073.59,20,0,2820.42,20.1,0,2705.77,21,2,3132.9,20.5,2
"2026-03-25 04:15:00",1307,802,"Chapada_Low",11.85,2737.13,22.5,0,2560.38,20.6,0,2547.41,21.1,5,3113.94,20.3,0,3867.11,20,15,3082.65,19.7,0,2804.44,20.2,0,2624.45,20.9,20,3131.86,20.5,0
"2026-03-25 04:30:00",1308,802,"Chapada_Low",11.85,2737.56,22.8,11,2561.8,20.8,0,2549.27,21.2,3,3154.84,20.3,0,3856.19,20.1,16,3086.52,19.7,7,2800.42,20.2,0,2639.07,20.7,0,3130.47,20.5,3
"2026-03-25 04:45:00",1309,802,"Chapada_Low",11.85,2738.12,22.9,8,2561.55,20.8,0,2550.99,21.2,0,3187.44,20.3,0,3851.61,20.1,10,3089.87,19.8,7,2815.41,20.3,0,2679.76,20.6,9,3128.61,20.5,0
"2026-03-25 05:00:00",1310,802,"Chapada_Low",11.85,2737.64,23.1,0,2561.14,20.9,2,2553.1,21.1,1,3220.3,20.2,11,3842.67,20.2,3,3089.97,19.8,0,2825.23,20.4,0,2699.1,20.5,21,3119.16,20.6,2
"2026-03-25 05:15:00",1311,802,"Chapada_Low",11.85,2737.73,23.2,4,2564.72,20.9,8,2555.35,21.1,0,3248.62,20.2,0,3831.08,20.2,8,3092.08,19.9,9,2830.63,20.6,0,2707.04,20.5,0,3117.19,20.7,1
"2026-03-25 05:30:00",1312,802,"Chapada_Low",11.85,2737.67,23.4,0,2569.01,21,0,2557.55,21.1,7,3288.06,20.3,0,3823.93,20.3,6,3087.75,19.9,6,2842.44,20.8,0,2708.15,20.5,14,3113.73,20.8,0
"2026-03-25 05:45:00",1313,802,"Chapada_Low",11.85,2738.32,23.5,0,2569.77,21,0,2559.03,21.1,5,3315.28,20.3,0,3817.33,20.4,8,3078.95,20,0,2854.11,20.8,0,2710.66,20.5,0,3111.98,20.9,0
"2026-03-25 06:00:00",1314,802,"Chapada_Low",11.84,2738.53,23.3,0,2571.46,21,3,2560.54,21.1,20,3324.21,20.4,0,3812.66,20.4,7,3075.3,20,17,2854.26,20.9,0,2710.45,20.5,3,3110.69,21,0
"2026-03-25 06:15:00",1315,802,"Chapada_Low",11.84,2739.18,23.6,1,2572,21,5,2561.75,21.1,0,3331.75,20.3,0,3809.03,20.4,10,3067.38,20,12,2858.24,20.9,0,2708.45,20.5,3,3108.49,21,0
"2026-03-25 06:30:00",1316,802,"Chapada_Low",11.84,2736.75,23.9,6,2532.93,21,11,2562.86,21.1,3,3337.18,20.3,0,3805.43,20.4,1,3063.62,20,7,3126.92,20.8,0,2789.65,20.5,5,3107.11,21,0
"2026-03-25 06:45:00",1317,802,"Chapada_Low",11.85,2738.12,23.9,0,2535.05,21,0,2564.14,21,3,3340.05,20.3,0,3803.18,20.4,1,3061.23,20,0,3109.58,20.8,11,2780.44,20.5,3,3106.31,21,1
"2026-03-25 07:00:00",1318,802,"Chapada_Low",11.85,2738.51,24.1,0,2535.45,21,0,2567.09,21,8,3342.14,20.3,0,3801.26,20.4,10,3058.86,20.1,0,3103.1,20.8,0,2781.68,20.6,1,3106.18,21.1,0
"2026-03-25 07:15:00",1319,802,"Chapada_Low",11.85,2738.83,24.1,5,2535.43,21.1,0,2569.2,21,5,3344.3,20.4,0,3799.05,20.4,13,3042.17,20.1,6,2999.82,20.9,0,2657.49,20.6,2,3105.5,21.1,1
"2026-03-25 07:30:00",1320,802,"Chapada_Low",11.85,2720,23.9,0,3057.27,20.9,0,2563.16,20.8,0,3348.96,20.2,0,3809.12,20.2,0,3053.99,20,14,3101.15,20.7,3,2645.82,20.5,0,3112.14,20.9,0
"2026-03-25 07:45:00",1321,802,"Chapada_Low",11.84,2722.97,23.8,0,3068.04,20.6,0,2558.78,20.7,0,3299.45,20,0,3828.83,20,9,3062.59,19.6,11,3020.57,20.7,1,2637.44,20.4,7,3114.47,20.6,0
"2026-03-25 08:00:00",1322,802,"Chapada_Low",11.84,2723.29,23.9,0,3080.69,20.5,3,2557.54,20.7,0,3303.98,20,1,3826.12,19.9,8,3064.18,19.4,10,3020.85,20.5,0,2635.34,20.3,0,3114.51,20.6,1
"2026-03-25 08:15:00",1323,802,"Chapada_Low",11.85,2728.71,23.7,2,2874.38,20.4,1,2552.67,20.6,0,3192.58,19.9,1,3852.73,19.8,6,3073.3,19.2,11,2792.38,20.5,0,2739.15,20.2,8,3126.26,20.5,0
"2026-03-25 08:30:00",1324,802,"Chapada_Low",11.85,2729.04,23.3,0,2644.04,20.2,5,2547.91,20.5,14,3074.25,19.9,0,3896.14,19.5,4,3082.06,18.9,1,2779.03,20.3,0,2684.16,20.2,4,3135.83,19.9,0
"2026-03-25 08:45:00",1325,802,"Chapada_Low",11.84,2726.61,23.2,0,2648.66,20,0,2546.91,20.6,0,3010.61,19.8,8,-9999,19.2,10,3087.18,18.7,6,2790.65,20,6,2670.87,20,0,3143.02,19.6,0
"2026-03-25 09:00:00",1326,802,"Chapada_Low",11.85,2721.96,22.9,0,2647.48,19.7,0,2532.49,20.5,19,2829.66,19.6,2,-9999,19,1,3096.62,18.4,12,2794.66,19.4,25,2661.33,19.6,0,3138.64,19.2,0
"2026-03-25 09:15:00",1327,802,"Chapada_Low",11.84,2721.8,22.6,6,2649.57,19.7,0,2533.58,20.2,0,2810.59,19.5,0,-9999,18.9,0,3095.01,18.5,22,2792.05,19.1,3,2662.13,19.2,15,3139.85,19.1,18
"2026-03-25 09:30:00",1328,802,"Chapada_Low",11.84,2725.91,22.8,5,2648.93,19.8,13,2539.12,20.1,0,2642.03,19.6,4,-9999,18.7,8,3097.44,18.5,0,2794.23,19,0,2665.09,19,5,3142.18,19.1,0
"2026-03-25 09:45:00",1329,802,"Chapada_Low",11.84,2729.27,22.9,0,2650.62,20,0,2546.58,20,0,2623.05,19.5,10,-9999,18.8,13,3098.46,18.5,6,2792.51,18.9,0,2671.48,18.9,15,3143.67,19.1,7
"2026-03-25 10:00:00",1330,802,"Chapada_Low",11.84,2729.52,23,0,2651.81,20,4,2549.21,20,0,2688.94,19.5,0,-9999,18.8,8,3101.76,18.4,2,2792.69,18.8,0,2678.56,18.8,0,3142.79,19.2,0
"2026-03-25 10:15:00",1331,802,"Chapada_Low",11.83,2729.5,23.1,0,2659.03,20.1,8,2549.48,20,2,2670.83,19.6,3,-9999,18.7,3,3100.3,18.5,0,2787.18,18.8,0,2695.82,18.8,1,3141.99,19.3,0
"2026-03-25 10:30:00",1332,802,"Chapada_Low",11.84,2729.4,23.2,0,2648.24,20.1,3,2550.27,20,0,2814.79,19.7,7,-9999,18.8,3,3100.48,18.5,4,2793.58,19,0,2719.94,18.8,0,3139.93,19.3,0
"2026-03-25 10:45:00",1333,802,"Chapada_Low",11.84,2728.71,23.1,0,2649.87,20.2,2,2552.11,20,0,2995.88,19.9,0,-9999,18.9,11,3100.26,18.6,6,2806.02,19.1,2,2748.33,18.8,0,3131.82,19.4,0
"2026-03-25 11:00:00",1334,802,"Chapada_Low",11.85,2729.36,23.1,6,2649.65,20.2,0,2553.59,20.1,6,3113.1,19.9,2,-9999,18.9,4,3103.05,18.6,3,2812.37,19.2,0,2755.66,18.8,0,3126.86,19.6,0
"2026-03-25 11:15:00",1335,802,"Chapada_Low",11.84,2729.33,23.4,12,2652.75,20.2,0,2554.9,20.1,0,2885.59,20.1,7,-9999,19,6,3104.97,18.8,4,2817.14,19.4,8,2764.68,18.9,8,3123.7,19.7,10
"2026-03-25 11:30:00",1336,802,"Chapada_Low",11.84,2729.99,23.4,0,2654.1,20.2,16,2556.63,20.1,0,2688.06,20.3,3,-9999,19.5,4,3106.03,18.8,2,2816.99,19.6,0,2764.25,18.9,3,3121.92,19.8,0
"2026-03-25 11:45:00",1337,802,"Chapada_Low",11.84,2729.17,23.4,0,2653.46,20.3,0,2558.67,20.1,0,2702.31,20.4,0,-9999,19.7,8,3103.14,18.8,0,2828.38,19.7,0,2756.97,18.9,0,3118.51,20,1
"2026-03-25 12:00:00",1338,802,"Chapada_Low",11.84,2730.15,23.4,0,2691.61,20.3,5,2558.77,20.1,0,2696.19,20.5,0,-9999,19.6,4,3099.42,18.9,10,2831.47,19.8,0,2759.9,19,0,3117.23,20.1,0
"2026-03-25 12:15:00",1339,802,"Chapada_Low",11.84,2729.41,23.4,0,2643.4,20.3,1,2558.77,20.1,6,2710.83,20.6,0,-9999,19.5,6,3102.65,18.9,4,2830.24,19.9,1,2760.13,19,0,3119.48,20.2,0
"2026-03-25 12:30:00",1340,802,"Chapada_Low",11.84,2730.1,23.4,0,2643.76,20.3,0,2558.64,20.2,7,2776.41,20.6,0,-9999,19.5,8,3103.85,18.9,5,2827.9,19.9,1,2760.69,19.1,0,3119.44,20.3,0
"2026-03-25 12:45:00",1341,802,"Chapada_Low",11.84,2730.07,23.3,0,2645.22,20.3,0,2558.43,20.2,0,2865.85,20.7,0,-9999,19.5,6,3100.67,19,9,2820.85,20,0,2763.47,19.1,14,3117.16,20.4,0
"2026-03-25 13:00:00",1342,802,"Chapada_Low",11.84,2730.41,23.3,0,2645.45,20.3,6,2557.9,20.2,0,2945.62,20.7,0,-9999,19.5,15,3099.31,19.2,0,2818.31,20.1,0,2762.35,19.2,10,3117.14,20.5,2
"2026-03-25 13:15:00",1343,802,"Chapada_Low",11.84,2729.75,23.3,5,2644.92,20.4,5,2558.61,20.3,4,3088.33,20.8,7,-9999,19.5,8,3103.35,19.3,0,2817.74,20.3,0,2759.44,19.4,3,3116.72,20.7,0
"2026-03-25 13:30:00",1344,802,"Chapada_Low",11.84,2728.8,23.4,3,2646.27,20.6,0,2558.76,20.4,0,3170.23,20.8,0,-9999,19.7,8,3102.47,19.6,5,2818.2,20.5,3,2758.81,19.6,0,3115.84,20.9,0
"2026-03-25 13:45:00",1345,802,"Chapada_Low",11.84,2729.24,23.5,2,2645.04,20.8,0,2559.42,20.6,0,3232.54,20.8,0,-9999,19.9,4,3100.67,19.8,9,2822.15,20.7,0,2759.5,19.8,0,3114.92,21.2,0
"2026-03-25 14:00:00",1346,802,"Chapada_Low",11.84,2729.11,23.5,0,2650.71,21,0,2560.83,20.7,0,3283.09,20.9,2,3893.85,20,8,3094.89,20,15,2828.21,21,0,2760.63,19.9,11,3114.32,21.3,0
"2026-03-25 14:15:00",1347,802,"Chapada_Low",11.84,2729.51,23.4,0,2630.77,21,0,2560.84,20.7,0,3311.4,20.9,0,3885.83,20,8,3090.4,20,5,2833.76,21.1,0,2761.72,19.9,11,3116.05,21.4,5
"2026-03-25 14:30:00",1348,802,"Chapada_Low",11.84,2727.6,23.6,0,2631.52,21,7,2561.39,20.8,6,3319.08,21,4,3877.37,20,13,3087.2,20,5,2837.63,21.2,0,2761.61,20,1,3112.92,21.4,4
"2026-03-25 14:45:00",1349,802,"Chapada_Low",11.84,2726.7,23.8,0,2630.93,21.1,5,2562.03,20.9,0,3336.5,21,0,3864.59,20.3,1,3081.29,20.2,5,2841.82,21.3,0,2761.51,20.1,1,3114.01,21.5,0
"2026-03-25 15:00:00",1350,802,"Chapada_Low",11.84,2729.73,23.7,0,2630.97,21.2,3,2562.38,21,0,3342.73,21,0,3855.69,20.3,0,3077.12,20.5,21,2846.05,21.5,0,2762.03,20.3,34,3109.27,21.7,0
"2026-03-25 15:15:00",1351,802,"Chapada_Low",11.85,2730.3,23.7,0,2630.86,21.3,0,2563.14,21.1,2,3345.94,21.1,0,3848.33,20.4,23,3073.55,20.5,7,2847.41,21.6,0,2762.24,20.5,1,3110.33,21.8,3
"2026-03-25 15:30:00",1352,802,"Chapada_Low",11.85,2730.91,23.8,12,2632.27,21.3,1,2563.49,21.1,7,3351.08,21.1,0,3844.29,20.4,6,3071.07,20.5,7,2845.41,21.5,0,2761.74,20.5,0,3106.9,21.8,5
"2026-03-25 15:45:00",1353,802,"Chapada_Low",11.85,2731.12,23.8,0,2631.61,21.1,0,2564.59,21,2,3353.02,20.9,0,3839.37,20.2,3,3065.36,20.3,10,2849.46,21.4,11,2763.16,20.4,5,3109.57,21.6,0
"2026-03-25 16:00:00",1354,802,"Chapada_Low",11.85,2729.32,23.8,0,2628.36,21.1,0,2566.24,20.9,8,3356.11,20.8,0,3834.78,20.2,3,3064.84,20.2,0,2849.42,21.3,0,2765.36,20.4,0,3109.3,21.4,0
"2026-03-25 16:15:00",1355,802,"Chapada_Low",11.85,2731.61,23.8,12,2628.18,21.1,18,2567.29,20.9,16,3360.26,20.8,0,3833.06,20.2,4,3062.2,20.2,9,2848.09,21.3,0,2768.91,20.4,0,3108.48,21.4,4
"2026-03-25 16:30:00",1356,802,"Chapada_Low",11.85,2732.33,23.9,0,2629.8,21.1,2,2568.59,20.8,0,3359.43,20.8,11,3829.85,20.2,5,3062.65,20.2,5,2846.97,21.3,0,2771.72,20.5,0,3108.89,21.4,0
"2026-03-25 16:45:00",1357,802,"Chapada_Low",11.85,2732.66,23.9,0,2628.68,21.1,12,2572.13,20.9,0,3362.89,20.8,0,3827.89,20.3,5,3063.03,20.3,0,2848.49,21.3,0,2772.5,20.5,7,3105.88,21.4,0
"2026-03-25 17:00:00",1358,802,"Chapada_Low",11.85,2733.47,23.9,3,2627.99,21.1,0,2574.31,20.9,0,3363.43,20.8,0,3825.5,20.3,10,3050.5,20.3,7,2852.61,21.4,5,2773.08,20.5,2,3106.06,21.4,7
"2026-03-25 17:15:00",1359,802,"Chapada_Low",11.85,2735,23.8,0,2628.04,21.1,13,2575.95,20.9,29,3351.41,20.9,0,3823.07,20.4,3,3047.73,20.3,8,2850.02,21.3,0,2773.07,20.7,5,3108.04,21.5,0
"2026-03-25 17:30:00",1360,802,"Chapada_Low",11.85,2735.47,23.9,1,2628.51,21.1,0,2577.31,20.9,0,3345.35,20.9,0,3821.64,20.4,6,3045.58,20.4,26,2849.54,21.3,0,2773.11,20.7,10,3107.16,21.6,0
"2026-03-25 17:45:00",1361,802,"Chapada_Low",11.85,2735.42,23.7,10,2626.21,21.3,5,2578.68,20.9,6,3344.78,21,0,3819.12,20.4,3,3041.89,20.4,5,2850.97,21.3,0,2774.77,20.7,0,3107.28,21.6,1
"2026-03-25 18:00:00",1362,802,"Chapada_Low",11.85,2737.02,24.1,0,2616.76,21.4,17,2580.07,21.2,7,3342.71,21.1,0,3814.22,20.5,8,3041.11,20.6,0,2854.17,21.4,0,2775.97,20.8,0,3104.68,21.7,2
"2026-03-25 18:15:00",1363,802,"Chapada_Low",11.85,2737.51,24.2,0,2617.09,21.4,4,2581.57,21.2,0,3340.43,21.3,0,3810.72,20.6,19,3038.55,20.7,10,2860.87,21.3,11,2778.5,20.9,0,3104.79,21.7,1
"2026-03-25 18:30:00",1364,802,"Chapada_Low",11.85,2738.56,24.1,5,2617.22,21.3,4,2585.03,21,4,3339.84,21.1,1,3808.09,20.6,1,3031.49,20.5,6,2873.66,21.1,0,2784.54,20.8,3,3106.58,21.5,0
"2026-03-25 18:45:00",1365,802,"Chapada_Low",11.85,2738.97,24,0,2617.34,21.1,1,2588.91,20.8,0,3339.23,20.9,0,3805.48,20.4,12,3027.33,20.3,4,2876.22,20.8,0,2785.65,20.7,0,3104.75,21.3,0
"2026-03-25 19:00:00",1366,802,"Chapada_Low",11.85,2739.27,23.7,0,2619.86,21,16,2590.83,20.6,0,3339.17,20.7,0,3804.36,20.2,8,3021.73,20.1,0,2878.36,20.5,0,2789.39,20.5,2,3105.19,21,0
"2026-03-25 19:15:00",1367,802,"Chapada_Low",11.85,2739.65,23.7,1,2619.89,20.8,4,2592.84,20.5,0,3337.19,20.5,0,3803.07,20.1,6,3018.51,19.9,3,2866.39,20.3,0,2787.72,20.3,3,3105.82,20.8,1
"2026-03-25 19:30:00",1368,802,"Chapada_Low",11.85,2739.29,23.7,0,2625.94,20.7,0,2594.37,20.4,0,3337.16,20.4,0,3795.39,19.9,20,3016.13,19.8,0,2840.25,20.2,0,2788.74,20.3,0,3107.78,20.7,4
"2026-03-25 19:45:00",1369,802,"Chapada_Low",11.85,2737.63,23.7,1,2620.01,20.6,4,2598.19,20.3,8,3333.45,20.3,0,3793.56,19.9,6,3009.77,19.7,1,2826.38,20.1,0,2787.34,20.3,0,3105.97,20.7,0
"2026-03-25 20:00:00",1370,802,"Chapada_Low",11.85,2739.93,23.6,0,2620.28,20.5,0,2599.65,20.2,0,3326.31,20.2,0,3793.08,19.8,5,3005.98,19.6,0,2813.49,20,0,2787.46,20.2,11,3108.38,20.5,2
"2026-03-25 20:15:00",1371,802,"Chapada_Low",11.85,2739.86,23.5,0,2619.9,20.5,3,2601.23,20.1,0,3320.98,20.1,0,3789.97,19.7,0,3000.24,19.5,7,2798.57,19.9,0,2785.46,20.2,0,3106.85,20.4,0
"2026-03-25 20:30:00",1372,802,"Chapada_Low",11.85,"NAN","NAN","NAN",2619.81,20.4,0,2601.35,20.1,0,3317.77,20.1,0,3788.62,19.6,15,2998.45,19.4,0,2784.19,19.8,0,2781.33,20.1,0,3108.51,20.4,1
"2026-03-25 20:45:00",1373,802,"Chapada_Low",11.85,"NAN","NAN","NAN",2618.93,20.3,5,2601.9,20,2,3316.34,20,0,3788.8,19.6,8,2997.86,19.3,0,2774.15,19.5,9,2777.97,20,3,3109.45,20.3,0
"2026-03-25 21:00:00",1374,802,"Chapada_Low",11.85,"NAN","NAN","NAN",2619.49,20.2,5,2602.29,19.9,0,3315.35,19.8,0,3785.72,19.5,3,2990.3,19.1,0,2744.88,19.4,0,2776.03,19.8,0,3106.93,20.1,0
"2026-03-25 21:15:00",1375,802,"Chapada_Low",11.85,"NAN","NAN","NAN",2619.11,20,0,2602.71,19.8,0,3313.04,19.7,0,3784.91,19.3,6,2991.22,19,4,2734.66,19.3,0,2774.48,19.8,0,3107.42,20,0
"2026-03-25 21:30:00",1376,802,"Chapada_Low",11.85,"NAN","NAN","NAN",2621.98,19.9,0,2602.63,19.7,7,"NAN","NAN","NAN",3782.35,19.3,0,2984.08,18.9,20,2710.95,19.2,0,2773.07,19.7,4,3107.6,19.9,0
"2026-03-25 21:45:00",1377,802,"Chapada_Low",11.85,"NAN","NAN","NAN",2620.66,19.8,4,2603.26,19.6,0,"NAN","NAN","NAN",3782.09,19.2,3,2980.85,18.8,4,2700.95,19.1,0,2771.28,19.6,0,3109.66,19.9,0
"2026-03-25 22:00:00",1378,802,"Chapada_Low",11.85,"NAN","NAN","NAN",2622.66,19.8,3,2603.12,19.6,3,"NAN","NAN","NAN",3780.54,19.2,6,2977.86,18.8,0,2685.23,19.1,0,2774.1,19.5,7,3107.74,19.8,0
"2026-03-25 22:15:00",1379,802,"Chapada_Low",11.85,"NAN","NAN","NAN",2622.11,19.8,3,2603.7,19.6,0,"NAN","NAN","NAN",3778.94,19.1,8,2966.78,18.8,0,2668.13,19,0,2766.59,19.6,8,3110.07,19.8,0
"2026-03-25 22:30:00",1380,802,"Chapada_Low",11.85,"NAN","NAN","NAN",2621.73,19.7,3,2604.13,19.6,5,"NAN","NAN","NAN",3777.49,19.1,33,2961.11,18.7,0,2661.56,19,0,2762.18,19.6,0,3108.36,19.8,11
"2026-03-25 22:45:00",1381,802,"Chapada_Low",11.85,"NAN","NAN","NAN",2622.83,19.7,0,2606.2,19.5,0,"NAN","NAN","NAN",3774.57,19.1,6,2960.89,18.7,0,2652.54,18.9,0,2761.02,19.5,8,3108.2,19.8,2
"2026-03-25 23:00:00",1382,802,"Chapada_Low",11.85,"NAN","NAN","NAN",2622.95,19.7,2,2606.05,19.5,4,"NAN","NAN","NAN",3770.41,19,3,2956.42,18.7,0,2640.73,18.9,0,2758.71,19.5,0,3110.2,19.7,0
"2026-03-25 23:15:00",1383,802,"Chapada_Low",11.84,"NAN","NAN","NAN",2623.58,19.7,14,2606.43,19.5,2,"NAN","NAN","NAN",3769.09,19,4,2957.22,18.7,8,2632.18,18.9,0,2757.34,19.5,2,3107.71,19.7,0
"2026-03-25 23:30:00",1384,802,"Chapada_Low",11.84,"NAN","NAN","NAN",2624.28,19.7,3,2606.5,19.4,0,"NAN","NAN","NAN",3768.62,19,3,2956.27,18.7,8,2623.64,18.9,0,2756.45,19.5,0,3108.71,19.7,0
"2026-03-25 23:45:00",1385,802,"Chapada_Low",11.84,"NAN","NAN","NAN",2624.86,19.6,0,2607.31,19.4,0,"NAN","NAN","NAN",3768,19,6,2953.56,18.7,0,2618.92,18.9,0,2755.22,19.5,0,3110.72,19.7,0
"2026-03-26 00:00:00",1386,802,"Chapada_Low",11.84,"NAN","NAN","NAN",2624.69,19.6,0,2607.69,19.4,0,"NAN","NAN","NAN",3767.72,18.9,1,2949.95,18.6,13,2608.18,18.9,0,2757.41,19.4,0,3108.38,19.6,2
"2026-03-26 00:15:00",1387,802,"Chapada_Low",11.85,"NAN","NAN","NAN",2625.12,19.5,0,2608.82,19.3,0,"NAN","NAN","NAN",3768.19,18.9,0,2948.85,18.6,0,2606.23,18.8,0,2751.7,19.3,0,3110.53,19.6,0
"2026-03-26 00:30:00",1388,802,"Chapada_Low",11.85,"NAN","NAN","NAN",2625.38,19.4,9,2608.45,19.3,0,"NAN","NAN","NAN",3765.76,18.9,9,2950.54,18.5,3,2597.96,18.7,0,2750.68,19.3,0,3107.98,19.5,10
"2026-03-26 00:45:00",1389,802,"Chapada_Low",11.85,"NAN","NAN","NAN",2624.43,19.4,0,2608.34,19.3,0,"NAN","NAN","NAN",3765.24,18.8,5,2946.6,18.5,3,2594.86,18.6,0,2745.21,19.2,7,3108.24,19.5,0
"2026-03-26 01:00:00",1390,802,"Chapada_Low",11.85,"NAN","NAN","NAN",2624.7,19.3,6,2608.98,19.2,0,"NAN","NAN","NAN",3764.07,18.8,1,2944.83,18.4,11,2593.27,18.6,0,2744.11,19.1,0,3108.57,19.4,13
"2026-03-26 01:15:00",1391,802,"Chapada_Low",11.85,"NAN","NAN","NAN",2623.35,19.3,1,2609.06,19.1,26,"NAN","NAN","NAN",3764.24,18.7,5,2944.45,18.3,8,2590.06,18.5,0,2744.06,19,16,3107.93,19.3,0
"2026-03-26 01:30:00",1392,802,"Chapada_Low",11.85,"NAN","NAN","NAN",2623.93,19.2,0,2609.16,19,0,"NAN","NAN","NAN",3763.79,18.7,6,2945.73,18.3,11,2586.84,18.5,0,2741.58,19.1,2,3108.75,19.2,9
"2026-03-26 01:45:00",1393,802,"Chapada_Low",11.85,"NAN","NAN","NAN",2623.85,19.2,18,2608.87,19,0,"NAN","NAN","NAN",3759.38,18.6,3,2940.65,18.2,1,2581.14,18.5,0,2737.5,19,0,3108.92,19.2,0
"2026-03-26 02:00:00",1394,802,"Chapada_Low",11.85,"NAN","NAN","NAN",2624.57,19.1,0,2609.63,19,0,"NAN","NAN","NAN",3757.78,18.5,2,2939.78,18.2,1,2578.02,18.4,0,2739.18,18.9,0,3109.18,19.1,2
"2026-03-26 02:15:00",1395,802,"Chapada_Low",11.85,"NAN","NAN","NAN",2624.39,19.1,0,2609.28,18.9,0,"NAN","NAN","NAN",3757.89,18.5,2,2940.73,18.1,3,2577.04,18.3,0,2735.61,18.9,2,3108.91,19.1,0
"2026-03-26 02:30:00",1396,802,"Chapada_Low",11.85,"NAN","NAN","NAN",2624.76,19.1,13,2609.58,18.9,10,"NAN","NAN","NAN",3757.11,18.5,3,2939.05,18.1,0,2572.53,18.2,0,2735.6,18.8,6,3109.16,19.1,0
"2026-03-26 02:45:00",1397,802,"Chapada_Low",11.85,"NAN","NAN","NAN",2624.3,19.1,1,2610.29,18.9,0,"NAN","NAN","NAN",3756.8,18.5,0,2937.76,18.1,0,2570.59,18.2,0,2732.38,18.7,0,3108.94,19,0
"2026-03-26 03:00:00",1398,802,"Chapada_Low",11.85,"NAN","NAN","NAN",2622.13,19,0,2610.78,18.8,2,"NAN","NAN","NAN",3756.67,18.5,8,2935.3,18,3,2568.25,18.2,0,2731.1,18.7,5,3109.26,19,0
"2026-03-26 03:15:00",1399,802,"Chapada_Low",11.85,"NAN","NAN","NAN",2618.49,19,0,2612.14,18.8,1,"NAN","NAN","NAN",3756.4,18.4,1,2937.48,18,0,2568.15,18.2,0,2732.54,18.7,0,3109.51,18.9,0
"2026-03-26 03:30:00",1400,802,"Chapada_Low",11.84,"NAN","NAN","NAN",2618.53,19,0,2612.9,18.7,0,"NAN","NAN","NAN",3755.96,18.4,13,2937.55,18,1,2562.68,18.1,0,2728.63,18.7,17,3109.57,18.8,0
"2026-03-26 03:45:00",1401,802,"Chapada_Low",11.84,"NAN","NAN","NAN",2618.89,19,0,2613.37,18.7,0,"NAN","NAN","NAN",3755.48,18.3,3,2934.72,18,1,2557.68,18.1,7,2728.05,18.7,3,3109.44,18.9,0
"2026-03-26 04:00:00",1402,802,"Chapada_Low",11.85,"NAN","NAN","NAN",2619.36,19,0,2614.13,18.8,2,"NAN","NAN","NAN",3755.68,18.4,7,2933.94,18.1,0,2555.46,18.2,0,2727.16,18.7,7,3109.99,18.9,0
"2026-03-26 04:15:00",1403,802,"Chapada_Low",11.84,"NAN","NAN","NAN",2618.03,19.1,0,2614.68,18.8,4,"NAN","NAN","NAN",3755.27,18.5,0,2935.04,18.2,0,2554.11,18.3,0,2725.97,18.8,0,3109.25,19,0
"2026-03-26 04:30:00",1404,802,"Chapada_Low",11.84,"NAN","NAN","NAN",2617.68,19.1,0,2616.11,18.8,0,"NAN","NAN","NAN",3753.96,18.6,6,2932.67,18.2,1,2551.55,18.4,0,2725.34,18.8,0,3109.34,19,0
"2026-03-26 04:45:00",1405,802,"Chapada_Low",11.85,"NAN","NAN","NAN",2619.06,19.1,0,2615.88,18.8,0,"NAN","NAN","NAN",3753.63,18.6,6,2932.28,18.2,9,2550.15,18.4,9,2724.6,18.8,7,3109.78,19,0
"2026-03-26 05:00:00",1406,802,"Chapada_Low",11.85,"NAN","NAN","NAN",2621.34,19.1,0,2616.28,18.8,5,"NAN","NAN","NAN",3752.42,18.5,3,2931.85,18.2,0,2540.34,18.3,0,2703.52,18.8,2,3108.67,18.9,0
"2026-03-26 05:15:00",1407,802,"Chapada_Low",11.85,"NAN","NAN","NAN",2613.51,19,0,2616.05,18.7,0,"NAN","NAN","NAN",3751.68,18.5,0,2934.29,18.1,0,2537.28,18.3,0,2702.96,18.7,2,3108.95,18.9,5
"2026-03-26 05:30:00",1408,802,"Chapada_Low",11.85,"NAN","NAN","NAN",2612.96,18.9,0,2616.53,18.7,0,"NAN","NAN","NAN",3751.71,18.4,3,2932.55,18.1,0,2535.31,18.2,0,2698.56,18.6,5,3108.85,18.8,0
"2026-03-26 05:45:00",1409,802,"Chapada_Low",11.84,"NAN","NAN","NAN",2612.63,18.9,0,2616,18.6,0,"NAN","NAN","NAN",3750.71,18.3,4,2933.62,18,3,2536.13,18.1,0,2696.83,18.6,1,3108.86,18.8,0
"2026-03-26 06:00:00",1410,802,"Chapada_Low",11.84,"NAN","NAN","NAN",2613.57,18.9,5,2616.79,18.6,0,"NAN","NAN","NAN",3749.95,18.3,5,2933.24,17.9,3,2532.02,18,0,2689.31,18.6,2,3109.25,18.7,0
"2026-03-26 06:15:00",1411,802,"Chapada_Low",11.84,"NAN","NAN","NAN",2613.8,18.8,0,2616.82,18.5,0,"NAN","NAN","NAN",3749.8,18.3,6,2933.31,17.9,4,2530.34,17.9,0,2688.4,18.4,0,3108.84,18.6,0
"2026-03-26 06:30:00",1412,802,"Chapada_Low",11.84,"NAN","NAN","NAN",2613.85,18.8,0,2617.24,18.5,0,"NAN","NAN","NAN",3749.3,18.2,0,2932.14,17.8,5,2526.87,17.9,0,2687.09,18.4,6,3108.7,18.6,0
"2026-03-26 06:45:00",1413,802,"Chapada_Low",11.85,"NAN","NAN","NAN",2621.6,18.8,0,2618.19,18.5,3,"NAN","NAN","NAN",3748.22,18.3,24,2929.98,17.9,1,2527.82,17.9,0,2685.62,18.4,8,3108.95,18.6,0
"2026-03-26 07:00:00",1414,802,"Chapada_Low",11.85,"NAN","NAN","NAN",2616.75,18.8,0,2618.26,18.6,10,"NAN","NAN","NAN",3746.46,18.3,3,2932.25,17.9,3,2524.71,18,0,2684.67,18.5,3,3108.18,18.6,0
"2026-03-26 07:15:00",1415,802,"Chapada_Low",11.85,"NAN","NAN","NAN",2616.7,18.9,6,2618.86,18.7,0,"NAN","NAN","NAN",3747.19,18.4,5,2929.6,18.1,0,2523,18.2,9,2681.67,18.6,0,3107.6,18.8,0
"2026-03-26 07:30:00",1416,802,"Chapada_Low",11.85,"NAN","NAN","NAN",2618.08,19.1,0,2618.98,18.8,0,"NAN","NAN","NAN",3743.29,18.6,0,2931.85,18.3,3,2523.3,18.5,0,2680.49,18.9,0,3107,19,0
"2026-03-26 07:45:00",1417,802,"Chapada_Low",11.85,"NAN","NAN","NAN",2617.27,19.3,0,2620.5,19,0,"NAN","NAN","NAN",3743.47,18.8,8,2930.5,18.6,7,2521.52,18.7,0,2682.11,19.1,0,3108.28,19.2,0
"2026-03-26 08:00:00",1418,802,"Chapada_Low",11.85,"NAN","NAN","NAN",2617.07,19.5,11,2620.7,19.2,0,"NAN","NAN","NAN",3741.98,19.1,1,2929.77,18.9,2,2517.88,19.1,0,2678.09,19.4,2,3105.45,19.5,0
"2026-03-26 08:15:00",1419,802,"Chapada_Low",11.85,"NAN","NAN","NAN",2616.37,19.7,4,2622.3,19.4,12,"NAN","NAN","NAN",3740.47,19.3,0,2927.19,19.2,0,2516.67,19.4,0,2676.81,19.7,6,3106.78,19.8,0
"2026-03-26 08:30:00",1420,802,"Chapada_Low",11.85,"NAN","NAN","NAN",2616.78,19.9,0,2622.87,19.5,27,"NAN","NAN","NAN",3739.22,19.5,0,2926.66,19.4,0,2514.75,19.5,0,2671.23,19.8,0,3105.84,20,2
"2026-03-26 08:45:00",1421,802,"Chapada_Low",11.85,"NAN","NAN","NAN",2619.15,20.1,4,2623,19.7,0,"NAN","NAN","NAN",3738.62,19.6,2,2928.46,19.6,15,2513.5,19.8,7,2669.74,20,0,3103.52,20.2,0
"2026-03-26 09:00:00",1422,802,"Chapada_Low",11.85,"NAN","NAN","NAN",2604.73,20.4,0,2622.85,20.2,0,"NAN","NAN","NAN",3736.6,20,0,2927.3,20,1,2511.8,20.2,2,2668.17,20.4,4,3102.35,20.7,0
"2026-03-26 09:15:00",1423,802,"Chapada_Low",11.85,"NAN","NAN","NAN",2605.64,20.8,1,2623.97,20.5,0,"NAN","NAN","NAN",3734.82,20.5,5,2926.52,20.6,0,2509.8,20.7,0,2669.32,21,3,3103.63,21.2,0
"2026-03-26 09:30:00",1424,802,"Chapada_Low",11.85,"NAN","NAN","NAN",2604.28,21.5,0,2625.12,21,2,"NAN","NAN","NAN",3731.35,21.9,18,2925.06,21.7,1,2508.92,21.7,0,2667.36,22.1,0,3099.1,22.1,0
"2026-03-26 09:45:00",1425,802,"Chapada_Low",11.85,"NAN","NAN","NAN",2603.58,22,0,2626.51,21.4,7,"NAN","NAN","NAN",3726.84,22.2,4,2923.31,22.9,0,2506.33,22.8,3,2661.97,22.9,0,3099.81,22.8,1
"2026-03-26 10:00:00",1426,802,"Chapada_Low",11.85,"NAN","NAN","NAN",2604.5,22.2,0,2626.25,21.6,6,"NAN","NAN","NAN",3724.73,22.2,7,2922.73,22.8,0,2503.56,23.4,0,2662.06,23.6,0,3096.47,23.1,0
"2026-03-26 10:15:00",1427,802,"Chapada_Low",11.85,"NAN","NAN","NAN",2603.92,22.4,0,2626.68,21.8,0,"NAN","NAN","NAN",3723.69,22.2,4,2919.81,22.8,0,2499.69,23.1,0,2656.55,23.7,0,3097.01,23.9,11
"2026-03-26 10:30:00",1428,802,"Chapada_Low",11.85,"NAN","NAN","NAN",2602,22.4,0,2627.5,22,0,"NAN","NAN","NAN",3722.87,22.3,2,2919.57,22.8,15,2499.36,23,0,2656.66,23.6,2,3095.35,23.8,0
"2026-03-26 10:45:00",1429,802,"Chapada_Low",11.85,"NAN","NAN","NAN",2605.79,23,0,2628.17,22.4,0,"NAN","NAN","NAN",3719.85,22.5,3,2917.05,23.2,2,2498.42,23.4,0,2655.99,24.1,0,3095.24,24,0
"2026-03-26 11:00:00",1430,802,"Chapada_Low",11.85,"NAN","NAN","NAN",2605.21,24.1,0,2629.18,23.6,0,"NAN","NAN","NAN",3716.13,23.3,0,2913.94,24.3,3,2494.79,24.5,0,2648.78,26,0,3091.67,24.8,0
"2026-03-26 11:15:00",1431,802,"Chapada_Low",11.85,"NAN","NAN","NAN",2605.08,24.6,1,2631.74,23.6,0,"NAN","NAN","NAN",3713.39,24.1,3,2908.08,24.8,16,2491.53,25,0,2643.08,27,0,3088.64,25.5,1
"2026-03-26 11:30:00",1432,802,"Chapada_Low",11.85,"NAN","NAN","NAN",2604.4,25.3,0,2629.61,24.3,2,"NAN","NAN","NAN",3707.44,24.7,0,2904.73,26.7,0,2487.84,25.8,0,2639.34,28.3,2,3083.36,26.9,0
"2026-03-26 11:45:00",1433,802,"Chapada_Low",11.85,"NAN","NAN","NAN",2603.67,25.7,0,2632.4,24.7,7,"NAN","NAN","NAN",3703.98,24.8,0,2901.03,26.6,4,2481.85,27.3,0,2625.86,28.9,0,3082.02,27.9,0
"2026-03-26 12:00:00",1434,802,"Chapada_Low",11.84,"NAN","NAN","NAN","NAN","NAN","NAN","NAN","NAN","NAN","NAN","NAN","NAN","NAN","NAN","NAN","NAN","NAN","NAN","NAN","NAN","NAN","NAN","NAN","NAN","NAN","NAN","NAN"
"2026-03-26 12:15:00",1435,802,"Chapada_Low",11.85,"NAN","NAN","NAN",2602.07,25.9,0,2632.44,25.6,0,"NAN","NAN","NAN",3699.58,25.2,0,2894.67,26.8,0,2477.71,27,0,2617.26,29.3,2,3076.57,29.9,1
"2026-03-26 12:30:00",1436,802,"Chapada_Low",11.84,"NAN","NAN","NAN",2578.01,25.9,0,2631.87,25.7,0,"NAN","NAN","NAN",3697.34,25.6,4,2891.85,27.2,10,2476.91,27.3,0,2614.7,28.9,0,3076.18,29.3,2
"2026-03-26 12:45:00",1437,802,"Chapada_Low",11.84,"NAN","NAN","NAN",2577.12,25.2,3,2628.45,24.9,4,"NAN","NAN","NAN",3696.84,24.9,6,2891.94,26.1,3,2479.03,26.2,3,2614.98,27.5,2,3076.52,28,0
"2026-03-26 13:00:00",1438,802,"Chapada_Low",11.84,"NAN","NAN","NAN",2577.75,24.7,0,2630.06,24.2,0,"NAN","NAN","NAN",3698.25,24.2,8,2894.18,25.2,5,2478.64,25.2,1,2616.74,26.3,0,3078.85,26.6,0
"2026-03-26 13:15:00",1439,802,"Chapada_Low",11.85,"NAN","NAN","NAN",2584.12,24.7,0,2628.16,24.9,0,"NAN","NAN","NAN",3696.7,24.4,5,2892.5,25.3,2,2479.06,25.3,0,2616.52,26.2,0,3078.2,26.9,2
"2026-03-26 13:30:00",1440,802,"Chapada_Low",11.85,"NAN","NAN","NAN",2583.15,25,0,2628.87,25,3,"NAN","NAN","NAN",3696.62,24.8,9,2891.69,25.6,3,2478.01,25.7,0,2611.76,26.6,0,3078.67,27.1,0
"2026-03-26 13:45:00",1441,802,"Chapada_Low",11.84,"NAN","NAN","NAN",2582.29,25.1,0,2630.75,25.1,2,"NAN","NAN","NAN",3692.83,25.3,10,2890.53,25.6,2,2476.38,25.8,0,2610.56,26.7,0,3077.46,27,0
"2026-03-26 14:00:00",1442,802,"Chapada_Low",11.84,"NAN","NAN","NAN",2582.83,24.9,0,2628.93,24.8,0,"NAN","NAN","NAN",3690.53,24.8,27,2891.26,25.7,0,2475.51,25.6,0,2606.75,26.3,3,3078.24,26.4,0
"2026-03-26 14:15:00",1443,802,"Chapada_Low",11.85,"NAN","NAN","NAN",2581.75,24.5,0,2629.92,24.4,0,"NAN","NAN","NAN",3691.79,24.3,5,2891.66,24.9,5,2475.65,25.3,0,2608.17,25.8,0,3077.25,25.7,0
"2026-03-26 14:30:00",1444,802,"Chapada_Low",11.85,"NAN","NAN","NAN",2581.06,24.3,0,2629.87,24.3,0,"NAN","NAN","NAN",3691.26,24.1,1,2891.13,24.6,0,2476.5,24.9,0,2605.4,25.6,0,3079.74,25.6,1
"2026-03-26 14:45:00",1445,802,"Chapada_Low",11.85,"NAN","NAN","NAN",2579.5,24,8,2629.48,23.9,7,"NAN","NAN","NAN",3680.35,23.8,3,2892.49,24.3,0,2479.9,24.5,0,2612.15,24.9,0,3080.94,25.1,3
"2026-03-26 15:00:00",1446,802,"Chapada_Low",11.85,"NAN","NAN","NAN",2586.59,23.8,2,2613.48,23.5,0,"NAN","NAN","NAN",3727.97,23.4,4,2939.41,23.8,0,2519.16,23.9,0,2682.99,24.1,0,3091.58,24.6,0
"2026-03-26 15:15:00",1447,802,"Chapada_Low",11.84,"NAN","NAN","NAN",3012.57,23.4,6,2577.47,23.4,0,"NAN","NAN","NAN",3746.61,23.1,5,3011.99,23.2,0,2636.22,23.5,0,2720.74,23.5,0,3098.15,24,0
"2026-03-26 15:30:00",1448,802,"Chapada_Low",11.84,"NAN","NAN","NAN",2902.09,23.3,0,2572.48,23.3,0,"NAN","NAN","NAN",3741.84,23,7,3000.29,23.1,2,2780.62,23.4,0,2742.32,23.3,0,3099.11,23.9,0
"2026-03-26 15:45:00",1449,802,"Chapada_Low",11.85,"NAN","NAN","NAN",2974.04,23.1,0,2571.22,23.2,5,"NAN","NAN","NAN",3740.69,23,2,3000.29,23.1,0,2784.54,23.6,2,2728,23.3,6,3101.35,23.8,0
"2026-03-26 16:00:00",1450,802,"Chapada_Low",11.85,"NAN","NAN","NAN",3032.59,23.1,0,2566.87,23.3,1,"NAN","NAN","NAN",3741.38,22.9,0,3001.62,23.2,7,2782.82,23.8,0,2732.96,23.3,7,3103.23,23.8,0
"2026-03-26 16:15:00",1451,802,"Chapada_Low",11.85,"NAN","NAN","NAN",2856.7,22.9,0,2565.07,23.2,3,"NAN","NAN","NAN",3743.07,22.8,7,3005.5,22.9,8,2787.14,23.8,0,2724.19,23.3,10,3105.78,23.5,0
"2026-03-26 16:30:00",1452,802,"Chapada_Low",11.85,"NAN","NAN","NAN",2605.6,22.7,1,2564.89,23.1,0,"NAN","NAN","NAN",3745.29,22.6,3,3007.93,22.6,19,2789.52,23.8,0,2723.02,23.1,2,3106.13,23.3,2
"2026-03-26 16:45:00",1453,802,"Chapada_Low",11.84,"NAN","NAN","NAN",2605.41,22.6,0,2565.35,22.9,3,"NAN","NAN","NAN",3746.29,22.3,5,3008.99,22.4,1,2794.05,23.5,0,2724.42,22.8,5,3103.87,22.9,2
"2026-03-26 17:00:00",1454,802,"Chapada_Low",11.84,"NAN","NAN","NAN",2604.86,22.4,0,2566.56,22.8,5,"NAN","NAN","NAN",3746.54,22.1,9,3010.54,22.1,7,2797.82,23.3,1,2724.88,22.6,5,3103.76,22.7,7
"2026-03-26 17:15:00",1455,802,"Chapada_Low",11.84,"NAN","NAN","NAN",2605.83,22.2,0,2566.58,22.6,0,"NAN","NAN","NAN",3745.99,22,4,3008.76,22,0,2800,23,0,2728.6,22.5,0,3102.48,22.5,5
"2026-03-26 17:30:00",1456,802,"Chapada_Low",11.84,"NAN","NAN","NAN",2605.74,22.1,0,2567.66,22.5,0,"NAN","NAN","NAN",3746.3,21.9,8,3007.6,21.8,11,2802.37,22.9,0,2728.09,22.4,0,3103.05,22.3,2
"2026-03-26 17:45:00",1457,802,"Chapada_Low",11.84,"NAN","NAN","NAN",2607.02,22,0,2568.08,22.4,0,"NAN","NAN","NAN",3746.73,21.8,8,3007.09,21.7,7,2804.03,22.7,0,2731.19,22.3,0,3105.18,22.2,1
"2026-03-26 18:00:00",1458,802,"Chapada_Low",11.84,"NAN","NAN","NAN",2606.43,22,0,2570.07,22.3,8,"NAN","NAN","NAN",3748.11,21.7,0,3005.64,21.6,0,2806.13,22.6,3,2737.31,22.1,5,3103.58,22.1,0
"2026-03-26 18:15:00",1459,802,"Chapada_Low",11.84,"NAN","NAN","NAN",2607.78,21.9,0,2571.78,22.2,0,"NAN","NAN","NAN",3748.13,21.6,5,3003.99,21.5,6,2808.07,22.4,0,2740.1,22,2,3105.37,22,0
"2026-03-26 18:30:00",1460,802,"Chapada_Low",11.84,"NAN","NAN","NAN",2606.66,21.8,0,2573.33,22.1,0,"NAN","NAN","NAN",3747.37,21.5,7,3001.67,21.4,3,2809.55,22.3,9,2741.33,21.9,5,3105.65,21.9,0
"2026-03-26 18:45:00",1461,802,"Chapada_Low",11.85,"NAN","NAN","NAN",2604.1,21.8,5,2576.84,22,0,"NAN","NAN","NAN",3746.8,21.4,15,2998.77,21.3,0,2810.7,22.2,0,2743.24,21.9,10,3103.59,21.8,5
"2026-03-26 19:00:00",1462,802,"Chapada_Low",11.85,"NAN","NAN","NAN",2603.76,21.7,5,2578.07,21.8,0,"NAN","NAN","NAN",3746.61,21.3,1,2994.73,21.2,3,2812.26,22,0,2745.08,21.8,2,3103.37,21.7,0
"2026-03-26 19:15:00",1463,802,"Chapada_Low",11.84,"NAN","NAN","NAN",2605.63,21.6,0,2581.14,21.7,0,"NAN","NAN","NAN",3746.1,21.2,8,2992.25,21.1,4,2811.55,21.9,0,2743.45,21.7,0,3103.68,21.6,0
"2026-03-26 19:30:00",1464,802,"Chapada_Low",11.84,"NAN","NAN","NAN",2605.35,21.6,0,2582.87,21.7,2,"NAN","NAN","NAN",3745.92,21.2,8,2989.27,21.1,0,2820.12,21.7,0,2749.84,21.6,0,3105.66,21.6,3
"2026-03-26 19:45:00",1465,802,"Chapada_Low",11.84,"NAN","NAN","NAN",2606.22,21.5,0,2589.39,21.6,0,"NAN","NAN","NAN",3746.02,21.2,5,2983.84,21,3,2835.63,21.6,0,2752.95,21.6,5,3106.72,21.5,0
"2026-03-26 20:00:00",1466,802,"Chapada_Low",11.84,"NAN","NAN","NAN",2606.31,21.5,0,2591.34,21.6,0,"NAN","NAN","NAN",3745.19,21.2,21,2977.89,21,6,2842.01,21.5,0,2759.49,21.6,2,3106.66,21.5,2
"2026-03-26 20:15:00",1467,802,"Chapada_Low",11.84,"NAN","NAN","NAN",2605.08,21.4,0,2593.72,21.5,3,"NAN","NAN","NAN",3744.58,21.1,8,2974.55,20.9,0,2840.25,21.3,3,2763.35,21.5,0,3104.28,21.4,3
"2026-03-26 20:30:00",1468,802,"Chapada_Low",11.84,"NAN","NAN","NAN",2604.73,21.4,0,2597,21.4,17,"NAN","NAN","NAN",3744.76,21,0,2971.65,20.8,0,2824.25,21.1,0,2762.93,21.4,0,3106.98,21.3,0
"2026-03-26 20:45:00",1469,802,"Chapada_Low",11.84,"NAN","NAN","NAN",2608.95,21.3,0,2600.38,21.3,4,"NAN","NAN","NAN",3744.69,20.9,1,2968.9,20.7,4,2790.04,21,0,2765.42,21.3,0,3104.92,21.2,0
"2026-03-26 21:00:00",1470,802,"Chapada_Low",11.84,"NAN","NAN","NAN",2611.56,21.2,0,2601.6,21.2,0,"NAN","NAN","NAN",3743.58,20.8,9,2965.4,20.6,2,2767.92,21,0,2769.91,21.2,3,3104.97,21.2,0
"2026-03-26 21:15:00",1471,802,"Chapada_Low",11.84,"NAN","NAN","NAN",2610.94,21.2,0,2602.13,21.2,7,"NAN","NAN","NAN",3743.29,20.8,3,2962.9,20.6,2,2757.9,20.9,3,2767.01,21.1,8,3107.23,21.1,0
"2026-03-26 21:30:00",1472,802,"Chapada_Low",11.84,"NAN","NAN","NAN",2611.6,21.1,15,2602.5,21.1,6,"NAN","NAN","NAN",3743.3,20.7,2,2960.85,20.5,5,2738.13,20.8,0,2764.39,21,0,3107.05,21.1,0
"2026-03-26 21:45:00",1473,802,"Chapada_Low",11.84,"NAN","NAN","NAN",2611.92,21.1,1,2602.88,21.1,0,"NAN","NAN","NAN",3742.14,20.6,6,2958.88,20.4,0,2712.54,20.7,0,2762.8,20.9,0,3104.99,21,5
"2026-03-26 22:00:00",1474,802,"Chapada_Low",11.84,"NAN","NAN","NAN",2611.86,21,0,2604.18,21,9,"NAN","NAN","NAN",3742.28,20.6,8,2956.52,20.3,0,2691.68,20.6,0,2760.81,20.8,17,3106,21,0
"2026-03-26 22:15:00",1475,802,"Chapada_Low",11.84,"NAN","NAN","NAN",2611.25,20.9,0,2603.87,20.9,0,"NAN","NAN","NAN",3741.62,20.5,6,2955.73,20.2,1,2678.55,20.5,3,2758.88,20.8,0,3108.14,20.9,0
"2026-03-26 22:30:00",1476,802,"Chapada_Low",11.84,"NAN","NAN","NAN",2610.9,20.9,0,2603.73,20.9,3,"NAN","NAN","NAN",3741.79,20.5,5,2954.86,20.2,2,2665.07,20.5,0,2760.67,20.7,8,3105.58,20.9,0
"2026-03-26 22:45:00",1477,802,"Chapada_Low",11.84,"NAN","NAN","NAN",2610.99,20.9,0,2605.05,20.9,0,"NAN","NAN","NAN",3740.67,20.5,5,2953.78,20.2,0,2649.5,20.5,0,2758.74,20.7,0,3105.33,20.9,0
"2026-03-26 23:00:00",1478,802,"Chapada_Low",11.84,"NAN","NAN","NAN",2612.13,20.9,0,2605,20.9,2,"NAN","NAN","NAN",3739.89,20.4,11,2952.6,20.2,0,2638.92,20.5,0,2754.68,20.7,4,3105.72,20.8,0
"2026-03-26 23:15:00",1479,802,"Chapada_Low",11.84,"NAN","NAN","NAN",2612.25,20.9,0,2607.47,20.8,1,"NAN","NAN","NAN",3740.07,20.4,12,2951.91,20.2,3,2626.65,20.5,0,2748.16,20.7,2,3106.05,20.8,0
"2026-03-26 23:30:00",1480,802,"Chapada_Low",11.84,"NAN","NAN","NAN",2611.19,20.8,0,2607.95,20.8,0,"NAN","NAN","NAN",3738.76,20.4,4,2949.82,20.2,0,2614.65,20.5,5,2747.08,20.7,9,3106.07,20.8,0
"2026-03-26 23:45:00",1481,802,"Chapada_Low",11.84,"NAN","NAN","NAN",2610.89,20.8,0,2608.08,20.8,0,"NAN","NAN","NAN",3737.84,20.4,0,2948.74,20.2,0,2606.86,20.5,0,2744.1,20.6,0,3106.37,20.8,1
"2026-03-27 00:00:00",1482,802,"Chapada_Low",11.84,"NAN","NAN","NAN",2611.68,20.8,13,2609.01,20.8,0,"NAN","NAN","NAN",3738.35,20.4,1,2948.45,20.1,1,2599.89,20.4,0,2741.97,20.6,1,3106.13,20.7,2
"2026-03-27 00:15:00",1483,802,"Chapada_Low",11.84,"NAN","NAN","NAN",2613.18,20.8,0,2608.56,20.8,16,"NAN","NAN","NAN",3738.2,20.3,6,2947.17,20.1,0,2592.97,20.4,0,2741.26,20.6,0,3105.97,20.7,0
"2026-03-27 00:30:00",1484,802,"Chapada_Low",11.84,"NAN","NAN","NAN",2611.47,20.8,16,2608.88,20.7,0,"NAN","NAN","NAN",3737.58,20.3,0,2946.78,20.1,0,2588.3,20.4,0,2739.47,20.5,0,3108.32,20.7,0
"2026-03-27 00:45:00",1485,802,"Chapada_Low",11.84,"NAN","NAN","NAN",2610.83,20.8,5,2609.24,20.7,0,"NAN","NAN","NAN",3736.9,20.3,0,2945.68,20.1,0,2583.07,20.4,0,2738.27,20.5,0,3106.25,20.7,0
"2026-03-27 01:00:00",1486,802,"Chapada_Low",11.84,"NAN","NAN","NAN",2612.41,20.8,2,2609.56,20.7,0,"NAN","NAN","NAN",3732.99,20.4,12,2945.87,20.1,5,2577.23,20.4,0,2734.51,20.5,0,3108.39,20.7,0
"2026-03-27 01:15:00",1487,802,"Chapada_Low",11.84,"NAN","NAN","NAN",2611.38,20.8,0,2609.47,20.7,0,"NAN","NAN","NAN",3732.43,20.4,3,2944.35,20.2,3,2573.46,20.4,0,2733.07,20.6,1,3108.04,20.7,0
"2026-03-27 01:30:00",1488,802,"Chapada_Low",11.84,"NAN","NAN","NAN",2611.22,20.8,0,2609.56,20.8,0,"NAN","NAN","NAN",3732.51,20.4,5,2943.96,20.2,0,2570.37,20.4,0,2732.03,20.6,0,3108.18,20.7,1
"2026-03-27 01:45:00",1489,802,"Chapada_Low",11.84,"NAN","NAN","NAN",2610.54,20.8,9,2610.36,20.8,0,"NAN","NAN","NAN",3732.31,20.4,6,2942.63,20.2,7,2565.91,20.4,0,2730.16,20.6,1,3108.54,20.8,0
"2026-03-27 02:00:00",1490,802,"Chapada_Low",11.84,"NAN","NAN","NAN",2610.9,20.8,0,2610.27,20.7,0,"NAN","NAN","NAN",3731.38,20.4,5,2941.87,20.2,0,2562.64,20.4,0,2728.52,20.6,3,3107.58,20.8,0
"2026-03-27 02:15:00",1491,802,"Chapada_Low",11.84,"NAN","NAN","NAN",2610.42,20.8,0,2609.8,20.7,2,"NAN","NAN","NAN",3730.84,20.4,6,2940.87,20.2,0,2558.18,20.4,0,2725.71,20.5,14,3105.87,20.7,0
"2026-03-27 02:30:00",1492,802,"Chapada_Low",11.84,"NAN","NAN","NAN",2610.62,20.7,0,2611.22,20.7,0,"NAN","NAN","NAN",3729.78,20.4,10,2942.6,20.2,2,2555.67,20.4,0,2723.82,20.5,4,3105.9,20.7,0
"2026-03-27 02:45:00",1493,802,"Chapada_Low",11.84,"NAN","NAN","NAN",2610.1,20.7,0,2611.78,20.7,0,"NAN","NAN","NAN",3729.89,20.4,2,2942.83,20.1,4,2553.24,20.4,0,2722.8,20.5,1,3105.8,20.7,0
"2026-03-27 03:00:00",1494,802,"Chapada_Low",11.84,"NAN","NAN","NAN",2610.26,20.7,0,2612.73,20.7,25,"NAN","NAN","NAN",3728.81,20.4,1,2942.61,20.2,0,2550.59,20.4,0,2720.99,20.5,5,3108.32,20.7,0
"2026-03-27 03:15:00",1495,802,"Chapada_Low",11.84,"NAN","NAN","NAN",2610.41,20.7,0,2612.71,20.7,0,"NAN","NAN","NAN",3727.97,20.4,5,2942.11,20.1,0,2547.99,20.4,0,2718.9,20.5,0,3106.61,20.6,0
"2026-03-27 03:30:00",1496,802,"Chapada_Low",11.84,"NAN","NAN","NAN",2610.68,20.6,0,2613.16,20.6,7,"NAN","NAN","NAN",3727.15,20.3,5,2942.16,20.1,1,2545.59,20.4,0,2718.37,20.5,1,3108.51,20.6,2
"2026-03-27 03:45:00",1497,802,"Chapada_Low",11.83,"NAN","NAN","NAN",2610.05,20.6,0,2613.6,20.6,0,"NAN","NAN","NAN",3728.16,20.3,4,2942.66,20.1,7,2537.89,20.3,0,2716.67,20.4,0,3106.4,20.6,0
"2026-03-27 04:00:00",1498,802,"Chapada_Low",11.84,"NAN","NAN","NAN",2609.69,20.6,11,2613.67,20.6,0,"NAN","NAN","NAN",3725.38,20.3,4,2939.32,20,2,2535.49,20.3,0,2715.5,20.4,0,3105.69,20.5,0
"2026-03-27 04:15:00",1499,802,"Chapada_Low",11.84,"NAN","NAN","NAN",2609.28,20.6,0,2614.16,20.5,0,"NAN","NAN","NAN",3724.67,20.2,6,2941.64,20,1,2532.18,20.2,0,2714.93,20.4,0,3106.56,20.5,0
"2026-03-27 04:30:00",1500,802,"Chapada_Low",11.84,"NAN","NAN","NAN",2608.8,20.6,3,2614.75,20.5,0,"NAN","NAN","NAN",3724.25,20.2,1,2941.69,20,3,2530.39,20.2,0,2714.47,20.4,3,3106.13,20.5,0
"2026-03-27 04:45:00",1501,802,"Chapada_Low",11.84,"NAN","NAN","NAN",2607.52,20.6,0,2614.91,20.5,5,"NAN","NAN","NAN",3724.47,20.3,1,2941.17,20,0,2528.3,20.2,0,2712.6,20.4,15,3108.1,20.5,0
"2026-03-27 05:00:00",1502,802,"Chapada_Low",11.84,"NAN","NAN","NAN",2606.78,20.5,0,2615.34,20.5,0,"NAN","NAN","NAN",3723.41,20.2,5,2941.95,20,0,2526.3,20.2,0,2698.14,20.3,0,3106.61,20.4,4
"2026-03-27 05:15:00",1503,802,"Chapada_Low",11.84,"NAN","NAN","NAN",2606.98,20.5,0,2615.53,20.5,1,"NAN","NAN","NAN",3723.27,20.2,3,2941.99,20,0,2525.21,20.2,0,2693.2,20.3,0,3106.53,20.4,0
"2026-03-27 05:30:00",1504,802,"Chapada_Low",11.84,"NAN","NAN","NAN",2608.41,20.5,5,2616.1,20.4,0,"NAN","NAN","NAN",3722.35,20.1,9,2941.95,19.9,5,2522.89,20.1,0,2691.53,20.3,7,3108.1,20.4,0
"2026-03-27 05:45:00",1505,802,"Chapada_Low",11.84,"NAN","NAN","NAN",2607.42,20.5,0,2616.42,20.4,0,"NAN","NAN","NAN",3720.85,20.1,6,2940.21,19.9,7,2515.83,20.1,0,2689.68,20.2,0,3106.34,20.3,12
"2026-03-27 06:00:00",1506,802,"Chapada_Low",11.84,"NAN","NAN","NAN",2607.13,20.5,0,2616.77,20.4,4,"NAN","NAN","NAN",3718.91,20,6,2941.27,19.8,7,2512.84,20,0,2682.28,20.2,0,3107.98,20.3,0
"2026-03-27 06:15:00",1507,802,"Chapada_Low",11.84,"NAN","NAN","NAN",2607.14,20.5,0,2617.96,20.4,0,"NAN","NAN","NAN",3717.84,20,2,2941.57,19.8,4,2511.4,20,0,2681.33,20.1,8,3105.77,20.2,0
"2026-03-27 06:30:00",1508,802,"Chapada_Low",11.84,"NAN","NAN","NAN",2607.64,20.4,0,2617.59,20.4,0,"NAN","NAN","NAN",3718.5,20.1,5,2942,19.8,6,2509.31,20,0,2680.03,20.1,0,3108.13,20.2,5
"2026-03-27 06:45:00",1509,802,"Chapada_Low",11.84,"NAN","NAN","NAN",2607.29,20.4,0,2619.09,20.4,14,"NAN","NAN","NAN",3717.8,20.1,7,2944.92,19.9,5,2509.77,20,0,2678,20.1,0,3107.72,20.2,0
"2026-03-27 07:00:00",1510,802,"Chapada_Low",11.84,"NAN","NAN","NAN",2606.61,20.5,0,2619.48,20.4,0,"NAN","NAN","NAN",3717.9,20.1,6,2945.24,19.9,0,2505.96,20.2,0,2675.76,20.2,4,3106.76,20.2,0
"2026-03-27 07:15:00",1511,802,"Chapada_Low",11.84,"NAN","NAN","NAN",2608.42,20.5,0,2620.47,20.4,0,"NAN","NAN","NAN",3716.36,20.1,0,2944.31,20,0,2506.48,20.2,1,2673.56,20.3,2,3106.69,20.3,0
"2026-03-27 07:30:00",1512,802,"Chapada_Low",11.84,"NAN","NAN","NAN",2608.69,20.5,0,2620.09,20.5,0,"NAN","NAN","NAN",3715.96,20.2,13,2943.77,20,6,2504.22,20.3,0,2672.1,20.4,7,3104.08,20.5,0
"2026-03-27 07:45:00",1513,802,"Chapada_Low",11.84,"NAN","NAN","NAN",2606.75,20.8,0,2622.16,20.6,0,"NAN","NAN","NAN",3715.4,20.4,17,2942.68,20.2,2,2501.97,20.5,4,2671.29,20.5,2,3102.84,20.7,0
"2026-03-27 08:00:00",1514,802,"Chapada_Low",11.84,"NAN","NAN","NAN",2603.25,21.1,0,2623.28,21.2,0,"NAN","NAN","NAN",3714.64,20.6,13,2942.62,20.5,4,2502.52,20.8,0,2671.71,20.8,0,3102.17,21,0
"2026-03-27 08:15:00",1515,802,"Chapada_Low",11.84,"NAN","NAN","NAN",2604.43,21.4,0,2623.65,21.3,0,"NAN","NAN","NAN",3712.85,20.8,7,2941.91,20.9,0,2500.04,21.3,0,2667.45,21.3,0,3103.69,21.5,0
"2026-03-27 08:30:00",1516,802,"Chapada_Low",11.84,"NAN","NAN","NAN",2604.88,21.6,0,2625.25,21.5,1,"NAN","NAN","NAN",3711.2,21.6,5,2940.04,21.4,6,2498.27,21.7,0,2668.1,21.8,0,3100.16,21.8,13
"2026-03-27 08:45:00",1517,802,"Chapada_Low",11.84,"NAN","NAN","NAN",2603.78,21.7,0,2625.99,21.6,21,"NAN","NAN","NAN",3709.82,21.6,4,2938.31,22.2,3,2495.03,22.1,1,2661.06,22.1,1,3099.1,22,2
"2026-03-27 09:00:00",1518,802,"Chapada_Low",11.84,"NAN","NAN","NAN",2603.75,22,0,2626.68,21.8,1,"NAN","NAN","NAN",3706.46,21.9,2,2937.02,22.4,3,2493.77,22.8,0,2658.52,22.9,0,3098.12,22.4,0
"2026-03-27 09:15:00",1519,802,"Chapada_Low",11.84,"NAN","NAN","NAN",2603.11,22.3,0,2627.72,22.1,0,"NAN","NAN","NAN",3702.93,22.3,7,2933.95,22.8,1,2491.24,23,0,2654.89,23.5,2,3096.8,23.3,0
"2026-03-27 09:30:00",1520,802,"Chapada_Low",11.84,"NAN","NAN","NAN",2601.59,22.7,0,2627.58,22.4,1,"NAN","NAN","NAN",3699.53,22.8,5,2931.07,23.2,3,2488.82,23.4,0,2652.2,23.9,14,3095.13,23.7,0
"2026-03-27 09:45:00",1521,802,"Chapada_Low",11.84,"NAN","NAN","NAN",2600.47,23.7,0,2628.54,22.9,0,"NAN","NAN","NAN",3695.84,23.5,8,2928.9,24,5,2485.05,24.3,0,2646.72,24.8,0,3090.87,24.6,0
"2026-03-27 10:00:00",1522,802,"Chapada_Low",11.84,"NAN","NAN","NAN",2599.61,24,0,2629.49,23.7,0,"NAN","NAN","NAN",3692.18,23.8,6,2922.36,24.5,6,2482.46,24.9,0,2643.31,25.5,1,3089.57,24.9,0
"2026-03-27 10:15:00",1523,802,"Chapada_Low",11.84,"NAN","NAN","NAN",2599.22,24.7,0,2629.83,23.8,0,"NAN","NAN","NAN",3688.78,24.6,2,2918.61,25.1,4,2480.09,25.5,0,2637.89,26.6,0,3089.67,25.6,0
"2026-03-27 10:30:00",1524,802,"Chapada_Low",11.84,"NAN","NAN","NAN",2598.81,25.4,0,2632.01,24.1,0,"NAN","NAN","NAN",3683.5,25.2,1,2914.67,26.6,8,2475.17,26.3,0,2632.47,27.8,0,3086.71,26.2,0
"2026-03-27 10:45:00",1525,802,"Chapada_Low",11.84,"NAN","NAN","NAN",2598.28,26.1,6,2631.99,24.4,0,"NAN","NAN","NAN",3673.72,25.3,11,2910.07,26.9,1,2471.86,27.8,0,2620.83,28.8,1,3085.79,26.1,11
"2026-03-27 11:00:00",1526,802,"Chapada_Low",11.84,"NAN","NAN","NAN",2596.05,26.5,6,2632.69,24.8,0,"NAN","NAN","NAN",3670.81,25.5,0,2906.04,27.1,6,2469.19,27.8,0,2613.22,30.4,1,3083.74,26.5,2
"2026-03-27 11:15:00",1527,802,"Chapada_Low",11.83,"NAN","NAN","NAN",2594.65,26.8,2,2630.08,25.2,0,"NAN","NAN","NAN",3667.19,25.7,3,2903.07,27.2,3,2467.22,27.9,0,2609.29,30.6,3,3080.73,27.6,0
"2026-03-27 11:30:00",1528,802,"Chapada_Low",11.83,"NAN","NAN","NAN",2594.37,26.8,0,2631.77,25.4,4,"NAN","NAN","NAN",3665.2,25.7,4,2901.22,27,3,2465.97,27.7,0,2606.2,30.2,0,3079.08,27.8,4
"2026-03-27 11:45:00",1529,802,"Chapada_Low",11.83,"NAN","NAN","NAN",2591.93,26.7,0,2630.63,26,0,"NAN","NAN","NAN",3666.83,25.6,12,2897.67,26.8,0,2464.02,27.4,0,2600.95,29.8,0,3077.33,28.2,0
"2026-03-27 12:00:00",1530,802,"Chapada_Low",11.84,"NAN","NAN","NAN",2590.74,26.4,0,2629.95,25.9,0,"NAN","NAN","NAN",3665.38,25.4,12,2895.76,26.5,0,2463.4,27.1,0,2599.64,29,0,3076.89,28.2,10
"2026-03-27 12:15:00",1531,802,"Chapada_Low",11.83,"NAN","NAN","NAN",2589.63,25.8,0,2631.58,25.5,2,"NAN","NAN","NAN",3664.19,25.6,7,2895.45,26,0,2463.82,26.5,0,2596.7,28,1,3076.96,27.5,4
"2026-03-27 12:30:00",1532,802,"Chapada_Low",11.83,"NAN","NAN","NAN",2589.78,25.5,0,2629.81,25.5,0,"NAN","NAN","NAN",3663.26,25.3,2,2894.43,26.3,6,2464.76,26.4,0,2592.6,27.5,0,3076.97,27.4,0
"2026-03-27 12:45:00",1533,802,"Chapada_Low",11.84,"NAN","NAN","NAN",2589.09,25.6,0,2633.13,25.9,0,"NAN","NAN","NAN",3663.49,25.4,8,2892.86,26.3,6,2460.68,27.1,0,2589.16,27.9,0,3075.88,27.9,0
"2026-03-27 13:00:00",1534,802,"Chapada_Low",11.84,"NAN","NAN","NAN",2588.69,25.4,0,2630.85,25.7,3,"NAN","NAN","NAN",3664.38,25.3,12,2891.78,26.1,4,2461.23,26.7,0,2586.73,27.8,0,3076.67,27.4,0
"2026-03-27 13:15:00",1535,802,"Chapada_Low",11.85,"NAN","NAN","NAN",2585.35,25.1,0,2630.61,25.3,4,"NAN","NAN","NAN",3666.55,24.9,2,2892.03,25.5,3,2462.2,26,0,2587.14,26.8,1,3077.53,26.6,1
"2026-03-27 13:30:00",1536,802,"Chapada_Low",11.86,"NAN","NAN","NAN",2591.43,24.9,0,2632.35,25.2,2,"NAN","NAN","NAN",3666.02,24.8,7,2892.13,25.3,4,2461.54,25.8,0,2584.5,26.4,0,3077.63,26.4,0
"2026-03-27 13:45:00",1537,802,"Chapada_Low",11.85,"NAN","NAN","NAN",2590.27,24.8,0,2632.53,25.2,0,"NAN","NAN","NAN",3666.89,24.6,7,2893.48,25.1,0,2461.05,25.5,0,2584.26,26.1,0,3077.56,26.3,0
"2026-03-27 14:00:00",1538,802,"Chapada_Low",11.82,"NAN","NAN","NAN",2589.84,24.8,5,2632.76,25.2,0,"NAN","NAN","NAN",3667.87,24.6,7,2891.52,25.1,2,2460.94,25.5,1,2582.41,26,0,3077.51,26.4,0
"2026-03-27 14:15:00",1539,802,"Chapada_Low",11.83,"NAN","NAN","NAN",2591.56,25.1,0,2631.43,25.5,5,"NAN","NAN","NAN",3667.24,24.8,11,2890.21,25.4,5,2460.45,25.8,7,2576.57,26.2,0,3076.76,26.9,0
"2026-03-27 14:30:00",1540,802,"Chapada_Low",11.84,"NAN","NAN","NAN",2590.17,25.1,0,2634.27,25.6,0,"NAN","NAN","NAN",3664.75,24.9,12,2889.25,25.5,1,2459.26,26,0,2574.27,26.8,0,3075.12,27.3,0
"2026-03-27 14:45:00",1541,802,"Chapada_Low",11.84,"NAN","NAN","NAN",2588.91,25,0,2630,25.5,2,"NAN","NAN","NAN",3665.26,24.8,8,2888.67,25.3,0,2458.21,25.8,0,2574,26.4,0,3075.22,27.1,3
"2026-03-27 15:00:00",1542,802,"Chapada_Low",11.85,"NAN","NAN","NAN",2584.24,25,0,2632.61,25.2,0,"NAN","NAN","NAN",3666.25,24.5,2,2888.01,25,2,2458.11,25.5,0,2573.35,25.9,1,3076.03,26.4,0
"2026-03-27 15:15:00",1543,802,"Chapada_Low",11.83,"NAN","NAN","NAN",2584.4,25.4,0,2629.89,26.3,0,"NAN","NAN","NAN",3663.52,24.9,7,2886.74,25.5,0,2456.61,26.1,0,2569.66,26,0,3075,27.1,0
"2026-03-27 15:30:00",1544,802,"Chapada_Low",11.84,"NAN","NAN","NAN",2583.34,25.6,4,2631.89,26.4,0,"NAN","NAN","NAN",3661.02,25.3,2,2884.3,25.9,1,2455.4,26.7,0,2564.34,26.3,0,3073.55,27.3,3
"2026-03-27 15:45:00",1545,802,"Chapada_Low",11.85,"NAN","NAN","NAN",2584.66,25.4,0,2631.01,26.1,0,"NAN","NAN","NAN",3657.98,25.7,7,2883.53,26,4,2454.74,26.4,0,2561.87,26.1,0,3074.88,26.8,0
"2026-03-27 16:00:00",1546,802,"Chapada_Low",11.84,"NAN","NAN","NAN",2584.3,25.4,0,2629.19,26.1,5,"NAN","NAN","NAN",3659.11,25.5,11,2882,26.3,4,2453.94,27,0,2560.81,26,0,3074.99,26.6,0
"2026-03-27 16:15:00",1547,802,"Chapada_Low",11.85,"NAN","NAN","NAN",2582.16,25.5,0,2628.93,26.1,0,"NAN","NAN","NAN",3654.94,25.5,7,2880.16,26.2,2,2452.3,27.2,0,2558.47,26.5,0,3074.21,26.5,0
"2026-03-27 16:30:00",1548,802,"Chapada_Low",11.85,"NAN","NAN","NAN",2581.69,25.3,0,2631.6,25.8,0,"NAN","NAN","NAN",3655.24,25.3,10,2880.24,25.8,4,2452.69,26.5,0,2555.49,26.3,0,3075.28,26.6,0
"2026-03-27 16:45:00",1549,802,"Chapada_Low",11.85,"NAN","NAN","NAN",2581.28,25,0,2628.59,25.4,0,"NAN","NAN","NAN",3656.3,24.9,0,2880.3,25.3,0,2453.27,25.8,0,2556.27,25.7,0,3075.77,25.9,0
"2026-03-27 17:00:00",1550,802,"Chapada_Low",11.85,"NAN","NAN","NAN",2581.17,25.2,0,2628.03,25.4,0,"NAN","NAN","NAN",3657.2,24.8,9,2880.39,25.2,0,2453.39,25.6,0,2555.32,25.5,0,3075.88,25.8,1
"2026-03-27 17:15:00",1551,802,"Chapada_Low",11.85,"NAN","NAN","NAN",2579.16,25.1,0,2628.13,25.6,0,"NAN","NAN","NAN",3656.3,24.8,0,2879.54,25.1,7,2453.12,25.6,0,2554.89,25.5,0,3075.86,25.6,0
"2026-03-27 17:30:00",1552,802,"Chapada_Low",11.85,"NAN","NAN","NAN",2579.43,25.1,0,2628.58,25.4,0,"NAN","NAN","NAN",3655.58,25.3,10,2878.84,25.2,4,2452.83,25.5,2,2553.47,25.5,0,3074.08,25.6,0
"2026-03-27 17:45:00",1553,802,"Chapada_Low",11.84,"NAN","NAN","NAN",2577.28,25.2,0,2629.51,25.4,0,"NAN","NAN","NAN",3654.85,25.2,3,2878.4,25.8,1,2452.98,25.4,0,2552.82,25.5,0,3074.08,25.5,0
"2026-03-27 18:00:00",1554,802,"Chapada_Low",11.84,"NAN","NAN","NAN",2574.81,25,0,2627.51,25.2,0,"NAN","NAN","NAN",3655.79,24.9,8,2877.95,25.5,0,2452.3,25.7,0,2552.11,25.4,0,3074.8,25.3,0
"2026-03-27 18:15:00",1555,802,"Chapada_Low",11.84,"NAN","NAN","NAN",2575.41,24.5,0,2628.08,24.8,0,"NAN","NAN","NAN",3657.55,24.4,1,2879.69,24.8,0,2453.48,24.9,0,2549.26,25.3,0,3077.68,24.8,0
"2026-03-27 18:30:00",1556,802,"Chapada_Low",11.84,"NAN","NAN","NAN",2574.06,24,0,2625.05,24.3,0,"NAN","NAN","NAN",3658.95,23.9,4,2880.52,24.1,3,2453.77,24.2,0,2550.86,24.6,9,3076.27,24.4,0
"2026-03-27 18:45:00",1557,802,"Chapada_Low",11.84,"NAN","NAN","NAN",2573.53,23.6,0,2625.21,23.8,0,"NAN","NAN","NAN",3660.14,23.4,7,2882,23.4,2,2454.9,23.5,0,2551.39,23.9,0,3079.23,23.8,1
"2026-03-27 19:00:00",1558,802,"Chapada_Low",11.84,"NAN","NAN","NAN",2574.2,23.1,0,2625.51,23.4,0,"NAN","NAN","NAN",3661.36,22.9,8,2882.35,22.8,0,2455.23,23,0,2549.56,23.2,0,3080.03,23.2,0
"2026-03-27 19:15:00",1559,802,"Chapada_Low",11.84,"NAN","NAN","NAN",2572.62,22.8,0,2624.81,23.1,16,"NAN","NAN","NAN",3662.96,22.6,8,2883.7,22.4,0,2455.95,22.6,0,2549.75,22.8,0,3079.13,22.9,0
"2026-03-27 19:30:00",1560,802,"Chapada_Low",11.85,"NAN","NAN","NAN",2571.86,22.5,0,2624.28,22.9,0,"NAN","NAN","NAN",3664.9,22.3,1,2884.57,22.1,0,2454.88,22.3,0,2550.13,22.5,0,3081.88,22.6,1
"2026-03-27 19:45:00",1561,802,"Chapada_Low",11.84,"NAN","NAN","NAN",2573.2,22.3,0,2624.02,22.7,0,"NAN","NAN","NAN",3665.51,22.1,4,2884.78,21.9,0,2457.27,22.1,0,2548.4,22.2,0,3082.15,22.4,0
"2026-03-27 20:00:00",1562,802,"Chapada_Low",11.84,"NAN","NAN","NAN",2571.21,22.1,0,2623.1,22.5,12,"NAN","NAN","NAN",3666.68,22,10,2885.95,21.6,2,2456.06,21.8,2,2550.04,22,2,3082.4,22.2,0
"2026-03-27 20:15:00",1563,802,"Chapada_Low",11.85,"NAN","NAN","NAN",2571.09,21.9,0,2623.01,22.3,9,"NAN","NAN","NAN",3667.59,21.8,4,2886.05,21.3,15,2457.09,21.5,0,2549.06,21.7,0,3083.55,22,0
"2026-03-27 20:30:00",1564,802,"Chapada_Low",11.84,"NAN","NAN","NAN",2569.93,21.7,0,2622.93,22.1,0,"NAN","NAN","NAN",3667.83,21.6,4,2886.48,21.1,5,2456.68,21.2,0,2550.83,21.5,0,3083.82,21.8,0
"2026-03-27 20:45:00",1565,802,"Chapada_Low",11.85,"NAN","NAN","NAN",2569.78,21.6,1,2623.59,21.9,4,"NAN","NAN","NAN",3668.62,21.4,0,2887.07,20.9,0,2457.73,21,0,2551.08,21.3,0,3084.18,21.6,8
"2026-03-27 21:00:00",1566,802,"Chapada_Low",11.84,"NAN","NAN","NAN",2568.89,21.5,0,2623.37,21.8,0,"NAN","NAN","NAN",3669.63,21.3,6,2887.41,20.8,0,2456.95,20.9,0,2549.27,21.2,0,3084.99,21.5,1
"2026-03-27 21:15:00",1567,802,"Chapada_Low",11.85,"NAN","NAN","NAN",2558.59,21.4,0,2623.53,21.7,5,"NAN","NAN","NAN",3671.03,21.2,8,2887.65,20.7,1,2459.2,20.8,0,2548.61,21.1,0,3085.65,21.3,11
"2026-03-27 21:30:00",1568,802,"Chapada_Low",11.85,"NAN","NAN","NAN",2559.2,21.2,0,2623.27,21.6,5,"NAN","NAN","NAN",3671.74,21.1,9,2888.37,20.6,0,2458.15,20.7,0,2548.77,21,8,3085.76,21.2,0
"2026-03-27 21:45:00",1569,802,"Chapada_Low",11.84,"NAN","NAN","NAN",2558.9,21.1,0,2623.34,21.5,16,"NAN","NAN","NAN",3671.78,21,7,2889.36,20.4,2,2457.5,20.5,0,2551.03,20.9,0,3083.99,21.1,1
"2026-03-27 22:00:00",1570,802,"Chapada_Low",11.85,"NAN","NAN","NAN",2558.77,21.1,0,2623.25,21.4,0,"NAN","NAN","NAN",3673.19,20.9,18,2889.43,20.3,4,2458.05,20.4,0,2548.72,20.8,0,3080.5,21,0
"2026-03-27 22:15:00",1571,802,"Chapada_Low",11.84,"NAN","NAN","NAN",2557.81,21,0,2623.01,21.3,0,"NAN","NAN","NAN",3674.38,20.8,6,2889.76,20.2,0,2458.14,20.4,0,2549.21,20.7,0,3080.34,20.9,0
"2026-03-27 22:30:00",1572,802,"Chapada_Low",11.84,"NAN","NAN","NAN",2557.72,21,0,2623.13,21.2,0,"NAN","NAN","NAN",3673.5,20.7,9,2888.29,20.2,0,2458.51,20.3,0,2548.99,20.6,0,3081.04,20.8,0
"2026-03-27 22:45:00",1573,802,"Chapada_Low",11.84,"NAN","NAN","NAN",2558.05,20.9,0,2623.27,21.2,0,"NAN","NAN","NAN",3673.32,20.7,5,2890.02,20.1,6,2459.02,20.2,14,2548.67,20.6,0,3083.48,20.7,0
"2026-03-27 23:00:00",1574,802,"Chapada_Low",11.84,"NAN","NAN","NAN",2558.37,20.7,0,2623,21,0,"NAN","NAN","NAN",3674.26,20.5,9,2888.38,19.9,6,2458.37,20.1,0,2548.37,20.4,0,3083.67,20.5,0
"2026-03-27 23:15:00",1575,802,"Chapada_Low",11.85,"NAN","NAN","NAN",2557.93,20.7,0,2622.64,21,0,"NAN","NAN","NAN",3674.8,20.5,5,2888.43,20,7,2459.03,20.1,0,2549.16,20.4,5,3083.83,20.5,0
"2026-03-27 23:30:00",1576,802,"Chapada_Low",11.85,"NAN","NAN","NAN",2557.09,20.8,10,2623.42,21,6,"NAN","NAN","NAN",3675.95,20.5,4,2891.18,20,8,2458.5,20.1,0,2548.96,20.4,0,3081.96,20.6,0
"2026-03-27 23:45:00",1577,802,"Chapada_Low",11.84,"NAN","NAN","NAN",2556.41,20.7,0,2624.29,21,0,"NAN","NAN","NAN",3674.87,20.4,11,2891.75,20,0,2458.29,20.1,0,2548.32,20.4,16,3083.94,20.5,0
"2026-03-28 00:00:00",1578,802,"Chapada_Low",11.85,"NAN","NAN","NAN",2557.83,20.7,0,2623.35,21,0,"NAN","NAN","NAN",3675.2,20.4,10,2890.15,20,3,2459.59,20.1,0,2547.58,20.3,4,3083.57,20.5,1
"2026-03-28 00:15:00",1579,802,"Chapada_Low",11.84,"NAN","NAN","NAN",2555.34,20.7,2,2623.31,20.9,1,"NAN","NAN","NAN",3675.54,20.4,5,2890.37,19.9,0,2458.39,20,0,2549.55,20.3,0,3084.47,20.5,2
"2026-03-28 00:30:00",1580,802,"Chapada_Low",11.84,"NAN","NAN","NAN",2556.3,20.6,0,2622.35,20.8,12,"NAN","NAN","NAN",3676.35,20.3,23,2890.34,19.8,5,2459.51,20,0,2548.96,20.2,0,3084.02,20.3,2
"2026-03-28 00:45:00",1581,802,"Chapada_Low",11.84,"NAN","NAN","NAN",2556.17,20.5,0,2623.07,20.7,0,"NAN","NAN","NAN",3677.23,20.2,6,2890.05,19.7,0,2459.31,19.8,0,2550.14,20.1,5,3084.17,20.2,0
"2026-03-28 01:00:00",1582,802,"Chapada_Low",11.85,"NAN","NAN","NAN",2556.15,20.4,0,2622.61,20.6,1,"NAN","NAN","NAN",3677.64,20.1,2,2890.37,19.6,0,2459.67,19.7,0,2550.75,20,7,3083.22,20.1,0
"2026-03-28 01:15:00",1583,802,"Chapada_Low",11.85,"NAN","NAN","NAN",2555.65,20.3,0,2622.77,20.6,12,"NAN","NAN","NAN",3677.53,20,8,2890.45,19.6,2,2460.63,19.6,0,2550.18,19.9,0,3083.23,20.1,0
"2026-03-28 01:30:00",1584,802,"Chapada_Low",11.85,"NAN","NAN","NAN",2555.74,20.2,0,2623.24,20.5,0,"NAN","NAN","NAN",3676.87,20,7,2890.45,19.5,0,2459.35,19.5,0,2550.82,19.9,0,3083.21,20,0
"2026-03-28 01:45:00",1585,802,"Chapada_Low",11.85,"NAN","NAN","NAN",2555.68,20.2,0,2622.18,20.4,0,"NAN","NAN","NAN",3677.77,19.9,6,2890.71,19.4,2,2460.01,19.5,0,2550.53,19.8,4,3086.33,20,2
"2026-03-28 02:00:00",1586,802,"Chapada_Low",11.84,"NAN","NAN","NAN",2555.75,20.1,0,2622.47,20.4,0,"NAN","NAN","NAN",3677,19.8,9,2890.48,19.3,4,2461.6,19.4,0,2553.27,19.7,0,3083.58,19.9,0
"2026-03-28 02:15:00",1587,802,"Chapada_Low",11.85,"NAN","NAN","NAN",2555.88,20,0,2622.81,20.3,0,"NAN","NAN","NAN",3678.85,19.7,8,2893.78,19.2,8,2459.99,19.3,0,2553.4,19.6,0,3083.72,19.7,1
"2026-03-28 02:30:00",1588,802,"Chapada_Low",11.85,"NAN","NAN","NAN",2555.3,19.8,11,2622.6,20.1,0,"NAN","NAN","NAN",3679.29,19.7,3,2893.13,19.1,1,2461.45,19.2,0,2551.06,19.5,0,3085.99,19.6,4
"2026-03-28 02:45:00",1589,802,"Chapada_Low",11.85,"NAN","NAN","NAN",2555.44,19.8,10,2622.88,20.1,0,"NAN","NAN","NAN",3680.08,19.6,2,2893.36,19,0,2461.33,19.1,0,2553.67,19.4,10,3084.25,19.5,3
"2026-03-28 03:00:00",1590,802,"Chapada_Low",11.85,"NAN","NAN","NAN",2555.6,19.8,0,2622.87,20,3,"NAN","NAN","NAN",3679.34,19.5,2,2893.3,19,11,2461.42,19.1,0,2551.23,19.4,0,3086.69,19.5,0
"2026-03-28 03:15:00",1591,802,"Chapada_Low",11.85,"NAN","NAN","NAN",2555.95,19.7,0,2622.95,20,0,"NAN","NAN","NAN",3680.75,19.5,1,2893.98,19,0,2461.31,19,0,2551.46,19.4,2,3086.76,19.5,2
"2026-03-28 03:30:00",1592,802,"Chapada_Low",11.85,"NAN","NAN","NAN",2555.58,19.7,0,2622.82,20,8,"NAN","NAN","NAN",3680.58,19.5,8,2894.4,19,5,2461.96,19,0,2551.69,19.3,16,3086.76,19.5,0
"2026-03-28 03:45:00",1593,802,"Chapada_Low",11.85,"NAN","NAN","NAN",2555.9,19.7,0,2622.4,20,0,"NAN","NAN","NAN",3680.84,19.4,3,2894.21,19,0,2462.32,19,0,2551.59,19.3,0,3086.92,19.5,0
"2026-03-28 04:00:00",1594,802,"Chapada_Low",11.85,"NAN","NAN","NAN",2555.94,19.7,0,2623.35,20,0,"NAN","NAN","NAN",3679.91,19.4,13,2895.42,18.9,4,2460.49,19,0,2554.26,19.3,0,3087.42,19.4,0
"2026-03-28 04:15:00",1595,802,"Chapada_Low",11.85,"NAN","NAN","NAN",2555.98,19.7,0,2622.53,19.9,0,"NAN","NAN","NAN",3679.6,19.4,4,2895.17,18.9,1,2461.88,19,0,2551.27,19.2,3,3085.32,19.4,0
"2026-03-28 04:30:00",1596,802,"Chapada_Low",11.85,"NAN","NAN","NAN",2555.95,19.7,4,2623.38,19.9,5,"NAN","NAN","NAN",3680.33,19.4,9,2894.46,18.9,0,2461.57,19,0,2553.62,19.3,0,3085.24,19.4,2
"2026-03-28 04:45:00",1597,802,"Chapada_Low",11.85,"NAN","NAN","NAN",2555.99,19.7,0,2623.21,19.9,0,"NAN","NAN","NAN",3680.47,19.4,10,2895.19,18.9,0,2460.85,19,0,2550.61,19.3,0,3087.7,19.4,0
"2026-03-28 05:00:00",1598,802,"Chapada_Low",11.85,"NAN","NAN","NAN",2554.89,19.7,8,2622.31,19.9,5,"NAN","NAN","NAN",3682.02,19.3,9,2895.94,18.9,2,2460.52,19,0,2553.71,19.2,0,3085.19,19.4,0
"2026-03-28 05:15:00",1599,802,"Chapada_Low",11.84,"NAN","NAN","NAN",2554.08,19.6,0,2622.69,19.9,0,"NAN","NAN","NAN",3681.86,19.3,2,2895.33,18.9,0,2462.44,18.9,2,2551.12,19.2,0,3085.57,19.4,0
"2026-03-28 05:30:00",1600,802,"Chapada_Low",11.85,"NAN","NAN","NAN",2553.82,19.6,0,2622.73,19.8,0,"NAN","NAN","NAN",3682.43,19.3,3,2895.8,18.8,10,2461.17,18.9,0,2550.12,19.1,4,3085.46,19.3,1
"2026-03-28 05:45:00",1601,802,"Chapada_Low",11.85,"NAN","NAN","NAN",2553.25,19.6,2,2623.25,19.8,0,"NAN","NAN","NAN",3682.57,19.3,5,2896.48,18.8,13,2462.27,18.9,0,2550.41,19.1,0,3086.01,19.3,0
"2026-03-28 06:00:00",1602,802,"Chapada_Low",11.85,"NAN","NAN","NAN",2554.19,19.6,0,2622.85,19.8,0,"NAN","NAN","NAN",3683.33,19.3,4,2896.86,18.9,3,2460.46,18.9,0,2552.84,19.2,21,3085.52,19.3,0
"2026-03-28 06:15:00",1603,802,"Chapada_Low",11.85,"NAN","NAN","NAN",2553.65,19.7,0,2622.45,19.8,0,"NAN","NAN","NAN",3683.54,19.4,11,2896.62,18.9,3,2462.34,19,0,2550.06,19.3,0,3088.23,19.4,0
"2026-03-28 06:30:00",1604,802,"Chapada_Low",11.85,"NAN","NAN","NAN",2553.85,19.6,0,2622.37,19.8,0,"NAN","NAN","NAN",3681.53,19.4,6,2894.12,19,0,2461.4,19.1,0,2547.09,19.3,0,3087.96,19.4,0
"2026-03-28 06:45:00",1605,802,"Chapada_Low",11.85,"NAN","NAN","NAN",2552.31,19.6,2,2622.18,19.8,0,"NAN","NAN","NAN",3681.2,19.4,10,2896.25,19,4,2461.89,19.1,0,2547.44,19.3,0,3085.95,19.4,0
"2026-03-28 07:00:00",1606,802,"Chapada_Low",11.85,"NAN","NAN","NAN",2552.78,19.7,0,2622.51,19.9,0,"NAN","NAN","NAN",3681.42,19.4,2,2894.07,19.1,0,2460.18,19.2,1,2546.81,19.4,0,3087.54,19.5,0
"2026-03-28 07:15:00",1607,802,"Chapada_Low",11.84,"NAN","NAN","NAN",2551.56,19.8,1,2622.24,20,6,"NAN","NAN","NAN",3681.38,19.5,7,2894.09,19.2,0,2461.31,19.4,0,2546.45,19.5,0,3086.87,19.6,0
"2026-03-28 07:30:00",1608,802,"Chapada_Low",11.85,"NAN","NAN","NAN",2551.21,19.9,0,2622.02,20.1,0,"NAN","NAN","NAN",3680.77,19.6,5,2893.67,19.3,2,2459.69,19.5,0,2546.03,19.6,0,3085.32,19.8,0
"2026-03-28 07:45:00",1609,802,"Chapada_Low",11.85,"NAN","NAN","NAN",2550.65,20,0,2621.76,20.1,6,"NAN","NAN","NAN",3680.73,19.7,7,2893.59,19.5,0,2459.39,19.6,0,2545.64,19.8,1,3083.85,19.8,0
"2026-03-28 08:00:00",1610,802,"Chapada_Low",11.85,"NAN","NAN","NAN",2548.21,20.1,0,2621.74,20.2,1,"NAN","NAN","NAN",3680.31,19.8,0,2893.13,19.6,2,2459.67,19.7,0,2544.57,19.9,0,3083.68,19.9,7
"2026-03-28 08:15:00",1611,802,"Chapada_Low",11.85,"NAN","NAN","NAN",2548.62,20.2,0,2622.41,20.4,0,"NAN","NAN","NAN",3680.71,19.9,4,2893.63,19.7,0,2458.93,19.9,10,2544.87,20,5,3086.21,20.1,0
"2026-03-28 08:30:00",1612,802,"Chapada_Low",11.85,"NAN","NAN","NAN",2548.9,20.3,2,2622.23,20.5,0,"NAN","NAN","NAN",3680.83,20.2,6,2895.79,19.9,0,2457.94,20.1,0,2544.95,20.2,0,3085.3,20.3,2
"2026-03-28 08:45:00",1613,802,"Chapada_Low",11.85,"NAN","NAN","NAN",2548.22,20.5,0,2622.16,20.7,0,"NAN","NAN","NAN",3680.71,20.4,1,2895.4,20.3,0,2457.88,20.3,0,2543.73,20.5,0,3083.11,20.5,0
"2026-03-28 09:00:00",1614,802,"Chapada_Low",11.85,"NAN","NAN","NAN",2548.19,20.7,0,2621.64,20.8,0,"NAN","NAN","NAN",3679.6,20.4,5,2895.01,20.4,1,2457.66,20.7,0,2545.81,20.6,4,3082.22,20.7,0
"2026-03-28 09:15:00",1615,802,"Chapada_Low",11.85,"NAN","NAN","NAN",2547.66,20.8,0,2622.45,21,0,"NAN","NAN","NAN",3678.57,20.6,6,2894.57,20.6,0,2456.67,20.8,1,2542.54,21,0,3081.61,21,0
"2026-03-28 09:30:00",1616,802,"Chapada_Low",11.85,"NAN","NAN","NAN",2546.81,21,0,2622.46,21.2,5,"NAN","NAN","NAN",3677.94,20.8,5,2895.06,20.8,2,2457.39,21,0,2544.74,21.2,0,3080.81,21.3,0
"2026-03-28 09:45:00",1617,802,"Chapada_Low",11.85,"NAN","NAN","NAN",2544.03,21.6,0,2621.86,21.6,0,"NAN","NAN","NAN",3676.46,21.2,7,2893.96,21.3,2,2456.86,21.6,0,2541.34,21.8,0,3079.81,21.9,2
"2026-03-28 10:00:00",1618,802,"Chapada_Low",11.85,"NAN","NAN","NAN",2543.76,22.2,0,2622.09,22.4,0,"NAN","NAN","NAN",3675.39,21.8,6,2891.69,22.1,0,2455.16,22.4,0,2541.48,22.7,0,3078.56,22.7,0
"2026-03-28 10:15:00",1619,802,"Chapada_Low",11.85,"NAN","NAN","NAN",2542.54,22.6,0,2622.04,22.6,0,"NAN","NAN","NAN",3672.98,22.3,7,2890.3,22.6,2,2453.64,23,0,2540.06,23.4,0,3076.54,23.2,0
"2026-03-28 10:30:00",1620,802,"Chapada_Low",11.85,"NAN","NAN","NAN",2541.59,23.4,0,2622.5,23.1,0,"NAN","NAN","NAN",3671.4,23.3,1,2887.64,23.7,13,2451.94,23.8,0,2536.92,24.5,0,3075.13,24.1,0
"2026-03-28 10:45:00",1621,802,"Chapada_Low",11.85,"NAN","NAN","NAN",2539.96,23.9,0,2621.85,23.5,18,"NAN","NAN","NAN",3668.56,23.5,3,2883.14,24.6,4,2449.97,25.1,0,2531.9,25.4,0,3073.78,24.5,0
"2026-03-28 11:00:00",1622,802,"Chapada_Low",11.85,"NAN","NAN","NAN",2540.89,23.8,0,2621.8,23.5,0,"NAN","NAN","NAN",3668.04,23.4,8,2884.73,24.2,0,2449.29,24.9,0,2532.31,25.7,0,3073.08,24.4,0
"2026-03-28 11:15:00",1623,802,"Chapada_Low",11.85,"NAN","NAN","NAN",2539.63,23.8,0,2621.24,23.6,1,"NAN","NAN","NAN",3668.08,23.4,4,2883.27,24.1,0,2449.2,24.7,0,2530.37,25.6,1,3071.99,24.9,0
"2026-03-28 11:30:00",1624,802,"Chapada_Low",11.85,"NAN","NAN","NAN",2539.6,23.8,0,2621.35,23.7,6,"NAN","NAN","NAN",3667.26,23.4,3,2882.91,24,3,2447.49,24.5,0,2526.25,25.5,0,3072.72,25,1
"2026-03-28 11:45:00",1625,802,"Chapada_Low",11.85,"NAN","NAN","NAN",2536.95,25.3,0,2621.69,25.1,0,"NAN","NAN","NAN",3664.03,24.1,10,2877.95,25.2,3,2446.02,25.6,0,2522.44,27.4,7,3069.2,27.3,5
"2026-03-28 12:00:00",1626,802,"Chapada_Low",11.85,"NAN","NAN","NAN",2534.28,26,0,2622.61,26.2,0,"NAN","NAN","NAN",3659.66,24.8,5,2875.09,26,0,2443.54,26.6,0,2518.91,28.5,0,3065.57,28.9,0
"2026-03-28 12:15:00",1627,802,"Chapada_Low",11.85,"NAN","NAN","NAN",2532.96,26.3,0,2620.42,26.5,2,"NAN","NAN","NAN",3658.28,25.7,0,2871.96,26.6,6,2440.41,27.1,0,2515.07,28.8,0,3062.88,29.6,0
"2026-03-28 12:30:00",1628,802,"Chapada_Low",11.85,"NAN","NAN","NAN",2534.22,26.2,0,2619.19,26.7,0,"NAN","NAN","NAN",3654.89,25.7,11,2869.63,27.3,0,2439.39,27.1,0,2513.06,28.6,0,3060.62,29.7,1
"2026-03-28 12:45:00",1629,802,"Chapada_Low",11.85,"NAN","NAN","NAN",2532.62,26.3,3,2620.92,27,0,"NAN","NAN","NAN",3653.37,25.8,2,2867.75,27.2,0,2437.39,28,2,2508.33,28.6,0,3059.03,30,0
"2026-03-28 13:00:00",1630,802,"Chapada_Low",11.85,"NAN","NAN","NAN",2531.23,25.9,14,2619.73,26.8,27,"NAN","NAN","NAN",3652.75,25.5,6,2866.24,26.7,7,2436.45,27.3,0,2505.17,28.3,0,3059.8,29.2,2
"2026-03-28 13:15:00",1631,802,"Chapada_Low",11.85,"NAN","NAN","NAN",2529.02,26.1,1,2618.91,27.1,0,"NAN","NAN","NAN",3652.21,25.6,0,2864.24,26.9,0,2436.63,27.3,0,2499.62,28,0,3058.12,29.5,0
"2026-03-28 13:30:00",1632,802,"Chapada_Low",11.85,"NAN","NAN","NAN",2523.79,26.7,9,2617.6,27.3,14,"NAN","NAN","NAN",3648.92,25.9,6,2862.25,27,0,2434.4,27.5,0,2496.48,28.1,0,3058.23,29.3,0
"2026-03-28 13:45:00",1633,802,"Chapada_Low",11.85,"NAN","NAN","NAN",2521.79,26.7,0,2615.38,27.6,0,"NAN","NAN","NAN",3648.97,25.9,4,2861.48,26.9,2,2433.72,27.3,0,2494.54,27.8,2,3058.84,28.9,3
"2026-03-28 14:00:00",1634,802,"Chapada_Low",11.85,"NAN","NAN","NAN",2522.62,26.6,2,2615.11,27.5,0,"NAN","NAN","NAN",3646.16,26,2,2859.95,26.9,2,2434.02,27.2,0,2495.75,27.6,0,3056.86,29.3,0
"2026-03-28 14:15:00",1635,802,"Chapada_Low",11.85,"NAN","NAN","NAN",2520.63,26.6,0,2616.63,27.4,19,"NAN","NAN","NAN",3645.29,26.7,3,2858.16,27.3,0,2432.1,27.3,0,2491.66,27.5,0,3055.19,30.1,5
"2026-03-28 14:30:00",1636,802,"Chapada_Low",11.85,"NAN","NAN","NAN",2517.85,26.6,0,2614.59,27.4,0,"NAN","NAN","NAN",3643.32,26.5,5,2857.27,27.9,0,2430.62,28.3,0,2490.75,27.4,3,3053.61,30.6,0
"2026-03-28 14:45:00",1637,802,"Chapada_Low",11.85,"NAN","NAN","NAN",2518.17,26.7,0,2615.79,27.9,0,"NAN","NAN","NAN",3642.88,26.6,3,2854.55,27.7,0,2428.16,28.8,0,2485.95,28.2,0,3052.39,30.6,0
"2026-03-28 15:00:00",1638,802,"Chapada_Low",11.85,"NAN","NAN","NAN",2517.21,26.6,0,2613.45,27.8,0,"NAN","NAN","NAN",3642.86,26.4,8,2853.65,27.4,0,2427.93,28.3,0,2482.38,27.7,0,3051.27,30.4,0
"2026-03-28 15:15:00",1639,802,"Chapada_Low",11.85,"NAN","NAN","NAN",2516.31,26.8,0,2614.2,28.1,0,"NAN","NAN","NAN",3644.22,26.6,13,2852.45,27.4,7,2426.63,28.4,0,2481.76,27.4,2,3051.21,30.2,1
"2026-03-28 15:30:00",1640,802,"Chapada_Low",11.85,"NAN","NAN","NAN",2513.62,27.4,0,2612.96,28.2,13,"NAN","NAN","NAN",3640.64,26.7,7,2851.99,27.5,2,2426.12,28.5,0,2480.57,27.2,0,3046.75,29.6,0
"2026-03-28 15:45:00",1641,802,"Chapada_Low",11.85,"NAN","NAN","NAN",2511.98,27.5,3,2612.47,28.7,0,"NAN","NAN","NAN",3638.44,26.9,4,2849.75,27.8,0,2424.43,28.8,0,2478.67,27.3,0,3047.37,29.3,0
"2026-03-28 16:00:00",1642,802,"Chapada_Low",11.84,"NAN","NAN","NAN",2510.14,27.4,0,2612.75,28.4,0,"NAN","NAN","NAN",3637.81,27.5,5,2848.74,27.8,0,2423.37,28.9,0,2476.83,27.1,0,3047.14,28.8,0
"2026-03-28 16:15:00",1643,802,"Chapada_Low",11.85,"NAN","NAN","NAN",2510.62,27.4,0,2610.14,28.2,0,"NAN","NAN","NAN",3635.89,27.5,7,2847,28.7,5,2423.55,28.8,0,2477.88,27,0,3047.62,28.4,3
"2026-03-28 16:30:00",1644,802,"Chapada_Low",11.85,"NAN","NAN","NAN",2509.65,27.2,0,2609.17,27.8,0,"NAN","NAN","NAN",3635.25,27.1,7,2845.88,27.9,2,2423.71,29.1,0,2474.94,26.8,0,3048.34,28,0
"2026-03-28 16:45:00",1645,802,"Chapada_Low",11.85,"NAN","NAN","NAN",2509.29,27.1,0,2608.26,27.6,0,"NAN","NAN","NAN",3634.85,26.9,0,2845.69,27.5,0,2423.35,28.5,0,2473.95,27.4,4,3048.46,27.9,0
"2026-03-28 17:00:00",1646,802,"Chapada_Low",11.85,"NAN","NAN","NAN",2507.74,26.7,0,2607.98,27.2,0,"NAN","NAN","NAN",3636.67,26.6,6,2845.02,27,5,2423.57,27.8,0,2475.16,26.9,13,3048.25,27.8,0
"2026-03-28 17:15:00",1647,802,"Chapada_Low",11.84,"NAN","NAN","NAN",2507.03,26.6,0,2609.89,26.8,1,"NAN","NAN","NAN",3636.75,26.2,4,2846,26.5,0,2426.46,27,0,2475.56,26.4,2,3048.35,27.2,0
"2026-03-28 17:30:00",1648,802,"Chapada_Low",11.84,"NAN","NAN","NAN",2504.76,26.5,1,2609.51,27,0,"NAN","NAN","NAN",3638.18,26.1,3,2845.21,26.4,0,2425.86,26.7,0,2475.62,26.2,0,3048.84,27,0
"2026-03-28 17:45:00",1649,802,"Chapada_Low",11.84,"NAN","NAN","NAN",2504.46,26,0,2607.78,26.5,5,"NAN","NAN","NAN",3638.32,25.7,8,2846.14,25.8,0,2426.72,26.2,0,2474.86,25.9,0,3049.9,26.4,0
"2026-03-28 18:00:00",1650,802,"Chapada_Low",11.84,"NAN","NAN","NAN",2504.84,25.1,0,2609.23,25.6,0,"NAN","NAN","NAN",3641.79,25.1,9,2849.34,25,0,2428.82,25.2,0,2475.72,25.1,0,3049.21,25.5,3
"2026-03-28 18:15:00",1651,802,"Chapada_Low",11.84,"NAN","NAN","NAN",2505.13,24.9,3,2607.62,25.3,0,"NAN","NAN","NAN",3643.02,24.7,12,2848.45,25,3,2429.2,24.9,0,2474.72,24.8,0,3049.63,25.2,0
"2026-03-28 18:30:00",1652,802,"Chapada_Low",11.84,"NAN","NAN","NAN",2504.64,24.4,0,2609.22,24.9,0,"NAN","NAN","NAN",3644.63,24.3,0,2850.85,24.4,0,2431.15,24.5,0,2474.46,24.6,0,3053,24.7,0
"2026-03-28 18:45:00",1653,802,"Chapada_Low",11.84,"NAN","NAN","NAN",2505.88,23.8,0,2607.33,24.4,0,"NAN","NAN","NAN",3645.93,23.8,7,2852.35,23.6,3,2431.18,23.8,0,2477.98,23.9,0,3052.35,24.2,2
"2026-03-28 19:00:00",1654,802,"Chapada_Low",11.84,"NAN","NAN","NAN",2505.49,23.3,0,2607.38,23.9,6,"NAN","NAN","NAN",3648.87,23.4,9,2854.18,23,0,2432.58,23.2,0,2476.14,23.3,3,3052.99,23.6,0
"2026-03-28 19:15:00",1655,802,"Chapada_Low",11.84,"NAN","NAN","NAN",2505.07,23,0,2607.24,23.5,0,"NAN","NAN","NAN",3649.62,23,2,2855.19,22.5,0,2433.47,22.8,0,2480.07,22.8,0,3055.86,23.2,0
"2026-03-28 19:30:00",1656,802,"Chapada_Low",11.84,"NAN","NAN","NAN",2505.2,22.6,0,2607.62,23.2,0,"NAN","NAN","NAN",3651.84,22.7,24,2856.16,22.2,0,2434.45,22.4,0,2480.21,22.5,0,3055.03,22.8,0
"2026-03-28 19:45:00",1657,802,"Chapada_Low",11.85,"NAN","NAN","NAN",2504.62,22.3,0,2607.55,22.9,19,"NAN","NAN","NAN",3653.38,22.3,7,2857.46,21.8,0,2434.93,22.1,0,2481.33,22.1,0,3055.55,22.5,0
"2026-03-28 20:00:00",1658,802,"Chapada_Low",11.85,"NAN","NAN","NAN",2504.6,22,0,2607.9,22.7,0,"NAN","NAN","NAN",3653.76,22.1,4,2858.29,21.6,2,2435.8,21.8,2,2480.04,21.8,0,3058.63,22.2,0
"2026-03-28 20:15:00",1659,802,"Chapada_Low",11.84,"NAN","NAN","NAN",2506.03,21.8,0,2607.98,22.4,0,"NAN","NAN","NAN",3654.51,21.9,7,2859.16,21.3,4,2436.48,21.5,0,2480.45,21.6,0,3057.27,22,0
"2026-03-28 20:30:00",1660,802,"Chapada_Low",11.85,"NAN","NAN","NAN",2505.4,21.6,0,2607.61,22.3,9,"NAN","NAN","NAN",3660.81,21.8,4,2860.47,21.1,0,2435.59,21.3,0,2483.18,21.4,0,3059.82,21.8,0
"2026-03-28 20:45:00",1661,802,"Chapada_Low",11.84,"NAN","NAN","NAN",2504.87,21.5,0,2607.89,22.1,0,"NAN","NAN","NAN",3660.53,21.6,19,2860.6,21,0,2437.24,21.2,0,2484.68,21.2,0,3058.27,21.7,0
"2026-03-28 21:00:00",1662,802,"Chapada_Low",11.85,"NAN","NAN","NAN",2505.61,21.5,14,2608.09,22,5,"NAN","NAN","NAN",3660.83,21.5,5,2861.61,20.9,0,2436.42,21.2,0,2482.37,21.2,0,3058.88,21.6,0
"2026-03-28 21:15:00",1663,802,"Chapada_Low",11.84,"NAN","NAN","NAN",2505.47,21.5,0,2608.7,22,1,"NAN","NAN","NAN",3661.27,21.5,7,2861.8,20.9,3,2436.35,21.1,0,2483.31,21.1,0,3061.34,21.6,0
"2026-03-28 21:30:00",1664,802,"Chapada_Low",11.84,"NAN","NAN","NAN",2506.64,21.5,0,2607.98,21.9,24,"NAN","NAN","NAN",3661.73,21.4,12,2862.52,20.9,4,2436.97,21.1,0,2483.53,21.1,0,3059.58,21.6,2
"2026-03-28 21:45:00",1665,802,"Chapada_Low",11.85,"NAN","NAN","NAN",2506.17,21.4,0,2608.18,21.9,1,"NAN","NAN","NAN",3661.91,21.4,5,2863.11,20.9,0,2437.14,21,0,2483.89,21.1,0,3059.33,21.5,0
"2026-03-28 22:00:00",1666,802,"Chapada_Low",11.85,"NAN","NAN","NAN",2505.9,21.3,0,2608.54,21.8,12,"NAN","NAN","NAN",3663.3,21.4,3,2864.27,20.8,0,2437.19,20.9,0,2484.49,21,0,3061.87,21.4,0
"2026-03-28 22:15:00",1667,802,"Chapada_Low",11.85,"NAN","NAN","NAN",2505.84,21.3,0,2608.22,21.7,0,"NAN","NAN","NAN",3663.34,21.3,0,2864.26,20.7,0,2437.44,20.8,0,2484.3,20.9,0,3062.47,21.4,1
"2026-03-28 22:30:00",1668,802,"Chapada_Low",11.85,"NAN","NAN","NAN",2505.83,21.2,0,2608.7,21.7,3,"NAN","NAN","NAN",3663.63,21.2,21,2864.88,20.7,3,2437.39,20.8,0,2487.01,20.9,3,3060.47,21.3,0
"2026-03-28 22:45:00",1669,802,"Chapada_Low",11.85,"NAN","NAN","NAN",2505.68,21.2,0,2608.72,21.6,0,"NAN","NAN","NAN",3662.03,21.2,3,2864.87,20.7,5,2437.88,20.7,0,2487.25,20.9,0,3060.7,21.3,0
"2026-03-28 23:00:00",1670,802,"Chapada_Low",11.85,"NAN","NAN","NAN",2503.94,21.2,0,2608.53,21.6,0,"NAN","NAN","NAN",3664.97,21.1,8,2865.39,20.6,0,2438.36,20.7,0,2485.44,20.8,2,3062.9,21.2,2
"2026-03-28 23:15:00",1671,802,"Chapada_Low",11.84,"NAN","NAN","NAN",2504.61,21.2,0,2609.01,21.5,0,"NAN","NAN","NAN",3665.68,21.1,5,2866.45,20.7,0,2438.33,20.7,0,2485.2,20.9,0,3060.75,21.2,0
"2026-03-28 23:30:00",1672,802,"Chapada_Low",11.84,"NAN","NAN","NAN",2504.02,21.2,3,2608.56,21.5,0,"NAN","NAN","NAN",3666.05,21.1,5,2865.76,20.6,2,2438.73,20.7,0,2485.1,20.8,0,3061.33,21.2,0
"2026-03-28 23:45:00",1673,802,"Chapada_Low",11.85,"NAN","NAN","NAN",2503.84,21.2,0,2608.81,21.5,0,"NAN","NAN","NAN",3665.61,21,4,2866.91,20.6,0,2439.69,20.7,0,2485.74,20.8,6,3061.07,21.1,1
"2026-03-29 00:00:00",1674,802,"Chapada_Low",11.85,"NAN","NAN","NAN",2503.56,21,0,2609.48,21.4,0,"NAN","NAN","NAN",3665.89,21,2,2867.12,20.5,3,2438.74,20.5,0,2486.95,20.7,0,3061.61,21,0
"2026-03-29 00:15:00",1675,802,"Chapada_Low",11.85,"NAN","NAN","NAN",2503.96,20.9,0,2609.35,21.2,0,"NAN","NAN","NAN",3666.54,20.9,5,2867.64,20.3,0,2438.68,20.4,0,2485.97,20.5,2,3061.6,20.9,0
"2026-03-29 00:30:00",1676,802,"Chapada_Low",11.85,"NAN","NAN","NAN",2504.46,20.8,0,2608.92,21.2,0,"NAN","NAN","NAN",3667.26,20.8,5,2868.46,20.2,0,2439.43,20.3,0,2487.17,20.5,0,3063.75,20.8,0
"2026-03-29 00:45:00",1677,802,"Chapada_Low",11.85,"NAN","NAN","NAN",2503.44,20.7,0,2608.86,21.1,0,"NAN","NAN","NAN",3666.5,20.7,1,2866.91,20.2,0,2439.28,20.3,0,2486.76,20.4,0,3064.17,20.7,0
"2026-03-29 01:00:00",1678,802,"Chapada_Low",11.85,"NAN","NAN","NAN",2503.4,20.7,0,2608.87,21,0,"NAN","NAN","NAN",3666.1,20.7,7,2869.33,20.2,1,2440.21,20.3,0,2486.98,20.4,0,3062.24,20.7,0
"2026-03-29 01:15:00",1679,802,"Chapada_Low",11.85,"NAN","NAN","NAN",2503.53,20.7,2,2608.63,21,0,"NAN","NAN","NAN",3665.53,20.7,6,2869.86,20.2,8,2439.71,20.3,0,2487.56,20.4,0,3062.96,20.7,2
"2026-03-29 01:30:00",1680,802,"Chapada_Low",11.85,"NAN","NAN","NAN",2504.37,20.7,0,2608.53,21,5,"NAN","NAN","NAN",3665.18,20.6,7,2870.88,20.2,0,2439.67,20.2,3,2487.41,20.4,0,3062.87,20.6,0
"2026-03-29 01:45:00",1681,802,"Chapada_Low",11.85,"NAN","NAN","NAN",2503.98,20.6,3,2609.35,21,0,"NAN","NAN","NAN",3665.71,20.6,7,2870.59,20.1,0,2439.68,20.2,0,2487.6,20.3,3,3064.81,20.6,0
"2026-03-29 02:00:00",1682,802,"Chapada_Low",11.85,"NAN","NAN","NAN",2504.06,20.6,0,2609.31,20.9,1,3058.9,20.7,0,3666.74,20.5,30,2869.19,20,6,2440.69,20.1,0,2488.19,20.2,0,3062.74,20.5,0
"2026-03-29 02:15:00",1683,802,"Chapada_Low",11.84,"NAN","NAN","NAN",2503.37,20.6,0,2609.42,20.9,0,3059.42,20.6,0,3666.5,20.5,0,2871.55,20,4,2440.48,20.1,0,2488.35,20.2,14,3063.55,20.5,0
"2026-03-29 02:30:00",1684,802,"Chapada_Low",11.85,"NAN","NAN","NAN",2503.38,20.6,0,2609.38,20.9,0,3060.09,20.6,0,3667.19,20.5,23,2871.79,20,3,2440.22,20.1,0,2488.9,20.2,0,3065.14,20.5,1
"2026-03-29 02:45:00",1685,802,"Chapada_Low",11.84,"NAN","NAN","NAN",2502.91,20.6,0,2609.17,20.9,0,3060.23,20.6,0,3665.95,20.5,6,2869.47,20,3,2440.72,20.1,0,2488.9,20.2,0,3065.44,20.5,0
"2026-03-29 03:00:00",1686,802,"Chapada_Low",11.85,"NAN","NAN","NAN",2502.85,20.6,0,2608.87,20.8,1,3059.94,20.5,0,3666.56,20.4,2,2871.87,20,0,2440.67,20.1,4,2489.02,20.2,6,3065.31,20.5,0
"2026-03-29 03:15:00",1687,802,"Chapada_Low",11.85,"NAN","NAN","NAN",2503.43,20.5,3,2608.57,20.8,0,3060.19,20.5,0,3665.71,20.4,1,2872.59,20,0,2440.39,20,0,2489.8,20.2,3,3062.93,20.4,0
"2026-03-29 03:30:00",1688,802,"Chapada_Low",11.85,"NAN","NAN","NAN",2503.58,20.5,0,2609.47,20.8,0,3060.94,20.5,0,3666.58,20.4,4,2872.65,19.9,0,2440.85,20,0,2489.02,20.1,0,3065.39,20.4,0
"2026-03-29 03:45:00",1689,802,"Chapada_Low",11.85,"NAN","NAN","NAN",2503.32,20.5,0,2609.33,20.8,0,3060.68,20.5,0,3667.35,20.3,6,2870.85,19.9,0,2440.87,19.9,0,2489.5,20.1,0,3065.8,20.4,0
"2026-03-29 04:00:00",1690,802,"Chapada_Low",11.85,"NAN","NAN","NAN",2503.45,20.5,0,2609.53,20.7,0,3060.67,20.4,0,3668.8,20.3,1,2871.32,19.9,0,2441.16,19.9,0,2489.21,20,0,3065.73,20.3,0
"2026-03-29 04:15:00",1691,802,"Chapada_Low",11.84,"NAN","NAN","NAN",2505.25,20.5,0,2609.29,20.7,0,3061.09,20.4,0,3669.77,20.3,9,2872.84,19.9,0,2441.15,19.9,0,2490,20,0,3066.25,20.3,0
"2026-03-29 04:30:00",1692,802,"Chapada_Low",11.85,"NAN","NAN","NAN",2500.93,20.5,3,2609.25,20.7,0,3060.85,20.4,0,3670.64,20.3,0,2872.98,19.9,0,2440.36,19.9,5,2489.51,20.1,0,3066.78,20.3,0
"2026-03-29 04:45:00",1693,802,"Chapada_Low",11.84,"NAN","NAN","NAN",2500.79,20.5,0,2609.5,20.7,0,3061.27,20.4,0,3669.25,20.2,10,2870.78,19.9,6,2440.92,19.9,0,2489.58,20,0,3065.88,20.3,0
"2026-03-29 05:00:00",1694,802,"Chapada_Low",11.84,"NAN","NAN","NAN",2501.51,20.4,0,2608.95,20.6,6,3060.87,20.3,0,3667.68,20.2,2,2870.67,19.8,2,2440.89,19.9,0,2489.78,20,0,3066.78,20.3,0
"2026-03-29 05:15:00",1695,802,"Chapada_Low",11.85,"NAN","NAN","NAN",2501.05,20.4,0,2609.63,20.6,0,3061.05,20.3,0,3667.58,20.2,6,2870.63,19.8,4,2441.08,19.9,0,2489.87,20,0,3066.24,20.2,0
"2026-03-29 05:30:00",1696,802,"Chapada_Low",11.85,"NAN","NAN","NAN",2501.09,20.3,1,2609.4,20.6,0,3061.71,20.3,0,3665.83,20.2,6,2871.68,19.7,0,2441.58,19.8,0,2490.19,20,0,3064.76,20.2,0
"2026-03-29 05:45:00",1697,802,"Chapada_Low",11.85,"NAN","NAN","NAN",2501.63,20.4,0,2608.82,20.6,0,3061.44,20.3,0,3665.53,20.1,1,2871.67,19.8,0,2440.88,19.8,0,2489.28,19.9,0,3066.42,20.2,0
"2026-03-29 06:00:00",1698,802,"Chapada_Low",11.85,"NAN","NAN","NAN",2501.42,20.3,0,2609.1,20.6,0,3061.41,20.3,0,3666.82,20.1,5,2871.26,19.7,1,2442.07,19.8,0,2490.17,19.9,4,3066.69,20.2,0
"2026-03-29 06:15:00",1699,802,"Chapada_Low",11.85,"NAN","NAN","NAN",2501.8,20.4,0,2609.32,20.6,0,3061.84,20.2,0,3666.16,20.1,7,2871.11,19.7,0,2441.69,19.8,0,2489.57,19.9,0,3066.65,20.2,0
"2026-03-29 06:30:00",1700,802,"Chapada_Low",11.85,"NAN","NAN","NAN",2498.96,20.3,9,2609.04,20.5,0,3061.47,20.2,0,3666.18,20.1,4,2871.57,19.7,4,2442.48,19.8,0,2490.06,19.9,0,3066.91,20.1,1
"2026-03-29 06:45:00",1701,802,"Chapada_Low",11.85,"NAN","NAN","NAN",2498.78,20.3,0,2609.96,20.5,0,3061.43,20.2,0,3664.53,20,7,2871.76,19.7,0,2442.92,19.7,0,2489.78,19.9,0,3064.85,20.1,0
"2026-03-29 07:00:00",1702,802,"Chapada_Low",11.85,"NAN","NAN","NAN",2499.81,20.3,0,2609.56,20.5,0,3061.45,20.2,0,3665.65,20,6,2872.34,19.7,1,2441.83,19.7,0,2489.92,19.8,0,3065.17,20.1,0
"2026-03-29 07:15:00",1703,802,"Chapada_Low",11.85,"NAN","NAN","NAN",2499.41,20.3,0,2609.07,20.5,0,3061.64,20.2,0,3666.11,20,10,2871.68,19.7,2,2442.75,19.7,0,2489.54,19.9,0,3067.44,20.1,6
"2026-03-29 07:30:00",1704,802,"Chapada_Low",11.85,"NAN","NAN","NAN",2499.08,20.3,0,2609.4,20.5,1,3061.85,20.2,0,3666.66,20.1,6,2871.27,19.7,3,2441.22,19.8,0,2489.9,19.9,0,3065.48,20.1,0
"2026-03-29 07:45:00",1705,802,"Chapada_Low",11.85,"NAN","NAN","NAN",2497.99,20.5,0,2608.93,20.6,0,3061.92,20.3,0,3667.27,20.1,0,2873.86,19.8,3,2441.3,19.9,0,2489.36,20.1,6,3066.1,20.2,0
"2026-03-29 08:00:00",1706,802,"Chapada_Low",11.85,"NAN","NAN","NAN",2498.17,20.7,0,2609.72,20.8,1,3061.63,20.4,0,3667.23,20.3,27,2874.01,19.9,8,2441.02,20.2,0,2489.2,20.1,0,3064.33,20.5,0
"2026-03-29 08:15:00",1707,802,"Chapada_Low",11.85,"NAN","NAN","NAN",2497.55,21.4,1,2609.29,21.2,0,3060.53,20.8,0,3667.79,20.4,7,2873.72,20.5,0,2440.57,20.9,0,2488.76,20.7,0,3065.45,21.1,0
"2026-03-29 08:30:00",1708,802,"Chapada_Low",11.85,"NAN","NAN","NAN",2496.57,21.8,0,2609.53,21.8,0,3059.76,21,0,3665.78,21,2,2872.98,21.3,0,2440.2,21.6,0,2489.99,21.6,3,3064.93,21.6,7
"2026-03-29 08:45:00",1709,802,"Chapada_Low",11.85,"NAN","NAN","NAN",2497.64,22,0,2610.08,21.9,0,3059.06,21.3,0,3665.59,21.5,3,2871.55,21.7,0,2437.87,22,2,2489.29,22.1,4,3062.38,21.9,0
"2026-03-29 09:00:00",1710,802,"Chapada_Low",11.85,"NAN","NAN","NAN",2497.65,22.3,0,2609.62,22.2,0,3056.39,21.5,0,3661.87,22.6,0,2870.81,22.6,7,2438.73,22.7,0,2488.7,22.8,0,3063.48,22.4,0
"2026-03-29 09:15:00",1711,802,"Chapada_Low",11.84,"NAN","NAN","NAN",2496.59,22.7,0,2609.98,22.6,11,3057.27,21.6,0,3658.85,23.1,9,2868.84,23.6,12,2436.61,23.8,0,2485.15,23.5,0,3059.85,23,0
"2026-03-29 09:30:00",1712,802,"Chapada_Low",11.85,"NAN","NAN","NAN",2495.44,23.2,0,2609.58,23,0,3056.66,21.6,0,3655.84,23.6,8,2866.43,24,0,2435,24.5,6,2484.74,24.8,0,3058.32,23.7,0
"2026-03-29 09:45:00",1713,802,"Chapada_Low",11.85,"NAN","NAN","NAN",2494.54,23.8,0,2609.58,23.3,0,3052.78,22.2,0,3654.09,24.1,8,2862.39,24.5,9,2433.75,24.9,0,2480.51,25.5,0,3057.48,25,0
"2026-03-29 10:00:00",1714,802,"Chapada_Low",11.85,"NAN","NAN","NAN",2493.25,24.6,0,2609.12,23.7,0,3049.53,23.1,0,3651.48,24.5,9,2862.01,25.1,4,2432.43,25.5,0,2479.61,26.2,0,3055.36,25.6,0
"2026-03-29 10:15:00",1715,802,"Chapada_Low",11.85,"NAN","NAN","NAN",2491.72,25.5,0,2608.75,24.1,0,3046.3,23.9,0,3649.78,24.8,7,2859.81,25.6,0,2430.22,26.1,0,2475.68,27.2,0,3053.31,26.1,0
"2026-03-29 10:30:00",1716,802,"Chapada_Low",11.85,"NAN","NAN","NAN",2492.32,25.9,4,2610.41,24.6,0,3042.96,24.8,0,3647.83,25,7,2858.1,25.9,0,2429.08,26.5,0,2473.6,27.9,0,3053.23,26.2,1
"2026-03-29 10:45:00",1717,802,"Chapada_Low",11.85,"NAN","NAN","NAN",2490.43,26.4,0,2610.65,24.7,0,3040.82,25.2,0,3646.4,25.7,0,2856.72,26.2,0,2427.51,26.8,0,2470.88,28.7,0,3051.46,25.9,0
"2026-03-29 11:00:00",1718,802,"Chapada_Low",11.85,"NAN","NAN","NAN",2488.81,26.8,0,2609.82,24.9,6,3038.74,25.5,0,3643.39,25.8,1,2853.72,27.3,1,2426.04,27.1,0,2471.16,29.3,0,3051.3,25.9,0
"2026-03-29 11:15:00",1719,802,"Chapada_Low",11.85,"NAN","NAN","NAN",2486.64,27.1,0,2607.22,25.2,0,3036.04,25.9,0,3642.42,25.7,3,2851.91,27.1,3,2424.33,28,0,2467.15,29.9,0,3049.82,26.4,0
"2026-03-29 11:30:00",1720,802,"Chapada_Low",11.84,"NAN","NAN","NAN",2484.67,27.2,0,2607.16,25.7,0,3033.59,26.2,0,3641.5,25.8,22,2850.96,27.1,10,2423.22,27.9,0,2464.56,30.8,0,3046.92,27.8,0
"2026-03-29 11:45:00",1721,802,"Chapada_Low",11.85,"NAN","NAN","NAN",2482.95,27.3,0,2606.84,26.3,0,3031.43,26.4,0,3640.76,25.9,7,2849.86,27.2,2,2422.17,27.9,0,2462.07,30.7,0,3040.51,29.2,0
"2026-03-29 12:00:00",1722,802,"Chapada_Low",11.85,"NAN","NAN","NAN",2483.49,27.3,0,2607.24,26.6,0,3029.96,26.4,0,3640.18,25.9,14,2849.12,27.1,5,2421.89,27.7,0,2461.2,30,0,3038.96,29.5,0
"2026-03-29 12:15:00",1723,802,"Chapada_Low",11.85,"NAN","NAN","NAN",2481.56,27.1,0,2607.34,27,6,3029.12,26.3,0,3640.49,25.9,3,2848.73,26.9,11,2421.95,27.6,0,2460.46,29.3,0,3036.83,29.4,0
"2026-03-29 12:30:00",1724,802,"Chapada_Low",11.85,"NAN","NAN","NAN",2480.54,26.9,0,2606.67,27.1,0,3028.54,26.9,5,3639.62,26,5,2848.19,27.1,2,2422.56,27.6,0,2461.03,29.1,0,3036.15,29.9,2
"2026-03-29 12:45:00",1725,802,"Chapada_Low",11.85,"NAN","NAN","NAN",2480.22,26.9,0,2603.82,27.4,4,3027.01,26.8,0,3637.34,26.6,3,2846.1,27.5,12,2420.1,27.8,0,2457.73,29.1,0,3034.83,30.2,0
"2026-03-29 13:00:00",1726,802,"Chapada_Low",11.85,"NAN","NAN","NAN",2479.69,27.1,0,2604.31,28.1,1,3024.08,27,0,3633.85,26.8,6,2844.19,28.5,2,2420.05,29,0,2456.02,29.3,0,3034.05,30.5,0
"2026-03-29 13:15:00",1727,802,"Chapada_Low",11.84,"NAN","NAN","NAN",2477.46,27.4,0,2601.49,28.5,0,3021.65,27.3,0,3631.07,27,12,2842.03,28.6,0,2417.88,29.4,0,2455.02,30.1,0,3033.26,30.5,0
"2026-03-29 13:30:00",1728,802,"Chapada_Low",11.85,"NAN","NAN","NAN",2476.79,27.2,0,2602.22,28,0,3020.49,27,0,3631.56,26.8,4,2842.12,28,0,2417.16,28.6,0,2453.07,29.4,0,3032.47,30.3,1
"2026-03-29 13:45:00",1729,802,"Chapada_Low",11.85,"NAN","NAN","NAN",2474.89,27.3,1,2601.14,28,0,3018.46,27.1,0,3630.26,26.9,0,2841.31,27.9,7,2416.85,28.4,0,2453.56,29.1,0,3032.02,30.1,0
"2026-03-29 14:00:00",1730,802,"Chapada_Low",11.84,"NAN","NAN","NAN",2473.92,28,0,2598.85,28.5,7,3016.2,27.5,0,3628.53,27.2,6,2839.74,28.2,0,2416.05,28.5,0,2451.17,29.1,0,3029.12,30.9,0
"2026-03-29 14:15:00",1731,802,"Chapada_Low",11.84,"NAN","NAN","NAN",2472.88,27.8,0,2599.81,28.8,0,3011.88,28.2,9,3626.9,27.2,2,2839.3,28.1,0,2416.2,28.5,0,2449.89,28.8,0,3027.75,31.2,1
"2026-03-29 14:30:00",1732,802,"Chapada_Low",11.85,"NAN","NAN","NAN",2472.9,26.8,4,2599.47,27.5,0,3012.77,27.4,0,3630.13,26.6,14,2840.11,26.9,2,2417.26,27.3,0,2450.84,27.6,0,3030.29,29.1,0
"2026-03-29 14:45:00",1733,802,"Chapada_Low",11.85,"NAN","NAN","NAN",2471.67,26.5,7,2599.18,27.4,0,3013.16,27,0,3630.29,26.3,8,2840.71,27.4,3,2417.89,27.1,0,2450.74,27.2,0,3030.36,29,0
"2026-03-29 15:00:00",1734,802,"Chapada_Low",11.84,"NAN","NAN","NAN",2471.74,26.8,0,2598.76,27.9,3,3010.82,27.5,0,3628.53,26.5,1,2840.32,27.5,3,2414.59,28.8,0,2451.75,27.4,0,3028.82,29.7,0
"2026-03-29 15:15:00",1735,802,"Chapada_Low",11.84,"NAN","NAN","NAN",2469.51,26.7,0,2596.74,27.7,0,3010.13,27.4,0,3629.17,26.4,0,2840.22,27.2,0,2415.22,28.1,0,2451.83,27.7,0,3028.38,29.2,0
"2026-03-29 15:30:00",1736,802,"Chapada_Low",11.84,"NAN","NAN","NAN",2470.19,26,0,2597.5,26.8,0,3009.75,26.4,0,3630.85,25.7,5,2841.61,26.2,10,2417.67,26.8,0,2451.62,26.7,0,3030.56,28,0
"2026-03-29 15:45:00",1737,802,"Chapada_Low",11.84,"NAN","NAN","NAN",2470.53,25.6,0,2596.86,26.1,0,3012.4,25.6,0,3632.95,25.1,6,2843.19,25.5,2,2419.42,25.9,0,2452.83,26,0,3032.24,26.9,0
"2026-03-29 16:00:00",1738,802,"Chapada_Low",11.85,"NAN","NAN","NAN",2469.62,25.2,0,2594.69,25.8,0,3013.99,25.1,7,3634.99,24.7,5,2846.31,24.9,4,2420.75,25.3,0,2453.53,25.5,0,3033.42,26.2,0
"2026-03-29 16:15:00",1739,802,"Chapada_Low",11.84,"NAN","NAN","NAN",2471.03,24.9,0,2596.59,25.5,0,3014.69,25.1,0,3636.66,24.5,0,2847.22,24.7,6,2422.32,25,0,2451.92,25.2,0,3034.2,25.9,0
"2026-03-29 16:30:00",1740,802,"Chapada_Low",11.85,"NAN","NAN","NAN",2471.82,24.7,0,2594.88,25.2,0,3015.9,24.7,0,3637.48,24.6,8,2849.19,24.5,12,2420.33,24.8,0,2454.84,25,0,3032.58,25.5,0
"2026-03-29 16:45:00",1741,802,"Chapada_Low",11.84,"NAN","NAN","NAN",2470.61,24.6,0,2595.24,24.9,0,3016.79,24.4,0,3637.65,24.3,2,2849.21,24.4,0,2422.79,24.7,5,2453.69,24.8,0,3033.29,25.2,0
"2026-03-29 17:00:00",1742,802,"Chapada_Low",11.85,"NAN","NAN","NAN",2469.51,24.3,0,2596.54,24.6,7,3017.3,24.2,0,3639,24.1,8,2850.77,24.1,3,2423.76,24.5,0,2455.48,24.7,4,3035.88,24.9,0
"2026-03-29 17:15:00",1743,802,"Chapada_Low",11.85,"NAN","NAN","NAN",2471.21,24.2,0,2595.04,24.5,0,3018.56,24,0,3639.95,23.9,3,2851.64,24,3,2424.51,24.3,0,2454.9,24.5,0,3034.54,24.8,0
"2026-03-29 17:30:00",1744,802,"Chapada_Low",11.85,"NAN","NAN","NAN",2471.63,24.1,0,2597.03,24.3,0,3019.53,23.8,0,3640.44,23.8,8,2851.76,23.8,0,2423.53,24.1,0,2456.6,24.3,0,3037.06,24.5,0
"2026-03-29 17:45:00",1745,802,"Chapada_Low",11.84,"NAN","NAN","NAN",2470.9,24.2,0,2595.27,24.4,0,3019.96,23.9,0,3640.06,23.8,6,2852.45,23.8,0,2425.69,24,0,2455.35,24.3,0,3035.13,24.5,0
"2026-03-29 18:00:00",1746,802,"Chapada_Low",11.85,"NAN","NAN","NAN",2471.24,24.6,0,2597.6,24.8,0,3019.27,24.4,0,3639.74,24,3,2851.98,24.2,8,2425.37,24.2,0,2455.42,24.6,0,3033.49,24.7,0
"2026-03-29 18:15:00",1747,802,"Chapada_Low",11.85,"NAN","NAN","NAN",2471.08,24.3,0,2596.82,24.6,0,3019.46,24.4,0,3640.33,24.1,22,2851.9,24.1,15,2424.15,24.1,0,2457.42,24.5,0,3035.23,24.5,0
"2026-03-29 18:30:00",1748,802,"Chapada_Low",11.85,"NAN","NAN","NAN",2469.5,24.1,0,2594.96,24.3,0,3020.22,24,0,3640.74,23.9,2,2852.83,24.1,4,2424.82,23.9,0,2455.81,24.3,0,3035.83,24.3,0
"2026-03-29 18:45:00",1749,802,"Chapada_Low",11.84,"NAN","NAN","NAN",2469.93,23.7,0,2595.23,23.9,2,3021.14,23.6,0,3642.23,23.5,0,2854.6,23.6,0,2425.75,23.6,0,2455.82,23.9,0,3034.89,23.8,0
"2026-03-29 19:00:00",1750,802,"Chapada_Low",11.85,"NAN","NAN","NAN",2468.74,23.1,0,2595.18,23.5,11,3022.1,23.1,3,3643.96,23.1,5,2854.62,22.9,5,2427.07,23.1,0,2457.54,23.3,0,3037.62,23.3,0
"2026-03-29 19:15:00",1751,802,"Chapada_Low",11.84,"NAN","NAN","NAN",2470.72,22.6,1,2594.24,23.1,0,3024.1,22.7,0,3644.53,22.6,0,2854.46,22.3,7,2426.3,22.6,0,2459.88,22.8,0,3036.45,22.9,0
"2026-03-29 19:30:00",1752,802,"Chapada_Low",11.85,"NAN","NAN","NAN",2469.57,22.3,0,2594.97,22.8,0,3025.55,22.4,0,3645.34,22.3,2,2855.3,21.9,2,2427.7,22.2,0,2460.78,22.4,0,3039.56,22.5,0
"2026-03-29 19:45:00",1753,802,"Chapada_Low",11.84,"NAN","NAN","NAN",2470.52,22,0,2594.46,22.5,0,3026.63,22.1,0,3646.83,22.1,2,2856.65,21.6,2,2427.73,21.9,0,2459.38,22,0,3037.94,22.2,0
"2026-03-29 20:00:00",1754,802,"Chapada_Low",11.84,"NAN","NAN","NAN",2471.56,21.6,0,2594.68,22.2,0,3027.63,21.9,0,3648.97,21.8,8,2857.25,21.3,2,2429.1,21.5,0,2460.45,21.7,0,3038.75,21.9,0
"2026-03-29 20:15:00",1755,802,"Chapada_Low",11.84,"NAN","NAN","NAN",2471.97,21.4,0,2595.08,22,1,3028.09,21.6,0,3649.85,21.5,6,2857.74,21,5,2428.86,21.2,0,2463.2,21.4,0,3039.68,21.6,0
"2026-03-29 20:30:00",1756,802,"Chapada_Low",11.84,"NAN","NAN","NAN",2471.89,21.2,0,2595.38,21.9,0,3031.48,21.5,0,3650.82,21.4,10,2857.16,20.8,6,2428.72,21,0,2464.13,21.2,0,3039.84,21.4,0
"2026-03-29 20:45:00",1757,802,"Chapada_Low",11.85,"NAN","NAN","NAN",2471.77,21,0,2595.4,21.7,0,3032.14,21.3,0,3650.58,21.3,0,2857.54,20.6,4,2430.85,20.8,0,2464.67,21,0,3040.02,21.3,0
"2026-03-29 21:00:00",1758,802,"Chapada_Low",11.85,"NAN","NAN","NAN",2472.12,21,0,2595.22,21.7,0,3032.32,21.2,0,3651.21,21.2,3,2860.04,20.5,1,2429.65,20.7,1,2463.34,20.9,7,3041.03,21.2,1
"2026-03-29 21:15:00",1759,802,"Chapada_Low",11.84,"NAN","NAN","NAN",2472.02,20.9,0,2595.38,21.5,0,3033.24,21.1,0,3654.67,21.1,0,2860.04,20.4,0,2430.24,20.7,0,2463.16,20.8,0,3040.44,21.1,0
"2026-03-29 21:30:00",1760,802,"Chapada_Low",11.84,"NAN","NAN","NAN",2472.42,21,0,2595.65,21.5,4,3034.56,21,0,3652.91,21,6,2859.83,20.3,2,2430.58,20.6,0,2463.96,20.7,0,3041.4,21,0
"2026-03-29 21:45:00",1761,802,"Chapada_Low",11.85,"NAN","NAN","NAN",2471.5,20.9,0,2595.62,21.4,0,3034.56,21,0,3653.43,20.9,4,2860.66,20.3,0,2431.14,20.5,0,2464.6,20.7,0,3041.63,21,0
"2026-03-29 22:00:00",1762,802,"Chapada_Low",11.85,"NAN","NAN","NAN",2472.13,20.8,0,2595.6,21.3,1,3034.83,21,0,3654.11,20.8,4,2861.72,20.3,8,2431.21,20.5,0,2464.68,20.6,0,3044.35,20.9,0
"2026-03-29 22:15:00",1763,802,"Chapada_Low",11.84,"NAN","NAN","NAN",2471.96,20.7,0,2595.67,21.2,0,3034.62,20.9,0,3653.87,20.8,8,2861.11,20.2,2,2431.46,20.4,0,2464.96,20.5,0,3042.26,20.8,0
"2026-03-29 22:30:00",1764,802,"Chapada_Low",11.85,"NAN","NAN","NAN",2471.84,20.6,0,2595.18,21.1,10,3035.53,20.8,0,3654.44,20.7,0,2862.18,20,0,2431.49,20.2,9,2465.33,20.4,0,3044.43,20.6,0
"2026-03-29 22:45:00",1765,802,"Chapada_Low",11.85,"NAN","NAN","NAN",2472.39,20.4,0,2595.56,21,8,3036.35,20.7,0,3655.34,20.6,7,2860.34,19.9,0,2432.4,20.2,0,2465.74,20.2,0,3045.23,20.5,0
"2026-03-29 23:00:00",1766,802,"Chapada_Low",11.84,"NAN","NAN","NAN",2472.35,20.4,0,2595.97,21,1,3037.26,20.7,0,3656.46,20.5,0,2861.11,19.9,0,2432.91,20.1,0,2466.48,20.2,0,3043.29,20.5,0
"2026-03-29 23:15:00",1767,802,"Chapada_Low",11.84,"NAN","NAN","NAN",2471.87,20.6,0,2595.74,21,0,3036.78,20.6,0,3657.97,20.5,0,2860.83,20,0,2432.7,20.2,0,2466.65,20.2,0,3045.61,20.5,0
"2026-03-29 23:30:00",1768,802,"Chapada_Low",11.84,"NAN","NAN","NAN",2471.52,20.5,0,2595.33,21,0,3037.13,20.6,0,3658.15,20.5,1,2863.08,20,2,2433.4,20.1,0,2467.54,20.2,0,3045.59,20.5,0
"2026-03-29 23:45:00",1769,802,"Chapada_Low",11.85,"NAN","NAN","NAN",2470.83,20.5,0,2595.6,20.9,0,3037.53,20.6,0,3658.77,20.5,6,2863.48,19.9,1,2433.11,20.1,0,2468.47,20.2,0,3043.69,20.5,0
"2026-03-30 00:00:00",1770,802,"Chapada_Low",11.85,"NAN","NAN","NAN",2471.86,20.5,0,2595.76,20.9,0,3037.7,20.5,0,3659.93,20.4,2,2861.46,19.9,5,2434.47,20,0,2468.96,20.2,1,3046.28,20.4,0
"2026-03-30 00:15:00",1771,802,"Chapada_Low",11.84,"NAN","NAN","NAN",2472.04,20.4,0,2595.84,20.8,0,3038.06,20.5,0,3659.7,20.4,6,2861.28,19.8,14,2433.41,19.9,0,2469.09,20.1,0,3046.15,20.4,0
"2026-03-30 00:30:00",1772,802,"Chapada_Low",11.84,"NAN","NAN","NAN",2471.32,20.4,0,2596.12,20.8,0,3038.08,20.5,11,3659.03,20.4,5,2861.37,19.8,0,2434.5,19.9,0,2469.82,20.1,0,3046.63,20.3,0
"2026-03-30 00:45:00",1773,802,"Chapada_Low",11.84,"NAN","NAN","NAN",2472.48,20.4,0,2596.23,20.8,0,3037.8,20.5,0,3660.22,20.4,4,2861.72,19.9,0,2433.26,19.9,0,2469.87,20.1,1,3045.32,20.4,0
"2026-03-30 01:00:00",1774,802,"Chapada_Low",11.84,"NAN","NAN","NAN",2472.22,20.5,0,2595.38,20.8,0,3038.33,20.4,0,3660.37,20.3,0,2862.27,19.8,5,2433.09,19.9,0,2470.64,20.1,0,3046.44,20.3,0
"2026-03-30 01:15:00",1775,802,"Chapada_Low",11.84,"NAN","NAN","NAN",2471.46,20.4,0,2595.6,20.7,0,3038.97,20.4,0,3660.2,20.3,9,2862.55,19.7,1,2434.25,19.8,0,2470.98,20,0,3046.67,20.3,6
"2026-03-30 01:30:00",1776,802,"Chapada_Low",11.84,"NAN","NAN","NAN",2471.5,20.3,0,2596.28,20.6,0,3039.06,20.3,0,3660.27,20.2,0,2862.16,19.6,1,2433.11,19.7,0,2471.55,19.9,0,3044.95,20.2,0
"2026-03-30 01:45:00",1777,802,"Chapada_Low",11.84,"NAN","NAN","NAN",2471.55,20.2,0,2596.43,20.5,0,3039.67,20.2,0,3661.6,20.1,8,2863.22,19.5,6,2435.06,19.6,0,2471.27,19.8,2,3047.24,20,2
"2026-03-30 02:00:00",1778,802,"Chapada_Low",11.84,"NAN","NAN","NAN",2473.09,20,0,2596.26,20.4,0,3040.33,20.1,1,3661.66,20,0,2862.98,19.4,0,2434.93,19.5,0,2472.31,19.7,0,3047.85,19.9,0
"2026-03-30 02:15:00",1779,802,"Chapada_Low",11.85,"NAN","NAN","NAN",2473.07,20,0,2596.13,20.4,0,3040.41,20,0,3661.61,19.9,20,2863.01,19.3,0,2434.98,19.4,0,2472.63,19.7,13,3046.1,19.9,0
"2026-03-30 02:30:00",1780,802,"Chapada_Low",11.85,"NAN","NAN","NAN",2473.01,19.9,3,2595.95,20.3,0,3040.56,20,0,3661.22,19.9,4,2864.14,19.3,0,2435.36,19.3,0,2474.69,19.5,2,3047.59,19.8,0
"2026-03-30 02:45:00",1781,802,"Chapada_Low",11.85,"NAN","NAN","NAN",2473.66,19.9,0,2596.2,20.3,3,3041.26,20,0,3661.79,19.8,0,2866.09,19.2,2,2434.09,19.3,0,2472.85,19.5,0,3048.3,19.8,0
"2026-03-30 03:00:00",1782,802,"Chapada_Low",11.85,"NAN","NAN","NAN",2472.79,19.9,0,2596.04,20.2,0,3041.47,19.9,3,3663.05,19.8,0,2864.31,19.2,0,2435.8,19.3,0,2472.85,19.5,1,3048.58,19.8,0
"2026-03-30 03:15:00",1783,802,"Chapada_Low",11.85,"NAN","NAN","NAN",2472.63,19.8,0,2596.14,20.2,5,3041.2,19.9,0,3663.87,19.7,3,2864.28,19.2,0,2434.68,19.3,0,2475.64,19.5,0,3048.68,19.7,0
"2026-03-30 03:30:00",1784,802,"Chapada_Low",11.85,"NAN","NAN","NAN",2472.83,19.7,0,2596.05,20.1,0,3042.22,19.8,0,3663.22,19.7,2,2867.03,19.1,0,2434.78,19.2,0,2476.07,19.4,2,3047.2,19.6,0
"2026-03-30 03:45:00",1785,802,"Chapada_Low",11.85,"NAN","NAN","NAN",2472.86,19.6,1,2595.9,20.1,0,3041.9,19.8,0,3664.28,19.6,6,2865.91,19,1,2434.9,19.1,0,2475.98,19.3,0,3047.43,19.6,0
"2026-03-30 04:00:00",1786,802,"Chapada_Low",11.85,"NAN","NAN","NAN",2473.36,19.6,0,2596.67,20,0,3042.32,19.7,10,3664.79,19.5,0,2867.34,18.9,6,2436.57,19,0,2474.68,19.3,0,3047.16,19.5,5
"2026-03-30 04:15:00",1787,802,"Chapada_Low",11.85,"NAN","NAN","NAN",2471.91,19.5,0,2596.42,20,2,3042.72,19.7,0,3664.12,19.5,9,2867.81,18.9,0,2437.18,19,0,2474.9,19.2,0,3049.7,19.5,0
"2026-03-30 04:30:00",1788,802,"Chapada_Low",11.85,"NAN","NAN","NAN",2474.36,19.5,0,2596.07,19.9,0,3042.96,19.6,0,3664.61,19.4,3,2867.55,18.8,5,2435.91,18.9,0,2474.85,19.1,0,3050.07,19.4,6
"2026-03-30 04:45:00",1789,802,"Chapada_Low",11.85,"NAN","NAN","NAN",2473.61,19.4,0,2596.36,19.8,0,3043.08,19.5,0,3664.6,19.4,9,2867.85,18.7,3,2437.16,18.8,0,2477.78,19,0,3049.43,19.3,0
"2026-03-30 05:00:00",1790,802,"Chapada_Low",11.85,"NAN","NAN","NAN",2473.52,19.3,0,2596.56,19.8,0,3043.92,19.4,1,3665.16,19.3,1,2865.47,18.6,3,2437.87,18.7,0,2475.24,18.9,0,3048.05,19.2,0
"2026-03-30 05:15:00",1791,802,"Chapada_Low",11.85,"NAN","NAN","NAN",2472.93,19.2,11,2596.49,19.7,3,3044.13,19.4,0,3665.28,19.2,4,2866.09,18.6,0,2435.93,18.7,0,2475.91,18.9,0,3048.83,19.1,0
"2026-03-30 05:30:00",1792,802,"Chapada_Low",11.85,"NAN","NAN","NAN",2474.24,19.2,0,2596.8,19.6,0,3044.47,19.3,0,3665.53,19.1,1,2866.08,18.5,0,2436.44,18.6,0,2475.74,18.9,0,3048.46,19.1,0
"2026-03-30 05:45:00",1793,802,"Chapada_Low",11.85,"NAN","NAN","NAN",2473.93,19.2,0,2596.53,19.6,0,3044.33,19.3,0,3665.78,19.1,2,2866.86,18.4,4,2437.88,18.6,0,2476.3,18.8,0,3049.09,19.1,0
"2026-03-30 06:00:00",1794,802,"Chapada_Low",11.85,"NAN","NAN","NAN",2473.36,19.1,0,2596.57,19.6,8,3044.43,19.2,0,3665.7,19.1,1,2866.97,18.4,0,2436.56,18.4,0,2476.11,18.8,0,3049.03,19,0
"2026-03-30 06:15:00",1795,802,"Chapada_Low",11.85,"NAN","NAN","NAN",2474.39,19.1,0,2596.58,19.5,0,3045.2,19.2,2,3666.26,19,6,2866.43,18.3,0,2438.01,18.4,0,2476.24,18.7,0,3049.24,18.9,0
"2026-03-30 06:30:00",1796,802,"Chapada_Low",11.85,"NAN","NAN","NAN",2473.39,19,0,2597.17,19.5,0,3044.9,19.1,0,3666.66,19,0,2867.32,18.3,26,2436.43,18.4,0,2475.87,18.6,0,3049.94,18.9,0
"2026-03-30 06:45:00",1797,802,"Chapada_Low",11.85,"NAN","NAN","NAN",2473.09,19.1,0,2596.76,19.5,0,3045.82,19.1,12,3667.2,19,3,2866.78,18.3,0,2437.65,18.4,0,2476.47,18.6,8,3049.16,18.9,0
"2026-03-30 07:00:00",1798,802,"Chapada_Low",11.84,"NAN","NAN","NAN",2472.5,19,13,2596.28,19.4,3,3045.63,19.1,0,3667.01,19,7,2867.52,18.3,6,2437.3,18.4,0,2475.96,18.6,0,3049.51,18.9,0
"2026-03-30 07:15:00",1799,802,"Chapada_Low",11.83,"NAN","NAN","NAN",2473.44,19.1,0,2596.88,19.4,0,3045.54,19.1,0,3667.05,19.1,0,2867.89,18.4,27,2438.34,18.5,0,2476.06,18.7,0,3048.93,18.9,0
"2026-03-30 07:30:00",1800,802,"Chapada_Low",11.85,"NAN","NAN","NAN",2472.96,19.4,0,2597.43,19.5,0,3045.29,19.3,0,3666.33,19.5,1,2867.38,18.6,0,2437.18,18.7,0,2476.42,19,7,3049.22,19.1,0
"2026-03-30 07:45:00",1801,802,"Chapada_Low",11.85,"NAN","NAN","NAN",2471.89,20,0,2597.26,19.7,0,3044.68,19.5,0,3666.08,19.6,1,2869.49,18.9,3,2438.31,19,0,2476.04,19.2,0,3051.19,19.4,0
"2026-03-30 08:00:00",1802,802,"Chapada_Low",11.85,"NAN","NAN","NAN",2473.46,20.5,0,2597.18,20.2,0,3044.24,19.7,0,3665.38,19.7,9,2867.6,19.1,3,2436.56,19.5,5,2475.68,19.4,0,3048.61,19.8,0
"2026-03-30 08:15:00",1803,802,"Chapada_Low",11.85,"NAN","NAN","NAN",2472.92,21.1,0,2597.33,20.7,0,3043.5,20.2,0,3664.64,19.9,0,2868.77,20,6,2435.72,20.2,0,2474.96,20.1,0,3047.18,20.8,0
"2026-03-30 08:30:00",1804,802,"Chapada_Low",11.85,"NAN","NAN","NAN",2472.65,21.6,0,2597.31,21.2,2,3042.73,20.4,0,3662.84,20.7,0,2867.3,21,4,2435.03,21.1,0,2474.88,21.1,5,3048.05,21.3,0
"2026-03-30 08:45:00",1805,802,"Chapada_Low",11.85,"NAN","NAN","NAN",2471.82,22.2,0,2596.99,21.7,0,3041.86,20.7,0,3660.08,21.4,2,2866.19,21.8,0,2432.91,21.9,0,2473.06,22,0,3046.49,21.9,0
"2026-03-30 09:00:00",1806,802,"Chapada_Low",11.85,"NAN","NAN","NAN",2471.24,22.6,0,2597.68,22.3,0,3041.35,21.2,0,3656.64,22.3,11,2864.04,22.6,0,2431.97,22.7,0,2471.67,22.9,0,3043.08,22.4,0
"2026-03-30 09:15:00",1807,802,"Chapada_Low",11.85,"NAN","NAN","NAN",2469.47,23,0,2596.58,22.6,0,3040,21.3,0,3652.83,23.4,5,2862.08,23.2,0,2429.87,23.3,0,2472.28,23.7,1,3044.22,23,0
"2026-03-30 09:30:00",1808,802,"Chapada_Low",11.85,"NAN","NAN","NAN",2470.27,23.5,0,2596.95,22.9,0,3038.94,21.4,0,3651.99,23.8,0,2857.9,24.6,2,2429.13,24,0,2468.16,24.4,0,3042.44,23.7,0
"2026-03-30 09:45:00",1809,802,"Chapada_Low",11.85,"NAN","NAN","NAN",2469.09,24.1,0,2597.01,23.2,0,3033.92,22.2,0,3649.22,24.2,1,2855.97,25,1,2427.14,25.6,0,2468.27,25.4,0,3038.27,24.6,10
"2026-03-30 10:00:00",1810,802,"Chapada_Low",11.85,"NAN","NAN","NAN",2468.44,24.9,0,2596.84,23.6,0,3030.29,23.2,0,3646.36,24.6,12,2853.36,25.4,3,2424.71,25.9,0,2463.94,27,0,3038.33,25.6,3
"2026-03-30 10:15:00",1811,802,"Chapada_Low",11.85,"NAN","NAN","NAN",2467.04,25.6,7,2596.38,24,0,3027.2,24,0,3645.31,24.9,5,2850.87,25.9,0,2423.02,26.4,0,2463.1,27.9,0,3035.67,26.6,0
"2026-03-30 10:30:00",1812,802,"Chapada_Low",11.85,"NAN","NAN","NAN",2464.44,26.6,0,2596.55,24.4,0,3023.58,24.7,0,3642.86,25.2,0,2849.57,26.4,7,2420.42,26.9,0,2458.24,28.8,0,3035.15,26.5,11
"2026-03-30 10:45:00",1813,802,"Chapada_Low",11.85,"NAN","NAN","NAN",2463.73,27,0,2596.31,25.2,0,3020.19,25.1,2,3642.21,25.4,4,2847.95,26.6,2,2418.67,27.2,0,2456,29.5,1,3034.25,26.2,0
"2026-03-30 11:00:00",1814,802,"Chapada_Low",11.85,"NAN","NAN","NAN",2462.29,26.6,0,2597.48,25,1,3017.5,25.7,0,3641.54,25.3,0,2846.55,26.3,5,2418.38,26.9,0,2455.13,29,0,3033.9,26,0
"2026-03-30 11:15:00",1815,802,"Chapada_Low",11.85,"NAN","NAN","NAN",2461.57,26,0,2594.7,24.8,0,3017.76,25.2,0,3641.57,25.3,4,2847.21,26,5,2419.82,26.3,0,2454.71,28.3,2,3033.86,26,0
"2026-03-30 11:30:00",1816,802,"Chapada_Low",11.85,"NAN","NAN","NAN",2460.63,26.3,0,2593.93,25.3,0,3015.8,25.5,0,3642,25.4,7,2845.83,26.8,0,2418.24,27.5,0,2456.26,29,0,3031.48,27.3,0
"2026-03-30 11:45:00",1817,802,"Chapada_Low",11.85,"NAN","NAN","NAN",2462.37,25.8,0,2594.14,25.1,0,3015.84,25.1,0,3642.18,25.1,5,2845.84,26,0,2417.95,26.9,0,2453.62,28.2,0,3031.49,26.7,0
"2026-03-30 12:00:00",1818,802,"Chapada_Low",11.85,"NAN","NAN","NAN",2460.98,25.1,0,2593,24.5,0,3017.44,24.4,0,3644.26,24.5,0,2847.09,25.1,4,2420.43,25.8,0,2454.84,27,0,3032.36,26,0
"2026-03-30 12:15:00",1819,802,"Chapada_Low",11.85,"NAN","NAN","NAN",2459.71,25.9,1,2593.4,25.6,0,3014.56,25.2,0,3638.21,25.4,0,2845.72,26.3,3,2419.44,26.8,0,2454,28.2,0,3028.47,28.3,0
"2026-03-30 12:30:00",1820,802,"Chapada_Low",11.85,"NAN","NAN","NAN",2458.03,27.3,0,2594.96,27.1,0,3009.11,26.3,0,3635.34,26.4,8,2842.4,27.5,0,2414.55,28.1,0,2451.62,29.5,0,3022.73,30.5,0
"2026-03-30 12:45:00",1821,802,"Chapada_Low",11.85,"NAN","NAN","NAN",2456.08,27.9,0,2595.45,28.4,2,3005.03,27.6,0,3632.02,27.1,4,2839.99,28.4,1,2412.26,29,0,2449.59,30.2,4,3017.05,32,0
"2026-03-30 13:00:00",1822,802,"Chapada_Low",11.84,"NAN","NAN","NAN",2456.51,27.6,0,2592.32,27.8,0,3003.24,27.2,0,3633.17,27.2,4,2839.48,28,1,2412.66,28.5,0,2448.65,29.6,3,3019.45,30.7,0
"2026-03-30 13:15:00",1823,802,"Chapada_Low",11.85,"NAN","NAN","NAN",2456.47,27.2,0,2592.2,27.3,0,3000.78,26.6,13,3633.16,26.8,5,2839.19,28.1,0,2412.51,28,0,2448.18,28.9,0,3020.77,29.6,0
"2026-03-30 13:30:00",1824,802,"Chapada_Low",11.85,"NAN","NAN","NAN",2455.09,27,0,2591.31,27.1,0,2999.72,26.4,0,3633.26,26.6,4,2838.32,27.7,0,2412.47,28.6,0,2447.82,28.5,0,3021.44,28.9,3
"2026-03-30 13:45:00",1825,802,"Chapada_Low",11.84,"NAN","NAN","NAN",2454.51,25.9,0,2592.17,26,0,3002.07,25.4,0,3634.95,25.5,0,2840.67,26.2,2,2414.25,26.9,0,2448.3,27.4,0,3022.83,27.3,0
"2026-03-30 14:00:00",1826,802,"Chapada_Low",11.84,"NAN","NAN","NAN",2454.44,25.7,0,2592.03,26,1,3001.93,25.4,0,3636.61,25.3,8,2840.28,26,0,2415.51,26.4,0,2441.99,26.9,0,3021.17,27.7,2
"2026-03-30 14:15:00",1827,802,"Chapada_Low",11.84,"NAN","NAN","NAN",2455.64,25.6,0,2592.31,25.7,7,3001.98,25.1,0,3636.82,24.9,7,2841.4,25.5,8,2416.61,25.9,0,2442.45,26.4,0,3023.74,27,0
"2026-03-30 14:30:00",1828,802,"Chapada_Low",11.84,"NAN","NAN","NAN",2453.65,25.3,0,2590.16,25.8,0,3001.98,25,0,3637.11,24.7,0,2842.17,25.2,1,2417.03,25.6,0,2442.6,25.9,1,3023.92,26.8,0
"2026-03-30 14:45:00",1829,802,"Chapada_Low",11.85,"NAN","NAN","NAN",2452.76,25.9,1,2592.31,26.9,9,3000.24,26.7,0,3634.13,25.4,3,2840.91,26.1,3,2415.12,26.7,0,2442.6,26.6,0,3021.6,28.5,7
"2026-03-30 15:00:00",1830,802,"Chapada_Low",11.85,"NAN","NAN","NAN",2452.96,26.7,0,2592.03,27.9,0,2996.15,27.5,0,3630.19,27,23,2839.15,27.3,0,2411.74,27.9,0,2440.54,27.3,0,3018.87,29.8,0
"2026-03-30 15:15:00",1831,802,"Chapada_Low",11.85,"NAN","NAN","NAN",2450.81,27.1,0,2591.24,28.3,0,2991.98,28,0,3627.97,27,0,2836.47,28.4,11,2409.81,29.4,0,2439.43,27.6,0,3017.73,30,1
"2026-03-30 15:30:00",1832,802,"Chapada_Low",11.85,"NAN","NAN","NAN",2448.48,26.8,0,2588.19,27.6,0,2991.88,27.5,0,3629.65,26.6,12,2835.56,27.6,4,2409.14,28.9,0,2437.35,27.5,0,3018.83,28.8,0
"2026-03-30 15:45:00",1833,802,"Chapada_Low",11.85,"NAN","NAN","NAN",2448.57,25.8,1,2587.8,26.5,0,2990.95,26.2,0,3632.29,25.6,4,2837.5,26.2,2,2412.2,27,0,2439.03,26.5,0,3020.43,27.5,0
"2026-03-30 16:00:00",1834,802,"Chapada_Low",11.85,"NAN","NAN","NAN",2451.2,25.3,0,2588.92,25.8,0,2993.12,25.5,0,3634.55,25,3,2839.23,25.4,0,2414.63,26,0,2439.95,25.8,0,3021.89,26.5,1
"2026-03-30 16:15:00",1835,802,"Chapada_Low",11.85,"NAN","NAN","NAN",2451.2,25.1,3,2588.73,25.3,1,2993.58,24.9,0,3635.7,24.6,2,2842.17,24.9,12,2414.9,25.4,0,2440.39,25.4,0,3023.33,25.9,8
"2026-03-30 16:30:00",1836,802,"Chapada_Low",11.85,"NAN","NAN","NAN",2451.58,24.7,0,2588.96,25,0,2995.59,24.5,0,3637.44,24.1,2,2843.8,24.4,0,2415.71,24.7,0,2439.01,24.9,0,3022.95,25.3,0
"2026-03-30 16:45:00",1837,802,"Chapada_Low",11.85,"NAN","NAN","NAN",2451.29,25,2,2589.6,25.3,2,2995.1,25,0,3635.91,25,0,2841.31,25,5,2416.04,25.3,0,2439.64,25.2,13,3023.95,25.7,0
"2026-03-30 17:00:00",1838,802,"Chapada_Low",11.85,"NAN","NAN","NAN",2450.9,25.4,0,2589.76,25.7,0,2993.97,25.4,0,3634.08,25.4,3,2840.44,26.2,4,2415.17,25.9,0,2438.79,25.6,0,3023.49,26.2,0
"2026-03-30 17:15:00",1839,802,"Chapada_Low",11.85,"NAN","NAN","NAN",2447.15,25.4,0,2587.73,25.5,0,2994.14,25.2,0,3634.57,25.2,8,2840.74,25.8,3,2415.14,26.4,0,2441.07,25.6,0,3023.31,26,0
"2026-03-30 17:30:00",1840,802,"Chapada_Low",11.85,"NAN","NAN","NAN",2447.56,25,0,2589.88,25,0,2994.84,24.7,0,3635.3,24.7,7,2843.55,25.1,3,2415.84,25.6,0,2440.81,25.3,0,3023.69,25.5,3
"2026-03-30 17:45:00",1841,802,"Chapada_Low",11.84,"NAN","NAN","NAN",2446.62,25.3,0,2588.43,25.3,0,2994.59,25,0,3635.5,24.8,7,2842.28,25.3,4,2415.56,25.6,0,2439.03,25.5,8,3023.63,25.9,0
"2026-03-30 18:00:00",1842,802,"Chapada_Low",11.85,"NAN","NAN","NAN",2447.66,25.5,0,2587.66,25.4,0,2994.82,25,0,3634.99,24.9,8,2842.02,25.4,0,2416.52,25.4,0,2438.63,25.6,0,3024.17,25.7,0
"2026-03-30 18:15:00",1843,802,"Chapada_Low",11.85,"NAN","NAN","NAN",2446.77,25,0,2588.89,25.1,0,2996.04,24.6,0,3636.68,24.5,5,2844.51,24.7,8,2417.23,24.9,1,2441.78,25.1,3,3022.93,25.1,0
"2026-03-30 18:30:00",1844,802,"Chapada_Low",11.84,"NAN","NAN","NAN",2447.56,24.5,0,2588.39,24.7,3,2997.25,24.3,0,3639.18,24.1,8,2845.38,24.3,0,2418.36,24.4,0,2440.08,24.7,0,3023.59,24.7,0
"2026-03-30 18:45:00",1845,802,"Chapada_Low",11.84,"NAN","NAN","NAN",2446.27,24,0,2586.72,24.2,0,2997.79,23.8,0,3640.56,23.8,4,2846.85,23.6,1,2418.89,23.9,0,2442.31,24.1,0,3024.86,24.1,0
"2026-03-30 19:00:00",1846,802,"Chapada_Low",11.84,"NAN","NAN","NAN",2446.57,23.4,0,2586.89,23.6,0,2999.47,23.2,0,3641.02,23.3,5,2847.93,23,0,2418.93,23.2,0,2442.54,23.5,0,3025.85,23.5,7
"2026-03-30 19:15:00",1847,802,"Chapada_Low",11.85,"NAN","NAN","NAN",2446.42,22.9,8,2586.77,23.2,0,3001.03,22.8,0,3642.66,22.9,4,2849.49,22.5,5,2421.22,22.7,0,2442.57,23,0,3026.4,23,0
"2026-03-30 19:30:00",1848,802,"Chapada_Low",11.85,"NAN","NAN","NAN",2446.38,22.5,0,2587.3,22.9,0,3002.13,22.4,0,3644.03,22.5,8,2850.03,22.1,0,2421.72,22.3,2,2443.92,22.5,0,3027.35,22.6,3
"2026-03-30 19:45:00",1849,802,"Chapada_Low",11.85,"NAN","NAN","NAN",2446.71,22.2,0,2587.33,22.6,0,3003.64,22.2,0,3645.85,22.3,0,2851,21.8,2,2421.87,22,0,2442.95,22.2,0,3030.29,22.3,1
"2026-03-30 20:00:00",1850,802,"Chapada_Low",11.85,"NAN","NAN","NAN",2447.79,21.9,0,2587.54,22.3,11,3005.25,21.9,0,3647.39,22,7,2851.49,21.5,23,2421.61,21.7,13,2445.24,21.9,0,3031.33,22,0
"2026-03-30 20:15:00",1851,802,"Chapada_Low",11.85,"NAN","NAN","NAN",2449.47,21.8,0,2587.14,22.1,0,3008.59,21.7,0,3647.54,21.8,4,2852.29,21.2,0,2422.3,21.4,0,2445.86,21.7,6,3029.51,21.7,0
"2026-03-30 20:30:00",1852,802,"Chapada_Low",11.85,"NAN","NAN","NAN",2449.93,21.5,0,2587.73,21.9,0,3009.01,21.4,0,3649.95,21.5,3,2852.89,21,0,2423.55,21.1,0,2446.25,21.4,0,3030.33,21.5,0
"2026-03-30 20:45:00",1853,802,"Chapada_Low",11.85,"NAN","NAN","NAN",2449.72,21.3,8,2587.05,21.8,0,3010.21,21.3,0,3650.29,21.3,6,2853.33,20.7,3,2423.37,20.9,0,2444.65,21.2,0,3030.49,21.3,0
"2026-03-30 21:00:00",1854,802,"Chapada_Low",11.85,"NAN","NAN","NAN",2449.61,21.1,0,2587.24,21.6,6,3012.03,21.1,0,3650.61,21.2,23,2854.25,20.5,5,2423.5,20.5,0,2445.02,21,0,3033.03,21.1,0
"2026-03-30 21:15:00",1855,802,"Chapada_Low",11.85,"NAN","NAN","NAN",2449.38,21,0,2588.22,21.4,0,3011.7,20.9,0,3652.5,21,5,2852.8,20.4,17,2424.27,20.4,0,2445.98,20.7,0,3031.93,20.9,7
"2026-03-30 21:30:00",1856,802,"Chapada_Low",11.85,"NAN","NAN","NAN",2450.1,20.9,0,2587.68,21.3,0,3013.66,20.8,0,3652.78,20.9,2,2854.13,20.2,4,2424.9,20.3,0,2445.8,20.6,0,3034.47,20.7,0
"2026-03-30 21:45:00",1857,802,"Chapada_Low",11.85,"NAN","NAN","NAN",2449.1,20.7,0,2588.1,21.1,0,3013.86,20.7,0,3652.96,20.7,13,2859.19,20.1,16,2425.68,20.2,0,2446.14,20.5,0,3034.8,20.6,0
"2026-03-30 22:00:00",1858,802,"Chapada_Low",11.85,"NAN","NAN","NAN",2449.49,20.6,0,2588.26,21,0,3014.99,20.5,0,3653.69,20.6,7,2856.56,19.9,5,2425.66,20.1,0,2446.84,20.4,0,3035.21,20.5,0
"2026-03-30 22:15:00",1859,802,"Chapada_Low",11.85,"NAN","NAN","NAN",2449.06,20.4,0,2588.37,20.9,0,3015.76,20.4,0,3653.62,20.5,4,2850.83,19.8,6,2425.52,19.9,0,2447.04,20.2,0,3033.67,20.4,0
"2026-03-30 22:30:00",1860,802,"Chapada_Low",11.85,"NAN","NAN","NAN",2449.21,20.3,0,2588.58,20.8,0,3014.89,20.4,0,3653.82,20.3,4,2851.61,19.7,0,2427.47,19.8,0,2447.4,20.1,0,3035.69,20.3,2
"2026-03-30 22:45:00",1861,802,"Chapada_Low",11.85,"NAN","NAN","NAN",2450.99,20.3,0,2588.28,20.7,0,3016.32,20.3,0,3654.34,20.3,0,2850.93,19.6,14,2426.46,19.7,0,2447.48,20.1,0,3033.99,20.2,0
"2026-03-30 23:00:00",1862,802,"Chapada_Low",11.85,"NAN","NAN","NAN",2450.27,20.2,14,2589.05,20.7,0,3017.62,20.2,0,3654.43,20.3,1,2851.81,19.5,5,2426.98,19.6,0,2447.44,20,0,3036.12,20.2,0
"2026-03-30 23:15:00",1863,802,"Chapada_Low",11.85,"NAN","NAN","NAN",2449.9,20.2,0,2589,20.7,0,3018.35,20.2,0,3655.76,20.2,8,2852.35,19.5,0,2428.38,19.6,0,2447.88,19.9,0,3034.87,20.1,0
"2026-03-30 23:30:00",1864,802,"Chapada_Low",11.85,"NAN","NAN","NAN",2451.14,20.1,0,2588.14,20.6,0,3019.46,20.1,0,3656.1,20.2,6,2852.85,19.4,9,2426.79,19.5,0,2447.84,19.8,11,3036.66,20,0
"2026-03-30 23:45:00",1865,802,"Chapada_Low",11.85,"NAN","NAN","NAN",2451.65,20,0,2588.59,20.5,3,3018.66,20,0,3656.4,20.1,0,2854.54,19.4,2,2429.25,19.5,0,2448.24,19.8,1,3037.4,20,0
"2026-03-31 00:00:00",1866,802,"Chapada_Low",11.85,"NAN","NAN","NAN",2451.65,20,0,2588.55,20.5,0,3020.75,20.1,0,3657.72,20.1,4,2855.22,19.4,10,2429.06,19.6,0,2448.82,19.9,0,3035.18,20,5
"2026-03-31 00:15:00",1867,802,"Chapada_Low",11.85,"NAN","NAN","NAN",2452.48,20,0,2589.08,20.5,0,3020.75,20,0,3657.85,20,3,2853.54,19.4,0,2428.2,19.6,0,2449.36,19.9,6,3035.24,20,0
"2026-03-31 00:30:00",1868,802,"Chapada_Low",11.85,"NAN","NAN","NAN",2452.04,20,0,2588.9,20.5,0,3021.48,20,0,3657.73,20,7,2853.18,19.3,0,2429.49,19.6,0,2449.47,19.9,0,3035.85,19.9,0
"2026-03-31 00:45:00",1869,802,"Chapada_Low",11.85,"NAN","NAN","NAN",2451.98,19.9,0,2588.87,20.4,0,3021.82,19.9,0,3657.86,20,5,2855.3,19.3,0,2428.31,19.4,0,2449.08,19.7,2,3038.18,19.8,0
"2026-03-31 01:00:00",1870,802,"Chapada_Low",11.85,"NAN","NAN","NAN",2452.15,19.9,0,2589.33,20.3,0,3023.19,19.9,0,3658.15,19.9,3,2855.15,19.2,3,2430.17,19.3,0,2450.02,19.6,0,3036.39,19.7,0
"2026-03-31 01:15:00",1871,802,"Chapada_Low",11.85,"NAN","NAN","NAN",2452.42,19.8,0,2588.89,20.2,0,3023.49,19.7,0,3658.69,19.8,3,2856.64,19.1,2,2430.43,19.2,0,2449.73,19.5,0,3038.67,19.6,0
"2026-03-31 01:30:00",1872,802,"Chapada_Low",11.85,"NAN","NAN","NAN",2452.4,19.7,0,2589.09,20.1,0,3024.32,19.6,0,3658.7,19.7,4,2856.06,19,7,2429.61,19.1,0,2452.43,19.4,0,3039.41,19.5,0
"2026-03-31 01:45:00",1873,802,"Chapada_Low",11.85,"NAN","NAN","NAN",2451.69,19.6,0,2588.77,20,1,3024.65,19.6,0,3658.63,19.6,3,2856.84,18.9,0,2428.72,19.1,0,2450.7,19.4,0,3039.19,19.5,0
"2026-03-31 02:00:00",1874,802,"Chapada_Low",11.85,"NAN","NAN","NAN",2453.32,19.6,0,2589.47,20,0,3026.36,19.5,0,3660.13,19.6,10,2856.55,18.9,5,2429.44,19,0,2453.25,19.3,1,3037.1,19.4,0
"2026-03-31 02:15:00",1875,802,"Chapada_Low",11.84,"NAN","NAN","NAN",2452.25,19.5,0,2589.47,19.9,0,3026.44,19.5,0,3660.55,19.4,2,2857.1,18.8,16,2429.68,19,0,2451.72,19.2,0,3037.71,19.3,2
"2026-03-31 02:30:00",1876,802,"Chapada_Low",11.85,"NAN","NAN","NAN",2452.06,19.4,0,2589.33,19.9,4,3027.26,19.4,0,3661.16,19.4,2,2855.72,18.7,0,2430.46,18.8,0,2451.34,19.2,4,3037.74,19.3,0
"2026-03-31 02:45:00",1877,802,"Chapada_Low",11.85,"NAN","NAN","NAN",2451.29,19.4,17,2589.48,19.8,0,3027.85,19.4,0,3661.15,19.3,6,2857.96,18.6,0,2430.56,18.8,4,2451.93,19,0,3038.07,19.2,0
"2026-03-31 03:00:00",1878,802,"Chapada_Low",11.85,"NAN","NAN","NAN",2453.18,19.3,0,2589.6,19.8,0,3028.85,19.3,0,3661.19,19.3,0,2855.99,18.6,2,2430.76,18.7,0,2452.58,19,6,3039.06,19.1,0
"2026-03-31 03:15:00",1879,802,"Chapada_Low",11.85,"NAN","NAN","NAN",2452.84,19.3,0,2589.87,19.7,0,3029.57,19.3,0,3661.99,19.3,0,2857.9,18.6,13,2429.96,18.7,0,2452.68,19,0,3038.66,19.1,0
"2026-03-31 03:30:00",1880,802,"Chapada_Low",11.85,"NAN","NAN","NAN",2453.12,19.2,0,2590,19.7,0,3029.59,19.3,0,3661.77,19.3,3,2856.44,18.5,2,2430.89,18.7,7,2452.66,19,2,3038.82,19.1,0
"2026-03-31 03:45:00",1881,802,"Chapada_Low",11.85,"NAN","NAN","NAN",2454.09,19.2,0,2590.2,19.7,0,3029.25,19.3,0,3662.12,19.3,19,2856.54,18.5,0,2431.23,18.7,0,2453.12,19,6,3038.88,19.1,0
"2026-03-31 04:00:00",1882,802,"Chapada_Low",11.85,"NAN","NAN","NAN",2453.64,19.2,0,2589.93,19.7,19,3029.62,19.3,0,3662.55,19.2,13,2856.59,18.5,3,2430.97,18.7,0,2453.56,19,0,3039.18,19.1,0
"2026-03-31 04:15:00",1883,802,"Chapada_Low",11.85,"NAN","NAN","NAN",2453.06,19.2,0,2590.63,19.7,2,3030.04,19.2,0,3662.76,19.2,2,2856.6,18.5,0,2431.83,18.8,0,2453.83,19,0,3038.93,19.1,0
"2026-03-31 04:30:00",1884,802,"Chapada_Low",11.85,"NAN","NAN","NAN",2452.79,19.2,0,2589.86,19.7,1,3030.46,19.2,0,3663.41,19.2,6,2857,18.5,5,2433.1,18.6,0,2454.31,18.9,9,3039.16,19.1,0
"2026-03-31 04:45:00",1885,802,"Chapada_Low",11.85,"NAN","NAN","NAN",2454.11,19.1,0,2589.88,19.6,0,3055.74,19.2,0,3663.27,19.1,21,2857.55,18.4,0,2432.56,18.5,0,2454.36,18.8,7,3039.32,19,0
"2026-03-31 05:00:00",1886,802,"Chapada_Low",11.85,"NAN","NAN","NAN",2453.68,19,0,2590.64,19.5,0,3051.37,19.1,0,3663.44,19.1,5,2859.36,18.3,0,2431.98,18.5,0,2454.56,18.8,0,3039.62,18.9,0
"2026-03-31 05:15:00",1887,802,"Chapada_Low",11.85,"NAN","NAN","NAN",2454.11,19,0,2590.47,19.4,0,3038.39,19,0,3662.84,19,1,2857.89,18.2,3,2431.86,18.4,0,2454.38,18.7,0,3039.81,18.8,1
"2026-03-31 05:30:00",1888,802,"Chapada_Low",11.85,"NAN","NAN","NAN",2454.4,19.1,0,2590.3,19.4,0,3019.5,19,0,3664,18.9,8,2858.05,18.3,0,2432.36,18.4,0,2454.66,18.7,0,3039.79,18.8,2
"2026-03-31 05:45:00",1889,802,"Chapada_Low",11.85,"NAN","NAN","NAN",2454.56,19.2,0,2590.19,19.4,0,3019.9,19.1,0,3664.28,19,4,2858.13,18.4,0,2432.3,18.6,0,2454.36,18.8,0,3039.89,18.9,2
"2026-03-31 06:00:00",1890,802,"Chapada_Low",11.85,"NAN","NAN","NAN",2453.86,19.2,0,2589.7,19.5,0,3020.93,19.1,0,3664.74,19.1,5,2857.86,18.5,0,2432.65,18.7,0,2454.64,18.9,0,3039.55,19,0
"2026-03-31 06:15:00",1891,802,"Chapada_Low",11.85,"NAN","NAN","NAN",2453.5,19.3,7,2590.99,19.6,0,3020.05,19.2,0,3664.16,19.1,0,2860.49,18.5,0,2433.44,18.7,8,2457.13,19,0,3039.57,19,0
"2026-03-31 06:30:00",1892,802,"Chapada_Low",11.85,"NAN","NAN","NAN",2455.3,19.2,0,2590.71,19.5,0,3019.72,19.1,1,3665.16,19.1,9,2858.11,18.5,0,2432.67,18.6,0,2457.69,18.8,0,3040.13,18.9,0
"2026-03-31 06:45:00",1893,802,"Chapada_Low",11.85,"NAN","NAN","NAN",2454.48,19,0,2590.59,19.4,0,3018.47,19,0,3664.67,19,0,2858.5,18.3,0,2432.6,18.4,0,2455.61,18.7,0,3040.36,18.8,0
"2026-03-31 07:00:00",1894,802,"Chapada_Low",11.85,"NAN","NAN","NAN",2453.82,19,0,2590.54,19.4,0,3018.81,19,0,3665.69,18.9,1,2858.46,18.3,0,2433.1,18.5,0,2455.6,18.7,20,3040.97,18.8,1
"2026-03-31 07:15:00",1895,802,"Chapada_Low",11.85,"NAN","NAN","NAN",2453.78,19.1,3,2590.74,19.4,1,3019.2,19,0,3666.43,19.1,0,2858.3,18.4,4,2433.32,18.5,0,2456.02,18.9,13,3040.22,18.9,0
"2026-03-31 07:30:00",1896,802,"Chapada_Low",11.85,"NAN","NAN","NAN",2455.2,19.4,0,2589.88,19.5,0,3018.73,19.3,0,3665.66,19.3,0,2860.76,18.6,7,2432.7,18.7,0,2458.5,19.1,0,3040.44,19.1,2
"2026-03-31 07:45:00",1897,802,"Chapada_Low",11.85,"NAN","NAN","NAN",2454.72,20,0,2590.6,19.8,0,3018.51,19.5,0,3666.07,19.5,9,2860.45,18.9,1,2433.53,19,0,2455.48,19.3,3,3042.22,19.4,0
"2026-03-31 08:00:00",1898,802,"Chapada_Low",11.85,"NAN","NAN","NAN",2454.12,20.6,3,2590.57,20.3,0,3017.99,19.8,16,3665.33,19.7,0,2859.01,19.2,2,2431.26,19.5,9,2455.43,19.5,23,3038.99,20,16
"2026-03-31 08:15:00",1899,802,"Chapada_Low",11.85,"NAN","NAN","NAN",2454.14,21.2,0,2590.56,20.8,0,3015.34,20.1,0,3665.04,19.9,10,2860.16,20.1,3,2430.98,20.4,5,2454.88,20.2,0,3039.35,20.9,0
"2026-03-31 08:30:00",1900,802,"Chapada_Low",11.85,"NAN","NAN","NAN",2454.12,21.6,0,2590.8,21.3,0,3014.69,20.2,0,3662.21,20.8,5,2858.66,21,9,2430.4,21.1,0,2456.19,21.4,0,3038.02,21.6,0
"2026-03-31 08:45:00",1901,802,"Chapada_Low",11.84,"NAN","NAN","NAN",2454.68,22.2,0,2590.61,21.8,0,3011.32,20.6,0,3658.88,21.7,6,2857.57,22,8,2429.87,21.9,0,2455.33,22.1,0,3034.59,22.4,1
"2026-03-31 09:00:00",1902,802,"Chapada_Low",11.85,"NAN","NAN","NAN",2452.66,23,0,2590.36,22.3,0,3008.62,20.9,0,3655.24,22.6,1,2854.94,22.9,0,2427.57,22.8,0,2454.34,23,0,3035.74,23,0
"2026-03-31 09:15:00",1903,802,"Chapada_Low",11.85,"NAN","NAN","NAN",2452.76,23.5,0,2590.49,23.4,0,3007.94,21.2,0,3652.93,23.3,5,2853.06,23.7,3,2426.49,23.5,0,2453.38,23.8,5,3032.04,23.6,0
"2026-03-31 09:30:00",1904,802,"Chapada_Low",11.85,"NAN","NAN","NAN",2451.19,24,0,2590.34,23.5,0,3002.77,22.2,0,3650.47,24.1,5,2851.11,24.4,5,2425.18,24.4,0,2451.51,24.9,0,3030.13,24.5,0
"2026-03-31 09:45:00",1905,802,"Chapada_Low",11.85,"NAN","NAN","NAN",2450.09,24.6,0,2589.66,23.9,0,2998.51,22.7,0,3646.08,25.2,6,2847.12,25.4,0,2422.02,25.2,0,2447.79,26,2,3029.63,25.3,0
"2026-03-31 10:00:00",1906,802,"Chapada_Low",11.85,"NAN","NAN","NAN",2449.38,25.3,0,2589.73,24.2,0,2993.88,23.5,0,3643.71,25.3,8,2843.79,26.4,4,2419.89,26.7,0,2446.27,27.1,0,3028.15,26.1,0
"2026-03-31 10:15:00",1907,802,"Chapada_Low",11.85,"NAN","NAN","NAN",2448.12,26.1,0,2589.59,24.5,0,2988.7,24.3,0,3640.4,25.7,0,2841.31,26.7,0,2417.18,27.3,3,2445.03,28.9,0,3026.06,26.8,0
"2026-03-31 10:30:00",1908,802,"Chapada_Low",11.85,"NAN","NAN","NAN",2447.72,26.9,0,2589.53,24.9,0,2985.07,24.9,0,3640,26,24,2838.9,27.1,0,2414.63,27.6,0,2442.41,29.8,0,3024.28,27.3,0
"2026-03-31 10:45:00",1909,802,"Chapada_Low",11.85,"NAN","NAN","NAN",2445.45,27.5,0,2588.79,25.1,6,2983.02,25.5,0,3638.09,26.3,3,2837.32,27.4,5,2413.93,27.8,0,2438.12,30.5,0,3024.15,26.9,0
"2026-03-31 11:00:00",1910,802,"Chapada_Low",11.85,"NAN","NAN","NAN",2441.99,28.2,5,2589.04,25.5,0,2976.19,25.9,0,3636.52,26.5,4,2835.54,27.6,0,2412.57,28.1,0,2435.96,31.2,1,3023.37,26.8,0
"2026-03-31 11:15:00",1911,802,"Chapada_Low",11.85,"NAN","NAN","NAN",2440.58,28.2,0,2588.28,26,0,2973.88,26.7,0,3635.4,26.7,6,2834.35,27.7,4,2411.69,28.3,0,2434.58,31.7,0,3021.78,27.3,0
"2026-03-31 11:30:00",1912,802,"Chapada_Low",11.85,"NAN","NAN","NAN",2441.56,28.3,3,2589.59,26.4,4,2969.46,27,3,3633.04,27.2,4,2832.51,27.8,0,2410.72,28.4,0,2433.07,31.9,0,3018.48,28.8,0
"2026-03-31 11:45:00",1913,802,"Chapada_Low",11.84,"NAN","NAN","NAN",2440.47,28.4,0,2587.26,27,0,2965.66,27.1,4,3631.08,27.3,0,2831.54,28.8,0,2409.43,28.5,0,2432.18,32,0,3015.92,30.2,0
"2026-03-31 12:00:00",1914,802,"Chapada_Low",11.84,"NAN","NAN","NAN",2438.53,28.4,0,2586.39,27.5,0,2955.89,27.2,0,3631.31,27.3,3,2830.24,28.7,1,2408.48,29.4,0,2431.19,31.8,0,3013.01,31.1,0
"2026-03-31 12:15:00",1915,802,"Chapada_Low",11.84,"NAN","NAN","NAN",2437.52,28.3,0,2585.58,27.7,3,2953.62,27.3,0,3630.17,27.4,5,2829.35,28.7,4,2407.52,29.2,0,2430.32,31.9,0,3008.99,31.8,0
"2026-03-31 12:30:00",1916,802,"Chapada_Low",11.84,"NAN","NAN","NAN",2435.5,28,0,2583.6,27.5,0,2953.96,27,0,3630.29,27.1,5,2828.27,28.3,6,2407.29,28.7,0,2430.68,30.8,0,3009.99,31.4,0
"2026-03-31 12:45:00",1917,802,"Chapada_Low",11.84,"NAN","NAN","NAN",2436.54,28.2,0,2583.2,27.8,1,2949.8,27,0,3629.35,27.2,7,2827.7,28.3,10,2407.02,28.7,0,2429.58,30.4,0,3008.86,31.6,0
"2026-03-31 13:00:00",1918,802,"Chapada_Low",11.85,"NAN","NAN","NAN",2434.4,27.8,0,2584.64,27.9,0,2950.47,26.6,0,3630.05,26.8,7,2828.37,28,0,2406.9,28.2,0,2429.93,29.6,0,3009.36,30.5,0
"2026-03-31 13:15:00",1919,802,"Chapada_Low",11.85,"NAN","NAN","NAN",2433.46,27.9,0,2584.3,28.1,17,2948.57,27.4,0,3628.58,27.1,2,2827.14,28.3,0,2406.69,28.5,0,2430.13,29.6,1,3010.15,30.2,0
"2026-03-31 13:30:00",1920,802,"Chapada_Low",11.84,"NAN","NAN","NAN",2434.2,27.8,0,2583.51,27.9,6,2946.39,27,0,3627.81,27.5,5,2827.17,28.4,3,2406.85,28.3,0,2429.72,29.4,0,3010.36,29.8,0
"2026-03-31 13:45:00",1921,802,"Chapada_Low",11.84,"NAN","NAN","NAN",2432.36,28,0,2581.01,28,0,2944.93,27.1,0,3626.89,27.5,9,2825.18,29,7,2405.84,29.3,0,2430.49,29.4,0,3009.39,29.8,0
"2026-03-31 14:00:00",1922,802,"Chapada_Low",11.84,"NAN","NAN","NAN",2430.98,28.1,0,2580.57,28.1,0,2940.59,27.3,0,3626.46,27.5,6,2824.39,28.8,6,2403.91,29.4,0,2427.96,30,0,3007.84,30.5,0
"2026-03-31 14:15:00",1923,802,"Chapada_Low",11.84,"NAN","NAN","NAN",2430.3,28,3,2582.32,28,1,2939.14,27.5,0,3626.14,27.4,18,2824.36,28.6,0,2403.98,28.9,0,2427.96,29.6,0,3005.92,31.6,0
"2026-03-31 14:30:00",1924,802,"Chapada_Low",11.84,"NAN","NAN","NAN",2429.66,27.5,0,2579.83,27.4,0,2940.01,27,0,3627.17,26.9,9,2824.34,27.8,2,2405.4,28.1,0,2428.26,28.6,0,3006.69,30.3,0
"2026-03-31 14:45:00",1925,802,"Chapada_Low",11.84,"NAN","NAN","NAN",2430.41,28.1,0,2581.25,28.3,7,2936.37,27.6,2,3625.25,27.1,11,2824.02,28.2,0,2404.25,28.5,0,2428.56,28.6,0,3005.45,31.1,0
"2026-03-31 15:00:00",1926,802,"Chapada_Low",11.84,"NAN","NAN","NAN",2429.08,27.6,0,2581.55,28.4,7,2935.39,27.5,0,3626.52,26.9,9,2823.77,27.8,3,2404.01,28.1,0,2428.35,28.1,0,3005.63,30.2,3
"2026-03-31 15:15:00",1927,802,"Chapada_Low",11.84,"NAN","NAN","NAN",2428.35,27.3,0,2578.53,27.8,7,2931.81,27.4,0,3627.3,27,6,2824.07,27.4,11,2405.41,27.7,0,2429.84,27.8,0,3006.41,29.3,1
"2026-03-31 15:30:00",1928,802,"Chapada_Low",11.84,"NAN","NAN","NAN",2429.11,27.4,0,2579.96,27.9,7,2930.91,27.4,0,3625.59,27.1,0,2823.5,28.4,8,2404.74,27.9,0,2429.37,27.7,1,3006.14,29.3,2
"2026-03-31 15:45:00",1929,802,"Chapada_Low",11.84,"NAN","NAN","NAN",2428.59,27.5,0,2577.43,28,9,2930.55,27.6,0,3623.97,27.2,8,2822.99,28.2,0,2404.24,29.1,0,2427.94,27.8,7,3006.13,29.2,0
"2026-03-31 16:00:00",1930,802,"Chapada_Low",11.84,"NAN","NAN","NAN",2428.51,27.6,0,2579.88,28.1,6,2929.91,27.6,0,3624.64,27.2,6,2822.34,28.1,10,2404.31,28.9,0,2427.5,28.2,0,3006.28,29.1,0
"2026-03-31 16:15:00",1931,802,"Chapada_Low",11.84,"NAN","NAN","NAN",2427.69,27.7,0,2579.71,28.1,1,2928.47,27.7,0,3624.26,27.5,7,2821.8,28.3,2,2402.55,29.1,0,2429.31,28,0,3005.62,29.3,0
"2026-03-31 16:30:00",1932,802,"Chapada_Low",11.84,"NAN","NAN","NAN",2427.73,28.1,0,2577.17,28,0,2927.81,27.6,0,3624.09,27.5,6,2821.08,28.1,1,2402.08,28.9,0,2427.83,27.8,0,3006.27,28.8,0
"2026-03-31 16:45:00",1933,802,"Chapada_Low",11.84,"NAN","NAN","NAN",2426.68,27.9,0,2576.88,28.2,0,2927.36,27.3,0,3624.78,27.3,10,2821.06,27.7,2,2402.26,28.4,0,2427.6,27.5,0,3006.58,28.4,0
"2026-03-31 17:00:00",1934,802,"Chapada_Low",11.84,"NAN","NAN","NAN",2425.56,26.7,0,2578.64,26.8,1,2927.77,26.2,0,3628.36,26.1,2,2823.47,26.3,0,2405.89,26.8,2,2429.85,26.5,3,3007.88,27,0
"2026-03-31 17:15:00",1935,802,"Chapada_Low",11.84,"NAN","NAN","NAN",2426.26,26.2,0,2576.28,26.2,0,2929.87,25.6,0,3629.2,25.8,5,2824.76,25.8,0,2407.71,26.1,0,2429.66,26,0,3009.24,26.4,0
"2026-03-31 17:30:00",1936,802,"Chapada_Low",11.84,"NAN","NAN","NAN",2425.35,25.7,0,2576.53,25.7,0,2932.51,25,0,3630.14,25.3,7,2826.14,25.4,0,2408.95,25.6,0,2430.54,25.6,0,3010.49,25.8,0
"2026-03-31 17:45:00",1937,802,"Chapada_Low",11.84,"NAN","NAN","NAN",2425.94,25.2,0,2576.24,25.2,0,2935.61,24.5,0,3632.68,24.7,7,2829.69,24.8,9,2410.03,25.1,0,2429.89,25.2,0,3009.99,25.3,0
"2026-03-31 18:00:00",1938,802,"Chapada_Low",11.84,"NAN","NAN","NAN",2427.76,24.8,0,2578.52,24.8,15,2936.4,24.1,0,3633.99,24.3,9,2831.04,24.3,1,2411.62,24.6,0,2429.76,24.8,0,3010.91,25,0
"2026-03-31 18:15:00",1939,802,"Chapada_Low",11.84,"NAN","NAN","NAN",2426.4,24.6,0,2576.63,24.5,0,2938.63,23.9,5,3635.28,24.1,4,2832.12,24.1,2,2411.93,24.3,0,2431.86,24.5,0,3013.64,24.6,0
"2026-03-31 18:30:00",1940,802,"Chapada_Low",11.84,"NAN","NAN","NAN",2425.95,24.4,0,2577.17,24.4,0,2938.64,23.7,0,3635.83,23.9,6,2832.59,23.9,0,2412.15,24,0,2430.84,24.3,0,3012.29,24.3,0
"2026-03-31 18:45:00",1941,802,"Chapada_Low",11.84,"NAN","NAN","NAN",2428.32,24,8,2576.53,24,0,2939.97,23.3,0,3637.72,23.5,3,2834.08,23.4,0,2413.15,23.6,0,2433.04,23.9,0,3013.59,23.8,0
"2026-03-31 19:00:00",1942,802,"Chapada_Low",11.85,"NAN","NAN","NAN",2427.83,23.6,0,2576.92,23.6,0,2942.01,22.9,0,3639.21,23.1,0,2834.92,22.9,2,2413.67,23.2,2,2433.24,23.4,0,3014.36,23.3,0
"2026-03-31 19:15:00",1943,802,"Chapada_Low",11.84,"NAN","NAN","NAN",2427.73,23.2,0,2577.01,23.3,0,2942.96,22.7,0,3639.87,22.9,14,2836.15,22.5,1,2413.76,22.9,0,2432.27,23.1,1,3015.14,23,0
"2026-03-31 19:30:00",1944,802,"Chapada_Low",11.84,"NAN","NAN","NAN",2428.79,23,0,2577.45,23.1,0,2944.38,22.5,0,3639.97,22.8,0,2837.64,22.3,0,2415.63,22.5,0,2433.53,22.8,0,3017.81,22.8,0
"2026-03-31 19:45:00",1945,802,"Chapada_Low",11.84,"NAN","NAN","NAN",2429.2,22.7,0,2577.08,22.9,0,2945.13,22.2,0,3642.94,22.5,0,2837.71,22,0,2416.31,22.3,0,2432.11,22.5,0,3016.38,22.5,5
"2026-03-31 20:00:00",1946,802,"Chapada_Low",11.84,"NAN","NAN","NAN",2429.59,22.4,0,2577.29,22.7,0,2946.54,22.1,0,3643.31,22.3,5,2839.01,21.8,1,2416.98,22.1,0,2433.14,22.2,0,3016.97,22.2,2
"2026-03-31 20:15:00",1947,802,"Chapada_Low",11.84,"NAN","NAN","NAN",2428.66,22.2,0,2577.15,22.4,0,2947.31,21.9,0,3643.75,22.2,8,2839.23,21.6,1,2416.84,21.9,0,2434.66,22,0,3020.03,22,3
"2026-03-31 20:30:00",1948,802,"Chapada_Low",11.84,"NAN","NAN","NAN",2428.01,22.1,0,2577.95,22.3,0,2948.41,21.7,0,3644.28,22,4,2840,21.4,2,2417.28,21.7,0,2435.62,21.9,0,3020.12,21.8,0
"2026-03-31 20:45:00",1949,802,"Chapada_Low",11.84,"NAN","NAN","NAN",2428.36,22,0,2577.74,22.1,0,2952.13,21.6,2,3645.44,21.9,0,2840.49,21.3,2,2417.41,21.6,0,2433.63,21.7,2,3020.63,21.7,0
"2026-03-31 21:00:00",1950,802,"Chapada_Low",11.84,"NAN","NAN","NAN",2427.99,22,0,2577.77,22,0,2953.13,21.5,0,3645.71,21.7,7,2841.17,21.2,3,2417.69,21.4,1,2434.54,21.7,0,3021.1,21.6,0
"2026-03-31 21:15:00",1951,802,"Chapada_Low",11.84,"NAN","NAN","NAN",2428.23,21.9,0,2578.03,22,0,2953.36,21.5,0,3646.12,21.7,9,2842.04,21.1,1,2417.5,21.3,0,2436.93,21.6,0,3021.66,21.5,0
"2026-03-31 21:30:00",1952,802,"Chapada_Low",11.85,"NAN","NAN","NAN",2429.35,21.9,0,2577.64,21.9,4,2954.15,21.4,0,3646.44,21.6,8,2842.02,21.1,0,2418.01,21.2,0,2434.75,21.5,0,3021.58,21.5,0
"2026-03-31 21:45:00",1953,802,"Chapada_Low",11.85,"NAN","NAN","NAN",2429.25,21.8,0,2577.45,21.9,15,2954.38,21.3,0,3645.95,21.6,5,2843.16,21,0,2417.87,21.2,0,2437.81,21.4,0,3020.08,21.4,4
"2026-03-31 22:00:00",1954,802,"Chapada_Low",11.84,"NAN","NAN","NAN",2430.43,21.6,14,2578.63,21.8,0,2955.52,21.2,0,3646.24,21.5,7,2842.88,20.9,0,2418.1,21.1,0,2435.85,21.4,0,3020.2,21.3,0
"2026-03-31 22:15:00",1955,802,"Chapada_Low",11.85,"NAN","NAN","NAN",2431.71,21.6,0,2578.01,21.8,0,2954.98,21.2,0,3646.22,21.5,1,2843.57,20.9,2,2418.19,21.1,0,2438.22,21.3,0,3022.9,21.3,0
"2026-03-31 22:30:00",1956,802,"Chapada_Low",11.85,"NAN","NAN","NAN",2432,21.6,0,2578.12,21.7,4,2956.49,21.2,4,3647.27,21.5,2,2843.19,20.9,0,2418.64,21.1,0,2435.7,21.3,0,3023.02,21.3,0
"2026-03-31 22:45:00",1957,802,"Chapada_Low",11.84,"NAN","NAN","NAN",2431.43,21.5,0,2578.2,21.7,3,2956.82,21.1,0,3647.64,21.4,7,2844.06,20.9,0,2419.41,21,0,2435.92,21.3,0,3021.28,21.2,3
"2026-03-31 23:00:00",1958,802,"Chapada_Low",11.84,"NAN","NAN","NAN",2432.05,21.6,0,2578.65,21.7,0,2958.05,21.1,0,3647.29,21.4,0,2844.39,20.8,4,2419.2,21,0,2437.25,21.3,0,3021.04,21.2,0
"2026-03-31 23:15:00",1959,802,"Chapada_Low",11.84,"NAN","NAN","NAN",2431.6,21.6,0,2578.32,21.7,0,2958.57,21.1,0,3647.98,21.4,4,2844.81,20.9,2,2419.77,21,0,2438.67,21.3,5,3021.11,21.3,0
"2026-03-31 23:30:00",1960,802,"Chapada_Low",11.83,"NAN","NAN","NAN",2432.45,21.5,0,2578.26,21.7,0,2957.63,21.1,0,3648.2,21.4,2,2844.9,20.8,0,2419.43,21,0,2438.8,21.2,0,3021.21,21.2,4
"2026-03-31 23:45:00",1961,802,"Chapada_Low",11.84,"NAN","NAN","NAN",2431.54,21.4,0,2579.04,21.6,0,2959.2,21,0,3647.9,21.3,11,2845.5,20.7,2,2419.6,20.9,0,2439.5,21.2,0,3021.62,21.1,0
"2026-04-01 00:00:00",1962,802,"Chapada_Low",11.85,"NAN","NAN","NAN",2429.11,21.3,0,2579.05,21.6,0,2957.65,21,0,3649.46,21.2,5,2845.57,20.7,6,2419.36,20.8,0,2437.21,21.1,0,3021.72,21.1,0
"2026-04-01 00:15:00",1963,802,"Chapada_Low",11.84,"NAN","NAN","NAN",2429.75,21.2,0,2579.03,21.5,2,2958.99,21,0,3651.19,21.2,0,2845.57,20.6,3,2420.22,20.8,3,2437.27,21,0,3022.66,21,0
"2026-04-01 00:30:00",1964,802,"Chapada_Low",11.85,"NAN","NAN","NAN",2429.44,21.2,0,2578.89,21.5,0,2959.15,20.9,0,3651.27,21.1,3,2846.26,20.6,6,2419.97,20.8,0,2439.95,21,0,3024.47,21,0
"2026-04-01 00:45:00",1965,802,"Chapada_Low",11.84,"NAN","NAN","NAN",2430.4,21.1,0,2578.86,21.4,0,2958.75,20.9,0,3651.14,21.1,0,2846.49,20.6,0,2420.3,20.8,0,2437.73,21,0,3022.25,21,0
"2026-04-01 01:00:00",1966,802,"Chapada_Low",11.85,"NAN","NAN","NAN",2429.3,21.1,0,2579.2,21.4,0,2960.17,20.8,0,3650.78,21.1,4,2846.81,20.5,4,2420.11,20.7,0,2438.32,20.9,0,3022.94,20.9,0
"2026-04-01 01:15:00",1967,802,"Chapada_Low",11.85,"NAN","NAN","NAN",2429.75,21.1,0,2579.6,21.4,0,2960.21,20.8,0,3651.98,21.1,4,2846.86,20.5,3,2420.87,20.7,0,2440.67,20.9,0,3024.85,20.9,0
"2026-04-01 01:30:00",1968,802,"Chapada_Low",11.84,"NAN","NAN","NAN",2430.02,21.1,0,2579.67,21.4,0,2960.9,20.8,0,3651.57,21,10,2847.25,20.5,12,2420.31,20.7,0,2439.83,20.9,0,3022.87,20.9,0
