"TOA5","Chapada_Low","CR1000X","73482","CR1000X.8.3.0","CPU:Brazil_beta_v091925v4.CR1X","25590","Teros12Table"
"TIMESTAMP","RECORD","PB","Statname","BattV_Avg","Teros12(1,1)","Teros12(1,2)","Teros12(1,3)","Teros12(2,1)","Teros12(2,2)","Teros12(2,3)","Teros12(3,1)","Teros12(3,2)","Teros12(3,3)","Teros12(4,1)","Teros12(4,2)","Teros12(4,3)","Teros12(5,1)","Teros12(5,2)","Teros12(5,3)","Teros12(6,1)","Teros12(6,2)","Teros12(6,3)","Teros12(7,1)","Teros12(7,2)","Teros12(7,3)","Teros12(8,1)","Teros12(8,2)","Teros12(8,3)","Teros12(9,1)","Teros12(9,2)","Teros12(9,3)"
"TS","RN","","","Volts","","","","","","","","","","","","","","","","","","","","","","","","","","",""
"","","Smp","Smp","Avg","Smp","Smp","Smp","Smp","Smp","Smp","Smp","Smp","Smp","Smp","Smp","Smp","Smp","Smp","Smp","Smp","Smp","Smp","Smp","Smp","Smp","Smp","Smp","Smp","Smp","Smp","Smp"
"2025-11-13 13:15:00",2136,802,"Chapada_Low",11.85,2112.08,33.9,0,2007.35,34.2,0,2120.98,35.8,0,2095.67,32.9,0,2019.01,31.3,0,2012.49,32.8,0,2010.14,35.2,0,1980.56,34.7,0,2252.1,36,10
"2025-11-13 13:30:00",2137,802,"Chapada_Low",11.86,2111.57,34.7,0,2006.9,35.1,0,2120.93,37.2,13,2088.76,33.7,0,2018.82,31.8,0,2010.78,33.5,0,2008.73,36,0,1980.63,36,7,2251.97,36.7,0
"2025-11-13 13:45:00",2138,802,"Chapada_Low",11.86,2110.33,32.9,0,2007.04,33,0,2118.32,34.4,0,2091.9,32.3,0,2018.2,30.4,0,2008.92,31.5,0,2009.36,33.4,0,1979.89,33.8,0,2250.48,34.6,0
"2025-11-13 14:00:00",2139,802,"Chapada_Low",11.86,2110.51,32.8,0,2007.92,32.4,0,2117.89,33.8,0,2093.09,31.8,0,2019.25,29.9,7,2008.21,31,0,2009.5,32.7,0,1980.5,33,0,2249.82,33.4,0
"2025-11-13 14:15:00",2140,802,"Chapada_Low",11.86,2109.69,31.7,0,2006.95,31.8,0,2118.47,33,0,2091.41,31.1,0,2021.32,29.4,1,2008.47,30.3,0,2009.94,32,0,1980.42,32.1,0,2249.93,32.5,0
"2025-11-13 14:30:00",2141,802,"Chapada_Low",11.85,2109.72,32.1,0,2007.21,31.9,0,2118.41,34.1,0,2087.51,31.9,0,2020.27,29.8,0,2007.86,30.6,0,2009.18,32.9,0,1980.29,32.6,1,2249.95,32.9,0
"2025-11-13 14:45:00",2142,802,"Chapada_Low",11.86,2110.31,31.1,0,2008.13,31,0,2116.65,32.2,0,2087.89,31,0,2019.52,29.7,0,2007.77,29.6,0,2009.89,31.5,0,1980.68,31.5,5,2251.59,31.7,0
"2025-11-13 15:00:00",2143,802,"Chapada_Low",11.86,2109.48,30.9,10,2007.15,31,0,2116.61,32.1,14,2086.25,30.7,0,2020.06,29.4,0,2007.48,30.5,0,2009.03,31.5,0,1980.52,31.5,0,2251.45,31.6,0
"2025-11-13 15:15:00",2144,802,"Chapada_Low",11.86,2109.16,32.6,0,2007.29,32.5,0,2117.98,35.4,0,2090.59,32.3,12,2019.45,31.1,0,2008.3,32.1,0,2007.01,34.8,0,1980.61,33,0,2247.96,34.2,0
"2025-11-13 15:30:00",2145,802,"Chapada_Low",11.86,2108.74,33.3,0,2007.22,33.4,0,2116.46,36.1,0,2083.72,33.1,0,2017.28,31.6,0,2007.08,32.7,0,2005.21,35.2,0,1979.66,34,7,2245.69,35.1,0
"2025-11-13 15:45:00",2146,802,"Chapada_Low",11.86,2107.48,33.5,0,2006.85,33.1,0,2114.04,35.4,0,2080.78,32.8,0,2015.24,31.4,0,2006.38,32.2,0,2004.29,34.5,0,1979.01,33.8,1,2244.47,34.6,0
"2025-11-13 16:00:00",2147,802,"Chapada_Low",11.85,2107.61,32.6,0,2005.47,32.6,0,2113,33.9,0,2081.44,31.8,0,2017.03,30.4,0,2004.65,31.1,0,2004.9,33,0,1979.27,32.6,2,2243.75,33.2,0
"2025-11-13 16:15:00",2148,802,"Chapada_Low",11.86,2107.66,32.5,0,2006.2,32.7,0,2113.14,34.7,0,2082.11,31.7,0,2016.13,30.7,0,2003.59,31.5,0,2004.13,33.3,0,1978.79,32.7,0,2243.03,33.1,0
"2025-11-13 16:30:00",2149,802,"Chapada_Low",11.85,2106.62,32.6,0,2004.88,32.8,0,2111.83,34.5,0,2079.31,32.4,0,2015.46,31.3,4,2004.83,32,0,2003.21,33.5,0,1978.36,33,0,2241.97,33.1,0
"2025-11-13 16:45:00",2150,802,"Chapada_Low",11.85,2105,32.5,0,2004.52,32.7,0,2111.07,33.8,0,2077.74,32,0,2013.99,32,0,2003.83,32.8,0,2003,33.2,0,1978.68,33.1,0,2240.74,32.8,0
"2025-11-13 17:00:00",2151,802,"Chapada_Low",11.86,2105.43,31.9,0,2004.03,31.9,0,2108.99,32.5,0,2078.24,31.2,0,2014,30.9,0,2003.18,31.9,0,2002.33,32.5,0,1978.18,32.5,0,2240.19,31.9,0
"2025-11-13 17:15:00",2152,802,"Chapada_Low",11.86,2105.28,31.2,0,2004.59,31.2,0,2109.48,31.5,0,2076.97,30.5,0,2013.17,30.2,0,2001.85,30.8,0,2002.71,31.5,0,1978.46,31.7,0,2241.7,31.1,0
"2025-11-13 17:30:00",2153,802,"Chapada_Low",11.86,2104.59,30.6,0,2005.42,30.5,0,2107.32,30.6,0,2077.91,29.8,0,2013.65,29.5,0,2001.54,30,4,2003.28,30.5,0,1978.33,31,0,2242.44,30.9,0
"2025-11-13 17:45:00",2154,802,"Chapada_Low",11.86,2105.04,30.3,4,2004.77,29.8,0,2106.88,29.8,0,2080.37,29.1,0,2014.69,28.9,3,2001.5,29.2,0,2003.68,29.6,0,1979.6,30.3,0,2241.75,29.9,0
"2025-11-13 18:00:00",2155,802,"Chapada_Low",11.86,2105.43,29.4,0,2005.37,29.3,0,2106.77,29,0,2080.49,28.2,0,2014.87,28,0,2001.65,28.3,0,2003.99,28.7,0,1980.06,29.3,0,2242.25,28.9,0
"2025-11-13 18:15:00",2156,802,"Chapada_Low",11.85,2104.28,28.4,0,2005.54,28.2,0,2107.7,28.1,0,2080.13,27.2,0,2016.21,27,0,2001.93,27.2,0,2007.39,27.6,0,1981.03,28.2,2,2243.66,27.7,0
"2025-11-13 18:30:00",2157,802,"Chapada_Low",11.86,2104.36,27.2,0,2004.88,27,0,2106.4,26.8,0,2080.49,26,0,2017.44,25.8,0,2002.7,25.7,4,2007.63,26.4,0,1981.67,26.9,0,2244.6,26.3,0
"2025-11-13 18:45:00",2158,802,"Chapada_Low",11.86,2105.22,25.6,0,2006.18,25.4,0,2106.19,25.3,1,2081.14,24.6,0,2019.83,23.9,0,2004.96,23.8,0,2011.61,24.7,0,1983.57,25.2,0,2244.22,24.5,0
"2025-11-13 19:00:00",2159,802,"Chapada_Low",11.86,2106.15,24,0,2007.37,23.8,0,2106.53,23.9,0,2083.77,23.4,0,2022.82,22.4,0,2007.32,21.9,0,2015.54,23.3,0,1986.67,23.6,0,2246.89,22.9,0
"2025-11-13 19:15:00",2160,802,"Chapada_Low",11.85,2106.35,22.8,0,2009.15,22.6,0,2107.47,22.9,0,2087.17,22.5,0,2026.85,21.5,0,2009.34,20.8,0,2016.86,22.2,0,1989.12,22.3,0,2248.41,21.8,0
"2025-11-13 19:30:00",2161,802,"Chapada_Low",11.86,2105.98,21.9,0,2009.25,21.8,0,2107.34,22.1,0,2088.72,21.6,0,2028.78,20.5,0,2009.73,19.9,6,2019.31,21.2,0,1992.24,21.3,0,2251.58,20.9,0
"2025-11-13 19:45:00",2162,802,"Chapada_Low",11.86,2106,21.2,0,2009.95,21.2,0,2107.61,21.5,13,2090.84,21,0,2031.37,19.9,0,2012.72,19.3,0,2023.47,20.4,0,1994.74,20.5,0,2252.84,20.3,0
"2025-11-13 20:00:00",2163,802,"Chapada_Low",11.86,2106.28,21,0,2011.16,20.7,1,2108.72,21.1,0,2091.65,20.6,0,2033.75,19.7,0,2015.27,19,0,2025.49,20.1,0,1996.59,20.1,0,2253.92,20.2,0
"2025-11-13 20:15:00",2164,802,"Chapada_Low",11.86,2108.2,20.8,0,2011.68,20.4,0,2109.42,20.9,0,2092.48,20.4,0,2035.2,19.6,0,2015.69,18.9,0,2029.2,19.9,0,1999.66,19.9,4,2255.83,20.1,0
"2025-11-13 20:30:00",2165,802,"Chapada_Low",11.86,2109.32,20.7,0,2012.7,20.2,0,2110.33,20.7,0,2094.33,20.2,0,2035.92,19.4,0,2019.02,18.8,2,2029.03,19.7,0,2001.98,19.7,1,2253.6,20,0
"2025-11-13 20:45:00",2166,802,"Chapada_Low",11.86,2109.6,20.6,0,2013.29,20.1,0,2111.19,20.6,0,2094.6,20.1,0,2037.17,19.4,0,2019.05,18.8,0,2032.38,19.7,0,2004.05,19.6,0,2254.99,20,0
"2025-11-13 21:00:00",2167,802,"Chapada_Low",11.86,2110.16,20.6,0,2013.47,20.2,0,2111.22,20.6,0,2095.79,20,0,2038.11,19.4,0,2019.56,18.8,0,2032.06,19.6,0,2007.08,19.5,0,2256.84,19.8,0
"2025-11-13 21:15:00",2168,802,"Chapada_Low",11.86,2110.71,20.5,0,2014.47,20.1,0,2111.61,20.5,0,2097.39,20.1,0,2038.27,19.4,0,2022.89,18.9,0,2032.76,19.6,0,2007.08,19.5,4,2256.12,19.6,0
"2025-11-13 21:30:00",2169,802,"Chapada_Low",11.86,2110.23,20.3,0,2013.8,20,0,2111.7,20.4,0,2096.86,20.1,0,2040.56,19.4,0,2021.38,18.9,0,2036.82,19.6,0,2009.52,19.4,0,2256.89,19.6,0
"2025-11-13 21:45:00",2170,802,"Chapada_Low",11.86,2111.02,20.2,0,2015.27,19.9,0,2112.29,20.3,0,2097.43,20,0,2040.4,19.3,0,2022.44,18.9,0,2035.48,19.5,0,2009.28,19.3,0,2257.72,19.6,0
"2025-11-13 22:00:00",2171,802,"Chapada_Low",11.86,2111.25,20.1,0,2015.6,19.8,0,2112.53,20.2,0,2097.76,19.9,0,2040.3,19.3,0,2023.06,18.8,0,2036.97,19.5,0,2010.99,19.3,0,2259,19.5,0
"2025-11-13 22:15:00",2172,802,"Chapada_Low",11.86,2111.04,20,0,2015.88,19.6,0,2112.35,20.1,0,2097.96,19.8,0,2041.08,19.2,0,2024.19,18.7,0,2038.96,19.4,0,2013.32,19.2,0,2259.1,19.4,0
"2025-11-13 22:30:00",2173,802,"Chapada_Low",11.86,2110.27,19.8,0,2016.37,19.5,0,2113.4,19.9,0,2098.52,19.6,0,2041.69,18.8,0,2027.47,18.4,0,2038.75,19.1,0,2012.74,19,0,2259.98,19.2,0
"2025-11-13 22:45:00",2174,802,"Chapada_Low",11.86,2110.81,19.6,0,2016.55,19.3,0,2112.35,19.6,0,2099.51,19.3,0,2041.77,18.5,0,2027.79,18,0,2039.6,18.9,0,2013.45,18.7,5,2261.17,18.9,0
"2025-11-13 23:00:00",2175,802,"Chapada_Low",11.86,2110.71,19.5,0,2017.67,19.1,0,2113.69,19.5,0,2100.12,19.2,0,2044.39,18.5,0,2028.67,17.9,0,2040.02,18.7,0,2015.79,18.5,4,2261.18,18.9,0
"2025-11-13 23:15:00",2176,802,"Chapada_Low",11.86,2111.52,19.6,0,2018.26,19.2,0,2114.24,19.6,0,2099.75,19.2,0,2044.72,18.6,0,2030,18.1,0,2041.86,18.7,0,2015.88,18.5,12,2262.34,19.1,0
"2025-11-13 23:30:00",2177,802,"Chapada_Low",11.86,2112.43,19.8,0,2017.62,19.5,5,2114.67,19.7,0,2100.28,19.2,0,2044.19,18.7,0,2030.98,18.3,0,2041.98,18.9,0,2017.27,18.7,0,2262.36,19.3,0
"2025-11-13 23:45:00",2178,802,"Chapada_Low",11.86,2113.19,20,0,2018.07,19.6,0,2114.03,19.8,0,2101.52,19.3,0,2045.37,18.8,0,2030.19,18.4,0,2044,18.9,0,2017.74,18.7,2,2262.55,19.3,0
"2025-11-14 00:00:00",2179,802,"Chapada_Low",11.86,2113.02,20.1,0,2018.64,19.7,0,2113.88,19.8,0,2101.85,19.2,0,2044.44,18.7,0,2028.79,18.3,0,2042.14,18.9,1,2017.96,18.7,17,2262.55,19.3,0
"2025-11-14 00:15:00",2180,802,"Chapada_Low",11.86,2113.75,20.1,0,2018.56,19.7,0,2114.23,19.7,0,2101.43,19.2,0,2045.38,18.7,0,2030.21,18.4,0,2042.69,18.9,0,2019.82,18.7,0,2264.12,19.3,0
"2025-11-14 00:30:00",2181,802,"Chapada_Low",11.86,2113.12,20.2,0,2019.05,19.8,0,2114.91,19.8,0,2101.97,19.2,3,2045.16,18.8,0,2029.6,18.5,0,2044.54,19.1,0,2020.43,18.8,0,2263.78,19.4,0
"2025-11-14 00:45:00",2182,802,"Chapada_Low",11.86,2112.2,20.2,0,2018.54,19.8,0,2115.14,19.8,0,2102.39,19.2,0,2044.96,18.8,0,2029.71,18.5,0,2044.42,19,0,2020.06,18.8,0,2263.18,19.4,0
"2025-11-14 01:00:00",2183,802,"Chapada_Low",11.86,2112.96,20.2,0,2019.09,19.8,0,2115.12,19.8,0,2101.7,19.3,0,2045.82,18.9,0,2030.07,18.6,0,2043,19.1,0,2022.22,18.8,0,2263.95,19.6,0
"2025-11-14 01:15:00",2184,802,"Chapada_Low",11.86,2113.65,20.2,0,2019.59,19.9,0,2114.56,19.8,0,2101.67,19.3,0,2045.76,18.9,0,2029.6,18.6,0,2045.29,19,0,2021.3,18.8,0,2264.59,19.5,0
"2025-11-14 01:30:00",2185,802,"Chapada_Low",11.86,2113.66,20.1,0,2019.3,19.8,0,2115.56,19.7,9,2101.8,19.2,0,2045.83,18.8,0,2030.08,18.5,0,2044.54,19,0,2021.82,18.8,0,2264.41,19.4,0
"2025-11-14 01:45:00",2186,802,"Chapada_Low",11.86,2113.85,20,0,2019.73,19.7,8,2115.24,19.6,0,2102.42,19.1,2,2046.47,18.7,0,2029.97,18.4,0,2044.53,18.9,0,2023.04,18.7,2,2266.06,19.3,0
"2025-11-14 02:00:00",2187,802,"Chapada_Low",11.86,2113.54,20,0,2020.15,19.6,0,2115.18,19.6,0,2102.2,19.1,0,2046.46,18.7,0,2030.89,18.5,9,2044.14,18.9,1,2023.03,18.7,0,2265.7,19.3,0
"2025-11-14 02:15:00",2188,802,"Chapada_Low",11.86,2114.28,19.9,0,2019.23,19.6,0,2115.14,19.6,0,2108.19,19.1,0,2046.77,18.6,0,2031.11,18.4,0,2045.09,18.9,0,2023.42,18.6,0,2265.96,19.3,0
"2025-11-14 02:30:00",2189,802,"Chapada_Low",11.86,2111.8,19.6,0,2018.89,19.3,0,2115.37,19.4,0,2103.14,18.9,0,2046.67,18.5,0,2032.44,18.1,0,2045.23,18.7,0,2024.73,18.5,0,2266.64,19,0
"2025-11-14 02:45:00",2190,802,"Chapada_Low",11.86,2114.2,19.4,0,2019.05,19.1,0,2115.78,19.1,0,2102.33,18.8,0,2047.64,18.3,0,2032.64,17.9,0,2045.23,18.5,0,2024.31,18.3,0,2266.51,18.9,0
"2025-11-14 03:00:00",2191,802,"Chapada_Low",11.86,2112.96,19.7,0,2018.83,19.3,0,2115.95,19.3,0,2102.44,18.9,0,2047.85,18.5,0,2033.97,18.2,0,2045.4,18.6,0,2024.82,18.4,0,2267.47,19.1,0
"2025-11-14 03:15:00",2192,802,"Chapada_Low",11.86,2114.49,20,0,2019.88,19.7,0,2116.33,19.6,6,2108.29,19.1,0,2048.08,18.8,0,2032.15,18.6,0,2046.82,18.9,0,2026.95,18.6,0,2267.54,19.4,0
"2025-11-14 03:30:00",2193,802,"Chapada_Low",11.86,2112.87,20.3,0,2020.77,19.9,6,2116.15,19.8,0,2105.05,19.3,0,2047.32,19.1,12,2032.15,18.9,0,2048.63,19.2,0,2025.99,18.9,0,2269.96,19.6,0
"2025-11-14 03:45:00",2194,802,"Chapada_Low",11.86,2114.1,20.4,0,2020.52,20.1,2,2116.36,19.9,0,2104.8,19.4,0,2047.43,19.2,0,2034.42,19,0,2045.66,19.3,0,2026.38,19,0,2270.79,19.6,0
"2025-11-14 04:00:00",2195,802,"Chapada_Low",11.86,2113.98,20.4,0,2020.25,20.1,0,2115.99,19.9,0,2104.8,19.4,0,2046.25,19.1,0,2033.78,19.1,0,2047.01,19.3,0,2027.17,19.1,5,2268.51,19.7,0
"2025-11-14 04:15:00",2196,802,"Chapada_Low",11.86,2114.03,20.3,0,2018.79,20,0,2117.22,19.8,0,2106.11,19.3,0,2046.49,19,0,2032.86,18.9,0,2046.57,19.3,0,2025.54,19,0,2270.03,19.6,0
"2025-11-14 04:30:00",2197,802,"Chapada_Low",11.86,2112.87,20.3,0,2019.97,20,0,2116.74,19.8,0,2106.66,19.3,0,2047.1,19,0,2033.89,18.8,0,2046.33,19.2,0,2028.2,19,0,2270.34,19.6,0
"2025-11-14 04:45:00",2198,802,"Chapada_Low",11.86,2114.28,20.2,0,2019.93,19.9,0,2115.64,19.7,0,2106.42,19.2,0,2047.19,18.9,0,2032.5,18.7,0,2048.19,19.1,0,2027.35,18.9,0,2268.92,19.5,0
"2025-11-14 05:00:00",2199,802,"Chapada_Low",11.86,2113.82,19.9,0,2020.42,19.7,0,2116.2,19.5,0,2106.03,19,0,2046.67,18.5,0,2034.7,18.4,0,2046.78,18.8,0,2026.98,18.6,2,2268.8,19.1,0
"2025-11-14 05:15:00",2200,802,"Chapada_Low",11.86,2112.54,19.5,0,2020.25,19.3,0,2116.47,19.2,0,2105.84,18.6,0,2047.96,18.1,0,2034.34,17.9,0,2048.28,18.4,0,2027.23,18.3,0,2270.26,18.7,0
"2025-11-14 05:30:00",2201,802,"Chapada_Low",11.86,2112.39,19.2,0,2021.47,18.9,0,2115.77,18.9,0,2106.07,18.4,0,2048.66,17.9,0,2033.57,17.5,0,2049.01,18.1,0,2027.91,18,0,2270.01,18.3,0
"2025-11-14 05:45:00",2202,802,"Chapada_Low",11.86,2113.29,19,0,2020.07,18.7,0,2116.1,18.8,0,2106.89,18.2,0,2048.92,17.7,0,2034.14,17.4,0,2048.03,17.9,0,2029.23,17.8,0,2271.12,18.2,0
"2025-11-14 06:00:00",2203,802,"Chapada_Low",11.86,2113.53,19.1,0,2020.5,18.8,0,2116.38,18.9,0,2107.19,18.3,0,2049.58,17.7,0,2035.88,17.5,0,2047.77,18,0,2029.6,17.8,0,2271.14,18.2,0
"2025-11-14 06:15:00",2204,802,"Chapada_Low",11.86,2113.55,19,0,2020.78,18.8,0,2115.47,18.9,0,2107.54,18.3,0,2050.19,17.8,0,2035.2,17.5,0,2049.22,18,0,2031.85,17.8,5,2271.6,18.3,0
"2025-11-14 06:30:00",2205,802,"Chapada_Low",11.86,2113.22,19.3,0,2021.93,19.1,0,2116.07,19,0,2108.19,18.5,0,2049.83,18.1,0,2037.83,17.9,0,2051.51,18.3,0,2031.28,18.1,0,2271.38,18.7,0
"2025-11-14 06:45:00",2206,802,"Chapada_Low",11.86,2114.53,19.9,0,2021,19.6,0,2117.39,19.5,0,2108.19,19,0,2049.15,18.7,0,2037.72,18.8,0,2048.96,18.8,0,2031.74,18.6,0,2270.95,19.2,1
"2025-11-14 07:00:00",2207,802,"Chapada_Low",11.86,2113.34,21,0,2021.32,20.6,0,2117.49,20.2,0,2108.91,19.6,0,2048.74,19.3,0,2036,19.6,0,2048.5,19.4,0,2030.66,19.2,3,2270.13,20.2,0
"2025-11-14 07:15:00",2208,802,"Chapada_Low",11.86,2115.01,22.5,0,2020.81,21.9,0,2117.7,21.9,0,2107.58,20.5,0,2047.61,20.2,0,2037.33,20.7,0,2049.17,20.2,0,2029.92,20.1,0,2269.39,21.6,0
"2025-11-14 07:30:00",2209,802,"Chapada_Low",11.86,2115.38,23.9,0,2021.03,23.2,0,2117.87,23.2,0,2107.1,22.2,0,2045.31,21.5,0,2036.47,22.4,0,2047.07,21.6,0,2029.69,21.4,0,2268.71,23.3,0
"2025-11-14 07:45:00",2210,802,"Chapada_Low",11.86,2114.33,24.2,0,2019.83,23.6,0,2117.14,23.5,0,2105.2,22.6,0,2043.3,22.4,0,2035.44,23.1,0,2046.58,22.4,0,2027.09,22.3,0,2266.66,23.6,0
"2025-11-14 08:00:00",2211,802,"Chapada_Low",11.86,2114.04,24.6,0,2019.12,24,0,2116.89,24.1,0,2103.42,23.3,0,2042.95,22.9,0,2033.02,24,5,2043.42,23.8,0,2025.87,23.4,0,2266.01,24.4,0
"2025-11-14 08:15:00",2212,802,"Chapada_Low",11.86,2113.37,25.2,0,2018.47,24.5,0,2117.82,24.7,0,2101.17,23.9,0,2039.93,23.6,0,2030.66,24.5,0,2040.8,24.7,0,2025.02,24.5,0,2266.46,25.1,2
"2025-11-14 08:30:00",2213,802,"Chapada_Low",11.86,2113.08,25.5,0,2017.18,24.9,0,2116.05,24.9,0,2100.6,24.3,0,2038.13,24,0,2029.25,24.8,0,2039.26,25,0,2021.39,25,0,2265.29,25.9,0
"2025-11-14 08:45:00",2214,802,"Chapada_Low",11.86,2111.53,26.6,0,2016.22,25.5,0,2116.62,25.5,0,2099.27,25.1,0,2034.9,25.1,0,2026.19,25.9,0,2036.34,26,0,2017.57,26,0,2263.5,27,0
"2025-11-14 09:00:00",2215,802,"Chapada_Low",11.86,2111.59,28.3,0,2015.88,27.7,0,2117.48,27.4,16,2098.06,27.3,0,2029.86,28.5,0,2023,28.1,0,2031.7,28.3,0,2011.66,28.3,0,2259.32,29.8,0
"2025-11-14 09:15:00",2216,802,"Chapada_Low",11.86,2110.8,29.8,0,2013.37,29.1,0,2115.82,29.3,0,2094.21,29.8,0,2025.86,31.4,0,2019.55,29.8,0,2026.72,30.2,0,2006.7,30.6,0,2254.66,32,0
"2025-11-14 09:30:00",2217,802,"Chapada_Low",11.86,2109.34,31,0,2011.82,30.4,0,2115.75,30.5,0,2090.46,31.7,0,2019.56,34.4,0,2015.94,31.1,0,2023.49,31.9,0,2001.8,32.6,0,2252.32,33.8,0
"2025-11-14 09:45:00",2218,802,"Chapada_Low",11.86,2108.3,31.5,0,2010.99,31.4,0,2114.7,31.4,0,2084.81,33,0,2016.06,34.4,0,2013.88,33.2,0,2017.42,33.1,0,1995.72,34.1,0,2249,34.9,0
"2025-11-14 10:00:00",2219,802,"Chapada_Low",11.86,2107.18,32.1,0,2009.14,32.4,0,2113.08,32.3,0,2080.56,34.4,0,2012.28,34.5,0,2010.33,32.9,0,2012.51,35.2,0,1992.49,35.6,0,2245.91,35.8,5
"2025-11-14 10:15:00",2220,802,"Chapada_Low",11.86,2105.72,32.7,0,2007.68,33,0,2111.79,33,0,2080.39,35.4,0,2010.56,34.4,0,2007.78,32.7,0,2008.55,35.4,0,1987.87,36.5,0,2243.84,36.7,0
"2025-11-14 10:30:00",2221,802,"Chapada_Low",11.86,2104.14,33,0,2006.56,32.9,0,2109.84,33.1,1,2077.15,35.6,0,2009.19,33.9,0,2006.68,32.3,0,2006.71,35,0,1985.91,36.3,0,2242.91,36.6,0
"2025-11-14 10:45:00",2222,802,"Chapada_Low",11.86,2103.51,32.1,0,2006.85,32.3,0,2108.21,32.1,0,2078.42,34.1,0,2010.17,32,0,2003.56,31,0,2004.68,33.6,0,1984.31,34.8,0,2240.62,34.6,0
"2025-11-14 11:00:00",2223,802,"Chapada_Low",11.86,2101.51,33.2,0,2004.81,33.9,0,2108.35,35,0,2074.94,36.5,0,2008.04,33.8,0,2003.62,32.4,1,2002.2,35.8,0,1981.47,36.7,0,2237.49,37.4,0
"2025-11-14 11:15:00",2224,802,"Chapada_Low",11.86,2100.56,34.3,0,2004.32,35,0,2105.67,36.7,0,2070.5,38.8,0,2006.29,34.4,0,2001.51,33.2,0,1998.29,37.8,0,1979.01,38,0,2235.3,39.2,0
"2025-11-14 11:30:00",2225,802,"Chapada_Low",11.86,2099.97,35,0,2002.87,35.2,0,2104.27,37.7,0,2068.56,39.3,0,2005.06,34.8,0,2000.57,34.1,0,1995.56,38.6,0,1977.61,37.9,0,2232.66,40.1,0
"2025-11-14 11:45:00",2226,802,"Chapada_Low",11.86,2099.17,34.9,0,2001.92,34.8,0,2101.41,37.7,0,2065.98,38.7,0,2004.01,34.6,0,1998.26,34.4,0,1992.27,38.8,1,1976.58,37.3,0,2228.42,39.7,0
"2025-11-14 12:00:00",2227,802,"Chapada_Low",11.86,2098.3,35.7,0,2003.23,34.5,0,2099.49,37.3,0,2064.28,37.9,0,2001.31,36.1,0,1997.75,34.2,0,1987.75,40.3,0,1975.91,36.3,0,2225.62,40.3,0
"2025-11-14 12:15:00",2228,802,"Chapada_Low",11.86,2098.01,37.5,0,2002.01,34.7,0,2097.7,36.8,0,2062.36,37.9,0,1999.52,36.8,0,1995.94,35.6,0,1985.08,41.5,0,1974.37,36.2,0,2225.33,42.7,0
"2025-11-14 12:30:00",2229,802,"Chapada_Low",11.86,2096.42,38.8,0,2000.48,36.5,0,2095.24,38.6,2,2062.28,38.5,0,1997.64,37.1,0,1993.3,37.2,0,1982.02,43,0,1973.9,36.7,0,2221.9,44.6,0
"2025-11-14 12:45:00",2230,802,"Chapada_Low",11.86,2093.98,39.7,0,1998.8,38.6,0,2093.22,42.5,0,2060.82,38.9,0,1997.1,36.1,0,1993.77,37.9,0,1977.89,44.6,0,1971.77,38.2,0,2218.19,45.7,0
"2025-11-14 13:00:00",2231,802,"Chapada_Low",11.86,2091.62,39.9,0,1995.97,40.5,0,2089.7,44.8,0,2060.82,38.2,0,1996.82,35,0,1992.5,38,0,1976.24,43.7,0,1969.41,39.8,0,2214.42,46.4,1
"2025-11-14 13:15:00",2232,802,"Chapada_Low",11.86,2091.81,37.7,0,1996.43,39.1,0,2086.93,41.8,0,2061.76,36.8,0,1997.41,34.8,0,1989.61,35.8,0,1976.48,40.2,0,1968.55,38.3,0,2211.94,42.7,0
"2025-11-14 13:30:00",2233,802,"Chapada_Low",11.86,2089.41,36.9,0,1997.05,37.6,0,2087.9,40.6,0,2060.97,36,0,1997.86,33.7,0,1989.43,36.2,0,1975.85,39.3,0,1967.74,37.8,0,2211.65,40.3,0
"2025-11-14 13:45:00",2234,802,"Chapada_Low",11.86,2090.06,37.2,0,1997.65,37.3,0,2086.34,41.3,0,2061.84,36.3,0,1997.16,33.4,0,1988.08,35.6,0,1972.59,40.2,0,1965.88,38.1,0,2208.57,39.4,0
"2025-11-14 14:00:00",2235,802,"Chapada_Low",11.86,2089.6,38.1,0,1996.26,37.8,0,2086.33,43.1,0,2060.18,37.1,0,1996.26,33.6,0,1986.68,36.3,0,1972.68,40.6,0,1966.14,38.4,0,2206.09,40.5,0
"2025-11-14 14:15:00",2236,802,"Chapada_Low",11.86,2087.96,39.5,0,1996.65,38.1,0,2084.34,44.5,0,2058.95,37.9,0,1995.58,34,0,1985.98,36.7,0,1970.46,41.2,0,1965,38.6,0,2205.88,41.5,0
"2025-11-14 14:30:00",2237,802,"Chapada_Low",11.86,2087.21,39.6,0,1995.39,39.2,0,2081.29,45,0,2056.68,38.2,0,1995.2,34.4,0,1986.15,36.6,0,1968.5,41.5,0,1965.52,38.6,0,2202.04,41.1,0
"2025-11-14 14:45:00",2238,802,"Chapada_Low",11.86,2084.06,39.5,0,1994.69,39.1,0,2079.93,45.8,0,2055.94,38.4,0,1994.26,35.1,0,1985.9,37,0,1967.42,41.5,0,1963.9,38.8,0,2201.08,41.5,0
"2025-11-14 15:00:00",2239,802,"Chapada_Low",11.86,2085.34,38.1,0,1994.59,37.7,0,2076.27,42.8,0,2055.25,38,0,1993.89,34.4,0,1984.54,35.4,0,1967.92,39.5,0,1963.95,37.3,0,2199.54,39.6,0
"2025-11-14 15:15:00",2240,802,"Chapada_Low",11.85,2082.87,36.1,0,1995.18,35.7,0,2074.31,39.2,0,2054.05,35.9,0,1993.48,33.5,0,1984.44,34.1,0,1967.37,37.3,0,1964.17,35.6,0,2196.82,36.9,0
"2025-11-14 15:30:00",2241,802,"Chapada_Low",11.86,2083.84,33.9,0,1995.25,33.6,0,2074.43,35.6,0,2055.08,33.5,0,1994.61,31.2,0,1984.44,32.2,0,1966.79,34.9,0,1964.96,33.6,0,2197.65,34.3,0
"2025-11-14 15:45:00",2242,802,"Chapada_Low",11.86,2083.64,32.9,0,1995.36,32.7,0,2075.33,34.5,0,2056.99,32.5,0,1994.49,30.5,0,1984.41,31.3,0,1968.98,33.8,0,1966.12,32.6,0,2197.87,33.6,0
"2025-11-14 16:00:00",2243,802,"Chapada_Low",11.86,2082.62,32,0,1995.26,31.9,0,2074.95,33,0,2058.51,31.5,0,1996.27,29.7,0,1983.72,30.2,0,1969.93,32.3,0,1966.65,31.7,0,2198.26,32.6,0
"2025-11-14 16:15:00",2244,802,"Chapada_Low",11.86,2083.27,31.4,0,1995.97,31,0,2075.16,31.8,0,2057.88,30.6,0,1997.23,29,0,1984.71,29.4,0,1970.32,31.1,0,1968.21,30.8,0,2200.79,31.4,0
"2025-11-14 16:30:00",2245,802,"Chapada_Low",11.86,2083.91,30.8,0,1996.08,30.8,0,2075.21,31.2,0,2056.97,29.9,0,1997.58,28.6,0,1984.59,29,0,1971.06,30.4,0,1969.18,30.2,0,2200.39,30.7,0
"2025-11-14 16:45:00",2246,802,"Chapada_Low",11.86,2083.13,31.1,0,1996.39,31.1,0,2076.24,31.9,0,2057.57,30.5,0,1998.81,29.3,0,1984.7,29.8,0,1972.39,31,0,1968.2,30.8,0,2200.72,31.3,0
"2025-11-14 17:00:00",2247,802,"Chapada_Low",11.86,2082.91,30.4,0,1995.89,30.4,0,2074.33,30.9,0,2056.56,29.9,0,1998.04,29.1,0,1985.25,29,0,1973.11,30.2,0,1969.15,30,0,2199.92,30.5,0
"2025-11-14 17:15:00",2248,802,"Chapada_Low",11.86,2083.66,29.7,0,1996.59,29.6,0,2074.13,30,0,2068.66,29,0,1998.37,28,0,1985.74,28.5,0,1973.71,29.3,0,1969.15,29.1,0,2200.4,29.6,4
"2025-11-14 17:30:00",2249,802,"Chapada_Low",11.86,2082.94,29.2,0,1996.2,29.1,0,2074.23,29.2,0,2065.73,28.3,0,1997.99,27.3,0,1985.57,27.6,0,1974.05,28.8,0,1971.34,28.6,0,2200.2,28.8,0
"2025-11-14 17:45:00",2250,802,"Chapada_Low",11.86,2083.09,28.2,0,1996.82,28.1,0,2075.88,28.1,0,2064.15,27.3,0,1999.17,26.2,0,1986.23,26.4,0,1977.18,27.6,0,1971,27.5,0,2202.67,27.7,0
"2025-11-14 18:00:00",2251,802,"Chapada_Low",11.85,2083.89,27.4,0,1998.25,27.3,0,2075.5,27.2,0,2066.92,26.5,0,2001.68,25.5,0,1988.47,25.4,0,1978.98,26.5,0,1973.73,26.6,0,2202.39,26.8,0
"2025-11-14 18:15:00",2252,802,"Chapada_Low",11.86,2084.44,26.7,0,1998.61,26.7,0,2077.24,26.5,0,2069.27,25.8,0,2003.44,24.9,0,1989.9,24.7,0,1980.34,25.7,0,1974.4,25.9,0,2203.57,26.1,0
"2025-11-14 18:30:00",2253,802,"Chapada_Low",11.86,2085.02,26.2,5,1999.17,26,0,2076.46,25.9,0,2074.26,25.2,0,2004.53,24.4,0,1990.77,24.2,0,1982.85,25,0,1974.82,25.2,0,2202.76,25.4,0
"2025-11-14 18:45:00",2254,802,"Chapada_Low",11.86,2085.68,25.7,0,1999.88,25.6,0,2077.27,25.4,0,2076.79,24.7,0,2005.92,23.9,0,1991.37,23.8,0,1982.46,24.6,0,1976.93,24.8,0,2203.53,24.9,0
"2025-11-14 19:00:00",2255,802,"Chapada_Low",11.86,2085.52,25.1,0,1999.68,25.1,0,2077.49,24.9,0,2080.82,24.2,0,2007.83,23.3,0,1993.47,23.2,0,1986.72,24.1,0,1978.46,24.3,0,2206.04,24.3,0
"2025-11-14 19:15:00",2256,802,"Chapada_Low",11.86,2086.01,24.4,0,2000.6,24.4,0,2079.25,24.3,0,2084.87,23.6,0,2009.26,22.7,0,1994.97,22.5,0,1987.66,23.5,0,1979.08,23.6,0,2207.17,23.6,0
"2025-11-14 19:30:00",2257,802,"Chapada_Low",11.85,2086.71,23.7,0,2000.49,23.7,0,2077.96,23.7,0,2087.15,23.2,0,2010.75,22.2,0,1995.65,21.9,0,1990.36,22.8,0,1981.37,23.1,0,2206.55,23,0
"2025-11-14 19:45:00",2258,802,"Chapada_Low",11.86,2087.22,23.2,0,2002.76,23.2,0,2078.91,23.3,0,2090.4,22.7,0,2013.62,21.7,0,1997.65,21.4,0,1992.88,22.3,0,1982.45,22.5,0,2208.77,22.6,0
"2025-11-14 20:00:00",2259,802,"Chapada_Low",11.86,2087.93,22.8,0,2002.45,22.8,0,2079.41,22.9,0,2092.09,22.3,0,2014.47,21.3,0,1999.13,20.9,0,1993.01,21.9,0,1985.09,22.1,0,2210.3,22.1,0
"2025-11-14 20:15:00",2260,802,"Chapada_Low",11.86,2088.61,22.5,0,2004.07,22.4,0,2079.78,22.5,0,2094.57,22,0,2015.65,21,0,1998.5,20.6,0,1995.92,21.5,0,1986.39,21.7,0,2211.39,21.8,0
"2025-11-14 20:30:00",2261,802,"Chapada_Low",11.86,2088.94,22.1,0,2003.54,22,0,2080.51,22.2,0,2096.53,21.5,0,2018.1,20.6,4,2000.69,20.3,0,1997.41,21.1,0,1988.58,21.3,0,2212.96,21.5,0
"2025-11-14 20:45:00",2262,802,"Chapada_Low",11.86,2089.11,21.9,0,2003.83,21.8,0,2081.14,22,0,2099.04,21.2,0,2019.09,20.3,0,2001.83,20,0,1999.3,20.8,0,1988.48,21,0,2210.73,21.3,0
"2025-11-14 21:00:00",2263,802,"Chapada_Low",11.86,2089.35,21.8,0,2005.23,21.7,0,2082.08,21.8,0,2097.43,21.1,0,2020.95,20.2,0,2004.72,19.8,0,2002.73,20.6,0,1990.22,20.8,0,2211.96,21.1,0
"2025-11-14 21:15:00",2264,802,"Chapada_Low",11.85,2088.84,21.8,0,2005.85,21.5,0,2082.65,21.7,0,2098.74,21.1,0,2020.71,20.2,0,2003.84,19.8,0,2004.49,20.6,0,1991.64,20.7,0,2212.81,21,0
"2025-11-14 21:30:00",2265,802,"Chapada_Low",11.86,2090.82,21.8,0,2005.42,21.6,0,2082.91,21.8,0,2112.53,21,0,2021.22,20.3,0,2005.57,20,0,2004.84,20.6,1,1994.6,20.8,0,2213.25,21.1,11
"2025-11-14 21:45:00",2266,802,"Chapada_Low",11.86,2090.74,21.9,0,2006.51,21.6,0,2084.14,21.8,0,2104.57,21.1,0,2022.98,20.5,0,2006.35,20.2,0,2006.35,20.8,0,1996.04,20.9,0,2214.75,21.2,0
"2025-11-14 22:00:00",2267,802,"Chapada_Low",11.86,2088.83,22.1,0,2006.91,21.9,0,2083.71,22,0,2092.67,21.3,0,2029.74,20.7,6,2007.65,20.5,0,2006.3,21,0,1996.58,21,0,2214.96,21.4,0
"2025-11-14 22:15:00",2268,802,"Chapada_Low",11.86,2091.4,22.3,0,2006.6,22,0,2084.29,22.1,0,2092.21,21.4,0,2030.06,20.9,0,2008.73,20.7,0,2006.57,21.2,0,1996.6,21.2,0,2215.69,21.6,0
"2025-11-14 22:30:00",2269,802,"Chapada_Low",11.86,2091.9,22.4,0,2006.44,22.1,0,2085,22.2,0,2092.24,21.5,0,2028.65,21,0,2008.33,20.9,0,2006.26,21.3,0,1997.79,21.3,0,2217.4,21.7,0
"2025-11-14 22:45:00",2270,802,"Chapada_Low",11.86,2091.51,22.5,0,2007.53,22.2,0,2085.2,22.2,0,2092.3,21.6,0,2028.64,21.1,0,2009.74,21,0,2007.21,21.4,0,1997.12,21.4,0,2217.72,21.8,0
"2025-11-14 23:00:00",2271,802,"Chapada_Low",11.86,2090.84,22.5,0,2007.04,22.2,0,2084.78,22.3,0,2091.65,21.7,0,2028.59,21.2,0,2009.76,21,0,2007,21.5,0,1998.56,21.4,0,2218.75,21.9,4
"2025-11-14 23:15:00",2272,802,"Chapada_Low",11.86,2092.12,22.6,0,2006.17,22.3,0,2085.17,22.3,0,2091.07,21.7,0,2028.36,21.2,0,2008.98,21.1,0,2007.87,21.5,0,1997.73,21.5,0,2219.09,21.9,0
"2025-11-14 23:30:00",2273,802,"Chapada_Low",11.85,2092.58,22.6,0,2006.27,22.3,0,2086.34,22.3,0,2091.47,21.7,0,2028.25,21.3,0,2009.69,21.2,0,2007.77,21.6,0,1998.08,21.5,0,2219.35,22,0
"2025-11-14 23:45:00",2274,802,"Chapada_Low",11.86,2091.97,22.5,0,2008.1,22.3,0,2085.5,22.3,0,2091.15,21.7,0,2028.9,21.3,0,2009.77,21.1,0,2008.66,21.6,0,1997.99,21.5,0,2219.34,21.9,0
"2025-11-15 00:00:00",2275,802,"Chapada_Low",11.86,2092.6,22.4,0,2007.58,22.2,0,2085.6,22.1,0,2091.4,21.6,0,2028.31,21.1,0,2010.19,21,0,2009.24,21.4,0,1998.19,21.4,0,2220.19,21.8,0
"2025-11-15 00:15:00",2276,802,"Chapada_Low",11.86,2091.06,22.1,0,2006.55,21.9,0,2085.55,21.9,0,2091.17,21.3,0,2029.4,20.7,1,2010.34,20.6,0,2009.72,21.1,0,1999.34,21.1,0,2220.39,21.4,0
"2025-11-15 00:30:00",2277,802,"Chapada_Low",11.86,2092.18,21.8,0,2008.68,21.5,0,2085.67,21.6,0,2092.15,21,0,2029.69,20.4,0,2008.72,20.2,0,2010.71,20.7,0,1999.77,20.8,0,2219.13,21,0
"2025-11-15 00:45:00",2278,802,"Chapada_Low",11.86,2091.76,21.7,0,2007.85,21.4,0,2086.49,21.5,0,2091.33,20.9,0,2030.19,20.3,0,2009.98,20.1,0,2011.66,20.7,0,2002.07,20.7,0,2218.12,21,0
"2025-11-15 01:00:00",2279,802,"Chapada_Low",11.86,2093.3,21.7,0,2008.8,21.5,0,2086.34,21.6,0,2092.15,21,0,2030,20.5,2,2009.9,20.3,0,2011.59,20.8,0,2002.97,20.7,0,2219.46,21.1,0
"2025-11-15 01:15:00",2280,802,"Chapada_Low",11.86,2093.64,21.8,0,2009.2,21.6,0,2085.8,21.6,0,2091.45,21,0,2030.62,20.6,0,2011.19,20.4,0,2012.14,20.8,0,2000.42,20.8,0,2219.33,21.2,0
"2025-11-15 01:30:00",2281,802,"Chapada_Low",11.86,2092.54,21.8,0,2008.62,21.5,0,2086.53,21.6,0,2091.61,21,0,2029.95,20.5,0,2011.85,20.4,0,2012.63,20.8,0,2001.2,20.8,0,2220.15,21.2,0
"2025-11-15 01:45:00",2282,802,"Chapada_Low",11.86,2093.19,21.7,0,2009.72,21.5,0,2086.68,21.5,0,2091.13,21,0,2031.54,20.5,0,2012.42,20.3,0,2012.86,20.7,0,2003.51,20.8,0,2220.92,21.1,0
"2025-11-15 02:00:00",2283,802,"Chapada_Low",11.86,2093.55,21.6,0,2009.39,21.4,4,2087.15,21.4,0,2091.37,20.9,0,2030.57,20.3,0,2011.28,20.2,0,2013.73,20.6,0,2001.77,20.7,0,2220.81,20.9,0
"2025-11-15 02:15:00",2284,802,"Chapada_Low",11.86,2093.97,21.6,0,2008.51,21.3,0,2087.12,21.4,0,2091.47,20.8,0,2031.03,20.4,0,2011.4,20.2,0,2013.69,20.6,0,2002.72,20.6,0,2222.14,20.9,0
"2025-11-15 02:30:00",2285,802,"Chapada_Low",11.86,2092.43,21.3,0,2009.09,21.1,0,2087.16,21.2,0,2091.64,20.7,0,2031.32,20.2,0,2012.33,19.9,0,2016.02,20.4,0,2003.31,20.5,0,2221.37,20.7,0
"2025-11-15 02:45:00",2286,802,"Chapada_Low",11.86,2091.92,20.9,0,2010.42,20.7,3,2087.37,20.8,0,2091.77,20.4,0,2030.84,19.7,0,2013.81,19.3,0,2017.14,20,0,2004.21,20.1,0,2224.15,20.3,0
"2025-11-15 03:00:00",2287,802,"Chapada_Low",11.86,2093.25,20.6,0,2009.48,20.4,0,2087.15,20.6,0,2091.75,20.2,0,2032.2,19.5,0,2013.81,19.1,0,2015.46,19.7,0,2004.67,19.8,0,2224.31,20,0
"2025-11-15 03:15:00",2288,802,"Chapada_Low",11.86,2094.36,20.4,0,2009.99,20.2,0,2087.07,20.4,0,2093.32,19.9,0,2032.43,19.2,0,2013.53,18.9,0,2016.53,19.4,0,2005.64,19.6,0,2224.29,19.8,0
"2025-11-15 03:30:00",2289,802,"Chapada_Low",11.86,2094.37,20.2,0,2010.52,20,0,2087.32,20.2,0,2092.76,19.7,0,2033.41,19.1,0,2013.84,18.7,0,2017.01,19.3,0,2006.1,19.4,0,2225.93,19.6,0
"2025-11-15 03:45:00",2290,802,"Chapada_Low",11.86,2094.77,20.3,0,2011.15,20.1,0,2087.81,20.3,0,2093.1,19.7,0,2035.06,19.2,0,2015.69,18.8,0,2019.07,19.4,0,2008.27,19.4,0,2224.7,19.7,0
"2025-11-15 04:00:00",2291,802,"Chapada_Low",11.86,2094.33,20.4,0,2011.36,20.1,0,2088.18,20.3,0,2094.18,19.8,0,2034.91,19.3,0,2014.26,19,0,2017.85,19.4,0,2007.69,19.4,0,2227.14,19.8,0
"2025-11-15 04:15:00",2292,802,"Chapada_Low",11.86,2094.77,20.3,0,2010.94,20,0,2088.39,20.2,0,2093.67,19.7,0,2035.85,19.2,0,2015.58,18.9,0,2019.23,19.4,0,2008.17,19.3,0,2225.17,19.7,0
"2025-11-15 04:30:00",2293,802,"Chapada_Low",11.86,2094.62,20,0,2011.6,19.8,0,2088.22,20,0,2093.49,19.5,0,2036.05,19,0,2015.67,18.7,0,2019.37,19.2,0,2009.61,19.2,0,2224.96,19.4,0
"2025-11-15 04:45:00",2294,802,"Chapada_Low",11.86,2094.7,19.8,0,2011.54,19.5,0,2088.45,19.8,0,2093.98,19.4,0,2036.7,18.8,0,2017.47,18.4,0,2019.81,19,0,2009.74,19,0,2225.67,19.3,0
"2025-11-15 05:00:00",2295,802,"Chapada_Low",11.86,2095.59,19.5,0,2012.07,19.3,0,2088.64,19.6,0,2094.57,19.2,0,2037.35,18.6,0,2018.03,18.2,0,2020.91,18.7,0,2010.39,18.8,0,2226.98,19.1,0
"2025-11-15 05:15:00",2296,802,"Chapada_Low",11.86,2094.5,19.3,0,2012.8,19.1,0,2087.89,19.4,5,2094.5,18.9,0,2038.53,18.4,0,2018.12,17.9,0,2021.51,18.5,0,2012.85,18.5,0,2227.43,18.8,0
"2025-11-15 05:30:00",2297,802,"Chapada_Low",11.86,2094.65,19.2,0,2012.46,19,0,2089.18,19.3,0,2094.91,18.9,0,2038.23,18.3,0,2020.23,17.8,0,2021.9,18.4,0,2012.31,18.4,0,2227.77,18.7,0
"2025-11-15 05:45:00",2298,802,"Chapada_Low",11.86,2094.05,19.2,0,2012.29,18.9,0,2089.02,19.2,0,2095.3,18.7,0,2038.59,18.2,0,2017.55,17.7,0,2022.56,18.3,0,2013.65,18.3,0,2227.42,18.6,0
"2025-11-15 06:00:00",2299,802,"Chapada_Low",11.86,2094.65,19.2,0,2013.69,18.9,0,2089.26,19.1,0,2094.98,18.6,0,2038.63,18,0,2019.11,17.6,0,2024.91,18.2,0,2013.49,18.2,7,2227.72,18.5,0
"2025-11-15 06:15:00",2300,802,"Chapada_Low",11.86,2095.17,19.3,0,2013.88,19,2,2089.73,19.2,3,2095.25,18.6,0,2038.78,18,0,2021.16,17.7,0,2024.58,18.2,0,2014.73,18.2,0,2228.71,18.7,0
"2025-11-15 06:30:00",2301,802,"Chapada_Low",11.85,2095.2,19.5,0,2013.58,19.2,0,2091.08,19.4,0,2096.22,18.7,0,2039.74,18.2,0,2021.5,17.9,0,2024.04,18.3,0,2017.12,18.3,1,2228.47,18.8,4
"2025-11-15 06:45:00",2302,802,"Chapada_Low",11.86,2096.35,19.9,0,2013.66,19.5,0,2089.91,19.6,0,2095.84,19.1,0,2040.28,18.6,0,2019.91,18.5,0,2024.79,18.7,0,2016.06,18.6,0,2228.55,19.2,0
"2025-11-15 07:00:00",2303,802,"Chapada_Low",11.86,2095.54,21.1,0,2012.85,20.4,0,2090.71,20.3,0,2095.38,19.7,0,2040.56,19.3,0,2020.3,19.4,0,2023.82,19.3,0,2018.17,19.1,0,2228.73,20.2,0
"2025-11-15 07:15:00",2304,802,"Chapada_Low",11.86,2096.88,22.9,0,2011.85,21.8,0,2090.93,21.7,0,2094.86,20.5,0,2040.29,20.1,0,2020.81,20.6,0,2023.99,20.1,0,2015.71,19.8,0,2229.62,21.6,0
"2025-11-15 07:30:00",2305,802,"Chapada_Low",11.86,2097.05,23.4,0,2012.61,22.8,0,2091.03,22.3,0,2094.6,21.2,0,2038.8,20.7,0,2020.93,21.4,0,2023.32,20.8,0,2015.06,20.4,0,2229.16,22.1,0
"2025-11-15 07:45:00",2306,802,"Chapada_Low",11.86,2096.52,23.3,0,2012.97,22.8,0,2090.69,22.6,0,2093.94,21.6,0,2037.4,21.2,0,2019.87,21.7,0,2021.88,21.4,0,2016.77,21,0,2229.54,22.3,0
"2025-11-15 08:00:00",2307,802,"Chapada_Low",11.86,2096.41,24.1,0,2012.44,23.5,1,2091.1,23.6,0,2092.65,22.6,0,2036.6,22.7,0,2017.61,23.1,0,2021.78,22.7,0,2013.19,22.2,0,2227.51,23.6,0
"2025-11-15 08:15:00",2308,802,"Chapada_Low",11.86,2096.26,25.1,0,2011.06,24.4,0,2092.63,24.6,0,2090.29,23.6,0,2034.11,23.5,0,2014.72,24.9,0,2019.59,24.1,0,2013.11,23.4,9,2225.93,24.8,0
"2025-11-15 08:30:00",2309,802,"Chapada_Low",11.86,2095.98,26.1,0,2011.18,25.2,0,2090.37,25.4,0,2088.7,24.5,0,2030.4,24.1,0,2011.98,25.5,0,2016.46,25.7,0,2010.26,24.5,0,2226.3,25.9,0
"2025-11-15 08:45:00",2310,802,"Chapada_Low",11.86,2093.26,26.7,0,2009.34,25.8,0,2091.46,26,0,2087.12,25.2,0,2026.95,25,0,2010.24,26.1,0,2014.21,26.2,0,2007.49,25.3,0,2224.64,27,0
"2025-11-15 09:00:00",2311,802,"Chapada_Low",11.86,2093.69,28.6,0,2009.19,27.3,0,2091.9,27.6,0,2084.35,26.9,0,2022.39,27.8,0,2007.46,28,0,2010.13,28.1,0,2002.72,27,0,2222.74,29.5,0
"2025-11-15 09:15:00",2312,802,"Chapada_Low",11.86,2092.86,30.7,0,2006.89,30.2,0,2089.94,29.9,0,2082.57,29.5,0,2016.74,31.1,0,2004.11,30.4,0,2004.59,30.7,0,1998.29,29.4,0,2217.26,32.4,0
"2025-11-15 09:30:00",2313,802,"Chapada_Low",11.86,2091.8,30.4,0,2006.37,30,0,2088.47,30.4,0,2079.81,29.8,0,2013.42,30.5,0,2000.88,29.7,0,2000.97,30.4,0,1993.65,29.6,0,2216,31.7,0
"2025-11-15 09:45:00",2314,802,"Chapada_Low",11.86,2090.19,31.2,0,2005.02,30.9,0,2088.97,31.5,0,2075.23,32,0,2009.35,32.9,0,1999,30.8,0,1996.31,32,0,1988.93,31.2,0,2213.74,33.6,0
"2025-11-15 10:00:00",2315,802,"Chapada_Low",11.86,2089.54,32.3,0,2002.33,32.5,0,2087.44,32.8,0,2071.96,33.8,0,2003.75,35.1,0,1996.23,32.7,0,1992.53,33.7,0,1985.13,33.2,0,2211.46,35.6,0
"2025-11-15 10:15:00",2316,802,"Chapada_Low",11.86,2088.37,33.3,0,2002.06,33.8,0,2086.53,34,8,2067.47,35.5,0,1999.8,35.5,5,1993.11,33.5,0,1987.66,35.8,0,1980.87,34.6,0,2208.53,37.3,0
"2025-11-15 10:30:00",2317,802,"Chapada_Low",11.86,2087.09,33,0,2000.85,33.1,0,2083.46,33.7,0,2065.95,34.9,0,1998.74,34,0,1991.66,32.2,0,1985.58,35.2,0,1979.13,34.1,0,2208.64,36.2,0
"2025-11-15 10:45:00",2318,802,"Chapada_Low",11.86,2085.22,33.3,0,2001.09,33.6,0,2082.77,34.7,0,2062.87,36.2,0,1998.41,34.7,0,1990.17,32.5,0,1982.89,35.7,4,1977.7,35.1,0,2204.7,38.4,0
"2025-11-15 11:00:00",2319,802,"Chapada_Low",11.86,2083.43,34.7,7,1999.71,34.5,0,2081.12,35.8,0,2060.84,37.2,0,1996.76,34.7,0,1988.68,32.6,0,1979.23,36.5,0,1973.85,35.9,1,2202.22,38.6,0
"2025-11-15 11:15:00",2320,802,"Chapada_Low",11.86,2082.52,35,0,1998.11,35.8,0,2079.59,37.3,0,2057.66,38.3,0,1995.25,34.3,0,1987.75,32.9,0,1977.58,37.6,0,1972.41,36.4,0,2200.76,39.4,0
"2025-11-15 11:30:00",2321,802,"Chapada_Low",11.86,2082.66,35.4,0,1998.04,35.5,0,2075.42,38.5,0,2055.47,38.8,0,1996.34,33.8,0,1986.28,33.1,0,1974.04,38.2,0,1971.07,36.4,0,2197.89,39.4,0
"2025-11-15 11:45:00",2322,802,"Chapada_Low",11.86,2080.92,35.3,0,1998.68,34.9,0,2073.01,38.2,0,2054.79,38.1,0,1994.64,34.7,0,1985.46,33.4,0,1971.5,38.3,0,1968.84,35.7,0,2194.62,38.9,0
"2025-11-15 12:00:00",2323,802,"Chapada_Low",11.86,2080.04,36,0,1998.32,34.5,0,2072.87,37.7,0,2052.4,37.5,0,1992.3,35.9,0,1983.63,34.7,0,1964.91,40.4,0,1968.25,35,0,2192.53,39.7,0
"2025-11-15 12:15:00",2324,802,"Chapada_Low",11.86,2080.19,37.4,0,1996.94,34.4,0,2070.24,36.8,0,2049.64,37.4,0,1990.03,36.6,0,1981.53,35.6,0,1964.31,41.8,0,1967.45,34.7,0,2192.53,43.1,0
"2025-11-15 12:30:00",2325,802,"Chapada_Low",11.86,2077.86,38.4,0,1996.17,35.8,0,2068.19,38.4,0,2050.19,37.7,0,1988.69,36.4,0,1981.12,36.6,0,1961.94,43.2,0,1968.03,35.8,0,2188.24,44.6,0
"2025-11-15 12:45:00",2326,802,"Chapada_Low",11.86,2075.9,39.3,0,1994.46,37.7,0,2065.14,42.8,0,2050.53,38,0,1989.57,35.5,0,1978.73,37,0,1959.22,44.3,0,1964.75,38.1,0,2185.82,44.8,0
"2025-11-15 13:00:00",2327,802,"Chapada_Low",11.86,2075.61,39.3,0,1992.76,39.3,0,2061.11,45.1,0,2050.52,37,0,1988.67,34.4,0,1977.66,37,0,1957.86,43.9,0,1959.86,41.2,0,2182.74,45.5,0
"2025-11-15 13:15:00",2328,802,"Chapada_Low",11.86,2074.23,38.3,0,1991.58,39.3,0,2061.41,44.1,1,2050.05,36.5,0,1988.73,33.8,0,1977.67,36.3,0,1956.01,41.6,0,1959.33,41.3,0,2177.18,44.1,0
"2025-11-15 13:30:00",2329,802,"Chapada_Low",11.86,2073.29,38.4,0,1991.78,39.3,0,2061.13,44.1,0,2048.38,37.5,0,1987.72,34.2,0,1975.29,36.4,0,1955.75,41.4,0,1956.38,41.7,0,2175.55,42.3,0
"2025-11-15 13:45:00",2330,802,"Chapada_Low",11.86,2073.24,38.3,0,1992.35,38.6,0,2058.59,43.7,0,2047.16,37.3,0,1987.17,34.6,0,1975,36.7,0,1952.92,41.2,0,1955.85,40.8,0,2173.58,40.8,0
"2025-11-15 14:00:00",2331,802,"Chapada_Low",11.86,2072.4,38.6,0,1991.56,38.6,0,2056.25,44.5,0,2046.13,37.5,0,1987.55,34,0,1974.04,37.1,0,1952.38,41.9,0,1954.32,39.7,0,2171.33,40.8,0
"2025-11-15 14:15:00",2332,802,"Chapada_Low",11.86,2069.5,39.3,0,1991.57,38.8,0,2054,45.6,0,2044.6,38.3,0,1985.92,34.3,0,1972.59,37.1,0,1950.79,42.2,0,1954.79,39.2,0,2169.7,41.5,0
"2025-11-15 14:30:00",2333,802,"Chapada_Low",11.86,2069.19,38.8,0,1991.69,38.2,0,2051.86,44.3,0,2043.57,37.8,0,1986.65,34.1,0,1973.77,36.3,0,1950.02,41,0,1954.05,38,0,2168.17,41.5,0
"2025-11-15 14:45:00",2334,802,"Chapada_Low",11.86,2068.94,38.7,0,1991.63,37.4,0,2048.49,42.5,0,2043.64,37,0,1985.87,33.7,0,1970.59,35.2,0,1950.06,39.8,0,1956.23,36.8,0,2165.06,39.8,0
"2025-11-15 15:00:00",2335,802,"Chapada_Low",11.86,2069.58,38.3,1,1990.19,38.3,1,2049.98,43.5,0,2042.84,37.2,0,1985.6,34.3,0,1971.68,35.7,0,1951.62,40.3,0,1954.95,36.7,0,2163.5,40.2,1
"2025-11-15 15:15:00",2336,802,"Chapada_Low",11.86,2068.96,37.7,0,1990.57,37.4,0,2046.6,42.5,0,2041.46,37.5,0,1983.61,34.2,0,1970.25,35.3,0,1950.07,39.7,0,1954.3,36.3,0,2162.26,39.1,0
"2025-11-15 15:30:00",2337,802,"Chapada_Low",11.86,2067.32,35.3,0,1990.83,35,0,2045.7,37.9,0,2042.22,35,0,1983.89,32.8,0,1971.79,32.8,0,1950.51,36.1,0,1956.04,33.8,0,2160.51,35.9,0
"2025-11-15 15:45:00",2338,802,"Chapada_Low",11.86,2067.01,34.3,0,1991.4,34.1,0,2045.68,36.6,0,2042.03,34,0,1985.11,31.9,0,1970.86,33.4,0,1950.41,35.2,0,1956.19,33,0,2160.04,35.2,0
"2025-11-15 16:00:00",2339,802,"Chapada_Low",11.86,2066.51,34.3,0,1991.07,34.1,0,2046.53,36.7,0,2042.9,33.8,0,1984.93,32.1,0,1971.69,33.4,0,1951.21,36,0,1956.58,32.9,0,2158.94,35.6,0
"2025-11-15 16:15:00",2340,802,"Chapada_Low",11.86,2066.99,34.4,0,1990.32,34.4,0,2045.75,36.7,0,2044.25,33.7,0,1985.12,32.2,0,1971.48,33.4,0,1950.89,35.7,0,1957.05,33,0,2158.11,35.7,0
"2025-11-15 16:30:00",2341,802,"Chapada_Low",11.86,2066.52,34.2,0,1991.48,33.9,0,2044.8,35.6,0,2043.41,33,1,1984.5,31.5,0,1970.86,32.5,0,1950.98,34.6,0,1956.8,32.5,0,2157.77,34.8,0
"2025-11-15 16:45:00",2342,802,"Chapada_Low",11.86,2066.42,32.5,0,1990.68,32.4,0,2045.12,33.1,0,2044.52,31.2,0,1986.41,29.7,2,1969.75,30.3,0,1952.2,32.1,0,1957.17,30.8,0,2157.89,32.3,0
"2025-11-15 17:00:00",2343,802,"Chapada_Low",11.86,2066.39,31.3,0,1991.22,31.2,0,2044.7,31.8,0,2045.45,30,0,1986.33,28.7,0,1970.38,29.2,0,1953.34,30.6,0,1958.14,29.7,0,2158.77,30.9,0
"2025-11-15 17:15:00",2344,802,"Chapada_Low",11.86,2067.05,30.7,0,1992.04,30.6,0,2043.15,31.1,0,2045.09,29.7,0,1987.12,28.5,0,1971.23,28.8,0,1954.6,29.9,0,1958.71,29.2,0,2160.37,30.3,0
"2025-11-15 17:30:00",2345,802,"Chapada_Low",11.86,2065.88,30.9,0,1991.68,30.7,0,2045.88,31.1,0,2046.29,29.7,0,1987.55,29.3,0,1971.34,30,0,1955.37,30.2,0,1959.56,29.4,0,2159.26,30.6,0
"2025-11-15 17:45:00",2346,802,"Chapada_Low",11.86,2066.19,31.1,0,1992.16,30.8,0,2046.35,31.1,0,2046.13,29.8,0,1987.6,29.4,0,1970.3,30.5,0,1954.93,30.6,0,1959.83,29.7,0,2159.54,30.8,4
"2025-11-15 18:00:00",2347,802,"Chapada_Low",11.86,2067.33,31.1,0,1992.03,30.7,0,2046.84,31.1,0,2046.21,29.7,0,1986.57,29.5,0,1970.51,30.3,0,1954.76,30.6,0,1961.18,29.8,0,2159.07,30.8,0
"2025-11-15 18:15:00",2348,802,"Chapada_Low",11.86,2066.48,30.4,0,1991.8,30.1,0,2045.56,30.3,0,2046.7,28.8,0,1988.27,28.6,0,1970.22,29.4,0,1955.22,29.7,0,1959.82,29.1,0,2159.35,30.2,0
"2025-11-15 18:30:00",2349,802,"Chapada_Low",11.86,2066.89,29.4,0,1992.55,29.1,0,2044.62,29,0,2047.73,27.8,0,1987.38,27.2,0,1970.3,27.8,0,1957.76,28.4,0,1960.25,28,0,2159.53,28.6,0
"2025-11-15 18:45:00",2350,802,"Chapada_Low",11.86,2066.22,27.9,5,1993.26,27.8,0,2044.87,27.6,0,2047.2,26.6,0,1988.93,25.8,0,1971.16,26,0,1959.23,26.8,0,1962.79,26.6,0,2160.56,27.1,0
"2025-11-15 19:00:00",2351,802,"Chapada_Low",11.86,2067.76,26.8,0,1994.09,26.7,0,2046.11,26.4,0,2048.46,25.4,0,1991.68,24.6,0,1973.59,24.6,0,1959.8,25.4,0,1963.35,25.4,0,2160.79,25.8,0
"2025-11-15 19:15:00",2352,802,"Chapada_Low",11.86,2069.18,25.7,0,1994.87,25.6,0,2047.51,25.4,0,2050.44,24.4,0,1993.66,23.4,0,1974.72,23.3,0,1963.79,24.4,0,1963.67,24.3,1,2160.93,24.7,0
"2025-11-15 19:30:00",2353,802,"Chapada_Low",11.86,2070.01,24.7,0,1994.92,24.6,0,2048.18,24.6,0,2052.44,23.6,0,1995.38,22.6,0,1976.97,22.3,0,1966.34,23.5,0,1967.32,23.4,0,2162.19,23.7,0
"2025-11-15 19:45:00",2354,802,"Chapada_Low",11.86,2069.76,24,0,1995.64,23.8,0,2048.16,24,4,2054.37,23,0,1998.88,22.1,0,1979.21,21.7,0,1968.32,22.8,0,1967.66,22.7,0,2164.02,23.1,0
"2025-11-15 20:00:00",2355,802,"Chapada_Low",11.86,2071.24,23.5,0,1996.23,23.3,0,2048.72,23.5,0,2055.42,22.5,0,1999.77,21.6,0,1981.49,21.2,0,1969.42,22.3,0,1971.35,22.1,0,2163.43,22.6,0
"2025-11-15 20:15:00",2356,802,"Chapada_Low",11.86,2071.53,23,0,1996.63,22.8,0,2049.56,23.1,0,2057.38,22.1,0,2001.87,21.2,0,1982.28,20.7,0,1971.24,21.8,0,1971.75,21.6,0,2166.23,22.2,0
"2025-11-15 20:30:00",2357,802,"Chapada_Low",11.86,2072.7,22.6,0,1997.87,22.4,0,2050.14,22.7,0,2058.36,21.7,0,2004.08,20.8,0,1982.61,20.4,0,1974.33,21.3,0,1973.23,21.2,0,2164.45,21.9,0
"2025-11-15 20:45:00",2358,802,"Chapada_Low",11.86,2072.33,22.2,0,1998.81,21.9,0,2051.87,22.1,0,2059.97,21.4,0,2005.34,20.4,0,1984.48,19.9,0,1977.41,21,0,1975.24,20.7,0,2165.1,21.4,0
"2025-11-15 21:00:00",2359,802,"Chapada_Low",11.86,2071.74,21.8,0,2000,21.6,0,2052.45,21.8,0,2061.06,21,0,2006.74,20,0,1985.28,19.6,0,1981.46,20.6,0,1977.17,20.4,0,2165.44,21.1,0
"2025-11-15 21:15:00",2360,802,"Chapada_Low",11.86,2073.73,21.5,0,1999.89,21.3,0,2052.62,21.6,0,2061.81,20.7,0,2007.56,19.7,0,1987.83,19.3,0,1981.91,20.3,0,1979.08,20.1,0,2167.8,20.8,4
"2025-11-15 21:30:00",2361,802,"Chapada_Low",11.86,2074.14,21.3,0,2000.17,21.1,0,2053.3,21.4,0,2063.12,20.5,0,2009.62,19.6,0,1989.17,19.1,0,1984.34,20.1,0,1981.03,19.9,0,2167.89,20.5,0
"2025-11-15 21:45:00",2362,802,"Chapada_Low",11.86,2074.67,21.1,0,2000.27,20.9,0,2054.03,21.2,0,2063.57,20.3,0,2010.74,19.5,0,1989.75,19,0,1984.82,19.9,0,1982.34,19.8,0,2169.45,20.4,0
"2025-11-15 22:00:00",2363,802,"Chapada_Low",11.86,2075.47,20.9,0,2002.61,20.6,0,2055.08,21,0,2064.46,20.1,0,2011.74,19.3,0,1989.91,18.8,3,1986.08,19.6,0,1986.01,19.6,0,2170.28,20.2,0
"2025-11-15 22:15:00",2364,802,"Chapada_Low",11.86,2075.43,20.7,0,2002.05,20.4,0,2055.63,20.8,0,2065.05,19.9,0,2012.09,19.1,0,1991.92,18.6,0,1989.53,19.5,0,1985.42,19.4,0,2168.63,19.9,0
"2025-11-15 22:30:00",2365,802,"Chapada_Low",11.86,2076.9,20.5,0,2003.05,20.3,0,2055.27,20.6,0,2065.79,19.8,0,2013.07,19,0,1993.97,18.5,0,1988.89,19.4,0,1986.5,19.3,0,2169.64,19.8,0
"2025-11-15 22:45:00",2366,802,"Chapada_Low",11.86,2076.99,20.4,0,2003.02,20.1,0,2056.28,20.4,2,2066.68,19.6,0,2014.22,18.8,0,1994.63,18.4,0,1991.58,19.1,0,1988.01,19.1,0,2170.28,19.6,0
"2025-11-15 23:00:00",2367,802,"Chapada_Low",11.86,2077.3,20.2,0,2003.28,19.9,0,2056.37,20.3,0,2066.59,19.4,0,2016.03,18.6,0,1995.55,18.2,0,1990.86,19,0,1988.93,18.9,0,2170.59,19.6,0
"2025-11-15 23:15:00",2368,802,"Chapada_Low",11.86,2077.6,20.1,0,2003.68,19.8,0,2057.31,20.2,0,2067.87,19.3,0,2016.43,18.4,0,1996.64,18,0,1992.07,18.8,0,1989.72,18.8,0,2170.96,19.4,0
"2025-11-15 23:30:00",2369,802,"Chapada_Low",11.86,2076.62,20,0,2004.79,19.6,0,2058.65,20,0,2068.69,19.2,0,2016.97,18.3,0,1996.94,17.9,0,1993.32,18.6,0,1990.69,18.6,0,2171.46,19.3,0
"2025-11-15 23:45:00",2370,802,"Chapada_Low",11.86,2077.14,19.9,0,2005.34,19.5,0,2058.05,20,0,2068.94,19.1,0,2017.16,18.2,0,1997.04,17.8,0,1994.13,18.5,0,1991.77,18.5,0,2171.65,19.2,0
"2025-11-16 00:00:00",2371,802,"Chapada_Low",11.86,2077.28,19.9,0,2006.21,19.5,0,2058.77,19.9,0,2068.95,19.1,0,2018.33,18.3,0,1999.58,17.9,0,1995.65,18.6,0,1991.93,18.5,0,2172.52,19.2,0
"2025-11-16 00:15:00",2372,802,"Chapada_Low",11.86,2077.51,19.9,0,2005.63,19.6,0,2060.41,19.9,0,2069.5,19.1,3,2018.24,18.3,0,2000.8,18,0,1995.8,18.6,0,1993.82,18.5,0,2172.72,19.2,0
"2025-11-16 00:30:00",2373,802,"Chapada_Low",11.86,2078.97,19.8,0,2005.73,19.5,0,2059.72,19.9,0,2070.18,19.1,0,2019.49,18.4,0,1998.81,18,0,1997.02,18.6,0,1993.16,18.6,0,2173.15,19.2,0
"2025-11-16 00:45:00",2374,802,"Chapada_Low",11.86,2080.02,19.8,0,2006.21,19.5,0,2059.98,19.9,0,2070.93,19,0,2019.4,18.4,6,2000.93,18,0,1998.18,18.6,0,1995.99,18.6,0,2174.07,19.2,0
"2025-11-16 01:00:00",2375,802,"Chapada_Low",11.86,2078.16,19.8,0,2006.98,19.5,0,2060.47,19.8,0,2070.3,19,0,2019.74,18.4,0,2001.44,18,0,1998.74,18.6,0,1996.84,18.6,0,2173.71,19.1,0
"2025-11-16 01:15:00",2376,802,"Chapada_Low",11.86,2080.27,19.7,0,2006.91,19.4,0,2060.22,19.7,0,2071.02,18.9,0,2021.04,18.3,0,2002,17.9,0,1999.87,18.5,0,1997.19,18.5,0,2174.41,19,0
"2025-11-16 01:30:00",2377,802,"Chapada_Low",11.86,2078.93,19.7,0,2006.78,19.3,0,2061.11,19.6,0,2070.83,18.8,0,2021.08,18.2,0,2000.66,17.8,0,2001.42,18.3,0,1996.65,18.4,0,2174.69,19,0
"2025-11-16 01:45:00",2378,802,"Chapada_Low",11.86,2079.51,19.7,0,2006.94,19.3,0,2060.49,19.7,0,2072.1,18.9,0,2022.21,18.3,0,2002.29,17.9,0,2000.2,18.4,0,1998.18,18.5,0,2174.38,19,0
"2025-11-16 02:00:00",2379,802,"Chapada_Low",11.86,2079.51,19.6,0,2007.2,19.3,0,2061.8,19.6,0,2072.03,18.8,0,2022.7,18.1,0,2002.42,17.8,0,2001.6,18.3,0,1997.54,18.4,0,2175.74,18.9,0
"2025-11-16 02:15:00",2380,802,"Chapada_Low",11.86,2079.58,19.6,0,2006.35,19.2,0,2061.71,19.6,0,2071.34,18.8,0,2022.53,18.1,0,2003.61,17.8,0,2001.92,18.3,0,1998.44,18.4,0,2175.93,19.1,0
"2025-11-16 02:30:00",2381,802,"Chapada_Low",11.86,2081.84,19.6,0,2008.28,19.3,0,2062.14,19.5,0,2072.21,18.7,3,2022.77,18.1,0,2003.55,17.8,0,2002.51,18.3,0,2000.5,18.4,0,2176.59,19.1,0
"2025-11-16 02:45:00",2382,802,"Chapada_Low",11.86,2080,19.5,0,2009.26,19.2,0,2062.57,19.5,0,2072.39,18.6,0,2023.57,17.9,0,2004.37,17.8,0,2002.98,18.2,0,1999.4,18.3,0,2176.67,18.9,0
"2025-11-16 03:00:00",2383,802,"Chapada_Low",11.86,2080.03,19.3,0,2008.03,19,0,2062.68,19.4,0,2072.69,18.5,0,2024.22,17.8,0,2002.88,17.5,0,2003.3,18,0,2000.6,18.1,0,2176.81,18.8,0
"2025-11-16 03:15:00",2384,802,"Chapada_Low",11.86,2080.42,19.1,0,2009.02,18.8,0,2061.53,19.2,0,2072.8,18.3,0,2024.57,17.6,0,2004.45,17.2,0,2003.8,17.8,0,2000.68,17.9,0,2177.64,18.5,0
"2025-11-16 03:30:00",2385,802,"Chapada_Low",11.86,2080.94,19,0,2008.66,18.7,0,2063.34,19.1,0,2073.11,18.3,0,2024.92,17.5,0,2005.2,17.2,0,2004.88,17.7,0,2003.57,17.8,0,2178.43,18.4,0
"2025-11-16 03:45:00",2386,802,"Chapada_Low",11.86,2080.97,18.9,0,2008.83,18.6,0,2062.67,19,0,2073.6,18.2,0,2025.28,17.5,2,2003.94,17.1,0,2006.19,17.6,0,2002.68,17.8,0,2178.14,18.3,0
"2025-11-16 04:00:00",2387,802,"Chapada_Low",11.86,2080.89,18.9,0,2009.23,18.7,0,2064.28,19,0,2074.18,18.2,0,2025.77,17.6,0,2005.03,17.2,0,2006.01,17.7,0,2003.57,17.8,0,2178.82,18.4,0
"2025-11-16 04:15:00",2388,802,"Chapada_Low",11.86,2081.52,19,0,2008.78,18.7,0,2064.88,18.9,0,2073.96,18.2,0,2026.03,17.6,0,2006.75,17.2,0,2005.73,17.7,0,2003.79,17.8,0,2178.63,18.4,0
"2025-11-16 04:30:00",2389,802,"Chapada_Low",11.86,2081.31,18.9,0,2008.87,18.6,0,2064.12,18.9,0,2074.47,18.1,0,2026.45,17.5,0,2005.31,17.2,0,2006.3,17.7,0,2004.79,17.8,0,2179.8,18.3,4
"2025-11-16 04:45:00",2390,802,"Chapada_Low",11.86,2081.8,18.7,0,2010.41,18.4,0,2064.68,18.8,0,2074.87,18,0,2025.88,17.3,0,2006.27,16.9,0,2007.38,17.6,0,2005.13,17.6,0,2180.07,18.1,0
"2025-11-16 05:00:00",2391,802,"Chapada_Low",11.86,2082.25,18.5,0,2010.24,18.2,0,2064.4,18.6,0,2075.4,17.9,0,2026.98,17.1,0,2006.03,16.7,0,2007.71,17.3,0,2005.85,17.4,0,2179.82,17.9,0
"2025-11-16 05:15:00",2392,802,"Chapada_Low",11.86,2082.06,18.5,0,2010.13,18.1,0,2065.16,18.5,0,2075.61,17.8,0,2028,17.1,0,2007.27,16.7,0,2008.37,17.2,0,2006.36,17.3,0,2181.38,18,0
"2025-11-16 05:30:00",2393,802,"Chapada_Low",11.86,2081.94,18.6,0,2010.68,18.3,0,2064.85,18.6,0,2075.83,17.9,0,2027.82,17.4,0,2008.21,17,0,2008.95,17.4,0,2007.75,17.4,0,2181.6,18.2,4
"2025-11-16 05:45:00",2394,802,"Chapada_Low",11.86,2082.65,18.6,0,2011.49,18.4,0,2065.69,18.7,0,2076,18,0,2027.76,17.5,0,2009.93,17.2,0,2009.75,17.6,0,2007.97,17.5,0,2181.69,18.1,0
"2025-11-16 06:00:00",2395,802,"Chapada_Low",11.86,2082.48,18.7,0,2010.86,18.4,0,2066.35,18.7,0,2075.53,18.1,0,2028.04,17.6,0,2008.92,17.2,0,2009.06,17.6,0,2010.06,17.6,0,2182.1,18.1,0
"2025-11-16 06:15:00",2396,802,"Chapada_Low",11.86,2082,18.8,0,2011.01,18.5,0,2065.88,18.7,0,2075.76,18.1,0,2029.21,17.6,0,2008.58,17.2,0,2009.89,17.7,0,2008.77,17.6,0,2181.77,18.1,0
"2025-11-16 06:30:00",2397,802,"Chapada_Low",11.86,2083.33,18.9,0,2010.63,18.6,0,2065.91,18.8,0,2076.18,18.2,0,2029.27,17.7,0,2010.29,17.4,0,2009.9,17.7,0,2009.16,17.7,0,2182.2,18.2,4
"2025-11-16 06:45:00",2398,802,"Chapada_Low",11.86,2082.71,19.2,0,2011.29,18.8,0,2066.05,19.1,0,2076.29,18.5,0,2027.87,18,0,2009.89,18.1,0,2010.34,18,0,2009.71,18,0,2182.02,18.6,0
"2025-11-16 07:00:00",2399,802,"Chapada_Low",11.86,2084.62,20.5,0,2010.79,19.8,0,2066.67,19.8,0,2075.83,19.1,1,2028.57,18.7,0,2010.35,18.9,0,2010.91,18.7,0,2010.56,18.5,0,2183.12,19.7,0
"2025-11-16 07:15:00",2400,802,"Chapada_Low",11.86,2085.11,21.9,0,2010.38,21.1,0,2067.11,21.1,0,2075.09,19.9,0,2027.35,19.4,0,2008.18,20.1,0,2010.2,19.4,0,2009.84,19.3,0,2182.16,21.2,0
"2025-11-16 07:30:00",2401,802,"Chapada_Low",11.86,2085,23.5,0,2009.88,22.5,0,2067.44,22.4,0,2073.32,21.2,0,2026.26,20.3,0,2009.36,21.9,0,2009.85,20.4,0,2009.07,20,0,2181.72,22.6,0
"2025-11-16 07:45:00",2402,802,"Chapada_Low",11.86,2083.9,24.9,0,2010.39,24.1,0,2068.49,23.7,0,2072.48,22.6,0,2023.21,21.6,0,2007.31,23.3,0,2006.48,21.5,0,2008.61,21.7,0,2181,24.2,0
"2025-11-16 08:00:00",2403,802,"Chapada_Low",11.86,2083.25,26.1,0,2008.63,25.2,0,2067.04,25.6,0,2068.61,24.1,0,2021.54,22.3,0,2003.26,25.2,0,2004.81,23.8,0,2006.83,23.6,0,2178.91,25.7,0
"2025-11-16 08:15:00",2404,802,"Chapada_Low",11.86,2082.4,27.2,0,2007.37,26.1,0,2066.08,26.5,0,2065.69,26.1,0,2019.34,23.1,0,1999.79,26.7,0,2001.44,25.7,0,2003.05,25.1,0,2178.15,27.1,0
"2025-11-16 08:30:00",2405,802,"Chapada_Low",11.86,2081.29,28.1,0,2006.85,26.8,0,2066.59,27.3,0,2065.4,27.1,0,2017.53,23.7,0,1996.78,28.5,3,1997.76,27.3,0,1998.62,26.3,0,2176.66,28.4,0
"2025-11-16 08:45:00",2406,802,"Chapada_Low",11.86,2081.34,29.1,0,2005.2,27.7,0,2064.78,28.2,0,2061.56,28.1,0,2013.1,25.9,0,1992.31,29.9,0,1991.37,29.3,0,1992.86,27.7,0,2174.49,30.1,2
"2025-11-16 09:00:00",2407,802,"Chapada_Low",11.86,2080.19,30.1,0,2003.25,28.7,0,2063.78,29.3,2,2058.76,29.4,0,2007.99,28.8,0,1988.79,30.3,0,1987.68,30.6,0,1987.72,28.9,0,2170.75,31.7,0
"2025-11-16 09:15:00",2408,802,"Chapada_Low",11.86,2079.7,30.9,0,2002.65,29.6,0,2064.26,30.3,0,2055.75,30.6,0,2002.94,31.1,0,1986.59,30.8,0,1983.22,31.3,0,1983.51,30.1,0,2166.98,33.9,0
"2025-11-16 09:30:00",2409,802,"Chapada_Low",11.86,2077.88,32.5,0,2001.14,30.9,0,2063.13,31.5,0,2053.27,31.9,0,1997.85,32.9,0,1983.99,31.4,0,1980.19,32.3,0,1979.16,31.6,0,2165.9,34.7,0
"2025-11-16 09:45:00",2410,802,"Chapada_Low",11.86,2076.82,32.8,0,1999.48,32.8,0,2061.04,32.8,0,2048.99,33.2,0,1994.5,34.1,0,1983.65,32,0,1976.01,33.4,0,1975.77,32.9,0,2164.27,35.8,0
"2025-11-16 10:00:00",2411,802,"Chapada_Low",11.86,2075.58,33.3,0,1998.95,33.5,0,2059.74,34,0,2044.75,35.2,0,1991.29,35,0,1980.33,32.5,0,1972.58,34.3,0,1971.95,34.2,0,2161.99,36.9,0
"2025-11-16 10:15:00",2412,802,"Chapada_Low",11.86,2074.88,33.7,0,1997.55,34.1,0,2057.6,34.5,0,2041.48,36.5,0,1987.52,36.9,0,1979.95,32.7,0,1969.44,35.2,0,1969.1,35.2,0,2159.72,37.9,0
"2025-11-16 10:30:00",2413,802,"Chapada_Low",11.86,2073.44,34,0,1996.43,34.5,0,2056.11,35.1,0,2039.48,37.4,0,1985.38,36.1,0,1976.63,34.1,0,1966.08,36,0,1965.57,36.1,0,2158.73,38.4,0
"2025-11-16 10:45:00",2414,802,"Chapada_Low",11.86,2071.88,34.1,0,1995.56,34.7,0,2053.92,35.8,0,2036.84,38.1,0,1984.92,35.8,0,1976.49,33.3,0,1963.86,37.5,0,1963.73,36.6,0,2155.39,38.9,0
"2025-11-16 11:00:00",2415,802,"Chapada_Low",11.86,2069.44,34.6,0,1994.23,35.3,2,2052.73,36.8,0,2033.93,38.7,0,1984.01,35.5,0,1975.28,33.2,0,1961.64,37.7,9,1962.5,37,0,2153.3,40.1,0
"2025-11-16 11:15:00",2416,802,"Chapada_Low",11.86,2068.3,35.5,0,1994.59,35.5,0,2050.72,37.6,0,2032.04,39.2,5,1984.91,34.5,0,1974.8,33,0,1958.86,38.2,0,1960.9,37.1,0,2150.33,40.5,0
"2025-11-16 11:30:00",2417,802,"Chapada_Low",11.86,2067.37,36,0,1993.9,36.3,0,2046.54,38.3,0,2031.12,39.4,9,1983.82,34,0,1973.55,33.3,0,1956.06,38.7,0,1959.29,37,0,2150.21,40.3,0
"2025-11-16 11:45:00",2418,802,"Chapada_Low",11.86,2066.7,35.8,11,1994.42,35.8,0,2045.45,39.4,0,2028.68,39,0,1984.06,34.4,0,1972.1,33.8,11,1954.36,39,0,1958.06,36.6,0,2147.08,40,0
"2025-11-16 12:00:00",2419,802,"Chapada_Low",11.86,2067.33,36.3,0,1993.46,35,0,2042.44,38.5,0,2024.99,38.5,0,1981.48,35.8,0,1970.64,34.2,0,1951.77,40.6,0,1957.8,35.5,0,2146.78,40.3,0
"2025-11-16 12:15:00",2420,802,"Chapada_Low",11.86,2066.35,37.7,0,1992.62,34.8,0,2042.18,37.4,0,2023.87,37.9,0,1980.42,36.5,0,1970.06,35.7,0,1948.42,42.2,0,1957.56,35,0,2145.16,43.8,0
"2025-11-16 12:30:00",2421,802,"Chapada_Low",11.86,2065.04,39,0,1993.33,36.2,0,2040.39,38.7,0,2022.94,38.2,0,1979.42,36.7,0,1968.73,37,0,1946.74,43,0,1957.05,36,0,2142.08,45.7,0
"2025-11-16 12:45:00",2422,802,"Chapada_Low",11.86,2063.05,40,0,1990.66,38.5,0,2036.64,43,0,2022.9,38.3,0,1978.56,35.8,0,1968.13,37.5,0,1945.44,43.8,0,1954.94,38.4,0,2139.12,46.5,0
"2025-11-16 13:00:00",2423,802,"Chapada_Low",11.86,2061.04,40,0,1988.43,40.2,0,2033.95,45.1,0,2023.7,37.3,0,1979.53,34.5,0,1968.31,37.4,0,1944.79,43.8,0,1951.26,41.7,0,2135.71,46.5,0
"2025-11-16 13:15:00",2424,802,"Chapada_Low",11.86,2060.46,39.4,0,1988.21,40,0,2033.26,44.4,0,2023.13,36.7,0,1979.45,33.8,0,1966.33,36.7,0,1942.58,42.3,0,1949.67,42.4,0,2133.02,45.2,0
"2025-11-16 13:30:00",2425,802,"Chapada_Low",11.86,2060.16,38.8,0,1988.16,39.8,0,2032.79,44.6,0,2022.73,36.8,0,1978.63,33.7,0,1964.98,36.3,0,1942.69,41.8,0,1947.84,42.3,0,2132.39,42.9,0
"2025-11-16 13:45:00",2426,802,"Chapada_Low",11.86,2059.36,38.9,0,1988.23,39.4,0,2030.5,45.1,0,2020.79,37.6,0,1978.33,33.7,0,1963.82,36.2,0,1941.6,41.9,0,1946.14,41.8,0,2131.14,41.4,0
"2025-11-16 14:00:00",2427,802,"Chapada_Low",11.86,2058.6,39.1,0,1988.08,38.9,0,2027.86,45.4,0,2019.62,38,0,1977.7,35,0,1962.76,36.4,0,1939.32,41.9,0,1947.28,40.3,0,2127.99,41.2,0
"2025-11-16 14:15:00",2428,802,"Chapada_Low",11.86,2058.8,38.5,0,1988.56,38,0,2026.15,44.3,5,2018.28,37.4,0,1977.38,33.6,0,1963.93,36.8,0,1940.67,40.6,0,1947.51,38.4,0,2128.12,40.1,0
"2025-11-16 14:30:00",2429,802,"Chapada_Low",11.86,2058.38,38.1,0,1988.4,37.4,0,2025.44,44,0,2017.9,37,0,1977.96,33.3,0,1962.21,35.8,0,1939.58,41.3,0,1946.44,37.4,0,2126.52,40,0
"2025-11-16 14:45:00",2430,802,"Chapada_Low",11.86,2058.05,36.3,0,1988.46,36.2,0,2022.24,40.3,0,2016.86,35.2,0,1978.82,31.7,0,1963.38,33.6,0,1941.31,38.5,0,1948.02,35.6,0,2126.15,37.3,0
"2025-11-16 15:00:00",2431,802,"Chapada_Low",11.86,2057.74,37,0,1988.49,36.5,0,2023.22,41.3,0,2017.88,35.5,0,1977.84,32.8,0,1962.14,34.4,0,1940.56,39.2,0,1947.6,35.7,0,2123.64,38.4,0
"2025-11-16 15:15:00",2432,802,"Chapada_Low",11.86,2057.12,37.7,0,1987.44,38.2,0,2022.58,42.4,0,2016.95,36.4,0,1977.89,33.7,0,1961.22,35.3,0,1940.51,40.2,0,1947.74,36.2,0,2122.22,39.2,0
"2025-11-16 15:30:00",2433,802,"Chapada_Low",11.86,2057.23,37.1,0,1987.28,37.6,0,2020.5,42.4,0,2015.8,36.3,0,1976.36,33.5,0,1961.03,35,0,1938.29,39.9,0,1947.59,35.9,0,2121.43,38.5,0
"2025-11-16 15:45:00",2434,802,"Chapada_Low",11.86,2056.27,36.3,0,1987.8,36.6,0,2019.43,40.8,0,2015.38,36.3,0,1975.94,33.5,0,1961.84,34.8,0,1940.69,39.1,0,1948.37,35.3,0,2120.4,38.2,0
"2025-11-16 16:00:00",2435,802,"Chapada_Low",11.86,2054.7,36.1,0,1987.81,36.4,0,2018.49,39.9,0,2013.68,35.6,1,1976.59,34.2,0,1959.86,35.6,0,1940.04,38.6,0,1946.97,35.1,0,2118.56,37.8,0
"2025-11-16 16:15:00",2436,802,"Chapada_Low",11.85,2054.33,35.5,0,1988.03,35.9,0,2018.07,38.7,0,2014.45,34.8,0,1976.21,33.1,0,1960.92,35,0,1939.52,38.1,0,1947.4,34.5,0,2117.98,36.8,0
"2025-11-16 16:30:00",2437,802,"Chapada_Low",11.86,2054.83,35.2,0,1987.28,35.5,0,2018.54,37.9,0,2013.7,34.3,0,1976.02,32.8,0,1961.05,34.3,0,1939.95,37.4,0,1946.86,34.1,0,2116.82,36.2,0
"2025-11-16 16:45:00",2438,802,"Chapada_Low",11.86,2053.58,34.5,0,1987.79,34.8,0,2017.84,36.5,0,2013.33,33.5,0,1975.32,32.1,0,1961.17,33.3,0,1938.44,35.8,0,1947.08,33.4,0,2116.65,35.8,0
"2025-11-16 17:00:00",2439,802,"Chapada_Low",11.86,2054.25,33.6,0,1987.33,33.5,0,2017.39,34.5,0,2014.99,32.1,0,1976.72,30.7,0,1959.94,31.6,0,1939.23,33.8,0,1948.44,32.2,0,2115.95,33.6,0
"2025-11-16 17:15:00",2440,802,"Chapada_Low",11.86,2053.94,32.7,0,1987.25,33,0,2018.59,33.4,0,2015.34,31.3,0,1977.97,30.1,0,1960.01,30.9,0,1940.58,32.6,0,1948.27,31.4,0,2116.4,32.5,0
"2025-11-16 17:30:00",2441,802,"Chapada_Low",11.86,2054.42,31.4,0,1988.17,31.6,0,2018.04,32.1,0,2016.12,30.2,0,1977.49,29,0,1960.3,29.6,0,1941.94,31,0,1949.85,30.2,0,2117.74,31.1,0
"2025-11-16 17:45:00",2442,802,"Chapada_Low",11.86,2054.83,30.8,0,1988.2,30.8,0,2019.05,31.1,0,2016.99,29.6,0,1978.24,29,0,1961.27,29.1,0,1942.72,30.2,0,1949.54,29.5,0,2118.14,30.5,0
"2025-11-16 18:00:00",2443,802,"Chapada_Low",11.86,2054.86,30.1,0,1989.22,30.1,0,2018.58,30.2,0,2017.33,28.9,0,1979.23,28,0,1961.12,28.8,0,1943.6,29.3,0,1951,28.8,0,2118.29,29.7,0
"2025-11-16 18:15:00",2444,802,"Chapada_Low",11.86,2054.83,29.3,0,1989.46,29.3,0,2018.97,29.3,0,2018.37,28,0,1979.16,27.1,0,1961.37,27.6,0,1944.54,28.6,0,1951.87,28,0,2119.04,28.8,0
"2025-11-16 18:30:00",2445,802,"Chapada_Low",11.86,2055.67,28.5,0,1990.87,28.5,0,2020.81,28.5,0,2018.17,27.2,0,1979.67,26.3,0,1961.66,26.6,0,1947.4,27.6,0,1952.56,27.2,0,2119.69,28,0
"2025-11-16 18:45:00",2446,802,"Chapada_Low",11.86,2054.82,27.6,0,1990.8,27.7,0,2020.02,27.6,0,2020.01,26.4,0,1981.18,25.5,0,1963.2,25.5,0,1948.58,26.5,0,1954.33,26.3,0,2119.59,27,0
"2025-11-16 19:00:00",2447,802,"Chapada_Low",11.86,2056.51,26.6,0,1990.3,26.7,0,2021.93,26.6,0,2021.53,25.4,0,1982.45,24.4,0,1964.76,24.4,0,1950.33,25.5,0,1956.02,25.4,0,2119.44,25.9,0
"2025-11-16 19:15:00",2448,802,"Chapada_Low",11.85,2057.78,25.6,0,1992.2,25.6,0,2021.71,25.5,0,2022.47,24.6,0,1984.35,23.5,0,1966.12,23.3,0,1951.98,24.7,0,1956.88,24.4,0,2121.5,24.9,0
"2025-11-16 19:30:00",2449,802,"Chapada_Low",11.85,2058.2,24.8,0,1992.59,24.8,0,2024.03,24.8,0,2024.59,23.8,0,1986.7,22.8,0,1968.42,22.6,0,1952.18,23.8,0,1958.36,23.6,0,2121.99,24.1,0
"2025-11-16 19:45:00",2450,802,"Chapada_Low",11.86,2058.03,24.1,0,1992.36,24.1,0,2023.95,24.2,0,2025.96,23.2,0,1987.88,22.2,0,1968.44,22,0,1955.44,23.1,0,1958.53,22.9,0,2121.03,23.5,0
"2025-11-16 20:00:00",2451,802,"Chapada_Low",11.86,2059.17,23.5,0,1992.58,23.6,0,2024.2,23.7,0,2028.81,22.8,0,1990.27,21.8,0,1971.26,21.4,0,1957.82,22.6,0,1960.9,22.4,0,2122.38,23.1,4
"2025-11-16 20:15:00",2452,802,"Chapada_Low",11.86,2060.49,23,0,1993.88,23.1,0,2026.04,23.3,0,2029.94,22.4,0,1992.76,21.5,0,1972.33,21,0,1958.44,22.1,0,1963.52,21.9,0,2122.9,22.6,0
"2025-11-16 20:30:00",2453,802,"Chapada_Low",11.86,2060.34,22.6,0,1993.82,22.7,0,2027.05,22.9,0,2030.97,22.1,0,1993.86,21,0,1974.16,20.6,0,1960.52,21.5,0,1963.49,21.5,0,2124.99,22.3,0
"2025-11-16 20:45:00",2454,802,"Chapada_Low",11.86,2060.75,22.3,0,1995.85,22.3,0,2027.6,22.5,0,2032.73,21.6,0,1995.56,20.7,0,1974.04,20.2,0,1962.91,21.1,0,1965.9,21,0,2124.1,21.8,0
"2025-11-16 21:00:00",2455,802,"Chapada_Low",11.86,2062.35,22,0,1995.74,22,0,2028.69,22.2,0,2033.49,21.3,0,1996.76,20.4,0,1976.43,19.9,0,1965.69,20.7,0,1967.05,20.7,0,2125.48,21.5,0
"2025-11-16 21:15:00",2456,802,"Chapada_Low",11.86,2062.13,21.8,0,1996.21,21.7,0,2029.59,21.9,0,2034.74,21,0,1998.15,20.2,0,1977.91,19.7,0,1969.33,20.5,0,1968.83,20.5,6,2125.11,21.2,0
"2025-11-16 21:30:00",2457,802,"Chapada_Low",11.86,2061.93,21.5,0,1997.51,21.5,0,2029.74,21.7,0,2035.86,20.8,0,1999.46,20,0,1978.88,19.6,0,1970.72,20.3,0,1970.17,20.3,0,2126.75,21.1,0
"2025-11-16 21:45:00",2458,802,"Chapada_Low",11.86,2062.31,21.3,0,1997.61,21.2,0,2030.99,21.5,4,2035.34,20.6,0,2000.15,19.8,0,1980.86,19.3,0,1972.21,20.1,0,1971.23,20.1,0,2127.61,20.8,0
"2025-11-16 22:00:00",2459,802,"Chapada_Low",11.86,2061.94,21.1,0,1998.63,21,0,2031.66,21.3,0,2036.51,20.4,0,2001.03,19.5,0,1982.02,19.1,0,1972.18,19.8,0,1973.01,19.9,0,2127.62,20.5,0
"2025-11-16 22:15:00",2460,802,"Chapada_Low",11.86,2063.96,20.9,0,1998.76,20.7,0,2031.76,21,0,2037.98,20.2,0,2002.11,19.3,0,1981.62,18.9,0,1974.75,19.5,0,1973.99,19.7,0,2128.25,20.2,0
"2025-11-16 22:30:00",2461,802,"Chapada_Low",11.86,2063.84,20.7,0,1998.42,20.6,0,2032.25,20.8,0,2038.45,20,0,2002.86,19.2,0,1982.25,18.7,0,1975.85,19.4,0,1976.64,19.5,0,2129.19,20,0
"2025-11-16 22:45:00",2462,802,"Chapada_Low",11.86,2065.21,20.5,0,1999.51,20.4,0,2033.15,20.7,0,2039.2,19.9,0,2003.6,19.1,0,1983.44,18.6,0,1976.2,19.3,0,1977.91,19.4,0,2127.62,19.9,0
"2025-11-16 23:00:00",2463,802,"Chapada_Low",11.86,2065.59,20.5,0,1999.78,20.3,0,2034.07,20.5,0,2039.91,19.8,0,2004.43,19,6,1984.28,18.6,0,1979.85,19.2,0,1977.64,19.3,0,2128.58,19.9,0
"2025-11-16 23:15:00",2464,802,"Chapada_Low",11.86,2066.13,20.4,0,1999.82,20.2,0,2033.56,20.5,0,2040.89,19.7,0,2005.61,19,0,1984.55,18.5,0,1979.37,19.1,0,1978.33,19.2,0,2128.82,19.8,0
"2025-11-16 23:30:00",2465,802,"Chapada_Low",11.86,2066.44,20.3,0,2000.82,20.1,0,2035.49,20.4,0,2040.84,19.6,0,2005.48,18.8,0,1987.63,18.4,0,1980.19,19,0,1979.53,19.1,7,2130.98,19.7,0
"2025-11-16 23:45:00",2466,802,"Chapada_Low",11.86,2066.96,20.2,0,2001.94,20,0,2035.43,20.3,0,2041.2,19.5,0,2006.38,18.8,0,1987.27,18.3,0,1981.3,19,0,1980.48,19,0,2129.83,19.6,0
"2025-11-17 00:00:00",2467,802,"Chapada_Low",11.86,2066.53,20.1,0,2001.73,19.8,0,2035.36,20.2,0,2041.38,19.4,3,2007.07,18.6,0,1988.74,18.2,0,1982,18.7,0,1981.4,18.9,0,2130.45,19.4,0
"2025-11-17 00:15:00",2468,802,"Chapada_Low",11.86,2067.65,19.9,0,2003.12,19.7,0,2036.1,20,0,2042.16,19.3,0,2006.92,18.4,0,1989.08,18,0,1983.52,18.6,0,1982.18,18.8,0,2130.21,19.3,0
"2025-11-17 00:30:00",2469,802,"Chapada_Low",11.86,2068.05,19.8,0,2002.93,19.6,0,2036.1,19.9,0,2042.5,19.1,0,2008.39,18.3,0,1989.65,17.9,0,1984.5,18.5,0,1984.06,18.6,0,2130.68,19.2,0
"2025-11-17 00:45:00",2470,802,"Chapada_Low",11.86,2067,19.7,0,2003.31,19.5,0,2036.62,19.8,0,2042.93,19.1,0,2008.87,18.3,0,1990.4,17.9,0,1985.27,18.5,0,1985.82,18.6,0,2130.72,19.2,0
"2025-11-17 01:00:00",2471,802,"Chapada_Low",11.86,2066.75,19.6,0,2002.73,19.4,0,2036.52,19.7,0,2043.95,19,0,2009.88,18.3,0,1991.5,17.9,0,1988.61,18.4,0,1984.81,18.5,0,2130.8,19.1,0
"2025-11-17 01:15:00",2472,802,"Chapada_Low",11.86,2067.46,19.6,0,2003.2,19.3,0,2037.21,19.7,0,2043.86,18.9,0,2009.86,18.2,0,1992.08,17.8,0,1989.53,18.4,0,1985.3,18.5,0,2131.24,19,0
"2025-11-17 01:30:00",2473,802,"Chapada_Low",11.86,2068.84,19.5,0,2003.38,19.3,0,2038.33,19.6,0,2043.86,18.9,0,2010.65,18.1,0,1990.85,17.6,0,1987.95,18.3,0,1986.39,18.4,0,2131.94,18.9,0
"2025-11-17 01:45:00",2474,802,"Chapada_Low",11.86,2068.26,19.5,0,2003.94,19.2,0,2038.32,19.6,0,2044.2,18.8,0,2010.7,18.1,0,1991.33,17.7,0,1989.04,18.2,0,1986.83,18.4,0,2133.03,18.9,0
"2025-11-17 02:00:00",2475,802,"Chapada_Low",11.86,2068.07,19.4,0,2004.57,19.2,2,2038.74,19.6,0,2045,18.8,0,2012.64,18.1,0,1992.66,17.7,0,1990.87,18.2,0,1986.81,18.4,0,2133.35,18.9,0
"2025-11-17 02:15:00",2476,802,"Chapada_Low",11.86,2068.89,19.4,0,2004.5,19.1,0,2039.32,19.5,0,2045.21,18.8,0,2011.47,18.1,0,1991.41,17.7,0,1989.6,18.2,0,1988.05,18.3,0,2133.43,18.9,0
"2025-11-17 02:30:00",2477,802,"Chapada_Low",11.86,2068.97,19.2,0,2005.09,19.1,0,2039.2,19.5,0,2045.19,18.7,0,2012.35,18.1,0,1993.73,17.7,0,1992.07,18.1,0,1988.93,18.3,0,2133.27,18.8,0
"2025-11-17 02:45:00",2478,802,"Chapada_Low",11.86,2068.84,19.1,0,2005.27,18.9,0,2039.59,19.3,0,2045.18,18.6,0,2012.32,18,0,1995.03,17.6,0,1992.01,18,0,1989.79,18.2,0,2133.06,18.7,0
"2025-11-17 03:00:00",2479,802,"Chapada_Low",11.86,2070.04,19,0,2005.37,18.9,6,2040.23,19.2,0,2046.09,18.5,0,2012.87,17.9,0,1993.54,17.6,0,1991.91,18,0,1989.96,18.1,0,2134.65,18.7,0
"2025-11-17 03:15:00",2480,802,"Chapada_Low",11.86,2070.04,19.1,0,2006.34,18.9,0,2040.66,19.2,0,2046.11,18.6,0,2013.12,17.9,0,1995.09,17.5,0,1992.18,18,0,1990.48,18.1,0,2134.88,18.8,0
"2025-11-17 03:30:00",2481,802,"Chapada_Low",11.86,2071.35,19.1,0,2006.1,18.9,0,2040.96,19.3,0,2046.49,18.6,0,2013.72,18,0,1994.51,17.6,0,1992.16,18.1,0,1991.75,18.1,0,2134.26,18.8,0
"2025-11-17 03:45:00",2482,802,"Chapada_Low",11.86,2070.35,19,0,2005.61,18.8,0,2040.48,19.2,0,2046.73,18.5,0,2014.53,17.8,0,1996.86,17.5,0,1993.85,18,0,1991.82,18,0,2135.27,18.7,0
"2025-11-17 04:00:00",2483,802,"Chapada_Low",11.86,2070.88,18.9,0,2006.02,18.7,0,2040.98,19.2,0,2046.52,18.4,0,2015.13,17.7,0,1995.37,17.4,0,1993.76,17.9,0,1992.57,18,0,2136.79,18.6,0
"2025-11-17 04:15:00",2484,802,"Chapada_Low",11.86,2071.15,18.9,0,2005.93,18.7,3,2041.92,19.1,0,2046.51,18.4,0,2015.59,17.8,0,1997.67,17.4,0,1995.18,17.9,0,1992.4,18,0,2135.82,18.5,0
"2025-11-17 04:30:00",2485,802,"Chapada_Low",11.86,2071.32,18.9,0,2006.8,18.6,0,2042.05,19,0,2046.84,18.3,0,2016.01,17.7,0,1996.28,17.3,0,1994.97,17.8,0,1994.24,17.9,0,2135.16,18.4,0
"2025-11-17 04:45:00",2486,802,"Chapada_Low",11.86,2071.15,18.9,0,2006.93,18.6,0,2042.29,19,0,2048.48,18.3,0,2015.94,17.7,0,1998.9,17.4,0,1996.1,17.8,0,1993.9,17.9,0,2136.72,18.5,0
"2025-11-17 05:00:00",2487,802,"Chapada_Low",11.86,2071.05,18.9,0,2007.24,18.7,0,2042.29,19,0,2046.94,18.3,0,2016.18,17.6,0,1998.23,17.4,0,1996.03,17.8,0,1994.61,17.9,0,2136.47,18.5,6
"2025-11-17 05:15:00",2488,802,"Chapada_Low",11.86,2071.74,18.9,0,2007.39,18.7,0,2042.75,19.1,0,2047.75,18.3,0,2017.64,17.7,0,1998.46,17.4,0,1996.32,17.9,0,1995.46,17.9,0,2136.39,18.5,0
"2025-11-17 05:30:00",2489,802,"Chapada_Low",11.86,2071.6,18.9,0,2007.27,18.7,0,2042.97,19.1,0,2047.63,18.4,0,2017.14,17.9,0,1997.27,17.6,0,1995.77,18,0,1995.87,18,0,2137.47,18.6,0
"2025-11-17 05:45:00",2490,802,"Chapada_Low",11.86,2071.37,19.1,0,2008.38,18.9,0,2043.07,19.3,0,2047.44,18.6,0,2017.46,18,0,1999.49,17.8,0,1996.82,18.1,0,1996.3,18.2,0,2136.69,18.8,0
"2025-11-17 06:00:00",2491,802,"Chapada_Low",11.86,2072.19,19.2,0,2007.4,18.9,0,2043.07,19.3,0,2048.82,18.6,0,2017.35,18.1,0,1999.39,17.8,0,1998.19,18.2,0,1997.43,18.2,0,2137.86,18.8,0
"2025-11-17 06:15:00",2492,802,"Chapada_Low",11.86,2072.35,19.3,0,2007.67,19.1,0,2044.32,19.5,0,2048.48,18.8,0,2017.25,18.3,0,1999.73,18.1,0,1996.81,18.4,0,1997.3,18.4,0,2138.47,19.1,0
"2025-11-17 06:30:00",2493,802,"Chapada_Low",11.86,2071.42,19.6,0,2008.21,19.3,0,2044.19,19.7,0,2048.53,19,0,2017,18.6,0,1999.26,18.4,0,1996.75,18.7,0,1997.46,18.7,0,2138.05,19.4,0
"2025-11-17 06:45:00",2494,802,"Chapada_Low",11.86,2073.81,20.1,0,2007.65,19.7,0,2043.93,20.1,0,2048.85,19.4,0,2017.08,19,0,1999.02,18.9,0,1996.22,19.1,0,1998.38,19,0,2137.74,19.8,0
"2025-11-17 07:00:00",2495,802,"Chapada_Low",11.86,2072.39,21,0,2007.24,20.5,0,2043.81,20.7,0,2047.24,19.9,0,2016.12,19.6,0,1997.82,19.7,0,1995.4,19.6,0,1997.76,19.5,0,2139.24,20.7,0
"2025-11-17 07:15:00",2496,802,"Chapada_Low",11.86,2074.03,22.4,0,2007.38,21.7,3,2044.89,21.9,0,2046.52,20.7,0,2014.88,20.3,0,1998.98,21,0,1995.87,20.4,0,1996.26,20.2,0,2137.21,22,0
"2025-11-17 07:30:00",2497,802,"Chapada_Low",11.86,2073.09,23.8,0,2007.39,23,0,2044.58,23.2,0,2045.38,21.9,0,2014,21.2,0,1997.05,22.6,0,1993.41,21.2,0,1996.52,20.9,0,2138.4,23.3,0
"2025-11-17 07:45:00",2498,802,"Chapada_Low",11.86,2073.2,25.1,0,2006.51,24.2,0,2044.52,24.4,0,2042.45,23.1,0,2011.37,22.2,0,1995.24,24,0,1993.68,22.2,0,1993.58,22.5,0,2135.98,25.1,0
"2025-11-17 08:00:00",2499,802,"Chapada_Low",11.86,2071.82,26.8,0,2005.36,25.4,0,2044.14,25.6,0,2040.59,24.5,0,2010.02,22.9,0,1991.1,25.7,0,1991,24.1,0,1991.87,24.2,0,2136.46,26.3,0
"2025-11-17 08:15:00",2500,802,"Chapada_Low",11.86,2070.81,27.7,0,2004.96,26.9,0,2045.21,27,1,2038.72,25.9,0,2007.12,23.8,0,1988.7,27.3,0,1987.23,25.9,0,1989.16,25.7,0,2135.44,27.8,1
"2025-11-17 08:30:00",2501,802,"Chapada_Low",11.86,2070.64,28.8,0,2003.47,27.7,0,2042.84,28.4,0,2036.96,27.6,0,2005.73,24.3,0,1985.87,28.8,0,1982.9,27.7,0,1985.07,27.1,0,2132.92,29.2,0
"2025-11-17 08:45:00",2502,802,"Chapada_Low",11.86,2070.38,29.8,0,2002.69,28.5,0,2042.43,29.2,0,2032.96,29.1,0,2001.29,27.5,0,1982.37,30,0,1977.9,29.1,0,1978.55,28.5,0,2131,30.9,0
"2025-11-17 09:00:00",2503,802,"Chapada_Low",11.86,2068.95,30.8,0,2000.33,29.6,0,2041.24,30.3,0,2030.08,30.1,0,1995.95,29.8,0,1980.4,32.2,0,1974.02,30.6,0,1975.92,29.9,0,2128.38,32.5,0
"2025-11-17 09:15:00",2504,802,"Chapada_Low",11.86,2068.4,31.9,0,1999.11,30.8,0,2041.68,31.5,0,2026.85,31.3,0,1991.54,32.2,0,1977.63,32.6,0,1969.86,32.8,0,1971.51,31.4,0,2127.67,34,0
"2025-11-17 09:30:00",2505,802,"Chapada_Low",11.86,2066.51,33,0,1998.86,32.3,0,2040.27,33,0,2022.73,32.7,0,1987.93,33.9,0,1975.36,33.5,0,1965.77,33.9,0,1967.67,33.2,0,2124.26,36.2,0
"2025-11-17 09:45:00",2506,802,"Chapada_Low",11.85,2065.44,32.9,0,1998.44,32,0,2037.71,32.8,0,2021.64,32.2,0,1987.73,32.1,0,1973.99,32.3,0,1964.24,32.7,0,1966.96,32.9,0,2123.67,34.9,0
"2025-11-17 10:00:00",2507,802,"Chapada_Low",11.85,2063.98,32.6,0,1998.53,32.3,0,2036.83,32.7,1,2019.37,32,0,1986.74,32,0,1972.62,32,0,1962,32.6,0,1964.01,32.9,0,2122.89,34.5,0
"2025-11-17 10:15:00",2508,802,"Chapada_Low",11.86,2064.32,32.9,0,1995.48,32.8,0,2035.26,33.9,0,2018.11,32.8,0,1984.16,32.3,0,1971.9,32.2,0,1960.78,33.2,0,1961.94,33.6,0,2121.12,35.1,0
"2025-11-17 10:30:00",2509,802,"Chapada_Low",11.86,2062.49,33.1,0,1995.62,33.1,0,2034.22,34.1,0,2016.24,33.9,0,1983.46,32.9,0,1970.79,32.4,0,1958.43,33.7,0,1960.42,34.1,0,2120.35,35.5,0
"2025-11-17 10:45:00",2510,802,"Chapada_Low",11.86,2061.9,32.7,0,1996.17,32.5,0,2031.97,33.5,0,2015.39,33.2,0,1982.08,32.8,0,1969.04,32.3,0,1956.37,33.1,0,1959.52,33.5,0,2119.51,34.7,0
"2025-11-17 11:00:00",2511,802,"Chapada_Low",11.86,2061.11,32,0,1995.66,31.6,0,2030.89,32.5,0,2014.32,31.7,0,1982.12,31.2,0,1968.75,31.6,0,1956.08,32.5,0,1958.71,32.4,0,2118.05,33.2,0
"2025-11-17 11:15:00",2512,802,"Chapada_Low",11.86,2061.14,32.2,0,1996.36,31.7,0,2030.65,32.9,0,2014.36,31.5,0,1982.09,31.1,0,1967.96,31.6,0,1955.09,32.7,0,1959.19,32.5,0,2118.13,33.4,0
"2025-11-17 11:30:00",2513,802,"Chapada_Low",11.86,2060.67,32.9,0,1994.04,32.3,0,2030.42,33.9,6,2013.7,32.3,0,1981.23,31.7,0,1967.9,32.2,0,1954.02,33.3,0,1957.87,33.3,0,2117.06,35.2,0
"2025-11-17 11:45:00",2514,802,"Chapada_Low",11.86,2060.36,32.7,0,1995.95,31.8,0,2029.01,32.9,0,2013.43,31.6,0,1982.13,30.6,0,1965.98,31.2,0,1952.85,32.3,0,1957.53,32.4,0,2116.39,33.6,0
"2025-11-17 12:00:00",2515,802,"Chapada_Low",11.86,2058.97,32,0,1995.11,31.5,0,2028.17,32.4,0,2013.61,30.9,0,1981.91,30.6,0,1966.35,30.9,0,1952.32,32.7,0,1957.24,31.8,0,2116.38,33.6,0
"2025-11-17 12:15:00",2516,802,"Chapada_Low",11.86,2059.34,34.9,0,1995.04,33,0,2027.93,34.6,0,2009.95,33.4,0,1978.87,33.7,0,1966.03,34,0,1949.16,37.2,0,1955.81,33.6,0,2113.22,39.5,0
"2025-11-17 12:30:00",2517,802,"Chapada_Low",11.86,2058.12,37.6,0,1993.21,35.9,0,2027.73,37.5,0,2007.8,35.2,0,1976.6,36.3,0,1964.46,37,0,1946.28,41.1,0,1954.32,36.3,0,2110.92,43.2,0
"2025-11-17 12:45:00",2518,802,"Chapada_Low",11.86,2056.08,38.3,0,1991.32,37.3,0,2022.32,40.4,5,2006.77,35.4,0,1976.13,34.7,0,1964.02,37.9,0,1945.23,41.9,0,1951.57,38.3,0,2106.68,43.9,0
"2025-11-17 13:00:00",2519,802,"Chapada_Low",11.86,2053.88,39.1,0,1990.37,39.5,0,2019.09,43.3,0,2005.55,35.6,0,1976.07,34.3,0,1961.76,38,0,1941.94,42.4,0,1948.61,42,0,2106.07,46,0
"2025-11-17 13:15:00",2520,802,"Chapada_Low",11.86,2055.03,38.2,0,1989.32,39.6,0,2018.3,42.8,0,2004.72,35.4,0,1975.01,33.7,0,1961.28,36.8,4,1941.38,41,0,1946.7,41.5,0,2104.28,44.5,0
"2025-11-17 13:30:00",2521,802,"Chapada_Low",11.86,2054.08,38,0,1989.27,38.5,0,2017.05,41.9,0,2002.62,35.4,0,1975.62,33.6,0,1960.16,36,0,1939.12,39.9,0,1946.39,40.3,0,2102.7,41.9,0
"2025-11-17 13:45:00",2522,802,"Chapada_Low",11.86,2052.76,36.1,0,1990.14,36.4,0,2016.37,38.8,0,2002.53,34.1,0,1975.41,32.3,4,1961.53,33.9,0,1940.91,37,0,1946.24,37.1,0,2101.18,38.3,0
"2025-11-17 14:00:00",2523,802,"Chapada_Low",11.86,2052.24,34.9,0,1990.48,34.9,0,2016.6,37.8,0,2004.52,33.4,0,1975.18,31.7,0,1960.98,32.8,0,1940.29,35.5,0,1946.27,35.2,0,2100.53,36.7,0
"2025-11-17 14:15:00",2524,802,"Chapada_Low",11.86,2052.3,32.9,0,1990.36,32.8,0,2015.89,34.9,0,2003.29,32.2,0,1976.1,30.3,0,1960.63,30.9,0,1940.77,33.4,0,1949,33,0,2101.11,34.1,0
"2025-11-17 14:30:00",2525,802,"Chapada_Low",11.86,2052.95,28.1,0,1998.4,27.8,0,2069.11,28.3,0,2015.04,26.3,0,1981.37,25.8,0,1966.13,25.4,0,1949.24,28.1,0,1961.22,27.4,0,2109.92,26.3,0
"2025-11-17 14:45:00",2526,802,"Chapada_Low",11.86,2056.14,25.1,0,2015.96,24.9,0,2123.98,25,6,2022.66,24.1,0,1987.95,22.8,0,1968.86,22.8,0,1953.53,24.9,0,2011.67,24.1,0,2121.88,24.2,0
"2025-11-17 15:00:00",2527,802,"Chapada_Low",11.86,2058.73,24.3,0,2023.61,24.2,0,2124.66,24.5,0,2030.29,23.6,0,1996.12,22.3,0,1969.91,22.3,0,1956.22,23.6,0,2012.78,23.5,1,2129.44,23.8,0
"2025-11-17 15:15:00",2528,802,"Chapada_Low",11.86,2061.11,24,0,2027.56,23.9,0,2124.94,24.3,0,2033.3,23.4,0,1999.28,22.4,0,1972.55,22.2,0,1957.34,23.3,0,2010.16,23.2,0,2134.75,23.6,0
"2025-11-17 15:30:00",2529,802,"Chapada_Low",11.86,2063.47,23.9,0,2029.91,23.7,0,2124.02,24,2,2036.22,23.3,0,2000.78,22.5,0,1973.14,22.1,0,1958.06,23.3,0,2007.06,23.2,0,2139.01,23.5,0
"2025-11-17 15:45:00",2530,802,"Chapada_Low",11.86,2065.42,24,0,2030.99,23.9,0,2123.47,24.2,0,2039.09,23.5,0,2001.04,22.8,0,1976.31,22.5,0,1962.54,23.6,0,2001.6,23.5,0,2144.74,23.7,0
"2025-11-17 16:00:00",2531,802,"Chapada_Low",11.86,2066.01,24,0,2033.27,23.9,4,2124.09,24.4,0,2040.62,23.8,0,2001.08,23,0,1976.18,22.8,0,1961.92,23.7,0,1991.45,23.6,0,2148.73,23.9,0
"2025-11-17 16:15:00",2532,802,"Chapada_Low",11.86,2067.37,24.2,0,2035.84,23.9,0,2121.36,24.5,0,2041.79,24,0,2001.46,23.5,0,1977.92,23,0,1964.17,23.8,0,1989.22,23.7,0,2154.01,23.9,0
"2025-11-17 16:30:00",2533,802,"Chapada_Low",11.86,2067.02,24.5,0,2035.78,24.1,0,2119.56,24.8,0,2043.49,24.1,0,2001.59,23.7,0,1977.88,23.8,0,1964.36,24.2,0,1985.29,24,0,2155.89,24.3,0
"2025-11-17 16:45:00",2534,802,"Chapada_Low",11.86,2068.05,24.9,0,2036.16,24.5,0,2121.72,25.2,0,2044.33,24.3,0,2002.11,23.9,0,1977.9,23.9,0,1964.1,24.9,0,1983.02,24.4,0,2159.2,24.6,0
"2025-11-17 17:00:00",2535,802,"Chapada_Low",11.86,2067.22,25,0,2036.55,24.6,3,2118.42,25.3,0,2045.81,24.3,0,2000.66,23.9,0,1977.73,23.9,0,1964.77,24.8,0,1982.59,24.6,0,2163.07,24.9,0
"2025-11-17 17:15:00",2536,802,"Chapada_Low",11.86,2067.79,25.2,0,2035.98,24.5,0,2119.2,25.2,0,2046.81,24.3,2,2000.48,23.8,0,1978.16,23.8,0,1965.36,24.5,0,1981.67,24.6,0,2163.79,24.9,0
"2025-11-17 17:30:00",2537,802,"Chapada_Low",11.86,2067.47,25.1,0,2037.75,24.8,0,2119.12,25.1,0,2047.65,24.3,0,2001.36,23.6,0,1978,23.7,0,1965.67,24.3,0,1980.53,24.5,0,2166.36,24.6,0
"2025-11-17 17:45:00",2538,802,"Chapada_Low",11.86,2068.22,24.8,0,2038.15,24.6,1,2118.16,25.1,4,2048.19,24.1,0,2001.19,23.5,0,1977.58,23.5,0,1965.75,24.1,0,1980.87,24.3,0,2170.58,24.3,0
"2025-11-17 18:00:00",2539,802,"Chapada_Low",11.86,2067.75,24.5,0,2036.76,24.2,0,2117.44,24.8,0,2049.9,24.1,0,2002.62,23.4,0,1977.55,23.3,0,1965.94,23.8,0,1981.85,24,0,2170.91,24,0
"2025-11-17 18:15:00",2540,802,"Chapada_Low",11.86,2068.89,24.3,0,2038.56,24.1,0,2117.45,24.5,0,2050.66,23.8,0,2002.57,23.4,0,1977.41,23.3,0,1967.58,23.7,0,1982.74,23.8,0,2173.71,23.9,0
"2025-11-17 18:30:00",2541,802,"Chapada_Low",11.86,2068.15,24.2,0,2038.18,24,0,2117.43,24.3,0,2052.9,23.7,0,2003.42,23.2,0,1978.29,23.2,0,1968.24,23.6,0,1983.44,23.7,0,2173.76,23.8,0
"2025-11-17 18:45:00",2542,802,"Chapada_Low",11.86,2068.29,24,0,2039.04,23.8,0,2115.29,24,0,2053.38,23.5,0,2002.89,23,0,1977.92,22.9,0,1968.33,23.3,0,1982.11,23.5,0,2176.29,23.6,0
"2025-11-17 19:00:00",2543,802,"Chapada_Low",11.86,2068.57,23.6,0,2038.93,23.6,1,2115.03,23.7,0,2055.1,23.2,0,2004.73,22.6,0,1978.23,22.6,0,1969.18,23,0,1982.75,23.2,0,2177.71,23.3,0
"2025-11-17 19:15:00",2544,802,"Chapada_Low",11.86,2069.3,23.4,0,2038.65,23.2,0,2114.81,23.4,0,2056.37,22.8,0,2005.53,22.2,0,1978.35,22.1,0,1968.81,22.5,0,1983.62,22.8,0,2178.95,22.8,0
"2025-11-17 19:30:00",2545,802,"Chapada_Low",11.86,2068.93,23,0,2038.38,23,0,2114.94,23.1,1,2058.48,22.5,0,2005.49,21.9,0,1979.41,21.9,0,1969.67,22.3,0,1985.34,22.5,0,2182.38,22.5,0
"2025-11-17 19:45:00",2546,802,"Chapada_Low",11.86,2069.81,22.9,0,2039.56,22.8,0,2115.51,23,0,2060.14,22.4,0,2006.95,21.9,10,1980.19,21.8,0,1971.17,22.2,0,1986.11,22.4,0,2183.25,22.5,0
"2025-11-17 20:00:00",2547,802,"Chapada_Low",11.86,2068.12,22.6,0,2039.68,22.6,0,2115.46,22.8,0,2061.35,22.2,0,2007.38,21.8,0,1980.45,21.6,0,1972.74,22,0,1987.37,22.2,0,2185.29,22.2,0
"2025-11-17 20:15:00",2548,802,"Chapada_Low",11.86,2070.2,22.4,0,2041.35,22.3,0,2115.46,22.6,0,2062.88,22,0,2007.73,21.4,0,1981.89,21.3,0,1972.95,21.7,0,1986.69,21.9,0,2185.72,22,0
"2025-11-17 20:30:00",2549,802,"Chapada_Low",11.86,2070.78,22.2,0,2041.76,22.1,0,2116.04,22.3,0,2063.58,21.8,0,2009.02,21.2,0,1982.91,21,0,1974.45,21.5,0,1988.55,21.7,0,2185.51,21.8,0
"2025-11-17 20:45:00",2550,802,"Chapada_Low",11.86,2070.53,22.1,0,2041.94,21.9,1,2115.23,22.2,0,2064.27,21.7,0,2008.93,21.2,0,1983.05,21,0,1975.4,21.4,0,1990.59,21.6,0,2186.32,21.7,0
"2025-11-17 21:00:00",2551,802,"Chapada_Low",11.86,2069.91,22,0,2042.06,21.8,0,2115.95,22.1,2,2066.39,21.6,0,2010.25,21,0,1984.27,20.8,0,1976.41,21.2,0,1991.42,21.5,0,2187.53,21.6,0
"2025-11-17 21:15:00",2552,802,"Chapada_Low",11.86,2071.89,21.8,0,2041.84,21.6,0,2116.27,22,0,2068.09,21.4,0,2011.67,20.8,0,1985.23,20.7,0,1977.79,21.1,0,1991.8,21.3,0,2189.37,21.4,0
"2025-11-17 21:30:00",2553,802,"Chapada_Low",11.86,2070.45,21.7,0,2042.26,21.5,0,2115.83,21.8,2,2068.95,21.3,0,2012.18,20.7,0,1985.5,20.6,0,1979.26,21,0,1993.25,21.2,0,2192.29,21.3,0
"2025-11-17 21:45:00",2554,802,"Chapada_Low",11.86,2072.88,21.6,0,2043.51,21.4,0,2115.85,21.7,0,2069.87,21.1,0,2013.21,20.6,0,1985.6,20.5,0,1980.09,20.9,0,1992.37,21.1,0,2191.63,21.2,0
"2025-11-17 22:00:00",2555,802,"Chapada_Low",11.86,2072.06,21.4,0,2044.23,21.3,0,2115.94,21.6,0,2070.93,21,0,2014.17,20.4,0,1984.63,20.3,0,1980.93,20.7,0,1993.94,21,0,2194.13,21,0
"2025-11-17 22:15:00",2556,802,"Chapada_Low",11.86,2072.63,21.2,0,2044.83,21.1,0,2115.92,21.5,0,2072.07,20.9,0,2014,20.3,0,1984.47,20.1,0,1981.29,20.6,0,1995.43,20.8,0,2195.76,20.8,0
"2025-11-17 22:30:00",2557,802,"Chapada_Low",11.86,2072.81,21,0,2043.82,20.8,0,2115.79,21.3,0,2072.35,20.8,1,2014.35,20.1,0,1986.34,19.9,0,1983.62,20.4,0,1995.45,20.7,0,2196.96,20.7,0
"2025-11-17 22:45:00",2558,802,"Chapada_Low",11.86,2071.59,20.9,0,2043.5,20.7,0,2116.17,21.2,0,2074.05,20.6,0,2015.74,19.9,0,1987.15,19.8,0,1983.48,20.2,0,1995.91,20.5,0,2197.37,20.5,0
"2025-11-17 23:00:00",2559,802,"Chapada_Low",11.86,2073.85,20.7,0,2045.05,20.5,0,2117.82,21,0,2074.74,20.4,0,2015.76,19.7,0,1987.52,19.6,0,1985.86,20.1,0,1997.1,20.3,0,2198.51,20.4,0
"2025-11-17 23:15:00",2560,802,"Chapada_Low",11.86,2072.4,20.6,0,2045.33,20.4,0,2117.07,20.8,0,2076.26,20.3,0,2017.28,19.7,0,1989.59,19.5,0,1984.74,20,0,1997.43,20.1,0,2199.44,20.3,0
"2025-11-17 23:30:00",2561,802,"Chapada_Low",11.86,2074.05,20.5,0,2046.76,20.3,0,2117.26,20.7,0,2076.72,20.2,0,2017.66,19.6,0,1990.85,19.5,0,1986.85,19.9,0,1998.67,20.1,0,2200.06,20.2,0
"2025-11-17 23:45:00",2562,802,"Chapada_Low",11.86,2073.31,20.4,0,2045.75,20.2,0,2116.79,20.7,19,2077.63,20.1,0,2018.49,19.5,0,1991.05,19.4,0,1988.27,19.8,0,1999.26,20,0,2201.04,20.1,0
"2025-11-18 00:00:00",2563,802,"Chapada_Low",11.86,2075.09,20.4,0,2046.49,20.2,0,2117.78,20.7,0,2077.93,20.1,0,2018.99,19.5,0,1991.37,19.3,0,1988.28,19.8,0,1999.76,20,0,2199.98,20.1,0
"2025-11-18 00:15:00",2564,802,"Chapada_Low",11.86,2074.22,20.3,0,2047.27,20,0,2117.67,20.6,0,2078.63,20,0,2019.88,19.3,0,1992.03,19.2,0,1989.26,19.5,0,2000.39,19.8,0,2202.53,20,0
"2025-11-18 00:30:00",2565,802,"Chapada_Low",11.86,2074.78,20.1,0,2047.09,19.8,0,2116.82,20.4,2,2079.62,19.8,0,2019.42,19.1,0,1991.28,19,0,1989.26,19.4,0,2001.18,19.6,0,2201.39,19.8,0
"2025-11-18 00:45:00",2566,802,"Chapada_Low",11.86,2074.92,19.9,1,2047.87,19.7,0,2118.07,20.3,0,2079.79,19.7,0,2020.24,19,1,1991.31,18.8,0,1989.66,19.2,0,2002.63,19.5,5,2202.56,19.6,0
"2025-11-18 01:00:00",2567,802,"Chapada_Low",11.86,2075.09,19.8,0,2047.57,19.6,0,2117.92,20.2,0,2080.94,19.6,0,2021.19,18.9,0,1993.49,18.7,0,1990.15,19.1,0,2004.39,19.4,0,2203.03,19.5,0
"2025-11-18 01:15:00",2568,802,"Chapada_Low",11.86,2075.67,19.7,0,2047.75,19.4,0,2118.23,19.9,0,2081.81,19.4,0,2022.02,18.7,2,1995.03,18.5,0,1991.57,18.9,0,2003.85,19.2,0,2203.65,19.3,0
"2025-11-18 01:30:00",2569,802,"Chapada_Low",11.86,2074.96,19.6,0,2048.45,19.3,0,2118.63,19.9,0,2082.24,19.3,0,2022.24,18.7,7,1994.21,18.5,0,1991.74,18.9,0,2004.38,19.1,0,2204.33,19.3,1
"2025-11-18 01:45:00",2570,802,"Chapada_Low",11.86,2075.23,19.4,0,2048.88,19.2,0,2117.78,19.8,0,2083.35,19.2,0,2022.56,18.5,0,1996.05,18.3,0,1992.97,18.7,0,2004.83,19.1,0,2205.31,19.1,0
"2025-11-18 02:00:00",2571,802,"Chapada_Low",11.86,2075.37,19.3,0,2049.1,19.1,10,2118.92,19.7,0,2083.55,19.1,0,2023.49,18.5,6,1996.94,18.2,0,1993.1,18.7,0,2007.21,18.9,0,2206.01,19,0
"2025-11-18 02:15:00",2572,802,"Chapada_Low",11.86,2075.86,19.3,0,2049.78,19,0,2119.67,19.7,0,2083.64,19.1,0,2023.17,18.4,0,1997.33,18.2,0,1994.02,18.5,0,2006.14,18.8,0,2206.65,18.9,0
"2025-11-18 02:30:00",2573,802,"Chapada_Low",11.86,2076.07,19.2,0,2049.24,18.9,0,2118.67,19.6,0,2084.43,19,0,2024.01,18.4,0,1997.6,18.1,0,1994.93,18.4,0,2006.57,18.7,0,2207.03,18.9,0
"2025-11-18 02:45:00",2574,802,"Chapada_Low",11.86,2076.28,19,0,2049.43,18.8,0,2119.56,19.4,0,2085.66,18.8,0,2024.81,18.1,0,1998.86,17.9,0,1996.09,18.1,0,2008.73,18.6,0,2207.8,18.7,0
"2025-11-18 03:00:00",2575,802,"Chapada_Low",11.86,2075.55,18.9,2,2049.63,18.7,0,2119.82,19.3,0,2085.85,18.7,0,2025.15,18,0,1997.58,17.7,0,1996.79,18,0,2007.94,18.5,0,2209.07,18.5,0
"2025-11-18 03:15:00",2576,802,"Chapada_Low",11.86,2076.66,18.8,0,2050.7,18.6,0,2119.69,19.1,0,2086.09,18.5,0,2025.56,17.8,0,1998.42,17.6,1,1997.54,17.9,0,2008.49,18.4,0,2209.66,18.4,0
"2025-11-18 03:30:00",2577,802,"Chapada_Low",11.86,2077.03,18.9,0,2050.25,18.6,0,2120.49,19.2,0,2086.92,18.5,0,2026.77,17.9,0,2000.14,17.6,0,1998.58,17.9,0,2011.2,18.4,0,2210.05,18.5,0
"2025-11-18 03:45:00",2578,802,"Chapada_Low",11.86,2076.97,18.7,0,2051.62,18.5,0,2120.71,19.1,0,2088.1,18.5,0,2026.41,17.8,0,2000.47,17.5,0,1998.32,17.8,0,2009.68,18.3,0,2210.69,18.4,0
"2025-11-18 04:00:00",2579,802,"Chapada_Low",11.86,2078.25,18.7,0,2051.07,18.4,0,2120.73,19.1,0,2088.24,18.5,0,2027.27,17.8,0,1999.74,17.5,0,1999.2,17.8,0,2010.49,18.2,0,2211.8,18.4,0
"2025-11-18 04:15:00",2580,802,"Chapada_Low",11.86,2077.19,18.6,0,2050.92,18.4,0,2120.43,19,0,2087.88,18.4,0,2028.5,17.7,0,2001.67,17.4,0,2001.16,17.7,0,2011.35,18.1,0,2212.42,18.3,0
"2025-11-18 04:30:00",2581,802,"Chapada_Low",11.86,2077.92,18.6,0,2051.69,18.3,0,2120.96,19,0,2088.11,18.4,0,2028.36,17.7,0,2000.05,17.4,0,2000.92,17.7,0,2011.77,18.1,0,2212.71,18.3,0
"2025-11-18 04:45:00",2582,802,"Chapada_Low",11.86,2077.72,18.7,0,2052.62,18.4,0,2121.05,19.1,0,2088.67,18.4,0,2028.22,17.8,0,2001.49,17.6,0,2000.79,17.9,0,2012.8,18.1,0,2213.32,18.4,0
"2025-11-18 05:00:00",2583,802,"Chapada_Low",11.86,2077.43,18.8,0,2051.95,18.5,0,2121.62,19.1,2,2090.14,18.5,0,2029.05,18,0,2002.83,17.8,0,2002.95,18,0,2013.46,18.3,0,2213.64,18.5,0
"2025-11-18 05:15:00",2584,802,"Chapada_Low",11.86,2078.31,18.9,0,2051.76,18.6,0,2121.34,19.2,0,2090.53,18.6,0,2028.77,18.1,0,2000.69,17.9,0,2001.94,18.2,0,2013.47,18.4,0,2214.37,18.6,0
"2025-11-18 05:30:00",2585,802,"Chapada_Low",11.86,2077.92,19,0,2052.21,18.7,0,2121.43,19.3,0,2090.11,18.7,0,2028.32,18.1,0,2003.18,17.9,0,2001.65,18.2,0,2013.37,18.4,0,2214.17,18.7,0
"2025-11-18 05:45:00",2586,802,"Chapada_Low",11.86,2079.11,18.9,0,2052.1,18.6,0,2121.95,19.2,0,2090.17,18.6,0,2029.76,18,0,2003.05,17.8,0,2001.87,18.1,0,2014.35,18.4,0,2215.32,18.5,0
"2025-11-18 06:00:00",2587,802,"Chapada_Low",11.86,2078.34,18.8,0,2052.2,18.5,0,2122.34,19.1,0,2090.72,18.5,0,2029.68,17.9,0,2003.68,17.7,0,2002.23,17.9,0,2014.02,18.3,0,2215.51,18.5,0
"2025-11-18 06:15:00",2588,802,"Chapada_Low",11.86,2079.09,18.9,0,2052.58,18.6,0,2122.53,19.2,0,2090.33,18.6,0,2029.61,18,0,2003.82,17.8,0,2003.93,18,0,2015.19,18.3,0,2216.95,18.6,0
"2025-11-18 06:30:00",2589,802,"Chapada_Low",11.86,2079.27,19.1,0,2051.59,18.8,0,2121.86,19.4,0,2090.66,18.8,0,2030.04,18.3,0,2002.16,18.1,0,2003.03,18.3,0,2015.1,18.5,0,2216.31,18.8,0
"2025-11-18 06:45:00",2590,802,"Chapada_Low",11.86,2080.6,19.7,0,2052.43,19.4,0,2122.12,19.9,0,2091.12,19.3,0,2029.38,19,0,2004.02,19,0,2004.24,19,0,2015.41,19.1,0,2216,19.6,0
"2025-11-18 07:00:00",2591,802,"Chapada_Low",11.86,2080.29,20.4,0,2052.59,19.9,0,2122.83,20.4,0,2091.49,19.9,0,2028.6,19.6,0,2002.61,19.6,0,2003.46,19.6,0,2015.15,19.6,0,2217.88,20.2,0
"2025-11-18 07:15:00",2592,802,"Chapada_Low",11.86,2080.58,20.9,0,2052.27,20.3,0,2122.43,20.9,0,2090.48,20.3,0,2027.73,20.2,0,2003.11,20.1,0,2000.67,20.1,0,2014.93,20.1,0,2218.59,20.7,0
"2025-11-18 07:30:00",2593,802,"Chapada_Low",11.86,2078.54,21.3,0,2052.31,20.7,0,2122.31,21.3,0,2090.58,20.6,0,2026.52,20.5,0,2002.75,20.7,0,2000.03,20.5,0,2014.16,20.4,0,2216.8,21,0
"2025-11-18 07:45:00",2594,802,"Chapada_Low",11.86,2080.86,21.6,0,2052.07,20.9,0,2122.33,21.5,0,2090.19,20.8,0,2026.67,20.7,11,2001.46,20.9,0,1998.43,20.9,0,2014.36,20.7,0,2217.61,21.3,0
"2025-11-18 08:00:00",2595,802,"Chapada_Low",11.86,2079.97,21.9,0,2051.1,21.2,0,2122.07,21.9,0,2089.09,21.1,0,2024.35,21.1,0,2000.51,21.2,0,1997.76,21.3,0,2013.49,21.1,0,2216.11,21.8,0
"2025-11-18 08:15:00",2596,802,"Chapada_Low",11.86,2080.88,22.4,0,2050.31,21.6,0,2121.72,22.3,0,2088.78,21.5,0,2022.87,21.5,0,1998.76,21.6,3,1996.65,21.6,0,2012.43,21.5,0,2218.41,22.3,0
"2025-11-18 08:30:00",2597,802,"Chapada_Low",11.86,2079.96,22.8,0,2050.19,22.2,0,2122.18,22.6,0,2088.06,21.8,0,2021.45,22,0,1998.27,22.1,0,1998.31,22.1,0,2012.15,21.9,0,2215.6,22.6,0
"2025-11-18 08:45:00",2598,802,"Chapada_Low",11.86,2079.89,23.1,0,2050,22.5,0,2122.48,23.3,0,2088.51,22.2,0,2020.56,22.5,0,1997.2,22.5,0,1997.1,22.6,0,2010.25,22.4,0,2215.92,23,0
"2025-11-18 09:00:00",2599,802,"Chapada_Low",11.86,2079.81,23.5,0,2049.61,22.7,0,2121.45,23.6,0,2085.75,22.9,0,2019.23,23.1,0,1996.31,23,0,1994.23,23.1,0,2007.58,22.8,0,2217.62,23.4,0
"2025-11-18 09:15:00",2600,802,"Chapada_Low",11.86,2079.67,24.1,0,2047.47,23.2,0,2120.78,24.2,0,2084.69,23.4,0,2016.49,24.1,0,1995.31,24.1,0,1991.33,23.9,0,2005.62,23.6,0,2214.46,24.3,0
"2025-11-18 09:30:00",2601,802,"Chapada_Low",11.86,2078.96,24.7,0,2048.32,23.7,0,2120.51,24.7,0,2083.99,23.9,0,2015.18,24.6,0,1992.92,24.8,0,1990.94,25,0,2005.16,24.2,0,2214.37,24.9,0
"2025-11-18 09:45:00",2602,802,"Chapada_Low",11.86,2078.92,25.3,0,2046.85,24.3,0,2122.18,25.2,0,2082.29,24.6,0,2012.66,25.5,0,1991.19,25.3,0,1989.53,25.7,0,2002.05,25,0,2214.76,25.8,0
"2025-11-18 10:00:00",2603,802,"Chapada_Low",11.86,2077.31,26.8,0,2045.04,26,0,2120.25,26.7,0,2079.31,26.7,0,2008.93,27.9,0,1988,27.1,0,1985.44,27.6,0,1997.78,27,0,2212.83,29.2,0
"2025-11-18 10:15:00",2604,802,"Chapada_Low",11.86,2076.78,28.9,0,2043.62,27.6,0,2120.42,28.2,0,2078.29,28.6,0,2005.39,29.7,0,1985.42,28.5,0,1982.16,29.2,0,1994.69,28.8,0,2211.11,31,0
"2025-11-18 10:30:00",2605,802,"Chapada_Low",11.86,2075.48,29.8,0,2042.38,29.3,0,2119.63,29.7,0,2075.26,30.2,0,2002.86,30.9,0,1984.15,29.6,0,1977.03,30.6,0,1991.18,30.2,0,2208.06,32.7,0
"2025-11-18 10:45:00",2606,802,"Chapada_Low",11.86,2074.41,30.3,0,2040.2,29.7,0,2120.32,31,0,2073.3,31.6,0,2001.12,31.4,0,1981.71,30.1,0,1973.98,31.4,0,1988.21,31.2,0,2205.33,33.7,0
"2025-11-18 11:00:00",2607,802,"Chapada_Low",11.86,2073.43,31.3,0,2039.65,30.7,0,2119.35,32.4,0,2069.3,33.6,0,1996.12,33.8,0,1981.32,31.3,0,1970.39,33.2,0,1985.29,32.9,0,2202.89,35.8,0
"2025-11-18 11:15:00",2608,802,"Chapada_Low",11.86,2072.26,32.5,0,2038.62,31.5,0,2116.89,33.9,0,2065.83,33.9,0,1995.42,32.8,0,1981.56,33.1,0,1967.57,34.5,0,1982.99,33.7,0,2201.89,36.8,0
"2025-11-18 11:30:00",2609,802,"Chapada_Low",11.86,2071.12,32.8,0,2037.36,31.7,0,2114.93,34.6,0,2065.79,34.1,0,1994.83,32.5,0,1978.79,32.8,0,1963,36.3,0,1980.34,34,0,2199.5,37.1,0
"2025-11-18 11:45:00",2610,802,"Chapada_Low",11.86,2070.78,32.6,0,2036.86,31.3,0,2112.94,34,0,2062.22,33.3,0,1993.59,32.2,0,1977.52,32.5,5,1962.5,35.2,0,1978.86,33.4,0,2196.79,36.3,0
"2025-11-18 12:00:00",2611,802,"Chapada_Low",11.86,2070.36,33.5,0,2037.36,31.3,0,2111.79,34.4,0,2060.28,33.5,0,1990.8,33.4,0,1975.84,33.2,0,1958.94,36.3,0,1977.6,33.3,0,2195.76,37.1,0
"2025-11-18 12:15:00",2612,802,"Chapada_Low",11.86,2069.15,34.2,0,2035.45,31.9,0,2109.8,34.2,0,2060.33,33.3,0,1989.58,33.6,0,1974.7,33.9,0,1957.62,37.7,0,1978.3,33.5,0,2193.19,38.6,0
"2025-11-18 12:30:00",2613,802,"Chapada_Low",11.86,2068.1,35.2,0,2034.88,32.8,0,2110.43,35.7,2,2058.16,34.1,0,1989.33,34,0,1972.9,35,0,1955.56,39.1,0,1975.55,34.3,0,2191.86,40.5,4
"2025-11-18 12:45:00",2614,802,"Chapada_Low",11.86,2067.08,34.9,0,2033.49,32.9,0,2107.88,36,0,2055.63,34.5,0,1988.12,33.7,0,1971.34,34.4,0,1954.5,38.1,0,1974.08,34.6,0,2190.18,39.1,0
"2025-11-18 13:00:00",2615,802,"Chapada_Low",11.86,2066.56,34.4,0,2032.92,32.8,0,2106.39,36,0,2055.79,33.6,0,1987.49,33.6,0,1969.9,34.4,0,1955.23,37.2,0,1973.02,34.7,0,2188.23,37.9,0
"2025-11-18 13:15:00",2616,802,"Chapada_Low",11.86,2066.03,34.2,0,2032.75,33.4,0,2105.05,36.8,0,2054.08,33.4,0,1986.78,32.7,0,1969.48,34.5,0,1953.42,37.4,0,1972.52,35.5,0,2186.94,38.1,0
"2025-11-18 13:30:00",2617,802,"Chapada_Low",11.86,2065.7,34.6,0,2030.68,34.6,0,2103.14,38.5,0,2054.89,33.7,0,1986.51,32.4,0,1968.47,34.4,0,1951.43,38.3,0,1969.75,37,0,2185.67,37.9,0
"2025-11-18 13:45:00",2618,802,"Chapada_Low",11.86,2064.36,35.1,0,2029.71,34.9,0,2101.02,39,0,2052.47,34,0,1986.09,32,0,1968.72,34.2,0,1950.7,38.7,0,1968.3,37.2,0,2186.22,38.4,0
"2025-11-18 14:00:00",2619,802,"Chapada_Low",11.86,2065.09,36.3,0,2030.1,34.9,0,2098.78,39.8,0,2051.93,34.3,0,1985.35,32.1,0,1968.55,34.4,0,1948.71,38.8,0,1968.4,36.8,0,2184.15,37.7,0
"2025-11-18 14:15:00",2620,802,"Chapada_Low",11.86,2063.98,34.7,0,2028.98,34,0,2097.8,37.5,0,2051.73,33.2,12,1985.31,31.1,0,1968.26,32.8,0,1948.93,37.1,0,1967.05,34.9,0,2183.34,35.5,0
"2025-11-18 14:30:00",2621,802,"Chapada_Low",11.86,2063.58,33,0,2029.24,32.1,0,2096.63,35.1,0,2052.29,32.1,0,1985.93,30.2,0,1967.36,31.4,0,1947.4,35.1,0,1968.16,33.1,0,2184.02,33.8,0
"2025-11-18 14:45:00",2622,802,"Chapada_Low",11.86,2063.56,32,0,2028.4,31.1,0,2095.83,33.7,0,2053.56,31.5,0,1987.05,30.8,0,1967.88,30.7,0,1948.87,33.8,0,1969.17,32,0,2183.95,33,0
"2025-11-18 15:00:00",2623,802,"Chapada_Low",11.86,2063.27,31.3,0,2029.31,30.4,0,2095.75,32.5,0,2052.41,30.8,0,1987.27,29.9,0,1967.49,31,0,1948.73,32.7,0,1969.51,31.2,0,2183.97,32.2,0
"2025-11-18 15:15:00",2624,802,"Chapada_Low",11.86,2063.77,31.8,0,2029.62,30.7,5,2096.46,33.9,2,2054.01,31.3,0,1987.26,30.6,0,1967.16,31.5,0,1948.69,34.2,0,1968.93,31.4,0,2183.59,33.4,0
"2025-11-18 15:30:00",2625,802,"Chapada_Low",11.86,2063.58,32.1,0,2028.8,31,0,2095.07,33.9,0,2053.38,31.5,0,1985.75,30.6,0,1968.06,31.4,0,1948.08,34.3,0,1969.32,31.6,0,2183.22,33.8,0
"2025-11-18 15:45:00",2626,802,"Chapada_Low",11.86,2063.89,31.1,0,2028.88,29.9,0,2093.37,31.9,0,2053.91,30.2,0,1986.31,29.3,0,1968.6,30,0,1948.12,32.6,0,1969.03,31.4,0,2184.08,32,0
"2025-11-18 16:00:00",2627,802,"Chapada_Low",11.86,2063.7,30.5,0,2029.3,29.6,0,2093.45,31,0,2054.34,29.5,0,1987.2,28.8,0,1967.13,29.3,0,1949.05,31.5,0,1969.61,31.2,0,2185.3,31,0
"2025-11-18 16:15:00",2628,802,"Chapada_Low",11.86,2063.13,29.8,0,2028.69,29,0,2091.5,30.4,0,2054.84,28.9,0,1987.48,28.2,0,1969.22,28.7,0,1948.28,30.7,0,1969.36,31,0,2185.56,30,0
"2025-11-18 16:30:00",2629,802,"Chapada_Low",11.86,2062.75,29.2,0,2029.02,28.4,0,2091.25,29.6,0,2055.42,28.6,0,1987.93,27.9,0,1968.07,28.2,0,1949.84,29.9,0,1969.32,30.5,0,2185.8,29.3,0
"2025-11-18 16:45:00",2630,802,"Chapada_Low",11.86,2063.65,29.1,0,2027.98,28.2,0,2091.5,29.3,0,2056.62,28.2,0,1987.63,28.1,0,1967.13,28.5,0,1951.5,29.8,0,1970.13,30.3,0,2186.21,29.1,0
"2025-11-18 17:00:00",2631,802,"Chapada_Low",11.86,2063.16,28.8,0,2028.35,27.9,0,2090.84,28.9,0,2056.49,27.9,0,1988.24,27.7,0,1967.49,28.2,0,1950.5,29.5,0,1970.4,30.1,0,2186.19,28.8,0
"2025-11-18 17:15:00",2632,802,"Chapada_Low",11.86,2063.86,28.4,0,2029.54,27.5,0,2091.37,28.4,0,2054.95,27.5,0,1988.44,27.2,0,1967.9,27.6,0,1950.84,29,0,1970.3,29.7,0,2187,28.3,0
"2025-11-18 17:30:00",2633,802,"Chapada_Low",11.86,2064.05,28.1,0,2029.19,27.2,0,2092.66,28,0,2055.78,27.2,0,1988.59,27,0,1967.34,27.4,0,1953.73,28.4,0,1970.73,28.6,0,2187.52,28.3,0
"2025-11-18 17:45:00",2634,802,"Chapada_Low",11.86,2063.72,28.4,0,2028.33,27.2,0,2093.74,28,0,2056.76,27.2,0,1988.7,27.2,0,1967.69,27.5,0,1953.66,28.2,0,1971.65,28.2,0,2187.63,28.3,0
"2025-11-18 18:00:00",2635,802,"Chapada_Low",11.85,2064.17,28,0,2028.52,27.2,0,2093.01,27.7,0,2057.11,26.8,0,1988.61,26.7,0,1967.82,27,0,1953.15,27.9,0,1972.33,27.7,0,2188.03,27.6,0
"2025-11-18 18:15:00",2636,802,"Chapada_Low",11.86,2063.78,27.3,0,2028.74,26.6,0,2091.79,27.1,0,2057.45,26.3,0,1989,25.9,0,1967.65,26.2,0,1954.16,27.3,0,1973.62,27,0,2189.12,26.8,0
"2025-11-18 18:30:00",2637,802,"Chapada_Low",11.85,2063.67,26.7,0,2028.7,26,0,2092.69,26.4,1,2058.49,25.6,0,1990.22,25.5,0,1968.45,25.5,0,1955.64,26.6,0,1974.41,26.3,0,2189.78,26.1,7
"2025-11-18 18:45:00",2638,802,"Chapada_Low",11.85,2065.64,26.1,0,2029.24,25.4,0,2091.08,25.7,1,2058.64,25,0,1991.13,24.7,0,1969.99,24.9,0,1956.36,25.8,0,1975.38,25.6,0,2188.47,25.5,2
"2025-11-18 19:00:00",2639,802,"Chapada_Low",11.86,2065.55,25.6,0,2029.68,24.9,0,2093.98,25.2,0,2060.26,24.5,0,1991.93,24.2,0,1970.31,24.3,0,1958,25.2,0,1976.61,25,0,2190.45,24.9,0
"2025-11-18 19:15:00",2640,802,"Chapada_Low",11.86,2065.97,25.1,0,2030.28,24.5,0,2094.14,24.7,0,2062.07,24.1,0,1993.26,23.7,0,1971.41,23.9,0,1958.48,24.7,0,1977.13,24.5,0,2189.7,24.5,0
"2025-11-18 19:30:00",2641,802,"Chapada_Low",11.86,2066.29,24.7,0,2030.82,24.2,0,2094.46,24.4,0,2062.38,23.8,0,1994.84,23.4,0,1971.91,23.5,0,1960.36,24.3,0,1977.8,24.1,0,2189.97,24.1,0
"2025-11-18 19:45:00",2642,802,"Chapada_Low",11.86,2066.43,24.4,0,2031.35,23.9,0,2092.95,24.1,0,2063.66,23.5,0,1995.2,23.1,0,1973.16,23.2,0,1960.73,23.9,0,1979.23,23.7,0,2192.29,23.8,0
"2025-11-18 20:00:00",2643,802,"Chapada_Low",11.86,2066.54,24.1,0,2031.35,23.6,1,2092.9,23.8,0,2064.33,23.3,0,1996.42,22.8,0,1973.77,22.9,0,1961.01,23.6,0,1979.33,23.4,0,2192.92,23.5,0
"2025-11-18 20:15:00",2644,802,"Chapada_Low",11.86,2067.17,23.9,0,2032.11,23.4,1,2093.33,23.6,0,2065.55,23.1,0,1997.03,22.6,0,1975.26,22.6,0,1962.76,23.3,0,1981,23.1,0,2194.7,23.3,0
"2025-11-18 20:30:00",2645,802,"Chapada_Low",11.86,2067.77,23.5,0,2032.09,23.1,0,2094.9,23.3,3,2066.75,22.8,0,1998.42,22.2,0,1976.74,22.2,0,1964.73,22.8,0,1983.52,22.7,0,2195.68,22.9,0
"2025-11-18 20:45:00",2646,802,"Chapada_Low",11.86,2068.16,23.2,0,2032.05,22.8,0,2094.48,22.9,0,2068.26,22.5,0,1999.2,21.9,0,1977.72,21.7,0,1964.25,22.4,0,1985.17,22.4,0,2195.45,22.6,0
"2025-11-18 21:00:00",2647,802,"Chapada_Low",11.86,2068.43,23,0,2031.67,22.6,0,2094.14,22.7,1,2069.18,22.3,0,2000.01,21.7,0,1978.57,21.6,0,1966.41,22.1,0,1985.1,22.1,0,2196.11,22.4,0
"2025-11-18 21:15:00",2648,802,"Chapada_Low",11.86,2068.93,22.9,0,2032.82,22.5,0,2094.57,22.6,0,2069.02,22.1,0,2001.26,21.6,0,1979.61,21.6,3,1967.78,22.1,0,1986.12,22,0,2194.98,22.3,0
"2025-11-18 21:30:00",2649,802,"Chapada_Low",11.86,2069.33,22.8,0,2033,22.4,0,2095.18,22.6,0,2070.42,22,0,2001.21,21.6,0,1980.81,21.5,0,1968.57,22,0,1988.21,21.9,0,2196.49,22.2,0
"2025-11-18 21:45:00",2650,802,"Chapada_Low",11.86,2068.24,22.5,0,2034.03,22.1,4,2096,22.2,0,2070.26,21.8,0,2002.44,21.3,0,1981.63,21.2,0,1970.76,21.6,0,1989.11,21.7,0,2196.75,21.8,0
"2025-11-18 22:00:00",2651,802,"Chapada_Low",11.86,2069.66,22.1,0,2034.81,21.7,1,2095.87,21.9,0,2071.53,21.4,0,2003.36,20.8,0,1981.78,20.7,0,1972.14,21.3,0,1989.02,21.4,0,2197.06,21.4,0
"2025-11-18 22:15:00",2652,802,"Chapada_Low",11.86,2070.23,21.8,0,2034.27,21.4,0,2095.99,21.7,0,2072.13,21.1,0,2005.3,20.4,0,1982.09,20.4,0,1973.49,21,0,1991.06,21.1,0,2198.36,21.2,0
"2025-11-18 22:30:00",2653,802,"Chapada_Low",11.86,2070.65,21.4,0,2036.31,21.1,0,2096.1,21.4,2,2073.86,20.9,0,2005.34,20.2,0,1982.41,20,0,1976.34,20.7,0,1991.89,20.9,0,2200.44,20.9,0
"2025-11-18 22:45:00",2654,802,"Chapada_Low",11.86,2070.71,21.3,0,2035.79,20.9,0,2096.46,21.3,0,2073.17,20.8,0,2006.44,20.1,0,1983.73,19.9,1,1976.53,20.5,0,1993.34,20.7,0,2200.31,20.8,0
"2025-11-18 23:00:00",2655,802,"Chapada_Low",11.86,2071.43,21.1,0,2035.11,20.8,0,2097.15,21.2,0,2074.56,20.6,0,2007.28,19.9,0,1984.28,19.7,0,1979.31,20.3,0,1993.83,20.4,0,2199.62,20.6,0
"2025-11-18 23:15:00",2656,802,"Chapada_Low",11.86,2070.04,21,0,2036.64,20.7,0,2096.63,21.1,0,2075.04,20.5,0,2009.68,19.8,0,1985.67,19.6,0,1981.38,20.2,0,1994.41,20.3,0,2200.51,20.4,3
"2025-11-18 23:30:00",2657,802,"Chapada_Low",11.86,2072.64,20.9,0,2036.45,20.5,0,2097.34,20.9,0,2075.79,20.4,0,2010,19.7,0,1987.74,19.5,0,1982.24,20,0,1994.97,20.2,0,2202.75,20.3,0
"2025-11-18 23:45:00",2658,802,"Chapada_Low",11.86,2071.17,20.9,0,2036.56,20.5,0,2098.22,20.9,0,2076.78,20.4,0,2011.28,19.7,0,1988.77,19.5,0,1981.48,20,0,1995.6,20.2,0,2203.6,20.3,0
"2025-11-19 00:00:00",2659,802,"Chapada_Low",11.86,2070.93,21,0,2038.37,20.6,7,2098.74,21,0,2076.42,20.4,0,2011.82,19.9,0,1988.14,19.8,0,1982.54,20.2,0,1997.08,20.3,0,2202.36,20.5,0
"2025-11-19 00:15:00",2660,802,"Chapada_Low",11.86,2071.93,21.1,0,2037.71,20.7,0,2098.31,21.1,0,2076.01,20.5,0,2011.8,20,0,1989.02,19.9,0,1985.42,20.3,0,1996.9,20.4,0,2204.42,20.6,0
"2025-11-19 00:30:00",2661,802,"Chapada_Low",11.86,2071.87,21.2,0,2038.56,20.8,0,2099.33,21.1,0,2076.8,20.6,0,2012.34,20.1,0,1989.11,20,0,1984.21,20.4,0,1997.65,20.5,3,2204.33,20.7,0
"2025-11-19 00:45:00",2662,802,"Chapada_Low",11.86,2073.01,21.2,0,2038.79,20.8,0,2098.73,21.1,0,2078.24,20.6,0,2012.19,20.1,0,1989.57,20,0,1983.6,20.4,0,1998.1,20.4,0,2203.35,20.7,0
"2025-11-19 01:00:00",2663,802,"Chapada_Low",11.86,2073.15,21.3,0,2038.48,20.8,0,2099.4,21.1,0,2077.69,20.6,0,2012.44,20.1,0,1989.59,20.1,0,1985.45,20.4,0,1997.94,20.5,0,2206.02,20.7,0
"2025-11-19 01:15:00",2664,802,"Chapada_Low",11.86,2072.35,21.4,0,2037.17,20.9,0,2099.62,21.2,0,2077.3,20.7,0,2013.8,20.2,0,1989.29,20.2,0,1985.9,20.4,0,1998.14,20.5,1,2204.06,20.8,1
"2025-11-19 01:30:00",2665,802,"Chapada_Low",11.86,2073.87,21.5,0,2038.22,21.1,0,2099.68,21.3,0,2078.29,20.8,0,2012.68,20.4,0,1989.6,20.4,0,1988.02,20.6,0,2000.21,20.6,0,2204.17,21,0
"2025-11-19 01:45:00",2666,802,"Chapada_Low",11.86,2074.28,21.5,0,2038.12,21.1,0,2099.88,21.3,0,2078.41,20.7,0,2013.63,20.4,0,1989.97,20.3,0,1987.13,20.6,0,1998.73,20.6,0,2204.23,21,0
"2025-11-19 02:00:00",2667,802,"Chapada_Low",11.86,2072.8,21.6,0,2038.85,21.1,0,2099.59,21.3,0,2079.23,20.7,0,2013.05,20.4,0,1991.56,20.3,0,1988.41,20.5,0,1999.4,20.6,2,2206.6,20.9,0
"2025-11-19 02:15:00",2668,802,"Chapada_Low",11.86,2074.15,21.4,0,2037.75,21,0,2100.21,21.3,0,2079.28,20.7,0,2013.3,20.3,0,1990.5,20.2,0,1988.29,20.5,0,2000.91,20.6,0,2205.52,20.9,0
"2025-11-19 02:30:00",2669,802,"Chapada_Low",11.86,2073.7,21.4,0,2038.62,21,10,2100.39,21.2,0,2078.97,20.7,0,2014.55,20.2,0,1990.97,20.1,0,1991.27,20.4,0,2000.42,20.6,20,2205.62,20.8,0
"2025-11-19 02:45:00",2670,802,"Chapada_Low",11.86,2074.03,21.4,0,2039.31,21,0,2099.51,21.2,0,2079.41,20.7,0,2014.64,20.3,0,1990.94,20.2,0,1991.16,20.5,0,2001.75,20.5,0,2205.95,20.9,0
"2025-11-19 03:00:00",2671,802,"Chapada_Low",11.86,2074.65,21.4,0,2039.57,21,0,2100.97,21.2,0,2079.11,20.7,0,2014.97,20.4,0,1992.35,20.3,0,1991.35,20.5,0,2000.49,20.5,0,2208.11,20.9,0
"2025-11-19 03:15:00",2672,802,"Chapada_Low",11.86,2074.59,21.4,0,2038.34,21,0,2100.71,21.2,0,2080.06,20.7,0,2014.89,20.3,0,1992.27,20.3,0,1990.59,20.5,0,2000.03,20.5,0,2207.59,20.9,0
"2025-11-19 03:30:00",2673,802,"Chapada_Low",11.86,2074.61,21.4,0,2039.23,21,0,2101.1,21.1,0,2079.98,20.6,0,2014.46,20.3,0,1993.3,20.2,0,1989.8,20.4,0,2000.83,20.5,0,2208.6,20.8,0
"2025-11-19 03:45:00",2674,802,"Chapada_Low",11.86,2074.85,21.3,0,2039,20.9,6,2100.98,21.1,0,2079.51,20.6,0,2015.99,20.2,0,1991.65,20.1,0,1992.78,20.4,0,2000.79,20.5,0,2206.78,20.7,0
"2025-11-19 04:00:00",2675,802,"Chapada_Low",11.86,2074.93,21.2,0,2039.26,20.8,0,2100.29,21.1,2,2081.08,20.6,0,2016.23,20.1,0,1991.89,20,0,1992.95,20.3,0,2002.15,20.5,0,2208.56,20.7,0
"2025-11-19 04:15:00",2676,802,"Chapada_Low",11.86,2075.03,21.1,0,2039.25,20.8,0,2100.75,21,3,2079.74,20.5,0,2017.23,20,0,1992.45,19.9,0,1992.09,20.3,0,2002.11,20.4,0,2209.46,20.6,0
"2025-11-19 04:30:00",2677,802,"Chapada_Low",11.86,2075.19,21,0,2039.92,20.6,0,2101.07,20.9,0,2081.09,20.4,0,2017.19,19.9,0,1992.19,19.8,0,1992.88,20.1,0,2002.61,20.2,0,2207.94,20.5,0
"2025-11-19 04:45:00",2678,802,"Chapada_Low",11.86,2075.02,20.8,0,2040.66,20.5,0,2100.83,20.7,0,2080.6,20.3,0,2017.42,19.7,0,1992.6,19.6,0,1994.52,19.9,0,2002.58,20.1,0,2207.9,20.3,0
"2025-11-19 05:00:00",2679,802,"Chapada_Low",11.86,2074.96,20.7,0,2039.8,20.4,0,2101.45,20.6,0,2081.76,20.2,0,2021.17,19.6,0,1994.75,19.6,0,1995.45,19.8,0,2002.88,20.1,0,2208.79,20.2,0
"2025-11-19 05:15:00",2680,802,"Chapada_Low",11.86,2075.14,20.6,0,2040.04,20.2,0,2100.69,20.5,0,2082.19,20.1,1,2018.45,19.5,0,1994.28,19.4,0,1997.29,19.7,0,2002.86,19.9,0,2210.85,20.1,0
"2025-11-19 05:30:00",2681,802,"Chapada_Low",11.86,2075.51,20.6,0,2040.17,20.3,0,2100.7,20.4,0,2083.39,19.9,0,2018.98,19.5,0,1995.61,19.4,0,1998.12,19.7,0,2004.09,19.9,0,2210.98,20.1,5
"2025-11-19 05:45:00",2682,802,"Chapada_Low",11.86,2075.6,20.7,0,2040.27,20.3,0,2101.42,20.5,1,2083.33,20,0,2018.64,19.5,0,1994.62,19.5,0,1995.67,19.7,0,2004.46,19.9,0,2209.35,20.2,0
"2025-11-19 06:00:00",2683,802,"Chapada_Low",11.86,2076.71,20.8,0,2041.23,20.4,0,2101.73,20.6,6,2083.06,20.1,0,2020.72,19.6,0,1994.88,19.5,0,1996.38,19.9,0,2004.7,20,0,2210.5,20.3,0
"2025-11-19 06:15:00",2684,802,"Chapada_Low",11.86,2076.86,20.9,0,2041.26,20.5,0,2102.25,20.7,0,2084.07,20.2,0,2019.39,19.8,0,1995.16,19.7,0,1998.05,19.9,0,2005.05,20.1,0,2210.32,20.4,1
"2025-11-19 06:30:00",2685,802,"Chapada_Low",11.86,2076.76,21.1,0,2040.63,20.7,7,2103.1,20.9,0,2083.3,20.4,0,2019.35,20.1,0,1994.6,20.1,0,1998.67,20.2,0,2004.76,20.3,0,2211.9,20.7,0
"2025-11-19 06:45:00",2686,802,"Chapada_Low",11.86,2075.01,21.5,0,2041.15,21.1,0,2102.71,21.3,0,2084.33,20.7,0,2018.91,20.6,0,1997.15,20.7,0,1997.01,20.7,0,2007.18,20.7,1,2210.45,21.1,0
"2025-11-19 07:00:00",2687,802,"Chapada_Low",11.86,2075.61,21.8,0,2041.39,21.4,0,2102.76,21.5,0,2083.59,21,0,2017.27,20.9,0,1996.57,21,0,1996.45,21,0,2005.92,21,0,2209.79,21.4,0
"2025-11-19 07:15:00",2688,802,"Chapada_Low",11.86,2076.41,22.1,0,2040.35,21.6,0,2102.72,21.9,0,2082.99,21.3,0,2017.58,21.2,0,1996.58,21.3,0,1995.72,21.4,0,2005.99,21.3,0,2210.22,21.7,5
"2025-11-19 07:30:00",2689,802,"Chapada_Low",11.86,2075.92,22.5,0,2040.34,22,0,2102.72,22.3,0,2082.72,21.8,0,2015.86,21.7,0,1995.85,21.7,0,1994.88,21.8,0,2004.8,21.7,0,2211.98,22.2,0
"2025-11-19 07:45:00",2690,802,"Chapada_Low",11.86,2076.26,22.9,0,2040.51,22.4,0,2102.71,22.8,0,2082.65,22.2,0,2014.82,22.3,0,1994.89,22.4,0,1995.57,22.4,0,2004.06,22.2,0,2209.78,22.8,0
"2025-11-19 08:00:00",2691,802,"Chapada_Low",11.86,2076.11,23.4,0,2039.98,22.7,0,2103.02,23.2,2,2082,22.5,0,2013.96,22.6,0,1994.02,22.9,0,1993.74,23,0,2003.28,22.7,0,2210.85,23.2,0
"2025-11-19 08:15:00",2692,802,"Chapada_Low",11.86,2076.23,23.8,0,2039.89,23.1,0,2102.57,23.6,0,2079.4,22.9,0,2012.7,23,0,1992.98,23.3,0,1992.43,23.5,0,2001.64,23.4,0,2208.97,23.8,0
"2025-11-19 08:30:00",2693,802,"Chapada_Low",11.86,2075.93,24.5,0,2038.65,23.7,0,2103.3,24.4,0,2079.08,23.6,0,2009.96,23.8,0,1992.46,24.1,0,1990.32,24.3,0,1999.17,24.1,0,2208.41,25,0
"2025-11-19 08:45:00",2694,802,"Chapada_Low",11.86,2074.49,26.1,0,2038.31,24.7,0,2102.85,25.5,0,2078,24.7,0,2007.58,25,0,1988.87,25.4,0,1987.67,25.6,0,1996.68,25.3,0,2209.15,26.2,0
"2025-11-19 09:00:00",2695,802,"Chapada_Low",11.86,2074.27,26.2,0,2036.82,25.3,0,2103.58,25.8,0,2075.07,25.1,0,2006.78,25.5,0,1986.63,25.8,0,1987.1,26,0,1996.11,25.7,0,2208.1,26.5,0
"2025-11-19 09:15:00",2696,802,"Chapada_Low",11.86,2073.06,27.6,0,2036.96,26.5,0,2103.51,27.6,0,2074.07,27.2,0,2003.35,27.6,0,1985.36,27.5,0,1984.41,27.8,0,1992.31,27.3,0,2205.88,28.7,0
"2025-11-19 09:30:00",2697,802,"Chapada_Low",11.86,2072.73,27.9,0,2036.03,26.8,0,2100.7,28,0,2072.46,27.5,0,2000.98,28.4,0,1983.35,27.7,0,1981.5,28.1,0,1989.61,27.9,0,2205.02,28.9,0
"2025-11-19 09:45:00",2698,802,"Chapada_Low",11.86,2072.08,28.3,0,2034.33,27.3,0,2099.64,28.5,0,2071.75,27.7,0,1999.56,28.2,0,1981.72,28.9,0,1977.44,28.7,0,1987.44,28.6,0,2204.39,29.3,0
"2025-11-19 10:00:00",2699,802,"Chapada_Low",11.86,2071.1,28,0,2033.58,27,0,2100.34,28.1,0,2069.17,27.3,0,1998.26,27.3,0,1979.94,27.9,2,1975.88,28.8,0,1986.84,28.3,0,2204.19,28.6,0
"2025-11-19 10:15:00",2700,802,"Chapada_Low",11.86,2071.16,27.9,0,2033.39,26.9,0,2099.02,28,0,2069.02,27.1,0,1997.51,27,0,1978.9,27.5,0,1975.6,28.5,0,1984.85,28.5,0,2203.64,28.7,0
"2025-11-19 10:30:00",2701,802,"Chapada_Low",11.86,2070.64,28.5,0,2032.35,27.3,0,2097.69,28.5,0,2068.15,27.5,0,1997.21,27.4,0,1978.53,27.8,0,1973.54,29,0,1985.73,28.7,0,2203.58,29.3,0
"2025-11-19 10:45:00",2702,802,"Chapada_Low",11.86,2069.6,29.6,0,2031.81,28.8,0,2097.64,29.8,4,2067.87,28.8,0,1995.31,28.8,0,1976.5,29.1,0,1971.38,30.3,0,1982.66,30,0,2201.72,30.8,0
"2025-11-19 11:00:00",2703,802,"Chapada_Low",11.86,2068.56,29.7,0,2031.52,28.9,0,2096.64,30.4,0,2066.45,28.9,0,1993.87,28.8,0,1976.72,29.1,0,1970.5,30.5,0,1980.5,30.1,0,2199.87,30.7,0
"2025-11-19 11:15:00",2704,802,"Chapada_Low",11.86,2068.38,29.8,0,2031.33,28.8,0,2095.78,30.4,0,2064.93,29.5,0,1993.64,28.9,0,1974.86,29.1,0,1968.78,30.7,0,1980.8,30.2,0,2200.11,30.7,0
"2025-11-19 11:30:00",2705,802,"Chapada_Low",11.86,2068.35,30.1,0,2029.8,29.1,0,2096.81,31,0,2063.3,29.7,0,1992.41,29.8,0,1974.06,30.2,0,1966.83,31.1,0,1978.77,30.7,0,2198.1,31.3,0
"2025-11-19 11:45:00",2706,802,"Chapada_Low",11.86,2067.11,30.4,0,2029.61,29.3,0,2095.87,31.3,0,2062.83,29.6,0,1990.78,29.5,0,1973.4,30.3,0,1966.9,31.6,0,1977.48,31,0,2197.66,31.4,0
"2025-11-19 12:00:00",2707,802,"Chapada_Low",11.86,2067.41,30.4,0,2029.14,29.4,0,2094.2,31.4,0,2062.9,29.5,0,1990.7,29.5,0,1971.66,30.1,0,1964.6,31.6,0,1976.83,31.5,0,2196.32,31.7,0
"2025-11-19 12:15:00",2708,802,"Chapada_Low",11.86,2066.65,31.3,0,2027.82,30,0,2094.97,32.2,0,2060.34,30.3,0,1989.11,30.3,0,1972.72,30.9,0,1962.44,32.6,0,1975.02,32,0,2193.79,33.7,2
"2025-11-19 12:30:00",2709,802,"Chapada_Low",11.86,2065.81,33,0,2026.78,31.1,0,2092.74,33.5,0,2057.1,31.5,0,1988.13,31.5,0,1972.95,32.1,0,1961.27,33.8,0,1973.52,33.1,0,2190.94,34.9,0
"2025-11-19 12:45:00",2710,802,"Chapada_Low",11.86,2065.39,32.1,0,2027.15,31.1,0,2091.73,32.9,0,2057.82,30.8,0,1988.03,30.4,0,1969.85,31.1,0,1959.82,33.1,0,1972.18,32.5,0,2190.68,33.3,0
"2025-11-19 13:00:00",2711,802,"Chapada_Low",11.86,2063.12,33.9,0,2023.99,34.1,0,2089.59,36.8,0,2056.68,32.6,0,1986.2,31.7,0,1971.3,33.8,0,1959.89,36.2,0,1969.48,36.6,0,2187.31,38.1,0
"2025-11-19 13:15:00",2712,802,"Chapada_Low",11.86,2063.33,34.2,0,2022.26,34.5,0,2089.17,37.2,0,2054.84,33,0,1984.08,33.1,0,1969.19,33.6,0,1957.95,36.3,0,1968.49,36.5,0,2185.26,37.7,0
"2025-11-19 13:30:00",2713,802,"Chapada_Low",11.86,2063.76,33.7,0,2022.33,33.7,0,2087.14,36.2,0,2052.58,32.2,0,1984.78,31.5,0,1969.34,33.7,7,1954.8,35.6,0,1966.69,35.3,0,2184.02,35.6,0
"2025-11-19 13:45:00",2714,802,"Chapada_Low",11.86,2062.27,33.5,0,2023.11,33.3,0,2086.16,36.1,0,2053,31.9,0,1984.59,31.1,0,1968.69,32.8,0,1954.89,35.8,0,1966.69,34.9,0,2183.47,34.9,0
"2025-11-19 14:00:00",2715,802,"Chapada_Low",11.86,2062.44,32.6,0,2022.87,32.1,0,2083.99,34.7,0,2053.35,31.3,0,1983.99,30.5,0,1966.72,31.8,0,1956.06,33.9,0,1966.85,34,0,2183.28,34,0
"2025-11-19 14:15:00",2716,802,"Chapada_Low",11.86,2062.54,32.7,0,2022.81,31.7,0,2083.52,34.3,3,2052.43,31.2,0,1984.28,30.2,0,1966.66,31.4,0,1957,33.4,0,1966.15,33.3,0,2182.97,33.8,0
"2025-11-19 14:30:00",2717,802,"Chapada_Low",11.86,2062.73,33.2,0,2021.9,32.7,0,2083.65,35.8,0,2051.44,31.7,0,1983.98,30.8,0,1967.77,32.1,0,1956.24,34.2,0,1965.88,33.4,0,2181.93,34.3,0
"2025-11-19 14:45:00",2718,802,"Chapada_Low",11.86,2061.1,33.5,0,2020.65,33,0,2082.66,36.8,0,2050.53,31.9,0,1982.66,30.9,0,1966.95,32.1,0,1954.63,34.8,0,1965.78,33.5,0,2181.11,34.3,0
"2025-11-19 15:00:00",2719,802,"Chapada_Low",11.86,2061.03,33.1,0,2021.75,32.6,0,2081.26,36.4,0,2051.09,32.5,0,1983.68,30.9,0,1965.55,31.8,0,1952.7,35.3,0,1965.02,33,0,2180.24,34,0
"2025-11-19 15:15:00",2720,802,"Chapada_Low",11.86,2060.16,33.5,0,2020.89,33,0,2080.36,36.8,0,2047.76,32.8,0,1981.82,31.8,0,1965.74,32.9,0,1952.06,35.9,0,1965.07,33.2,0,2179.09,34.5,0
"2025-11-19 15:30:00",2721,802,"Chapada_Low",11.86,2059.92,33.4,0,2019.69,32.9,0,2079.08,36.2,0,2049.68,32.1,0,1981.37,31.1,0,1965.58,32.7,0,1951.63,36.2,0,1965.08,33,0,2177.28,34.2,0
"2025-11-19 15:45:00",2722,802,"Chapada_Low",11.86,2060.15,32.8,0,2019.42,32.4,0,2078.06,35.3,0,2049.41,31.4,0,1982.41,30.7,0,1963.9,32.1,0,1951.82,35.4,0,1965.53,33.1,0,2176.8,33.7,0
"2025-11-19 16:00:00",2723,802,"Chapada_Low",11.86,2059.45,31.5,0,2018.8,31.1,0,2076.29,33,4,2049.7,30.4,0,1982.87,29.2,0,1963.47,30.2,0,1951.26,33.4,0,1966.19,31.6,0,2176.64,32.3,0
"2025-11-19 16:15:00",2724,802,"Chapada_Low",11.86,2059.34,31.2,0,2019.57,30.4,0,2076.49,31.9,0,2050,29.6,0,1983.25,28.9,0,1964.41,29.7,0,1952.28,32.2,0,1965.7,30.6,0,2177.76,31.2,0
"2025-11-19 16:30:00",2725,802,"Chapada_Low",11.86,2060.26,30.1,0,2018.89,29.7,0,2074.31,30.5,0,2051.18,28.5,0,1983.36,28,0,1964.16,28.6,0,1951.7,30.7,0,1966.58,29.6,0,2178.81,29.8,0
"2025-11-19 16:45:00",2726,802,"Chapada_Low",11.86,2060.73,28.9,0,2017.79,28.4,0,2075.34,29.2,0,2050.02,27.7,0,1984.41,27.1,0,1965.63,27.4,0,1953.8,28.8,0,1966.57,28.2,0,2179.31,28.4,0
"2025-11-19 17:00:00",2727,802,"Chapada_Low",11.86,2061.23,28.6,0,2019.58,28,0,2075.4,28.8,0,2051.39,28.4,0,1984.64,28.3,0,1965.63,27.7,0,1956.3,28.2,0,1967.81,27.9,0,2180.19,28.1,0
"2025-11-19 17:15:00",2728,802,"Chapada_Low",11.86,2060.57,28.7,0,2020.05,27.7,0,2076.14,28.5,0,2051.28,28.4,0,1984.47,27.7,0,1965.64,28.4,0,1956.72,27.9,0,1968.53,27.3,0,2180.28,27.7,0
"2025-11-19 17:30:00",2729,802,"Chapada_Low",11.86,2061.02,28.9,0,2020.26,27.8,0,2077.89,28.5,0,2051.57,28.4,0,1984.41,27.8,0,1966.28,28.3,0,1956.29,28.5,0,1969.2,27.3,2,2180.2,27.9,0
"2025-11-19 17:45:00",2730,802,"Chapada_Low",11.86,2060.85,29,0,2021.09,27.9,0,2076.12,28.6,0,2051.3,28.2,0,1984.73,27.8,6,1965.25,28.3,0,1956.67,28.2,0,1969.92,27.8,0,2180.42,28.4,0
"2025-11-19 18:00:00",2731,802,"Chapada_Low",11.86,2060.46,28.8,0,2021.03,27.6,0,2076.88,28.4,0,2051.17,27.7,0,1983.9,27.2,0,1965.89,27.7,0,1956.84,27.7,0,1969.64,27.3,0,2180.24,28.2,0
"2025-11-19 18:15:00",2732,802,"Chapada_Low",11.86,2060.34,27.8,0,2020.58,27,4,2075.71,27.4,0,2051.35,26.7,0,1984.92,26,0,1966.14,26.4,0,1957.33,26.8,0,1972.03,26.4,0,2181.16,27.1,0
"2025-11-19 18:30:00",2733,802,"Chapada_Low",11.86,2061,27,0,2021.05,26.3,0,2077.96,26.6,0,2052.05,25.9,0,1987.09,25.3,0,1966.47,25.5,0,1958.94,25.9,0,1972.64,25.7,0,2180.9,26.3,0
"2025-11-19 18:45:00",2734,802,"Chapada_Low",11.85,2061.06,26.4,0,2021.2,25.8,0,2076.49,26,0,2052.87,25.3,0,1987.45,24.8,0,1968.8,24.9,0,1963.6,25.4,0,1973.66,25.2,0,2179.94,25.6,0
"2025-11-19 19:00:00",2735,802,"Chapada_Low",11.85,2062.09,25.9,0,2020.89,25.3,0,2076.45,25.4,0,2054.03,24.8,0,1988.91,24.3,2,1969.35,24.4,1,1961.44,24.9,0,1973.6,24.7,0,2180.94,25.1,0
"2025-11-19 19:15:00",2736,802,"Chapada_Low",11.86,2062.56,25.3,0,2023.08,24.8,0,2076.52,24.9,0,2054.45,24.3,0,1990.51,23.7,1,1970.34,23.7,0,1962.31,24.4,0,1976.44,24.2,0,2181.4,24.5,0
"2025-11-19 19:30:00",2737,802,"Chapada_Low",11.86,2063.26,24.7,0,2022.04,24.3,0,2077.7,24.4,0,2055.6,23.8,0,1992.24,23.2,0,1971.65,23.1,0,1963.88,23.7,0,1976.31,23.6,0,2182.65,23.9,0
"2025-11-19 19:45:00",2738,802,"Chapada_Low",11.86,2063.34,24.3,0,2022.62,23.8,0,2077.73,23.9,11,2056.86,23.4,0,1992.94,22.7,0,1972.96,22.6,0,1965.56,23.2,0,1976.92,23.2,0,2182.63,23.4,0
"2025-11-19 20:00:00",2739,802,"Chapada_Low",11.86,2064.16,24,0,2023.11,23.5,0,2078.63,23.6,0,2057.92,23.1,0,1994.49,22.4,0,1974.73,22.4,0,1967.38,22.8,0,1978.5,22.9,0,2183.06,23.1,1
"2025-11-19 20:15:00",2740,802,"Chapada_Low",11.86,2063.79,23.7,0,2023.76,23.2,0,2078.8,23.3,0,2060.18,22.7,0,1995.15,22.1,0,1975.51,22.1,0,1967.06,22.5,0,1981.21,22.6,0,2185.39,22.8,0
"2025-11-19 20:30:00",2741,802,"Chapada_Low",11.86,2064.86,23.4,0,2024.98,22.9,0,2079.17,22.9,0,2061.24,22.4,0,1996.08,21.8,0,1976.66,21.7,0,1969.91,22.2,0,1981.02,22.4,14,2184.13,22.5,0
"2025-11-19 20:45:00",2742,802,"Chapada_Low",11.86,2064.83,23.1,0,2024.86,22.6,0,2080.01,22.7,3,2062.06,22.1,0,1998.51,21.4,0,1977.63,21.4,0,1970.73,21.9,0,1982.05,22.1,0,2186.77,22.2,0
"2025-11-19 21:00:00",2743,802,"Chapada_Low",11.86,2063.51,22.8,0,2025.28,22.4,0,2080.29,22.5,0,2062.5,21.9,0,1999.78,21.2,0,1978.21,21,0,1971.93,21.6,0,1982.71,21.9,12,2184.91,22,0
"2025-11-19 21:15:00",2744,802,"Chapada_Low",11.86,2064.75,22.5,0,2025.62,22.1,0,2080.89,22.2,0,2063.06,21.6,0,2000.04,20.9,0,1978.69,20.7,0,1973.57,21.3,0,1985.15,21.6,0,2185.25,21.7,0
"2025-11-19 21:30:00",2745,802,"Chapada_Low",11.86,2065.77,22.3,0,2026.39,21.9,0,2081.19,22,0,2064.16,21.4,0,2001.59,20.7,0,1979.21,20.5,0,1975.1,21.1,0,1986.42,21.2,0,2185.55,21.4,0
"2025-11-19 21:45:00",2746,802,"Chapada_Low",11.86,2064.44,22.1,0,2027.01,21.7,0,2081.17,21.8,0,2064.62,21.2,0,2002.33,20.4,0,1980.99,20.3,0,1977.48,20.9,0,1985.98,21.1,0,2186.31,21.2,0
"2025-11-19 22:00:00",2747,802,"Chapada_Low",11.86,2064.57,21.8,0,2026.46,21.4,0,2082.14,21.6,0,2065.84,20.9,0,2003.43,20.1,1,1981.5,20,0,1981.26,20.6,0,1987.39,20.8,0,2189.18,20.9,0
"2025-11-19 22:15:00",2748,802,"Chapada_Low",11.86,2065.39,21.5,0,2027.48,21.1,8,2081.71,21.3,0,2066.76,20.7,0,2004.24,19.9,0,1982.11,19.8,0,1981.95,20.4,0,1988.54,20.6,1,2188.42,20.7,0
"2025-11-19 22:30:00",2749,802,"Chapada_Low",11.86,2067.24,21.2,0,2027.27,20.9,0,2082.14,21.1,0,2066.97,20.5,0,2005.59,19.8,0,1983.62,19.6,0,1985.56,20.2,0,1990.32,20.4,0,2188.68,20.5,0
"2025-11-19 22:45:00",2750,802,"Chapada_Low",11.86,2067.65,21,0,2028.26,20.7,0,2082.93,21,0,2067.8,20.4,0,2007.03,19.5,0,1985.76,19.3,0,1984.47,20,0,1991.44,20.3,0,2191.32,20.3,0
"2025-11-19 23:00:00",2751,802,"Chapada_Low",11.86,2067.6,20.8,0,2027.79,20.5,0,2083.13,20.8,0,2068.86,20.2,0,2007.54,19.3,7,1986.1,19.1,0,1985.84,19.8,0,1991.84,20.1,0,2191.41,20.1,21
"2025-11-19 23:15:00",2752,802,"Chapada_Low",11.86,2068.2,20.6,0,2029.59,20.3,0,2083.18,20.6,0,2068.33,20,0,2008.67,19.1,0,1986.72,18.9,0,1988.52,19.5,0,1993.14,19.7,3,2190.94,19.9,0
"2025-11-19 23:30:00",2753,802,"Chapada_Low",11.86,2067.93,20.4,0,2029.37,20.1,0,2084.29,20.5,0,2069.35,19.8,0,2010.03,19,0,1987.12,18.8,10,1987.79,19.4,0,1994.33,19.6,0,2190.73,19.7,0
"2025-11-19 23:45:00",2754,802,"Chapada_Low",11.86,2068.71,20.3,0,2029.91,19.9,0,2083.82,20.4,0,2070.63,19.8,0,2010.55,19,0,1987.14,18.7,0,1987.92,19.3,0,1994.73,19.5,0,2191.67,19.7,0
"2025-11-20 00:00:00",2755,802,"Chapada_Low",11.86,2069,20.1,0,2030.77,19.7,0,2084.78,20.2,0,2071.8,19.7,0,2011.32,18.8,0,1990.3,18.6,0,1989.71,19.2,0,1996.27,19.4,0,2191.28,19.5,0
"2025-11-20 00:15:00",2756,802,"Chapada_Low",11.86,2069.31,19.9,0,2031,19.6,0,2084.59,20,0,2071.29,19.5,0,2012.1,18.7,0,1990.2,18.4,0,1990.46,19,0,1996.91,19.3,0,2192.11,19.4,0
"2025-11-20 00:30:00",2757,802,"Chapada_Low",11.86,2069.28,19.8,0,2031.85,19.4,0,2085.16,19.9,0,2071.95,19.3,0,2012.67,18.5,0,1990.82,18.2,0,1989.75,18.9,0,1997.29,19.1,1,2193.05,19.2,0
"2025-11-20 00:45:00",2758,802,"Chapada_Low",11.86,2068.86,19.7,0,2031.41,19.3,0,2085.28,19.8,0,2072.62,19.2,0,2013.33,18.3,0,1992.64,18,0,1990.99,18.7,0,1999.4,19,0,2193.06,19.1,0
"2025-11-20 01:00:00",2759,802,"Chapada_Low",11.86,2069.65,19.5,0,2032.14,19.2,4,2085.22,19.7,6,2073.17,19.1,0,2014.6,18.3,1,1992.77,17.9,0,1991.94,18.6,0,2000.18,18.9,0,2192.77,19,0
"2025-11-20 01:15:00",2760,802,"Chapada_Low",11.86,2069.43,19.4,0,2032.54,19.1,0,2086.61,19.5,0,2073.48,19,0,2015.81,18.1,0,1992.11,17.8,0,1992.67,18.4,0,1999.36,18.6,0,2193.28,18.8,0
"2025-11-20 01:30:00",2761,802,"Chapada_Low",11.86,2069.92,19.3,0,2032.18,18.9,0,2086.31,19.4,0,2073.82,18.9,4,2016.17,18,0,1992.35,17.7,0,1993.48,18.3,0,2000.9,18.5,0,2193.78,18.7,0
"2025-11-20 01:45:00",2762,802,"Chapada_Low",11.86,2069.83,19.1,0,2032.67,18.8,0,2086.25,19.3,0,2074.65,18.7,0,2016.83,17.8,0,1995,17.5,0,1994.64,18.1,0,2001.45,18.4,0,2194.83,18.5,2
"2025-11-20 02:00:00",2763,802,"Chapada_Low",11.86,2070.69,19,0,2032.98,18.7,0,2087.39,19.1,5,2074.74,18.6,0,2018.06,17.7,0,1993.42,17.4,0,1996.14,18.1,0,2002.6,18.3,0,2195.07,18.4,0
"2025-11-20 02:15:00",2764,802,"Chapada_Low",11.86,2071.14,18.9,0,2033.8,18.6,0,2087.38,19.1,0,2075.25,18.5,0,2019.02,17.6,0,1993.91,17.3,0,1995.21,18,0,2003.01,18.2,0,2195.18,18.4,0
"2025-11-20 02:30:00",2765,802,"Chapada_Low",11.86,2071.38,18.9,0,2034.14,18.5,1,2088.3,19.1,0,2075.91,18.5,0,2019.49,17.7,0,1996.71,17.3,0,1997.59,18,0,2003.61,18.2,0,2195.21,18.4,0
"2025-11-20 02:45:00",2766,802,"Chapada_Low",11.86,2071.06,18.8,0,2034.77,18.4,0,2087.88,19,0,2076.35,18.4,0,2021.18,17.5,0,1995.6,17.1,0,1997.31,17.9,0,2004.85,18.1,0,2196.17,18.3,0
"2025-11-20 03:00:00",2767,802,"Chapada_Low",11.86,2071.47,18.6,0,2034.99,18.3,0,2087.95,18.8,0,2076.06,18.2,0,2020.51,17.3,0,1995.94,17,0,1999.18,17.5,0,2006.73,17.8,0,2196.53,18,0
"2025-11-20 03:15:00",2768,802,"Chapada_Low",11.86,2072.19,18.5,0,2035.39,18.2,0,2088.23,18.8,0,2077.34,18.1,0,2021.33,17.3,0,1999.01,17,0,1999.71,17.5,0,2005.72,17.8,0,2197.03,17.9,0
"2025-11-20 03:30:00",2769,802,"Chapada_Low",11.86,2072.18,18.4,0,2035.13,18.1,0,2088.94,18.6,0,2076.76,18,8,2022.25,17.2,0,1997.6,16.9,0,2000.78,17.3,0,2006.45,17.8,0,2197.71,17.8,0
"2025-11-20 03:45:00",2770,802,"Chapada_Low",11.86,2072.34,18.3,0,2035.77,17.9,0,2088.69,18.5,0,2077.6,18,0,2023.42,17.1,0,1998.25,16.8,0,2000.71,17.3,0,2007.66,17.7,0,2197.45,17.8,0
"2025-11-20 04:00:00",2771,802,"Chapada_Low",11.86,2072.56,18.4,0,2036.16,18,0,2089.84,18.5,0,2077.99,17.9,0,2023.43,17.2,0,1999.89,16.9,0,2001.36,17.4,0,2008.44,17.7,0,2197.65,17.9,0
"2025-11-20 04:15:00",2772,802,"Chapada_Low",11.86,2073.37,18.4,0,2036.31,18,0,2089.39,18.6,0,2078.16,18,0,2024.03,17.2,0,2001.98,17,0,2002.93,17.5,0,2010.05,17.8,0,2198.31,18,0
"2025-11-20 04:30:00",2773,802,"Chapada_Low",11.86,2072.93,18.3,0,2037.16,18,0,2089.73,18.6,0,2078.38,18,0,2024.61,17.2,0,2000.85,16.9,0,2002.59,17.5,0,2009.75,17.8,0,2198.59,17.9,0
"2025-11-20 04:45:00",2774,802,"Chapada_Low",11.86,2072.9,18.2,0,2036.49,17.9,7,2090.39,18.4,0,2078.61,17.8,0,2024.43,17.1,0,2001.48,16.7,0,2003.51,17.3,0,2010.39,17.5,0,2198.83,17.8,0
"2025-11-20 05:00:00",2775,802,"Chapada_Low",11.86,2073.46,18.2,0,2037.28,17.9,0,2090.34,18.4,0,2079.36,17.8,0,2024.79,17.1,0,2001.99,16.7,0,2003.93,17.3,0,2011.28,17.4,0,2199.28,17.8,0
"2025-11-20 05:15:00",2776,802,"Chapada_Low",11.86,2074.35,18.1,0,2037.01,17.8,0,2090.32,18.3,0,2079.05,17.8,0,2025.75,17,0,2002.78,16.6,0,2004.66,17.2,0,2011.82,17.3,0,2199.89,17.7,0
"2025-11-20 05:30:00",2777,802,"Chapada_Low",11.85,2073.17,18,0,2037.4,17.7,0,2090.34,18.2,0,2078.52,17.7,0,2026.01,16.9,0,2002.42,16.5,0,2004.58,17.2,0,2012.37,17.3,0,2200.02,17.6,10
"2025-11-20 05:45:00",2778,802,"Chapada_Low",11.86,2074.25,18,0,2036.39,17.6,3,2090.46,18.1,0,2079.85,17.7,0,2027.15,16.9,0,2002.7,16.5,0,2004.42,17.1,0,2012.67,17.2,0,2200.62,17.6,0
"2025-11-20 06:00:00",2779,802,"Chapada_Low",11.86,2074.85,17.8,0,2037.15,17.5,0,2091.21,18,0,2079.7,17.5,0,2027.36,16.7,0,2003.07,16.4,0,2005.21,17,0,2013.65,17.1,0,2201.26,17.5,0
"2025-11-20 06:15:00",2780,802,"Chapada_Low",11.86,2074.67,17.7,0,2038.38,17.4,0,2091.42,17.9,0,2080.77,17.4,0,2027.66,16.6,0,2004.21,16.2,0,2005.74,16.9,0,2012.86,17,0,2200.84,17.4,0
"2025-11-20 06:30:00",2781,802,"Chapada_Low",11.85,2075.12,17.9,0,2037.61,17.6,0,2091.29,18,0,2080.93,17.5,0,2028.18,16.8,0,2003.91,16.4,0,2005.3,17,0,2014.46,17,0,2200.95,17.6,0
"2025-11-20 06:45:00",2782,802,"Chapada_Low",11.86,2075.35,18.2,0,2038.58,17.9,0,2092.15,18.3,0,2080.87,17.7,5,2028.43,17.1,0,2004.76,16.8,0,2006.22,17.2,0,2015.48,17.2,0,2201.07,17.9,0
"2025-11-20 07:00:00",2783,802,"Chapada_Low",11.86,2075.44,19.1,0,2038.38,18.6,6,2092.01,18.8,0,2080.89,18.2,0,2028.97,17.6,0,2006.69,17.5,0,2005.75,17.7,0,2014.33,17.6,0,2201.16,18.8,0
"2025-11-20 07:15:00",2784,802,"Chapada_Low",11.86,2077.34,20.4,0,2038.24,19.4,0,2092.29,19.7,0,2079.83,18.8,0,2028.47,18.1,0,2004.95,18.8,0,2007.26,18.1,0,2015.21,18,0,2202.92,19.5,0
"2025-11-20 07:30:00",2785,802,"Chapada_Low",11.86,2075.8,21.9,0,2037.87,20.5,0,2092.53,20.9,0,2079.77,19.9,0,2027.61,18.8,0,2005.88,20.4,0,2004.78,18.8,0,2016.35,18.7,0,2200.19,20.5,0
"2025-11-20 07:45:00",2786,802,"Chapada_Low",11.86,2075.23,23.5,0,2037.25,21.3,0,2093.59,22.1,0,2078.7,21.3,0,2026.31,19.8,0,2004.4,21.7,0,2005.74,19.6,0,2014.51,20,0,2200.58,21.8,0
"2025-11-20 08:00:00",2787,802,"Chapada_Low",11.86,2075.59,24.7,0,2036.72,22.1,0,2092.53,22.8,0,2076.22,22.4,0,2024.32,20.8,0,2002.32,23,0,2002.48,21.4,0,2014.51,21.5,19,2198.45,22.9,0
"2025-11-20 08:15:00",2788,802,"Chapada_Low",11.86,2075.2,26,0,2034.89,23,0,2093.62,23.8,0,2073.32,23.5,0,2021.45,21.6,0,1998.31,25.5,0,2000.35,23.2,0,2011.32,23,0,2196.68,24.3,2
"2025-11-20 08:30:00",2789,802,"Chapada_Low",11.86,2073,27.5,0,2034.48,23.8,0,2093.28,24.7,0,2072.14,24.6,0,2018.37,22.2,0,1994.73,26.1,0,1996.53,25.5,0,2009.36,24.3,0,2197.5,25.7,0
"2025-11-20 08:45:00",2790,802,"Chapada_Low",11.86,2072.65,28.5,0,2032.57,24.6,0,2092.24,25.5,0,2069.24,25.6,0,2015.34,24.2,0,1991.46,26.8,0,1992.71,26.4,0,2005.13,25.9,0,2195.05,27.4,0
"2025-11-20 09:00:00",2791,802,"Chapada_Low",11.86,2071.56,29.6,0,2031.85,25.7,0,2090.26,26.5,0,2065.84,26.8,0,2010.86,26.8,0,1988.67,27.9,0,1988.96,27.9,0,1999.85,26.9,0,2192.73,29.3,0
"2025-11-20 09:15:00",2792,802,"Chapada_Low",11.86,2070.88,30.8,0,2029.87,27.4,0,2090.53,27.6,0,2064.32,28.2,0,2004.94,29.1,0,1985.45,28.9,0,1982.25,29.4,0,1995.42,28.2,8,2190.76,30.6,0
"2025-11-20 09:30:00",2793,802,"Chapada_Low",11.86,2069.89,32,0,2028.19,28.6,0,2088.06,29.6,0,2060.84,29.7,0,1998.61,31.1,2,1982.43,30,0,1978.59,30.8,0,1990.39,29.9,0,2186.27,32.2,0
"2025-11-20 09:45:00",2794,802,"Chapada_Low",11.86,2068.73,33.3,0,2025.91,29.8,0,2087.84,30.4,0,2056.94,31.9,0,1993.81,32.8,0,1979.77,30.9,0,1973.73,32.1,0,1985.55,31.6,0,2184.27,34,0
"2025-11-20 10:00:00",2795,802,"Chapada_Low",11.86,2068.53,34.3,0,2024,30.9,0,2087.42,31.4,0,2052.61,33.1,7,1990.56,34.6,0,1978.38,32.4,0,1969.66,33.4,0,1982.29,33.2,0,2182.18,35.3,0
"2025-11-20 10:15:00",2796,802,"Chapada_Low",11.86,2066.91,35.4,0,2021.15,31.8,0,2084.97,32.4,0,2050.85,34.4,0,1987.97,34.6,0,1976.42,33.1,0,1965.37,35.1,0,1977.99,34.4,0,2180.06,36.6,0
"2025-11-20 10:30:00",2797,802,"Chapada_Low",11.86,2065.28,34.2,0,2021.29,30.7,0,2082.92,31.4,0,2048.21,32.9,0,1988.48,31.9,0,1973.41,31,0,1963.38,33.3,0,1976.98,33.4,0,2178.94,34.3,0
"2025-11-20 10:45:00",2798,802,"Chapada_Low",11.86,2064.57,34.8,0,2021.5,31.3,0,2081.22,32.6,0,2046.8,33.9,0,1987.4,32.6,0,1973.58,31.8,0,1961.96,34,0,1974.59,34,0,2176.93,36.2,0
"2025-11-20 11:00:00",2799,802,"Chapada_Low",11.86,2064.27,34.6,0,2019.95,31.2,0,2080.2,32.5,0,2046.41,33.5,0,1987.5,31.7,0,1971.39,31.3,0,1959.83,33.6,0,1972.97,33.7,0,2175.05,35.2,0
"2025-11-20 11:15:00",2800,802,"Chapada_Low",11.86,2063,35.3,0,2019.2,32.7,0,2078.61,34.4,0,2044.25,35.1,0,1985.9,32.2,0,1972.22,32.1,0,1956.84,35.5,1,1971.4,35.1,0,2174.33,36.8,0
"2025-11-20 11:30:00",2801,802,"Chapada_Low",11.85,2063.43,36,0,2019.46,33.2,0,2077.4,36.4,0,2042.8,37,0,1984.7,32.8,0,1971.59,32.9,0,1955.17,37.4,0,1968.33,36.1,0,2170.55,38,0
"2025-11-20 11:45:00",2802,802,"Chapada_Low",11.85,2062.66,36.2,0,2017.41,33.3,0,2074.76,37,0,2039.99,37.2,0,1983.09,34.4,0,1969.07,33.8,0,1949.67,38,0,1966.13,36.3,0,2167.85,38.3,0
"2025-11-20 12:00:00",2803,802,"Chapada_Low",11.86,2061.57,36.4,0,2015.92,33.2,0,2072.18,36.9,0,2036.21,36.6,0,1980.82,35.1,0,1967.51,35,0,1948.39,39.1,0,1966.2,35.5,0,2168.3,39.5,0
"2025-11-20 12:15:00",2804,802,"Chapada_Low",11.85,2061.29,37.1,0,2015.06,33.5,0,2069.94,36,0,2034.64,36.1,0,1979.07,35.5,0,1966.92,35.7,0,1946.78,41,0,1965.25,35.4,0,2165.42,43.1,0
"2025-11-20 12:30:00",2805,802,"Chapada_Low",11.86,2059.99,38.1,0,2013.58,35,0,2069.26,37,5,2034.25,36.3,0,1978.45,35.5,0,1966.6,37.3,9,1944.75,43.1,0,1963.46,36.3,0,2162.17,45.4,0
"2025-11-20 12:45:00",2806,802,"Chapada_Low",11.86,2059.84,38.9,0,2012.12,37.1,0,2063.54,40.4,0,2034.33,36.3,0,1978.13,34.8,0,1966.01,37.7,0,1942.51,44.5,0,1961.72,38.2,0,2159.35,46.1,0
"2025-11-20 13:00:00",2807,802,"Chapada_Low",11.86,2058.04,39.1,0,2009.62,38.6,0,2061.45,42,0,2032.3,35.7,0,1976.96,33.8,0,1962.69,37.5,0,1941.52,43.7,0,1957.49,41.5,0,2155.81,47.2,0
"2025-11-20 13:15:00",2808,802,"Chapada_Low",11.86,2058.09,38.7,0,2006.87,39.1,0,2060.93,42.7,0,2031.82,35.8,0,1977.91,33.5,0,1962.81,37.1,0,1940.95,42,0,1955.71,41.7,0,2153.12,45.7,0
"2025-11-20 13:30:00",2809,802,"Chapada_Low",11.86,2058.12,38.5,0,2006.85,39,0,2060.95,43.1,0,2031.63,36.8,0,1976.42,33.7,0,1960.21,36.8,0,1938.52,41.6,0,1953.21,41.5,0,2150.62,43.4,0
"2025-11-20 13:45:00",2810,802,"Chapada_Low",11.86,2056.84,38.4,0,2007.07,37.9,0,2057.06,42,0,2028.7,36.4,0,1976.4,33.9,0,1960.1,36.4,0,1937.98,40.7,0,1954.41,40,0,2148.81,41.2,0
"2025-11-20 14:00:00",2811,802,"Chapada_Low",11.86,2057.87,37.5,0,2007.51,36.3,0,2055.92,41,0,2028.56,35.6,0,1976.62,32.6,0,1959.49,35.5,0,1938.12,40.1,0,1953.95,37.7,0,2148.19,39.6,5
"2025-11-20 14:15:00",2812,802,"Chapada_Low",11.86,2057.46,38.6,0,2007.18,36.5,0,2053.59,42.8,4,2029.11,36.5,0,1977.41,33,0,1959.94,36,0,1937.52,40.9,0,1953.27,38.7,0,2148.48,40.7,0
"2025-11-20 14:30:00",2813,802,"Chapada_Low",11.86,2056.77,39.2,0,2007.47,36.6,0,2053.17,43.4,0,2026.74,36.9,0,1975.87,33.3,0,1958.92,35.9,0,1936.52,40.7,0,1953.89,38,0,2146.66,41.6,0
"2025-11-20 14:45:00",2814,802,"Chapada_Low",11.86,2056.7,39.1,0,2006.38,36.4,0,2050.37,42.3,0,2026.26,36.2,0,1975.93,33.1,0,1958.12,35.4,0,1936.2,40,0,1953.25,37,0,2144.29,40,0
"2025-11-20 15:00:00",2815,802,"Chapada_Low",11.86,2055.15,39.7,0,2005.5,37.5,0,2049.4,42.7,0,2024.47,36.3,0,1974.82,33.7,0,1957.07,35.6,0,1935.38,40.8,0,1952.76,37.1,0,2142.54,39.8,0
"2025-11-20 15:15:00",2816,802,"Chapada_Low",11.86,2056.5,39.4,0,2005.26,36.4,0,2047.5,41.2,0,2024.71,36.5,0,1976.35,33.3,0,1957.17,34.9,0,1933.32,39.8,0,1952.39,36.4,0,2139.94,38.6,0
"2025-11-20 15:30:00",2817,802,"Chapada_Low",11.86,2055.7,37.5,0,2004.14,34.7,0,2046.08,38,3,2023.75,34.9,0,1975.91,33.1,0,1957.31,33.4,0,1935.96,37.2,0,1953.1,34.9,0,2139.74,36.5,0
"2025-11-20 15:45:00",2818,802,"Chapada_Low",11.85,2055.78,36.3,0,2005.01,33.5,0,2046.48,35.8,0,2024.84,33.3,0,1976.89,31.6,0,1958.11,33.1,0,1935.09,35.4,0,1954.34,33.7,0,2138.94,34.9,0
"2025-11-20 16:00:00",2819,802,"Chapada_Low",11.85,2055.21,35.6,0,2005,32.8,0,2046.01,34.8,0,2024.76,32.5,0,1977.32,30.9,0,1957.31,32.1,0,1935.23,35,0,1954.2,32.9,0,2139.01,34.2,0
"2025-11-20 16:15:00",2820,802,"Chapada_Low",11.85,2054.6,35.2,0,2004.98,32.6,0,2045.91,34.5,0,2025.51,32,0,1977.88,30.8,0,1956.15,31.9,0,1936.61,34.1,0,1954.4,32.9,0,2138.76,34.3,0
"2025-11-20 16:30:00",2821,802,"Chapada_Low",11.85,2054.86,35.9,0,2003.61,33.1,0,2045.54,35.1,0,2024.66,32.4,0,1977.92,31.4,0,1957.61,32.8,0,1936.2,34.4,0,1954.44,33.1,0,2137.69,34.9,0
"2025-11-20 16:45:00",2822,802,"Chapada_Low",11.86,2055.21,36.8,0,2003.81,34.4,0,2045.35,35.4,0,2025.47,32.8,0,1977.44,32.2,0,1956.76,33.6,0,1935.82,34.8,0,1954.35,33.5,0,2137.14,35,0
"2025-11-20 17:00:00",2823,802,"Chapada_Low",11.85,2055.93,36.6,0,2003.02,33.9,0,2045.49,35.3,0,2024.53,32.5,0,1976.44,31.8,0,1956.83,33,0,1936.02,34.1,0,1954.25,33.3,0,2135.56,34.3,0
"2025-11-20 17:15:00",2824,802,"Chapada_Low",11.85,2055.2,35.7,0,2003.45,32.8,0,2044.7,33.8,0,2023.99,32.2,0,1975.39,31,0,1956.74,31.9,0,1936.89,32.8,0,1954.83,32.4,0,2135.86,33.2,0
"2025-11-20 17:30:00",2825,802,"Chapada_Low",11.85,2054.59,35.1,0,2003.13,31.9,0,2044.05,32.8,0,2024.42,31.3,0,1976.5,30.9,0,1955.43,31.6,0,1936.92,31.9,0,1953.92,31.7,0,2135.27,32.4,0
"2025-11-20 17:45:00",2826,802,"Chapada_Low",11.85,2053.69,34.4,0,2005.02,31.3,0,2044.36,32.1,0,2025.72,30.6,0,1978.06,30.1,0,1955.69,31.2,0,1936.82,31.5,0,1955.14,31.1,0,2136.54,31.8,0
"2025-11-20 18:00:00",2827,802,"Chapada_Low",11.85,2054.94,33.9,0,2004.32,30.8,0,2044.2,31.4,0,2025.53,30,0,1978.36,29.4,0,1955.44,30.5,0,1937.77,30.9,0,1955.85,31,0,2136.11,31.2,0
"2025-11-20 18:15:00",2828,802,"Chapada_Low",11.85,2054.23,33.1,5,2005.23,30.2,0,2043.55,30.6,0,2025.95,29,0,1978.76,28.7,0,1954.91,29.6,0,1937.8,29.9,0,1955.48,30.1,0,2136.64,30.7,0
"2025-11-20 18:30:00",2829,802,"Chapada_Low",11.86,2054.67,31.6,0,2004.63,29.1,0,2043.31,29.3,0,2027.64,27.9,0,1979.02,27.4,0,1955.73,28,0,1939.38,28.5,0,1958.71,28.8,0,2136.51,29.1,0
"2025-11-20 18:45:00",2830,802,"Chapada_Low",11.85,2055.2,30,0,2005.79,28.1,0,2044.57,28,0,2028.08,26.8,0,1980.49,26.1,0,1955.47,26.5,0,1942.06,27.2,0,1958.98,27.5,0,2135.68,27.7,0
"2025-11-20 19:00:00",2831,802,"Chapada_Low",11.85,2055.01,28.5,0,2005.7,26.9,0,2044.06,26.9,0,2029.08,25.8,0,1981.96,25,0,1958.9,25.1,0,1943.67,25.9,0,1960.36,26.2,8,2138.46,26.4,0
"2025-11-20 19:15:00",2832,802,"Chapada_Low",11.85,2056.47,27.2,0,2006.05,25.9,0,2044.14,25.9,0,2030.74,24.9,0,1984.19,24,0,1959.89,24.1,0,1944.46,24.9,0,1962.55,25.2,0,2138.19,25.4,0
"2025-11-20 19:30:00",2833,802,"Chapada_Low",11.85,2057.96,26.1,0,2005.85,25.1,0,2046.83,25.1,0,2032.68,24.2,0,1985.87,23.2,10,1960.96,23,0,1946.67,24.1,0,1963.12,24.3,2,2139.3,24.5,1
"2025-11-20 19:45:00",2834,802,"Chapada_Low",11.85,2057.55,25.1,0,2007.21,24.3,0,2047.98,24.3,0,2034.07,23.5,0,1987.13,22.4,0,1962.14,22.3,0,1948.19,23.3,0,1965.11,23.6,0,2140.28,23.7,0
"2025-11-20 20:00:00",2835,802,"Chapada_Low",11.85,2059.62,24.4,0,2008.68,23.7,0,2047.83,23.9,0,2036.77,23,0,1989.61,22.1,0,1964.73,21.9,0,1949.64,22.9,0,1965.29,23,0,2139.77,23.2,0
"2025-11-20 20:15:00",2836,802,"Chapada_Low",11.85,2060.25,24,0,2008.17,23.3,0,2047.83,23.5,0,2038.42,22.7,0,1990.72,21.8,0,1966.02,21.7,0,1951.69,22.6,0,1967.76,22.7,0,2141.15,22.9,0
"2025-11-20 20:30:00",2837,802,"Chapada_Low",11.85,2060.32,23.5,0,2009.25,22.9,0,2049.14,23.1,0,2039.65,22.3,0,1992.77,21.4,0,1966.96,21.2,0,1951.44,22.2,0,1968.72,22.2,0,2141.24,22.5,0
"2025-11-20 20:45:00",2838,802,"Chapada_Low",11.85,2061.48,23,0,2010.18,22.4,0,2050.04,22.6,0,2040.91,22.1,0,1993.39,21.2,0,1967.98,20.9,0,1953.06,21.9,0,1970.12,21.8,0,2141.45,22.1,0
"2025-11-20 21:00:00",2839,802,"Chapada_Low",11.85,2062.24,22.5,0,2010.63,22.1,0,2049.9,22.3,0,2040.63,21.7,0,1995.16,20.8,0,1969.14,20.5,0,1955.46,21.4,0,1972.83,21.5,0,2141.57,21.7,0
"2025-11-20 21:15:00",2840,802,"Chapada_Low",11.86,2061.16,22.1,0,2011.5,21.7,0,2051.12,22,0,2042.26,21.4,0,1996.29,20.3,0,1968.21,20.1,0,1956.66,20.9,0,1972.62,21.2,0,2142.64,21.4,0
"2025-11-20 21:30:00",2841,802,"Chapada_Low",11.85,2062.88,21.8,0,2012.09,21.4,0,2051.61,21.8,0,2043.94,21.1,0,1998.96,20,0,1970.96,19.7,0,1958.27,20.7,0,1975.14,20.9,0,2142.69,21.2,0
"2025-11-20 21:45:00",2842,802,"Chapada_Low",11.86,2064.1,21.5,0,2012.76,21.1,0,2052.89,21.5,0,2044.59,20.8,0,1999.12,19.7,0,1972.35,19.4,0,1959.81,20.3,0,1976.3,20.4,0,2144.9,20.9,0
"2025-11-20 22:00:00",2843,802,"Chapada_Low",11.85,2064.35,21.2,0,2012.35,20.9,0,2052.52,21.2,0,2045.08,20.5,0,2000.45,19.5,0,1974.52,19.2,0,1962.92,20,0,1977.92,20.2,0,2145.53,20.6,0
"2025-11-20 22:15:00",2844,802,"Chapada_Low",11.85,2065.36,21,0,2013.72,20.7,0,2053.55,21,0,2046.2,20.4,0,2004.73,19.4,0,1974.1,19.1,0,1963.35,19.9,0,1978.83,20,0,2145.02,20.4,0
"2025-11-20 22:30:00",2845,802,"Chapada_Low",11.86,2065.69,20.8,0,2014.06,20.5,0,2054.12,20.8,0,2046.71,20.2,0,2003.28,19.1,0,1974.45,18.9,0,1965.67,19.7,0,1979.76,19.8,0,2146.85,20.2,0
"2025-11-20 22:45:00",2846,802,"Chapada_Low",11.86,2066.4,20.6,0,2014.91,20.2,0,2055.19,20.6,0,2047.57,20,0,2005.74,19,0,1974.36,18.7,0,1966.6,19.4,0,1981.51,19.6,0,2145.84,20,0
"2025-11-20 23:00:00",2847,802,"Chapada_Low",11.86,2065.33,20.5,0,2015.73,20.1,0,2055.38,20.5,0,2047.64,19.8,0,2007.1,18.9,0,1976.39,18.6,0,1968.7,19.3,0,1982.78,19.6,0,2147.72,19.9,0
"2025-11-20 23:15:00",2848,802,"Chapada_Low",11.85,2067.13,20.6,0,2016.53,20.1,0,2056.45,20.5,0,2048.76,19.9,3,2007.85,19,0,1977.77,18.7,0,1971.44,19.3,0,1984.8,19.6,0,2145.83,19.9,0
"2025-11-20 23:30:00",2849,802,"Chapada_Low",11.86,2067.13,20.5,0,2016.09,20.1,0,2056.45,20.5,2,2048.8,19.9,0,2008.9,18.9,0,1978.23,18.7,0,1970.43,19.3,0,1984.3,19.5,0,2146.35,19.9,0
"2025-11-20 23:45:00",2850,802,"Chapada_Low",11.86,2068.22,20.5,0,2015.92,20.1,0,2057.03,20.4,0,2049.17,19.8,0,2011.06,18.9,0,1980.93,18.7,0,1971.07,19.3,0,1984.99,19.4,0,2146.45,19.9,0
"2025-11-21 00:00:00",2851,802,"Chapada_Low",11.86,2067.38,20.5,0,2016.44,20.1,0,2057.29,20.4,0,2051.05,19.8,0,2012.2,18.9,0,1979.7,18.8,0,1972.27,19.3,0,1987.24,19.5,0,2149.23,19.9,0
"2025-11-21 00:15:00",2852,802,"Chapada_Low",11.86,2068.27,20.7,1,2017.2,20.3,0,2057.56,20.6,0,2050.39,19.9,0,2011.4,19.2,0,1979.83,19.1,0,1973,19.5,0,1987.1,19.7,0,2149.79,20.1,0
"2025-11-21 00:30:00",2853,802,"Chapada_Low",11.86,2067.56,21.3,0,2016.96,20.7,0,2058.62,20.9,0,2050.58,20.2,0,2011.98,19.7,0,1980.74,19.6,0,1973.77,19.9,0,1987.21,20,0,2147.26,20.6,0
"2025-11-21 00:45:00",2854,802,"Chapada_Low",11.86,2067.92,22,0,2016.24,21.2,0,2058.15,21.4,0,2050.22,20.6,0,2011.63,20.4,6,1981.33,20.3,0,1972.23,20.5,0,1987.5,20.4,0,2147.49,21.2,0
"2025-11-21 01:00:00",2855,802,"Chapada_Low",11.86,2068.5,22.7,0,2016.43,21.8,0,2059,21.8,4,2050.41,21,0,2010.64,21,0,1981.75,20.9,0,1973.15,21.1,0,1987.11,20.8,0,2147.89,21.7,0
"2025-11-21 01:15:00",2856,802,"Chapada_Low",11.86,2067.76,23.2,0,2016.97,22.2,0,2058.4,22.1,0,2050.09,21.3,0,2009.77,21.3,0,1981.1,21.3,0,1973,21.5,0,1988.11,21.3,0,2149.16,22.1,0
"2025-11-21 01:30:00",2857,802,"Chapada_Low",11.86,2068.22,23.4,0,2017.03,22.4,0,2059.09,22.3,0,2049.7,21.5,0,2008.77,21.6,0,1981.52,21.6,0,1973.75,21.8,0,1987.77,21.6,0,2147.36,22.3,0
"2025-11-21 01:45:00",2858,802,"Chapada_Low",11.86,2068.68,23.6,0,2016.66,22.6,0,2058.78,22.5,0,2049.67,21.7,0,2008.67,21.8,0,1980.6,21.8,0,1971.22,22,0,1986.44,21.8,0,2149.39,22.5,0
"2025-11-21 02:00:00",2859,802,"Chapada_Low",11.86,2069.1,23.5,0,2017.12,22.7,0,2059.18,22.5,0,2049.05,21.8,0,2007.23,21.7,0,1980.31,21.8,0,1972,22.1,0,1985.65,21.9,0,2147.87,22.5,2
"2025-11-21 02:15:00",2860,802,"Chapada_Low",11.86,2068.65,23.4,0,2016.1,22.6,0,2059.26,22.5,0,2048.61,21.8,0,2008.18,21.6,0,1980.02,21.7,0,1970.23,22,0,1986.1,21.8,0,2148.63,22.3,0
"2025-11-21 02:30:00",2861,802,"Chapada_Low",11.86,2068.39,23.1,0,2016.39,22.5,0,2058.73,22.4,0,2048.57,21.7,0,2008.5,21.5,0,1979.88,21.5,0,1971.31,21.9,0,1985.41,21.8,0,2147.17,22.2,0
"2025-11-21 02:45:00",2862,802,"Chapada_Low",11.86,2068.51,23,0,2015.74,22.3,0,2058.3,22.2,0,2048.7,21.6,0,2008.52,21.4,0,1980.1,21.3,0,1971.75,21.7,0,1987.25,21.6,0,2149.35,22.1,0
"2025-11-21 03:00:00",2863,802,"Chapada_Low",11.85,2068.2,22.9,0,2014.96,22.3,0,2058.32,22.2,0,2049.4,21.5,0,2008.55,21.2,0,1980.01,21.4,0,1972.1,21.7,0,1986.07,21.6,0,2147.81,22,0
"2025-11-21 03:15:00",2864,802,"Chapada_Low",11.86,2068.28,22.8,0,2015.95,22.3,0,2058.35,22.1,0,2048.52,21.5,0,2007.96,21.2,0,1979.54,21.3,0,1973.1,21.7,0,1987.09,21.5,0,2149.71,22,0
"2025-11-21 03:30:00",2865,802,"Chapada_Low",11.86,2068.43,22.7,0,2017.23,22.2,0,2058.82,22.1,0,2048.91,21.5,0,2008.95,21.1,0,1979.68,21.2,0,1972.97,21.6,0,1987.4,21.5,0,2150.49,21.9,0
"2025-11-21 03:45:00",2866,802,"Chapada_Low",11.85,2067.22,22.7,0,2016.11,22.2,0,2059,22.1,0,2048.54,21.5,0,2009.31,21.2,0,1979.85,21.2,0,1973.42,21.6,0,1985.89,21.5,0,2150.17,21.9,0
"2025-11-21 04:00:00",2867,802,"Chapada_Low",11.86,2068.98,22.7,0,2016.45,22.3,0,2058.84,22.1,0,2048.82,21.5,0,2009.62,21.2,0,1979.93,21.3,0,1973.82,21.6,0,1987.26,21.5,0,2150.18,22,0
"2025-11-21 04:15:00",2868,802,"Chapada_Low",11.86,2067.2,22.7,0,2015.72,22.3,0,2058.4,22.2,0,2048.87,21.5,0,2008.8,21.3,0,1980.08,21.4,0,1972.98,21.7,0,1987.04,21.6,0,2150.32,22,0
"2025-11-21 04:30:00",2869,802,"Chapada_Low",11.86,2069.1,22.7,0,2015.7,22.3,0,2058.79,22.2,0,2048.63,21.6,0,2008.27,21.4,4,1979.74,21.5,0,1972.62,21.8,0,1986.59,21.6,0,2149.03,22.1,0
"2025-11-21 04:45:00",2870,802,"Chapada_Low",11.86,2069.11,22.7,0,2016.62,22.3,0,2059.12,22.2,0,2048.42,21.6,0,2008.62,21.4,0,1979.01,21.5,0,1973.21,21.8,0,1987.26,21.7,0,2150.72,22.1,0
"2025-11-21 05:00:00",2871,802,"Chapada_Low",11.86,2069.28,22.7,0,2016.86,22.3,0,2058.91,22.2,0,2049.36,21.7,0,2008.06,21.4,0,1979.25,21.5,0,1972.21,21.8,0,1986.56,21.7,0,2150.96,22.1,0
"2025-11-21 05:15:00",2872,802,"Chapada_Low",11.86,2069.67,22.5,0,2015.92,22.3,0,2059.57,22.2,0,2049.11,21.6,0,2007.42,21.3,0,1979.1,21.4,0,1972.61,21.8,0,1986.76,21.7,0,2149.21,22,0
"2025-11-21 05:30:00",2873,802,"Chapada_Low",11.86,2069.67,22.3,0,2014.83,22,0,2059.39,21.8,0,2048.17,21.5,0,2008.51,21,0,1980.01,21.2,0,1974.39,21.5,0,1986.22,21.4,0,2149.86,21.8,0
"2025-11-21 05:45:00",2874,802,"Chapada_Low",11.86,2070.42,22.1,0,2014.4,21.7,0,2059.8,21.5,0,2048.3,21.3,0,2009.25,20.8,0,1980.94,21,0,1974.14,21.3,0,1986.6,21.2,0,2149.45,21.6,0
"2025-11-21 06:00:00",2875,802,"Chapada_Low",11.86,2068.81,22,0,2014.26,21.5,0,2061.71,21.3,0,2050.59,21.1,0,2011.1,20.6,0,1982.22,20.7,0,1974.71,21.1,0,1989.11,21,0,2150.68,21.4,0
"2025-11-21 06:15:00",2876,802,"Chapada_Low",11.86,2066.88,21.8,0,2019.08,21.3,0,2068.69,21.2,0,2052.76,21,0,2012.07,20.3,0,1984.46,20.5,0,1977.81,20.9,0,1992.21,20.9,0,2154.48,21.1,0
"2025-11-21 06:30:00",2877,802,"Chapada_Low",11.86,2068.99,21.7,0,2020.64,21.1,0,2081.62,21.1,0,2052.25,20.9,0,2012.36,20.3,0,1983.75,20.3,0,1978.13,20.8,0,1993.94,20.8,0,2155.2,21,0
"2025-11-21 06:45:00",2878,802,"Chapada_Low",11.86,2067.35,21.7,0,2024.54,21.1,0,2094.98,21.1,0,2053.57,20.9,0,2013.08,20.3,0,1985.34,20.4,3,1980,20.8,0,2000.49,20.8,0,2156.52,21,0
"2025-11-21 07:00:00",2879,802,"Chapada_Low",11.86,2068.58,21.7,0,2028.04,21,0,2108.49,21,0,2055.7,20.9,0,2014.86,20.2,0,1986.41,20.3,0,1980.76,20.8,0,2015.95,20.7,0,2159.5,20.9,0
"2025-11-21 07:15:00",2880,802,"Chapada_Low",11.86,2065.57,21.6,0,2034.97,21,0,2126.86,21,0,2057.9,20.8,0,2014.96,20.1,0,1988.68,20.2,4,1983.08,20.6,0,2013.32,20.7,0,2161.49,20.8,0
"2025-11-21 07:30:00",2881,802,"Chapada_Low",11.86,2065.7,21.7,0,2043.37,20.9,0,2159.06,21,0,2060.33,20.8,0,2015.55,20.1,0,1992.18,20.2,0,1987.06,20.5,0,2011.51,20.7,0,2165.98,20.9,0
"2025-11-21 07:45:00",2882,802,"Chapada_Low",11.86,2066.66,21.7,0,2049,21,0,2168.51,21.1,0,2061.51,20.8,0,2017.52,20.2,0,1993.8,20.3,0,1985.57,20.6,0,2011.94,20.7,0,2169.4,20.9,1
"2025-11-21 08:00:00",2883,802,"Chapada_Low",11.86,2067.29,21.8,0,2050.96,21.2,0,2171.32,21.2,0,2062.85,20.9,0,2020.24,20.5,0,1993.67,20.5,0,1986.72,20.8,0,2010.85,20.9,0,2171.73,21.1,0
"2025-11-21 08:15:00",2884,802,"Chapada_Low",11.86,2069.16,22,0,2052.52,21.3,5,2169.62,21.4,0,2063.23,21.2,0,2021.11,20.7,0,1993.19,20.8,2,1988.23,21,0,2008.77,21.1,0,2172.7,21.3,0
"2025-11-21 08:30:00",2885,802,"Chapada_Low",11.86,2070.07,22.3,0,2052.71,21.5,0,2168.01,21.6,0,2063.58,21.4,0,2021.66,21,0,1994.11,21,0,1991.55,21.1,0,2010.4,21.3,0,2175.46,21.5,0
"2025-11-21 08:45:00",2886,802,"Chapada_Low",11.86,2070.22,22.6,0,2052.44,21.7,0,2166.18,21.9,0,2063.55,21.6,0,2022.06,21.2,0,1994.29,21.4,0,1992.14,21.6,0,2008.75,21.6,0,2178.1,21.9,0
"2025-11-21 09:00:00",2887,802,"Chapada_Low",11.86,2070.95,23.5,0,2052.94,22.1,0,2164.93,22.7,5,2063.41,22.2,0,2021.18,21.8,0,1995.41,22.1,0,1992.39,22.2,0,2010,22.4,0,2180.24,22.7,0
"2025-11-21 09:15:00",2888,802,"Chapada_Low",11.86,2071.35,24.4,0,2053.14,22.6,4,2163.08,23.2,0,2061.89,22.7,0,2020.33,22.3,0,1994.42,22.4,0,1993.49,22.7,0,2007.16,22.9,0,2181.39,23.5,0
"2025-11-21 09:30:00",2889,802,"Chapada_Low",11.86,2071.39,24.9,0,2054.23,22.8,0,2161.16,23.5,0,2060.53,22.9,0,2021.12,22.4,0,1994.23,22.6,3,1993,22.9,0,2006.8,23.2,0,2181.1,23.5,0
"2025-11-21 09:45:00",2890,802,"Chapada_Low",11.86,2071.5,25.3,0,2054.32,23.3,0,2161.06,23.9,0,2060.75,23.2,0,2019.26,22.5,0,1994.38,22.8,0,1990.61,23.1,0,2005.7,23.4,0,2182.79,23.8,0
"2025-11-21 10:00:00",2891,802,"Chapada_Low",11.86,2071.08,25.8,0,2053.47,23.5,0,2158.59,24.3,0,2060.84,23.6,0,2015.9,22.7,0,1995.13,23.1,0,1990.77,23.4,0,2005.5,23.7,0,2183.99,24.1,0
"2025-11-21 10:15:00",2892,802,"Chapada_Low",11.86,2069.8,26.6,0,2053.77,23.9,0,2156.29,24.7,0,2059.45,24.2,0,2013.52,24.3,0,1994.31,23.6,0,1989.14,23.9,0,2003.16,24.2,0,2186.13,24.8,0
"2025-11-21 10:30:00",2893,802,"Chapada_Low",11.85,2068.83,26.9,0,2053.16,23.9,0,2154.28,24.7,0,2060.26,24,0,2015.82,23.4,0,1994,24.2,0,1988.98,23.8,0,2002.07,24.2,0,2187.89,24.7,0
"2025-11-21 10:45:00",2894,802,"Chapada_Low",11.86,2068.73,26.7,0,2053.14,23.7,0,2154.9,24.5,0,2059.84,23.6,0,2010.65,23,0,1993.09,23.4,0,1988.17,24.1,0,2002.56,23.9,0,2186.5,24.3,0
"2025-11-21 11:00:00",2895,802,"Chapada_Low",11.86,2068.27,26.8,0,2052.7,23.6,0,2153.25,24.5,0,2059.91,23.7,0,2011.06,23.1,0,1993.14,23.5,0,1986.55,23.9,0,2001.67,24.4,0,2187.44,24.7,0
"2025-11-21 11:15:00",2896,802,"Chapada_Low",11.86,2067.8,27.5,0,2053.74,23.9,0,2152.63,24.9,0,2059.38,24.1,0,2009.43,23.4,0,1993.19,23.7,0,1986.97,24.2,0,2000.84,24.6,0,2187.53,25.3,0
"2025-11-21 11:30:00",2897,802,"Chapada_Low",11.86,2067.34,27.3,8,2052.97,24.1,0,2151.82,24.4,0,2060.26,23.7,0,2010.06,23.2,0,1993.22,23,0,1986.02,23.9,0,2001.66,24.2,0,2188.44,24.5,0
"2025-11-21 11:45:00",2898,802,"Chapada_Low",11.86,2067.27,26.6,0,2053.06,23.7,0,2149.9,24.5,0,2060.57,23.4,0,2010.35,23,0,1993.15,22.7,0,1986.07,23.7,0,2001.66,23.8,0,2189.29,24.2,0
"2025-11-21 12:00:00",2899,802,"Chapada_Low",11.86,2066.79,27.9,0,2052.97,24.6,0,2150.78,25.8,0,2060.24,25.2,0,2008.17,25.4,0,1992.94,24.2,0,1983.58,26,0,1999.84,25,0,2190.77,26.7,0
"2025-11-21 12:15:00",2900,802,"Chapada_Low",11.86,2067.3,28.3,10,2052.03,24.6,0,2148.26,25.7,0,2058.97,25,0,2006.89,25.5,0,1992.48,24.8,5,1983.51,25.9,0,2000.27,25,0,2191.04,26.4,7
"2025-11-21 12:30:00",2901,802,"Chapada_Low",11.86,2066.38,30.2,0,2053,26.5,0,2148.44,27.8,0,2058.39,26.5,0,2004.5,27.1,0,1989.93,27.8,10,1978.21,29.4,0,1997.78,26.9,0,2187.71,30.9,0
"2025-11-21 12:45:00",2902,802,"Chapada_Low",11.86,2064.57,32.7,0,2048.92,29,0,2144.38,31.4,0,2057.77,27.8,0,2001.81,28.2,0,1988.31,29.5,0,1976.42,32,0,1994.43,30.4,0,2183.02,35,0
"2025-11-21 13:00:00",2903,802,"Chapada_Low",11.85,2064.46,34.3,0,2046.09,30.8,0,2144.58,33.2,0,2055.71,28.7,0,2000.05,28.9,0,1985.52,30.9,0,1972.83,33.2,0,1988.51,33.3,1,2183.14,37.2,0
"2025-11-21 13:15:00",2904,802,"Chapada_Low",11.86,2062.87,34.3,0,2046.42,30.3,0,2141.6,32.5,0,2053.68,28.9,0,2000.01,29,0,1985.12,30.5,0,1970.46,32.3,0,1987.36,32.3,0,2181.4,35.4,0
"2025-11-21 13:30:00",2905,802,"Chapada_Low",11.85,2063.13,32.9,0,2046.24,29.3,0,2137.61,30.5,0,2054.2,28.1,0,1998.63,28.3,0,1983.84,28.7,0,1969.6,30.7,0,1987.15,30.3,0,2181.18,32.6,0
"2025-11-21 13:45:00",2906,802,"Chapada_Low",11.85,2062.03,30.8,0,2045.37,27.5,0,2136.16,28.7,0,2053.48,27.1,0,1998.48,27.1,0,1983.4,26.7,0,1969.7,28.9,0,1987.12,28.4,0,2183.82,30.2,0
"2025-11-21 14:00:00",2907,802,"Chapada_Low",11.86,2062.19,28.9,0,2045.91,26,0,2134.27,26.9,6,2053.93,25.9,0,1999.15,25.9,0,1985.1,25,0,1972.32,27.1,0,1989.8,26.8,0,2184.44,28,0
"2025-11-21 14:15:00",2908,802,"Chapada_Low",11.86,2060.66,27,0,2044.37,24.7,0,2137.57,25.2,0,2054.47,24.5,0,2002.09,24.2,0,1986.83,23.7,0,1974.49,25,0,1989.86,25.2,0,2188.2,25.3,0
"2025-11-21 14:30:00",2909,802,"Chapada_Low",11.86,2060.08,25.7,0,2046.44,23.7,0,2140.08,24.1,0,2059.67,23.5,0,2010.23,22.6,0,1995.8,22.4,2,1978.38,23.7,0,1991.9,24,0,2196.3,23.8,0
"2025-11-21 14:45:00",2910,802,"Chapada_Low",11.86,2061.31,25.1,0,2048.14,23.2,0,2141.18,23.7,0,2062.91,23.1,0,2019.47,22.3,0,2007.18,21.9,0,1984.02,23,0,1996.3,23.5,0,2204.36,23.4,0
"2025-11-21 15:00:00",2911,802,"Chapada_Low",11.86,2063,25.2,0,2048.87,23.3,0,2142.23,23.9,0,2062.63,23.3,0,2025.13,22.7,0,2007.97,22.3,0,1987.39,23.3,0,1998.08,23.7,0,2210.14,23.8,0
"2025-11-21 15:15:00",2912,802,"Chapada_Low",11.86,2064.46,27,0,2049.9,24.8,0,2144.57,26,0,2063.78,24.6,0,2026.18,24.2,0,2007.3,23.9,3,1987.26,25.3,0,1997.22,25,0,2211.79,25.8,0
"2025-11-21 15:30:00",2913,802,"Chapada_Low",11.86,2064.17,29.3,0,2050.1,25.8,0,2143.21,28.1,0,2063.18,25.8,0,2024.59,25.2,0,2007.38,24.9,0,1985.19,26.9,0,1997.41,26.2,0,2213.62,26.8,0
"2025-11-21 15:45:00",2914,802,"Chapada_Low",11.86,2063.51,30.3,0,2049.66,25.9,0,2142.39,27.8,1,2062.47,26.8,0,2025.23,25.3,0,2006.88,24.6,0,1988.42,26.9,0,1996.37,26.3,0,2214.39,26.5,0
"2025-11-21 16:00:00",2915,802,"Chapada_Low",11.86,2062.55,30.4,0,2049.72,25.9,0,2142.28,27.7,0,2062.36,26.2,0,2026.87,25.9,7,2007.21,25.9,0,1987.37,26.7,0,1996.55,26.1,0,2215.83,26.5,0
"2025-11-21 16:15:00",2916,802,"Chapada_Low",11.86,2062.82,30.2,0,2050.58,25.8,0,2139.62,27.4,0,2062.32,25.7,0,2030.26,25,0,2006.99,25.2,0,1986.55,26.7,0,1995.66,25.9,0,2216.38,26.1,0
"2025-11-21 16:30:00",2917,802,"Chapada_Low",11.86,2061.89,29.3,0,2049.48,25.3,1,2140.18,26.5,0,2063.32,25,0,2031.54,24.2,0,2007.76,23.9,0,1986.68,25.9,0,1994.75,25.9,0,2215.15,25.4,0
"2025-11-21 16:45:00",2918,802,"Chapada_Low",11.86,2061.91,27.9,0,2048.85,24.6,0,2138.56,25.5,0,2064.55,24.3,0,2033.8,23.4,0,2009.38,22.9,0,1987.88,24.8,0,1996.06,25,0,2216.66,25,0
"2025-11-21 17:00:00",2919,802,"Chapada_Low",11.86,2062.27,26.8,0,2050.39,24.1,0,2137.73,24.8,0,2065.91,23.7,0,2033.86,22.9,0,2009.11,22.4,0,1989.72,24,0,1996.89,24.2,0,2219.01,24.2,0
"2025-11-21 17:15:00",2920,802,"Chapada_Low",11.86,2063.93,26.1,0,2050.02,23.9,0,2137.89,24.3,0,2066.57,23.3,0,2035.88,22.5,0,2010.54,22,0,1989.75,23.5,0,1997.94,23.7,0,2218.41,23.7,0
"2025-11-21 17:30:00",2921,802,"Chapada_Low",11.86,2064.11,25.7,0,2050.19,23.6,0,2139.99,24.2,0,2067.47,23.2,0,2037.64,22.3,0,2011.67,21.9,0,1991.53,23.1,0,1998.8,23.4,0,2221.04,23.4,0
"2025-11-21 17:45:00",2922,802,"Chapada_Low",11.86,2063.73,25.7,0,2050.52,23.5,0,2137.92,24.1,1,2068.89,23.4,0,2038.56,22.9,0,2013.03,22.1,0,1992.38,23.1,0,1997.9,23.4,0,2219.73,23.5,0
"2025-11-21 18:00:00",2923,802,"Chapada_Low",11.86,2063.71,25.1,0,2051.25,23.1,0,2138.04,23.6,0,2071.18,22.9,0,2039.63,22.2,0,2013.23,22,0,1993.22,22.6,0,1999.96,23,0,2220.49,22.9,0
"2025-11-21 18:15:00",2924,802,"Chapada_Low",11.86,2063.92,24.5,0,2051.62,22.7,0,2138.02,23.1,0,2072.13,22.5,0,2040.28,21.6,0,2013.43,21.4,0,1994.24,22.3,0,1999.96,22.5,0,2223.49,22.4,0
"2025-11-21 18:30:00",2925,802,"Chapada_Low",11.86,2064.65,23.9,0,2052.35,22.3,0,2137.47,22.6,0,2073.29,22.1,0,2041.89,21.2,0,2014.04,20.9,0,1994.68,21.8,0,2001.13,22.2,0,2222.68,22.1,0
"2025-11-21 18:45:00",2926,802,"Chapada_Low",11.86,2064.63,23.4,0,2051.97,22,0,2137.88,22.3,0,2074.77,21.8,0,2042.72,21,0,2014.9,20.7,0,1996.44,21.4,0,2003.25,21.8,0,2223.55,21.8,0
"2025-11-21 19:00:00",2927,802,"Chapada_Low",11.85,2063.76,23,0,2052.49,21.8,0,2138.22,22.1,0,2075.82,21.6,0,2043.95,20.7,1,2016.17,20.4,0,1997.78,21.1,0,2004.72,21.5,0,2224.01,21.5,0
"2025-11-21 19:15:00",2928,802,"Chapada_Low",11.86,2065.14,22.7,0,2052.96,21.5,0,2137.61,21.9,0,2077.03,21.3,0,2044.92,20.6,0,2016.54,20.2,0,2000.29,20.9,0,2007.45,21.3,0,2225.32,21.3,0
"2025-11-21 19:30:00",2929,802,"Chapada_Low",11.86,2065.45,22.4,0,2053.28,21.3,0,2137.65,21.7,7,2078.46,21.3,0,2045.82,20.5,8,2017.27,20.2,0,2001.46,20.8,0,2006.03,21.2,0,2227.46,21.2,0
"2025-11-21 19:45:00",2930,802,"Chapada_Low",11.86,2066.54,22.3,0,2053.57,21.2,0,2138.72,21.6,0,2079.35,21.2,0,2046.29,20.6,0,2017.42,20.2,0,2001.96,20.7,0,2006.96,21.1,0,2225.73,21.1,0
"2025-11-21 20:00:00",2931,802,"Chapada_Low",11.86,2066.42,22.2,0,2054.01,21.1,0,2138.51,21.5,0,2079.67,21.1,0,2046.71,20.4,0,2017.53,20.1,0,2003.04,20.7,0,2008.48,21,0,2229.01,21,0
"2025-11-21 20:15:00",2932,802,"Chapada_Low",11.86,2065.07,22,0,2054.97,21,0,2139.23,21.4,0,2080.63,21,0,2046.92,20.3,0,2018.24,20,0,2004.61,20.6,0,2009.14,20.9,0,2229.13,20.9,0
"2025-11-21 20:30:00",2933,802,"Chapada_Low",11.86,2067.24,22,0,2054.72,20.9,0,2139.57,21.3,0,2081.22,20.9,0,2047.23,20.3,8,2019.03,20,0,2006.87,20.5,0,2011.17,20.8,0,2229.94,20.9,0
"2025-11-21 20:45:00",2934,802,"Chapada_Low",11.86,2067.9,21.8,0,2054.24,20.8,0,2139.15,21.2,0,2082.35,20.8,0,2048.12,20.2,0,2019.64,19.9,0,2005.77,20.4,0,2010.45,20.7,0,2229.8,20.7,0
"2025-11-21 21:00:00",2935,802,"Chapada_Low",11.86,2066.55,21.7,0,2054.73,20.8,0,2139.19,21.1,0,2083.06,20.7,0,2049.2,20.1,0,2020.22,19.8,0,2008.35,20.2,0,2011.15,20.6,0,2229.27,20.6,0
"2025-11-21 21:15:00",2936,802,"Chapada_Low",11.86,2068.04,21.6,0,2055,20.7,0,2139.99,21,0,2083.98,20.7,0,2049.86,20.1,0,2020.84,19.8,0,2007.86,20.2,0,2011.9,20.5,0,2230,20.6,0
"2025-11-21 21:30:00",2937,802,"Chapada_Low",11.86,2068.29,21.6,0,2054.99,20.6,0,2139.44,21,0,2085.3,20.7,0,2050.06,20.1,0,2021.81,19.8,0,2009.12,20.1,0,2011.38,20.5,0,2232.52,20.6,3
"2025-11-21 21:45:00",2938,802,"Chapada_Low",11.86,2066.62,21.5,0,2054.7,20.6,0,2139.47,21,0,2085.99,20.6,0,2050.42,20,0,2022.43,19.8,0,2010.72,20.1,0,2012.5,20.4,0,2230.59,20.5,0
"2025-11-21 22:00:00",2939,802,"Chapada_Low",11.86,2068.39,21.5,0,2056.19,20.5,0,2139.85,20.9,0,2085.43,20.6,0,2051.11,20,0,2022.9,19.7,0,2009.06,20.1,0,2012.68,20.3,0,2231.1,20.5,4
"2025-11-21 22:15:00",2940,802,"Chapada_Low",11.85,2067.95,21.4,0,2055.95,20.5,0,2140.19,20.8,0,2086.33,20.5,0,2051.07,19.9,0,2023.48,19.6,0,2010.09,20,0,2013.62,20.3,0,2231.2,20.4,0
"2025-11-21 22:30:00",2941,802,"Chapada_Low",11.86,2069.65,21.2,0,2055.51,20.4,0,2139.87,20.7,0,2086.9,20.4,0,2051.55,19.8,0,2024.84,19.5,0,2011.74,19.9,0,2013.09,20.2,0,2232.15,20.3,0
"2025-11-21 22:45:00",2942,802,"Chapada_Low",11.86,2069.14,21.1,0,2056.67,20.3,0,2138.92,20.7,0,2087.06,20.4,0,2052.26,19.8,0,2024.65,19.5,0,2012.65,19.9,2,2014.17,20.2,0,2232.79,20.2,0
"2025-11-21 23:00:00",2943,802,"Chapada_Low",11.86,2069.07,21.1,0,2056.65,20.3,0,2140.32,20.7,0,2088.1,20.4,0,2052.25,19.8,0,2024.98,19.5,0,2013.68,19.9,0,2014.6,20.2,0,2232.52,20.2,0
"2025-11-21 23:15:00",2944,802,"Chapada_Low",11.86,2069.39,21.2,0,2056.39,20.3,0,2139.4,20.7,0,2087.81,20.4,0,2052.96,19.8,0,2025.59,19.6,0,2013.45,19.9,0,2014.49,20.2,0,2235.2,20.2,0
"2025-11-21 23:30:00",2945,802,"Chapada_Low",11.85,2070.23,21.2,0,2056.25,20.3,0,2140.02,20.7,0,2088.32,20.4,0,2053.42,19.9,0,2025.69,19.7,0,2014.55,20,0,2015.94,20.2,0,2233.03,20.3,0
"2025-11-21 23:45:00",2946,802,"Chapada_Low",11.86,2070.1,21.2,0,2056.92,20.4,0,2140.38,20.7,0,2089.06,20.4,0,2054.29,19.9,0,2025.75,19.7,0,2014.45,20,0,2015.98,20.2,0,2235.34,20.3,0
"2025-11-22 00:00:00",2947,802,"Chapada_Low",11.86,2068.68,21.2,0,2057.03,20.4,0,2140.9,20.7,4,2089.58,20.4,0,2054.64,19.9,1,2026.32,19.7,0,2014.44,20,0,2016.72,20.2,0,2234.07,20.3,0
"2025-11-22 00:15:00",2948,802,"Chapada_Low",11.86,2069.59,21.2,0,2056.88,20.3,0,2139.88,20.7,0,2089.51,20.4,0,2054.73,19.8,0,2025.81,19.7,0,2015.39,19.9,0,2016.67,20.2,0,2234.92,20.3,0
"2025-11-22 00:30:00",2949,802,"Chapada_Low",11.86,2070.28,21.1,0,2056.81,20.3,0,2140.81,20.7,0,2089.49,20.4,0,2055.2,19.8,0,2026,19.7,0,2015.56,19.9,0,2016.58,20.2,0,2236.64,20.3,0
"2025-11-22 00:45:00",2950,802,"Chapada_Low",11.86,2070.66,21.1,0,2056.97,20.3,0,2140.79,20.6,0,2090.08,20.3,0,2054.82,19.8,0,2026.01,19.6,0,2016.32,19.9,0,2016.84,20.1,0,2237.13,20.3,0
"2025-11-22 01:00:00",2951,802,"Chapada_Low",11.85,2069.44,21,0,2056.97,20.3,0,2140.94,20.6,0,2090.51,20.3,0,2055.67,19.8,0,2025.57,19.6,0,2014.75,19.9,0,2016.92,20.1,0,2236.02,20.2,0
"2025-11-22 01:15:00",2952,802,"Chapada_Low",11.86,2069.14,21,0,2056.8,20.2,0,2140.2,20.5,0,2091.63,20.3,0,2056.39,19.8,0,2024.84,19.5,0,2016.6,19.8,0,2018.29,20.1,0,2235.98,20.2,0
"2025-11-22 01:30:00",2953,802,"Chapada_Low",11.86,2071.17,20.9,0,2057.03,20.2,0,2139.88,20.5,0,2090.67,20.2,0,2056.49,19.7,0,2025.87,19.5,0,2015.57,19.8,0,2018.32,20,0,2238.24,20.1,0
"2025-11-22 01:45:00",2954,802,"Chapada_Low",11.86,2070.85,20.9,0,2056.92,20.1,0,2139.96,20.5,0,2091.92,20.2,0,2057.15,19.6,0,2026.77,19.5,0,2016.58,19.7,0,2018.73,20,0,2236.58,20.1,0
"2025-11-22 02:00:00",2955,802,"Chapada_Low",11.86,2071.37,20.8,0,2057.41,20.1,0,2140.61,20.4,0,2091.89,20.2,0,2057.01,19.6,0,2027.65,19.4,0,2016.87,19.7,0,2018.7,19.9,0,2236.32,20,0
"2025-11-22 02:15:00",2956,802,"Chapada_Low",11.86,2069.31,20.6,0,2057.2,20,0,2141.31,20.3,0,2091.79,20.1,0,2058.19,19.5,0,2027.95,19.3,0,2017.78,19.6,0,2020.45,19.8,0,2238.75,19.9,0
"2025-11-22 02:30:00",2957,802,"Chapada_Low",11.86,2071.22,20.5,0,2057.16,19.9,0,2140.52,20.2,0,2092.99,20,0,2058.88,19.4,0,2027.96,19.2,0,2017.66,19.5,0,2019.65,19.7,0,2239.43,19.8,0
"2025-11-22 02:45:00",2958,802,"Chapada_Low",11.86,2071.67,20.3,0,2057.82,19.8,0,2140.62,20.1,0,2093.38,19.9,0,2058.19,19.3,0,2028.75,19.1,0,2017.7,19.4,0,2019.5,19.6,0,2237.09,19.7,0
"2025-11-22 03:00:00",2959,802,"Chapada_Low",11.86,2072.11,20.2,0,2058.31,19.7,0,2139.96,20.1,0,2093.51,19.8,0,2059.42,19.2,0,2027.78,19,0,2019.44,19.3,0,2020.88,19.6,0,2237.58,19.7,0
"2025-11-22 03:15:00",2960,802,"Chapada_Low",11.86,2071.9,20.2,0,2058.77,19.7,0,2140.78,20.1,1,2093.91,19.8,0,2059.32,19.2,0,2028.82,19,0,2018.02,19.3,0,2021.36,19.6,0,2238.77,19.7,2
"2025-11-22 03:30:00",2961,802,"Chapada_Low",11.86,2071.33,20.2,0,2058.07,19.7,0,2140.61,20.1,3,2094.42,19.9,0,2059.43,19.3,0,2027.87,19.1,0,2018.28,19.4,0,2021.14,19.6,0,2240.7,19.8,0
"2025-11-22 03:45:00",2962,802,"Chapada_Low",11.86,2071.9,20.3,5,2058.15,19.8,4,2141.31,20.1,1,2094.77,19.9,0,2060.72,19.4,0,2030.09,19.2,0,2019.49,19.5,0,2021.64,19.6,0,2238.4,19.8,0
"2025-11-22 04:00:00",2963,802,"Chapada_Low",11.86,2072.73,20.4,0,2058.2,19.8,0,2141.06,20.2,0,2094.55,19.9,0,2061.17,19.5,0,2029.76,19.2,0,2019.41,19.5,0,2021.9,19.7,0,2240.83,19.9,0
"2025-11-22 04:15:00",2964,802,"Chapada_Low",11.86,2072.23,20.4,0,2058.33,19.8,0,2140.59,20.2,7,2094.81,19.9,0,2060.94,19.5,0,2030.6,19.3,0,2019.37,19.5,0,2021.79,19.7,0,2239.09,19.9,0
"2025-11-22 04:30:00",2965,802,"Chapada_Low",11.85,2072.34,20.4,0,2058.1,19.8,16,2140.77,20.2,0,2094.91,19.9,0,2061.58,19.5,0,2030.3,19.3,0,2020.44,19.5,0,2022.77,19.7,0,2241.09,19.8,0
"2025-11-22 04:45:00",2966,802,"Chapada_Low",11.86,2072.31,20.3,0,2058.33,19.8,0,2140.99,20.2,0,2094.79,19.9,0,2062.1,19.4,0,2029.53,19.2,0,2019.88,19.5,0,2022.33,19.7,0,2239.86,19.8,0
"2025-11-22 05:00:00",2967,802,"Chapada_Low",11.86,2072.87,20.3,0,2058.64,19.8,0,2141.27,20.2,0,2095.16,19.9,0,2062.23,19.4,0,2031.56,19.2,0,2022.11,19.4,0,2021.95,19.7,0,2241.92,19.8,0
"2025-11-22 05:15:00",2968,802,"Chapada_Low",11.86,2072.8,20.2,0,2058.36,19.7,0,2140.37,20.1,0,2096.19,19.8,0,2062.94,19.3,0,2031.09,19.1,0,2020.65,19.3,0,2022.76,19.6,0,2239.62,19.7,0
"2025-11-22 05:30:00",2969,802,"Chapada_Low",11.86,2071.54,19.9,0,2059.45,19.6,1,2140.05,20,0,2096.05,19.7,0,2062.24,19.1,0,2031.26,18.9,0,2021.68,19.1,0,2022.73,19.5,0,2240.26,19.5,0
"2025-11-22 05:45:00",2970,802,"Chapada_Low",11.86,2071.41,19.7,0,2059.69,19.4,0,2140.6,19.8,0,2096.49,19.6,0,2063.4,18.9,0,2029.51,18.7,0,2020.83,19,0,2024.44,19.2,0,2241.27,19.3,6
"2025-11-22 06:00:00",2971,802,"Chapada_Low",11.86,2071.69,19.6,0,2059.57,19.4,0,2140.56,19.8,0,2096.95,19.5,0,2064.85,18.9,0,2029.64,18.7,0,2021.66,18.9,0,2025.39,19.2,0,2241.3,19.3,0
"2025-11-22 06:15:00",2972,802,"Chapada_Low",11.86,2072.06,19.5,0,2058.52,19.3,0,2140.62,19.7,9,2097.4,19.4,0,2065,18.8,0,2030.92,18.6,0,2021.96,18.8,0,2024.07,19.1,0,2240.87,19.3,0
"2025-11-22 06:30:00",2973,802,"Chapada_Low",11.86,2072.26,19.5,0,2058.97,19.3,0,2141.05,19.6,0,2097.13,19.3,2,2066.52,18.7,0,2030.94,18.5,0,2022.71,18.7,0,2025.22,19.1,0,2241.66,19.2,0
"2025-11-22 06:45:00",2974,802,"Chapada_Low",11.86,2072.7,19.7,0,2058.77,19.4,2,2141.31,19.8,0,2097.41,19.4,0,2066.24,18.9,0,2030.78,18.8,0,2023.22,18.9,0,2024.59,19.2,0,2241.85,19.5,0
"2025-11-22 07:00:00",2975,802,"Chapada_Low",11.85,2073.74,20,0,2059.31,19.6,0,2141.13,20,0,2098.09,19.7,0,2067.38,19.3,0,2032.95,19.1,0,2024.32,19.3,0,2025.2,19.5,0,2243.64,19.8,0
"2025-11-22 07:15:00",2976,802,"Chapada_Low",11.86,2074.04,20.5,0,2058.98,20,0,2141.82,20.5,0,2097.87,20.1,0,2067.12,19.7,0,2031.33,19.7,0,2023.37,19.8,0,2024.93,19.9,6,2241.98,20.3,0
"2025-11-22 07:30:00",2977,802,"Chapada_Low",11.86,2073.88,21,0,2059.78,20.4,0,2141.99,20.9,0,2098.07,20.5,0,2066.08,20.2,0,2032.18,20.2,0,2021.59,20.3,0,2025.03,20.4,0,2240.94,20.8,0
"2025-11-22 07:45:00",2978,802,"Chapada_Low",11.86,2072.19,22,0,2059.05,21,0,2142.59,21.6,0,2097.24,21.2,0,2065.67,20.9,0,2032.23,21.2,0,2021.55,21.1,0,2025.45,21.2,0,2241.54,22,4
"2025-11-22 08:00:00",2979,802,"Chapada_Low",11.86,2073.49,23.1,0,2059.15,21.6,0,2142.03,22.3,0,2096.99,21.8,0,2063.64,21.4,0,2030.46,21.8,0,2020.36,21.7,0,2024.49,21.9,0,2241.7,22.5,0
"2025-11-22 08:15:00",2980,802,"Chapada_Low",11.86,2073.98,23.5,0,2057.77,22,3,2142.2,22.5,12,2096.24,22,0,2064.21,21.5,0,2029.05,21.9,0,2020.13,21.8,0,2023.79,22.1,1,2239.99,22.6,0
"2025-11-22 08:30:00",2981,802,"Chapada_Low",11.86,2073.37,24.2,0,2057.88,22.3,0,2142.18,23.2,0,2096.06,22.7,0,2062.45,22.1,0,2028.55,22.5,0,2018.67,22.4,0,2021.26,22.6,0,2238.81,23.3,0
"2025-11-22 08:45:00",2982,802,"Chapada_Low",11.86,2072.87,25.3,0,2057.67,23,0,2143.62,24,0,2093.43,23.5,0,2060.04,23.5,3,2025.77,23.4,0,2017.27,23.2,0,2020.98,23.4,0,2240.05,24.3,0
"2025-11-22 09:00:00",2983,802,"Chapada_Low",11.86,2071.3,26.2,0,2056.51,23.5,0,2142.61,24.7,0,2091.94,24.1,0,2057.72,24.1,0,2024.96,24.9,0,2013.4,24.1,0,2017.37,24.2,0,2238.49,25.3,0
"2025-11-22 09:15:00",2984,802,"Chapada_Low",11.85,2072.13,27.6,0,2054.84,24.5,0,2143.11,25.8,0,2090.65,25.1,0,2058.21,25.2,0,2020.22,25.7,0,2011.89,26,0,2015.88,25.5,0,2236.53,26.8,6
"2025-11-22 09:30:00",2985,802,"Chapada_Low",11.86,2070.34,28.3,0,2054.36,24.8,0,2142.52,26.4,0,2088.84,25.6,0,2055.05,25.4,0,2018.28,25.8,5,2009.93,26.2,0,2012.17,26.5,0,2235.5,27.5,0
"2025-11-22 09:45:00",2986,802,"Chapada_Low",11.86,2069.39,28.4,0,2053.96,25,0,2140.2,26.7,0,2087.16,25.9,0,2053.24,25.5,0,2016.22,25.8,0,2007.76,26.3,0,2009.93,26.4,0,2234.64,27.9,0
"2025-11-22 10:00:00",2987,802,"Chapada_Low",11.86,2069.21,28.6,0,2053.15,25.6,0,2139.26,26.9,0,2086.75,26.1,0,2051.4,25.6,0,2014.72,25.9,0,2006.48,26.4,0,2008.5,26.5,0,2234.11,28,0
"2025-11-22 10:15:00",2988,802,"Chapada_Low",11.86,2068.2,29.1,0,2051.83,26,0,2141.41,28,0,2085.28,26.7,0,2049.48,26.3,0,2014.72,26.5,0,2004.69,27.1,0,2006.17,27.1,0,2232.02,28.6,0
"2025-11-22 10:30:00",2989,802,"Chapada_Low",11.86,2068.14,29.4,0,2051.52,26.2,0,2138.53,28.2,0,2084.68,27.9,0,2046.74,26.9,0,2012.59,26.7,0,2002.7,27.6,0,2003.92,27.5,0,2231.78,29.2,0
"2025-11-22 10:45:00",2990,802,"Chapada_Low",11.86,2067.17,30.2,0,2050.85,26.9,0,2138.29,29.1,0,2082,29.3,0,2044.97,28.5,0,2011.71,28.2,0,1998.75,28.8,0,2001.76,28.8,0,2229.01,30.9,0
"2025-11-22 11:00:00",2991,802,"Chapada_Low",11.86,2066.25,31,0,2048.71,27.6,0,2137.71,30,0,2081.31,30.4,0,2042.38,28.6,0,2007.96,28.7,4,1994.59,30.6,0,1998.82,29.7,0,2225.42,32.1,0
"2025-11-22 11:15:00",2992,802,"Chapada_Low",11.86,2066.28,32.1,0,2049.01,28.8,0,2138.11,31.9,0,2078.41,32.2,0,2038.71,29.4,0,2006.59,29.4,0,1991.09,32.3,0,1996.39,31.7,0,2222.82,34.1,1
"2025-11-22 11:30:00",2993,802,"Chapada_Low",11.86,2065.22,31.6,0,2049.15,28.2,0,2136.06,31,0,2075.84,30.8,0,2038.53,28.4,0,2005.3,28.6,0,1989.88,31.1,0,1994.31,30.6,0,2222.17,33.1,0
"2025-11-22 11:45:00",2994,802,"Chapada_Low",11.86,2065.33,31.7,0,2048.26,28.3,0,2135.62,31.1,0,2075.34,30.4,0,2038.79,28.4,0,2004.77,28.7,0,1990.3,31,0,1994.07,30.3,0,2221.25,32.6,0
"2025-11-22 12:00:00",2995,802,"Chapada_Low",11.86,2064.14,32.5,0,2047.37,29.4,0,2134.54,32.3,10,2074.16,30.9,0,2036.48,29.9,0,2002.76,29.9,0,1985.9,32.8,0,1992.55,30.9,0,2219.61,34.1,0
"2025-11-22 12:15:00",2996,802,"Chapada_Low",11.86,2064.04,32.7,0,2045.88,29.2,0,2132.91,32.2,0,2073.04,31.2,0,2033.98,29.6,0,2002.01,29.7,0,1983.34,33.1,0,1990.54,30.7,0,2218.59,34.7,0
"2025-11-22 12:30:00",2997,802,"Chapada_Low",11.86,2062.72,32.5,0,2045.55,29.2,1,2131.97,31.8,0,2073.31,30.7,0,2033.18,29.9,0,2001.17,30,0,1983.2,33,0,1990.83,30.6,0,2216.28,34.8,0
"2025-11-22 12:45:00",2998,802,"Chapada_Low",11.86,2062.68,32.9,0,2044.31,29.6,0,2130.51,32.5,0,2072.63,30.7,0,2031.89,29.3,0,1999.99,31,0,1981.27,33.2,0,1989.07,31.1,0,2214.71,35.2,0
"2025-11-22 13:00:00",2999,802,"Chapada_Low",11.86,2062.81,31.5,0,2044.91,28.3,3,2127.4,30.6,0,2073.55,29.4,0,2029.76,27.7,0,1999.13,28.8,0,1980.81,31.3,0,1989.51,29.7,0,2216.74,32,0
"2025-11-22 13:15:00",3000,802,"Chapada_Low",11.86,2063.96,29.7,0,2044.94,26.6,0,2132.02,27.9,1,2073.45,27.4,0,2033.68,25.5,0,2002.11,26.3,0,1985.67,28,0,1991.92,27.9,0,2219.44,29.8,4
"2025-11-22 13:30:00",3001,802,"Chapada_Low",11.86,2063.41,28.6,0,2045.99,25.4,0,2136.99,26.5,5,2076.38,26.1,0,2035.84,24.3,0,2004.38,24.9,0,1987.4,26,0,1995.12,26.2,0,2220.39,28.7,0
"2025-11-22 13:45:00",3002,802,"Chapada_Low",11.86,2063.33,28.6,0,2046.82,25.7,0,2138.19,26.4,0,2078.07,25.9,0,2036.85,24.5,0,2005.23,25.1,0,1988.65,25.8,0,1995.02,26,0,2220.2,28.7,0
"2025-11-22 14:00:00",3003,802,"Chapada_Low",11.86,2063.06,29.5,0,2047.68,26,0,2138.98,27.7,0,2077.79,26.3,0,2036.36,25.1,0,2004.46,25.6,0,1988.76,26.6,0,1994.33,26.5,0,2220.31,29.7,0
"2025-11-22 14:15:00",3004,802,"Chapada_Low",11.86,2063.05,30.2,0,2047.08,26,6,2136.59,27.4,1,2077.46,27.1,0,2036.52,25.5,0,2004.08,25.7,0,1987.57,26.9,0,1994.12,26.7,0,2219.4,30.1,0
"2025-11-22 14:30:00",3005,802,"Chapada_Low",11.86,2062.75,29.8,0,2047.25,25.5,0,2135.74,26.6,0,2077.59,26,0,2036.11,25.5,0,2005.98,25.4,0,1987.88,26.2,0,1993.97,26.1,0,2219.45,29.2,0
"2025-11-22 14:45:00",3006,802,"Chapada_Low",11.86,2063,28.1,0,2046.51,24.5,0,2152.52,25.1,0,2083.55,24.8,0,2042.95,23.9,0,2010.96,23.9,0,1989.6,24.9,0,1999.78,24.7,0,2224.61,26.7,0
"2025-11-22 15:00:00",3007,802,"Chapada_Low",11.86,2061.66,26,0,2055.52,23.3,0,2211.52,23.8,0,2092.36,23.5,0,2068.87,22.1,0,2048.61,21.9,0,2011.04,23,0,2002.94,23.5,0,2263.61,23.3,0
"2025-11-22 15:15:00",3008,802,"Chapada_Low",11.86,2062.84,25.4,0,2059.88,23,0,2219.96,23.7,0,2095.6,23.4,0,2069.75,22.2,0,2054.13,22.1,0,2023.45,22.7,0,2003.74,23.4,0,2284.59,23.6,0
"2025-11-22 15:30:00",3009,802,"Chapada_Low",11.86,2063.37,25.1,0,2062.26,22.8,0,2220.5,23.5,0,2100.29,23.3,0,2071.37,22.1,0,2057.6,21.9,0,2032.32,22.5,0,2005.74,23.3,0,2289.14,23.2,0
"2025-11-22 15:45:00",3010,802,"Chapada_Low",11.86,2065.3,24.8,0,2064.82,22.8,0,2219.64,23.4,0,2102.56,23.1,0,2072.09,22.1,0,2059.25,21.7,0,2040.34,22.4,0,2005.04,23,0,2293,22.9,0
"2025-11-22 16:00:00",3011,802,"Chapada_Low",11.86,2065.71,24.6,0,2065.64,22.5,0,2218.25,23.3,0,2105.65,23.1,0,2073.57,21.9,0,2061.04,21.7,0,2047.21,22.2,0,2007.35,22.8,0,2294.02,22.8,0
"2025-11-22 16:15:00",3012,802,"Chapada_Low",11.86,2066.25,24.3,0,2065.16,22.3,0,2215.68,23,0,2107.67,22.9,0,2076.16,22,13,2062.1,21.6,0,2054.78,22.1,0,2008.1,22.7,0,2293.3,22.7,0
"2025-11-22 16:30:00",3013,802,"Chapada_Low",11.86,2066.23,24.1,0,2065.83,22.3,0,2213.18,23,0,2111.77,22.7,1,2076.88,21.9,0,2063.91,21.7,0,2058.33,22.1,0,2007.62,22.6,0,2293.74,22.5,0
"2025-11-22 16:45:00",3014,802,"Chapada_Low",11.86,2066.75,24,0,2067.68,22.3,0,2211.1,23,0,2112.09,22.7,0,2076.36,21.8,0,2066.8,21.7,0,2062.91,22.3,5,2008.89,22.6,0,2296.17,22.6,0
"2025-11-22 17:00:00",3015,802,"Chapada_Low",11.86,2066.91,24.2,0,2068.51,22.3,0,2208.79,23,0,2114.43,22.7,0,2078.19,21.9,1,2068.1,21.8,0,2066.12,22.3,0,2009.28,22.7,0,2294.38,22.7,0
"2025-11-22 17:15:00",3016,802,"Chapada_Low",11.86,2068.14,24.2,0,2068.59,22.3,0,2206.9,22.9,0,2115.7,22.7,0,2078.56,21.8,0,2067.65,21.7,0,2069.84,22.2,6,2009.54,22.6,0,2295.09,22.7,0
"2025-11-22 17:30:00",3017,802,"Chapada_Low",11.86,2067.81,23.7,0,2068.79,22.2,0,2208.7,22.7,0,2117.95,22.4,0,2080.3,21.5,0,2069.61,21.4,0,2073.75,21.9,0,2011.97,22.2,0,2296.98,22.4,0
"2025-11-22 17:45:00",3018,802,"Chapada_Low",11.86,2067.21,23.6,0,2069.91,22.1,0,2207.74,22.7,0,2119.66,22.4,0,2081.51,21.4,0,2072.85,21.4,0,2076.15,21.9,0,2012.02,22,0,2296.13,22.3,0
"2025-11-22 18:00:00",3019,802,"Chapada_Low",11.86,2067.97,23.2,0,2069.91,21.9,0,2207.79,22.4,0,2120.86,22.2,0,2083.34,21.3,2,2074.25,21.2,0,2079.16,21.7,3,2014.13,21.8,12,2296.56,22.1,0
"2025-11-22 18:15:00",3020,802,"Chapada_Low",11.86,2068.81,23,0,2070.81,21.7,0,2208.13,22.2,0,2122.24,22.1,0,2085.68,21.3,0,2076.39,21.1,0,2082.06,21.6,0,2013.93,21.6,0,2296.64,21.9,0
"2025-11-22 18:30:00",3021,802,"Chapada_Low",11.86,2069.03,22.6,0,2071.92,21.5,0,2208.63,22,0,2124.43,21.8,0,2086.2,21,0,2077.7,20.9,0,2085.39,21.4,0,2014.52,21.4,0,2297.45,21.6,0
"2025-11-22 18:45:00",3022,802,"Chapada_Low",11.86,2069.02,22.3,0,2071.78,21.4,0,2208.32,21.9,0,2125.87,21.7,0,2086.72,20.9,0,2079.72,20.7,0,2088.54,21.2,0,2017.13,21.2,0,2300.63,21.4,0
"2025-11-22 19:00:00",3023,802,"Chapada_Low",11.86,2067.99,22,0,2072,21.2,0,2207.86,21.7,0,2127.38,21.5,3,2088.43,20.7,0,2081.06,20.6,0,2091.06,21,0,2016.59,21.1,0,2301.43,21.2,0
"2025-11-22 19:15:00",3024,802,"Chapada_Low",11.86,2069.66,21.8,0,2072.36,21.1,0,2207.4,21.5,4,2128.04,21.3,0,2088.46,20.6,0,2081.75,20.4,0,2093.61,20.9,0,2017.82,20.9,8,2299.52,21.1,0
"2025-11-22 19:30:00",3025,802,"Chapada_Low",11.86,2070.29,21.7,0,2072.43,21,0,2207.65,21.4,0,2129.75,21.2,0,2090.76,20.6,0,2082.1,20.4,0,2095.62,20.8,0,2019.98,21,0,2300.18,21,0
"2025-11-22 19:45:00",3026,802,"Chapada_Low",11.86,2070.12,21.6,0,2073.69,21,0,2207.74,21.3,0,2129.96,21.1,0,2091.03,20.5,0,2085.3,20.3,0,2096.77,20.7,0,2018.7,20.9,0,2300.18,21,0
"2025-11-22 20:00:00",3027,802,"Chapada_Low",11.86,2069.55,21.6,0,2073.84,20.9,0,2206.3,21.3,0,2131.06,21.1,0,2091.8,20.5,0,2085.71,20.3,0,2101.08,20.7,0,2019.46,20.9,0,2303.08,20.9,0
"2025-11-22 20:15:00",3028,802,"Chapada_Low",11.86,2071.02,21.5,0,2074.13,20.9,0,2206.28,21.3,0,2131.75,21.1,0,2093.74,20.5,0,2084.92,20.2,0,2101.55,20.6,0,2020.87,20.8,0,2303.74,20.9,0
"2025-11-22 20:30:00",3029,802,"Chapada_Low",11.86,2071.02,21.5,0,2073.79,20.9,0,2206.11,21.3,0,2132.79,21.1,0,2093.05,20.5,0,2087.82,20.3,0,2103.24,20.7,0,2020.37,20.8,0,2301.86,21,0
"2025-11-22 20:45:00",3030,802,"Chapada_Low",11.86,2071.45,21.6,0,2074.31,21,0,2205.8,21.3,0,2134.06,21.1,0,2093.64,20.6,0,2088.7,20.5,0,2103.94,20.7,2,2022.66,20.9,0,2302.36,21,0
"2025-11-22 21:00:00",3031,802,"Chapada_Low",11.86,2070.97,21.6,0,2074.81,21.1,0,2207.03,21.4,0,2133.94,21.1,0,2094.75,20.7,0,2090.24,20.5,0,2105.49,20.8,0,2023.11,21,0,2303.23,21.1,3
"2025-11-22 21:15:00",3032,802,"Chapada_Low",11.86,2071.64,21.6,0,2074.59,21,0,2213.65,21.3,0,2136.19,21.1,0,2096.99,20.6,0,2092.47,20.5,0,2109.8,20.8,0,2023.31,21,0,2303.92,21.1,0
"2025-11-22 21:30:00",3033,802,"Chapada_Low",11.86,2071.46,21.6,0,2075.22,21,0,2216.34,21.2,0,2139.5,21.1,0,2098.71,20.5,0,2095.39,20.5,0,2112.55,20.7,0,2023.56,20.9,0,2304.61,21,8
"2025-11-22 21:45:00",3034,802,"Chapada_Low",11.86,2071.82,21.5,0,2075.07,21,0,2216.24,21.2,0,2141.47,21,0,2099.43,20.4,0,2097.54,20.4,0,2115.54,20.7,0,2023.94,20.9,9,2304.43,20.9,0
"2025-11-22 22:00:00",3035,802,"Chapada_Low",11.86,2072.25,21.3,0,2076.31,20.8,0,2216.81,21,0,2143.22,20.9,0,2101.25,20.1,0,2098.77,20.1,0,2117.79,20.5,0,2023.57,20.7,0,2304.99,20.7,0
"2025-11-22 22:15:00",3036,802,"Chapada_Low",11.86,2072.05,21.2,0,2076.36,20.7,0,2218.48,20.9,0,2145.77,20.8,0,2102.37,20.1,0,2100.22,20.1,0,2120.71,20.4,0,2024.41,20.6,0,2307.72,20.6,0
"2025-11-22 22:30:00",3037,802,"Chapada_Low",11.86,2071.79,21.2,0,2077.6,20.7,0,2218.02,20.9,0,2146.35,20.8,0,2103.33,20.1,0,2104.95,20.1,0,2121.29,20.5,0,2026.71,20.6,0,2308.29,20.7,0
"2025-11-22 22:45:00",3038,802,"Chapada_Low",11.86,2070.83,21.1,0,2079.98,20.6,0,2223.18,20.9,0,2149.32,20.8,0,2104.13,20,9,2109.96,20,0,2128.06,20.3,0,2028,20.6,0,2309.15,20.6,0
"2025-11-22 23:00:00",3039,802,"Chapada_Low",11.86,2070.52,21.1,0,2081.9,20.6,0,2231.92,20.9,0,2154.94,20.7,0,2108.78,20.1,0,2123.05,20,0,2138.47,20.3,0,2028.3,20.5,0,2309.92,20.5,0
"2025-11-22 23:15:00",3040,802,"Chapada_Low",11.86,2069.52,21,0,2083.74,20.5,0,2240.52,20.8,0,2162.14,20.7,0,2112.3,20,0,2138.29,20,0,2145.97,20.1,4,2028.97,20.4,0,2311.08,20.5,0
"2025-11-22 23:30:00",3041,802,"Chapada_Low",11.86,2071.05,20.9,0,2084.67,20.4,0,2242.33,20.7,0,2166.47,20.6,0,2114.11,19.9,0,2141.9,19.9,2,2153.47,20,0,2028.66,20.4,0,2314.32,20.4,0
"2025-11-22 23:45:00",3042,802,"Chapada_Low",11.86,2071.44,20.8,0,2084.85,20.3,0,2242.94,20.7,0,2167.67,20.5,0,2115.61,19.8,0,2144.66,19.8,0,2158.03,20,0,2029.09,20.3,0,2313.19,20.3,0
"2025-11-23 00:00:00",3043,802,"Chapada_Low",11.86,2071.31,20.7,0,2085.08,20.3,0,2242.73,20.6,0,2170.77,20.5,0,2117.79,19.8,0,2146.22,19.7,0,2162.38,19.9,0,2029.24,20.3,0,2316.4,20.2,0
"2025-11-23 00:15:00",3044,802,"Chapada_Low",11.86,2071.9,20.6,0,2085.17,20.2,4,2242.9,20.6,0,2171.47,20.4,0,2118.88,19.7,0,2147.16,19.6,1,2165.78,19.8,0,2030.07,20.1,0,2314.92,20.2,0
"2025-11-23 00:30:00",3045,802,"Chapada_Low",11.86,2072.26,20.6,0,2086.48,20.2,0,2242.07,20.6,0,2170.61,20.4,0,2119.7,19.7,10,2148.09,19.7,0,2167.35,19.8,0,2030.74,20.1,0,2317.98,20.2,0
"2025-11-23 00:45:00",3046,802,"Chapada_Low",11.86,2072.03,20.6,0,2085.69,20.2,0,2241.71,20.6,0,2171.29,20.4,0,2120.07,19.8,0,2147.11,19.7,0,2168.91,19.8,0,2030.72,20.1,0,2318.42,20.2,0
"2025-11-23 01:00:00",3047,802,"Chapada_Low",11.86,2072.77,20.6,0,2086.52,20.2,0,2240.46,20.6,4,2172.48,20.4,16,2126.43,19.8,7,2148.5,19.7,0,2170.22,19.9,0,2030.56,20.2,0,2318.98,20.2,0
"2025-11-23 01:15:00",3048,802,"Chapada_Low",11.86,2072.76,20.6,0,2087.28,20.2,0,2239.64,20.5,0,2172.02,20.4,0,2130.29,19.8,1,2147.9,19.7,0,2171.76,19.8,3,2030.74,20.2,0,2319.03,20.2,0
"2025-11-23 01:30:00",3049,802,"Chapada_Low",11.86,2072.61,20.6,0,2087.24,20.2,1,2238.38,20.6,3,2173.46,20.3,0,2130.06,19.8,0,2148.03,19.7,3,2171.12,19.8,0,2031.44,20.2,0,2319.96,20.2,0
"2025-11-23 01:45:00",3050,802,"Chapada_Low",11.86,2073.19,20.6,0,2087.23,20.2,0,2238.83,20.6,0,2173.13,20.3,0,2131.59,19.7,0,2147.62,19.7,0,2171.92,19.8,0,2031.51,20.1,0,2320,20.2,0
"2025-11-23 02:00:00",3051,802,"Chapada_Low",11.86,2072.98,20.5,0,2087.2,20.1,0,2236.79,20.5,0,2173.36,20.3,0,2132.04,19.7,7,2148.33,19.6,0,2173.91,19.8,0,2031.5,20.1,0,2318.35,20.2,0
"2025-11-23 02:15:00",3052,802,"Chapada_Low",11.86,2072.49,20.5,0,2087.09,20.2,2,2236.88,20.5,0,2175.19,20.3,7,2131.69,19.7,0,2148.51,19.6,0,2177,19.7,0,2031.59,20,0,2320.7,20.2,0
"2025-11-23 02:30:00",3053,802,"Chapada_Low",11.86,2072.84,20.5,0,2088.31,20.2,0,2235.9,20.5,0,2175.22,20.3,0,2134.02,19.7,3,2147.83,19.7,0,2174.94,19.8,0,2032.6,20,0,2321.1,20.2,0
"2025-11-23 02:45:00",3054,802,"Chapada_Low",11.86,2073.97,20.5,0,2087.9,20.2,0,2234.43,20.5,0,2175.05,20.3,4,2133.59,19.8,0,2148.59,19.7,0,2177.6,19.8,0,2032.78,20.1,0,2320.24,20.2,0
"2025-11-23 03:00:00",3055,802,"Chapada_Low",11.86,2074.69,20.6,0,2086.54,20.2,0,2233.8,20.5,0,2174.22,20.3,0,2133.92,19.8,0,2148.47,19.7,0,2176.65,19.8,0,2033.36,20.1,0,2318.72,20.2,0
"2025-11-23 03:15:00",3056,802,"Chapada_Low",11.86,2073.71,20.7,0,2087.79,20.3,0,2233.8,20.6,0,2174.65,20.4,0,2133.75,19.9,0,2148.01,19.9,0,2177.23,20,0,2033.15,20.2,0,2318.79,20.4,0
"2025-11-23 03:30:00",3057,802,"Chapada_Low",11.86,2073.9,20.8,0,2087.96,20.4,0,2233.65,20.7,0,2175.12,20.4,0,2136.17,20,0,2147.48,20,0,2179.33,20.1,0,2034.05,20.3,0,2321.32,20.5,0
"2025-11-23 03:45:00",3058,802,"Chapada_Low",11.86,2074.19,20.9,0,2088.3,20.5,0,2232.38,20.7,0,2175.34,20.5,0,2136.73,20.1,0,2148.4,20,0,2179.75,20.1,0,2033.97,20.3,23,2319.28,20.5,0
"2025-11-23 04:00:00",3059,802,"Chapada_Low",11.86,2073.5,20.9,0,2088.11,20.5,0,2231.82,20.8,0,2174.9,20.6,0,2137.43,20.1,0,2149.87,20.1,0,2180.36,20.2,0,2034.25,20.4,7,2321.87,20.6,0
"2025-11-23 04:15:00",3060,802,"Chapada_Low",11.86,2074.09,20.9,0,2087.91,20.5,0,2231.73,20.8,0,2174.74,20.6,0,2134.8,20.1,1,2148.88,20.1,6,2179.25,20.2,0,2032.97,20.4,0,2322.56,20.6,0
"2025-11-23 04:30:00",3061,802,"Chapada_Low",11.86,2074.51,20.9,0,2088.02,20.5,0,2231.21,20.8,0,2175.35,20.6,0,2135.68,20,0,2146.73,20.1,0,2179.79,20.2,0,2033.73,20.4,0,2320.19,20.6,2
"2025-11-23 04:45:00",3062,802,"Chapada_Low",11.86,2074.31,20.9,0,2088.69,20.5,0,2229.64,20.7,8,2175.38,20.6,0,2135.8,20,0,2146.84,20.1,0,2179.93,20.2,0,2033.93,20.4,0,2322.57,20.5,3
"2025-11-23 05:00:00",3063,802,"Chapada_Low",11.86,2074.61,20.8,0,2087.95,20.5,0,2229.38,20.7,0,2175.48,20.5,0,2136.76,19.9,0,2146.97,20,0,2180.54,20.1,0,2034.22,20.4,0,2320.71,20.5,0
"2025-11-23 05:15:00",3064,802,"Chapada_Low",11.86,2074.16,20.8,0,2087.42,20.5,0,2229.68,20.7,0,2175.37,20.5,0,2140.93,20,0,2147.19,20,0,2178.32,20.1,0,2034.27,20.4,0,2323.18,20.5,0
"2025-11-23 05:30:00",3065,802,"Chapada_Low",11.86,2074.66,20.9,2,2087.7,20.5,0,2229.12,20.7,0,2175.49,20.5,0,2142.09,20.1,0,2148.76,20.1,0,2180.39,20.2,0,2033.82,20.4,0,2322.99,20.5,0
"2025-11-23 05:45:00",3066,802,"Chapada_Low",11.86,2073.89,20.8,0,2088.12,20.5,0,2228.91,20.7,0,2176.29,20.5,0,2142.4,20,0,2147.41,20,0,2181.64,20.2,0,2035.45,20.4,0,2323,20.5,0
"2025-11-23 06:00:00",3067,802,"Chapada_Low",11.86,2075.25,20.7,0,2088.32,20.4,0,2228.28,20.6,15,2175.94,20.5,0,2143.05,19.9,0,2146.27,19.9,0,2179.91,20,0,2034.75,20.2,0,2321.64,20.4,0
"2025-11-23 06:15:00",3068,802,"Chapada_Low",11.86,2075.12,20.6,0,2087.32,20.3,0,2227.39,20.6,0,2176.34,20.4,3,2142.73,19.9,0,2146,19.9,0,2181.47,19.9,0,2034.74,20.2,0,2323.99,20.3,0
"2025-11-23 06:30:00",3069,802,"Chapada_Low",11.86,2073.77,20.6,0,2088.71,20.4,9,2226.57,20.6,0,2175.2,20.4,0,2142.98,19.9,4,2146.73,19.9,0,2179.84,20,0,2035.26,20.3,0,2321.95,20.3,20
"2025-11-23 06:45:00",3070,802,"Chapada_Low",11.86,2075.45,20.7,0,2090,20.4,0,2226.33,20.7,0,2175.94,20.5,0,2143.89,20,0,2146.5,20,0,2179.08,20.1,0,2034.52,20.4,9,2324.61,20.5,0
"2025-11-23 07:00:00",3071,802,"Chapada_Low",11.86,2076.3,20.9,0,2089.19,20.5,0,2226.04,20.8,0,2176.26,20.6,0,2143.48,20.1,0,2146.57,20.1,0,2180.86,20.2,0,2034.95,20.5,0,2324.43,20.6,0
"2025-11-23 07:15:00",3072,802,"Chapada_Low",11.86,2075.73,21.1,0,2088.71,20.6,0,2226.5,21,0,2176.22,20.7,0,2143.37,20.4,0,2147.36,20.3,0,2181.66,20.4,0,2036.96,20.6,0,2324.71,20.8,0
"2025-11-23 07:30:00",3073,802,"Chapada_Low",11.86,2074.87,21.4,0,2089.24,20.8,0,2226.44,21.1,0,2175.36,20.9,0,2144.48,20.5,0,2148,20.6,0,2180.61,20.6,0,2036.88,20.8,0,2322.66,21,0
"2025-11-23 07:45:00",3074,802,"Chapada_Low",11.86,2073.87,21.7,0,2089.65,20.9,0,2226.66,21.3,0,2176.05,21,0,2143.39,20.5,0,2151.06,20.7,0,2181.46,20.9,0,2037.01,21,7,2325.42,21.1,0
"2025-11-23 08:00:00",3075,802,"Chapada_Low",11.86,2076.15,22,0,2089.41,21.1,0,2226.27,21.5,1,2174.61,21.2,0,2143.67,20.8,0,2152.22,20.9,0,2180.94,21,0,2036.6,21.3,0,2324.32,21.5,1
"2025-11-23 08:15:00",3076,802,"Chapada_Low",11.86,2076.23,22.2,0,2089.39,21.2,0,2225.49,21.6,0,2175.85,21.3,0,2142.66,20.7,0,2153.21,20.9,0,2180.55,21,0,2034.9,21.4,0,2322.31,21.6,0
"2025-11-23 08:30:00",3077,802,"Chapada_Low",11.86,2075.93,22.4,0,2088.06,21.4,0,2224.36,21.7,0,2174.99,21.4,0,2142.15,20.8,0,2151.98,21,9,2179.82,21.1,0,2035,21.4,0,2322.83,21.6,0
"2025-11-23 08:45:00",3078,802,"Chapada_Low",11.86,2075.89,22.8,0,2089,21.6,0,2224.37,22.1,0,2174.78,21.7,0,2143.3,21,0,2151.95,21.2,0,2180.22,21.3,0,2034.25,21.7,0,2322.16,21.9,0
"2025-11-23 09:00:00",3079,802,"Chapada_Low",11.86,2075.58,23.3,0,2088.63,21.8,0,2224.15,22.4,0,2174.76,22.1,0,2141.29,21.5,0,2150.6,21.6,0,2179.24,21.7,0,2035.62,22.1,0,2321.98,22.3,0
"2025-11-23 09:15:00",3080,802,"Chapada_Low",11.85,2075.42,24.3,0,2089.01,22.3,0,2222.99,23,0,2172.33,22.6,0,2140.25,22.4,0,2149.51,22.7,0,2178.36,22.3,0,2033.1,22.7,0,2321.25,23.1,0
"2025-11-23 09:30:00",3081,802,"Chapada_Low",11.86,2075.06,25.5,0,2088.66,22.9,0,2222.38,23.7,0,2171.69,23.3,1,2138.9,22.7,0,2148.85,23.4,0,2178.7,23.5,0,2032.78,23.4,0,2320.22,23.9,0
"2025-11-23 09:45:00",3082,802,"Chapada_Low",11.86,2073.8,26.7,0,2087.87,23.5,0,2223.94,24.3,0,2170.3,23.9,0,2136.89,23.5,2,2146.06,24,0,2176.89,24.1,0,2030.51,24.7,0,2318.86,24.9,0
"2025-11-23 10:00:00",3083,802,"Chapada_Low",11.86,2073.39,29.3,0,2087.41,24.8,0,2222.24,25.8,0,2168.28,25.5,0,2133.58,25,0,2141.9,25.4,0,2173.62,25.4,0,2028.19,26.3,0,2317.6,28,0
"2025-11-23 10:15:00",3084,802,"Chapada_Low",11.86,2072.28,30.7,0,2086.1,25.8,0,2219.83,26.6,0,2166.85,26.4,0,2130.29,25.9,0,2137.62,26.2,0,2171.46,26.3,0,2023.79,27.2,0,2315.82,28.4,0
"2025-11-23 10:30:00",3085,802,"Chapada_Low",11.86,2071.06,31.8,0,2084.01,27.3,0,2219.71,28,0,2164.52,27.5,0,2126.31,26.7,0,2135.39,26.8,0,2167.42,27.3,0,2022.25,28.1,0,2313.56,29.2,0
"2025-11-23 10:45:00",3086,802,"Chapada_Low",11.86,2070.46,32.1,0,2082.49,27.3,0,2215.13,28.8,0,2163.83,28.4,0,2124.42,26.9,0,2131.49,26.6,0,2163,27.7,0,2019.12,28.4,0,2312.41,29.2,0
"2025-11-23 11:00:00",3087,802,"Chapada_Low",11.86,2069.48,32.2,0,2082.42,27.4,0,2213.05,28.5,0,2162.41,28.5,0,2120.79,28.5,0,2127.91,26.7,0,2159.66,28.1,0,2016.8,28.6,0,2310.69,29.3,0
"2025-11-23 11:15:00",3088,802,"Chapada_Low",11.86,2068.39,31.6,0,2081.24,27.1,0,2212.69,28.2,0,2160.94,27.5,0,2118.65,27.2,0,2126.22,27.9,0,2156.83,27.8,0,2015.45,28.2,0,2310.9,28.8,0
"2025-11-23 11:30:00",3089,802,"Chapada_Low",11.86,2068.53,32.6,0,2079.16,28,0,2210.24,29.7,0,2158.38,28.8,0,2116.68,28,0,2122.31,28.2,0,2154.21,30.1,0,2014,29.6,0,2306.75,30.8,0
"2025-11-23 11:45:00",3090,802,"Chapada_Low",11.86,2066.86,32.9,0,2078.46,28.1,0,2207.15,30.1,0,2157.33,28.9,0,2114.82,28.2,0,2119.37,28.1,0,2148.3,29.8,0,2011.26,30.5,0,2305.26,31.4,0
"2025-11-23 12:00:00",3091,802,"Chapada_Low",11.86,2066.53,32.2,0,2079.25,27.7,0,2205.49,29.9,0,2156.57,28.5,0,2113.44,28.1,0,2116.18,27.9,0,2145.14,29.5,0,2010.99,29.5,0,2304.31,31.3,0
"2025-11-23 12:15:00",3092,802,"Chapada_Low",11.86,2065.68,32.4,0,2077.83,28.7,0,2204.12,30.4,18,2155.78,28.9,0,2112.31,28.7,0,2113.49,28.6,0,2140.62,30.7,0,2010.13,29.6,0,2299.31,33.1,0
"2025-11-23 12:30:00",3093,802,"Chapada_Low",11.86,2065.99,33,0,2077.2,29.4,1,2204.23,31.8,0,2154.51,29.4,0,2109.73,29.3,3,2110.99,30.1,0,2135.47,32.7,0,2009.81,30.4,0,2295.88,35.2,0
"2025-11-23 12:45:00",3094,802,"Chapada_Low",11.85,2064.44,34,0,2075.19,30.5,0,2199.3,33.4,0,2152.38,30.3,0,2106.25,29.6,0,2106.09,30.7,1,2129.43,34,0,2007.14,31.6,0,2292.77,36.9,0
"2025-11-23 13:00:00",3095,802,"Chapada_Low",11.85,2064.45,33.3,0,2073.18,30.3,0,2197.87,33.1,1,2152.05,29.7,0,2106.41,29.4,0,2104.16,30.6,0,2126.64,33,0,2005.01,32.2,0,2291.62,36.1,0
"2025-11-23 13:15:00",3096,802,"Chapada_Low",11.86,2064.23,33.2,0,2073.02,31,0,2196.68,33.9,0,2150.82,29.7,0,2105.41,28.8,0,2100.69,30.6,1,2122.14,33.2,0,2003.28,32.7,0,2289.41,36.1,0
"2025-11-23 13:30:00",3097,802,"Chapada_Low",11.86,2064.07,33.6,0,2072.26,31.5,0,2195,35.6,0,2149.21,30.4,0,2103.34,28.9,0,2097.62,30.7,1,2119.41,33.8,0,2001.98,34.1,0,2288.09,36,0
"2025-11-23 13:45:00",3098,802,"Chapada_Low",11.86,2063.26,33.1,0,2071.82,30.6,0,2193.18,34.3,0,2150.08,30,0,2102.41,28.3,0,2095,29.9,0,2117.04,32.4,0,2000.67,32.7,0,2288.54,34.9,0
"2025-11-23 14:00:00",3099,802,"Chapada_Low",11.86,2062.91,33.5,0,2070.3,30.6,0,2190.45,34.8,0,2146.94,30.4,0,2102.23,28.4,0,2094.36,29.9,0,2114.28,32.7,0,1999.65,32.3,0,2287.66,34.4,0
"2025-11-23 14:15:00",3100,802,"Chapada_Low",11.85,2062.59,34.2,0,2069.53,31.3,0,2189.08,36.3,0,2146.17,30.9,2,2099.51,28.8,0,2092.43,30.5,0,2112.54,33.3,0,1999.44,32.2,0,2286.47,35,0
"2025-11-23 14:30:00",3101,802,"Chapada_Low",11.86,2062.13,34.9,0,2070.26,31.4,3,2187.3,36.4,0,2145.74,31.4,0,2099.06,28.9,0,2090.24,30.4,0,2108.69,33.5,0,1998.18,32.2,0,2285.02,34.7,0
"2025-11-23 14:45:00",3102,802,"Chapada_Low",11.85,2062.3,33,0,2069.22,29.6,0,2183.73,33,0,2145.55,30.2,0,2097.97,28.5,0,2089.93,28.5,0,2108.7,31.4,0,1998.24,30.3,0,2286.07,32.3,0
"2025-11-23 15:00:00",3103,802,"Chapada_Low",11.86,2061.86,32.5,0,2068.82,29.1,0,2183.55,32.6,0,2145.94,29.7,0,2097.77,28.1,0,2088.93,29.3,0,2110.05,31.1,0,1997.84,29.8,0,2285.68,32.2,0
"2025-11-23 15:15:00",3104,802,"Chapada_Low",11.86,2061.94,32.9,0,2067.67,29.1,0,2181.93,32.2,0,2145.23,29.7,0,2097.77,27.9,0,2087.63,28.8,0,2106.81,31.7,0,1998.83,29.8,0,2287.81,31.8,0
"2025-11-23 15:30:00",3105,802,"Chapada_Low",11.86,2062,31.2,0,2067.79,27.8,0,2178.73,29.9,0,2145.04,28.2,0,2098.27,26.4,0,2087.53,27,5,2105.07,29.3,0,1998.43,28.8,0,2289.73,29.8,0
"2025-11-23 15:45:00",3106,802,"Chapada_Low",11.86,2060.93,29.3,0,2069.51,26.6,0,2179.55,28.2,0,2144.61,26.7,0,2097,25.1,0,2089.28,25.6,0,2108.14,27.7,0,1999.25,27.5,0,2291.83,27.8,1
"2025-11-23 16:00:00",3107,802,"Chapada_Low",11.86,2061.9,27.8,0,2068.64,26,0,2178.02,27.3,0,2147.32,26.1,3,2098.04,24.8,0,2089.77,24.9,0,2108.68,26.5,0,2001.17,26.7,0,2294.53,26.8,0
"2025-11-23 16:15:00",3108,802,"Chapada_Low",11.86,2061.24,27,0,2068.62,25.4,0,2178.49,26.8,0,2146.92,25.5,0,2099.27,24.5,0,2090.06,24.3,0,2111.67,25.7,0,2001.88,26,0,2294.14,25.7,6
"2025-11-23 16:30:00",3109,802,"Chapada_Low",11.86,2061.95,27.3,0,2069.81,25.4,0,2179.05,27,0,2147.49,25.8,0,2099.23,24.8,0,2090.04,24.7,3,2112.08,25.6,0,2002.46,26,0,2295.82,25.7,0
"2025-11-23 16:45:00",3110,802,"Chapada_Low",11.86,2062.69,27.3,0,2070.39,25.4,0,2178.91,27.1,0,2148.24,25.6,0,2098.96,25,0,2089.77,25.2,0,2112.57,25.6,0,2004.05,25.9,0,2297.13,25.7,0
"2025-11-23 17:00:00",3111,802,"Chapada_Low",11.85,2062.73,28.4,0,2070.75,26.1,0,2180.66,27.7,0,2147.8,26.1,0,2098.55,25.6,0,2086.12,26.2,0,2112.4,26.5,0,2003.32,26.4,0,2298.96,26.3,0
"2025-11-23 17:15:00",3112,802,"Chapada_Low",11.86,2062.67,29.1,0,2069.63,26.4,0,2178.97,27.9,0,2147.63,26.4,0,2096.15,25.9,0,2087.44,26.5,2,2109.78,26.6,0,2002.79,27.3,0,2298.55,26.7,0
"2025-11-23 17:30:00",3113,802,"Chapada_Low",11.86,2062.12,28,0,2070.47,25.6,0,2179.29,26.8,0,2147.59,25.6,0,2096.46,24.7,0,2086.89,25,0,2112.41,25.5,0,2003.36,26.4,0,2297.94,25.9,0
"2025-11-23 17:45:00",3114,802,"Chapada_Low",11.86,2061.98,26.8,0,2069.93,24.8,0,2177.31,25.9,0,2148.31,24.9,0,2098.05,23.9,0,2087.02,24.1,13,2112.73,24.7,0,2003.01,25.4,0,2298.96,25,0
"2025-11-23 18:00:00",3115,802,"Chapada_Low",11.85,2063.46,26.1,0,2069.47,24.4,0,2176.94,25.4,0,2149.29,24.5,0,2098.5,23.6,0,2087.68,23.6,8,2114.2,24.3,0,2003.29,24.9,0,2299.76,24.6,0
"2025-11-23 18:15:00",3116,802,"Chapada_Low",11.86,2064.14,25.6,0,2070.72,24,3,2178.44,24.9,0,2150.18,24.1,0,2098.99,23.2,0,2089.64,23.1,0,2113.13,24,0,2005.36,24.4,0,2302.75,24.2,0
"2025-11-23 18:30:00",3117,802,"Chapada_Low",11.86,2064.3,25,0,2071.84,23.6,0,2177.08,24.4,0,2150.51,23.8,0,2099.57,22.9,0,2090.41,22.7,0,2116.45,23.5,0,2006.53,23.9,0,2304.33,23.7,0
"2025-11-23 18:45:00",3118,802,"Chapada_Low",11.86,2065.68,24.3,0,2071.76,23.2,0,2177.51,23.9,0,2150.83,23.4,0,2100.22,22.5,0,2091.16,22.3,0,2115.76,23.1,0,2006.35,23.5,0,2302.67,23.3,0
"2025-11-23 19:00:00",3119,802,"Chapada_Low",11.86,2065.84,23.8,0,2071.8,22.8,0,2176.99,23.5,0,2151.52,23.1,0,2101.08,22.1,0,2091.51,21.9,0,2118.72,22.6,0,2009.5,23,0,2303.68,22.8,0
"2025-11-23 19:15:00",3120,802,"Chapada_Low",11.86,2066.04,23.4,0,2072.83,22.5,0,2177.98,23.2,0,2153.51,22.8,0,2102.02,21.9,0,2093.36,21.7,0,2118.39,22.4,0,2010.67,22.6,0,2304.64,22.6,0
"2025-11-23 19:30:00",3121,802,"Chapada_Low",11.86,2066.46,23.3,0,2071.87,22.4,0,2177.35,23.1,0,2155.23,22.7,0,2103.05,21.9,0,2092.78,21.7,0,2121.12,22.3,0,2012.05,22.5,0,2305.74,22.5,0
"2025-11-23 19:45:00",3122,802,"Chapada_Low",11.86,2066.44,23.2,0,2072.31,22.4,0,2178.5,23,0,2155.53,22.6,0,2103.22,21.8,0,2093.6,21.7,0,2122.74,22.3,0,2012.61,22.4,0,2307.82,22.4,0
"2025-11-23 20:00:00",3123,802,"Chapada_Low",11.86,2067.05,23.1,0,2072.92,22.3,0,2178.26,22.8,0,2155.33,22.4,0,2104.49,21.7,0,2094,21.5,0,2121.64,22.2,0,2012.69,22.3,0,2307,22.3,0
"2025-11-23 20:15:00",3124,802,"Chapada_Low",11.86,2067.67,22.9,0,2073.43,22.1,0,2177.35,22.7,0,2156.34,22.3,0,2104.47,21.6,0,2094.94,21.4,0,2122.02,22,0,2014.4,22.2,0,2309.64,22.2,0
"2025-11-23 20:30:00",3125,802,"Chapada_Low",11.86,2067.71,22.8,0,2073.78,22.1,0,2177.83,22.6,0,2156.96,22.2,12,2105.39,21.6,0,2094.76,21.4,0,2122.47,22,0,2015.35,22.1,0,2310.11,22.1,0
"2025-11-23 20:45:00",3126,802,"Chapada_Low",11.86,2067.02,22.8,0,2074.75,22,0,2178.6,22.6,0,2157.42,22.2,0,2106.43,21.5,0,2095.8,21.3,3,2123,21.9,0,2014.93,22.1,0,2310.45,22.1,0
"2025-11-23 21:00:00",3127,802,"Chapada_Low",11.86,2069.3,22.7,0,2074.62,21.9,1,2178.21,22.5,0,2156.9,22.1,0,2107,21.4,8,2094.16,21.3,0,2122.55,21.8,0,2016.17,22,4,2311.03,22,0
"2025-11-23 21:15:00",3128,802,"Chapada_Low",11.86,2068.12,22.6,0,2074.98,21.9,0,2178.83,22.4,0,2158.47,22,0,2108.07,21.4,0,2095.08,21.2,0,2124.24,21.7,0,2017.41,21.9,0,2308.83,22,0
"2025-11-23 21:30:00",3129,802,"Chapada_Low",11.86,2068.03,22.6,0,2074.6,21.9,0,2179.15,22.4,0,2158,22,0,2107.6,21.4,0,2096.78,21.2,0,2124.78,21.7,0,2017.61,21.9,0,2311.88,21.9,0
"2025-11-23 21:45:00",3130,802,"Chapada_Low",11.86,2069.68,22.5,0,2074.68,21.8,0,2179.19,22.3,0,2158.25,21.9,0,2108.86,21.3,0,2097.27,21.2,0,2124.81,21.6,0,2018.97,21.8,0,2310.15,21.9,0
"2025-11-23 22:00:00",3131,802,"Chapada_Low",11.86,2067.75,22.4,2,2076.27,21.7,0,2179.4,22.2,0,2158.05,21.8,0,2108.64,21.2,0,2096.44,21.1,0,2125.21,21.6,0,2018,21.7,0,2310.57,21.8,1
"2025-11-23 22:15:00",3132,802,"Chapada_Low",11.86,2069.77,22.2,0,2074.66,21.6,7,2178.79,22.1,0,2158.61,21.7,0,2110.87,21.1,0,2098.22,21,0,2126.07,21.5,0,2019.38,21.7,0,2310.83,21.7,0
"2025-11-23 22:30:00",3133,802,"Chapada_Low",11.86,2070.04,22.1,0,2076.05,21.6,0,2179.49,22.1,0,2159,21.7,0,2111.89,21.1,0,2097.98,20.9,0,2125.93,21.4,0,2018.69,21.6,0,2313.7,21.6,0
"2025-11-23 22:45:00",3134,802,"Chapada_Low",11.86,2069.6,21.9,5,2075.69,21.4,0,2179.35,21.9,0,2158.84,21.6,0,2113.18,20.9,0,2097.1,20.7,0,2125.53,21.2,0,2020.57,21.4,0,2311.16,21.5,0
"2025-11-23 23:00:00",3135,802,"Chapada_Low",11.86,2070.32,21.9,0,2076.65,21.3,0,2179.71,21.8,0,2160.13,21.5,0,2113.4,20.9,0,2098.77,20.7,0,2125.49,21.2,0,2019.51,21.3,0,2314.52,21.4,0
"2025-11-23 23:15:00",3136,802,"Chapada_Low",11.86,2070.79,21.8,0,2076.91,21.3,0,2180.12,21.8,0,2159.41,21.4,0,2113.8,20.8,0,2098.69,20.7,0,2126.12,21,0,2021.56,21.3,0,2312.24,21.3,0
"2025-11-23 23:30:00",3137,802,"Chapada_Low",11.86,2070.33,21.8,0,2076.84,21.3,0,2179.6,21.7,0,2159.64,21.4,0,2114.46,20.8,0,2099.5,20.7,0,2126.45,21.1,0,2022.35,21.3,1,2312.47,21.3,0
"2025-11-23 23:45:00",3138,802,"Chapada_Low",11.85,2071.03,21.8,0,2077.28,21.3,0,2180.34,21.7,0,2159.99,21.4,0,2115.77,20.8,0,2099.35,20.8,0,2126.26,21.1,0,2021.1,21.3,0,2312.33,21.4,0
"2025-11-24 00:00:00",3139,802,"Chapada_Low",11.85,2069.47,21.9,0,2076.35,21.3,0,2180.56,21.7,0,2159.75,21.4,0,2116.62,20.9,0,2100.55,20.8,0,2126.75,21.1,0,2023.53,21.3,0,2313.25,21.4,7
"2025-11-24 00:15:00",3140,802,"Chapada_Low",11.85,2069.96,22,0,2077.01,21.4,0,2180.71,21.7,0,2160.24,21.4,0,2116.6,20.9,0,2101.05,20.8,0,2126.52,21.1,0,2022.98,21.2,0,2313.19,21.5,0
"2025-11-24 00:30:00",3141,802,"Chapada_Low",11.86,2072.45,21.9,0,2076.12,21.3,0,2181.1,21.6,9,2160.38,21.4,5,2117.83,20.7,0,2101.59,20.8,0,2127.63,21.1,0,2023.59,21.2,0,2312.75,21.4,0
"2025-11-24 00:45:00",3142,802,"Chapada_Low",11.86,2071.88,21.8,0,2075.73,21.2,0,2182.64,21.5,0,2161.14,21.3,0,2118.73,20.6,0,2102.18,20.7,0,2127.99,21,0,2023.97,21.1,0,2315.91,21.3,0
"2025-11-24 01:00:00",3143,802,"Chapada_Low",11.86,2070.82,21.7,0,2078.78,21.1,0,2197.03,21.4,0,2164.1,21.3,0,2124.39,20.6,0,2106.38,20.6,0,2132.05,20.9,0,2029.13,21,0,2315.11,21.2,0
"2025-11-24 01:15:00",3144,802,"Chapada_Low",11.86,2069.69,21.7,0,2094.08,21,0,2273.51,21.2,0,2200.64,21.1,0,2149.04,20.6,0,2159.14,20.5,0,2172.37,20.8,0,2037.86,20.8,0,2323.83,21.1,0
"2025-11-24 01:30:00",3145,802,"Chapada_Low",11.86,2070.24,21.6,0,2095.81,21,0,2278.04,21.2,0,2208.95,21.1,0,2158.61,20.6,0,2187.01,20.5,5,2197.96,20.8,0,2038.84,20.9,0,2327.29,21,0
"2025-11-24 01:45:00",3146,802,"Chapada_Low",11.86,2070.46,21.5,0,2097.73,21,0,2277.48,21.2,0,2211.58,21,0,2162.52,20.4,0,2192.31,20.4,0,2210.37,20.7,0,2039.88,20.8,0,2331.33,20.9,0
"2025-11-24 02:00:00",3147,802,"Chapada_Low",11.86,2068.83,21.5,0,2101.08,20.9,0,2281.75,21.2,0,2214.14,21,0,2164.35,20.4,0,2197.67,20.4,0,2216.95,20.6,0,2040.82,20.8,0,2337,20.9,0
"2025-11-24 02:15:00",3148,802,"Chapada_Low",11.86,2069.91,21.5,0,2102.53,20.9,0,2283.17,21.2,0,2216.24,21,0,2167.11,20.5,0,2201.84,20.4,0,2222.69,20.7,0,2043.22,20.8,0,2337.33,21,0
"2025-11-24 02:30:00",3149,802,"Chapada_Low",11.86,2071.19,21.5,0,2102.63,21,0,2281.54,21.3,1,2215.98,21.1,6,2167.3,20.6,0,2199.46,20.5,1,2224.88,20.7,0,2042.77,20.9,0,2341.57,21,0
"2025-11-24 02:45:00",3150,802,"Chapada_Low",11.86,2071.45,21.4,0,2103.02,20.9,0,2278.3,21.2,0,2215.15,21,0,2168.08,20.4,0,2197.97,20.4,0,2225.61,20.6,0,2043.09,20.8,1,2340.77,20.9,0
"2025-11-24 03:00:00",3151,802,"Chapada_Low",11.86,2072.11,21.4,0,2102.57,20.9,0,2275.95,21.2,0,2214.34,21,0,2169.27,20.3,0,2197.6,20.3,8,2225.46,20.5,0,2043.11,20.7,0,2343.38,20.8,0
"2025-11-24 03:15:00",3152,802,"Chapada_Low",11.86,2073.02,21.4,0,2103.16,20.9,0,2274.56,21.2,0,2213.53,21,0,2170.1,20.5,0,2196.55,20.5,0,2225.51,20.6,0,2042.37,20.8,0,2341.95,20.9,0
"2025-11-24 03:30:00",3153,802,"Chapada_Low",11.86,2071.8,21.4,0,2103.28,21,0,2272.71,21.2,0,2213.88,21,0,2171.39,20.5,0,2197.55,20.5,0,2226.2,20.7,0,2043.78,20.8,2,2341.78,21,0
"2025-11-24 03:45:00",3154,802,"Chapada_Low",11.86,2072.06,21.4,0,2103.19,21,0,2270.35,21.2,0,2212.78,21,0,2171.78,20.5,6,2196.44,20.5,0,2226.22,20.7,0,2044.67,20.8,0,2342.61,21,0
"2025-11-24 04:00:00",3155,802,"Chapada_Low",11.86,2073.02,21.3,0,2102.6,20.8,0,2269.1,21.1,0,2211.95,21,0,2170.9,20.4,0,2195.99,20.4,0,2228.05,20.6,0,2044.08,20.7,0,2343.14,20.8,0
"2025-11-24 04:15:00",3156,802,"Chapada_Low",11.86,2073.06,21.2,0,2102.78,20.7,0,2267.19,21,0,2212.05,20.9,0,2171.61,20.3,0,2196.7,20.2,0,2226.24,20.5,0,2045.27,20.7,0,2345.02,20.7,0
"2025-11-24 04:30:00",3157,802,"Chapada_Low",11.86,2071.61,21.1,0,2103.32,20.7,1,2264.49,21,0,2212.54,20.8,0,2172.56,20.2,0,2194.35,20.2,0,2227.56,20.4,0,2043.3,20.5,0,2344.67,20.6,0
"2025-11-24 04:45:00",3158,802,"Chapada_Low",11.86,2072.55,21,0,2103.34,20.6,0,2263.15,20.9,0,2212.09,20.7,0,2173.19,20.1,0,2193.72,20.1,0,2229,20.3,0,2043.48,20.4,0,2345.74,20.5,0
"2025-11-24 05:00:00",3159,802,"Chapada_Low",11.86,2071.92,20.9,0,2104.41,20.6,0,2261.87,20.9,0,2211.03,20.7,0,2173.47,20.1,0,2193.21,20.1,0,2229.27,20.3,0,2043.82,20.4,0,2343.68,20.5,0
"2025-11-24 05:15:00",3160,802,"Chapada_Low",11.86,2073.12,20.8,0,2104.07,20.5,0,2260.82,20.8,0,2211.34,20.6,0,2174.15,20,0,2192.85,20,0,2228.45,20.2,0,2044.54,20.4,0,2344.21,20.5,0
"2025-11-24 05:30:00",3161,802,"Chapada_Low",11.86,2073.62,20.7,0,2103.38,20.5,0,2259.19,20.7,0,2211.45,20.5,0,2173.93,20,0,2193.38,19.9,0,2227.47,20.1,0,2044.51,20.4,1,2346.24,20.4,0
"2025-11-24 05:45:00",3162,802,"Chapada_Low",11.86,2074.07,20.8,0,2104.7,20.5,0,2258.65,20.8,13,2210.57,20.5,0,2174.37,19.9,0,2192.25,19.9,0,2227.28,20.1,0,2044.81,20.3,0,2344.28,20.5,0
"2025-11-24 06:00:00",3163,802,"Chapada_Low",11.86,2072.35,20.8,0,2104.45,20.5,0,2256.62,20.8,1,2210.72,20.5,0,2175.33,20,0,2192.1,19.9,0,2228.65,20.1,0,2045.12,20.4,0,2344.69,20.5,0
"2025-11-24 06:15:00",3164,802,"Chapada_Low",11.86,2073.89,20.9,0,2104.3,20.6,0,2256.4,20.8,0,2210.47,20.6,0,2176.18,20.1,0,2192.22,20,0,2228.49,20.3,0,2045.46,20.4,0,2343.77,20.6,0
"2025-11-24 06:30:00",3165,802,"Chapada_Low",11.86,2075.01,21,0,2103.69,20.7,0,2255.9,20.9,3,2210.87,20.7,0,2175.57,20.2,0,2195.9,20.2,0,2226.26,20.4,0,2045.03,20.5,0,2346.65,20.7,0
"2025-11-24 06:45:00",3166,802,"Chapada_Low",11.86,2073,21.1,0,2104.1,20.7,0,2255.45,20.9,0,2209.43,20.7,0,2176.92,20.2,0,2195.82,20.2,0,2228.74,20.5,0,2045.98,20.5,0,2344.6,20.7,0
"2025-11-24 07:00:00",3167,802,"Chapada_Low",11.86,2073.32,21.2,0,2104.84,20.8,0,2254.31,21,0,2209.69,20.8,9,2176.35,20.3,0,2195.16,20.3,0,2226.51,20.6,11,2046.06,20.6,0,2346.86,20.8,0
"2025-11-24 07:15:00",3168,802,"Chapada_Low",11.86,2073.49,21.3,0,2106.64,20.8,0,2254.76,21.1,0,2210.2,20.9,0,2176.8,20.4,0,2199.43,20.4,0,2228.47,20.7,0,2046.38,20.7,0,2344.86,20.9,0
"2025-11-24 07:30:00",3169,802,"Chapada_Low",11.86,2072.9,21.5,0,2105.52,20.9,11,2260.09,21.3,0,2210.34,21.1,0,2178.5,20.6,10,2204.14,20.6,0,2228.25,20.8,0,2048.43,20.8,0,2345.41,21.1,0
"2025-11-24 07:45:00",3170,802,"Chapada_Low",11.85,2075.05,21.8,0,2106.43,21.1,5,2260.21,21.4,13,2210.62,21.2,0,2180.32,20.8,0,2210.97,20.8,0,2229.86,21,0,2048.12,21,0,2345.15,21.4,0
"2025-11-24 08:00:00",3171,802,"Chapada_Low",11.86,2073.53,22,0,2107.22,21.3,0,2260.21,21.7,0,2209.71,21.4,0,2180.51,21,0,2216.82,21,0,2232.51,21.3,0,2048.64,21.2,0,2347.82,21.6,0
"2025-11-24 08:15:00",3172,802,"Chapada_Low",11.86,2075.68,22.5,0,2107.71,21.6,0,2259.16,22.1,0,2209.44,21.8,0,2180.39,21.4,0,2219.09,21.4,0,2231.5,21.6,0,2048.78,21.6,0,2347.57,22,0
"2025-11-24 08:30:00",3173,802,"Chapada_Low",11.85,2074.5,22.8,0,2107.13,21.8,0,2258.39,22.3,0,2208.22,22,8,2180.91,21.6,0,2217.06,21.6,0,2231.83,21.8,0,2047.64,21.9,0,2348.02,22.5,0
"2025-11-24 08:45:00",3174,802,"Chapada_Low",11.86,2075.14,23.3,0,2106.87,22.1,0,2257.78,22.6,1,2207.89,22.2,0,2180.91,21.9,2,2216.64,22,6,2233.43,22.1,0,2045.02,22.2,0,2346.33,22.8,0
"2025-11-24 09:00:00",3175,802,"Chapada_Low",11.86,2075.3,24.3,0,2106.96,22.8,3,2256.42,23.3,0,2205.36,22.8,0,2179.33,22.6,0,2216.01,22.7,0,2232.3,22.8,0,2046.86,22.9,0,2344.87,23.6,0
"2025-11-24 09:15:00",3176,802,"Chapada_Low",11.86,2074.99,25.9,0,2106.03,23.5,0,2257.12,24.3,0,2204.09,24,0,2177.38,23.9,0,2211.57,24.1,0,2229.85,23.8,0,2043.72,24,0,2342.69,25,0
"2025-11-24 09:30:00",3177,802,"Chapada_Low",11.85,2073.36,28.2,0,2105.83,24.5,0,2255.28,25.4,0,2202.43,25.3,0,2173.56,26.6,0,2208.39,25.3,0,2226.64,25,0,2040.39,25.4,0,2342.68,26.5,0
"2025-11-24 09:45:00",3178,802,"Chapada_Low",11.86,2072.7,29.7,0,2103.81,24.8,5,2252.92,25.8,0,2200.57,25.6,5,2170.57,25.4,0,2203.08,26.9,0,2224.7,25.4,0,2039.26,25.9,0,2341.23,26.7,0
"2025-11-24 10:00:00",3179,802,"Chapada_Low",11.86,2071.8,30,0,2104.14,24.8,0,2250.45,25.7,0,2199.7,25.5,0,2169.33,24.9,0,2199.61,25.6,0,2220.62,26.3,0,2037.66,26,0,2340.55,26.6,1
"2025-11-24 10:15:00",3180,802,"Chapada_Low",11.86,2071.31,31,0,2103.27,25.4,0,2250.41,26.5,0,2198.11,26,0,2169.51,25.5,0,2197.58,26,0,2218.05,26.3,0,2033.49,27.5,0,2338.31,28.3,0
"2025-11-24 10:30:00",3181,802,"Chapada_Low",11.86,2069.18,31,0,2101.96,25.4,0,2247.71,26.4,0,2196.61,25.8,0,2169.23,25.2,0,2192,25.6,0,2214.66,26,0,2032.69,26.8,0,2336.63,28,0
"2025-11-24 10:45:00",3182,802,"Chapada_Low",11.85,2069.13,30.6,0,2102.43,26.2,0,2245.4,26.3,0,2196.47,25.7,4,2168.01,25.1,0,2189.64,25.4,0,2212.02,25.9,0,2030.72,26.4,0,2336.7,27.6,0
"2025-11-24 11:00:00",3183,802,"Chapada_Low",11.85,2069.32,30.1,0,2100.22,25.9,0,2242.94,26.8,7,2194.9,25.5,0,2164.38,24.9,0,2188.47,25.2,0,2210.14,25.7,0,2030.55,26.2,0,2336.86,27,0
"2025-11-24 11:15:00",3184,802,"Chapada_Low",11.86,2068.93,29.3,0,2100.31,25.3,1,2241.5,26,0,2195.18,25.8,0,2163.84,24.9,0,2186.25,24.9,0,2209.82,25.4,0,2031.57,25.7,0,2336.87,26.4,0
"2025-11-24 11:30:00",3185,802,"Chapada_Low",11.86,2068.04,28.7,0,2100.4,25,0,2239.1,25.6,0,2193.56,25.4,0,2162.79,25,3,2185.81,25.1,0,2207.63,25.2,0,2030.83,25.4,0,2336.34,26.1,0
"2025-11-24 11:45:00",3186,802,"Chapada_Low",11.86,2068.64,28.5,0,2099.3,24.9,0,2238.27,25.7,0,2193.2,25.4,5,2161.7,25,0,2182.5,25.4,0,2206.18,25.9,0,2031.36,25.5,0,2336.02,26.3,0
"2025-11-24 12:00:00",3187,802,"Chapada_Low",11.86,2067.44,29.4,0,2098.78,25.4,0,2238.36,26.4,3,2191.82,25.9,0,2159.5,25.5,1,2179.94,25.9,0,2203.21,26.4,0,2030.3,27,0,2335.48,27,0
"2025-11-24 12:15:00",3188,802,"Chapada_Low",11.86,2067.2,30.6,0,2099.09,26.3,0,2236.47,27.6,0,2190.43,26.8,10,2157.76,27,0,2176.12,27.4,0,2199.55,28.1,0,2027.11,27.8,0,2330.97,30.8,0
"2025-11-24 12:30:00",3189,802,"Chapada_Low",11.86,2066.38,32.1,0,2097.66,28.1,0,2233.38,29.2,4,2189.95,27.6,0,2154.4,28.5,0,2171.31,29.9,5,2190.24,31,0,2024.61,29.3,0,2323.1,34.3,1
"2025-11-24 12:45:00",3190,802,"Chapada_Low",11.86,2065.81,32.6,0,2095.75,29.7,0,2230.19,31,7,2188.88,27.9,0,2152.76,28.3,0,2166.65,30.3,0,2183.23,32.5,0,2022.16,30.7,0,2319.51,35.7,0
"2025-11-24 13:00:00",3191,802,"Chapada_Low",11.86,2065.08,33.4,0,2091.79,31.3,0,2228.78,33,0,2186.49,29,0,2149.74,28.4,4,2160.91,31,0,2176.45,33,0,2018.48,33.2,0,2314.95,38,0
"2025-11-24 13:15:00",3192,802,"Chapada_Low",11.86,2064.83,33.7,0,2090.08,31.5,0,2225.23,33.5,0,2184.33,29.4,0,2147.14,29.6,0,2157.43,30.6,0,2169.66,32.6,0,2016.15,32.9,0,2313.37,36.9,0
"2025-11-24 13:30:00",3193,802,"Chapada_Low",11.86,2064.91,33,0,2088.84,30.3,0,2224.14,32.5,0,2183.39,28.8,0,2146.25,28.6,0,2153.33,30.5,0,2166.26,31.6,3,2015.33,31.6,0,2313.93,34,0
"2025-11-24 13:45:00",3194,802,"Chapada_Low",11.85,2064.64,33,0,2089.06,29.8,0,2222.41,32.3,0,2182.37,28.9,0,2143.9,28.3,0,2150.15,29.7,0,2164.82,31.9,0,2014.79,31.3,0,2313.55,33.2,0
"2025-11-24 14:00:00",3195,802,"Chapada_Low",11.86,2064.45,32.5,0,2089.53,28.9,0,2220.44,31.5,0,2181.54,28.7,0,2142.4,27.8,0,2153.67,28.6,0,2165.05,30.9,0,2015.17,31,0,2313.49,32.4,0
"2025-11-24 14:15:00",3196,802,"Chapada_Low",11.85,2064.06,31.4,0,2088.36,27.9,0,2217.64,30.2,0,2180.37,28,0,2142.69,27.1,5,2152.41,27.7,3,2164.16,29.6,0,2014.01,29.7,0,2316.53,31.1,0
"2025-11-24 14:30:00",3197,802,"Chapada_Low",11.85,2063.71,32.8,0,2088.5,29.6,3,2218.13,32.5,0,2179.43,29,0,2141.28,28,0,2149.46,28.9,0,2160.92,31.1,0,2013.98,30.4,0,2312.76,32.5,0
"2025-11-24 14:45:00",3198,802,"Chapada_Low",11.85,2063.61,31.1,0,2088.66,28.2,0,2214.86,30.8,0,2178.29,28,8,2140.55,26.8,0,2152.7,27.1,0,2161.45,29.3,0,2013.59,28.8,0,2316.66,30.3,0
"2025-11-24 15:00:00",3199,802,"Chapada_Low",11.85,2063.21,31.4,0,2088.25,28.3,0,2215.49,31.8,0,2177.89,28.9,0,2141.52,27.7,0,2151.42,27.6,0,2158.72,29.7,0,2013.26,28.9,0,2315.79,31.4,0
"2025-11-24 15:15:00",3200,802,"Chapada_Low",11.86,2062.84,33.6,0,2087.7,29.5,4,2214.53,34.1,0,2176.54,30.2,0,2138.5,29.6,0,2150.39,30.4,0,2155.04,31.8,0,2012.82,30,0,2311.21,33.4,0
"2025-11-24 15:30:00",3201,802,"Chapada_Low",11.85,2062.04,35,0,2085.5,30.1,0,2213.16,35,0,2174.63,31,0,2134.76,29.9,5,2147.09,31.2,0,2151.37,33.5,0,2012.01,30.6,0,2308.22,34.4,0
"2025-11-24 15:45:00",3202,802,"Chapada_Low",11.85,2062.05,34.9,0,2086.03,30.1,0,2210.22,33.9,0,2171.86,30.4,0,2133.94,29.1,0,2143.95,30.2,0,2147.2,32.8,2,2010.87,31.1,0,2307.84,33.4,3
"2025-11-24 16:00:00",3203,802,"Chapada_Low",11.85,2062.21,33,0,2085.51,28.8,0,2208.44,31.5,0,2173.34,29,0,2133.87,27.6,13,2144.35,28.3,0,2147.91,30.6,0,2011.14,29.9,0,2311.17,31.7,0
"2025-11-24 16:15:00",3204,802,"Chapada_Low",11.85,2061.88,31,0,2084.97,27.6,0,2206.06,29.4,0,2173.79,27.8,0,2133.32,26.3,0,2143.73,26.7,0,2147.49,28.7,0,2010.98,28.4,0,2312.99,29.5,0
"2025-11-24 16:30:00",3205,802,"Chapada_Low",11.85,2061.67,29.5,0,2084.93,26.8,0,2207,28.1,0,2172.46,26.9,0,2134.68,25.5,0,2142.29,25.7,0,2150.2,27.4,0,2011.62,27.2,0,2314.93,28,0
"2025-11-24 16:45:00",3206,802,"Chapada_Low",11.85,2062.18,28.5,0,2085.56,26,0,2205.04,27.3,0,2173.14,26.3,0,2134.52,24.9,0,2143.03,25,0,2150.81,26.7,0,2014.16,26.4,0,2316.99,27.1,0
"2025-11-24 17:00:00",3207,802,"Chapada_Low",11.86,2062.32,27.1,0,2085.1,25,0,2205.72,26.2,0,2173.86,25.6,0,2135.42,24.3,0,2143.55,24.1,0,2150.28,25.7,0,2013.3,25.4,0,2316.83,25.9,0
"2025-11-24 17:15:00",3208,802,"Chapada_Low",11.85,2060.69,25.6,0,2120.22,23.5,0,2311.45,24,0,2226.8,24.1,0,2156.25,22.5,0,2146.52,23,0,2203.29,24.3,0,2030.92,23.7,0,2341.17,24,8
"2025-11-24 17:30:00",3209,802,"Chapada_Low",11.85,2061.42,24.4,0,2129.83,22.3,0,2334.31,22.7,0,2313.36,22.9,0,2190.69,21.4,15,2205.67,21.6,0,2227.08,23.1,0,2044.01,22.5,0,2398.58,22.6,0
"2025-11-24 17:45:00",3210,802,"Chapada_Low",11.85,2062.27,23.7,0,2135.17,21.8,0,2345.91,22.3,0,2339.02,22.4,0,2221.88,21,0,2268.14,21.1,0,2253.5,22.2,0,2047.57,22,0,2411.66,22.1,0
"2025-11-24 18:00:00",3211,802,"Chapada_Low",11.85,2063.24,23.4,0,2134.85,21.7,0,2340.06,22.4,0,2319.97,22.2,4,2225.17,21.1,0,2271.19,21.1,0,2266.05,21.9,0,2048.22,21.8,0,2412.59,22.1,2
"2025-11-24 18:15:00",3212,802,"Chapada_Low",11.86,2064.87,23.5,0,2131.96,21.9,0,2326.77,22.6,0,2308.05,22.4,0,2222.75,21.4,0,2271.9,21.4,0,2267.45,22,0,2047.51,22,0,2413.05,22.2,0
"2025-11-24 18:30:00",3213,802,"Chapada_Low",11.85,2065.75,23.4,0,2130.88,21.9,0,2319.01,22.5,0,2301.94,22.3,1,2222.62,21.3,0,2267.84,21.3,0,2270.19,22,0,2045.29,21.9,0,2411.35,22,0
"2025-11-24 18:45:00",3214,802,"Chapada_Low",11.86,2066.71,23.3,0,2129.82,21.8,4,2310.46,22.4,0,2297.37,22.2,0,2222.56,21.3,2,2264.04,21.3,0,2266.8,21.9,0,2047.76,21.8,0,2411.52,21.9,0
"2025-11-24 19:00:00",3215,802,"Chapada_Low",11.86,2066.18,23,0,2128.82,21.7,0,2303.09,22.3,0,2292.73,22.1,0,2224.5,21.2,0,2264.48,21.2,0,2265.97,21.8,0,2047.89,21.7,0,2411.02,21.7,0
"2025-11-24 19:15:00",3216,802,"Chapada_Low",11.86,2067.53,22.8,0,2127.91,21.5,0,2297.43,22.1,1,2288.38,21.9,0,2224.31,20.9,0,2262.34,20.9,0,2268.8,21.7,0,2048.56,21.4,0,2410.84,21.5,0
"2025-11-24 19:30:00",3217,802,"Chapada_Low",11.86,2067.21,22.5,0,2127.5,21.4,0,2293.25,22,0,2285.66,21.8,0,2223.36,20.9,0,2261.18,20.8,0,2269.04,21.5,0,2049.75,21.3,0,2411.01,21.4,0
"2025-11-24 19:45:00",3218,802,"Chapada_Low",11.86,2068.73,22.4,0,2128.33,21.4,0,2289.72,21.9,0,2284.1,21.8,0,2222.07,20.9,0,2260.66,20.8,0,2267.33,21.5,0,2052.31,21.2,2,2411.48,21.3,0
"2025-11-24 20:00:00",3219,802,"Chapada_Low",11.86,2068.82,22.2,0,2127.32,21.3,0,2287.65,21.8,0,2281.82,21.7,0,2222.95,20.8,0,2259.86,20.7,0,2267.34,21.4,8,2052.51,21.1,0,2410.72,21.2,0
"2025-11-24 20:15:00",3220,802,"Chapada_Low",11.86,2069.77,22,0,2128.74,21.1,0,2285.13,21.6,0,2279.05,21.5,14,2223.23,20.6,0,2258.64,20.5,0,2265.93,21.1,0,2052.14,21,0,2410.63,21,0
"2025-11-24 20:30:00",3221,802,"Chapada_Low",11.86,2069.57,21.7,0,2128.75,20.9,0,2283.51,21.4,0,2277.61,21.3,0,2223.06,20.4,0,2257.79,20.3,2,2265.3,20.9,0,2054.99,20.8,0,2410.07,20.8,0
"2025-11-24 20:45:00",3222,802,"Chapada_Low",11.86,2069.5,21.4,0,2129.93,20.8,7,2281.22,21.3,0,2276.47,21.1,8,2222.35,20.2,2,2255.83,20,0,2263.9,20.7,0,2053.6,20.6,0,2411.17,20.6,0
"2025-11-24 21:00:00",3223,802,"Chapada_Low",11.86,2071.14,21.2,0,2128.73,20.6,5,2279.67,21.1,0,2274.52,21,0,2222.19,20,0,2256.12,19.8,0,2263.11,20.5,0,2054.22,20.4,0,2411.09,20.5,0
"2025-11-24 21:15:00",3224,802,"Chapada_Low",11.86,2071.12,21.1,0,2128.91,20.5,0,2277.86,21,0,2272.99,20.9,0,2221.73,19.8,2,2255.35,19.7,0,2265.14,20.4,0,2054.06,20.3,0,2411.57,20.3,0
"2025-11-24 21:30:00",3225,802,"Chapada_Low",11.85,2071.48,21,0,2129.42,20.4,0,2277.17,20.9,3,2271.64,20.8,0,2221.82,19.8,0,2254.8,19.7,0,2262.55,20.3,8,2054.02,20.2,0,2411.77,20.3,4
"2025-11-24 21:45:00",3226,802,"Chapada_Low",11.86,2072.44,20.9,0,2129.5,20.4,0,2276.84,20.9,0,2271.39,20.8,0,2221.76,19.8,0,2255.06,19.7,0,2264.1,20.3,0,2054.52,20.2,0,2409.96,20.2,0
"2025-11-24 22:00:00",3227,802,"Chapada_Low",11.86,2071.42,20.8,0,2130.69,20.3,0,2274.96,20.8,0,2270.15,20.7,8,2220.71,19.7,0,2254.7,19.6,0,2263.82,20.2,0,2054.85,20.1,0,2410.68,20.1,2
"2025-11-24 22:15:00",3228,802,"Chapada_Low",11.86,2072.53,20.8,0,2129.8,20.2,0,2274.65,20.6,0,2269.45,20.6,1,2221.68,19.7,0,2254.6,19.6,8,2262.86,20.2,0,2056.2,20,0,2411.51,20.1,0
"2025-11-24 22:30:00",3229,802,"Chapada_Low",11.86,2072.48,20.8,0,2131.32,20.2,0,2273.57,20.6,0,2268.46,20.6,0,2221.92,19.7,0,2253.63,19.6,0,2262.9,20.2,0,2056.33,20,0,2410.06,20.2,0
"2025-11-24 22:45:00",3230,802,"Chapada_Low",11.85,2073.12,20.9,0,2131.44,20.2,0,2273.03,20.6,0,2267.57,20.6,0,2221.29,19.7,0,2253.58,19.7,0,2258.79,20.2,0,2057.99,20,0,2410.99,20.2,0
"2025-11-24 23:00:00",3231,802,"Chapada_Low",11.86,2073.67,21,0,2131.77,20.3,0,2272.09,20.7,1,2267.32,20.6,4,2221.13,19.8,0,2253.87,19.8,0,2258.28,20.3,0,2057.98,20.1,0,2410.66,20.3,0
"2025-11-24 23:15:00",3232,802,"Chapada_Low",11.86,2073.29,21,0,2131.64,20.3,3,2271.45,20.7,0,2267.15,20.6,0,2221.14,19.8,4,2256.27,19.8,0,2259.07,20.2,0,2057.63,20.1,0,2410.94,20.3,0
"2025-11-24 23:30:00",3233,802,"Chapada_Low",11.86,2073.34,21,0,2131.54,20.3,0,2271.7,20.7,0,2265.98,20.6,1,2221.26,19.8,0,2256.57,19.8,0,2257.99,20.2,0,2057.73,20.1,0,2411.01,20.3,0
"2025-11-24 23:45:00",3234,802,"Chapada_Low",11.86,2074.01,20.9,0,2132.35,20.4,0,2271.82,20.7,0,2265.65,20.6,0,2221.23,19.8,0,2256.32,19.8,0,2257.44,20.3,0,2058.02,20.2,0,2411.08,20.3,0
"2025-11-25 00:00:00",3235,802,"Chapada_Low",11.86,2073.67,20.9,0,2131.35,20.3,0,2270.2,20.6,0,2264.71,20.6,0,2220.48,19.7,0,2255.85,19.7,0,2256.03,20.2,0,2058.5,20.1,0,2411.19,20.3,0
"2025-11-25 00:15:00",3236,802,"Chapada_Low",11.86,2074.38,20.8,0,2132.18,20.3,0,2270.06,20.6,0,2264.95,20.5,0,2220.94,19.7,0,2256.25,19.7,0,2254.56,20.2,0,2058.64,20.1,0,2410.98,20.2,0
"2025-11-25 00:30:00",3237,802,"Chapada_Low",11.86,2074.44,20.8,0,2132.97,20.3,0,2269.41,20.6,0,2263.25,20.5,0,2221.79,19.8,0,2255.68,19.7,0,2255.1,20.2,0,2058.86,20.1,0,2410.13,20.2,0
"2025-11-25 00:45:00",3238,802,"Chapada_Low",11.86,2074.47,20.8,0,2134.35,20.3,0,2268.92,20.6,0,2262.96,20.5,0,2221.64,19.7,0,2254.25,19.7,0,2254.61,20.2,0,2059,20.1,0,2409.45,20.2,0
"2025-11-25 01:00:00",3239,802,"Chapada_Low",11.86,2073.32,20.7,0,2133.34,20.3,0,2269.15,20.5,0,2262.11,20.5,0,2221.63,19.7,11,2253.57,19.7,0,2254.29,20.1,0,2058.97,20.1,0,2411.04,20.2,0
"2025-11-25 01:15:00",3240,802,"Chapada_Low",11.85,2074.75,20.7,0,2133.51,20.3,0,2268.07,20.5,0,2261.96,20.4,1,2221.72,19.6,0,2253.5,19.6,0,2253.66,20.1,0,2058.83,20,0,2410.81,20.1,0
"2025-11-25 01:30:00",3241,802,"Chapada_Low",11.86,2075.14,20.6,0,2134.03,20.2,0,2268.07,20.4,0,2261.15,20.4,0,2222.47,19.6,0,2252.37,19.6,0,2253.56,20,0,2059.98,20,0,2411.34,20.1,0
"2025-11-25 01:45:00",3242,802,"Chapada_Low",11.86,2073.73,20.5,0,2134.39,20.2,0,2269.19,20.4,0,2261.45,20.3,17,2223.16,19.5,0,2252.63,19.6,0,2253.81,20,0,2060.61,20,0,2409.64,20.1,0
"2025-11-25 02:00:00",3243,802,"Chapada_Low",11.86,2075.28,20.5,0,2134.76,20.2,2,2268.04,20.3,7,2261.33,20.3,0,2223.88,19.6,2,2252.67,19.6,0,2253.12,20,0,2060.62,20,5,2410.74,20.1,0
"2025-11-25 02:15:00",3244,802,"Chapada_Low",11.86,2075.47,20.5,0,2134.31,20.2,0,2267.28,20.4,0,2261.64,20.3,0,2223.62,19.7,0,2252.39,19.6,0,2253.48,20,0,2060.79,20,0,2410.63,20.1,0
"2025-11-25 02:30:00",3245,802,"Chapada_Low",11.86,2075.41,20.7,0,2134.13,20.3,0,2267.12,20.5,0,2261.21,20.4,0,2223.8,19.8,0,2252,19.8,0,2253.13,20.2,0,2060.79,20.1,0,2410.52,20.3,13
"2025-11-25 02:45:00",3246,802,"Chapada_Low",11.86,2075.42,20.8,0,2134.99,20.4,0,2267.9,20.6,0,2259.95,20.5,0,2223.92,19.9,0,2251.06,19.9,0,2253.28,20.2,0,2061.09,20.2,5,2409.48,20.3,0
"2025-11-25 03:00:00",3247,802,"Chapada_Low",11.86,2074.01,20.7,0,2135.14,20.4,0,2267.16,20.5,0,2260.53,20.5,0,2224.32,19.8,0,2251.26,19.8,0,2250.93,20.2,0,2061.44,20.1,0,2409.2,20.3,0
"2025-11-25 03:15:00",3248,802,"Chapada_Low",11.86,2075.38,20.6,0,2135.53,20.3,0,2266.88,20.4,0,2260.68,20.4,9,2223.74,19.6,0,2250.93,19.7,0,2252.16,20.1,0,2061.35,20,0,2408.93,20.1,0
"2025-11-25 03:30:00",3249,802,"Chapada_Low",11.85,2075.31,20.3,0,2135.14,20.2,0,2266.44,20.3,0,2260.77,20.2,0,2224.77,19.5,0,2250.22,19.5,0,2252.01,19.8,0,2061.78,19.9,0,2410.95,20,4
"2025-11-25 03:45:00",3250,802,"Chapada_Low",11.85,2076.11,20.1,0,2135.26,20,1,2266.26,20.1,0,2260.43,20.1,0,2224.84,19.3,0,2251.1,19.3,0,2250.11,19.6,0,2062.28,19.7,0,2411.42,19.8,0
"2025-11-25 04:00:00",3251,802,"Chapada_Low",11.86,2075.39,19.9,0,2135.75,19.8,0,2266.16,19.9,0,2259.98,19.8,0,2224.63,19.1,0,2250.65,19.1,6,2251.21,19.4,0,2063.27,19.5,0,2410.31,19.7,0
"2025-11-25 04:15:00",3252,802,"Chapada_Low",11.86,2075.29,19.7,0,2136.39,19.7,0,2266.09,19.8,17,2259.65,19.7,0,2225.24,18.9,0,2251.79,19,0,2251.29,19.2,0,2064.84,19.4,0,2411.39,19.6,0
"2025-11-25 04:30:00",3253,802,"Chapada_Low",11.86,2076.08,19.6,0,2135.08,19.7,0,2266.06,19.8,0,2259.3,19.6,14,2226.11,18.9,0,2250.13,18.7,0,2251.37,19.2,0,2064.54,19.4,0,2410.25,19.5,0
"2025-11-25 04:45:00",3254,802,"Chapada_Low",11.86,2075.7,19.5,0,2135.52,19.7,0,2265.62,19.8,0,2258.03,19.6,4,2226.97,18.8,0,2250.7,18.8,0,2253.38,19.1,1,2065.71,19.3,0,2410.2,19.5,0
"2025-11-25 05:00:00",3255,802,"Chapada_Low",11.86,2077.02,19.7,0,2137.25,19.7,0,2266.25,19.9,0,2258.47,19.6,0,2226.04,18.9,0,2252.68,18.9,0,2250.88,19.2,0,2067.43,19.2,0,2410.7,19.5,0
"2025-11-25 05:15:00",3256,802,"Chapada_Low",11.86,2077.35,19.9,0,2136.66,19.8,0,2266.21,20,0,2256.71,19.7,0,2226.46,19.3,0,2252.03,19.2,0,2251.18,19.4,0,2065.46,19.4,0,2411.49,19.7,18
"2025-11-25 05:30:00",3257,802,"Chapada_Low",11.86,2076.66,20,0,2137.2,19.9,0,2265.22,20.1,0,2256.2,19.8,0,2225.15,19.3,0,2251.23,19.3,0,2249.95,19.5,0,2067.28,19.6,0,2411.61,19.8,0
"2025-11-25 05:45:00",3258,802,"Chapada_Low",11.86,2075.73,20,0,2137.66,19.8,0,2265.7,20,0,2256.29,19.8,0,2225.74,19.3,0,2251.32,19.3,0,2251.74,19.4,0,2066.34,19.5,0,2411.35,19.7,0
"2025-11-25 06:00:00",3259,802,"Chapada_Low",11.86,2077.72,19.9,0,2138.06,19.8,0,2265.34,20,0,2256.28,19.7,0,2226.41,19.2,0,2251.23,19.2,0,2251.65,19.4,0,2069.07,19.5,0,2410.04,19.7,0
"2025-11-25 06:15:00",3260,802,"Chapada_Low",11.86,2078.09,20,0,2137.3,19.8,0,2265.82,20,0,2255.87,19.8,8,2226.36,19.3,1,2248.68,19.2,0,2249.67,19.4,0,2067.74,19.6,0,2412.08,19.7,0
"2025-11-25 06:30:00",3261,802,"Chapada_Low",11.86,2077.97,20.3,0,2137.86,20,0,2265.51,20.2,9,2255.22,20,0,2225.55,19.6,0,2248.75,19.6,0,2250.46,19.7,0,2067.34,19.8,0,2409.85,20,0
"2025-11-25 06:45:00",3262,802,"Chapada_Low",11.86,2077.74,20.7,0,2137.56,20.3,3,2265.79,20.5,0,2253.94,20.3,3,2224.85,20.1,0,2250.37,20,0,2249.04,20.1,0,2067.49,20.1,0,2410.12,20.4,0
"2025-11-25 07:00:00",3263,802,"Chapada_Low",11.86,2077.66,21,0,2137.29,20.6,0,2265.81,20.8,0,2253.72,20.5,0,2225.8,20.3,6,2249,20.4,0,2247.24,20.4,0,2068.32,20.4,0,2410.54,20.7,0
"2025-11-25 07:15:00",3264,802,"Chapada_Low",11.86,2078.71,21.3,0,2138.5,20.7,0,2266.01,21,0,2253.44,20.7,0,2225.31,20.5,0,2248.92,20.5,0,2245.83,20.6,0,2067.97,20.6,0,2408.71,20.9,0
"2025-11-25 07:30:00",3265,802,"Chapada_Low",11.86,2077.24,21.4,3,2137.57,20.9,0,2265.2,21.1,0,2253.45,20.9,0,2225.19,20.6,0,2247.23,20.6,7,2245.29,20.8,0,2068.66,20.8,0,2408.68,21,0
"2025-11-25 07:45:00",3266,802,"Chapada_Low",11.86,2078.02,21.8,0,2138.3,21.1,0,2265.54,21.4,0,2253.79,21.1,0,2223.99,21,0,2247.87,21,0,2244.22,21.1,0,2067.16,21.1,0,2407.82,21.4,0
"2025-11-25 08:00:00",3267,802,"Chapada_Low",11.86,2078.09,22.2,0,2137.71,21.4,0,2265.56,21.7,0,2252.65,21.5,0,2223.96,21.4,0,2246.55,21.3,0,2243.29,21.4,0,2066.37,21.4,0,2407.5,21.8,0
"2025-11-25 08:15:00",3268,802,"Chapada_Low",11.86,2077.59,22.6,0,2138.02,21.6,5,2264.88,21.9,0,2250.59,21.6,0,2224.36,21.5,3,2245.98,21.7,0,2242.9,21.7,0,2065.67,21.7,0,2406.15,22,0
"2025-11-25 08:30:00",3269,802,"Chapada_Low",11.86,2078.09,23.1,0,2136.75,21.8,0,2265.21,22.2,0,2250.08,21.9,0,2223.18,21.7,0,2245.05,21.8,0,2241.57,22.1,0,2065.97,22,0,2405.85,22.4,0
"2025-11-25 08:45:00",3270,802,"Chapada_Low",11.86,2076.88,23.3,0,2138.07,22,0,2264.05,22.3,0,2249.57,22,0,2223.65,21.7,0,2245.12,21.8,3,2242.9,22.2,0,2065.16,22.3,0,2407.29,22.6,0
"2025-11-25 09:00:00",3271,802,"Chapada_Low",11.86,2076.81,23.7,0,2137.28,22.1,0,2264.21,22.5,3,2249.86,22.2,0,2222.31,21.8,0,2243.54,21.9,0,2239.36,22.4,0,2064.45,22.4,0,2405.34,22.9,0
"2025-11-25 09:15:00",3272,802,"Chapada_Low",11.86,2076.97,23.9,0,2137.3,22.5,0,2263.62,22.7,4,2248.69,22.3,0,2222.14,22,0,2243.18,22.1,0,2237.71,22.4,4,2063.73,22.5,0,2406.26,22.9,0
"2025-11-25 09:30:00",3273,802,"Chapada_Low",11.86,2076.76,24,0,2137.12,22.5,0,2263.97,22.9,0,2248.48,22.4,0,2221.62,22,1,2241.7,22.1,3,2237.32,22.5,0,2064.06,22.5,0,2407.33,22.9,0
"2025-11-25 09:45:00",3274,802,"Chapada_Low",11.86,2076.51,24.1,0,2136.96,22.5,0,2262.82,22.9,0,2247.88,22.6,0,2220.33,22.3,0,2241.72,22.3,0,2235.54,22.6,0,2061.38,22.6,0,2404.67,23,0
"2025-11-25 10:00:00",3275,802,"Chapada_Low",11.86,2076.59,24.3,0,2135.89,22.6,0,2261.92,23,0,2247.48,22.6,0,2219.45,22.4,0,2240.98,22.5,0,2235.45,22.7,0,2061.63,22.8,1,2405.11,23,0
"2025-11-25 10:15:00",3276,802,"Chapada_Low",11.86,2076.68,24.4,4,2135.57,22.6,0,2262.36,23,0,2246.77,22.6,0,2218.94,22.3,0,2240.42,22.6,0,2235.16,22.9,0,2061.31,22.8,0,2404.45,23,0
"2025-11-25 10:30:00",3277,802,"Chapada_Low",11.86,2075.27,25,0,2134.96,23,0,2261.46,23.5,10,2243.99,22.9,0,2217.97,22.7,0,2240.24,23,0,2233.02,23.3,0,2058.39,23.6,0,2404.07,23.6,0
"2025-11-25 10:45:00",3278,802,"Chapada_Low",11.86,2075.72,25.2,0,2135.46,23,0,2262.19,23.4,0,2242.9,22.9,0,2217,22.5,0,2236.02,22.8,0,2233.21,23.1,0,2059.09,23.5,0,2402.89,23.9,0
"2025-11-25 11:00:00",3279,802,"Chapada_Low",11.86,2075.28,24.8,0,2134.67,22.8,0,2260.67,23.1,0,2244.96,22.7,0,2217.19,22.2,0,2237.17,22.4,0,2233.95,22.7,0,2057.02,23.1,0,2403.55,23.2,0
"2025-11-25 11:15:00",3280,802,"Chapada_Low",11.86,2075.14,24.3,0,2136.43,22.8,0,2260.91,23,0,2245.79,22.4,0,2216.43,21.9,0,2237.36,22,0,2233.26,22.3,0,2058.15,22.7,0,2405.91,22.7,0
"2025-11-25 11:30:00",3281,802,"Chapada_Low",11.86,2072.81,23.1,0,2133.94,21.9,0,2265.57,22.2,0,2248.51,21.6,5,2218.09,21.2,0,2259.35,20.8,0,2236.04,21.4,0,2059.97,21.9,0,2405.62,21.5,0
"2025-11-25 11:45:00",3282,802,"Chapada_Low",11.86,2072.85,22.2,0,2136.96,21.1,0,2270.65,21.5,0,2249.46,21.1,0,2221.65,20.5,0,2290.16,20,0,2257.27,20.9,0,2061.61,21.2,0,2415.08,20.9,4
"2025-11-25 12:00:00",3283,802,"Chapada_Low",11.86,2072.64,22.1,0,2138.73,21,0,2278.33,21.4,0,2256.13,21,0,2227.77,20.4,0,2296.28,20.2,0,2317.96,20.8,0,2066.16,21.2,0,2420.96,20.9,0
"2025-11-25 12:15:00",3284,802,"Chapada_Low",11.86,2072.91,22.5,0,2140.94,21.1,0,2280.61,21.8,0,2259.39,21.4,0,2232.4,20.7,0,2299.62,20.6,0,2323.07,21.3,0,2065.91,21.5,0,2420.99,21.3,0
"2025-11-25 12:30:00",3285,802,"Chapada_Low",11.86,2074.52,23.4,0,2141.7,21.7,0,2284.34,22.5,0,2262.44,22,0,2235.99,21.6,0,2300.51,21.6,0,2326.24,22,0,2066.42,22.3,0,2420.91,22.4,0
"2025-11-25 12:45:00",3286,802,"Chapada_Low",11.86,2075.66,24.6,0,2141.47,22.3,0,2282.97,23.3,0,2263.07,22.7,0,2238.37,22.2,0,2299.31,22.5,0,2322.52,22.6,1,2068.19,23,0,2420.5,23.4,2
"2025-11-25 13:00:00",3287,802,"Chapada_Low",11.86,2074.92,26.9,6,2141.75,24.3,0,2281.36,25.5,0,2262.46,24,0,2237.92,23.7,0,2294.26,24.5,1,2316.07,24.5,0,2065.7,25.1,0,2416.69,26,0
"2025-11-25 13:15:00",3288,802,"Chapada_Low",11.86,2073.83,28.8,0,2141.91,25.4,0,2281.33,27.3,0,2262.49,25.1,0,2237.5,24.7,0,2285.68,25.6,0,2307.39,25.6,0,2063.41,26.5,0,2414.89,27.4,0
"2025-11-25 13:30:00",3289,802,"Chapada_Low",11.86,2072.51,29.9,0,2140.45,25.6,0,2278.19,27.8,0,2261.04,26.2,0,2236.23,25.2,2,2280.95,25.6,19,2298.51,26.6,3,2059.38,27.1,0,2413.43,27.4,0
"2025-11-25 13:45:00",3290,802,"Chapada_Low",11.86,2071.92,30.5,0,2139.16,26.4,2,2273.99,28.7,0,2258.26,26.4,0,2235.42,25.7,0,2274.08,27.1,0,2289.75,27.6,0,2056.79,27.6,0,2412.96,27.8,1
"2025-11-25 14:00:00",3291,802,"Chapada_Low",11.86,2071.51,31.1,0,2138,26.7,0,2270.7,29.3,0,2257.92,26.5,0,2235.54,24.7,0,2270.43,26.5,0,2282.43,28.7,0,2055.75,27.6,0,2411.03,27.9,0
"2025-11-25 14:15:00",3292,802,"Chapada_Low",11.86,2070.35,31.3,0,2137.75,26.6,0,2267.62,29.5,4,2255.03,26.5,0,2236.14,24.7,0,2266.84,25.9,0,2274.22,28.7,0,2053.52,28.2,4,2410.19,28.2,0
"2025-11-25 14:30:00",3293,802,"Chapada_Low",11.86,2069.43,31.8,0,2136.25,27.3,1,2265.01,30.3,0,2254.13,26.6,0,2234.27,25.2,3,2263.94,26.3,0,2265.55,29.1,0,2051.21,28.2,0,2407.69,29.9,0
"2025-11-25 14:45:00",3294,802,"Chapada_Low",11.86,2068.61,32.3,0,2134.84,27.7,0,2264.94,30.9,0,2251.84,27,0,2233.58,25.6,0,2260.6,26.5,0,2260.34,29.2,0,2050.64,28.2,0,2405.98,29.7,0
"2025-11-25 15:00:00",3295,802,"Chapada_Low",11.86,2068.53,32.9,0,2133.38,28.9,0,2262.41,32.2,0,2249.24,27.4,0,2233.25,26,0,2254.17,26.9,0,2253.26,30.2,0,2049.06,28.5,0,2405.02,29.9,0
"2025-11-25 15:15:00",3296,802,"Chapada_Low",11.86,2067.39,33.1,0,2130.72,28.6,0,2259.21,32.3,0,2248.72,28.3,0,2234.73,25.9,0,2250.23,26.8,0,2245.78,30.6,0,2047.84,28.2,0,2403.13,30.2,0
"2025-11-25 15:30:00",3297,802,"Chapada_Low",11.86,2067.15,32.7,0,2131.1,28.3,0,2257.54,31.5,0,2247.12,28.3,0,2234.89,27.4,0,2246.28,26.8,1,2239.95,30.4,0,2047.63,27.9,0,2402.05,30.1,0
"2025-11-25 15:45:00",3298,802,"Chapada_Low",11.86,2066.42,32.9,0,2130.6,28.5,0,2256.21,31.7,0,2245.87,28.1,0,2240.22,26.9,0,2243.04,28.7,0,2234.87,30.8,0,2047.04,28.2,0,2400.19,30.4,0
"2025-11-25 16:00:00",3299,802,"Chapada_Low",11.85,2067.79,31.8,0,2129.23,28.6,0,2254.03,31.2,0,2244.3,27.9,3,2252.16,26.8,0,2238.53,28.2,0,2229.55,31.4,0,2046.61,28.3,0,2400.49,30.2,0
"2025-11-25 16:15:00",3300,802,"Chapada_Low",11.85,2067.48,30.9,0,2128.12,28.5,0,2252.05,30.9,0,2243.02,27.9,0,2262,26.9,0,2235.61,28,0,2226.56,30.9,0,2045.27,28.9,0,2399.61,30.6,0
"2025-11-25 16:30:00",3301,802,"Chapada_Low",11.86,2067.36,31,0,2127.11,29,9,2250.94,31.2,5,2241.21,28.4,0,2264.56,27.8,1,2232.39,28.9,3,2224.33,30.7,0,2045.06,29.1,0,2398.59,31.2,11
"2025-11-25 16:45:00",3302,802,"Chapada_Low",11.86,2066.39,30,0,2126.81,28.3,1,2247.33,29.8,0,2240.23,27.7,0,2266.47,26.8,0,2228.86,27.8,0,2221.83,29.7,0,2044.28,28.5,0,2399.15,29.7,0
"2025-11-25 17:00:00",3303,802,"Chapada_Low",11.86,2066.38,29.4,0,2126.88,28.1,0,2247.29,28.8,19,2238.87,27.2,0,2275.51,26.4,0,2227.03,27.3,0,2218.62,28.8,0,2043.89,28,0,2399.51,28.8,0
"2025-11-25 17:15:00",3304,802,"Chapada_Low",11.86,2066.03,29,0,2126.82,27.6,0,2247.25,28.7,0,2237.92,27,0,2280.16,26.3,0,2225.59,27,0,2218.91,28.1,4,2043.31,27.7,0,2401.25,28.3,0
"2025-11-25 17:30:00",3305,802,"Chapada_Low",11.86,2065.99,28.2,0,2127.47,26.8,0,2248.23,27.6,0,2238.14,26.8,0,2279.83,25.8,0,2225.31,26.1,13,2218.68,27.3,0,2044.46,27.1,0,2401.48,27.3,0
"2025-11-25 17:45:00",3306,802,"Chapada_Low",11.86,2066.35,27.1,0,2126.27,25.8,0,2248.13,26.4,0,2237.91,25.7,0,2268.81,24.8,0,2226.66,25.1,1,2215.48,26.2,0,2045.6,26.1,0,2404.07,26.1,0
"2025-11-25 18:00:00",3307,802,"Chapada_Low",11.86,2067.2,26.3,0,2128.03,25.1,0,2247.65,25.7,0,2237.91,25.1,0,2266.27,24.1,0,2226.88,24.4,3,2217.38,25.6,0,2047.02,25.4,0,2402.99,25.4,0
"2025-11-25 18:15:00",3308,802,"Chapada_Low",11.86,2067.59,25.6,0,2128.36,24.5,1,2247.02,25.1,0,2239.4,24.6,0,2263.13,23.5,0,2227.33,23.8,0,2217.46,24.9,0,2046.57,24.9,0,2404.29,24.8,0
"2025-11-25 18:30:00",3309,802,"Chapada_Low",11.86,2068.34,25.1,0,2128.21,24.1,3,2245.71,24.7,2,2238.73,24.2,0,2261.78,23.1,0,2226.42,23.4,0,2218.36,24.3,0,2048.75,24.4,0,2407.03,24.4,0
"2025-11-25 18:45:00",3310,802,"Chapada_Low",11.86,2068.25,24.6,0,2129.06,23.7,0,2247.88,24.2,0,2239.94,23.8,0,2260.52,22.8,0,2227.16,22.9,0,2218.3,23.8,0,2049.55,23.8,0,2408.32,23.8,0
"2025-11-25 19:00:00",3311,802,"Chapada_Low",11.86,2069.26,24.1,0,2130.57,23.3,0,2247.08,23.8,0,2240.32,23.4,1,2259.07,22.4,0,2226.9,22.5,0,2216.58,23.3,0,2050.55,23.4,0,2407.12,23.4,0
"2025-11-25 19:15:00",3312,802,"Chapada_Low",11.86,2069.07,23.8,0,2130.43,23,1,2247.57,23.5,0,2240.51,23.1,0,2257.95,22.1,0,2227.17,22.3,0,2218.25,23,0,2052.14,23.1,0,2409.49,23.1,0
"2025-11-25 19:30:00",3313,802,"Chapada_Low",11.86,2069.95,23.5,0,2130.77,22.8,0,2247.17,23.2,0,2243.51,22.8,0,2257.5,21.9,1,2226.82,22,0,2218.29,22.7,0,2052.04,22.8,0,2409,22.8,4
"2025-11-25 19:45:00",3314,802,"Chapada_Low",11.86,2070.5,23.2,0,2131.08,22.5,0,2248.27,22.9,0,2241.47,22.6,0,2257.4,21.7,0,2227.21,21.6,0,2218.32,22.3,0,2053.76,22.5,0,2409.19,22.5,0
"2025-11-25 20:00:00",3315,802,"Chapada_Low",11.86,2070.24,23,0,2131.61,22.3,0,2249.01,22.7,0,2244.25,22.4,0,2256.87,21.6,0,2227.2,21.5,5,2217.42,22.1,0,2055.14,22.3,0,2409.31,22.3,0
"2025-11-25 20:15:00",3316,802,"Chapada_Low",11.86,2071.12,22.8,0,2131.78,22.2,0,2248.73,22.6,0,2244.66,22.2,14,2258.34,21.4,0,2227.48,21.3,0,2216.24,21.9,0,2056.12,22,0,2410.52,22.1,0
"2025-11-25 20:30:00",3317,802,"Chapada_Low",11.86,2070.99,22.7,0,2132.71,22.1,2,2250.18,22.5,0,2244.8,22.1,0,2256.2,21.4,0,2226.88,21.3,1,2217.13,21.8,0,2055.86,22,0,2410.22,22,0
"2025-11-25 20:45:00",3318,802,"Chapada_Low",11.86,2069.85,22.6,0,2132.2,21.9,0,2250.43,22.4,9,2244.32,22,2,2257.41,21.4,0,2226.88,21.3,0,2217.61,21.8,0,2056.6,21.9,0,2411.4,21.9,4
"2025-11-25 21:00:00",3319,802,"Chapada_Low",11.86,2071.58,22.6,0,2132.77,21.9,0,2250.86,22.3,0,2244.68,22,0,2252.48,21.4,0,2226.9,21.3,2,2217.05,21.8,0,2057.59,21.9,0,2412.97,22,0
"2025-11-25 21:15:00",3320,802,"Chapada_Low",11.86,2072,22.6,0,2132.74,22,0,2251.12,22.3,1,2245.18,22,0,2253.91,21.5,0,2226.54,21.4,0,2216.62,21.8,0,2058.21,21.9,0,2411.52,22,0
"2025-11-25 21:30:00",3321,802,"Chapada_Low",11.86,2071.54,22.6,0,2132.1,22,0,2251.37,22.3,0,2245.88,22,0,2253.15,21.5,0,2225.77,21.4,0,2217.93,21.8,0,2058.97,21.9,0,2413.19,22,0
"2025-11-25 21:45:00",3322,802,"Chapada_Low",11.86,2071.45,22.6,0,2133.98,21.9,0,2251.42,22.3,0,2245.42,22,0,2252.59,21.4,0,2225.94,21.4,0,2216.36,21.8,0,2059.48,21.9,0,2411.71,22,0
"2025-11-25 22:00:00",3323,802,"Chapada_Low",11.86,2071.25,22.6,0,2134.13,21.9,3,2252.13,22.3,0,2245.51,21.9,5,2253.03,21.4,0,2226.82,21.4,0,2216.09,21.8,0,2059.61,21.9,3,2413.74,22,0
"2025-11-25 22:15:00",3324,802,"Chapada_Low",11.86,2070.86,22.6,0,2133.87,21.9,0,2251.88,22.3,0,2245.31,21.9,0,2252.53,21.4,0,2226.73,21.4,0,2215.56,21.8,0,2059.54,21.8,0,2413.53,22,0
"2025-11-25 22:30:00",3325,802,"Chapada_Low",11.86,2072.8,22.6,0,2134.61,21.9,3,2252.45,22.2,0,2245.52,21.9,14,2251.12,21.4,0,2227.02,21.4,3,2216.43,21.8,0,2059.51,21.8,0,2412.73,22,0
"2025-11-25 22:45:00",3326,802,"Chapada_Low",11.86,2070.97,22.6,0,2135.02,21.9,0,2252.7,22.2,0,2244.47,21.9,2,2251.37,21.4,0,2226.29,21.4,7,2216.21,21.8,0,2059.94,21.8,0,2413.63,21.9,10
"2025-11-25 23:00:00",3327,802,"Chapada_Low",11.86,2073,22.5,0,2133.9,21.9,0,2252.68,22.2,0,2245.25,21.9,0,2251.79,21.4,0,2226.16,21.4,0,2216.09,21.7,0,2060.49,21.8,0,2413.46,21.9,0
"2025-11-25 23:15:00",3328,802,"Chapada_Low",11.86,2073.96,22.4,0,2134.84,21.8,0,2252.65,22,0,2245.33,21.8,0,2251.15,21.3,0,2225.61,21.3,0,2216.04,21.7,0,2061.1,21.7,5,2412.2,21.9,0
"2025-11-25 23:30:00",3329,802,"Chapada_Low",11.86,2073.95,22.3,0,2134.39,21.7,0,2253.57,21.9,0,2244.7,21.8,0,2251.37,21.2,0,2224.56,21.3,0,2216.23,21.6,0,2062.43,21.6,0,2412.98,21.8,0
"2025-11-25 23:45:00",3330,802,"Chapada_Low",11.86,2071.99,22.3,0,2135.03,21.7,0,2253.98,21.8,0,2244.7,21.7,0,2251.26,21.1,0,2223.31,21.2,0,2216.32,21.6,0,2063.57,21.5,0,2412.71,21.7,0
"2025-11-26 00:00:00",3331,802,"Chapada_Low",11.86,2073.6,22.2,0,2135.39,21.6,0,2254.34,21.8,0,2244.55,21.7,0,2250.47,21,0,2224.6,21.1,0,2215.49,21.5,0,2061.28,21.5,0,2414.5,21.7,0
"2025-11-26 00:15:00",3332,802,"Chapada_Low",11.86,2072.35,22.2,0,2135.99,21.6,0,2253.83,21.8,0,2245.04,21.6,0,2248.56,21,0,2222.84,21.1,0,2218.45,21.5,0,2062.41,21.4,0,2414.57,21.7,0
"2025-11-26 00:30:00",3333,802,"Chapada_Low",11.86,2073.91,22.2,0,2135.2,21.6,0,2254.26,21.8,0,2244.99,21.6,0,2249.09,21.1,0,2222,21.2,0,2217.89,21.6,0,2064.06,21.5,0,2413.32,21.7,0
"2025-11-26 00:45:00",3334,802,"Chapada_Low",11.86,2074.66,22.2,0,2135.7,21.7,0,2254.67,21.9,0,2244.43,21.7,5,2247.95,21.2,0,2220.05,21.2,0,2217.43,21.6,0,2064.4,21.5,0,2414.38,21.7,0
"2025-11-26 01:00:00",3335,802,"Chapada_Low",11.86,2074.98,22.1,0,2135.55,21.6,0,2255.13,21.8,0,2244.45,21.6,0,2249.02,21.1,0,2220.98,21.1,0,2217.63,21.6,0,2063.14,21.5,0,2413.07,21.6,0
"2025-11-26 01:15:00",3336,802,"Chapada_Low",11.86,2074.7,21.9,0,2135.72,21.4,0,2254.92,21.6,0,2244.99,21.5,0,2249.41,20.9,0,2221.04,20.9,2,2216.25,21.3,0,2065.28,21.3,0,2414.58,21.4,0
"2025-11-26 01:30:00",3337,802,"Chapada_Low",11.86,2074.77,21.8,0,2135.99,21.3,0,2254.55,21.5,0,2245,21.4,0,2249.19,20.7,0,2220.36,20.7,0,2215.83,21.2,0,2064.44,21.2,0,2413.87,21.3,0
"2025-11-26 01:45:00",3338,802,"Chapada_Low",11.86,2073.99,21.6,0,2135.38,21.2,0,2255.53,21.5,0,2245.11,21.3,0,2247.71,20.6,2,2220.79,20.6,0,2216.57,21.1,0,2063.73,21.1,0,2413.92,21.1,0
"2025-11-26 02:00:00",3339,802,"Chapada_Low",11.86,2075.22,21.5,0,2136.2,21.1,0,2255.46,21.4,0,2244.57,21.2,0,2248.02,20.5,0,2221.24,20.4,6,2215.84,20.9,0,2064.41,20.9,0,2414.17,21.1,0
"2025-11-26 02:15:00",3340,802,"Chapada_Low",11.86,2074.93,21.4,0,2136.66,21,0,2255.68,21.3,0,2244.32,21.1,0,2247.35,20.4,0,2221.91,20.4,0,2216.31,20.8,0,2064.3,20.8,0,2415.55,21,0
"2025-11-26 02:30:00",3341,802,"Chapada_Low",11.86,2074.09,21.3,0,2135.68,20.9,0,2255.77,21.2,0,2245.26,21,0,2247.69,20.2,4,2221.8,20.2,0,2215.8,20.7,0,2066.3,20.7,0,2416.04,20.8,0
"2025-11-26 02:45:00",3342,802,"Chapada_Low",11.86,2074.79,21.2,0,2136.39,20.8,0,2256.22,21,0,2244.55,20.9,0,2249.25,20,0,2222.93,20.1,0,2215.48,20.6,0,2065.53,20.6,0,2416.68,20.7,0
"2025-11-26 03:00:00",3343,802,"Chapada_Low",11.86,2074.59,21.1,0,2136.09,20.7,0,2256.05,20.9,0,2245.07,20.8,0,2248.38,20,0,2221.19,20,0,2217.87,20.6,0,2066.19,20.5,0,2416.68,20.6,0
"2025-11-26 03:15:00",3344,802,"Chapada_Low",11.86,2074.26,21.2,0,2137.7,20.7,0,2256.52,20.9,0,2244.64,20.7,0,2249.26,20,0,2220.41,20.1,0,2216.88,20.6,0,2066.07,20.6,0,2416.6,20.7,0
"2025-11-26 03:30:00",3345,802,"Chapada_Low",11.86,2074.97,21.3,0,2137.55,20.8,0,2257.22,21.1,0,2245.01,20.9,0,2249.42,20.3,0,2219.68,20.3,0,2216.41,20.7,0,2068.11,20.7,0,2414.84,20.8,0
"2025-11-26 03:45:00",3346,802,"Chapada_Low",11.86,2076.44,21.4,0,2137.29,20.9,0,2256.95,21.1,0,2244.84,20.9,0,2248.39,20.3,0,2221.91,20.3,0,2217.39,20.7,0,2068.72,20.7,0,2414.78,20.9,0
"2025-11-26 04:00:00",3347,802,"Chapada_Low",11.86,2076.61,21.4,0,2137.88,20.8,0,2257.26,21.1,0,2245.26,20.9,0,2249.1,20.3,0,2221.11,20.4,0,2218.99,20.8,0,2067.07,20.7,0,2414.3,20.9,0
"2025-11-26 04:15:00",3348,802,"Chapada_Low",11.86,2076.2,21.3,0,2138.76,20.8,0,2257.55,21,0,2244.35,20.9,0,2248.9,20.2,0,2221.02,20.3,0,2220.36,20.7,0,2069.4,20.6,9,2414.58,20.8,0
"2025-11-26 04:30:00",3349,802,"Chapada_Low",11.86,2076.69,21.2,5,2138.44,20.7,0,2257.69,20.9,0,2244.44,20.8,0,2248.66,20.1,0,2221.29,20.2,0,2217,20.6,0,2068.56,20.5,0,2415.85,20.7,0
"2025-11-26 04:45:00",3350,802,"Chapada_Low",11.86,2076.76,21.2,0,2138.44,20.7,0,2257.06,20.9,0,2244.51,20.8,0,2247.74,20.2,0,2219.72,20.2,3,2218.52,20.6,0,2068.49,20.5,0,2415.49,20.7,0
"2025-11-26 05:00:00",3351,802,"Chapada_Low",11.86,2075.03,21.1,0,2138.08,20.7,0,2257.91,20.9,0,2244.87,20.8,0,2249.21,20.1,0,2219.96,20.2,0,2217.6,20.6,0,2069.14,20.5,3,2415.46,20.7,0
"2025-11-26 05:15:00",3352,802,"Chapada_Low",11.86,2076.64,21.1,0,2138.83,20.6,0,2257.89,20.8,0,2244.52,20.8,0,2248.31,20,0,2217.93,20.1,0,2217.54,20.6,0,2070,20.5,0,2415.05,20.6,0
"2025-11-26 05:30:00",3353,802,"Chapada_Low",11.86,2076.57,21,0,2139.18,20.6,0,2258.45,20.7,0,2243.86,20.7,1,2247.83,19.9,0,2218.79,20.1,0,2217.5,20.5,0,2070,20.5,0,2415.25,20.6,0
"2025-11-26 05:45:00",3354,802,"Chapada_Low",11.86,2075.5,21,0,2138.63,20.5,0,2258.12,20.7,0,2244.1,20.6,6,2248.53,19.9,0,2217.23,20,0,2218.95,20.4,0,2070.75,20.4,0,2416.53,20.6,0
"2025-11-26 06:00:00",3355,802,"Chapada_Low",11.86,2076.58,20.9,0,2138.56,20.5,0,2258.79,20.7,0,2244.72,20.6,11,2247.95,19.9,0,2217.69,20,0,2228.13,20.4,0,2070.4,20.4,0,2417.72,20.6,0
"2025-11-26 06:15:00",3356,802,"Chapada_Low",11.86,2077.99,20.9,0,2138.8,20.5,0,2259.4,20.8,0,2245.01,20.6,0,2248.27,19.9,0,2218.57,20,1,2225.81,20.4,0,2071.5,20.4,0,2417.2,20.5,0
"2025-11-26 06:30:00",3357,802,"Chapada_Low",11.85,2076.85,21,0,2139.12,20.6,0,2259.2,20.8,0,2244.6,20.6,0,2246.67,20,12,2219.15,20.1,13,2228.07,20.4,0,2071.77,20.5,0,2416.54,20.6,1
"2025-11-26 06:45:00",3358,802,"Chapada_Low",11.86,2077.49,21.1,0,2139.55,20.6,0,2258.34,20.9,0,2245.48,20.7,0,2247.96,20.2,0,2219.39,20.2,0,2226.4,20.5,0,2072.68,20.6,0,2417.33,20.7,0
"2025-11-26 07:00:00",3359,802,"Chapada_Low",11.86,2077.63,21.3,0,2139.94,20.8,0,2258.98,21.1,0,2245.26,20.8,0,2248.26,20.4,0,2222.32,20.5,1,2222.47,20.7,4,2072.27,20.8,2,2415.76,20.9,5
"2025-11-26 07:15:00",3360,802,"Chapada_Low",11.86,2075.99,21.8,0,2139.97,21.1,10,2259.04,21.5,0,2244.71,21.2,0,2247.96,20.8,0,2221.4,21.1,4,2223.06,21.2,0,2073.33,21.2,0,2414.81,21.5,0
"2025-11-26 07:30:00",3361,802,"Chapada_Low",11.86,2077.22,22.4,0,2140.09,21.5,0,2259.2,22,0,2244.66,21.6,0,2245.3,21.3,0,2219.1,21.5,0,2221.27,21.6,0,2071.52,21.8,0,2413.7,22.2,0
"2025-11-26 07:45:00",3362,802,"Chapada_Low",11.86,2076.89,23.4,0,2138.89,22.2,8,2259.3,22.8,0,2243.61,22.3,0,2244.88,22.1,0,2219.71,22.4,0,2222.04,22.3,0,2070.58,22.6,0,2414.56,23.2,0
"2025-11-26 08:00:00",3363,802,"Chapada_Low",11.86,2077.58,23.5,0,2139.43,22.5,0,2259.16,22.9,0,2242.65,22.4,0,2245.89,22.1,0,2218.37,22.4,4,2221.15,22.4,0,2069.45,22.7,0,2413.19,23.2,0
"2025-11-26 08:15:00",3364,802,"Chapada_Low",11.86,2077.19,23.5,0,2138.65,22.5,0,2258.34,23.1,0,2242,22.5,0,2245.56,22.2,0,2215.37,22.4,0,2219.77,22.6,0,2068.29,22.8,0,2413.03,23.2,0
"2025-11-26 08:30:00",3365,802,"Chapada_Low",11.86,2075.43,23.6,0,2137.56,22.6,0,2257.98,23.2,0,2241.17,22.7,0,2244.99,22.4,0,2213.81,22.4,0,2217.01,22.7,0,2069.11,22.9,5,2410.97,23.2,0
"2025-11-26 08:45:00",3366,802,"Chapada_Low",11.86,2077.14,23.7,0,2137.51,22.6,0,2257.62,23.3,0,2240.49,22.7,0,2244.43,22.5,0,2210.45,22.8,0,2216.6,22.8,0,2066.19,23,0,2410.3,23.4,0
"2025-11-26 09:00:00",3367,802,"Chapada_Low",11.86,2076.73,24,0,2136.71,22.9,0,2257.46,23.6,0,2237.81,22.9,2,2244.95,22.6,0,2209.02,23,0,2216.59,23.3,3,2067.06,23.3,0,2411.93,23.7,0
"2025-11-26 09:15:00",3368,802,"Chapada_Low",11.86,2077.48,24.7,0,2136.49,23.4,0,2259.46,24.2,0,2236.56,23.4,0,2243.44,23.3,0,2214.3,23.6,0,2214.07,23.8,0,2065.45,24.3,0,2410.17,24.5,0
"2025-11-26 09:30:00",3369,802,"Chapada_Low",11.86,2077.17,25.8,0,2136.82,24.3,0,2257.58,25.2,0,2234.95,24.3,0,2240.27,24.5,0,2209.54,24.6,0,2212.93,24.8,0,2063.42,25.3,0,2408.28,26.4,0
"2025-11-26 09:45:00",3370,802,"Chapada_Low",11.86,2075.23,26.5,0,2135.7,24.9,0,2257.75,25.8,0,2233.18,24.9,0,2238.81,24.8,0,2203.7,25.1,0,2210.23,25.3,4,2060.77,25.8,0,2406.32,26.8,0
"2025-11-26 10:00:00",3371,802,"Chapada_Low",11.86,2074.31,26.7,0,2133.53,25.4,3,2257.68,26.3,0,2232.22,25.2,6,2237.34,25,0,2200.37,25.3,2,2206.73,25.6,0,2059.03,26.1,0,2405.36,27,0
"2025-11-26 10:15:00",3372,802,"Chapada_Low",11.86,2074.59,27.8,0,2132.32,26.2,0,2256.81,27.5,0,2229,27,0,2233.82,26.5,0,2196.75,26.4,0,2199.94,26.8,0,2055.58,27.4,0,2403.3,28.8,0
"2025-11-26 10:30:00",3373,802,"Chapada_Low",11.86,2073.72,29,0,2131.35,27.1,0,2254.07,28.6,0,2228.32,28.2,0,2229.2,28.6,0,2193.29,27.4,0,2196.69,28.1,0,2052.93,28.8,0,2399.47,30.6,0
"2025-11-26 10:45:00",3374,802,"Chapada_Low",11.86,2072.5,30.2,0,2130.34,28,0,2252.94,29.7,0,2224.64,29.5,0,2225.19,29.3,0,2189.31,29.5,0,2191.26,29.5,0,2048.6,30.2,0,2394.31,32.1,0
"2025-11-26 11:00:00",3375,802,"Chapada_Low",11.86,2071.89,31.1,0,2128.83,28.7,2,2252.54,30.7,0,2222.93,30.1,0,2221.1,29.6,0,2185.14,29.5,0,2187.55,31.1,0,2046.57,31.4,0,2391.92,32.9,0
"2025-11-26 11:15:00",3376,802,"Chapada_Low",11.86,2070.83,32.3,0,2126.72,29.6,0,2251.45,32.3,0,2217.57,31.7,0,2217.01,30.3,1,2179.51,29.9,0,2184.62,32.3,0,2042.67,32.9,0,2388.08,35.2,0
"2025-11-26 11:30:00",3377,802,"Chapada_Low",11.86,2070.03,32.4,0,2124.52,29.4,0,2248.05,32.2,0,2217.17,31.1,0,2214.77,29.5,0,2177.34,29.3,0,2181.85,32,0,2039.74,32.2,0,2386.93,34.2,1
"2025-11-26 11:45:00",3378,802,"Chapada_Low",11.86,2069.11,32,0,2123.11,29.7,0,2246.16,31.6,0,2216.08,30.3,0,2214.58,29,1,2173.24,28.9,4,2178.91,31.5,0,2038.21,31.5,0,2385.75,33.2,0
"2025-11-26 12:00:00",3379,802,"Chapada_Low",11.86,2068.82,32.7,0,2123.72,29.9,0,2245.08,32.7,1,2212.91,30.8,0,2211.46,30.1,0,2169.69,29.8,0,2177.23,32.5,0,2037.62,31.9,0,2384.57,34.4,0
"2025-11-26 12:15:00",3380,802,"Chapada_Low",11.85,2067.48,33.9,0,2122.86,30.1,0,2242.62,33,0,2213.21,31.6,0,2207.9,31.2,0,2166.28,30.6,0,2173.63,34,0,2035.61,32,0,2381.62,36.9,0
"2025-11-26 12:30:00",3381,802,"Chapada_Low",11.85,2066.32,34.8,0,2120.61,30.6,0,2241.46,32.8,5,2210.3,31.2,1,2205.97,31.3,0,2163.93,32.3,0,2169.37,35.5,0,2033.59,32.4,0,2376.72,38.5,0
"2025-11-26 12:45:00",3382,802,"Chapada_Low",11.85,2065.27,36,0,2117.78,32,0,2238.46,34.2,0,2211.01,31.1,0,2204.55,30.7,4,2161.31,32.3,0,2167.69,36,0,2031.68,33.4,0,2373.26,39.5,0
"2025-11-26 13:00:00",3383,802,"Chapada_Low",11.86,2064.66,36.4,0,2114.52,33.2,0,2236.67,35.9,0,2207.67,31.4,0,2201.01,30.7,0,2156.47,32.7,0,2167.53,36.3,0,2029.45,35.1,0,2369.43,41.7,0
"2025-11-26 13:15:00",3384,802,"Chapada_Low",11.86,2062.81,36,0,2113.58,33.3,0,2234.29,36.1,0,2208,31.2,0,2200.56,30,0,2152.34,31.7,0,2160.93,35.2,0,2026.61,34.8,0,2370.21,39.8,0
"2025-11-26 13:30:00",3385,802,"Chapada_Low",11.85,2061.73,34.9,0,2111.94,33.1,0,2233.23,36.2,0,2206.17,31.2,3,2198.6,29.7,0,2148.46,31.1,2,2159.99,34.8,0,2026.2,34.7,0,2370.28,37.3,0
"2025-11-26 13:45:00",3386,802,"Chapada_Low",11.85,2061.78,34,0,2112.56,32.2,0,2231.7,35.3,20,2204.22,30.9,0,2196.35,29,0,2147.2,30.2,0,2158.45,33.8,0,2025.17,33.5,0,2369.82,35.3,0
"2025-11-26 14:00:00",3387,802,"Chapada_Low",11.85,2062.05,34.8,0,2112.2,32.4,0,2230.37,36.5,11,2203.21,32.1,0,2194.87,29.3,0,2144.74,30.7,0,2156.62,34.6,0,2024.77,33.6,7,2368.4,35.7,0
"2025-11-26 14:15:00",3388,802,"Chapada_Low",11.85,2061.85,33.4,2,2110.7,30.9,0,2227.86,34.1,0,2203.24,30.9,0,2193.89,29.2,0,2142.38,29.3,0,2155.09,32.9,0,2024.1,31.9,0,2369.98,33.5,0
"2025-11-26 14:30:00",3389,802,"Chapada_Low",11.86,2061.49,31.6,0,2110.54,29.6,1,2226.26,31.8,0,2204.13,29.4,0,2194,27.7,0,2143.66,28.6,4,2154.95,31.2,0,2024.83,30.4,0,2374.53,31.4,0
"2025-11-26 14:45:00",3390,802,"Chapada_Low",11.86,2061.45,30.4,0,2111.26,28.4,0,2223.9,30.1,0,2204.91,28.5,5,2195.37,26.9,0,2141.93,27.4,0,2155.11,30,0,2026.63,29.4,0,2376.36,30.1,0
"2025-11-26 15:00:00",3391,802,"Chapada_Low",11.86,2062.22,29.5,0,2111.44,27.4,0,2224.18,29.1,0,2205.21,27.9,0,2195.32,26.3,0,2142.94,26.6,0,2155.57,29,0,2027.39,28.7,0,2378.4,29.4,7
"2025-11-26 15:15:00",3392,802,"Chapada_Low",11.85,2061.22,28.4,0,2113.57,26.6,0,2226.23,28,0,2204.07,27.2,0,2196.08,25.5,0,2143.28,25.7,2,2158.59,27.9,0,2029.79,27.6,0,2381.47,28.3,2
"2025-11-26 15:30:00",3393,802,"Chapada_Low",11.86,2061.69,27.5,0,2113.94,26.1,0,2224.52,27,0,2204.15,26.4,2,2195.08,24.9,0,2144.06,25.1,0,2159.59,26.9,0,2030.86,26.7,0,2382.94,27.1,0
"2025-11-26 15:45:00",3394,802,"Chapada_Low",11.85,2061.54,26.9,0,2113.74,25.6,0,2226.57,26.5,0,2206.2,25.8,9,2196.1,24.5,0,2144.21,24.6,0,2160.57,26,0,2031.5,26.1,0,2385.32,26.4,0
"2025-11-26 16:00:00",3395,802,"Chapada_Low",11.85,2063.92,26.3,0,2114.56,25.2,0,2224.96,25.9,0,2206.93,25.4,0,2196.5,24.2,0,2145.23,24.2,8,2160.27,25.5,0,2033.45,25.6,0,2385.37,25.7,0
"2025-11-26 16:15:00",3396,802,"Chapada_Low",11.85,2064.16,25.4,0,2115.03,24.4,0,2226.13,25.2,19,2206.62,24.6,0,2197.13,23.6,0,2146.22,23.5,0,2158.97,24.6,0,2033.44,24.9,0,2386.7,24.7,0
"2025-11-26 16:30:00",3397,802,"Chapada_Low",11.86,2063.12,24,0,2115.07,23.5,0,2227.78,24.1,0,2209.44,23.7,0,2199.38,22.5,0,2148.09,22.4,0,2163.85,23.5,0,2034.62,23.7,0,2391.88,23.3,0
"2025-11-26 16:45:00",3398,802,"Chapada_Low",11.86,2064.22,23.3,0,2115.88,22.9,0,2229.68,23.6,17,2210.13,23.3,0,2201.78,22,0,2150.09,22,0,2165.22,23,0,2038.01,23.1,6,2394.19,23,0
"2025-11-26 17:00:00",3399,802,"Chapada_Low",11.86,2065.63,23.1,0,2116.94,22.8,0,2230.47,23.4,0,2211.99,23.1,0,2201.69,22,0,2150.99,21.8,0,2165.93,22.9,0,2041.45,22.8,0,2396.05,22.9,0
"2025-11-26 17:15:00",3400,802,"Chapada_Low",11.86,2067.06,22.9,0,2117,22.6,0,2230.73,23.2,0,2212.46,23,0,2201.04,21.9,0,2152.06,21.8,0,2164.59,22.7,0,2041.31,22.7,0,2399.09,22.7,0
"2025-11-26 17:30:00",3401,802,"Chapada_Low",11.86,2067.2,22.7,0,2117.31,22.5,0,2231.68,23,0,2212.81,22.8,7,2201.91,21.8,1,2152.12,21.6,0,2167.37,22.5,0,2044.69,22.5,0,2400.11,22.5,0
"2025-11-26 17:45:00",3402,802,"Chapada_Low",11.86,2068.01,22.6,0,2118.5,22.4,0,2233.45,23,0,2215.37,22.8,0,2202.45,21.8,0,2153.26,21.7,0,2168.25,22.4,0,2046.4,22.5,0,2398.58,22.5,0
"2025-11-26 18:00:00",3403,802,"Chapada_Low",11.86,2068.77,22.7,0,2118.75,22.4,0,2233.11,23,0,2215.28,22.7,0,2202.62,22,0,2154.2,21.7,0,2168.06,22.5,0,2046.34,22.5,0,2399.21,22.5,0
"2025-11-26 18:15:00",3404,802,"Chapada_Low",11.86,2069.45,22.6,0,2120.28,22.3,0,2233.29,22.9,0,2216.33,22.5,0,2202.82,21.9,0,2152.59,21.7,0,2168.14,22.4,0,2048.4,22.4,0,2401.81,22.4,0
"2025-11-26 18:30:00",3405,802,"Chapada_Low",11.86,2069.6,22.5,0,2120.44,22.3,2,2233.42,22.8,0,2217.05,22.5,0,2202.03,21.8,0,2154.53,21.6,0,2169.05,22.4,0,2048.76,22.4,1,2401.98,22.3,0
"2025-11-26 18:45:00",3406,802,"Chapada_Low",11.86,2070.03,22.4,0,2122.18,22.2,0,2234.01,22.6,0,2216.92,22.4,0,2204.03,21.7,0,2155.28,21.5,0,2167.49,22.2,0,2048.26,22.3,0,2402.55,22.3,0
"2025-11-26 19:00:00",3407,802,"Chapada_Low",11.86,2070.46,22.3,0,2122.05,22,0,2233.71,22.5,0,2217.55,22.2,0,2204.52,21.5,0,2155.71,21.3,0,2169.56,22,0,2049.53,22.1,0,2402.97,22.1,0
"2025-11-26 19:15:00",3408,802,"Chapada_Low",11.86,2069.68,22.1,0,2122.11,21.9,0,2234.96,22.3,0,2218.09,22.1,4,2205.15,21.3,1,2155.91,21.1,0,2168.05,21.8,0,2050.36,21.9,0,2402.38,21.8,0
"2025-11-26 19:30:00",3409,802,"Chapada_Low",11.86,2071.17,22,0,2122.37,21.8,0,2234.96,22.2,0,2218.31,22,0,2205.67,21.3,0,2155.59,21.1,0,2168.18,21.7,0,2053.18,21.8,0,2403.21,21.7,0
"2025-11-26 19:45:00",3410,802,"Chapada_Low",11.86,2071.34,22,0,2123.99,21.7,0,2235.03,22.1,0,2219.01,21.9,0,2204.58,21.2,1,2156.87,21,0,2169.14,21.6,3,2053.39,21.7,0,2403.42,21.6,0
"2025-11-26 20:00:00",3411,802,"Chapada_Low",11.86,2072.2,21.9,0,2123.91,21.6,0,2235.58,22,0,2218.87,21.8,0,2206.04,21.1,0,2158.11,20.9,0,2169.6,21.5,0,2052.83,21.6,0,2403.69,21.6,0
"2025-11-26 20:15:00",3412,802,"Chapada_Low",11.86,2070.34,21.9,0,2124.46,21.6,0,2235.5,22,19,2219.83,21.7,1,2206.92,21.1,0,2158.49,20.9,0,2167.96,21.4,0,2053.89,21.6,0,2404.37,21.5,0
"2025-11-26 20:30:00",3413,802,"Chapada_Low",11.86,2071.71,21.8,0,2124.44,21.5,0,2237.07,21.9,0,2220.04,21.7,0,2206.5,21.1,0,2159.49,20.9,0,2169.22,21.4,0,2055.7,21.5,0,2406.24,21.4,0
"2025-11-26 20:45:00",3414,802,"Chapada_Low",11.86,2072.38,21.7,0,2125.09,21.4,0,2236.43,21.8,0,2219.54,21.6,0,2206.79,21,0,2159.77,20.8,0,2169.37,21.3,0,2056.8,21.4,0,2404.23,21.4,0
"2025-11-26 21:00:00",3415,802,"Chapada_Low",11.86,2071.44,21.7,0,2125.47,21.4,0,2237.27,21.8,0,2219.85,21.5,0,2207.55,20.9,0,2161.19,20.7,0,2169.88,21.2,0,2057.36,21.4,0,2406.49,21.3,0
"2025-11-26 21:15:00",3416,802,"Chapada_Low",11.86,2072.81,21.6,0,2125.36,21.4,0,2237.25,21.7,4,2220.51,21.5,0,2207.55,20.8,0,2163.88,20.7,4,2170.71,21.1,0,2057.87,21.3,0,2407.21,21.2,0
"2025-11-26 21:30:00",3417,802,"Chapada_Low",11.86,2073.41,21.6,0,2124.48,21.3,0,2237.86,21.7,0,2220.37,21.4,0,2206.71,20.8,0,2165.11,20.6,0,2169.55,21.1,0,2058.1,21.3,0,2405.66,21.2,0
"2025-11-26 21:45:00",3418,802,"Chapada_Low",11.86,2073.12,21.5,0,2125.16,21.2,0,2238.17,21.6,0,2221.53,21.4,0,2208.45,20.8,0,2167.24,20.6,1,2169.92,21.1,0,2059.43,21.2,0,2406.19,21.2,0
"2025-11-26 22:00:00",3419,802,"Chapada_Low",11.86,2073.15,21.5,0,2124.97,21.2,0,2238.01,21.6,4,2220.26,21.3,0,2208.12,20.8,0,2166.74,20.6,0,2169.77,21,0,2059.84,21.2,0,2406.23,21.1,0
"2025-11-26 22:15:00",3420,802,"Chapada_Low",11.86,2072.99,21.4,0,2125.72,21.2,0,2239.41,21.5,0,2220.71,21.3,0,2209.2,20.7,0,2165.46,20.6,0,2170.05,20.9,0,2059.44,21.1,0,2406.28,21.1,0
"2025-11-26 22:30:00",3421,802,"Chapada_Low",11.86,2073.39,21.4,0,2127.37,21.1,0,2239.38,21.5,0,2220.79,21.2,0,2209.8,20.6,1,2166.32,20.5,0,2169.62,20.9,0,2058.07,21,0,2406.73,21,0
"2025-11-26 22:45:00",3422,802,"Chapada_Low",11.86,2074.01,21.4,0,2126.8,21.1,0,2239.83,21.4,0,2220.99,21.2,0,2209.23,20.6,0,2165.63,20.5,0,2169.76,20.8,0,2060.25,21,0,2407.65,21,0
"2025-11-26 23:00:00",3423,802,"Chapada_Low",11.86,2073.15,21.4,0,2126,21.1,0,2240.24,21.4,0,2220.71,21.2,3,2209.8,20.6,0,2165.01,20.4,0,2169.88,20.8,0,2059.79,21,0,2406.88,21,0
"2025-11-26 23:15:00",3424,802,"Chapada_Low",11.86,2074.44,21.3,0,2127.74,21,0,2240.16,21.3,0,2222.07,21.1,0,2209.6,20.6,0,2165.85,20.4,0,2170.1,20.8,0,2059.23,21,0,2407.27,20.9,0
"2025-11-26 23:30:00",3425,802,"Chapada_Low",11.86,2074.39,21.3,0,2126.95,21,0,2240.4,21.3,0,2221.47,21.1,0,2209.32,20.6,0,2164.13,20.4,0,2170.16,20.8,0,2062.27,21,0,2409.13,20.9,0
"2025-11-26 23:45:00",3426,802,"Chapada_Low",11.86,2074.96,21.2,0,2127.61,20.9,0,2240.91,21.3,0,2221.3,21.1,0,2209.94,20.5,0,2165.23,20.3,0,2170.24,20.8,0,2060.6,20.9,0,2407.46,20.9,0
"2025-11-27 00:00:00",3427,802,"Chapada_Low",11.86,2074.73,21.2,0,2128.08,20.9,0,2240.86,21.3,0,2221.24,21,0,2209.06,20.5,0,2166.92,20.3,0,2172.26,20.7,0,2061.34,20.9,0,2409.65,20.9,5
"2025-11-27 00:15:00",3428,802,"Chapada_Low",11.86,2075.36,21.2,0,2127.61,20.9,0,2240.56,21.2,0,2222.51,21,0,2210.12,20.4,0,2165.45,20.3,0,2170.47,20.6,0,2063.45,20.8,0,2408.18,20.8,0
"2025-11-27 00:30:00",3429,802,"Chapada_Low",11.86,2074.96,21.1,0,2127.07,20.8,0,2241.34,21.1,3,2221.99,21,0,2209.81,20.3,0,2165.58,20.2,0,2170.82,20.5,0,2062.26,20.7,0,2410.44,20.7,0
"2025-11-27 00:45:00",3430,802,"Chapada_Low",11.86,2075.1,21,0,2127.27,20.7,0,2241.26,21,0,2221.97,20.9,0,2209.92,20.2,0,2162.95,20.1,0,2172.66,20.4,0,2062.39,20.6,5,2410.5,20.6,0
"2025-11-27 01:00:00",3431,802,"Chapada_Low",11.86,2075.47,20.8,0,2127.85,20.5,0,2241.87,20.8,0,2222.95,20.7,0,2210.44,20,0,2164.94,19.8,0,2172.39,20.2,0,2063.36,20.5,0,2409.09,20.4,0
"2025-11-27 01:15:00",3432,802,"Chapada_Low",11.86,2074.88,20.6,0,2128.87,20.3,0,2241.99,20.6,0,2222.88,20.5,0,2210.57,19.8,0,2166.77,19.6,0,2171.79,20.1,0,2064.93,20.3,0,2409.65,20.2,0
"2025-11-27 01:30:00",3433,802,"Chapada_Low",11.86,2075.74,20.5,0,2128.71,20.2,1,2242,20.5,0,2221.98,20.3,0,2211.67,19.6,0,2166.48,19.5,0,2173.65,19.9,0,2066.33,20.1,0,2409.55,20,0
"2025-11-27 01:45:00",3434,802,"Chapada_Low",11.86,2076.45,20.3,0,2128.77,20.1,0,2242.66,20.5,0,2222.75,20.3,0,2211.29,19.5,0,2167.06,19.2,0,2171.58,19.8,0,2066.39,20,0,2411.47,19.9,0
"2025-11-27 02:00:00",3435,802,"Chapada_Low",11.86,2075.42,20.3,0,2129.69,20,0,2242.95,20.4,0,2221.88,20.2,0,2211.83,19.4,0,2167.88,19.2,0,2171.5,19.6,0,2066.98,19.9,0,2411.69,19.8,0
"2025-11-27 02:15:00",3436,802,"Chapada_Low",11.86,2074.82,20.1,0,2128.77,19.8,0,2243.22,20.3,0,2223.06,20.1,0,2211.49,19.3,0,2168.65,19.1,0,2172.2,19.6,0,2067.59,19.7,0,2411.07,19.6,0
"2025-11-27 02:30:00",3437,802,"Chapada_Low",11.86,2076.46,20,0,2130.54,19.7,0,2242.87,20.1,0,2222.98,19.9,0,2210.45,19.2,0,2167.73,19,0,2172.04,19.4,0,2067.71,19.6,0,2410.54,19.5,0
"2025-11-27 02:45:00",3438,802,"Chapada_Low",11.86,2076.54,19.8,0,2130.29,19.5,0,2243,20,0,2222.49,19.8,0,2212.15,19,0,2168,18.8,0,2172.9,19.2,0,2068.42,19.5,0,2411.82,19.4,0
"2025-11-27 03:00:00",3439,802,"Chapada_Low",11.86,2075.04,19.7,0,2130.99,19.4,0,2243.97,19.7,0,2223.59,19.7,0,2212.81,18.8,0,2169.03,18.7,0,2173.27,19.1,2,2069.06,19.3,0,2411.81,19.2,0
"2025-11-27 03:15:00",3440,802,"Chapada_Low",11.86,2075.31,19.6,0,2129.71,19.3,0,2242.84,19.7,0,2223.62,19.5,0,2212.11,18.7,4,2171.35,18.6,0,2172.61,19,0,2070.15,19.3,0,2411.29,19.1,1
"2025-11-27 03:30:00",3441,802,"Chapada_Low",11.86,2076.84,19.5,0,2131.93,19.3,0,2244.42,19.7,0,2223.77,19.5,0,2211.96,18.7,0,2172.81,18.4,0,2174.1,18.9,0,2070.99,19.2,0,2411.82,19.1,0
"2025-11-27 03:45:00",3442,802,"Chapada_Low",11.86,2076.34,19.5,3,2131.42,19.2,0,2244.72,19.6,0,2223.13,19.4,30,2212.18,18.6,1,2172.95,18.4,0,2173.2,19,0,2071.78,19.1,0,2412.8,19,0
"2025-11-27 04:00:00",3443,802,"Chapada_Low",11.86,2076.29,19.4,0,2131.27,19.1,0,2244.3,19.6,0,2223.56,19.4,0,2213.07,18.6,0,2173.24,18.5,0,2175.2,18.9,0,2073.47,19,0,2412.58,19,0
"2025-11-27 04:15:00",3444,802,"Chapada_Low",11.86,2076.72,19.3,0,2132.19,19,0,2244.82,19.6,0,2224.04,19.3,0,2211.93,18.5,0,2173.74,18.4,0,2174.78,18.8,0,2073.2,19,0,2413.17,18.9,0
"2025-11-27 04:30:00",3445,802,"Chapada_Low",11.86,2076.41,19.2,0,2131.84,18.9,0,2245.2,19.4,8,2223.52,19.2,5,2212.91,18.4,0,2174.05,18.3,5,2175.31,18.7,0,2075.51,18.9,11,2413.06,18.8,0
"2025-11-27 04:45:00",3446,802,"Chapada_Low",11.86,2076.74,19.2,0,2131.49,18.8,0,2245.19,19.3,0,2224.92,19.1,0,2213.47,18.3,0,2172.26,18.2,0,2175.87,18.6,0,2073.88,18.8,0,2412.92,18.7,0
"2025-11-27 05:00:00",3447,802,"Chapada_Low",11.86,2077.41,19.1,0,2132.71,18.8,0,2245.59,19.2,0,2224.76,19,0,2213.5,18.2,7,2174.52,18.1,0,2175.29,18.5,0,2073.63,18.8,0,2413.77,18.6,0
"2025-11-27 05:15:00",3448,802,"Chapada_Low",11.86,2077.25,19,0,2132.57,18.7,0,2245.84,19.2,0,2224.87,18.9,0,2213.55,18.1,0,2173.48,18.1,0,2175.06,18.5,0,2073.24,18.7,0,2413.57,18.6,0
"2025-11-27 05:30:00",3449,802,"Chapada_Low",11.86,2077.8,19,0,2132.62,18.7,0,2245.95,19.2,0,2225.08,18.9,0,2212.9,18.1,0,2174.95,18,0,2176.19,18.5,4,2073.24,18.7,0,2414.66,18.5,0
"2025-11-27 05:45:00",3450,802,"Chapada_Low",11.86,2076.79,19,0,2132.12,18.7,0,2246.13,19.2,0,2225.25,18.9,0,2213.88,18.1,0,2176.31,18,22,2175.22,18.4,0,2073.81,18.6,0,2414.67,18.5,0
"2025-11-27 06:00:00",3451,802,"Chapada_Low",11.86,2077.69,18.9,3,2131.8,18.6,0,2245.66,19.1,0,2225.12,18.8,0,2213.37,18,1,2175.79,17.9,0,2175.22,18.3,0,2074.67,18.4,0,2414.7,18.4,0
"2025-11-27 06:15:00",3452,802,"Chapada_Low",11.86,2078.05,18.9,0,2132.09,18.6,8,2246.92,19.1,11,2225.55,18.8,0,2213.31,18.1,0,2175.87,18,3,2177.46,18.3,3,2076.32,18.5,2,2414.54,18.5,0
"2025-11-27 06:30:00",3453,802,"Chapada_Low",11.85,2078.67,19.2,0,2134.01,18.8,0,2246.93,19.3,0,2225.91,19,0,2214.62,18.3,0,2179.3,18.2,0,2175.35,18.5,0,2075.73,18.7,0,2414.7,18.8,0
"2025-11-27 06:45:00",3454,802,"Chapada_Low",11.86,2078.26,19.5,0,2133.44,19,0,2247.57,19.5,0,2226,19.2,0,2213.42,18.7,4,2177.76,18.6,3,2176.48,18.9,0,2075.85,19,8,2414.13,19.1,0
"2025-11-27 07:00:00",3455,802,"Chapada_Low",11.86,2079.05,20.3,0,2133.47,19.7,0,2248.37,20.2,0,2225.64,19.9,0,2213.03,19.4,0,2177.23,19.5,0,2176.22,19.6,0,2075.69,19.5,0,2414.11,20,0
"2025-11-27 07:15:00",3456,802,"Chapada_Low",11.86,2080.22,21.6,0,2133.39,20.8,0,2248.19,21.3,0,2224.51,20.8,0,2210.89,20.5,0,2177.97,21.2,0,2173.83,20.5,0,2074.85,20.3,0,2411.98,21.3,0
"2025-11-27 07:30:00",3457,802,"Chapada_Low",11.86,2079.85,22.1,0,2133.46,21.1,0,2248.83,21.7,0,2224.39,21.2,0,2211.1,20.8,0,2176.72,21.2,2,2172.37,21.1,0,2075.63,20.9,0,2412.25,21.5,0
"2025-11-27 07:45:00",3458,802,"Chapada_Low",11.86,2078.49,22.4,0,2132.02,21.4,0,2247.82,21.9,4,2223.25,21.5,5,2210.88,21.1,0,2175.63,21.5,0,2172.18,21.5,0,2076.45,21.5,8,2412.36,21.9,0
"2025-11-27 08:00:00",3459,802,"Chapada_Low",11.86,2079.28,23.6,0,2131.91,22.3,0,2248.44,22.9,0,2221.48,22.5,0,2209.34,21.9,0,2173.88,23,4,2170.59,22.8,0,2073.32,22.7,0,2408.12,23.9,0
"2025-11-27 08:15:00",3460,802,"Chapada_Low",11.86,2078.5,25.1,0,2129.66,23.8,0,2248.79,24.2,0,2218.86,23.9,1,2207.6,23.1,0,2171.14,24.6,0,2170.74,24.3,0,2071.11,24,0,2406.21,25.1,0
"2025-11-27 08:30:00",3461,802,"Chapada_Low",11.86,2077.18,26.2,0,2129.89,24.8,0,2248.26,25.4,0,2217.78,24.8,1,2206.8,23.9,0,2166.92,25.7,0,2167.69,25.3,0,2070.04,24.8,0,2406.65,25.9,0
"2025-11-27 08:45:00",3462,802,"Chapada_Low",11.86,2076.14,26.9,0,2127.86,25.1,0,2247.98,26,0,2216.17,26,0,2203.42,25,0,2163.86,26.3,0,2165.71,26,0,2067.19,25.3,0,2404.25,26.5,0
"2025-11-27 09:00:00",3463,802,"Chapada_Low",11.86,2076.21,27.7,0,2125.5,25.7,0,2245.98,26.5,0,2213.32,26.5,0,2198.88,27,0,2161.3,26.9,0,2163.46,26.8,0,2064.09,26.1,0,2401.32,27.5,7
"2025-11-27 09:15:00",3464,802,"Chapada_Low",11.86,2074.9,29,0,2125.33,26.8,0,2247.95,27.8,13,2212.65,27.4,0,2197.46,27.9,0,2158.59,29,0,2161.01,28.1,0,2058.86,27.4,0,2398.53,28.9,0
"2025-11-27 09:30:00",3465,802,"Chapada_Low",11.86,2074.51,29.1,0,2123.32,27,0,2247,28.1,1,2211.52,27.5,0,2196.41,27.3,0,2156.14,28.2,0,2157.4,28.7,0,2059.37,28,0,2396.98,28.9,0
"2025-11-27 09:45:00",3466,802,"Chapada_Low",11.86,2073.39,29.4,0,2122.54,27.4,0,2243.67,28.4,0,2210.38,27.9,0,2193.96,27.7,0,2153.68,28,0,2154.55,28.7,0,2056.22,29,0,2394.39,30,0
"2025-11-27 10:00:00",3467,802,"Chapada_Low",11.86,2072.99,29.3,0,2120.61,27.3,0,2242.61,28.3,0,2208.68,28,0,2191.98,27.8,0,2152.45,27.7,0,2152.29,28.7,0,2055.31,28.9,0,2393.8,30,0
"2025-11-27 10:15:00",3468,802,"Chapada_Low",11.86,2072.5,30.9,0,2118.37,29.7,1,2242.1,30.2,0,2204.99,30.4,11,2187.44,30.4,1,2149.74,29.5,1,2149.87,30.8,0,2049.78,31,0,2387.48,33.1,0
"2025-11-27 10:30:00",3469,802,"Chapada_Low",11.86,2070.6,32.1,0,2116.42,30.4,0,2242.51,32.3,0,2202.04,31.9,0,2183.31,31.1,0,2148.54,30.3,0,2147.02,32.1,0,2046.64,32.3,0,2384.07,34.4,0
"2025-11-27 10:45:00",3470,802,"Chapada_Low",11.86,2070.49,31.2,0,2116.77,29.4,0,2240.02,31.1,11,2199.39,31.5,4,2182.33,30.3,0,2146.65,29.2,1,2146.52,31.1,0,2044.37,31.3,0,2383.48,32.8,0
"2025-11-27 11:00:00",3471,802,"Chapada_Low",11.86,2069.36,32.1,0,2114.56,30.4,0,2239.29,32.4,0,2198.03,32.9,0,2179.87,31.5,0,2144.29,30.9,0,2143.23,32.5,0,2042.09,32.8,0,2380.11,34.7,0
"2025-11-27 11:15:00",3472,802,"Chapada_Low",11.86,2068.92,33.1,0,2113.33,31.4,0,2237.55,34,0,2196.44,34.1,0,2177.17,31.8,0,2143.4,31.5,0,2138.99,34.9,0,2038.91,34.2,0,2376.23,36.1,0
"2025-11-27 11:30:00",3473,802,"Chapada_Low",11.85,2068.4,33.1,0,2111.24,31,0,2235.24,33.5,0,2194.01,33.2,0,2175.68,30.6,0,2139.87,30.5,5,2137.8,33.7,0,2036.34,34,0,2375.71,34.9,0
"2025-11-27 11:45:00",3474,802,"Chapada_Low",11.85,2067.3,33.2,0,2110.62,30.7,0,2234.29,33.5,0,2194.49,32.4,0,2174.13,30.9,0,2138.88,30.6,0,2136.88,33.5,0,2035.29,33.5,0,2375.21,35,0
"2025-11-27 12:00:00",3475,802,"Chapada_Low",11.85,2066.45,32.8,0,2110.8,30.5,9,2232.18,32.8,0,2192.53,31.5,0,2173.83,30.1,0,2138.79,29.8,0,2135.15,32.6,0,2033.74,32.6,0,2374.99,33.9,0
"2025-11-27 12:15:00",3476,802,"Chapada_Low",11.85,2065.37,32.2,0,2109.75,30.2,0,2230.65,32.1,1,2193.21,30.6,0,2172.95,29.5,0,2138.51,29.4,0,2134.5,32.1,0,2032.63,31.6,0,2374.09,33.5,0
"2025-11-27 12:30:00",3477,802,"Chapada_Low",11.85,2064.84,32.2,0,2108.45,29.9,0,2230.05,31.7,0,2194.41,30.6,0,2172.26,29.1,0,2137.88,29.4,0,2133.36,32.2,0,2033.32,31.3,0,2373.07,33.6,0
"2025-11-27 12:45:00",3478,802,"Chapada_Low",11.86,2065.26,32.2,0,2106.89,30,0,2229.62,31.9,0,2195.78,30.3,0,2170.43,30,0,2137.04,29.7,0,2133.5,32.4,0,2032.39,31.5,0,2371.86,34.1,0
"2025-11-27 13:00:00",3479,802,"Chapada_Low",11.85,2064.82,31.9,0,2106.38,29.9,0,2229.26,31.7,11,2194.45,29.8,0,2169.83,29,0,2137.06,30,0,2132.56,31.8,0,2031.57,31.3,0,2371.49,33.2,12
"2025-11-27 13:15:00",3480,802,"Chapada_Low",11.85,2064.31,32.7,0,2106.23,31.1,0,2227.57,33.5,23,2192.11,30.4,0,2168.39,29.6,0,2134.67,30.6,1,2130.71,32.9,0,2030.82,32.8,0,2369.03,35.1,0
"2025-11-27 13:30:00",3481,802,"Chapada_Low",11.86,2063.9,33,0,2105.46,31.2,3,2227.32,33.9,0,2192.73,30.6,0,2167.16,29.5,0,2134.22,30.4,0,2128.56,33,0,2028.04,33.3,0,2367.95,35.2,1
"2025-11-27 13:45:00",3482,802,"Chapada_Low",11.86,2063.2,32.7,0,2104.81,30.8,0,2225.8,33.4,0,2191.53,30.6,0,2167.01,29.2,0,2133.86,29.9,0,2126.61,32.4,0,2026.82,32.7,0,2368.57,34,0
"2025-11-27 14:00:00",3483,802,"Chapada_Low",11.86,2063.45,31.6,0,2104.49,30.1,0,2224.58,32,0,2191.77,29.8,11,2166.17,28.3,0,2133.24,28.8,0,2127.5,31.1,0,2027.26,31.2,0,2369.09,32.4,0
"2025-11-27 14:15:00",3484,802,"Chapada_Low",11.85,2062.61,30.4,0,2103.64,28.8,0,2222.27,30.4,0,2191.75,28.8,0,2166.72,27.4,0,2132.34,27.5,0,2128.28,29.7,0,2027.94,29.7,0,2372.85,30.6,0
"2025-11-27 14:30:00",3485,802,"Chapada_Low",11.86,2063.07,29.7,0,2104.69,28.1,0,2221.2,29.7,0,2191.91,28.5,0,2166.16,27.1,0,2135.83,26.9,0,2127.71,29.1,0,2028.26,28.9,0,2374.3,29.9,0
"2025-11-27 14:45:00",3486,802,"Chapada_Low",11.85,2062.18,28.3,0,2104.1,27.2,0,2222.6,28.3,0,2190.78,27.3,3,2167.96,26,0,2134.9,26.3,0,2131.1,27.6,0,2029.42,27.7,0,2375.96,28.6,0
"2025-11-27 15:00:00",3487,802,"Chapada_Low",11.85,2064.69,26.6,0,2104.77,26.1,0,2223.03,26.7,0,2193.63,25.9,0,2170.47,24.5,0,2136.67,25.2,0,2132.84,26.2,0,2031.42,26.4,0,2379.6,27.1,0
"2025-11-27 15:15:00",3488,802,"Chapada_Low",11.86,2065.26,26.2,0,2103.9,25.9,0,2223.63,26.9,0,2196.3,26,0,2171.55,24.6,0,2138.15,25.1,0,2134.95,26.2,0,2034.13,26.3,0,2382.1,27,0
"2025-11-27 15:30:00",3489,802,"Chapada_Low",11.86,2065.29,25.6,0,2104.21,25.5,0,2224.3,26.2,0,2196.77,25.5,0,2172.63,23.9,0,2139.14,24.5,0,2135.25,25.4,0,2035.12,25.7,0,2382.68,26.6,0
"2025-11-27 15:45:00",3490,802,"Chapada_Low",11.86,2066.85,25.7,0,2107.23,25.7,0,2227.58,26.6,0,2198.88,25.7,0,2173.44,24.4,0,2139.85,25,0,2137.68,25.6,0,2034.74,25.8,0,2386.17,26.6,0
"2025-11-27 16:00:00",3491,802,"Chapada_Low",11.86,2067.31,26.4,0,2107.31,26.8,0,2229.54,28,0,2199.13,26.4,0,2173.87,25.2,0,2138.76,25.8,0,2138.94,26.6,0,2038.18,26.5,0,2384.72,27.4,0
"2025-11-27 16:15:00",3492,802,"Chapada_Low",11.85,2065.55,27.3,0,2107.52,27.7,0,2226.96,29.3,0,2199.19,28.3,0,2172.41,26.2,0,2137.19,26.9,0,2137.74,27.8,0,2035.96,27.5,0,2382.92,28.6,0
"2025-11-27 16:30:00",3493,802,"Chapada_Low",11.86,2066.07,25.7,0,2107.11,26.2,0,2227.83,26.9,0,2198.77,26,0,2172.47,24.9,0,2138.58,24.4,0,2138.96,26,0,2037.43,25.8,0,2384.22,26.1,0
"2025-11-27 16:45:00",3494,802,"Chapada_Low",11.86,2066.28,24.4,0,2106.62,25,0,2227.91,25.2,0,2200.29,24.4,0,2173.93,23.3,0,2140.18,23.2,0,2139.83,24.5,0,2038,24.5,0,2388.1,24.5,0
"2025-11-27 17:00:00",3495,802,"Chapada_Low",11.86,2066.91,23.2,0,2105.06,23.9,0,2227.59,24.1,0,2201.12,23.4,0,2175.83,22.1,0,2142.31,21.9,0,2142.17,23.5,7,2039.08,23.4,0,2390.34,23.2,0
"2025-11-27 17:15:00",3496,802,"Chapada_Low",11.86,2068.94,22.3,0,2107.48,22.9,0,2228.14,23.2,0,2204.47,22.7,0,2178.73,21.1,0,2144.92,21.1,0,2144.34,22.4,0,2042.14,22.7,0,2392.15,22.5,0
"2025-11-27 17:30:00",3497,802,"Chapada_Low",11.86,2069.18,21.8,0,2107.77,22.3,0,2229.31,22.7,4,2206.38,22.3,0,2181.88,20.7,0,2149.18,20.7,1,2147.34,21.9,0,2045.99,22.2,0,2396.03,22.1,0
"2025-11-27 17:45:00",3498,802,"Chapada_Low",11.86,2070.04,21.5,0,2109.03,21.9,3,2231.05,22.4,0,2207.93,22,0,2182.3,20.5,0,2154.59,20.5,0,2149.57,21.5,0,2047.14,21.9,5,2396.04,21.7,0
"2025-11-27 18:00:00",3499,802,"Chapada_Low",11.86,2069.52,21.3,0,2111.21,21.6,0,2231.28,22.1,0,2209.48,21.7,0,2183.94,20.3,0,2157.96,20.3,0,2151.31,21.2,0,2048.28,21.6,0,2398.23,21.4,17
"2025-11-27 18:15:00",3500,802,"Chapada_Low",11.86,2071.83,21.2,0,2112.01,21.4,0,2232.21,22,0,2209.61,21.6,0,2185.46,20.3,0,2161.74,20.3,0,2152.33,21.1,0,2051.94,21.4,0,2399.25,21.3,0
"2025-11-27 18:30:00",3501,802,"Chapada_Low",11.86,2070.55,21.2,0,2111.86,21.4,0,2233.73,21.9,0,2210.82,21.5,0,2186.15,20.3,0,2163.9,20.3,0,2153.61,21,0,2052.36,21.3,6,2400.17,21.2,0
"2025-11-27 18:45:00",3502,802,"Chapada_Low",11.86,2071.58,21,0,2112.24,21.2,0,2234.34,21.7,0,2211.73,21.3,0,2187.62,20.1,0,2164.23,20.1,0,2155.14,20.9,0,2052.38,21.1,0,2403.59,21,0
"2025-11-27 19:00:00",3503,802,"Chapada_Low",11.86,2071.14,20.9,0,2112.51,21.1,0,2234.48,21.6,0,2212.09,21.1,0,2188.69,20.1,0,2163.64,20,0,2157.02,20.8,0,2056,21,0,2403.76,20.9,0
"2025-11-27 19:15:00",3504,802,"Chapada_Low",11.86,2071.26,20.9,0,2113.05,21,0,2234.87,21.5,0,2212.59,21.1,0,2190.18,20,2,2165.42,20,0,2158.05,20.7,0,2056.77,20.9,0,2403.89,20.8,0
"2025-11-27 19:30:00",3505,802,"Chapada_Low",11.86,2073.59,20.8,0,2112.87,20.9,0,2235.46,21.4,0,2212.73,21,0,2191.1,19.9,0,2167.15,19.9,0,2159.52,20.6,0,2057.05,20.8,0,2404.96,20.7,0
"2025-11-27 19:45:00",3506,802,"Chapada_Low",11.86,2073.84,20.8,0,2114.48,20.8,0,2235.63,21.2,0,2213.27,20.9,2,2191.55,19.9,0,2167.21,19.9,0,2160.04,20.5,0,2056.78,20.7,0,2403.21,20.7,0
"2025-11-27 20:00:00",3507,802,"Chapada_Low",11.86,2074.2,20.8,0,2114.71,20.8,0,2235.08,21.2,0,2213.18,20.8,0,2191.47,19.9,0,2168.22,19.9,0,2158.9,20.5,0,2058.08,20.7,0,2404.2,20.6,0
"2025-11-27 20:15:00",3508,802,"Chapada_Low",11.86,2074.74,20.7,0,2115.95,20.7,0,2235.88,21.1,0,2214.32,20.8,0,2191.87,19.9,0,2168.15,19.8,4,2160.96,20.4,0,2060.1,20.7,0,2403.94,20.6,0
"2025-11-27 20:30:00",3509,802,"Chapada_Low",11.86,2075.24,20.6,0,2115.91,20.6,0,2236.7,21,0,2214.41,20.7,0,2191.97,19.7,1,2166.99,19.8,0,2160.55,20.3,0,2060.64,20.6,0,2404.87,20.5,0
"2025-11-27 20:45:00",3510,802,"Chapada_Low",11.86,2074.22,20.6,0,2115.91,20.6,0,2236.93,21,12,2214.77,20.7,0,2192.23,19.8,0,2168.58,19.8,0,2161.59,20.3,0,2061.85,20.5,0,2404.89,20.5,0
"2025-11-27 21:00:00",3511,802,"Chapada_Low",11.86,2074.83,20.6,0,2115.77,20.6,0,2236.37,21,0,2215.19,20.7,0,2192.81,20,0,2167.1,19.7,0,2162.41,20.3,0,2062.18,20.6,0,2404.79,20.5,0
"2025-11-27 21:15:00",3512,802,"Chapada_Low",11.86,2074.56,20.5,0,2117.56,20.5,0,2236.84,20.8,0,2217.3,20.5,0,2194.73,19.8,0,2165.94,19.6,0,2163.23,20.3,0,2061.73,20.5,0,2405.56,20.4,0
"2025-11-27 21:30:00",3513,802,"Chapada_Low",11.86,2075.54,20.5,0,2117.99,20.5,0,2237.57,20.7,0,2217.48,20.4,0,2194.14,19.8,0,2168.86,19.5,0,2161.53,20.2,0,2061.8,20.4,0,2405.92,20.3,0
"2025-11-27 21:45:00",3514,802,"Chapada_Low",11.86,2076.14,20.5,0,2117.42,20.5,0,2237.24,20.7,0,2219.21,20.4,0,2195.79,19.9,0,2170.07,19.5,0,2163.45,20.3,0,2063.15,20.4,0,2406.43,20.3,0
"2025-11-27 22:00:00",3515,802,"Chapada_Low",11.86,2076.24,20.4,0,2116.57,20.5,0,2237.73,20.7,0,2220.31,20.4,0,2195.35,19.7,0,2171.78,19.4,0,2162.56,20.2,0,2063.65,20.3,0,2406.53,20.2,0
"2025-11-27 22:15:00",3516,802,"Chapada_Low",11.86,2075.26,20.3,0,2117.55,20.4,0,2238.46,20.5,9,2220.44,20.2,0,2195.42,19.6,0,2170.02,19.4,0,2161.41,20,0,2064.61,20.2,9,2408.45,20.1,0
"2025-11-27 22:30:00",3517,802,"Chapada_Low",11.86,2076.61,20.1,0,2116.63,20.3,0,2237.94,20.4,0,2221.28,20.1,0,2196.15,19.3,0,2170.94,19.2,4,2164.15,19.9,0,2064.37,20,0,2408.64,19.9,0
"2025-11-27 22:45:00",3518,802,"Chapada_Low",11.86,2075.32,20.1,0,2117.44,20.2,0,2238.36,20.3,16,2222.27,20,0,2199.4,19.2,0,2171.14,19.1,0,2164.75,19.8,0,2065.22,20,0,2407.5,19.8,10
"2025-11-27 23:00:00",3519,802,"Chapada_Low",11.86,2076.98,20.1,0,2117.33,20.1,0,2238.82,20.3,0,2222.13,20,0,2198.85,19.3,0,2171.31,19.1,0,2165.43,19.7,0,2065.57,19.9,0,2407.53,19.9,0
"2025-11-27 23:15:00",3520,802,"Chapada_Low",11.86,2075.38,20.1,0,2117.44,20,0,2239.01,20.3,0,2220.38,20,0,2201.09,19.3,0,2170.28,19.1,0,2163.48,19.7,0,2065.72,19.9,0,2407.41,19.8,0
"2025-11-27 23:30:00",3521,802,"Chapada_Low",11.86,2076.2,20.3,0,2118.02,20.1,0,2239.51,20.4,0,2220.27,20.1,0,2200.91,19.5,0,2172.23,19.4,0,2166.43,19.8,0,2066.14,20,0,2409.69,20,0
"2025-11-27 23:45:00",3522,802,"Chapada_Low",11.86,2077.36,20.3,0,2117.23,20.2,0,2240.09,20.5,0,2220.71,20.2,0,2200.8,19.6,0,2173.13,19.5,0,2164.4,19.9,0,2065.95,20.1,0,2409.31,20,0
"2025-11-28 00:00:00",3523,802,"Chapada_Low",11.86,2077.75,20.4,0,2117.69,20.2,0,2240.57,20.6,4,2221.37,20.3,0,2200.3,19.7,0,2172.78,19.6,0,2165.58,20,0,2067.35,20.1,0,2407.96,20.1,0
"2025-11-28 00:15:00",3524,802,"Chapada_Low",11.86,2077.17,20.4,0,2118.27,20.3,0,2241.77,20.6,0,2220.27,20.3,0,2200.73,19.8,0,2177.14,19.7,0,2167.92,20.1,0,2068.25,20.2,0,2408.5,20.2,0
"2025-11-28 00:30:00",3525,802,"Chapada_Low",11.86,2076.63,20.5,0,2117.67,20.3,0,2242.82,20.6,0,2221.15,20.3,0,2201.79,19.8,0,2185.4,19.7,0,2169.85,20.1,0,2068.52,20.2,0,2410.91,20.2,0
"2025-11-28 00:45:00",3526,802,"Chapada_Low",11.86,2077.51,20.5,0,2117.29,20.3,0,2243.86,20.6,0,2221.28,20.3,0,2202.89,19.8,4,2189.85,19.7,0,2181.51,20.1,0,2069.29,20.2,0,2409.87,20.2,0
"2025-11-28 01:00:00",3527,802,"Chapada_Low",11.86,2077.58,20.5,0,2117.52,20.3,0,2244.13,20.6,0,2221.66,20.3,0,2203.12,19.8,0,2195.05,19.7,0,2183.81,20.1,0,2070.02,20.2,0,2412.7,20.2,0
"2025-11-28 01:15:00",3528,802,"Chapada_Low",11.86,2077.23,20.4,0,2118.71,20.2,0,2244.75,20.6,0,2222.23,20.3,0,2203.28,19.7,0,2197.47,19.6,0,2185.65,20,0,2070.08,20.2,0,2411.2,20.1,0
"2025-11-28 01:30:00",3529,802,"Chapada_Low",11.86,2078,20.4,0,2118.57,20.2,0,2244.59,20.5,0,2222.69,20.3,0,2204.75,19.7,0,2198.78,19.6,0,2184.4,19.9,3,2070.28,20.2,0,2411.3,20.1,0
"2025-11-28 01:45:00",3530,802,"Chapada_Low",11.86,2078.9,20.4,0,2119.84,20.2,3,2245.7,20.5,0,2222.61,20.3,0,2205.21,19.7,0,2199.95,19.6,0,2186.84,19.9,0,2071.42,20.1,0,2413.19,20.1,0
"2025-11-28 02:00:00",3531,802,"Chapada_Low",11.86,2077.33,20.4,0,2119.56,20.2,0,2243.82,20.5,0,2222.4,20.3,0,2205.41,19.8,0,2200.68,19.7,0,2188.53,20,0,2072.36,20.1,0,2412.88,20.1,0
"2025-11-28 02:15:00",3532,802,"Chapada_Low",11.86,2078.76,20.4,0,2119.82,20.2,0,2243.88,20.5,0,2222.87,20.3,0,2205.94,19.8,0,2201.45,19.7,0,2189.64,20,0,2072.21,20.2,0,2411.64,20.1,0
"2025-11-28 02:30:00",3533,802,"Chapada_Low",11.86,2077.94,20.3,0,2119.08,20.2,0,2245.63,20.5,0,2223.31,20.3,0,2205.85,19.7,0,2202.2,19.6,0,2188.44,19.9,0,2073.65,20.1,0,2413.6,20.1,0
"2025-11-28 02:45:00",3534,802,"Chapada_Low",11.86,2078.94,20.4,0,2119.3,20.2,0,2245.87,20.6,0,2224,20.3,0,2206.52,19.7,0,2203.44,19.7,0,2189.67,20,0,2072.59,20.1,0,2412.59,20.2,0
"2025-11-28 03:00:00",3535,802,"Chapada_Low",11.86,2078.73,20.4,0,2119.09,20.3,0,2246.09,20.5,0,2223.81,20.3,0,2206.65,19.8,0,2204.82,19.7,0,2189.68,19.9,0,2073.66,20.2,0,2412.61,20.2,0
"2025-11-28 03:15:00",3536,802,"Chapada_Low",11.86,2079.62,20.4,7,2118.24,20.3,0,2246.24,20.5,0,2222.79,20.3,0,2206.62,19.8,0,2205.4,19.7,11,2190.65,19.9,0,2072.31,20.2,0,2413.95,20.2,0
"2025-11-28 03:30:00",3537,802,"Chapada_Low",11.86,2080.4,20.5,0,2119.25,20.3,0,2246.74,20.5,0,2223.46,20.3,0,2207.52,19.8,3,2205.95,19.7,0,2192.07,20,0,2073.18,20.2,0,2412.11,20.2,0
"2025-11-28 03:45:00",3538,802,"Chapada_Low",11.86,2080.8,20.5,0,2120.33,20.3,0,2246.6,20.6,0,2225.01,20.3,0,2207.72,19.8,0,2207.32,19.8,0,2191.91,20,0,2073.28,20.2,0,2413.06,20.2,0
"2025-11-28 04:00:00",3539,802,"Chapada_Low",11.86,2080.14,20.4,0,2119.82,20.3,3,2246.57,20.6,0,2222.76,20.3,0,2207.92,19.8,0,2208.34,19.7,8,2192.23,19.9,0,2073.51,20.2,0,2413.84,20.2,0
"2025-11-28 04:15:00",3540,802,"Chapada_Low",11.86,2080.6,20.3,0,2120.49,20.2,0,2247.54,20.5,0,2223.11,20.3,0,2208.73,19.7,0,2209.56,19.7,0,2189.83,19.9,0,2076.77,20.1,0,2412.92,20.2,0
"2025-11-28 04:30:00",3541,802,"Chapada_Low",11.86,2080.55,20.3,0,2120.25,20.2,0,2247.04,20.5,0,2223.33,20.2,0,2208.26,19.7,0,2209.97,19.6,7,2190.16,19.8,0,2077.5,20,0,2414.51,20.1,4
"2025-11-28 04:45:00",3542,802,"Chapada_Low",11.86,2080.45,20.3,0,2119.65,20.2,0,2248.17,20.5,0,2223.31,20.2,0,2208.25,19.6,0,2211.22,19.6,0,2188.93,19.8,0,2078.01,20.1,0,2412.97,20.1,0
"2025-11-28 05:00:00",3543,802,"Chapada_Low",11.86,2080.71,20.3,0,2120.48,20.1,0,2248.05,20.4,0,2222.71,20.2,0,2208.39,19.6,7,2211.57,19.6,0,2191.69,19.7,0,2078.02,20,0,2414.66,20.1,0
"2025-11-28 05:15:00",3544,802,"Chapada_Low",11.86,2081.06,20.2,0,2120.92,20,0,2248.44,20.3,0,2222.55,20.2,0,2209.51,19.6,0,2212.63,19.5,0,2189.45,19.7,7,2076.43,20,0,2415.42,20,0
"2025-11-28 05:30:00",3545,802,"Chapada_Low",11.86,2080.85,20.2,0,2120.4,20,0,2248.3,20.3,0,2222.74,20.1,0,2209.1,19.5,0,2215.53,19.5,0,2189.48,19.7,0,2077.31,19.9,0,2415.46,20,0
"2025-11-28 05:45:00",3546,802,"Chapada_Low",11.86,2080.62,20.2,0,2119.98,20.1,0,2248.87,20.3,0,2222.99,20.1,0,2210.2,19.5,0,2215.3,19.5,0,2189.84,19.7,0,2075.79,19.9,0,2414.88,20,0
"2025-11-28 06:00:00",3547,802,"Chapada_Low",11.86,2081.02,20.2,0,2120.95,20.1,0,2248.92,20.4,0,2222.83,20.1,0,2210.18,19.6,0,2216.7,19.5,0,2192.03,19.8,0,2076.78,20,0,2413.68,20,0
"2025-11-28 06:15:00",3548,802,"Chapada_Low",11.86,2081.54,20.2,0,2120.7,20.1,0,2249.01,20.4,0,2223.49,20.2,0,2211.36,19.6,0,2218.07,19.5,0,2191.86,19.8,0,2076.82,19.9,0,2414.38,20,0
"2025-11-28 06:30:00",3549,802,"Chapada_Low",11.86,2081.18,20.2,0,2121.52,20.1,0,2249.48,20.4,0,2223.58,20.2,0,2211.11,19.6,0,2220.65,19.6,0,2190.93,19.8,0,2076.2,20,0,2415.46,20.1,0
"2025-11-28 06:45:00",3550,802,"Chapada_Low",11.86,2081.5,20.3,0,2121.45,20.1,0,2248.77,20.5,0,2222.97,20.2,0,2210.41,19.7,0,2227.15,19.7,0,2191.57,19.8,0,2077.1,20.1,0,2413.14,20.1,0
"2025-11-28 07:00:00",3551,802,"Chapada_Low",11.86,2081.14,20.4,0,2120.63,20.3,3,2250,20.5,0,2223.59,20.3,8,2210.91,19.9,0,2221.04,19.8,0,2190.84,20,14,2076.58,20.2,0,2413.63,20.3,0
"2025-11-28 07:15:00",3552,802,"Chapada_Low",11.86,2081.54,20.6,0,2121.31,20.4,0,2250.53,20.7,0,2223.73,20.5,0,2210.59,20,0,2222.14,20,0,2191.49,20.2,0,2077.48,20.4,0,2413.85,20.5,0
"2025-11-28 07:30:00",3553,802,"Chapada_Low",11.86,2081.5,20.8,0,2120.33,20.6,0,2250.53,20.9,4,2223.61,20.6,0,2210.42,20.3,0,2222.1,20.2,0,2189.91,20.3,0,2079.18,20.5,0,2413.32,20.7,0
"2025-11-28 07:45:00",3554,802,"Chapada_Low",11.86,2082.35,20.9,0,2120.51,20.7,0,2250.88,21,0,2223.28,20.7,0,2210.07,20.4,0,2222.58,20.4,0,2189.7,20.5,0,2081.05,20.7,0,2413.24,20.8,0
"2025-11-28 08:00:00",3555,802,"Chapada_Low",11.86,2081.89,21,0,2120.36,20.8,0,2251,21.1,0,2223.71,20.9,0,2210.91,20.5,0,2222.87,20.5,2,2190.43,20.7,0,2082.65,20.8,0,2413.39,20.9,0
"2025-11-28 08:15:00",3556,802,"Chapada_Low",11.86,2081.93,21.1,0,2121.52,21,0,2250.86,21.3,0,2223.64,21,0,2210.28,20.6,0,2222.15,20.7,0,2190.53,20.8,0,2082.08,21,2,2414.25,21.1,0
"2025-11-28 08:30:00",3557,802,"Chapada_Low",11.86,2082.76,21.3,0,2122.41,21.1,0,2251.83,21.4,0,2223.53,21.1,5,2210.21,20.8,0,2222.5,20.8,0,2191.03,20.9,0,2079.76,21.1,0,2412.3,21.2,4
"2025-11-28 08:45:00",3558,802,"Chapada_Low",11.86,2081.59,21.4,0,2120.46,21.2,0,2251.11,21.5,0,2223.34,21.2,9,2211.11,20.9,0,2221.86,20.9,0,2191.34,21.1,0,2081.33,21.3,0,2413.86,21.3,0
"2025-11-28 09:00:00",3559,802,"Chapada_Low",11.86,2082.75,21.5,0,2120.72,21.3,0,2251.54,21.8,0,2222.75,21.4,0,2211.18,21,0,2222.31,21,0,2191.85,21.2,0,2081.53,21.5,0,2413.37,21.6,6
"2025-11-28 09:15:00",3560,802,"Chapada_Low",11.86,2082.35,21.7,0,2120,21.5,0,2251.98,21.9,0,2222.75,21.6,0,2211.53,21.3,0,2222,21.2,0,2191.98,21.3,0,2080.13,21.6,0,2414.47,21.8,0
"2025-11-28 09:30:00",3561,802,"Chapada_Low",11.85,2081.73,22,0,2120.69,21.7,0,2251.92,22.1,0,2222.45,21.8,0,2211.96,21.5,0,2221.92,21.7,0,2191.81,21.7,0,2077.94,21.9,0,2412.2,22.1,8
"2025-11-28 09:45:00",3562,802,"Chapada_Low",11.85,2083,22.2,0,2120.06,21.9,0,2251.63,22.3,8,2222.22,22,0,2211.59,21.6,0,2221.63,21.8,0,2192.22,22.1,0,2077.45,22.1,0,2412.44,22.4,0
"2025-11-28 10:00:00",3563,802,"Chapada_Low",11.86,2081.13,22.4,0,2120.38,22.1,0,2251.71,22.6,0,2222.09,22.3,0,2212.05,21.8,4,2218.58,22,0,2191.71,22.3,4,2076.58,22.7,0,2412.34,22.7,0
"2025-11-28 10:15:00",3564,802,"Chapada_Low",11.86,2082.65,22.7,0,2120.18,22.2,0,2251.7,22.9,0,2222.03,22.5,0,2211.6,22.1,0,2223.05,22.2,0,2193.23,22.7,0,2074.68,22.8,1,2411.09,23.4,0
"2025-11-28 10:30:00",3565,802,"Chapada_Low",11.86,2082.73,23.2,0,2119.67,22.8,0,2251.23,23.5,0,2219.01,23.1,0,2210.21,22.5,0,2221.7,22.7,0,2193.26,23.2,0,2075.71,23.2,0,2410.5,23.8,0
"2025-11-28 10:45:00",3566,802,"Chapada_Low",11.86,2082.37,23.5,0,2119.14,23.3,0,2251.45,24.1,0,2219.61,23.3,0,2209.59,22.7,0,2221.3,22.9,0,2192.57,23.3,0,2074.62,23.5,0,2411.39,24,0
"2025-11-28 11:00:00",3567,802,"Chapada_Low",11.85,2082.44,23.9,0,2119,23.5,0,2253.54,24.6,0,2217.79,24,0,2210,23,0,2220.46,23.2,0,2192.7,23.7,0,2073.01,23.9,0,2410.76,24.4,1
"2025-11-28 11:15:00",3568,802,"Chapada_Low",11.85,2081.58,25,0,2118.63,24.6,0,2254.13,25.9,0,2215.42,25.4,0,2208.16,25.6,0,2217.3,24.3,0,2191.06,25.1,0,2071.45,25.3,13,2407.98,26.2,0
"2025-11-28 11:30:00",3569,802,"Chapada_Low",11.85,2079.86,26.4,0,2117.33,26,0,2252.98,27.5,0,2214.1,26.6,0,2207.73,25.5,3,2212.83,26.7,0,2188.6,26.7,0,2066.93,26.7,0,2405.08,27.8,0
"2025-11-28 11:45:00",3570,802,"Chapada_Low",11.85,2078.28,26.9,0,2116.05,26.3,0,2251.25,27.9,0,2212.5,26.6,0,2202.6,25.4,0,2211.2,26,0,2183.38,27.5,0,2064.74,27.2,0,2403.87,27.8,0
"2025-11-28 12:00:00",3571,802,"Chapada_Low",11.86,2077.75,27.3,0,2115.5,26.5,0,2250.52,28.2,0,2210.51,26.8,0,2201.43,25.6,2,2209.97,26.1,0,2181.47,27.1,0,2059.83,27.8,0,2401.93,28.6,0
"2025-11-28 12:15:00",3572,802,"Chapada_Low",11.85,2077.3,27.3,0,2115.88,26.4,0,2249.19,28,9,2209.42,26.7,0,2201.08,25.4,0,2207.7,26,0,2181.01,26.5,0,2058,27.5,0,2401.6,28.1,0
"2025-11-28 12:30:00",3573,802,"Chapada_Low",11.85,2077.78,27.1,0,2113.83,26.7,0,2248.02,27.6,0,2210.11,26.3,0,2202.61,25.2,0,2206.54,25.7,0,2180.72,26.1,0,2058.55,27,0,2401.9,27.3,0
"2025-11-28 12:45:00",3574,802,"Chapada_Low",11.85,2076.46,27.6,0,2114.25,26.9,0,2246.56,28.7,0,2208.27,26.8,0,2200.66,25.9,0,2205.31,26.4,0,2178.99,26.7,0,2056.39,27.5,0,2400.14,28.2,0
"2025-11-28 13:00:00",3575,802,"Chapada_Low",11.86,2076.02,28.7,0,2113.6,27.7,0,2246.18,29.7,4,2208.61,28.1,0,2198.67,27.4,0,2201.92,27.4,1,2177.42,27.7,0,2053.49,28.6,0,2397.75,29.4,0
"2025-11-28 13:15:00",3576,802,"Chapada_Low",11.85,2075.44,28.7,0,2112.55,27.6,0,2244.85,29.6,0,2207.96,27.9,0,2197.11,27.4,0,2198.46,28,0,2175.88,27.5,0,2052.27,28.5,0,2396.9,29.2,0
"2025-11-28 13:30:00",3577,802,"Chapada_Low",11.85,2074.81,29.6,0,2112.33,28.5,0,2245.38,31.1,0,2206.05,28.6,7,2195.24,27.9,2,2195.71,28.8,0,2172.05,29.7,0,2050.2,29.7,0,2394.73,30.5,0
"2025-11-28 13:45:00",3578,802,"Chapada_Low",11.85,2073.81,30,3,2110.11,28.7,0,2243.75,31.4,0,2204.96,28.8,0,2193.78,28,0,2192.8,28.7,1,2169.27,29.6,0,2047.03,30.8,4,2393.03,30.8,0
"2025-11-28 14:00:00",3579,802,"Chapada_Low",11.85,2073.73,29.7,0,2109.51,28.4,0,2241.58,30.6,0,2204.39,28.5,0,2192.61,27.5,2,2190.8,28.1,0,2167.88,29.1,0,2045.49,29.9,0,2392.63,31,0
"2025-11-28 14:15:00",3580,802,"Chapada_Low",11.85,2073.14,29.3,0,2108.37,28.1,0,2239.23,30,0,2203.42,28.2,0,2191.96,27.3,0,2190.07,27.7,0,2167,28.7,0,2043.54,29.3,0,2391.63,30.4,0
"2025-11-28 14:30:00",3581,802,"Chapada_Low",11.85,2073.25,28.7,0,2107.71,27.9,0,2239.42,29.4,0,2203.18,27.8,0,2191.43,26.9,0,2189.07,27.3,0,2167.61,28.2,0,2043.2,28.7,0,2392.24,29.6,0
"2025-11-28 14:45:00",3582,802,"Chapada_Low",11.85,2073,28.4,0,2107.26,27.5,0,2238.66,29.1,0,2202.91,28,0,2192.96,26.7,0,2186.74,27,0,2167.38,28,0,2042.24,28.5,0,2392.31,29.1,0
"2025-11-28 15:00:00",3583,802,"Chapada_Low",11.85,2073.22,28.1,0,2107.99,27.2,0,2237.74,28.7,0,2202.25,27.6,0,2191.96,27.1,0,2186.77,26.8,0,2167.29,27.7,0,2042.89,28.2,0,2392.49,28.7,0
"2025-11-28 15:15:00",3584,802,"Chapada_Low",11.85,2072.6,28.6,0,2107,27.7,0,2237.73,29.8,0,2201.67,27.9,0,2190.62,27.3,0,2185.28,28.1,0,2165.08,28.5,0,2041.89,28.6,0,2391.61,29.7,0
"2025-11-28 15:30:00",3585,802,"Chapada_Low",11.85,2072.09,28.9,0,2107.66,27.9,0,2236.58,29.8,0,2201.3,28,0,2189.42,27.1,0,2184.79,27.8,0,2165.37,29.1,0,2040.48,28.8,0,2390.66,29.7,0
"2025-11-28 15:45:00",3586,802,"Chapada_Low",11.85,2072.26,29.7,0,2106.4,28.8,0,2238.41,31.2,0,2200.5,28.7,0,2188.35,27.9,0,2182.35,28.6,0,2162.18,29.9,0,2039.84,29.9,0,2388.32,31.4,0
"2025-11-28 16:00:00",3587,802,"Chapada_Low",11.85,2071.97,29.8,0,2105.18,29.1,0,2236.53,31.7,0,2199.43,28.8,0,2187.52,28.1,0,2181.53,28.8,0,2160.95,30.1,0,2038.43,29.7,0,2384.58,31.8,0
"2025-11-28 16:15:00",3588,802,"Chapada_Low",11.85,2070.8,30.4,0,2104.78,30.5,0,2236.06,32.3,0,2198.6,29.3,0,2185.63,28.7,0,2178.47,29.5,0,2159.26,30.5,0,2038.08,30.1,0,2382.78,32.1,0
"2025-11-28 16:30:00",3589,802,"Chapada_Low",11.85,2070.18,30.4,0,2103.51,30.4,0,2234.51,32.9,0,2197.36,29.3,0,2184.47,28.7,0,2176.55,29.5,0,2159.1,30.4,0,2036.77,30.2,0,2382.55,31.7,0
"2025-11-28 16:45:00",3590,802,"Chapada_Low",11.85,2070.17,30.1,0,2102.74,30,0,2233.43,31.9,0,2195.54,29.6,0,2182.87,29,0,2175.91,29.2,0,2158,29.9,0,2036.19,30,0,2384.14,31,0
"2025-11-28 17:00:00",3591,802,"Chapada_Low",11.85,2070.48,29.6,0,2101.06,29.4,0,2231.32,30.8,0,2195.84,28.9,0,2182.22,28.6,0,2174.19,29.4,5,2157.02,29.2,0,2037.51,29.6,0,2384.33,30.2,0
"2025-11-28 17:15:00",3592,802,"Chapada_Low",11.85,2069.68,29,0,2100.06,28.7,0,2229.96,29.8,0,2195.61,28.1,0,2182.43,27.7,0,2173.3,28.5,0,2156.52,28.8,0,2036.94,29.1,0,2385.64,29.4,0
"2025-11-28 17:30:00",3593,802,"Chapada_Low",11.85,2069.92,28.5,0,2100.33,28.1,0,2229.96,29,0,2196.53,27.6,0,2181.44,27.2,0,2172.46,27.7,0,2158.38,28,0,2036.78,29.1,0,2385.7,28.8,0
"2025-11-28 17:45:00",3594,802,"Chapada_Low",11.85,2069.28,28.1,0,2100.39,27.7,0,2230.85,28.4,0,2194.65,27.2,0,2179.97,26.8,0,2172.29,27.2,0,2157.9,27.4,0,2034.97,28.5,0,2386.63,28.8,0
"2025-11-28 18:00:00",3595,802,"Chapada_Low",11.85,2070.09,27.6,0,2101.15,27.2,0,2231,27.7,0,2194.6,26.6,0,2178.5,26.1,0,2171.17,26.6,0,2157.29,26.7,0,2036.54,27.8,0,2386.27,27.8,0
"2025-11-28 18:15:00",3596,802,"Chapada_Low",11.85,2069.57,26.7,0,2100.87,26.6,0,2229.19,26.8,0,2195.12,25.7,0,2180.01,25,0,2172.79,25.5,8,2157.01,25.8,0,2036.75,26.8,0,2389.6,26.6,0
"2025-11-28 18:30:00",3597,802,"Chapada_Low",11.85,2071.44,26,0,2100.24,25.8,0,2229.07,26,0,2196.34,25,0,2179.99,24.3,0,2172.64,24.8,0,2158.9,25.1,0,2037.57,26,0,2389.33,25.8,0
"2025-11-28 18:45:00",3598,802,"Chapada_Low",11.85,2071.65,25,0,2102.79,24.9,0,2230.05,25,0,2196.97,24.3,0,2181.61,23.5,0,2173.17,23.8,0,2159.29,24.2,0,2038.16,25,0,2392.85,24.7,0
"2025-11-28 19:00:00",3599,802,"Chapada_Low",11.85,2071.39,24.2,0,2102.78,24.2,0,2230.35,24.3,0,2197.41,23.7,0,2181.94,22.8,0,2174.62,22.9,0,2159.61,23.4,0,2038.7,24.1,0,2394.67,23.9,0
"2025-11-28 19:15:00",3600,802,"Chapada_Low",11.85,2071.78,23.5,0,2103.97,23.5,0,2229.12,23.7,0,2198.47,23.2,0,2182.02,22.3,0,2174.55,22.3,0,2161.25,22.8,0,2040.73,23.4,0,2396.11,23.2,0
"2025-11-28 19:30:00",3601,802,"Chapada_Low",11.85,2072.16,23,0,2103.51,22.9,0,2228.91,23.2,0,2200.82,22.8,4,2183.94,21.9,0,2175.71,21.8,7,2162.3,22.3,0,2043.89,22.7,0,2397.97,22.6,0
"2025-11-28 19:45:00",3602,802,"Chapada_Low",11.85,2072.93,22.6,0,2104.68,22.5,0,2229.78,22.8,0,2201.88,22.4,0,2184.19,21.5,0,2177.49,21.5,0,2161.35,22,0,2046.1,22.4,0,2399.11,22.2,0
"2025-11-28 20:00:00",3603,802,"Chapada_Low",11.85,2073.35,22.2,0,2105.22,22.1,0,2229.55,22.5,0,2202.63,22.1,0,2184.69,21.2,0,2176.6,21.1,0,2162.37,21.6,0,2046.47,22,0,2400.44,21.9,0
"2025-11-28 20:15:00",3604,802,"Chapada_Low",11.85,2072.94,21.9,0,2104.87,21.8,0,2230.55,22.1,0,2203.08,21.8,0,2184.81,20.9,0,2177.58,20.8,0,2163.17,21.3,0,2048.06,21.7,0,2399.28,21.6,0
"2025-11-28 20:30:00",3605,802,"Chapada_Low",11.85,2073.79,21.7,0,2105.62,21.5,0,2230.26,22,0,2204.58,21.5,0,2185.87,20.7,0,2177.8,20.6,0,2164,21,0,2049.29,21.5,0,2402.78,21.3,0
"2025-11-28 20:45:00",3606,802,"Chapada_Low",11.85,2074.84,21.5,0,2107.42,21.4,0,2231.21,21.8,0,2205.24,21.4,0,2187.03,20.5,0,2176.5,20.4,0,2164.75,20.9,0,2050.34,21.3,0,2401.15,21.2,0
"2025-11-28 21:00:00",3607,802,"Chapada_Low",11.86,2074.9,21.3,0,2107.31,21.2,2,2231.37,21.6,0,2204.82,21.2,0,2186.64,20.3,0,2177.99,20.2,0,2164.2,20.7,0,2050.67,21.1,0,2401.98,21,0
"2025-11-28 21:15:00",3608,802,"Chapada_Low",11.86,2073.97,21.3,0,2108.39,21.1,0,2231.32,21.6,10,2204.78,21.1,0,2187.84,20.3,0,2179.35,20.2,0,2165.5,20.6,0,2052.11,20.8,0,2405.01,20.9,0
"2025-11-28 21:30:00",3609,802,"Chapada_Low",11.85,2073.92,21.2,0,2107.67,21,0,2232.01,21.4,0,2206.59,21,0,2187.29,20.2,0,2179.94,20.1,4,2167.24,20.3,0,2052.96,20.7,0,2403.76,20.7,0
"2025-11-28 21:45:00",3610,802,"Chapada_Low",11.85,2075.76,21.1,0,2107.44,20.9,0,2232.21,21.2,0,2206.62,20.8,0,2188.97,20.1,0,2181.13,20,0,2165.82,20.2,0,2054.47,20.6,0,2405.66,20.7,0
"2025-11-28 22:00:00",3611,802,"Chapada_Low",11.85,2076.98,21,0,2108.54,20.7,2,2232.93,21.1,0,2206.85,20.7,0,2188.71,19.9,0,2181.51,19.8,0,2168.67,20.1,7,2055.25,20.5,0,2407.11,20.5,0
"2025-11-28 22:15:00",3612,802,"Chapada_Low",11.85,2076.46,20.8,0,2109.68,20.5,0,2233.05,20.9,0,2207.6,20.4,0,2189,19.7,0,2181.65,19.7,0,2167.43,20,0,2056.23,20.3,0,2406.98,20.3,0
"2025-11-28 22:30:00",3613,802,"Chapada_Low",11.86,2076.72,20.6,0,2109.94,20.3,0,2232.43,20.8,0,2207.89,20.3,0,2190.17,19.5,0,2182.5,19.5,0,2168.03,19.8,0,2056.72,20.2,0,2407.86,20.2,0
"2025-11-28 22:45:00",3614,802,"Chapada_Low",11.85,2076.38,20.4,0,2109.94,20.2,0,2232.78,20.7,21,2208.09,20.2,0,2190.55,19.5,7,2181.83,19.3,0,2169.57,19.7,0,2058.32,20.1,0,2408.33,20.1,0
"2025-11-28 23:00:00",3615,802,"Chapada_Low",11.86,2077.91,20.3,0,2109.69,20,0,2234.27,20.6,1,2208.17,20.1,6,2191.15,19.3,0,2180.86,19.2,0,2168.8,19.7,0,2059.44,19.9,0,2409.05,19.9,0
"2025-11-28 23:15:00",3616,802,"Chapada_Low",11.85,2075.97,20.1,0,2109.63,19.9,0,2234.59,20.4,0,2209.25,20,0,2191.23,19.2,0,2180.79,19.1,0,2170.01,19.5,0,2059.89,19.7,0,2408.01,19.7,0
"2025-11-28 23:30:00",3617,802,"Chapada_Low",11.85,2077.48,20,0,2109.74,19.8,0,2234.15,20.3,0,2208.99,19.9,0,2191.12,19.1,2,2179.77,19,0,2169.66,19.4,0,2060.23,19.6,0,2408.44,19.6,0
"2025-11-28 23:45:00",3618,802,"Chapada_Low",11.85,2078.76,19.9,0,2111.1,19.6,0,2234.25,20.2,0,2209.41,19.8,0,2191.92,18.9,0,2179.64,18.9,0,2170.72,19.3,0,2062.46,19.5,3,2408.71,19.5,0
"2025-11-29 00:00:00",3619,802,"Chapada_Low",11.85,2076.87,19.7,0,2111.16,19.5,0,2235.12,20,0,2209.31,19.6,0,2192.88,18.8,4,2180.1,18.7,3,2172.08,19.1,0,2060.94,19.4,0,2409.47,19.4,0
"2025-11-29 00:15:00",3620,802,"Chapada_Low",11.85,2076.93,19.6,0,2111.41,19.4,0,2234.76,19.9,0,2209.98,19.4,1,2192.25,18.6,0,2179.53,18.6,0,2167.68,19,0,2063.93,19.3,0,2409.53,19.2,0
"2025-11-29 00:30:00",3621,802,"Chapada_Low",11.85,2077.74,19.6,0,2113.07,19.3,0,2235.64,19.9,0,2210.69,19.4,0,2193.28,18.6,0,2180.54,18.4,0,2168.21,19,0,2063.26,19.2,0,2409.62,19.2,0
"2025-11-29 00:45:00",3622,802,"Chapada_Low",11.86,2077.92,19.5,0,2113,19.2,0,2236.42,19.8,0,2210.88,19.3,0,2192.92,18.5,0,2182.42,18.3,0,2169.47,18.9,0,2063.57,19.1,0,2410.29,19.2,1
"2025-11-29 01:00:00",3623,802,"Chapada_Low",11.86,2078.14,19.5,0,2113.66,19.2,0,2235.88,19.8,0,2210.77,19.3,0,2193.37,18.5,0,2180.75,18.4,0,2168.5,18.9,0,2064.3,18.9,0,2410.42,19.2,7
"2025-11-29 01:15:00",3624,802,"Chapada_Low",11.86,2079.07,19.4,0,2112.79,19.2,0,2236.95,19.7,0,2210.97,19.3,0,2194.08,18.5,0,2183.68,18.4,0,2168.36,18.8,0,2064.72,18.9,0,2411.13,19.1,0
"2025-11-29 01:30:00",3625,802,"Chapada_Low",11.85,2078.94,19.4,0,2112.55,19.1,0,2237.13,19.6,0,2211.9,19.2,0,2193.96,18.5,0,2183.29,18.3,0,2170.33,18.8,0,2066,18.9,0,2410.52,19,0
"2025-11-29 01:45:00",3626,802,"Chapada_Low",11.85,2078.87,19.3,0,2114.54,19,0,2236.95,19.5,13,2211.81,19.1,8,2193.44,18.3,0,2183.14,18.2,0,2168.2,18.7,1,2066.78,18.8,0,2412.12,19,0
"2025-11-29 02:00:00",3627,802,"Chapada_Low",11.85,2080.06,19.2,0,2114.19,18.9,0,2237.17,19.4,0,2211.52,19,0,2193.46,18.3,0,2184.21,18.1,0,2168.18,18.6,0,2067.49,18.7,0,2411.52,18.9,0
"2025-11-29 02:15:00",3628,802,"Chapada_Low",11.86,2079.08,19.2,0,2113.73,18.9,0,2237.53,19.5,0,2211.9,19,0,2193.48,18.2,0,2184.23,18.2,0,2169.33,18.6,0,2068.11,18.7,0,2412.04,18.9,0
"2025-11-29 02:30:00",3629,802,"Chapada_Low",11.85,2079.82,19.2,0,2114.78,18.9,0,2238.42,19.5,0,2212.56,19,0,2195.33,18.3,0,2182.18,18,0,2169.32,18.6,0,2069.98,18.7,0,2411.92,18.9,0
"2025-11-29 02:45:00",3630,802,"Chapada_Low",11.86,2079.45,19.1,0,2114.43,18.8,0,2238.01,19.3,0,2212.28,18.9,0,2195.1,18.2,0,2184.34,18,0,2169.96,18.5,0,2069.45,18.5,0,2411.6,18.8,0
"2025-11-29 03:00:00",3631,802,"Chapada_Low",11.85,2080.28,18.9,0,2115.11,18.6,0,2238.34,19.2,0,2212.4,18.7,0,2196.05,17.9,0,2183.99,17.8,0,2171.34,18.2,0,2070.28,18.4,8,2412.54,18.5,6
"2025-11-29 03:15:00",3632,802,"Chapada_Low",11.85,2081.11,18.7,0,2114.87,18.5,0,2238.53,19.1,0,2212.22,18.6,0,2196.15,17.8,0,2183.29,17.7,0,2169.2,18.1,0,2070.94,18.3,0,2413.42,18.4,9
"2025-11-29 03:30:00",3633,802,"Chapada_Low",11.85,2080.98,18.6,0,2114.55,18.3,0,2238.9,18.9,0,2213.17,18.5,0,2196.23,17.7,0,2184.18,17.5,0,2169.79,18,0,2070.73,18.2,0,2413.49,18.3,0
"2025-11-29 03:45:00",3634,802,"Chapada_Low",11.86,2081.12,18.5,0,2114.88,18.2,0,2239.45,18.7,0,2213.11,18.3,0,2196.62,17.5,0,2182.64,17.4,0,2170.12,17.8,0,2071.98,18,0,2413.78,18.2,0
"2025-11-29 04:00:00",3635,802,"Chapada_Low",11.86,2081.17,18.4,0,2114.81,18.1,0,2239.71,18.7,0,2214.16,18.2,3,2196.84,17.4,0,2185.34,17.4,0,2169.93,17.7,0,2072.31,18,0,2413.51,18.1,0
"2025-11-29 04:15:00",3636,802,"Chapada_Low",11.86,2080.76,18.3,0,2115.36,18,0,2239.63,18.6,0,2213.44,18.1,0,2197.37,17.3,0,2183.56,17.1,0,2169.93,17.6,0,2072.59,17.9,0,2413.78,18,0
"2025-11-29 04:30:00",3637,802,"Chapada_Low",11.86,2081.83,18.2,0,2115.87,17.9,0,2239.47,18.6,0,2214.07,18,1,2197.14,17.1,2,2184.86,17,0,2169.51,17.5,0,2072.81,17.7,0,2415.35,17.9,0
"2025-11-29 04:45:00",3638,802,"Chapada_Low",11.86,2081.67,18.1,0,2116.07,17.8,0,2239.84,18.4,0,2214.59,17.9,0,2197.9,17,0,2186.35,16.9,0,2170.06,17.2,0,2073.4,17.4,0,2415.24,17.7,0
"2025-11-29 05:00:00",3639,802,"Chapada_Low",11.86,2082.06,17.9,0,2115.79,17.6,0,2240.05,18.3,0,2215.13,17.8,15,2197.69,16.9,0,2184.69,16.8,0,2170.77,17.1,0,2074.23,17.4,0,2415.58,17.5,0
"2025-11-29 05:15:00",3640,802,"Chapada_Low",11.86,2082.1,17.8,0,2116.47,17.5,0,2240.58,18.2,0,2215.27,17.7,0,2198.58,16.8,0,2185.21,16.7,0,2170.89,17.1,0,2074.86,17.3,9,2416.65,17.5,0
"2025-11-29 05:30:00",3641,802,"Chapada_Low",11.85,2083.41,17.6,0,2116.58,17.3,0,2240.55,18,19,2214.71,17.5,0,2199.2,16.7,0,2186.37,16.5,0,2170.92,16.9,1,2075.69,17.2,0,2416.22,17.3,0
"2025-11-29 05:45:00",3642,802,"Chapada_Low",11.86,2082.63,17.6,0,2116.49,17.2,0,2241.25,17.9,0,2215.42,17.5,0,2198.78,16.7,0,2186.91,16.6,0,2171.7,16.9,0,2076.51,17.2,0,2416.66,17.3,0
"2025-11-29 06:00:00",3643,802,"Chapada_Low",11.86,2082.97,17.6,0,2117.21,17.2,0,2241.79,17.9,0,2215.78,17.5,0,2199.03,16.6,0,2186.99,16.6,0,2171.57,16.9,0,2077.18,17.2,0,2416.87,17.3,0
"2025-11-29 06:15:00",3644,802,"Chapada_Low",11.85,2083.05,17.6,30,2117.15,17.2,8,2241.35,18,0,2215.53,17.4,0,2199.65,16.6,0,2185.81,16.4,0,2172.11,16.8,0,2077.21,17.2,1,2417,17.3,0
"2025-11-29 06:30:00",3645,802,"Chapada_Low",11.85,2083.69,17.8,2,2117.43,17.4,0,2241.67,18.2,0,2215.72,17.6,3,2200.02,16.9,8,2188.01,16.7,2,2171.57,17,0,2077.98,17.3,0,2416.53,17.5,0
"2025-11-29 06:45:00",3646,802,"Chapada_Low",11.86,2083.35,18.3,0,2118.36,17.9,7,2242.15,18.4,0,2216.37,17.8,0,2200.08,17.2,0,2189.13,17.1,0,2171.89,17.3,0,2078.76,17.5,0,2416.63,17.8,0
"2025-11-29 07:00:00",3647,802,"Chapada_Low",11.86,2083.85,19.2,0,2118.57,18.7,2,2242.52,19,0,2215.5,18.5,0,2199.31,17.9,0,2188.12,18.2,0,2172.49,18.1,0,2078.51,18,0,2415.99,18.8,0
"2025-11-29 07:15:00",3648,802,"Chapada_Low",11.85,2085.22,20.7,0,2117.49,20.2,0,2243,20.4,0,2214.42,19.8,0,2198.02,19.4,0,2189.28,19.9,0,2170.64,19.2,0,2078.56,18.9,0,2413.14,20.2,0
"2025-11-29 07:30:00",3649,802,"Chapada_Low",11.86,2084.98,21.8,0,2117.24,21,0,2243.66,21.6,0,2213.99,20.8,0,2196.54,20.3,0,2189.5,21,0,2169.17,20.1,0,2078.95,19.7,0,2412.54,21.1,0
"2025-11-29 07:45:00",3650,802,"Chapada_Low",11.85,2085.23,22.8,0,2116.13,21.8,0,2244.01,22.3,0,2212.08,22,0,2195.58,21,0,2186.74,22,0,2169.11,21.1,0,2079.12,21.2,10,2412.76,22.3,0
"2025-11-29 08:00:00",3651,802,"Chapada_Low",11.86,2083.87,23.6,0,2115.69,22.4,0,2243.61,22.9,0,2210.7,22.4,0,2196.41,21.1,0,2185.4,23.1,0,2169.48,22.2,0,2075.86,22.3,0,2409.53,23,0
"2025-11-29 08:15:00",3652,802,"Chapada_Low",11.86,2083.57,24.3,0,2115.56,23.1,0,2243.27,23.6,0,2208.38,23.1,0,2195.5,22,0,2182.93,23.9,0,2169.09,23.5,0,2073.99,23.2,0,2408.81,23.9,0
"2025-11-29 08:30:00",3653,802,"Chapada_Low",11.86,2083.25,25.1,0,2114.5,23.7,0,2243.3,24.3,0,2207.09,24,0,2193.9,22.9,0,2180.19,24.7,0,2166.59,24.3,0,2072.92,24.6,0,2405.9,25,0
"2025-11-29 08:45:00",3654,802,"Chapada_Low",11.85,2081.95,26.3,0,2113.15,24.7,0,2244.63,25.5,0,2205.65,25.2,0,2191.13,24.5,0,2176.73,26.1,9,2163.85,25.5,0,2070.91,25.6,0,2403.31,27.3,0
"2025-11-29 09:00:00",3655,802,"Chapada_Low",11.86,2081.15,27.2,0,2112.44,25.8,0,2242.92,26.3,4,2203.55,25.9,0,2187.71,25.7,0,2174.62,26.8,0,2160.38,26.3,0,2065.45,26.4,9,2400.91,28.2,0
"2025-11-29 09:15:00",3656,802,"Chapada_Low",11.86,2080.68,28.2,0,2109.67,27.2,0,2244.11,27.8,0,2201.94,26.9,0,2183.72,27.2,0,2171.54,27.8,0,2158.65,27.5,0,2061.02,27.7,0,2397.74,29.9,0
"2025-11-29 09:30:00",3657,802,"Chapada_Low",11.85,2080.27,28.9,0,2107.38,27.8,0,2241.16,28.8,7,2200.69,28.4,0,2182,28.1,0,2168.05,28.3,0,2156.07,28.2,0,2056.17,28.9,0,2394.19,30.9,0
"2025-11-29 09:45:00",3658,802,"Chapada_Low",11.85,2078.33,29.7,0,2105.98,28.6,0,2240.97,29.5,0,2197.97,29.3,0,2175.79,30.7,0,2164.04,29,3,2151.35,29.3,0,2050.68,30.2,0,2388.94,32.3,0
"2025-11-29 10:00:00",3659,802,"Chapada_Low",11.86,2077.94,30.5,0,2105.34,29.3,0,2239.23,30.1,0,2195.43,30,0,2173.39,30.5,3,2160.5,30.5,5,2148.49,30.2,0,2045.96,31.3,0,2386.42,33.2,0
"2025-11-29 10:15:00",3660,802,"Chapada_Low",11.85,2077.08,31,0,2103.11,29.8,0,2239.89,30.7,3,2193.96,30.9,0,2171.43,30.9,0,2158.28,30.3,0,2144.64,31.6,0,2042.14,32.5,3,2382.65,34.2,0
"2025-11-29 10:30:00",3661,802,"Chapada_Low",11.85,2074.93,31.8,0,2100.78,30.6,0,2238.27,31.6,0,2190.86,32.1,0,2168.66,31.3,0,2155.27,30.4,0,2142.05,32.2,0,2037.62,34.1,0,2379.95,35.9,0
"2025-11-29 10:45:00",3662,802,"Chapada_Low",11.85,2074.02,31.8,0,2098.99,30.5,0,2237.48,31.8,0,2187.75,32.6,0,2166.29,31.1,0,2153.36,30.1,0,2139.93,32.2,0,2033.82,34,0,2377.41,35.8,0
"2025-11-29 11:00:00",3663,802,"Chapada_Low",11.85,2073.52,32.5,0,2098.08,32.2,0,2236.07,33.2,0,2185.05,34.2,0,2162.56,32.1,0,2150.67,30.7,7,2136.64,33.4,0,2030.75,35,0,2373.15,36.9,0
"2025-11-29 11:15:00",3664,802,"Chapada_Low",11.85,2072.88,33.1,0,2095.95,32.2,0,2234.83,35,0,2182.93,35.2,0,2161.5,32.1,0,2148.74,30.8,0,2132.87,34.2,0,2027.32,35.5,0,2372.51,37.1,0
"2025-11-29 11:30:00",3665,802,"Chapada_Low",11.85,2071.36,33.6,0,2095.65,32.4,0,2232.53,35.2,0,2181.5,35.4,0,2159.66,32.2,0,2145.48,30.6,0,2130.39,34.8,0,2026.34,35.6,0,2368.64,36.6,0
"2025-11-29 11:45:00",3666,802,"Chapada_Low",11.85,2071.35,33.9,0,2094.4,32.2,0,2229.85,35.4,0,2180.6,35.2,0,2157.7,32.4,5,2144.49,31.9,0,2126.27,34.9,0,2023.3,35.1,0,2369.22,36.7,0
"2025-11-29 12:00:00",3667,802,"Chapada_Low",11.85,2069.82,34.1,0,2091.89,32,0,2228.72,35.1,0,2177.57,34.3,0,2154.92,32.3,0,2144,31.8,1,2123.66,34.9,0,2022.1,34.3,0,2364.75,37.4,0
"2025-11-29 12:15:00",3668,802,"Chapada_Low",11.85,2068.32,35,0,2091.66,32.1,0,2227.25,34.4,0,2174.03,33.7,0,2153.1,32.8,0,2142.94,32.3,0,2120.46,36.6,0,2021.33,34.4,0,2361.25,40.3,0
"2025-11-29 12:30:00",3669,802,"Chapada_Low",11.85,2067.93,36.5,0,2089.31,32.3,0,2225.91,34.4,8,2175.81,33.7,0,2152.16,32.9,0,2141.21,33.3,0,2118.42,38.5,0,2019.86,34.1,0,2357.79,41.9,0
"2025-11-29 12:45:00",3670,802,"Chapada_Low",11.85,2066.61,37.6,0,2086.45,33.5,0,2224.19,35.5,0,2173.73,33.3,0,2150.36,32.3,0,2136.93,33.6,0,2116.38,39.7,0,2018.14,34.9,0,2353.88,43.4,0
"2025-11-29 13:00:00",3671,802,"Chapada_Low",11.85,2065.36,37.5,0,2083.69,34.9,0,2221.94,37.4,0,2173.99,33.1,0,2148.26,31.9,0,2133.88,34.1,0,2113.45,38.9,0,2015.75,37.4,0,2349.07,45.3,0
"2025-11-29 13:15:00",3672,802,"Chapada_Low",11.85,2065.32,36.4,0,2082.19,35,0,2220.5,37.5,0,2170.93,33.3,0,2148.24,31.2,0,2132.69,33.2,0,2111.51,37.1,0,2012.63,37.1,0,2347.55,42.1,0
"2025-11-29 13:30:00",3673,802,"Chapada_Low",11.85,2063.77,36,0,2082.09,35.2,0,2218.54,38.4,0,2170.05,33.3,0,2145.49,32.5,0,2130.87,33.1,0,2109.07,36.9,0,2010.29,37.4,0,2346.3,40.1,1
"2025-11-29 13:45:00",3674,802,"Chapada_Low",11.85,2064.93,36.1,0,2080.12,35.5,0,2217.28,39.3,0,2170.16,33.9,0,2144.58,32,0,2129.89,34.6,0,2106.26,37.5,0,2009.73,37.7,0,2343.18,39.2,0
"2025-11-29 14:00:00",3675,802,"Chapada_Low",11.85,2064.33,36.2,0,2080.72,35.3,0,2215.34,39.1,0,2168.37,33.9,0,2142.73,31.7,0,2128.37,33.8,0,2102.6,37.6,0,2007.98,37.5,0,2340.99,38.4,0
"2025-11-29 14:15:00",3676,802,"Chapada_Low",11.85,2063.78,36.4,0,2079.23,35.1,0,2213.93,39.4,0,2166.05,34.1,0,2140.54,31.8,0,2127.21,33.5,0,2100.61,37.8,0,2006.66,37.4,0,2339.42,39.5,0
"2025-11-29 14:30:00",3677,802,"Chapada_Low",11.85,2062.02,35.5,0,2078.41,34.1,0,2212.77,37.7,0,2166.97,33.2,0,2140.88,31.1,2,2126.68,32.3,0,2096.05,36.3,0,2006.02,35.8,0,2338.76,37.4,0
"2025-11-29 14:45:00",3678,802,"Chapada_Low",11.85,2061.88,36.1,0,2077.39,35.1,0,2210.61,38.7,0,2163.82,33.6,0,2139.5,31.5,0,2124.84,32.6,1,2095.81,36.9,0,2005.61,35.5,0,2337.28,37.6,1
"2025-11-29 15:00:00",3679,802,"Chapada_Low",11.85,2061.95,36.3,0,2077.17,35.1,0,2208.31,39.7,0,2162.56,34.1,0,2139.15,32,1,2122.78,33,0,2093.21,37.4,0,2003.78,35.5,0,2334.99,37.8,0
"2025-11-29 15:15:00",3680,802,"Chapada_Low",11.85,2061.44,36.1,0,2074.97,34.6,0,2206.95,38.8,0,2161.61,34.9,0,2137.46,32.8,0,2121.68,33,4,2093.46,36.9,0,2004.52,35.2,0,2333.37,37.7,0
"2025-11-29 15:30:00",3681,802,"Chapada_Low",11.85,2059.85,34.5,0,2075.27,33.1,0,2206.41,35.6,0,2161.81,32.9,0,2137.32,31.1,0,2119.55,31.4,0,2089.07,34.6,0,2004.57,33.4,0,2334.59,35.1,0
"2025-11-29 15:45:00",3682,802,"Chapada_Low",11.85,2059.74,33.6,0,2074.71,32.4,0,2205.61,35.1,0,2162.34,32.2,0,2138.57,30.1,0,2120.4,30.9,0,2091.18,34.2,0,2005.27,32.3,0,2334.95,34.5,0
"2025-11-29 16:00:00",3683,802,"Chapada_Low",11.85,2059.71,33.4,0,2074.7,32.4,0,2205.45,35,0,2162.08,32,0,2136.98,30.2,0,2119.69,30.9,0,2089.14,34,0,2005.63,33,0,2333.79,34.6,1
"2025-11-29 16:15:00",3684,802,"Chapada_Low",11.85,2059.37,33.3,0,2075.05,32.4,0,2203.93,34.8,0,2160.35,31.9,0,2136.8,30.3,0,2118.23,30.9,0,2088.3,33.5,0,2006.25,32.4,0,2333.63,35.2,0
"2025-11-29 16:30:00",3685,802,"Chapada_Low",11.85,2059.08,31.6,0,2074.2,30.7,0,2203.24,32.1,0,2162.95,30.3,0,2137.44,28.5,0,2118.88,28.8,0,2088.15,31.1,0,2007.07,30.7,0,2338.29,32.1,0
"2025-11-29 16:45:00",3686,802,"Chapada_Low",11.85,2059.91,29.9,0,2073.96,29.1,0,2202.13,29.9,3,2163.64,28.6,0,2138.53,27.2,0,2120.6,27,0,2089.35,29.3,0,2008.78,29,0,2341.59,29.8,0
"2025-11-29 17:00:00",3687,802,"Chapada_Low",11.85,2059.74,28.6,0,2075.04,27.7,0,2203.39,28.4,0,2164.17,27.4,0,2138.9,26.2,0,2123.1,25.7,0,2092.17,27.9,0,2008.84,27.8,0,2344.37,28.3,0
"2025-11-29 17:15:00",3688,802,"Chapada_Low",11.85,2059.56,28.1,0,2076.84,27.3,0,2204.22,28.1,0,2164.93,27,0,2141.19,26.4,0,2122.52,25.8,0,2094.5,27.5,0,2010.93,27.3,0,2346.72,27.9,0
"2025-11-29 17:30:00",3689,802,"Chapada_Low",11.85,2059.88,28.9,0,2076.27,28,0,2203.07,28.7,0,2165,27.5,0,2141.97,27.3,0,2123.28,27.8,0,2095.52,28,0,2010.79,28,0,2347.03,28.7,0
"2025-11-29 17:45:00",3690,802,"Chapada_Low",11.85,2060.41,29.3,0,2075.3,28.3,0,2202.48,29.1,0,2166.51,27.9,0,2140.9,27.5,0,2122.97,28,0,2093,28.5,0,2010.34,28.6,0,2347.61,29.2,0
"2025-11-29 18:00:00",3691,802,"Chapada_Low",11.85,2061.12,29,0,2076.66,28,0,2203.73,28.6,0,2165.24,27.5,0,2140.21,26.9,0,2122.82,27.4,0,2094.4,27.9,0,2010.12,28.7,0,2348.05,29,0
"2025-11-29 18:15:00",3692,802,"Chapada_Low",11.85,2060.8,28.6,0,2077.53,27.6,0,2203,28,0,2164.64,26.9,0,2140.48,26.3,0,2123.14,26.8,0,2094.71,27.3,0,2010.27,28,0,2350.1,28.4,4
"2025-11-29 18:30:00",3693,802,"Chapada_Low",11.85,2060.85,28.1,0,2077.77,27.3,0,2201.3,27.3,0,2165.56,26.2,0,2140.41,25.6,0,2122.75,26.2,0,2095.56,26.6,0,2010.93,27.3,0,2351.6,27.6,0
"2025-11-29 18:45:00",3694,802,"Chapada_Low",11.85,2060.9,27.3,0,2076.91,26.5,0,2203.19,26.6,0,2167.29,25.6,8,2140.14,24.8,0,2126.46,25.3,0,2096.78,25.9,0,2012.96,26.4,0,2353.29,26.6,0
"2025-11-29 19:00:00",3695,802,"Chapada_Low",11.85,2061.77,26.3,0,2077.55,25.6,0,2201.18,25.6,0,2167.81,24.9,0,2141.94,23.9,0,2125.72,24.2,0,2098.22,25,0,2015.11,25.4,0,2353.29,25.6,0
"2025-11-29 19:15:00",3696,802,"Chapada_Low",11.85,2062.77,25.4,0,2078.59,24.8,0,2200.73,24.9,0,2168.92,24.2,0,2142.81,23.2,0,2129.87,23.3,0,2099.11,24.2,0,2014.6,24.6,0,2355.42,24.7,0
"2025-11-29 19:30:00",3697,802,"Chapada_Low",11.85,2063.19,24.8,0,2079.01,24.2,1,2203.51,24.3,0,2169.35,23.7,0,2143.22,22.6,0,2130.78,22.6,6,2099.79,23.5,0,2018.01,23.9,0,2358.46,24,0
"2025-11-29 19:45:00",3698,802,"Chapada_Low",11.85,2064.32,24.3,0,2079.97,23.8,0,2201.58,23.9,0,2170.43,23.3,0,2145.04,22.2,0,2131.94,22.2,0,2105.05,23,0,2020.39,23.3,1,2362.22,23.5,0
"2025-11-29 20:00:00",3699,802,"Chapada_Low",11.85,2064.8,23.8,0,2080.77,23.3,1,2202.18,23.5,0,2172.18,22.9,0,2146.27,21.8,0,2132.9,21.8,0,2105.6,22.6,0,2018.9,22.8,0,2364.02,23,8
"2025-11-29 20:15:00",3700,802,"Chapada_Low",11.85,2065.29,23.4,0,2081.13,22.9,0,2201.67,23.1,4,2173.53,22.5,0,2146.62,21.5,0,2133.47,21.4,0,2107.63,22.3,0,2022.34,22.4,0,2361.9,22.6,0
"2025-11-29 20:30:00",3701,802,"Chapada_Low",11.85,2066.35,23,0,2082.31,22.5,0,2202.37,22.8,0,2174.5,22.3,0,2146.9,21.2,0,2135.41,21.2,0,2106.62,22,0,2024.2,22.1,0,2367.36,22.2,0
"2025-11-29 20:45:00",3702,802,"Chapada_Low",11.85,2065.89,22.7,0,2082.24,22.2,0,2202.95,22.4,0,2175.1,21.9,0,2148.49,21,0,2135.62,20.9,0,2108.06,21.6,0,2024.74,21.8,0,2369.24,21.9,0
"2025-11-29 21:00:00",3703,802,"Chapada_Low",11.85,2066.96,22.5,0,2083.52,22,0,2202.07,22.3,0,2175.8,21.7,0,2149.43,20.6,0,2137.98,20.6,5,2109.94,21.4,0,2027.42,21.5,3,2367.42,21.7,0
"2025-11-29 21:15:00",3704,802,"Chapada_Low",11.85,2066.23,22.3,0,2085.33,21.8,0,2202.8,22,0,2176.34,21.5,0,2149.89,20.4,0,2136.55,20.2,0,2109.93,21.1,0,2027.33,21.2,0,2369.14,21.5,0
"2025-11-29 21:30:00",3705,802,"Chapada_Low",11.85,2065.94,22.1,0,2084.84,21.7,0,2203.52,21.9,23,2176.94,21.3,0,2150.6,20.4,0,2137.68,20.2,8,2111.96,20.9,0,2030.19,21,0,2369.95,21.4,0
"2025-11-29 21:45:00",3706,802,"Chapada_Low",11.85,2066.03,22,0,2084.82,21.5,0,2203.97,21.8,0,2177.47,21.2,0,2151.57,20.3,0,2137.72,20.1,0,2110.08,20.8,0,2032.08,20.9,0,2371.55,21.2,0
"2025-11-29 22:00:00",3707,802,"Chapada_Low",11.85,2067.12,21.9,3,2085.74,21.4,0,2204.34,21.7,0,2177.45,21.1,1,2151.67,20.3,0,2138.19,20.1,0,2112.85,20.7,0,2033.14,20.8,0,2373.8,21.1,0
"2025-11-29 22:15:00",3708,802,"Chapada_Low",11.85,2068.88,21.8,0,2085.52,21.3,0,2204.73,21.6,0,2177.94,21,0,2153.09,20.2,0,2139.17,20,0,2111.77,20.6,0,2032.46,20.8,0,2373.18,21,0
"2025-11-29 22:30:00",3709,802,"Chapada_Low",11.85,2068.99,21.7,0,2087.4,21.1,0,2204.75,21.4,1,2178.6,20.9,0,2152.39,20,0,2139.4,19.9,0,2113.83,20.5,0,2033.4,20.6,0,2375.4,20.9,0
"2025-11-29 22:45:00",3710,802,"Chapada_Low",11.85,2069.54,21.5,0,2087.74,21,0,2204.75,21.3,0,2178.72,20.7,0,2154.72,19.8,0,2140.43,19.8,0,2114.86,20.3,0,2034.32,20.5,0,2374.9,20.7,0
"2025-11-29 23:00:00",3711,802,"Chapada_Low",11.85,2069.21,21.3,0,2087.97,20.9,0,2205.24,21.1,0,2179.67,20.6,11,2155.79,19.6,0,2145.19,19.6,0,2113.64,20.2,0,2035.38,20.3,0,2375.18,20.6,0
"2025-11-29 23:15:00",3712,802,"Chapada_Low",11.85,2069.88,21.5,0,2088.28,21,0,2204.81,21.2,0,2179.86,20.7,0,2156.15,19.9,0,2145.89,19.8,0,2113.69,20.4,0,2036.75,20.4,0,2378.34,20.8,0
"2025-11-29 23:30:00",3713,802,"Chapada_Low",11.85,2069.85,21.7,0,2088.15,21.2,0,2205.7,21.4,0,2180.15,20.9,0,2155.3,20.1,0,2150.5,20.1,0,2115.89,20.6,0,2037.23,20.6,0,2375.75,21,0
"2025-11-29 23:45:00",3714,802,"Chapada_Low",11.85,2070.44,21.9,0,2088.32,21.4,0,2206.21,21.5,0,2180.24,21,0,2154.88,20.3,0,2151.35,20.3,0,2115.49,20.8,0,2039.15,20.7,1,2376.55,21.2,0
"2025-11-30 00:00:00",3715,802,"Chapada_Low",11.85,2069.21,21.9,0,2088.84,21.4,0,2205.72,21.5,4,2180.58,21,0,2154.51,20.4,0,2153.43,20.4,0,2114.25,20.9,0,2039.93,20.8,0,2376.99,21.2,0
"2025-11-30 00:15:00",3716,802,"Chapada_Low",11.85,2070.66,22,0,2088.74,21.5,0,2206.09,21.6,0,2180.51,21.1,0,2153.62,20.5,0,2153.23,20.5,0,2114.66,21,0,2040,20.9,0,2379.95,21.3,3
"2025-11-30 00:30:00",3717,802,"Chapada_Low",11.85,2069.06,22,2,2088.66,21.5,0,2206.03,21.5,0,2181.31,21.1,0,2154.08,20.5,0,2150.39,20.5,0,2114.5,21,0,2041.14,21,0,2379.9,21.3,0
"2025-11-30 00:45:00",3718,802,"Chapada_Low",11.85,2069.51,22,0,2088.81,21.5,17,2207.1,21.5,0,2180.25,21.1,0,2152.29,20.5,0,2149.86,20.5,0,2115.3,21.1,0,2041.02,21,0,2378.09,21.3,0
"2025-11-30 01:00:00",3719,802,"Chapada_Low",11.85,2069.85,21.9,0,2088.73,21.4,0,2206.98,21.4,0,2180.56,21.1,0,2148.92,20.3,0,2149.02,20.4,0,2114.9,21,0,2039.71,20.9,0,2378.4,21.2,0
"2025-11-30 01:15:00",3720,802,"Chapada_Low",11.85,2071.51,21.8,0,2088.61,21.4,13,2206.2,21.4,0,2181.12,21,0,2148.66,20.3,0,2147.71,20.3,0,2114.02,20.9,0,2039.85,20.9,0,2380.8,21.2,0
"2025-11-30 01:30:00",3721,802,"Chapada_Low",11.85,2070.71,21.8,0,2088.85,21.4,0,2206.96,21.4,0,2181.45,21,0,2147.9,20.3,15,2148.05,20.3,0,2115.71,20.8,0,2041.69,20.8,0,2379.31,21.1,0
"2025-11-30 01:45:00",3722,802,"Chapada_Low",11.85,2070.91,21.7,0,2088.1,21.3,0,2206.99,21.3,0,2181.81,21,0,2150.35,20.3,0,2146.47,20.2,0,2115.43,20.7,0,2040.75,20.7,0,2379.9,21.1,0
"2025-11-30 02:00:00",3723,802,"Chapada_Low",11.85,2071.82,21.7,0,2089.73,21.3,17,2207.74,21.3,1,2182.13,20.9,0,2149.25,20.3,0,2147.08,20.3,0,2116.1,20.7,0,2042.56,20.7,0,2380.74,21,0
"2025-11-30 02:15:00",3724,802,"Chapada_Low",11.85,2072.42,21.7,0,2089.71,21.2,0,2207.97,21.2,0,2182.19,20.9,0,2153.11,20.3,0,2147.69,20.2,0,2115.86,20.6,0,2041.27,20.6,0,2380.86,21,0
"2025-11-30 02:30:00",3725,802,"Chapada_Low",11.85,2070.89,21.7,0,2090.52,21.2,0,2207.68,21.2,0,2181.54,20.8,0,2155.52,20.3,0,2147.59,20.3,0,2115.52,20.6,0,2042.19,20.6,0,2380.8,21,0
"2025-11-30 02:45:00",3726,802,"Chapada_Low",11.85,2070.58,21.7,0,2090.15,21.3,0,2208.23,21.3,0,2182.25,20.9,0,2154.49,20.4,0,2147.37,20.4,0,2116.1,20.7,0,2042.12,20.7,0,2380.27,21.1,0
"2025-11-30 03:00:00",3727,802,"Chapada_Low",11.85,2070.04,21.8,0,2090.44,21.4,0,2208.02,21.4,0,2181.58,21,0,2155.26,20.5,0,2151.07,20.5,0,2116.21,20.9,0,2044.46,20.8,0,2383.45,21.2,6
"2025-11-30 03:15:00",3728,802,"Chapada_Low",11.85,2072.41,21.9,0,2090.2,21.4,0,2209.3,21.4,0,2182.29,21.1,0,2155.16,20.6,0,2145.99,20.5,0,2115.05,20.9,0,2042.94,20.9,8,2381.11,21.2,0
"2025-11-30 03:30:00",3729,802,"Chapada_Low",11.85,2071.01,21.9,0,2090.55,21.4,0,2208.42,21.4,0,2181.61,21.1,0,2154.64,20.5,0,2143.09,20.5,0,2114.84,20.9,0,2045.77,20.9,0,2381.61,21.3,0
"2025-11-30 03:45:00",3730,802,"Chapada_Low",11.85,2071.45,21.9,0,2090.8,21.4,3,2208.66,21.4,1,2181.93,21,0,2154.16,20.6,0,2143.42,20.5,0,2115.49,20.9,0,2043.06,20.9,0,2381.67,21.2,0
"2025-11-30 04:00:00",3731,802,"Chapada_Low",11.85,2071.97,21.9,0,2090.63,21.4,0,2209.57,21.4,0,2182.5,21.1,0,2155.68,20.6,0,2142.7,20.6,0,2115.04,20.9,1,2043.6,20.9,0,2383.75,21.2,0
"2025-11-30 04:15:00",3732,802,"Chapada_Low",11.85,2072.99,21.8,0,2090.81,21.4,0,2208.81,21.4,0,2182.16,21,0,2154.68,20.6,0,2143.17,20.5,0,2115.6,20.9,0,2042.07,20.9,0,2384.98,21.2,0
"2025-11-30 04:30:00",3733,802,"Chapada_Low",11.85,2073.43,21.5,0,2089.05,21.2,0,2209.72,21.2,0,2182.11,20.9,0,2155.28,20.5,0,2143.1,20.4,0,2116.97,20.7,0,2042.91,20.8,0,2383.6,21,0
"2025-11-30 04:45:00",3734,802,"Chapada_Low",11.85,2073.33,21.1,0,2090.44,20.9,0,2209.71,21,0,2182.04,20.7,0,2155.89,20.3,0,2143.98,20.1,0,2117.56,20.5,0,2042.2,20.6,0,2385.6,20.8,0
"2025-11-30 05:00:00",3735,802,"Chapada_Low",11.85,2072.45,21,8,2091.19,20.8,0,2210.14,20.9,0,2183.05,20.6,0,2153.88,20.1,0,2142.94,20,0,2117.98,20.3,0,2042.87,20.4,0,2383.75,20.6,0
"2025-11-30 05:15:00",3736,802,"Chapada_Low",11.85,2074.15,20.8,0,2091.68,20.6,0,2210.02,20.7,0,2183.32,20.5,0,2152.86,20.1,0,2143.67,19.9,3,2117.25,20.2,0,2043.31,20.3,0,2384.7,20.5,0
"2025-11-30 05:30:00",3737,802,"Chapada_Low",11.85,2072.81,20.8,0,2091.45,20.5,0,2210.9,20.7,0,2183.21,20.4,0,2151.79,20,0,2144.24,19.8,0,2119.42,20,0,2043.56,20.2,0,2384.67,20.4,5
"2025-11-30 05:45:00",3738,802,"Chapada_Low",11.85,2073.96,20.6,0,2091.87,20.3,0,2210.02,20.5,0,2183.31,20.2,0,2152.8,19.7,0,2146.22,19.5,0,2117.72,19.8,0,2043.99,20,0,2386.16,20.1,0
"2025-11-30 06:00:00",3739,802,"Chapada_Low",11.85,2074.16,20.3,0,2091.13,20,0,2210.77,20.1,0,2183.99,19.9,0,2153.22,19.5,0,2146.27,19.2,0,2117.62,19.5,0,2044.42,19.8,0,2388.31,19.8,0
"2025-11-30 06:15:00",3740,802,"Chapada_Low",11.85,2074.91,20.1,0,2092.22,19.8,0,2210.46,20,0,2184.8,19.7,0,2154.38,19.2,0,2145.57,19,5,2118.6,19.3,0,2045.2,19.6,0,2387.05,19.7,0
"2025-11-30 06:30:00",3741,802,"Chapada_Low",11.85,2074.22,20.1,0,2092.61,19.8,0,2210.92,20.1,0,2184.94,19.7,0,2154.68,19.1,0,2145.98,18.9,0,2119.71,19.1,0,2046.41,19.5,0,2387.19,19.7,6
"2025-11-30 06:45:00",3742,802,"Chapada_Low",11.85,2075.43,20.3,0,2094.23,20,0,2211.46,20.2,0,2184.73,19.8,0,2154.36,19.3,0,2148.3,19.1,0,2119.71,19.4,0,2046.95,19.6,0,2389.8,19.9,0
"2025-11-30 07:00:00",3743,802,"Chapada_Low",11.85,2075.28,21,0,2094.23,20.5,0,2212.59,20.7,0,2184.31,20.3,0,2154.57,19.9,0,2147.08,20,0,2119.72,20.1,0,2047.09,20.1,2,2388.84,20.6,0
"2025-11-30 07:15:00",3744,802,"Chapada_Low",11.85,2073.95,21.9,0,2093.37,21.4,0,2213.24,21.6,0,2184.74,21.1,0,2152.8,20.8,0,2148.31,21.1,0,2118.08,20.9,0,2048.56,20.7,0,2385.39,21.7,0
"2025-11-30 07:30:00",3745,802,"Chapada_Low",11.85,2075.18,22.6,2,2093.39,22,0,2212.64,22.1,6,2184.16,21.6,0,2150.5,21.5,0,2146.35,21.8,0,2117.76,21.5,0,2046.1,21.4,0,2385.2,22.2,0
"2025-11-30 07:45:00",3746,802,"Chapada_Low",11.85,2075.66,23.2,0,2093.33,22.8,0,2213.12,22.8,0,2183.77,22.2,0,2148.81,22.2,0,2146.29,22.3,0,2118.77,22.2,0,2047.37,22.2,0,2384.27,22.8,0
"2025-11-30 08:00:00",3747,802,"Chapada_Low",11.86,2075.18,23.6,0,2092.02,23,0,2213.3,23.1,0,2183.02,22.7,0,2147.64,22.4,0,2147.76,22.6,0,2118.1,22.6,0,2046.66,22.6,0,2384.12,23.1,0
"2025-11-30 08:15:00",3748,802,"Chapada_Low",11.85,2075.7,24,0,2092.7,23.2,0,2213.23,23.4,0,2182.16,22.9,0,2147.36,23.1,0,2146.76,23.1,0,2116.53,23,0,2044.61,23,0,2384.85,23.6,0
"2025-11-30 08:30:00",3749,802,"Chapada_Low",11.85,2075.32,24.8,0,2091.69,23.8,0,2214.63,24,0,2180.34,23.5,0,2145.95,23.6,0,2146.27,24.4,0,2115.89,23.8,0,2044.68,23.7,0,2381.43,24.5,0
"2025-11-30 08:45:00",3750,802,"Chapada_Low",11.85,2074.47,25.8,0,2090.72,24.7,0,2214.67,24.9,0,2179.84,24.4,0,2144.08,24.8,0,2142.72,25.3,0,2112.7,25.4,0,2042.8,24.9,0,2381.39,25.9,0
"2025-11-30 09:00:00",3751,802,"Chapada_Low",11.85,2073.09,26.8,0,2090.21,25.5,0,2212.36,25.9,0,2178.32,25.3,0,2142.81,26.2,0,2140.82,26.4,0,2110.5,26.2,0,2039.49,26.2,7,2377.88,28.1,0
"2025-11-30 09:15:00",3752,802,"Chapada_Low",11.85,2072.92,27.2,0,2089.62,25.9,0,2213.58,26.3,0,2176.5,25.8,10,2139.79,26.3,0,2139.48,26.4,0,2106.8,26.6,0,2037.46,26.4,0,2377.07,28.2,0
"2025-11-30 09:30:00",3753,802,"Chapada_Low",11.85,2072.92,27.5,0,2088.3,26.8,0,2212.3,26.8,0,2175.47,26.2,0,2137.65,26.9,0,2138.05,26.7,0,2104.66,27.1,0,2034.11,27.1,0,2374.63,28.7,0
"2025-11-30 09:45:00",3754,802,"Chapada_Low",11.85,2071.82,28.4,0,2086.56,27.7,0,2211.81,28.4,0,2174.42,27.2,0,2133.2,28,0,2135.29,27.6,0,2100.48,28.1,0,2031.83,28.4,0,2372.06,29.9,0
"2025-11-30 10:00:00",3755,802,"Chapada_Low",11.85,2071.49,29.6,0,2084.75,28.8,0,2211.37,29.5,0,2172.89,29.3,0,2128.66,30.5,3,2132.59,28.8,0,2096.38,29.9,0,2027.4,30.5,0,2365.9,32,0
"2025-11-30 10:15:00",3756,802,"Chapada_Low",11.85,2070.03,30.7,0,2083.91,29.6,0,2210.75,30.2,0,2169.83,30,0,2125.45,30.9,0,2130.28,30.2,0,2092.54,30.9,0,2022.8,31.8,0,2362.98,32.9,0
"2025-11-30 10:30:00",3757,802,"Chapada_Low",11.85,2069.31,31.1,0,2082.02,30.1,0,2210.84,30.9,0,2168.08,30.5,1,2122.72,30.8,0,2127.52,30.4,0,2090.14,32.2,0,2019.79,32.4,0,2360.16,33.6,0
"2025-11-30 10:45:00",3758,802,"Chapada_Low",11.85,2068.72,31.5,0,2081.27,30.5,0,2210.68,31.4,0,2165.63,31,0,2122.98,30.5,0,2125.68,30,0,2086.1,32.3,0,2017.93,33.5,0,2357.44,33.9,0
"2025-11-30 11:00:00",3759,802,"Chapada_Low",11.85,2067.68,31.9,0,2079.26,31,0,2210.89,32.4,0,2163.46,32.3,2,2119.59,31.2,0,2126.2,30.4,0,2083.41,33.1,0,2014.69,34.2,0,2354.49,35.7,0
"2025-11-30 11:15:00",3760,802,"Chapada_Low",11.85,2067.07,32.1,0,2079.1,31.3,0,2209.29,32.6,0,2162.33,32.2,0,2119.36,30.6,0,2123.89,30,0,2081.19,33,0,2012.46,33.8,0,2352.59,34.7,0
"2025-11-30 11:30:00",3761,802,"Chapada_Low",11.85,2066.3,32.9,0,2076.99,32.3,0,2208.47,33.9,0,2160.74,33.1,0,2118.14,31,0,2121.29,30.6,0,2077.99,34,0,2012.2,34.4,0,2349.8,35.1,0
"2025-11-30 11:45:00",3762,802,"Chapada_Low",11.85,2066.09,33.9,0,2076.32,32.6,0,2207.29,35.1,0,2157.89,34.4,0,2116.82,31.9,0,2119.92,31.5,0,2074.05,35.3,0,2008.51,35.1,0,2347.14,36.2,0
"2025-11-30 12:00:00",3763,802,"Chapada_Low",11.85,2065.1,34.2,0,2073.38,32.7,0,2205.61,35,0,2156.1,33.6,0,2116.56,33,0,2118.34,31.6,0,2070.89,35.1,0,2007.03,35,0,2344.61,36.3,0
"2025-11-30 12:15:00",3764,802,"Chapada_Low",11.85,2064.04,33.2,0,2073.81,31.8,0,2203.86,33.5,0,2154.96,32,0,2114.6,31,0,2113.06,31.6,0,2069.31,34.1,0,2006.8,33.8,0,2343.61,35.1,0
