"TOA5","Chapada_High","CR1000X","73483","CR1000X.8.5.0","CPU:Brazil_beta_v091925v4.CR1X","25590","Teros12Table"
"TIMESTAMP","RECORD","PB","Statname","BattV_Avg","Teros12(1,1)","Teros12(1,2)","Teros12(1,3)","Teros12(2,1)","Teros12(2,2)","Teros12(2,3)","Teros12(3,1)","Teros12(3,2)","Teros12(3,3)","Teros12(4,1)","Teros12(4,2)","Teros12(4,3)","Teros12(5,1)","Teros12(5,2)","Teros12(5,3)","Teros12(6,1)","Teros12(6,2)","Teros12(6,3)","Teros12(7,1)","Teros12(7,2)","Teros12(7,3)","Teros12(8,1)","Teros12(8,2)","Teros12(8,3)","Teros12(9,1)","Teros12(9,2)","Teros12(9,3)"
"TS","RN","","","Volts","","","","","","","","","","","","","","","","","","","","","","","","","","",""
"","","Smp","Smp","Avg","Smp","Smp","Smp","Smp","Smp","Smp","Smp","Smp","Smp","Smp","Smp","Smp","Smp","Smp","Smp","Smp","Smp","Smp","Smp","Smp","Smp","Smp","Smp","Smp","Smp","Smp","Smp"
"2026-03-09 15:30:00",394,801,"Chapada_High",11.93,2272.26,29.9,0,2358.73,29.4,0,2485.69,30.2,0,2433.84,31.7,0,2233.88,31.6,2,2709.46,29.2,0,2406.63,30,0,2405.64,29.9,0,2432.22,31.6,0
"2026-03-09 15:45:00",395,801,"Chapada_High",11.93,2271.88,29.7,0,2356.8,29.6,0,2484.9,29.9,0,2433.25,30.9,0,2234.16,30.6,0,2709.84,28.6,0,2404.47,29.7,0,2405.7,29.5,0,2433.8,30.6,0
"2026-03-09 16:00:00",396,801,"Chapada_High",11.93,2270.69,27.9,0,2356.69,27.7,0,2483.89,28.8,0,2432.75,28.7,0,2235.95,28.1,0,2713.04,26.8,0,2406.41,28.3,0,2406.13,28,0,2436.76,28.2,0
"2026-03-09 16:15:00",397,801,"Chapada_High",11.93,2270.53,27.2,0,2357.08,26.8,0,2484.54,27.9,0,2434.72,28.1,0,2236.95,27.5,0,2713.71,26.1,0,2406.88,27.5,0,2408.06,27.3,0,2439.48,27.2,0
"2026-03-09 16:30:00",398,801,"Chapada_High",11.93,2270.43,26.7,0,2357.65,26.3,0,2485.73,27.3,0,2434.61,27.3,0,2238.18,27,0,2714.12,26,0,2407.47,26.9,0,2408.82,26.8,0,2439.59,26.6,1
"2026-03-09 16:45:00",399,801,"Chapada_High",11.93,2271.02,26.4,0,2360.1,26,4,2485.01,26.9,0,2436.41,26.8,0,2238.42,26.4,0,2712.84,25.6,0,2408.62,26.6,0,2410.25,26.5,0,2439.84,26.1,0
"2026-03-09 17:00:00",400,801,"Chapada_High",11.93,2272.35,25.9,0,2360.57,25.5,0,2486.36,26.4,0,2436.22,26.2,0,2238.93,25.7,0,2715.12,25,0,2409.24,26.2,0,2414.2,26.2,0,2442.11,25.6,0
"2026-03-09 17:15:00",401,801,"Chapada_High",11.93,2272.19,25.6,0,2361.12,25.2,0,2487.05,26,0,2437.76,25.8,0,2239.51,25.4,0,2713.57,24.7,0,2412.2,25.8,4,2412.27,25.8,0,2441.86,25.5,0
"2026-03-09 17:30:00",402,801,"Chapada_High",11.93,2272.77,25.6,0,2361.55,25,0,2487.48,25.7,0,2438.37,25.5,0,2240.31,25.2,0,2714.84,24.5,0,2413.17,25.5,0,2414.32,25.5,12,2442.98,25.2,0
"2026-03-09 17:45:00",403,801,"Chapada_High",11.93,2272.68,25.3,0,2359.53,24.9,0,2488.11,25.6,0,2439.24,25.3,0,2240.54,25,0,2715.22,24.4,0,2413.5,25.2,7,2414.86,25.2,0,2443.07,24.9,0
"2026-03-09 18:00:00",404,801,"Chapada_High",11.93,2273.87,25.1,0,2362.49,24.7,1,2487.46,25.4,0,2439.47,25.3,0,2240.35,24.9,0,2715.5,24.2,0,2414.52,25,0,2418.85,25,0,2444.5,24.7,0
"2026-03-09 18:15:00",405,801,"Chapada_High",11.93,2273.41,24.9,0,2363.57,24.5,0,2489.38,25.2,2,2440.41,25.1,0,2241.86,24.8,0,2715.76,24.1,0,2415.2,24.8,0,2419.6,24.8,0,2443.83,24.5,0
"2026-03-09 18:30:00",406,801,"Chapada_High",11.93,2274.71,24.7,0,2361.49,24.3,1,2489.78,24.9,0,2440.81,24.8,12,2240.63,24.5,0,2715.64,24,0,2416.51,24.6,0,2420.01,24.6,0,2444.36,24.2,0
"2026-03-09 18:45:00",407,801,"Chapada_High",11.93,2274.33,24.5,0,2361.49,24,0,2490.26,24.6,0,2441.89,24.5,1,2240.92,24.1,0,2715.67,23.6,0,2417.3,24.4,0,2421.24,24.3,0,2445.09,24,0
"2026-03-09 19:00:00",408,801,"Chapada_High",11.93,2274.29,24.2,0,2361.82,23.8,0,2490.95,24.4,0,2441.64,24.2,0,2241.83,23.8,0,2716.12,23.4,0,2417.45,24.2,0,2422.01,24.1,0,2445.85,23.7,0
"2026-03-09 19:15:00",409,801,"Chapada_High",11.93,2274.92,24,0,2362.74,23.5,2,2491.77,24.1,0,2444.12,23.9,0,2242.72,23.4,7,2716.21,23.1,0,2418.51,23.9,0,2423.27,23.8,0,2446.27,23.4,3
"2026-03-09 19:30:00",410,801,"Chapada_High",11.93,2275.48,23.7,0,2362.93,23.2,0,2491.85,23.7,0,2444.47,23.5,0,2244.28,23,0,2717.06,22.8,4,2419.14,23.7,0,2424.24,23.5,0,2447.6,23.1,0
"2026-03-09 19:45:00",411,801,"Chapada_High",11.93,2275.92,23.4,0,2364.84,22.9,0,2493.02,23.5,0,2445.2,23.2,0,2245.05,22.6,0,2716.74,22.4,0,2419.92,23.4,0,2424.43,23.3,0,2447.64,22.8,10
"2026-03-09 20:00:00",412,801,"Chapada_High",11.93,2276.29,23.2,0,2364.73,22.7,0,2493.79,23.2,0,2446.11,23,0,2245.79,22.4,0,2717.27,22.3,0,2420.74,23.3,0,2425.93,23.1,0,2448.78,22.6,0
"2026-03-09 20:15:00",413,801,"Chapada_High",11.93,2276.37,23.1,6,2365.53,22.6,0,2494.52,23.1,0,2446.32,22.9,0,2246.41,22.3,0,2719.26,22.3,0,2421.66,23.2,12,2426.15,23,0,2448.08,22.5,0
"2026-03-09 20:30:00",414,801,"Chapada_High",11.92,2277.64,23,0,2365.66,22.5,0,2495.03,23,0,2446.72,22.8,0,2247.29,22.3,0,2717.88,22.2,2,2421.88,23,0,2426.04,22.9,0,2448.28,22.4,0
"2026-03-09 20:45:00",415,801,"Chapada_High",11.93,2277.85,22.9,0,2366.74,22.4,0,2495.29,22.9,9,2449.15,22.7,0,2247.77,22.2,0,2718.03,22.1,1,2421.99,22.9,0,2428.3,22.8,0,2448.96,22.3,0
"2026-03-09 21:00:00",416,801,"Chapada_High",11.93,2277.88,22.9,0,2366.4,22.5,10,2496.43,22.8,0,2449.74,22.7,0,2248.02,22.3,0,2718.84,22.2,0,2423.48,22.8,0,2428.72,22.8,14,2448.63,22.4,0
"2026-03-09 21:15:00",417,801,"Chapada_High",11.93,2279.04,23,0,2366.74,22.5,0,2496.97,22.9,0,2450.71,22.8,0,2248.24,22.5,0,2718.43,22.3,0,2423.74,22.8,0,2429.26,22.8,0,2449.72,22.5,0
"2026-03-09 21:30:00",418,801,"Chapada_High",11.93,2279.56,23,0,2367.77,22.6,0,2496.65,22.9,0,2451.75,22.8,0,2248.44,22.4,0,2718.27,22.3,0,2424.74,22.8,0,2430.08,22.8,0,2449.43,22.4,0
"2026-03-09 21:45:00",419,801,"Chapada_High",11.93,2278.78,22.8,0,2368.51,22.4,0,2497.25,22.7,0,2451.58,22.7,3,2249.35,22.2,0,2718.76,22.1,0,2424.79,22.7,0,2430.18,22.7,0,2449.96,22.3,0
"2026-03-09 22:00:00",420,801,"Chapada_High",11.93,2279.34,22.6,0,2369.27,22.2,0,2497.77,22.5,0,2451.72,22.4,0,2250.04,21.8,0,2719.3,22,0,2425,22.6,0,2431.04,22.5,0,2449.9,22.1,0
"2026-03-09 22:15:00",421,801,"Chapada_High",11.93,2280.9,22.4,0,2370.15,22,16,2497.44,22.4,0,2453.21,22.3,0,2248.19,21.6,0,2718.97,21.7,0,2426.07,22.5,0,2430.74,22.3,2,2450.46,21.9,0
"2026-03-09 22:30:00",422,801,"Chapada_High",11.93,2283.11,22.3,0,2370.23,21.9,0,2498.85,22.2,0,2453.14,22.1,0,2249.54,21.5,0,2719.05,21.6,8,2426.25,22.4,0,2431.01,22.2,0,2450.94,21.8,0
"2026-03-09 22:45:00",423,801,"Chapada_High",11.93,2283.1,22.2,0,2371.25,21.8,0,2499.57,22.1,0,2454.79,22,0,2249.59,21.3,0,2719.26,21.5,0,2426.52,22.3,0,2431.57,22,0,2450.92,21.7,0
"2026-03-09 23:00:00",424,801,"Chapada_High",11.93,2283.59,22,0,2371.34,21.7,0,2499.87,22,0,2455.94,21.9,0,2250.58,21.3,0,2718.88,21.5,0,2428.15,22.2,1,2432.26,21.9,0,2451.21,21.6,0
"2026-03-09 23:15:00",425,801,"Chapada_High",11.92,2284.69,21.9,0,2372,21.6,0,2500.39,21.9,0,2456.6,21.8,0,2250.84,21.1,0,2719.42,21.4,0,2427.91,22.1,0,2432.17,21.9,0,2451.72,21.5,0
"2026-03-09 23:30:00",426,801,"Chapada_High",11.92,2284.75,21.9,0,2372.8,21.5,0,2500.86,21.8,0,2455.53,21.7,3,2251.37,21,0,2719.65,21.3,4,2427.75,22,0,2433.09,21.7,0,2451.36,21.4,0
"2026-03-09 23:45:00",427,801,"Chapada_High",11.93,2285.17,21.8,0,2373.54,21.4,12,2500.98,21.7,0,2457.81,21.6,14,2252.18,20.9,0,2719.36,21.2,0,2428.13,22,4,2432.98,21.7,1,2451.77,21.3,0
"2026-03-10 00:00:00",428,801,"Chapada_High",11.92,2285.13,21.6,0,2373.97,21.3,0,2501.25,21.5,0,2457.83,21.5,0,2251.92,20.8,0,2721.83,21,14,2428.98,21.9,0,2431.74,21.6,0,2452.47,21.2,0
"2026-03-10 00:15:00",429,801,"Chapada_High",11.92,2285.34,21.5,0,2374.32,21.2,0,2501.9,21.4,0,2458.03,21.4,10,2252.46,20.7,0,2720.44,20.9,0,2429.24,21.8,0,2433.49,21.5,0,2451.98,21.1,0
"2026-03-10 00:30:00",430,801,"Chapada_High",11.92,2286.1,21.4,16,2375.45,21.1,5,2502.73,21.4,3,2458.79,21.3,0,2252.73,20.7,0,2720.71,21,0,2430.52,21.7,0,2432.62,21.4,0,2452.38,21,0
"2026-03-10 00:45:00",431,801,"Chapada_High",11.92,2286.64,21.5,0,2375.43,21.1,2,2502.65,21.4,0,2459.39,21.4,0,2252.62,20.7,0,2720.58,21,0,2429.87,21.7,0,2434.59,21.4,0,2452.81,21.1,0
"2026-03-10 01:00:00",432,801,"Chapada_High",11.93,2287.84,21.4,0,2376.4,21.1,4,2503.25,21.4,0,2460.12,21.4,0,2253.77,20.7,0,2719.87,21,0,2430.66,21.7,0,2431.93,21.4,0,2452.9,21.1,0
"2026-03-10 01:15:00",433,801,"Chapada_High",11.93,2286.93,21.4,0,2376.55,21.1,0,2503.39,21.4,0,2461.04,21.4,0,2253.96,20.7,0,2720.37,21,0,2430.45,21.6,1,2434.84,21.3,0,2453.07,21.1,0
"2026-03-10 01:30:00",434,801,"Chapada_High",11.93,2287.09,21.4,0,2376.99,21.1,6,2504.52,21.3,0,2460.5,21.3,0,2254.09,20.7,0,2720.5,21,0,2431.94,21.6,10,2435.16,21.3,0,2452.5,21,0
"2026-03-10 01:45:00",435,801,"Chapada_High",11.93,2288.56,21.4,0,2377.41,21.1,0,2504.2,21.3,0,2462.23,21.3,0,2254.49,20.6,0,2721.95,21,8,2431.49,21.6,0,2435.39,21.3,0,2452.83,21,0
"2026-03-10 02:00:00",436,801,"Chapada_High",11.93,2288.33,21.4,0,2377.52,21.1,0,2504.53,21.2,0,2462.26,21.2,0,2255.11,20.6,0,2721.22,20.9,0,2432.45,21.5,8,2434.32,21.3,0,2452.81,21,0
"2026-03-10 02:15:00",437,801,"Chapada_High",11.92,2288.58,21.3,0,2377.85,21,0,2504.97,21.2,0,2463.29,21.2,0,2255.46,20.6,0,2720.4,20.9,0,2432.27,21.5,0,2436.11,21.2,0,2452.89,20.9,0
"2026-03-10 02:30:00",438,801,"Chapada_High",11.92,2288.47,21.3,0,2378.39,21,0,2504.99,21.2,0,2462.66,21.2,0,2255.04,20.6,0,2721.28,20.9,2,2432.46,21.5,0,2434.02,21.2,0,2452.66,20.9,0
"2026-03-10 02:45:00",439,801,"Chapada_High",11.92,2290.01,21.2,0,2379.19,21,0,2505.3,21.2,6,2462.54,21.2,0,2256.35,20.6,0,2722.18,20.9,0,2432.63,21.5,0,2436.28,21.2,0,2452.96,20.9,0
"2026-03-10 03:00:00",440,801,"Chapada_High",11.92,2290.45,21.2,0,2379.46,20.9,0,2504.94,21.1,0,2463.18,21.2,0,2256.31,20.5,0,2721.52,20.9,0,2433.02,21.4,8,2434.41,21.1,0,2453.18,20.9,0
"2026-03-10 03:15:00",441,801,"Chapada_High",11.92,2289.35,21.2,0,2379.58,21,0,2506.37,21.2,0,2463.3,21.3,4,2256.37,20.6,0,2722.13,20.9,0,2432.7,21.4,0,2436.52,21.2,0,2453.09,20.9,0
"2026-03-10 03:30:00",442,801,"Chapada_High",11.92,2290.42,21.2,0,2380.5,21,0,2507.94,21.1,0,2465.47,21.2,0,2256.14,20.6,0,2721.83,20.9,0,2433.49,21.4,0,2436.67,21.2,0,2453.64,20.9,3
"2026-03-10 03:45:00",443,801,"Chapada_High",11.92,2290.57,21.2,0,2381.14,20.9,0,2506.16,21.1,0,2465.62,21.2,0,2256.93,20.5,0,2724.63,20.9,0,2433.46,21.4,0,2436.41,21.2,0,2452.84,20.9,0
"2026-03-10 04:00:00",444,801,"Chapada_High",11.93,2290.84,21.2,0,2381.61,20.9,0,2506.54,21.1,0,2466.15,21.2,0,2257.04,20.6,6,2721.78,20.9,6,2434.36,21.4,6,2435.37,21.2,0,2453.93,20.8,0
"2026-03-10 04:15:00",445,801,"Chapada_High",11.92,2290.81,21.2,0,2381.15,20.9,0,2506.81,21.1,0,2466.78,21.2,0,2257.15,20.6,0,2721.9,20.9,0,2433.58,21.3,0,2438.21,21.1,0,2453.48,20.8,0
"2026-03-10 04:30:00",446,801,"Chapada_High",11.93,2291.79,21.1,0,2381.3,20.9,0,2507.72,21.1,0,2466.81,21.2,0,2257.08,20.5,0,2722.42,20.9,1,2433.53,21.3,0,2435.42,21.1,1,2452.95,20.8,0
"2026-03-10 04:45:00",447,801,"Chapada_High",11.93,2292.21,21.1,0,2382.09,20.8,2,2507.42,21.1,0,2466.54,21.2,0,2257.83,20.5,0,2721.56,20.9,0,2433.95,21.3,0,2438.26,21.1,4,2453.62,20.8,8
"2026-03-10 05:00:00",448,801,"Chapada_High",11.92,2292.42,21,0,2383.13,20.8,0,2507.81,21,0,2465.7,21.1,0,2258.12,20.4,0,2721.08,20.8,0,2434.69,21.2,0,2437.66,21,0,2453.97,20.7,0
"2026-03-10 05:15:00",449,801,"Chapada_High",11.93,2292.54,21,0,2383.45,20.7,0,2507.53,21,0,2467.75,21,1,2259.19,20.3,0,2721.51,20.8,0,2433.86,21.2,0,2437.76,21,8,2453.57,20.7,0
"2026-03-10 05:30:00",450,801,"Chapada_High",11.92,2293.05,20.9,0,2383.57,20.7,0,2509.7,20.9,0,2468.34,21,0,2258.45,20.2,0,2722.35,20.7,0,2434.73,21.1,0,2438.14,20.9,0,2453.69,20.6,0
"2026-03-10 05:45:00",451,801,"Chapada_High",11.93,2293.16,20.8,0,2384.21,20.6,0,2509.82,20.8,0,2468.24,20.9,0,2259.01,20.1,0,2721.44,20.5,0,2435.25,21.1,0,2438.22,20.8,0,2454.24,20.5,0
"2026-03-10 06:00:00",452,801,"Chapada_High",11.92,2293.56,20.7,0,2384.79,20.5,0,2508.79,20.7,0,2469.45,20.8,0,2258.97,20,0,2722.53,20.5,5,2435.53,21,0,2436.9,20.8,0,2454.29,20.4,0
"2026-03-10 06:15:00",453,801,"Chapada_High",11.92,2293.07,20.6,0,2385.19,20.4,0,2510.53,20.6,0,2468.87,20.7,0,2259.85,19.9,0,2722.25,20.4,0,2435.17,20.9,0,2438.41,20.7,0,2454.84,20.3,0
"2026-03-10 06:30:00",454,801,"Chapada_High",11.92,2294,20.5,0,2384.51,20.4,0,2511.19,20.6,0,2470.1,20.7,0,2260.38,19.8,0,2721.51,20.3,0,2436.04,20.9,0,2438.56,20.6,0,2454.93,20.3,0
"2026-03-10 06:45:00",455,801,"Chapada_High",11.92,2294.29,20.5,0,2385.31,20.3,0,2510.97,20.5,0,2470.15,20.7,0,2261.03,19.8,0,2721.87,20.3,0,2435.25,20.8,0,2436.43,20.6,0,2454.83,20.2,0
"2026-03-10 07:00:00",456,801,"Chapada_High",11.92,2293.6,20.5,0,2386,20.3,0,2511.82,20.5,0,2470.61,20.7,0,2259.7,19.9,0,2721.4,20.4,0,2435.89,20.8,0,2435.93,20.6,0,2454.8,20.3,0
"2026-03-10 07:15:00",457,801,"Chapada_High",11.92,2295.31,20.6,0,2385.85,20.4,1,2511.36,20.6,0,2469.95,20.7,0,2261.1,20,0,2721.21,20.4,0,2436.67,20.8,0,2436.67,20.6,0,2454.16,20.3,0
"2026-03-10 07:30:00",458,801,"Chapada_High",11.92,2295.49,20.7,0,2386.08,20.5,0,2511.02,20.7,0,2471.79,20.8,0,2260.62,20.2,0,2723.12,20.6,0,2436.22,20.9,5,2439.14,20.7,0,2454.77,20.4,2
"2026-03-10 07:45:00",459,801,"Chapada_High",11.92,2295.22,20.8,0,2386.13,20.7,3,2509.91,20.8,0,2471.42,21,0,2261.11,20.5,0,2720.29,20.8,0,2436.27,21.1,0,2436.6,20.9,0,2454.63,20.6,0
"2026-03-10 08:00:00",460,801,"Chapada_High",11.92,2295.12,21,0,2386.2,20.9,15,2511.61,21,0,2470.78,21.4,0,2260.65,20.9,0,2720.98,21.1,0,2436.03,21.3,0,2438.75,21.2,0,2454.12,20.9,0
"2026-03-10 08:15:00",461,801,"Chapada_High",11.93,2295.95,21.4,0,2386.1,21.4,0,2509.25,21.4,0,2471.77,21.8,0,2260.41,21.5,15,2720.46,21.5,0,2436.29,21.6,0,2438.73,21.6,0,2453.26,21.5,0
"2026-03-10 08:30:00",462,801,"Chapada_High",11.93,2293.11,22.2,0,2385.94,22.1,5,2508.85,21.9,0,2471.58,22.5,0,2261.25,22.4,0,2719.01,22.1,0,2434.92,22,0,2437.52,22.2,0,2452.48,22,8
"2026-03-10 08:45:00",463,801,"Chapada_High",11.92,2291.21,22.6,0,2384.25,23,0,2508.44,22.7,0,2469.48,23.3,2,2258.7,23.4,0,2718.6,22.8,0,2434.54,22.5,0,2436.21,22.9,0,2452.03,22.6,0
"2026-03-10 09:00:00",464,801,"Chapada_High",11.92,2291.41,22.8,2,2383.77,23.1,0,2507.72,23.1,0,2467.7,24,0,2257.41,23.7,0,2716.84,23.1,0,2432.62,22.8,0,2435.04,23.3,0,2451.3,22.8,0
"2026-03-10 09:15:00",465,801,"Chapada_High",11.93,2290.58,23,0,2383.59,23.2,0,2506.89,23.2,0,2467.89,24.3,0,2258.32,24.6,0,2716.56,23.4,0,2431.72,23,0,2433.09,23.7,0,2450.51,23,0
"2026-03-10 09:30:00",466,801,"Chapada_High",11.93,2290.15,23.5,4,2382.59,23.7,0,2505.3,23.6,0,2465.08,25,0,2257.58,24.7,0,2716.08,24.8,0,2430.16,23.5,0,2429.96,24.5,0,2450.2,23.4,0
"2026-03-10 09:45:00",467,801,"Chapada_High",11.93,2289.36,24.2,0,2380.41,24.3,0,2504.37,24.4,0,2464.57,25.9,0,2255.96,25.6,0,2714.45,25.1,0,2428.48,24.3,0,2427.68,25.8,0,2449.08,24.1,0
"2026-03-10 10:00:00",468,801,"Chapada_High",11.93,2287.13,25.5,0,2380.56,25.7,0,2501.68,26.1,0,2462.04,27.7,1,2254.08,27.2,0,2709.01,26.3,0,2426.24,25.3,0,2423.42,28.2,6,2446.71,25.7,3
"2026-03-10 10:15:00",469,801,"Chapada_High",11.93,2285.72,26.4,0,2376.72,26,20,2499.42,26.4,0,2457.98,28,0,2252.1,27.3,0,2706.35,26.6,0,2423.2,25.7,0,2420.69,28.2,0,2444.26,26.4,0
"2026-03-10 10:30:00",470,801,"Chapada_High",11.93,2284.44,25.9,0,2374.98,26.4,0,2499.17,26,0,2457.5,27.6,0,2251.5,27,0,2705.64,26.2,0,2421.5,25.8,0,2419.05,27.3,0,2444.55,26.1,0
"2026-03-10 10:45:00",471,801,"Chapada_High",11.93,2283.15,25.7,3,2375.84,26,0,2498.5,26.4,0,2454.81,27.4,0,2249.36,27,0,2706.63,26,0,2419.75,26,0,2416.86,26.9,0,2443.53,26.2,0
"2026-03-10 11:00:00",472,801,"Chapada_High",11.92,2280.57,27.1,0,2369.85,27.5,0,2496.13,28.1,0,2452.76,30.1,0,2247.47,29.4,0,2701.53,27.6,5,2413.99,27.2,0,2411.84,28.9,0,2441.8,27.5,8
"2026-03-10 11:15:00",473,801,"Chapada_High",11.93,2280.13,26.6,0,2369.63,26.9,0,2495.69,27.4,0,2450.18,28.9,0,2246.53,28.9,0,2704.73,27.5,0,2412.67,27,0,2409.47,28.1,0,2441.36,27.2,0
"2026-03-10 11:30:00",474,801,"Chapada_High",11.93,2278.07,26.6,0,2367.77,26.9,0,2495.36,27.5,0,2450.9,29,0,2245.46,28.6,0,2698.42,27.4,0,2410.93,27.2,0,2407.15,28,0,2441.92,27.3,0
"2026-03-10 11:45:00",475,801,"Chapada_High",11.93,2276.99,27.1,0,2367.58,27.6,17,2493.51,28.1,0,2447.67,30.3,0,2243.45,29.5,0,2697.34,27.9,0,2408.78,27.9,0,2405.82,28.9,0,2439.91,27.8,0
"2026-03-10 12:00:00",476,801,"Chapada_High",11.93,2275.61,27.5,2,2365.88,27.9,0,2491.32,28.6,0,2445.46,30.5,0,2242.1,29.6,0,2695.33,28.2,0,2405.97,28.3,0,2402.4,29.1,0,2437.48,28.8,0
"2026-03-10 12:15:00",477,801,"Chapada_High",11.93,2276.37,28.1,0,2362.29,28.1,0,2490.86,28.5,0,2443.19,30.6,0,2240.02,30.1,0,2694.08,28.1,0,2403.74,28.7,6,2400.25,29,0,2437.32,29,0
"2026-03-10 12:30:00",478,801,"Chapada_High",11.93,2275.14,28.2,0,2361.45,28.8,0,2490.61,29.3,0,2440.29,31.8,0,2238.41,30.7,0,2691.83,28.4,0,2399.98,29.6,0,2396.62,29.3,0,2435.23,29.4,0
"2026-03-10 12:45:00",479,801,"Chapada_High",11.93,2271.98,27.5,0,2359.68,27.7,0,2490.62,28.7,0,2440.47,30,0,2239.12,29.3,0,2691.87,27.6,0,2398.6,28.6,0,2395.73,28.4,0,2437.93,28.3,2
"2026-03-10 13:00:00",480,801,"Chapada_High",11.93,2270.32,27,12,2359.07,27,0,2488.35,27.9,0,2439.02,28.8,0,2239.09,29.2,0,2695.31,27,0,2398.72,27.8,0,2395.19,27.7,0,2438.42,27.5,1
"2026-03-10 13:15:00",481,801,"Chapada_High",11.93,2270.71,26.8,0,2360.23,26.7,0,2488.12,27.5,0,2437.12,28,0,2239.47,28.2,0,2692.58,27.3,0,2398.24,27.3,0,2395.41,27.3,0,2437.81,27.2,0
"2026-03-10 13:30:00",482,801,"Chapada_High",11.93,2268.49,25.5,0,2368.23,25.3,0,2489.29,26.2,0,2449.34,25.9,0,2252.44,25.6,0,2696.53,25.4,0,2415.72,26.5,0,2401.53,25.9,9,2432.4,25.6,0
"2026-03-10 13:45:00",483,801,"Chapada_High",11.92,2274.66,23.6,3,2459.16,23.2,0,2549.03,24.4,0,2594.08,23.7,0,2265.03,22.4,0,2830.57,23,0,2584.2,24.4,0,2422.96,24.6,0,2468.59,23.6,0
"2026-03-10 14:00:00",484,801,"Chapada_High",11.93,2281.64,22.9,0,2482.92,22.6,0,2550.65,23.3,0,2618.98,23.1,0,2271.73,21.6,0,2854.63,22.2,4,2582.89,23.7,0,2449.28,23.8,0,2469.7,22.8,0
"2026-03-10 14:15:00",485,801,"Chapada_High",11.93,2287.78,23,0,2490.77,22.8,0,2546.47,23.1,0,2611.37,23.2,0,2276.87,21.8,0,2850.99,22.4,0,2576.25,23.7,5,2469.54,23.7,3,2466.94,22.9,0
"2026-03-10 14:30:00",486,801,"Chapada_High",11.92,2298.21,22.4,0,2494.84,22.2,0,2544.65,22.8,0,2604.73,22.8,0,2278.82,21,0,2850.5,21.9,0,2571.59,23.3,0,2478.23,23.2,0,2470.75,22.3,0
"2026-03-10 14:45:00",487,801,"Chapada_High",11.92,2303.5,22.2,0,2493.56,22,0,2543.4,22.5,0,2599.47,22.6,0,2281.44,21.1,0,2849.88,21.7,0,2567.1,23.1,0,2482.37,22.9,0,2469.03,22.2,1
"2026-03-10 15:00:00",488,801,"Chapada_High",11.92,2306.58,22.1,0,2492.09,21.8,0,2543.31,22.3,0,2594.19,22.5,0,2284.55,21.1,0,2848.64,21.8,0,2564.39,22.9,0,2486.5,22.7,0,2467.15,22,0
"2026-03-10 15:15:00",489,801,"Chapada_High",11.92,2311.54,22,0,2489.45,21.7,0,2542.08,22.2,0,2589.73,22.3,0,2286.82,20.9,0,2849.85,21.7,0,2561.57,22.9,0,2488.18,22.6,2,2466.1,21.9,0
"2026-03-10 15:30:00",490,801,"Chapada_High",11.93,2314.71,22.1,0,2486.56,21.9,0,2542.03,22.3,0,2585.56,22.5,0,2287.79,21.3,0,2848.46,21.8,0,2560.1,22.9,0,2489.62,22.9,0,2466.09,22.1,0
"2026-03-10 15:45:00",491,801,"Chapada_High",11.93,2317.92,22.3,0,2484.84,22,0,2541.74,22.4,0,2581.46,22.6,0,2288.63,21.6,0,2846.65,22,0,2557.72,22.9,0,2490.52,22.8,0,2466.47,22.5,0
"2026-03-10 16:00:00",492,801,"Chapada_High",11.92,2316.64,22.7,2,2481.59,22.3,0,2541.63,22.5,0,2577.93,22.7,0,2291.82,21.8,0,2845.28,22.2,0,2556.25,23,0,2491.2,22.8,0,2465.43,22.5,0
"2026-03-10 16:15:00",493,801,"Chapada_High",11.92,2317.73,22.6,0,2479.4,22.5,0,2540.52,22.8,0,2574.41,22.8,0,2292.78,22,0,2844.52,22.2,0,2554.02,23,0,2491.82,22.9,0,2465,22.5,0
"2026-03-10 16:30:00",494,801,"Chapada_High",11.92,2318.19,22.7,0,2478.17,22.6,0,2539.77,23.1,0,2570.9,23.5,2,2293,22.5,0,2843.3,22.5,0,2551.8,23.2,0,2492.68,23.1,0,2464.15,22.9,14
"2026-03-10 16:45:00",495,801,"Chapada_High",11.93,2319.19,22.8,0,2476.16,22.7,0,2539.08,23.1,0,2567.73,23.4,0,2291.23,23.6,0,2844.2,22.6,0,2551,23.3,0,2492.49,23.1,0,2464.46,23,0
"2026-03-10 17:00:00",496,801,"Chapada_High",11.92,2319.9,22.8,0,2475,22.7,0,2538.13,23,0,2566.33,23.2,0,2294.32,22.9,0,2840.66,23.3,0,2549.99,23.2,0,2492.71,23.1,0,2464.23,22.8,0
"2026-03-10 17:15:00",497,801,"Chapada_High",11.93,2320.81,22.9,0,2472.65,22.8,0,2537.33,23.1,0,2563.16,23.2,0,2294.85,23,0,2841.31,23.1,0,2547.38,23.5,0,2492.86,23.2,0,2464.35,23,0
"2026-03-10 17:30:00",498,801,"Chapada_High",11.92,2320.31,23.1,0,2471.16,22.8,5,2536.47,23.2,0,2560.77,23.3,0,2292.72,23.2,0,2840.67,23.1,0,2546.42,23.5,2,2493.11,23.5,0,2463.19,23.5,0
"2026-03-10 17:45:00",499,801,"Chapada_High",11.93,2321.17,23.6,0,2470.27,22.9,0,2535.9,23.2,0,2558,23.3,6,2292.41,23.3,0,2839.44,23.2,0,2545.95,23.4,0,2493.18,23.3,0,2462.81,23.7,0
"2026-03-10 18:00:00",500,801,"Chapada_High",11.93,2320.98,23.4,0,2467.6,23.5,0,2535.66,23.2,0,2555.31,23.2,0,2292.14,23.3,0,2839.28,23.3,0,2544.51,23.3,0,2492.36,23.2,0,2463.39,23.4,0
"2026-03-10 18:15:00",501,801,"Chapada_High",11.93,2320.97,23.3,4,2466.51,23.1,0,2534.27,23.6,0,2554.37,23.2,0,2292.1,23.2,0,2838.89,23.3,0,2544.03,23.3,0,2493.41,23.2,3,2463.89,23.2,0
"2026-03-10 18:30:00",502,801,"Chapada_High",11.93,2321.01,23.2,7,2464.97,22.9,0,2534.95,23.3,0,2551.85,23.4,9,2292.52,23.2,0,2838.26,23.2,0,2542.66,23.2,0,2492.75,23.1,0,2464.17,23.1,0
"2026-03-10 18:45:00",503,801,"Chapada_High",11.93,2321.53,23.1,0,2464.32,22.8,0,2534.28,23.2,0,2551.21,23.2,0,2295.5,23.1,0,2840.75,23.2,0,2541.94,23.2,11,2492.29,23.1,0,2463.82,22.9,0
"2026-03-10 19:00:00",504,801,"Chapada_High",11.93,2321.77,22.9,5,2463.26,22.6,0,2533.55,23,0,2549.24,22.9,0,2296.61,22.6,0,2837.7,22.9,0,2540.68,23.1,0,2492.96,22.9,0,2464.29,22.7,0
"2026-03-10 19:15:00",505,801,"Chapada_High",11.93,2322.27,22.6,0,2463.28,22.4,0,2533.49,22.7,0,2546.78,22.6,0,2296.97,22.2,0,2836.78,22.6,0,2539.91,22.9,0,2492.91,22.7,0,2464.74,22.4,0
"2026-03-10 19:30:00",506,801,"Chapada_High",11.93,2322.57,22.4,0,2461.93,22.1,1,2534.09,22.5,0,2545.78,22.4,0,2297.58,21.9,0,2837.23,22.3,0,2539.46,22.7,0,2492.31,22.5,0,2464.69,22.2,0
"2026-03-10 19:45:00",507,801,"Chapada_High",11.93,2322.01,22.2,5,2460.97,22,10,2533.16,22.3,0,2545.73,22.2,0,2296.06,21.6,0,2836.23,22.2,0,2538.75,22.6,0,2493.29,22.3,0,2464.84,22,0
"2026-03-10 20:00:00",508,801,"Chapada_High",11.93,2324.51,22.1,0,2460.76,21.8,0,2533.44,22.1,0,2545.67,22.1,0,2296.83,21.4,0,2836.26,22,0,2537.95,22.4,1,2492.79,22.1,0,2465.57,21.8,0
"2026-03-10 20:15:00",509,801,"Chapada_High",11.93,2323.11,21.9,6,2460.38,21.6,0,2533.5,21.9,0,2544.32,21.9,0,2297.72,21.1,0,2835.87,21.8,0,2537.68,22.3,0,2493.15,21.9,0,2465.59,21.6,0
"2026-03-10 20:30:00",510,801,"Chapada_High",11.93,2324.51,21.7,0,2459.71,21.4,0,2533.28,21.7,0,2543.75,21.7,0,2298.18,20.9,0,2836.47,21.6,0,2537.36,22.1,0,2492.88,21.8,3,2465.97,21.3,0
"2026-03-10 20:45:00",511,801,"Chapada_High",11.92,2323.88,21.5,0,2459.42,21.2,0,2533.62,21.5,0,2542.07,21.5,0,2298.45,20.7,0,2835.82,21.4,0,2536.66,22,0,2492.57,21.6,0,2466.13,21.2,0
"2026-03-10 21:00:00",512,801,"Chapada_High",11.92,2324.45,21.4,0,2458.75,21.1,0,2532.94,21.4,0,2541.35,21.3,0,2298.95,20.7,0,2835.33,21.2,0,2536.13,21.8,0,2491.76,21.5,0,2466.35,21,0
"2026-03-10 21:15:00",513,801,"Chapada_High",11.93,2324.55,21.3,8,2458.25,21,0,2533.2,21.3,0,2539.62,21.2,0,2299.37,20.6,3,2835.16,21.2,1,2535.27,21.7,0,2492.53,21.4,0,2466.66,21,0
"2026-03-10 21:30:00",514,801,"Chapada_High",11.92,2325.66,21.1,0,2458.1,20.9,0,2533.19,21.1,0,2539.37,21.1,0,2299.87,20.3,0,2834.93,21,0,2535.43,21.6,0,2491.68,21.2,0,2466.49,20.8,0
"2026-03-10 21:45:00",515,801,"Chapada_High",11.92,2325.31,21,0,2457.82,20.7,0,2533.53,21,0,2539.74,21,4,2299.76,20.2,22,2834.37,20.9,0,2534.47,21.5,0,2491.65,21.1,0,2467.31,20.7,0
"2026-03-10 22:00:00",516,801,"Chapada_High",11.93,2324.82,21,14,2456.82,20.7,11,2532.99,20.9,0,2538.85,20.9,0,2301.29,20.1,0,2833.55,20.9,0,2533.83,21.4,0,2493.1,21.1,0,2466.77,20.6,0
"2026-03-10 22:15:00",517,801,"Chapada_High",11.92,2324.3,20.9,0,2456.91,20.6,0,2534.05,20.8,0,2538.41,20.8,0,2300.42,20.1,0,2833.18,20.7,0,2533.42,21.3,0,2492.66,21,1,2466.85,20.5,0
"2026-03-10 22:30:00",518,801,"Chapada_High",11.92,2325.23,20.8,0,2455.9,20.5,0,2533.17,20.7,0,2537.49,20.7,0,2301.27,20,0,2836.58,20.6,0,2533.23,21.3,0,2492.3,20.9,0,2467.05,20.4,0
"2026-03-10 22:45:00",519,801,"Chapada_High",11.92,2324.73,20.7,0,2455.3,20.4,0,2534.77,20.7,0,2538.43,20.7,0,2302.15,20,0,2833.12,20.6,0,2532.49,21.2,0,2490.99,20.8,0,2467.08,20.3,0
"2026-03-10 23:00:00",520,801,"Chapada_High",11.92,2325.23,20.7,0,2455.63,20.4,0,2532.84,20.6,0,2537.24,20.6,0,2300.85,19.9,0,2831.84,20.5,0,2531.87,21.1,0,2490.84,20.8,0,2467.98,20.3,0
"2026-03-10 23:15:00",521,801,"Chapada_High",11.92,2325.07,20.6,0,2454.6,20.3,0,2534.71,20.5,0,2536.07,20.5,0,2301.85,19.6,0,2831.71,20.4,0,2531.86,21,0,2490.6,20.6,0,2467.53,20.2,0
"2026-03-10 23:30:00",522,801,"Chapada_High",11.92,2325.25,20.5,0,2454.29,20.2,0,2534.17,20.4,0,2534.88,20.4,0,2302.52,19.7,0,2831.25,20.4,0,2531.24,20.9,0,2490.39,20.6,0,2467.4,20.1,0
"2026-03-10 23:45:00",523,801,"Chapada_High",11.92,2324.95,20.4,0,2453.5,20.1,14,2533.63,20.4,0,2535.08,20.4,0,2303.02,19.7,0,2831.19,20.3,0,2529.93,20.9,0,2490.39,20.5,0,2467.81,20.1,0
"2026-03-11 00:00:00",524,801,"Chapada_High",11.92,2324.89,20.4,1,2453.91,20.1,0,2534.07,20.3,0,2536,20.3,0,2303.03,19.7,0,2830.69,20.3,0,2529.97,20.8,0,2490.39,20.5,0,2467.61,20,0
"2026-03-11 00:15:00",525,801,"Chapada_High",11.92,2325.43,20.3,2,2453.64,20.1,0,2534.05,20.3,0,2535.22,20.3,0,2302.71,19.7,0,2831.74,20.3,0,2530.07,20.8,0,2491.41,20.4,0,2467.59,20,4
"2026-03-11 00:30:00",526,801,"Chapada_High",11.92,2325.32,20.3,12,2453.34,20.1,0,2533.52,20.3,0,2535.8,20.3,0,2303.68,19.6,0,2830.06,20.3,0,2529.33,20.7,0,2491.38,20.4,0,2467.81,20,0
"2026-03-11 00:45:00",527,801,"Chapada_High",11.92,2325.9,20.4,27,2452.8,20.2,0,2534.6,20.4,0,2534.62,20.4,0,2302.67,19.8,0,2829.28,20.4,0,2529.37,20.8,0,2491.12,20.5,0,2467.42,20.1,0
"2026-03-11 01:00:00",528,801,"Chapada_High",11.92,2325.37,20.5,0,2452.5,20.3,0,2533.86,20.5,0,2533.58,20.5,0,2303.01,19.9,0,2829.17,20.5,0,2528.07,20.8,0,2490.94,20.6,0,2467.22,20.3,12
"2026-03-11 01:15:00",529,801,"Chapada_High",11.93,2326.08,20.6,0,2452.01,20.4,0,2534.15,20.5,19,2532.91,20.6,0,2303.41,20.1,0,2828.82,20.6,0,2527.94,20.9,0,2488.97,20.6,0,2467.45,20.3,0
"2026-03-11 01:30:00",530,801,"Chapada_High",11.92,2324.96,20.6,0,2451.32,20.4,0,2533.84,20.6,14,2532.92,20.6,0,2303.53,20.1,13,2828.88,20.6,20,2527.26,20.9,0,2489.61,20.6,0,2467.02,20.3,0
"2026-03-11 01:45:00",531,801,"Chapada_High",11.92,2324.62,20.6,7,2451.77,20.4,0,2533.59,20.6,0,2533.4,20.7,4,2303.55,20,0,2827.88,20.6,0,2527.81,20.9,0,2490.79,20.7,0,2467.55,20.3,0
"2026-03-11 02:00:00",532,801,"Chapada_High",11.92,2326,20.6,9,2451.53,20.4,0,2532.52,20.6,0,2533.55,20.7,0,2303.96,20.1,0,2827.88,20.7,6,2521.93,20.9,2,2490.68,20.7,0,2467.4,20.4,0
"2026-03-11 02:15:00",533,801,"Chapada_High",11.92,2325.55,20.7,18,2450.91,20.5,0,2533.44,20.7,0,2533.19,20.8,0,2303.27,20.3,0,2831.1,20.8,0,2510.45,20.9,0,2489.94,20.8,0,2467.12,20.5,0
"2026-03-11 02:30:00",534,801,"Chapada_High",11.92,2326.05,20.7,0,2450.73,20.5,0,2532.6,20.7,0,2532.62,20.8,0,2304.03,20.3,0,2827.06,20.8,1,2507.23,21,0,2490.41,20.8,0,2467.3,20.5,6
"2026-03-11 02:45:00",535,801,"Chapada_High",11.92,2325.64,20.7,4,2449.91,20.5,0,2532.33,20.7,0,2532.42,20.7,0,2304.08,20.1,0,2827.39,20.7,5,2506.83,20.9,0,2490.39,20.8,1,2467.49,20.4,10
"2026-03-11 03:00:00",536,801,"Chapada_High",11.92,2326.25,20.6,0,2449.61,20.4,0,2533.67,20.6,0,2532.67,20.7,0,2304.37,20.1,0,2826.79,20.7,0,2506.46,20.9,0,2490.05,20.7,0,2467.42,20.4,0
"2026-03-11 03:15:00",537,801,"Chapada_High",11.92,2325.4,20.6,0,2449.67,20.4,0,2534.16,20.6,0,2532.56,20.7,0,2304,20,0,2826.59,20.6,1,2506.36,20.9,0,2490.06,20.7,0,2466.78,20.3,0
"2026-03-11 03:30:00",538,801,"Chapada_High",11.92,2325.1,20.5,0,2450.79,20.3,0,2533.8,20.5,0,2531.45,20.5,0,2304.72,19.9,0,2826.05,20.5,0,2505.93,20.8,0,2489.86,20.6,0,2467.75,20.2,2
"2026-03-11 03:45:00",539,801,"Chapada_High",11.92,2324.47,20.5,0,2450.1,20.3,0,2533.8,20.5,0,2531.4,20.6,0,2305.09,19.9,0,2825.57,20.5,0,2506,20.8,0,2489.82,20.6,0,2467.81,20.3,7
"2026-03-11 04:00:00",540,801,"Chapada_High",11.92,2324.11,20.5,0,2450.1,20.4,18,2533.66,20.5,0,2530.51,20.6,0,2304.83,20.1,0,2825.88,20.6,0,2504.82,20.8,19,2488.24,20.6,0,2467.16,20.3,0
"2026-03-11 04:15:00",541,801,"Chapada_High",11.92,2324.82,20.6,0,2449.41,20.4,0,2534.05,20.6,0,2531.63,20.7,0,2305.27,20.2,0,2824.12,20.7,0,2505.03,20.8,0,2488.35,20.7,0,2467.87,20.4,0
"2026-03-11 04:30:00",542,801,"Chapada_High",11.93,2323.79,20.6,0,2449.23,20.4,0,2533.17,20.6,0,2531.46,20.7,0,2305.13,20.2,0,2823.95,20.7,0,2504.01,20.9,0,2488.33,20.7,0,2467.07,20.4,0
"2026-03-11 04:45:00",543,801,"Chapada_High",11.92,2324.21,20.6,0,2449.45,20.4,0,2533.81,20.6,0,2531.65,20.7,0,2305.31,20.2,0,2823.21,20.7,0,2504.69,20.9,0,2487.36,20.7,0,2467.36,20.4,0
"2026-03-11 05:00:00",544,801,"Chapada_High",11.92,2323.88,20.6,13,2449.49,20.4,0,2533.88,20.5,0,2531.34,20.7,0,2305.58,20.1,5,2823.1,20.7,0,2503.61,20.8,0,2486.9,20.7,0,2467.75,20.3,0
"2026-03-11 05:15:00",545,801,"Chapada_High",11.92,2323.36,20.5,0,2449.28,20.3,4,2533.47,20.5,0,2531.34,20.6,0,2306.02,20,0,2823,20.6,0,2503.16,20.8,0,2487.26,20.6,0,2467.96,20.3,0
"2026-03-11 05:30:00",546,801,"Chapada_High",11.92,2324.09,20.5,0,2448.98,20.4,0,2533.74,20.5,0,2529.97,20.6,0,2305.37,20.1,0,2822.75,20.7,0,2502.73,20.8,0,2486.33,20.6,0,2467.82,20.3,0
"2026-03-11 05:45:00",547,801,"Chapada_High",11.92,2323.61,20.5,1,2449.15,20.4,5,2533.23,20.5,0,2529.94,20.6,0,2304.79,20.1,8,2822.08,20.7,0,2502.38,20.8,0,2487.84,20.6,0,2468.49,20.3,0
"2026-03-11 06:00:00",548,801,"Chapada_High",11.92,2322.72,20.5,0,2448.45,20.3,0,2533.38,20.5,0,2530.21,20.6,0,2305.92,20.1,0,2824.68,20.7,0,2502.19,20.8,0,2487.76,20.6,0,2467.56,20.3,0
"2026-03-11 06:15:00",549,801,"Chapada_High",11.92,2322.64,20.5,0,2448.85,20.4,0,2533.97,20.5,0,2529.27,20.6,0,2306.1,20.1,0,2821.34,20.6,0,2501.54,20.8,0,2486.32,20.6,0,2467.58,20.3,0
"2026-03-11 06:30:00",550,801,"Chapada_High",11.92,2323.98,20.5,0,2448,20.3,0,2533.48,20.4,0,2530.72,20.5,0,2306.11,20,0,2821.24,20.6,0,2501.08,20.8,0,2486.19,20.6,0,2467.75,20.3,0
"2026-03-11 06:45:00",551,801,"Chapada_High",11.92,2323.71,20.5,12,2448.6,20.3,7,2533.34,20.4,0,2529.54,20.5,0,2306.23,19.9,0,2820.49,20.5,0,2501.13,20.7,0,2487.52,20.6,0,2467.76,20.3,0
"2026-03-11 07:00:00",552,801,"Chapada_High",11.92,2322.96,20.5,0,2448.24,20.3,6,2533.61,20.4,0,2530.59,20.5,0,2305.61,20,0,2819.95,20.6,0,2500.69,20.7,0,2485.89,20.6,0,2468.03,20.3,0
"2026-03-11 07:15:00",553,801,"Chapada_High",11.92,2322.5,20.7,0,2448.15,20.7,0,2533.32,20.8,0,2529.93,20.8,0,2306.33,20.6,0,2819.06,20.9,0,2500,20.9,0,2486.81,20.9,0,2467.51,20.6,0
"2026-03-11 07:30:00",554,801,"Chapada_High",11.92,2323.03,21.1,0,2446.99,21.1,0,2531.97,21.1,9,2529.69,21.4,0,2304.52,21.3,0,2817.44,21.4,0,2499.21,21.2,2,2486.28,21.2,0,2467.38,21,0
"2026-03-11 07:45:00",555,801,"Chapada_High",11.92,2322.45,21.5,0,2446.18,21.5,0,2531.64,21.5,0,2528.92,21.9,0,2306.31,22.3,0,2816.93,21.9,0,2497.4,21.5,0,2486.12,21.6,0,2466.95,21.4,0
"2026-03-11 08:00:00",556,801,"Chapada_High",11.92,2319.12,22,0,2444.6,22.1,5,2530.51,22,0,2527.35,22.5,0,2302.51,23.2,0,2814.25,23,0,2497.57,21.9,0,2483.73,22.2,0,2465.73,22,0
"2026-03-11 08:15:00",557,801,"Chapada_High",11.92,2318.89,22.4,0,2443.71,22.6,0,2529.86,22.5,0,2525.29,22.9,0,2301,23.5,9,2813.57,23.2,0,2496.29,22.6,0,2483.33,22.8,0,2465.05,22.4,0
"2026-03-11 08:30:00",558,801,"Chapada_High",11.92,2317.5,22.3,0,2443.22,22.5,0,2528.75,22.4,0,2524.04,22.7,0,2301.31,23,0,2812.96,23,0,2494.85,22.5,0,2482.04,22.9,0,2464.82,22.4,0
"2026-03-11 08:45:00",559,801,"Chapada_High",11.93,2317.83,23,2,2442.18,22.8,0,2528.83,22.6,0,2524.28,23.1,0,2299.94,23.6,0,2811.37,23.2,0,2494.4,22.6,0,2481.33,23.1,0,2464.75,22.8,0
"2026-03-11 09:00:00",560,801,"Chapada_High",11.93,2316.19,23.5,0,2441.83,24.2,0,2527.32,23.3,0,2520.8,24.2,0,2299.34,24.7,0,2809.95,24.1,2,2492.34,23.1,11,2479.71,23.9,0,2463.83,23.3,0
"2026-03-11 09:15:00",561,801,"Chapada_High",11.93,2315.54,24.1,0,2439.65,24.7,0,2525.66,24.6,0,2517.59,25.3,0,2297.05,25.5,0,2807.72,24.9,0,2490.04,23.7,0,2475.5,24.9,0,2463.33,24,0
"2026-03-11 09:30:00",562,801,"Chapada_High",11.92,2313.15,24.8,0,2437.89,25.2,0,2523.85,25,0,2515.64,26.9,0,2294.55,26.8,0,2805.8,25.5,0,2487.72,24.2,0,2473.08,25.9,0,2462.71,24.5,0
"2026-03-11 09:45:00",563,801,"Chapada_High",11.92,2312.4,25.4,2,2433.29,25.7,0,2522.74,25.6,0,2512.48,27.1,0,2293.02,27.6,0,2805.64,26.7,0,2484.99,24.7,0,2470.23,26.8,0,2461.14,25,0
"2026-03-11 10:00:00",564,801,"Chapada_High",11.92,2311.41,25.8,0,2430.51,26.2,0,2521.14,26.3,0,2510.48,27.3,0,2290.16,27.6,0,2801.22,27.1,4,2482.16,25.4,0,2468.45,27.6,1,2460.66,25.4,0
"2026-03-11 10:15:00",565,801,"Chapada_High",11.93,2308.87,26.5,0,2427.83,26.8,0,2518.93,27.2,0,2506.5,28,0,2288.24,28,0,2798.42,27.4,0,2477.6,26.2,0,2466.15,29.3,0,2459.66,26,0
"2026-03-11 10:30:00",566,801,"Chapada_High",11.92,2307.76,26.1,0,2426.31,26.3,0,2518.94,26.7,0,2505.38,27.1,0,2289.07,27.1,0,2798.57,27,0,2477.24,25.9,0,2465.05,27.9,0,2459.8,25.7,0
"2026-03-11 10:45:00",567,801,"Chapada_High",11.92,2308.32,25.3,0,2427.55,25.5,0,2519.23,25.9,0,2506.74,26.3,1,2289.39,26,0,2798.82,26,0,2477.11,25.4,0,2465.21,26.7,0,2460.13,25.3,0
"2026-03-11 11:00:00",568,801,"Chapada_High",11.92,2308.26,24.9,3,2428.2,24.7,0,2519.81,25.1,0,2506.63,25.4,0,2289.39,25.2,0,2798.83,25.2,0,2476.32,24.8,0,2466.71,25.7,0,2460.45,24.7,0
"2026-03-11 11:15:00",569,801,"Chapada_High",11.92,2307.22,25.7,0,2424.14,26.5,0,2518.88,26.4,0,2504.25,27.5,0,2288.34,26.9,0,2797.84,26.4,0,2475.46,25.6,0,2464.49,26.9,0,2459.49,25.5,0
"2026-03-11 11:30:00",570,801,"Chapada_High",11.9,2306.15,26.7,0,2420.65,27.5,0,2515.95,28.3,0,2500.04,29.7,0,2284.59,28.5,0,2794.14,27.6,0,2472.36,26.6,0,2461.02,28.4,0,2458.01,26.5,0
"2026-03-11 11:45:00",571,801,"Chapada_High",11.9,2304,27.8,0,2419.56,28.5,0,2514.94,29.4,0,2496.54,31.7,0,2280.62,30.2,0,2790.12,28.7,0,2466.3,27.7,0,2457.22,29.5,0,2455.71,27.6,0
"2026-03-11 12:00:00",572,801,"Chapada_High",11.9,2303.49,26.6,0,2417.49,27.1,0,2514.7,27.8,0,2495.21,29,0,2282.48,28.6,0,2795.09,27.6,0,2465.59,26.9,0,2457.9,28,0,2457.29,26.8,0
"2026-03-11 12:15:00",573,801,"Chapada_High",11.9,2304.16,26,0,2418.06,26.3,0,2515.44,26.9,0,2496.23,27.7,0,2282.91,27.1,0,2791.18,26.8,0,2464.21,26.5,0,2458.12,27.2,0,2457.77,26.2,0
"2026-03-11 12:30:00",574,801,"Chapada_High",11.9,2326.13,25.1,0,2419.08,25.1,0,2509.43,25.8,0,2495.68,26.1,0,2284.29,25.4,0,2793.6,25.5,0,2467.08,25.8,0,2459.54,26.2,0,2457.23,25.1,0
"2026-03-11 12:45:00",575,801,"Chapada_High",11.9,2322.76,24.2,0,2418.57,24.1,0,2511.14,24.8,0,2496.44,24.9,0,2283.67,23.7,0,2800.16,24.4,0,2467.44,24.9,0,2459.89,25.2,0,2460.92,24.3,0
"2026-03-11 13:15:00",0,801,"Chapada_High",11.89,0,0,0,0,0,0,0,0,0,0,0,0,0,0,0,0,0,0,0,0,0,0,0,0,0,0,0
"2026-03-11 13:30:00",1,801,"Chapada_High",11.9,0,0,0,0,0,0,0,0,0,0,0,0,0,0,0,0,0,0,0,0,0,0,0,0,0,0,0
"2026-03-11 13:45:00",2,801,"Chapada_High",11.9,2328.45,22,0,2475.75,21.9,0,2547.4,22.2,0,2625.66,22.3,0,2320.86,21.5,1,2957.53,21.6,0,2584.08,22.3,0,2599.95,22.3,5,2479.12,21.8,0
"2026-03-11 14:00:00",3,801,"Chapada_High",11.9,2327.96,22.7,0,2483.93,22.5,0,2545.01,22.6,0,2616.7,22.9,0,2324.25,22.3,0,2952.83,22.7,0,2577.72,22.6,6,2587.46,22.7,0,2475.26,22.4,0
"2026-03-11 14:15:00",4,801,"Chapada_High",11.9,2327.85,23.5,0,2486.11,23.8,0,2542.06,23.6,0,2608.56,24,1,2320.43,23.9,0,2944.45,24.5,0,2572.51,23.3,0,2581.5,23.6,0,2468.33,23.8,0
"2026-03-11 14:30:00",5,801,"Chapada_High",11.9,2328.36,24.1,0,2485.48,24.3,0,2540.7,24.8,0,2600.22,25,0,2320.34,24.4,0,2940.96,26.1,1,2568.09,24.2,7,2576.63,24.3,0,2463.96,24.6,7
"2026-03-11 14:45:00",6,801,"Chapada_High",11.9,2329,24.4,0,2484.52,24.7,0,2540.38,24.9,0,2594.86,25.7,0,2319.59,26.5,0,2935.54,27.1,0,2564.76,24.7,0,2572.49,24.7,0,2462.73,25.1,0
"2026-03-11 15:00:00",7,801,"Chapada_High",11.89,2329.27,23.9,0,2481.88,24,0,2540.37,24.4,0,2590.81,24.8,0,2320.7,23.8,0,2931.29,26.2,0,2562.86,24.6,0,2570.79,24.3,0,2462.39,24.3,0
"2026-03-11 15:15:00",8,801,"Chapada_High",11.9,2329.88,23.2,0,2481.14,23.2,0,2539.75,23.6,0,2587.21,23.7,0,2323.19,22.8,0,2930.61,24.1,0,2560.35,24.2,10,2570.31,23.6,0,2463.98,23.4,0
"2026-03-11 15:30:00",9,801,"Chapada_High",11.9,2330,23,1,2479.96,23,0,2539.02,23.4,0,2585.13,23.5,0,2322.66,22.8,0,2929.32,23.5,0,2559.8,23.9,0,2568.95,23.7,2,2463.57,23.2,0
"2026-03-11 15:45:00",10,801,"Chapada_High",11.9,2329.11,23.2,1,2478.43,22.9,0,2538.62,23.3,10,2581.7,23.4,5,2320.58,22.9,0,2927.37,23.4,0,2558.55,23.7,0,2568.07,23.5,0,2462.59,23.5,0
"2026-03-11 16:00:00",11,801,"Chapada_High",11.9,2328.27,23.5,0,2476.9,23.5,7,2537.75,23.5,0,2578.88,23.7,3,2320.63,23.4,0,2923.69,23.6,0,2557.49,23.9,0,2566.69,23.6,0,2461.77,23.7,0
"2026-03-11 16:15:00",12,801,"Chapada_High",11.9,2327.68,23.8,0,2474.11,24,0,2536.12,24.6,0,2575.73,24.2,0,2319.23,24.2,0,2920.47,24,0,2555.87,24.3,0,2564.48,24,0,2460.7,24.4,0
"2026-03-11 16:30:00",13,801,"Chapada_High",11.9,2326.84,24.1,0,2471.71,24,0,2535.19,24.6,0,2571.44,25.4,0,2318.16,24.4,0,2918.45,24.2,0,2555.45,24.5,0,2562.78,24.4,20,2460.58,24.6,0
"2026-03-11 16:45:00",14,801,"Chapada_High",11.9,2326.43,24.2,0,2470.82,24.1,0,2534.18,24.6,0,2569.64,24.9,5,2319.58,25.4,0,2919.56,24.3,19,2554.05,24.6,0,2561.24,24.5,0,2460.14,24.6,0
"2026-03-11 17:00:00",15,801,"Chapada_High",11.9,2325.83,24.2,0,2469.03,24,0,2533.43,24.4,0,2567.4,24.6,0,2318.86,24.6,0,2910.79,24.7,0,2552.9,24.6,0,2559.34,24.4,0,2460.35,24.4,0
"2026-03-11 17:15:00",16,801,"Chapada_High",11.9,2324.89,24,0,2467.99,23.8,0,2533.61,24.2,0,2565.36,24.3,0,2316.9,24.1,1,2909.63,24,2,2551.79,24.6,0,2558.84,24.4,0,2460.39,24.1,0
"2026-03-11 17:30:00",17,801,"Chapada_High",11.9,2325.33,23.8,0,2466.79,23.6,0,2533.31,24.1,0,2562.4,24.1,0,2316.33,23.8,0,2908.69,23.8,0,2551.2,24.4,0,2557.51,24.4,0,2460.28,24.3,0
"2026-03-11 17:45:00",18,801,"Chapada_High",11.9,2324.25,24.1,0,2465.92,23.4,1,2533.27,23.9,0,2559.83,23.9,0,2316.49,23.5,0,2906.7,23.6,0,2550.69,24.1,0,2556.55,24,0,2460.95,23.9,0
"2026-03-11 18:00:00",19,801,"Chapada_High",11.9,2324.63,23.7,0,2464.78,23.6,0,2532.18,23.8,0,2558.42,23.8,0,2315.75,23.4,0,2905.09,23.6,1,2549.79,23.9,4,2556.04,23.9,0,2460.75,23.7,0
"2026-03-11 18:15:00",20,801,"Chapada_High",11.9,2323.75,23.5,3,2464.47,23.3,0,2531.42,23.8,0,2556.84,23.6,0,2316.7,23.1,0,2902.98,23.4,0,2549.01,23.7,0,2555.33,23.7,11,2462.19,23.4,0
"2026-03-11 18:30:00",21,801,"Chapada_High",11.9,2324.01,23.3,0,2462.39,23,0,2532.21,23.5,0,2556.97,23.5,0,2318.81,23,0,2901.77,23.3,0,2548.8,23.5,1,2554.25,23.4,2,2462.27,23.1,0
"2026-03-11 18:45:00",22,801,"Chapada_High",11.9,2321.91,23.1,0,2461.88,22.8,0,2532.07,23.2,0,2556.25,23.2,0,2318.13,22.7,0,2904.62,23.2,1,2547.91,23.4,0,2554.03,23.2,0,2462.48,22.9,0
"2026-03-11 19:00:00",23,801,"Chapada_High",11.9,2323.25,22.8,0,2461.47,22.6,0,2532.21,23,0,2554.79,22.9,0,2319.91,22.4,0,2898.99,22.8,0,2547.51,23.2,0,2554.03,23,6,2462.79,22.6,0
"2026-03-11 19:15:00",24,801,"Chapada_High",11.9,2322.02,22.6,0,2461.49,22.4,0,2531.31,22.7,0,2553.91,22.6,0,2320.02,22,0,2898.08,22.5,7,2546.64,23,0,2553.61,22.8,0,2462.76,22.4,0
"2026-03-11 19:30:00",25,801,"Chapada_High",11.9,2323.74,22.4,0,2460.77,22.2,4,2531.66,22.5,0,2552.74,22.4,0,2318.4,21.8,0,2896.17,22.3,0,2546.36,22.8,0,2553.32,22.6,0,2463.91,22.2,0
"2026-03-11 19:45:00",26,801,"Chapada_High",11.9,2322.53,22.2,0,2460.54,22,0,2531.42,22.3,0,2551.4,22.2,0,2319.27,21.7,0,2895.05,22.1,13,2546.13,22.7,0,2552.76,22.4,0,2464,22,0
"2026-03-11 20:00:00",27,801,"Chapada_High",11.9,2323.41,22.1,0,2459.95,21.8,0,2531.6,22.1,0,2552.43,22.1,12,2319.54,21.4,0,2894.03,22.1,0,2545.75,22.5,0,2552.06,22.3,0,2463.56,21.8,0
"2026-03-11 20:15:00",28,801,"Chapada_High",11.9,2322.9,22,0,2460.28,21.7,0,2531.35,22,0,2551.84,22,4,2319.38,21.3,0,2893.48,21.9,0,2545.84,22.4,0,2551.78,22.2,0,2464.11,21.7,0
"2026-03-11 20:30:00",29,801,"Chapada_High",11.9,2322.53,21.9,0,2459.54,21.6,0,2531.85,21.9,0,2551.11,21.8,3,2320.38,21.2,0,2896.37,21.8,3,2545.21,22.3,0,2551.8,22.1,0,2464.39,21.6,0
"2026-03-11 20:45:00",30,801,"Chapada_High",11.9,2322.32,21.8,0,2459.4,21.6,0,2530.85,21.8,8,2549.77,21.8,0,2320.47,21.1,0,2890.89,21.8,0,2544.68,22.2,0,2551.11,22,3,2464.63,21.6,0
"2026-03-11 21:00:00",31,801,"Chapada_High",11.9,2321.51,21.8,0,2458.95,21.5,0,2531.24,21.7,0,2549.57,21.7,0,2320.85,21,0,2890.32,21.8,0,2544.28,22.1,0,2550.4,21.9,0,2465,21.5,0
"2026-03-11 21:15:00",32,801,"Chapada_High",11.9,2322.38,21.6,0,2459.17,21.3,0,2531.32,21.6,6,2549.04,21.6,9,2321.26,20.9,13,2889.11,21.6,0,2544.11,22,0,2550.36,21.8,0,2464.49,21.4,0
"2026-03-11 21:30:00",33,801,"Chapada_High",11.9,2322.42,21.5,0,2458.79,21.2,0,2531.19,21.5,0,2549.65,21.5,0,2320.7,20.7,3,2887.5,21.5,0,2544.04,21.9,1,2549.58,21.6,0,2464.43,21.2,0
"2026-03-11 21:45:00",34,801,"Chapada_High",11.9,2322.29,21.4,0,2458.49,21.1,0,2531.36,21.4,0,2549.18,21.4,13,2321.45,20.6,0,2886.99,21.4,0,2543.45,21.8,2,2549.67,21.6,0,2465.29,21.1,0
"2026-03-11 22:00:00",35,801,"Chapada_High",11.9,2322.22,21.3,11,2458.19,21,0,2531.4,21.3,0,2547.74,21.3,0,2322.12,20.6,0,2885.43,21.4,0,2543.03,21.7,0,2548.98,21.5,0,2465.4,21,0
"2026-03-11 22:15:00",36,801,"Chapada_High",11.9,2322.28,21.3,0,2457.91,21,0,2531.56,21.2,0,2548.24,21.2,1,2321.49,20.5,0,2884.34,21.3,8,2542.66,21.7,0,2548.94,21.4,0,2464.92,21,0
"2026-03-11 22:30:00",37,801,"Chapada_High",11.9,2321.92,21.2,0,2458.25,20.9,0,2531.46,21.1,0,2547.96,21.2,0,2322.08,20.5,0,2888.33,21.2,0,2541.92,21.6,0,2547.47,21.3,0,2464.78,20.9,0
"2026-03-11 22:45:00",38,801,"Chapada_High",11.9,2321.56,21.2,0,2457.56,20.9,0,2531.85,21.1,0,2547.25,21.1,0,2322.49,20.4,0,2882.76,21.2,0,2541.46,21.5,0,2547.62,21.3,0,2465.34,20.8,0
"2026-03-11 23:00:00",39,801,"Chapada_High",11.9,2321.37,21.1,0,2457.47,20.8,0,2532.64,21,0,2547.21,21,0,2322.71,20.3,0,2882.07,21.1,7,2541.29,21.4,0,2547.1,21.2,0,2465.76,20.8,0
"2026-03-11 23:15:00",40,801,"Chapada_High",11.9,2321.31,20.9,0,2457.41,20.6,8,2533.44,20.9,0,2547.05,20.9,0,2322.65,20.1,0,2882.19,20.9,2,2541.37,21.3,1,2546.99,21.1,0,2465.69,20.6,0
"2026-03-11 23:30:00",41,801,"Chapada_High",11.9,2321.06,20.8,0,2456.92,20.6,0,2532.41,20.8,0,2547.2,20.8,7,2322.87,20,0,2881.04,20.9,2,2540.65,21.3,0,2546.2,21,0,2465.5,20.6,0
"2026-03-11 23:45:00",42,801,"Chapada_High",11.9,2321.81,20.8,0,2457.17,20.5,0,2532.83,20.7,0,2547.02,20.8,0,2323.55,20,0,2880.35,20.8,0,2539.75,21.2,0,2546.79,20.9,0,2465.97,20.5,11
"2026-03-12 00:00:00",43,801,"Chapada_High",11.9,2321.73,20.8,0,2456.44,20.5,0,2532.26,20.7,0,2546.37,20.7,0,2324.11,20,0,2879.59,20.9,0,2540.01,21.2,0,2545.7,20.9,0,2466.12,20.5,0
"2026-03-12 00:15:00",44,801,"Chapada_High",11.9,2321.52,20.8,0,2457.02,20.5,0,2533.23,20.7,18,2546.07,20.8,0,2323.7,20.1,0,2882.81,20.8,0,2539.52,21.2,0,2545.65,20.9,0,2465.17,20.5,0
"2026-03-12 00:30:00",45,801,"Chapada_High",11.9,2320.38,20.7,0,2456.38,20.4,0,2531.87,20.7,0,2545.76,20.7,0,2323.53,19.9,11,2878.56,20.7,0,2539.21,21.1,0,2545.55,20.8,0,2465.82,20.4,0
"2026-03-12 00:45:00",46,801,"Chapada_High",11.9,2320.34,20.6,0,2456.38,20.3,0,2532.71,20.6,0,2546.02,20.5,7,2323.68,19.7,0,2878.05,20.6,0,2539.03,21,0,2544.92,20.8,0,2465.65,20.3,7
"2026-03-12 01:00:00",47,801,"Chapada_High",11.9,2321.2,20.6,0,2456.01,20.3,0,2533.41,20.5,0,2545.89,20.6,0,2323.76,19.9,0,2877.26,20.7,0,2538.57,21,0,2544.15,20.7,0,2466.01,20.3,0
"2026-03-12 01:15:00",48,801,"Chapada_High",11.9,2320.48,20.6,0,2456.82,20.4,0,2532.58,20.6,0,2545.13,20.6,0,2323.98,20,0,2876.58,20.7,0,2538.48,21,0,2544.87,20.8,0,2465.25,20.3,0
"2026-03-12 01:30:00",49,801,"Chapada_High",11.9,2320.53,20.5,0,2456.11,20.3,0,2533.31,20.5,0,2544.23,20.5,13,2324.61,19.9,0,2876.99,20.5,0,2537.95,20.9,0,2544.86,20.7,0,2466.18,20.3,0
"2026-03-12 01:45:00",50,801,"Chapada_High",11.9,2321.29,20.6,0,2455.61,20.3,0,2532.44,20.5,0,2544.08,20.6,0,2324.65,19.9,0,2875.42,20.6,0,2537.99,20.9,0,2543.46,20.7,0,2465.98,20.3,0
"2026-03-12 02:00:00",51,801,"Chapada_High",11.9,2320.79,20.6,0,2454.89,20.4,0,2533,20.6,7,2544.54,20.7,0,2324.46,20.2,0,2874.47,20.7,0,2537.56,21,0,2543.13,20.8,0,2466.09,20.4,0
"2026-03-12 02:15:00",52,801,"Chapada_High",11.9,2320.7,20.8,0,2454.77,20.6,0,2532.08,20.7,0,2543.89,20.8,0,2324.47,20.3,0,2877.45,20.9,0,2537.39,21,0,2543.42,20.9,0,2465.53,20.5,0
"2026-03-12 02:30:00",53,801,"Chapada_High",11.9,2319.67,20.8,0,2455.29,20.6,0,2533.08,20.8,0,2544.68,20.8,0,2324.54,20.4,0,2873.24,21,0,2537.05,21.1,0,2543.76,20.9,0,2465.7,20.6,0
"2026-03-12 02:45:00",54,801,"Chapada_High",11.9,2320.02,20.8,3,2454.8,20.7,0,2532.74,20.8,0,2544.71,20.9,0,2324.92,20.4,0,2872.87,21,0,2536.57,21.1,0,2541.82,21,0,2465.42,20.6,0
"2026-03-12 03:00:00",55,801,"Chapada_High",11.9,2320.72,20.7,3,2455.36,20.6,0,2532.09,20.7,0,2543.91,20.7,0,2325.06,20.2,0,2872.25,20.8,0,2535.52,21,0,2542.15,20.8,11,2465.43,20.5,0
"2026-03-12 03:15:00",56,801,"Chapada_High",11.9,2319.66,20.6,0,2454.91,20.5,0,2532.96,20.6,0,2543.28,20.7,0,2324.84,20.1,0,2871.99,20.8,8,2535.82,21,0,2542.11,20.8,0,2465.65,20.4,0
"2026-03-12 03:30:00",57,801,"Chapada_High",11.9,2320.61,20.7,0,2454.75,20.5,0,2532.53,20.7,0,2542.63,20.7,7,2325.81,20.2,0,2871.02,20.8,9,2535.87,21,2,2541.75,20.8,0,2466.19,20.5,0
"2026-03-12 03:45:00",58,801,"Chapada_High",11.9,2320.15,20.8,0,2454.38,20.6,0,2533.13,20.7,0,2544.97,20.8,0,2325.81,20.3,0,2870.3,20.9,0,2534.71,21,0,2541.71,20.8,0,2465.49,20.5,0
"2026-03-12 04:00:00",59,801,"Chapada_High",11.9,2320,20.8,0,2453.91,20.6,0,2531.46,20.8,0,2544.12,20.8,0,2325.89,20.4,0,2874.03,21,0,2534.21,21,0,2541.34,20.9,0,2465.71,20.6,0
"2026-03-12 04:15:00",60,801,"Chapada_High",11.9,2319.73,20.8,0,2454.31,20.7,0,2533,20.8,0,2544.45,20.8,0,2325.05,20.4,15,2869.57,21,0,2535.31,21.1,1,2540.9,20.9,0,2466.33,20.6,0
"2026-03-12 04:30:00",61,801,"Chapada_High",11.9,2320.09,20.8,0,2453.85,20.7,0,2532.77,20.8,0,2543.55,20.9,0,2326.18,20.4,2,2868.5,21,0,2534.3,21.1,0,2540.6,20.9,0,2466.43,20.6,0
"2026-03-12 04:45:00",62,801,"Chapada_High",11.9,2319.87,20.8,0,2454.6,20.6,0,2532.38,20.8,0,2543.9,20.8,0,2326.12,20.3,0,2868.76,20.9,9,2533.84,21,0,2540.96,20.9,3,2464.97,20.6,0
"2026-03-12 05:00:00",63,801,"Chapada_High",11.9,2319.11,20.7,0,2454.62,20.6,0,2531.47,20.7,0,2543.99,20.7,0,2326.9,20.2,0,2868.15,20.8,0,2533.9,21,0,2540.01,20.8,0,2465.54,20.5,0
"2026-03-12 05:15:00",64,801,"Chapada_High",11.9,2318.76,20.6,0,2454.33,20.5,0,2532.17,20.6,0,2543.61,20.7,0,2325.45,20.1,0,2867.79,20.7,0,2533.71,21,0,2539.65,20.7,13,2465.93,20.4,0
"2026-03-12 05:30:00",65,801,"Chapada_High",11.9,2319.97,20.6,0,2453.95,20.4,0,2533.4,20.5,0,2542.73,20.6,0,2326.51,20,0,2867.27,20.6,0,2533.19,20.9,8,2539.54,20.6,12,2465.84,20.3,0
"2026-03-12 05:45:00",66,801,"Chapada_High",11.9,2319.85,20.5,0,2454.33,20.4,0,2533.66,20.5,0,2542.24,20.6,0,2326.68,19.9,0,2867.04,20.6,0,2533.18,20.9,0,2539.25,20.6,0,2466.17,20.3,0
"2026-03-12 06:00:00",67,801,"Chapada_High",11.9,2319.83,20.6,10,2454.42,20.5,0,2533.23,20.6,0,2542.61,20.6,0,2326.63,20.2,0,2870.29,20.8,0,2532.62,20.9,0,2539.61,20.7,0,2465.98,20.4,0
"2026-03-12 06:15:00",68,801,"Chapada_High",11.9,2320.05,20.7,0,2454.21,20.6,0,2532.12,20.7,0,2543.25,20.8,0,2326.21,20.4,4,2864.51,20.9,21,2531.79,21,0,2538.16,20.8,0,2466.31,20.6,0
"2026-03-12 06:30:00",69,801,"Chapada_High",11.9,2319.82,20.8,0,2453.56,20.6,0,2532.65,20.7,6,2543.26,20.8,0,2326.19,20.4,0,2864.42,20.9,0,2531.72,21,7,2538.1,20.9,0,2464.84,20.6,0
"2026-03-12 06:45:00",70,801,"Chapada_High",11.9,2319.78,20.8,0,2453.85,20.6,0,2532.84,20.7,0,2542.64,20.8,0,2326.02,20.4,0,2863.93,20.9,0,2531.07,21,0,2537.8,20.8,0,2465.2,20.6,0
"2026-03-12 07:00:00",71,801,"Chapada_High",11.9,2319.64,20.8,0,2454.49,20.7,0,2532.99,20.8,4,2543.23,20.9,1,2326.91,20.4,0,2863.93,20.9,0,2530.57,21,0,2538.14,20.9,0,2465.76,20.6,0
"2026-03-12 07:15:00",72,801,"Chapada_High",11.9,2319.11,20.9,0,2454.44,20.7,0,2532.17,20.8,0,2543.08,20.9,0,2325.92,20.6,0,2862.36,21.1,0,2530.55,21.1,0,2536.67,20.9,0,2465.54,20.7,0
"2026-03-12 07:30:00",73,801,"Chapada_High",11.9,2319.32,20.9,0,2453.85,20.8,0,2531.89,20.9,0,2541.88,21.1,0,2325.89,20.7,0,2861.44,21.1,0,2530.23,21.1,0,2535.97,21,0,2465.25,20.8,0
"2026-03-12 07:45:00",74,801,"Chapada_High",11.9,2319.34,21.1,0,2453.92,21,0,2531.73,21.1,0,2542.96,21.2,0,2326.24,21.1,0,2864.04,21.3,0,2529.43,21.2,0,2536.74,21.2,0,2465.07,21,0
"2026-03-12 08:00:00",75,801,"Chapada_High",11.9,2318.41,21.4,0,2453.1,21.3,0,2531.55,21.4,0,2542.08,21.6,0,2325.62,21.6,0,2858.47,21.7,0,2529.3,21.5,1,2535.21,21.5,0,2464.8,21.3,0
"2026-03-12 08:15:00",76,801,"Chapada_High",11.9,2318.63,21.7,0,2453.82,21.7,0,2531.24,21.7,5,2540.97,21.9,0,2327.23,21.9,0,2857.81,22,0,2528.25,21.8,0,2534.72,21.8,0,2464.09,21.7,0
"2026-03-12 08:30:00",77,801,"Chapada_High",11.9,2317.78,21.9,0,2453.81,21.9,0,2531.17,21.9,0,2542.25,22.1,0,2327.44,22.2,0,2857.19,22.3,0,2527.53,22,0,2533.98,22.1,0,2463.89,22.1,0
"2026-03-12 08:45:00",78,801,"Chapada_High",11.9,2315.8,23.5,0,2452.89,22.9,0,2530.48,22.7,0,2540.96,23.2,0,2322.46,23.7,0,2855.26,23.2,0,2526.82,22.6,0,2532.88,22.9,0,2462.19,22.9,0
"2026-03-12 09:00:00",79,801,"Chapada_High",11.9,2314.94,23.1,1,2451.47,23.3,0,2529.53,22.9,0,2539.39,23.3,0,2321.95,23.6,7,2854.43,23.3,0,2525.96,22.8,0,2531.69,23.1,0,2462.51,23,0
"2026-03-12 09:15:00",80,801,"Chapada_High",11.9,2315.77,23,3,2451.08,23.2,0,2529.32,23.2,0,2538.03,23.4,0,2321.52,23.6,0,2853.77,23.4,0,2524.49,22.9,0,2531.36,23.1,0,2462.08,23,0
"2026-03-12 09:30:00",81,801,"Chapada_High",11.9,2314.81,23.3,0,2448.26,23.4,0,2528.84,23.4,0,2537.07,24.1,0,2319.22,24.9,0,2852.4,23.7,0,2523,23.3,0,2529.47,23.5,0,2461.64,23.4,0
"2026-03-12 09:45:00",82,801,"Chapada_High",11.91,2313.82,24.2,1,2449.04,24.4,0,2526.92,24.4,0,2534.94,25.5,13,2319.72,25.9,0,2851.42,25.5,0,2520.72,24.1,0,2527.06,24.9,0,2459.98,24.3,0
"2026-03-12 10:00:00",83,801,"Chapada_High",11.91,2312.29,24.5,9,2447.29,24.8,5,2526.1,25,3,2533.1,26,5,2317.96,26.1,0,2845.98,25.6,0,2518.6,24.9,0,2524.55,25.3,0,2459.71,24.8,0
"2026-03-12 10:15:00",84,801,"Chapada_High",11.9,2311.94,24.2,0,2446.41,24.4,0,2525.44,24.7,0,2531.58,25.5,0,2318.75,25.3,0,2846.81,25.1,0,2517.84,24.8,0,2524.57,25.2,0,2459.28,24.5,0
"2026-03-12 10:30:00",85,801,"Chapada_High",11.89,2312.2,24,0,2444.81,24.2,0,2524.64,24.5,0,2530.34,25.1,0,2317.08,24.9,0,2846.86,24.6,0,2517.01,24.6,0,2524.63,24.8,0,2459.92,24.3,0
"2026-03-12 10:45:00",86,801,"Chapada_High",11.9,2311.85,23.9,0,2443.93,24,0,2524.12,24.4,0,2529.25,24.9,0,2317.17,24.6,0,2847.19,24.4,0,2516.07,24.5,0,2524.56,24.6,0,2460.19,24.1,0
"2026-03-12 11:00:00",87,801,"Chapada_High",11.9,2311.65,23.7,0,2443.74,23.9,1,2524.44,24.2,0,2529.28,24.7,6,2314.38,24.4,0,2847.49,24.2,0,2515.35,24.3,0,2524.42,24.6,0,2459.89,24.1,0
"2026-03-12 11:15:00",88,801,"Chapada_High",11.89,2311.78,23.8,0,2442.58,23.7,0,2524.03,24.1,0,2528.15,24.5,5,2313.6,24.1,4,2846.5,24,0,2514.63,24.2,0,2523.81,24.4,0,2460.03,24.2,0
"2026-03-12 11:30:00",89,801,"Chapada_High",11.9,2311.4,23.9,0,2442.21,24.2,0,2523.96,24.2,0,2528.72,24.7,0,2313.37,24.2,0,2846.17,24.2,0,2513.74,24.2,0,2523.65,24.4,0,2461.1,24.1,0
"2026-03-12 11:45:00",90,801,"Chapada_High",11.89,2307.09,23,0,2446.91,23.1,0,2523.14,23.6,0,2534.73,23.4,0,2324.21,22.6,0,2920.06,23,0,2516.65,23.6,3,2607.61,23.3,0,2455.7,23,0
"2026-03-12 12:00:00",91,801,"Chapada_High",11.89,2307.69,22.3,0,2454.38,22.3,0,2526.33,22.7,0,2552.3,22.7,0,2324.65,21.8,0,2964.04,22.2,0,2574.67,22.9,0,2624.28,22.5,0,2469.38,22.2,0
"2026-03-12 12:15:00",92,801,"Chapada_High",11.9,2315.14,22.2,0,2471.13,22.2,0,2535.48,22.6,0,2581.7,22.7,0,2329.62,22,0,3001.92,22.3,0,2583.51,22.7,0,2612.7,22.4,0,2472.85,22.2,0
"2026-03-12 12:30:00",93,801,"Chapada_High",11.9,2320.62,22.3,0,2478.71,22.3,0,2538.17,22.7,0,2586.58,22.9,1,2331.29,22.2,0,3003.85,22.4,0,2581.87,22.8,0,2605.29,22.6,0,2469.83,22.3,0
"2026-03-12 12:45:00",94,801,"Chapada_High",11.89,2321.96,22.4,0,2480.14,22.3,1,2537.77,22.7,0,2585.93,23,0,2332.4,22.3,0,3001.83,22.4,0,2578.85,23,0,2601.54,22.9,0,2466.37,22.3,0
"2026-03-12 13:00:00",95,801,"Chapada_High",11.89,2324.41,22.4,0,2481.96,22.3,0,2538,22.7,0,2584.17,23.1,0,2333.15,22.3,0,3000.67,22.4,4,2577.37,23,0,2598.64,22.8,11,2465.07,22.7,0
"2026-03-12 13:15:00",96,801,"Chapada_High",11.89,2325.4,23,0,2483.7,22.7,0,2538.56,23,0,2581.21,23.5,0,2330.76,22.8,0,2999.48,22.8,0,2575.61,23.3,0,2595.4,23.2,0,2463.78,23,0
"2026-03-12 13:30:00",97,801,"Chapada_High",11.89,2326.16,23.2,4,2480.99,23.5,0,2537.92,23.8,0,2579.15,24.3,0,2330.01,23.6,0,2997.88,23.3,2,2572.4,23.8,3,2592.36,23.8,0,2462.37,23.7,0
"2026-03-12 13:45:00",98,801,"Chapada_High",11.9,2325.65,23.6,0,2481.35,23.9,0,2537.18,24.6,0,2574.98,25.4,14,2328.94,24.2,0,2995.92,23.7,0,2570.57,24.4,3,2589.57,24.6,0,2460.35,24.3,0
"2026-03-12 14:00:00",99,801,"Chapada_High",11.89,2325.64,23.6,0,2480.38,23.8,0,2536.51,24.6,0,2572.95,25.4,0,2329.13,26,0,2994.58,23.8,0,2569.58,24.5,0,2586.33,24.5,0,2460.22,24.3,0
"2026-03-12 14:15:00",100,801,"Chapada_High",11.9,2325.93,24,0,2478.46,24.4,0,2535.33,25,0,2569.69,25.7,0,2328.76,25.4,0,2992.56,25.4,0,2568.26,24.9,0,2584.26,24.9,0,2459.09,24.9,0
"2026-03-12 14:30:00",101,801,"Chapada_High",11.9,2324.74,24.5,0,2478.26,25,13,2534.57,25.6,0,2566.42,26.3,0,2326.7,26.2,0,2992.98,25.1,0,2566.42,26.1,0,2581.22,25.4,0,2458.13,25.6,0
"2026-03-12 14:45:00",102,801,"Chapada_High",11.9,2323.73,25.3,0,2473.31,26.1,0,2532.33,26.6,0,2562.91,27.1,0,2322.97,27.7,0,2989.19,26,3,2562.36,26.7,0,2575.8,27,0,2455.06,27.5,0
"2026-03-12 15:00:00",103,801,"Chapada_High",11.9,2322.79,27,0,2469.9,26.5,0,2530.81,27.4,0,2559.29,28,0,2320.39,28.3,0,2987.2,26.6,0,2559.81,27.1,0,2572.83,26.8,0,2453.89,28.3,0
"2026-03-12 15:15:00",104,801,"Chapada_High",11.89,2322.13,26.8,0,2466.46,27.6,0,2530.01,27.3,0,2555.62,28.2,0,2318.75,28.2,0,2985.17,26.6,0,2557.8,27.3,0,2569.93,26.9,0,2454.05,28,0
"2026-03-12 15:30:00",105,801,"Chapada_High",11.89,2320.8,26.4,0,2465.13,27,0,2528.27,28,0,2552.76,28,0,2315.8,28.4,0,2984.49,26.6,7,2556.2,27.3,0,2568.46,26.9,0,2453.7,28.1,0
"2026-03-12 15:45:00",106,801,"Chapada_High",11.9,2320.57,26.2,0,2462.75,26.6,0,2526.61,27.6,0,2549.16,28.7,0,2314.03,28.5,0,2981.87,26.9,0,2554.44,27.4,7,2566.29,27.1,0,2453.67,28.1,0
"2026-03-12 16:00:00",107,801,"Chapada_High",11.9,2321.1,25.7,0,2463.89,25.9,0,2526.99,26.9,0,2549.31,27.3,0,2314.77,27.9,0,2984.53,26.5,0,2553.91,26.9,4,2565.44,26.6,0,2455.76,27,0
"2026-03-12 16:15:00",108,801,"Chapada_High",11.9,2320.57,25.3,0,2462.69,25.4,0,2527.38,26.4,0,2547.74,26.6,0,2315.21,26.7,0,2976.92,26.3,0,2553.63,26.6,0,2564.73,26.2,14,2456.18,26.3,0
"2026-03-12 16:30:00",109,801,"Chapada_High",11.89,2320.2,25,0,2463.04,25.1,0,2527.27,26,0,2546.12,26,0,2315.81,25.8,0,2968.98,25.6,0,2552.7,26.3,0,2563.62,26.1,2,2457.45,25.8,0
"2026-03-12 16:45:00",110,801,"Chapada_High",11.9,2319.6,24.7,0,2461.56,24.8,0,2527.23,25.6,0,2546.61,25.6,0,2316.24,25.1,0,2959.72,25.1,0,2553.12,25.8,0,2563.43,25.7,1,2457.46,25.7,0
"2026-03-12 17:00:00",111,801,"Chapada_High",11.9,2319.9,24.8,1,2459.53,24.5,0,2527.56,25.3,0,2546.39,25.2,0,2317.48,24.7,0,2956.4,24.8,0,2553.03,25.4,0,2561.98,25.3,0,2458.83,25.1,0
"2026-03-12 17:15:00",112,801,"Chapada_High",11.9,2320.71,24.3,0,2459.67,24.5,4,2527.52,25,0,2544.42,24.9,0,2315.5,24.3,0,2953.9,24.5,0,2553.4,25.1,1,2561.29,25.1,0,2458.86,24.6,0
"2026-03-12 17:30:00",113,801,"Chapada_High",11.89,2319.55,24,0,2459.21,24.1,3,2527.71,24.8,1,2543.66,24.7,0,2315.27,24,0,2952.52,24.2,0,2552.72,24.8,0,2561.3,24.7,0,2460.18,24.3,0
"2026-03-12 17:45:00",114,801,"Chapada_High",11.89,2320.2,23.8,0,2459.73,23.8,0,2527.67,24.4,0,2543.41,24.4,0,2315.33,24,0,2949.34,23.9,0,2552.3,24.5,0,2560.87,24.5,0,2460.29,24,0
"2026-03-12 18:00:00",115,801,"Chapada_High",11.89,2319.73,23.5,0,2459.46,23.5,0,2528.5,24.1,0,2543.31,24,3,2316.03,23.4,0,2944.91,23.9,0,2552.57,24.2,0,2559.95,24.1,0,2460.91,23.7,0
"2026-03-12 18:15:00",116,801,"Chapada_High",11.89,2320.07,23.3,0,2459.44,23.2,0,2528.31,23.8,0,2543.87,23.7,0,2317.02,23,0,2944.11,23.5,0,2551.95,24,0,2560.73,23.9,0,2461.2,23.3,0
"2026-03-12 18:30:00",117,801,"Chapada_High",11.89,2320.37,23,0,2459.91,22.9,17,2529.04,23.5,0,2544.45,23.4,0,2319.67,22.7,0,2941.66,23.1,5,2551.36,23.7,0,2559.49,23.7,0,2461.7,23.1,0
"2026-03-12 18:45:00",118,801,"Chapada_High",11.9,2320.41,22.9,14,2459.34,22.7,0,2529.1,23.2,0,2543.62,23.1,0,2320.69,22.3,0,2940.05,22.8,8,2550.89,23.4,0,2559.28,23.4,0,2462.55,22.8,0
"2026-03-12 19:00:00",119,801,"Chapada_High",11.89,2320.25,22.6,0,2460.42,22.4,1,2529.17,22.9,0,2542.88,22.8,0,2320.62,22,0,2940.11,22.5,0,2551.51,23.1,8,2558.91,23.1,20,2462.84,22.5,0
"2026-03-12 19:15:00",120,801,"Chapada_High",11.89,2320.75,22.4,0,2460.03,22.2,0,2530.46,22.7,0,2543.29,22.5,0,2319.51,21.7,0,2938.88,22.3,0,2551.66,22.9,0,2559.19,22.8,1,2463.22,22.2,0
"2026-03-12 19:30:00",121,801,"Chapada_High",11.89,2321.35,22.2,0,2460.6,22,0,2530.07,22.4,0,2542.7,22.3,0,2319.09,21.4,0,2936.8,22,0,2551.08,22.7,0,2558.84,22.5,0,2463.39,21.9,0
"2026-03-12 19:45:00",122,801,"Chapada_High",11.89,2320.64,22,0,2460.52,21.8,0,2530.37,22.2,0,2543.37,22.1,0,2321.3,21.2,0,2939.97,21.9,0,2551.38,22.5,0,2559.41,22.4,0,2463.94,21.8,0
"2026-03-12 20:00:00",123,801,"Chapada_High",11.89,2320.77,21.9,5,2461.62,21.7,0,2530.33,22.1,0,2544.63,21.9,0,2320.2,21.1,0,2933.23,21.7,0,2551.48,22.4,0,2558.25,22.2,0,2464.07,21.6,0
"2026-03-12 20:15:00",124,801,"Chapada_High",11.9,2321.17,21.8,0,2462.22,21.5,6,2530.68,21.9,0,2544.5,21.8,0,2320.31,21,0,2931.45,21.7,0,2551.74,22.3,0,2557.79,22.1,0,2464.37,21.5,0
"2026-03-12 20:30:00",125,801,"Chapada_High",11.89,2321.12,21.6,0,2462.34,21.4,0,2530.72,21.7,0,2544.67,21.7,0,2321.79,20.8,0,2929.87,21.6,0,2550.25,22.1,0,2557.33,21.9,0,2464.34,21.4,0
"2026-03-12 20:45:00",126,801,"Chapada_High",11.89,2321.02,21.4,0,2461.83,21.2,0,2531.03,21.6,0,2544.51,21.5,0,2322.77,20.6,0,2928.48,21.5,0,2550.54,22,0,2556.9,21.7,0,2464.83,21.2,0
"2026-03-12 21:00:00",127,801,"Chapada_High",11.89,2321.31,21.3,0,2462.07,21,0,2531.54,21.4,0,2544.68,21.3,0,2322.58,20.4,0,2927.3,21.2,3,2549.69,21.8,0,2556.91,21.5,0,2464.42,21,0
"2026-03-12 21:15:00",128,801,"Chapada_High",11.89,2320.88,21.2,0,2462.34,20.9,0,2531.78,21.2,0,2544.59,21.2,0,2323.16,20.3,0,2925.06,21.1,0,2550,21.7,0,2556.55,21.4,0,2464.72,20.9,0
"2026-03-12 21:30:00",129,801,"Chapada_High",11.9,2320.98,21.1,0,2462.76,20.8,0,2532.84,21.1,0,2544.99,21.1,0,2323.4,20.1,0,2923.87,21,0,2549.37,21.6,0,2556.15,21.3,0,2465.34,20.8,0
"2026-03-12 21:45:00",130,801,"Chapada_High",11.89,2321.15,21,0,2462.41,20.7,0,2531.7,21,0,2545.01,21,0,2323.82,20.1,0,2921.92,20.9,3,2550.19,21.5,0,2556.53,21.2,0,2465.24,20.7,0
"2026-03-12 22:00:00",131,801,"Chapada_High",11.89,2321.17,20.9,0,2462.56,20.6,3,2532.94,20.9,0,2544.86,20.9,0,2324.68,20,0,2920.48,20.7,0,2549.29,21.4,0,2555.33,21.1,0,2466.08,20.6,0
"2026-03-12 22:15:00",132,801,"Chapada_High",11.89,2321.41,20.7,0,2462.08,20.5,4,2533.94,20.8,0,2544.95,20.7,0,2324.96,19.9,0,2918.68,20.6,15,2549.14,21.3,0,2555.22,21,0,2466.1,20.5,3
"2026-03-12 22:30:00",133,801,"Chapada_High",11.89,2320.88,20.6,0,2462.43,20.3,0,2533.14,20.6,8,2545.61,20.6,0,2324.93,19.7,0,2917.25,20.5,7,2548.45,21.1,0,2554.44,20.9,0,2466.02,20.4,0
"2026-03-12 22:45:00",134,801,"Chapada_High",11.89,2321.85,20.6,0,2462.34,20.3,0,2533.81,20.6,0,2544.95,20.6,0,2325.38,19.8,0,2915.64,20.6,0,2548.22,21,0,2554.54,20.8,0,2465.92,20.3,0
"2026-03-12 23:00:00",135,801,"Chapada_High",11.89,2321.37,20.5,0,2462.45,20.2,0,2534.09,20.5,0,2544.26,20.5,0,2325.51,19.7,0,2914.02,20.4,1,2548.1,20.9,0,2554.46,20.7,0,2465.44,20.2,0
"2026-03-12 23:15:00",136,801,"Chapada_High",11.89,2321.36,20.4,0,2462.75,20.1,0,2533.91,20.4,0,2545.65,20.4,0,2325.17,19.6,0,2912.98,20.3,0,2547.87,20.9,0,2554.16,20.7,0,2466.28,20.1,0
"2026-03-12 23:30:00",137,801,"Chapada_High",11.89,2322.61,20.3,0,2462.53,20.1,0,2534.49,20.3,0,2546.69,20.3,0,2326.18,19.5,0,2915.29,20.3,0,2547.38,20.8,0,2553.23,20.6,0,2466.45,20.1,0
"2026-03-12 23:45:00",138,801,"Chapada_High",11.89,2321.71,20.3,0,2462.89,20,0,2534.38,20.3,0,2545.59,20.3,0,2325.95,19.5,2,2910.85,20.3,0,2547.3,20.8,0,2553.01,20.5,0,2466.38,20,0
"2026-03-13 00:00:00",139,801,"Chapada_High",11.89,2321.25,20.3,0,2463.3,20,0,2535.12,20.3,0,2545.85,20.3,0,2325.49,19.6,0,2909.1,20.2,0,2546.79,20.7,0,2553.74,20.6,0,2466.41,20,0
"2026-03-13 00:15:00",140,801,"Chapada_High",11.89,2322.11,20.3,0,2463.07,20.1,0,2534.63,20.3,0,2546.07,20.3,0,2326.95,19.6,0,2908.11,20.4,1,2546.61,20.7,0,2553.2,20.5,0,2466.35,20.1,0
"2026-03-13 00:30:00",141,801,"Chapada_High",11.89,2321.73,20.3,0,2463.56,20,2,2534.56,20.2,0,2547.04,20.3,0,2327.32,19.6,0,2907.29,20.3,1,2546.02,20.7,0,2553.27,20.5,0,2466.44,20,0
"2026-03-13 00:45:00",142,801,"Chapada_High",11.89,2321.23,20.2,0,2463.26,20,5,2535.59,20.2,0,2546.44,20.2,0,2326.06,19.5,1,2906.91,20.1,0,2546.06,20.6,0,2553.15,20.4,0,2466.61,19.9,0
"2026-03-13 01:00:00",143,801,"Chapada_High",11.89,2321.78,20,0,2463.67,19.8,9,2535.7,20.1,0,2545.79,20,0,2327.04,19.4,16,2906.48,20,0,2545.77,20.5,0,2552.9,20.2,0,2466.4,19.8,2
"2026-03-13 01:15:00",144,801,"Chapada_High",11.89,2321.63,19.9,0,2463.21,19.7,0,2536.11,19.9,0,2546.36,19.9,0,2327.46,19.3,0,2906.16,19.8,8,2546.66,20.5,1,2553.17,20.2,0,2467,19.7,0
"2026-03-13 01:30:00",145,801,"Chapada_High",11.89,2322.37,19.8,0,2463.64,19.6,0,2535.83,19.8,0,2545.97,19.8,0,2327.23,19.2,0,2905.35,19.8,0,2546.27,20.4,0,2552.82,20.1,0,2467.24,19.6,0
"2026-03-13 01:45:00",146,801,"Chapada_High",11.89,2321.84,19.7,0,2463.68,19.6,0,2535.84,19.8,9,2546.96,19.8,0,2327.69,19,18,2904.59,19.7,0,2546.3,20.3,1,2552.38,20.1,0,2466.88,19.5,0
"2026-03-13 02:00:00",147,801,"Chapada_High",11.89,2321.32,19.7,6,2463.67,19.6,0,2535.93,19.7,0,2546.2,19.7,16,2328.02,19,0,2903.85,19.7,1,2545.6,20.3,0,2552.31,20,0,2467.02,19.5,0
"2026-03-13 02:15:00",148,801,"Chapada_High",11.89,2321.71,19.7,0,2464.31,19.6,0,2535.48,19.8,0,2547.37,19.8,0,2327.58,19.1,0,2902.67,19.9,3,2545.74,20.2,0,2551.77,20,0,2466.68,19.6,0
"2026-03-13 02:30:00",149,801,"Chapada_High",11.89,2322.33,19.8,0,2464.15,19.6,5,2535.73,19.8,0,2546.56,19.8,0,2328.38,19.2,0,2901.44,20,2,2545.44,20.3,0,2551.67,20,0,2467.2,19.6,0
"2026-03-13 02:45:00",150,801,"Chapada_High",11.89,2321.86,19.8,0,2464.11,19.6,0,2535.69,19.7,0,2546.37,19.8,0,2327.44,19.1,0,2900.51,19.9,0,2544.29,20.2,0,2551.16,20,1,2467.52,19.6,11
"2026-03-13 03:00:00",151,801,"Chapada_High",11.89,2322.03,19.7,0,2464.57,19.5,0,2536.11,19.7,0,2546.28,19.7,0,2328.31,19,0,2899.91,19.7,0,2544.73,20.2,0,2550.92,19.9,0,2467.16,19.5,0
"2026-03-13 03:15:00",152,801,"Chapada_High",11.89,2322.48,19.6,0,2464.15,19.5,0,2536.16,19.6,0,2546.08,19.6,0,2328.5,19,0,2903.34,19.7,0,2543.47,20.1,1,2551.53,19.9,0,2467.87,19.4,11
"2026-03-13 03:30:00",153,801,"Chapada_High",11.89,2321.35,19.5,0,2464.49,19.4,3,2535.91,19.6,0,2547.42,19.6,0,2329.26,19,0,2898.38,19.6,0,2544.96,20.1,0,2551.27,19.8,0,2467.34,19.4,0
"2026-03-13 03:45:00",154,801,"Chapada_High",11.89,2320.83,19.5,0,2464.99,19.4,0,2536.97,19.5,0,2546.89,19.5,0,2329.53,18.9,0,2897.44,19.5,0,2543.26,20,0,2550.15,19.8,0,2467.46,19.3,0
"2026-03-13 04:00:00",155,801,"Chapada_High",11.89,2322.46,19.5,0,2464.88,19.3,0,2536.38,19.5,0,2547.27,19.5,0,2328.67,18.8,0,2897.18,19.5,0,2543.01,20,4,2551.06,19.8,0,2467.8,19.3,0
"2026-03-13 04:15:00",156,801,"Chapada_High",11.89,2321.71,19.4,0,2465.19,19.3,0,2536.53,19.5,3,2547.03,19.5,4,2329.96,18.8,0,2896.24,19.4,0,2542.44,20,0,2549.91,19.7,0,2468.5,19.2,0
"2026-03-13 04:30:00",157,801,"Chapada_High",11.89,2321.76,19.5,0,2464.89,19.3,0,2536.78,19.4,0,2547.23,19.5,0,2330.07,18.8,0,2895.31,19.6,0,2542,19.9,0,2550.35,19.7,0,2467.83,19.3,0
"2026-03-13 04:45:00",158,801,"Chapada_High",11.89,2322.41,19.5,0,2465.15,19.4,7,2536.11,19.5,5,2546.81,19.5,0,2329.71,18.8,0,2893.95,19.7,0,2543.81,19.9,0,2549.57,19.7,0,2468.11,19.3,0
"2026-03-13 05:00:00",159,801,"Chapada_High",11.89,2322.53,19.5,0,2465.67,19.4,0,2536.55,19.5,0,2547.48,19.5,0,2329.8,18.9,0,2893.5,19.6,0,2543.65,19.9,0,2549.38,19.7,0,2467.66,19.3,0
"2026-03-13 05:15:00",160,801,"Chapada_High",11.89,2321.95,19.4,0,2465.72,19.3,0,2537.01,19.4,0,2547.93,19.5,0,2329.76,18.9,0,2893.09,19.6,0,2542.67,19.9,0,2549.19,19.6,0,2467.47,19.2,0
"2026-03-13 05:30:00",161,801,"Chapada_High",11.89,2322.15,19.4,0,2466.5,19.3,0,2536.26,19.4,0,2548.23,19.4,0,2330.1,18.8,0,2892.43,19.5,0,2542.63,19.9,0,2548.49,19.6,0,2467.81,19.2,0
"2026-03-13 05:45:00",162,801,"Chapada_High",11.89,2322.07,19.4,1,2465.34,19.3,0,2537.09,19.4,0,2547.66,19.4,0,2331.04,18.8,0,2891.38,19.4,0,2541.38,19.8,1,2548.78,19.6,0,2468.44,19.2,0
"2026-03-13 06:00:00",163,801,"Chapada_High",11.89,2323.11,19.4,0,2465.49,19.3,0,2536.96,19.4,0,2547.67,19.4,0,2330.28,18.8,0,2890.48,19.5,0,2542.99,19.8,3,2548.4,19.6,0,2467.82,19.2,0
"2026-03-13 06:15:00",164,801,"Chapada_High",11.89,2322.11,19.4,0,2465.43,19.3,0,2536.97,19.4,0,2548.06,19.4,0,2330.3,18.9,0,2889.59,19.5,16,2542.6,19.8,0,2547.64,19.6,0,2468.33,19.2,0
"2026-03-13 06:30:00",165,801,"Chapada_High",11.89,2321.63,19.4,0,2465.33,19.3,0,2537.22,19.4,0,2547.62,19.5,0,2330.91,18.9,0,2888.31,19.6,0,2541.72,19.8,0,2548.14,19.6,0,2467.75,19.2,0
"2026-03-13 06:45:00",166,801,"Chapada_High",11.89,2321.57,19.4,0,2465.44,19.4,0,2536.96,19.4,0,2547.33,19.5,0,2330.54,19,0,2888.31,19.6,0,2541.05,19.9,0,2547.55,19.7,1,2467.29,19.3,14
"2026-03-13 07:00:00",167,801,"Chapada_High",11.89,2321.27,19.5,0,2466.27,19.4,0,2536.97,19.5,0,2547.2,19.5,0,2331.04,19,0,2891.07,19.7,0,2540.91,19.9,0,2546.99,19.7,0,2467.77,19.3,0
"2026-03-13 07:15:00",168,801,"Chapada_High",11.89,2321.29,19.6,0,2466.03,19.5,1,2536.98,19.6,0,2546.21,19.6,0,2331.24,19.2,0,2886.72,19.7,0,2542.05,19.9,0,2546.57,19.8,0,2466.91,19.4,0
"2026-03-13 07:30:00",169,801,"Chapada_High",11.89,2321.82,19.7,0,2465.33,19.7,1,2536.91,19.7,0,2546.82,19.8,0,2330.53,19.5,0,2885.32,19.9,1,2540.8,20.1,0,2546.34,20,0,2467.43,19.6,0
"2026-03-13 07:45:00",170,801,"Chapada_High",11.89,2321.71,20,0,2465.1,20,0,2536.35,20,0,2547.89,20.2,0,2330.34,19.9,0,2883.59,20.3,0,2540.47,20.2,0,2546.36,20.3,0,2466.31,20,0
"2026-03-13 08:00:00",171,801,"Chapada_High",11.89,2321.11,20.6,0,2464.98,20.5,0,2536.43,20.4,0,2547.32,20.7,0,2329.99,20.7,0,2881.09,20.8,0,2540.19,20.6,0,2544.8,20.7,0,2466.18,20.4,10
"2026-03-13 08:15:00",172,801,"Chapada_High",11.89,2320.91,20.9,0,2464.42,21.1,6,2534.58,20.8,9,2546.62,21.2,0,2329.58,21.2,0,2880.64,21.3,0,2539.44,20.9,0,2543.73,21.1,0,2465.54,20.8,0
"2026-03-13 08:30:00",173,801,"Chapada_High",11.89,2320.21,21.5,1,2463.04,21.7,0,2533.86,21.5,0,2545.81,22.1,0,2329.85,22.2,0,2877.86,22,0,2539.14,21.3,3,2543.22,21.7,0,2464.14,21.5,0
"2026-03-13 08:45:00",174,801,"Chapada_High",11.89,2319.25,22.1,0,2462.04,22.4,0,2533,22.1,0,2544.08,23,0,2325.27,24.2,0,2875.16,22.8,0,2537.39,21.9,0,2542.21,22.4,0,2463.82,22.2,0
"2026-03-13 09:00:00",175,801,"Chapada_High",11.89,2318.42,22.5,9,2460.69,22.9,0,2532.31,22.5,0,2543.33,23.4,0,2324.5,24.1,0,2872.8,23.8,0,2536.1,22.2,0,2540.53,23,0,2462.98,22.6,0
"2026-03-13 09:15:00",176,801,"Chapada_High",11.89,2316.66,22.7,0,2459.61,23.2,0,2531.41,22.8,0,2541.88,23.7,0,2322.79,24.1,0,2871.88,23.8,0,2535.2,22.8,0,2539.09,23.4,0,2462.53,22.9,0
"2026-03-13 09:30:00",177,801,"Chapada_High",11.89,2316.41,23.3,0,2457.86,23.8,0,2530.32,23.4,0,2539.75,24.5,0,2321.27,24.8,0,2869.24,24.3,0,2532.87,23.2,4,2537.22,24.6,0,2461.12,23.7,0
"2026-03-13 09:45:00",178,801,"Chapada_High",11.89,2315.42,24.2,0,2457.64,24.3,0,2529.07,24,0,2537.33,25.2,0,2320.68,25.4,0,2867.9,24.8,0,2531.26,23.6,0,2535.53,25.2,0,2460.27,24.4,0
"2026-03-13 10:00:00",179,801,"Chapada_High",11.89,2314.25,24.7,0,2454.98,25.4,4,2528.05,24.6,0,2534.35,25.8,0,2318.11,25.8,0,2866.08,25.2,0,2530.21,24,0,2533.59,25.6,0,2460.19,24.6,0
"2026-03-13 10:15:00",180,801,"Chapada_High",11.9,2313.39,24.7,0,2453.24,25.6,0,2526.73,25.5,0,2531.57,26.2,0,2317.28,25.9,0,2863.3,25.5,0,2528.13,24.3,1,2531.15,25.9,0,2459.32,24.8,0
"2026-03-13 10:30:00",181,801,"Chapada_High",11.9,2313.19,24.7,0,2451.68,25.5,0,2525.54,25.4,0,2529.92,26.9,0,2314.96,26.3,0,2862.35,25.5,2,2526.37,24.5,0,2530.83,25.9,0,2459.08,25,0
"2026-03-13 10:45:00",182,801,"Chapada_High",11.91,2311.62,24.7,0,2448.78,25.4,0,2525.79,25.4,0,2529.38,26.6,0,2313.48,26.7,0,2862.04,25.7,0,2525.39,24.6,0,2529.59,25.9,0,2459.59,25,0
"2026-03-13 11:00:00",183,801,"Chapada_High",11.91,2310.95,25.7,0,2445.79,26.7,0,2522.82,26.8,0,2524.75,28.3,0,2310.96,27.5,0,2857.48,27,0,2523.42,25.5,0,2527.41,27.5,0,2458.11,26.1,0
"2026-03-13 11:15:00",184,801,"Chapada_High",11.9,2309.34,26.6,0,2442.62,27.6,0,2520.91,28,0,2521.3,29.8,0,2308.35,28.2,0,2854.94,27.7,0,2520.13,26.3,0,2524.55,28.6,0,2456.68,26.8,0
"2026-03-13 11:30:00",185,801,"Chapada_High",11.91,2308.23,26,0,2442.07,26.8,0,2521.22,27.3,0,2520.86,28.9,0,2308.16,27.2,0,2855.29,26.9,0,2520.23,26,0,2524.33,27.7,0,2456.26,26.4,0
"2026-03-13 11:45:00",186,801,"Chapada_High",11.91,2307.7,26.1,0,2440.81,27,0,2520.23,27.4,0,2518.16,29.5,0,2305.96,27.5,0,2854.07,26.9,0,2517.74,26.3,0,2523.54,27.5,0,2456.94,26.5,0
"2026-03-13 12:00:00",187,801,"Chapada_High",11.91,2306.97,26.1,0,2439.38,26.9,0,2519.1,27.4,0,2516.59,29.8,0,2304.48,27.7,0,2852.88,26.9,0,2515.91,26.4,0,2523.32,27.3,0,2456.55,26.7,4
"2026-03-13 12:15:00",188,801,"Chapada_High",11.89,2305.4,26.5,0,2437.26,27.4,0,2518.74,27.8,0,2513.97,30.4,0,2301.7,29,0,2850.54,27.3,0,2513.05,27.2,0,2521.67,27.6,0,2455.13,27.5,0
"2026-03-13 12:30:00",189,801,"Chapada_High",11.9,2304.94,27,0,2436.95,27.8,0,2517.1,28.4,0,2507.22,32.5,1,2297.8,30.1,0,2853.03,27.7,0,2509.62,28.8,0,2519.47,28.1,0,2453.62,28.3,0
"2026-03-13 12:45:00",190,801,"Chapada_High",11.9,2303.32,27,0,2433.08,27.8,0,2516.53,28.5,0,2505.66,32.3,0,2296.79,29.9,2,2845.89,28.3,0,2507.35,29.1,0,2519.05,28.4,0,2453.68,28.4,0
"2026-03-13 13:00:00",191,801,"Chapada_High",11.91,2302.36,26.9,0,2432.15,27.4,0,2516.41,28.1,0,2505.88,30.6,0,2296.86,28.3,0,2847.28,27.4,0,2506.44,29.1,0,2518.58,28.4,0,2454.31,27.9,0
"2026-03-13 13:15:00",192,801,"Chapada_High",11.9,2303.17,26.2,0,2432.64,26.5,0,2517,27.1,0,2507.7,28.5,0,2297.58,27.1,0,2848.71,26.5,0,2505.65,27.9,0,2519.37,27.7,0,2455.05,27.1,0
"2026-03-13 13:30:00",193,801,"Chapada_High",11.89,2301.98,26.5,0,2430.98,26.8,0,2516.3,27.5,0,2505.27,28.8,0,2296.33,27.5,0,2847.64,26.7,2,2505.27,28,0,2518.61,28,0,2454.87,27.6,0
"2026-03-13 13:45:00",194,801,"Chapada_High",11.89,2301.24,27.1,0,2429.07,27.5,0,2514.15,28.5,0,2504.22,29.7,0,2294.01,28.5,0,2846.27,27.3,0,2504.77,28.2,0,2517.09,29.4,0,2453.3,28.8,0
"2026-03-13 14:00:00",195,801,"Chapada_High",11.89,2299.32,27.4,0,2426.65,28,0,2513.17,29,0,2502.38,30.1,0,2292.13,29.1,0,2843.92,27.9,0,2503.11,28.4,0,2515.02,29.7,0,2449.67,30.3,0
"2026-03-13 14:15:00",196,801,"Chapada_High",11.9,2300.78,28.1,0,2426.72,27.9,0,2512.83,28.8,0,2500.51,29.7,0,2291.65,28.7,0,2843.19,27.7,0,2502.49,28.1,4,2514.48,28.9,1,2451.7,29.6,0
"2026-03-13 14:30:00",197,801,"Chapada_High",11.89,2297.99,26.8,0,2425.14,27.2,0,2512.95,27.9,0,2500.07,28.3,0,2292.46,26.9,0,2843.68,26.6,0,2503.01,27.3,11,2515.86,27.4,0,2453.72,27.8,0
"2026-03-13 14:45:00",198,801,"Chapada_High",11.89,2299.23,25.6,0,2429.02,25.7,0,2514.38,26.8,0,2501.8,27.1,0,2294.34,25.6,0,2845.87,25.3,0,2504.03,26.4,0,2517.43,26.2,0,2456.24,26.4,3
"2026-03-13 15:00:00",199,801,"Chapada_High",11.89,2299.94,25,0,2429.78,24.9,0,2515.53,26.1,0,2501.71,26.4,0,2294.54,25,0,2846.69,24.6,6,2506.47,25.8,0,2518.63,25.5,0,2457.38,25.3,0
"2026-03-13 15:15:00",200,801,"Chapada_High",11.89,2292.64,24,0,2432.14,23.7,0,2513.02,24.9,0,2503.35,24.8,0,2299,23.3,0,2854.74,23.8,0,2508.18,24.8,0,2531.58,24,1,2456.21,23.9,0
"2026-03-13 15:30:00",201,801,"Chapada_High",11.89,2293.98,22.7,0,2436.8,22.3,0,2514.66,23.6,0,2512.9,23.2,4,2304.19,21.4,0,2889.59,22.4,0,2517.35,23.8,0,2571.52,22.6,0,2461.66,22.5,0
"2026-03-13 15:45:00",202,801,"Chapada_High",11.89,2294.53,22.3,0,2440.81,22,0,2519.71,23,0,2520.72,22.7,0,2305.77,21.2,0,2904.17,22,0,2531.81,23.3,10,2563.65,22.5,0,2466.19,22.2,0
"2026-03-13 16:00:00",203,801,"Chapada_High",11.89,2297.4,22.4,0,2442.3,22,10,2523.74,22.8,0,2528.32,22.7,0,2308.98,21.4,0,2905.65,22,0,2539.27,23.1,0,2560.89,22.5,0,2464.6,22.3,0
"2026-03-13 16:15:00",204,801,"Chapada_High",11.89,2298.6,22.6,2,2444.89,22.4,0,2524.88,22.9,0,2532.67,22.9,0,2310.43,21.9,0,2905.26,22.3,0,2541.17,23.2,0,2558.63,22.7,0,2462.48,22.4,0
"2026-03-13 16:30:00",205,801,"Chapada_High",11.89,2299.33,22.8,0,2446.33,22.5,0,2526.38,23.2,0,2534.68,23.2,0,2311.34,22.2,0,2904.6,22.5,0,2542.68,23.3,6,2556.53,22.8,0,2461.48,22.7,7
"2026-03-13 16:45:00",206,801,"Chapada_High",11.89,2301.86,22.8,0,2447.13,22.7,0,2526.81,23.2,0,2536.55,23.5,0,2310.83,22.5,0,2902.93,22.6,0,2542.46,23.4,0,2555.09,22.9,0,2461.14,22.8,7
"2026-03-13 17:00:00",207,801,"Chapada_High",11.89,2303.19,23.1,0,2448,22.9,0,2527.22,23.4,0,2537.44,23.7,0,2309.67,23.2,0,2903.37,23.2,0,2542.72,23.6,1,2554.39,23.2,0,2460.65,23.2,0
"2026-03-13 17:15:00",208,801,"Chapada_High",11.89,2303.64,23.2,0,2449.09,23.1,0,2527.9,23.6,0,2537.66,23.8,0,2310.96,23.1,0,2898.4,23.4,0,2542.79,23.8,0,2553.72,23.4,0,2460.49,23.3,1
"2026-03-13 17:30:00",209,801,"Chapada_High",11.89,2304.08,23.3,0,2449.57,23.3,0,2527.51,23.8,0,2537.62,23.9,0,2311.17,23.4,0,2897.1,23.5,0,2541.79,24,0,2551.85,23.9,0,2459.97,23.5,0
"2026-03-13 17:45:00",210,801,"Chapada_High",11.89,2305.27,23.3,0,2449.62,23.3,0,2527.34,23.9,0,2538.25,23.9,0,2310.27,23.3,0,2894.88,23.6,0,2540.74,23.8,0,2551.59,23.5,0,2458.36,24.3,0
"2026-03-13 18:00:00",211,801,"Chapada_High",11.89,2304.35,23.7,0,2450.54,23,0,2527.77,23.7,0,2538.92,23.5,0,2311.33,22.9,0,2894.1,23.3,0,2541.04,23.6,0,2551.09,23.1,0,2460.22,23.6,0
"2026-03-13 18:15:00",212,801,"Chapada_High",11.89,2305.15,22.9,0,2450.79,22.9,0,2527.47,23.3,0,2538.57,23,0,2314.68,22.3,0,2894.15,22.9,15,2540.62,23.2,0,2551.03,22.7,0,2460.44,22.8,0
"2026-03-13 18:30:00",213,801,"Chapada_High",11.89,2307.07,22.5,2,2452.16,22.3,1,2527.79,23.1,0,2538.89,22.8,0,2314.98,21.9,1,2893.1,22.6,4,2540.37,23,3,2550.88,22.4,0,2461.56,22.4,0
"2026-03-13 18:45:00",214,801,"Chapada_High",11.9,2307.84,22.2,0,2452.54,21.9,0,2527.98,22.7,0,2538.23,22.5,0,2315.53,21.8,0,2892.74,22.3,0,2540.37,22.7,0,2550.37,22.1,0,2462.07,22,4
"2026-03-13 19:00:00",215,801,"Chapada_High",11.89,2308.05,21.9,0,2452.45,21.6,0,2528.78,22.3,0,2539.23,22.1,0,2314.6,21.3,0,2891.77,22.2,0,2540.07,22.4,5,2550.86,21.9,0,2462.89,21.7,0
"2026-03-13 19:15:00",216,801,"Chapada_High",11.89,2308.98,21.7,0,2453.72,21.4,0,2528.79,22.1,0,2538.61,21.9,0,2314.15,21,0,2890.96,21.9,0,2540.61,22.3,0,2550.6,21.7,0,2463.09,21.5,0
"2026-03-13 19:30:00",217,801,"Chapada_High",11.89,2308.08,21.5,0,2453.91,21.2,0,2529.4,21.8,0,2539.17,21.7,0,2315.21,20.8,3,2890.65,21.7,0,2540.51,22.1,0,2550.48,21.6,0,2463.21,21.4,0
"2026-03-13 19:45:00",218,801,"Chapada_High",11.89,2308.96,21.4,0,2454.3,21.1,0,2529.02,21.7,0,2538.93,21.6,0,2314.94,20.7,0,2890.51,21.5,3,2540.46,21.9,0,2550.5,21.4,0,2463.55,21.3,0
"2026-03-13 20:00:00",219,801,"Chapada_High",11.89,2308.88,21.3,0,2454.5,21,6,2529.36,21.5,0,2538.4,21.4,0,2317.13,20.6,0,2889.54,21.4,0,2540.48,21.8,0,2549.99,21.3,0,2463.44,21.1,0
"2026-03-13 20:15:00",220,801,"Chapada_High",11.89,2309.76,21.3,0,2454.75,20.9,0,2529.36,21.4,0,2538.18,21.4,0,2317.11,20.6,0,2888.6,21.4,0,2540.08,21.6,0,2549.39,21.3,0,2463.89,21,2
"2026-03-13 20:30:00",221,801,"Chapada_High",11.89,2309.88,21.2,0,2455.36,20.9,0,2530.3,21.3,0,2538.24,21.2,14,2316.6,20.5,0,2888.38,21.3,0,2540.11,21.5,0,2549.24,21.2,0,2464.67,20.9,0
"2026-03-13 20:45:00",222,801,"Chapada_High",11.89,2309.98,21.1,0,2455.71,20.8,0,2529.95,21.2,0,2539.57,21.2,0,2317.15,20.3,0,2891.56,21.2,0,2540.17,21.5,0,2548.26,21.1,0,2463.71,20.8,0
"2026-03-13 21:00:00",223,801,"Chapada_High",11.89,2309.29,21,0,2455.72,20.7,0,2530.26,21.1,0,2539.25,21.1,0,2317.79,20.3,0,2887.13,21.1,0,2539.95,21.4,0,2548.47,21.1,0,2463.83,20.7,0
"2026-03-13 21:15:00",224,801,"Chapada_High",11.89,2310.88,21,0,2455.95,20.7,0,2530.99,21,0,2539.71,21,0,2318.84,20.3,0,2886.12,21.1,0,2539.48,21.3,0,2548.93,20.9,0,2464.14,20.7,0
"2026-03-13 21:30:00",225,801,"Chapada_High",11.89,2310.58,20.9,15,2455.83,20.6,5,2531.13,20.9,0,2539.25,20.9,0,2319.16,20.2,0,2885.1,21,13,2539.76,21.3,0,2547.64,20.9,0,2464.62,20.6,0
"2026-03-13 21:45:00",226,801,"Chapada_High",11.89,2309.54,20.7,0,2456.39,20.5,0,2530.55,20.8,0,2539.76,20.8,0,2319.1,20.1,0,2885.05,20.9,0,2539.68,21.2,1,2547.1,20.8,0,2464.63,20.4,0
"2026-03-13 22:00:00",227,801,"Chapada_High",11.89,2310.35,20.7,0,2456.42,20.4,0,2530.74,20.7,0,2540.19,20.8,8,2319.58,20.1,0,2884.2,20.8,0,2539.13,21.1,0,2547.29,20.8,0,2465.15,20.4,0
"2026-03-13 22:15:00",228,801,"Chapada_High",11.89,2311.29,20.7,0,2456.26,20.4,0,2530.94,20.7,0,2539.07,20.7,0,2319.5,20.1,0,2883.32,20.8,0,2537.95,21.1,0,2546.7,20.8,0,2465.12,20.4,7
"2026-03-13 22:30:00",229,801,"Chapada_High",11.89,2311.19,20.7,0,2456.48,20.4,0,2532.21,20.7,0,2539.63,20.7,0,2320.06,19.9,0,2882.67,20.8,0,2537.83,21,0,2546.8,20.7,0,2465.18,20.3,10
"2026-03-13 22:45:00",230,801,"Chapada_High",11.89,2311.15,20.7,0,2456.22,20.4,0,2531.83,20.6,0,2538.77,20.7,0,2319.97,20,0,2881.9,20.8,0,2538.03,21,0,2546,20.7,0,2464.89,20.3,6
"2026-03-13 23:00:00",231,801,"Chapada_High",11.89,2311.15,20.7,0,2456.46,20.5,0,2531.17,20.7,0,2538.57,20.8,0,2320.51,20.2,0,2881.41,20.9,0,2537.87,21,0,2544.96,20.8,0,2464.96,20.4,0
"2026-03-13 23:15:00",232,801,"Chapada_High",11.89,2312.52,20.7,0,2456.26,20.5,0,2531.46,20.7,0,2539.6,20.7,0,2321.03,20.1,0,2881.15,20.8,0,2537.04,21,0,2544.95,20.7,14,2464.89,20.4,0
"2026-03-13 23:30:00",233,801,"Chapada_High",11.89,2312.46,20.5,0,2456.88,20.3,0,2532.41,20.5,0,2539.57,20.6,5,2321.19,19.9,0,2880.42,20.7,0,2536.96,20.9,0,2544.7,20.6,0,2465.38,20.3,0
"2026-03-13 23:45:00",234,801,"Chapada_High",11.89,2311.38,20.5,6,2456.7,20.2,0,2532.47,20.5,0,2539.19,20.5,0,2321.01,19.9,0,2880.6,20.6,0,2536.92,20.9,0,2544.91,20.6,0,2465.29,20.2,0
"2026-03-14 00:00:00",235,801,"Chapada_High",11.89,2311.94,20.4,0,2457.02,20.2,5,2532.33,20.4,0,2539.14,20.4,0,2321.39,19.8,0,2880.11,20.6,0,2536.75,20.8,0,2544.68,20.5,0,2465.7,20.1,0
"2026-03-14 00:15:00",236,801,"Chapada_High",11.89,2311.35,20.4,0,2456.95,20.2,0,2532.62,20.4,0,2540.32,20.4,0,2321.54,19.8,0,2879.88,20.5,0,2536.6,20.8,0,2543.83,20.4,0,2465.63,20.1,0
"2026-03-14 00:30:00",237,801,"Chapada_High",11.89,2311.87,20.3,0,2457.98,20.1,0,2532.47,20.3,0,2539.34,20.3,0,2322.13,19.6,6,2882.81,20.5,0,2536.53,20.7,0,2544.6,20.4,0,2465.7,20,0
"2026-03-14 00:45:00",238,801,"Chapada_High",11.89,2311.97,20.3,0,2457.68,20,0,2532.91,20.2,0,2540.18,20.3,0,2321.64,19.6,0,2878.83,20.4,0,2536.24,20.6,0,2544.73,20.3,9,2465.69,19.9,0
"2026-03-14 01:00:00",239,801,"Chapada_High",11.89,2311.5,20.2,0,2457.97,20,0,2533.17,20.2,0,2540.67,20.2,0,2321.95,19.6,0,2878.81,20.3,0,2536.59,20.6,3,2544.5,20.2,0,2466.09,19.9,0
"2026-03-14 01:15:00",240,801,"Chapada_High",11.89,2311.43,20.1,2,2457.9,19.9,0,2533.1,20.1,0,2539.51,20.1,6,2322.83,19.5,0,2878.24,20.3,0,2536.28,20.5,0,2543.39,20.2,0,2465.91,19.8,0
"2026-03-14 01:30:00",241,801,"Chapada_High",11.89,2311.3,20,0,2458.37,19.9,0,2533.03,20,0,2539.19,20.1,0,2322.25,19.5,0,2877.8,20.2,0,2536.25,20.5,0,2543.42,20.1,0,2466.46,19.8,0
"2026-03-14 01:45:00",242,801,"Chapada_High",11.89,2311.58,20,0,2457.94,19.8,0,2533.78,20,4,2538.52,20.1,0,2322.88,19.5,0,2877.36,20.2,0,2536.25,20.4,0,2542.86,20.1,0,2466.13,19.7,0
"2026-03-14 02:00:00",243,801,"Chapada_High",11.89,2311.93,20,0,2457.76,19.8,0,2533.6,20,0,2540.12,20,0,2322.68,19.4,0,2876.83,20.2,0,2536.36,20.4,0,2543.78,20.1,0,2466.51,19.7,0
"2026-03-14 02:15:00",244,801,"Chapada_High",11.89,2311.81,20,1,2458.46,19.8,0,2534.13,20,0,2540.07,20,0,2323.79,19.4,0,2876.49,20.2,0,2536.13,20.4,0,2542.71,20.1,0,2466.19,19.7,0
"2026-03-14 02:30:00",245,801,"Chapada_High",11.89,2311.93,20,0,2458.1,19.8,0,2533.97,20,0,2540.22,20.1,0,2323.5,19.5,0,2876.25,20.3,0,2535.98,20.4,0,2543.12,20.1,0,2466.79,19.7,0
"2026-03-14 02:45:00",246,801,"Chapada_High",11.89,2312.07,20.1,0,2457.91,19.9,0,2534.01,20,0,2540.81,20.1,0,2323.63,19.6,0,2875.75,20.3,3,2535.65,20.4,4,2542.49,20.2,0,2467.23,19.8,0
"2026-03-14 03:00:00",247,801,"Chapada_High",11.89,2311.68,20.2,0,2457.87,20,0,2533.18,20.1,0,2539.6,20.2,0,2323.21,19.8,0,2875.22,20.4,0,2536.26,20.5,0,2542.54,20.2,0,2466.61,19.9,0
"2026-03-14 03:15:00",248,801,"Chapada_High",11.89,2312.62,20.3,0,2458.41,20.1,0,2533.35,20.2,0,2539.01,20.3,0,2322.74,19.9,0,2874.74,20.5,0,2535.77,20.5,0,2542.38,20.3,0,2465.93,20,0
"2026-03-14 03:30:00",249,801,"Chapada_High",11.89,2311.65,20.3,0,2458.4,20.2,0,2532.88,20.3,0,2540.23,20.4,0,2323.84,20,0,2873.94,20.6,0,2535.7,20.6,0,2541.14,20.4,0,2466.24,20.1,0
"2026-03-14 03:45:00",250,801,"Chapada_High",11.89,2311.56,20.4,2,2458.19,20.3,0,2533.11,20.3,0,2539.29,20.5,2,2323.62,20.1,0,2873.84,20.7,0,2535.49,20.6,0,2541.35,20.5,0,2465.87,20.2,0
"2026-03-14 04:00:00",251,801,"Chapada_High",11.89,2312.06,20.5,0,2457.97,20.3,2,2533.44,20.4,0,2538.78,20.5,0,2323.65,20.2,0,2873.08,20.7,0,2535.43,20.7,0,2541.11,20.6,0,2466.3,20.3,0
"2026-03-14 04:15:00",252,801,"Chapada_High",11.89,2311.23,20.5,0,2458.24,20.4,0,2533.14,20.4,0,2538.64,20.5,0,2324.7,20.2,0,2876.88,20.7,0,2535.13,20.7,0,2541.57,20.6,0,2465.9,20.3,0
"2026-03-14 04:30:00",253,801,"Chapada_High",11.89,2311.49,20.5,0,2457.95,20.4,0,2532.51,20.5,0,2540.41,20.6,0,2324.41,20.2,0,2872.08,20.8,0,2534.02,20.7,0,2541.96,20.6,0,2465.76,20.3,0
"2026-03-14 04:45:00",254,801,"Chapada_High",11.89,2311.53,20.5,0,2458.59,20.4,0,2532.55,20.4,0,2540.52,20.5,0,2323.77,20.2,0,2872.56,20.7,0,2534,20.7,0,2540.73,20.6,0,2466.37,20.3,0
"2026-03-14 05:00:00",255,801,"Chapada_High",11.89,2311.67,20.5,0,2458.59,20.4,0,2532.53,20.5,0,2540.28,20.6,0,2324.13,20.2,0,2871.41,20.7,0,2534.21,20.8,0,2539.55,20.6,0,2466.81,20.3,0
"2026-03-14 05:15:00",256,801,"Chapada_High",11.89,2311.52,20.6,0,2458.68,20.5,0,2533.58,20.5,4,2538.93,20.7,0,2324.14,20.4,0,2871.25,20.8,1,2534.7,20.8,0,2540.69,20.7,0,2466.08,20.4,0
"2026-03-14 05:30:00",257,801,"Chapada_High",11.89,2311.52,20.7,0,2458.08,20.5,0,2533.3,20.6,0,2539.11,20.7,0,2324.81,20.4,0,2870.71,20.9,0,2533.57,20.8,0,2539.65,20.7,2,2466.03,20.5,0
"2026-03-14 05:45:00",258,801,"Chapada_High",11.89,2311.96,20.7,0,2458.47,20.6,0,2532.23,20.6,0,2538.24,20.7,0,2324.36,20.4,0,2870.08,20.9,0,2533.84,20.9,1,2539.92,20.8,0,2465.91,20.5,0
"2026-03-14 06:00:00",259,801,"Chapada_High",11.89,2309.01,20.5,0,2461.59,20.3,0,2534.4,20.5,0,2542.14,20.5,0,2328.09,20.1,0,2904.5,20.6,15,2532.65,20.8,0,2553.25,20.6,0,2464.55,20.3,0
"2026-03-14 06:15:00",260,801,"Chapada_High",11.89,2306.2,20.2,0,2474.68,20,0,2560.01,20.1,5,2568.01,20.2,0,2328.57,19.6,0,2982.09,20.2,0,2577.34,20.5,0,2629.21,20.1,18,2474.37,19.9,0
"2026-03-14 06:30:00",261,801,"Chapada_High",11.89,2311.19,20,0,2485.51,19.9,0,2554.02,20,0,2588.82,20.1,0,2329.93,19.6,3,2995.22,20.2,0,2584.24,20.4,0,2619.61,20,0,2478.14,19.8,0
"2026-03-14 06:45:00",262,801,"Chapada_High",11.89,2314.28,20,0,2492.74,19.8,0,2550.92,19.9,0,2595.83,20.1,0,2332.97,19.6,0,2997.74,20.2,0,2584.2,20.4,0,2615.39,19.9,0,2477.72,19.8,0
"2026-03-14 07:00:00",263,801,"Chapada_High",11.89,2318.27,19.9,0,2504.04,19.8,1,2550.74,19.9,0,2608.36,20,0,2334.94,19.5,0,2999.95,20.2,0,2586.94,20.3,7,2618.45,19.9,0,2476.17,19.7,0
"2026-03-14 07:15:00",264,801,"Chapada_High",11.89,2321.63,20,0,2510.72,19.8,0,2549.15,19.9,0,2613.86,20,0,2335.83,19.5,0,3000.51,20.2,0,2586.55,20.3,0,2617.44,19.9,1,2475.63,19.7,0
"2026-03-14 07:30:00",265,801,"Chapada_High",11.89,2322.93,20,0,2511.88,19.9,0,2548.57,19.9,0,2609.86,20.1,0,2337.92,19.6,0,3002.47,20.3,0,2585.56,20.4,0,2613.29,20,1,2473.71,19.8,0
"2026-03-14 07:45:00",266,801,"Chapada_High",11.89,2323.43,20.1,0,2510.97,20,0,2547.5,20,0,2608.01,20.2,0,2338.05,19.8,0,3002.63,20.4,0,2585.16,20.5,0,2612.12,20.2,0,2472.36,19.9,0
"2026-03-14 08:00:00",267,801,"Chapada_High",11.89,2323.82,20.3,0,2510.47,20.1,0,2547.2,20.2,0,2604.49,20.4,0,2338.71,20.1,0,3000.55,20.6,0,2583.6,20.6,0,2610.02,20.4,0,2471.7,20.1,0
"2026-03-14 08:15:00",268,801,"Chapada_High",11.89,2323.9,20.5,0,2508.81,20.4,0,2545.92,20.5,0,2601.44,20.7,0,2338.8,20.5,0,2999.62,20.9,0,2583.11,20.8,0,2606.23,20.6,0,2470.82,20.4,0
"2026-03-14 08:30:00",269,801,"Chapada_High",11.89,2323.54,20.7,0,2506.92,20.6,0,2544.7,20.7,0,2598.28,20.9,0,2338.9,20.7,2,2998.21,21,0,2581.54,21,0,2604.77,21.1,0,2469.21,20.7,0
"2026-03-14 08:45:00",270,801,"Chapada_High",11.89,2324.3,20.9,0,2505.18,20.8,0,2543.4,20.8,0,2594.42,21.1,0,2338.35,20.9,0,2997.06,21.2,0,2580.11,21.2,0,2602.75,21.2,0,2468.34,21.1,0
"2026-03-14 09:00:00",271,801,"Chapada_High",11.89,2325.08,21.3,0,2503.59,21.1,0,2543.1,21.1,0,2592.25,21.4,0,2338.8,21.2,0,2996.18,21.4,0,2579.34,21.4,0,2599.73,21.5,0,2468.16,21.3,0
"2026-03-14 09:15:00",272,801,"Chapada_High",11.89,2324.6,21.6,0,2500.76,21.7,0,2542.71,21.5,0,2589.79,21.9,0,2338.06,21.7,0,2994.97,21.8,0,2577.37,21.7,0,2597.02,21.9,0,2467.4,21.7,0
"2026-03-14 09:30:00",273,801,"Chapada_High",11.89,2322.35,22.2,0,2498.23,22.3,0,2542.48,22.3,0,2585.69,22.9,0,2339.75,22.6,0,2993.05,22.5,2,2576.35,22.2,0,2594.9,22.6,2,2465.91,22.4,0
"2026-03-14 09:45:00",274,801,"Chapada_High",11.9,2322.08,22.5,0,2496.87,22.7,5,2542.02,22.7,0,2583.74,23.7,0,2335.77,24.5,0,2992.94,22.9,0,2574.85,22.6,0,2592.41,23.2,0,2465.36,22.8,0
"2026-03-14 10:00:00",275,801,"Chapada_High",11.9,2322.79,22.6,14,2494.61,22.8,0,2542.01,22.8,0,2581.44,23.6,0,2336.41,23.3,0,2991.08,23.5,0,2573.91,22.9,0,2589.54,23.2,1,2465.47,22.8,0
"2026-03-14 10:15:00",276,801,"Chapada_High",11.89,2321.26,23.1,0,2493.15,23.4,0,2541.06,23.4,0,2579.25,24.3,0,2336.28,23.7,0,2988.55,23.6,1,2573,23.4,0,2587.43,23.9,0,2464.38,23.4,0
"2026-03-14 10:30:00",277,801,"Chapada_High",11.89,2321.3,24,0,2492.05,24.4,0,2539.42,24.4,1,2575.76,25.7,0,2334.12,24.6,0,2986.88,24.3,0,2570.75,24.2,0,2582.13,25.3,0,2462.32,24.4,0
"2026-03-14 10:45:00",278,801,"Chapada_High",11.89,2321.06,24.1,0,2488.4,24.4,0,2538.78,24.5,0,2572.98,25.6,0,2333.75,24.3,0,2986.46,24.3,0,2569.38,25,0,2581.44,25.2,0,2461.96,24.3,0
"2026-03-14 11:00:00",279,801,"Chapada_High",11.89,2320.34,24.5,0,2488.16,24.9,0,2538.08,25.1,5,2570.19,26.3,0,2333.36,25.1,0,2985.3,24.8,0,2568.1,25.1,0,2576.08,26.9,0,2461.42,24.8,0
"2026-03-14 11:15:00",280,801,"Chapada_High",11.89,2319.92,25.4,0,2484.76,25.3,0,2536.8,25.6,0,2567.27,27,0,2331.28,25.4,0,2983.71,25.2,0,2566.47,25.3,0,2574.14,26.3,0,2460.21,25.7,0
"2026-03-14 11:30:00",281,801,"Chapada_High",11.89,2318.56,25.5,0,2482.35,26.1,0,2536.12,25.6,0,2565.66,26.9,0,2330.12,25.6,0,2982.68,25.3,0,2564.61,25.2,0,2573.24,25.9,2,2460.36,25.1,0
"2026-03-14 11:45:00",282,801,"Chapada_High",11.89,2318.22,25.7,0,2479.86,26.4,0,2534.21,26.8,0,2561.93,28,0,2328.04,26.6,0,2980.39,26,0,2563.61,25.7,3,2571.43,26.3,0,2460.05,25.5,0
"2026-03-14 12:00:00",283,801,"Chapada_High",11.9,2317.9,25.6,0,2476.85,26.2,0,2534.15,26.5,0,2559.16,28.5,0,2325.11,26.8,0,2977.46,26,0,2560.87,25.9,0,2569.69,26.2,0,2460.29,25.5,0
"2026-03-14 12:15:00",284,801,"Chapada_High",11.89,2316.49,26.1,0,2473.06,26.7,0,2533.07,27.1,0,2554.39,29.7,2,2322.6,28.9,0,2979.22,26.8,0,2558.36,27.2,0,2567.47,26.6,9,2458.36,26.5,10
"2026-03-14 12:30:00",285,801,"Chapada_High",11.89,2316.37,26.2,0,2471.15,26.7,0,2532.12,27.3,0,2550.55,30.3,0,2320.32,28.9,0,2965.8,27.2,0,2556.15,28.3,0,2565.21,26.8,0,2458.31,26.7,0
"2026-03-14 12:45:00",286,801,"Chapada_High",11.89,2314.86,26.5,0,2468.78,26.9,0,2531.45,27.7,0,2547.45,31.1,0,2317.83,29.3,0,2956.99,27,0,2553.11,29.2,0,2562.02,28,0,2457.51,27.2,0
"2026-03-14 13:00:00",287,801,"Chapada_High",11.89,2313.77,26.9,0,2466.11,27.3,0,2528.93,28.3,0,2543.13,31.5,0,2315.84,29.5,0,2954.29,27.2,0,2550.76,30,0,2559.52,28.6,0,2454.73,28.8,0
"2026-03-14 13:15:00",288,801,"Chapada_High",11.89,2313.19,28,0,2463.86,27.3,0,2529.08,28.6,0,2542.81,30.9,0,2314.04,29.3,0,2949.99,27.4,0,2548.66,29.9,0,2557.23,29.2,0,2454.89,28.8,0
"2026-03-14 13:30:00",289,801,"Chapada_High",11.89,2312.77,27.7,0,2462.2,28.4,0,2528.32,28.9,0,2540.53,30.6,0,2313.48,29,0,2945.31,27.5,0,2548.21,29.4,0,2555.36,29.3,0,2454.22,28.8,0
"2026-03-14 13:45:00",290,801,"Chapada_High",11.89,2311.01,27.1,0,2459.44,27.4,0,2527.02,28.8,0,2538.78,29.8,0,2312.29,28.2,0,2941.07,27.1,0,2547.09,28.5,0,2554.71,28.4,0,2455.54,28.1,0
"2026-03-14 14:00:00",291,801,"Chapada_High",11.89,2310.88,27,0,2458.88,27.2,0,2526.98,28.7,0,2536.5,29.9,2,2310.54,29.3,0,2937.84,27.2,0,2547.94,28.1,0,2554.3,28.1,12,2455.61,28.1,0
"2026-03-14 14:15:00",292,801,"Chapada_High",11.9,2309.47,27,0,2456.86,27.3,0,2526.09,28.6,0,2534.73,29.7,0,2309.93,29,0,2932.28,28.1,2,2546.92,27.9,0,2553.57,27.7,0,2456.04,28.2,0
"2026-03-14 14:30:00",293,801,"Chapada_High",11.89,2309.72,27,0,2455.79,27.5,0,2526.83,28.6,0,2531.55,29.8,0,2309.07,29,0,2930.61,28.1,1,2546.13,28.5,0,2552.86,27.6,0,2454.83,28.5,0
"2026-03-14 14:45:00",294,801,"Chapada_High",11.89,2307.8,27.6,0,2454.46,28.6,2,2525.42,29.3,0,2529.07,29.9,0,2305.73,30,0,2925.21,28.7,0,2544.04,28.9,0,2549.71,29.1,0,2453.09,29.6,0
"2026-03-14 15:00:00",295,801,"Chapada_High",11.89,2307.62,28.5,0,2451.88,29,0,2524.85,29.4,0,2525.77,30.6,0,2303.8,30.5,0,2921.12,28.9,0,2543.74,29.1,0,2548.39,28.7,0,2452.37,30.4,0
"2026-03-14 15:15:00",296,801,"Chapada_High",11.89,2305.99,29.1,0,2448.45,30,0,2523.94,29.4,0,2521.74,31.3,0,2301.54,30.6,0,2916.71,29,0,2541,29.3,2,2547.42,28.7,0,2451.58,30.9,0
"2026-03-14 15:30:00",297,801,"Chapada_High",11.89,2304.63,27.9,0,2448.76,28.6,0,2522.77,29.1,0,2523.87,29.9,0,2301.59,29,0,2915.39,28,0,2540.16,28.7,0,2547.34,27.9,0,2453.45,29.7,0
"2026-03-14 15:45:00",298,801,"Chapada_High",11.89,2304.39,27,0,2447.47,27.2,0,2522.8,28.1,0,2522.42,28.9,0,2303.15,27.6,0,2914,27,0,2541.41,27.8,0,2548.26,27.2,0,2456.14,27.9,1
"2026-03-14 16:00:00",299,801,"Chapada_High",11.9,2305.34,26.5,0,2447.32,26.5,0,2523.39,27.4,0,2522.13,27.8,0,2303.78,27.4,0,2916.66,26.6,0,2541.79,27.1,0,2547.54,26.8,0,2457.51,26.9,2
"2026-03-14 16:15:00",300,801,"Chapada_High",11.89,2303.98,26.7,0,2446.59,26.8,0,2523.09,27.4,0,2522.85,27.9,0,2302.64,27.9,0,2909.85,27,2,2541.13,27.4,0,2547.19,27.2,0,2456.14,27.6,0
"2026-03-14 16:30:00",301,801,"Chapada_High",11.89,2303.39,27.7,0,2445.96,27.9,0,2522.24,28.2,0,2521.16,28.9,0,2299.41,29.4,0,2905.57,27.9,0,2539.18,28.7,0,2544.64,29,0,2453.89,29.5,0
"2026-03-14 16:45:00",302,801,"Chapada_High",11.89,2302,28,0,2442.3,28.1,0,2521.41,28.4,0,2521.53,29,10,2298.06,29.7,0,2902.8,28,0,2537.98,28.6,0,2542.91,29.3,0,2452.34,30.3,0
"2026-03-14 17:00:00",303,801,"Chapada_High",11.9,2302.22,28.5,0,2443.75,27.7,0,2521.01,28.2,0,2521.79,28.4,0,2296.42,29,0,2901.07,27.7,0,2537.94,28.1,1,2542.23,28.7,0,2453.92,29.3,0
"2026-03-14 17:15:00",304,801,"Chapada_High",11.9,2300.91,27.4,0,2440.72,27.6,0,2521.53,27.7,0,2520.71,27.8,0,2297.32,28.1,0,2900.52,27.1,0,2538.37,27.5,0,2543.22,27.8,0,2455.45,28.1,0
"2026-03-14 17:30:00",305,801,"Chapada_High",11.9,2301.09,27.2,0,2440.77,27.3,14,2520.75,28.2,0,2520.39,28,0,2296.04,28.3,0,2898.46,27.1,1,2537.93,27.1,14,2543.7,27.2,0,2455.83,27.9,2
"2026-03-14 17:45:00",306,801,"Chapada_High",11.9,2300.42,27,0,2439.42,27.1,0,2520.05,27.9,0,2520.07,28,0,2294.45,29.3,3,2895.66,27.1,0,2538.2,26.5,0,2544.21,26.4,0,2456.29,27.6,0
"2026-03-14 18:00:00",307,801,"Chapada_High",11.9,2301.81,26.3,0,2439.92,26.3,8,2521.15,27.1,0,2520.35,27,0,2295.27,27.8,0,2894.6,26.8,0,2539.69,25.9,0,2544.21,25.9,0,2457.82,26.8,0
"2026-03-14 18:15:00",308,801,"Chapada_High",11.9,2301.65,25.8,0,2442.78,25.7,0,2521.75,26.5,0,2521.93,26.3,2,2296.56,26.6,0,2894.67,26,0,2540.71,25.8,0,2545.16,25.5,0,2458.65,26.1,0
"2026-03-14 18:30:00",309,801,"Chapada_High",11.9,2301.65,25.3,1,2443.53,25,0,2522,25.8,0,2522,25.6,0,2298.26,25.4,0,2894.08,25.2,0,2540.64,25.3,0,2545.27,25.2,0,2459.46,25.4,0
"2026-03-14 18:45:00",310,801,"Chapada_High",11.9,2302.46,24.8,0,2442.54,24.4,0,2523.35,25.2,0,2522.03,24.9,11,2297.48,24.5,0,2894.7,24.6,0,2541.7,24.8,0,2545.42,24.6,0,2460.87,24.8,0
"2026-03-14 19:00:00",311,801,"Chapada_High",11.9,2302.84,24.4,0,2443.1,23.9,0,2523.95,24.6,0,2523.47,24.4,0,2299.24,23.8,0,2894.01,24.1,0,2540.88,24.3,0,2546.48,24.1,0,2461.16,24.1,0
"2026-03-14 19:15:00",312,801,"Chapada_High",11.9,2303.08,24,0,2444.19,23.5,0,2524.77,24.3,0,2523.81,24,0,2299.89,23.4,0,2894.05,23.7,0,2541.86,24,0,2546.68,23.8,0,2463.04,23.7,0
"2026-03-14 19:30:00",313,801,"Chapada_High",11.9,2302.93,23.7,0,2444.69,23.3,0,2526.13,23.9,0,2525.07,23.6,0,2299.91,23,0,2893.89,23.4,0,2541.54,23.8,0,2546.46,23.5,0,2463.1,23.3,0
"2026-03-14 19:45:00",314,801,"Chapada_High",11.9,2303.96,23.5,0,2445.45,23.1,0,2525.38,23.7,0,2526.55,23.4,0,2303.93,22.7,0,2897.84,23.2,0,2542.07,23.6,0,2547.24,23.3,0,2463.41,23.1,4
"2026-03-14 20:00:00",315,801,"Chapada_High",11.9,2304.25,23.3,0,2445.77,22.9,6,2526.62,23.5,0,2525.97,23.2,0,2301.81,22.6,0,2892.63,23.1,0,2543.03,23.5,6,2547.12,23.2,0,2463.68,22.9,0
"2026-03-14 20:15:00",316,801,"Chapada_High",11.89,2303.73,23.1,0,2446.6,22.7,0,2526.06,23.2,5,2526.94,23,0,2305.24,22.4,0,2892.75,22.9,0,2543.17,23.3,0,2546.95,23,0,2464.24,22.7,0
"2026-03-14 20:30:00",317,801,"Chapada_High",11.89,2304.85,23,0,2447.21,22.6,0,2526.9,23.1,6,2527.79,22.9,0,2305.81,22.3,0,2891.68,22.8,0,2542.38,23.1,3,2547.16,22.8,1,2464.63,22.6,0
"2026-03-14 20:45:00",318,801,"Chapada_High",11.89,2304.37,22.9,0,2447.66,22.5,11,2527.36,23,0,2529.86,22.8,0,2306.31,22.2,0,2891.1,22.7,0,2542.81,23,0,2547.22,22.8,3,2464.34,22.5,0
"2026-03-14 21:00:00",319,801,"Chapada_High",11.89,2305.32,22.7,0,2448.02,22.3,0,2527.65,22.8,0,2529.13,22.7,0,2307.72,22,9,2890.42,22.5,0,2543.23,22.9,0,2546.79,22.6,0,2463.85,22.4,0
"2026-03-14 21:15:00",320,801,"Chapada_High",11.89,2306.61,22.6,0,2448.92,22.2,0,2527.71,22.7,0,2530.02,22.5,1,2308.55,21.9,0,2889.45,22.4,0,2543.05,22.8,0,2546.9,22.5,0,2464.85,22.3,0
"2026-03-14 21:30:00",321,801,"Chapada_High",11.89,2305.31,22.6,0,2448.9,22.2,0,2528.34,22.6,0,2529.97,22.5,3,2306.79,21.8,0,2889.27,22.4,0,2543.32,22.7,0,2546.93,22.5,0,2465.14,22.2,5
"2026-03-14 21:45:00",322,801,"Chapada_High",11.89,2306.75,22.4,0,2449.48,22.1,0,2528.71,22.5,0,2530.13,22.3,0,2307.95,21.7,0,2888.51,22.3,3,2543.85,22.6,0,2546.84,22.3,0,2465.49,22.1,2
"2026-03-14 22:00:00",323,801,"Chapada_High",11.89,2307.16,22.3,0,2450.14,21.9,0,2529.29,22.3,2,2531.15,22.2,0,2308.39,21.5,0,2888.04,22.2,0,2543.63,22.5,0,2546.87,22.2,0,2465.12,22,0
"2026-03-14 22:15:00",324,801,"Chapada_High",11.89,2307.55,22.1,0,2450.7,21.8,0,2529.35,22.2,0,2533.95,22.1,0,2308.56,21.4,0,2886.94,22,0,2543.54,22.4,5,2546.75,22,0,2465.44,21.8,0
"2026-03-14 22:30:00",325,801,"Chapada_High",11.89,2308.12,22,0,2451.45,21.7,0,2529.48,22,0,2533.48,21.9,2,2309.41,21.2,0,2887.16,21.9,0,2543.74,22.3,0,2546.1,21.9,0,2466.11,21.7,0
"2026-03-14 22:45:00",326,801,"Chapada_High",11.89,2307.17,21.9,0,2451.76,21.5,0,2529.95,21.9,0,2534.56,21.8,0,2309.13,21.1,0,2886.22,21.8,3,2542.92,22.2,0,2546.28,21.8,0,2465.61,21.5,0
"2026-03-14 23:00:00",327,801,"Chapada_High",11.89,2307.66,22,0,2452.15,21.6,0,2529.91,22,0,2534.44,21.9,0,2309.32,21.3,0,2885.58,21.9,3,2543.18,22.2,0,2546.09,21.9,0,2465.85,21.6,0
"2026-03-14 23:15:00",328,801,"Chapada_High",11.89,2308.31,22,0,2451.65,21.7,0,2530.09,22,0,2534.44,21.9,0,2309.66,21.4,3,2884.44,21.9,0,2543.21,22.2,0,2545.79,21.9,1,2466.43,21.7,0
"2026-03-14 23:30:00",329,801,"Chapada_High",11.89,2308.41,21.9,0,2452.34,21.5,0,2530.04,21.9,0,2535.23,21.8,4,2310.88,21.1,0,2888.21,21.8,0,2543.03,22.1,0,2545.29,21.8,0,2465.95,21.5,0
"2026-03-14 23:45:00",330,801,"Chapada_High",11.89,2307.58,21.8,0,2453.13,21.4,6,2530.83,21.7,0,2535.56,21.7,0,2311.82,21,0,2884.01,21.7,0,2543.17,22,0,2545.85,21.6,0,2465.97,21.4,0
"2026-03-15 00:00:00",331,801,"Chapada_High",11.89,2308.72,21.6,0,2453.25,21.3,0,2531.15,21.6,0,2534.62,21.6,0,2311.65,20.9,0,2883.6,21.6,0,2542.9,21.9,0,2546.29,21.5,0,2466.43,21.3,0
"2026-03-15 00:15:00",332,801,"Chapada_High",11.89,2308.95,21.6,0,2454.01,21.2,0,2531.34,21.5,0,2536.42,21.5,0,2312.24,20.7,0,2882.84,21.5,0,2542.61,21.8,0,2545.32,21.4,0,2466.13,21.2,0
"2026-03-15 00:30:00",333,801,"Chapada_High",11.89,2308.58,21.4,0,2454.12,21.1,2,2531.09,21.4,0,2535.66,21.4,4,2312.06,20.7,0,2883.89,21.4,4,2543.08,21.8,0,2545.25,21.3,1,2466.57,21.1,0
"2026-03-15 00:45:00",334,801,"Chapada_High",11.89,2309.4,21.3,0,2454.88,21,0,2531.05,21.3,0,2536.18,21.3,0,2313.02,20.5,0,2883.76,21.3,4,2543.14,21.7,0,2545.23,21.2,0,2466.24,21,0
"2026-03-15 01:00:00",335,801,"Chapada_High",11.88,2309.47,21.3,0,2454.42,20.9,0,2531.57,21.2,0,2536.73,21.2,0,2312.85,20.4,0,2882.41,21.3,0,2543.58,21.6,0,2545.94,21.1,0,2466.43,20.9,0
"2026-03-15 01:15:00",336,801,"Chapada_High",11.88,2310.02,21.2,0,2455.24,20.9,0,2532.1,21.1,0,2537.09,21.1,0,2314.1,20.3,0,2882.95,21.2,0,2542.73,21.5,12,2545.42,21,0,2466.61,20.8,0
"2026-03-15 01:30:00",337,801,"Chapada_High",11.88,2309.6,21.1,0,2455.16,20.8,6,2532.17,21,0,2537.03,21.1,0,2314.61,20.2,0,2882.5,21.1,0,2543.52,21.5,0,2545.55,21,0,2467.05,20.8,0
"2026-03-15 01:45:00",338,801,"Chapada_High",11.89,2310.05,21.1,0,2455.63,20.8,0,2532.53,21,0,2536.98,21,0,2315.09,20.2,0,2882.93,21.1,0,2543.62,21.4,0,2544.9,20.9,0,2467.16,20.7,0
"2026-03-15 02:00:00",339,801,"Chapada_High",11.89,2309.64,21,0,2456.22,20.7,0,2532.48,20.9,0,2537.9,21,5,2314.67,20.2,0,2882.44,21,0,2543.73,21.3,6,2545.65,20.8,0,2467.16,20.7,0
"2026-03-15 02:15:00",340,801,"Chapada_High",11.89,2309.65,20.9,0,2455.96,20.7,0,2532.3,20.9,0,2538.03,20.9,0,2315.47,20.2,0,2882.34,21,0,2543.19,21.3,0,2545.95,20.8,0,2466.74,20.6,0
"2026-03-15 02:30:00",341,801,"Chapada_High",11.89,2310.89,20.9,0,2457.01,20.6,0,2532.93,20.9,0,2537.17,20.9,0,2315.3,20.2,0,2882.51,20.9,0,2543.24,21.3,0,2545.13,20.8,0,2467.34,20.6,0
"2026-03-15 02:45:00",342,801,"Chapada_High",11.89,2309.86,20.8,0,2456.39,20.6,0,2532.77,20.8,0,2538.53,20.9,0,2315.35,20.2,0,2881.99,20.9,0,2543.31,21.2,0,2545.54,20.8,0,2467.24,20.6,0
"2026-03-15 03:00:00",343,801,"Chapada_High",11.89,2310.28,20.8,0,2457.09,20.6,0,2534.2,20.8,0,2539.89,20.8,0,2315.87,20.2,0,2881.52,20.9,5,2543.57,21.2,0,2545.31,20.8,0,2467.38,20.5,0
"2026-03-15 03:15:00",344,801,"Chapada_High",11.89,2309.71,20.8,0,2457.16,20.6,0,2534.25,20.8,0,2539.1,20.8,0,2316.86,20.1,0,2885.8,20.9,4,2544.05,21.2,0,2546.49,20.7,0,2466.74,20.5,0
"2026-03-15 03:30:00",345,801,"Chapada_High",11.89,2310.34,20.8,0,2457.25,20.6,0,2533.74,20.8,0,2539.25,20.8,0,2316.51,20.1,0,2880.92,20.9,0,2543.08,21.1,0,2545.86,20.7,0,2467.23,20.5,0
"2026-03-15 03:45:00",346,801,"Chapada_High",11.89,2310.27,20.8,0,2457.96,20.5,0,2534.35,20.7,0,2540.44,20.8,0,2316.97,20.1,0,2881.08,20.8,0,2542.97,21.1,0,2545.22,20.6,0,2467.18,20.5,0
"2026-03-15 04:00:00",347,801,"Chapada_High",11.89,2310.66,20.7,0,2457.63,20.5,0,2534.11,20.7,0,2540.31,20.7,0,2317.28,20.1,0,2880.8,20.8,0,2543.11,21.1,0,2545.47,20.6,0,2467.19,20.4,0
"2026-03-15 04:15:00",348,801,"Chapada_High",11.89,2311.06,20.6,0,2458.32,20.4,0,2533.51,20.6,0,2539.37,20.6,0,2317.87,20,0,2880.34,20.7,0,2543.69,21,0,2545.08,20.6,0,2467.65,20.3,0
"2026-03-15 04:30:00",349,801,"Chapada_High",11.89,2311.22,20.5,0,2458.12,20.3,0,2534.8,20.5,0,2540.13,20.6,0,2318.47,19.8,0,2880.49,20.6,0,2543.54,20.9,0,2545,20.5,0,2467.81,20.3,0
"2026-03-15 04:45:00",350,801,"Chapada_High",11.88,2310.45,20.5,0,2458.34,20.2,0,2534.81,20.4,0,2540.99,20.5,0,2318.59,19.7,0,2880.32,20.6,0,2543.52,20.9,0,2545.13,20.4,0,2468.26,20.2,0
"2026-03-15 05:00:00",351,801,"Chapada_High",11.89,2311.19,20.4,0,2459.02,20.2,0,2535.44,20.3,0,2541.34,20.4,0,2318.63,19.6,0,2879.98,20.5,0,2539.77,20.8,2,2544.86,20.3,0,2468.06,20.1,0
"2026-03-15 05:15:00",352,801,"Chapada_High",11.89,2310.95,20.3,0,2459.77,20.1,1,2535.39,20.3,0,2540.32,20.3,0,2319.41,19.6,0,2879.36,20.4,5,2542.21,20.7,0,2544.16,20.2,0,2468.19,20,0
"2026-03-15 05:30:00",353,801,"Chapada_High",11.89,2311.54,20.2,0,2459.71,20,0,2535.34,20.2,0,2541.33,20.2,0,2320.19,19.5,0,2879.04,20.3,0,2541.99,20.7,0,2544.46,20.2,0,2467.58,19.9,0
"2026-03-15 05:45:00",354,801,"Chapada_High",11.89,2311.87,20.2,0,2459.6,20,0,2535.22,20.1,0,2540.95,20.2,0,2319.65,19.5,0,2878.46,20.2,0,2542.44,20.6,0,2544.79,20,0,2467.9,19.9,0
"2026-03-15 06:00:00",355,801,"Chapada_High",11.89,2312.11,20.1,1,2459.66,19.9,0,2535.48,20.1,0,2541.22,20.1,5,2320.1,19.5,0,2878.34,20.2,0,2542.33,20.6,0,2544.53,20,0,2468.79,19.8,0
"2026-03-15 06:15:00",356,801,"Chapada_High",11.89,2312.12,20,0,2459.75,19.8,0,2535.83,20,0,2540.46,20.1,0,2320.08,19.3,0,2877.87,20.1,0,2542.08,20.5,1,2544.48,19.9,0,2468.15,19.7,0
"2026-03-15 06:30:00",357,801,"Chapada_High",11.89,2312.18,20,0,2460.26,19.8,0,2535.6,19.9,0,2540.26,20,0,2320.61,19.2,0,2877.11,20.1,1,2541.88,20.4,0,2543.76,19.9,0,2468.2,19.7,0
"2026-03-15 06:45:00",358,801,"Chapada_High",11.89,2311.69,19.9,0,2460.34,19.7,0,2535.92,19.9,0,2542.23,19.9,0,2319.9,19.2,0,2877.24,20,0,2541.82,20.4,0,2543.88,19.9,0,2468.27,19.6,0
"2026-03-15 07:00:00",359,801,"Chapada_High",11.89,2312.36,20,0,2460.32,19.8,0,2535.98,19.9,0,2542.15,20,1,2321.17,19.3,0,2881.35,20.1,0,2542.04,20.4,0,2544.16,19.9,0,2468.41,19.7,12
"2026-03-15 07:15:00",360,801,"Chapada_High",11.89,2312.23,20.1,0,2460.01,19.9,2,2536.18,20,4,2541.62,20.1,0,2321.52,19.5,0,2875.63,20.2,1,2541.29,20.4,0,2543.65,20,0,2468.2,19.8,0
"2026-03-15 07:30:00",361,801,"Chapada_High",11.89,2311.82,20.4,0,2460.17,20.3,0,2535.9,20.3,0,2540.93,20.5,0,2321.37,20,0,2874.73,20.6,0,2542.28,20.7,0,2542.62,20.5,0,2467.82,20.2,0
"2026-03-15 07:45:00",362,801,"Chapada_High",11.89,2311.05,21,0,2459.57,21,0,2533.7,20.9,0,2541.71,21.3,0,2319.85,21.2,0,2871.76,21.3,0,2541.15,21.1,0,2542.13,21.3,0,2466.56,21,0
"2026-03-15 08:00:00",363,801,"Chapada_High",11.89,2311.1,22,0,2458.33,21.8,0,2533.51,21.6,0,2540.41,22.2,0,2320.99,22.3,0,2870.85,22,0,2540.62,21.7,0,2541.22,22.1,0,2466.17,21.7,0
"2026-03-15 08:15:00",364,801,"Chapada_High",11.89,2309.56,22.3,0,2457.64,22.8,10,2533.01,22.2,0,2540.78,22.8,0,2318.78,23.2,0,2868.71,22.6,0,2539.91,22.1,0,2539.8,22.7,0,2465.2,22.2,0
"2026-03-15 08:30:00",365,801,"Chapada_High",11.89,2308.25,22.9,0,2456.57,23.3,0,2531.8,23,0,2537.99,23.8,0,2316.94,24,0,2866.68,23.2,0,2538.99,22.6,0,2538.06,23.5,0,2464.07,22.9,0
"2026-03-15 08:45:00",366,801,"Chapada_High",11.89,2307.82,23.5,0,2456.91,24,0,2531,23.4,0,2535.41,24.9,0,2315.92,26.4,0,2864.49,24,0,2537.3,23.1,0,2534.76,24.4,0,2463.56,23.6,0
"2026-03-15 09:00:00",367,801,"Chapada_High",11.89,2306.66,24.2,0,2455.51,24.8,10,2529.95,24,0,2533.58,25.9,0,2314.03,26.6,0,2861.58,25.4,0,2536,23.7,1,2533.85,25.3,0,2461.83,24.3,0
"2026-03-15 09:15:00",368,801,"Chapada_High",11.89,2305.6,24.8,0,2453.11,25.5,0,2529.24,24.6,0,2531.01,26.8,0,2312.13,26.8,0,2860.52,25.6,0,2534.24,24.6,0,2531.88,26.2,0,2461.59,24.8,0
"2026-03-15 09:30:00",369,801,"Chapada_High",11.89,2304.81,25.4,0,2449.16,26.1,0,2527.85,25.2,0,2529,27.7,0,2310.85,27.3,0,2858.48,26.2,0,2532.12,25,0,2528.76,28,0,2460.34,25.4,0
"2026-03-15 09:45:00",370,801,"Chapada_High",11.89,2303.32,26.4,0,2446.53,26.6,0,2525.66,26,0,2525.96,28.3,0,2308.48,27.7,0,2856.21,26.7,0,2530.77,25.4,0,2526.63,28.4,0,2459.65,26.4,0
"2026-03-15 10:00:00",371,801,"Chapada_High",11.89,2302.63,27.3,0,2445.38,27.9,1,2524.28,26.9,0,2524.06,29,0,2304.84,28.3,0,2854.36,27.3,0,2529.64,25.8,0,2524.53,29,0,2459.08,26.6,0
"2026-03-15 10:15:00",372,801,"Chapada_High",11.89,2300.17,27.7,0,2442.21,28.5,0,2521.45,28.3,0,2521,29.8,7,2303.39,28.8,2,2851.46,27.8,0,2525.42,26.4,0,2522.55,29.8,0,2458.9,27,0
"2026-03-15 10:30:00",373,801,"Chapada_High",11.89,2300.18,27.4,0,2438.91,28,0,2521.75,27.9,0,2519.35,30.2,0,2301.52,28.4,0,2851.28,27.6,0,2523.91,26.4,0,2521.67,29.3,1,2459.06,26.8,0
"2026-03-15 10:45:00",374,801,"Chapada_High",11.89,2299.68,27.9,0,2438.7,28.6,0,2519.55,28.6,0,2515.53,30.9,0,2298.41,30.1,0,2851.81,28.4,1,2522.94,26.9,0,2519.21,30.1,0,2457.82,27.1,0
"2026-03-15 11:00:00",375,801,"Chapada_High",11.89,2298.61,28.2,0,2436.58,28.9,0,2519.34,29.2,0,2513.41,31.5,0,2297.49,29.6,0,2845.62,29.3,0,2520.7,27.6,0,2517.87,30.4,0,2457.01,27.5,0
"2026-03-15 11:15:00",376,801,"Chapada_High",11.89,2297.41,28.1,0,2434.51,28.6,0,2517.42,29.1,0,2510.69,31.4,0,2296.31,29.2,0,2845.08,28.8,0,2518.46,28,0,2516.93,30.6,0,2457.14,27.4,0
"2026-03-15 11:30:00",377,801,"Chapada_High",11.89,2296.43,28.5,0,2432.24,29.1,0,2517.54,29.7,0,2507.75,32.8,0,2293.56,29.9,0,2843.38,29.1,0,2517.38,28.2,0,2514.89,31.1,0,2455.31,28.5,0
"2026-03-15 11:45:00",378,801,"Chapada_High",11.89,2294.94,29.5,0,2430.04,29.4,3,2516.46,29.9,0,2503.42,33.4,0,2291.68,30.2,0,2841.51,29.1,0,2514.83,28.7,0,2514.05,30.6,0,2454.99,28.7,0
"2026-03-15 12:00:00",379,801,"Chapada_High",11.89,2293.9,28.7,0,2428.54,29.4,0,2515.29,29.2,0,2501.16,32.2,0,2291.25,29.7,0,2841.92,28.6,0,2513.15,28.5,0,2513.76,29.6,0,2455.8,28.3,0
"2026-03-15 12:15:00",380,801,"Chapada_High",11.89,2294.2,28.4,0,2427.21,28.8,0,2516.58,29.4,0,2500.01,32.1,0,2288.23,30.7,0,2841.78,28.4,0,2511.83,29,0,2514.32,29.2,0,2455.05,28.6,0
"2026-03-15 12:30:00",381,801,"Chapada_High",11.89,2293.22,28.5,0,2426.05,28.8,0,2515.06,29.7,0,2496.51,33.4,0,2286.26,32.2,0,2840.18,28.7,0,2508.05,30.4,0,2511.46,29.4,0,2453.76,29.4,0
"2026-03-15 12:45:00",382,801,"Chapada_High",11.89,2292.15,29.1,0,2423.18,29.5,0,2513.88,30.4,0,2490.9,35.4,0,2281.18,33.2,0,2837.13,29.9,0,2503.8,32.1,0,2509.61,30.7,0,2452.57,30.1,0
"2026-03-15 13:00:00",383,801,"Chapada_High",11.89,2289.73,29.5,0,2420.75,29.9,0,2512,30.9,0,2489.43,35,0,2278.96,33,0,2836.16,29.8,0,2501.24,32.8,0,2507.87,31.6,0,2451.88,30.8,0
"2026-03-15 13:15:00",384,801,"Chapada_High",11.89,2287.87,29.4,0,2418.94,29.6,0,2510.36,30.8,0,2488.51,33.4,0,2281.46,31.6,0,2835.12,29.3,0,2499.48,32,0,2507.13,32,18,2450.2,30.9,0
"2026-03-15 13:30:00",385,801,"Chapada_High",11.89,2288.03,29.5,0,2417.24,29.3,0,2510.41,30.5,0,2488.84,32.1,0,2280.87,30.5,0,2835.74,28.8,0,2499.18,30.8,0,2506.49,31.4,0,2449.95,31.2,0
"2026-03-15 13:45:00",386,801,"Chapada_High",11.89,2287.03,29.2,0,2416.62,29.1,0,2510.32,29.6,0,2487.56,30.6,0,2282.2,29.3,0,2836.24,28.2,0,2499.87,29.9,0,2506.56,30.2,0,2451.48,29.9,0
"2026-03-15 14:00:00",387,801,"Chapada_High",11.89,2287.62,28.7,0,2414.24,28.7,0,2510.17,29.7,0,2488.18,30,0,2280.83,29,0,2835.67,27.9,0,2499.88,29.3,0,2506.56,29.6,0,2452.85,29.3,0
"2026-03-15 14:15:00",388,801,"Chapada_High",11.89,2286.48,28.6,0,2415.21,28.7,0,2509.61,29.6,0,2486.75,31,0,2279.16,29.4,0,2834.5,28.1,0,2500.04,29.1,0,2507.09,29.4,0,2453.08,29.2,0
"2026-03-15 14:30:00",389,801,"Chapada_High",11.89,2284.94,29.2,0,2412.07,29.6,0,2508.01,30.3,0,2485.16,31.8,0,2275.97,31.9,0,2834.6,29.3,0,2499.27,29.5,0,2506.17,29.8,0,2451.81,30.3,0
"2026-03-15 14:45:00",390,801,"Chapada_High",11.89,2282.7,29.5,0,2409.43,30.3,0,2506.76,30.7,0,2483.59,31.6,0,2274.54,31.8,0,2828.07,30.1,0,2497.92,29.9,0,2504.73,29.8,0,2450.45,30.7,0
"2026-03-15 15:00:00",391,801,"Chapada_High",11.89,2281.31,30.4,0,2406.17,31.1,0,2505.42,31.4,0,2479.67,32.4,0,2271.04,33,0,2826.59,30.8,0,2495.14,31,0,2504.29,31.4,0,2450.49,30.9,0
"2026-03-15 15:15:00",392,801,"Chapada_High",11.89,2280.35,30.6,0,2403.91,31.1,0,2503.38,31.5,0,2476.22,33.1,0,2269.25,33,0,2825.25,30.8,0,2492.37,31.1,0,2501.95,31.5,0,2445.96,33.5,0
"2026-03-15 15:30:00",393,801,"Chapada_High",11.89,2278.53,31.1,0,2403.64,30.4,0,2502.67,31,0,2475.8,32.3,0,2269.08,32,0,2824.93,30.2,0,2490.77,30.8,1,2500.34,30.7,0,2446.74,33.1,0
"2026-03-15 15:45:00",394,801,"Chapada_High",11.89,2276.78,30.8,0,2399.85,31.5,0,2502.16,31,0,2474.83,32.5,1,2265.82,32.4,0,2824.87,30,0,2489.8,31.1,0,2499.46,30.8,0,2445.53,33.7,0
"2026-03-15 16:00:00",395,801,"Chapada_High",11.89,2275.35,31,0,2398.86,31.2,0,2498.98,31.8,0,2472.05,32.8,0,2265.01,32.8,0,2823.64,30.4,0,2486.94,31.4,0,2498.93,31.1,0,2444.62,33.9,0
"2026-03-15 16:15:00",396,801,"Chapada_High",11.89,2273.75,30.8,0,2396.4,30.8,0,2499.51,31.6,0,2471.06,32.9,0,2259.95,34.2,0,2822.33,30.3,0,2485.47,31.4,0,2497.95,30.9,0,2445.03,33.8,0
"2026-03-15 16:30:00",397,801,"Chapada_High",11.89,2273.51,30.4,0,2395.58,30.2,0,2499.3,31.2,0,2470.52,32.1,0,2259.57,32.8,0,2821.01,30.6,0,2484.87,31.1,0,2496.38,30.6,0,2446.33,32.7,0
"2026-03-15 16:45:00",398,801,"Chapada_High",11.89,2273.95,29.3,0,2396.6,28.9,0,2499.74,30.3,0,2470.98,30.6,0,2263,30.7,0,2822.44,29.1,0,2486.06,30.3,0,2497.49,29.6,0,2450.02,30.3,0
"2026-03-15 17:00:00",399,801,"Chapada_High",11.89,2273.13,28.9,0,2396.47,28.3,0,2499.29,29.6,0,2471.74,29.7,0,2262.5,29.8,0,2822.83,28.3,0,2485.55,29.4,4,2497.7,29.8,0,2451.82,29.2,0
"2026-03-15 17:15:00",400,801,"Chapada_High",11.89,2272.35,28,1,2395.45,27.2,0,2499.38,28.6,0,2474.18,28.4,0,2264.87,28,0,2824.99,27.2,0,2488.25,28.2,0,2498.6,28.3,0,2453.5,28,0
"2026-03-15 17:30:00",401,801,"Chapada_High",11.89,2273.71,27.3,0,2396.8,26.6,0,2500.65,27.7,0,2475.81,27.4,0,2266.39,26.9,0,2826.23,26.4,0,2489.71,27.3,0,2500.25,27.2,0,2456.5,26.9,0
"2026-03-15 17:45:00",402,801,"Chapada_High",11.89,2273.7,26.6,0,2400.9,26,0,2501.52,27.2,0,2476.61,26.7,0,2267.37,26,0,2826.73,25.8,0,2492.79,26.6,2,2502.24,26.4,0,2456.99,26.1,0
"2026-03-15 18:00:00",403,801,"Chapada_High",11.89,2275.34,26.1,0,2401.71,25.4,0,2502.5,26.6,0,2479.26,26.3,0,2267.98,25.3,0,2827.37,25.3,0,2492.7,26.1,0,2504.09,25.9,0,2458.59,25.5,0
"2026-03-15 18:15:00",404,801,"Chapada_High",11.89,2276.74,25.6,0,2402.79,24.9,0,2503.49,26,0,2480.56,25.5,0,2270.32,24.8,0,2831.49,24.8,0,2496.29,25.6,0,2504.82,25.3,0,2459.31,24.9,0
"2026-03-15 18:30:00",405,801,"Chapada_High",11.89,2275.42,25.1,0,2401.26,24.3,0,2504.77,25.5,0,2480.32,25,0,2268.76,24.1,0,2829.37,24.3,0,2497.09,25.2,0,2505.57,24.7,0,2460.24,24.3,0
"2026-03-15 18:45:00",406,801,"Chapada_High",11.89,2276.22,24.3,0,2403.85,23.5,0,2505.96,24.7,0,2483.44,24.1,0,2272.11,23,5,2831.44,23.5,0,2499.12,24.6,0,2506.51,24.2,0,2458.75,23.5,0
"2026-03-15 19:00:00",407,801,"Chapada_High",11.89,2275.93,23.8,0,2405.13,23.1,0,2506.91,24.1,0,2483.76,23.6,0,2273.53,22.4,0,2832.71,23,0,2502.54,24.2,0,2508.04,23.8,0,2459.74,23.2,0
"2026-03-15 19:15:00",408,801,"Chapada_High",11.89,2277.48,23.7,0,2405.91,22.9,0,2508.64,23.8,0,2484.66,23.4,1,2276.7,22.3,0,2832.79,22.9,0,2504.31,23.9,0,2508.44,23.7,0,2460.2,22.9,0
"2026-03-15 19:30:00",409,801,"Chapada_High",11.89,2278.33,23.5,0,2406.82,22.8,0,2508.61,23.6,4,2488.22,23.3,0,2277.33,22.2,0,2833.54,22.8,0,2504.58,23.7,3,2509.48,23.5,0,2460.79,22.8,0
"2026-03-15 19:45:00",410,801,"Chapada_High",11.89,2278.39,23.3,0,2408.05,22.7,0,2509.91,23.5,0,2488.92,23.1,0,2278.48,22.1,0,2833.43,22.7,0,2505.34,23.6,0,2509.47,23.3,0,2460.86,22.7,0
"2026-03-15 20:00:00",411,801,"Chapada_High",11.89,2279.52,23.3,0,2409.59,22.6,0,2510.55,23.3,0,2490.51,23,0,2277.15,22.2,0,2833.65,22.7,0,2505.6,23.4,0,2510.34,23.2,0,2460.98,22.6,0
"2026-03-15 20:15:00",412,801,"Chapada_High",11.89,2280.2,23.2,0,2410.27,22.5,0,2511.62,23.2,0,2491.87,22.9,0,2279.59,22.1,0,2833.19,22.8,0,2505.15,23.3,0,2509.92,23.1,0,2461.07,22.5,0
"2026-03-15 20:30:00",413,801,"Chapada_High",11.89,2280.07,23.1,0,2410.87,22.5,0,2512.31,23.1,7,2492.55,22.9,2,2278.99,22.1,0,2833.25,22.7,0,2505.89,23.3,0,2510.94,23.1,2,2461.24,22.5,0
"2026-03-15 20:45:00",414,801,"Chapada_High",11.89,2280.36,23.1,0,2412.12,22.5,0,2512.73,23.1,0,2495.94,22.9,0,2281.14,22.2,0,2833.03,22.7,0,2507.13,23.2,0,2510.6,23,0,2461.15,22.5,0
"2026-03-15 21:00:00",415,801,"Chapada_High",11.89,2281.21,23.1,0,2413,22.5,3,2512.7,23.1,0,2497.6,22.9,0,2281.32,22.2,0,2831.98,22.7,0,2506.86,23.1,0,2511.32,23,0,2461.87,22.5,0
"2026-03-15 21:15:00",416,801,"Chapada_High",11.89,2281.37,23,0,2413.25,22.5,0,2513.34,23,0,2498.04,22.8,0,2282.77,22.2,0,2832.32,22.7,0,2506.61,23.1,4,2510.9,22.9,0,2462.21,22.5,0
"2026-03-15 21:30:00",417,801,"Chapada_High",11.89,2281.54,23,0,2414.71,22.4,0,2514.12,22.9,0,2499.24,22.8,0,2282.94,22.2,5,2832.04,22.6,0,2507.14,23,0,2511.27,22.9,0,2462.89,22.4,0
"2026-03-15 21:45:00",418,801,"Chapada_High",11.89,2283.05,22.9,0,2414.63,22.3,0,2514.79,22.8,0,2499.29,22.7,0,2283.48,22.1,0,2832.1,22.5,0,2507.2,23,0,2510.79,22.8,0,2462.18,22.3,0
"2026-03-15 22:00:00",419,801,"Chapada_High",11.89,2283.33,22.8,0,2416.1,22.3,0,2515.86,22.8,0,2502.14,22.7,0,2284.51,22,0,2835.27,22.5,0,2506.95,22.9,0,2511.48,22.7,0,2462.97,22.2,0
"2026-03-15 22:15:00",420,801,"Chapada_High",11.89,2283.75,22.7,0,2416.71,22.1,3,2515.7,22.6,0,2502.15,22.5,0,2285.01,21.9,0,2831.67,22.4,0,2507.18,22.8,0,2510.99,22.6,4,2463.13,22.1,0
"2026-03-15 22:30:00",421,801,"Chapada_High",11.89,2284.1,22.6,0,2416.76,22.1,0,2515.94,22.5,0,2503.75,22.5,0,2283.36,21.8,0,2832.49,22.3,0,2507.23,22.7,0,2512.22,22.6,0,2463.22,22,0
"2026-03-15 22:45:00",422,801,"Chapada_High",11.89,2284.54,22.5,0,2418.05,22,1,2516.47,22.5,0,2504.14,22.4,0,2284.32,21.8,0,2832.12,22.2,0,2507.09,22.6,0,2511.43,22.5,0,2463.23,22,0
"2026-03-15 23:00:00",423,801,"Chapada_High",11.89,2286.22,22.5,0,2418.69,22,3,2517.33,22.4,0,2506.43,22.3,0,2283.46,21.7,0,2831.44,22.2,0,2507.36,22.6,0,2511.27,22.4,0,2463.21,22,0
"2026-03-15 23:15:00",424,801,"Chapada_High",11.89,2284.79,22.5,0,2419.03,21.9,0,2517.19,22.4,0,2507.47,22.3,0,2284.23,21.7,0,2832.36,22.2,0,2508.09,22.5,0,2511.77,22.4,0,2462.56,21.9,0
"2026-03-15 23:30:00",425,801,"Chapada_High",11.89,2286.63,22.4,0,2419.71,21.9,0,2517.23,22.3,0,2507.3,22.2,0,2286.74,21.6,0,2831.87,22.2,0,2507.68,22.5,0,2512.22,22.3,0,2463.55,21.9,0
"2026-03-15 23:45:00",426,801,"Chapada_High",11.89,2287.85,22.3,0,2420.02,21.8,0,2517.91,22.2,0,2508.85,22.2,0,2285.36,21.5,0,2832.37,22.1,0,2508,22.4,0,2511.69,22.1,0,2463.53,21.8,0
"2026-03-16 00:00:00",427,801,"Chapada_High",11.88,2288.18,22.3,0,2420.98,21.8,0,2518.5,22.2,0,2510.03,22.1,0,2286.44,21.4,0,2832.13,22,0,2507.81,22.3,0,2512.17,22.1,0,2463.65,21.7,0
"2026-03-16 00:15:00",428,801,"Chapada_High",11.89,2288.11,22.2,0,2421.01,21.7,0,2518.88,22.1,0,2509.99,22,0,2286.59,21.3,0,2832.79,21.9,0,2507.76,22.3,0,2512.37,22,0,2464.1,21.6,0
"2026-03-16 00:30:00",429,801,"Chapada_High",11.89,2287.91,22.1,0,2422.25,21.7,3,2518.98,22,0,2510.63,21.9,0,2286.8,21.3,0,2832.95,21.8,0,2508.48,22.2,0,2512.25,21.9,1,2464.43,21.6,0
"2026-03-16 00:45:00",430,801,"Chapada_High",11.89,2288.65,22.1,0,2422.62,21.6,0,2519.38,22,0,2511.7,22,0,2286.82,21.4,0,2832.42,21.9,0,2508.09,22.2,0,2512.61,21.9,0,2464.43,21.6,0
"2026-03-16 01:00:00",431,801,"Chapada_High",11.89,2289.23,22.1,0,2422.68,21.6,0,2519.62,22,0,2513.55,21.9,0,2287.2,21.4,0,2832.41,21.9,0,2508.28,22.2,0,2512.04,21.9,0,2464.01,21.6,0
"2026-03-16 01:15:00",432,801,"Chapada_High",11.89,2289,22.1,5,2423.58,21.6,0,2519.7,22,0,2513.12,21.9,0,2287.05,21.4,0,2832.41,21.9,0,2508.21,22.2,0,2512.36,21.9,0,2463.73,21.6,0
"2026-03-16 01:30:00",433,801,"Chapada_High",11.89,2289.34,22,0,2423.81,21.6,2,2520.03,21.9,0,2515.1,21.9,0,2287.78,21.3,0,2832.7,21.9,0,2508.67,22.1,7,2512.37,21.9,0,2464.47,21.5,0
"2026-03-16 01:45:00",434,801,"Chapada_High",11.89,2289.95,22,0,2424.34,21.6,0,2519.63,21.9,0,2515,21.9,1,2288.81,21.3,0,2835.44,21.9,0,2508.69,22.1,0,2512.26,21.9,0,2464.21,21.6,0
"2026-03-16 02:00:00",435,801,"Chapada_High",11.89,2290.23,22,0,2425.02,21.6,0,2520.25,21.9,9,2514.83,21.9,0,2288.24,21.3,0,2832.55,21.9,0,2508.67,22.1,0,2512.97,21.8,0,2463.9,21.6,0
"2026-03-16 02:15:00",436,801,"Chapada_High",11.89,2290.04,22,0,2425.21,21.6,13,2519.84,21.9,0,2515.19,21.8,0,2289.23,21.3,0,2832.4,21.9,5,2508.51,22.1,0,2512.95,21.8,0,2464.48,21.5,0
"2026-03-16 02:30:00",437,801,"Chapada_High",11.89,2291.02,21.9,0,2425.8,21.5,0,2521.01,21.8,0,2515.28,21.8,0,2289.78,21.1,0,2832.94,21.8,0,2508.54,22,0,2512.69,21.7,0,2464.53,21.4,0
"2026-03-16 02:45:00",438,801,"Chapada_High",11.89,2291.2,21.8,0,2426.75,21.4,0,2521.08,21.7,2,2515.62,21.7,0,2289.77,21,0,2833.66,21.7,0,2509.1,22,0,2513.02,21.6,4,2463.85,21.3,0
"2026-03-16 03:00:00",439,801,"Chapada_High",11.89,2291.3,21.7,0,2426.72,21.2,1,2521.16,21.5,0,2516.28,21.5,0,2291.24,20.8,0,2833.63,21.5,0,2508.95,21.9,0,2512.62,21.5,0,2464.62,21.2,0
"2026-03-16 03:15:00",440,801,"Chapada_High",11.89,2290.65,21.6,0,2426.68,21.1,0,2521.33,21.4,0,2516.98,21.4,0,2291.13,20.6,0,2834.1,21.4,0,2509.73,21.8,0,2512.44,21.3,5,2465.04,21.1,0
"2026-03-16 03:30:00",441,801,"Chapada_High",11.89,2291.37,21.5,0,2427.42,21,0,2521.05,21.3,0,2516.65,21.3,0,2291.85,20.5,1,2834.35,21.3,0,2509.11,21.7,0,2513.03,21.2,0,2465.2,21,0
"2026-03-16 03:45:00",442,801,"Chapada_High",11.89,2292.72,21.4,0,2427.6,21,0,2522.08,21.3,13,2517.41,21.3,0,2291.87,20.5,0,2833.98,21.3,0,2509.69,21.6,0,2512.68,21.2,0,2464.92,20.9,0
"2026-03-16 04:00:00",443,801,"Chapada_High",11.89,2292.29,21.4,0,2428.06,21,0,2521.52,21.3,0,2518.77,21.3,0,2291.37,20.5,3,2834.17,21.3,0,2510.41,21.6,0,2513.6,21.2,0,2465.13,20.9,0
"2026-03-16 04:15:00",444,801,"Chapada_High",11.89,2292.12,21.3,0,2428.92,21,0,2522.26,21.2,0,2519,21.3,0,2292.38,20.5,0,2833.84,21.3,0,2510.36,21.5,0,2513.72,21.1,0,2465.8,20.9,0
"2026-03-16 04:30:00",445,801,"Chapada_High",11.89,2292.93,21.3,0,2428.96,21,0,2522.95,21.2,0,2519.16,21.3,0,2293.29,20.6,0,2833.04,21.3,0,2509.86,21.5,3,2513.21,21.1,0,2464.79,20.9,0
"2026-03-16 04:45:00",446,801,"Chapada_High",11.89,2292.66,21.3,0,2429.36,21,0,2522.26,21.3,0,2519.19,21.3,0,2292.47,20.6,0,2833.23,21.3,0,2509.3,21.5,0,2513.74,21.2,0,2465.29,20.9,0
"2026-03-16 05:00:00",447,801,"Chapada_High",11.89,2293.05,21.3,0,2429.59,21,0,2522.84,21.2,0,2520.28,21.3,0,2293.19,20.6,0,2833.16,21.3,0,2510.48,21.5,0,2513.4,21.2,0,2464.52,20.9,0
"2026-03-16 05:15:00",448,801,"Chapada_High",11.89,2292.83,21.3,0,2429.69,21,0,2523.01,21.2,0,2520.06,21.3,0,2293.41,20.6,0,2833.54,21.3,0,2510.32,21.5,0,2513.94,21.1,0,2465.64,20.9,0
"2026-03-16 05:30:00",449,801,"Chapada_High",11.89,2292.6,21.2,0,2430.73,20.9,0,2522.86,21.2,0,2519.45,21.3,0,2293.62,20.5,6,2836.08,21.2,7,2510.17,21.4,0,2512.23,21.1,0,2465.71,20.8,0
"2026-03-16 05:45:00",450,801,"Chapada_High",11.89,2293.44,21.2,0,2430.91,20.9,0,2522.97,21.1,0,2521.21,21.2,0,2294.26,20.5,0,2833.22,21.2,0,2509.7,21.4,0,2513.78,21,0,2465.09,20.8,0
"2026-03-16 06:00:00",451,801,"Chapada_High",11.89,2294.01,21.1,0,2430.38,20.9,0,2523.55,21.1,0,2520.98,21.2,0,2294.93,20.4,0,2832.96,21.2,0,2510.32,21.4,0,2512.55,21,0,2465.05,20.7,0
"2026-03-16 06:15:00",452,801,"Chapada_High",11.89,2293.35,21.1,0,2431.08,20.8,0,2523.45,21,0,2522.01,21.1,0,2294.43,20.3,0,2832.52,21.1,0,2510.55,21.3,0,2512.58,20.9,0,2465.31,20.7,0
"2026-03-16 06:30:00",453,801,"Chapada_High",11.89,2294.48,21,0,2431.48,20.8,8,2524.03,21,0,2521.32,21.1,0,2295.7,20.3,0,2832.55,21.1,0,2509.34,21.3,0,2512.1,20.9,0,2466.24,20.6,0
"2026-03-16 06:45:00",454,801,"Chapada_High",11.88,2294.25,21,0,2431.94,20.7,0,2523.46,21,0,2521.58,21.1,2,2295.22,20.3,0,2832.12,21.1,0,2509.92,21.3,0,2512.17,20.9,0,2465.88,20.6,0
"2026-03-16 07:00:00",455,801,"Chapada_High",11.89,2294.46,21,0,2432.24,20.7,0,2522.99,21,0,2521.98,21.1,0,2295.48,20.3,0,2832.39,21.1,0,2509.67,21.2,0,2512.19,20.9,0,2466.06,20.6,0
"2026-03-16 07:15:00",456,801,"Chapada_High",11.89,2294.21,21,0,2432.47,20.8,3,2524.18,21,0,2523.13,21.2,0,2295.77,20.5,0,2831.99,21.2,0,2509.4,21.3,0,2512,20.9,0,2465.25,20.7,0
"2026-03-16 07:30:00",457,801,"Chapada_High",11.89,2294.32,21.1,0,2432.42,21,0,2523.94,21.2,0,2522.5,21.3,0,2296.4,20.7,0,2831.14,21.4,0,2509.63,21.4,0,2512.48,21.1,0,2465.37,20.8,0
"2026-03-16 07:45:00",458,801,"Chapada_High",11.89,2294.24,21.3,0,2432.62,21.1,0,2524.3,21.3,0,2521.7,21.4,0,2296.93,20.9,0,2831.45,21.5,0,2509.14,21.5,0,2512.93,21.3,0,2465.58,21,0
"2026-03-16 08:00:00",459,801,"Chapada_High",11.89,2294.63,21.5,0,2432.94,21.4,10,2524.01,21.5,0,2522.85,21.7,1,2295.33,21.3,0,2830.37,21.7,0,2509.21,21.7,0,2512.42,21.6,0,2464.61,21.3,0
"2026-03-16 08:15:00",460,801,"Chapada_High",11.89,2294.28,21.8,0,2432.21,21.7,0,2523.66,21.8,2,2522.72,22,0,2295.75,21.7,0,2829.73,22,0,2508.63,21.9,0,2511.55,21.9,0,2464.08,21.7,0
"2026-03-16 08:30:00",461,801,"Chapada_High",11.89,2295.12,22.1,0,2432.72,22.1,0,2523.63,22,0,2522.79,22.3,0,2297.44,22,0,2829.49,22.3,0,2508.23,22.2,1,2511.45,22.2,0,2464.34,21.9,0
"2026-03-16 08:45:00",462,801,"Chapada_High",11.89,2293.61,22.3,0,2432.03,22.3,0,2523.17,22.4,0,2521.86,22.5,0,2296.58,22.4,0,2828.74,22.5,0,2507.85,22.4,2,2510.08,22.5,0,2464.38,22.2,0
"2026-03-16 09:00:00",463,801,"Chapada_High",11.89,2291.95,22.4,0,2431.3,22.5,0,2523.16,22.5,0,2522.17,23,6,2296.43,22.7,0,2828.56,22.7,0,2507.45,22.6,0,2509.73,22.7,0,2463.97,22.4,0
"2026-03-16 09:15:00",464,801,"Chapada_High",11.89,2293.14,22.7,0,2431.43,22.7,0,2522.79,22.7,0,2522.83,23,0,2294.69,23.3,1,2829.86,23,0,2506.96,22.8,0,2510.11,22.9,0,2463.5,22.7,0
"2026-03-16 09:30:00",465,801,"Chapada_High",11.89,2292.44,22.9,7,2430.9,23,0,2522.26,23,0,2521.16,23.3,0,2294.37,23.6,0,2825.2,23.5,0,2506.5,23.1,0,2508.52,23.2,1,2462.98,23,0
"2026-03-16 09:45:00",466,801,"Chapada_High",11.89,2292.23,23.4,0,2430.32,23.5,0,2521.53,23.4,0,2520.43,23.8,0,2292.61,24.2,0,2824.15,23.9,0,2505.53,23.7,0,2507.62,24.1,0,2462.68,23.5,0
"2026-03-16 10:00:00",467,801,"Chapada_High",11.89,2290.68,24.1,0,2431.16,24.3,0,2520.38,24.2,0,2519.14,24.8,0,2293.31,25.3,0,2823.04,24.7,0,2503.65,24.2,0,2505.41,25.2,0,2460.6,24.9,6
"2026-03-16 10:15:00",468,801,"Chapada_High",11.89,2289.95,26.1,0,2429.24,25.6,0,2517.8,25.3,0,2516.78,26.2,0,2290.85,26.7,0,2820.15,25.9,0,2501.61,25,0,2501.87,26.4,4,2459.59,25.7,0
"2026-03-16 10:30:00",469,801,"Chapada_High",11.9,2288.85,26.4,0,2425.36,27.3,0,2516.62,26.3,0,2513.59,27.3,0,2288.42,27.6,0,2817.94,26.8,0,2499.29,25.7,0,2498.63,27.5,0,2458.69,26.3,0
"2026-03-16 10:45:00",470,801,"Chapada_High",11.89,2287.78,28.1,0,2421.31,29,0,2513.48,28.4,0,2509.57,29.7,0,2284.03,30,0,2813.41,28.8,0,2493.6,27.2,0,2495.36,30,0,2455.89,28,0
"2026-03-16 11:00:00",471,801,"Chapada_High",11.88,2285.03,27.3,0,2419.22,27.9,0,2513.03,27.7,0,2509.42,28.8,0,2284.04,28.7,0,2813.4,28,0,2491.71,27,0,2492.9,28.9,0,2456.87,27.5,0
"2026-03-16 11:15:00",472,801,"Chapada_High",11.88,2283.92,27.4,0,2418.83,27.9,0,2512.19,28.4,0,2507.26,29.6,0,2281.77,28.9,0,2812.09,28.1,0,2490.16,27.2,0,2491.15,29,0,2456.18,27.6,0
"2026-03-16 11:30:00",473,801,"Chapada_High",11.89,2284.34,28.2,0,2415.99,29,0,2510.25,29.8,0,2501.98,32.3,0,2278.61,30.1,0,2809.85,29.1,0,2487.02,28.1,0,2487.03,30.3,0,2456.02,28.1,0
"2026-03-16 11:45:00",474,801,"Chapada_High",11.88,2281.94,28.8,0,2412.92,29.7,0,2508,30.4,0,2497.54,34.1,0,2275.37,32,0,2808.42,29.6,3,2483.8,29,0,2484.95,30.5,0,2455.08,28.7,1
"2026-03-16 12:30:00",0,801,"Chapada_High",11.89,0,0,0,0,0,0,0,0,0,0,0,0,0,0,0,0,0,0,0,0,0,0,0,0,0,0,0
"2026-03-16 12:45:00",1,801,"Chapada_High",11.88,0,0,0,0,0,0,0,0,0,0,0,0,0,0,0,0,0,0,0,0,0,0,0,0,0,0,0
"2026-03-16 13:00:00",2,801,"Chapada_High",11.88,2279.31,26.6,0,2410.93,26,0,2506.83,26.9,0,2496.72,27.7,0,2275.22,26.8,0,2809.34,26.2,0,2479.16,26.9,0,2484.76,27,0,2457.24,26.5,0
"2026-03-16 13:15:00",3,801,"Chapada_High",11.89,2278.18,26,0,2410.63,25.7,0,2508.24,26.1,0,2497.71,26.6,0,2276.37,25.7,0,2811.8,25.4,0,2481.86,26.2,0,2485.84,26.1,0,2458.9,25.5,0
"2026-03-16 13:30:00",4,801,"Chapada_High",11.88,2279.04,25.4,0,2412.28,25.4,0,2508.37,25.6,0,2499.91,26,0,2277.1,25.1,0,2812.06,25,0,2482.04,25.8,0,2487.96,25.7,0,2460.27,25,0
"2026-03-16 13:45:00",5,801,"Chapada_High",11.88,2279.37,25.2,0,2411.44,25.1,0,2508.48,25.6,0,2498.97,26,0,2277.48,25.1,0,2811.88,25,0,2483.29,25.6,0,2487.15,25.6,0,2460.07,24.9,0
"2026-03-16 14:00:00",6,801,"Chapada_High",11.88,2279.17,25.3,0,2411.33,25.2,0,2508.73,25.6,0,2498.54,26.3,0,2276.24,26.1,0,2811.93,25.2,0,2483.56,25.7,0,2488.56,25.8,0,2459.61,25.2,0
"2026-03-16 14:15:00",7,801,"Chapada_High",11.88,2278.63,26.2,0,2409.83,26.2,0,2507.88,26.4,0,2497,27.4,0,2274.81,27.3,0,2808.98,26.8,0,2482.42,26.4,0,2486.43,26.7,0,2458.03,26.6,0
"2026-03-16 14:30:00",8,801,"Chapada_High",11.88,2276.8,27.1,0,2404.68,27.5,0,2506.67,27.6,0,2495.67,28.8,0,2273.03,28.8,0,2806.28,27.9,0,2479.03,27.8,0,2484.27,27.8,0,2455.28,28.2,0
"2026-03-16 14:45:00",9,801,"Chapada_High",11.88,2275.67,27.3,0,2402.94,27.5,0,2505.01,27.8,0,2491.44,28.8,0,2271.53,28.8,0,2805.99,27.9,0,2476.52,27.9,0,2482.77,28.6,0,2454.29,28.5,0
"2026-03-16 15:00:00",10,801,"Chapada_High",11.88,2275.17,27.2,0,2403.08,26.8,0,2505.08,27.4,0,2493.35,28.1,0,2271.79,27.8,0,2806.77,27,0,2475.52,27.4,0,2482.54,27.7,0,2454.71,28,0
"2026-03-16 15:15:00",11,801,"Chapada_High",11.88,2276.13,26,0,2406.09,25.5,0,2505.48,26.2,0,2494.07,26.3,0,2272.86,25.6,0,2808.19,25.4,0,2476.5,26.3,0,2484.1,26.2,0,2458.01,26,0
"2026-03-16 15:30:00",12,801,"Chapada_High",11.88,2275.06,24.8,0,2406.11,24.3,0,2507.4,25.3,0,2494.37,24.9,0,2273.36,24.1,0,2810.93,24.2,0,2479.73,25.3,0,2485.7,24.7,0,2457.18,24.5,0
"2026-03-16 15:45:00",13,801,"Chapada_High",11.88,2275.76,23.9,0,2407.05,23.4,0,2508.07,24.4,0,2494.33,24,0,2277,22.8,0,2814.74,23.3,0,2483.98,24.5,0,2488.55,23.9,0,2460.62,23.4,0
"2026-03-16 16:00:00",14,801,"Chapada_High",11.88,2276.83,23.5,0,2407.68,22.9,0,2509.22,23.9,0,2495.98,23.4,0,2277.8,22.4,0,2818.55,22.9,0,2486.13,24,1,2490.48,23.4,0,2460.09,22.9,0
"2026-03-16 16:15:00",15,801,"Chapada_High",11.88,2277.05,23.3,0,2408.63,22.7,0,2509.94,23.6,0,2497.38,23.1,0,2279.26,22.2,0,2816.32,22.8,0,2487.61,23.7,0,2491.87,23.1,0,2460.92,22.7,0
"2026-03-16 16:30:00",16,801,"Chapada_High",11.88,2277.89,23.2,0,2409.35,22.6,0,2510.55,23.3,0,2498.13,22.9,0,2280.5,22.1,0,2817.47,22.6,0,2489.39,23.5,0,2492.89,23,0,2460.82,22.6,0
"2026-03-16 16:45:00",17,801,"Chapada_High",11.88,2278.62,23,0,2409.86,22.4,0,2511.54,23.1,0,2497.65,22.8,0,2280.82,21.9,0,2817.81,22.4,0,2490.1,23.3,2,2493.35,22.8,0,2460.64,22.4,0
"2026-03-16 17:00:00",18,801,"Chapada_High",11.88,2277.13,22.8,1,2411.31,22.3,0,2510.47,22.9,0,2499.53,22.6,2,2282.99,21.8,0,2817.97,22.3,0,2491.29,23.2,0,2495.63,22.6,0,2465.47,22.3,0
"2026-03-16 17:15:00",19,801,"Chapada_High",11.88,2278.63,22.6,0,2413.35,22.1,0,2511.95,22.7,0,2501.62,22.5,0,2282.31,21.6,0,2823.86,22.1,0,2494.05,23,0,2497.91,22.4,0,2464.62,22.1,0
"2026-03-16 17:30:00",20,801,"Chapada_High",11.87,2279.06,22.5,0,2414.26,22,0,2512.16,22.6,5,2502.72,22.4,0,2286.32,21.6,0,2827.85,22.1,0,2496.86,22.9,0,2500.19,22.4,0,2465.48,22,0
"2026-03-16 17:45:00",21,801,"Chapada_High",11.88,2280.09,22.5,0,2414.98,22.1,0,2512.86,22.6,0,2504.43,22.5,0,2285.9,21.8,0,2828.67,22.1,0,2501.04,22.9,0,2502.41,22.4,0,2464.44,22.1,0
"2026-03-16 18:00:00",22,801,"Chapada_High",11.87,2280.67,22.5,0,2416.23,22.1,0,2513.26,22.6,0,2505.72,22.5,0,2285.19,21.9,0,2829.69,22.3,0,2504.69,22.9,2,2502.78,22.5,0,2463.7,22.2,0
"2026-03-16 18:15:00",23,801,"Chapada_High",11.87,2281.39,22.5,0,2416.31,22.1,0,2514.45,22.5,0,2506.25,22.4,0,2286.66,21.8,0,2829.96,22.2,0,2505.6,22.8,3,2503.7,22.4,0,2462.9,22.1,0
"2026-03-16 18:30:00",24,801,"Chapada_High",11.87,2283.13,22.4,0,2417.73,22,0,2515.37,22.4,0,2507.98,22.3,0,2284.72,21.7,0,2829.32,22.1,0,2505.99,22.8,0,2504.44,22.3,0,2462.6,22.1,0
"2026-03-16 18:45:00",25,801,"Chapada_High",11.87,2281.12,22.4,0,2418.6,22,0,2515.34,22.3,0,2510.68,22.3,0,2285.3,21.7,0,2829.69,22.1,0,2506.44,22.7,0,2504.89,22.3,0,2461.66,22,0
"2026-03-16 19:00:00",26,801,"Chapada_High",11.87,2282.52,22.2,0,2418.96,21.9,0,2516.46,22.2,0,2512.05,22.2,0,2288.47,21.5,1,2830.1,21.9,0,2506.78,22.6,5,2505.19,22.2,0,2462.14,21.8,0
"2026-03-16 19:15:00",27,801,"Chapada_High",11.87,2283.72,22.1,0,2419.91,21.8,0,2516.88,22.1,0,2513.2,22,0,2286.81,21.4,0,2829.71,21.9,0,2506.12,22.5,0,2505.1,22.1,0,2462.54,21.7,0
"2026-03-16 19:30:00",28,801,"Chapada_High",11.87,2282.36,22,0,2420.71,21.6,0,2517.13,22,0,2513.66,21.9,0,2287.8,21.3,0,2829.03,21.7,0,2506.48,22.4,0,2505.52,22,0,2462.4,21.6,0
"2026-03-16 19:45:00",29,801,"Chapada_High",11.87,2284.76,21.9,0,2421.58,21.6,0,2517.62,21.9,0,2515.16,21.9,0,2288.4,21.2,0,2830.57,21.7,0,2506.41,22.3,0,2505.59,21.9,0,2462.52,21.5,0
"2026-03-16 20:00:00",30,801,"Chapada_High",11.87,2284.49,21.9,0,2423.15,21.6,0,2518.2,21.9,0,2516.27,21.8,0,2288.75,21.3,0,2829.14,21.8,0,2506.5,22.3,0,2506.25,21.9,0,2463.7,21.5,0
"2026-03-16 20:15:00",31,801,"Chapada_High",11.87,2285.47,21.9,0,2424.25,21.5,0,2517.42,21.8,0,2517.63,21.8,0,2289.21,21.2,0,2829.73,21.7,0,2506.47,22.2,0,2506.02,21.8,0,2465.11,21.5,0
"2026-03-16 20:30:00",32,801,"Chapada_High",11.87,2284.06,21.8,0,2425.54,21.5,0,2517.43,21.8,0,2520.24,21.7,0,2290.1,21.2,0,2830.16,21.7,0,2506.4,22.2,0,2507.25,21.7,0,2468.53,21.5,0
"2026-03-16 20:45:00",33,801,"Chapada_High",11.87,2282.8,21.8,0,2426.4,21.4,0,2518,21.7,0,2523.44,21.7,0,2291.41,21.1,0,2831.08,21.6,0,2507.06,22.1,0,2507.58,21.7,0,2467.97,21.4,0
"2026-03-16 21:00:00",34,801,"Chapada_High",11.87,2283.87,21.7,0,2427.59,21.4,0,2518.5,21.7,0,2524.49,21.7,0,2292.45,21.1,0,2831.74,21.6,0,2508.2,22.1,0,2508.36,21.6,0,2467.04,21.4,0
"2026-03-16 21:15:00",35,801,"Chapada_High",11.87,2285.17,21.7,0,2428.49,21.4,0,2517.95,21.7,0,2526.82,21.6,6,2292.31,21.1,3,2831.72,21.6,0,2509.02,22,3,2506.61,21.6,0,2466.57,21.3,0
"2026-03-16 21:30:00",36,801,"Chapada_High",11.87,2286.32,21.6,0,2429.19,21.3,0,2518.66,21.6,0,2528.2,21.6,0,2292.82,21,0,2831.6,21.5,0,2509.22,22,0,2507.17,21.5,0,2466.76,21.3,0
"2026-03-16 21:45:00",37,801,"Chapada_High",11.87,2286.16,21.6,0,2429.94,21.3,0,2518.88,21.6,0,2530.56,21.6,0,2293.22,21.1,0,2831.16,21.5,0,2509.66,21.9,0,2508.41,21.5,0,2466.06,21.3,0
"2026-03-16 22:00:00",38,801,"Chapada_High",11.87,2285.98,21.6,0,2431.22,21.3,0,2519.77,21.5,0,2530.51,21.5,0,2293.54,21,0,2831.33,21.5,0,2509.07,21.9,0,2508.36,21.5,0,2465.42,21.2,0
"2026-03-16 22:15:00",39,801,"Chapada_High",11.87,2286.84,21.5,0,2431.89,21.2,0,2520.54,21.5,0,2531.97,21.5,0,2294.17,21,0,2831.36,21.3,4,2509.36,21.9,2,2507.76,21.4,0,2465.01,21.1,0
"2026-03-16 22:30:00",40,801,"Chapada_High",11.87,2287.74,21.4,0,2432.3,21.1,0,2521.64,21.4,0,2532.52,21.4,0,2294.99,20.9,0,2831.2,21.2,0,2509.26,21.8,0,2508.16,21.4,0,2465.89,21.1,0
"2026-03-16 22:45:00",41,801,"Chapada_High",11.87,2286.7,21.4,0,2433.14,21.1,0,2520.95,21.4,0,2532.43,21.3,7,2294.67,20.9,0,2831.16,21.2,0,2509.02,21.8,0,2508.92,21.4,5,2464.91,21,0
"2026-03-16 23:00:00",42,801,"Chapada_High",11.87,2287.74,21.3,0,2434.05,21.1,0,2521.6,21.3,0,2533.56,21.3,0,2295.34,20.9,0,2830.65,21.2,0,2509.01,21.7,5,2506.72,21.4,0,2465.08,21,0
"2026-03-16 23:15:00",43,801,"Chapada_High",11.87,2288.47,21.4,0,2433.71,21.1,0,2521.48,21.3,0,2533.13,21.3,0,2295.4,20.9,0,2830.16,21.3,0,2509.3,21.7,5,2507.54,21.4,0,2464.91,21,0
"2026-03-16 23:30:00",44,801,"Chapada_High",11.87,2288.75,21.4,0,2434.74,21.1,0,2521.73,21.4,0,2533.83,21.4,0,2295.24,20.9,0,2830.82,21.3,0,2509.07,21.7,0,2508.21,21.4,0,2465.07,21,0
"2026-03-16 23:45:00",45,801,"Chapada_High",11.87,2289.53,21.4,0,2434.93,21.1,0,2521.89,21.4,0,2533.2,21.4,0,2295.75,21,0,2829.6,21.4,0,2509.35,21.7,0,2508.35,21.4,0,2464.87,21.1,0
"2026-03-17 00:00:00",46,801,"Chapada_High",11.87,2288.9,21.4,0,2435.13,21.2,0,2521.76,21.4,0,2534.04,21.4,0,2296.15,21,0,2829.27,21.4,0,2507.6,21.7,0,2506.66,21.4,0,2464.68,21.1,0
"2026-03-17 00:15:00",47,801,"Chapada_High",11.87,2289,21.4,0,2435.87,21.1,0,2521.91,21.4,0,2533.76,21.3,0,2296.3,21,0,2829.33,21.3,0,2508.48,21.7,0,2508.04,21.4,0,2464.57,21.1,0
"2026-03-17 00:30:00",48,801,"Chapada_High",11.87,2288.84,21.3,0,2435.93,21.1,2,2522.26,21.3,0,2533.21,21.3,0,2297.42,21,0,2828.74,21.3,0,2507.63,21.7,0,2507.88,21.3,0,2464.67,21,0
"2026-03-17 00:45:00",49,801,"Chapada_High",11.87,2289.1,21.3,0,2436.33,21.1,0,2522.7,21.3,0,2533.5,21.3,0,2296.51,21,0,2828.96,21.3,0,2507.96,21.7,0,2506.52,21.4,0,2465.28,21,0
"2026-03-17 01:00:00",50,801,"Chapada_High",11.87,2290.61,21.4,0,2436.12,21.2,0,2522.33,21.4,0,2533.1,21.4,0,2296.62,21.1,0,2828.22,21.4,0,2507.67,21.7,0,2507.74,21.4,0,2464.44,21.1,0
"2026-03-17 01:15:00",51,801,"Chapada_High",11.87,2290.14,21.4,0,2436.71,21.2,0,2521.49,21.4,0,2532.11,21.4,0,2297.21,21.1,0,2828.46,21.4,0,2507.4,21.7,0,2507.03,21.4,0,2464.39,21.1,0
"2026-03-17 01:30:00",52,801,"Chapada_High",11.87,2289.98,21.5,0,2437.29,21.2,0,2521.99,21.4,0,2532.02,21.4,0,2297.73,21.2,0,2827.92,21.4,0,2508.02,21.7,0,2506.97,21.5,1,2464.17,21.1,0
"2026-03-17 01:45:00",53,801,"Chapada_High",11.87,2290.52,21.4,3,2437.26,21.2,0,2522.21,21.4,0,2531.6,21.4,0,2298.16,21.1,0,2827.63,21.4,0,2507.16,21.7,0,2507.35,21.5,0,2464.05,21.1,0
"2026-03-17 02:00:00",54,801,"Chapada_High",11.87,2291.01,21.4,0,2437.33,21.2,0,2522.13,21.4,0,2532.63,21.4,0,2298.36,21.1,0,2827.93,21.3,0,2507.41,21.7,0,2506.81,21.4,0,2463.93,21.1,0
"2026-03-17 02:15:00",55,801,"Chapada_High",11.87,2291.36,21.4,0,2437.54,21.1,0,2521.66,21.4,0,2532.09,21.4,1,2298.32,21.1,0,2827.63,21.3,0,2507.11,21.7,0,2506.91,21.4,0,2464.16,21.1,0
"2026-03-17 02:30:00",56,801,"Chapada_High",11.87,2290.43,21.4,0,2438.34,21.1,0,2522.1,21.4,0,2532.64,21.4,0,2299.26,21.1,0,2827.81,21.3,0,2507.09,21.6,0,2506.13,21.4,0,2463.72,21,0
"2026-03-17 02:45:00",57,801,"Chapada_High",11.87,2291.09,21.4,0,2438.22,21.1,4,2522.66,21.3,0,2532.77,21.4,0,2299.02,21.1,0,2826.88,21.4,0,2507.22,21.6,2,2505.3,21.4,0,2463.92,21.1,4
"2026-03-17 03:00:00",58,801,"Chapada_High",11.87,2291.12,21.4,0,2438.17,21.1,0,2522.31,21.4,0,2532.09,21.4,3,2299.35,21.1,0,2826.91,21.4,2,2506.51,21.6,0,2506.62,21.4,0,2463.43,21.1,0
"2026-03-17 03:15:00",59,801,"Chapada_High",11.87,2291.35,21.4,0,2437.74,21.1,0,2522.38,21.3,0,2532.56,21.4,0,2299.25,21,0,2828.13,21.4,0,2506.04,21.6,0,2505.9,21.4,0,2464.48,21.1,0
"2026-03-17 03:30:00",60,801,"Chapada_High",11.87,2291.74,21.3,0,2438.49,21,1,2522.99,21.3,0,2532.16,21.3,7,2300.11,21,0,2826.87,21.3,0,2505.8,21.6,0,2506.11,21.3,0,2463.91,21,0
"2026-03-17 03:45:00",61,801,"Chapada_High",11.87,2291.57,21.3,0,2438.64,21,0,2522.36,21.3,0,2531.61,21.3,5,2300.76,20.9,0,2826.31,21.2,0,2506.21,21.6,0,2506.15,21.3,0,2464.56,20.9,0
"2026-03-17 04:00:00",62,801,"Chapada_High",11.87,2291.99,21.3,0,2438.73,21,0,2522.71,21.3,0,2532.69,21.3,0,2300.38,21,0,2826.94,21.2,9,2505.78,21.5,4,2504.78,21.3,0,2464.44,21,0
"2026-03-17 04:15:00",63,801,"Chapada_High",11.87,2292.75,21.2,0,2439.31,21,0,2522.56,21.2,0,2531.52,21.2,0,2300.43,20.9,0,2826.4,21.2,0,2505.81,21.5,0,2506.11,21.3,0,2464.43,20.9,0
"2026-03-17 04:30:00",64,801,"Chapada_High",11.87,2292.21,21.2,0,2439.24,21,0,2522.59,21.2,0,2531.38,21.2,0,2301.61,20.9,0,2825.99,21.2,3,2506.36,21.5,0,2505.01,21.3,0,2464.47,20.9,0
"2026-03-17 04:45:00",65,801,"Chapada_High",11.87,2293.14,21.2,0,2439.14,21,0,2522.57,21.2,0,2532.06,21.2,0,2301.03,20.9,0,2825.76,21.2,0,2505.79,21.5,0,2505.79,21.2,0,2463.87,20.9,0
"2026-03-17 05:00:00",66,801,"Chapada_High",11.87,2293.21,21.2,0,2439.55,21,0,2523.32,21.2,0,2531.43,21.2,0,2300.68,20.9,0,2825.64,21.2,0,2505.48,21.5,0,2504.68,21.3,0,2464.62,20.9,0
"2026-03-17 05:15:00",67,801,"Chapada_High",11.87,2291.89,21.2,0,2440.01,21,0,2523.01,21.2,0,2531.23,21.2,0,2300.79,20.9,0,2825.5,21.2,0,2505.41,21.5,0,2504.59,21.2,0,2464.23,20.9,0
"2026-03-17 05:30:00",68,801,"Chapada_High",11.87,2292.73,21.1,0,2439.31,20.9,0,2523.15,21.1,0,2531.45,21.1,0,2301.72,20.8,0,2825.45,21.1,5,2504.82,21.4,0,2504.22,21.2,0,2463.92,20.8,0
"2026-03-17 05:45:00",69,801,"Chapada_High",11.87,2293.04,21.1,0,2439.49,20.9,0,2523.41,21.1,0,2532.08,21.1,0,2300.93,20.8,0,2825.24,21.1,0,2504.73,21.4,0,2504.04,21.2,0,2464.28,20.9,0
"2026-03-17 06:00:00",70,801,"Chapada_High",11.87,2292.82,21,0,2440.05,20.8,0,2523.05,21,0,2532.44,21,0,2301.02,20.6,0,2825.36,20.9,0,2504.37,21.4,10,2505.99,21.1,0,2464.24,20.7,0
"2026-03-17 06:15:00",71,801,"Chapada_High",11.87,2293.66,20.8,0,2440.95,20.5,0,2523.27,20.8,0,2531.91,20.7,14,2302.04,20.3,0,2825.56,20.6,0,2504.18,21.2,0,2504.65,20.9,0,2464.73,20.4,0
"2026-03-17 06:30:00",72,801,"Chapada_High",11.87,2293.81,20.6,0,2440.46,20.4,0,2524.45,20.6,0,2532.18,20.6,0,2302.49,20.1,0,2826.23,20.5,0,2504.35,21.1,0,2505.12,20.7,0,2464.74,20.2,0
"2026-03-17 06:45:00",73,801,"Chapada_High",11.87,2293.99,20.5,0,2440.43,20.2,0,2524.58,20.5,0,2532.38,20.4,0,2302.62,19.8,0,2825.9,20.2,0,2504.64,20.9,0,2505.17,20.5,0,2464.68,20,0
"2026-03-17 07:00:00",74,801,"Chapada_High",11.86,2294.01,20.4,0,2439.95,20.1,0,2525.66,20.4,0,2531.78,20.3,0,2301.88,19.7,0,2826.11,20.2,9,2504.3,20.9,6,2505.09,20.5,0,2465.19,20,0
"2026-03-17 07:15:00",75,801,"Chapada_High",11.87,2293.49,20.5,0,2440.34,20.2,0,2525,20.4,0,2531.02,20.4,0,2302.55,19.9,5,2825.31,20.4,0,2504.93,20.9,0,2503.72,20.5,0,2464.7,20.1,0
"2026-03-17 07:30:00",76,801,"Chapada_High",11.87,2294.57,20.6,0,2440.27,20.4,0,2525.3,20.5,0,2530.9,20.6,0,2303.63,20.1,0,2824.62,20.6,0,2504.25,21,0,2503.19,20.6,0,2464.94,20.3,0
"2026-03-17 07:45:00",77,801,"Chapada_High",11.87,2294.64,20.7,0,2440.6,20.5,4,2524.1,20.7,0,2531.89,20.7,0,2303.06,20.3,0,2823.51,20.8,0,2503.84,21,0,2503.94,20.8,0,2465.08,20.5,0
"2026-03-17 08:00:00",78,801,"Chapada_High",11.87,2294.31,21,0,2440.63,20.8,0,2523.01,20.9,4,2531.81,21,0,2303.22,20.7,0,2822.52,21,0,2503.24,21.2,5,2504.06,21,0,2464.73,20.7,0
"2026-03-17 08:15:00",79,801,"Chapada_High",11.87,2295.37,21.3,0,2440.09,21.3,0,2523.87,21.3,0,2531.68,21.4,0,2303.13,21.3,0,2822.03,21.4,0,2502.76,21.5,0,2503.4,21.4,0,2464.74,21.2,0
"2026-03-17 08:30:00",80,801,"Chapada_High",11.87,2294.9,21.7,0,2438.81,21.7,0,2523.41,21.8,0,2530.88,22.1,0,2304.97,21.9,0,2820.92,21.9,0,2502.79,21.9,0,2502.04,22,0,2463.88,21.7,0
"2026-03-17 08:45:00",81,801,"Chapada_High",11.87,2294.85,22.1,3,2438.92,22.2,0,2523.48,22.1,0,2531.26,22.7,0,2301.12,23.3,3,2819.45,22.4,0,2501.45,22.2,0,2501.56,22.6,0,2463.79,22.2,1
"2026-03-17 09:00:00",82,801,"Chapada_High",11.87,2292.53,22.8,0,2437.68,22.9,0,2523.13,22.7,0,2530.7,23.5,2,2301.17,23.7,0,2817.25,24.1,0,2500.89,22.7,0,2500.46,23.6,0,2462.73,22.9,0
"2026-03-17 09:15:00",83,801,"Chapada_High",11.87,2292.27,23.8,0,2436.27,23.9,0,2522.07,23.5,0,2527.94,24.8,0,2302.05,24.7,0,2815.5,24.7,0,2499.01,24,3,2497.02,25.2,0,2461.43,24,0
"2026-03-17 09:30:00",84,801,"Chapada_High",11.86,2292.05,24.9,0,2436.81,24.8,0,2521.38,24.3,0,2526.68,25.7,0,2300.97,25.5,0,2813.64,25.4,0,2497.08,24.7,0,2493.7,27.3,0,2460.65,25,0
"2026-03-17 09:45:00",85,801,"Chapada_High",11.86,2290.42,25.4,0,2435.26,25,0,2520.5,24.5,0,2526.57,25.6,0,2298.81,25.6,0,2812.24,25.5,0,2495.51,24.8,0,2492.68,27,0,2459.46,25.5,0
"2026-03-17 10:00:00",86,801,"Chapada_High",11.86,2288.58,26.5,0,2430.12,27.1,0,2518.52,25.6,0,2523.31,26.6,0,2296.13,26.7,0,2810.02,26.5,0,2492.84,25.2,1,2489.2,28.3,0,2460.13,25.7,0
"2026-03-17 10:15:00",87,801,"Chapada_High",11.86,2287.66,27,0,2427.82,27.6,0,2515.83,27.6,0,2519.95,27.6,0,2293.26,27.5,0,2807.49,27.4,0,2490.94,25.8,0,2485.95,29.4,0,2459.15,26.1,0
"2026-03-17 10:30:00",88,801,"Chapada_High",11.86,2286.16,27.3,0,2424.55,28,0,2514.42,28,0,2517.17,29.4,0,2289.9,28.3,0,2805.24,28.1,0,2487.72,26.3,1,2483.75,30,0,2458.33,26.4,0
"2026-03-17 10:45:00",89,801,"Chapada_High",11.86,2284.19,27.9,0,2423.38,28.7,0,2512.08,28.6,0,2514.85,29.8,0,2287.64,29.8,0,2804.63,29.2,0,2482.82,26.8,0,2479.92,30.6,0,2458.41,26.9,0
"2026-03-17 11:00:00",90,801,"Chapada_High",11.86,2282.44,27.8,0,2421.61,28.5,0,2511.43,28.7,0,2512.9,29.8,0,2286.23,28.8,0,2800.35,29.4,0,2481.13,27.2,0,2476.91,30.2,0,2458.04,26.9,0
"2026-03-17 11:15:00",91,801,"Chapada_High",11.86,2282.44,28.3,0,2419.52,28.9,0,2509.67,29.3,0,2508.49,31.2,0,2283.48,29.1,0,2798.25,29.5,0,2478.51,27.9,0,2474.64,31.5,0,2457.12,27.2,0
"2026-03-17 11:30:00",92,801,"Chapada_High",11.86,2281.39,28.3,3,2416.78,28.9,0,2509.46,29.5,0,2504.9,31.9,0,2281.63,29.3,0,2798.03,29.2,0,2475.25,28,0,2471.54,31.1,0,2455.06,28.4,0
"2026-03-17 11:45:00",93,801,"Chapada_High",11.86,2280.59,29.5,0,2414.35,29.5,0,2508.01,29.8,0,2502.26,33.1,0,2278.54,30.3,0,2796.13,29.6,0,2472.52,28.8,2,2469.29,30.8,0,2455.01,28.8,0
"2026-03-17 12:00:00",94,801,"Chapada_High",11.86,2278.63,29.4,0,2410.95,30.7,4,2506.84,30.3,0,2497.63,34.1,0,2275.75,31.2,0,2794.85,29.8,0,2469.13,29.7,0,2466.68,30.6,0,2453.6,29.3,0
"2026-03-17 12:15:00",95,801,"Chapada_High",11.87,2277.21,29.2,0,2409.66,29.8,0,2505.93,30.7,0,2495.03,34.3,0,2272.71,31.8,0,2792.01,29.5,0,2465.34,30.2,0,2463.57,30.2,0,2453.1,29.7,0
"2026-03-17 12:30:00",96,801,"Chapada_High",11.86,2276.21,29,0,2408.23,29.4,0,2504.52,30.7,0,2491.31,34.4,0,2268.71,33,0,2792.02,29.3,0,2461.56,31.7,0,2460.69,30,0,2452,30.3,0
"2026-03-17 12:45:00",97,801,"Chapada_High",11.86,2275.22,29.1,0,2404.7,29.5,0,2503.51,30.8,0,2489.85,34.6,0,2268.52,32.9,0,2789.67,30.4,0,2457.26,32.6,0,2459.53,30.6,0,2451.46,30.3,0
"2026-03-17 13:00:00",98,801,"Chapada_High",11.86,2272.46,29.4,0,2403.33,29.6,0,2502.34,31.1,0,2488.62,34.2,0,2266.94,32.4,0,2787.89,29.9,0,2454.74,33,0,2457.49,31.2,0,2450.18,30.5,0
"2026-03-17 13:15:00",99,801,"Chapada_High",11.86,2272.11,29.3,0,2401.27,29.3,0,2502.44,30.8,0,2486.78,33,0,2266.38,31.3,0,2787.09,29.4,0,2452.05,32,0,2456.25,31.8,0,2449.95,30.6,0
"2026-03-17 13:30:00",100,801,"Chapada_High",11.86,2271.83,29.3,0,2399.73,29,0,2500.72,30.7,0,2484.5,32.3,0,2266.12,30.6,0,2786.09,29,0,2450.41,31.1,0,2454.6,31,0,2449.07,31.3,0
"2026-03-17 13:45:00",101,801,"Chapada_High",11.86,2269.7,29.6,0,2398.06,29.4,0,2500.06,30.8,0,2484.77,32,0,2265.08,30.4,0,2785.03,29,0,2449.77,30.5,0,2453.23,30.7,0,2448.79,30.9,0
"2026-03-17 14:00:00",102,801,"Chapada_High",11.86,2269.59,29.6,0,2395.31,29.9,0,2498.84,31.8,0,2481.45,32.3,0,2263.12,30.8,0,2783.09,29.3,0,2448.05,30.3,0,2449.76,30.7,0,2448.1,31.1,0
"2026-03-17 14:15:00",103,801,"Chapada_High",11.86,2267.75,29.8,0,2392.33,30.2,0,2496.98,32,0,2477.53,33.8,0,2261.26,31.3,0,2781.4,29.7,0,2446.63,30.3,0,2448.36,30.8,0,2447.38,31.4,0
"2026-03-17 14:30:00",104,801,"Chapada_High",11.86,2266.61,29.1,0,2392.03,29.2,0,2497.07,31,0,2477.81,32.2,0,2260.46,31.2,0,2783.03,29.1,0,2445.55,29.8,0,2448.01,29.8,3,2448.82,30.3,0
"2026-03-17 14:45:00",105,801,"Chapada_High",11.86,2265.01,28,0,2391.08,27.8,0,2497.13,29.6,0,2479.29,30.2,0,2262.42,29,3,2780.22,28.3,0,2445.93,28.9,0,2449.14,28.4,0,2451.14,28.7,0
"2026-03-17 15:00:00",106,801,"Chapada_High",11.86,2264.92,27.5,0,2392.01,27.1,0,2496.51,28.7,0,2480.34,29.1,0,2262.56,27.9,0,2782.14,27.3,0,2446.39,28.4,0,2450.59,28,0,2451.86,27.7,0
"2026-03-17 15:15:00",107,801,"Chapada_High",11.86,2265.36,27.4,0,2391.43,27.1,0,2497.04,28.4,0,2479.24,28.8,0,2263.29,27.8,0,2781.66,27.1,0,2446.93,28,0,2451.05,28,0,2452.13,28.2,0
"2026-03-17 15:30:00",108,801,"Chapada_High",11.86,2264.91,27.9,0,2390.67,27.1,0,2496.91,28.3,0,2477.78,28.7,0,2262.83,27.8,0,2781.58,27.1,0,2446.9,27.8,0,2451.51,27.8,0,2452.44,28.1,0
"2026-03-17 15:45:00",109,801,"Chapada_High",11.86,2264.76,27.3,0,2390.34,27.1,0,2497.43,27.8,0,2479.94,28.1,0,2263.25,27.3,0,2781.56,26.7,0,2448.02,27.4,0,2451.84,27.4,0,2453.83,27.3,0
"2026-03-17 16:00:00",110,801,"Chapada_High",11.86,2264.85,27,0,2390.66,26.6,0,2497.97,27.8,0,2479.66,27.8,0,2264.27,27,0,2782.02,26.4,0,2448.43,27.1,0,2452.95,27.1,0,2454.64,26.9,0
"2026-03-17 16:15:00",111,801,"Chapada_High",11.86,2265.2,26.7,0,2392.6,26.3,0,2498.13,27.3,0,2479.75,27.6,0,2263.75,27,0,2783.54,26.1,0,2448.59,26.8,0,2453.3,26.8,0,2455.16,26.5,0
"2026-03-17 16:30:00",112,801,"Chapada_High",11.86,2264.7,26.4,0,2390.83,25.9,0,2498.3,26.9,0,2480.61,27,1,2264.27,26.6,0,2786.46,26.2,0,2449.34,26.5,0,2454.74,26.4,0,2455.54,26.3,0
"2026-03-17 16:45:00",113,801,"Chapada_High",11.86,2265.15,26.5,0,2390.71,26.1,0,2497.62,26.8,0,2481.28,26.9,0,2265.01,26.8,0,2782.5,26.2,0,2449.07,26.9,0,2454.79,26.6,0,2455.36,26.6,0
"2026-03-17 17:00:00",114,801,"Chapada_High",11.86,2265.29,26.7,1,2389.73,26.2,10,2498.29,26.8,0,2479.74,26.9,0,2264.21,27,0,2782.47,26.3,0,2448.88,26.8,0,2454.83,27.3,0,2455.57,26.7,0
"2026-03-17 17:15:00",115,801,"Chapada_High",11.86,2264.71,26.7,0,2388.74,26.2,0,2498.05,26.8,0,2480.63,26.8,0,2262.93,26.9,0,2781.45,26.2,0,2449.4,26.7,0,2454.11,27,3,2454.66,27.1,0
"2026-03-17 17:30:00",116,801,"Chapada_High",11.86,2264.68,26.6,0,2391.04,26.1,0,2498.23,26.5,0,2481.33,26.4,0,2263.59,26.6,0,2781.27,26,2,2448.55,26.2,5,2454.91,26.3,0,2455.74,26.5,0
"2026-03-17 17:45:00",117,801,"Chapada_High",11.86,2264.93,26.2,0,2391.53,25.9,0,2498.55,26.5,0,2481.79,26.2,0,2263.81,26.3,0,2782.4,25.8,0,2452.13,25.9,1,2455.89,25.8,0,2455.71,26.1,0
"2026-03-17 18:00:00",118,801,"Chapada_High",11.86,2265.41,25.8,0,2391.22,25.4,0,2498.32,26.1,0,2482.12,26,0,2264.49,25.7,0,2782,25.4,0,2452.47,25.6,0,2458.47,25.4,0,2456.84,25.7,0
"2026-03-17 18:15:00",119,801,"Chapada_High",11.86,2265.89,25.2,0,2392.72,24.8,0,2499.41,25.5,0,2481.55,25.4,0,2265.75,25.1,0,2786.29,24.7,0,2454.35,25.2,0,2459.27,25,0,2457.58,24.9,0
"2026-03-17 18:30:00",120,801,"Chapada_High",11.86,2266.69,24.8,4,2390.94,24.3,0,2499.95,25,0,2482.53,24.8,0,2264.25,24.3,0,2783.32,24.3,0,2454.87,24.9,0,2460.55,24.6,0,2459.31,24.3,0
"2026-03-17 18:45:00",121,801,"Chapada_High",11.86,2267.06,24.4,0,2391.88,23.9,0,2500.8,24.6,0,2484.91,24.3,0,2264.43,23.8,0,2784.02,23.8,0,2455.87,24.6,0,2461.71,24.2,0,2459.61,23.9,0
"2026-03-17 19:00:00",122,801,"Chapada_High",11.86,2267.41,24.1,0,2392.66,23.5,0,2502.08,24.2,0,2485.73,23.9,0,2265.53,23.3,0,2783.74,23.5,0,2456.97,24.3,0,2462.82,23.8,2,2460.41,23.5,0
"2026-03-17 19:15:00",123,801,"Chapada_High",11.86,2268.04,23.8,0,2393.23,23.2,0,2502.67,23.9,0,2485.63,23.6,0,2266.82,23,0,2784.51,23.2,0,2457.29,24,0,2463.86,23.5,0,2460.77,23.2,0
"2026-03-17 19:30:00",124,801,"Chapada_High",11.86,2268.16,23.6,0,2394.16,23,0,2503.67,23.7,0,2487.61,23.5,0,2267.76,22.8,0,2784.66,23,0,2458.54,23.8,3,2464.72,23.3,0,2461.39,23,0
"2026-03-17 19:45:00",125,801,"Chapada_High",11.86,2268.71,23.5,0,2394.86,22.9,0,2504.13,23.5,0,2487.4,23.3,0,2269.36,22.6,0,2785.29,22.8,2,2459.37,23.6,0,2465.03,23.1,0,2462.24,22.9,0
"2026-03-17 20:00:00",126,801,"Chapada_High",11.86,2269.96,23.3,0,2395.6,22.7,0,2504.33,23.3,0,2489.32,23.1,0,2270.23,22.4,0,2785.13,22.6,0,2460.14,23.5,0,2465.47,23,0,2461.95,22.7,0
"2026-03-17 20:15:00",127,801,"Chapada_High",11.86,2270.14,23.2,0,2396.07,22.7,0,2505.11,23.2,0,2489.24,23.1,0,2269.72,22.5,0,2787.93,22.6,0,2461.03,23.4,0,2466.2,23,0,2462.11,22.6,0
"2026-03-17 20:30:00",128,801,"Chapada_High",11.86,2269.99,23.2,0,2396.53,22.7,0,2505.63,23.2,0,2490.66,23.1,0,2271.69,22.6,0,2784.65,22.8,0,2461.68,23.4,0,2466.78,23,0,2461.72,22.7,0
"2026-03-17 20:45:00",129,801,"Chapada_High",11.86,2270.99,23.3,0,2397.04,22.8,0,2505.93,23.2,0,2491.79,23.1,0,2271.81,22.7,0,2784.45,22.8,0,2461.9,23.3,0,2467.29,23,0,2462.19,22.7,0
"2026-03-17 21:00:00",130,801,"Chapada_High",11.86,2271.84,23.2,0,2397.89,22.7,2,2507.17,23.1,0,2491.21,23,0,2272.25,22.5,0,2785.54,22.7,0,2462.1,23.3,0,2468.31,22.9,0,2462.46,22.7,0
"2026-03-17 21:15:00",131,801,"Chapada_High",11.86,2271.45,23,0,2397.95,22.5,0,2506.54,22.9,0,2493.07,22.9,0,2272.87,22.3,0,2784.75,22.6,0,2462.97,23.2,0,2468.5,22.7,0,2463.03,22.5,0
"2026-03-17 21:30:00",132,801,"Chapada_High",11.86,2272.23,22.8,0,2398.92,22.3,0,2507.37,22.8,0,2492.42,22.7,0,2273.93,22.1,0,2785.44,22.4,0,2463.16,23,0,2468.54,22.6,0,2463.12,22.3,0
"2026-03-17 21:45:00",133,801,"Chapada_High",11.86,2272.87,22.7,0,2398.2,22.3,0,2507.42,22.6,0,2492.95,22.6,0,2274.59,22,0,2784.58,22.3,0,2463.46,22.9,0,2468.57,22.4,0,2463.72,22.2,0
"2026-03-17 22:00:00",134,801,"Chapada_High",11.86,2274.7,22.7,0,2398.37,22.2,0,2508.48,22.6,0,2493.37,22.5,0,2274.24,21.9,0,2786.94,22.3,0,2464.08,22.8,0,2469.5,22.4,0,2463.31,22.2,0
"2026-03-17 22:15:00",135,801,"Chapada_High",11.86,2273.37,22.5,0,2399.17,22.1,0,2508.37,22.5,0,2493.96,22.5,0,2272.68,21.9,0,2785.39,22.1,0,2464.7,22.8,0,2469.73,22.3,0,2463.58,22.1,0
"2026-03-17 22:30:00",136,801,"Chapada_High",11.86,2273.9,22.5,2,2399.89,22.1,0,2508.71,22.4,0,2494.9,22.4,0,2274.8,21.8,0,2784.54,22.1,0,2464.63,22.7,0,2469.8,22.2,0,2463.59,22,0
"2026-03-17 22:45:00",137,801,"Chapada_High",11.86,2275.88,22.4,0,2399.91,22,0,2509.39,22.3,0,2496.95,22.3,0,2276.41,21.7,0,2784.31,22,0,2465.2,22.6,0,2470.36,22.1,0,2463.56,21.9,0
"2026-03-17 23:00:00",138,801,"Chapada_High",11.86,2275.85,22.2,0,2400.11,21.9,0,2510.27,22.2,0,2497.14,22.2,0,2274.3,21.6,0,2784.34,21.9,0,2465.53,22.5,0,2470.16,22.1,0,2464.58,21.7,0
"2026-03-17 23:15:00",139,801,"Chapada_High",11.86,2276.59,22.1,0,2400.79,21.7,0,2510.25,22.1,0,2496.48,22.1,0,2275.21,21.5,0,2784.46,21.8,0,2465.59,22.4,0,2470.42,22,0,2464.59,21.7,0
"2026-03-17 23:30:00",140,801,"Chapada_High",11.86,2277.57,22,0,2402.12,21.6,0,2509.87,22,0,2497.18,22,0,2276.31,21.3,0,2785.51,21.6,0,2465.73,22.3,0,2470.95,21.9,0,2464.46,21.5,0
"2026-03-17 23:45:00",141,801,"Chapada_High",11.86,2277.75,21.8,0,2402.41,21.5,0,2511.04,21.9,0,2497.43,21.8,0,2275.9,21.1,0,2785.03,21.4,0,2466.01,22.2,0,2470.95,21.8,0,2464.74,21.4,0
"2026-03-18 00:00:00",142,801,"Chapada_High",11.86,2277.5,21.8,0,2402.59,21.5,0,2511.51,21.8,0,2497.18,21.8,0,2276.26,21.1,0,2786.43,21.5,0,2466.24,22.2,0,2470.88,21.7,0,2465.03,21.4,0
"2026-03-18 00:15:00",143,801,"Chapada_High",11.86,2277.86,21.8,0,2402.72,21.4,0,2511.51,21.8,0,2498.65,21.8,0,2275.99,21.1,0,2784.92,21.5,0,2466.02,22.1,0,2471.84,21.6,0,2465.57,21.3,0
"2026-03-18 00:30:00",144,801,"Chapada_High",11.86,2278.16,21.9,0,2403.12,21.5,0,2511.91,21.8,0,2500.21,21.8,0,2277.26,21.3,0,2785.95,21.7,0,2467.02,22.1,0,2471.61,21.7,0,2465.02,21.4,0
"2026-03-18 00:45:00",145,801,"Chapada_High",11.86,2278.24,21.9,0,2403.63,21.6,0,2511.28,21.9,0,2499.95,21.9,0,2276.94,21.4,0,2785.19,21.8,0,2466.67,22.1,0,2471.75,21.8,0,2465.21,21.5,0
"2026-03-18 01:00:00",146,801,"Chapada_High",11.86,2279.28,21.9,0,2404.9,21.6,0,2512.09,21.9,0,2500.67,21.9,0,2278.13,21.4,0,2785.91,21.8,0,2467.76,22.2,0,2471.48,21.8,0,2464.7,21.5,0
"2026-03-18 01:15:00",147,801,"Chapada_High",11.86,2279.64,21.9,0,2404.84,21.6,0,2512.33,21.9,0,2501.46,21.9,0,2278.37,21.4,0,2785.72,21.8,0,2467.34,22.2,0,2471.94,21.8,0,2464.31,21.5,0
"2026-03-18 01:30:00",148,801,"Chapada_High",11.86,2278.97,21.9,0,2405.26,21.6,0,2513,21.8,0,2501.05,21.8,0,2278.41,21.3,0,2785.53,21.7,0,2467.66,22.1,4,2472.17,21.7,0,2465.06,21.5,0
"2026-03-18 01:45:00",149,801,"Chapada_High",11.86,2280,21.8,0,2405.37,21.5,0,2512.99,21.8,0,2501.51,21.8,0,2279.11,21.2,0,2786.78,21.6,0,2467.55,22.1,0,2472.74,21.7,0,2465.29,21.4,0
"2026-03-18 02:00:00",150,801,"Chapada_High",11.86,2280.03,21.7,0,2405.99,21.4,0,2513.4,21.6,0,2500.95,21.7,0,2279.11,21.1,0,2786.44,21.5,0,2467.63,22,0,2472.81,21.6,0,2466,21.3,0
"2026-03-18 02:15:00",151,801,"Chapada_High",11.86,2279.54,21.6,0,2406.47,21.3,0,2513.34,21.5,0,2501.96,21.6,0,2279.9,21,0,2786.56,21.3,0,2468.06,21.9,0,2471.45,21.4,0,2464.87,21.1,0
"2026-03-18 02:30:00",152,801,"Chapada_High",11.86,2281.43,21.4,0,2406.87,21.1,0,2514.06,21.4,0,2503.03,21.4,0,2279.41,20.8,0,2786.93,21.1,0,2468.6,21.8,0,2472.58,21.3,0,2465.52,21,0
"2026-03-18 02:45:00",153,801,"Chapada_High",11.86,2281.53,21.3,10,2407.12,21,0,2513.85,21.3,0,2502.69,21.3,0,2280.6,20.7,0,2787.25,21.1,0,2469.09,21.7,0,2471.91,21.2,0,2466.18,20.9,0
"2026-03-18 03:00:00",154,801,"Chapada_High",11.86,2282.06,21.4,0,2408.04,21.1,0,2513.97,21.3,0,2503.39,21.4,0,2279.64,20.9,0,2787.32,21.2,0,2468.47,21.7,4,2473.83,21.3,0,2465.81,21,0
"2026-03-18 03:15:00",155,801,"Chapada_High",11.86,2281.58,21.5,0,2408.47,21.2,0,2514.29,21.4,0,2501.79,21.5,0,2280.54,21,0,2786.73,21.4,0,2468.83,21.7,2,2473.62,21.4,0,2465.73,21.1,0
"2026-03-18 03:30:00",156,801,"Chapada_High",11.86,2282.37,21.5,0,2407.95,21.2,0,2514.05,21.4,0,2503.53,21.5,0,2280.7,20.9,0,2786.59,21.3,0,2468.98,21.7,0,2471.86,21.4,0,2465.65,21.1,0
"2026-03-18 03:45:00",157,801,"Chapada_High",11.86,2282.88,21.3,0,2408.38,21.1,0,2514.32,21.3,0,2503.97,21.3,0,2281.06,20.8,0,2787.86,21.2,0,2469.47,21.7,0,2473.17,21.2,0,2465.91,21,0
"2026-03-18 04:00:00",158,801,"Chapada_High",11.86,2283.36,21.2,0,2409.41,20.9,0,2515.18,21.2,0,2503.97,21.2,0,2281.86,20.6,0,2786.65,21,0,2469.99,21.5,0,2472.5,21.1,0,2466.01,20.8,0
"2026-03-18 04:15:00",159,801,"Chapada_High",11.86,2282.88,21,0,2409.15,20.7,0,2514.91,21,0,2504.19,21,0,2281.53,20.4,0,2787.02,20.7,0,2469.69,21.4,0,2473.7,20.8,0,2466.45,20.6,0
"2026-03-18 04:30:00",160,801,"Chapada_High",11.86,2283.26,20.8,0,2409.5,20.6,0,2517.38,20.9,0,2503.65,20.9,0,2282.25,20.2,0,2787.54,20.6,0,2470.22,21.3,0,2472.1,20.7,0,2466.36,20.5,0
"2026-03-18 04:45:00",161,801,"Chapada_High",11.86,2284.1,20.8,0,2410.16,20.5,0,2516.09,20.8,0,2504.97,20.8,0,2283.07,20.1,0,2787.55,20.7,0,2470.05,21.2,0,2473.93,20.7,1,2466.85,20.4,0
"2026-03-18 05:00:00",162,801,"Chapada_High",11.86,2283.8,20.8,0,2410.62,20.5,0,2516.58,20.7,0,2504.47,20.8,0,2283.53,20.2,0,2787.66,20.6,0,2470.55,21.2,0,2474.39,20.7,0,2467.38,20.4,0
"2026-03-18 05:15:00",163,801,"Chapada_High",11.86,2284.1,20.8,0,2411.24,20.6,0,2517.48,20.8,0,2505.7,20.9,0,2282.4,20.3,7,2787.66,20.6,0,2470.88,21.2,0,2474.49,20.7,0,2466.85,20.4,0
"2026-03-18 05:30:00",164,801,"Chapada_High",11.86,2284.03,20.9,0,2411.5,20.6,0,2515.9,20.8,0,2506.8,20.9,0,2282.81,20.3,0,2788.02,20.8,0,2469.97,21.2,0,2474.22,20.8,0,2466.66,20.5,0
"2026-03-18 05:45:00",165,801,"Chapada_High",11.86,2285.12,20.9,0,2411.8,20.7,0,2516.28,20.9,0,2506.67,21,0,2283,20.4,0,2786.7,20.8,0,2471.07,21.2,5,2472.74,20.8,0,2467.26,20.6,0
"2026-03-18 06:00:00",166,801,"Chapada_High",11.86,2284.12,21,2,2411.42,20.7,0,2516.34,20.9,0,2506.59,21,0,2283.82,20.4,0,2786.45,20.9,0,2471.16,21.2,0,2472.94,20.8,0,2466.82,20.6,0
"2026-03-18 06:15:00",167,801,"Chapada_High",11.86,2285.14,21,0,2411.86,20.8,0,2518.9,20.9,0,2506.67,21,0,2284.47,20.5,0,2786.05,21,0,2470.96,21.3,0,2474.53,20.9,0,2466.72,20.7,0
"2026-03-18 06:30:00",168,801,"Chapada_High",11.86,2284.52,21,0,2412.12,20.9,0,2516.43,21,0,2506.67,21.1,0,2284.92,20.6,0,2785.69,21,0,2470.47,21.3,0,2474.32,21,0,2466.74,20.7,0
"2026-03-18 06:45:00",169,801,"Chapada_High",11.86,2284.86,21.1,0,2411.78,20.9,0,2516.6,21,0,2506.54,21.1,0,2284.24,20.6,0,2785.67,21.1,0,2470.89,21.3,0,2474,21,0,2466.63,20.8,0
"2026-03-18 07:00:00",170,801,"Chapada_High",11.86,2285.3,21.1,0,2413.36,20.9,0,2516.84,21.1,0,2507.03,21.2,0,2285.2,20.7,0,2785.84,21.1,9,2470.54,21.4,0,2474.51,21,0,2466.36,20.8,0
"2026-03-18 07:15:00",171,801,"Chapada_High",11.86,2285.51,21.2,0,2412.48,21,0,2517.21,21.1,0,2507.02,21.3,0,2284.12,20.9,0,2784.87,21.2,0,2471.28,21.5,0,2473.58,21.1,0,2466.42,20.9,0
"2026-03-18 07:30:00",172,801,"Chapada_High",11.86,2286.13,21.5,0,2412.87,21.4,0,2516.6,21.5,0,2506.31,21.7,0,2285.11,21.5,0,2784.88,21.7,0,2470.81,21.7,0,2474.21,21.5,0,2465.88,21.3,0
"2026-03-18 07:45:00",173,801,"Chapada_High",11.86,2285.93,22,0,2412.45,22,0,2515.94,21.9,0,2507.14,22.3,0,2286.23,22.3,0,2783.82,22.2,0,2469.84,22.2,0,2473.72,22.2,0,2465.22,21.9,0
"2026-03-18 08:00:00",174,801,"Chapada_High",11.86,2283.64,22.2,0,2412.01,22.3,0,2516.38,22.2,0,2505.64,22.6,0,2286.12,22.5,0,2782.63,22.5,0,2469.46,22.5,0,2473.02,22.7,0,2464.11,22.2,0
"2026-03-18 08:15:00",175,801,"Chapada_High",11.86,2283.7,22.9,0,2411.83,22.8,0,2515.48,22.6,0,2506.54,23.2,0,2283.75,23.4,0,2782.02,23,0,2469.16,22.8,0,2471.88,23.2,0,2463.6,22.9,0
"2026-03-18 08:30:00",176,801,"Chapada_High",11.86,2282.32,23.8,0,2409.92,24.2,0,2514.76,23.4,0,2503.76,24.3,0,2284.68,24.5,0,2780.68,23.9,0,2468.03,23.5,0,2470.69,24.1,0,2462.1,23.7,0
"2026-03-18 08:45:00",177,801,"Chapada_High",11.87,2281.8,23.7,0,2410.02,24.2,0,2513.89,23.8,0,2504.14,24.3,0,2284.08,24.3,0,2778.52,23.9,0,2466.77,23.7,0,2469.79,24.1,0,2461.93,23.8,0
"2026-03-18 09:00:00",178,801,"Chapada_High",11.86,2281.64,23.8,0,2409.55,24.2,0,2513.65,24,0,2503.81,24.8,0,2280.48,24.5,0,2779.01,24.1,0,2465.52,23.9,0,2468.85,24.3,0,2462.52,23.9,0
"2026-03-18 09:15:00",179,801,"Chapada_High",11.86,2280.82,23.9,0,2410.76,24.2,0,2513.02,24,0,2502.78,24.8,0,2282.92,25.1,0,2780.09,24.3,0,2464.76,24.1,0,2465.25,24.4,0,2462,24.1,0
"2026-03-18 09:30:00",180,801,"Chapada_High",11.87,2280.22,24.3,0,2409.94,24.5,0,2512.97,24.3,0,2500.21,25.3,0,2281.26,25.2,0,2776.69,25.1,7,2463.25,24.4,4,2465.18,24.9,0,2461.53,24.4,0
"2026-03-18 09:45:00",181,801,"Chapada_High",11.88,2280.07,24.1,0,2406.91,24.4,0,2511.69,24.3,0,2500.43,25,0,2280.79,24.9,0,2775.92,24.7,0,2462.38,24.7,0,2463.46,25,0,2461.37,24.3,0
"2026-03-18 10:00:00",182,801,"Chapada_High",11.87,2278.88,25.2,0,2407.45,25.5,0,2510.36,25.4,0,2497.14,26.4,0,2279.1,26.1,0,2774.16,25.8,0,2460.8,25.2,0,2460.77,26.7,0,2460.57,25.2,0
"2026-03-18 10:15:00",183,801,"Chapada_High",11.86,2277.59,25.8,0,2405.23,26.1,0,2508.09,26,0,2496.89,27.1,0,2276.52,26.8,0,2772.39,26.4,0,2458.48,25.6,0,2457.66,27.3,0,2459.42,25.7,0
"2026-03-18 11:15:00",0,801,"Chapada_High",11.89,0,0,0,0,0,0,0,0,0,0,0,0,0,0,0,0,0,0,0,0,0,0,0,0,0,0,0
"2026-03-18 11:30:00",1,801,"Chapada_High",11.89,0,0,0,0,0,0,0,0,0,0,0,0,0,0,0,0,0,0,0,0,0,0,0,0,0,0,0
"2026-03-18 11:45:00",2,801,"Chapada_High",11.89,2277.65,23.7,0,2403.76,23.5,0,2509.62,23.8,0,2496.26,23.8,5,2276.33,23.6,0,2772.74,23.6,0,2457.44,24,0,2460.1,24,0,2462.33,23.4,0
"2026-03-18 12:00:00",3,801,"Chapada_High",11.89,2275.23,23.2,0,2408.46,22.9,0,2508.76,23,0,2497.84,23.1,0,2282.13,22.6,0,2789.46,22.8,0,2458.51,23.6,2,2461.41,23.3,0,2464.62,22.7,0
"2026-03-18 12:15:00",4,801,"Chapada_High",11.89,2275.86,23,1,2408.68,22.8,0,2523.48,23,0,2499.56,23.2,0,2281.57,22.5,0,2794.05,22.8,0,2461.02,23.5,0,2466.3,23.2,0,2462.1,22.8,0
"2026-03-18 12:30:00",5,801,"Chapada_High",11.89,2275.97,23.2,0,2407.51,23.1,0,2526.4,23.2,0,2498.7,23.7,3,2279.32,23,0,2795.91,23.1,0,2463.02,23.7,0,2467.34,23.6,0,2460.31,23.1,0
"2026-03-18 12:45:00",6,801,"Chapada_High",11.89,2277.15,23.3,0,2407.06,23.3,0,2526.43,23.4,0,2498.78,23.8,0,2278.84,23.6,0,2798.11,23.3,0,2465.49,23.8,0,2468.6,23.7,0,2459.83,23.4,0
"2026-03-18 13:00:00",7,801,"Chapada_High",11.89,2277.97,23.5,0,2406.73,23.5,0,2526.69,23.5,0,2501.96,23.9,0,2278.65,23.8,0,2794.76,23.9,0,2466.82,24.1,6,2469.27,23.9,0,2460.59,23.6,0
"2026-03-18 13:15:00",8,801,"Chapada_High",11.89,2277.81,23.8,3,2406.56,23.9,0,2526.99,23.9,0,2501.58,24.4,0,2280.51,24.3,2,2794.16,24.1,0,2466.69,24.7,0,2470.03,24.8,0,2460.05,24.1,0
"2026-03-18 13:30:00",9,801,"Chapada_High",11.89,2277.39,24.6,0,2405.39,24.7,0,2527.11,24.7,0,2502.29,25.4,0,2278.62,25.6,0,2794.34,24.7,0,2466.83,25.3,0,2467.3,25.9,0,2456.72,26.1,0
"2026-03-18 13:45:00",10,801,"Chapada_High",11.89,2276.87,26.7,0,2405.77,25.8,0,2524.58,25.8,0,2501.77,26.4,0,2277.44,26.9,0,2793.17,25.3,0,2465.66,26.1,0,2465.1,27.2,0,2456.33,26.8,0
"2026-03-18 14:00:00",11,801,"Chapada_High",11.89,2275.82,26.7,0,2402.24,27.9,0,2523.12,26.3,0,2500.13,26.8,0,2275.01,27.9,4,2791.25,25.9,0,2460.89,26.7,0,2462.4,27.9,0,2456.08,27.2,0
"2026-03-18 14:15:00",12,801,"Chapada_High",11.89,2275.12,26.9,0,2398.75,27.8,0,2520.25,27.5,0,2499.3,27.3,0,2273.64,28.1,0,2789,26.3,0,2458.66,27,0,2460.65,28,0,2455.51,27.4,0
"2026-03-18 14:30:00",13,801,"Chapada_High",11.88,2274.51,26.3,0,2401.03,26.7,0,2520.24,26.3,0,2499.64,26.9,0,2272.73,27.6,0,2787.3,25.8,0,2458.91,26.5,0,2460.72,27.2,0,2456.69,26.5,0
"2026-03-18 14:45:00",14,801,"Chapada_High",11.87,2275.11,25.7,0,2402.05,25.9,0,2519.8,25.6,0,2499.75,25.9,0,2274.68,26.7,0,2790.67,25.9,0,2460.89,26.1,0,2460.98,26.4,0,2458.07,25.8,0
"2026-03-18 15:00:00",15,801,"Chapada_High",11.88,2274.76,25.6,0,2399.36,25.7,0,2519.32,25.5,0,2499.82,25.8,0,2273.98,26.3,0,2787.78,25.6,0,2460.31,26.2,0,2460.61,26.2,0,2458.26,25.7,0
"2026-03-18 15:15:00",16,801,"Chapada_High",11.88,2274.87,25.2,0,2402.64,25.2,0,2518.89,25.2,0,2500.73,25.4,0,2274.35,25.5,0,2786.7,25.1,0,2460.9,25.9,0,2461.24,26.1,0,2461.38,25.3,0
"2026-03-18 15:30:00",17,801,"Chapada_High",11.88,2276.18,24.1,0,2400.69,24,0,2519.42,24.2,5,2499.39,24.2,0,2274.11,23.7,0,2788.5,23.7,0,2461.09,25.1,0,2463.84,24.6,0,2462.74,24.3,10
"2026-03-18 15:45:00",18,801,"Chapada_High",11.88,2276.43,23.8,0,2402.41,23.6,0,2519.12,23.8,0,2499.21,23.8,0,2274.94,23.3,0,2789.34,23.4,0,2462,24.5,0,2465.04,24,0,2464.32,23.6,0
"2026-03-18 16:00:00",19,801,"Chapada_High",11.88,2276.95,23.6,0,2402.11,23.5,0,2519.06,23.8,0,2496.79,23.7,0,2275.26,23.2,0,2788.56,23.2,0,2462.73,24.3,0,2465.15,23.8,0,2465.11,23.4,0
"2026-03-18 16:15:00",20,801,"Chapada_High",11.88,2278.38,23.6,0,2402.23,23.5,0,2519.35,23.8,0,2496.61,24,0,2274.84,23.4,3,2788.8,23.3,0,2463.34,24.2,0,2465.64,23.8,0,2464.61,23.5,0
"2026-03-18 16:30:00",21,801,"Chapada_High",11.89,2277.89,23.6,0,2402.18,23.5,0,2518.43,23.7,0,2496.94,23.9,0,2275.6,23.9,0,2791.23,23.5,0,2463.06,24.2,0,2465.43,23.8,0,2464.43,23.5,3
"2026-03-18 16:45:00",22,801,"Chapada_High",11.88,2277.52,23.8,0,2402.37,23.7,0,2518.09,23.9,0,2496.31,24.1,0,2274.17,24.1,0,2787.28,23.9,0,2463.59,24.3,0,2465.65,23.9,0,2463.97,23.9,0
"2026-03-18 17:00:00",23,801,"Chapada_High",11.89,2277.19,24.3,0,2403.65,24.4,0,2517.15,24.4,0,2495.94,24.7,0,2275.12,25.1,0,2786.13,24.5,0,2462.76,25,0,2465.33,24.9,0,2463.42,24.8,0
"2026-03-18 17:15:00",24,801,"Chapada_High",11.88,2276.82,24.8,0,2402.55,24.9,0,2515.88,24.8,0,2494.49,25.2,0,2273.41,25.9,0,2785.93,25.2,0,2461.26,25.3,0,2463.58,25.6,0,2461.82,25.8,0
"2026-03-18 17:30:00",25,801,"Chapada_High",11.89,2276.02,25.6,0,2401.45,25.2,0,2515.04,25.1,0,2494.17,25.5,0,2273.2,26.2,0,2784.76,25.5,0,2460.05,25.3,0,2463.14,25.4,0,2461.3,26.1,1
"2026-03-18 17:45:00",26,801,"Chapada_High",11.88,2276.63,25,0,2401.15,25.1,0,2514.28,24.8,0,2493.52,25.1,0,2272.66,25.5,0,2784.57,25,0,2460.95,25,0,2461.47,24.9,0,2461.8,25.4,0
"2026-03-18 18:00:00",27,801,"Chapada_High",11.88,2275.81,24.6,0,2401.48,24.6,0,2514.65,24.8,0,2495.08,24.9,0,2274.06,25.1,0,2784.01,24.7,0,2461.04,24.7,4,2463.6,24.6,0,2462.6,24.9,0
"2026-03-18 18:15:00",28,801,"Chapada_High",11.88,2277.15,24.2,0,2399.54,24.1,0,2514.94,24.5,0,2495.14,24.7,0,2273.73,24.7,0,2783.06,24.3,0,2460.44,24.5,0,2463.4,24.3,0,2463.13,24.4,0
"2026-03-18 18:30:00",29,801,"Chapada_High",11.88,2276.94,23.8,0,2400.34,23.6,0,2515.41,24,0,2495.41,24.1,6,2272.1,24,0,2786.4,23.9,0,2461.28,24.2,2,2463.92,23.9,0,2464.74,23.8,0
"2026-03-18 18:45:00",30,801,"Chapada_High",11.88,2277.72,23.5,0,2401.01,23.2,0,2515.87,23.6,0,2495.47,23.6,0,2273.3,23.4,0,2784.1,23.4,0,2462.06,23.9,0,2464.85,23.5,0,2464.8,23.3,0
"2026-03-18 19:00:00",31,801,"Chapada_High",11.89,2276.92,23.2,0,2400.48,22.9,0,2515.72,23.3,0,2495.82,23.3,0,2272.62,23,0,2782.87,23,0,2463.29,23.6,0,2465.18,23.2,0,2465.36,22.9,0
"2026-03-18 19:15:00",32,801,"Chapada_High",11.88,2278.66,23,0,2401.59,22.8,0,2515.93,23.1,0,2497.52,23.1,0,2276.24,22.8,0,2782.8,22.8,0,2462.79,23.4,0,2465.95,23,0,2466.1,22.7,0
"2026-03-18 19:30:00",33,801,"Chapada_High",11.88,2278.58,22.9,0,2401.59,22.6,0,2516.2,23,0,2497.15,22.9,0,2273.64,22.6,0,2783.48,22.7,0,2463.55,23.2,0,2466.39,22.9,0,2466.25,22.5,0
"2026-03-18 19:45:00",34,801,"Chapada_High",11.88,2278.34,22.7,0,2402,22.4,1,2516.13,22.8,0,2497.33,22.8,0,2276.53,22.4,0,2783.5,22.5,0,2463.96,23.1,0,2466.16,22.7,0,2467.08,22.4,0
"2026-03-18 20:00:00",35,801,"Chapada_High",11.89,2278.83,22.6,0,2402.7,22.3,0,2515.77,22.6,0,2496.13,22.6,0,2274.48,22.3,0,2782.81,22.3,0,2464.15,22.9,0,2467.34,22.6,0,2466.75,22.2,0
"2026-03-18 20:15:00",36,801,"Chapada_High",11.88,2281.6,22.4,0,2403.48,22.1,0,2516.93,22.4,0,2496.46,22.4,0,2277.19,21.9,0,2783.54,22.1,0,2464.42,22.8,0,2467.02,22.4,0,2466.78,22,0
"2026-03-18 20:30:00",37,801,"Chapada_High",11.89,2280.61,22.2,0,2404.19,21.9,11,2516.69,22.3,0,2498.06,22.2,0,2275.96,21.7,0,2783.24,21.9,0,2465.03,22.6,0,2467.75,22.2,0,2467.16,21.8,0
"2026-03-18 20:45:00",38,801,"Chapada_High",11.89,2282.19,22.1,0,2404.49,21.8,0,2516.22,22.2,0,2496.02,22.1,0,2278.07,21.6,0,2782.06,21.8,0,2465.01,22.5,0,2468.09,22,0,2467.67,21.7,0
"2026-03-18 21:00:00",39,801,"Chapada_High",11.89,2282.26,21.9,0,2404.47,21.7,0,2516.85,22,0,2495.28,22,0,2276.82,21.4,0,2782.89,21.7,0,2465.32,22.4,0,2468.25,21.9,0,2467.23,21.6,0
"2026-03-18 21:15:00",40,801,"Chapada_High",11.89,2282.65,21.8,0,2405.45,21.6,0,2516.99,21.9,0,2496.06,21.9,0,2276.56,21.3,0,2782.11,21.7,0,2465.06,22.3,0,2468.73,21.7,0,2468.6,21.5,0
"2026-03-18 21:30:00",41,801,"Chapada_High",11.88,2283.44,21.8,0,2405.62,21.5,0,2517.74,21.8,0,2495.97,21.8,0,2277.59,21.2,0,2782.45,21.6,0,2465.61,22.2,0,2466.75,21.7,0,2467.76,21.4,0
"2026-03-18 21:45:00",42,801,"Chapada_High",11.89,2283.59,21.7,0,2406.1,21.5,0,2517.61,21.8,0,2495.92,21.8,5,2277.72,21.3,0,2781.19,21.5,0,2465.23,22.2,0,2468.78,21.7,0,2468.46,21.4,0
"2026-03-18 22:00:00",43,801,"Chapada_High",11.89,2284.33,21.7,0,2405.96,21.5,0,2517.45,21.8,0,2495.7,21.8,0,2277.53,21.2,0,2781.66,21.5,0,2465.67,22.1,0,2467.74,21.7,0,2468.15,21.4,0
"2026-03-18 22:15:00",44,801,"Chapada_High",11.89,2284.35,21.6,0,2406.82,21.4,0,2517.86,21.7,0,2495.55,21.7,0,2278.38,21.2,0,2781.88,21.5,0,2465.67,22.1,0,2469.13,21.6,0,2468,21.3,0
"2026-03-18 22:30:00",45,801,"Chapada_High",11.89,2284.33,21.5,0,2407.42,21.3,0,2518.33,21.6,0,2496.69,21.6,4,2278.26,21,0,2780.49,21.4,0,2465.95,22,0,2468.01,21.5,0,2468.79,21.2,0
"2026-03-18 22:45:00",46,801,"Chapada_High",11.89,2284.23,21.5,0,2407.6,21.2,13,2518.2,21.5,17,2497.8,21.5,0,2278.83,20.9,1,2780.34,21.3,0,2466.43,21.9,0,2468.6,21.3,0,2468.57,21.1,0
"2026-03-18 23:00:00",47,801,"Chapada_High",11.89,2285.23,21.4,0,2408.18,21.1,0,2517.99,21.4,0,2496.61,21.4,12,2278.55,20.8,0,2780.59,21.3,0,2466.18,21.8,1,2468.83,21.2,0,2468.68,21,0
"2026-03-18 23:15:00",48,801,"Chapada_High",11.89,2284.89,21.3,1,2409.07,21,0,2518.27,21.3,0,2496.55,21.4,0,2279.17,20.8,0,2780.42,21.2,0,2466.13,21.7,4,2467.38,21.2,0,2469.1,21,0
"2026-03-18 23:30:00",49,801,"Chapada_High",11.89,2285.52,21.3,0,2409.57,21,0,2518.54,21.3,0,2497.73,21.3,12,2279.7,20.8,0,2780.18,21.1,0,2466.47,21.7,0,2469.44,21.2,0,2468.93,20.9,0
"2026-03-18 23:45:00",50,801,"Chapada_High",11.89,2285.29,21.2,0,2409.77,21,4,2518.41,21.2,0,2499.11,21.2,0,2279.3,20.7,0,2780.99,21,0,2467.01,21.6,0,2469.3,21.2,0,2468.85,20.9,0
"2026-03-19 00:00:00",51,801,"Chapada_High",11.89,2285.95,21.2,0,2410.02,20.9,0,2518.35,21.1,0,2498.57,21.2,12,2280.18,20.5,0,2781.37,21,0,2467.17,21.6,0,2469.21,21,0,2468.89,20.8,0
"2026-03-19 00:15:00",52,801,"Chapada_High",11.89,2285.51,21,3,2409.98,20.8,0,2519.64,21,0,2499.38,21.1,0,2279.68,20.4,0,2780.8,20.8,0,2467.29,21.5,0,2467.71,20.9,0,2469.3,20.7,0
"2026-03-19 00:30:00",53,801,"Chapada_High",11.89,2286.44,21,0,2410.09,20.7,0,2519.09,20.9,0,2499.77,21,0,2280.02,20.4,0,2779.95,20.9,0,2467.38,21.4,0,2469.41,20.8,0,2469.23,20.6,0
"2026-03-19 00:45:00",54,801,"Chapada_High",11.89,2286.83,20.8,0,2411.4,20.6,0,2519.56,20.8,0,2499.48,20.9,0,2280.14,20.3,0,2780.39,20.7,6,2466.79,21.3,0,2469.44,20.7,0,2469.38,20.5,0
"2026-03-19 01:00:00",55,801,"Chapada_High",11.89,2286.92,20.6,0,2411.62,20.5,0,2521.06,20.7,6,2499.58,20.8,3,2279.82,20.1,0,2780.79,20.7,0,2466.84,21.2,0,2468.33,20.6,0,2469.48,20.4,0
"2026-03-19 01:15:00",56,801,"Chapada_High",11.89,2286.85,20.6,0,2411.52,20.4,0,2521.5,20.7,0,2498.55,20.7,0,2279.9,20,0,2780.27,20.5,0,2467.37,21.1,0,2468.07,20.5,0,2469.9,20.3,0
"2026-03-19 01:30:00",57,801,"Chapada_High",11.89,2287.19,20.6,0,2412.19,20.4,0,2521.15,20.6,0,2500.27,20.7,0,2280.99,20.1,13,2780.65,20.6,0,2467.64,21.1,0,2469.71,20.5,0,2469.13,20.2,0
"2026-03-19 01:45:00",58,801,"Chapada_High",11.89,2286.56,20.4,1,2412.6,20.3,0,2522.1,20.4,0,2500.7,20.5,0,2280.99,19.8,0,2781.17,20.4,0,2467.45,21,0,2470.21,20.4,0,2469.61,20.1,0
"2026-03-19 02:00:00",59,801,"Chapada_High",11.89,2287.25,20.3,1,2413.05,20.1,0,2520.87,20.3,0,2500.18,20.4,0,2281,19.7,0,2781.44,20.2,0,2468.54,20.9,10,2468.3,20.3,0,2470.5,20,0
"2026-03-19 02:15:00",60,801,"Chapada_High",11.89,2287.43,20.3,0,2413.6,20.1,0,2521.76,20.3,0,2500.96,20.4,0,2281.41,19.7,0,2781.64,20.3,0,2468.75,20.8,0,2469.62,20.2,0,2469.91,20,0
"2026-03-19 02:30:00",61,801,"Chapada_High",11.89,2287.89,20.3,0,2414.31,20,0,2521.95,20.2,0,2499.89,20.3,0,2280.88,19.6,0,2781.82,20.2,0,2468.3,20.7,0,2468.53,20,0,2470.21,19.9,11
"2026-03-19 02:45:00",62,801,"Chapada_High",11.89,2288.11,20.2,0,2414.24,20,0,2522.1,20.2,1,2500.92,20.3,0,2281.05,19.6,0,2781.42,20.2,0,2468.67,20.7,0,2468.58,20,0,2470.17,19.8,0
"2026-03-19 03:00:00",63,801,"Chapada_High",11.89,2288.77,20.1,4,2414.72,19.9,0,2522.25,20.1,0,2501.49,20.2,0,2282.39,19.5,0,2781.74,20.1,0,2469.46,20.6,0,2470.43,20,6,2470.23,19.8,0
"2026-03-19 03:15:00",64,801,"Chapada_High",11.89,2288.91,20,0,2415.51,19.8,0,2521.93,20,0,2501.45,20.1,0,2281.99,19.3,0,2781.47,20,2,2468.97,20.6,0,2468.25,19.8,0,2470.65,19.7,0
"2026-03-19 03:30:00",65,801,"Chapada_High",11.89,2288.44,20,0,2415.39,19.7,0,2522.42,19.9,0,2501.11,20,0,2281.6,19.2,0,2781.78,19.9,0,2469.03,20.5,0,2468.91,19.7,0,2470.09,19.6,0
"2026-03-19 03:45:00",66,801,"Chapada_High",11.89,2288.06,20.1,0,2415.6,19.9,0,2523.04,20,0,2501.21,20.1,0,2281.6,19.3,0,2782.76,20,0,2468.78,20.5,0,2468.79,19.9,0,2470.35,19.7,0
"2026-03-19 04:00:00",67,801,"Chapada_High",11.89,2289.26,20.1,0,2415.14,19.9,0,2522.72,20,0,2501.93,20.2,0,2281.52,19.5,0,2781.78,20.1,0,2469.05,20.5,0,2471.01,19.9,0,2469.88,19.8,1
"2026-03-19 04:15:00",68,801,"Chapada_High",11.89,2289.14,20,0,2416.41,19.8,0,2523.35,20,0,2501.39,20.1,0,2282.47,19.4,0,2781.58,20,0,2469.11,20.5,1,2469.32,19.8,0,2469.51,19.7,0
"2026-03-19 04:30:00",69,801,"Chapada_High",11.89,2288.64,20,0,2416.61,19.8,0,2522.94,19.9,0,2501.47,20.1,1,2282.2,19.3,0,2781.93,20,0,2469.08,20.4,0,2468.88,19.8,0,2469.76,19.6,0
"2026-03-19 04:45:00",70,801,"Chapada_High",11.89,2289.36,19.9,0,2416.71,19.8,3,2523.36,19.9,0,2501.42,20,0,2282.66,19.3,0,2781.36,20,1,2469.42,20.4,0,2469.26,19.8,0,2470.31,19.6,0
"2026-03-19 05:00:00",71,801,"Chapada_High",11.89,2289.42,19.9,0,2417.56,19.8,0,2522.82,19.9,0,2501.88,20.1,0,2282.5,19.4,4,2781.32,20,0,2469.56,20.4,0,2468.57,19.8,0,2470.23,19.6,5
"2026-03-19 05:15:00",72,801,"Chapada_High",11.89,2289.4,19.9,0,2418.01,19.8,0,2523.52,19.9,0,2501.53,20,0,2283,19.4,0,2781.41,20,8,2470.03,20.4,0,2469.03,19.8,0,2469.95,19.6,0
"2026-03-19 05:30:00",73,801,"Chapada_High",11.89,2290.26,20,0,2417.92,19.8,11,2522.9,19.9,13,2502.23,20,0,2282.74,19.5,0,2782.01,20,0,2469.79,20.4,0,2471.13,19.9,0,2469.68,19.6,0
"2026-03-19 05:45:00",74,801,"Chapada_High",11.89,2289.33,20,0,2417.38,19.8,0,2522.55,19.9,0,2502.3,20,0,2283.78,19.5,0,2781.59,20,0,2469.88,20.4,4,2469.91,19.9,0,2469.31,19.7,0
"2026-03-19 06:00:00",75,801,"Chapada_High",11.89,2289.99,20.1,0,2418.07,19.9,0,2522.26,20,0,2501.55,20.2,0,2282.48,19.6,0,2781.31,20.1,0,2469.47,20.4,0,2470.91,20,0,2469.77,19.8,0
"2026-03-19 06:15:00",76,801,"Chapada_High",11.89,2290.24,20.1,0,2418.21,20,0,2523.27,20.1,5,2501.21,20.2,0,2283.39,19.7,0,2780.77,20.2,0,2469.45,20.5,0,2470.58,20,0,2469.47,19.8,0
"2026-03-19 06:30:00",77,801,"Chapada_High",11.89,2290.39,20.1,11,2418.16,20,0,2523.47,20.1,0,2502.61,20.2,0,2283.15,19.6,0,2780.13,20.1,0,2470.07,20.5,0,2469.3,20,0,2470.14,19.8,0
"2026-03-19 06:45:00",78,801,"Chapada_High",11.89,2290.34,20,0,2418.82,19.9,0,2523.67,20,0,2502.2,20.2,0,2282.78,19.6,0,2780.3,20.1,0,2469.65,20.5,0,2470.56,20,0,2469.64,19.8,0
"2026-03-19 07:00:00",79,801,"Chapada_High",11.89,2290.2,20,0,2418.82,19.9,0,2522.83,20,0,2502.3,20.2,0,2283.92,19.5,11,2780.13,20.1,0,2469.64,20.5,0,2469.77,20,0,2469.57,19.8,0
"2026-03-19 07:15:00",80,801,"Chapada_High",11.89,2291.38,20.1,18,2419.05,20,0,2523.54,20.1,0,2502.71,20.2,0,2281.81,19.6,0,2779.77,20.2,0,2469.71,20.5,0,2470.71,20,0,2469.43,19.8,0
"2026-03-19 07:30:00",81,801,"Chapada_High",11.89,2291.17,20.2,0,2419.52,20.1,0,2523.2,20.2,0,2503.01,20.4,0,2283.73,19.8,0,2779.75,20.3,0,2469.64,20.6,0,2470.58,20.2,0,2469.54,20,0
"2026-03-19 07:45:00",82,801,"Chapada_High",11.89,2291.14,20.5,0,2419.53,20.5,0,2521.77,20.5,0,2502.4,20.8,0,2282.26,20.5,0,2779.03,20.7,0,2470,20.8,0,2470.85,20.6,0,2469.03,20.4,0
"2026-03-19 08:00:00",83,801,"Chapada_High",11.89,2291.32,21.1,0,2418.82,21.2,0,2521.58,21.1,0,2502.95,21.6,0,2281.42,21.5,0,2777.9,21.4,0,2468.29,21.4,0,2470.23,21.6,0,2468.94,21.1,0
"2026-03-19 08:15:00",84,801,"Chapada_High",11.89,2290.61,21.7,0,2417.57,21.9,0,2521.08,21.7,8,2503.36,22.2,0,2282.62,22.3,0,2776.27,22.1,0,2468.54,21.9,0,2470.14,22.3,1,2467.45,22,0
"2026-03-19 08:30:00",85,801,"Chapada_High",11.89,2288.94,22.5,0,2417.09,22.5,0,2520.65,22.1,0,2503.49,22.9,0,2280.09,23,0,2775.37,22.6,0,2467.46,22.3,0,2468.84,22.9,0,2467.06,22.5,0
"2026-03-19 08:45:00",86,801,"Chapada_High",11.89,2287.57,22.9,0,2415.61,23.7,0,2520.27,22.7,0,2500.97,23.6,0,2278.35,23.8,0,2773.72,23.3,0,2465.89,22.8,0,2467.86,23.6,10,2466.5,23,0
"2026-03-19 09:00:00",87,801,"Chapada_High",11.89,2286.39,23.4,0,2414.19,24.2,0,2518.74,23.7,0,2499.63,24.8,0,2278.38,24.7,0,2773.07,24,0,2464.63,23.3,3,2465.39,24.5,3,2465.74,23.7,0
"2026-03-19 09:15:00",88,801,"Chapada_High",11.89,2285.63,24,0,2414.85,24.7,0,2517.58,24,1,2496.06,26.2,0,2275.47,26.4,0,2770.43,24.6,0,2461.82,23.9,0,2461.26,25.5,0,2465.02,24.3,0
"2026-03-19 09:30:00",89,801,"Chapada_High",11.89,2284.66,24.7,0,2410.3,25.3,0,2516.68,24.5,0,2493.29,26.7,0,2274.6,26.8,0,2770.63,26.3,0,2460.27,24.5,1,2457.96,26.7,0,2464.25,24.8,0
"2026-03-19 09:45:00",90,801,"Chapada_High",11.9,2284,25.2,0,2409.48,26,0,2514.95,25.2,0,2493,27.2,0,2272.1,27,0,2764.93,26.3,0,2458.07,25.4,0,2454.91,27.4,0,2462.79,25.3,0
"2026-03-19 10:00:00",91,801,"Chapada_High",11.89,2281.83,25.9,0,2405.35,26.7,0,2512.23,26.2,0,2488.99,27.9,0,2271.37,27.8,0,2764.01,27,0,2454.76,26,0,2451.21,29.5,0,2461.77,26.1,0
"2026-03-19 10:15:00",92,801,"Chapada_High",11.9,2280.73,25.9,0,2404.62,26.6,0,2511.94,26.1,0,2488.07,27.8,0,2269.43,27.4,0,2762.86,26.7,0,2452.9,26.1,0,2449.09,28.5,0,2460.8,26.9,0
"2026-03-19 10:30:00",93,801,"Chapada_High",11.9,2280.52,25.7,0,2406.34,26.1,0,2511.25,25.7,0,2487.37,27,0,2268.35,26.9,0,2761.91,26.3,2,2452.43,25.8,0,2448.76,27.4,0,2461.56,26.2,1
"2026-03-19 10:45:00",94,801,"Chapada_High",11.9,2279.2,25.7,0,2404.8,25.9,0,2511.41,25.5,0,2487.27,26.6,0,2267.36,26.4,0,2760.83,25.9,0,2450.38,25.6,0,2447.44,26.7,0,2462.21,25.8,0
"2026-03-19 11:00:00",95,801,"Chapada_High",11.9,2278.92,25.7,0,2404.27,26.2,0,2511.29,25.7,0,2485.83,26.8,1,2266.35,26.6,0,2761.59,26.1,0,2450.15,25.7,0,2446.03,26.9,0,2461.49,25.9,0
"2026-03-19 11:15:00",96,801,"Chapada_High",11.9,2277.27,26.5,0,2399.73,27,0,2509.5,26.5,0,2483.64,28,0,2266.38,27.4,0,2759.23,27,0,2445.43,26.4,0,2443.85,27.9,0,2460.37,26.6,0
"2026-03-19 11:30:00",97,801,"Chapada_High",11.9,2277.57,27.9,0,2398.13,28.7,0,2506.61,28.7,0,2478.9,31.2,0,2262.98,29.2,0,2754.49,28.6,0,2441.34,27.7,0,2438.64,29.8,0,2458.63,27.9,0
"2026-03-19 11:45:00",98,801,"Chapada_High",11.9,2275.75,28.4,0,2395.47,29.3,0,2505.86,29.4,0,2474.94,33.1,0,2258.95,31.3,0,2751.4,29.2,0,2437.73,28.7,0,2436.85,30.2,0,2457.27,28.5,0
"2026-03-19 12:00:00",99,801,"Chapada_High",11.89,2274.63,28.6,0,2392.97,29.6,0,2504.26,29.8,0,2471.83,33.4,0,2258.19,31.3,0,2749.35,30.4,0,2433.59,29.4,0,2433.22,30.3,0,2456.13,29,0
"2026-03-19 12:15:00",100,801,"Chapada_High",11.9,2272.85,28.1,0,2391.31,28.7,0,2503.22,29.4,0,2471.5,32.1,0,2256.75,30.6,0,2748.95,29.3,0,2431.04,29.6,0,2429.64,29.6,0,2456.07,28.9,0
"2026-03-19 12:30:00",101,801,"Chapada_High",11.9,2269.99,27.7,0,2388.31,28.1,0,2501.18,29,0,2469.61,31,0,2256.14,29.7,0,2746.86,28.5,0,2427.48,29.5,0,2428.7,29.7,0,2455.84,28.7,0
"2026-03-19 12:45:00",102,801,"Chapada_High",11.9,2269.35,26.8,0,2388.89,26.9,0,2502.29,27.6,0,2472.49,28.6,0,2256.88,27.8,0,2749.5,27.1,0,2427.8,28,0,2428.82,28,0,2456.61,27.5,0
"2026-03-19 13:00:00",103,801,"Chapada_High",11.9,2269.53,26.1,0,2389.75,26.1,0,2502.97,26.6,0,2473.04,27.2,0,2258.07,26.2,0,2748.96,26,0,2427.82,27,0,2430.17,26.9,0,2458.48,26.3,0
"2026-03-19 13:15:00",104,801,"Chapada_High",11.9,2270.09,25.4,0,2392.33,25.4,0,2503.13,26.1,0,2472.69,26.2,0,2257.58,25.5,0,2751.47,25.3,0,2430.43,26.3,0,2430.36,26.1,0,2460.02,25.4,0
"2026-03-19 13:30:00",105,801,"Chapada_High",11.9,2270.01,25.2,0,2391.95,25.1,0,2503.15,25.7,0,2472.78,26.3,0,2258.57,25.3,0,2751.96,25.1,0,2431.48,25.9,0,2431.88,25.7,0,2460.4,25.1,0
"2026-03-19 13:45:00",106,801,"Chapada_High",11.89,2270.32,24.1,9,2391.74,23.9,0,2504.88,24.8,0,2472.43,25,0,2257.62,24.1,0,2752.34,24,0,2431.73,25,0,2433.93,24.6,0,2461.1,23.9,0
"2026-03-19 14:00:00",107,801,"Chapada_High",11.9,2270.2,23.6,0,2393.54,23.3,0,2505.76,24.3,0,2472.28,24.3,0,2258.75,23.2,0,2754.53,23.6,0,2433.44,24.4,0,2436.67,23.9,0,2460.99,23.3,0
"2026-03-19 14:15:00",108,801,"Chapada_High",11.9,2270.81,23.3,0,2393.44,23,0,2505.44,23.9,0,2472.97,23.7,0,2261.96,22.8,0,2758.37,23,0,2435.81,24,0,2439.61,23.6,0,2461.43,22.9,0
"2026-03-19 14:30:00",109,801,"Chapada_High",11.89,2271.32,23.2,0,2393.2,22.9,0,2506.82,23.6,0,2474.05,23.4,0,2261.6,22.6,0,2759.35,22.9,0,2437.55,23.8,0,2440.65,23.4,0,2461.43,23,0
"2026-03-19 14:45:00",110,801,"Chapada_High",11.9,2271.73,23.4,0,2393.18,22.9,0,2508,23.5,0,2474.21,23.4,0,2261.43,22.7,0,2760.01,23,0,2439.03,23.6,0,2442.38,23.4,3,2462.7,22.9,0
"2026-03-19 15:00:00",111,801,"Chapada_High",11.9,2272.84,23.3,0,2393.6,23.1,0,2509.69,23.5,0,2476.26,23.4,0,2260.1,22.8,0,2760.93,23,0,2440.18,23.5,0,2444.22,23.4,0,2463.11,22.9,0
"2026-03-19 15:15:00",112,801,"Chapada_High",11.9,2272.27,23.4,0,2393.94,23.1,0,2510.07,23.6,0,2477.47,23.5,0,2260.62,22.9,0,2760.22,23.1,0,2441.81,23.5,0,2445.11,23.4,0,2463.64,23,0
"2026-03-19 15:30:00",113,801,"Chapada_High",11.9,2273.05,23.4,0,2393.58,23.1,0,2511.04,23.5,0,2477.79,23.6,0,2259.48,23.3,0,2760.34,23.2,0,2442.41,23.4,0,2446.49,23.4,0,2464.25,23,0
"2026-03-19 15:45:00",114,801,"Chapada_High",11.9,2273.97,23.3,0,2393.03,23,0,2510.78,23.4,0,2478.11,23.5,0,2259.59,23.3,0,2760.91,23.5,0,2442.91,23.4,0,2446.49,23.4,0,2463.99,23,0
"2026-03-19 16:00:00",115,801,"Chapada_High",11.9,2273.77,23.4,0,2394.26,23.1,0,2511.1,23.5,0,2477.63,23.6,0,2259.29,23.4,0,2759.96,23.4,0,2442.64,23.7,0,2447.02,23.5,0,2463.68,23.2,0
"2026-03-19 16:15:00",116,801,"Chapada_High",11.9,2273.63,23.6,0,2393.57,23.4,0,2511.03,23.6,0,2477.87,23.8,0,2259.21,23.7,0,2760.32,23.6,0,2442.57,23.8,0,2447.78,23.9,0,2463.02,23.5,0
"2026-03-19 16:30:00",117,801,"Chapada_High",11.9,2273.06,23.9,0,2393.44,23.6,0,2510.94,23.8,0,2478.31,24.2,0,2259.64,24,0,2761.59,23.8,0,2441.84,23.8,0,2447.45,24,0,2462.61,24,0
"2026-03-19 16:45:00",118,801,"Chapada_High",11.9,2273.29,24.1,0,2393.14,24.1,0,2511.09,23.9,0,2478.42,24.4,0,2258.46,24.2,0,2759.7,24,0,2441.98,24,0,2447.07,24.2,0,2462.79,24.1,0
"2026-03-19 17:00:00",119,801,"Chapada_High",11.9,2273.6,24.1,0,2392.78,24.2,0,2510.08,24.3,0,2477.33,24.6,0,2259.32,24.5,0,2760.2,24.2,0,2441.5,24.1,0,2446.97,24.3,0,2462.7,24.2,0
"2026-03-19 17:15:00",120,801,"Chapada_High",11.9,2273.63,24,0,2394.78,24,0,2509.57,24.2,0,2477.61,24.8,0,2255.87,24.4,0,2760.25,24.1,0,2441.56,24.1,0,2446.85,24.3,0,2462.27,24.1,0
"2026-03-19 17:30:00",121,801,"Chapada_High",11.9,2273.47,23.9,0,2393.18,23.7,0,2509.19,24,0,2477.33,24.4,0,2254.64,24.4,0,2761.17,24,0,2441.15,24,0,2446.27,24.1,0,2463.36,23.9,0
"2026-03-19 17:45:00",122,801,"Chapada_High",11.9,2273.25,23.7,0,2393.07,23.4,0,2509.63,23.7,1,2479.09,24,0,2255.31,23.9,0,2758.99,23.8,0,2441.43,23.9,0,2447.16,23.9,0,2464.11,23.6,0
"2026-03-19 18:00:00",123,801,"Chapada_High",11.9,2274.46,23.4,0,2393.65,23.2,0,2510,23.5,0,2479.2,23.7,0,2256.19,23.5,0,2759.17,23.4,0,2441.64,23.7,0,2447.85,23.7,0,2463.98,23.3,0
"2026-03-19 18:15:00",124,801,"Chapada_High",11.9,2274.19,23.2,0,2393.96,23,0,2510.09,23.3,0,2479.87,23.4,0,2254.66,23.2,0,2758,23.2,0,2442.12,23.5,0,2447.71,23.5,0,2464.29,23.1,0
"2026-03-19 18:30:00",125,801,"Chapada_High",11.89,2274.29,23.1,0,2394.55,22.8,0,2510.31,23.1,0,2479.3,23.2,0,2257.69,23,0,2757.97,23,0,2442.74,23.3,0,2448.6,23.3,0,2464.61,22.8,0
"2026-03-19 18:45:00",126,801,"Chapada_High",11.9,2274.91,22.9,0,2394.2,22.6,0,2511.02,22.9,0,2480.09,23,0,2258.93,22.7,0,2758.18,22.8,0,2442.48,23.2,0,2449.08,23.1,0,2465.39,22.6,0
"2026-03-19 19:00:00",127,801,"Chapada_High",11.9,2274.43,22.6,0,2395.21,22.3,0,2511.19,22.7,0,2479.2,22.6,0,2258.38,22.4,0,2757.72,22.5,0,2444,23,0,2448.93,22.8,0,2465.19,22.3,0
"2026-03-19 19:15:00",128,801,"Chapada_High",11.89,2275.52,22.4,0,2395.95,22.1,4,2510.92,22.4,0,2481.06,22.4,0,2259.06,22,0,2758.14,22.2,3,2443.25,22.8,0,2449.32,22.6,0,2466.71,22,0
"2026-03-19 19:30:00",129,801,"Chapada_High",11.89,2277.51,22.2,0,2396.62,21.9,0,2511.46,22.2,0,2481.49,22.2,0,2258,21.7,0,2758.44,22,0,2443.92,22.6,0,2449.87,22.4,0,2466.33,21.8,0
"2026-03-19 19:45:00",130,801,"Chapada_High",11.9,2278.18,22,0,2397.68,21.6,0,2511.53,22,0,2483.23,21.9,0,2259.92,21.5,0,2758.38,21.8,0,2444.87,22.4,0,2449.93,22.1,0,2466.9,21.5,0
"2026-03-19 20:00:00",131,801,"Chapada_High",11.9,2278.3,21.8,0,2397.86,21.5,0,2512.02,21.8,0,2482.41,21.8,0,2258.03,21.3,0,2757.87,21.6,0,2444.78,22.3,0,2450.92,21.9,0,2467.22,21.4,0
"2026-03-19 20:15:00",132,801,"Chapada_High",11.89,2279.43,21.7,0,2398.42,21.4,0,2512.24,21.7,0,2484.08,21.7,0,2258.96,21.2,0,2758.18,21.5,0,2445.2,22.1,0,2450.95,21.8,0,2467.38,21.3,0
"2026-03-19 20:30:00",133,801,"Chapada_High",11.89,2279.22,21.6,0,2398.45,21.3,0,2512.44,21.6,0,2483.82,21.6,0,2259.18,21.1,0,2758.66,21.4,0,2445.11,22,0,2451.42,21.6,0,2467.55,21.2,0
"2026-03-19 20:45:00",134,801,"Chapada_High",11.89,2280.02,21.5,0,2398.5,21.2,0,2512.91,21.5,0,2483.11,21.5,0,2260.14,21,0,2758.58,21.3,0,2446.02,21.9,0,2451.75,21.6,0,2467.86,21.1,0
"2026-03-19 21:00:00",135,801,"Chapada_High",11.9,2279.81,21.4,2,2399.19,21.2,0,2512.93,21.4,0,2483.33,21.4,0,2259.6,21,0,2758.5,21.3,0,2445.91,21.9,0,2452.66,21.5,0,2468.62,21,0
"2026-03-19 21:15:00",136,801,"Chapada_High",11.89,2279.71,21.4,0,2399.77,21.1,0,2513.47,21.3,0,2484.36,21.4,0,2259.68,21,0,2758.73,21.2,0,2446.26,21.8,0,2451.65,21.5,0,2468.37,21,0
"2026-03-19 21:30:00",137,801,"Chapada_High",11.89,2280.06,21.4,0,2400.39,21.1,0,2513.35,21.3,0,2485.02,21.3,0,2260.8,20.9,2,2758.22,21.2,0,2447.23,21.7,0,2452.6,21.4,0,2468.3,20.9,0
"2026-03-19 21:45:00",138,801,"Chapada_High",11.89,2281.01,21.3,0,2400.08,21,0,2513.33,21.2,0,2485.53,21.2,0,2261.12,20.7,0,2757.97,21.1,0,2447.08,21.6,0,2452.5,21.3,0,2468.39,20.8,0
"2026-03-19 22:00:00",139,801,"Chapada_High",11.9,2280.35,21.1,0,2400.75,20.9,0,2514.21,21.1,0,2486.16,21.1,0,2262,20.6,0,2758.67,21,0,2447.36,21.6,0,2453.29,21.2,0,2468.46,20.8,0
"2026-03-19 22:15:00",140,801,"Chapada_High",11.89,2281.83,21,0,2401.61,20.8,0,2514.01,21,0,2485.25,21,0,2262.87,20.6,0,2758.37,20.9,0,2447.29,21.5,0,2453.18,21.1,0,2468.68,20.7,0
"2026-03-19 22:30:00",141,801,"Chapada_High",11.89,2281.66,20.9,0,2401.87,20.7,0,2514.46,20.9,0,2486.16,20.9,0,2262.64,20.6,0,2758.49,20.8,0,2448.47,21.4,0,2453.16,21,0,2467.86,20.5,0
"2026-03-19 22:45:00",142,801,"Chapada_High",11.89,2282.2,20.9,0,2402.45,20.6,0,2515.06,20.8,0,2487.57,20.9,0,2264.08,20.5,0,2758.83,20.8,0,2448.96,21.3,0,2451.54,20.9,0,2468.96,20.5,0
"2026-03-19 23:00:00",143,801,"Chapada_High",11.89,2282.9,20.8,0,2403.14,20.5,0,2514.5,20.8,0,2487.28,20.8,0,2262.29,20.2,0,2758.25,20.7,0,2448.26,21.2,0,2453.81,20.9,0,2469.13,20.4,3
"2026-03-19 23:15:00",144,801,"Chapada_High",11.89,2282.14,20.7,0,2402.98,20.4,0,2516.3,20.7,0,2486.68,20.7,0,2262.89,20.2,0,2759,20.5,0,2448.51,21.2,0,2453.62,20.7,0,2469.22,20.2,0
"2026-03-19 23:30:00",145,801,"Chapada_High",11.89,2282.85,20.6,0,2403.71,20.3,0,2516.23,20.6,0,2488.76,20.6,0,2263.12,20.1,0,2758.64,20.5,0,2450.08,21.1,0,2452.21,20.6,0,2468.55,20.2,0
"2026-03-19 23:45:00",146,801,"Chapada_High",11.89,2283.74,20.6,0,2404.44,20.3,0,2516.84,20.5,0,2487.65,20.5,0,2264.04,20,0,2758.64,20.4,0,2449.53,21,0,2454.09,20.5,0,2469.35,20.1,0
"2026-03-20 00:00:00",147,801,"Chapada_High",11.89,2283.59,20.4,0,2404.63,20.2,0,2517.63,20.4,0,2486.89,20.4,0,2263.52,19.9,0,2759.24,20.3,0,2449.44,20.9,0,2454.95,20.5,0,2469.51,20,0
"2026-03-20 00:15:00",148,801,"Chapada_High",11.89,2283.76,20.4,0,2404.82,20.1,0,2517.34,20.3,0,2487.05,20.4,0,2263.9,19.9,0,2758.97,20.3,0,2449.24,20.9,0,2452.83,20.5,0,2470.25,20,0
"2026-03-20 00:30:00",149,801,"Chapada_High",11.89,2283.95,20.4,0,2405.81,20.1,0,2515.69,20.3,0,2487.88,20.4,0,2263.4,19.9,0,2758.29,20.3,0,2449.57,20.8,0,2454.67,20.5,0,2469.71,20,0
"2026-03-20 00:45:00",150,801,"Chapada_High",11.89,2284.79,20.4,0,2406.01,20.1,0,2518.14,20.3,0,2486.37,20.3,0,2262.41,19.9,0,2758.53,20.3,0,2450.44,20.8,0,2454.87,20.4,0,2469.45,20,0
"2026-03-20 01:00:00",151,801,"Chapada_High",11.89,2284.06,20.3,0,2407.36,20.1,0,2518.36,20.3,0,2487.23,20.3,0,2262.69,19.9,0,2759.76,20.3,0,2450.95,20.8,2,2455.55,20.4,0,2469.11,19.9,0
"2026-03-20 01:15:00",152,801,"Chapada_High",11.89,2284.66,20.3,0,2407.83,20.1,0,2517.85,20.2,0,2488.07,20.3,3,2263.42,19.9,0,2758.96,20.2,0,2450.26,20.7,0,2453.55,20.3,0,2469.94,19.9,0
"2026-03-20 01:30:00",153,801,"Chapada_High",11.89,2285.12,20.2,0,2408.16,20,0,2517.94,20.2,0,2488.81,20.2,2,2264.4,19.9,0,2759.36,20.2,0,2451.51,20.7,0,2455.28,20.3,0,2470.01,19.8,0
"2026-03-20 01:45:00",154,801,"Chapada_High",11.89,2285.84,20.2,0,2407.77,20,2,2518.21,20.1,0,2488.73,20.2,0,2264.15,19.8,0,2759.07,20.1,0,2451.06,20.6,0,2455.31,20.2,0,2469.68,19.8,0
"2026-03-20 02:00:00",155,801,"Chapada_High",11.89,2286.1,20.1,0,2407.75,19.9,0,2518.6,20,1,2487.57,20.1,0,2264.86,19.7,0,2759.68,20,0,2450.75,20.6,0,2454.21,20.2,0,2470.55,19.7,0
"2026-03-20 02:15:00",156,801,"Chapada_High",11.89,2285.9,19.9,0,2408.69,19.7,0,2519.09,19.9,0,2489.06,20,0,2264.2,19.5,0,2759.6,19.9,0,2451.87,20.5,0,2454.2,20.1,0,2470.03,19.5,0
"2026-03-20 02:30:00",157,801,"Chapada_High",11.89,2286.81,19.8,0,2408.68,19.7,0,2519.16,19.8,0,2490.03,19.9,0,2264.66,19.4,0,2759.65,19.8,0,2452.08,20.4,0,2454.14,20,0,2470.29,19.5,0
"2026-03-20 02:45:00",158,801,"Chapada_High",11.89,2286.3,19.8,0,2410,19.6,0,2519.03,19.8,0,2490.37,19.8,0,2264.64,19.2,0,2759.79,19.8,2,2451.48,20.3,0,2456.52,20,0,2469.98,19.4,0
"2026-03-20 03:00:00",159,801,"Chapada_High",11.89,2286.37,19.7,0,2411.29,19.5,0,2519.63,19.7,0,2488.93,19.7,0,2265.47,19.1,0,2760,19.6,0,2452.22,20.3,0,2456.28,19.9,0,2471.12,19.3,0
"2026-03-20 03:15:00",160,801,"Chapada_High",11.89,2287.04,19.7,0,2411.49,19.5,0,2519.44,19.7,0,2491.48,19.7,0,2266.5,19.1,0,2761.01,19.6,0,2451.63,20.2,0,2454.81,19.8,0,2470.61,19.3,0
"2026-03-20 03:30:00",161,801,"Chapada_High",11.89,2287.43,19.6,0,2411.52,19.4,0,2519.65,19.6,0,2491.24,19.6,0,2265.87,19,0,2760.8,19.6,0,2452.2,20.1,0,2456.24,19.7,0,2470.44,19.2,0
"2026-03-20 03:45:00",162,801,"Chapada_High",11.89,2287.01,19.6,0,2411.62,19.4,0,2519.75,19.6,5,2491.06,19.6,0,2266.62,19,0,2760.69,19.6,0,2452.83,20.1,0,2456.29,19.7,0,2470.06,19.2,0
"2026-03-20 04:00:00",163,801,"Chapada_High",11.89,2287.66,19.6,0,2414.42,19.5,0,2519.99,19.6,0,2490.93,19.7,0,2266.17,19.2,0,2760.54,19.7,0,2452.93,20.1,0,2456.81,19.7,0,2470.63,19.3,0
"2026-03-20 04:15:00",164,801,"Chapada_High",11.89,2288.16,19.8,0,2414.3,19.6,0,2519.62,19.7,0,2490.86,19.8,0,2267.06,19.4,0,2760.44,19.8,0,2452.46,20.2,0,2456.89,19.9,0,2470.98,19.4,0
"2026-03-20 04:30:00",165,801,"Chapada_High",11.89,2287.72,19.8,0,2414.08,19.6,0,2520.29,19.7,3,2491.59,19.8,0,2266.58,19.3,0,2760.45,19.8,0,2453.23,20.2,0,2454.79,19.9,0,2470.26,19.4,0
"2026-03-20 04:45:00",166,801,"Chapada_High",11.89,2287.72,19.7,0,2415.74,19.6,0,2519.91,19.7,0,2489.38,19.8,0,2266.65,19.2,0,2761.43,19.8,0,2453.16,20.2,0,2455.5,19.9,0,2470.45,19.4,0
"2026-03-20 05:00:00",167,801,"Chapada_High",11.89,2288.32,19.6,0,2415.75,19.5,0,2520.06,19.6,0,2490.41,19.7,0,2267.51,19.2,0,2760.71,19.7,0,2452.9,20.1,0,2457.56,19.8,0,2470.82,19.3,0
"2026-03-20 05:15:00",168,801,"Chapada_High",11.89,2288.4,19.6,0,2415.71,19.5,0,2520.69,19.6,0,2489.27,19.6,0,2266.45,19.1,0,2760.17,19.6,0,2453.32,20,0,2455.34,19.7,6,2470.83,19.2,0
"2026-03-20 05:30:00",169,801,"Chapada_High",11.89,2287.74,19.5,0,2416.45,19.4,0,2520.89,19.5,0,2489.02,19.5,0,2267.63,19,0,2759.9,19.5,0,2452.98,20,0,2455.81,19.6,0,2470.84,19.2,0
"2026-03-20 05:45:00",170,801,"Chapada_High",11.89,2288.94,19.4,0,2417.2,19.3,0,2520.72,19.4,0,2490.44,19.5,0,2267.73,18.9,0,2760.32,19.5,0,2454.07,19.9,0,2455.06,19.6,0,2471.32,19.1,0
"2026-03-20 06:00:00",171,801,"Chapada_High",11.89,2289.04,19.4,0,2416.65,19.3,2,2520.45,19.4,0,2490.34,19.5,0,2268.66,18.9,0,2759.66,19.4,0,2451.82,19.9,0,2455.65,19.6,0,2470.35,19.1,0
"2026-03-20 06:15:00",172,801,"Chapada_High",11.89,2288.73,19.4,0,2416.64,19.3,0,2520.63,19.4,0,2492.26,19.5,0,2268.5,19,0,2759.56,19.5,0,2452.86,19.9,0,2455.98,19.6,0,2471.57,19.1,0
"2026-03-20 06:30:00",173,801,"Chapada_High",11.89,2288.87,19.5,0,2416.99,19.4,0,2521.3,19.5,0,2489.74,19.6,0,2268.02,19,0,2759.41,19.6,0,2453.45,19.9,0,2455.92,19.7,0,2470.8,19.2,0
"2026-03-20 06:45:00",174,801,"Chapada_High",11.89,2288.5,19.6,0,2417.81,19.5,0,2520.49,19.6,0,2491.61,19.7,0,2268.27,19.3,0,2758.92,19.8,0,2449.85,20,0,2456.32,19.8,0,2470.96,19.3,0
"2026-03-20 07:00:00",175,801,"Chapada_High",11.89,2288.63,19.8,0,2417.96,19.7,0,2520.86,19.7,0,2490.71,19.9,0,2268.09,19.5,0,2758.54,20,0,2453.75,20.1,0,2455.6,19.9,0,2470.1,19.5,0
"2026-03-20 07:15:00",176,801,"Chapada_High",11.89,2289.71,19.9,0,2417.86,19.8,0,2520.39,19.9,0,2489.81,20,1,2268.43,19.7,0,2757.78,20.1,0,2452.97,20.2,0,2457.66,20,0,2469.64,19.7,0
"2026-03-20 07:30:00",177,801,"Chapada_High",11.89,2289.59,20.4,12,2417.94,20.3,0,2520.77,20.2,0,2490.59,20.5,0,2268.18,20.4,2,2757.91,20.6,0,2453.26,20.5,4,2457.39,20.5,0,2469.19,20.1,0
"2026-03-20 07:45:00",178,801,"Chapada_High",11.89,2288.75,21,0,2417.32,21.3,0,2518.85,20.8,0,2489.78,21.2,0,2268.47,21.2,0,2757.72,21.2,0,2453.78,20.9,0,2456.95,21.2,0,2469.02,20.7,0
"2026-03-20 08:00:00",179,801,"Chapada_High",11.89,2288.69,21.6,0,2416.51,22,0,2517.32,21.7,0,2490.56,22,0,2269.21,22.3,0,2755.74,22,0,2451.66,21.5,0,2456.05,22,0,2468.22,21.5,0
"2026-03-20 08:15:00",180,801,"Chapada_High",11.89,2287.89,22.2,0,2415.87,22.6,0,2517.27,22,0,2488.44,23.1,0,2265.67,23.2,0,2754.4,22.6,0,2451.61,22,0,2454.72,22.6,0,2467.14,22.2,0
"2026-03-20 08:30:00",181,801,"Chapada_High",11.89,2285.8,22.7,0,2414.89,23.2,0,2516.74,22.5,0,2488.35,23.6,0,2266.49,24.5,0,2755.23,23.4,0,2450.02,22.4,0,2453.1,23.3,0,2466.34,22.8,0
"2026-03-20 08:45:00",182,801,"Chapada_High",11.9,2284.87,23,0,2412.95,23.5,4,2515.37,22.8,0,2486.54,24,0,2264.92,24.5,0,2752.74,24,0,2448.38,22.9,0,2451.46,23.7,0,2466.15,23.1,0
"2026-03-20 09:00:00",183,801,"Chapada_High",11.9,2283.76,22.9,0,2413.2,23.4,0,2514.97,22.9,0,2486.81,23.9,0,2263.62,24,0,2751.94,23.6,0,2447.07,23.2,0,2450.25,23.9,0,2465.97,23,0
"2026-03-20 09:15:00",184,801,"Chapada_High",11.9,2283.36,23,0,2412.03,23.4,0,2514.19,23,0,2486,23.9,0,2263.1,24,0,2750.08,23.6,0,2446.39,23.2,0,2449.56,23.9,0,2465.27,23.5,0
"2026-03-20 09:30:00",185,801,"Chapada_High",11.9,2282.36,24.4,0,2412.45,24.3,0,2513.43,23.7,0,2484,25,0,2263.14,24.9,0,2747.8,24.4,0,2444.72,23.8,0,2447.23,24.8,0,2464.7,24.1,0
"2026-03-20 09:45:00",186,801,"Chapada_High",11.9,2281.92,24.7,0,2410.82,25.5,0,2512.07,24.5,0,2484.47,25.9,0,2262.17,25.7,0,2747.91,25.1,0,2442.34,24.3,0,2441.94,25.7,0,2464.19,24.7,0
"2026-03-20 10:00:00",187,801,"Chapada_High",11.9,2280.25,25,0,2406.1,25.8,0,2510.81,25.5,0,2480.17,26.7,0,2260.65,26.2,0,2743.7,25.7,0,2439.28,24.8,0,2440.51,26.3,0,2462.7,25.2,0
"2026-03-20 10:15:00",188,801,"Chapada_High",11.9,2279.95,24.8,0,2408.48,25.5,0,2509.75,25.2,0,2478.97,26.6,3,2259.22,26.9,0,2744.51,25.4,0,2438.32,24.8,0,2439.11,26.1,0,2462.54,25.1,0
"2026-03-20 10:30:00",189,801,"Chapada_High",11.9,2278.66,24.9,6,2406.67,25.5,0,2509.08,25.2,0,2477.2,26.5,0,2258.44,26.4,0,2743.75,26.1,0,2436.77,25,0,2437.3,26.1,0,2462.15,25.2,0
"2026-03-20 10:45:00",190,801,"Chapada_High",11.9,2277.93,24.9,0,2406.65,25.4,0,2508.82,25.2,0,2477.62,26.3,0,2258,26,0,2740.5,25.7,0,2435.66,25.3,0,2436.61,26,0,2462.72,25,0
"2026-03-20 11:00:00",191,801,"Chapada_High",11.9,2278.11,24.6,0,2405.99,25,0,2508.66,24.9,0,2475.87,25.9,0,2258.26,25.5,6,2741.91,25.3,0,2434.1,25.1,0,2436.54,26,0,2462.56,25,3
"2026-03-20 11:15:00",192,801,"Chapada_High",11.9,2277.35,25.2,0,2404.86,25.4,0,2507.38,25.3,0,2475.74,26.5,0,2257.39,26.1,0,2739.94,25.6,0,2432.44,25.3,0,2434.64,26.2,0,2461.77,25.6,0
"2026-03-20 11:30:00",193,801,"Chapada_High",11.9,2276.2,26.1,0,2399.51,26.8,0,2507.07,26.2,0,2473.42,28,0,2257,27.1,0,2738.14,26.4,0,2431.19,25.9,0,2431.98,27.2,0,2460.15,26.1,0
"2026-03-20 11:45:00",194,801,"Chapada_High",11.89,2274.7,26.6,0,2397.98,27.6,0,2505.03,27.5,0,2470.49,29.3,0,2254.19,28,0,2736.64,27.1,0,2424.61,26.8,0,2429.1,27.9,0,2459.02,26.8,0
"2026-03-20 12:00:00",195,801,"Chapada_High",11.9,2273.08,27.3,0,2396.88,28.5,0,2502.5,28.3,0,2466.02,31.4,0,2250.2,29.5,0,2732.64,28.1,0,2421.75,28.1,0,2425.05,28.8,0,2457.48,27.9,0
"2026-03-20 12:15:00",196,801,"Chapada_High",11.89,2271.91,27.1,0,2395.62,27.9,0,2501.67,28.3,0,2464.92,31.1,0,2248.84,30.1,0,2735.39,28,0,2418.37,28.4,0,2422.9,28.5,0,2457.47,28,0
"2026-03-20 12:30:00",197,801,"Chapada_High",11.9,2270.81,27.6,0,2393.34,28.4,0,2501.4,29,0,2460.64,32,0,2246.63,30.9,0,2728.68,29,0,2414.65,30.2,0,2419.57,28.9,0,2454.3,29.2,0
"2026-03-20 12:45:00",198,801,"Chapada_High",11.89,2269.7,27.7,0,2392.03,28.4,0,2499.4,29.1,0,2460.21,31.5,0,2246.25,30.5,0,2729.22,28.4,0,2410.34,30.6,0,2417.47,29.4,0,2454.28,29,0
"2026-03-20 13:00:00",199,801,"Chapada_High",11.89,2268.35,27.6,0,2388.03,28.2,0,2498.88,29,0,2458.61,31,0,2245.42,29.8,0,2726.95,28,0,2408.5,30.6,0,2414.39,29.5,0,2453.94,29.5,0
"2026-03-20 13:15:00",200,801,"Chapada_High",11.89,2268.82,28.5,0,2388.55,28.1,0,2497.68,29.2,0,2457.27,30.5,0,2244.31,29.5,0,2725.61,28.1,0,2406.6,30.1,0,2411.81,29.4,0,2453.54,29.5,0
"2026-03-20 13:30:00",201,801,"Chapada_High",11.9,2265.56,28,0,2386.35,28.7,0,2496.78,29.2,0,2454.68,30.2,0,2243.38,29.2,0,2726.63,27.9,1,2404.35,29.5,0,2409.24,29.3,0,2452.13,29.3,0
"2026-03-20 13:45:00",202,801,"Chapada_High",11.89,2264.94,27.9,0,2385.33,28.5,0,2495.28,30,0,2453.12,30.8,0,2242.35,29.3,0,2723.57,28,0,2402.77,29.2,0,2406.95,29.4,0,2452.02,29.7,0
"2026-03-20 14:00:00",203,801,"Chapada_High",11.9,2262.93,27.9,0,2382.51,28.4,0,2493.59,29.9,0,2451.61,31,0,2240.33,30.3,0,2722.68,28.2,0,2401.03,29,0,2404.48,29.1,0,2451.12,29.5,0
"2026-03-20 14:15:00",204,801,"Chapada_High",11.9,2262.67,26.8,0,2382.85,27,0,2492.37,28.5,0,2450.2,29.5,0,2240.9,28.4,0,2722.99,27.8,0,2400.28,28.1,0,2404.12,27.9,1,2453.01,28.3,0
"2026-03-20 14:30:00",205,801,"Chapada_High",11.9,2263.18,26.1,0,2381.92,26,0,2493,27.5,0,2451.72,28.4,0,2242.11,27.1,0,2722.79,26.7,0,2400.36,27.8,0,2404.57,27.1,0,2454.04,27.2,0
"2026-03-20 14:45:00",206,801,"Chapada_High",11.9,2262.18,26.3,0,2380.43,26.6,0,2491.57,27.7,0,2449.45,28.7,0,2242.7,27.6,0,2720.75,26.6,0,2399.22,27.8,0,2403.65,27.6,0,2453.47,27.9,0
"2026-03-20 15:00:00",207,801,"Chapada_High",11.9,2262.64,27,0,2379.06,26.9,0,2491.5,27.9,0,2449.34,28.9,0,2241.12,28.1,0,2722.05,26.8,0,2397.71,27.9,0,2403.16,27.6,0,2452.71,28.4,0
"2026-03-20 15:15:00",208,801,"Chapada_High",11.9,2259.84,27.6,0,2376.16,28,0,2489.9,28.2,0,2444.67,29.6,0,2239.97,28.7,0,2718.69,27.3,0,2395.83,28.2,0,2401.2,27.8,0,2451.43,29,0
"2026-03-20 15:30:00",209,801,"Chapada_High",11.9,2259.11,27.6,0,2374.58,28,0,2489.19,28.9,0,2441.31,29.8,0,2237.97,29,0,2717.31,27.6,0,2394.34,28.5,0,2399.3,28,0,2450.32,29.1,0
"2026-03-20 15:45:00",210,801,"Chapada_High",11.89,2258.52,26.8,0,2374.03,26.7,0,2488.3,28.1,0,2441,28.9,0,2238.13,27.5,0,2716.74,26.8,0,2393.25,27.8,0,2399.12,27.1,0,2451.94,27.6,0
"2026-03-20 16:00:00",211,801,"Chapada_High",11.89,2259.01,25.6,0,2378.37,25.3,0,2488.92,26.7,0,2441.7,26.9,0,2240.49,25.9,0,2718.51,25.5,0,2393.98,26.6,0,2402.95,25.8,0,2454.69,25.7,0
"2026-03-20 16:15:00",212,801,"Chapada_High",11.89,2259.25,24.8,0,2376.82,24.5,0,2489.89,25.7,0,2443.56,25.6,0,2239.59,24.4,0,2720.54,24.7,0,2397.69,25.8,0,2403.96,24.9,0,2456.21,24.6,0
"2026-03-20 16:30:00",213,801,"Chapada_High",11.9,2259.4,24.4,0,2376.9,24,0,2490.45,25.1,0,2443.81,25,0,2239.47,23.9,0,2719.44,24.1,0,2398.83,25.3,0,2405.92,24.6,0,2457.85,24.1,0
"2026-03-20 16:45:00",214,801,"Chapada_High",11.89,2260.43,24,0,2377.22,23.6,0,2491.01,24.6,0,2444.09,24.4,0,2239.95,23.4,0,2720.1,23.6,0,2399.3,24.7,0,2406.6,24.2,0,2458.04,23.8,0
"2026-03-20 17:00:00",215,801,"Chapada_High",11.89,2260.52,23.9,0,2378,23.3,0,2492.31,24.2,0,2445.29,24,0,2240.46,23.1,0,2721.71,23.2,0,2400.06,24.3,0,2407.83,23.8,0,2458.91,23.4,0
"2026-03-20 17:15:00",216,801,"Chapada_High",11.9,2260.94,23.6,0,2378.63,23.2,2,2493.18,23.9,0,2444.61,23.7,0,2240.99,22.8,0,2722.13,23,0,2400.22,23.9,0,2408.98,23.5,0,2459.68,23,0
"2026-03-20 17:30:00",217,801,"Chapada_High",11.89,2261.27,23.4,0,2379.68,22.9,0,2493.41,23.7,0,2446,23.4,0,2242.09,22.6,0,2722.52,22.9,3,2401.85,23.6,0,2410.36,23.3,0,2460.61,22.8,0
"2026-03-20 17:45:00",218,801,"Chapada_High",11.89,2261.44,23.2,0,2379.19,22.7,0,2494.48,23.4,0,2447.3,23.2,0,2242.01,22.6,0,2722.79,22.7,0,2402.78,23.4,0,2410.85,23.2,0,2460.74,22.6,0
"2026-03-20 18:00:00",219,801,"Chapada_High",11.9,2262.61,23,0,2379.93,22.5,0,2494.38,23.2,0,2447.88,23,0,2242.65,22.3,0,2723.57,22.7,0,2403.73,23.2,0,2412.1,23.1,0,2461.64,22.4,0
"2026-03-20 18:15:00",220,801,"Chapada_High",11.9,2262.48,22.8,6,2379.61,22.4,0,2495.73,23,0,2448.96,22.8,0,2242.62,22.1,0,2723.5,22.4,0,2404.36,23.2,1,2412.6,22.8,0,2462.52,22.2,0
"2026-03-20 18:30:00",221,801,"Chapada_High",11.89,2262.87,22.6,0,2380.26,22.2,0,2495.52,22.8,0,2450.45,22.6,0,2243.5,21.9,0,2724.25,22.2,0,2405.56,23,0,2414.21,22.6,0,2462.19,22.1,0
"2026-03-20 18:45:00",222,801,"Chapada_High",11.89,2265.58,22.4,0,2380.23,22,0,2496.33,22.5,0,2451.26,22.3,0,2241.75,21.7,0,2724.7,22,0,2405.96,22.8,0,2415.33,22.4,0,2462.19,21.9,0
"2026-03-20 19:00:00",223,801,"Chapada_High",11.89,2266.24,22.3,0,2380.95,21.8,0,2496.94,22.3,0,2452.04,22.1,0,2242.32,21.4,0,2724.68,21.8,0,2406.22,22.6,0,2415.44,22.2,2,2462.95,21.7,0
"2026-03-20 19:15:00",224,801,"Chapada_High",11.89,2266.2,22.1,0,2379.58,21.6,0,2497.83,22.2,0,2452.74,21.9,0,2242.27,21.2,0,2724.79,21.7,0,2407.2,22.4,0,2416.64,22,0,2463.67,21.6,0
"2026-03-20 19:30:00",225,801,"Chapada_High",11.89,2267.25,22,0,2381.58,21.5,0,2498.06,22,0,2454.19,21.8,0,2242.89,21.1,0,2724.67,21.6,0,2407.95,22.3,0,2418.3,21.9,0,2463.54,21.4,1
"2026-03-20 19:45:00",226,801,"Chapada_High",11.89,2267.24,21.8,0,2380.45,21.3,0,2499,21.9,0,2456.48,21.6,0,2243.2,20.9,0,2726.77,21.4,0,2407.93,22.1,0,2418.25,21.8,0,2464.57,21.3,0
"2026-03-20 20:00:00",227,801,"Chapada_High",11.89,2269.17,21.7,0,2381.64,21.2,0,2499.11,21.7,0,2458.04,21.5,0,2243.13,20.8,0,2726.15,21.3,0,2409.59,22,0,2419.25,21.7,0,2465.13,21.2,0
"2026-03-20 20:15:00",228,801,"Chapada_High",11.89,2268.66,21.6,0,2381.46,21.1,0,2499.86,21.6,8,2459,21.4,0,2243.33,20.7,0,2726.17,21.2,2,2410,21.9,0,2417.9,21.5,4,2465.18,21.1,0
"2026-03-20 20:30:00",229,801,"Chapada_High",11.89,2269.66,21.5,0,2379.53,21,0,2500.4,21.5,0,2460.35,21.3,0,2243.9,20.5,0,2726.33,21.1,8,2410.94,21.8,0,2420.36,21.4,0,2465.49,20.9,0
"2026-03-20 20:45:00",230,801,"Chapada_High",11.89,2268.67,21.3,0,2379.95,20.9,0,2500.52,21.3,0,2460.95,21.2,0,2244.68,20.4,0,2726.92,21,0,2410.75,21.7,0,2418.78,21.3,0,2465.08,20.8,0
"2026-03-20 21:00:00",231,801,"Chapada_High",11.89,2269.9,21.3,0,2382.45,20.8,0,2500.73,21.3,0,2460.35,21.1,0,2244.98,20.4,0,2726.72,21,0,2411.6,21.6,1,2419.15,21.2,0,2465.95,20.8,0
"2026-03-20 21:15:00",232,801,"Chapada_High",11.89,2270,21.2,0,2376.51,20.8,0,2501.79,21.2,0,2462.13,21,0,2245.29,20.3,0,2726.67,20.9,0,2412.47,21.5,0,2420.07,21.1,0,2466.25,20.7,0
"2026-03-20 21:30:00",233,801,"Chapada_High",11.89,2270.68,21.1,0,2377.62,20.7,0,2502.15,21.1,0,2461.8,21,0,2245.5,20.2,0,2727.63,20.8,0,2411.96,21.5,0,2423.26,21,0,2465.56,20.6,0
"2026-03-20 21:45:00",234,801,"Chapada_High",11.89,2271.62,21.1,0,2384.37,20.6,0,2502.9,21,0,2463.06,20.9,0,2246.27,20.2,0,2727.13,20.8,0,2412.88,21.4,0,2423.66,21,0,2466.23,20.5,0
"2026-03-20 22:00:00",235,801,"Chapada_High",11.89,2271.78,21,0,2370.06,20.6,0,2502.49,20.9,0,2465.66,20.8,5,2246.61,20.1,0,2727.43,20.7,0,2413.66,21.3,0,2422.06,20.9,0,2466.47,20.5,4
"2026-03-20 22:15:00",236,801,"Chapada_High",11.89,2272.22,20.9,0,2371.75,20.5,0,2503.67,20.9,0,2465.98,20.8,0,2247.13,20,2,2727.65,20.7,0,2413.39,21.3,0,2424.46,20.8,0,2466.85,20.4,0
"2026-03-20 22:30:00",237,801,"Chapada_High",11.89,2272.72,20.8,0,2374.3,20.5,0,2505.06,20.8,0,2466.47,20.7,0,2246.41,20,0,2727.9,20.6,0,2414.73,21.2,0,2425.49,20.7,0,2466.63,20.4,0
"2026-03-20 22:45:00",238,801,"Chapada_High",11.89,2272.72,20.8,0,2374.82,20.4,0,2505.61,20.8,0,2468.82,20.7,0,2247.29,20,0,2728.07,20.6,0,2415.27,21.1,0,2425.91,20.7,0,2467.01,20.3,0
"2026-03-20 23:00:00",239,801,"Chapada_High",11.89,2272.88,20.7,0,2374.68,20.4,0,2506.4,20.7,0,2469.6,20.7,0,2247.4,20,0,2728.44,20.6,0,2415.31,21.1,0,2426.71,20.7,0,2467.04,20.3,0
"2026-03-20 23:15:00",240,801,"Chapada_High",11.89,2273.32,20.7,0,2378.99,20.3,0,2504.19,20.7,0,2471.38,20.6,0,2248.17,19.9,0,2728.22,20.5,0,2414.92,21,0,2426.37,20.6,0,2467.26,20.2,0
"2026-03-20 23:30:00",241,801,"Chapada_High",11.89,2274.61,20.6,0,2379.92,20.3,0,2506.87,20.6,0,2472.68,20.5,0,2248.48,19.8,0,2728.87,20.4,0,2416.11,21,0,2427.25,20.6,0,2467.37,20.2,0
"2026-03-20 23:45:00",242,801,"Chapada_High",11.89,2274.99,20.5,0,2385.35,20.3,0,2507.05,20.5,0,2472.33,20.5,0,2248.99,19.8,0,2728.93,20.4,0,2416.27,20.9,0,2428.24,20.5,0,2467.6,20.1,0
"2026-03-21 00:00:00",243,801,"Chapada_High",11.89,2274.85,20.5,0,2382.02,20.2,0,2507.55,20.5,0,2472.64,20.4,0,2248.6,19.8,0,2728.82,20.3,0,2416.47,20.9,1,2426.15,20.4,0,2467.68,20,0
"2026-03-21 00:15:00",244,801,"Chapada_High",11.89,2275.06,20.4,0,2382.45,20.1,0,2505.89,20.4,0,2473.63,20.3,0,2248.98,19.7,0,2728.66,20.3,0,2415.94,20.8,0,2425.99,20.3,0,2467.8,20,0
"2026-03-21 00:30:00",245,801,"Chapada_High",11.89,2274.66,20.3,0,2383.5,20.1,0,2508.25,20.3,0,2474.72,20.3,0,2250.13,19.6,0,2729.48,20.2,0,2416.65,20.8,0,2426.29,20.3,0,2467.23,19.9,0
"2026-03-21 00:45:00",246,801,"Chapada_High",11.89,2275.11,20.3,0,2385.51,20,0,2505.92,20.3,0,2474.82,20.3,0,2249.76,19.6,0,2729.7,20.2,0,2417.15,20.7,0,2426.2,20.2,0,2468.3,19.9,0
"2026-03-21 01:00:00",247,801,"Chapada_High",11.89,2275.24,20.3,0,2377.06,20,0,2508.72,20.3,0,2476.01,20.3,0,2249.88,19.6,0,2729.15,20.2,0,2417.24,20.7,0,2428.9,20.3,0,2467.82,19.9,0
"2026-03-21 01:15:00",248,801,"Chapada_High",11.89,2275.85,20.3,0,2384.87,20,0,2508.4,20.3,0,2477.13,20.3,0,2249.71,19.7,0,2729.45,20.2,0,2418.1,20.7,0,2427.44,20.3,0,2467.99,19.9,0
"2026-03-21 01:30:00",249,801,"Chapada_High",11.89,2276.48,20.4,0,2384.05,20.1,5,2508.4,20.3,0,2477.58,20.3,0,2251,19.8,0,2728.88,20.3,0,2417.95,20.7,0,2429.92,20.4,0,2468.14,19.9,0
"2026-03-21 01:45:00",250,801,"Chapada_High",11.89,2276.25,20.4,0,2385.5,20.2,4,2507.26,20.4,0,2478.42,20.4,0,2250.81,20,0,2729.16,20.4,0,2419.03,20.7,0,2427.66,20.4,0,2468.42,20,0
"2026-03-21 02:00:00",251,801,"Chapada_High",11.89,2276.08,20.5,0,2386.5,20.2,0,2508.91,20.4,0,2477.36,20.5,2,2251.76,20.1,0,2729.53,20.5,0,2418.93,20.7,0,2431.46,20.4,0,2467.95,20.1,0
"2026-03-21 02:15:00",252,801,"Chapada_High",11.89,2277.04,20.5,0,2383.28,20.3,0,2509.54,20.5,0,2478.22,20.5,0,2252.14,20,0,2729.67,20.5,0,2418.48,20.8,0,2428.37,20.5,0,2467.8,20.1,0
"2026-03-21 02:30:00",253,801,"Chapada_High",11.89,2277,20.5,0,2383.37,20.2,0,2507.84,20.4,0,2479.71,20.5,0,2251.97,19.9,0,2729.36,20.4,0,2418.76,20.7,0,2431,20.4,0,2468.42,20.1,0
"2026-03-21 02:45:00",254,801,"Chapada_High",11.9,2276.55,20.4,0,2383.84,20.2,0,2507.78,20.4,0,2478.6,20.4,0,2251.83,19.9,0,2729.58,20.4,0,2419.68,20.7,1,2431.1,20.4,0,2468.27,20.1,0
"2026-03-21 03:00:00",255,801,"Chapada_High",11.89,2277.09,20.5,0,2380.45,20.2,0,2509.75,20.4,0,2479.86,20.5,1,2251.65,20,0,2730.1,20.4,0,2419.9,20.7,0,2431.51,20.4,2,2467.76,20.1,0
"2026-03-21 03:15:00",256,801,"Chapada_High",11.89,2277.84,20.5,0,2387.21,20.3,0,2509.7,20.4,0,2479.28,20.5,0,2252.43,20,0,2730.67,20.5,0,2419.73,20.8,0,2428.91,20.4,0,2468.33,20.1,0
"2026-03-21 03:30:00",257,801,"Chapada_High",11.89,2277.73,20.4,0,2383.34,20.2,5,2510.56,20.4,0,2481.74,20.4,0,2252.4,19.9,0,2729.32,20.5,0,2419.9,20.7,0,2431.98,20.4,0,2468.41,20.1,0
"2026-03-21 03:45:00",258,801,"Chapada_High",11.89,2278.09,20.5,0,2386.93,20.2,0,2510.43,20.4,0,2482.37,20.4,0,2251.73,20,0,2730.09,20.5,0,2419.78,20.7,0,2429.21,20.4,0,2467.95,20.1,0
"2026-03-21 04:00:00",259,801,"Chapada_High",11.9,2278.52,20.4,0,2388.02,20.2,0,2510.55,20.4,0,2486.11,20.4,0,2252.53,20,0,2730.14,20.4,0,2420.89,20.7,0,2429.69,20.4,0,2468.62,20.1,0
"2026-03-21 04:15:00",260,801,"Chapada_High",11.89,2278.39,20.4,0,2391.54,20.2,1,2510.71,20.4,0,2488.51,20.4,0,2252.68,20,0,2729.92,20.5,0,2420.42,20.7,0,2430.34,20.5,0,2468.1,20.1,0
"2026-03-21 04:30:00",261,801,"Chapada_High",11.89,2278.44,20.4,0,2388.88,20.2,0,2511.17,20.4,0,2489.47,20.4,0,2253.25,20,0,2730.48,20.5,0,2420.01,20.7,0,2432.62,20.5,0,2468.57,20.1,0
"2026-03-21 04:45:00",262,801,"Chapada_High",11.9,2279.02,20.4,0,2389.65,20.2,0,2510.55,20.4,0,2487.07,20.4,0,2253.17,20.1,0,2730.98,20.4,0,2420.9,20.7,0,2429.98,20.5,0,2468.28,20.1,0
"2026-03-21 05:00:00",263,801,"Chapada_High",11.89,2278.83,20.4,0,2389.58,20.2,0,2509.52,20.4,2,2488.99,20.4,0,2254.44,20,0,2730.83,20.5,0,2420.78,20.7,0,2430.13,20.4,0,2468.76,20.1,0
"2026-03-21 05:15:00",264,801,"Chapada_High",11.89,2278.96,20.4,0,2390.25,20.2,7,2511.48,20.4,0,2488.86,20.4,0,2254.2,20.1,0,2730.15,20.5,2,2421.35,20.7,0,2430.96,20.5,0,2468.33,20.1,0
"2026-03-21 05:30:00",265,801,"Chapada_High",11.89,2279.48,20.4,0,2389.13,20.3,0,2509.76,20.4,0,2491.02,20.4,0,2254.5,20.1,0,2730.7,20.5,0,2421.49,20.7,0,2430.05,20.5,0,2468.22,20.1,0
"2026-03-21 05:45:00",266,801,"Chapada_High",11.89,2279.18,20.4,0,2392.51,20.2,0,2511.51,20.4,0,2492.64,20.4,6,2253.72,20.1,0,2730.17,20.5,0,2421.63,20.7,0,2430.65,20.4,0,2468.6,20.1,0
"2026-03-21 06:00:00",267,801,"Chapada_High",11.89,2280.09,20.4,0,2390.7,20.2,0,2511.62,20.4,0,2493.99,20.4,0,2255.44,20,0,2730.22,20.5,0,2421.63,20.7,4,2433.11,20.4,0,2468.04,20.1,0
"2026-03-21 06:15:00",268,801,"Chapada_High",11.89,2280.42,20.4,0,2393.21,20.2,0,2511.59,20.4,0,2493.22,20.4,0,2255.93,20,0,2730.3,20.5,0,2421.5,20.7,0,2430.65,20.4,0,2468.63,20.1,0
"2026-03-21 06:30:00",269,801,"Chapada_High",11.89,2280.26,20.3,0,2392.88,20.2,0,2512.32,20.4,0,2494.19,20.3,0,2254.58,19.9,0,2729.98,20.4,0,2421.72,20.7,0,2433.6,20.4,0,2468.18,20,0
"2026-03-21 06:45:00",270,801,"Chapada_High",11.89,2280.26,20.3,0,2392.76,20.1,0,2511.83,20.3,0,2494.87,20.3,0,2255.65,19.9,0,2729.74,20.4,0,2421.94,20.6,0,2431.23,20.3,0,2468.77,20,0
"2026-03-21 07:00:00",271,801,"Chapada_High",11.9,2280.98,20.3,0,2391.92,20.1,0,2512.29,20.3,0,2494.33,20.3,0,2256.21,19.9,0,2730.97,20.4,5,2422.72,20.6,0,2431.79,20.3,0,2468.84,20,0
"2026-03-21 07:15:00",272,801,"Chapada_High",11.89,2281.16,20.4,0,2391.22,20.2,0,2512.78,20.4,0,2494.17,20.4,0,2255.7,20,0,2729.92,20.5,0,2422.79,20.7,0,2431.45,20.4,0,2468.27,20.1,0
"2026-03-21 07:30:00",273,801,"Chapada_High",11.89,2280.94,20.7,0,2387.67,20.6,0,2512.33,20.7,0,2495.72,20.8,0,2256.17,20.7,0,2730.14,20.8,0,2422.57,21,0,2431.63,21.1,0,2468.04,20.4,0
"2026-03-21 07:45:00",274,801,"Chapada_High",11.9,2281.22,21,0,2385.31,21,0,2511.06,20.9,0,2495.45,21.2,0,2255.43,21.1,0,2728.69,21.1,0,2422.15,21.2,0,2433.6,21.3,0,2467.61,21,0
"2026-03-21 08:00:00",275,801,"Chapada_High",11.89,2279.76,21.5,0,2385.57,21.3,0,2509.77,21.2,0,2495.11,21.6,3,2255.98,21.5,0,2728.47,21.5,0,2421.37,21.4,0,2432.48,21.6,0,2467.95,21.1,0
"2026-03-21 08:15:00",276,801,"Chapada_High",11.9,2280.39,21.6,0,2381.19,21.8,0,2509.65,21.5,0,2494.41,21.9,0,2256.34,21.8,0,2728.75,21.7,0,2421.16,21.6,0,2432.63,21.8,0,2466.8,21.3,0
"2026-03-21 08:30:00",277,801,"Chapada_High",11.89,2280.04,21.8,0,2385.66,21.9,0,2508.76,21.9,2,2494.31,22.3,0,2256.86,22.1,0,2728.42,22,0,2421.25,21.9,0,2432.05,22.1,0,2466.92,21.6,0
"2026-03-21 08:45:00",278,801,"Chapada_High",11.89,2280.08,22.1,0,2384.85,22.2,0,2509.04,22.1,0,2493.53,22.8,0,2256.12,22.9,0,2726.82,22.4,0,2420.47,22.2,0,2431.05,22.4,0,2466.13,21.9,0
"2026-03-21 09:00:00",279,801,"Chapada_High",11.89,2277.03,22.5,0,2383.31,22.7,0,2507.86,22.5,0,2492.13,23.2,0,2253.53,23.3,0,2725.79,23.2,0,2419.01,22.6,0,2430.05,22.9,0,2465.11,22.4,0
"2026-03-21 09:15:00",280,801,"Chapada_High",11.9,2276.16,23.2,0,2383.54,23.5,0,2506.93,23.2,0,2491.61,24.3,0,2251.58,24.2,0,2725.33,23.8,0,2417.79,23.5,0,2428.3,23.8,0,2464.59,23.2,0
"2026-03-21 09:30:00",281,801,"Chapada_High",11.9,2275.31,24.1,0,2382.87,24.6,0,2505.47,24.1,0,2488.9,25.7,0,2252.57,25.5,0,2721.23,24.8,0,2416,24.2,0,2422.7,25.6,0,2462.23,24.3,0
"2026-03-21 09:45:00",282,801,"Chapada_High",11.9,2274.08,25.1,0,2381.33,25.3,0,2502.81,24.8,0,2486.16,26.5,0,2251.01,26.2,0,2720.32,25.3,0,2412.37,24.8,0,2420.09,26.2,9,2460.2,25.4,0
"2026-03-21 10:00:00",283,801,"Chapada_High",11.9,2272.85,25.4,0,2374.82,25.7,0,2502.8,25,4,2483.73,26.5,0,2248.92,26.2,0,2717.5,25.4,0,2410.6,25,0,2417.47,26.1,4,2460.28,25.2,0
"2026-03-21 10:15:00",284,801,"Chapada_High",11.9,2271.68,25.3,0,2377.13,25.9,0,2500.83,25.8,0,2484.78,26.8,0,2249.1,26.3,0,2715.35,25.6,0,2409.05,25.3,0,2414.64,26.3,0,2459.9,25.4,0
"2026-03-21 10:30:00",285,801,"Chapada_High",11.9,2270.43,25,0,2377.56,25.5,0,2499.98,25.6,0,2484.39,27.1,0,2248.3,26.1,0,2716.08,25.4,0,2407.13,25.3,0,2412.74,26,0,2460.32,25.2,0
"2026-03-21 10:45:00",286,801,"Chapada_High",11.89,2270.09,24.9,0,2377.26,25.3,0,2499.41,25.4,0,2481.48,26.7,0,2247.44,26.7,0,2715.49,25.5,0,2405.47,25.3,0,2409.77,25.8,0,2459.27,25.2,0
"2026-03-21 11:00:00",287,801,"Chapada_High",11.9,2269.01,25.3,0,2371,25.7,0,2498.56,25.9,0,2480.7,27.4,8,2246.56,26.9,0,2713.68,26.3,0,2404.37,25.8,0,2408.21,26.4,0,2458.36,25.6,0
"2026-03-21 11:15:00",288,801,"Chapada_High",11.9,2266.88,27.4,0,2369.15,28.2,0,2494.59,28.4,0,2473.1,31.4,0,2242.38,29.2,0,2707.56,28.3,0,2397.72,27.9,0,2405.29,30.4,0,2455.7,27.7,0
"2026-03-21 11:30:00",289,801,"Chapada_High",11.9,2265.17,27.3,0,2364.9,27.9,0,2492.92,28.4,0,2472.03,30.9,0,2242.72,29,0,2705.6,28,0,2395.26,28,0,2398.33,29.8,0,2454.51,28.4,0
"2026-03-21 11:45:00",290,801,"Chapada_High",11.9,2264.58,27.2,0,2365.58,26.9,0,2493.64,27.6,0,2471.45,29.4,0,2242.64,28.1,0,2706.67,27.2,0,2393.18,27.4,0,2396.72,28.4,4,2455.31,27.4,0
"2026-03-21 12:00:00",291,801,"Chapada_High",11.9,2263.99,26.4,0,2365.77,26.8,0,2493.02,27,0,2471.01,28.3,0,2241.9,27.4,0,2705.46,26.5,0,2392.81,27,0,2395.73,27.4,0,2454.6,26.7,0
"2026-03-21 12:15:00",292,801,"Chapada_High",11.9,2263.39,26.2,0,2365.9,26.5,0,2492.35,27.2,0,2471.99,28.3,0,2241.52,27.3,0,2707.02,26.3,3,2391.75,26.9,0,2395.34,27.1,0,2454.91,26.6,0
"2026-03-21 12:30:00",293,801,"Chapada_High",11.9,2262.68,26.4,0,2366.11,26.7,0,2491.71,27.4,0,2470.79,29,0,2240.38,28.5,0,2706.49,26.6,0,2390.29,27.3,0,2392.92,27.3,0,2455.06,27,0
"2026-03-21 12:45:00",294,801,"Chapada_High",11.9,2261.4,26.6,6,2364.05,26.9,0,2490.77,27.4,0,2468.89,28.9,0,2240.34,28.4,0,2703.2,27.6,0,2388.1,27.5,0,2391.01,27.6,0,2454.21,27.3,0
"2026-03-21 13:00:00",295,801,"Chapada_High",11.9,2260.05,27.1,0,2362.32,27.4,0,2489.89,27.8,0,2465.64,29.4,0,2237.66,28.8,0,2703.39,27.7,0,2386.56,28.3,0,2388.59,28.1,0,2453.06,27.8,0
"2026-03-21 13:15:00",296,801,"Chapada_High",11.9,2258.55,27.6,0,2360.81,28,0,2487.09,28.4,0,2462.67,30.1,0,2237.57,29.4,0,2701.79,28.1,0,2383.59,28.8,0,2385.98,29.5,1,2450.05,28.7,0
"2026-03-21 13:30:00",297,801,"Chapada_High",11.9,2259.23,28.1,0,2358.48,28.1,0,2485.56,28.8,0,2460.91,30.3,0,2235.9,29.5,0,2698.55,28.1,0,2381.3,28.8,0,2383.18,29.3,0,2450.35,29.6,0
"2026-03-21 13:45:00",298,801,"Chapada_High",11.9,2256.83,29.1,0,2355.86,29.4,0,2484.83,29.8,0,2458.57,30.9,0,2234.53,30.3,0,2695.42,28.8,0,2377.79,29.3,0,2379.79,29.8,0,2448.04,30.2,0
"2026-03-21 14:00:00",299,801,"Chapada_High",11.9,2256.51,28.9,0,2352.73,29.6,0,2483.71,30.9,0,2455.18,31.3,0,2232.41,30.5,0,2693.73,28.9,0,2375.54,29.5,0,2376.87,30,0,2445.91,30.5,0
"2026-03-21 14:15:00",300,801,"Chapada_High",11.9,2253.9,28.6,0,2352.22,29,0,2481.02,30.9,0,2452.04,32.1,0,2230.85,30.5,0,2693.01,29,0,2372.91,29.5,0,2374.99,29.6,1,2445.27,30.2,0
"2026-03-21 14:30:00",301,801,"Chapada_High",11.9,2251.01,27.7,0,2349.58,27.7,0,2481.18,29.5,0,2452.1,30.3,0,2231.56,29.8,0,2694.9,28,0,2371.16,28.7,0,2374.66,28.5,0,2448.2,28.6,0
"2026-03-21 14:45:00",302,801,"Chapada_High",11.89,2251.15,26.7,0,2350.74,26.6,0,2479.94,28.2,0,2451.73,28.6,0,2233.43,27.8,0,2695.54,27.2,0,2372.56,27.9,0,2375.38,27.4,0,2449.46,27.2,0
"2026-03-21 15:00:00",303,801,"Chapada_High",11.9,2248.34,25.6,0,2358.5,25.3,0,2482.79,26.7,0,2452.01,26.4,0,2236.39,25.6,0,2696.64,25.6,0,2374.2,26.8,0,2373.86,26.2,0,2448.2,25.5,0
"2026-03-21 15:15:00",304,801,"Chapada_High",11.9,2248.96,24.2,0,2358.13,23.8,0,2486.3,24.9,0,2455.18,24.4,0,2236.04,23.6,0,2708.07,23.8,0,2378.02,25.4,0,2380.55,24.9,0,2451.83,24,0
"2026-03-21 15:30:00",305,801,"Chapada_High",11.89,2249.21,23.6,0,2361.03,23.1,0,2487.69,24,0,2459.33,23.6,0,2241.41,22.8,0,2719.6,23.1,0,2381.3,24.5,0,2387.3,23.9,0,2456.1,23.1,0
"2026-03-21 15:45:00",306,801,"Chapada_High",11.9,2251.04,23.3,0,2362.11,22.9,0,2490.15,23.6,0,2471.04,23.3,0,2241.98,22.4,0,2742.22,22.7,0,2389.37,24.1,0,2403.49,23.5,0,2458.02,22.8,0
"2026-03-21 16:00:00",307,801,"Chapada_High",11.9,2251.6,23.2,5,2364.06,22.8,0,2495.02,23.5,0,2483.44,23.4,0,2242.63,22.5,0,2750.14,22.7,1,2412.36,23.9,0,2437.23,23.4,0,2461.02,22.8,0
"2026-03-21 16:15:00",308,801,"Chapada_High",11.9,2252.65,23.1,0,2365.49,22.8,0,2501.05,23.4,0,2494.26,23.4,0,2241.71,22.6,0,2752.13,22.8,0,2426.99,23.8,0,2447.39,23.3,0,2461.81,22.7,0
"2026-03-21 16:30:00",309,801,"Chapada_High",11.9,2253.57,23,0,2368.16,22.6,0,2505.29,23.3,0,2507.23,23.2,0,2242.62,22.5,0,2754.21,22.9,0,2440.07,23.6,0,2452.16,23.2,0,2465.23,22.7,0
"2026-03-21 16:45:00",310,801,"Chapada_High",11.9,2254.77,23,0,2369.93,22.6,1,2509.37,23.2,0,2522.94,23.1,0,2244.07,22.5,0,2755.92,22.8,0,2454.57,23.6,0,2457.14,23.1,0,2467.5,22.7,6
"2026-03-21 17:00:00",311,801,"Chapada_High",11.9,2256.26,22.9,0,2371.92,22.5,0,2512.32,23.1,14,2539.4,23.1,0,2245.19,22.4,1,2758.74,22.7,0,2463.15,23.5,7,2459.28,23.2,0,2468.68,22.7,0
"2026-03-21 17:15:00",312,801,"Chapada_High",11.89,2257.65,22.9,0,2372.66,22.5,0,2516.39,23.1,0,2549.52,23.1,0,2245.62,22.4,0,2759.41,22.6,0,2472.07,23.4,0,2461.86,23.1,0,2469.55,22.7,0
"2026-03-21 17:30:00",313,801,"Chapada_High",11.9,2259.44,22.7,0,2373.22,22.4,0,2519.23,22.9,0,2553.6,22.9,0,2243.76,22.2,0,2760.25,22.4,0,2475.81,23.3,0,2463.01,23,0,2467.42,22.5,9
"2026-03-21 17:45:00",314,801,"Chapada_High",11.89,2261.37,22.5,0,2376.65,22.2,0,2521.14,22.8,0,2554.44,22.7,0,2247.49,22,0,2759.56,22.3,0,2477.76,23.1,0,2463.24,22.8,0,2467.42,22.3,6
"2026-03-21 18:00:00",315,801,"Chapada_High",11.9,2264.73,22.4,0,2378.22,22.1,0,2521.9,22.6,0,2554.22,22.6,0,2246.71,21.8,0,2759.76,22.2,0,2478.88,23,0,2462.08,22.7,0,2466.7,22.1,0
"2026-03-21 18:15:00",316,801,"Chapada_High",11.9,2265.4,22.3,0,2379.87,21.9,0,2523.11,22.4,0,2553.36,22.4,0,2245.34,21.7,1,2759.88,22.1,1,2478.89,22.8,0,2461.63,22.5,0,2467.35,21.9,0
"2026-03-21 18:30:00",317,801,"Chapada_High",11.89,2267.38,22.1,0,2381.94,21.7,4,2523.48,22.3,0,2552.45,22.2,0,2246.37,21.5,0,2759.43,21.9,0,2479.37,22.6,0,2460.99,22.3,0,2467.35,21.8,0
"2026-03-21 18:45:00",318,801,"Chapada_High",11.9,2269.8,21.9,0,2383.64,21.6,0,2523.43,22.1,0,2550.6,22,0,2247.14,21.3,0,2758.66,21.7,0,2478.88,22.5,0,2460.65,22.1,0,2467.91,21.6,0
"2026-03-21 19:00:00",319,801,"Chapada_High",11.89,2270.24,21.8,0,2386.79,21.5,0,2523,22,0,2550.88,21.9,0,2248.23,21.2,0,2758.61,21.6,3,2479.32,22.3,0,2460.87,21.9,0,2467.22,21.5,0
"2026-03-21 19:15:00",320,801,"Chapada_High",11.89,2271.49,21.8,20,2387.71,21.4,0,2523.59,21.9,0,2550.57,21.9,0,2248.71,21.2,0,2759.1,21.6,0,2479.7,22.3,0,2462.13,21.9,0,2467.52,21.4,0
"2026-03-21 19:30:00",321,801,"Chapada_High",11.89,2273.22,21.7,0,2389.3,21.4,0,2523.46,21.8,0,2550.08,21.8,0,2249.18,21.1,0,2759.01,21.6,4,2480.09,22.2,0,2461.66,21.8,0,2467.89,21.3,5
"2026-03-21 19:45:00",322,801,"Chapada_High",11.89,2273.52,21.7,0,2392.08,21.4,0,2522.76,21.8,0,2548.98,21.7,0,2249.49,21.1,0,2758.37,21.5,0,2479.93,22.1,0,2460.17,21.7,0,2466.68,21.3,3
"2026-03-21 20:00:00",323,801,"Chapada_High",11.89,2275.03,21.5,0,2393.36,21.2,0,2523.64,21.7,0,2548.24,21.6,0,2249.32,21,0,2758.28,21.4,0,2479.5,22,0,2461.44,21.6,0,2467.26,21.2,0
"2026-03-21 20:15:00",324,801,"Chapada_High",11.89,2276.09,21.4,0,2394.43,21.1,0,2523.57,21.5,0,2547.79,21.5,11,2251.01,20.9,0,2757.69,21.4,0,2479.04,21.9,0,2458.98,21.5,0,2466.73,21.1,0
"2026-03-21 20:30:00",325,801,"Chapada_High",11.89,2277.46,21.4,0,2394.59,21.1,0,2523.52,21.5,0,2547.03,21.5,0,2251.29,20.8,0,2756.75,21.3,2,2478.74,21.9,3,2459.06,21.4,2,2467.14,21,0
"2026-03-21 20:45:00",326,801,"Chapada_High",11.89,2278.01,21.3,0,2396.4,21.1,0,2523.84,21.4,0,2545.97,21.4,7,2251.13,20.8,0,2757.09,21.3,0,2478.45,21.8,0,2458.27,21.4,0,2466.42,21,0
"2026-03-21 21:00:00",327,801,"Chapada_High",11.89,2279.15,21.4,0,2398.47,21.1,0,2522.17,21.4,0,2545.53,21.4,0,2251.74,20.9,0,2756.87,21.3,0,2477.61,21.8,10,2459.82,21.3,0,2466.98,21.1,0
"2026-03-21 21:15:00",328,801,"Chapada_High",11.89,2279.96,21.4,0,2397.57,21.1,0,2523.5,21.4,0,2544.71,21.4,0,2251.81,20.8,0,2757.06,21.3,0,2477.31,21.8,0,2457.8,21.4,0,2466.55,21,0
"2026-03-21 21:30:00",329,801,"Chapada_High",11.89,2279.54,21.3,0,2399.99,21,0,2522.77,21.3,3,2544.14,21.3,0,2252.36,20.8,0,2756.54,21.2,1,2476.47,21.7,0,2456.97,21.3,0,2466.35,20.9,0
"2026-03-21 21:45:00",330,801,"Chapada_High",11.89,2281.47,21.2,0,2400.93,20.9,0,2523.29,21.2,0,2543.33,21.2,6,2253.33,20.6,0,2756.55,21.1,3,2476.25,21.7,0,2458.87,21.2,0,2466.79,20.8,0
"2026-03-21 22:00:00",331,801,"Chapada_High",11.89,2282.5,21.1,0,2401.41,20.8,0,2524.03,21.1,0,2544.37,21.1,0,2253.02,20.5,0,2755.96,21,2,2475.83,21.6,0,2456.32,21.1,0,2466.14,20.8,0
"2026-03-21 22:15:00",332,801,"Chapada_High",11.89,2282.96,21.1,11,2402.17,20.8,0,2522.51,21.1,0,2542.78,21.1,0,2253.93,20.5,0,2754.91,21,0,2475.15,21.6,0,2456.37,21.1,1,2466.92,20.7,0
"2026-03-21 22:30:00",333,801,"Chapada_High",11.9,2283.05,21.1,0,2401.67,20.8,0,2522.23,21.1,3,2543.09,21.1,0,2254.71,20.5,0,2755.06,21,0,2474.04,21.5,0,2455.74,21,0,2466.72,20.7,0
"2026-03-21 22:45:00",334,801,"Chapada_High",11.89,2283.51,21.1,0,2402.88,20.8,0,2522.66,21,0,2542.33,21.1,0,2254.53,20.5,0,2754.52,21,0,2473.53,21.5,0,2455.13,21,0,2466.39,20.8,0
"2026-03-21 23:00:00",335,801,"Chapada_High",11.89,2284.84,21,0,2403.28,20.8,0,2523.49,21,0,2541.71,21.1,0,2254.11,20.6,0,2754.49,21,6,2473.35,21.5,0,2456.79,21,1,2466.81,20.8,0
"2026-03-21 23:15:00",336,801,"Chapada_High",11.89,2285.15,21.1,0,2403.62,20.8,15,2522.22,21,0,2541.33,21.1,2,2255.13,20.6,0,2753.35,21,0,2472.68,21.5,0,2456.84,21,0,2466.29,20.8,0
"2026-03-21 23:30:00",337,801,"Chapada_High",11.89,2284.89,21,0,2403.82,20.7,0,2522.85,21,0,2540,21,0,2255.75,20.5,0,2753.05,21,0,2471.93,21.4,0,2456.56,21,0,2467.28,20.7,0
"2026-03-21 23:45:00",338,801,"Chapada_High",11.89,2286.3,20.9,0,2403.26,20.7,0,2522.39,20.9,0,2538.79,21,0,2255.7,20.4,0,2752.94,20.9,0,2471.07,21.3,0,2456.4,21,0,2466.5,20.7,0
"2026-03-22 00:00:00",339,801,"Chapada_High",11.89,2286.05,20.9,0,2403.51,20.6,0,2523.4,20.9,0,2537.72,20.9,0,2256.29,20.4,0,2753.07,20.9,0,2470.55,21.3,0,2456.64,20.9,0,2466.8,20.6,0
"2026-03-22 00:15:00",340,801,"Chapada_High",11.9,2287.44,20.9,0,2403.48,20.6,0,2523.74,20.9,0,2538.27,20.9,0,2256.57,20.4,0,2752.64,20.9,1,2469.86,21.3,0,2454.38,20.8,0,2466.34,20.6,0
"2026-03-22 00:30:00",341,801,"Chapada_High",11.89,2286.3,20.8,0,2405.26,20.6,0,2523.31,20.8,0,2538.02,20.8,0,2257.12,20.3,0,2752.57,20.8,0,2468.81,21.2,0,2455.98,20.8,0,2466.58,20.6,0
"2026-03-22 00:45:00",342,801,"Chapada_High",11.89,2287.48,20.8,3,2402.41,20.6,0,2522.32,20.8,0,2536.32,20.8,0,2257.6,20.4,2,2752.05,20.8,0,2468.73,21.2,0,2453.64,20.8,4,2466.67,20.5,0
"2026-03-22 01:00:00",343,801,"Chapada_High",11.89,2287.89,20.7,0,2403.54,20.5,0,2522.47,20.7,0,2536.62,20.7,0,2257.89,20.3,0,2752.01,20.8,0,2467.66,21.2,0,2453.63,20.7,0,2466.97,20.5,0
"2026-03-22 01:15:00",344,801,"Chapada_High",11.89,2288.18,20.7,0,2403.96,20.4,0,2522.68,20.7,0,2535.71,20.7,0,2257.68,20.2,0,2751.94,20.7,0,2467.47,21.1,0,2455.26,20.7,0,2466.84,20.4,0
"2026-03-22 01:30:00",345,801,"Chapada_High",11.89,2288.88,20.7,0,2403.83,20.4,0,2523.71,20.7,0,2535.49,20.7,0,2256.81,20.2,18,2751.4,20.7,0,2466.83,21.1,4,2452.61,20.7,0,2467.07,20.4,0
"2026-03-22 01:45:00",346,801,"Chapada_High",11.89,2288.39,20.7,0,2403.16,20.4,0,2522.85,20.6,0,2535.2,20.7,0,2258.42,20.2,0,2751.46,20.7,0,2466.15,21.1,0,2455.4,20.6,0,2467.39,20.4,0
"2026-03-22 02:00:00",347,801,"Chapada_High",11.89,2290.1,20.7,0,2402.22,20.5,0,2523.08,20.6,0,2534.24,20.7,0,2258.84,20.2,0,2751.79,20.7,0,2465.95,21.1,0,2452.47,20.6,0,2467.6,20.4,0
"2026-03-22 02:15:00",348,801,"Chapada_High",11.89,2289.3,20.7,11,2402.42,20.4,0,2522.9,20.6,0,2533.58,20.7,0,2260.34,20.2,0,2750.64,20.7,0,2465.39,21.1,0,2453.57,20.6,0,2468,20.4,0
"2026-03-22 02:30:00",349,801,"Chapada_High",11.89,2289.29,20.6,0,2401.93,20.4,0,2521.65,20.6,2,2533.93,20.6,0,2258.92,20.2,0,2750.54,20.7,19,2464.22,21,0,2454.65,20.6,0,2467.99,20.4,0
"2026-03-22 02:45:00",350,801,"Chapada_High",11.89,2290.76,20.6,0,2401.72,20.4,0,2523.27,20.6,0,2533.79,20.6,0,2259.74,20.1,0,2750.79,20.7,0,2464.31,21,0,2454.46,20.6,0,2467.45,20.4,0
"2026-03-22 03:00:00",351,801,"Chapada_High",11.89,2290.35,20.6,0,2403.18,20.4,0,2523.42,20.6,0,2533.22,20.6,0,2259.85,20.1,0,2750.21,20.6,0,2463.92,21,0,2452.08,20.6,0,2467.48,20.3,0
"2026-03-22 03:15:00",352,801,"Chapada_High",11.89,2290.4,20.5,0,2403.74,20.4,0,2521.55,20.5,0,2532.65,20.6,0,2260.88,20.1,6,2750.62,20.6,0,2463.27,21,0,2454.39,20.6,0,2468.45,20.3,0
"2026-03-22 03:30:00",353,801,"Chapada_High",11.89,2290.66,20.5,2,2402.32,20.3,3,2523.24,20.5,0,2533.33,20.6,0,2260.52,20,0,2749.29,20.6,0,2463.6,20.9,6,2452.4,20.5,0,2468.07,20.3,0
"2026-03-22 03:45:00",354,801,"Chapada_High",11.89,2290.98,20.5,0,2403.39,20.3,0,2523.15,20.5,0,2532.92,20.5,0,2261.46,20,0,2750.26,20.6,0,2463.07,20.9,0,2451.65,20.5,0,2468.36,20.2,0
"2026-03-22 04:00:00",355,801,"Chapada_High",11.89,2292.35,20.4,0,2402.65,20.3,0,2522.46,20.4,0,2532.6,20.5,8,2260.89,20,0,2750.38,20.5,0,2462.2,20.9,0,2454.05,20.5,0,2468.23,20.2,0
"2026-03-22 04:15:00",356,801,"Chapada_High",11.89,2292.12,20.4,0,2404.82,20.2,0,2523.08,20.4,0,2531.49,20.4,0,2260.72,19.9,0,2749.26,20.5,2,2461.65,20.8,0,2451.75,20.4,0,2468.59,20.1,0
"2026-03-22 04:30:00",357,801,"Chapada_High",11.89,2291.61,20.3,0,2404.54,20.1,0,2523.63,20.3,0,2531.28,20.4,0,2261.12,19.8,0,2748.88,20.4,0,2461.69,20.8,0,2451.9,20.4,0,2468.77,20.1,0
"2026-03-22 04:45:00",358,801,"Chapada_High",11.89,2292.44,20.2,0,2403.11,20,0,2523.06,20.3,9,2531.09,20.3,0,2261.62,19.7,0,2749.18,20.3,0,2461.55,20.7,0,2453.67,20.3,9,2468.51,20,0
"2026-03-22 05:00:00",359,801,"Chapada_High",11.89,2291.83,20.2,0,2404.47,20,0,2523.66,20.2,0,2530.8,20.2,0,2262.65,19.7,0,2748.86,20.3,0,2460.93,20.7,1,2451.89,20.2,1,2468.37,19.9,2
"2026-03-22 05:15:00",360,801,"Chapada_High",11.89,2292.65,20.2,0,2404.12,20,0,2523.39,20.2,1,2530.75,20.2,0,2261.52,19.6,0,2748.61,20.3,0,2460.31,20.6,6,2451.59,20.2,0,2469.04,19.9,0
"2026-03-22 05:30:00",361,801,"Chapada_High",11.89,2293.11,20.1,0,2404.09,20,0,2521.9,20.1,0,2531.43,20.2,0,2262.68,19.6,0,2748.9,20.2,0,2460.24,20.6,0,2451.36,20.2,0,2468.88,19.9,0
"2026-03-22 05:45:00",362,801,"Chapada_High",11.89,2292.22,20.1,0,2404.18,19.9,0,2523.95,20.1,0,2530.86,20.1,5,2262.66,19.6,0,2747.69,20.2,0,2460.3,20.6,0,2453.39,20.1,0,2468.9,19.9,0
"2026-03-22 06:00:00",363,801,"Chapada_High",11.89,2292.69,20.1,0,2403.63,19.9,0,2523.76,20.1,0,2529.95,20.1,0,2263.36,19.6,0,2747.63,20.2,0,2460.11,20.5,0,2450.96,20.1,0,2469.21,19.8,0
"2026-03-22 06:15:00",364,801,"Chapada_High",11.89,2292.99,20.1,0,2403.99,19.9,0,2523.12,20.1,0,2530.15,20.1,0,2263.41,19.6,0,2747.39,20.2,0,2459.25,20.5,0,2452.66,20.1,0,2468.84,19.8,0
"2026-03-22 06:30:00",365,801,"Chapada_High",11.89,2293.48,20,0,2403.7,19.9,0,2522.05,20,0,2529.76,20.1,3,2264.15,19.6,0,2746.78,20.1,0,2459.55,20.5,1,2451.06,20,0,2468.51,19.8,0
"2026-03-22 06:45:00",366,801,"Chapada_High",11.89,2293.11,20,0,2403.59,19.8,13,2523.25,20,0,2528.9,20,0,2263.59,19.5,0,2746.67,20.1,0,2458.84,20.5,0,2452.56,20,0,2468.98,19.7,0
"2026-03-22 07:00:00",367,801,"Chapada_High",11.89,2292.5,20,0,2402.43,19.8,6,2522.92,20,0,2528.7,20,0,2264.3,19.6,0,2746.27,20.1,0,2458.35,20.5,0,2450.45,20.1,0,2468.72,19.8,0
"2026-03-22 07:15:00",368,801,"Chapada_High",11.89,2293.16,20.1,0,2403.05,20,0,2522.82,20.1,0,2529.85,20.2,0,2263.69,19.8,0,2746.06,20.3,0,2458.19,20.5,0,2452.54,20.2,0,2468.88,19.9,0
"2026-03-22 07:30:00",369,801,"Chapada_High",11.89,2292.94,20.2,0,2402.71,20,0,2523.72,20.2,0,2528.66,20.3,0,2263.93,19.9,0,2745.92,20.4,0,2457.25,20.6,0,2451.77,20.3,0,2468.86,20,0
"2026-03-22 07:45:00",370,801,"Chapada_High",11.89,2292.9,20.4,0,2400.9,20.2,0,2523.02,20.3,0,2528.21,20.4,0,2264.47,20.1,1,2745.6,20.5,11,2457.59,20.7,6,2450.69,20.4,0,2468.05,20.2,0
"2026-03-22 08:00:00",371,801,"Chapada_High",11.89,2293.58,20.5,0,2402.17,20.4,0,2523.08,20.5,0,2528.29,20.6,3,2263.27,20.3,6,2744.83,20.7,0,2457.08,20.8,0,2450.11,20.7,0,2468.07,20.4,0
"2026-03-22 08:15:00",372,801,"Chapada_High",11.89,2294.07,20.9,0,2402.01,20.7,3,2521.14,20.8,0,2527.6,21,0,2262.68,20.8,0,2744.27,21,0,2455.87,21.1,0,2451.48,20.9,0,2467.29,20.8,0
"2026-03-22 08:30:00",373,801,"Chapada_High",11.89,2293.27,21.2,0,2400.43,21.4,0,2521.4,21.1,0,2526.13,21.5,0,2263.64,21.2,0,2743.87,21.4,0,2455.61,21.4,0,2451.04,21.4,0,2466.48,21.3,0
"2026-03-22 08:45:00",374,801,"Chapada_High",11.89,2292.57,21.4,0,2400.4,21.5,0,2521.32,21.6,0,2525.33,21.8,0,2264.91,21.5,0,2743.25,21.6,0,2454.76,21.7,0,2451.08,21.6,0,2466.86,21.5,0
"2026-03-22 09:00:00",375,801,"Chapada_High",11.89,2292.22,21.7,0,2399.92,21.7,0,2520.89,21.8,0,2525.89,22.5,0,2263.56,22,2,2741.87,21.9,0,2454.28,22,0,2450.17,21.9,0,2466.63,21.8,0
"2026-03-22 09:15:00",376,801,"Chapada_High",11.89,2292.75,21.7,0,2400.8,21.7,1,2520.56,21.8,0,2526.79,22.3,0,2262.07,22.3,0,2743.94,22.2,0,2453.05,22.1,0,2450.31,22,0,2467.03,21.9,0
"2026-03-22 09:30:00",377,801,"Chapada_High",11.89,2292.96,21.8,5,2400.68,21.8,0,2520.42,21.9,0,2525.53,22.3,0,2263.97,22.1,0,2740.86,22.4,0,2452.17,22.3,0,2449.64,22.1,0,2467.22,21.9,0
"2026-03-22 09:45:00",378,801,"Chapada_High",11.89,2292.59,22,0,2400.62,21.9,0,2519.92,22.1,0,2525.56,22.5,0,2265.07,22.3,0,2739.77,22.5,0,2451.01,22.6,0,2448.47,22.7,0,2466.95,22.1,0
"2026-03-22 10:00:00",379,801,"Chapada_High",11.9,2292.37,22.2,0,2400.94,22.2,0,2519.24,22.3,0,2524.55,22.8,0,2261.12,22.5,0,2738.94,22.7,0,2450.21,22.7,0,2448.4,22.9,0,2466.08,23.1,0
"2026-03-22 10:15:00",380,801,"Chapada_High",11.89,2290.15,23.2,0,2399.78,22.4,0,2518.54,22.5,0,2523.73,23.1,7,2260.79,22.8,0,2738.25,23.2,0,2449.4,22.9,0,2445.98,23.1,0,2466.31,23,0
"2026-03-22 10:30:00",381,801,"Chapada_High",11.89,2290.21,23.1,0,2398.21,23.6,0,2518.15,23,0,2521.42,23.5,0,2259.59,23.3,0,2736.21,23.6,0,2447.92,23.2,0,2444.72,23.5,0,2466.08,23.2,0
"2026-03-22 10:45:00",382,801,"Chapada_High",11.89,2288.75,23.5,0,2396.1,23.7,0,2516.27,24,0,2519.73,24.6,0,2258.54,24,0,2734.31,24.3,0,2445.51,23.8,0,2442.66,24.1,0,2465.23,23.7,1
"2026-03-22 11:00:00",383,801,"Chapada_High",11.89,2286.91,24.6,0,2396.1,25,0,2514.71,24.9,0,2516.82,26.5,0,2256.94,27.8,0,2733.37,25.7,0,2443.17,24.8,0,2436.46,25.7,0,2463.76,24.7,0
"2026-03-22 11:15:00",384,801,"Chapada_High",11.89,2285.96,26.2,0,2389.51,27,0,2511.54,26.6,0,2512.89,28.6,0,2254.92,27.8,0,2726.63,28.8,0,2435.19,26.2,0,2431.06,27.9,0,2461.84,26.1,0
"2026-03-22 11:30:00",385,801,"Chapada_High",11.89,2283.56,26.6,0,2385.21,27.3,0,2509.74,27,0,2509.25,28.5,0,2253.93,27.9,0,2723.39,28.3,0,2431.72,27.3,0,2427.27,28,0,2461.12,26.5,0
"2026-03-22 11:45:00",386,801,"Chapada_High",11.9,2282.09,26.1,0,2384.72,26.6,0,2508.62,26.7,0,2507.03,27.8,0,2253.38,27.3,0,2722.68,27.4,0,2428.91,26.9,1,2425.52,28,0,2461.33,26.3,0
"2026-03-22 12:00:00",387,801,"Chapada_High",11.89,2281.97,26.7,0,2382.78,27,0,2506.6,27.1,0,2504.84,28.5,0,2251.31,28,0,2721.63,27.6,0,2425.66,27.3,0,2421.81,28,0,2459.79,27.2,0
"2026-03-22 12:15:00",388,801,"Chapada_High",11.89,2280.44,27.2,0,2379.77,27.7,0,2505.38,27.5,0,2502.36,29,0,2249.18,28.5,0,2719.67,27.8,0,2421.31,27.9,0,2418.86,28,0,2459.09,27.3,0
"2026-03-22 12:30:00",389,801,"Chapada_High",11.9,2279.62,26.4,0,2379.61,27,0,2504.64,27.4,0,2503,27.6,0,2249.75,27.5,0,2720.63,27.1,0,2420.14,27.3,0,2417.66,27.3,0,2459.16,26.6,0
"2026-03-22 12:45:00",390,801,"Chapada_High",11.89,2279.47,25.7,0,2380.63,25.9,0,2505.62,26.4,0,2503.18,26.8,0,2248.96,26.4,0,2719.4,26.2,0,2419.08,26.4,0,2417.16,26.4,0,2460.5,25.7,0
"2026-03-22 13:00:00",391,801,"Chapada_High",11.9,2278.92,25.7,2,2380.6,25.9,0,2504.79,26.4,0,2500.9,26.8,0,2249.59,27,0,2722.33,26.3,0,2421.18,26.5,0,2415.99,26.5,0,2459.94,26,0
"2026-03-22 13:15:00",392,801,"Chapada_High",11.9,2277.23,26.6,0,2376.28,27,3,2503.43,27.5,0,2497.24,28.2,0,2247.56,28.1,0,2718.81,27.6,0,2414.72,27.9,0,2411.94,28.2,0,2457.66,27.9,0
"2026-03-22 13:30:00",393,801,"Chapada_High",11.89,2277.23,27.6,0,2373.06,28.2,0,2502.11,29.5,0,2492.99,29.6,0,2244.56,29.5,0,2714.35,28.6,0,2411.23,29.2,0,2408.91,30.1,0,2455,29.6,0
"2026-03-22 13:45:00",394,801,"Chapada_High",11.9,2275.53,27.4,0,2370.87,27.9,0,2500.68,29.3,0,2491.84,28.8,0,2243.87,28.7,0,2713.39,28.1,0,2407.67,28.7,0,2405.21,29.6,0,2453,30.1,0
"2026-03-22 14:00:00",395,801,"Chapada_High",11.9,2274.93,26.5,0,2373.83,26.3,0,2500.57,27.4,0,2492.62,26.8,0,2244.42,26.8,0,2713.5,26.6,0,2408.09,27.3,0,2404.74,27.5,0,2455.49,27.6,0
"2026-03-22 14:15:00",396,801,"Chapada_High",11.9,2276.01,25.6,0,2373.23,25.6,0,2500.96,26.4,0,2492.65,25.9,0,2244.91,25.7,0,2716.33,25.7,0,2408.68,26.4,0,2405.08,26.3,0,2457.34,26.1,0
"2026-03-22 14:30:00",397,801,"Chapada_High",11.9,2275,26.1,0,2371.66,26.6,0,2500.06,27.3,0,2491,27.8,0,2243.5,27,0,2715.27,26.5,0,2407.71,26.8,0,2404.27,26.7,0,2457.09,27.2,0
"2026-03-22 14:45:00",398,801,"Chapada_High",11.9,2273.3,26.8,0,2368.91,27.6,0,2497.82,28.1,0,2488.82,29.1,0,2241.85,29.5,0,2713.15,27.4,0,2405.09,27.5,0,2401.19,27.2,0,2453.91,28.2,0
"2026-03-22 15:00:00",399,801,"Chapada_High",11.9,2271.96,27.6,0,2367.27,28.6,0,2498.03,28.9,0,2484.32,30,0,2239.91,30.4,0,2710.2,29.5,0,2402.2,28.3,0,2397.93,28,0,2452.04,29.2,0
"2026-03-22 15:15:00",400,801,"Chapada_High",11.9,2270.73,26.4,0,2371.29,26.5,0,2496.08,27.6,0,2483.44,27.7,0,2240.72,27.6,0,2710.69,27.5,0,2401.67,27.9,0,2397.22,26.8,0,2451.06,27.2,0
"2026-03-22 15:30:00",401,801,"Chapada_High",11.89,2269.79,24.7,0,2375.78,24.6,0,2497.51,25.5,0,2493.62,25.3,0,2244.72,24.7,0,2717.94,25.1,0,2404.51,26.5,1,2402.78,25.6,0,2454.38,25,0
"2026-03-22 15:45:00",402,801,"Chapada_High",11.89,2271.73,24.2,2,2373.35,23.8,0,2498.91,24.8,0,2495.26,24.5,0,2243.83,23.7,0,2722,24.4,0,2406.85,25.6,0,2404.71,24.8,0,2455.86,24.3,0
"2026-03-22 16:00:00",403,801,"Chapada_High",11.89,2270.88,23.6,0,2374.11,23.3,0,2500.25,24.2,0,2496.5,23.8,0,2245.15,22.9,0,2722.49,23.9,0,2408.27,24.9,0,2407.29,24.2,0,2458.97,23.5,0
"2026-03-22 16:15:00",404,801,"Chapada_High",11.9,2271.76,23.2,0,2375.43,22.9,0,2501.21,23.8,0,2499,23.4,0,2247.62,22.5,0,2724.51,23.4,0,2409.9,24.4,0,2409.24,23.7,0,2458.69,23.1,0
"2026-03-22 16:30:00",405,801,"Chapada_High",11.89,2272.56,22.8,0,2409.09,22.5,0,2563.69,22.9,0,2510.7,23.1,0,2249.84,22.2,0,2924.4,22.4,0,2411.44,24,0,2419.86,23.3,0,2450.83,22.6,0
"2026-03-22 16:45:00",406,801,"Chapada_High",11.89,2308.77,22.5,0,2460.85,22.2,0,2578.22,22.5,0,2616.46,22.8,0,2251.19,22.1,0,2893.16,21.8,0,2492.29,23.5,0,2529.62,22.9,0,2476.23,22.2,0
"2026-03-22 17:00:00",407,801,"Chapada_High",11.89,2310.7,22.4,0,2474.88,22.1,0,2564.37,22.4,0,2616.21,22.7,0,2250.75,21.9,0,2875.74,22,0,2518.25,23.3,0,2531.68,22.7,0,2477.07,22.1,0
"2026-03-22 17:15:00",408,801,"Chapada_High",11.89,2311.55,22.4,0,2480.63,22.1,0,2559.01,22.4,0,2610.78,22.7,0,2249.41,22,0,2869,22.2,0,2522.75,23.3,2,2527.08,22.7,0,2476.39,22.1,0
"2026-03-22 17:30:00",409,801,"Chapada_High",11.89,2312.26,22.5,0,2481.56,22.1,0,2554.63,22.5,0,2606.8,22.8,0,2253.05,22.2,0,2864.45,22.2,0,2524.44,23.2,0,2523.73,22.7,0,2476.46,22.3,0
"2026-03-22 17:45:00",410,801,"Chapada_High",11.89,2311.92,22.9,0,2479.82,22.4,0,2552.27,22.7,0,2601.74,23,0,2251.15,22.6,0,2861.21,22.6,0,2522.68,23.2,0,2521,22.8,0,2473.98,22.7,2
"2026-03-22 18:00:00",411,801,"Chapada_High",11.89,2313.6,23,0,2479.57,23,0,2550.53,23.1,0,2598.21,23.2,0,2249.5,23,0,2858.39,23,0,2521.15,23.4,0,2518.4,22.9,0,2471.29,23.1,0
"2026-03-22 18:15:00",412,801,"Chapada_High",11.89,2314.03,22.8,0,2478.94,22.5,0,2549.25,23,0,2595.04,23,0,2252.77,22.6,0,2857.56,22.7,0,2519.41,23.3,0,2515.96,22.7,0,2471.9,22.7,0
"2026-03-22 18:30:00",413,801,"Chapada_High",11.89,2314.54,22.5,0,2477.22,22.2,0,2548.93,22.7,0,2593.58,22.8,0,2252.37,22.5,0,2856.14,22.5,0,2518.07,23.1,0,2514.28,22.5,0,2471.53,22.4,0
"2026-03-22 18:45:00",414,801,"Chapada_High",11.89,2316.58,22.3,0,2474.67,22,0,2548.87,22.5,0,2590.42,22.4,0,2252.58,22,0,2855.66,22.2,0,2517.57,22.9,0,2513.08,22.3,0,2471.98,22.1,0
"2026-03-22 19:00:00",415,801,"Chapada_High",11.89,2316.55,22,0,2472.54,21.7,0,2547.38,22.2,0,2587.84,22.1,0,2250.36,21.6,0,2854.91,21.9,0,2516.29,22.7,0,2511.85,22,0,2471.82,21.7,5
"2026-03-22 19:15:00",416,801,"Chapada_High",11.89,2317.79,21.9,0,2471.43,21.5,0,2546.93,22,0,2585.65,21.9,0,2251.66,21.4,0,2853.78,21.9,0,2514.98,22.5,0,2510.74,21.8,0,2471.95,21.6,0
"2026-03-22 19:30:00",417,801,"Chapada_High",11.89,2318.02,21.7,0,2469.47,21.4,0,2546.96,21.9,0,2583.68,21.8,0,2252.34,21.2,0,2852.12,21.7,6,2514.02,22.3,10,2508.64,21.7,0,2471.89,21.4,0
"2026-03-22 19:45:00",418,801,"Chapada_High",11.89,2317.95,21.6,0,2469.45,21.3,0,2546.4,21.7,0,2582.26,21.7,0,2252.06,21.1,16,2852,21.5,0,2513.53,22.2,1,2508.01,21.6,0,2471.46,21.3,0
"2026-03-22 20:00:00",419,801,"Chapada_High",11.89,2318.04,21.4,0,2468.51,21.1,0,2545.36,21.6,0,2580.17,21.5,0,2253.39,21,0,2850.62,21.4,1,2511.09,22.1,0,2509.21,21.5,0,2472.37,21.1,0
"2026-03-22 20:15:00",420,801,"Chapada_High",11.89,2317.8,21.3,0,2464.75,21,0,2545.06,21.4,6,2578.34,21.3,0,2254.23,20.7,3,2849.7,21.2,0,2511.45,21.9,0,2507.91,21.4,0,2472.23,20.9,0
"2026-03-22 20:30:00",421,801,"Chapada_High",11.89,2318.32,21.2,0,2465.66,20.8,0,2543.88,21.3,0,2576.46,21.2,0,2254.15,20.5,0,2850.17,21.1,0,2511.36,21.8,0,2506.3,21.2,0,2472.39,20.8,0
"2026-03-22 20:45:00",422,801,"Chapada_High",11.89,2318.44,21.1,0,2465.01,20.8,6,2543.86,21.2,0,2573.6,21.1,0,2254.69,20.5,0,2849.26,21,0,2510.09,21.7,0,2506.56,21.1,0,2472.7,20.8,0
"2026-03-22 21:00:00",423,801,"Chapada_High",11.89,2318.17,21,0,2461.94,20.7,0,2543.91,21.1,0,2572.37,21,0,2254.83,20.4,0,2848.18,20.9,0,2509.63,21.6,0,2506.09,21,0,2472.14,20.7,0
"2026-03-22 21:15:00",424,801,"Chapada_High",11.89,2318.1,20.9,0,2461.12,20.6,0,2543.02,21,0,2570.72,20.9,0,2255.82,20.3,0,2847.43,20.8,0,2508.4,21.5,0,2504.86,20.9,0,2472.26,20.6,0
"2026-03-22 21:30:00",425,801,"Chapada_High",11.89,2318.17,20.8,0,2460.76,20.5,2,2542.66,20.9,0,2570.42,20.8,0,2255.62,20.3,0,2846.29,20.7,0,2508.09,21.4,0,2504.57,20.8,0,2472.09,20.5,0
"2026-03-22 21:45:00",426,801,"Chapada_High",11.89,2318.04,20.8,3,2460.37,20.4,0,2542.16,20.8,0,2569.78,20.8,0,2256.11,20.1,0,2845.69,20.6,0,2507.71,21.3,0,2503.78,20.7,0,2472.48,20.4,0
"2026-03-22 22:00:00",427,801,"Chapada_High",11.89,2317.21,20.7,8,2459.12,20.3,0,2542.99,20.7,0,2568.71,20.7,0,2256.09,20.1,0,2845.15,20.5,0,2506.58,21.3,0,2504.3,20.6,0,2472.15,20.3,0
"2026-03-22 22:15:00",428,801,"Chapada_High",11.89,2318.39,20.5,0,2458.84,20.2,0,2542.66,20.6,0,2567.06,20.5,0,2255.5,19.9,0,2844.17,20.5,0,2506.05,21.2,0,2502.98,20.6,0,2472.81,20.2,0
"2026-03-22 22:30:00",429,801,"Chapada_High",11.89,2317.54,20.5,0,2457.96,20.1,0,2542.35,20.5,0,2566.03,20.5,0,2256.46,19.9,0,2843.6,20.3,0,2505.13,21.1,0,2503.64,20.5,0,2472.86,20.1,0
"2026-03-22 22:45:00",430,801,"Chapada_High",11.89,2318.23,20.4,0,2456.25,20.1,0,2541.98,20.5,0,2564.16,20.4,0,2256.46,19.8,0,2842.86,20.3,0,2505.25,21,0,2502.57,20.4,0,2472.72,20,0
"2026-03-22 23:00:00",431,801,"Chapada_High",11.89,2317.32,20.4,0,2455.91,20,0,2541.31,20.4,0,2564.52,20.4,0,2256.43,19.8,0,2841.89,20.3,0,2504.32,20.9,0,2502.72,20.3,0,2472.85,20,0
"2026-03-22 23:15:00",432,801,"Chapada_High",11.89,2318.02,20.3,0,2456.36,20,3,2542.11,20.4,0,2562.93,20.3,0,2256.45,19.7,6,2841.52,20.2,2,2503.8,20.9,0,2502,20.3,9,2472.53,19.9,0
"2026-03-22 23:30:00",433,801,"Chapada_High",11.89,2317.74,20.3,13,2455.71,19.9,7,2541.02,20.3,0,2561.7,20.3,0,2256.26,19.6,0,2841,20.2,0,2503.62,20.8,0,2501.06,20.2,0,2473.18,19.9,0
"2026-03-22 23:45:00",434,801,"Chapada_High",11.89,2317.91,20.2,0,2454.08,19.9,0,2540.75,20.2,0,2561.73,20.2,20,2257.25,19.6,0,2839.91,20.1,0,2502.74,20.8,0,2500.8,20.1,0,2472.96,19.8,0
"2026-03-23 00:00:00",435,801,"Chapada_High",11.89,2317.98,20.2,0,2454.16,19.8,0,2540.61,20.2,0,2560.67,20.1,0,2257.08,19.6,0,2839.81,20.1,0,2502.64,20.7,3,2500.55,20.1,0,2473.51,19.7,0
"2026-03-23 00:15:00",436,801,"Chapada_High",11.89,2317.28,20.1,0,2454.08,19.8,0,2540.51,20.1,0,2559.64,20.1,7,2258.19,19.5,0,2840.04,20,1,2502.34,20.7,0,2501.46,20.1,0,2472.86,19.7,0
"2026-03-23 00:30:00",437,801,"Chapada_High",11.89,2317.88,20.1,0,2454.02,19.7,0,2539.82,20.1,0,2558.52,20,0,2257.57,19.5,0,2838.87,20,0,2502.11,20.6,0,2499.39,20,0,2472.9,19.7,0
"2026-03-23 00:45:00",438,801,"Chapada_High",11.89,2317.1,20,0,2453.72,19.7,0,2540.04,20,0,2557.82,20,0,2258.11,19.5,0,2838.58,20,0,2501.89,20.5,0,2499.96,19.9,0,2472.92,19.6,0
"2026-03-23 01:00:00",439,801,"Chapada_High",11.89,2316.56,20,0,2452.96,19.7,0,2539.92,20,0,2558.06,19.9,0,2258.43,19.5,0,2837.73,19.9,6,2501.3,20.5,0,2499.28,19.9,0,2473.48,19.6,0
"2026-03-23 01:15:00",440,801,"Chapada_High",11.89,2317.15,19.9,0,2453.06,19.6,0,2539.57,19.9,0,2557.88,19.9,0,2257.06,19.4,0,2836.83,19.9,12,2500.88,20.5,2,2498.69,19.9,0,2473.24,19.5,0
"2026-03-23 01:30:00",441,801,"Chapada_High",11.89,2317.26,19.9,0,2451.8,19.6,12,2539.45,19.9,0,2557.28,19.9,12,2258.55,19.5,0,2836.66,19.9,0,2500.69,20.4,0,2499.09,19.9,0,2473.08,19.6,0
"2026-03-23 01:45:00",442,801,"Chapada_High",11.89,2317.02,20,0,2451.63,19.7,8,2539.2,19.9,0,2555.93,19.9,0,2258.58,19.5,0,2836.04,20,0,2500.26,20.4,0,2498.74,19.9,0,2473.17,19.6,0
"2026-03-23 02:00:00",443,801,"Chapada_High",11.89,2316.53,20,0,2452.69,19.7,2,2538.89,20,0,2556.08,20,0,2259.33,19.5,0,2834.94,20,10,2499.1,20.4,0,2499.26,20,0,2473.45,19.6,0
"2026-03-23 02:15:00",444,801,"Chapada_High",11.89,2315.72,19.9,0,2453.92,19.6,0,2538.65,19.9,0,2555.6,19.8,0,2258.44,19.3,0,2835.58,19.8,0,2499.93,20.4,0,2497.45,19.9,0,2473.38,19.5,0
"2026-03-23 02:30:00",445,801,"Chapada_High",11.89,2315.83,19.9,8,2454.03,19.5,0,2538.74,19.8,18,2555,19.8,0,2258.7,19.2,0,2834.58,19.8,10,2499.32,20.3,0,2497.61,19.8,0,2473.48,19.5,0
"2026-03-23 02:45:00",446,801,"Chapada_High",11.89,2316.59,19.8,0,2454.61,19.5,0,2539.17,19.8,0,2553.98,19.7,0,2258.88,19.2,0,2834.34,19.8,0,2499.08,20.3,0,2498.54,19.7,0,2473.09,19.4,0
"2026-03-23 03:00:00",447,801,"Chapada_High",11.9,2316.55,19.8,0,2452.73,19.5,0,2538.23,19.8,0,2553.65,19.8,0,2259.37,19.3,0,2833.93,19.8,0,2499.2,20.3,0,2497.13,19.8,0,2473.14,19.4,0
"2026-03-23 03:15:00",448,801,"Chapada_High",11.89,2316.95,19.8,0,2452.86,19.5,0,2538.7,19.8,0,2553.16,19.8,0,2259.36,19.3,0,2833.37,19.8,0,2498.13,20.3,0,2498.55,19.8,6,2473.34,19.4,0
"2026-03-23 03:30:00",449,801,"Chapada_High",11.89,2317.02,19.7,0,2454.03,19.5,0,2537.86,19.7,0,2552.78,19.7,0,2259.6,19.3,0,2833.1,19.8,2,2497.74,20.2,15,2497.77,19.7,0,2473.44,19.4,0
"2026-03-23 03:45:00",450,801,"Chapada_High",11.89,2315.62,19.7,0,2454.2,19.5,0,2537.5,19.7,0,2552.64,19.7,0,2259.87,19.3,0,2832.81,19.8,0,2497.85,20.2,2,2496.68,19.7,0,2473.17,19.4,0
"2026-03-23 04:00:00",451,801,"Chapada_High",11.89,2315.77,19.8,0,2453.71,19.5,0,2537.84,19.8,0,2552.5,19.8,0,2259.88,19.4,2,2833.04,19.8,0,2497.15,20.2,0,2497.54,19.8,0,2473.77,19.4,0
"2026-03-23 04:15:00",452,801,"Chapada_High",11.89,2316.49,19.8,0,2455.28,19.5,0,2538.7,19.7,0,2552.01,19.7,13,2260.62,19.3,0,2832.15,19.8,0,2497.27,20.2,0,2496.03,19.7,0,2473.56,19.4,0
"2026-03-23 04:30:00",453,801,"Chapada_High",11.89,2315.59,19.7,0,2455.46,19.4,0,2537.83,19.7,0,2551.75,19.6,0,2260.78,19.2,0,2831.99,19.7,0,2496.28,20.1,0,2496.09,19.6,0,2473.37,19.3,0
"2026-03-23 04:45:00",454,801,"Chapada_High",11.89,2315.13,19.6,0,2454.43,19.4,0,2537.67,19.6,6,2550.55,19.6,0,2260.36,19.2,0,2830.89,19.7,7,2497.16,20.1,0,2495.5,19.6,1,2473.39,19.3,0
"2026-03-23 05:00:00",455,801,"Chapada_High",11.89,2315.47,19.6,0,2452.42,19.4,0,2537.44,19.6,0,2550.02,19.6,0,2260.6,19.2,0,2830.72,19.7,0,2496.72,20.1,6,2495.26,19.6,0,2473.49,19.3,0
"2026-03-23 05:15:00",456,801,"Chapada_High",11.89,2315.38,19.6,7,2450.9,19.3,0,2537.38,19.6,0,2549.28,19.5,0,2262.47,19,0,2830.56,19.6,0,2496.53,20,0,2495.27,19.6,14,2473.62,19.2,0
"2026-03-23 05:30:00",457,801,"Chapada_High",11.89,2315.77,19.6,4,2450.77,19.3,0,2537,19.5,1,2549.62,19.5,0,2262.24,19,0,2830.23,19.5,0,2495.85,20,0,2494.73,19.5,1,2473.95,19.1,0
"2026-03-23 05:45:00",458,801,"Chapada_High",11.89,2315.89,19.6,0,2453.69,19.3,0,2537.42,19.5,0,2549.63,19.5,0,2262.7,19.1,0,2829.53,19.6,0,2495.57,20,0,2494.84,19.5,0,2474.12,19.2,0
"2026-03-23 06:00:00",459,801,"Chapada_High",11.89,2314.72,19.6,0,2453.29,19.3,0,2537.28,19.5,0,2548.87,19.5,0,2262.87,19.2,0,2829.61,19.6,0,2495.56,20,0,2495.59,19.5,0,2473.97,19.2,0
"2026-03-23 06:15:00",460,801,"Chapada_High",11.89,2315.38,19.6,6,2451.55,19.3,0,2537.49,19.5,0,2548.54,19.5,0,2263.27,19.2,0,2828.57,19.6,0,2495.03,20,0,2494.66,19.5,0,2474.11,19.2,0
"2026-03-23 06:30:00",461,801,"Chapada_High",11.89,2314.82,19.5,0,2449.33,19.2,0,2537.28,19.5,0,2548.11,19.4,10,2263.62,18.9,0,2828.59,19.5,0,2492.66,19.9,0,2493.98,19.4,0,2474.25,19.1,0
"2026-03-23 06:45:00",462,801,"Chapada_High",11.89,2315.84,19.4,0,2449.15,19.2,0,2537,19.4,0,2548.6,19.4,0,2264.36,18.9,0,2827.9,19.4,0,2492.59,19.9,0,2493.97,19.4,0,2474.2,19.1,0
"2026-03-23 07:00:00",463,801,"Chapada_High",11.89,2315.17,19.4,0,2450.77,19.2,0,2536.88,19.4,0,2548.55,19.4,0,2265,18.9,0,2827.51,19.5,0,2494.9,19.9,0,2493.76,19.4,0,2474.96,19.1,0
"2026-03-23 07:15:00",464,801,"Chapada_High",11.89,2315.07,19.6,0,2451.12,19.4,0,2536.74,19.6,0,2548.03,19.7,0,2264.65,19.3,0,2826.81,19.7,0,2494.33,20,0,2494.68,19.6,0,2474.14,19.3,0
"2026-03-23 07:30:00",465,801,"Chapada_High",11.89,2314.86,20.1,0,2451.57,20.1,0,2536.31,20.1,1,2547.93,20.6,0,2263.75,20.3,0,2825.44,20.3,7,2493.65,20.4,0,2493.04,20.3,0,2473.61,19.9,0
"2026-03-23 07:45:00",466,801,"Chapada_High",11.89,2314.23,20.6,0,2451.71,20.8,0,2535.24,20.6,0,2548.45,21.1,0,2263.57,21.5,0,2824.08,21.1,0,2492.94,20.8,0,2491.62,20.9,0,2472.17,20.6,0
"2026-03-23 08:00:00",467,801,"Chapada_High",11.89,2314.15,21.2,0,2445.78,21.4,3,2534.96,21.2,0,2546.59,21.6,0,2265.63,22.1,0,2822.34,21.8,2,2492.24,21.3,0,2492.34,21.6,0,2471.1,21.3,0
"2026-03-23 08:15:00",468,801,"Chapada_High",11.89,2313.96,21.7,0,2455.55,21.9,0,2533.98,21.6,0,2546.84,22,0,2266.04,22.5,0,2820.71,22.1,0,2491.43,21.9,0,2491.43,22.6,0,2470.52,21.8,0
"2026-03-23 08:30:00",469,801,"Chapada_High",11.89,2313.19,22,0,2451.2,22.3,0,2533.76,22,0,2544.86,22.5,0,2264.19,23.2,0,2820.15,22.5,0,2490.36,22.2,0,2490.51,23,7,2469.5,23,0
"2026-03-23 08:45:00",470,801,"Chapada_High",11.89,2310.94,23.2,0,2449.67,22.8,0,2533.63,22.4,0,2544.78,23.1,0,2262.37,23.9,0,2818.27,23,0,2489.71,22.5,0,2489.19,23.3,0,2469.34,23.1,0
"2026-03-23 09:00:00",471,801,"Chapada_High",11.89,2309.48,23.3,0,2446.84,24.2,0,2532.3,23,0,2541.85,23.9,0,2261.41,24.6,0,2816.26,23.7,0,2487.95,23,0,2487.42,23.9,0,2469.58,23.5,0
"2026-03-23 09:15:00",472,801,"Chapada_High",11.89,2309.74,23.6,0,2444.02,24,0,2531.15,23.8,0,2539.32,24.7,0,2262.53,24.9,0,2814.22,24.1,7,2486.57,23.3,0,2485.84,24.2,0,2469.58,23.7,0
"2026-03-23 09:30:00",473,801,"Chapada_High",11.89,2308.75,24.2,0,2441.94,24.5,0,2530.29,24.1,0,2538.19,25.7,0,2260.09,27,0,2812.41,24.8,0,2484.42,23.9,0,2483.29,25,0,2468.63,24.2,0
"2026-03-23 09:45:00",474,801,"Chapada_High",11.89,2308.54,24,0,2441.56,24.2,0,2529.57,23.9,0,2537.3,24.8,0,2261.52,25.7,0,2811.08,25.2,0,2482.88,23.9,0,2482.3,24.5,0,2469.68,24,0
"2026-03-23 10:00:00",475,801,"Chapada_High",11.89,2308.12,23.8,0,2447.91,24,0,2528.91,23.8,0,2537.46,24.3,0,2260.91,25,0,2810.6,24.7,0,2481.57,24.3,0,2480.61,24.3,0,2469.74,23.8,0
"2026-03-23 10:15:00",476,801,"Chapada_High",11.9,2307.21,24,3,2447.9,24.2,0,2528.44,24,0,2536.43,24.5,0,2260.05,25.1,0,2810.17,24.7,0,2480.35,24.4,0,2478.95,25.2,1,2469.42,24.1,5
"2026-03-23 10:30:00",477,801,"Chapada_High",11.89,2305.81,24.7,0,2446.72,24.9,0,2527.12,24.7,0,2534.74,25.2,0,2259.1,25.8,0,2810.84,25.3,0,2477.93,24.6,0,2477.06,25.5,5,2468.21,25,0
"2026-03-23 10:45:00",478,801,"Chapada_High",11.89,2304.46,26,0,2442.64,26.5,0,2523.77,26.4,0,2530.66,27.3,0,2256.5,27.5,0,2804.47,27,0,2475.43,25.7,0,2472.61,27.7,0,2466.84,25.9,0
"2026-03-23 11:00:00",479,801,"Chapada_High",11.89,2303.61,28.1,0,2437.48,28.1,0,2521.14,27.8,0,2525.32,29,0,2253.75,28.8,0,2800.07,28.5,0,2469.52,27,0,2467.11,29.3,0,2465.06,26.9,0
"2026-03-23 11:15:00",480,801,"Chapada_High",11.89,2301,27.7,0,2435.25,28.2,0,2520.73,27.4,0,2524.84,28.1,0,2253.32,28.2,0,2799.35,27.9,0,2466.53,26.9,0,2465.12,28.1,0,2465.61,26.6,0
"2026-03-23 11:30:00",481,801,"Chapada_High",11.89,2299.32,28,0,2431.96,28.7,0,2519.45,29,0,2520.82,29.8,0,2252.02,29.3,0,2796.25,28.7,0,2463.36,27.7,0,2460.56,29.1,0,2465.38,27.3,0
"2026-03-23 11:45:00",482,801,"Chapada_High",11.9,2298.79,28.6,0,2428.58,29.8,0,2517.17,29.9,0,2514.41,32.5,0,2248,30.9,0,2794.13,29.7,0,2458.88,29,0,2457.73,30.1,0,2462.56,28.3,0
"2026-03-23 12:00:00",483,801,"Chapada_High",11.89,2297.73,27.3,0,2427.02,27.9,0,2517.2,28.3,0,2516.23,29.2,0,2249.25,29.4,0,2797.45,28.4,0,2457.44,27.8,0,2456.23,28.3,0,2465.1,27.2,0
"2026-03-23 12:15:00",484,801,"Chapada_High",11.89,2296.45,27.3,0,2432.26,27.9,0,2516.46,28.4,0,2513.38,30,0,2247.02,29.9,0,2792.59,28.5,0,2456.26,28.3,0,2454.57,28.3,0,2463.65,27.8,0
"2026-03-23 12:30:00",485,801,"Chapada_High",11.9,2295.57,27.4,0,2440.46,27.9,0,2515.49,28.5,2,2510.63,29.8,0,2246.51,29.6,0,2791.05,28.5,0,2453.06,28.8,0,2453.21,29,0,2462.7,28,0
"2026-03-23 12:45:00",486,801,"Chapada_High",11.9,2295.91,26.5,16,2439.08,26.7,3,2516.38,27.3,0,2513.09,27.8,0,2248.82,27.9,0,2792.81,27.2,0,2451.89,27.6,0,2453.55,27.6,0,2463.83,27.3,9
"2026-03-23 13:00:00",487,801,"Chapada_High",11.89,2295.23,26.3,0,2441.51,26.2,0,2516.47,26.6,0,2511.91,26.8,0,2248.54,26.9,0,2793.58,26.5,0,2452.2,26.8,0,2454.18,26.7,0,2465.59,26.4,0
"2026-03-23 13:15:00",488,801,"Chapada_High",11.89,2294.76,26.2,0,2437.47,26.5,0,2516.09,26.8,0,2511.5,27,0,2247.57,27.1,0,2792.33,26.5,0,2451.04,26.7,0,2453.26,26.6,0,2464.6,26.6,0
"2026-03-23 13:30:00",489,801,"Chapada_High",11.89,2295.22,26.2,0,2437.63,26.5,0,2515.9,27.1,0,2509.97,27.4,0,2247.34,27.1,0,2792.16,26.5,0,2450.4,26.8,0,2452.71,26.7,0,2465.03,26.7,0
"2026-03-23 13:45:00",490,801,"Chapada_High",11.89,2293.86,26.3,0,2435.28,26.6,0,2514.42,27.3,0,2507.36,27.7,0,2245.3,28.1,0,2791.58,26.7,0,2449.81,26.8,0,2451.95,27,0,2464.41,27,0
"2026-03-23 14:00:00",491,801,"Chapada_High",11.89,2292.31,26.9,0,2433.55,27.5,0,2512.6,28.2,10,2506.32,28.7,0,2243.53,28.7,0,2788.59,28.2,0,2447.8,27.3,0,2449.85,27.7,0,2462.58,28.2,0
"2026-03-23 14:15:00",492,801,"Chapada_High",11.89,2291.42,27.6,0,2431.22,28.6,0,2511.81,29.3,0,2503.62,29.9,0,2241.61,29.6,0,2784.5,28.9,0,2444.99,28.7,0,2447.14,28.5,0,2459.52,29.6,0
"2026-03-23 14:30:00",493,801,"Chapada_High",11.89,2291.23,28,2,2427.22,29.1,0,2509.68,30.1,0,2499.01,30.4,0,2238.19,30.2,0,2782.55,29.6,0,2441.24,29,0,2444.36,29.9,0,2455.79,31.5,0
"2026-03-23 14:45:00",494,801,"Chapada_High",11.89,2289.64,28.3,0,2425.66,28.7,5,2508.15,29.8,0,2497.2,30.1,0,2237.81,29.7,0,2781.07,29.4,0,2439.52,28.9,0,2442.66,29,0,2456.14,31.1,1
"2026-03-23 15:00:00",495,801,"Chapada_High",11.89,2287.81,28.5,0,2422.63,29.5,8,2507.3,29.6,0,2496.97,30.2,0,2235.96,29.7,0,2779.37,29.1,0,2436.62,28.9,0,2440.86,28.7,0,2457.12,30.2,0
"2026-03-23 15:15:00",496,801,"Chapada_High",11.89,2286.78,27.9,0,2421.43,28.6,0,2507.04,29.5,0,2495.65,29.8,0,2234.67,29.2,0,2779.77,28.6,0,2434.45,28.6,0,2439.49,28.3,0,2457.97,29.5,0
"2026-03-23 15:30:00",497,801,"Chapada_High",11.89,2287.01,28.1,0,2419.02,28.9,0,2505.48,29.4,0,2491.27,31.1,0,2233.27,30.3,0,2777.15,28.9,0,2432.08,28.9,0,2438.14,28.6,0,2456.14,30.7,0
"2026-03-23 15:45:00",498,801,"Chapada_High",11.89,2285.44,27.4,0,2416.45,27.7,0,2504.03,28.5,0,2498.88,29.3,0,2233.23,29.3,0,2780.84,28.1,0,2431.2,28.2,0,2437.84,27.7,9,2459.26,28.8,0
"2026-03-23 16:00:00",499,801,"Chapada_High",11.89,2285.44,26,0,2421.11,25.8,0,2505.69,26.8,0,2493.67,26.9,0,2235.48,26.3,0,2779.26,26.4,0,2432.1,27,11,2440.94,26.1,0,2461.52,26.4,0
"2026-03-23 16:15:00",500,801,"Chapada_High",11.89,2284.33,24.4,0,2426.57,23.7,0,2505.59,24.7,0,2497.55,24.3,0,2240.7,23.6,0,2823.32,24.3,0,2435.33,25.4,3,2446.28,24.5,0,2459.77,23.9,0
"2026-03-23 16:30:00",501,801,"Chapada_High",11.89,2315.11,22.7,0,2489.29,22.1,0,2562.38,23.2,0,2616.27,22.5,0,2248.86,21.4,0,2882.12,21.9,0,2514.26,23.6,0,2516.18,22.7,0,2461.83,22.5,0
"2026-03-23 16:45:00",502,801,"Chapada_High",11.89,2317.81,22.3,0,2504.86,21.7,0,2558.13,22.7,0,2616.17,22.3,0,2251.32,21,0,2877.86,21.5,0,2535.5,23.1,0,2525.67,22.1,0,2466.68,21.9,0
"2026-03-23 17:00:00",503,801,"Chapada_High",11.89,2317.97,22.2,0,2509.75,21.7,0,2554.99,22.5,0,2610.91,22.2,0,2251.73,21,0,2874.6,21.5,0,2538.38,22.9,0,2525.57,22,0,2468.49,21.8,0
"2026-03-23 17:15:00",504,801,"Chapada_High",11.89,2317.51,22.1,0,2510.93,21.6,0,2552.63,22.4,0,2612.42,22.2,0,2253.7,21.1,0,2872.53,21.7,0,2537.76,22.7,0,2523.89,22,0,2469.09,21.7,0
"2026-03-23 17:30:00",505,801,"Chapada_High",11.89,2317.55,22.1,0,2510.85,21.6,0,2551.43,22.3,0,2607.28,22.1,0,2256.54,21.2,0,2869.87,21.8,2,2536.27,22.6,0,2521.78,22,0,2468,21.8,0
"2026-03-23 17:45:00",506,801,"Chapada_High",11.89,2318.39,22.1,0,2509.43,21.6,0,2550.07,22.2,0,2605.52,22.1,0,2255.31,21.1,0,2868.62,21.8,0,2534.86,22.6,0,2521.52,22,0,2468.5,21.8,0
"2026-03-23 18:00:00",507,801,"Chapada_High",11.89,2319.42,22,0,2508.66,21.5,0,2548.53,22.1,0,2600.07,21.9,0,2257.14,21,0,2866.9,21.7,0,2533.13,22.5,0,2520.58,21.9,2,2468.03,21.6,0
"2026-03-23 18:15:00",508,801,"Chapada_High",11.89,2318.76,21.9,0,2507.16,21.5,0,2547.39,22,0,2596.94,21.9,0,2256.74,21.1,0,2865.63,21.7,0,2532.73,22.4,0,2519.68,21.9,0,2467.27,21.6,0
"2026-03-23 18:30:00",509,801,"Chapada_High",11.89,2319.94,21.8,0,2506.26,21.4,0,2546.77,22,0,2593.88,21.9,0,2258.26,21,0,2864.49,21.7,0,2531.05,22.3,0,2519.15,21.9,0,2467.54,21.6,0
"2026-03-23 18:45:00",510,801,"Chapada_High",11.89,2319.94,21.8,0,2505.35,21.4,0,2545.81,21.9,0,2589.27,21.8,0,2259.33,21,0,2863.23,21.7,0,2530.77,22.3,0,2518.63,21.8,0,2467.69,21.5,0
"2026-03-23 19:00:00",511,801,"Chapada_High",11.89,2319.93,21.7,0,2503.3,21.3,0,2544.79,21.8,0,2586.58,21.7,0,2259.49,21,0,2862.54,21.7,0,2529.45,22.2,0,2518.04,21.8,0,2467.51,21.4,0
"2026-03-23 19:15:00",512,801,"Chapada_High",11.89,2320.25,21.7,0,2502.15,21.3,0,2544.94,21.7,0,2585.38,21.6,0,2259.75,20.9,0,2861.5,21.6,0,2528.22,22.1,0,2517.69,21.7,0,2468.44,21.3,0
"2026-03-23 19:30:00",513,801,"Chapada_High",11.89,2320.35,21.6,0,2501.21,21.3,0,2544.33,21.7,0,2584.19,21.6,0,2260.62,20.9,0,2860.55,21.6,0,2528.45,22,0,2517.06,21.7,0,2468.47,21.3,0
"2026-03-23 19:45:00",514,801,"Chapada_High",11.89,2320.4,21.7,0,2500.31,21.4,0,2542.82,21.8,0,2581.17,21.7,0,2261.69,21.2,0,2859.28,21.7,0,2527.02,22.1,0,2516.13,21.8,0,2468.44,21.4,0
"2026-03-23 20:00:00",515,801,"Chapada_High",11.89,2320.54,21.7,0,2498.62,21.4,0,2542.68,21.8,0,2581.55,21.7,0,2260.78,21.2,0,2858.52,21.7,0,2526.28,22.1,0,2515.49,21.8,0,2468.42,21.5,0
"2026-03-23 20:15:00",516,801,"Chapada_High",11.89,2320.74,21.7,0,2496.86,21.4,0,2542.14,21.8,0,2579.62,21.7,2,2262.36,21.2,0,2858.33,21.7,0,2525.16,22,0,2515.02,21.7,0,2468.08,21.4,0
"2026-03-23 20:30:00",517,801,"Chapada_High",11.89,2320.69,21.6,0,2495.88,21.3,0,2541.99,21.7,0,2577.85,21.6,0,2263.4,21,0,2856.92,21.6,0,2523.67,22,0,2514.31,21.7,0,2468.89,21.3,0
"2026-03-23 20:45:00",518,801,"Chapada_High",11.89,2321.6,21.4,0,2494.11,21.2,0,2541.65,21.6,0,2575.48,21.5,0,2263.94,20.9,0,2856.85,21.5,0,2523.22,21.9,0,2513.55,21.5,0,2469.24,21.2,0
"2026-03-23 21:00:00",519,801,"Chapada_High",11.89,2320.37,21.4,0,2493.88,21.1,0,2541.51,21.5,0,2573.31,21.4,0,2263.13,20.9,0,2856.73,21.5,0,2522.71,21.8,0,2513.2,21.5,0,2468.76,21.1,0
"2026-03-23 21:15:00",520,801,"Chapada_High",11.88,2321.09,21.4,0,2493.56,21.1,0,2541.42,21.5,0,2571.99,21.4,0,2264.4,20.9,0,2855.55,21.5,0,2522.26,21.8,0,2511.88,21.4,0,2469.57,21.1,0
"2026-03-23 21:30:00",521,801,"Chapada_High",11.89,2320.91,21.3,0,2493.6,21.1,0,2541.56,21.4,0,2570.42,21.4,0,2264.12,20.8,0,2854.4,21.4,0,2522.1,21.7,0,2512.53,21.4,0,2469.31,21,0
"2026-03-23 21:45:00",522,801,"Chapada_High",11.88,2320.66,21.3,0,2492.14,21.1,0,2540.93,21.4,0,2569.71,21.4,0,2264.23,20.9,0,2853.72,21.4,0,2520.98,21.7,0,2511.89,21.4,0,2469.54,21,0
"2026-03-23 22:00:00",523,801,"Chapada_High",11.89,2320.97,21.3,0,2491.09,21.1,0,2540.95,21.4,0,2568.32,21.4,0,2265.12,20.9,0,2853.09,21.4,0,2520.78,21.7,0,2510.27,21.4,0,2469.62,21.1,0
"2026-03-23 22:15:00",524,801,"Chapada_High",11.89,2320.38,21.3,0,2490.14,21,0,2540.74,21.4,0,2566.81,21.4,0,2265.56,20.8,0,2852.78,21.4,0,2520.57,21.7,0,2511.23,21.3,0,2469.61,21,0
"2026-03-23 22:30:00",525,801,"Chapada_High",11.89,2320.06,21.2,0,2489.18,21,0,2540.03,21.3,0,2566.45,21.3,0,2264.9,20.8,0,2851.82,21.3,0,2519.54,21.6,0,2511.3,21.3,0,2469.53,21,0
"2026-03-23 22:45:00",526,801,"Chapada_High",11.89,2320.34,21.2,0,2488.92,20.9,0,2539.9,21.3,0,2566.16,21.2,0,2265.45,20.7,0,2851.29,21.3,0,2519.19,21.6,0,2510.47,21.2,0,2470,20.9,0
"2026-03-23 23:00:00",527,801,"Chapada_High",11.89,2319.97,21.2,0,2488.02,21,0,2540.21,21.3,0,2564.8,21.3,2,2264.91,20.8,0,2850.32,21.3,0,2519.04,21.6,0,2509.56,21.3,0,2469.62,20.9,0
"2026-03-23 23:15:00",528,801,"Chapada_High",11.89,2320.55,21.2,0,2487.21,21,0,2540.16,21.3,0,2563.75,21.3,0,2265.92,20.8,0,2850.44,21.4,0,2518.53,21.6,0,2509.86,21.3,0,2469.83,21,0
"2026-03-23 23:30:00",529,801,"Chapada_High",11.89,2319.99,21.2,0,2487.06,21,0,2539.04,21.2,0,2563.07,21.3,0,2265.83,20.8,0,2849.44,21.4,0,2518.36,21.6,0,2508.58,21.2,0,2470.02,21,0
"2026-03-23 23:45:00",530,801,"Chapada_High",11.89,2319.69,21.2,0,2487.3,21,0,2539.69,21.2,0,2562.54,21.3,0,2267.87,20.8,0,2848.53,21.3,0,2517.45,21.6,0,2507.84,21.2,0,2469.74,21,0
"2026-03-24 00:00:00",531,801,"Chapada_High",11.89,2319.93,21.2,0,2486.28,20.9,0,2539.1,21.2,0,2562.27,21.2,0,2266.43,20.8,0,2848.03,21.3,0,2516.65,21.5,0,2507.91,21.2,0,2470.25,21,0
"2026-03-24 00:15:00",532,801,"Chapada_High",11.89,2319.36,21.2,0,2486.66,20.9,0,2539.11,21.2,0,2561.11,21.2,0,2268.18,20.7,0,2847.82,21.3,0,2516.35,21.5,0,2507.8,21.1,0,2470.32,20.9,0
"2026-03-24 00:30:00",533,801,"Chapada_High",11.88,2319.76,21,0,2486.21,20.9,0,2539.14,21.2,0,2560.1,21.1,0,2267.73,20.6,0,2847.02,21.2,0,2516.85,21.4,0,2509.03,21,0,2470.2,20.8,0
"2026-03-24 00:45:00",534,801,"Chapada_High",11.88,2319.54,20.9,0,2485.65,20.8,0,2539.4,21.1,0,2559.53,21.1,0,2268.87,20.5,0,2847.75,21.1,0,2515.45,21.4,0,2507.72,20.9,0,2471.14,20.7,0
"2026-03-24 01:00:00",535,801,"Chapada_High",11.89,2319.37,20.9,0,2486.12,20.8,0,2539.04,21.1,0,2559.62,21.1,0,2268.16,20.7,0,2847.34,21.1,0,2515.23,21.3,0,2506.56,20.9,0,2470.67,20.7,0
"2026-03-24 01:15:00",536,801,"Chapada_High",11.88,2319.44,21,0,2486,20.8,0,2538.67,21.1,0,2558.9,21.1,0,2268.48,20.6,0,2846.07,21.3,0,2514.99,21.3,0,2506.62,21,0,2470.74,20.7,0
"2026-03-24 01:30:00",537,801,"Chapada_High",11.89,2319.44,21,0,2486.05,20.8,0,2538.65,21.1,0,2558.17,21.1,0,2268.6,20.7,0,2845.9,21.3,0,2514.69,21.4,0,2506.27,21,0,2471.05,20.8,0
"2026-03-24 01:45:00",538,801,"Chapada_High",11.88,2319.28,21,0,2485.82,20.8,0,2538.4,21.1,0,2557.6,21.1,0,2268.81,20.7,0,2845.32,21.3,2,2514.05,21.4,0,2506.19,21.1,0,2470.29,20.9,0
"2026-03-24 02:00:00",539,801,"Chapada_High",11.89,2317.97,20.9,0,2490.23,20.7,0,2536.78,20.9,0,2560.78,20.9,0,2270.29,20.4,0,2847.59,21.1,1,2513.87,21.3,0,2509.77,20.9,0,2476.36,20.7,0
"2026-03-24 02:15:00",540,801,"Chapada_High",11.88,2316.16,20.8,0,2491.94,20.5,0,2539.5,20.8,0,2564.85,20.8,0,2271.73,20.2,0,2856.45,20.9,0,2518.22,21.2,0,2515.21,20.8,0,2476.52,20.5,0
"2026-03-24 02:30:00",541,801,"Chapada_High",11.89,2314.2,20.7,0,2494,20.4,0,2545.7,20.7,0,2573.13,20.7,0,2273.94,20.1,0,2867.89,20.7,0,2532.1,21.1,0,2521.92,20.7,0,2477.32,20.4,0
"2026-03-24 02:45:00",542,801,"Chapada_High",11.89,2315.13,20.3,10,2497.61,20,0,2550.81,20.4,0,2583.12,20.4,0,2273.21,19.6,0,2873.98,20.4,0,2541.23,20.9,0,2529.81,20.4,0,2477.15,19.9,0
"2026-03-24 03:00:00",543,801,"Chapada_High",11.89,2316.55,20.2,0,2501.15,20,0,2554.03,20.3,0,2588.14,20.3,3,2275.56,19.6,0,2876.14,20.4,0,2546.82,20.8,0,2533.4,20.3,0,2478.1,19.9,0
"2026-03-24 03:15:00",544,801,"Chapada_High",11.88,2316.77,20.2,0,2505.28,20,0,2557.21,20.2,0,2594.24,20.3,0,2276.45,19.6,0,2879.36,20.3,0,2548.41,20.7,2,2534.21,20.2,0,2477.49,19.9,0
"2026-03-24 03:30:00",545,801,"Chapada_High",11.88,2318.41,20.1,0,2508.76,19.9,0,2559.07,20.1,0,2597.11,20.2,0,2276.61,19.5,0,2882.3,20.2,0,2549.59,20.7,0,2534.39,20.1,0,2477.86,19.8,0
"2026-03-24 03:45:00",546,801,"Chapada_High",11.89,2319.94,20,0,2512.5,19.7,0,2561.04,20,0,2599.06,20.1,2,2275.93,19.3,0,2884.8,20.1,0,2550,20.6,0,2536.16,20,4,2477.87,19.7,0
"2026-03-24 04:00:00",547,801,"Chapada_High",11.89,2321.18,19.8,0,2517.21,19.6,0,2564.69,19.9,0,2606.57,19.9,0,2277.54,19.2,0,2891.42,19.9,0,2552.71,20.4,0,2538.13,19.8,0,2477.47,19.5,0
"2026-03-24 04:15:00",548,801,"Chapada_High",11.89,2321.46,19.7,0,2519.61,19.5,0,2565.29,19.8,0,2611.53,19.8,0,2277.93,19.1,0,2896.97,19.8,0,2555.3,20.3,0,2539.78,19.7,0,2477.07,19.4,0
"2026-03-24 04:30:00",549,801,"Chapada_High",11.89,2322.1,19.6,0,2523.85,19.4,0,2564.51,19.7,0,2615.01,19.8,0,2278.88,19,0,2904.26,19.7,1,2558.91,20.2,0,2542.27,19.6,0,2476.18,19.3,0
"2026-03-24 04:45:00",550,801,"Chapada_High",11.89,2322.13,19.6,0,2527.63,19.3,0,2563.74,19.6,0,2616.67,19.7,0,2279.7,19,0,2907.73,19.7,0,2562.32,20.1,0,2544.01,19.5,0,2477.36,19.3,0
"2026-03-24 05:00:00",551,801,"Chapada_High",11.89,2323.6,19.6,0,2532.36,19.3,0,2563.14,19.6,0,2620.19,19.6,0,2282.05,18.9,0,2910.8,19.7,0,2564.99,20,0,2546.12,19.5,0,2479.13,19.3,0
"2026-03-24 05:15:00",552,801,"Chapada_High",11.89,2325.09,19.6,0,2532.81,19.3,0,2560.75,19.6,0,2617.32,19.6,0,2282.3,19,0,2909.8,19.7,0,2563.83,20,0,2547.13,19.5,0,2479.39,19.3,0
"2026-03-24 05:30:00",553,801,"Chapada_High",11.89,2325.91,19.5,0,2532.4,19.3,0,2560.17,19.5,0,2613.36,19.6,0,2283.58,18.9,0,2908.72,19.6,0,2561.6,20,0,2546.45,19.5,0,2479.75,19.2,0
"2026-03-24 05:45:00",554,801,"Chapada_High",11.89,2327.02,19.5,0,2531.08,19.3,0,2558.08,19.5,0,2610.69,19.5,0,2282.94,18.9,0,2907.42,19.6,0,2562.82,20,0,2545.48,19.5,0,2479.41,19.2,0
"2026-03-24 06:00:00",555,801,"Chapada_High",11.88,2327.82,19.5,0,2530.32,19.2,0,2557.06,19.5,0,2607.45,19.5,0,2284.3,18.8,2,2906.47,19.6,0,2559.23,20,0,2544.32,19.5,0,2479.42,19.2,0
"2026-03-24 06:15:00",556,801,"Chapada_High",11.88,2326.95,19.4,0,2528.53,19.2,0,2556.66,19.5,0,2604.66,19.5,0,2284.32,18.7,0,2905.4,19.6,0,2558.11,19.9,0,2543.71,19.4,0,2479.41,19.1,0
"2026-03-24 06:30:00",557,801,"Chapada_High",11.89,2326.97,19.3,0,2527.74,19.2,0,2555.88,19.4,0,2604.62,19.4,0,2284.57,18.7,1,2904.12,19.6,0,2557.22,19.9,0,2543.67,19.4,0,2480.38,19.1,0
"2026-03-24 06:45:00",558,801,"Chapada_High",11.88,2327.53,19.3,0,2527.44,19.1,0,2555.17,19.4,0,2604.02,19.4,0,2285.44,18.8,0,2903.37,19.5,0,2557.13,19.8,1,2543.26,19.4,0,2478.98,19.1,0
"2026-03-24 07:00:00",559,801,"Chapada_High",11.88,2328.26,19.4,0,2526.68,19.1,0,2554.38,19.4,0,2603.25,19.4,0,2285.28,18.8,0,2902.32,19.6,0,2558.6,19.8,0,2543.43,19.4,0,2478.91,19.1,0
"2026-03-24 07:15:00",560,801,"Chapada_High",11.88,2328.43,19.4,0,2526.09,19.2,0,2554.14,19.5,0,2601.22,19.4,0,2285.72,18.9,0,2900.62,19.7,0,2557.97,19.9,0,2542.66,19.4,0,2478.77,19.2,0
"2026-03-24 07:30:00",561,801,"Chapada_High",11.89,2327.17,19.4,0,2526.95,19.3,1,2554.64,19.5,0,2607.95,19.5,0,2288.84,19,0,2902.28,19.7,0,2559.62,19.9,0,2544.25,19.6,0,2477.3,19.3,0
"2026-03-24 07:45:00",562,801,"Chapada_High",11.89,2328.42,19.5,0,2528.19,19.3,0,2554.77,19.6,0,2609.91,19.6,0,2289.85,19.1,0,2902.75,19.8,0,2559.64,20,0,2545.32,19.6,0,2478.32,19.3,0
"2026-03-24 08:00:00",563,801,"Chapada_High",11.89,2328.3,19.6,0,2528.17,19.5,0,2555.26,19.7,0,2608.2,19.7,0,2290.96,19.3,0,2901.33,19.9,0,2560.63,20,1,2544.74,19.8,0,2478.38,19.5,0
"2026-03-24 08:15:00",564,801,"Chapada_High",11.89,2328.96,19.7,0,2527.23,19.5,0,2554.26,19.8,0,2606.24,19.8,6,2289.04,19.4,0,2899.16,20,1,2560.24,20.1,0,2543.31,19.9,0,2478.78,19.6,0
"2026-03-24 08:30:00",565,801,"Chapada_High",11.89,2328.34,19.8,0,2526.49,19.6,0,2553.19,19.9,0,2603.46,20,0,2290.21,19.6,0,2898.04,20.1,0,2558.7,20.2,0,2543.56,20,0,2477.73,19.7,0
"2026-03-24 08:45:00",566,801,"Chapada_High",11.89,2329,19.9,0,2525.86,19.7,0,2552.92,20,0,2603.03,20.1,0,2289.44,19.7,0,2896.44,20.3,1,2558.3,20.3,0,2543.29,20.1,0,2478.43,19.8,0
"2026-03-24 09:00:00",567,801,"Chapada_High",11.89,2329,20.1,0,2524.86,20,0,2551.34,20.2,0,2603.17,20.4,0,2290.07,20,0,2894.97,20.5,0,2557.1,20.6,0,2541.57,20.4,0,2478.02,20.2,0
"2026-03-24 09:15:00",568,801,"Chapada_High",11.89,2328.84,21.1,0,2521.61,21.2,0,2548.73,21.2,0,2598.33,21.9,0,2288.05,21.6,0,2891.74,21.7,0,2555.27,21.4,0,2539.49,21.8,0,2476.58,21.6,0
"2026-03-24 09:30:00",569,801,"Chapada_High",11.89,2328.27,22.3,0,2518.4,21.9,0,2547.46,21.9,5,2593.91,22.8,0,2289.45,22.2,0,2888.99,22.2,12,2552.94,22.1,3,2537.54,22.5,0,2475.73,22.4,0
"2026-03-24 09:45:00",570,801,"Chapada_High",11.89,2328.58,22.2,0,2516.72,22.5,0,2548.1,22,0,2591.44,22.8,0,2289.33,22.2,0,2887.74,22.2,0,2552.26,22.2,0,2536.04,22.5,0,2475.41,22.1,0
"2026-03-24 10:00:00",571,801,"Chapada_High",11.89,2328.23,22.9,0,2514.59,23.2,0,2546.1,23.6,0,2588.44,23.8,0,2286.37,23,0,2884.82,23.1,0,2550.27,22.8,0,2533.08,23.8,0,2473.83,22.8,0
"2026-03-24 10:15:00",572,801,"Chapada_High",11.89,2328.18,22.8,0,2514.02,23.1,0,2546.24,23.4,0,2586.45,24.8,0,2284.16,23.7,0,2882.44,23.2,0,2548.35,23.1,0,2531.42,23.9,0,2472.79,22.9,0
"2026-03-24 10:30:00",573,801,"Chapada_High",11.89,2328.56,22.7,0,2512.93,22.9,0,2547.33,23.3,0,2584.34,24.2,0,2284.37,23.7,0,2881.52,23.5,0,2546.97,23.2,0,2530.93,23.5,0,2472.47,22.9,0
"2026-03-24 10:45:00",574,801,"Chapada_High",11.89,2328.09,22.8,4,2512.81,22.9,0,2546.53,23.3,0,2582.14,24.1,5,2285.46,23.2,12,2879.29,23.7,0,2545.21,23.6,0,2529.87,23.5,0,2472.96,22.9,0
"2026-03-24 11:00:00",575,801,"Chapada_High",11.89,2327.3,22.9,0,2511.02,23,0,2546.5,23.4,0,2580.57,24.3,0,2284.63,23.3,0,2877.94,23.5,0,2543.82,23.9,0,2528.28,24.6,2,2472.47,23.1,0
"2026-03-24 11:15:00",576,801,"Chapada_High",11.89,2326.88,23.6,0,2509.99,23.8,0,2545.02,24.2,0,2576.53,25.3,0,2282.57,24.2,0,2875.39,24.2,0,2541.41,24.3,0,2525.64,24.9,0,2469.42,24.9,0
"2026-03-24 11:30:00",577,801,"Chapada_High",11.89,2325.05,25,0,2506.1,24.4,0,2543.38,24.6,2,2573.57,25.6,0,2281.32,24.6,0,2873.22,24.7,0,2539.75,24.7,0,2523.96,25.2,0,2468.86,24.8,0
"2026-03-24 11:45:00",578,801,"Chapada_High",11.89,2324.83,24.7,0,2505.09,25.3,11,2541.7,25.2,0,2571.13,25.8,0,2280.65,24.8,0,2871.38,25,0,2538.14,25.1,0,2522.85,25.2,0,2468.49,24.9,0
"2026-03-24 12:00:00",579,801,"Chapada_High",11.89,2323.91,24.8,0,2502.38,25.1,2,2540.98,25.9,0,2567.3,26.8,0,2279.93,25.2,0,2870.04,25.4,0,2535.44,25.4,0,2521.3,25.4,0,2467.55,25.1,0
"2026-03-24 12:15:00",580,801,"Chapada_High",11.89,2323.08,24.9,8,2501.57,25.2,0,2540.23,25.9,0,2564.09,27,0,2277.91,27.3,0,2867.1,25.8,0,2533.39,25.6,0,2520.37,25.6,4,2466.6,25.4,0
"2026-03-24 12:30:00",581,801,"Chapada_High",11.89,2322.16,25,3,2496.82,25.4,0,2538.35,26,0,2562.26,26.8,0,2277.06,26.3,0,2864.36,26.7,0,2531.38,25.9,0,2519.03,25.8,0,2466.75,25.6,0
"2026-03-24 12:45:00",582,801,"Chapada_High",11.89,2321.94,24.8,0,2495.63,25.2,0,2537.68,25.7,0,2560.91,26.2,1,2276.94,25.5,0,2864.19,26,0,2528.45,26.2,0,2518.25,25.7,0,2466.8,25.3,0
"2026-03-24 13:00:00",583,801,"Chapada_High",11.9,2320.94,25.1,0,2493.43,25.5,0,2537.63,26,0,2558.36,26.6,0,2275.54,25.8,0,2863.09,26.2,0,2526.92,26.2,0,2517.66,26.7,0,2465.21,26.1,0
"2026-03-24 13:15:00",584,801,"Chapada_High",11.89,2319.3,25.5,0,2491.7,25.4,0,2536.09,25.9,0,2556.06,26.4,0,2274.64,25.6,0,2861.84,25.9,1,2526.25,26.1,0,2515.97,26.3,2,2464.71,26.2,0
"2026-03-24 13:30:00",585,801,"Chapada_High",11.9,2319.17,25.4,0,2488.58,25.7,0,2536.29,25.6,13,2555.23,26,0,2274.62,25.3,0,2862.05,25.7,0,2526.79,25.9,0,2516.17,25.9,0,2465.75,25.8,0
"2026-03-24 13:45:00",586,801,"Chapada_High",11.9,2318.3,25.3,0,2486.64,25.7,0,2534.99,26.2,0,2552.71,26.3,0,2273.24,25.7,0,2861.77,25.9,0,2525.38,26,0,2515.61,26,0,2465.52,25.9,0
"2026-03-24 14:00:00",587,801,"Chapada_High",11.9,2317.3,25.7,0,2485.9,26.1,0,2533.75,26.6,0,2549.89,27.9,0,2271.02,26.7,0,2859.19,26.4,0,2523.64,26.4,9,2514.7,26.5,0,2464.51,26.6,0
"2026-03-24 14:15:00",588,801,"Chapada_High",11.9,2315.62,25.9,0,2484.77,26.3,0,2532.14,26.8,0,2546.3,27.6,0,2269.32,27.5,0,2860.66,26.8,2,2520.63,26.7,0,2512.48,26.7,0,2463.9,26.9,0
"2026-03-24 14:30:00",589,801,"Chapada_High",11.9,2315.99,25.6,0,2482.51,25.9,0,2532.29,26.4,0,2545.58,27,0,2269.28,26.5,0,2856.4,26.7,0,2519.79,26.6,0,2513.16,26.3,0,2464.34,26.4,0
"2026-03-24 14:45:00",590,801,"Chapada_High",11.89,2314.18,25.9,0,2480.7,26.8,0,2531.08,26.9,0,2543.12,27.5,0,2268.41,27.1,0,2855.43,27.1,2,2518.47,27.1,0,2511.26,27.7,5,2463.56,27.1,1
"2026-03-24 15:00:00",591,801,"Chapada_High",11.9,2313.89,26.3,6,2477.55,27.2,0,2529.67,27.4,0,2539.79,28.2,0,2265.83,27.7,0,2853.9,27.6,0,2516.03,27.5,0,2509.83,27.5,4,2459.94,29.3,0
"2026-03-24 15:15:00",592,801,"Chapada_High",11.9,2311.66,27,0,2476.55,26.8,0,2528.76,27.1,3,2539.5,27.9,0,2265.28,27.3,0,2852.52,27.3,0,2515.08,27.4,0,2509.84,27,0,2460.84,28.8,0
"2026-03-24 15:30:00",593,801,"Chapada_High",11.9,2311.4,26.6,0,2474.09,27.5,0,2528.73,27.1,0,2536.41,28,0,2264.11,27.3,0,2852.34,27.2,0,2513.38,27.5,12,2508.9,27,0,2460.38,29,1
"2026-03-24 15:45:00",594,801,"Chapada_High",11.9,2310.4,26.2,0,2475.81,26.7,0,2528.28,27.2,0,2536.04,28,0,2263.19,27,0,2852.21,26.9,0,2511.8,27.3,0,2509.12,26.6,10,2461.52,28.5,0
"2026-03-24 16:00:00",595,801,"Chapada_High",11.9,2309.38,26.3,12,2473.48,26.7,0,2526.79,27.1,0,2534.07,28.3,0,2260.32,28.5,0,2851.24,26.9,0,2510.29,27.6,0,2507.81,26.7,0,2460.63,29,0
"2026-03-24 16:15:00",596,801,"Chapada_High",11.89,2308.81,25.9,10,2473.1,26.2,0,2527.38,26.7,0,2532.19,27.5,0,2260.8,27.3,0,2849.39,27,0,2509.24,27.2,0,2508.01,26.3,0,2461.79,28,0
"2026-03-24 16:30:00",597,801,"Chapada_High",11.9,2309.31,25.5,0,2473.24,25.7,0,2527,26.2,0,2531.62,26.8,7,2261.22,26.3,1,2850.18,26.3,0,2509.54,27,0,2508.13,26,0,2463.4,26.9,0
"2026-03-24 16:45:00",598,801,"Chapada_High",11.89,2308.76,25.4,0,2471.03,25.6,0,2526.23,26.1,0,2531.17,26.6,0,2259.81,26.1,0,2850.37,26,0,2508.56,26.7,0,2507.55,26.4,0,2463.51,26.7,0
"2026-03-24 17:00:00",599,801,"Chapada_High",11.89,2307.76,25.4,0,2471.55,25.2,0,2526.58,25.8,0,2529.79,26.2,0,2260.49,25.6,0,2850.48,25.6,15,2509.42,26.2,0,2508.53,25.8,0,2464.6,26.4,0
"2026-03-24 17:15:00",600,801,"Chapada_High",11.89,2308.44,25,0,2471.43,25,0,2527.39,25.4,0,2531.21,25.7,0,2260.65,25,0,2850.19,25.2,0,2510.51,25.7,0,2508.9,25.2,0,2465.94,25.6,4
"2026-03-24 17:30:00",601,801,"Chapada_High",11.9,2307.96,24.6,0,2468.97,24.6,0,2527.14,25.3,0,2529.62,25.3,0,2259.51,24.6,0,2850.43,24.8,0,2511.01,25.3,0,2509.91,24.8,0,2466.28,25,0
"2026-03-24 17:45:00",602,801,"Chapada_High",11.89,2308.37,24.2,0,2470.26,24.1,0,2528.61,24.8,14,2530.71,25.1,7,2259.07,24.2,0,2851.43,24.4,0,2511.84,25,0,2510.25,24.4,0,2467.82,24.5,0
"2026-03-24 18:00:00",603,801,"Chapada_High",11.89,2308.67,23.9,0,2469.36,23.7,0,2528.44,24.4,0,2530.96,24.6,0,2260.21,23.9,0,2851.65,24.1,0,2511.61,24.6,0,2510.21,24.1,0,2468.53,24,0
"2026-03-24 18:15:00",604,801,"Chapada_High",11.89,2309.26,23.5,0,2469.74,23.3,0,2529.06,24,0,2530.68,24,0,2261.47,23.3,0,2850.85,23.8,0,2512.86,24.3,0,2510.78,23.7,0,2468.77,23.6,0
"2026-03-24 18:30:00",605,801,"Chapada_High",11.89,2310.53,23.2,0,2470,23,0,2529.3,23.6,0,2529.69,23.6,0,2263.02,22.9,0,2851.75,23.4,0,2513.06,24,0,2511.21,23.4,15,2469.5,23.2,0
"2026-03-24 18:45:00",606,801,"Chapada_High",11.89,2309.4,23,0,2470.29,22.7,0,2529.17,23.3,0,2530.03,23.2,2,2263.14,22.5,0,2851.36,23.1,0,2513.72,23.6,0,2511.48,23.1,4,2470.37,22.9,1
"2026-03-24 19:00:00",607,801,"Chapada_High",11.89,2310.24,22.7,0,2471.48,22.4,0,2530.62,23,0,2531.81,22.9,1,2263.73,22.2,0,2851.71,22.8,0,2514.05,23.3,0,2511.83,22.9,0,2470.72,22.5,0
"2026-03-24 19:15:00",608,801,"Chapada_High",11.89,2309.6,22.6,0,2471.34,22.2,0,2530.59,22.7,0,2530.93,22.7,0,2264.49,21.9,0,2851.51,22.6,0,2514.99,23.1,0,2512.26,22.6,3,2471.34,22.3,0
"2026-03-24 19:30:00",609,801,"Chapada_High",11.89,2309.51,22.4,0,2471.28,22.1,0,2530.58,22.6,0,2530.92,22.5,0,2262.81,21.8,0,2851.09,22.5,0,2514.84,22.9,0,2512.64,22.5,0,2471.25,22.1,0
"2026-03-24 19:45:00",610,801,"Chapada_High",11.89,2311.63,22.3,0,2471.72,21.9,0,2530.77,22.4,0,2531.74,22.4,0,2262.35,21.7,0,2851.07,22.4,0,2514.68,22.8,0,2512.33,22.4,0,2471.72,22,0
"2026-03-24 20:00:00",611,801,"Chapada_High",11.89,2311.54,22.2,0,2472.08,21.9,0,2531.05,22.3,0,2532.74,22.3,1,2265.12,21.7,0,2850.73,22.3,0,2515.33,22.7,6,2512.12,22.3,8,2472.2,22,0
"2026-03-24 20:15:00",612,801,"Chapada_High",11.89,2311.67,22.1,0,2472.67,21.8,0,2530.94,22.3,0,2533.02,22.2,0,2262.99,21.6,0,2850.31,22.2,0,2515.06,22.6,0,2512.94,22.2,0,2471.83,21.9,0
"2026-03-24 20:30:00",613,801,"Chapada_High",11.89,2311.84,22,0,2472.36,21.7,1,2531.23,22.1,0,2533.83,22.1,0,2263.72,21.5,0,2850.42,22.1,1,2515.39,22.4,0,2512.6,22.1,2,2472.19,21.8,0
"2026-03-24 20:45:00",614,801,"Chapada_High",11.89,2312.02,21.9,0,2471.95,21.6,0,2532,22,0,2533.59,22,0,2264.07,21.4,0,2850.42,22.1,0,2515.17,22.3,0,2512.1,22,0,2471.97,21.7,0
"2026-03-24 21:00:00",615,801,"Chapada_High",11.89,2312.42,21.9,0,2472.83,21.6,0,2532.08,22,0,2533.98,22,0,2264.21,21.4,0,2849.96,22,0,2514.92,22.3,0,2512.54,22,0,2471.83,21.7,0
"2026-03-24 21:15:00",616,801,"Chapada_High",11.89,2312.3,21.9,0,2472.58,21.6,0,2531.8,21.9,0,2534.17,22,0,2263.45,21.4,3,2849.36,22,0,2515.66,22.2,0,2512.27,21.9,0,2472.36,21.6,0
"2026-03-24 21:30:00",617,801,"Chapada_High",11.89,2312.44,21.9,0,2473.48,21.5,1,2532.43,21.9,0,2534.57,21.9,0,2264.56,21.3,0,2849.6,21.9,1,2515.26,22.1,3,2512.57,21.9,0,2471.9,21.5,0
"2026-03-24 21:45:00",618,801,"Chapada_High",11.89,2313.03,21.8,0,2473.43,21.5,0,2532.22,21.8,0,2534.57,21.8,0,2265.33,21.2,1,2850.35,21.9,0,2515.65,22.1,0,2512.22,21.8,0,2472.09,21.5,0
"2026-03-24 22:00:00",619,801,"Chapada_High",11.89,2312.71,21.7,0,2473.51,21.4,0,2532.39,21.7,0,2534.73,21.8,0,2265.95,21.2,0,2848.74,21.8,0,2515.55,22,0,2512.38,21.7,0,2472.56,21.4,0
"2026-03-24 22:15:00",620,801,"Chapada_High",11.89,2313.05,21.7,0,2474.01,21.3,0,2533.24,21.7,0,2534.68,21.7,0,2264.7,21.2,0,2848.11,21.8,0,2515.48,22,6,2512.28,21.7,0,2472.57,21.4,0
"2026-03-24 22:30:00",621,801,"Chapada_High",11.89,2312.81,21.6,0,2474.16,21.4,0,2533.15,21.7,0,2535.4,21.7,0,2265.25,21.2,0,2848.36,21.8,0,2515.26,21.9,0,2512.34,21.7,0,2472.58,21.4,0
"2026-03-24 22:45:00",622,801,"Chapada_High",11.89,2312.37,21.6,0,2474.4,21.3,0,2533.36,21.6,0,2535.23,21.7,0,2265.09,21.2,0,2847.57,21.7,0,2515.24,21.9,0,2512.11,21.7,0,2472.95,21.3,0
"2026-03-24 23:00:00",623,801,"Chapada_High",11.89,2313.03,21.6,0,2474.66,21.4,3,2532.7,21.6,0,2535.78,21.7,0,2264.62,21.2,0,2847.77,21.7,0,2514.88,21.9,0,2512.12,21.7,0,2472.7,21.3,0
"2026-03-24 23:15:00",624,801,"Chapada_High",11.89,2312.67,21.6,0,2474.73,21.3,0,2532.71,21.6,0,2535.85,21.7,11,2265.48,21.2,0,2847.68,21.7,0,2514.92,21.9,0,2511.54,21.7,0,2472.6,21.3,0
"2026-03-24 23:30:00",625,801,"Chapada_High",11.89,2313.52,21.5,0,2474.94,21.2,0,2533.4,21.5,0,2535.7,21.6,0,2264.54,21,0,2847.76,21.7,0,2514.66,21.8,0,2511.98,21.6,2,2472.45,21.2,0
"2026-03-24 23:45:00",626,801,"Chapada_High",11.89,2312.88,21.4,0,2475.3,21.2,0,2533.39,21.5,0,2535.85,21.5,0,2265.09,21,0,2847.29,21.7,0,2515.25,21.7,0,2512.04,21.6,0,2472.69,21.2,0
"2026-03-25 00:00:00",627,801,"Chapada_High",11.89,2312.64,21.2,0,2475.37,20.9,0,2533.91,21.3,0,2535.01,21.3,0,2265.87,20.6,0,2848.25,21.3,0,2515.37,21.6,0,2511.25,21.3,0,2474.96,20.9,0
"2026-03-25 00:15:00",628,801,"Chapada_High",11.89,2312.95,20.9,0,2476.68,20.7,0,2533.53,21.1,0,2535.12,21,0,2266.9,20.3,0,2849.35,21,0,2515.1,21.4,0,2511.24,21,0,2478.33,20.7,0
"2026-03-25 00:30:00",629,801,"Chapada_High",11.89,2313.65,20.8,0,2476.71,20.5,0,2533.32,20.9,0,2536.03,20.8,0,2267.4,20.1,0,2850.82,20.9,0,2516.34,21.2,2,2513.34,20.8,0,2478.35,20.5,0
"2026-03-25 00:45:00",630,801,"Chapada_High",11.89,2313.18,20.7,0,2477.66,20.4,0,2532.33,20.8,0,2536.51,20.7,0,2269.23,20,0,2851.3,20.9,0,2518.09,21.1,0,2513.28,20.8,0,2478.36,20.4,0
"2026-03-25 01:00:00",631,801,"Chapada_High",11.89,2313.39,20.7,0,2478.1,20.4,1,2533.7,20.8,0,2535.5,20.7,0,2268.84,20.1,0,2851.49,20.9,0,2518.33,21.1,0,2513.62,20.8,0,2478.24,20.4,0
"2026-03-25 01:15:00",632,801,"Chapada_High",11.89,2313.26,20.8,0,2477.28,20.5,10,2533.99,20.8,0,2536.69,20.8,0,2268.32,20.2,0,2851.86,21,0,2518.7,21.1,0,2513.73,20.8,0,2477.77,20.5,0
"2026-03-25 01:30:00",633,801,"Chapada_High",11.89,2312.87,20.8,2,2477.82,20.5,0,2533.49,20.9,0,2535.83,20.9,0,2268.33,20.3,0,2852.18,21.1,0,2518.32,21.1,0,2513.44,20.9,0,2477.74,20.5,0
"2026-03-25 01:45:00",634,801,"Chapada_High",11.88,2313.66,20.9,0,2477.68,20.6,0,2533.52,20.9,0,2536.89,20.9,0,2268.75,20.4,0,2850.95,21.1,0,2518.7,21.2,0,2514.25,20.9,0,2478.2,20.6,0
"2026-03-25 02:00:00",635,801,"Chapada_High",11.89,2313.26,20.9,0,2478.46,20.6,0,2535.09,20.9,0,2536.76,20.9,0,2268.82,20.5,0,2851.49,21.1,3,2518.35,21.2,0,2513.33,20.9,0,2478.22,20.6,0
"2026-03-25 02:15:00",636,801,"Chapada_High",11.89,2313.59,20.9,0,2477.83,20.7,0,2534.97,20.9,0,2537.12,21,0,2268.01,20.5,0,2850.59,21.1,0,2518.48,21.2,0,2513.05,21,0,2477.94,20.7,0
"2026-03-25 02:30:00",637,801,"Chapada_High",11.89,2313.4,20.9,0,2478.32,20.7,0,2534.05,21,0,2537.86,21,2,2268.17,20.5,0,2850.21,21.2,0,2518.84,21.2,3,2514.31,21,0,2477.91,20.7,0
"2026-03-25 02:45:00",638,801,"Chapada_High",11.89,2312.81,20.9,0,2477.41,20.7,0,2533.47,20.9,0,2538.01,21,0,2268.92,20.5,0,2850.55,21.2,0,2518.34,21.2,0,2514.03,21,0,2477.41,20.7,0
"2026-03-25 03:00:00",639,801,"Chapada_High",11.89,2312.99,20.9,0,2477.93,20.7,0,2533.71,21,0,2539.21,21,0,2268.94,20.6,0,2850.46,21.2,0,2518.31,21.2,0,2514.68,21,0,2477.7,20.7,0
"2026-03-25 03:15:00",640,801,"Chapada_High",11.89,2313.22,20.9,0,2478.27,20.7,0,2534.13,21,7,2538.57,21,0,2268.85,20.5,0,2850.2,21.1,0,2518.61,21.2,0,2514.16,21,0,2477.8,20.7,0
"2026-03-25 03:30:00",641,801,"Chapada_High",11.89,2314.07,20.9,0,2478.04,20.7,0,2534.1,20.9,0,2539.12,20.9,0,2269.62,20.5,0,2849.92,21.1,0,2518.51,21.2,0,2513.55,21,0,2478.19,20.6,0
"2026-03-25 03:45:00",642,801,"Chapada_High",11.89,2313.27,20.9,0,2477.99,20.7,0,2534.66,20.9,0,2539.56,21,0,2268.64,20.5,0,2849.57,21.2,0,2518.51,21.2,0,2514.67,21,0,2477.23,20.7,0
"2026-03-25 04:00:00",643,801,"Chapada_High",11.89,2302.06,20.1,0,2572.83,20,0,2564.71,20.5,0,2704.77,19.9,0,2309.89,19.5,0,3035.19,19.7,0,2711.47,20,5,2597.16,20.4,1,2499.97,20.1,0
"2026-03-25 04:15:00",644,801,"Chapada_High",11.89,2311.68,19.8,0,2586.82,19.8,0,2578.6,20.1,0,2679.08,19.7,0,2317.3,19.4,0,3054.25,19.3,0,2713.82,19.8,0,2624.92,20.2,0,2499.57,19.9,0
"2026-03-25 04:30:00",645,801,"Chapada_High",11.89,2315.83,19.9,0,2571.09,19.8,0,2566.92,20,0,2648.68,19.8,0,2313.94,19.3,0,3054.2,19.6,0,2706.78,19.9,0,2622.63,20.2,0,2496.49,19.8,0
"2026-03-25 04:45:00",646,801,"Chapada_High",11.88,2320.27,19.9,0,2563.83,19.8,1,2562.58,20,1,2637.67,19.9,0,2313.24,19.4,1,3051.7,19.8,0,2698.9,20,0,2622.61,20.2,0,2496.31,19.9,0
"2026-03-25 05:00:00",647,801,"Chapada_High",11.89,2322.83,20,0,2560.06,19.8,0,2560.47,20,0,2631.51,20,0,2313.54,19.5,0,3049.3,20,0,2692.41,20.2,0,2621.82,20.3,0,2496.82,19.9,0
"2026-03-25 05:15:00",648,801,"Chapada_High",11.89,2325.26,20,0,2555.96,19.8,0,2558.05,20,0,2626.66,20,0,2313.63,19.6,0,3047.12,20.1,1,2686.34,20.2,0,2622.17,20.3,0,2497.01,19.9,0
"2026-03-25 05:30:00",649,801,"Chapada_High",11.89,2327.03,20,0,2553.13,19.9,0,2556.9,20,0,2622.82,20,0,2314.06,19.6,6,3045.86,20.2,0,2681.12,20.3,0,2620.12,20.4,0,2496.02,19.9,0
"2026-03-25 05:45:00",650,801,"Chapada_High",11.89,2327.71,20.1,0,2550.45,19.9,0,2556.12,20.1,1,2620.14,20.1,0,2313.27,19.7,0,3045.71,20.3,0,2676.04,20.4,0,2619.38,20.4,0,2495.27,20,0
"2026-03-25 06:00:00",651,801,"Chapada_High",11.89,2328.29,20.2,0,2547.82,20,0,2554.58,20.1,0,2616.96,20.1,0,2312.23,19.8,0,3045.26,20.4,0,2671.19,20.4,0,2616.13,20.4,0,2494.43,20.1,0
"2026-03-25 06:15:00",652,801,"Chapada_High",11.89,2329.41,20.1,0,2546.49,19.9,0,2554.09,20.1,1,2614.34,20.1,0,2311.48,19.7,0,3044.35,20.3,5,2666.14,20.4,0,2613.78,20.4,0,2494.27,20.1,0
"2026-03-25 06:30:00",653,801,"Chapada_High",11.89,2329.82,20.1,0,2544.93,19.9,0,2552.81,20.1,0,2611.53,20,0,2313.03,19.7,0,3045,20.3,2,2662.57,20.4,0,2613.43,20.3,0,2493.34,20,0
"2026-03-25 06:45:00",654,801,"Chapada_High",11.89,2330.59,20.1,0,2542.21,19.9,0,2552.12,20.1,0,2609.14,20.1,0,2311.83,19.7,0,3044.21,20.3,0,2659.86,20.4,0,2610.49,20.4,0,2493.45,20,0
"2026-03-25 07:00:00",655,801,"Chapada_High",11.89,2329.89,20.1,0,2541.41,19.9,1,2551.3,20.1,0,2607.98,20.1,0,2312.68,19.8,0,3044.13,20.4,0,2656.72,20.5,0,2609.56,20.4,0,2492.64,20,0
"2026-03-25 07:15:00",656,801,"Chapada_High",11.89,2330.56,20.1,0,2540.44,20,0,2551.97,20.2,0,2607.32,20.1,0,2312.57,19.8,0,3044.55,20.4,0,2654.87,20.5,0,2609.18,20.4,0,2492.26,20.1,0
"2026-03-25 07:30:00",657,801,"Chapada_High",11.89,2328.86,19.8,0,2540.94,19.7,2,2555.53,19.9,0,2614.64,19.8,0,2314.56,19.3,0,3066.69,20.1,0,2679.49,20.4,0,2625.83,20.1,0,2495.29,19.7,0
"2026-03-25 07:45:00",658,801,"Chapada_High",11.89,2325.66,19.5,0,2549.29,19.4,0,2566.55,19.6,0,2627.98,19.5,0,2318.62,18.9,0,3045.73,19.6,0,2705.6,20.2,0,2639.6,19.9,0,2498.45,19.4,0
"2026-03-25 08:00:00",659,801,"Chapada_High",11.89,2325.17,19.4,0,2551.96,19.2,1,2566.96,19.5,0,2628.8,19.4,0,2320.33,18.8,0,3060.78,19.8,0,2708.75,20.1,0,2646.89,19.8,5,2499.59,19.3,0
"2026-03-25 08:15:00",660,801,"Chapada_High",11.89,2318.67,19.3,0,2555.5,19.2,0,2576.29,19.4,0,2674.52,19.2,0,2338.43,18.6,4,2976.78,19.9,0,2744.53,19.8,0,2701.37,19.6,0,2524.63,19.1,0
"2026-03-25 08:30:00",661,801,"Chapada_High",11.89,2319.1,19.1,0,2605.51,19,0,2580.81,19.3,0,2696.84,18.9,0,2355.34,18.5,2,2906.27,19.9,5,2855.49,19.5,0,2795.88,19.4,0,2544.99,19,0
"2026-03-25 08:45:00",662,801,"Chapada_High",11.89,2321.45,18.8,0,2622.99,18.7,0,2635.82,18.6,0,2695.42,18.8,0,2363.7,18.4,0,2893.87,19.1,0,2904.11,19.2,0,2874.21,19.2,0,2694.79,18.6,0
"2026-03-25 09:00:00",663,801,"Chapada_High",11.89,2326.45,18.5,0,2657.84,18.4,0,2668.66,18.2,0,2761.72,18.4,0,2375.59,18.2,0,2888.34,18.9,0,2989.18,19,0,2983.14,18.9,0,2749.61,18.2,0
"2026-03-25 09:15:00",664,801,"Chapada_High",11.89,2326.57,18.4,2,2758.82,18.2,0,2643.09,18.1,0,2741.66,18.1,0,2431.74,18.1,0,2868.69,18.9,0,3016.67,18.8,0,2990.13,18.6,0,2752.2,18.2,6
"2026-03-25 09:30:00",665,801,"Chapada_High",11.89,2326.59,18.4,1,2809.15,18,2,2620.53,18.1,0,2743.78,18.2,10,2520.21,18.1,0,2872.19,18.6,0,3008.96,18.8,0,2987.71,18.5,0,2752.75,18.3,0
"2026-03-25 09:45:00",666,801,"Chapada_High",11.89,2324.93,18.4,0,2810.84,18,0,2615.12,18.1,10,2749.54,18.2,0,2582.9,18.1,2,2884.7,18.7,2,3003.87,18.9,0,2960.55,18.4,0,2740.59,18.3,0
"2026-03-25 10:00:00",667,801,"Chapada_High",11.89,2325.28,18.4,0,2813.15,18,0,2615.84,18.1,0,2756.51,18.3,0,2613.21,18.1,7,2888.27,18.7,0,3003,18.9,0,2946.75,18.4,5,2741.61,18.3,0
"2026-03-25 10:15:00",668,801,"Chapada_High",11.89,2323.4,18.5,4,2812.14,18.1,0,2613.72,18.2,0,2754.97,18.4,0,2617.98,18.2,0,2896.17,18.8,0,2999.8,19,0,2935.05,18.6,1,2736.54,18.4,0
"2026-03-25 10:30:00",669,801,"Chapada_High",11.89,2321.75,18.5,0,2808.98,18.2,0,2611.12,18.3,0,2747.83,18.5,0,2616.27,18.3,0,2916.5,19.1,11,2993.55,19.2,0,2913.53,18.6,9,2733.14,18.5,1
"2026-03-25 10:45:00",670,801,"Chapada_High",11.89,2320.7,18.6,0,2803.55,18.3,6,2609.71,18.4,0,2736.87,18.6,0,2616.43,18.4,0,2944.69,19.3,0,2988.94,19.3,0,2904.97,18.7,0,2729.04,18.6,0
"2026-03-25 11:00:00",671,801,"Chapada_High",11.89,2319.72,18.7,0,2793.55,18.4,0,2608.35,18.5,3,2726.08,18.7,7,2616.11,18.4,0,2996.21,19.5,0,2988.5,19.4,0,2901.42,18.9,0,2726.57,18.7,0
"2026-03-25 11:15:00",672,801,"Chapada_High",11.89,2320.08,18.7,0,2788.05,18.5,0,2608.02,18.6,0,2719.36,18.8,0,2611.81,18.5,0,3021.73,19.5,0,2986.96,19.5,3,2896.88,19,0,2724.32,18.8,2
"2026-03-25 11:30:00",673,801,"Chapada_High",11.89,2319.82,18.7,0,2784.52,18.5,0,2607.26,18.6,0,2714.09,18.8,6,2609.76,18.4,0,3038.91,19.5,0,2986.71,19.6,2,2895.03,19.1,0,2722.69,18.9,0
"2026-03-25 11:45:00",674,801,"Chapada_High",11.89,2318.05,18.8,0,2780.46,18.6,0,2605.92,18.7,0,2709.59,18.8,0,2611.01,18.5,2,3042.33,19.6,8,2988.84,19.6,2,2890.81,19.3,0,2722.19,19,0
"2026-03-25 12:00:00",675,801,"Chapada_High",11.89,2319.2,18.8,0,2780.36,18.7,0,2607.58,18.8,0,2709.81,18.9,0,2612.47,18.6,0,3034.75,19.6,0,2987.07,19.7,0,2892.09,19.3,0,2722.55,19,0
"2026-03-25 12:15:00",676,801,"Chapada_High",11.89,2319.14,18.8,6,2783.93,18.7,0,2607.29,18.9,0,2711.1,18.9,0,2613.82,18.6,0,3024.7,19.7,5,2988.42,19.7,0,2893.59,19.4,0,2725.54,19,3
"2026-03-25 12:30:00",677,801,"Chapada_High",11.89,2319.23,18.8,0,2786.13,18.7,0,2609.52,18.9,0,2713.5,19,0,2615.84,18.7,7,3023.93,19.7,1,2991.69,19.7,0,2893.89,19.5,0,2727.9,19.1,9
"2026-03-25 12:45:00",678,801,"Chapada_High",11.89,2320.18,18.9,0,2787.95,18.8,0,2610.99,18.9,0,2716.52,19,0,2616.64,18.9,0,3027.86,19.8,0,2989.96,19.8,0,2897.01,19.6,0,2728.93,19.1,0
"2026-03-25 13:00:00",679,801,"Chapada_High",11.89,2319.27,19,0,2791.9,18.9,0,2612.09,19,0,2718.17,19.1,0,2618.36,19,1,3007.2,20,0,2992.77,19.9,2,2897.84,19.8,0,2730.98,19.3,0
"2026-03-25 13:15:00",680,801,"Chapada_High",11.89,2319.51,19.1,0,2791.14,19,0,2610.52,19.2,0,2718.2,19.3,0,2618.73,19.2,0,3006.94,20.1,0,2990.6,20,0,2896.06,20,0,2730.44,19.5,0
"2026-03-25 13:30:00",681,801,"Chapada_High",11.89,2318.87,19.3,0,2789.37,19.2,0,2610.31,19.4,0,2716.56,19.6,0,2618.63,19.4,0,3018.29,20.3,0,2993.01,20.1,0,2893.91,20.2,6,2729.63,19.8,0
"2026-03-25 13:45:00",682,801,"Chapada_High",11.89,2318.4,19.7,0,2786.47,19.5,0,2608.32,19.6,2,2714.14,19.8,0,2617.38,19.7,0,3043.24,20.5,0,2993.06,20.3,0,2895.17,20.4,0,2727.69,20,3
"2026-03-25 14:00:00",683,801,"Chapada_High",11.89,2318.6,19.8,0,2784.09,19.7,0,2607.02,19.8,0,2711,19.9,0,2618.24,19.9,0,3048.72,20.6,2,2992.93,20.4,0,2894.48,20.5,0,2727.69,20.1,1
"2026-03-25 14:15:00",684,801,"Chapada_High",11.89,2317.61,19.7,0,2782.39,19.6,0,2606.39,19.9,0,2710.51,20,0,2618.33,19.7,0,3049.21,20.5,0,2992.99,20.5,2,2893.78,20.5,0,2726.95,20.1,4
"2026-03-25 14:30:00",685,801,"Chapada_High",11.89,2318.1,19.6,0,2780.48,19.6,0,2604.6,19.9,0,2708.03,20.1,0,2616.67,20,0,3051.59,20.5,0,2988.52,20.6,1,2892.65,20.6,0,2726.2,20.1,7
"2026-03-25 14:45:00",686,801,"Chapada_High",11.89,2318.47,19.7,0,2778.28,19.7,6,2602.51,19.9,0,2704.17,20.1,0,2615.56,19.9,0,3053.76,20.8,0,2986.92,20.6,0,2888.48,20.7,0,2725.86,20.2,3
"2026-03-25 15:00:00",687,801,"Chapada_High",11.89,2319.02,19.9,0,2775.55,19.8,0,2601.17,20.1,1,2701.42,20.3,0,2615.31,20.1,2,3056.42,20.8,0,2984.43,20.8,0,2888.78,20.8,1,2724.95,20.3,0
"2026-03-25 15:15:00",688,801,"Chapada_High",11.89,2319.37,20.1,1,2772.54,20,0,2600.34,20.2,0,2698.67,20.4,6,2613.85,20.2,0,3057.07,20.9,1,2981.99,20.9,12,2883.66,21.1,0,2725.05,20.5,2
"2026-03-25 15:30:00",689,801,"Chapada_High",11.89,2319.83,20.2,0,2768.78,19.9,0,2597.81,20.2,0,2696.68,20.3,0,2613.37,20,0,3060.64,20.8,5,2981.29,20.9,0,2884.23,20.9,0,2723.59,20.5,6
"2026-03-25 15:45:00",690,801,"Chapada_High",11.89,2319.01,19.9,0,2765.86,19.8,0,2597.79,20,0,2694.41,20.1,0,2613.02,19.8,0,3061.36,20.7,0,2979.84,20.8,0,2882.06,20.7,0,2722.31,20.2,0
"2026-03-25 16:00:00",691,801,"Chapada_High",11.89,2318.93,19.8,0,2763.12,19.7,0,2597,20.1,0,2693.41,20,0,2611.47,19.7,0,3063.1,20.6,0,2979.46,20.8,0,2881.77,20.7,0,2720.62,20.2,0
"2026-03-25 16:15:00",692,801,"Chapada_High",11.89,2319.05,19.8,0,2759.43,19.7,5,2596.03,20,0,2690.18,20.2,0,2610.92,19.8,0,3064.33,20.7,0,2976.01,20.8,0,2882.18,20.7,0,2718.73,20.2,1
"2026-03-25 16:30:00",693,801,"Chapada_High",11.89,2318.8,19.8,0,2756.47,19.7,0,2595.13,20,0,2688.7,20.1,0,2608.83,19.9,0,3065.68,20.7,0,2975.22,20.7,0,2880.97,20.7,0,2718.11,20.2,0
"2026-03-25 16:45:00",694,801,"Chapada_High",11.89,2318.99,19.9,0,2754.7,19.7,10,2594.23,20,0,2686.87,20.1,1,2608.32,19.8,0,3065.23,20.8,1,2974.7,20.8,0,2877.88,20.7,0,2716.43,20.2,0
"2026-03-25 17:00:00",695,801,"Chapada_High",11.89,2318.74,19.9,0,2751.42,19.8,0,2593.53,20,0,2685.03,20.1,0,2606.64,19.9,1,3067.4,20.8,0,2973.56,20.9,0,2876.67,20.9,0,2715.27,20.3,0
"2026-03-25 17:15:00",696,801,"Chapada_High",11.89,2319.64,20,0,2747.82,19.9,0,2592.43,20.1,0,2683.94,20.2,0,2605.27,20.1,0,3066.21,20.8,6,2972.8,20.9,0,2875.85,20.9,0,2712,20.6,0
"2026-03-25 17:30:00",697,801,"Chapada_High",11.89,2318.89,20.2,0,2745.2,20,0,2591.45,20.2,0,2680.92,20.3,0,2604.2,20.1,1,3066.71,20.9,0,2970.95,20.9,2,2873.46,20.9,4,2711.23,20.5,7
"2026-03-25 17:45:00",698,801,"Chapada_High",11.89,2319.14,20.2,0,2741.88,20.1,0,2590.16,20.3,0,2679.83,20.3,0,2602.09,20.1,1,3068.09,20.9,0,2936.47,21,0,2873.17,20.9,5,2707.97,20.6,0
"2026-03-25 18:00:00",699,801,"Chapada_High",11.89,2317.73,20.3,0,2738.03,20.2,0,2588.44,20.5,0,2678.24,20.7,0,2601.57,20.3,0,3069.54,21.1,0,2935.86,21.1,0,2874.82,21,0,2706.06,20.7,0
"2026-03-25 18:15:00",700,801,"Chapada_High",11.89,2318.28,20.3,0,2736.09,20.1,0,2588.97,20.5,0,2676.01,20.7,0,2600.11,20.9,0,3069.17,21.1,0,2933.58,21.1,0,2874.41,21,0,2704.12,20.7,4
"2026-03-25 18:30:00",701,801,"Chapada_High",11.89,2318.18,20.2,0,2732.29,20,0,2588.26,20.3,0,2675.42,20.3,0,2599.27,20.2,0,3070.17,21.2,0,2932.5,21,0,2873.71,20.9,0,2703.68,20.5,8
"2026-03-25 18:45:00",702,801,"Chapada_High",11.89,2319.14,19.9,0,2731.81,19.7,0,2587.5,20.1,1,2673.68,20,0,2598.05,19.8,0,3071.43,20.9,0,2929.66,20.8,0,2871.56,20.6,0,2703.93,20.2,0
"2026-03-25 19:00:00",703,801,"Chapada_High",11.89,2319.19,19.7,0,2729.07,19.5,0,2587.03,19.8,0,2672.65,19.8,0,2598.04,19.4,0,3071.19,20.7,0,2930.3,20.7,0,2873.64,20.4,0,2702.56,19.9,0
"2026-03-25 19:15:00",704,801,"Chapada_High",11.89,2319.65,19.5,0,2725.88,19.4,0,2586.58,19.6,0,2672.13,19.6,0,2596.95,19.2,0,3072.96,20.5,0,2928.42,20.5,0,2870.66,20.3,0,2702.22,19.8,0
"2026-03-25 19:30:00",705,801,"Chapada_High",11.89,2318.85,19.5,0,2723.82,19.2,0,2585.75,19.5,0,2671.15,19.5,0,2597.42,19.1,0,3073.62,20.3,2,2927.88,20.4,0,2872.44,20.2,0,2701.75,19.7,0
"2026-03-25 19:45:00",706,801,"Chapada_High",11.89,2319.25,19.4,0,2720.54,19.2,0,2585.39,19.5,0,2671.19,19.4,0,2596.48,19,0,3073.41,20.3,1,2927.51,20.3,0,2872.17,20.1,0,2701.31,19.6,0
"2026-03-25 20:00:00",707,801,"Chapada_High",11.89,2319.6,19.4,0,2718.99,19.2,0,2585.1,19.4,0,2668.93,19.3,0,2595.57,18.9,0,3076.24,20.2,3,2927.02,20.3,0,2872.19,20,0,2700.84,19.5,9
"2026-03-25 20:15:00",708,801,"Chapada_High",11.89,2319.49,19.2,0,2717.25,19.1,0,2583.95,19.3,0,2668.13,19.2,0,2593.26,18.8,0,3077.51,20.2,0,2925.08,20.2,0,2870.03,19.9,0,2700.39,19.4,0
"2026-03-25 20:30:00",709,801,"Chapada_High",11.89,2319.53,19.2,0,2715.17,19,0,2583.9,19.2,0,2666.78,19.2,10,2592.45,18.8,0,3077.6,20.1,3,2925.48,20.1,0,2870.27,19.9,1,2700.11,19.4,0
"2026-03-25 20:45:00",710,801,"Chapada_High",11.89,2319.05,19.1,0,2712.51,18.9,0,2583.28,19.1,1,2666.55,19.1,0,2591.7,18.5,0,3076.85,19.9,0,2924.68,20,0,2870.37,19.7,3,2698.85,19.3,0
"2026-03-25 21:00:00",711,801,"Chapada_High",11.89,2320.07,19,0,2711.61,18.7,0,2583.05,19,0,2664.98,18.9,0,2591.28,18.4,0,3078.26,19.8,0,2921.59,19.9,11,2869.16,19.6,0,2698.48,19.1,10
"2026-03-25 21:15:00",712,801,"Chapada_High",11.89,2319.5,18.9,0,2708.99,18.7,0,2582.9,18.9,0,2664.71,18.9,0,2590.83,18.3,0,3078.37,19.7,10,2922.47,19.8,2,2870.82,19.5,0,2698.27,19,2
"2026-03-25 21:30:00",713,801,"Chapada_High",11.89,2319.69,18.8,0,2708.05,18.6,0,2582.29,18.8,0,2664.06,18.9,2,2589.99,18.3,1,3079.94,19.6,6,2919.76,19.8,0,2868.95,19.5,0,2697.69,19,0
"2026-03-25 21:45:00",714,801,"Chapada_High",11.89,2319.66,18.8,0,2706.2,18.6,3,2582.11,18.8,0,2663.58,18.8,0,2589.01,18.3,0,3079.81,19.6,0,2920.14,19.7,0,2868.36,19.4,0,2697.46,19,7
"2026-03-25 22:00:00",715,801,"Chapada_High",11.89,2319.87,18.8,0,2703.49,18.6,0,2581.81,18.8,0,2662.07,18.8,0,2587.7,18.2,8,3080.92,19.5,0,2916.34,19.7,10,2867.16,19.4,0,2697.32,18.9,0
"2026-03-25 22:15:00",716,801,"Chapada_High",11.89,2320.14,18.8,0,2701.1,18.6,0,2580.96,18.7,0,2661.2,18.8,0,2586.19,18.2,0,3081.4,19.6,12,2918.28,19.7,0,2867.07,19.4,0,2696.23,18.9,2
"2026-03-25 22:30:00",717,801,"Chapada_High",11.89,2320.78,18.7,0,2698.79,18.6,1,2580.44,18.7,2,2661.03,18.8,0,2586.04,18.2,0,3080.92,19.5,0,2915.04,19.6,0,2869.35,19.3,0,2695.17,18.9,0
"2026-03-25 22:45:00",718,801,"Chapada_High",11.89,2320.14,18.7,0,2696.23,18.5,0,2579.64,18.7,0,2659.66,18.8,0,2585.45,18.2,0,3083.43,19.5,0,2913.91,19.6,0,2866.37,19.3,0,2695.09,18.8,0
"2026-03-25 23:00:00",719,801,"Chapada_High",11.89,2320.65,18.6,8,2693.98,18.5,0,2579.61,18.7,0,2659.31,18.8,0,2584.62,18.2,0,3083.15,19.4,6,2912.99,19.5,2,2865.48,19.2,6,2694.01,18.8,0
"2026-03-25 23:15:00",720,801,"Chapada_High",11.89,2320.78,18.6,0,2691.58,18.4,0,2579.26,18.6,0,2659.1,18.7,0,2584.55,18.1,0,3083.78,19.4,1,2914.41,19.5,0,2865.53,19.2,0,2693.65,18.7,0
"2026-03-25 23:30:00",721,801,"Chapada_High",11.89,2320.17,18.6,0,2690.39,18.5,0,2579.78,18.6,0,2658.16,18.7,0,2582.99,18.2,0,3082.92,19.4,0,2912.11,19.5,0,2865.06,19.2,0,2693.61,18.7,3
"2026-03-25 23:45:00",722,801,"Chapada_High",11.89,2320.13,18.7,0,2676.01,18.5,0,2578.74,18.6,2,2657.35,18.7,0,2582.19,18.2,0,3084.11,19.4,0,2911.38,19.4,0,2866.32,19.2,0,2693.09,18.7,0
"2026-03-26 00:00:00",723,801,"Chapada_High",11.89,2321.07,18.6,0,2673.47,18.4,0,2578.55,18.6,0,2657.26,18.6,2,2581.81,18.1,0,3085.59,19.4,5,2909.09,19.4,0,2865.24,19.1,0,2691.78,18.6,0
"2026-03-26 00:15:00",724,801,"Chapada_High",11.89,2321.33,18.5,0,2671.4,18.3,0,2578.51,18.5,0,2655.27,18.5,0,2581.68,18,0,3084.56,19.3,0,2907.14,19.4,0,2865.74,19.1,0,2691.86,18.6,0
"2026-03-26 00:30:00",725,801,"Chapada_High",11.89,2320.75,18.5,0,2669.43,18.3,0,2577.93,18.5,0,2655.65,18.5,0,2580.5,17.9,0,3085.2,19.2,0,2906.49,19.3,0,2864.93,19,0,2689.98,18.5,0
"2026-03-26 00:45:00",726,801,"Chapada_High",11.89,2320.31,18.4,0,2668.12,18.2,0,2578.19,18.4,0,2655.22,18.4,0,2579.42,17.8,0,3085.91,19.1,0,2905.81,19.3,0,2864.46,18.9,0,2689.83,18.4,0
"2026-03-26 01:00:00",727,801,"Chapada_High",11.89,2321.4,18.3,0,2666.79,18.1,4,2576.91,18.3,0,2655.05,18.3,0,2578.44,17.7,0,3086.8,19.1,0,2904.82,19.2,0,2864.3,18.8,7,2689.15,18.3,0
"2026-03-26 01:15:00",728,801,"Chapada_High",11.89,2320.8,18.3,0,2665.08,18.1,0,2576.69,18.3,0,2654.88,18.3,0,2578.13,17.7,0,3086.53,19.1,1,2904.78,19.2,0,2864.4,18.8,0,2689.28,18.3,0
"2026-03-26 01:30:00",729,801,"Chapada_High",11.89,2321.9,18.3,0,2663.35,18.1,0,2577.26,18.2,0,2653.24,18.3,0,2576.51,17.7,0,3087.36,19,20,2904.3,19.1,0,2864.21,18.8,0,2688.55,18.3,1
"2026-03-26 01:45:00",730,801,"Chapada_High",11.89,2321.94,18.3,0,2661.85,18.1,0,2577.19,18.2,0,2653.44,18.2,0,2576.27,17.6,0,3087.05,18.9,0,2904.22,19.1,0,2863.95,18.8,0,2688.04,18.3,0
"2026-03-26 02:00:00",731,801,"Chapada_High",11.89,2321.33,18.2,0,2660.73,18,0,2576.02,18.1,0,2653.18,18.2,0,2575.1,17.5,3,3087.42,18.9,8,2903.4,19,0,2863.6,18.7,0,2688.23,18.2,0
"2026-03-26 02:15:00",732,801,"Chapada_High",11.89,2321.94,18.2,0,2659.38,17.9,0,2576.06,18.1,0,2652.15,18.1,5,2574.41,17.5,0,3088.37,18.8,6,2903.14,19,0,2862.97,18.6,0,2687.68,18.2,0
"2026-03-26 02:30:00",733,801,"Chapada_High",11.89,2321.79,18.1,0,2657.97,17.9,0,2576.34,18,0,2652.24,18.1,0,2574.39,17.4,0,3088.36,18.8,0,2902.4,18.9,0,2862.16,18.6,0,2687.37,18.1,0
"2026-03-26 02:45:00",734,801,"Chapada_High",11.89,2321.81,18.1,0,2655.55,17.9,0,2576.38,18,0,2650.84,18.1,0,2573.16,17.5,0,3089.06,18.8,3,2901.91,18.9,0,2861.49,18.6,0,2686.86,18.1,0
"2026-03-26 03:00:00",735,801,"Chapada_High",11.89,2322.09,18,0,2654.55,17.8,0,2576.01,18,0,2651.38,18.1,0,2571.94,17.4,0,3089.23,18.7,0,2900.84,18.8,0,2861.6,18.5,0,2686.33,18,0
"2026-03-26 03:15:00",736,801,"Chapada_High",11.89,2322.05,18,0,2653.43,17.8,0,2574.8,17.9,2,2651.31,18,0,2571.26,17.3,0,3089.5,18.7,0,2900.01,18.8,0,2861.33,18.5,11,2685.1,17.9,0
"2026-03-26 03:30:00",737,801,"Chapada_High",11.89,2322.44,18,0,2652.06,17.8,0,2575.28,17.9,0,2650.46,17.9,0,2570.82,17.3,0,3089.03,18.7,19,2901.42,18.8,0,2863.46,18.4,0,2685.35,17.9,0
"2026-03-26 03:45:00",738,801,"Chapada_High",11.89,2322.52,18,0,2651.02,17.8,0,2575.39,17.9,0,2650.86,18,0,2570.12,17.4,5,3090.21,18.8,0,2898.71,18.8,0,2861.71,18.5,0,2684.12,18,0
"2026-03-26 04:00:00",739,801,"Chapada_High",11.89,2322.5,18.1,0,2649.55,17.9,0,2575.11,18,0,2649.51,18.1,0,2568.83,17.6,0,3089.64,18.8,0,2898.89,18.8,0,2863.76,18.6,0,2684.07,18.1,0
"2026-03-26 04:15:00",740,801,"Chapada_High",11.88,2323.09,18.2,0,2647.69,18,0,2575.35,18.1,0,2648.68,18.2,0,2567.69,17.8,2,3089.08,18.9,0,2897.75,18.8,0,2861.01,18.6,0,2683.75,18.1,0
"2026-03-26 04:30:00",741,801,"Chapada_High",11.89,2321.86,18.2,11,2646.98,18.1,6,2573.87,18.1,0,2649.28,18.2,0,2567.45,17.9,11,3089.2,18.9,0,2896.26,18.8,0,2860.94,18.6,1,2681.72,18.2,0
"2026-03-26 04:45:00",742,801,"Chapada_High",11.89,2322.92,18.2,0,2645.01,18.1,0,2573.88,18.1,0,2647.7,18.3,0,2565.86,17.8,0,3089.22,18.9,0,2895.87,18.8,0,2862.72,18.6,0,2680.79,18.2,0
"2026-03-26 05:00:00",743,801,"Chapada_High",11.89,2323.05,18.2,4,2643.99,18,0,2574.18,18.1,0,2648.13,18.2,3,2566.14,17.8,0,3089.22,18.9,0,2894.97,18.8,0,2862.49,18.6,0,2680.68,18.1,0
"2026-03-26 05:15:00",744,801,"Chapada_High",11.89,2322.37,18.1,0,2642.7,18,3,2574.38,18.1,0,2647.03,18.1,0,2565.15,17.7,0,3089.71,18.9,0,2894.69,18.8,0,2860.41,18.5,0,2679.68,18.1,0
"2026-03-26 05:30:00",745,801,"Chapada_High",11.89,2323.09,18.1,0,2641.65,17.9,0,2573.72,18,0,2647.59,18,4,2564.23,17.7,0,3089.57,18.8,6,2892.12,18.8,4,2860.43,18.5,0,2679.07,18,0
"2026-03-26 05:45:00",746,801,"Chapada_High",11.89,2323.31,18,1,2639.84,17.9,0,2573.73,18,0,2646.53,18,0,2563.45,17.6,0,3089.39,18.7,0,2891.06,18.7,0,2862.02,18.4,0,2678.6,17.9,0
"2026-03-26 06:00:00",747,801,"Chapada_High",11.89,2323.02,18,0,2638.82,17.8,0,2573.45,17.9,0,2646.64,18,0,2562.48,17.6,0,3089.81,18.8,2,2891.84,18.7,5,2860.72,18.4,0,2677.53,17.9,0
"2026-03-26 06:15:00",748,801,"Chapada_High",11.89,2323.63,18,0,2637.59,17.8,0,2572.72,17.9,0,2646.38,17.9,0,2562.07,17.5,0,3089.4,18.6,0,2888.27,18.6,7,2861.03,18.3,3,2676.78,17.9,0
"2026-03-26 06:30:00",749,801,"Chapada_High",11.89,2323.37,17.9,0,2635.93,17.8,0,2572.66,17.9,0,2645.2,18,0,2561.14,17.5,0,3089.42,18.6,0,2887.67,18.6,0,2855.76,18.4,0,2676.09,17.9,0
"2026-03-26 06:45:00",750,801,"Chapada_High",11.89,2323.81,17.9,22,2634.69,17.8,0,2572.12,17.9,0,2645.71,18,0,2560.6,17.6,0,3089.43,18.7,0,2886.82,18.6,0,2855.8,18.4,0,2675.31,17.9,0
"2026-03-26 07:00:00",751,801,"Chapada_High",11.89,2322.73,18.1,0,2633.3,17.9,0,2572.58,18,0,2645.1,18.1,0,2559.69,17.7,0,3089.48,18.7,0,2886.29,18.7,0,2857.1,18.5,0,2675.03,18.1,0
"2026-03-26 07:15:00",752,801,"Chapada_High",11.89,2322.72,18.2,0,2632.43,18.1,0,2571.93,18.2,0,2644.25,18.3,0,2558.02,18,8,3088.68,18.9,0,2885.23,18.8,4,2856.56,18.6,0,2673.79,18.3,0
"2026-03-26 07:30:00",753,801,"Chapada_High",11.89,2323.44,18.4,0,2630.92,18.3,4,2571.81,18.4,0,2642.99,18.5,0,2555.89,18.3,0,3089.33,19.1,0,2883.1,18.9,0,2856,18.8,0,2672.86,18.5,0
"2026-03-26 07:45:00",754,801,"Chapada_High",11.89,2322.62,18.6,0,2629.43,18.6,0,2570.78,18.6,0,2642.76,18.8,0,2555.55,18.6,0,3088.19,19.3,0,2881.32,19,0,2855.64,19,0,2671.84,18.7,0
"2026-03-26 08:00:00",755,801,"Chapada_High",11.89,2323,18.9,0,2628.15,18.8,0,2570.44,18.8,0,2642.12,19.1,0,2552.86,18.9,21,3087.96,19.5,6,2880.46,19.2,5,2853.09,19.3,0,2671.27,18.9,3
"2026-03-26 08:15:00",756,801,"Chapada_High",11.89,2323.32,19.1,0,2626.38,19.1,0,2569.72,19.1,2,2641.17,19.4,4,2552.12,19.3,0,3087.78,19.7,0,2879.11,19.4,0,2851.95,19.5,5,2669.82,19.3,0
"2026-03-26 08:30:00",757,801,"Chapada_High",11.89,2322.78,19.4,0,2625.61,19.3,0,2569.69,19.3,13,2640.33,19.6,0,2550.94,19.5,0,3087.08,19.8,0,2881.25,19.5,0,2852.76,19.7,0,2668.32,19.5,0
"2026-03-26 08:45:00",758,801,"Chapada_High",11.89,2322.59,19.6,0,2623.34,19.6,0,2569.72,19.6,0,2639.53,19.8,0,2550.34,19.8,0,3086.76,20,5,2880.32,19.7,3,2850.55,19.9,0,2667.49,19.7,0
"2026-03-26 09:00:00",759,801,"Chapada_High",11.89,2322.59,19.9,0,2621.33,19.9,0,2568.77,20,0,2637.69,20.6,3,2548.64,20.3,0,3086.84,20.3,0,2876.03,20,0,2848.99,20.3,0,2664.91,20.1,0
"2026-03-26 09:15:00",760,801,"Chapada_High",11.89,2322.45,20.3,0,2619.76,20.4,2,2568.68,20.4,0,2637.86,21.2,0,2546.45,22,0,3084.44,20.7,0,2875.29,20.4,0,2849.88,20.8,0,2664.38,20.5,6
"2026-03-26 09:30:00",761,801,"Chapada_High",11.89,2322.19,21,0,2618.18,21.1,0,2566.04,21,0,2635.98,21.9,0,2544.83,21.8,0,3082.83,21.9,6,2873.07,20.9,0,2847.92,21.6,0,2661.94,21,0
"2026-03-26 09:45:00",762,801,"Chapada_High",11.89,2322.09,21.5,0,2615.59,21.5,0,2565.67,21.5,3,2633.6,22.4,7,2542.98,22.3,0,3083.16,21.8,6,2871.72,21.6,0,2846.58,22.4,0,2660.88,21.4,0
"2026-03-26 10:00:00",763,801,"Chapada_High",11.89,2321.89,21.9,0,2614.2,21.9,0,2564.58,21.9,0,2633.73,22.8,0,2541.72,22.4,0,3082.74,22.1,0,2868.98,21.8,0,2844.29,23.1,0,2659.69,22,0
"2026-03-26 10:15:00",764,801,"Chapada_High",11.89,2320.98,22.5,0,2612.25,22.1,0,2563.78,22.3,0,2632.34,23.1,0,2539.75,22.5,0,3082.55,22.3,0,2864.96,22.1,0,2842.22,23,9,2656.78,22.4,0
"2026-03-26 10:30:00",765,801,"Chapada_High",11.89,2321.12,22.5,0,2610.1,22.8,0,2563.66,22.4,0,2630.7,23.2,0,2538.25,22.6,0,3081.32,22.4,0,2863.58,22.3,0,2841.36,22.9,0,2655.16,22.2,3
"2026-03-26 10:45:00",766,801,"Chapada_High",11.9,2321.62,22.7,0,2609.04,23,0,2561.41,23.4,0,2629.89,23.8,0,2536.64,23.3,1,3079.73,22.9,0,2859.69,22.7,0,2839,23.4,0,2653.78,22.6,0
"2026-03-26 11:00:00",767,801,"Chapada_High",11.89,2319.38,24.3,1,2605.82,24.7,0,2559.77,24.9,0,2628.18,26.2,0,2533.36,25.1,0,3077.51,24.3,0,2857,23.9,0,2833.77,25.5,0,2650.77,23.8,0
"2026-03-26 11:15:00",768,801,"Chapada_High",11.89,2318.72,24.7,0,2603.3,25.4,0,2559.56,25.5,0,2625.13,27.4,0,2529.8,27.1,0,3077.16,24.8,0,2853.85,24.5,0,2830.35,26.1,0,2648.38,24.2,0
"2026-03-26 11:30:00",769,801,"Chapada_High",11.89,2319.16,25.3,0,2599.16,26.1,0,2557.61,26.3,0,2623.58,28.2,0,2528.87,26.7,0,3073.04,26.3,0,2849.84,25.2,0,2827.79,26.8,0,2644.8,24.7,0
"2026-03-26 11:45:00",770,801,"Chapada_High",11.89,2318.99,25.4,0,2599.62,26.2,0,2555.94,26.6,0,2621.92,28.4,0,2527.32,26.8,0,3074.15,26.1,0,2846.13,25.9,0,2824.44,26.7,0,2641.97,25,0
"2026-03-26 12:00:00",771,801,"Chapada_High",11.89,2319.67,25.4,0,2597.06,26.3,0,2556.04,26.7,0,2620.45,29.1,0,2524.9,27.4,1,3075.36,26,0,2838.98,26.5,0,2822.43,27.3,0,2639.84,25.6,0
"2026-03-26 12:15:00",772,801,"Chapada_High",11.89,2319.29,25.6,0,2596.68,25.9,0,2555.07,26.7,0,2619.3,29.1,0,2524.05,27.3,0,3074.08,25.9,0,2831.99,26.9,0,2821.19,26.7,0,2637.07,26.4,0
"2026-03-26 12:30:00",773,801,"Chapada_High",11.89,2319.77,25.6,0,2596.18,25.7,0,2555.98,26.1,0,2619.99,28,0,2524.22,26.4,0,3073.67,25.4,0,2828.96,26.4,1,2819.64,26.1,0,2634.37,25.6,0
"2026-03-26 12:45:00",774,801,"Chapada_High",11.89,2320.39,24.8,0,2595.69,25,0,2556.28,25.6,0,2621.11,26.4,0,2524.64,25.3,0,3074.62,24.8,1,2828.57,25.5,0,2820.45,25.3,0,2633.8,24.8,0
"2026-03-26 13:00:00",775,801,"Chapada_High",11.89,2320.75,24,0,2595.57,24.1,0,2556.38,24.8,0,2621.73,25.5,0,2524.09,24.3,0,3075.28,24.2,0,2829.14,24.8,5,2822.54,24.6,0,2634.15,24,0
"2026-03-26 13:15:00",776,801,"Chapada_High",11.89,2320.54,24.1,0,2596.07,24.3,0,2556.73,24.9,0,2621.61,25.9,0,2523.64,24.9,0,3079.43,24.6,0,2830.55,25,0,2823.64,24.8,0,2633.6,24.7,0
"2026-03-26 13:30:00",777,801,"Chapada_High",11.89,2320.79,24.6,0,2595,24.8,0,2556.2,25.3,0,2620.79,26.3,0,2523.26,25.3,0,3073.88,25.3,0,2828.52,25.6,0,2820.6,25.5,0,2631.72,25.2,0
"2026-03-26 13:45:00",778,801,"Chapada_High",11.89,2319.98,24.9,0,2593.62,25,0,2555.43,25.7,0,2620.29,26.4,0,2522.53,25.4,1,3073.4,25.3,3,2826.95,25.9,0,2819.38,26.1,0,2629.56,25.5,0
"2026-03-26 14:00:00",779,801,"Chapada_High",11.9,2321.09,24.5,2,2593.33,24.5,0,2555.66,25.1,0,2619.85,25.7,0,2521.72,24.8,0,3073.33,24.9,0,2825.09,25.5,0,2811,25.7,0,2628.34,25.3,0
"2026-03-26 14:15:00",780,801,"Chapada_High",11.9,2321.21,24.3,0,2592.23,23.9,0,2556.42,24.4,0,2621.22,24.8,0,2521.76,24,0,3074.75,24.3,0,2823.35,25,0,2810.58,25,0,2628.31,24.5,2
"2026-03-26 14:30:00",781,801,"Chapada_High",11.89,2321.42,24,0,2592.12,24,0,2556.97,24.1,0,2621.48,24.6,0,2521.41,23.8,0,3073.79,24.1,0,2822.94,24.7,0,2812.23,24.7,1,2627.2,24.1,0
"2026-03-26 14:45:00",782,801,"Chapada_High",11.89,2320.76,23.5,0,2593.62,23.5,0,2555.61,24.1,0,2625.1,24.1,0,2524.11,23.4,0,3080.91,23.9,0,2833.24,24.4,0,2819.64,24.2,0,2628.62,23.7,0
"2026-03-26 15:00:00",783,801,"Chapada_High",11.89,2317.08,23,0,2599.56,22.9,0,2558.69,23.6,0,2632.35,23.7,0,2535.17,23,1,3017.63,23.5,0,2916.48,24,2,2858.82,23.5,0,2650.89,23.2,0
"2026-03-26 15:15:00",784,801,"Chapada_High",11.9,2318.01,22.7,0,2623.73,22.5,0,2566.42,23.1,0,2665.26,23,0,2559.21,22.6,0,3015.73,23.4,0,2946.93,23.5,0,2871.9,23.2,1,2678.34,22.8,0
"2026-03-26 15:30:00",785,801,"Chapada_High",11.89,2318.25,22.6,0,2624.12,22.4,0,2568.39,22.9,1,2658.34,22.9,0,2562.15,22.4,0,3058.45,23.1,0,2946.21,23.5,2,2870.51,23.1,0,2678.28,22.7,7
"2026-03-26 15:45:00",786,801,"Chapada_High",11.89,2317.82,22.5,0,2624.95,22.4,0,2568.16,22.9,0,2656.73,22.9,0,2561.76,22.5,0,3076.25,23,0,2929.6,23.4,2,2867.88,23.2,0,2677.26,22.8,0
"2026-03-26 16:00:00",787,801,"Chapada_High",11.9,2316.99,22.6,0,2624.32,22.4,0,2567.88,22.9,0,2655.14,22.9,0,2561.13,22.5,0,3080.06,22.9,0,2921.36,23.4,2,2866.95,23,0,2675.73,22.9,0
"2026-03-26 16:15:00",788,801,"Chapada_High",11.89,2317.46,22.5,0,2624.84,22.3,0,2567.48,22.7,0,2654.43,22.7,0,2560.94,22.3,0,3079.97,22.7,0,2918.73,23.2,0,2865.82,22.8,0,2675.42,22.6,0
"2026-03-26 16:30:00",789,801,"Chapada_High",11.89,2317.68,22.2,0,2624.76,22.1,0,2567.19,22.5,0,2653.02,22.4,0,2561.22,22,2,3081.51,22.5,0,2912.18,23,0,2864.24,22.6,0,2675.52,22.3,0
"2026-03-26 16:45:00",790,801,"Chapada_High",11.89,2317.83,22,0,2624.3,21.8,0,2567.04,22.3,0,2652.92,22.2,0,2561.16,21.7,0,3083.06,22.3,2,2911.49,22.8,0,2863.52,22.4,12,2676.04,22,0
"2026-03-26 17:00:00",791,801,"Chapada_High",11.89,2318.14,21.8,0,2624.76,21.6,0,2566.48,22.1,0,2651.11,21.9,0,2560.24,21.6,0,3084.88,22.2,0,2910.93,22.6,0,2862.87,22.2,0,2676.15,21.8,0
"2026-03-26 17:15:00",792,801,"Chapada_High",11.89,2319.14,21.6,0,2624.36,21.5,0,2567.29,21.9,0,2650.78,21.8,0,2559.99,21.4,0,3085.74,22.1,1,2910.91,22.5,0,2863.19,22.1,14,2676.59,21.7,0
"2026-03-26 17:30:00",793,801,"Chapada_High",11.89,2319.41,21.6,0,2623.61,21.4,0,2566.55,21.8,0,2650.63,21.6,0,2559.32,21.3,0,3086.94,22,0,2910.27,22.4,0,2862.43,22,0,2676.14,21.6,0
"2026-03-26 17:45:00",794,801,"Chapada_High",11.89,2319.42,21.5,0,2623.42,21.3,0,2565.99,21.7,0,2650.26,21.6,0,2559.23,21.3,2,3088.51,21.9,0,2908.89,22.2,2,2862.36,21.9,0,2675.82,21.6,0
"2026-03-26 18:00:00",795,801,"Chapada_High",11.89,2318.97,21.4,0,2622.36,21.2,0,2567.16,21.6,0,2649.03,21.5,0,2558.41,21.2,0,3089.77,21.8,0,2908.73,22.1,0,2862.89,21.8,1,2676.14,21.5,0
"2026-03-26 18:15:00",796,801,"Chapada_High",11.89,2319.48,21.3,0,2621.65,21.1,0,2566.75,21.5,0,2649.05,21.4,0,2557.8,21,0,3090.68,21.7,0,2907.47,22,0,2862.4,21.6,1,2675.23,21.3,0
"2026-03-26 18:30:00",797,801,"Chapada_High",11.89,2319.17,21.2,3,2621.38,21,0,2566.97,21.4,0,2648.13,21.3,0,2557.44,21,0,3091.17,21.7,0,2905.71,21.9,0,2859.89,21.5,0,2674.17,21.2,0
"2026-03-26 18:45:00",798,801,"Chapada_High",11.89,2320.32,21.1,0,2620.34,20.9,0,2566.26,21.3,0,2647.04,21.2,0,2556.83,20.9,16,3091.35,21.6,5,2902.65,21.8,0,2859.5,21.4,0,2674.13,21.1,0
"2026-03-26 19:00:00",799,801,"Chapada_High",11.89,2320.58,21,0,2619.85,20.8,0,2566.46,21.2,0,2646.2,21.1,0,2555.73,20.8,0,3093.06,21.6,0,2901.43,21.7,8,2858.65,21.3,0,2674.39,21,0
"2026-03-26 19:15:00",800,801,"Chapada_High",11.89,2319.96,21,0,2618.81,20.8,0,2566.45,21.1,0,2645.62,21.1,0,2555.52,20.7,0,3093.29,21.4,1,2900.27,21.7,3,2860.23,21.3,0,2673.52,20.9,12
"2026-03-26 19:30:00",801,801,"Chapada_High",11.89,2320.23,20.9,0,2618.38,20.7,0,2566.86,21.1,0,2644.95,21,9,2555.31,20.7,0,3091.54,21.4,0,2899.57,21.6,2,2860.33,21.3,0,2672.99,20.9,0
"2026-03-26 19:45:00",802,801,"Chapada_High",11.89,2321.31,20.9,0,2617.68,20.7,1,2566.42,21,0,2644.82,21,0,2554.3,20.7,5,3092.63,21.3,0,2899.16,21.5,0,2857.74,21.2,0,2672.48,20.9,0
"2026-03-26 20:00:00",803,801,"Chapada_High",11.89,2320.57,20.9,0,2617.03,20.7,0,2567.17,21,0,2643.75,20.9,0,2554.02,20.6,0,3092.22,21.3,3,2898.96,21.5,0,2860.1,21.2,0,2671.39,20.9,0
"2026-03-26 20:15:00",804,801,"Chapada_High",11.89,2320.15,20.7,4,2616.67,20.6,0,2566.83,20.9,0,2643.7,20.8,0,2553.69,20.5,0,3091.23,21.2,0,2898.01,21.4,0,2858.11,21.1,0,2671.23,20.7,0
"2026-03-26 20:30:00",805,801,"Chapada_High",11.89,2320.53,20.6,0,2616.21,20.4,2,2566.38,20.8,0,2642.89,20.7,0,2553.47,20.3,0,3092.15,21.1,0,2896.83,21.3,1,2859.74,20.9,0,2671.2,20.6,0
"2026-03-26 20:45:00",806,801,"Chapada_High",11.89,2320,20.6,0,2615.96,20.4,0,2566.6,20.7,0,2642.64,20.7,0,2552.89,20.3,0,3092.03,21,0,2895.74,21.2,0,2857.68,20.9,12,2670.28,20.5,0
"2026-03-26 21:00:00",807,801,"Chapada_High",11.89,2320.84,20.6,0,2615.19,20.3,0,2566.65,20.7,0,2642.31,20.6,0,2552.35,20.3,0,3090.19,21.1,5,2895.53,21.2,0,2857.61,20.9,3,2670.75,20.5,3
"2026-03-26 21:15:00",808,801,"Chapada_High",11.89,2321.61,20.5,0,2614.98,20.3,0,2566.33,20.6,0,2640.71,20.5,0,2551.52,20.2,0,3090.7,20.9,0,2893.53,21.2,0,2858.94,20.8,0,2669.36,20.4,0
"2026-03-26 21:30:00",809,801,"Chapada_High",11.89,2320.83,20.4,0,2614.13,20.2,0,2566.69,20.5,0,2640.75,20.5,0,2551.8,20.1,0,3090.29,20.9,0,2893.32,21.1,0,2857.36,20.7,0,2668.47,20.3,0
"2026-03-26 21:45:00",810,801,"Chapada_High",11.89,2321.65,20.3,1,2613.78,20.1,0,2566.34,20.4,0,2641.27,20.4,0,2549.92,20,8,3091.24,20.8,0,2891.7,21,0,2858.69,20.6,0,2668.43,20.2,0
"2026-03-26 22:00:00",811,801,"Chapada_High",11.89,2321.3,20.3,0,2612.93,20,0,2566.43,20.4,0,2640.11,20.3,0,2549.98,19.9,0,3090.55,20.8,0,2890.34,20.9,0,2857.92,20.6,5,2666.75,20.2,0
"2026-03-26 22:15:00",812,801,"Chapada_High",11.89,2321.51,20.2,0,2612.26,20,0,2566.72,20.3,0,2639.59,20.3,7,2549.59,19.9,0,3090.53,20.7,0,2889.39,20.8,0,2858.04,20.5,0,2666.31,20.1,0
"2026-03-26 22:30:00",813,801,"Chapada_High",11.89,2321.75,20.2,14,2612.56,19.9,0,2566.24,20.3,0,2639.62,20.2,0,2549.73,19.9,2,3090.13,20.7,0,2889.37,20.8,0,2857.56,20.4,0,2665.73,20,4
"2026-03-26 22:45:00",814,801,"Chapada_High",11.89,2321.64,20.2,0,2611.55,20,0,2566.39,20.3,0,2639.51,20.2,0,2548.74,19.9,0,3088.86,20.7,0,2889.24,20.8,0,2857.02,20.5,1,2665.51,20,0
"2026-03-26 23:00:00",815,801,"Chapada_High",11.89,2321.45,20.2,0,2611.53,19.9,0,2566.45,20.2,0,2638.28,20.2,4,2548.23,19.9,0,3089.39,20.7,0,2887.47,20.8,0,2856.72,20.4,2,2664.9,20,0
"2026-03-26 23:15:00",816,801,"Chapada_High",11.89,2321.96,20.1,0,2610.98,19.9,0,2566.22,20.2,0,2637.53,20.2,0,2547.83,19.9,0,3089.23,20.7,0,2885.99,20.7,0,2854.75,20.4,0,2663.39,20,0
"2026-03-26 23:30:00",817,801,"Chapada_High",11.88,2322.66,20.1,0,2610.03,19.9,0,2565.34,20.2,0,2637.03,20.2,0,2547.47,19.9,0,3088.92,20.6,1,2884.64,20.7,0,2853.95,20.4,1,2663.09,20,0
"2026-03-26 23:45:00",818,801,"Chapada_High",11.89,2321.71,20.1,0,2609.74,19.9,0,2566.27,20.1,1,2637.62,20.1,0,2546.35,19.9,0,3088.84,20.6,0,2883.13,20.6,0,2855.78,20.4,0,2662.2,20,0
"2026-03-27 00:00:00",819,801,"Chapada_High",11.89,2321.91,20.1,0,2609.08,19.9,0,2565.98,20.1,0,2636.71,20.1,4,2546.5,19.8,0,3088.46,20.6,0,2882.51,20.6,0,2853.25,20.4,0,2662.11,20,0
"2026-03-27 00:15:00",820,801,"Chapada_High",11.89,2322.1,20.1,0,2609.17,19.9,0,2566.2,20.1,0,2636.31,20.1,0,2545.51,19.8,0,3089.47,20.6,1,2881.93,20.6,5,2853.14,20.4,0,2661.42,19.9,0
"2026-03-27 00:30:00",821,801,"Chapada_High",11.88,2322.51,20.1,0,2608.17,19.9,0,2566.39,20.1,0,2636.45,20.1,0,2544.87,19.9,0,3089.01,20.7,0,2881.34,20.6,0,2852.97,20.4,4,2661.05,20,0
"2026-03-27 00:45:00",822,801,"Chapada_High",11.89,2322.77,20.2,4,2607.5,19.9,0,2566.1,20.1,0,2636.29,20.1,0,2544.42,19.9,0,3088.27,20.7,6,2880.62,20.6,0,2854.69,20.4,0,2659.84,20,0
"2026-03-27 01:00:00",823,801,"Chapada_High",11.88,2322.12,20.2,0,2607.54,19.9,0,2565.62,20.1,0,2635.98,20.2,0,2544.31,19.9,0,3088.42,20.7,0,2879.98,20.6,0,2852.86,20.4,0,2659.63,20,0
"2026-03-27 01:15:00",824,801,"Chapada_High",11.89,2321.6,20.2,0,2607.2,20,0,2565.81,20.1,0,2636.17,20.2,0,2543.73,20,1,3087.22,20.7,0,2880.23,20.6,0,2852.44,20.5,0,2658.71,20.1,0
"2026-03-27 01:30:00",825,801,"Chapada_High",11.89,2322.25,20.3,0,2607.1,20,0,2565.5,20.1,0,2635.28,20.2,2,2543.34,20,0,3087.85,20.7,12,2879.54,20.5,0,2852.07,20.5,0,2658.31,20.1,0
"2026-03-27 01:45:00",826,801,"Chapada_High",11.89,2322.22,20.2,1,2606.11,20.1,0,2566.1,20.1,6,2636.16,20.2,0,2542.49,20,0,3086.68,20.7,2,2878.91,20.5,0,2853.37,20.5,0,2657.93,20.1,0
"2026-03-27 02:00:00",827,801,"Chapada_High",11.89,2322.82,20.2,0,2605.79,20,0,2565.43,20.2,0,2635.62,20.2,0,2542.5,19.9,0,3087.16,20.7,0,2878.08,20.5,0,2853.41,20.4,0,2656.81,20,0
"2026-03-27 02:15:00",828,801,"Chapada_High",11.89,2323.13,20.1,0,2605.52,19.9,0,2565.38,20.1,0,2634.64,20.2,6,2542.56,20,0,3086.74,20.6,0,2876.91,20.5,2,2850.86,20.4,0,2655.97,20,0
"2026-03-27 02:30:00",829,801,"Chapada_High",11.89,2322.23,20.1,0,2605.18,19.9,0,2565.32,20.1,0,2634.82,20.1,0,2541.77,19.9,0,3086.31,20.6,4,2875.85,20.5,0,2852.59,20.3,0,2655.21,20,7
"2026-03-27 02:45:00",830,801,"Chapada_High",11.89,2322.83,20.1,0,2604.81,19.9,0,2564.66,20.1,0,2634.76,20.1,0,2541.43,19.9,0,3086.3,20.6,0,2875.61,20.5,8,2851.21,20.3,0,2654.75,20,0
"2026-03-27 03:00:00",831,801,"Chapada_High",11.89,2323.52,20.1,0,2604.53,19.9,0,2565.6,20.1,0,2634.77,20.1,0,2540.9,19.9,0,3085.62,20.6,22,2874.6,20.5,0,2850.59,20.4,6,2654.08,20,0
"2026-03-27 03:15:00",832,801,"Chapada_High",11.89,2323.72,20.1,0,2603.69,19.9,3,2564.9,20.1,0,2634.12,20.1,6,2540.42,19.9,0,3085.29,20.6,0,2873.87,20.5,0,2849.78,20.3,1,2653.3,20,0
"2026-03-27 03:30:00",833,801,"Chapada_High",11.89,2322.4,20.1,0,2603.66,19.9,0,2565.1,20.1,0,2633.81,20.1,0,2540.21,19.8,0,3085.55,20.5,0,2872.74,20.4,0,2851.53,20.3,0,2652.85,19.9,0
"2026-03-27 03:45:00",834,801,"Chapada_High",11.89,2323.52,20,0,2603.36,19.9,0,2564.34,20.1,0,2633.59,20,0,2539.94,19.8,0,3085.09,20.5,0,2871.81,20.4,0,2849.76,20.2,0,2652.2,19.9,0
"2026-03-27 04:00:00",835,801,"Chapada_High",11.89,2323.12,20,0,2603.1,19.8,0,2564.65,20,0,2633.92,20.1,0,2539.74,19.7,6,3085.46,20.5,0,2869.4,20.4,1,2848.32,20.2,0,2651.5,19.8,0
"2026-03-27 04:15:00",836,801,"Chapada_High",11.89,2323.5,20,0,2602.14,19.8,0,2564.09,20,0,2633.66,20,3,2538.68,19.9,1,3085.18,20.5,9,2867.88,20.4,0,2850.42,20.2,0,2650.11,19.8,1
"2026-03-27 04:30:00",837,801,"Chapada_High",11.89,2323.98,20,3,2601.85,19.8,0,2564.37,20,0,2633.64,20,0,2538.05,19.8,0,3083.63,20.5,1,2866.06,20.4,0,2849.5,20.2,0,2649.62,19.8,0
"2026-03-27 04:45:00",838,801,"Chapada_High",11.89,2323.89,20,0,2601.44,19.8,0,2564.67,20,0,2633.27,20,0,2538.31,19.7,0,3083.4,20.5,0,2863.71,20.4,0,2849.32,20.2,0,2649.14,19.8,0
"2026-03-27 05:00:00",839,801,"Chapada_High",11.89,2323.74,19.9,0,2601.09,19.7,0,2564.37,19.9,0,2632.66,19.9,0,2537.64,19.6,0,3083.88,20.4,0,2863.04,20.3,0,2848.92,20.1,0,2647.95,19.8,0
"2026-03-27 05:15:00",840,801,"Chapada_High",11.89,2323.98,19.9,0,2600.91,19.6,0,2564.24,19.9,0,2632.62,19.9,0,2536.49,19.6,0,3083.66,20.4,0,2861.31,20.2,0,2848.33,20.1,0,2647.18,19.7,0
"2026-03-27 05:30:00",841,801,"Chapada_High",11.89,2323.58,19.9,0,2600.49,19.7,10,2564.53,19.9,0,2632.38,19.9,0,2536.6,19.6,0,3083.25,20.4,0,2860.06,20.2,0,2846.07,20.1,0,2646.23,19.7,0
"2026-03-27 05:45:00",842,801,"Chapada_High",11.89,2323.41,19.9,12,2599.89,19.6,0,2564.06,19.9,0,2631.62,19.9,0,2536.76,19.5,0,3084.18,20.4,0,2858.58,20.1,0,2844.64,20.1,0,2645.43,19.6,0
"2026-03-27 06:00:00",843,801,"Chapada_High",11.89,2323.78,19.8,0,2599.85,19.6,0,2564.28,19.8,0,2632.02,19.9,0,2535.36,19.6,0,3083.62,20.4,0,2857.55,20.1,0,2841.07,20.1,0,2644.61,19.6,0
"2026-03-27 06:15:00",844,801,"Chapada_High",11.89,2324.68,19.8,0,2599.04,19.6,0,2564.21,19.8,0,2630.91,19.8,0,2534.69,19.6,0,3082.96,20.4,0,2854.51,20,0,2840.09,20.1,0,2641.93,19.6,0
"2026-03-27 06:30:00",845,801,"Chapada_High",11.89,2324.21,19.8,0,2598.64,19.6,4,2564.42,19.8,0,2631.4,19.8,0,2534.96,19.6,0,3082.75,20.3,0,2853.1,20.1,0,2838.75,20.1,0,2639.98,19.6,0
"2026-03-27 06:45:00",846,801,"Chapada_High",11.89,2323.6,19.8,0,2597.69,19.6,2,2563.58,19.8,0,2631.28,19.8,0,2534.99,19.6,0,3082.43,20.3,3,2851.97,20.1,0,2840.31,20.1,4,2638.5,19.6,0
"2026-03-27 07:00:00",847,801,"Chapada_High",11.89,2324.49,19.9,0,2597.67,19.6,0,2564.34,19.8,0,2630.16,19.9,0,2533.72,19.6,0,3082.77,20.4,8,2850.24,20,0,2837.6,20.1,0,2637.65,19.7,0
"2026-03-27 07:15:00",848,801,"Chapada_High",11.89,2324.88,19.9,0,2596.97,19.8,0,2563.68,19.9,0,2630.01,19.9,0,2533.17,19.6,0,3082.1,20.4,0,2849.29,20.1,0,2837.57,20.1,0,2636.26,19.7,0
"2026-03-27 07:30:00",849,801,"Chapada_High",11.89,2324.89,20,0,2596.22,19.9,0,2563.38,20.1,0,2629.85,20.1,0,2532.49,19.8,2,3082.53,20.5,0,2848.28,20.2,0,2838.08,20.2,0,2635.23,19.8,0
"2026-03-27 07:45:00",850,801,"Chapada_High",11.89,2324.38,20.2,0,2595.17,20.1,0,2563.35,20.3,2,2629.35,20.7,3,2531.51,20.2,0,3080.76,20.7,0,2846.98,20.4,0,2836.74,20.5,1,2634.34,20.1,1
"2026-03-27 08:00:00",851,801,"Chapada_High",11.89,2323.58,20.5,0,2594.1,20.5,0,2562.6,20.7,0,2628.31,21.1,0,2529.77,21.3,0,3081.52,21.1,0,2845.35,20.7,0,2833.31,20.9,0,2632.33,20.6,0
"2026-03-27 08:15:00",852,801,"Chapada_High",11.89,2324.1,20.9,0,2592.74,20.9,0,2561.81,21.1,0,2627.85,21.6,0,2529,21.6,9,3080.17,21.7,0,2843.48,21.1,3,2828.65,21.4,0,2631.59,21,0
"2026-03-27 08:30:00",853,801,"Chapada_High",11.89,2324.84,21.1,0,2592.06,21.2,0,2561.62,21.4,0,2627.45,21.9,0,2527.85,21.7,0,3080.11,21.7,0,2840.42,21.5,0,2827.7,22,0,2629.01,21.2,0
"2026-03-27 08:45:00",854,801,"Chapada_High",11.89,2323.57,21.3,0,2591.29,21.3,0,2561.54,21.6,0,2625.66,22.1,0,2526.63,21.9,0,3080.21,21.8,0,2838.98,21.6,0,2824.87,22.2,0,2626.99,21.8,0
"2026-03-27 09:00:00",855,801,"Chapada_High",11.89,2322.67,22.2,0,2589.86,21.7,0,2560.82,21.9,0,2625.18,22.7,0,2525.71,22.3,0,3079.78,22.1,0,2834.89,21.9,0,2818.17,22.5,0,2623.99,21.9,0
"2026-03-27 09:15:00",856,801,"Chapada_High",11.89,2322.88,22.4,4,2587.56,23,0,2559.58,22.5,0,2624.28,23.5,0,2524.84,22.9,0,3078.74,22.6,0,2832.73,22.3,1,2813.79,23.2,0,2622.24,22.3,0
"2026-03-27 09:30:00",857,801,"Chapada_High",11.89,2322.75,22.7,0,2586.3,23,0,2558.57,23.4,0,2622.84,24.3,0,2522.83,23.2,0,3078.09,23,0,2828.79,22.6,4,2811.03,23.8,0,2620.62,22.5,0
"2026-03-27 09:45:00",858,801,"Chapada_High",11.89,2322.87,23.4,0,2584.53,23.6,2,2557.76,24,0,2620.5,25.6,0,2520.11,25.3,0,3077.75,23.6,0,2826.44,23.1,0,2807.88,24.9,0,2618.1,23,0
"2026-03-27 10:00:00",859,801,"Chapada_High",11.88,2322.46,23.8,0,2583.24,24.1,0,2556.79,24.4,0,2618.98,25.9,0,2519.99,24.9,0,3075.74,24.5,0,2823.65,23.4,0,2803.14,25.4,0,2616.26,23.3,0
"2026-03-27 10:15:00",860,801,"Chapada_High",11.89,2321.23,24.5,0,2582.28,24.8,0,2555.48,25.3,0,2618.25,26.9,0,2518.46,25.2,0,3075.73,25,1,2821.2,24.3,0,2798.51,26.6,0,2614.57,23.8,0
"2026-03-27 10:30:00",861,801,"Chapada_High",11.9,2320.69,25.4,0,2579.97,25.7,0,2554.3,26,0,2616.06,27.8,0,2516.86,26,0,3075.56,25.6,0,2817.83,24.7,0,2792.55,28.1,0,2612.31,24.3,0
"2026-03-27 10:45:00",862,801,"Chapada_High",11.9,2320.75,26.4,0,2576.63,26.7,0,2552.75,26.9,0,2614.23,29.1,0,2514.54,27.1,0,3074.35,26.5,0,2813.97,25.4,0,2785.84,29,0,2609.03,25.1,0
"2026-03-27 11:00:00",863,801,"Chapada_High",11.9,2321.61,26.5,0,2575.56,26.7,0,2552.12,27.1,0,2612.58,29.5,0,2513.4,27.1,0,3072.91,26.6,0,2809.86,25.8,0,2781.6,28.9,0,2607.29,25.3,0
"2026-03-27 11:15:00",864,801,"Chapada_High",11.9,2321.47,26.7,0,2573.73,27,0,2551.01,27.6,0,2610.84,30.3,0,2511.15,27.4,0,3074.25,27,0,2806.81,26.3,0,2779.36,29.1,0,2604.78,25.6,0
"2026-03-27 11:30:00",865,801,"Chapada_High",11.89,2321.53,26.7,0,2572.3,27,0,2550.26,27.7,0,2610.25,30.3,0,2511.02,27.5,0,3074.91,27.1,0,2801.31,26.4,0,2776.02,28.9,0,2603.2,25.8,0
"2026-03-27 11:45:00",866,801,"Chapada_High",11.89,2321.77,26.4,0,2573.25,26.5,0,2550.24,27.3,0,2609.28,29.6,0,2510.97,26.6,0,3073.81,26.7,0,2794.6,26.4,0,2772.7,28,0,2601.48,25.6,0
"2026-03-27 12:00:00",867,801,"Chapada_High",11.89,2321.82,25.9,0,2573.09,25.8,0,2551.68,26.7,5,2609.76,28.9,0,2511.23,25.9,0,3075.48,26,0,2793.71,26.1,0,2770.4,27.4,0,2600.99,25.3,0
"2026-03-27 12:15:00",868,801,"Chapada_High",11.89,2322.41,25.2,0,2574.17,25.1,0,2551.53,25.9,0,2610.67,27.6,0,2511.52,25.2,0,3076.14,25.4,0,2790.15,25.7,0,2768.4,26.5,1,2599.56,25.4,0
"2026-03-27 12:30:00",869,801,"Chapada_High",11.89,2323.09,25.7,0,2573.75,25.3,0,2551.59,25.9,0,2610.13,27.7,0,2511.37,25.1,0,3073.93,25.4,4,2787.13,26,0,2767.94,26.3,0,2598.43,25.5,0
"2026-03-27 12:45:00",870,801,"Chapada_High",11.89,2322.35,25.8,0,2571.44,26.3,0,2551.1,26.6,0,2609.02,28.3,0,2511.11,25.8,0,3074.18,25.7,0,2782.28,26.7,0,2763.83,26.6,0,2596.83,26.1,0
"2026-03-27 13:00:00",871,801,"Chapada_High",11.89,2322.47,25.3,0,2572.33,25.4,0,2551.49,26.3,0,2609.98,27.4,0,2511.18,25,0,3075.55,25.3,0,2782.58,26.1,0,2762.58,26,0,2596,25.4,0
"2026-03-27 13:15:00",872,801,"Chapada_High",11.89,2323.77,24.8,0,2573.49,24.8,0,2552.01,25.6,0,2611.44,26.6,0,2510.57,25.3,0,3075.13,24.8,0,2781.36,25.5,2,2762.85,25.5,10,2595.88,24.8,0
"2026-03-27 13:30:00",873,801,"Chapada_High",11.89,2323.79,24.6,0,2572.84,24.6,0,2552.53,25.3,0,2611.27,26.3,0,2510.63,24.8,0,3073.74,25.1,0,2779.89,25.3,0,2758.59,25.3,0,2595.01,24.8,0
"2026-03-27 13:45:00",874,801,"Chapada_High",11.89,2323.47,24.6,0,2572.72,24.6,0,2552.48,25.3,0,2610.7,26.3,0,2510.2,24.7,0,3074.26,25,0,2778.49,25.5,0,2759.24,25.3,1,2593.72,24.9,0
"2026-03-27 14:00:00",875,801,"Chapada_High",11.89,2323.23,24.7,0,2571.38,24.8,0,2552.08,25.5,0,2610.5,26.5,0,2510.16,24.9,0,3074.31,25,0,2776.04,25.5,0,2755.11,25.8,0,2591.61,25.4,0
"2026-03-27 14:15:00",876,801,"Chapada_High",11.89,2323.34,25.3,0,2570.84,25.2,0,2550.75,26,0,2608.96,27.1,0,2509.5,25.5,0,3074.27,25.3,0,2773.76,25.7,0,2753.41,25.9,0,2589.82,26.5,0
"2026-03-27 14:30:00",877,801,"Chapada_High",11.89,2322.79,25.5,0,2570.55,25.7,0,2551.69,25.9,0,2609.29,27,0,2509.08,25.4,0,3073.89,25.3,0,2772.37,25.7,3,2751.41,25.8,0,2588.3,26.3,0
"2026-03-27 14:45:00",878,801,"Chapada_High",11.89,2322.98,25,0,2570.09,25.2,0,2551.19,25.9,0,2609.23,26.4,0,2509.49,24.9,0,3072.35,25,0,2769.3,25.5,0,2749.98,25.4,0,2587.83,25.6,0
"2026-03-27 15:00:00",879,801,"Chapada_High",11.89,2324.35,24.6,2,2570.35,24.7,0,2551.42,25.4,0,2609.58,26.3,0,2509.62,24.8,1,3073.24,24.8,0,2768.09,25.3,0,2747.37,25.1,1,2586.89,25.3,0
"2026-03-27 15:15:00",880,801,"Chapada_High",11.89,2323.07,25.2,0,2569.2,25.6,0,2550.98,25.8,0,2608.31,27.5,0,2507.16,26.8,0,3075.75,25.6,0,2765.61,25.8,0,2736.16,25.5,0,2585.68,26.9,0
"2026-03-27 15:30:00",881,801,"Chapada_High",11.89,2323.35,25.3,0,2567.86,25.6,0,2550.92,25.9,0,2607.75,27.5,0,2506.76,26.5,0,3069.3,26.1,0,2764.2,26.2,0,2733.27,25.7,0,2582.13,27.2,0
"2026-03-27 15:45:00",882,801,"Chapada_High",11.89,2323.04,25.1,0,2567.85,25.2,0,2551.36,25.7,0,2607.2,26.8,0,2507.33,25.8,0,3070.24,25.6,0,2761.29,26.2,0,2729.37,25.9,1,2581.92,26.8,0
"2026-03-27 16:00:00",883,801,"Chapada_High",11.89,2323.18,25.2,0,2567.88,25.3,0,2550.45,25.6,0,2607.93,26.7,0,2506.89,26.1,0,3070.32,25.5,0,2755.12,26.4,0,2727.07,26,0,2579.55,28,1
"2026-03-27 16:15:00",884,801,"Chapada_High",11.89,2323.05,25.9,0,2567.61,25.2,0,2550.95,25.7,0,2608.2,26.5,0,2506.75,25.9,0,3070.44,25.4,0,2751.33,26.4,0,2725.52,25.9,0,2578.37,27.7,0
"2026-03-27 16:30:00",885,801,"Chapada_High",11.89,2323.48,25.3,0,2567.05,25.3,0,2551.27,25.5,0,2608.07,25.9,0,2507.83,25.3,0,3068.18,25.1,0,2749.43,25.9,1,2725.71,25.6,0,2579.4,26.3,0
"2026-03-27 16:45:00",886,801,"Chapada_High",11.89,2324.15,24.7,0,2567.42,24.6,0,2551.25,25.3,0,2608.17,25.5,0,2507.28,24.8,0,3069.31,24.7,0,2750.59,25.4,0,2723.27,25.1,0,2579.51,25.3,0
"2026-03-27 17:00:00",887,801,"Chapada_High",11.89,2324.19,24.9,0,2567.66,24.7,0,2551.69,25.3,0,2608.64,25.7,0,2505.24,26.5,0,3069.62,24.9,0,2748.92,25.4,0,2722.47,25.3,0,2578.52,25.3,0
"2026-03-27 17:15:00",888,801,"Chapada_High",11.89,2324.09,24.6,0,2566.28,24.4,0,2550.83,25.1,0,2608.38,25.4,0,2506.49,25.5,0,3068.8,25.1,10,2747.06,25.2,0,2721.75,25,0,2577.73,25,0
"2026-03-27 17:30:00",889,801,"Chapada_High",11.89,2324.39,24.6,0,2566.48,24.4,0,2551.38,25.1,0,2608.26,25.2,0,2506.2,25.4,0,3068,24.9,0,2746.47,25.1,0,2721.17,24.7,0,2577.6,24.9,0
"2026-03-27 17:45:00",890,801,"Chapada_High",11.89,2324.58,24.5,0,2566.26,24.4,0,2551.79,25,0,2608.7,25.1,0,2505.63,25.5,0,3068.85,24.8,0,2745.11,24.9,0,2720.31,24.6,0,2576.32,25,0
"2026-03-27 18:00:00",891,801,"Chapada_High",11.89,2324.91,24.5,0,2566.36,24.1,0,2551.84,24.8,0,2608.86,24.8,0,2507.25,25.1,0,3068.3,24.7,0,2743.33,24.7,0,2718.27,24.3,0,2574.69,25.1,0
"2026-03-27 18:15:00",892,801,"Chapada_High",11.89,2325.01,24.1,0,2566.16,23.7,0,2552.08,24.3,0,2609.17,24.2,0,2506.69,24.1,0,3069.18,24.1,0,2743.25,24.3,0,2718.4,23.8,0,2574.16,24.3,0
"2026-03-27 18:30:00",893,801,"Chapada_High",11.89,2325.69,23.4,0,2566.79,23.1,0,2552.98,23.9,0,2610.1,23.6,0,2506.83,23.2,0,3065.05,23.5,4,2742.55,23.9,0,2718.47,23.3,0,2574.64,23.5,0
"2026-03-27 18:45:00",894,801,"Chapada_High",11.89,2326.18,22.8,0,2567.2,22.5,0,2553.37,23.3,3,2610.59,23.2,0,2507.88,22.4,0,3065.21,23,3,2740.96,23.5,0,2718.1,22.9,0,2574.25,22.8,0
"2026-03-27 19:00:00",895,801,"Chapada_High",11.89,2326.98,22.4,0,2566.93,22.1,0,2553.77,22.8,0,2611.37,22.7,4,2508.67,21.9,0,3067.52,22.6,0,2740.65,23.1,0,2715.92,22.5,0,2573.89,22.3,0
"2026-03-27 19:15:00",896,801,"Chapada_High",11.89,2326.67,22.1,0,2567.49,21.8,0,2554.69,22.5,0,2611.12,22.4,0,2509.02,21.5,0,3066.73,22.4,0,2740.24,22.8,0,2714.86,22.2,0,2573.74,21.9,0
"2026-03-27 19:30:00",897,801,"Chapada_High",11.88,2327.65,21.9,0,2567.87,21.5,0,2554.8,22.3,0,2611.51,22.1,0,2509.52,21.2,0,3066.91,22.1,1,2739.64,22.6,0,2714.52,22.1,0,2573.92,21.7,0
"2026-03-27 19:45:00",898,801,"Chapada_High",11.89,2327.97,21.8,0,2568.12,21.3,0,2554.8,22,0,2612.14,22,0,2509.71,21,0,3066.46,22,0,2739.06,22.4,0,2715.16,21.9,0,2572.8,21.6,0
"2026-03-27 20:00:00",899,801,"Chapada_High",11.89,2327.85,21.6,0,2568.7,21.2,0,2555.32,21.8,2,2612.31,21.7,0,2510.12,20.8,0,3067.18,21.8,0,2737.7,22.2,0,2712.82,21.7,0,2572.77,21.3,0
"2026-03-27 20:15:00",900,801,"Chapada_High",11.89,2327.66,21.4,0,2568.2,21,3,2556.18,21.6,0,2613.39,21.5,0,2509.98,20.6,4,3066.81,21.6,8,2736.85,22,0,2712.41,21.5,0,2571.64,21.1,0
"2026-03-27 20:30:00",901,801,"Chapada_High",11.89,2328.14,21.2,0,2568.55,20.8,0,2555.97,21.4,0,2612.39,21.3,0,2510.52,20.3,0,3066.89,21.3,6,2736.69,21.8,0,2713.66,21.3,0,2570.63,20.9,0
"2026-03-27 20:45:00",902,801,"Chapada_High",11.89,2328.72,21,0,2568.46,20.7,0,2556.27,21.2,0,2613.36,21.2,0,2510.65,20.3,0,3068.1,21.2,0,2736.32,21.7,0,2711.41,21.1,0,2571.03,20.7,0
"2026-03-27 21:00:00",903,801,"Chapada_High",11.89,2328.31,20.9,0,2567.89,20.6,0,2556.4,21.1,0,2613.46,21.1,0,2510.5,20.1,0,3067.44,21.2,2,2734.73,21.5,0,2711.57,21,0,2569.57,20.6,0
"2026-03-27 21:15:00",904,801,"Chapada_High",11.89,2328.4,20.8,8,2568.75,20.4,0,2556.58,21,0,2613.39,20.9,0,2510.77,20,0,3067.82,21,0,2733.88,21.4,0,2712.14,20.9,0,2569.13,20.5,0
"2026-03-27 21:30:00",905,801,"Chapada_High",11.88,2329.33,20.7,0,2567.96,20.4,0,2557.17,20.8,0,2613.68,20.8,0,2510.5,19.9,6,3068.37,20.9,0,2733.43,21.3,0,2709.35,20.8,0,2568.44,20.4,0
"2026-03-27 21:45:00",906,801,"Chapada_High",11.89,2329.25,20.6,1,2568.43,20.3,0,2556.66,20.7,0,2613.53,20.8,9,2510.52,19.9,0,3068.47,20.8,0,2732.47,21.2,1,2708.72,20.7,0,2568.49,20.4,0
"2026-03-27 22:00:00",907,801,"Chapada_High",11.89,2329.17,20.5,0,2568.62,20.2,2,2557.4,20.6,0,2613.15,20.7,0,2511.11,19.8,0,3067.67,20.7,18,2730.92,21.1,0,2709.18,20.6,0,2566.82,20.2,0
"2026-03-27 22:15:00",908,801,"Chapada_High",11.89,2329.03,20.4,0,2568.29,20.1,0,2557.29,20.6,0,2613.37,20.6,0,2511.04,19.7,0,3064.02,20.6,0,2729.69,21,8,2707.34,20.5,0,2566.51,20.1,0
"2026-03-27 22:30:00",909,801,"Chapada_High",11.89,2329.81,20.4,4,2568.78,20.1,0,2557.63,20.5,0,2613.47,20.6,0,2510.61,19.7,0,3063.34,20.6,0,2728.96,20.9,0,2706.58,20.4,0,2565.58,20.1,0
"2026-03-27 22:45:00",910,801,"Chapada_High",11.89,2329.81,20.3,0,2568.17,20,0,2557.96,20.4,0,2613.48,20.4,0,2510.91,19.6,0,3063.26,20.5,1,2727.85,20.8,0,2706.34,20.4,0,2564.62,20,0
"2026-03-27 23:00:00",911,801,"Chapada_High",11.89,2330.33,20.1,3,2568.12,19.8,0,2558.27,20.2,0,2613.75,20.3,2,2510.84,19.3,0,3061.05,20.4,5,2727.26,20.7,0,2705.67,20.2,0,2565.21,19.8,0
"2026-03-27 23:15:00",912,801,"Chapada_High",11.89,2330.45,20.2,0,2567.85,19.8,0,2558.01,20.2,0,2613.41,20.4,0,2511.42,19.5,0,3061.47,20.5,0,2726.6,20.6,0,2705.27,20.2,0,2564.12,19.8,0
"2026-03-27 23:30:00",913,801,"Chapada_High",11.89,2330.16,20.2,0,2568.08,19.9,1,2558.24,20.2,0,2614.04,20.3,0,2511.19,19.6,0,3061.05,20.5,0,2725.45,20.6,0,2706.63,20.2,0,2563.31,19.9,0
"2026-03-27 23:45:00",914,801,"Chapada_High",11.89,2329.95,20.2,0,2567.78,19.8,0,2557.69,20.2,0,2613.73,20.3,1,2511.57,19.5,0,3061.44,20.5,0,2725.44,20.5,0,2704.55,20.2,3,2562.89,19.8,0
"2026-03-28 00:00:00",915,801,"Chapada_High",11.89,2330.28,20.1,0,2568.11,19.8,0,2557.83,20.2,0,2613.32,20.2,0,2511.21,19.5,0,3061.04,20.5,5,2723.65,20.5,0,2705.18,20.2,0,2562.18,19.8,0
"2026-03-28 00:15:00",916,801,"Chapada_High",11.88,2329.72,20.1,0,2568.55,19.8,0,2558.12,20.1,0,2612.93,20.2,0,2511.4,19.5,0,3059.71,20.5,4,2722.71,20.5,0,2702.66,20.2,0,2561.24,19.8,0
"2026-03-28 00:30:00",917,801,"Chapada_High",11.89,2330.31,20,0,2567.78,19.7,0,2558.04,20.1,0,2614.15,20.1,0,2510.53,19.5,0,3059.47,20.3,0,2721.35,20.4,7,2702.11,20.1,0,2560.35,19.7,0
"2026-03-28 00:45:00",918,801,"Chapada_High",11.89,2330.54,19.9,0,2567.6,19.6,4,2557.92,19.9,0,2613.8,19.9,8,2511.85,19.2,0,3059.04,20.3,0,2720.44,20.3,0,2703.54,19.9,0,2560.28,19.6,0
"2026-03-28 01:00:00",919,801,"Chapada_High",11.89,2330.74,19.8,0,2566.93,19.5,2,2558.72,19.8,0,2613.49,19.9,0,2511.37,19.1,0,3059.79,20.1,1,2720.76,20.3,0,2702.8,19.8,0,2559.63,19.5,0
"2026-03-28 01:15:00",920,801,"Chapada_High",11.88,2331.11,19.7,0,2567.58,19.4,0,2559.23,19.7,0,2613.94,19.8,0,2511.69,18.9,0,3059.94,20,0,2716.93,20.2,0,2702.02,19.7,0,2559.9,19.4,0
"2026-03-28 01:30:00",921,801,"Chapada_High",11.88,2332.51,19.5,0,2567.5,19.3,0,2558.53,19.6,0,2613.54,19.7,6,2512.07,18.8,0,3060.02,19.9,0,2719.25,20.1,0,2700.74,19.6,0,2558.99,19.3,0
"2026-03-28 01:45:00",922,801,"Chapada_High",11.89,2331.47,19.5,0,2567.39,19.3,0,2558.58,19.6,0,2613.29,19.6,0,2511.65,18.8,0,3059.73,19.9,0,2718.77,20,0,2700.73,19.6,0,2559.11,19.3,0
"2026-03-28 02:00:00",923,801,"Chapada_High",11.89,2331.85,19.5,0,2567.55,19.2,0,2558.25,19.5,0,2614.2,19.5,0,2512.4,18.7,0,3059.47,19.8,4,2718.15,19.9,0,2700.28,19.5,0,2558.58,19.2,0
"2026-03-28 02:15:00",924,801,"Chapada_High",11.89,2331.26,19.4,0,2568.37,19.1,0,2558.84,19.4,1,2613.65,19.4,0,2512.12,18.6,0,3060.18,19.6,0,2714.92,19.9,2,2699.1,19.4,0,2558.58,19,0
"2026-03-28 02:30:00",925,801,"Chapada_High",11.89,2331.87,19.2,0,2567.63,19,0,2558.79,19.3,0,2614.07,19.3,4,2512.87,18.4,0,3061.4,19.5,0,2716.34,19.8,0,2699.06,19.3,0,2557.83,18.9,0
"2026-03-28 02:45:00",926,801,"Chapada_High",11.89,2332.03,19.2,0,2567.71,18.9,3,2559.1,19.3,0,2614.05,19.3,0,2512.61,18.5,0,3059.73,19.6,0,2714.06,19.7,0,2699.79,19.3,0,2557.09,18.9,1
"2026-03-28 03:00:00",927,801,"Chapada_High",11.89,2331.83,19.3,0,2567.44,19,0,2559.38,19.3,0,2614.26,19.3,0,2512.12,18.6,0,3059.59,19.6,0,2716.2,19.7,0,2699.37,19.3,0,2557.15,18.9,0
"2026-03-28 03:15:00",928,801,"Chapada_High",11.89,2331.97,19.3,4,2567.91,19,1,2558.47,19.3,0,2614.27,19.3,0,2512.27,18.6,0,3060.16,19.6,0,2713.73,19.7,0,2699.33,19.3,0,2556.09,19,0
"2026-03-28 03:30:00",929,801,"Chapada_High",11.88,2331.58,19.2,0,2567.62,18.9,0,2557.98,19.2,0,2614.19,19.2,0,2512.14,18.5,0,3060.04,19.5,0,2713.41,19.6,0,2699.85,19.3,0,2555.53,18.9,0
"2026-03-28 03:45:00",930,801,"Chapada_High",11.89,2332.01,19.1,0,2567.22,18.9,0,2559.45,19.2,0,2614.02,19.2,0,2512.77,18.4,0,3059.7,19.5,0,2712.34,19.6,0,2698.61,19.2,1,2555.67,18.8,0
"2026-03-28 04:00:00",931,801,"Chapada_High",11.88,2332.02,19,0,2567.74,18.8,0,2559.25,19.1,0,2613.76,19.1,0,2512.65,18.3,0,3060.71,19.4,0,2712.07,19.5,0,2699.11,19.1,0,2555.16,18.7,0
"2026-03-28 04:15:00",932,801,"Chapada_High",11.88,2332.13,19,0,2567.79,18.8,0,2559.94,19.1,0,2614.23,19.1,0,2512.53,18.3,6,3060.17,19.4,0,2711.93,19.5,2,2698.13,19.1,0,2554.19,18.7,0
"2026-03-28 04:30:00",933,801,"Chapada_High",11.89,2332.54,19,0,2566.92,18.8,0,2559.34,19,0,2613.79,19.1,0,2512.54,18.3,0,3060.18,19.4,0,2710.96,19.4,0,2698.48,19.1,0,2554.05,18.7,0
"2026-03-28 04:45:00",934,801,"Chapada_High",11.89,2332.08,19,0,2567.1,18.8,0,2559.53,19,0,2613.37,19.1,0,2512.14,18.4,0,3060.45,19.4,0,2710.42,19.4,0,2698.77,19.1,0,2554.35,18.7,0
"2026-03-28 05:00:00",935,801,"Chapada_High",11.89,2332.77,19,0,2567.18,18.8,0,2559.2,19,0,2614.09,19,0,2512.72,18.4,0,3059.77,19.4,0,2709.5,19.4,0,2696.75,19.1,0,2553.31,18.7,0
"2026-03-28 05:15:00",936,801,"Chapada_High",11.89,2332.14,19,0,2567.29,18.8,0,2558.71,19,0,2613.25,19,0,2512.96,18.3,0,3059.67,19.4,0,2708.43,19.4,0,2698.08,19.1,0,2553.28,18.7,0
"2026-03-28 05:30:00",937,801,"Chapada_High",11.89,2331.7,18.9,0,2566.97,18.7,0,2559.35,19,0,2613.92,19,0,2512.71,18.3,0,3059.78,19.3,0,2707.33,19.3,0,2697.16,19,0,2552.12,18.6,0
"2026-03-28 05:45:00",938,801,"Chapada_High",11.89,2332.63,18.9,0,2566.8,18.7,0,2558.99,19,0,2614.36,19,0,2512.67,18.3,0,3058.71,19.3,0,2706.2,19.3,0,2695.94,19,0,2551.7,18.6,0
"2026-03-28 06:00:00",939,801,"Chapada_High",11.89,2332.39,19,0,2566.75,18.8,0,2559.42,19,0,2613.79,19,0,2512.58,18.5,0,3057.41,19.3,3,2705.56,19.3,0,2693.38,19.1,0,2551.33,18.7,0
"2026-03-28 06:15:00",940,801,"Chapada_High",11.89,2332.02,19,0,2566.1,18.8,0,2559.79,19,0,2613.73,19,0,2512.27,18.5,0,3057.38,19.4,0,2704.47,19.3,0,2692.37,19.1,0,2550.04,18.7,0
"2026-03-28 06:30:00",941,801,"Chapada_High",11.89,2332.6,19,0,2566.17,18.8,0,2559.68,19,0,2614.28,19,0,2512.07,18.4,0,3053.29,19.3,0,2703.32,19.3,0,2691.33,19,0,2549.97,18.7,0
"2026-03-28 06:45:00",942,801,"Chapada_High",11.89,2332.37,19,0,2566,18.8,0,2559.68,19,0,2613.6,19,0,2512.79,18.5,0,3053.53,19.3,0,2703.97,19.3,0,2691.25,19.1,0,2548.81,18.7,0
"2026-03-28 07:00:00",943,801,"Chapada_High",11.89,2332.24,19.1,0,2565.96,18.9,0,2559.14,19.1,0,2613.09,19.1,0,2512.08,18.7,6,3052.53,19.4,0,2701.07,19.4,0,2689.81,19.2,0,2548.35,18.9,0
"2026-03-28 07:15:00",944,801,"Chapada_High",11.89,2332.22,19.2,0,2565.1,19,0,2559.06,19.2,0,2613.29,19.3,0,2512.33,18.8,0,3051.3,19.5,0,2699.29,19.4,0,2687.46,19.3,0,2547.55,19,0
"2026-03-28 07:30:00",945,801,"Chapada_High",11.89,2331.91,19.3,0,2565.22,19.2,0,2558.98,19.3,0,2612.72,19.4,0,2511.6,19,0,3050.55,19.6,0,2700.21,19.5,0,2687.34,19.4,0,2546.38,19.1,0
"2026-03-28 07:45:00",946,801,"Chapada_High",11.89,2331.55,19.4,0,2565.1,19.3,0,2559.25,19.4,0,2612.54,19.6,0,2511.77,19.2,0,3049.79,19.7,0,2698.68,19.6,0,2685.85,19.5,0,2545.55,19.2,0
"2026-03-28 08:00:00",947,801,"Chapada_High",11.89,2332.22,19.5,0,2564.84,19.4,0,2558.36,19.5,0,2612.16,19.8,0,2511,19.5,0,3048.85,19.8,0,2695.78,19.7,0,2684.55,19.6,0,2545.42,19.4,10
"2026-03-28 08:15:00",948,801,"Chapada_High",11.89,2331.98,19.6,0,2565.06,19.5,7,2558.7,19.6,2,2611.48,19.9,0,2511,19.6,0,3047.77,20,0,2696.71,19.8,0,2683.67,19.7,0,2544.46,19.5,3
"2026-03-28 08:30:00",949,801,"Chapada_High",11.89,2332.04,19.7,0,2563.7,19.7,0,2557.82,19.8,0,2611.25,20.1,0,2511.06,19.8,0,3046.1,20.1,0,2696.03,20,5,2682.94,19.9,0,2543.36,19.7,0
"2026-03-28 08:45:00",950,801,"Chapada_High",11.89,2331.36,19.9,6,2563.67,19.9,0,2557.74,20,0,2611.25,20.4,0,2510.27,20,0,3044.34,20.3,0,2694.28,20.2,0,2682.9,20.2,0,2542.56,20,0
"2026-03-28 09:00:00",951,801,"Chapada_High",11.89,2331.82,20.1,0,2563.75,20,0,2557.94,20.2,0,2609.97,20.5,0,2510.12,20.2,0,3043.35,20.4,0,2693.55,20.3,6,2679.94,20.3,0,2541.26,20.2,0
"2026-03-28 09:15:00",952,801,"Chapada_High",11.89,2331.65,20.3,3,2562.78,20.4,0,2557.25,20.3,0,2609.94,20.7,4,2509.44,20.4,0,3041.94,20.6,0,2690.92,20.5,1,2681.33,20.5,0,2540.71,20.3,5
"2026-03-28 09:30:00",953,801,"Chapada_High",11.89,2332.18,20.5,0,2562.11,20.6,0,2557.61,20.7,2,2609.12,21,0,2509.43,20.7,0,3008.22,20.7,0,2688.9,20.7,6,2678.16,20.7,0,2539.81,20.5,0
"2026-03-28 09:45:00",954,801,"Chapada_High",11.89,2330.95,20.9,0,2561.63,21.1,0,2556.44,21.2,0,2608.62,22.1,0,2508.03,21.4,0,3006.58,21.2,0,2687.8,21,0,2677.93,21.4,0,2538.64,21,0
"2026-03-28 10:00:00",955,801,"Chapada_High",11.89,2331.36,21.6,0,2560.28,21.8,0,2555.2,21.9,0,2608.01,22.9,0,2506,22.8,0,3004.95,22.1,0,2686.22,21.5,0,2675.4,22.3,0,2536.88,21.7,0
"2026-03-28 10:15:00",956,801,"Chapada_High",11.89,2330.42,22,0,2558.26,22.3,0,2554.69,22.4,0,2606.43,23.5,0,2505.81,23.1,0,2996.8,22.7,0,2684.25,22.1,0,2672.72,23,0,2535.67,22.2,0
"2026-03-28 10:30:00",957,801,"Chapada_High",11.89,2329.51,22.5,0,2557.35,22.9,0,2553.16,23,0,2605.44,24.4,0,2504.22,23.7,0,2994.38,23.2,0,2681.59,22.8,0,2669.31,24.1,0,2533.61,22.8,0
"2026-03-28 10:45:00",958,801,"Chapada_High",11.89,2330.05,22.8,0,2556.38,23.2,0,2553.03,23.3,0,2603.83,24.8,0,2504.53,23.9,0,2992.34,23.4,0,2679.59,23.1,0,2666.15,24.4,0,2531.77,23.6,0
"2026-03-28 11:00:00",959,801,"Chapada_High",11.89,2328.95,23.4,0,2556.02,23.2,0,2552.9,23.4,0,2602.99,24.6,0,2504.59,23.6,0,2991.13,23.3,0,2677.99,23.2,1,2666.14,24.1,0,2530.65,23.4,0
"2026-03-28 11:15:00",960,801,"Chapada_High",11.89,2328.8,23.4,0,2554.61,23.9,0,2552.24,23.8,0,2602.12,25,0,2504.24,23.8,0,2988.13,23.6,0,2675.18,23.4,0,2663.39,24.3,3,2529.82,23.4,0
"2026-03-28 11:30:00",961,801,"Chapada_High",11.89,2328.96,23.3,0,2553.6,23.8,0,2551.91,24.1,0,2601.46,25.2,0,2503.13,24,0,2987.58,23.7,0,2673.63,23.5,0,2659.48,24.3,0,2529.17,23.5,0
"2026-03-28 11:45:00",962,801,"Chapada_High",11.89,2328.11,24.8,0,2552.25,25.5,0,2549.27,25.9,0,2597.6,28.3,0,2499.14,27.6,0,2983.12,25.3,0,2670.52,25,0,2655.42,26,0,2526.07,25,0
"2026-03-28 12:00:00",963,801,"Chapada_High",11.89,2326.5,25.4,0,2549.57,26.1,0,2548.37,26.7,0,2594.17,30.2,0,2498.88,27.6,0,2980.72,26.4,0,2665.58,26.2,0,2652.11,26.4,0,2523.46,25.9,0
"2026-03-28 12:15:00",964,801,"Chapada_High",11.89,2326.72,25.5,0,2549.54,26.1,0,2546.9,27.3,0,2591.64,31.1,0,2498.42,27.9,0,2978.32,26.5,0,2662.44,27.3,0,2648.87,26.5,0,2522.6,26.7,0
"2026-03-28 12:30:00",965,801,"Chapada_High",11.89,2327.65,25.5,0,2549.46,25.9,0,2547.6,27.4,0,2591.2,30.5,0,2497.93,27.4,0,2977.27,26.3,0,2658.83,27.6,0,2645.86,26.8,3,2521.01,27,0
"2026-03-28 12:45:00",966,801,"Chapada_High",11.89,2326.94,25.9,0,2547.14,25.9,0,2547.12,27.4,0,2591.56,29.7,0,2497.86,27.1,0,2976.54,26.1,0,2654.53,27.9,0,2643.22,26.6,0,2518.26,27.4,0
"2026-03-28 13:00:00",967,801,"Chapada_High",11.89,2326.89,25.8,0,2547.37,26.1,0,2547.45,27,0,2591.57,28.8,0,2498.29,26.6,0,2975.14,25.7,0,2653.79,27.3,0,2641.27,26.3,0,2518.39,26.8,0
"2026-03-28 13:15:00",968,801,"Chapada_High",11.89,2325.89,26.1,0,2545.78,26.6,0,2545.55,28.4,0,2590.47,29.5,0,2497.71,27.2,0,2974.79,26,0,2651.26,27.5,0,2638.99,26.8,0,2516.87,27.8,0
"2026-03-28 13:30:00",969,801,"Chapada_High",11.89,2326.22,26.2,0,2544.81,26.6,0,2544.8,29.2,0,2588.67,30.5,1,2497.16,27.5,0,2972.53,26.2,0,2648.57,27.5,0,2635.97,27.2,0,2515.18,28.4,0
"2026-03-28 13:45:00",970,801,"Chapada_High",11.89,2326.25,26,0,2545.22,26.4,0,2544.16,29.5,0,2588.49,29.5,0,2496.91,27.9,0,2971.94,26.3,0,2647.83,26.9,0,2633.39,27.2,0,2513.28,28.4,0
"2026-03-28 14:00:00",971,801,"Chapada_High",11.89,2326.37,25.9,0,2544.28,26.4,0,2543.55,29.5,0,2587.79,29.1,0,2497.07,27.3,0,2966.88,26.8,1,2646.91,26.9,0,2631.39,27,0,2512.67,28.3,0
"2026-03-28 14:15:00",972,801,"Chapada_High",11.9,2325.65,25.9,0,2543.72,26.5,0,2543.34,29.3,0,2587.95,29.3,0,2496.32,27.2,0,2965.48,26.7,0,2644.46,27.1,0,2628.84,27.4,0,2511.53,28.6,0
"2026-03-28 14:30:00",973,801,"Chapada_High",11.9,2326.74,26,0,2544.1,26.3,0,2543.29,29,0,2587.54,29.3,0,2496.31,27.3,0,2963.69,26.9,0,2642.89,27,0,2626.6,27.2,0,2507.86,30.4,0
"2026-03-28 14:45:00",974,801,"Chapada_High",11.9,2324.93,27,0,2542.85,26.6,0,2542.85,28.7,0,2585.17,29,0,2495.69,27.3,0,2962.21,26.9,0,2640.61,27,0,2624.46,26.9,0,2507.61,29.5,0
"2026-03-28 15:00:00",975,801,"Chapada_High",11.89,2325.35,26.7,0,2541.43,27.5,0,2543.11,28.5,0,2585.81,29.1,0,2495.22,27.4,0,2961.32,26.8,0,2638.52,27,0,2622.75,26.6,0,2508.05,29.1,0
"2026-03-28 15:15:00",976,801,"Chapada_High",11.89,2325.01,26.7,0,2540.79,27.4,0,2541.6,28.9,0,2583.71,29.9,0,2494.69,27.9,0,2959.3,27,0,2636.19,27.3,0,2620.69,26.7,0,2506.44,29.8,0
"2026-03-28 15:30:00",977,801,"Chapada_High",11.89,2324.6,26.8,0,2540.36,27.3,0,2542.82,28.6,0,2583.93,30,0,2491.71,29.7,0,2957.54,27.1,0,2633.9,27.7,3,2618.89,26.8,0,2503.96,30.6,0
"2026-03-28 15:45:00",978,801,"Chapada_High",11.89,2324,26.9,0,2540.4,27.2,0,2541.77,28.4,0,2583.15,29.5,0,2492.55,29.2,0,2954.23,28,9,2631.63,28.1,0,2616.53,27,3,2503.35,31,0
"2026-03-28 16:00:00",979,801,"Chapada_High",11.89,2324.07,26.9,0,2539.42,26.9,0,2541.57,28.3,0,2583.01,28.8,0,2493.22,28.6,0,2952.9,27.5,0,2630.17,28.8,0,2614.92,27.1,0,2502.1,31.1,0
"2026-03-28 16:15:00",980,801,"Chapada_High",11.89,2325.11,26.8,0,2540.09,26.7,0,2542.15,28.1,0,2582.98,28.2,0,2493,28.3,0,2952.1,27,0,2627.98,28.7,0,2611.87,27.9,0,2502.76,30.8,0
"2026-03-28 16:30:00",981,801,"Chapada_High",11.9,2324.19,26.9,0,2540.54,26.2,0,2542.49,27.8,1,2583.56,27.5,0,2493.2,27.7,0,2950.92,26.6,0,2627.11,28.2,0,2611.46,27.3,0,2502.92,29.8,0
"2026-03-28 16:45:00",982,801,"Chapada_High",11.89,2323.03,27,8,2538.42,26.7,0,2542.08,27.7,0,2583.46,27.2,0,2493.39,27.5,0,2949.59,26.5,0,2626.25,27.8,0,2610.54,27.1,0,2503.89,28.5,0
"2026-03-28 17:00:00",983,801,"Chapada_High",11.89,2324.34,26.5,1,2539.7,26.2,0,2541.55,27.9,0,2583.46,26.7,0,2493.61,27,0,2947.63,26.2,0,2626.36,27.2,0,2609.26,26.8,0,2505.09,27.4,0
"2026-03-28 17:15:00",984,801,"Chapada_High",11.89,2323.99,26,0,2539.13,25.7,0,2542.22,27.4,0,2583.6,26.8,0,2493.06,26.8,0,2947.06,25.9,0,2625.72,26.6,0,2609.51,26.3,0,2505.53,26.6,0
"2026-03-28 17:30:00",985,801,"Chapada_High",11.89,2325.01,25.8,0,2540.85,25.4,0,2542.27,27.1,0,2584.45,26.3,0,2493.4,27.3,0,2947.7,25.8,3,2625.6,26.1,0,2609.2,25.7,0,2505.37,26.1,0
"2026-03-28 17:45:00",986,801,"Chapada_High",11.89,2325.03,25.2,0,2540.64,24.7,0,2543.26,26.4,0,2584.81,25.6,0,2494.62,25.9,0,2945.33,25.5,0,2626.96,25.7,0,2609.01,25,0,2505.6,25.5,0
"2026-03-28 18:00:00",987,801,"Chapada_High",11.89,2325.17,24.4,0,2541.95,23.9,0,2544.17,25.5,0,2586.32,24.7,0,2495.2,24.6,0,2946.51,24.5,0,2627.07,25.1,0,2610.61,24.4,0,2507.48,24.4,0
"2026-03-28 18:15:00",988,801,"Chapada_High",11.89,2326.1,24.1,0,2542.28,23.6,0,2544.74,25.2,0,2586.99,24.4,0,2495.77,24.4,0,2946.15,24.2,0,2627,24.7,0,2610.33,24.1,0,2506.35,24.5,0
"2026-03-28 18:30:00",989,801,"Chapada_High",11.89,2326.6,23.9,0,2542.99,23.2,0,2545.71,24.7,7,2586.93,24,0,2496.37,23.7,0,2945.78,23.8,0,2626.68,24.2,4,2610.77,23.7,0,2507.26,23.9,0
"2026-03-28 18:45:00",990,801,"Chapada_High",11.89,2326.66,23.3,0,2543.22,22.8,0,2546.34,24.1,0,2588.74,23.4,0,2497.24,22.8,0,2946.87,23.2,0,2627.27,23.8,0,2610.28,23.2,0,2508.06,23.1,0
"2026-03-28 19:00:00",991,801,"Chapada_High",11.89,2327.71,22.8,0,2543.72,22.3,0,2547.24,23.7,0,2588.89,22.9,0,2498.88,22.2,0,2946.74,22.7,0,2627.19,23.4,0,2610.34,22.7,0,2508.83,22.6,0
"2026-03-28 19:15:00",992,801,"Chapada_High",11.89,2328.46,22.5,0,2544.27,22,0,2547.33,23.3,0,2589.85,22.6,0,2498.63,22,0,2947.1,22.4,0,2627.54,23.1,0,2610.34,22.4,0,2508.52,22.2,0
"2026-03-28 19:30:00",993,801,"Chapada_High",11.89,2328.84,22.2,0,2544.97,21.7,0,2548.33,22.9,0,2589.67,22.3,0,2499.28,21.4,0,2946.63,22.3,0,2627.51,22.8,0,2611.34,22.1,0,2509.44,21.8,0
"2026-03-28 19:45:00",994,801,"Chapada_High",11.89,2328.67,22,0,2545.26,21.4,0,2548.43,22.6,0,2589.73,22,0,2499.91,21.1,0,2946.98,21.9,0,2627.38,22.6,0,2609.62,21.9,0,2509.24,21.6,0
"2026-03-28 20:00:00",995,801,"Chapada_High",11.89,2328.44,21.7,0,2546.08,21.2,0,2548.91,22.3,0,2590.1,21.8,0,2500.57,20.8,0,2947.61,21.6,0,2627,22.3,0,2611.19,21.6,0,2510.01,21.4,0
"2026-03-28 20:15:00",996,801,"Chapada_High",11.89,2330.16,21.6,0,2546.58,21,0,2549.73,22.1,0,2591.11,21.6,0,2500.75,20.6,0,2948.16,21.4,4,2627.65,22.1,0,2611.17,21.4,0,2510.29,21.2,0
"2026-03-28 20:30:00",997,801,"Chapada_High",11.89,2329.32,21.4,0,2546.27,20.9,0,2549.91,21.9,0,2591.9,21.5,0,2500.94,20.5,0,2947.66,21.3,0,2627.95,21.9,0,2609.9,21.3,0,2510.58,21,0
"2026-03-28 20:45:00",998,801,"Chapada_High",11.89,2329.63,21.3,0,2547.24,20.8,0,2549.91,21.8,0,2592.56,21.5,0,2500.92,20.5,0,2948.1,21.2,3,2627.29,21.8,0,2610.38,21.2,0,2509.69,20.9,0
"2026-03-28 21:00:00",999,801,"Chapada_High",11.88,2330.04,21.3,0,2547.02,20.8,0,2549.96,21.7,0,2591.84,21.4,0,2500.64,20.5,0,2947.31,21.2,0,2627.89,21.7,0,2609.27,21.1,4,2509.94,20.8,1
"2026-03-28 21:15:00",1000,801,"Chapada_High",11.89,2330.48,21.2,0,2547.6,20.7,0,2550.55,21.6,0,2592.14,21.2,0,2501.72,20.4,0,2948.31,21.2,0,2627.5,21.6,6,2610.52,21,0,2510.32,20.7,0
"2026-03-28 21:30:00",1001,801,"Chapada_High",11.89,2330.71,21.2,0,2547.47,20.7,7,2550.15,21.5,0,2592.57,21.2,0,2501.39,20.5,0,2947.65,21.2,0,2627.6,21.5,3,2608.8,21,0,2509.83,20.7,0
"2026-03-28 21:45:00",1002,801,"Chapada_High",11.89,2330.3,21.1,0,2548.21,20.7,0,2550.73,21.5,0,2592.95,21.1,0,2501.52,20.4,0,2946.93,21.1,0,2626.78,21.5,0,2609.96,21,0,2509.73,20.7,0
"2026-03-28 22:00:00",1003,801,"Chapada_High",11.89,2330.74,21,0,2547.75,20.5,0,2551.63,21.3,0,2593.87,21,0,2501.63,20.3,0,2947.09,21,0,2627.5,21.4,0,2607.94,20.8,2,2509.72,20.6,0
"2026-03-28 22:15:00",1004,801,"Chapada_High",11.89,2330.62,20.9,0,2547.84,20.5,0,2551.61,21.2,0,2593.47,20.9,0,2501.71,20.2,0,2946.8,20.9,0,2626.79,21.3,0,2608,20.8,0,2509.68,20.5,0
"2026-03-28 22:30:00",1005,801,"Chapada_High",11.89,2331.2,20.8,0,2547.6,20.4,0,2551.28,21.2,0,2593.64,20.9,0,2501.76,20.2,0,2946.85,20.9,0,2626.4,21.2,0,2607.84,20.7,0,2509.84,20.4,0
"2026-03-28 22:45:00",1006,801,"Chapada_High",11.89,2331.34,20.8,0,2548.39,20.4,0,2551.81,21.1,0,2594.06,20.9,0,2501.62,20.2,0,2947.14,20.9,0,2626.5,21.1,0,2609.19,20.7,0,2509.77,20.4,0
"2026-03-28 23:00:00",1007,801,"Chapada_High",11.89,2331.34,20.8,0,2548.81,20.4,0,2552.01,21.1,0,2594.53,20.8,0,2501.35,20.2,0,2946.22,20.9,0,2626.39,21.1,0,2607.18,20.7,2,2509.82,20.4,0
"2026-03-28 23:15:00",1008,801,"Chapada_High",11.89,2331.08,20.8,0,2548.37,20.4,0,2551.7,21.1,0,2594.12,20.8,0,2502.06,20.2,0,2945.63,21,0,2626.33,21.1,0,2606.64,20.7,6,2509.17,20.4,0
"2026-03-28 23:30:00",1009,801,"Chapada_High",11.89,2331.1,20.8,0,2548,20.4,0,2551.65,21,0,2594.53,20.8,0,2502.2,20.2,0,2944.72,20.9,3,2625.91,21.1,0,2606.46,20.7,0,2509.24,20.4,0
"2026-03-28 23:45:00",1010,801,"Chapada_High",11.89,2331.54,20.7,1,2548.61,20.4,0,2552.11,21,0,2594.24,20.7,0,2501.71,20.2,0,2945.4,20.9,0,2625.21,21,0,2605.96,20.6,0,2509.56,20.3,0
"2026-03-29 00:00:00",1011,801,"Chapada_High",11.89,2332.06,20.6,8,2548.89,20.3,0,2552.03,20.9,0,2594.68,20.6,0,2501.98,20,0,2945.38,20.8,0,2625.45,20.9,0,2605.93,20.6,0,2509.11,20.3,0
"2026-03-29 00:15:00",1012,801,"Chapada_High",11.88,2332.04,20.5,0,2549.11,20.1,0,2552.46,20.7,0,2594.45,20.5,0,2502.17,19.9,0,2944.61,20.6,5,2624.57,20.9,0,2607.14,20.4,0,2509.42,20.1,0
"2026-03-29 00:30:00",1013,801,"Chapada_High",11.88,2331.83,20.4,0,2548.94,20,0,2552.92,20.6,0,2595.03,20.3,0,2502.57,19.7,0,2944.96,20.5,0,2624.65,20.7,0,2605.16,20.3,0,2509.04,20,0
"2026-03-29 00:45:00",1014,801,"Chapada_High",11.88,2332.23,20.3,0,2549.54,19.9,8,2553.02,20.5,0,2594.92,20.2,0,2502.01,19.6,0,2945.46,20.4,0,2625.1,20.7,1,2605.47,20.2,0,2509.05,19.9,0
"2026-03-29 01:00:00",1015,801,"Chapada_High",11.89,2332.84,20.2,0,2549.22,19.9,0,2553.07,20.4,0,2593.98,20.2,0,2503.12,19.6,0,2945.64,20.4,0,2624.26,20.6,0,2606.12,20.2,0,2508.83,19.8,0
"2026-03-29 01:15:00",1016,801,"Chapada_High",11.89,2331.52,20.3,0,2549.01,19.9,0,2552.48,20.4,0,2595.21,20.2,0,2502.63,19.6,0,2945,20.4,0,2624.17,20.6,0,2605.98,20.2,0,2509.67,19.9,0
"2026-03-29 01:30:00",1017,801,"Chapada_High",11.89,2332.19,20.3,0,2548.81,19.9,0,2553.09,20.4,0,2595.23,20.2,0,2502.8,19.7,0,2944.91,20.4,0,2623.75,20.6,0,2605.04,20.2,0,2508.48,19.9,0
"2026-03-29 01:45:00",1018,801,"Chapada_High",11.89,2332.73,20.2,0,2549.08,19.9,0,2552.83,20.4,0,2594.97,20.2,3,2502.85,19.6,0,2944.64,20.3,0,2623.97,20.5,0,2605.06,20.1,0,2508.85,19.9,0
"2026-03-29 02:00:00",1019,801,"Chapada_High",11.88,2332.26,20.1,0,2549.68,19.8,0,2553.22,20.3,0,2595.66,20.1,0,2503.03,19.5,0,2943.81,20.3,0,2623.79,20.5,6,2604.48,20.1,0,2508.99,19.8,0
"2026-03-29 02:15:00",1020,801,"Chapada_High",11.89,2333.08,20.1,0,2549.73,19.8,0,2553.2,20.3,0,2595.1,20.1,0,2503.19,19.5,0,2944.67,20.3,0,2623.37,20.4,0,2605.14,20.1,0,2508.46,19.8,0
"2026-03-29 02:30:00",1021,801,"Chapada_High",11.88,2332.99,20.1,0,2549.4,19.8,0,2553.36,20.2,0,2594.92,20.1,0,2503.26,19.5,0,2944.06,20.3,0,2623.5,20.4,0,2606.11,20.1,0,2508.39,19.7,0
"2026-03-29 02:45:00",1022,801,"Chapada_High",11.89,2332.36,20.1,0,2549.8,19.7,0,2553.34,20.2,0,2594.97,20,0,2502.4,19.5,0,2944.22,20.2,0,2623.37,20.4,0,2604.76,20,0,2508.69,19.7,0
"2026-03-29 03:00:00",1023,801,"Chapada_High",11.89,2332.11,20,0,2549.75,19.7,0,2553.68,20.1,0,2595.34,20,0,2502.62,19.5,17,2944.09,20.3,0,2623.4,20.3,0,2605.41,20,0,2508.68,19.7,0
"2026-03-29 03:15:00",1024,801,"Chapada_High",11.89,2332.48,20,0,2549.88,19.7,0,2553.54,20.1,0,2595.39,19.9,0,2503.42,19.4,0,2944.04,20.2,0,2623.24,20.3,0,2604.95,19.9,0,2507.75,19.6,0
"2026-03-29 03:30:00",1025,801,"Chapada_High",11.88,2332.83,19.9,0,2549.39,19.7,0,2553.93,20.1,0,2595.08,19.9,0,2502.94,19.4,6,2943.23,20.2,0,2622.79,20.3,0,2604.51,19.9,0,2508.34,19.6,0
"2026-03-29 03:45:00",1026,801,"Chapada_High",11.89,2332.97,19.9,0,2549.42,19.7,0,2553.37,20.1,0,2595.34,20,5,2502.44,19.4,3,2944.07,20.2,0,2622.88,20.2,0,2605.34,19.9,0,2508.31,19.6,0
"2026-03-29 04:00:00",1027,801,"Chapada_High",11.89,2332.28,19.9,0,2549.94,19.6,0,2553.81,20,6,2595.22,19.9,0,2503.39,19.4,0,2943.27,20.2,0,2622.72,20.2,0,2603.95,19.9,0,2507.94,19.6,0
"2026-03-29 04:15:00",1028,801,"Chapada_High",11.89,2332.4,20,0,2550.23,19.7,0,2554.34,20,0,2594.63,19.9,0,2503.15,19.4,7,2942.87,20.2,0,2622.24,20.2,0,2605.23,19.9,0,2507.56,19.6,0
"2026-03-29 04:30:00",1029,801,"Chapada_High",11.89,2332.38,20,0,2549.39,19.7,0,2554.18,20,0,2595.49,19.9,0,2502.14,19.5,0,2942.88,20.3,0,2622.5,20.2,0,2603.93,19.9,0,2507.26,19.6,0
"2026-03-29 04:45:00",1030,801,"Chapada_High",11.89,2332.06,20,0,2549.56,19.7,0,2553.93,20,0,2594.63,19.9,0,2502.64,19.4,0,2943.51,20.3,0,2621.73,20.2,0,2603.68,19.9,0,2508.22,19.6,0
"2026-03-29 05:00:00",1031,801,"Chapada_High",11.89,2333.09,19.9,0,2549.82,19.6,0,2554.04,20,0,2594.69,19.9,0,2503.16,19.4,0,2942.15,20.2,2,2621.71,20.2,0,2603.08,19.9,0,2507.28,19.6,0
"2026-03-29 05:15:00",1032,801,"Chapada_High",11.89,2333.5,19.8,0,2549.85,19.6,0,2553.94,19.9,0,2595.66,19.8,0,2502.3,19.3,0,2941.45,20.1,3,2621.91,20.1,0,2602.25,19.8,0,2507.31,19.5,0
"2026-03-29 05:30:00",1033,801,"Chapada_High",11.89,2333.05,19.8,0,2550.14,19.5,0,2554.28,19.9,0,2594.38,19.8,0,2503.33,19.2,0,2941.27,20.1,0,2621.39,20.1,4,2603.96,19.7,0,2507.46,19.5,0
"2026-03-29 05:45:00",1034,801,"Chapada_High",11.88,2333.03,19.8,0,2549.67,19.6,0,2554.32,19.9,0,2595.73,19.8,0,2502.94,19.3,0,2940.52,20.1,0,2620.51,20.1,0,2602.37,19.8,0,2507.11,19.5,0
"2026-03-29 06:00:00",1035,801,"Chapada_High",11.89,2333.22,19.7,0,2549.61,19.5,0,2554.31,19.8,0,2595.34,19.7,0,2502.76,19.2,0,2940.71,20,0,2620.79,20,0,2602.09,19.7,0,2507.24,19.4,0
"2026-03-29 06:15:00",1036,801,"Chapada_High",11.89,2333.5,19.7,0,2550.32,19.5,0,2554.77,19.8,0,2594.56,19.7,0,2502.66,19.2,0,2939.64,20.1,0,2618.62,20,0,2601.72,19.7,0,2507.07,19.4,0
"2026-03-29 06:30:00",1037,801,"Chapada_High",11.89,2333.33,19.7,0,2549.61,19.5,0,2554.67,19.8,0,2594.57,19.7,2,2502.56,19.2,0,2939.39,20.1,0,2619.59,20,0,2601.27,19.7,0,2507.19,19.4,0
"2026-03-29 06:45:00",1038,801,"Chapada_High",11.89,2332.59,19.7,0,2549.65,19.4,0,2553.89,19.7,0,2595.27,19.7,0,2502.69,19.2,0,2939.43,20,0,2619.01,19.9,0,2601.2,19.7,0,2506.8,19.4,0
"2026-03-29 07:00:00",1039,801,"Chapada_High",11.89,2333.46,19.7,0,2549.88,19.4,0,2554.16,19.7,0,2594.99,19.7,0,2503.26,19.1,0,2938.6,20,0,2618.89,19.9,0,2600.02,19.7,0,2506.11,19.3,0
"2026-03-29 07:15:00",1040,801,"Chapada_High",11.89,2333.46,19.7,0,2549.5,19.5,0,2554.89,19.7,0,2594.84,19.7,0,2502.95,19.2,0,2937.59,20.1,0,2617.88,19.9,3,2600.54,19.7,0,2507.08,19.4,0
"2026-03-29 07:30:00",1041,801,"Chapada_High",11.89,2333.6,19.8,1,2549.9,19.5,8,2554.84,19.8,0,2594.89,19.8,0,2502.68,19.4,0,2937.44,20.1,0,2618.77,20,0,2600.46,19.8,0,2505.94,19.5,0
"2026-03-29 07:45:00",1042,801,"Chapada_High",11.89,2332.88,19.9,0,2549.42,19.7,0,2554.65,19.9,0,2595.31,19.9,0,2502.58,19.5,0,2936.87,20.2,0,2617.4,20,0,2600.76,19.9,0,2505.72,19.6,0
"2026-03-29 08:00:00",1043,801,"Chapada_High",11.89,2333.16,20.1,0,2548.73,20.1,0,2553.81,20.4,0,2593.7,20.4,0,2501.95,20.3,0,2936.04,20.5,0,2617.94,20.3,0,2598.72,20.3,0,2505.28,20,0
"2026-03-29 08:15:00",1044,801,"Chapada_High",11.89,2332.26,20.6,0,2547.57,20.8,0,2553.09,20.9,0,2592.75,21.7,0,2499.3,21.4,0,2933.84,21,0,2617.07,20.7,0,2598.83,21,0,2504.41,20.7,0
"2026-03-29 08:30:00",1045,801,"Chapada_High",11.89,2332.44,21,0,2546.64,21.3,0,2552.98,21.3,0,2592.36,22.1,0,2499.72,22.4,0,2933.85,21.5,0,2616.03,21.1,0,2597.38,21.6,0,2503.12,21.2,0
"2026-03-29 08:45:00",1046,801,"Chapada_High",11.89,2331.96,21.3,0,2545.67,21.6,0,2551.56,21.6,0,2591.33,22.5,0,2498.4,22.5,0,2931.04,22,0,2614.98,21.5,0,2595.89,22.1,0,2502.55,21.5,0
"2026-03-29 09:00:00",1047,801,"Chapada_High",11.89,2330.84,21.7,0,2544.79,22.1,0,2551.6,22.1,0,2590.14,23.3,0,2497.2,23,0,2929.52,22.3,0,2613.49,22,0,2594.21,23.2,0,2501.63,22,0
"2026-03-29 09:15:00",1048,801,"Chapada_High",11.89,2331.58,22.3,0,2544.37,22.7,0,2550.54,22.5,0,2589.02,24.2,0,2496.3,23.5,0,2927.52,22.8,0,2612.16,22.3,0,2591.54,24.1,0,2499.94,23.1,0
"2026-03-29 09:30:00",1049,801,"Chapada_High",11.89,2328.8,23.6,0,2542.36,23.2,0,2549.64,23,0,2587.79,24.9,0,2495.03,23.9,0,2925.98,23.3,0,2610.71,22.7,0,2589.2,24.9,0,2499.52,23.3,0
"2026-03-29 09:45:00",1050,801,"Chapada_High",11.89,2329.85,24,0,2541.43,24.5,0,2548.88,23.8,0,2586.76,25.6,0,2494.31,24.6,0,2923.28,23.9,0,2609.53,23.1,0,2586.84,25.7,0,2497.85,23.6,0
"2026-03-29 10:00:00",1051,801,"Chapada_High",11.88,2327.68,24.5,0,2540.08,24.8,0,2547.07,24.9,0,2584.21,26.6,0,2492.62,24.9,0,2921.05,24.5,0,2607.89,23.6,0,2585.21,26.5,0,2497.18,23.9,0
"2026-03-29 10:15:00",1052,801,"Chapada_High",11.88,2327.31,25,0,2538.21,25.3,0,2546.19,25.5,0,2583.43,27.4,0,2490.33,26.7,0,2917.14,25.1,0,2606.61,24,1,2582.5,27.5,0,2496.37,24.4,0
"2026-03-29 10:30:00",1053,801,"Chapada_High",11.88,2327.6,25.4,0,2536.94,25.7,0,2545.32,25.9,1,2581.6,27.9,0,2490.44,26.3,0,2913.27,26.3,1,2603.99,24.5,0,2579.83,28.1,0,2495.52,24.6,0
"2026-03-29 10:45:00",1054,801,"Chapada_High",11.89,2326.68,25.9,0,2535.93,26.3,1,2544.6,26.6,0,2579.94,28.7,0,2489.74,26.4,0,2910.35,26.7,0,2602.75,25.4,0,2577.29,28.9,0,2494.46,25,0
"2026-03-29 11:00:00",1055,801,"Chapada_High",11.89,2325.88,26.3,0,2533.07,26.9,0,2543.1,27.1,0,2577.19,29.5,0,2488.57,26.6,0,2908.14,27.2,2,2600.82,25.8,0,2574.54,29.6,0,2493.53,25.6,0
"2026-03-29 11:15:00",1056,801,"Chapada_High",11.89,2325.14,27,0,2531.25,27.3,0,2542.59,27.7,0,2575.91,30.1,0,2487.3,26.9,0,2905.73,27.6,0,2598.7,26.2,0,2572.99,29.8,0,2491.88,26.4,0
"2026-03-29 11:30:00",1057,801,"Chapada_High",11.89,2323.43,27.5,0,2529.23,28.2,0,2541.63,28.3,0,2574.39,30.6,0,2485.8,27.5,0,2902.8,27.9,0,2596.57,26.6,0,2571.4,29.8,0,2490.82,26.6,0
"2026-03-29 11:45:00",1058,801,"Chapada_High",11.89,2323.41,27.5,0,2529.01,28.1,0,2540.79,29,0,2572.23,31.2,0,2484.18,28,1,2900.39,28,0,2594.46,27.2,0,2570.35,29.3,0,2490.25,27,0
"2026-03-29 12:00:00",1059,801,"Chapada_High",11.89,2323.73,27.2,0,2527.97,27.7,0,2540.64,28.8,0,2571.02,31.4,0,2482.55,28.5,0,2899.95,27.6,0,2592.44,27.8,0,2569.63,28.5,0,2489.6,27.1,0
"2026-03-29 12:15:00",1060,801,"Chapada_High",11.89,2323.98,27,0,2527.24,27.3,0,2540.43,28.7,0,2569.41,31.4,0,2481.63,29,0,2901.72,27.6,0,2590.2,28.3,1,2569.24,28,0,2489.05,27.5,0
"2026-03-29 12:30:00",1061,801,"Chapada_High",11.89,2323.09,27.2,0,2526.87,27.5,1,2539.33,29.2,0,2567.7,32,0,2480.86,29.1,0,2895.02,28.3,1,2588.98,28.8,0,2567.91,28.1,0,2486.69,28.3,0
"2026-03-29 12:45:00",1062,801,"Chapada_High",11.89,2322.18,27.5,0,2525.71,27.7,0,2538.27,29.5,0,2567.39,31.7,0,2479.95,29.1,0,2894.15,28,1,2586.43,29.4,0,2567.4,28.6,0,2486.04,28.7,0
"2026-03-29 13:00:00",1063,801,"Chapada_High",11.89,2322.49,27.3,0,2525.47,27.3,0,2538.88,29.2,0,2566.79,30.9,0,2480.05,28.4,0,2893.34,27.5,0,2584.64,29.2,0,2566.37,28.2,0,2485.22,28.9,0
"2026-03-29 13:15:00",1064,801,"Chapada_High",11.89,2321.44,27.8,0,2525.13,27,0,2539,29.1,0,2565.98,30.2,0,2479.7,28,0,2893.07,27.1,0,2584.03,28.7,0,2566.24,27.8,0,2485.16,28.6,0
"2026-03-29 13:30:00",1065,801,"Chapada_High",11.89,2321.21,27.3,0,2523.9,27.6,0,2538.18,29.4,0,2565.86,29.6,0,2479.11,27.8,0,2892.47,26.9,0,2583.52,28.2,7,2565.46,27.7,0,2485.46,28.6,0
"2026-03-29 13:45:00",1066,801,"Chapada_High",11.89,2320.23,27.4,0,2523.1,27.6,0,2536.68,30.5,0,2565.07,30.3,0,2478.61,28.1,0,2891.26,27,0,2582.33,28,0,2564.22,28,0,2484.18,29.1,1
"2026-03-29 14:00:00",1067,801,"Chapada_High",11.89,2320.44,27.5,0,2521.43,27.9,0,2534.48,31.1,0,2563.13,31.1,0,2473.76,30.4,0,2888.59,27.3,0,2582.01,28,0,2563.01,28.2,0,2482.24,29.8,0
"2026-03-29 14:15:00",1068,801,"Chapada_High",11.89,2320.79,27.2,0,2521.49,27.3,0,2535.79,30.1,0,2562.46,30.2,0,2476.07,29,0,2885.63,27.9,0,2580.81,27.6,0,2562.92,27.7,0,2482.82,29.2,0
"2026-03-29 14:30:00",1069,801,"Chapada_High",11.89,2321.32,26.3,0,2523.7,26,0,2536.85,28.5,0,2563.9,28.2,0,2477.46,27,0,2886.98,26.6,0,2581.16,27.1,0,2563.72,26.6,0,2484.72,27.3,0
"2026-03-29 14:45:00",1070,801,"Chapada_High",11.89,2320.7,26.2,0,2523.68,26.2,0,2536.82,28.1,0,2563.32,28.1,0,2476.7,27.1,0,2887.15,26.4,0,2580.56,26.9,1,2563.58,26.9,0,2484.39,28,0
"2026-03-29 15:00:00",1071,801,"Chapada_High",11.89,2320.76,27,0,2520.99,26.8,0,2535.65,28.4,0,2562.17,29,0,2475.48,27.7,0,2884.66,26.9,0,2578.74,27.1,0,2562.12,26.9,0,2482.62,29.1,0
"2026-03-29 15:15:00",1072,801,"Chapada_High",11.89,2320.25,26.8,0,2520.77,26.9,0,2537.18,27.9,0,2562.09,28.3,0,2475.53,27.4,0,2884.51,26.5,0,2578.55,27,0,2561.8,26.5,2,2483.55,28.3,0
"2026-03-29 15:30:00",1073,801,"Chapada_High",11.89,2320.89,25.9,2,2522.21,25.7,0,2537.14,27.4,0,2562.58,26.8,0,2476.6,26.2,0,2886.12,25.6,0,2578.99,26.3,1,2562.39,25.7,0,2485.37,26.5,0
"2026-03-29 15:45:00",1074,801,"Chapada_High",11.89,2320.61,25.3,0,2522.94,24.9,0,2538.16,26.6,0,2564.53,26.2,0,2476.95,25.5,0,2886.83,25,3,2580,25.7,0,2563.36,25.2,0,2486.75,25.5,0
"2026-03-29 16:00:00",1075,801,"Chapada_High",11.89,2321.23,24.9,0,2523.88,24.5,0,2538.62,26,0,2565.22,25.6,0,2477.79,25.3,0,2889.11,24.7,0,2580.25,25.3,0,2563.8,24.8,0,2487.73,24.9,0
"2026-03-29 16:15:00",1076,801,"Chapada_High",11.89,2321.51,24.8,0,2522.86,24.4,0,2539.18,25.7,0,2565.92,25.3,0,2477.74,25,0,2887.41,24.6,0,2580.86,25.1,0,2564.38,24.7,0,2488.38,24.7,0
"2026-03-29 16:30:00",1077,801,"Chapada_High",11.89,2322,24.6,0,2523.89,24.2,0,2539.64,25.5,0,2565.62,25,0,2477.89,24.8,0,2887.4,24.4,0,2580.94,24.9,0,2564.43,24.7,0,2489.41,24.4,0
"2026-03-29 16:45:00",1078,801,"Chapada_High",11.89,2322.26,24.4,0,2523.37,24,0,2540.39,25.2,0,2566.02,24.7,0,2477.93,24.4,0,2887.57,24.2,0,2580.87,24.7,0,2564.64,24.5,0,2488.64,24.3,0
"2026-03-29 17:00:00",1079,801,"Chapada_High",11.89,2322.04,24.3,0,2524.41,23.7,0,2540.34,24.9,0,2565.88,24.4,0,2478.31,24.1,0,2887.45,23.9,0,2581.23,24.4,1,2564.53,24.2,0,2489.77,23.9,0
"2026-03-29 17:15:00",1080,801,"Chapada_High",11.89,2321.63,24.1,0,2524.3,23.7,0,2540.63,24.7,6,2566.93,24.2,0,2478.7,23.9,0,2888.1,23.8,0,2581.38,24.2,0,2564.3,24,0,2490.18,23.7,0
"2026-03-29 17:30:00",1081,801,"Chapada_High",11.89,2322.56,23.9,0,2525.15,23.4,0,2540.84,24.6,0,2567.26,24,0,2478.22,23.7,0,2888.42,23.6,0,2580.73,24,0,2565.13,23.8,0,2489.9,23.5,0
"2026-03-29 17:45:00",1082,801,"Chapada_High",11.89,2322.57,23.9,0,2524.79,23.5,0,2540.7,24.5,0,2567.79,24.1,0,2477.61,24.5,0,2888.2,23.7,0,2581.42,23.9,2,2565.42,23.6,0,2489.89,23.6,0
"2026-03-29 18:00:00",1083,801,"Chapada_High",11.89,2322.41,24.2,0,2524.43,23.8,0,2540.83,24.7,0,2567.87,24.3,0,2478.11,25,0,2886.02,24.5,3,2581.3,24.1,0,2564.98,23.6,9,2489.46,24.1,0
"2026-03-29 18:15:00",1084,801,"Chapada_High",11.89,2322.21,24,0,2524.81,23.5,0,2540.96,24.5,0,2567.5,24.1,4,2476.94,24.6,0,2886.11,24.2,0,2581.18,24,0,2565.02,23.5,0,2489.51,24,0
"2026-03-29 18:30:00",1085,801,"Chapada_High",11.89,2322.62,23.6,0,2526.23,23.1,0,2541.74,24.2,0,2567.66,23.8,0,2477.86,23.9,0,2886.9,23.8,0,2581.02,23.8,0,2565.17,23.3,0,2489.53,23.6,0
"2026-03-29 18:45:00",1086,801,"Chapada_High",11.89,2323.46,23.2,0,2526.01,22.7,0,2542.13,23.7,0,2568.65,23.3,0,2479.59,23,0,2887.79,23.2,1,2581.79,23.4,0,2565.68,22.9,0,2490.27,23.1,0
"2026-03-29 19:00:00",1087,801,"Chapada_High",11.89,2323.88,22.8,0,2526.69,22.2,1,2543.32,23.2,0,2568.9,22.7,0,2481.11,22.2,0,2887.99,22.6,0,2580.76,23.1,0,2565.77,22.5,0,2491.03,22.5,0
"2026-03-29 19:15:00",1088,801,"Chapada_High",11.89,2325.28,22.4,2,2527.34,21.8,0,2543.67,22.8,8,2569.1,22.3,0,2480.81,21.6,0,2889.28,22.2,0,2581.57,22.7,0,2566.16,22.1,0,2491.85,22,0
"2026-03-29 19:30:00",1089,801,"Chapada_High",11.89,2325,22.1,0,2527.9,21.5,0,2543.73,22.4,0,2570.73,21.9,0,2481.05,21.2,0,2889.56,21.9,0,2581.4,22.4,0,2566.83,21.8,0,2492.46,21.6,0
"2026-03-29 19:45:00",1090,801,"Chapada_High",11.89,2325.81,21.8,0,2528.39,21.2,0,2544.41,22.1,0,2571.37,21.6,0,2482.18,20.8,0,2891,21.6,0,2581.48,22.2,0,2566.29,21.5,0,2492.9,21.3,0
"2026-03-29 20:00:00",1091,801,"Chapada_High",11.89,2325.99,21.5,0,2529.13,21,0,2545.08,21.8,0,2571.14,21.4,0,2482.8,20.5,0,2890.37,21.4,0,2582.9,21.9,0,2566.89,21.2,0,2493.16,21,0
"2026-03-29 20:15:00",1092,801,"Chapada_High",11.89,2326.08,21.3,0,2529.57,20.8,0,2545.36,21.6,0,2571.92,21.2,0,2483.45,20.2,0,2890.32,21.2,0,2582.21,21.7,0,2566.92,21,0,2493.56,20.8,0
"2026-03-29 20:30:00",1093,801,"Chapada_High",11.89,2326.21,21.1,0,2530.21,20.6,0,2545.57,21.4,0,2572.05,21.1,0,2483.47,20,0,2890.65,21,0,2582.66,21.5,0,2566.71,20.9,0,2493.55,20.6,0
"2026-03-29 20:45:00",1094,801,"Chapada_High",11.89,2326.25,20.9,0,2529.88,20.5,0,2546.22,21.2,0,2574.11,20.9,0,2484.36,19.9,0,2891.09,20.8,0,2582.57,21.4,0,2566.61,20.8,0,2493.81,20.5,0
"2026-03-29 21:00:00",1095,801,"Chapada_High",11.89,2326.36,20.9,0,2530.18,20.3,0,2546.41,21.1,2,2573.43,20.8,0,2484.44,19.8,0,2890.84,20.7,0,2582.36,21.3,0,2567.11,20.6,1,2493.96,20.4,0
"2026-03-29 21:15:00",1096,801,"Chapada_High",11.89,2327.46,20.8,0,2530.6,20.3,0,2547.52,21,0,2573.3,20.7,0,2484.14,19.8,0,2890.29,20.7,0,2583.22,21.2,4,2567.92,20.6,0,2494.04,20.3,0
"2026-03-29 21:30:00",1097,801,"Chapada_High",11.89,2326.6,20.8,0,2530.83,20.3,0,2546.86,21,0,2574.45,20.7,0,2483.63,20,0,2890.53,20.7,0,2582.48,21.1,0,2566.88,20.6,0,2494.05,20.3,0
"2026-03-29 21:45:00",1098,801,"Chapada_High",11.88,2327.91,20.7,0,2531.59,20.3,3,2546.99,20.9,0,2573.71,20.7,0,2484.11,19.8,0,2889.23,20.7,0,2583.74,21,0,2567.13,20.5,0,2494.33,20.2,0
"2026-03-29 22:00:00",1099,801,"Chapada_High",11.88,2327.43,20.6,0,2531.87,20.1,0,2546.82,20.8,0,2574.86,20.6,0,2484.97,19.6,0,2890.19,20.6,0,2582.69,20.9,0,2566.59,20.4,0,2494.95,20.1,0
"2026-03-29 22:15:00",1100,801,"Chapada_High",11.89,2327.47,20.4,0,2531.55,20,0,2548.09,20.7,0,2575.1,20.5,0,2485.29,19.5,0,2890.58,20.4,0,2583.1,20.8,0,2566.29,20.2,2,2494.26,20,0
"2026-03-29 22:30:00",1101,801,"Chapada_High",11.88,2327.8,20.4,6,2532.11,20,1,2547.61,20.6,0,2575.74,20.4,0,2484.95,19.4,0,2889.87,20.3,1,2582.24,20.7,3,2566.58,20.2,1,2494.64,19.9,0
"2026-03-29 22:45:00",1102,801,"Chapada_High",11.89,2327.6,20.3,0,2532.39,19.9,0,2547.91,20.5,0,2575.88,20.4,1,2485.16,19.4,0,2890.73,20.3,0,2582.82,20.6,0,2567.87,20.1,0,2494.47,19.8,0
"2026-03-29 23:00:00",1103,801,"Chapada_High",11.88,2327.95,20.3,0,2532.24,19.9,0,2547.98,20.5,0,2575.16,20.4,0,2485.3,19.5,0,2890.52,20.3,0,2582.79,20.6,0,2566.94,20.1,0,2494.13,19.8,0
"2026-03-29 23:15:00",1104,801,"Chapada_High",11.88,2328.4,20.3,0,2531.99,19.9,0,2548.12,20.5,1,2575.94,20.4,0,2484.69,19.5,0,2890.12,20.3,0,2582.23,20.6,0,2567.33,20.1,0,2494.51,19.8,0
"2026-03-29 23:30:00",1105,801,"Chapada_High",11.89,2328.28,20.3,0,2532.79,19.9,0,2548.54,20.4,0,2575.29,20.3,0,2485.54,19.5,0,2891.18,20.4,1,2582.84,20.5,0,2567.05,20.1,0,2494.99,19.8,0
"2026-03-29 23:45:00",1106,801,"Chapada_High",11.88,2328.6,20.3,0,2532.66,19.9,0,2549.27,20.4,0,2575.76,20.3,0,2485.33,19.5,0,2890.14,20.3,0,2582.5,20.5,0,2566.6,20.1,0,2494.78,19.7,0
"2026-03-30 00:00:00",1107,801,"Chapada_High",11.88,2328.42,20.2,2,2532.82,19.8,1,2548.86,20.3,0,2575.21,20.2,7,2485.29,19.4,0,2889.73,20.2,0,2582.78,20.4,0,2567.38,20,0,2494.8,19.7,0
"2026-03-30 00:15:00",1108,801,"Chapada_High",11.89,2329.37,20.1,0,2533,19.7,0,2548.99,20.2,0,2575.54,20,1,2485.16,19.3,0,2890.53,20.2,0,2581.88,20.4,0,2567.73,19.9,0,2494.35,19.7,0
"2026-03-30 00:30:00",1109,801,"Chapada_High",11.88,2328.77,20.1,0,2533.44,19.7,0,2549.34,20.2,0,2576.11,20,1,2485.06,19.3,0,2890.53,20.2,0,2582.05,20.3,0,2566.76,19.9,0,2494.58,19.6,0
"2026-03-30 00:45:00",1110,801,"Chapada_High",11.88,2328.74,20.2,0,2532.54,19.8,3,2549.49,20.2,0,2575.61,20.1,0,2485.72,19.5,0,2889.71,20.3,0,2582.51,20.3,0,2567.42,20,0,2494.55,19.6,0
"2026-03-30 01:00:00",1111,801,"Chapada_High",11.89,2329.04,20.2,0,2533.84,19.8,0,2549.9,20.2,0,2576.03,20.1,0,2485.52,19.5,0,2889.29,20.3,0,2582.45,20.3,0,2566.69,20,0,2494.43,19.7,0
"2026-03-30 01:15:00",1112,801,"Chapada_High",11.89,2328.89,20.1,0,2533.79,19.7,1,2549.51,20.1,0,2576.28,20,0,2484.95,19.5,0,2889.25,20.2,0,2581.59,20.3,0,2566.55,19.9,0,2494.52,19.6,0
"2026-03-30 01:30:00",1113,801,"Chapada_High",11.88,2328.92,20,0,2533.68,19.6,0,2549.6,20,0,2576.64,19.9,4,2485.94,19.3,0,2889.19,20.2,12,2582.16,20.2,0,2566.62,19.8,0,2494.37,19.5,5
"2026-03-30 01:45:00",1114,801,"Chapada_High",11.88,2329.44,19.8,0,2533.56,19.5,0,2549.7,19.9,6,2577.25,19.8,1,2485.93,19.1,0,2889.93,20,3,2581.29,20.1,5,2566.39,19.7,0,2494.92,19.4,0
"2026-03-30 02:00:00",1115,801,"Chapada_High",11.89,2330.09,19.7,0,2533.51,19.4,0,2550.22,19.8,0,2577.26,19.6,0,2486.02,19,0,2889.76,19.8,4,2581.64,20.1,0,2566.62,19.6,0,2495.03,19.3,0
"2026-03-30 02:15:00",1116,801,"Chapada_High",11.88,2328.94,19.6,0,2533.55,19.3,0,2550.16,19.7,4,2577.08,19.5,0,2486.43,18.9,0,2889.7,19.8,0,2581.33,20,0,2566.57,19.5,0,2495.16,19.2,0
"2026-03-30 02:30:00",1117,801,"Chapada_High",11.89,2329.75,19.6,0,2534.32,19.2,0,2550.15,19.6,0,2577.48,19.5,0,2485.88,18.8,13,2889.8,19.7,0,2581.7,19.9,0,2566.79,19.5,0,2495.24,19.1,0
"2026-03-30 02:45:00",1118,801,"Chapada_High",11.88,2329.27,19.5,0,2533.78,19.1,0,2550.17,19.5,0,2577.78,19.4,0,2486.51,18.7,0,2889.61,19.6,0,2581.82,19.8,0,2567.57,19.4,0,2495.01,19,0
"2026-03-30 03:00:00",1119,801,"Chapada_High",11.88,2329.65,19.4,0,2534.28,19.1,0,2550.44,19.5,0,2578.09,19.4,0,2485.89,18.7,0,2890.99,19.5,0,2581.06,19.8,0,2567.38,19.3,0,2495.09,19,0
"2026-03-30 03:15:00",1120,801,"Chapada_High",11.88,2330.35,19.4,0,2534.55,19.1,0,2550.62,19.5,2,2577.38,19.4,0,2485.89,18.7,0,2891.59,19.6,0,2580.42,19.7,0,2567.05,19.3,0,2494.91,19,0
"2026-03-30 03:30:00",1121,801,"Chapada_High",11.87,2330.47,19.4,3,2534.46,19.1,0,2550.45,19.4,0,2576.85,19.4,0,2486.32,18.7,0,2890.67,19.6,1,2580.6,19.7,0,2567.23,19.3,0,2495.37,18.9,0
"2026-03-30 03:45:00",1122,801,"Chapada_High",11.88,2329.69,19.3,0,2534.82,19,0,2550.96,19.4,0,2577.28,19.4,0,2486.8,18.6,0,2890.92,19.5,0,2581.4,19.6,0,2567.31,19.2,0,2495.38,18.9,0
"2026-03-30 04:00:00",1123,801,"Chapada_High",11.88,2330.22,19.3,0,2534.47,19,0,2550.62,19.4,0,2577.18,19.4,0,2486.46,18.6,0,2890.84,19.5,0,2582.29,19.6,0,2567.34,19.2,0,2495.48,18.9,0
"2026-03-30 04:15:00",1124,801,"Chapada_High",11.89,2330.17,19.3,0,2534.81,19,0,2550.95,19.3,0,2577.66,19.3,0,2486.66,18.6,0,2890.42,19.5,0,2581.06,19.6,0,2567.34,19.2,0,2496.13,18.9,0
"2026-03-30 04:30:00",1125,801,"Chapada_High",11.89,2329.92,19.2,0,2534.68,19,0,2551.23,19.3,0,2577.13,19.3,13,2486.47,18.6,0,2890.53,19.4,0,2580.69,19.5,0,2567.77,19.2,0,2495.9,18.8,0
"2026-03-30 04:45:00",1126,801,"Chapada_High",11.88,2330.2,19.1,0,2535.02,18.9,0,2550.57,19.2,0,2577.63,19.3,0,2486.88,18.4,0,2891.21,19.3,0,2580.52,19.5,0,2567.81,19.1,0,2496.04,18.7,0
"2026-03-30 05:00:00",1127,801,"Chapada_High",11.88,2330.49,19,0,2534.68,18.7,0,2551.76,19.1,0,2577.56,19.1,0,2486.23,18.3,0,2891.83,19.2,0,2581.2,19.4,0,2567.63,18.9,0,2495.8,18.6,0
"2026-03-30 05:15:00",1128,801,"Chapada_High",11.89,2331.12,18.9,0,2535.51,18.7,0,2551.39,19,0,2578.37,19,0,2486.77,18.2,0,2891.18,19.2,0,2581.66,19.3,0,2567.92,18.9,0,2496.18,18.5,0
"2026-03-30 05:30:00",1129,801,"Chapada_High",11.88,2330.64,18.9,0,2535.77,18.6,0,2551.58,18.9,1,2578.17,18.9,0,2486.92,18,0,2891.34,19.1,0,2581.42,19.3,0,2567.84,18.8,0,2495.93,18.4,0
"2026-03-30 05:45:00",1130,801,"Chapada_High",11.89,2330.32,18.9,0,2535.67,18.6,0,2551.49,18.9,0,2577.65,18.9,0,2486.86,18.1,0,2891.01,19.1,0,2582.07,19.2,0,2567.81,18.8,0,2495.86,18.5,0
"2026-03-30 06:00:00",1131,801,"Chapada_High",11.88,2330.78,18.8,0,2535.41,18.5,0,2551.7,18.8,0,2578.17,18.8,0,2486.74,18,0,2890.7,19,0,2582.78,19.2,0,2567.77,18.7,0,2495.61,18.4,0
"2026-03-30 06:15:00",1132,801,"Chapada_High",11.88,2330.88,18.7,0,2535.87,18.4,0,2551.36,18.8,0,2578.93,18.7,0,2487.32,17.9,0,2891.28,18.9,0,2582.39,19.1,0,2567.02,18.7,0,2496.19,18.3,0
"2026-03-30 06:30:00",1133,801,"Chapada_High",11.88,2331.51,18.6,0,2535.59,18.3,0,2551.77,18.6,0,2578.4,18.6,0,2487.09,17.8,0,2890.82,18.8,0,2582.9,19,0,2568.06,18.6,0,2495.92,18.2,0
"2026-03-30 06:45:00",1134,801,"Chapada_High",11.88,2331.33,18.6,0,2535.58,18.3,0,2552.16,18.6,0,2579.33,18.6,0,2487.43,17.9,0,2890.59,18.8,0,2582.3,19,0,2567.94,18.6,0,2496.36,18.2,0
"2026-03-30 07:00:00",1135,801,"Chapada_High",11.89,2331.11,18.6,0,2536.21,18.3,0,2551.53,18.6,0,2580.14,18.5,0,2487.29,17.8,0,2892.03,18.8,0,2583.09,19,0,2566.84,18.5,0,2496.61,18.2,0
"2026-03-30 07:15:00",1136,801,"Chapada_High",11.88,2330.89,18.8,0,2535.67,18.6,0,2552.37,18.8,0,2579.48,18.9,0,2486.68,18.4,0,2889.47,19.1,0,2582.84,19.2,0,2567.13,18.8,0,2496.47,18.4,0
"2026-03-30 07:30:00",1137,801,"Chapada_High",11.89,2330.92,19.3,2,2535.01,19.2,0,2551.26,19.2,0,2579.7,19.5,0,2485.31,19.3,0,2888.63,19.5,0,2582.84,19.5,0,2566.56,19.6,0,2495.41,19,0
"2026-03-30 07:45:00",1138,801,"Chapada_High",11.89,2330.62,19.8,0,2534.4,19.8,0,2551.36,19.6,0,2578.22,20.2,4,2483.86,20.2,1,2887.7,20,0,2582.04,19.9,0,2565.48,20.1,0,2494.2,19.9,0
"2026-03-30 08:00:00",1139,801,"Chapada_High",11.89,2329.84,20.6,0,2533.55,20.4,0,2550.39,20.1,0,2578.15,20.8,5,2483.13,21.1,0,2886.06,20.5,0,2582.45,20.3,0,2564.98,20.7,0,2492.95,20.4,0
"2026-03-30 08:15:00",1140,801,"Chapada_High",11.89,2329.28,20.8,0,2531.95,21.4,0,2548.76,20.7,0,2576.9,21.4,0,2481.56,21.7,0,2884.86,20.9,0,2581.78,20.7,0,2563.53,21.3,0,2492.79,20.9,0
"2026-03-30 08:30:00",1141,801,"Chapada_High",11.89,2328.03,21.1,0,2531.56,21.6,0,2548.39,21.4,0,2575.2,22.2,0,2480.29,22.3,0,2883.52,21.4,0,2580.96,21,0,2562.6,21.7,0,2491.44,21.3,0
"2026-03-30 08:45:00",1142,801,"Chapada_High",11.89,2327.97,21.5,0,2530.04,22,0,2547.24,21.8,0,2574.7,23.1,0,2477.8,23.9,0,2881.63,21.8,0,2579.98,21.5,0,2560.3,22.3,0,2490.95,21.7,0
"2026-03-30 09:00:00",1143,801,"Chapada_High",11.89,2326.9,21.9,0,2529.12,22.4,0,2547.01,22.1,0,2573.13,23.8,0,2477.35,24,0,2880.03,22.8,0,2579.2,21.9,0,2559.98,23,0,2490.49,22.2,0
"2026-03-30 09:15:00",1144,801,"Chapada_High",11.89,2326.66,22.3,0,2527.9,22.8,0,2545.9,22.5,0,2571.43,24.4,0,2476.29,24.1,0,2878.94,23.1,0,2577.72,22.6,0,2557.83,23.9,0,2488.86,22.5,0
"2026-03-30 09:30:00",1145,801,"Chapada_High",11.89,2325.76,22.9,0,2526.59,23.3,3,2544.92,23.1,0,2570.38,25.1,0,2475.23,24.7,0,2877.08,23.5,0,2576.98,23,0,2555.07,25.4,0,2488.44,23.2,0
"2026-03-30 09:45:00",1146,801,"Chapada_High",11.89,2324.31,24.1,0,2524.46,24,0,2543.68,23.8,1,2568.09,25.8,1,2473.81,25.3,0,2874.68,24.1,0,2575.85,23.4,0,2552.68,26.1,5,2487.23,24.1,0
"2026-03-30 10:00:00",1147,801,"Chapada_High",11.89,2323.05,25,0,2522.92,25.5,0,2542.16,24.7,0,2567.41,26.5,0,2471.87,25.9,0,2872.89,24.8,2,2574.63,23.9,0,2551.45,26.8,0,2486.69,24.4,0
"2026-03-30 10:15:00",1148,801,"Chapada_High",11.89,2322.09,25.4,0,2521.18,26.1,0,2540.15,26.1,0,2564.96,27.3,0,2469.69,26.7,0,2870.29,25.5,0,2573.67,24.4,0,2549,27.8,0,2485.34,24.8,0
"2026-03-30 10:30:00",1149,801,"Chapada_High",11.89,2320.6,25.9,0,2518.22,26.6,0,2539.18,26.8,0,2562.64,28.8,0,2467.32,27.6,0,2868.08,26.3,0,2571.7,25,0,2547.3,28.7,0,2485.19,25.3,0
"2026-03-30 10:45:00",1150,801,"Chapada_High",11.89,2320.06,26.3,0,2516.01,27.1,0,2538.1,27.3,0,2561.57,29.3,0,2465.16,28.6,0,2866.37,27,0,2570.77,25.5,0,2545.16,29,0,2483.86,25.7,0
"2026-03-30 11:00:00",1151,801,"Chapada_High",11.89,2320.13,25.7,0,2517.37,26.1,0,2538.4,26.4,0,2561.61,28,0,2465.83,27.1,0,2864.92,26.6,0,2570.49,25.3,0,2545.73,27.6,0,2484.72,25.2,0
"2026-03-30 11:15:00",1152,801,"Chapada_High",11.89,2319.82,25.5,0,2516.52,25.9,0,2538.67,26.3,0,2561.03,27.6,0,2465.42,26.8,0,2865.61,26.1,0,2568.92,25.4,0,2546.16,27.4,1,2484.8,25.1,0
"2026-03-30 11:30:00",1153,801,"Chapada_High",11.89,2320.27,25.9,0,2513.65,26.5,0,2537.1,26.8,0,2559.87,28.2,0,2463.93,27.4,0,2864.53,26.5,0,2568.61,25.8,0,2545.24,27.7,6,2483.34,26.1,0
"2026-03-30 11:45:00",1154,801,"Chapada_High",11.88,2319.17,25.9,0,2514.33,25.6,0,2537.35,26.1,0,2559.71,26.9,0,2464.48,26.4,0,2865.15,25.6,0,2568.41,25.4,0,2546.14,26.5,0,2483.21,25.6,0
"2026-03-30 12:00:00",1155,801,"Chapada_High",11.89,2319.51,24.9,0,2515.77,25.1,0,2538.73,25.4,0,2559.72,26,0,2464.25,25.6,0,2867.07,24.9,0,2568.14,25,0,2547.21,25.4,0,2484.16,24.8,0
"2026-03-30 12:15:00",1156,801,"Chapada_High",11.89,2317.94,26.1,0,2511.74,26.8,0,2536.27,27.6,0,2555.07,30,0,2459.96,28.3,0,2863.19,26.6,0,2563.78,27.3,0,2545.32,26.8,0,2481.26,26.9,0
"2026-03-30 12:30:00",1157,801,"Chapada_High",11.89,2316.38,27.3,0,2510.57,28.1,0,2534.6,29.3,0,2551.01,32.4,0,2454.12,31.3,0,2858.85,28.1,0,2561.73,28.9,0,2542.2,28,0,2477.48,29,0
"2026-03-30 12:45:00",1158,801,"Chapada_High",11.89,2316.21,28,0,2507.85,28.8,0,2531.71,30.4,0,2548.3,33,0,2453.89,31.2,0,2853.69,29.8,0,2559.63,30,0,2541.22,28.8,0,2476,29.9,0
"2026-03-30 13:00:00",1159,801,"Chapada_High",11.89,2314.46,27.7,0,2507.34,28.2,0,2531.6,29.9,0,2549.1,32.1,0,2453.87,30.2,0,2855.53,28.8,0,2558.79,29.8,0,2540.68,28.4,6,2476.72,29.4,0
"2026-03-30 13:15:00",1160,801,"Chapada_High",11.89,2314.69,28,0,2505.86,28.5,0,2530.7,30.6,0,2547.33,32.4,0,2452.08,30.1,0,2854.4,28.6,0,2557.87,29.7,0,2539.02,29.5,0,2475.53,30.1,0
"2026-03-30 13:30:00",1161,801,"Chapada_High",11.89,2313.29,27.3,0,2504.64,27.2,0,2531.95,29.1,0,2548.83,29.8,0,2453.39,28.4,0,2855.85,27.5,0,2557.6,28.5,1,2540.47,28,1,2477.02,28.9,0
"2026-03-30 13:45:00",1162,801,"Chapada_High",11.88,2313.64,26.1,0,2507.99,25.9,0,2532.95,27.4,0,2550.51,27.5,0,2455.91,26.3,0,2858.3,25.9,0,2559.42,27.2,0,2542.34,26.4,0,2480.05,26.7,0
"2026-03-30 14:00:00",1163,801,"Chapada_High",11.89,2313.85,25.7,0,2506.55,25.8,0,2532.63,27.5,0,2550.31,27.3,0,2455.68,26.3,0,2859.11,25.6,0,2559.7,26.7,0,2542.62,26.2,0,2479.09,26.6,0
"2026-03-30 14:15:00",1164,801,"Chapada_High",11.89,2314.54,25.3,0,2507.75,25.1,0,2533.11,26.8,0,2550.53,27,0,2455.67,25.6,0,2859.94,25.2,0,2559.46,26.2,0,2544.04,25.7,0,2480.41,26,0
"2026-03-30 14:30:00",1165,801,"Chapada_High",11.89,2314.25,25.1,0,2507.61,25,0,2532.76,26.7,0,2550.6,27,0,2455.37,26.1,0,2860.46,25.4,0,2561.21,26,0,2543.49,25.5,2,2479.65,26.4,0
"2026-03-30 14:45:00",1166,801,"Chapada_High",11.89,2313.22,26.1,0,2503.72,26.6,0,2531.45,27.6,0,2548.42,28.4,0,2453.5,27.5,0,2855.93,27,0,2559.19,27,0,2541.66,26.4,0,2477,28.6,0
"2026-03-30 15:00:00",1167,801,"Chapada_High",11.89,2311.41,26.9,0,2501.99,27.7,0,2529.75,28.6,0,2544.5,30.1,0,2449.74,28.9,0,2853.32,27.7,0,2556.83,28.1,0,2539.41,28,0,2474.51,29.9,0
"2026-03-30 15:15:00",1168,801,"Chapada_High",11.89,2311.09,27.3,0,2500.21,27.9,0,2528.56,28.8,0,2544.45,30.4,0,2447.49,29.6,0,2852.49,27.8,0,2555.15,28.3,0,2538.15,28.1,0,2471.14,32.1,0
"2026-03-30 15:30:00",1169,801,"Chapada_High",11.89,2310.01,27.5,2,2500.55,26.7,0,2528.47,28.1,0,2545.1,28.6,0,2448.75,28.2,0,2852.6,27.1,0,2554.8,27.8,0,2538.62,27.2,0,2474.86,29.7,0
"2026-03-30 15:45:00",1170,801,"Chapada_High",11.89,2310.44,26.1,0,2502.83,25.7,0,2530.87,27,0,2546.66,26.7,0,2450.36,26.5,0,2854.88,25.9,0,2555.74,26.9,0,2540.04,26.1,0,2478.38,27.2,0
"2026-03-30 16:00:00",1171,801,"Chapada_High",11.89,2311.73,25.5,0,2502.94,25,0,2530.97,26.6,0,2546.75,26,0,2450.35,25.7,0,2856.26,25.2,0,2557.1,26.3,0,2541.5,25.5,1,2480.03,26,0
"2026-03-30 16:15:00",1172,801,"Chapada_High",11.89,2312.2,25,0,2504.41,24.5,0,2531.52,25.9,0,2547.87,25.5,0,2451.26,25.4,0,2857.07,24.7,0,2558.44,25.7,0,2542.27,25.1,0,2480.76,25.2,0
"2026-03-30 16:30:00",1173,801,"Chapada_High",11.89,2312.2,24.5,0,2503.85,24,0,2531.76,25.4,0,2549.21,24.9,0,2451.71,24.5,0,2857.33,24.6,0,2558.35,25.2,0,2543.02,24.5,0,2481.55,24.5,0
"2026-03-30 16:45:00",1174,801,"Chapada_High",11.89,2311.21,25.1,0,2504.52,24.7,0,2531.48,25.7,0,2548.93,25.4,5,2451.51,25.8,0,2856.89,25.1,4,2558.1,25.8,0,2542.2,25.2,0,2481.3,25.4,0
"2026-03-30 17:00:00",1175,801,"Chapada_High",11.89,2311.06,25.6,0,2503.26,25.2,7,2531.31,26.2,0,2548.35,25.9,0,2449.9,26.5,0,2855.28,25.5,0,2557.3,26,0,2540.21,26.5,0,2480.17,25.9,0
"2026-03-30 17:15:00",1176,801,"Chapada_High",11.89,2310.77,25.5,0,2503.06,24.9,0,2530.75,26,0,2548.81,25.6,0,2450.93,26,0,2855.08,25.3,0,2557.39,25.8,0,2541.03,25.9,0,2479.9,26,0
"2026-03-30 17:30:00",1177,801,"Chapada_High",11.89,2311.3,25.1,0,2504.13,24.5,0,2531.95,25.5,0,2548.61,25,0,2451.09,25.4,0,2855.85,24.8,2,2557.73,25.3,0,2541.08,25.1,0,2481.28,25.1,0
"2026-03-30 17:45:00",1178,801,"Chapada_High",11.89,2309.86,25.3,0,2503.38,24.9,0,2531.29,26.1,0,2547.81,25.3,0,2449.84,26,0,2855.45,25.1,0,2558.29,25.3,0,2542.36,24.8,0,2481.16,25.4,0
"2026-03-30 18:00:00",1179,801,"Chapada_High",11.89,2310.95,25.2,0,2503.23,24.8,0,2531.12,26,0,2549.09,25.7,0,2448.78,26.1,0,2855.56,25.2,0,2557.09,25.3,10,2542.7,24.6,0,2480.62,25.5,0
"2026-03-30 18:15:00",1180,801,"Chapada_High",11.89,2311.66,24.6,0,2502.4,24.1,0,2532.16,25.3,0,2550.53,24.9,0,2450.32,25.2,0,2856.79,24.7,0,2557.79,25,0,2543.34,24.2,0,2481.85,24.7,0
"2026-03-30 18:30:00",1181,801,"Chapada_High",11.89,2311.74,24.2,0,2503.08,23.6,0,2532.98,24.8,0,2550.9,24.3,0,2450.48,24.4,0,2856.82,24.3,0,2557.99,24.6,1,2543.28,23.8,0,2483.1,24.2,0
"2026-03-30 18:45:00",1182,801,"Chapada_High",11.89,2312.67,23.7,0,2503.87,23,0,2533.17,24.2,0,2552,23.6,0,2452.07,23.3,2,2857.9,23.6,0,2559.54,24.2,0,2543.79,23.3,0,2483.92,23.4,0
"2026-03-30 19:00:00",1183,801,"Chapada_High",11.89,2313.08,23.1,0,2505.34,22.4,0,2534.57,23.6,0,2552.68,22.9,5,2454.51,22.3,0,2859.27,22.9,0,2559.25,23.7,0,2545.1,22.8,0,2484.21,22.7,0
"2026-03-30 19:15:00",1184,801,"Chapada_High",11.89,2314.76,22.6,0,2505.82,22,0,2535.04,23.1,0,2553.21,22.4,0,2455.38,21.8,0,2860.3,22.5,0,2560.34,23.2,0,2545.45,22.3,0,2485.2,22.2,3
"2026-03-30 19:30:00",1185,801,"Chapada_High",11.89,2315.36,22.3,0,2506.54,21.6,0,2535.85,22.7,4,2553.24,22.1,0,2454.62,21.3,0,2860.46,22.1,0,2560.82,22.9,0,2546.42,22,0,2485.95,21.8,0
"2026-03-30 19:45:00",1186,801,"Chapada_High",11.88,2315.27,22.1,0,2507.11,21.4,1,2536.43,22.4,0,2554.53,21.8,0,2455.89,20.9,0,2861.13,21.8,0,2561.21,22.6,0,2546.84,21.7,0,2486.58,21.5,0
"2026-03-30 20:00:00",1187,801,"Chapada_High",11.88,2315.46,21.9,0,2506.89,21.1,0,2537.36,22.1,0,2555.46,21.5,0,2456.53,20.7,0,2861.93,21.5,3,2561.75,22.3,0,2546.45,21.5,0,2486.96,21.2,0
"2026-03-30 20:15:00",1188,801,"Chapada_High",11.88,2316.42,21.6,0,2507.78,20.9,1,2537.6,21.8,0,2556.59,21.3,0,2457.22,20.5,0,2862.07,21.4,0,2562.36,22.1,0,2547.35,21.3,0,2487.49,21,0
"2026-03-30 20:30:00",1189,801,"Chapada_High",11.88,2315.54,21.4,0,2508.26,20.7,0,2538.87,21.6,0,2557.26,21.1,0,2458.11,20.3,0,2861.86,21.2,0,2561.79,21.9,0,2547.98,21.1,0,2487.58,20.8,0
"2026-03-30 20:45:00",1190,801,"Chapada_High",11.88,2315.81,21.2,0,2509.43,20.6,0,2538.13,21.4,0,2557.9,20.9,0,2458.49,20.2,0,2862.72,21.1,0,2562.76,21.7,0,2547.38,20.8,0,2487.15,20.6,0
"2026-03-30 21:00:00",1191,801,"Chapada_High",11.88,2317.27,21,0,2510.7,20.4,13,2538.66,21.2,0,2557.54,20.8,3,2458.97,20.1,0,2862.77,21,0,2562.44,21.6,0,2548.21,20.7,0,2488.07,20.5,0
"2026-03-30 21:15:00",1192,801,"Chapada_High",11.88,2317.63,20.9,0,2510.97,20.3,0,2539.34,21.1,0,2558.9,20.7,0,2459.42,19.9,0,2862.54,20.9,0,2563.21,21.4,0,2547.99,20.6,0,2488.01,20.3,0
"2026-03-30 21:30:00",1193,801,"Chapada_High",11.88,2317.83,20.8,0,2511.32,20.2,0,2539.47,21,0,2558.74,20.5,0,2459.21,19.8,0,2863.47,20.7,0,2563.22,21.3,1,2548.87,20.5,0,2488.72,20.2,0
"2026-03-30 21:45:00",1194,801,"Chapada_High",11.88,2317.87,20.6,0,2511.19,20.1,0,2541.19,20.8,0,2559.58,20.4,0,2459.46,19.7,0,2863.15,20.6,0,2563.26,21.2,0,2549.44,20.4,0,2488.54,20.1,0
"2026-03-30 22:00:00",1195,801,"Chapada_High",11.88,2317.87,20.5,0,2511.69,20,0,2541.15,20.7,0,2559.83,20.3,0,2459.97,19.6,0,2864.63,20.6,0,2563.49,21,0,2549.17,20.2,2,2488.9,19.9,0
"2026-03-30 22:15:00",1196,801,"Chapada_High",11.88,2318.25,20.4,0,2512.17,19.9,0,2541.89,20.5,0,2561.21,20.2,0,2460.51,19.6,0,2863.22,20.5,0,2564.18,20.9,0,2549.07,20.1,0,2488.98,19.8,0
"2026-03-30 22:30:00",1197,801,"Chapada_High",11.87,2318.89,20.3,0,2512.5,19.8,0,2541.38,20.4,0,2561.11,20.1,0,2461,19.4,0,2863.91,20.3,4,2563.04,20.8,0,2549.26,20,0,2488.85,19.8,0
"2026-03-30 22:45:00",1198,801,"Chapada_High",11.88,2318.87,20.2,0,2512.75,19.7,0,2541.93,20.3,0,2561.92,20,0,2460.97,19.3,0,2863.65,20.3,0,2563.25,20.7,0,2548.94,19.9,0,2488.93,19.7,0
"2026-03-30 23:00:00",1199,801,"Chapada_High",11.88,2319.64,20.1,0,2513.22,19.6,0,2542.21,20.2,0,2562.03,19.9,0,2461.03,19.3,0,2863.37,20.2,0,2563.55,20.6,0,2548.33,19.8,0,2489.06,19.6,0
"2026-03-30 23:15:00",1200,801,"Chapada_High",11.88,2319.51,20,0,2513.85,19.5,0,2542.51,20.2,0,2561.88,19.9,0,2461.51,19.1,0,2863.12,20.1,0,2563.94,20.5,0,2549.05,19.8,0,2489.26,19.5,0
"2026-03-30 23:30:00",1201,801,"Chapada_High",11.88,2320.16,20,0,2514.12,19.5,0,2542.85,20.1,0,2562.89,19.8,0,2461.68,19.1,0,2863.27,20,0,2563.63,20.5,0,2549.03,19.7,0,2489.77,19.5,0
"2026-03-30 23:45:00",1202,801,"Chapada_High",11.88,2320.43,20,0,2514.01,19.5,0,2543.18,20.1,0,2563.19,19.8,0,2461.1,19.1,0,2863.26,20,0,2562.66,20.4,1,2549.5,19.8,0,2489.59,19.5,0
"2026-03-31 00:00:00",1203,801,"Chapada_High",11.88,2319.75,20,0,2514.49,19.5,0,2542.72,20,0,2563.45,19.8,2,2462.12,19.1,0,2863.36,20.1,0,2563.2,20.4,1,2549.36,19.8,0,2489.69,19.5,0
"2026-03-31 00:15:00",1204,801,"Chapada_High",11.89,2319.6,19.9,0,2514.49,19.5,0,2543.65,20,0,2563.89,19.8,0,2462.13,19.1,0,2863.67,20,5,2563.11,20.3,0,2549.86,19.7,0,2489.94,19.4,0
"2026-03-31 00:30:00",1205,801,"Chapada_High",11.89,2319.84,19.8,0,2515.33,19.4,0,2543.17,19.9,0,2564.31,19.7,2,2462.09,19,0,2863.61,19.9,0,2562.83,20.2,0,2549.74,19.6,0,2489.19,19.4,0
"2026-03-31 00:45:00",1206,801,"Chapada_High",11.88,2320.09,19.7,0,2515.08,19.4,0,2543.27,19.8,0,2564.47,19.6,0,2462.95,19,0,2864.25,19.9,9,2562.68,20.2,0,2549.79,19.5,0,2489.98,19.3,0
"2026-03-31 01:00:00",1207,801,"Chapada_High",11.89,2320.8,19.7,0,2515.77,19.3,0,2544.61,19.7,3,2564.84,19.6,0,2463.46,19,0,2864.35,19.8,0,2562.6,20.1,0,2549.46,19.5,0,2490.07,19.2,0
"2026-03-31 01:15:00",1208,801,"Chapada_High",11.88,2320.91,19.6,0,2515.73,19.2,0,2544.1,19.7,0,2564.66,19.5,0,2463.19,18.9,0,2864.34,19.8,0,2561.54,20.1,0,2549.99,19.4,0,2490.28,19.2,0
"2026-03-31 01:30:00",1209,801,"Chapada_High",11.88,2321.15,19.6,0,2515.58,19.2,0,2544.31,19.6,0,2565.13,19.5,0,2463.11,19,0,2864,19.8,16,2562.99,20,0,2550.01,19.4,0,2489.66,19.1,0
"2026-03-31 01:45:00",1210,801,"Chapada_High",11.89,2320.93,19.5,0,2516.54,19.2,4,2544.13,19.6,0,2564.79,19.4,0,2463.11,18.9,1,2865.96,19.7,0,2562.75,20,0,2550.3,19.4,0,2489.93,19.1,0
"2026-03-31 02:00:00",1211,801,"Chapada_High",11.88,2321.97,19.5,0,2516.52,19.1,5,2544.75,19.5,0,2565.39,19.4,0,2463.46,18.9,0,2864.99,19.7,0,2562.78,19.9,0,2550.7,19.3,0,2490.19,19,0
"2026-03-31 02:15:00",1212,801,"Chapada_High",11.88,2321.28,19.4,0,2516.64,19.1,0,2544.92,19.5,0,2566.06,19.3,0,2463.44,18.9,0,2864.71,19.6,0,2562.97,19.9,0,2550.29,19.2,0,2490.35,19,0
"2026-03-31 02:30:00",1213,801,"Chapada_High",11.88,2322.21,19.3,0,2517.08,19,0,2545.18,19.4,0,2565.42,19.2,0,2464.28,18.5,0,2865.73,19.5,0,2562.12,19.8,0,2551.14,19.1,0,2490.37,18.9,0
"2026-03-31 02:45:00",1214,801,"Chapada_High",11.88,2322.14,19.2,0,2517.57,18.9,0,2545.32,19.3,0,2565.45,19.1,6,2464.35,18.5,0,2865.9,19.4,0,2561.01,19.7,0,2551.03,19.1,4,2490.66,18.8,0
"2026-03-31 03:00:00",1215,801,"Chapada_High",11.89,2321.62,19.2,0,2517.2,18.8,0,2545.68,19.2,0,2567.2,19.1,0,2464.87,18.4,0,2865.3,19.3,0,2562.27,19.6,2,2550.85,19.1,0,2490.46,18.8,0
"2026-03-31 03:15:00",1216,801,"Chapada_High",11.88,2321.64,19.2,1,2517.54,18.8,0,2545.33,19.2,5,2566.49,19.1,0,2464.63,18.3,0,2866.2,19.3,0,2561.96,19.6,0,2551.62,19.1,0,2490.55,18.7,0
"2026-03-31 03:30:00",1217,801,"Chapada_High",11.88,2322.91,19.1,0,2517.85,18.8,0,2545.51,19.2,0,2566.72,19,0,2464.35,18.3,0,2865.57,19.3,0,2561.75,19.6,0,2551.43,19,0,2490.39,18.7,0
"2026-03-31 03:45:00",1218,801,"Chapada_High",11.88,2322.36,19.1,0,2517.13,18.8,0,2546.07,19.1,0,2566.7,19,4,2464.63,18.3,2,2865.35,19.3,0,2562.84,19.5,13,2551.28,19,0,2490.9,18.7,0
"2026-03-31 04:00:00",1219,801,"Chapada_High",11.88,2322.25,19.1,0,2517.99,18.8,0,2546.34,19.1,1,2566.46,19,8,2465.09,18.2,0,2865.4,19.3,0,2561.91,19.5,0,2551.37,19,0,2490.87,18.7,0
"2026-03-31 04:15:00",1220,801,"Chapada_High",11.87,2322.6,19.1,0,2518.46,18.7,6,2545.61,19.1,0,2568.04,19,0,2465,18.2,0,2865.86,19.2,0,2561.86,19.4,0,2551.31,18.9,0,2491.01,18.6,0
"2026-03-31 04:30:00",1221,801,"Chapada_High",11.88,2322.6,19,0,2518.37,18.7,0,2545.8,19,0,2567.97,19,0,2465.17,18.2,0,2865.77,19.2,0,2562.99,19.4,0,2551.66,18.9,0,2490.98,18.6,0
"2026-03-31 04:45:00",1222,801,"Chapada_High",11.88,2322.77,18.9,0,2518.33,18.6,0,2546.07,18.9,0,2568.35,18.9,0,2465.53,18.2,0,2865.15,19.2,0,2563.69,19.4,0,2551.48,18.8,0,2490.71,18.5,0
"2026-03-31 05:00:00",1223,801,"Chapada_High",11.88,2323.06,18.8,0,2518.96,18.5,0,2546.39,18.8,0,2568.14,18.8,0,2465.63,18.1,9,2865.7,19.1,0,2562.38,19.3,0,2551.96,18.8,0,2491.02,18.4,4
"2026-03-31 05:15:00",1224,801,"Chapada_High",11.88,2322.64,18.8,0,2518.93,18.6,0,2546.16,18.8,0,2568.46,18.8,0,2464.94,18.2,0,2866.26,19.1,0,2562.36,19.3,0,2551.85,18.8,0,2491.26,18.4,0
"2026-03-31 05:30:00",1225,801,"Chapada_High",11.88,2323.36,18.9,0,2518.84,18.6,0,2545.51,18.9,0,2568,18.9,0,2465.9,18.2,0,2866.63,19.2,0,2563.02,19.3,0,2551.29,18.9,0,2490.59,18.5,0
"2026-03-31 05:45:00",1226,801,"Chapada_High",11.88,2323.88,18.9,0,2519.09,18.6,0,2546.38,18.9,0,2568.27,18.9,1,2465.45,18.3,0,2865.37,19.2,0,2561.46,19.3,6,2551.81,18.9,0,2490.36,18.5,0
"2026-03-31 06:00:00",1227,801,"Chapada_High",11.88,2323.55,19,0,2519.25,18.7,0,2546.53,19,0,2568.46,19,0,2465.43,18.4,0,2865.64,19.2,0,2562.94,19.3,0,2551.56,18.9,0,2490.86,18.6,0
"2026-03-31 06:15:00",1228,801,"Chapada_High",11.88,2323.96,19,0,2519.48,18.7,9,2546.3,19,0,2569.15,19,0,2465.51,18.4,0,2865.61,19.2,0,2562.85,19.3,4,2551.6,19,7,2490.79,18.6,3
"2026-03-31 06:30:00",1229,801,"Chapada_High",11.88,2324.22,18.8,0,2519.37,18.6,4,2546.17,18.8,0,2568.87,18.8,0,2465.67,18.1,0,2865.66,19.1,1,2562.71,19.3,0,2551.78,18.8,0,2490.41,18.4,0
"2026-03-31 06:45:00",1230,801,"Chapada_High",11.88,2324.25,18.7,0,2519.19,18.4,0,2546.3,18.7,0,2569.36,18.7,0,2466.4,17.9,0,2866.02,19,0,2562.46,19.2,0,2551.13,18.7,0,2491.05,18.3,0
"2026-03-31 07:00:00",1231,801,"Chapada_High",11.88,2324.27,18.7,0,2519.3,18.4,0,2547,18.7,0,2569.4,18.7,0,2465.84,18,0,2865.39,19,0,2562.68,19.2,0,2551.74,18.7,0,2491.38,18.3,0
"2026-03-31 07:15:00",1232,801,"Chapada_High",11.88,2323.41,19,0,2519.74,18.8,0,2546.5,19,0,2569.55,19,0,2465.2,18.8,0,2864.73,19.3,0,2562.11,19.3,0,2551.34,19.1,0,2490.48,18.6,0
"2026-03-31 07:30:00",1233,801,"Chapada_High",11.88,2322.64,19.5,0,2518.67,19.4,0,2545.82,19.5,0,2568.63,19.7,0,2464.34,19.8,0,2863.25,19.9,0,2562.49,19.7,0,2550.03,19.6,0,2489.53,19.2,0
"2026-03-31 07:45:00",1234,801,"Chapada_High",11.88,2322.74,20,0,2518.36,20.1,0,2545.59,19.9,0,2567.68,20.4,0,2462.95,20.8,0,2862.17,20.4,0,2562.55,20.3,0,2549.39,20.3,0,2488.78,19.9,0
"2026-03-31 08:00:00",1235,801,"Chapada_High",11.89,2321.96,20.6,0,2517.1,20.9,0,2544.09,20.4,0,2566.42,21.2,0,2461.59,21.9,0,2860.98,21,0,2561.74,20.6,0,2548.31,21.4,0,2487.82,20.7,0
"2026-03-31 08:15:00",1236,801,"Chapada_High",11.88,2321.66,21.5,0,2515.94,21.7,0,2543.55,21.1,0,2565.12,22,0,2459.83,22.9,0,2859.42,21.6,0,2559.3,21.1,0,2547.21,22,0,2486.59,21.6,0
"2026-03-31 08:30:00",1237,801,"Chapada_High",11.89,2320.03,22.2,0,2514.41,22.8,0,2541.85,21.7,0,2564.8,22.6,0,2458.18,23.6,0,2857.71,22.1,0,2558.09,21.5,0,2545.99,22.5,0,2486.08,22,0
"2026-03-31 08:45:00",1238,801,"Chapada_High",11.89,2319.17,22.5,0,2513.16,23.3,0,2541.11,22.7,0,2563.59,23.4,0,2456.25,24.3,0,2857.14,22.6,0,2557.66,22,0,2543.98,23.2,0,2485.1,22.5,0
"2026-03-31 09:00:00",1239,801,"Chapada_High",11.89,2318.69,23.1,0,2511.98,23.8,0,2539.77,23.1,0,2561.73,25,0,2455.38,25.1,0,2855.34,23.2,0,2556.7,22.5,1,2542.42,23.9,0,2484.99,23.1,0
"2026-03-31 09:15:00",1240,801,"Chapada_High",11.89,2317.96,23.7,0,2511.24,24.4,0,2538.77,23.6,0,2559.27,25.6,0,2452.67,26.5,0,2853.42,24,0,2555.64,23,0,2540.96,24.9,0,2483.45,23.7,0
"2026-03-31 09:30:00",1241,801,"Chapada_High",11.89,2316.28,24.3,0,2510.16,24.9,0,2537.6,24.1,0,2557.43,26.3,0,2451.17,26.7,0,2849.95,24.9,0,2554.19,23.7,0,2538.69,25.8,0,2482.64,24.2,0
"2026-03-31 09:45:00",1242,801,"Chapada_High",11.89,2315.34,24.9,0,2508.57,25.4,1,2537.11,24.7,0,2556.61,26.8,0,2449.47,26.9,0,2848.26,25.2,1,2552.97,24.4,0,2536.82,27.3,0,2481.92,24.6,0
"2026-03-31 10:00:00",1243,801,"Chapada_High",11.89,2314.24,25.5,0,2504.77,26.1,0,2535.04,25.4,0,2555.35,27.5,0,2448.08,27.4,0,2847.79,25.8,0,2550.19,24.8,0,2533.47,28.2,0,2480.99,25.8,0
"2026-03-31 10:15:00",1244,801,"Chapada_High",11.89,2312.23,27,0,2502.23,26.8,0,2533.88,26.2,0,2552.72,28.3,0,2445.61,28.1,0,2845.24,26.5,0,2548.43,25.3,7,2531.54,29,0,2479.44,26.1,0
"2026-03-31 10:30:00",1245,801,"Chapada_High",11.89,2311.37,27.1,0,2499.86,28.1,0,2532.75,26.8,0,2549.6,29.2,0,2442.94,28.4,0,2842.98,27.2,0,2547.26,25.8,0,2529.45,29.6,0,2479.47,26.2,0
"2026-03-31 10:45:00",1246,801,"Chapada_High",11.89,2310.98,27.1,0,2500.39,28,0,2531.16,27.9,0,2546.94,30.4,0,2440.93,28.6,0,2840.76,27.7,0,2544.68,26.2,0,2526.08,30,0,2478.49,26.4,0
"2026-03-31 11:00:00",1247,801,"Chapada_High",11.89,2309.77,27.4,0,2498.32,28.2,0,2529.59,28.5,0,2544.56,31.4,0,2436.83,30.1,0,2839.41,28.1,0,2542.21,26.6,0,2524.92,30.3,0,2478.46,26.5,0
"2026-03-31 11:15:00",1248,801,"Chapada_High",11.89,2308.33,27.8,0,2496.21,28.5,0,2528.38,29.1,0,2542.05,31.9,0,2436.3,29.7,0,2835.21,29.3,0,2540.94,27,0,2523.99,30.5,0,2477.29,26.9,0
"2026-03-31 11:30:00",1249,801,"Chapada_High",11.89,2308.72,28,0,2494.86,28.7,0,2527.75,29.5,0,2540.99,31.9,0,2434.8,29.7,0,2834.98,29.1,0,2539.77,27.7,0,2522.52,30.3,0,2476.6,27.3,0
"2026-03-31 11:45:00",1250,801,"Chapada_High",11.89,2306.8,28.2,0,2493.14,28.8,0,2526.77,30,0,2537.97,32.8,0,2432.22,30.2,0,2833.93,29.2,0,2537.26,28.3,0,2521.56,30.8,0,2475.3,27.9,0
"2026-03-31 12:00:00",1251,801,"Chapada_High",11.89,2306.53,28.5,0,2491.65,28.8,6,2526.47,30.2,0,2535.26,33.6,0,2429.81,30.5,0,2833.67,28.9,0,2535.36,29.1,0,2521.24,29.8,0,2474.92,28.7,0
"2026-03-31 12:15:00",1252,801,"Chapada_High",11.89,2306.22,28.5,0,2490.58,29.2,0,2525.57,30.3,0,2532.93,33.6,0,2428.19,30.5,0,2833.24,28.8,0,2533.72,29.7,0,2520.44,29.1,0,2474.02,29,0
"2026-03-31 12:30:00",1253,801,"Chapada_High",11.89,2303.69,27.9,0,2489.83,28.3,0,2524.83,30.3,0,2533.26,32.1,0,2427.8,29.6,0,2833.96,28.1,0,2532.71,29.2,0,2520.46,28.4,0,2474.47,28.5,0
"2026-03-31 12:45:00",1254,801,"Chapada_High",11.89,2303.38,27.8,0,2487.29,28.1,0,2524.15,30.1,0,2532.6,31.9,0,2426.43,29.5,1,2833.59,27.9,0,2531.7,29.1,0,2521.39,28.2,0,2474.39,28.5,9
"2026-03-31 13:00:00",1255,801,"Chapada_High",11.89,2303.63,27.2,0,2487.81,27.2,0,2524.39,29.1,0,2532,30.6,0,2426.83,28.9,0,2837.77,27.3,0,2531.2,28.3,0,2522.59,27.4,0,2474.92,27.7,0
"2026-03-31 13:15:00",1256,801,"Chapada_High",11.89,2302.87,27.6,0,2485.91,27.7,0,2524.39,29.8,0,2530.38,31.3,0,2425.79,28.9,0,2832.09,28.1,0,2530.44,28.6,0,2521.04,27.8,0,2474.03,28.6,0
"2026-03-31 13:30:00",1257,801,"Chapada_High",11.89,2301.77,27.7,0,2486.21,27.9,0,2523.25,30.3,0,2530.63,30.9,0,2424.1,29.1,0,2831.93,27.9,0,2529.65,28.7,0,2520.93,29,0,2472.44,29.5,0
"2026-03-31 13:45:00",1258,801,"Chapada_High",11.89,2300.91,27.9,0,2482.72,28.3,1,2520.99,30.8,0,2528.08,31,0,2422.3,29.5,0,2831.22,28.1,6,2528.9,28.5,0,2519.44,29.1,0,2468.53,31.7,0
"2026-03-31 14:00:00",1259,801,"Chapada_High",11.89,2300.62,29.1,0,2483.63,28.4,0,2520.2,31,0,2527.27,31.3,0,2420.19,29.7,0,2829.79,28.1,0,2527.92,28.3,0,2518.72,28.9,0,2468.81,31.5,0
"2026-03-31 14:15:00",1260,801,"Chapada_High",11.89,2300.51,28.2,0,2480.85,28.8,0,2519.78,30.9,0,2526.08,31.3,0,2419.9,29.3,0,2830.05,27.8,0,2527.83,28.1,0,2518.34,28.2,0,2469.26,30.9,0
"2026-03-31 14:30:00",1261,801,"Chapada_High",11.89,2298.38,27.2,0,2480.15,27.2,0,2520.25,29.9,0,2525.23,29.8,0,2419.12,28.1,0,2831.35,27,0,2527.8,27.5,0,2519.93,27.3,8,2472.23,29.1,0
"2026-03-31 14:45:00",1262,801,"Chapada_High",11.89,2298.85,27.6,0,2479.28,27.8,0,2518.95,29.9,0,2524.4,31,0,2414.99,30.2,0,2830.29,27.5,0,2526.88,27.7,0,2519.63,27.6,0,2469.98,30.5,0
"2026-03-31 15:00:00",1263,801,"Chapada_High",11.89,2298.19,27.1,0,2479.26,27.1,0,2519.28,29.1,0,2524.37,30.1,0,2416.06,29.1,0,2829.27,27.7,0,2526.46,27.5,0,2519.58,27.1,0,2471.6,29.3,0
"2026-03-31 15:15:00",1264,801,"Chapada_High",11.89,2297.54,26.8,0,2479.44,26.5,0,2519.18,28.5,0,2523.97,29.1,0,2416.02,28.1,0,2829.84,27,0,2526.51,27.6,0,2520.16,26.8,0,2473.43,28.1,0
"2026-03-31 15:30:00",1265,801,"Chapada_High",11.89,2297.22,27.1,0,2477.95,27,0,2518.34,28.4,0,2523.16,29.3,0,2414.99,28.5,0,2829.72,27,3,2525.39,27.7,0,2519.26,27.7,0,2472.29,29.2,0
"2026-03-31 15:45:00",1266,801,"Chapada_High",11.89,2297.43,27.8,0,2477.11,27.3,0,2518.36,28.6,0,2521.9,29.5,0,2413.27,28.9,0,2828.27,27.2,0,2524.41,28,0,2518.85,27.7,0,2470.42,30.2,0
"2026-03-31 16:00:00",1267,801,"Chapada_High",11.89,2295.06,28.1,0,2475.82,28.1,0,2517.22,28.6,0,2522.47,29.3,0,2411.38,29.2,0,2827.75,27.2,0,2523.01,28.3,0,2518.22,27.7,0,2469.11,30.8,0
"2026-03-31 16:15:00",1268,801,"Chapada_High",11.89,2293.8,27.9,0,2474.69,27.9,0,2517.23,29.2,0,2520.49,29,0,2409.27,29.2,0,2827.58,27.2,0,2522.38,28.5,0,2517.84,27.7,0,2469.34,30.7,0
"2026-03-31 16:30:00",1269,801,"Chapada_High",11.89,2294.1,27.8,0,2473.63,27.5,3,2515.33,28.9,0,2520.39,29.2,0,2407.97,29.2,0,2827.55,27,0,2521.35,28.3,0,2517.2,27.7,0,2470.7,29.7,0
"2026-03-31 16:45:00",1270,801,"Chapada_High",11.89,2292.55,27.5,0,2473.32,27,7,2515.61,28.5,0,2519.94,28.3,0,2407.28,29.3,0,2827.4,26.9,0,2521.38,27.8,1,2517.17,27.4,0,2472.64,28.4,0
"2026-03-31 17:00:00",1271,801,"Chapada_High",11.89,2293.46,26.1,0,2476.67,25.5,0,2516.65,27.2,0,2523.04,26.6,0,2409.79,26.6,0,2828.69,25.7,0,2522.08,26.7,0,2519.34,26,0,2475.4,26.2,0
"2026-03-31 17:15:00",1272,801,"Chapada_High",11.89,2293.26,25.7,0,2477.07,25.1,0,2518.06,26.6,0,2523.99,26.1,0,2411.07,26,0,2830.24,25.2,0,2522.87,26.2,0,2519.84,25.9,0,2477.2,25.5,0
"2026-03-31 17:30:00",1273,801,"Chapada_High",11.89,2295.12,25.2,0,2476.05,24.6,0,2518.64,26.1,0,2525.37,25.5,0,2411.11,25.3,0,2830.68,24.6,0,2525.69,25.7,0,2520.6,25.4,0,2477.78,25.2,0
"2026-03-31 17:45:00",1274,801,"Chapada_High",11.89,2294.61,25,0,2476.34,24.1,0,2519.88,25.6,2,2524.89,25,0,2409.35,24.6,3,2831.06,24.1,0,2526.57,25.2,7,2522,24.8,0,2478.51,24.5,0
"2026-03-31 18:00:00",1275,801,"Chapada_High",11.89,2295.43,24.5,0,2477.99,23.9,0,2520.15,25.1,0,2525.85,24.6,0,2410.29,24.1,0,2832.43,23.8,0,2527.44,24.8,0,2522.97,24.4,0,2480,24,0
"2026-03-31 18:15:00",1276,801,"Chapada_High",11.89,2295.43,24.3,0,2478.24,23.7,0,2521.06,25,0,2526.55,24.4,0,2411.13,24,0,2831.98,23.7,0,2528.37,24.5,0,2523.35,24.1,0,2479.95,23.8,0
"2026-03-31 18:30:00",1277,801,"Chapada_High",11.89,2296.3,24.1,0,2477.99,23.3,0,2521.6,24.7,0,2528.42,24.2,0,2412.1,23.9,4,2832.95,23.5,0,2528.69,24.2,0,2523.57,23.8,0,2480.62,23.5,0
"2026-03-31 18:45:00",1278,801,"Chapada_High",11.89,2296.09,23.6,0,2478.99,22.9,0,2522.24,24.2,0,2528.96,23.6,0,2412.92,23.1,0,2833.91,23.2,0,2529.76,23.9,0,2524.49,23.4,0,2481.08,23,0
"2026-03-31 19:00:00",1279,801,"Chapada_High",11.89,2297.25,23.3,0,2480.2,22.5,0,2523.28,23.7,0,2530.58,23.2,0,2416.99,22.5,0,2834.41,22.8,0,2530.57,23.6,0,2524.84,23.1,0,2481.86,22.5,0
"2026-03-31 19:15:00",1280,801,"Chapada_High",11.89,2297.83,23,0,2481.13,22.3,0,2524.31,23.3,0,2531.22,22.8,0,2417.99,22.1,0,2834.52,22.5,0,2531.27,23.3,2,2525.77,22.7,0,2482.4,22.2,0
"2026-03-31 19:30:00",1281,801,"Chapada_High",11.89,2298.94,22.7,0,2481.76,22,0,2525.17,23,0,2532.96,22.5,0,2418.76,21.8,0,2834.93,22.3,0,2531.31,23,0,2525.77,22.5,0,2483.28,22,0
"2026-03-31 19:45:00",1282,801,"Chapada_High",11.89,2300.33,22.4,0,2482.95,21.7,0,2525.79,22.7,0,2533.29,22.2,0,2417.8,21.5,0,2834.96,22.1,0,2531.91,22.8,0,2527.02,22.3,3,2482.79,21.7,0
"2026-03-31 20:00:00",1283,801,"Chapada_High",11.89,2300.96,22.2,0,2483.04,21.5,1,2526.52,22.5,0,2533.59,22,0,2418.2,21.2,0,2835.58,21.9,5,2532.14,22.6,0,2527.29,22,0,2483.67,21.5,0
"2026-03-31 20:15:00",1284,801,"Chapada_High",11.88,2300.91,22,0,2483.48,21.3,3,2527.12,22.2,0,2534.4,21.8,0,2419.84,21,0,2835.86,21.7,0,2533.09,22.4,0,2527.68,21.9,0,2484.1,21.2,0
"2026-03-31 20:30:00",1285,801,"Chapada_High",11.89,2302.4,21.9,0,2484.09,21.2,0,2528.23,22.1,0,2534.66,21.7,0,2420.57,20.9,0,2836.75,21.6,0,2533.56,22.2,0,2528.12,21.8,0,2484.14,21.2,0
"2026-03-31 20:45:00",1286,801,"Chapada_High",11.88,2302.13,21.9,0,2485.11,21.2,3,2528.19,22,0,2536.69,21.6,0,2420.99,20.9,0,2836.37,21.5,0,2533.85,22.1,0,2528.04,21.7,0,2483.85,21.1,0
"2026-03-31 21:00:00",1287,801,"Chapada_High",11.88,2301.81,21.8,0,2485.12,21.2,1,2528.43,22,0,2537.14,21.6,0,2422.08,20.9,3,2836.66,21.4,0,2534,22,0,2528.19,21.6,0,2484.3,21,0
"2026-03-31 21:15:00",1288,801,"Chapada_High",11.89,2302.63,21.7,0,2485.39,21.1,0,2528.8,21.9,0,2538.18,21.6,1,2421.55,20.9,0,2836.91,21.4,0,2534.22,22,0,2528.33,21.6,0,2484.25,21.1,0
"2026-03-31 21:30:00",1289,801,"Chapada_High",11.89,2302.65,21.7,0,2486.41,21.1,0,2529.43,21.8,0,2538.74,21.5,0,2421.76,20.9,0,2836.85,21.4,0,2534.84,21.9,4,2528.42,21.6,0,2484.05,21,0
"2026-03-31 21:45:00",1290,801,"Chapada_High",11.88,2303.69,21.7,0,2486.97,21.1,0,2530.13,21.8,0,2539.04,21.5,0,2422.61,20.8,0,2836.31,21.4,0,2534.61,21.9,0,2529.31,21.5,0,2484.78,21,0
"2026-03-31 22:00:00",1291,801,"Chapada_High",11.88,2303.83,21.6,0,2487.87,21,0,2529.74,21.7,0,2539.49,21.4,0,2423.67,20.7,0,2836.67,21.3,3,2535.08,21.8,0,2528.85,21.4,0,2484.39,20.9,0
"2026-03-31 22:15:00",1292,801,"Chapada_High",11.88,2304.21,21.5,0,2487.77,21,0,2530.49,21.6,0,2539.76,21.3,0,2423.48,20.8,0,2836.38,21.3,0,2535.37,21.7,0,2529.23,21.4,0,2484.39,20.9,0
"2026-03-31 22:30:00",1293,801,"Chapada_High",11.88,2304.46,21.6,0,2488.86,21,0,2530.96,21.6,0,2540.68,21.4,0,2423.53,20.8,0,2836.8,21.4,0,2535.29,21.7,0,2529.45,21.4,0,2484.68,20.9,0
"2026-03-31 22:45:00",1294,801,"Chapada_High",11.88,2304.63,21.5,0,2488.69,20.9,9,2531.11,21.5,0,2540.19,21.3,0,2425.18,20.7,0,2836.07,21.3,0,2535.62,21.6,0,2528.64,21.3,0,2484.74,20.9,0
"2026-03-31 23:00:00",1295,801,"Chapada_High",11.88,2304.67,21.4,0,2488.84,20.9,0,2531.56,21.5,0,2541.88,21.3,0,2425.5,20.7,0,2836.74,21.2,3,2535.41,21.6,0,2529.07,21.3,0,2484.98,20.8,5
"2026-03-31 23:15:00",1296,801,"Chapada_High",11.88,2305.94,21.4,2,2489.26,20.9,0,2531.7,21.4,0,2542.3,21.3,0,2425.16,20.7,0,2836.9,21.3,0,2535.61,21.6,0,2529.72,21.3,0,2485.31,20.9,0
"2026-03-31 23:30:00",1297,801,"Chapada_High",11.88,2305.46,21.4,0,2490.03,20.9,0,2531.7,21.4,0,2542.76,21.2,0,2425.46,20.6,0,2836.81,21.2,0,2535.18,21.5,2,2529.51,21.3,0,2484.99,20.8,0
"2026-03-31 23:45:00",1298,801,"Chapada_High",11.88,2305.4,21.2,0,2490.6,20.7,0,2532.2,21.3,0,2542.88,21.1,0,2426.2,20.4,0,2836.62,21.1,0,2536.28,21.5,0,2528.88,21.1,0,2484.85,20.7,0
"2026-04-01 00:00:00",1299,801,"Chapada_High",11.88,2306.28,21.1,0,2490.38,20.7,0,2532.57,21.2,0,2543.39,21,0,2426.01,20.4,0,2837.08,21,0,2535.61,21.4,0,2529.95,21,0,2485.09,20.6,0
"2026-04-01 00:15:00",1300,801,"Chapada_High",11.88,2306.22,21.1,0,2490.7,20.6,0,2532.28,21.1,0,2543.57,20.9,0,2427.51,20.3,0,2838.43,21,0,2535.85,21.3,0,2530.07,21,5,2484.63,20.6,0
"2026-04-01 00:30:00",1301,801,"Chapada_High",11.88,2306.24,21.1,0,2490.88,20.6,0,2532.65,21.1,0,2544.04,20.9,2,2428.4,20.3,0,2837.81,21,0,2536.28,21.3,0,2529.64,21,0,2485.91,20.6,0
"2026-04-01 00:45:00",1302,801,"Chapada_High",11.88,2306.06,21.1,0,2491.28,20.6,0,2533.41,21.1,0,2544.87,20.9,0,2428.62,20.3,0,2837.74,20.9,1,2535.62,21.3,0,2529.97,20.9,0,2484.79,20.5,0
"2026-04-01 01:00:00",1303,801,"Chapada_High",11.88,2307.34,21.1,0,2491.91,20.6,1,2533.6,21,0,2544.97,20.9,0,2428.13,20.3,0,2838.06,20.9,6,2536.66,21.2,0,2530.04,20.9,0,2485.71,20.5,0
"2026-04-01 01:15:00",1304,801,"Chapada_High",11.88,2307.06,21,0,2492.18,20.5,0,2533.34,21,0,2544.22,20.8,11,2428.97,20.2,0,2838.18,20.9,0,2536.58,21.2,0,2530.65,20.9,0,2485.17,20.5,0
