"group","Fluxing_Chamber","date","location","flux_start","flux_end","TIMESTAMP","n","CH4_slope_ppm_per_day","CO2_slope_ppm_per_day","CH4_R2","CO2_R2","CH4_p","CO2_p","CH4_rmse","CO2_rmse","CH4_init","CO2_init","CH4_max","CO2_max","CH4_min","CO2_min","Flag","Flag_CO2_slope","Flag_CH4_slope"
2,20,1988-09-24,"low",1988-09-24 12:26:10,1988-09-24 12:36:00,1988-09-24 12:24:50,60,-0.795433353709294,622.923858405126,0.719098704060188,0.0946066044715852,1.24518529887728e-17,0.0168176194791953,0.000996490066607257,3.86259750945745,1.93698,466.6613,1.937349,466.6613,1.930878,443.8875,"No issues","No issues","No issues"
3,30,1988-09-24,"low",1988-09-24 12:38:30,1988-09-24 12:48:20,1988-09-24 12:37:10,60,-1.02740595054178,670.842897249238,0.628003689460613,0.0859470339772698,4.57934409327025e-14,0.0230084053673941,0.00158495469713968,4.38508097978926,1.946689,468.9494,1.946689,468.9494,1.933848,442.2537,"No issues","No issues","No issues"
5,50,2025-09-19,"low",2025-09-19 12:51:00,2025-09-19 13:00:40,2025-09-19 12:49:30,59,-3.12488197311526,-291.009591583887,0.990568882304732,0.0255697305150053,1.99129556928128e-59,0.226363552289781,0.000600977367488481,3.54082829929555,1.938663,478.8473,1.938663,478.8473,1.914944,454.5709,"No issues","No issues","No issues"
6,60,2025-09-19,"low",2025-09-19 13:03:20,2025-09-19 13:05:40,2025-09-19 13:01:50,15,-1.58223085714283,-14550.2259428571,0.315460084517644,0.79554821353409,0.0293437559251518,7.90585732859167e-06,0.00116551179901816,3.68851525029614,1.937782,466.1068,1.937782,466.1068,1.93199,436.9302,"No issues","No issues","No issues"
8,80,2025-09-19,"low",2025-09-19 15:08:40,2025-09-19 15:18:20,2025-09-19 15:07:10,59,-4.83782282174165,-6882.96237895968,0.933534543120243,0.996255642401458,3.023402762758e-35,7.31372207536091e-71,0.00254429823293844,0.831694662807278,1.929518,437.5603,1.932851,437.5603,1.901596,395.456,"No issues","No issues","No issues"
9,90,2025-09-19,"low",2025-09-19 15:21:10,2025-09-19 15:30:50,2025-09-19 15:19:40,59,0.141709634132028,-505.567403389852,0.319660209216242,0.619282371447354,3.07572905321374e-06,1.4754400448572e-13,0.000407477168475182,0.781306533358725,1.937552,445.8717,1.938919,445.8936,1.937194,440.0359,"No issues","No issues","No issues"
10,10,2025-09-19,"low",2025-09-19 15:33:40,2025-09-19 15:43:20,2025-09-19 15:32:10,59,-0.20983282758621,1528.71292109875,0.022269832406632,0.938656501774616,0.259291002035996,3.06738407889991e-36,0.00274037327060315,0.770268461070583,1.931714,445.4834,1.939383,453.241,1.929643,442.6198,"No issues","No issues","No issues"
11,20,2025-09-19,"low",2025-09-19 15:46:10,2025-09-19 15:55:50,2025-09-19 15:44:40,59,-1.09055029339572,925.638598246617,0.753105340024508,0.572595943870593,5.85964984053719e-19,4.13750528415167e-12,0.00123071909896229,1.57623838192047,1.932437,451.9729,1.934334,452.8019,1.926081,444.5448,"No issues","No issues","No issues"
12,30,2025-09-19,"low",2025-09-19 15:58:40,2025-09-19 15:59:50,2025-09-19 15:57:10,8,3.84130285714328,-4562.11542857134,0.514008694881834,0.846550419584939,0.0453417616173815,0.00120081615233931,0.00099054332433298,0.51509652096255,1.932542,445.9201,1.935519,445.9201,1.93112,441.528,"No issues","No issues","No issues"
12,30,2025-09-20,"low",2025-09-19 16:00:00,2025-09-19 16:08:20,2025-09-19 15:57:10,51,-2.1509440289592,1905.2502646154,0.975404532349289,0.983435406048771,4.32283938838343e-41,2.67941269901205e-45,0.000581897612889432,0.421261545163822,1.936786,442.3002,1.938923,452.6046,1.927135,441.8731,"No issues","No issues","No issues"
13,30,2025-09-18,"high",2025-09-18 11:23:00,2025-09-18 11:32:50,2025-09-18 11:21:40,60,-0.807532234509562,978.618542484021,0.271876847785803,0.890390839561757,1.93850995583209e-05,1.57846825205398e-29,0.00264888273302878,0.688229179948212,1.944888,442.0258,1.952426,448.1411,1.942641,440.7485,"No issues","No issues","No issues"
13,40,2025-09-20,"low",2025-09-19 16:11:10,2025-09-19 16:20:50,2025-09-19 16:09:40,59,-0.5213464874343,97.8622653418976,0.437565512119181,0.0308265961222181,1.17386121538554e-08,0.183478274564844,0.00116500056946466,1.08152977127989,1.932401,444.3051,1.935397,444.3051,1.930333,439.517,"No issues","No issues","No issues"
14,40,2025-09-18,"high",2025-09-18 11:35:20,2025-09-18 11:45:10,2025-09-18 11:34:00,60,1.86595360044458,1184.72217749375,0.991119742941913,0.854373733557992,3.34631556521542e-61,6.09897099064559e-26,0.000354027585487312,0.9803902639286,1.945358,444.3923,1.956387,449.2654,1.943863,440.5878,"No issues","No issues","No issues"
14,50,2025-09-20,"low",2025-09-19 16:23:40,2025-09-19 16:33:20,2025-09-19 16:22:10,59,-2.84281753360614,1309.89696785504,0.977513037851971,0.893511589117457,1.13997403511315e-48,2.10761677116092e-29,0.000849842325660476,0.89129910715434,1.931137,445.8791,1.931137,452.619,1.913363,442.8417,"No issues","No issues","No issues"
15,50,2025-09-18,"high",2025-09-18 11:47:40,2025-09-18 11:57:30,2025-09-18 11:46:20,60,5.17185166546266,1016.14521455961,0.988381048787549,0.747804822239446,8.1404396280519e-58,5.36312240047854e-19,0.00112396782036591,1.18281437083937,1.948066,441.8318,1.980611,450.5908,1.945614,439.9212,"No issues","No issues","No issues"
15,60,2025-09-20,"low",2025-09-19 16:36:10,2025-09-19 16:45:50,2025-09-19 16:34:40,59,-3.75715727410876,-1193.56494774987,0.927805499505135,0.728629835672325,3.20011656269414e-34,8.80365770674754e-18,0.00206570460731665,1.43568408484376,1.929111,445.5781,1.931473,445.5781,1.906963,433.9051,"No issues","No issues","No issues"
16,60,2025-09-18,"high",2025-09-18 12:00:00,2025-09-18 12:09:50,2025-09-18 11:58:40,60,-0.111988467907662,237.183916421233,0.0437600007278697,0.440217646138423,0.108694821017317,7.59104788053733e-09,0.00104931203457548,0.536102302049463,1.949116,441.0811,1.952558,443.0165,1.947441,439.2421,"No issues","No issues","No issues"
16,70,2025-09-20,"low",2025-09-19 16:48:40,2025-09-19 16:58:20,2025-09-19 16:47:10,59,-4.66224246873179,6825.36766428988,0.896891986538526,0.993371443939345,8.3891801257262e-30,8.58880217783438e-64,0.00311570442047361,1.09891711734686,1.928735,447.6864,1.934412,490.1297,1.902518,447.6864,"No issues","No issues","No issues"
17,70,2025-09-18,"high",2025-09-18 12:12:20,2025-09-18 12:22:10,2025-09-18 12:11:00,60,6.68288899805511,613.003030619619,0.995165997222467,0.715578908085168,7.31595884923944e-69,1.79095674421619e-17,0.000933590640009029,0.774642487763224,1.948793,443.1205,1.989994,449.1849,1.946223,441.7059,"No issues","No issues","No issues"
17,80,2025-09-20,"low",2025-09-19 17:01:10,2025-09-19 17:10:50,2025-09-19 16:59:40,59,-4.27839923319699,-1362.69529585039,0.764531494887198,0.758505979377692,1.5074623328678e-19,3.10911211672265e-19,0.0046798861414665,1.51550613872082,1.923995,439.5168,1.93786,441.9507,1.905687,431.6946,"No issues","No issues","No issues"
18,80,2025-09-18,"high",2025-09-18 12:24:40,2025-09-18 12:34:30,2025-09-18 12:23:20,60,3.05915440511255,-172.759692803527,0.960224401736364,0.0192539289481582,2.60467409422976e-42,0.29035905954534,0.0012479866703534,2.4714258621857,1.946048,454.529,1.965517,454.529,1.943663,440.6261,"No issues","No issues","No issues"
18,90,2025-09-20,"low",2025-09-19 17:13:40,2025-09-19 17:23:20,2025-09-19 17:12:10,59,0.00793052016352359,-14.2894793688028,0.00522177287634398,0.00360934094701575,0.586517461503576,0.651268012710752,0.000215745167524923,0.467953318786141,1.938016,448.249,1.938427,448.249,1.937194,445.2286,"No issues","No issues","No issues"
19,10,2025-09-20,"low",2025-09-19 17:26:10,2025-09-19 17:35:50,2025-09-19 17:24:40,59,-0.519828049094187,3275.64638784336,0.186823357379762,0.993116680301601,0.000629440724505396,2.51644884724196e-63,0.00213757729439008,0.537503258633919,1.931625,447.9931,1.936846,468.4165,1.929437,447.3038,"No issues","No issues","No issues"
19,90,2025-09-18,"high",2025-09-18 12:37:00,2025-09-18 12:46:50,2025-09-18 12:35:40,60,-0.502776700194503,831.789340594603,0.106178409967069,0.546232055812895,0.0110634857952358,1.5560428990455e-11,0.00292394374477881,1.51959628448309,1.949281,448.7192,1.95413,448.7192,1.94356,439.5847,"No issues","No issues","No issues"
20,10,2025-09-18,"high",2025-09-18 12:49:20,2025-09-18 12:59:10,2025-09-18 12:48:00,60,1.78598906807447,2522.28007335372,0.914703839169622,0.967453310376487,1.08142529175281e-32,7.72669661862443e-45,0.00109317538763332,0.92729575223784,1.94674,443.588,1.956994,456.3757,1.943262,439.5126,"No issues","No issues","No issues"
20,20,2025-09-20,"low",2025-09-19 17:38:40,2025-09-19 17:48:20,2025-09-19 17:37:10,59,-1.15782160607839,3384.7700928112,0.831156369091093,0.960170228991482,1.10684518059967e-23,1.36943540936761e-41,0.00102855585087661,1.35876458292582,1.931169,452.2645,1.933256,468.9497,1.92492,446.7761,"No issues","No issues","No issues"
21,20,2025-09-18,"high",2025-09-18 13:01:40,2025-09-18 13:11:30,2025-09-18 13:00:20,60,2.58460282522925,1051.02445523758,0.837725892341518,0.76697719751919,1.42114864252228e-24,5.3498822189307e-20,0.0022801006477757,1.16120089915894,1.947377,446.0056,1.964518,447.3753,1.944303,438.5941,"No issues","No issues","No issues"
21,30,2025-09-20,"low",2025-09-19 17:51:10,2025-09-19 18:00:50,2025-09-19 17:49:40,59,-1.46771482407953,3791.78372787841,0.671531638750561,0.982989889057065,2.11397241049656e-15,3.98886909573361e-52,0.00202320770163496,0.98312301406881,1.930405,452.4288,1.935376,474.7605,1.923449,450.3097,"No issues","No issues","No issues"
22,30,2025-09-18,"high",2025-09-18 13:14:00,2025-09-18 13:23:50,2025-09-18 13:12:40,60,-0.34510354209493,957.687080188942,0.0375096963215879,0.82277450446084,0.138150217776939,1.84683325235207e-23,0.00350398616004223,0.890908029726177,1.944559,444.0857,1.955146,447.3288,1.941923,439.7277,"No issues","No issues","No issues"
22,40,2025-09-20,"low",2025-09-19 18:03:40,2025-09-19 18:13:20,2025-09-19 18:02:10,59,-1.12103924254826,9689.19292109875,0.531080187558806,0.780136678191199,6.01931491267265e-11,2.11502619053629e-20,0.00207622928941615,10.1382711868262,1.894001,625.2872,1.894001,740.5073,1.876041,625.2872,"No issues","No issues","No issues"
23,40,2025-09-18,"high",2025-09-18 13:26:20,2025-09-18 13:36:10,2025-09-18 13:25:00,60,2.22902157265913,1059.10891692137,0.972929778043235,0.699396991908019,3.68446950231729e-47,9.01030547967763e-17,0.000745256872918487,1.39175235025444,1.947348,446.9767,1.958617,448.3778,1.943567,438.9707,"No issues","No issues","No issues"
23,50,2025-09-20,"low",2025-09-19 18:16:10,2025-09-19 18:25:50,2025-09-19 18:14:40,59,-2.27978695967278,8166.22921052015,0.98557298640604,0.994572797246726,3.64480600184135e-54,2.87512553239916e-66,0.000543654949748533,1.18898549650833,1.923644,467.6601,1.924149,522.4849,1.909736,465.7101,"No issues","No issues","No issues"
24,50,2025-09-18,"high",2025-09-18 13:38:40,2025-09-18 13:48:30,2025-09-18 13:37:20,60,5.29249357710483,842.509782495148,0.978253678906728,0.830606944704704,6.41439624121269e-50,4.95637974175651e-24,0.00158166334759072,0.762625867038038,1.95471,443.6508,1.981833,446.4839,1.945939,439.8005,"No issues","No issues","No issues"
24,60,2025-09-20,"low",2025-09-19 18:28:40,2025-09-19 18:38:20,2025-09-19 18:27:10,59,-2.8587765376973,7016.5386978375,0.872664730101598,0.998314703599908,3.48052518060005e-27,9.61006057490006e-81,0.00215236593685556,0.568214868836886,1.921018,458.94,1.927648,508.1294,1.908236,458.94,"No issues","No issues","No issues"
25,60,2025-09-18,"high",2025-09-18 13:51:00,2025-09-18 14:00:50,2025-09-18 13:49:40,60,22.2093461428174,2474.64971469854,0.998091570210957,0.985651829748626,1.44000694426884e-80,3.70242476756288e-55,0.00194659332726626,0.598462283978573,1.9522,442.3314,2.09367,457.2858,1.950885,440.8396,"No issues","No issues","No issues"
25,70,2025-09-20,"low",2025-09-19 18:41:10,2025-09-19 18:50:50,2025-09-19 18:39:40,59,-3.60278961075399,6288.82028100523,0.826946606846521,0.997509311043971,2.23854124338982e-23,6.57244080358189e-76,0.00324844473787496,0.61937790496309,1.921373,482.7122,1.931766,521.6564,1.905781,481.6513,"No issues","No issues","No issues"
26,70,2025-09-18,"high",2025-09-18 14:03:20,2025-09-18 14:13:10,2025-09-18 14:02:00,60,7.56255623006396,1409.84264695748,0.966907318438819,0.940571347577877,1.25210638564366e-44,2.99973390960899e-37,0.00280432750160288,0.71032854966971,1.964135,444.447,2.000115,450.8124,1.949623,439.7403,"No issues","No issues","No issues"
26,80,2025-09-20,"low",2025-09-19 18:53:40,2025-09-19 19:03:20,2025-09-19 18:52:10,59,-3.80786463120993,8412.01362852133,0.811826692568476,0.999065702323466,2.4579860721607e-22,4.79870645113327e-88,0.00361338388394466,0.50702670425365,1.921309,467.9892,1.93208,526.4148,1.904809,467.9892,"No issues","No issues","No issues"
27,80,2025-09-18,"high",2025-09-18 14:15:40,2025-09-18 14:25:30,2025-09-18 14:14:20,60,4.15586760766888,1037.89751286469,0.982604056102896,0.949521581167417,9.88618698726549e-53,2.62593720079793e-39,0.00110836546318989,0.479668810696048,1.949982,442.1937,1.972385,447.9843,1.944129,440.8673,"No issues","No issues","No issues"
27,90,2025-09-20,"low",2025-09-19 19:06:10,2025-09-19 19:15:50,2025-09-19 19:04:40,59,0.387410328462816,266.209105318508,0.752720463904585,0.401340552870306,6.12713560442684e-19,7.23747084812504e-08,0.000437656797845438,0.640828119254443,1.934229,457.5584,1.935705,462.1598,1.933147,457.5584,"No issues","No issues","No issues"
28,10,2025-09-20,"low",2025-09-19 19:18:40,2025-09-19 19:28:20,2025-09-19 19:17:10,59,-1.07730195675048,3236.2369795441,0.629268665759111,0.996810903940973,6.86487479810378e-14,7.53866802033573e-73,0.00162979994523417,0.360788746661317,1.928611,460.8479,1.931788,483.0782,1.922588,460.8479,"No issues","No issues","No issues"
28,90,2025-09-18,"high",2025-09-18 14:28:00,2025-09-18 14:37:50,2025-09-18 14:26:40,60,-0.147635249791572,-175.519211336479,0.356838327052902,0.0843396457000121,4.69017628596855e-07,0.0243879858434942,0.000397283887424002,1.15921111289459,1.943846,445.389,1.943846,445.389,1.940719,439.8283,"No issues","No issues","No issues"
29,20,2025-09-20,"low",2025-09-19 19:31:10,2025-09-19 19:40:50,2025-09-19 19:29:40,59,-1.42899590882529,3383.66769748684,0.869154383218551,0.975490219491788,7.56980400004493e-27,1.32884779667465e-47,0.00109281681523471,1.05713685313905,1.928635,462.1313,1.931406,480.4924,1.921504,458.8952,"No issues","No issues","No issues"
30,20,2025-09-19,"high",2025-09-18 18:17:00,2025-09-18 18:26:40,2025-09-18 18:15:30,59,-0.305921645821231,572.029404091166,0.148831926143924,0.774874907583335,0.00254748974199037,4.16341364514283e-20,0.00144196618191483,0.607714730201776,1.950281,452.0687,1.951692,455.6897,1.944652,450.2908,"No issues","No issues","No issues"
30,30,2025-09-20,"low",2025-09-19 19:43:40,2025-09-19 19:53:20,2025-09-19 19:42:10,59,-1.86330159205154,3477.61969374634,0.806791929449483,0.980116262259127,5.2322835135335e-22,3.41588840990074e-50,0.00179721597659223,0.976287117495273,1.928203,466.075,1.933172,485.6679,1.919903,462.9707,"No issues","No issues","No issues"
31,30,2025-09-19,"high",2025-09-18 18:29:20,2025-09-18 18:39:00,2025-09-18 18:27:50,59,-0.0264906136762767,520.586056341312,0.00564284263865325,0.674520410463748,0.571765509060401,1.6257093705016e-15,0.000693105760058924,0.712758031994644,1.944143,451.5063,1.947189,455.1119,1.943771,450.0339,"No issues","No issues","No issues"
31,40,2025-09-20,"low",2025-09-19 19:56:10,2025-09-19 20:05:50,2025-09-19 19:54:40,59,-1.25294139099948,9955.26563459961,0.523408529448867,0.532970079753157,9.62445147576804e-11,5.35594518947612e-11,0.00235650707445877,18.3678805724911,1.843738,992.2672,1.843738,1149.868,1.823841,992.2672,"No issues","No issues","No issues"
32,40,2025-09-19,"high",2025-09-18 18:41:40,2025-09-18 18:51:20,2025-09-18 18:40:10,59,-0.137982466394,446.060880420791,0.0376478461542501,0.70085478153334,0.14087968245465,1.44156349622248e-16,0.00137501078245017,0.574389386068892,1.948392,450.8715,1.950128,454.2286,1.943481,449.817,"No issues","No issues","No issues"
32,50,2025-09-20,"low",2025-09-19 20:08:40,2025-09-19 20:18:20,2025-09-19 20:07:10,59,-2.05889079135014,5461.75448836936,0.830227720013678,0.803665449575575,1.29482085628842e-23,8.2829766858212e-22,0.00183507299157414,5.320814861987,1.920363,499.4188,1.927845,510.6855,1.913174,472.1506,"No issues","No issues","No issues"
33,50,2025-09-19,"high",2025-09-18 18:54:00,2025-09-18 19:03:40,2025-09-18 18:52:30,59,-0.36694549620108,846.852402571574,0.049496088130881,0.909407924373304,0.0903386089612123,2.08477522059254e-31,0.00316940934605617,0.526815711240278,1.955958,450.7338,1.95628,456.2274,1.944346,449.7478,"No issues","No issues","No issues"
33,60,2025-09-20,"low",2025-09-19 20:21:10,2025-09-19 20:30:50,2025-09-19 20:19:40,59,-2.56966426183519,5142.11468381062,0.853162252619977,0.949674172161831,2.04267285693841e-25,1.08134136365689e-38,0.00210118688586026,2.33310973207573,1.921125,480.8252,1.928132,503.2886,1.910416,470.7281,"No issues","No issues","No issues"
34,60,2025-09-19,"high",2025-09-18 19:06:20,2025-09-18 19:16:00,2025-09-18 19:04:50,59,-2.39214887200473,573.480833196944,0.108314843108332,0.679099046942764,0.0109212665272651,1.08215958256975e-15,0.0135280513012047,0.777003736011753,1.993734,455.6407,1.994207,458.8811,1.9465,453.2947,"No issues","No issues","No issues"
34,70,2025-09-20,"low",2025-09-19 20:33:40,2025-09-19 20:43:20,2025-09-19 20:32:10,59,-3.73405650964359,5382.90905996491,0.874634755106947,0.954947540421964,2.22938180095589e-27,4.59980029659215e-40,0.00278638647788686,2.30447390596522,1.920518,482.8514,1.929018,507.6876,1.903244,472.9517,"No issues","No issues","No issues"
35,70,2025-09-19,"high",2025-09-18 19:18:40,2025-09-18 19:28:20,2025-09-18 19:17:10,59,-1.47335228521344,504.070173699577,0.264812549611968,0.753623249099917,3.05112709411524e-05,5.51744095480831e-19,0.00483862114155707,0.56806623331977,1.961829,453.7608,1.962026,457.0424,1.943955,452.88,"No issues","No issues","No issues"
35,80,2025-09-20,"low",2025-09-19 20:46:10,2025-09-19 20:55:50,2025-09-19 20:44:40,59,-3.95576719111636,6661.28441940384,0.834167310196819,0.923060721502156,6.61635486860471e-24,1.96830515815803e-33,0.00347635780452108,3.79054933014479,1.918684,484.2334,1.929619,511.0277,1.901629,468.0713,"No issues","No issues","No issues"
36,80,2025-09-19,"high",2025-09-18 19:31:00,2025-09-18 19:40:40,2025-09-18 19:29:30,59,-0.193515296317975,595.913121215661,0.0203226011294488,0.812532647054029,0.281441080633323,2.20737350394772e-22,0.00264821019756814,0.564170818014775,1.953302,451.4386,1.958517,456.255,1.944467,450.5892,"No issues","No issues","No issues"
36,90,2025-09-20,"low",2025-09-19 20:58:40,2025-09-19 21:08:20,2025-09-19 20:57:10,59,-0.0482628077148056,3.04586510812066,0.0662869070376423,1.80250585303587e-05,0.0489968651042396,0.974541115285676,0.000357018471941363,1.41401386007687,1.934953,460.0554,1.937119,460.9934,1.934953,455.8785,"No issues","No issues","No issues"
37,10,2025-09-20,"low",2025-09-19 21:11:10,2025-09-19 21:20:50,2025-09-19 21:09:40,59,-1.41393170777332,2741.95010356515,0.715182410293096,0.94186484295085,3.5249923285735e-17,6.62456945886243e-37,0.00175868751842593,1.34267201105624,1.928182,464.9215,1.933024,477.2952,1.921799,459.4564,"No issues","No issues","No issues"
37,90,2025-09-19,"high",2025-09-18 19:43:20,2025-09-18 19:53:00,2025-09-18 19:41:50,59,-0.00597780946818352,392.483942489754,0.000497055232087189,0.459254246054298,0.866893388424709,3.74187896205024e-09,0.000528344315568051,0.839415759705625,1.943458,448.7028,1.946287,452.554,1.942867,447.7746,"No issues","No issues","No issues"
38,10,2025-09-19,"high",2025-09-18 19:55:40,2025-09-18 20:05:20,2025-09-18 19:54:10,59,-0.174761295149149,-239.217917007609,0.177338768504937,0.0891151509526258,0.000895801080361646,0.0216435945265692,0.000741889428369285,1.50742226831384,1.946945,455.29,1.948329,456.4069,1.944167,450.3996,"No issues","No issues","No issues"
38,20,2025-09-20,"low",2025-09-19 21:23:40,2025-09-19 21:33:20,2025-09-19 21:22:10,59,-1.3761873804793,2864.29103915837,0.833519222760356,0.918866443974961,7.39704701080137e-24,8.95444501359833e-33,0.00121223568661585,1.67755381299488,1.928202,466.1512,1.932275,478.2501,1.92243,458.7911,"No issues","No issues","No issues"
39,20,2025-09-19,"high",2025-09-18 20:08:00,2025-09-18 20:17:40,2025-09-18 20:06:30,59,-0.146469966101788,66.1726541203882,0.0634614697915383,0.00831060695593746,0.0542586165425828,0.492282920737498,0.00110902567112444,1.42473887032369,1.947405,455.1084,1.949451,456.6013,1.944011,452.0101,"No issues","No issues","No issues"
39,30,2025-09-20,"low",2025-09-19 21:36:10,2025-09-19 21:45:50,2025-09-19 21:34:40,59,-1.97991987843374,2818.15434810052,0.863370492857504,0.893375402176554,2.60531456004467e-26,2.18596250976346e-29,0.00155241032450825,1.91894151925966,1.927286,468.765,1.931642,479.0856,1.918023,460.1858,"No issues","No issues","No issues"
40,30,2025-09-19,"high",2025-09-18 20:20:20,2025-09-18 20:30:00,2025-09-18 20:18:50,59,0.269157966101628,-247.367290239637,0.275738849370143,0.209626794587542,1.95552252026397e-05,0.000266192744410139,0.000859787466639713,0.946717130763949,1.942944,457.5608,1.945998,458.5976,1.942568,454.498,"No issues","No issues","No issues"
40,40,2025-09-20,"low",2025-09-19 21:48:40,2025-09-19 21:58:20,2025-09-19 21:47:10,59,-1.48329358737587,7537.58447691403,0.612013039168095,0.477409391118972,2.54363153529699e-13,1.38845623272405e-09,0.00232777287591518,15.5436414826759,1.798933,1287.928,1.798933,1413.926,1.777539,1287.928,"No issues","No issues","No issues"
41,40,2025-09-19,"high",2025-09-18 20:32:40,2025-09-18 20:42:20,2025-09-18 20:31:10,59,-0.250776126242023,258.138355581524,0.181488804693047,0.0901944810151109,0.000767896705197741,0.0208270016584428,0.00104968462922745,1.61592833813089,1.948766,454.2658,1.94959,456.8876,1.945203,450.5304,"No issues","No issues","No issues"
41,50,2025-09-20,"low",2025-09-19 22:01:10,2025-09-19 22:10:50,2025-09-19 21:59:40,59,-2.42783444535366,5146.25658164816,0.857057764336503,0.701633524077365,9.4721745776152e-26,1.33764460541342e-16,0.0019542474932905,6.61449265535733,1.919878,503.2253,1.927993,505.35,1.911313,466.5016,"No issues","No issues","No issues"
42,50,2025-09-19,"high",2025-09-18 20:45:00,2025-09-18 20:54:40,2025-09-18 20:43:30,59,-0.22349978258327,-107.289005260101,0.0319216586563235,0.0315154211179381,0.17576141312241,0.17858056141957,0.00242591113952352,1.17226358077634,1.953062,458.2562,1.9537,458.7744,1.944678,454.4083,"No issues","No issues","No issues"
42,60,2025-09-20,"low",2025-09-19 22:13:40,2025-09-19 22:23:20,2025-09-19 22:12:10,59,-2.53482400467561,5081.03190368204,0.806152588625282,0.892926179855098,5.75104112341177e-22,2.46482294938226e-29,0.00244993433469009,3.46793579939321,1.921092,479.3199,1.930387,496.1329,1.912406,462.0902,"No issues","No issues","No issues"
43,60,2025-09-19,"high",2025-09-18 20:57:20,2025-09-18 21:07:00,2025-09-18 20:55:50,59,-1.28276125774407,-249.013687434263,0.050378880676634,0.059527524074487,0.0874426195803023,0.0625721635828594,0.0109769583548261,1.95084430969426,1.980179,458.7253,1.984218,459.913,1.947667,452.627,"No issues","No issues","No issues"
43,70,2025-09-20,"low",2025-09-19 22:26:10,2025-09-19 22:35:50,2025-09-19 22:24:40,59,-3.61617630859155,5406.37824897719,0.83883127088193,0.926264374250421,2.92657394757167e-24,5.84724672381795e-34,0.0031241935943617,3.00651163183962,1.919757,476.5687,1.930501,498.8308,1.905203,463.7863,"No issues","No issues","No issues"
44,70,2025-09-19,"high",2025-09-18 21:09:40,2025-09-18 21:19:20,2025-09-18 21:08:10,59,-0.556983078901306,-328.696150555249,0.140168543823409,0.154605400040373,0.00348601294519338,0.0020650231891143,0.00271899645837809,1.51494644291642,1.953293,459.0912,1.954281,459.6335,1.944743,453.9727,"No issues","No issues","No issues"
44,80,2025-09-20,"low",2025-09-19 22:38:40,2025-09-19 22:48:20,2025-09-19 22:37:10,59,-3.84267661016955,6487.64092109876,0.807691481206622,0.91687256763361,4.57822518522987e-22,1.79057680320542e-32,0.00369569058540398,3.85025731418118,1.92053,475.4752,1.933311,503.3095,1.905556,460.4041,"No issues","No issues","No issues"
45,80,2025-09-19,"high",2025-09-18 21:22:00,2025-09-18 21:31:40,2025-09-18 21:20:30,59,-0.0825309362945878,-181.308304383415,0.00488826473032134,0.0419029406183677,0.598756117934474,0.119892795115588,0.00232092225900403,1.70877725917587,1.952928,456.9713,1.953704,458.2372,1.945324,451.4988,"No issues","No issues","No issues"
45,90,2025-09-20,"low",2025-09-19 22:51:10,2025-09-19 23:00:50,2025-09-19 22:49:40,59,-0.0471382443016569,-274.811939684403,0.0822325911851617,0.192894673595095,0.0276648224596677,0.000501414188283503,0.000310386616921222,1.10796449320377,1.934926,456.2875,1.935896,456.2875,1.93441,449.2983,"No issues","No issues","No issues"
46,10,2025-09-20,"low",2025-09-19 23:03:40,2025-09-19 23:13:20,2025-09-19 23:02:10,59,-1.66210421975457,2417.43852063119,0.720239919770865,0.890132866490617,2.10832596385857e-17,5.14278788099782e-29,0.00204172753654826,1.67396808221053,1.929038,456.5794,1.935115,465.8412,1.922186,449.067,"No issues","No issues","No issues"
46,90,2025-09-19,"high",2025-09-18 21:34:20,2025-09-18 21:44:00,2025-09-18 21:32:50,59,-0.281942237288175,72.6205381648014,0.822663356225535,0.0923287526626429,4.50474921106983e-23,0.0193021595335219,0.000258008232767493,0.448787264749934,1.943446,451.1715,1.944065,452.6129,1.941517,450.4197,"No issues","No issues","No issues"
47,10,2025-09-19,"high",2025-09-18 21:46:40,2025-09-18 21:56:20,2025-09-18 21:45:10,59,-0.295162800701412,-589.784124371723,0.390133974168511,0.379210751555479,1.24400362156729e-07,2.09041497994078e-07,0.000727373062572656,1.48733948303075,1.944857,453.2724,1.945927,454.7554,1.942127,448.1003,"No issues","No issues","No issues"
47,20,2025-09-20,"low",2025-09-19 23:16:10,2025-09-19 23:25:50,2025-09-19 23:14:40,59,-1.23460903798955,2738.23515604907,0.810746297537024,0.86093044103886,2.89546400930174e-22,4.32062710501639e-26,0.00117569430266875,2.16914210853123,1.928635,458.8137,1.932759,467.2224,1.92403,448.5719,"No issues","No issues","No issues"
48,20,2025-09-19,"high",2025-09-18 21:59:00,2025-09-18 22:08:40,2025-09-18 21:57:30,59,-0.223293755698491,-652.066910111056,0.154960704965925,0.332319136828416,0.00203845814128034,1.76928943140854e-06,0.00102775475648015,1.82173082639255,1.945266,450.8401,1.947747,451.5813,1.942056,444.2833,"No issues","No issues","No issues"
48,30,2025-09-20,"low",2025-09-19 23:28:40,2025-09-19 23:38:20,2025-09-19 23:27:10,59,-2.03995298188196,2868.78328369373,0.840142622718681,0.910383622954627,2.31693044383896e-24,1.53039804384611e-31,0.00175386130598312,1.77404434332464,1.926549,459.7741,1.932126,471.0264,1.917891,451.3798,"No issues","No issues","No issues"
49,30,2025-09-19,"high",2025-09-18 22:11:20,2025-09-18 22:21:00,2025-09-18 22:09:50,59,-0.303856327294039,-488.884527878439,0.538026075819621,0.207796098725985,3.91003759819969e-11,0.000285427065995256,0.00055495863054766,1.88144420242028,1.941084,449.6232,1.942278,451.0772,1.938984,443.9515,"No issues","No issues","No issues"
49,40,2025-09-20,"low",2025-09-19 23:41:10,2025-09-19 23:50:50,2025-09-19 23:39:40,59,-1.30361895499711,7680.90495850373,0.453705102141903,0.493916943558714,5.03407823890123e-09,5.47446824274225e-10,0.00281943874596085,15.3243331225712,1.749709,1526.852,1.749709,1653.882,1.727148,1526.852,"No issues","No issues","No issues"
50,40,2025-09-19,"high",2025-09-18 22:23:40,2025-09-18 22:33:20,2025-09-18 22:22:10,59,-0.154552481589732,-300.671343541802,0.0749902218413903,0.125392459449458,0.0358409656587496,0.00593176625800977,0.00106987264116334,1.56512198885715,1.945264,449.9813,1.945968,450.6333,1.942222,444.675,"No issues","No issues","No issues"
50,50,2025-09-20,"low",2025-09-19 23:53:40,2025-09-20 00:03:20,2025-09-19 23:52:10,59,-2.40876231443609,4481.32238363529,0.815686997701238,0.568134722893238,1.35841717355118e-22,5.58298868115167e-12,0.00225681220238657,7.70087229569318,1.917793,504.0734,1.927333,504.0734,1.910412,460.4063,"No issues","No issues","No issues"
51,50,2025-09-19,"high",2025-09-18 22:36:00,2025-09-18 22:45:40,2025-09-18 22:34:30,59,-0.539346066627772,-46.8154688486336,0.175566461666754,0.00255084133261989,0.000956569388317916,0.704030808242522,0.00230361458436635,1.8246446372405,1.951245,451.6911,1.951802,453.0405,1.943881,446.0467,"No issues","No issues","No issues"
51,60,2025-09-20,"low",2025-09-20 00:06:10,2025-09-20 00:15:50,2025-09-20 00:04:40,59,-2.84476317475165,5182.6558765634,0.886128254402287,0.924595489600307,1.4297628327194e-28,1.10750949702493e-33,0.0020099769211655,2.91716105175588,1.922707,469.4293,1.928723,490.7521,1.909671,456.5481,"No issues","No issues","No issues"
52,60,2025-09-19,"high",2025-09-18 22:48:20,2025-09-18 22:58:00,2025-09-18 22:46:50,59,-0.637532521332647,216.320048626528,0.0137384903721509,0.0363289282913095,0.376638603017074,0.148175283161836,0.0106466783927404,2.19593836498679,1.980149,455.2908,1.98443,456.5026,1.949998,449.0514,"No issues","No issues","No issues"
52,70,2025-09-20,"low",2025-09-20 00:18:40,2025-09-20 00:28:20,2025-09-20 00:17:10,59,-3.55794089070729,5315.04425856223,0.847558459231151,0.954853875379773,5.95859162534246e-25,4.88051530670785e-40,0.00297406748285347,2.277896158674,1.918984,472.6793,1.928224,496.9942,1.90316,462.7266,"No issues","No issues","No issues"
53,70,2025-09-19,"high",2025-09-18 23:00:40,2025-09-18 23:10:20,2025-09-18 22:59:10,59,0.316786534190468,-82.6201136177773,0.138882638546407,0.00841437988902378,0.00365164948591776,0.489581651657608,0.00155474497660809,1.76776730216214,1.957993,455.2892,1.959938,456.5934,1.954312,450.1063,"No issues","No issues","No issues"
53,80,2025-09-20,"low",2025-09-20 00:31:10,2025-09-20 00:40:50,2025-09-20 00:29:40,59,-3.99976605026309,6694.88245563996,0.851669857051862,0.948808950478687,2.72726656604768e-25,1.75849940683729e-38,0.00329002286029008,3.06503785839732,1.920791,469.1352,1.931236,499.9469,1.903356,456.0352,"No issues","No issues","No issues"
54,80,2025-09-19,"high",2025-09-18 23:13:00,2025-09-18 23:22:40,2025-09-18 23:11:30,59,0.0654625178257654,88.1990994739801,0.00590161230228919,0.00980986237080256,0.563054260571711,0.455463596157191,0.00167458543089447,1.74653481995542,1.959815,454.1937,1.960632,455.5003,1.954616,449.0644,"No issues","No issues","No issues"
54,90,2025-09-20,"low",2025-09-20 00:43:40,2025-09-20 00:53:20,2025-09-20 00:42:10,59,-0.000883693746425138,-186.343136879031,0.000137846021408516,0.207506336504072,0.929673113686941,0.000288593133833682,0.000148340584279059,0.717762684549781,1.933763,451.9416,1.934448,451.9416,1.933763,446.8463,"No issues","No issues","No issues"
55,10,2025-09-20,"low",2025-09-20 00:56:10,2025-09-20 01:05:50,2025-09-20 00:54:40,59,-1.73245735125665,2587.48614284042,0.758485714420729,0.956122656174407,3.11659619923004e-19,2.16447879145288e-40,0.00192683939947083,1.09251308948813,1.927966,454.0715,1.933087,465.8429,1.920019,449.0735,"No issues","No issues","No issues"
55,90,2025-09-19,"high",2025-09-18 23:25:20,2025-09-18 23:35:00,2025-09-18 23:23:50,59,0.211615364114536,555.903154646393,0.0942392335214678,0.743238609146863,0.0180323812300152,1.80145208208537e-18,0.00129307386013229,0.643998897492024,1.950298,449.8628,1.954298,453.6679,1.9497,448.6391,"No issues","No issues","No issues"
56,10,2025-09-19,"high",2025-09-18 23:37:40,2025-09-18 23:47:20,2025-09-18 23:36:10,59,0.289251142022125,124.13104663937,0.371808371017025,0.0355599373454485,2.95724771444437e-07,0.152620348354416,0.000741048836127691,1.27415658036261,1.951255,452.56,1.954134,453.2582,1.950831,448.5043,"No issues","No issues","No issues"
56,20,2025-09-20,"low",2025-09-20 01:08:40,2025-09-20 01:18:20,2025-09-20 01:07:10,59,-1.60183176154296,2816.85996399766,0.895234042302754,0.93203188081302,1.32296276581754e-29,5.72198913720434e-35,0.00108005023732931,1.49929728950628,1.928728,455.4346,1.931644,468.2003,1.920835,449.288,"No issues","No issues","No issues"
57,20,2025-09-19,"high",2025-09-18 23:50:00,2025-09-18 23:59:40,2025-09-18 23:48:30,59,0.387051296317872,235.044862653408,0.71501768588846,0.13652586367875,3.583952962959e-17,0.00397558585395607,0.000481619813383248,1.16507322128605,1.952038,451.7457,1.95433,453.1874,1.951451,448.7997,"No issues","No issues","No issues"
57,30,2025-09-20,"low",2025-09-20 01:21:10,2025-09-20 01:30:50,2025-09-20 01:19:40,59,-2.0783911350088,2859.14571969608,0.874635886271143,0.944186958975258,2.22880719149501e-27,2.07062716386957e-37,0.00155090611714678,1.37012563146031,1.926121,458.2571,1.93026,471.5005,1.916102,452.6445,"No issues","No issues","No issues"
58,30,2025-09-19,"high",2025-09-19 00:02:20,2025-09-19 00:12:00,2025-09-19 00:00:50,59,0.503694326124976,219.339857393326,0.240423274835669,0.0882287812953188,8.0738770691439e-05,0.0223382000747434,0.00176461466990925,1.38976257563889,1.946101,450.606,1.951711,452.554,1.945222,446.7188,"No issues","No issues","No issues"
58,40,2025-09-20,"low",2025-09-20 01:33:40,2025-09-20 01:43:20,2025-09-20 01:32:10,59,-0.553164007013543,7103.333835184,0.252414288288153,0.505170135178275,5.02045028255472e-05,2.85384083434538e-10,0.00187634502015052,13.8565974286621,1.719327,1718.321,1.719327,1834.106,1.706183,1718.321,"No issues","No issues","No issues"
59,40,2025-09-19,"high",2025-09-19 00:14:40,2025-09-19 00:24:20,2025-09-19 00:13:10,59,0.311299048509651,-30.8230863822608,0.868375800188577,0.00227265133744544,8.9681703559168e-27,0.719933762735312,0.000238878501305,1.27291941886979,1.950748,451.9962,1.952738,453.4244,1.950468,448.2059,"No issues","No issues","No issues"
59,50,2025-09-20,"low",2025-09-20 01:46:10,2025-09-20 01:55:50,2025-09-20 01:44:40,59,-2.39060518527179,3781.70199415546,0.785057951740974,0.457893050807409,1.10614772560944e-20,4.02539592952449e-09,0.00246548830472574,8.11022718687655,1.917308,509.0856,1.928213,509.0856,1.911025,462.8378,"No issues","No issues","No issues"
60,50,2025-09-19,"high",2025-09-19 00:27:00,2025-09-19 00:36:40,2025-09-19 00:25:30,59,0.322346735242504,-531.1447322034,0.508214165746808,0.31174394283541,2.38687367122612e-10,4.3259414842058e-06,0.000624990126935944,1.55551478788123,1.953233,454.8173,1.954719,456.4226,1.951594,449.3888,"No issues","No issues","No issues"
60,60,2025-09-20,"low",2025-09-20 01:58:40,2025-09-20 02:08:20,2025-09-20 01:57:10,59,-2.66354738047929,4704.23554506136,0.870461307807889,0.92892872452145,5.68224968911411e-27,2.04563160587842e-34,0.00202521297661271,2.56466221930357,1.92246,468.2931,1.929384,486.9457,1.911168,456.59,"No issues","No issues","No issues"
61,60,2025-09-19,"high",2025-09-19 00:39:20,2025-09-19 00:49:00,2025-09-19 00:37:50,59,-1.08449067913516,-544.926870368221,0.0520005256008744,0.173500424243095,0.0823748187130706,0.00103251045234241,0.00912664718036317,2.3441992731107,1.980107,457.7343,1.983462,459.1576,1.953073,450.0516,"No issues","No issues","No issues"
61,70,2025-09-20,"low",2025-09-20 02:11:10,2025-09-20 02:20:50,2025-09-20 02:09:40,59,-3.69308392285218,5213.34832776153,0.858055428256138,0.951534324694304,7.75382777792655e-26,3.69307564322884e-39,0.00296057560436669,2.31903286901795,1.920852,466.8807,1.930034,490.4186,1.904669,456.7628,"No issues","No issues","No issues"
62,70,2025-09-19,"high",2025-09-19 00:51:40,2025-09-19 01:01:20,2025-09-19 00:50:10,59,-0.643508310929372,-373.006776855664,0.195336272686528,0.0859907019353256,0.000457436571347463,0.0241935046723878,0.00257427643252855,2.39690895818858,1.959615,456.5217,1.96015,458.3052,1.950766,449.5638,"No issues","No issues","No issues"
62,80,2025-09-20,"low",2025-09-20 02:23:40,2025-09-20 02:33:20,2025-09-20 02:22:10,59,-3.9969064172999,6559.43714973699,0.85907473217228,0.965960379637138,6.31052765775867e-26,1.55211332017225e-43,0.00319071635253035,2.42697067495728,1.920184,469.4969,1.930372,501.6563,1.902837,459.5435,"No issues","No issues","No issues"
63,80,2025-09-19,"high",2025-09-19 01:04:00,2025-09-19 01:13:40,2025-09-19 01:02:30,59,-0.0638663144360573,-434.414705786107,0.00302930276786381,0.109276769714512,0.67885069847318,0.0105529905315967,0.00228363645551123,2.44454051909544,1.95817,458.0244,1.958902,459.2794,1.950633,449.8871,"No issues","No issues","No issues"
63,90,2025-09-20,"low",2025-09-20 02:36:10,2025-09-20 02:45:50,2025-09-20 02:34:40,59,0.168726929281074,-540.658124605508,0.511850973245476,0.699654597484309,1.9253268789893e-10,1.61714081052791e-16,0.000324768654736516,0.698194845385545,1.932057,450.6287,1.933357,451.4066,1.931482,446.2599,"No issues","No issues","No issues"
64,10,2025-09-20,"low",2025-09-20 02:48:40,2025-09-20 02:58:20,2025-09-20 02:47:10,59,-1.70192497486862,2375.24805236701,0.753465813621448,0.938796421452497,5.61937142204308e-19,2.87390794502108e-36,0.0019188121818752,1.1953550546843,1.926866,452.4681,1.932021,463.4565,1.919332,448.2356,"No issues","No issues","No issues"
64,90,2025-09-19,"high",2025-09-19 01:16:20,2025-09-19 01:26:00,2025-09-19 01:14:50,59,-0.120241935710222,-301.894173699613,0.106142446000518,0.115725179249851,0.0118006769011284,0.00838338012795171,0.000687750361255554,1.64482495510147,1.948775,454.4791,1.949873,456.0491,1.947239,449.4392,"No issues","No issues","No issues"
65,10,2025-09-19,"high",2025-09-19 01:28:40,2025-09-19 01:38:20,2025-09-19 01:27:10,59,0.0935983167737607,-531.27405447108,0.265011838169839,0.228676059055617,3.02662496806463e-05,0.000127835876812746,0.000307228025671368,1.92314451118232,1.951221,457.1189,1.952083,458.1405,1.950346,449.8908,"No issues","No issues","No issues"
65,20,2025-09-20,"low",2025-09-20 03:01:10,2025-09-20 03:10:50,2025-09-20 02:59:40,59,-1.46348470835774,2656.96224617182,0.858530690222714,0.907498666165077,7.04512658333767e-26,3.78133874656844e-31,0.00117091845329773,1.6719436636559,1.926588,456.0062,1.930155,467.6258,1.920167,449.563,"No issues","No issues","No issues"
66,20,2025-09-19,"high",2025-09-19 01:41:00,2025-09-19 01:50:40,2025-09-19 01:39:30,59,-0.0504377042666384,-526.555382349524,0.0195741676505408,0.232271724753798,0.29057231069679,0.000111129547465873,0.000703568339985195,1.88683927837315,1.952963,455.5616,1.953691,456.7167,1.950449,449.2472,"No issues","No issues","No issues"
66,30,2025-09-20,"low",2025-09-20 03:13:40,2025-09-20 03:23:20,2025-09-20 03:12:10,59,-2.06668699006439,2654.42735803622,0.859329877804899,0.907848820382716,5.99203144310624e-26,3.39330327949564e-31,0.00164809005382124,1.66686252958567,1.925855,455.7231,1.931166,466.9182,1.91687,448.8443,"No issues","No issues","No issues"
67,30,2025-09-19,"high",2025-09-19 01:53:20,2025-09-19 02:03:00,2025-09-19 01:51:50,59,0.400906604324883,59.5069774400817,0.304386381272921,0.00629533544806506,5.9209832439357e-06,0.550274083422668,0.00119453779792392,1.47357543806191,1.946902,454.1664,1.950665,455.7316,1.945891,450.3989,"No issues","No issues","No issues"
67,40,2025-09-20,"low",2025-09-20 03:26:10,2025-09-20 03:35:50,2025-09-20 03:24:40,59,-0.247446873173642,3180.32239392163,0.101124764341545,0.175767225588286,0.014110764541347,0.000949488126829137,0.00145407957232227,13.5741422089502,1.706159,1884.227,1.706159,1976.825,1.696541,1884.227,"No issues","No issues","No issues"
68,40,2025-09-19,"high",2025-09-19 02:05:40,2025-09-19 02:15:20,2025-09-19 02:04:10,59,-0.0790815008767876,54.0632219754342,0.0931612599337307,0.00747046097724571,0.0187381850487709,0.5151042821596,0.000486303634457869,1.22824555375419,1.951142,455.8083,1.951349,457.7285,1.949336,451.7366,"No issues","No issues","No issues"
69,50,2025-09-19,"high",2025-09-19 02:18:00,2025-09-19 02:27:40,2025-09-19 02:16:30,59,-0.0748938024547827,-473.737663588561,0.011425234285164,0.254983123581045,0.420372853875871,4.53085723926053e-05,0.00137310370923586,1.59606475399269,1.954119,456.8864,1.95448,457.3668,1.949108,450.5873,"No issues","No issues","No issues"
70,60,2025-09-19,"high",2025-09-19 02:30:20,2025-09-19 02:40:00,2025-09-19 02:28:50,59,-1.04417051081246,30.8203595558055,0.0517928240783066,0.000849664601511495,0.0830062773517164,0.826530281334207,0.00880589500675142,2.08312156132304,1.976993,458.1699,1.98026,459.4763,1.950424,451.1584,"No issues","No issues","No issues"
71,70,2025-09-19,"high",2025-09-19 02:42:40,2025-09-19 02:52:20,2025-09-19 02:41:10,59,-0.250357002922368,-202.353496201064,0.048193166743396,0.0493785330666326,0.094799488401558,0.0907318222116039,0.0021929396364227,1.74997033060236,1.954987,459.9208,1.955732,459.9208,1.948148,453.597,"No issues","No issues","No issues"
72,80,2025-09-19,"high",2025-09-19 02:55:00,2025-09-19 03:04:40,2025-09-19 02:53:30,59,-0.11543262185861,-182.046567387492,0.00918476742156455,0.0254139225896729,0.470261618504369,0.227802132408049,0.00236306720008241,2.22198949301109,1.956599,460.3876,1.957112,461.3796,1.948789,453.1956,"No issues","No issues","No issues"
73,90,2025-09-19,"high",2025-09-19 03:07:20,2025-09-19 03:17:00,2025-09-19 03:05:50,59,-4.29314126475753,6510.71234693159,0.600741582391474,0.621596794943199,5.80402434541984e-13,1.23788584436225e-13,0.00689832464523052,10.0123675569118,1.945548,459.5926,1.945548,501.0857,1.916787,458.3609,"No issues","No issues","No issues"
74,10,2025-09-19,"high",2025-09-19 03:19:40,2025-09-19 03:29:20,2025-09-19 03:18:10,59,0.0831358877848843,627.298034833408,0.16099466170816,0.616800478568532,0.0016352966639605,1.77899275017915e-13,0.000374067880959999,0.974539196765064,1.948903,462.824,1.950229,466.1214,1.948473,459.6924,"No issues","No issues","No issues"
75,20,2025-09-19,"high",2025-09-19 03:32:00,2025-09-19 03:41:40,2025-09-19 03:30:30,59,0.263935083576872,-794.845308708387,0.358958345324725,0.456019370976466,5.35220196801605e-07,4.44984298548295e-09,0.000695189937352383,1.71107065678468,1.952277,463.7509,1.954456,463.9395,1.950797,455.3486,"No issues","No issues","No issues"
76,30,2025-09-19,"high",2025-09-19 03:44:20,2025-09-19 03:54:00,2025-09-19 03:42:50,59,0.0963665505552203,-471.746322852139,0.0222804516450653,0.46593403821886,0.259176164465654,2.60804725402028e-09,0.00125822040588046,0.995471912080486,1.949508,456.4802,1.953124,457.3683,1.94875,452.3737,"No issues","No issues","No issues"
77,40,2025-09-19,"high",2025-09-19 03:56:40,2025-09-19 04:06:20,2025-09-19 03:55:10,59,-0.112847691408625,-467.824944476932,0.195157750815953,0.234184152376703,0.00046052021530365,0.000103130222534779,0.00045168993808971,1.66744706133552,1.950872,452.5935,1.951138,453.5149,1.949228,447.3698,"No issues","No issues","No issues"
78,50,2025-09-19,"high",2025-09-19 04:09:00,2025-09-19 04:18:40,2025-09-19 04:07:30,59,-0.198289262419713,-293.432831326721,0.0705693675130777,0.0925098559157356,0.041999351634394,0.0191780420854661,0.00141835463513726,1.81142733399643,1.954502,453.4646,1.955152,454.1815,1.950105,447.0406,"No issues","No issues","No issues"
78,60,2025-09-20,"low",2025-09-20 10:21:20,2025-09-20 10:23:20,2025-09-20 10:12:10,13,52.063500659341,-285989.421362637,0.156621241962773,0.189791740189536,0.180709270891246,0.136745915463297,0.0523202293106356,255.8938943246,1.970945,364.7456,1.970945,1219.257,1.779762,361.7653,"No issues","No issues","No issues"
79,60,2025-09-19,"high",2025-09-19 04:21:20,2025-09-19 04:31:00,2025-09-19 04:19:50,59,-1.51474298538873,-37.2618810052677,0.136698659012725,0.00138020335563885,0.00395090317760513,0.779973400306137,0.00750279857243719,1.97550701966249,1.976426,455.9707,1.979601,457.0884,1.9535,450.544,"No issues","No issues","No issues"
79,70,2025-09-20,"low",2025-09-20 10:26:10,2025-09-20 10:35:50,2025-09-20 10:24:40,59,-5.51803270134434,4509.52605026299,0.978294730147949,0.938095856739116,4.15726595863506e-49,3.97650768526951e-36,0.00162000839138372,2.28324442729544,1.92564,456.3577,1.929917,477.5695,1.896153,448.0777,"No issues","No issues","No issues"
80,70,2025-09-19,"high",2025-09-19 04:33:40,2025-09-19 04:43:20,2025-09-19 04:32:10,59,-0.507175574517913,-668.42443483344,0.234208413740485,0.322618830954691,0.000103032431635312,2.70511539881243e-06,0.00180758044852427,1.9090147194856,1.957399,458.2745,1.958325,459.2351,1.951394,450.9298,"No issues","No issues","No issues"
80,80,2025-09-20,"low",2025-09-20 10:38:40,2025-09-20 10:48:20,2025-09-20 10:37:10,59,-4.96258573465812,-8671.28826277033,0.881008815185005,0.993417217437569,5.02100336527069e-28,7.04943584311282e-64,0.00359468257758649,1.39125838242971,1.925229,454.5135,1.935953,454.5135,1.902115,389.648,"No issues","No issues","No issues"
81,80,2025-09-19,"high",2025-09-19 04:46:00,2025-09-19 04:55:40,2025-09-19 04:44:30,59,-0.552865571011247,113.299890122719,0.209938641083328,0.0109483969559616,0.000263044774458308,0.430295776150183,0.00211392230864349,2.12250612966826,1.956944,457.1816,1.957724,457.746,1.949881,451.0142,"No issues","No issues","No issues"
81,90,2025-09-20,"low",2025-09-20 10:51:10,2025-09-20 11:00:50,2025-09-20 10:49:40,59,0.0576834880186708,-103.206946113416,0.170199534479045,0.0765976833684179,0.00116624684910567,0.0338366200165955,0.000251040865256853,0.706288030612947,1.935805,447.5216,1.936281,447.5657,1.935102,444.1606,"No issues","No issues","No issues"
82,10,2025-09-20,"low",2025-09-20 11:03:40,2025-09-20 11:13:20,2025-09-20 11:02:10,59,-1.99738015195793,451.741112331953,0.817264877634403,0.432387559979125,1.06221686613225e-22,1.53266675531786e-08,0.00186155376086753,1.02015046206632,1.93006,450.9134,1.935353,450.9134,1.92087,444.7395,"No issues","No issues","No issues"
82,90,2025-09-19,"high",2025-09-19 04:58:20,2025-09-19 05:08:00,2025-09-19 04:56:50,59,-0.0964645143191013,-19.0659198129764,0.127344257687548,0.00297300168014407,0.00553073841062277,0.681688120664439,0.000497719470971127,0.688175014399378,1.91851,494.0026,1.91851,496.5515,1.916666,492.6153,"No issues","No issues","No issues"
83,10,2025-09-19,"high",2025-09-19 05:10:40,2025-09-19 05:20:20,2025-09-19 05:09:10,59,-0.126461119813042,-541.51581250733,0.319768330303175,0.164179915005733,3.06135811967273e-06,0.00145515501779375,0.000363540649536234,2.40820130576315,1.947695,458.37,1.949509,458.6695,1.947048,449.5727,"No issues","No issues","No issues"
83,20,2025-09-20,"low",2025-09-20 11:16:10,2025-09-20 11:25:50,2025-09-20 11:14:40,59,-1.54998317708945,485.137969374614,0.930773600256933,0.359820832775654,9.65772506117793e-35,5.14505756202845e-07,0.000833155538196457,1.27543443726048,1.930555,451.3408,1.932455,451.3408,1.922405,444.2682,"No issues","No issues","No issues"
84,20,2025-09-19,"high",2025-09-19 05:23:00,2025-09-19 05:32:40,2025-09-19 05:21:30,59,-0.462010239625975,-311.362522969044,0.469504697044817,0.0744803504373371,2.14653182527202e-09,0.0365016014605075,0.000967960551376224,2.16333392213255,1.951536,456.4844,1.953745,457.3809,1.948775,448.768,"No issues","No issues","No issues"
85,30,2025-09-19,"high",2025-09-19 05:35:20,2025-09-19 05:45:00,2025-09-19 05:33:50,59,-0.150577374634786,-273.208212273528,0.175588849949549,0.12310318138262,0.000955777165773307,0.00643887298301449,0.000643085087078337,1.43720465404813,1.948478,454.6107,1.950008,455.1527,1.947458,449.7088,"No issues","No issues","No issues"
86,40,2025-09-19,"high",2025-09-19 05:47:40,2025-09-19 05:57:20,2025-09-19 05:46:10,59,0.0283832331968763,76.7346627703061,0.0437550355751465,0.0129943225729021,0.1118377901483,0.38997271273533,0.000261527692398686,1.31813486974165,1.950304,453.4382,1.950783,454.7432,1.949594,449.5381,"No issues","No issues","No issues"
87,50,2025-09-19,"high",2025-09-19 06:00:00,2025-09-19 06:09:40,2025-09-19 05:58:30,59,-0.0602451899474563,372.312092577431,0.0163767635897719,0.246184146680231,0.334085784863302,6.4311628601686e-05,0.00092025457339874,1.28408860110765,1.95348,454.3082,1.953853,457.4694,1.950447,451.8062,"No issues","No issues","No issues"
87,60,2025-09-20,"low",2025-09-20 15:53:00,2025-09-20 15:59:50,2025-09-20 15:51:30,42,-2.08256974961511,-4547.02364865083,0.77929054928255,0.996609853330704,1.06140628538587e-14,5.04972822437373e-51,0.00155482711806378,0.372045159991177,1.927633,441.9776,1.930774,441.9776,1.919495,420.9954,"No issues","No issues","No issues"
87,60,2025-09-21,"low",2025-09-20 16:00:00,2025-09-20 16:02:40,2025-09-20 15:51:30,17,-3.24751764705874,-4916.60682352942,0.996572246486574,0.981336524976744,6.60527927432281e-20,2.20146451645307e-14,0.000107992550017514,0.384454218950894,1.919122,420.1685,1.919122,420.1685,1.913167,410.6921,"No issues","No issues","No issues"
88,60,2025-09-19,"high",2025-09-19 06:12:20,2025-09-19 06:22:00,2025-09-19 06:10:50,59,0.0554974821740834,316.991248158956,0.000364757987257277,0.366978640910482,0.885837134519844,3.70078612380774e-07,0.00572633710353636,0.820580734453243,1.968542,460.0905,1.969868,461.09,1.952657,457.2793,"No issues","No issues","No issues"
88,70,2025-09-21,"low",2025-09-20 16:05:30,2025-09-20 16:15:10,2025-09-20 16:04:00,59,-4.24305097837529,2185.04433524254,0.903517711826428,0.87751607106561,1.25922516515696e-30,1.14736957367445e-27,0.00273286996831896,1.60900548565205,1.923171,453.2143,1.93048,460.1982,1.902233,445.1332,"No issues","No issues","No issues"
89,70,2025-09-19,"high",2025-09-19 06:24:40,2025-09-19 06:34:20,2025-09-19 06:23:10,59,-0.0307666814729487,-203.705749620122,0.00115038280456892,0.0430803745040664,0.798705466074256,0.11470246019397,0.00178687747733783,1.89228496819035,1.956832,459.9163,1.95747,460.9206,1.951402,453.8193,"No issues","No issues","No issues"
89,80,2025-09-21,"low",2025-09-20 16:18:00,2025-09-20 16:27:40,2025-09-20 16:16:30,59,-4.219689145529,-11229.0964348334,0.835884283981404,0.994109062413658,4.91327303894273e-24,2.97572858778482e-65,0.00368525650265628,1.70374762053655,1.924386,436.6553,1.934905,437.4145,1.90467,369.3609,"No issues","No issues","No issues"
90,80,2025-09-19,"high",2025-09-19 06:37:00,2025-09-19 06:46:40,2025-09-19 06:35:30,59,0.0508755113967832,-275.414214845136,0.00462004358115018,0.0559874963919127,0.608989900590356,0.0711815214852283,0.00147185644435953,2.2290250935062,1.955904,462.2814,1.956698,464.2249,1.951402,455.432,"No issues","No issues","No issues"
90,90,2025-09-21,"low",2025-09-20 16:30:30,2025-09-20 16:40:10,2025-09-20 16:29:00,59,14.0726517264756,4713.91254704848,0.794222181852286,0.813354466143244,3.17759382830513e-21,1.94664167846957e-22,0.0141185296147888,4.45077511309772,2.247785,541.3077,2.41399,595.2053,2.247785,541.3077,"No issues","No issues","No issues"
91,10,2025-09-21,"low",2025-09-20 16:43:00,2025-09-20 16:52:40,2025-09-20 16:41:30,59,-1.12600105669201,546.847818585601,0.648427471321923,0.298454931355641,1.49171667963821e-14,7.60943444647077e-06,0.00163418348760224,1.65249498072124,1.939572,452.1558,1.939572,452.1558,1.926688,443.5141,"No issues","No issues","No issues"
91,90,2025-09-19,"high",2025-09-19 06:49:20,2025-09-19 06:59:00,2025-09-19 06:47:50,59,-2.02523720864997,3235.23244699007,0.629809807690902,0.621960134925211,6.58226818399566e-14,1.20412039352033e-13,0.00306033450466016,4.97139500073534,1.921019,498.0804,1.921019,520.6189,1.906824,498.0804,"No issues","No issues","No issues"
92,10,2025-09-19,"high",2025-09-19 07:01:40,2025-09-19 07:11:20,2025-09-19 07:00:10,59,0.453920149620008,-822.742712331984,0.670153393134215,0.539821643348754,2.38424208676536e-15,3.49380580211765e-11,0.000627673246620179,1.49722561487611,1.948937,464.6462,1.952995,464.6462,1.948937,456.1367,"No issues","No issues","No issues"
92,20,2025-09-21,"low",2025-09-20 16:55:30,2025-09-20 17:05:10,2025-09-20 16:54:00,59,-1.26992396493286,612.938112448846,0.958497326673283,0.482902189783687,4.4274367270025e-41,1.02194136397538e-09,0.00052084147292446,1.250139981961,1.930136,448.3832,1.930136,448.8279,1.921941,442.5865,"No issues","No issues","No issues"
93,20,2025-09-19,"high",2025-09-19 07:14:00,2025-09-19 07:23:40,2025-09-19 07:12:30,59,0.10869685563988,-530.300072472256,0.220538894461499,0.271294645053024,0.000175173440390791,2.34501173188004e-05,0.000402769768636835,1.71301952336337,1.951394,457.0547,1.952853,457.2968,1.951076,450.4796,"No issues","No issues","No issues"
93,30,2025-09-21,"low",2025-09-20 17:08:00,2025-09-20 17:17:40,2025-09-20 17:06:30,59,-1.61816090707197,1551.91053839858,0.820068142470957,0.876294701708794,6.82577370100505e-23,1.52337276612673e-27,0.00149394986229046,1.14926715785334,1.930863,447.1587,1.933492,453.0051,1.921691,442.3649,"No issues","No issues","No issues"
94,30,2025-09-19,"high",2025-09-19 07:26:20,2025-09-19 07:36:00,2025-09-19 07:24:50,59,0.218205699590766,-759.743831677404,0.119969540367169,0.52496414711407,0.00720317626304048,8.75596380772821e-11,0.00116483577754443,1.42446181474437,1.94757,453.6351,1.950854,455.1548,1.946542,447.9395,"No issues","No issues","No issues"
94,40,2025-09-21,"low",2025-09-20 17:20:30,2025-09-20 17:30:10,2025-09-20 17:19:00,59,0.0263891151373367,-694.423512799546,0.0300341059399959,0.204376967898664,0.189302452575376,0.000325043892264512,0.000295584027417192,2.70051983452569,1.929487,463.0595,1.929487,463.0595,1.927929,444.6593,"No issues","No issues","No issues"
95,40,2025-09-19,"high",2025-09-19 07:38:40,2025-09-19 07:48:20,2025-09-19 07:37:10,59,0.0512966545879093,-605.360312331991,0.20069640106127,0.369028427387091,0.000373682076774984,3.36541442895716e-07,0.000201771764072812,1.56017813382383,1.950741,452.6203,1.951671,453.246,1.950503,446.4452,"No issues","No issues","No issues"
95,50,2025-09-21,"low",2025-09-20 17:33:00,2025-09-20 17:42:40,2025-09-20 17:31:30,59,-1.83722101227356,4327.36702653418,0.918618387241472,0.976642961100579,9.76967037384164e-33,3.36481346583469e-48,0.00107781007590346,1.3190157089342,1.925114,449.1996,1.926476,474.5176,1.914474,446.8585,"No issues","No issues","No issues"
96,50,2025-09-19,"high",2025-09-19 07:51:00,2025-09-19 08:00:40,2025-09-19 07:49:30,59,0.0611076750437542,-792.391922384587,0.0192598781284256,0.464441911404707,0.294516960737251,2.82812368104337e-09,0.000859470987031121,1.67711516413965,1.953944,452.3562,1.954423,454.3441,1.950823,446.6572,"No issues","No issues","No issues"
96,60,2025-09-21,"low",2025-09-20 17:45:30,2025-09-20 17:55:10,2025-09-20 17:44:00,59,-2.6322085704267,3613.10489210987,0.825373709482838,0.98530075029842,2.89969860852092e-23,6.21034961756449e-54,0.00238635501742061,0.869819226770328,1.921319,443.6799,1.927655,470.1735,1.909133,443.6799,"No issues","No issues","No issues"
97,60,2025-09-19,"high",2025-09-19 08:03:20,2025-09-19 08:13:00,2025-09-19 08:01:50,59,-0.802103060198721,-953.972294097042,0.0455183261036038,0.341522626076014,0.104706656429886,1.17648181730051e-06,0.00723945854320036,2.61084870623001,1.973781,455.9349,1.976567,456.6949,1.95226,446.0939,"No issues","No issues","No issues"
97,70,2025-09-21,"low",2025-09-20 17:58:00,2025-09-20 18:07:40,2025-09-20 17:56:30,59,-3.73114335008776,5193.81829199297,0.901535047607109,0.987340446750694,2.25078472134419e-30,8.78403305550799e-56,0.00243039420843809,1.15917160403281,1.919918,453.0529,1.925736,482.4774,1.901033,449.6532,"No issues","No issues","No issues"
98,70,2025-09-19,"high",2025-09-19 08:15:40,2025-09-19 08:25:20,2025-09-19 08:14:10,59,-0.386011567504453,-1150.26016691993,0.111007857761543,0.495699755850546,0.00992106105465467,4.94230468873743e-10,0.00215306765161051,2.28673886898764,1.957501,454.6539,1.958031,455.484,1.950251,445.1786,"No issues","No issues","No issues"
98,80,2025-09-21,"low",2025-09-20 18:10:30,2025-09-20 18:20:10,2025-09-20 18:09:00,59,-3.88551000350675,8070.95793524253,0.820627912698363,0.99110931681633,6.24372098666002e-23,3.70358640206081e-60,0.00358044969579649,1.50666648681251,1.919633,441.3039,1.929427,504.1042,1.901516,441.3039,"No issues","No issues","No issues"
99,80,2025-09-19,"high",2025-09-19 08:28:00,2025-09-19 08:37:40,2025-09-19 08:26:30,59,-0.0663926686149126,-1029.70757498539,0.00421460090460015,0.379582622691415,0.62519137551097,2.05409203955201e-07,0.0020114536552575,2.59470494637045,1.956028,455.0548,1.956614,455.6321,1.949463,444.7704,"No issues","No issues","No issues"
99,90,2025-09-21,"low",2025-09-20 18:23:00,2025-09-20 18:32:40,2025-09-20 18:21:30,59,5.1197165821157,3158.07229830507,0.38513807220049,0.736541851961664,1.57900100986363e-07,3.76864422797276e-18,0.0127500459953071,3.72275475683145,2.015258,481.549,2.015258,485.4836,1.938449,462.1224,"No issues","No issues","No issues"
100,10,2025-09-21,"low",2025-09-20 18:35:30,2025-09-20 18:45:10,2025-09-20 18:34:00,59,-1.68213881940397,2867.37942255989,0.921127468330879,0.982890201610365,3.99663716009475e-33,4.71190806688731e-52,0.000970175076879563,0.745659171477481,1.930023,464.7039,1.930191,487.4567,1.919044,464.7039,"No issues","No issues","No issues"
100,90,2025-09-19,"high",2025-09-19 08:40:20,2025-09-19 08:50:00,2025-09-19 08:38:50,59,0.60986280771475,-2205.2070957335,0.550755660794654,0.70203360833429,1.74404002606327e-11,1.28710673167917e-16,0.00108562347871661,2.83164839943057,1.907888,504.3393,1.910824,506.8641,1.905714,491.9061,"No issues","No issues","No issues"
101,10,2025-09-19,"high",2025-09-19 08:52:40,2025-09-19 09:02:20,2025-09-19 08:51:10,59,-0.220967368790253,-940.395980829943,0.463676618940269,0.336336430521037,2.94785911816644e-09,1.48156935237003e-06,0.000468402460224658,2.60365270748961,1.947753,453.9667,1.949469,454.0764,1.946752,443.5194,"No issues","No issues","No issues"
101,20,2025-09-21,"low",2025-09-20 18:48:00,2025-09-20 18:57:40,2025-09-20 18:46:30,59,-1.60929266160148,3389.26829596727,0.994505746446504,0.991162571170891,4.07991871836286e-66,3.12067729513102e-60,0.000235760469541933,0.630785531809842,1.922948,456.2271,1.922948,481.6161,1.91145,456.2271,"No issues","No issues","No issues"
102,20,2025-09-19,"high",2025-09-19 09:05:00,2025-09-19 09:14:40,2025-09-19 09:03:30,59,-0.257135186440804,87.9534326124873,0.583424676199524,0.00250447422403127,1.97360617274689e-12,0.706610527265269,0.000428253715437364,3.45967453618202,1.948383,450.5082,1.949611,457.1518,1.946745,443.2563,"No issues","No issues","No issues"
102,30,2025-09-21,"low",2025-09-20 19:00:30,2025-09-20 19:10:10,2025-09-20 18:59:00,59,-1.80822676797197,3280.98202969021,0.856931637886082,0.996982745280985,9.71397318460712e-26,1.55479497732619e-73,0.00145625310535995,0.355755214708541,1.924518,465.1644,1.928025,487.3746,1.915501,465.1644,"No issues","No issues","No issues"
103,30,2025-09-19,"high",2025-09-19 09:17:20,2025-09-19 09:27:00,2025-09-19 09:15:50,59,-0.277424794856857,-2210.11245447107,0.350979954004727,0.512541127907567,7.69312096951334e-07,1.8480686836421e-10,0.000743564126819986,4.24819318487626,1.94641,462.1353,1.947312,466.679,1.943274,442.5628,"No issues","No issues","No issues"
103,40,2025-09-21,"low",2025-09-20 19:13:00,2025-09-20 19:22:40,2025-09-20 19:11:30,59,-0.707210005844584,4660.88486265342,0.547839317978707,0.902998139784098,2.10248407234364e-11,1.46790854525616e-30,0.00126634911644115,3.01092705998048,1.921989,485.7136,1.921989,524.97,1.914703,485.7136,"No issues","No issues","No issues"
104,50,2025-09-21,"low",2025-09-20 19:25:30,2025-09-20 19:35:10,2025-09-20 19:24:00,59,-1.85914015195798,6786.3865697253,0.861005474890097,0.98946678433529,4.25450141899966e-26,4.64843562600606e-58,0.00147228971230468,1.38007830650857,1.925143,496.0788,1.929238,547.8718,1.916481,496.0788,"No issues","No issues","No issues"
105,60,2025-09-21,"low",2025-09-20 19:38:00,2025-09-20 19:47:40,2025-09-20 19:36:30,59,-2.47827265458799,4941.42869246052,0.892561470053878,0.991723245953154,2.71618131658747e-29,4.81784354459038e-61,0.00169470964973,0.889759364262259,1.919183,473.5609,1.924162,503.9182,1.907498,472.8348,"No issues","No issues","No issues"
106,70,2025-09-21,"low",2025-09-20 19:50:30,2025-09-20 20:00:10,2025-09-20 19:49:00,59,-3.78030702045595,5332.92385739332,0.91152759198804,0.987114674251809,1.06053508581376e-31,1.45390843286442e-55,0.00232130038586369,1.20092126896369,1.915605,471.8696,1.922306,502.2045,1.89776,468.4449,"No issues","No issues","No issues"
107,20,2025-09-19,"high",2025-09-19 10:19:20,2025-09-19 10:29:00,2025-09-19 10:16:00,59,0.308699473991788,1233.37787586206,0.499237652871311,0.953878801949498,4.03035756562377e-10,8.97764963010315e-40,0.000609373147455007,0.53454602153536,1.942822,441.9786,1.946819,449.1369,1.942412,441.0384,"No issues","No issues","No issues"
107,80,2025-09-21,"low",2025-09-20 20:03:00,2025-09-20 20:12:40,2025-09-20 20:01:30,59,-4.01377789830517,6589.35326335476,0.856473253138362,0.97379495031927,1.0643924357646e-25,8.94619674583285e-47,0.00323853139766207,2.13052572439331,1.916869,473.5799,1.926012,509.4372,1.89837,467.2759,"No issues","No issues","No issues"
108,30,2025-09-19,"high",2025-09-19 10:31:40,2025-09-19 10:41:20,2025-09-19 10:30:10,59,-1.14425261484517,128.028388544695,0.635901679294742,0.105004124911579,4.08333182707216e-14,0.012289263194367,0.00170655984291138,0.736713914481291,1.940184,443.1435,1.945272,443.1435,1.935861,439.0335,"No issues","No issues","No issues"
108,90,2025-09-21,"low",2025-09-20 20:15:30,2025-09-20 20:25:10,2025-09-20 20:14:00,59,5.32942518760951,3393.3460123904,0.93141584532069,0.938071596733415,7.4022498430657e-35,4.02121176371034e-36,0.00285039935285818,1.71846365158239,1.942874,468.9453,1.964541,483.7772,1.928837,461.4522,"No issues","No issues","No issues"
109,10,2025-09-21,"low",2025-09-20 20:28:00,2025-09-20 20:37:40,2025-09-20 20:26:30,59,-2.00546670718884,2219.22904313266,0.945435231430817,0.908491115954533,1.08607359553019e-37,2.77908642351401e-31,0.000949600600975775,1.38822119581245,1.924588,466.3453,1.925947,473.6889,1.91347,458.5131,"No issues","No issues","No issues"
109,40,2025-09-19,"high",2025-09-19 10:44:00,2025-09-19 10:53:40,2025-09-19 10:42:30,59,1.59856512448859,-1763.16278012859,0.323805641871746,0.0475243662486468,2.5689495933523e-06,0.0971793978297318,0.00455312062361414,15.5577373744582,1.94266,442.2368,1.961844,534.9626,1.940588,433.915,"No issues","No issues","No issues"
110,20,2025-09-21,"low",2025-09-20 20:40:30,2025-09-20 20:50:10,2025-09-20 20:39:00,59,-1.38923928462897,2630.17057066042,0.88788987273877,0.947217868795718,9.15950018956686e-29,4.21057120002679e-38,0.00097298284631161,1.22373587053307,1.921033,466.302,1.924358,478.6352,1.915031,461.5055,"No issues","No issues","No issues"
110,50,2025-09-19,"high",2025-09-19 10:56:20,2025-09-19 11:06:00,2025-09-19 10:54:50,59,-3.94282486499127,8058.05706697837,0.0790322533203677,0.177214885204064,0.0310151420806526,0.000899923075813247,0.0265285047080325,34.2222618070058,1.947647,442.5546,1.972015,586.6316,1.843778,434.8985,"No issues","No issues","No issues"
111,30,2025-09-21,"low",2025-09-20 20:53:00,2025-09-20 21:02:40,2025-09-20 20:51:30,59,-1.94067024196375,2517.89672472237,0.845654759699087,0.858485445479087,8.49620761517e-25,7.1098052727086e-26,0.0016341317751196,2.01491743740988,1.921902,467.6247,1.927148,475.8948,1.913604,458.1262,"No issues","No issues","No issues"
111,60,2025-09-19,"high",2025-09-19 11:08:40,2025-09-19 11:18:20,2025-09-19 11:07:10,59,0.906998012857899,3.42514646404997,0.253547585946343,0.000192299820582222,4.79842715619409e-05,0.916977239449809,0.00306734704442034,0.486780534047093,1.945613,440.0641,1.958946,440.9102,1.944551,438.0261,"No issues","No issues","No issues"
112,40,2025-09-21,"low",2025-09-20 21:05:30,2025-09-20 21:15:10,2025-09-20 21:04:00,59,-0.26142135359451,1.01367247222703,0.358287752831088,4.12624062094581e-07,5.51881727760859e-07,0.996147448800908,0.000689573395994378,3.11032337718134,1.924118,478.498,1.92505,478.498,1.921918,461.853,"No issues","No issues","No issues"
112,70,2025-09-19,"high",2025-09-19 11:21:00,2025-09-19 11:30:40,2025-09-19 11:19:30,59,4.72678241028633,-176.180153828172,0.957324460408014,0.389157880547593,9.80263680947433e-41,1.30351990263638e-07,0.00196702916814849,0.4350546493809,1.942968,438.3067,1.97481,438.7541,1.942195,436.4038,"No issues","No issues","No issues"
113,50,2025-09-21,"low",2025-09-20 21:18:00,2025-09-20 21:27:40,2025-09-20 21:16:30,59,-2.32640963179435,5466.90834178841,0.958330125154976,0.91492764110818,4.96539093708641e-41,3.4649281372671e-32,0.000956147671049766,3.28570003517854,1.923252,478.581,1.924669,498.2617,1.910288,461.1192,"No issues","No issues","No issues"
113,80,2025-09-19,"high",2025-09-19 11:33:20,2025-09-19 11:43:00,2025-09-19 11:31:50,59,4.94765989479832,256.809027703095,0.934902214814706,0.449821514850916,1.67047816345457e-35,6.18497362932589e-09,0.00257326851874179,0.559792702609725,1.942321,438.9127,1.976908,440.1884,1.941599,436.9781,"No issues","No issues","No issues"
114,60,2025-09-21,"low",2025-09-20 21:30:30,2025-09-20 21:40:10,2025-09-20 21:29:00,59,-2.72169442898895,4601.28249678548,0.879519311872175,0.917871763897028,7.16340477429456e-28,1.26790523847169e-32,0.0019854577533897,2.71281011981152,1.917568,477.1866,1.923567,495.1209,1.90511,464.444,"No issues","No issues","No issues"
114,90,2025-09-19,"high",2025-09-19 11:45:40,2025-09-19 11:55:20,2025-09-19 11:44:10,59,-0.361727158386957,748.073317592046,0.0722053639414662,0.718258166204775,0.0396036441580417,2.58153566433574e-17,0.00255568645478637,0.923453014441627,1.941561,441.4856,1.950025,444.1034,1.941059,437.7654,"No issues","No issues","No issues"
115,10,2025-09-19,"high",2025-09-19 11:58:00,2025-09-19 12:07:40,2025-09-19 11:56:30,59,0.888068282875478,2496.72741180595,0.570094251178044,0.971373668988625,4.89635169402989e-12,1.11175791958294e-45,0.00152000463279433,0.844784752868258,1.941595,439.8766,1.949474,453.8362,1.94088,437.3711,"No issues","No issues","No issues"
115,70,2025-09-21,"low",2025-09-20 21:43:00,2025-09-20 21:52:40,2025-09-20 21:41:30,59,-3.68897550438351,4716.9992135593,0.88784593889695,0.928803869260587,9.26257273213851e-29,2.15070379310269e-34,0.00258422143023934,2.57405159802483,1.91384,477.7874,1.921764,497.8806,1.897312,466.6559,"No issues","No issues","No issues"
116,20,2025-09-19,"high",2025-09-19 12:10:20,2025-09-19 12:20:00,2025-09-19 12:08:50,59,2.30593873991815,1207.62254587959,0.615285098327479,0.87711247231377,1.99310773969932e-13,1.26042585958444e-27,0.00359388625620972,0.890928248383766,1.941476,440.4245,1.961391,446.2444,1.941135,437.8845,"No issues","No issues","No issues"
116,80,2025-09-21,"low",2025-09-20 21:55:30,2025-09-20 22:05:10,2025-09-20 21:54:00,59,-3.73322179777909,5725.54656504966,0.783068959442529,0.914207692930657,1.43995759253956e-20,4.40722500406117e-32,0.00387284302687529,3.45703634272501,1.9082,496.5615,1.920993,522.6808,1.893681,484.2458,"No issues","No issues","No issues"
117,30,2025-09-19,"high",2025-09-19 12:22:40,2025-09-19 12:32:20,2025-09-19 12:21:10,59,-1.33912576972536,1660.98571595557,0.822926692083638,0.93606885294432,4.31728260479872e-23,9.97123256103657e-36,0.00122434158228322,0.855565975659473,1.941212,439.7999,1.943744,448.6033,1.934127,437.3451,"No issues","No issues","No issues"
117,90,2025-09-21,"low",2025-09-20 22:08:00,2025-09-20 22:17:40,2025-09-20 22:06:30,59,4.76690059146693,3073.98394015194,0.963606955217985,0.9199225501552,1.0444666033691e-42,6.16063489867374e-33,0.0018259151188637,1.78758349167221,1.934982,477.2599,1.957588,491.2036,1.926623,469.9567,"No issues","No issues","No issues"
118,10,2025-09-21,"low",2025-09-20 22:20:30,2025-09-20 22:30:10,2025-09-20 22:19:00,59,-2.16687362244303,2434.57935149034,0.953666860870615,0.988024872394957,1.02319128788123e-39,1.80139557442485e-56,0.000941383010615407,0.528281408291329,1.920133,484.4313,1.920563,502.9161,1.906976,484.4313,"No issues","No issues","No issues"
118,40,2025-09-19,"high",2025-09-19 12:35:00,2025-09-19 12:44:40,2025-09-19 12:33:30,59,1.4160954950321,1177.32487855054,0.867221885172525,0.829432421793072,1.1508479459498e-26,1.47998033085858e-23,0.00109213401147577,1.05229938278687,1.941284,441.45,1.951856,445.8553,1.940539,437.5244,"No issues","No issues","No issues"
119,20,2025-09-21,"low",2025-09-20 22:33:00,2025-09-20 22:42:40,2025-09-20 22:31:30,59,-1.49881478433672,2824.37070438338,0.971048365734052,0.964325455231082,1.53440919225891e-45,5.91465953302895e-43,0.000510092967283521,1.07071616421857,1.913845,498.9447,1.913845,523.6396,1.904446,498.9447,"No issues","No issues","No issues"
119,50,2025-09-19,"high",2025-09-19 12:47:20,2025-09-19 12:57:00,2025-09-19 12:45:50,59,4.43393741203974,-284.540700876703,0.985703425317133,0.473361757356979,2.81339053124481e-54,1.73683012330040e-09,0.00105248927912938,0.591547012717417,1.945562,439.3519,1.971841,439.3904,1.942023,435.0774,"No issues","No issues","No issues"
120,30,2025-09-21,"low",2025-09-20 22:45:30,2025-09-20 22:55:10,2025-09-20 22:44:00,59,-1.95507646990072,2367.95222630039,0.855825640428511,0.908251967914086,1.21054941337128e-25,2.9940690819853e-31,0.00158161353870113,1.48338334238459,1.915884,490.0349,1.920145,505.739,1.906541,489.0173,"No issues","No issues","No issues"
120,60,2025-09-19,"high",2025-09-19 12:59:40,2025-09-19 13:09:20,2025-09-19 12:58:10,59,6.72441151139678,475.594278901225,0.944918206500666,0.732063998721546,1.4213558490661e-37,6.11017827655216e-18,0.00319997412990218,0.567104233149734,1.946678,439.2984,1.992858,441.0465,1.945508,436.6731,"No issues","No issues","No issues"
121,40,2025-09-21,"low",2025-09-20 22:58:00,2025-09-20 23:07:40,2025-09-20 22:56:30,59,-0.140284109877342,1708.06513150201,0.068752386843921,0.504353392113052,0.0448341281843629,2.99344934060581e-10,0.00101761250137777,3.33740013860176,1.915743,500.3998,1.915743,522.6106,1.911038,500.3998,"No issues","No issues","No issues"
121,70,2025-09-19,"high",2025-09-19 13:12:00,2025-09-19 13:21:40,2025-09-19 13:10:30,59,4.83717949269433,-6.78924231444832,0.984405704492507,0.00019789608022181,3.34902577825593e-53,0.91578216423454,0.00119997798499813,0.951141197272461,1.947161,437.7687,1.975144,438.4513,1.942342,434.466,"No issues","No issues","No issues"
122,50,2025-09-21,"low",2025-09-20 23:10:30,2025-09-20 23:20:10,2025-09-20 23:09:00,59,-2.21068867329053,5779.67184757451,0.926922009976774,0.995359230794396,4.52809757013076e-34,3.31808767477072e-68,0.00122344525829811,0.777845778010151,1.91707,492.0071,1.917926,528.1937,1.903813,491.9748,"No issues","No issues","No issues"
122,80,2025-09-19,"high",2025-09-19 13:24:20,2025-09-19 13:34:00,2025-09-19 13:22:50,59,4.82130734307417,249.94277779075,0.970431395881077,0.371653958397886,2.7994321976878e-45,2.97860340769128e-07,0.0016587581351156,0.640554238141694,1.945879,439.8177,1.974302,439.9891,1.941501,436.8241,"No issues","No issues","No issues"
123,60,2025-09-21,"low",2025-09-20 23:23:00,2025-09-20 23:32:40,2025-09-20 23:21:30,59,-3.03019242080661,5608.48254354176,0.955487823464937,0.911327414460082,3.26054171974328e-40,1.13121305274361e-31,0.00128908721453046,3.44816546173631,1.907719,523.9605,1.907719,577.8879,1.887327,523.9605,"No issues","No issues","No issues"
123,90,2025-09-19,"high",2025-09-19 13:36:40,2025-09-19 13:46:20,2025-09-19 13:35:10,59,-0.615653274108771,917.483973348908,0.409115283892722,0.854854705484192,4.94238314139566e-08,1.46654327790228e-25,0.00145831041022945,0.745142046724219,1.941453,439.5223,1.944908,443.9576,1.938553,436.9224,"No issues","No issues","No issues"
124,10,2025-09-19,"high",2025-09-19 13:49:00,2025-09-19 13:58:40,2025-09-19 13:47:30,59,1.26402493044995,2236.27877779075,0.734396758438108,0.951995781667776,4.75509937617249e-18,2.81107848389098e-39,0.00149827732189394,0.989767953043754,1.942171,441.6158,1.950716,452.0478,1.940085,436.7824,"No issues","No issues","No issues"
124,70,2025-09-21,"low",2025-09-20 23:35:30,2025-09-20 23:45:10,2025-09-20 23:34:00,59,-3.55051887317363,3422.53052857976,0.887014383395777,0.84506426357929,1.14382572576597e-28,9.47619629173779e-25,0.00249760256039635,2.88844112178121,1.898686,534.9293,1.90546,553.8367,1.881681,529.9257,"No issues","No issues","No issues"
125,20,2025-09-19,"high",2025-09-19 14:01:20,2025-09-19 14:11:00,2025-09-19 13:59:50,59,1.57845225482168,1297.96195160723,0.664489814656397,0.913197982782155,3.88886960609907e-15,6.15486147753274e-32,0.00221067752793642,0.788732352964691,1.943399,441.0591,1.954746,446.5397,1.940616,437.5548,"No issues","No issues","No issues"
125,80,2025-09-21,"low",2025-09-20 23:48:00,2025-09-20 23:57:40,2025-09-20 23:46:30,59,-3.66759466043252,5517.66771057859,0.78811598272128,0.914831698267722,7.33911617174541e-21,3.57822188509194e-32,0.00374818156251407,3.31825066876787,1.909287,496.4046,1.922767,517.3384,1.896001,480.6707,"No issues","No issues","No issues"
126,30,2025-09-19,"high",2025-09-19 14:13:40,2025-09-19 14:23:20,2025-09-19 14:12:10,59,-1.42965792168329,494.351057393327,0.895790998349292,0.665859149737662,1.13616523935638e-29,3.45762902816241e-15,0.000961095761821972,0.690230783875027,1.939442,439.7841,1.940764,441.4942,1.931253,436.6548,"No issues","No issues","No issues"
126,90,2025-09-21,"low",2025-09-21 00:00:30,2025-09-21 00:10:10,2025-09-20 23:59:00,59,3.86770635184098,3482.69992285212,0.933494535731231,0.983490554382745,3.07576413145216e-35,1.70202258777609e-52,0.00203475219142687,0.889369969908186,1.933134,479.3704,1.949978,497.7972,1.923916,474.9676,"No issues","No issues","No issues"
127,10,2025-09-21,"low",2025-09-21 00:13:00,2025-09-21 00:22:40,2025-09-21 00:11:30,59,-1.98439692343664,1857.9006073641,0.912386924736036,0.870239581497784,8.02636037737119e-32,5.96679740188195e-27,0.00121201707254599,1.41403264417265,1.911358,498.6747,1.91395,506.4384,1.900909,493.0055,"No issues","No issues","No issues"
127,40,2025-09-19,"high",2025-09-19 14:26:00,2025-09-19 14:35:40,2025-09-19 14:24:30,59,0.912968752776067,901.95449491525,0.9605535267401,0.852138082393694,1.03936602759862e-41,2.49161027370072e-25,0.000364656933132667,0.740530692953396,1.940869,439.3789,1.945526,443.2798,1.93895,435.8481,"No issues","No issues","No issues"
128,20,2025-09-21,"low",2025-09-21 00:25:30,2025-09-21 00:35:10,2025-09-21 00:24:00,59,-1.6427467819989,3144.17427001751,0.995034736205539,0.937514714727302,2.27770982528001e-67,5.19141413871744e-36,0.000228721991546389,1.59989579832463,1.913999,497.3796,1.914781,521.8746,1.903468,496.1483,"No issues","No issues","No issues"
128,50,2025-09-19,"high",2025-09-19 14:38:20,2025-09-19 14:48:00,2025-09-19 14:36:50,59,4.6945664710695,-436.411500175335,0.987149915652735,0.673406323141316,1.34471728973171e-55,1.79340690708764e-15,0.00105570403618034,0.599027463692883,1.945573,438.6496,1.972446,438.6496,1.940865,434.1223,"No issues","No issues","No issues"
129,30,2025-09-21,"low",2025-09-21 00:38:00,2025-09-21 00:47:40,2025-09-21 00:36:30,59,-2.08948729865588,2507.5794739918,0.907070915907543,0.983614083679649,4.31368595244308e-31,1.37397522307279e-52,0.00131819663713883,0.637915213692529,1.911203,501.2896,1.914082,517.4462,1.90009,501.225,"No issues","No issues","No issues"
129,60,2025-09-19,"high",2025-09-19 14:50:40,2025-09-19 15:00:20,2025-09-19 14:49:10,59,6.37213381648155,619.092256691978,0.926279603676837,0.855057427568355,5.8128789118225e-34,1.40911364680537e-25,0.00354317761965923,0.502389980123233,1.948719,437.9378,1.986302,441.9253,1.944522,436.8746,"No issues","No issues","No issues"
130,40,2025-09-21,"low",2025-09-21 00:50:30,2025-09-21 01:00:10,2025-09-21 00:49:00,59,0.288690627703023,-1276.76834973701,0.599634607981029,0.666968573167652,6.28605282644896e-13,3.14246499700031e-15,0.000464946369539341,1.77822736097859,1.920112,484.3162,1.923732,484.3162,1.920112,468.2406,"No issues","No issues","No issues"
130,70,2025-09-19,"high",2025-09-19 15:03:00,2025-09-19 15:12:40,2025-09-19 15:01:30,59,4.86137199766212,158.634136762127,0.987868003256397,0.161786381286177,2.61052731415948e-56,0.00158857878316778,0.00106184418867259,0.711685769312304,1.946636,438.2538,1.974935,439.0793,1.942166,435.6012,"No issues","No issues","No issues"
131,50,2025-09-21,"low",2025-09-21 01:03:00,2025-09-21 01:12:40,2025-09-21 01:01:30,59,-2.2699017089422,4733.405164699,0.876040001421488,0.857673823678072,1.61556656600113e-27,8.37220358925069e-26,0.001682949641882,3.80049573916252,1.918619,484.4602,1.924236,498.4713,1.90881,465.4672,"No issues","No issues","No issues"
132,60,2025-09-21,"low",2025-09-21 01:15:30,2025-09-21 01:25:10,2025-09-21 01:14:00,59,-2.34980327761547,3224.54424687314,0.723882518357822,0.488014300751017,1.44768724463042e-17,7.66148446115433e-10,0.00286041909964018,6.50977889513935,1.912667,498.7575,1.925933,498.7575,1.908071,460.8027,"No issues","No issues","No issues"
132,90,2025-09-19,"high",2025-09-19 15:56:00,2025-09-19 15:59:50,2025-09-19 15:54:30,24,2.16761446956505,768.964132173868,0.640201077727693,0.584528541975396,2.68917718779412e-06,1.36224857733596e-05,0.00130191708682236,0.51940171067775,1.938381,438.0064,1.944125,441.4436,1.938138,438.0064,"No issues","No issues","No issues"
132,90,2025-09-20,"high",2025-09-19 16:00:00,2025-09-19 16:05:40,2025-09-19 15:54:30,35,-1.2700630588235,1265.35220168067,0.988337037353362,0.938536408469876,1.75445096901715e-33,1.46067887185127e-21,0.00016127369440108,0.378513325249607,1.942942,441.0864,1.942942,446.5602,1.937683,440.9388,"No issues","No issues","No issues"
133,10,2025-09-20,"high",2025-09-19 16:08:20,2025-09-19 16:18:00,2025-09-19 16:06:50,59,1.25512184219752,1901.65748591465,0.79741236256268,0.885378823263218,2.0317679752601e-21,1.72438398477616e-28,0.00124691293906094,1.34860703275361,1.942745,442.5483,1.95002,451.5732,1.939725,437.5426,"No issues","No issues","No issues"
133,70,2025-09-21,"low",2025-09-21 01:28:00,2025-09-21 01:37:40,2025-09-21 01:26:30,59,-3.72068294097022,4346.07260128578,0.821087981756443,0.794117423393387,5.80148708414819e-23,3.22422524884091e-21,0.00342320438085761,4.36163850742782,1.912304,485.0696,1.925033,493.6905,1.898624,462.63,"No issues","No issues","No issues"
134,20,2025-09-20,"high",2025-09-19 16:20:40,2025-09-19 16:30:20,2025-09-19 16:19:10,59,1.48130451899475,1295.50821180594,0.72685913248691,0.946015381651309,1.06088505044064e-17,8.00618755619953e-38,0.00178977245828826,0.609974030537621,1.942473,439.7575,1.95267,446.7319,1.939897,437.6964,"No issues","No issues","No issues"
134,80,2025-09-21,"low",2025-09-21 01:40:30,2025-09-21 01:50:10,2025-09-21 01:39:00,59,-3.68036681239052,5428.75135476329,0.776840365519306,0.891974528435547,3.23882488941193e-20,3.17344121831375e-29,0.00388792869223063,3.72367754886896,1.915476,493.0316,1.929292,514.5277,1.902116,476.8794,"No issues","No issues","No issues"
135,30,2025-09-20,"high",2025-09-19 16:33:00,2025-09-19 16:42:40,2025-09-19 16:31:30,59,-1.3775770520164,971.059042898872,0.814417699514587,0.913182132475639,1.65311879719698e-22,6.18702478317116e-32,0.0012961218478655,0.59014230389177,1.938862,439.1727,1.941989,444.6184,1.931705,437.0247,"No issues","No issues","No issues"
135,90,2025-09-21,"low",2025-09-21 01:53:00,2025-09-21 02:02:40,2025-09-21 01:51:30,59,3.76656886499115,1885.52098562242,0.982846853494183,0.481443893829014,5.06436318491043e-52,1.10891226828592e-09,0.000980754120133656,3.85692915512457,1.921897,511.4633,1.941289,512.9984,1.916274,495.0079,"No issues","No issues","No issues"
136,10,2025-09-21,"low",2025-09-21 02:05:30,2025-09-21 02:15:10,2025-09-21 02:04:00,59,-2.01159903682062,1520.75523366449,0.844741370675574,0.524078082857961,1.00573124831788e-24,9.24089810334167e-11,0.00169977981377701,2.85636978265188,1.919163,471.8725,1.925538,471.8725,1.91152,455.2165,"No issues","No issues","No issues"
136,40,2025-09-20,"high",2025-09-19 16:45:20,2025-09-19 16:55:00,2025-09-19 16:43:50,59,0.808748942139024,1361.81735873758,0.957276716470376,0.93669241095207,1.01202915594964e-40,7.53863763574651e-36,0.000336753831585117,0.697804086832685,1.941028,440.275,1.945311,446.7335,1.939591,437.5839,"No issues","No issues","No issues"
137,20,2025-09-21,"low",2025-09-21 02:18:00,2025-09-21 02:27:40,2025-09-21 02:16:30,59,-1.38582923670381,1980.43302676795,0.898602339225028,0.75779420201412,5.20335570691801e-30,3.38266293120702e-19,0.000917540348828899,2.20679527422131,1.914816,482.4219,1.918427,484.2928,1.909182,469.8603,"No issues","No issues","No issues"
137,50,2025-09-20,"high",2025-09-19 16:57:40,2025-09-19 17:07:20,2025-09-19 16:56:10,59,4.20249902980706,679.869329281121,0.985955055700633,0.853444807073938,1.69584119053874e-54,1.93325626719808e-25,0.000988608476300516,0.555294780783417,1.944801,439.5315,1.96963,442.7937,1.94144,437.3544,"No issues","No issues","No issues"
138,30,2025-09-21,"low",2025-09-21 02:30:30,2025-09-21 02:40:10,2025-09-21 02:29:00,59,-1.85875738632388,1734.23660549386,0.737437282543313,0.635088854244563,3.41817023543525e-18,4.35390700904014e-14,0.0021860593465448,2.59101498156541,1.913307,489.2024,1.920894,492.9835,1.906702,478.4868,"No issues","No issues","No issues"
138,60,2025-09-20,"high",2025-09-19 17:10:00,2025-09-19 17:19:40,2025-09-19 17:08:30,59,17.7250963413209,2700.45760187024,0.993788398603239,0.988997852339558,1.34805301562661e-64,1.60888974366115e-57,0.00276203189313946,0.561388717273551,1.95237,439.3473,2.057379,456.2863,1.945896,439.2224,"No issues","No issues","No issues"
139,40,2025-09-21,"low",2025-09-21 02:43:00,2025-09-21 02:52:40,2025-09-21 02:41:30,59,0.596131216832231,-1433.13528182351,0.76887513730527,0.837939936227751,8.84328795894804e-20,3.42645521936706e-24,0.000644202706833162,1.24223568945425,1.920185,474.6707,1.922849,476.1286,1.918333,466.4738,"No issues","No issues","No issues"
139,70,2025-09-20,"high",2025-09-19 17:22:20,2025-09-19 17:32:00,2025-09-19 17:20:50,59,3.20753864640558,2119.79905458795,0.948091060166812,0.978943462645409,2.61620828410411e-38,1.75020594636277e-49,0.0014792896136498,0.612765947656492,1.951619,441.6576,1.964944,453.7122,1.942365,439.7841,"No issues","No issues","No issues"
140,50,2025-09-21,"low",2025-09-21 02:55:30,2025-09-21 03:05:10,2025-09-21 02:54:00,59,-2.1249047340737,3575.95546744593,0.782569755021967,0.62587336919408,1.53791594662388e-20,8.92457861223518e-14,0.00220761414743024,5.44933407319763,1.911295,506.7719,1.916372,518.5403,1.90058,488.3831,"No issues","No issues","No issues"
140,80,2025-09-20,"high",2025-09-19 17:34:40,2025-09-19 17:44:20,2025-09-19 17:33:10,59,4.34338859614251,3205.00072846288,0.981679779748108,0.991042487754297,3.307504349721e-51,4.58486431731094e-60,0.00116948421862692,0.600566298215404,1.944197,440.2982,1.970231,459.9171,1.941095,439.8836,"No issues","No issues","No issues"
141,60,2025-09-21,"low",2025-09-21 03:08:00,2025-09-21 03:17:40,2025-09-21 03:06:30,59,-2.68848471303345,4089.66522501459,0.916461388610184,0.9720947629766,2.06138458889476e-32,5.37125125881833e-46,0.001599850375684,1.36571969139587,1.915828,480.2437,1.91956,501.6323,1.901939,475.5464,"No issues","No issues","No issues"
141,90,2025-09-20,"high",2025-09-19 17:47:00,2025-09-19 17:56:40,2025-09-19 17:45:30,59,-0.971508161309222,2305.04070508475,0.743555925822749,0.97534537946623,1.73871407062908e-18,1.57193662060907e-47,0.00112453046158635,0.722326921208074,1.940376,442.4875,1.94278,455.5789,1.935116,440.3657,"No issues","No issues","No issues"
142,10,2025-09-20,"high",2025-09-19 17:59:20,2025-09-19 18:09:00,2025-09-19 17:57:50,59,0.980013334891797,2237.11121729981,0.555780489332719,0.977441275210195,1.26030541263866e-11,1.2483818005814e-48,0.00172688893932254,0.669861114563853,1.943186,445.6881,1.951055,457.7476,1.941524,443.8329,"No issues","No issues","No issues"
142,70,2025-09-21,"low",2025-09-21 03:20:30,2025-09-21 03:30:10,2025-09-21 03:19:00,59,-3.72820999181769,4435.4467609585,0.908075925939482,0.941060686093778,3.16248720383958e-31,9.80333701800647e-37,0.00233797128797137,2.18784398834587,1.915289,473.4325,1.922546,492.1462,1.898012,462.0293,"No issues","No issues","No issues"
143,20,2025-09-20,"high",2025-09-19 18:11:40,2025-09-19 18:21:20,2025-09-19 18:10:10,59,0.830398933956732,2647.5607546464,0.604982458577838,0.981046711546666,4.26686452325292e-13,8.71206886736941e-51,0.00132254006985635,0.725318298766213,1.942025,445.3142,1.947987,460.956,1.940357,443.7507,"No issues","No issues","No issues"
143,80,2025-09-21,"low",2025-09-21 03:33:00,2025-09-21 03:42:40,2025-09-21 03:31:30,59,-3.67822524371718,5364.79455008766,0.808680409178849,0.910395569433234,3.95028664519694e-22,1.52458469696518e-31,0.00352626411611814,3.31732503125814,1.913846,484.3863,1.924707,506.606,1.898176,470.4334,"No issues","No issues","No issues"
144,30,2025-09-20,"high",2025-09-19 18:24:00,2025-09-19 18:33:40,2025-09-19 18:22:30,59,-1.20533605143199,2432.80691431911,0.716031786472636,0.989333313570799,3.23553094028826e-17,6.65562494212947e-58,0.00149610514503547,0.497893372557549,1.939566,446.6143,1.944525,464.4587,1.934939,446.6143,"No issues","No issues","No issues"
144,90,2025-09-21,"low",2025-09-21 03:45:30,2025-09-21 03:55:10,2025-09-21 03:44:00,59,3.42915489888946,2597.85510227936,0.989853857536435,0.764926208628459,1.59887391985584e-58,1.43672521968263e-19,0.000684285437404489,2.83852364297853,1.93021,475.5713,1.949488,480.2656,1.927293,461.4347,"No issues","No issues","No issues"
145,10,2025-09-21,"low",2025-09-21 03:58:00,2025-09-21 04:07:40,2025-09-21 03:56:30,59,-2.2552207784922,1874.57338351839,0.888241980918084,0.89278364927567,8.37247095688223e-29,2.56026084661457e-29,0.00157669619913049,1.2803983313531,1.920028,467.0206,1.924121,475.3099,1.909121,461.9349,"No issues","No issues","No issues"
145,40,2025-09-20,"high",2025-09-19 18:36:20,2025-09-19 18:46:00,2025-09-19 18:34:50,59,0.533511163062547,2277.07886756281,0.91524585907825,0.982681053656784,3.11341025150844e-32,6.66229414924918e-52,0.000319992901372427,0.595823696104167,1.941287,447.2004,1.944662,461.9583,1.94054,445.733,"No issues","No issues","No issues"
146,20,2025-09-21,"low",2025-09-21 04:10:30,2025-09-21 04:20:10,2025-09-21 04:09:00,59,-1.13461429339575,2122.45978071303,0.736279763825077,0.844618609332477,3.87762559838005e-18,1.0287149716285e-24,0.0013383934502272,1.79429523965092,1.921335,468.6062,1.927397,474.9255,1.918817,459.967,"No issues","No issues","No issues"
146,50,2025-09-20,"high",2025-09-19 18:48:40,2025-09-19 18:58:20,2025-09-19 18:47:10,59,3.07253801519568,2318.45800397428,0.977110562899128,0.984848462437559,1.89040351295681e-48,1.47338483581539e-53,0.000926890057468684,0.566797776486951,1.94613,449.8905,1.96378,467.367,1.942897,449.8905,"No issues","No issues","No issues"
147,30,2025-09-21,"low",2025-09-21 04:23:00,2025-09-21 04:32:40,2025-09-21 04:21:30,59,-2.08225514903574,2259.1875534775,0.833815490411486,0.891897347492808,7.02971925770335e-24,3.23883376085377e-29,0.00183222789796021,1.55023765706597,1.92101,469.1191,1.927717,477.5511,1.913103,462.1261,"No issues","No issues","No issues"
147,60,2025-09-20,"high",2025-09-19 19:01:00,2025-09-19 19:10:40,2025-09-19 18:59:30,59,14.2627766686148,3103.06387749854,0.985078984344885,0.989872263068045,9.51710757879209e-54,1.51822736483022e-58,0.00345981601352467,0.618646557556142,1.960466,453.6935,2.039088,473.2815,1.948144,452.1269,"No issues","No issues","No issues"
148,40,2025-09-21,"low",2025-09-21 04:35:30,2025-09-21 04:45:10,2025-09-21 04:34:00,59,-0.332812194038626,493.038393454111,0.357455358027704,0.167122333457356,5.73263060687539e-07,0.00130611228124248,0.000879478514677373,2.16939861712548,1.923358,477.2644,1.928123,477.2644,1.923358,464.8175,"No issues","No issues","No issues"
148,70,2025-09-20,"high",2025-09-19 19:13:20,2025-09-19 19:23:00,2025-09-19 19:11:50,59,2.43731925657502,2868.99446125073,0.952960132461331,0.988988042757059,1.57572894220352e-39,1.65028596366046e-57,0.00106731682401345,0.596694045661773,1.947869,450.764,1.958616,468.2703,1.941722,450.073,"No issues","No issues","No issues"
149,50,2025-09-21,"low",2025-09-21 04:48:00,2025-09-21 04:57:40,2025-09-21 04:46:30,59,-2.13626348100539,5017.96374143774,0.831335039060913,0.921762196596376,1.07383464498418e-23,3.17351338275743e-33,0.00189655073517244,2.88145375113504,1.921571,474.4218,1.928771,494.8228,1.913861,461.3723,"No issues","No issues","No issues"
149,80,2025-09-20,"high",2025-09-19 19:25:40,2025-09-19 19:35:20,2025-09-19 19:24:10,59,4.19709132904729,3118.78170894211,0.983080570267804,0.988016361237927,3.42507296940487e-52,1.83825110049318e-56,0.00108525546191034,0.676990417204823,1.944064,451.3438,1.969098,470.6718,1.941013,449.7783,"No issues","No issues","No issues"
150,60,2025-09-21,"low",2025-09-21 05:00:30,2025-09-21 05:10:10,2025-09-21 04:59:00,59,-2.62320297369969,4307.60914926942,0.851638341874243,0.913338050317676,2.74387807691436e-25,5.87756406185723e-32,0.00215799477504036,2.61529088009468,1.920139,475.2601,1.929076,490.1621,1.910983,461.7196,"No issues","No issues","No issues"
150,90,2025-09-20,"high",2025-09-19 19:38:00,2025-09-19 19:47:40,2025-09-19 19:36:30,59,-0.968731343074267,2050.74010520162,0.713770011991681,0.973000128471904,4.06251505700992e-17,2.09722891826508e-46,0.00120911337487878,0.673318087642403,1.938932,452.8969,1.942445,464.9132,1.934421,452.2345,"No issues","No issues","No issues"
151,10,2025-09-20,"high",2025-09-19 19:50:20,2025-09-19 20:00:00,2025-09-19 19:48:50,59,0.645265599064845,2043.35287995324,0.429265889246996,0.966906872733257,1.79801693945622e-08,6.94514943253186e-44,0.00146648455634604,0.745083956179816,1.943308,455.7489,1.947746,467.6246,1.940616,453.3116,"No issues","No issues","No issues"
151,70,2025-09-21,"low",2025-09-21 05:13:00,2025-09-21 05:22:40,2025-09-21 05:11:30,59,-3.64521751490358,4978.21191443599,0.882585946522553,0.966551891225753,3.429791680585e-28,9.41500659041148e-44,0.00262053667180612,1.82528982278817,1.921081,467.9704,1.929895,491.7004,1.905614,459.644,"No issues","No issues","No issues"
152,20,2025-09-20,"high",2025-09-19 20:02:40,2025-09-19 20:12:20,2025-09-19 20:01:10,59,0.714837545295051,2249.17085961426,0.464225848647712,0.976307892359652,2.86144327322237e-09,5.0504659401585e-48,0.00151362687574335,0.690583429218486,1.941977,454.8985,1.947891,467.2641,1.94049,453.0175,"No issues","No issues","No issues"
152,80,2025-09-21,"low",2025-09-21 05:25:30,2025-09-21 05:35:10,2025-09-21 05:24:00,59,-3.68524126709528,5897.46832495616,0.79352349434133,0.948088839550115,3.50135289838583e-21,2.61940281045484e-38,0.00370515694010157,2.71992372357019,1.920811,473.3401,1.934024,499.3266,1.907346,461.1371,"No issues","No issues","No issues"
153,30,2025-09-20,"high",2025-09-19 20:15:00,2025-09-19 20:24:40,2025-09-19 20:13:30,59,-1.4773102232613,2147.39191209817,0.846596262247079,0.941393719528816,7.13279906026111e-25,8.3399552711239e-37,0.00123947210481108,1.05604640094702,1.938268,455.6685,1.941911,466.4382,1.931496,451.6261,"No issues","No issues","No issues"
153,90,2025-09-21,"low",2025-09-21 05:38:00,2025-09-21 05:47:40,2025-09-21 05:36:30,59,2.90231486616007,2897.28063962593,0.980011750097154,0.926701643020514,3.96655282356513e-50,4.93438967163474e-34,0.000816961379985652,1.60602748816363,1.9348,470.4439,1.950091,482.7849,1.930871,463.7011,"No issues","No issues","No issues"
154,10,2025-09-21,"low",2025-09-21 05:50:30,2025-09-21 06:00:10,2025-09-21 05:49:00,59,-2.3452383682058,1856.1307960257,0.878685948554179,0.869954157811442,8.72242038583071e-28,6.35338905914281e-27,0.00171755621313194,1.41447046838459,1.923898,465.5571,1.929646,471.4994,1.913916,458.3944,"No issues","No issues","No issues"
154,40,2025-09-20,"high",2025-09-19 20:27:20,2025-09-19 20:37:00,2025-09-19 20:25:50,59,0.254593178258301,1833.04987679718,0.801810375164113,0.960437991150899,1.08409339081522e-21,1.12977805049742e-41,0.000249480520323922,0.733270209231957,1.940051,454.178,1.941737,464.0761,1.939596,452.245,"No issues","No issues","No issues"
155,20,2025-09-21,"low",2025-09-21 06:03:00,2025-09-21 06:12:40,2025-09-21 06:01:30,59,-1.22325887551143,2116.39365236703,0.832376963930884,0.889489244695255,8.99452137914656e-24,6.07641223913172e-29,0.00108195813587151,1.47032597556468,1.927911,461.5622,1.932507,468.8713,1.923986,454.7121,"No issues","No issues","No issues"
155,50,2025-09-20,"high",2025-09-19 20:39:40,2025-09-19 20:49:20,2025-09-19 20:38:10,59,2.10631131268258,1840.61530520163,0.957824899920998,0.937273603564798,7.00214021194656e-41,5.79439497234306e-36,0.000871149749776699,0.938512932794087,1.944765,456.9382,1.956231,466.4043,1.941418,453.3575,"No issues","No issues","No issues"
156,30,2025-09-21,"low",2025-09-21 06:15:30,2025-09-21 06:25:10,2025-09-21 06:14:00,59,-2.05735720397435,2004.78020338983,0.834673174294862,0.870544335035076,6.0628678805183e-24,5.57910613100298e-27,0.00180471402686455,1.52376188020676,1.925621,461.7053,1.932204,468.4453,1.917521,454.2038,"No issues","No issues","No issues"
156,60,2025-09-20,"high",2025-09-19 20:52:00,2025-09-19 21:01:40,2025-09-19 20:50:30,59,12.3415411244885,2779.01090637054,0.971139354022444,0.962669991766446,1.4026877952729e-45,2.156401708049e-42,0.00419340586358042,1.07861345467149,1.965547,459.1243,2.026945,473.5522,1.94775,455.8048,"No issues","No issues","No issues"
157,40,2025-09-21,"low",2025-09-21 06:28:00,2025-09-21 06:37:40,2025-09-21 06:26:30,59,0.129189966101628,-540.96731642316,0.733540229769496,0.79457967959298,5.21497889264816e-18,3.02331087219689e-21,0.000153468022396325,0.542137261413544,1.928561,462.1886,1.929888,462.1886,1.928561,456.6235,"No issues","No issues","No issues"
157,70,2025-09-20,"high",2025-09-19 21:04:20,2025-09-19 21:14:00,2025-09-19 21:02:50,59,1.90918903097596,2449.66718503797,0.911849194583007,0.96157289228277,9.55821325801538e-32,4.92592194434039e-42,0.00116999988733068,0.965206158141732,1.947985,458.1632,1.956103,470.8825,1.941571,454.2071,"No issues","No issues","No issues"
158,50,2025-09-21,"low",2025-09-21 06:40:30,2025-09-21 06:50:10,2025-09-21 06:39:00,59,-2.28311520280541,2175.86634248976,0.877150025653179,0.826411771414378,1.24946864922498e-27,2.44508668095622e-23,0.00168408371884549,1.96552856202286,1.926544,464.1411,1.931488,468.0948,1.915989,453.6637,"No issues","No issues","No issues"
158,80,2025-09-20,"high",2025-09-19 21:16:40,2025-09-19 21:26:20,2025-09-19 21:15:10,59,3.25004532554056,2600.54218772646,0.974945434729674,0.965251455044847,2.48710802513394e-47,2.79387438679916e-43,0.00102689952979697,0.972517084618201,1.946628,458.4699,1.963905,471.8418,1.941791,455.2616,"No issues","No issues","No issues"
159,60,2025-09-21,"low",2025-09-21 06:53:00,2025-09-21 07:02:40,2025-09-21 06:51:30,59,-2.68093190882536,320.667111163048,0.899081325969786,0.0903103814029055,4.54532262431701e-30,0.0207411747649641,0.00177034259759493,2.00593777481855,1.923427,464.8082,1.929299,464.8082,1.911543,450.7449,"No issues","No issues","No issues"
159,90,2025-09-20,"high",2025-09-19 21:29:00,2025-09-19 21:38:40,2025-09-19 21:27:30,59,-0.975221189947449,1708.5076853302,0.726546566108863,0.915269171216932,1.09625948231502e-17,3.08905811302887e-32,0.00117922953808982,1.02458620253495,1.93912,457.9215,1.942162,465.1241,1.93452,453.6928,"No issues","No issues","No issues"
160,10,2025-09-20,"high",2025-09-19 21:41:20,2025-09-19 21:51:00,2025-09-19 21:39:50,59,0.388774751607248,1777.04525540617,0.232640460342507,0.917340277046541,0.000109541623778784,1.5242256995151e-32,0.0013916823938984,1.05139397995392,1.942152,456.1963,1.946565,464.0965,1.940433,452.2504,"No issues","No issues","No issues"
160,70,2025-09-21,"low",2025-09-21 07:05:30,2025-09-21 07:15:10,2025-09-21 07:04:00,59,-3.8487584430158,2135.45452250145,0.906347435465059,0.86395627632196,5.38274576196965e-31,2.30429376930397e-26,0.00243847548137958,1.67020183589077,1.92288,460.0792,1.929988,465.5629,1.90451,449.9382,"No issues","No issues","No issues"
161,20,2025-09-20,"high",2025-09-19 21:53:40,2025-09-19 22:03:20,2025-09-19 21:52:10,59,0.400634426650995,2020.01048836937,0.255915174930899,0.933165245861688,4.36495641851267e-05,3.54127857351384e-35,0.00134647013916513,1.06551797448776,1.942716,455.3338,1.9467,464.8028,1.940542,450.5842,"No issues","No issues","No issues"
161,80,2025-09-21,"low",2025-09-21 07:18:00,2025-09-21 07:27:40,2025-09-21 07:16:30,59,-3.96188285680899,-9144.75662700177,0.802085071458328,0.991539491674031,1.0419049237554e-21,9.00905350183012e-61,0.00387896576973567,1.66494782664377,1.922357,460.1274,1.934273,460.1274,1.905403,389.7558,"No issues","No issues","No issues"
162,30,2025-09-20,"high",2025-09-19 22:06:00,2025-09-19 22:15:40,2025-09-19 22:04:30,59,-1.43668959906498,1875.45031069547,0.832616910188551,0.946744487864744,8.63351205334604e-24,5.43198469048936e-38,0.00126964229337973,0.876711510978576,1.937658,453.8991,1.942099,463.6212,1.931367,451.0234,"No issues","No issues","No issues"
162,90,2025-09-21,"low",2025-09-21 07:30:30,2025-09-21 07:40:10,2025-09-21 07:29:00,59,3.28116649444765,2009.36288766801,0.981694003335787,0.82513058955592,3.23507238494164e-51,3.01741079030999e-23,0.00088312493040477,1.82322057094118,1.935654,453.2953,1.95289,459.0115,1.931578,443.9763,"No issues","No issues","No issues"
163,10,2025-09-21,"low",2025-09-21 07:43:00,2025-09-21 07:52:40,2025-09-21 07:41:30,59,-2.68986176037413,232.804926241946,0.921855578517838,0.0912609115793321,3.06716465474987e-33,0.0200505466728117,0.00154359286887714,1.44795353562798,1.926305,453.4261,1.929211,453.4261,1.911624,443.2206,"No issues","No issues","No issues"
163,40,2025-09-20,"high",2025-09-19 22:18:20,2025-09-19 22:28:00,2025-09-19 22:16:50,59,0.0727653629455587,1794.71902933956,0.202488537750889,0.909541547894444,0.000349172749718689,1.99874942324203e-31,0.000284628380106091,1.11556538204309,1.941777,450.3714,1.942873,458.4214,1.941495,445.4986,"No issues","No issues","No issues"
164,20,2025-09-21,"low",2025-09-21 07:55:30,2025-09-21 08:05:10,2025-09-21 07:54:00,59,-1.17117598597322,-716.674416364719,0.938471894855516,0.542523915567441,3.34196490084366e-36,2.94700581456825e-11,0.00059106269569262,1.29712524502621,1.926186,450.9334,1.92739,450.9334,1.919802,439.9979,"No issues","No issues","No issues"
164,50,2025-09-20,"high",2025-09-19 22:30:40,2025-09-19 22:40:20,2025-09-19 22:29:10,59,2.24778361192274,1747.98354739917,0.960608281431058,0.931659996223632,9.98996304964355e-42,6.68602999741405e-35,0.000897158256069344,0.933106838464685,1.944474,451.3292,1.958469,459.9532,1.942627,447.3318,"No issues","No issues","No issues"
165,30,2025-09-21,"low",2025-09-21 08:08:00,2025-09-21 08:17:40,2025-09-21 08:06:30,59,-2.17491271069557,-246.02700455874,0.867076088188667,0.102850585196766,1.18750811020151e-26,0.0132693759661435,0.0016784176577868,1.43217814140008,1.925514,450.8978,1.930501,450.8978,1.915536,441.1876,"No issues","No issues","No issues"
165,60,2025-09-20,"high",2025-09-19 22:43:00,2025-09-19 22:52:40,2025-09-19 22:41:30,59,11.3568462326125,2663.99579193453,0.975659310347677,0.933166576476245,1.09081834734697e-47,3.53926734461001e-35,0.00353557736651183,1.40519325840353,1.964113,453.3319,2.021748,464.8879,1.948449,447.0274,"No issues","No issues","No issues"
166,40,2025-09-21,"low",2025-09-21 08:20:30,2025-09-21 08:30:10,2025-09-21 08:19:00,59,-0.10404711163065,-877.658976504975,0.179623410161276,0.731945652018083,0.000823011412990856,6.1880422188881e-18,0.000438268690234043,1.04684664598217,1.929311,449.8897,1.93003,449.8897,1.928027,439.6245,"No issues","No issues","No issues"
166,70,2025-09-20,"high",2025-09-19 22:55:20,2025-09-19 23:05:00,2025-09-19 22:53:50,59,1.84804802805366,2379.5625482174,0.924983708711615,0.942150101148447,9.55806925009294e-34,5.75719901782848e-37,0.00103731166792042,1.16218063286525,1.947265,452.255,1.955699,463.1623,1.94231,446.9662,"No issues","No issues","No issues"
167,50,2025-09-21,"low",2025-09-21 08:33:00,2025-09-21 08:42:40,2025-09-21 08:31:30,59,-2.69725903448279,-1902.18946954998,0.952867507608887,0.916038582325785,1.66667099021928e-39,2.38090524143533e-32,0.00118236579387662,1.13506838661238,1.926444,450.8523,1.92763,450.8523,1.910671,434.7753,"No issues","No issues","No issues"
167,80,2025-09-20,"high",2025-09-19 23:07:40,2025-09-19 23:17:20,2025-09-19 23:06:10,59,3.38707592752774,3072.3595595558,0.974005673522226,0.950031611002664,7.10657221826584e-47,8.82388790256626e-39,0.00109060812794238,1.38878795865945,1.946542,450.6631,1.965268,464.7801,1.942006,443.7447,"No issues","No issues","No issues"
168,60,2025-09-21,"low",2025-09-21 08:45:30,2025-09-21 08:55:10,2025-09-21 08:44:00,59,-4.16270503798953,-3775.01228100528,0.902206027237273,0.916949742613061,1.85159167580073e-30,1.74372870799554e-32,0.00270124563209035,2.23924364420877,1.924674,451.0825,1.930766,451.1665,1.903155,424.0343,"No issues","No issues","No issues"
168,90,2025-09-20,"high",2025-09-19 23:20:00,2025-09-19 23:29:40,2025-09-19 23:18:30,59,-1.23833368088848,1845.11401332552,0.862598937287835,0.911522018409127,3.06017381146896e-26,1.0624439927654e-31,0.000974122395821061,1.13303280734928,1.938484,449.5057,1.940876,457.3178,1.932083,444.1199,"No issues","No issues","No issues"
169,10,2025-09-20,"high",2025-09-19 23:32:20,2025-09-19 23:42:00,2025-09-19 23:30:50,59,0.225366648743377,1809.99521589712,0.122662992234339,0.879837888165641,0.00654118374217727,6.64159013864281e-28,0.00118795872176361,1.31839373220184,1.941329,451.4431,1.944513,457.3811,1.939506,443.9561,"No issues","No issues","No issues"
169,70,2025-09-21,"low",2025-09-21 08:58:00,2025-09-21 09:07:40,2025-09-21 08:56:30,59,-4.62889035184108,4258.74032963178,0.900854231430188,0.940549179876062,2.7401755052475e-30,1.25441668335388e-36,0.00302671814516966,2.11035047963285,1.923799,456.3317,1.930439,479.9858,1.899877,450.8414,"No issues","No issues","No issues"
170,20,2025-09-20,"high",2025-09-19 23:44:40,2025-09-19 23:54:20,2025-09-19 23:43:10,59,0.0868650753944508,2042.54947609584,0.0249751449286761,0.937572510437804,0.23191162887577,5.05613910920965e-36,0.00106975491922043,1.03882727621311,1.940952,449.8672,1.943475,459.4282,1.938977,445.8783,"No issues","No issues","No issues"
170,80,2025-09-21,"low",2025-09-21 09:10:30,2025-09-21 09:20:10,2025-09-21 09:09:00,59,-4.45922822209242,-10349.8924586791,0.792035650300029,0.985568395880658,4.30027760952328e-21,3.67801185865381e-54,0.00450367494583048,2.46851069367605,1.923997,438.0915,1.93638,440.91,1.903853,378.0845,"No issues","No issues","No issues"
171,30,2025-09-20,"high",2025-09-19 23:57:00,2025-09-20 00:06:40,2025-09-19 23:55:30,59,-1.58596112682649,1962.41032004675,0.894300093150698,0.947553093220455,1.70457714974749e-29,3.51080093551586e-38,0.00107466587620343,0.909982914898075,1.937436,449.5849,1.940141,458.9858,1.929241,445.3075,"No issues","No issues","No issues"
171,90,2025-09-21,"low",2025-09-21 09:23:00,2025-09-21 09:32:40,2025-09-21 09:21:30,59,9.74152677966092,2445.08253138515,0.996457708696536,0.837500213117998,1.50467986669178e-71,3.7024825768232e-24,0.00114478778299105,2.12281776850506,1.940168,458.4269,1.999189,467.8568,1.937904,449.4418,"No issues","No issues","No issues"
172,10,2025-09-21,"low",2025-09-21 09:35:30,2025-09-21 09:45:10,2025-09-21 09:34:00,59,-0.531862947983699,176.67517381646,0.205404175901539,0.034940283706228,0.000312610042685321,0.156309547402706,0.00206183305435369,1.83009933837243,1.932564,453.0759,1.938959,453.0759,1.931872,443.2767,"No issues","No issues","No issues"
172,40,2025-09-20,"high",2025-09-20 00:09:20,2025-09-20 00:19:00,2025-09-20 00:07:50,59,0.0658907305668454,1764.24023004091,0.166323907594934,0.96625779951323,0.00134500791026505,1.20847226123322e-43,0.000290757491332413,0.649805184528392,1.93852,448.8946,1.939013,459.0774,1.937578,446.5271,"No issues","No issues","No issues"
173,20,2025-09-21,"low",2025-09-21 09:48:00,2025-09-21 09:57:40,2025-09-21 09:46:30,59,-0.730681416715428,223.088435768541,0.848306517880927,0.0712049610054265,5.17692584413548e-25,0.0410515195762541,0.000609004325173202,1.58806082264646,1.93238,452.2455,1.933997,452.2455,1.92882,443.6959,"No issues","No issues","No issues"
173,50,2025-09-20,"high",2025-09-20 00:21:40,2025-09-20 00:31:20,2025-09-20 00:20:10,59,1.24502299006427,1705.29437288136,0.859395890374233,0.915735277849018,5.91218920105552e-26,2.6390233862471e-32,0.000992578807780119,1.01958289129669,1.942729,449.0265,1.949152,457.3987,1.939525,444.6846,"No issues","No issues","No issues"
174,30,2025-09-21,"low",2025-09-21 10:00:30,2025-09-21 10:10:10,2025-09-21 09:59:00,59,-1.44653041262422,433.7631457627,0.724948854713305,0.196953228908522,1.29561780907998e-17,0.000430409053125985,0.00175616723481689,1.72634175074873,1.932094,451.7075,1.93698,451.7075,1.925744,443.1534,"No issues","No issues","No issues"
174,60,2025-09-20,"high",2025-09-20 00:34:00,2025-09-20 00:43:40,2025-09-20 00:32:30,59,11.4646184921099,2824.05863424897,0.983594855216915,0.974164173785304,1.42068908958269e-52,5.96930749301187e-47,0.00291827875390539,0.906471316712771,1.956692,448.6697,2.017632,463.2482,1.944306,444.4078,"No issues","No issues","No issues"
175,40,2025-09-21,"low",2025-09-21 10:13:00,2025-09-21 10:22:40,2025-09-21 10:11:30,59,-0.113492030391641,-688.025216598501,0.584886314519447,0.626393202198034,1.78337248543496e-12,8.57446309743297e-14,0.000188450987730012,1.04730572849857,1.934675,451.2684,1.934675,451.2684,1.93309,441.9971,"No issues","No issues","No issues"
175,70,2025-09-20,"high",2025-09-20 00:46:20,2025-09-20 00:56:00,2025-09-20 00:44:50,59,1.39633559789596,2576.81985832845,0.892625146215638,0.969208321661847,2.67058189074371e-29,8.89214644617521e-45,0.000954534875231308,0.905268541443119,1.946242,450.2556,1.951646,463.2633,1.940885,446.4123,"No issues","No issues","No issues"
176,50,2025-09-21,"low",2025-09-21 10:25:30,2025-09-21 10:35:10,2025-09-21 10:24:00,59,-2.24273898305092,1038.43619684394,0.908368620806601,0.635735433228055,2.88727221325687e-31,4.13731647132606e-14,0.00140396098260503,1.54929931730889,1.929398,449.7334,1.932166,452.7916,1.917479,444.1173,"No issues","No issues","No issues"
176,80,2025-09-20,"high",2025-09-20 00:58:40,2025-09-20 01:08:20,2025-09-20 00:57:10,59,3.37005800584448,2756.70460783166,0.973903632448801,0.978948930499793,7.94647710919593e-47,1.73729459461594e-49,0.00108731322391763,0.796769228338972,1.943899,449.4561,1.963394,465.1191,1.940301,446.3482,"No issues","No issues","No issues"
177,60,2025-09-21,"low",2025-09-21 10:38:00,2025-09-21 10:47:40,2025-09-21 10:36:30,59,-4.30749093629467,-1332.53826206899,0.919506719695335,0.542298338931251,7.14212976132697e-33,2.98928736817616e-11,0.00251195577046667,2.41288737866828,1.926832,453.9496,1.931444,453.9496,1.902548,438.0067,"No issues","No issues","No issues"
177,90,2025-09-20,"high",2025-09-20 01:11:00,2025-09-20 01:20:40,2025-09-20 01:09:30,59,-0.929267600233865,1677.53664336645,0.663997254924974,0.935729732200084,4.05633979754231e-15,1.15959587400684e-35,0.00130290971570809,0.866537001794068,1.938031,451.1237,1.941854,459.6736,1.933973,448.3145,"No issues","No issues","No issues"
178,10,2025-09-20,"high",2025-09-20 01:23:20,2025-09-20 01:33:00,2025-09-20 01:21:50,59,0.573994940970119,1696.21358644067,0.317650222044496,0.941721049576313,3.35510618226559e-06,7.10831178104751e-37,0.00165814408793277,0.831688154265456,1.941593,451.4988,1.947994,459.289,1.940337,448.2184,"No issues","No issues","No issues"
178,70,2025-09-21,"low",2025-09-21 10:50:30,2025-09-21 11:00:10,2025-09-21 10:49:00,59,-5.27445741671542,8050.10427773231,0.952671785455033,0.985608196923074,1.87579242984058e-39,3.399552742718e-54,0.0023171356325265,1.91730945152623,1.926166,462.9396,1.932365,507.1412,1.898204,453.77,"No issues","No issues","No issues"
179,20,2025-09-20,"high",2025-09-20 01:35:40,2025-09-20 01:45:20,2025-09-20 01:34:10,59,0.300927513734647,1857.41816107539,0.181449900351571,0.949098785193704,0.000769008437531009,1.49554851001134e-38,0.00125977045659457,0.847819319926285,1.941238,451.0084,1.9456,460.2719,1.940163,447.6986,"No issues","No issues","No issues"
179,80,2025-09-21,"low",2025-09-21 11:03:00,2025-09-21 11:12:40,2025-09-21 11:01:30,59,-5.94241273641154,-6027.54440864993,0.83882419064853,0.93720847630391,2.93025216856504e-24,5.96852633702821e-36,0.00513407875095767,3.07509177899513,1.927103,446.7562,1.939228,446.7562,1.897849,407.3273,"No issues","No issues","No issues"
180,30,2025-09-20,"high",2025-09-20 01:48:00,2025-09-20 01:57:40,2025-09-20 01:46:30,59,-1.40636577440101,1799.44896224429,0.840745393434267,0.933130128223917,2.07971616151552e-24,3.594759457391e-35,0.00120641658453553,0.949443070269004,1.937619,450.2859,1.941565,458.2943,1.931512,446.142,"No issues","No issues","No issues"
180,90,2025-09-21,"low",2025-09-21 11:15:30,2025-09-21 11:25:10,2025-09-21 11:14:00,59,10.9125952074809,3666.98536621856,0.987178596231852,0.925475745570206,1.26173589948554e-55,7.9214983583773e-34,0.00245122527187199,2.05097672782492,1.947849,458.548,2.008347,474.6724,1.939007,449.3423,"No issues","No issues","No issues"
181,40,2025-09-20,"high",2025-09-20 02:00:20,2025-09-20 02:10:00,2025-09-20 01:58:50,59,-0.0806256925775012,1594.61344804207,0.202154229088359,0.942281623184607,0.000353622553405486,5.39522939828319e-37,0.000315701592618476,0.777870627377061,1.93941,448.6737,1.940351,456.3117,1.938995,445.7668,"No issues","No issues","No issues"
182,20,2025-09-21,"low",2025-09-21 13:46:20,2025-09-21 13:56:00,2025-09-21 13:44:50,59,1.24573297486839,1224.9004250146,0.961418155545027,0.665324936482521,5.52410536065591e-42,3.62006950567565e-15,0.000491864581003661,1.71230379202784,1.938069,453.9359,1.944165,456.9272,1.935081,447.0472,"No issues","No issues","No issues"
182,50,2025-09-20,"high",2025-09-20 02:12:40,2025-09-20 02:22:20,2025-09-20 02:11:10,59,1.90535682992398,1711.90505856222,0.924962160667364,0.961342522761731,9.63673417083023e-34,5.84141877732961e-42,0.00106964521928954,0.676616539660409,1.940954,448.4421,1.953157,457.5845,1.939102,445.5347,"No issues","No issues","No issues"
183,30,2025-09-21,"low",2025-09-21 13:58:50,2025-09-21 14:08:30,2025-09-21 13:57:20,59,-1.16086807714797,1908.06305365283,0.758656818457514,0.805340517315657,3.05394810655162e-19,6.48186118703531e-22,0.00129051470988927,1.84895348906409,1.938271,453.3979,1.940052,461.2951,1.930961,447.5563,"No issues","No issues","No issues"
183,60,2025-09-20,"high",2025-09-20 02:25:00,2025-09-20 02:34:40,2025-09-20 02:23:30,59,10.9303529070718,2529.56910718878,0.985424440799905,0.964315016462489,4.88086042022636e-54,5.96421446262161e-43,0.00262011521290078,0.959102649463956,1.954532,450.6699,2.014058,464.7424,1.94405,447.6071,"No issues","No issues","No issues"
184,40,2025-09-21,"low",2025-09-21 14:11:20,2025-09-21 14:21:00,2025-09-21 14:09:50,59,5.73061002922264,2686.38535967269,0.995479118653964,0.856354809726802,1.57364596139002e-68,1.08978466905172e-25,0.000761169870254155,2.16856399210403,1.93896,456.557,1.974536,466.0746,1.936676,446.7987,"No issues","No issues","No issues"
184,70,2025-09-20,"high",2025-09-20 02:37:20,2025-09-20 02:47:00,2025-09-20 02:35:50,59,1.31208120631207,2435.02826791349,0.898380701362268,0.956164295237303,5.53809506727666e-30,2.10665122838459e-40,0.000869768872399476,1.02763053203335,1.944638,450.6841,1.949089,461.5214,1.939098,445.5186,"No issues","No issues","No issues"
185,50,2025-09-21,"low",2025-09-21 14:23:50,2025-09-21 14:33:30,2025-09-21 14:22:20,59,-0.679134298071329,1956.30328930448,0.544724159057353,0.677831032792407,2.5637784119045e-11,1.21196339230175e-15,0.00122374210955572,2.65829130059945,1.937013,461.764,1.938375,466.0327,1.932413,449.985,"No issues","No issues","No issues"
185,80,2025-09-20,"high",2025-09-20 02:49:40,2025-09-20 02:59:20,2025-09-20 02:48:10,59,3.65935711981293,2580.85450099355,0.97778045195584,0.962377050590792,8.10520369953096e-49,2.69490767837769e-42,0.00108726895177816,1.00577901036988,1.944381,448.835,1.965283,461.4357,1.940516,444.1599,"No issues","No issues","No issues"
186,60,2025-09-21,"low",2025-09-21 14:36:20,2025-09-21 14:46:00,2025-09-21 14:34:50,59,-4.89930063822336,2544.84918199882,0.971502942342737,0.800188916319572,9.77149043940088e-46,1.36879947523481e-21,0.00165385449128168,2.50646028574783,1.932589,460.0937,1.932932,471.8426,1.902344,451.2174,"No issues","No issues","No issues"
186,90,2025-09-20,"high",2025-09-20 03:02:00,2025-09-20 03:11:40,2025-09-20 03:00:30,59,-1.10450508007021,1711.23733956749,0.784309528631879,0.925478396953268,1.22189649368145e-20,7.91345930160944e-34,0.00114162825337825,0.957091492762547,1.938255,449.5073,1.941024,456.8322,1.932753,444.0807,"No issues","No issues","No issues"
187,10,2025-09-20,"high",2025-09-20 03:14:20,2025-09-20 03:24:00,2025-09-20 03:12:50,59,0.350030587960133,1732.03237030974,0.187169515272189,0.92055717489856,0.000621352642465342,4.90905506381257e-33,0.00143771792613784,1.00286671448278,1.942035,449.0868,1.946273,456.7053,1.940044,444.6187,"No issues","No issues","No issues"
187,70,2025-09-21,"low",2025-09-21 14:48:50,2025-09-21 14:58:30,2025-09-21 14:47:20,59,-5.84377433547636,10410.3074693162,0.961550391847624,0.977524351967955,5.00884635604768e-42,1.12373366181196e-48,0.00230323699551535,3.11129457457644,1.930257,468.2543,1.934508,520.7809,1.898132,455.3099,"No issues","No issues","No issues"
188,20,2025-09-20,"high",2025-09-20 03:26:40,2025-09-20 03:36:20,2025-09-20 03:25:10,59,-0.14971993921692,1809.28290824078,0.219647378857044,0.930692079001538,0.000181296431935788,9.98757963246061e-35,0.000556220937625078,0.973150844855703,1.941344,449.0023,1.942074,457.5673,1.939536,444.6074,"No issues","No issues","No issues"
188,80,2025-09-21,"low",2025-09-21 15:01:20,2025-09-21 15:11:00,2025-09-21 14:59:50,59,-5.72141809935722,-5179.88799625951,0.854738024994674,0.918565713824492,1.50061540015053e-25,9.95177287609826e-33,0.00464888070391115,3.039864020039,1.93067,450.0274,1.942249,450.0274,1.90182,414.5845,"No issues","No issues","No issues"
189,30,2025-09-20,"high",2025-09-20 03:39:00,2025-09-20 03:48:40,2025-09-20 03:37:30,59,-1.70286926475753,1830.84407621273,0.939760844551146,0.928304785621525,1.82669721035833e-36,2.62515946722367e-34,0.000849762041816705,1.0028509836967,1.936968,447.4654,1.939333,456.5324,1.928261,443.404,"No issues","No issues","No issues"
189,90,2025-09-21,"low",2025-09-21 15:13:50,2025-09-21 15:23:30,2025-09-21 15:12:20,59,10.8741984617183,3490.56257533604,0.988323671625944,0.897497441389053,8.76578804111439e-57,7.09061058232247e-30,0.00232962523899142,2.32504534869123,1.952803,462.9514,2.013752,475.9009,1.94293,451.2081,"No issues","No issues","No issues"
190,10,2025-09-21,"low",2025-09-21 15:26:20,2025-09-21 15:36:00,2025-09-21 15:24:50,59,-0.975517101110526,2323.74375499705,0.53043331266462,0.924691125078315,6.26410125039319e-11,1.06811402378233e-33,0.00180906173465293,1.3070681350459,1.940684,453.5091,1.942777,463.6676,1.934158,448.3908,"No issues","No issues","No issues"
190,40,2025-09-20,"high",2025-09-20 03:51:20,2025-09-20 04:01:00,2025-09-20 03:49:50,59,-0.172023359438936,1680.46182115719,0.480752160848459,0.939151989999281,1.15262774802261e-09,2.43375097297698e-36,0.000352370390456172,0.843080714128142,1.93776,446.9773,1.93833,456.1968,1.936595,444.6593,"No issues","No issues","No issues"
191,20,2025-09-21,"low",2025-09-21 15:38:50,2025-09-21 15:48:30,2025-09-21 15:37:20,59,2.20632777089424,1173.28599415545,0.982483825283935,0.782444364672563,9.20075016073051e-52,1.56351413426324e-20,0.000580647041411532,1.21940389528324,1.940625,452.3766,1.952858,455.5689,1.938035,446.4303,"No issues","No issues","No issues"
191,50,2025-09-20,"high",2025-09-20 04:03:40,2025-09-20 04:13:20,2025-09-20 04:02:10,59,1.98329760841603,1616.48017206311,0.931262201810052,0.961987165067721,7.89033280477443e-35,3.61605722975895e-42,0.00106202554976302,0.63333885033768,1.941624,452.5686,1.953753,463.0146,1.939437,451.8093,"No issues","No issues","No issues"
192,30,2025-09-21,"low",2025-09-21 15:51:20,2025-09-21 15:59:50,2025-09-21 15:49:50,52,-1.27710935883206,1540.09689200033,0.792776174303354,0.829398863669202,1.02221716749434e-18,7.74012626262054e-21,0.00113420431094155,1.2133216402735,1.939399,452.1321,1.940471,456.9357,1.932019,447.5608,"No issues","No issues","No issues"
192,30,2025-09-22,"low",2025-09-21 16:00:00,2025-09-21 16:01:00,2025-09-21 15:49:50,7,-1.64807999999904,2316.32228571424,0.954471974682249,0.767089840155286,0.000152676132942807,0.00974811957190921,8.33205942643544e-05,0.295451595883657,1.931868,457.3359,1.931868,459.3014,1.93066,457.3359,"No issues","No issues","No issues"
192,60,2025-09-20,"high",2025-09-20 04:16:00,2025-09-20 04:25:40,2025-09-20 04:14:30,59,10.1100497954412,2518.82142185855,0.973610445792188,0.969759993411712,1.09274683283759e-46,5.31031367862704e-45,0.00328066560671549,0.876680695567827,1.956287,452.4066,2.008512,466.0605,1.94357,448.9106,"No issues","No issues","No issues"
193,40,2025-09-22,"low",2025-09-21 16:03:50,2025-09-21 16:13:30,2025-09-21 16:02:20,59,4.80766159672704,2880.13309269431,0.985467889196399,0.894081440127055,4.48266389073844e-54,1.80819578421226e-29,0.00115070038591186,1.95386839287638,1.946014,456.2645,1.971519,467.2148,1.939554,448.4796,"No issues","No issues","No issues"
193,70,2025-09-20,"high",2025-09-20 04:28:20,2025-09-20 04:38:00,2025-09-20 04:26:50,59,1.10831304266503,2300.26673898303,0.908563726753656,0.950634213871257,2.71681573201661e-31,6.24241161926911e-39,0.000692993660714689,1.03316518824919,1.943177,449.5373,1.946865,461.402,1.938532,445.6373,"No issues","No issues","No issues"
194,50,2025-09-22,"low",2025-09-21 16:16:20,2025-09-21 16:26:00,2025-09-21 16:14:50,59,-0.684685914669828,3193.51377019285,0.670970671384658,0.923681871015473,2.22020150002325e-15,1.56178207396951e-33,0.000945022583615402,1.80928380999288,1.938801,458.5043,1.939583,473.2664,1.933753,450.4641,"No issues","No issues","No issues"
194,80,2025-09-20,"high",2025-09-20 04:40:40,2025-09-20 04:50:20,2025-09-20 04:39:10,59,3.22637142255983,2925.31993921682,0.977146082637751,0.965952784237608,1.80852612922726e-48,1.56201997693034e-43,0.000972523708364767,1.08248398537743,1.943502,450.3348,1.960715,466.1083,1.938475,446.6097,"No issues","No issues","No issues"
195,60,2025-09-22,"low",2025-09-21 16:28:50,2025-09-21 16:38:30,2025-09-21 16:27:20,59,-4.02474933489193,376.5346337814,0.952958950882842,0.138455788466138,1.57685831056551e-39,0.00370832643263415,0.00176248527134475,1.85128554978298,1.930813,458.8014,1.934033,458.8014,1.909029,446.888,"No issues","No issues","No issues"
195,90,2025-09-20,"high",2025-09-20 04:53:00,2025-09-20 05:02:40,2025-09-20 04:51:30,59,-1.37488052367038,1586.4972511981,0.934112278014603,0.919713835704752,2.35672388798465e-35,6.6357726615599e-33,0.000719702352538408,0.923886402699483,1.936712,446.5199,1.937993,454.2837,1.929174,443.1934,"No issues","No issues","No issues"
196,10,2025-09-20,"high",2025-09-20 05:05:20,2025-09-20 05:15:00,2025-09-20 05:03:50,59,0.106022545879505,1996.39036446521,0.0380878523443877,0.945997165430953,0.138534219952896,8.08361525697996e-38,0.00105016598488273,0.940143357927196,1.939731,447.7744,1.942014,456.8367,1.937645,442.9578,"No issues","No issues","No issues"
196,70,2025-09-22,"low",2025-09-21 16:41:20,2025-09-21 16:51:00,2025-09-21 16:39:50,59,-5.17317096434839,7109.57907562827,0.936775256272539,0.955784981508355,7.26217138856083e-36,2.69350361288634e-40,0.00264891438139248,3.01393547218623,1.930368,467.1593,1.936131,499.3021,1.903171,453.4698,"No issues","No issues","No issues"
197,20,2025-09-20,"high",2025-09-20 05:17:40,2025-09-20 05:27:20,2025-09-20 05:16:10,59,-0.254017009935778,2099.62483132669,0.231546261833618,0.96760998980244,0.000114319331547575,3.76458933825174e-44,0.000912090711188749,0.757150698688827,1.938105,447.3796,1.940757,459.2642,1.937258,445.2398,"No issues","No issues","No issues"
197,80,2025-09-22,"low",2025-09-21 16:53:50,2025-09-21 17:03:30,2025-09-21 16:52:20,59,-4.81363839625953,-4473.36348427821,0.853291059546305,0.990560330303265,1.99207201822804e-25,2.04341272511963e-59,0.00393403674281803,0.860711049127005,1.929604,446.7291,1.940553,446.7291,1.907012,417.452,"No issues","No issues","No issues"
198,30,2025-09-20,"high",2025-09-20 05:30:00,2025-09-20 05:39:40,2025-09-20 05:28:30,59,-1.72262259731155,1978.91827469314,0.928406940652603,0.952129373569055,2.52048513327686e-34,2.5962724750642e-39,0.000942847964531665,0.874580297059448,1.934422,448.2194,1.936509,458.2593,1.925281,444.9594,"No issues","No issues","No issues"
198,90,2025-09-22,"low",2025-09-21 17:06:20,2025-09-21 17:16:00,2025-09-21 17:04:50,59,11.2537504804207,3656.82844278198,0.983476526330231,0.93808752957655,1.74373665719939e-52,3.99179787610879e-36,0.00287508848467013,1.85164287387443,1.954872,457.1703,2.015862,473.5262,1.94354,448.5417,"No issues","No issues","No issues"
199,10,2025-09-22,"low",2025-09-21 17:18:50,2025-09-21 17:28:30,2025-09-21 17:17:20,59,-1.1544458959673,2287.1340904734,0.790337949837593,0.929614754284215,5.42718421483485e-21,1.55101962252783e-34,0.00117195877922937,1.24041267471164,1.939456,452.152,1.939456,463.0715,1.930615,447.498,"No issues","No issues","No issues"
199,40,2025-09-20,"high",2025-09-20 05:42:20,2025-09-20 05:52:00,2025-09-20 05:40:50,59,-0.177064453535982,1587.77290099355,0.724784866842973,0.919896302014505,1.31795661683095e-17,6.21853227464544e-33,0.000215054352526522,0.923486366451918,1.936395,448.1523,1.936521,455.6022,1.935057,445.1178,"No issues","No issues","No issues"
200,20,2025-09-22,"low",2025-09-21 17:31:20,2025-09-21 17:41:00,2025-09-21 17:29:50,59,0.916128841612998,2819.09459824662,0.930536726483115,0.974941434732083,1.06465245262328e-34,2.49845435600706e-47,0.000493347209432917,0.890807249420831,1.94004,449.5921,1.943815,465.7567,1.937084,447.6114,"No issues","No issues","No issues"
200,50,2025-09-20,"high",2025-09-20 05:54:40,2025-09-20 06:04:20,2025-09-20 05:53:10,59,0.810891520748076,1668.47969140852,0.857339128219121,0.916105589344363,8.95352071387919e-26,2.32725971433099e-32,0.000651964772076391,0.995176079646576,1.94042,449.4585,1.942528,456.1387,1.936197,444.1888,"No issues","No issues","No issues"
201,30,2025-09-22,"low",2025-09-21 17:43:50,2025-09-21 17:53:30,2025-09-21 17:42:20,59,-1.47817270835784,3310.98681566334,0.845711187502665,0.975211890098964,8.40785596057258e-25,1.83357550673185e-47,0.00124441895150243,1.04043492134229,1.936033,452.6224,1.937729,472.0414,1.92704,450.4606,"No issues","No issues","No issues"
201,60,2025-09-20,"high",2025-09-20 06:07:00,2025-09-20 06:16:40,2025-09-20 06:05:30,59,10.7982235230859,3043.45085680889,0.986722383188289,0.980256729017803,3.41841806127753e-55,2.79077235510577e-50,0.00246888092930753,0.851316766985661,1.949521,447.3614,2.008537,464.5198,1.940294,445.059,"No issues","No issues","No issues"
202,40,2025-09-22,"low",2025-09-21 17:56:20,2025-09-21 18:06:00,2025-09-21 17:54:50,59,3.18520038340144,6459.34232051432,0.966736405416788,0.991309416931506,8.04104641896027e-44,1.9356324180892e-60,0.00116453506080115,1.19204705530176,1.940935,461.1879,1.95591,500.7567,1.934948,459.5081,"No issues","No issues","No issues"
202,70,2025-09-20,"high",2025-09-20 06:19:20,2025-09-20 06:29:00,2025-09-20 06:17:50,59,1.0762036516656,2322.46583284627,0.916879997791273,0.964458267172505,1.78601410375139e-32,5.31784158175346e-43,0.000638669595447945,0.878743587620466,1.940967,449.4599,1.944965,461.8142,1.937001,445.1254,"No issues","No issues","No issues"
203,50,2025-09-22,"low",2025-09-21 18:08:50,2025-09-21 18:18:30,2025-09-21 18:07:20,59,-0.887291642314535,7610.96095195789,0.773222276284586,0.987174402225615,5.13361437064449e-20,1.27355426539828e-55,0.000947108347617644,1.70988387000557,1.935309,468.099,1.935309,514.2047,1.928202,466.6438,"No issues","No issues","No issues"
203,80,2025-09-20,"high",2025-09-20 06:31:40,2025-09-20 06:41:20,2025-09-20 06:30:10,59,2.4861658071303,3689.27838410286,0.970674064461386,0.985819068808311,2.21318418519909e-45,2.23192125144142e-54,0.00085173515035573,0.872128444757639,1.940983,447.5803,1.954237,468.9391,1.936828,444.6348,"No issues","No issues","No issues"
204,60,2025-09-22,"low",2025-09-21 18:21:20,2025-09-21 18:31:00,2025-09-21 18:19:50,59,-2.80001544827594,6847.61281122149,0.888267185754059,0.990779777370486,8.31870889826787e-29,1.04513166156941e-59,0.00195733085969643,1.30198682386985,1.929034,461.413,1.935092,502.8198,1.916195,459.3207,"No issues","No issues","No issues"
204,90,2025-09-20,"high",2025-09-20 06:44:00,2025-09-20 06:53:40,2025-09-20 06:42:30,59,-1.52343903682065,1792.16081168906,0.947744690633407,0.954721617495523,3.16274636008486e-38,5.30520158998934e-40,0.00070506615487291,0.769253191814872,1.934923,447.1677,1.936021,456.1212,1.926319,444.3127,"No issues","No issues","No issues"
205,10,2025-09-20,"high",2025-09-20 06:56:20,2025-09-20 07:06:00,2025-09-20 06:54:50,59,0.0773590555230015,1945.82273196958,0.024474132978161,0.951013189971172,0.236711610497169,5.01051467054417e-39,0.000962636118123346,0.870431979961014,1.936957,448.8164,1.939667,458.535,1.93568,445.1048,"No issues","No issues","No issues"
205,70,2025-09-22,"low",2025-09-21 18:33:50,2025-09-21 18:43:30,2025-09-21 18:32:20,59,-4.07788508240808,5985.74377556982,0.93110475409674,0.995312192560576,8.42266230322652e-35,4.42305029444723e-68,0.00218632939870628,0.809671027011943,1.925043,489.1397,1.929413,526.0358,1.903587,488.1732,"No issues","No issues","No issues"
206,20,2025-09-20,"high",2025-09-20 07:08:40,2025-09-20 07:18:20,2025-09-20 07:07:10,59,-0.19191151841036,1829.30730753943,0.0955766499946898,0.941976786408557,0.0171935960049137,6.27012548229187e-37,0.00116358008369459,0.894855094061408,1.93655,447.9836,1.93978,457.0406,1.93539,444.2502,"No issues","No issues","No issues"
206,80,2025-09-22,"low",2025-09-21 18:46:20,2025-09-21 18:56:00,2025-09-21 18:44:50,59,-4.21344925774409,9000.18680444184,0.893087526060838,0.98927197089788,2.36092828933355e-29,7.83752003271046e-58,0.00287336106351406,1.84730624901477,1.921023,467.2567,1.927167,535.7648,1.89895,467.2567,"No issues","No issues","No issues"
207,30,2025-09-20,"high",2025-09-20 07:21:00,2025-09-20 07:30:40,2025-09-20 07:19:30,59,-1.69225938515489,1019.28741180593,0.957995582005431,0.879016853741579,6.23735832029697e-41,8.06771876840847e-28,0.000698422015239341,0.745325110918361,1.933921,446.9809,1.935448,451.4467,1.924691,443.472,"No issues","No issues","No issues"
207,90,2025-09-22,"low",2025-09-21 18:58:50,2025-09-21 19:08:30,2025-09-21 18:57:20,59,8.33826958737579,4494.67822793686,0.970390126554094,0.992296966916715,2.9130110179786e-45,6.21699078343333e-62,0.00287082209367477,0.780537750249925,1.958092,471.6336,1.999719,499.1504,1.945711,471.2861,"No issues","No issues","No issues"
208,10,2025-09-22,"low",2025-09-21 19:11:20,2025-09-21 19:21:00,2025-09-21 19:09:50,59,-1.46220007013453,3221.32209748683,0.930286969360417,0.986124667455205,1.17947158188538e-34,1.19940380013485e-54,0.000788933812408847,0.753139103692913,1.937018,477.1638,1.937018,503.0999,1.927463,477.1638,"No issues","No issues","No issues"
208,40,2025-09-20,"high",2025-09-20 07:33:20,2025-09-20 07:43:00,2025-09-20 07:31:50,59,-0.20948995441263,701.308143541783,0.482459117383369,0.852727213211671,1.04764309799176e-09,2.22290953317933e-25,0.000427652023001326,0.574447481034011,1.935386,444.5412,1.936786,448.5471,1.934356,442.5044,"No issues","No issues","No issues"
209,20,2025-09-22,"low",2025-09-21 19:23:50,2025-09-21 19:33:30,2025-09-21 19:22:20,59,-0.0147672799533046,3631.44618305083,0.00866801148429296,0.985889231104569,0.483080999204133,1.9376392807759e-54,0.000311268795970538,0.85630040027903,1.93791,481.8193,1.93791,510.8539,1.93623,481.8193,"No issues","No issues","No issues"
209,50,2025-09-20,"high",2025-09-20 07:45:40,2025-09-20 07:55:20,2025-09-20 07:44:10,59,1.25018830625358,471.332653185251,0.929759262010812,0.700427705941708,1.46267101153364e-34,1.50182029140304e-16,0.00067728267291681,0.607549893113267,1.937089,445.2437,1.945304,447.1047,1.936117,442.617,"No issues","No issues","No issues"
210,30,2025-09-22,"low",2025-09-21 19:36:20,2025-09-21 19:46:00,2025-09-21 19:34:50,59,-1.94263658679139,3641.2104939801,0.912680585161517,0.996037398427785,7.29281634012813e-32,3.67597409948082e-70,0.00118433025109402,0.452671782386561,1.930371,485.8903,1.932471,512.4988,1.919605,485.8903,"No issues","No issues","No issues"
210,60,2025-09-20,"high",2025-09-20 07:58:00,2025-09-20 08:07:40,2025-09-20 07:56:30,59,10.8355280233781,1431.5656902396,0.98596385926564,0.915123680545843,1.66579883569937e-54,3.24409999440516e-32,0.002548171741083,0.859310087959505,1.949929,445.1579,2.009061,452.4244,1.940017,442.2857,"No issues","No issues","No issues"
211,40,2025-09-22,"low",2025-09-21 19:48:50,2025-09-21 19:58:30,2025-09-21 19:47:20,59,1.03464429222665,6194.86187165399,0.872476273558145,0.99792734520199,3.63073800183209e-27,3.49584365063736e-78,0.000779641606129126,0.556456103194089,1.935504,500.4297,1.937791,540.9982,1.930309,500.4297,"No issues","No issues","No issues"
211,70,2025-09-20,"high",2025-09-20 08:10:20,2025-09-20 08:20:00,2025-09-20 08:08:50,59,1.50436892577433,-660.823456692015,0.874387205502001,0.783063187025758,2.358632075186e-27,1.44105509855361e-20,0.00112384043115542,0.685549677466592,1.939605,445.3736,1.947777,445.3736,1.936028,437.8157,"No issues","No issues","No issues"
212,50,2025-09-22,"low",2025-09-21 20:01:20,2025-09-21 20:11:00,2025-09-21 19:59:50,59,-1.65467210286391,8341.06478644062,0.970873019433684,0.947198755705822,1.82270729799662e-45,4.25428365591723e-38,0.000564889781002827,3.88157757385786,1.918155,536.0535,1.918155,600.5756,1.905482,536.0535,"No issues","No issues","No issues"
212,80,2025-09-20,"high",2025-09-20 08:22:40,2025-09-20 08:32:20,2025-09-20 08:21:10,59,2.68468129514901,1128.9493620105,0.953086730014199,0.894585107943163,1.45914256947418e-39,1.57808333751117e-29,0.00117397712513647,0.763835556728393,1.939352,445.043,1.955717,449.5302,1.93674,441.6725,"No issues","No issues","No issues"
213,60,2025-09-22,"low",2025-09-21 20:13:50,2025-09-21 20:23:30,2025-09-21 20:12:20,59,-2.63065831911167,5211.75399275275,0.890511935238613,0.966496340329111,4.65940798584662e-29,9.87124878691619e-44,0.0018180809561452,1.9125604976667,1.912826,538.712,1.91535,576.0554,1.897988,538.712,"No issues","No issues","No issues"
213,90,2025-09-20,"high",2025-09-20 08:35:00,2025-09-20 08:44:40,2025-09-20 08:33:30,59,-1.2864086405611,1057.57685189946,0.881793091233576,0.878497105972624,4.15675739101356e-28,9.11872458417763e-28,0.000928329794297085,0.775211731752581,1.935356,445.4212,1.938015,449.9823,1.929248,442.037,"No issues","No issues","No issues"
214,10,2025-09-20,"high",2025-09-20 08:47:20,2025-09-20 08:57:00,2025-09-20 08:45:50,59,0.208267427235504,1815.03105832845,0.0787232628752309,0.944080617084647,0.0313596012968967,2.18618036176005e-37,0.00140426838368606,0.870654726351389,1.938323,446.5893,1.943528,455.884,1.93778,443.2739,"No issues","No issues","No issues"
214,70,2025-09-22,"low",2025-09-21 20:26:20,2025-09-21 20:36:00,2025-09-21 20:24:50,59,-3.73599558620698,5473.27406756283,0.897310833890564,0.998538232063284,7.46861113458331e-30,1.66509918031757e-82,0.00249105013845482,0.412752125917777,1.909805,542.4694,1.915835,579.8766,1.890914,542.4694,"No issues","No issues","No issues"
215,20,2025-09-20,"high",2025-09-20 08:59:40,2025-09-20 09:09:20,2025-09-20 08:58:10,59,-0.123152570426695,1222.11724418467,0.0552210677012448,0.895087682366653,0.0732027364765871,1.37676928228797e-29,0.00100401785856691,0.824666929149958,1.938403,446.9415,1.94179,451.5355,1.93778,443.0297,"No issues","No issues","No issues"
215,80,2025-09-22,"low",2025-09-21 20:38:50,2025-09-21 20:48:30,2025-09-21 20:37:20,59,-4.14272295499715,7913.22935733489,0.898570104762509,0.994764147663688,5.25079641236636e-30,1.03356964392823e-66,0.0027433306323928,1.13154711767441,1.917873,525.2112,1.926209,574.1382,1.898766,521.3442,"No issues","No issues","No issues"
216,30,2025-09-20,"high",2025-09-20 09:12:00,2025-09-20 09:21:40,2025-09-20 09:10:30,59,-1.53345254938636,-15.0225917007731,0.897726622575386,0.00253644970567186,6.65158564600526e-30,0.704828632353276,0.00102015190546439,0.587172232869028,1.93535,443.8556,1.93859,443.8556,1.928365,440.929,"No issues","No issues","No issues"
216,90,2025-09-22,"low",2025-09-21 20:51:20,2025-09-21 21:01:00,2025-09-21 20:49:50,59,5.21804139801282,4119.74328182347,0.934005847013376,0.997990762207959,2.46780083604935e-35,1.4418264644104e-78,0.00273382498871975,0.364340809696181,1.951042,508.3671,1.972605,537.2505,1.93791,508.3671,"No issues","No issues","No issues"
217,10,2025-09-22,"low",2025-09-21 21:03:50,2025-09-21 21:13:30,2025-09-21 21:02:20,59,-1.9052280631211,3064.65920374047,0.960044216873146,0.978581789716369,1.49853338640446e-41,2.84419244265777e-49,0.000766084070515292,0.893635612796706,1.93201,517.5601,1.93201,541.6474,1.919743,517.5601,"No issues","No issues","No issues"
217,40,2025-09-20,"high",2025-09-20 09:24:20,2025-09-20 09:34:00,2025-09-20 09:22:50,59,-0.0547632589130709,258.734217650465,0.0279307840354175,0.416057338866988,0.205812084979787,3.50166951327676e-08,0.000636768501993369,0.604153969612134,1.938001,444.2631,1.94075,444.8184,1.938001,441.2643,"No issues","No issues","No issues"
218,20,2025-09-22,"low",2025-09-21 21:16:20,2025-09-21 21:26:00,2025-09-21 21:14:50,59,0.0430464897720044,2823.78458819402,0.0249179354506745,0.932630783163939,0.232453863891667,4.44493695189773e-35,0.000530747008518089,1.49586601834067,1.934958,491.9301,1.935663,508.0822,1.933419,489.0239,"No issues","No issues","No issues"
218,50,2025-09-20,"high",2025-09-20 09:36:40,2025-09-20 09:46:20,2025-09-20 09:35:10,59,2.18153334424304,216.679282758611,0.927332826609345,0.356700861449009,3.85518966330486e-34,5.93334973556601e-07,0.00120364503517559,0.573531204235141,1.941197,443.3355,1.955463,444.7523,1.939657,441.6245,"No issues","No issues","No issues"
219,30,2025-09-22,"low",2025-09-21 21:28:50,2025-09-21 21:38:30,2025-09-21 21:27:20,59,-1.83209053886623,2818.67390952659,0.813025579620316,0.779550789377423,2.04720414712322e-22,2.28250216029557e-20,0.00173169411638545,2.95435145303808,1.933912,473.1497,1.940194,478.0125,1.927113,457.8672,"No issues","No issues","No issues"
219,60,2025-09-20,"high",2025-09-20 09:49:00,2025-09-20 09:58:40,2025-09-20 09:47:30,59,12.0925970216248,1879.32477755696,0.991194193217003,0.977283810394115,2.81756546554754e-60,1.52222189040738e-48,0.00224651870202228,0.564734716587312,1.951942,444.3284,2.021057,455.1381,1.943727,442.4035,"No issues","No issues","No issues"
220,40,2025-09-22,"low",2025-09-21 21:41:20,2025-09-21 21:51:00,2025-09-21 21:39:50,59,1.16154321916998,5052.39164184687,0.935455074877324,0.845795937860696,1.30963380777333e-35,8.27682231561948e-25,0.000601367859562392,4.25204032068324,1.941079,482.0746,1.950465,495.693,1.941079,460.3863,"No issues","No issues","No issues"
220,70,2025-09-20,"high",2025-09-20 10:01:20,2025-09-20 10:11:00,2025-09-20 09:59:50,59,1.70953585037988,-86.9141077732405,0.936836392625806,0.062428208065026,7.06445219001168e-36,0.0563251554505701,0.000874913374108123,0.663876605021915,1.94408,442.9199,1.953239,445.1336,1.940964,441.8589,"No issues","No issues","No issues"
221,50,2025-09-22,"low",2025-09-21 21:53:50,2025-09-21 22:03:30,2025-09-21 21:52:20,59,-1.54776636820578,5749.76275300992,0.72342970320562,0.856874704229567,1.51735067369437e-17,9.82506277442916e-26,0.00188623266564335,4.63163918058849,1.933796,496.8508,1.940928,513.0427,1.928961,473.18,"No issues","No issues","No issues"
221,80,2025-09-20,"high",2025-09-20 10:13:40,2025-09-20 10:23:20,2025-09-20 10:12:10,59,3.12072962244292,-202.709246054952,0.964213410283443,0.250124578030675,6.46796284085912e-43,5.49990191283419e-05,0.00118499078551647,0.691791449736961,1.942881,443.5993,1.962646,444.4455,1.941174,440.8629,"No issues","No issues","No issues"
222,60,2025-09-22,"low",2025-09-21 22:06:20,2025-09-21 22:16:00,2025-09-21 22:04:50,59,-3.18688899590892,5352.62967247221,0.814126710081144,0.743170176211094,1.72890369916657e-22,1.81526589331863e-18,0.0030013364620628,6.20198975099363,1.928378,498.2187,1.941936,504.2339,1.91938,464.7477,"No issues","No issues","No issues"
222,90,2025-09-20,"high",2025-09-20 10:26:00,2025-09-20 10:35:40,2025-09-20 10:24:30,57,-1.15711459191744,684.777634971801,0.790253825155907,0.706473692104061,2.6637144650941e-20,2.9001341159901e-16,0.00116147434569999,0.859992406642679,1.939327,444.1538,1.942842,447.7596,1.934481,441.1966,"No issues","No issues","No issues"
223,10,2025-09-20,"high",2025-09-20 10:38:20,2025-09-20 10:48:00,2025-09-20 10:36:50,59,0.385597998830993,1581.38621905318,0.210520777324402,0.90923547354687,0.000257265138758979,2.20109135677741e-31,0.00147178000257185,0.984788784186274,1.940844,447.0669,1.946805,454.1443,1.94038,443.9205,"No issues","No issues","No issues"
223,70,2025-09-22,"low",2025-09-21 22:18:50,2025-09-21 22:28:30,2025-09-21 22:17:20,59,-3.76591493161899,4961.99759859729,0.820575460574116,0.80225664515368,6.2961589223585e-23,1.01636307060351e-21,0.00347086258158864,4.85552387221241,1.929905,493.2405,1.942943,504.1433,1.916285,468.2687,"No issues","No issues","No issues"
224,20,2025-09-20,"high",2025-09-20 10:52:50,2025-09-20 11:02:30,2025-09-20 10:49:10,57,0.0589151727640436,685.52333738867,0.018603888669984,0.723976354520563,0.311685586028496,5.28549664211458e-17,0.000855129693137489,0.845897473268566,1.939884,441.4485,1.945188,449.806,1.939884,441.4485,"No issues","No issues","No issues"
224,80,2025-09-22,"low",2025-09-21 22:31:20,2025-09-21 22:41:00,2025-09-21 22:29:50,59,-3.89978241496211,6537.9725821157,0.736192074044194,0.829749279070564,3.91476331783364e-18,1.4033368099799e-23,0.00460123043855558,5.83713031848953,1.93237,489.7372,1.949331,508.3231,1.919605,461.8909,"No issues","No issues","No issues"
225,90,2025-09-22,"low",2025-09-21 22:43:50,2025-09-21 22:53:30,2025-09-21 22:42:20,59,4.30619569374625,2944.77276540034,0.976626378983644,0.743175761886356,3.4335917122511e-48,1.81413455203703e-18,0.00131303950431471,3.41200202362227,1.948641,492.587,1.970816,495.3369,1.942975,473.7092,"No issues","No issues","No issues"
226,10,2025-09-22,"low",2025-09-21 22:56:20,2025-09-21 23:06:00,2025-09-21 22:54:50,59,-1.69274566919935,1944.68438293394,0.814683347000379,0.629037238266418,1.58674126263804e-22,6.98928116193581e-14,0.00159125496687583,2.94348185605215,1.937479,480.0451,1.942743,480.0451,1.930436,464.3116,"No issues","No issues","No issues"
226,40,2025-09-20,"high",2025-09-20 11:37:50,2025-09-20 11:47:40,2025-09-20 11:36:30,60,0.207981292581357,231.639216226739,0.496803920563906,0.484598583431805,3.26277493086687e-10,6.61441371220398e-10,0.000419553113111048,0.478828926215409,1.940364,443.6467,1.942148,444.3121,1.939694,440.8648,"No issues","No issues","No issues"
227,20,2025-09-22,"low",2025-09-21 23:08:50,2025-09-21 23:18:30,2025-09-21 23:07:20,59,-0.281573610753988,2940.70277498536,0.856607105984558,0.985709436902539,1.03638387039244e-25,2.77986088061321e-54,0.000227064993861789,0.697889399255602,1.938123,483.1219,1.938123,499.6461,1.936034,480.9467,"No issues","No issues","No issues"
227,50,2025-09-20,"high",2025-09-20 11:50:10,2025-09-20 12:00:00,2025-09-20 11:48:50,60,2.99055967101977,-86.4117392609013,0.952706500087177,0.122488153609629,3.96057479673907e-40,0.00612137035311064,0.00133555012838545,0.463595011775937,1.94373,443.1042,1.961691,443.4811,1.940336,440.6318,"No issues","No issues","No issues"
228,30,2025-09-22,"low",2025-09-21 23:21:20,2025-09-21 23:31:00,2025-09-21 23:19:50,59,-2.26884885096442,3390.60282501458,0.986110986412654,0.951294185743076,1.23357737315758e-54,4.25223688625375e-39,0.000530717763043032,1.51215099276787,1.925044,497.3488,1.925044,526.6046,1.908994,497.3488,"No issues","No issues","No issues"
228,60,2025-09-20,"high",2025-09-20 12:02:30,2025-09-20 12:12:20,2025-09-20 12:01:10,60,13.6360020983607,1295.45684912478,0.985205205385019,0.91191666462963,9.0082720725241e-55,2.75168643671005e-32,0.00334938243617258,0.807009800375731,1.959128,445.9291,2.034354,451.9088,1.945554,441.9579,"No issues","No issues","No issues"
229,40,2025-09-22,"low",2025-09-21 23:33:50,2025-09-21 23:43:30,2025-09-21 23:32:20,59,0.925561641145435,5298.4224336645,0.867649988968169,0.996981764621322,1.04940516391452e-26,1.569262320985e-73,0.000712492524492118,0.574598889885626,1.940028,491.9092,1.942261,526.73,1.935073,491.9092,"No issues","No issues","No issues"
229,70,2025-09-20,"high",2025-09-20 12:14:50,2025-09-20 12:24:40,2025-09-20 12:13:30,60,2.31845673576,-395.309192108913,0.946184051184812,0.737933189826662,1.68412638199489e-38,1.64346090289136e-18,0.00110828956193092,0.472194539162746,1.948003,442.6619,1.958119,443.0513,1.941437,438.7672,"No issues","No issues","No issues"
230,50,2025-09-22,"low",2025-09-21 23:46:20,2025-09-21 23:56:00,2025-09-21 23:44:50,59,-1.73871743775574,5794.61187703095,0.896617707738418,0.988255789901856,9.05034169645383e-30,1.03408075274759e-56,0.00116368031836524,1.24505010993649,1.934969,508.6417,1.936706,543.0347,1.925088,506.9658,"No issues","No issues","No issues"
230,80,2025-09-20,"high",2025-09-20 12:27:10,2025-09-20 12:37:00,2025-09-20 12:25:50,60,3.53422284856911,540.349585106985,0.973061895467179,0.80701685207821,3.19689068701007e-47,2.20424817712826e-22,0.00117867418519994,0.529638773822463,1.944517,441.9991,1.964657,444.8955,1.939892,439.5176,"No issues","No issues","No issues"
231,60,2025-09-22,"low",2025-09-21 23:58:50,2025-09-22 00:08:30,2025-09-21 23:57:20,59,-3.3440577159557,5891.2623205143,0.923087182345685,0.988698357110709,1.94907650358553e-33,3.45952888116446e-57,0.00190255412858612,1.24145934335328,1.929444,508.9414,1.935022,543.9079,1.913023,506.4577,"No issues","No issues","No issues"
231,90,2025-09-20,"high",2025-09-20 12:39:30,2025-09-20 12:49:20,2025-09-20 12:38:10,60,-0.944674649624895,1012.75844979162,0.675499924902988,0.923915203572153,8.42089426431015e-16,3.91365581398947e-34,0.00131239197865555,0.582539418257314,1.939239,442.8367,1.942242,448.5728,1.934443,441.3312,"No issues","No issues","No issues"
232,10,2025-09-20,"high",2025-09-20 12:51:50,2025-09-20 13:01:40,2025-09-20 12:50:30,60,0.803324585718241,1172.08033787164,0.497732276768122,0.855668989539904,3.08993645233606e-10,4.70347065120067e-26,0.00161751139715057,0.964874586811657,1.942083,445.769,1.947947,450.5071,1.939825,441.7344,"No issues","No issues","No issues"
232,70,2025-09-22,"low",2025-09-22 00:11:20,2025-09-22 00:21:00,2025-09-22 00:09:50,59,-3.60459285096441,4174.35237405024,0.878120943460949,0.946040332137107,9.96055867629462e-28,7.90129651484624e-38,0.00264684706024462,1.96496206879966,1.920317,549.5889,1.92723,578.4466,1.902661,549.5889,"No issues","No issues","No issues"
233,20,2025-09-20,"high",2025-09-20 13:04:10,2025-09-20 13:14:00,2025-09-20 13:02:50,60,0.787985524868068,1009.78131080858,0.371130136651493,0.908638428831706,2.4006529564347e-07,7.95384269238114e-32,0.0020559951139263,0.641800595754759,1.941531,442.4919,1.948314,448.2362,1.939122,440.7507,"No issues","No issues","No issues"
233,80,2025-09-22,"low",2025-09-22 00:23:50,2025-09-22 00:33:30,2025-09-22 00:22:20,59,-4.39658594973706,8156.64466814728,0.961278133209122,0.910280245740652,6.12535892013623e-42,1.58160451518714e-31,0.00173921965928506,5.04723212298307,1.923143,524.5415,1.924898,595.8494,1.897603,524.5415,"No issues","No issues","No issues"
234,30,2025-09-20,"high",2025-09-20 13:16:30,2025-09-20 13:26:20,2025-09-20 13:15:10,60,-1.38054428452341,-120.949869185878,0.906622924651267,0.123130443368664,1.49922272278686e-31,0.00597995070346219,0.000888062814983446,0.646958965063869,1.93695,441.4032,1.938675,441.4032,1.929337,438.3641,"No issues","No issues","No issues"
234,90,2025-09-22,"low",2025-09-22 00:36:20,2025-09-22 00:46:00,2025-09-22 00:34:50,59,3.38190505669186,1947.46170613676,0.988723959974663,0.477873560936048,3.24294693186029e-57,1.35312015082998e-09,0.000711848284276974,4.01222725908164,1.950997,493.9395,1.970768,494.6053,1.94812,476.63,"No issues","No issues","No issues"
235,10,2025-09-22,"low",2025-09-22 00:48:50,2025-09-22 00:58:30,2025-09-22 00:47:20,59,-2.09080778959677,2509.47805213326,0.87098340804465,0.893201798995449,5.06299797652776e-27,2.28991551592958e-29,0.00158605121790248,1.71031392704535,1.947352,463.2833,1.95373,471.2539,1.939389,454.2643,"No issues","No issues","No issues"
235,40,2025-09-20,"high",2025-09-20 13:28:50,2025-09-20 13:38:40,2025-09-20 13:27:30,60,0.30664701972772,217.08121233677,0.660700472277287,0.429332603869634,3.10186387402179e-15,1.34249115577817e-08,0.000440468266281989,0.501652974074262,1.93896,439.9868,1.940652,442.0295,1.93762,438.6039,"No issues","No issues","No issues"
236,20,2025-09-22,"low",2025-09-22 01:01:20,2025-09-22 01:11:00,2025-09-22 00:59:50,59,-0.323089037989563,2545.71469690238,0.218647387600418,0.767703295770508,0.000188412581917324,1.02218050500719e-19,0.00120381255255893,2.76006816477349,1.948227,469.3187,1.955035,472.8541,1.948227,454.3756,"No issues","No issues","No issues"
236,50,2025-09-20,"high",2025-09-20 13:41:10,2025-09-20 13:51:00,2025-09-20 13:39:50,60,2.78771532536822,-216.738541150297,0.943377284154931,0.388424050241989,7.36729848570635e-38,1.04715345087955e-07,0.00136895011047064,0.54512342718167,1.943273,440.4854,1.958782,440.4854,1.938128,436.7452,"No issues","No issues","No issues"
237,30,2025-09-22,"low",2025-09-22 01:13:50,2025-09-22 01:23:30,2025-09-22 01:12:20,59,-2.30135363179435,2749.93834155463,0.807538397713797,0.745197259998326,4.68366129554347e-22,1.44642599549867e-18,0.00221441529612839,3.16938234961263,1.942459,471.2819,1.952966,474.7388,1.936619,453.683,"No issues","No issues","No issues"
237,60,2025-09-20,"high",2025-09-20 13:53:30,2025-09-20 14:03:20,2025-09-20 13:52:10,60,13.8050196076688,1098.31881656016,0.977984360627517,0.913245154744015,9.16712651667097e-50,1.76967675640812e-32,0.00415167436102496,0.678528608367025,1.960606,441.6324,2.032842,446.3759,1.942304,438.6434,"No issues","No issues","No issues"
238,40,2025-09-22,"low",2025-09-22 01:26:20,2025-09-22 01:36:00,2025-09-22 01:24:50,59,1.0845745037989,5413.45451502044,0.861920148715874,0.895356426191868,3.5229513090843e-26,1.27953381250826e-29,0.000855610855532487,3.64769109323733,1.950642,475.6179,1.960295,494.6673,1.950642,457.8062,"No issues","No issues","No issues"
238,70,2025-09-20,"high",2025-09-20 14:05:50,2025-09-20 14:15:40,2025-09-20 14:04:30,60,2.22725300138935,-955.586184606822,0.915651181267947,0.947546538431187,7.81836557318896e-33,8.00026889497254e-39,0.00135497281845952,0.45065399189554,1.947205,439.4015,1.955208,439.4015,1.938218,432.9269,"No issues","No issues","No issues"
239,50,2025-09-22,"low",2025-09-22 01:38:50,2025-09-22 01:48:30,2025-09-22 01:37:20,59,-1.70790833898313,6807.75559742838,0.733116957268888,0.889516416526478,5.45780737958175e-18,6.03388712030009e-29,0.00203106430243625,4.72891060824827,1.945076,486.3536,1.952709,510.3168,1.939646,464.7586,"No issues","No issues","No issues"
239,80,2025-09-20,"high",2025-09-20 14:18:10,2025-09-20 14:28:00,2025-09-20 14:16:50,60,4.51672696637956,-340.75178127257,0.981928393649225,0.77298631935772,2.98598177073846e-52,2.49847997201751e-20,0.00122819935814336,0.370138962941853,1.942136,438.2937,1.968983,438.8139,1.937862,435.8725,"No issues","No issues","No issues"
240,60,2025-09-22,"low",2025-09-22 01:51:20,2025-09-22 02:01:00,2025-09-22 01:49:50,59,-3.57587633898309,6259.58945926358,0.860277890319801,0.849781273747426,4.93909254409754e-26,3.91551160936727e-25,0.0028404093567432,5.18727851047281,1.939355,493.446,1.95158,509.4917,1.927343,466.2405,"No issues","No issues","No issues"
240,90,2025-09-20,"high",2025-09-20 14:30:30,2025-09-20 14:40:20,2025-09-20 14:29:10,60,-0.929246283967751,359.18880666854,0.711323469172193,0.486433424974793,2.76288181495936e-17,5.95396007175499e-10,0.00118655960896985,0.739768819993392,1.937473,441.5082,1.939616,441.8478,1.931962,438.264,"No issues","No issues","No issues"
241,10,2025-09-20,"high",2025-09-20 14:42:50,2025-09-20 14:52:40,2025-09-20 14:41:30,60,0.769867212003388,1169.8697318144,0.525738570828343,0.894639065691643,5.70396922356052e-11,5.00484456558038e-30,0.00146563681144189,0.80471100340992,1.941091,442.4391,1.945445,447.2755,1.937667,439.0422,"No issues","No issues","No issues"
241,70,2025-09-22,"low",2025-09-22 02:03:50,2025-09-22 02:13:30,2025-09-22 02:02:20,59,-4.33961547632969,6607.19089935709,0.872147024313001,0.867772183407681,3.90831282175522e-27,1.0220705547013e-26,0.00327489269382252,5.08347465292103,1.938958,490.7826,1.951146,509.7911,1.921965,464.3646,"No issues","No issues","No issues"
242,20,2025-09-20,"high",2025-09-20 14:55:10,2025-09-20 15:05:00,2025-09-20 14:53:50,60,0.383398979716593,641.60066240623,0.357011935325536,0.783537161610468,4.65256153645315e-07,6.24400907886485e-21,0.00103132987593654,0.675947920650389,1.94183,441.1143,1.943652,443.9393,1.938596,438.4122,"No issues","No issues","No issues"
242,80,2025-09-22,"low",2025-09-22 02:16:20,2025-09-22 02:26:00,2025-09-22 02:14:50,59,-4.32427455289312,7314.95384500291,0.792579266207959,0.837777339369582,3.98985446118782e-21,3.52612486184533e-24,0.00436016822959778,6.34436706756065,1.938042,496.7472,1.955817,515.3226,1.924425,463.9111,"No issues","No issues","No issues"
243,30,2025-09-20,"high",2025-09-20 15:07:30,2025-09-20 15:17:20,2025-09-20 15:06:10,60,-1.28463116198945,-380.495445179198,0.831501428235102,0.681459570980797,4.24872024324226e-24,4.89873745546152e-16,0.00115912860315829,0.521432687521778,1.936684,439.7718,1.939731,439.7718,1.930332,435.6194,"No issues","No issues","No issues"
243,90,2025-09-22,"low",2025-09-22 02:28:50,2025-09-22 02:38:30,2025-09-22 02:27:20,59,2.796764465225,3121.91548895382,0.988256992983927,0.882387002568339,1.03106534217498e-56,3.59972303483268e-28,0.000600891224513768,2.24649008873875,1.959741,468.5294,1.975481,479.1134,1.957429,458.1941,"No issues","No issues","No issues"
244,10,2025-09-22,"low",2025-09-22 02:41:20,2025-09-22 02:51:00,2025-09-22 02:39:50,59,-2.00560001870259,2481.54343237871,0.891858260399034,0.934776979528044,3.27244494554039e-29,1.76464613345543e-35,0.00137650672549468,1.29197344219427,1.952898,460.9336,1.956839,472.1985,1.943282,455.7012,"No issues","No issues","No issues"
244,40,2025-09-20,"high",2025-09-20 15:19:50,2025-09-20 15:29:40,2025-09-20 15:18:30,60,0.337272806890785,-6.95890903027328,0.74215499702899,0.000495643932087977,1.02336151662627e-18,0.865920786029354,0.000398473951388305,0.626376081833083,1.939105,440.6281,1.941193,440.6281,1.938108,437.1738,"No issues","No issues","No issues"
245,20,2025-09-22,"low",2025-09-22 02:53:50,2025-09-22 03:03:30,2025-09-22 02:52:20,59,-0.531514520163701,2984.42874950321,0.724395418220579,0.960786100838699,1.37250843321833e-17,8.78062502075618e-42,0.000646183343280415,1.18837396705463,1.954794,459.4512,1.957122,474.5228,1.952769,454.6802,"No issues","No issues","No issues"
245,50,2025-09-20,"high",2025-09-20 15:32:10,2025-09-20 15:42:00,2025-09-20 15:30:50,60,3.50676474131714,-442.752850903025,0.971013093657764,0.773360664347032,2.68151349594208e-46,2.38116592670841e-20,0.00121445542625368,0.480423816595219,1.944041,439.2346,1.964512,439.2346,1.939822,435.0654,"No issues","No issues","No issues"
246,30,2025-09-22,"low",2025-09-22 03:06:20,2025-09-22 03:16:00,2025-09-22 03:04:50,59,-1.95762302279377,2881.82766382231,0.880023021751595,0.945356437171904,6.35541023628394e-28,1.13171582806901e-37,0.00142467650881738,1.36560460832063,1.951856,462.2342,1.956062,475.3242,1.942909,456.4474,"No issues","No issues","No issues"
246,60,2025-09-20,"high",2025-09-20 15:44:30,2025-09-20 15:54:20,2025-09-20 15:43:10,60,14.6691127535426,1040.46094492916,0.985773328604248,0.900082294179931,2.89305690602905e-55,1.07162855548407e-30,0.00353226699224072,0.694852234468396,1.959142,441.1856,2.04099,446.3366,1.945877,437.9124,"No issues","No issues","No issues"
247,40,2025-09-22,"low",2025-09-22 03:18:50,2025-09-22 03:28:30,2025-09-22 03:17:20,59,1.10703446405606,5168.50026417298,0.932504510807122,0.94031285737163,4.68890666639066e-35,1.40474721716254e-36,0.000587027304313338,2.56657527597607,1.958164,469.5859,1.965653,492.4749,1.957781,458.7918,"No issues","No issues","No issues"
247,70,2025-09-20,"high",2025-09-20 15:56:50,2025-09-20 15:59:50,2025-09-20 15:55:30,19,3.71166821052668,-1163.18501052626,0.597186008804622,0.740080232161901,0.000105030529884425,2.3126297903019e-06,0.00193247326089167,0.436994463770042,1.946427,437.8398,1.949265,438.0474,1.940347,435.2507,"No issues","No issues","No issues"
247,70,2025-09-21,"high",2025-09-20 16:00:00,2025-09-20 16:06:40,2025-09-20 15:55:30,41,2.52110082229959,-1133.76473310103,0.997357541813817,0.868729901263191,6.81285334339597e-52,8.64625772883774e-19,0.000177712965207659,0.603550675075262,1.949388,435.743,1.960925,435.972,1.949388,429.2375,"No issues","No issues","No issues"
248,50,2025-09-22,"low",2025-09-22 03:31:20,2025-09-22 03:41:00,2025-09-22 03:29:50,59,-2.34301802454717,7397.73226604323,0.891471903522552,0.956078623439838,3.62330316976764e-29,2.22729622349331e-40,0.00161130646240205,3.1251799798461,1.953955,473.9321,1.95852,508.8737,1.942645,461.4283,"No issues","No issues","No issues"
248,80,2025-09-21,"high",2025-09-20 16:09:10,2025-09-20 16:19:00,2025-09-20 16:07:50,60,4.30500039344265,-629.553948096697,0.977177441664217,0.859019736906724,2.60473793889226e-49,2.37554685695498e-26,0.00131872791625593,0.511207358822326,1.945334,438.5369,1.96983,438.8239,1.939914,433.2126,"No issues","No issues","No issues"
249,60,2025-09-22,"low",2025-09-22 03:43:50,2025-09-22 03:53:30,2025-09-22 03:42:20,59,-3.72399401519591,6788.89838082991,0.907191684078807,0.947625140060599,4.1564723339571e-31,3.37579173771248e-38,0.00234767592641065,3.14577542128348,1.946571,479.8959,1.955146,510.9232,1.930721,466.5895,"No issues","No issues","No issues"
249,90,2025-09-21,"high",2025-09-20 16:21:30,2025-09-20 16:31:20,2025-09-20 16:20:10,60,-0.754652745762674,357.853627785513,0.55326788739354,0.470713572355501,9.83078605467166e-12,1.44946328586471e-09,0.0013592194125526,0.760604692704384,1.937395,439.8453,1.941178,441.3556,1.934203,436.5296,"No issues","No issues","No issues"
250,10,2025-09-21,"high",2025-09-20 16:33:50,2025-09-20 16:43:40,2025-09-20 16:32:30,60,0.87259750819677,1358.53374648515,0.531455202195577,0.911904077146358,3.99239370750863e-11,2.7631312625054e-32,0.00164226317698119,0.846370104335889,1.940793,441.9236,1.947119,448.4896,1.938068,438.7026,"No issues","No issues","No issues"
250,70,2025-09-22,"low",2025-09-22 03:56:20,2025-09-22 04:06:00,2025-09-22 03:54:50,59,-4.50108753243721,7107.57536317942,0.911790365946079,0.959515267496359,9.7419899044774e-32,2.18053594795165e-41,0.00275939088792941,2.8775734783721,1.94823,475.6574,1.956914,508.9155,1.927307,462.9443,"No issues","No issues","No issues"
251,20,2025-09-21,"high",2025-09-20 16:46:10,2025-09-20 16:56:00,2025-09-20 16:44:50,60,0.839152377882784,823.494340427916,0.531515608132842,0.8002747653706,3.97728129266757e-11,5.9910254653055e-22,0.00157912656465992,0.824601433095002,1.940161,441.8433,1.946439,444.5102,1.937795,437.8905,"No issues","No issues","No issues"
251,80,2025-09-22,"low",2025-09-22 04:08:50,2025-09-22 04:18:30,2025-09-22 04:07:20,59,-5.15921466277032,8689.71726662769,0.899256968166245,0.957530694751576,4.32477074576605e-30,8.53763623224969e-41,0.00340356819859853,3.60704971896996,1.948904,474.1974,1.959655,516.0511,1.925255,459.8596,"No issues","No issues","No issues"
252,30,2025-09-21,"high",2025-09-20 16:58:30,2025-09-20 17:08:20,2025-09-20 16:57:10,60,-1.42626282411779,317.657582217296,0.845917820083584,0.620452021886111,3.14920677771926e-25,8.24916072154096e-14,0.00122010790331505,0.497995046503358,1.936669,439.2788,1.939697,440.0513,1.929353,436.9532,"No issues","No issues","No issues"
252,90,2025-09-22,"low",2025-09-22 04:21:20,2025-09-22 04:31:00,2025-09-22 04:19:50,59,1.89276495149024,3100.97684535357,0.98121222911678,0.923762539544846,6.78453985302379e-51,1.51534770263905e-33,0.000516223883290675,1.75585163794423,1.962429,464.3086,1.972516,476.9612,1.960082,456.4897,"No issues","No issues","No issues"
253,10,2025-09-22,"low",2025-09-22 04:33:50,2025-09-22 04:43:30,2025-09-22 04:32:20,59,-2.4217970496786,2499.33885306836,0.907536279115485,0.943678342005667,3.73768753030266e-31,2.68223893221598e-37,0.00152362008035257,1.20347235512537,1.954882,459.6844,1.958648,471.0898,1.942359,454.5308,"No issues","No issues","No issues"
253,40,2025-09-21,"high",2025-09-20 17:10:50,2025-09-20 17:20:40,2025-09-20 17:09:30,60,0.41515284023344,819.928197832741,0.791408608322661,0.851529788018881,2.12256424603246e-21,1.07038857590359e-25,0.000427210951417521,0.686249627894933,1.938537,440.7566,1.941268,444.2092,1.937666,437.5701,"No issues","No issues","No issues"
254,20,2025-09-22,"low",2025-09-22 04:46:20,2025-09-22 04:56:00,2025-09-22 04:44:50,59,-0.44685665926363,2851.10178375217,0.747738753512666,0.932239099291475,1.08520858080638e-18,5.24453709406465e-35,0.000511568523423724,1.51503932760001,1.956583,459.8932,1.958538,472.8923,1.954984,453.266,"No issues","No issues","No issues"
254,50,2025-09-21,"high",2025-09-20 17:23:10,2025-09-20 17:33:00,2025-09-20 17:21:50,60,4.16688354765211,542.318107918872,0.970965651514879,0.730666927461787,2.81181375519703e-46,3.64977060950966e-18,0.00144428210534363,0.659972411371581,1.945591,439.4232,1.969506,442.369,1.940122,437.3227,"No issues","No issues","No issues"
255,30,2025-09-22,"low",2025-09-22 04:58:50,2025-09-22 05:08:30,2025-09-22 04:57:20,59,-2.38685882875514,2937.51496341319,0.928101862401487,0.940902840693833,2.8456692770116e-34,1.05806572410246e-36,0.0013094019644652,1.45102955031784,1.954085,459.4552,1.957946,472.8254,1.942728,453.085,"No issues","No issues","No issues"
255,60,2025-09-21,"high",2025-09-20 17:35:30,2025-09-20 17:45:20,2025-09-20 17:34:10,60,14.5237528557933,2432.23302828565,0.976794665132401,0.973784759819882,4.22015230117316e-49,1.45207634346793e-47,0.00448701672573061,0.799902719485215,1.96545,441.5988,2.041473,455.6363,1.946398,439.1419,"No issues","No issues","No issues"
256,40,2025-09-22,"low",2025-09-22 05:11:20,2025-09-22 05:21:00,2025-09-22 05:09:50,59,0.791306342489722,5731.74443950905,0.927748955052174,0.965165762866994,3.27241990644763e-34,2.99716990179827e-43,0.000435247948234831,2.14622017410478,1.959448,465.0107,1.963886,493.6973,1.957873,456.0604,"No issues","No issues","No issues"
256,70,2025-09-21,"high",2025-09-20 17:47:50,2025-09-20 17:57:40,2025-09-20 17:46:30,60,2.48490937260353,1838.31390675188,0.93899478185495,0.974129636450916,6.4149919613818e-37,9.88842711922873e-48,0.0012695476759266,0.600480789656439,1.948356,439.7749,1.958344,451.9044,1.940094,438.951,"No issues","No issues","No issues"
257,50,2025-09-22,"low",2025-09-22 05:23:50,2025-09-22 05:33:30,2025-09-22 05:22:20,59,-1.55387698421984,7834.94701858561,0.587276037882259,0.956920384832289,1.50988951122879e-12,1.2825549493176e-40,0.00256750082615119,3.27656905191995,1.953935,475.1035,1.960828,513.1663,1.947385,462.8239,"No issues","No issues","No issues"
257,80,2025-09-21,"high",2025-09-20 18:00:10,2025-09-20 18:10:00,2025-09-20 17:58:50,60,3.56712542817455,2666.71698671854,0.976263679794091,0.990992191821594,8.13548007591844e-49,5.06067050903817e-61,0.00111487985456973,0.509609990600475,1.947357,443.46,1.967678,462.0013,1.942726,442.9202,"No issues","No issues","No issues"
258,60,2025-09-22,"low",2025-09-22 05:36:20,2025-09-22 05:46:00,2025-09-22 05:34:50,59,-3.22694052133254,6576.7244717709,0.873767439706008,0.939251688451706,2.71473472420027e-27,2.32250752830706e-36,0.00241748609058735,3.29663615812849,1.946824,480.1513,1.955276,508.898,1.932749,465.3603,"No issues","No issues","No issues"
258,90,2025-09-21,"high",2025-09-20 18:12:30,2025-09-20 18:22:20,2025-09-20 18:11:10,60,-0.990835632119966,1879.10997499304,0.731635540857878,0.983338049544325,3.28560043195428e-18,2.83093264664987e-53,0.00120282730037271,0.490286858895445,1.938692,447.2117,1.94159,459.855,1.933652,446.726,"No issues","No issues","No issues"
259,10,2025-09-21,"high",2025-09-20 18:24:50,2025-09-20 18:34:40,2025-09-20 18:23:30,60,0.610044736871396,1925.13291914421,0.426315775220181,0.984938682765905,1.56942314651726e-08,1.5120449817427e-54,0.00141846620976132,0.477171129021903,1.942012,446.9274,1.945992,459.4938,1.939338,446.8137,"No issues","No issues","No issues"
259,70,2025-09-22,"low",2025-09-22 05:48:50,2025-09-22 05:58:30,2025-09-22 05:47:20,59,-4.41084876680308,6757.39434529512,0.942344019742003,0.969496569013897,5.23128294127646e-37,6.80034871300463e-45,0.00215042779482114,2.3624668746721,1.947938,473.5667,1.95294,507.7609,1.924968,464.6456,"No issues","No issues","No issues"
260,20,2025-09-21,"high",2025-09-20 18:37:10,2025-09-20 18:47:00,2025-09-20 18:35:50,60,0.491335362045026,2186.59475543207,0.373080339662095,0.98940933797381,2.18858659311861e-07,5.53807595648494e-59,0.00127664263139721,0.453448961834212,1.941089,447.5776,1.945257,462.2169,1.939295,447.5776,"No issues","No issues","No issues"
260,80,2025-09-22,"low",2025-09-22 06:01:20,2025-09-22 06:11:00,2025-09-22 05:59:50,59,-3.87461431209822,6554.21042945643,0.803586133046994,0.948853705211689,8.37927175462341e-22,1.71516714030467e-38,0.0037755792526313,2.99925296592243,1.946853,478.2008,1.95915,508.8635,1.931214,466.4462,"No issues","No issues","No issues"
261,30,2025-09-21,"high",2025-09-20 18:49:30,2025-09-20 18:59:20,2025-09-20 18:48:10,60,-1.3706619394275,1998.9953164768,0.848785515341784,0.98429445588924,1.82340521987241e-25,5.0958059165721e-54,0.00115961714634146,0.506130266030039,1.935823,446.6589,1.939082,461.683,1.929022,446.6589,"No issues","No issues","No issues"
261,90,2025-09-22,"low",2025-09-22 06:13:50,2025-09-22 06:23:30,2025-09-22 06:12:20,59,2.14483581531267,2976.64103424897,0.986406133185189,0.932771775833811,6.68720237401441e-55,4.18700016891539e-35,0.000496275611181361,1.57506993713302,1.96045,465.9485,1.972337,478.8814,1.958307,459.3435,"No issues","No issues","No issues"
262,10,2025-09-22,"low",2025-09-22 06:26:20,2025-09-22 06:36:00,2025-09-22 06:24:50,59,-2.04055490356522,1957.78127971945,0.807044628822912,0.955157547939429,5.03995800210068e-22,4.02589136330701e-40,0.00196658716927915,0.836096871171923,1.955583,460.0634,1.961139,469.3151,1.945948,456.6212,"No issues","No issues","No issues"
262,40,2025-09-21,"high",2025-09-20 19:01:50,2025-09-20 19:11:40,2025-09-20 19:00:30,60,0.226686568491307,1800.56404467908,0.640540083020983,0.980957128000055,1.67868917308406e-14,1.36342037547276e-51,0.000340380306565396,0.502847553851701,1.936536,448.3492,1.937546,462.0552,1.934998,448.3492,"No issues","No issues","No issues"
263,20,2025-09-22,"low",2025-09-22 06:38:50,2025-09-22 06:48:30,2025-09-22 06:37:20,59,-0.262233846873254,1918.91769117474,0.514057344587322,0.933893926891308,1.68871680582996e-10,2.5900512076562e-35,0.000502528537498727,1.00626764178342,1.957351,459.0123,1.958833,467.7216,1.95632,455.587,"No issues","No issues","No issues"
263,50,2025-09-21,"high",2025-09-20 19:14:10,2025-09-20 19:24:00,2025-09-20 19:12:50,60,2.28302625395944,1885.90503851071,0.911181695402743,0.984173235610147,3.50284381535071e-32,6.36904144852353e-54,0.00142871699127218,0.479365386813909,1.945084,445.6837,1.955021,458.6461,1.937959,445.6837,"No issues","No issues","No issues"
264,30,2025-09-22,"low",2025-09-22 06:51:20,2025-09-22 07:01:00,2025-09-22 06:49:50,59,-2.25753252133259,1526.86221390998,0.898011497648809,0.865588206804837,6.14234822386433e-30,1.63219319440413e-26,0.00149952575878404,1.18590015585062,1.955033,458.1859,1.959678,463.6777,1.944281,452.6924,"No issues","No issues","No issues"
264,60,2025-09-21,"high",2025-09-20 19:26:30,2025-09-20 19:36:20,2025-09-20 19:25:10,60,11.3645338549598,2635.12673164768,0.956763764689211,0.987914950825244,2.93233520472511e-41,2.54747630874425e-57,0.00484238996558569,0.584187818018396,1.966739,451.0538,2.019345,467.7755,1.943402,449.9475,"No issues","No issues","No issues"
265,40,2025-09-22,"low",2025-09-22 07:03:50,2025-09-22 07:13:30,2025-09-22 07:02:20,59,0.894873734657966,483.030536528332,0.964122065663795,0.224670373594829,6.95568947626273e-43,0.000149329368889375,0.00034024732685221,1.76860207205716,1.959266,463.8741,1.964197,463.8741,1.957847,452.7101,"No issues","No issues","No issues"
265,70,2025-09-21,"high",2025-09-20 19:38:50,2025-09-20 19:48:40,2025-09-20 19:37:30,60,2.02814697415947,2313.02897204779,0.926941458564033,0.989024871581153,1.20425447774829e-34,1.55793384491317e-58,0.00114128820005264,0.48839232348445,1.946479,450.3987,1.954525,466.3896,1.939528,450.3987,"No issues","No issues","No issues"
266,50,2025-09-22,"low",2025-09-22 07:16:20,2025-09-22 07:26:00,2025-09-22 07:14:50,59,-2.17565248860324,952.223590414953,0.891042123718038,0.311895248863554,4.05624421662654e-29,4.29797349019217e-06,0.00149952938727215,2.78770678204064,1.955203,468.4069,1.95805,468.4069,1.943557,453.2257,"No issues","No issues","No issues"
266,80,2025-09-21,"high",2025-09-20 19:51:10,2025-09-20 20:01:00,2025-09-20 19:49:50,60,3.1424673876077,2289.52070597389,0.964876099001335,0.951443329627956,7.05236698776475e-44,8.51161843869628e-40,0.00120177436261847,1.03672630919123,1.94588,455.0026,1.961428,467.1577,1.938962,452.0634,"No issues","No issues","No issues"
267,60,2025-09-22,"low",2025-09-22 07:28:50,2025-09-22 07:38:30,2025-09-22 07:27:20,59,-4.07556627001756,-195.11225715957,0.952740084902574,0.0246515560405017,1.80009332172111e-39,0.234998458389571,0.00178909114175006,2.41895360301212,1.948885,471.7935,1.954391,471.7935,1.928196,454.001,"No issues","No issues","No issues"
267,90,2025-09-21,"high",2025-09-20 20:03:30,2025-09-20 20:13:20,2025-09-20 20:02:10,60,-1.0929062250625,1579.83384273409,0.827311794641466,0.962640307319161,8.68237952505379e-24,4.22704875302726e-43,0.00100084353369423,0.623831926184791,1.936684,453.1739,1.938698,463.1407,1.930509,452.404,"No issues","No issues","No issues"
268,10,2025-09-21,"high",2025-09-20 20:15:50,2025-09-20 20:25:40,2025-09-20 20:14:30,60,0.386302106140582,1646.87798610728,0.250678301925001,0.952753646512206,4.62036292099175e-05,3.84756719242926e-40,0.00133871896539512,0.735092208990599,1.940179,455.6063,1.943609,465.8962,1.937745,453.431,"No issues","No issues","No issues"
268,70,2025-09-22,"low",2025-09-22 07:41:20,2025-09-22 07:51:00,2025-09-22 07:39:50,59,-4.97664151490365,3535.80936154294,0.913528014583478,0.905428462517322,5.52068119668534e-32,7.11341375590696e-31,0.00301785517770285,2.2523052611116,1.947638,467.7177,1.956648,479.3021,1.924209,455.874,"No issues","No issues","No issues"
269,20,2025-09-21,"high",2025-09-20 20:28:10,2025-09-20 20:38:00,2025-09-20 20:26:50,60,0.157682280633559,1874.41859183107,0.0722470306100029,0.958319235602552,0.037837560042745,1.012556815183e-41,0.00113259757136403,0.783548486108974,1.940095,456.3146,1.942428,466.8178,1.937482,454.6306,"No issues","No issues","No issues"
269,80,2025-09-22,"low",2025-09-22 07:53:50,2025-09-22 08:03:30,2025-09-22 07:52:20,59,-5.39063234132098,-10647.8500039743,0.892337557024329,0.994384250452802,2.8825716803691e-29,7.61026146762792e-66,0.00369056193499943,1.57715336867151,1.947965,465.2645,1.958592,465.2645,1.922458,385.3199,"No issues","No issues","No issues"
270,30,2025-09-21,"high",2025-09-20 20:40:30,2025-09-20 20:50:20,2025-09-20 20:39:10,60,-1.42632788218941,1601.72910075022,0.869532627863762,0.94686044747257,2.49567021236347e-27,1.16660758074506e-38,0.00110742403715159,0.760574188376199,1.933876,454.7932,1.937365,464.0492,1.92748,452.8538,"No issues","No issues","No issues"
270,90,2025-09-22,"low",2025-09-22 08:06:20,2025-09-22 08:16:00,2025-09-22 08:04:50,59,3.03802649210983,2101.79119392167,0.986410800695883,0.837817960737758,6.6220570073199e-55,3.5009654778594e-24,0.000702821175141465,1.82264198385128,1.96135,461.0146,1.978112,468.0428,1.958477,452.615,"No issues","No issues","No issues"
271,10,2025-09-22,"low",2025-09-22 08:18:50,2025-09-22 08:28:30,2025-09-22 08:17:20,59,-1.74204467095274,-661.878435534771,0.754058417550583,0.49565256113929,5.24489330199676e-19,4.95572456363804e-10,0.00196091166114112,1.31595100700289,1.955427,459.6982,1.960275,459.6982,1.946815,448.5944,"No issues","No issues","No issues"
271,40,2025-09-21,"high",2025-09-20 20:52:50,2025-09-20 21:02:40,2025-09-20 20:51:30,60,0.0554167535427081,1469.83144651294,0.0258834309577434,0.936880984840844,0.219447120694663,1.72453435482699e-36,0.000681431462295256,0.764701579603868,1.937086,452.3755,1.939762,460.1013,1.936632,449.9367,"No issues","No issues","No issues"
272,20,2025-09-22,"low",2025-09-22 08:31:20,2025-09-22 08:41:00,2025-09-22 08:29:50,59,0.114430260666279,-905.320964114573,0.310021978773694,0.629953688500445,4.65693176209671e-06,6.50903936965088e-14,0.000336470915760678,1.3676077776186,1.957998,460.2795,1.958692,460.2795,1.957036,448.2966,"No issues","No issues","No issues"
272,50,2025-09-21,"high",2025-09-20 21:05:10,2025-09-20 21:15:00,2025-09-20 21:03:50,60,2.03890124145605,1664.02578138373,0.924251977532764,0.950448710048684,3.44060964185068e-34,1.53322981823408e-39,0.0011699658990185,0.761569860192568,1.941916,451.7238,1.953263,461.1241,1.938292,448.7383,"No issues","No issues","No issues"
273,30,2025-09-22,"low",2025-09-22 08:43:50,2025-09-22 08:53:30,2025-09-22 08:42:20,59,-2.27569974985398,-279.979326241975,0.892936959407706,0.142154129123469,2.45774635894512e-29,0.00324467174696294,0.00155313642548048,1.35561421314878,1.954213,459.9749,1.958003,459.9749,1.942627,450.7047,"No issues","No issues","No issues"
273,60,2025-09-21,"high",2025-09-20 21:17:30,2025-09-20 21:27:20,2025-09-20 21:16:10,60,10.037234440678,2290.66913698251,0.961198482157589,0.944884530689032,1.26843631011074e-42,3.36647494069279e-38,0.00404220602572326,1.10891001995766,1.963181,455.2691,2.010713,466.6814,1.944219,451.1719,"No issues","No issues","No issues"
274,40,2025-09-22,"low",2025-09-22 08:56:20,2025-09-22 09:06:00,2025-09-22 08:54:50,59,2.25873030508463,-3224.70750298072,0.991076809267872,0.977136020249587,4.10963301971564e-60,1.83136710576417e-48,0.000422431277216329,0.972241122827825,1.957957,456.1947,1.971346,457.8397,1.95598,434.289,"No issues","No issues","No issues"
274,70,2025-09-21,"high",2025-09-20 21:29:50,2025-09-20 21:39:40,2025-09-20 21:28:30,60,2.43176869130313,1923.71455715477,0.947858853830713,0.917562581976605,6.72700422095697e-39,4.01786567192499e-33,0.00114321330896993,1.15577030581207,1.945872,455.4146,1.956692,465.2108,1.93891,451.498,"No issues","No issues","No issues"
275,50,2025-09-22,"low",2025-09-22 09:08:50,2025-09-22 09:18:30,2025-09-22 09:07:20,59,-2.48416714436006,-963.982271887796,0.95670101666321,0.781250542174381,1.4824897758614e-40,1.82874768107197e-20,0.00104163796839257,1.00538552992904,1.953063,463.4639,1.954027,463.4639,1.938225,451.1931,"No issues","No issues","No issues"
275,80,2025-09-21,"high",2025-09-20 21:42:10,2025-09-20 21:52:00,2025-09-20 21:40:50,60,2.53754255293139,2135.83102239512,0.952249036224325,0.954810920669445,5.23719558919726e-40,1.05687807967807e-40,0.00113897893364497,0.931346969734844,1.944835,453.9893,1.956854,464.553,1.938929,450.2692,"No issues","No issues","No issues"
276,60,2025-09-22,"low",2025-09-22 09:21:20,2025-09-22 09:31:00,2025-09-22 09:19:50,59,-6.10710749737007,-999.216908942164,0.977509206239768,0.442482761771645,1.14552512201273e-48,9.09224855422467e-09,0.00182584028230974,2.210680615526,1.946217,460.4754,1.949797,460.4754,1.912056,448.1285,"No issues","No issues","No issues"
276,90,2025-09-21,"high",2025-09-20 21:54:30,2025-09-20 22:04:20,2025-09-20 21:53:10,60,-1.08046572936924,1465.63128780218,0.819897772151267,0.937086129379262,2.95088026518027e-23,1.56900933198598e-36,0.00101502617902694,0.761192907577941,1.934965,457.3094,1.937664,464.7132,1.929433,454.1607,"No issues","No issues","No issues"
277,10,2025-09-21,"high",2025-09-20 22:06:50,2025-09-20 22:16:40,2025-09-20 22:05:30,60,0.498939234231731,1587.44753364823,0.395938590639985,0.922222374237479,7.25196593315835e-08,7.41504409790783e-34,0.00123526701106068,0.924049958526455,1.939217,456.0206,1.943073,463.0669,1.93745,452.0966,"No issues","No issues","No issues"
277,70,2025-09-22,"low",2025-09-22 09:33:50,2025-09-22 09:43:30,2025-09-22 09:32:20,59,-6.75873973115145,8862.22372881355,0.978387129188815,0.982957878083563,3.68116382680816e-49,4.20850143970404e-52,0.00197993914708884,2.29997092648277,1.946917,468.5274,1.950608,518.3209,1.909754,462.4695,"No issues","No issues","No issues"
278,20,2025-09-21,"high",2025-09-20 22:19:10,2025-09-20 22:29:00,2025-09-20 22:17:50,60,0.125750290636324,1668.09988107807,0.0465169074209259,0.903138512198261,0.0979181091957998,4.34597232175964e-31,0.00114116025289618,1.09498204011643,1.938776,457.0815,1.941952,464.3567,1.937267,452.5544,"No issues","No issues","No issues"
278,80,2025-09-22,"low",2025-09-22 09:46:20,2025-09-22 09:56:00,2025-09-22 09:44:50,59,-5.24329635534786,-12072.3794721216,0.910670306473351,0.983057125671716,1.39662466948877e-31,3.56298364579416e-52,0.0032367338931002,3.12379339054051,1.948443,449.9829,1.957274,455.9466,1.921973,382.5519,"No issues","No issues","No issues"
279,30,2025-09-21,"high",2025-09-20 22:31:30,2025-09-20 22:41:20,2025-09-20 22:30:10,60,-1.41818626062793,1648.97916976938,0.892003388378062,0.957526740649577,1.02610681619016e-29,1.74908268095693e-41,0.000989103285094652,0.69611992792585,1.933724,454.552,1.936603,463.1492,1.926857,452.3525,"No issues","No issues","No issues"
279,90,2025-09-22,"low",2025-09-22 09:58:50,2025-09-22 10:08:30,2025-09-22 09:57:20,59,3.53291670368202,2804.3035343074,0.984347467366227,0.917629253037977,3.72450321796332e-53,1.37922961929978e-32,0.000878085386357981,1.65601075494066,1.961858,463.1633,1.980552,474.4516,1.958059,456.1664,"No issues","No issues","No issues"
280,10,2025-09-22,"low",2025-09-22 10:11:20,2025-09-22 10:21:00,2025-09-22 10:09:50,59,-1.67071139684403,772.80977393335,0.894298723364542,0.782064746042928,1.70520808254805e-29,1.64354479644632e-20,0.00113210185650292,0.80408183745376,1.956345,458.6582,1.958491,459.7183,1.947271,453.8723,"No issues","No issues","No issues"
280,40,2025-09-21,"high",2025-09-20 22:43:50,2025-09-20 22:53:40,2025-09-20 22:42:30,60,-0.00574479577657295,1400.74452770215,0.000543123125919225,0.968328999554636,0.859707666497876,3.5018536140889e-45,0.0004939625624937,0.507767516627104,1.936813,455.0052,1.938067,464.2905,1.935959,453.6436,"No issues","No issues","No issues"
281,20,2025-09-22,"low",2025-09-22 10:23:50,2025-09-22 10:33:30,2025-09-22 10:22:20,59,0.980708170660414,-371.509547165423,0.969699376948304,0.565852740929156,5.6223655349974e-45,6.50012282134453e-12,0.000341690001837576,0.641389808961025,1.95799,455.6471,1.963635,455.6471,1.956821,450.0606,"No issues","No issues","No issues"
281,50,2025-09-21,"high",2025-09-20 22:56:10,2025-09-20 23:06:00,2025-09-20 22:54:50,60,1.63550878799668,1561.8159017505,0.887518649313572,0.951008741273336,3.34724787512998e-29,1.10237453013121e-39,0.00116705401605359,0.710531674084382,1.941637,451.9746,1.951067,460.3748,1.938652,449.0462,"No issues","No issues","No issues"
282,30,2025-09-22,"low",2025-09-22 10:36:20,2025-09-22 10:46:00,2025-09-22 10:34:50,59,-2.91587577790768,890.015893395662,0.955671616338937,0.62752570053761,2.8975893173714e-40,7.85703881271184e-14,0.00123777264054749,1.3514980268474,1.955352,456.27,1.956939,459.3825,1.938642,451.7461,"No issues","No issues","No issues"
282,60,2025-09-21,"high",2025-09-20 23:08:30,2025-09-20 23:18:20,2025-09-20 23:07:10,60,9.63462220394563,2216.44486312865,0.96453281593701,0.936830689892066,9.35199961195528e-44,1.76487833279324e-36,0.00370319087645985,1.15362856788244,1.961576,455.1489,2.008089,466.0204,1.944021,450.2238,"No issues","No issues","No issues"
283,40,2025-09-22,"low",2025-09-22 10:48:50,2025-09-22 10:58:30,2025-09-22 10:47:20,59,4.42180101461125,1329.1577042665,0.989049966301677,0.871464802778659,1.40523139567428e-57,4.55011851497505e-27,0.000917028985484984,1.00611558852325,1.958858,456.3243,1.984625,461.7754,1.956113,452.4629,"No issues","No issues","No issues"
283,70,2025-09-21,"high",2025-09-20 23:20:50,2025-09-20 23:30:40,2025-09-20 23:19:30,60,2.04293916310087,1895.63062006113,0.923346377102625,0.93790626419018,4.85870856356212e-34,1.07196951801156e-36,0.00117984786206695,0.977652352363993,1.947128,454.5797,1.955123,464.0998,1.939708,450.8225,"No issues","No issues","No issues"
284,50,2025-09-22,"low",2025-09-22 11:01:20,2025-09-22 11:11:00,2025-09-22 10:59:50,59,-1.71588733606084,814.12351700758,0.900700521788593,0.590799472466986,2.86410119403561e-30,1.1792268317779e-12,0.00112294193789158,1.33543759910928,1.954064,458.908,1.956169,461.6872,1.944703,454.1961,"No issues","No issues","No issues"
284,80,2025-09-21,"high",2025-09-20 23:33:10,2025-09-20 23:43:00,2025-09-20 23:31:50,60,2.38788906251739,1988.38789797167,0.955352678199453,0.923304919695962,7.44734820417182e-41,4.93560107167331e-34,0.0010347049999106,1.14867943916621,1.944611,454.9886,1.957249,464.0513,1.940384,450.1384,"No issues","No issues","No issues"
285,60,2025-09-22,"low",2025-09-22 11:13:50,2025-09-22 11:23:30,2025-09-22 11:12:20,59,-5.05776157101116,218.117986674446,0.95859473502687,0.0369650633920135,4.14044212187754e-41,0.144605938007338,0.00207182883553673,2.19433045349855,1.94251,453.5051,1.94809,458.7377,1.916049,451.3673,"No issues","No issues","No issues"
285,90,2025-09-21,"high",2025-09-20 23:45:30,2025-09-20 23:55:20,2025-09-20 23:44:10,60,-1.07090651403163,1337.68016182274,0.788189509177382,0.888060868579344,3.31581878279055e-21,2.90871432897414e-29,0.00111274724151206,0.95193751805109,1.935392,457.3692,1.938489,463.6531,1.930484,453.6483,"No issues","No issues","No issues"
286,10,2025-09-21,"high",2025-09-20 23:57:50,2025-09-21 00:07:40,2025-09-20 23:56:30,60,0.411099074187297,1411.93905329259,0.264677372885337,0.88197228577575,2.60983664398185e-05,1.35581091855793e-28,0.0013734524043834,1.03530196307721,1.939185,456.4866,1.943319,462.5268,1.937338,451.9438,"No issues","No issues","No issues"
286,70,2025-09-22,"low",2025-09-22 11:26:20,2025-09-22 11:36:00,2025-09-22 11:24:50,59,-6.46870689888965,7709.05459357099,0.983148537799233,0.980103759155794,3.0537509320772e-52,3.47765854062192e-50,0.00166921376094273,2.1648901526056,1.94504,468.8584,1.948257,509.5141,1.909162,461.5587,"No issues","No issues","No issues"
287,20,2025-09-21,"high",2025-09-21 00:10:10,2025-09-21 00:20:00,2025-09-21 00:08:50,60,-0.00952944706863068,1720.19094281745,0.000268702219585899,0.935071622630411,0.901069623514069,3.9177118120753e-36,0.00116509215284484,0.908569284153293,1.939865,454.4326,1.94314,462.5365,1.938474,450.7477,"No issues","No issues","No issues"
287,80,2025-09-22,"low",2025-09-22 11:38:50,2025-09-22 11:48:30,2025-09-22 11:37:20,59,-7.01956320280544,-6231.41174798365,0.925281896378677,0.877265138456269,8.53109729485805e-34,1.21645112212735e-27,0.00393161726046597,4.59399203673831,1.9456,444.7186,1.953754,448.6552,1.90774,409.6884,"No issues","No issues","No issues"
288,30,2025-09-21,"high",2025-09-21 00:22:30,2025-09-21 00:32:20,2025-09-21 00:21:10,60,-1.41661478410667,1454.18382795222,0.884304881043681,0.895057377355875,7.59009446463066e-29,4.45850792008287e-30,0.00102705768153479,0.998059394388616,1.934718,454.7231,1.938146,461.8283,1.927999,450.9645,"No issues","No issues","No issues"
288,90,2025-09-22,"low",2025-09-22 11:51:20,2025-09-22 12:01:00,2025-09-22 11:49:50,59,2.18960677030965,2575.95701975452,0.962904123724761,0.951025232382313,1.80220359603651e-42,4.97549829358616e-39,0.000847076586037354,1.1521633095827,1.9573,460.5994,1.969069,472.7905,1.953091,454.5901,"No issues","No issues","No issues"
289,10,2025-09-22,"low",2025-09-22 12:03:50,2025-09-22 12:13:30,2025-09-22 12:02:20,59,-1.30345736528353,1183.38186697837,0.805046896245739,0.753827775620585,6.76754923933438e-22,5.38768443531367e-19,0.00126426051322965,1.33288789545994,1.952017,459.1567,1.953151,461.813,1.94357,452.5105,"No issues","No issues","No issues"
289,40,2025-09-21,"high",2025-09-21 00:34:50,2025-09-21 00:44:40,2025-09-21 00:33:30,60,-0.0613507218672437,1393.51993687135,0.0345226335386131,0.919750235713215,0.155213236337093,1.83975116357638e-33,0.000650317325393673,0.825062167012015,1.938026,454.0959,1.940133,460.548,1.937619,450.7513,"No issues","No issues","No issues"
290,20,2025-09-22,"low",2025-09-22 12:16:20,2025-09-22 12:26:00,2025-09-22 12:14:50,59,2.01166114786665,894.507279485667,0.981834408061568,0.69195962763531,2.59749676412609e-51,3.34314977484128e-16,0.000539319021602869,1.17633922113568,1.953602,456.0425,1.964424,457.3564,1.950657,450.6381,"No issues","No issues","No issues"
290,50,2025-09-21,"high",2025-09-21 00:47:10,2025-09-21 00:57:00,2025-09-21 00:45:50,60,1.66493352153382,1518.20317910532,0.888555057353839,0.935947717910054,2.55775705507453e-29,2.64081526311894e-36,0.00118187478239714,0.796082291417203,1.941636,453.8429,1.951418,462.6622,1.938855,452.2313,"No issues","No issues","No issues"
291,30,2025-09-22,"low",2025-09-22 12:28:50,2025-09-22 12:38:30,2025-09-22 12:27:20,59,-2.88947807831678,1292.46971922851,0.967867865089169,0.799281363331973,2.99725663307315e-44,1.55835904887839e-21,0.00103768709536692,1.27658471248653,1.950016,454.8094,1.950562,459.0245,1.932395,449.235,"No issues","No issues","No issues"
291,60,2025-09-21,"high",2025-09-21 00:59:30,2025-09-21 01:09:20,2025-09-21 00:58:10,60,8.9963739527647,2187.05249058072,0.962888533313463,0.958207588663103,3.48355828804959e-43,1.09429574668464e-41,0.00354013732578235,0.915513338716057,1.960288,457.1867,2.003299,467.8984,1.943417,453.1544,"No issues","No issues","No issues"
292,40,2025-09-22,"low",2025-09-22 12:41:20,2025-09-22 12:51:00,2025-09-22 12:39:50,59,6.29943258445352,3175.10360163646,0.990704584890376,0.950369270646737,1.31739889064936e-59,7.27213417788823e-39,0.0012026769764379,1.43011938395472,1.957316,455.9142,1.993337,470.4142,1.952523,451.767,"No issues","No issues","No issues"
292,70,2025-09-21,"high",2025-09-21 01:11:50,2025-09-21 01:21:40,2025-09-21 01:10:30,60,2.30267067074197,1822.59570858574,0.942093162940801,0.935238075260516,1.41263163847862e-37,3.63635227767201e-36,0.00114429073906624,0.961337060839162,1.94594,456.4498,1.955611,465.8723,1.938771,452.9442,"No issues","No issues","No issues"
293,80,2025-09-21,"high",2025-09-21 01:24:10,2025-09-21 01:34:00,2025-09-21 01:22:50,60,2.37885943428731,2008.6996521256,0.952267001702517,0.944415058551402,5.18030665393014e-40,4.30630863323618e-38,0.00106754287964222,0.976784336705017,1.943815,456.5479,1.955868,465.7587,1.938467,452.294,"No issues","No issues","No issues"
294,60,2025-09-22,"low",2025-09-22 13:23:10,2025-09-22 13:32:50,2025-09-22 13:21:40,59,-5.43005568673298,1299.31516446522,0.943097897985162,0.380787019866906,3.59362981149892e-37,1.94059649056547e-07,0.00262890750605807,3.26571831212872,1.941181,458.8219,1.945304,463.9313,1.910563,449.3487,"No issues","No issues","No issues"
294,90,2025-09-21,"high",2025-09-21 01:36:30,2025-09-21 01:46:20,2025-09-21 01:35:10,60,-1.08094682300638,1372.30694837455,0.804748475656718,0.906354514253741,3.09758521216591e-22,1.62959209825379e-31,0.00106722999418863,0.88416270597805,1.93534,456.646,1.938255,463.3962,1.930036,452.7566,"No issues","No issues","No issues"
295,10,2025-09-21,"high",2025-09-21 01:48:50,2025-09-21 01:58:40,2025-09-21 01:47:30,60,0.446768902472964,1392.39289580439,0.259711407632613,0.871931935180444,3.19936923325686e-05,1.45492469863102e-27,0.00151190502184915,1.06961500809082,1.939802,454.8836,1.944306,460.3581,1.937574,449.7396,"No issues","No issues","No issues"
295,70,2025-09-22,"low",2025-09-22 13:35:40,2025-09-22 13:45:20,2025-09-22 13:34:10,59,-7.15859701227358,10548.5238368206,0.99470846519518,0.981085936520878,1.39729498348463e-66,8.21240980462831e-51,0.00102909648036275,2.8867943129203,1.941281,469.6153,1.942146,527.6711,1.898528,461.3003,"No issues","No issues","No issues"
296,20,2025-09-21,"high",2025-09-21 02:01:10,2025-09-21 02:11:00,2025-09-21 01:59:50,60,0.00885173881634553,1588.72024717977,0.000242886593043441,0.938450311717978,0.905919359774656,8.30280699976213e-37,0.00113831020322396,0.815532505133241,1.938436,455.5436,1.941387,463.8984,1.936707,452.3899,"No issues","No issues","No issues"
296,80,2025-09-22,"low",2025-09-22 13:48:10,2025-09-22 13:57:50,2025-09-22 13:46:40,59,-7.50177468147289,-510.810131151385,0.967262984944935,0.45975167642035,5.1014141808285e-44,3.64316947877049e-09,0.00272017300937221,1.09138960230039,1.941622,450.851,1.946061,452.0231,1.899511,444.7393,"No issues","No issues","No issues"
297,30,2025-09-21,"high",2025-09-21 02:13:30,2025-09-21 02:23:20,2025-09-21 02:12:10,60,-1.39510432898029,1553.69312542374,0.886411191529313,0.91537380954123,4.44984136579713e-29,8.60056899938041e-33,0.00100102148932833,0.946901830968905,1.935316,453.2651,1.938134,460.6588,1.92864,448.9051,"No issues","No issues","No issues"
297,90,2025-09-22,"low",2025-09-22 14:00:40,2025-09-22 14:10:20,2025-09-22 13:59:10,59,2.79883230859149,2840.77064640558,0.9811469564935,0.933062687390369,7.48964884180396e-51,3.69965943687166e-35,0.000764690754572257,1.49968536425485,1.952389,459.4724,1.967435,470.6607,1.948038,451.5953,"No issues","No issues","No issues"
298,10,2025-09-22,"low",2025-09-22 14:13:10,2025-09-22 14:22:50,2025-09-22 14:11:40,59,-1.85249477498545,1868.43630718877,0.957829224449849,0.931583023728099,6.98169134712711e-41,6.90428378120472e-35,0.00076613270195287,0.998009578789859,1.947905,453.3031,1.947905,462.1364,1.935273,448.6017,"No issues","No issues","No issues"
298,40,2025-09-21,"high",2025-09-21 02:25:50,2025-09-21 02:35:40,2025-09-21 02:24:30,60,-0.0767145095860806,1275.09458494026,0.0920408885473602,0.930429062165182,0.0184536321380164,2.90991851675465e-35,0.000482955165157249,0.698877814917972,1.936144,456.0666,1.937235,462.8368,1.935267,453.9154,"No issues","No issues","No issues"
299,20,2025-09-22,"low",2025-09-22 14:25:40,2025-09-22 14:35:20,2025-09-22 14:24:10,59,3.14242304149623,793.328031794266,0.98315980102493,0.616679717704101,2.99609520447828e-52,1.79520664357902e-13,0.000810609071855418,1.23279005933424,1.950298,451.9206,1.967008,453.833,1.946149,447.2174,"No issues","No issues","No issues"
299,50,2025-09-21,"high",2025-09-21 02:38:10,2025-09-21 02:48:00,2025-09-21 02:36:50,60,1.5822809624896,1426.05922356211,0.870876733956091,0.926573436541658,1.8468836230957e-27,1.39343067130991e-34,0.00122122044892081,0.804657008561968,1.94082,453.5472,1.949653,460.9366,1.937566,449.9659,"No issues","No issues","No issues"
300,30,2025-09-22,"low",2025-09-22 14:38:10,2025-09-22 14:47:50,2025-09-22 14:36:40,59,-2.28570114319113,1218.89085306837,0.911743354017613,0.774448076185172,9.89129871231584e-32,4.39550817590979e-20,0.00140165815550659,1.29651393714307,1.945803,453.2431,1.947445,456.9703,1.932203,447.5581,"No issues","No issues","No issues"
300,60,2025-09-21,"high",2025-09-21 02:50:30,2025-09-21 03:00:20,2025-09-21 02:49:10,60,8.51801107418732,2099.00781772716,0.965152424373341,0.92596387511213,5.60789390988649e-44,1.77152375674916e-34,0.00324424086067974,1.18966704602945,1.957861,456.7819,1.99874,466.4384,1.941882,451.2651,"No issues","No issues","No issues"
301,40,2025-09-22,"low",2025-09-22 14:50:40,2025-09-22 15:00:20,2025-09-22 14:49:10,59,4.76488072004672,1686.02323413206,0.984225180977657,0.870274885478598,4.64962341247179e-53,5.92058799754453e-27,0.00118897369549519,1.28301761076482,1.95317,455.8954,1.978988,461.7184,1.947498,449.8029,"No issues","No issues","No issues"
301,70,2025-09-21,"high",2025-09-21 03:02:50,2025-09-21 03:12:40,2025-09-21 03:01:30,60,1.95010441567103,1810.25395232009,0.920575177771481,0.903575784354027,1.36280433878634e-33,3.81065902003866e-31,0.00114813490145311,1.18532331755947,1.944939,455.4193,1.952459,463.6625,1.93771,450.1222,"No issues","No issues","No issues"
302,50,2025-09-22,"low",2025-09-22 15:03:10,2025-09-22 15:12:50,2025-09-22 15:01:40,59,-2.0937376130918,1284.15274716539,0.95623238709933,0.878779124294836,2.01528487720051e-40,8.5330582247103e-28,0.00088288109488534,0.940049633430172,1.947303,458.6273,1.947303,463.6295,1.933273,452.6623,"No issues","No issues","No issues"
302,80,2025-09-21,"high",2025-09-21 03:15:10,2025-09-21 03:25:00,2025-09-21 03:13:50,60,2.52484878688525,1934.67256904697,0.961110914880057,0.943920745192051,1.35418844013223e-42,5.56829463287659e-38,0.0010180029573776,0.945207988279177,1.941893,455.4765,1.955485,464.9097,1.937676,451.8008,"No issues","No issues","No issues"
303,60,2025-09-22,"low",2025-09-22 15:15:40,2025-09-22 15:25:20,2025-09-22 15:14:10,59,-4.21320131852722,-1305.73204348336,0.933718603736132,0.370580149497074,2.79338556468554e-35,3.13129859232921e-07,0.00221251022382233,3.354041718827,1.937978,456.3873,1.94178,456.3873,1.914757,438.401,"No issues","No issues","No issues"
303,90,2025-09-21,"high",2025-09-21 03:27:30,2025-09-21 03:37:20,2025-09-21 03:26:10,60,-1.03565056071128,1361.3598115032,0.788745269258888,0.88749352914816,3.07152732702417e-21,3.36904012776871e-29,0.00107432242296821,0.97155107536953,1.934818,455.2027,1.937376,460.6166,1.929583,450.8576,"No issues","No issues","No issues"
304,10,2025-09-21,"high",2025-09-21 03:39:50,2025-09-21 03:49:40,2025-09-21 03:38:30,60,0.364563347596574,1441.05462895249,0.244056139015755,0.918024732363301,6.03484030617763e-05,3.41260024149528e-33,0.00128605477237365,0.863139980328434,1.939287,455.0665,1.942659,462.4654,1.936974,451.9384,"No issues","No issues","No issues"
304,70,2025-09-22,"low",2025-09-22 15:28:10,2025-09-22 15:37:50,2025-09-22 15:26:40,59,-6.14486242898891,8785.45568766801,0.962672221796272,0.979842272669941,2.15273095504335e-42,5.04606892859572e-50,0.00238492250164916,2.48366059049538,1.937044,468.1056,1.94173,513.7852,1.903296,459.3621,"No issues","No issues","No issues"
305,20,2025-09-21,"high",2025-09-21 03:52:10,2025-09-21 04:02:00,2025-09-21 03:50:50,60,-0.00123634342868532,1638.26057638234,4.6238999097699e-06,0.937026219978469,0.986990288614989,1.61297002263573e-36,0.00115244568536465,0.851282190717649,1.938559,456.6135,1.941889,464.4554,1.937294,451.9627,"No issues","No issues","No issues"
305,80,2025-09-22,"low",2025-09-22 15:40:40,2025-09-22 15:50:20,2025-09-22 15:39:10,59,-4.7237142255991,3410.75346627703,0.871703993668924,0.970892784269125,4.3143053927464e-27,1.78776663541093e-45,0.00357183117357124,1.16399276609094,1.937697,454.9746,1.948178,471.5179,1.915829,450.8919,"No issues","No issues","No issues"
306,30,2025-09-21,"high",2025-09-21 04:04:30,2025-09-21 04:14:20,2025-09-21 04:03:10,60,-1.43268100694635,1523.66267963325,0.869661936735993,0.923294344644071,2.42475148209372e-27,4.95540230039546e-34,0.00111172267011266,0.880276266146024,1.935555,455.9564,1.93914,463.7285,1.92911,452.393,"No issues","No issues","No issues"
306,90,2025-09-22,"low",2025-09-22 15:53:10,2025-09-22 15:59:50,2025-09-22 15:51:40,41,2.40060894773518,2830.28548013935,0.961996563139759,0.895168722983308,2.61918333582065e-29,1.06172379159145e-20,0.000653425942024588,1.32639692702167,1.950176,454.7186,1.958477,463.2901,1.947551,449.5904,"No issues","No issues","No issues"
306,90,2025-09-23,"low",2025-09-22 16:00:00,2025-09-22 16:02:50,2025-09-22 15:51:40,18,1.55213275541753,2648.82516408661,0.989744159468267,0.942798324626289,2.41466852855514e-17,2.31050042703021e-11,9.4874590778366e-05,0.391782616844744,1.958506,462.8434,1.961475,468.4648,1.958506,462.8434,"No issues","No issues","No issues"
307,10,2025-09-23,"low",2025-09-22 16:05:40,2025-09-22 16:15:20,2025-09-22 16:04:10,59,-1.44990410286382,1275.76401917006,0.876673089320782,0.884855103502846,1.39571984356779e-27,1.96418676058237e-28,0.00107185150932632,0.907072233123952,1.946496,452.2939,1.948034,457.3746,1.937963,448.511,"No issues","No issues","No issues"
307,40,2025-09-21,"high",2025-09-21 04:16:50,2025-09-21 04:26:40,2025-09-21 04:15:30,60,-0.260197957210293,1369.80478132816,0.395990853986826,0.919451497852814,7.23335081592962e-08,2.04938940594094e-33,0.000644124206116496,0.812661260972637,1.938964,453.4416,1.941491,460.4718,1.938506,449.8841,"No issues","No issues","No issues"
308,20,2025-09-23,"low",2025-09-22 16:18:10,2025-09-22 16:27:50,2025-09-22 16:16:40,59,2.96535808299236,1467.76380596141,0.988365482325913,0.895544088882759,7.9137344594773e-57,1.21560093169837e-29,0.000634129281703496,0.98801708719153,1.951473,450.6713,1.967703,458.0258,1.948514,447.6651,"No issues","No issues","No issues"
308,50,2025-09-21,"high",2025-09-21 04:29:10,2025-09-21 04:39:00,2025-09-21 04:27:50,60,1.47929283467639,1503.92283634344,0.853807006379321,0.9268095727657,6.82831558951435e-26,1.26900496127975e-34,0.00122694228454821,0.847118170706804,1.942972,454.6453,1.952559,462.1785,1.94104,450.9187,"No issues","No issues","No issues"
309,30,2025-09-23,"low",2025-09-22 16:30:40,2025-09-22 16:40:20,2025-09-22 16:29:10,59,-2.32215881239052,2247.30227656339,0.927912897283821,0.944918586373312,3.06700895854568e-34,1.42107623148256e-37,0.00127571115828227,1.06942933100313,1.945916,450.8416,1.94785,462.8764,1.932255,448.4319,"No issues","No issues","No issues"
309,60,2025-09-21,"high",2025-09-21 04:41:30,2025-09-21 04:51:20,2025-09-21 04:40:10,60,8.3353263284246,2050.28400333427,0.972230086155387,0.962938918597391,7.72546444631137e-47,3.34889252610388e-43,0.00282365675756527,0.806232414512063,1.95805,458.4436,2.000395,469.1151,1.94532,455.0202,"No issues","No issues","No issues"
310,40,2025-09-23,"low",2025-09-22 16:43:10,2025-09-22 16:52:50,2025-09-22 16:41:40,59,3.5507920607831,5174.71202524838,0.989207932162719,0.983955744568128,9.28660263316128e-58,7.53525365154111e-53,0.000731002790536781,1.3023971691814,1.951056,452.8989,1.970712,482.7768,1.947307,450.4604,"No issues","No issues","No issues"
310,70,2025-09-21,"high",2025-09-21 04:53:50,2025-09-21 05:03:40,2025-09-21 04:52:30,60,2.26509567324255,1855.39623584329,0.953268719906127,0.939424287900384,2.79907824922282e-40,5.22534643859856e-37,0.00100523887599298,0.944368735921268,1.947395,457.1168,1.958196,466.2874,1.941721,452.8083,"No issues","No issues","No issues"
311,50,2025-09-23,"low",2025-09-22 16:55:40,2025-09-22 17:05:20,2025-09-22 16:54:10,59,-1.95848500292233,7270.47375149035,0.904962181375569,0.984405684768588,8.18581747081451e-31,3.34914653597068e-53,0.00125094588077284,1.80361594194711,1.944807,457.7169,1.946053,499.0954,1.933225,452.7095,"No issues","No issues","No issues"
311,80,2025-09-21,"high",2025-09-21 05:06:10,2025-09-21 05:16:00,2025-09-21 05:04:50,60,2.4711233031398,1909.76269763824,0.962436058682695,0.936127044563394,4.95164653663021e-43,2.43437573466558e-36,0.00097854456189777,0.999901163756422,1.945189,456.6749,1.958782,466.614,1.941734,453.1686,"No issues","No issues","No issues"
312,60,2025-09-23,"low",2025-09-22 17:08:10,2025-09-22 17:17:50,2025-09-22 17:06:40,59,-4.15346715604914,7113.49888860315,0.960128247679442,0.996654949899571,1.41120414341649e-41,2.93951498559795e-72,0.00166826129877386,0.81226440840231,1.935558,458.5166,1.939554,504.4062,1.913383,458.0189,"No issues","No issues","No issues"
312,90,2025-09-21,"high",2025-09-21 05:18:30,2025-09-21 05:28:20,2025-09-21 05:17:10,60,-1.01961242567375,1355.51025062518,0.744732468252688,0.919041036437435,7.63445497525446e-19,2.37538828685614e-33,0.00119651823771282,0.806407172649966,1.937719,456.2121,1.941709,463.3338,1.933739,453.6246,"No issues","No issues","No issues"
313,10,2025-09-21,"high",2025-09-21 05:30:50,2025-09-21 05:40:40,2025-09-21 05:29:30,60,0.441633155876689,1458.11223117534,0.268270691326555,0.898117545451586,2.25056874171582e-05,1.88691694302267e-30,0.00146196454288313,0.984375101273897,1.941083,455.1955,1.946887,461.9509,1.940684,450.5894,"No issues","No issues","No issues"
313,70,2025-09-23,"low",2025-09-22 17:20:40,2025-09-22 17:30:20,2025-09-22 17:19:10,59,-5.47264265575691,8921.9426412624,0.955360926740457,0.980961366910114,3.53633374367566e-40,9.90258346966404e-51,0.00233161153366069,2.4498337506246,1.936132,464.9609,1.94241,511.0603,1.908341,456.106,"No issues","No issues","No issues"
314,20,2025-09-21,"high",2025-09-21 05:43:10,2025-09-21 05:53:00,2025-09-21 05:41:50,60,0.119407248680205,1582.81868785775,0.0336986566322505,0.930438095867882,0.160320840342493,2.8989672078332e-35,0.00128164352252551,0.86748048952806,1.940966,456.1457,1.94567,463.6923,1.940162,451.5832,"No issues","No issues","No issues"
314,80,2025-09-23,"low",2025-09-22 17:33:10,2025-09-22 17:42:50,2025-09-22 17:31:40,59,-4.43662182115728,7509.77539216832,0.876851361801185,0.985455754603533,1.33921707733167e-27,4.59060375689404e-54,0.00327709841420465,1.79820514645395,1.937036,457.9769,1.945913,501.3912,1.915981,454.5016,"No issues","No issues","No issues"
315,30,2025-09-21,"high",2025-09-21 05:55:30,2025-09-21 06:05:20,2025-09-21 05:54:10,60,-1.41830293303691,1480.02090891915,0.881197407177223,0.929353672955884,1.63982916407579e-28,4.54269066304816e-35,0.00104383514015924,0.817915978770438,1.938537,454.9137,1.941608,462.2402,1.931427,451.7956,"No issues","No issues","No issues"
315,90,2025-09-23,"low",2025-09-22 17:45:40,2025-09-22 17:55:20,2025-09-22 17:44:10,59,-1.10105009000584,3563.41246990063,0.95876757105382,0.960814414807732,3.67480630196621e-41,8.601596521807e-42,0.000450044154084366,1.41838707566934,1.947186,455.7192,1.947186,473.907,1.937654,451.1018,"No issues","No issues","No issues"
316,10,2025-09-23,"low",2025-09-22 17:58:10,2025-09-22 18:07:50,2025-09-22 17:56:40,59,-1.4638578796026,3006.04107071887,0.917745581730928,0.989711882575544,1.32470031536204e-32,2.37596784724412e-58,0.00086377899263939,0.604078988986867,1.943023,452.3768,1.944138,470.2939,1.934294,451.5384,"No issues","No issues","No issues"
316,40,2025-09-21,"high",2025-09-21 06:07:50,2025-09-21 06:17:40,2025-09-21 06:06:30,60,-0.244762149485978,1284.70147752153,0.455565742935206,0.893292385979952,3.33600521317171e-09,7.2387521949218e-30,0.000536324959781605,0.889999309878818,1.94047,452.7078,1.94261,458.9277,1.939885,449.3192,"No issues","No issues","No issues"
317,20,2025-09-23,"low",2025-09-22 18:10:40,2025-09-22 18:20:20,2025-09-22 18:09:10,59,1.96485062770306,3390.97241098771,0.980468822842825,0.990531355319683,2.0511360800449e-50,2.22995622396501e-59,0.000546590541104689,0.653460451895915,1.95089,452.356,1.960816,472.5629,1.947827,451.5045,"No issues","No issues","No issues"
317,50,2025-09-21,"high",2025-09-21 06:20:10,2025-09-21 06:30:00,2025-09-21 06:18:50,60,1.60235533870526,947.799645679373,0.85960732638669,0.845453572780727,2.10386814050071e-26,3.43720835849081e-25,0.00129797867617146,0.812246227143197,1.943674,452.2497,1.953842,456.3166,1.941672,448.8954,"No issues","No issues","No issues"
318,30,2025-09-23,"low",2025-09-22 18:23:10,2025-09-22 18:32:50,2025-09-22 18:21:40,59,-2.39301943658684,3544.76279509058,0.963632818758605,0.991655354174006,1.02350397324473e-42,6.08108429521825e-61,0.000916284862272226,0.640908466917922,1.942074,453.2613,1.943062,474.3954,1.928256,451.4311,"No issues","No issues","No issues"
318,60,2025-09-21,"high",2025-09-21 06:32:30,2025-09-21 06:42:20,2025-09-21 06:31:10,60,8.96692809335932,1502.02614148377,0.975602659336275,0.862961982169602,1.80496631754597e-48,1.04137497836834e-26,0.00284226784853842,1.19974445546621,1.959244,453.2575,2.005287,458.9236,1.946287,446.939,"No issues","No issues","No issues"
319,40,2025-09-23,"low",2025-09-22 18:35:40,2025-09-22 18:45:20,2025-09-22 18:34:10,59,1.57895974751604,7065.29036493278,0.850449867624316,0.994222028782954,3.44676884260867e-25,1.7136086002871e-65,0.0013050446093461,1.06160087467888,1.944025,470.7343,1.947929,518.109,1.936535,469.7963,"No issues","No issues","No issues"
319,70,2025-09-21,"high",2025-09-21 06:44:50,2025-09-21 06:54:40,2025-09-21 06:43:30,60,2.31845361489296,-538.398035009707,0.944486945108698,0.58264440260915,4.14753894604474e-38,1.3344114865168e-12,0.00112663840954372,0.913358670586512,1.948817,452.4569,1.958781,452.4569,1.942178,444.1895,"No issues","No issues","No issues"
320,50,2025-09-23,"low",2025-09-22 18:48:10,2025-09-22 18:57:50,2025-09-22 18:46:40,59,-2.70833903915842,9108.9457206312,0.944242270972395,0.932685038288504,2.01287719902712e-37,4.34391585749972e-35,0.00129717659928716,4.82327103668188,1.938564,472.7266,1.938564,538.0453,1.917025,468.5421,"No issues","No issues","No issues"
320,80,2025-09-21,"high",2025-09-21 06:57:10,2025-09-21 07:07:00,2025-09-21 06:55:50,60,2.46931728146712,-458.935145984989,0.942937387250123,0.522780589003757,9.22303244557739e-38,6.8491732487853e-11,0.00121758097147983,0.878895415440734,1.946073,451.0288,1.959335,451.0288,1.941365,442.8169,"No issues","No issues","No issues"
321,60,2025-09-23,"low",2025-09-22 19:00:40,2025-09-22 19:10:20,2025-09-22 18:59:10,59,-3.7161220713034,7336.65933278783,0.915793312595372,0.954621110814741,2.58763189853466e-32,5.65155827582004e-40,0.00222100627626283,3.15278984781014,1.932727,473.7245,1.94078,508.2729,1.916178,461.4628,"No issues","No issues","No issues"
321,90,2025-09-21,"high",2025-09-21 07:09:30,2025-09-21 07:19:20,2025-09-21 07:08:10,60,-0.9595515821062,499.945449736049,0.712456271403929,0.44976977683473,2.46327386286075e-17,4.56237286034173e-09,0.00122187766636784,1.10837383318377,1.938567,450.5505,1.941795,450.5505,1.933862,444.7309,"No issues","No issues","No issues"
322,10,2025-09-21,"high",2025-09-21 07:21:50,2025-09-21 07:31:40,2025-09-21 07:20:30,60,0.422673409280359,923.852609724934,0.365285514184096,0.719038288982129,3.16236118516619e-07,1.25302546859692e-17,0.0011167718664094,1.15754213545921,1.941387,448.8062,1.944114,450.0444,1.938662,442.0455,"No issues","No issues","No issues"
322,70,2025-09-23,"low",2025-09-22 19:13:10,2025-09-22 19:22:50,2025-09-22 19:11:40,59,-4.87845354529518,7522.52835534773,0.927558761078682,0.9620808376549,3.5273733090386e-34,3.37036113528242e-42,0.00268713601039537,2.94355852522335,1.934774,467.5737,1.942767,503.1134,1.911051,455.333,"No issues","No issues","No issues"
323,20,2025-09-21,"high",2025-09-21 07:34:10,2025-09-21 07:44:00,2025-09-21 07:32:50,60,0.0712700372326288,553.806547151981,0.0142513077849389,0.478553044276563,0.363610357319599,9.33070678722979e-10,0.00118808985769116,1.15873645375092,1.939649,447.108,1.942316,447.181,1.936909,440.4853,"No issues","No issues","No issues"
323,80,2025-09-23,"low",2025-09-22 19:25:40,2025-09-22 19:35:20,2025-09-22 19:24:10,59,-4.28877228287552,8149.24502068963,0.873421278708501,0.96959339203891,2.9356587489058e-27,6.21097585012318e-45,0.00321800498044745,2.84440737554365,1.934982,466.7357,1.945129,507.8615,1.915734,456.4535,"No issues","No issues","No issues"
324,30,2025-09-21,"high",2025-09-21 07:46:30,2025-09-21 07:56:20,2025-09-21 07:45:10,60,-1.60215776382325,-674.307059516514,0.954934063838179,0.733612960607761,9.76405179462683e-41,2.6479465995653e-18,0.000697636737279543,0.814455409537267,1.935256,447.2173,1.936211,447.2173,1.925837,438.4818,"No issues","No issues","No issues"
324,90,2025-09-23,"low",2025-09-22 19:38:10,2025-09-22 19:47:50,2025-09-22 19:36:40,59,-3.2713019473992,3165.44291011104,0.97548758843072,0.944530929203826,1.33292101626308e-47,1.73583712389989e-37,0.0010220874003091,1.5119488369513,1.941306,457.632,1.94207,472.7381,1.92189,451.7535,"No issues","No issues","No issues"
325,10,2025-09-23,"low",2025-09-22 19:50:40,2025-09-22 20:00:20,2025-09-22 19:49:10,59,-1.57010261133844,2744.24644488601,0.840488846930097,0.956904876904743,2.17766292800013e-24,1.29578880818518e-40,0.00134816436066409,1.14785768316532,1.941554,458.406,1.945766,472.06,1.934551,453.9218,"No issues","No issues","No issues"
325,40,2025-09-21,"high",2025-09-21 07:58:50,2025-09-21 08:08:40,2025-09-21 07:57:30,60,0.105324456793697,-316.274125923854,0.245888526304261,0.395709467460602,5.60603343879939e-05,7.33412373148186e-08,0.000369712750002116,0.783402397965716,1.936491,444.7026,1.936491,444.7026,1.934594,438.5171,"No issues","No issues","No issues"
326,20,2025-09-23,"low",2025-09-22 20:03:10,2025-09-22 20:12:50,2025-09-22 20:01:40,59,1.46297014611334,3155.4941344243,0.940623453002662,0.972821138043734,1.21046515373677e-36,2.53202009077482e-46,0.00072446980238105,1.03956528487419,1.944235,466.2908,1.949728,482.6332,1.939811,462.7503,"No issues","No issues","No issues"
326,50,2025-09-21,"high",2025-09-21 08:11:10,2025-09-21 08:21:00,2025-09-21 08:09:50,60,3.07886075909981,-1465.685614893,0.9502646961845,0.952862095449247,1.7073884381237e-39,3.59931380905121e-40,0.00141184394785072,0.653427629192107,1.941713,443.3618,1.96074,443.3618,1.938385,431.3292,"No issues","No issues","No issues"
327,30,2025-09-23,"low",2025-09-22 20:15:40,2025-09-22 20:25:20,2025-09-22 20:14:10,59,-2.5479637732321,3477.09770847455,0.981265257274103,0.98012370267811,6.25928457132321e-51,3.37963378687199e-50,0.000693919610361509,0.975954222789637,1.929592,492.5608,1.929594,517.4951,1.913941,492.3251,"No issues","No issues","No issues"
327,60,2025-09-21,"high",2025-09-21 08:23:30,2025-09-21 08:33:20,2025-09-21 08:22:10,60,13.4873912175605,660.866806112812,0.98429027627136,0.552525151026131,5.13529065598932e-54,1.03225189830875e-11,0.00341536551593823,1.19208928857214,1.957087,446.5648,2.031108,446.5648,1.94321,439.7161,"No issues","No issues","No issues"
328,40,2025-09-23,"low",2025-09-22 20:28:10,2025-09-22 20:37:50,2025-09-22 20:26:40,59,1.76929980596137,5197.00928486264,0.970471941641161,0.908360731825503,2.69201285064454e-45,2.89437721089797e-31,0.000608292749337966,3.25349676745743,1.942229,481.9845,1.953531,502.9125,1.941309,467.4637,"No issues","No issues","No issues"
328,70,2025-09-21,"high",2025-09-21 08:35:50,2025-09-21 08:45:40,2025-09-21 08:34:30,60,3.3601404123368,-874.761997443729,0.950202573623561,0.925645523956398,1.77038451469612e-39,2.00659020721044e-34,0.0015418400825412,0.496944251881671,1.94679,442.2802,1.96295,442.2802,1.938369,434.3123,"No issues","No issues","No issues"
329,50,2025-09-23,"low",2025-09-22 20:40:40,2025-09-22 20:50:20,2025-09-22 20:39:10,59,-1.88773496668616,4568.03632215077,0.660740899891214,0.623326098078265,5.35213143671956e-15,1.08496146860707e-13,0.00266609999753818,6.99906319841927,1.925595,515.7331,1.93543,520.5831,1.920309,483.7726,"No issues","No issues","No issues"
329,80,2025-09-21,"high",2025-09-21 08:48:10,2025-09-21 08:58:00,2025-09-21 08:46:50,60,4.07515022617406,-744.429457960537,0.973929107340225,0.806171133367354,1.23713791973913e-47,2.50352520755151e-22,0.00133642459308732,0.731653938416124,1.945051,443.2019,1.968187,443.2019,1.939426,435.4097,"No issues","No issues","No issues"
330,60,2025-09-23,"low",2025-09-22 20:53:10,2025-09-22 21:02:50,2025-09-22 20:51:40,59,-2.9496727714787,5610.46863261248,0.928086992218025,0.980400677285414,2.86251283025462e-34,2.26526709639094e-50,0.00161833519685949,1.56351886518009,1.927129,496.9529,1.931858,527.7949,1.912445,492.1057,"No issues","No issues","No issues"
330,90,2025-09-21,"high",2025-09-21 09:00:30,2025-09-21 09:10:20,2025-09-21 08:59:10,60,-0.808759455404264,561.140200277858,0.722092332685535,0.549827139647067,9.10812862369306e-18,1.23167996509456e-11,0.00100568003064264,1.01773452781194,1.939383,444.1472,1.941249,445.3718,1.93463,439.4236,"No issues","No issues","No issues"
331,10,2025-09-21,"high",2025-09-21 09:12:50,2025-09-21 09:22:40,2025-09-21 09:11:30,60,1.30360723312031,1498.79237121423,0.828279891615832,0.85698833697717,7.37209170496106e-24,3.60113223447301e-26,0.00118974896944279,1.22723096420844,1.940573,445.2984,1.948645,451.197,1.93811,439.8537,"No issues","No issues","No issues"
331,70,2025-09-23,"low",2025-09-22 21:05:40,2025-09-22 21:15:20,2025-09-22 21:04:10,59,-4.00261962361197,5136.41698001168,0.917236763218979,0.986479397856931,1.57965867152343e-32,5.73244692203939e-55,0.00236977756551011,1.18522154189206,1.930145,481.7947,1.935795,511.0138,1.909668,477.484,"No issues","No issues","No issues"
332,20,2025-09-21,"high",2025-09-21 09:25:10,2025-09-21 09:35:00,2025-09-21 09:23:50,60,1.12537668463461,597.795334259521,0.52728135805025,0.620102769093332,5.18252394284117e-11,8.47441423564386e-14,0.00213581989274117,0.937864954061159,1.940773,443.705,1.951252,445.0751,1.939624,438.2646,"No issues","No issues","No issues"
332,80,2025-09-23,"low",2025-09-22 21:18:10,2025-09-22 21:27:50,2025-09-22 21:16:40,59,-3.86392010286394,6167.80493652834,0.819000498749829,0.901853318612999,8.08441774333694e-23,2.05204829812067e-30,0.00358022235548197,4.01038200215811,1.923791,507.579,1.93437,536.7935,1.906782,495.1166,"No issues","No issues","No issues"
333,30,2025-09-21,"high",2025-09-21 09:37:30,2025-09-21 09:47:20,2025-09-21 09:36:10,60,-1.61888945151429,912.298416226737,0.920704205185139,0.840525310356879,1.29995230310772e-33,8.5659781994135e-25,0.000952288996140794,0.796515008899939,1.939242,442.944,1.942018,446.2856,1.931217,439.4614,"No issues","No issues","No issues"
333,90,2025-09-23,"low",2025-09-22 21:30:40,2025-09-22 21:40:20,2025-09-22 21:29:10,59,-3.71461171244893,4692.56119322031,0.99940834172146,0.794751787096081,1.06229230974216e-93,2.95163894653562e-21,0.000178140500435726,4.70023028906648,1.929972,492.3013,1.929972,541.2097,1.904062,492.3013,"No issues","No issues","No issues"
334,10,2025-09-23,"low",2025-09-22 21:43:10,2025-09-22 21:52:50,2025-09-22 21:41:40,59,-1.80919479135017,2502.34482571595,0.862223783971364,0.990838522934838,3.30815218724116e-26,8.71054177995194e-60,0.00142543596559712,0.474256967420521,1.934042,491.594,1.937479,509.4801,1.924795,491.594,"No issues","No issues","No issues"
334,40,2025-09-21,"high",2025-09-21 09:49:50,2025-09-21 09:59:40,2025-09-21 09:48:30,60,1.11545040733548,966.148014448462,0.956902366123009,0.735886803727266,2.67143347904872e-41,2.06205450001108e-18,0.000474492905904741,1.16016501879824,1.940675,444.0472,1.948543,448.0829,1.94028,439.809,"No issues","No issues","No issues"
335,20,2025-09-23,"low",2025-09-22 21:55:40,2025-09-22 22:05:20,2025-09-22 21:54:10,59,1.08231275277605,3155.42434786674,0.970379899497891,0.994304539244541,2.94183742283236e-45,1.1372833505523e-65,0.000372700864478577,0.470703848994063,1.942402,494.8716,1.947917,517.9905,1.94049,494.8716,"No issues","No issues","No issues"
336,30,2025-09-23,"low",2025-09-22 22:08:10,2025-09-22 22:17:50,2025-09-22 22:06:40,59,-2.46360939801297,2846.6605409702,0.916057937347968,0.963538336891955,2.36528834196642e-32,1.10210969158559e-42,0.00146989210036916,1.09145208658506,1.930546,496.3075,1.934942,510.9147,1.918666,492.1939,"No issues","No issues","No issues"
336,60,2025-09-21,"high",2025-09-21 11:10:20,2025-09-21 11:20:10,2025-09-21 11:09:00,60,20.5068561089191,1496.43410013892,0.989760164316564,0.866742780015656,2.08454368628871e-59,4.61673267042773e-27,0.00418087468575974,1.17610043889352,1.958468,445.5048,2.078252,451.8489,1.944493,440.5211,"No issues","No issues","No issues"
337,40,2025-09-23,"low",2025-09-22 22:20:40,2025-09-22 22:30:20,2025-09-22 22:19:10,59,0.611734723553389,5282.87240303912,0.836619358507228,0.980167653432181,4.32140286240045e-24,3.17293276634762e-50,0.000532825171008909,1.4811268202169,1.933724,513.2457,1.93635,543.5418,1.931428,509.6519,"No issues","No issues","No issues"
337,70,2025-09-21,"high",2025-09-21 11:22:40,2025-09-21 11:32:30,2025-09-21 11:21:20,60,6.27314510030573,-174.82589874964,0.978615267982596,0.259903861721853,3.9436714698399e-50,3.17428486022902e-05,0.00185873639798933,0.591330160081513,1.950925,442.9688,1.986197,442.9773,1.943065,439.4902,"No issues","No issues","No issues"
338,50,2025-09-23,"low",2025-09-22 22:33:10,2025-09-22 22:42:50,2025-09-22 22:31:40,59,15.8611978772647,7797.22450590296,0.298868188636826,0.934505158533547,7.47803642263413e-06,1.98698627406233e-35,0.0478829865184679,4.06853439311353,1.93061,501.8892,2.130064,559.6772,1.930315,500.3346,"No issues","No issues","No issues"
338,80,2025-09-21,"high",2025-09-21 11:35:00,2025-09-21 11:44:50,2025-09-21 11:33:40,60,4.81263556321197,372.415664795794,0.976899826268911,0.398934929839281,3.69913621227078e-49,6.25623760534364e-08,0.00148337904854492,0.916271569776056,1.945319,443.2094,1.973977,444.3694,1.940734,439.2246,"No issues","No issues","No issues"
339,60,2025-09-23,"low",2025-09-22 22:45:40,2025-09-22 22:55:20,2025-09-22 22:44:10,59,-3.26300835534784,6182.31296598481,0.945952622819043,0.992920857510321,8.27599856233511e-38,5.5980501668182e-63,0.00153729091678519,1.02889072694995,1.924838,527.5501,1.925017,565.074,1.904313,526.731,"No issues","No issues","No issues"
339,90,2025-09-21,"high",2025-09-21 11:47:20,2025-09-21 11:57:10,2025-09-21 11:46:00,60,-0.275915843289789,1250.86487046401,0.175997991555789,0.885338430848683,0.000848069613262158,5.84770510711037e-29,0.00119666744343501,0.902300578594415,1.942064,443.8612,1.944192,449.0764,1.939869,439.7057,"No issues","No issues","No issues"
340,10,2025-09-21,"high",2025-09-21 11:59:40,2025-09-21 12:09:30,2025-09-21 11:58:20,60,1.92322582939711,2364.85651258684,0.890199348220027,0.946898969731136,1.66059897046885e-29,1.1423070193078e-38,0.0013538659442425,1.1225120314222,1.9449,446.5662,1.956698,458.3975,1.941541,441.667,"No issues","No issues","No issues"
340,70,2025-09-23,"low",2025-09-22 22:58:10,2025-09-22 23:07:50,2025-09-22 22:56:40,59,-3.80401728112217,4236.24658702511,0.892923787550841,0.91016062790902,2.46639611999586e-29,1.64291995413421e-31,0.00259637274567749,2.62325687671372,1.92214,510.802,1.930374,528.7466,1.905221,501.0485,"No issues","No issues","No issues"
341,20,2025-09-21,"high",2025-09-21 12:12:00,2025-09-21 12:21:50,2025-09-21 12:10:40,60,1.82199258905252,1081.2281331481,0.800596092344802,0.818956315877671,5.71661009488307e-22,3.4344374690966e-23,0.00182260796292413,1.01897895876647,1.943724,446.1881,1.956482,449.6114,1.940511,440.2016,"No issues","No issues","No issues"
341,80,2025-09-23,"low",2025-09-22 23:10:40,2025-09-22 23:20:20,2025-09-22 23:09:10,59,-4.08818693161906,5943.43893208649,0.915829197988221,0.94562338906482,2.55633899595616e-32,9.84152549960927e-38,0.00244280889131558,2.80911828496727,1.923288,536.3525,1.928725,565.1247,1.902146,527.1512,"No issues","No issues","No issues"
342,30,2025-09-21,"high",2025-09-21 12:24:20,2025-09-21 12:34:10,2025-09-21 12:23:00,60,-1.57942969046955,491.925806057231,0.943405454344599,0.615007758530177,7.26163775213608e-38,1.25198361650066e-13,0.000775398493688848,0.780138759121192,1.941205,444.2667,1.941449,444.8502,1.930959,440.0888,"No issues","No issues","No issues"
342,90,2025-09-23,"low",2025-09-22 23:23:10,2025-09-22 23:32:50,2025-09-22 23:21:40,59,-3.05657396142609,2519.20302606663,0.894634210208976,0.766042113166638,1.55722629787972e-29,1.25364615137807e-19,0.00206750814119981,2.74404322347418,1.928495,496.7459,1.937246,500.3207,1.916433,481.7561,"No issues","No issues","No issues"
343,10,2025-09-23,"low",2025-09-22 23:35:40,2025-09-22 23:45:20,2025-09-22 23:34:10,59,-1.78847545528933,2026.45958433664,0.785881003082756,0.732046673939748,9.91080630297643e-21,6.12151739387713e-18,0.00183999840061186,2.41648104754902,1.934127,479.9125,1.940162,482.3357,1.927036,466.436,"No issues","No issues","No issues"
343,40,2025-09-21,"high",2025-09-21 12:36:40,2025-09-21 12:46:30,2025-09-21 12:35:20,60,3.14389098305086,884.339265796065,0.99242389202716,0.688344738701967,3.34109529572612e-63,2.58696707966403e-16,0.000550590239366241,1.19272328903015,1.944115,445.5435,1.96247,447.5157,1.941365,439.8712,"No issues","No issues","No issues"
344,20,2025-09-23,"low",2025-09-22 23:48:10,2025-09-22 23:57:50,2025-09-22 23:46:40,59,1.12389635067209,2698.39334377556,0.946497152286866,0.97914226508596,6.19961518475688e-38,1.33546330097273e-49,0.000526672097796607,0.776249237222609,1.938763,499.1863,1.943733,513.7832,1.935712,495.6832,"No issues","No issues","No issues"
344,50,2025-09-21,"high",2025-09-21 12:49:00,2025-09-21 12:58:50,2025-09-21 12:47:40,60,6.54405123200895,443.95695337595,0.992422799831994,0.502814537225898,3.35509352479745e-63,2.28976724395791e-10,0.00114614420267172,0.884876615963013,1.946756,443.2128,1.986958,444.7289,1.942923,438.9392,"No issues","No issues","No issues"
345,30,2025-09-23,"low",2025-09-23 00:00:40,2025-09-23 00:10:20,2025-09-22 23:59:10,59,-2.46552070134435,2413.72584547046,0.896353917579333,0.889765443534269,9.73348575465673e-30,5.65729589153851e-29,0.00165245862821824,1.67453530876275,1.929697,503.0623,1.934986,513.1511,1.918274,496.5829,"No issues","No issues","No issues"
345,60,2025-09-21,"high",2025-09-21 13:01:20,2025-09-21 13:11:10,2025-09-21 13:00:00,60,23.5629979171993,1274.5702072798,0.991117616167209,0.922876266303076,3.36963847636903e-61,5.80273749992782e-34,0.0044711503413713,0.73853759035879,1.965173,444.347,2.103162,450.0833,1.950552,440.7687,"No issues","No issues","No issues"
346,40,2025-09-23,"low",2025-09-23 00:13:10,2025-09-23 00:22:50,2025-09-23 00:11:40,59,1.32134787142016,3174.73820689654,0.657571884968556,0.570210839509141,6.99197086626525e-15,4.85817940312449e-12,0.00187938395731982,5.43254296469695,1.912797,579.5089,1.918531,604.0196,1.905136,577.1315,"No issues","No issues","No issues"
346,70,2025-09-21,"high",2025-09-21 13:13:40,2025-09-21 13:23:30,2025-09-21 13:12:20,60,8.10814330202827,-336.644144262279,0.984007166386265,0.671078528445762,8.62133761417543e-54,1.25072394087683e-15,0.00207191317658566,0.472407803478213,1.95543,442.4836,1.999482,442.4836,1.945564,438.6182,"No issues","No issues","No issues"
347,50,2025-09-23,"low",2025-09-23 00:25:40,2025-09-23 00:35:20,2025-09-23 00:24:10,59,-3.188372591467,4937.83842150784,0.732938189597775,0.87142661455141,5.56361181093491e-18,4.5889008723254e-27,0.00379338167939809,3.73836981110088,1.961255,529.2661,1.961255,546.665,1.917911,512.1934,"No issues","No issues","No issues"
347,80,2025-09-21,"high",2025-09-21 13:26:00,2025-09-21 13:35:50,2025-09-21 13:24:40,60,6.30385227007502,-176.639434509585,0.984940246761829,0.253708960099769,1.5074970433418e-54,4.08608175910044e-05,0.00156241561491712,0.607240088143824,1.948691,441.5149,1.985752,442.8537,1.942731,438.3959,"No issues","No issues","No issues"
348,60,2025-09-23,"low",2025-09-23 00:38:10,2025-09-23 00:47:50,2025-09-23 00:36:40,59,-2.98915368322616,5628.0690852133,0.82325360998896,0.906249733359294,4.09501123960649e-23,5.54539223042915e-31,0.00272986993151345,3.56785327592783,1.926747,512.1759,1.937745,530.7724,1.916344,491.2041,"No issues","No issues","No issues"
348,90,2025-09-21,"high",2025-09-21 13:38:20,2025-09-21 13:48:10,2025-09-21 13:37:00,60,-0.280023864406762,700.802907474309,0.215458594019504,0.621360687767202,0.000187169826597673,7.68988510306719e-14,0.00107104477398098,1.09653732108385,1.942884,445.4537,1.944804,446.8903,1.940922,440.4949,"No issues","No issues","No issues"
349,10,2025-09-21,"high",2025-09-21 13:50:40,2025-09-21 14:00:30,2025-09-21 13:49:20,60,2.264842162823,2331.09062917478,0.902660079611586,0.959173106947654,5.01479853740293e-31,5.55317979744087e-42,0.0014907604916221,0.963985241879345,1.945552,445.9656,1.96049,457.8093,1.942609,441.7018,"No issues","No issues","No issues"
349,70,2025-09-23,"low",2025-09-23 00:50:40,2025-09-23 01:00:20,2025-09-23 00:49:10,59,-3.65643436586792,4342.9074627703,0.838207274505979,0.953084732997548,3.26846349656829e-24,1.46091530772146e-39,0.00316626179970664,1.89914083437569,1.921377,538.5095,1.931569,563.0284,1.9061,534.6083,"No issues","No issues","No issues"
350,20,2025-09-21,"high",2025-09-21 14:03:00,2025-09-21 14:12:50,2025-09-21 14:01:40,60,2.22761670241739,1648.48544862463,0.783779455069914,0.910663721574158,6.04357385371524e-21,4.14739805929848e-32,0.00234519286637098,1.03491953853148,1.945621,446.5359,1.962422,454.0397,1.94291,442.0146,"No issues","No issues","No issues"
350,80,2025-09-23,"low",2025-09-23 01:03:10,2025-09-23 01:12:50,2025-09-23 01:01:40,59,-4.22444998246641,6871.0808388077,0.920537755255704,0.992075027730515,4.94342075381666e-33,1.39702056863684e-61,0.00244632999777902,1.21042234187801,1.92811,537.5939,1.935687,575.3518,1.908194,531.0204,"No issues","No issues","No issues"
351,30,2025-09-21,"high",2025-09-21 14:15:20,2025-09-21 14:25:10,2025-09-21 14:14:00,60,-1.46157711364265,1349.65980150043,0.921613013482726,0.893858507214539,9.30125259610395e-34,6.20204483447162e-30,0.000854389646520156,0.932221419708411,1.94181,444.6756,1.943227,450.6711,1.933229,441.0468,"No issues","No issues","No issues"
351,90,2025-09-23,"low",2025-09-23 01:15:40,2025-09-23 01:25:20,2025-09-23 01:14:10,59,-3.22205243249567,2637.72211244885,0.904623096571583,0.901315909271581,9.06197867403937e-31,2.39828414232419e-30,0.00206208058411688,1.72028083108616,1.938807,498.0674,1.94738,509.622,1.926118,491.324,"No issues","No issues","No issues"
352,10,2025-09-23,"low",2025-09-23 01:28:10,2025-09-23 01:37:50,2025-09-23 01:26:40,59,-1.56530945645831,2499.00981601402,0.664156879612852,0.991843535230291,4.00131897118625e-15,3.17410893871906e-61,0.00219390771716369,0.446665713980217,1.935453,515.3213,1.943573,534.0796,1.930584,515.3213,"No issues","No issues","No issues"
352,40,2025-09-21,"high",2025-09-21 14:27:40,2025-09-21 14:37:30,2025-09-21 14:26:20,60,3.53820723534321,1773.72982272856,0.993921397297169,0.900311545767691,5.62267431286998e-66,1.00244566490764e-30,0.0005546202003399,1.18304168393299,1.946058,446.5123,1.967433,455.0399,1.943737,442.0951,"No issues","No issues","No issues"
353,20,2025-09-23,"low",2025-09-23 01:40:40,2025-09-23 01:50:20,2025-09-23 01:39:10,59,1.6155572928112,2779.65277101108,0.980807084118394,0.986587570302173,1.24646349295575e-50,4.55924222744752e-55,0.000445437015249382,0.63879530279496,1.940983,508.364,1.949631,525.613,1.938809,507.5506,"No issues","No issues","No issues"
353,50,2025-09-21,"high",2025-09-21 14:40:00,2025-09-21 14:49:50,2025-09-21 14:38:40,60,5.5120336004447,1545.02323712144,0.985137597802662,0.873301661649233,1.02820070932861e-54,1.06435039118405e-27,0.0013570456956834,1.17957318085858,1.953628,445.4975,1.983328,453.5688,1.946122,441.3369,"No issues","No issues","No issues"
354,30,2025-09-23,"low",2025-09-23 01:53:10,2025-09-23 02:02:50,2025-09-23 01:51:40,59,-2.3440900713034,2576.7381040327,0.836763821634065,0.880976047227872,4.21346777983888e-24,5.0606501624195e-28,0.00204063961696679,1.8667693874861,1.934637,511.2284,1.942752,520.4858,1.926352,502.1044,"No issues","No issues","No issues"
354,60,2025-09-21,"high",2025-09-21 14:52:20,2025-09-21 15:02:10,2025-09-21 14:51:00,60,22.9381535493192,2275.83198355098,0.983220879558797,0.962352144718337,3.4690596244915e-53,5.28288842627285e-43,0.00600625909782041,0.902256179663705,1.974736,446.7339,2.100699,458.3224,1.952073,442.327,"No issues","No issues","No issues"
355,40,2025-09-23,"low",2025-09-23 02:05:40,2025-09-23 02:15:20,2025-09-23 02:04:10,59,1.26755061601397,4177.24387048509,0.793421559712678,0.737509916454256,3.55117157530447e-21,3.39116381253875e-18,0.00127479709596239,4.91187838459581,1.939285,503.1078,1.952066,508.7932,1.939285,477.5368,"No issues","No issues","No issues"
355,70,2025-09-21,"high",2025-09-21 15:04:40,2025-09-21 15:14:30,2025-09-21 15:03:20,60,7.04614926368439,212.364022006124,0.96707658032278,0.426857291158318,1.07899860290053e-44,1.52612457475964e-08,0.00260591612174026,0.493239142135559,1.963819,443.2387,1.997,443.7738,1.947769,440.966,"No issues","No issues","No issues"
356,50,2025-09-23,"low",2025-09-23 02:18:10,2025-09-23 02:27:50,2025-09-23 02:16:40,59,-2.36552747165407,5968.15438176504,0.902528370982897,0.993826765264226,1.68502128778556e-30,1.12982563683601e-64,0.00153222284499454,0.927099520496099,1.936036,508.2063,1.938264,542.7335,1.922744,502.5093,"No issues","No issues","No issues"
356,80,2025-09-21,"high",2025-09-21 15:17:00,2025-09-21 15:26:50,2025-09-21 15:15:40,60,5.80726256849132,559.458893248131,0.980340588508556,0.796771006484955,3.43609803849431e-51,9.94131961708507e-22,0.00164837031548893,0.566344662297695,1.95492,443.4614,1.986275,446.8731,1.946187,441.9297,"No issues","No issues","No issues"
357,60,2025-09-23,"low",2025-09-23 02:30:40,2025-09-23 02:40:20,2025-09-23 02:29:10,59,-2.74125435885448,4341.54526148452,0.880104126143104,0.880310184377382,6.23382200518565e-28,5.93492009565794e-28,0.00199420445386963,3.15529758689079,1.929781,518.6397,1.937137,532.5964,1.918683,503.1088,"No issues","No issues","No issues"
357,90,2025-09-21,"high",2025-09-21 15:29:20,2025-09-21 15:39:10,2025-09-21 15:28:00,60,-0.637933523756614,1075.95494837456,0.615792560436113,0.920771805803027,1.17933178949435e-13,1.26814955047211e-33,0.00101001459409445,0.63262233010975,1.945792,443.854,1.947189,449.6214,1.941644,441.7617,"No issues","No issues","No issues"
358,10,2025-09-21,"high",2025-09-21 15:41:40,2025-09-21 15:51:30,2025-09-21 15:40:20,60,2.82589168991389,2313.36345696027,0.946067955307114,0.969432828640922,1.79283792214146e-38,1.251035670207e-45,0.00135239746091517,0.823377875901563,1.949356,446.3959,1.967062,458.7092,1.945621,443.3136,"No issues","No issues","No issues"
358,70,2025-09-23,"low",2025-09-23 02:43:10,2025-09-23 02:52:50,2025-09-23 02:41:40,59,-3.9132297089422,4001.94079532435,0.883404206962595,0.786085189368148,2.80875550275268e-28,9.64375358988774e-21,0.00280209146466346,4.11473183065262,1.933609,502.5403,1.942375,510.3359,1.916205,481.2116,"No issues","No issues","No issues"
359,20,2025-09-21,"high",2025-09-21 15:54:00,2025-09-21 15:59:50,2025-09-21 15:52:40,36,3.27212701158311,1064.68785173746,0.832971799342277,0.636330982179329,9.07258398772185e-15,5.70845840727944e-09,0.00176173435642664,0.967752795987116,1.949225,447.0339,1.960093,447.9202,1.945717,442.5168,"No issues","No issues","No issues"
359,20,2025-09-22,"high",2025-09-21 16:00:00,2025-09-21 16:03:50,2025-09-21 15:52:40,24,1.75953975652178,1646.47709217384,0.991960066185775,0.917035641683249,1.53171798744315e-24,2.24277633392532e-13,0.000126913488926439,0.396769171901851,1.960339,447.9391,1.964894,452.5361,1.960339,447.933,"No issues","No issues","No issues"
359,80,2025-09-23,"low",2025-09-23 02:55:40,2025-09-23 03:05:20,2025-09-23 02:54:10,59,-4.0911834108709,5966.44991326707,0.880117159546287,0.898208990663168,6.2144934448028e-28,5.81162187007649e-30,0.00297606542314904,3.95883377776417,1.935363,501.3437,1.945612,521.0659,1.917792,480.6974,"No issues","No issues","No issues"
360,30,2025-09-22,"high",2025-09-21 16:06:20,2025-09-21 16:16:10,2025-09-21 16:05:00,60,-1.60154535370936,1099.21491347597,0.940616309227675,0.919469423668477,2.9345432976697e-37,2.03618492867427e-33,0.000806590570145056,0.652050042574725,1.944689,444.2202,1.945414,451.1316,1.934976,442.5392,"No issues","No issues","No issues"
360,90,2025-09-23,"low",2025-09-23 03:08:10,2025-09-23 03:17:50,2025-09-23 03:06:40,59,-3.27315972413803,2315.80924558736,0.952276631676849,0.734554448874157,2.37784888272184e-39,4.67481408210618e-18,0.0014442302453365,2.7438714994792,1.940067,480.6174,1.944822,483.3453,1.924086,466.192,"No issues","No issues","No issues"
361,10,2025-09-23,"low",2025-09-23 03:20:40,2025-09-23 03:30:20,2025-09-23 03:19:10,59,-1.69270022209245,1906.17679672704,0.773603341208085,0.592531084542506,4.89220946724079e-20,1.04353700169698e-12,0.00180485013317535,3.11558861055442,1.940746,480.5413,1.946486,480.5413,1.933856,462.7747,"No issues","No issues","No issues"
361,40,2025-09-22,"high",2025-09-21 16:18:40,2025-09-21 16:28:30,2025-09-21 16:17:20,60,3.71725329035852,1499.27183239789,0.988532579789025,0.876036701342501,5.56263880591339e-58,5.64384593655707e-28,0.000802501923942178,1.13045258454142,1.948605,447.1909,1.969873,453.0872,1.944902,442.1002,"No issues","No issues","No issues"
362,20,2025-09-23,"low",2025-09-23 03:33:10,2025-09-23 03:42:50,2025-09-23 03:31:40,59,1.47957954880184,1904.84741835181,0.983838271816173,0.512327982175865,9.27721213725247e-53,1.87160335280629e-10,0.000373771014170327,3.66298660246908,1.944509,491.7291,1.953523,491.7291,1.943556,472.4238,"No issues","No issues","No issues"
362,50,2025-09-22,"high",2025-09-21 16:31:00,2025-09-21 16:40:50,2025-09-21 16:29:40,60,5.57895386940817,960.503590552948,0.990088608755289,0.873149923309536,8.09745818693928e-60,1.10203545665238e-27,0.0011188441777725,0.733814869034307,1.95199,445.1963,1.984745,449.7061,1.947087,442.0386,"No issues","No issues","No issues"
363,30,2025-09-23,"low",2025-09-23 03:45:40,2025-09-23 03:55:20,2025-09-23 03:44:10,59,-2.46624078550564,2308.6215331385,0.908551457858623,0.775746436100844,2.7272420915e-31,3.72568563661337e-20,0.00154217749265052,2.44651442587372,1.939562,488.8877,1.94441,494.4943,1.927789,476.6445,"No issues","No issues","No issues"
363,60,2025-09-22,"high",2025-09-21 16:43:20,2025-09-21 16:53:10,2025-09-21 16:42:00,60,24.3325316765768,2378.12108519033,0.987941895148208,0.964880471099901,2.38777179944251e-57,7.02693817563676e-44,0.00538824930866726,0.909406604438501,1.968623,445.1467,2.108868,458.9257,1.953239,442.9044,"No issues","No issues","No issues"
364,40,2025-09-23,"low",2025-09-23 03:58:10,2025-09-23 04:07:50,2025-09-23 03:56:40,59,1.38220104266502,4799.50959766217,0.977944488728377,0.941347372038727,6.56165158905784e-49,8.53018696738181e-37,0.000409126806340848,2.36129855595695,1.947862,485.4487,1.956624,506.5591,1.947083,475.1727,"No issues","No issues","No issues"
364,70,2025-09-22,"high",2025-09-21 16:55:40,2025-09-21 17:05:30,2025-09-21 16:54:20,60,9.22926744540155,1358.83767090859,0.978713959166889,0.943782814033956,3.44842556770764e-50,5.97987371903336e-38,0.00272818202459307,0.664741289173066,1.963105,445.4846,2.010102,452.2206,1.949058,442.3877,"No issues","No issues","No issues"
365,50,2025-09-23,"low",2025-09-23 04:10:40,2025-09-23 04:20:20,2025-09-23 04:09:10,59,-2.22093295616601,5084.42170239624,0.889158903758378,0.914302132735172,6.61711076323704e-29,4.27081866829214e-32,0.00154554416696643,3.06808198646058,1.938001,497.7468,1.941096,518.0589,1.926108,484.292,"No issues","No issues","No issues"
365,80,2025-09-22,"high",2025-09-21 17:08:00,2025-09-21 17:17:50,2025-09-21 17:06:40,60,6.69245517532649,1168.34790108365,0.988891422679592,0.943513798261849,2.2120423908648e-58,6.86873207746512e-38,0.00142176213922143,0.573001552943402,1.952806,445.233,1.991133,451.1445,1.946293,442.9128,"No issues","No issues","No issues"
366,60,2025-09-23,"low",2025-09-23 04:23:10,2025-09-23 04:32:50,2025-09-23 04:21:40,59,-3.19274056341329,5210.81404558737,0.91133426714794,0.904369843432074,1.12872011163256e-31,9.77470279005756e-31,0.00196285374164257,3.33975976915071,1.932624,497.8875,1.939365,516.5394,1.918113,481.5905,"No issues","No issues","No issues"
366,90,2025-09-22,"high",2025-09-21 17:20:20,2025-09-21 17:30:10,2025-09-21 17:19:00,60,-0.847532625729327,1739.2021116977,0.710049741934531,0.961534794977538,3.14182829078234e-17,9.85271899807e-43,0.00108557628165185,0.697249377751473,1.945598,445.8875,1.94668,455.8402,1.939961,443.2897,"No issues","No issues","No issues"
367,10,2025-09-22,"high",2025-09-21 17:32:40,2025-09-21 17:42:30,2025-09-21 17:31:20,60,2.38474274854132,2147.64578427341,0.948128901653684,0.971258810470838,5.78579779691901e-39,2.09464386031077e-46,0.0011180394401838,0.740515400971947,1.948877,446.649,1.962853,458.4714,1.944829,443.6944,"No issues","No issues","No issues"
367,70,2025-09-23,"low",2025-09-23 04:35:40,2025-09-23 04:45:20,2025-09-23 04:34:10,59,-3.73404590531851,4034.85682197545,0.878998490322927,0.896592821895341,8.10277302035188e-28,9.11275856380095e-30,0.00273065126291261,2.70079175620638,1.933598,491.2685,1.941154,508.0477,1.915855,480.5999,"No issues","No issues","No issues"
368,20,2025-09-22,"high",2025-09-21 17:45:00,2025-09-21 17:54:50,2025-09-21 17:43:40,60,1.65746120589057,2392.55507063074,0.85791887350029,0.979469633063097,2.97848602355678e-26,1.20840288539591e-50,0.00135199478027037,0.694306719808201,1.949894,448.1349,1.959091,461.6623,1.944948,445.4108,"No issues","No issues","No issues"
368,80,2025-09-23,"low",2025-09-23 04:48:10,2025-09-23 04:57:50,2025-09-23 04:46:40,59,-4.38742583284627,6536.49893442429,0.951997215875352,0.992257000544427,2.80868383253475e-39,7.20512370676124e-62,0.0019418264784547,1.13808049368504,1.929499,504.2558,1.934025,541.1755,1.906321,499.2759,"No issues","No issues","No issues"
369,30,2025-09-22,"high",2025-09-21 17:57:20,2025-09-21 18:07:10,2025-09-21 17:56:00,60,-1.5864996543484,2132.10475532094,0.914192131182986,0.979755924467534,1.28660416794287e-32,8.04056071351989e-51,0.000974252116772108,0.614306516061513,1.942751,447.5409,1.944411,459.7873,1.933862,445.3733,"No issues","No issues","No issues"
369,90,2025-09-23,"low",2025-09-23 05:00:40,2025-09-23 05:10:20,2025-09-23 04:59:10,59,-3.27169885213334,2599.22245423726,0.955141153767833,0.922150698752886,4.0680841833001e-40,2.75319624917864e-33,0.00139749045053786,1.48852151464824,1.939729,469.8915,1.944556,480.1226,1.923734,462.6164,"No issues","No issues","No issues"
370,10,2025-09-23,"low",2025-09-23 05:13:10,2025-09-23 05:22:50,2025-09-23 05:11:40,59,-2.00061699590891,1980.57977042664,0.795695355709427,0.83232231365357,2.5869241701498e-21,9.07875922369856e-24,0.00199808941190856,1.75214265688087,1.941298,468.1736,1.947441,474.6741,1.932775,459.92,"No issues","No issues","No issues"
370,40,2025-09-22,"high",2025-09-21 18:09:40,2025-09-21 18:19:30,2025-09-21 18:08:20,60,2.45773214337315,2241.44367924424,0.973171596725861,0.974634762656999,2.83994619423841e-47,5.58051202853554e-48,0.000817944445757796,0.724791188910348,1.949048,449.1186,1.961464,462.0714,1.944525,446.4258,"No issues","No issues","No issues"
371,20,2025-09-23,"low",2025-09-23 05:25:40,2025-09-23 05:35:20,2025-09-23 05:24:10,59,1.58153407364114,2428.64411081238,0.989012338759545,0.833020259077922,1.54958456241404e-57,8.05794525975645e-24,0.000328560677429728,2.14315333730292,1.949864,466.8764,1.959007,473.6592,1.948589,456.9483,"No issues","No issues","No issues"
371,50,2025-09-22,"high",2025-09-21 18:22:00,2025-09-21 18:31:50,2025-09-21 18:20:40,60,3.52091043067526,2631.46295393165,0.978421858653508,0.994217835615766,5.12080935734196e-50,1.31884553058813e-66,0.00104805838864259,0.402242782656503,1.954555,452.562,1.973152,470.8794,1.948904,452.562,"No issues","No issues","No issues"
372,30,2025-09-23,"low",2025-09-23 05:38:10,2025-09-23 05:47:50,2025-09-23 05:36:40,59,-2.60608304850968,2798.44868451197,0.932031124531782,0.924512198474679,5.72380620740155e-35,1.14295917207148e-33,0.00138711779223171,1.57610326909742,1.943549,465.3513,1.947345,476.1996,1.930561,457.529,"No issues","No issues","No issues"
372,60,2025-09-22,"high",2025-09-21 18:34:20,2025-09-21 18:44:10,2025-09-21 18:33:00,60,17.7598140816894,3508.18007846626,0.965304074143431,0.996780945225481,4.94126663553135e-44,5.53545842266272e-74,0.00674888680183038,0.399606694763404,1.97462,462.8588,2.06245,486.8528,1.945848,462.8588,"No issues","No issues","No issues"
373,40,2025-09-23,"low",2025-09-23 05:50:40,2025-09-23 06:00:20,2025-09-23 05:49:10,59,1.73481151139678,3895.23972413792,0.916769267346066,0.730905399676155,1.85518846763287e-32,6.91494646212809e-18,0.00103026604661881,4.65844908831083,1.945839,484.3584,1.956574,496.4848,1.942929,466.8613,"No issues","No issues","No issues"
373,70,2025-09-22,"high",2025-09-21 18:46:40,2025-09-21 18:56:30,2025-09-21 18:45:20,60,5.66827404056686,3042.4397381495,0.917330467128374,0.986837430345355,4.35973754139883e-33,3.03399379993148e-56,0.00341072912175622,0.704297386870847,1.954262,467.38,1.974083,492.3679,1.933888,467.38,"No issues","No issues","No issues"
374,50,2025-09-23,"low",2025-09-23 06:03:10,2025-09-23 06:12:50,2025-09-23 06:01:40,59,-2.85027843366456,5762.11047948566,0.968340556004866,0.975541692830275,1.96420633440159e-44,1.25153473740194e-47,0.00101580448107698,1.79827918497223,1.941185,480.1671,1.943767,507.0183,1.925338,468.0258,"No issues","No issues","No issues"
374,80,2025-09-22,"high",2025-09-21 18:59:00,2025-09-21 19:08:50,2025-09-21 18:57:40,60,4.91927006390662,3078.33570925257,0.955883481664163,0.988961175888819,5.26324955449029e-41,1.84266086036397e-58,0.00211828972890607,0.651890006759226,1.94518,468.7448,1.966396,492.981,1.931707,468.7448,"No issues","No issues","No issues"
375,60,2025-09-23,"low",2025-09-23 06:15:40,2025-09-23 06:25:20,2025-09-23 06:14:10,59,-2.75944077615434,3611.64861531266,0.890090782467133,0.846485336922402,5.19934550821362e-29,7.28172216887032e-25,0.00191120045545284,3.03148873610742,1.932238,489.0913,1.939555,497.9173,1.921029,472.8829,"No issues","No issues","No issues"
375,90,2025-09-22,"high",2025-09-21 19:11:20,2025-09-21 19:21:10,2025-09-21 19:10:00,60,-0.90390388441228,2296.73641433733,0.838712908957151,0.977715204098564,1.19002155760382e-24,1.30417043578794e-49,0.000794514726502551,0.695017692138694,1.931143,471.363,1.931143,490.3882,1.92198,471.363,"No issues","No issues","No issues"
376,10,2025-09-22,"high",2025-09-21 19:23:40,2025-09-21 19:33:30,2025-09-21 19:22:20,60,1.17393713364825,2206.73481389276,0.776141612371469,0.956131173793107,1.66168001984209e-20,4.46980294215766e-41,0.00126371051622563,0.947449285049679,1.940785,472.6909,1.944915,493.359,1.934515,472.6909,"No issues","No issues","No issues"
376,70,2025-09-23,"low",2025-09-23 06:28:10,2025-09-23 06:37:50,2025-09-23 06:26:40,59,-3.85362532320285,3419.44118573931,0.892431556992872,0.859547849013078,2.81155571058632e-29,5.73227819152934e-26,0.00263699754507457,2.72439179198412,1.936283,476.4644,1.944285,485.6265,1.918757,461.3839,"No issues","No issues","No issues"
377,20,2025-09-22,"high",2025-09-21 19:36:00,2025-09-21 19:45:50,2025-09-21 19:34:40,60,0.918721520422483,2400.07659994444,0.743998518520654,0.983314828173991,8.30123862593828e-19,2.94764370110363e-53,0.00108020367699154,0.626658172880463,1.9394,473.3388,1.942049,492.5125,1.933136,473.3388,"No issues","No issues","No issues"
377,80,2025-09-23,"low",2025-09-23 06:40:40,2025-09-23 06:50:20,2025-09-23 06:39:10,59,-4.18262702980721,3380.15145482172,0.867830833956917,0.755461544052015,1.00919588771694e-26,4.45178227145876e-19,0.00321722868899296,3.79043294860306,1.932463,482.4538,1.944259,486.2025,1.915774,461.3394,"No issues","No issues","No issues"
378,30,2025-09-22,"high",2025-09-21 19:48:20,2025-09-21 19:58:10,2025-09-21 19:47:00,60,-1.65954594498472,2126.43183550987,0.975535731050109,0.977598977857903,1.95427782763046e-48,1.51661499612254e-49,0.000526769194043308,0.645195859528052,1.933758,467.2628,1.933758,485.1599,1.922134,467.2628,"No issues","No issues","No issues"
378,90,2025-09-23,"low",2025-09-23 06:53:10,2025-09-23 07:02:50,2025-09-23 06:51:40,59,-3.25988108942149,2160.8806639392,0.942088895673643,0.864855885217517,5.93353165876674e-37,1.90634493671e-26,0.00159302281606238,1.68361480554886,1.941302,462.2578,1.946991,469.2104,1.925924,454.4257,"No issues","No issues","No issues"
379,10,2025-09-23,"low",2025-09-23 07:05:40,2025-09-23 07:15:20,2025-09-23 07:04:10,59,-2.31132624196384,1494.27901157215,0.843988987415201,0.80269546524156,1.15479197456365e-24,9.53756188184142e-22,0.00195864507336232,1.46019239324378,1.944233,459.5083,1.950607,462.7885,1.93434,452.1148,"No issues","No issues","No issues"
379,40,2025-09-22,"high",2025-09-21 20:00:40,2025-09-21 20:10:30,2025-09-21 19:59:20,60,1.64578508252295,1633.44447857739,0.955256386536151,0.71894752866145,7.92786786690714e-41,1.26489329502388e-17,0.000713945781228652,2.04708578091086,1.939856,470.7388,1.948433,476.3188,1.935846,463.3016,"No issues","No issues","No issues"
380,20,2025-09-23,"low",2025-09-23 07:18:10,2025-09-23 07:27:50,2025-09-23 07:16:40,59,1.57743676446515,1874.7437596727,0.983279915896414,0.836978579520823,2.44303848360182e-52,4.05780735067494e-24,0.000405431846655533,1.6307685899018,1.952357,458.5916,1.960818,464.2782,1.950418,451.0876,"No issues","No issues","No issues"
380,50,2025-09-22,"high",2025-09-21 20:13:00,2025-09-21 20:22:50,2025-09-21 20:11:40,60,1.9187433042512,2704.62639711032,0.813643641391311,0.925573651173195,7.9703326111719e-23,2.0636842252246e-34,0.00184059579540492,1.53727550046268,1.941561,472.0928,1.944887,494.5504,1.929613,472.0928,"No issues","No issues","No issues"
381,30,2025-09-23,"low",2025-09-23 07:30:40,2025-09-23 07:40:20,2025-09-23 07:29:10,59,-2.69259060666292,2055.91920701343,0.926444016903325,0.845990682827676,5.45404746166576e-34,7.98314969437624e-25,0.001495391798952,1.72894830414961,1.943566,460.4171,1.947662,466.8091,1.930033,451.9125,"No issues","No issues","No issues"
381,60,2025-09-22,"high",2025-09-21 20:25:20,2025-09-21 20:35:10,2025-09-21 20:24:00,60,15.9140875398723,2713.11020972492,0.965442862685929,0.953453206038957,4.39872889844435e-44,2.49548664811526e-40,0.00603495299383246,1.20157030910122,1.9686,477.0962,2.047089,491.8554,1.941951,473.3924,"No issues","No issues","No issues"
382,40,2025-09-23,"low",2025-09-23 07:43:10,2025-09-23 07:52:50,2025-09-23 07:41:40,59,1.49817751490353,3493.3536841613,0.982518754012307,0.900206341618013,8.69179708122376e-52,3.30026218999128e-30,0.000393880335207142,2.29249423577468,1.949942,465.5739,1.958549,476.2545,1.948136,453.333,"No issues","No issues","No issues"
382,70,2025-09-22,"high",2025-09-21 20:37:40,2025-09-21 20:47:30,2025-09-21 20:36:20,60,4.67979178216172,2757.81802056127,0.931857408282448,0.991320038373892,1.59328138777281e-35,1.72663384852377e-61,0.00253657484260007,0.517254315851171,1.953514,472.0182,1.97181,489.2522,1.938935,469.4399,"No issues","No issues","No issues"
383,50,2025-09-23,"low",2025-09-23 07:55:40,2025-09-23 08:05:20,2025-09-23 07:54:10,59,-2.81903152776159,3205.64668334306,0.905486507420525,0.866526213807072,6.98981203965007e-31,1.33618228521683e-26,0.00179511015540621,2.47975085041142,1.942222,467.7701,1.946655,476.7824,1.928161,454.9062,"No issues","No issues","No issues"
383,80,2025-09-22,"high",2025-09-21 20:50:00,2025-09-21 20:59:50,2025-09-21 20:48:40,60,3.40814942817453,2248.57807702142,0.964916706939046,0.873291066002908,6.81956510351697e-44,1.06694094798826e-27,0.00130259812388459,1.71679579114071,1.942879,478.5905,1.960003,487.4807,1.935508,470.4156,"No issues","No issues","No issues"
384,60,2025-09-23,"low",2025-09-23 08:08:10,2025-09-23 08:17:50,2025-09-23 08:06:40,59,-2.63164704617188,481.964801870251,0.920053211325024,0.260497487337147,5.88008033606133e-33,3.63147049521327e-05,0.00152899806997366,1.60054775586266,1.940885,477.905,1.947799,477.905,1.930659,468.9169,"No issues","No issues","No issues"
384,90,2025-09-22,"high",2025-09-21 21:02:20,2025-09-21 21:12:10,2025-09-21 21:01:00,60,-0.657287219783214,1445.57453248126,0.491445539261505,0.732031087376159,4.45862676182385e-10,3.14720908355658e-18,0.00134020977476019,1.75309112373724,1.928385,482.0892,1.933777,484.4272,1.927744,473.2218,"No issues","No issues","No issues"
385,10,2025-09-22,"high",2025-09-21 21:14:40,2025-09-21 21:24:30,2025-09-21 21:13:20,60,0.641989930536279,1200.5124436788,0.427758139998245,0.416179560274337,1.45664348169714e-08,2.63740367379517e-08,0.00148835127771858,2.85005012495105,1.943322,471.8749,1.950107,471.8749,1.943164,456.4965,"No issues","No issues","No issues"
385,70,2025-09-23,"low",2025-09-23 08:20:40,2025-09-23 08:30:20,2025-09-23 08:19:10,59,-5.26137824430169,6791.12109783751,0.962303045133007,0.979315072849438,2.85024891602868e-42,1.05346532797229e-49,0.00205249442379704,1.94532653004821,1.943444,473.398,1.949551,510.1525,1.917104,467.4366,"No issues","No issues","No issues"
386,20,2025-09-22,"high",2025-09-21 21:27:00,2025-09-21 21:36:50,2025-09-21 21:25:40,60,0.894014097249276,1853.88590430675,0.556270215172506,0.808531254841765,8.06399746076216e-12,1.75245353111059e-22,0.00160046916757546,1.80829840537102,1.947915,459.981,1.957446,464.6023,1.947915,450.6663,"No issues","No issues","No issues"
386,80,2025-09-23,"low",2025-09-23 08:33:10,2025-09-23 08:42:50,2025-09-23 08:31:40,59,-5.23189721098771,-2015.82814260667,0.918886518173152,0.891730593964234,8.89142337118723e-33,3.384587480203e-29,0.00306379738861344,1.38444212142039,1.94369,469.8094,1.954562,469.8094,1.920232,448.8686,"No issues","No issues","No issues"
387,30,2025-09-22,"high",2025-09-21 21:39:20,2025-09-21 21:49:10,2025-09-21 21:38:00,60,-1.55422628952477,1804.28915943317,0.769919666144328,0.774492361137682,3.69401983756695e-20,2.05796794573001e-20,0.00170301256201064,1.9514829318488,1.943681,459.7429,1.951728,463.0348,1.940226,448.2782,"No issues","No issues","No issues"
387,90,2025-09-23,"low",2025-09-23 08:45:40,2025-09-23 08:55:20,2025-09-23 08:44:10,59,-3.67376890239632,1978.3652338983,0.946997832459718,0.896981862638727,4.74111908212586e-38,8.18285538025546e-30,0.00171304752958037,1.32146828271123,1.945547,461.3292,1.951639,469.4968,1.928082,456.0007,"No issues","No issues","No issues"
388,10,2025-09-23,"low",2025-09-23 08:58:10,2025-09-23 09:07:50,2025-09-23 08:56:40,59,-2.91227889187617,-384.428291291661,0.924993822928731,0.341042731477522,9.52135956746558e-34,1.20193627576665e-06,0.00163454664326365,1.05323389032744,1.948357,458.0762,1.952447,458.0762,1.933604,450.1884,"No issues","No issues","No issues"
388,40,2025-09-22,"high",2025-09-21 21:51:40,2025-09-21 22:01:30,2025-09-21 21:50:20,60,1.1873571014171,1736.67036843568,0.950119547143502,0.807836429028537,1.85809155749942e-39,1.94736590092504e-22,0.000545310649471437,1.69776574048648,1.949389,457.614,1.959361,462.8636,1.949389,449.1546,"No issues","No issues","No issues"
389,20,2025-09-23,"low",2025-09-23 09:10:40,2025-09-23 09:20:20,2025-09-23 09:09:10,59,2.09532927177088,-518.393889888967,0.984373263751188,0.523154702125668,3.55342610389342e-53,9.77384079705462e-11,0.000520345463856971,0.9754810030448,1.953451,456.3985,1.964726,456.3985,1.95113,447.8861,"No issues","No issues","No issues"
389,50,2025-09-22,"high",2025-09-21 22:04:00,2025-09-21 22:13:50,2025-09-21 22:02:40,60,2.17474201500415,1712.5501963879,0.937323951403854,0.766217035211712,1.40563732608338e-36,5.88259825414917e-20,0.00112719810429822,1.89609632742358,1.951704,461.2038,1.968075,463.8899,1.951704,450.6607,"No issues","No issues","No issues"
390,30,2025-09-23,"low",2025-09-23 09:23:10,2025-09-23 09:32:50,2025-09-23 09:21:40,59,-2.96927158386908,163.11158573932,0.948917946829361,0.0727721441913963,1.65476390636653e-38,0.0388065532133547,0.00135786008030355,1.14757404144219,1.946163,456.1383,1.9501,456.1383,1.931147,449.2235,"No issues","No issues","No issues"
390,60,2025-09-22,"high",2025-09-21 22:16:20,2025-09-21 22:26:10,2025-09-21 22:15:00,60,15.1482385640455,2649.08562511811,0.977149730944814,0.891886499512512,2.69806718850154e-49,1.05887368932072e-29,0.00464316155172823,1.84870545783777,1.979759,460.0313,2.060031,469.2886,1.96181,451.503,"No issues","No issues","No issues"
391,40,2025-09-23,"low",2025-09-23 09:35:40,2025-09-23 09:45:20,2025-09-23 09:34:10,59,2.71925593921682,-271.659122384592,0.992745781023713,0.143443702771278,1.12320486222311e-62,0.00309681581032376,0.000458154174202107,1.30841875972997,1.952054,457.6866,1.968641,457.6866,1.950274,448.3117,"No issues","No issues","No issues"
391,70,2025-09-22,"high",2025-09-21 22:28:40,2025-09-21 22:38:30,2025-09-21 22:27:20,60,5.07382163489867,2182.39337238122,0.984732442180147,0.833743258511769,2.24336814975445e-54,2.87742939933059e-24,0.001266331521492,1.95340842482597,1.962778,462.445,1.990748,467.2289,1.956227,451.2101,"No issues","No issues","No issues"
392,50,2025-09-23,"low",2025-09-23 09:48:10,2025-09-23 09:57:50,2025-09-23 09:46:40,59,-3.04735728813564,-268.785198831113,0.932273327282752,0.0957497428618503,5.16946641689817e-35,0.0170879310743828,0.00161888825822428,1.62804392680165,1.945212,459.6363,1.947942,459.6363,1.928322,448.284,"No issues","No issues","No issues"
392,80,2025-09-22,"high",2025-09-21 22:41:00,2025-09-21 22:50:50,2025-09-21 22:39:40,60,3.78710429341485,2247.43432731315,0.981679367363565,0.83205068254356,4.44127748809028e-52,3.86366048837813e-24,0.00103700111836753,2.02389416742555,1.954684,461.8837,1.980095,467.6324,1.953953,451.2821,"No issues","No issues","No issues"
393,60,2025-09-23,"low",2025-09-23 10:00:40,2025-09-23 10:10:20,2025-09-23 09:59:10,59,-2.82628791583879,-4708.4401599065,0.970423551247802,0.989924997297757,2.82068746704759e-45,1.30830584690494e-58,0.000972509847571148,0.936232583859467,1.93954,461.3204,1.941684,461.3204,1.923352,425.4967,"No issues","No issues","No issues"
393,90,2025-09-22,"high",2025-09-21 22:53:20,2025-09-21 23:03:10,2025-09-21 22:52:00,60,-0.706640609058091,1653.53914042791,0.421462861728299,0.804195052988229,2.01437728897286e-08,3.36367597611456e-22,0.00165947653263642,1.63543078542391,1.948252,461.1758,1.955997,464.9884,1.948252,451.983,"No issues","No issues","No issues"
394,10,2025-09-22,"high",2025-09-21 23:05:40,2025-09-21 23:15:30,2025-09-21 23:04:20,60,0.718713082522994,1665.65516198944,0.482355219410813,0.91316024083509,7.51857422449375e-10,1.82068436096598e-32,0.00149236321844149,1.02957374953244,1.952606,458.1928,1.960242,465.4745,1.952606,453.6809,"No issues","No issues","No issues"
394,70,2025-09-23,"low",2025-09-23 10:13:10,2025-09-23 10:22:50,2025-09-23 10:11:40,59,-5.18907492694334,4189.56725751022,0.983031560827584,0.933169523944395,3.71947174930932e-52,3.53481615979184e-35,0.00134373124428057,2.20984303665178,1.939242,465.924,1.942067,483.609,1.910203,454.8039,"No issues","No issues","No issues"
395,20,2025-09-22,"high",2025-09-21 23:18:00,2025-09-21 23:27:50,2025-09-21 23:16:40,60,0.647017647124233,2050.78730313976,0.476680304101123,0.95147330805911,1.03720015560692e-09,8.36040645401866e-40,0.00135885344627203,0.928323226020859,1.955133,459.0366,1.960586,469.0019,1.953453,455.0903,"No issues","No issues","No issues"
395,80,2025-09-23,"low",2025-09-23 10:25:40,2025-09-23 10:35:20,2025-09-23 10:24:10,59,-6.07220361426071,-6712.54365587377,0.959195321675213,0.994924930847551,2.72939018913727e-41,4.24875037894594e-67,0.00246849945554256,0.944926883593128,1.940606,452.7406,1.946901,452.7406,1.908829,405.808,"No issues","No issues","No issues"
396,30,2025-09-22,"high",2025-09-21 23:30:20,2025-09-21 23:40:10,2025-09-21 23:29:00,60,-1.68572233620454,1815.04234642958,0.948102087451996,0.964630970963333,5.87324485203488e-39,8.62937971529877e-44,0.00079053297980578,0.69663339194658,1.946595,464.3834,1.947401,476.321,1.936594,463.9691,"No issues","No issues","No issues"
396,90,2025-09-23,"low",2025-09-23 10:38:10,2025-09-23 10:47:50,2025-09-23 10:36:40,59,-4.35942183050852,2618.48500853301,0.972488757912049,0.935624853287709,3.58086787048707e-46,1.21481909482594e-35,0.00144519668141536,1.35376595900677,1.942919,454.939,1.946385,468.3943,1.91929,450.3378,"No issues","No issues","No issues"
397,10,2025-09-23,"low",2025-09-23 10:50:40,2025-09-23 11:00:20,2025-09-23 10:49:10,59,-2.48878305552313,528.752749970758,0.934864379153031,0.735538251303517,1.69840430776199e-35,4.20269664319194e-18,0.00129481365299124,0.624908880982208,1.945101,452.5358,1.948661,453.3694,1.932682,448.3517,"No issues","No issues","No issues"
397,40,2025-09-22,"high",2025-09-21 23:42:40,2025-09-21 23:52:30,2025-09-21 23:41:20,60,1.0299761044735,1812.61167124202,0.86680073270599,0.9833092464352,4.55871336861055e-27,2.97638262656523e-53,0.000809291520529994,0.473352026587749,1.942961,472.6279,1.945146,486.6295,1.936985,472.6279,"No issues","No issues","No issues"
398,20,2025-09-23,"low",2025-09-23 11:03:10,2025-09-23 11:12:50,2025-09-23 11:01:40,59,3.09072089772056,-824.908064991238,0.990298271502274,0.879046728881613,4.46008015147972e-59,8.01100211169842e-28,0.000602957349178563,0.603105979209521,1.952028,450.9725,1.969512,450.9725,1.949387,442.8727,"No issues","No issues","No issues"
398,50,2025-09-22,"high",2025-09-21 23:55:00,2025-09-22 00:04:50,2025-09-21 23:53:40,60,1.61837522867468,1992.14102850793,0.900271899096872,0.982819510974107,1.01409345288605e-30,6.88685586219198e-53,0.00107966172992994,0.527943580805894,1.947821,467.8368,1.953149,482.5377,1.940427,467.8368,"No issues","No issues","No issues"
399,30,2025-09-23,"low",2025-09-23 11:15:40,2025-09-23 11:25:20,2025-09-23 11:14:10,59,-2.92965433080073,-128.99004932788,0.960253739582721,0.0786532428045104,1.28986589770266e-41,0.0314381958127985,0.00117478061281721,0.870151162367007,1.946245,452.0582,1.948446,452.0582,1.930049,446.6967,"No issues","No issues","No issues"
399,60,2025-09-22,"high",2025-09-22 00:07:20,2025-09-22 00:17:10,2025-09-22 00:06:00,60,13.1750697415949,2671.62454993054,0.967293294370792,0.93809395304695,8.90836411579234e-45,9.8177899386566e-37,0.0048560012870247,1.37564176140063,1.978213,463.3892,2.043877,475.8275,1.957364,457.833,"No issues","No issues","No issues"
400,40,2025-09-23,"low",2025-09-23 11:28:10,2025-09-23 11:37:50,2025-09-23 11:26:40,59,3.98337378375212,216.566119462288,0.988806815814854,0.172396911575098,2.62807617483442e-57,0.00107545742638396,0.00083532872621075,0.935237865093204,1.951634,452.6835,1.974614,452.6835,1.947783,447.1182,"No issues","No issues","No issues"
400,70,2025-09-22,"high",2025-09-22 00:19:40,2025-09-22 00:29:30,2025-09-22 00:18:20,60,4.53556019783273,2193.30766813004,0.954349573498152,0.955275370817835,1.41923798331646e-40,7.83082218496367e-41,0.00198831949690415,0.951251158397481,1.965095,463.1075,1.984919,474.4354,1.953242,459.834,"No issues","No issues","No issues"
401,50,2025-09-23,"low",2025-09-23 11:40:40,2025-09-23 11:50:20,2025-09-23 11:39:10,59,-2.99693776271198,-619.150832963201,0.961013521463955,0.697205080448582,7.43848200882411e-42,2.04178571837511e-16,0.00118974869200532,0.804221609566327,1.943675,454.7723,1.944774,454.7723,1.926466,448.1669,"No issues","No issues","No issues"
401,80,2025-09-22,"high",2025-09-22 00:32:00,2025-09-22 00:41:50,2025-09-22 00:30:40,60,3.06444355432065,2265.19983817728,0.966450440575933,0.974324663492832,1.86393731158289e-44,7.939259431191e-48,0.00114443676368559,0.737053993805321,1.960857,463.9123,1.977147,476.6146,1.955079,461.1026,"No issues","No issues","No issues"
402,60,2025-09-23,"low",2025-09-23 11:53:10,2025-09-23 12:02:50,2025-09-23 11:51:40,59,-4.8387570122736,-2925.93074833434,0.969612949770877,0.952540356059174,6.09806193152439e-45,2.03019513774391e-39,0.00168835643902743,1.28727058375712,1.93664,453.3429,1.938981,454.901,1.909144,433.6332,"No issues","No issues","No issues"
402,90,2025-09-22,"high",2025-09-22 00:44:20,2025-09-22 00:54:10,2025-09-22 00:43:00,60,-1.01867160433453,1657.54580539038,0.773107399709696,0.8955248046681,2.45993742558109e-20,3.91613290227303e-30,0.00110614232225219,1.134801451541,1.956353,458.9254,1.960449,465.1705,1.952589,453.5319,"No issues","No issues","No issues"
403,10,2025-09-22,"high",2025-09-22 00:56:40,2025-09-22 01:06:30,2025-09-22 00:55:20,60,0.596290116143424,1806.68212014448,0.41263648119126,0.910030493521378,3.15573823572012e-08,5.09188096656222e-32,0.00142598133959367,1.13864410222239,1.959808,457.4648,1.966543,463.7198,1.959808,451.0094,"No issues","No issues","No issues"
403,70,2025-09-23,"low",2025-09-23 12:05:40,2025-09-23 12:15:20,2025-09-23 12:04:10,59,-6.1015190181181,6060.51032612507,0.977611780221648,0.975040920568574,1.00555031903054e-48,2.2305518923163e-47,0.00181990950597166,1.91116116668426,1.936486,461.6666,1.939974,494.1841,1.902006,455.0676,"No issues","No issues","No issues"
404,20,2025-09-22,"high",2025-09-22 01:09:00,2025-09-22 01:18:50,2025-09-22 01:07:40,60,0.491175717699343,1743.83549474855,0.368522457203044,0.891942746836425,2.71553284096255e-07,1.04298198453998e-29,0.00128875517525181,1.21660765201196,1.96063,457.9161,1.966017,463.3245,1.959944,451.0526,"No issues","No issues","No issues"
404,80,2025-09-23,"low",2025-09-23 12:18:10,2025-09-23 12:27:50,2025-09-23 12:16:40,59,-5.94398268147288,-9087.90694190532,0.933848349712742,0.997645166226417,2.64149190257446e-35,1.32880055520633e-76,0.00311813529763477,0.870244334139507,1.93599,446.2054,1.944761,447.0439,1.905942,388.5391,"No issues","No issues","No issues"
405,30,2025-09-22,"high",2025-09-22 01:21:20,2025-09-22 01:31:10,2025-09-22 01:20:00,60,-1.87280750430671,2134.5575406502,0.872683112497639,0.880171527510013,1.22622564370273e-27,2.10538295077842e-28,0.00143381929111889,1.57866789930028,1.952729,459.3533,1.959439,465.6303,1.946495,450.7353,"No issues","No issues","No issues"
406,10,2025-09-23,"low",2025-09-23 12:52:50,2025-09-23 13:02:30,2025-09-23 12:51:20,59,-0.571812974868578,469.908290356505,0.201291584499824,0.288169494014474,0.00036536181771719,1.17050405387254e-05,0.00224502190586828,1.45566908817965,1.942727,455.3828,1.949716,455.3828,1.941846,448.4596,"No issues","No issues","No issues"
406,40,2025-09-22,"high",2025-09-22 01:33:40,2025-09-22 01:43:30,2025-09-22 01:32:20,60,1.51875739705476,1776.28698905253,0.952474702216356,0.811980421099674,4.56444085855137e-40,1.03230926830226e-22,0.000680002739841592,1.71328042001874,1.956367,460.7019,1.969373,464.6909,1.956367,451.2318,"No issues","No issues","No issues"
407,20,2025-09-23,"low",2025-09-23 13:05:20,2025-09-23 13:15:00,2025-09-23 13:03:50,59,6.54984563880762,-172.956388544717,0.987038736140513,0.0650078755472901,1.71903117575192e-55,0.0513105568376071,0.00147935668656925,1.29283426609405,1.95074,452.7619,1.986676,452.7619,1.94513,444.9301,"No issues","No issues","No issues"
407,50,2025-09-22,"high",2025-09-22 01:46:00,2025-09-22 01:55:50,2025-09-22 01:44:40,60,2.0128895359823,1788.13355976662,0.9183545283589,0.861663438357434,3.03555944612197e-33,1.36994462621625e-26,0.00120300481385707,1.43610491212428,1.959991,459.7025,1.975077,464.6247,1.959991,452.2488,"No issues","No issues","No issues"
408,30,2025-09-23,"low",2025-09-23 13:17:50,2025-09-23 13:27:30,2025-09-23 13:16:20,59,-2.19577646756288,-18.8668614845241,0.929064867474065,0.000572686603053967,1.93670775151306e-34,0.857223803766683,0.00119586197364384,1.55346693062481,1.943277,452.2117,1.943896,452.2117,1.929582,443.2226,"No issues","No issues","No issues"
408,60,2025-09-22,"high",2025-09-22 01:58:20,2025-09-22 02:08:10,2025-09-22 01:57:00,60,13.2041547807724,2621.54006157267,0.980352990170326,0.928988800030731,3.37376964599165e-51,5.27565093852638e-35,0.00374674517475467,1.45278465303466,1.98085,458.6021,2.051809,469.274,1.966194,451.2358,"No issues","No issues","No issues"
409,40,2025-09-23,"low",2025-09-23 13:30:20,2025-09-23 13:40:00,2025-09-23 13:28:50,59,6.04573269433077,1589.38597030974,0.99304745435472,0.643322096017699,3.34704152018713e-63,2.25820203982721e-14,0.000997059603839985,2.3325904885322,1.947688,453.2964,1.983117,456.5411,1.943659,442.8964,"No issues","No issues","No issues"
409,70,2025-09-22,"high",2025-09-22 02:10:40,2025-09-22 02:20:30,2025-09-22 02:09:20,60,4.3044967335371,2408.43874676301,0.972679646711746,0.930251436724671,4.81137522041188e-47,3.13354295869465e-35,0.00144599630019596,1.32187266429789,1.972021,459.3942,1.99327,468.9024,1.963518,452.7174,"No issues","No issues","No issues"
410,50,2025-09-23,"low",2025-09-23 13:42:50,2025-09-23 13:52:30,2025-09-23 13:41:20,59,-1.61775693278791,639.689744009333,0.812830489065624,0.257316838938568,2.10920632798206e-22,4.12652669183547e-05,0.00153008686201735,2.14201411892592,1.941385,455.3768,1.943482,455.3768,1.931852,445.9084,"No issues","No issues","No issues"
410,80,2025-09-22,"high",2025-09-22 02:23:00,2025-09-22 02:32:50,2025-09-22 02:21:40,60,3.00875936649075,2742.09672553488,0.969925132280581,0.949657742727643,7.81032273476262e-46,2.42792689215644e-39,0.00106195660310585,1.26547075661778,1.965804,457.9561,1.98391,470.751,1.962741,452.1345,"No issues","No issues","No issues"
411,60,2025-09-23,"low",2025-09-23 13:55:20,2025-09-23 14:05:00,2025-09-23 13:53:50,59,-4.22235133606086,-1359.73896154297,0.896420313660668,0.307494215306036,9.55699523606378e-30,5.18768023131491e-06,0.00282892266395703,4.02192554046325,1.93399,456.5291,1.941303,456.9981,1.912681,438.6668,"No issues","No issues","No issues"
411,90,2025-09-22,"high",2025-09-22 02:35:20,2025-09-22 02:45:10,2025-09-22 02:34:00,60,-1.09163291136428,1891.82011358711,0.839074860632931,0.961354125059694,1.11472839656185e-24,1.12879005789297e-42,0.000958241047914639,0.76028473593192,1.961475,455.4525,1.963985,465.4925,1.956177,452.5255,"No issues","No issues","No issues"
412,10,2025-09-22,"high",2025-09-22 02:47:40,2025-09-22 02:57:30,2025-09-22 02:46:20,60,0.822060830230653,1856.16440122256,0.639695412921813,0.931534464355782,1.79805454605169e-14,1.82773233730402e-35,0.0012366271879773,1.00864778353476,1.962817,455.3922,1.969402,463.4037,1.962283,449.9967,"No issues","No issues","No issues"
412,70,2025-09-23,"low",2025-09-23 14:07:50,2025-09-23 14:17:30,2025-09-23 14:06:20,59,-5.79976840677965,7653.286095149,0.945318249158124,0.969947713058542,1.15449710985607e-37,4.44636903855085e-45,0.00274933773745069,2.65520346796129,1.933593,468.425,1.938793,506.4477,1.901755,458.1687,"No issues","No issues","No issues"
413,20,2025-09-22,"high",2025-09-22 03:00:00,2025-09-22 03:09:50,2025-09-22 02:58:40,60,0.48426179716588,1920.56999566546,0.331899781468519,0.942562191664636,1.46120815905341e-06,1.11557075786142e-37,0.00137715901988122,0.950299760967013,1.963948,456.8979,1.968823,465.5124,1.962355,452.5376,"No issues","No issues","No issues"
413,80,2025-09-23,"low",2025-09-23 14:20:20,2025-09-23 14:30:00,2025-09-23 14:18:50,59,-5.50048759322035,-9232.33214167154,0.882920300108525,0.955189867894005,3.16149074530378e-28,3.94394462402741e-40,0.00394790319586173,3.94130401111847,1.935231,444.971,1.944731,446.6608,1.907627,390.3248,"No issues","No issues","No issues"
414,30,2025-09-22,"high",2025-09-22 03:12:20,2025-09-22 03:22:10,2025-09-22 03:11:00,60,-1.66527177549319,1928.96652003335,0.906184901300505,0.947766131747578,1.71754833459005e-31,7.08302956367088e-39,0.00107398851750945,0.907688325734602,1.959928,455.6586,1.963487,465.4146,1.952288,451.7876,"No issues","No issues","No issues"
414,90,2025-09-23,"low",2025-09-23 14:32:50,2025-09-23 14:42:30,2025-09-23 14:31:20,59,-2.94139786323792,2307.66709339567,0.950062197112186,0.811318770445064,8.67110817676344e-39,2.65505858348243e-22,0.00132916141533416,2.19344627044959,1.937523,461.3364,1.940827,468.2574,1.921926,451.5069,"No issues","No issues","No issues"
415,10,2025-09-23,"low",2025-09-23 14:45:20,2025-09-23 14:55:00,2025-09-23 14:43:50,59,-0.459813629456524,1388.19829339566,0.15354195590371,0.727335634281012,0.00214658068226887,1.00906908895446e-17,0.00212792482208369,1.67526502595255,1.943032,452.8673,1.948453,458.7645,1.941165,447.2245,"No issues","No issues","No issues"
415,40,2025-09-22,"high",2025-09-22 03:24:40,2025-09-22 03:34:30,2025-09-22 03:23:20,60,1.09354528257852,1889.04095759933,0.980781020148164,0.934151330659873,1.78076273429066e-51,5.89521814573983e-36,0.000306833284184363,1.00529336296534,1.965122,457.0471,1.97154,465.5192,1.963957,452.6321,"No issues","No issues","No issues"
416,20,2025-09-23,"low",2025-09-23 14:57:50,2025-09-23 15:07:30,2025-09-23 14:56:20,59,10.6811169327878,316.892021975444,0.990606295843516,0.332532857992467,1.77798728349672e-59,1.75270585412312e-06,0.002050075348306,0.884900061279904,1.953978,451.6762,2.014898,451.6762,1.947387,447.0587,"No issues","No issues","No issues"
416,50,2025-09-22,"high",2025-09-22 03:37:00,2025-09-22 03:46:50,2025-09-22 03:35:40,60,1.90283192442345,1827.63768513477,0.938477698898165,0.935979551547557,8.19621816253274e-37,2.60297455848197e-36,0.000976542826050574,0.95808234626918,1.967096,456.5633,1.979073,465.6625,1.965174,453.0337,"No issues","No issues","No issues"
417,30,2025-09-23,"low",2025-09-23 15:10:20,2025-09-23 15:20:00,2025-09-23 15:08:50,59,-2.14295884979546,823.702807714768,0.951539283514201,0.641501383395394,3.68231248190496e-39,2.6143791430479e-14,0.000953192556391741,1.21367036117972,1.944582,450.4785,1.944582,453.1236,1.930307,445.9925,"No issues","No issues","No issues"
417,60,2025-09-22,"high",2025-09-22 03:49:20,2025-09-22 03:59:10,2025-09-22 03:48:00,60,12.7904704284525,2681.02805801612,0.98088320754223,0.963371409518727,1.52559874205933e-51,2.38214683580368e-43,0.00357908439008678,1.04785488788528,1.983986,457.7063,2.053839,471.0496,1.971019,453.3321,"No issues","No issues","No issues"
418,40,2025-09-23,"low",2025-09-23 15:22:50,2025-09-23 15:32:30,2025-09-23 15:21:20,59,5.2189700338983,1691.73588497952,0.98448528847672,0.807458985913972,2.89449614349875e-53,4.73927547372967e-22,0.0012913301670099,1.6282429615916,1.950514,454.9872,1.978274,458.7627,1.94409,447.3428,"No issues","No issues","No issues"
418,70,2025-09-22,"high",2025-09-22 04:01:40,2025-09-22 04:11:30,2025-09-22 04:00:20,60,3.77891057738257,1981.61278399556,0.97307165353356,0.935376667614525,3.16346189190891e-47,3.41706594427884e-36,0.0012600436945719,1.04401505540796,1.973903,457.5801,1.993547,467.0889,1.967126,452.6465,"No issues","No issues","No issues"
419,50,2025-09-23,"low",2025-09-23 15:35:20,2025-09-23 15:45:00,2025-09-23 15:33:50,59,-2.00079676446527,640.787342139093,0.940531320621672,0.586829391837584,1.26521244364626e-36,1.55771787205657e-12,0.000991621075977852,1.05976106951755,1.941709,453.7318,1.941709,454.0114,1.928805,448.5077,"No issues","No issues","No issues"
419,80,2025-09-22,"high",2025-09-22 04:14:00,2025-09-22 04:23:50,2025-09-22 04:12:40,60,2.87611748152263,2724.66531547653,0.949471396902676,0.961602942774329,2.70277777514367e-39,9.35853853230044e-43,0.00132990580780522,1.09131669666618,1.970146,456.8756,1.986617,470.2236,1.96609,452.113,"No issues","No issues","No issues"
420,60,2025-09-23,"low",2025-09-23 15:47:50,2025-09-23 15:57:30,2025-09-23 15:46:20,59,-5.20367607247227,19.2210964348249,0.941115213828505,0.000153457960211208,9.54784920036593e-37,0.925808031929896,0.00256552153551762,3.05798519147551,1.933646,456.1716,1.938483,456.1716,1.905446,442.9438,"No issues","No issues","No issues"
420,90,2025-09-22,"high",2025-09-22 04:26:20,2025-09-22 04:36:10,2025-09-22 04:25:00,60,-1.1153803078633,1779.34512653516,0.853497945046961,0.937619062233424,7.26083774237154e-26,1.22564802089889e-36,0.000926254111760103,0.919939965322925,1.963562,454.8912,1.965951,464.0647,1.957978,451.8812,"No issues","No issues","No issues"
421,10,2025-09-22,"high",2025-09-22 04:38:40,2025-09-22 04:48:30,2025-09-22 04:37:20,60,0.494159266462958,1734.27210225063,0.425424725465393,0.9323150392593,1.64326993128796e-08,1.31015338848974e-35,0.00115110676025897,0.936631029945257,1.965672,455.4551,1.969459,462.985,1.964226,451.4299,"No issues","No issues","No issues"
421,70,2025-09-24,"low",2025-09-23 16:00:20,2025-09-23 16:10:00,2025-09-23 15:58:50,59,-6.45344222559915,8511.56819263586,0.963376041813383,0.976173114793769,1.25092442606706e-42,5.93707157316033e-48,0.00248005551129431,2.62098813218242,1.931986,467.2564,1.937097,511.3944,1.896934,456.2789,"No issues","No issues","No issues"
422,20,2025-09-22,"high",2025-09-22 04:51:00,2025-09-22 05:00:50,2025-09-22 04:49:40,60,0.537190259516537,1727.92591542096,0.275807965547544,0.914687844741273,1.64621210650908e-05,1.08733068295029e-32,0.00174476988464167,1.0577442643527,1.965291,455.6722,1.971581,463.0727,1.963569,451.041,"No issues","No issues","No issues"
422,80,2025-09-24,"low",2025-09-23 16:12:50,2025-09-23 16:22:30,2025-09-23 16:11:20,59,-5.55474992402108,691.356742022188,0.900548152636108,0.332654079560277,2.99227526698962e-30,1.743366781808e-06,0.00363833534716358,1.93004100902836,1.934156,444.9137,1.94326,450.386,1.906422,441.7039,"No issues","No issues","No issues"
423,30,2025-09-22,"high",2025-09-22 05:03:20,2025-09-22 05:13:10,2025-09-22 05:02:00,60,-1.85221794498468,2048.78627529869,0.947605824582515,0.947551564056066,7.74191313117468e-39,7.97804934321204e-39,0.000872984010871704,0.966157786755076,1.961718,455.162,1.963989,464.0772,1.952004,450.2797,"No issues","No issues","No issues"
423,90,2025-09-24,"low",2025-09-23 16:25:20,2025-09-23 16:35:00,2025-09-23 16:23:50,59,-2.78437558386911,2698.70359602571,0.96432015840053,0.927566005915828,5.93975478973504e-43,3.51731988128997e-34,0.00105563531200847,1.48641215786886,1.935963,455.3616,1.938307,467.549,1.920787,449.3987,"No issues","No issues","No issues"
424,10,2025-09-24,"low",2025-09-23 16:37:50,2025-09-23 16:47:30,2025-09-23 16:36:20,59,-1.57731052250151,1996.91255172412,0.939253872253281,0.951019488326908,2.32012662976994e-36,4.99217104008132e-39,0.000790624484165818,0.893225789706398,1.940311,451.289,1.940311,461.0569,1.929928,447.5587,"No issues","No issues","No issues"
424,40,2025-09-22,"high",2025-09-22 05:15:40,2025-09-22 05:25:30,2025-09-22 05:14:20,60,1.08138686524042,1836.68932747987,0.890192047457753,0.93993553516335,1.66381055747741e-29,4.08558777177543e-37,0.000761276966650894,0.930640678700631,1.965945,454.054,1.97272,462.5247,1.964421,449.2435,"No issues","No issues","No issues"
425,20,2025-09-24,"low",2025-09-23 16:50:20,2025-09-23 17:00:00,2025-09-23 16:48:50,59,8.47414128813556,2832.61637498537,0.987833750026684,0.988278957130723,2.82899609726037e-56,9.77482852071736e-57,0.00185360586447976,0.608017908231764,1.951036,448.7794,1.998445,465.329,1.944887,447.6501,"No issues","No issues","No issues"
425,50,2025-09-22,"high",2025-09-22 05:28:00,2025-09-22 05:37:50,2025-09-22 05:26:40,60,3.00816112031125,1742.07297315921,0.713389760273133,0.904731589390657,2.2402037714498e-17,2.6844418253974e-31,0.00382181857746671,1.13309802785046,1.968464,455.2548,1.989295,462.5927,1.965053,450.1809,"No issues","No issues","No issues"
426,30,2025-09-24,"low",2025-09-23 17:02:50,2025-09-23 17:12:30,2025-09-23 17:01:20,59,-2.40567191116315,2977.96364605493,0.969581603379665,0.983305996811694,6.28000776787999e-45,2.33669876442382e-52,0.000839842077307495,0.764787093800365,1.9416,449.4016,1.9416,467.3152,1.926143,447.9778,"No issues","No issues","No issues"
426,60,2025-09-22,"high",2025-09-22 05:40:20,2025-09-22 05:50:10,2025-09-22 05:39:00,60,11.9822167935538,2591.44309330369,0.972035422529652,0.943208795309174,9.46116780849051e-47,8.0309489006341e-38,0.00407367910933075,1.2745734097722,1.987948,455.6253,2.049021,468.3271,1.970163,449.8457,"No issues","No issues","No issues"
427,40,2025-09-24,"low",2025-09-23 17:15:20,2025-09-23 17:25:00,2025-09-23 17:13:50,59,3.47351884979543,5934.72237895966,0.97769372116698,0.987149211774553,9.05736443864225e-49,1.34681860082847e-55,0.00103411078318497,1.33462466319542,1.947124,453.5345,1.964701,488.3727,1.941522,450.9988,"No issues","No issues","No issues"
427,70,2025-09-22,"high",2025-09-22 05:52:40,2025-09-22 06:02:30,2025-09-22 05:51:20,60,4.54964827118646,2059.68374237289,0.846511482416116,0.938176354549335,2.81472260422142e-25,9.44539034076891e-37,0.0038831654954201,1.0597957223765,1.974661,456.2282,2.00213,465.5562,1.966973,451.9488,"No issues","No issues","No issues"
428,50,2025-09-24,"low",2025-09-23 17:27:50,2025-09-23 17:37:30,2025-09-23 17:26:20,59,-1.54818902630054,6356.01509105785,0.865101503066309,0.983608611287544,1.80978271195765e-26,1.38711684595924e-52,0.00120497840379553,1.61721175625665,1.938961,456.1415,1.940299,494.3153,1.929556,453.7521,"No issues","No issues","No issues"
428,80,2025-09-22,"high",2025-09-22 06:05:00,2025-09-22 06:14:50,2025-09-22 06:03:40,60,4.00815313587105,2217.9782170603,0.809924035292165,0.935208201414843,1.41689589894313e-22,3.68536918622392e-36,0.00389199543089486,1.17017199171734,1.970606,456.0009,1.996233,466.2248,1.965717,450.3349,"No issues","No issues","No issues"
429,60,2025-09-24,"low",2025-09-23 17:40:20,2025-09-23 17:50:00,2025-09-23 17:38:50,59,-3.21606401870254,5923.06065131501,0.92149499047957,0.993788365166795,3.49785308371987e-33,1.34825986132064e-64,0.00185017214264844,0.922969693103238,1.931155,456.1048,1.936882,492.348,1.915709,454.9672,"No issues","No issues","No issues"
429,90,2025-09-22,"high",2025-09-22 06:17:20,2025-09-22 06:27:10,2025-09-22 06:16:00,60,-0.669608402333938,1613.47645190331,0.388498096493407,0.936040278685877,1.04339112231687e-07,2.53223499833404e-36,0.00168388299606558,0.845386293114719,1.964082,454.3014,1.96909,461.709,1.961855,450.7437,"No issues","No issues","No issues"
430,10,2025-09-22,"high",2025-09-22 06:29:40,2025-09-22 06:39:30,2025-09-22 06:28:20,60,0.935043414281801,1365.21811525425,0.555379707626751,0.880580674866473,8.55320550523266e-12,1.90614992254222e-28,0.00167694172095151,1.00772337227073,1.965999,455.0892,1.973407,460.1837,1.96488,449.797,"No issues","No issues","No issues"
430,70,2025-09-24,"low",2025-09-23 17:52:50,2025-09-23 18:02:30,2025-09-23 17:51:20,59,-4.63419402922271,6813.93382863821,0.91898440589618,0.972441532598167,8.59019361020419e-33,3.76033965164241e-46,0.00271200015094997,2.26088748310011,1.930074,464.1412,1.937739,499.3953,1.907742,455.6844,"No issues","No issues","No issues"
431,20,2025-09-22,"high",2025-09-22 06:42:00,2025-09-22 06:51:50,2025-09-22 06:40:40,60,0.626222110586291,1132.03855915533,0.281210595481618,0.880909003501007,1.31336562807012e-05,1.75956097688056e-28,0.00200678085301542,0.834298990256145,1.967335,454.8956,1.974483,458.506,1.965045,450.0487,"No issues","No issues","No issues"
431,80,2025-09-24,"low",2025-09-23 18:05:20,2025-09-23 18:15:00,2025-09-23 18:03:50,59,-4.12514653886627,8690.89661905317,0.840252484657866,0.996186839410362,2.27183322441183e-24,1.22892276536668e-70,0.00354516775499087,1.05979529778132,1.930757,458.633,1.941913,513.7778,1.912899,458.633,"No issues","No issues","No issues"
432,30,2025-09-22,"high",2025-09-22 06:54:20,2025-09-22 07:04:10,2025-09-22 06:53:00,60,-1.52311004612386,-47.5245612670066,0.911993689043042,0.0138508655593769,2.68264473750658e-32,0.370487053017407,0.000948372238055006,0.803780592978996,1.963273,452.8597,1.965876,452.8597,1.955672,447.2873,"No issues","No issues","No issues"
432,90,2025-09-24,"low",2025-09-23 18:17:50,2025-09-23 18:27:30,2025-09-23 18:16:20,59,-3.11832799532449,3195.11674015193,0.954082859464601,0.98290924996533,7.91104960625218e-40,4.56462711430802e-52,0.00134834621617238,0.830416246385756,1.934611,456.1185,1.93832,473.3139,1.918576,452.917,"No issues","No issues","No issues"
433,10,2025-09-24,"low",2025-09-23 18:30:20,2025-09-23 18:40:00,2025-09-23 18:28:50,59,-1.55040432028056,2906.14191654002,0.899316791487787,0.993103248575652,4.25203711642821e-30,2.6602347521369e-63,0.00102247429497791,0.477339265320072,1.935899,457.7568,1.937884,476.0617,1.927678,457.4384,"No issues","No issues","No issues"
433,40,2025-09-22,"high",2025-09-22 07:06:40,2025-09-22 07:16:30,2025-09-22 07:05:20,60,1.21994159266464,334.013925646022,0.979010506263546,0.429122842810038,2.29542134109457e-50,1.35718364902614e-08,0.000358041115699805,0.772203290251521,1.96723,451.7928,1.97387,451.7928,1.965236,447.0548,"No issues","No issues","No issues"
434,20,2025-09-24,"low",2025-09-23 18:42:50,2025-09-23 18:52:30,2025-09-23 18:41:20,59,5.17347192518992,3210.52234997077,0.960281755209589,0.9868522744466,1.26418612364966e-41,2.58295474645126e-55,0.00207378170301592,0.730399043632222,1.950495,464.3036,1.974545,484.0198,1.940609,463.252,"No issues","No issues","No issues"
434,50,2025-09-22,"high",2025-09-22 07:19:00,2025-09-22 07:28:50,2025-09-22 07:17:40,60,1.84631086412894,-365.779021283678,0.936913727811755,0.419933958895176,1.69874980905634e-36,2.17827735813323e-08,0.000960304611797537,0.861695001794473,1.971824,452.1325,1.980186,452.1325,1.966295,445.6984,"No issues","No issues","No issues"
435,30,2025-09-24,"low",2025-09-23 18:55:20,2025-09-23 19:05:00,2025-09-23 18:53:50,59,-2.58364076212748,3095.73199672706,0.95552645945928,0.974471602220489,3.18077690336402e-40,4.24318649303652e-47,0.00109861842412667,0.987587985372293,1.93533,463.6093,1.936308,481.0468,1.920146,461.4744,"No issues","No issues","No issues"
435,60,2025-09-22,"high",2025-09-22 07:31:20,2025-09-22 07:41:10,2025-09-22 07:30:00,60,13.3116050280633,817.010427340938,0.976061652676445,0.667683999857966,1.04032486636899e-48,1.68858008048842e-15,0.0041785484056566,1.1553253392127,1.9873,454.1668,2.057468,454.516,1.97048,447.2937,"No issues","No issues","No issues"
436,40,2025-09-24,"low",2025-09-23 19:07:50,2025-09-23 19:17:30,2025-09-23 19:06:20,59,2.2744767177088,6024.15940713032,0.972833063332136,0.986108438500913,2.50053276110998e-46,1.24004468781949e-54,0.000749148520290521,1.40927227219962,1.943859,466.4114,1.954842,501.438,1.939371,463.3693,"No issues","No issues","No issues"
436,70,2025-09-22,"high",2025-09-22 07:43:40,2025-09-22 07:53:30,2025-09-22 07:42:20,60,3.91423616782446,-1536.65254392885,0.943877687630457,0.925824937575831,5.69374642107197e-38,1.87064506588518e-34,0.00191312568190738,0.871819864138785,1.978426,452.8861,1.994496,452.8861,1.966602,437.8429,"No issues","No issues","No issues"
437,50,2025-09-24,"low",2025-09-23 19:20:20,2025-09-23 19:30:00,2025-09-23 19:18:50,59,-1.84786573465815,6620.5804250146,0.919325593209438,0.990263097510654,7.61534085342897e-33,4.94474245900128e-59,0.00107891910587561,1.29394684163693,1.936179,474.2473,1.936896,512.8625,1.924858,470.6296,"No issues","No issues","No issues"
437,80,2025-09-22,"high",2025-09-22 07:56:00,2025-09-22 08:05:50,2025-09-22 07:54:40,60,3.13845851403173,-1038.01697004722,0.9437461154235,0.827641931395372,6.094235043661e-38,8.21211272248519e-24,0.00153585996708419,0.949479468791502,1.973403,453.2986,1.989115,453.2986,1.965912,441.1974,"No issues","No issues","No issues"
438,60,2025-09-24,"low",2025-09-23 19:32:50,2025-09-23 19:42:30,2025-09-23 19:31:20,59,-2.62076044418478,5783.8402562244,0.956027352001023,0.998257967778204,2.30265824842508e-40,2.46924925102097e-80,0.001107818803897,0.476220674037165,1.919746,501.9454,1.921829,541.5558,1.905092,501.9454,"No issues","No issues","No issues"
438,90,2025-09-22,"high",2025-09-22 08:08:20,2025-09-22 08:18:10,2025-09-22 08:07:00,60,-1.11222487135311,630.120193387052,0.922241986792615,0.581957427084315,7.36093566857992e-34,1.40037995535849e-12,0.000647335303732819,1.07047025442343,1.964964,452.1112,1.965067,452.808,1.957719,446.6277,"No issues","No issues","No issues"
439,10,2025-09-22,"high",2025-09-22 08:20:40,2025-09-22 08:30:30,2025-09-22 08:19:20,60,0.77286636510151,1000.60284123368,0.594527878879451,0.712580219519737,5.71911474827187e-13,2.4324643564271e-17,0.001279338154669,1.2737662423438,1.967027,453.6672,1.970258,454.9252,1.962602,446.9752,"No issues","No issues","No issues"
439,70,2025-09-24,"low",2025-09-23 19:45:20,2025-09-23 19:55:00,2025-09-23 19:43:50,59,-4.10700809351264,5228.11217393336,0.912392655550745,0.989590147938418,8.01138686026397e-32,3.3224828115226e-58,0.00250836182700093,1.05687774034111,1.929411,494.338,1.937471,525.2283,1.910816,493.4301,"No issues","No issues","No issues"
440,20,2025-09-22,"high",2025-09-22 08:33:00,2025-09-22 08:42:50,2025-09-22 08:31:40,60,0.710729184773537,167.222866796342,0.544811112717182,0.0883514749188288,1.70581543903447e-11,0.021089868188014,0.00130215761145023,1.07668592861516,1.966456,451.9813,1.971048,451.9813,1.962558,445.5645,"No issues","No issues","No issues"
440,80,2025-09-24,"low",2025-09-23 19:57:50,2025-09-23 20:07:30,2025-09-23 19:56:20,59,-4.40960806078323,6989.70410005845,0.958767826288997,0.967178447953309,3.6741575780046e-41,5.49072786703274e-44,0.00180238114611963,2.53787541740238,1.920135,533.4427,1.920374,596.4261,1.893062,533.4427,"No issues","No issues","No issues"
441,30,2025-09-22,"high",2025-09-22 08:45:20,2025-09-22 08:55:10,2025-09-22 08:44:00,60,-1.66910828118924,-393.703962211718,0.963207712246444,0.468466534671186,2.71122252331938e-43,1.64260925276719e-09,0.000653867107134199,0.840586408781188,1.962013,449.3505,1.962196,449.8068,1.951546,443.8493,"No issues","No issues","No issues"
441,90,2025-09-24,"low",2025-09-23 20:10:20,2025-09-23 20:20:00,2025-09-23 20:08:50,59,-3.34304828521342,2805.00054143775,0.960761148169512,0.932300391095661,8.94137635800227e-42,5.11084376424487e-35,0.00133161394660697,1.48981846472548,1.928779,475.6858,1.932875,489.041,1.911504,470.4127,"No issues","No issues","No issues"
442,10,2025-09-24,"low",2025-09-23 20:22:50,2025-09-23 20:32:30,2025-09-23 20:21:20,59,-1.95136142139105,2813.24136434831,0.940356810364873,0.995973614413138,1.37553122433009e-36,5.7947152561871e-70,0.000968628101506816,0.352554299749449,1.932011,470.5273,1.933751,488.8318,1.921345,470.0044,"No issues","No issues","No issues"
442,40,2025-09-22,"high",2025-09-22 08:57:40,2025-09-22 09:07:30,2025-09-22 08:56:20,60,1.97405826951938,117.394937704919,0.974720204047254,0.0566659476825377,5.06011099802079e-48,0.0670207306724258,0.000637225759602654,0.960080403529918,1.965129,449.7812,1.975193,449.7812,1.961448,444.7509,"No issues","No issues","No issues"
443,20,2025-09-24,"low",2025-09-23 20:35:20,2025-09-23 20:45:00,2025-09-23 20:33:50,59,4.53522537931028,2645.66374190531,0.96692077489357,0.902704562777327,6.86242868952078e-44,1.60018685205871e-30,0.00165335589742461,1.71195884496523,1.945216,478.9649,1.966767,490.6088,1.936972,472.8605,"No issues","No issues","No issues"
443,50,2025-09-22,"high",2025-09-22 09:10:00,2025-09-22 09:19:50,2025-09-22 09:08:40,60,4.40879058405119,-1227.15041111419,0.987079538662507,0.899016102073241,1.77070425978283e-56,1.45872295064484e-30,0.00101104145730951,0.824378553583763,1.966134,450.6464,1.992026,450.6464,1.962001,438.953,"No issues","No issues","No issues"
444,30,2025-09-24,"low",2025-09-23 20:47:50,2025-09-23 20:57:30,2025-09-23 20:46:20,59,-2.73649655172415,3263.77721940384,0.963661528204662,0.989118229902479,1.00071016593623e-42,1.17579050718197e-57,0.00104737265410509,0.6747321952527,1.930506,471.4718,1.932148,489.9227,1.915109,468.188,"No issues","No issues","No issues"
444,60,2025-09-22,"high",2025-09-22 09:22:20,2025-09-22 09:32:10,2025-09-22 09:21:00,60,18.3676773325924,1030.8818760767,0.983943748815745,0.702215760943265,9.67011146702504e-54,6.84304638253521e-17,0.00470302990907009,1.34558466727201,1.982411,451.9543,2.084727,455.4026,1.965986,446.5094,"No issues","No issues","No issues"
445,40,2025-09-24,"low",2025-09-23 21:00:20,2025-09-23 21:10:00,2025-09-23 20:58:50,59,1.294794136762,5277.60604278196,0.928736753529872,0.963932334918891,2.20931807535677e-34,8.08469152915445e-43,0.000706923576385151,2.0121389337754,1.937227,480.0399,1.942726,507.8862,1.933233,473.7846,"No issues","No issues","No issues"
445,70,2025-09-22,"high",2025-09-22 09:34:40,2025-09-22 09:44:30,2025-09-22 09:33:20,60,4.86253054292866,-1451.92031119755,0.970742017243716,0.968981215792557,3.51294537609882e-46,1.9146239179501e-45,0.00169207331314167,0.52069576476945,1.973594,449.1382,1.996953,449.1382,1.963581,438.3651,"No issues","No issues","No issues"
446,50,2025-09-24,"low",2025-09-23 21:12:50,2025-09-23 21:22:30,2025-09-23 21:11:20,59,-1.80480914552901,6026.62824547045,0.901696243703413,0.979342585625172,2.14791484115051e-30,1.01423916197325e-49,0.00117454988248838,1.72516373404645,1.931513,484.3878,1.932839,517.0274,1.92074,479.0396,"No issues","No issues","No issues"
446,80,2025-09-22,"high",2025-09-22 09:47:00,2025-09-22 09:56:50,2025-09-22 09:45:40,60,4.31228641733812,-1630.25423239789,0.969804431825743,0.960279447236019,8.77283578779203e-46,2.50207142192954e-42,0.00152518904453509,0.664585282034101,1.96714,451.0996,1.993261,451.0996,1.963137,436.5567,"No issues","No issues","No issues"
447,60,2025-09-24,"low",2025-09-23 21:25:20,2025-09-23 21:35:00,2025-09-23 21:23:50,59,-2.98291581531275,5511.82901975452,0.905146583327399,0.903226334029201,7.74426601874681e-31,1.37244322942886e-30,0.00190323880769777,3.55599625192258,1.923984,494.6118,1.931691,512.9927,1.911569,476.0512,"No issues","No issues","No issues"
447,90,2025-09-22,"high",2025-09-22 09:59:20,2025-09-22 10:09:10,2025-09-22 09:58:00,60,-0.707574468463428,718.868669741598,0.800291314151457,0.624647134702412,5.97658720012115e-22,5.95716764150491e-14,0.000708489040935494,1.1169625335319,1.963646,452.0732,1.964369,453.1142,1.958862,446.8005,"No issues","No issues","No issues"
448,10,2025-09-22,"high",2025-09-22 10:11:40,2025-09-22 10:21:30,2025-09-22 10:10:20,60,0.967527317588264,1370.38439833288,0.766867741707398,0.867782883110542,5.42360976193964e-20,3.67616739463605e-27,0.00106927827773202,1.07217892172628,1.965433,453.1999,1.971085,458.5222,1.962833,448.1079,"No issues","No issues","No issues"
448,70,2025-09-24,"low",2025-09-23 21:37:50,2025-09-23 21:47:30,2025-09-23 21:36:20,59,-3.93562452834608,4148.52336925774,0.904514351286583,0.84040429826591,9.36164968950608e-31,2.21090721366369e-24,0.00252034640389295,3.56324151961267,1.92411,494.8822,1.931746,505.7557,1.905543,476.5322,"No issues","No issues","No issues"
449,20,2025-09-22,"high",2025-09-22 10:24:00,2025-09-22 10:33:50,2025-09-22 10:22:40,60,1.32350179938871,336.569195443183,0.72473601013824,0.34763434779153,6.89109713482703e-18,7.1671968118631e-07,0.00163491761785714,0.924155655947982,1.966015,450.271,1.976001,451.6131,1.963465,446.1878,"No issues","No issues","No issues"
449,80,2025-09-24,"low",2025-09-23 21:50:20,2025-09-23 22:00:00,2025-09-23 21:48:50,59,-4.35356167855061,7298.99948661598,0.945568269354299,0.995686049164601,1.01301252040727e-37,4.13949902912176e-69,0.00205877831172554,0.946945477274374,1.916993,515.0919,1.92078,558.3733,1.893509,509.9274,"No issues","No issues","No issues"
450,30,2025-09-22,"high",2025-09-22 10:36:20,2025-09-22 10:46:10,2025-09-22 10:35:00,60,-1.59340493248117,190.78829274799,0.916011986029742,0.156721380208936,6.90310401476972e-33,0.00174236150461192,0.000967098684887125,0.88707369394076,1.96158,450.6447,1.9634,450.6447,1.952713,445.4337,"No issues","No issues","No issues"
450,90,2025-09-24,"low",2025-09-23 22:02:50,2025-09-23 22:12:30,2025-09-23 22:01:20,59,-3.0493655452952,2602.80272682639,0.882436138241769,0.952023930298455,3.55701273150734e-28,2.76443775259427e-39,0.00219376460126228,1.15163514608942,1.924406,503.2708,1.932731,517.9054,1.912209,501.1612,"No issues","No issues","No issues"
451,10,2025-09-24,"low",2025-09-23 22:15:20,2025-09-23 22:25:00,2025-09-23 22:13:50,59,-2.04965341437762,3055.3121982466,0.948149545113261,0.931626309420261,2.53341380240887e-38,6.78071619000507e-35,0.000944720961757785,1.63141514333936,1.926117,501.4378,1.926978,528.6555,1.914253,501.4378,"No issues","No issues","No issues"
451,40,2025-09-22,"high",2025-09-22 10:48:40,2025-09-22 10:58:30,2025-09-22 10:47:20,60,3.17055422950827,630.415883523216,0.9959903415054,0.670168643157199,3.23081184093445e-71,1.35591907795091e-15,0.000403225391903037,0.886477309001654,1.96334,449.8892,1.982963,451.4941,1.961932,445.5419,"No issues","No issues","No issues"
452,20,2025-09-24,"low",2025-09-23 22:27:50,2025-09-23 22:37:30,2025-09-23 22:26:20,59,4.25288169257741,2051.3247569842,0.969327446695285,0.624319365921144,7.96164949318919e-45,1.00555283924387e-13,0.00149110514246462,3.13635835598146,1.945427,499.1519,1.966509,504.0547,1.938756,487.2631,"No issues","No issues","No issues"
452,50,2025-09-22,"high",2025-09-22 11:01:00,2025-09-22 11:10:50,2025-09-22 10:59:40,60,4.66290957265912,-438.886937038057,0.985615744607753,0.569083298028742,3.9822542352647e-55,3.41074457047423e-12,0.00112910265229077,0.765504867238045,1.967174,447.7845,1.992941,447.7845,1.962116,441.6407,"No issues","No issues","No issues"
453,30,2025-09-24,"low",2025-09-23 22:40:20,2025-09-23 22:50:00,2025-09-23 22:38:50,59,-2.56932138866158,2628.60219099941,0.924258813712792,0.895090222635298,1.25766463885372e-33,1.37581764162724e-29,0.00144968264531301,1.77371850958318,1.930347,480.8804,1.934567,491.9078,1.91774,473.3255,"No issues","No issues","No issues"
453,60,2025-09-22,"high",2025-09-22 11:13:20,2025-09-22 11:23:10,2025-09-22 11:12:00,60,22.9121670508475,1477.30308996945,0.983886769387889,0.799564907044234,1.0716654612872e-53,6.64308521193835e-22,0.00587721361475838,1.48257332755127,1.981832,449.8816,2.117447,457.037,1.966284,446.0399,"No issues","No issues","No issues"
454,40,2025-09-24,"low",2025-09-23 22:52:50,2025-09-23 23:02:30,2025-09-23 22:51:20,59,1.36351218234949,5521.16102770308,0.970550070461812,0.99073086710202,2.49613050558434e-45,1.2152506120787e-59,0.000468141816830502,1.05258548704318,1.937723,482.6569,1.944913,514.1121,1.935396,477.9898,"No issues","No issues","No issues"
455,50,2025-09-24,"low",2025-09-23 23:05:20,2025-09-23 23:15:00,2025-09-23 23:03:50,59,-1.78995450613684,5776.30164161305,0.834755467426165,0.971227524616802,5.97716222692394e-24,1.28549564709871e-45,0.00156968013753192,1.95958110595762,1.93294,490.1577,1.935542,522.2491,1.923077,485.9091,"No issues","No issues","No issues"
455,80,2025-09-22,"high",2025-09-22 12:55:10,2025-09-22 13:04:50,2025-09-22 12:53:40,59,5.1260923062536,-46.0575625949795,0.968884563234115,0.00641006532536092,1.19822677753418e-44,0.546651379588351,0.00181060456614124,1.13020850579409,1.962802,447.6536,1.991568,447.6536,1.956257,441.2084,"No issues","No issues","No issues"
456,60,2025-09-24,"low",2025-09-23 23:17:50,2025-09-23 23:27:30,2025-09-23 23:16:20,59,-2.92835706838121,5525.34746370542,0.927587528747563,0.974513320640437,3.48761616055685e-34,4.04985531805457e-47,0.00161264406174044,1.76119558527684,1.925097,499.8388,1.930477,528.2946,1.911381,493.5484,"No issues","No issues","No issues"
456,90,2025-09-22,"high",2025-09-22 13:07:30,2025-09-22 13:17:10,2025-09-22 13:06:00,59,-0.48127072355356,800.959863471646,0.625047744285118,0.794913097018529,9.50919916586274e-14,2.88595439104297e-21,0.000734693316979018,0.801872182105789,1.959276,448.0916,1.959276,450.3871,1.955079,444.5855,"No issues","No issues","No issues"
457,10,2025-09-22,"high",2025-09-22 13:19:50,2025-09-22 13:29:30,2025-09-22 13:18:20,59,1.63111838223257,2138.82967714785,0.902713715926821,0.934116709423339,1.59589424843521e-30,2.35220526079172e-35,0.00105541077990701,1.11956297787896,1.959439,449.7518,1.968759,459.5325,1.955885,445.1428,"No issues","No issues","No issues"
457,70,2025-09-24,"low",2025-09-23 23:30:20,2025-09-23 23:40:00,2025-09-23 23:28:50,59,-3.96967350087675,5131.15228614845,0.890473054773244,0.989281694464023,4.70689420561681e-29,7.63753151460478e-58,0.00274403812464587,1.05269664922181,1.916677,538.8226,1.923818,578.6885,1.897416,538.8226,"No issues","No issues","No issues"
458,20,2025-09-22,"high",2025-09-22 13:32:10,2025-09-22 13:41:50,2025-09-22 13:30:40,59,1.71154814728226,1009.56334681472,0.881334342318046,0.796325438486263,4.64307611657351e-28,2.36803264124054e-21,0.00123784582387628,1.00633350285898,1.957162,449.0172,1.965854,451.3773,1.952198,443.9812,"No issues","No issues","No issues"
458,80,2025-09-24,"low",2025-09-23 23:42:50,2025-09-23 23:52:30,2025-09-23 23:41:20,59,-4.36252485797788,6803.03889468147,0.910728799430349,0.962585129170419,1.3707521100696e-31,2.30066733509398e-42,0.00269205744976396,2.64356967596079,1.91888,515.4246,1.928359,547.4023,1.899203,503.2998,"No issues","No issues","No issues"
459,30,2025-09-22,"high",2025-09-22 13:44:30,2025-09-22 13:54:10,2025-09-22 13:43:00,59,-1.85627344944487,502.024902396238,0.974761991287212,0.530164018068439,3.06216228070156e-47,6.36881747757514e-11,0.00058871548489036,0.931490712703595,1.95589,448.2922,1.95589,448.2922,1.94351,443.0443,"No issues","No issues","No issues"
459,90,2025-09-24,"low",2025-09-23 23:55:20,2025-09-24 00:05:00,2025-09-23 23:53:50,59,-3.33533439625956,2648.07193360606,0.958119063595223,0.952255559655409,5.73500669995957e-41,2.40797989759108e-39,0.0013744314674262,1.16869094679151,1.925842,503.9069,1.930572,516.5914,1.909181,498.5949,"No issues","No issues","No issues"
460,10,2025-09-24,"low",2025-09-24 00:07:50,2025-09-24 00:17:30,2025-09-24 00:06:20,59,-1.89149445236708,1605.70047177088,0.862171661577206,0.538904653391564,3.34410364110146e-26,3.70071719048647e-11,0.00149060549056477,2.92744803218171,1.927126,512.9126,1.931875,513.9031,1.918823,499.4604,"No issues","No issues","No issues"
460,40,2025-09-22,"high",2025-09-22 13:56:50,2025-09-22 14:06:30,2025-09-22 13:55:20,59,5.52266477147866,1321.00302887199,0.991467008483617,0.809534061128629,1.14890180810462e-60,3.47582949113051e-22,0.00100982347371307,1.26293258187177,1.958288,448.3968,1.990121,453.1104,1.954594,443.2257,"No issues","No issues","No issues"
461,20,2025-09-24,"low",2025-09-24 00:20:20,2025-09-24 00:30:00,2025-09-24 00:18:50,59,4.03606263471644,2754.69130099354,0.969695112261384,0.850681583665722,5.64497396639482e-45,3.29733192766467e-25,0.00140631267257578,2.27473791362506,1.947387,477.0801,1.967238,484.0419,1.941105,464.6276,"No issues","No issues","No issues"
461,50,2025-09-22,"high",2025-09-22 14:09:10,2025-09-22 14:18:50,2025-09-22 14:07:40,59,5.21277660315594,335.982685213321,0.967232958308595,0.533243250107167,5.2365412016436e-44,5.26610720225062e-11,0.00189106929615893,0.619562000438655,1.960691,446.4674,1.991463,446.6017,1.955258,443.1271,"No issues","No issues","No issues"
462,30,2025-09-24,"low",2025-09-24 00:32:50,2025-09-24 00:42:30,2025-09-24 00:31:20,59,-2.93887302396267,3189.99111443599,0.967308749167137,0.931613280724119,4.90191496808273e-44,6.81768290144213e-35,0.00106487661506387,1.70350251540895,1.932788,472.9247,1.93537,487.1472,1.916917,465.9305,"No issues","No issues","No issues"
462,60,2025-09-22,"high",2025-09-22 14:21:30,2025-09-22 14:31:10,2025-09-22 14:20:00,59,25.1068548077147,1492.56015149034,0.990678659105484,0.94051762530532,1.42625256527455e-59,1.27355182314804e-36,0.00480010081948179,0.739822915142478,1.975452,447.0634,2.118005,454.5477,1.957045,443.16,"No issues","No issues","No issues"
463,40,2025-09-24,"low",2025-09-24 00:45:20,2025-09-24 00:55:00,2025-09-24 00:43:50,59,2.84864991233195,6493.2518714202,0.985158975556696,0.959828247091112,8.16496901320814e-54,1.74757539592962e-41,0.000689133110672021,2.61825013027173,1.941475,475.4789,1.958018,505.8308,1.93944,464.134,"No issues","No issues","No issues"
463,70,2025-09-22,"high",2025-09-22 14:33:50,2025-09-22 14:43:30,2025-09-22 14:32:20,59,8.60988876680298,-261.086509409707,0.985184732194413,0.319170777084396,7.77050776538584e-54,3.14160415291439e-06,0.00208103178715106,0.751583474094648,1.966411,445.8163,2.011563,445.8163,1.95578,440.9545,"No issues","No issues","No issues"
464,50,2025-09-24,"low",2025-09-24 00:57:50,2025-09-24 01:07:30,2025-09-24 00:56:20,59,-2.38624276797202,7263.53210987725,0.977355183309471,0.927277900009637,1.39159353056822e-48,3.93922014560699e-34,0.000715909418598429,4.00923366418026,1.934712,479.6005,1.936353,509.771,1.921391,461.8927,"No issues","No issues","No issues"
464,80,2025-09-22,"high",2025-09-22 14:46:10,2025-09-22 14:55:50,2025-09-22 14:44:40,59,5.05555132670942,-24.7196409117582,0.977156335581173,0.0034632423933335,1.78553545237916e-48,0.657951944412888,0.00152354273335284,0.826480537340791,1.958814,445.3484,1.987256,445.3484,1.952805,441.3894,"No issues","No issues","No issues"
465,60,2025-09-24,"low",2025-09-24 01:10:20,2025-09-24 01:20:00,2025-09-24 01:08:50,59,-3.0770423284629,6322.56809070718,0.941964742870221,0.89743472938248,6.30736182917621e-37,7.2155348258156e-30,0.0015053842211572,4.21286459460183,1.925139,494.9562,1.931514,515.6027,1.911617,473.6885,"No issues","No issues","No issues"
465,90,2025-09-22,"high",2025-09-22 14:58:30,2025-09-22 15:08:10,2025-09-22 14:57:00,59,-0.32985712215086,1074.51690753944,0.346562468172748,0.932880702772237,9.3881333882777e-07,3.99767724321048e-35,0.000892734659148413,0.568079549857702,1.954139,445.8521,1.955934,451.4785,1.951981,443.6866,"No issues","No issues","No issues"
466,10,2025-09-22,"high",2025-09-22 15:10:50,2025-09-22 15:20:30,2025-09-22 15:09:20,59,2.20784267445931,1899.18773863236,0.932288701170915,0.942453030095447,5.13608605744803e-35,4.95632597993851e-37,0.0011727589113239,0.924984653206793,1.954748,447.8238,1.969938,457.4977,1.953368,443.8436,"No issues","No issues","No issues"
466,70,2025-09-24,"low",2025-09-24 01:22:50,2025-09-24 01:32:30,2025-09-24 01:21:20,59,-4.54657402688487,6007.34806779659,0.953774517908538,0.836820371703108,9.5750339498941e-40,4.17192922866789e-24,0.00197281967312759,5.22859375661304,1.925925,500.4423,1.932631,516.5563,1.903795,474.3607,"No issues","No issues","No issues"
467,20,2025-09-22,"high",2025-09-22 15:23:10,2025-09-22 15:32:50,2025-09-22 15:21:40,59,2.00077858562241,1045.78423658678,0.926274713849948,0.761314096217231,5.82389234257248e-34,2.22382164424219e-19,0.00111255788521537,1.15414081027828,1.954387,446.6141,1.96705,451.3388,1.952,442.5152,"No issues","No issues","No issues"
467,80,2025-09-24,"low",2025-09-24 01:35:20,2025-09-24 01:45:00,2025-09-24 01:33:50,59,-4.7106794903566,7669.57438877848,0.962550430185274,0.952571680013372,2.36229971429232e-42,1.99231940866233e-39,0.00183138850189858,3.37307935360957,1.921419,498.8788,1.927656,533.4998,1.89774,483.8235,"No issues","No issues","No issues"
468,30,2025-09-22,"high",2025-09-22 15:35:30,2025-09-22 15:45:10,2025-09-22 15:34:00,59,-1.61768118760971,1346.7341708942,0.929441949749165,0.935030237182449,1.66343944165256e-34,1.57923438727927e-35,0.000878497119949509,0.6996968989195,1.951578,446.074,1.952932,452.7191,1.94231,442.9149,"No issues","No issues","No issues"
468,90,2025-09-24,"low",2025-09-24 01:47:50,2025-09-24 01:57:30,2025-09-24 01:46:20,59,-3.36279050847459,3706.97796189361,0.961642024107319,0.921652703763475,4.67934439599929e-42,3.30274531427064e-33,0.0013237506714379,2.13026492466133,1.92734,490.0821,1.932281,504.1019,1.91062,479.5638,"No issues","No issues","No issues"
469,10,2025-09-24,"low",2025-09-24 02:00:20,2025-09-24 02:10:00,2025-09-24 01:58:50,59,-1.96919991583873,3287.81924395091,0.956378315536846,0.948131417373668,1.83217630129315e-40,2.5588021817283e-38,0.000828917714160633,1.51569253276289,1.931379,485.1105,1.933993,500.9924,1.921356,479.3488,"No issues","No issues","No issues"
469,40,2025-09-22,"high",2025-09-22 15:47:50,2025-09-22 15:57:30,2025-09-22 15:46:20,59,5.67394910111033,1306.23433500876,0.992304525648507,0.919108129522107,6.04542916105612e-62,8.22352667879811e-33,0.000984840508120331,0.763792671161272,1.958576,446.1318,1.991161,452.8492,1.954774,443.5453,"No issues","No issues","No issues"
470,20,2025-09-24,"low",2025-09-24 02:12:50,2025-09-24 02:22:30,2025-09-24 02:11:20,59,3.55210497720623,3815.01527901811,0.935910415814769,0.990238947546055,1.07009062716386e-35,5.30652026878551e-59,0.00183209350604853,0.746551649742388,1.945935,482.6425,1.961463,505.3812,1.937837,480.87,"No issues","No issues","No issues"
470,50,2025-09-23,"high",2025-09-22 16:00:10,2025-09-22 16:09:50,2025-09-22 15:58:40,59,4.98251934073638,454.463394038573,0.97303983307514,0.705671674966411,2.01104755321947e-46,9.04670879788022e-17,0.00163467051215733,0.578493989080449,1.96188,444.6206,1.990046,446.67,1.955308,442.6445,"No issues","No issues","No issues"
471,30,2025-09-24,"low",2025-09-24 02:25:20,2025-09-24 02:35:00,2025-09-24 02:23:50,59,-2.82675652600826,3544.51485587375,0.969771331580052,0.965336771657921,5.25383081479899e-45,2.60472156469218e-43,0.000983667896350503,1.3238449911187,1.931297,480.3176,1.933932,498.6512,1.916068,475.9056,"No issues","No issues","No issues"
471,60,2025-09-23,"high",2025-09-22 16:12:30,2025-09-22 16:22:10,2025-09-22 16:11:00,59,23.4392020011688,1714.4947862069,0.991738667819952,0.948308455343183,4.56841380510065e-61,2.321019578738e-38,0.00421652323177668,0.788962513582447,1.975915,444.8232,2.111626,455.1298,1.962266,442.7472,"No issues","No issues","No issues"
472,40,2025-09-24,"low",2025-09-24 02:37:50,2025-09-24 02:47:30,2025-09-24 02:36:20,59,1.85159997194616,6824.55103027467,0.823658836619471,0.994948526627337,3.83479649139584e-23,3.72027633790414e-67,0.00168863424258297,0.958446927333519,1.93942,494.5661,1.944325,542.0436,1.931059,492.8299,"No issues","No issues","No issues"
472,70,2025-09-23,"high",2025-09-22 16:24:50,2025-09-22 16:34:30,2025-09-22 16:23:20,59,8.17548360490933,817.026728696651,0.992424613169702,0.903999003031816,3.86127038038601e-62,1.09167732062175e-30,0.00140783692692687,0.524777754465315,1.963154,444.369,2.009755,448.8014,1.956588,442.9424,"No issues","No issues","No issues"
473,50,2025-09-24,"low",2025-09-24 02:50:20,2025-09-24 03:00:00,2025-09-24 02:48:50,59,-1.83712961309182,6814.22898234949,0.979397308837817,0.985621976341635,9.40364898255772e-50,3.30797677560806e-54,0.000525179272477576,1.62217008271228,1.932473,492.9036,1.933561,530.2128,1.92199,485.7092,"No issues","No issues","No issues"
473,80,2025-09-23,"high",2025-09-22 16:37:10,2025-09-22 16:46:50,2025-09-22 16:35:40,59,4.60976721917004,1893.94097112798,0.980364080980084,0.977995965728144,2.38900492162602e-50,6.13874860676109e-49,0.00128586735974777,0.559930752288716,1.95916,443.6841,1.985511,456.1182,1.954545,443.1024,"No issues","No issues","No issues"
474,60,2025-09-24,"low",2025-09-24 03:02:50,2025-09-24 03:12:30,2025-09-24 03:01:20,59,-3.13045075862075,5971.65375850379,0.950888775065226,0.951200946121453,5.38648600787976e-39,4.49065716486115e-39,0.00140222483969418,2.66593428360634,1.925782,494.004,1.931487,520.3052,1.911245,481.789,"No issues","No issues","No issues"
474,90,2025-09-23,"high",2025-09-22 16:49:30,2025-09-22 16:59:10,2025-09-22 16:48:00,59,-0.719676652250169,1940.20385365283,0.775478067079101,0.974643470746637,3.85550763322241e-20,3.49980033951629e-47,0.000763250850047752,0.616814585130982,1.953733,444.8031,1.954725,456.8387,1.949241,444.6116,"No issues","No issues","No issues"
475,10,2025-09-23,"high",2025-09-22 17:01:50,2025-09-22 17:11:30,2025-09-22 17:00:20,59,1.34181270368199,2421.06752261835,0.89664419806245,0.984668561253256,8.98435396945775e-30,2.06277260582268e-53,0.000897913528463267,0.595440785026125,1.954842,446.6465,1.963241,461.0224,1.952484,444.7119,"No issues","No issues","No issues"
475,70,2025-09-24,"low",2025-09-24 03:15:20,2025-09-24 03:25:00,2025-09-24 03:13:50,59,-4.2609773372297,6328.63775382816,0.935988181797953,0.968037996729686,1.03365445708046e-35,2.57618933238638e-44,0.00219628846065148,2.2665551346046,1.927631,484.3049,1.934967,515.5001,1.907748,474.087,"No issues","No issues","No issues"
476,20,2025-09-23,"high",2025-09-22 17:14:10,2025-09-22 17:23:50,2025-09-22 17:12:40,59,1.30209142723541,2166.29912051431,0.902861136532799,0.975047401849555,1.52826947488522e-30,2.21409578522751e-47,0.00084180745078623,0.683044032534546,1.956061,445.8004,1.963314,458.322,1.953015,444.6032,"No issues","No issues","No issues"
476,80,2025-09-24,"low",2025-09-24 03:27:50,2025-09-24 03:37:30,2025-09-24 03:26:20,59,-4.63046080187034,7444.52945505551,0.938724565249575,0.943656878424753,2.97174855344904e-36,2.71155374980257e-37,0.00233175854925713,3.58538590121284,1.923457,491.6801,1.932078,523.934,1.902177,475.7123,"No issues","No issues","No issues"
477,30,2025-09-23,"high",2025-09-22 17:26:30,2025-09-22 17:36:10,2025-09-22 17:25:00,59,-1.79652413793101,1595.90076259496,0.954768740575558,0.937537296173527,5.14995200361176e-40,5.13815002784361e-36,0.000770705676297687,0.811908806046131,1.950891,446.8104,1.952457,455.1351,1.940889,444.3646,"No issues","No issues","No issues"
477,90,2025-09-24,"low",2025-09-24 03:40:20,2025-09-24 03:50:00,2025-09-24 03:38:50,59,-3.28396401636476,3233.12526662768,0.949691131207721,0.858181452322609,1.07099483960184e-38,7.55947226310147e-26,0.00148975458651451,2.59050683696763,1.927413,476.5823,1.933237,485.9208,1.912007,463.7822,"No issues","No issues","No issues"
478,10,2025-09-24,"low",2025-09-24 03:52:50,2025-09-24 04:02:30,2025-09-24 03:51:20,59,-2.06746918527192,2737.91212811221,0.894850167036444,0.79272277499623,1.46861058112918e-29,3.91158560939731e-21,0.00139686177661463,2.75943321192527,1.930288,474.4539,1.934771,481.0879,1.920977,461.1829,"No issues","No issues","No issues"
478,40,2025-09-23,"high",2025-09-22 17:38:50,2025-09-22 17:48:30,2025-09-22 17:37:20,59,3.82818201285796,2117.123936879,0.987555765816174,0.970454165444211,5.38663323466113e-56,2.73860908339933e-45,0.000846995509830597,0.728101885155831,1.957859,446.081,1.979138,458.8852,1.954015,445.0678,"No issues","No issues","No issues"
479,20,2025-09-24,"low",2025-09-24 04:05:20,2025-09-24 04:15:00,2025-09-24 04:03:50,59,3.59853071186425,3108.44981414377,0.970186344965973,0.840395152615418,3.54224228371647e-45,2.21453247586354e-24,0.0012433417074661,2.6699946171724,1.943991,470.4693,1.961769,479.7291,1.938787,457.8111,"No issues","No issues","No issues"
479,50,2025-09-23,"high",2025-09-22 17:51:10,2025-09-22 18:00:50,2025-09-22 17:49:40,59,3.26123945295138,2206.11593687899,0.964471370018767,0.970568778769836,5.26221571395632e-43,2.45130815364056e-45,0.00123370835071515,0.757189480296422,1.958933,446.3144,1.975467,459.6859,1.952176,445.2972,"No issues","No issues","No issues"
480,30,2025-09-24,"low",2025-09-24 04:17:50,2025-09-24 04:27:30,2025-09-24 04:16:20,59,-2.66665848743428,2903.43145108123,0.940099803048368,0.791568530186891,1.55506404738482e-36,4.58553054218914e-21,0.00132672160355922,2.9365284920776,1.93094,469.9776,1.935022,478.1756,1.917914,456.8008,"No issues","No issues","No issues"
480,60,2025-09-23,"high",2025-09-22 18:03:30,2025-09-22 18:13:10,2025-09-22 18:02:00,59,19.8877161145529,3210.82310882524,0.9851761132036,0.983106706259922,7.90041422210446e-54,3.27740197662186e-52,0.00480833011881555,0.829580383337474,1.978677,447.5667,2.088086,466.0179,1.961056,445.9237,"No issues","No issues","No issues"
481,40,2025-09-24,"low",2025-09-24 04:30:20,2025-09-24 04:40:00,2025-09-24 04:28:50,59,1.17056396493269,6768.19717311513,0.981876658775141,0.902434793114603,2.43066058457921e-51,1.7318262341663e-30,0.000313452019778438,4.38629491191317,1.939809,474.5092,1.946986,498.9614,1.938783,453.2922,"No issues","No issues","No issues"
481,70,2025-09-23,"high",2025-09-22 18:15:50,2025-09-22 18:25:30,2025-09-22 18:14:20,59,6.61303630625359,2846.32559579193,0.979441888899208,0.981209153488759,8.84047646590735e-50,6.81627517169166e-51,0.0018883758202443,0.776358320371046,1.965611,449.2969,1.999524,467.5813,1.95605,449.2969,"No issues","No issues","No issues"
482,50,2025-09-24,"low",2025-09-24 04:42:50,2025-09-24 04:52:30,2025-09-24 04:41:20,59,-1.90057629924025,7299.35018679134,0.890668952998006,0.927765774780298,4.47229697110498e-29,3.25074941860735e-34,0.00131245421586355,4.01441060904707,1.933345,477.9505,1.936283,508.7805,1.923563,461.5283,"No issues","No issues","No issues"
482,80,2025-09-23,"high",2025-09-22 18:28:10,2025-09-22 18:37:50,2025-09-22 18:26:40,59,3.26446720748098,2723.02113103446,0.967699576390953,0.981714588008268,3.47869621122168e-44,3.13295156977764e-51,0.00117552372946932,0.732480421178656,1.956234,451.6787,1.973157,467.5963,1.950487,450.3815,"No issues","No issues","No issues"
483,60,2025-09-24,"low",2025-09-24 04:55:20,2025-09-24 05:05:00,2025-09-24 04:53:50,59,-3.18756110812393,6197.47947352423,0.950310017267899,0.915200006474528,7.52390511395625e-39,3.16185011397987e-32,0.00143663203061931,3.7182642908302,1.926441,482.2887,1.932537,504.6442,1.911978,463.5568,"No issues","No issues","No issues"
483,90,2025-09-23,"high",2025-09-22 18:40:30,2025-09-22 18:50:10,2025-09-22 18:39:00,59,-0.603645138515476,1806.56572670952,0.621267712746125,0.904586819361817,1.26925549931779e-13,9.16090427607002e-31,0.000928952990623905,1.15642662543583,1.945744,457.8581,1.945805,469.5258,1.940676,457.1852,"No issues","No issues","No issues"
484,10,2025-09-23,"high",2025-09-22 18:52:50,2025-09-22 19:02:30,2025-09-22 18:51:20,59,0.957035277615403,2017.13454494446,0.814969297490239,0.983984412039211,1.51816682346767e-22,7.16071473150515e-53,0.000898802927296627,0.507221270772641,1.949743,456.9117,1.95422,472.2229,1.946177,456.9117,"No issues","No issues","No issues"
484,70,2025-09-24,"low",2025-09-24 05:07:50,2025-09-24 05:17:30,2025-09-24 05:06:20,59,-4.82961709409708,8397.05461227352,0.966619711500863,0.967644125691116,8.88553775388945e-44,3.65307661316301e-44,0.00176894844512264,3.02643235872757,1.928542,472.3389,1.933675,511.4656,1.903985,457.7246,"No issues","No issues","No issues"
485,20,2025-09-23,"high",2025-09-22 19:05:10,2025-09-22 19:14:50,2025-09-22 19:03:40,59,1.06801862770301,2209.381008533,0.845878987148701,0.962976681390934,8.15033194108519e-25,1.70433436080572e-42,0.000898547195117739,0.853858015904612,1.953455,447.5741,1.960286,459.1929,1.95162,444.9389,"No issues","No issues","No issues"
485,80,2025-09-24,"low",2025-09-24 05:20:20,2025-09-24 05:30:00,2025-09-24 05:18:50,59,-4.9186631256576,8477.526794623,0.946773556308655,0.960074127988836,5.34803589985726e-38,1.46686667697669e-41,0.00229865080279894,3.40744809821582,1.924316,480.3066,1.932677,520.454,1.900683,466.3114,"No issues","No issues","No issues"
486,30,2025-09-23,"high",2025-09-22 19:17:30,2025-09-22 19:27:10,2025-09-22 19:16:00,59,-1.69750297136183,2147.86218866159,0.930414235839731,0.969137099173837,1.11954698195393e-34,9.49769883641536e-45,0.000914993116096482,0.755470362345546,1.949813,447.806,1.951905,459.3555,1.940611,445.4409,"No issues","No issues","No issues"
486,90,2025-09-24,"low",2025-09-24 05:32:50,2025-09-24 05:42:30,2025-09-24 05:31:20,59,-3.66582676797203,3432.22616388075,0.946478555551057,0.868690470411323,6.26138321041132e-38,8.37534109706884e-27,0.00171816836369481,2.63012717299507,1.928972,467.2257,1.935375,479.4948,1.9118,455.5954,"No issues","No issues","No issues"
487,10,2025-09-24,"low",2025-09-24 05:45:20,2025-09-24 05:55:00,2025-09-24 05:43:50,59,-2.7828909783753,3169.68974026883,0.947657532771785,0.908781000562256,3.31673650892777e-38,2.53842083942628e-31,0.00128908879875556,1.97931558038657,1.933365,461.3014,1.937767,473.4171,1.919943,452.0009,"No issues","No issues","No issues"
487,40,2025-09-23,"high",2025-09-22 19:29:50,2025-09-22 19:39:30,2025-09-22 19:28:20,59,2.73096664874333,2142.90244488603,0.980362944706654,0.961907947667302,2.39294937256265e-50,3.83724701942983e-42,0.000761809511339709,0.840500713477738,1.957,447.8347,1.970973,459.4236,1.952855,445.3074,"No issues","No issues","No issues"
488,20,2025-09-24,"low",2025-09-24 05:57:50,2025-09-24 06:07:30,2025-09-24 05:56:20,59,3.77484882291054,3442.3525872589,0.981770163195178,0.922843487137826,2.87253740725039e-51,2.13323847464148e-33,0.00101384437428225,1.96183680434737,1.945763,459.7999,1.965979,473.8759,1.941536,451.266,"No issues","No issues","No issues"
488,50,2025-09-23,"high",2025-09-22 19:42:10,2025-09-22 19:51:50,2025-09-22 19:40:40,59,2.44626173232021,2118.76750625365,0.943184613230544,0.945563676853637,3.44062488824727e-37,1.01545361125556e-37,0.00118337613904826,1.0019996313426,1.957894,450.8691,1.970998,461.3117,1.953242,447.4854,"No issues","No issues","No issues"
489,30,2025-09-24,"low",2025-09-24 06:10:20,2025-09-24 06:20:00,2025-09-24 06:08:50,59,-2.93853166569269,3385.3689846873,0.964256222205872,0.971108653645273,6.25089388958884e-43,1.44586265209373e-45,0.0011151149346285,1.15090968790884,1.934703,461.9236,1.936875,480.1016,1.918551,457.8903,"No issues","No issues","No issues"
489,60,2025-09-23,"high",2025-09-22 19:54:30,2025-09-22 20:04:10,2025-09-22 19:53:00,59,17.3417949362946,3163.54089818818,0.979932664154968,0.984341523634704,4.43921514020145e-50,3.76503303754238e-53,0.00489131965251544,0.786430878770924,1.979374,454.4161,2.070963,473.5512,1.959669,453.5192,"No issues","No issues","No issues"
490,40,2025-09-24,"low",2025-09-24 06:22:50,2025-09-24 06:32:30,2025-09-24 06:21:20,59,0.654641337229667,6970.75043459964,0.95493911554255,0.972317779831577,4.62439795069346e-40,4.27278133185245e-46,0.000280285542077183,2.31825463368043,1.940386,464.2207,1.943754,500.077,1.938834,455.4285,"No issues","No issues","No issues"
490,70,2025-09-23,"high",2025-09-22 20:06:50,2025-09-22 20:16:30,2025-09-22 20:05:20,59,6.63555938749259,2725.16906230273,0.971964019473913,0.98141689722223,6.13704951281666e-46,4.96479609113196e-51,0.00222124047005409,0.739113364741264,1.96275,462.6883,1.994731,478.6878,1.950428,461.0721,"No issues","No issues","No issues"
491,50,2025-09-24,"low",2025-09-24 06:35:20,2025-09-24 06:45:00,2025-09-24 06:33:50,59,-1.96795920981889,7694.13385388659,0.953832189138018,0.967036703054692,9.24008351238084e-40,6.20867900201718e-44,0.0008533653459478,2.79987624847011,1.935356,470.1424,1.937526,508.2369,1.925166,459.1383,"No issues","No issues","No issues"
491,80,2025-09-23,"high",2025-09-22 20:19:10,2025-09-22 20:28:50,2025-09-22 20:17:40,59,2.87738611805955,2496.53113080068,0.954884929452323,0.976523969893685,4.7856624457715e-40,3.88939845500541e-48,0.00123273208953609,0.762944799873382,1.956858,462.5208,1.972023,476.5587,1.952052,460.9715,"No issues","No issues","No issues"
492,60,2025-09-24,"low",2025-09-24 06:47:50,2025-09-24 06:57:30,2025-09-24 06:46:20,59,-3.40899809701936,6079.58553734657,0.962203293685967,0.954970094498113,3.07336099112433e-42,4.53457021963828e-40,0.00133169746717868,2.60204535130546,1.927481,477.6205,1.932952,504.6243,1.911591,465.2725,"No issues","No issues","No issues"
492,90,2025-09-23,"high",2025-09-22 20:31:30,2025-09-22 20:41:10,2025-09-22 20:30:00,59,-0.737192472238458,1864.31743588543,0.70088259358865,0.951848490011801,1.43772147937471e-16,3.06778464252496e-39,0.000949214479307893,0.826468224009979,1.951157,461.9735,1.954267,471.3197,1.948063,458.297,"No issues","No issues","No issues"
493,10,2025-09-23,"high",2025-09-22 20:43:50,2025-09-22 20:53:30,2025-09-22 20:42:20,59,0.511647064874287,1813.78055593219,0.476591055220451,0.939742762385612,1.45293847210973e-09,1.84240623600704e-36,0.00105682571009239,0.905253291758996,1.951835,462.1396,1.955759,472.8337,1.950353,459.696,"No issues","No issues","No issues"
493,70,2025-09-24,"low",2025-09-24 07:00:20,2025-09-24 07:10:00,2025-09-24 06:58:50,59,-4.51914316306261,7900.74645096433,0.954926878425481,0.966094568319713,4.66035218789943e-40,1.38677042648463e-43,0.00193515214456074,2.91728057405335,1.927874,474.5253,1.934516,511.6307,1.90638,461.9208,"No issues","No issues","No issues"
494,20,2025-09-23,"high",2025-09-22 20:56:10,2025-09-22 21:05:50,2025-09-22 20:54:40,59,0.908548769140796,2149.18868872002,0.727489879933872,0.977313263879032,9.92825890839972e-18,1.46694179644551e-48,0.0010960019838082,0.645399933007707,1.953633,457.6933,1.959601,470.8105,1.951539,455.3327,"No issues","No issues","No issues"
494,80,2025-09-24,"low",2025-09-24 07:12:50,2025-09-24 07:22:30,2025-09-24 07:11:20,59,-5.3424422489772,8083.94444605492,0.951308986449831,0.955206588899266,4.21553192154793e-39,3.90218294774682e-40,0.00238225748670362,3.45038049481966,1.927613,474.1754,1.935925,511.5277,1.902192,459.1984,"No issues","No issues","No issues"
495,30,2025-09-23,"high",2025-09-22 21:08:30,2025-09-22 21:18:10,2025-09-22 21:07:00,59,-1.594641019287,1986.51728345996,0.937052593003692,0.980195435818473,6.40606577637866e-36,3.04862318730531e-50,0.000814620109666946,0.556549646615286,1.947136,460.4246,1.948384,473.5972,1.938167,460.4246,"No issues","No issues","No issues"
495,90,2025-09-24,"low",2025-09-24 07:25:20,2025-09-24 07:35:00,2025-09-24 07:23:50,59,-4.38501158153128,4432.12402197544,0.972056096283473,0.956784898152675,5.58756489744322e-46,1.40272270901448e-40,0.00146539219876884,1.85655481153301,1.931368,460.2573,1.936698,481.4425,1.908967,452.6567,"No issues","No issues","No issues"
496,10,2025-09-24,"low",2025-09-24 07:37:50,2025-09-24 07:47:30,2025-09-24 07:36:20,59,-3.32566527177095,3905.7339156049,0.972839928694068,0.96956930023998,2.48257730623702e-46,6.3528417211736e-45,0.00109523811998786,1.36381182305918,1.934295,457.1006,1.937937,476.5262,1.917307,452.0854,"No issues","No issues","No issues"
496,40,2025-09-23,"high",2025-09-22 21:20:50,2025-09-22 21:30:30,2025-09-22 21:19:20,59,1.98302593571006,1927.99211502045,0.976112116177032,0.982611178109196,6.38604460523055e-48,7.47268106617991e-52,0.000611438298619505,0.505515806044605,1.95168,464.3332,1.961558,478.2605,1.947999,464.3332,"No issues","No issues","No issues"
497,20,2025-09-24,"low",2025-09-24 07:50:20,2025-09-24 08:00:00,2025-09-24 07:48:50,59,2.47143538983046,3330.25699497368,0.950944823560687,0.939510654824452,5.21385977895496e-39,2.05599737327483e-36,0.001106367168169,1.66552667352492,1.946621,459.498,1.958313,473.6604,1.941781,452.0244,"No issues","No issues","No issues"
497,50,2025-09-23,"high",2025-09-22 21:33:10,2025-09-22 21:42:50,2025-09-22 21:31:40,59,1.87383320163645,2267.27784547048,0.925217236570587,0.990753289993074,8.7443206818187e-34,1.13418204456956e-59,0.00105001398516347,0.431718697439181,1.950356,464.965,1.958636,480.5392,1.944504,464.965,"No issues","No issues","No issues"
498,30,2025-09-24,"low",2025-09-24 08:02:50,2025-09-24 08:12:30,2025-09-24 08:01:20,59,-2.73528159906483,3483.63598176504,0.96054947120629,0.955154866918034,1.0424179221837e-41,4.03276236618136e-40,0.00109258150891753,1.4877802396838,1.934785,460.8664,1.938107,477.5682,1.920831,454.7786,"No issues","No issues","No issues"
498,60,2025-09-23,"high",2025-09-22 21:45:30,2025-09-22 21:55:10,2025-09-22 21:44:00,59,15.1957118503798,2645.72489351255,0.978722532142672,0.953521244209947,2.35682117367191e-49,1.11899390560351e-39,0.00441607544430315,1.15130926659329,1.97505,470.9868,2.05388,485.2375,1.955768,467.7492,"No issues","No issues","No issues"
499,40,2025-09-24,"low",2025-09-24 08:15:20,2025-09-24 08:25:00,2025-09-24 08:13:50,59,1.1814399625949,5377.40162805375,0.993976291645681,0.949311948809242,5.61678135343116e-65,1.32681602775166e-38,0.000181276233475427,2.44909738302748,1.940811,467.2016,1.94798,491.7227,1.940345,456.634,"No issues","No issues","No issues"
499,70,2025-09-23,"high",2025-09-22 21:57:50,2025-09-22 22:07:30,2025-09-22 21:56:20,59,5.8359160257159,2268.00156540034,0.968757337424509,0.928309460643796,1.34608486910487e-44,2.6202788931482e-34,0.00206566935832073,1.24226183253173,1.965095,469.0864,1.992314,479.364,1.953322,463.0431,"No issues","No issues","No issues"
500,50,2025-09-24,"low",2025-09-24 08:27:50,2025-09-24 08:37:30,2025-09-24 08:26:20,59,-1.95565112331975,6290.8167724138,0.955324258661584,0.945433669149371,3.62013136325733e-40,1.08696104998164e-37,0.000833560485931339,2.97878484887943,1.936956,471.2435,1.93908,499.4643,1.926523,458.3021,"No issues","No issues","No issues"
500,80,2025-09-23,"high",2025-09-22 22:10:10,2025-09-22 22:19:50,2025-09-22 22:08:40,59,2.45083522618348,2285.82531478667,0.93077158749792,0.965139698877079,9.66574109280174e-35,3.06178494892915e-43,0.00131740709462478,0.856246426101072,1.95434,467.1091,1.966645,480.0401,1.948639,464.8904,"No issues","No issues","No issues"
501,60,2025-09-24,"low",2025-09-24 08:40:20,2025-09-24 08:50:00,2025-09-24 08:38:50,59,-3.53754119929874,3954.68741835182,0.959130402496966,0.893519957538331,2.85598726321816e-41,2.10289200293396e-29,0.00143928935897336,2.69078747738625,1.927462,477.7329,1.933651,489.5545,1.910816,463.0193,"No issues","No issues","No issues"
501,90,2025-09-23,"high",2025-09-22 22:22:30,2025-09-22 22:32:10,2025-09-22 22:21:00,59,-0.83368172998247,1806.00076867327,0.766858864031349,0.94089520578068,1.13414421089055e-19,1.06197259188341e-36,0.000906018934132982,0.892162396390219,1.949458,465.8727,1.950902,475.9994,1.944492,462.9052,"No issues","No issues","No issues"
502,10,2025-09-23,"high",2025-09-22 22:34:50,2025-09-22 22:44:30,2025-09-22 22:33:20,59,0.360721262419603,1869.99918270015,0.3699184794039,0.987094627972565,3.22913275814382e-07,1.51978591735148e-55,0.000927902524654971,0.421436885055533,1.94675,468.8865,1.947598,482.178,1.943061,468.8865,"No issues","No issues","No issues"
502,70,2025-09-24,"low",2025-09-24 08:52:50,2025-09-24 09:02:30,2025-09-24 08:51:20,59,-3.79941449912336,4844.90560187023,0.939070323164939,0.938834752646144,2.52868922313347e-36,2.82299454422606e-36,0.00190751214392938,2.43740874868245,1.929963,471.5851,1.936678,491.4942,1.912726,460.1987,"No issues","No issues","No issues"
503,20,2025-09-23,"high",2025-09-22 22:47:10,2025-09-22 22:56:50,2025-09-22 22:45:40,59,0.745103298655645,1992.71515791932,0.658221474324871,0.984452716527453,6.62054102583207e-15,3.07282666088564e-53,0.00105824958074271,0.493583130935196,1.943858,472.447,1.947239,485.3649,1.939432,472.447,"No issues","No issues","No issues"
503,80,2025-09-24,"low",2025-09-24 09:05:20,2025-09-24 09:15:00,2025-09-24 09:03:50,59,-5.48986256458217,3232.8343041496,0.962728288564512,0.872855009743866,2.06239850743531e-42,3.33495237322681e-27,0.00212904347440102,2.43190874419718,1.929329,469.3564,1.936872,477.5568,1.90249,455.2667,"No issues","No issues","No issues"
504,30,2025-09-23,"high",2025-09-22 22:59:30,2025-09-22 23:09:10,2025-09-22 22:58:00,59,-1.49996611104629,1750.7590527177,0.926876527337847,0.975847927061269,4.60921695502493e-34,8.73827263293636e-48,0.000830393929324672,0.542872410700207,1.947018,466.7327,1.94963,477.1596,1.939654,465.3439,"No issues","No issues","No issues"
504,90,2025-09-24,"low",2025-09-24 09:17:50,2025-09-24 09:27:30,2025-09-24 09:16:20,59,-5.13850795090595,5487.10988381063,0.969254269383375,0.964143844236446,8.52144371114187e-45,6.83628033869377e-43,0.00180383096083149,2.08564246319073,1.931666,462.9566,1.938442,490.2044,1.905659,455.3157,"No issues","No issues","No issues"
505,10,2025-09-24,"low",2025-09-24 09:30:20,2025-09-24 09:40:00,2025-09-24 09:28:50,59,-4.27234870835772,5108.13686125071,0.97412911016374,0.977389158179736,6.20466501681759e-47,1.33327857818944e-48,0.00137230097361812,1.53134268547292,1.935557,460.5264,1.940271,486.8789,1.913738,454.4525,"No issues","No issues","No issues"
505,40,2025-09-23,"high",2025-09-22 23:11:50,2025-09-22 23:21:30,2025-09-22 23:10:20,59,1.93056533021619,1619.07247504383,0.988559117643653,0.834411172556443,4.90464721631e-57,6.34370680575791e-24,0.000409353206029318,1.42159866275056,1.954149,461.8209,1.965259,467.5702,1.952696,454.8515,"No issues","No issues","No issues"
506,50,2025-09-23,"high",2025-09-22 23:24:10,2025-09-22 23:33:50,2025-09-22 23:22:40,59,0.35721173582695,1588.70623308005,0.289342292650827,0.891252907593481,1.11472720811612e-05,3.83801668021896e-29,0.00110340577159019,1.09379819673389,1.952465,464.5932,1.954589,471.2632,1.949191,459.893,"No issues","No issues","No issues"
507,30,2025-09-24,"low",2025-09-24 10:12:10,2025-09-24 10:21:50,2025-09-24 10:10:40,59,-3.33539549737,3540.97614213908,0.966130320429282,0.958037758138551,1.34566946149851e-43,6.06118075672075e-41,0.00123089294537329,1.46065041193278,1.940774,462.3539,1.94486,479.5392,1.924076,456.2203,"No issues","No issues","No issues"
507,60,2025-09-23,"high",2025-09-22 23:36:30,2025-09-22 23:46:10,2025-09-22 23:35:00,59,13.5075982513149,2459.35610426651,0.979207220070024,0.940317414347834,1.22183435915584e-49,1.40169054627889e-36,0.00387955905082426,1.22121814693217,1.976451,467.1809,2.047495,478.4182,1.96049,461.5212,"No issues","No issues","No issues"
508,40,2025-09-24,"low",2025-09-24 10:24:40,2025-09-24 10:34:20,2025-09-24 10:23:10,59,1.26899734891875,5219.19519906485,0.970967692548308,0.959469316909491,1.66111620126043e-45,2.25223542511967e-41,0.000432498254081403,2.11429319760631,1.947022,465.5479,1.956521,489.4379,1.94693,457.131,"No issues","No issues","No issues"
508,70,2025-09-23,"high",2025-09-22 23:48:50,2025-09-22 23:58:30,2025-09-22 23:47:20,59,5.76767113500866,2275.01809374634,0.983004972937642,0.927907708863299,3.88925057539581e-52,3.07331472703316e-34,0.00149475088346698,1.24986220096838,1.965735,463.3589,1.996057,473.276,1.957349,457.6453,"No issues","No issues","No issues"
509,50,2025-09-24,"low",2025-09-24 10:37:10,2025-09-24 10:46:50,2025-09-24 10:35:40,59,-1.52570987726479,5634.65735032142,0.832558405457844,0.960160516011077,8.72022339498277e-24,1.37899180186532e-41,0.001348594968281,2.2622349031825,1.943301,471.7695,1.947721,498.352,1.9373,463.119,"No issues","No issues","No issues"
509,80,2025-09-23,"high",2025-09-23 00:01:10,2025-09-23 00:10:50,2025-09-22 23:59:40,59,2.39859478667439,2149.97618608999,0.903898164577934,0.917898928378326,1.12489470579626e-30,1.25598953279626e-32,0.00154151668832949,1.26734801071831,1.960161,464.246,1.974008,473.22,1.956971,458.3351,"No issues","No issues","No issues"
510,60,2025-09-24,"low",2025-09-24 10:49:40,2025-09-24 10:59:20,2025-09-24 10:48:10,59,-1.61228813091758,-3690.45334330801,0.772921127225661,0.94760588932228,5.33248742572492e-20,3.41136712348221e-38,0.00172245819012085,1.71037892494421,1.935894,469.5777,1.94528,469.5777,1.933577,437.3061,"No issues","No issues","No issues"
510,90,2025-09-23,"high",2025-09-23 00:13:30,2025-09-23 00:23:10,2025-09-23 00:12:00,59,-0.671974863822371,1702.41423822324,0.532361955272821,0.885284003067591,5.56128980904599e-11,1.76559586428151e-28,0.00124133698932268,1.20787274805224,1.955153,462.805,1.960533,469.6642,1.954256,457.4432,"No issues","No issues","No issues"
511,10,2025-09-23,"high",2025-09-23 00:25:50,2025-09-23 00:35:30,2025-09-23 00:24:20,59,0.604386936294547,1562.79663541787,0.31954357266312,0.830427634206753,3.09130514190875e-06,1.25191834009403e-23,0.00173834287591088,1.39192029537065,1.955366,465.2839,1.964509,469.556,1.955366,457.9095,"No issues","No issues","No issues"
511,70,2025-09-24,"low",2025-09-24 11:02:10,2025-09-24 11:11:50,2025-09-24 11:00:40,59,-4.08651548801875,5190.56432963178,0.940854843256667,0.968800978366463,1.08285896695481e-36,1.29348590813066e-44,0.00201946665606247,1.83591697599543,1.938422,468.9946,1.944843,496.9485,1.91889,464.3299,"No issues","No issues","No issues"
512,20,2025-09-23,"high",2025-09-23 00:38:10,2025-09-23 00:47:50,2025-09-23 00:36:40,59,0.72318062419629,1823.17093816481,0.377205393139264,0.894314088390756,2.29726479274349e-07,1.69814374356202e-29,0.001831536226291,1.23531057328304,1.957275,465.955,1.966126,471.9924,1.957132,459.4886,"No issues","No issues","No issues"
512,80,2025-09-24,"low",2025-09-24 11:14:40,2025-09-24 11:24:20,2025-09-24 11:13:10,59,-6.10013591116319,-556.448014962025,0.947376192172434,0.509050824823229,3.86476811799795e-38,2.27205677204454e-10,0.00283370521531494,1.07707897548202,1.937604,466.8643,1.947707,466.8643,1.909156,458.1689,"No issues","No issues","No issues"
513,30,2025-09-23,"high",2025-09-23 00:50:30,2025-09-23 01:00:10,2025-09-23 00:49:00,59,-1.48626683810643,1709.08289421389,0.869981556591601,0.902533068049193,6.31525458289141e-27,1.68270441644172e-30,0.00113247729229371,1.10699451803948,1.954618,463.0866,1.958604,469.6016,1.94828,457.4945,"No issues","No issues","No issues"
513,90,2025-09-24,"low",2025-09-24 11:27:10,2025-09-24 11:36:50,2025-09-24 11:25:40,59,-4.656253045003,5596.27575359437,0.947168649676344,0.972336055844896,4.32402689767815e-38,4.19307258075714e-46,0.00216747465899989,1.86051517599371,1.940833,468.1816,1.948766,497.364,1.918905,462.043,"No issues","No issues","No issues"
514,10,2025-09-24,"low",2025-09-24 11:39:40,2025-09-24 11:49:20,2025-09-24 11:38:10,59,-3.36068731735835,3794.28109690238,0.939670038757319,0.972367688616604,1.90691218650651e-36,4.05848868191867e-46,0.00167838734709655,1.26068941455381,1.943909,467.4659,1.95028,486.3322,1.928817,462.3049,"No issues","No issues","No issues"
514,40,2025-09-23,"high",2025-09-23 01:02:50,2025-09-23 01:12:30,2025-09-23 01:01:20,59,1.4477145622442,2314.22435347748,0.975789438626007,0.947849082638703,9.36215708165322e-48,2.98737592957242e-38,0.000449461578349743,1.0699219443487,1.958368,463.4018,1.965868,479.4793,1.955753,461.5577,"No issues","No issues","No issues"
515,20,2025-09-24,"low",2025-09-24 11:52:10,2025-09-24 12:01:50,2025-09-24 11:50:40,59,4.52353587843366,1636.30480607831,0.989804960720492,0.861243089736028,1.83371179222793e-58,4.05147807181724e-26,0.000904863217072142,1.29453530050874,1.95677,465.5668,1.982479,470.974,1.953163,459.0022,"No issues","No issues","No issues"
515,50,2025-09-23,"high",2025-09-23 01:15:10,2025-09-23 01:24:50,2025-09-23 01:13:40,59,0.253888243132611,1389.44960374048,0.106577813956079,0.704594284807083,0.0116189647661124,1.00468922197127e-16,0.00144884794543684,1.77324173501937,1.955859,469.541,1.961558,473.0436,1.955859,460.924,"No issues","No issues","No issues"
516,30,2025-09-24,"low",2025-09-24 12:04:40,2025-09-24 12:14:20,2025-09-24 12:03:10,59,-3.69244513851554,3302.81512285212,0.978028012481911,0.960802272141781,5.88888889967097e-49,8.67793865345554e-42,0.00109083316303827,1.31487042463709,1.947331,465.8712,1.950293,480.7769,1.927452,459.6719,"No issues","No issues","No issues"
516,60,2025-09-23,"high",2025-09-23 01:27:30,2025-09-23 01:37:10,2025-09-23 01:26:00,59,13.1458625084745,2609.171229924,0.981464964839025,0.948773432144926,4.61141205799103e-51,1.7936388525467e-38,0.00356068576765727,1.19496231633382,1.979911,461.2239,2.049754,473.808,1.965141,456.5644,"No issues","No issues","No issues"
517,40,2025-09-24,"low",2025-09-24 12:17:10,2025-09-24 12:26:50,2025-09-24 12:15:40,59,2.73692779427229,4288.50197358269,0.989881661014218,0.957075923628045,1.47857717207988e-58,1.15683796667337e-40,0.000545395524499954,1.79006233506629,1.951926,464.5111,1.970002,484.5363,1.950767,458.4123,"No issues","No issues","No issues"
517,70,2025-09-23,"high",2025-09-23 01:39:50,2025-09-23 01:49:30,2025-09-23 01:38:20,59,4.50237722033897,2390.7680879018,0.972124875019819,0.937296445901412,5.20841452205649e-46,5.73449056795206e-36,0.00150270772323342,1.21879398000896,1.970279,461.1184,1.992074,472.5883,1.961414,455.4471,"No issues","No issues","No issues"
518,50,2025-09-24,"low",2025-09-24 12:29:40,2025-09-24 12:39:20,2025-09-24 12:28:10,59,-1.63699721800119,5669.1150943308,0.934618337322,0.944375110687404,1.89130766211763e-35,1.88046037245786e-37,0.000853383082820601,2.71183239359625,1.948482,470.3739,1.949994,499.2104,1.939852,462.3324,"No issues","No issues","No issues"
518,80,2025-09-23,"high",2025-09-23 01:52:10,2025-09-23 02:01:50,2025-09-23 01:50:40,59,2.00535561426059,2372.99831957918,0.917815609774803,0.95459664970781,1.2928840717511e-32,5.73909890185447e-40,0.00118275176126621,1.02003878304958,1.962799,459.9585,1.973253,472.1465,1.958149,456.709,"No issues","No issues","No issues"
519,60,2025-09-24,"low",2025-09-24 12:42:10,2025-09-24 12:51:50,2025-09-24 12:40:40,59,-1.4899399742841,-6637.94894587962,0.948946833295984,0.967621874210449,1.62827732239228e-38,3.72539853266405e-44,0.000681152619279012,2.39327265402839,1.94505,456.7901,1.946225,459.6095,1.937501,418.9753,"No issues","No issues","No issues"
519,90,2025-09-23,"high",2025-09-23 02:04:30,2025-09-23 02:14:10,2025-09-23 02:03:00,59,-0.793879153711306,1779.25459076562,0.789677858523818,0.960777150915799,5.93821112608929e-21,8.83795925546423e-42,0.000807527222031564,0.708568084591974,1.955982,467.3115,1.957219,477.5442,1.951063,465.8114,"No issues","No issues","No issues"
520,10,2025-09-23,"high",2025-09-23 02:16:50,2025-09-23 02:26:30,2025-09-23 02:15:20,59,0.254167490356433,1592.54434225598,0.155456041513946,0.886466105695011,0.00200198230886483,1.31342936788619e-28,0.00116764973360546,1.1233329292776,1.959504,461.6315,1.963202,467.9014,1.958208,456.962,"No issues","No issues","No issues"
520,70,2025-09-24,"low",2025-09-24 12:54:40,2025-09-24 13:04:20,2025-09-24 12:53:10,59,-4.77315663822334,4714.99656154295,0.951354010075591,0.976060242421886,4.1057456630261e-39,6.79347661142294e-48,0.00212737175719227,1.45541953355567,1.939476,467.9118,1.943277,492.0619,1.913718,463.5781,"No issues","No issues","No issues"
521,20,2025-09-23,"high",2025-09-23 02:29:10,2025-09-23 02:38:50,2025-09-23 02:27:40,59,0.531526639392081,1849.65029105783,0.365666742873617,0.935503434518085,3.93217667391575e-07,1.28192301001562e-35,0.00137983228145982,0.957239216800218,1.960072,462.3928,1.96516,471.0698,1.958105,458.0389,"No issues","No issues","No issues"
521,80,2025-09-24,"low",2025-09-24 13:07:10,2025-09-24 13:16:50,2025-09-24 13:05:40,59,-5.6674774330801,-10285.5724811222,0.931115309457112,0.995781219158821,8.3859167123509e-35,2.19186241547007e-69,0.00303832815541451,1.31954815087124,1.938073,455.0008,1.946474,455.0008,1.909552,388.9024,"No issues","No issues","No issues"
522,30,2025-09-23,"high",2025-09-23 02:41:30,2025-09-23 02:51:10,2025-09-23 02:40:00,59,-1.5386163506722,1646.85126171828,0.928329343175531,0.912897343307587,2.59961979595371e-34,6.7933232277325e-32,0.000842626771174448,1.00263846663852,1.955683,462.2059,1.957877,469.5329,1.947557,457.9844,"No issues","No issues","No issues"
522,90,2025-09-24,"low",2025-09-24 13:19:40,2025-09-24 13:29:20,2025-09-24 13:18:10,59,-6.57405935242555,7045.53425505551,0.989162031804343,0.979039629328468,1.04808849781595e-57,1.53606877890707e-49,0.00135631040756107,2.03188222366565,1.941934,467.434,1.944703,504.4347,1.904463,459.6071,"No issues","No issues","No issues"
523,10,2025-09-24,"low",2025-09-24 13:32:10,2025-09-24 13:41:50,2025-09-24 13:30:40,59,-1.8413319555816,2329.53169655171,0.87366902341437,0.843119755039878,2.77585709015105e-27,1.35359657030755e-24,0.00138006265711591,1.98058450576077,1.94439,465.7916,1.948559,474.3213,1.936067,457.6123,"No issues","No issues","No issues"
523,40,2025-09-23,"high",2025-09-23 02:53:50,2025-09-23 03:03:30,2025-09-23 02:52:20,59,1.23767873758032,1646.22954529514,0.975443227183211,0.86672430802263,1.403439336388e-47,1.28066199843063e-26,0.00038705959158218,1.2723618323328,1.959651,458.4332,1.966461,463.9503,1.957987,451.8628,"No issues","No issues","No issues"
524,20,2025-09-24,"low",2025-09-24 13:44:40,2025-09-24 13:54:20,2025-09-24 13:43:10,59,7.22897892694324,605.517912799527,0.987440234067646,0.354447177134117,7.01008039532213e-56,6.57426754153691e-07,0.00160693229381433,1.61065447296552,1.9565,463.9683,1.996892,463.9683,1.950759,455.9845,"No issues","No issues","No issues"
524,50,2025-09-23,"high",2025-09-23 03:06:10,2025-09-23 03:15:50,2025-09-23 03:04:40,59,0.180404815897081,1755.11126966685,0.064600184079441,0.897134445450025,0.0520714086001754,7.8437412587721e-30,0.00135305405008782,1.1713754866864,1.958376,459.4738,1.962526,467.2693,1.957106,454.6849,"No issues","No issues","No issues"
525,30,2025-09-24,"low",2025-09-24 13:57:10,2025-09-24 14:06:50,2025-09-24 13:55:40,59,-2.91822943308019,1775.33063705434,0.979108515447339,0.802816216453431,1.39846210294149e-49,9.37192322122329e-22,0.000840183071924787,1.73417145707731,1.947259,466.6257,1.94777,471.7124,1.929917,458.7625,"No issues","No issues","No issues"
525,60,2025-09-23,"high",2025-09-23 03:18:30,2025-09-23 03:28:10,2025-09-23 03:17:00,59,12.9784454658094,2545.94481075395,0.98184241025349,0.951286556728535,2.56507279259335e-51,4.27127669351057e-39,0.00347869328686216,1.13554140916181,1.979375,458.9074,2.048366,471.425,1.965001,454.4738,"No issues","No issues","No issues"
526,40,2025-09-24,"low",2025-09-24 14:09:40,2025-09-24 14:19:20,2025-09-24 14:08:10,59,5.63467522618341,2359.23940993569,0.992783252012457,0.929629207266568,9.69060968187177e-63,1.5419567428026e-34,0.000946885997669991,1.27937721662745,1.952446,462.9317,1.985898,472.6348,1.948533,457.3798,"No issues","No issues","No issues"
526,70,2025-09-23,"high",2025-09-23 03:30:50,2025-09-23 03:40:30,2025-09-23 03:29:20,59,5.17085871653996,2280.4534162478,0.980317321078953,0.93911760096101,2.55662392977574e-50,2.473301559804e-36,0.00144413134360121,1.1444382119825,1.968228,458.2151,1.994662,470.213,1.95967,455.0674,"No issues","No issues","No issues"
527,50,2025-09-24,"low",2025-09-24 14:22:10,2025-09-24 14:31:50,2025-09-24 14:20:40,59,-1.29157395675053,3487.70324535359,0.895743726680686,0.915295177087452,1.15097511216677e-29,3.06210896873208e-32,0.000868487848942405,2.0912129727349,1.946691,473.8336,1.946748,486.1188,1.938056,461.8716,"No issues","No issues","No issues"
527,80,2025-09-23,"high",2025-09-23 03:43:10,2025-09-23 03:52:50,2025-09-23 03:41:40,59,2.00032865926354,2282.01199953241,0.914998078535171,0.949425283437732,3.38396424192639e-32,1.24474334539117e-38,0.00120168570301083,1.03810076842935,1.960951,458.4818,1.971493,469.2333,1.956796,454.3532,"No issues","No issues","No issues"
528,60,2025-09-24,"low",2025-09-24 14:34:40,2025-09-24 14:44:20,2025-09-24 14:33:10,59,-1.90565122618356,-6607.1372717709,0.925472809334184,0.992976590057027,7.93041029252262e-34,4.46884088999473e-63,0.00106586995073301,1.09522434910006,1.940844,454.7998,1.941604,457.5001,1.930514,415.0841,"No issues","No issues","No issues"
528,90,2025-09-23,"high",2025-09-23 03:55:30,2025-09-23 04:05:10,2025-09-23 03:54:00,59,-0.814257636469919,1633.38073921682,0.775756681550328,0.888017720466822,3.72081403339121e-20,8.8658168094853e-29,0.000862867457503629,1.14323766003272,1.955291,460.6533,1.957038,467.1292,1.951022,455.7861,"No issues","No issues","No issues"
529,10,2025-09-23,"high",2025-09-23 04:07:50,2025-09-23 04:17:30,2025-09-23 04:06:20,59,0.495664327293972,1578.38953781413,0.411126096530531,0.907507400062587,4.47464000995547e-08,3.77115909337848e-31,0.00116922085311805,0.993179750324664,1.957388,458.5395,1.961306,465.7605,1.955919,454.2468,"No issues","No issues","No issues"
529,70,2025-09-24,"low",2025-09-24 14:47:10,2025-09-24 14:56:50,2025-09-24 14:45:40,59,-4.7215499333723,4353.55117521915,0.97873173118285,0.939414860319441,2.32794275589347e-49,2.1509482866109e-36,0.00137184195124657,2.17913057457622,1.935333,472.2103,1.937674,494.6018,1.909658,464.7004,"No issues","No issues","No issues"
530,20,2025-09-23,"high",2025-09-23 04:20:10,2025-09-23 04:29:50,2025-09-23 04:18:40,59,0.372170903565112,1780.36647948566,0.23541520998752,0.916205258961584,9.82803811875541e-05,2.24961687056271e-32,0.00132197499636452,1.06122300691658,1.958417,460.4009,1.962734,467.8861,1.956346,455.5504,"No issues","No issues","No issues"
530,80,2025-09-24,"low",2025-09-24 14:59:40,2025-09-24 15:09:20,2025-09-24 14:58:10,59,-5.7678100011689,-9298.74743284631,0.914176126712703,0.97641137716682,4.45374877800038e-32,4.45787177315268e-48,0.00348325540500212,2.84868603051731,1.937062,449.1862,1.945813,449.1862,1.906901,390.6789,"No issues","No issues","No issues"
531,30,2025-09-23,"high",2025-09-23 04:32:30,2025-09-23 04:42:10,2025-09-23 04:31:00,59,-1.58245816481597,1717.60397428404,0.945321372117096,0.931554014959657,1.15261759827511e-37,6.98830816243438e-35,0.000750130043017103,0.917652518400656,1.953807,456.8794,1.955159,464.664,1.944924,452.9054,"No issues","No issues","No issues"
531,90,2025-09-24,"low",2025-09-24 15:12:10,2025-09-24 15:21:50,2025-09-24 15:10:40,59,-5.54984466627706,5283.5602197545,0.964350198547896,0.941981343865708,5.7987799116235e-43,6.25609008537682e-37,0.00210318393101791,2.5844884755566,1.936489,470.5341,1.943402,493.8992,1.909062,459.0522,"No issues","No issues","No issues"
532,10,2025-09-24,"low",2025-09-24 15:24:40,2025-09-24 15:34:20,2025-09-24 15:23:10,59,-1.49914806312107,2286.13713243716,0.839393912661473,0.876687984369429,2.64810061412343e-24,1.39091218156239e-27,0.00129249204202864,1.68992606861564,1.942848,461.7713,1.945692,470.8096,1.935311,454.1409,"No issues","No issues","No issues"
532,40,2025-09-23,"high",2025-09-23 04:44:50,2025-09-23 04:54:30,2025-09-23 04:43:20,59,1.293797835184,1716.89767574515,0.979423927164805,0.942530587811799,9.06335500780354e-50,4.76924915537297e-37,0.000369613279420494,0.835603634139397,1.957456,454.6131,1.96475,463.0117,1.955753,451.6689,"No issues","No issues","No issues"
533,20,2025-09-24,"low",2025-09-24 15:37:10,2025-09-24 15:46:50,2025-09-24 15:35:40,59,9.28350528112207,1210.76465786088,0.987976330843571,0.853267786870311,2.02157625036282e-56,2.00112406974525e-25,0.00201856381606928,0.989612223116233,1.958729,460.6659,2.010016,465.1203,1.95028,455.7839,"No issues","No issues","No issues"
533,50,2025-09-23,"high",2025-09-23 04:57:10,2025-09-23 05:06:50,2025-09-23 04:55:40,59,0.120945860900028,1732.41791326708,0.0291667622266367,0.92935770980288,0.195919458622014,1.72105456307735e-34,0.00137532226672314,0.941410102125262,1.956356,457.4132,1.960018,466.1646,1.954777,453.9341,"No issues","No issues","No issues"
534,30,2025-09-24,"low",2025-09-24 15:49:40,2025-09-24 15:59:20,2025-09-24 15:48:10,59,-3.12382154061962,2972.14459848042,0.983620724039285,0.960746374103217,1.35819008435383e-52,9.03788914023472e-42,0.000794520279311976,1.18410633214409,1.946067,460.9465,1.946067,476.2154,1.926887,456.42,"No issues","No issues","No issues"
534,60,2025-09-23,"high",2025-09-23 05:09:30,2025-09-23 05:19:10,2025-09-23 05:08:00,59,12.7074039696084,2458.95455382815,0.981243309583392,0.953173671882389,6.47173871420501e-51,1.38394546469492e-39,0.00346283536135025,1.07422385322403,1.976931,457.77,2.044154,470.5211,1.962151,454.4674,"No issues","No issues","No issues"
535,40,2025-09-25,"low",2025-09-24 16:02:10,2025-09-24 16:11:50,2025-09-24 16:00:40,59,6.43228154763294,4811.23540572764,0.993689582191319,0.956106752213779,2.11388858687027e-64,2.18696768791984e-40,0.00101030846329901,2.03183075097816,1.953317,462.9115,1.99102,485.8588,1.949018,455.3811,"No issues","No issues","No issues"
535,70,2025-09-23,"high",2025-09-23 05:21:50,2025-09-23 05:31:30,2025-09-23 05:20:20,59,5.24831018118055,2306.12633547631,0.975022550810757,0.95388771610994,2.27783692570069e-47,8.92828818662106e-40,0.0016556611674708,0.99937398550253,1.969185,456.1649,1.995068,468.6064,1.959547,452.6304,"No issues","No issues","No issues"
536,50,2025-09-25,"low",2025-09-24 16:14:40,2025-09-24 16:24:20,2025-09-24 16:13:10,59,-0.663502513150238,6681.2879130333,0.560562694378946,0.979452178258282,9.22043769458968e-12,8.71519320646181e-50,0.00115788171115133,1.90737778409214,1.948005,466.1539,1.950066,501.6276,1.944208,459.7377,"No issues","No issues","No issues"
536,80,2025-09-23,"high",2025-09-23 05:34:10,2025-09-23 05:43:50,2025-09-23 05:32:40,59,1.94504427352421,2228.40804582115,0.898695318921781,0.938444567542137,5.06881978920771e-30,3.38457466748431e-36,0.00128713252504772,1.12488689020655,1.960794,455.8163,1.971106,466.6083,1.956475,451.5272,"No issues","No issues","No issues"
537,60,2025-09-25,"low",2025-09-24 16:27:10,2025-09-24 16:36:50,2025-09-24 16:25:40,59,-2.62505923553478,-1649.92298118061,0.957757089375838,0.830596501356444,7.33044672185686e-41,1.21675058334101e-23,0.00108660974068979,1.468639035124,1.942321,455.2922,1.943418,461.9133,1.926799,449.8349,"No issues","No issues","No issues"
537,90,2025-09-23,"high",2025-09-23 05:46:30,2025-09-23 05:56:10,2025-09-23 05:45:00,59,-0.893829461133882,1731.00592215078,0.809338120445996,0.92362263234922,3.57960817480587e-22,1.59675228010476e-33,0.00085508021622756,0.981112638360824,1.95522,454.8591,1.957067,462.6481,1.950525,450.6497,"No issues","No issues","No issues"
538,10,2025-09-23,"high",2025-09-23 05:58:50,2025-09-23 06:08:30,2025-09-23 05:57:20,59,0.476124596142563,1461.18447878433,0.358754758159521,0.896014309199875,5.40226330081661e-07,1.06865436166555e-29,0.00125463996301078,0.981114343070442,1.958078,455.9876,1.962407,461.647,1.956698,451.5741,"No issues","No issues","No issues"
538,70,2025-09-25,"low",2025-09-24 16:39:40,2025-09-24 16:49:20,2025-09-24 16:38:10,59,-5.35013391934549,6236.48879579192,0.977309039181056,0.982601039944708,1.47475024926738e-48,7.59788769561477e-52,0.00160679471506308,1.63568035883122,1.938568,467.9734,1.942199,501.7123,1.909589,461.1165,"No issues","No issues","No issues"
539,20,2025-09-23,"high",2025-09-23 06:11:10,2025-09-23 06:20:50,2025-09-23 06:09:40,59,0.414636680303825,1669.30435441263,0.278739074612818,0.929890580852011,1.7289142176464e-05,1.38661290520252e-34,0.00131462004696729,0.90342695233188,1.957755,456.2554,1.962545,463.6015,1.956094,451.9221,"No issues","No issues","No issues"
539,80,2025-09-25,"low",2025-09-24 16:52:10,2025-09-24 17:01:50,2025-09-24 16:50:40,59,-5.42239936411466,3312.11228801869,0.91581418204624,0.957966068125869,2.5693885567564e-32,6.36357129893959e-41,0.00324035462943965,1.36746195764493,1.934869,445.3439,1.944389,473.6876,1.908825,445.3439,"No issues","No issues","No issues"
540,30,2025-09-23,"high",2025-09-23 06:23:30,2025-09-23 06:33:10,2025-09-23 06:22:00,59,-1.45720442314441,1052.95922384569,0.907530482910489,0.853381306858141,3.74438240067714e-31,1.95734207754191e-25,0.000916799613156769,0.860240567194936,1.95298,455.7799,1.955382,459.3781,1.945707,451.7208,"No issues","No issues","No issues"
540,90,2025-09-25,"low",2025-09-24 17:04:40,2025-09-24 17:14:20,2025-09-24 17:03:10,59,-6.17100865458804,6505.8579394506,0.978638852650477,0.970979672926806,2.63588577962833e-49,1.64168095084353e-45,0.00179697681212212,2.2168479912594,1.938527,461.4976,1.942771,495.1501,1.904823,454.2378,"No issues","No issues","No issues"
541,10,2025-09-25,"low",2025-09-24 17:17:10,2025-09-24 17:26:50,2025-09-24 17:15:40,59,-2.88086585154888,4765.81369865575,0.969567912660629,0.981939787466945,6.3611070852479e-45,2.2005013387658e-51,0.00100597003808072,1.27391754007466,1.942605,457.8206,1.94466,483.5432,1.927083,452.9499,"No issues","No issues","No issues"
541,40,2025-09-23,"high",2025-09-23 06:35:50,2025-09-23 06:45:30,2025-09-23 06:34:20,59,1.2874367551139,1103.49655827001,0.980933122875858,0.868602531393969,1.03300624761613e-50,8.53709474404696e-27,0.000353778343657542,0.845939284045246,1.957188,452.072,1.964806,458.2914,1.956041,448.6274,"No issues","No issues","No issues"
542,20,2025-09-25,"low",2025-09-24 17:29:40,2025-09-24 17:39:20,2025-09-24 17:28:10,59,7.11265655172406,4267.01609631794,0.977833347545331,0.98250706258001,7.57272163038017e-49,8.85905278343567e-52,0.00211073994422866,1.12220724551455,1.96,457.884,1.996699,481.2115,1.950626,454.064,"No issues","No issues","No issues"
542,50,2025-09-23,"high",2025-09-23 06:48:10,2025-09-23 06:57:50,2025-09-23 06:46:40,59,0.477485484511909,875.436612974863,0.268738588025481,0.772972938622913,2.60211302376799e-05,5.29775049721974e-20,0.00155244685880285,0.935118462121833,1.956724,453.3365,1.962256,455.9763,1.955617,448.6525,"No issues","No issues","No issues"
543,30,2025-09-25,"low",2025-09-24 17:42:10,2025-09-24 17:51:50,2025-09-24 17:40:40,59,-2.51731171946231,4808.26311443597,0.962009746150605,0.984312576817422,3.55529421426887e-42,3.96857985228167e-53,0.000985981158598298,1.19641753698875,1.946067,459.6916,1.947623,486.8043,1.931846,456.1341,"No issues","No issues","No issues"
543,60,2025-09-23,"high",2025-09-23 07:00:30,2025-09-23 07:10:10,2025-09-23 06:59:00,59,13.5448189269432,2158.70586838105,0.984255194793818,0.932618306469017,4.40391795785074e-53,4.46848671089983e-35,0.00337655049022638,1.14366208012368,1.976855,452.6468,2.049768,463.0392,1.96288,448.3457,"No issues","No issues","No issues"
544,40,2025-09-25,"low",2025-09-24 17:54:40,2025-09-24 18:04:20,2025-09-24 17:53:10,59,2.97873569140847,10948.6742012858,0.976011402162164,0.992992275190127,7.1999314675075e-48,4.19294024929085e-63,0.000920433065594072,1.81285209856167,1.954912,464.5953,1.969786,529.3066,1.949732,461.3334,"No issues","No issues","No issues"
544,70,2025-09-23,"high",2025-09-23 07:12:50,2025-09-23 07:22:30,2025-09-23 07:11:20,59,5.44920558270015,1225.63646616014,0.979259391117134,0.8844199732924,1.13738132055551e-49,2.18761703129871e-28,0.00156307683814492,0.87329114140799,1.968793,453.264,1.996564,457.8114,1.959386,448.7505,"No issues","No issues","No issues"
545,50,2025-09-25,"low",2025-09-24 18:07:10,2025-09-24 18:16:50,2025-09-24 18:05:40,59,-0.35333863237874,10422.1648720047,0.263328436259503,0.983535922123588,3.23975483828152e-05,1.5736056806256e-52,0.0011648351116823,2.65776628695919,1.949034,475.5402,1.951557,533.441,1.94715,467.8102,"No issues","No issues","No issues"
545,80,2025-09-23,"high",2025-09-23 07:25:10,2025-09-23 07:34:50,2025-09-23 07:23:40,59,2.0664072378725,2019.4877961426,0.9289983884323,0.939804178354655,1.98917727011907e-34,1.78957487145706e-36,0.00112597252573186,1.00737455543006,1.960237,451.7593,1.971435,461.334,1.956337,447.7049,"No issues","No issues","No issues"
546,60,2025-09-25,"low",2025-09-24 18:19:40,2025-09-24 18:29:20,2025-09-24 18:18:10,59,-3.12584191700761,7808.00425669198,0.940690386652177,0.99837308133499,1.17213277183764e-36,3.51856835942187e-81,0.00154700408558878,0.621243399197591,1.938193,472.7344,1.942026,526.2703,1.922136,472.7344,"No issues","No issues","No issues"
546,90,2025-09-23,"high",2025-09-23 07:37:30,2025-09-23 07:47:10,2025-09-23 07:36:00,59,-1.09899133606077,1618.31769959087,0.844171354293555,0.904341990875413,1.11681658798931e-24,9.85631163469517e-31,0.000930653184611405,1.03739311450866,1.954415,452.8977,1.956318,459.7685,1.948292,447.6233,"No issues","No issues","No issues"
547,10,2025-09-23,"high",2025-09-23 07:49:50,2025-09-23 07:59:30,2025-09-23 07:48:20,59,0.408182686148454,1761.33580642896,0.448517410866334,0.940353465777026,6.62565286970303e-09,1.37773363358251e-36,0.00089210523014702,0.87432815295774,1.956006,450.7593,1.958227,459.2362,1.953961,446.7596,"No issues","No issues","No issues"
547,70,2025-09-25,"low",2025-09-24 18:32:10,2025-09-24 18:41:50,2025-09-24 18:30:40,59,-3.9140800748101,6447.86566358853,0.899051237672477,0.984404787778163,4.58417729253474e-30,3.3546427123737e-53,0.00258507555236921,1.59959494515784,1.936254,479.2836,1.944125,515.5463,1.918044,475.0551,"No issues","No issues","No issues"
548,20,2025-09-23,"high",2025-09-23 08:02:10,2025-09-23 08:11:50,2025-09-23 08:00:40,59,-0.0121833594390158,1732.56051618934,0.000683171003033614,0.96428679350244,0.844215579234726,6.10020869950729e-43,0.00091841549423475,0.657180975049413,1.956643,455.3537,1.959394,464.1215,1.955061,452.6246,"No issues","No issues","No issues"
548,80,2025-09-25,"low",2025-09-24 18:44:40,2025-09-24 18:54:20,2025-09-24 18:43:10,59,-4.36382010052604,9118.7112939801,0.895701081610553,0.995178552949608,1.16449521178325e-29,9.85525166666682e-68,0.0029350158295276,1.25099887490305,1.940213,469.1039,1.949387,526.4529,1.91998,468.7819,"No issues","No issues","No issues"
549,30,2025-09-23,"high",2025-09-23 08:14:30,2025-09-23 08:24:10,2025-09-23 08:13:00,59,-2.13577719696083,670.74834739915,0.970402642019162,0.843054840110167,2.8781051531723e-45,1.36970121655885e-24,0.000735176623649035,0.57041497462247,1.957653,458.2617,1.959951,462.3986,1.946711,457.2918,"No issues","No issues","No issues"
549,90,2025-09-25,"low",2025-09-24 18:57:10,2025-09-24 19:06:50,2025-09-24 18:55:40,59,-3.48834723085915,4070.83704406778,0.929515511288637,0.959762256576548,1.61465384664995e-34,1.83132786295463e-41,0.00189331737657544,1.6428728380383,1.938961,470.8983,1.945983,491.1206,1.923467,464.8908,"No issues","No issues","No issues"
550,10,2025-09-25,"low",2025-09-24 19:09:40,2025-09-24 19:19:20,2025-09-24 19:08:10,59,-1.53536031794279,3794.68870695498,0.840521594882387,0.981949334255443,2.1649165951189e-24,2.16757967099236e-51,0.00131817196958069,1.01405960596271,1.942343,468.4764,1.946765,490.6111,1.936183,466.1642,"No issues","No issues","No issues"
550,40,2025-09-23,"high",2025-09-23 08:26:50,2025-09-23 08:36:30,2025-09-23 08:25:20,59,1.29793503682047,770.128394623034,0.980075999270367,0.920326030120002,3.61868002048481e-50,5.33348515242486e-33,0.000364751099743923,0.44661753303916,1.961824,457.3639,1.970267,462.1957,1.961312,456.3405,"No issues","No issues","No issues"
551,20,2025-09-25,"low",2025-09-24 19:22:10,2025-09-24 19:31:50,2025-09-24 19:20:40,59,5.15261978258319,4073.09546230272,0.970418138164816,0.98633027299565,2.83544509189157e-45,7.83682721482493e-55,0.0017731548019871,0.945101787608637,1.95903,469.9104,1.984491,493.5493,1.951145,467.6846,"No issues","No issues","No issues"
551,50,2025-09-23,"high",2025-09-23 08:39:10,2025-09-23 08:48:50,2025-09-23 08:37:40,59,0.780330866160105,-324.620151022814,0.478787130656054,0.628452779622994,1.28609451069805e-09,7.31323340998591e-14,0.00160472409386917,0.491961837004371,1.961337,454.6539,1.968032,455.9317,1.960773,451.4172,"No issues","No issues","No issues"
552,30,2025-09-25,"low",2025-09-24 19:34:40,2025-09-24 19:44:20,2025-09-24 19:33:10,59,-2.39311487551149,4039.9124086499,0.949448220123631,0.965498652827684,1.22874022358415e-38,2.27922373050919e-43,0.00108838208878122,1.50521797557199,1.944972,467.0869,1.946772,487.1417,1.931746,460.9136,"No issues","No issues","No issues"
552,60,2025-09-23,"high",2025-09-23 08:51:30,2025-09-23 09:01:10,2025-09-23 08:50:00,59,16.3394509129163,968.90081028636,0.991566509874687,0.876124629417829,8.22401005933863e-61,1.58435208988807e-27,0.0029700616204086,0.718082122000344,1.975416,454.9093,2.068934,459.6149,1.964776,452.0269,"No issues","No issues","No issues"
553,40,2025-09-25,"low",2025-09-24 19:47:10,2025-09-24 19:56:50,2025-09-24 19:45:40,59,1.4275234225598,7110.76211431911,0.953473239628815,0.959651798497934,1.15243222214471e-39,1.98025578703623e-41,0.000621535089051824,2.87380076518877,1.951994,476.4854,1.958064,511.1694,1.947877,465.7469,"No issues","No issues","No issues"
553,70,2025-09-23,"high",2025-09-23 09:03:50,2025-09-23 09:13:30,2025-09-23 09:02:20,59,6.38643905084746,218.671077966087,0.987191864825662,0.411518818419869,1.22503899314433e-55,4.38842690970255e-08,0.00143379214106935,0.515404305470096,1.966837,450.3657,2.001419,452.0295,1.959193,449.0209,"No issues","No issues","No issues"
554,50,2025-09-25,"low",2025-09-24 19:59:40,2025-09-24 20:09:20,2025-09-24 19:58:10,59,-1.01511415546472,7829.58880467562,0.784848639439189,0.971118069506369,1.13740708129805e-20,1.43248632378275e-45,0.00104756078860162,2.66134576662521,1.947293,480.6075,1.947911,520.3259,1.940362,470.4124,"No issues","No issues","No issues"
554,80,2025-09-23,"high",2025-09-23 09:16:10,2025-09-23 09:25:50,2025-09-23 09:14:40,59,1.95150028755107,239.787520748079,0.90035771004634,0.33251513574138,3.16027473847182e-30,1.7540752554695e-06,0.00127958217630229,0.669617562378513,1.959814,449.6708,1.971266,450.195,1.956318,446.7928,"No issues","No issues","No issues"
555,60,2025-09-25,"low",2025-09-24 20:12:10,2025-09-24 20:21:50,2025-09-24 20:10:40,59,-3.37186932554064,6067.03198597309,0.955193785997413,0.976163817571862,3.93412041705617e-40,6.00347881865394e-48,0.00143939295298752,1.86860943912579,1.931516,502.3228,1.934508,535.3075,1.913009,496.5407,"No issues","No issues","No issues"
555,90,2025-09-23,"high",2025-09-23 09:28:30,2025-09-23 09:38:10,2025-09-23 09:27:00,59,-1.35820598012864,1197.95811759204,0.919229243418714,0.882952786172347,7.87924900604584e-33,3.13652967892617e-28,0.000793534940644433,0.859683696621116,1.954967,450.293,1.956796,455.1198,1.947909,446.6516,"No issues","No issues","No issues"
556,10,2025-09-23,"high",2025-09-23 09:40:50,2025-09-23 09:50:30,2025-09-23 09:39:20,59,0.476261442431248,1815.12422489769,0.487698776898278,0.958525819237556,7.79955595293442e-10,4.34156038376796e-41,0.000962094080564518,0.744181054860366,1.955808,450.7438,1.96014,458.8273,1.95547,446.969,"No issues","No issues","No issues"
556,70,2025-09-25,"low",2025-09-24 20:24:40,2025-09-24 20:34:20,2025-09-24 20:23:10,59,-4.11285057159564,5456.21822279368,0.919962599576634,0.96316629207802,6.07329624731419e-33,1.47218121192882e-42,0.00239105512537375,2.10304744523752,1.936338,500.8894,1.942598,530.631,1.915891,496.1649,"No issues","No issues","No issues"
557,20,2025-09-23,"high",2025-09-23 09:53:10,2025-09-23 10:02:50,2025-09-23 09:51:40,59,0.0542840444184228,1087.48943074225,0.00789705325850404,0.915374182254359,0.503298279217433,2.98162254393652e-32,0.00119923222470696,0.651722043834067,1.955935,450.1832,1.960011,454.6036,1.95418,446.7152,"No issues","No issues","No issues"
557,80,2025-09-25,"low",2025-09-24 20:37:10,2025-09-24 20:46:50,2025-09-24 20:35:40,59,-4.91021602337825,8476.17873243717,0.920925425327772,0.961959099814025,4.29938656246935e-33,3.69297517417336e-42,0.00283590746813327,3.32225108079975,1.939325,477.0637,1.94716,518.864,1.914972,463.7685,"No issues","No issues","No issues"
558,30,2025-09-23,"high",2025-09-23 10:05:30,2025-09-23 10:15:10,2025-09-23 10:04:00,59,-2.27786151724141,-112.421094564591,0.981949872238337,0.0918856886484317,2.16573867705686e-51,0.0196092154783662,0.000608706662386698,0.696593453297145,1.954025,449.6578,1.954373,449.6578,1.940721,444.9628,"No issues","No issues","No issues"
558,90,2025-09-25,"low",2025-09-24 20:49:40,2025-09-24 20:59:20,2025-09-24 20:48:10,59,-6.4978117311514,6462.76004395091,0.980867304363731,0.973235003183108,1.13964600824484e-50,1.63475227989143e-46,0.00178869104446462,2.11240908024386,1.941592,469.9697,1.947261,503.6131,1.905937,460.3702,"No issues","No issues","No issues"
559,10,2025-09-25,"low",2025-09-24 21:02:10,2025-09-24 21:11:50,2025-09-24 21:00:40,59,-4.1730291057861,6080.06566078316,0.976635250446096,0.978986672462583,3.39662822571254e-48,1.65064748962413e-49,0.00127218724674144,1.75570906346106,1.94556,468.4392,1.948899,499.7217,1.923751,461.3788,"No issues","No issues","No issues"
559,40,2025-09-23,"high",2025-09-23 10:17:50,2025-09-23 10:27:30,2025-09-23 10:16:20,59,1.557474880187,363.264078550535,0.978276576806893,0.476616834980357,4.257545364755e-49,1.45086365362132e-09,0.000457445764804808,0.750296458529785,1.957438,449.9095,1.965667,449.9095,1.95465,446.0512,"No issues","No issues","No issues"
560,20,2025-09-25,"low",2025-09-24 21:14:40,2025-09-24 21:24:20,2025-09-24 21:13:10,59,4.35387778842782,4567.67663354762,0.978785520999432,0.951074880521457,2.16579487106052e-49,4.83361115148232e-39,0.00126337973967436,2.0419222377741,1.960052,469.2542,1.982594,489.1269,1.954164,459.969,"No issues","No issues","No issues"
560,50,2025-09-23,"high",2025-09-23 10:30:10,2025-09-23 10:39:50,2025-09-23 10:28:40,59,1.31771159789588,-958.507056925778,0.67179333983359,0.91454202515572,2.06610994323651e-15,3.94239263154661e-32,0.00181535461164213,0.577504052391954,1.957218,447.1122,1.966208,447.1122,1.954702,439.0121,"No issues","No issues","No issues"
561,30,2025-09-25,"low",2025-09-24 21:27:10,2025-09-24 21:36:50,2025-09-24 21:25:40,59,-2.45370899824667,4365.74342209233,0.933615695987924,0.963830516749117,2.91981981817417e-35,8.76147951669598e-43,0.00128960569688552,1.66691816948012,1.947793,466.2966,1.951325,487.2574,1.935481,458.7541,"No issues","No issues","No issues"
561,60,2025-09-23,"high",2025-09-23 10:42:30,2025-09-23 10:52:10,2025-09-23 10:41:00,59,20.4161503308007,1462.84663097602,0.997196327311375,0.950424380004272,1.91829443998181e-74,7.04528225585016e-39,0.00213369545317563,0.658505407031059,1.963154,448.6967,2.08845,455.8092,1.958232,445.6648,"No issues","No issues","No issues"
562,40,2025-09-25,"low",2025-09-24 21:39:40,2025-09-24 21:49:20,2025-09-24 21:38:10,59,1.05459052250138,8602.0128841613,0.956353733615568,0.970370614455506,1.86185413940619e-40,2.96824687518634e-45,0.000444051550823661,2.96263295589557,1.953092,473.4119,1.959368,516.4684,1.951567,462.3195,"No issues","No issues","No issues"
562,70,2025-09-23,"high",2025-09-23 10:54:50,2025-09-23 11:04:30,2025-09-23 10:53:20,59,7.22848153360601,-621.134700175346,0.988923509193792,0.708452927471826,1.94938053486641e-57,6.88905937253815e-17,0.0015078289498868,0.785362013558382,1.9649,447.7683,2.005558,448.1555,1.957463,442.5551,"No issues","No issues","No issues"
563,50,2025-09-25,"low",2025-09-24 21:52:10,2025-09-24 22:01:50,2025-09-24 21:50:40,59,-1.4276117919346,8560.69055663354,0.771398634146366,0.960194751694634,6.45727430748051e-20,1.34559153430794e-41,0.00153177635267766,3.43545734081602,1.947559,482.592,1.951111,525.0427,1.940457,470.2851,"No issues","No issues","No issues"
563,80,2025-09-23,"high",2025-09-23 11:07:10,2025-09-23 11:16:50,2025-09-23 11:05:40,59,2.84451069082403,-296.608826651098,0.936911035150232,0.537015207534939,6.83008940510978e-36,4.16504020002771e-11,0.00145485714261665,0.542824446415982,1.957485,447.1594,1.974973,447.1594,1.954425,443.2838,"No issues","No issues","No issues"
564,60,2025-09-25,"low",2025-09-24 22:04:40,2025-09-24 22:14:20,2025-09-24 22:03:10,59,-3.04790568322627,5924.66316680303,0.874387254399619,0.906233380881303,2.3586058445971e-27,5.57307377995702e-31,0.0022769407264369,3.75623730889848,1.933834,498.0349,1.943063,520.327,1.922102,479.9938,"No issues","No issues","No issues"
564,90,2025-09-23,"high",2025-09-23 11:19:30,2025-09-23 11:29:10,2025-09-23 11:18:00,59,-1.3258400654588,831.485725774384,0.925066779327382,0.826107627900623,9.26056454229321e-34,2.57062300751115e-23,0.000743750126102678,0.751903323180425,1.955303,449.6857,1.956263,451.9905,1.947596,445.6278,"No issues","No issues","No issues"
565,10,2025-09-23,"high",2025-09-23 11:31:50,2025-09-23 11:41:30,2025-09-23 11:30:20,59,0.887482520163587,2165.98836329631,0.726023235042464,0.963665535261016,1.15805123056575e-17,9.97567991324787e-43,0.00107455010573617,0.828967674060975,1.954024,448.9254,1.960283,459.7236,1.952822,445.2972,"No issues","No issues","No issues"
565,70,2025-09-25,"low",2025-09-24 22:17:10,2025-09-24 22:26:50,2025-09-24 22:15:40,59,-4.27147410403273,6221.1416612507,0.935440812986682,0.941413543443523,1.3179158590818e-35,8.25984465267547e-37,0.00221173914032707,3.0588891716997,1.93827,482.0061,1.944313,508.8839,1.916885,468.6925,"No issues","No issues","No issues"
566,20,2025-09-23,"high",2025-09-23 11:44:10,2025-09-23 11:53:50,2025-09-23 11:42:40,59,0.53861083343069,966.100359555796,0.327164811378385,0.839061739167413,2.21857838870446e-06,2.80924821994901e-24,0.00152240918667417,0.83395034595276,1.953042,448.6684,1.95932,453.2019,1.951624,445.5015,"No issues","No issues","No issues"
566,80,2025-09-25,"low",2025-09-24 22:29:40,2025-09-24 22:39:20,2025-09-24 22:28:10,59,-4.76687029339578,8699.44178608998,0.921561858853168,0.968019969794913,3.41380864149711e-33,2.61794611340877e-44,0.00274106915061516,3.11654871107276,1.938206,474.3384,1.945578,517.9193,1.914304,462.3462,"No issues","No issues","No issues"
567,30,2025-09-23,"high",2025-09-23 11:56:30,2025-09-23 12:06:10,2025-09-23 11:55:00,59,-1.87635501110462,655.46367738163,0.964081845632705,0.707816718298524,7.18152226996874e-43,7.33375323184568e-17,0.000713839082498387,0.830044086473485,1.949986,448.9746,1.950995,450.5437,1.939254,444.3984,"No issues","No issues","No issues"
567,90,2025-09-25,"low",2025-09-24 22:42:10,2025-09-24 22:51:50,2025-09-24 22:40:40,59,-4.4008165704267,4259.15415078901,0.973953020377817,0.935143517564123,7.52865395277219e-47,1.50252375501569e-35,0.00141849629055122,2.21078330655397,1.938526,465.2648,1.942926,483.1039,1.915483,454.6002,"No issues","No issues","No issues"
568,10,2025-09-25,"low",2025-09-24 22:54:40,2025-09-24 23:04:20,2025-09-24 22:53:10,59,-2.62711950438356,3826.02751700758,0.9469719287784,0.926803555477481,4.80766614060872e-38,4.7423018837902e-34,0.00122531979054597,2.11926122928199,1.940736,463.1868,1.944125,478.9814,1.927432,453.4469,"No issues","No issues","No issues"
569,20,2025-09-25,"low",2025-09-24 23:07:10,2025-09-24 23:16:50,2025-09-24 23:05:40,59,4.21462027819983,3879.07969234364,0.964119861807143,0.936431648604703,6.96788446964165e-43,8.47673501240574e-36,0.00160252660168355,1.99203236861237,1.95417,462.0815,1.974125,478.9886,1.946307,453.13,"No issues","No issues","No issues"
569,50,2025-09-23,"high",2025-09-23 12:32:50,2025-09-23 12:42:40,2025-09-23 12:31:30,60,2.98848933592666,460.114041455961,0.85321973467106,0.401439805540841,7.67272095199882e-26,5.52661877646989e-08,0.00248451519104774,1.12614871076151,1.954264,449.4618,1.974427,449.4618,1.950517,443.0866,"No issues","No issues","No issues"
570,30,2025-09-25,"low",2025-09-24 23:19:40,2025-09-24 23:29:20,2025-09-24 23:18:10,59,-3.34847820455881,4313.06790227935,0.99196056064297,0.949948338741588,2.10244843525934e-61,9.25311761030231e-39,0.00059415316102612,1.95133038178115,1.940791,461.0467,1.940791,480.0112,1.92023,451.5755,"No issues","No issues","No issues"
570,60,2025-09-23,"high",2025-09-23 12:45:10,2025-09-23 12:55:00,2025-09-23 12:43:50,60,23.3881263817727,1715.26359811058,0.994231505042356,0.901458448775953,1.23134982963291e-66,7.16235731087469e-31,0.00357083257527744,1.13672201047059,1.965905,449.7503,2.105958,456.7445,1.955186,444.6357,"No issues","No issues","No issues"
571,40,2025-09-25,"low",2025-09-24 23:32:10,2025-09-24 23:41:50,2025-09-24 23:30:40,59,-0.298473369959076,11039.5077180596,0.414315963057537,0.978479517055971,3.81921950278168e-08,3.25793703615774e-49,0.000699450050711211,3.22689698365934,1.945654,466.768,1.945654,523.7473,1.940631,454.0964,"No issues","No issues","No issues"
571,70,2025-09-23,"high",2025-09-23 12:57:30,2025-09-23 13:07:20,2025-09-23 12:56:10,60,9.85306704306753,367.557651347602,0.985661979639234,0.420234368198911,3.62720044497918e-55,2.14508635259705e-08,0.00238198262764426,0.865351349539474,1.965388,448.7289,2.019261,449.3158,1.953089,444.116,"No issues","No issues","No issues"
572,50,2025-09-25,"low",2025-09-24 23:44:40,2025-09-24 23:54:20,2025-09-24 23:43:10,59,-2.30634725891297,12032.0394585622,0.961266039570479,0.979999172983925,6.18015388775263e-42,4.03832858115832e-50,0.000912502592816336,3.38793934321777,1.942415,475.4897,1.943046,536.9257,1.9288,460.2129,"No issues","No issues","No issues"
572,80,2025-09-23,"high",2025-09-23 13:09:50,2025-09-23 13:19:40,2025-09-23 13:08:30,60,4.12050290414008,-200.954324645721,0.952655143314339,0.225348742998295,4.08732066179151e-40,0.000127022844238779,0.00184121848881273,0.746808856595232,1.956473,449.6594,1.97988,449.6594,1.949625,444.5889,"No issues","No issues","No issues"
573,60,2025-09-25,"low",2025-09-24 23:57:10,2025-09-25 00:06:50,2025-09-24 23:55:40,59,-2.89996424079486,6057.47743869081,0.961792901526512,0.935643978291647,4.18187311783216e-42,1.20456329413229e-35,0.00113922404885743,3.13123990495718,1.932624,486.2398,1.936626,509.1639,1.918737,469.1728,"No issues","No issues","No issues"
573,90,2025-09-23,"high",2025-09-23 13:22:10,2025-09-23 13:32:00,2025-09-23 13:20:50,60,-0.734017813837146,859.267253348165,0.723547497194943,0.737236959481493,7.81432526373615e-18,1.77570478078494e-18,0.000909431301443045,1.02823742896091,1.950303,448.7107,1.95101,451.3911,1.944475,443.9884,"No issues","No issues","No issues"
574,10,2025-09-23,"high",2025-09-23 13:34:30,2025-09-23 13:44:20,2025-09-23 13:33:10,60,2.01962700750209,2405.64257004724,0.944288920101084,0.937910368222321,4.59919098259667e-38,1.06991448380031e-36,0.000983277426475714,1.24064214997542,1.95067,448.5143,1.962514,459.9958,1.947786,442.9518,"No issues","No issues","No issues"
574,70,2025-09-25,"low",2025-09-25 00:09:40,2025-09-25 00:19:20,2025-09-25 00:08:10,59,-5.25439504383409,9655.95477545292,0.979659829486761,0.981680924095517,6.52399131925129e-50,3.30161948254283e-51,0.00149227073607656,2.59984277338526,1.934174,474.2663,1.938552,524.6937,1.906093,462.9669,"No issues","No issues","No issues"
575,20,2025-09-23,"high",2025-09-23 13:46:50,2025-09-23 13:56:40,2025-09-23 13:45:30,60,1.38783486968604,1241.58223595445,0.801119088870231,0.751463123849075,5.29573446387161e-22,3.50244698233047e-19,0.00138602914719297,1.43121087983197,1.950727,449.6602,1.959283,453.7141,1.947717,442.8036,"No issues","No issues","No issues"
575,80,2025-09-25,"low",2025-09-25 00:22:10,2025-09-25 00:31:50,2025-09-25 00:20:40,59,-5.85235676914094,12300.8834861485,0.972581098588594,0.984358890888513,3.25352510780172e-46,3.64778607369883e-53,0.00193677050426731,3.05617768285895,1.935525,472.3663,1.941608,538.1457,1.905132,459.9444,"No issues","No issues","No issues"
576,30,2025-09-23,"high",2025-09-23 13:59:10,2025-09-23 14:09:00,2025-09-23 13:57:50,60,-1.79588077577097,1609.48445501529,0.971720828816293,0.906481622976105,1.3089006027346e-46,1.56654505522579e-31,0.00061408238784645,1.03619698152732,1.947755,447.6754,1.947755,455.9104,1.936397,444.7887,"No issues","No issues","No issues"
576,90,2025-09-25,"low",2025-09-25 00:34:40,2025-09-25 00:44:20,2025-09-25 00:33:10,59,-4.36236882291062,4880.27501484511,0.961656707708546,0.952251421255797,4.62852680993534e-42,2.41394055019126e-39,0.00171688934270395,2.15394179057318,1.93669,463.1131,1.942918,486.5799,1.915039,454.9649,"No issues","No issues","No issues"
577,10,2025-09-25,"low",2025-09-25 00:47:10,2025-09-25 00:56:50,2025-09-25 00:45:40,59,-2.63269283459963,4126.93765984803,0.957429019607975,0.97267339233939,9.14022764797214e-41,2.95529549258841e-46,0.00109418052456272,1.3633975458441,1.939692,457.8386,1.942708,478.9708,1.926284,452.8637,"No issues","No issues","No issues"
577,40,2025-09-23,"high",2025-09-23 14:11:30,2025-09-23 14:21:20,2025-09-23 14:10:10,60,5.45291069741595,1219.76375126425,0.993962799808136,0.658298824807341,4.61165614307401e-66,3.81248724010065e-15,0.000851819673643297,1.76146483299603,1.951567,453.1491,1.984325,454.3122,1.948342,443.7707,"No issues","No issues","No issues"
578,20,2025-09-25,"low",2025-09-25 00:59:40,2025-09-25 01:09:20,2025-09-25 00:58:10,59,5.26030064289882,3771.89299357099,0.987740129900951,0.952853769331216,3.51991777411065e-56,1.68058374561561e-39,0.00115509421183913,1.65369335095774,1.951227,458.2296,1.980159,476.5753,1.946195,451.7161,"No issues","No issues","No issues"
578,50,2025-09-23,"high",2025-09-23 14:23:50,2025-09-23 14:33:40,2025-09-23 14:22:30,60,3.93381720700197,345.323755265365,0.927154302762429,0.236594254624392,1.10643140925735e-34,8.13505459313738e-05,0.00221017507374729,1.24333634155775,1.95354,448.2592,1.978063,448.2592,1.94868,442.251,"No issues","No issues","No issues"
579,30,2025-09-25,"low",2025-09-25 01:12:10,2025-09-25 01:21:50,2025-09-25 01:10:40,59,-2.82874963413216,4102.74485189945,0.955451183495319,0.972591872091819,3.33796662955317e-40,3.21727014624258e-46,0.00120390883445007,1.35748216976676,1.94042,457.6242,1.943221,478.6347,1.925356,452.2505,"No issues","No issues","No issues"
579,60,2025-09-23,"high",2025-09-23 14:36:10,2025-09-23 14:46:00,2025-09-23 14:34:50,60,22.8339422817449,1705.47403878856,0.990987333963182,0.852602238314889,5.14042967348857e-61,8.66909853066969e-26,0.004364756739478,1.42135931725203,1.970776,448.4445,2.103696,457.5438,1.955295,442.5313,"No issues","No issues","No issues"
580,40,2025-09-25,"low",2025-09-25 01:24:40,2025-09-25 01:34:20,2025-09-25 01:23:10,59,-0.118045325540666,11268.4067179427,0.217265489585287,0.982949617254376,0.000198695874917142,4.26704755657927e-52,0.000441617136542152,2.92515718165302,1.94331,463.8329,1.94436,525.3218,1.94233,455.0593,"No issues","No issues","No issues"
580,70,2025-09-23,"high",2025-09-23 14:48:30,2025-09-23 14:58:20,2025-09-23 14:47:10,60,10.192746038344,768.914987496538,0.986257408391842,0.782487940164937,1.05986081600296e-55,7.18856419226054e-21,0.00241166478791675,0.812582992316054,1.965313,448.1617,2.021341,451.2544,1.9526,444.2931,"No issues","No issues","No issues"
581,50,2025-09-25,"low",2025-09-25 01:37:10,2025-09-25 01:46:50,2025-09-25 01:35:40,59,-2.30048407714792,11837.7677203974,0.94170007052508,0.977682813990677,7.18167753716635e-37,9.18448729172284e-49,0.00112818988414541,3.52513534899087,1.939707,474.9773,1.941959,535.5938,1.927674,459.916,"No issues","No issues","No issues"
581,80,2025-09-23,"high",2025-09-23 15:00:50,2025-09-23 15:10:40,2025-09-23 14:59:30,60,5.05843792164488,-207.400859349822,0.975145832212933,0.202330726269009,3.09180906765977e-48,0.000311301619133306,0.00161870538275363,0.825425004536938,1.956694,446.0568,1.984611,446.0568,1.949505,441.3221,"No issues","No issues","No issues"
582,60,2025-09-25,"low",2025-09-25 01:49:40,2025-09-25 01:59:20,2025-09-25 01:48:10,59,-0.475914024547058,1608.14209234364,0.487815656668149,0.576989218939701,7.74813183679201e-10,3.0710437365471e-12,0.000961167419770486,2.71394814166498,1.927391,486.2079,1.92972,491.1459,1.925332,477.4228,"No issues","No issues","No issues"
582,90,2025-09-23,"high",2025-09-23 15:13:10,2025-09-23 15:23:00,2025-09-23 15:11:50,60,-0.575252112253341,1132.55885568213,0.636549763995785,0.868628423958866,2.31899347466882e-14,3.05063265971686e-27,0.000871266622138313,0.882838013406805,1.950067,446.5035,1.951039,450.8793,1.946166,442.3621,"No issues","No issues","No issues"
583,10,2025-09-23,"high",2025-09-23 15:25:30,2025-09-23 15:35:20,2025-09-23 15:24:10,60,1.85458380216729,2039.11509285914,0.936470156094636,0.951824649757295,2.08196476178099e-36,6.77067007215192e-40,0.0009682219933651,0.919522294515558,1.951918,446.7679,1.962368,457.1524,1.948857,442.6173,"No issues","No issues","No issues"
583,70,2025-09-25,"low",2025-09-25 02:02:10,2025-09-25 02:11:50,2025-09-25 02:00:40,59,-6.27668832729401,12360.5405400351,0.941525216255243,0.915427377990486,7.82225079964026e-37,2.9285836987888e-32,0.00308307546180659,7.40501033520308,1.931632,472.1836,1.935506,545.2538,1.894077,461.9037,"No issues","No issues","No issues"
584,20,2025-09-23,"high",2025-09-23 15:37:50,2025-09-23 15:47:40,2025-09-23 15:36:30,60,1.69958618727423,625.424753098086,0.894343190905879,0.648894165336675,5.42972974729293e-30,8.43598267030623e-15,0.00117091776084221,0.922133314512319,1.950965,446.8928,1.961086,448.4268,1.947249,442.5468,"No issues","No issues","No issues"
584,80,2025-09-25,"low",2025-09-25 02:14:40,2025-09-25 02:24:20,2025-09-25 02:13:10,59,-7.40862073641151,16877.5586468732,0.971954023272259,0.984813100133267,6.19974951778884e-46,1.57462727661069e-53,0.00248047607849036,4.13097473146901,1.927466,483.9619,1.935612,573.3365,1.889713,467.3352,"No issues","No issues","No issues"
585,30,2025-09-23,"high",2025-09-23 15:50:10,2025-09-23 15:59:50,2025-09-23 15:48:50,59,-1.54847887784932,911.339070017515,0.946767645557878,0.738017216863049,5.3650039214656e-38,3.2082031479546e-18,0.00072369683906964,1.07020844787641,1.946539,447.7508,1.947803,450.455,1.937678,442.8426,"No issues","No issues","No issues"
585,90,2025-09-25,"low",2025-09-25 02:27:10,2025-09-25 02:36:50,2025-09-25 02:25:40,59,-5.80227456224436,7203.58823424897,0.975593526802458,0.96653027497311,1.17807459294793e-47,9.59006992787679e-44,0.0018088459869863,2.64211962959605,1.933427,463.0973,1.93957,498.1566,1.903525,452.0777,"No issues","No issues","No issues"
586,10,2025-09-25,"low",2025-09-25 02:39:40,2025-09-25 02:49:20,2025-09-25 02:38:10,59,-4.8778718223262,7041.46992028053,0.98779142670577,0.984858519925396,3.12337727496052e-56,1.44575697772871e-53,0.00106884682534642,1.72086113537533,1.937568,456.8042,1.940619,497.3451,1.909689,451.2162,"No issues","No issues","No issues"
586,40,2025-09-24,"high",2025-09-23 16:02:30,2025-09-23 16:12:20,2025-09-23 16:01:10,60,6.33178714976387,1301.01105595999,0.992997496392351,0.841266339954105,3.40546161030329e-64,7.480553833281e-25,0.00106577482841866,1.13275321591041,1.95296,448.4068,1.990235,453.344,1.948512,444.0275,"No issues","No issues","No issues"
587,20,2025-09-25,"low",2025-09-25 02:52:10,2025-09-25 03:01:50,2025-09-25 02:50:40,59,4.28691501110452,4615.26364278198,0.981196525829121,0.977105335578375,6.94807929019295e-51,1.90275105780709e-48,0.00116969108030755,1.39244554473767,1.950271,457.388,1.973203,480.7409,1.944868,451.3669,"No issues","No issues","No issues"
587,50,2025-09-24,"high",2025-09-23 16:14:50,2025-09-23 16:24:40,2025-09-23 16:13:30,60,4.5260204278967,963.048129369279,0.969031904285369,0.861525932561703,1.8258901907258e-45,1.41009714038076e-26,0.00162177753387625,0.773899555235055,1.955013,446.111,1.98041,450.8934,1.948406,443.0069,"No issues","No issues","No issues"
588,30,2025-09-25,"low",2025-09-25 03:04:40,2025-09-25 03:14:20,2025-09-25 03:03:10,59,-4.16899794739925,5667.01175172412,0.982957736388952,0.979404389574715,4.20949909198193e-52,9.31194276484538e-50,0.00108196485639796,1.61974139285356,1.940724,456.4958,1.94197,486.1712,1.917229,450.9323,"No issues","No issues","No issues"
588,60,2025-09-24,"high",2025-09-23 16:27:10,2025-09-23 16:37:00,2025-09-23 16:25:50,60,22.8454179494304,2761.94395065298,0.990906807740945,0.980746249585926,6.65343972882062e-61,1.87663010046656e-51,0.00438659406083222,0.775676724128897,1.968278,446.6257,2.101022,462.3127,1.95415,443.9197,"No issues","No issues","No issues"
589,40,2025-09-25,"low",2025-09-25 03:17:10,2025-09-25 03:26:50,2025-09-25 03:15:40,59,0.723757802454601,11263.1226333138,0.973258046996669,0.979029690138307,1.59509243813196e-46,1.55697138307425e-49,0.000236461845161114,3.24899140065237,1.942817,466.3846,1.947932,526.1487,1.94249,455.4896,"No issues","No issues","No issues"
589,70,2025-09-24,"high",2025-09-23 16:39:30,2025-09-23 16:49:20,2025-09-23 16:38:10,60,10.5924210591831,2126.04191919978,0.970928778067202,0.959860254360813,2.91728834523929e-46,3.39321888029769e-42,0.00367383587195718,0.871448415688258,1.970541,447.4899,2.022962,459.3967,1.952073,444.226,"No issues","No issues","No issues"
590,50,2025-09-25,"low",2025-09-25 03:29:40,2025-09-25 03:39:20,2025-09-25 03:28:10,59,-1.48453277849222,10742.5344056107,0.922566223019645,0.982064455133683,2.36320318433093e-33,1.80617147956683e-51,0.000847698655428093,2.86140479695751,1.940726,469.627,1.942111,526.6193,1.932897,459.1822,"No issues","No issues","No issues"
590,80,2025-09-24,"high",2025-09-23 16:51:50,2025-09-23 17:01:40,2025-09-23 16:50:30,60,4.14656046235071,2333.35193731592,0.971756979839611,0.988008410240121,1.26121225528963e-46,2.03381845661238e-57,0.00141693945611597,0.515258145830823,1.9558,444.4944,1.977053,459.6396,1.948243,444.0925,"No issues","No issues","No issues"
591,60,2025-09-25,"low",2025-09-25 03:42:10,2025-09-25 03:51:50,2025-09-25 03:40:40,59,-2.58046602922272,5388.55242922266,0.945541765896586,0.946954078606402,1.02717848820993e-37,4.85404718197507e-38,0.00122060409144646,2.51373162210777,1.934009,471.5693,1.934488,499.9158,1.919191,466.6616,"No issues","No issues","No issues"
591,90,2025-09-24,"high",2025-09-23 17:04:10,2025-09-23 17:14:00,2025-09-23 17:02:50,60,-0.679176260072222,2140.41331925535,0.760224390765713,0.970066046532816,1.23019400848097e-19,6.8153594146079e-46,0.000764540782917421,0.753642862124562,1.948222,446.2396,1.948676,459.5153,1.943333,443.7818,"No issues","No issues","No issues"
592,10,2025-09-24,"high",2025-09-23 17:16:30,2025-09-23 17:26:20,2025-09-23 17:15:10,60,1.37711637232563,2243.03731392054,0.924974278422507,0.97944791549953,2.60495013535583e-34,1.24604061845621e-50,0.000786135596771282,0.651268872417595,1.950119,447.1782,1.957584,459.5672,1.947308,445.1262,"No issues","No issues","No issues"
592,70,2025-09-25,"low",2025-09-25 03:54:40,2025-09-25 04:04:20,2025-09-25 03:53:10,59,-4.83876711163071,9015.39880958501,0.980356173550344,0.976464227267726,2.4165853404434e-50,4.18170772183018e-48,0.00135002271821474,2.75871135022436,1.931319,473.442,1.936642,519.3293,1.906318,461.6801,"No issues","No issues","No issues"
593,20,2025-09-24,"high",2025-09-23 17:28:50,2025-09-23 17:38:40,2025-09-23 17:27:30,60,1.49850657182549,2081.28026140595,0.880719904587823,0.977422122157217,1.84260227852372e-28,1.90526996687335e-49,0.00110537666662815,0.634041377196165,1.949723,446.489,1.959231,459.1667,1.947058,444.9431,"No issues","No issues","No issues"
593,80,2025-09-25,"low",2025-09-25 04:07:10,2025-09-25 04:16:50,2025-09-25 04:05:40,59,-6.1069691361777,12500.1125442431,0.958207900657568,0.960407375900628,5.39798814533564e-41,1.15497986178763e-41,0.00251378541257842,5.00240188807774,1.929284,481.9599,1.939328,538.6375,1.900607,457.9296,"No issues","No issues","No issues"
594,30,2025-09-24,"high",2025-09-23 17:41:10,2025-09-23 17:51:00,2025-09-23 17:39:50,60,-1.79794726979718,1985.13857138093,0.965016768277265,0.976716535024677,6.27715175631921e-44,4.6524130842222e-49,0.000686161018818749,0.614351497499454,1.945806,445.7989,1.946714,457.987,1.934888,444.6386,"No issues","No issues","No issues"
594,90,2025-09-25,"low",2025-09-25 04:19:40,2025-09-25 04:29:20,2025-09-25 04:18:10,59,-6.27420287551144,7725.61572133254,0.975873764030157,0.971433287284303,8.47563194862257e-48,1.04759364564896e-45,0.00194442760600349,2.61121121161166,1.932924,463.327,1.939859,502.5963,1.899471,453.0458,"No issues","No issues","No issues"
595,10,2025-09-25,"low",2025-09-25 04:32:10,2025-09-25 04:41:50,2025-09-25 04:30:40,59,-6.21349109526597,9441.289607481,0.983946581883366,0.983980053905275,7.65889990650817e-53,7.21647244582738e-53,0.00156429599949938,2.37440038379837,1.934845,460.9289,1.940091,513.3347,1.901424,452.9628,"No issues","No issues","No issues"
595,40,2025-09-24,"high",2025-09-23 17:53:30,2025-09-23 18:03:20,2025-09-23 17:52:10,60,3.8920688902474,2138.70555687692,0.982824842498281,0.973925299857428,6.82512887675686e-53,1.24239059270951e-47,0.0010312866076974,0.701430091346766,1.95391,447.1262,1.974863,460.4837,1.948993,446.5878,"No issues","No issues","No issues"
596,20,2025-09-25,"low",2025-09-25 04:44:40,2025-09-25 04:54:20,2025-09-25 04:43:10,59,2.75091136411447,5483.34332857977,0.971777184009721,0.980535440057578,7.41670260072902e-46,1.86076308962834e-50,0.000924014266997624,1.52272452609276,1.947227,456.7492,1.962008,485.9955,1.943876,451.4929,"No issues","No issues","No issues"
596,50,2025-09-24,"high",2025-09-23 18:05:50,2025-09-23 18:15:40,2025-09-23 18:04:30,60,3.64644850236175,2317.0020036677,0.966030605298918,0.982255575156479,2.67393612198152e-44,1.75754787975052e-52,0.00137058225166999,0.624211376248772,1.955236,447.6367,1.975205,461.5605,1.949508,446.6296,"No issues","No issues","No issues"
597,30,2025-09-25,"low",2025-09-25 04:57:10,2025-09-25 05:06:50,2025-09-25 04:55:40,59,-3.18400158971376,5329.55021765049,0.97230554991739,0.97111075277115,4.32693516532105e-46,1.44287019942533e-45,0.00105914037281566,1.81179704276101,1.938489,460.242,1.941416,487.5264,1.921675,453.7996,"No issues","No issues","No issues"
597,60,2025-09-24,"high",2025-09-23 18:18:10,2025-09-23 18:28:00,2025-09-23 18:16:50,60,17.2608167513199,3056.51227918866,0.98033093676956,0.982961911260397,3.48537372224674e-51,5.40960901132628e-53,0.00490064658341055,0.806593644620747,1.979136,451.3278,2.071989,470.2723,1.959651,449.2714,"No issues","No issues","No issues"
598,40,2025-09-25,"low",2025-09-25 05:09:40,2025-09-25 05:19:20,2025-09-25 05:08:10,59,0.514703130333077,11410.5293147867,0.949268844972049,0.977192393363575,1.35938091232825e-38,1.70690009548693e-48,0.000234522668643969,3.43590277123919,1.943717,469.5096,1.946832,529.3315,1.942793,456.552,"No issues","No issues","No issues"
598,70,2025-09-24,"high",2025-09-23 18:30:30,2025-09-23 18:40:20,2025-09-23 18:29:10,60,7.40018184606835,2805.68736560156,0.971031843735726,0.983565425367645,2.63164053983499e-46,1.90032235607257e-53,0.00256196174629347,0.726948159503191,1.967637,451.5649,2.003204,468.7311,1.95413,450.6495,"No issues","No issues","No issues"
599,50,2025-09-25,"low",2025-09-25 05:22:10,2025-09-25 05:31:50,2025-09-25 05:20:40,59,-3.96604934658102,13798.025614962,0.990832250067989,0.982553025086272,8.8821560997191e-60,8.21889087144644e-52,0.000751925273366909,3.62396732341492,1.939928,473.6447,1.940508,546.0579,1.916405,460.1922,"No issues","No issues","No issues"
599,80,2025-09-24,"high",2025-09-23 18:42:50,2025-09-23 18:52:40,2025-09-23 18:41:30,60,3.20023559433172,2763.85838644068,0.96489110660294,0.981764585938053,6.9654494927281e-44,3.87944336333251e-52,0.00122359565999584,0.755016561809388,1.95591,450.6824,1.971929,467.8488,1.949661,448.1275,"No issues","No issues","No issues"
600,60,2025-09-25,"low",2025-09-25 05:34:40,2025-09-25 05:44:20,2025-09-25 05:33:10,59,-2.70562332203399,6282.96038153124,0.974652377218313,0.97219022795755,3.46491858981376e-47,4.87123087602304e-46,0.00085999580898256,2.09446287341043,1.932067,476.0341,1.93404,508.6936,1.917004,468.5677,"No issues","No issues","No issues"
600,90,2025-09-24,"high",2025-09-23 18:55:10,2025-09-23 19:05:00,2025-09-23 18:53:50,60,-0.760001431508668,2048.27387696583,0.746719088650661,0.972250649787688,6.07889001010465e-19,7.56119512777845e-47,0.000887204164019475,0.693604451856052,1.948354,455.8362,1.949609,469.2299,1.943343,455.1942,"No issues","No issues","No issues"
601,10,2025-09-24,"high",2025-09-23 19:07:30,2025-09-23 19:17:20,2025-09-23 19:06:10,60,0.755551555432149,1957.77872342319,0.731777387763158,0.982662358490215,3.23530907667199e-18,8.96881292728741e-53,0.000916872322587701,0.521246331452588,1.949498,456.2875,1.95361,469.1412,1.947036,456.2875,"No issues","No issues","No issues"
601,70,2025-09-25,"low",2025-09-25 05:47:10,2025-09-25 05:56:50,2025-09-25 05:45:40,59,-4.93286181180599,9024.42844278199,0.979250313408709,0.974006802052384,1.15165968002486e-49,7.09778044428541e-47,0.00141528243585258,2.90572041229653,1.931552,471.5499,1.935894,519.0625,1.905033,461.6533,"No issues","No issues","No issues"
602,20,2025-09-24,"high",2025-09-23 19:19:50,2025-09-23 19:29:40,2025-09-23 19:18:30,60,0.874794118366302,2107.25989397057,0.686427972669123,0.982818295186216,3.0945018315339e-16,6.90100722236663e-53,0.00118512342544637,0.558471699298999,1.950685,455.3745,1.956483,469.0332,1.948226,454.7221,"No issues","No issues","No issues"
602,80,2025-09-25,"low",2025-09-25 05:59:40,2025-09-25 06:09:20,2025-09-25 05:58:10,59,-6.02925306838118,12269.2040247808,0.975557484477319,0.981872830352006,1.22869870111234e-47,2.44534136014241e-51,0.00188102811481314,3.28578409558108,1.931927,471.1607,1.937899,535.1772,1.900452,458.4226,"No issues","No issues","No issues"
603,30,2025-09-24,"high",2025-09-23 19:32:10,2025-09-23 19:42:00,2025-09-23 19:30:50,60,-1.5226952108919,2038.67305807169,0.909966727158515,0.979111179011833,5.19775961664111e-32,1.99658505968586e-50,0.00096003773167016,0.596863609378739,1.945218,454.771,1.947546,467.3654,1.93727,453.6078,"No issues","No issues","No issues"
603,90,2025-09-25,"low",2025-09-25 06:12:10,2025-09-25 06:21:50,2025-09-25 06:10:40,59,-4.9690927504384,6129.44576037403,0.970992625505821,0.958624980195536,1.62091542576515e-45,4.05504362596512e-41,0.0016928115157765,2.50986983618331,1.933165,462.5976,1.939207,491.8349,1.907865,451.9258,"No issues","No issues","No issues"
604,10,2025-09-25,"low",2025-09-25 06:24:40,2025-09-25 06:34:20,2025-09-25 06:23:10,59,-4.30187720865,6490.64810566919,0.972830546538515,0.972623424235382,2.5071464424147e-46,3.11331962543725e-46,0.00141698456007713,2.14630047350866,1.934436,461.5415,1.939407,493.6128,1.91254,452.1088,"No issues","No issues","No issues"
604,40,2025-09-24,"high",2025-09-23 19:44:30,2025-09-23 19:54:20,2025-09-23 19:43:10,60,2.49079004612395,1968.98244356766,0.947674895558728,0.987041150489849,7.45107181107072e-39,1.92982770003944e-56,0.00117313783964277,0.452213991485877,1.954141,457.8578,1.964588,470.9854,1.947437,457.8578,"No issues","No issues","No issues"
605,20,2025-09-25,"low",2025-09-25 06:37:10,2025-09-25 06:46:50,2025-09-25 06:35:40,59,3.4130035020455,4761.01094938631,0.988603177324559,0.974386026453805,4.39379871474861e-57,4.66801647201868e-47,0.000722275502263276,1.52144897332525,1.94625,458.8385,1.966105,481.886,1.94346,451.6935,"No issues","No issues","No issues"
605,50,2025-09-24,"high",2025-09-23 19:56:50,2025-09-23 20:06:40,2025-09-23 19:55:30,60,1.41190563601002,2050.06712709087,0.843045463407182,0.978828352785371,5.38931219110793e-25,2.94937038592966e-50,0.00122110685228735,0.604336317091732,1.955435,458.5296,1.959927,471.4379,1.948212,457.9149,"No issues","No issues","No issues"
606,30,2025-09-25,"low",2025-09-25 06:49:40,2025-09-25 06:59:20,2025-09-25 06:48:10,59,-4.21190153126829,5832.42897019287,0.988438372175349,0.978344383599787,6.61573572765458e-57,3.89448412305173e-49,0.000897838366985582,1.71030715191791,1.939634,457.5569,1.940913,488.5884,1.914886,451.3769,"No issues","No issues","No issues"
606,60,2025-09-24,"high",2025-09-23 20:09:10,2025-09-23 20:19:00,2025-09-23 20:07:50,60,13.8861059716588,2719.66234976383,0.962353266727232,0.972311129526925,5.27832146952521e-43,7.09737299536153e-47,0.00550507726992962,0.919923129226487,1.979439,462.3304,2.046013,477.8591,1.954399,460.3801,"No issues","No issues","No issues"
607,40,2025-09-25,"low",2025-09-25 07:02:10,2025-09-25 07:11:50,2025-09-25 07:00:40,59,-1.84160968790185,16041.0653063705,0.918200203908348,0.985623502001723,1.13087378712318e-32,3.29798507210804e-54,0.00108340357790037,3.81847096099055,1.941886,464.6859,1.941886,552.7928,1.931206,454.0499,"No issues","No issues","No issues"
607,70,2025-09-24,"high",2025-09-23 20:21:30,2025-09-23 20:31:20,2025-09-23 20:20:10,60,6.46366898360659,2423.49791386497,0.952334117695647,0.958814125106849,4.9730109703605e-40,7.15940916723586e-42,0.00289851005717388,1.00678362743616,1.967128,462.7789,1.995125,476.9248,1.950959,460.6518,"No issues","No issues","No issues"
608,50,2025-09-25,"low",2025-09-25 07:14:40,2025-09-25 07:24:20,2025-09-25 07:13:10,59,-1.3729717451783,9537.82279742839,0.788017166848705,0.959832432937436,7.43773867341316e-21,1.7423894467237e-41,0.00140355476549745,3.84569253526381,1.936152,477.908,1.941709,520.6205,1.931687,459.7053,"No issues","No issues","No issues"
608,80,2025-09-24,"high",2025-09-23 20:33:50,2025-09-23 20:43:40,2025-09-23 20:32:30,60,2.36602306863027,2278.87725345931,0.927423966486194,0.94810297041968,9.93468307365706e-35,5.87034508687371e-39,0.00132667024779817,1.06868813621858,1.954621,460.325,1.964347,472.6245,1.946795,456.3799,"No issues","No issues","No issues"
609,60,2025-09-25,"low",2025-09-25 07:27:10,2025-09-25 07:36:50,2025-09-25 07:25:40,59,-2.42267720864998,1388.14168649911,0.948696891427732,0.581734575445517,1.87168132721014e-38,2.21804773077876e-12,0.0011104241841517,2.31997121961571,1.931348,473.2745,1.935304,473.2745,1.920737,459.685,"No issues","No issues","No issues"
609,90,2025-09-24,"high",2025-09-23 20:46:10,2025-09-23 20:56:00,2025-09-23 20:44:50,60,-0.913400682411768,1811.61431419841,0.827706399384215,0.946435392449899,8.12319681126688e-24,1.47014398955373e-38,0.00083530351051222,0.863864801216376,1.945316,462.3989,1.946215,472.1439,1.939458,459.3445,"No issues","No issues","No issues"
610,10,2025-09-24,"high",2025-09-23 20:58:30,2025-09-23 21:08:20,2025-09-23 20:57:10,60,0.495868301194854,1705.09394120589,0.540000398750971,0.914491206018932,2.32356727695959e-11,1.16252632557075e-32,0.000917348999640823,1.04508230108478,1.94951,461.4583,1.951757,469.1001,1.946788,456.2761,"No issues","No issues","No issues"
610,70,2025-09-25,"low",2025-09-25 07:39:40,2025-09-25 07:49:20,2025-09-25 07:38:10,59,-5.52580617650502,7710.78218959674,0.986813589797529,0.955230945338423,2.80859836740751e-55,3.84211395656948e-40,0.00125900262019925,3.29017094138058,1.932067,465.9324,1.936914,506.7078,1.901657,455.9163,"No issues","No issues","No issues"
611,20,2025-09-24,"high",2025-09-23 21:10:50,2025-09-23 21:20:40,2025-09-23 21:09:30,60,0.617636845790469,1958.20299327591,0.554045934057553,0.945068328796815,9.33998313885967e-12,3.05537411121297e-38,0.00111068762255532,0.946289604610993,1.949971,461.2038,1.953882,471.0045,1.947177,457.5327,"No issues","No issues","No issues"
611,80,2025-09-25,"low",2025-09-25 07:52:10,2025-09-25 08:01:50,2025-09-25 07:50:40,59,-6.60963989246058,-131.227410403287,0.956222818687664,0.00411923269394454,2.02788897386879e-40,0.629141196934193,0.00278745202379665,4.02165975273109,1.930015,470.3311,1.94017,470.3311,1.89885,448.4512,"No issues","No issues","No issues"
612,30,2025-09-24,"high",2025-09-23 21:23:10,2025-09-23 21:33:00,2025-09-23 21:21:50,60,-1.588848706863,1730.21677577105,0.955860145346583,0.946144903598956,5.34465224606951e-41,1.72005257876143e-38,0.00068436434510238,0.827411690894935,1.943051,465.1682,1.944142,474.63,1.933655,462.135,"No issues","No issues","No issues"
612,90,2025-09-25,"low",2025-09-25 08:04:40,2025-09-25 08:14:20,2025-09-25 08:03:10,59,-4.98210021741675,5890.73983027467,0.972223993303563,0.974379163972135,4.70537502471015e-46,4.70380767302403e-47,0.00165977589318035,1.88272874303653,1.934634,457.6622,1.940057,488.2532,1.908631,450.6477,"No issues","No issues","No issues"
613,10,2025-09-25,"low",2025-09-25 08:17:10,2025-09-25 08:26:50,2025-09-25 08:15:40,59,-3.15580266978378,3089.24841145528,0.946432184639372,0.921297850498448,6.41799919953929e-38,3.75741523058719e-33,0.00147979758057957,1.77963671323709,1.937558,459.3598,1.942168,471.6487,1.921937,450.7527,"No issues","No issues","No issues"
613,40,2025-09-24,"high",2025-09-23 21:35:30,2025-09-23 21:45:20,2025-09-23 21:34:10,60,1.99179199555442,1642.04870864131,0.970190072427413,0.944373756969209,6.04185588441143e-46,4.40016568849829e-38,0.000699813937763731,0.798804500144125,1.949291,464.1117,1.959209,473.9912,1.945364,462.7486,"No issues","No issues","No issues"
614,20,2025-09-25,"low",2025-09-25 08:29:40,2025-09-25 08:39:20,2025-09-25 08:28:10,59,6.07260506370535,1052.54287784921,0.992821098456765,0.687008490640002,8.34184547584474e-63,5.28446826578332e-16,0.00101777972126142,1.40026514735008,1.948381,456.3163,1.984137,457.4698,1.945267,449.3875,"No issues","No issues","No issues"
614,50,2025-09-24,"high",2025-09-23 21:47:50,2025-09-23 21:57:40,2025-09-23 21:46:30,60,1.31484643512087,1720.27863917756,0.841835557032652,0.911216027469019,6.73825682685494e-25,3.46372672330012e-32,0.00114235841834317,1.07632137732848,1.950028,460.1382,1.95686,467.4908,1.94618,454.7301,"No issues","No issues","No issues"
615,30,2025-09-25,"low",2025-09-25 08:42:10,2025-09-25 08:51:50,2025-09-25 08:40:40,59,-2.96836213676219,2500.58319485679,0.958768048861361,0.899042657185599,3.67359196238269e-41,4.5953163554871e-30,0.00121328354251589,1.65160189011428,1.940327,456.1393,1.942762,467.7245,1.923989,450.6428,"No issues","No issues","No issues"
615,60,2025-09-24,"high",2025-09-23 22:00:10,2025-09-23 22:10:00,2025-09-23 21:58:50,60,12.5455078232842,2562.5427134204,0.967038673601117,0.934430587070635,1.11563367454033e-44,5.21088810294036e-36,0.00464253537903988,1.3606135622978,1.974387,463.7621,2.036601,476.037,1.953786,458.2309,"No issues","No issues","No issues"
616,40,2025-09-25,"low",2025-09-25 08:54:40,2025-09-25 09:04:20,2025-09-25 08:53:10,59,2.26869736060775,4848.9616551724,0.989620464605006,0.910911517685648,3.0574332263872e-58,1.29287710081085e-31,0.000457948294100539,2.98886768673082,1.941912,467.1033,1.958078,483.6652,1.941912,452.3468,"No issues","No issues","No issues"
616,70,2025-09-24,"high",2025-09-23 22:12:30,2025-09-23 22:22:20,2025-09-23 22:11:10,60,5.80616210280634,2353.7466345096,0.958503210585826,0.940083640340581,8.90563713624548e-42,3.80301418204296e-37,0.0024215094992875,1.19106573776685,1.965264,465.0047,1.991137,476.1248,1.951438,459.1349,"No issues","No issues","No issues"
617,50,2025-09-25,"low",2025-09-25 09:07:10,2025-09-25 09:16:50,2025-09-25 09:05:40,59,-2.19557953009944,3767.62763109291,0.932855019950779,0.890199621538307,4.0415571473278e-35,5.05429023697846e-29,0.0011610051004691,2.6080231712692,1.941844,469.4705,1.943846,480.5198,1.930115,454.5916,"No issues","No issues","No issues"
617,80,2025-09-24,"high",2025-09-23 22:24:50,2025-09-23 22:34:40,2025-09-23 22:23:30,60,2.19759540316761,2313.21814459574,0.930297240446162,0.958921743341088,3.07433946235099e-35,6.63592077049101e-42,0.00120572541573845,0.959660383943723,1.952936,460.8451,1.962501,473.745,1.946297,457.416,"No issues","No issues","No issues"
618,60,2025-09-25,"low",2025-09-25 09:19:40,2025-09-25 09:29:20,2025-09-25 09:18:10,59,-4.28608383401529,-4905.32707609586,0.985701366283595,0.98814685737768,2.8249642656799e-54,1.34540788042318e-56,0.00101746741404162,1.0589104520483,1.933028,460.502,1.933678,460.502,1.906943,426.8953,"No issues","No issues","No issues"
618,90,2025-09-24,"high",2025-09-23 22:37:10,2025-09-23 22:47:00,2025-09-23 22:35:50,60,-0.901391586551706,1779.64782661853,0.755570014147333,0.913992438946941,2.1546902785481e-19,1.37646971326348e-32,0.00102763749604081,1.09425273573144,1.945279,463.1325,1.947767,470.9931,1.940594,457.5352,"No issues","No issues","No issues"
619,10,2025-09-24,"high",2025-09-23 22:49:30,2025-09-23 22:59:20,2025-09-23 22:48:10,60,0.524689747152028,1759.78250047234,0.564042685029121,0.910432287725684,4.79890875016738e-12,4.47109639316546e-32,0.000924602651551907,1.10636255285529,1.94938,462.2265,1.952635,469.9576,1.947584,457.4961,"No issues","No issues","No issues"
619,70,2025-09-25,"low",2025-09-25 09:32:10,2025-09-25 09:41:50,2025-09-25 09:30:40,59,-6.80279817650497,6452.85030227936,0.972423786618559,0.964428505105253,3.82999867210264e-46,5.44630741571454e-43,0.00225793986719367,2.44260299901581,1.931127,463.7097,1.936996,497.0681,1.895191,454.8828,"No issues","No issues","No issues"
620,20,2025-09-24,"high",2025-09-23 23:01:50,2025-09-23 23:11:40,2025-09-23 23:00:30,60,0.522993435954489,2030.25353531537,0.540375494622378,0.972870154815197,2.26850156299866e-11,3.92732899371798e-47,0.0009667998195074,0.679568204049662,1.945478,475.4829,1.94769,492.0928,1.94144,475.4829,"No issues","No issues","No issues"
620,80,2025-09-25,"low",2025-09-25 09:44:40,2025-09-25 09:54:20,2025-09-25 09:43:10,59,-6.13894168088841,-10670.8732558738,0.948659000867999,0.996250279938636,1.91151793806265e-38,7.61821318002697e-71,0.00281485388616228,1.2903288659131,1.932805,452.1767,1.941364,452.1767,1.902352,383.0128,"No issues","No issues","No issues"
621,30,2025-09-24,"high",2025-09-23 23:14:10,2025-09-23 23:24:00,2025-09-23 23:12:50,60,-1.4291316210058,1617.98075109753,0.866409284507848,0.875395586093673,4.96472738157341e-27,6.55687513022791e-28,0.00112482607548046,1.2235576748784,1.943857,463.6935,1.94776,469.7188,1.937677,457.8115,"No issues","No issues","No issues"
621,90,2025-09-25,"low",2025-09-25 09:57:10,2025-09-25 10:06:50,2025-09-25 09:55:40,59,-3.99368724722389,4076.91089842195,0.964611504226102,0.912095589882355,4.70134365291614e-43,8.82419342583232e-32,0.00150769724354432,2.49460409253561,1.936193,461.0644,1.940724,480.2665,1.915612,452.8157,"No issues","No issues","No issues"
622,10,2025-09-25,"low",2025-09-25 10:09:40,2025-09-25 10:19:20,2025-09-25 10:08:10,59,-0.869911658679146,3002.56759883108,0.59780600957316,0.925182095779906,7.16817237694265e-13,8.86234914374766e-34,0.0014063650273701,1.68293448533411,1.940326,458.378,1.945575,472.0143,1.938072,451.868,"No issues","No issues","No issues"
622,40,2025-09-24,"high",2025-09-23 23:26:30,2025-09-23 23:36:20,2025-09-23 23:25:10,60,1.74288197388167,1767.47867829953,0.978645555995501,0.920506704526938,3.78480461034593e-50,1.3973407661742e-33,0.000516043076850271,1.04110016184644,1.950761,461.1969,1.959883,468.748,1.947544,455.9086,"No issues","No issues","No issues"
623,20,2025-09-25,"low",2025-09-25 10:22:10,2025-09-25 10:31:50,2025-09-25 10:20:40,59,9.32766371011101,1432.80988053767,0.991875777963028,0.843379995374502,2.83524027040206e-61,1.29084956832293e-24,0.00166387381190526,1.21698658970585,1.951762,453.7592,2.006006,460.6964,1.94669,450.633,"No issues","No issues","No issues"
623,50,2025-09-24,"high",2025-09-23 23:38:50,2025-09-23 23:48:40,2025-09-23 23:37:30,60,0.924002987496629,1776.25263550987,0.7282255807171,0.946643430469656,4.74906268256017e-18,1.31311576330229e-38,0.00113143929084751,0.845263333617185,1.950624,463.2609,1.955923,472.7766,1.947945,460.6419,"No issues","No issues","No issues"
624,30,2025-09-25,"low",2025-09-25 10:34:40,2025-09-25 10:44:20,2025-09-25 10:33:10,59,-2.30843227118647,2530.01206499122,0.946184052632263,0.852254463745957,7.32243678560265e-38,2.43615885076543e-25,0.00108510078189343,2.07625356305758,1.943848,458.2618,1.94502,469.7303,1.930312,451.1041,"No issues","No issues","No issues"
624,60,2025-09-24,"high",2025-09-23 23:51:10,2025-09-24 00:01:00,2025-09-23 23:49:50,60,12.0626912275632,2464.78590275078,0.970028762248261,0.929550728317616,7.06600942084793e-46,4.18879833940799e-35,0.00425001832454436,1.36008942939561,1.972949,464.2391,2.033847,475.5394,1.954329,458.8085,"No issues","No issues","No issues"
625,40,2025-09-25,"low",2025-09-25 10:47:10,2025-09-25 10:56:50,2025-09-25 10:45:40,59,6.30782262536523,3723.39234599649,0.995857213030918,0.879558259482225,1.30559332608113e-69,7.09754859907724e-28,0.000801885744949564,2.71569044337545,1.946907,461.4219,1.985677,476.7199,1.94405,451.7612,"No issues","No issues","No issues"
625,70,2025-09-24,"high",2025-09-24 00:03:30,2025-09-24 00:13:20,2025-09-24 00:02:10,60,5.58082542928595,2368.83821061407,0.962027403629465,0.933632291206696,6.77818970783735e-43,7.40459157341209e-36,0.00222242145225191,1.26593800471987,1.964101,463.8571,1.989758,475.4029,1.951317,458.7839,"No issues","No issues","No issues"
626,50,2025-09-25,"low",2025-09-25 10:59:40,2025-09-25 11:09:20,2025-09-25 10:58:10,59,-1.05966393454127,1369.83680374049,0.635378976304055,0.72458474573454,4.25540101677848e-14,1.34572164457625e-17,0.00158218711229805,1.66457546352347,1.943239,460.4939,1.94636,464.2672,1.937474,453.0109,"No issues","No issues","No issues"
626,80,2025-09-24,"high",2025-09-24 00:15:50,2025-09-24 00:25:40,2025-09-24 00:14:30,60,2.09399270464019,2429.49278710755,0.925479972051352,0.951806250324377,2.14045938795463e-34,6.84612730160852e-40,0.00119100809767777,1.09577970966,1.952446,467.9016,1.961507,482.1673,1.945654,464.3329,"No issues","No issues","No issues"
627,90,2025-09-24,"high",2025-09-24 00:28:10,2025-09-24 00:38:00,2025-09-24 00:26:50,60,-1.39381589108079,2463.60916787998,0.992941294372985,0.95848735190226,4.29405912640793e-64,9.00493860002543e-42,0.000235555212270984,1.02767406181748,1.944724,463.3294,1.944724,476.891,1.935586,460.0496,"No issues","No issues","No issues"
628,10,2025-09-24,"high",2025-09-24 00:40:30,2025-09-24 00:50:20,2025-09-24 00:39:10,60,0.138592417893841,2305.60608613505,0.310804726051458,0.894267923663449,3.70864132665578e-06,5.54325239067005e-30,0.000413669372690524,1.58906338725785,1.947037,464.4488,1.94735,472.8036,1.945242,456.6129,"No issues","No issues","No issues"
628,70,2025-09-25,"low",2025-09-25 13:25:40,2025-09-25 13:35:20,2025-09-25 13:24:10,59,-5.92550237288147,7293.58784710695,0.987326402392722,0.990839873319453,9.06610335312449e-56,8.67401848448157e-60,0.00132321377830692,1.38221460306852,1.932241,467.0855,1.932528,508.6601,1.896471,460.5747,"No issues","No issues","No issues"
629,20,2025-09-24,"high",2025-09-24 00:52:50,2025-09-24 01:02:40,2025-09-24 00:51:30,60,-0.0406617749374477,2287.62545151432,0.108239109293429,0.870880007342983,0.0102677849181573,1.84552298468835e-27,0.000233940275007856,1.76558676068441,1.947292,465.0448,1.947292,473.1656,1.945714,456.2389,"No issues","No issues","No issues"
629,80,2025-09-25,"low",2025-09-25 13:38:10,2025-09-25 13:47:50,2025-09-25 13:36:40,59,-5.81979694681477,-7425.89972647576,0.945138874319154,0.959127132169238,1.2675591014124e-37,2.8625123071113e-41,0.00276361558319948,3.02143881544793,1.93529,450.6261,1.940994,451.3983,1.903662,407.5503,"No issues","No issues","No issues"
630,30,2025-09-24,"high",2025-09-24 01:05:10,2025-09-24 01:15:00,2025-09-24 01:03:50,60,-1.98285911419838,2916.28666362879,0.978098019709104,0.938154221289717,7.88894998381712e-50,9.54405582547455e-37,0.000594742422933161,1.50084098935216,1.943518,460.1672,1.944611,473.3524,1.932387,453.6318,"No issues","No issues","No issues"
630,90,2025-09-25,"low",2025-09-25 13:50:40,2025-09-25 14:00:20,2025-09-25 13:49:10,59,-6.13024360958508,6792.58853442429,0.98784555425399,0.967938835404643,2.75178770309513e-56,2.8141053696585e-44,0.00134025070582738,2.4366112979665,1.935868,464.087,1.935889,496.477,1.899239,452.8028,"No issues","No issues","No issues"
631,10,2025-09-25,"low",2025-09-25 14:03:10,2025-09-25 14:12:50,2025-09-25 14:01:40,59,-2.40775187375815,3817.16371525424,0.946165576377355,0.963498877753057,7.39449356034463e-38,1.13663515713097e-42,0.00113199223584529,1.46437917944252,1.939486,457.8009,1.939486,479.8962,1.923753,453.1531,"No issues","No issues","No issues"
631,40,2025-09-24,"high",2025-09-24 01:17:30,2025-09-24 01:27:20,2025-09-24 01:16:10,60,1.33895441178104,3163.58638999722,0.949004912877732,0.947840223434597,3.52901624161076e-39,6.79712305257616e-39,0.000622131637251715,1.48753279792832,1.948785,460.5452,1.954816,477.3308,1.945614,455.8979,"No issues","No issues","No issues"
632,20,2025-09-25,"low",2025-09-25 14:15:40,2025-09-25 14:25:20,2025-09-25 14:14:10,59,16.5346507819988,1444.03950718875,0.98674980547581,0.478336058377337,3.2227740622871e-55,1.31877685554549e-09,0.00377648605786947,2.97230369005986,1.957769,461.0322,2.049862,461.0322,1.944458,447.9664,"No issues","No issues","No issues"
632,50,2025-09-24,"high",2025-09-24 01:29:50,2025-09-24 01:39:40,2025-09-24 01:28:30,60,0.507309879410924,3213.19187329812,0.855576513972893,0.966805116761911,4.79190255366993e-26,1.36930364010457e-44,0.000417781651454631,1.1934090317903,1.94801,462.9997,1.949556,479.6958,1.945149,458.2753,"No issues","No issues","No issues"
633,30,2025-09-25,"low",2025-09-25 14:28:10,2025-09-25 14:37:50,2025-09-25 14:26:40,59,-2.50206673991824,2870.33186861483,0.968875138804335,0.878387996672352,1.20861903687947e-44,9.3555628687073e-28,0.000883901664891271,2.1050498966118,1.944088,457.1292,1.944088,469.0551,1.924136,448.8047,"No issues","No issues","No issues"
633,60,2025-09-24,"high",2025-09-24 01:42:10,2025-09-24 01:52:00,2025-09-24 01:40:50,60,12.2382997677133,3943.57488546821,0.971551659361331,0.979908471392101,1.5561834727544e-46,6.45638734393485e-51,0.00419762043419639,1.13185393207269,1.968227,470.3601,2.031536,493.6516,1.951675,467.9013,"No issues","No issues","No issues"
634,40,2025-09-25,"low",2025-09-25 14:40:40,2025-09-25 14:50:20,2025-09-25 14:39:10,59,7.23956961776732,6813.81814050262,0.982180176250911,0.949175878016641,1.5018132022163e-51,1.43226377905031e-38,0.00192200328313406,3.10768785547453,1.949191,461.4812,1.987893,492.3421,1.939962,449.6796,"No issues","No issues","No issues"
634,70,2025-09-24,"high",2025-09-24 01:54:30,2025-09-24 02:04:20,2025-09-24 01:53:10,60,6.25442373992774,3682.80741806059,0.95556858780114,0.986096406262829,6.46994701598384e-41,1.48585872425431e-55,0.00270326104082741,0.876535305813252,1.96074,473.6533,1.989802,495.6794,1.948098,471.5932,"No issues","No issues","No issues"
635,50,2025-09-25,"low",2025-09-25 14:53:10,2025-09-25 15:02:50,2025-09-25 14:51:40,59,-0.891459646990135,5329.88036563412,0.75619383963852,0.960087441246721,4.08518510164971e-19,1.45298059829366e-41,0.000997683329366388,2.14191438955989,1.941128,462.8701,1.941128,487.6557,1.932443,455.0283,"No issues","No issues","No issues"
635,80,2025-09-24,"high",2025-09-24 02:06:50,2025-09-24 02:16:40,2025-09-24 02:05:30,60,1.95966339094194,3637.53033709365,0.960534522735225,0.962551862570335,2.07541148665249e-42,4.52728044777979e-43,0.000796196433142492,1.43812363387499,1.950718,466.8806,1.959564,486.7863,1.946101,462.5703,"No issues","No issues","No issues"
636,60,2025-09-25,"low",2025-09-25 15:05:40,2025-09-25 15:15:20,2025-09-25 15:04:10,59,-3.61314296668621,-3160.81568766804,0.930330923761372,0.92689554442896,1.15843354927791e-34,4.57513035278186e-34,0.0019488198761076,1.7496088021688,1.931709,453.8801,1.932926,453.8801,1.909811,431.4035,"No issues","No issues","No issues"
636,90,2025-09-24,"high",2025-09-24 02:19:10,2025-09-24 02:29:00,2025-09-24 02:17:50,60,-1.30907523200888,2811.99780650181,0.976275210966849,0.9722995574157,8.02159549276886e-49,7.18394019813224e-47,0.000409040407521314,0.951359907726508,1.942187,471.6299,1.942976,487.6438,1.934667,468.7025,"No issues","No issues","No issues"
637,10,2025-09-24,"high",2025-09-24 02:31:30,2025-09-24 02:41:20,2025-09-24 02:30:10,60,0.463535399833325,2457.0705195888,0.735959826794097,0.96619518478857,2.04548769730329e-18,2.3224549133764e-44,0.000556515691913377,0.9212150570253,1.946641,466.8749,1.950127,481.4219,1.945965,465.2262,"No issues","No issues","No issues"
637,70,2025-09-25,"low",2025-09-25 15:18:10,2025-09-25 15:27:50,2025-09-25 15:16:40,59,-5.022425435418,4878.78652109875,0.965260559082771,0.946630416422029,2.77307507234008e-43,5.77387474682878e-38,0.00187796669564268,2.28325149913856,1.927235,460.9476,1.931656,482.085,1.90098,451.3133,"No issues","No issues","No issues"
638,20,2025-09-24,"high",2025-09-24 02:43:50,2025-09-24 02:53:40,2025-09-24 02:42:30,60,0.134731665462642,2428.26945529314,0.439285832624595,0.965996024934642,7.97402389889941e-09,2.75405796314854e-44,0.000305107864526663,0.913188870084477,1.947435,471.2157,1.948368,484.8466,1.946673,468.3443,"No issues","No issues","No issues"
638,80,2025-09-25,"low",2025-09-25 15:30:40,2025-09-25 15:40:20,2025-09-25 15:29:10,59,-5.62062651548814,-1082.03870672122,0.934526956394527,0.786432973543078,1.96820295803799e-35,9.20480262477323e-21,0.00293227928862172,1.1113843998162,1.926334,444.5892,1.934835,448.4698,1.898233,439.7928,"No issues","No issues","No issues"
639,30,2025-09-24,"high",2025-09-24 02:56:10,2025-09-24 03:06:00,2025-09-24 02:54:50,60,-1.61137968546814,2690.53208202279,0.937996092028712,0.978563572895555,1.02784897061859e-36,4.22981035089348e-50,0.000830411699165099,0.798190236124414,1.942887,466.7922,1.94573,483.0949,1.935176,465.2887,"No issues","No issues","No issues"
639,90,2025-09-25,"low",2025-09-25 15:43:10,2025-09-25 15:52:50,2025-09-25 15:41:40,59,-4.35529927293989,4426.41228007013,0.941682070427199,0.915231106408851,7.24520756893838e-37,3.12891667082881e-32,0.00213625039977993,2.65515567738909,1.929984,457.6031,1.935432,476.3885,1.907744,447.2095,"No issues","No issues","No issues"
640,10,2025-09-25,"low",2025-09-25 15:55:40,2025-09-25 15:59:50,2025-09-25 15:54:10,26,-1.0959271384615,2827.3630523077,0.42851918984839,0.583644594786627,0.000285260497772772,5.57910654607235e-06,0.00109861339698233,2.07294113156894,1.933964,453.3656,1.935823,456.9265,1.930604,446.5112,"No issues","No issues","No issues"
640,10,2025-09-26,"low",2025-09-25 16:00:00,2025-09-25 16:05:20,2025-09-25 15:54:10,33,-2.74282171122998,4250.92129411762,0.997165388786408,0.994516061489583,4.64499989148206e-41,1.2876977633016e-36,0.000161165029930844,0.347883262119591,1.930387,456.8061,1.930387,472.3856,1.920218,456.8061,"No issues","No issues","No issues"
640,40,2025-09-24,"high",2025-09-24 03:08:30,2025-09-24 03:18:20,2025-09-24 03:07:10,60,1.62447796387886,2760.40826807445,0.983679993565487,0.970345097777792,1.55130329386014e-53,5.19360058970778e-46,0.000419405021394887,0.967263984818726,1.948026,467.3079,1.956959,482.4422,1.946058,463.3713,"No issues","No issues","No issues"
641,20,2025-09-26,"low",2025-09-25 16:08:10,2025-09-25 16:17:50,2025-09-25 16:06:40,59,14.3655340923436,3817.55582279367,0.988179669602613,0.981722267030175,1.24318574518741e-56,3.09565832756401e-51,0.0030967338707788,1.0266856597999,1.956549,449.2331,2.035922,469.9564,1.943516,445.3566,"No issues","No issues","No issues"
641,50,2025-09-24,"high",2025-09-24 03:20:50,2025-09-24 03:30:40,2025-09-24 03:19:30,60,0.409846166157281,2500.97194642957,0.560444117910134,0.91269671419455,6.1092560766938e-12,2.12514375469288e-32,0.000727525675866155,1.55041310011322,1.947365,468.1275,1.94949,479.9636,1.945741,462.0581,"No issues","No issues","No issues"
642,30,2025-09-26,"low",2025-09-25 16:20:40,2025-09-25 16:30:20,2025-09-25 16:19:10,59,-2.71018722150791,4140.54321075393,0.986891359897347,0.979232908324273,2.37278440555102e-55,1.17952144463544e-49,0.000615642646403757,1.1884677951273,1.939523,450.4771,1.939523,472.1118,1.920958,444.5979,"No issues","No issues","No issues"
642,60,2025-09-24,"high",2025-09-24 03:33:10,2025-09-24 03:43:00,2025-09-24 03:31:50,60,11.4011994798555,3184.36766657407,0.965571937750704,0.890399280633963,3.94610803509669e-44,1.57493965462016e-29,0.00431520144160639,2.23936076823498,1.96947,471.0212,2.025722,483.6859,1.950624,459.7217,"No issues","No issues","No issues"
643,40,2025-09-26,"low",2025-09-25 16:33:10,2025-09-25 16:42:50,2025-09-25 16:31:40,59,4.82551069549966,9412.74438059613,0.984364569957352,0.986266726894266,3.61021674579035e-53,8.94455867027353e-55,0.0011986860950522,2.18922983815902,1.943335,455.2528,1.969603,508.1134,1.937759,448.994,"No issues","No issues","No issues"
643,70,2025-09-24,"high",2025-09-24 03:45:30,2025-09-24 03:55:20,2025-09-24 03:44:10,60,5.7859288024452,3233.59499683248,0.959561424001912,0.879769237568787,4.208167781434e-42,2.32080373200098e-28,0.00238079049439563,2.39604845522253,1.96071,466.1936,1.987422,477.349,1.948175,454.6723,"No issues","No issues","No issues"
644,50,2025-09-26,"low",2025-09-25 16:45:40,2025-09-25 16:55:20,2025-09-25 16:44:10,59,-0.552162150788997,9145.68738375218,0.546562398064696,0.98876809962119,2.28094582381859e-11,2.89991020849352e-57,0.00099126730230286,1.92123728806142,1.938239,458.8195,1.939302,509.9292,1.934337,452.7555,"No issues","No issues","No issues"
644,80,2025-09-24,"high",2025-09-24 03:57:50,2025-09-24 04:07:40,2025-09-24 03:56:30,60,2.6167482345096,3094.75951141984,0.950835661048366,0.894391467290476,1.22119184728175e-39,5.35810169382754e-30,0.0011926715753597,2.13156776982645,1.95,462.4327,1.963309,474.2538,1.944517,452.2127,"No issues","No issues","No issues"
645,60,2025-09-26,"low",2025-09-25 16:58:10,2025-09-25 17:07:50,2025-09-25 16:56:40,59,-2.97147677849215,4079.45815827002,0.960723632169286,0.973135752209875,9.1884201251909e-42,1.81671479313717e-46,0.00118419717198182,1.33594435014893,1.92771,453.7975,1.929828,482.8129,1.911264,453.7975,"No issues","No issues","No issues"
645,90,2025-09-24,"high",2025-09-24 04:10:10,2025-09-24 04:20:00,2025-09-24 04:08:50,60,-1.24007550541811,2215.34007624341,0.930936222528205,0.814535885422618,2.35298068837482e-35,6.931106784952e-23,0.00067701748763122,2.11885772422703,1.941905,464.1399,1.942987,469.7593,1.935106,452.8821,"No issues","No issues","No issues"
646,10,2025-09-24,"high",2025-09-24 04:22:30,2025-09-24 04:32:20,2025-09-24 04:21:10,60,0.151699578771895,2410.05192286747,0.240364195434818,0.798926684766783,6.99787552540382e-05,7.28745280537876e-22,0.000540553592572845,2.42346478104625,1.946392,462.7753,1.946569,467.494,1.94391,450.2054,"No issues","No issues","No issues"
646,70,2025-09-26,"low",2025-09-25 17:10:40,2025-09-25 17:20:20,2025-09-25 17:09:10,59,-4.40134476680306,6379.94879999998,0.943643857353004,0.985413804770129,2.72948825957143e-37,4.98341836645703e-54,0.00212000661889768,1.52990385853264,1.927971,457.7014,1.933699,491.6158,1.90582,451.7268,"No issues","No issues","No issues"
647,20,2025-09-24,"high",2025-09-24 04:34:50,2025-09-24 04:44:40,2025-09-24 04:33:30,60,-0.157638108363445,2283.50451480967,0.336813130935478,0.86638792731991,1.17174308635563e-06,4.98785577474186e-27,0.000443375023687547,1.79744283421594,1.946185,460.3777,1.946653,466.9877,1.944556,450.2033,"No issues","No issues","No issues"
647,80,2025-09-26,"low",2025-09-25 17:23:10,2025-09-25 17:32:50,2025-09-25 17:21:40,59,-4.55212968322627,7248.01273080069,0.900959419826049,0.996796932398698,2.65836887933377e-30,8.53895875994563e-73,0.00297477316504718,0.809811444156031,1.927309,447.5537,1.936231,494.4727,1.905651,447.5537,"No issues","No issues","No issues"
648,30,2025-09-24,"high",2025-09-24 04:47:10,2025-09-24 04:57:00,2025-09-24 04:45:50,60,-2.08468003778828,2601.16483378717,0.974165481327459,0.878256003968162,9.49854183144706e-48,3.33829572745987e-28,0.000680471255617858,1.94118820761643,1.941973,459.6786,1.944031,467.6462,1.930756,449.6448,"No issues","No issues","No issues"
648,90,2025-09-26,"low",2025-09-25 17:35:40,2025-09-25 17:45:20,2025-09-25 17:34:10,59,-4.09146316306262,5132.72889678548,0.956192975590425,0.977229087616119,2.06769063162587e-40,1.6303119027067e-48,0.00172608828415941,1.54427843194589,1.931666,454.1871,1.935448,482.3537,1.909767,449.3755,"No issues","No issues","No issues"
649,10,2025-09-26,"low",2025-09-25 17:48:10,2025-09-25 17:57:50,2025-09-25 17:46:40,59,-1.70426903565168,4280.39491665692,0.836620092163048,0.984464720093911,4.32084803138105e-24,3.00590756040306e-53,0.00148442612196904,1.05981133183184,1.933681,452.5646,1.937837,476.7261,1.925659,449.122,"No issues","No issues","No issues"
649,40,2025-09-24,"high",2025-09-24 04:59:30,2025-09-24 05:09:20,2025-09-24 04:58:10,60,1.27933937204787,2935.4464097805,0.968767414260036,0.909660406840356,2.33690827268978e-45,5.73672897203323e-32,0.000460433095470864,1.85421518353719,1.947748,458.5652,1.954617,469.3433,1.945275,448.7824,"No issues","No issues","No issues"
650,20,2025-09-26,"low",2025-09-25 18:00:40,2025-09-25 18:10:20,2025-09-25 17:59:10,59,10.0840227422559,4737.07784640559,0.962711992694648,0.980811769676556,2.0882696215885e-42,1.23781717759825e-50,0.00391160929509229,1.30593152334044,1.962729,456.2187,2.011052,481.9401,1.945626,452.7027,"No issues","No issues","No issues"
650,50,2025-09-24,"high",2025-09-24 05:11:50,2025-09-24 05:21:40,2025-09-24 05:10:30,60,0.544120744651336,2371.62142372881,0.561219609717016,0.868920752894732,5.80049679958481e-12,2.85932113404666e-27,0.000964359643862389,1.846327791375,1.946702,460.1703,1.950261,467.9691,1.944869,451.2075,"No issues","No issues","No issues"
651,30,2025-09-26,"low",2025-09-25 18:13:10,2025-09-25 18:22:50,2025-09-25 18:11:40,59,-2.17673968439512,4604.71047106954,0.949448751485992,0.997622411736541,1.22837185081712e-38,1.74780012804666e-76,0.000989969764709188,0.443070474652711,1.935844,462.5789,1.935922,491.734,1.922161,461.8351,"No issues","No issues","No issues"
651,60,2025-09-24,"high",2025-09-24 05:24:10,2025-09-24 05:34:00,2025-09-24 05:22:50,60,12.4349237454849,3520.26911653239,0.979121156478874,0.96337288877906,1.96910333371048e-50,2.37935673416252e-43,0.00363969243969905,1.37583561322091,1.965462,458.2452,2.031101,475.0779,1.950043,451.1017,"No issues","No issues","No issues"
652,40,2025-09-26,"low",2025-09-25 18:25:40,2025-09-25 18:35:20,2025-09-25 18:24:10,59,3.60114190064282,7793.34150508474,0.976399651759957,0.988699526970412,4.52148507634095e-48,3.44933545944786e-57,0.00110349631955415,1.64219646272789,1.940866,480.7104,1.958718,526.2629,1.934927,477.4637,"No issues","No issues","No issues"
652,70,2025-09-24,"high",2025-09-24 05:36:30,2025-09-24 05:46:20,2025-09-24 05:35:10,60,6.41702954820781,3971.66895337595,0.978558021159631,0.976390185109795,4.26170588019342e-50,6.96710761821192e-49,0.00190396840746532,1.23792458569902,1.958645,456.7222,1.992179,478.3531,1.948374,451.8754,"No issues","No issues","No issues"
653,50,2025-09-26,"low",2025-09-25 18:38:10,2025-09-25 18:47:50,2025-09-25 18:36:40,59,-0.655209426066673,7484.05692483927,0.621120595858531,0.965855028768985,1.28352642567639e-13,1.69509684413485e-43,0.00100862081584895,2.77351003474295,1.935239,488.1296,1.936259,528.9335,1.930496,480.95,"No issues","No issues","No issues"
653,80,2025-09-24,"high",2025-09-24 05:48:50,2025-09-24 05:58:40,2025-09-24 05:47:30,60,2.23755906418454,3497.31526046126,0.959532092237523,0.96648721611091,4.2976543368565e-42,1.80555273202846e-44,0.000921057385567279,1.30535469866519,1.950989,456.2795,1.962597,473.4655,1.946603,450.589,"No issues","No issues","No issues"
654,60,2025-09-26,"low",2025-09-25 18:50:40,2025-09-25 19:00:20,2025-09-25 18:49:10,59,-3.00020338983056,6765.31936130916,0.906986426543249,0.998917033343333,4.42706787209769e-31,3.22741769132373e-86,0.00189368929835857,0.43905243730395,1.92407,488.4212,1.928955,532.9362,1.909144,488.4212,"No issues","No issues","No issues"
654,90,2025-09-24,"high",2025-09-24 06:01:10,2025-09-24 06:11:00,2025-09-24 05:59:50,60,-1.3039373248124,2378.05309830509,0.947683261428284,0.96111809803057,7.41656985222877e-39,1.3469485279491e-42,0.000614089965716216,0.958723732730242,1.944078,457.2924,1.944879,469.4982,1.936624,453.6167,"No issues","No issues","No issues"
655,10,2025-09-24,"high",2025-09-24 06:13:30,2025-09-24 06:23:20,2025-09-24 06:12:10,60,0.547298267296456,2904.32003556545,0.574963958225356,0.966290612814922,2.27866356161719e-12,2.13955288646117e-44,0.000943198712861912,1.08730798419811,1.94526,454.2145,1.94995,468.52,1.94526,448.7096,"No issues","No issues","No issues"
655,70,2025-09-26,"low",2025-09-25 19:03:10,2025-09-25 19:12:50,2025-09-25 19:01:40,59,-3.94286071770901,6078.89363039158,0.921529983797306,0.998872122900708,3.45362526432038e-33,1.02753202614819e-85,0.00226774296431285,0.402611099357954,1.929065,491.1274,1.935226,531.7904,1.909852,491.1274,"No issues","No issues","No issues"
656,20,2025-09-24,"high",2025-09-24 06:25:50,2025-09-24 06:35:40,2025-09-24 06:24:30,60,-0.236655337593742,2443.55171636568,0.419971326774533,0.980997827256082,2.17412182054516e-08,1.28137035134534e-51,0.000557465215131554,0.68167238539441,1.945348,456.3438,1.946776,470.7134,1.944218,453.9894,"No issues","No issues","No issues"
656,80,2025-09-26,"low",2025-09-25 19:15:40,2025-09-25 19:25:20,2025-09-25 19:14:10,59,-4.09394104032737,8356.26467235533,0.862651454091183,0.998240180189001,3.02692494606859e-26,3.29845984016569e-80,0.00321974289782336,0.69153477065932,1.929584,491.1953,1.940346,546.2391,1.911999,491.1953,"No issues","No issues","No issues"
657,30,2025-09-24,"high",2025-09-24 06:38:10,2025-09-24 06:48:00,2025-09-24 06:36:50,60,-2.01859280022233,2494.34144862463,0.968189922365276,0.966435982566036,3.97661512293473e-45,1.88738640193012e-44,0.000733394018068016,0.931736018760903,1.942137,454.8886,1.944593,467.8134,1.931777,451.5901,"No issues","No issues","No issues"
657,90,2025-09-26,"low",2025-09-25 19:28:10,2025-09-25 19:37:50,2025-09-25 19:26:40,59,-3.40477101110472,4203.25340128577,0.914368446524556,0.996741286884033,4.17748131638838e-32,1.39507420882654e-72,0.00205366433550415,0.473699220304166,1.934277,497.0666,1.941723,525.5247,1.919246,497.0666,"No issues","No issues","No issues"
658,10,2025-09-26,"low",2025-09-25 19:40:40,2025-09-25 19:50:20,2025-09-25 19:39:10,59,-1.41499214026883,4185.03804932787,0.704255251032827,0.968085477447317,1.0383138240834e-16,2.46925965947105e-44,0.00180731044389601,1.49769020873554,1.939922,504.9401,1.947115,540.3783,1.936143,504.9401,"No issues","No issues","No issues"
658,40,2025-09-24,"high",2025-09-24 06:50:30,2025-09-24 07:00:20,2025-09-24 06:49:10,60,1.23518630730763,2729.87089747153,0.982511112137744,0.938392788097915,1.15387911354053e-52,8.53105999690556e-37,0.000330317351391408,1.40201323424966,1.948306,457.3926,1.955172,469.4191,1.946689,451.5197,"No issues","No issues","No issues"
659,20,2025-09-26,"low",2025-09-25 19:53:10,2025-09-25 20:02:50,2025-09-25 19:51:40,59,9.037833369959,3769.97396423145,0.963992205377491,0.921424715039934,7.71058869101177e-43,3.58833062715999e-33,0.00344279439104834,2.16988471835777,1.960354,499.9509,2.004475,521.3173,1.946233,496.0773,"No issues","No issues","No issues"
659,50,2025-09-24,"high",2025-09-24 07:02:50,2025-09-24 07:12:40,2025-09-24 07:01:30,60,-0.0307198933036848,2384.76497871632,0.00789483389133902,0.954733667979086,0.499605546245912,1.11059158451706e-40,0.00069026144766432,1.04082730373531,1.947478,455.1305,1.948897,467.1785,1.946093,451.1619,"No issues","No issues","No issues"
660,30,2025-09-26,"low",2025-09-25 20:05:40,2025-09-25 20:15:20,2025-09-25 20:04:10,59,-2.28507851782587,3788.77684628871,0.944301109649477,0.949979655672038,1.95315189367259e-37,9.0893811851045e-39,0.00109384152310048,1.71356455128171,1.934057,481.5404,1.935719,499.0173,1.921036,474.5874,"No issues","No issues","No issues"
660,60,2025-09-24,"high",2025-09-24 07:15:10,2025-09-24 07:25:00,2025-09-24 07:13:50,60,12.7827016304529,3535.93173926093,0.986926279487005,0.958018181189928,2.49283025075179e-56,1.24774815021551e-41,0.00294894349635177,1.4836592877499,1.960224,456.7698,2.032308,474.0611,1.950253,451.0597,"No issues","No issues","No issues"
661,40,2025-09-26,"low",2025-09-25 20:18:10,2025-09-25 20:27:50,2025-09-25 20:16:40,59,2.13167130333138,6232.15516165984,0.953130293668715,0.941426600098485,1.42098394068428e-39,8.20748742796351e-37,0.000931698668561231,3.06394170446185,1.940076,488.5503,1.949067,518.2214,1.934528,477.2031,"No issues","No issues","No issues"
661,70,2025-09-24,"high",2025-09-24 07:27:30,2025-09-24 07:37:20,2025-09-24 07:26:10,60,4.00880659738815,3490.00935904418,0.933615874889904,0.970789410044292,7.45795425926214e-36,3.35153432946975e-46,0.00214264226019606,1.21344696149663,1.96035,458.2703,1.976277,475.9318,1.948348,452.8547,"No issues","No issues","No issues"
662,50,2025-09-26,"low",2025-09-25 20:30:40,2025-09-25 20:40:20,2025-09-25 20:29:10,59,-0.521751976621879,6896.43047761542,0.526303024774658,0.955856600947444,8.06955319073118e-11,2.57179722879793e-40,0.000975622330938186,2.92109803494285,1.934858,485.0807,1.937021,516.5529,1.93192,471.2798,"No issues","No issues","No issues"
662,80,2025-09-24,"high",2025-09-24 07:39:50,2025-09-24 07:49:40,2025-09-24 07:38:30,60,1.59984352097809,4778.22301217006,0.941997590967497,0.979475166711877,1.48190248843329e-37,1.19898967666982e-50,0.000795723500359208,1.38642403201406,1.951579,457.2525,1.958485,482.4617,1.946992,451.1887,"No issues","No issues","No issues"
663,60,2025-09-26,"low",2025-09-25 20:43:10,2025-09-25 20:52:50,2025-09-25 20:41:40,59,-2.9053971899475,5530.79990461718,0.863436448039981,0.877166507086696,2.56961369676771e-26,1.24468882092091e-27,0.0022774192221676,4.07934638537931,1.923719,493.6674,1.932214,510.6777,1.912089,473.0853,"No issues","No issues","No issues"
663,90,2025-09-24,"high",2025-09-24 07:52:10,2025-09-24 08:02:00,2025-09-24 07:50:50,60,-1.70971940205611,2952.4429630453,0.982873219731435,0.957968539770164,6.28891113989945e-53,1.29128295423822e-41,0.000452376993448254,1.23959464075827,1.944495,455.5764,1.946069,469.4848,1.934888,449.6739,"No issues","No issues","No issues"
664,10,2025-09-24,"high",2025-09-24 08:04:30,2025-09-24 08:14:20,2025-09-24 08:03:10,60,0.799367806613044,2729.42317310364,0.767711175421585,0.952104859799243,4.87991537906226e-20,5.71610818703665e-40,0.000881350059996395,1.22704577878061,1.947781,457.6224,1.953899,470.5359,1.947296,452.2344,"No issues","No issues","No issues"
664,70,2025-09-26,"low",2025-09-25 20:55:40,2025-09-25 21:05:20,2025-09-25 20:54:10,59,-4.53840869666859,6322.51794739916,0.958531825149191,0.943571772031714,4.32366485288074e-41,2.8308644320267e-37,0.00186055730729927,3.04744631314816,1.930327,478.0295,1.935114,503.7884,1.906987,462.261,"No issues","No issues","No issues"
665,20,2025-09-24,"high",2025-09-24 08:16:50,2025-09-24 08:26:40,2025-09-24 08:15:30,60,-0.401459916643472,2626.25463517644,0.874836370925162,0.972515861422243,7.46839588886607e-28,5.72246681945961e-47,0.000304371795467975,0.884944649767109,1.946813,456.0876,1.947687,470.2267,1.944877,453.6497,"No issues","No issues","No issues"
665,80,2025-09-26,"low",2025-09-25 21:08:10,2025-09-25 21:17:50,2025-09-25 21:06:40,59,-4.53507540385745,7898.65876236117,0.902085118963075,0.923809983637384,1.91807976559307e-30,1.48866320079718e-33,0.00294489869676797,4.47091399956985,1.930047,483.6037,1.938583,515.5493,1.908501,462.8222,"No issues","No issues","No issues"
666,30,2025-09-24,"high",2025-09-24 08:29:10,2025-09-24 08:39:00,2025-09-24 08:27:50,60,-1.89534880577941,2541.8627689914,0.96301682201075,0.951506557895959,3.15052054569289e-43,8.19572733095617e-40,0.000744493449416198,1.15020240355316,1.943732,458.0577,1.946197,470.1719,1.933839,452.3897,"No issues","No issues","No issues"
666,90,2025-09-26,"low",2025-09-25 21:20:40,2025-09-25 21:30:20,2025-09-25 21:19:10,59,-5.8285854073642,5669.23022700175,0.972965946483929,0.879988947841954,2.17426832217285e-46,6.40717230490005e-28,0.00191494006428815,4.12649538071937,1.934047,474.1725,1.938699,491.5808,1.902501,453.3507,"No issues","No issues","No issues"
667,10,2025-09-26,"low",2025-09-25 21:33:10,2025-09-25 21:42:50,2025-09-25 21:31:40,59,-3.01327700759794,3992.03029620104,0.963854446912232,0.809384410344167,8.59766474429746e-43,3.55482453289215e-22,0.00115012759561303,3.81839520434207,1.93765,474.5314,1.939771,480.8895,1.921207,452.7321,"No issues","No issues","No issues"
667,40,2025-09-24,"high",2025-09-24 08:41:30,2025-09-24 08:51:20,2025-09-24 08:40:10,60,1.24371395609897,2844.35850758544,0.98342753586247,0.967025368192746,2.42151224914406e-53,1.12877524727457e-44,0.000323615584021075,1.05279044915658,1.949139,454.7246,1.956514,470.1747,1.948061,451.6501,"No issues","No issues","No issues"
668,20,2025-09-26,"low",2025-09-25 21:45:40,2025-09-25 21:55:20,2025-09-25 21:44:10,59,8.27666754880189,4193.03426580945,0.96934005196214,0.859655471217757,7.86887488344078e-45,5.60806775288911e-26,0.00290127166155494,3.33925200599243,1.959661,468.7686,1.999862,480.4516,1.945965,451.7821,"No issues","No issues","No issues"
668,50,2025-09-24,"high",2025-09-24 08:53:50,2025-09-24 09:03:40,2025-09-24 08:52:30,60,0.220830621839419,2434.8004214504,0.276952446252019,0.950922384325634,1.56948704536683e-05,1.16018986643637e-39,0.000715198641762652,1.10871294547103,1.947781,456.8722,1.950258,468.5737,1.947112,452.5963,"No issues","No issues","No issues"
669,30,2025-09-26,"low",2025-09-25 21:58:10,2025-09-25 22:07:50,2025-09-25 21:56:40,59,-3.11094587025131,4513.81024804205,0.964192822597977,0.924469893330304,6.57492100547804e-43,1.16138157493772e-33,0.00118162809335841,2.54297574308954,1.937627,463.8696,1.940388,481.5605,1.920925,450.9596,"No issues","No issues","No issues"
669,60,2025-09-24,"high",2025-09-24 09:06:10,2025-09-24 09:16:00,2025-09-24 09:04:50,60,13.461598933037,3835.09160722424,0.986975509774234,0.979017335764505,2.23443040737287e-56,2.27385260633737e-50,0.00309963377108142,1.12537541826958,1.962808,455.9708,2.040528,477.8309,1.953326,452.7432,"No issues","No issues","No issues"
670,40,2025-09-26,"low",2025-09-25 22:10:40,2025-09-25 22:20:20,2025-09-25 22:09:10,59,1.4518330800701,9316.64238270017,0.981009143320705,0.964551965494706,9.21804602215511e-51,4.93220992822309e-43,0.000398141725780322,3.52028598558699,1.942507,468.8027,1.95105,513.5317,1.940668,453.559,"No issues","No issues","No issues"
671,50,2025-09-26,"low",2025-09-25 22:23:10,2025-09-25 22:32:50,2025-09-25 22:21:40,59,-1.07956219286975,9200.28248836935,0.777461921256427,0.967768966054124,2.99019112574127e-20,3.27177203132413e-44,0.00113840167693264,3.30931183059437,1.939106,471.7958,1.941448,516.5576,1.933524,457.7946,"No issues","No issues","No issues"
671,80,2025-09-24,"high",2025-09-24 09:42:00,2025-09-24 09:51:40,2025-09-24 09:40:30,59,2.56083792869664,3658.14671186439,0.979196577448912,0.971461767600152,1.23979038171364e-49,1.01821759348257e-45,0.000735698383484288,1.23579676503933,1.952817,459.5899,1.968154,477.9768,1.950823,454.2615,"No issues","No issues","No issues"
672,60,2025-09-26,"low",2025-09-25 22:35:40,2025-09-25 22:45:20,2025-09-25 22:34:10,59,-2.31567401519584,5221.15922104032,0.879357012125274,0.933193142943741,7.44424102114945e-28,3.49934196547725e-35,0.00169056201065517,2.75344841637679,1.925999,483.7839,1.932078,503.4796,1.916249,469.6669,"No issues","No issues","No issues"
672,90,2025-09-24,"high",2025-09-24 09:54:20,2025-09-24 10:04:00,2025-09-24 09:52:50,59,-1.58241524254827,3132.07443226182,0.942910308495339,0.960723401406813,3.94741237416062e-37,9.18995989257674e-42,0.000767448727454778,1.24820259515991,1.948419,459.51,1.950802,474.6418,1.940662,453.9253,"No issues","No issues","No issues"
673,10,2025-09-24,"high",2025-09-24 10:06:40,2025-09-24 10:16:20,2025-09-24 10:05:10,59,0.412712752776086,3462.81504617181,0.657214370003033,0.975043851799647,7.20489800606719e-15,2.22309487004223e-47,0.000587477074576579,1.0919210949775,1.952203,458.5067,1.95554,477.4166,1.951711,453.8624,"No issues","No issues","No issues"
673,70,2025-09-26,"low",2025-09-25 22:48:10,2025-09-25 22:57:50,2025-09-25 22:46:40,59,-4.70309184336647,8169.012643834,0.95805286365789,0.973874833850474,5.99925788527485e-41,8.20034931460148e-47,0.00193965789502903,2.63713755596678,1.927734,472.2708,1.933071,512.016,1.904217,460.0753,"No issues","No issues","No issues"
674,20,2025-09-24,"high",2025-09-24 10:19:00,2025-09-24 10:28:40,2025-09-24 10:17:30,59,-0.237192490941023,2121.73161706602,0.252261720277297,0.934739784958857,5.05109188432639e-05,1.79358668319657e-35,0.000804887760167376,1.10498044144618,1.951284,459.948,1.954694,469.4789,1.951284,454.4962,"No issues","No issues","No issues"
674,80,2025-09-26,"low",2025-09-25 23:00:40,2025-09-25 23:10:20,2025-09-25 22:59:10,59,-4.55987891992991,9411.53397264756,0.907497455664709,0.968556374631332,3.78275171636161e-31,1.616130046276e-44,0.00286941060108336,3.34233152650559,1.929619,471.3469,1.937958,517.2839,1.907828,457.5615,"No issues","No issues","No issues"
675,30,2025-09-24,"high",2025-09-24 10:31:20,2025-09-24 10:41:00,2025-09-24 10:29:50,59,-2.23640416130916,2033.46076165982,0.96547583313781,0.957509542755614,2.3226073231029e-43,8.65974983705161e-41,0.000833540004429369,0.844296910018476,1.950395,458.6027,1.953145,468.8276,1.939146,455.3015,"No issues","No issues","No issues"
675,90,2025-09-26,"low",2025-09-25 23:13:10,2025-09-25 23:22:50,2025-09-25 23:11:40,59,-3.92823482875515,4416.41825926359,0.945410609439733,0.941551385718659,1.10014179887927e-37,7.7229881965707e-37,0.00186048676728395,2.16880521774934,1.931233,461.5535,1.937338,481.0439,1.912186,452.2071,"No issues","No issues","No issues"
676,10,2025-09-26,"low",2025-09-25 23:25:40,2025-09-25 23:35:20,2025-09-25 23:24:10,59,-2.25913680420815,3725.25512191699,0.903993660901832,0.962322651483902,1.09341307863124e-30,2.80827290395705e-42,0.00145109233992174,1.45285104108712,1.935885,457.0512,1.939897,475.25,1.924964,451.3421,"No issues","No issues","No issues"
676,40,2025-09-24,"high",2025-09-24 10:43:40,2025-09-24 10:53:20,2025-09-24 10:42:10,59,2.1343779310344,2315.37507422559,0.995689204186739,0.970990030733482,4.05407297309145e-69,1.62505494817416e-45,0.000276804665157519,0.78881081975468,1.954096,459.2999,1.968558,471.4128,1.954096,456.3632,"No issues","No issues","No issues"
677,20,2025-09-26,"low",2025-09-25 23:38:10,2025-09-25 23:47:50,2025-09-25 23:36:40,59,7.55004607364107,3917.13765517239,0.974617323617603,0.953503968544185,3.60417299125482e-47,1.13091823933007e-39,0.00240152162358126,1.70490734159331,1.955248,458.1819,1.993916,477.354,1.945156,451.1293,"No issues","No issues","No issues"
677,50,2025-09-24,"high",2025-09-24 10:56:00,2025-09-24 11:05:40,2025-09-24 10:54:30,59,0.989073973115119,1508.83218515488,0.522280266516935,0.906427546783252,1.03058386498754e-10,5.25282718834419e-31,0.00186444171997194,0.955506522645493,1.954734,460.3378,1.96411,467.9836,1.954734,456.9601,"No issues","No issues","No issues"
678,30,2025-09-26,"low",2025-09-25 23:50:40,2025-09-26 00:00:20,2025-09-25 23:49:10,59,-2.45570210637061,3652.66574026884,0.936113529385165,0.961997456448655,9.77431310668511e-36,3.58824108467605e-42,0.00126444844413567,1.43091737949433,1.936777,460.2774,1.939149,478.7223,1.923367,455.213,"No issues","No issues","No issues"
678,60,2025-09-24,"high",2025-09-24 11:08:20,2025-09-24 11:18:00,2025-09-24 11:06:50,59,16.8179352238456,3553.02336224428,0.995291501601625,0.97780909927012,5.01460970901516e-68,7.81249078534701e-49,0.00227994304192787,1.05497883696678,1.967331,461.359,2.067154,481.6076,1.960651,458.8721,"No issues","No issues","No issues"
679,40,2025-09-26,"low",2025-09-26 00:03:10,2025-09-26 00:12:50,2025-09-26 00:01:40,59,1.38139814377554,6705.61226510812,0.970661098909641,0.954643289474431,2.24125580887803e-45,5.57330086764056e-40,0.000473360738334298,2.88087163323326,1.942336,468.5785,1.949543,501.7448,1.939913,457.9897,"No issues","No issues","No issues"
679,70,2025-09-24,"high",2025-09-24 11:20:40,2025-09-24 11:30:20,2025-09-24 11:19:10,59,4.44004802805375,1276.5255106955,0.983048175336695,0.939504063040502,3.61703374338871e-52,2.06239937567015e-36,0.00114919505758314,0.638452405008723,1.963937,462.5092,1.989017,469.191,1.958816,459.2531,"No issues","No issues","No issues"
680,50,2025-09-26,"low",2025-09-26 00:15:40,2025-09-26 00:25:20,2025-09-26 00:14:10,59,-0.961313365283498,7311.69028825247,0.726799511841964,0.957710521481379,1.06754638254632e-17,7.56445681431126e-41,0.00116167236731251,3.02832219193791,1.93977,471.0822,1.942608,505.2156,1.935161,458.3425,"No issues","No issues","No issues"
680,80,2025-09-24,"high",2025-09-24 11:33:00,2025-09-24 11:42:40,2025-09-24 11:31:30,59,3.73265572881349,2222.98554950321,0.973139103432792,0.972855596993597,1.81026392596157e-46,2.4420636804984e-46,0.00122229485170732,0.731876584105358,1.959457,462.0512,1.982781,474.8227,1.958039,459.889,"No issues","No issues","No issues"
681,60,2025-09-26,"low",2025-09-26 00:28:10,2025-09-26 00:37:50,2025-09-26 00:26:40,59,-3.18377081940398,5850.42804441845,0.935148122951852,0.962288270310629,1.4994824247219e-35,2.8822802834769e-42,0.00165252533531187,2.28275093223815,1.93112,473.6873,1.935767,500.4807,1.915409,464.0835,"No issues","No issues","No issues"
681,90,2025-09-24,"high",2025-09-24 11:45:20,2025-09-24 11:55:00,2025-09-24 11:43:50,59,-1.2355442384571,2215.49334143774,0.889178982437774,0.967344853476931,6.58296185808659e-29,4.7498595762986e-44,0.00085972593624402,0.802307517055002,1.955149,462.0897,1.957912,472.5331,1.949306,457.5628,"No issues","No issues","No issues"
682,10,2025-09-24,"high",2025-09-24 11:57:40,2025-09-24 12:07:20,2025-09-24 11:56:10,59,0.470496729397984,3092.87377767385,0.548459712497042,0.979686875033096,2.02072375458022e-11,6.28114602532835e-50,0.000841429534880898,0.877793131403861,1.957323,461.2996,1.961786,477.8631,1.957171,457.7368,"No issues","No issues","No issues"
682,70,2025-09-26,"low",2025-09-26 00:40:40,2025-09-26 00:50:20,2025-09-26 00:39:10,59,-4.5405169374635,7060.61198924604,0.94425914673385,0.963911824787539,1.99556924086595e-37,8.21683192193809e-43,0.00217436156456306,2.69272132408949,1.93048,469.7658,1.937403,502.634,1.909088,456.5086,"No issues","No issues","No issues"
683,20,2025-09-24,"high",2025-09-24 12:10:00,2025-09-24 12:19:40,2025-09-24 12:08:30,59,-0.187820268848683,1950.23837288134,0.132087042724487,0.96824634664619,0.00466443274287881,2.13788504889277e-44,0.000948933310353138,0.696108392901808,1.956584,459.7544,1.960133,469.4792,1.956498,456.4529,"No issues","No issues","No issues"
683,80,2025-09-26,"low",2025-09-26 00:53:10,2025-09-26 01:02:50,2025-09-26 00:51:40,59,-4.78834203156062,9021.8276563413,0.907674816769101,0.961185547598658,3.58106512073943e-31,6.55709178798288e-42,0.00300999217801692,3.57332813358706,1.930751,471.8428,1.940538,515.1591,1.90862,456.6445,"No issues","No issues","No issues"
684,30,2025-09-24,"high",2025-09-24 12:22:20,2025-09-24 12:32:00,2025-09-24 12:20:50,59,-2.49745133372302,2011.56343658679,0.978939977646442,0.975058779918047,1.75848340355062e-49,2.18548956795818e-47,0.000721994139395436,0.634106840422525,1.954655,458.3876,1.956568,469.7948,1.941373,456.2568,"No issues","No issues","No issues"
684,90,2025-09-26,"low",2025-09-26 01:05:40,2025-09-26 01:15:20,2025-09-26 01:04:10,59,-4.26358751607254,4229.96938211571,0.94014942391864,0.93818291984092,1.51872675120827e-36,3.81999115620798e-36,0.00212029438743927,2.14009456074482,1.932436,460.2139,1.939632,478.9993,1.912382,451.0805,"No issues","No issues","No issues"
685,10,2025-09-26,"low",2025-09-26 01:18:10,2025-09-26 01:27:50,2025-09-26 01:16:40,59,-2.88887413676216,4010.14470508474,0.942490157584712,0.973213843599574,4.86590397213073e-37,1.67200599021165e-46,0.00140652208010986,1.31128279184876,1.937234,456.2237,1.941462,475.9054,1.923314,450.1972,"No issues","No issues","No issues"
685,40,2025-09-24,"high",2025-09-24 12:34:40,2025-09-24 12:44:20,2025-09-24 12:33:10,59,2.83857529865571,1971.96900806545,0.994521250476886,0.950122094630216,3.76419022483537e-66,8.37927648345747e-39,0.000415259297502902,0.890532423484552,1.957548,457.5143,1.974786,467.3326,1.955952,454.1837,"No issues","No issues","No issues"
686,20,2025-09-26,"low",2025-09-26 01:30:40,2025-09-26 01:40:20,2025-09-26 01:29:10,59,7.74054115721794,3908.37015078899,0.975058865575605,0.953739079201264,2.18527557022829e-47,9.786639304636e-40,0.00244005302689435,1.69657589284537,1.957657,458.3884,1.997204,475.9004,1.947271,450.7789,"No issues","No issues","No issues"
686,50,2025-09-24,"high",2025-09-24 12:47:00,2025-09-24 12:56:40,2025-09-24 12:45:30,59,0.981138403272874,864.27763132669,0.520553152486783,0.738366324979691,1.14400167728745e-10,3.08787078068729e-18,0.00185589424350121,1.01402674471024,1.956751,458.48,1.964516,460.1289,1.954566,453.5622,"No issues","No issues","No issues"
687,30,2025-09-26,"low",2025-09-26 01:43:10,2025-09-26 01:52:50,2025-09-26 01:41:40,59,-3.28955704032732,4281.00032261835,0.969209477729159,0.960489158938346,8.88263140946465e-45,1.08883789449078e-41,0.00115563950456553,1.71136411287301,1.938914,458.5472,1.941316,478.5408,1.920898,450.8681,"No issues","No issues","No issues"
687,60,2025-09-24,"high",2025-09-24 12:59:20,2025-09-24 13:09:00,2025-09-24 12:57:50,59,19.038319784921,2754.17734471068,0.995738848709031,0.937563739169707,2.91414997577015e-69,5.07644768452872e-36,0.0024547350576434,1.4008615007735,1.966415,459.6104,2.081132,472.1708,1.959981,454.2942,"No issues","No issues","No issues"
688,40,2025-09-26,"low",2025-09-26 01:55:40,2025-09-26 02:05:20,2025-09-26 01:54:10,59,0.520822330800587,9944.48144009351,0.866714206198443,0.977639178359939,1.28343855856198e-26,9.71049829689612e-49,0.00040255833866823,2.96429879920275,1.94315,463.127,1.945661,515.4025,1.940945,453.154,"No issues","No issues","No issues"
688,70,2025-09-24,"high",2025-09-24 13:11:40,2025-09-24 13:21:20,2025-09-24 13:10:10,59,6.4335005400351,1003.77525376971,0.986276487403541,0.85032873283483,8.76509961367719e-55,3.52747087665402e-25,0.00149577372812189,0.830037152531864,1.965017,459.4643,2.000886,464.0186,1.957306,455.0148,"No issues","No issues","No issues"
689,50,2025-09-26,"low",2025-09-26 02:08:10,2025-09-26 02:17:50,2025-09-26 02:06:40,59,-1.47576098188197,9125.31299123318,0.889277348046474,0.976520076246343,6.41810879562475e-29,3.90783277890112e-48,0.00102636280450888,2.78895032389705,1.938719,467.9182,1.940018,514.5534,1.92982,456.8743,"No issues","No issues","No issues"
689,80,2025-09-24,"high",2025-09-24 13:24:00,2025-09-24 13:33:40,2025-09-24 13:22:30,59,4.04877772530679,2118.58051665692,0.97212739619424,0.862641366764452,5.19499901753185e-46,3.03328415240913e-26,0.00135125206616228,1.66626115831225,1.959049,461.3598,1.982493,468.6824,1.954513,450.429,"No issues","No issues","No issues"
690,60,2025-09-26,"low",2025-09-26 02:20:40,2025-09-26 02:30:20,2025-09-26 02:19:10,59,-2.72757124488601,5255.1987506721,0.920608397274407,0.948495655264613,4.81951252844734e-33,2.09281875732484e-38,0.00157874205679147,2.41367427790981,1.927012,476.4821,1.932727,498.6549,1.914956,464.654,"No issues","No issues","No issues"
690,90,2025-09-24,"high",2025-09-24 13:36:20,2025-09-24 13:46:00,2025-09-24 13:34:50,59,-1.00090335008779,1677.20588942137,0.815254251899427,0.773473460019265,1.45268124595613e-22,4.97323150717664e-20,0.000939113511599972,1.78899230581455,1.954281,461.4926,1.955481,467.2457,1.948157,454.3114,"No issues","No issues","No issues"
691,10,2025-09-24,"high",2025-09-24 13:48:40,2025-09-24 13:58:20,2025-09-24 13:47:10,59,1.011172376388,3011.85118036236,0.887307243893535,0.90321355656504,1.06210350169266e-28,1.37762647962634e-30,0.000710266677545037,1.94325953537179,1.955755,463.2096,1.961611,475.492,1.954087,454.2974,"No issues","No issues","No issues"
691,70,2025-09-26,"low",2025-09-26 02:33:10,2025-09-26 02:42:50,2025-09-26 02:31:40,59,-4.45287118176504,7260.57845189945,0.956398357501338,0.971114828989794,1.80831788172674e-40,1.43707632223666e-45,0.00187394742393757,2.46807673074458,1.928014,468.6132,1.933354,503.8734,1.905697,457.4776,"No issues","No issues","No issues"
692,20,2025-09-24,"high",2025-09-24 14:01:00,2025-09-24 14:10:40,2025-09-24 13:59:30,59,0.427300769140773,1570.60732670954,0.259380145563126,0.860271569856575,3.79842052884579e-05,4.94548156733658e-26,0.00142314201826667,1.24760607293311,1.954601,459.8457,1.95981,465.2557,1.95316,453.7252,"No issues","No issues","No issues"
692,80,2025-09-26,"low",2025-09-26 02:45:40,2025-09-26 02:55:20,2025-09-26 02:44:10,59,-5.99648873407369,11572.0722178843,0.947956597095074,0.979916210572075,2.81658279883715e-38,4.54416413906387e-50,0.00276930566875356,3.26531249589839,1.929748,466.7406,1.936608,527.4872,1.898892,454.2861,"No issues","No issues","No issues"
693,30,2025-09-24,"high",2025-09-24 14:13:20,2025-09-24 14:23:00,2025-09-24 14:11:50,59,-2.35291034482768,2270.84508988895,0.983991796086904,0.894201704690326,7.06719117009507e-53,1.7504734363223e-29,0.000591515597237095,1.53955197002692,1.951737,459.9384,1.951922,468.2866,1.937642,452.3922,"No issues","No issues","No issues"
693,90,2025-09-26,"low",2025-09-26 02:58:10,2025-09-26 03:07:50,2025-09-26 02:56:40,59,-8.5056285587376,9917.47464827585,0.983293458304687,0.981392081834412,2.38725222500441e-52,5.15732068727417e-51,0.00218521098040312,2.69162141114097,1.930871,458.8243,1.935842,514.2789,1.881761,449.1088,"No issues","No issues","No issues"
694,10,2025-09-26,"low",2025-09-26 03:10:40,2025-09-26 03:20:20,2025-09-26 03:09:10,59,-4.49878740385744,6359.12695546462,0.981930545487341,0.978701204678087,2.23283120029371e-51,2.42511011138634e-49,0.00120285385106735,1.84899275953627,1.933649,456.9144,1.93642,491.1478,1.909335,450.5071,"No issues","No issues","No issues"
694,40,2025-09-24,"high",2025-09-24 14:25:40,2025-09-24 14:35:20,2025-09-24 14:24:10,59,3.37280957568666,1951.47443319694,0.993911751798225,0.848738894556213,7.61045970451343e-65,4.77128772177196e-25,0.000520294626281247,1.62377071639086,1.953845,457.6087,1.973696,464.1073,1.95156,449.763,"No issues","No issues","No issues"
695,20,2025-09-26,"low",2025-09-26 03:23:10,2025-09-26 03:32:50,2025-09-26 03:21:40,59,7.98777695382813,4703.75885540618,0.983637424274031,0.981229767266462,1.31926069834585e-52,6.60628206614168e-51,0.00203057716801744,1.28227087140996,1.951263,455.2384,1.994734,479.8251,1.942849,450.4259,"No issues","No issues","No issues"
695,50,2025-09-24,"high",2025-09-24 14:38:00,2025-09-24 14:47:40,2025-09-24 14:36:30,59,1.73456155230852,583.587916306246,0.666881680849691,0.372894127358168,3.16611264758879e-15,2.81121530971376e-07,0.00241629434037402,1.49165782038976,1.954758,458.9615,1.966932,458.9615,1.952055,450.6973,"No issues","No issues","No issues"
696,30,2025-09-26,"low",2025-09-26 03:35:40,2025-09-26 03:45:20,2025-09-26 03:34:10,59,-3.57404633547641,4859.60567060197,0.986127914778756,0.979763273094234,1.19142755150147e-54,5.6413515518432e-50,0.000835506211115091,1.37656221418081,1.93712,456.0356,1.938281,481.1406,1.916409,450.3257,"No issues","No issues","No issues"
696,60,2025-09-24,"high",2025-09-24 14:50:20,2025-09-24 15:00:00,2025-09-24 14:48:50,59,20.9242439368789,2604.04121098772,0.994842436071119,0.915602409679703,6.72750906831623e-67,2.7604178497956e-32,0.00296947853066278,1.5582770320149,1.967306,457.9939,2.090844,469.6866,1.957772,451.7043,"No issues","No issues","No issues"
697,40,2025-09-26,"low",2025-09-26 03:48:10,2025-09-26 03:57:50,2025-09-26 03:46:40,59,0.285207359438819,10384.5061872589,0.657905167356804,0.978543393903259,6.79895779877331e-15,2.99320138160052e-49,0.000405356921114278,3.03082998644726,1.940156,464.55,1.941892,519.0351,1.93875,453.7146,"No issues","No issues","No issues"
697,70,2025-09-24,"high",2025-09-24 15:02:40,2025-09-24 15:12:20,2025-09-24 15:01:10,59,7.89622375686727,930.087971011105,0.989252785328414,0.678176502494788,8.24704161065774e-58,1.17518024501836e-15,0.00162217993053407,1.26283552365639,1.96397,458.5182,2.007839,460.0804,1.955829,451.6194,"No issues","No issues","No issues"
698,50,2025-09-26,"low",2025-09-26 04:00:40,2025-09-26 04:10:20,2025-09-26 03:59:10,59,-1.85388495149037,10334.3951971946,0.923581256704761,0.974972996041823,1.62162437723878e-33,2.41026869033119e-47,0.00105106706077728,3.26346124334804,1.936883,471.0167,1.938847,522.623,1.926936,457.3089,"No issues","No issues","No issues"
698,80,2025-09-24,"high",2025-09-24 15:15:00,2025-09-24 15:24:40,2025-09-24 15:13:30,59,4.82835012974864,1859.02809959086,0.971584744766321,0.89376603297966,9.00247785767582e-46,1.96843988714033e-29,0.00162749419869488,1.26325488880371,1.957704,460.0024,1.986255,466.5749,1.953095,452.6051,"No issues","No issues","No issues"
699,60,2025-09-26,"low",2025-09-26 04:13:10,2025-09-26 04:22:50,2025-09-26 04:11:40,59,-2.26874987726483,4888.8369973115,0.958682123220237,0.9464438889157,3.89831398016618e-41,6.37811551368761e-38,0.000928332508464699,2.29217565156446,1.927534,474.6123,1.930385,498.0657,1.916073,464.7906,"No issues","No issues","No issues"
699,90,2025-09-24,"high",2025-09-24 15:27:20,2025-09-24 15:37:00,2025-09-24 15:25:50,59,-0.964694630040965,1738.48520303914,0.795285860928773,0.763224563059904,2.73951962022503e-21,1.76648834151054e-19,0.000964689177733579,1.90852744223084,1.951524,461.1069,1.953038,465.1255,1.945922,451.1906,"No issues","No issues","No issues"
700,10,2025-09-24,"high",2025-09-24 15:39:40,2025-09-24 15:49:20,2025-09-24 15:38:10,59,1.34372198714198,3226.30400935123,0.850142548211197,0.934646916364157,3.65507669730667e-25,1.86785992581605e-35,0.00111195695483159,1.68151132913032,1.953736,460.685,1.962462,474.7148,1.951669,452.7957,"No issues","No issues","No issues"
700,70,2025-09-26,"low",2025-09-26 04:25:40,2025-09-26 04:35:20,2025-09-26 04:24:10,59,-4.80940979544128,8666.42405891289,0.97574758954554,0.978726741250769,9.83470511683235e-48,2.34356493812362e-49,0.00149446501018358,2.51832325705487,1.927526,468.8267,1.931831,512.7451,1.902822,459.1858,"No issues","No issues","No issues"
701,20,2025-09-24,"high",2025-09-24 15:52:00,2025-09-24 15:59:50,2025-09-24 15:50:30,48,0.786902162396821,2039.01209726443,0.405285358003776,0.873641196370595,1.15078957379264e-06,2.71120114505363e-22,0.00152840060438608,1.24336490849135,1.953593,457.8579,1.95862,463.2993,1.951552,450.918,"No issues","No issues","No issues"
701,20,2025-09-25,"high",2025-09-24 16:00:00,2025-09-24 16:01:40,2025-09-24 15:50:30,11,0.0320465454544128,1824.94079999992,0.0105632140436004,0.87017280785908,0.763638103430367,2.80147908313381e-05,0.000113517668919927,0.257997273609799,1.958304,463.9943,1.958517,466.2237,1.958144,463.9195,"No issues","No issues","No issues"
701,80,2025-09-26,"low",2025-09-26 04:38:10,2025-09-26 04:47:50,2025-09-26 04:36:40,59,-6.36642010520165,13745.4702774985,0.954699683985048,0.983189095992639,5.37899377457324e-40,2.85101221560575e-52,0.00273336592588737,3.54259795004505,1.92812,467.8841,1.935207,541.8646,1.895718,455.9196,"No issues","No issues","No issues"
702,30,2025-09-25,"high",2025-09-24 16:04:20,2025-09-24 16:14:00,2025-09-24 16:02:50,59,-2.22733342372888,2428.09743261248,0.962190976727534,0.935623159241097,3.10205196208712e-42,1.21573158037293e-35,0.000870237071319348,1.25535256621198,1.951157,456.8941,1.953044,467.2067,1.938977,451.0152,"No issues","No issues","No issues"
702,90,2025-09-26,"low",2025-09-26 04:50:40,2025-09-26 05:00:20,2025-09-26 04:49:10,59,-6.9273404184688,7918.92044605492,0.972456689144678,0.968842470946819,3.70181442215457e-46,1.2453191844443e-44,0.00229786613231192,2.7990209980477,1.926964,463.1528,1.934453,501.4822,1.891789,450.7269,"No issues","No issues","No issues"
703,10,2025-09-26,"low",2025-09-26 05:03:10,2025-09-26 05:12:50,2025-09-26 05:01:40,59,-4.28228748568096,5808.37043319695,0.974987386698888,0.976079816573813,2.3710638731115e-47,6.63687234905181e-48,0.00135188924178563,1.79216977664497,1.93051,457.6779,1.935161,488.6258,1.90861,450.4976,"No issues","No issues","No issues"
703,40,2025-09-25,"high",2025-09-24 16:16:40,2025-09-24 16:26:20,2025-09-24 16:15:10,59,3.27023949503206,2426.06352308591,0.990054293331496,0.922273521467099,9.05337334950541e-59,2.63188004926055e-33,0.000646030665191235,1.38816806915108,1.957545,457.7346,1.976115,467.5881,1.954545,450.974,"No issues","No issues","No issues"
704,20,2025-09-26,"low",2025-09-26 05:15:40,2025-09-26 05:25:20,2025-09-26 05:14:10,59,8.43740689655163,4580.62961449445,0.985380074487277,0.977223454270785,5.32260152529199e-54,1.64185046016133e-48,0.00202565248901261,1.37834337157742,1.950096,456.043,1.996044,480.0557,1.941964,450.8295,"No issues","No issues","No issues"
704,50,2025-09-25,"high",2025-09-24 16:29:00,2025-09-24 16:38:40,2025-09-24 16:27:30,59,1.94188620455869,1406.77727270602,0.758691594540792,0.88269290219031,3.04136467752651e-19,3.34166096547027e-28,0.00215855252787278,1.0108062717184,1.956875,455.2253,1.970547,460.9359,1.954837,451.0157,"No issues","No issues","No issues"
705,30,2025-09-26,"low",2025-09-26 05:28:10,2025-09-26 05:37:50,2025-09-26 05:26:40,59,-4.24425330683818,5459.1410777323,0.987499927944822,0.978110638179538,6.11988110327287e-56,5.2891113178933e-49,0.000941183433232011,1.60965251670832,1.934948,456.4091,1.936225,484.3709,1.910749,450.2487,"No issues","No issues","No issues"
705,60,2025-09-25,"high",2025-09-24 16:41:20,2025-09-24 16:51:00,2025-09-24 16:39:50,59,18.8204988708356,3463.57663869082,0.993931871748666,0.980092368104521,6.92524434063216e-65,3.53487194936099e-50,0.0028984476078539,0.972940664678873,1.970292,454.9258,2.079975,474.492,1.960776,451.6135,"No issues","No issues","No issues"
706,40,2025-09-26,"low",2025-09-26 05:40:40,2025-09-26 05:50:20,2025-09-26 05:39:10,59,-0.0965569234366817,12853.7208799532,0.182699893578076,0.981675775589436,0.00073406349332005,3.3281757221537e-51,0.000402522634557445,3.46132903305413,1.93759,465.8012,1.938407,534.1714,1.936694,453.5021,"No issues","No issues","No issues"
706,70,2025-09-25,"high",2025-09-24 16:53:40,2025-09-24 17:03:20,2025-09-24 16:52:10,59,7.21021937112782,3191.29367901811,0.985519489119148,0.980010819877344,4.05040017663526e-54,3.97181901882351e-50,0.00172263421296219,0.898326236600972,1.964727,455.3086,2.003256,472.9553,1.955908,451.8255,"No issues","No issues","No issues"
707,50,2025-09-26,"low",2025-09-26 05:53:10,2025-09-26 06:02:50,2025-09-26 05:51:40,59,-2.39184791116317,11720.4394997078,0.964655308897419,0.981174708897994,4.53818273123717e-43,7.18161475686545e-51,0.000902391162295208,3.1998294531273,1.935108,470.7613,1.936295,532.2263,1.92179,458.7645,"No issues","No issues","No issues"
707,80,2025-09-25,"high",2025-09-24 17:06:00,2025-09-24 17:15:40,2025-09-24 17:04:30,59,3.81592644301574,4143.9874450029,0.966238891272954,0.986918089022441,1.22793339056178e-43,2.23866318029699e-55,0.0014058900080224,0.940369917527146,1.956973,453.0515,1.978657,475.8546,1.952268,449.4258,"No issues","No issues","No issues"
708,60,2025-09-26,"low",2025-09-26 06:05:40,2025-09-26 06:15:20,2025-09-26 06:04:10,59,-2.17008269316192,3932.4412614845,0.878647610449309,0.773535429470495,8.80150738386208e-28,4.93441366961305e-20,0.00158956517676976,4.19379820806476,1.92661,474.355,1.928218,495.4801,1.914296,466.7896,"No issues","No issues","No issues"
708,90,2025-09-25,"high",2025-09-24 17:18:20,2025-09-24 17:28:00,2025-09-24 17:16:50,59,-1.21483853652842,3092.54241776736,0.879663948847964,0.976313595878873,6.92177007761154e-28,5.01591527169511e-48,0.000885611602271005,0.94941441286961,1.951311,454.0451,1.952936,470.2317,1.944528,449.9885,"No issues","No issues","No issues"
709,10,2025-09-25,"high",2025-09-24 17:30:40,2025-09-24 17:40:20,2025-09-24 17:29:10,59,0.826660656925789,3742.33515464639,0.640934215722397,0.98099001933363,2.73600742888043e-14,9.48638723896794e-51,0.00121953089886805,1.02680146330735,1.954106,456.0037,1.960108,476.0882,1.952619,451.5368,"No issues","No issues","No issues"
709,70,2025-09-26,"low",2025-09-26 06:18:10,2025-09-26 06:27:50,2025-09-26 06:16:40,59,-6.14606879719465,9981.50916750437,0.963035960649018,0.9200686578609,1.62820156311519e-42,5.84774030632111e-33,0.0023732917718202,5.79869011922846,1.927463,467.1638,1.931226,525.3569,1.891153,459.172,"No issues","No issues","No issues"
710,20,2025-09-25,"high",2025-09-24 17:43:00,2025-09-24 17:52:40,2025-09-24 17:41:30,59,0.349972516656914,3475.02259357099,0.215530901331343,0.992608964012183,0.000212379808153905,1.91317885917755e-62,0.00131598925973756,0.591025815728796,1.95445,455.1559,1.959272,475.7021,1.953485,453.5804,"No issues","No issues","No issues"
710,80,2025-09-26,"low",2025-09-26 06:30:40,2025-09-26 06:40:20,2025-09-26 06:29:10,59,-6.80540785037997,11351.7650945646,0.957362552681199,0.969435000196506,9.55611917611157e-41,7.20281274384967e-45,0.00283071922275595,3.9728439168432,1.926892,472.5743,1.935572,526.7234,1.893612,455.1489,"No issues","No issues","No issues"
711,30,2025-09-25,"high",2025-09-24 17:55:20,2025-09-24 18:05:00,2025-09-24 17:53:50,59,-1.97876855172412,3870.73348264171,0.955226549746044,0.988687785616715,3.8528881766344e-40,3.55296996159933e-57,0.00084437884674923,0.816061247311039,1.952303,455.0465,1.954654,478.8665,1.942126,453.255,"No issues","No issues","No issues"
711,90,2025-09-26,"low",2025-09-26 06:43:10,2025-09-26 06:52:50,2025-09-26 06:41:40,59,-5.7162563179428,6276.41145341904,0.964603478247867,0.969584269732304,4.73184564540434e-43,6.26432967271026e-45,0.00215825538460156,2.19105362218285,1.929546,459.5152,1.936257,491.7504,1.899885,450.9181,"No issues","No issues","No issues"
712,10,2025-09-26,"low",2025-09-26 06:55:40,2025-09-26 07:05:20,2025-09-26 06:54:10,59,-4.38018408883697,5113.10776481587,0.970291247980227,0.970726462873112,3.2035198754524e-45,2.10315379639875e-45,0.00151066708611317,1.75008591196676,1.932056,457.5846,1.937038,483.3757,1.910059,450.4597,"No issues","No issues","No issues"
712,40,2025-09-25,"high",2025-09-24 18:07:40,2025-09-24 18:17:20,2025-09-24 18:06:10,59,2.70140785037989,3531.5087018118,0.992734919604214,0.983748379869734,1.17214011514447e-62,1.08664897433549e-52,0.000455490136720391,0.894647295373222,1.957061,456.2046,1.972981,476.6132,1.955322,453.735,"No issues","No issues","No issues"
713,20,2025-09-26,"low",2025-09-26 07:08:10,2025-09-26 07:17:50,2025-09-26 07:06:40,59,9.34322126475739,3075.80081449443,0.98746647512736,0.95288696281903,6.60435402498234e-56,1.64715868916448e-39,0.00207470963538273,1.348010647875,1.951828,456.9713,2.004148,469.9881,1.944334,449.9512,"No issues","No issues","No issues"
713,50,2025-09-25,"high",2025-09-24 18:20:00,2025-09-24 18:29:40,2025-09-24 18:18:30,59,1.05595292577432,3092.05027609584,0.565824176957054,0.986488343575487,6.51247738318652e-12,5.62530533374494e-55,0.00182314781898905,0.713247274933908,1.957168,456.2403,1.965097,474.9714,1.955373,455.3943,"No issues","No issues","No issues"
714,30,2025-09-26,"low",2025-09-26 07:20:40,2025-09-26 07:30:20,2025-09-26 07:19:10,59,-4.18681624313267,4121.73724839274,0.980629144941618,0.961445694020136,1.62158905540336e-50,5.41275306026492e-42,0.00115982149778146,1.6268204571946,1.936818,455.3911,1.938767,474.638,1.913709,448.8325,"No issues","No issues","No issues"
714,60,2025-09-25,"high",2025-09-24 18:32:20,2025-09-24 18:42:00,2025-09-24 18:30:50,59,14.2765097744009,3800.64253045001,0.993443825074749,0.988585164923413,6.28084222160715e-64,4.5961130687097e-57,0.00228591939460518,0.80495213474754,1.968381,457.6377,2.051331,480.4217,1.961225,455.7226,"No issues","No issues","No issues"
715,40,2025-09-26,"low",2025-09-26 07:33:10,2025-09-26 07:42:50,2025-09-26 07:31:40,59,0.84581812741086,8984.93677521915,0.873692234559278,0.962461018275054,2.76132302184626e-27,2.52854458638022e-42,0.00063386684067274,3.49743741301132,1.939418,465.6732,1.946316,506.7406,1.939164,450.8158,"No issues","No issues","No issues"
715,70,2025-09-25,"high",2025-09-24 18:44:40,2025-09-24 18:54:20,2025-09-24 18:43:10,59,5.61082306954994,3877.69739333722,0.983729524707116,0.988321425694136,1.12316935474443e-52,8.81397863903341e-57,0.00142224395734715,0.830816245707547,1.966965,461.6249,1.99635,484.4215,1.959575,459.0277,"No issues","No issues","No issues"
716,50,2025-09-26,"low",2025-09-26 07:45:40,2025-09-26 07:55:20,2025-09-26 07:44:10,59,-1.92455772764472,5413.13911209818,0.920502964423239,0.947205765803062,5.00556922971733e-33,4.2382006511533e-38,0.00111475407929179,2.51886867466841,1.937531,467.2026,1.940581,490.1483,1.927958,453.7718,"No issues","No issues","No issues"
716,80,2025-09-25,"high",2025-09-24 18:57:00,2025-09-24 19:06:40,2025-09-24 18:55:30,59,3.61537088486263,3836.18736925772,0.969589096222006,0.985881648320946,6.23604602734453e-45,1.96754224527918e-54,0.0012619987212096,0.904825172180954,1.959018,460.4545,1.980824,483.2841,1.956227,458.1605,"No issues","No issues","No issues"
717,60,2025-09-26,"low",2025-09-26 07:58:10,2025-09-26 08:07:50,2025-09-26 07:56:40,59,-1.15837101110469,-5914.40237147868,0.804943817057281,0.98958869753744,6.87069633674349e-22,3.33570370871564e-58,0.00112390606079412,1.19569742053601,1.929603,466.8654,1.933622,466.8654,1.925504,423.5529,"No issues","No issues","No issues"
717,90,2025-09-25,"high",2025-09-24 19:09:20,2025-09-24 19:19:00,2025-09-24 19:07:50,59,-0.87743264991241,2909.81025552308,0.701929039807133,0.983112942605731,1.30013475046475e-16,3.24308466417009e-52,0.00112696979295914,0.751666524903286,1.95322,462.1678,1.95645,479.2454,1.949463,460.2565,"No issues","No issues","No issues"
718,10,2025-09-25,"high",2025-09-24 19:21:40,2025-09-24 19:31:20,2025-09-24 19:20:10,59,0.524179357101064,2737.72619894797,0.473741627204937,0.979503011635921,1.7008399643696e-09,8.1209660593106e-50,0.00108891481328833,0.780579979045283,1.955504,463.4365,1.959782,479.4078,1.954527,461.0016,"No issues","No issues","No issues"
718,70,2025-09-26,"low",2025-09-26 08:10:40,2025-09-26 08:20:20,2025-09-26 08:09:10,59,-5.52734683343082,4903.97017697252,0.9725232328527,0.792076846659237,3.45510108368137e-46,4.27595917044708e-21,0.00183119585828486,4.95223042614303,1.928969,465.863,1.934997,490.4196,1.899616,455.4901,"No issues","No issues","No issues"
719,20,2025-09-25,"high",2025-09-24 19:34:00,2025-09-24 19:43:40,2025-09-24 19:32:30,59,0.349747300993528,2845.08892951488,0.195019499206332,0.97532188229153,0.000462922194572835,1.61521664895019e-47,0.00140053281835426,0.891996466227288,1.955595,465.9029,1.960957,481.0873,1.95432,463.0746,"No issues","No issues","No issues"
719,80,2025-09-26,"low",2025-09-26 08:23:10,2025-09-26 08:32:50,2025-09-26 08:21:40,59,-7.19050593103453,-4958.27558153127,0.967029319306524,0.804687755203797,6.24846038728182e-44,7.13353624563699e-22,0.00261691032804977,4.81467478239412,1.929359,463.0762,1.937746,463.0762,1.89362,420.3594,"No issues","No issues","No issues"
720,30,2025-09-25,"high",2025-09-24 19:46:20,2025-09-24 19:56:00,2025-09-24 19:44:50,59,-1.50547682524846,3013.09208836936,0.925210661089194,0.979664649991942,8.76628996690337e-34,6.48005397517464e-50,0.000843643304176153,0.85562756775365,1.952117,460.8184,1.954057,477.2014,1.943948,457.2358,"No issues","No issues","No issues"
720,90,2025-09-26,"low",2025-09-26 08:35:40,2025-09-26 08:45:20,2025-09-26 08:34:10,59,-6.30026780128586,6356.22596563412,0.981625387154252,0.976480080878684,3.59920000200995e-51,4.1021363848221e-48,0.00169894951700361,1.94433369401043,1.930435,458.1615,1.935649,490.8228,1.895769,449.8012,"No issues","No issues","No issues"
721,10,2025-09-26,"low",2025-09-26 08:48:10,2025-09-26 08:57:50,2025-09-26 08:46:40,59,-3.42367498772655,2937.79602852131,0.95627507507863,0.924055310334575,1.95996866962932e-40,1.3577575519645e-33,0.00144294874441996,1.6599943817279,1.933952,456.6574,1.938363,468.0446,1.917314,448.0456,"No issues","No issues","No issues"
721,40,2025-09-25,"high",2025-09-24 19:58:40,2025-09-24 20:08:20,2025-09-24 19:57:10,59,1.87640045821159,2953.06544850963,0.987563619209139,0.984513097951906,5.29056509931369e-56,2.75018040332586e-53,0.00041502594884093,0.730011758287778,1.95663,461.2491,1.967338,478.9297,1.954807,459.6179,"No issues","No issues","No issues"
722,20,2025-09-26,"low",2025-09-26 09:00:40,2025-09-26 09:10:20,2025-09-26 08:59:10,59,11.4148321963763,592.441164231431,0.986494010476247,0.483405099782543,5.55843620622019e-55,9.93506999220817e-10,0.00263251446302127,1.20711855755536,1.95372,454.446,2.017798,454.446,1.944924,447.2888,"No issues","No issues","No issues"
722,50,2025-09-25,"high",2025-09-24 20:11:00,2025-09-24 20:20:40,2025-09-24 20:09:30,59,1.20562236820565,2542.99155675043,0.664490456750339,0.973966517898046,3.88865571502889e-15,7.41820473466432e-47,0.00168851381495633,0.819453456572373,1.957226,464.2091,1.965504,479.5739,1.955434,462.078,"No issues","No issues","No issues"
723,30,2025-09-26,"low",2025-09-26 09:13:10,2025-09-26 09:22:50,2025-09-26 09:11:40,59,-3.44244413793113,1741.93943565165,0.98365469419409,0.878012194897711,1.28013654377838e-52,1.02175923168057e-27,0.000874635999490922,1.27975325353536,1.939224,454.471,1.940088,459.3672,1.919192,447.6266,"No issues","No issues","No issues"
723,60,2025-09-25,"high",2025-09-24 20:23:20,2025-09-24 20:33:00,2025-09-24 20:21:50,59,12.2365204348334,3256.02596282873,0.977448751843804,0.982867672492343,1.23663891379245e-48,4.89202507584408e-52,0.00366337595117716,0.847293303809989,1.975255,465.8247,2.03863,483.6577,1.959521,462.6526,"No issues","No issues","No issues"
724,40,2025-09-26,"low",2025-09-26 09:25:40,2025-09-26 09:35:20,2025-09-26 09:24:10,59,3.20383066744592,7019.36611385152,0.98766461826579,0.949087602367636,4.19324482865193e-56,1.50494956250459e-38,0.000705710143105125,3.20436349886432,1.943407,460.8992,1.964759,493.1123,1.942266,450.4508,"No issues","No issues","No issues"
724,70,2025-09-25,"high",2025-09-24 20:35:40,2025-09-24 20:45:20,2025-09-24 20:34:10,59,5.2096493372296,3999.29819754529,0.973522669729046,0.974731833477013,1.20126662812271e-46,3.16822526403816e-47,0.00169339319466264,1.269151110614,1.966515,463.7852,1.991971,485.0974,1.957103,458.1673,"No issues","No issues","No issues"
725,50,2025-09-26,"low",2025-09-26 09:38:10,2025-09-26 09:47:50,2025-09-26 09:36:40,59,-1.49126198012858,4848.69770847455,0.827958548459119,0.886888350602039,1.89286716064578e-23,1.18083316945204e-28,0.00133983541768894,3.41294710778805,1.94144,462.5502,1.944341,481.6107,1.93398,451.156,"No issues","No issues","No issues"
725,80,2025-09-25,"high",2025-09-24 20:48:00,2025-09-24 20:57:40,2025-09-24 20:46:30,59,2.52548058445345,5834.21993968437,0.944348109819583,0.989653043104238,1.90667566181018e-37,2.79537295002063e-58,0.00120837906498569,1.17579847185803,1.962504,463.0216,1.97508,495.8932,1.956943,458.5379,"No issues","No issues","No issues"
726,60,2025-09-26,"low",2025-09-26 09:50:40,2025-09-26 10:00:20,2025-09-26 09:49:10,59,-3.22197264757458,-4764.20567901814,0.960095542740762,0.975833876729999,1.44459269978285e-41,8.88437728306531e-48,0.00129467446701937,1.47771712643065,1.934314,458.7301,1.934314,464.6754,1.914159,431.6161,"No issues","No issues","No issues"
726,90,2025-09-25,"high",2025-09-24 21:00:20,2025-09-24 21:10:00,2025-09-24 20:58:50,59,-1.84018163880776,3603.27645026299,0.970562060428682,0.974549276416839,2.46731419658185e-45,3.89007364854504e-47,0.000631666723895229,1.1477069331734,1.955591,464.2469,1.956591,482.4569,1.945375,458.2551,"No issues","No issues","No issues"
727,10,2025-09-25,"high",2025-09-24 21:12:40,2025-09-24 21:22:20,2025-09-24 21:11:10,59,0.304505715955478,3559.20967293979,0.290201263186373,0.970274822852559,1.0755207902507e-05,3.25440942922765e-45,0.000938639156917469,1.22787363460219,1.958029,464.5361,1.961595,482.0938,1.957713,458.2714,"No issues","No issues","No issues"
727,70,2025-09-26,"low",2025-09-26 10:03:10,2025-09-26 10:12:50,2025-09-26 10:01:40,59,-5.50015128462888,4943.58056247806,0.975876407662389,0.935113717986098,8.44919229693156e-48,1.52234731688689e-35,0.00170444688723622,2.56667631676055,1.932412,461.019,1.936548,485.9357,1.902959,454.0115,"No issues","No issues","No issues"
728,20,2025-09-25,"high",2025-09-24 21:25:00,2025-09-24 21:34:40,2025-09-24 21:23:30,59,-0.0497342840445203,3380.92052086498,0.00494675085374915,0.966327607932148,0.596572129897142,1.1391678892986e-43,0.00139028638330357,1.24392732778018,1.958195,464.5429,1.963364,480.7036,1.957309,457.8503,"No issues","No issues","No issues"
728,80,2025-09-26,"low",2025-09-26 10:15:40,2025-09-26 10:25:20,2025-09-26 10:14:10,59,-6.39345153945068,-9444.13368743427,0.951153100822735,0.990677962206857,4.6179579350416e-39,1.42929518969075e-59,0.00285570880099614,1.80566242720058,1.934588,451.369,1.941663,451.369,1.901249,388.8931,"No issues","No issues","No issues"
729,30,2025-09-25,"high",2025-09-24 21:37:20,2025-09-24 21:47:00,2025-09-24 21:35:50,59,-1.86466954997081,3245.84853769724,0.932868117663449,0.954611243388793,4.01912153903265e-35,5.68671533023558e-40,0.000985919422814147,1.39500054433152,1.954363,462.4148,1.957649,478.3479,1.945399,457.0501,"No issues","No issues","No issues"
729,90,2025-09-26,"low",2025-09-26 10:28:10,2025-09-26 10:37:50,2025-09-26 10:26:40,59,-4.99601713150208,5138.41190601986,0.95720607891875,0.944296692197632,1.06085502778662e-40,1.95757587701609e-37,0.00208208038185624,2.45980358591081,1.932716,459.938,1.938254,484.8919,1.906106,450.5833,"No issues","No issues","No issues"
730,10,2025-09-26,"low",2025-09-26 10:40:40,2025-09-26 10:50:20,2025-09-26 10:39:10,59,-1.96414215780253,2721.96256691991,0.903153791912417,0.916743242738883,1.4021222222724e-30,1.87181763866408e-32,0.00126770624416398,1.61678879976593,1.937176,457.2688,1.940747,468.1085,1.927915,449.0774,"No issues","No issues","No issues"
730,40,2025-09-25,"high",2025-09-24 21:49:40,2025-09-24 21:59:20,2025-09-24 21:48:10,59,1.92731687200459,2910.75106113383,0.988028917832425,0.954546096859882,1.78412876685692e-56,5.92418116788757e-40,0.000418138597040613,1.25192254073997,1.959893,460.4454,1.970871,474.9819,1.957689,454.5316,"No issues","No issues","No issues"
731,20,2025-09-26,"low",2025-09-26 10:53:10,2025-09-26 11:02:50,2025-09-26 10:51:40,59,19.4707641566335,1559.06477147865,0.992655592187395,0.841745919396836,1.59739577159011e-62,1.73679713942985e-24,0.00330101386130807,1.33240533690372,1.954331,452.768,2.067935,458.4778,1.944936,447.5428,"No issues","No issues","No issues"
731,50,2025-09-25,"high",2025-09-24 22:02:00,2025-09-24 22:11:40,2025-09-24 22:00:30,59,1.01600037405021,2600.13695102279,0.604961109793679,0.951304044891549,4.27351299214605e-13,4.227752592445e-39,0.0016182116452875,1.15949332320953,1.959345,462.5631,1.966928,475.0025,1.958077,456.9232,"No issues","No issues","No issues"
732,30,2025-09-26,"low",2025-09-26 11:05:40,2025-09-26 11:15:20,2025-09-26 11:04:10,59,-2.79383312682649,1670.82006592635,0.978204124763017,0.778300232742009,4.68152395729228e-49,2.68386478846945e-20,0.000821974095081899,1.75761591836014,1.941508,454.6534,1.941508,459.0202,1.922817,446.7521,"No issues","No issues","No issues"
732,60,2025-09-25,"high",2025-09-24 22:14:20,2025-09-24 22:24:00,2025-09-24 22:12:50,59,12.4123103495031,3343.89950952657,0.991595659773813,0.978889526988445,7.45112032173013e-61,1.88262781796027e-49,0.00225228003127135,0.967877992977687,1.970252,463.0655,2.042088,481.6985,1.962896,459.4715,"No issues","No issues","No issues"
733,40,2025-09-26,"low",2025-09-26 11:18:10,2025-09-26 11:27:50,2025-09-26 11:16:40,59,8.90377702863815,4468.3727859731,0.994939843622128,0.937816839084848,3.90691834179124e-67,4.52091972000273e-36,0.00125153526047917,2.26783805489674,1.945262,457.4323,1.998165,476.1126,1.940895,447.3862,"No issues","No issues","No issues"
733,70,2025-09-25,"high",2025-09-24 22:26:40,2025-09-24 22:36:20,2025-09-24 22:25:10,59,4.94753920748089,3794.25554552892,0.983238782232989,0.967951887829022,2.6203043742052e-52,2.78161834070351e-44,0.00127320338671471,1.36077453804468,1.963748,461.9213,1.990518,480.9641,1.957422,455.6796,"No issues","No issues","No issues"
734,50,2025-09-26,"low",2025-09-26 11:30:40,2025-09-26 11:40:20,2025-09-26 11:29:10,59,0.139164596142509,1570.38938258328,0.0421175730616094,0.772254404654116,0.118928109711353,5.79958630324755e-20,0.00130809249530913,1.68088268300768,1.940955,459.6113,1.942998,461.1717,1.93797,449.0903,"No issues","No issues","No issues"
734,80,2025-09-25,"high",2025-09-24 22:39:00,2025-09-24 22:48:40,2025-09-24 22:37:30,59,2.77389447106945,4709.63713571009,0.94620093687274,0.979633653059682,7.25718168984974e-38,6.76764554889077e-50,0.00130367957358933,1.3384354306578,1.956535,458.9076,1.972605,483.1165,1.953098,452.1007,"No issues","No issues","No issues"
735,60,2025-09-26,"low",2025-09-26 11:43:10,2025-09-26 11:52:50,2025-09-26 11:41:40,59,-4.70358115721804,-1101.41240444185,0.958649173720301,0.726918241743366,3.98795823603029e-41,1.05432047818291e-17,0.0019254229465549,1.33057322915249,1.930783,454.9453,1.934324,454.9453,1.905566,442.6959,"No issues","No issues","No issues"
735,90,2025-09-25,"high",2025-09-24 22:51:20,2025-09-24 23:01:00,2025-09-24 22:49:50,59,-1.47462985388668,2968.53943097602,0.937622611891518,0.936519933983664,4.94163095987534e-36,8.14717190171614e-36,0.000749666035684098,1.52330985037955,1.950507,458.6998,1.951562,471.5592,1.94204,451.3394,"No issues","No issues","No issues"
736,10,2025-09-25,"high",2025-09-24 23:03:40,2025-09-24 23:13:20,2025-09-24 23:02:10,59,0.0608380222092183,2880.27529164228,0.0243492455043638,0.938525415067959,0.237926382640998,3.26000891353002e-36,0.000759040207349923,1.45292781832638,1.952656,458.238,1.952745,470.431,1.949518,450.5345,"No issues","No issues","No issues"
736,70,2025-09-26,"low",2025-09-26 11:55:40,2025-09-26 12:05:20,2025-09-26 11:54:10,59,-6.00015934541212,7515.22081402688,0.972149246651452,0.976625165649191,5.08011819265387e-46,3.43867721851179e-48,0.00200170485294854,2.29159210616321,1.930334,459.3798,1.933091,498.2209,1.896902,452.9053,"No issues","No issues","No issues"
737,20,2025-09-25,"high",2025-09-24 23:16:00,2025-09-24 23:25:40,2025-09-24 23:14:30,59,-0.333511069550023,3191.5299029807,0.287677931068368,0.963534711266541,1.19467922329196e-05,1.10523928972609e-42,0.00103438076541519,1.22374328112703,1.95031,458.0843,1.952437,473.3913,1.947641,452.5059,"No issues","No issues","No issues"
737,80,2025-09-26,"low",2025-09-26 12:08:10,2025-09-26 12:17:50,2025-09-26 12:06:40,59,-4.74495923319707,-4827.35711046171,0.888042181245283,0.941842028777259,8.81067242627366e-29,6.69914037611539e-37,0.00332068865819365,2.36434187918452,1.931672,444.0186,1.939727,448.5331,1.907453,415.1547,"No issues","No issues","No issues"
738,30,2025-09-25,"high",2025-09-24 23:28:20,2025-09-24 23:38:00,2025-09-24 23:26:50,59,-2.82439479135016,4040.78484161308,0.99313350255102,0.973327135434595,2.34691971116472e-63,1.48167286225818e-46,0.00046288645598446,1.31842793719108,1.947474,455.0873,1.947474,474.7499,1.929758,448.6848,"No issues","No issues","No issues"
738,90,2025-09-26,"low",2025-09-26 12:20:40,2025-09-26 12:30:20,2025-09-26 12:19:10,59,-8.25264269316199,7960.26994085328,0.989570874764524,0.977531135076642,3.50236649060789e-58,1.11410442201644e-48,0.0016698551017357,2.37869258672328,1.933214,459.4911,1.935022,501.8418,1.884953,451.1693,"No issues","No issues","No issues"
739,10,2025-09-26,"low",2025-09-26 12:33:10,2025-09-26 12:42:50,2025-09-26 12:31:40,59,-2.53656513383986,4002.22150695497,0.971585086680963,0.967922427758328,8.99938958105764e-46,2.85546309133612e-44,0.000854995881697795,1.43604102560893,1.935478,456.2355,1.936504,476.0721,1.920998,449.7975,"No issues","No issues","No issues"
739,40,2025-09-25,"high",2025-09-24 23:40:40,2025-09-24 23:50:20,2025-09-24 23:39:10,59,1.47328411455278,3530.75397685564,0.966394467844114,0.974568970835424,1.07639643218048e-43,3.80515137194259e-47,0.00054150183611627,1.12416068171169,1.95272,454.7461,1.959899,472.8841,1.949416,449.9195,"No issues","No issues","No issues"
740,20,2025-09-26,"low",2025-09-26 12:45:40,2025-09-26 12:55:20,2025-09-26 12:44:10,59,25.1951070298071,2234.67818118058,0.992333705151903,0.939906823106251,5.42499676149282e-62,1.7045247146658e-36,0.00436481008319822,1.11370565802375,1.960849,452.0317,2.106781,461.692,1.948134,446.5215,"No issues","No issues","No issues"
740,50,2025-09-25,"high",2025-09-24 23:53:00,2025-09-25 00:02:40,2025-09-24 23:51:30,59,-0.293456514319182,2929.30666043249,0.134646057141811,0.961361831272423,0.00425411996437334,5.75877844057727e-42,0.00146632108424929,1.15748380997574,1.954596,455.8625,1.956604,469.6811,1.950994,450.1607,"No issues","No issues","No issues"
741,30,2025-09-26,"low",2025-09-26 12:58:10,2025-09-26 13:07:50,2025-09-26 12:56:40,59,-3.11641164231452,2587.02692507304,0.977937711534609,0.883089836816893,6.61938051083843e-49,3.03330297926692e-28,0.000922592154220477,1.85528184705467,1.940506,450.9967,1.940506,462.3897,1.918182,444.7674,"No issues","No issues","No issues"
741,60,2025-09-25,"high",2025-09-25 00:05:20,2025-09-25 00:15:00,2025-09-25 00:03:50,59,12.6733216691993,3856.09199018117,0.989006720372825,0.969189240230061,1.57233058111317e-57,9.05062473962409e-45,0.0026335388574563,1.35512561387303,1.967189,457.6338,2.037368,477.2211,1.956194,451.5881,"No issues","No issues","No issues"
742,40,2025-09-26,"low",2025-09-26 13:10:40,2025-09-26 13:20:20,2025-09-26 13:09:10,59,4.87988563413197,8783.54645470485,0.960850477755485,0.978081706671728,8.37866643106661e-42,5.49208813451822e-49,0.00194146796303894,2.59161782448259,1.947316,457.8062,1.971716,505.4614,1.937912,448.9521,"No issues","No issues","No issues"
742,70,2025-09-25,"high",2025-09-25 00:17:40,2025-09-25 00:27:20,2025-09-25 00:16:10,59,4.58445873524253,5123.86110578607,0.979174896823409,0.984705350056774,1.27716053164918e-49,1.92622695490889e-53,0.00131776136327268,1.2586333270198,1.959613,456.4463,1.984515,485.9072,1.95335,451.6407,"No issues","No issues","No issues"
743,80,2025-09-25,"high",2025-09-25 00:30:00,2025-09-25 00:39:40,2025-09-25 00:28:30,59,2.7891934821741,4860.17259801283,0.965518630963514,0.982862520509946,2.24188520047515e-43,4.93413816770159e-52,0.00103890495874746,1.26492284389065,1.955854,457.7872,1.971459,484.4177,1.952465,452.4667,"No issues","No issues","No issues"
744,60,2025-09-26,"low",2025-09-26 14:09:30,2025-09-26 14:19:10,2025-09-26 14:08:00,59,-2.29496023378143,-2571.1566943308,0.934409981803642,0.933358699665077,2.07104667309605e-35,3.26015522998484e-35,0.00119842417795703,1.35413275271098,1.925883,465.0142,1.92735,467.3226,1.912287,448.884,"No issues","No issues","No issues"
744,90,2025-09-25,"high",2025-09-25 00:42:20,2025-09-25 00:52:00,2025-09-25 00:40:50,59,-1.50947970543547,3103.96120537696,0.932964191018542,0.965584301127869,3.85818849840974e-35,2.12326282130031e-43,0.000797505110560236,1.15500732774308,1.948863,455.4145,1.950459,471.0931,1.940624,450.0456,"No issues","No issues","No issues"
745,10,2025-09-25,"high",2025-09-25 00:54:40,2025-09-25 01:04:20,2025-09-25 00:53:10,59,0.415443618936214,2916.67069830506,0.257283495242556,0.972359917238532,4.13204877567486e-05,4.0911610194525e-46,0.00139124277884671,0.969234357486037,1.949913,454.711,1.955219,469.9693,1.949539,450.7187,"No issues","No issues","No issues"
745,70,2025-09-26,"low",2025-09-26 14:22:00,2025-09-26 14:31:40,2025-09-26 14:20:30,59,-6.20086942372891,9099.87892180011,0.985403745384659,0.9784172121344,5.08232729182782e-54,3.53784344977218e-49,0.00148748109087761,2.66386737723463,1.927776,463.7887,1.929794,511.6153,1.89301,454.7635,"No issues","No issues","No issues"
746,20,2025-09-25,"high",2025-09-25 01:07:00,2025-09-25 01:16:40,2025-09-25 01:05:30,59,-0.0732713407364639,3041.6663004091,0.00791310755659651,0.978812206609875,0.502862973120537,2.08945167243916e-49,0.00161703982644014,0.882043489825825,1.948976,455.4052,1.955338,472.112,1.948831,451.7325,"No issues","No issues","No issues"
746,80,2025-09-26,"low",2025-09-26 14:34:30,2025-09-26 14:44:10,2025-09-26 14:33:00,59,-6.32205514436006,-5288.21314506137,0.964105058466029,0.956438668208277,7.05033479132174e-43,1.76123567849174e-40,0.00240435161969841,2.22441707049388,1.926884,448.1685,1.931725,450.4008,1.891952,415.7336,"No issues","No issues","No issues"
747,30,2025-09-25,"high",2025-09-25 01:19:20,2025-09-25 01:29:00,2025-09-25 01:17:50,59,-2.76425311981308,3845.85831163061,0.989090242187708,0.985199572301192,1.26511336522067e-57,7.55165050326391e-54,0.000572206334224536,0.929080964280012,1.947015,453.2501,1.948142,475.4456,1.930762,450.58,"No issues","No issues","No issues"
747,90,2025-09-26,"low",2025-09-26 14:47:00,2025-09-26 14:56:40,2025-09-26 14:45:30,59,-4.84266899824668,5076.09735780244,0.954702068230934,0.907873124115701,5.37092458755827e-40,3.36784630902458e-31,0.00207909961005813,3.1871007440289,1.927342,463.9105,1.933074,484.9938,1.902716,450.5401,"No issues","No issues","No issues"
748,10,2025-09-26,"low",2025-09-26 14:59:30,2025-09-26 15:09:10,2025-09-26 14:58:00,59,-2.57270315838697,5003.9709306838,0.951480960832756,0.975240490996445,3.81084045345017e-39,1.77420248236804e-47,0.00114506721632356,1.57150289860149,1.935168,456.0376,1.936277,482.2663,1.919767,449.2185,"No issues","No issues","No issues"
748,40,2025-09-25,"high",2025-09-25 01:31:40,2025-09-25 01:41:20,2025-09-25 01:30:10,59,1.30518385037979,3463.36202735241,0.983528197378008,0.985280188136347,1.59479006703008e-52,6.46282715498216e-54,0.000332915568440254,0.834361780126095,1.950844,453.0427,1.958318,472.5923,1.949112,449.5938,"No issues","No issues","No issues"
749,20,2025-09-26,"low",2025-09-26 15:12:00,2025-09-26 15:21:40,2025-09-26 15:10:30,59,26.8858010146112,3031.06157147865,0.985147507874308,0.928367479913863,8.34674833048106e-54,2.56043255278852e-34,0.00650664736629903,1.65949202850665,1.974344,455.2901,2.120662,466.8746,1.949423,446.8137,"No issues","No issues","No issues"
749,50,2025-09-25,"high",2025-09-25 01:44:00,2025-09-25 01:53:40,2025-09-25 01:42:30,59,-1.29691702162486,3301.72989643482,0.715575265051795,0.979168040045263,3.38813125702787e-17,1.28920389795113e-49,0.00161158593221556,0.949212065291875,1.949577,453.4863,1.953188,471.1955,1.942737,449.9069,"No issues","No issues","No issues"
750,30,2025-09-26,"low",2025-09-26 15:24:30,2025-09-26 15:34:10,2025-09-26 15:23:00,59,-3.28894956399777,3273.48148965516,0.99014250360101,0.938750664216371,7.02303282535133e-59,2.93584572163562e-36,0.000646810306918274,1.64805123490634,1.941826,452.3844,1.941826,467.4311,1.916986,446.2959,"No issues","No issues","No issues"
750,60,2025-09-25,"high",2025-09-25 01:56:20,2025-09-25 02:06:00,2025-09-25 01:54:50,59,12.4109398667446,4390.52305318526,0.993736621750545,0.987349360536784,1.70789880763288e-64,8.60941982527719e-56,0.0019420419205513,0.979540355764438,1.957277,452.1475,2.031231,477.722,1.950725,448.6443,"No issues","No issues","No issues"
751,40,2025-09-26,"low",2025-09-26 15:37:00,2025-09-26 15:46:40,2025-09-26 15:35:30,59,7.32151479135003,7620.06521940383,0.986774231252627,0.964118811901935,3.05764303855816e-55,6.97370135057769e-43,0.00167065880176733,2.89742413869028,1.944991,460.7484,1.985261,496.9738,1.93785,449.6375,"No issues","No issues","No issues"
751,70,2025-09-25,"high",2025-09-25 02:08:40,2025-09-25 02:18:20,2025-09-25 02:07:10,59,3.25868431560482,5008.1613054354,0.956422011646188,0.968073763674388,1.78054504993738e-40,2.49523475024164e-44,0.00137099652716517,1.79259921459029,1.959041,456.9509,1.97306,484.7359,1.950177,451.9203,"No issues","No issues","No issues"
752,50,2025-09-26,"low",2025-09-26 15:49:30,2025-09-26 15:59:10,2025-09-26 15:48:00,59,-0.378048729398143,6480.04529561659,0.296407515803595,0.968999957954823,8.29416759910973e-06,1.07776960194771e-44,0.00114801887702408,2.28445475180674,1.938954,459.2605,1.939193,491.9676,1.934697,452.1951,"No issues","No issues","No issues"
752,80,2025-09-25,"high",2025-09-25 02:21:00,2025-09-25 02:30:40,2025-09-25 02:19:30,59,1.73256642431318,5892.30795745176,0.906498165419483,0.986859264674676,5.1408169967411e-31,2.54409248703831e-55,0.00109673512220227,1.34014847354307,1.952797,455.1605,1.962043,486.8749,1.948853,448.2774,"No issues","No issues","No issues"
753,60,2025-09-27,"low",2025-09-26 16:02:00,2025-09-26 16:11:40,2025-09-26 16:00:30,59,-2.53636062185861,-2533.85386043251,0.970493839915457,0.887267436140862,2.63566256516593e-45,1.07287135640724e-28,0.000871678258773838,1.7801813246248,1.930828,455.4814,1.931099,455.4814,1.915823,436.6999,"No issues","No issues","No issues"
753,90,2025-09-25,"high",2025-09-25 02:33:20,2025-09-25 02:43:00,2025-09-25 02:31:50,59,-1.73301635067217,3575.6883899474,0.928616172667754,0.968117800593422,2.31852010807741e-34,2.39892981960269e-44,0.000947043025188928,1.27895408961097,1.947119,455.8237,1.949229,472.7227,1.937791,449.7819,"No issues","No issues","No issues"
754,10,2025-09-25,"high",2025-09-25 02:45:40,2025-09-25 02:55:20,2025-09-25 02:44:10,59,-0.344800635885546,3537.72828988894,0.45793156394105,0.965819534191409,4.0170960247025e-09,1.74607201585993e-43,0.000739401087055648,1.31174895518346,1.951175,455.6909,1.951676,472.6067,1.948306,448.507,"No issues","No issues","No issues"
754,70,2025-09-27,"low",2025-09-26 16:14:30,2025-09-26 16:24:10,2025-09-26 16:13:00,59,-4.9347968486266,5834.48075558153,0.984237539020011,0.95688914787296,4.54689430159419e-53,1.30934590553472e-40,0.00123088246517591,2.44089982998592,1.926922,462.6443,1.928983,493.4196,1.898618,454.6893,"No issues","No issues","No issues"
755,20,2025-09-25,"high",2025-09-25 02:58:00,2025-09-25 03:07:40,2025-09-25 02:56:30,59,-0.169391466978405,3922.53540806545,0.010595109417645,0.990644860283872,0.437874638483545,1.5812566713734e-59,0.0032263471050147,0.751308448786179,1.949213,454.0069,1.961436,476.9991,1.948525,450.9608,"No issues","No issues","No issues"
755,80,2025-09-27,"low",2025-09-26 16:27:00,2025-09-26 16:36:40,2025-09-26 16:25:30,59,-6.37658157334902,-1489.25256154296,0.963745525760199,0.755038960454697,9.36798497832708e-43,4.6775759286209e-19,0.00243765811191689,1.6719274932729,1.924251,449.4191,1.930963,452.0837,1.890651,441.5385,"No issues","No issues","No issues"
756,30,2025-09-25,"high",2025-09-25 03:10:20,2025-09-25 03:20:00,2025-09-25 03:08:50,59,-3.0887590976038,4221.44476727059,0.98683264448422,0.985077287761934,2.69517530308033e-55,9.5480046495097e-54,0.000703229079420603,1.02408285911961,1.947555,453.5494,1.948346,477.2888,1.929216,449.6454,"No issues","No issues","No issues"
756,90,2025-09-27,"low",2025-09-26 16:39:30,2025-09-26 16:49:10,2025-09-26 16:38:00,59,-5.43099896668628,5594.37071186439,0.983595675876832,0.961212144018107,1.41866443489876e-52,6.43015331432078e-42,0.00138240673839135,2.2150052540911,1.929064,457.8738,1.932123,484.3077,1.898716,447.9901,"No issues","No issues","No issues"
757,10,2025-09-27,"low",2025-09-26 16:52:00,2025-09-26 17:01:40,2025-09-26 16:50:30,59,-2.06814129748687,3878.21569234364,0.892150955088973,0.947676101403384,3.02871150929923e-29,3.2833348431532e-38,0.00141727603195049,1.79612806586952,1.933257,452.2852,1.936043,471.9395,1.922108,446.562,"No issues","No issues","No issues"
757,40,2025-09-25,"high",2025-09-25 03:22:40,2025-09-25 03:32:20,2025-09-25 03:21:10,59,1.19706619286962,3683.77761776737,0.993574323188057,0.983153100587917,3.54110000212504e-64,3.0302664609006e-52,0.000189741653818223,0.950447376216802,1.949904,454.5836,1.95761,475.0436,1.949373,451.0068,"No issues","No issues","No issues"
758,20,2025-09-27,"low",2025-09-26 17:04:30,2025-09-26 17:14:10,2025-09-26 17:03:00,59,22.6467034295734,4455.82307235534,0.982226840583998,0.979153883116843,1.39364150080173e-51,1.31441703848793e-49,0.0060043592470125,1.28144598112813,1.972218,451.9207,2.092261,475.3022,1.948408,446.9825,"No issues","No issues","No issues"
758,50,2025-09-25,"high",2025-09-25 03:35:00,2025-09-25 03:44:40,2025-09-25 03:33:30,59,-1.78908192168326,3450.27119018116,0.948210207383464,0.975886522619739,2.45021033009615e-38,8.34876286931668e-48,0.000824110137808222,1.0689779577723,1.948508,453.8871,1.949741,471.8146,1.938288,448.9449,"No issues","No issues","No issues"
759,30,2025-09-27,"low",2025-09-26 17:17:00,2025-09-26 17:26:40,2025-09-26 17:15:30,59,-3.24165427469321,4297.34143588544,0.988413508327901,0.97587446241275,7.03352495574725e-57,8.46863949399617e-48,0.000691765011772728,1.33176206709181,1.93786,450.5839,1.93786,473.0267,1.91605,446.3684,"No issues","No issues","No issues"
759,60,2025-09-25,"high",2025-09-25 03:47:20,2025-09-25 03:57:00,2025-09-25 03:45:50,59,12.2886649304499,4715.93883156048,0.994906818872909,0.989821959679277,4.70282701789457e-67,1.7485275927766e-58,0.00173297906368523,0.942555563192719,1.9564,452.3608,2.029727,479.9309,1.951114,449.3597,"No issues","No issues","No issues"
760,40,2025-09-27,"low",2025-09-26 17:29:30,2025-09-26 17:39:10,2025-09-26 17:28:00,59,5.80893458328455,9423.96749316188,0.977190145996251,0.981663921859736,1.71170193594435e-48,3.39010370789831e-51,0.00174925633556631,2.53857995431698,1.945383,459.3079,1.974779,510.7,1.93689,451.6135,"No issues","No issues","No issues"
760,70,2025-09-25,"high",2025-09-25 03:59:40,2025-09-25 04:09:20,2025-09-25 03:58:10,59,3.20240615312686,6126.00798971362,0.978826499395875,0.986427788548911,2.04963701084238e-49,6.39008522380936e-55,0.00092833589177373,1.41630071648221,1.954487,455.2614,1.971426,491.0028,1.950153,451.1707,"No issues","No issues","No issues"
761,50,2025-09-27,"low",2025-09-26 17:42:00,2025-09-26 17:51:40,2025-09-26 17:40:30,59,-0.44451007364124,7757.2246891876,0.534047236396143,0.98090871215427,5.01006772790672e-11,1.07138217357468e-50,0.000818366746546404,2.13302008278289,1.936207,461.944,1.936207,504.1248,1.931582,454.5926,"No issues","No issues","No issues"
761,80,2025-09-25,"high",2025-09-25 04:12:00,2025-09-25 04:21:40,2025-09-25 04:10:30,59,1.14874581881934,7967.95853091758,0.95923294330856,0.992125718036001,2.65852209483442e-41,1.16350590632334e-61,0.00046676881830091,1.39911833791354,1.951812,455.7271,1.957818,502.6749,1.949605,451.5608,"No issues","No issues","No issues"
762,60,2025-09-27,"low",2025-09-26 17:54:30,2025-09-26 18:04:10,2025-09-26 17:53:00,59,-3.31128479719466,6974.89157498537,0.959007166783021,0.996141285361418,3.11206795250659e-41,1.72395067706315e-70,0.00134935068261328,0.85562522303119,1.927607,455.8711,1.92816,503.2023,1.907616,455.8711,"No issues","No issues","No issues"
762,90,2025-09-25,"high",2025-09-25 04:24:20,2025-09-25 04:34:00,2025-09-25 04:22:50,59,-2.91222789012271,5629.73992285213,0.992253296970856,0.984230258343009,7.30400515495908e-62,4.60714843186633e-53,0.000507174946062118,1.40455102746268,1.947483,456.5947,1.948067,487.1225,1.929822,450.3981,"No issues","No issues","No issues"
763,10,2025-09-25,"high",2025-09-25 04:36:40,2025-09-25 04:46:20,2025-09-25 04:35:10,59,-0.674405779076613,5183.52492624195,0.928158916160074,0.988573190931257,2.78192716726451e-34,4.73554687637885e-57,0.000369812687671009,1.09842021977022,1.948661,453.8519,1.949711,484.313,1.945385,450.6796,"No issues","No issues","No issues"
763,70,2025-09-27,"low",2025-09-26 18:07:00,2025-09-26 18:16:40,2025-09-26 18:05:30,59,-4.25575142489782,6370.63486990064,0.938000191243952,0.986695395622582,4.1556235634443e-36,3.62212290332519e-55,0.00215652859512687,1.45806673733399,1.925752,465.1648,1.930756,501.8165,1.903493,461.5755,"No issues","No issues","No issues"
764,20,2025-09-25,"high",2025-09-25 04:49:00,2025-09-25 04:58:40,2025-09-25 04:47:30,59,-1.40638445821161,4697.48260993569,0.97758769668406,0.99177445994139,1.03685128517109e-48,4.03660692634602e-61,0.00041971519950678,0.843191438604925,1.949735,455.1022,1.949735,482.7662,1.940084,452.6736,"No issues","No issues","No issues"
764,80,2025-09-27,"low",2025-09-26 18:19:30,2025-09-26 18:29:10,2025-09-26 18:18:00,59,-4.17905589713629,9139.14108147282,0.893030190044946,0.999235600433972,2.39735471391124e-29,1.57358663306621e-90,0.00285076211198281,0.498215121380832,1.922869,462.7672,1.930911,525.9325,1.902806,462.7672,"No issues","No issues","No issues"
765,30,2025-09-25,"high",2025-09-25 05:01:20,2025-09-25 05:11:00,2025-09-25 04:59:50,59,-2.94803314085335,4835.86571782581,0.986077125691437,0.98707196002536,1.32224622810813e-54,1.59774963111952e-55,0.000690441085845753,1.09081581288315,1.946143,455.636,1.948028,482.6647,1.929836,452.5722,"No issues","No issues","No issues"
765,90,2025-09-27,"low",2025-09-26 18:32:00,2025-09-26 18:41:40,2025-09-26 18:30:30,59,-3.55030729164233,4176.08360584453,0.929244485963956,0.985964177968377,1.80153397180201e-34,1.66472094529855e-54,0.00193092919836221,0.982070802500196,1.925348,469.5061,1.931894,493.0276,1.908935,467.3358,"No issues","No issues","No issues"
766,10,2025-09-27,"low",2025-09-26 18:44:30,2025-09-26 18:54:10,2025-09-26 18:43:00,59,-1.80468189362945,3767.48820946815,0.890133438699676,0.995886883532337,5.14202298346734e-29,1.06374182296266e-69,0.00124965786090211,0.477218922367419,1.929951,467.0446,1.932823,491.0073,1.920752,467.0446,"No issues","No issues","No issues"
766,40,2025-09-25,"high",2025-09-25 05:13:40,2025-09-25 05:23:20,2025-09-25 05:12:10,59,0.459323305669165,4127.93527434248,0.939098977355688,0.982539426603356,2.49497859087701e-36,8.40348672740587e-52,0.000230547462750792,1.08460697505449,1.949683,455.611,1.952481,478.3955,1.94902,451.6195,"No issues","No issues","No issues"
767,20,2025-09-27,"low",2025-09-26 18:57:00,2025-09-26 19:06:40,2025-09-26 18:55:30,59,16.2631280514318,4583.73673220336,0.95791396186406,0.997808691019645,6.59243896724191e-41,1.70848533113904e-77,0.00671885252314844,0.423382682717821,1.975526,473.5293,2.053243,503.7261,1.948126,473.5293,"No issues","No issues","No issues"
767,50,2025-09-25,"high",2025-09-25 05:26:00,2025-09-25 05:35:40,2025-09-25 05:24:30,59,-1.49587334658093,3746.41024523668,0.926470105436066,0.986917357232747,5.39911128530996e-34,2.24223574739581e-55,0.000830608453603551,0.850174229978232,1.947492,454.1261,1.948896,475.4887,1.939433,452.0277,"No issues","No issues","No issues"
768,30,2025-09-27,"low",2025-09-26 19:09:30,2025-09-26 19:19:10,2025-09-26 19:08:00,59,-2.61416556399773,4047.90069713618,0.960600098663421,0.99598646406618,1.00493166773674e-41,5.29011960308806e-70,0.00104350515683796,0.506467947975657,1.933839,476.3254,1.934245,502.7648,1.917935,476.3254,"No issues","No issues","No issues"
768,60,2025-09-25,"high",2025-09-25 05:38:20,2025-09-25 05:48:00,2025-09-25 05:36:50,59,11.9847439672705,4774.61523787258,0.995568960917349,0.988483087681088,8.88052310682908e-69,5.92386714826259e-57,0.00157590899096988,1.01579727822713,1.955352,453.8976,2.026888,481.1052,1.95128,451.1047,"No issues","No issues","No issues"
769,40,2025-09-27,"low",2025-09-26 19:22:00,2025-09-26 19:31:40,2025-09-26 19:20:30,59,2.52419039158381,7324.57479555815,0.948762060653135,0.995392550313234,1.80503153725382e-38,2.7020526874083e-68,0.00115617756668563,0.982201928122975,1.945107,489.6644,1.955545,534.4341,1.938479,488.5844,"No issues","No issues","No issues"
769,70,2025-09-25,"high",2025-09-25 05:50:40,2025-09-25 06:00:20,2025-09-25 05:49:10,59,2.96353565400338,5055.34731969607,0.982057927440996,0.985225988176829,1.82500618936831e-51,7.17670824726079e-54,0.000789520051862286,1.22016214345368,1.953683,456.9941,1.968974,485.0775,1.949506,451.412,"No issues","No issues","No issues"
770,50,2025-09-27,"low",2025-09-26 19:34:30,2025-09-26 19:44:10,2025-09-26 19:33:00,59,-0.879169739333746,7257.35594903564,0.807790503424276,0.975246000369513,4.51124797418651e-22,1.76298059028806e-47,0.000845271131751934,2.27892106031157,1.935826,483.4331,1.936725,522.5211,1.930192,476.5403,"No issues","No issues","No issues"
770,80,2025-09-25,"high",2025-09-25 06:03:00,2025-09-25 06:12:40,2025-09-25 06:01:30,59,2.12300504500286,5333.33404278199,0.950140607555243,0.979088571648584,8.2910118167461e-39,1.43702810340837e-49,0.000958552344966437,1.53626062884832,1.949954,457.3509,1.962719,485.1171,1.948546,451.5622,"No issues","No issues","No issues"
771,60,2025-09-27,"low",2025-09-26 19:47:00,2025-09-26 19:56:40,2025-09-26 19:45:30,59,-2.70112304850969,5788.6163431911,0.890981990036253,0.979291372901201,4.12066564953857e-29,1.08842551787761e-49,0.00186227703409407,1.65912731171055,1.920072,491.1128,1.926036,522.6086,1.907803,486.0543,"No issues","No issues","No issues"
771,90,2025-09-25,"high",2025-09-25 06:15:20,2025-09-25 06:25:00,2025-09-25 06:13:50,59,-1.78627581531276,3963.59934354177,0.975896046569597,0.970844090350592,8.25525499923862e-48,1.87503929525032e-45,0.000553319703092351,1.35382820105714,1.945999,456.302,1.947281,476.7774,1.936221,450.3362,"No issues","No issues","No issues"
772,10,2025-09-25,"high",2025-09-25 06:27:40,2025-09-25 06:37:20,2025-09-25 06:26:10,59,-0.165025009935756,4652.17229877264,0.232516942879143,0.987995534234824,0.000110071064564369,1.93153202431151e-56,0.000590938275322816,1.01072957864689,1.947626,453.6069,1.949699,480.0105,1.947303,450.2502,"No issues","No issues","No issues"
772,70,2025-09-27,"low",2025-09-26 19:59:30,2025-09-26 20:09:10,2025-09-26 19:58:00,59,-4.20997406896554,6435.55005306835,0.934889754432076,0.995660175162124,1.67962575620256e-35,4.90871722275098e-69,0.00218982366003236,0.837435681197192,1.923784,493.423,1.930344,532.6021,1.903723,492.9573,"No issues","No issues","No issues"
773,20,2025-09-25,"high",2025-09-25 06:40:00,2025-09-25 06:49:40,2025-09-25 06:38:30,59,-0.981697402688617,3556.01044909409,0.917984359548132,0.985828203595665,1.21921532884034e-32,2.19129745903771e-54,0.000578353805887225,0.840349832423854,1.947161,455.6519,1.949109,475.8188,1.942183,452.3669,"No issues","No issues","No issues"
773,80,2025-09-27,"low",2025-09-26 20:12:00,2025-09-26 20:21:40,2025-09-26 20:10:30,59,-4.39358290590304,8070.72575102276,0.8999069254343,0.997821076570786,3.59500028760234e-30,1.45362247985279e-77,0.00288806723930043,0.743348542434568,1.926876,503.7573,1.936568,553.4258,1.907531,502.1411,"No issues","No issues","No issues"
774,30,2025-09-25,"high",2025-09-25 06:52:20,2025-09-25 07:02:00,2025-09-25 06:50:50,59,-3.85388134190535,4720.87822513149,0.986080885071914,0.977913051432787,1.31210626249672e-54,6.8336027042869e-49,0.000902470751665086,1.39838189731788,1.944652,456.0957,1.94725,481.1641,1.922949,450.3664,"No issues","No issues","No issues"
774,90,2025-09-27,"low",2025-09-26 20:24:30,2025-09-26 20:34:10,2025-09-26 20:23:00,59,-3.58300345528935,3364.46634529513,0.949911049236457,0.92490596023007,9.4517946878978e-39,9.84485471103245e-34,0.00162166812703011,1.88953695438424,1.923063,480.6255,1.927903,495.0692,1.905088,472.9727,"No issues","No issues","No issues"
775,10,2025-09-27,"low",2025-09-26 20:37:00,2025-09-26 20:46:40,2025-09-26 20:35:30,59,-2.32405294681484,3065.80335990647,0.92161653865811,0.971795739587451,3.34653506515695e-33,7.27891178150753e-46,0.00133588281608447,1.02943614971902,1.926687,478.1044,1.930071,494.0199,1.914878,474.3382,"No issues","No issues","No issues"
775,40,2025-09-25,"high",2025-09-25 07:04:40,2025-09-25 07:14:20,2025-09-25 07:03:10,59,0.0704192822909625,3856.2486312098,0.0382297923484712,0.978365879276061,0.137786750530083,3.78576151486766e-49,0.000696163968045788,1.13023631960266,1.948868,455.0094,1.949014,475.9829,1.946381,449.6307,"No issues","No issues","No issues"
776,20,2025-09-27,"low",2025-09-26 20:49:30,2025-09-26 20:59:10,2025-09-26 20:48:00,59,11.8987343074225,3745.78241870251,0.946839034758737,0.966848824914906,5.16349733880312e-38,7.30106186253987e-44,0.00555705090878482,1.36709274976376,1.968146,481.5429,2.020813,499.6288,1.943199,475.2339,"No issues","No issues","No issues"
776,50,2025-09-25,"high",2025-09-25 07:17:00,2025-09-25 07:26:40,2025-09-25 07:15:30,59,-1.69531141087089,2903.82840631209,0.884146716564066,0.96835533536081,2.34026052321187e-28,1.93822641647094e-44,0.00120955813260414,1.0346395596249,1.946678,455.3961,1.950047,468.9461,1.938364,450.6383,"No issues","No issues","No issues"
777,30,2025-09-27,"low",2025-09-26 21:02:00,2025-09-26 21:11:40,2025-09-26 21:00:30,59,-2.76889528930458,3392.51225996491,0.971190530958055,0.973563833957021,1.33346729115463e-45,1.14913877528027e-46,0.000939955289916521,1.10185310948725,1.930192,487.1645,1.930444,504.4798,1.913312,482.6095,"No issues","No issues","No issues"
777,60,2025-09-25,"high",2025-09-25 07:29:20,2025-09-25 07:39:00,2025-09-25 07:27:50,59,10.4405891291641,3433.26079251899,0.993243908046524,0.978521967914887,1.47857428624828e-63,3.07959844030349e-49,0.00169718850875929,1.00254529646064,1.95707,452.8108,2.017852,470.859,1.950885,448.7185,"No issues","No issues","No issues"
778,40,2025-09-27,"low",2025-09-26 21:14:30,2025-09-26 21:24:10,2025-09-26 21:13:00,59,1.59380984219743,6247.96964395088,0.924358582778168,0.951411573534976,1.21123263225751e-33,3.96939539409942e-39,0.000898630905018105,2.78295618975865,1.937115,494.8897,1.94298,523.9961,1.931652,483.3791,"No issues","No issues","No issues"
778,70,2025-09-25,"high",2025-09-25 07:41:40,2025-09-25 07:51:20,2025-09-25 07:40:10,59,1.92341953009931,3908.32460268848,0.95407132453741,0.925741836038955,7.96793159001194e-40,7.15277144350035e-34,0.000831784488115531,2.18174023649051,1.95361,453.7995,1.962778,476.9504,1.949249,449.0227,"No issues","No issues","No issues"
779,50,2025-09-27,"low",2025-09-26 21:27:00,2025-09-26 21:36:40,2025-09-26 21:25:30,59,-1.44839071420221,6126.23350835766,0.85789590918268,0.953959229861079,8.00676361917949e-26,8.54165406967855e-40,0.0011618685067763,2.65268196994762,1.932212,493.7871,1.933673,523.6728,1.923688,483.3973,"No issues","No issues","No issues"
779,80,2025-09-25,"high",2025-09-25 07:54:00,2025-09-25 08:03:40,2025-09-25 07:52:30,59,1.38476122969015,4924.55271724135,0.951232931276603,0.949083054526962,4.40745089991156e-39,1.5087890789927e-38,0.000617987996565411,2.24818014957602,1.951442,454.1943,1.959312,481.3963,1.948708,449.6415,"No issues","No issues","No issues"
780,60,2025-09-27,"low",2025-09-26 21:39:30,2025-09-26 21:49:10,2025-09-26 21:38:00,59,-2.4216394997078,4285.26356423143,0.861096479976056,0.857301487494382,4.17561071037853e-26,9.02128324732384e-26,0.00191701480594627,3.44592427209418,1.918877,493.5379,1.925821,506.1495,1.908864,476.0952,"No issues","No issues","No issues"
780,90,2025-09-25,"high",2025-09-25 08:06:20,2025-09-25 08:16:00,2025-09-25 08:04:50,59,-2.27093891291648,3889.28120444184,0.980083617082096,0.98624103101069,3.57944120120306e-50,9.43412619048032e-55,0.000638064198882683,0.905432363754019,1.947055,453.1825,1.948293,473.6916,1.934185,448.1566,"No issues","No issues","No issues"
781,10,2025-09-25,"high",2025-09-25 08:18:40,2025-09-25 08:28:20,2025-09-25 08:17:10,59,0.00771186908235137,4248.53917101111,0.000408627844882739,0.982876908919993,0.879215211987574,4.81739181767013e-52,0.000751782437127091,1.10526495652551,1.948712,453.0915,1.951378,475.5465,1.948347,447.611,"No issues","No issues","No issues"
781,70,2025-09-27,"low",2025-09-26 21:52:00,2025-09-26 22:01:40,2025-09-26 21:50:30,59,-4.2449001706605,5733.12194132085,0.933326960941966,0.90453978752754,3.30475201459103e-35,9.29070941692041e-31,0.00223620161932908,3.67091050380502,1.924164,483.4059,1.931431,503.1837,1.904096,464.3961,"No issues","No issues","No issues"
782,20,2025-09-25,"high",2025-09-25 08:31:00,2025-09-25 08:40:40,2025-09-25 08:29:30,59,-0.747456953828217,2376.56228170659,0.644280182827967,0.976025539556012,2.09008425199849e-14,7.07992581902008e-48,0.00109468227651749,0.734138984354777,1.948083,451.8163,1.951977,464.5042,1.94596,448.7628,"No issues","No issues","No issues"
782,80,2025-09-27,"low",2025-09-26 22:04:30,2025-09-26 22:14:10,2025-09-26 22:03:00,59,-4.35119135943898,7177.42797054353,0.905619358964842,0.896385555453628,6.71466697363506e-31,9.64899887048593e-30,0.00276861171625595,4.80968712573522,1.923085,483.3327,1.931676,507.9463,1.902914,459.0117,"No issues","No issues","No issues"
783,30,2025-09-25,"high",2025-09-25 08:43:20,2025-09-25 08:53:00,2025-09-25 08:41:50,59,-2.20233196025717,1991.13314412623,0.979478636895292,0.953370803661856,8.40084931999197e-50,1.22703998624119e-39,0.000628309543193543,0.867927800401267,1.946255,450.361,1.94797,460.8387,1.934431,446.7917,"No issues","No issues","No issues"
783,90,2025-09-27,"low",2025-09-26 22:17:00,2025-09-26 22:26:40,2025-09-26 22:15:30,59,-4.10450951256584,3572.29753080069,0.93840832375998,0.874578832138133,3.44189674548653e-36,2.25796852802517e-27,0.00207258146127879,2.66636020682379,1.925322,465.6641,1.932633,477.4203,1.9063,452.4691,"No issues","No issues","No issues"
784,10,2025-09-27,"low",2025-09-26 22:29:30,2025-09-26 22:39:10,2025-09-26 22:28:00,59,-2.65794829690249,3302.57915137345,0.897776751216784,0.878306367753251,6.55911626159685e-30,9.53662159025348e-28,0.00176775651872873,2.42297761936792,1.928457,464.8021,1.934985,474.1753,1.917434,451.8,"No issues","No issues","No issues"
784,40,2025-09-25,"high",2025-09-25 08:55:40,2025-09-25 09:05:20,2025-09-25 08:54:10,59,1.69102574868492,2154.96829830508,0.995190762925278,0.973040965252353,9.16812471030301e-68,2.00864090908958e-46,0.000231696995418673,0.706989150410424,1.949169,450.0099,1.960325,462.768,1.948477,448.2841,"No issues","No issues","No issues"
785,20,2025-09-27,"low",2025-09-26 22:42:00,2025-09-26 22:51:40,2025-09-26 22:40:30,59,11.0719241800116,3542.81104383402,0.959765376647178,0.87694022023342,1.82728222952525e-41,1.3118845900975e-27,0.00446812989544432,2.61581073941362,1.964101,465.3633,2.015661,476.184,1.943551,452.0306,"No issues","No issues","No issues"
785,50,2025-09-25,"high",2025-09-25 09:08:00,2025-09-25 09:17:40,2025-09-25 09:06:30,59,-0.220095289304531,859.555525423731,0.0457341702385879,0.646646890074132,0.10386770744844,1.7249721169514e-14,0.00198157396849161,1.25236250102877,1.948548,452.7133,1.955699,453.5253,1.948548,446.0577,"No issues","No issues","No issues"
786,30,2025-09-27,"low",2025-09-26 22:54:30,2025-09-26 23:04:10,2025-09-26 22:53:00,59,-3.04484507305678,3425.40541157217,0.946477797011173,0.860722850000186,6.26391522236735e-38,4.50878206744341e-26,0.00142712571453551,2.71584828503931,1.933606,466.3481,1.937542,476.1032,1.918049,452.3768,"No issues","No issues","No issues"
786,60,2025-09-25,"high",2025-09-25 09:20:20,2025-09-25 09:30:00,2025-09-25 09:18:50,59,14.0272409772062,2549.99732928111,0.997602112039866,0.962814679355422,2.22702371473222e-76,1.93032911233866e-42,0.00135548051176649,0.987732618292471,1.953834,451.5558,2.040615,464.3065,1.950514,447.3945,"No issues","No issues","No issues"
787,40,2025-09-27,"low",2025-09-26 23:07:00,2025-09-26 23:16:40,2025-09-26 23:05:30,59,1.18340580245465,7041.75941835183,0.968679404239716,0.934145872183927,1.44519222385157e-44,2.32267639554183e-35,0.000419414967600414,3.68511114859617,1.94123,471.5862,1.948539,501.1792,1.940079,454.1946,"No issues","No issues","No issues"
787,70,2025-09-25,"high",2025-09-25 09:32:40,2025-09-25 09:42:20,2025-09-25 09:31:10,59,3.70842989596729,1283.40554623026,0.987517803095258,0.882973913058399,5.87525611220249e-56,3.12039875750217e-28,0.000821766395496756,0.920908695252551,1.95328,452.7627,1.974707,457.3699,1.949778,447.6276,"No issues","No issues","No issues"
788,50,2025-09-27,"low",2025-09-26 23:19:30,2025-09-26 23:29:10,2025-09-26 23:18:00,59,-1.80720117825835,7738.40999088251,0.836439570125622,0.951537793853818,4.45946217962379e-24,3.68554261776965e-39,0.00157511981192525,3.44211646705094,1.936806,472.3158,1.941526,507.5915,1.928692,457.3434,"No issues","No issues","No issues"
788,80,2025-09-25,"high",2025-09-25 09:45:00,2025-09-25 09:54:40,2025-09-25 09:43:30,59,3.98395298188185,2067.21114669782,0.969252817949451,0.909124462504989,8.53292222806165e-45,2.27925399414452e-31,0.00139856799069848,1.28819591889966,1.951232,454.3139,1.977364,463.45,1.949693,448.5229,"No issues","No issues","No issues"
789,60,2025-09-27,"low",2025-09-26 23:32:00,2025-09-26 23:41:40,2025-09-26 23:30:30,59,-2.43153081005262,5201.38776014025,0.900598283379814,0.944996656176804,2.94950580021318e-30,1.36472295924099e-37,0.00159219559561855,2.47334043837693,1.926526,480.7968,1.934033,502.4683,1.917357,467.6412,"No issues","No issues","No issues"
789,90,2025-09-25,"high",2025-09-25 09:57:20,2025-09-25 10:07:00,2025-09-25 09:55:50,59,-1.30320993103458,2617.50370450027,0.932633739629175,0.903503250689016,4.43937420204391e-35,1.26462502890826e-30,0.000690343588405662,1.68602513022501,1.949251,454.455,1.95028,467.1829,1.941704,448.8726,"No issues","No issues","No issues"
790,10,2025-09-25,"high",2025-09-25 10:09:40,2025-09-25 10:19:20,2025-09-25 10:08:10,59,0.831560360023324,4415.31828778491,0.792175797238327,0.958411495568611,4.21808920977542e-21,4.69615265822768e-41,0.000839491516761843,1.81283349529897,1.949241,453.4665,1.955728,477.6461,1.948546,449.4598,"No issues","No issues","No issues"
790,70,2025-09-27,"low",2025-09-26 23:44:30,2025-09-26 23:54:10,2025-09-26 23:43:00,59,-4.49365339567505,7632.64821040327,0.948453577661905,0.974399031285611,2.14214450180892e-38,4.60090944699027e-47,0.00206479077969468,2.4384860773442,1.93086,469.7186,1.938301,506.9566,1.909996,457.7104,"No issues","No issues","No issues"
791,80,2025-09-27,"low",2025-09-26 23:57:00,2025-09-27 00:06:40,2025-09-26 23:55:30,59,-4.71975679251906,9588.22899170074,0.891206268831218,0.965420957279956,3.88530389057162e-29,2.43022138796301e-43,0.00325025695307874,3.57661156089446,1.930274,471.016,1.941657,517.782,1.909983,455.8558,"No issues","No issues","No issues"
792,30,2025-09-25,"high",2025-09-25 10:47:10,2025-09-25 10:57:00,2025-09-25 10:45:50,60,-1.96920148041122,3510.40796932481,0.985450169780238,0.958025281595318,5.55021619240269e-55,1.24163824218169e-41,0.000479610121720713,1.4728196178907,1.948351,453.7277,1.948351,471.6604,1.936347,448.0731,"No issues","No issues","No issues"
792,90,2025-09-27,"low",2025-09-27 00:09:30,2025-09-27 00:19:10,2025-09-27 00:08:00,59,-5.26813572413802,5307.8930047925,0.959312499407957,0.959731513472722,2.51446193223402e-41,1.87165579286946e-41,0.00213841831931495,2.14296556370982,1.93311,459.5302,1.94043,485.4478,1.907214,451.0751,"No issues","No issues","No issues"
793,10,2025-09-27,"low",2025-09-27 00:22:00,2025-09-27 00:31:40,2025-09-27 00:20:30,59,-3.31591434248975,4444.40241636468,0.946314495779303,0.97429641001959,6.83264864850579e-38,5.15681155319473e-47,0.00155667994923438,1.42282003767958,1.935321,456.7014,1.940808,479.1134,1.919645,450.2508,"No issues","No issues","No issues"
793,40,2025-09-25,"high",2025-09-25 10:59:30,2025-09-25 11:09:20,2025-09-25 10:58:10,60,4.48295126424007,3801.56223751041,0.994832633043295,0.930294825782753,5.06117560856119e-68,3.07743337523905e-35,0.000647605033761008,2.08579138116589,1.951935,453.886,1.979681,473.5549,1.949418,447.3677,"No issues","No issues","No issues"
794,20,2025-09-27,"low",2025-09-27 00:34:30,2025-09-27 00:44:10,2025-09-27 00:33:00,59,11.9344693676212,4216.16643927527,0.979881867430334,0.964146946969677,4.77099035430499e-50,6.81943026613794e-43,0.00337050784869641,1.60248679681841,1.961083,457.4373,2.024055,477.8346,1.947757,450.3896,"No issues","No issues","No issues"
794,50,2025-09-25,"high",2025-09-25 11:11:50,2025-09-25 11:21:40,2025-09-25 11:10:30,60,0.466868245623785,1506.07477010282,0.163264247905702,0.697841389922609,0.00136617110959098,1.04763169133381e-16,0.00211850508546702,1.98642519901102,1.951227,455.8855,1.95751,458.9203,1.948699,446.7545,"No issues","No issues","No issues"
795,30,2025-09-27,"low",2025-09-27 00:47:00,2025-09-27 00:56:40,2025-09-27 00:45:30,59,-3.65276728930456,4351.15505225013,0.987608069781377,0.972208098923574,4.77720236520486e-56,4.78275804415901e-46,0.000806462961190328,1.45000442082114,1.938661,456.4135,1.939124,477.8646,1.917053,450.1255,"No issues","No issues","No issues"
795,60,2025-09-25,"high",2025-09-25 11:24:10,2025-09-25 11:34:00,2025-09-25 11:22:50,60,20.1736317866074,3083.87661639345,0.994898219743633,0.908673193189331,3.49428622459213e-68,7.86639374869909e-32,0.00289562418334843,1.95965143663504,1.961508,456.2675,2.082894,467.731,1.952259,446.1569,"No issues","No issues","No issues"
796,40,2025-09-27,"low",2025-09-27 00:59:30,2025-09-27 01:09:10,2025-09-27 00:58:00,59,1.20974189596726,7675.36480467562,0.97375242226285,0.966056728473229,9.36954565312277e-47,1.4315903179494e-43,0.000391469848473569,2.83569695673274,1.941861,464.8672,1.9482,502.9031,1.939552,452.9687,"No issues","No issues","No issues"
796,70,2025-09-25,"high",2025-09-25 11:36:30,2025-09-25 11:46:20,2025-09-25 11:35:10,60,5.53025010058355,1259.13547985552,0.985540040930833,0.794521505247764,4.63719937812697e-55,1.36985100295431e-21,0.0013426960927806,1.28348080767069,1.958063,453.5369,1.988643,459.2832,1.951449,449.4883,"No issues","No issues","No issues"
797,50,2025-09-27,"low",2025-09-27 01:12:00,2025-09-27 01:21:40,2025-09-27 01:10:30,59,-1.9986501461134,8140.93713804791,0.914522219005661,0.973474768030671,3.96855785284045e-32,1.26480089698395e-46,0.0012043466947246,2.64866421113786,1.937306,466.9794,1.939734,506.6857,1.926465,455.2889,"No issues","No issues","No issues"
797,80,2025-09-25,"high",2025-09-25 11:48:50,2025-09-25 11:58:40,2025-09-25 11:47:30,60,5.69311830175055,2210.87776471243,0.982266492215924,0.883875955140483,1.72644917864424e-52,8.45191305589555e-29,0.00153327278279322,1.6062631916504,1.954193,453.1678,1.988901,463.7303,1.949953,447.4934,"No issues","No issues","No issues"
798,60,2025-09-27,"low",2025-09-27 01:24:30,2025-09-27 01:34:10,2025-09-27 01:23:00,59,-2.54763503915843,5075.43130520162,0.95249702637983,0.960678412378115,2.08373487722262e-39,9.49495449097749e-42,0.00112137547574529,2.02387980489034,1.928115,475.9026,1.931021,498.9755,1.914677,466.5476,"No issues","No issues","No issues"
798,90,2025-09-25,"high",2025-09-25 12:01:10,2025-09-25 12:11:00,2025-09-25 11:59:50,60,-0.954333252570095,2949.83065340374,0.792102210197798,0.905604997070324,1.92632557574018e-21,2.05425602929048e-31,0.000979988406625349,1.90892444385884,1.950288,455.8929,1.951304,468.4428,1.944098,447.5357,"No issues","No issues","No issues"
799,10,2025-09-25,"high",2025-09-25 12:13:30,2025-09-25 12:23:20,2025-09-25 12:12:10,60,1.75682120589053,4824.82722978607,0.909516898315095,0.961503523916528,6.00742653247317e-32,1.00878296403903e-42,0.00111068901427632,1.93509981970643,1.950237,454.7126,1.9617,480.4893,1.948613,446.7375,"No issues","No issues","No issues"
799,70,2025-09-27,"low",2025-09-27 01:37:00,2025-09-27 01:46:40,2025-09-27 01:35:30,59,-5.08572063120987,8446.75051876095,0.973718962444075,0.974606930533446,9.71614765622361e-47,3.64648827206944e-47,0.00164680507196988,2.68731005001802,1.929401,468.4093,1.933283,509.8546,1.90231,456.2462,"No issues","No issues","No issues"
800,20,2025-09-25,"high",2025-09-25 12:25:50,2025-09-25 12:35:40,2025-09-25 12:24:30,60,0.898503104195634,2016.87267440956,0.584860217720603,0.844011897233988,1.14147212549251e-12,4.50302883750945e-25,0.00151732032545864,1.73794686125599,1.951874,455.4146,1.957346,461.4381,1.948585,446.5819,"No issues","No issues","No issues"
800,80,2025-09-27,"low",2025-09-27 01:49:30,2025-09-27 01:59:10,2025-09-27 01:48:00,59,-4.73443065341909,9126.48704149619,0.929526042800517,0.96214549796833,1.60778340418273e-34,3.21024537610644e-42,0.00256942866173649,3.568020087048,1.928339,471.5103,1.935252,514.6049,1.905099,455.9221,"No issues","No issues","No issues"
801,30,2025-09-25,"high",2025-09-25 12:38:10,2025-09-25 12:48:00,2025-09-25 12:36:50,60,-2.43724317199219,3856.22033231454,0.993762284814751,0.952074522937752,1.18961986706621e-65,5.8221312941969e-40,0.000387040966450487,1.7341878869357,1.946946,451.5638,1.946946,472.3143,1.931459,446.5433,"No issues","No issues","No issues"
801,90,2025-09-27,"low",2025-09-27 02:02:00,2025-09-27 02:11:40,2025-09-27 02:00:30,59,-3.8200035534776,3838.50466674457,0.962251068646121,0.945849016127385,2.96447830599855e-42,8.74072796299231e-38,0.00149127299393891,1.81025433886132,1.929005,460.8636,1.933713,478.4984,1.909687,453.0359,"No issues","No issues","No issues"
802,10,2025-09-27,"low",2025-09-27 02:14:30,2025-09-27 02:24:10,2025-09-27 02:13:00,59,-3.43994555698426,4320.54243646989,0.967689196566187,0.975186416419427,3.51071536709302e-44,1.88806725305203e-47,0.00123891855689203,1.35838993438752,1.933503,455.214,1.936026,477.0768,1.914886,449.3789,"No issues","No issues","No issues"
802,40,2025-09-25,"high",2025-09-25 12:50:30,2025-09-25 13:00:20,2025-09-25 12:49:10,60,5.80001351486531,3033.05766801891,0.99162026504163,0.878564771274978,6.22011695434639e-62,3.10076231147021e-28,0.00106870540999297,2.26023023748065,1.953425,455.9183,1.987272,468.4981,1.948384,446.9562,"No issues","No issues","No issues"
803,20,2025-09-27,"low",2025-09-27 02:27:00,2025-09-27 02:36:40,2025-09-27 02:25:30,59,11.6191689538281,4398.89738959673,0.97910245457923,0.97524645197519,1.41007530796546e-49,1.76206377033008e-47,0.00334575312701453,1.38130831777166,1.957644,455.9061,2.01812,478.4245,1.943505,450.3499,"No issues","No issues","No issues"
803,50,2025-09-25,"high",2025-09-25 13:02:50,2025-09-25 13:12:40,2025-09-25 13:01:30,60,0.311322558488444,1215.97583506529,0.0980176141126613,0.646059246709623,0.0148651183664776,1.06738896121791e-14,0.00189297166617863,1.80401695218043,1.950786,452.5823,1.954909,455.0378,1.947115,444.2433,"No issues","No issues","No issues"
804,30,2025-09-27,"low",2025-09-27 02:39:30,2025-09-27 02:49:10,2025-09-27 02:38:00,59,-4.37166477615437,5099.22064383399,0.993357083286386,0.978366623051625,9.13528362160644e-64,3.78205250471672e-49,0.000704626246539732,1.49451543771229,1.935744,456.5068,1.935744,482.4381,1.909277,449.2833,"No issues","No issues","No issues"
804,60,2025-09-25,"high",2025-09-25 13:15:10,2025-09-25 13:25:00,2025-09-25 13:13:50,60,25.4259557254794,3230.11659861074,0.99203761460234,0.923632533264195,1.41346381405066e-62,4.35864235931861e-34,0.0045658471840235,1.86169845633808,1.967908,452.9457,2.120452,468.1902,1.955974,446.2778,"No issues","No issues","No issues"
805,40,2025-09-27,"low",2025-09-27 02:52:00,2025-09-27 03:01:40,2025-09-27 02:50:30,59,0.643601729982407,9154.04359181762,0.918462933876179,0.977612291973777,1.03165808250846e-32,1.00489519937427e-48,0.000377962908573498,2.73035880693442,1.939385,463.504,1.942455,511.5665,1.937272,453.6911,"No issues","No issues","No issues"
805,70,2025-09-25,"high",2025-09-25 13:27:30,2025-09-25 13:37:20,2025-09-25 13:26:10,60,6.95518895693258,1802.64383839957,0.976815780433548,0.793334300617875,4.11015485768783e-49,1.62010609110887e-21,0.00214775826116359,1.84417687283201,1.962945,452.9373,1.998135,459.1895,1.950934,444.6868,"No issues","No issues","No issues"
806,50,2025-09-27,"low",2025-09-27 03:04:30,2025-09-27 03:14:10,2025-09-27 03:03:00,59,-2.66006057744019,9959.49878012856,0.960370185244451,0.977793737735178,1.1863246669456e-41,7.96815975237117e-49,0.00106504625614894,2.95826343685161,1.935256,468.849,1.936997,520.1309,1.920693,457.5852,"No issues","No issues","No issues"
806,80,2025-09-25,"high",2025-09-25 13:39:50,2025-09-25 13:49:40,2025-09-25 13:38:30,60,7.22414310641848,2547.13897860517,0.980847748599632,0.899598593639069,1.60985720097714e-51,1.2330470454063e-30,0.00202340125717188,1.70562955906105,1.956188,454.0731,1.99695,463.1367,1.947893,445.6987,"No issues","No issues","No issues"
807,60,2025-09-27,"low",2025-09-27 03:17:00,2025-09-27 03:26:40,2025-09-27 03:15:30,59,-2.7267819801286,5466.58586931618,0.955739866401081,0.945880599847699,2.77300320663793e-40,8.59645422547647e-38,0.00115657068712094,2.57726905337022,1.926514,474.0091,1.930388,498.8676,1.913739,463.8076,"No issues","No issues","No issues"
807,90,2025-09-25,"high",2025-09-25 13:52:10,2025-09-25 14:02:00,2025-09-25 13:50:50,60,-0.803724056682372,2647.53882745207,0.75372120938803,0.88890794691806,2.6840913470386e-19,2.33255815808635e-29,0.000920877079164396,1.87603958492222,1.946763,453.7005,1.946763,463.8864,1.940348,445.0024,"No issues","No issues","No issues"
808,10,2025-09-25,"high",2025-09-25 14:04:30,2025-09-25 14:14:20,2025-09-25 14:03:10,60,2.5701709763824,5559.45082789664,0.950279778212284,0.97429537281989,1.69242404986957e-39,8.206275309696e-48,0.00117839083916235,1.81000087909818,1.948427,452.9895,1.96303,480.6636,1.944474,445.5732,"No issues","No issues","No issues"
808,70,2025-09-27,"low",2025-09-27 03:29:30,2025-09-27 03:39:10,2025-09-27 03:28:00,59,-4.79718351373479,8353.54223915836,0.965401480679351,0.977960644787416,2.46956040727936e-43,6.42598515443964e-49,0.00178997252645897,2.47169388189752,1.926411,468.8251,1.931792,511.663,1.901945,458.5488,"No issues","No issues","No issues"
809,20,2025-09-25,"high",2025-09-25 14:16:50,2025-09-25 14:26:40,2025-09-25 14:15:30,60,1.72812555487634,2756.68550597389,0.69068135804805,0.90969901032916,2.07637939011667e-16,5.66594641440236e-32,0.00231806724611233,1.7408893744633,1.946775,453.7871,1.958968,463.8788,1.943333,444.5212,"No issues","No issues","No issues"
809,80,2025-09-27,"low",2025-09-27 03:42:00,2025-09-27 03:51:40,2025-09-27 03:40:30,59,-5.64670103565177,11723.3854821742,0.94741685417195,0.979095635278219,3.78047911940283e-38,1.42325300034302e-49,0.00262200056052972,3.37632490019499,1.927579,468.6644,1.935338,530.342,1.899337,455.3526,"No issues","No issues","No issues"
810,30,2025-09-25,"high",2025-09-25 14:29:10,2025-09-25 14:39:00,2025-09-25 14:27:50,60,-2.05744783328696,4291.10689413727,0.984756332370501,0.962668092013861,2.14374185821429e-54,4.13676702971514e-43,0.000513092580507695,1.69378271191008,1.944053,452.4437,1.944053,472.826,1.930893,444.1679,"No issues","No issues","No issues"
810,90,2025-09-27,"low",2025-09-27 03:54:30,2025-09-27 04:04:10,2025-09-27 03:53:00,59,-5.17576245938056,5476.62564021039,0.976301700355548,0.96934801415358,5.08823572120231e-48,7.81081176581799e-45,0.00158937421532141,1.91949841360696,1.929844,458.9468,1.934981,486.6892,1.902602,451.3706,"No issues","No issues","No issues"
811,10,2025-09-27,"low",2025-09-27 04:07:00,2025-09-27 04:16:40,2025-09-27 04:05:30,59,-3.21104615312695,4034.29307586204,0.94806281919967,0.969376297768925,2.65711665818979e-38,7.60788166832191e-45,0.00148133209622917,1.41330322398666,1.931223,455.9805,1.935545,475.928,1.915299,450.0897,"No issues","No issues","No issues"
811,40,2025-09-25,"high",2025-09-25 14:41:30,2025-09-25 14:51:20,2025-09-25 14:40:10,60,6.87040676632395,3283.42597477077,0.992923437612909,0.931012924326494,4.62053855500227e-64,2.27827381689334e-35,0.00116257852666933,1.79151232493151,1.949492,453.0564,1.989946,467.6677,1.944327,444.3008,"No issues","No issues","No issues"
812,20,2025-09-27,"low",2025-09-27 04:19:30,2025-09-27 04:29:10,2025-09-27 04:18:00,59,11.5738102162477,3810.71426580946,0.980616783035485,0.965715727606558,1.65135259648832e-50,1.90378559329356e-43,0.00320719141503966,1.41518904680954,1.95428,455.6543,2.016108,474.5045,1.942311,450.1723,"No issues","No issues","No issues"
812,50,2025-09-25,"high",2025-09-25 14:53:50,2025-09-25 15:03:40,2025-09-25 14:52:30,60,0.821048228952481,1355.84994498474,0.508995042622689,0.855869903028901,1.58400717231979e-10,4.51674103764755e-26,0.00161637226054631,1.11524850002566,1.94676,448.1125,1.951579,454.7014,1.942782,443.0635,"No issues","No issues","No issues"
813,30,2025-09-27,"low",2025-09-27 04:32:00,2025-09-27 04:41:40,2025-09-27 04:30:30,59,-3.31171654471075,3803.84629900641,0.978623187081318,0.956600253598615,2.69155830792806e-49,1.58410625981414e-40,0.000964721909286649,1.59693252647705,1.93246,455.8421,1.93371,473.3682,1.913563,448.4713,"No issues","No issues","No issues"
813,60,2025-09-25,"high",2025-09-25 15:06:10,2025-09-25 15:16:00,2025-09-25 15:04:50,60,27.9325217538205,3392.60887935539,0.989896459299907,0.941514679605516,1.41325238739819e-59,1.88517410346558e-37,0.00565638049088284,1.69484599363024,1.972593,451.8286,2.130815,466.7542,1.949915,444.1063,"No issues","No issues","No issues"
814,40,2025-09-27,"low",2025-09-27 04:44:30,2025-09-27 04:54:10,2025-09-27 04:43:00,59,1.00961909526589,9027.38886732903,0.965968960711686,0.976574014193461,1.54099398856807e-43,3.65980889730215e-48,0.000373507075143529,2.75577504551075,1.936072,462.7999,1.941734,508.7675,1.934357,452.0921,"No issues","No issues","No issues"
814,70,2025-09-25,"high",2025-09-25 15:18:30,2025-09-25 15:28:20,2025-09-25 15:17:10,60,6.8871915087525,2688.97997888304,0.970886359023956,0.949959515195574,3.04335313113748e-46,2.03913000657733e-39,0.002390522185571,1.23703598177229,1.959546,449.9438,1.992531,461.3888,1.945932,443.194,"No issues","No issues","No issues"
815,50,2025-09-27,"low",2025-09-27 04:57:00,2025-09-27 05:06:40,2025-09-27 04:55:30,59,-2.4324033945062,7572.61227913498,0.935771224192139,0.954260155109814,1.13842421929114e-35,7.0845291303576e-40,0.00125603238288232,3.26772067855092,1.930677,469.7819,1.932722,504.7274,1.916881,455.6732,"No issues","No issues","No issues"
815,80,2025-09-25,"high",2025-09-25 15:30:50,2025-09-25 15:40:40,2025-09-25 15:29:30,60,7.16193750708532,4189.83274642957,0.983476077250864,0.976018565703622,2.2239872272199e-53,1.09604138772897e-48,0.00186076600343943,1.31641184742532,1.951763,449.7207,1.992947,472.3481,1.944472,443.5333,"No issues","No issues","No issues"
816,60,2025-09-27,"low",2025-09-27 05:09:30,2025-09-27 05:19:10,2025-09-27 05:08:00,59,-2.09841917007607,3970.93859684393,0.951109437986691,0.936550827606955,4.73716421780083e-39,8.03479583254608e-36,0.000937723437154269,2.03716278045955,1.922693,472.6741,1.924373,490.6427,1.91165,465.9554,"No issues","No issues","No issues"
816,90,2025-09-25,"high",2025-09-25 15:43:10,2025-09-25 15:53:00,2025-09-25 15:41:50,60,-1.29754002778546,2849.97143473188,0.923811191370475,0.948762835248694,4.07203861343496e-34,4.04904790189484e-39,0.000746898012513992,1.32751909796238,1.944833,450.4468,1.944833,463.8731,1.93565,444.4842,"No issues","No issues","No issues"
817,10,2025-09-25,"high",2025-09-25 15:55:30,2025-09-25 15:59:50,2025-09-25 15:54:10,27,2.59805010989033,3415.33925274727,0.792176917137117,0.65694694934129,5.20307418662577e-10,2.97731482481088e-07,0.00119962262249484,2.22490087295457,1.947441,452.7401,1.950824,456.7821,1.943049,443.9293,"No issues","No issues","No issues"
817,10,2025-09-26,"high",2025-09-25 16:00:00,2025-09-25 16:05:20,2025-09-25 15:54:10,33,1.3275134759358,5168.13237433153,0.991820845460154,0.979870315794693,6.33013221950503e-34,7.35150209973932e-28,0.000132857663878364,0.816352808761091,1.951228,457.3795,1.955951,477.5279,1.951228,457.3795,"No issues","No issues","No issues"
817,70,2025-09-27,"low",2025-09-27 05:22:00,2025-09-27 05:31:40,2025-09-27 05:20:30,59,-5.68214270952669,9161.48121285795,0.984995954223576,0.97268626953089,1.11482704263842e-53,2.91584295493719e-46,0.00138224287634586,3.02590346633131,1.923192,468.166,1.927234,515.229,1.891884,455.7578,"No issues","No issues","No issues"
818,20,2025-09-26,"high",2025-09-25 16:07:50,2025-09-25 16:17:40,2025-09-25 16:06:30,60,1.39135688802458,3441.45289513755,0.610587636938032,0.976601753247283,1.74927763568058e-13,5.36584813783397e-49,0.00222718331603437,1.06772963268732,1.946548,450.7348,1.956573,468.9413,1.942556,445.7288,"No issues","No issues","No issues"
818,80,2025-09-27,"low",2025-09-27 05:34:30,2025-09-27 05:44:10,2025-09-27 05:33:00,59,-5.40903084511991,10313.6107202805,0.932768168547414,0.960134855211021,4.19341561226088e-35,1.40454951569159e-41,0.00286223525641905,4.14215691166052,1.922356,472.0896,1.930453,521.0897,1.896056,455.2202,"No issues","No issues","No issues"
819,30,2025-09-26,"high",2025-09-25 16:20:10,2025-09-25 16:30:00,2025-09-25 16:18:50,60,-2.08512992275622,3608.59915665463,0.981215822795417,0.97511324723189,9.16867517887727e-52,3.21159589358577e-48,0.000578273772447914,1.15553150170754,1.942342,448.7942,1.94238,467.8002,1.929592,443.1356,"No issues","No issues","No issues"
819,90,2025-09-27,"low",2025-09-27 05:47:00,2025-09-27 05:56:40,2025-09-27 05:45:30,59,-6.60860268848636,6681.80707048508,0.982246655494023,0.970499708891733,1.35001892376181e-51,2.62075454840263e-45,0.00175115549061234,2.29612027928576,1.92478,458.3273,1.930173,490.789,1.88934,448.9172,"No issues","No issues","No issues"
820,10,2025-09-27,"low",2025-09-27 05:59:30,2025-09-27 06:09:10,2025-09-27 05:58:00,59,-3.32238752542382,3837.5535092928,0.946779264470238,0.957244402387898,5.33169861297861e-38,1.03408989221931e-40,0.00155257150531424,1.598544657828,1.926135,455.903,1.930842,473.177,1.909859,448.7098,"No issues","No issues","No issues"
820,40,2025-09-26,"high",2025-09-25 16:32:30,2025-09-25 16:42:20,2025-09-25 16:31:10,60,4.5309641211448,3033.74370658518,0.988123493726478,0.971807850600136,1.53756683087777e-57,1.19693817106904e-46,0.000995671141278471,1.03571278857759,1.949113,448.4095,1.974399,464.2209,1.944146,444.0643,"No issues","No issues","No issues"
821,20,2025-09-27,"low",2025-09-27 06:12:00,2025-09-27 06:21:40,2025-09-27 06:10:30,59,10.3630048579777,3530.4423106955,0.9671449853694,0.954271519818654,5.65262109588368e-44,7.03449258336748e-40,0.00376466207081934,1.52325207451071,1.954107,454.6302,2.004392,470.5961,1.937595,447.6094,"No issues","No issues","No issues"
821,50,2025-09-26,"high",2025-09-25 16:44:50,2025-09-25 16:54:40,2025-09-25 16:43:30,60,-0.206659485412522,2561.28658849681,0.0566308694575548,0.97577734301806,0.0671078383440894,1.46531476465774e-48,0.00169065937551223,0.808872848991113,1.945425,447.1876,1.94899,461.2144,1.942764,443.5496,"No issues","No issues","No issues"
822,30,2025-09-27,"low",2025-09-27 06:24:30,2025-09-27 06:34:10,2025-09-27 06:23:00,59,-3.96907258912921,3950.30833711279,0.988233596904621,0.964848563619378,1.09125592019743e-56,3.8813092427108e-43,0.000853623479413762,1.48613482952211,1.929329,452.9207,1.929946,471.9956,1.905749,446.9213,"No issues","No issues","No issues"
822,60,2025-09-26,"high",2025-09-25 16:57:10,2025-09-25 17:07:00,2025-09-25 16:55:50,60,20.9951457449291,4017.60758610725,0.991927756445588,0.988788120874956,2.10323955857813e-62,2.89330584224491e-58,0.00379631777652995,0.857514863714335,1.963451,447.249,2.08573,471.2589,1.950126,444.9156,"No issues","No issues","No issues"
823,40,2025-09-27,"low",2025-09-27 06:37:00,2025-09-27 06:46:40,2025-09-27 06:35:30,59,1.38009027703095,5978.93196119227,0.971890519380632,0.952270673191177,6.61274865939968e-46,2.38633186388999e-39,0.000462605178915967,2.63828262536309,1.933375,461.1826,1.940558,487.1245,1.930966,448.3524,"No issues","No issues","No issues"
823,70,2025-09-26,"high",2025-09-25 17:09:30,2025-09-25 17:19:20,2025-09-25 17:08:10,60,6.1613374026118,3973.39433664907,0.976958459794348,0.98795098524393,3.43620662901014e-49,2.33610745870291e-57,0.00189661531803954,0.879541417293963,1.958634,449.9154,1.98954,472.5856,1.947628,445.9042,"No issues","No issues","No issues"
824,50,2025-09-27,"low",2025-09-27 06:49:30,2025-09-27 06:59:10,2025-09-27 06:48:00,59,-2.45736446054954,6217.94799205142,0.940648930064819,0.951518892080182,1.1957341615919e-36,3.72676687362289e-39,0.00121662104008114,2.76636767965759,1.927179,462.9958,1.929483,490.6046,1.914117,449.7075,"No issues","No issues","No issues"
824,80,2025-09-26,"high",2025-09-25 17:21:50,2025-09-25 17:31:40,2025-09-25 17:20:30,60,5.74856554376224,4333.91008791332,0.97843323016994,0.984589345723246,5.04309551377962e-50,2.94052354439256e-54,0.00171069663034138,1.08679949454658,1.954308,449.6379,1.985146,473.6979,1.945752,445.3755,"No issues","No issues","No issues"
825,60,2025-09-27,"low",2025-09-27 07:02:00,2025-09-27 07:11:40,2025-09-27 07:00:30,59,-2.49472501227357,1245.29688462887,0.936244362834993,0.433894972032419,9.21898848939877e-36,1.41850617156714e-08,0.00128313580871807,2.80358905198874,1.921149,464.916,1.92245,469.9475,1.908045,455.3941,"No issues","No issues","No issues"
825,90,2025-09-26,"high",2025-09-25 17:34:10,2025-09-25 17:44:00,2025-09-25 17:32:50,60,-1.22772071353149,3536.69042200612,0.859003970757464,0.972804833818767,2.38328418885804e-26,4.21113349953618e-47,0.000996992741135633,1.18526811791966,1.943594,451.4714,1.945094,469.4156,1.936257,446.6454,"No issues","No issues","No issues"
826,10,2025-09-26,"high",2025-09-25 17:46:30,2025-09-25 17:56:20,2025-09-25 17:45:10,60,0.86579761933879,3611.14167891082,0.716395361162391,0.973705760573097,1.64680831414458e-17,1.58453872610231e-47,0.0010919009094614,1.18945364774288,1.946245,452.8476,1.952058,472.2352,1.944795,448.4912,"No issues","No issues","No issues"
826,70,2025-09-27,"low",2025-09-27 07:14:30,2025-09-27 07:24:10,2025-09-27 07:13:00,59,-5.12150113851553,5348.52064804207,0.967157908955036,0.906036088308951,5.58955771494148e-44,5.91774158245378e-31,0.00186015543987144,3.39489798934232,1.918867,465.7741,1.924943,486.4412,1.893764,450.4308,"No issues","No issues","No issues"
827,20,2025-09-26,"high",2025-09-25 17:58:50,2025-09-25 18:08:40,2025-09-25 17:57:30,60,1.21912440566828,3650.8381937205,0.50663445281449,0.980614413154521,1.82435875615685e-10,2.28745052670751e-51,0.00241141319279444,1.02889127238231,1.948621,456.5741,1.95851,476.7862,1.944877,452.8528,"No issues","No issues","No issues"
827,80,2025-09-27,"low",2025-09-27 07:27:00,2025-09-27 07:36:40,2025-09-27 07:25:30,59,-7.42633652367039,-392.463491291653,0.954860317769779,0.0843843654977028,4.86068945750807e-40,0.0256200490277208,0.00318250583011189,2.54806278377515,1.920698,462.6344,1.929286,462.6344,1.883712,444.2204,"No issues","No issues","No issues"
828,30,2025-09-26,"high",2025-09-25 18:11:10,2025-09-25 18:21:00,2025-09-25 18:09:50,60,-1.34227069297018,3757.46097916088,0.859650903349389,0.98556136557198,2.08496160313299e-26,4.44287282637753e-55,0.00108710230016916,0.911595687533522,1.942212,456.0115,1.945802,478.0675,1.936266,453.3868,"No issues","No issues","No issues"
828,90,2025-09-27,"low",2025-09-27 07:39:30,2025-09-27 07:49:10,2025-09-27 07:38:00,59,-6.73244908474582,6702.37350227935,0.977053243656963,0.975295946035501,2.03012730798909e-48,1.66432425328593e-47,0.00203357348572205,2.10246989876193,1.921664,455.5622,1.92927,489.2175,1.88705,447.0163,"No issues","No issues","No issues"
829,10,2025-09-27,"low",2025-09-27 07:52:00,2025-09-27 08:01:40,2025-09-27 07:50:30,59,-4.28701701461139,3241.16804114552,0.974903877831927,0.939936392225584,2.60745252458334e-47,1.6807567556745e-36,0.00135569774800533,1.61489124298318,1.927076,452.7633,1.930787,467.4475,1.90471,445.8148,"No issues","No issues","No issues"
829,40,2025-09-26,"high",2025-09-25 18:23:30,2025-09-25 18:33:20,2025-09-25 18:22:10,60,2.68348917365938,3352.57447068632,0.97932101655055,0.991641312557871,1.48965374642882e-50,5.78256324913652e-62,0.000781607036983188,0.616959603262044,1.950256,454.1656,1.963845,474.4552,1.945678,452.4292,"No issues","No issues","No issues"
830,20,2025-09-27,"low",2025-09-27 08:04:30,2025-09-27 08:14:10,2025-09-27 08:03:00,59,12.7576856388077,1032.52494213907,0.982247852671781,0.70696212378121,1.34742597845607e-51,7.97490893527948e-17,0.00338043084443849,1.31023625873766,1.949672,452.5255,2.018771,452.5255,1.937707,444.5684,"No issues","No issues","No issues"
830,50,2025-09-26,"high",2025-09-25 18:35:50,2025-09-25 18:45:40,2025-09-25 18:34:30,60,-0.347487644345636,3115.83923889971,0.181442714083007,0.992816093160697,0.000690632699102998,7.15035321796348e-64,0.00147938325009459,0.531260518511032,1.946493,460.4419,1.951357,481.5361,1.946319,460.4419,"No issues","No issues","No issues"
831,30,2025-09-27,"low",2025-09-27 08:17:00,2025-09-27 08:26:40,2025-09-27 08:15:30,59,-4.32399530566927,2810.18454143774,0.982178023201088,0.924730177950079,1.50699483719779e-51,1.05241875643234e-33,0.00114803016920671,1.58023991064646,1.930049,451.2592,1.930842,462.1477,1.905125,444.1755,"No issues","No issues","No issues"
831,60,2025-09-26,"high",2025-09-25 18:48:10,2025-09-25 18:58:00,2025-09-25 18:46:50,60,14.3834818916366,3627.71667507641,0.984779076688197,0.993507088883317,2.05287224492459e-54,3.80597293426881e-65,0.00358427795649331,0.587833270487808,1.968911,460.2911,2.048068,483.1915,1.95498,459.3483,"No issues","No issues","No issues"
832,40,2025-09-27,"low",2025-09-27 08:29:30,2025-09-27 08:39:10,2025-09-27 08:28:00,59,1.36565122618346,12251.0135172414,0.953238439940963,0.985087984783781,1.33037184276094e-39,9.35480412376968e-54,0.00059616816007537,2.97089931486391,1.933901,457.0028,1.94205,523.424,1.931829,447.3147,"No issues","No issues","No issues"
832,70,2025-09-26,"high",2025-09-25 19:00:30,2025-09-25 19:10:20,2025-09-25 18:59:10,60,4.97475211558766,4073.28522011671,0.965281653190588,0.987382430481183,5.03476592691529e-44,8.89845345215464e-57,0.0018910825878219,0.92294651605447,1.960263,464.0831,1.983401,488.4206,1.94923,461.2902,"No issues","No issues","No issues"
833,50,2025-09-27,"low",2025-09-27 08:42:00,2025-09-27 08:51:40,2025-09-27 08:40:30,59,-2.75533942723553,1460.26382139099,0.941350198592229,0.617287669512204,8.51846656427587e-37,1.7150048882794e-13,0.00135555775808556,2.26625621682883,1.92857,458.9156,1.931429,458.9156,1.913936,447.4554,"No issues","No issues","No issues"
833,80,2025-09-26,"high",2025-09-25 19:12:50,2025-09-25 19:22:40,2025-09-25 19:11:30,60,4.4035777760489,3834.89021528204,0.972867343715077,0.987299535800006,3.93915277395586e-47,1.07598176926277e-56,0.00147404782019398,0.87181597818061,1.955551,462.406,1.977873,484.5513,1.947496,460.3667,"No issues","No issues","No issues"
834,60,2025-09-27,"low",2025-09-27 08:54:30,2025-09-27 09:04:10,2025-09-27 08:53:00,59,-2.59501213325548,-5141.2285662186,0.981359719396335,0.957079608891888,5.41924534755618e-51,1.15400851988929e-40,0.000704915009744043,2.14590243261972,1.920396,460.4453,1.920996,460.4453,1.904929,426.2643,"No issues","No issues","No issues"
834,90,2025-09-26,"high",2025-09-25 19:25:10,2025-09-25 19:35:00,2025-09-25 19:23:50,60,-1.1738982428452,2971.09532825786,0.845766563674831,0.958949310315347,3.24038042242294e-25,6.50789189772094e-42,0.0010048032285463,1.23215557880326,1.943936,462.6487,1.945747,478.226,1.937545,457.4338,"No issues","No issues","No issues"
835,10,2025-09-26,"high",2025-09-25 19:37:30,2025-09-25 19:47:20,2025-09-25 19:36:10,60,0.35997303250915,2940.20762834122,0.360646452238638,0.960926755856486,3.92897634935544e-07,1.55317313653593e-42,0.000960696552153121,1.18839044245389,1.947365,462.0815,1.949374,476.7861,1.944781,458.0172,"No issues","No issues","No issues"
835,70,2025-09-27,"low",2025-09-27 09:07:00,2025-09-27 09:16:40,2025-09-27 09:05:30,59,-4.69480734073646,3062.65392589128,0.969734155775503,0.88704333294907,5.44122548528253e-45,1.13548462425759e-28,0.00163475653226127,2.15410415420159,1.922416,456.4774,1.92667,471.0256,1.898317,450.7281,"No issues","No issues","No issues"
836,20,2025-09-26,"high",2025-09-25 19:49:50,2025-09-25 19:59:40,2025-09-25 19:48:30,60,0.856150299527718,3147.54405379273,0.318744734712017,0.972841557046581,2.61996435790708e-06,4.04923007085404e-47,0.00250882285270068,1.05411926792995,1.949746,466.8653,1.957339,483.3484,1.945467,462.674,"No issues","No issues","No issues"
836,80,2025-09-27,"low",2025-09-27 09:19:30,2025-09-27 09:29:10,2025-09-27 09:18:00,59,-6.96179235534782,-6175.73500222094,0.967059344162599,0.964604180664091,6.08821340349775e-44,4.72916857058332e-43,0.00253247915987002,2.33171423350667,1.922507,446.6037,1.928907,447.2596,1.885681,409.1734,"No issues","No issues","No issues"
837,30,2025-09-26,"high",2025-09-25 20:02:10,2025-09-25 20:12:00,2025-09-25 20:00:50,60,-1.53648224062233,3348.05192642402,0.921921504109664,0.968663049462682,8.29483961381465e-34,2.57441882859056e-45,0.000896257595751923,1.20703744243571,1.942567,465.4372,1.944271,482.5233,1.933708,461.1623,"No issues","No issues","No issues"
837,90,2025-09-27,"low",2025-09-27 09:32:00,2025-09-27 09:41:40,2025-09-27 09:30:30,59,-7.46911336060788,7226.17342653418,0.976161603040207,0.967490787544212,6.01940192292194e-48,4.18033705032411e-44,0.00230055155746125,2.61079902587558,1.923373,457.0979,1.929342,492.9383,1.88287,446.3039,"No issues","No issues","No issues"
838,10,2025-09-27,"low",2025-09-27 09:44:30,2025-09-27 09:54:10,2025-09-27 09:43:00,59,-3.20445480771485,3242.40081917005,0.953700819412687,0.956486631877479,1.00201539733618e-39,1.7067550686355e-40,0.00139161782249395,1.36308787627029,1.928001,453.0651,1.931833,467.4629,1.911786,446.1459,"No issues","No issues","No issues"
838,40,2025-09-26,"high",2025-09-25 20:14:30,2025-09-25 20:24:20,2025-09-25 20:13:10,60,1.90131686357324,2884.37474320645,0.950245547578832,0.959662597266927,1.72657184176595e-39,3.91310214703175e-42,0.000872045432539046,1.18531266046742,1.949561,464.3382,1.957627,478.9326,1.94398,459.9017,"No issues","No issues","No issues"
839,20,2025-09-27,"low",2025-09-27 09:57:00,2025-09-27 10:06:40,2025-09-27 09:55:30,59,20.4281463471654,1498.85472729397,0.990688081220975,0.90590698453082,1.38572454509038e-59,6.15432334824963e-31,0.00390360025357372,0.952098076763159,1.952325,448.6311,2.070142,454.3142,1.94015,443.7561,"No issues","No issues","No issues"
839,50,2025-09-26,"high",2025-09-25 20:26:50,2025-09-25 20:36:40,2025-09-25 20:25:30,60,-0.62915644567933,2528.95433531537,0.468516534912107,0.946931091952362,1.63805246555892e-09,1.12241809834499e-38,0.00134315961613226,1.20001985790955,1.945257,462.5315,1.948415,474.4346,1.941938,457.5704,"No issues","No issues","No issues"
840,30,2025-09-27,"low",2025-09-27 10:09:30,2025-09-27 10:19:10,2025-09-27 10:08:00,59,-3.70265255873764,2275.48826931619,0.995360519461572,0.919868657911711,3.29192631068584e-68,6.28007643868451e-33,0.000498244704289882,1.32372616993827,1.933342,451.0226,1.933342,460.1049,1.909295,444.4743,"No issues","No issues","No issues"
840,60,2025-09-26,"high",2025-09-25 20:39:10,2025-09-25 20:49:00,2025-09-25 20:37:50,60,12.8423423573215,3648.44753764936,0.974810474974438,0.942612592399491,4.56127897678308e-48,1.08750075077256e-37,0.00413790672531159,1.80441466562768,1.972223,460.4882,2.03709,476.7427,1.95248,451.3005,"No issues","No issues","No issues"
841,40,2025-09-27,"low",2025-09-27 10:22:00,2025-09-27 10:31:40,2025-09-27 10:20:30,59,8.92216896785499,6623.40678059613,0.996175848158935,0.946617253707122,1.33399075824799e-70,5.81463650742385e-38,0.0010895703086235,3.10013019446242,1.935738,460.4253,1.991369,487.8853,1.933378,445.8113,"No issues","No issues","No issues"
841,70,2025-09-26,"high",2025-09-25 20:51:30,2025-09-25 21:01:20,2025-09-25 20:50:10,60,4.52401779160886,3937.51080100028,0.967032770367643,0.960979372178502,1.12144588388204e-44,1.49360947811624e-42,0.00167429312088482,1.59037085964881,1.961154,462.9414,1.982064,480.8295,1.951089,455.3146,"No issues","No issues","No issues"
842,50,2025-09-27,"low",2025-09-27 10:34:30,2025-09-27 10:44:10,2025-09-27 10:33:00,59,-2.55950531852724,3093.61279812972,0.961756482818329,0.860180565965412,4.29705784778353e-42,5.03836154573706e-26,0.00100597605845829,2.45832993149991,1.931612,455.1599,1.931612,468.4618,1.915561,447.7466,"No issues","No issues","No issues"
842,80,2025-09-26,"high",2025-09-25 21:03:50,2025-09-25 21:13:40,2025-09-25 21:02:30,60,3.84972856904696,4270.12753853849,0.962114941589208,0.963803903702689,6.33909152068731e-43,1.68763585574566e-43,0.00153121850428608,1.65868505402942,1.957273,461.8207,1.976334,482.9022,1.949109,453.7343,"No issues","No issues","No issues"
843,60,2025-09-27,"low",2025-09-27 10:47:00,2025-09-27 10:56:40,2025-09-27 10:45:30,59,-2.30787024196379,-5278.27093395677,0.939345546668212,0.981305435459576,2.22227565284883e-36,5.8876675457834e-51,0.00115588678840927,1.43592748964349,1.921721,453.6198,1.924716,454.7087,1.910406,420.511,"No issues","No issues","No issues"
843,90,2025-09-26,"high",2025-09-25 21:16:10,2025-09-25 21:26:00,2025-09-25 21:14:50,60,-1.58153459516533,3150.65822283969,0.916205629082341,0.939941214665562,6.45548140594926e-33,4.07438743437735e-37,0.000958685588140352,1.59634140360482,1.945854,460.4803,1.948249,473.8514,1.937405,453.5296,"No issues","No issues","No issues"
844,10,2025-09-26,"high",2025-09-25 21:28:30,2025-09-25 21:38:20,2025-09-25 21:27:10,60,0.105757056960392,3355.24281189219,0.0552027531140291,0.931169336271084,0.0707561482077169,2.13296223590594e-35,0.000876970238591119,1.8284671325941,1.948276,461.2291,1.951037,475.1378,1.947189,451.383,"No issues","No issues","No issues"
844,70,2025-09-27,"low",2025-09-27 10:59:30,2025-09-27 11:09:10,2025-09-27 10:58:00,59,-4.95467490824086,5023.93746066626,0.979722834716357,0.938174220724415,5.97173421795435e-50,3.83535851289775e-36,0.00140492268881886,2.54198236301242,1.9238,454.6098,1.926244,481.1499,1.896511,449.3974,"No issues","No issues","No issues"
845,20,2025-09-26,"high",2025-09-25 21:40:50,2025-09-25 21:50:40,2025-09-25 21:39:30,60,0.168261059183115,3377.37904884691,0.0184285711960478,0.939149199120259,0.301039615267928,5.95993850840226e-37,0.00246141758030519,1.72318623111496,1.95026,462.726,1.95821,476.6003,1.947255,453.855,"No issues","No issues","No issues"
845,80,2025-09-27,"low",2025-09-27 11:12:00,2025-09-27 11:21:40,2025-09-27 11:10:30,59,-6.0070572063122,-5911.5145108124,0.925781830645964,0.992926824652128,7.04364060808142e-34,5.46509844928079e-63,0.00335233812938616,0.983405441219449,1.923271,442.8609,1.931169,443.7607,1.892424,405.2271,"No issues","No issues","No issues"
846,30,2025-09-26,"high",2025-09-25 21:53:10,2025-09-25 22:03:00,2025-09-25 21:51:50,60,-2.0901062650736,3670.60110741873,0.946105786702526,0.944934491821177,1.75668920712655e-38,3.27900755592099e-38,0.000999899022701103,1.77608081855778,1.944477,459.8924,1.947394,475.5418,1.93358,450.1563,"No issues","No issues","No issues"
846,90,2025-09-27,"low",2025-09-27 11:24:30,2025-09-27 11:34:10,2025-09-27 11:23:00,59,-6.70439660549397,6683.5168916423,0.963308713335814,0.946800104082491,1.31819325648107e-42,5.27246159628041e-38,0.00257895450262198,3.12260139426801,1.923694,454.8288,1.928118,490.2005,1.88507,445.2485,"No issues","No issues","No issues"
847,10,2025-09-27,"low",2025-09-27 11:37:00,2025-09-27 11:46:40,2025-09-27 11:35:30,59,-3.15882540736417,4709.10146580945,0.972725134644048,0.977174055689255,2.79982725396205e-46,1.74646407441578e-48,0.001042550540298,1.41857309101998,1.928293,453.5812,1.929889,478.285,1.910619,446.853,"No issues","No issues","No issues"
847,40,2025-09-26,"high",2025-09-25 22:05:30,2025-09-25 22:15:20,2025-09-25 22:04:10,60,1.96768473909429,3092.77183128648,0.990320757577897,0.962374626354509,4.07188202636641e-60,5.19210410255403e-43,0.000389919376753499,1.22575244365945,1.948567,454.8513,1.960351,469.8941,1.947133,449.2727,"No issues","No issues","No issues"
848,50,2025-09-26,"high",2025-09-25 22:17:50,2025-09-25 22:27:40,2025-09-25 22:16:30,60,-0.974421552653484,2918.62200833566,0.677670493818948,0.957330678381878,6.92097415696925e-16,1.99920613878938e-41,0.0013470204287613,1.23506920077996,1.946194,454.9692,1.949665,469.3712,1.941645,448.9668,"No issues","No issues","No issues"
849,30,2025-09-27,"low",2025-09-27 12:21:20,2025-09-27 12:31:00,2025-09-27 12:19:50,59,-3.12165926826426,2914.92658983049,0.989647995020517,0.922187876461046,2.83451037034776e-58,2.71591626230895e-33,0.00062927809700376,1.66888652438121,1.935995,451.479,1.935995,464.256,1.913286,444.8414,"No issues","No issues","No issues"
849,60,2025-09-26,"high",2025-09-25 22:30:10,2025-09-25 22:40:00,2025-09-25 22:28:50,60,12.001400042234,3720.52343073076,0.986563289395193,0.971959327213811,5.51682410900513e-56,1.02373141249648e-46,0.00280738824029591,1.26666208400203,1.963112,455.3747,2.028773,473.7585,1.950981,449.9906,"No issues","No issues","No issues"
850,40,2025-09-27,"low",2025-09-27 12:33:50,2025-09-27 12:43:30,2025-09-27 12:32:20,59,11.9215022980712,7245.13294962009,0.992397977399434,0.964224836755787,4.26755949571973e-62,6.40932604297817e-43,0.00205654343436787,2.75063693829788,1.942732,457.8632,2.011824,492.8908,1.935168,447.1512,"No issues","No issues","No issues"
850,70,2025-09-26,"high",2025-09-25 22:42:30,2025-09-25 22:52:20,2025-09-25 22:41:10,60,3.35237977660462,3990.96320889136,0.94623818775084,0.966388760894991,1.63563629936915e-38,1.9659752361141e-44,0.00160168269843842,1.49186872101996,1.958431,458.7801,1.971614,478.4495,1.948252,450.7494,"No issues","No issues","No issues"
851,50,2025-09-27,"low",2025-09-27 12:46:20,2025-09-27 12:56:00,2025-09-27 12:44:50,59,-1.1474207831677,3934.91323062536,0.697203994409253,0.956250756352751,2.04199595856143e-16,1.99129931163387e-40,0.00149040090644606,1.65889842697258,1.933349,457.849,1.934762,475.3441,1.925832,449.4609,"No issues","No issues","No issues"
851,80,2025-09-26,"high",2025-09-25 22:54:50,2025-09-25 23:04:40,2025-09-25 22:53:30,60,3.50071866185057,4704.46458771882,0.964469385413081,0.974887977614028,9.84969053457698e-44,4.17118632011004e-48,0.00134679316631198,1.513422719086,1.953281,456.9002,1.971345,480.4617,1.946999,450.7708,"No issues","No issues","No issues"
852,60,2025-09-27,"low",2025-09-27 12:58:50,2025-09-27 13:08:30,2025-09-27 12:57:20,59,-3.33088158971363,-2070.12228638225,0.968668353818848,0.892265883449313,1.45980277259195e-44,2.93788031513431e-29,0.00118072430046704,1.41778618698426,1.925885,449.6785,1.926917,451.6915,1.906868,436.136,"No issues","No issues","No issues"
852,90,2025-09-26,"high",2025-09-25 23:07:10,2025-09-25 23:17:00,2025-09-25 23:05:50,60,-1.71846527146423,3351.37490547373,0.945686047570794,0.949412778617109,2.2003753078757e-38,2.7952827698666e-39,0.000825485655091751,1.5506095255776,1.945131,457.6206,1.94633,474.0887,1.935207,450.6295,"No issues","No issues","No issues"
853,10,2025-09-26,"high",2025-09-25 23:19:30,2025-09-25 23:29:20,2025-09-25 23:18:10,60,0.0516805957210768,3058.49587818839,0.0145276307240654,0.953876488055231,0.358966221226993,1.91428888595071e-40,0.000853176527989656,1.34806107698769,1.947495,456.6959,1.949583,471.1589,1.946127,450.6486,"No issues","No issues","No issues"
853,70,2025-09-27,"low",2025-09-27 13:11:20,2025-09-27 13:21:00,2025-09-27 13:09:50,59,-5.01695612857984,5546.41977229689,0.985098369849737,0.968697965427387,9.1708499477741e-54,1.42096815489313e-44,0.00121619342082278,1.96512455095088,1.922447,463.2538,1.923434,492.2345,1.893054,456.4626,"No issues","No issues","No issues"
854,20,2025-09-26,"high",2025-09-25 23:31:50,2025-09-25 23:41:40,2025-09-25 23:30:30,60,0.202639568769152,3090.27283312032,0.0249888887785021,0.952245712485239,0.227695338734862,5.24778635738078e-40,0.00253712649614779,1.38712325844057,1.949013,460.2683,1.957243,474.2968,1.946386,453.167,"No issues","No issues","No issues"
854,80,2025-09-27,"low",2025-09-27 13:23:50,2025-09-27 13:33:30,2025-09-27 13:22:20,59,-5.6674380455874,-5507.84755020456,0.88871405571219,0.921246309841465,7.41905857017764e-29,3.82828251831382e-33,0.00395285761407907,3.1740571582288,1.923282,445.8336,1.932674,452.1513,1.894905,414.3984,"No issues","No issues","No issues"
855,30,2025-09-26,"high",2025-09-25 23:44:10,2025-09-25 23:54:00,2025-09-25 23:42:50,60,-2.08535198444013,3548.86900494582,0.95605114304298,0.979541812952962,4.71260948393962e-41,1.09103546037641e-50,0.00089618806732924,1.02801300745544,1.944841,454.8055,1.947127,473.244,1.933564,450.4095,"No issues","No issues","No issues"
855,90,2025-09-27,"low",2025-09-27 13:36:20,2025-09-27 13:46:00,2025-09-27 13:34:50,59,-4.69279908357693,4130.33134681471,0.957193927976467,0.892059854978528,1.06947994933952e-40,3.1026302401715e-29,0.00195600490153293,2.83181351908981,1.923862,459.9609,1.928783,475.5161,1.899213,448.1023,"No issues","No issues","No issues"
856,10,2025-09-27,"low",2025-09-27 13:48:50,2025-09-27 13:58:30,2025-09-27 13:47:20,59,-2.42618825014621,4219.78301905316,0.94223949163738,0.96273383387353,5.50872208345878e-37,2.05366558557431e-42,0.00118398064736438,1.63636287197307,1.929742,453.8252,1.931868,474.3701,1.916383,447.1821,"No issues","No issues","No issues"
856,40,2025-09-26,"high",2025-09-25 23:56:30,2025-09-26 00:06:20,2025-09-25 23:55:10,60,1.91613690025015,2872.0664042234,0.987087170125479,0.975552215192338,1.74061713457133e-56,1.91643299139537e-48,0.000439284675732379,0.911329716897713,1.948897,453.5503,1.96056,470.1194,1.947373,450.6426,"No issues","No issues","No issues"
857,20,2025-09-27,"low",2025-09-27 14:01:20,2025-09-27 14:11:00,2025-09-27 13:59:50,59,35.2965824710695,2789.47742559904,0.987706778157223,0.886854208056127,3.80334160745251e-56,1.19105582415088e-28,0.00776134085019897,1.96381781454562,1.977923,454.7756,2.176455,465.8691,1.954464,446.5462,"No issues","No issues","No issues"
857,50,2025-09-26,"high",2025-09-26 00:08:50,2025-09-26 00:18:40,2025-09-26 00:07:30,60,-0.74088876243401,2452.76420338984,0.539029339285105,0.962561051533725,2.47219377110784e-11,4.49515415384848e-43,0.00137331450028954,0.969594260348449,1.946423,454.9155,1.950452,467.4794,1.943029,451.5033,"No issues","No issues","No issues"
858,30,2025-09-27,"low",2025-09-27 14:13:50,2025-09-27 14:23:30,2025-09-27 14:12:20,59,-2.08762750204562,1768.25911770893,0.942747772590595,0.898090355297528,4.28092184540126e-37,6.00816928585454e-30,0.00101399707529516,1.1740289065296,1.937879,450.7021,1.937879,456.8945,1.920868,445.3549,"No issues","No issues","No issues"
858,60,2025-09-26,"high",2025-09-26 00:21:10,2025-09-26 00:31:00,2025-09-26 00:19:50,60,10.3048509385941,3159.5727390942,0.98800695218226,0.96920022377673,2.04100360281104e-57,1.55882366259734e-45,0.00227568975423481,1.12896880931537,1.960632,455.1983,2.018776,473.3094,1.951841,452.3011,"No issues","No issues","No issues"
859,40,2025-09-27,"low",2025-09-27 14:26:20,2025-09-27 14:36:00,2025-09-27 14:24:50,59,10.4979953898304,7180.01850613675,0.985750453228416,0.967306466246664,2.56116791809655e-54,4.91168589198367e-44,0.00248776106784476,2.60171491706752,1.946764,454.522,2.004143,488.7106,1.935385,446.1254,"No issues","No issues","No issues"
859,70,2025-09-26,"high",2025-09-26 00:33:30,2025-09-26 00:43:20,2025-09-26 00:32:10,60,3.09008219616558,3793.64277365937,0.970207578261634,0.972881660023145,5.93975157360558e-46,3.87929302933468e-47,0.00108536837198956,1.2695345760862,1.956297,457.4123,1.970818,476.7806,1.949788,452.2845,"No issues","No issues","No issues"
860,50,2025-09-27,"low",2025-09-27 14:38:50,2025-09-27 14:48:30,2025-09-27 14:37:20,59,0.244722571595448,5026.30293208648,0.0772019069999778,0.957658354671503,0.0331129672032371,7.83516352472404e-41,0.00166762583341601,2.08311132620877,1.934313,453.9205,1.937584,479.0375,1.93085,446.515,"No issues","No issues","No issues"
860,80,2025-09-26,"high",2025-09-26 00:45:50,2025-09-26 00:55:40,2025-09-26 00:44:30,60,3.23854831675477,4514.14694570715,0.961003096574564,0.977870665342763,1.46747977123635e-42,1.06446693616053e-49,0.00130764424429436,1.36114915938224,1.953332,456.8614,1.972076,480.881,1.949031,450.7306,"No issues","No issues","No issues"
861,60,2025-09-27,"low",2025-09-27 14:51:20,2025-09-27 15:01:00,2025-09-27 14:49:50,59,-2.15906176972537,-2599.31249000585,0.968775980752439,0.893985683489737,1.32336695336122e-44,1.85546461340049e-29,0.000763981857916747,1.76425244100761,1.926697,451.0697,1.927815,451.0697,1.914593,432.5636,"No issues","No issues","No issues"
861,90,2025-09-26,"high",2025-09-26 00:58:10,2025-09-26 01:08:00,2025-09-26 00:56:50,60,-1.72679534537365,3223.84572070021,0.926685364666667,0.952676107695196,1.3330513546412e-34,4.03511559363196e-40,0.000973546308686814,1.44021854848467,1.945648,457.4973,1.948777,471.9376,1.93715,450.6149,"No issues","No issues","No issues"
862,10,2025-09-26,"high",2025-09-26 01:10:30,2025-09-26 01:20:20,2025-09-26 01:09:10,60,-0.137495553209235,3229.93057093638,0.109981141553483,0.963737623537142,0.00963969750790776,1.77964940973424e-43,0.000783999351486515,1.2558231050634,1.948287,456.3781,1.950867,472.5952,1.948214,450.2207,"No issues","No issues","No issues"
862,70,2025-09-27,"low",2025-09-27 15:03:50,2025-09-27 15:13:30,2025-09-27 15:02:20,59,-5.12942913383993,5766.16693676212,0.973104256368477,0.978492196931919,1.87843591255496e-46,3.20364995287753e-49,0.00168080132888685,1.68496859322002,1.922244,456.8608,1.925881,486.1249,1.894291,448.8066,"No issues","No issues","No issues"
863,20,2025-09-26,"high",2025-09-26 01:22:50,2025-09-26 01:32:40,2025-09-26 01:21:30,60,-0.196477056960287,3500.17121378162,0.025508065176527,0.975242745811849,0.222864811428582,2.76048929563066e-48,0.00243415801640289,1.11781702562323,1.950218,457.85,1.958524,475.1806,1.948489,452.493,"No issues","No issues","No issues"
863,80,2025-09-27,"low",2025-09-27 15:16:20,2025-09-27 15:26:00,2025-09-27 15:14:50,59,-5.74130928813567,3998.8637232028,0.94830363453672,0.983007632013013,2.32720232991272e-38,3.87193996361248e-52,0.00264211975097295,1.03626389762331,1.923081,446.6274,1.929967,471.0305,1.893868,445.6201,"No issues","No issues","No issues"
864,30,2025-09-26,"high",2025-09-26 01:35:10,2025-09-26 01:45:00,2025-09-26 01:33:50,60,-2.3739162211725,3607.80367168659,0.977552393578577,0.978111960459704,1.61082830814325e-49,7.74456724985569e-50,0.000721052594248788,1.08177913724867,1.945811,456.2732,1.947867,475.7624,1.933078,451.8962,"No issues","No issues","No issues"
864,90,2025-09-27,"low",2025-09-27 15:28:50,2025-09-27 15:38:30,2025-09-27 15:27:20,59,-4.3897825178259,3630.75604348332,0.969376631372472,0.933794277841288,7.60551874988623e-45,2.70379935779362e-35,0.00153783049673649,1.9054803950797,1.924643,452.9936,1.928667,468.9682,1.901337,445.3549,"No issues","No issues","No issues"
865,10,2025-09-27,"low",2025-09-27 15:41:20,2025-09-27 15:51:00,2025-09-27 15:39:50,59,-1.69514224663944,1547.84317381647,0.844997247682784,0.851160430695329,9.59407585608184e-25,3.00807465413381e-25,0.00143097966344498,1.27575036771584,1.928419,452.4368,1.932638,457.0185,1.920592,445.443,"No issues","No issues","No issues"
865,40,2025-09-26,"high",2025-09-26 01:47:30,2025-09-26 01:57:20,2025-09-26 01:46:10,60,1.05328297860518,3348.04371614338,0.957839636777352,0.980094037908176,1.41128825213466e-41,4.9327083854892e-51,0.000442932342499148,0.956390801710665,1.951361,455.6295,1.956415,473.4558,1.948731,451.6143,"No issues","No issues","No issues"
866,20,2025-09-27,"low",2025-09-27 15:53:50,2025-09-27 15:59:50,2025-09-27 15:52:20,37,28.1005717211949,2020.43409388335,0.906114525064027,0.73940187630941,1.4705393737265e-19,9.2856746596796e-12,0.0111779328626436,1.48227484918318,1.989233,451.4276,2.068988,455.702,1.953166,445.76,"No issues","No issues","No issues"
866,20,2025-09-28,"low",2025-09-27 16:00:00,2025-09-27 16:03:30,2025-09-27 15:52:20,22,34.0710862563525,2988.02862111804,0.999973493900509,0.970444618714464,3.01621369824891e-47,9.08405122304942e-17,0.000128805333833404,0.382901315233491,2.072639,456.1236,2.155205,463.6048,2.072639,456.1236,"No issues","No issues","No issues"
866,50,2025-09-26,"high",2025-09-26 01:59:50,2025-09-26 02:09:40,2025-09-26 01:58:30,60,-1.70389154320648,3216.22360344541,0.893419104900719,0.973432759409659,6.99308350729579e-30,2.13821267228187e-47,0.00117961576831075,1.06500841225175,1.946506,454.6453,1.948963,471.9416,1.937178,449.9352,"No issues","No issues","No issues"
867,30,2025-09-28,"low",2025-09-27 16:06:20,2025-09-27 16:16:00,2025-09-27 16:04:50,59,-2.96115372063121,3056.36737907656,0.97543049211554,0.963832286270197,1.42433975490321e-47,8.74926379190019e-43,0.000926288505537464,1.16694558557668,1.93706,448.1846,1.93706,463.9531,1.914417,444.635,"No issues","No issues","No issues"
867,60,2025-09-26,"high",2025-09-26 02:12:10,2025-09-26 02:22:00,2025-09-26 02:10:50,60,10.9251306785218,4017.8622488469,0.988354203951543,0.980855971917708,8.703999670558e-58,1.58992549043533e-51,0.00237706731963682,1.12511170244408,1.959335,454.5508,2.020396,475.7252,1.948451,449.1748,"No issues","No issues","No issues"
868,40,2025-09-28,"low",2025-09-27 16:18:50,2025-09-27 16:28:30,2025-09-27 16:17:20,59,8.35624997779065,7841.17958433664,0.978179656269172,0.97409822932596,4.83370134713685e-49,6.41934138490417e-47,0.0024599040107013,2.52017098389866,1.945781,455.4665,1.988927,496.4198,1.934424,446.4522,"No issues","No issues","No issues"
868,70,2025-09-26,"high",2025-09-26 02:24:30,2025-09-26 02:34:20,2025-09-26 02:23:10,60,2.38006456904696,4162.51901528203,0.949249786601518,0.982967374520823,3.06885308207148e-39,5.35951666940027e-53,0.0011030723012374,1.09828242782888,1.95395,456.8456,1.963714,479.1662,1.946838,451.0633,"No issues","No issues","No issues"
869,50,2025-09-28,"low",2025-09-27 16:31:20,2025-09-27 16:41:00,2025-09-27 16:29:50,59,-0.742473931034527,5219.36981694913,0.758473660480082,0.968581617834875,3.12105610416142e-19,1.57953836297083e-44,0.000825806817926026,1.8527939501608,1.934602,457.6421,1.934602,481.8083,1.927607,449.3527,"No issues","No issues","No issues"
869,80,2025-09-26,"high",2025-09-26 02:36:50,2025-09-26 02:46:40,2025-09-26 02:35:30,60,2.84976872242296,5358.15524845793,0.959554491351434,0.98692028236899,4.22915440244948e-42,2.52621300777566e-56,0.00117272586246323,1.23640285055819,1.950559,455.4562,1.966099,484.4797,1.945882,449.9568,"No issues","No issues","No issues"
870,60,2025-09-28,"low",2025-09-27 16:43:50,2025-09-27 16:53:30,2025-09-27 16:42:20,59,-3.07759577323208,270.495272472225,0.969285769483139,0.158869132382653,8.2759676999812e-45,0.00176748541803084,0.00107979356421937,1.22675252130676,1.926051,446.7156,1.927358,451.2937,1.9093,446.5872,"No issues","No issues","No issues"
870,90,2025-09-26,"high",2025-09-26 02:49:10,2025-09-26 02:59:00,2025-09-26 02:47:50,60,-2.21684659071962,3842.53444267852,0.987839104037332,0.976482200081942,3.05438407914936e-57,6.22088135399293e-49,0.000493016980711939,1.19528235077785,1.945697,455.7759,1.945697,475.5194,1.931569,450.2312,"No issues","No issues","No issues"
871,10,2025-09-26,"high",2025-09-26 03:01:30,2025-09-26 03:11:20,2025-09-26 03:00:10,60,-0.211906863017425,4047.39407613225,0.276798634727436,0.980409707622581,1.57959271062196e-05,3.10236215398692e-51,0.000686561153828418,1.14677629476625,1.946428,454.681,1.948008,476.7797,1.945263,450.241,"No issues","No issues","No issues"
871,70,2025-09-28,"low",2025-09-27 16:56:20,2025-09-27 17:06:00,2025-09-27 16:54:50,59,-5.8871126966687,8511.96307749852,0.98182451873001,0.955508328571721,2.63811385471521e-51,3.21797115813779e-40,0.00157875096510859,3.62023789267313,1.922164,457.6959,1.924108,509.2357,1.887195,454.0215,"No issues","No issues","No issues"
872,20,2025-09-26,"high",2025-09-26 03:13:50,2025-09-26 03:23:40,2025-09-26 03:12:30,60,-0.749171543206412,4029.64332936928,0.326741463384342,0.984781826839558,1.83942662459014e-06,2.04214004263511e-54,0.00215554274739525,1.00407097614808,1.946737,456.4321,1.953247,479.4748,1.944352,452.2704,"No issues","No issues","No issues"
872,80,2025-09-28,"low",2025-09-27 17:08:50,2025-09-27 17:18:30,2025-09-27 17:07:20,59,-4.88626842781997,3212.34745528929,0.925422008121541,0.833391107860755,8.08614039715907e-34,7.56156609651366e-24,0.00273399684207646,2.83095148710137,1.922203,453.6497,1.929928,468.811,1.898283,448.6898,"No issues","No issues","No issues"
873,30,2025-09-26,"high",2025-09-26 03:26:10,2025-09-26 03:36:00,2025-09-26 03:24:50,60,-2.92189915865512,4128.50303039732,0.986840951618284,0.979586188410671,3.01053843986854e-56,1.02442724278872e-50,0.000676301641195081,1.19459279210711,1.943313,456.1126,1.944523,477.8346,1.926401,451.5831,"No issues","No issues","No issues"
873,90,2025-09-28,"low",2025-09-27 17:21:20,2025-09-27 17:31:00,2025-09-27 17:19:50,59,-4.66335945762719,4677.75003156047,0.973408279404836,0.971800926586302,1.35838556567913e-46,7.2408378491835e-46,0.00151918215628872,1.57054733976263,1.925051,451.9641,1.928975,475.7891,1.899734,445.5002,"No issues","No issues","No issues"
874,10,2025-09-28,"low",2025-09-27 17:33:50,2025-09-27 17:43:30,2025-09-27 17:32:20,59,-2.38855501578035,3983.3413143191,0.920094030689167,0.984900012998675,5.79499005015727e-33,1.33696924995173e-53,0.00138737546783626,0.972131447394699,1.928761,448.2839,1.931724,471.2894,1.916272,445.2637,"No issues","No issues","No issues"
874,40,2025-09-26,"high",2025-09-26 03:38:30,2025-09-26 03:48:20,2025-09-26 03:37:10,60,1.38616280522371,3091.28459416505,0.977607036129352,0.980914127112459,1.50086695282518e-49,1.4556158059934e-51,0.000420508161682922,0.864303091177422,1.947297,454.9206,1.955035,472.7798,1.945056,451.9133,"No issues","No issues","No issues"
875,20,2025-09-28,"low",2025-09-27 17:46:20,2025-09-27 17:56:00,2025-09-27 17:44:50,59,25.6239636049094,4636.91838129747,0.968845942129957,0.977315465618528,1.24136905840642e-44,1.46288817960176e-48,0.00905652341110396,1.39239436508138,1.985175,450.7256,2.111868,475.6953,1.947155,446.3803,"No issues","No issues","No issues"
875,50,2025-09-26,"high",2025-09-26 03:50:50,2025-09-26 04:00:40,2025-09-26 03:49:30,60,-1.39461003167546,2843.52237932759,0.813424836383697,0.978935880183726,8.24729148408456e-23,2.54435460288258e-50,0.00133877484611519,0.8360605728279,1.944233,454.3019,1.947731,469.7631,1.937224,451.4609,"No issues","No issues","No issues"
876,30,2025-09-28,"low",2025-09-27 17:58:50,2025-09-27 18:08:30,2025-09-27 17:57:20,59,-2.84707441262423,4442.88529094094,0.971505977229529,0.978842988515907,9.74186071305736e-46,2.00461337367255e-49,0.000961032820748881,1.28742222074622,1.933658,452.2726,1.933658,476.3106,1.914417,448.7029,"No issues","No issues","No issues"
876,60,2025-09-26,"high",2025-09-26 04:03:10,2025-09-26 04:13:00,2025-09-26 04:01:50,60,10.6247385962767,4040.93570614061,0.991206837297268,0.987504223844494,2.51429382987694e-61,6.71625287807418e-57,0.00200583507625746,0.911130607062023,1.954947,453.4666,2.016464,476.7794,1.946936,450.1544,"No issues","No issues","No issues"
877,40,2025-09-28,"low",2025-09-27 18:11:20,2025-09-27 18:21:00,2025-09-27 18:09:50,59,6.95373963296309,8055.3670527177,0.972291747446335,0.97668845709595,4.38884780776593e-46,3.18286647331421e-48,0.0023137154727082,2.45289000011698,1.941052,466.934,1.975716,510.3539,1.930556,458.8002,"No issues","No issues","No issues"
877,70,2025-09-26,"high",2025-09-26 04:15:30,2025-09-26 04:25:20,2025-09-26 04:14:10,60,2.10153343928877,5052.28186762989,0.960509188582525,0.982492225180999,2.11442356191213e-42,1.19057938583294e-52,0.00085412243471963,1.35183922773417,1.950827,456.7307,1.96043,485.2898,1.945526,450.9747,"No issues","No issues","No issues"
878,50,2025-09-28,"low",2025-09-27 18:23:50,2025-09-27 18:33:30,2025-09-27 18:22:20,59,-0.825754239626006,7650.17120093511,0.740524906965674,0.985589058228577,2.43507013222898e-18,3.53081355893828e-54,0.000963416481477632,1.82328540546612,1.929503,466.7914,1.929503,510.5996,1.922718,463.4065,"No issues","No issues","No issues"
878,80,2025-09-26,"high",2025-09-26 04:27:50,2025-09-26 04:37:40,2025-09-26 04:26:30,60,2.63217467963331,5392.8380425674,0.958762008938557,0.988643906433497,7.42703550559563e-42,4.19170827551214e-58,0.0010941946994662,1.15850648642188,1.948539,456.1928,1.964156,486.5732,1.945256,451.642,"No issues","No issues","No issues"
879,60,2025-09-28,"low",2025-09-27 18:36:20,2025-09-27 18:46:00,2025-09-27 18:34:50,59,-2.74882180713037,6068.06277685562,0.919857384212019,0.99897976039449,6.30534348643464e-33,5.8928334054514e-87,0.00159920209910072,0.382215298659914,1.921073,461.1457,1.924229,501.0794,1.906531,461.1457,"No issues","No issues","No issues"
879,90,2025-09-26,"high",2025-09-26 04:40:10,2025-09-26 04:50:00,2025-09-26 04:38:50,60,-2.3005782495137,3912.93954365102,0.98056000276492,0.974514595182639,2.48120981145168e-51,6.40067071442483e-48,0.000649283818633455,1.26835635734175,1.942791,456.4138,1.943441,476.677,1.929348,450.8535,"No issues","No issues","No issues"
880,10,2025-09-26,"high",2025-09-26 04:52:30,2025-09-26 05:02:20,2025-09-26 04:51:10,60,-0.067173059183144,3393.82217638234,0.0248834271107122,0.979773418278387,0.228691565373612,7.84141392881193e-51,0.000842858861040959,0.977403886070252,1.944061,454.6196,1.946784,473.1046,1.943691,450.2021,"No issues","No issues","No issues"
880,70,2025-09-28,"low",2025-09-27 18:48:50,2025-09-27 18:58:30,2025-09-27 18:47:20,59,-4.20033625248397,5794.38115721797,0.946782190451366,0.974856940846927,5.32334286510126e-38,2.75013602005298e-47,0.00196278519107351,1.83413344782164,1.919513,467.9408,1.925616,497.5001,1.899011,460.4363,"No issues","No issues","No issues"
881,20,2025-09-26,"high",2025-09-26 05:04:50,2025-09-26 05:14:40,2025-09-26 05:03:30,60,-0.664025651569832,3799.45718877466,0.289545429785809,0.985083401011206,9.24212716376447e-06,1.14270145423117e-54,0.0020848807212191,0.93714441191591,1.944551,457.5097,1.951411,477.6558,1.943332,452.603,"No issues","No issues","No issues"
881,80,2025-09-28,"low",2025-09-27 19:01:20,2025-09-27 19:11:00,2025-09-27 18:59:50,59,-4.51417326943315,8853.03487925188,0.906410575385603,0.995724459070323,5.28009496777799e-31,3.20805782526841e-69,0.0028590015308361,1.14341366507924,1.920074,459.0512,1.928442,513.7826,1.898528,458.8776,"No issues","No issues","No issues"
882,30,2025-09-26,"high",2025-09-26 05:17:10,2025-09-26 05:27:00,2025-09-26 05:15:50,60,-2.55488401000275,3576.91964479022,0.979087396043607,0.976864993276175,2.0635940623064e-50,3.86442547573333e-49,0.00074842980210515,1.10334995954181,1.941093,456.2107,1.943048,474.3538,1.927207,450.9834,"No issues","No issues","No issues"
882,90,2025-09-28,"low",2025-09-27 19:13:50,2025-09-27 19:23:30,2025-09-27 19:12:20,59,-4.02084088369383,3899.56346090004,0.963844255888336,0.970264147789501,8.66706317588373e-43,3.28790099972984e-45,0.00153492572174594,1.34553950022818,1.923156,456.0502,1.927243,476.4055,1.901786,451.6747,"No issues","No issues","No issues"
883,10,2025-09-28,"low",2025-09-27 19:26:20,2025-09-27 19:36:00,2025-09-27 19:24:50,59,-2.44343744710705,3854.10463869081,0.921551815718921,0.982076658389172,3.42630594561309e-33,1.77146261847312e-51,0.00140513499597996,1.02623200461365,1.926746,453.3649,1.930685,473.8494,1.914732,448.952,"No issues","No issues","No issues"
883,40,2025-09-26,"high",2025-09-26 05:29:30,2025-09-26 05:39:20,2025-09-26 05:28:10,60,1.0214436543485,3426.83881166993,0.969676439390586,0.978479256193539,9.91837131605833e-46,4.74002219438211e-50,0.000362057583405068,1.01866893447493,1.945962,455.6023,1.951381,473.6435,1.943941,451.523,"No issues","No issues","No issues"
884,20,2025-09-28,"low",2025-09-27 19:38:50,2025-09-27 19:48:30,2025-09-27 19:37:20,59,20.3661140759789,4296.57186487433,0.959528078433073,0.967950142456611,2.16094218434719e-41,2.78594145671302e-44,0.00824406670144438,1.54096897304506,1.982042,456.6682,2.078806,478.9396,1.947354,451.4136,"No issues","No issues","No issues"
884,50,2025-09-26,"high",2025-09-26 05:41:50,2025-09-26 05:51:40,2025-09-26 05:40:30,60,-1.72993853848277,3041.7236672409,0.890867535380538,0.9778902417123,1.39068952717254e-29,1.03748418045339e-49,0.00121363375423244,0.916754933915582,1.943009,455.1159,1.945576,470.7496,1.933704,451.3065,"No issues","No issues","No issues"
885,30,2025-09-28,"low",2025-09-27 19:51:20,2025-09-27 20:01:00,2025-09-27 19:49:50,59,-2.73179883576865,3745.17534634714,0.969259211425514,0.963700038269276,8.48247170622133e-45,9.70903161831517e-43,0.000958895996824029,1.43264819781523,1.930746,457.1387,1.930746,475.8339,1.913322,452.2202,"No issues","No issues","No issues"
885,60,2025-09-26,"high",2025-09-26 05:54:10,2025-09-26 06:04:00,2025-09-26 05:52:50,60,10.2398932147819,3977.14026518478,0.993634390022084,0.986272474953571,2.14316338231429e-65,1.02666829426761e-55,0.00164281512000891,0.940492056126485,1.950873,453.64,2.012134,475.783,1.945499,450.1154,"No issues","No issues","No issues"
886,40,2025-09-28,"low",2025-09-27 20:03:50,2025-09-27 20:13:30,2025-09-27 20:02:20,59,4.16219249561654,6655.51748451197,0.959052122270992,0.958786854516037,3.01618464082558e-41,3.62610405071109e-41,0.00169512610419689,2.71971834550578,1.940953,467.657,1.959767,499.0579,1.932027,456.537,"No issues","No issues","No issues"
886,70,2025-09-26,"high",2025-09-26 06:06:30,2025-09-26 06:16:20,2025-09-26 06:05:10,60,1.54895130425122,5253.95516799112,0.938623977361832,0.970373682001862,7.64891447108681e-37,5.05029440983871e-46,0.000793922062964785,1.84010351890008,1.949298,456.4625,1.955683,486.7873,1.94408,450.7883,"No issues","No issues","No issues"
887,50,2025-09-28,"low",2025-09-27 20:16:20,2025-09-27 20:26:00,2025-09-27 20:14:50,59,-1.01567870952666,6620.7939759205,0.799184357928507,0.965172526621723,1.58005868801567e-21,2.98061817789962e-43,0.00100349886811917,2.47887049970756,1.929651,469.049,1.931265,500.9669,1.923487,458.8142,"No issues","No issues","No issues"
887,80,2025-09-26,"high",2025-09-26 06:18:50,2025-09-26 06:28:40,2025-09-26 06:17:30,60,1.86385661794948,4998.38924945818,0.951700250334249,0.973728254176557,7.29691047185078e-40,1.54567900740193e-47,0.000841630384617923,1.64566795506736,1.948052,456.8741,1.9588,483.953,1.945053,451.5213,"No issues","No issues","No issues"
888,60,2025-09-28,"low",2025-09-27 20:28:50,2025-09-27 20:38:30,2025-09-27 20:27:20,59,-2.80022803974293,5350.76674506135,0.894587458286182,0.946534182806024,1.57707887456877e-29,6.07836679930503e-38,0.00189458195474477,2.50652031607077,1.916876,479.1764,1.922351,502.7165,1.903638,468.615,"No issues","No issues","No issues"
888,90,2025-09-26,"high",2025-09-26 06:31:10,2025-09-26 06:41:00,2025-09-26 06:29:50,60,-2.33189494859683,3828.62262628509,0.976661272188988,0.972682205256422,4.98365080703225e-49,4.79831930236029e-47,0.000722540417290438,1.28607546422433,1.9427,455.8082,1.944354,475.0764,1.92981,445.8151,"No issues","No issues","No issues"
889,10,2025-09-26,"high",2025-09-26 06:43:30,2025-09-26 06:53:20,2025-09-26 06:42:10,60,0.11285342817451,3004.90576804669,0.0517572439338133,0.97816776842699,0.0804367118971413,7.19170495375798e-50,0.000968223256000028,0.899828627025,1.944569,454.5724,1.948648,470.7573,1.944569,450.6093,"No issues","No issues","No issues"
889,70,2025-09-28,"low",2025-09-27 20:41:20,2025-09-27 20:51:00,2025-09-27 20:39:50,59,-3.93782517825838,5663.72971315019,0.945600373616517,0.968758612831868,9.96105335755485e-38,1.34451879839938e-44,0.00186159767938174,2.00468039072952,1.918871,469.3813,1.924212,497.538,1.89928,460.9007,"No issues","No issues","No issues"
890,20,2025-09-26,"high",2025-09-26 06:55:50,2025-09-26 07:05:40,2025-09-26 06:54:30,60,-0.579490249513707,2827.41027974438,0.192087752713278,0.978938150418595,0.000460986151085859,2.53641125993363e-50,0.00238212720399828,0.831277483269018,1.945355,455.8224,1.954304,470.8033,1.944987,452.6326,"No issues","No issues","No issues"
890,80,2025-09-28,"low",2025-09-27 20:53:50,2025-09-27 21:03:30,2025-09-27 20:52:20,59,-4.54406534658107,8105.50667445937,0.902630861116254,0.966750994978392,1.63515956757693e-30,7.9410775262655e-44,0.00294161207927096,2.9627665797084,1.918464,472.3444,1.927381,512.315,1.897214,460.7863,"No issues","No issues","No issues"
891,30,2025-09-26,"high",2025-09-26 07:08:10,2025-09-26 07:18:00,2025-09-26 07:06:50,60,-3.17529386607387,2318.43325723815,0.981475126315197,0.945727204959687,6.12604862172838e-52,2.15248574334251e-38,0.000874396601721073,1.11324129755169,1.942788,455.3656,1.945227,466.8162,1.925248,450.3475,"No issues","No issues","No issues"
891,90,2025-09-28,"low",2025-09-27 21:06:20,2025-09-27 21:16:00,2025-09-27 21:04:50,59,-3.6987375429574,3281.71706090005,0.956509608978094,0.959810276395585,1.68123568146277e-40,1.77000947091247e-41,0.00155450011875889,1.3235830695778,1.920427,460.8516,1.924943,477.4847,1.901665,456.2551,"No issues","No issues","No issues"
892,10,2025-09-28,"low",2025-09-27 21:18:50,2025-09-27 21:28:30,2025-09-27 21:17:20,59,-2.35636684979546,2881.8910877849,0.914456631913664,0.961737682877293,4.05640441700049e-32,4.35771016893978e-42,0.00142049522002024,1.13297450560214,1.923171,458.9698,1.927046,473.5771,1.911696,455.0197,"No issues","No issues","No issues"
892,40,2025-09-26,"high",2025-09-26 07:20:30,2025-09-26 07:30:20,2025-09-26 07:19:10,60,0.915276323423161,1991.19343728813,0.963291011230845,0.956395807891382,2.538634869307e-43,3.74994627964904e-41,0.000358134568311292,0.8522073986465,1.946608,452.6866,1.953039,462.741,1.946146,449.6205,"No issues","No issues","No issues"
893,20,2025-09-28,"low",2025-09-27 21:31:20,2025-09-27 21:41:00,2025-09-27 21:29:50,59,17.3063163997662,3822.62761893628,0.957463336827705,0.950240846091071,8.93239346521132e-41,7.82846441397891e-39,0.00718969601455416,1.72411764294227,1.973343,457.7678,2.054844,475.7986,1.942524,451.168,"No issues","No issues","No issues"
893,50,2025-09-26,"high",2025-09-26 07:32:50,2025-09-26 07:42:40,2025-09-26 07:31:30,60,-2.28627315587664,1350.02002156157,0.921395596422323,0.905774973901109,1.00803395106821e-33,1.94946708195676e-31,0.00133848974207761,0.872769863592213,1.944593,454.3698,1.947973,459.0428,1.932629,449.5951,"No issues","No issues","No issues"
894,30,2025-09-28,"low",2025-09-27 21:43:50,2025-09-27 21:53:30,2025-09-27 21:42:20,59,-2.84120517124493,3499.37946557567,0.97808466133494,0.962573274090273,5.47101916420066e-49,2.3215477545495e-42,0.000838250308617686,1.36003571804829,1.92873,457.8495,1.92873,475.8061,1.91035,453.0696,"No issues","No issues","No issues"
894,60,2025-09-26,"high",2025-09-26 07:45:10,2025-09-26 07:55:00,2025-09-26 07:43:50,60,11.8944904251181,2876.3583404279,0.995126394342397,0.980272000498089,9.26916946258184e-69,3.80140154743248e-51,0.00166847025681889,0.817895413822163,1.951693,451.661,2.026037,467.9198,1.948299,449.138,"No issues","No issues","No issues"
895,40,2025-09-28,"low",2025-09-27 21:56:20,2025-09-27 22:06:00,2025-09-27 21:54:50,59,2.95047567036817,6018.38343331384,0.953425441128468,0.967944273067718,1.18668397175914e-39,2.80052696834338e-44,0.00128531122728008,2.15870226617198,1.934195,469.1067,1.946883,500.6723,1.926582,461.7173,"No issues","No issues","No issues"
895,70,2025-09-26,"high",2025-09-26 07:57:30,2025-09-26 08:07:20,2025-09-26 07:56:10,60,1.48821179216452,1657.92314220617,0.947689592042343,0.743053844773344,7.39056414335054e-39,9.24264889855867e-19,0.000700829375680674,1.95416787920693,1.9509,454.5261,1.957515,464.4261,1.946742,449.956,"No issues","No issues","No issues"
896,50,2025-09-28,"low",2025-09-27 22:08:50,2025-09-27 22:18:30,2025-09-27 22:07:20,59,-1.33868846756285,6704.88773722967,0.893537943912781,0.974363861458543,2.09277155645727e-29,4.78457388867367e-47,0.000910763680598703,2.14359377982107,1.927699,467.221,1.928354,500.9472,1.919559,458.5928,"No issues","No issues","No issues"
896,80,2025-09-26,"high",2025-09-26 08:09:50,2025-09-26 08:19:40,2025-09-26 08:08:30,60,2.34118961044735,3422.33784940262,0.979098509219024,0.936843114078861,2.03201654644502e-50,1.75482836776243e-36,0.000685643846688619,1.78109201965066,1.949784,455.1002,1.964136,474.5695,1.947189,450.5602,"No issues","No issues","No issues"
897,60,2025-09-28,"low",2025-09-27 22:21:20,2025-09-27 22:31:00,2025-09-27 22:19:50,59,-2.66487898071316,4788.40727340735,0.898662902538688,0.934412885438584,5.11533860837723e-30,2.06843216758507e-35,0.00176379688478981,2.50043858166369,1.914863,477.854,1.921128,496.4512,1.903408,465.9865,"No issues","No issues","No issues"
897,90,2025-09-26,"high",2025-09-26 08:22:10,2025-09-26 08:32:00,2025-09-26 08:20:50,60,-2.62434898582936,3688.69234076133,0.988351179477561,0.975286283480291,8.76980528929543e-58,2.62306269836306e-48,0.000571075435182943,1.17696070674642,1.94527,454.9023,1.946559,474.4102,1.92999,447.254,"No issues","No issues","No issues"
898,10,2025-09-26,"high",2025-09-26 08:34:30,2025-09-26 08:44:20,2025-09-26 08:33:10,60,0.0968678677410677,3394.46373059183,0.0640960172163968,0.979002352932702,0.0509698361316888,2.32142971012154e-50,0.000741935964544955,0.996440058495382,1.945916,451.3822,1.948647,470.8529,1.945395,447.6085,"No issues","No issues","No issues"
898,70,2025-09-28,"low",2025-09-27 22:33:50,2025-09-27 22:43:30,2025-09-27 22:32:20,59,-4.31520533021634,5901.46969023961,0.957738418306229,0.963703523034945,7.42342008327537e-41,9.68248608338072e-43,0.00178663624895128,2.25738664165113,1.918623,465.5063,1.92414,493.4558,1.896681,455.1665,"No issues","No issues","No issues"
899,20,2025-09-26,"high",2025-09-26 08:46:50,2025-09-26 08:56:40,2025-09-26 08:45:30,60,-0.731681484856948,2555.08475376496,0.247517359869006,0.973717940328083,5.24985378841734e-05,1.56338149019215e-47,0.00255713722122859,0.841404791755693,1.946029,452.3983,1.954749,465.7086,1.944519,448.2374,"No issues","No issues","No issues"
899,80,2025-09-28,"low",2025-09-27 22:46:20,2025-09-27 22:56:00,2025-09-27 22:44:50,59,-4.33738402337823,7815.05194155463,0.890169505304764,0.956526683219922,5.09403205289123e-29,1.66251114426461e-40,0.00300288185366625,3.28382472440465,1.917096,470.8125,1.92651,507.9157,1.897339,456.8867,"No issues","No issues","No issues"
900,30,2025-09-26,"high",2025-09-26 08:59:10,2025-09-26 09:09:00,2025-09-26 08:57:50,60,-2.55778185495962,1545.75527246459,0.953794508189558,0.837098942171495,2.01553868795492e-40,1.58986875869082e-24,0.00112841655696502,1.3667870334084,1.943394,452.0441,1.944895,459.5828,1.929128,448.1457,"No issues","No issues","No issues"
900,90,2025-09-28,"low",2025-09-27 22:58:50,2025-09-27 23:08:30,2025-09-27 22:57:20,59,-3.80708344593807,3255.53584102863,0.950096222439064,0.9349341706493,8.50414863572913e-39,1.64723750332498e-35,0.00171973118883583,1.69275344319237,1.91941,461.4879,1.924896,476.5673,1.90054,454.8775,"No issues","No issues","No issues"
901,10,2025-09-28,"low",2025-09-27 23:11:20,2025-09-27 23:21:00,2025-09-27 23:09:50,59,-2.86958941437765,3213.87725540617,0.912346795924321,0.936086382721322,8.1319685029687e-32,9.89351477755241e-36,0.00175310908532417,1.6552106716058,1.922867,455.1055,1.928079,468.6261,1.909481,447.5442,"No issues","No issues","No issues"
901,40,2025-09-26,"high",2025-09-26 09:11:30,2025-09-26 09:21:20,2025-09-26 09:10:10,60,2.62387917532651,2479.83378671853,0.99159161170667,0.970353336467488,6.86746456083222e-62,5.15189829245558e-46,0.000484306555776324,0.868824564053705,1.948136,450.9274,1.964575,463.3506,1.946406,446.6779,"No issues","No issues","No issues"
902,20,2025-09-28,"low",2025-09-27 23:23:50,2025-09-27 23:33:30,2025-09-27 23:22:20,59,15.6521285610753,3940.2573054354,0.968182282300772,0.951837960211821,2.26435739767492e-44,3.08697836314503e-39,0.00559261096165963,1.74695116623492,1.9643,456.1178,2.040476,474.2004,1.939004,448.2342,"No issues","No issues","No issues"
902,50,2025-09-26,"high",2025-09-26 09:23:50,2025-09-26 09:33:40,2025-09-26 09:22:30,60,-1.6909925201445,836.221763823281,0.811606295563308,0.764734342135868,1.09380993066653e-22,7.07288328850016e-20,0.00163300958457358,0.929676805822952,1.946692,451.3825,1.951364,453.8717,1.93863,447.138,"No issues","No issues","No issues"
903,30,2025-09-28,"low",2025-09-27 23:36:20,2025-09-27 23:46:00,2025-09-27 23:34:50,59,-3.31029455523095,3783.6503621274,0.971820194434139,0.945449957674841,7.10108248849569e-46,1.0777426335483e-37,0.00111103549169049,1.79132557546596,1.928491,456.0638,1.929579,473.3377,1.909081,447.9738,"No issues","No issues","No issues"
903,60,2025-09-26,"high",2025-09-26 09:36:10,2025-09-26 09:46:00,2025-09-26 09:34:50,60,15.388289164768,3083.73418482913,0.995320315870511,0.96596503561943,2.85508075692254e-69,2.82782502226527e-44,0.00211496766543373,1.16023360391194,1.95385,451.7605,2.049665,468.1557,1.949971,446.9969,"No issues","No issues","No issues"
904,40,2025-09-28,"low",2025-09-27 23:48:50,2025-09-27 23:58:30,2025-09-27 23:47:20,59,2.41143813909992,7821.96424453534,0.983936935514003,0.977101289582555,7.79118812955384e-53,1.91236156726522e-48,0.000607284157282753,2.36013476481268,1.934971,460.368,1.947998,501.3365,1.931763,451.285,"No issues","No issues","No issues"
904,70,2025-09-26,"high",2025-09-26 09:48:30,2025-09-26 09:58:20,2025-09-26 09:47:10,60,3.65152663295363,2535.48902250627,0.988355175166852,0.943191938207694,8.68296956900325e-58,8.10043680359622e-38,0.000794458086853158,1.24724921254977,1.952392,451.431,1.973173,466.4034,1.948678,448.6638,"No issues","No issues","No issues"
905,50,2025-09-28,"low",2025-09-28 00:01:20,2025-09-28 00:11:00,2025-09-27 23:59:50,59,-1.55353461601407,8356.41510227936,0.857892024035861,0.976230949001015,8.01302222572227e-26,5.53962173661566e-48,0.00124623258656004,2.57001049657067,1.92928,465.3733,1.932395,507.9507,1.921703,455.2252,"No issues","No issues","No issues"
905,80,2025-09-26,"high",2025-09-26 10:00:50,2025-09-26 10:10:40,2025-09-26 09:59:30,60,4.71416837121424,3078.04525257017,0.985241645547028,0.938996019928227,8.38638161217001e-55,6.41121346518842e-37,0.00115648295279062,1.5725655876086,1.951837,455.0943,1.980985,469.2381,1.948558,447.5428,"No issues","No issues","No issues"
906,60,2025-09-28,"low",2025-09-28 00:13:50,2025-09-28 00:23:30,2025-09-28 00:12:20,59,-2.267394038574,4857.38007527761,0.913804635384085,0.969830213349364,5.03814938953265e-32,4.96970021173282e-45,0.00137254797730661,1.68859542458784,1.919276,472.7532,1.924625,495.814,1.909393,464.9947,"No issues","No issues","No issues"
906,90,2025-09-26,"high",2025-09-26 10:13:10,2025-09-26 10:23:00,2025-09-26 10:11:50,60,-1.84710092358988,3262.46508030011,0.965865845973282,0.963866856889233,3.07698602738217e-44,1.60450557179585e-43,0.000696006588311223,1.26612556160868,1.947436,453.9783,1.94824,469.0234,1.936581,448.0888,"No issues","No issues","No issues"
907,10,2025-09-26,"high",2025-09-26 10:25:30,2025-09-26 10:35:20,2025-09-26 10:24:10,60,0.929150497360434,4265.76876776884,0.751199547441234,0.980530369495599,3.6123850924387e-19,2.59330525618451e-51,0.00107181676465367,1.20484782519937,1.94764,452.6913,1.954254,474.6818,1.946573,447.1765,"No issues","No issues","No issues"
907,70,2025-09-28,"low",2025-09-28 00:26:20,2025-09-28 00:36:00,2025-09-28 00:24:50,59,-5.01673697253076,8613.68344874341,0.972574924307009,0.981663514686119,3.27448015590049e-46,3.3922505547591e-51,0.00166042388284329,2.32033604433354,1.921615,464.3142,1.926884,509.2868,1.895986,455.69,"No issues","No issues","No issues"
908,20,2025-09-26,"high",2025-09-26 10:37:50,2025-09-26 10:47:40,2025-09-26 10:36:30,60,0.449435083078591,2781.5001429286,0.0807260064141634,0.97189164135139,0.027801834016112,1.09790630661388e-46,0.00303996988527382,0.948144355700975,1.946824,452.3383,1.958858,466.9363,1.945392,447.9263,"No issues","No issues","No issues"
908,80,2025-09-28,"low",2025-09-28 00:38:50,2025-09-28 00:48:30,2025-09-28 00:37:20,59,-5.71075519812987,11609.64591654,0.930871701113372,0.978028304613011,9.27470948962493e-35,5.88665701134016e-49,0.00306733931590805,3.42973293335925,1.921065,467.5722,1.930526,526.938,1.894236,454.655,"No issues","No issues","No issues"
909,30,2025-09-26,"high",2025-09-26 10:50:10,2025-09-26 11:00:00,2025-09-26 10:48:50,60,-1.9782140639066,2681.29830108364,0.974557610534778,0.962892250303897,6.09453627808112e-48,3.47344776360763e-43,0.000640670950410292,1.05505513215771,1.943976,451.4139,1.944536,464.2604,1.932381,445.9043,"No issues","No issues","No issues"
909,90,2025-09-28,"low",2025-09-28 00:51:20,2025-09-28 01:01:00,2025-09-28 00:49:50,59,-4.75342956399776,4832.07209631793,0.958304211755391,0.951390898239065,5.0542171236129e-41,4.01785822186659e-39,0.00195427967463815,2.15277164121767,1.922565,458.0527,1.929756,480.2566,1.899652,448.7047,"No issues","No issues","No issues"
910,10,2025-09-28,"low",2025-09-28 01:03:50,2025-09-28 01:13:30,2025-09-28 01:02:20,59,-2.80025530800704,3692.2370917592,0.909061062890097,0.969092357563049,2.32508816598532e-31,9.89825065766315e-45,0.00174566656689694,1.29964635370839,1.92664,452.847,1.932306,471.1977,1.914052,448.0412,"No issues","No issues","No issues"
910,40,2025-09-26,"high",2025-09-26 11:02:30,2025-09-26 11:12:20,2025-09-26 11:01:10,60,5.09286276410117,3579.61124845791,0.992412200673001,0.950512278367363,3.49391301998682e-63,1.47715338883086e-39,0.000892607234157984,1.63716437665409,1.948804,454.1281,1.978924,469.1006,1.945074,445.2852,"No issues","No issues","No issues"
911,20,2025-09-28,"low",2025-09-28 01:16:20,2025-09-28 01:26:00,2025-09-28 01:14:50,59,15.7171022700175,3740.41859964932,0.973347004303748,0.942890554217568,1.45052285219211e-46,3.98656630464907e-37,0.00512621600058996,1.8143822754597,1.962588,455.1159,2.043517,472.4731,1.942757,447.9105,"No issues","No issues","No issues"
911,50,2025-09-26,"high",2025-09-26 11:14:50,2025-09-26 11:24:40,2025-09-26 11:13:30,60,-0.72963755709915,813.37567368714,0.450022978454028,0.631674942098517,4.50069751455803e-09,3.42521584290218e-14,0.001616771578183,1.24493462371592,1.945928,450.5946,1.949269,451.4427,1.941868,444.1053,"No issues","No issues","No issues"
912,30,2025-09-28,"low",2025-09-28 01:28:50,2025-09-28 01:38:30,2025-09-28 01:27:20,59,-3.0796681613093,3631.19349713616,0.970477167809182,0.956507012558828,2.6784598008064e-45,1.68410082168216e-40,0.00105870637325687,1.52616042979191,1.931296,454.6862,1.932039,471.9288,1.913304,447.8672,"No issues","No issues","No issues"
912,60,2025-09-26,"high",2025-09-26 11:27:10,2025-09-26 11:37:00,2025-09-26 11:25:50,60,20.4936855704362,2838.13528291193,0.996313351449953,0.953460703328195,2.82780753923128e-72,2.48384698113032e-40,0.00249875985734451,1.25683469007539,1.953402,449.4727,2.079696,465.0631,1.948262,444.6273,"No issues","No issues","No issues"
913,40,2025-09-28,"low",2025-09-28 01:41:20,2025-09-28 01:51:00,2025-09-28 01:39:50,59,2.75351851315012,10526.8614227937,0.981841700826115,0.982555348827723,2.5679314606755e-51,8.18774066265111e-52,0.000738057340728467,2.76462859081179,1.935806,460.0013,1.951127,516.4253,1.932525,450.9645,"No issues","No issues","No issues"
913,70,2025-09-26,"high",2025-09-26 11:39:30,2025-09-26 11:49:20,2025-09-26 11:38:10,60,7.1093835487636,3097.68592431231,0.989199419424788,0.970398565185497,9.78586479158269e-59,4.9286582254316e-46,0.00148901861431345,1.08443930119319,1.952557,450.9089,1.993551,467.7298,1.945553,446.0734,"No issues","No issues","No issues"
914,50,2025-09-28,"low",2025-09-28 01:53:50,2025-09-28 02:03:30,2025-09-28 01:52:20,59,-1.44011833080069,9151.56748194036,0.865770209670771,0.979481237821194,1.57020541720148e-26,8.37054622612287e-50,0.0011176519283145,2.61070776662154,1.930302,465.5495,1.932461,513.027,1.922354,454.6181,"No issues","No issues","No issues"
914,80,2025-09-26,"high",2025-09-26 11:51:50,2025-09-26 12:01:40,2025-09-26 11:50:30,60,7.54316244290086,2756.10833764936,0.983706746219941,0.918553030224574,1.47920512969355e-53,2.82836556096922e-33,0.00194585782137846,1.64500866971341,1.950616,455.1152,1.996291,465.5879,1.944573,445.1079,"No issues","No issues","No issues"
915,60,2025-09-28,"low",2025-09-28 02:06:20,2025-09-28 02:16:00,2025-09-28 02:04:50,59,-2.83268181881945,5231.25569982465,0.955516771211203,0.96283639625927,3.20059975306478e-40,1.89843573597093e-42,0.00120465322006523,2.02569411321651,1.922421,469.6941,1.926299,494.0482,1.907972,460.5726,"No issues","No issues","No issues"
915,90,2025-09-26,"high",2025-09-26 12:04:10,2025-09-26 12:14:00,2025-09-26 12:02:50,60,-0.698927266462871,3158.26572003335,0.814624008802046,0.944216537471156,6.83587822524588e-23,4.77584630712334e-38,0.000668292645197296,1.53869363370621,1.946199,451.3257,1.946199,466.322,1.94007,445.3339,"No issues","No issues","No issues"
916,10,2025-09-26,"high",2025-09-26 12:16:30,2025-09-26 12:26:20,2025-09-26 12:15:10,60,1.82867460516819,4275.74704351209,0.921473002632129,0.976083145822227,9.7960029098993e-34,1.01356410208991e-48,0.00107001823689592,1.34155098610343,1.946458,452.3445,1.958382,474.9607,1.944255,447.8846,"No issues","No issues","No issues"
916,70,2025-09-28,"low",2025-09-28 02:18:50,2025-09-28 02:28:30,2025-09-28 02:17:20,59,-4.7802383074226,7563.20301110461,0.965624032928678,0.973630505266882,2.054459491662e-43,1.06930904606636e-46,0.00177769902242761,2.4532670861974,1.921825,465.0562,1.927572,502.3906,1.897518,454.4056,"No issues","No issues","No issues"
917,20,2025-09-26,"high",2025-09-26 12:28:50,2025-09-26 12:38:40,2025-09-26 12:27:30,60,1.68978234398449,3139.37184773548,0.561912982601814,0.963578829819352,5.53724953622264e-12,2.02022786635689e-43,0.00299063205693298,1.22338355955521,1.947024,453.7957,1.96222,468.9602,1.943702,447.5068,"No issues","No issues","No issues"
917,80,2025-09-28,"low",2025-09-28 02:31:20,2025-09-28 02:41:00,2025-09-28 02:29:50,59,-4.56256332904733,8643.73262139097,0.889033674031975,0.952694032947898,6.833985960895e-29,1.85080344788891e-39,0.00317709835724571,3.79636377502486,1.920202,468.7538,1.929995,509.9575,1.899355,453.6403,"No issues","No issues","No issues"
918,30,2025-09-26,"high",2025-09-26 12:41:10,2025-09-26 12:51:00,2025-09-26 12:39:50,60,-2.11233764045563,2583.35181372606,0.977638166818924,0.944213824136999,1.441499212586e-49,4.78259421051827e-38,0.0006403457381842,1.258630439841,1.942931,450.9662,1.942931,463.0517,1.929637,445.1752,"No issues","No issues","No issues"
918,90,2025-09-28,"low",2025-09-28 02:43:50,2025-09-28 02:53:30,2025-09-28 02:42:20,59,-3.9936231163063,3477.26520631209,0.954947115746043,0.936658669249939,4.60103717188573e-40,7.65412515068314e-36,0.00170971598840083,1.78228020898824,1.922578,456.0981,1.928316,470.9459,1.902822,448.0452,"No issues","No issues","No issues"
919,10,2025-09-28,"low",2025-09-28 02:56:20,2025-09-28 03:06:00,2025-09-28 02:54:50,59,-2.69343945762714,2990.33338912914,0.903974697196286,0.948438173848361,1.09959627563394e-30,2.16048072254523e-38,0.00173024331489156,1.3742460546932,1.925177,454.6222,1.930567,467.8493,1.912658,448.4315,"No issues","No issues","No issues"
920,20,2025-09-28,"low",2025-09-28 03:08:50,2025-09-28 03:18:30,2025-09-28 03:07:20,59,13.6669151046171,3344.56157288135,0.962212622289562,0.938557994022762,3.05180164291199e-42,3.21107376442881e-36,0.00533818481655774,1.68665628396787,1.963285,455.7698,2.029731,471.069,1.941306,449.3561,"No issues","No issues","No issues"
920,50,2025-09-26,"high",2025-09-26 13:30:10,2025-09-26 13:39:50,2025-09-26 13:28:40,59,1.00276112682641,1173.62578702512,0.528996738292115,0.803518452666072,6.84260658348918e-11,8.46229345238363e-22,0.00186495435283304,1.14387312699226,1.944294,449.0742,1.95216,452.7346,1.942458,444.2828,"No issues","No issues","No issues"
921,30,2025-09-28,"low",2025-09-28 03:21:20,2025-09-28 03:31:00,2025-09-28 03:19:50,59,-2.8840678527178,3194.6970613676,0.97028982280683,0.950111544866618,3.20790485256253e-45,8.42997979013754e-39,0.000994701134036954,1.44287154558133,1.930837,454.5104,1.931401,469.4771,1.913581,448.2677,"No issues","No issues","No issues"
921,60,2025-09-26,"high",2025-09-26 13:42:30,2025-09-26 13:52:10,2025-09-26 13:41:00,59,25.0672723974283,3405.94814167153,0.996407217958732,0.958936308442624,2.25233398804657e-71,3.26919689145322e-41,0.00296680730724872,1.38917641332109,1.95825,450.0286,2.110311,466.8862,1.951274,445.5506,"No issues","No issues","No issues"
922,40,2025-09-28,"low",2025-09-28 03:33:50,2025-09-28 03:43:30,2025-09-28 03:32:20,59,2.36215479135003,8480.25190414962,0.981102117615216,0.974039036439101,8.01444936689061e-51,6.85104450525373e-47,0.000646164469961423,2.72876560389908,1.935601,461.3259,1.948229,505.2821,1.932357,450.4257,"No issues","No issues","No issues"
922,70,2025-09-26,"high",2025-09-26 13:54:50,2025-09-26 14:04:30,2025-09-26 13:53:20,59,7.36821623845705,2091.88231069547,0.986494497916515,0.938442719842967,5.55272039801513e-55,3.38747451292503e-36,0.00169924363856188,1.05598641355081,1.954709,450.5739,1.994766,460.015,1.945739,445.2122,"No issues","No issues","No issues"
923,50,2025-09-28,"low",2025-09-28 03:46:20,2025-09-28 03:56:00,2025-09-28 03:44:50,59,-1.44326983518419,10207.5680766803,0.910451788429284,0.97415363154973,1.49751253628795e-31,6.03914906068106e-47,0.000892139509278918,3.27712932387792,1.930218,466.1189,1.932018,518.1719,1.922435,452.4244,"No issues","No issues","No issues"
923,80,2025-09-26,"high",2025-09-26 14:07:10,2025-09-26 14:16:50,2025-09-26 14:05:40,59,8.61978613676213,3945.34813886615,0.984804815214589,0.971841797977099,1.59930000908583e-53,6.94748076402599e-46,0.00211037512139855,1.32365639250751,1.948919,450.6293,2.001495,471.6346,1.943918,445.4428,"No issues","No issues","No issues"
924,60,2025-09-28,"low",2025-09-28 03:58:50,2025-09-28 04:08:30,2025-09-28 03:57:20,59,-2.65938392051436,5021.96046101693,0.935676433763239,0.940023136505125,1.187349927801e-35,1.61286162374211e-36,0.00137432202521479,2.50023683605812,1.920287,470.0943,1.925276,490.4196,1.908433,458.2107,"No issues","No issues","No issues"
924,90,2025-09-26,"high",2025-09-26 14:19:30,2025-09-26 14:29:10,2025-09-26 14:18:00,59,-0.455859226183575,3226.29062770309,0.466519612489321,0.952568510731965,2.52628493752207e-09,1.99612035811193e-39,0.000960816121137669,1.41897261188778,1.944449,451.1751,1.945556,465.5614,1.941108,444.6791,"No issues","No issues","No issues"
925,10,2025-09-26,"high",2025-09-26 14:31:50,2025-09-26 14:41:30,2025-09-26 14:30:20,59,2.03179977089422,4787.62225037988,0.938676502874276,0.988731624740591,3.03897677350519e-36,3.18069449279068e-57,0.0010235796593419,1.00738753133452,1.945462,451.3557,1.958268,478.5997,1.942691,446.0991,"No issues","No issues","No issues"
925,70,2025-09-28,"low",2025-09-28 04:11:20,2025-09-28 04:21:00,2025-09-28 04:09:50,59,-5.07336204792525,8548.99605657509,0.975519199190815,0.978828682448795,1.28477081244916e-47,2.04362061090944e-49,0.00158407599146988,2.47811224054458,1.920798,464.5264,1.92539,507.9684,1.894599,454.1516,"No issues","No issues","No issues"
926,20,2025-09-26,"high",2025-09-26 14:44:10,2025-09-26 14:53:50,2025-09-26 14:42:40,59,2.80495857860891,3009.38789666859,0.715302128917652,0.954292810509988,3.48272963558084e-17,6.94167024384833e-40,0.0034878601237982,1.29812005428904,1.946077,452.3265,1.970481,465.8676,1.943339,446.3115,"No issues","No issues","No issues"
926,80,2025-09-28,"low",2025-09-28 04:23:50,2025-09-28 04:33:30,2025-09-28 04:22:20,59,-5.37852573699599,10597.5321790765,0.931101471459642,0.970927780592926,8.43412154355728e-35,1.72747859691075e-45,0.00288373251662379,3.61439514724807,1.920566,467.4588,1.929478,520.6294,1.895056,453.5225,"No issues","No issues","No issues"
927,30,2025-09-26,"high",2025-09-26 14:56:30,2025-09-26 15:06:10,2025-09-26 14:55:00,59,-1.75371043834023,4551.54301157217,0.974376708121291,0.983899310778425,4.71668036052455e-47,8.3285528198361e-53,0.000560527802048048,1.147600722636,1.942477,449.058,1.942477,474.0081,1.931406,444.6396,"No issues","No issues","No issues"
927,90,2025-09-28,"low",2025-09-28 04:36:20,2025-09-28 04:46:00,2025-09-28 04:34:50,59,-4.34294169959086,3922.61615242546,0.958065513966055,0.954447588579957,5.94786989386317e-41,6.30152070438706e-40,0.0017908421772416,1.68904302467461,1.922616,454.7318,1.929027,472.9857,1.901366,447.6811,"No issues","No issues","No issues"
928,10,2025-09-28,"low",2025-09-28 04:48:50,2025-09-28 04:58:30,2025-09-28 04:47:20,59,-2.98473117475167,3245.00968509642,0.918979066389498,0.956085588908729,8.60636774970298e-33,2.21724341851726e-40,0.00174677227654314,1.37074414429403,1.925368,452.7906,1.930746,468.4324,1.911343,446.8789,"No issues","No issues","No issues"
928,40,2025-09-26,"high",2025-09-26 15:08:50,2025-09-26 15:18:30,2025-09-26 15:07:20,59,9.36239388427813,3920.49983214493,0.993921416432968,0.977487983355601,7.27352712072164e-65,1.17674750002269e-48,0.00144310302258606,1.17267639455704,1.947744,449.5393,2.004812,470.4643,1.943805,445.1737,"No issues","No issues","No issues"
929,20,2025-09-28,"low",2025-09-28 05:01:20,2025-09-28 05:11:00,2025-09-28 04:59:50,59,14.0187504476913,3574.15192425481,0.974655020933052,0.954443596425738,3.45462934515673e-47,6.3172917569416e-40,0.00445569102462834,1.53906813593167,1.959163,453.3334,2.030601,469.529,1.940805,446.59,"No issues","No issues","No issues"
929,50,2025-09-26,"high",2025-09-26 15:21:10,2025-09-26 15:30:50,2025-09-26 15:19:40,59,1.12879908357683,1929.84665996491,0.656332941010819,0.945011093262457,7.75694732060913e-15,1.35454082104978e-37,0.00160993653783676,0.917544525642718,1.944832,445.0484,1.952498,456.7418,1.941783,443.6125,"No issues","No issues","No issues"
930,30,2025-09-28,"low",2025-09-28 05:13:50,2025-09-28 05:23:30,2025-09-28 05:12:20,59,-3.07676914085334,3301.18907586206,0.971777551111389,0.956664447371671,7.41395231664079e-46,1.51861943604459e-40,0.00103346098051753,1.38483492612211,1.930526,452.9458,1.931092,468.6221,1.911997,447.4194,"No issues","No issues","No issues"
930,60,2025-09-26,"high",2025-09-26 15:33:30,2025-09-26 15:43:10,2025-09-26 15:32:00,59,27.6557148988895,3911.83130146113,0.997185143259989,0.989975397271469,2.14878869312559e-74,1.13403272722725e-58,0.00289607893348467,0.775866067552181,1.952503,445.0957,2.122474,468.8463,1.946363,443.7554,"No issues","No issues","No issues"
931,40,2025-09-28,"low",2025-09-28 05:26:20,2025-09-28 05:36:00,2025-09-28 05:24:50,59,2.49654087668027,8995.82120584452,0.986392517355848,0.9764573178908,6.88079384619262e-55,4.21685090085225e-48,0.000577946912173084,2.75313437273814,1.93424,458.3324,1.948241,505.8697,1.931414,448.6231,"No issues","No issues","No issues"
931,70,2025-09-26,"high",2025-09-26 15:45:50,2025-09-26 15:55:30,2025-09-26 15:44:20,59,6.93871279953238,2077.98201005259,0.984984222874186,0.965961344613989,1.13994483526199e-53,1.55085905284079e-43,0.00168858698719227,0.76883538677441,1.955155,448.7367,1.99241,459.2298,1.945778,444.3712,"No issues","No issues","No issues"
932,50,2025-09-28,"low",2025-09-28 05:38:50,2025-09-28 05:48:30,2025-09-28 05:37:20,59,-1.12968934190538,8342.96482898887,0.836090455874161,0.968260265242464,4.73980521158117e-24,2.11132338930111e-44,0.000985870283490632,2.9772222830099,1.929194,466.6507,1.931214,506.875,1.923024,453.5686,"No issues","No issues","No issues"
932,80,2025-09-26,"high",2025-09-26 15:58:10,2025-09-26 15:59:50,2025-09-26 15:56:40,11,6.30319418181827,-2220.86487272718,0.436915078822443,0.367474069755559,0.0267989387371286,0.0480389306227502,0.00261899926301426,1.06643455766247,1.949372,448.8607,1.954856,448.8607,1.944154,443.9839,"No issues","No issues","No issues"
932,80,2025-09-27,"high",2025-09-26 16:00:00,2025-09-26 16:07:50,2025-09-26 15:56:40,48,8.28339037776812,2344.11856882326,0.998566457462794,0.980542649400442,4.63386094392506e-67,5.26276079325127e-41,0.000503231175269786,0.529457112322452,1.956243,446.1099,2.002437,457.8074,1.956243,445.2246,"No issues","No issues","No issues"
933,60,2025-09-28,"low",2025-09-28 05:51:20,2025-09-28 06:01:00,2025-09-28 05:49:50,59,-2.95757349853898,5283.94323787257,0.953868008595659,0.960527481574589,9.03776948168428e-40,1.05911683978682e-41,0.00128196970449196,2.11123180945468,1.919746,467.7999,1.923708,492.4063,1.905034,458.845,"No issues","No issues","No issues"
933,90,2025-09-27,"high",2025-09-26 16:10:30,2025-09-26 16:20:10,2025-09-26 16:09:00,59,-0.880194824079535,3073.77589339567,0.816912136594709,0.976240906038533,1.12246464422654e-22,5.47383751554035e-48,0.000821308222970089,0.94513510324306,1.943943,447.5288,1.944167,463.8966,1.937831,444.4882,"No issues","No issues","No issues"
934,10,2025-09-27,"high",2025-09-26 16:22:50,2025-09-26 16:32:30,2025-09-26 16:21:20,59,2.06953955347743,4528.30595628285,0.951086750706958,0.989019291181253,4.80027076942964e-39,1.52187700986341e-57,0.000925043548666134,0.940445916706038,1.944737,450.2409,1.957646,475.1188,1.942405,447.1309,"No issues","No issues","No issues"
934,70,2025-09-28,"low",2025-09-28 06:03:50,2025-09-28 06:13:30,2025-09-28 06:02:20,59,-5.38557104850973,8129.61086054938,0.97605592830926,0.970902492927429,6.82846838947625e-48,1.77084107456281e-45,0.00166256512562946,2.77392744421781,1.919886,463.1759,1.925007,503.8238,1.892038,451.8518,"No issues","No issues","No issues"
935,20,2025-09-27,"high",2025-09-26 16:35:10,2025-09-26 16:44:50,2025-09-26 16:33:40,59,2.32230272822902,3398.49259427233,0.923157774325773,0.982872990143969,1.89866119383374e-33,4.84892159780935e-52,0.00132058418153747,0.884226767607082,1.948461,450.7885,1.962554,469.0041,1.943483,445.9982,"No issues","No issues","No issues"
935,80,2025-09-28,"low",2025-09-28 06:16:20,2025-09-28 06:26:00,2025-09-28 06:14:50,59,-5.27987117708949,6442.17149456457,0.937372110076503,0.943838431549491,5.54029852463187e-36,2.47303440150132e-37,0.00268990200590237,3.09733602449006,1.919077,466.5743,1.927451,492.2551,1.893672,450.6982,"No issues","No issues","No issues"
936,30,2025-09-27,"high",2025-09-26 16:47:30,2025-09-26 16:57:10,2025-09-26 16:46:00,59,-1.19839021858568,2580.16577533605,0.77571886267182,0.966840159461703,3.73882711363164e-20,7.35568013629233e-44,0.00127007015538684,0.941806628569734,1.941532,448.142,1.944852,461.448,1.935672,443.7359,"No issues","No issues","No issues"
936,90,2025-09-28,"low",2025-09-28 06:28:50,2025-09-28 06:38:30,2025-09-28 06:27:20,59,-4.51765805260093,3522.66403834013,0.967174043814011,0.947564297087881,5.51177670658452e-44,3.48946904972103e-38,0.00164041974607029,1.63329895818316,1.921412,453.5006,1.927053,469.1375,1.898415,445.6135,"No issues","No issues","No issues"
937,10,2025-09-28,"low",2025-09-28 06:41:20,2025-09-28 06:51:00,2025-09-28 06:39:50,59,-3.34926090473416,2564.66937229688,0.935346949240913,0.942328871814441,1.37369820244672e-35,5.27063637547875e-37,0.00173557098390688,1.25053144526478,1.925537,449.7387,1.930127,461.1678,1.908656,444.3347,"No issues","No issues","No issues"
937,40,2025-09-27,"high",2025-09-26 16:59:50,2025-09-26 17:09:30,2025-09-26 16:58:20,59,6.6806590765633,3407.91307258912,0.991143195319461,0.985671087185214,3.32169989989641e-60,3.00056005611547e-54,0.00124472925784694,0.809868255603502,1.94963,449.079,1.987307,468.4712,1.943754,445.9425,"No issues","No issues","No issues"
938,20,2025-09-28,"low",2025-09-28 06:53:50,2025-09-28 07:03:30,2025-09-28 06:52:20,59,14.0855066931618,1402.02062700174,0.970284645826068,0.811971776398259,3.22388218354104e-45,2.40433738075701e-22,0.00485845972331985,1.32978280923466,1.95784,451.2245,2.028679,454.0121,1.937672,443.9315,"No issues","No issues","No issues"
938,50,2025-09-27,"high",2025-09-26 17:12:10,2025-09-26 17:21:50,2025-09-26 17:10:40,59,1.05634730566916,2051.28723787259,0.727015813055567,0.976904648426166,1.04357008205698e-17,2.44032941239286e-48,0.00127581822610194,0.621652859049375,1.944403,447.0017,1.950899,458.2252,1.942099,445.2643,"No issues","No issues","No issues"
939,30,2025-09-28,"low",2025-09-28 07:06:20,2025-09-28 07:16:00,2025-09-28 07:04:50,59,-3.13874637054359,1518.10283950904,0.969462512050592,0.851559239210564,7.0202107163715e-45,2.7860040323738e-25,0.00109797543626354,1.24926796119405,1.929264,449.9419,1.930156,454.1169,1.910803,443.6843,"No issues","No issues","No issues"
939,60,2025-09-27,"high",2025-09-26 17:24:30,2025-09-26 17:34:10,2025-09-26 17:23:00,59,22.3080800654588,4164.36991700758,0.994903597436932,0.989440424325129,4.78835022015724e-67,4.99170474026386e-58,0.00314694253942777,0.847935788060366,1.960724,447.8092,2.091611,471.921,1.949443,444.9962,"No issues","No issues","No issues"
940,40,2025-09-28,"low",2025-09-28 07:18:50,2025-09-28 07:28:30,2025-09-28 07:17:20,59,3.14091470251311,4964.559300526,0.987222646675834,0.939702156112853,1.14382853491118e-55,1.87815977702462e-36,0.000704294499100371,2.47868728484831,1.934755,456.2758,1.952864,476.3768,1.931748,444.557,"No issues","No issues","No issues"
940,70,2025-09-27,"high",2025-09-26 17:36:50,2025-09-26 17:46:30,2025-09-26 17:35:20,59,6.183501559322,3670.64870601986,0.982381841131879,0.989795192954725,1.08567721776846e-51,1.88445654471548e-58,0.00163214909654162,0.734611644236756,1.955507,450.4297,1.987863,471.1013,1.94577,447.3971,"No issues","No issues","No issues"
941,50,2025-09-28,"low",2025-09-28 07:31:20,2025-09-28 07:41:00,2025-09-28 07:29:50,59,-0.924749652834659,1637.67392542372,0.714012376429411,0.683024344537959,3.96496804765033e-17,7.59914120345418e-16,0.00115353342444203,2.19891050227775,1.930418,460.0083,1.933056,460.0083,1.925687,446.3457,"No issues","No issues","No issues"
941,80,2025-09-27,"high",2025-09-26 17:49:10,2025-09-26 17:58:50,2025-09-26 17:47:40,59,6.52511534307417,4465.74114599648,0.983230490575985,0.99343948748763,2.65751060002035e-52,6.40036904405782e-64,0.0016796003618475,0.715281474524676,1.951148,448.097,1.987809,475.1468,1.943747,446.8432,"No issues","No issues","No issues"
942,60,2025-09-28,"low",2025-09-28 07:43:50,2025-09-28 07:53:30,2025-09-28 07:42:20,59,-3.36171896668614,-2998.75029433081,0.926738107225024,0.933402171337442,4.86481373021939e-34,3.20001367831943e-35,0.00186297581759903,1.57877845659376,1.920615,461.7668,1.925827,461.7668,1.904247,432.0714,"No issues","No issues","No issues"
942,90,2025-09-27,"high",2025-09-26 18:01:30,2025-09-26 18:11:10,2025-09-26 18:00:00,59,-0.713427675043897,3510.24551537111,0.635981750304348,0.987408634658247,4.05757393217658e-14,7.5306276377257e-56,0.0010638354559144,0.781287186879135,1.94188,450.9338,1.943976,471.7544,1.937752,449.0847,"No issues","No issues","No issues"
943,10,2025-09-27,"high",2025-09-26 18:13:50,2025-09-26 18:23:30,2025-09-26 18:12:20,59,0.932376182349423,3301.36056294563,0.913386050045901,0.98966273025442,5.78534117050759e-32,2.72172453816095e-58,0.000565904519649172,0.665024326954385,1.944189,453.4841,1.949961,473.3048,1.94241,452.5304,"No issues","No issues","No issues"
943,70,2025-09-28,"low",2025-09-28 07:56:20,2025-09-28 08:06:00,2025-09-28 07:54:50,59,-5.25264936995912,3589.54016317941,0.974862240799645,0.87830740259176,2.73365501323579e-47,9.53430522292045e-28,0.00166247576882012,2.6334973295525,1.921025,457.452,1.925708,470.576,1.893603,445.987,"No issues","No issues","No issues"
944,20,2025-09-27,"high",2025-09-26 18:26:10,2025-09-26 18:35:50,2025-09-26 18:24:40,59,1.45611672238451,3440.34362314434,0.858394684119714,0.98625806028815,7.24128355313874e-26,9.10687240582581e-55,0.00116567562377322,0.800416099507508,1.947242,455.5044,1.955238,475.5516,1.943501,453.1008,"No issues","No issues","No issues"
944,80,2025-09-28,"low",2025-09-28 08:08:50,2025-09-28 08:18:30,2025-09-28 08:07:20,59,-6.0391034763297,-7617.39701975453,0.914578055269316,0.989846025304643,3.89522075697614e-32,1.63443185935832e-58,0.00363774344197703,1.52063879015606,1.921079,450.3186,1.930828,450.3186,1.891679,392.2848,"No issues","No issues","No issues"
945,30,2025-09-27,"high",2025-09-26 18:38:30,2025-09-26 18:48:10,2025-09-26 18:37:00,59,-1.10325578959678,3357.59595464638,0.703552981720502,0.992570451349833,1.11145387663403e-16,2.21866360600977e-62,0.00141151861812133,0.572551074151399,1.941332,454.1902,1.945504,475.5269,1.936654,454.1902,"No issues","No issues","No issues"
945,90,2025-09-28,"low",2025-09-28 08:21:20,2025-09-28 08:31:00,2025-09-28 08:19:50,59,-5.55232910812392,3569.31766499123,0.986416917917801,0.958700288071504,6.53760439653035e-55,3.8497284313273e-41,0.00128419023577835,1.46016703700602,1.923632,451.4076,1.927279,467.8135,1.892679,444.2073,"No issues","No issues","No issues"
946,10,2025-09-28,"low",2025-09-28 08:33:50,2025-09-28 08:43:30,2025-09-28 08:32:20,59,-4.00184651782592,2521.55158106369,0.967835237148928,0.937648719806352,3.0852687211373e-44,4.88295662075461e-36,0.00143792139789264,1.2816094998327,1.925737,450.0987,1.929005,459.6859,1.904662,442.9278,"No issues","No issues","No issues"
946,40,2025-09-27,"high",2025-09-26 18:50:50,2025-09-26 19:00:30,2025-09-26 18:49:20,59,3.90203861133838,3031.56300455872,0.990995675612036,0.988272706351526,5.31927529479926e-60,9.92452024207435e-57,0.000733105546848427,0.65089712650333,1.946751,453.8821,1.968837,472.6295,1.943121,452.8062,"No issues","No issues","No issues"
947,20,2025-09-28,"low",2025-09-28 08:46:20,2025-09-28 08:56:00,2025-09-28 08:44:50,59,18.7768701531268,115.044251081234,0.984259148543207,0.0458404028613398,4.37250026000787e-53,0.103457435742515,0.00468023693602273,1.03451424772953,1.957084,448.017,2.060158,448.017,1.939722,441.0209,"No issues","No issues","No issues"
947,50,2025-09-27,"high",2025-09-26 19:03:10,2025-09-26 19:12:50,2025-09-26 19:01:40,59,0.0453809561659098,2677.87331852716,0.00820954638236301,0.990030034094378,0.494937371675595,9.7044144115746e-59,0.000983126222517357,0.529660926963089,1.943012,457.5329,1.945552,476.9059,1.941599,457.5329,"No issues","No issues","No issues"
948,30,2025-09-28,"low",2025-09-28 08:58:50,2025-09-28 09:08:30,2025-09-28 08:57:20,59,-3.2943178772648,806.349688369349,0.982444019514264,0.668160975376013,9.81584362940751e-52,2.83468865166629e-15,0.000867979359096819,1.12003567190471,1.932539,446.942,1.932539,448.2852,1.911739,441.1445,"No issues","No issues","No issues"
948,60,2025-09-27,"high",2025-09-26 19:15:30,2025-09-26 19:25:10,2025-09-26 19:14:00,59,14.2248081355932,3524.55771829339,0.988734240581356,0.985642372343352,3.15971404375322e-57,3.17678372062081e-54,0.00299276160083411,0.838439140241296,1.964593,457.731,2.043005,478.5373,1.951177,455.9601,"No issues","No issues","No issues"
949,40,2025-09-28,"low",2025-09-28 09:11:20,2025-09-28 09:21:00,2025-09-28 09:09:50,59,4.87738048860306,2663.76795043833,0.991016982255741,0.876509520323018,4.97193021885681e-60,1.44958115295197e-27,0.000915255765841267,1.97069795438996,1.9376,452.5513,1.966036,459.8322,1.933684,442.0432,"No issues","No issues","No issues"
949,70,2025-09-27,"high",2025-09-26 19:27:50,2025-09-26 19:37:30,2025-09-26 19:26:20,59,3.89115503915831,3610.25949924019,0.966130860044116,0.99241126247516,1.3450582119729e-43,4.0600135167978e-62,0.00143597837167528,0.622246696580844,1.953555,460.9745,1.971256,483.9629,1.94437,460.8649,"No issues","No issues","No issues"
950,50,2025-09-28,"low",2025-09-28 09:23:50,2025-09-28 09:33:30,2025-09-28 09:22:20,59,-0.799658005844617,1351.84732390414,0.513659635285587,0.670039626328614,1.72918094692831e-10,2.40798485245015e-15,0.00153363490572793,1.86979309496333,1.933036,454.1602,1.936121,454.1965,1.92868,444.3139,"No issues","No issues","No issues"
950,80,2025-09-27,"high",2025-09-26 19:40:10,2025-09-26 19:49:50,2025-09-26 19:38:40,59,4.54996438106362,3182.6488313267,0.975643703757017,0.975012505119076,1.11093664595284e-47,2.30410282845061e-47,0.00141694585158044,1.00422318633342,1.951256,462.8408,1.974399,481.0337,1.943198,459.8888,"No issues","No issues","No issues"
951,60,2025-09-28,"low",2025-09-28 09:36:20,2025-09-28 09:46:00,2025-09-28 09:34:50,59,-1.87913435417895,-5020.82090005846,0.931112780884829,0.985407851845137,8.39470512645146e-35,5.04172382347626e-54,0.00100742163051634,1.2042359615111,1.922307,454.8836,1.92566,454.8836,1.912401,422.0387,"No issues","No issues","No issues"
951,90,2025-09-27,"high",2025-09-26 19:52:30,2025-09-26 20:02:10,2025-09-26 19:51:00,59,-1.0143607434249,2848.50847083576,0.84250570242204,0.966496697270731,1.51353885243094e-24,9.86825022480929e-44,0.000864417762063899,1.04531310560814,1.941014,459.7785,1.942267,475.4135,1.935259,456.7941,"No issues","No issues","No issues"
952,10,2025-09-27,"high",2025-09-26 20:04:50,2025-09-26 20:14:30,2025-09-26 20:03:20,59,0.7395329982466,2573.26392518993,0.783163197981087,0.954432533751055,1.42215377686631e-20,6.361194253352e-40,0.000766978473308631,1.10821598720953,1.943588,460.8117,1.947906,474.0009,1.941571,456.5015,"No issues","No issues","No issues"
952,70,2025-09-28,"low",2025-09-28 09:48:50,2025-09-28 09:58:30,2025-09-28 09:47:20,59,-5.88154037638817,6615.33527340735,0.986011055239753,0.958869886646736,1.51329602263457e-54,3.42342037543493e-41,0.00138079092703027,2.70045677079705,1.922502,458.2114,1.925498,494.8612,1.889412,450.8816,"No issues","No issues","No issues"
953,20,2025-09-27,"high",2025-09-26 20:17:10,2025-09-26 20:26:50,2025-09-26 20:15:40,59,0.839983728813418,2868.83277054352,0.669622410046348,0.979409805902365,2.49702590877375e-15,9.24237631185803e-50,0.00116291087144081,0.8198577115913,1.944852,462.4817,1.949658,478.6595,1.94203,460.6467,"No issues","No issues","No issues"
953,80,2025-09-28,"low",2025-09-28 10:01:20,2025-09-28 10:11:00,2025-09-28 09:59:50,59,-5.97424792986561,-7176.13308147285,0.946046767983738,0.992956514067031,7.87445631725108e-38,4.84762132275432e-63,0.00281203633461156,1.19125421893968,1.924591,443.6496,1.931955,443.7438,1.893615,398.8394,"No issues","No issues","No issues"
954,30,2025-09-27,"high",2025-09-26 20:29:30,2025-09-26 20:39:10,2025-09-26 20:28:00,59,-1.3997173676214,2803.58587399179,0.859581306201448,0.968740077522391,5.69338245372124e-26,1.36745214420126e-44,0.00111505063969143,0.992634657347663,1.940645,462.4961,1.943201,477.3243,1.933454,458.8601,"No issues","No issues","No issues"
955,10,2025-09-28,"low",2025-09-28 10:56:40,2025-09-28 11:06:20,2025-09-28 10:55:10,59,-1.12072919228529,2177.63019520746,0.606643164764343,0.81286997575715,3.77919554069081e-13,2.09651244775437e-22,0.00177874067835271,2.05935198128602,1.930176,452.334,1.936184,459.5718,1.92653,443.78,"No issues","No issues","No issues"
955,40,2025-09-27,"high",2025-09-26 20:41:50,2025-09-26 20:51:30,2025-09-26 20:40:20,59,2.1643376738749,2464.77148053768,0.97845336195958,0.969831759060536,3.37273425032145e-49,4.96244493857973e-45,0.000633038274164763,0.856818252793213,1.945881,457.6537,1.957008,471.0709,1.942244,455.0154,"No issues","No issues","No issues"
956,20,2025-09-28,"low",2025-09-28 11:09:10,2025-09-28 11:18:50,2025-09-28 11:07:40,59,32.7133083156049,2328.52585108122,0.992243286580137,0.88282285764853,7.57786894705432e-62,3.23751713803317e-28,0.0057008486577105,1.67205664796187,1.964923,449.7113,2.154717,459.2328,1.94887,443.5367,"No issues","No issues","No issues"
956,50,2025-09-27,"high",2025-09-26 20:54:10,2025-09-26 21:03:50,2025-09-26 20:52:40,59,-0.352144888369428,2153.43748825248,0.370324069615308,0.942154018650734,3.1688171211926e-07,5.74608659323206e-37,0.000905053435420713,1.05170313828548,1.942614,460.9589,1.944804,471.3207,1.940789,456.2623,"No issues","No issues","No issues"
957,30,2025-09-28,"low",2025-09-28 11:21:40,2025-09-28 11:31:20,2025-09-28 11:20:10,59,-2.70733819286973,1886.33292343658,0.96159559800374,0.839982662454944,4.84358462114746e-42,2.38414062158112e-24,0.0010664046660617,1.62275127970448,1.937059,451.0848,1.937059,458.6822,1.916482,444.5751,"No issues","No issues","No issues"
957,60,2025-09-27,"high",2025-09-26 21:06:30,2025-09-26 21:16:10,2025-09-26 21:05:00,59,11.1852682548217,3011.36787562827,0.983026226765701,0.96175859672202,3.75294887492384e-52,4.29028914599938e-42,0.00289693203386855,1.18354000287152,1.964578,460.4261,2.022711,476.1902,1.949747,456.5158,"No issues","No issues","No issues"
958,40,2025-09-28,"low",2025-09-28 11:34:10,2025-09-28 11:43:50,2025-09-28 11:32:40,59,11.5399925189947,13004.6114861484,0.995425094998303,0.987999659326818,2.20774598618329e-68,1.91270091545413e-56,0.0015419757055737,2.82488666688785,1.941648,455.0201,2.01124,527.3752,1.936449,446.7869,"No issues","No issues","No issues"
958,70,2025-09-27,"high",2025-09-26 21:18:50,2025-09-26 21:28:30,2025-09-26 21:17:20,59,3.17782684278192,3065.92768299239,0.964892903465356,0.951105347670869,3.74408742209917e-43,4.74848230011503e-39,0.00119473995064444,1.37013554325648,1.951585,462.0887,1.966629,475.8356,1.944184,455.7421,"No issues","No issues","No issues"
959,50,2025-09-28,"low",2025-09-28 11:46:40,2025-09-28 11:56:20,2025-09-28 11:45:10,59,-0.0309757381648473,5076.21122805376,0.0029032808271588,0.966144360627285,0.685245543746651,1.3298523163363e-43,0.00113143873198326,1.87292091824456,1.939,459.9226,1.940034,485.858,1.935266,452.6603,"No issues","No issues","No issues"
959,80,2025-09-27,"high",2025-09-26 21:31:10,2025-09-26 21:40:50,2025-09-26 21:29:40,59,3.92454098889536,3031.00016738747,0.975612702249645,0.972988858782255,1.15196768047973e-47,2.12233279497801e-46,0.00122297405327512,0.995379632288898,1.949789,460.5996,1.970457,477.4016,1.943745,457.7648,"No issues","No issues","No issues"
960,60,2025-09-28,"low",2025-09-28 11:59:10,2025-09-28 12:08:50,2025-09-28 11:57:40,59,-2.67549138515496,-1449.64237802457,0.910926799179518,0.864491500628518,1.28656116607407e-31,2.05881485957116e-26,0.00164899980118016,1.13122511075585,1.924957,461.3168,1.926959,461.9366,1.908043,452.4062,"No issues","No issues","No issues"
960,90,2025-09-27,"high",2025-09-26 21:43:30,2025-09-26 21:53:10,2025-09-26 21:42:00,59,-1.19937187609585,2555.98392518992,0.888613178036606,0.946651929327527,7.61355002478576e-29,5.70784739616609e-38,0.000836950261035679,1.19593498716744,1.940618,462.4862,1.941894,474.9539,1.933758,458.2521,"No issues","No issues","No issues"
961,10,2025-09-27,"high",2025-09-26 21:55:50,2025-09-26 22:05:30,2025-09-26 21:54:20,59,0.347997587375786,2510.94725610753,0.442644148258157,0.930869729519707,9.0160059246327e-09,9.28226079904327e-35,0.000769662644263764,1.34869119054397,1.942781,459.0371,1.944899,470.5282,1.941016,453.4207,"No issues","No issues","No issues"
961,70,2025-09-28,"low",2025-09-28 12:11:40,2025-09-28 12:21:20,2025-09-28 12:10:10,59,-3.79381592051436,4694.41967691408,0.957549379921544,0.94070552346298,8.43114762448206e-41,1.16362787893058e-36,0.0015744284927291,2.32299054248545,1.926231,462.3687,1.930418,483.0726,1.907255,453.3986,"No issues","No issues","No issues"
962,20,2025-09-27,"high",2025-09-26 22:08:10,2025-09-26 22:17:50,2025-09-26 22:06:40,59,0.698285203974212,2652.59346627702,0.298415606182159,0.945810431428363,7.62205421784674e-06,8.92015463924153e-38,0.002110315022244,1.25144494661521,1.94384,459.9112,1.950946,472.196,1.941324,454.1062,"No issues","No issues","No issues"
962,80,2025-09-28,"low",2025-09-28 12:24:10,2025-09-28 12:33:50,2025-09-28 12:22:40,59,-5.53243993921691,-92.4082590298357,0.885233483797636,0.00927383297865733,1.78793962950137e-28,0.468107191675954,0.00392627439054176,1.88253572482538,1.925907,452.0058,1.934967,452.1286,1.89767,442.4152,"No issues","No issues","No issues"
963,30,2025-09-27,"high",2025-09-26 22:20:30,2025-09-26 22:30:10,2025-09-26 22:19:00,59,-1.58439118176511,2745.54577767386,0.869419782719236,0.964623019181486,7.1431509214124e-27,4.65791328172874e-43,0.00121024029191382,1.0363239095302,1.93964,456.9098,1.942712,471.316,1.931601,453.7364,"No issues","No issues","No issues"
963,90,2025-09-28,"low",2025-09-28 12:36:40,2025-09-28 12:46:20,2025-09-28 12:35:10,59,-3.92827825599069,3781.70002478083,0.945578127030822,0.887581935793808,1.00779189380412e-37,9.90592600900636e-29,0.0018574859303423,2.65268790235306,1.927236,460.4808,1.931868,474.5132,1.90649,447.6854,"No issues","No issues","No issues"
964,10,2025-09-28,"low",2025-09-28 12:49:10,2025-09-28 12:58:50,2025-09-28 12:47:40,59,-2.29008729398018,3406.5310260666,0.956601150198921,0.958126275126415,1.58317311136267e-40,5.70690825009299e-41,0.000961415133614782,1.40364417514411,1.934803,453.1048,1.935665,468.7014,1.921212,446.0285,"No issues","No issues","No issues"
964,40,2025-09-27,"high",2025-09-26 22:32:50,2025-09-26 22:42:30,2025-09-26 22:31:20,59,1.42831824196373,2591.16124839274,0.969267070389215,0.969309358182196,8.42085138500104e-45,8.09662692836387e-45,0.000501291673258862,0.908764762896967,1.944675,455.5751,1.952249,469.0146,1.942,451.6029,"No issues","No issues","No issues"
965,20,2025-09-28,"low",2025-09-28 13:01:40,2025-09-28 13:11:20,2025-09-28 13:00:10,59,36.5130535686731,2651.52475230859,0.987021131806524,0.906795280876103,1.78684709852037e-55,4.69429159325892e-31,0.00825255820981247,1.67550322265788,1.981432,452.0846,2.18692,463.9628,1.957221,446.1849,"No issues","No issues","No issues"
965,50,2025-09-27,"high",2025-09-26 22:45:10,2025-09-26 22:54:50,2025-09-26 22:43:40,59,-0.856724423144419,2530.31070298069,0.748916948073469,0.969949505002507,9.4894702066925e-19,4.43881518057636e-45,0.000977728499000189,0.877829883485399,1.942268,455.3556,1.944856,468.7574,1.938115,452.4496,"No issues","No issues","No issues"
966,30,2025-09-28,"low",2025-09-28 13:14:10,2025-09-28 13:23:50,2025-09-28 13:12:40,59,-3.25073561659854,3042.68194225597,0.982553309254629,0.945039743796171,8.21507541081306e-52,1.33455092784423e-37,0.000853778818668322,1.44624260460913,1.942164,449.6438,1.942164,463.7107,1.91752,444.4947,"No issues","No issues","No issues"
966,60,2025-09-27,"high",2025-09-26 22:57:30,2025-09-26 23:07:10,2025-09-26 22:56:00,59,10.6030337533606,3128.44406686148,0.98830384458625,0.974834376776994,9.20014840598359e-57,2.82138177111182e-47,0.00227348306320429,0.99072261872236,1.960445,456.9135,2.017977,472.9221,1.949326,452.6128,"No issues","No issues","No issues"
967,40,2025-09-28,"low",2025-09-28 13:26:40,2025-09-28 13:36:20,2025-09-28 13:25:10,59,13.0087617159555,8430.2660451198,0.99650505524735,0.977684619044925,1.02537173094112e-71,9.16333120402718e-49,0.00151845392857461,2.51032122496497,1.94473,458.2473,2.023829,502.5266,1.940266,450.4467,"No issues","No issues","No issues"
967,70,2025-09-27,"high",2025-09-26 23:09:50,2025-09-26 23:19:30,2025-09-26 23:08:20,59,2.33810519228518,4328.62530543541,0.958110414709846,0.984535367822251,5.76888162999772e-41,2.63964288697529e-53,0.000963595033099454,1.0692749357655,1.953509,457.3483,1.965236,482.7203,1.948424,453.1006,"No issues","No issues","No issues"
968,50,2025-09-28,"low",2025-09-28 13:39:10,2025-09-28 13:48:50,2025-09-28 13:37:40,59,1.10637447106952,3937.11377954411,0.790701780845208,0.918253148857846,5.16394262376584e-21,1.11016673437945e-32,0.00112192496154276,2.31535466490022,1.940644,458.6028,1.945014,477.6055,1.935617,450.2792,"No issues","No issues","No issues"
968,80,2025-09-27,"high",2025-09-26 23:22:10,2025-09-26 23:31:50,2025-09-26 23:20:40,59,3.12518444886021,5178.59548053769,0.976101184154848,0.984372495178756,6.46989711650876e-48,3.55841172487571e-53,0.000963832757813669,1.2860632554755,1.953051,457.6231,1.970609,485.8784,1.949008,453.4242,"No issues","No issues","No issues"
969,60,2025-09-28,"low",2025-09-28 13:51:40,2025-09-28 14:01:20,2025-09-28 13:50:10,59,-1.95400240327295,-2873.32637849212,0.763654252769717,0.927723996434866,1.67691671983515e-19,3.30483362611156e-34,0.00214257413928734,1.58073069501097,1.930949,460.3338,1.936313,460.3338,1.920825,437.1674,"No issues","No issues","No issues"
969,90,2025-09-27,"high",2025-09-26 23:34:30,2025-09-26 23:44:10,2025-09-26 23:33:00,59,-1.816811221508,3477.95721426065,0.944157758019886,0.976549533065716,2.10175672902649e-37,3.77043795737474e-48,0.00087087174477627,1.06227778768595,1.946007,457.3741,1.948763,475.1588,1.93712,453.4368,"No issues","No issues","No issues"
970,10,2025-09-27,"high",2025-09-26 23:46:50,2025-09-26 23:56:30,2025-09-26 23:45:20,59,0.181078443015693,3054.10269924019,0.157386538042794,0.962790468835385,0.00186583678734492,1.96649409693569e-42,0.00082581432762543,1.18339601134369,1.948673,457.9766,1.952261,472.1359,1.94866,452.0983,"No issues","No issues","No issues"
970,70,2025-09-28,"low",2025-09-28 14:04:10,2025-09-28 14:13:50,2025-09-28 14:02:40,59,-4.58283627352429,6637.22966966685,0.980035184812105,0.973520853559448,3.8360844232833e-50,1.20361829782655e-46,0.00128923299460158,2.15750327512405,1.929512,462.1022,1.931075,495.9048,1.903271,453.6123,"No issues","No issues","No issues"
971,20,2025-09-27,"high",2025-09-26 23:59:10,2025-09-27 00:08:50,2025-09-26 23:57:40,59,0.0494924044418237,3441.15197568672,0.00220013941710812,0.983002650026583,0.724257447430278,3.90443384680673e-52,0.00207740143969826,0.891871679911811,1.950327,455.9485,1.957917,475.4587,1.949232,452.7357,"No issues","No issues","No issues"
971,80,2025-09-28,"low",2025-09-28 14:16:40,2025-09-28 14:26:20,2025-09-28 14:15:10,59,-5.53233743074233,-4553.68786253653,0.899492978270492,0.989525057953182,4.04462045136718e-30,3.96851538340227e-58,0.00364496389379073,0.923444780296541,1.930774,452.1793,1.939264,452.1793,1.902333,417.486,"No issues","No issues","No issues"
972,30,2025-09-27,"high",2025-09-27 00:11:30,2025-09-27 00:21:10,2025-09-27 00:10:00,59,-2.2167705061368,3451.45897556982,0.94405012198216,0.984872945939245,2.22044901583117e-37,1.40699990819e-53,0.00106367275838022,0.843092154190954,1.946105,454.3955,1.949559,473.5253,1.935219,451.1312,"No issues","No issues","No issues"
972,90,2025-09-28,"low",2025-09-28 14:29:10,2025-09-28 14:38:50,2025-09-28 14:27:40,59,-4.78373167504393,4664.36676750437,0.984836690972521,0.942797827724102,1.50636826338322e-53,4.17541839830039e-37,0.00116994905487013,2.26451354707627,1.93106,457.4901,1.932812,478.1514,1.903905,446.4338,"No issues","No issues","No issues"
973,10,2025-09-28,"low",2025-09-28 14:41:40,2025-09-28 14:51:20,2025-09-28 14:40:10,59,-2.13414867562835,3872.83086662769,0.890890022013657,0.951670644425336,4.22110508010738e-29,3.40796535530373e-39,0.0014720756006523,1.72018815580125,1.935088,454.057,1.937982,471.5239,1.923727,446.6143,"No issues","No issues","No issues"
973,40,2025-09-27,"high",2025-09-27 00:23:50,2025-09-27 00:33:30,2025-09-27 00:22:20,59,1.18007604441845,3060.42984547047,0.973071144163194,0.981105089536798,1.9455049685238e-46,7.97859473318613e-51,0.000386929555458597,0.83710963354145,1.949021,454.3096,1.956621,471.9143,1.948,450.311,"No issues","No issues","No issues"
974,20,2025-09-28,"low",2025-09-28 14:54:10,2025-09-28 15:03:50,2025-09-28 14:52:40,59,40.0037524348333,2466.05778515487,0.987423512700188,0.895113255609547,7.28105239446513e-56,1.36721790458451e-29,0.00889844116843499,1.66383330658449,1.988927,452.275,2.213927,463.1828,1.962393,446.5626,"No issues","No issues","No issues"
974,50,2025-09-27,"high",2025-09-27 00:36:10,2025-09-27 00:45:50,2025-09-27 00:34:40,59,-1.22827926592641,2684.69720163647,0.836960757263997,0.977533935722939,4.07051110583714e-24,1.1101519166642e-48,0.0010685033895248,0.802191661937376,1.945352,454.2108,1.948492,468.7827,1.939547,451.7775,"No issues","No issues","No issues"
975,30,2025-09-28,"low",2025-09-28 15:06:40,2025-09-28 15:16:20,2025-09-28 15:05:10,59,-2.89668750438343,3271.92280537696,0.977570597550751,0.938751062989933,1.05964327009463e-48,2.93530041204163e-36,0.000864811963241591,1.6472607949462,1.944357,452.7918,1.944357,467.8199,1.921158,446.2182,"No issues","No issues","No issues"
975,60,2025-09-27,"high",2025-09-27 00:48:30,2025-09-27 00:58:10,2025-09-27 00:47:00,59,10.0603796423144,3267.91063378139,0.9940431919319,0.984630975400784,4.08544159280808e-65,2.211902979782e-53,0.00153498382042458,0.804714512916865,1.952895,452.56,2.013394,471.0047,1.948985,450.6597,"No issues","No issues","No issues"
976,40,2025-09-28,"low",2025-09-28 15:19:10,2025-09-28 15:28:50,2025-09-28 15:17:40,59,13.5254064476914,8362.80683389829,0.991974985811344,0.976875647417183,1.99753131002948e-61,2.52922411373887e-48,0.00239777333004089,2.53601881684028,1.950896,457.8974,2.028527,500.2263,1.941379,448.8149,"No issues","No issues","No issues"
976,70,2025-09-27,"high",2025-09-27 01:00:50,2025-09-27 01:10:30,2025-09-27 00:59:20,59,1.97784395558159,4205.65220058443,0.946945747515759,0.986123291723054,4.87584179795066e-38,1.20279846278929e-54,0.000922730405931465,0.983323077813971,1.950778,456.0477,1.960855,479.6913,1.946259,452.7235,"No issues","No issues","No issues"
977,50,2025-09-28,"low",2025-09-28 15:31:40,2025-09-28 15:41:20,2025-09-28 15:30:10,59,1.16907178492106,5291.2582022209,0.777107721192459,0.950073567866123,3.12952445282374e-20,8.61496396655517e-39,0.00123405164634561,2.39073180406438,1.943173,458.9332,1.947251,483.2568,1.938096,450.4807,"No issues","No issues","No issues"
977,80,2025-09-27,"high",2025-09-27 01:13:10,2025-09-27 01:22:50,2025-09-27 01:11:40,59,3.05347497369953,5260.67366265339,0.972013682775951,0.986601954817973,5.8345047868997e-46,4.42189089554983e-55,0.00102121293810923,1.20830438495931,1.949286,455.6992,1.967108,485.004,1.946086,450.6978,"No issues","No issues","No issues"
978,60,2025-09-28,"low",2025-09-28 15:44:10,2025-09-28 15:53:50,2025-09-28 15:42:40,59,-3.53412610169504,454.063358503803,0.96847431079724,0.158537212426766,1.74082610327615e-44,0.00178905244509077,0.00125676923313027,2.06183335979934,1.933803,454.5333,1.934349,458.1829,1.910476,448.8529,"No issues","No issues","No issues"
978,90,2025-09-27,"high",2025-09-27 01:25:30,2025-09-27 01:35:10,2025-09-27 01:24:00,59,-2.08024285213325,3640.80348988893,0.982869778870353,0.978109836564289,4.87490729536031e-52,5.29463646454496e-49,0.000541293470915246,1.07352752483632,1.944771,455.322,1.944771,474.5486,1.932014,451.0663,"No issues","No issues","No issues"
979,10,2025-09-27,"high",2025-09-27 01:37:50,2025-09-27 01:47:30,2025-09-27 01:36:20,59,-0.0107123880772112,3156.75312028051,0.00140099994094117,0.983541226576742,0.778363803880968,1.55921624328297e-52,0.00056370003119756,0.804874788246015,1.946349,453.8231,1.947145,471.6985,1.944913,450.9317,"No issues","No issues","No issues"
979,70,2025-09-28,"low",2025-09-28 15:56:40,2025-09-28 15:59:50,2025-09-28 15:55:10,20,-4.5893276390975,6001.40051729321,0.839518023135125,0.608726880377739,1.41589341508239e-08,4.95809395077921e-05,0.00133915012667268,3.21117120111219,1.928748,461.7264,1.929477,467.9353,1.919572,452.6597,"No issues","No issues","No issues"
979,70,2025-09-29,"low",2025-09-28 16:00:00,2025-09-28 16:06:20,2025-09-28 15:55:10,39,-4.55492229959513,5081.04075789476,0.998025180978761,0.994576905925223,1.20939295143269e-51,1.5834243040627e-43,0.000263931546626847,0.488736180966739,1.919154,469.1538,1.919154,492.0456,1.898821,469.1538,"No issues","No issues","No issues"
980,20,2025-09-27,"high",2025-09-27 01:50:10,2025-09-27 01:59:50,2025-09-27 01:48:40,59,-0.0487692904734753,3289.29753734657,0.00220359006768416,0.98378386828035,0.72404989758581,1.02099552013212e-52,0.00204544242319666,0.832361912882633,1.945708,454.4102,1.952263,472.6581,1.943562,452.0311,"No issues","No issues","No issues"
980,80,2025-09-29,"low",2025-09-28 16:09:10,2025-09-28 16:18:50,2025-09-28 16:07:40,59,-4.86141037521925,-4741.54428708358,0.865489976735959,0.986830880532341,1.66662359586148e-26,2.70548672579223e-55,0.00377740753735291,1.0795979989857,1.929097,448.402,1.938021,448.402,1.904631,413.7189,"No issues","No issues","No issues"
981,30,2025-09-27,"high",2025-09-27 02:02:30,2025-09-27 02:12:10,2025-09-27 02:01:00,59,-2.70684635417893,3705.20547422558,0.985726230552015,0.981657934560218,2.68822466545382e-54,3.42180460633628e-51,0.00064200741439986,0.99825520229403,1.943086,454.3042,1.943607,474.2039,1.927182,450.2997,"No issues","No issues","No issues"
981,90,2025-09-29,"low",2025-09-28 16:21:40,2025-09-28 16:31:20,2025-09-28 16:20:10,59,-4.32653226417308,3253.68826464055,0.976931644057957,0.886941699121007,2.36029641305393e-48,1.16502935068665e-28,0.00131039261405988,2.28962779070754,1.929517,458.4531,1.932078,469.4482,1.905008,446.6284,"No issues","No issues","No issues"
982,10,2025-09-29,"low",2025-09-28 16:34:10,2025-09-28 16:43:50,2025-09-28 16:32:40,59,-2.74507696551731,3286.75593313851,0.95955047005665,0.958991226088711,2.12710245126444e-41,3.14676823666592e-41,0.0011108683933846,1.33962667761072,1.933279,452.5633,1.934659,467.2249,1.917367,446.1273,"No issues","No issues","No issues"
982,40,2025-09-27,"high",2025-09-27 02:14:50,2025-09-27 02:24:30,2025-09-27 02:13:20,59,1.08284953360608,3082.46654167153,0.965093544237026,0.982733307254272,3.17951876389444e-43,6.1124024518056e-52,0.000405902328260364,0.80532349645878,1.946052,454.1789,1.951649,470.7849,1.943789,451.5302,"No issues","No issues","No issues"
983,20,2025-09-29,"low",2025-09-28 16:46:40,2025-09-28 16:56:20,2025-09-28 16:45:10,59,39.0719857486849,2740.7730739918,0.983443831844768,0.944803194219907,1.84482185032491e-52,1.50850132889644e-37,0.00999207935147409,1.30570369178461,1.994362,450.9664,2.205715,463.126,1.957551,444.9421,"No issues","No issues","No issues"
983,50,2025-09-27,"high",2025-09-27 02:27:10,2025-09-27 02:36:50,2025-09-27 02:25:40,59,-1.6281299824664,2914.95860479251,0.926552367406836,0.980898648136935,5.22936159330571e-34,1.08760105349547e-50,0.000903500186269045,0.801747533576667,1.943011,453.6786,1.944427,470.0187,1.933915,451.1841,"No issues","No issues","No issues"
984,30,2025-09-29,"low",2025-09-28 16:59:10,2025-09-28 17:08:50,2025-09-28 16:57:40,59,-2.43085768790181,2855.09395862067,0.963588419450469,0.926870321135082,1.05974422473469e-42,4.62039401716412e-34,0.000931362548547044,1.58067653640712,1.941189,451.1674,1.941189,464.0553,1.921156,445.0762,"No issues","No issues","No issues"
984,60,2025-09-27,"high",2025-09-27 02:39:30,2025-09-27 02:49:10,2025-09-27 02:38:00,59,9.58957134774981,3343.87400864989,0.992754463774775,0.989415194144173,1.08550909092331e-62,5.34308995421478e-58,0.00161472583174157,0.681690627130779,1.949636,452.5173,2.006635,472.3185,1.944655,450.9686,"No issues","No issues","No issues"
985,40,2025-09-29,"low",2025-09-28 17:11:40,2025-09-28 17:21:20,2025-09-28 17:10:10,59,10.9713446826416,5213.54991092927,0.982674768775853,0.949599365830815,6.7315638229125e-52,1.12814235993969e-38,0.00287130768233461,2.36737242436866,1.951643,457.8113,2.010212,481.9172,1.939221,447.7913,"No issues","No issues","No issues"
985,70,2025-09-27,"high",2025-09-27 02:51:50,2025-09-27 03:01:30,2025-09-27 02:50:20,59,1.8564986651081,3900.27531408533,0.939910934074319,0.986990082575587,1.70120097061827e-36,1.9127973111522e-55,0.000925197122466201,0.882594864926737,1.947927,456.0502,1.958211,478.8235,1.944208,452.4542,"No issues","No issues","No issues"
986,50,2025-09-29,"low",2025-09-28 17:24:10,2025-09-28 17:33:50,2025-09-28 17:22:40,59,0.263142284044345,5596.25722127409,0.255678695490432,0.969814265721089,4.40648097397426e-05,5.0451554171147e-45,0.000884929861711538,1.94598510839045,1.938475,455.4021,1.938475,485.0036,1.932971,448.9108,"No issues","No issues","No issues"
986,80,2025-09-27,"high",2025-09-27 03:04:10,2025-09-27 03:13:50,2025-09-27 03:02:40,59,2.87385487784914,5239.25610753944,0.977343870814059,0.991824606937923,1.41155095957177e-48,3.39090902610399e-61,0.000862420853734706,0.937544232386724,1.947833,454.9651,1.964936,486.0666,1.945254,452.1084,"No issues","No issues","No issues"
987,60,2025-09-29,"low",2025-09-28 17:36:40,2025-09-28 17:46:20,2025-09-28 17:35:10,59,-2.35676274459386,1852.07898445351,0.825469074830021,0.849091482751719,2.85474622699717e-23,4.4633783616057e-25,0.00213592949217292,1.53894958917743,1.926448,456.3982,1.929222,467.2632,1.912664,453.8216,"No issues","No issues","No issues"
987,90,2025-09-27,"high",2025-09-27 03:16:30,2025-09-27 03:26:10,2025-09-27 03:15:00,59,-2.08065844067802,3694.01619450613,0.983134816459433,0.982149855120974,3.12543705561298e-52,1.57639523301453e-51,0.000537124604423956,0.981558177887458,1.942779,455.6148,1.943334,475.6447,1.930767,452.0642,"No issues","No issues","No issues"
988,10,2025-09-27,"high",2025-09-27 03:28:50,2025-09-27 03:38:30,2025-09-27 03:27:20,59,-0.158620502630054,3219.43164932786,0.239554729711682,0.984718863912325,8.35455326193546e-05,1.87829361469022e-53,0.000557026920661479,0.79047139481486,1.943674,452.9444,1.945396,471.5635,1.943116,451.4007,"No issues","No issues","No issues"
988,70,2025-09-29,"low",2025-09-28 17:49:10,2025-09-28 17:58:50,2025-09-28 17:47:40,59,-4.70245002922271,6776.61594669783,0.959560301703207,0.976782835990519,2.11240628859512e-41,2.83521144674205e-48,0.00190273042609774,2.05922453826817,1.923129,460.1159,1.927468,495.1814,1.897962,451.7837,"No issues","No issues","No issues"
989,20,2025-09-27,"high",2025-09-27 03:41:10,2025-09-27 03:50:50,2025-09-27 03:39:40,59,-0.222155053185321,3348.13679579191,0.0419541725615718,0.986951203683951,0.119661763782336,2.08262322181574e-55,0.00209241109641833,0.758797402898067,1.944774,455.9427,1.952189,474.6083,1.943596,452.7716,"No issues","No issues","No issues"
989,80,2025-09-29,"low",2025-09-28 18:01:40,2025-09-28 18:11:20,2025-09-28 18:00:10,59,-4.30422328930463,8806.23264056107,0.888043381967046,0.998221517349201,8.80797405953558e-29,4.45539172116866e-80,0.00301222801910047,0.732633484198867,1.922089,455.6519,1.928751,514.4203,1.89949,455.6519,"No issues","No issues","No issues"
990,30,2025-09-27,"high",2025-09-27 03:53:30,2025-09-27 04:03:10,2025-09-27 03:52:00,59,-2.15748475511399,3164.31824570426,0.952782152095338,0.986479659669756,1.75494475648951e-39,5.72928344300471e-55,0.0009466496529146,0.730155155903247,1.941809,453.1958,1.944626,472.5905,1.930586,452.2733,"No issues","No issues","No issues"
990,90,2025-09-29,"low",2025-09-28 18:14:10,2025-09-28 18:23:50,2025-09-28 18:12:40,59,-3.95165018819401,4080.96846662768,0.97509960941695,0.978968811617762,2.08574498308393e-47,1.69111908565429e-49,0.00124463594011257,1.17895159459247,1.92598,455.186,1.928114,477.333,1.903833,451.4321,"No issues","No issues","No issues"
991,10,2025-09-29,"low",2025-09-28 18:26:40,2025-09-28 18:36:20,2025-09-28 18:25:10,59,-2.09699213091771,3754.80629526592,0.909220654274298,0.989323163173951,2.21137394814796e-31,6.83854474900136e-58,0.00130599325807617,0.768820593626855,1.92804,453.0345,1.931281,474.6643,1.917186,450.8802,"No issues","No issues","No issues"
991,40,2025-09-27,"high",2025-09-27 04:05:50,2025-09-27 04:15:30,2025-09-27 04:04:20,59,0.835960649912308,2572.80738375217,0.951487951800377,0.977758154808873,3.79520882122594e-39,8.34032752690631e-49,0.000372043953101252,0.764825242975897,1.944538,454.4234,1.949334,468.8064,1.942939,451.9816,"No issues","No issues","No issues"
992,20,2025-09-29,"low",2025-09-28 18:39:10,2025-09-28 18:48:50,2025-09-28 18:37:40,59,28.4703113687901,5118.96069573349,0.965981356592108,0.990229967571113,1.52506706353414e-43,5.44745248404343e-59,0.0105305631405692,1.00218297656296,1.995093,452.6533,2.134121,483.0562,1.951816,450.7989,"No issues","No issues","No issues"
992,50,2025-09-27,"high",2025-09-27 04:18:10,2025-09-27 04:27:50,2025-09-27 04:16:40,59,-1.33093468614854,2473.86029596725,0.869439267687788,0.975377609045864,7.11275868592422e-27,1.51438835125025e-47,0.00101654980937417,0.774709974328513,1.940719,453.9144,1.943281,467.2488,1.93401,451.3658,"No issues","No issues","No issues"
993,30,2025-09-29,"low",2025-09-28 18:51:40,2025-09-28 19:01:20,2025-09-28 18:50:10,59,-2.73164684044428,4107.90097767387,0.97888546380108,0.97113596487361,1.89298608408595e-49,1.40739226578419e-45,0.000790741698012202,1.39586599004849,1.935851,454.5051,1.935851,476.1549,1.916285,449.5694,"No issues","No issues","No issues"
993,60,2025-09-27,"high",2025-09-27 04:30:30,2025-09-27 04:40:10,2025-09-27 04:29:00,59,9.07457937580357,3086.32025435417,0.994103946761224,0.98151162367671,3.05026927999499e-65,4.29167348766491e-51,0.00137745227111219,0.834887402467651,1.948273,452.9542,2.002358,470.4948,1.943724,450.7591,"No issues","No issues","No issues"
994,40,2025-09-29,"low",2025-09-28 19:04:10,2025-09-28 19:13:50,2025-09-28 19:02:40,59,6.31269253535942,7887.75595090588,0.959111248159327,0.986160763477351,2.89440965913872e-41,1.11356760290931e-54,0.00256901907140144,1.84170864943903,1.949286,458.256,1.977884,502.5777,1.935823,453.8629,"No issues","No issues","No issues"
994,70,2025-09-27,"high",2025-09-27 04:42:50,2025-09-27 04:52:30,2025-09-27 04:41:20,59,1.51946998947985,3423.184714436,0.923003866426243,0.987613371949168,2.01024200135902e-33,4.71927659490575e-56,0.000864987998676153,0.755611672684582,1.945656,454.6484,1.953174,473.8723,1.941621,451.5268,"No issues","No issues","No issues"
995,50,2025-09-29,"low",2025-09-28 19:16:40,2025-09-28 19:26:20,2025-09-28 19:15:10,59,-0.548361762711949,7653.25488813559,0.672030917891399,0.978509622482984,2.0235667827812e-15,3.13046704421384e-49,0.000755047450542885,2.23548060344659,1.933551,463.9157,1.933551,505.6774,1.92812,457.7883,"No issues","No issues","No issues"
995,80,2025-09-27,"high",2025-09-27 04:55:10,2025-09-27 05:04:50,2025-09-27 04:53:40,59,2.45376252483921,3938.59803156047,0.969175676444032,0.983973159673666,9.16493054300809e-45,7.30553337046953e-53,0.000862508353991521,0.9907389677057,1.94406,455.039,1.957701,477.1195,1.940521,451.5571,"No issues","No issues","No issues"
996,60,2025-09-29,"low",2025-09-28 19:29:10,2025-09-28 19:38:50,2025-09-28 19:27:40,59,-2.52427320631211,6018.33379497368,0.839415531402717,0.97449183267435,2.63792785068532e-24,4.14834802781953e-47,0.00217613023564379,1.91916385037502,1.9231,462.7568,1.928528,494.5535,1.910704,457.485,"No issues","No issues","No issues"
996,90,2025-09-27,"high",2025-09-27 05:07:30,2025-09-27 05:17:10,2025-09-27 05:06:00,59,-1.94055864406782,3382.96826651079,0.977424062206665,0.983673710609292,1.27582718540909e-48,1.23835106858715e-52,0.000581290753746013,0.859016277245616,1.939138,454.0016,1.939436,472.4617,1.9276,451.2712,"No issues","No issues","No issues"
997,10,2025-09-27,"high",2025-09-27 05:19:50,2025-09-27 05:29:30,2025-09-27 05:18:20,59,-0.191733264757478,2741.87718620689,0.327793015282038,0.970788558516753,2.15840885917476e-06,1.97958682118005e-45,0.000541170838970177,0.937448512117083,1.9406,454.5651,1.941481,468.307,1.939291,450.3878,"No issues","No issues","No issues"
997,70,2025-09-29,"low",2025-09-28 19:41:40,2025-09-28 19:51:20,2025-09-28 19:40:10,59,-4.52723325306835,6649.84608953827,0.95813117566374,0.975286142442851,5.68789003595166e-41,1.68325896876025e-47,0.00186531002671534,2.08641690557604,1.921016,462.6566,1.926615,496.4064,1.898264,452.6572,"No issues","No issues","No issues"
998,20,2025-09-27,"high",2025-09-27 05:32:10,2025-09-27 05:41:50,2025-09-27 05:30:40,59,0.262185874926941,2595.73898398595,0.0407513748815175,0.983117856226462,0.125215062104403,3.21629050957391e-52,0.00250720016103746,0.670435930428875,1.939791,455.412,1.948841,470.7012,1.938226,454.1834,"No issues","No issues","No issues"
998,80,2025-09-29,"low",2025-09-28 19:54:10,2025-09-28 20:03:50,2025-09-28 19:52:40,59,-4.68606230742264,8809.73807691409,0.886009609096591,0.961077948488461,1.47292801975298e-28,7.09576325724988e-42,0.00331289919060575,3.49435326460092,1.91989,468.7932,1.92984,511.9831,1.898227,455.9596,"No issues","No issues","No issues"
999,30,2025-09-27,"high",2025-09-27 05:44:30,2025-09-27 05:54:10,2025-09-27 05:43:00,59,-2.07243301928699,2649.93834529514,0.970338597528211,0.972093434831045,3.06107858315372e-45,5.37854542635258e-46,0.000714167277086404,0.884953015955851,1.93797,453.7736,1.939203,468.2105,1.92616,450.3051,"No issues","No issues","No issues"
999,90,2025-09-29,"low",2025-09-28 20:06:40,2025-09-28 20:16:20,2025-09-28 20:05:10,59,-3.8179200561076,3616.16216949151,0.961238996169636,0.966739935004946,6.30440139016858e-42,8.01675061343869e-44,0.00151110243078959,1.32202562173209,1.921632,458.3164,1.926161,476.1912,1.902247,452.5145,"No issues","No issues","No issues"
1000,10,2025-09-29,"low",2025-09-28 20:19:10,2025-09-28 20:28:50,2025-09-28 20:17:40,59,-2.23374500058454,3235.7510489772,0.900025042341419,0.966494160998885,3.47581513417321e-30,9.88957578304322e-44,0.00146736166095552,1.18746546650842,1.926518,453.9531,1.930217,470.5028,1.915355,449.273,"No issues","No issues","No issues"
1000,40,2025-09-27,"high",2025-09-27 05:56:50,2025-09-27 06:06:30,2025-09-27 05:55:20,59,0.939904748100445,2076.15463237871,0.945974622907601,0.971333672473639,8.18043257411535e-38,1.15691219962781e-45,0.000442719101551908,0.702986136279857,1.940416,453.1594,1.945493,464.2954,1.938232,450.3315,"No issues","No issues","No issues"
1001,20,2025-09-29,"low",2025-09-28 20:31:40,2025-09-28 20:41:20,2025-09-28 20:30:10,59,24.0375439672705,4199.71009234365,0.961318528114055,0.953412939682381,5.94571133980908e-42,1.19580314452675e-39,0.0095037102560083,1.82977083462301,1.988036,458.136,2.103554,478.0794,1.948809,450.842,"No issues","No issues","No issues"
1001,50,2025-09-27,"high",2025-09-27 06:09:10,2025-09-27 06:18:50,2025-09-27 06:07:40,59,-1.17770623027473,1650.25328065456,0.86557375394536,0.960387080759314,1.63721561142512e-26,1.17198446064656e-41,0.000914770655924407,0.660588685572851,1.937054,452.4976,1.939142,461.5723,1.930846,450.1593,"No issues","No issues","No issues"
1002,30,2025-09-29,"low",2025-09-28 20:44:10,2025-09-28 20:53:50,2025-09-28 20:42:40,59,-2.76677846405614,3528.10052226765,0.977540871315263,0.948708453029623,1.10042198722628e-48,1.85968628400041e-38,0.000826587117778563,1.6168983608094,1.931352,456.9824,1.931352,473.6732,1.912485,450.3942,"No issues","No issues","No issues"
1002,60,2025-09-27,"high",2025-09-27 06:21:30,2025-09-27 06:31:10,2025-09-27 06:20:00,59,7.90550355113963,2289.51223658678,0.986245039197653,0.966227896179091,9.35609428590822e-55,1.2393886780447e-43,0.00184014504788181,0.843660075245068,1.946453,451.3851,1.990989,463.5815,1.93952,447.7629,"No issues","No issues","No issues"
1003,40,2025-09-29,"low",2025-09-28 20:56:40,2025-09-28 21:06:20,2025-09-28 20:55:10,59,4.22276540970186,6888.02942840444,0.965363299550092,0.956945955528067,2.54846960392994e-43,1.2610182544739e-40,0.00157654029960356,2.87967530661047,1.94012,466.8132,1.959268,499.6547,1.931143,454.686,"No issues","No issues","No issues"
1003,70,2025-09-27,"high",2025-09-27 06:33:50,2025-09-27 06:43:30,2025-09-27 06:32:20,59,1.02807011572174,1727.45594763295,0.886615287131141,0.944782283292513,1.2650194588002e-28,1.52489005843364e-37,0.000724632212875852,0.823124615365038,1.94133,452.1942,1.94594,461.5052,1.9376,449.7076,"No issues","No issues","No issues"
1004,50,2025-09-29,"low",2025-09-28 21:09:10,2025-09-28 21:18:50,2025-09-28 21:07:40,59,-1.44887952308595,6940.09095780245,0.92283551986601,0.964390678323485,2.13953429530485e-33,5.61391089158648e-43,0.000825779500072934,2.62848660024233,1.930018,465.9552,1.930018,500.0052,1.919968,455.5395,"No issues","No issues","No issues"
1004,80,2025-09-27,"high",2025-09-27 06:46:10,2025-09-27 06:55:50,2025-09-27 06:44:40,59,2.18833273641137,2403.98476306252,0.973417489444989,0.959794966106891,1.3450344979653e-46,1.78934138261312e-41,0.000712766104534839,0.969768223706323,1.940069,451.0526,1.952682,464.3251,1.937048,447.4396,"No issues","No issues","No issues"
1005,60,2025-09-29,"low",2025-09-28 21:21:40,2025-09-28 21:31:20,2025-09-28 21:20:10,59,-2.43499084979547,5331.93856411454,0.865879460267282,0.955323728078496,1.53409402923267e-26,3.62135785714925e-40,0.00188886760098575,2.27265531858648,1.920679,469.3419,1.925589,493.8741,1.908896,459.9807,"No issues","No issues","No issues"
1005,90,2025-09-27,"high",2025-09-27 06:58:30,2025-09-27 07:08:10,2025-09-27 06:57:00,59,-2.06121616832267,2666.23204208064,0.98416268932724,0.972529303378856,5.20435648781567e-53,3.43340133867494e-46,0.000515366359693703,0.883215512380602,1.936297,451.3043,1.936561,465.5178,1.924292,447.6632,"No issues","No issues","No issues"
1006,10,2025-09-27,"high",2025-09-27 07:10:50,2025-09-27 07:20:30,2025-09-27 07:09:20,59,-0.191023784921133,2554.19845984803,0.34786226445887,0.950739535640419,8.85503860495422e-07,5.8734578506797e-39,0.000515511915556797,1.14593073784183,1.93852,452.9985,1.939539,464.4101,1.937292,446.9612,"No issues","No issues","No issues"
1006,70,2025-09-29,"low",2025-09-28 21:34:10,2025-09-28 21:43:50,2025-09-28 21:32:40,59,-4.39834121800118,6665.46626019869,0.961290572191469,0.976604353620145,6.06948842753858e-42,3.52704756874622e-48,0.00173962327344212,2.03340546822018,1.91905,465.8844,1.924174,499.3967,1.896955,457.3061,"No issues","No issues","No issues"
1007,20,2025-09-27,"high",2025-09-27 07:23:10,2025-09-27 07:32:50,2025-09-27 07:21:40,59,-0.31140307188793,1867.0098739918,0.0788789317980819,0.948155747587463,0.0311855817620548,2.52478302012931e-38,0.00209742285685064,0.860483086723242,1.938915,451.7405,1.94606,460.2894,1.937332,447.5751,"No issues","No issues","No issues"
1007,80,2025-09-29,"low",2025-09-28 21:46:40,2025-09-28 21:56:20,2025-09-28 21:45:10,59,-5.14755596493292,9349.59375710109,0.916470186685263,0.965906147656279,2.05519669330157e-32,1.62419878802517e-43,0.00306300649735782,3.46217144712598,1.918726,468.857,1.927503,514.4777,1.894148,455.3105,"No issues","No issues","No issues"
1008,30,2025-09-27,"high",2025-09-27 07:35:30,2025-09-27 07:45:10,2025-09-27 07:34:00,59,-2.62661302162481,962.623504383389,0.96155840068218,0.800996862088445,4.9791768987188e-42,1.21893272940467e-21,0.00103512843796042,0.945706279980815,1.936347,449.4911,1.938615,452.7551,1.922174,444.9502,"No issues","No issues","No issues"
1008,90,2025-09-29,"low",2025-09-28 21:59:10,2025-09-28 22:08:50,2025-09-28 21:57:40,59,-3.98111253769727,3501.72635417884,0.959564227706526,0.948164332060205,2.106565187991e-41,2.51288446891355e-38,0.00161077751021431,1.61376392846786,1.920732,457.0927,1.925727,472.5699,1.900591,450.4044,"No issues","No issues","No issues"
1009,10,2025-09-29,"low",2025-09-28 22:11:40,2025-09-28 22:21:20,2025-09-28 22:10:10,59,-2.20543650263005,2809.10845493861,0.892535060563407,0.949173562643312,2.7353131730337e-29,1.43412622909338e-38,0.00150834459528347,1.28122611233993,1.923729,455.8343,1.927875,468.2384,1.913142,450.0468,"No issues","No issues","No issues"
1009,40,2025-09-27,"high",2025-09-27 07:47:50,2025-09-27 07:57:30,2025-09-27 07:46:20,59,1.23529579427227,995.181256341321,0.981761400406422,0.878825700936894,2.91216345793874e-51,8.43989347830208e-28,0.000331855475123238,0.728352017783621,1.93994,449.4673,1.947457,452.9567,1.938435,445.9271,"No issues","No issues","No issues"
1010,20,2025-09-29,"low",2025-09-28 22:24:10,2025-09-28 22:33:50,2025-09-28 22:22:40,59,20.2255946510812,3833.42539707772,0.95599992628054,0.952049092442582,2.34397439696269e-40,2.72337828803817e-39,0.00855232759882684,1.69566874915488,1.981051,457.3401,2.075879,475.494,1.945085,450.6026,"No issues","No issues","No issues"
1010,50,2025-09-27,"high",2025-09-27 08:00:10,2025-09-27 08:09:50,2025-09-27 07:58:40,59,-1.4020321402689,41.0064701344111,0.884001438092741,0.0178834935594466,2.42554813828194e-28,0.312610362091382,0.00100102066425313,0.598953306584031,1.937435,448.1507,1.940031,448.1507,1.93026,444.4845,"No issues","No issues","No issues"
1011,30,2025-09-29,"low",2025-09-28 22:36:40,2025-09-28 22:46:20,2025-09-28 22:35:10,59,-2.83624891174763,3292.88296060782,0.973262168423623,0.950415027740678,1.58809777627658e-46,7.08329270345011e-39,0.000926569006860439,1.48244961366588,1.928109,456.5845,1.928109,472.1795,1.909783,450.6134,"No issues","No issues","No issues"
1011,60,2025-09-27,"high",2025-09-27 08:12:30,2025-09-27 08:22:10,2025-09-27 08:11:00,59,8.01345961893626,1050.9211230859,0.97979766651666,0.920701301728623,5.37429936269623e-50,4.66111087186528e-33,0.00226797298299504,0.60789563963891,1.942261,447.5579,1.990796,452.5431,1.939309,444.9149,"No issues","No issues","No issues"
1012,40,2025-09-29,"low",2025-09-28 22:49:10,2025-09-28 22:58:50,2025-09-28 22:47:40,59,3.62852630742251,6587.10060175335,0.979981528266679,0.969961653306509,4.14114027616724e-50,4.38793013269867e-45,0.00102216745045055,2.28475840120333,1.934132,465.42,1.952645,498.5453,1.92849,456.0133,"No issues","No issues","No issues"
1012,70,2025-09-27,"high",2025-09-27 08:24:50,2025-09-27 08:34:30,2025-09-27 08:23:20,59,1.22369516773808,1122.26308264171,0.948745490464757,0.593252189324801,1.8217577032857e-38,9.91594647421043e-13,0.000560595594144287,1.83156725485114,1.940752,447.4704,1.947067,455.5591,1.937585,444.8646,"No issues","No issues","No issues"
1013,50,2025-09-29,"low",2025-09-28 23:01:40,2025-09-28 23:11:20,2025-09-28 23:00:10,59,-1.67569441963766,6652.65295336059,0.912310659462653,0.961363764462465,8.22821634323401e-32,5.75056680549785e-42,0.00102395791474444,2.6286553778381,1.926083,467.314,1.927387,499.2281,1.916285,457.1275,"No issues","No issues","No issues"
1013,80,2025-09-27,"high",2025-09-27 08:37:10,2025-09-27 08:47:00,2025-09-27 08:35:40,60,3.4220716154488,2025.28597943875,0.985571125412824,0.896004185493892,4.35657912761028e-55,3.42628035215144e-30,0.000829942291321941,1.38301160772023,1.940354,448.0033,1.961682,459.0797,1.938112,444.4636,"No issues","No issues","No issues"
1014,60,2025-09-29,"low",2025-09-28 23:14:10,2025-09-28 23:23:50,2025-09-28 23:12:40,59,-2.59255849444773,5285.95462583284,0.87698850026554,0.945212875112969,1.29726039287408e-27,1.2196774640154e-37,0.0019137699357113,2.50832108048971,1.919674,470.6354,1.925192,493.2092,1.90777,459.6784,"No issues","No issues","No issues"
1014,90,2025-09-27,"high",2025-09-27 08:49:30,2025-09-27 08:59:10,2025-09-27 08:48:00,59,-2.20326362594978,2776.65159555814,0.985672470120074,0.965293359546597,2.99231551984346e-54,2.69937011619805e-43,0.000523565557697689,1.03772737854446,1.937301,448.5473,1.937301,462.6096,1.924241,444.7444,"No issues","No issues","No issues"
1015,10,2025-09-27,"high",2025-09-27 09:01:50,2025-09-27 09:11:30,2025-09-27 09:00:20,59,0.244656925774334,2844.95284067795,0.351769253660995,0.968269506934764,7.42325130289715e-07,2.09386315705535e-44,0.000654603985682929,1.0150807946351,1.938781,448.4669,1.941033,462.592,1.938019,444.1904,"No issues","No issues","No issues"
1015,70,2025-09-29,"low",2025-09-28 23:26:40,2025-09-28 23:36:20,2025-09-28 23:25:10,59,-4.45187690005851,6539.19132203387,0.969093737785135,0.977534313324125,9.88565403665327e-45,1.10962005065871e-48,0.00156699911927916,1.95390364845377,1.918449,467.5106,1.922855,501.4333,1.895307,459.9903,"No issues","No issues","No issues"
1016,20,2025-09-27,"high",2025-09-27 09:14:10,2025-09-27 09:23:50,2025-09-27 09:12:40,59,0.154619642314364,1560.48893232027,0.0139537777955064,0.944363867976968,0.372899378637038,1.89133344196944e-37,0.00256184385631909,0.746542836687693,1.938728,447.921,1.94873,454.8535,1.937664,444.7854,"No issues","No issues","No issues"
1016,80,2025-09-29,"low",2025-09-28 23:39:10,2025-09-28 23:48:50,2025-09-28 23:37:40,59,-5.50830803039157,9813.74167714786,0.933123486222662,0.972014448396778,3.60496187629629e-35,5.82995527195992e-46,0.00290650267813098,3.28208975864178,1.917149,470.903,1.926371,519.7184,1.891147,457.6571,"No issues","No issues","No issues"
1017,30,2025-09-27,"high",2025-09-27 09:26:30,2025-09-27 09:36:10,2025-09-27 09:25:00,59,-2.42900193103455,1814.86204558737,0.954870710022524,0.953715733646388,4.82887196925025e-40,9.92849405639536e-40,0.00104080670417122,0.788017919011333,1.936708,446.3411,1.938966,455.6463,1.923814,444.2982,"No issues","No issues","No issues"
1017,90,2025-09-29,"low",2025-09-28 23:51:40,2025-09-29 00:01:20,2025-09-28 23:50:10,59,-3.9140220035068,3632.23756867327,0.963740521551578,0.968991042409422,9.40493088799001e-43,1.08664342937436e-44,0.00149637083804261,1.28068760095961,1.920211,458.682,1.925018,477.4018,1.900498,453.8379,"No issues","No issues","No issues"
1018,10,2025-09-29,"low",2025-09-29 00:04:10,2025-09-29 00:13:50,2025-09-29 00:02:40,59,-3.05459650730566,3686.29377159555,0.928657596743492,0.970419126232702,2.28043048947021e-34,2.83274578702482e-45,0.00166872651600603,1.26853082293406,1.92554,455.8059,1.931092,473.6154,1.911317,450.1042,"No issues","No issues","No issues"
1018,40,2025-09-27,"high",2025-09-27 09:38:50,2025-09-27 09:48:30,2025-09-27 09:37:20,59,2.58414118527176,1709.03461928695,0.986223812156644,0.937539167871937,9.77654759363746e-55,5.13375889393394e-36,0.000601974756971458,0.869451356302299,1.940593,447.4832,1.956359,455.4701,1.938598,442.9903,"No issues","No issues","No issues"
1019,20,2025-09-29,"low",2025-09-29 00:16:40,2025-09-29 00:26:20,2025-09-29 00:15:10,59,19.9100316540034,4103.56315230856,0.971803532591219,0.962514827594531,7.22178169017458e-46,2.42719186855592e-42,0.00668444448600631,1.59614528721083,1.972963,456.8661,2.073367,477.3471,1.945706,450.7188,"No issues","No issues","No issues"
1020,30,2025-09-29,"low",2025-09-29 00:29:10,2025-09-29 00:38:50,2025-09-29 00:27:40,59,-2.82120844418477,3341.2458024547,0.950864278200689,0.961103608218811,5.46365518188576e-39,6.96355354694049e-42,0.0012640371426341,1.32483940438026,1.933135,457.3285,1.935297,473.7645,1.91748,452.107,"No issues","No issues","No issues"
1020,60,2025-09-27,"high",2025-09-27 10:22:00,2025-09-27 10:31:40,2025-09-27 10:20:30,59,17.7193639462302,2670.68712098186,0.996709831618492,0.97757651807115,1.83444971767084e-72,1.05169743865956e-48,0.00200658737771597,0.797231432871606,1.942089,444.9508,2.053797,460.3,1.939126,442.314,"No issues","No issues","No issues"
1021,40,2025-09-29,"low",2025-09-29 00:41:40,2025-09-29 00:51:20,2025-09-29 00:40:10,59,3.09007403389823,6385.86767971943,0.990979420329207,0.949798663035285,5.59990116433796e-60,1.00757992619101e-38,0.000581084172881016,2.89365690620353,1.940222,465.242,1.958598,495.3709,1.937798,453.6462,"No issues","No issues","No issues"
1021,70,2025-09-27,"high",2025-09-27 10:34:20,2025-09-27 10:44:00,2025-09-27 10:32:50,59,3.7301566428988,1641.61484605491,0.972683299829383,0.891190505986377,2.92489604756491e-46,3.9014126505659e-29,0.00123208512531994,1.13058871766137,1.94177,446.7914,1.96364,456.3761,1.938086,443.9797,"No issues","No issues","No issues"
1022,50,2025-09-29,"low",2025-09-29 00:54:10,2025-09-29 01:03:50,2025-09-29 00:52:40,59,-1.40817103448287,7827.86398597311,0.793348574559834,0.973773210065808,3.5872613267616e-21,9.16025174951062e-47,0.00141653673990813,2.53204946205853,1.934404,466.9326,1.939636,506.5701,1.929294,456.4199,"No issues","No issues","No issues"
1022,80,2025-09-27,"high",2025-09-27 10:46:40,2025-09-27 10:56:20,2025-09-27 10:45:10,59,6.89321873056688,1989.28900151957,0.989814093072052,0.933815724619594,1.78746253767867e-58,2.67891820200189e-35,0.00137825745784894,1.04383043570719,1.941038,448.1169,1.983646,457.1518,1.938136,443.6905,"No issues","No issues","No issues"
1023,60,2025-09-29,"low",2025-09-29 01:06:40,2025-09-29 01:16:20,2025-09-29 01:05:10,59,-2.7908881542958,5911.01529959088,0.859179678272401,0.958854710452269,6.17759434828795e-26,3.45963049477329e-41,0.00222699046077598,2.41340939096025,1.928075,468.5877,1.936313,495.7682,1.917287,457.3712,"No issues","No issues","No issues"
1023,90,2025-09-27,"high",2025-09-27 10:59:00,2025-09-27 11:08:40,2025-09-27 10:57:30,59,-1.31055620338992,2869.61435978957,0.895872654256377,0.967390485635967,1.1110151709601e-29,4.56417906583336e-44,0.00088064356471719,1.03843675906081,1.937855,448.0169,1.938963,461.7482,1.929801,443.6436,"No issues","No issues","No issues"
1024,10,2025-09-27,"high",2025-09-27 11:11:20,2025-09-27 11:21:00,2025-09-27 11:09:50,59,1.42846619754527,3119.0552500292,0.945255467063247,0.969451585408293,1.19291510443376e-37,7.09219196907473e-45,0.000677565060405906,1.09128855289828,1.939026,448.7639,1.947555,464.0468,1.937256,442.6302,"No issues","No issues","No issues"
1024,70,2025-09-29,"low",2025-09-29 01:19:10,2025-09-29 01:28:50,2025-09-29 01:17:40,59,-5.17769901110468,7932.10773208649,0.969149583936275,0.979071944284818,9.38874919812189e-45,1.46996360733402e-49,0.0018207786944683,2.285761950411,1.926172,465.1249,1.933002,506.2442,1.90035,455.6109,"No issues","No issues","No issues"
1025,20,2025-09-27,"high",2025-09-27 11:23:40,2025-09-27 11:33:20,2025-09-27 11:22:10,59,1.58208499357101,2452.30023892458,0.63959880387087,0.966492431942611,3.04435263865911e-14,9.9041395715519e-44,0.00234074636721621,0.899976402373261,1.938737,447.2779,1.951986,460.2892,1.937037,443.5337,"No issues","No issues","No issues"
1025,80,2025-09-29,"low",2025-09-29 01:31:40,2025-09-29 01:41:20,2025-09-29 01:30:10,59,-4.54769051081248,8647.94309386321,0.86761091006968,0.957740909663053,1.05829495292513e-26,7.41094880287081e-41,0.00350138409025076,3.58042130307423,1.923205,471.4425,1.93632,511.6185,1.90539,455.7944,"No issues","No issues","No issues"
1026,30,2025-09-27,"high",2025-09-27 11:36:00,2025-09-27 11:45:40,2025-09-27 11:34:30,59,-1.95746193804792,2915.20851338397,0.972461649933478,0.966694633345611,3.68285056644353e-46,8.33403407613151e-44,0.0006492490144891,1.06651590333639,1.93698,447.788,1.93757,462.2447,1.925205,442.7401,"No issues","No issues","No issues"
1026,90,2025-09-29,"low",2025-09-29 01:44:10,2025-09-29 01:53:50,2025-09-29 01:42:40,59,-3.67448595675049,3118.62855219168,0.928057204443168,0.913558353963283,2.89654350145112e-34,5.46565549736339e-32,0.00201645312144555,1.89078554990192,1.926438,459.7426,1.934212,472.9784,1.910142,451.499,"No issues","No issues","No issues"
1027,10,2025-09-29,"low",2025-09-29 01:56:40,2025-09-29 02:06:20,2025-09-29 01:55:10,59,-2.62358119462309,2957.32964956166,0.886161842359925,0.962095759680308,1.41776637525951e-28,3.33274014785143e-42,0.00185339152249349,1.15696372400331,1.931502,454.293,1.937908,468.4288,1.920155,449.3896,"No issues","No issues","No issues"
1027,40,2025-09-27,"high",2025-09-27 11:48:20,2025-09-27 11:58:00,2025-09-27 11:46:50,59,6.41277463939204,2459.23955768555,0.996434855101202,0.949049752565458,1.80736943658298e-71,1.5371937254914e-38,0.000756041041964575,1.12309049324338,1.940297,447.7654,1.97934,459.2467,1.937847,441.7924,"No issues","No issues","No issues"
1028,20,2025-09-29,"low",2025-09-29 02:09:10,2025-09-29 02:18:50,2025-09-29 02:07:40,59,17.6708607738163,3604.02981180595,0.967105279848568,0.945413480759355,5.85069710640696e-44,1.09849220717977e-37,0.00642346234353003,1.70688961803798,1.978928,457.4878,2.065516,474.2182,1.952302,450.5844,"No issues","No issues","No issues"
1028,50,2025-09-27,"high",2025-09-27 12:00:40,2025-09-27 12:10:20,2025-09-27 11:59:10,59,1.08960650847446,880.690147048486,0.736504569775255,0.826808398348604,3.78396448938636e-18,2.29024081013014e-23,0.00128455814174926,0.794455120698053,1.938794,445.6769,1.946543,449.3996,1.936814,442.3143,"No issues","No issues","No issues"
1029,30,2025-09-29,"low",2025-09-29 02:21:40,2025-09-29 02:31:20,2025-09-29 02:20:10,59,-2.96166474810064,3233.15965493862,0.964027920682297,0.955368116708946,7.49543478251974e-43,3.52012345069825e-40,0.00112761051637952,1.37736689930339,1.93836,456.1527,1.939227,471.6227,1.920789,450.1725,"No issues","No issues","No issues"
1029,60,2025-09-27,"high",2025-09-27 12:13:00,2025-09-27 12:22:40,2025-09-27 12:11:30,59,26.4382035675043,3636.2028287551,0.997673180951058,0.978056059655489,9.44758955962715e-77,5.67828979604738e-49,0.00251654299708818,1.07351666254618,1.946181,445.8566,2.108705,465.2955,1.942502,442.7736,"No issues","No issues","No issues"
1030,40,2025-09-29,"low",2025-09-29 02:34:10,2025-09-29 02:43:50,2025-09-29 02:32:40,59,4.18560533021616,7062.43270134422,0.994243679505239,0.977347987307475,1.53971535195274e-65,1.40425691283993e-48,0.000627725245926845,2.11918253229361,1.944582,460.9613,1.969485,498.1596,1.941892,454.189,"No issues","No issues","No issues"
1030,70,2025-09-27,"high",2025-09-27 12:25:20,2025-09-27 12:35:00,2025-09-27 12:23:50,59,7.72317834248976,3574.13399789595,0.989311999777364,0.985261250561961,7.04532039604543e-58,6.70409721958895e-54,0.00158220556884338,0.861609946069958,1.94512,447.034,1.990845,467.3514,1.938923,443.1007,"No issues","No issues","No issues"
1031,50,2025-09-29,"low",2025-09-29 02:46:40,2025-09-29 02:56:20,2025-09-29 02:45:10,59,-2.43247055523096,6551.29484605494,0.941689917585413,0.960844195476825,7.21744520101919e-37,8.41709632377258e-42,0.00119302821742422,2.60665762862596,1.939572,466.2444,1.941246,498.1216,1.92577,455.4343,"No issues","No issues","No issues"
1031,80,2025-09-27,"high",2025-09-27 12:37:40,2025-09-27 12:47:20,2025-09-27 12:36:10,59,9.12162622092339,1994.75391513733,0.988101574060998,0.952765222392241,1.49989074205208e-56,1.77298157864529e-39,0.00197288371891166,0.875412154008338,1.943657,446.5388,1.999746,455.4654,1.938862,442.017,"No issues","No issues","No issues"
1032,60,2025-09-29,"low",2025-09-29 02:59:10,2025-09-29 03:08:50,2025-09-29 02:57:40,59,-2.6915791560492,5315.58826043248,0.833250124592591,0.939428909872768,7.74669135475277e-24,2.13676231994393e-36,0.00237321715105804,2.66034110352719,1.933249,468.5092,1.941204,491.6212,1.922232,456.8544,"No issues","No issues","No issues"
1032,90,2025-09-27,"high",2025-09-27 12:50:00,2025-09-27 12:59:40,2025-09-27 12:48:30,59,-0.479455869082459,3018.81332367037,0.533851988308629,0.973069800212442,5.07111775442752e-11,1.94827538039212e-46,0.000883050176141216,0.989849812486381,1.938463,447.6212,1.939617,463.039,1.935102,443.0674,"No issues","No issues","No issues"
1033,10,2025-09-27,"high",2025-09-27 13:02:20,2025-09-27 13:12:00,2025-09-27 13:00:50,59,2.75601961893619,3708.47968579776,0.975879576029402,0.977408764020936,8.41760947819987e-48,1.30070740936403e-48,0.000854007953730024,1.1112532457449,1.939275,447.2858,1.956394,466.1562,1.937372,442.5779,"No issues","No issues","No issues"
1033,70,2025-09-29,"low",2025-09-29 03:11:40,2025-09-29 03:21:20,2025-09-29 03:10:10,59,-4.18001331618941,5328.76585108122,0.911180971968309,0.941346940560658,1.185775246485e-31,8.53197747478817e-37,0.00257225256504787,2.6216962419868,1.931701,465.3708,1.940429,488.3148,1.913207,454.0462,"No issues","No issues","No issues"
1034,20,2025-09-27,"high",2025-09-27 13:14:40,2025-09-27 13:24:20,2025-09-27 13:13:10,59,3.29765773465799,2207.17652086498,0.851062228217063,0.944470171900011,3.0653243598908e-25,1.79090452457076e-37,0.00271902125497876,1.05485159841816,1.940082,448.101,1.962557,457.7326,1.936999,442.7855,"No issues","No issues","No issues"
1034,80,2025-09-29,"low",2025-09-29 03:24:10,2025-09-29 03:33:50,2025-09-29 03:22:40,59,-3.88235294447696,6229.61603179427,0.852752132818309,0.946552161080108,2.21218361369782e-25,6.02032916858745e-38,0.00317975288718321,2.91769126414924,1.931863,469.2454,1.942968,497.7076,1.916161,457.5299,"No issues","No issues","No issues"
1035,30,2025-09-27,"high",2025-09-27 13:27:00,2025-09-27 13:36:40,2025-09-27 13:25:30,59,-0.625509236703679,2887.22173045003,0.376536615413682,0.959843342896647,2.37055371293091e-07,1.72894252418146e-41,0.00158642977664596,1.16397590901207,1.936869,446.0886,1.941735,461.4669,1.934692,442.353,"No issues","No issues","No issues"
1035,90,2025-09-29,"low",2025-09-29 03:36:40,2025-09-29 03:46:20,2025-09-29 03:35:10,59,-3.40241432612521,2581.99800070132,0.93083549119795,0.931400063796542,9.41434542254715e-35,7.45100838337027e-35,0.00182800608209792,1.38113102887247,1.931547,461.5352,1.938301,473.3877,1.916272,456.4195,"No issues","No issues","No issues"
1036,10,2025-09-29,"low",2025-09-29 03:49:10,2025-09-29 03:58:50,2025-09-29 03:47:40,59,-2.66702206428991,2754.25576621857,0.90620915688379,0.992341726971984,5.61432549860043e-31,5.2654999315263e-62,0.00169113338034309,0.476896702866013,1.932905,459.6666,1.93826,475.6754,1.920433,457.2413,"No issues","No issues","No issues"
1036,40,2025-09-27,"high",2025-09-27 13:39:20,2025-09-27 13:49:00,2025-09-27 13:37:50,59,9.87232153360602,1923.20602969022,0.99571445645472,0.868434841434564,3.42899893206978e-69,8.8539367719696e-27,0.00127655666633016,1.47541058771549,1.943389,449.3309,2.00261,456.7473,1.93905,442.7578,"No issues","No issues","No issues"
1037,20,2025-09-29,"low",2025-09-29 04:01:40,2025-09-29 04:11:20,2025-09-29 04:00:10,59,14.8457428684979,4732.8285924021,0.939064580178029,0.896239741330727,2.53549831565707e-36,1.0044363498568e-29,0.00745374214109743,3.17401852059588,1.968846,469.414,2.037421,503.9402,1.939975,465.2848,"No issues","No issues","No issues"
1037,50,2025-09-27,"high",2025-09-27 13:51:40,2025-09-27 14:01:20,2025-09-27 13:50:10,59,1.90126002571593,747.758621624766,0.8663858952392,0.576977790435182,1.37690764148642e-26,3.07343802424221e-12,0.00147162528136261,1.26196910311128,1.940467,446.6619,1.952929,447.6982,1.937707,440.3331,"No issues","No issues","No issues"
1038,30,2025-09-29,"low",2025-09-29 04:14:10,2025-09-29 04:23:50,2025-09-29 04:12:40,59,-2.71549392869674,2458.39196914085,0.969196689456557,0.910793207894867,8.98843453567578e-45,1.34279810494787e-31,0.000954172352803813,1.51644077865255,1.94244,469.4926,1.943757,481.6512,1.926868,464.887,"No issues","No issues","No issues"
1038,60,2025-09-27,"high",2025-09-27 14:04:00,2025-09-27 14:13:40,2025-09-27 14:02:30,59,27.2948290169492,2975.38189690238,0.997008096014571,0.965051422984624,1.2224598146466e-73,3.29076752809415e-43,0.00294706773845983,1.11600847792647,1.956365,447.2541,2.122344,462.7137,1.947726,442.6512,"No issues","No issues","No issues"
1039,40,2025-09-29,"low",2025-09-29 04:26:40,2025-09-29 04:36:20,2025-09-29 04:25:10,59,3.81991871887777,4598.48371244884,0.964584297430323,0.955222298581851,4.80551606609621e-43,3.86333611313099e-40,0.00144267071289172,1.96235954044753,1.942358,481.8594,1.959559,506.8352,1.934571,476.4985,"No issues","No issues","No issues"
1039,70,2025-09-27,"high",2025-09-27 14:16:20,2025-09-27 14:26:00,2025-09-27 14:14:50,59,7.97702669316181,1687.12744734073,0.987110835598173,0.927172508881302,1.46630615543472e-55,4.10543097078172e-34,0.00179661790597388,0.931967030166204,1.949965,446.8763,1.993521,453.8867,1.940842,442.1526,"No issues","No issues","No issues"
1040,50,2025-09-29,"low",2025-09-29 04:39:10,2025-09-29 04:48:50,2025-09-29 04:37:40,59,-2.84266503331392,5150.55183822323,0.985874208995543,0.989204091270594,1.99731194589196e-54,9.38127791600519e-58,0.000670666447006789,1.06053662007392,1.931836,469.8511,1.931836,498.0978,1.913712,463.5398,"No issues","No issues","No issues"
1040,80,2025-09-27,"high",2025-09-27 14:28:40,2025-09-27 14:38:20,2025-09-27 14:27:10,59,9.81151027469313,1533.77931408531,0.988932470095177,0.918657087413212,1.90492262032523e-57,9.6379298082086e-33,0.00204579990100704,0.89956236402808,1.944294,445.5272,2.003985,452.8908,1.939137,441.4605,"No issues","No issues","No issues"
1041,60,2025-09-29,"low",2025-09-29 04:51:40,2025-09-29 05:01:20,2025-09-29 04:50:10,59,-4.15750841379311,6567.90212787842,0.971488883501161,0.881283054433079,9.9098857239752e-46,4.70074155154963e-28,0.00140380436307842,4.75127946999164,1.924804,477.539,1.924804,528.7078,1.893474,475.593,"No issues","No issues","No issues"
1041,90,2025-09-27,"high",2025-09-27 14:41:00,2025-09-27 14:50:40,2025-09-27 14:39:30,59,-0.273749638807747,2590.39208135591,0.190660955421746,0.97151793299941,0.000545245722630167,9.62597728749751e-46,0.00111166306122069,0.874200602296204,1.939252,446.3819,1.940901,459.876,1.936938,443.3727,"No issues","No issues","No issues"
1042,10,2025-09-27,"high",2025-09-27 14:53:20,2025-09-27 15:03:00,2025-09-27 14:51:50,59,2.92897514903564,3090.96545365283,0.980207373800981,0.962255962582001,2.99666353856065e-50,2.95353721765516e-42,0.00082033959148606,1.20658599265974,1.942481,449.3929,1.958205,463.9025,1.938275,443.2437,"No issues","No issues","No issues"
1042,70,2025-09-29,"low",2025-09-29 05:04:10,2025-09-29 05:13:50,2025-09-29 05:02:40,59,-3.75186167621277,2369.66169398011,0.854771037788604,0.297435521944759,1.49089853145896e-25,7.94321117385842e-06,0.00304813215655346,7.17824507427255,1.920523,503.668,1.930829,503.668,1.904963,469.4743,"No issues","No issues","No issues"
1043,20,2025-09-27,"high",2025-09-27 15:05:40,2025-09-27 15:15:20,2025-09-27 15:04:10,59,3.71844896317939,2813.45365283458,0.920759145530702,0.958583942119065,4.56503808810386e-33,4.17133443715271e-41,0.00215005037733813,1.15264169750034,1.942456,446.7181,1.965286,461.0912,1.938,442.4251,"No issues","No issues","No issues"
1043,80,2025-09-29,"low",2025-09-29 05:16:40,2025-09-29 05:26:20,2025-09-29 05:15:10,59,-4.19090143308019,5632.96550601985,0.937051239449773,0.982380882349409,6.40999725274405e-36,1.0873628474746e-51,0.00214094063473165,1.48687505315121,1.911199,502.0964,1.911199,548.2035,1.881586,502.0964,"No issues","No issues","No issues"
1044,30,2025-09-27,"high",2025-09-27 15:18:00,2025-09-27 15:27:40,2025-09-27 15:16:30,59,-1.19013752893051,2384.74877007596,0.875508921095398,0.979627426250394,1.82543570977808e-27,6.82688558575601e-50,0.000884547652229758,0.677829352676824,1.937711,445.2833,1.939257,459.0116,1.93093,442.9723,"No issues","No issues","No issues"
1044,90,2025-09-29,"low",2025-09-29 05:29:10,2025-09-29 05:38:50,2025-09-29 05:27:40,59,-3.72038198012858,2395.96203576854,0.992036208677345,0.970476803809806,1.60579993728428e-61,2.67940162519891e-45,0.000657005435386334,0.823671985965519,1.922209,468.5932,1.922209,483.4217,1.898784,467.8943,"No issues","No issues","No issues"
1045,10,2025-09-29,"low",2025-09-29 05:41:40,2025-09-29 05:51:20,2025-09-29 05:40:10,59,-2.88174197077739,2650.11069082406,0.959780222340103,0.971565057939889,1.80815043869082e-41,9.18203023400184e-46,0.00116271769731944,0.893592470723399,1.922494,469.5851,1.925021,482.7055,1.907165,464.1094,"No issues","No issues","No issues"
1045,40,2025-09-27,"high",2025-09-27 15:30:20,2025-09-27 15:40:00,2025-09-27 15:28:50,59,9.37590732904725,1883.66487527761,0.993769751511074,0.974834366757094,1.46829023682113e-64,2.82141380094075e-47,0.00146321572611768,0.59652330016331,1.945064,444.7842,1.999635,455.3561,1.939655,442.5062,"No issues","No issues","No issues"
1046,20,2025-09-29,"low",2025-09-29 05:54:10,2025-09-29 06:03:50,2025-09-29 05:52:40,59,14.1061422045587,2211.5483305669,0.963148110806307,0.684170801203137,1.49304621694547e-42,6.84808742886608e-16,0.00543847146158095,2.96159428080503,1.961546,479.0358,2.029945,483.9308,1.93876,466.2349,"No issues","No issues","No issues"
1046,50,2025-09-27,"high",2025-09-27 15:42:40,2025-09-27 15:52:20,2025-09-27 15:41:10,59,3.67815757802447,826.818560374035,0.971846088213266,0.82505761741629,6.91736100637069e-46,3.05363282504186e-23,0.00123391775936012,0.750413870562777,1.941186,443.545,1.963919,447.9641,1.938189,441.5667,"No issues","No issues","No issues"
1047,30,2025-09-29,"low",2025-09-29 06:06:40,2025-09-29 06:16:20,2025-09-29 06:05:10,59,-2.96419160724722,2355.34307796609,0.986172698784154,0.931559491330421,1.08651285287704e-54,6.97237057202335e-35,0.000691805091409472,1.25831898306957,1.930631,466.6176,1.930631,475.4065,1.910464,460.5047,"No issues","No issues","No issues"
1047,60,2025-09-27,"high",2025-09-27 15:55:00,2025-09-27 15:59:50,2025-09-27 15:53:30,30,22.8622011657399,2215.19950878755,0.938362516822337,0.84079197473194,1.75865777613262e-18,1.08879749367521e-12,0.00586989922047644,0.965665077406648,1.966619,447.0923,2.02327,451.9778,1.949301,443.7394,"No issues","No issues","No issues"
1047,60,2025-09-28,"high",2025-09-27 16:00:00,2025-09-27 16:04:40,2025-09-27 15:53:30,29,24.5443502660099,2652.95073103444,0.999903397101249,0.964365068819866,9.54167285103553e-56,4.36405622185973e-21,0.000233616156646422,0.49383479761844,2.026375,451.8087,2.105781,461.4935,2.026375,451.8087,"No issues","No issues","No issues"
1048,40,2025-09-29,"low",2025-09-29 06:19:10,2025-09-29 06:28:50,2025-09-29 06:17:40,59,3.59478738515479,3782.86710648742,0.976080893522214,0.898604054369511,6.62835802894657e-48,5.20084308726378e-30,0.00110914425918016,2.50456581844368,1.937595,468.8784,1.955676,481.4931,1.931474,456.1163,"No issues","No issues","No issues"
1048,70,2025-09-28,"high",2025-09-27 16:07:20,2025-09-27 16:17:00,2025-09-27 16:05:50,59,7.36384675160713,1917.56129701927,0.986788020092849,0.975317668088559,2.96806067908637e-55,1.6230995426726e-47,0.00167943042383067,0.601249267489565,1.949345,445.6454,1.989481,456.412,1.940899,443.1544,"No issues","No issues","No issues"
1049,50,2025-09-29,"low",2025-09-29 06:31:40,2025-09-29 06:41:20,2025-09-29 06:30:10,59,-2.83866821274115,1889.7550400935,0.962293331482171,0.756840500564353,2.87126889951134e-42,3.78583215386008e-19,0.00110752932560509,2.11122347867312,1.922727,462.1363,1.924533,462.6677,1.906919,449.2764,"No issues","No issues","No issues"
1049,80,2025-09-28,"high",2025-09-27 16:19:40,2025-09-27 16:29:20,2025-09-27 16:18:10,59,8.10861677147863,1625.27045049678,0.989411798846087,0.88842824244182,5.39216132008686e-58,7.98295802474663e-29,0.00165331109788346,1.1352116911084,1.947519,444.501,1.994402,453.6606,1.940539,441.9835,"No issues","No issues","No issues"
1050,60,2025-09-29,"low",2025-09-29 06:44:10,2025-09-29 06:53:50,2025-09-29 06:42:40,59,-2.78728773348925,713.587194389242,0.769932729351734,0.0782467508696604,7.75463016112676e-20,0.0318984229387477,0.00300308821286384,4.82732441912224,1.911061,480.066,1.921764,480.066,1.901222,450.1103,"No issues","No issues","No issues"
1050,90,2025-09-28,"high",2025-09-27 16:32:00,2025-09-27 16:41:40,2025-09-27 16:30:30,59,-0.784821545295178,2475.65550718877,0.777933613487351,0.965192473413736,2.8139077837419e-20,2.93231796711789e-43,0.000826468523231337,0.926627290105311,1.938864,447.7863,1.939391,460.9832,1.933522,444.0528,"No issues","No issues","No issues"
1051,10,2025-09-28,"high",2025-09-27 16:44:20,2025-09-27 16:54:00,2025-09-27 16:42:50,59,2.09222018468727,3098.69949082406,0.958452089536235,0.983656628225747,4.56715793532811e-41,1.27582545175629e-52,0.000858582502179726,0.787252024057412,1.940175,446.136,1.953037,463.314,1.938338,443.8655,"No issues","No issues","No issues"
1051,70,2025-09-29,"low",2025-09-29 06:56:40,2025-09-29 07:06:20,2025-09-29 06:55:10,59,-4.32986606195212,3404.07748825247,0.952768729531738,0.889544155637921,1.76923046063727e-39,5.99077051020997e-29,0.00190011893244061,2.36426029386538,1.917241,458.907,1.922093,468.8019,1.894439,445.76,"No issues","No issues","No issues"
1052,20,2025-09-28,"high",2025-09-27 16:56:40,2025-09-27 17:06:20,2025-09-27 16:55:10,59,2.59031946697831,3548.05877077731,0.868523113072673,0.985852208530788,8.68576322846286e-27,2.08791576405777e-54,0.00198642696474784,0.837750083026445,1.943372,448.4749,1.95847,467.5724,1.938617,444.6494,"No issues","No issues","No issues"
1052,80,2025-09-29,"low",2025-09-29 07:09:10,2025-09-29 07:18:50,2025-09-29 07:07:40,59,-4.43614462653427,-7732.05885867914,0.836075620456211,0.95291139686436,4.75208738194896e-24,1.62296505239757e-39,0.0038715952409639,3.38775543711736,1.912175,467.8921,1.926298,467.8921,1.894946,397.6548,"No issues","No issues","No issues"
1053,30,2025-09-28,"high",2025-09-27 17:09:00,2025-09-27 17:18:40,2025-09-27 17:07:30,59,-1.37402409818821,2181.90111233196,0.894824529646884,0.977351717148024,1.47887034478005e-29,1.39767939579589e-48,0.000928470045780122,0.654655046617293,1.937379,447.4614,1.939165,458.942,1.929682,444.98,"No issues","No issues","No issues"
1053,90,2025-09-29,"low",2025-09-29 07:21:40,2025-09-29 07:31:20,2025-09-29 07:20:10,59,-3.70513043600234,1258.82376154293,0.955293140579379,0.635634611175358,3.69274570733435e-40,4.17039122325558e-14,0.0015798196437397,1.87851634501489,1.917566,451.7286,1.92254,451.7482,1.899194,441.723,"No issues","No issues","No issues"
1054,10,2025-09-29,"low",2025-09-29 07:34:10,2025-09-29 07:43:50,2025-09-29 07:32:40,59,-2.94446200818241,248.456303915825,0.908011098511521,0.056306823693221,3.22678116028374e-31,0.0703566510454334,0.00184719757353352,2.00479591874922,1.920879,453.5977,1.926121,453.5977,1.906444,440.6629,"No issues","No issues","No issues"
1054,40,2025-09-28,"high",2025-09-27 17:21:20,2025-09-27 17:31:00,2025-09-27 17:19:50,59,7.50122780128577,2976.7408663939,0.991793991986142,0.989152752465052,3.77212876093106e-61,1.07397151908726e-57,0.00134484688951705,0.614404488505341,1.944688,446.1582,1.9877,463.3837,1.939556,443.9423,"No issues","No issues","No issues"
1055,20,2025-09-29,"low",2025-09-29 07:46:40,2025-09-29 07:56:20,2025-09-29 07:45:10,59,19.4485122431326,-535.640107539457,0.978326513910093,0.201016899043543,3.98715463663859e-49,0.000369179030311505,0.00570550532416746,2.10480010799655,1.959283,453.7745,2.062282,453.7745,1.93783,438.4669,"No issues","No issues","No issues"
1055,50,2025-09-28,"high",2025-09-27 17:33:40,2025-09-27 17:43:20,2025-09-27 17:32:10,59,0.935884699006334,2300.00410520161,0.783372274754245,0.982844480676755,1.38340982176153e-20,5.0843730952799e-52,0.000970019633597851,0.598926322798847,1.941669,445.6252,1.945896,458.7539,1.937813,444.2393,"No issues","No issues","No issues"
1056,30,2025-09-29,"low",2025-09-29 07:59:10,2025-09-29 08:08:50,2025-09-29 07:57:40,59,-2.99751898071309,-23.9317900642983,0.964052582374404,0.000700529902458295,7.3502630580643e-43,0.842273790708404,0.00114085561889058,1.78153734445038,1.927133,451.2039,1.927133,451.2039,1.908199,439.7251,"No issues","No issues","No issues"
1056,60,2025-09-28,"high",2025-09-27 17:46:00,2025-09-27 17:55:40,2025-09-27 17:44:30,59,21.4251427609584,4112.98772086498,0.992710431054846,0.990067784153477,1.2901353272841e-62,8.70977429519022e-59,0.0036186669353202,0.811957465632196,1.960366,447.8607,2.083065,472.1852,1.946149,445.5276,"No issues","No issues","No issues"
1057,40,2025-09-29,"low",2025-09-29 08:11:40,2025-09-29 08:21:20,2025-09-29 08:10:10,59,6.81687415546457,2592.97231560489,0.991621739032983,0.81583928268773,6.81943548525475e-61,1.32667173698806e-22,0.00123502132173458,2.42817134116216,1.934436,451.4894,1.973388,458.5052,1.92923,439.7108,"No issues","No issues","No issues"
1057,70,2025-09-28,"high",2025-09-27 17:58:20,2025-09-27 18:08:00,2025-09-27 17:56:50,59,5.07120684511978,4269.69065856224,0.969911950128444,0.993511628440398,4.59974615216767e-45,4.67015382796278e-64,0.00176046520765091,0.680084765608192,1.951083,448.9708,1.974805,474.1978,1.940505,446.5416,"No issues","No issues","No issues"
1058,50,2025-09-29,"low",2025-09-29 08:24:10,2025-09-29 08:33:50,2025-09-29 08:22:40,59,-2.70969184804213,-2030.00531712449,0.91471366985913,0.922672552676546,3.72250497770966e-32,2.27231753319736e-33,0.00163080596063557,1.1583117664145,1.923615,450.175,1.926609,450.175,1.908923,429.8929,"No issues","No issues","No issues"
1058,80,2025-09-28,"high",2025-09-27 18:10:40,2025-09-27 18:20:20,2025-09-27 18:09:10,59,6.39145186674452,4304.09644137929,0.987860956431266,0.994840009020316,2.6540983552285e-56,6.81832969677115e-67,0.00139646194007517,0.610963267493153,1.945011,448.7103,1.981921,474.9279,1.939856,447.1297,"No issues","No issues","No issues"
1059,60,2025-09-29,"low",2025-09-29 08:36:40,2025-09-29 08:46:20,2025-09-29 08:35:10,59,-3.9939523553479,-4012.61106908242,0.896529628396469,0.958529458668796,9.27312843531422e-30,4.3307076284611e-41,0.00267432274089998,1.64505129040457,1.920166,449.4951,1.926701,449.4951,1.899687,416.0209,"No issues","No issues","No issues"
1059,90,2025-09-28,"high",2025-09-27 18:23:00,2025-09-27 18:32:40,2025-09-27 18:21:30,59,-1.04505571946235,3279.97512378724,0.85948962373626,0.985037717079242,5.80058045514602e-26,1.02967185750693e-53,0.000832834260002518,0.796761439698709,1.937239,452.3398,1.938122,471.8186,1.930775,450.3389,"No issues","No issues","No issues"
1060,10,2025-09-28,"high",2025-09-27 18:35:20,2025-09-27 18:45:00,2025-09-27 18:33:50,59,1.10482876446516,2738.32796914084,0.90482648519169,0.976027056383081,8.52615848620518e-31,7.06716544242601e-48,0.000706245398370069,0.845863864711839,1.940196,453.1693,1.946422,468.3126,1.937985,450.3566,"No issues","No issues","No issues"
1060,70,2025-09-29,"low",2025-09-29 08:49:10,2025-09-29 08:58:50,2025-09-29 08:47:40,59,-5.14450494915261,4489.28421180595,0.958789903046238,0.955984902401396,3.61846193302764e-41,2.36690981291847e-40,0.00210217534407059,1.89861835550849,1.91945,453.015,1.923057,473.5696,1.891694,444.7906,"No issues","No issues","No issues"
1061,20,2025-09-28,"high",2025-09-27 18:47:40,2025-09-27 18:57:20,2025-09-27 18:46:10,59,1.79922319111621,3046.04851244884,0.777179801462424,0.984321893671929,3.10067139767519e-20,3.90193425159572e-53,0.0018988332272254,0.757705260657244,1.940507,453.5814,1.952075,471.4595,1.937451,451.254,"No issues","No issues","No issues"
1061,80,2025-09-29,"low",2025-09-29 09:01:40,2025-09-29 09:11:20,2025-09-29 09:00:10,59,-5.20022411221507,-9700.75370566922,0.889428730421794,0.980795588028079,6.17216166198629e-29,1.26792498144365e-50,0.00361387301573379,2.67548173178958,1.919866,438.7365,1.929134,447.5734,1.89366,382.8792,"No issues","No issues","No issues"
1062,30,2025-09-28,"high",2025-09-27 19:00:00,2025-09-27 19:09:40,2025-09-27 18:58:30,59,-1.54938226534197,2969.46685493862,0.92282562131129,0.984797210251615,2.14738121594826e-33,1.62227587362825e-53,0.000883121760462854,0.727196832241801,1.935609,452.119,1.937374,469.5692,1.927261,450.5852,"No issues","No issues","No issues"
1062,90,2025-09-29,"low",2025-09-29 09:14:10,2025-09-29 09:23:50,2025-09-29 09:12:40,59,-3.84046737580366,1346.5450099357,0.963703441193745,0.547477150431056,9.68310871265533e-43,2.15168124945602e-11,0.00146902896208732,2.41292258725578,1.921604,453.984,1.924992,453.984,1.900834,441.8205,"No issues","No issues","No issues"
1063,10,2025-09-29,"low",2025-09-29 09:26:40,2025-09-29 09:36:20,2025-09-29 09:25:10,59,-1.56545943191127,713.259672238458,0.702085440221207,0.429212269464587,1.28069589537892e-16,1.80294197821713e-08,0.00200991622028933,1.62119097191105,1.924351,448.695,1.930911,448.695,1.918548,440.5817,"No issues","No issues","No issues"
1063,40,2025-09-28,"high",2025-09-27 19:12:20,2025-09-27 19:22:00,2025-09-27 19:10:50,59,4.91964629807133,2910.47045049677,0.988266977226185,0.981937900784167,1.00636605332847e-56,2.20706433221908e-51,0.00105654245107776,0.778019623307255,1.943824,451.5313,1.970747,468.6138,1.938761,448.7982,"No issues","No issues","No issues"
1064,20,2025-09-29,"low",2025-09-29 09:39:10,2025-09-29 09:48:50,2025-09-29 09:37:40,59,30.4880669736996,363.702592635873,0.990453393846815,0.239492778790577,2.81712851535659e-59,8.37493174344641e-05,0.00589960081637254,1.27743000508662,1.959052,447.2021,2.13659,447.2021,1.945044,440.7235,"No issues","No issues","No issues"
1064,50,2025-09-28,"high",2025-09-27 19:24:40,2025-09-27 19:34:20,2025-09-27 19:23:10,59,0.31738189129159,2703.91259193454,0.283269185573297,0.982063764074055,1.43430349140029e-05,1.80815651973705e-51,0.000995051987642566,0.720234159233821,1.938568,451.621,1.941493,466.6224,1.93704,449.2153,"No issues","No issues","No issues"
1065,30,2025-09-29,"low",2025-09-29 09:51:40,2025-09-29 10:01:20,2025-09-29 09:50:10,59,-2.55544234716543,472.407426767951,0.946135375158687,0.302369474587019,7.51375299634069e-38,6.4496489797621e-06,0.00120178429190033,1.41431366674184,1.932686,448.2394,1.932686,448.2394,1.914556,441.0439,"No issues","No issues","No issues"
1065,60,2025-09-28,"high",2025-09-27 19:37:00,2025-09-27 19:46:40,2025-09-27 19:35:30,59,15.4026441426067,3500.70838947981,0.9897237157591,0.986344680146864,2.29928937752549e-58,7.60475502462531e-55,0.00309343933738277,0.811853705332812,1.95776,453.1353,2.043838,473.7952,1.944861,450.2818,"No issues","No issues","No issues"
1066,40,2025-09-29,"low",2025-09-29 10:04:10,2025-09-29 10:13:50,2025-09-29 10:02:40,59,15.2235466884862,1315.83382443015,0.993915163896692,0.580195222072508,7.48982100591562e-65,2.46594695249336e-12,0.00234774478275935,2.20608843056135,1.940626,452.8723,2.031584,453.2929,1.933656,441.6604,"No issues","No issues","No issues"
1066,70,2025-09-28,"high",2025-09-27 19:49:20,2025-09-27 19:59:00,2025-09-27 19:47:50,59,3.5563941741671,3526.9430349503,0.964653427718308,0.974290354251972,4.54507592000404e-43,5.19156546903846e-47,0.00134178565035914,1.12924336253851,1.94804,456.7735,1.963924,475.6982,1.93963,452.5884,"No issues","No issues","No issues"
1067,50,2025-09-29,"low",2025-09-29 10:16:40,2025-09-29 10:26:20,2025-09-29 10:15:10,59,-2.21858485564005,-467.836255756879,0.896746320788917,0.232608915206448,8.73428338315704e-30,0.000109676601612652,0.00148381332447937,1.67484387130309,1.929904,450.0026,1.93029,450.0026,1.915215,439.1352,"No issues","No issues","No issues"
1067,80,2025-09-28,"high",2025-09-27 20:01:40,2025-09-27 20:11:20,2025-09-27 20:00:10,59,4.75194647340734,3646.38601052016,0.980896918026728,0.980620849642041,1.09041300957757e-50,1.64150379040492e-50,0.00130706393369315,1.01033338269092,1.945002,454.6866,1.971299,474.9583,1.939115,450.9839,"No issues","No issues","No issues"
1068,60,2025-09-29,"low",2025-09-29 10:29:10,2025-09-29 10:38:50,2025-09-29 10:27:40,59,-4.2759264056108,-1363.05488345998,0.915192091650632,0.846880059262012,3.17028481051414e-32,6.76504499420299e-25,0.00256553252602661,1.14236140573113,1.923294,448.6143,1.928594,448.6143,1.901127,434.8004,"No issues","No issues","No issues"
1068,90,2025-09-28,"high",2025-09-27 20:14:00,2025-09-27 20:23:40,2025-09-27 20:12:30,59,-1.21311609117481,2852.34026791349,0.893191238964965,0.956558597867905,2.29639041935118e-29,1.62805001538451e-40,0.000826834960376033,1.19807144403753,1.935903,456.3884,1.937265,470.1577,1.928922,451.1999,"No issues","No issues","No issues"
1069,10,2025-09-28,"high",2025-09-27 20:26:20,2025-09-27 20:36:00,2025-09-27 20:24:50,59,0.525069110461663,2318.03847668029,0.672872686478934,0.944521884787823,1.87953377538892e-15,1.74392975524181e-37,0.000721595273591212,1.10728835718003,1.939585,455.6119,1.942177,466.8174,1.937543,451.0872,"No issues","No issues","No issues"
1069,70,2025-09-29,"low",2025-09-29 10:41:40,2025-09-29 10:51:20,2025-09-29 10:40:10,59,-5.46289021157227,7002.25987329046,0.965612586215169,0.974305876397296,2.0740579101319e-43,5.10293355865915e-47,0.00203191729690564,2.24126249927581,1.922215,457.107,1.926942,493.0158,1.892504,447.8358,"No issues","No issues","No issues"
1070,20,2025-09-28,"high",2025-09-27 20:38:40,2025-09-27 20:48:20,2025-09-27 20:37:10,59,1.19349455523079,2697.44132787842,0.6392669308958,0.965018176184175,3.12603858801105e-14,3.38122067936682e-43,0.00176708547617637,1.01225688872317,1.93925,456.4379,1.946942,470.4189,1.936709,452.4922,"No issues","No issues","No issues"
1070,80,2025-09-29,"low",2025-09-29 10:54:10,2025-09-29 11:03:50,2025-09-29 10:52:40,59,-5.05033500876691,-6699.66202688488,0.870104272921398,0.99565090863531,6.14714766101617e-27,5.21639390575548e-69,0.00384607036847451,0.872737966992838,1.923954,442.9748,1.934481,442.9748,1.900006,399.2818,"No issues","No issues","No issues"
1071,30,2025-09-28,"high",2025-09-27 20:51:00,2025-09-27 21:00:40,2025-09-27 20:49:30,59,-1.5014446569259,2443.63413208648,0.885905385696738,0.969807098375777,1.51188165348019e-28,5.07942621141901e-45,0.00106202193458298,0.849828293022754,1.934208,457.0731,1.936907,469.9657,1.926645,453.6122,"No issues","No issues","No issues"
1071,90,2025-09-29,"low",2025-09-29 11:06:40,2025-09-29 11:16:20,2025-09-29 11:05:10,59,-3.39609970309766,2409.43164932786,0.941230881728256,0.862438079401754,9.02698850551162e-37,3.16422225198186e-26,0.00167260038266011,1.8966405028151,1.925096,451.4723,1.929544,460.7395,1.907749,443.9029,"No issues","No issues","No issues"
1072,10,2025-09-29,"low",2025-09-29 11:19:10,2025-09-29 11:28:50,2025-09-29 11:17:40,59,-1.4715263214495,1681.67970263003,0.743966343090696,0.821770150662093,1.66069091173314e-18,5.20094996188935e-23,0.0017014734496573,1.54363130579628,1.928302,448.8929,1.931974,454.5728,1.920478,442.4281,"No issues","No issues","No issues"
1072,40,2025-09-28,"high",2025-09-27 21:03:20,2025-09-27 21:13:00,2025-09-27 21:01:50,59,3.35590426183515,2330.07605189946,0.980527831520524,0.963913172805185,1.88161161662456e-50,8.20808345623941e-43,0.000932120406218902,0.888609076760617,1.940722,454.7729,1.95799,467.0851,1.935982,451.5803,"No issues","No issues","No issues"
1073,20,2025-09-29,"low",2025-09-29 11:31:40,2025-09-29 11:41:20,2025-09-29 11:30:10,59,38.4057094471069,2278.80010099355,0.990004780307164,0.903519140410401,1.04300600837667e-58,1.25869293375741e-30,0.0076060394704147,1.46772060068546,1.97545,448.6649,2.195546,458.8951,1.954174,443.52,"No issues","No issues","No issues"
1073,50,2025-09-28,"high",2025-09-27 21:15:40,2025-09-27 21:25:20,2025-09-27 21:14:10,59,-0.143148287551224,2060.68736598481,0.076931705434693,0.956742926216768,0.0334346153775962,1.44210378512719e-40,0.000977317444079402,0.863631160502305,1.935847,457.712,1.937718,468.8935,1.93401,454.5446,"No issues","No issues","No issues"
1074,30,2025-09-29,"low",2025-09-29 11:44:10,2025-09-29 11:53:50,2025-09-29 11:42:40,59,-2.42445116072477,2030.2668399766,0.946468675445367,0.897803775363665,6.29444056424775e-38,6.50978233575904e-30,0.00113644799985056,1.35009736719275,1.938326,448.1303,1.938326,457.1571,1.919086,443.5995,"No issues","No issues","No issues"
1074,60,2025-09-28,"high",2025-09-27 21:28:00,2025-09-27 21:37:40,2025-09-27 21:26:30,59,12.9044323272939,3266.15667843366,0.985497695036366,0.968248384367279,4.22782812018365e-54,2.13397629848277e-44,0.00308542412712098,1.16576709947184,1.955146,456.2834,2.024067,472.6979,1.940982,452.1236,"No issues","No issues","No issues"
1075,40,2025-09-29,"low",2025-09-29 11:56:40,2025-09-29 12:06:20,2025-09-29 11:55:10,59,24.7868667773231,5148.30932647574,0.994525698652708,0.958697734350713,3.67804793397067e-66,3.85652340014997e-41,0.00362462627578467,2.10618238666376,1.952877,452.6599,2.099163,476.9783,1.942136,444.8097,"No issues","No issues","No issues"
1075,70,2025-09-28,"high",2025-09-27 21:40:20,2025-09-27 21:50:00,2025-09-27 21:38:50,59,2.69405046873162,3442.31168486264,0.957072620592109,0.97853582618965,1.15937963702659e-40,3.02344642197362e-49,0.00112456801208874,1.00485678757913,1.943569,456.1182,1.955995,474.3971,1.936861,451.1014,"No issues","No issues","No issues"
1076,80,2025-09-28,"high",2025-09-27 21:52:40,2025-09-27 22:02:20,2025-09-27 21:51:10,59,4.04132995441252,3718.75623611921,0.976736036447853,0.979239743746341,3.00275481409593e-48,1.16850272015577e-49,0.00122931396467076,1.06722209256332,1.942354,454.0515,1.964738,473.4853,1.93749,449.735,"No issues","No issues","No issues"
1077,60,2025-09-29,"low",2025-09-29 13:01:30,2025-09-29 13:11:10,2025-09-29 13:00:00,59,-1.99901372296906,-979.65920093514,0.552212013091664,0.755404870562296,1.58791089975519e-11,4.48144126104907e-19,0.00354800583991455,1.09873836770721,1.92937,453.5422,1.938725,453.5422,1.920756,441.9495,"No issues","No issues","No issues"
1077,90,2025-09-28,"high",2025-09-27 22:05:00,2025-09-27 22:14:40,2025-09-27 22:03:30,59,-1.42298174167159,2816.88571735825,0.913112393050323,0.97106030947681,6.33047651860634e-32,1.51646145283384e-45,0.000865169864206588,0.958469558047074,1.934354,456.0692,1.935888,470.6048,1.926344,451.5265,"No issues","No issues","No issues"
1078,10,2025-09-28,"high",2025-09-27 22:17:20,2025-09-27 22:27:00,2025-09-27 22:15:50,59,0.407093470485054,2472.71911911162,0.581640176547447,0.954249333463843,2.23253018924546e-12,7.1324937856615e-40,0.000680498511900372,1.06715578614174,1.936938,456.5778,1.939341,468.2234,1.935264,451.1714,"No issues","No issues","No issues"
1078,70,2025-09-29,"low",2025-09-29 13:14:00,2025-09-29 13:23:40,2025-09-29 13:12:30,59,-4.77586326592636,7235.18659777907,0.978893586120758,0.969731090845907,1.87233451039185e-49,5.45695965840729e-45,0.00138221825485536,2.51946145018335,1.924969,461.4807,1.926418,498.7719,1.897134,451.6853,"No issues","No issues","No issues"
1079,20,2025-09-28,"high",2025-09-27 22:29:40,2025-09-27 22:39:20,2025-09-27 22:28:10,59,0.61489683226179,2658.96494868496,0.330924927961673,0.964402237577596,1.88126399368114e-06,5.56217292409029e-43,0.00172329725187933,1.00688556399358,1.93786,455.8535,1.942369,469.5681,1.934715,451.3957,"No issues","No issues","No issues"
1079,80,2025-09-29,"low",2025-09-29 13:26:30,2025-09-29 13:36:10,2025-09-29 13:25:00,59,-5.78410733372301,-1962.11077311514,0.962456237246591,0.620620390540712,2.53774489165403e-42,1.33321684824034e-13,0.0022516454304198,3.02365858338626,1.926954,452.3448,1.931244,452.3448,1.895255,435.1831,"No issues","No issues","No issues"
1080,30,2025-09-28,"high",2025-09-27 22:42:00,2025-09-27 22:51:40,2025-09-27 22:40:30,59,-1.85093189947404,2678.29213886615,0.942956185595337,0.965876109026166,3.85790809913126e-37,1.66550556144808e-43,0.000897292874420677,0.992228652517975,1.933043,454.5172,1.935199,469.2804,1.923207,450.7825,"No issues","No issues","No issues"
1080,90,2025-09-29,"low",2025-09-29 13:39:00,2025-09-29 13:48:40,2025-09-29 13:37:30,59,-4.14998136294569,3738.62586277028,0.964184750045793,0.8999564540669,6.61732403471252e-43,3.54455121634658e-30,0.00157646838952166,2.45686363795359,1.92792,455.4684,1.93001,470.4628,1.903995,445.0653,"No issues","No issues","No issues"
1081,10,2025-09-29,"low",2025-09-29 13:51:30,2025-09-29 14:01:10,2025-09-29 13:50:00,59,-2.19175894330804,3207.8543018118,0.911746008538926,0.946860966776967,9.88280951140669e-32,5.10307148876388e-38,0.00134402790772441,1.49783373867861,1.932655,449.4824,1.933094,466.1296,1.918767,443.9675,"No issues","No issues","No issues"
1081,40,2025-09-28,"high",2025-09-27 22:54:20,2025-09-27 23:04:00,2025-09-27 22:52:50,59,3.01058249912325,2204.36536481588,0.992463096189556,0.967914845463882,3.339524123324e-62,2.87477286592839e-44,0.000517100659941082,0.791047072112636,1.938195,455.6079,1.955587,467.5984,1.936025,451.8265,"No issues","No issues","No issues"
1082,20,2025-09-29,"low",2025-09-29 14:04:00,2025-09-29 14:13:40,2025-09-29 14:02:30,59,44.8759251899473,2655.19834295732,0.986809486298514,0.882204143668878,2.83362027629547e-55,3.7630604762424e-28,0.0102261667146629,1.91232932571086,1.989423,450.999,2.239705,461.7419,1.95544,443.1614,"No issues","No issues","No issues"
1082,50,2025-09-28,"high",2025-09-27 23:06:40,2025-09-27 23:16:20,2025-09-27 23:05:10,59,-0.696494082992441,2184.93081846871,0.609118727972472,0.955379820126499,3.15079069790914e-13,3.49389050379181e-40,0.00109969979206589,0.930680411935715,1.934257,453.2053,1.937304,464.7783,1.930979,449.9122,"No issues","No issues","No issues"
1083,30,2025-09-29,"low",2025-09-29 14:16:30,2025-09-29 14:26:10,2025-09-29 14:15:00,59,-2.43534129748697,2598.73409982465,0.931829962581779,0.882080630831557,6.22742288997376e-35,3.87741022156489e-28,0.00129829540681414,1.87277469422311,1.94339,450.7193,1.94339,462.063,1.919775,444.4094,"No issues","No issues","No issues"
1083,60,2025-09-28,"high",2025-09-27 23:19:00,2025-09-27 23:28:40,2025-09-27 23:17:30,59,12.9916135125657,3743.98907586207,0.99261165612579,0.985063290344844,1.89341510371491e-62,9.8066365955795e-54,0.00220918565030463,0.908688917789758,1.948308,452.4367,2.022572,473.6474,1.939007,448.6584,"No issues","No issues","No issues"
1084,40,2025-09-29,"low",2025-09-29 14:29:00,2025-09-29 14:38:40,2025-09-29 14:27:30,59,23.2065723997662,9512.0334326125,0.987228664124356,0.978478565126051,1.12857178099172e-55,3.26204821654761e-49,0.00520242156925003,2.78047233278717,1.963473,454.5433,2.09211,503.5559,1.942848,444.7502,"No issues","No issues","No issues"
1084,70,2025-09-28,"high",2025-09-27 23:31:20,2025-09-27 23:41:00,2025-09-27 23:29:50,59,2.06253615429565,4356.84942326123,0.958354211503121,0.984542533245763,4.88417971646134e-41,2.60499771642397e-53,0.000847440749277084,1.07599369418198,1.941681,454.2721,1.951731,479.212,1.937033,450.3396,"No issues","No issues","No issues"
1085,50,2025-09-29,"low",2025-09-29 14:41:30,2025-09-29 14:51:10,2025-09-29 14:40:00,59,-1.37062768439519,8435.0849028638,0.89091820382322,0.982085267439794,4.19007896042028e-29,1.7473646278994e-51,0.000945283288055519,2.24545978418806,1.937147,455.0072,1.937147,503.5759,1.924939,450.623,"No issues","No issues","No issues"
1085,80,2025-09-28,"high",2025-09-27 23:43:40,2025-09-27 23:53:20,2025-09-27 23:42:10,59,3.63109204909405,4813.02879906485,0.976874390616819,0.988673976059202,2.53314629529861e-48,3.67870650073059e-57,0.00110115827201375,1.01535030367542,1.941123,453.3247,1.96292,480.9196,1.938064,449.5199,"No issues","No issues","No issues"
1086,60,2025-09-29,"low",2025-09-29 14:54:00,2025-09-29 15:03:40,2025-09-29 14:52:30,59,-3.10284820572769,2576.96049187607,0.929872045091667,0.889474973374225,1.39711241885148e-34,6.09886319133879e-29,0.0016794991086617,1.79042636447186,1.93114,454.0627,1.933084,468.101,1.911832,449.6925,"No issues","No issues","No issues"
1086,90,2025-09-28,"high",2025-09-27 23:56:00,2025-09-28 00:05:40,2025-09-27 23:54:30,59,-1.93006086732909,3479.90492577439,0.955905190523127,0.978858564131967,2.49226669292345e-40,1.96296157382349e-49,0.000817038623334809,1.0079985394832,1.936181,453.5179,1.937802,471.8696,1.925548,450.1278,"No issues","No issues","No issues"
1087,10,2025-09-28,"high",2025-09-28 00:08:20,2025-09-28 00:18:00,2025-09-28 00:06:50,59,0.0227770800700286,2374.00441753359,0.00698741590099382,0.960254441749788,0.529062295986807,1.28921616878072e-41,0.000535183091761118,0.951958284077503,1.938511,454.4513,1.940484,466.4776,1.937989,449.752,"No issues","No issues","No issues"
1087,70,2025-09-29,"low",2025-09-29 15:06:30,2025-09-29 15:16:10,2025-09-29 15:05:00,59,-4.86543092928115,7626.40448486264,0.978430213925631,0.953064613214462,3.4775809970272e-49,1.47889184270118e-39,0.00142385104845981,3.33575480360633,1.924557,464.0489,1.9252,503.255,1.894775,453.997,"No issues","No issues","No issues"
1088,20,2025-09-28,"high",2025-09-28 00:20:40,2025-09-28 00:30:20,2025-09-28 00:19:10,59,-0.0726886078316854,3685.47552168322,0.00711831358516671,0.985697364778964,0.525214902587324,2.84758807984104e-54,0.00169204457409149,0.875014038845014,1.940076,453.3313,1.945043,473.5385,1.9385,450.1234,"No issues","No issues","No issues"
1088,80,2025-09-29,"low",2025-09-29 15:19:00,2025-09-29 15:28:40,2025-09-29 15:17:30,59,-5.99691391700761,-1938.90048112216,0.90661581098158,0.811358642924186,4.95931578156256e-31,2.63905221805974e-22,0.00379348265514362,1.84269219999124,1.924863,448.3891,1.932362,448.3891,1.892864,430.2727,"No issues","No issues","No issues"
1089,30,2025-09-28,"high",2025-09-28 00:33:00,2025-09-28 00:42:40,2025-09-28 00:31:30,59,-2.62112755581539,3263.49140759789,0.979698655444417,0.979347972031634,6.17811703415292e-50,1.00672627854481e-49,0.000743685917465499,0.934072461125724,1.935935,453.6411,1.93802,471.1467,1.921744,449.9322,"No issues","No issues","No issues"
1089,90,2025-09-29,"low",2025-09-29 15:31:30,2025-09-29 15:41:10,2025-09-29 15:30:00,59,-5.34158430859157,4883.30361005258,0.992253318726967,0.956081566349848,7.30342048474916e-62,2.22304356014465e-40,0.000930254774666354,2.06288459113432,1.9271,457.2775,1.928226,477.881,1.8956,445.7203,"No issues","No issues","No issues"
1090,10,2025-09-29,"low",2025-09-29 15:44:00,2025-09-29 15:53:40,2025-09-29 15:42:30,59,-2.66178807247228,3053.47896294563,0.952349850299667,0.952217004079586,2.27595566560065e-39,2.46406722131708e-39,0.00117352570504557,1.34818319806789,1.930719,450.522,1.932295,464.187,1.915544,444.2603,"No issues","No issues","No issues"
1090,40,2025-09-28,"high",2025-09-28 00:45:20,2025-09-28 00:55:00,2025-09-28 00:43:50,59,2.57002329398006,3085.37364161309,0.991276619906091,0.987621745468916,2.15502557591591e-60,4.62917445529124e-56,0.000475189988911689,0.68081231666685,1.941611,451.7566,1.956311,469.7341,1.939269,449.9343,"No issues","No issues","No issues"
1091,20,2025-09-29,"low",2025-09-29 15:56:30,2025-09-29 15:59:50,2025-09-29 15:55:00,21,26.3660147532468,293.620862337635,0.634430509668238,0.0169006975796555,1.55818240729344e-05,0.574347520527143,0.0140268258531969,1.56947810421387,1.995331,449.4943,2.028157,449.4943,1.954767,443.0381,"No issues","No issues","No issues"
1091,20,2025-09-30,"low",2025-09-29 16:00:00,2025-09-29 16:06:10,2025-09-29 15:55:00,38,44.4976364853921,2733.11732136992,0.99996040244237,0.991802182344665,7.56506393218529e-81,3.70710502670999e-39,0.000355392732275826,0.315372391801969,2.033385,446.904,2.223809,458.8673,2.033385,446.904,"No issues","No issues","No issues"
1091,50,2025-09-28,"high",2025-09-28 00:57:40,2025-09-28 01:07:20,2025-09-28 00:56:10,59,-1.14907606779664,2727.14257767386,0.810151309111383,0.981779446441787,3.16754561537397e-22,2.83112549044791e-51,0.00109636400924323,0.732262705651174,1.937795,451.7191,1.940908,466.7846,1.932352,448.9322,"No issues","No issues","No issues"
1092,30,2025-09-30,"low",2025-09-29 16:09:00,2025-09-29 16:18:40,2025-09-29 16:07:30,59,-2.95985595324381,2764.65729608416,0.973002026137601,0.937001806617645,2.09303004393698e-46,6.55518383734087e-36,0.000971772368860125,1.41292917982345,1.940699,447.7542,1.940699,460.4115,1.916017,442.0855,"No issues","No issues","No issues"
1092,60,2025-09-28,"high",2025-09-28 01:10:00,2025-09-28 01:19:40,2025-09-28 01:08:30,59,12.6026019310345,3890.78939193452,0.994254184587847,0.989262025996871,1.46160251124941e-65,8.0472838637003e-58,0.00188830697098701,0.798966342438756,1.946981,450.6138,2.021801,472.7329,1.940739,448.3023,"No issues","No issues","No issues"
1093,40,2025-09-30,"low",2025-09-29 16:21:30,2025-09-29 16:31:10,2025-09-29 16:20:00,59,18.8258343611922,12319.8738122735,0.988072251983068,0.982439695980719,1.60890629959763e-56,9.88499319960946e-52,0.00407684655749086,3.24641906577363,1.95325,455.79,2.059909,523.0545,1.938719,447.1329,"No issues","No issues","No issues"
1093,70,2025-09-28,"high",2025-09-28 01:22:20,2025-09-28 01:32:00,2025-09-28 01:20:50,59,2.1419675978959,3816.74979310344,0.959230618490478,0.982734771802901,2.66284940364542e-41,6.0976394696056e-52,0.000870369569294737,0.997118897681559,1.943092,453.418,1.954417,474.1874,1.938986,449.0257,"No issues","No issues","No issues"
1094,50,2025-09-30,"low",2025-09-29 16:34:00,2025-09-29 16:43:40,2025-09-29 16:32:30,59,-1.08182040911758,7371.20620362359,0.873640253954111,0.977945201772503,2.79397408230673e-27,6.55560611950466e-49,0.000810920875970474,2.18181589440692,1.937922,460.1075,1.937922,496.5274,1.928618,450.5678,"No issues","No issues","No issues"
1094,80,2025-09-28,"high",2025-09-28 01:34:40,2025-09-28 01:44:20,2025-09-28 01:33:10,59,3.44405650029218,4538.55034015195,0.972006995187063,0.986341687160423,5.87439007526113e-46,7.65241398363035e-55,0.00115198172150068,1.05265788256848,1.941953,452.5462,1.962334,477.8045,1.938519,448.8665,"No issues","No issues","No issues"
1095,60,2025-09-30,"low",2025-09-29 16:46:30,2025-09-29 16:56:10,2025-09-29 16:45:00,59,-3.29574239158395,2181.49804699005,0.889400323759681,0.817541111484321,6.21760905203826e-29,1.01722775525838e-22,0.00229069253669068,2.03127066629955,1.9316,455.1259,1.936356,466.7076,1.913374,451.6974,"No issues","No issues","No issues"
1095,90,2025-09-28,"high",2025-09-28 01:47:00,2025-09-28 01:56:40,2025-09-28 01:45:30,59,-1.97434654821751,3431.75639228521,0.965112203804427,0.968634393084921,3.13140414859162e-43,1.50560228499121e-44,0.000739871853345582,1.21716263801207,1.936496,453.6312,1.937833,470.4924,1.925469,447.7533,"No issues","No issues","No issues"
1096,10,2025-09-28,"high",2025-09-28 01:59:20,2025-09-28 02:09:00,2025-09-28 01:57:50,59,0.117878686148425,2348.27524488602,0.0669341422932029,0.984045557496087,0.047867136192983,6.42092520529013e-53,0.000867466757276253,0.589342105635823,1.938203,450.906,1.941288,463.8866,1.937324,448.328,"No issues","No issues","No issues"
1096,70,2025-09-30,"low",2025-09-29 16:59:00,2025-09-29 17:08:40,2025-09-29 16:57:30,59,-4.79621296551728,6135.45038363528,0.988402686499789,0.97649680252088,7.2232137392931e-57,4.01979204869744e-48,0.00102398938652744,1.87611634412332,1.92637,456.9836,1.92863,488.665,1.899247,448.1004,"No issues","No issues","No issues"
1097,20,2025-09-28,"high",2025-09-28 02:11:40,2025-09-28 02:21:20,2025-09-28 02:10:10,59,0.249201636469899,2881.48872939801,0.0668843506125949,0.981835970104568,0.0479530896663652,2.59113663666802e-51,0.00183460099855014,0.772482796638761,1.938928,451.7487,1.945172,468.0716,1.93799,449.246,"No issues","No issues","No issues"
1097,80,2025-09-30,"low",2025-09-29 17:11:30,2025-09-29 17:21:10,2025-09-29 17:10:00,59,-6.27839865341908,3881.879486616,0.937460443526236,0.963011848269264,5.32161479327738e-36,1.65876476365091e-42,0.00319620824411789,1.49948734563405,1.925607,449.0848,1.932587,471.296,1.89208,444.9768,"No issues","No issues","No issues"
1098,30,2025-09-28,"high",2025-09-28 02:24:00,2025-09-28 02:33:40,2025-09-28 02:22:30,59,-2.20402259263595,2729.60156914085,0.971106789082932,0.983276476016598,1.44852573937077e-45,2.45740774626056e-52,0.000749317209740692,0.701633941268782,1.935688,451.646,1.937302,467.2679,1.92363,449.0099,"No issues","No issues","No issues"
1098,90,2025-09-30,"low",2025-09-29 17:24:00,2025-09-29 17:33:40,2025-09-29 17:22:30,59,-5.39883251431914,5885.41590368204,0.989715547626382,0.983506585504954,2.35195853241202e-58,1.65553084421975e-52,0.00108472712534014,1.50220452374318,1.928023,450.9698,1.930593,481.2055,1.897201,444.8132,"No issues","No issues","No issues"
1099,10,2025-09-30,"low",2025-09-29 17:36:30,2025-09-29 17:46:10,2025-09-29 17:35:00,59,-3.26940074342497,4594.89127013441,0.963656821882803,0.985958499607743,1.00441287343955e-42,1.68402704525918e-54,0.001251421651605,1.08078158448401,1.930548,448.3789,1.932911,473.308,1.912645,444.1664,"No issues","No issues","No issues"
1099,40,2025-09-28,"high",2025-09-28 02:36:20,2025-09-28 02:46:00,2025-09-28 02:34:50,59,2.31523368322621,2747.25403343074,0.98835390767998,0.979793482214048,8.14125778693925e-57,5.40612504346647e-50,0.00049535204588102,0.777611262085467,1.94094,452.0946,1.953772,467.1361,1.938386,448.9612,"No issues","No issues","No issues"
1100,20,2025-09-30,"low",2025-09-29 17:49:00,2025-09-29 17:58:40,2025-09-29 17:47:30,59,37.8053415499707,5265.51160818234,0.975744502665336,0.984633936508831,9.87045827755488e-48,2.19978630946078e-53,0.0117483116284685,1.2964917053449,2.002998,450.1625,2.198234,479.0916,1.957898,446.1023,"No issues","No issues","No issues"
1100,50,2025-09-28,"high",2025-09-28 02:48:40,2025-09-28 02:58:20,2025-09-28 02:47:10,59,-0.903857112799614,2386.02962104032,0.697738805046765,0.973611694440035,1.94095474253145e-16,1.09127354036696e-46,0.00117254574597071,0.774237047483427,1.937426,452.537,1.940619,464.9285,1.933394,448.8336,"No issues","No issues","No issues"
1101,30,2025-09-30,"low",2025-09-29 18:01:30,2025-09-29 18:11:10,2025-09-29 18:00:00,59,-2.75471983167743,4488.21519485679,0.977495705704594,0.987457095102262,1.16529277625162e-48,6.74671010339823e-56,0.000823830681790715,0.997008533608192,1.938792,450.2352,1.938792,475.7871,1.916661,447.7356,"No issues","No issues","No issues"
1101,60,2025-09-28,"high",2025-09-28 03:01:00,2025-09-28 03:10:40,2025-09-28 02:59:30,59,11.1476875371127,3189.91789409699,0.994297067549461,0.983841510446485,1.18058463471518e-65,9.2243602810096e-53,0.00166402971816539,0.805754187025832,1.947468,451.3266,2.012902,470.0795,1.941263,449.149,"No issues","No issues","No issues"
1102,40,2025-09-30,"low",2025-09-29 18:14:00,2025-09-29 18:23:40,2025-09-29 18:12:30,59,15.7357108404441,8864.93015452952,0.979210198435333,0.977514663844542,1.21685442828833e-49,1.13762621482967e-48,0.00451917158355791,2.65001679570161,1.954632,467.1931,2.037584,514.11,1.936753,458.5164,"No issues","No issues","No issues"
1102,70,2025-09-28,"high",2025-09-28 03:13:20,2025-09-28 03:23:00,2025-09-28 03:11:50,59,2.08352615312683,3434.40464570426,0.954071296560702,0.978392124596865,7.96807002963691e-40,3.65698301724919e-49,0.000901023027410894,1.00597289389929,1.943287,454.5764,1.954257,472.3665,1.939237,449.9671,"No issues","No issues","No issues"
1103,50,2025-09-30,"low",2025-09-29 18:26:30,2025-09-29 18:36:10,2025-09-29 18:25:00,59,-0.980947020455946,7429.7174349503,0.898992317464226,0.978630413518766,4.66119468369509e-30,2.6657373444243e-49,0.000648082093653418,2.16394520015493,1.933878,462.2627,1.933878,502.8396,1.92504,454.5829,"No issues","No issues","No issues"
1103,80,2025-09-28,"high",2025-09-28 03:25:40,2025-09-28 03:35:20,2025-09-28 03:24:10,59,3.35121008065448,3992.16623354763,0.971217288603175,0.985967785014929,1.29859995079726e-45,1.65256830396453e-54,0.00113708926482167,0.938697423286636,1.941948,452.403,1.961967,474.7879,1.93897,448.9153,"No issues","No issues","No issues"
1104,60,2025-09-30,"low",2025-09-29 18:39:00,2025-09-29 18:48:40,2025-09-29 18:37:30,59,-1.94150394389256,6128.7571357101,0.553429074799774,0.991159271201753,1.46787401440568e-11,3.15406411822353e-60,0.0034374609239914,1.14085376145252,1.9246,461.4778,1.933754,498.7997,1.916124,460.7025,"No issues","No issues","No issues"
1104,90,2025-09-28,"high",2025-09-28 03:38:00,2025-09-28 03:47:40,2025-09-28 03:36:30,59,-1.8410739170077,3223.08140549385,0.954408152345652,0.980198247509038,6.45899437583107e-40,3.03630770064803e-50,0.000793109237044374,0.902924389425768,1.93622,452.3752,1.937742,469.8012,1.926018,448.5836,"No issues","No issues","No issues"
1105,10,2025-09-28,"high",2025-09-28 03:50:20,2025-09-28 04:00:00,2025-09-28 03:48:50,59,-0.00819310344832211,1965.7159911163,0.00103552577468115,0.964309798049537,0.808818819898859,5.98913727973545e-43,0.00050156619776396,0.745370568074943,1.937629,450.8782,1.939058,460.822,1.937056,448.055,"No issues","No issues","No issues"
1105,70,2025-09-30,"low",2025-09-29 18:51:30,2025-09-29 19:01:10,2025-09-29 18:50:00,59,-4.55220290356527,6157.75971198128,0.974910574634611,0.991403151241997,2.58768655857606e-47,1.42094948313549e-60,0.00143936134308206,1.13019267968309,1.922402,461.3954,1.925392,496.2142,1.897561,457.6986,"No issues","No issues","No issues"
1106,20,2025-09-28,"high",2025-09-28 04:02:40,2025-09-28 04:12:20,2025-09-28 04:01:10,59,-0.121177641145558,3081.53492647573,0.0178589939029193,0.987232054792027,0.312945063234251,1.12006170999298e-55,0.00177119418694629,0.690721909569129,1.937967,450.8849,1.943136,468.237,1.936461,447.7321,"No issues","No issues","No issues"
1106,80,2025-09-30,"low",2025-09-29 19:04:00,2025-09-29 19:13:40,2025-09-29 19:02:30,59,-5.21630279368796,9965.29889140853,0.911127771604699,0.98909627712178,1.20621887004399e-31,1.24531576608154e-57,0.00321100840551308,2.06226135998584,1.920381,460.7178,1.930209,518.6916,1.895988,457.5786,"No issues","No issues","No issues"
1107,30,2025-09-28,"high",2025-09-28 04:15:00,2025-09-28 04:24:40,2025-09-28 04:13:30,59,-2.26715922852141,2758.62580853301,0.966160157843135,0.983653812697163,1.31227025457068e-43,1.28210612237827e-52,0.000836289957245029,0.700914665692194,1.935323,451.6375,1.937354,467.181,1.923162,448.8579,"No issues","No issues","No issues"
1107,90,2025-09-30,"low",2025-09-29 19:16:30,2025-09-29 19:26:10,2025-09-29 19:15:00,59,-3.84418595908832,3732.86145271769,0.967641025886977,0.983141660548897,3.66306977920728e-44,3.08947998895281e-52,0.00138557449437221,0.9634439966455,1.926024,455.7383,1.930484,476.1728,1.906359,452.0136,"No issues","No issues","No issues"
1108,10,2025-09-30,"low",2025-09-29 19:29:00,2025-09-29 19:38:40,2025-09-29 19:27:30,59,-2.2608047130333,3172.29502092342,0.869706740861559,0.969270573327002,6.70796682893377e-27,8.39352504019463e-45,0.001724736927948,1.11330341402517,1.927551,454.8451,1.933561,470.8898,1.917844,450.4319,"No issues","No issues","No issues"
1108,40,2025-09-28,"high",2025-09-28 04:27:20,2025-09-28 04:37:00,2025-09-28 04:25:50,59,2.55980476446516,2613.51733676211,0.990536158138132,0.980586391011486,2.19793828314064e-59,1.72678518930585e-50,0.000493163209349514,0.724804448376845,1.940148,451.5836,1.954902,465.5092,1.93769,448.0751,"No issues","No issues","No issues"
1109,20,2025-09-30,"low",2025-09-29 19:41:30,2025-09-29 19:51:10,2025-09-29 19:40:00,59,27.287248944477,4264.92058071302,0.953036261368981,0.973390554408285,1.50458625376968e-39,1.38444086564992e-46,0.0119391010540959,1.38985839318787,2.008111,460.0066,2.134717,482.4512,1.957946,455.6395,"No issues","No issues","No issues"
1109,50,2025-09-28,"high",2025-09-28 04:39:40,2025-09-28 04:49:20,2025-09-28 04:38:10,59,-0.864941260081869,2196.18039135007,0.682212866773207,0.972353301553238,8.17818090632338e-16,4.11917447193307e-46,0.00116353666364521,0.729899148961989,1.937097,451.7764,1.940348,463.9549,1.933061,449.4557,"No issues","No issues","No issues"
1110,30,2025-09-30,"low",2025-09-29 19:54:00,2025-09-29 20:03:40,2025-09-29 19:52:30,59,-2.64131112098199,3253.70603950904,0.975360114482189,0.962015136155774,1.54536906119933e-47,3.54093667524594e-42,0.000827449815095346,1.27431825435812,1.934843,458.9956,1.934843,475.6373,1.916109,453.8437,"No issues","No issues","No issues"
1110,60,2025-09-28,"high",2025-09-28 04:52:00,2025-09-28 05:01:40,2025-09-28 04:50:30,59,11.3330900198714,3611.84721917005,0.994990004944298,0.985850275679488,2.94113180621306e-67,2.09606260911602e-54,0.00158504970070493,0.852870584895968,1.945234,450.7993,2.012401,471.5831,1.939669,447.3554,"No issues","No issues","No issues"
1111,40,2025-09-30,"low",2025-09-29 20:06:30,2025-09-29 20:16:10,2025-09-29 20:05:00,59,9.90040885563992,6771.29292904732,0.95340638145579,0.94600800712501,1.20061404358644e-39,8.03744623360858e-38,0.00431382555748321,3.18840976961442,1.960934,469.232,2.005065,499.6081,1.940209,455.6225,"No issues","No issues","No issues"
1111,70,2025-09-28,"high",2025-09-28 05:04:20,2025-09-28 05:14:00,2025-09-28 05:02:50,59,1.57838660900053,4242.22697182932,0.954539132136049,0.982168143279439,5.95012725142809e-40,1.53099437277447e-51,0.000678923179865531,1.12663831945932,1.942157,451.5588,1.950082,478.1099,1.93841,449.414,"No issues","No issues","No issues"
1112,50,2025-09-30,"low",2025-09-29 20:19:00,2025-09-29 20:28:40,2025-09-29 20:17:30,59,-1.2622469386324,6314.31898632377,0.886795414084397,0.960634171410332,1.20885988308261e-28,9.80439028604287e-42,0.000888893792754297,2.51937292148788,1.932699,468.1843,1.933263,498.8297,1.924744,457.7293,"No issues","No issues","No issues"
1112,80,2025-09-28,"high",2025-09-28 05:16:40,2025-09-28 05:26:20,2025-09-28 05:15:10,59,2.91290808182341,4658.14253372296,0.965849637569294,0.985397907010028,1.70274579106638e-43,5.1405990427516e-54,0.00107958025996379,1.11763441633073,1.940917,451.3553,1.958278,478.5326,1.937754,447.8825,"No issues","No issues","No issues"
1113,60,2025-09-30,"low",2025-09-29 20:31:30,2025-09-29 20:41:10,2025-09-29 20:30:00,59,-2.31914263939223,5222.17844815895,0.675272309661995,0.92771796514635,1.52119979486065e-15,3.3127128092322e-34,0.00316980764444026,2.87305649734409,1.925179,472.5558,1.934938,494.5291,1.915941,460.355,"No issues","No issues","No issues"
1113,90,2025-09-28,"high",2025-09-28 05:29:00,2025-09-28 05:38:40,2025-09-28 05:27:30,59,-2.15543711046179,3524.96335897135,0.977909074319656,0.984798069400046,6.86877243198879e-49,1.61966437068781e-53,0.000638525626117641,0.86320836836776,1.936124,451.2008,1.936453,471.247,1.923486,448.8736,"No issues","No issues","No issues"
1114,10,2025-09-28,"high",2025-09-28 05:41:20,2025-09-28 05:51:00,2025-09-28 05:39:50,59,-0.149277082408008,2097.97373793101,0.231041272454185,0.968528363902011,0.000116592128337876,1.65769082182385e-44,0.000536766157323012,0.745398977196781,1.936721,450.361,1.938183,461.6072,1.935936,447.4621,"No issues","No issues","No issues"
1114,70,2025-09-30,"low",2025-09-29 20:44:00,2025-09-29 20:53:40,2025-09-29 20:42:30,59,-4.40444223962597,6104.53665552306,0.952131718659287,0.975710833044572,2.59264702326009e-39,1.02686649477913e-47,0.00194648730813032,1.89838244403783,1.922107,466.0228,1.928687,496.6667,1.90087,458.1785,"No issues","No issues","No issues"
1115,20,2025-09-28,"high",2025-09-28 05:53:40,2025-09-28 06:03:20,2025-09-28 05:52:10,59,-0.0791900689655978,2795.46260759789,0.00889973994228106,0.978002931253477,0.477263689880262,6.0835851083687e-49,0.00164712331441369,0.826325722004216,1.937045,451.2883,1.942206,465.8764,1.935978,448.2917,"No issues","No issues","No issues"
1115,80,2025-09-30,"low",2025-09-29 20:56:30,2025-09-29 21:06:10,2025-09-29 20:55:00,59,-4.87024731268268,8330.6262424313,0.888988179203291,0.953164352772398,6.91446072379593e-29,1.39182315707247e-39,0.00339213315472194,3.63971412174321,1.919341,475.4211,1.929816,515.647,1.896819,461.6094,"No issues","No issues","No issues"
1116,30,2025-09-28,"high",2025-09-28 06:06:00,2025-09-28 06:15:40,2025-09-28 06:04:30,59,-2.07640307656345,2039.8740049094,0.95563177728406,0.967172224129328,2.97279148845173e-40,5.52049629497598e-44,0.000881835635458122,0.740725715276892,1.934214,451.0443,1.936421,462.0244,1.923142,448.1286,"No issues","No issues","No issues"
1116,90,2025-09-30,"low",2025-09-29 21:09:00,2025-09-29 21:18:40,2025-09-29 21:07:30,59,-3.68537659848046,2994.23911350087,0.957400857141916,0.946214126813798,9.31426575504352e-41,7.20659529787046e-38,0.00153221833402739,1.40705519384285,1.922399,461.7586,1.927591,475.4605,1.904261,455.8531,"No issues","No issues","No issues"
1117,10,2025-09-30,"low",2025-09-29 21:21:30,2025-09-29 21:31:10,2025-09-29 21:20:00,59,-2.66819156984225,2702.10460502629,0.928607032283928,0.968465174326378,2.32700703191669e-34,1.75527005585014e-44,0.00145818960428782,0.961038148148804,1.924445,461.0921,1.928074,474.8904,1.911123,457.5085,"No issues","No issues","No issues"
1117,40,2025-09-28,"high",2025-09-28 06:18:20,2025-09-28 06:28:00,2025-09-28 06:16:50,59,2.5161078760958,1595.09453091759,0.990008285497996,0.950623077361692,1.03262995513866e-58,6.28270658049537e-39,0.000498213059246655,0.716521977278026,1.939428,451.1972,1.953801,459.4897,1.936875,448.5059,"No issues","No issues","No issues"
1118,20,2025-09-30,"low",2025-09-29 21:34:00,2025-09-29 21:43:40,2025-09-29 21:32:30,59,21.9616367691408,3680.27288836936,0.944467410092413,0.954930364497,1.7934473320598e-37,4.6500822729347e-40,0.0104961598628666,1.57587385451358,1.995809,465.9402,2.093278,483.2982,1.950078,459.9639,"No issues","No issues","No issues"
1118,50,2025-09-28,"high",2025-09-28 06:30:40,2025-09-28 06:40:20,2025-09-28 06:29:10,59,-0.987378291057957,985.932770075966,0.736917480185823,0.882378975008626,3.61759202721281e-18,3.60674771675144e-28,0.00116280100407463,0.709491933922083,1.935838,449.2181,1.938898,453.2569,1.931223,445.1859,"No issues","No issues","No issues"
1119,30,2025-09-30,"low",2025-09-29 21:46:30,2025-09-29 21:56:10,2025-09-29 21:45:00,59,-2.82238047457629,2994.82629012271,0.978939839897773,0.960093155298271,1.75881135459111e-49,1.44705967505694e-41,0.0008159314024768,1.20343850259418,1.929249,462.2755,1.929249,477.3133,1.910119,457.7874,"No issues","No issues","No issues"
1119,60,2025-09-28,"high",2025-09-28 06:43:00,2025-09-28 06:52:40,2025-09-28 06:41:30,59,11.6264919976621,2676.05831256574,0.995907502525987,0.985855236054516,9.21781858164649e-70,2.07521632181292e-54,0.00146898939821263,0.631789068859942,1.943016,448.2811,2.013125,464.2544,1.938218,445.8318,"No issues","No issues","No issues"
1120,40,2025-09-30,"low",2025-09-29 21:59:00,2025-09-29 22:08:40,2025-09-29 21:57:30,59,8.12407333255403,7128.63701694914,0.962256530317611,0.96457863574908,2.95227048935115e-42,4.8274724025556e-43,0.00317127985379412,2.6924991855799,1.948417,468.9185,1.986541,504.6452,1.933409,459.035,"No issues","No issues","No issues"
1120,70,2025-09-28,"high",2025-09-28 06:55:20,2025-09-28 07:05:00,2025-09-28 06:53:50,59,1.69493722969019,1573.77110181179,0.957667159535214,0.878319537971274,7.78882625515839e-41,9.50718205402657e-28,0.000702377002358499,1.15454529577177,1.940656,450.8721,1.949622,458.6232,1.937085,446.2275,"No issues","No issues","No issues"
1121,50,2025-09-30,"low",2025-09-29 22:11:30,2025-09-29 22:21:10,2025-09-29 22:10:00,59,-1.77879421157224,6587.8706777323,0.966285384063596,0.968537743961691,1.1806140211732e-43,1.64365965699549e-44,0.000654888504428631,2.34027545250785,1.927673,472.5641,1.927673,505.9268,1.915346,462.6888,"No issues","No issues","No issues"
1121,80,2025-09-28,"high",2025-09-28 07:07:40,2025-09-28 07:17:20,2025-09-28 07:06:10,59,3.10862099824656,1224.99828778491,0.960375665106817,0.86972167297396,1.18165513715114e-41,6.68603650179989e-27,0.00124455316048321,0.934472829186373,1.94,449.3217,1.959413,454.4231,1.937548,445.763,"No issues","No issues","No issues"
1122,60,2025-09-30,"low",2025-09-29 22:24:00,2025-09-29 22:33:40,2025-09-29 22:22:30,59,-2.50694725423734,5827.22169117474,0.761930116324266,0.959776569802054,2.06512365768444e-19,1.81283949290525e-41,0.00276200914960232,2.35126336568647,1.919934,476.1415,1.927028,503.6604,1.907878,467.4485,"No issues","No issues","No issues"
1122,90,2025-09-28,"high",2025-09-28 07:20:00,2025-09-28 07:29:40,2025-09-28 07:18:30,59,-1.66442151724144,2022.80316259495,0.915604774107891,0.947895125940719,2.75821124689831e-32,2.9130440662739e-38,0.000995986596209134,0.93475524484352,1.935715,449.3626,1.937984,458.5526,1.927184,444.6791,"No issues","No issues","No issues"
1123,10,2025-09-28,"high",2025-09-28 07:32:20,2025-09-28 07:42:00,2025-09-28 07:30:50,59,0.17908583985969,1698.0393482174,0.189194928564888,0.954650394324413,0.000576023813068502,5.54845330239166e-40,0.000730718305687426,0.729453455134092,1.936868,447.1345,1.940037,455.8643,1.936486,444.459,"No issues","No issues","No issues"
1123,70,2025-09-30,"low",2025-09-29 22:36:30,2025-09-29 22:46:10,2025-09-29 22:35:00,59,-4.39875983635307,6433.70030531851,0.964615317255101,0.978796701827137,4.68691915199164e-43,2.13348628517458e-49,0.00166052754303119,1.86638633006996,1.918691,473.8494,1.923494,506.9832,1.895894,466.2925,"No issues","No issues","No issues"
1124,20,2025-09-28,"high",2025-09-28 07:44:40,2025-09-28 07:54:20,2025-09-28 07:43:10,59,0.538284624196328,1054.45998831092,0.184306884530905,0.867043010011768,0.000691411385036593,1.19598101389307e-26,0.00223197769644858,0.813861731541308,1.938104,447.7672,1.945569,451.3978,1.936643,443.7203,"No issues","No issues","No issues"
1124,80,2025-09-30,"low",2025-09-29 22:49:00,2025-09-29 22:58:40,2025-09-29 22:47:30,59,-5.59433182933961,9694.58683623608,0.925250183018883,0.966112113630481,8.63504120110784e-34,1.36645105800013e-43,0.00313407190715735,3.5786814226454,1.916376,477.5721,1.925545,526.7177,1.889466,464.4283,"No issues","No issues","No issues"
1125,30,2025-09-28,"high",2025-09-28 07:57:00,2025-09-28 08:06:40,2025-09-28 07:55:30,59,-2.53295158386911,453.362715604888,0.986749455763074,0.621772522499938,3.22519966884213e-55,1.22144272517202e-13,0.000578529561672456,0.696934289926802,1.935204,446.8313,1.935962,448.5356,1.920781,444.058,"No issues","No issues","No issues"
1125,90,2025-09-30,"low",2025-09-29 23:01:30,2025-09-29 23:11:10,2025-09-29 23:00:00,59,-3.75906100292231,3024.56869479835,0.954920566004902,0.958940976394795,4.67900420981613e-40,3.2586143540998e-41,0.00160979373897947,1.23355091449679,1.920187,463.7585,1.926088,478.0122,1.901957,458.4526,"No issues","No issues","No issues"
1126,10,2025-09-30,"low",2025-09-29 23:14:00,2025-09-29 23:23:40,2025-09-29 23:12:30,59,-2.59491921917015,2462.43570122734,0.884827909963345,0.92746641653299,1.97747954032321e-28,3.65797139587158e-34,0.00184524193838903,1.35728367680362,1.92264,460.873,1.928901,471.352,1.911259,455.2339,"No issues","No issues","No issues"
1126,40,2025-09-28,"high",2025-09-28 08:09:20,2025-09-28 08:19:00,2025-09-28 08:07:50,59,3.33640290824069,947.523147632955,0.991385293027951,0.893031730360883,1.50753456063122e-60,2.39636907685846e-29,0.000613003234911822,0.646352041866353,1.939922,446.2188,1.959765,450.4617,1.937087,442.7166,"No issues","No issues","No issues"
1127,20,2025-09-30,"low",2025-09-29 23:26:30,2025-09-29 23:36:10,2025-09-29 23:25:00,59,20.8731346253652,3497.46078971359,0.957530055813422,0.923425721476773,8.54130045595384e-41,1.71850830058036e-33,0.00866438153892851,1.98508260564757,1.985009,460.6454,2.082842,475.2805,1.947578,451.7258,"No issues","No issues","No issues"
1127,50,2025-09-28,"high",2025-09-28 08:21:40,2025-09-28 08:31:20,2025-09-28 08:20:10,59,-0.642372638223273,-546.859786323796,0.470186208825143,0.78370697601652,2.06791239635191e-09,1.3234986690363e-20,0.00134399909596141,0.566246648962528,1.936447,445.2587,1.940259,445.2587,1.93401,439.3482,"No issues","No issues","No issues"
1128,30,2025-09-30,"low",2025-09-29 23:39:00,2025-09-29 23:48:40,2025-09-29 23:37:30,59,-2.95289598129749,2952.88870976036,0.96370483771644,0.92242569858703,9.67248957793341e-43,2.48871226380837e-33,0.00112949875610949,1.68781784981068,1.930796,458.9889,1.931377,471.1322,1.912981,451.4465,"No issues","No issues","No issues"
1128,60,2025-09-28,"high",2025-09-28 08:34:00,2025-09-28 08:43:40,2025-09-28 08:32:30,59,15.6532601940385,2229.9919784921,0.996773355032723,0.968500357097091,1.0524090675923e-72,1.70027595737711e-44,0.0017553650276927,0.792668280812907,1.941834,445.727,2.03795,456.9556,1.937868,442.2257,"No issues","No issues","No issues"
1129,40,2025-09-30,"low",2025-09-29 23:51:30,2025-09-30 00:01:10,2025-09-29 23:50:00,59,8.34877039392163,7588.19078994739,0.982540887075437,0.968420786054056,8.38347105023897e-52,1.82710564296189e-44,0.00219352983011252,2.7007980092142,1.946537,465.1498,1.991288,502.8745,1.937311,454.0847,"No issues","No issues","No issues"
1129,70,2025-09-28,"high",2025-09-28 08:46:20,2025-09-28 08:56:00,2025-09-28 08:44:50,59,2.98475389830499,193.843070952642,0.969268615130231,0.295360959997628,8.40879032769873e-45,8.66689216000008e-06,0.00104752108907662,0.590122730367732,1.941951,445.5682,1.959052,446.8245,1.937959,443.615,"No issues","No issues","No issues"
1130,50,2025-09-30,"low",2025-09-30 00:04:00,2025-09-30 00:13:40,2025-09-30 00:02:30,59,-1.64886244769154,6741.67807925188,0.875734690552243,0.957229498860329,1.73318702715551e-27,1.04442017178575e-40,0.00122421686919739,2.80877790279476,1.932851,467.4664,1.936298,498.3714,1.925199,454.36,"No issues","No issues","No issues"
1130,80,2025-09-28,"high",2025-09-28 08:58:40,2025-09-28 09:08:20,2025-09-28 08:57:10,59,5.20899792869659,810.235567504381,0.980243586104185,0.697460281291854,2.84422531979583e-50,1.99295799308375e-16,0.00145756017844885,1.05178753447908,1.94144,445.5417,1.974132,449.0212,1.938528,441.8468,"No issues","No issues","No issues"
1131,60,2025-09-30,"low",2025-09-30 00:16:30,2025-09-30 00:26:10,2025-09-30 00:15:00,59,-2.34489297019286,5217.07160724722,0.616908011954043,0.902195296054262,1.76467395793895e-13,1.85740168324794e-30,0.00364208108541951,3.38564677687346,1.926176,471.9742,1.940007,490.7008,1.920112,455.925,"No issues","No issues","No issues"
1131,90,2025-09-28,"high",2025-09-28 09:11:00,2025-09-28 09:20:40,2025-09-28 09:09:30,59,-1.77563260783172,2278.23367855054,0.947054479854712,0.961076014945581,4.59867390474457e-38,7.1058232246913e-42,0.000827495225299996,0.903677154520341,1.938229,447.4015,1.938993,458.1644,1.927555,443.0067,"No issues","No issues","No issues"
1132,10,2025-09-28,"high",2025-09-28 09:23:20,2025-09-28 09:33:00,2025-09-28 09:21:50,59,0.822908240794847,2374.43975032144,0.841309205757774,0.966368155760791,1.87917223174907e-24,1.1006906456401e-43,0.000704424924807577,0.873072777131548,1.93886,446.118,1.944439,458.2537,1.937678,441.8224,"No issues","No issues","No issues"
1132,70,2025-09-30,"low",2025-09-30 00:29:00,2025-09-30 00:38:40,2025-09-30 00:27:30,59,-3.99771992051441,5145.39010730564,0.903685395261106,0.927137660162181,1.19821383547039e-30,4.16186429696644e-34,0.00257237963256462,2.8430402571887,1.922101,470.2646,1.930548,492.6319,1.903922,458.0155,"No issues","No issues","No issues"
1133,20,2025-09-28,"high",2025-09-28 09:35:40,2025-09-28 09:45:20,2025-09-28 09:34:10,59,1.33003786323776,1504.35620058444,0.534648627437695,0.9423918388113,4.82645505275901e-11,5.10890337116695e-37,0.00244571322801652,0.733098254099126,1.939512,446.0964,1.950082,453.0795,1.937454,442.5953,"No issues","No issues","No issues"
1133,80,2025-09-30,"low",2025-09-30 00:41:30,2025-09-30 00:51:10,2025-09-30 00:40:00,59,-4.27762764231448,6788.9266590298,0.855617580667338,0.920045710101341,1.26148573662923e-25,5.89584765555928e-33,0.00346342303907665,3.94459623977257,1.918259,477.0793,1.931,503.8146,1.901694,459.0128,"No issues","No issues","No issues"
1134,30,2025-09-28,"high",2025-09-28 09:48:00,2025-09-28 09:57:40,2025-09-28 09:46:30,59,-1.92496725657517,1706.11575359437,0.937929300984698,0.953235427777229,4.29334890886558e-36,1.33281838610495e-39,0.00097603832170418,0.744821398189028,1.936743,445.5978,1.938887,454.5718,1.926375,442.3054,"No issues","No issues","No issues"
1134,90,2025-09-30,"low",2025-09-30 00:54:00,2025-09-30 01:03:40,2025-09-30 00:52:30,59,-3.56200689187626,2580.70407106953,0.940232536856185,0.880636812956267,1.45969132450008e-36,5.48926024592999e-28,0.00177008770352067,1.87266566723308,1.923547,457.7793,1.930051,466.7985,1.906931,449.1697,"No issues","No issues","No issues"
1135,10,2025-09-30,"low",2025-09-30 01:06:30,2025-09-30 01:16:10,2025-09-30 01:05:00,59,-2.43860086499136,2439.58666323785,0.881138587381896,0.94709808064949,4.8669126621356e-28,4.49185733824021e-38,0.00176532354391784,1.1364222894479,1.926098,456.4,1.931538,467.7574,1.914875,451.6057,"No issues","No issues","No issues"
1135,40,2025-09-28,"high",2025-09-28 10:00:20,2025-09-28 10:10:00,2025-09-28 09:58:50,59,6.0596480935125,1949.20758199882,0.995452431286054,0.946741970604744,1.86107231612379e-68,5.43931399218287e-38,0.000807257408576557,0.911213362325527,1.94198,445.6602,1.978578,455.7063,1.939318,441.821,"No issues","No issues","No issues"
1136,20,2025-09-30,"low",2025-09-30 01:19:00,2025-09-30 01:28:40,2025-09-30 01:17:30,59,19.7761429620105,3463.88880981881,0.962934328393842,0.964562318400107,1.76082055201277e-42,4.89129494225759e-43,0.00764741135400187,1.30862949411203,1.980677,456.88,2.076926,474.0049,1.94972,451.6113,"No issues","No issues","No issues"
1136,50,2025-09-28,"high",2025-09-28 10:12:40,2025-09-28 10:22:20,2025-09-28 10:11:10,59,1.82841033313851,595.58681098771,0.806410573969076,0.636191466666788,5.53600163007026e-22,3.99085217387119e-14,0.00176571917251105,0.887713550774215,1.939742,443.3911,1.95359,446.6601,1.938633,441.0106,"No issues","No issues","No issues"
1137,30,2025-09-30,"low",2025-09-30 01:31:30,2025-09-30 01:41:10,2025-09-30 01:30:00,59,-2.95019541320864,2927.44413699589,0.978873802026398,0.970711806740791,1.92302173352291e-49,2.13338643635069e-45,0.000854246798435267,1.00224756011946,1.932988,455.9333,1.932988,470.526,1.91362,452.1096,"No issues","No issues","No issues"
1137,60,2025-09-28,"high",2025-09-28 10:25:00,2025-09-28 10:34:40,2025-09-28 10:23:30,59,20.6353861648159,2385.25141507889,0.995814671710057,0.980905139455183,1.74690510679987e-69,1.07711292996782e-50,0.00263677675365792,0.655940065849045,1.948464,444.8831,2.077486,458.3468,1.943113,442.8495,"No issues","No issues","No issues"
1138,40,2025-09-30,"low",2025-09-30 01:44:00,2025-09-30 01:53:40,2025-09-30 01:42:30,59,7.89007072355342,5649.86238690821,0.977706612563708,0.937936199692308,8.90930411399789e-49,4.27975502276543e-36,0.0023482801560507,2.86454507126114,1.947571,464.2035,1.988587,489.8207,1.937466,452.3637,"No issues","No issues","No issues"
1138,70,2025-09-28,"high",2025-09-28 10:37:20,2025-09-28 10:47:00,2025-09-28 10:35:50,59,5.74347459029805,1120.19665318526,0.984056051143164,0.892089880369962,6.30161356308303e-53,3.07807732508204e-29,0.00144094693874457,0.7679029001965,1.945957,445.5795,1.980201,450.571,1.941216,441.8664,"No issues","No issues","No issues"
1139,50,2025-09-30,"low",2025-09-30 01:56:30,2025-09-30 02:06:10,2025-09-30 01:55:00,59,-1.81327644652252,5218.26934050261,0.934195089571136,0.941138139837644,2.27365062377641e-35,9.44235966989986e-37,0.000948548710299677,2.57218411815504,1.931664,467.9084,1.932015,491.1031,1.920142,456.6522,"No issues","No issues","No issues"
1139,80,2025-09-28,"high",2025-09-28 10:49:40,2025-09-28 10:59:20,2025-09-28 10:48:10,59,7.92299967738156,874.439907422554,0.986720517659498,0.857383929729959,3.43213604570416e-55,8.87350720365327e-26,0.00181162534583052,0.702929531414948,1.944445,445.0273,1.994094,448.4016,1.941116,441.8964,"No issues","No issues","No issues"
1140,60,2025-09-30,"low",2025-09-30 02:09:00,2025-09-30 02:18:40,2025-09-30 02:07:30,59,-2.71026852133259,4803.62947890123,0.77648775459939,0.934155172761463,3.38862672543441e-20,2.31333452784713e-35,0.00286603132350901,2.51365735680966,1.926635,469.3611,1.934558,489.2368,1.914296,457.5405,"No issues","No issues","No issues"
1141,70,2025-09-30,"low",2025-09-30 02:21:30,2025-09-30 02:31:10,2025-09-30 02:20:00,59,-4.15579758270025,4864.50007153711,0.944569454872042,0.942893930079817,1.70176979315606e-37,3.97984873728695e-37,0.00198425401944728,2.35957174481701,1.918406,472.6429,1.924161,495.1234,1.897655,462.7198,"No issues","No issues","No issues"
1142,20,2025-09-28,"high",2025-09-28 11:59:10,2025-09-28 12:08:50,2025-09-28 11:57:40,59,2.66018732437166,2668.84585669199,0.811744205363465,0.964252661446631,2.48900124427232e-22,6.26867656052837e-43,0.00252500390518639,1.01282679232399,1.944354,449.6725,1.961955,462.0398,1.940959,444.3506,"No issues","No issues","No issues"
1142,80,2025-09-30,"low",2025-09-30 02:34:00,2025-09-30 02:43:40,2025-09-30 02:32:30,59,-4.47700662536532,6753.20861624781,0.913215116667582,0.961627820251632,6.1202750371824e-32,4.72901369544294e-42,0.00272024793698001,2.65888863617241,1.919464,470.0005,1.927295,502.9797,1.897912,460.4905,"No issues","No issues","No issues"
1143,30,2025-09-28,"high",2025-09-28 12:11:30,2025-09-28 12:21:10,2025-09-28 12:10:00,59,-1.95485327410878,3135.48129888952,0.929090354185693,0.95854260470783,1.91694831149428e-34,4.29172388210002e-41,0.00106444470247725,1.28524157930071,1.940298,447.7781,1.941015,464.078,1.928422,443.6777,"No issues","No issues","No issues"
1143,90,2025-09-30,"low",2025-09-30 02:46:30,2025-09-30 02:56:10,2025-09-30 02:45:00,59,-3.6399446405611,2553.29673874925,0.950390344605546,0.912755724608262,7.18456527637963e-39,7.1157809843841e-32,0.00163912521975513,1.55588586121373,1.924063,455.1009,1.930024,464.9588,1.906581,448.1071,"No issues","No issues","No issues"
1144,10,2025-09-30,"low",2025-09-30 02:59:00,2025-09-30 03:08:40,2025-09-30 02:57:30,59,-2.70776539567506,2443.30686241962,0.903954922226129,0.935204225774672,1.10607992411881e-30,1.46290662938423e-35,0.00173964430462113,1.26760336300241,1.926983,453.455,1.932824,463.6713,1.914957,447.0804,"No issues","No issues","No issues"
1144,40,2025-09-28,"high",2025-09-28 12:23:50,2025-09-28 12:33:30,2025-09-28 12:22:20,59,9.81158753477496,2372.50930870835,0.995169600479232,0.950164053384237,1.03903614955258e-67,8.18051537002506e-39,0.00134730994349334,1.07094024541344,1.944307,449.3755,2.003584,460.3243,1.939535,443.4078,"No issues","No issues","No issues"
1145,20,2025-09-30,"low",2025-09-30 03:11:30,2025-09-30 03:21:10,2025-09-30 03:10:00,59,18.2287174471068,3276.98712799531,0.959753637602511,0.926881282842244,1.84254860616868e-41,4.60067018937741e-34,0.00735740737009755,1.8141041525951,1.976581,454.9484,2.06383,469.1225,1.945587,447.6575,"No issues","No issues","No issues"
1145,50,2025-09-28,"high",2025-09-28 12:36:10,2025-09-28 12:45:50,2025-09-28 12:34:40,59,3.31499530099354,995.352793921678,0.935411812843898,0.893450021798409,1.33491274603299e-35,2.14269368493541e-29,0.00171689326140693,0.67749149411514,1.944608,444.8669,1.965643,451.1391,1.941364,443.2131,"No issues","No issues","No issues"
1146,30,2025-09-30,"low",2025-09-30 03:24:00,2025-09-30 03:33:40,2025-09-30 03:22:30,59,-2.96390074576274,2746.57863892459,0.969370534264801,0.940959623447823,7.64881665896452e-45,1.02944140892236e-36,0.00103842160675764,1.35602082667677,1.931367,455.0756,1.931367,468.1136,1.912874,449.6965,"No issues","No issues","No issues"
1146,60,2025-09-28,"high",2025-09-28 12:48:30,2025-09-28 12:58:10,2025-09-28 12:47:00,59,27.5805014517825,3259.36890052599,0.997400562041397,0.985090180793715,2.22181786446038e-75,9.31561103467264e-54,0.00277518754924634,0.7903454682641,1.95528,447.7542,2.12579,466.7492,1.948861,444.9551,"No issues","No issues","No issues"
1147,40,2025-09-30,"low",2025-09-30 03:36:30,2025-09-30 03:46:10,2025-09-30 03:35:00,59,7.31110992869662,5814.48842174166,0.970269588153157,0.964828869617473,3.27079124853002e-45,3.94380252040007e-43,0.00252245149328909,2.18808800231303,1.945805,463.6605,1.9819,493.2734,1.934696,455.6687,"No issues","No issues","No issues"
1147,70,2025-09-28,"high",2025-09-28 13:00:50,2025-09-28 13:10:30,2025-09-28 12:59:20,59,9.68538849327872,2668.67946978373,0.989810243899113,0.985862206273465,1.80681712605459e-58,2.04626129756679e-54,0.00193690457241579,0.629889519814852,1.953376,446.541,2.009179,462.373,1.945005,444.1198,"No issues","No issues","No issues"
1148,50,2025-09-30,"low",2025-09-30 03:49:00,2025-09-30 03:58:40,2025-09-30 03:47:30,59,-1.84438751607252,5435.34759836352,0.947405080540361,0.952972512211214,3.80470068449147e-38,1.56394304609116e-39,0.000856527819183889,2.3798428628733,1.929583,466.0993,1.930322,491.6785,1.918851,455.9745,"No issues","No issues","No issues"
1148,80,2025-09-28,"high",2025-09-28 13:13:10,2025-09-28 13:22:50,2025-09-28 13:11:40,59,10.0399021858562,2632.19276493277,0.98865183710259,0.979879567497832,3.88928962935196e-57,4.78656488286361e-50,0.00212009748061842,0.743421732274417,1.95069,445.6424,2.010713,461.7641,1.943808,444.0061,"No issues","No issues","No issues"
1149,60,2025-09-30,"low",2025-09-30 04:01:30,2025-09-30 04:11:10,2025-09-30 04:00:00,59,-2.51760359088266,4871.13797498537,0.721002771578583,0.92664375899019,1.94949222446587e-17,5.04681211841304e-34,0.00308676866720814,2.70133110521826,1.924282,467.7514,1.934147,487.3424,1.914585,455.9502,"No issues","No issues","No issues"
1149,90,2025-09-28,"high",2025-09-28 13:25:30,2025-09-28 13:35:10,2025-09-28 13:24:00,59,-0.750553416715434,2506.12466160139,0.613962960678672,0.970757837002203,2.20007468825194e-13,2.0398187663118e-45,0.00117303309475568,0.857308679897089,1.943656,446.9031,1.944749,461.2428,1.938458,444.685,"No issues","No issues","No issues"
1150,10,2025-09-28,"high",2025-09-28 13:37:50,2025-09-28 13:47:30,2025-09-28 13:36:20,59,3.34726931151368,3493.94182022208,0.980373933685747,0.972074260957829,2.35506436109511e-50,5.4849192562905e-46,0.000933462048042972,1.16722220590959,1.946087,449.2868,1.965064,468.3484,1.941994,445.1594,"No issues","No issues","No issues"
1150,70,2025-09-30,"low",2025-09-30 04:14:00,2025-09-30 04:23:40,2025-09-30 04:12:30,59,-4.97102273758041,7181.47276306252,0.973409997310596,0.976232552169028,1.35588559016014e-46,5.52897863227365e-48,0.00161935585385474,2.20858137951005,1.92153,463.7466,1.927172,500.2014,1.896532,454.1945,"No issues","No issues","No issues"
1151,20,2025-09-28,"high",2025-09-28 13:50:10,2025-09-28 13:59:50,2025-09-28 13:48:40,59,3.62797084278195,1796.58352215078,0.916442753221202,0.925295088324324,2.07455072962666e-32,8.48821581775223e-34,0.00215917794073165,1.00616016348009,1.947377,449.5724,1.969944,456.9817,1.943103,445.0589,"No issues","No issues","No issues"
1151,80,2025-09-30,"low",2025-09-30 04:26:30,2025-09-30 04:36:10,2025-09-30 04:25:00,59,-5.42391022793695,9245.60163646989,0.92346352815318,0.965486398911049,1.69445689053465e-33,2.30242208198758e-43,0.00307767030740665,3.44542254467006,1.92107,467.2098,1.931562,512.3705,1.896015,453.2812,"No issues","No issues","No issues"
1152,30,2025-09-28,"high",2025-09-28 14:02:30,2025-09-28 14:12:10,2025-09-28 14:01:00,59,-1.0299637451783,3734.5654162478,0.693983729327098,0.957920091846407,2.76663946402894e-16,6.56510738588456e-41,0.00134804630130231,1.54275896217809,1.941302,448.2676,1.944172,468.5263,1.935918,443.4964,"No issues","No issues","No issues"
1152,90,2025-09-30,"low",2025-09-30 04:39:00,2025-09-30 04:48:40,2025-09-30 04:37:30,59,-4.30961937580367,3276.42878503797,0.968765168430212,0.951429383492818,1.33649689243913e-44,3.92810156953578e-39,0.00152522704685346,1.45909818531683,1.925996,453.7306,1.931833,468.1017,1.90456,446.5376,"No issues","No issues","No issues"
1153,10,2025-09-30,"low",2025-09-30 04:51:30,2025-09-30 05:01:10,2025-09-30 04:50:00,59,-2.78641868381073,2666.34091315019,0.906466917278059,0.954685217122627,5.19009327361411e-31,5.42820650995344e-40,0.00176416123527713,1.144961242875,1.928042,452.7819,1.933713,464.5252,1.91543,447.7989,"No issues","No issues","No issues"
1153,40,2025-09-28,"high",2025-09-28 14:14:50,2025-09-28 14:24:30,2025-09-28 14:13:20,59,12.9102687457627,2888.16364699005,0.995700025984072,0.976620463626195,3.77379303362837e-69,3.45845377634811e-48,0.00167220376018307,0.880769142920766,1.950856,448.6019,2.02808,463.8105,1.945356,445.0932,"No issues","No issues","No issues"
1154,20,2025-09-30,"low",2025-09-30 05:04:00,2025-09-30 05:13:40,2025-09-30 05:02:30,59,18.3771628474576,3334.2627029807,0.96676166921287,0.951900164549707,7.86869760681016e-44,2.97524939647369e-39,0.0067161998643826,1.47727437746511,1.975765,454.5441,2.066673,470.3733,1.948841,448.6943,"No issues","No issues","No issues"
1154,50,2025-09-28,"high",2025-09-28 14:27:10,2025-09-28 14:36:50,2025-09-28 14:25:40,59,3.73651216832254,1658.28873313851,0.960622259733077,0.939242512824738,9.88935321168622e-42,2.33253708313192e-36,0.001491079259844,0.831297429436696,1.947116,446.4825,1.970358,455.3975,1.943078,443.6235,"No issues","No issues","No issues"
1155,30,2025-09-30,"low",2025-09-30 05:16:30,2025-09-30 05:26:10,2025-09-30 05:15:00,59,-2.96468597077731,2792.7127041496,0.968173665722683,0.946344844318142,2.28190897716693e-44,6.72331448960801e-38,0.00105945040626678,1.31066751809483,1.931691,455.4751,1.932062,467.8372,1.913968,449.8091,"No issues","No issues","No issues"
1155,60,2025-09-28,"high",2025-09-28 14:39:30,2025-09-28 14:49:10,2025-09-28 14:38:00,59,26.1390777790765,3217.36920911745,0.992588250751156,0.972091163630235,2.07204356227924e-62,5.39104100147641e-46,0.00445196059266281,1.07449283709411,1.969119,447.8822,2.119519,465.0154,1.953797,444.5445,"No issues","No issues","No issues"
1156,40,2025-09-30,"low",2025-09-30 05:29:00,2025-09-30 05:38:40,2025-09-30 05:27:30,59,7.55275977089418,7337.40880607831,0.979580206894549,0.969113082887605,7.29268972711473e-50,9.71072015636458e-45,0.00214929780891085,2.58183227852791,1.945953,461.9903,1.985531,498.8665,1.936276,452.3556,"No issues","No issues","No issues"
1156,70,2025-09-28,"high",2025-09-28 14:51:50,2025-09-28 15:01:30,2025-09-28 14:50:20,59,9.04740554061947,1956.19138842779,0.991012702246482,0.926632527450431,5.03989866401466e-60,5.06891052545245e-34,0.00169818213848666,1.08491223701588,1.95609,447.2703,2.0074,458.1285,1.948049,444.5298,"No issues","No issues","No issues"
1157,50,2025-09-30,"low",2025-09-30 05:41:30,2025-09-30 05:51:10,2025-09-30 05:40:00,59,-2.16061757568679,6002.45346487432,0.964648286300244,0.968634679476621,4.56396715559071e-43,1.50521032174695e-44,0.000815237030071914,2.12891791377324,1.930038,463.9012,1.930243,493.5971,1.916939,455.2204,"No issues","No issues","No issues"
1157,80,2025-09-28,"high",2025-09-28 15:04:10,2025-09-28 15:13:50,2025-09-28 15:02:40,59,9.67497151139676,1743.8505369959,0.990974057086721,0.956364221518386,5.69558538641819e-60,1.84913575488649e-40,0.00181991079042477,0.734182823650126,1.952186,445.7304,2.009773,455.5622,1.945849,443.9889,"No issues","No issues","No issues"
1158,60,2025-09-30,"low",2025-09-30 05:54:00,2025-09-30 06:03:40,2025-09-30 05:52:30,59,-2.72103241613099,5073.42077568673,0.816604830283966,0.950545313757651,1.17762937176023e-22,6.57115489923271e-39,0.00254159850497817,2.28088533223587,1.923903,466.3776,1.931649,487.7622,1.911921,455.3192,"No issues","No issues","No issues"
1158,90,2025-09-28,"high",2025-09-28 15:16:30,2025-09-28 15:26:10,2025-09-28 15:15:00,59,-0.793980147282355,2560.77182840442,0.641663926815814,0.968241421196406,2.58049576883958e-14,2.14736158439607e-44,0.00116946264099886,0.914102382226581,1.944124,446.9852,1.94519,461.0172,1.938643,443.9521,"No issues","No issues","No issues"
1159,10,2025-09-28,"high",2025-09-28 15:28:50,2025-09-28 15:38:30,2025-09-28 15:27:20,59,3.18497264289877,3813.41725774399,0.980608520660353,0.987315995938424,1.67153893755311e-50,9.28072581523585e-56,0.000882772107355038,0.851921705964287,1.947248,447.6813,1.965413,469.3443,1.943439,445.1785,"No issues","No issues","No issues"
1159,70,2025-09-30,"low",2025-09-30 06:06:30,2025-09-30 06:16:10,2025-09-30 06:05:00,59,-4.46473843132682,6035.60728088835,0.964616339315331,0.974068056317457,4.68306001199849e-43,6.63600975119189e-47,0.00168540916388444,1.94101599613117,1.919596,464.5333,1.924453,493.9541,1.896882,456.4451,"No issues","No issues","No issues"
1160,20,2025-09-28,"high",2025-09-28 15:41:10,2025-09-28 15:50:50,2025-09-28 15:39:40,59,4.47977031443595,2238.16175242548,0.930456419952401,0.971486789533652,1.10034067381121e-34,9.93065990259637e-46,0.00241391241107936,0.755755535027871,1.948157,448.1555,1.975847,459.7967,1.943185,444.5384,"No issues","No issues","No issues"
1160,80,2025-09-30,"low",2025-09-30 06:19:00,2025-09-30 06:28:40,2025-09-30 06:17:30,59,-5.03192640561084,4060.21635815312,0.932204345219661,0.903309370956725,5.32183752311912e-35,1.33921452931815e-30,0.0026746373529118,2.61823345634565,1.919244,467.239,1.926987,480.0094,1.894537,452.2298,"No issues","No issues","No issues"
1161,30,2025-09-28,"high",2025-09-28 15:53:30,2025-09-28 15:59:50,2025-09-28 15:52:00,39,-0.8075968906883,2041.47424129555,0.535476707391428,0.916012073956077,1.20496681703872e-07,1.70196631911126e-21,0.000979818245656084,0.805228545792211,1.941969,447.9964,1.942754,453.9622,1.93793,444.2166,"No issues","No issues","No issues"
1161,30,2025-09-29,"high",2025-09-28 16:00:00,2025-09-28 16:03:10,2025-09-28 15:52:00,20,-1.68674237593998,2800.34547969918,0.983483226632554,0.978363567335686,1.70944227717067e-17,1.94633132204731e-16,0.00014588477312622,0.277930615265536,1.93787,453.9224,1.93787,460.2425,1.934251,453.9224,"No issues","No issues","No issues"
1161,90,2025-09-30,"low",2025-09-30 06:31:30,2025-09-30 06:41:10,2025-09-30 06:30:00,59,-3.70647011572182,2193.52365447106,0.955145999048607,0.898846607499562,4.05556992019691e-40,4.85705957493938e-30,0.0015831113876878,1.4503573265871,1.92228,452.0051,1.927713,460.2673,1.904089,444.791,"No issues","No issues","No issues"
1162,10,2025-09-30,"low",2025-09-30 06:44:00,2025-09-30 06:53:40,2025-09-30 06:42:30,59,-2.79015544593815,1393.46485563996,0.907609970786911,0.857404918462223,3.65357102544007e-31,8.8362600666161e-26,0.00175459375399895,1.12005813342586,1.925098,448.6287,1.929573,452.8632,1.911074,443.0444,"No issues","No issues","No issues"
1162,40,2025-09-29,"high",2025-09-28 16:05:50,2025-09-28 16:15:30,2025-09-28 16:04:20,59,14.3474602828755,2442.70413278783,0.996445122050615,0.977236851917323,1.66474905370459e-71,1.61453676304795e-48,0.00168906336433135,0.734805447809063,1.94979,446.8799,2.036844,460.3577,1.945223,444.2081,"No issues","No issues","No issues"
1163,20,2025-09-30,"low",2025-09-30 06:56:30,2025-09-30 07:06:10,2025-09-30 06:55:00,59,19.1116724254821,783.967190181171,0.96893022358144,0.558332538530572,1.14908617627435e-44,1.06714770151058e-11,0.00674538530238916,1.37430895764808,1.971779,450.4738,2.067049,450.4738,1.94464,442.5525,"No issues","No issues","No issues"
1163,50,2025-09-29,"high",2025-09-28 16:18:10,2025-09-28 16:27:50,2025-09-28 16:16:40,59,3.27878001636465,1130.72573793102,0.962492551265852,0.913832833729175,2.46866574725899e-42,4.99131211277152e-32,0.0012757265955301,0.684352819175745,1.948295,446.7262,1.965794,451.9214,1.941722,443.6013,"No issues","No issues","No issues"
1164,30,2025-09-30,"low",2025-09-30 07:09:00,2025-09-30 07:18:40,2025-09-30 07:07:30,59,-3.2108704243133,1179.86314997076,0.955050247334196,0.739574884563831,4.30990075185692e-40,2.7040374398195e-18,0.00137296219452448,1.37996238698515,1.932265,450.6441,1.933668,452.2292,1.913658,443.139,"No issues","No issues","No issues"
1164,60,2025-09-29,"high",2025-09-28 16:30:30,2025-09-28 16:40:10,2025-09-28 16:29:00,59,24.4145277194622,3270.10224476913,0.993139042921708,0.992256577311037,2.29353876293034e-63,7.2163578745226e-62,0.00399964004118137,0.569378518907919,1.96654,446.4224,2.10665,465.5493,1.950124,444.8789,"No issues","No issues","No issues"
1165,40,2025-09-30,"low",2025-09-30 07:21:30,2025-09-30 07:31:10,2025-09-30 07:20:00,59,8.75151912098186,3233.37805353594,0.985330604302278,0.869215452620888,5.86065011700068e-54,7.46950346346894e-27,0.00210466911562027,2.4720442494006,1.947553,457.0299,1.995322,466.8479,1.938924,444.41,"No issues","No issues","No issues"
1165,70,2025-09-29,"high",2025-09-28 16:42:50,2025-09-28 16:52:30,2025-09-28 16:41:20,59,8.43511434248964,3629.80357311512,0.984498513489737,0.987584110303048,2.8249772317e-53,5.04762393461109e-56,0.00208619726408586,0.802177093267867,1.955249,447.7,1.999813,468.0687,1.944391,443.6752,"No issues","No issues","No issues"
1166,50,2025-09-30,"low",2025-09-30 07:34:00,2025-09-30 07:43:40,2025-09-30 07:32:30,59,-2.20793053886619,1870.73487036818,0.945456726037395,0.773887600493713,1.07393433808949e-37,4.7193056094575e-20,0.00104525062638617,1.99306169863848,1.932812,458.6691,1.934964,460.7688,1.920788,446.4391,"No issues","No issues","No issues"
1166,80,2025-09-29,"high",2025-09-28 16:55:10,2025-09-28 17:04:50,2025-09-28 16:53:40,59,8.63402522033895,3909.57581203973,0.989989343054002,0.993249326850103,1.08991283276026e-58,1.44514221301918e-63,0.00171125448359184,0.6352713892436,1.949963,444.3153,1.999479,468.2111,1.942682,444.1368,"No issues","No issues","No issues"
1167,60,2025-09-30,"low",2025-09-30 07:46:30,2025-09-30 07:56:10,2025-09-30 07:45:00,59,-3.18398442080664,-2852.02117872592,0.866748585821874,0.910300461905624,1.27401275558401e-26,1.57146239576929e-31,0.00246062557198914,1.76457744793565,1.926546,460.2414,1.934566,460.2414,1.912795,431.4091,"No issues","No issues","No issues"
1167,90,2025-09-29,"high",2025-09-28 17:07:30,2025-09-28 17:17:10,2025-09-28 17:06:00,59,-1.18135563296325,3199.4055836353,0.874276867480371,0.984580394777129,2.418544360193e-27,2.42909722459369e-53,0.000882976237011848,0.789160956403728,1.941865,446.8943,1.941865,464.4974,1.933431,443.6202,"No issues","No issues","No issues"
1168,10,2025-09-29,"high",2025-09-28 17:19:50,2025-09-28 17:29:30,2025-09-28 17:18:20,59,2.69722873641141,3062.13956563413,0.979135022637831,0.985744350114852,1.34874725776965e-49,2.59262367230174e-54,0.000776051782670357,0.725807747251761,1.944672,447.6966,1.959667,465.2296,1.941193,446.0882,"No issues","No issues","No issues"
1168,70,2025-09-30,"low",2025-09-30 07:59:00,2025-09-30 08:08:40,2025-09-30 07:57:30,59,-5.62949880070144,6065.07548801869,0.977010752738243,0.900251792021057,2.14008308808881e-48,3.25761232062862e-30,0.00170203188377105,3.97916566806233,1.922957,460.1914,1.928198,490.326,1.892524,449.6892,"No issues","No issues","No issues"
1169,20,2025-09-29,"high",2025-09-28 17:32:10,2025-09-28 17:41:50,2025-09-28 17:30:40,59,3.54551615663349,3372.63036259495,0.932447415520959,0.989640958123762,4.80341566704904e-35,2.88995021267287e-58,0.00188093390558772,0.680103430980039,1.945495,448.6314,1.965938,468.5499,1.940315,445.7526,"No issues","No issues","No issues"
1169,80,2025-09-30,"low",2025-09-30 08:11:30,2025-09-30 08:21:10,2025-09-30 08:10:00,59,-7.08299928462895,-3990.68238550557,0.934413179647556,0.964348821436237,2.06816743224926e-35,5.80517131282815e-43,0.00369863321201567,1.51234992541103,1.923594,452.8758,1.933793,452.8758,1.888631,417.5378,"No issues","No issues","No issues"
1170,30,2025-09-29,"high",2025-09-28 17:44:30,2025-09-28 17:54:10,2025-09-28 17:43:00,59,-1.75103360374057,3186.55834295731,0.973034931113326,0.99136474464629,2.02149968707279e-46,1.61346616974287e-60,0.000574534732678874,0.58617593936685,1.939177,447.8781,1.939177,466.8453,1.928201,446.232,"No issues","No issues","No issues"
1170,90,2025-09-30,"low",2025-09-30 08:24:00,2025-09-30 08:33:40,2025-09-30 08:22:30,59,-4.67349971712455,2743.01306090003,0.969166269680044,0.935417437128352,9.24502068111824e-45,1.33159992331253e-35,0.00164301438811407,1.42058766387376,1.926382,449.8732,1.931916,460.933,1.902986,442.5545,"No issues","No issues","No issues"
1171,10,2025-09-30,"low",2025-09-30 08:36:30,2025-09-30 08:46:10,2025-09-30 08:35:00,59,-4.0836745388662,2349.73571291641,0.96303066474546,0.961313618567904,1.63486736122678e-42,5.9672709749937e-42,0.00157701978360222,0.92907501583043,1.929017,447.4691,1.932788,458.2422,1.907328,442.841,"No issues","No issues","No issues"
1171,40,2025-09-29,"high",2025-09-28 17:56:50,2025-09-28 18:06:30,2025-09-28 17:55:20,59,11.5110624056107,3407.53833594386,0.992047311610359,0.993692228475282,1.54319488553293e-61,2.08876685316812e-64,0.0020313813247501,0.535103802904833,1.94969,449.5587,2.015506,470.096,1.942243,447.6636,"No issues","No issues","No issues"
1172,20,2025-09-30,"low",2025-09-30 08:49:00,2025-09-30 08:58:40,2025-09-30 08:47:30,59,25.9218562618351,439.60688626532,0.982176177910925,0.440176197097271,1.51144952743259e-51,1.02524839207533e-08,0.00688267203661169,0.977152047493683,1.972801,448.2401,2.11218,448.2401,1.945507,441.3406,"No issues","No issues","No issues"
1172,50,2025-09-29,"high",2025-09-28 18:09:10,2025-09-28 18:18:50,2025-09-28 18:07:40,59,3.58669426534184,3009.98517264756,0.979545613426336,0.994665675883582,7.65325386449152e-50,1.75785399864477e-66,0.00102155208044127,0.434460949530372,1.943271,449.8446,1.964278,469.8433,1.939786,449.8446,"No issues","No issues","No issues"
1173,30,2025-09-30,"low",2025-09-30 09:01:30,2025-09-30 09:11:10,2025-09-30 09:00:00,59,-4.07487092928119,1147.92211525421,0.992195051574306,0.810363846997874,9.04248069275594e-62,3.06763620755232e-22,0.00071233716582671,1.09450618190089,1.936417,446.9269,1.936417,449.4782,1.909704,440.9129,"No issues","No issues","No issues"
1173,60,2025-09-29,"high",2025-09-28 18:21:30,2025-09-28 18:31:10,2025-09-28 18:20:00,59,19.9286553734658,3935.08744453536,0.991355580933548,0.994246249853511,1.66299023154504e-60,1.52023887000033e-65,0.0036678910902965,0.590021942098478,1.96063,454.8445,2.074433,478.8287,1.94672,452.8823,"No issues","No issues","No issues"
1174,40,2025-09-30,"low",2025-09-30 09:14:00,2025-09-30 09:23:40,2025-09-30 09:12:30,59,11.6833417837522,9084.66706814727,0.985682668882253,0.971773124059638,2.9321857689691e-54,7.44718501251489e-46,0.00277533116451579,3.05170983889436,1.945517,451.5043,2.01274,498.6975,1.936637,443.492,"No issues","No issues","No issues"
1174,70,2025-09-29,"high",2025-09-28 18:33:50,2025-09-28 18:43:30,2025-09-28 18:32:20,59,5.43580020105197,4148.43701975451,0.975572334950615,0.993729224020599,1.20759087791806e-47,1.76633923256812e-64,0.00169535238636101,0.649525744988021,1.951556,454.1568,1.978171,479.7012,1.941603,453.2159,"No issues","No issues","No issues"
1175,50,2025-09-30,"low",2025-09-30 09:26:30,2025-09-30 09:36:10,2025-09-30 09:25:00,59,-2.33940043483348,3455.41938796025,0.97948542278655,0.884908073330756,8.32200893704417e-50,1.93854113698727e-28,0.000667301528707443,2.4561753791659,1.934042,454.3008,1.934042,468.2211,1.918123,444.912,"No issues","No issues","No issues"
1175,80,2025-09-29,"high",2025-09-28 18:46:10,2025-09-28 18:55:50,2025-09-28 18:44:40,59,6.80052329631788,4564.02899824663,0.988358369791234,0.994087938158297,8.05280805893976e-57,3.29535614159067e-65,0.00145471282267962,0.693730411821433,1.947383,451.694,1.986037,479.0573,1.940954,449.6928,"No issues","No issues","No issues"
1176,60,2025-09-30,"low",2025-09-30 09:39:00,2025-09-30 09:48:40,2025-09-30 09:37:30,59,-3.05517823027471,-2612.89849865577,0.932006684652748,0.934101711969234,5.78282706882872e-35,2.36753171580362e-35,0.00162646754835801,1.36787930139357,1.927549,446.7283,1.931001,446.7283,1.909986,428.8622,"No issues","No issues","No issues"
1176,90,2025-09-29,"high",2025-09-28 18:58:30,2025-09-28 19:08:10,2025-09-28 18:57:00,59,-1.53101153477501,3672.47881052015,0.930265778176522,0.984292593635204,1.18974564678858e-34,4.11524880470765e-53,0.000826196167829684,0.914396776243741,1.938892,454.1257,1.93948,473.6856,1.929655,451.2551,"No issues","No issues","No issues"
1177,10,2025-09-29,"high",2025-09-28 19:10:50,2025-09-28 19:20:30,2025-09-28 19:09:20,59,1.49708779427235,2816.96822910578,0.937299961599657,0.982022138140084,5.72532382506962e-36,1.93168696003013e-51,0.000763180262147278,0.751234605910811,1.943254,454.5997,1.949992,469.8617,1.93905,450.8417,"No issues","No issues","No issues"
1177,70,2025-09-30,"low",2025-09-30 09:51:30,2025-09-30 10:01:10,2025-09-30 09:50:00,59,-5.84431162127419,7018.70122267679,0.984614061186807,0.956710300543882,2.28235917989524e-53,1.47345036645892e-40,0.00143995063878464,2.94268701115385,1.921404,459.3168,1.924401,493.7342,1.887979,447.4509,"No issues","No issues","No issues"
1178,20,2025-09-29,"high",2025-09-28 19:23:10,2025-09-28 19:32:50,2025-09-28 19:21:40,59,1.94430500058439,3363.84351794271,0.822643386987116,0.989037740372109,4.51928125731417e-23,1.45064896193779e-57,0.00177937521676189,0.698014832024988,1.941872,453.298,1.95348,473.1896,1.93812,451.376,"No issues","No issues","No issues"
1178,80,2025-09-30,"low",2025-09-30 10:04:00,2025-09-30 10:13:40,2025-09-30 10:02:30,59,-7.14216535827007,-3133.95882080656,0.958373386738761,0.983692025400536,4.82044497632929e-41,1.19935336189627e-52,0.00293381904763343,0.795332958606828,1.923186,446.2994,1.929266,446.2994,1.884683,422.3539,"No issues","No issues","No issues"
1179,30,2025-09-29,"high",2025-09-28 19:35:30,2025-09-28 19:45:10,2025-09-28 19:34:00,59,-2.21804504500302,3421.71278363529,0.974966374610858,0.988287147168695,2.42851703705394e-47,9.58199028694392e-57,0.000700523443593234,0.734207097399969,1.936016,452.7361,1.937064,472.698,1.923311,449.8582,"No issues","No issues","No issues"
1179,90,2025-09-30,"low",2025-09-30 10:16:30,2025-09-30 10:26:10,2025-09-30 10:15:00,59,-5.54115618936302,4911.85065482172,0.978729767150064,0.962013889539429,2.33407960335256e-49,3.54425234733422e-42,0.00161005373926876,1.92376558959139,1.926727,452.2708,1.928168,476.1767,1.894402,445.4352,"No issues","No issues","No issues"
1180,10,2025-09-30,"low",2025-09-30 10:29:00,2025-09-30 10:38:40,2025-09-30 10:27:30,59,-2.91756439041504,3128.77870905902,0.903535169238736,0.925331946174222,1.25273611728413e-30,8.36950596630507e-34,0.00187896062238817,1.75177668566442,1.930053,448.0975,1.934114,461.8698,1.915157,441.1507,"No issues","No issues","No issues"
1180,40,2025-09-29,"high",2025-09-28 19:47:50,2025-09-28 19:57:30,2025-09-28 19:46:20,59,6.48479820455865,2983.70285821155,0.975529692435373,0.982068577282265,1.26916161333175e-47,1.79437438787544e-51,0.00202432943604333,0.794652572208273,1.950533,454.4263,1.982677,470.919,1.940027,451.0847,"No issues","No issues","No issues"
1181,20,2025-09-30,"low",2025-09-30 10:41:30,2025-09-30 10:51:10,2025-09-30 10:40:00,59,35.8215844208065,2157.4075960257,0.989648977761124,0.920064848908639,2.82685004160009e-58,5.85569903384016e-33,0.00722072953877211,1.253363781375,1.973973,446.9173,2.176408,455.2115,1.950344,441.6305,"No issues","No issues","No issues"
1181,50,2025-09-29,"high",2025-09-28 20:00:10,2025-09-28 20:09:50,2025-09-28 19:58:40,59,1.55762334073632,2656.28402384569,0.898429021386657,0.980302813176204,5.46339132051329e-30,2.61089761820812e-50,0.00103226365174702,0.742133001283888,1.942778,454.8777,1.949999,469.3342,1.937883,451.5395,"No issues","No issues","No issues"
1182,30,2025-09-30,"low",2025-09-30 10:54:00,2025-09-30 11:03:40,2025-09-30 10:52:30,59,-3.52946878316781,2049.74122828753,0.984667930983343,0.891698238718581,2.06519140601359e-53,3.41359218359115e-29,0.000868060685339498,1.40796901797113,1.939579,447.683,1.939579,455.7077,1.914138,441.1154,"No issues","No issues","No issues"
1182,60,2025-09-29,"high",2025-09-28 20:12:30,2025-09-28 20:22:10,2025-09-28 20:11:00,59,17.2694446569257,3815.59099286966,0.989766611111097,0.981831758461439,2.0408476899311e-58,2.60831953054348e-51,0.00346104278531602,1.02302201822893,1.958361,456.0963,2.054178,476.6322,1.943324,452.3214,"No issues","No issues","No issues"
1183,40,2025-09-30,"low",2025-09-30 11:06:30,2025-09-30 11:16:10,2025-09-30 11:05:00,59,23.2552386767971,10937.8633444769,0.992691274604884,0.981089670064287,1.39034803173222e-62,8.16631893291304e-51,0.0039329622485454,2.9930429648616,1.950554,455.3907,2.089554,513.1291,1.941267,445.6989,"No issues","No issues","No issues"
1183,70,2025-09-29,"high",2025-09-28 20:24:50,2025-09-28 20:34:30,2025-09-28 20:23:20,59,4.05414048392746,3609.8571408533,0.973661444373118,0.986535289339913,1.0341076800663e-46,5.09397058294052e-55,0.00131424411612307,0.831222847164455,1.947118,456.6963,1.966567,476.302,1.939276,453.0385,"No issues","No issues","No issues"
1184,50,2025-09-30,"low",2025-09-30 11:19:00,2025-09-30 11:28:40,2025-09-30 11:17:30,59,-1.45301117007609,4635.62833991816,0.940383778425994,0.950915318042434,1.3578964843218e-36,5.30405860537893e-39,0.000721080694973044,2.0758498390385,1.937991,456.2556,1.937991,478.3526,1.926334,448.1689,"No issues","No issues","No issues"
1184,80,2025-09-29,"high",2025-09-28 20:37:10,2025-09-28 20:46:50,2025-09-28 20:35:40,59,5.34510039976611,3909.94196423143,0.986686840954414,0.988433798845147,3.68910424478397e-55,6.69074018725077e-57,0.00122374805828925,0.833637311823856,1.94354,455.3453,1.973756,477.247,1.938278,453.0093,"No issues","No issues","No issues"
1185,60,2025-09-30,"low",2025-09-30 11:31:30,2025-09-30 11:41:10,2025-09-30 11:30:00,59,-2.77632235651675,-684.473878667457,0.907993842826598,0.392060151921479,3.24410628854172e-31,1.13417670222089e-07,0.00174189567533611,1.67994896604875,1.928381,451.6868,1.93315,452.2939,1.914141,443.6235,"No issues","No issues","No issues"
1185,90,2025-09-29,"high",2025-09-28 20:49:30,2025-09-28 20:59:10,2025-09-28 20:48:00,59,-1.5027282852134,3071.72355254237,0.905387652935799,0.97538777741594,7.20157427761695e-31,1.49665774236765e-47,0.00095746375319357,0.961732176971072,1.935287,456.0535,1.936983,472.4041,1.927021,452.874,"No issues","No issues","No issues"
1186,10,2025-09-29,"high",2025-09-28 21:01:50,2025-09-28 21:11:30,2025-09-28 21:00:20,59,0.826232444184537,2557.35824570424,0.841418507564167,0.966036920100599,1.84251636922772e-24,1.45560672422032e-43,0.000706980965783658,0.945112479363529,1.939376,456.0004,1.943394,468.7724,1.936833,451.3047,"No issues","No issues","No issues"
1186,70,2025-09-30,"low",2025-09-30 11:44:00,2025-09-30 11:53:40,2025-09-30 11:42:30,59,-4.19599554880197,5838.71077030975,0.977192709724029,0.95137524274816,1.70622518804423e-48,4.05493398728842e-39,0.00126347604167633,2.60168683305026,1.924703,457.4857,1.928119,487.0703,1.90226,447.7022,"No issues","No issues","No issues"
1187,20,2025-09-29,"high",2025-09-28 21:14:10,2025-09-28 21:23:50,2025-09-28 21:12:40,59,1.55838735710099,2916.62449374633,0.735788109497156,0.990903971458414,4.09032816951639e-18,7.10053892731313e-60,0.00184060445697507,0.550777128917099,1.938678,454.1401,1.94888,471.3387,1.936144,452.8854,"No issues","No issues","No issues"
1187,80,2025-09-30,"low",2025-09-30 11:56:30,2025-09-30 12:06:10,2025-09-30 11:55:00,59,-6.3860936528347,294.174225131502,0.925960228182111,0.160658056870521,6.57611850069155e-34,0.0016555647414704,0.00355923701159937,1.32528133856099,1.92633,450.5856,1.934657,450.5856,1.892349,442.6049,"No issues","No issues","No issues"
1188,30,2025-09-29,"high",2025-09-28 21:26:30,2025-09-28 21:36:10,2025-09-28 21:25:00,59,-1.99086657159567,2563.38392612507,0.945750928650912,0.977356005906344,9.20384040610215e-38,1.39015297871799e-48,0.000939799429050057,0.769040190027348,1.934131,455.0064,1.93617,468.7327,1.923259,452.0925,"No issues","No issues","No issues"
1188,90,2025-09-30,"low",2025-09-30 12:09:00,2025-09-30 12:18:40,2025-09-30 12:07:30,59,-4.89432266510817,4847.56067235534,0.979025765805782,0.956539341369121,1.56529979732393e-49,1.648759595656e-40,0.00141196473362922,2.03659767358093,1.926622,454.3325,1.930474,475.61,1.900178,443.6684,"No issues","No issues","No issues"
1189,10,2025-09-30,"low",2025-09-30 12:21:30,2025-09-30 12:31:10,2025-09-30 12:20:00,59,-1.62795728346002,2721.39271069549,0.768486463550951,0.935626604553797,9.27931544698578e-20,1.21387648321672e-35,0.00176115810207215,1.40694914844966,1.932478,447.6996,1.936805,460.3673,1.924574,441.9575,"No issues","No issues","No issues"
1189,40,2025-09-29,"high",2025-09-28 21:38:50,2025-09-28 21:48:30,2025-09-28 21:37:20,59,5.66024427352427,2600.6444942139,0.991458826195325,0.988043448133043,1.1807219657694e-60,1.72341755779764e-56,0.00103548036598597,0.563872870289583,1.942403,453.6994,1.97449,468.5273,1.938143,452.0739,"No issues","No issues","No issues"
1190,20,2025-09-30,"low",2025-09-30 12:34:00,2025-09-30 12:43:40,2025-09-30 12:32:30,59,41.8593699310343,3587.83160444182,0.99378803348641,0.984547498559649,1.3503133734169e-64,2.5812479938283e-53,0.00652297351225398,0.88592787668256,1.972595,445.1848,2.217974,465.0549,1.951693,442.4592,"No issues","No issues","No issues"
1190,50,2025-09-29,"high",2025-09-28 21:51:10,2025-09-28 22:00:50,2025-09-28 21:49:40,59,1.29575913033305,2223.74562711863,0.882688180978771,0.970675260378638,3.34550467318895e-28,2.21061207155379e-45,0.000931058057486918,0.761816659124864,1.939326,454.762,1.946525,467.016,1.936524,451.7928,"No issues","No issues","No issues"
1191,30,2025-09-30,"low",2025-09-30 12:46:30,2025-09-30 12:56:10,2025-09-30 12:45:00,59,-3.27582140970193,2811.92622606662,0.98447532864637,0.953459860427989,2.94793798506093e-53,1.16192221223428e-39,0.000810800975572617,1.22448032777925,1.942571,445.6515,1.942571,460.662,1.916057,441.587,"No issues","No issues","No issues"
1191,60,2025-09-29,"high",2025-09-28 22:03:30,2025-09-28 22:13:10,2025-09-28 22:02:00,59,13.5426813980128,3305.16342536528,0.987470118956242,0.982875712038283,6.5498387968614e-56,4.82700067254476e-52,0.00300677832283175,0.859874666913198,1.956076,456.0787,2.029594,473.9526,1.941857,452.573,"No issues","No issues","No issues"
1192,40,2025-09-30,"low",2025-09-30 12:59:00,2025-09-30 13:08:40,2025-09-30 12:57:30,59,24.2911564979543,7904.77685189947,0.99086281133512,0.974329224583964,8.07573751936167e-60,4.97235893682447e-47,0.00459761901335063,2.52895731983176,1.955586,454.5246,2.097181,494.6505,1.943383,445.0538,"No issues","No issues","No issues"
1192,70,2025-09-29,"high",2025-09-28 22:15:50,2025-09-28 22:25:30,2025-09-28 22:14:20,59,3.09733345178255,2967.41299918175,0.96542844776017,0.968922111217195,2.41525362776247e-43,1.15767242352107e-44,0.00115524105200823,1.0474771839856,1.9441,457.8883,1.95829,473.2368,1.936966,453.3199,"No issues","No issues","No issues"
1193,50,2025-09-30,"low",2025-09-30 13:11:30,2025-09-30 13:21:10,2025-09-30 13:10:00,59,-0.406916731735917,3557.66224944475,0.43852940541322,0.910072682800169,1.1167144051256e-08,1.68945683783342e-31,0.000907517382507837,2.20423427554184,1.940818,453.6442,1.940818,468.8748,1.934831,444.8386,"No issues","No issues","No issues"
1193,80,2025-09-29,"high",2025-09-28 22:28:10,2025-09-28 22:37:50,2025-09-28 22:26:40,59,4.694435684395,3484.00834506135,0.983361909827356,0.988938895049531,2.12356609116923e-52,1.87365027148704e-57,0.00120354877652525,0.726238001918207,1.941547,454.7045,1.968167,474.1977,1.936839,452.0804,"No issues","No issues","No issues"
1194,60,2025-09-30,"low",2025-09-30 13:24:00,2025-09-30 13:33:40,2025-09-30 13:22:30,59,-3.61379084044425,-490.499061601408,0.935590418527275,0.386527364790765,1.23349759214348e-35,1.47796125244096e-07,0.00186887659474003,1.21795407266971,1.93301,450.7768,1.935825,450.7768,1.912027,441.5936,"No issues","No issues","No issues"
1194,90,2025-09-29,"high",2025-09-28 22:40:30,2025-09-28 22:50:10,2025-09-28 22:39:00,59,-1.60685063705438,2855.34048392752,0.913014458260378,0.960750483028789,6.53735508464013e-32,9.01094680724982e-42,0.000977564618568761,1.13750944627959,1.933877,456.5917,1.935702,470.6437,1.924958,452.0725,"No issues","No issues","No issues"
1195,10,2025-09-29,"high",2025-09-28 22:52:50,2025-09-28 23:02:30,2025-09-28 22:51:20,59,0.523796591466962,2418.28772507303,0.638299030762357,0.979795541845936,3.37654510257861e-14,5.3904368847599e-50,0.000777160409136708,0.68446162242923,1.93638,455.7701,1.939594,469.0086,1.934875,453.7484,"No issues","No issues","No issues"
1195,70,2025-09-30,"low",2025-09-30 13:36:30,2025-09-30 13:46:10,2025-09-30 13:35:00,59,-5.95168041145534,8061.64673196958,0.981907900794617,0.962735560066661,2.31399491541924e-51,2.05095441424965e-42,0.00159233324402751,3.12609960842177,1.927107,457.5566,1.927417,502.773,1.890225,450.5363,"No issues","No issues","No issues"
1196,20,2025-09-29,"high",2025-09-28 23:05:10,2025-09-28 23:14:50,2025-09-28 23:03:40,59,0.988825023962526,2705.20823845702,0.563953770420243,0.972630132648734,7.37277868783181e-12,3.09163994464264e-46,0.00171375691606528,0.894434297443638,1.938853,456.6358,1.944931,470.5451,1.935639,453.2303,"No issues","No issues","No issues"
1196,80,2025-09-30,"low",2025-09-30 13:49:00,2025-09-30 13:58:40,2025-09-30 13:47:30,59,-6.17759444535366,-2117.35889842198,0.929946796505711,0.823312265023964,1.3552333261083e-34,4.05631815963597e-23,0.00334187036393163,1.93330620125282,1.927291,450.7499,1.934132,450.7499,1.892417,430.8758,"No issues","No issues","No issues"
1197,30,2025-09-29,"high",2025-09-28 23:17:30,2025-09-28 23:27:10,2025-09-28 23:16:00,59,-2.43892858912923,2747.26721309174,0.971116109993865,0.984838171535266,1.43526016270034e-45,1.50218091600515e-53,0.000829042133635763,0.671861124489828,1.933855,453.7913,1.935389,469.9809,1.920096,452.2325,"No issues","No issues","No issues"
1197,90,2025-09-30,"low",2025-09-30 14:01:30,2025-09-30 14:11:10,2025-09-30 14:00:00,59,-4.35000266510821,4097.21040420806,0.963204674018458,0.906441714533626,1.42905368699677e-42,5.23016812291451e-31,0.00167575998664097,2.59444643544683,1.927409,454.7981,1.931258,470.04,1.904122,442.9473,"No issues","No issues","No issues"
1198,10,2025-09-30,"low",2025-09-30 14:14:00,2025-09-30 14:23:40,2025-09-30 14:12:30,59,-1.84236562478088,3093.20806639391,0.86405801562781,0.944219151185611,2.25555520353873e-26,2.0368244282747e-37,0.00144034466789861,1.48183738539293,1.934079,448.0647,1.936479,462.7468,1.923832,442.5056,"No issues","No issues","No issues"
1198,40,2025-09-29,"high",2025-09-28 23:29:50,2025-09-28 23:39:30,2025-09-28 23:28:20,59,5.02247138749267,2424.08344313266,0.990001757475652,0.979056537310757,1.05203490990294e-58,1.50113106259312e-49,0.000994824743337965,0.698800455885346,1.940642,454.9952,1.968809,468.6572,1.936442,452.1953,"No issues","No issues","No issues"
1199,20,2025-09-30,"low",2025-09-30 14:26:30,2025-09-30 14:36:10,2025-09-30 14:25:00,59,44.1165913921682,2347.6827156049,0.985524447277035,0.903518728456345,4.01105028797838e-54,1.25884638854957e-30,0.0105383127481868,1.51208981687666,1.991762,447.5595,2.233072,457.3316,1.953459,441.2767,"No issues","No issues","No issues"
1199,50,2025-09-29,"high",2025-09-28 23:42:10,2025-09-28 23:51:50,2025-09-28 23:40:40,59,0.785692614845047,2460.74239251898,0.693638362399796,0.984412836076465,2.85770032976752e-16,3.30563765404734e-53,0.00102917343217038,0.610304152619805,1.937809,454.5363,1.942768,469.5542,1.935909,453.6402,"No issues","No issues","No issues"
1200,30,2025-09-30,"low",2025-09-30 14:39:00,2025-09-30 14:48:40,2025-09-30 14:37:30,59,-2.72063652133258,2591.0167770894,0.969170131101247,0.927304057556653,9.21206277217794e-45,3.89898443229836e-34,0.000956404494862432,1.4298796558268,1.944227,445.8463,1.944227,458.0946,1.92114,440.9144,"No issues","No issues","No issues"
1200,60,2025-09-29,"high",2025-09-28 23:54:30,2025-09-29 00:04:10,2025-09-28 23:53:00,59,13.3246448626534,3323.55748544709,0.99005991282088,0.981225236160827,8.90868968140639e-59,6.65189835060175e-51,0.00263151141161472,0.906131729562942,1.954147,456.9622,2.02837,475.6721,1.942359,454.0388,"No issues","No issues","No issues"
1201,40,2025-09-30,"low",2025-09-30 14:51:30,2025-09-30 15:01:10,2025-09-30 14:50:00,59,23.7151386557567,7273.66327995322,0.988493446507221,0.969923818207232,5.7738476757511e-57,4.5482898929226e-45,0.00504308929323275,2.5245326235063,1.963901,454.8969,2.09812,490.9755,1.947099,444.9352,"No issues","No issues","No issues"
1201,70,2025-09-29,"high",2025-09-29 00:06:50,2025-09-29 00:16:30,2025-09-29 00:05:20,59,2.33222080187024,3646.89506861484,0.96935198811368,0.989253038438569,7.78198712300272e-45,8.24150688667737e-58,0.000817363654501065,0.749199839112525,1.944824,455.7962,1.956511,476.6879,1.940182,453.7028,"No issues","No issues","No issues"
1202,50,2025-09-30,"low",2025-09-30 15:04:00,2025-09-30 15:13:40,2025-09-30 15:02:30,59,-0.00560564815900882,2215.93761215664,0.000111625436425374,0.780022434145205,0.936699060752868,2.1467229311555e-20,0.00104569556625595,2.31941485730993,1.942567,451.5379,1.942567,460.8889,1.93591,443.3564,"No issues","No issues","No issues"
1202,80,2025-09-29,"high",2025-09-29 00:19:10,2025-09-29 00:28:50,2025-09-29 00:17:40,59,4.01057488720045,4134.42183892458,0.97863780843956,0.98877290762122,2.63956188272961e-49,2.86473233325025e-57,0.00116789498635839,0.868331211002535,1.944123,456.7873,1.967971,479.6932,1.940834,453.4441,"No issues","No issues","No issues"
1203,60,2025-09-30,"low",2025-09-30 15:16:30,2025-09-30 15:26:10,2025-09-30 15:15:00,59,-3.2149374354179,1192.69261578023,0.881373262127123,0.669178142816257,4.59977291901835e-28,2.59533343294144e-15,0.00232471190913535,1.65287500010482,1.932191,453.7477,1.937773,456.3094,1.915372,446.1523,"No issues","No issues","No issues"
1203,90,2025-09-29,"high",2025-09-29 00:31:30,2025-09-29 00:41:10,2025-09-29 00:30:00,59,-1.74705900175344,3081.59117989479,0.900424726355075,0.985847300791073,3.10014373458758e-30,2.10866154092816e-54,0.00114510385499769,0.727738064409746,1.938301,456.1479,1.941774,473.6157,1.930117,453.5461,"No issues","No issues","No issues"
1204,10,2025-09-29,"high",2025-09-29 00:43:50,2025-09-29 00:53:30,2025-09-29 00:42:20,59,0.286153164231355,2147.62621718291,0.281109945119414,0.952338819418794,1.56807803851488e-05,2.29103236991585e-39,0.000901938533598578,0.946957760621651,1.942607,457.5044,1.947212,467.5056,1.942607,452.3156,"No issues","No issues","No issues"
1204,70,2025-09-30,"low",2025-09-30 15:29:00,2025-09-30 15:38:40,2025-09-30 15:27:30,59,-5.22134994739923,7325.26554108707,0.987600512306368,0.975916078214459,4.86095444978099e-56,8.06186745123897e-48,0.00115313266803011,2.26811983469566,1.927255,460.2859,1.929366,496.6652,1.897983,449.8818,"No issues","No issues","No issues"
1205,20,2025-09-29,"high",2025-09-29 00:56:10,2025-09-29 01:05:50,2025-09-29 00:54:40,59,0.721904570426603,2931.50518947982,0.378915381186022,0.981456850953471,2.11970793641713e-07,4.66931096964384e-51,0.00182166836923741,0.794203986915253,1.94536,456.1939,1.952842,472.1277,1.945235,453.6005,"No issues","No issues","No issues"
1205,80,2025-09-30,"low",2025-09-30 15:41:30,2025-09-30 15:51:10,2025-09-30 15:40:00,59,-7.69441133372304,677.177749620094,0.934835580300287,0.246040384055317,1.71996188089065e-35,6.46788739723542e-05,0.00400403905813373,2.33646231391723,1.928841,448.7677,1.936474,448.7677,1.888604,438.2273,"No issues","No issues","No issues"
1206,30,2025-09-29,"high",2025-09-29 01:08:30,2025-09-29 01:18:10,2025-09-29 01:07:00,59,-2.66629238573941,2929.56676937463,0.966327513227182,0.985049236963584,1.13925925944261e-43,1.007309699707e-53,0.000980998745361536,0.711363154341723,1.941313,454.8033,1.944928,471.9984,1.928004,452.3089,"No issues","No issues","No issues"
1206,90,2025-09-30,"low",2025-09-30 15:54:00,2025-09-30 15:59:50,2025-09-30 15:52:30,36,-3.5756056216216,2412.64560926639,0.888943843085463,0.584846282809709,8.53690381990712e-18,5.63430111444998e-08,0.00151954752424706,2.44403629305942,1.930348,454.1153,1.933206,456.206,1.919214,443.2222,"No issues","No issues","No issues"
1206,90,2025-10-01,"low",2025-09-30 16:00:00,2025-09-30 16:03:40,2025-09-30 15:52:30,23,-4.47132806324145,3713.92449011856,0.998898441508451,0.982265744688245,1.50300390810168e-32,7.10793465550393e-20,0.000113996690881364,0.383122487876409,1.918703,455.8471,1.918703,465.6138,1.907189,455.8471,"No issues","No issues","No issues"
1207,10,2025-10-01,"low",2025-09-30 16:06:30,2025-09-30 16:16:10,2025-09-30 16:05:00,59,-2.87833848743433,3028.99761636468,0.939981587459992,0.96216270117684,1.64504524621559e-36,3.16889772702138e-42,0.00143353961917728,1.18391355203485,1.935277,447.5098,1.937254,462.7882,1.918417,442.669,"No issues","No issues","No issues"
1207,40,2025-09-29,"high",2025-09-29 01:20:50,2025-09-29 01:30:30,2025-09-29 01:19:20,59,4.84094352308589,2974.01964511981,0.997405428869522,0.989642030143867,2.10626005621552e-75,2.88143731106973e-58,0.000486644925678836,0.599690743104846,1.946691,453.6259,1.976891,471.392,1.945602,452.0774,"No issues","No issues","No issues"
1208,20,2025-10-01,"low",2025-09-30 16:19:00,2025-09-30 16:28:40,2025-09-30 16:17:30,59,41.7885820222092,2146.64021694913,0.98642856646837,0.932190317748712,6.37965257875923e-55,5.35334803393224e-35,0.00966101892716349,1.14113776645169,1.991694,447.1915,2.223516,456.8122,1.960249,442.7053,"No issues","No issues","No issues"
1208,50,2025-09-29,"high",2025-09-29 01:33:10,2025-09-29 01:42:50,2025-09-29 01:31:40,59,0.773189105786082,2214.013886616,0.608291388146182,0.963694733118088,3.34864710099383e-13,9.74957899771114e-43,0.00122291622931768,0.846994657670764,1.944048,455.9132,1.950457,468.1801,1.943506,452.4239,"No issues","No issues","No issues"
1209,30,2025-10-01,"low",2025-09-30 16:31:30,2025-09-30 16:41:10,2025-09-30 16:30:00,59,-3.14934463588544,2697.30776388077,0.980570706022689,0.969418060064655,1.76700506592573e-50,7.31751878150886e-45,0.000873764704091623,0.944262453511629,1.945552,446.3025,1.945552,459.4807,1.919706,442.0609,"No issues","No issues","No issues"
1209,60,2025-09-29,"high",2025-09-29 01:45:30,2025-09-29 01:55:10,2025-09-29 01:44:00,59,12.6236474763296,3238.51155675042,0.995275569482353,0.988972726362504,5.52142415632252e-68,1.71698323288122e-57,0.00171424612228702,0.674019755665745,1.954015,454.2653,2.028939,473.2512,1.948237,452.7949,"No issues","No issues","No issues"
1210,40,2025-10-01,"low",2025-09-30 16:44:00,2025-09-30 16:53:40,2025-09-30 16:42:30,59,20.2261122431326,6861.7514061952,0.978172482132535,0.973343935246318,4.87921714720907e-49,1.45529284664179e-46,0.00595514204706473,2.23812887472208,1.968568,453.4231,2.075861,488.0911,1.946321,445.1407,"No issues","No issues","No issues"
1210,70,2025-09-29,"high",2025-09-29 01:57:50,2025-09-29 02:07:30,2025-09-29 01:56:20,59,2.35193828170655,3753.73167317357,0.974600298929589,0.985664685620769,3.67373884856913e-47,3.03901019294184e-54,0.000748362832497352,0.89225192515964,1.948579,456.8787,1.961612,477.4283,1.945494,452.4007,"No issues","No issues","No issues"
1211,50,2025-10-01,"low",2025-09-30 16:56:30,2025-09-30 17:06:10,2025-09-30 16:55:00,59,-1.22144048626536,8289.82620315603,0.908345770315552,0.986337323644314,2.90789826114047e-31,7.72241335881606e-55,0.000764730170218699,1.92302902292341,1.94238,453.8943,1.94238,500.2907,1.930535,448.7275,"No issues","No issues","No issues"
1211,80,2025-09-29,"high",2025-09-29 02:10:10,2025-09-29 02:19:50,2025-09-29 02:08:40,59,3.76044562478081,3914.16283904149,0.974010632350512,0.988421117292545,7.06801883671447e-47,6.90304001618589e-57,0.0012107112481658,0.834999980849904,1.94862,455.796,1.971735,477.7236,1.946437,453.112,"No issues","No issues","No issues"
1212,60,2025-10-01,"low",2025-09-30 17:09:00,2025-09-30 17:18:40,2025-09-30 17:07:30,59,-3.43745152074816,1704.07664289887,0.972775260411203,0.694577973046054,2.65676001798902e-46,2.61647640549013e-16,0.00113343716002004,2.22722480368038,1.9323,452.864,1.93338,460.2951,1.911837,447.1397,"No issues","No issues","No issues"
1212,90,2025-09-29,"high",2025-09-29 02:22:30,2025-09-29 02:32:10,2025-09-29 02:21:00,59,-1.78322833430751,2979.41123740501,0.910803836450438,0.962987459470924,1.33823839276504e-31,1.69024115986433e-42,0.00109989917070449,1.15127703084317,1.943597,458.029,1.946697,473.3613,1.93496,452.3863,"No issues","No issues","No issues"
1213,10,2025-09-29,"high",2025-09-29 02:34:50,2025-09-29 02:44:30,2025-09-29 02:33:20,59,0.148038901227307,2064.31737790764,0.0878669433928242,0.977243374907828,0.0226281558830307,1.60139760448402e-48,0.000940107348971877,0.620889456405592,1.94631,454.7778,1.950622,466.9737,1.94631,453.8083,"No issues","No issues","No issues"
1213,70,2025-10-01,"low",2025-09-30 17:21:30,2025-09-30 17:31:10,2025-09-30 17:20:00,59,-5.25315736762132,6968.7675268264,0.990679585812026,0.973331367452061,1.42221629066943e-59,1.47498436081424e-46,0.00100428428454954,2.27358527285752,1.926148,456.7633,1.928106,495.5157,1.89519,450.1049,"No issues","No issues","No issues"
1214,20,2025-09-29,"high",2025-09-29 02:47:10,2025-09-29 02:56:50,2025-09-29 02:45:40,59,0.858568565750978,2473.91215616598,0.449416134126417,0.971899366988985,6.31883009487579e-09,6.55365604751124e-46,0.00187304258265066,0.829119125116568,1.948926,457.0833,1.956449,470.4795,1.948142,454.2207,"No issues","No issues","No issues"
1214,80,2025-10-01,"low",2025-09-30 17:34:00,2025-09-30 17:43:40,2025-09-30 17:32:30,59,-6.46438740385744,7678.84676002336,0.928954683695786,0.980038750419106,2.02441636957388e-34,3.81660013631813e-50,0.00352357154004278,2.15999872977395,1.926342,450.1289,1.935484,493.4028,1.893843,445.3749,"No issues","No issues","No issues"
1215,30,2025-09-29,"high",2025-09-29 02:59:30,2025-09-29 03:09:10,2025-09-29 02:58:00,59,-2.04380235184108,2201.81148988894,0.932230116569334,0.981401682415017,5.26441209468611e-35,5.08199740104789e-51,0.00108612786492915,0.59741871148735,1.945004,456.0232,1.948689,468.3716,1.935311,454.575,"No issues","No issues","No issues"
1215,90,2025-10-01,"low",2025-09-30 17:46:30,2025-09-30 17:56:10,2025-09-30 17:45:00,59,-4.30243216832265,4405.54685680886,0.97223991015676,0.974650161714878,4.62909397274998e-46,3.47356401979793e-47,0.00143292348216237,1.40038773413648,1.934613,451.2108,1.939157,473.7148,1.912206,445.4419,"No issues","No issues","No issues"
1216,10,2025-10-01,"low",2025-09-30 17:59:00,2025-09-30 18:08:40,2025-09-30 17:57:30,59,-2.31359455756876,3446.50993711279,0.898123453836339,0.97994485561389,5.95269780221503e-30,4.36296463616904e-50,0.00153582452383192,0.971799943123732,1.936209,448.78,1.941006,467.1847,1.925445,445.2164,"No issues","No issues","No issues"
1216,40,2025-09-29,"high",2025-09-29 03:11:50,2025-09-29 03:21:30,2025-09-29 03:10:20,59,4.20459868614834,1986.90439181764,0.989417609761951,0.956944770019972,5.30844029853871e-58,1.26200897679063e-40,0.000857061280060359,0.830676159339406,1.955422,458.106,1.978718,468.3646,1.951469,454.6698,"No issues","No issues","No issues"
1217,20,2025-10-01,"low",2025-09-30 18:11:30,2025-09-30 18:21:10,2025-09-30 18:10:00,59,32.6398046896551,4866.87402641728,0.975730141062148,0.989021580395121,1.00384543573229e-47,1.51285886035811e-57,0.0101461568879049,1.01065374723202,2.002286,449.8357,2.172697,478.3185,1.966707,447.8018,"No issues","No issues","No issues"
1217,50,2025-09-29,"high",2025-09-29 03:24:10,2025-09-29 03:33:50,2025-09-29 03:22:40,59,0.606177552308504,1894.78517638806,0.522748162089735,0.982351396617113,1.00177885098582e-10,1.14045232424593e-51,0.00114159656592394,0.500572483907005,1.948877,459.237,1.953563,470.911,1.947927,458.2805,"No issues","No issues","No issues"
1218,30,2025-10-01,"low",2025-09-30 18:24:00,2025-09-30 18:33:40,2025-09-30 18:22:30,59,-2.55328057977794,3726.86425248391,0.972580698532044,0.994522265067383,3.25487893992128e-46,3.74437218264261e-66,0.000844985328817645,0.545157613895862,1.940859,456.7229,1.940859,480.0592,1.920851,456.7229,"No issues","No issues","No issues"
1218,60,2025-09-29,"high",2025-09-29 03:36:30,2025-09-29 03:46:10,2025-09-29 03:35:00,59,10.0641335733487,2544.45692296901,0.993986251399545,0.979187434508256,5.35800828251258e-65,1.25541927430321e-49,0.00154292243645524,0.731156343223351,1.957467,459.998,2.016287,474.5505,1.95193,458.4677,"No issues","No issues","No issues"
1219,40,2025-10-01,"low",2025-09-30 18:36:30,2025-09-30 18:46:10,2025-09-30 18:35:00,59,14.4525597475161,9913.10728229104,0.982653262179088,0.991865577267097,6.97389891418233e-52,2.93848321251976e-61,0.00378476385151039,1.76942444432562,1.958958,464.8423,2.036673,524.0413,1.944558,462.3244,"No issues","No issues","No issues"
1219,70,2025-09-29,"high",2025-09-29 03:48:50,2025-09-29 03:58:30,2025-09-29 03:47:20,59,2.31120353477495,2392.61864360023,0.979314918249963,0.981548956515122,1.05368982940617e-49,4.05135460060788e-51,0.000662050145237808,0.646566534512774,1.951896,456.9368,1.965403,470.9406,1.949832,456.0953,"No issues","No issues","No issues"
1220,50,2025-10-01,"low",2025-09-30 18:49:00,2025-09-30 18:58:40,2025-09-30 18:47:30,59,-1.17617112799539,6697.74415897135,0.952077040962805,0.97551720846605,2.6784618779135e-39,1.28775294228734e-47,0.000520105609326142,2.09135043318519,1.937705,468.8779,1.937705,504.2743,1.928245,461.2366,"No issues","No issues","No issues"
1220,80,2025-09-29,"high",2025-09-29 04:01:10,2025-09-29 04:10:50,2025-09-29 03:59:40,59,3.15708579310343,2346.61687995322,0.972392446340661,0.961867803933987,3.9560726475728e-46,3.95426423005719e-42,0.00104849125990176,0.920906761119719,1.952037,458.1638,1.971483,470.4615,1.949748,454.3739,"No issues","No issues","No issues"
1221,60,2025-10-01,"low",2025-09-30 19:01:30,2025-09-30 19:11:10,2025-09-30 19:00:00,59,-2.49346006779661,6598.46591326709,0.757852630648279,0.982452930658008,3.35935952674029e-19,9.67479032675436e-52,0.00277801873545548,1.73809957718502,1.926488,471.0613,1.931778,523.3369,1.913024,471.0613,"No issues","No issues","No issues"
1221,90,2025-09-29,"high",2025-09-29 04:13:30,2025-09-29 04:23:10,2025-09-29 04:12:00,59,-1.41022978842788,2273.07886569257,0.871117205400679,0.971379604034089,4.91510702602671e-27,1.10520413912417e-45,0.0010691393569231,0.769029658754064,1.944314,458.4431,1.947222,470.5386,1.937247,456.2057,"No issues","No issues","No issues"
1222,10,2025-09-29,"high",2025-09-29 04:25:50,2025-09-29 04:35:30,2025-09-29 04:24:20,59,-0.0239516353010276,1793.83649701927,0.00581318616109455,0.968312788862342,0.566002167312573,2.01392846370518e-44,0.000617372542722676,0.63959091648323,1.944765,459.3087,1.944765,469.2127,1.94142,456.8238,"No issues","No issues","No issues"
1222,70,2025-10-01,"low",2025-09-30 19:14:00,2025-09-30 19:23:40,2025-09-30 19:12:30,59,-3.86412511981307,4328.51981765049,0.872544580331269,0.896399392995319,3.57558382726851e-27,9.61226948274474e-30,0.00291086308051379,2.90038092213677,1.911752,509.4374,1.921603,529.8042,1.895067,500.1777,"No issues","No issues","No issues"
1223,20,2025-09-29,"high",2025-09-29 04:38:10,2025-09-29 04:47:50,2025-09-29 04:36:40,59,0.730233005260043,2351.97676025715,0.408954187074224,0.942444891589056,4.98183836001794e-08,4.97636244083342e-37,0.00173029422335414,1.14559797802365,1.945577,458.8385,1.951058,470.4839,1.943315,454.6779,"No issues","No issues","No issues"
1223,80,2025-10-01,"low",2025-09-30 19:26:30,2025-09-30 19:36:10,2025-09-30 19:25:00,59,-4.79958009117489,8406.52316353009,0.974902306740094,0.975237471656491,2.61211073997435e-47,1.78038169921847e-47,0.00151783601758864,2.64024344665784,1.919453,486.375,1.922429,549.4092,1.892745,486.375,"No issues","No issues","No issues"
1224,30,2025-09-29,"high",2025-09-29 04:50:30,2025-09-29 05:00:10,2025-09-29 04:49:00,59,-1.87602728696675,1642.51378983049,0.940019730342479,0.918650638147764,1.61547698449448e-36,9.6597642898315e-33,0.000934028503651996,0.963376760332586,1.941675,457.7186,1.943968,465.3126,1.931617,453.3356,"No issues","No issues","No issues"
1224,90,2025-10-01,"low",2025-09-30 19:39:00,2025-09-30 19:48:40,2025-09-30 19:37:30,59,-3.67068405376982,3055.59427329046,0.958664658261883,0.968823689326929,3.94558512856054e-41,1.26690348460735e-44,0.00150231038463956,1.08036605298848,1.925854,471.7572,1.930569,488.3469,1.907293,469.0715,"No issues","No issues","No issues"
1225,10,2025-10-01,"low",2025-09-30 19:51:30,2025-09-30 20:01:10,2025-09-30 19:50:00,59,-2.46302868497964,3465.88252390415,0.93704576966842,0.929178063336331,6.42590828057302e-36,1.85042461944826e-34,0.00125830749482481,1.88596452726657,1.926018,486.803,1.927885,518.4171,1.912151,486.803,"No issues","No issues","No issues"
1225,40,2025-09-29,"high",2025-09-29 05:02:50,2025-09-29 05:12:30,2025-09-29 05:01:20,59,3.5005406896551,1717.77172460548,0.973045267787548,0.967987313292975,1.99952042782594e-46,2.69525918625196e-44,0.00114834233262772,0.615711032879733,1.94998,457.5966,1.966928,466.9283,1.943676,455.4464,"No issues","No issues","No issues"
1226,20,2025-10-01,"low",2025-09-30 20:04:00,2025-09-30 20:13:40,2025-09-30 20:02:30,59,22.7584366569257,4328.47886475744,0.933304310421811,0.961311702296587,3.33693813655612e-35,5.97570648392754e-42,0.0119912630480526,1.71150532110842,2.000277,504.0768,2.096365,542.5453,1.946743,504.0768,"No issues","No issues","No issues"
1226,50,2025-09-29,"high",2025-09-29 05:15:10,2025-09-29 05:24:50,2025-09-29 05:13:40,59,0.42606208299233,1681.75640724721,0.424686414873099,0.943060918658857,2.26920231183913e-08,3.6608565270529e-37,0.000977408863484876,0.814486145984496,1.944463,456.8731,1.946902,464.9584,1.942284,453.4457,"No issues","No issues","No issues"
1227,30,2025-10-01,"low",2025-09-30 20:16:30,2025-09-30 20:26:10,2025-09-30 20:15:00,59,-2.7473038737581,3332.46532039738,0.985366419791988,0.987333513354292,5.46615172929502e-54,8.92220999772024e-56,0.000659885175897721,0.743955639950979,1.928069,505.5384,1.928069,532.0961,1.90842,505.5384,"No issues","No issues","No issues"
1227,60,2025-09-29,"high",2025-09-29 05:27:30,2025-09-29 05:37:10,2025-09-29 05:26:00,59,8.38220734541198,2307.62568603155,0.97622281655009,0.967426937275447,5.59391663586107e-48,4.42090635197808e-44,0.0025783946020582,0.834585491763988,1.957424,460.2397,1.999294,471.5079,1.944468,456.8539,"No issues","No issues","No issues"
1228,40,2025-10-01,"low",2025-09-30 20:29:00,2025-09-30 20:38:40,2025-09-30 20:27:30,59,8.69744009351249,6514.53540806545,0.937301007666402,0.996696734882802,5.72259906774265e-36,2.05437541763588e-72,0.00443371161068094,0.739194800194686,1.955097,508.3165,1.991314,548.9389,1.933483,508.1373,"No issues","No issues","No issues"
1228,70,2025-09-29,"high",2025-09-29 05:39:50,2025-09-29 05:49:30,2025-09-29 05:38:20,59,1.77959458562242,2019.96998994739,0.935363099493046,0.937183210663043,1.36394064709421e-35,6.03742974800931e-36,0.000922054256930698,1.03075581013763,1.947161,456.8324,1.953927,466.0227,1.940893,452.5858,"No issues","No issues","No issues"
1229,50,2025-10-01,"low",2025-09-30 20:41:30,2025-09-30 20:51:10,2025-09-30 20:40:00,59,-2.18177774868503,7261.10917311514,0.85622118896116,0.917533485818128,1.1191325509908e-25,1.42574039508391e-32,0.00176217981819343,4.29058075367348,1.920854,519.2616,1.920854,579.0208,1.899597,519.2616,"No issues","No issues","No issues"
1229,80,2025-09-29,"high",2025-09-29 05:52:10,2025-09-29 06:01:50,2025-09-29 05:50:40,59,2.85226346230271,2111.37977603739,0.958596512322704,0.940677294641721,4.13537622184088e-41,1.17953710711348e-36,0.00116835665276084,1.04506128008901,1.944843,457.5194,1.959762,467.358,1.939591,453.2264,"No issues","No issues","No issues"
1230,60,2025-10-01,"low",2025-09-30 20:54:00,2025-09-30 21:03:40,2025-09-30 20:52:30,59,-2.48410604324962,4236.36207317356,0.779943113938333,0.903358464111796,2.16899931456543e-20,1.31993567369612e-30,0.00260070687280841,2.7310533275554,1.91052,536.0284,1.916304,558.5039,1.897467,529.8199,"No issues","No issues","No issues"
1230,90,2025-09-29,"high",2025-09-29 06:04:30,2025-09-29 06:14:10,2025-09-29 06:03:00,59,-1.60062438340154,1904.50646405611,0.936891266705301,0.923884257094799,6.89141746806378e-36,1.44779711481921e-33,0.000818794319925346,1.07744762791065,1.936824,456.3373,1.93729,464.97,1.926486,451.1995,"No issues","No issues","No issues"
1231,10,2025-09-29,"high",2025-09-29 06:16:50,2025-09-29 06:26:30,2025-09-29 06:15:20,59,0.0678893933371611,1508.42396914083,0.0317294027189979,0.899290170561095,0.177089299928929,4.28425606248874e-30,0.000739187489369461,0.994934952877044,1.93705,455.5193,1.938015,461.0504,1.934899,450.4131,"No issues","No issues","No issues"
1231,70,2025-10-01,"low",2025-09-30 21:06:30,2025-09-30 21:16:10,2025-09-30 21:05:00,59,-3.37833190414967,3391.41501531267,0.838139842267258,0.834492744306151,3.30763827271049e-24,6.25495106976061e-24,0.0029261683439583,2.97689441613814,1.899423,541.483,1.906703,562.4009,1.882901,537.8456,"No issues","No issues","No issues"
1232,20,2025-09-29,"high",2025-09-29 06:29:10,2025-09-29 06:38:50,2025-09-29 06:27:40,59,0.488133741671423,1180.08876960841,0.272285647062178,0.85150514041394,2.25211879205662e-05,2.81517292592062e-25,0.00157286765337541,0.971319274590912,1.937162,454.154,1.940233,458.1284,1.933188,449.7023,"No issues","No issues","No issues"
1232,80,2025-10-01,"low",2025-09-30 21:19:00,2025-09-30 21:28:40,2025-09-30 21:17:30,59,-4.65072011221516,6336.5129295149,0.926972984432355,0.951067159175988,4.43882058894841e-34,4.85541831251053e-39,0.00257284544256896,2.8328932130183,1.912151,523.3967,1.920325,554.0137,1.890123,512.7573,"No issues","No issues","No issues"
1233,30,2025-09-29,"high",2025-09-29 06:41:30,2025-09-29 06:51:10,2025-09-29 06:40:00,59,-2.09012759789598,-4.11094330801333,0.969719550237438,0.000107163468716584,5.51659954013632e-45,0.937974581882079,0.000727974457141593,0.782672529992042,1.931926,452.2299,1.932317,452.2299,1.919414,446.7906,"No issues","No issues","No issues"
1233,90,2025-10-01,"low",2025-09-30 21:31:30,2025-09-30 21:41:10,2025-09-30 21:30:00,59,-3.52329151139693,1980.68046101693,0.947645133980601,0.683455517631779,3.33922204547042e-38,7.30778821245145e-16,0.00163226057800094,2.65681870848955,1.912532,508.4317,1.917041,518.8409,1.894409,503.5491,"No issues","No issues","No issues"
1234,10,2025-10-01,"low",2025-09-30 21:44:00,2025-09-30 21:53:40,2025-09-30 21:42:30,59,-2.64476459614259,1967.95183728812,0.92280021645659,0.82108872608365,2.16764782565917e-33,5.80079672743681e-23,0.00150774006888615,1.81060423336242,1.91164,508.0124,1.914682,515.0099,1.897674,500.6411,"No issues","No issues","No issues"
1234,40,2025-09-29,"high",2025-09-29 06:53:50,2025-09-29 07:03:30,2025-09-29 06:52:20,59,4.27495232261828,554.22898421974,0.982164143925119,0.639392509143063,1.54081378860955e-51,3.0948833400925e-14,0.00113545904437751,0.820366827076099,1.939772,449.8631,1.962292,450.5405,1.93391,445.1784,"No issues","No issues","No issues"
1235,20,2025-10-01,"low",2025-09-30 21:56:30,2025-09-30 22:06:10,2025-09-30 21:55:00,59,18.576477194623,3468.55244044417,0.935544163270683,0.95903502801121,1.25902454402328e-35,3.05230335716259e-41,0.00961053564170536,1.41293641328461,1.978698,502.6607,2.058061,517.5209,1.935929,493.7579,"No issues","No issues","No issues"
1235,50,2025-09-29,"high",2025-09-29 07:06:10,2025-09-29 07:15:50,2025-09-29 07:04:40,59,1.03063080771481,-826.278446756285,0.713491365928728,0.812310030479976,4.1775287829735e-17,2.28361172247224e-22,0.00128724991800973,0.782836929461677,1.935983,449.0012,1.941753,449.0012,1.932593,439.4183,"No issues","No issues","No issues"
1236,30,2025-10-01,"low",2025-09-30 22:09:00,2025-09-30 22:18:40,2025-09-30 22:07:30,59,-2.7138790414963,2144.1096210403,0.976269607007348,0.81730577938495,5.28840636313328e-48,1.05543627448025e-22,0.000833956358378069,1.99803164158584,1.914391,515.6325,1.914391,523.0732,1.894991,507.2916,"No issues","No issues","No issues"
1236,60,2025-09-29,"high",2025-09-29 07:18:30,2025-09-29 07:28:10,2025-09-29 07:17:00,59,9.97567835417883,847.072669549953,0.989977568275487,0.781415825325773,1.12705288705092e-58,1.78959242186045e-20,0.00197834290757735,0.883027406569475,1.947356,448.2637,2.002436,450.9244,1.937562,444.3102,"No issues","No issues","No issues"
1237,40,2025-10-01,"low",2025-09-30 22:21:30,2025-09-30 22:31:10,2025-09-30 22:20:00,59,6.63478224196376,5125.54870835767,0.943157669308182,0.984016278844702,3.48748000496699e-37,6.76545942827349e-53,0.00321037465587404,1.28754799565837,1.921072,549.3574,1.94896,578.0831,1.905107,544.9397,"No issues","No issues","No issues"
1237,70,2025-09-29,"high",2025-09-29 07:30:50,2025-09-29 07:40:30,2025-09-29 07:29:20,59,2.33142749736985,-899.18121145529,0.956627091012813,0.855477928748505,1.55640339032561e-40,1.29682830715399e-25,0.000978464578742537,0.728442311935211,1.939386,448.5655,1.949939,448.5655,1.933123,438.5009,"No issues","No issues","No issues"
1238,50,2025-10-01,"low",2025-09-30 22:34:00,2025-09-30 22:43:40,2025-09-30 22:32:30,59,-1.53918292460563,4480.43015593219,0.856038089821866,0.834933727999499,1.16058903408845e-25,5.7955009710198e-24,0.00124409272027708,3.92652292087308,1.916261,522.4948,1.920204,533.2739,1.909614,502.3924,"No issues","No issues","No issues"
1238,80,2025-09-29,"high",2025-09-29 07:43:10,2025-09-29 07:52:50,2025-09-29 07:41:40,59,3.76444446522496,-825.467670368228,0.968707272169513,0.876752835961584,1.4089699467578e-44,1.3701657209891e-27,0.00133355699722474,0.610007539643429,1.938128,446.4812,1.960172,446.4812,1.933522,438.4813,"No issues","No issues","No issues"
1239,60,2025-10-01,"low",2025-09-30 22:46:30,2025-09-30 22:56:10,2025-09-30 22:45:00,59,-2.61838608533023,4488.88897346578,0.889094278374842,0.964920124517057,6.72818725224655e-29,3.66217645207793e-43,0.00182272860451904,1.68697038982851,1.905473,533.402,1.910586,553.5768,1.892931,525.1812,"No issues","No issues","No issues"
1239,90,2025-09-29,"high",2025-09-29 07:55:30,2025-09-29 08:05:10,2025-09-29 07:54:00,59,-1.62577380245469,1225.47391700759,0.919216433210526,0.882407906701516,7.91499481315372e-33,3.58149234532313e-28,0.000949943990922083,0.881746397394956,1.932641,448.1397,1.933915,451.8111,1.923082,442.7885,"No issues","No issues","No issues"
1240,10,2025-09-29,"high",2025-09-29 08:07:50,2025-09-29 08:17:30,2025-09-29 08:06:20,59,0.541317461133823,1340.53978071303,0.698521366721931,0.890786611298673,1.80175814205652e-16,4.33686332697053e-29,0.000700931720078894,0.925158330306091,1.934594,447.8162,1.937619,452.1094,1.932942,442.4528,"No issues","No issues","No issues"
1240,70,2025-10-01,"low",2025-09-30 22:59:00,2025-09-30 23:08:40,2025-09-30 22:57:30,59,-4.63888265575692,5818.82917592049,0.949008671695791,0.906784295053227,1.57294472975749e-38,4.71011384881455e-31,0.00211939407325571,3.67716750364325,1.909673,507.5814,1.917602,527.0837,1.888463,488.3356,"No issues","No issues","No issues"
1241,20,2025-09-29,"high",2025-09-29 08:20:10,2025-09-29 08:29:50,2025-09-29 08:18:40,59,1.02676426884858,551.165899707767,0.473058499558047,0.651614367998634,1.76608924338279e-09,1.14806396991199e-14,0.00213589441568657,0.794332603465386,1.935536,446.7907,1.942962,447.1165,1.932763,442.0973,"No issues","No issues","No issues"
1241,80,2025-10-01,"low",2025-09-30 23:11:30,2025-09-30 23:21:10,2025-09-30 23:10:00,59,-5.12065481239049,7211.70433009934,0.899013678357105,0.876352851742314,4.63312965499994e-30,1.50304759100352e-27,0.0033826641770315,5.33919422433288,1.912864,497.6311,1.925405,520.8805,1.891382,472.5276,"No issues","No issues","No issues"
1242,30,2025-09-29,"high",2025-09-29 08:32:30,2025-09-29 08:42:10,2025-09-29 08:31:00,59,-1.59563883576863,85.5365554646252,0.922272264862949,0.0906051879398601,2.63309471108591e-33,0.0205244604183798,0.000913015786535176,0.534117388850153,1.930924,443.962,1.933679,443.962,1.922825,440.8702,"No issues","No issues","No issues"
1242,90,2025-10-01,"low",2025-09-30 23:24:00,2025-09-30 23:33:40,2025-09-30 23:22:30,59,-3.33203645119819,2149.97744850963,0.886550863640101,0.631591629477038,1.28571005202146e-28,5.72893832911535e-14,0.00234932861634167,3.23642630797551,1.921496,473.1161,1.932406,473.1161,1.909946,454.6544,"No issues","No issues","No issues"
1243,10,2025-10-01,"low",2025-09-30 23:36:30,2025-09-30 23:46:10,2025-09-30 23:35:00,59,-2.42276860783174,1933.11885166568,0.759451119156343,0.645578254127536,2.77869621654775e-19,1.8814786352213e-14,0.00268750296093651,2.82312134929406,1.924745,472.8235,1.937193,472.8235,1.919357,456.4088,"No issues","No issues","No issues"
1243,40,2025-09-29,"high",2025-09-29 08:44:50,2025-09-29 08:54:30,2025-09-29 08:43:20,59,7.45960380596133,866.91760327292,0.992843686500528,0.823507353113345,7.62519830714157e-63,3.93014627299867e-23,0.00124826058625234,0.791029437329234,1.940476,445.5177,1.983695,448.3511,1.935159,441.3684,"No issues","No issues","No issues"
1244,20,2025-10-01,"low",2025-09-30 23:49:00,2025-09-30 23:58:40,2025-09-30 23:47:30,59,18.0972419964932,2756.32123623611,0.976477502078032,0.722750299245684,4.11497946503926e-48,1.62797936188406e-17,0.0055361551018591,3.36477857946142,1.977516,472.804,2.071875,474.4038,1.956897,453.9739,"No issues","No issues","No issues"
1244,50,2025-09-29,"high",2025-09-29 08:57:10,2025-09-29 09:06:50,2025-09-29 08:55:40,59,3.10749996960834,-596.016538632399,0.937724250986598,0.771606339386338,4.71697062448349e-36,6.29132584169973e-20,0.0015784044459154,0.639127782610887,1.937235,443.0234,1.957316,443.0234,1.934357,436.6694,"No issues","No issues","No issues"
1245,30,2025-10-01,"low",2025-10-01 00:01:30,2025-10-01 00:11:10,2025-10-01 00:00:00,59,-2.6882024360024,2329.63794178841,0.821814857174968,0.615239552670149,5.1637624210206e-23,1.99991370095987e-13,0.00246715239966927,3.6311716074987,1.937972,474.5872,1.948957,474.5872,1.930116,454.2066,"No issues","No issues","No issues"
1245,60,2025-09-29,"high",2025-09-29 09:09:30,2025-09-29 09:19:10,2025-09-29 09:08:00,59,13.7176956820572,803.134608533006,0.995591810073654,0.859567205830298,7.66378254979841e-69,5.70974372103854e-26,0.0017991025195777,0.63983493201489,1.944847,444.1264,2.027524,447.8381,1.93852,441.1779,"No issues","No issues","No issues"
1246,40,2025-10-01,"low",2025-10-01 00:14:00,2025-10-01 00:23:40,2025-10-01 00:12:30,59,6.09965619170067,6637.38206896551,0.998946307171599,0.861605581595548,1.47798076949774e-86,3.75965816364461e-26,0.000390460002110959,5.24308755133298,1.952401,486.8024,1.992352,504.4674,1.952401,458.6257,"No issues","No issues","No issues"
1246,70,2025-09-29,"high",2025-09-29 09:21:50,2025-09-29 09:31:30,2025-09-29 09:20:20,59,4.04484099590871,-321.489047340743,0.984143162292978,0.498814015829055,5.39042283261652e-53,4.13031304196114e-10,0.00101196586038239,0.635157708051309,1.939986,442.7383,1.963099,442.7383,1.935623,438.9773,"No issues","No issues","No issues"
1247,50,2025-10-01,"low",2025-10-01 00:26:30,2025-10-01 00:36:10,2025-10-01 00:25:00,59,-1.58860614845129,4999.26054003505,0.681766000922859,0.837528148232081,8.51500276063019e-16,3.68432646594637e-24,0.00213922819512853,4.33990663467973,1.940041,481.9045,1.949417,495.6753,1.937209,460.3777,"No issues","No issues","No issues"
1247,80,2025-09-29,"high",2025-09-29 09:34:10,2025-09-29 09:43:50,2025-09-29 09:32:40,59,6.86298024547041,-745.653966101702,0.983560895746892,0.860967494611939,1.50695964936125e-52,4.28784958520562e-26,0.00174878513571736,0.590591762942366,1.93852,443.1651,1.982286,443.1651,1.935827,437.0595,"No issues","No issues","No issues"
1248,60,2025-10-01,"low",2025-10-01 00:39:00,2025-10-01 00:48:40,2025-10-01 00:37:30,59,-2.31115707773238,4221.28287457625,0.596056900499329,0.730894821057408,8.12310371896963e-13,6.92274592246047e-18,0.0037499973124027,5.04851089660774,1.928246,490.2089,1.945555,493.9295,1.926067,462.546,"No issues","No issues","No issues"
1248,90,2025-09-29,"high",2025-09-29 09:46:30,2025-09-29 09:56:10,2025-09-29 09:45:00,59,-0.853797629456486,973.791777440087,0.671654016699193,0.918550759907374,2.09145895189111e-15,1.00040656831073e-32,0.0011766119284006,0.57153561383198,1.935708,444.1812,1.937619,448.8727,1.93082,441.8778,"No issues","No issues","No issues"
1249,10,2025-09-29,"high",2025-09-29 09:58:50,2025-09-29 10:08:30,2025-09-29 09:57:20,59,1.93220698071294,2200.12514973699,0.96159855383938,0.977962144015893,4.83296412856897e-42,6.41353390530477e-49,0.000761054559906515,0.650962978779016,1.936086,445.101,1.948388,456.6968,1.9346,442.1722,"No issues","No issues","No issues"
1249,70,2025-10-01,"low",2025-10-01 00:51:30,2025-10-01 01:01:10,2025-10-01 00:50:00,59,-4.4158237101111,6215.56378632376,0.927911139725877,0.94475185255749,3.0691436142823e-34,1.54904714659648e-37,0.00242592778652383,2.96255054068094,1.927133,477.2654,1.937733,503.1381,1.90919,461.9323,"No issues","No issues","No issues"
1250,20,2025-09-29,"high",2025-09-29 10:11:10,2025-09-29 10:20:50,2025-09-29 10:09:40,59,2.34348713968434,594.306717475138,0.792115095787089,0.660778459600255,4.25349937640872e-21,5.33512557347318e-15,0.00236627471429687,0.839285399392638,1.937599,445.8459,1.9538,447.0566,1.934813,441.6681,"No issues","No issues","No issues"
1250,80,2025-10-01,"low",2025-10-01 01:04:00,2025-10-01 01:13:40,2025-10-01 01:02:30,59,-5.34929718760966,8708.84110625365,0.894714632518903,0.954163414657533,1.52363896461561e-29,7.52459190773828e-40,0.00361679356646156,3.76218694031997,1.926929,476.2906,1.940398,516.9059,1.904827,460.8577,"No issues","No issues","No issues"
1251,30,2025-09-29,"high",2025-09-29 10:23:30,2025-09-29 10:33:10,2025-09-29 10:22:00,59,-1.41894957334892,1463.82106744592,0.831319729372631,0.934112596261282,1.07662557635369e-23,2.35639909862752e-35,0.00125979627249353,0.766257666772451,1.933973,444.7182,1.936685,452.5055,1.926423,441.9375,"No issues","No issues","No issues"
1251,90,2025-10-01,"low",2025-10-01 01:16:30,2025-10-01 01:26:10,2025-10-01 01:15:00,59,-3.49895206078323,2539.03028591466,0.940314486707868,0.913717416340505,1.40365357355571e-36,5.18571998474113e-32,0.00173748535140892,1.5378315151977,1.932944,464.1721,1.939793,474.3268,1.91729,457.0481,"No issues","No issues","No issues"
1252,10,2025-10-01,"low",2025-10-01 01:29:00,2025-10-01 01:38:40,2025-10-01 01:27:30,59,-2.56664404909417,2133.49135897135,0.896498460519613,0.913586726558165,9.35322456860687e-30,5.41467608338529e-32,0.00171889572152318,1.29327678751105,1.934875,459.8672,1.940711,468.2391,1.92353,453.7784,"No issues","No issues","No issues"
1252,40,2025-09-29,"high",2025-09-29 10:35:50,2025-09-29 10:45:30,2025-09-29 10:34:20,59,9.46881434482753,1616.77658819402,0.991111907964418,0.909880683013194,3.67294202642507e-60,1.79551678974841e-31,0.00176735495713862,1.00288697628363,1.945549,445.947,1.999406,453.3786,1.938056,441.4651,"No issues","No issues","No issues"
1253,20,2025-10-01,"low",2025-10-01 01:41:30,2025-10-01 01:51:10,2025-10-01 01:40:00,59,17.3536692554062,3105.24341975452,0.966067797676673,0.927689991191771,1.41833661678839e-43,3.34949519869267e-34,0.0064103064736944,1.70875059311882,1.979703,458.7159,2.065166,471.9648,1.95385,451.3009,"No issues","No issues","No issues"
1253,50,2025-09-29,"high",2025-09-29 10:48:10,2025-09-29 10:57:50,2025-09-29 10:46:40,59,3.82843853652831,911.027656341311,0.949593725611233,0.783929071456037,1.13174920658189e-38,1.2851346014405e-20,0.00173852250521619,0.942706717272007,1.942826,444.7108,1.966593,448.8669,1.938902,441.3977,"No issues","No issues","No issues"
1254,30,2025-10-01,"low",2025-10-01 01:54:00,2025-10-01 02:03:40,2025-10-01 01:52:30,59,-3.06061875394509,2548.79091057859,0.987161170746268,0.923703726577303,1.3115437242093e-55,1.5490677286071e-33,0.000687959973207221,1.44379249941352,1.941103,458.3149,1.941103,469.2816,1.91955,452.1414,"No issues","No issues","No issues"
1254,60,2025-09-29,"high",2025-09-29 11:00:30,2025-09-29 11:10:10,2025-09-29 10:59:00,59,22.9797332647574,2045.18460035066,0.996997221557148,0.95993905468301,1.35563426368953e-73,1.61518931275939e-41,0.00248567824024757,0.823486599666372,1.953437,445.5677,2.093028,456.2498,1.946439,442.5336,"No issues","No issues","No issues"
1255,40,2025-10-01,"low",2025-10-01 02:06:30,2025-10-01 02:16:10,2025-10-01 02:05:00,59,5.29134808649906,7222.9956638223,0.953619941795894,0.962236040898092,1.0531608735419e-39,2.99831995342329e-42,0.00230000918895356,2.82033411150475,1.952982,468.4525,1.976783,502.5441,1.941262,456.3167,"No issues","No issues","No issues"
1255,70,2025-09-29,"high",2025-09-29 11:12:50,2025-09-29 11:22:30,2025-09-29 11:11:20,59,7.96548211805957,1890.68089865575,0.984816492379065,0.282832251004508,1.56463140609226e-53,1.46044703173313e-05,0.00194942137129311,5.93402543672313,1.944792,444.3608,1.98883,468.337,1.93871,441.5982,"No issues","No issues","No issues"
1256,50,2025-10-01,"low",2025-10-01 02:19:00,2025-10-01 02:28:40,2025-10-01 02:17:30,59,-2.29831827001767,5996.60018047924,0.975542116841177,0.954641233441222,1.25091626661122e-47,5.58051137674655e-40,0.000717268646036658,2.57632634013508,1.938554,468.3365,1.938554,495.7204,1.923483,457.0306,"No issues","No issues","No issues"
1256,80,2025-09-29,"high",2025-09-29 11:25:10,2025-09-29 11:34:50,2025-09-29 11:23:40,59,9.19813844535357,547.306632378713,0.989194616638324,0.473296714048315,9.61882027943937e-58,1.743065924603e-09,0.00189480453847027,1.13797373061224,1.949069,446.3451,2.001822,448.7669,1.940788,442.0882,"No issues","No issues","No issues"
1257,60,2025-10-01,"low",2025-10-01 02:31:30,2025-10-01 02:41:10,2025-10-01 02:30:00,59,-2.91574095149044,5358.66060455873,0.900332433667491,0.939817079100224,3.18324523918132e-30,1.77866467128457e-36,0.00191209590849711,2.67273851691743,1.931979,470.9763,1.937009,492.5041,1.917638,458.0107,"No issues","No issues","No issues"
1257,90,2025-09-29,"high",2025-09-29 11:37:30,2025-09-29 11:47:10,2025-09-29 11:36:00,59,1.12277633196951,3911.17691361776,0.105974510103063,0.591763211098065,0.0118715228148972,1.10173552320494e-12,0.00642765780074007,6.40287179059964,1.940844,445.8793,1.970857,482.7684,1.936781,443.0332,"No issues","No issues","No issues"
1258,70,2025-10-01,"low",2025-10-01 02:44:00,2025-10-01 02:53:40,2025-10-01 02:42:30,59,-5.12084619520756,7738.80856201051,0.98601164457712,0.975165671505086,1.51147966849608e-54,1.93359482226148e-47,0.00120217943862092,2.43414456939824,1.927518,469.3967,1.931546,508.6116,1.899411,458.6866,"No issues","No issues","No issues"
1259,20,2025-09-29,"high",2025-09-29 12:19:40,2025-09-29 12:29:30,2025-09-29 12:18:20,60,2.69090891469853,1566.61581906086,0.835878315671928,0.898114329964849,1.97553839076927e-24,1.88864798582501e-30,0.00238999508867359,1.05764471935857,1.944358,448.9088,1.959894,455.0097,1.938369,443.5722,"No issues","No issues","No issues"
1259,80,2025-10-01,"low",2025-10-01 02:56:30,2025-10-01 03:06:10,2025-10-01 02:55:00,59,-5.9369959462303,10672.6748296902,0.946061522196217,0.967794631503298,7.81325665625236e-38,3.19828735621108e-44,0.00279409817845338,3.83734694077105,1.925817,473.8985,1.934315,525.2528,1.897085,457.4849,"No issues","No issues","No issues"
1260,30,2025-09-29,"high",2025-09-29 12:32:00,2025-09-29 12:41:50,2025-09-29 12:30:40,60,-1.57210813670459,2621.11670397333,0.831617369273986,0.973365619984785,4.16447232104372e-24,2.30066569894593e-47,0.00141793343314061,0.869072905888782,1.937984,445.8586,1.93998,460.8213,1.928079,443.0365,"No issues","No issues","No issues"
1260,90,2025-10-01,"low",2025-10-01 03:09:00,2025-10-01 03:18:40,2025-10-01 03:07:30,59,-4.26300629807132,3176.17872869665,0.979210326877711,0.935815048050724,1.2166401092663e-49,1.11646789057845e-35,0.00122429779898484,1.63950138299718,1.932258,457.1248,1.937029,469.4764,1.910408,448.4309,"No issues","No issues","No issues"
1261,10,2025-10-01,"low",2025-10-01 03:21:30,2025-10-01 03:31:10,2025-10-01 03:20:00,59,-3.24611263588551,2897.12470555229,0.945624025602724,0.956138147901537,9.83823946802131e-38,2.14278746009565e-40,0.00153423935590462,1.22302576482811,1.934284,453.8538,1.938754,467.0421,1.918397,447.9898,"No issues","No issues","No issues"
1261,40,2025-09-29,"high",2025-09-29 12:44:20,2025-09-29 12:54:10,2025-09-29 12:43:00,60,9.6446430675188,2228.0459176438,0.986048952454437,0.907634849134618,1.64021339375748e-55,1.0924490044849e-31,0.00229946545193487,1.42465329039164,1.952174,449.6248,2.005614,459.2412,1.941483,443.1217,"No issues","No issues","No issues"
1262,20,2025-10-01,"low",2025-10-01 03:34:00,2025-10-01 03:43:40,2025-10-01 03:32:30,59,16.7853173302162,3329.17752518993,0.963600351001315,0.940300166198399,1.04988542304386e-42,1.41329398247752e-36,0.00643005867152501,1.65339079410126,1.977541,456.6245,2.058805,471.404,1.950213,448.9591,"No issues","No issues","No issues"
1262,50,2025-09-29,"high",2025-09-29 12:56:40,2025-09-29 13:06:30,2025-09-29 12:55:20,60,5.11670282634068,1410.2690053904,0.978300264492491,0.936930401572877,6.02748966583463e-50,1.68576294963987e-36,0.00152745310902227,0.733406722257678,1.946748,444.6821,1.975682,452.0276,1.939453,442.1769,"No issues","No issues","No issues"
1263,30,2025-10-01,"low",2025-10-01 03:46:30,2025-10-01 03:56:10,2025-10-01 03:45:00,59,-2.94466904500306,2618.25832846288,0.966286152048117,0.9282459665817,1.1798473530484e-43,2.68731916445691e-34,0.0010841092039129,1.43479341232452,1.93768,455.4323,1.93807,466.8534,1.920036,449.1739,"No issues","No issues","No issues"
1263,60,2025-09-29,"high",2025-09-29 13:09:00,2025-09-29 13:18:50,2025-09-29 13:07:40,60,23.5588966179495,2932.87054226175,0.989102502013843,0.980609819106615,1.26803418291321e-58,2.30322850407535e-51,0.00495660433875595,0.826651128331808,1.969257,446.4239,2.101128,463.1746,1.947105,442.9991,"No issues","No issues","No issues"
1264,40,2025-10-01,"low",2025-10-01 03:59:00,2025-10-01 04:08:40,2025-10-01 03:57:30,59,6.0154846148451,6580.25914576271,0.982103994863886,0.955489103818898,1.69603139937354e-51,3.25786775175358e-40,0.00160049818475678,2.79929426082322,1.948318,465.8147,1.980413,496.4782,1.94113,453.7836,"No issues","No issues","No issues"
1264,70,2025-09-29,"high",2025-09-29 13:21:20,2025-09-29 13:31:10,2025-09-29 13:20:00,60,8.89807528757999,1927.35795320922,0.981431983117231,0.962809270689916,6.55371276968185e-52,3.70604815448199e-43,0.00245321319332678,0.75926984855931,1.955578,445.1612,2.002286,456.4241,1.942362,443.0066,"No issues","No issues","No issues"
1265,50,2025-10-01,"low",2025-10-01 04:11:30,2025-10-01 04:21:10,2025-10-01 04:10:00,59,-2.44811193454127,5758.94624991232,0.96285173266054,0.960653803019709,1.87621972677017e-42,9.66589792989031e-42,0.00094777685870268,2.29718625654071,1.935893,465.8729,1.936427,493.3752,1.921501,455.2954,"No issues","No issues","No issues"
1265,80,2025-09-29,"high",2025-09-29 13:33:40,2025-09-29 13:43:30,2025-09-29 13:32:20,60,8.02141104973599,319.974417782727,0.986333958204951,0.411684018475285,9.01325308585464e-56,3.31110410286781e-08,0.00189254715501466,0.766699419349425,1.949627,444.4411,1.996084,446.0919,1.940848,441.7066,"No issues","No issues","No issues"
1266,60,2025-10-01,"low",2025-10-01 04:24:00,2025-10-01 04:33:40,2025-10-01 04:22:30,59,-2.97555540385742,5786.5782929281,0.869629523660778,0.954617323586876,6.82248561742896e-27,5.66502707151622e-40,0.00227078379329537,2.48678069135838,1.929939,468.2641,1.937516,493.3855,1.91671,456.8625,"No issues","No issues","No issues"
1266,90,2025-09-29,"high",2025-09-29 13:46:00,2025-09-29 13:55:50,2025-09-29 13:44:40,60,-0.770935028619031,2293.6948894693,0.649606920036449,0.977477529929588,7.94906001861436e-15,1.77418423927489e-49,0.00113489785643996,0.697873685206233,1.941125,445.3559,1.941125,458.4492,1.934181,443.2311,"No issues","No issues","No issues"
1267,10,2025-09-29,"high",2025-09-29 13:58:20,2025-09-29 14:08:10,2025-09-29 13:57:00,60,3.07087998221727,3732.48708196722,0.969184169201052,0.982564638702197,1.58257293964772e-45,1.05570571283134e-52,0.00109757242097068,0.996597472986137,1.944966,447.3822,1.960335,468.6853,1.938821,443.4788,"No issues","No issues","No issues"
1267,70,2025-10-01,"low",2025-10-01 04:36:30,2025-10-01 04:46:10,2025-10-01 04:35:00,59,-4.45613529398018,6572.20718082991,0.967340675303268,0.970444872134416,4.76722052034719e-44,2.76327818693381e-45,0.00161382894305687,2.26061959938655,1.924564,471.2081,1.92968,502.8129,1.902199,460.3769,"No issues","No issues","No issues"
1268,20,2025-09-29,"high",2025-09-29 14:10:40,2025-09-29 14:20:30,2025-09-29 14:09:20,60,3.36671079744381,1992.81902484025,0.892802587394122,0.942344210568443,8.26906343876064e-30,1.24523810128686e-37,0.00233833538158861,0.98803219557964,1.944854,449.4193,1.963972,457.2203,1.938116,443.9217,"No issues","No issues","No issues"
1268,80,2025-10-01,"low",2025-10-01 04:49:00,2025-10-01 04:58:40,2025-10-01 04:47:30,59,-6.07964835534781,10308.6170426651,0.933169233091262,0.966646414143536,3.53525515778905e-35,8.68505633852472e-44,0.00320679895719315,3.77418432456457,1.926062,471.3561,1.935384,522.0547,1.896283,457.1255,"No issues","No issues","No issues"
1269,30,2025-09-29,"high",2025-09-29 14:23:00,2025-09-29 14:32:50,2025-09-29 14:21:40,60,-2.13989681578207,2766.9533741595,0.957157279354405,0.958602916787158,2.24891664063911e-41,8.30510849542051e-42,0.000907457424158643,1.15253440028493,1.938785,447.4918,1.938785,462.0784,1.924296,443.0552,"No issues","No issues","No issues"
1269,90,2025-10-01,"low",2025-10-01 05:01:30,2025-10-01 05:11:10,2025-10-01 05:00:00,59,-3.68272349737002,2738.53268310926,0.963033635286787,0.936964646648058,1.63112519225509e-42,6.66640855037272e-36,0.00142212251890232,1.40001819028381,1.930773,457.356,1.935778,469.2717,1.912457,451.3438,"No issues","No issues","No issues"
1270,10,2025-10-01,"low",2025-10-01 05:14:00,2025-10-01 05:23:40,2025-10-01 05:12:30,59,-2.98018494915255,2630.84515721799,0.924934868931445,0.957520082246554,9.73726457347338e-34,8.59869461462521e-41,0.00167337016319562,1.09219059426895,1.933238,453.3918,1.93847,465.5998,1.919308,448.8856,"No issues","No issues","No issues"
1270,40,2025-09-29,"high",2025-09-29 14:35:20,2025-09-29 14:45:10,2025-09-29 14:34:00,60,10.3136853926091,2003.810381995,0.990253416187428,0.943550530619292,4.97886142796834e-60,6.74024471854563e-38,0.00205094244770523,0.98240492409826,1.948919,448.0078,2.00736,457.2428,1.940391,443.6895,"No issues","No issues","No issues"
1271,20,2025-10-01,"low",2025-10-01 05:26:30,2025-10-01 05:36:10,2025-10-01 05:25:00,59,16.2378508755113,3190.34802571594,0.963277610353251,0.92848288980384,1.35043488259216e-42,2.44528539830457e-34,0.0062488994894658,1.74518448883664,1.975432,455.6144,2.052984,468.8743,1.948026,447.6676,"No issues","No issues","No issues"
1271,50,2025-09-29,"high",2025-09-29 14:47:40,2025-09-29 14:57:30,2025-09-29 14:46:20,60,5.78142371103091,1738.95251436511,0.98183184748139,0.963137587834592,3.48509038386816e-52,2.8652478553886e-43,0.00157637007941314,0.681902040451303,1.945716,444.1039,1.978998,455.075,1.938508,442.4373,"No issues","No issues","No issues"
1272,30,2025-10-01,"low",2025-10-01 05:39:00,2025-10-01 05:48:40,2025-10-01 05:37:30,59,-3.36205477030979,2920.90939848041,0.977783607127263,0.948420897315923,8.07245337721153e-49,2.18122636967731e-38,0.000998861877234924,1.34257846422702,1.936075,454.2048,1.936075,468.0488,1.915603,449.0359,"No issues","No issues","No issues"
1272,60,2025-09-29,"high",2025-09-29 15:00:00,2025-09-29 15:09:50,2025-09-29 14:58:40,60,23.8212244467909,3083.7590557377,0.990549559701902,0.988520626431519,2.03449349604962e-60,5.73330175906709e-58,0.00466378536989618,0.666090473541486,1.965776,446.3738,2.100241,464.1221,1.945546,443.8646,"No issues","No issues","No issues"
1273,40,2025-10-01,"low",2025-10-01 05:51:30,2025-10-01 06:01:10,2025-10-01 05:50:00,59,5.71419150438333,7644.77339754529,0.98049688526311,0.975200494247809,1.96875571452167e-50,1.85776256035579e-47,0.0015884330923875,2.40283765777924,1.949745,464.543,1.979944,504.1137,1.942738,455.4154,"No issues","No issues","No issues"
1273,70,2025-09-29,"high",2025-09-29 15:12:20,2025-09-29 15:22:10,2025-09-29 15:11:00,60,9.34330440233397,2244.69017304807,0.982415844554925,0.960660763177601,1.35083084851284e-52,1.89114674976328e-42,0.00250553304031418,0.910481030428587,1.956098,447.8386,2.005262,459.2217,1.942204,443.4142,"No issues","No issues","No issues"
1274,50,2025-10-01,"low",2025-10-01 06:04:00,2025-10-01 06:13:40,2025-10-01 06:02:30,59,-2.12764620455881,5735.12833009935,0.913354977203366,0.964026623860493,5.84488130616778e-32,7.50314463635544e-43,0.00129162570596401,2.18360702060677,1.93923,464.8416,1.942692,492.1165,1.928908,455.7961,"No issues","No issues","No issues"
1274,80,2025-09-29,"high",2025-09-29 15:24:40,2025-09-29 15:34:30,2025-09-29 15:23:20,60,8.37339826396224,1816.7646088358,0.984457244651669,0.985041092743033,3.76663798869453e-54,1.24054747679782e-54,0.00210888977788962,0.44875363513711,1.948045,443.9258,1.996491,455.1434,1.939653,442.2105,"No issues","No issues","No issues"
1275,60,2025-10-01,"low",2025-10-01 06:16:30,2025-10-01 06:26:10,2025-10-01 06:15:00,59,-2.69697473758041,3147.19736107538,0.772731079406531,0.862623699807672,5.46179705845278e-20,3.04445275386191e-26,0.00288282294183352,2.47545165959469,1.934417,468.3017,1.945163,476.3423,1.925091,454.9331,"No issues","No issues","No issues"
1275,90,2025-09-29,"high",2025-09-29 15:37:00,2025-09-29 15:46:50,2025-09-29 15:35:40,60,-1.08044748430121,2533.243654793,0.781065447775885,0.977456868253647,8.69198171181607e-21,1.82201454784528e-49,0.00114657814917332,0.77111978222095,1.940586,447.0378,1.940723,460.464,1.932363,443.5374,"No issues","No issues","No issues"
1276,10,2025-09-29,"high",2025-09-29 15:49:20,2025-09-29 15:59:10,2025-09-29 15:48:00,60,2.09577567991119,3786.46213903863,0.941100798913489,0.983916660376588,2.31343321016689e-37,1.01547106261667e-53,0.00105091595401641,0.970351620955229,1.943257,447.8897,1.953166,468.7745,1.938037,443.5009,"No issues","No issues","No issues"
1276,70,2025-10-01,"low",2025-10-01 06:29:00,2025-10-01 06:38:40,2025-10-01 06:27:30,59,-6.06297886148456,7249.65584570426,0.976105875532664,0.962627767046213,6.43378324808845e-48,2.22705663979526e-42,0.00186968484534841,2.81545103077347,1.932189,467.6221,1.939413,504.5712,1.901128,457.5003,"No issues","No issues","No issues"
1277,20,2025-09-30,"high",2025-09-29 16:01:40,2025-09-29 16:11:30,2025-09-29 16:00:20,60,4.14907612114483,2061.84194187275,0.943915636728064,0.959744162877552,5.58303783665558e-38,3.68986408340375e-42,0.00202717978630888,0.846405777190549,1.944303,448.579,1.968877,458.153,1.938305,444.5266,"No issues","No issues","No issues"
1277,80,2025-10-01,"low",2025-10-01 06:41:30,2025-10-01 06:51:10,2025-10-01 06:40:00,59,-6.02314598714213,4919.72229573348,0.925787156416342,0.900099405014348,7.02923029642819e-34,3.40274580847444e-30,0.00336118646962436,3.23046206354639,1.930066,469.2292,1.941837,485.4032,1.902698,452.075,"No issues","No issues","No issues"
1278,30,2025-09-30,"high",2025-09-29 16:14:00,2025-09-29 16:23:50,2025-09-29 16:12:40,60,-2.16559835509862,2413.92165379273,0.946796784000558,0.98609014347138,1.20786571208663e-38,1.50539583366242e-55,0.0010289754808583,0.574662350287481,1.937809,445.3027,1.938242,459.8843,1.92423,443.3066,"No issues","No issues","No issues"
1278,90,2025-10-01,"low",2025-10-01 06:54:00,2025-10-01 07:03:40,2025-10-01 06:52:30,59,-4.04408202922271,2330.22572437169,0.954232433188832,0.916686837557768,7.20802809174167e-40,1.90835453473989e-32,0.00174564945793423,1.38461668609801,1.93664,455.6122,1.944364,464.4761,1.918427,448.5378,"No issues","No issues","No issues"
1279,10,2025-10-01,"low",2025-10-01 07:06:30,2025-10-01 07:16:10,2025-10-01 07:05:00,59,-3.31690862419639,1800.18773021624,0.921641044936961,0.924095249551284,3.31680140689029e-33,1.33752594874272e-33,0.00190626018957387,1.01690214475458,1.938605,452.8286,1.945857,459.5205,1.924266,447.4218,"No issues","No issues","No issues"
1279,40,2025-09-30,"high",2025-09-29 16:26:20,2025-09-29 16:36:10,2025-09-29 16:25:00,60,14.5547092147819,2697.06758544041,0.9947038639621,0.989784902618465,1.03343601512726e-67,1.94330933976945e-59,0.00212874065527437,0.549198358299281,1.946386,445.8723,2.035064,461.7753,1.940489,443.6599,"No issues","No issues","No issues"
1280,20,2025-10-01,"low",2025-10-01 07:19:00,2025-10-01 07:28:40,2025-10-01 07:17:30,59,18.1927097042664,803.988004208052,0.979871374134051,0.658335732949968,4.84244783167551e-50,6.55721049063779e-15,0.00513931425884323,1.14159193396464,1.97501,453.1718,2.071314,453.3162,1.95544,446.0922,"No issues","No issues","No issues"
1280,50,2025-09-30,"high",2025-09-29 16:38:40,2025-09-29 16:48:30,2025-09-29 16:37:20,60,4.35793533759381,1685.24469952765,0.977303445950338,0.972458851528457,2.21824419296177e-49,6.07705498562743e-47,0.00133116713554231,0.56846657521143,1.947701,445.9667,1.972066,455.2695,1.940944,442.8964,"No issues","No issues","No issues"
1281,30,2025-10-01,"low",2025-10-01 07:31:30,2025-10-01 07:41:10,2025-10-01 07:30:00,59,-3.58787942489779,1311.80266604324,0.97782487147873,0.822131026646685,7.65571508857256e-49,4.9079973027218e-23,0.00106494119980868,1.20263363410956,1.940339,452.4602,1.941569,455.3602,1.919772,445.9847,"No issues","No issues","No issues"
1281,60,2025-09-30,"high",2025-09-29 16:51:00,2025-09-29 17:00:50,2025-09-29 16:49:40,60,21.9890888002223,3860.22855771049,0.993743415514799,0.993026462916024,1.29853480482655e-65,3.01969652093801e-64,0.00349723902229597,0.648404056897461,1.96056,446.5283,2.090488,470.8833,1.946709,445.5097,"No issues","No issues","No issues"
1282,40,2025-10-01,"low",2025-10-01 07:44:00,2025-10-01 07:47:00,2025-10-01 07:42:30,19,3.75871831578975,3447.54795789478,0.531627739125526,0.241118642433343,0.000397351304654566,0.0327699080765862,0.00223654907263216,3.87729413606995,1.950326,459.3203,1.953444,461.2901,1.943429,447.3643,"No issues","No issues","No issues"
1282,70,2025-09-30,"high",2025-09-29 17:03:20,2025-09-29 17:13:10,2025-09-29 17:02:00,60,7.97355639677689,3128.27116421229,0.984011095272615,0.974040061030405,8.56011090918642e-54,1.093149168387e-47,0.00203726717522646,1.02365679409255,1.955674,448.7903,1.998209,467.1719,1.944675,445.1913,"No issues","No issues","No issues"
1283,80,2025-09-30,"high",2025-09-29 17:15:40,2025-09-29 17:25:30,2025-09-29 17:14:20,60,7.83894356432343,3676.68934259519,0.989096249785692,0.993247728392773,1.28930625189621e-58,1.18528669613291e-64,0.00164972959353379,0.607630626366839,1.948719,447.5132,1.994755,469.3908,1.941977,445.0728,"No issues","No issues","No issues"
1284,90,2025-09-30,"high",2025-09-29 17:28:00,2025-09-29 17:37:50,2025-09-29 17:26:40,60,-1.72689233231446,3991.76457549319,0.951506966230548,0.990245122444869,8.19372454030305e-40,5.10322148148517e-60,0.000781421777246981,0.79412895784761,1.940958,448.8124,1.940958,472.328,1.929292,446.2332,"No issues","No issues","No issues"
1285,10,2025-09-30,"high",2025-09-29 17:40:20,2025-09-29 17:50:10,2025-09-29 17:39:00,60,2.11550532036682,3502.91356754654,0.957813360991584,0.987979691590186,1.43703842687934e-41,2.17994169303125e-57,0.000889913300275281,0.774461398109344,1.94163,449.652,1.9546,470.0009,1.939715,447.3235,"No issues","No issues","No issues"
1286,20,2025-09-30,"high",2025-09-29 17:52:40,2025-09-29 18:02:30,2025-09-29 17:51:20,60,3.42877643789947,3764.77489880522,0.93067949580394,0.993462124647176,2.6206333658311e-35,4.64936212185422e-65,0.00187567033842584,0.612164629893055,1.946099,449.8924,1.965308,472.3174,1.940067,447.64,"No issues","No issues","No issues"
1287,30,2025-09-30,"high",2025-09-29 18:05:00,2025-09-29 18:14:50,2025-09-29 18:03:40,60,-2.15621222784102,3207.30839099751,0.969383636018037,0.992114563905387,1.3107890210355e-45,1.06650169847944e-62,0.000768081007727754,0.573138026639325,1.937726,449.616,1.938353,469.7601,1.924813,448.6004,"No issues","No issues","No issues"
1288,40,2025-09-30,"high",2025-09-29 18:17:20,2025-09-29 18:27:10,2025-09-29 18:16:00,60,13.5869327079744,3619.86102095027,0.989351826528041,0.993199450250578,6.48006500236763e-59,1.45734728077257e-64,0.00282533637724783,0.600388313807356,1.952542,451.7737,2.030012,473.0764,1.941813,449.434,"No issues","No issues","No issues"
1289,50,2025-09-30,"high",2025-09-29 18:29:40,2025-09-29 18:39:30,2025-09-29 18:28:20,60,4.39113728035568,2948.62583073077,0.980459163535612,0.990913561492532,2.88301334937359e-51,6.51158969545768e-61,0.00124256865142798,0.565959277405919,1.945895,451.605,1.970078,470.2332,1.939613,451.0757,"No issues","No issues","No issues"
1290,60,2025-09-30,"high",2025-09-29 18:42:00,2025-09-29 18:51:50,2025-09-29 18:40:40,60,16.884871362045,3785.31711697694,0.991458910602778,0.995793717714957,1.08153172462386e-61,1.29506919228809e-70,0.00314125785606691,0.493120824177123,1.957812,453.9558,2.05515,477.4044,1.945133,453.1359,"No issues","No issues","No issues"
1291,70,2025-09-30,"high",2025-09-29 18:54:20,2025-09-29 19:04:10,2025-09-29 18:53:00,60,6.08987075076418,3255.71899038623,0.977492742474815,0.988640543487784,1.73974557312555e-49,4.22786299733891e-58,0.00185224807668149,0.699508568852209,1.952116,457.6072,1.98313,477.2831,1.94246,455.2826,"No issues","No issues","No issues"
1292,80,2025-09-30,"high",2025-09-29 19:06:40,2025-09-29 19:16:30,2025-09-29 19:05:20,60,6.14069910975271,3365.72328313421,0.986580446395989,0.992272148510915,5.31610510567555e-56,5.93863587622252e-63,0.00143551309467912,0.595359033716082,1.947623,456.0224,1.981953,476.1806,1.940516,453.7358,"No issues","No issues","No issues"
1293,90,2025-09-30,"high",2025-09-29 19:19:00,2025-09-29 19:28:50,2025-09-29 19:17:40,60,-1.22530828341199,2924.70272942484,0.86022872959798,0.977579298020187,1.84926083077222e-26,1.55574823862117e-49,0.000989997076557943,0.887803582568304,1.938079,458.1044,1.939898,474.3022,1.930995,455.4311,"No issues","No issues","No issues"
1294,10,2025-09-30,"high",2025-09-29 19:31:20,2025-09-29 19:41:10,2025-09-29 19:30:00,60,1.26297978771887,2506.76206679634,0.91459754154591,0.979622326967809,1.12126074524417e-32,9.73100097548562e-51,0.000773576253449574,0.724682258909365,1.942583,456.5578,1.949178,470.3186,1.939757,454.6478,"No issues","No issues","No issues"
1295,20,2025-09-30,"high",2025-09-29 19:43:40,2025-09-29 19:53:30,2025-09-29 19:42:20,60,2.19175025951652,2745.93949697138,0.874370011671935,0.974925660148544,8.32106204398821e-28,3.99335763244534e-48,0.00166523932041053,0.882686582589339,1.94602,458.4697,1.957819,473.2655,1.940868,454.726,"No issues","No issues","No issues"
1296,30,2025-09-30,"high",2025-09-29 19:56:00,2025-09-29 20:05:50,2025-09-29 19:54:40,60,-1.84591763489854,2346.73303828842,0.922065909751507,0.98647696777799,7.86068008637648e-34,6.64293427922894e-56,0.00107567637124708,0.550736438678419,1.937264,456.5688,1.940181,470.6441,1.927801,455.4265,"No issues","No issues","No issues"
1297,40,2025-09-30,"high",2025-09-29 20:08:20,2025-09-29 20:18:10,2025-09-29 20:07:00,60,8.44992720200051,2576.62641756043,0.983084936766495,0.980642785112555,4.3839880852038e-53,2.19229645215298e-51,0.00222167647930142,0.725611287510139,1.952586,456.2773,1.998232,471.5721,1.942763,452.898,"No issues","No issues","No issues"
1298,50,2025-09-30,"high",2025-09-29 20:20:40,2025-09-29 20:30:30,2025-09-29 20:19:20,60,2.43802843011952,2214.10284456793,0.942155391446627,0.96503868930393,1.36922028709233e-37,6.16401179458811e-44,0.00121086436363259,0.844706504105107,1.949498,459.6499,1.95961,470.9949,1.941875,456.9609,"No issues","No issues","No issues"
1299,60,2025-09-30,"high",2025-09-29 20:33:00,2025-09-29 20:42:50,2025-09-29 20:31:40,60,13.5637905195888,3069.04500850236,0.974212696135986,0.967910810243713,9.00757960692799e-48,5.12390025952688e-45,0.00442327262957243,1.12008639173494,1.969278,462.4239,2.037899,478.5634,1.948142,457.3703,"No issues","No issues","No issues"
1300,70,2025-09-30,"high",2025-09-29 20:45:20,2025-09-29 20:55:10,2025-09-29 20:44:00,60,4.29307171992222,2693.50631619894,0.950383731299284,0.95871419290577,1.59267267785512e-39,7.68105795174232e-42,0.00196615275149153,1.12036715191838,1.954054,460.8356,1.971764,474.9874,1.942262,457.1686,"No issues","No issues","No issues"
1301,80,2025-09-30,"high",2025-09-29 20:57:40,2025-09-29 21:07:30,2025-09-29 20:56:20,60,4.87891965545994,2727.98039633233,0.978652939523592,0.964108570275045,3.74702362351019e-50,1.32054792380872e-43,0.00144432494469349,1.05501882883644,1.948893,461.7819,1.974484,475.9948,1.940865,456.631,"No issues","No issues","No issues"
1302,90,2025-09-30,"high",2025-09-29 21:10:00,2025-09-29 21:19:50,2025-09-29 21:08:40,60,-1.44656526368436,2554.65522645179,0.909113449597679,0.964204318396469,6.8361784153772e-32,1.222052323764e-43,0.00091678048183851,0.98661936740091,1.936426,463.6047,1.937399,476.1089,1.927368,459.6015,"No issues","No issues","No issues"
1303,10,2025-09-30,"high",2025-09-29 21:22:20,2025-09-29 21:32:10,2025-09-29 21:21:00,60,0.640445821617179,2033.61408480135,0.760992465683271,0.945512709004307,1.12035271039423e-19,2.41360179411872e-38,0.000719423420046487,0.978518456667222,1.940309,463.1715,1.941932,473.6083,1.936087,458.7224,"No issues","No issues","No issues"
1304,20,2025-09-30,"high",2025-09-29 21:34:40,2025-09-29 21:44:30,2025-09-29 21:33:20,60,1.3772995432064,2313.82522522924,0.777410224727499,0.948504735387571,1.40809185663023e-20,4.68483022057835e-39,0.00147721069277474,1.08063991451991,1.942862,460.7564,1.948535,471.2588,1.936866,456.2656,"No issues","No issues","No issues"
1305,30,2025-09-30,"high",2025-09-29 21:47:00,2025-09-29 21:56:50,2025-09-29 21:45:40,60,-2.08592190275072,2066.97480766881,0.962830521349445,0.943154579936285,3.64508697553734e-43,8.25650921552507e-38,0.000821491194396447,1.01713369671228,1.934482,459.5642,1.935793,469.3853,1.922463,454.4125,"No issues","No issues","No issues"
1306,40,2025-09-30,"high",2025-09-29 21:59:20,2025-09-29 22:09:10,2025-09-29 21:58:00,60,6.81641552875797,2278.75359510976,0.978584406793762,0.971955444880515,4.11215940453202e-50,1.02785181342554e-46,0.00202119643585247,0.775862968382054,1.947067,456.7964,1.982398,469.0705,1.937753,454.2979,"No issues","No issues","No issues"
1307,50,2025-09-30,"high",2025-09-29 22:11:40,2025-09-29 22:21:30,2025-09-29 22:10:20,60,1.53845246790774,1996.1168929147,0.903583145021645,0.957585731406943,3.80221725268958e-31,1.67993630315117e-41,0.00100730980328495,0.842053501091601,1.941878,459.4273,1.948131,469.961,1.935944,456.4334,"No issues","No issues","No issues"
1308,60,2025-09-30,"high",2025-09-29 22:24:00,2025-09-29 22:33:50,2025-09-29 22:22:40,60,12.3976682767435,2922.38815048624,0.974917624054896,0.962471373254101,4.03065587970037e-48,4.81832409992586e-43,0.00398590501712459,1.15667641949788,1.960886,463.0755,2.022816,477.5042,1.940771,458.8212,"No issues","No issues","No issues"
1309,70,2025-09-30,"high",2025-09-29 22:36:20,2025-09-29 22:46:10,2025-09-29 22:35:00,60,3.57755248457907,2525.77808502363,0.943112195311653,0.950873883138705,8.43709668164572e-38,1.19393373840595e-39,0.00176116675394565,1.15073813984468,1.947742,463.8553,1.961819,476.751,1.936772,458.3751,"No issues","No issues","No issues"
1310,80,2025-09-30,"high",2025-09-29 22:48:40,2025-09-29 22:58:30,2025-09-29 22:47:20,60,4.33500368769106,2627.65607246459,0.973856055342501,0.960923216218371,1.34176066577576e-47,1.55726143318852e-42,0.00142368596057094,1.06211157416821,1.945307,461.6752,1.967231,474.4233,1.937323,457.9497,"No issues","No issues","No issues"
1311,90,2025-09-30,"high",2025-09-29 23:01:00,2025-09-29 23:10:50,2025-09-29 22:59:40,60,-1.44216916254516,2327.83501283691,0.86883062850505,0.919307755450666,2.91703128204735e-27,2.15830443866413e-33,0.0011231853244113,1.38236964906283,1.934821,462.603,1.937603,473.0461,1.927558,456.4138,"No issues","No issues","No issues"
1312,10,2025-09-30,"high",2025-09-29 23:13:20,2025-09-29 23:23:10,2025-09-29 23:12:00,60,0.329461517088157,1940.34988207836,0.341604697984271,0.922342252386537,9.4341115448046e-07,7.09021931444355e-34,0.000916795970892053,1.12852958652529,1.939043,460.2284,1.942089,467.8496,1.937872,454.7257,"No issues","No issues","No issues"
1313,20,2025-09-30,"high",2025-09-29 23:25:40,2025-09-29 23:35:30,2025-09-29 23:24:20,60,1.25044110475139,2293.30091603225,0.717725794418668,0.938624678135966,1.43560963231121e-17,7.64637946099186e-37,0.00157183197390474,1.17543470568438,1.941771,459.1571,1.949281,470.0794,1.938612,452.8127,"No issues","No issues","No issues"
1314,30,2025-09-30,"high",2025-09-29 23:38:00,2025-09-29 23:47:50,2025-09-29 23:36:40,60,-2.4432225129202,2406.06698393999,0.949882990224542,0.97121677852798,2.13160841730379e-39,2.18536725632527e-46,0.00112488234206006,0.830244262389243,1.935976,456.1295,1.939766,468.0124,1.923561,452.504,"No issues","No issues","No issues"
1315,40,2025-09-30,"high",2025-09-29 23:50:20,2025-09-30 00:00:10,2025-09-29 23:49:00,60,6.96245025395946,2432.98196432344,0.992838862971008,0.966602653389075,6.52138979230951e-64,1.63353112618065e-44,0.00118522354620672,0.906478353702514,1.946817,456.2581,1.987969,469.29,1.942373,452.4181,"No issues","No issues","No issues"
1316,50,2025-09-30,"high",2025-09-30 00:02:40,2025-09-30 00:12:30,2025-09-30 00:01:20,60,0.875818963045316,2363.00257360378,0.718568606518633,0.97150460080511,1.31562483712693e-17,1.63262832722702e-46,0.00109863404456126,0.811177123473826,1.945155,456.0635,1.95088,467.5346,1.942995,452.5764,"No issues","No issues","No issues"
1317,60,2025-09-30,"high",2025-09-30 00:15:00,2025-09-30 00:24:50,2025-09-30 00:13:40,60,12.8191828841345,3441.60164045569,0.986513832398745,0.962151193267051,6.13722066482646e-56,6.1654079132054e-43,0.00300427433717329,1.36820632085478,1.962607,458.9305,2.032806,475.5407,1.948936,451.7314,"No issues","No issues","No issues"
1318,70,2025-09-30,"high",2025-09-30 00:27:20,2025-09-30 00:37:10,2025-09-30 00:26:00,60,2.8526814515143,3035.25675087525,0.968282796559853,0.970984491743734,3.65315459888454e-45,2.75935324784536e-46,0.00103487089315726,1.05169772861273,1.950665,458.7862,1.964266,472.8149,1.944243,453.3978,"No issues","No issues","No issues"
1319,80,2025-09-30,"high",2025-09-30 00:39:40,2025-09-30 00:49:30,2025-09-30 00:38:20,60,4.07944141817178,3841.02826429566,0.975763611325236,0.97199725662895,1.48960674682713e-48,9.84306197155295e-47,0.00128869132190489,1.30677805107524,1.948371,457.7778,1.971428,477.1486,1.943076,451.251,"No issues","No issues","No issues"
1320,90,2025-09-30,"high",2025-09-30 00:52:00,2025-09-30 01:01:50,2025-09-30 00:50:40,60,-1.83568311197555,3098.44832809114,0.912485054405484,0.97048743453615,2.27999736454741e-32,4.51690890199091e-46,0.00113949521007187,1.08302713804547,1.938188,456.8296,1.941209,472.0938,1.928652,452.0227,"No issues","No issues","No issues"
1321,10,2025-09-30,"high",2025-09-30 01:04:20,2025-09-30 01:14:10,2025-09-30 01:03:00,60,0.0751319899972602,2226.19409124758,0.0418291043580262,0.936271805282786,0.116995065044678,2.27918065054383e-36,0.0007207649422749,1.16416467988053,1.941082,457.3491,1.943418,466.5034,1.940464,451.3122,"No issues","No issues","No issues"
1322,20,2025-09-30,"high",2025-09-30 01:16:40,2025-09-30 01:26:30,2025-09-30 01:15:20,60,1.15262473353714,2541.50749430399,0.62498259335331,0.968087088274636,5.80320896171218e-14,4.36702006320111e-45,0.00178964233489468,0.924919538983533,1.943238,456.9877,1.950683,468.9944,1.940495,452.6051,"No issues","No issues","No issues"
1323,30,2025-09-30,"high",2025-09-30 01:29:00,2025-09-30 01:38:50,2025-09-30 01:27:40,60,-2.44492362545153,2442.21171214227,0.975079446255417,0.973331610181154,3.3405836852597e-48,2.38744143383905e-47,0.0007834489415118,0.810285096233714,1.937739,455.6382,1.939916,468.4807,1.924346,451.7059,"No issues","No issues","No issues"
1324,40,2025-09-30,"high",2025-09-30 01:41:20,2025-09-30 01:51:10,2025-09-30 01:40:00,60,7.0539687157544,2894.43994709642,0.989770724215232,0.984770048032531,2.02308373054699e-59,2.08848992793114e-54,0.00143739201800088,0.721494380004141,1.948943,454.696,1.988882,470.134,1.942843,451.24,"No issues","No issues","No issues"
1325,50,2025-09-30,"high",2025-09-30 01:53:40,2025-09-30 02:03:30,2025-09-30 01:52:20,60,1.06869093859411,2230.85582617395,0.786110617267493,0.958231498173139,4.40708636734024e-21,1.07627204729273e-41,0.00111735574797381,0.933570864666337,1.945225,456.0427,1.950941,467.2881,1.941914,452.0208,"No issues","No issues","No issues"
1326,60,2025-09-30,"high",2025-09-30 02:06:00,2025-09-30 02:15:50,2025-09-30 02:04:40,60,11.4060409046957,2996.97835798833,0.989757416106314,0.981209236279399,2.10083191306169e-59,9.26239701557462e-52,0.00232574376415041,0.831307247214706,1.95642,455.8112,2.02035,472.4092,1.94577,452.5936,"No issues","No issues","No issues"
1327,70,2025-09-30,"high",2025-09-30 02:18:20,2025-09-30 02:28:10,2025-09-30 02:17:00,60,2.77208962489592,2486.81422973049,0.966217328196894,0.962293389261333,2.27871437533303e-44,5.52744839432618e-43,0.00103897096586542,0.986699479776848,1.948084,457.5073,1.961217,471.0745,1.941855,454.0781,"No issues","No issues","No issues"
1328,80,2025-09-30,"high",2025-09-30 02:30:40,2025-09-30 02:40:30,2025-09-30 02:29:20,60,3.98670461794946,2850.33167879968,0.976980178731098,0.983791807524456,3.34346981532177e-49,1.27082690434522e-53,0.00122661625140094,0.73332695598924,1.944846,455.2109,1.968293,471.4334,1.940763,452.5383,"No issues","No issues","No issues"
1329,90,2025-09-30,"high",2025-09-30 02:43:00,2025-09-30 02:52:50,2025-09-30 02:41:40,60,-1.54183764823568,2455.9263377605,0.896106122647755,0.953597279590709,3.33002754188162e-30,2.28076210672327e-40,0.00105230215249646,1.08590320221858,1.93838,457.5816,1.940224,470.203,1.929754,453.3271,"No issues","No issues","No issues"
1330,10,2025-09-30,"high",2025-09-30 02:55:20,2025-09-30 03:05:10,2025-09-30 02:54:00,60,0.187558579605438,1860.37392253404,0.145324176807483,0.944074451120265,0.00265472945681847,5.14186542589605e-38,0.000911706952484394,0.907588127872166,1.940356,456.1284,1.943022,464.8764,1.939193,452.4135,"No issues","No issues","No issues"
1331,20,2025-09-30,"high",2025-09-30 03:07:40,2025-09-30 03:17:30,2025-09-30 03:06:20,60,0.932028656849119,2250.78054481802,0.542199743191261,0.967099350823273,2.01819145428676e-11,1.05755337125714e-44,0.00171662006971163,0.8321208387376,1.941732,455.6078,1.947993,467.6388,1.939445,452.7959,"No issues","No issues","No issues"
1332,30,2025-09-30,"high",2025-09-30 03:20:00,2025-09-30 03:29:50,2025-09-30 03:18:40,60,-2.21597826951925,2133.76928168937,0.962302529708386,0.972331870964414,5.48869750995296e-43,6.9447271116864e-47,0.000879128471102038,0.721467300427707,1.93658,455.3389,1.938683,466.09,1.924231,451.7741,"No issues","No issues","No issues"
1333,40,2025-09-30,"high",2025-09-30 03:32:20,2025-09-30 03:42:10,2025-09-30 03:31:00,60,6.23120593053626,2208.61816104475,0.982407366473457,0.95813256053091,1.36985212932622e-52,1.15276635796232e-41,0.00167139186800773,0.925406611042668,1.948952,456.3041,1.982498,467.4217,1.941391,451.7729,"No issues","No issues","No issues"
1334,50,2025-09-30,"high",2025-09-30 03:44:40,2025-09-30 03:54:30,2025-09-30 03:43:20,60,1.02770915476522,1851.73963612115,0.783509725581737,0.955289038401281,6.26710589150859e-21,7.76166614253888e-41,0.00108281380159304,0.802982514742548,1.943479,456.0618,1.948523,464.7698,1.939962,452.5259,"No issues","No issues","No issues"
1335,60,2025-09-30,"high",2025-09-30 03:57:00,2025-09-30 04:06:50,2025-09-30 03:55:40,60,10.4063369691581,2749.75211603224,0.984774070278561,0.965706123174758,2.07254924242852e-54,3.52335135448697e-44,0.00259363017714891,1.0386420517888,1.957156,457.1396,2.013472,471.4308,1.944773,452.0175,"No issues","No issues","No issues"
1336,70,2025-09-30,"high",2025-09-30 04:09:20,2025-09-30 04:19:10,2025-09-30 04:08:00,60,2.30523506307315,2551.39339238678,0.948246267772435,0.966158533530496,5.41761321194543e-39,2.39664040929692e-44,0.00107947363770574,0.957115554873636,1.948513,458.3606,1.95784,470.757,1.941461,453.4375,"No issues","No issues","No issues"
1337,80,2025-09-30,"high",2025-09-30 04:21:40,2025-09-30 04:31:30,2025-09-30 04:20:20,60,3.70118634731871,2977.68873575994,0.972617694011572,0.975685851447903,5.13818957046875e-47,1.63467682134395e-48,0.00124477665821046,0.94219411031863,1.946285,456.8047,1.967171,472.5139,1.94144,452.6335,"No issues","No issues","No issues"
1338,90,2025-09-30,"high",2025-09-30 04:34:00,2025-09-30 04:43:50,2025-09-30 04:32:40,60,-1.75003428063352,2678.29100972493,0.91923645256194,0.968093187128397,2.21438466137829e-33,4.3428687327215e-45,0.00103974583181212,0.974602345111515,1.93852,457.4071,1.940903,470.8269,1.929122,452.99,"No issues","No issues","No issues"
1339,10,2025-09-30,"high",2025-09-30 04:46:20,2025-09-30 04:56:10,2025-09-30 04:45:00,60,0.0748321467074987,1965.8833026952,0.0253810889815992,0.954170905483393,0.224035013802805,1.58961205224755e-40,0.000929473587208772,0.863578547179834,1.940841,456.5584,1.944065,466.375,1.940499,453.1247,"No issues","No issues","No issues"
1340,20,2025-09-30,"high",2025-09-30 04:58:40,2025-09-30 05:08:30,2025-09-30 04:57:20,60,0.634040842456208,2242.28350452904,0.363651812458705,0.965665018222555,3.41414425227395e-07,3.64797429042062e-44,0.00168115717974138,0.847485430735837,1.942876,456.0901,1.947771,466.8405,1.940581,451.4372,"No issues","No issues","No issues"
1341,30,2025-09-30,"high",2025-09-30 05:11:00,2025-09-30 05:20:50,2025-09-30 05:09:40,60,-2.31253549096967,2161.53983573216,0.959284008607687,0.960183513958412,5.1316768244404e-42,2.68350474737591e-42,0.000954957115484859,0.882275346026996,1.937561,455.0966,1.940293,466.2608,1.925227,451.6917,"No issues","No issues","No issues"
1342,40,2025-09-30,"high",2025-09-30 05:23:20,2025-09-30 05:33:10,2025-09-30 05:22:00,60,5.82320899805512,2189.45361355933,0.9825335787401,0.967041452424463,1.11164443075468e-52,1.11290777757513e-44,0.00155624224274729,0.810184244865739,1.950126,455.8872,1.98097,466.8215,1.942629,451.76,"No issues","No issues","No issues"
1343,50,2025-09-30,"high",2025-09-30 05:35:40,2025-09-30 05:45:30,2025-09-30 05:34:20,60,0.868869272575745,1745.00766835234,0.731478627582756,0.946225722839901,3.34211325971521e-18,1.64668019071149e-38,0.00105518742020532,0.833822890146356,1.942831,455.6267,1.947441,464.4729,1.939946,452.5776,"No issues","No issues","No issues"
1344,60,2025-09-30,"high",2025-09-30 05:48:00,2025-09-30 05:57:50,2025-09-30 05:46:40,60,9.75815235787721,2626.74655582107,0.985896349320274,0.972613065767491,2.24879477365447e-55,5.16344684313822e-47,0.00233939897142814,0.883499664706703,1.954709,456.4331,2.007951,469.8528,1.943286,452.4731,"No issues","No issues","No issues"
1345,70,2025-09-30,"high",2025-09-30 06:00:20,2025-09-30 06:10:10,2025-09-30 05:59:00,60,2.11355189774939,1956.19219472076,0.95082840334896,0.947973359607177,1.22643512435638e-39,6.31113457257258e-39,0.000963397591118525,0.918571368138841,1.945324,456.7192,1.954786,465.3895,1.9393,452.2095,"No issues","No issues","No issues"
1346,80,2025-09-30,"high",2025-09-30 06:12:40,2025-09-30 06:22:30,2025-09-30 06:11:20,60,3.53270778771879,1651.73734392888,0.9700788826266,0.94797495893281,6.73107016140069e-46,6.30550564247107e-39,0.00124359696106414,0.775595585925412,1.943362,454.7619,1.963601,461.907,1.938641,450.1816,"No issues","No issues","No issues"
1347,90,2025-09-30,"high",2025-09-30 06:25:00,2025-09-30 06:34:50,2025-09-30 06:23:40,60,-1.64288171603222,1861.68922389554,0.916293552823453,0.920972344352131,6.26161577673754e-33,1.17816409747718e-33,0.000995302267083229,1.09310025999118,1.935855,456.298,1.937759,463.5376,1.926661,450.5157,"No issues","No issues","No issues"
1348,10,2025-09-30,"high",2025-09-30 06:37:20,2025-09-30 06:47:10,2025-09-30 06:36:00,60,0.0995054804112816,1385.70151708809,0.0618242904212164,0.919522391883451,0.055405345029983,1.99764584569146e-33,0.000776955384083912,0.821698748686868,1.938596,453.4042,1.939921,459.098,1.93657,449.1696,"No issues","No issues","No issues"
1349,20,2025-09-30,"high",2025-09-30 06:49:40,2025-09-30 06:59:30,2025-09-30 06:48:20,60,0.923475560989186,964.717072964724,0.517584369754101,0.819955115697174,9.42046721161735e-11,2.92365644655491e-23,0.00178703094636309,0.906111986363203,1.939579,452.8255,1.945927,455.2081,1.93711,447.1119,"No issues","No issues","No issues"
1350,30,2025-09-30,"high",2025-09-30 07:02:00,2025-09-30 07:11:50,2025-09-30 07:00:40,60,-2.48090073909415,139.876558599626,0.96421066025933,0.144291555218012,1.2157852502374e-43,0.0027575561457358,0.000958047021770907,0.682769241962459,1.937569,452.1531,1.940263,452.1531,1.92436,447.2255,"No issues","No issues","No issues"
1351,40,2025-09-30,"high",2025-09-30 07:14:20,2025-09-30 07:24:10,2025-09-30 07:13:00,60,7.16052519477634,880.547268463466,0.991791525500611,0.885764510674521,3.4173956465895e-62,5.24803443466856e-29,0.00130572724207955,0.633841422117755,1.94791,450.9804,1.989978,454.7639,1.942765,447.662,"No issues","No issues","No issues"
1352,50,2025-09-30,"high",2025-09-30 07:26:40,2025-09-30 07:36:30,2025-09-30 07:25:20,60,0.822236078910771,-615.137487524302,0.680972073293819,0.830437282888257,5.12262202920561e-16,5.10288040982413e-24,0.00112806152504646,0.557147923825761,1.944831,451.45,1.949816,451.45,1.942076,444.5845,"No issues","No issues","No issues"
1353,60,2025-09-30,"high",2025-09-30 07:39:00,2025-09-30 07:48:50,2025-09-30 07:37:40,60,13.7417505129203,1751.23720677968,0.991845519956495,0.93977827151404,2.82204960159544e-62,4.40780252545866e-37,0.00249749562665131,0.888577765703593,1.955763,452.6506,2.034998,459.9774,1.944965,447.7741,"No issues","No issues","No issues"
1354,70,2025-09-30,"high",2025-09-30 07:51:20,2025-09-30 08:01:10,2025-09-30 07:50:00,60,2.24845545095866,-350.884635954424,0.953698101267777,0.335716235388784,2.14122954592816e-40,1.23110050785878e-06,0.00099303552766717,0.989330862098035,1.948265,452.0379,1.958346,452.0379,1.941817,447.2165,"No issues","No issues","No issues"
1355,80,2025-09-30,"high",2025-09-30 08:03:40,2025-09-30 08:13:30,2025-09-30 08:02:20,60,4.17887343817731,648.908916476806,0.976292029279728,0.426940305760363,7.85824943664224e-49,1.51958993796731e-08,0.00130527823194509,1.50690770337892,1.945527,450.5829,1.971472,454.4104,1.942028,447.2895,"No issues","No issues","No issues"
1356,90,2025-09-30,"high",2025-09-30 08:16:00,2025-09-30 08:25:50,2025-09-30 08:14:40,60,-2.25473583550983,2134.10340650182,0.962267088280069,0.952851415474279,5.64043064026719e-43,3.62305783991096e-40,0.000894941337756031,0.951532781047002,1.939675,451.8921,1.941187,461.425,1.926728,446.1546,"No issues","No issues","No issues"
1357,10,2025-09-30,"high",2025-09-30 08:28:20,2025-09-30 08:38:10,2025-09-30 08:27:00,60,0.247481864962559,1517.81302272854,0.476187039070344,0.92165741328553,1.06644516654391e-09,9.14946200110384e-34,0.000520270585278982,0.886990617043491,1.941219,449.5881,1.943679,457.4831,1.941016,446.482,"No issues","No issues","No issues"
1358,20,2025-09-30,"high",2025-09-30 08:40:40,2025-09-30 08:50:30,2025-09-30 08:39:20,60,1.02561937427065,1208.84743895527,0.522197479742938,0.930467723630885,7.09979480976133e-11,2.86332887712359e-35,0.00196643504934313,0.66236994786857,1.942332,448.8698,1.949873,453.9841,1.939856,445.1707,"No issues","No issues","No issues"
1359,30,2025-09-30,"high",2025-09-30 08:53:00,2025-09-30 09:02:50,2025-09-30 08:51:40,60,-2.89845304584597,1295.75906907476,0.977153368783458,0.943605089628018,2.68563338768015e-49,6.55367511213793e-38,0.000888346807787478,0.634944306145218,1.937999,447.4431,1.939519,453.6621,1.921161,444.7942,"No issues","No issues","No issues"
1360,40,2025-09-30,"high",2025-09-30 09:05:20,2025-09-30 09:15:10,2025-09-30 09:04:00,60,9.15304579272023,1738.71736904697,0.992215318363283,0.955254403887131,7.34478852530975e-63,7.93806967747402e-41,0.00162506096090638,0.754277538690763,1.948415,448.5264,2.001615,456.7672,1.941357,444.4328,"No issues","No issues","No issues"
1361,50,2025-09-30,"high",2025-09-30 09:17:40,2025-09-30 09:27:30,2025-09-30 09:16:20,60,2.17124520366766,-61.0535673242421,0.932584150863051,0.0548719693022813,1.16704258899597e-35,0.0716302876974233,0.00117012543374144,0.507887648069291,1.943813,446.0534,1.956509,446.0534,1.939629,443.0398,"No issues","No issues","No issues"
1362,60,2025-09-30,"high",2025-09-30 09:30:00,2025-09-30 09:39:50,2025-09-30 09:28:40,60,19.0597122845235,2207.67733970548,0.99472744116862,0.972571584488844,9.07999032623227e-68,5.39523524784767e-47,0.00278138793231423,0.743124756032621,1.94937,447.239,2.065828,459.722,1.940307,443.9163,"No issues","No issues","No issues"
1363,70,2025-09-30,"high",2025-09-30 09:42:20,2025-09-30 09:52:10,2025-09-30 09:41:00,60,3.35202255737707,668.024058238411,0.971511940750528,0.522768062112668,1.6204706861961e-46,6.85446628411711e-11,0.00115053769209787,1.27934856973053,1.944907,446.8307,1.96155,452.4101,1.937692,444.0486,"No issues","No issues","No issues"
1364,80,2025-09-30,"high",2025-09-30 09:54:40,2025-09-30 10:04:30,2025-09-30 09:53:20,60,6.66556842678531,1774.0918432898,0.986313888994073,0.888146442343751,9.40519769527386e-56,2.84478292852394e-29,0.001573824144417,1.26195906524538,1.942815,447.6862,1.983733,457.3259,1.938135,443.4932,"No issues","No issues","No issues"
1365,90,2025-09-30,"high",2025-09-30 10:07:00,2025-09-30 10:16:50,2025-09-30 10:05:40,60,-2.19405898082804,2331.7341519311,0.960773219267769,0.965010967513018,1.74038799286498e-42,6.30742487042102e-44,0.000888619307995179,0.889949644061578,1.939054,449.0569,1.939054,460.5827,1.924781,443.7196,"No issues","No issues","No issues"
1366,10,2025-09-30,"high",2025-09-30 10:19:20,2025-09-30 10:29:10,2025-09-30 10:18:00,60,1.09935345596005,3234.29241455962,0.894695749526979,0.983939641684474,4.92719442658112e-30,9.74212240526467e-54,0.000755978017926921,0.828245769310476,1.940228,447.3795,1.946461,465.0513,1.938257,442.9203,"No issues","No issues","No issues"
1367,20,2025-09-30,"high",2025-09-30 10:31:40,2025-09-30 10:41:30,2025-09-30 10:30:20,60,2.41687207335378,1995.59210714088,0.822470946907022,0.963203684204475,1.94114735396961e-23,2.71984918315087e-43,0.00225068469022867,0.781810387860677,1.942766,447.8575,1.958719,458.6002,1.939588,444.4073,"No issues","No issues","No issues"
1368,30,2025-09-30,"high",2025-09-30 10:44:00,2025-09-30 10:53:50,2025-09-30 10:42:40,60,-2.59618508252286,2054.40597232565,0.978821091180165,0.967368091734846,2.97885866068746e-50,8.33577827816265e-45,0.000765459714217651,0.75630711023647,1.939306,448.4019,1.940005,458.8965,1.923741,444.5641,"No issues","No issues","No issues"
1369,40,2025-09-30,"high",2025-09-30 10:56:20,2025-09-30 11:06:10,2025-09-30 10:55:00,60,9.2696159333148,2380.74916721311,0.992542041724696,0.967632609529427,2.11789244318206e-63,6.58233647497497e-45,0.00161058561989412,0.872767959906865,1.949976,449.1317,2.004434,461.0497,1.942912,444.6017,"No issues","No issues","No issues"
1370,50,2025-09-30,"high",2025-09-30 11:08:40,2025-09-30 11:18:30,2025-09-30 11:07:20,60,2.99800605946097,1233.18921656016,0.936577802864159,0.936446968940567,1.9819406828488e-36,2.1041392795e-36,0.00156375162997736,0.643936164279459,1.944771,447.5245,1.963145,453.2169,1.940887,443.7155,"No issues","No issues","No issues"
1371,60,2025-09-30,"high",2025-09-30 11:21:00,2025-09-30 11:30:50,2025-09-30 11:19:40,60,24.4435555565435,3028.24003378715,0.995994820856333,0.984477570181198,3.12775689000923e-71,3.62634128754715e-54,0.0031069435979787,0.762173410936999,1.953419,447.6821,2.10396,465.5811,1.946745,444.9196,"No issues","No issues","No issues"
1372,70,2025-09-30,"high",2025-09-30 11:33:20,2025-09-30 11:43:10,2025-09-30 11:32:00,60,6.05020165156987,2329.37928980273,0.985437458866053,0.856490830561457,5.69259846337524e-55,3.98380389540575e-26,0.00147421374733167,1.91119602853725,1.948934,446.6642,1.984421,462.6321,1.942207,443.1362,"No issues","No issues","No issues"
1373,80,2025-09-30,"high",2025-09-30 11:45:40,2025-09-30 11:55:30,2025-09-30 11:44:20,60,8.47288309863855,1179.49021217006,0.989727224184487,0.937973292573388,2.28806231587872e-59,1.03887832081807e-36,0.00173023032443426,0.607960028704131,1.946553,447.4678,2.000029,453.8791,1.942634,444.7376,"No issues","No issues","No issues"
1374,90,2025-09-30,"high",2025-09-30 11:58:00,2025-09-30 12:07:50,2025-09-30 11:56:40,60,-1.59732762211721,2768.20837076966,0.8449556057221,0.971082720615813,3.77437195655675e-25,2.50078465606595e-46,0.00137148685111091,0.957493727659811,1.941126,448.6631,1.942605,462.6026,1.931084,444.7063,"No issues","No issues","No issues"
1375,10,2025-09-30,"high",2025-09-30 12:10:20,2025-09-30 12:20:10,2025-09-30 12:09:00,60,1.60442735426505,3702.26775170881,0.930717396554051,0.977592442124251,2.57934736383687e-35,1.52950465021053e-49,0.000877424585527176,1.12349909709462,1.942464,447.5227,1.951868,468.5105,1.940135,444.0191,"No issues","No issues","No issues"
1376,20,2025-09-30,"high",2025-09-30 12:22:40,2025-09-30 12:32:30,2025-09-30 12:21:20,60,2.58070126146156,1630.76811914422,0.835224863991006,0.950333533568289,2.21765669307753e-24,1.6401112034267e-39,0.00229756826579629,0.747261099794707,1.944852,448.8331,1.960756,456.2809,1.940212,445.2246,"No issues","No issues","No issues"
1377,30,2025-09-30,"high",2025-09-30 12:35:00,2025-09-30 12:44:50,2025-09-30 12:33:40,60,-2.32985558210614,2546.98956110031,0.974853958109321,0.982054288415505,4.33827731308468e-48,2.43788999280153e-52,0.000750033389191566,0.690122705849208,1.939912,447.3696,1.940141,461.5424,1.925664,444.3074,"No issues","No issues","No issues"
1378,40,2025-09-30,"high",2025-09-30 12:47:20,2025-09-30 12:57:10,2025-09-30 12:46:00,60,10.0488495871076,2961.98758232843,0.991841768484148,0.979736884284514,2.85994860178464e-62,8.26286014321537e-51,0.00182675253900247,0.853823638783334,1.948672,447.4525,2.008163,463.8393,1.942155,444.3573,"No issues","No issues","No issues"
1379,50,2025-09-30,"high",2025-09-30 12:59:40,2025-09-30 13:09:30,2025-09-30 12:58:20,60,4.61181786051689,810.24335559878,0.97753415916207,0.829676152071261,1.64922414491517e-49,5.81318750571327e-24,0.00140137405395565,0.735843507919253,1.946967,446.3444,1.974275,450.3862,1.941473,443.7239,"No issues","No issues","No issues"
1380,60,2025-09-30,"high",2025-09-30 13:12:00,2025-09-30 13:21:50,2025-09-30 13:10:40,60,20.4436160622397,2223.68813114755,0.994619839042746,0.97308259317918,1.63135802246432e-67,3.12638656431097e-47,0.0030137925118674,0.741313984827434,1.959846,448.0193,2.08179,459.4582,1.948459,444.251,"No issues","No issues","No issues"
1381,70,2025-09-30,"high",2025-09-30 13:24:20,2025-09-30 13:34:10,2025-09-30 13:23:00,60,7.90443207557656,2123.52549219228,0.984249176471389,0.969598883232016,5.53962817753766e-54,1.06813972178611e-45,0.00200427049141999,0.753689998435869,1.952409,447.3893,1.995191,459.0972,1.942388,443.8636,"No issues","No issues","No issues"
1382,80,2025-09-30,"high",2025-09-30 13:36:40,2025-09-30 13:46:30,2025-09-30 13:35:20,60,7.81018381550428,165.722377993902,0.986624572264995,0.188376633032216,4.83173225398273e-56,0.000530977938985788,0.0018227440489084,0.689495554172381,1.952942,446.5186,1.997335,446.5186,1.943457,442.6263,"No issues","No issues","No issues"
1383,90,2025-09-30,"high",2025-09-30 13:49:00,2025-09-30 13:58:50,2025-09-30 13:47:40,60,-1.48785769380375,2304.62306107254,0.879393659977991,0.975954699470709,2.54102675645888e-28,1.18396069441559e-48,0.00110443804102696,0.725081352283065,1.942636,447.3104,1.942815,460.4419,1.932332,444.073,"No issues","No issues","No issues"
1384,10,2025-09-30,"high",2025-09-30 14:01:20,2025-09-30 14:11:10,2025-09-30 14:00:00,60,2.28167995998888,3799.20487868853,0.954712715046631,0.981079425276414,1.12560860540699e-40,1.13098808991356e-51,0.000996077373433282,1.05753402738584,1.944718,449.5416,1.957199,469.5452,1.940807,444.9005,"No issues","No issues","No issues"
1385,20,2025-09-30,"high",2025-09-30 14:13:40,2025-09-30 14:23:30,2025-09-30 14:12:20,60,3.88392486801895,1568.8386925257,0.911698582238533,0.949657938821884,2.95660175308747e-32,2.42765240315522e-39,0.00242278890736593,0.724013634219235,1.945125,448.5863,1.970488,456.1123,1.941354,444.2875,"No issues","No issues","No issues"
1386,30,2025-09-30,"high",2025-09-30 14:26:00,2025-09-30 14:35:50,2025-09-30 14:24:40,60,-1.80754417560431,2218.09777026952,0.917289112120056,0.983030002867497,4.42352575492717e-33,4.81634117964796e-53,0.00108793688215072,0.584150484205519,1.940955,446.1114,1.941689,459.3771,1.929834,444.075,"No issues","No issues","No issues"
1387,40,2025-09-30,"high",2025-09-30 14:38:20,2025-09-30 14:48:10,2025-09-30 14:37:00,60,12.1324010714088,2426.43020839124,0.993717681323831,0.978547555981799,1.46270200305865e-65,4.32246245289067e-50,0.00193357841450047,0.720114875646283,1.951476,448.4449,2.02402,461.5598,1.943997,444.7406,"No issues","No issues","No issues"
1388,50,2025-09-30,"high",2025-09-30 14:50:40,2025-09-30 15:00:30,2025-09-30 14:49:20,60,4.85789893637131,1605.09320322312,0.975490921653108,0.964937155125745,2.06083550675762e-48,6.70516406184158e-44,0.00154342989303838,0.613282926107814,1.94893,446.6436,1.97761,455.0115,1.943107,443.8537,"No issues","No issues","No issues"
1389,60,2025-09-30,"high",2025-09-30 15:03:00,2025-09-30 15:12:50,2025-09-30 15:01:40,60,16.5364757854959,1799.79136604614,0.995204027863063,0.963904199541163,5.81816655202504e-69,1.55707757834682e-43,0.00230097436485688,0.698103996537534,1.958036,447.5145,2.057572,457.319,1.948686,444.904,"No issues","No issues","No issues"
1390,70,2025-09-30,"high",2025-09-30 15:15:20,2025-09-30 15:25:10,2025-09-30 15:14:00,60,7.8657650147264,1685.91266107252,0.986153337956004,0.968507730816202,1.31913146769791e-55,2.97154486527244e-45,0.001868219270623,0.609357360860026,1.955801,447.6966,1.999446,457.2173,1.946206,444.2443,"No issues","No issues","No issues"
1391,80,2025-09-30,"high",2025-09-30 15:27:40,2025-09-30 15:37:30,2025-09-30 15:26:20,60,8.84275768157825,1860.8739094193,0.986232874148798,0.958135357606146,1.1161399915654e-55,1.15053342176949e-41,0.00209414228352952,0.779675278515476,1.950017,445.4958,2.003459,456.7248,1.944443,443.7664,"No issues","No issues","No issues"
1392,90,2025-09-30,"high",2025-09-30 15:40:00,2025-09-30 15:49:50,2025-09-30 15:38:40,60,-1.47810570491798,2496.92569447069,0.862771999623121,0.98274109425051,1.08418018004728e-26,7.85944839183861e-53,0.00118158616572041,0.663253035652492,1.943683,446.3744,1.94426,461.2679,1.93373,443.5602,"No issues","No issues","No issues"
1393,10,2025-09-30,"high",2025-09-30 15:52:20,2025-09-30 15:59:50,2025-09-30 15:51:00,46,1.9849705975949,2793.14580721555,0.924944476234132,0.934638609393395,2.25083734145761e-26,1.06864844069525e-27,0.000868837179193984,1.13496693810713,1.946721,450.4682,1.953472,460.0833,1.942601,445.0512,"No issues","No issues","No issues"
1393,10,2025-10-01,"high",2025-09-30 16:00:00,2025-09-30 16:02:10,2025-09-30 15:51:00,14,1.7157141098898,3161.50892307694,0.959867389624716,0.889827220658591,9.59184143787015e-10,4.23968983426446e-07,0.000163682009744459,0.519029044477255,1.953416,460.2583,1.955998,464.7958,1.953416,459.705,"No issues","No issues","No issues"
1394,20,2025-10-01,"high",2025-09-30 16:04:40,2025-09-30 16:14:30,2025-09-30 16:03:20,60,4.06009828507925,1972.19902506252,0.935985699455556,0.971107319085045,2.59572709836498e-36,2.43979246348553e-46,0.00212827135756021,0.681863753121383,1.949169,448.4964,1.973385,458.7863,1.943258,444.4205,"No issues","No issues","No issues"
1395,30,2025-10-01,"high",2025-09-30 16:17:00,2025-09-30 16:26:50,2025-09-30 16:15:40,60,-1.87111071297577,1631.46599299806,0.952557273258795,0.98072951667011,4.33978760813837e-40,1.92452288173695e-51,0.000836999725112672,0.458391191944965,1.94208,446.0014,1.942793,455.5421,1.930569,443.7602,"No issues","No issues","No issues"
1396,40,2025-10-01,"high",2025-09-30 16:29:20,2025-09-30 16:39:10,2025-09-30 16:28:00,60,16.0927713342596,2515.630730314,0.994907989449042,0.988560889598308,3.30533324782145e-68,5.17778557502898e-58,0.00230765343319176,0.542410218516996,1.951179,445.6887,2.049596,461.8626,1.945322,443.9991,"No issues","No issues","No issues"
1397,50,2025-10-01,"high",2025-09-30 16:41:40,2025-09-30 16:51:30,2025-09-30 16:40:20,60,4.05703671464296,1052.7126281745,0.971589361592751,0.910047757531562,1.49744266698303e-46,5.06357571179667e-32,0.0013905756384284,0.663392100707733,1.952801,446.8246,1.97363,452.0491,1.944297,443.8612,"No issues","No issues","No issues"
1398,60,2025-10-01,"high",2025-09-30 16:54:00,2025-09-30 17:03:50,2025-09-30 16:52:40,60,17.1943996621284,3112.6941492637,0.993603727314432,0.99092240655636,2.46367347097129e-65,6.33022589219377e-61,0.00276522486940365,0.597157026625361,1.959737,445.5096,2.060582,465.1414,1.948217,444.5739,"No issues","No issues","No issues"
1399,70,2025-10-01,"high",2025-09-30 17:06:20,2025-09-30 17:16:10,2025-09-30 17:05:00,60,7.1812259049736,2037.9391502084,0.983982387494872,0.978553075175248,9.01734104860589e-54,4.29031677897832e-50,0.00183649764485005,0.60473915956126,1.955116,447.278,1.993188,458.2768,1.945348,444.4683,"No issues","No issues","No issues"
1400,80,2025-10-01,"high",2025-09-30 17:18:40,2025-09-30 17:28:30,2025-09-30 17:17:20,60,7.48827815726593,2863.70293703807,0.984723607581681,0.984648979692379,2.2813303401589e-54,2.62773063775885e-54,0.00186948400661772,0.716708290608015,1.954073,447.3478,1.994753,464.2588,1.944151,444.3715,"No issues","No issues","No issues"
1401,90,2025-10-01,"high",2025-09-30 17:31:00,2025-09-30 17:40:50,2025-09-30 17:29:40,60,-1.37104628619062,3153.81118666297,0.895063908594047,0.9877086629587,4.45045234203865e-30,4.16221431687346e-57,0.000940966351791381,0.705192004334319,1.943754,449.1979,1.944006,467.6881,1.934578,446.6584,"No issues","No issues","No issues"
1402,10,2025-10-01,"high",2025-09-30 17:43:20,2025-09-30 17:53:10,2025-09-30 17:42:00,60,1.87239819060853,2911.57209002501,0.939293589081902,0.990699029393553,5.56274406885473e-37,1.28125415071197e-60,0.000954116420421464,0.56546714006307,1.947989,449.6737,1.961053,467.6546,1.947368,448.0758,"No issues","No issues","No issues"
1403,20,2025-10-01,"high",2025-09-30 17:55:40,2025-09-30 18:05:30,2025-09-30 17:54:20,60,3.02244820894691,3367.41392875799,0.912705462989746,0.994175406384521,2.11896667093829e-32,1.630360177877e-66,0.00187358600423181,0.516635647571289,1.953419,450.6065,1.971204,471.1016,1.948449,448.8411,"No issues","No issues","No issues"
1404,30,2025-10-01,"high",2025-09-30 18:08:00,2025-09-30 18:17:50,2025-09-30 18:06:40,60,-1.68960709530427,2605.69448402335,0.930135520873744,0.992281440799189,3.28832981484369e-35,5.73497361594102e-63,0.000928169685956899,0.460639034136363,1.945001,450.9897,1.94678,467.5998,1.935586,449.3526,"No issues","No issues","No issues"
1405,40,2025-10-01,"high",2025-09-30 18:20:20,2025-09-30 18:30:10,2025-09-30 18:19:00,60,13.9207759222007,3184.74351497639,0.982288062897249,0.990858729853252,1.66655680878056e-52,7.75302777865271e-61,0.00374682662892821,0.613138266311549,1.968411,454.9912,2.044247,473.9042,1.953223,453.0368,"No issues","No issues","No issues"
1406,50,2025-10-01,"high",2025-09-30 18:32:40,2025-09-30 18:42:30,2025-09-30 18:31:20,60,4.28467322700752,2673.12179783273,0.983143181573509,0.99129662114703,3.96656383654702e-53,1.86697122593652e-61,0.00112456271998806,0.502050537642485,1.95347,454.6618,1.977022,471.2566,1.947455,453.2843,"No issues","No issues","No issues"
1407,60,2025-10-01,"high",2025-09-30 18:45:00,2025-09-30 18:54:50,2025-09-30 18:43:40,60,13.5869459116421,3301.54095070853,0.986338329013354,0.992754517482912,8.93000869479349e-56,9.1586723729364e-64,0.00320514262828639,0.56534813871241,1.966437,458.1855,2.040997,479.6449,1.95199,458.1433,"No issues","No issues","No issues"
1408,70,2025-10-01,"high",2025-09-30 18:57:20,2025-09-30 19:07:10,2025-09-30 18:56:00,60,5.11022030564058,2989.12779327594,0.965813178052844,0.993456597419722,3.21776970070786e-44,4.76472317673814e-65,0.00192712099458709,0.486248653691731,1.959123,458.741,1.983069,478.2611,1.948213,458.5974,"No issues","No issues","No issues"
1409,80,2025-10-01,"high",2025-09-30 19:09:40,2025-09-30 19:19:30,2025-09-30 19:08:20,60,6.37351362045019,2924.57971925536,0.988212322419327,0.993729709023021,1.23669319602587e-57,1.38362231073609e-65,0.00139525782805254,0.465650134147163,1.954642,458.6395,1.991096,476.9451,1.947813,458.0462,"No issues","No issues","No issues"
1410,90,2025-10-01,"high",2025-09-30 19:22:00,2025-09-30 19:31:50,2025-09-30 19:20:40,60,-1.28289403945536,2667.89201711587,0.856359656085472,0.980530708445409,4.09106809217881e-26,2.59199587212311e-51,0.00105314328689857,0.753527800956769,1.943063,459.8497,1.944741,475.2816,1.935358,458.2095,"No issues","No issues","No issues"
1411,10,2025-10-01,"high",2025-09-30 19:34:20,2025-09-30 19:44:10,2025-09-30 19:33:00,60,1.12132291858855,2112.48172848013,0.884852337281906,0.979328546424107,6.61272428015158e-29,1.47399772691037e-50,0.000810791932746101,0.61517803475379,1.946121,460.9313,1.951399,474.3252,1.942451,459.9814,"No issues","No issues","No issues"
1412,20,2025-10-01,"high",2025-09-30 19:46:40,2025-09-30 19:56:30,2025-09-30 19:45:20,60,1.80165990108374,2436.92779638789,0.832945587189397,0.980878183657332,3.3073967159264e-24,1.5372722984134e-51,0.00161726069108903,0.682002950044677,1.950168,462.6254,1.957973,476.0838,1.943521,460.1927,"No issues","No issues","No issues"
1413,30,2025-10-01,"high",2025-09-30 19:59:00,2025-09-30 20:08:50,2025-09-30 19:57:40,60,-1.79775545651567,2226.81547985553,0.968749636465009,0.990553890445001,2.37581363426375e-45,2.00762461826109e-60,0.000647200634042295,0.435871250604472,1.939633,461.7006,1.939885,475.6262,1.928577,461.0441,"No issues","No issues","No issues"
1414,40,2025-10-01,"high",2025-09-30 20:11:20,2025-09-30 20:21:10,2025-09-30 20:10:00,60,8.56529484856908,2406.56836321202,0.959002000460614,0.982525043311904,6.26978792025324e-42,1.12751121512786e-52,0.00354977193866334,0.643311034229766,1.961472,466.4268,2.000708,480.3408,1.943496,464.7242,"No issues","No issues","No issues"
1415,50,2025-10-01,"high",2025-09-30 20:23:40,2025-09-30 20:33:30,2025-09-30 20:22:20,60,2.9162275832176,2114.62506785218,0.961368014013193,0.967622610024724,1.1170766591586e-42,6.64159779721988e-45,0.00117175456579607,0.775332249009533,1.949854,463.0314,1.963438,475.0945,1.942511,461.0058,"No issues","No issues","No issues"
1416,60,2025-10-01,"high",2025-09-30 20:36:00,2025-09-30 20:45:50,2025-09-30 20:34:40,60,11.5091325012504,2829.21013170326,0.973562417722859,0.972818543230057,1.85526651457375e-47,4.14997416936395e-47,0.00380152731799292,0.947921135546307,1.967031,464.3227,2.024528,478.9883,1.948032,460.3753,"No issues","No issues","No issues"
1417,70,2025-10-01,"high",2025-09-30 20:48:20,2025-09-30 20:58:10,2025-09-30 20:47:00,60,3.63720953598227,2416.50469930537,0.940643199169533,0.952307057686552,2.89621114303104e-37,5.05560677458495e-40,0.00183137660394998,1.08395875743711,1.954203,464.7123,1.96853,476.4595,1.943043,459.8262,"No issues","No issues","No issues"
1418,80,2025-10-01,"high",2025-09-30 21:00:40,2025-09-30 21:10:30,2025-09-30 20:59:20,60,5.21781603334264,2502.12479466519,0.968976696442325,0.97830489515469,1.92273447603956e-45,5.99028596856105e-50,0.00187138298158838,0.746860150278233,1.953818,464.8774,1.978448,478.503,1.942572,461.2385,"No issues","No issues","No issues"
1419,90,2025-10-01,"high",2025-09-30 21:13:00,2025-09-30 21:22:50,2025-09-30 21:11:40,60,-1.47746016560156,2394.12268207837,0.930217302101567,0.98885733877221,3.17837794838179e-35,2.41760157302191e-58,0.000811117944930626,0.509401948603236,1.938336,469.6706,1.938484,484.2116,1.92877,468.4194,"No issues","No issues","No issues"
1420,10,2025-10-01,"high",2025-09-30 21:25:20,2025-09-30 21:35:10,2025-09-30 21:24:00,60,0.610793744929217,1708.7419705474,0.698420931193892,0.932775469479593,9.9050602558388e-17,1.07461040554197e-35,0.000804494563102946,0.919471718216932,1.942292,467.6858,1.944466,475.0401,1.938596,463.8539,"No issues","No issues","No issues"
1421,20,2025-10-01,"high",2025-09-30 21:37:40,2025-09-30 21:47:30,2025-09-30 21:36:20,60,1.36320138705194,1963.04194542931,0.751201769020555,0.906203449750178,3.61144468859844e-19,1.70771084574281e-31,0.00157250458420907,1.26589217301179,1.944141,468.2355,1.950262,476.9897,1.938698,463.4077,"No issues","No issues","No issues"
1422,30,2025-10-01,"high",2025-09-30 21:50:00,2025-09-30 21:59:50,2025-09-30 21:48:40,60,-1.60129640455683,1735.47286779662,0.888975470241142,0.941529140630302,2.29170721377029e-29,1.87168926070195e-37,0.0011342867756355,0.86687652326303,1.936133,463.788,1.939255,471.7539,1.927943,459.7135,"No issues","No issues","No issues"
1423,40,2025-10-01,"high",2025-09-30 22:02:20,2025-09-30 22:12:10,2025-09-30 22:01:00,60,6.27193204334537,1951.60305596001,0.967201734121597,0.946951701855844,9.66108999734497e-45,1.10983373051288e-38,0.00231502033263338,0.925869676820256,1.952653,464.3518,1.98307,473.8675,1.941277,459.8882,"No issues","No issues","No issues"
1424,50,2025-10-01,"high",2025-09-30 22:14:40,2025-09-30 22:24:30,2025-09-30 22:13:20,60,2.17132250514033,1809.54189052514,0.948176348826759,0.943789158188526,5.63413310531325e-39,5.96031510528284e-38,0.00101749043710025,0.885172171389908,1.946963,460.6518,1.956888,468.7414,1.940885,456.2332,"No issues","No issues","No issues"
1425,60,2025-10-01,"high",2025-09-30 22:27:00,2025-09-30 22:36:50,2025-09-30 22:25:40,60,10.7908181694915,2655.22864351209,0.977085665030627,0.943398011682738,2.92636675284919e-49,7.28941058141766e-38,0.00331228913646593,1.3036375086757,1.963592,461.2966,2.018894,473.345,1.947162,454.5452,"No issues","No issues","No issues"
1426,70,2025-10-01,"high",2025-09-30 22:39:20,2025-09-30 22:49:10,2025-09-30 22:38:00,60,3.07751902639627,2286.16140483467,0.956744818757504,0.943054416648384,2.96985625500111e-41,8.68942700532328e-38,0.00131162085363741,1.12604330538996,1.950669,462.2292,1.963875,472.1769,1.942445,456.2999,"No issues","No issues","No issues"
1427,80,2025-10-01,"high",2025-09-30 22:51:40,2025-09-30 23:01:30,2025-09-30 22:50:20,60,4.49839859516527,2350.63513020283,0.978239205318377,0.942093313136598,6.53941024785237e-50,1.41252527736431e-37,0.00134480506526976,1.16812462234784,1.949142,463.0181,1.973273,473.5085,1.94228,457.4239,"No issues","No issues","No issues"
1428,90,2025-10-01,"high",2025-09-30 23:04:00,2025-09-30 23:13:50,2025-09-30 23:02:40,60,-1.48268113587106,2285.30604723534,0.862477686525916,0.915948964797794,1.15386587064207e-26,7.05514121175331e-33,0.00118671647236114,1.387608086038,1.938653,464.8026,1.94167,473.4134,1.93127,458.3731,"No issues","No issues","No issues"
1429,10,2025-10-01,"high",2025-09-30 23:16:20,2025-09-30 23:26:10,2025-09-30 23:15:00,60,0.354545364823641,1777.89548385664,0.358284419631311,0.88192962579822,4.38564409833038e-07,1.37012625966273e-28,0.000951077046082606,1.30390601443726,1.943177,463.6441,1.947031,470.0828,1.942735,457.5494,"No issues","No issues","No issues"
1430,20,2025-10-01,"high",2025-09-30 23:28:40,2025-09-30 23:38:30,2025-09-30 23:27:20,60,1.22010411781059,2150.59116243401,0.627676786073492,0.949190718383344,4.6986553639163e-14,3.17423744020913e-39,0.00188354271926153,0.997330729165954,1.947376,462.1137,1.956033,471.7977,1.945068,457.4965,"No issues","No issues","No issues"
1431,30,2025-10-01,"high",2025-09-30 23:41:00,2025-09-30 23:50:50,2025-09-30 23:39:40,60,-1.97948209613781,1975.17666818561,0.892299956710953,0.955312157140044,9.47304835840227e-30,7.6460288264409e-41,0.00137844879737892,0.856277530719201,1.942464,461.1321,1.947745,470.7979,1.934085,457.3463,"No issues","No issues","No issues"
1432,40,2025-10-01,"high",2025-09-30 23:53:20,2025-10-01 00:03:10,2025-09-30 23:52:00,60,6.35215800833562,2323.41917821618,0.994072968953599,0.972891193261115,2.70321619732313e-66,3.83992057619743e-47,0.000983144421115947,0.777386854192373,1.957553,459.9584,1.99541,472.1412,1.953642,456.0927,"No issues","No issues","No issues"
1433,50,2025-10-01,"high",2025-10-01 00:05:40,2025-10-01 00:15:30,2025-10-01 00:04:20,60,1.64039606557384,2037.19355109754,0.877717100972585,0.961752420850785,3.79559722878193e-28,8.35698774571942e-43,0.00122727209591229,0.814308901924689,1.957646,459.8782,1.970299,470.4188,1.957646,456.5306,"No issues","No issues","No issues"
1434,60,2025-10-01,"high",2025-10-01 00:18:00,2025-10-01 00:27:50,2025-10-01 00:16:40,60,11.8576565134759,3197.54079777716,0.991096183911551,0.980606576514992,3.61360384170467e-61,2.31442819151063e-51,0.00225276355776787,0.901327230480484,1.973381,461,2.041074,478.0691,1.963245,456.8228,"No issues","No issues","No issues"
1435,70,2025-10-01,"high",2025-10-01 00:30:20,2025-10-01 00:40:10,2025-10-01 00:29:00,60,2.50688651736595,2659.76045434842,0.979192990317452,0.973637264727587,1.78175006634351e-50,1.70876924739026e-47,0.000732473503492902,0.877254738831057,1.960646,461.2656,1.974778,475.0487,1.957416,457.2359,"No issues","No issues","No issues"
1436,80,2025-10-01,"high",2025-10-01 00:42:40,2025-10-01 00:52:30,2025-10-01 00:41:20,60,4.3766401333704,2823.38184073353,0.979588602187303,0.973811130882381,1.02091904732951e-50,1.41028859082577e-47,0.00126631545742187,0.928062405531517,1.958184,461.2386,1.984981,475.5115,1.954768,456.3531,"No issues","No issues","No issues"
1437,90,2025-10-01,"high",2025-10-01 00:55:00,2025-10-01 01:04:50,2025-10-01 00:53:40,60,-1.41668968491244,2367.75442956379,0.801780842353493,0.95448475106896,4.80593010330993e-22,1.30219476346766e-40,0.00141190756495776,1.03637559981267,1.947145,463.1522,1.952416,474.8241,1.941746,458.124,"No issues","No issues","No issues"
1438,10,2025-10-01,"high",2025-10-01 01:07:20,2025-10-01 01:17:10,2025-10-01 01:06:00,60,0.2844953464852,1799.80925101419,0.184660362685792,0.948530019115747,0.000611436190345287,4.61852120945401e-39,0.00119824095847371,0.840358313954417,1.95006,461.9105,1.95532,471.0649,1.95006,458.0118,"No issues","No issues","No issues"
1439,20,2025-10-01,"high",2025-10-01 01:19:40,2025-10-01 01:29:30,2025-10-01 01:18:20,60,0.987593291469926,2004.02639399835,0.562694611834031,0.945051987384556,5.25433829723096e-12,3.08186890962221e-38,0.00174510163325019,0.968585893527763,1.952676,462.3442,1.959297,471.5272,1.95045,457.7525,"No issues","No issues","No issues"
1440,30,2025-10-01,"high",2025-10-01 01:32:00,2025-10-01 01:41:50,2025-10-01 01:30:40,60,-1.99852466574048,1785.83345684913,0.963725169235461,0.963662804313186,1.797471497173e-43,1.88933926233797e-43,0.000777180986679508,0.695089404667425,1.9472,459.8171,1.948563,469.1558,1.935786,456.311,"No issues","No issues","No issues"
1441,40,2025-10-01,"high",2025-10-01 01:44:20,2025-10-01 01:54:10,2025-10-01 01:43:00,60,5.66132386996394,1954.70522167269,0.985458399124598,0.96533301356846,5.45987494089239e-55,4.82306013284572e-44,0.00137845159673671,0.742484337398286,1.95581,458.091,1.986894,468.825,1.949446,455.4013,"No issues","No issues","No issues"
1442,50,2025-10-01,"high",2025-10-01 01:56:40,2025-10-01 02:06:30,2025-10-01 01:55:20,60,1.06178253959442,1815.63495104196,0.822716873938328,0.948459609819578,1.86439161320964e-23,4.80546760731958e-39,0.000987940149439211,0.848358709067831,1.953085,458.6855,1.956864,467.5619,1.947656,454.59,"No issues","No issues","No issues"
1443,60,2025-10-01,"high",2025-10-01 02:09:00,2025-10-01 02:18:50,2025-10-01 02:07:40,60,10.0548224462352,2690.26647224229,0.983906251734706,0.971487958125477,1.03470830131999e-53,1.66052182546707e-46,0.00257758327863905,0.923798613847211,1.964095,459.3185,2.017946,473.6546,1.951391,455.7075,"No issues","No issues","No issues"
1444,70,2025-10-01,"high",2025-10-01 02:21:20,2025-10-01 02:31:10,2025-10-01 02:20:00,60,2.13697568435673,2282.34616904697,0.92315808380238,0.947778949886197,5.21750724171555e-34,7.03274958576131e-39,0.00123579716053039,1.07383447924614,1.956314,460.6952,1.963932,471.1599,1.947883,454.9872,"No issues","No issues","No issues"
1445,80,2025-10-01,"high",2025-10-01 02:33:40,2025-10-01 02:43:30,2025-10-01 02:32:20,60,3.79462582272853,2822.38858883024,0.968948901561258,0.968158555989676,1.97335024202015e-45,4.09197620678184e-45,0.00136158125018542,1.02595071589761,1.954584,458.785,1.974278,472.7904,1.947664,454.4094,"No issues","No issues","No issues"
1446,90,2025-10-01,"high",2025-10-01 02:46:00,2025-10-01 02:55:50,2025-10-01 02:44:40,60,-1.73721519977769,2474.19370803,0.941249055192142,0.944152353821117,2.1502157962516e-37,4.93795753861708e-38,0.000869952077009871,1.20615092056787,1.945276,459.7607,1.945472,471.1187,1.934364,453.5982,"No issues","No issues","No issues"
1447,10,2025-10-01,"high",2025-10-01 02:58:20,2025-10-01 03:08:10,2025-10-01 02:57:00,60,-0.0715946073908999,1897.46809046959,0.041190718171703,0.914884292298223,0.119887261457022,1.01690859695676e-32,0.000692362125399753,1.16006629971845,1.947897,459.7725,1.948562,467.4528,1.945452,453.5502,"No issues","No issues","No issues"
1448,20,2025-10-01,"high",2025-10-01 03:10:40,2025-10-01 03:20:30,2025-10-01 03:09:20,60,0.729492076688004,2403.59885834955,0.433452913805113,0.960098903999309,1.08322442014483e-08,2.8540121629928e-42,0.001671683973125,0.982161649998714,1.950013,457.495,1.95401,469.6301,1.946062,452.8712,"No issues","No issues","No issues"
1449,30,2025-10-01,"high",2025-10-01 03:23:00,2025-10-01 03:32:50,2025-10-01 03:21:40,60,-2.76464539705465,2391.85998155043,0.984600519834216,0.967120297911874,2.87929917556226e-54,1.0381892890644e-44,0.00069302514590678,0.883987244170439,1.944305,457.0741,1.945483,469.1665,1.928208,453.4996,"No issues","No issues","No issues"
1450,40,2025-10-01,"high",2025-10-01 03:35:20,2025-10-01 03:45:10,2025-10-01 03:34:00,60,5.110943626563,2396.40386774104,0.98484247425134,0.976816918638813,1.81878182000949e-54,4.10430483796668e-49,0.00127092060436979,0.739989509273715,1.952923,456.2312,1.980849,469.2547,1.946776,453.0259,"No issues","No issues","No issues"
1451,50,2025-10-01,"high",2025-10-01 03:47:40,2025-10-01 03:57:30,2025-10-01 03:46:20,60,1.21956492803563,1996.49586218395,0.879041874924229,0.961634410242463,2.76550976150762e-28,9.13850936344266e-43,0.00090678478721154,0.79932043101522,1.949089,456.7551,1.955739,466.8514,1.945966,453.8699,"No issues","No issues","No issues"
1452,60,2025-10-01,"high",2025-10-01 04:00:00,2025-10-01 04:09:50,2025-10-01 03:58:40,60,9.62510668074467,2654.69154231732,0.98672661485505,0.970581224477441,3.86925766216157e-56,4.11843586413315e-46,0.00223761073244359,0.92639665302743,1.960593,458.7339,2.01347,472.7593,1.949971,454.3874,"No issues","No issues","No issues"
1453,70,2025-10-01,"high",2025-10-01 04:12:20,2025-10-01 04:22:10,2025-10-01 04:11:00,60,2.22902205279243,2442.03444690193,0.966816605398978,0.971946904458751,1.35561881770152e-44,1.03697237422648e-46,0.000827731109929357,0.831586573013752,1.951821,459.3164,1.962699,471.6966,1.946795,455.2886,"No issues","No issues","No issues"
1454,80,2025-10-01,"high",2025-10-01 04:24:40,2025-10-01 04:34:30,2025-10-01 04:23:20,60,3.77133527313144,2665.04648268965,0.972162005774204,0.977172332086313,8.29426902884964e-47,2.62170919709727e-49,0.00127917908269283,0.816463055956426,1.951221,458.08,1.973002,472.6204,1.946624,454.3966,"No issues","No issues","No issues"
1455,90,2025-10-01,"high",2025-10-01 04:37:00,2025-10-01 04:46:50,2025-10-01 04:35:40,60,-1.69540926701853,2475.90075020841,0.915288339883759,0.961733019600086,8.85646433382957e-33,8.48088178944262e-43,0.00103384097760098,0.989930311891301,1.943014,459.7633,1.945293,471.5937,1.934064,455.7953,"No issues","No issues","No issues"
1456,10,2025-10-01,"high",2025-10-01 04:49:20,2025-10-01 04:59:10,2025-10-01 04:48:00,60,0.200663339816673,1808.90895470966,0.139072794589522,0.959484870179208,0.00334025894808041,4.44559419944126e-42,0.0010007295389291,0.745062694129364,1.946365,457.6359,1.950223,466.9185,1.946073,454.0557,"No issues","No issues","No issues"
1457,20,2025-10-01,"high",2025-10-01 05:01:40,2025-10-01 05:11:30,2025-10-01 05:00:20,60,0.665875125312618,2177.40781150321,0.368038190799405,0.972173005480066,2.77825762327354e-07,8.19970532043644e-47,0.00174895374060361,0.738393231077897,1.948343,456.5578,1.954103,468.5144,1.946489,453.8206,"No issues","No issues","No issues"
1458,30,2025-10-01,"high",2025-10-01 05:14:00,2025-10-01 05:23:50,2025-10-01 05:12:40,60,-2.59593565323701,2213.98595609893,0.983870990207027,0.9696627172661,1.10252894877525e-53,1.00494285562508e-45,0.000666216302963833,0.784945330445438,1.94314,456.568,1.944961,468.004,1.928684,452.8678,"No issues","No issues","No issues"
1459,40,2025-10-01,"high",2025-10-01 05:26:20,2025-10-01 05:36:10,2025-10-01 05:25:00,60,4.57881685357047,1989.11515598779,0.98494186282457,0.957652291275075,1.50281157575603e-54,1.60508619892452e-41,0.00113480216786998,0.838412060348913,1.951357,457.4969,1.9763,467.3272,1.945726,453.7475,"No issues","No issues","No issues"
1460,50,2025-10-01,"high",2025-10-01 05:38:40,2025-10-01 05:48:30,2025-10-01 05:37:20,60,0.955826947485496,1824.1094490692,0.746275970385944,0.942283431836298,6.39679802622603e-19,1.28391315103695e-37,0.00111711246901077,0.904892363897163,1.948525,457.5466,1.953969,466.5853,1.945838,453.4085,"No issues","No issues","No issues"
1461,60,2025-10-01,"high",2025-10-01 05:51:00,2025-10-01 06:00:50,2025-10-01 05:49:40,60,9.65042699416509,2803.83796387885,0.991009604073034,0.984900466833857,4.78448665432019e-61,1.6273809055228e-54,0.00184239847201518,0.695865103916697,1.958733,458.394,2.013861,474.5137,1.95055,455.6951,"No issues","No issues","No issues"
1462,70,2025-10-01,"high",2025-10-01 06:03:20,2025-10-01 06:13:10,2025-10-01 06:02:00,60,1.87213099638788,2594.41360644624,0.966086462219259,0.96733621970206,2.54924907284154e-44,8.5752801993767e-45,0.000703074492155514,0.955587080405622,1.954909,460.2495,1.964242,473.6137,1.950891,455.7541,"No issues","No issues","No issues"
1463,80,2025-10-01,"high",2025-10-01 06:15:40,2025-10-01 06:25:30,2025-10-01 06:14:20,60,3.7628270697416,1976.92838677411,0.975040497999169,0.961859430089402,3.49541974537263e-48,7.70442085158161e-43,0.00120672260507894,0.789069543502092,1.955924,459.0037,1.97974,469.1938,1.953228,455.0958,"No issues","No issues","No issues"
1464,90,2025-10-01,"high",2025-10-01 06:28:00,2025-10-01 06:37:50,2025-10-01 06:26:40,60,-2.02438993053621,2523.49440266742,0.900901491564176,0.962130484300482,8.43663460319068e-31,6.26405472550208e-43,0.00134578484135478,1.00349864772173,1.950305,460.3169,1.955395,472.2453,1.94155,455.0744,"No issues","No issues","No issues"
1465,10,2025-10-01,"high",2025-10-01 06:40:20,2025-10-01 06:50:10,2025-10-01 06:39:00,60,0.140003769936106,1561.35487768825,0.075403536867857,0.962601564858019,0.0337306460707551,4.35611784625527e-43,0.000982667388129279,0.616867110672253,1.950552,456.9132,1.955116,464.6619,1.950552,454.1526,"No issues","No issues","No issues"
1466,20,2025-10-01,"high",2025-10-01 06:52:40,2025-10-01 07:02:30,2025-10-01 06:51:20,60,0.68884878688527,1343.826709197,0.314442555357755,0.931977069892659,3.16420350937661e-06,1.51401278671157e-35,0.00203873943231999,0.727704198406769,1.951733,456.9717,1.959968,462.9772,1.951634,452.8915,"No issues","No issues","No issues"
1467,30,2025-10-01,"high",2025-10-01 07:05:00,2025-10-01 07:14:50,2025-10-01 07:03:40,60,-2.65314546485128,252.691816171166,0.950550142367473,0.36813171470341,1.44469854722052e-39,2.76603555722188e-07,0.00121294924036243,0.663574054154858,1.946744,456.5254,1.951319,456.5254,1.933937,452.1596,"No issues","No issues","No issues"
1468,40,2025-10-01,"high",2025-10-01 07:17:20,2025-10-01 07:27:10,2025-10-01 07:16:00,60,5.00197783828844,534.842863462084,0.992592059938214,0.757025688839277,1.74237298597944e-63,1.81031976863079e-19,0.000866147093794044,0.60734804008726,1.955656,455.2466,1.985057,456.3505,1.952175,451.8819,"No issues","No issues","No issues"
1469,50,2025-10-01,"high",2025-10-01 07:29:40,2025-10-01 07:39:30,2025-10-01 07:28:20,60,1.34376582828564,-682.253146762984,0.853045309363811,0.814783835021054,7.94236491718227e-26,6.66638008138158e-23,0.00111793313206213,0.652004130424351,1.951545,454.8227,1.960427,454.8227,1.949396,446.8366,"No issues","No issues","No issues"
1470,60,2025-10-01,"high",2025-10-01 07:42:00,2025-10-01 07:45:00,2025-10-01 07:40:40,19,10.9077877894741,291.437810526289,0.832907862667073,0.0294279008951628,5.13662222286796e-08,0.482542768099416,0.00309715607462677,1.06102847502616,1.957589,453.7308,1.973203,453.7308,1.950185,449.3123,"No issues","No issues","No issues"
1,10,1988-09-24,NA,NA,NA,1988-09-24 10:52:20,NA,NA,NA,NA,NA,NA,NA,NA,NA,NA,NA,NA,NA,NA,NA,"No issues","No issues","No issues"
4,40,1988-09-24,NA,NA,NA,1988-09-24 12:49:30,NA,NA,NA,NA,NA,NA,NA,NA,NA,NA,NA,NA,NA,NA,NA,"No issues","No issues","No issues"
1,0,2025-09-18,NA,NA,NA,2025-09-17 23:12:20,NA,NA,NA,NA,NA,NA,NA,NA,NA,NA,NA,NA,NA,NA,NA,"No issues","No issues","No issues"
2,10,2025-09-18,NA,NA,NA,2025-09-18 10:07:10,NA,NA,NA,NA,NA,NA,NA,NA,NA,NA,NA,NA,NA,NA,NA,"No issues","No issues","No issues"
3,20,2025-09-18,NA,NA,NA,2025-09-18 10:09:30,NA,NA,NA,NA,NA,NA,NA,NA,NA,NA,NA,NA,NA,NA,NA,"No issues","No issues","No issues"
4,30,2025-09-18,NA,NA,NA,2025-09-18 10:11:50,NA,NA,NA,NA,NA,NA,NA,NA,NA,NA,NA,NA,NA,NA,NA,"No issues","No issues","No issues"
5,40,2025-09-18,NA,NA,NA,2025-09-18 10:17:50,NA,NA,NA,NA,NA,NA,NA,NA,NA,NA,NA,NA,NA,NA,NA,"No issues","No issues","No issues"
6,50,2025-09-18,NA,NA,NA,2025-09-18 10:20:10,NA,NA,NA,NA,NA,NA,NA,NA,NA,NA,NA,NA,NA,NA,NA,"No issues","No issues","No issues"
7,60,2025-09-18,NA,NA,NA,2025-09-18 10:22:30,NA,NA,NA,NA,NA,NA,NA,NA,NA,NA,NA,NA,NA,NA,NA,"No issues","No issues","No issues"
8,70,2025-09-18,NA,NA,NA,2025-09-18 10:24:50,NA,NA,NA,NA,NA,NA,NA,NA,NA,NA,NA,NA,NA,NA,NA,"No issues","No issues","No issues"
9,80,2025-09-18,NA,NA,NA,2025-09-18 10:27:10,NA,NA,NA,NA,NA,NA,NA,NA,NA,NA,NA,NA,NA,NA,NA,"No issues","No issues","No issues"
10,0,2025-09-18,NA,NA,NA,2025-09-18 10:41:00,NA,NA,NA,NA,NA,NA,NA,NA,NA,NA,NA,NA,NA,NA,NA,"No issues","Insufficient data","Insufficient data"
11,10,2025-09-18,NA,NA,NA,2025-09-18 10:45:00,NA,NA,NA,NA,NA,NA,NA,NA,NA,NA,NA,NA,NA,NA,NA,"No issues","Insufficient data","Insufficient data"
12,20,2025-09-18,NA,NA,NA,2025-09-18 10:52:40,NA,NA,NA,NA,NA,NA,NA,NA,NA,NA,NA,NA,NA,NA,NA,"No issues","No issues","No issues"
29,10,2025-09-18,NA,NA,NA,2025-09-18 14:39:00,NA,NA,NA,NA,NA,NA,NA,NA,NA,NA,NA,NA,NA,NA,NA,"No issues","No issues","No issues"
29,10,2025-09-19,NA,NA,NA,2025-09-18 14:39:00,NA,NA,NA,NA,NA,NA,NA,NA,NA,NA,NA,NA,NA,NA,NA,"No issues","No issues","No issues"
104,40,2025-09-19,NA,NA,NA,2025-09-19 09:28:10,NA,NA,NA,NA,NA,NA,NA,NA,NA,NA,NA,NA,NA,NA,NA,"No issues","No issues","No issues"
105,0,2025-09-19,NA,NA,NA,2025-09-19 09:35:20,NA,NA,NA,NA,NA,NA,NA,NA,NA,NA,NA,NA,NA,NA,NA,"No issues","Insufficient data","Insufficient data"
106,10,2025-09-19,NA,NA,NA,2025-09-19 09:36:20,NA,NA,NA,NA,NA,NA,NA,NA,NA,NA,NA,NA,NA,NA,NA,"No issues","No issues","No issues"
4,40,2025-09-19,NA,NA,NA,1988-09-24 12:49:30,NA,NA,NA,NA,NA,NA,NA,NA,NA,NA,NA,NA,NA,NA,NA,"No issues","No issues","No issues"
7,70,2025-09-19,NA,NA,NA,2025-09-19 14:04:50,NA,NA,NA,NA,NA,NA,NA,NA,NA,NA,NA,NA,NA,NA,NA,"No issues","No issues","No issues"
131,80,2025-09-19,NA,NA,NA,2025-09-19 15:13:50,NA,NA,NA,NA,NA,NA,NA,NA,NA,NA,NA,NA,NA,NA,NA,"No issues","No issues","No issues"
68,50,2025-09-20,NA,NA,NA,2025-09-20 03:37:10,NA,NA,NA,NA,NA,NA,NA,NA,NA,NA,NA,NA,NA,NA,NA,"No issues","Insufficient data","Insufficient data"
69,60,2025-09-20,NA,NA,NA,2025-09-20 08:19:40,NA,NA,NA,NA,NA,NA,NA,NA,NA,NA,NA,NA,NA,NA,NA,"No issues","Insufficient data","Insufficient data"
70,70,2025-09-20,NA,NA,NA,2025-09-20 08:32:10,NA,NA,NA,NA,NA,NA,NA,NA,NA,NA,NA,NA,NA,NA,NA,"No issues","Insufficient data","Insufficient data"
71,80,2025-09-20,NA,NA,NA,2025-09-20 08:44:40,NA,NA,NA,NA,NA,NA,NA,NA,NA,NA,NA,NA,NA,NA,NA,"No issues","Insufficient data","Insufficient data"
72,90,2025-09-20,NA,NA,NA,2025-09-20 08:57:10,NA,NA,NA,NA,NA,NA,NA,NA,NA,NA,NA,NA,NA,NA,NA,"No issues","Insufficient data","Insufficient data"
73,10,2025-09-20,NA,NA,NA,2025-09-20 09:09:40,NA,NA,NA,NA,NA,NA,NA,NA,NA,NA,NA,NA,NA,NA,NA,"No issues","Insufficient data","Insufficient data"
74,20,2025-09-20,NA,NA,NA,2025-09-20 09:22:10,NA,NA,NA,NA,NA,NA,NA,NA,NA,NA,NA,NA,NA,NA,NA,"No issues","Insufficient data","Insufficient data"
75,30,2025-09-20,NA,NA,NA,2025-09-20 09:34:40,NA,NA,NA,NA,NA,NA,NA,NA,NA,NA,NA,NA,NA,NA,NA,"No issues","Insufficient data","Insufficient data"
76,40,2025-09-20,NA,NA,NA,2025-09-20 09:47:10,NA,NA,NA,NA,NA,NA,NA,NA,NA,NA,NA,NA,NA,NA,NA,"No issues","Insufficient data","Insufficient data"
77,50,2025-09-20,NA,NA,NA,2025-09-20 09:59:40,NA,NA,NA,NA,NA,NA,NA,NA,NA,NA,NA,NA,NA,NA,NA,"No issues","Insufficient data","Insufficient data"
225,30,2025-09-20,NA,NA,NA,2025-09-20 11:03:40,NA,NA,NA,NA,NA,NA,NA,NA,NA,NA,NA,NA,NA,NA,NA,"No issues","No issues","No issues"
84,30,2025-09-20,NA,NA,NA,2025-09-20 11:27:10,NA,NA,NA,NA,NA,NA,NA,NA,NA,NA,NA,NA,NA,NA,NA,"No issues","No issues","No issues"
85,40,2025-09-20,NA,NA,NA,2025-09-20 12:29:40,NA,NA,NA,NA,NA,NA,NA,NA,NA,NA,NA,NA,NA,NA,NA,"No issues","No issues","No issues"
86,50,2025-09-20,NA,NA,NA,2025-09-20 13:12:50,NA,NA,NA,NA,NA,NA,NA,NA,NA,NA,NA,NA,NA,NA,NA,"No issues","No issues","No issues"
335,50,2025-09-21,NA,NA,NA,2025-09-21 10:00:50,NA,NA,NA,NA,NA,NA,NA,NA,NA,NA,NA,NA,NA,NA,NA,"No issues","No issues","No issues"
181,10,2025-09-21,NA,NA,NA,2025-09-21 11:26:30,NA,NA,NA,NA,NA,NA,NA,NA,NA,NA,NA,NA,NA,NA,NA,"No issues","No issues","No issues"
454,70,2025-09-22,NA,NA,NA,2025-09-22 11:24:20,NA,NA,NA,NA,NA,NA,NA,NA,NA,NA,NA,NA,NA,NA,NA,"No issues","No issues","No issues"
293,50,2025-09-22,NA,NA,NA,2025-09-22 12:52:20,NA,NA,NA,NA,NA,NA,NA,NA,NA,NA,NA,NA,NA,NA,NA,"No issues","No issues","No issues"
470,50,2025-09-22,NA,NA,NA,2025-09-22 15:58:40,NA,NA,NA,NA,NA,NA,NA,NA,NA,NA,NA,NA,NA,NA,NA,"No issues","No issues","No issues"
568,40,2025-09-23,NA,NA,NA,2025-09-23 12:07:20,NA,NA,NA,NA,NA,NA,NA,NA,NA,NA,NA,NA,NA,NA,NA,"No issues","No issues","No issues"
405,90,2025-09-23,NA,NA,NA,2025-09-23 12:29:10,NA,NA,NA,NA,NA,NA,NA,NA,NA,NA,NA,NA,NA,NA,NA,"No issues","No issues","No issues"
421,70,2025-09-23,NA,NA,NA,2025-09-23 15:58:50,NA,NA,NA,NA,NA,NA,NA,NA,NA,NA,NA,NA,NA,NA,NA,"No issues","No issues","No issues"
585,30,2025-09-24,NA,NA,NA,2025-09-23 15:48:50,NA,NA,NA,NA,NA,NA,NA,NA,NA,NA,NA,NA,NA,NA,NA,"No issues","No issues","No issues"
670,70,2025-09-24,NA,NA,NA,2025-09-24 09:17:10,NA,NA,NA,NA,NA,NA,NA,NA,NA,NA,NA,NA,NA,NA,NA,"No issues","No issues","No issues"
506,20,2025-09-24,NA,NA,NA,2025-09-24 09:41:20,NA,NA,NA,NA,NA,NA,NA,NA,NA,NA,NA,NA,NA,NA,NA,"No issues","No issues","No issues"
534,30,2025-09-25,NA,NA,NA,2025-09-24 15:48:10,NA,NA,NA,NA,NA,NA,NA,NA,NA,NA,NA,NA,NA,NA,NA,"No issues","Insufficient data","Insufficient data"
791,20,2025-09-25,NA,NA,NA,2025-09-25 10:20:30,NA,NA,NA,NA,NA,NA,NA,NA,NA,NA,NA,NA,NA,NA,NA,"No issues","No issues","No issues"
627,60,2025-09-25,NA,NA,NA,2025-09-25 11:10:40,NA,NA,NA,NA,NA,NA,NA,NA,NA,NA,NA,NA,NA,NA,NA,"No issues","No issues","No issues"
919,40,2025-09-26,NA,NA,NA,2025-09-26 12:52:10,NA,NA,NA,NA,NA,NA,NA,NA,NA,NA,NA,NA,NA,NA,NA,"No issues","No issues","No issues"
743,50,2025-09-26,NA,NA,NA,2025-09-26 13:21:40,NA,NA,NA,NA,NA,NA,NA,NA,NA,NA,NA,NA,NA,NA,NA,"No issues","No issues","No issues"
752,50,2025-09-27,NA,NA,NA,2025-09-26 15:48:00,NA,NA,NA,NA,NA,NA,NA,NA,NA,NA,NA,NA,NA,NA,NA,"No issues","Insufficient data","Insufficient data"
1019,50,2025-09-27,NA,NA,NA,2025-09-27 09:49:40,NA,NA,NA,NA,NA,NA,NA,NA,NA,NA,NA,NA,NA,NA,NA,"No issues","No issues","No issues"
848,20,2025-09-27,NA,NA,NA,2025-09-27 11:48:00,NA,NA,NA,NA,NA,NA,NA,NA,NA,NA,NA,NA,NA,NA,NA,"No issues","No issues","No issues"
954,90,2025-09-28,NA,NA,NA,2025-09-28 10:12:20,NA,NA,NA,NA,NA,NA,NA,NA,NA,NA,NA,NA,NA,NA,NA,"No issues","No issues","No issues"
1140,90,2025-09-28,NA,NA,NA,2025-09-28 11:00:30,NA,NA,NA,NA,NA,NA,NA,NA,NA,NA,NA,NA,NA,NA,NA,"No issues","No issues","No issues"
1141,10,2025-09-28,NA,NA,NA,2025-09-28 11:34:50,NA,NA,NA,NA,NA,NA,NA,NA,NA,NA,NA,NA,NA,NA,NA,"No issues","No issues","No issues"
1258,10,2025-09-29,NA,NA,NA,2025-09-29 11:48:20,NA,NA,NA,NA,NA,NA,NA,NA,NA,NA,NA,NA,NA,NA,NA,"No issues","No issues","No issues"
1076,50,2025-09-29,NA,NA,NA,2025-09-29 12:07:40,NA,NA,NA,NA,NA,NA,NA,NA,NA,NA,NA,NA,NA,NA,NA,"No issues","No issues","No issues"
1276,10,2025-09-30,NA,NA,NA,2025-09-29 15:48:00,NA,NA,NA,NA,NA,NA,NA,NA,NA,NA,NA,NA,NA,NA,NA,"No issues","Insufficient data","Insufficient data"
