TIMESTAMP,SlrFD_W_Avg,AirT_C_Avg,Rain_mm_Tot
2025-09-19T12:45:00Z,601.5,26.58,0
2025-09-19T13:00:00Z,NAN,NAN,NAN
2025-09-19T13:15:00Z,NAN,NAN,NAN
2025-09-19T14:30:00Z,397.5,27,0
2025-09-19T14:45:00Z,354.8,26.7,0
2025-09-19T15:00:00Z,410.4,26.7,0
2025-09-19T15:15:00Z,418.2,26.8,0
2025-09-19T15:30:00Z,367.3,27,0
2025-09-19T15:45:00Z,321.9,26.9,0
2025-09-19T16:00:00Z,411.6,27.2,0
2025-09-19T16:15:00Z,342,27.3,0
2025-09-19T16:30:00Z,410.6,27.3,0
2025-09-19T16:45:00Z,443.8,27.5,0
2025-09-19T17:00:00Z,422.2,27.6,0
2025-09-19T17:15:00Z,260.3,27.4,0
2025-09-19T17:30:00Z,168.1,26.91,0
2025-09-19T17:45:00Z,99.6,26.5,0
2025-09-19T18:00:00Z,46.49,26.2,0
2025-09-19T18:15:00Z,18.41,25.61,0
2025-09-19T18:30:00Z,0.696,25.4,0
2025-09-19T18:45:00Z,0.006,24.02,0
2025-09-19T19:00:00Z,0,22.71,0
2025-09-19T19:15:00Z,0,22.5,0
2025-09-19T19:30:00Z,0,21.91,0
2025-09-19T19:45:00Z,0,21.11,0
2025-09-19T20:00:00Z,0,21,0
2025-09-19T20:15:00Z,0,21.3,0
2025-09-19T20:30:00Z,0,20.71,0
2025-09-19T20:45:00Z,0,20.11,0
2025-09-19T21:00:00Z,0,20.3,0
2025-09-19T21:15:00Z,0,20.89,0
2025-09-19T21:30:00Z,0,19.81,0
2025-09-19T21:45:00Z,0,19.4,0
2025-09-19T22:00:00Z,0,19.3,0
2025-09-19T22:15:00Z,0,19.5,0
2025-09-19T22:30:00Z,0,19.6,0
2025-09-19T22:45:00Z,0,20.09,0
2025-09-19T23:00:00Z,0,20.5,0
2025-09-19T23:15:00Z,0,21.49,0
2025-09-19T23:30:00Z,0,22.19,0
2025-09-19T23:45:00Z,0,22,0
2025-09-20T00:00:00Z,0,21.9,0
2025-09-20T00:15:00Z,0,21.8,0
2025-09-20T00:30:00Z,0,21.6,0
2025-09-20T00:45:00Z,0,21.7,0
2025-09-20T01:00:00Z,0,21.6,0
2025-09-20T01:15:00Z,0,21.3,0
2025-09-20T01:30:00Z,0,21.2,0
2025-09-20T01:45:00Z,0,20.9,0
2025-09-20T02:00:00Z,0,21.1,0
2025-09-20T02:15:00Z,0,21.2,0
2025-09-20T02:30:00Z,0,21.3,0
2025-09-20T02:45:00Z,0,21.4,0
2025-09-20T03:00:00Z,0,21.8,0
2025-09-20T03:15:00Z,0,21.9,0
2025-09-20T03:30:00Z,0,21.6,0
2025-09-20T08:15:00Z,0,21.4,0
2025-09-20T08:30:00Z,217.8,20.3,0
2025-09-20T08:45:00Z,171,20.7,0
2025-09-20T09:00:00Z,136.4,20.6,0
2025-09-20T09:15:00Z,124.9,20.5,0
2025-09-20T09:30:00Z,163.9,20.7,0
2025-09-20T09:45:00Z,161.6,20.9,0
2025-09-20T10:00:00Z,136.8,21,0
2025-09-20T10:15:00Z,122.7,21,0
2025-09-20T10:30:00Z,219.5,21.2,0
2025-09-20T10:45:00Z,387.9,21.69,0
2025-09-20T11:00:00Z,345.7,22.1,0
2025-09-20T11:15:00Z,363.7,22.2,0
2025-09-20T11:30:00Z,300.4,22.3,0
2025-09-20T11:45:00Z,247.7,22.4,0
2025-09-20T12:00:00Z,160.2,22.4,0
2025-09-20T12:15:00Z,162.7,22.3,0
2025-09-20T12:30:00Z,195.7,22.5,0
2025-09-20T12:45:00Z,169.8,22.8,0
2025-09-20T13:00:00Z,133.6,22.9,0
2025-09-20T13:15:00Z,140.4,22.9,0
2025-09-20T13:30:00Z,149.3,23.2,0
2025-09-20T13:45:00Z,142.5,23.3,0
2025-09-20T14:00:00Z,159.8,23.7,0
2025-09-20T14:15:00Z,216.7,23.8,0
2025-09-20T14:30:00Z,286.9,24.2,0
2025-09-20T14:45:00Z,256.1,24.4,0
2025-09-20T15:00:00Z,276.2,24.5,0
2025-09-20T15:15:00Z,263.7,24.7,0
2025-09-20T15:30:00Z,231.6,24.9,0
2025-09-20T15:45:00Z,229.6,24.9,0
2025-09-20T16:00:00Z,234.6,25.1,0
2025-09-20T16:15:00Z,274.8,25.1,0
2025-09-20T16:30:00Z,346.6,25.2,0
2025-09-20T16:45:00Z,402.1,26.09,0
2025-09-20T17:00:00Z,399.5,26.3,0
2025-09-20T17:15:00Z,306.4,26.5,0
2025-09-20T17:30:00Z,244.5,26.4,0
2025-09-20T17:45:00Z,178,26.1,0
2025-09-20T18:00:00Z,112,25.41,0
2025-09-20T18:15:00Z,42.77,23.92,0
2025-09-20T18:30:00Z,3.236,21.92,0
2025-09-20T18:45:00Z,0.031,21.01,0
2025-09-20T19:00:00Z,0,20.21,0
2025-09-20T19:15:00Z,0,19.71,0
2025-09-20T19:30:00Z,0,19.5,0
2025-09-20T19:45:00Z,0,18.81,0
2025-09-20T20:00:00Z,0,18.9,0
2025-09-20T20:15:00Z,0,18.7,0
2025-09-20T20:30:00Z,0,18.9,0
2025-09-20T20:45:00Z,0,18.6,0
2025-09-20T21:00:00Z,0,19.39,0
2025-09-20T21:15:00Z,0,19.3,0
2025-09-20T21:30:00Z,0,18.31,0
2025-09-20T21:45:00Z,0,18.3,0
2025-09-20T22:00:00Z,0,18.3,0
2025-09-20T22:15:00Z,0,18.4,0
2025-09-20T22:30:00Z,0,17.11,0
2025-09-20T22:45:00Z,0,16.41,0
2025-09-20T23:00:00Z,0,16.4,0
2025-09-20T23:15:00Z,0,16.1,0
2025-09-20T23:30:00Z,0,16.3,0
2025-09-20T23:45:00Z,0,16.3,0
2025-09-21T00:00:00Z,0,17.59,0
2025-09-21T00:15:00Z,0,17.9,0
2025-09-21T00:30:00Z,0,17.9,0
2025-09-21T00:45:00Z,0,18,0
2025-09-21T01:00:00Z,0,18.59,0
2025-09-21T01:15:00Z,0,18.4,0
2025-09-21T01:30:00Z,0,18.7,0
2025-09-21T01:45:00Z,0,19.29,0
2025-09-21T02:00:00Z,0,18.11,0
2025-09-21T02:15:00Z,0,18.69,0
2025-09-21T02:30:00Z,0,19.29,0
2025-09-21T02:45:00Z,0,18.81,0
2025-09-21T03:00:00Z,0,18.8,0
2025-09-21T03:15:00Z,0,18.7,0
2025-09-21T03:30:00Z,0,18.3,0
2025-09-21T03:45:00Z,0,18.1,0
2025-09-21T04:00:00Z,0,18.3,0
2025-09-21T04:15:00Z,0,17.81,0
2025-09-21T04:30:00Z,0,18.2,0
2025-09-21T04:45:00Z,0,18.4,0
2025-09-21T05:00:00Z,0,17.81,0
2025-09-21T05:15:00Z,0,17.21,0
2025-09-21T05:30:00Z,0,17.89,0
2025-09-21T05:45:00Z,0,18.59,0
2025-09-21T06:00:00Z,0,18.8,0
2025-09-21T06:15:00Z,0,19.59,0
2025-09-21T06:30:00Z,3.956,20.09,0
2025-09-21T06:45:00Z,16.76,19.9,0
2025-09-21T07:00:00Z,34.5,20.2,0
2025-09-21T07:15:00Z,73.27,20.89,0
2025-09-21T07:30:00Z,113.4,22.28,0
2025-09-21T07:45:00Z,167.6,24.08,0
2025-09-21T08:00:00Z,179.1,24.59,0
2025-09-21T08:15:00Z,234.7,24.8,0
2025-09-21T08:30:00Z,403.6,25.99,0
2025-09-21T08:45:00Z,395.5,26.49,0
2025-09-21T09:00:00Z,404.7,27.09,0
2025-09-21T09:15:00Z,464.8,27.4,0
2025-09-21T09:30:00Z,546.2,27.89,0
2025-09-21T09:45:00Z,625.7,28.2,0
2025-09-21T10:00:00Z,686.9,27.8,0
2025-09-21T10:15:00Z,740.4,27.9,0
2025-09-21T10:30:00Z,794.4,28,0
2025-09-21T10:45:00Z,836,28.3,0
2025-09-21T11:00:00Z,880,28.3,0
2025-09-21T11:15:00Z,931,28.4,0
2025-09-21T11:30:00Z,953,28.5,0
2025-09-21T11:45:00Z,980,28.9,0
2025-09-21T12:00:00Z,1023,29.3,0
2025-09-21T12:15:00Z,784.8,29.3,0
2025-09-21T12:30:00Z,394.4,28.31,0
2025-09-21T12:45:00Z,388.8,28.2,0
2025-09-21T13:00:00Z,569.3,28.6,0
2025-09-21T13:15:00Z,495.8,29.09,0
2025-09-21T13:30:00Z,754.8,29.3,0
2025-09-21T13:45:00Z,641.5,29.3,0
2025-09-21T14:00:00Z,859,29.99,0
2025-09-21T14:15:00Z,869,30.59,0
2025-09-21T14:30:00Z,616.1,30.2,0
2025-09-21T14:45:00Z,875,30.4,0
2025-09-21T15:00:00Z,867,30.2,0
2025-09-21T15:15:00Z,737.6,30.1,0
2025-09-21T15:30:00Z,784.4,30.3,0
2025-09-21T15:45:00Z,725.8,30.79,0
2025-09-21T16:00:00Z,643.4,30.4,0
2025-09-21T16:15:00Z,565.8,29.91,0
2025-09-21T16:30:00Z,502.8,29.9,0
2025-09-21T16:45:00Z,440.2,29.8,0
2025-09-21T17:00:00Z,373,29.8,0
2025-09-21T17:15:00Z,308.5,29.6,0
2025-09-21T17:30:00Z,239,29.3,0
2025-09-21T17:45:00Z,170.7,29.2,0
2025-09-21T18:00:00Z,99.4,28.61,0
2025-09-21T18:15:00Z,35.21,28.01,0
2025-09-21T18:30:00Z,2.46,27.7,0
2025-09-21T18:45:00Z,0.023,26.51,0
2025-09-21T19:00:00Z,0,24.42,0
2025-09-21T19:15:00Z,0,22.82,0
2025-09-21T19:30:00Z,0,22.01,0
2025-09-21T19:45:00Z,0,20.91,0
2025-09-21T20:00:00Z,0,21.1,0
2025-09-21T20:15:00Z,0,22.09,0
2025-09-21T20:30:00Z,0,21.9,0
2025-09-21T20:45:00Z,0,22.2,0
2025-09-21T21:00:00Z,0,21.8,0
2025-09-21T21:15:00Z,0,22,0
2025-09-21T21:30:00Z,0,22.69,0
2025-09-21T21:45:00Z,0,26.16,0
2025-09-21T22:00:00Z,0,26.4,0
2025-09-21T22:15:00Z,0,25.71,0
2025-09-21T22:30:00Z,0,25.6,0
2025-09-21T22:45:00Z,0,25.4,0
2025-09-21T23:00:00Z,0,24.71,0
2025-09-21T23:15:00Z,0,23.81,0
2025-09-21T23:30:00Z,0,22.71,0
2025-09-21T23:45:00Z,0,20.72,0
2025-09-22T00:00:00Z,0,19.81,0
2025-09-22T00:15:00Z,0,19.21,0
2025-09-22T00:30:00Z,0,18.9,0
2025-09-22T00:45:00Z,0,19.39,0
2025-09-22T01:00:00Z,0,22.76,0
2025-09-22T01:15:00Z,0,23.59,0
2025-09-22T01:30:00Z,0,23.5,0
2025-09-22T01:45:00Z,0,23.3,0
2025-09-22T02:00:00Z,0,22.61,0
2025-09-22T02:15:00Z,0,22.5,0
2025-09-22T02:30:00Z,0,22.4,0
2025-09-22T02:45:00Z,0,22.5,0
2025-09-22T03:00:00Z,0,22.5,0
2025-09-22T03:15:00Z,0,22.4,0
2025-09-22T03:30:00Z,0,22.2,0
2025-09-22T03:45:00Z,0,21.8,0
2025-09-22T04:00:00Z,0,21.6,0
2025-09-22T04:15:00Z,0,21.4,0
2025-09-22T04:30:00Z,0,21.3,0
2025-09-22T04:45:00Z,0,21.3,0
2025-09-22T05:00:00Z,0,21.2,0
2025-09-22T05:15:00Z,0,21.1,0
2025-09-22T05:30:00Z,0,20.9,0
2025-09-22T05:45:00Z,0,20.7,0
2025-09-22T06:00:00Z,0,20.4,0
2025-09-22T06:15:00Z,0,20.1,0
2025-09-22T06:30:00Z,1.978,20.1,0
2025-09-22T06:45:00Z,14.86,20.3,0
2025-09-22T07:00:00Z,32.5,20.4,0
2025-09-22T07:15:00Z,75.12,20.89,0
2025-09-22T07:30:00Z,112.1,21.59,0
2025-09-22T07:45:00Z,154.1,21.9,0
2025-09-22T08:00:00Z,202.9,22.39,0
2025-09-22T08:15:00Z,250.5,22.7,0
2025-09-22T08:30:00Z,296.7,23.19,0
2025-09-22T08:45:00Z,341.4,23.3,0
2025-09-22T09:00:00Z,381.9,23.7,0
2025-09-22T09:15:00Z,441.9,24,0
2025-09-22T09:30:00Z,524.5,24.4,0
2025-09-22T09:45:00Z,624,24.6,0
2025-09-22T10:00:00Z,614.5,24.7,0
2025-09-22T10:15:00Z,635.4,24.8,0
2025-09-22T10:30:00Z,337.9,24.31,0
2025-09-22T10:45:00Z,645.2,24.7,0
2025-09-22T11:00:00Z,662.1,25.39,0
2025-09-22T11:15:00Z,348,25,0
2025-09-22T11:30:00Z,692.7,25.79,0
2025-09-22T11:45:00Z,497.6,25.7,0
2025-09-22T12:00:00Z,796.9,26.29,0
2025-09-22T12:15:00Z,1062,27.19,0
2025-09-22T12:30:00Z,711.8,27.2,0
2025-09-22T12:45:00Z,662.7,27.5,0
2025-09-22T13:00:00Z,605.7,27.3,0
2025-09-22T13:15:00Z,820,27.89,0
2025-09-22T13:30:00Z,487.7,27.7,0
2025-09-22T13:45:00Z,942,28.49,0
2025-09-22T14:00:00Z,395.5,28.01,0
2025-09-22T14:15:00Z,519.3,28,0
2025-09-22T14:30:00Z,222.6,27.8,0
2025-09-22T14:45:00Z,683.4,28,0
2025-09-22T15:00:00Z,589.7,28.2,0
2025-09-22T15:15:00Z,483.8,27.9,0
2025-09-22T15:30:00Z,513,27.9,0
2025-09-22T15:45:00Z,585.4,28.69,0
2025-09-22T16:00:00Z,113.8,27.61,0
2025-09-22T16:15:00Z,170.7,27.5,0
2025-09-22T16:30:00Z,251,27.6,0
2025-09-22T16:45:00Z,208.5,27.9,0
2025-09-22T17:00:00Z,109.5,27.11,0
2025-09-22T17:15:00Z,74.48,25.62,0
2025-09-22T17:30:00Z,68.27,24.31,0
2025-09-22T17:45:00Z,61.77,24.3,0
2025-09-22T18:00:00Z,28.08,24.4,0
2025-09-22T18:15:00Z,7.23,24.5,0
2025-09-22T18:30:00Z,0.078,24.5,0
2025-09-22T18:45:00Z,0,24.6,0
2025-09-22T19:00:00Z,0,24.01,0
2025-09-22T19:15:00Z,0,24.3,0
2025-09-22T19:30:00Z,0,24.5,0
2025-09-22T19:45:00Z,0,23.91,0
2025-09-22T20:00:00Z,0,23.8,0
2025-09-22T20:15:00Z,0,23.4,0
2025-09-22T20:30:00Z,0,22.81,0
2025-09-22T20:45:00Z,0,22.5,0
2025-09-22T21:00:00Z,0,22.1,0
2025-09-22T21:15:00Z,0,21.41,0
2025-09-22T21:30:00Z,0,21.1,0
2025-09-22T21:45:00Z,0,20.7,0
2025-09-22T22:00:00Z,0,20.11,0
2025-09-22T22:15:00Z,0,19.61,0
2025-09-22T22:30:00Z,0,19.3,0
2025-09-22T22:45:00Z,0,19.1,0
2025-09-22T23:00:00Z,0,18.8,0
2025-09-22T23:15:00Z,0,18.6,0
2025-09-22T23:30:00Z,0,18.7,0
2025-09-22T23:45:00Z,0,19.49,0
2025-09-23T00:00:00Z,0,19.2,0
2025-09-23T00:15:00Z,0,19.3,0
2025-09-23T00:30:00Z,0,19.4,0
2025-09-23T00:45:00Z,0,19.1,0
2025-09-23T01:00:00Z,0,19.79,0
2025-09-23T01:15:00Z,0,19.7,0
2025-09-23T01:30:00Z,0,19.6,0
2025-09-23T01:45:00Z,0,19.6,0
2025-09-23T02:00:00Z,0,19.9,0
2025-09-23T02:15:00Z,0,19.9,0
2025-09-23T02:30:00Z,0,20.2,0
2025-09-23T02:45:00Z,0,20.5,0
2025-09-23T03:00:00Z,0,20.5,0
2025-09-23T03:15:00Z,0,20.7,0
2025-09-23T03:30:00Z,0,21.1,0
2025-09-23T03:45:00Z,0,20.8,0
2025-09-23T04:00:00Z,0,20.6,0
2025-09-23T04:15:00Z,0,20.7,0
2025-09-23T04:30:00Z,0,21.1,0
2025-09-23T04:45:00Z,0,20.41,0
2025-09-23T05:00:00Z,0,20.7,0
2025-09-23T05:15:00Z,0,21,0
2025-09-23T05:30:00Z,0,20.41,0
2025-09-23T05:45:00Z,0,21.09,0
2025-09-23T06:00:00Z,0,21.3,0
2025-09-23T06:15:00Z,0,21.3,0
2025-09-23T06:30:00Z,4.846,21.3,0
2025-09-23T06:45:00Z,21.32,21.1,0
2025-09-23T07:00:00Z,36.23,21.3,0
2025-09-23T07:15:00Z,49.16,22.19,0
2025-09-23T07:30:00Z,50.09,22.69,0
2025-09-23T07:45:00Z,48.52,23.1,0
2025-09-23T08:00:00Z,36.24,23.3,0
2025-09-23T08:15:00Z,72.49,23.4,0
2025-09-23T08:30:00Z,105.6,22.41,0
2025-09-23T08:45:00Z,124.5,21.81,0
2025-09-23T09:00:00Z,179.5,21.9,0
2025-09-23T09:15:00Z,327.5,22.79,0
2025-09-23T09:30:00Z,340.5,23.89,0
2025-09-23T09:45:00Z,335.7,24.2,0
2025-09-23T10:00:00Z,301.4,24.3,0
2025-09-23T10:15:00Z,309.3,24.4,0
2025-09-23T10:30:00Z,326.3,24.4,0
2025-09-23T10:45:00Z,324.8,24.4,0
2025-09-23T11:00:00Z,369.6,24.6,0
2025-09-23T11:15:00Z,439.9,24.9,0
2025-09-23T11:30:00Z,504.7,25,0
2025-09-23T11:45:00Z,598.2,25.2,0
2025-09-23T12:00:00Z,705.6,25.5,0
2025-09-23T12:15:00Z,740.2,26.39,0
2025-09-23T12:30:00Z,737.4,26.4,0
2025-09-23T12:45:00Z,1140,26.99,0
2025-09-23T13:00:00Z,999,27.59,0
2025-09-23T13:15:00Z,745.2,27.4,0
2025-09-23T13:30:00Z,547.8,27.3,0
2025-09-23T13:45:00Z,579.8,27.5,0
2025-09-23T14:00:00Z,951,28.29,0
2025-09-23T14:15:00Z,841,28.2,0
2025-09-23T14:30:00Z,824,28.3,0
2025-09-23T14:45:00Z,744.2,28.2,0
2025-09-23T15:00:00Z,755.1,28.79,0
2025-09-23T15:15:00Z,551.1,28.9,0
2025-09-23T15:30:00Z,436.9,28.21,0
2025-09-23T15:45:00Z,351.1,27.61,0
2025-09-23T16:00:00Z,568.7,27.9,0
2025-09-23T16:15:00Z,672.6,28.49,0
2025-09-23T16:30:00Z,452,28.1,0
2025-09-23T16:45:00Z,155.1,27.31,0
2025-09-23T17:00:00Z,103,26.81,0
2025-09-23T17:15:00Z,73.53,26.5,0
2025-09-23T17:30:00Z,48.87,26.2,0
2025-09-23T17:45:00Z,42.86,26,0
2025-09-23T18:00:00Z,43.1,25.8,0
2025-09-23T18:15:00Z,12.84,25.5,0
2025-09-23T18:30:00Z,0.139,25.3,0
2025-09-23T18:45:00Z,0,25.1,0
2025-09-23T19:00:00Z,0,24.41,0
2025-09-23T19:15:00Z,0,22.92,0
2025-09-23T19:30:00Z,0,21.32,0
2025-09-23T19:45:00Z,0,21.3,0
2025-09-23T20:00:00Z,0,20.41,0
2025-09-23T20:15:00Z,0,19.81,0
2025-09-23T20:30:00Z,0,19.8,0
2025-09-23T20:45:00Z,0,20.2,0
2025-09-23T21:00:00Z,0,20.2,0
2025-09-23T21:15:00Z,0,20,0
2025-09-23T21:30:00Z,0,20.4,0
2025-09-23T21:45:00Z,0,20.89,0
2025-09-23T22:00:00Z,0,20.6,0
2025-09-23T22:15:00Z,0,20.3,0
2025-09-23T22:30:00Z,0,20.5,0
2025-09-23T22:45:00Z,0,20.8,0
2025-09-23T23:00:00Z,0,21.59,0
2025-09-23T23:15:00Z,0,21.7,0
2025-09-23T23:30:00Z,0,21.9,0
2025-09-23T23:45:00Z,0,22,0
2025-09-24T00:00:00Z,0,21.9,0
2025-09-24T00:15:00Z,0,21.6,0
2025-09-24T00:30:00Z,0,21.4,0
2025-09-24T00:45:00Z,0,20.81,0
2025-09-24T01:00:00Z,0,19.61,30.26
2025-09-24T01:15:00Z,0,20,0
2025-09-24T01:30:00Z,0,19.8,30.26
2025-09-24T01:45:00Z,0,19.7,0
2025-09-24T02:00:00Z,0,19.6,0
2025-09-24T02:15:00Z,0,19.2,0
2025-09-24T02:30:00Z,0,19.1,0
2025-09-24T02:45:00Z,0,19.3,0
2025-09-24T03:00:00Z,0,19.79,0
2025-09-24T03:15:00Z,0,20.49,0
2025-09-24T03:30:00Z,0,20.4,0
2025-09-24T03:45:00Z,0,20.5,0
2025-09-24T04:00:00Z,0,20.8,0
2025-09-24T04:15:00Z,0,21.2,0
2025-09-24T04:30:00Z,0,21.1,0
2025-09-24T04:45:00Z,0,21.59,0
2025-09-24T05:00:00Z,0,21.4,0
2025-09-24T05:15:00Z,0,20.91,0
2025-09-24T05:30:00Z,0,20.7,0
2025-09-24T05:45:00Z,0,20.11,0
2025-09-24T06:00:00Z,0,20.3,0
2025-09-24T06:15:00Z,0,20,0
2025-09-24T06:30:00Z,0,19.41,0
2025-09-24T06:45:00Z,0,19.8,0
2025-09-24T07:00:00Z,4.054,19.5,30.26
2025-09-24T07:15:00Z,12.41,19.4,0
2025-09-24T07:30:00Z,17.44,19,0
2025-09-24T07:45:00Z,17.01,18.51,30.26
2025-09-24T08:00:00Z,21.85,18.5,0
2025-09-24T08:15:00Z,30.8,18.7,30.26
2025-09-24T08:30:00Z,41.98,18.9,0
2025-09-24T08:45:00Z,53.47,19.1,30.26
2025-09-24T09:00:00Z,64.48,19.3,0
2025-09-24T09:15:00Z,82.8,19.4,0
2025-09-24T09:30:00Z,118.1,19.7,0
2025-09-24T09:45:00Z,155.4,19.9,0
2025-09-24T10:00:00Z,187,20.3,0
2025-09-24T10:15:00Z,178.7,20.6,0
2025-09-24T10:30:00Z,193.1,20.7,0
2025-09-24T10:45:00Z,254.6,21,0
2025-09-24T11:00:00Z,323.3,21.3,0
2025-09-24T11:15:00Z,360.4,21.6,0
2025-09-24T11:30:00Z,340.9,21.7,0
2025-09-24T11:45:00Z,250.1,21.9,0
2025-09-24T12:00:00Z,248,22.1,0
2025-09-24T12:15:00Z,343.1,22.5,0
2025-09-24T12:30:00Z,390.1,22.99,0
2025-09-24T12:45:00Z,402.9,23.49,0
2025-09-24T13:00:00Z,408.9,23.9,0
2025-09-24T13:15:00Z,507.2,24.39,0
2025-09-24T13:30:00Z,643.9,25.19,0
2025-09-24T13:45:00Z,694.3,25.3,0
2025-09-24T14:00:00Z,678.2,25.79,0
2025-09-24T14:15:00Z,591.4,25.9,0
2025-09-24T14:30:00Z,579.7,26.2,0
2025-09-24T14:45:00Z,515.8,26,0
2025-09-24T15:00:00Z,512.1,26,0
2025-09-24T15:15:00Z,602.9,26.4,0
2025-09-24T15:30:00Z,655.1,26.6,0
2025-09-24T15:45:00Z,608.3,26.7,0
2025-09-24T16:00:00Z,564.1,26.9,0
2025-09-24T16:15:00Z,397.6,26.6,0
2025-09-24T16:30:00Z,297.9,26.3,0
2025-09-24T16:45:00Z,195.5,26,0
2025-09-24T17:00:00Z,181.4,26.1,0
2025-09-24T17:15:00Z,142,26.2,0
2025-09-24T17:30:00Z,109.5,26,0
2025-09-24T17:45:00Z,81.4,25.51,0
2025-09-24T18:00:00Z,27.9,25.2,0
2025-09-24T18:15:00Z,5.347,24.71,0
2025-09-24T18:30:00Z,0.057,24.3,0
2025-09-24T18:45:00Z,0,23.9,0
2025-09-24T19:00:00Z,0,23.6,0
2025-09-24T19:15:00Z,0,23.01,0
2025-09-24T19:30:00Z,0,22.7,0
2025-09-24T19:45:00Z,0,22.9,0
2025-09-24T20:00:00Z,0,23.1,0
2025-09-24T20:15:00Z,0,23,0
2025-09-24T20:30:00Z,0,22.41,0
2025-09-24T20:45:00Z,0,22.8,0
2025-09-24T21:00:00Z,0,23.2,0
2025-09-24T21:15:00Z,0,23,0
2025-09-24T21:30:00Z,0,22.7,0
2025-09-24T21:45:00Z,0,22.7,0
2025-09-24T22:00:00Z,0,22.5,0
2025-09-24T22:15:00Z,0,22.5,0
2025-09-24T22:30:00Z,0,22.2,0
2025-09-24T22:45:00Z,0,22.6,0
2025-09-24T23:00:00Z,0,22.7,0
2025-09-24T23:15:00Z,0,22.7,0
2025-09-24T23:30:00Z,0,22.9,0
2025-09-24T23:45:00Z,0,22.8,0
2025-09-25T00:00:00Z,0,22.6,0
2025-09-25T00:15:00Z,0,22.2,0
2025-09-25T00:30:00Z,0,22,0
2025-09-25T00:45:00Z,0,21.41,0
2025-09-25T01:00:00Z,0,21.1,0
2025-09-25T01:15:00Z,0,21.2,0
2025-09-25T01:30:00Z,0,21.3,0
2025-09-25T01:45:00Z,0,21.3,0
2025-09-25T02:00:00Z,0,21.5,0
2025-09-25T02:15:00Z,0,21.6,0
2025-09-25T02:30:00Z,0,21.6,0
2025-09-25T02:45:00Z,0,21.3,0
2025-09-25T03:00:00Z,0,21.1,0
2025-09-25T03:15:00Z,0,21.1,0
2025-09-25T03:30:00Z,0,20.41,0
2025-09-25T03:45:00Z,0,19.02,0
2025-09-25T04:00:00Z,0,18.9,0
2025-09-25T04:15:00Z,0,18.01,30.26
2025-09-25T04:30:00Z,0,18.1,3.026
2025-09-25T04:45:00Z,0,17.61,27.23
2025-09-25T05:00:00Z,0,17.9,1.513
2025-09-25T05:15:00Z,0,17.8,28.75
2025-09-25T05:30:00Z,0,18.1,0
2025-09-25T05:45:00Z,0,18.59,0
2025-09-25T06:00:00Z,0,18.7,0
2025-09-25T06:15:00Z,0,18.9,0
2025-09-25T06:30:00Z,8.41,19,0
2025-09-25T06:45:00Z,22.84,19.2,0
2025-09-25T07:00:00Z,31.9,19.2,0
2025-09-25T07:15:00Z,54.55,19.4,0
2025-09-25T07:30:00Z,58.06,19.5,0
2025-09-25T07:45:00Z,91.3,19.7,0
2025-09-25T08:00:00Z,197,20.49,0
2025-09-25T08:15:00Z,230.4,20.7,0
2025-09-25T08:30:00Z,368.7,21.49,0
2025-09-25T08:45:00Z,383.2,21.8,0
2025-09-25T09:00:00Z,496.8,22.39,0
2025-09-25T09:15:00Z,276.9,21.71,0
2025-09-25T09:30:00Z,368.3,21.7,0
2025-09-25T09:45:00Z,575.2,22.49,0
2025-09-25T10:00:00Z,701.5,22.8,0
2025-09-25T10:15:00Z,814,23.39,0
2025-09-25T10:30:00Z,970,24.19,0
2025-09-25T10:45:00Z,982,24.3,0
2025-09-25T11:00:00Z,969,24.89,0
2025-09-25T11:15:00Z,1036,25,0
2025-09-25T11:30:00Z,983,25.3,0
2025-09-25T11:45:00Z,579.6,25.3,0
2025-09-25T12:00:00Z,495.8,24.9,0
2025-09-25T12:15:00Z,852,25.69,0
2025-09-25T12:30:00Z,1019,26.29,0
2025-09-25T12:45:00Z,970,26.5,0
2025-09-25T13:00:00Z,916,26.3,0
2025-09-25T13:15:00Z,1006,26.3,0
2025-09-25T13:30:00Z,891,26.3,0
2025-09-25T13:45:00Z,1005,26.7,0
2025-09-25T14:00:00Z,737.2,26.9,0
2025-09-25T14:15:00Z,681.4,26.8,0
2025-09-25T14:30:00Z,871,27.49,0
2025-09-25T14:45:00Z,819,27.9,0
2025-09-25T15:00:00Z,721.3,27.31,0
2025-09-25T15:15:00Z,648.7,27.6,0
2025-09-25T15:30:00Z,463.4,27.2,0
2025-09-25T15:45:00Z,338.2,27.1,0
2025-09-25T16:00:00Z,267.1,26.7,0
2025-09-25T16:15:00Z,282,27,0
2025-09-25T16:30:00Z,213.7,26.8,0
2025-09-25T16:45:00Z,163.3,26.9,0
2025-09-25T17:00:00Z,124.6,26.6,0
2025-09-25T17:15:00Z,102.3,26.3,0
2025-09-25T17:30:00Z,82.6,26.2,0
2025-09-25T17:45:00Z,60.94,26.1,0
2025-09-25T18:00:00Z,36.87,25.61,0
2025-09-25T18:15:00Z,15.24,25.3,0
2025-09-25T18:30:00Z,0.167,24.41,0
2025-09-25T18:45:00Z,0,23.31,0
2025-09-25T19:00:00Z,0,22.81,0
2025-09-25T19:15:00Z,0,22.11,0
2025-09-25T19:30:00Z,0,21.51,0
2025-09-25T19:45:00Z,0,21.1,0
2025-09-25T20:00:00Z,0,20.31,0
2025-09-25T20:15:00Z,0,20.5,0
2025-09-25T20:30:00Z,0,20.99,0
2025-09-25T20:45:00Z,0,21.69,0
2025-09-25T21:00:00Z,0,22.49,0
2025-09-25T21:15:00Z,0,22.4,0
2025-09-25T21:30:00Z,0,22.6,0
2025-09-25T21:45:00Z,0,22.9,0
2025-09-25T22:00:00Z,0,23,0
2025-09-25T22:15:00Z,0,23,0
2025-09-25T22:30:00Z,0,22.9,0
2025-09-25T22:45:00Z,0,22.6,0
2025-09-25T23:00:00Z,0,22.2,0
2025-09-25T23:15:00Z,0,22.1,0
2025-09-25T23:30:00Z,0,21.7,0
2025-09-25T23:45:00Z,0,21.7,0
2025-09-26T00:00:00Z,0,21.4,0
2025-09-26T00:15:00Z,0,20.91,0
2025-09-26T00:30:00Z,0,21.2,0
2025-09-26T00:45:00Z,0,21.1,0
2025-09-26T01:00:00Z,0,21.2,0
2025-09-26T01:15:00Z,0,21.4,0
2025-09-26T01:30:00Z,0,21.5,0
2025-09-26T01:45:00Z,0,21.3,0
2025-09-26T02:00:00Z,0,21.3,0
2025-09-26T02:15:00Z,0,21.4,0
2025-09-26T02:30:00Z,0,21.4,0
2025-09-26T02:45:00Z,0,21.1,0
2025-09-26T03:00:00Z,0,21.2,0
2025-09-26T03:15:00Z,0,21.3,0
2025-09-26T03:30:00Z,0,21.1,0
2025-09-26T03:45:00Z,0,20.7,0
2025-09-26T04:00:00Z,0,20.5,0
2025-09-26T04:15:00Z,0,20.4,0
2025-09-26T04:30:00Z,0,20.6,0
2025-09-26T04:45:00Z,0,20.4,0
2025-09-26T05:00:00Z,0,20.3,0
2025-09-26T05:15:00Z,0,20.2,0
2025-09-26T05:30:00Z,0,20.1,0
2025-09-26T05:45:00Z,0,20,0
2025-09-26T06:00:00Z,0,19.9,0
2025-09-26T06:15:00Z,0,19.9,0
2025-09-26T06:30:00Z,9.99,19.8,0
2025-09-26T06:45:00Z,32.25,19.9,0
2025-09-26T07:00:00Z,55.15,19.9,0
2025-09-26T07:15:00Z,89.2,19.9,0
2025-09-26T07:30:00Z,110.2,19.9,0
2025-09-26T07:45:00Z,178.4,20.39,0
2025-09-26T08:00:00Z,267.7,20.89,0
2025-09-26T08:15:00Z,330.8,21.3,0
2025-09-26T08:30:00Z,282.6,21.1,0
2025-09-26T08:45:00Z,370.9,21.59,0
2025-09-26T09:00:00Z,440.3,22,0
2025-09-26T09:15:00Z,496.6,22.59,0
2025-09-26T09:30:00Z,579.4,22.9,0
2025-09-26T09:45:00Z,689.6,23.3,0
2025-09-26T10:00:00Z,699.4,23.6,0
2025-09-26T10:15:00Z,642.7,23.5,0
2025-09-26T10:30:00Z,820,24.19,0
2025-09-26T10:45:00Z,922,24.6,0
2025-09-26T11:00:00Z,916,25.09,0
2025-09-26T11:15:00Z,940,25.2,0
2025-09-26T11:30:00Z,970,25.2,0
2025-09-26T11:45:00Z,1026,25.79,0
2025-09-26T12:00:00Z,1091,26.1,0
2025-09-26T12:15:00Z,958,26.5,0
2025-09-26T12:30:00Z,560.4,25.61,0
2025-09-26T12:45:00Z,647.5,26.09,0
2025-09-26T13:00:00Z,259.5,25.41,0
2025-09-26T13:15:00Z,447.1,25.99,0
2025-09-26T13:30:00Z,906,26.89,0
2025-09-26T13:45:00Z,1091,27.2,0
2025-09-26T14:00:00Z,980,27.69,0
2025-09-26T14:15:00Z,660.6,27.4,0
2025-09-26T14:30:00Z,698.2,27.4,0
2025-09-26T14:45:00Z,946,27.5,0
2025-09-26T15:00:00Z,766,27.4,0
2025-09-26T15:15:00Z,903,28.19,0
2025-09-26T15:30:00Z,748.3,28.2,0
2025-09-26T15:45:00Z,711.7,27.71,0
2025-09-26T16:00:00Z,607.6,27.7,0
2025-09-26T16:15:00Z,595.7,27.7,0
2025-09-26T16:30:00Z,523.8,27.9,0
2025-09-26T16:45:00Z,459.7,27.41,0
2025-09-26T17:00:00Z,382.5,27.2,0
2025-09-26T17:15:00Z,252.9,27.1,0
2025-09-26T17:30:00Z,113.5,26.41,0
2025-09-26T17:45:00Z,132.2,26.4,0
2025-09-26T18:00:00Z,48.94,25.51,0
2025-09-26T18:15:00Z,32.08,24.91,0
2025-09-26T18:30:00Z,1.541,23.22,0
2025-09-26T18:45:00Z,0.013,21.91,0
2025-09-26T19:00:00Z,0,20.52,0
2025-09-26T19:15:00Z,0,19.51,0
2025-09-26T19:30:00Z,0,18.81,0
2025-09-26T19:45:00Z,0,19.29,0
2025-09-26T20:00:00Z,0,18.11,0
2025-09-26T20:15:00Z,0,17.7,0
2025-09-26T20:30:00Z,0,17.6,0
2025-09-26T20:45:00Z,0,17.3,0
2025-09-26T21:00:00Z,0,17.89,0
2025-09-26T21:15:00Z,0,17.21,0
2025-09-26T21:30:00Z,0,17,0
2025-09-26T21:45:00Z,0,17.1,0
2025-09-26T22:00:00Z,0,17.5,0
2025-09-26T22:15:00Z,0,20.57,0
2025-09-26T22:30:00Z,0,21.39,0
2025-09-26T22:45:00Z,0,21.2,0
2025-09-26T23:00:00Z,0,21.6,0
2025-09-26T23:15:00Z,0,21.7,0
2025-09-26T23:30:00Z,0,21.8,0
2025-09-26T23:45:00Z,0,21.7,0
2025-09-27T00:00:00Z,0,21.5,0
2025-09-27T00:15:00Z,0,21.4,0
2025-09-27T00:30:00Z,0,21.4,0
2025-09-27T00:45:00Z,0,21.2,0
2025-09-27T01:00:00Z,0,21.3,0
2025-09-27T01:15:00Z,0,21.2,0
2025-09-27T01:30:00Z,0,21,0
2025-09-27T01:45:00Z,0,20.9,0
2025-09-27T02:00:00Z,0,20.7,0
2025-09-27T02:15:00Z,0,20.21,0
2025-09-27T02:30:00Z,0,19.9,0
2025-09-27T02:45:00Z,0,20,0
2025-09-27T03:00:00Z,0,19.8,0
2025-09-27T03:15:00Z,0,19.4,0
2025-09-27T03:30:00Z,0,19.2,0
2025-09-27T03:45:00Z,0,19,0
2025-09-27T04:00:00Z,0,18.6,0
2025-09-27T04:15:00Z,0,18.4,0
2025-09-27T04:30:00Z,0,18.2,0
2025-09-27T04:45:00Z,0,18,0
2025-09-27T05:00:00Z,0,18.1,0
2025-09-27T05:15:00Z,0,17.51,0
2025-09-27T05:30:00Z,0,17.1,0
2025-09-27T05:45:00Z,0,17.2,0
2025-09-27T06:00:00Z,0,17,0
2025-09-27T06:15:00Z,0,17,0
2025-09-27T06:30:00Z,9.39,17,0
2025-09-27T06:45:00Z,18.7,17.1,0
2025-09-27T07:00:00Z,46.98,17.5,0
2025-09-27T07:15:00Z,87,17.9,0
2025-09-27T07:30:00Z,127.1,18.3,0
2025-09-27T07:45:00Z,176.3,18.7,0
2025-09-27T08:00:00Z,229.6,19.1,0
2025-09-27T08:15:00Z,290,19.69,0
2025-09-27T08:30:00Z,350.2,19.9,0
2025-09-27T08:45:00Z,398.3,20.3,0
2025-09-27T09:00:00Z,445.8,20.89,0
2025-09-27T09:15:00Z,472.7,21.39,0
2025-09-27T09:30:00Z,529.7,21.99,0
2025-09-27T09:45:00Z,618.1,22.3,0
2025-09-27T10:00:00Z,708.3,22.79,0
2025-09-27T10:15:00Z,773.5,23.2,0
2025-09-27T10:30:00Z,829,23.69,0
2025-09-27T10:45:00Z,874,24.19,0
2025-09-27T11:00:00Z,872,24,0
2025-09-27T11:15:00Z,957,24.4,0
2025-09-27T11:30:00Z,983,24.7,0
2025-09-27T11:45:00Z,1007,25.59,0
2025-09-27T12:00:00Z,1027,25.7,0
2025-09-27T12:15:00Z,1052,25.9,0
2025-09-27T12:30:00Z,1063,26.1,0
2025-09-27T12:45:00Z,1068,26.2,0
2025-09-27T13:00:00Z,1060,26.4,0
2025-09-27T13:15:00Z,1056,26.4,0
2025-09-27T13:30:00Z,1063,27.19,0
2025-09-27T13:45:00Z,1024,27.3,0
2025-09-27T14:00:00Z,760.2,27.1,0
2025-09-27T14:15:00Z,926,27.89,0
2025-09-27T14:30:00Z,355.9,27.41,0
2025-09-27T14:45:00Z,400.7,27,0
2025-09-27T15:00:00Z,494.7,27,0
2025-09-27T15:15:00Z,246.3,27,0
2025-09-27T15:30:00Z,418.7,26.9,0
2025-09-27T15:45:00Z,219.4,26.5,0
2025-09-27T16:00:00Z,559.1,27.59,0
2025-09-27T16:15:00Z,347.4,27.4,0
2025-09-27T16:30:00Z,205.9,27,0
2025-09-27T16:45:00Z,253.6,26.9,0
2025-09-27T17:00:00Z,299,26.7,0
2025-09-27T17:15:00Z,140.8,26.4,0
2025-09-27T17:30:00Z,92,25.41,0
2025-09-27T17:45:00Z,130.1,25.5,0
2025-09-27T18:00:00Z,98.5,25.2,0
2025-09-27T18:15:00Z,40.55,24.71,0
2025-09-27T18:30:00Z,1.927,23.81,0
2025-09-27T18:45:00Z,0.017,23.01,0
2025-09-27T19:00:00Z,0,22.41,0
2025-09-27T19:15:00Z,0,22,0
2025-09-27T19:30:00Z,0,22.49,0
2025-09-27T19:45:00Z,0,22.5,0
2025-09-27T20:00:00Z,0,22.01,0
2025-09-27T20:15:00Z,0,21.8,0
2025-09-27T20:30:00Z,0,21.4,0
2025-09-27T20:45:00Z,0,21,0
2025-09-27T21:00:00Z,0,20.6,0
2025-09-27T21:15:00Z,0,20.01,0
2025-09-27T21:30:00Z,0,19.31,0
2025-09-27T21:45:00Z,0,20.49,0
2025-09-27T22:00:00Z,0,20.7,0
2025-09-27T22:15:00Z,0,21.1,0
2025-09-27T22:30:00Z,0,20.31,0
2025-09-27T22:45:00Z,0,20.2,0
2025-09-27T23:00:00Z,0,20.5,0
2025-09-27T23:15:00Z,0,19.12,0
2025-09-27T23:30:00Z,0,21.57,0
2025-09-27T23:45:00Z,0,21.9,0
2025-09-28T00:00:00Z,0,22,0
2025-09-28T00:15:00Z,0,21.6,0
2025-09-28T00:30:00Z,0,21.4,0
2025-09-28T00:45:00Z,0,21.1,0
2025-09-28T01:00:00Z,0,20.9,0
2025-09-28T01:15:00Z,0,21,0
2025-09-28T01:30:00Z,0,20.9,0
2025-09-28T01:45:00Z,0,20.9,0
2025-09-28T02:00:00Z,0,21.2,0
2025-09-28T02:15:00Z,0,20.71,0
2025-09-28T02:30:00Z,0,20.4,0
2025-09-28T02:45:00Z,0,20.2,0
2025-09-28T03:00:00Z,0,20.2,0
2025-09-28T03:15:00Z,0,19.9,0
2025-09-28T03:30:00Z,0,19.8,0
2025-09-28T03:45:00Z,0,19.9,0
2025-09-28T04:00:00Z,0,20.2,0
2025-09-28T04:15:00Z,0,20.4,0
2025-09-28T04:30:00Z,0,20.3,0
2025-09-28T04:45:00Z,0,20,0
2025-09-28T05:00:00Z,0,19.8,0
2025-09-28T05:15:00Z,0,20.1,0
2025-09-28T05:30:00Z,0,20,0
2025-09-28T05:45:00Z,0,20.2,0
2025-09-28T06:00:00Z,0,20.4,0
2025-09-28T06:15:00Z,0,20.4,0
2025-09-28T06:30:00Z,10.88,20.3,0
2025-09-28T06:45:00Z,21.78,20.7,0
2025-09-28T07:00:00Z,49.49,21.29,0
2025-09-28T07:15:00Z,88.2,21.89,0
2025-09-28T07:30:00Z,129.7,22.39,0
2025-09-28T07:45:00Z,178.2,23.09,0
2025-09-28T08:00:00Z,229.7,23.79,0
2025-09-28T08:15:00Z,290.3,24.39,0
2025-09-28T08:30:00Z,356.6,24.6,0
2025-09-28T08:45:00Z,408.4,24.9,0
2025-09-28T09:00:00Z,453.9,25.39,0
2025-09-28T09:15:00Z,486.2,25.6,0
2025-09-28T09:30:00Z,527.3,26.29,0
2025-09-28T09:45:00Z,617,26.79,0
2025-09-28T10:00:00Z,713.3,27,0
2025-09-28T10:15:00Z,784.7,27.2,0
2025-09-28T10:30:00Z,835,27.69,0
2025-09-28T10:45:00Z,883,27.9,0
2025-09-28T11:00:00Z,925,28.2,0
2025-09-28T11:15:00Z,965,28.3,0
2025-09-28T11:30:00Z,1004,28.7,0
2025-09-28T11:45:00Z,1032,28.9,0
2025-09-28T12:00:00Z,1062,29.2,0
2025-09-28T12:15:00Z,1063,28.8,0
2025-09-28T12:30:00Z,1073,29.49,0
2025-09-28T12:45:00Z,1083,29.7,0
2025-09-28T13:00:00Z,1079,29.5,0
2025-09-28T13:15:00Z,1064,29.7,0
2025-09-28T13:30:00Z,1050,29.5,0
2025-09-28T13:45:00Z,1009,29.6,0
2025-09-28T14:00:00Z,892,30,0
2025-09-28T14:15:00Z,887,30.2,0
2025-09-28T14:30:00Z,904,30.3,0
2025-09-28T14:45:00Z,905,30,0
2025-09-28T15:00:00Z,859,30.1,0
2025-09-28T15:15:00Z,809,30.2,0
2025-09-28T15:30:00Z,738.8,30.2,0
2025-09-28T15:45:00Z,701.4,30.3,0
2025-09-28T16:00:00Z,641.4,30.4,0
2025-09-28T16:15:00Z,578.7,30.2,0
2025-09-28T16:30:00Z,510.9,30.1,0
2025-09-28T16:45:00Z,445.9,30.3,0
2025-09-28T17:00:00Z,379,29.81,0
2025-09-28T17:15:00Z,308.7,29.4,0
2025-09-28T17:30:00Z,237.8,29.1,0
2025-09-28T17:45:00Z,169.7,28.8,0
2025-09-28T18:00:00Z,102.8,28.01,0
2025-09-28T18:15:00Z,22.2,26.91,0
2025-09-28T18:30:00Z,1.819,25.81,0
2025-09-28T18:45:00Z,0.018,24.91,0
2025-09-28T19:00:00Z,0,24.8,0
2025-09-28T19:15:00Z,0,24.9,0
2025-09-28T19:30:00Z,0,24.6,0
2025-09-28T19:45:00Z,0,24.6,0
2025-09-28T20:00:00Z,0,24.6,0
2025-09-28T20:15:00Z,0,24.01,0
2025-09-28T20:30:00Z,0,23.31,0
2025-09-28T20:45:00Z,0,23.1,0
2025-09-28T21:00:00Z,0,23.5,0
2025-09-28T21:15:00Z,0,23.9,0
2025-09-28T21:30:00Z,0,23.8,0
2025-09-28T21:45:00Z,0,23.01,0
2025-09-28T22:00:00Z,0,22.7,0
2025-09-28T22:15:00Z,0,23.1,0
2025-09-28T22:30:00Z,0,22.21,0
2025-09-28T22:45:00Z,0,22.3,0
2025-09-28T23:00:00Z,0,22.7,0
2025-09-28T23:15:00Z,0,23.1,0
2025-09-28T23:30:00Z,0,21.72,0
2025-09-28T23:45:00Z,0,20.81,0
2025-09-29T00:00:00Z,0,21.79,0
2025-09-29T00:15:00Z,0,21.9,0
2025-09-29T00:30:00Z,0,22.59,0
2025-09-29T00:45:00Z,0,22.5,0
2025-09-29T01:00:00Z,0,22.5,0
2025-09-29T01:15:00Z,0,22.5,0
2025-09-29T01:30:00Z,0,22.6,0
2025-09-29T01:45:00Z,0,22.5,0
2025-09-29T02:00:00Z,0,22.01,0
2025-09-29T02:15:00Z,0,22.3,0
2025-09-29T02:30:00Z,0,22.1,0
2025-09-29T02:45:00Z,0,22,0
2025-09-29T03:00:00Z,0,22,0
2025-09-29T03:15:00Z,0,21.8,0
2025-09-29T03:30:00Z,0,21.21,0
2025-09-29T03:45:00Z,0,20.01,0
2025-09-29T04:00:00Z,0,17.73,0
2025-09-29T04:15:00Z,0,17.9,0
2025-09-29T04:30:00Z,0,17.01,0
2025-09-29T04:45:00Z,0,17.4,0
2025-09-29T05:00:00Z,0,17.4,0
2025-09-29T05:15:00Z,0,17.3,0
2025-09-29T05:30:00Z,0,16.61,0
2025-09-29T05:45:00Z,0,15.81,0
2025-09-29T06:00:00Z,0,16.1,0
2025-09-29T06:15:00Z,0.396,16.99,0
2025-09-29T06:30:00Z,11.28,18.68,0
2025-09-29T06:45:00Z,21.68,19.1,0
2025-09-29T07:00:00Z,51.07,20.09,0
2025-09-29T07:15:00Z,90,21.78,0
2025-09-29T07:30:00Z,131.2,23.09,0
2025-09-29T07:45:00Z,178.8,23.89,0
2025-09-29T08:00:00Z,233.8,24.59,0
2025-09-29T08:15:00Z,292.8,25.39,0
2025-09-29T08:30:00Z,358.3,26.29,0
2025-09-29T08:45:00Z,416.5,26.99,0
2025-09-29T09:00:00Z,463.6,27.3,0
2025-09-29T09:15:00Z,505.8,27.6,0
2025-09-29T09:30:00Z,533.3,27.6,0
2025-09-29T09:45:00Z,593,28,0
2025-09-29T10:00:00Z,678.2,28.3,0
2025-09-29T10:15:00Z,775.1,28.3,0
2025-09-29T10:30:00Z,830,28.79,0
2025-09-29T10:45:00Z,883,28.8,0
2025-09-29T11:00:00Z,932,29.29,0
2025-09-29T11:15:00Z,976,29.3,0
2025-09-29T11:30:00Z,997,29.79,0
2025-09-29T11:45:00Z,1026,29.31,0
2025-09-29T12:00:00Z,1050,29.7,0
2025-09-29T12:15:00Z,1058,30.39,0
2025-09-29T12:30:00Z,1079,30.4,0
2025-09-29T12:45:00Z,1078,30.3,0
2025-09-29T13:00:00Z,1069,30.89,0
2025-09-29T13:15:00Z,1064,30.8,0
2025-09-29T13:30:00Z,1052,31.39,0
2025-09-29T13:45:00Z,1005,31.6,0
2025-09-29T14:00:00Z,889,31.3,0
2025-09-29T14:15:00Z,897,31.3,0
2025-09-29T14:30:00Z,931,31.6,0
2025-09-29T14:45:00Z,928,31.5,0
2025-09-29T15:00:00Z,882,31.9,0
2025-09-29T15:15:00Z,823,31.8,0
2025-09-29T15:30:00Z,772.1,31.5,0
2025-09-29T15:45:00Z,708.7,31.5,0
2025-09-29T16:00:00Z,654.9,31.2,0
2025-09-29T16:15:00Z,591.4,31.1,0
2025-09-29T16:30:00Z,520.6,30.8,0
2025-09-29T16:45:00Z,457.8,30.7,0
2025-09-29T17:00:00Z,386.2,30.21,0
2025-09-29T17:15:00Z,314.5,29.8,0
2025-09-29T17:30:00Z,243,29.4,0
2025-09-29T17:45:00Z,174.5,28.91,0
2025-09-29T18:00:00Z,110.3,28.11,0
2025-09-29T18:15:00Z,42.36,27.01,0
2025-09-29T18:30:00Z,2.341,25.71,0
2025-09-29T18:45:00Z,0.021,24.81,0
2025-09-29T19:00:00Z,0,24.4,0
2025-09-29T19:15:00Z,0,23.61,0
2025-09-29T19:30:00Z,0,23.4,0
2025-09-29T19:45:00Z,0,23.1,0
2025-09-29T20:00:00Z,0,23.2,0
2025-09-29T20:15:00Z,0,22.61,0
2025-09-29T20:30:00Z,0,21.02,0
2025-09-29T20:45:00Z,0,20.01,0
2025-09-29T21:00:00Z,0,19.9,0
2025-09-29T21:15:00Z,0,19.6,0
2025-09-29T21:30:00Z,0,19.3,0
2025-09-29T21:45:00Z,0,19.7,0
2025-09-29T22:00:00Z,0,20.1,0
2025-09-29T22:15:00Z,0,20,0
2025-09-29T22:30:00Z,0,20,0
2025-09-29T22:45:00Z,0,19.31,0
2025-09-29T23:00:00Z,0,20.49,0
2025-09-29T23:15:00Z,0,19.71,0
2025-09-29T23:30:00Z,0,20.59,0
2025-09-29T23:45:00Z,0,22.38,0
2025-09-30T00:00:00Z,0,22.7,0
2025-09-30T00:15:00Z,0,23.1,0
2025-09-30T00:30:00Z,0,23.5,0
2025-09-30T00:45:00Z,0,23.1,0
2025-09-30T01:00:00Z,0,22.7,0
2025-09-30T01:15:00Z,0,22.9,0
2025-09-30T01:30:00Z,0,22.8,0
2025-09-30T01:45:00Z,0,22.4,0
2025-09-30T02:00:00Z,0,22.4,0
2025-09-30T02:15:00Z,0,22.2,0
2025-09-30T02:30:00Z,0,21.9,0
2025-09-30T02:45:00Z,0,21.41,0
2025-09-30T03:00:00Z,0,21.5,0
2025-09-30T03:15:00Z,0,21.5,0
2025-09-30T03:30:00Z,0,21.7,0
2025-09-30T03:45:00Z,0,21.3,0
2025-09-30T04:00:00Z,0,21.5,0
2025-09-30T04:15:00Z,0,21.7,0
2025-09-30T04:30:00Z,0,21.7,0
2025-09-30T04:45:00Z,0,21.5,0
2025-09-30T05:00:00Z,0,21.7,0
2025-09-30T05:15:00Z,0,21.01,0
2025-09-30T05:30:00Z,0,21,0
2025-09-30T05:45:00Z,0,20.7,0
2025-09-30T06:00:00Z,0,20.4,0
2025-09-30T06:15:00Z,0.396,20.99,0
2025-09-30T06:30:00Z,11.57,21.3,0
2025-09-30T06:45:00Z,22.38,21.7,0
2025-09-30T07:00:00Z,52.66,22.29,0
2025-09-30T07:15:00Z,91.9,23.49,0
2025-09-30T07:30:00Z,133.2,23.9,0
2025-09-30T07:45:00Z,183.1,24,0
2025-09-30T08:00:00Z,237.6,24.4,0
2025-09-30T08:15:00Z,296.5,24.8,0
2025-09-30T08:30:00Z,361.1,25.49,0
2025-09-30T08:45:00Z,420.5,26.59,0
2025-09-30T09:00:00Z,468.2,27.09,0
2025-09-30T09:15:00Z,507.7,27.69,0
2025-09-30T09:30:00Z,532.1,28.39,0
2025-09-30T09:45:00Z,596.4,28.7,0
2025-09-30T10:00:00Z,690.5,29.29,0
2025-09-30T10:15:00Z,782.5,29.4,0
2025-09-30T10:30:00Z,840,29.89,0
2025-09-30T10:45:00Z,896,29.9,0
2025-09-30T11:00:00Z,940,29.9,0
2025-09-30T11:15:00Z,985,30,0
2025-09-30T11:30:00Z,1018,29.8,0
2025-09-30T11:45:00Z,1043,30.39,0
2025-09-30T12:00:00Z,1064,30.1,0
2025-09-30T12:15:00Z,1083,30.2,0
2025-09-30T12:30:00Z,1094,30.3,0
2025-09-30T12:45:00Z,1097,30.3,0
2025-09-30T13:00:00Z,1095,30.4,0
2025-09-30T13:15:00Z,1087,30.7,0
2025-09-30T13:30:00Z,1077,30.3,0
2025-09-30T13:45:00Z,1007,30.5,0
2025-09-30T14:00:00Z,883,30.5,0
2025-09-30T14:15:00Z,929,31.09,0
2025-09-30T14:30:00Z,943,31,0
2025-09-30T14:45:00Z,929,31.2,0
2025-09-30T15:00:00Z,880,31,0
2025-09-30T15:15:00Z,828,30.9,0
2025-09-30T15:30:00Z,780.2,31.3,0
2025-09-30T15:45:00Z,718.3,31.1,0
2025-09-30T16:00:00Z,645.8,31,0
2025-09-30T16:15:00Z,597.9,30.8,0
2025-09-30T16:30:00Z,539.7,30.9,0
2025-09-30T16:45:00Z,459.7,30.5,0
2025-09-30T17:00:00Z,392.7,30.3,0
2025-09-30T17:15:00Z,327.1,30.2,0
2025-09-30T17:30:00Z,257.4,30,0
2025-09-30T17:45:00Z,186.8,29.41,0
2025-09-30T18:00:00Z,110.6,28.61,0
2025-09-30T18:15:00Z,37.22,27.61,0
2025-09-30T18:30:00Z,1.888,26.31,0
2025-09-30T18:45:00Z,0.017,23.23,0
2025-09-30T19:00:00Z,0,21.32,0
2025-09-30T19:15:00Z,0,20.9,0
2025-09-30T19:30:00Z,0,20.6,0
2025-09-30T19:45:00Z,0,20.01,0
2025-09-30T20:00:00Z,0,19.6,0
2025-09-30T20:15:00Z,0,19.01,0
2025-09-30T20:30:00Z,0,17.62,0
2025-09-30T20:45:00Z,0,17.8,0
2025-09-30T21:00:00Z,0,16.91,0
2025-09-30T21:15:00Z,0,16.9,0
2025-09-30T21:30:00Z,0,15.52,0
2025-09-30T21:45:00Z,0,16.39,0
2025-09-30T22:00:00Z,0,16.7,0
2025-09-30T22:15:00Z,0,17,0
2025-09-30T22:30:00Z,0,17.1,0
2025-09-30T22:45:00Z,0,16.01,0
2025-09-30T23:00:00Z,0,15.31,0
2025-09-30T23:15:00Z,0,16.39,0
2025-09-30T23:30:00Z,0,18.58,0
2025-09-30T23:45:00Z,0,19.59,0
2025-10-01T00:00:00Z,0,20.89,0
2025-10-01T00:15:00Z,0,21.2,0
2025-10-01T00:30:00Z,0,21.99,0
2025-10-01T00:45:00Z,0,22.3,0
2025-10-01T01:00:00Z,0,21.11,0
2025-10-01T01:15:00Z,0,20.8,0
2025-10-01T01:30:00Z,0,18.72,0
2025-10-01T01:45:00Z,0,19,0
2025-10-01T02:00:00Z,0,21.08,0
2025-10-01T02:15:00Z,0,21,0
2025-10-01T02:30:00Z,0,20.8,0
2025-10-01T02:45:00Z,0,20.8,0
2025-10-01T03:00:00Z,0,20.4,0
2025-10-01T03:15:00Z,0,20.2,0
2025-10-01T03:30:00Z,0,21.29,0
2025-10-01T03:45:00Z,0,21.6,0
2025-10-01T04:00:00Z,0,21.7,0
2025-10-01T04:15:00Z,0,21.11,0
2025-10-01T04:30:00Z,0,20.41,0
2025-10-01T04:45:00Z,0,20.2,0
2025-10-01T05:00:00Z,0,19.8,0
2025-10-01T05:15:00Z,0,20.2,0
2025-10-01T05:30:00Z,0,20.69,0
2025-10-01T05:45:00Z,0,20.8,0
2025-10-01T06:00:00Z,0,20.6,0
2025-10-01T06:15:00Z,1.187,19.81,0
2025-10-01T06:30:00Z,15.64,19.9,0
2025-10-01T06:45:00Z,30.04,20.3,0
2025-10-01T07:00:00Z,57.39,20.5,0
2025-10-01T07:15:00Z,92.3,21.09,0
2025-10-01T07:30:00Z,131.6,21.59,0
2025-10-01T07:45:00Z,179.7,22.19,0
2025-10-01T08:00:00Z,229,22.89,0
2025-10-01T08:15:00Z,287,23.49,0
2025-10-01T08:30:00Z,348.4,24.09,0
2025-10-01T08:45:00Z,404.3,24.99,0
2025-10-01T09:00:00Z,458.4,25.89,0
2025-10-01T09:15:00Z,502.1,26.79,0
2025-10-01T09:30:00Z,527.7,27.39,0
2025-10-01T09:45:00Z,575.6,28.19,0
2025-10-01T10:00:00Z,656.9,27.8,0
2025-10-01T10:15:00Z,766.4,27.7,0
2025-10-01T10:30:00Z,834,28.39,0
2025-10-01T10:45:00Z,830,28.2,0
2025-10-01T11:00:00Z,847,28.79,0
2025-10-01T11:15:00Z,963,28.8,0
2025-10-01T11:30:00Z,941,29.39,0
2025-10-01T11:45:00Z,966,29.5,0
2025-10-01T12:00:00Z,906,29.5,0
2025-10-01T12:15:00Z,873,29.4,0
2025-10-01T12:30:00Z,1010,29.89,0
2025-10-01T12:45:00Z,875,30.3,0
2025-10-01T13:00:00Z,886,30.2,0
2025-10-01T13:15:00Z,1023,30.5,0
2025-10-01T13:30:00Z,977,30.5,0
2025-10-01T13:45:00Z,871,30.5,0
2025-10-01T14:00:00Z,790.1,30.7,0
2025-10-01T14:15:00Z,840,30.8,0
2025-10-01T14:30:00Z,815,31,0
2025-10-01T14:45:00Z,740,31.59,0
2025-10-01T15:00:00Z,770.9,31.4,0
2025-10-01T15:15:00Z,662.6,31.8,0
2025-10-01T15:30:00Z,653.5,31.11,0
2025-10-01T15:45:00Z,650.1,31.5,0
2025-10-01T16:00:00Z,641.4,31.6,0
2025-10-01T16:15:00Z,572.1,31.3,0
2025-10-01T16:30:00Z,506.9,31.3,0
2025-10-01T16:45:00Z,441.2,30.71,0
2025-10-01T17:00:00Z,365.8,30.5,0
2025-10-01T17:15:00Z,281.1,30.3,0
2025-10-01T17:30:00Z,211.4,30,0
2025-10-01T17:45:00Z,147.4,29.21,0
2025-10-01T18:00:00Z,77.68,28.21,0
2025-10-01T18:15:00Z,19.05,26.91,0
2025-10-01T18:30:00Z,0.204,25.12,0
2025-10-01T18:45:00Z,0,24.8,0
2025-10-01T19:00:00Z,0,24.9,0
2025-10-01T19:15:00Z,0,24.31,0
2025-10-01T19:30:00Z,0,24,0
2025-10-01T19:45:00Z,0,23.51,0
2025-10-01T20:00:00Z,0,23.7,0
2025-10-01T20:15:00Z,0,23.01,0
2025-10-01T20:30:00Z,0,20.92,0
2025-10-01T20:45:00Z,0,21.49,0
2025-10-01T21:00:00Z,0,22.19,0
2025-10-01T21:15:00Z,0,22.4,0
2025-10-01T21:30:00Z,0,21.81,0
2025-10-01T21:45:00Z,0,23.98,0
2025-10-01T22:00:00Z,0,24.3,0
2025-10-01T22:15:00Z,0,24.4,0
2025-10-01T22:30:00Z,0,24.7,0
2025-10-01T22:45:00Z,0,24.8,0
2025-10-01T23:00:00Z,0,24.7,0
2025-10-01T23:15:00Z,0,24.4,0
2025-10-01T23:30:00Z,0,24.3,0
2025-10-01T23:45:00Z,0,23.9,0
2025-10-02T00:00:00Z,0,23.9,0
2025-10-02T00:15:00Z,0,24.1,0
2025-10-02T00:30:00Z,0,23.9,0
2025-10-02T00:45:00Z,0,23.7,0
2025-10-02T01:00:00Z,0,23.6,0
2025-10-02T01:15:00Z,0,23.7,0
2025-10-02T01:30:00Z,0,23.5,0
2025-10-02T01:45:00Z,0,23.3,0
2025-10-02T02:00:00Z,0,23,0
2025-10-02T02:15:00Z,0,23,0
2025-10-02T02:30:00Z,0,22.7,0
2025-10-02T02:45:00Z,0,22.7,0
2025-10-02T03:00:00Z,0,22.6,0
2025-10-02T03:15:00Z,0,22.6,0
2025-10-02T03:30:00Z,0,22.5,0
2025-10-02T03:45:00Z,0,22.3,0
2025-10-02T04:00:00Z,0,22.2,0
2025-10-02T04:15:00Z,0,22,0
2025-10-02T04:30:00Z,0,22,0
2025-10-02T04:45:00Z,0,21.9,0
2025-10-02T05:00:00Z,0,21.9,0
2025-10-02T05:15:00Z,0,22,0
2025-10-02T05:30:00Z,0,21.9,0
2025-10-02T05:45:00Z,0,21.9,0
2025-10-02T06:00:00Z,0,21.7,0
2025-10-02T06:15:00Z,1.384,21.6,0
2025-10-02T06:30:00Z,14.26,21.6,0
2025-10-02T06:45:00Z,26.56,21.4,0
2025-10-02T07:00:00Z,58.74,21.7,0
2025-10-02T07:15:00Z,96.3,22,0
2025-10-02T07:30:00Z,135.7,22.49,0
2025-10-02T07:45:00Z,180.9,22.9,0
2025-10-02T08:00:00Z,231.6,23.39,0
2025-10-02T08:15:00Z,290.3,23.7,0
2025-10-02T08:30:00Z,351.9,24.39,0
2025-10-02T08:45:00Z,418.3,24.8,0
2025-10-02T09:00:00Z,470.9,25.2,0
2025-10-02T09:15:00Z,513.8,25.6,0
2025-10-02T09:30:00Z,549.8,26.39,0
2025-10-02T09:45:00Z,578,26.6,0
2025-10-02T10:00:00Z,661.2,26.7,0
2025-10-02T10:15:00Z,755.9,27.29,0
2025-10-02T10:30:00Z,831,27.7,0
2025-10-02T10:45:00Z,882,28,0
2025-10-02T11:00:00Z,929,28.59,0
2025-10-02T11:15:00Z,964,28.6,0
2025-10-02T11:30:00Z,991,28.8,0
2025-10-02T11:45:00Z,1023,28.9,0
2025-10-02T12:00:00Z,1033,28.9,0
2025-10-02T12:15:00Z,1047,28.7,0
2025-10-02T12:30:00Z,1060,28.9,0
2025-10-02T12:45:00Z,1064,29.1,0
2025-10-02T13:00:00Z,1067,29.2,0
2025-10-02T13:15:00Z,1058,29.69,0
2025-10-02T13:30:00Z,1050,29.6,0
2025-10-02T13:45:00Z,970,30.19,0
2025-10-02T14:00:00Z,869,30,0
2025-10-02T14:15:00Z,931,30.2,0
2025-10-02T14:30:00Z,936,30.2,0
2025-10-02T14:45:00Z,904,30.1,0
2025-10-02T15:00:00Z,856,30.69,0
2025-10-02T15:15:00Z,809,30.4,0
2025-10-02T15:30:00Z,749.1,30.4,0
2025-10-02T15:45:00Z,695.6,30.89,0
2025-10-02T16:00:00Z,636.7,30.7,0
2025-10-02T16:15:00Z,575.8,30.4,0
2025-10-02T16:30:00Z,510.2,30.2,0
2025-10-02T16:45:00Z,444,30.1,0
2025-10-02T17:00:00Z,376.4,29.9,0
2025-10-02T17:15:00Z,300.3,29.6,0
2025-10-02T17:30:00Z,232.9,29.3,0
2025-10-02T17:45:00Z,168.5,28.81,0
2025-10-02T18:00:00Z,96.3,27.71,0
2025-10-02T18:15:00Z,24,25.92,0
2025-10-02T18:30:00Z,1.444,23.82,0
2025-10-02T18:45:00Z,0.013,21.62,0
2025-10-02T19:00:00Z,0,20.61,0
2025-10-02T19:15:00Z,0,21.39,0
2025-10-02T19:30:00Z,0,21,0
2025-10-02T19:45:00Z,0,20.01,0
2025-10-02T20:00:00Z,0,19.7,0
2025-10-02T20:15:00Z,0,18.91,0
2025-10-02T20:30:00Z,0,18.7,0
2025-10-02T20:45:00Z,0,18.21,0
2025-10-02T21:00:00Z,0,17.51,0
2025-10-02T21:15:00Z,0,18.09,0
2025-10-02T21:30:00Z,0,18.2,0
2025-10-02T21:45:00Z,0,18.3,0
2025-10-02T22:00:00Z,0,19.78,0
2025-10-02T22:15:00Z,0,18.42,0
2025-10-02T22:30:00Z,0,18.99,0
2025-10-02T22:45:00Z,0,18.9,0
2025-10-02T23:00:00Z,0,20.19,0
2025-10-02T23:15:00Z,0,22.38,0
2025-10-02T23:30:00Z,0,21.61,0
2025-10-02T23:45:00Z,0,22.09,0
2025-10-03T00:00:00Z,0,21.21,0
2025-10-03T00:15:00Z,0,21.6,0
2025-10-03T00:30:00Z,0,22.39,0
2025-10-03T00:45:00Z,0,22.2,0
2025-10-03T01:00:00Z,0,22.69,0
2025-10-03T01:15:00Z,0,22.6,0
2025-10-03T01:30:00Z,0,22.4,0
2025-10-03T01:45:00Z,0,22.5,0
2025-10-03T02:00:00Z,0,22.2,0
2025-10-03T02:15:00Z,0,22,0
2025-10-03T02:30:00Z,0,21.41,0
2025-10-03T02:45:00Z,0,21.2,0
2025-10-03T03:00:00Z,0,21.1,0
2025-10-03T03:15:00Z,0,21.1,0
2025-10-03T03:30:00Z,0,20.9,0
2025-10-03T03:45:00Z,0,20.7,0
2025-10-03T04:00:00Z,0,20.6,0
2025-10-03T04:15:00Z,0,20.9,0
2025-10-03T04:30:00Z,0,21,0
2025-10-03T04:45:00Z,0,21,0
2025-10-03T05:00:00Z,0,20.8,0
2025-10-03T05:15:00Z,0,20.7,0
2025-10-03T05:30:00Z,0,20.5,0
2025-10-03T05:45:00Z,0,20.5,0
2025-10-03T06:00:00Z,0,20.2,0
2025-10-03T06:15:00Z,2.077,20.3,0
2025-10-03T06:30:00Z,14.76,20.4,0
2025-10-03T06:45:00Z,26.67,20.3,0
2025-10-03T07:00:00Z,60.32,20.4,0
2025-10-03T07:15:00Z,97.2,20.6,0
2025-10-03T07:30:00Z,136.9,20.9,0
2025-10-03T07:45:00Z,186,21.2,0
2025-10-03T08:00:00Z,237.8,21.6,0
2025-10-03T08:15:00Z,299.5,22,0
2025-10-03T08:30:00Z,362.9,22.4,0
2025-10-03T08:45:00Z,426,22.89,0
2025-10-03T09:00:00Z,484.1,23.39,0
2025-10-03T09:15:00Z,525.7,23.8,0
2025-10-03T09:30:00Z,560.5,24.79,0
2025-10-03T09:45:00Z,580.3,25.29,0
2025-10-03T10:00:00Z,655.8,25.99,0
2025-10-03T10:15:00Z,750.4,26.1,0
2025-10-03T10:30:00Z,834,26.5,0
2025-10-03T10:45:00Z,881,27.09,0
2025-10-03T11:00:00Z,935,27.4,0
2025-10-03T11:15:00Z,955,27.7,0
2025-10-03T11:30:00Z,986,28,0
2025-10-03T11:45:00Z,1015,28,0
2025-10-03T12:00:00Z,1029,28.4,0
2025-10-03T12:15:00Z,1042,28.5,0
2025-10-03T12:30:00Z,1054,28.7,0
2025-10-03T12:45:00Z,1061,29,0
2025-10-03T13:00:00Z,1055,29.49,0
2025-10-03T13:15:00Z,1050,29.5,0
2025-10-03T13:30:00Z,1040,29.5,0
2025-10-03T13:45:00Z,957,29.6,0
2025-10-03T14:00:00Z,877,30.09,0
2025-10-03T14:15:00Z,935,30.1,0
2025-10-03T14:30:00Z,937,30.4,0
2025-10-03T14:45:00Z,908,30.7,0
2025-10-03T15:00:00Z,854,30.21,0
2025-10-03T15:15:00Z,804,30.2,0
2025-10-03T15:30:00Z,752.7,30.4,0
2025-10-03T15:45:00Z,700.2,30.5,0
2025-10-03T16:00:00Z,632.5,30.5,0
2025-10-03T16:15:00Z,507.1,30.2,0
2025-10-03T16:30:00Z,369.3,30,0
2025-10-03T16:45:00Z,223.3,29.6,0
2025-10-03T17:00:00Z,246.8,29.4,0
2025-10-03T17:15:00Z,230.4,29.1,0
2025-10-03T17:30:00Z,229.2,28.9,0
2025-10-03T17:45:00Z,165,28.41,0
2025-10-03T18:00:00Z,98.9,27.71,0
2025-10-03T18:15:00Z,37.78,26.61,0
2025-10-03T18:30:00Z,2.687,25.51,0
2025-10-03T18:45:00Z,0.026,24.71,0
2025-10-03T19:00:00Z,0,24.21,0
2025-10-03T19:15:00Z,0,23.8,0
2025-10-03T19:30:00Z,0,23.7,0
2025-10-03T19:45:00Z,0,23.8,0
2025-10-03T20:00:00Z,0,23.7,0
2025-10-03T20:15:00Z,0,23.4,0
2025-10-03T20:30:00Z,0,23.2,0
2025-10-03T20:45:00Z,0,23,0
2025-10-03T21:00:00Z,0,22.8,0
2025-10-03T21:15:00Z,0,22.8,0
2025-10-03T21:30:00Z,0,22.31,0
2025-10-03T21:45:00Z,0,22.6,0
2025-10-03T22:00:00Z,0,22.4,0
2025-10-03T22:15:00Z,0,22.5,0
2025-10-03T22:30:00Z,0,22.99,0
2025-10-03T22:45:00Z,0,23.1,0
2025-10-03T23:00:00Z,0,23.4,0
2025-10-03T23:15:00Z,0,23.6,0
2025-10-03T23:30:00Z,0,23.2,0
2025-10-03T23:45:00Z,0,23.3,0
2025-10-04T00:00:00Z,0,23.2,0
2025-10-04T00:15:00Z,0,22.9,0
2025-10-04T00:30:00Z,0,22.6,0
2025-10-04T00:45:00Z,0,22.6,0
2025-10-04T01:00:00Z,0,22.7,0
2025-10-04T01:15:00Z,0,22.8,0
2025-10-04T01:30:00Z,0,22.01,0
2025-10-04T01:45:00Z,0,21.51,0
2025-10-04T02:00:00Z,0,21.4,0
2025-10-04T02:15:00Z,0,21.5,0
2025-10-04T02:30:00Z,0,21.8,0
2025-10-04T02:45:00Z,0,21.7,0
2025-10-04T03:00:00Z,0,21.5,0
2025-10-04T03:15:00Z,0,21.01,0
2025-10-04T03:30:00Z,0,20.6,0
2025-10-04T03:45:00Z,0,20.2,0
2025-10-04T04:00:00Z,0,19.9,0
2025-10-04T04:15:00Z,0,20,0
2025-10-04T04:30:00Z,0,19.9,0
2025-10-04T04:45:00Z,0,19.5,0
2025-10-04T05:00:00Z,0,19.6,0
2025-10-04T05:15:00Z,0,19.7,0
2025-10-04T05:30:00Z,0,19.7,0
2025-10-04T05:45:00Z,0,19.5,0
2025-10-04T06:00:00Z,0,19.3,0
2025-10-04T06:15:00Z,2.769,19.2,0
2025-10-04T06:30:00Z,15.56,19,0
2025-10-04T06:45:00Z,29.64,18.9,0
2025-10-04T07:00:00Z,67.48,19.3,0
2025-10-04T07:15:00Z,99.1,19.7,0
2025-10-04T07:30:00Z,127.1,19.9,0
2025-10-04T07:45:00Z,178.6,20.2,0
2025-10-04T08:00:00Z,241.3,20.89,0
2025-10-04T08:15:00Z,301.9,21.49,0
2025-10-04T08:30:00Z,366.2,21.99,0
2025-10-04T08:45:00Z,431,22.59,0
2025-10-04T09:00:00Z,494.7,23,0
2025-10-04T09:15:00Z,529.8,23.3,0
2025-10-04T09:30:00Z,564.6,23.89,0
2025-10-04T09:45:00Z,602.2,24.39,0
2025-10-04T10:00:00Z,653.1,24.8,0
2025-10-04T10:15:00Z,769.6,25.59,0
2025-10-04T10:30:00Z,797.4,25.6,0
2025-10-04T10:45:00Z,902,26.59,0
2025-10-04T11:00:00Z,836,26.4,0
2025-10-04T11:15:00Z,975,26.99,0
2025-10-04T11:30:00Z,868,26.9,0
2025-10-04T11:45:00Z,1047,27.49,0
2025-10-04T12:00:00Z,980,27.5,0
2025-10-04T12:15:00Z,1056,27.5,0
2025-10-04T12:30:00Z,1099,27.9,0
2025-10-04T12:45:00Z,1066,28.39,0
2025-10-04T13:00:00Z,1077,28.7,0
2025-10-04T13:15:00Z,992,28.5,0
2025-10-04T13:30:00Z,1034,28.5,0
2025-10-04T13:45:00Z,943,29.29,0
2025-10-04T14:00:00Z,916,29.2,0
2025-10-04T14:15:00Z,959,29.6,0
2025-10-04T14:30:00Z,516.4,28.51,0
2025-10-04T14:45:00Z,411.1,28.8,0
2025-10-04T15:00:00Z,895,29.79,0
2025-10-04T15:15:00Z,555.5,29.21,0
2025-10-04T15:30:00Z,316.2,28.31,0
2025-10-04T15:45:00Z,689.1,29.09,0
2025-10-04T16:00:00Z,669.9,29.3,0
2025-10-04T16:15:00Z,585.2,28.9,0
2025-10-04T16:30:00Z,332,28.41,0
2025-10-04T16:45:00Z,464.6,28.6,0
2025-10-04T17:00:00Z,434.6,28.6,0
2025-10-04T17:15:00Z,340.4,28.5,0
2025-10-04T17:30:00Z,250.2,27.91,0
2025-10-04T17:45:00Z,174.6,27.41,0
2025-10-04T18:00:00Z,107.5,26.71,0
2025-10-04T18:15:00Z,27.49,25.91,0
2025-10-04T18:30:00Z,2.669,25.11,0
2025-10-04T18:45:00Z,0.027,24.21,0
2025-10-04T19:00:00Z,0,24.1,0
2025-10-04T19:15:00Z,0,23.8,0
2025-10-04T19:30:00Z,0,23.21,0
2025-10-04T19:45:00Z,0,22.8,0
2025-10-04T20:00:00Z,0,20.82,0
2025-10-04T20:15:00Z,0,19.81,0
2025-10-04T20:30:00Z,0,19.21,0
2025-10-04T20:45:00Z,0,18.8,0
2025-10-04T21:00:00Z,0,18.7,0
2025-10-04T21:15:00Z,0,18.9,0
2025-10-04T21:30:00Z,0,18.21,0
2025-10-04T21:45:00Z,0,18.2,0
2025-10-04T22:00:00Z,0,18.69,0
2025-10-04T22:15:00Z,0,20.38,0
2025-10-04T22:30:00Z,0,21.49,0
2025-10-04T22:45:00Z,0,22.09,0
2025-10-04T23:00:00Z,0,22.4,0
2025-10-04T23:15:00Z,0,22.3,0
2025-10-04T23:30:00Z,0,22.5,0
2025-10-04T23:45:00Z,0,22.5,0
2025-10-05T00:00:00Z,0,22.5,0
2025-10-05T00:15:00Z,0,22.5,0
2025-10-05T00:30:00Z,0,22.01,0
2025-10-05T00:45:00Z,0,21.6,0
2025-10-05T01:00:00Z,0,21.4,0
2025-10-05T01:15:00Z,0,21.7,0
2025-10-05T01:30:00Z,0,21.9,0
2025-10-05T01:45:00Z,0,21.41,0
2025-10-05T02:00:00Z,0,21.2,0
2025-10-05T02:15:00Z,0,21.2,0
2025-10-05T02:30:00Z,0,21.3,0
2025-10-05T02:45:00Z,0,21.2,0
2025-10-05T03:00:00Z,0,21.2,0
2025-10-05T03:15:00Z,0,21,0
2025-10-05T03:30:00Z,0,20.8,0
2025-10-05T03:45:00Z,0,20.6,0
2025-10-05T04:00:00Z,0,20.11,0
2025-10-05T04:15:00Z,0,19.61,0
2025-10-05T04:30:00Z,0,19.5,0
2025-10-05T04:45:00Z,0,19.4,0
2025-10-05T05:00:00Z,0,19.1,0
2025-10-05T05:15:00Z,0,18.8,0
2025-10-05T05:30:00Z,0,19,0
2025-10-05T05:45:00Z,0,19.1,0
2025-10-05T06:00:00Z,0,18.8,0
2025-10-05T06:15:00Z,2.769,19,0
2025-10-05T06:30:00Z,16.15,19.2,0
2025-10-05T06:45:00Z,32.81,19.5,0
2025-10-05T07:00:00Z,75.92,19.9,0
2025-10-05T07:15:00Z,108.9,20.49,0
2025-10-05T07:30:00Z,149.1,21.19,0
2025-10-05T07:45:00Z,206.2,21.79,0
2025-10-05T08:00:00Z,255.1,22.39,0
2025-10-05T08:15:00Z,276.9,22.5,0
2025-10-05T08:30:00Z,395.2,22.99,0
2025-10-05T08:45:00Z,449.8,23.3,0
2025-10-05T09:00:00Z,380,22.81,0
2025-10-05T09:15:00Z,413.7,23.1,0
2025-10-05T09:30:00Z,545.6,23.79,0
2025-10-05T09:45:00Z,612.2,24.39,0
2025-10-05T10:00:00Z,685.4,24.7,0
2025-10-05T10:15:00Z,712.7,24.7,0
2025-10-05T10:30:00Z,765.7,24.8,0
2025-10-05T10:45:00Z,826,25.69,0
2025-10-05T11:00:00Z,827,25.6,0
2025-10-05T11:15:00Z,883,25.8,0
2025-10-05T11:30:00Z,945,26.79,0
2025-10-05T11:45:00Z,979,26.7,0
2025-10-05T12:00:00Z,952,27,0
2025-10-05T12:15:00Z,1115,27.3,0
2025-10-05T12:30:00Z,1094,27.5,0
2025-10-05T12:45:00Z,979,28.19,0
2025-10-05T13:00:00Z,871,28.2,0
2025-10-05T13:15:00Z,1051,28.69,0
2025-10-05T13:30:00Z,978,28.3,0
2025-10-05T13:45:00Z,1021,29.09,0
2025-10-05T14:00:00Z,921,28.9,0
2025-10-05T14:15:00Z,947,28.9,0
2025-10-05T14:30:00Z,954,29.1,0
2025-10-05T14:45:00Z,908,29.5,0
2025-10-05T15:00:00Z,747.6,29.4,0
2025-10-05T15:15:00Z,511,28.71,0
2025-10-05T15:30:00Z,709.8,29.19,0
2025-10-05T15:45:00Z,716.5,29.3,0
2025-10-05T16:00:00Z,620.1,29.2,0
2025-10-05T16:15:00Z,631.8,29.2,0
2025-10-05T16:30:00Z,416.3,28.61,0
2025-10-05T16:45:00Z,538.9,29.19,0
2025-10-05T17:00:00Z,487.1,29,0
2025-10-05T17:15:00Z,350.3,28.51,0
2025-10-05T17:30:00Z,200,27.81,0
2025-10-05T17:45:00Z,207.6,27.7,0
2025-10-05T18:00:00Z,102.6,27.21,0
2025-10-05T18:15:00Z,38.41,26.51,0
2025-10-05T18:30:00Z,6.253,25.91,0
2025-10-05T18:45:00Z,0.066,25.21,0
2025-10-05T19:00:00Z,0,24.41,0
2025-10-05T19:15:00Z,0,23.61,0
2025-10-05T19:30:00Z,0,23.01,0
2025-10-05T19:45:00Z,0,22.9,0
2025-10-05T20:00:00Z,0,22.6,0
2025-10-05T20:15:00Z,0,22.3,0
2025-10-05T20:30:00Z,0,21.11,0
2025-10-05T20:45:00Z,0,20.11,0
2025-10-05T21:00:00Z,0,19.7,0
2025-10-05T21:15:00Z,0,19.6,0
2025-10-05T21:30:00Z,0,18.71,0
2025-10-05T21:45:00Z,0,19,0
2025-10-05T22:00:00Z,0,19.2,0
2025-10-05T22:15:00Z,0,18.71,0
2025-10-05T22:30:00Z,0,18.01,0
2025-10-05T22:45:00Z,0,17.41,0
2025-10-05T23:00:00Z,0,16.91,0
2025-10-05T23:15:00Z,0,17,0
2025-10-05T23:30:00Z,0,17,0
2025-10-05T23:45:00Z,0,16.41,0
2025-10-06T00:00:00Z,0,15.81,0
2025-10-06T00:15:00Z,0,16.29,0
2025-10-06T00:30:00Z,0,16.5,0
2025-10-06T00:45:00Z,0,17.09,0
2025-10-06T01:00:00Z,0,17.79,0
2025-10-06T01:15:00Z,0,19.78,0
2025-10-06T01:30:00Z,0,19.31,0
2025-10-06T01:45:00Z,0,18.31,0
2025-10-06T02:00:00Z,0,18,0
2025-10-06T02:15:00Z,0,18.4,0
2025-10-06T02:30:00Z,0,18.89,0
2025-10-06T02:45:00Z,0,18.11,0
2025-10-06T03:00:00Z,0,18.2,0
2025-10-06T03:15:00Z,0,18.3,0
2025-10-06T03:30:00Z,0,18.2,0
2025-10-06T03:45:00Z,0,18.2,0
2025-10-06T04:00:00Z,0,18,0
2025-10-06T04:15:00Z,0,17.8,0
2025-10-06T04:30:00Z,0,17.4,0
2025-10-06T04:45:00Z,0,17.6,0
2025-10-06T05:00:00Z,0,17.11,0
2025-10-06T05:15:00Z,0,17.2,0
2025-10-06T05:30:00Z,0,17.5,0
2025-10-06T05:45:00Z,0,17.8,0
2025-10-06T06:00:00Z,0,17.8,0
2025-10-06T06:15:00Z,2.571,19.09,0
2025-10-06T06:30:00Z,13.28,19,0
2025-10-06T06:45:00Z,23.39,19.89,0
2025-10-06T07:00:00Z,62.76,21.28,0
2025-10-06T07:15:00Z,98.1,22.19,0
2025-10-06T07:30:00Z,142.3,22.89,0
2025-10-06T07:45:00Z,194.6,23.99,0
2025-10-06T08:00:00Z,249.6,24.79,0
2025-10-06T08:15:00Z,309.8,24.9,0
2025-10-06T08:30:00Z,375,25.3,0
2025-10-06T08:45:00Z,439.1,26.29,0
2025-10-06T09:00:00Z,503.9,27.29,0
2025-10-06T09:15:00Z,562.3,27.7,0
2025-10-06T09:30:00Z,594.4,28.39,0
2025-10-06T09:45:00Z,575,28.6,0
2025-10-06T10:00:00Z,492.7,28.2,0
2025-10-06T10:15:00Z,746.1,28.4,0
2025-10-06T10:30:00Z,874,28.2,0
2025-10-06T10:45:00Z,865,28.5,0
2025-10-06T11:00:00Z,955,28.6,0
2025-10-06T11:15:00Z,981,28.8,0
2025-10-06T11:30:00Z,806,28.7,0
2025-10-06T11:45:00Z,1021,29.19,0
2025-10-06T12:00:00Z,393.4,28.51,0
2025-10-06T12:15:00Z,688.6,28.6,0
2025-10-06T12:30:00Z,643.2,29,0
2025-10-06T12:45:00Z,897,29.69,0
2025-10-06T13:00:00Z,1209,30.29,0
2025-10-06T13:15:00Z,644.6,30.2,0
2025-10-06T13:30:00Z,762.6,30.3,0
2025-10-06T13:45:00Z,609.5,29.9,0
2025-10-06T14:00:00Z,751.4,30.49,0
2025-10-06T14:15:00Z,830,30.7,0
2025-10-06T14:30:00Z,563.5,30.5,0
2025-10-06T14:45:00Z,655.5,30.4,0
2025-10-06T15:00:00Z,302.8,30.3,0
2025-10-06T15:15:00Z,176.7,30.1,0
2025-10-06T15:30:00Z,259.8,30.2,0
2025-10-06T15:45:00Z,306.3,30,0
2025-10-06T16:00:00Z,693.7,31.29,0
2025-10-06T16:15:00Z,630.9,31.5,0
2025-10-06T16:30:00Z,551.6,31.7,0
2025-10-06T16:45:00Z,482,31.7,0
2025-10-06T17:00:00Z,345.3,31.4,0
2025-10-06T17:15:00Z,278.3,30.91,0
2025-10-06T17:30:00Z,216.2,30.5,0
2025-10-06T17:45:00Z,174.8,30.4,0
2025-10-06T18:00:00Z,87.8,30,0
2025-10-06T18:15:00Z,20.45,28.81,0
2025-10-06T18:30:00Z,0.516,26.92,0
2025-10-06T18:45:00Z,0.003,26.5,0
2025-10-06T19:00:00Z,0,25.91,0
2025-10-06T19:15:00Z,0,25.41,0
2025-10-06T19:30:00Z,0,25.2,0
2025-10-06T19:45:00Z,0,25,0
2025-10-06T20:00:00Z,0,24.11,0
2025-10-06T20:15:00Z,0,23.31,0
2025-10-06T20:30:00Z,0,22.51,0
2025-10-06T20:45:00Z,0,22.7,0
2025-10-06T21:00:00Z,0,22.5,0
2025-10-06T21:15:00Z,0,21.81,0
2025-10-06T21:30:00Z,0,21.8,0
2025-10-06T21:45:00Z,0,21.7,0
2025-10-06T22:00:00Z,0,21.6,0
2025-10-06T22:15:00Z,0,21.8,0
2025-10-06T22:30:00Z,0,21.9,0
2025-10-06T22:45:00Z,0,22.1,0
2025-10-06T23:00:00Z,0,21.31,0
2025-10-06T23:15:00Z,0,21.6,0
2025-10-06T23:30:00Z,0,21.11,0
2025-10-06T23:45:00Z,0,21,0
2025-10-07T00:00:00Z,0,20.6,0
2025-10-07T00:15:00Z,0,20.4,0
2025-10-07T00:30:00Z,0,20.4,0
2025-10-07T00:45:00Z,0,20.8,0
2025-10-07T01:00:00Z,0,20.6,0
2025-10-07T01:15:00Z,0,20.01,0
2025-10-07T01:30:00Z,0,19.11,0
2025-10-07T01:45:00Z,0,18.9,0
2025-10-07T02:00:00Z,0,19.2,0
2025-10-07T02:15:00Z,0,19.2,0
2025-10-07T02:30:00Z,0,19.2,0
2025-10-07T02:45:00Z,0,18.8,0
2025-10-07T03:00:00Z,0,19,0
2025-10-07T03:15:00Z,0,19.59,0
2025-10-07T03:30:00Z,0,19.11,0
2025-10-07T03:45:00Z,0,19.4,0
2025-10-07T04:00:00Z,0,19.5,0
2025-10-07T04:15:00Z,0,19.7,0
2025-10-07T04:30:00Z,0,19.9,0
2025-10-07T04:45:00Z,0,19.21,0
2025-10-07T05:00:00Z,0,19,0
2025-10-07T05:15:00Z,0,19.99,0
2025-10-07T05:30:00Z,0,19.6,0
2025-10-07T05:45:00Z,0,19.11,0
2025-10-07T06:00:00Z,0,18.8,0
2025-10-07T06:15:00Z,2.967,18.8,0
2025-10-07T06:30:00Z,15.95,19.89,0
2025-10-07T06:45:00Z,29.55,20.89,0
2025-10-07T07:00:00Z,65.3,21.99,0
2025-10-07T07:15:00Z,98.4,23.48,0
2025-10-07T07:30:00Z,136.2,25.08,0
2025-10-07T07:45:00Z,187.6,26.19,0
2025-10-07T08:00:00Z,236.1,26.89,0
2025-10-07T08:15:00Z,284.9,27.69,0
2025-10-07T08:30:00Z,208.5,27.3,0
2025-10-07T08:45:00Z,453.6,27.89,0
2025-10-07T09:00:00Z,514.6,28.89,0
2025-10-07T09:15:00Z,576.2,29.2,0
2025-10-07T09:30:00Z,485.6,29.1,0
2025-10-07T09:45:00Z,434.7,29,0
2025-10-07T10:00:00Z,696.7,29.69,0
2025-10-07T10:15:00Z,621.8,29.7,0
2025-10-07T10:30:00Z,726.9,29.9,0
2025-10-07T10:45:00Z,423.8,29.41,0
2025-10-07T11:00:00Z,511.1,29.3,0
2025-10-07T11:15:00Z,840,30.19,0
2025-10-07T11:30:00Z,1108,30.6,0
2025-10-07T11:45:00Z,902,30.8,0
2025-10-07T12:00:00Z,838,30.9,0
2025-10-07T12:15:00Z,940,30.7,0
2025-10-07T12:30:00Z,1007,30.9,0
2025-10-07T12:45:00Z,385,30.11,0
2025-10-07T13:00:00Z,520.2,30.4,0
2025-10-07T13:15:00Z,213.1,30.2,0
2025-10-07T13:30:00Z,92.6,29.71,0
2025-10-07T13:45:00Z,120.8,29.21,0
2025-10-07T14:00:00Z,197.5,28.51,0
2025-10-07T14:15:00Z,603.8,28.99,0
2025-10-07T14:30:00Z,575.7,29.69,0
2025-10-07T14:45:00Z,279.3,28.61,0
2025-10-07T15:00:00Z,446.1,29,0
2025-10-07T15:15:00Z,228.3,29,0
2025-10-07T15:30:00Z,150.2,29.2,0
2025-10-07T15:45:00Z,138.4,29.2,0
2025-10-07T16:00:00Z,426.4,29.79,0
2025-10-07T16:15:00Z,346.2,30.1,0
2025-10-07T16:30:00Z,282.8,30.59,0
2025-10-07T16:45:00Z,128.9,30.4,0
2025-10-07T17:00:00Z,111.7,30,0
2025-10-07T17:15:00Z,88.1,29.41,0
2025-10-07T17:30:00Z,63.08,28.81,0
2025-10-07T17:45:00Z,35.7,27.91,0
2025-10-07T18:00:00Z,20.96,26.12,0
2025-10-07T18:15:00Z,10.81,25.01,0
2025-10-07T18:30:00Z,0.119,23.81,0
2025-10-07T18:45:00Z,0,23.31,0
2025-10-07T19:00:00Z,0,22.11,0
2025-10-07T19:15:00Z,0,21.21,0
2025-10-07T19:30:00Z,0,21.1,0
2025-10-07T19:45:00Z,0,20.31,0
2025-10-07T20:00:00Z,0,19.51,0
2025-10-07T20:15:00Z,0,19.2,0
2025-10-07T20:30:00Z,0,18.21,0
2025-10-07T20:45:00Z,0,18.2,0
2025-10-07T21:00:00Z,0,19.78,0
2025-10-07T21:15:00Z,0,19.01,0
2025-10-07T21:30:00Z,0,18.6,0
2025-10-07T21:45:00Z,0,19.59,0
2025-10-07T22:00:00Z,0,21.38,0
2025-10-07T22:15:00Z,0,21.1,0
2025-10-07T22:30:00Z,0,20.21,0
2025-10-07T22:45:00Z,0,19.31,0
2025-10-07T23:00:00Z,0,19,0
2025-10-07T23:15:00Z,0,19.89,0
2025-10-07T23:30:00Z,0,20.59,0
2025-10-07T23:45:00Z,0,20.4,0
2025-10-08T00:00:00Z,0,20.2,0
2025-10-08T00:15:00Z,0,20.2,0
2025-10-08T00:30:00Z,0,19.71,0
2025-10-08T00:45:00Z,0,19.7,0
2025-10-08T01:00:00Z,0,19.7,0
2025-10-08T01:15:00Z,0,19.7,0
2025-10-08T01:30:00Z,0,19.11,0
2025-10-08T01:45:00Z,0,19.69,0
2025-10-08T02:00:00Z,0,20.19,0
2025-10-08T02:15:00Z,0,20.6,0
2025-10-08T02:30:00Z,0,20.7,0
2025-10-08T02:45:00Z,0,20.8,0
2025-10-08T03:00:00Z,0,20.4,0
2025-10-08T03:15:00Z,0,20.89,0
2025-10-08T03:30:00Z,0,21.3,0
2025-10-08T03:45:00Z,0,22.49,0
2025-10-08T04:00:00Z,0,22.9,0
2025-10-08T04:15:00Z,0,23.1,0
2025-10-08T04:30:00Z,0,22.7,0
2025-10-08T04:45:00Z,0,22.3,0
2025-10-08T05:00:00Z,0,23.39,0
2025-10-08T05:15:00Z,0,23,0
2025-10-08T05:30:00Z,0,23.2,0
2025-10-08T05:45:00Z,0,23.5,0
2025-10-08T06:00:00Z,0,23.3,0
2025-10-08T06:15:00Z,5.538,22.81,0
2025-10-08T06:30:00Z,19.05,22.5,0
2025-10-08T06:45:00Z,31.17,23.49,0
2025-10-08T07:00:00Z,66.11,24.19,0
2025-10-08T07:15:00Z,102,24.79,0
2025-10-08T07:30:00Z,139.4,25.69,0
2025-10-08T07:45:00Z,180.5,26.59,0
2025-10-08T08:00:00Z,242.3,27.39,0
2025-10-08T08:15:00Z,300.8,27.89,0
2025-10-08T08:30:00Z,362,28.49,0
2025-10-08T08:45:00Z,426.4,28.5,0
2025-10-08T09:00:00Z,473.1,28.5,0
2025-10-08T09:15:00Z,536.9,28.7,0
2025-10-08T09:30:00Z,612.6,28.5,0
2025-10-08T09:45:00Z,653.7,28.7,0
2025-10-08T10:00:00Z,679,28.9,0
2025-10-08T10:15:00Z,722.4,28.8,0
2025-10-08T10:30:00Z,843,29.1,0
2025-10-08T10:45:00Z,894,29.4,0
2025-10-08T11:00:00Z,939,29.89,0
2025-10-08T11:15:00Z,971,30,0
2025-10-08T11:30:00Z,1009,30.59,0
2025-10-08T11:45:00Z,1047,30.8,0
2025-10-08T12:00:00Z,965,30.6,0
2025-10-08T12:15:00Z,709.5,30.11,0
2025-10-08T12:30:00Z,954,31.29,0
2025-10-08T12:45:00Z,957,31.2,0
2025-10-08T13:00:00Z,782.9,30.9,0
2025-10-08T13:15:00Z,388.1,30.11,0
2025-10-08T13:30:00Z,218.2,29.51,0
2025-10-08T13:45:00Z,250.8,29.5,0
2025-10-08T14:00:00Z,551.4,29.8,0
2025-10-08T14:15:00Z,694.1,30.59,0
2025-10-08T14:30:00Z,226,29.61,0
2025-10-08T14:45:00Z,231.7,29.5,0
2025-10-08T15:00:00Z,674.4,30.59,0
2025-10-08T15:15:00Z,144.5,29.91,0
2025-10-08T15:30:00Z,140.7,29.8,0
2025-10-08T15:45:00Z,262.7,29.9,0
2025-10-08T16:00:00Z,673.5,31.38,0
2025-10-08T16:15:00Z,546.6,31.3,0
2025-10-08T16:30:00Z,475.2,31,0
2025-10-08T16:45:00Z,428.6,30.7,0
2025-10-08T17:00:00Z,365.9,29.61,0
2025-10-08T17:15:00Z,301.5,28.91,0
2025-10-08T17:30:00Z,234.3,28.8,0
2025-10-08T17:45:00Z,170.7,28.7,0
2025-10-08T18:00:00Z,88.5,28.21,0
2025-10-08T18:15:00Z,27.67,27.8,0
2025-10-08T18:30:00Z,2.08,25.72,0
2025-10-08T18:45:00Z,0.02,24.12,0
2025-10-08T19:00:00Z,0,23.21,0
2025-10-08T19:15:00Z,0,22.9,0
2025-10-08T19:30:00Z,0,23,0
2025-10-08T19:45:00Z,0,22.41,0
2025-10-08T20:00:00Z,0,21.51,0
2025-10-08T20:15:00Z,0,21.01,0
2025-10-08T20:30:00Z,0,20.41,0
2025-10-08T20:45:00Z,0,19.11,0
2025-10-08T21:00:00Z,0,19.79,0
2025-10-08T21:15:00Z,0,19.5,0
2025-10-08T21:30:00Z,0,20.88,0
2025-10-08T21:45:00Z,0,21,0
2025-10-08T22:00:00Z,0,21.4,0
2025-10-08T22:15:00Z,0,21,0
2025-10-08T22:30:00Z,0,21.49,0
2025-10-08T22:45:00Z,0,21.9,0
2025-10-08T23:00:00Z,0,21.41,0
2025-10-08T23:15:00Z,0,21.89,0
2025-10-08T23:30:00Z,0,20.61,0
2025-10-08T23:45:00Z,0,20.3,0
2025-10-09T00:00:00Z,0,20,0
2025-10-09T00:15:00Z,0,20.49,0
2025-10-09T00:30:00Z,0,22.58,0
2025-10-09T00:45:00Z,0,24.58,0
2025-10-09T01:00:00Z,0,24.3,0
2025-10-09T01:15:00Z,0,24.7,0
2025-10-09T01:30:00Z,0,25,0
2025-10-09T01:45:00Z,0,25.4,0
2025-10-09T02:00:00Z,0,25.3,0
2025-10-09T02:15:00Z,0,25,0
2025-10-09T02:30:00Z,0,24.51,0
2025-10-09T02:45:00Z,0,24.2,0
2025-10-09T03:00:00Z,0,23.61,0
2025-10-09T03:15:00Z,0,23.3,0
2025-10-09T03:30:00Z,0,23,0
2025-10-09T03:45:00Z,0,22.7,0
2025-10-09T04:00:00Z,0,22.3,0
2025-10-09T04:15:00Z,0,21.9,0
2025-10-09T04:30:00Z,0,21.6,0
2025-10-09T04:45:00Z,0,21.3,0
2025-10-09T05:00:00Z,0,21.79,0
2025-10-09T05:15:00Z,0,22.59,0
2025-10-09T05:30:00Z,0,22.2,0
2025-10-09T05:45:00Z,0,21.61,0
2025-10-09T06:00:00Z,0,21.4,0
2025-10-09T06:15:00Z,5.043,21.99,0
2025-10-09T06:30:00Z,20.43,22.2,0
2025-10-09T06:45:00Z,38.8,22.69,0
2025-10-09T07:00:00Z,78.46,22.9,0
2025-10-09T07:15:00Z,112.9,23.3,0
2025-10-09T07:30:00Z,189.4,23.89,0
2025-10-09T07:45:00Z,184.6,24.39,0
2025-10-09T08:00:00Z,173.4,24.6,0
2025-10-09T08:15:00Z,212.8,25,0
2025-10-09T08:30:00Z,425.5,25.89,0
2025-10-09T08:45:00Z,501,26.39,0
2025-10-09T09:00:00Z,464.8,26.4,0
2025-10-09T09:15:00Z,393.3,26.2,0
2025-10-09T09:30:00Z,628.3,27.19,0
2025-10-09T09:45:00Z,652.3,27.69,0
2025-10-09T10:00:00Z,671.5,28.1,0
2025-10-09T10:15:00Z,731.7,28.5,0
2025-10-09T10:30:00Z,444.3,27.71,0
2025-10-09T10:45:00Z,910,28.79,0
2025-10-09T11:00:00Z,971,29.1,0
2025-10-09T11:15:00Z,1011,29.3,0
2025-10-09T11:30:00Z,1065,29.5,0
2025-10-09T11:45:00Z,1094,29.5,0
2025-10-09T12:00:00Z,1045,29.4,0
2025-10-09T12:15:00Z,1054,29.5,0
2025-10-09T12:30:00Z,729.6,29.3,0
2025-10-09T12:45:00Z,931,29.79,0
2025-10-09T13:00:00Z,751.4,29.9,0
2025-10-09T13:15:00Z,975,30,0
2025-10-09T13:30:00Z,633.3,29.9,0
2025-10-09T13:45:00Z,396.8,29.01,0
2025-10-09T14:00:00Z,478.5,29.2,0
2025-10-09T14:15:00Z,448.2,29.1,0
2025-10-09T14:30:00Z,988,30.68,0
2025-10-09T14:45:00Z,561.3,30.21,0
2025-10-09T15:00:00Z,722,30.4,0
2025-10-09T15:15:00Z,273.8,30,0
2025-10-09T15:30:00Z,149,29.41,0
2025-10-09T15:45:00Z,387.1,29.99,0
2025-10-09T16:00:00Z,440.9,30.2,0
2025-10-09T16:15:00Z,119.9,29.41,0
2025-10-09T16:30:00Z,163.7,29.5,0
2025-10-09T16:45:00Z,120.1,29.5,0
2025-10-09T17:00:00Z,64.52,29.01,0
2025-10-09T17:15:00Z,53.91,28.7,0
2025-10-09T17:30:00Z,40.25,28.5,0
2025-10-09T17:45:00Z,30.11,28.01,0
2025-10-09T18:00:00Z,33.36,27.8,0
2025-10-09T18:15:00Z,26.87,27.01,0
2025-10-09T18:30:00Z,1.484,26.6,0
2025-10-09T18:45:00Z,0.013,26.01,0
2025-10-09T19:00:00Z,0,25.21,0
2025-10-09T19:15:00Z,0,23.32,0
2025-10-09T19:30:00Z,0,22.31,0
2025-10-09T19:45:00Z,0,21.51,0
2025-10-09T20:00:00Z,0,21.01,0
2025-10-09T20:15:00Z,0,21.1,0
2025-10-09T20:30:00Z,0,21,0
2025-10-09T20:45:00Z,0,20.9,0
2025-10-09T21:00:00Z,0,21.1,0
2025-10-09T21:15:00Z,0,20.7,0
2025-10-09T21:30:00Z,0,20.8,0
2025-10-09T21:45:00Z,0,22.58,0
2025-10-09T22:00:00Z,0,23.79,0
2025-10-09T22:15:00Z,0,24.1,0
2025-10-09T22:30:00Z,0,23.8,0
2025-10-09T22:45:00Z,0,24.49,0
2025-10-09T23:00:00Z,0,24.2,0
2025-10-09T23:15:00Z,0,23.01,0
2025-10-09T23:30:00Z,0,20.92,0
2025-10-09T23:45:00Z,0,19.91,0
2025-10-10T00:00:00Z,0,19.31,0
2025-10-10T00:15:00Z,0,18.81,0
2025-10-10T00:30:00Z,0,18.8,0
2025-10-10T00:45:00Z,0,17.91,0
2025-10-10T01:00:00Z,0,17.31,0
2025-10-10T01:15:00Z,0,16.71,0
2025-10-10T01:30:00Z,0,16.8,0
2025-10-10T01:45:00Z,0,16.8,0
2025-10-10T02:00:00Z,0,17.29,0
2025-10-10T02:15:00Z,0,18.59,0
2025-10-10T02:30:00Z,0,18.11,0
2025-10-10T02:45:00Z,0,17.01,0
2025-10-10T03:00:00Z,0,15.71,0
2025-10-10T03:15:00Z,0,15.9,0
2025-10-10T03:30:00Z,0,16,0
2025-10-10T03:45:00Z,0,15.8,0
2025-10-10T04:00:00Z,0,15.8,0
2025-10-10T04:15:00Z,0,15.9,0
2025-10-10T04:30:00Z,0,15.7,0
2025-10-10T04:45:00Z,0,15.5,0
2025-10-10T05:00:00Z,0,14.91,0
2025-10-10T05:15:00Z,0,14.8,0
2025-10-10T05:30:00Z,0,15.1,0
2025-10-10T05:45:00Z,0,16.09,0
2025-10-10T06:00:00Z,0,15.7,0
2025-10-10T06:15:00Z,6.131,15.21,0
2025-10-10T06:30:00Z,20.64,16.19,0
2025-10-10T06:45:00Z,34.25,17.58,0
2025-10-10T07:00:00Z,80.4,19.08,0
2025-10-10T07:15:00Z,127.2,20.88,0
2025-10-10T07:30:00Z,173.9,22.38,0
2025-10-10T07:45:00Z,166.2,22.89,0
2025-10-10T08:00:00Z,234.5,23.49,0
2025-10-10T08:15:00Z,265.6,23.6,0
2025-10-10T08:30:00Z,360.9,23.8,0
2025-10-10T08:45:00Z,443.9,24.49,0
2025-10-10T09:00:00Z,480.3,25.39,0
2025-10-10T09:15:00Z,555.6,25,0
2025-10-10T09:30:00Z,572.2,25.4,0
2025-10-10T09:45:00Z,649.5,25.99,0
2025-10-10T10:00:00Z,702.4,26,0
2025-10-10T10:15:00Z,755.2,26.1,0
2025-10-10T10:30:00Z,823,26.4,0
2025-10-10T10:45:00Z,883,26.99,0
2025-10-10T11:00:00Z,940,27.3,0
2025-10-10T11:15:00Z,1024,27.7,0
2025-10-10T11:30:00Z,910,27.6,0
2025-10-10T11:45:00Z,1058,28.09,0
2025-10-10T12:00:00Z,1105,28.5,0
2025-10-10T12:15:00Z,949,28.9,0
2025-10-10T12:30:00Z,1092,28.8,0
2025-10-10T12:45:00Z,1051,28.8,0
2025-10-10T13:00:00Z,777.3,29.1,0
2025-10-10T13:15:00Z,737.2,28.8,0
2025-10-10T13:30:00Z,592.5,29,0
2025-10-10T13:45:00Z,786.6,29.1,0
2025-10-10T14:00:00Z,756,29.69,0
2025-10-10T14:15:00Z,229.3,28.51,0
2025-10-10T14:30:00Z,357.4,28.8,0
2025-10-10T14:45:00Z,124.8,28.8,0
2025-10-10T15:00:00Z,50.31,28.31,0
2025-10-10T15:15:00Z,39.81,26.72,60.52
2025-10-10T15:30:00Z,51.96,19.48,181.6
2025-10-10T15:45:00Z,41.91,20.59,30.26
2025-10-10T16:00:00Z,40.91,20.5,30.26
2025-10-10T16:15:00Z,35.07,18.42,90.8
2025-10-10T16:30:00Z,53.79,20.18,30.26
2025-10-10T16:45:00Z,45.2,20.3,0
2025-10-10T17:00:00Z,24.23,21.09,0
2025-10-10T17:15:00Z,18.96,21.59,0
2025-10-10T17:30:00Z,18.01,22.29,0
2025-10-10T17:45:00Z,16.12,24.08,0
2025-10-10T18:00:00Z,8.78,23.41,0
2025-10-10T18:15:00Z,11.47,23.4,0
2025-10-10T18:30:00Z,0.128,23.3,0
2025-10-10T18:45:00Z,0,22.9,0
2025-10-10T19:00:00Z,0,22.8,0
2025-10-10T19:15:00Z,0,22.7,0
2025-10-10T19:30:00Z,0,21.81,0
2025-10-10T19:45:00Z,0,21.5,0
2025-10-10T20:00:00Z,0,21.4,0
2025-10-10T20:15:00Z,0,21.4,0
2025-10-10T20:30:00Z,0,21.4,0
2025-10-10T20:45:00Z,0,22.19,0
2025-10-10T21:00:00Z,0,22.79,0
2025-10-10T21:15:00Z,0,22.8,0
2025-10-10T21:30:00Z,0,22.4,0
2025-10-10T21:45:00Z,0,22.1,0
2025-10-10T22:00:00Z,0,22.3,0
2025-10-10T22:15:00Z,0,22.2,0
2025-10-10T22:30:00Z,0,22,0
2025-10-10T22:45:00Z,0,22.4,0
2025-10-10T23:00:00Z,0,22.2,0
2025-10-10T23:15:00Z,0,22.2,0
2025-10-10T23:30:00Z,0,22.1,0
2025-10-10T23:45:00Z,0,22,0
2025-10-11T00:00:00Z,0,22.2,0
2025-10-11T00:15:00Z,0,21.41,0
2025-10-11T00:30:00Z,0,21.5,0
2025-10-11T00:45:00Z,0,21.5,0
2025-10-11T01:00:00Z,0,22.79,0
2025-10-11T01:15:00Z,0,23.49,0
2025-10-11T01:30:00Z,0,23.7,0
2025-10-11T01:45:00Z,0,23.6,0
2025-10-11T02:00:00Z,0,23.4,0
2025-10-11T02:15:00Z,0,23.1,0
2025-10-11T02:30:00Z,0,23,0
2025-10-11T02:45:00Z,0,22.6,0
2025-10-11T03:00:00Z,0,22.2,0
2025-10-11T03:15:00Z,0,21.71,0
2025-10-11T03:30:00Z,0,21.7,0
2025-10-11T03:45:00Z,0,21.3,0
2025-10-11T04:00:00Z,0,21.7,0
2025-10-11T04:15:00Z,0,22.1,0
2025-10-11T04:30:00Z,0,21.7,0
2025-10-11T04:45:00Z,0,20.71,0
2025-10-11T05:00:00Z,0,19.51,0
2025-10-11T05:15:00Z,0,19.7,0
2025-10-11T05:30:00Z,0,19.01,0
2025-10-11T05:45:00Z,0,18.41,0
2025-10-11T06:00:00Z,0,17.81,0
2025-10-11T06:15:00Z,5.241,17.11,0
2025-10-11T06:30:00Z,17.46,17.89,0
2025-10-11T06:45:00Z,30.95,19.58,0
2025-10-11T07:00:00Z,69.96,21.28,0
2025-10-11T07:15:00Z,106.1,22.78,0
2025-10-11T07:30:00Z,151.2,23.59,0
2025-10-11T07:45:00Z,198.9,24.69,0
2025-10-11T08:00:00Z,255.4,25.29,0
2025-10-11T08:15:00Z,309.8,25.79,0
2025-10-11T08:30:00Z,378,26,0
2025-10-11T08:45:00Z,444.8,26.59,0
2025-10-11T09:00:00Z,507.2,27,0
2025-10-11T09:15:00Z,569.3,27.4,0
2025-10-11T09:30:00Z,636,27.2,0
2025-10-11T09:45:00Z,693.8,27.3,0
2025-10-11T10:00:00Z,731.7,27.4,0
2025-10-11T10:15:00Z,779.7,27.89,0
2025-10-11T10:30:00Z,854,28,0
2025-10-11T10:45:00Z,872,28,0
2025-10-11T11:00:00Z,980,28.1,0
2025-10-11T11:15:00Z,1076,28.4,0
2025-10-11T11:30:00Z,755.6,28,0
2025-10-11T11:45:00Z,816,28.3,0
2025-10-11T12:00:00Z,666.3,28.1,0
2025-10-11T12:15:00Z,1086,28.79,0
2025-10-11T12:30:00Z,1014,29,0
2025-10-11T12:45:00Z,1091,29.49,0
2025-10-11T13:00:00Z,1004,29.4,0
2025-10-11T13:15:00Z,1115,29.3,0
2025-10-11T13:30:00Z,957,29.7,0
2025-10-11T13:45:00Z,746.6,29.8,0
2025-10-11T14:00:00Z,790.9,30,0
2025-10-11T14:15:00Z,718.4,30,0
2025-10-11T14:30:00Z,410.6,29.6,0
2025-10-11T14:45:00Z,365.1,29.6,0
2025-10-11T15:00:00Z,598.4,30.19,0
2025-10-11T15:15:00Z,532.1,30.5,0
2025-10-11T15:30:00Z,320.9,30.01,0
2025-10-11T15:45:00Z,314.1,30,0
2025-10-11T16:00:00Z,453.6,29.9,0
2025-10-11T16:15:00Z,633.5,30.99,0
2025-10-11T16:30:00Z,513.8,30.8,0
2025-10-11T16:45:00Z,283.3,30.11,0
2025-10-11T17:00:00Z,112.1,29.41,0
2025-10-11T17:15:00Z,71.93,29.2,0
2025-10-11T17:30:00Z,59.14,29,0
2025-10-11T17:45:00Z,39.82,28.9,0
2025-10-11T18:00:00Z,17.75,28.5,0
2025-10-11T18:15:00Z,3.359,28.2,0
2025-10-11T18:30:00Z,0.036,27.71,0
2025-10-11T18:45:00Z,0,26.41,0
2025-10-11T19:00:00Z,0,24.52,0
2025-10-11T19:15:00Z,0,24.2,0
2025-10-11T19:30:00Z,0,23.51,0
2025-10-11T19:45:00Z,0,23.6,0
2025-10-11T20:00:00Z,0,23.8,0
2025-10-11T20:15:00Z,0,23.9,0
2025-10-11T20:30:00Z,0,23.7,0
2025-10-11T20:45:00Z,0,23.7,0
2025-10-11T21:00:00Z,0,23.6,0
2025-10-11T21:15:00Z,0,24.49,0
2025-10-11T21:30:00Z,0,25.29,0
2025-10-11T21:45:00Z,0,25.2,0
2025-10-11T22:00:00Z,0,25.1,0
2025-10-11T22:15:00Z,0,25.2,0
2025-10-11T22:30:00Z,0,25,0
2025-10-11T22:45:00Z,0,25,0
2025-10-11T23:00:00Z,0,25,0
2025-10-11T23:15:00Z,0,24.9,0
2025-10-11T23:30:00Z,0,24.8,0
2025-10-11T23:45:00Z,0,24.5,0
2025-10-12T00:00:00Z,0,23.91,0
2025-10-12T00:15:00Z,0,23.41,0
2025-10-12T00:30:00Z,0,23.1,0
2025-10-12T00:45:00Z,0,22.41,0
2025-10-12T01:00:00Z,0,22,0
2025-10-12T01:15:00Z,0,21.41,0
2025-10-12T01:30:00Z,0,21.1,0
2025-10-12T01:45:00Z,0,21.4,0
2025-10-12T02:00:00Z,0,21.3,0
2025-10-12T02:15:00Z,0,19.72,0
2025-10-12T02:30:00Z,0,19.3,0
2025-10-12T02:45:00Z,0,19.79,0
2025-10-12T03:00:00Z,0,19.8,0
2025-10-12T03:15:00Z,0,19.6,0
2025-10-12T03:30:00Z,0,19.8,0
2025-10-12T03:45:00Z,0,19.9,0
2025-10-12T04:00:00Z,0,20.1,0
2025-10-12T04:15:00Z,0,19.8,0
2025-10-12T04:30:00Z,0,20.2,0
2025-10-12T04:45:00Z,0,21.09,0
2025-10-12T05:00:00Z,0,21.4,0
2025-10-12T05:15:00Z,0,21.4,0
2025-10-12T05:30:00Z,0,20.11,0
2025-10-12T05:45:00Z,0,19.9,0
2025-10-12T06:00:00Z,0,19.7,0
2025-10-12T06:15:00Z,0.099,19.11,0
2025-10-12T06:30:00Z,14.04,18.8,0
2025-10-12T06:45:00Z,34.27,19.29,0
2025-10-12T07:00:00Z,72.87,19.6,0
2025-10-12T07:15:00Z,104.1,20.59,0
2025-10-12T07:30:00Z,167.3,21.49,0
2025-10-12T07:45:00Z,197.7,22.69,0
2025-10-12T08:00:00Z,307.4,23.49,0
2025-10-12T08:15:00Z,219.7,23.6,0
2025-10-12T08:30:00Z,187.1,23.4,0
2025-10-12T08:45:00Z,183.6,23.5,0
2025-10-12T09:00:00Z,233.7,23.7,0
2025-10-12T09:15:00Z,180.1,23.8,0
2025-10-12T09:30:00Z,228.4,23.9,0
2025-10-12T09:45:00Z,230.8,24.1,0
2025-10-12T10:00:00Z,395,24.59,0
2025-10-12T10:15:00Z,610.1,25.49,0
2025-10-12T10:30:00Z,750.2,26.59,0
2025-10-12T10:45:00Z,631.1,25.61,0
2025-10-12T11:00:00Z,729.2,26,0
2025-10-12T11:15:00Z,601,26.3,0
2025-10-12T11:30:00Z,706.1,26.7,0
2025-10-12T11:45:00Z,940,27.1,0
2025-10-12T12:00:00Z,596.6,26.51,0
2025-10-12T12:15:00Z,765.9,26.8,0
2025-10-12T12:30:00Z,969,27.2,0
2025-10-12T12:45:00Z,1145,27.69,0
2025-10-12T13:00:00Z,1131,27.8,0
2025-10-12T13:15:00Z,1134,27.9,0
2025-10-12T13:30:00Z,898,28.1,0
2025-10-12T13:45:00Z,923,28.1,0
2025-10-12T14:00:00Z,768.7,27.8,0
2025-10-12T14:15:00Z,917,28.69,0
2025-10-12T14:30:00Z,946,29,0
2025-10-12T14:45:00Z,893,29.1,0
2025-10-12T15:00:00Z,893,29.1,0
2025-10-12T15:15:00Z,512.3,28.21,0
2025-10-12T15:30:00Z,154.8,27.8,0
2025-10-12T15:45:00Z,44.3,25.23,0
2025-10-12T16:00:00Z,19.07,22.04,0
2025-10-12T16:15:00Z,33.53,19.03,0
2025-10-12T16:30:00Z,21.64,18.21,0
2025-10-12T16:45:00Z,8.84,17.11,90.8
2025-10-12T17:00:00Z,2.074,17.3,121
2025-10-12T17:15:00Z,0.022,17.3,31.77
2025-10-12T17:30:00Z,0,17.79,89.3
2025-10-12T17:45:00Z,0,17.9,30.26
2025-10-12T18:00:00Z,0,17.8,0
2025-10-12T18:15:00Z,0,17.8,30.26
2025-10-12T18:30:00Z,0,17.4,60.52
2025-10-12T18:45:00Z,0,17.5,0
2025-10-12T19:00:00Z,0,17.7,30.26
2025-10-12T19:15:00Z,0,17.7,0
2025-10-12T19:30:00Z,0,17.4,30.26
2025-10-12T19:45:00Z,0,17.2,0
2025-10-12T20:00:00Z,0,17.3,30.26
2025-10-12T20:15:00Z,0,17,0
2025-10-12T20:30:00Z,0,17.4,0
2025-10-12T20:45:00Z,0,17.3,0
2025-10-12T21:00:00Z,0,17.3,0
2025-10-12T21:15:00Z,0,17.6,0
2025-10-12T21:30:00Z,0,17.5,0
2025-10-12T21:45:00Z,0,18.09,0
2025-10-12T22:00:00Z,0,18.3,0
2025-10-12T22:15:00Z,0,18.2,0
2025-10-12T22:30:00Z,0,18.2,0
2025-10-12T22:45:00Z,0,18.3,0
2025-10-12T23:00:00Z,0,18.3,0
2025-10-12T23:15:00Z,0,18.3,0
2025-10-12T23:30:00Z,0,18.2,0
2025-10-12T23:45:00Z,0,18,0
2025-10-13T00:00:00Z,0,18,0
2025-10-13T00:15:00Z,0,17.9,0
2025-10-13T00:30:00Z,0,17.5,0
2025-10-13T00:45:00Z,0,17.2,0
2025-10-13T01:00:00Z,0,17.89,0
2025-10-13T01:15:00Z,0,17.6,0
2025-10-13T01:30:00Z,0,17.3,0
2025-10-13T01:45:00Z,0,17,0
2025-10-13T02:00:00Z,0,17.1,0
2025-10-13T02:15:00Z,0,17,0
2025-10-13T02:30:00Z,0,17.3,0
2025-10-13T02:45:00Z,0,17.7,0
2025-10-13T03:00:00Z,0,17.7,0
2025-10-13T03:15:00Z,0,17.6,0
2025-10-13T03:30:00Z,0,17.6,0
2025-10-13T03:45:00Z,0,17.5,0
2025-10-13T04:00:00Z,0,17.5,0
2025-10-13T04:15:00Z,0,17.7,0
2025-10-13T04:30:00Z,0,17.8,0
2025-10-13T04:45:00Z,0,17.8,0
2025-10-13T05:00:00Z,0,17.8,0
2025-10-13T05:15:00Z,0,17.6,0
2025-10-13T05:30:00Z,0,17.5,0
2025-10-13T05:45:00Z,0,17.3,0
2025-10-13T06:00:00Z,0,17.2,0
2025-10-13T06:15:00Z,0.396,17.5,0
2025-10-13T06:30:00Z,11.67,17.01,0
2025-10-13T06:45:00Z,15.36,17.1,0
2025-10-13T07:00:00Z,32.8,17,0
2025-10-13T07:15:00Z,60.19,17.59,0
2025-10-13T07:30:00Z,140.2,18.49,0
2025-10-13T07:45:00Z,224.3,19.88,0
2025-10-13T08:00:00Z,351,21.09,0
2025-10-13T08:15:00Z,309,21.99,0
2025-10-13T08:30:00Z,307.6,22.3,0
2025-10-13T08:45:00Z,409.4,22.89,0
2025-10-13T09:00:00Z,489,23.89,0
2025-10-13T09:15:00Z,531.6,24.39,0
2025-10-13T09:30:00Z,568.3,24.6,0
2025-10-13T09:45:00Z,599.2,24.7,0
2025-10-13T10:00:00Z,761.9,25.59,0
2025-10-13T10:15:00Z,823,26.19,0
2025-10-13T10:30:00Z,688.8,26.4,0
2025-10-13T10:45:00Z,512,26,0
2025-10-13T11:00:00Z,540,26.49,0
2025-10-13T11:15:00Z,525.3,26.2,0
2025-10-13T11:30:00Z,518,26.1,0
2025-10-13T11:45:00Z,705.2,26.3,0
2025-10-13T12:00:00Z,1082,27.29,0
2025-10-13T12:15:00Z,1092,27.3,0
2025-10-13T12:30:00Z,1231,27.6,0
2025-10-13T12:45:00Z,1191,27.8,0
2025-10-13T13:00:00Z,613.4,27.11,0
2025-10-13T13:15:00Z,451.5,26.51,0
2025-10-13T13:30:00Z,626.5,26.7,0
2025-10-13T13:45:00Z,681.2,26.9,0
2025-10-13T14:00:00Z,865,28.09,0
2025-10-13T14:15:00Z,507.4,27.8,0
2025-10-13T14:30:00Z,465.6,27.6,0
2025-10-13T14:45:00Z,538.1,28.09,0
2025-10-13T15:00:00Z,948,29.39,0
2025-10-13T15:15:00Z,846,29.1,0
2025-10-13T15:30:00Z,776,29,0
2025-10-13T15:45:00Z,699.6,28.7,0
2025-10-13T16:00:00Z,627.2,28.8,0
2025-10-13T16:15:00Z,424.7,28.31,0
2025-10-13T16:30:00Z,461.1,28.7,0
2025-10-13T16:45:00Z,470.4,28.7,0
2025-10-13T17:00:00Z,406.9,28.6,0
2025-10-13T17:15:00Z,364.8,28.4,0
2025-10-13T17:30:00Z,281.6,28.2,0
2025-10-13T17:45:00Z,211.5,27.9,0
2025-10-13T18:00:00Z,120.9,27.7,0
2025-10-13T18:15:00Z,27.74,27.21,0
2025-10-13T18:30:00Z,2.67,26.61,0
2025-10-13T18:45:00Z,0.027,26.2,0
2025-10-13T19:00:00Z,0,25.71,0
2025-10-13T19:15:00Z,0,25.4,0
2025-10-13T19:30:00Z,0,25.1,0
2025-10-13T19:45:00Z,0,24.7,0
2025-10-13T20:00:00Z,0,23.91,0
2025-10-13T20:15:00Z,0,23.21,0
2025-10-13T20:30:00Z,0,22.8,0
2025-10-13T20:45:00Z,0,22.8,0
2025-10-13T21:00:00Z,0,22.9,0
2025-10-13T21:15:00Z,0,22.21,0
2025-10-13T21:30:00Z,0,22.3,0
2025-10-13T21:45:00Z,0,21.81,0
2025-10-13T22:00:00Z,0,21.6,0
2025-10-13T22:15:00Z,0,21.11,0
2025-10-13T22:30:00Z,0,21,0
2025-10-13T22:45:00Z,0,20.9,0
2025-10-13T23:00:00Z,0,20.7,0
2025-10-13T23:15:00Z,0,20.8,0
2025-10-13T23:30:00Z,0,20.9,0
2025-10-13T23:45:00Z,0,20.5,0
2025-10-14T00:00:00Z,0,20.5,0
2025-10-14T00:15:00Z,0,20.5,0
2025-10-14T00:30:00Z,0,20.2,0
2025-10-14T00:45:00Z,0,20.2,0
2025-10-14T01:00:00Z,0,20.4,0
2025-10-14T01:15:00Z,0,20.5,0
2025-10-14T01:30:00Z,0,20.3,0
2025-10-14T01:45:00Z,0,20.7,0
2025-10-14T02:00:00Z,0,20.5,0
2025-10-14T02:15:00Z,0,20.1,0
2025-10-14T02:30:00Z,0,19.9,0
2025-10-14T02:45:00Z,0,20,0
2025-10-14T03:00:00Z,0,20.2,0
2025-10-14T03:15:00Z,0,19.9,0
2025-10-14T03:30:00Z,0,19.6,0
2025-10-14T03:45:00Z,0,19.4,0
2025-10-14T04:00:00Z,0,19.4,0
2025-10-14T04:15:00Z,0,19.3,0
2025-10-14T04:30:00Z,0,19.3,0
2025-10-14T04:45:00Z,0,19,1.513
2025-10-14T05:00:00Z,0,18.11,28.75
2025-10-14T05:15:00Z,0,17.9,0
2025-10-14T05:30:00Z,0,18,0
2025-10-14T05:45:00Z,0,18.1,0
2025-10-14T06:00:00Z,0,18.4,0
2025-10-14T06:15:00Z,0,18.5,0
2025-10-14T06:30:00Z,7.911,18.8,0
2025-10-14T06:45:00Z,19.27,19,0
2025-10-14T07:00:00Z,54.31,19.3,0
2025-10-14T07:15:00Z,89.1,19.79,0
2025-10-14T07:30:00Z,93.7,20.1,0
2025-10-14T07:45:00Z,100.9,20.3,0
2025-10-14T08:00:00Z,142.7,20.6,0
2025-10-14T08:15:00Z,212,21.39,0
2025-10-14T08:30:00Z,278,22.19,0
2025-10-14T08:45:00Z,468.5,23.09,0
2025-10-14T09:00:00Z,523.6,24.39,0
2025-10-14T09:15:00Z,494.6,24.7,0
2025-10-14T09:30:00Z,561,25.29,0
2025-10-14T09:45:00Z,695.6,25.6,0
2025-10-14T10:00:00Z,781.2,26.09,0
2025-10-14T10:15:00Z,903,26.99,0
2025-10-14T10:30:00Z,449.7,26.6,0
2025-10-14T10:45:00Z,473.1,25.71,0
2025-10-14T11:00:00Z,887,26.99,0
2025-10-14T11:15:00Z,216.2,26.11,0
2025-10-14T11:30:00Z,181,25.8,0
2025-10-14T11:45:00Z,202.2,25.8,0
2025-10-14T12:00:00Z,179.5,26.1,0
2025-10-14T12:15:00Z,117.8,25.7,0
2025-10-14T12:30:00Z,130,25.4,0
2025-10-14T12:45:00Z,160,25.1,0
2025-10-14T13:00:00Z,131.6,24.41,0
2025-10-14T13:15:00Z,94,21.33,0
2025-10-14T13:30:00Z,66.9,19.92,0
2025-10-14T13:45:00Z,55.33,20.1,0
2025-10-14T14:00:00Z,57.87,19.9,1.513
2025-10-14T14:15:00Z,71.94,19.41,0
2025-10-14T14:30:00Z,91.1,19.99,0
2025-10-14T14:45:00Z,113.6,21.38,0
2025-10-14T15:00:00Z,117.4,22.49,28.75
2025-10-14T15:15:00Z,86.5,22.8,0
2025-10-14T15:30:00Z,46.74,22.21,0
2025-10-14T15:45:00Z,45.9,21.71,0
2025-10-14T16:00:00Z,53.91,20.51,0
2025-10-14T16:15:00Z,70.32,20.2,0
2025-10-14T16:30:00Z,95.9,20.3,0
2025-10-14T16:45:00Z,108.9,20.79,0
2025-10-14T17:00:00Z,104.2,21.1,0
2025-10-14T17:15:00Z,89.8,21.4,0
2025-10-14T17:30:00Z,59.74,21.6,0
2025-10-14T17:45:00Z,52.68,21.9,0
2025-10-14T18:00:00Z,37.37,22,0
2025-10-14T18:15:00Z,17.72,21.6,0
2025-10-14T18:30:00Z,1.876,21.01,0
2025-10-14T18:45:00Z,0.019,20.8,0
2025-10-14T19:00:00Z,0,20.7,0
2025-10-14T19:15:00Z,0,20.7,0
2025-10-14T19:30:00Z,0,20.9,0
2025-10-14T19:45:00Z,0,20.7,0
2025-10-14T20:00:00Z,0,20.5,0
2025-10-14T20:15:00Z,0,20.2,0
2025-10-14T20:30:00Z,0,20,0
2025-10-14T20:45:00Z,0,20.2,0
2025-10-14T21:00:00Z,0,21.19,0
2025-10-14T21:15:00Z,0,21.99,0
2025-10-14T21:30:00Z,0,22.1,0
2025-10-14T21:45:00Z,0,22,0
2025-10-14T22:00:00Z,0,22.4,0
2025-10-14T22:15:00Z,0,22.1,0
2025-10-14T22:30:00Z,0,21.9,0
2025-10-14T22:45:00Z,0,21.9,0
2025-10-14T23:00:00Z,0,21.7,0
2025-10-14T23:15:00Z,0,21.7,0
2025-10-14T23:30:00Z,0,21.6,0
2025-10-14T23:45:00Z,0,21.6,0
2025-10-15T00:00:00Z,0,21.5,0
2025-10-15T00:15:00Z,0,21.6,0
2025-10-15T00:30:00Z,0,21.7,0
2025-10-15T00:45:00Z,0,21.9,0
2025-10-15T01:00:00Z,0,21.41,0
2025-10-15T01:15:00Z,0,20.71,0
2025-10-15T01:30:00Z,0,20.3,0
2025-10-15T01:45:00Z,0,20.1,0
2025-10-15T02:00:00Z,0,19.7,0
2025-10-15T02:15:00Z,0,19.7,0
2025-10-15T02:30:00Z,0,19.6,0
2025-10-15T02:45:00Z,0,19.8,0
2025-10-15T03:00:00Z,0,20.29,0
2025-10-15T03:15:00Z,0,20.7,0
2025-10-15T03:30:00Z,0,20.7,0
2025-10-15T03:45:00Z,0,20.5,0
2025-10-15T04:00:00Z,0,20.5,0
2025-10-15T04:15:00Z,0,20.6,0
2025-10-15T04:30:00Z,0,20.9,0
2025-10-15T04:45:00Z,0,21,0
2025-10-15T05:00:00Z,0,21.99,0
2025-10-15T05:15:00Z,0,21.7,0
2025-10-15T05:30:00Z,0,21.6,0
2025-10-15T05:45:00Z,0,21.4,0
2025-10-15T06:00:00Z,0,21,0
2025-10-15T06:15:00Z,3.956,20.8,0
2025-10-15T06:30:00Z,16.46,20.7,0
2025-10-15T06:45:00Z,23.72,20.3,0
2025-10-15T07:00:00Z,40.02,20.1,0
2025-10-15T07:15:00Z,60.47,20.59,0
2025-10-15T07:30:00Z,97.7,21,0
2025-10-15T07:45:00Z,136.1,21.49,0
2025-10-15T08:00:00Z,173,21.9,0
2025-10-15T08:15:00Z,196.9,22.39,0
2025-10-15T08:30:00Z,340.3,23.19,0
2025-10-15T08:45:00Z,402,24.49,0
2025-10-15T09:00:00Z,475.2,24.9,0
2025-10-15T09:15:00Z,518.8,25.39,0
2025-10-15T09:30:00Z,662.1,26.19,0
2025-10-15T09:45:00Z,657.8,26.6,0
2025-10-15T10:00:00Z,331.7,26.4,0
2025-10-15T10:15:00Z,251.2,26,0
2025-10-15T10:30:00Z,129.7,25.7,0
2025-10-15T10:45:00Z,254.8,24.91,0
2025-10-15T11:00:00Z,564.6,25.99,0
2025-10-15T11:15:00Z,528.4,26.49,0
2025-10-15T11:30:00Z,722.3,27.09,0
2025-10-15T11:45:00Z,440.9,26.8,0
2025-10-15T12:00:00Z,282.8,26.5,0
2025-10-15T12:15:00Z,411.5,26.7,0
2025-10-15T12:30:00Z,367.8,26.9,0
2025-10-15T12:45:00Z,315.5,26.8,0
2025-10-15T13:00:00Z,435,27,0
2025-10-15T13:15:00Z,317,26.7,0
2025-10-15T13:30:00Z,274.5,26.7,0
2025-10-15T13:45:00Z,324.2,26.7,0
2025-10-15T14:00:00Z,255.2,27,0
2025-10-15T14:15:00Z,235.4,27,0
2025-10-15T14:30:00Z,164.2,26.31,0
2025-10-15T14:45:00Z,216,25.51,0
2025-10-15T15:00:00Z,196.4,25.2,0
2025-10-15T15:15:00Z,202.6,25.1,0
2025-10-15T15:30:00Z,220.8,24.31,0
2025-10-15T15:45:00Z,192.4,24.99,0
2025-10-15T16:00:00Z,250,25.89,0
2025-10-15T16:15:00Z,273,26.39,0
2025-10-15T16:30:00Z,283.8,26.5,0
2025-10-15T16:45:00Z,160,26.2,0
2025-10-15T17:00:00Z,73.36,26,0
2025-10-15T17:15:00Z,39.96,25.31,0
2025-10-15T17:30:00Z,37.03,25,0
2025-10-15T17:45:00Z,26.42,24.31,0
2025-10-15T18:00:00Z,15.82,23.9,0
2025-10-15T18:15:00Z,13.23,23.31,0
2025-10-15T18:30:00Z,0.147,22.9,0
2025-10-15T18:45:00Z,0,21.71,0
2025-10-15T19:00:00Z,0,21.01,0
2025-10-15T19:15:00Z,0,20.31,0
2025-10-15T19:30:00Z,0,19.71,0
2025-10-15T19:45:00Z,0,19.7,0
2025-10-15T20:00:00Z,0,19.6,0
2025-10-15T20:15:00Z,0,19.7,0
2025-10-15T20:30:00Z,0,20.59,0
2025-10-15T20:45:00Z,0,21,0
2025-10-15T21:00:00Z,0,21.49,0
2025-10-15T21:15:00Z,0,21.7,0
2025-10-15T21:30:00Z,0,22.59,0
2025-10-15T21:45:00Z,0,22.6,0
2025-10-15T22:00:00Z,0,21.71,0
2025-10-15T22:15:00Z,0,21.3,0
2025-10-15T22:30:00Z,0,20.9,0
2025-10-15T22:45:00Z,0,20.7,0
2025-10-15T23:00:00Z,0,20.6,0
2025-10-15T23:15:00Z,0,20.8,0
2025-10-15T23:30:00Z,0,21.1,0
2025-10-15T23:45:00Z,0,21.1,0
2025-10-16T00:00:00Z,0,21,0
2025-10-16T00:15:00Z,0,20.7,0
2025-10-16T00:30:00Z,0,20.7,0
2025-10-16T00:45:00Z,0,21.1,0
2025-10-16T01:00:00Z,0,21.2,0
2025-10-16T01:15:00Z,0,20.41,0
2025-10-16T01:30:00Z,0,20.4,0
2025-10-16T01:45:00Z,0,20.3,0
2025-10-16T02:00:00Z,0,20,0
2025-10-16T02:15:00Z,0,20.3,0
2025-10-16T02:30:00Z,0,20.7,0
2025-10-16T02:45:00Z,0,20.3,0
2025-10-16T03:00:00Z,0,19.51,0
2025-10-16T03:15:00Z,0,19.9,0
2025-10-16T03:30:00Z,0,19.5,0
2025-10-16T03:45:00Z,0,19.5,0
2025-10-16T04:00:00Z,0,19.2,0
2025-10-16T04:15:00Z,0,19,0
2025-10-16T04:30:00Z,0,18.6,0
2025-10-16T04:45:00Z,0,19.09,0
2025-10-16T05:00:00Z,0,20.19,0
2025-10-16T05:15:00Z,0,21.29,0
2025-10-16T05:30:00Z,0,20.51,0
2025-10-16T05:45:00Z,0,20.5,0
2025-10-16T06:00:00Z,0,20.4,0
2025-10-16T06:15:00Z,7.219,20.5,0
2025-10-16T06:30:00Z,23.91,20.99,0
2025-10-16T06:45:00Z,43.58,21.89,0
2025-10-16T07:00:00Z,62.09,22.1,0
2025-10-16T07:15:00Z,91.4,22.59,0
2025-10-16T07:30:00Z,169.2,23.29,0
2025-10-16T07:45:00Z,275.9,24.29,0
2025-10-16T08:00:00Z,321.4,24.7,0
2025-10-16T08:15:00Z,327.7,24.8,0
2025-10-16T08:30:00Z,368.3,25.1,0
2025-10-16T08:45:00Z,438,25.4,0
2025-10-16T09:00:00Z,493.6,25.7,0
2025-10-16T09:15:00Z,558.6,26,0
2025-10-16T09:30:00Z,612,26.4,0
2025-10-16T09:45:00Z,673.5,27.09,0
2025-10-16T10:00:00Z,734.4,27.2,0
2025-10-16T10:15:00Z,782.9,28.19,0
2025-10-16T10:30:00Z,588.1,27.61,0
2025-10-16T10:45:00Z,638.1,27.2,0
2025-10-16T11:00:00Z,942,28.19,0
2025-10-16T11:15:00Z,962,28.3,0
2025-10-16T11:30:00Z,279,27.51,0
2025-10-16T11:45:00Z,228.7,27.2,0
2025-10-16T12:00:00Z,555.7,27.89,0
2025-10-16T12:15:00Z,473.6,27.8,0
2025-10-16T12:30:00Z,1047,28.99,0
2025-10-16T12:45:00Z,464.8,28.8,0
2025-10-16T13:00:00Z,920,29.69,0
2025-10-16T13:15:00Z,860,29.8,0
2025-10-16T13:30:00Z,818,29.8,0
2025-10-16T13:45:00Z,484.2,29.8,0
2025-10-16T14:00:00Z,792,29.6,0
2025-10-16T14:15:00Z,377.9,29.5,0
2025-10-16T14:30:00Z,609,29.9,0
2025-10-16T14:45:00Z,191.4,29.21,0
2025-10-16T15:00:00Z,620.9,30.19,0
2025-10-16T15:15:00Z,345.1,30.1,0
2025-10-16T15:30:00Z,447.4,29.9,0
2025-10-16T15:45:00Z,442.8,30.2,0
2025-10-16T16:00:00Z,167.6,29.8,0
2025-10-16T16:15:00Z,103,29.31,0
2025-10-16T16:30:00Z,184,29.2,0
2025-10-16T16:45:00Z,208.8,29.79,0
2025-10-16T17:00:00Z,84.9,29.21,0
2025-10-16T17:15:00Z,52.15,28.8,0
2025-10-16T17:30:00Z,53.18,28.4,0
2025-10-16T17:45:00Z,37.18,27.81,0
2025-10-16T18:00:00Z,26.62,27.5,0
2025-10-16T18:15:00Z,10.68,27.01,0
2025-10-16T18:30:00Z,0.117,24.82,0
2025-10-16T18:45:00Z,0,23.51,0
2025-10-16T19:00:00Z,0,23.01,0
2025-10-16T19:15:00Z,0,22.41,0
2025-10-16T19:30:00Z,0,22.3,0
2025-10-16T19:45:00Z,0,22,0
2025-10-16T20:00:00Z,0,22.1,0
2025-10-16T20:15:00Z,0,21.41,0
2025-10-16T20:30:00Z,0,21.3,0
2025-10-16T20:45:00Z,0,20.81,0
2025-10-16T21:00:00Z,0,20.6,0
2025-10-16T21:15:00Z,0,20.2,0
2025-10-16T21:30:00Z,0,20.4,0
2025-10-16T21:45:00Z,0,20.8,0
2025-10-16T22:00:00Z,0,20.5,0
2025-10-16T22:15:00Z,0,20.4,0
2025-10-16T22:30:00Z,0,19.41,0
2025-10-16T22:45:00Z,0,18.71,0
2025-10-16T23:00:00Z,0,17.81,0
2025-10-16T23:15:00Z,0,17.8,0
2025-10-16T23:30:00Z,0,17.21,0
2025-10-16T23:45:00Z,0,17.5,0
2025-10-17T00:00:00Z,0,17.5,0
2025-10-17T00:15:00Z,0,18.29,0
2025-10-17T00:30:00Z,0,18.7,0
2025-10-17T00:45:00Z,0,18.9,0
2025-10-17T01:00:00Z,0,18.8,0
2025-10-17T01:15:00Z,0,17.91,0
2025-10-17T01:30:00Z,0,18.49,0
2025-10-17T01:45:00Z,0,19.59,0
2025-10-17T02:00:00Z,0,20.49,0
2025-10-17T02:15:00Z,0,20.6,0
2025-10-17T02:30:00Z,0,21.79,0
2025-10-17T02:45:00Z,0,21.9,0
2025-10-17T03:00:00Z,0,22.2,0
2025-10-17T03:15:00Z,0,22,0
2025-10-17T03:30:00Z,0,22.4,0
2025-10-17T03:45:00Z,0,22.8,0
2025-10-17T04:00:00Z,0,23.79,0
2025-10-17T04:15:00Z,0,23.8,0
2025-10-17T04:30:00Z,0,23.4,0
2025-10-17T04:45:00Z,0,22.91,0
2025-10-17T05:00:00Z,0,22.8,0
2025-10-17T05:15:00Z,0,22.21,0
2025-10-17T05:30:00Z,0,22.2,0
2025-10-17T05:45:00Z,0,22.4,0
2025-10-17T06:00:00Z,0,21.51,0
2025-10-17T06:15:00Z,5.736,21.5,0
2025-10-17T06:30:00Z,32.4,22.29,0
2025-10-17T06:45:00Z,75.32,23.19,0
2025-10-17T07:00:00Z,109,23.89,0
2025-10-17T07:15:00Z,183,24.39,0
2025-10-17T07:30:00Z,245.6,24.6,0
2025-10-17T07:45:00Z,270.3,24.6,0
2025-10-17T08:00:00Z,291.8,25.09,0
2025-10-17T08:15:00Z,324.5,25.79,0
2025-10-17T08:30:00Z,381.5,26.49,0
2025-10-17T08:45:00Z,457.8,26.99,0
2025-10-17T09:00:00Z,323.5,26.7,0
2025-10-17T09:15:00Z,578.2,27.89,0
2025-10-17T09:30:00Z,625.9,27.7,0
2025-10-17T09:45:00Z,681.9,28,0
2025-10-17T10:00:00Z,744.7,28.2,0
2025-10-17T10:15:00Z,793.6,28.2,0
2025-10-17T10:30:00Z,837,28.3,0
2025-10-17T10:45:00Z,884,28.6,0
2025-10-17T11:00:00Z,934,28.6,0
2025-10-17T11:15:00Z,964,28.8,0
2025-10-17T11:30:00Z,984,29.29,0
2025-10-17T11:45:00Z,1018,29.5,0
2025-10-17T12:00:00Z,1062,29.8,0
2025-10-17T12:15:00Z,1027,29.8,0
2025-10-17T12:30:00Z,1140,30,0
2025-10-17T12:45:00Z,710.8,29.7,0
2025-10-17T13:00:00Z,1060,30.29,0
2025-10-17T13:15:00Z,721,29.61,0
2025-10-17T13:30:00Z,339,29.11,0
2025-10-17T13:45:00Z,336.2,28.9,0
2025-10-17T14:00:00Z,777.3,29.79,0
2025-10-17T14:15:00Z,997,30.59,0
2025-10-17T14:30:00Z,956,30.6,0
2025-10-17T14:45:00Z,967,31,0
2025-10-17T15:00:00Z,981,31.1,0
2025-10-17T15:15:00Z,914,31,0
2025-10-17T15:30:00Z,718,30.9,0
2025-10-17T15:45:00Z,689.6,30.8,0
2025-10-17T16:00:00Z,691.7,30.8,0
2025-10-17T16:15:00Z,297.4,30.21,0
2025-10-17T16:30:00Z,132.4,29.8,0
2025-10-17T16:45:00Z,154.7,29.6,0
2025-10-17T17:00:00Z,188.1,29.7,0
2025-10-17T17:15:00Z,193.5,29.6,0
2025-10-17T17:30:00Z,172.2,29.9,0
2025-10-17T17:45:00Z,156.1,29.5,0
2025-10-17T18:00:00Z,71.84,29.01,0
2025-10-17T18:15:00Z,12.75,28.21,0
2025-10-17T18:30:00Z,0.134,26.52,0
2025-10-17T18:45:00Z,0,25.31,0
2025-10-17T19:00:00Z,0,24.51,0
2025-10-17T19:15:00Z,0,24.2,0
2025-10-17T19:30:00Z,0,23.9,0
2025-10-17T19:45:00Z,0,24,0
2025-10-17T20:00:00Z,0,23.9,0
2025-10-17T20:15:00Z,0,22.52,0
2025-10-17T20:30:00Z,0,22.2,0
2025-10-17T20:45:00Z,0,21.9,0
2025-10-17T21:00:00Z,0,22.1,0
2025-10-17T21:15:00Z,0,22.4,0
2025-10-17T21:30:00Z,0,22.2,0
2025-10-17T21:45:00Z,0,22.4,0
2025-10-17T22:00:00Z,0,22.3,0
2025-10-17T22:15:00Z,0,22.3,0
2025-10-17T22:30:00Z,0,21.01,0
2025-10-17T22:45:00Z,0,19.62,0
2025-10-17T23:00:00Z,0,19.9,0
2025-10-17T23:15:00Z,0,20.49,0
2025-10-17T23:30:00Z,0,18.92,0
2025-10-17T23:45:00Z,0,19.1,0
2025-10-18T00:00:00Z,0,19,0
2025-10-18T00:15:00Z,0,18.21,0
2025-10-18T00:30:00Z,0,18.3,0
2025-10-18T00:45:00Z,0,18.3,0
2025-10-18T01:00:00Z,0,18.1,0
2025-10-18T01:15:00Z,0,17.21,0
2025-10-18T01:30:00Z,0,17.6,0
2025-10-18T01:45:00Z,0,17.8,0
2025-10-18T02:00:00Z,0,17.8,0
2025-10-18T02:15:00Z,0,17.5,0
2025-10-18T02:30:00Z,0,17.6,0
2025-10-18T02:45:00Z,0,17.01,0
2025-10-18T03:00:00Z,0,17.69,0
2025-10-18T03:15:00Z,0,17.4,0
2025-10-18T03:30:00Z,0,17.5,0
2025-10-18T03:45:00Z,0,17.5,0
2025-10-18T04:00:00Z,0,18.09,0
2025-10-18T04:15:00Z,0,18.4,0
2025-10-18T04:30:00Z,0,18.4,0
2025-10-18T04:45:00Z,0,18.8,0
2025-10-18T05:00:00Z,0,19.59,0
2025-10-18T05:15:00Z,0,19.8,0
2025-10-18T05:30:00Z,0,19.4,0
2025-10-18T05:45:00Z,0,18.51,0
2025-10-18T06:00:00Z,0,18.5,0
2025-10-18T06:15:00Z,7.12,18.8,0
2025-10-18T06:30:00Z,22.43,19.2,0
2025-10-18T06:45:00Z,48.9,20.19,0
2025-10-18T07:00:00Z,72.74,20.4,0
2025-10-18T07:15:00Z,91.4,21.39,0
2025-10-18T07:30:00Z,126.5,21.5,0
2025-10-18T07:45:00Z,152,22.88,0
2025-10-18T08:00:00Z,169.9,23.99,0
2025-10-18T08:15:00Z,307.5,25.58,0
2025-10-18T08:30:00Z,332.7,26.89,0
2025-10-18T08:45:00Z,412.7,27.49,0
2025-10-18T09:00:00Z,439.1,27.8,0
2025-10-18T09:15:00Z,487.7,28.49,0
2025-10-18T09:30:00Z,560.8,28.99,0
2025-10-18T09:45:00Z,633.6,29,0
2025-10-18T10:00:00Z,712.1,29.1,0
2025-10-18T10:15:00Z,819,29.5,0
2025-10-18T10:30:00Z,857,29.6,0
2025-10-18T10:45:00Z,840,28.81,0
2025-10-18T11:00:00Z,849,29.29,0
2025-10-18T11:15:00Z,947,29.5,0
2025-10-18T11:30:00Z,983,29.5,0
2025-10-18T11:45:00Z,826,29.4,0
2025-10-18T12:00:00Z,999,29.5,0
2025-10-18T12:15:00Z,1001,29.99,0
2025-10-18T12:30:00Z,855,30.69,0
2025-10-18T12:45:00Z,966,30.4,0
2025-10-18T13:00:00Z,871,30.4,0
2025-10-18T13:15:00Z,1094,30.7,0
2025-10-18T13:30:00Z,1027,30.4,0
2025-10-18T13:45:00Z,887,30.6,0
2025-10-18T14:00:00Z,763.4,30.7,0
2025-10-18T14:15:00Z,1001,31.1,0
2025-10-18T14:30:00Z,751.8,30.41,0
2025-10-18T14:45:00Z,618.1,28.72,0
2025-10-18T15:00:00Z,293.5,27.32,0
2025-10-18T15:15:00Z,243.2,26.81,0
2025-10-18T15:30:00Z,297.9,26.9,0
2025-10-18T15:45:00Z,474.9,27.3,0
2025-10-18T16:00:00Z,582.2,27.89,0
2025-10-18T16:15:00Z,385.8,27.11,0
2025-10-18T16:30:00Z,450.8,26.9,0
2025-10-18T16:45:00Z,286.6,26.9,0
2025-10-18T17:00:00Z,194.2,26.5,0
2025-10-18T17:15:00Z,122.7,26.5,0
2025-10-18T17:30:00Z,64.64,26.3,0
2025-10-18T17:45:00Z,40.86,26.2,0
2025-10-18T18:00:00Z,27.35,26,0
2025-10-18T18:15:00Z,11.28,25.51,0
2025-10-18T18:30:00Z,0.123,25.5,0
2025-10-18T18:45:00Z,0,24.51,0
2025-10-18T19:00:00Z,0,24.2,0
2025-10-18T19:15:00Z,0,23.21,0
2025-10-18T19:30:00Z,0,23.1,0
2025-10-18T19:45:00Z,0,22.31,0
2025-10-18T20:00:00Z,0,22.2,0
2025-10-18T20:15:00Z,0,22.2,0
2025-10-18T20:30:00Z,0,21.8,0
2025-10-18T20:45:00Z,0,21.01,0
2025-10-18T21:00:00Z,0,21,0
2025-10-18T21:15:00Z,0,20.8,0
2025-10-18T21:30:00Z,0,20.6,0
2025-10-18T21:45:00Z,0,20.2,0
2025-10-18T22:00:00Z,0,20.2,0
2025-10-18T22:15:00Z,0,19.8,0
2025-10-18T22:30:00Z,0,19.6,0
2025-10-18T22:45:00Z,0,19.8,0
2025-10-18T23:00:00Z,0,19.8,0
2025-10-18T23:15:00Z,0,20,0
2025-10-18T23:30:00Z,0,19.51,0
2025-10-18T23:45:00Z,0,19.7,0
2025-10-19T00:00:00Z,0,20.29,0
2025-10-19T00:15:00Z,0,19.81,0
2025-10-19T00:30:00Z,0,20,0
2025-10-19T00:45:00Z,0,20.1,0
2025-10-19T01:00:00Z,0,19.9,0
2025-10-19T01:15:00Z,0,20.39,0
2025-10-19T01:30:00Z,0,20.8,0
2025-10-19T01:45:00Z,0,22.58,0
2025-10-19T02:00:00Z,0,22.9,0
2025-10-19T02:15:00Z,0,23.2,0
2025-10-19T02:30:00Z,0,23.69,0
2025-10-19T02:45:00Z,0,21.82,0
2025-10-19T03:00:00Z,0,20.81,0
2025-10-19T03:15:00Z,0,20.4,0
2025-10-19T03:30:00Z,0,19.91,0
2025-10-19T03:45:00Z,0,19.7,0
2025-10-19T04:00:00Z,0,19.5,0
2025-10-19T04:15:00Z,0,19.4,0
2025-10-19T04:30:00Z,0,19.2,0
2025-10-19T04:45:00Z,0,19.2,0
2025-10-19T05:00:00Z,0,19,0
2025-10-19T05:15:00Z,0,18.9,0
2025-10-19T05:30:00Z,0,19,0
2025-10-19T05:45:00Z,0,19,0
2025-10-19T06:00:00Z,0.099,19,0
2025-10-19T06:15:00Z,1.88,19.1,0
2025-10-19T06:30:00Z,6.647,19.1,0
2025-10-19T06:45:00Z,16.39,19,0
2025-10-19T07:00:00Z,25.99,19.2,0
2025-10-19T07:15:00Z,41.82,19.5,0
2025-10-19T07:30:00Z,82.4,19.8,0
2025-10-19T07:45:00Z,137.3,20.29,0
2025-10-19T08:00:00Z,197.8,20.89,0
2025-10-19T08:15:00Z,281.1,21.59,0
2025-10-19T08:30:00Z,345.9,22.49,0
2025-10-19T08:45:00Z,312.9,23.09,0
2025-10-19T09:00:00Z,580.1,24.29,0
2025-10-19T09:15:00Z,371.9,24.4,0
2025-10-19T09:30:00Z,419.2,24.89,0
2025-10-19T09:45:00Z,365.5,25.59,0
2025-10-19T10:00:00Z,378.2,25.9,0
2025-10-19T10:15:00Z,482.3,26.69,0
2025-10-19T10:30:00Z,490.7,26.6,0
2025-10-19T10:45:00Z,607.6,27.09,0
2025-10-19T11:00:00Z,820,27.3,0
2025-10-19T11:15:00Z,920,28.29,0
2025-10-19T11:30:00Z,935,28.3,0
2025-10-19T11:45:00Z,941,28.1,0
2025-10-19T12:00:00Z,954,27.61,0
2025-10-19T12:15:00Z,984,28.29,0
2025-10-19T12:30:00Z,1011,28.4,0
2025-10-19T12:45:00Z,975,28.4,0
2025-10-19T13:00:00Z,698,28.5,0
2025-10-19T13:15:00Z,615.7,28.3,0
2025-10-19T13:30:00Z,668.7,28.5,0
2025-10-19T13:45:00Z,922,29.19,0
2025-10-19T14:00:00Z,989,29.4,0
2025-10-19T14:15:00Z,940,29.5,0
2025-10-19T14:30:00Z,858,29.6,0
2025-10-19T14:45:00Z,601.6,29.7,0
2025-10-19T15:00:00Z,290.7,28.91,0
2025-10-19T15:15:00Z,193.8,29.1,0
2025-10-19T15:30:00Z,416,29.2,0
2025-10-19T15:45:00Z,682.6,30.29,0
2025-10-19T16:00:00Z,473.1,30,0
2025-10-19T16:15:00Z,261.9,29.01,0
2025-10-19T16:30:00Z,252.6,28.9,0
2025-10-19T16:45:00Z,334.1,28.31,0
2025-10-19T17:00:00Z,167.9,28.2,0
2025-10-19T17:15:00Z,48.92,27.9,0
2025-10-19T17:30:00Z,28.81,27.7,0
2025-10-19T17:45:00Z,63.01,27.6,0
2025-10-19T18:00:00Z,25.92,27.3,0
2025-10-19T18:15:00Z,5.92,26.81,0
2025-10-19T18:30:00Z,0.063,26.6,0
2025-10-19T18:45:00Z,0,26.2,1.513
2025-10-19T19:00:00Z,0,20.66,240.6
2025-10-19T19:15:00Z,0,20.11,0
2025-10-19T19:30:00Z,0,20.69,0
2025-10-19T19:45:00Z,0,20.5,0
2025-10-19T20:00:00Z,0,20.3,0
2025-10-19T20:15:00Z,0,19.9,0
2025-10-19T20:30:00Z,0,19.9,0
2025-10-19T20:45:00Z,0,20.2,0
2025-10-19T21:00:00Z,0,20.1,0
2025-10-19T21:15:00Z,0,19.9,0
2025-10-19T21:30:00Z,0,19.9,0
2025-10-19T21:45:00Z,0,20,0
2025-10-19T22:00:00Z,0,19.9,0
2025-10-19T22:15:00Z,0,19.9,30.26
2025-10-19T22:30:00Z,0,19.21,151.3
2025-10-19T22:45:00Z,0,19.4,30.26
2025-10-19T23:00:00Z,0,19.5,0
2025-10-19T23:15:00Z,0,19.6,30.26
2025-10-19T23:30:00Z,0,19.6,0
2025-10-19T23:45:00Z,0,19.4,0
2025-10-20T00:00:00Z,0,18.91,0
2025-10-20T00:15:00Z,0,18.6,0
2025-10-20T00:30:00Z,0,18.5,302.6
2025-10-20T00:45:00Z,0,18.4,484.2
2025-10-20T01:00:00Z,0,18.4,211.8
2025-10-20T01:15:00Z,0,18.3,121
2025-10-20T01:30:00Z,0,18.3,60.52
2025-10-20T01:45:00Z,0,18.4,30.26
2025-10-20T02:00:00Z,0,17.71,302.6
2025-10-20T02:15:00Z,0,17.6,121
2025-10-20T02:30:00Z,0,17.6,90.8
2025-10-20T02:45:00Z,0,17.5,60.52
2025-10-20T03:00:00Z,0,17.2,60.52
2025-10-20T03:15:00Z,0,16.9,60.52
2025-10-20T03:30:00Z,0,16.8,30.26
2025-10-20T03:45:00Z,0,16.8,30.26
2025-10-20T04:00:00Z,0,16.6,0
2025-10-20T04:15:00Z,0,16.4,0
2025-10-20T04:30:00Z,0,16.5,0
2025-10-20T04:45:00Z,0,16.5,0
2025-10-20T05:00:00Z,0,17.19,0
2025-10-20T05:15:00Z,0,17.2,0
2025-10-20T05:30:00Z,0,17.1,0
2025-10-20T05:45:00Z,0,16.8,0
2025-10-20T06:00:00Z,0,16.6,0
2025-10-20T06:15:00Z,0,16.7,0
2025-10-20T06:30:00Z,7.219,16.9,0
2025-10-20T06:45:00Z,13.04,17.1,0
2025-10-20T07:00:00Z,16.56,17.4,0
2025-10-20T07:15:00Z,25.2,17.5,0
2025-10-20T07:30:00Z,33.8,17.6,0
2025-10-20T07:45:00Z,56.64,17.6,0
2025-10-20T08:00:00Z,77.77,17.6,0
2025-10-20T08:15:00Z,100.4,18.09,0
2025-10-20T08:30:00Z,107.4,18.4,0
2025-10-20T08:45:00Z,127.2,18.7,0
2025-10-20T09:00:00Z,174.1,19.1,0
2025-10-20T09:15:00Z,181.7,19.5,0
2025-10-20T09:30:00Z,157.5,19.8,0
2025-10-20T09:45:00Z,111.1,19.9,0
2025-10-20T10:00:00Z,114.6,20.2,0
2025-10-20T10:15:00Z,134.9,20.4,0
2025-10-20T10:30:00Z,162.5,20.5,0
2025-10-20T10:45:00Z,228.4,20.8,0
2025-10-20T11:00:00Z,367.3,21.69,0
2025-10-20T11:15:00Z,486.2,22.49,0
2025-10-20T11:30:00Z,355.5,22.99,0
2025-10-20T11:45:00Z,245.1,23.3,0
2025-10-20T12:00:00Z,272.5,23.5,0
2025-10-20T12:15:00Z,253.1,22.61,0
2025-10-20T12:30:00Z,226.4,22.01,0
2025-10-20T12:45:00Z,290,22,0
2025-10-20T13:00:00Z,357.1,22.1,0
2025-10-20T13:15:00Z,503.6,22.5,0
2025-10-20T13:30:00Z,536.2,23.09,0
2025-10-20T13:45:00Z,559.5,23.5,0
2025-10-20T14:00:00Z,704.8,24.19,0
2025-10-20T14:15:00Z,440.8,24.1,0
2025-10-20T14:30:00Z,341.1,23.8,0
2025-10-20T14:45:00Z,557.3,24.1,0
2025-10-20T15:00:00Z,649,24.59,0
2025-10-20T15:15:00Z,568.9,24.7,0
2025-10-20T15:30:00Z,483.1,24.7,0
2025-10-20T15:45:00Z,667.5,25.49,0
2025-10-20T16:00:00Z,632.6,25.5,0
2025-10-20T16:15:00Z,558.2,25.2,0
2025-10-20T16:30:00Z,422.3,24.9,0
2025-10-20T16:45:00Z,497.6,25.1,0
2025-10-20T17:00:00Z,219.4,24.7,0
2025-10-20T17:15:00Z,88.2,24.3,0
2025-10-20T17:30:00Z,60.1,23.9,0
2025-10-20T17:45:00Z,37.35,23.5,0
2025-10-20T18:00:00Z,21.57,23.2,0
2025-10-20T18:15:00Z,4.589,23,0
2025-10-20T18:30:00Z,0.049,22.01,0
2025-10-20T18:45:00Z,0,21.21,0
2025-10-20T19:00:00Z,0,20.71,0
2025-10-20T19:15:00Z,0,20.3,0
2025-10-20T19:30:00Z,0,20.1,0
2025-10-20T19:45:00Z,0,19.9,0
2025-10-20T20:00:00Z,0,19.9,0
2025-10-20T20:15:00Z,0,20.1,0
2025-10-20T20:30:00Z,0,20.1,0
2025-10-20T20:45:00Z,0,19.9,0
2025-10-20T21:00:00Z,0,19.8,0
2025-10-20T21:15:00Z,0,19.9,0
2025-10-20T21:30:00Z,0,19.8,0
2025-10-20T21:45:00Z,0,19.9,0
2025-10-20T22:00:00Z,0,20.2,0
2025-10-20T22:15:00Z,0,20.3,0
2025-10-20T22:30:00Z,0,20.2,0
2025-10-20T22:45:00Z,0,19.9,0
2025-10-20T23:00:00Z,0,19.9,0
2025-10-20T23:15:00Z,0,19.8,0
2025-10-20T23:30:00Z,0,19.31,0
2025-10-20T23:45:00Z,0,18.81,0
2025-10-21T00:00:00Z,0,18.4,0
2025-10-21T00:15:00Z,0,18.4,0
2025-10-21T00:30:00Z,0,18.4,0
2025-10-21T00:45:00Z,0,18.6,0
2025-10-21T01:00:00Z,0,18.7,0
2025-10-21T01:15:00Z,0,18.7,0
2025-10-21T01:30:00Z,0,18.6,0
2025-10-21T01:45:00Z,0,18.5,0
2025-10-21T02:00:00Z,0,18.4,0
2025-10-21T02:15:00Z,0,18.2,0
2025-10-21T02:30:00Z,0,17.8,0
2025-10-21T02:45:00Z,0,17.7,0
2025-10-21T03:00:00Z,0,17.8,0
2025-10-21T03:15:00Z,0,17.7,0
2025-10-21T03:30:00Z,0,17.9,0
2025-10-21T03:45:00Z,0,17.6,0
2025-10-21T04:00:00Z,0,17.3,0
2025-10-21T04:15:00Z,0,17.3,0
2025-10-21T04:30:00Z,0,17.5,0
2025-10-21T04:45:00Z,0,17.6,0
2025-10-21T05:00:00Z,0,17.7,0
2025-10-21T05:15:00Z,0,17.5,0
2025-10-21T05:30:00Z,0,17.4,0
2025-10-21T05:45:00Z,0,17.5,0
2025-10-21T06:00:00Z,0,17.4,0
2025-10-21T06:15:00Z,0.494,17.4,0
2025-10-21T06:30:00Z,8.71,17.2,0
2025-10-21T06:45:00Z,14.93,17.1,0
2025-10-21T07:00:00Z,31.32,17.1,0
2025-10-21T07:15:00Z,46.14,17.2,0
2025-10-21T07:30:00Z,67.96,17.3,0
2025-10-21T07:45:00Z,129.9,17.5,0
2025-10-21T08:00:00Z,197.7,17.9,0
2025-10-21T08:15:00Z,214.2,18,0
2025-10-21T08:30:00Z,235.1,17.9,0
2025-10-21T08:45:00Z,281.6,17.9,0
2025-10-21T09:00:00Z,351.8,18,0
2025-10-21T09:15:00Z,402.1,18.3,0
2025-10-21T09:30:00Z,627.3,18.99,0
2025-10-21T09:45:00Z,680.4,19.69,0
2025-10-21T10:00:00Z,710.5,20,0
2025-10-21T10:15:00Z,749.7,19.9,0
2025-10-21T10:30:00Z,688.2,20,0
2025-10-21T10:45:00Z,812,20.3,0
2025-10-21T11:00:00Z,874,20.79,0
2025-10-21T11:15:00Z,1012,21.69,0
2025-10-21T11:30:00Z,917,21.6,0
2025-10-21T11:45:00Z,908,21.3,0
2025-10-21T12:00:00Z,957,21.89,0
2025-10-21T12:15:00Z,994,21.9,0
2025-10-21T12:30:00Z,1017,21.8,0
2025-10-21T12:45:00Z,954,22.39,0
2025-10-21T13:00:00Z,815,21.61,0
2025-10-21T13:15:00Z,1030,21.4,0
2025-10-21T13:30:00Z,1009,21.5,0
2025-10-21T13:45:00Z,937,21.99,0
2025-10-21T14:00:00Z,637.3,20.81,0
2025-10-21T14:15:00Z,1054,21.29,0
2025-10-21T14:30:00Z,778.4,21.5,0
2025-10-21T14:45:00Z,802,20.91,0
2025-10-21T15:00:00Z,712.3,20.5,0
2025-10-21T15:15:00Z,821,20.1,0
2025-10-21T15:30:00Z,711.2,20,0
2025-10-21T15:45:00Z,552.8,19.7,0
2025-10-21T16:00:00Z,637.1,20,0
2025-10-21T16:15:00Z,NAN,NAN,NAN
2025-10-21T16:30:00Z,NAN,NAN,0
2025-10-21T16:45:00Z,310,19.01,0
2025-10-21T17:00:00Z,275.9,18.6,0
2025-10-21T17:15:00Z,232,18.7,0
2025-10-21T17:30:00Z,180.2,18.4,0
2025-10-21T17:45:00Z,149,18.2,0
2025-10-21T18:00:00Z,64.45,17.9,0
2025-10-21T18:15:00Z,25.03,17.5,0
2025-10-21T18:30:00Z,3.537,17.3,0
2025-10-21T18:45:00Z,0.037,17.2,0
2025-10-21T19:00:00Z,0,17.2,0
2025-10-21T19:15:00Z,0,17.4,0
2025-10-21T19:30:00Z,0,17.4,0
2025-10-21T19:45:00Z,0,17.4,0
2025-10-21T20:00:00Z,0,17.5,0
2025-10-21T20:15:00Z,0,17.6,0
2025-10-21T20:30:00Z,0,17.7,0
2025-10-21T20:45:00Z,0,17.7,0
2025-10-21T21:00:00Z,0,17.6,0
2025-10-21T21:15:00Z,0,17.6,0
2025-10-21T21:30:00Z,0,17.6,0
2025-10-21T21:45:00Z,0,17.5,0
2025-10-21T22:00:00Z,0,17.5,0
2025-10-21T22:15:00Z,0,17.4,0
2025-10-21T22:30:00Z,0,17.3,0
2025-10-21T22:45:00Z,0,17.2,0
2025-10-21T23:00:00Z,0,17,0
2025-10-21T23:15:00Z,0,16.9,0
2025-10-21T23:30:00Z,0,16.8,0
2025-10-21T23:45:00Z,0,16.8,0
2025-10-22T00:00:00Z,0,16.8,0
2025-10-22T00:15:00Z,0,16.8,0
2025-10-22T00:30:00Z,0,16.7,0
2025-10-22T00:45:00Z,0,16.7,0
2025-10-22T01:00:00Z,0,16.5,0
2025-10-22T01:15:00Z,0,16.4,0
2025-10-22T01:30:00Z,0,16.4,0
2025-10-22T01:45:00Z,0,16.3,0
2025-10-22T02:00:00Z,0,16.2,0
2025-10-22T02:15:00Z,0,16.1,0
2025-10-22T02:30:00Z,0,16.1,0
2025-10-22T02:45:00Z,0,16,0
2025-10-22T03:00:00Z,0,15.9,0
2025-10-22T03:15:00Z,0,15.9,0
2025-10-22T03:30:00Z,0,15.7,0
2025-10-22T03:45:00Z,0,15.7,0
2025-10-22T04:00:00Z,0,15.6,0
2025-10-22T04:15:00Z,0,15.6,0
2025-10-22T04:30:00Z,0,15.5,0
2025-10-22T04:45:00Z,0,15.5,0
2025-10-22T05:00:00Z,0,15.4,0
2025-10-22T05:15:00Z,0,15.3,0
2025-10-22T05:30:00Z,0,15.1,0
2025-10-22T05:45:00Z,0,15,0
2025-10-22T06:00:00Z,0.593,15,0
2025-10-22T06:15:00Z,15.04,15.2,0
2025-10-22T06:30:00Z,34.88,15.3,0
2025-10-22T06:45:00Z,65.56,15.6,0
2025-10-22T07:00:00Z,102.8,16.19,0
2025-10-22T07:15:00Z,129.4,16.69,0
2025-10-22T07:30:00Z,179.5,16.7,0
2025-10-22T07:45:00Z,203.3,16.8,0
2025-10-22T08:00:00Z,265.9,17.1,0
2025-10-22T08:15:00Z,327.3,17.59,0
2025-10-22T08:30:00Z,395.1,18.29,0
2025-10-22T08:45:00Z,456,18.89,0
2025-10-22T09:00:00Z,543.2,18.6,0
2025-10-22T09:15:00Z,553,19.09,0
2025-10-22T09:30:00Z,623.4,19.1,0
2025-10-22T09:45:00Z,705.6,19.79,0
2025-10-22T10:00:00Z,732.2,20.79,0
2025-10-22T10:15:00Z,765.9,20.9,0
2025-10-22T10:30:00Z,696.6,21.1,0
2025-10-22T10:45:00Z,801,21.2,0
2025-10-22T11:00:00Z,856,21.6,0
2025-10-22T11:15:00Z,959,22.29,0
2025-10-22T11:30:00Z,986,22.4,0
2025-10-22T11:45:00Z,1039,22.6,0
2025-10-22T12:00:00Z,1077,22.9,0
2025-10-22T12:15:00Z,1044,23.2,0
2025-10-22T12:30:00Z,954,23.1,0
2025-10-22T12:45:00Z,1039,23.3,0
2025-10-22T13:00:00Z,980,23.4,0
2025-10-22T13:15:00Z,1014,23.99,0
2025-10-22T13:30:00Z,941,24.1,0
2025-10-22T13:45:00Z,746.6,24.3,0
2025-10-22T14:00:00Z,328.1,23.81,0
2025-10-22T14:15:00Z,438,23.8,0
2025-10-22T14:30:00Z,325.7,23.7,0
2025-10-22T14:45:00Z,392.1,23.8,0
2025-10-22T15:00:00Z,192.1,23.9,0
2025-10-22T15:15:00Z,171.1,23.8,0
2025-10-22T15:30:00Z,194.1,23.8,0
2025-10-22T15:45:00Z,311.7,24,0
2025-10-22T16:00:00Z,544.7,24.79,0
2025-10-22T16:15:00Z,148.7,24.21,0
2025-10-22T16:30:00Z,200.6,23.9,0
2025-10-22T16:45:00Z,364.3,24.59,0
2025-10-22T17:00:00Z,260.1,24.3,0
2025-10-22T17:15:00Z,82,23.71,0
2025-10-22T17:30:00Z,72.29,23.4,0
2025-10-22T17:45:00Z,77.34,23.1,0
2025-10-22T18:00:00Z,58.22,22.9,0
2025-10-22T18:15:00Z,35.06,22.41,0
2025-10-22T18:30:00Z,13.74,21.91,0
2025-10-22T18:45:00Z,0.546,21.41,0
2025-10-22T19:00:00Z,0.004,20.91,0
2025-10-22T19:15:00Z,0,20.6,0
2025-10-22T19:30:00Z,0,20.01,0
2025-10-22T19:45:00Z,0,19.41,0
2025-10-22T20:00:00Z,0,19.3,0
2025-10-22T20:15:00Z,0,19.1,0
2025-10-22T20:30:00Z,0,17.91,0
2025-10-22T20:45:00Z,0,17.31,0
2025-10-22T21:00:00Z,0,18.68,0
2025-10-22T21:15:00Z,0,19.29,0
2025-10-22T21:30:00Z,0,19.2,0
2025-10-22T21:45:00Z,0,19,0
2025-10-22T22:00:00Z,0,18.8,0
2025-10-22T22:15:00Z,0,18.7,0
2025-10-22T22:30:00Z,0,19.1,0
2025-10-22T22:45:00Z,0,19.4,0
2025-10-22T23:00:00Z,0,19.3,0
2025-10-22T23:15:00Z,0,19.1,0
2025-10-22T23:30:00Z,0,18.8,0
2025-10-22T23:45:00Z,0,19.1,0
2025-10-23T00:00:00Z,0,19.1,0
2025-10-23T00:15:00Z,0,18.9,0
2025-10-23T00:30:00Z,0,19.1,0
2025-10-23T00:45:00Z,0,19.1,0
2025-10-23T01:00:00Z,0,19.2,0
2025-10-23T01:15:00Z,0,19.2,0
2025-10-23T01:30:00Z,0,18.8,0
2025-10-23T01:45:00Z,0,18.5,0
2025-10-23T02:00:00Z,0,18.2,0
2025-10-23T02:15:00Z,0,18,0
2025-10-23T02:30:00Z,0,17.6,0
2025-10-23T02:45:00Z,0,17.4,0
2025-10-23T03:00:00Z,0,17.4,0
2025-10-23T03:15:00Z,0,17.2,0
2025-10-23T03:30:00Z,0,17.2,0
2025-10-23T03:45:00Z,0,17.2,0
2025-10-23T04:00:00Z,0,17,0
2025-10-23T04:15:00Z,0,16.7,0
2025-10-23T04:30:00Z,0,16.6,0
2025-10-23T04:45:00Z,0,16.5,0
2025-10-23T05:00:00Z,0,16.4,0
2025-10-23T05:15:00Z,0,16.3,0
2025-10-23T05:30:00Z,0,16.1,0
2025-10-23T05:45:00Z,0,16.1,0
2025-10-23T06:00:00Z,0,16,0
2025-10-23T06:15:00Z,9.69,16,0
2025-10-23T06:30:00Z,17.02,16.2,0
2025-10-23T06:45:00Z,37.67,17.09,0
2025-10-23T07:00:00Z,74.19,17.69,0
2025-10-23T07:15:00Z,110.3,18,0
2025-10-23T07:30:00Z,154.8,18,0
2025-10-23T07:45:00Z,206.7,18,0
2025-10-23T08:00:00Z,265,18.4,0
2025-10-23T08:15:00Z,329.6,18.5,0
2025-10-23T08:30:00Z,400.6,18.9,0
2025-10-23T08:45:00Z,468.5,19.2,0
2025-10-23T09:00:00Z,532.2,19.4,0
2025-10-23T09:15:00Z,595.1,19.7,0
2025-10-23T09:30:00Z,657.9,20.1,0
2025-10-23T09:45:00Z,717.1,20.79,0
2025-10-23T10:00:00Z,771.7,21.2,0
2025-10-23T10:15:00Z,823,21.69,0
2025-10-23T10:30:00Z,869,22.19,0
2025-10-23T10:45:00Z,921,22.6,0
2025-10-23T11:00:00Z,952,23.09,0
2025-10-23T11:15:00Z,985,23.4,0
2025-10-23T11:30:00Z,1018,23.8,0
2025-10-23T11:45:00Z,1041,24,0
2025-10-23T12:00:00Z,1062,24.1,0
2025-10-23T12:15:00Z,1085,24.3,0
2025-10-23T12:30:00Z,1096,24.6,0
2025-10-23T12:45:00Z,1136,24.6,0
2025-10-23T13:00:00Z,1070,25.19,0
2025-10-23T13:15:00Z,1118,25.4,0
2025-10-23T13:30:00Z,342.5,24.41,0
2025-10-23T13:45:00Z,688.6,24.89,0
2025-10-23T14:00:00Z,836,25.49,0
2025-10-23T14:15:00Z,451.4,24.91,0
2025-10-23T14:30:00Z,413.8,25,0
2025-10-23T14:45:00Z,450.3,25.1,0
2025-10-23T15:00:00Z,345,25,0
2025-10-23T15:15:00Z,338.3,24.8,0
2025-10-23T15:30:00Z,286.6,24.8,0
2025-10-23T15:45:00Z,318.6,24.8,0
2025-10-23T16:00:00Z,348.9,25.1,0
2025-10-23T16:15:00Z,220.6,24.61,0
2025-10-23T16:30:00Z,224.4,24.8,0
2025-10-23T16:45:00Z,269.2,24.7,0
2025-10-23T17:00:00Z,268.6,24.8,0
2025-10-23T17:15:00Z,331.3,24.6,0
2025-10-23T17:30:00Z,72.42,24.11,0
2025-10-23T17:45:00Z,50.81,23.7,0
2025-10-23T18:00:00Z,47.14,23.5,0
2025-10-23T18:15:00Z,22.58,23.3,0
2025-10-23T18:30:00Z,2.522,23,0
2025-10-23T18:45:00Z,0.026,22.6,0
2025-10-23T19:00:00Z,0,22.01,0
2025-10-23T19:15:00Z,0,20.32,0
2025-10-23T19:30:00Z,0,19.11,0
2025-10-23T19:45:00Z,0,18.51,0
2025-10-23T20:00:00Z,0,18.7,0
2025-10-23T20:15:00Z,0,19.89,0
2025-10-23T20:30:00Z,0,20.1,0
2025-10-23T20:45:00Z,0,20.1,0
2025-10-23T21:00:00Z,0,20.69,0
2025-10-23T21:15:00Z,0,21.29,0
2025-10-23T21:30:00Z,0,21.1,0
2025-10-23T21:45:00Z,0,21.1,0
2025-10-23T22:00:00Z,0,21.2,0
2025-10-23T22:15:00Z,0,21.1,0
2025-10-23T22:30:00Z,0,21.1,0
2025-10-23T22:45:00Z,0,21.4,0
2025-10-23T23:00:00Z,0,21.5,0
2025-10-23T23:15:00Z,0,21.4,0
2025-10-23T23:30:00Z,0,21.1,0
2025-10-23T23:45:00Z,0,20.9,0
2025-10-24T00:00:00Z,0,20.6,0
2025-10-24T00:15:00Z,0,20.5,0
2025-10-24T00:30:00Z,0,20.5,0
2025-10-24T00:45:00Z,0,20.4,0
2025-10-24T01:00:00Z,0,20.1,0
2025-10-24T01:15:00Z,0,19.9,0
2025-10-24T01:30:00Z,0,20,0
2025-10-24T01:45:00Z,0,19.9,0
2025-10-24T02:00:00Z,0,19.8,0
2025-10-24T02:15:00Z,0,19.6,0
2025-10-24T02:30:00Z,0,19.2,0
2025-10-24T02:45:00Z,0,19,0
2025-10-24T03:00:00Z,0,18.9,0
2025-10-24T03:15:00Z,0,18.8,0
2025-10-24T03:30:00Z,0,18.6,0
2025-10-24T03:45:00Z,0,18.5,0
2025-10-24T04:00:00Z,0,18.3,0
2025-10-24T04:15:00Z,0,18.1,0
2025-10-24T04:30:00Z,0,17.9,0
2025-10-24T04:45:00Z,0,17.8,0
2025-10-24T05:00:00Z,0,17.8,0
2025-10-24T05:15:00Z,0,17.7,0
2025-10-24T05:30:00Z,0,17.6,0
2025-10-24T05:45:00Z,0,17.6,0
2025-10-24T06:00:00Z,0,17.6,0
2025-10-24T06:15:00Z,9.59,17.6,0
2025-10-24T06:30:00Z,18.11,17.9,0
2025-10-24T06:45:00Z,39.86,18.49,0
2025-10-24T07:00:00Z,75.21,18.9,0
2025-10-24T07:15:00Z,109.2,19.2,0
2025-10-24T07:30:00Z,151.8,19.1,0
2025-10-24T07:45:00Z,203.6,19.5,0
2025-10-24T08:00:00Z,262.8,19.9,0
2025-10-24T08:15:00Z,326.4,20.1,0
2025-10-24T08:30:00Z,393.8,20.1,0
2025-10-24T08:45:00Z,466.5,20.59,0
2025-10-24T09:00:00Z,533.1,20.7,0
2025-10-24T09:15:00Z,592.3,21.19,0
2025-10-24T09:30:00Z,656,22.19,0
2025-10-24T09:45:00Z,713.4,22.3,0
2025-10-24T10:00:00Z,767.3,22.4,0
2025-10-24T10:15:00Z,819,22.8,0
2025-10-24T10:30:00Z,864,23,0
2025-10-24T10:45:00Z,916,23.49,0
2025-10-24T11:00:00Z,947,23.6,0
2025-10-24T11:15:00Z,980,24.29,0
2025-10-24T11:30:00Z,1013,24.7,0
2025-10-24T11:45:00Z,1034,24.7,0
2025-10-24T12:00:00Z,1054,24.8,0
2025-10-24T12:15:00Z,1070,24.9,0
2025-10-24T12:30:00Z,1096,25.39,0
2025-10-24T12:45:00Z,1094,25.5,0
2025-10-24T13:00:00Z,1099,25.8,0
2025-10-24T13:15:00Z,746.3,26,0
2025-10-24T13:30:00Z,644.4,25.41,0
2025-10-24T13:45:00Z,922,25.7,0
2025-10-24T14:00:00Z,494.9,25.3,0
2025-10-24T14:15:00Z,817,26.39,0
2025-10-24T14:30:00Z,534.4,26.2,0
2025-10-24T14:45:00Z,368.4,26,0
2025-10-24T15:00:00Z,508.2,26.4,0
2025-10-24T15:15:00Z,299.9,26,0
2025-10-24T15:30:00Z,154.8,25.7,0
2025-10-24T15:45:00Z,183.9,25.7,0
2025-10-24T16:00:00Z,499,26.39,0
2025-10-24T16:15:00Z,696.8,27.69,0
2025-10-24T16:30:00Z,305,26.71,0
2025-10-24T16:45:00Z,126.3,26.01,0
2025-10-24T17:00:00Z,345.6,26.4,0
2025-10-24T17:15:00Z,257.3,26.4,0
2025-10-24T17:30:00Z,118.3,25.81,0
2025-10-24T17:45:00Z,93.2,25.5,0
2025-10-24T18:00:00Z,58.59,25.3,0
2025-10-24T18:15:00Z,23.19,25.1,0
2025-10-24T18:30:00Z,1.836,24.7,0
2025-10-24T18:45:00Z,0.018,24.21,0
2025-10-24T19:00:00Z,0,23.8,0
2025-10-24T19:15:00Z,0,23.31,0
2025-10-24T19:30:00Z,0,23.1,0
2025-10-24T19:45:00Z,0,22.51,0
2025-10-24T20:00:00Z,0,21.91,0
2025-10-24T20:15:00Z,0,21.7,0
2025-10-24T20:30:00Z,0,21.11,0
2025-10-24T20:45:00Z,0,20.7,0
2025-10-24T21:00:00Z,0,20.5,0
2025-10-24T21:15:00Z,0,20.2,0
2025-10-24T21:30:00Z,0,20.3,0
2025-10-24T21:45:00Z,0,20.1,0
2025-10-24T22:00:00Z,0,20.89,0
2025-10-24T22:15:00Z,0,21,0
2025-10-24T22:30:00Z,0,21.1,0
2025-10-24T22:45:00Z,0,21.4,0
2025-10-24T23:00:00Z,0,21.89,0
2025-10-24T23:15:00Z,0,22.3,0
2025-10-24T23:30:00Z,0,22.2,0
2025-10-24T23:45:00Z,0,21.8,0
2025-10-25T00:00:00Z,0,21.4,0
2025-10-25T00:15:00Z,0,21.1,0
2025-10-25T00:30:00Z,0,20.7,0
2025-10-25T00:45:00Z,0,21,0
2025-10-25T01:00:00Z,0,21,0
2025-10-25T01:15:00Z,0,20.9,0
2025-10-25T01:30:00Z,0,20.7,0
2025-10-25T01:45:00Z,0,20.6,0
2025-10-25T02:00:00Z,0,20.4,0
2025-10-25T02:15:00Z,0,19.91,0
2025-10-25T02:30:00Z,0,20.2,0
2025-10-25T02:45:00Z,0,20.4,0
2025-10-25T03:00:00Z,0,20.3,0
2025-10-25T03:15:00Z,0,19.9,0
2025-10-25T03:30:00Z,0,19.6,0
2025-10-25T03:45:00Z,0,19.6,0
2025-10-25T04:00:00Z,0,19.4,0
2025-10-25T04:15:00Z,0,19.1,0
2025-10-25T04:30:00Z,0,19,0
2025-10-25T04:45:00Z,0,18.8,0
2025-10-25T05:00:00Z,0,18.8,0
2025-10-25T05:15:00Z,0,18.5,0
2025-10-25T05:30:00Z,0,18.2,0
2025-10-25T05:45:00Z,0,18.1,0
2025-10-25T06:00:00Z,0.297,17.8,0
2025-10-25T06:15:00Z,10.29,17.7,0
2025-10-25T06:30:00Z,18.31,18.29,0
2025-10-25T06:45:00Z,41.64,18.99,0
2025-10-25T07:00:00Z,77.8,19.59,0
2025-10-25T07:15:00Z,110.3,19.8,0
2025-10-25T07:30:00Z,151.1,19.9,0
2025-10-25T07:45:00Z,200.4,20.3,0
2025-10-25T08:00:00Z,258.7,20.7,0
2025-10-25T08:15:00Z,321.3,21.19,0
2025-10-25T08:30:00Z,385.7,21.79,0
2025-10-25T08:45:00Z,455.1,22.39,0
2025-10-25T09:00:00Z,525.4,22.8,0
2025-10-25T09:15:00Z,586.9,23.39,0
2025-10-25T09:30:00Z,648.1,23.7,0
2025-10-25T09:45:00Z,706.5,24.1,0
2025-10-25T10:00:00Z,758.9,24.69,0
2025-10-25T10:15:00Z,810,25.19,0
2025-10-25T10:30:00Z,852,25.79,0
2025-10-25T10:45:00Z,904,26.39,0
2025-10-25T11:00:00Z,959,26.4,0
2025-10-25T11:15:00Z,917,26.89,0
2025-10-25T11:30:00Z,193.8,25.71,0
2025-10-25T11:45:00Z,183.1,25.4,0
2025-10-25T12:00:00Z,621.3,25.8,0
2025-10-25T12:15:00Z,284.7,25.9,0
2025-10-25T12:30:00Z,187.6,25.7,0
2025-10-25T12:45:00Z,347.2,25.4,0
2025-10-25T13:00:00Z,410.1,25.99,0
2025-10-25T13:15:00Z,447.1,25.9,0
2025-10-25T13:30:00Z,382.7,26,0
2025-10-25T13:45:00Z,818,26.89,0
2025-10-25T14:00:00Z,1050,27.59,0
2025-10-25T14:15:00Z,1008,28,0
2025-10-25T14:30:00Z,220.2,27.01,0
2025-10-25T14:45:00Z,205.5,26.6,0
2025-10-25T15:00:00Z,370,26.9,0
2025-10-25T15:15:00Z,568.4,27.89,0
2025-10-25T15:30:00Z,183.1,27.41,0
2025-10-25T15:45:00Z,222.9,27.1,0
2025-10-25T16:00:00Z,519.6,27.99,0
2025-10-25T16:15:00Z,152.6,27.41,0
2025-10-25T16:30:00Z,119.5,27,0
2025-10-25T16:45:00Z,82.9,26.6,0
2025-10-25T17:00:00Z,65.79,26.4,0
2025-10-25T17:15:00Z,68.86,26.3,0
2025-10-25T17:30:00Z,84.1,26.3,0
2025-10-25T17:45:00Z,67.19,26,0
2025-10-25T18:00:00Z,108.7,26,0
2025-10-25T18:15:00Z,44.53,25.8,0
2025-10-25T18:30:00Z,2.662,24.51,0
2025-10-25T18:45:00Z,0.024,23.12,0
2025-10-25T19:00:00Z,0,22.21,0
2025-10-25T19:15:00Z,0,21.71,0
2025-10-25T19:30:00Z,0,21.4,0
2025-10-25T19:45:00Z,0,21.2,0
2025-10-25T20:00:00Z,0,21.2,0
2025-10-25T20:15:00Z,0,21.1,0
2025-10-25T20:30:00Z,0,21,0
2025-10-25T20:45:00Z,0,21.2,0
2025-10-25T21:00:00Z,0,21.4,0
2025-10-25T21:15:00Z,0,22.19,0
2025-10-25T21:30:00Z,0,22.2,0
2025-10-25T21:45:00Z,0,22.4,0
2025-10-25T22:00:00Z,0,22.3,0
2025-10-25T22:15:00Z,0,22.99,0
2025-10-25T22:30:00Z,0,22.11,0
2025-10-25T22:45:00Z,0,21.8,0
2025-10-25T23:00:00Z,0,21.6,0
2025-10-25T23:15:00Z,0,21.5,0
2025-10-25T23:30:00Z,0,21.5,0
2025-10-25T23:45:00Z,0,21.9,0
2025-10-26T00:00:00Z,0,21.31,0
2025-10-26T00:15:00Z,0,22.29,0
2025-10-26T00:30:00Z,0,22.89,0
2025-10-26T00:45:00Z,0,22.8,0
2025-10-26T01:00:00Z,0,22.5,0
2025-10-26T01:15:00Z,0,22.4,0
2025-10-26T01:30:00Z,0,21.81,0
2025-10-26T01:45:00Z,0,21.4,0
2025-10-26T02:00:00Z,0,21.7,0
2025-10-26T02:15:00Z,0,22.99,0
2025-10-26T02:30:00Z,0,23,0
2025-10-26T02:45:00Z,0,22.6,0
2025-10-26T03:00:00Z,0,22.5,0
2025-10-26T03:15:00Z,0,22.3,0
2025-10-26T03:30:00Z,0,22.1,0
2025-10-26T03:45:00Z,0,21.7,0
2025-10-26T04:00:00Z,0,21.4,0
2025-10-26T04:15:00Z,0,21.3,0
2025-10-26T04:30:00Z,0,21.2,0
2025-10-26T04:45:00Z,0,20.41,0
2025-10-26T05:00:00Z,0,19.71,0
2025-10-26T05:15:00Z,0,18.91,0
2025-10-26T05:30:00Z,0,17.91,0
2025-10-26T05:45:00Z,0,17.31,0
2025-10-26T06:00:00Z,0.89,16.31,0
2025-10-26T06:15:00Z,16.23,16.1,0
2025-10-26T06:30:00Z,37.46,18.18,0
2025-10-26T06:45:00Z,76.66,20.47,0
2025-10-26T07:00:00Z,129.3,22.18,0
2025-10-26T07:15:00Z,163.2,23.78,0
2025-10-26T07:30:00Z,185.9,24.39,0
2025-10-26T07:45:00Z,219.4,24.5,0
2025-10-26T08:00:00Z,235.6,24.8,0
2025-10-26T08:15:00Z,294.2,25,0
2025-10-26T08:30:00Z,405.4,25.49,0
2025-10-26T08:45:00Z,458,26.19,0
2025-10-26T09:00:00Z,509.1,26.5,0
2025-10-26T09:15:00Z,573,26.9,0
2025-10-26T09:30:00Z,632.9,27.2,0
2025-10-26T09:45:00Z,684.2,27.1,0
2025-10-26T10:00:00Z,746,27.1,0
2025-10-26T10:15:00Z,820,27.4,0
2025-10-26T10:30:00Z,830,27.7,0
2025-10-26T10:45:00Z,339.4,26.41,0
2025-10-26T11:00:00Z,646.1,27.39,0
2025-10-26T11:15:00Z,471.4,26.81,0
2025-10-26T11:30:00Z,399.7,26.5,0
2025-10-26T11:45:00Z,240.5,26.3,0
2025-10-26T12:00:00Z,628.8,26.89,0
2025-10-26T12:15:00Z,265.5,26.5,0
2025-10-26T12:30:00Z,434.9,26.5,0
2025-10-26T12:45:00Z,599.9,27.09,0
2025-10-26T13:00:00Z,945,27.99,0
2025-10-26T13:15:00Z,969,28.3,0
2025-10-26T13:30:00Z,1123,28.7,0
2025-10-26T13:45:00Z,1106,29.39,0
2025-10-26T14:00:00Z,1150,29,0
2025-10-26T14:15:00Z,1085,29.49,0
2025-10-26T14:30:00Z,989,29.5,0
2025-10-26T14:45:00Z,535.1,28.61,0
2025-10-26T15:00:00Z,844,28.9,0
2025-10-26T15:15:00Z,668.7,28.31,0
2025-10-26T15:30:00Z,509.1,27.11,0
2025-10-26T15:45:00Z,281.1,26.31,0
2025-10-26T16:00:00Z,259.4,26.79,0
2025-10-26T16:15:00Z,307.3,27,0
2025-10-26T16:30:00Z,301.4,26.8,0
2025-10-26T16:45:00Z,174.4,27.29,0
2025-10-26T17:00:00Z,109,27.6,0
2025-10-26T17:15:00Z,77.64,27.5,0
2025-10-26T17:30:00Z,82.9,27.3,0
2025-10-26T17:45:00Z,139.8,27.3,0
2025-10-26T18:00:00Z,154.3,27.79,0
2025-10-26T18:15:00Z,75.98,27.6,0
2025-10-26T18:30:00Z,29.81,26.61,0
2025-10-26T18:45:00Z,1.908,24.62,0
2025-10-26T19:00:00Z,0.018,23.22,0
2025-10-26T19:15:00Z,0,21.82,0
2025-10-26T19:30:00Z,0,21.11,0
2025-10-26T19:45:00Z,0,20.8,0
2025-10-26T20:00:00Z,0,20.4,0
2025-10-26T20:15:00Z,0,20.2,0
2025-10-26T20:30:00Z,0,19.8,0
2025-10-26T20:45:00Z,0,19.7,0
2025-10-26T21:00:00Z,0,20.1,0
2025-10-26T21:15:00Z,0,20.1,0
2025-10-26T21:30:00Z,0,20.4,0
2025-10-26T21:45:00Z,0,20,0
2025-10-26T22:00:00Z,0,20,0
2025-10-26T22:15:00Z,0,20.3,0
2025-10-26T22:30:00Z,0,20.4,0
2025-10-26T22:45:00Z,0,20.3,0
2025-10-26T23:00:00Z,0,20.2,0
2025-10-26T23:15:00Z,0,20,0
2025-10-26T23:30:00Z,0,20.2,0
2025-10-26T23:45:00Z,0,20.6,0
2025-10-27T00:00:00Z,0,20.11,0
2025-10-27T00:15:00Z,0,20.2,0
2025-10-27T00:30:00Z,0,20.5,0
2025-10-27T00:45:00Z,0,22.18,0
2025-10-27T01:00:00Z,0,22.99,0
2025-10-27T01:15:00Z,0,22.9,0
2025-10-27T01:30:00Z,0,22.9,0
2025-10-27T01:45:00Z,0,22.7,0
2025-10-27T02:00:00Z,0,22.6,0
2025-10-27T02:15:00Z,0,22.11,0
2025-10-27T02:30:00Z,0,21.8,0
2025-10-27T02:45:00Z,0,21.7,0
2025-10-27T03:00:00Z,0,20.81,0
2025-10-27T03:15:00Z,0,21.79,0
2025-10-27T03:30:00Z,0,21.8,0
2025-10-27T03:45:00Z,0,21.4,0
2025-10-27T04:00:00Z,0,21.6,0
2025-10-27T04:15:00Z,0,21.6,0
2025-10-27T04:30:00Z,0,20.61,0
2025-10-27T04:45:00Z,0,20.01,0
2025-10-27T05:00:00Z,0,19.6,0
2025-10-27T05:15:00Z,0,19.5,0
2025-10-27T05:30:00Z,0,21.77,0
2025-10-27T05:45:00Z,0,21.9,0
2025-10-27T06:00:00Z,1.78,21.5,0
2025-10-27T06:15:00Z,12.48,21.7,0
2025-10-27T06:30:00Z,43.55,22.19,0
2025-10-27T06:45:00Z,54.98,23.19,0
2025-10-27T07:00:00Z,37,22.71,0
2025-10-27T07:15:00Z,52.62,22.6,0
2025-10-27T07:30:00Z,141.9,23.19,0
2025-10-27T07:45:00Z,247.3,24.09,0
2025-10-27T08:00:00Z,284.6,24.59,0
2025-10-27T08:15:00Z,334,24.7,0
2025-10-27T08:30:00Z,292.4,24.6,0
2025-10-27T08:45:00Z,246.7,24.6,0
2025-10-27T09:00:00Z,232.2,24.4,0
2025-10-27T09:15:00Z,265.8,24.4,0
2025-10-27T09:30:00Z,348.1,24.6,0
2025-10-27T09:45:00Z,573.1,25.29,0
2025-10-27T10:00:00Z,546.4,25.89,0
2025-10-27T10:15:00Z,762.2,26.79,0
2025-10-27T10:30:00Z,943,27.59,0
2025-10-27T10:45:00Z,887,28.09,0
2025-10-27T11:00:00Z,996,28.4,0
2025-10-27T11:15:00Z,706.9,28.3,0
2025-10-27T11:30:00Z,398.4,27.51,0
2025-10-27T11:45:00Z,538.5,27.8,0
2025-10-27T12:00:00Z,967,28.49,0
2025-10-27T12:15:00Z,995,28.9,0
2025-10-27T12:30:00Z,968,28.7,0
2025-10-27T12:45:00Z,1012,29.19,0
2025-10-27T13:00:00Z,1080,29.5,0
2025-10-27T13:15:00Z,1076,29.6,0
2025-10-27T13:30:00Z,1009,29.8,0
2025-10-27T13:45:00Z,677.3,29.5,0
2025-10-27T14:00:00Z,482.3,29.1,0
2025-10-27T14:15:00Z,184.7,28.7,0
2025-10-27T14:30:00Z,179.4,28.5,0
2025-10-27T14:45:00Z,142.4,28.4,0
2025-10-27T15:00:00Z,70.9,28.2,0
2025-10-27T15:15:00Z,38.46,28.1,0
2025-10-27T15:30:00Z,30.78,28.1,0
2025-10-27T15:45:00Z,35.25,27.9,0
2025-10-27T16:00:00Z,56.07,27.8,0
2025-10-27T16:15:00Z,79.24,27.9,0
2025-10-27T16:30:00Z,91.5,27.7,0
2025-10-27T16:45:00Z,94.8,27.7,0
2025-10-27T17:00:00Z,114.8,27.8,0
2025-10-27T17:15:00Z,124.9,27.7,0
2025-10-27T17:30:00Z,113.9,27.7,0
2025-10-27T17:45:00Z,173.7,27.8,0
2025-10-27T18:00:00Z,110.7,28,0
2025-10-27T18:15:00Z,25.75,27.01,0
2025-10-27T18:30:00Z,3.44,24.92,0
2025-10-27T18:45:00Z,0.036,23.22,0
2025-10-27T19:00:00Z,0,22.31,0
2025-10-27T19:15:00Z,0,21.61,0
2025-10-27T19:30:00Z,0,21.2,0
2025-10-27T19:45:00Z,0,20.8,0
2025-10-27T20:00:00Z,0,20.9,0
2025-10-27T20:15:00Z,0,20.5,0
2025-10-27T20:30:00Z,0,20.5,0
2025-10-27T20:45:00Z,0,19.91,0
2025-10-27T21:00:00Z,0,20.1,0
2025-10-27T21:15:00Z,0,19.8,0
2025-10-27T21:30:00Z,0,20.1,0
2025-10-27T21:45:00Z,0,20,0
2025-10-27T22:00:00Z,0,20,0
2025-10-27T22:15:00Z,0,19.7,0
2025-10-27T22:30:00Z,0,19.5,0
2025-10-27T22:45:00Z,0,19.5,0
2025-10-27T23:00:00Z,0,19.3,0
2025-10-27T23:15:00Z,0,19.89,0
2025-10-27T23:30:00Z,0,19.6,0
2025-10-27T23:45:00Z,0,19.01,0
2025-10-28T00:00:00Z,0,19.3,0
2025-10-28T00:15:00Z,0,19.99,0
2025-10-28T00:30:00Z,0,20.69,0
2025-10-28T00:45:00Z,0,20.3,0
2025-10-28T01:00:00Z,0,20.7,0
2025-10-28T01:15:00Z,0,21.29,0
2025-10-28T01:30:00Z,0,21.2,0
2025-10-28T01:45:00Z,0,21.1,0
2025-10-28T02:00:00Z,0,21,0
2025-10-28T02:15:00Z,0,21.49,0
2025-10-28T02:30:00Z,0,21.8,0
2025-10-28T02:45:00Z,0,21.7,0
2025-10-28T03:00:00Z,0,21.7,0
2025-10-28T03:15:00Z,0,21.4,0
2025-10-28T03:30:00Z,0,21.5,0
2025-10-28T03:45:00Z,0,21.4,0
2025-10-28T04:00:00Z,0,21.4,0
2025-10-28T04:15:00Z,0,21.8,0
2025-10-28T04:30:00Z,0,22.2,0
2025-10-28T04:45:00Z,0,22.3,0
2025-10-28T05:00:00Z,0,22,0
2025-10-28T05:15:00Z,0,21.8,0
2025-10-28T05:30:00Z,0,21.5,0
2025-10-28T05:45:00Z,0,21.4,0
2025-10-28T06:00:00Z,1.286,22.09,0
2025-10-28T06:15:00Z,13.27,22.2,0
2025-10-28T06:30:00Z,23.98,22.69,0
2025-10-28T06:45:00Z,50.4,23,0
2025-10-28T07:00:00Z,84.5,23.4,0
2025-10-28T07:15:00Z,116.5,23.8,0
2025-10-28T07:30:00Z,153.1,24,0
2025-10-28T07:45:00Z,195.3,24.4,0
2025-10-28T08:00:00Z,247.5,24.99,0
2025-10-28T08:15:00Z,308,25.69,0
2025-10-28T08:30:00Z,370.1,26,0
2025-10-28T08:45:00Z,433.5,26.69,0
2025-10-28T09:00:00Z,504.4,26.8,0
2025-10-28T09:15:00Z,562.3,27,0
2025-10-28T09:30:00Z,637.3,26.51,0
2025-10-28T09:45:00Z,695.2,26.7,0
2025-10-28T10:00:00Z,748.1,26.9,0
2025-10-28T10:15:00Z,801,27.2,0
2025-10-28T10:30:00Z,849,27.79,0
2025-10-28T10:45:00Z,911,28.2,0
2025-10-28T11:00:00Z,967,28.4,0
2025-10-28T11:15:00Z,598.5,28.2,0
2025-10-28T11:30:00Z,600.7,28,0
2025-10-28T11:45:00Z,216,27.21,0
2025-10-28T12:00:00Z,522,27.5,0
2025-10-28T12:15:00Z,288.2,27.6,0
2025-10-28T12:30:00Z,369.1,27.8,0
2025-10-28T12:45:00Z,661.8,28.49,0
2025-10-28T13:00:00Z,685.7,28.6,0
2025-10-28T13:15:00Z,400.5,28.3,0
2025-10-28T13:30:00Z,377.6,28.5,0
2025-10-28T13:45:00Z,355.1,28.3,0
2025-10-28T14:00:00Z,816,29.29,0
2025-10-28T14:15:00Z,292.7,28.9,0
2025-10-28T14:30:00Z,278.4,28.6,0
2025-10-28T14:45:00Z,446.9,29.19,0
2025-10-28T15:00:00Z,279.2,29.5,0
2025-10-28T15:15:00Z,309.9,29.01,0
2025-10-28T15:30:00Z,174.3,28.9,0
2025-10-28T15:45:00Z,338.1,29.1,0
2025-10-28T16:00:00Z,194.1,29,0
2025-10-28T16:15:00Z,445.2,29.2,0
2025-10-28T16:30:00Z,436.6,29.79,0
2025-10-28T16:45:00Z,186.2,29.01,0
2025-10-28T17:00:00Z,188.9,28.8,0
2025-10-28T17:15:00Z,93.1,28.8,0
2025-10-28T17:30:00Z,69.26,28.4,0
2025-10-28T17:45:00Z,53.38,28.1,0
2025-10-28T18:00:00Z,31.84,27.8,0
2025-10-28T18:15:00Z,14.49,25.33,0
2025-10-28T18:30:00Z,2.137,23.92,0
2025-10-28T18:45:00Z,0.022,21.92,0
2025-10-28T19:00:00Z,0,21.41,0
2025-10-28T19:15:00Z,0,20.71,0
2025-10-28T19:30:00Z,0,20.01,0
2025-10-28T19:45:00Z,0,20.2,0
2025-10-28T20:00:00Z,0,20.5,0
2025-10-28T20:15:00Z,0,19.91,0
2025-10-28T20:30:00Z,0,19.11,0
2025-10-28T20:45:00Z,0,19.3,0
2025-10-28T21:00:00Z,0,19,0
2025-10-28T21:15:00Z,0,19.49,0
2025-10-28T21:30:00Z,0,18.91,0
2025-10-28T21:45:00Z,0,19.69,0
2025-10-28T22:00:00Z,0,20,0
2025-10-28T22:15:00Z,0,20.4,0
2025-10-28T22:30:00Z,0,20.4,0
2025-10-28T22:45:00Z,0,20.2,0
2025-10-28T23:00:00Z,0,19.8,0
2025-10-28T23:15:00Z,0,18.61,0
2025-10-28T23:30:00Z,0,18.6,0
2025-10-28T23:45:00Z,0,20.18,0
2025-10-29T00:00:00Z,0,20.79,0
2025-10-29T00:15:00Z,0,21.59,0
2025-10-29T00:30:00Z,0,21.01,0
2025-10-29T00:45:00Z,0,19.91,0
2025-10-29T01:00:00Z,0,18.91,0
2025-10-29T01:15:00Z,0,18.8,0
2025-10-29T01:30:00Z,0,18.8,0
2025-10-29T01:45:00Z,0,19,0
2025-10-29T02:00:00Z,0,19.4,0
2025-10-29T02:15:00Z,0,20.09,0
2025-10-29T02:30:00Z,0,20.4,0
2025-10-29T02:45:00Z,0,19.91,0
2025-10-29T03:00:00Z,0,20.39,0
2025-10-29T03:15:00Z,0,21.09,0
2025-10-29T03:30:00Z,0,19.81,0
2025-10-29T03:45:00Z,0,20.79,0
2025-10-29T04:00:00Z,0,21.29,0
2025-10-29T04:15:00Z,0,20.71,0
2025-10-29T04:30:00Z,0,21.39,0
2025-10-29T04:45:00Z,0,21.3,0
2025-10-29T05:00:00Z,0,21,0
2025-10-29T05:15:00Z,0,21.3,0
2025-10-29T05:30:00Z,0,21.4,0
2025-10-29T05:45:00Z,0,21.2,0
2025-10-29T06:00:00Z,1.879,21.2,0
2025-10-29T06:15:00Z,12.88,21.3,0
2025-10-29T06:30:00Z,22.39,22.29,0
2025-10-29T06:45:00Z,51.87,22.99,0
2025-10-29T07:00:00Z,87,23.79,0
2025-10-29T07:15:00Z,121.7,24.49,0
2025-10-29T07:30:00Z,158,24.99,0
2025-10-29T07:45:00Z,200.4,25.4,0
2025-10-29T08:00:00Z,249.7,26.19,0
2025-10-29T08:15:00Z,311.1,26.69,0
2025-10-29T08:30:00Z,375.3,27.29,0
2025-10-29T08:45:00Z,431.9,27,0
2025-10-29T09:00:00Z,494.8,27.3,0
2025-10-29T09:15:00Z,567,27.4,0
2025-10-29T09:30:00Z,641.2,27.4,0
2025-10-29T09:45:00Z,704.6,27.4,0
2025-10-29T10:00:00Z,757.8,27.8,0
2025-10-29T10:15:00Z,816,28.39,0
2025-10-29T10:30:00Z,869,28.4,0
2025-10-29T10:45:00Z,923,28.7,0
2025-10-29T11:00:00Z,960,29.19,0
2025-10-29T11:15:00Z,990,29.3,0
2025-10-29T11:30:00Z,1028,29.79,0
2025-10-29T11:45:00Z,812,29.6,0
2025-10-29T12:00:00Z,1100,30.19,0
2025-10-29T12:15:00Z,1137,30.5,0
2025-10-29T12:30:00Z,540.4,30.01,0
2025-10-29T12:45:00Z,321.8,29.21,0
2025-10-29T13:00:00Z,587.5,29.5,0
2025-10-29T13:15:00Z,246.8,29.3,0
2025-10-29T13:30:00Z,544.9,29.6,0
2025-10-29T13:45:00Z,861,30.09,0
2025-10-29T14:00:00Z,436.4,30,0
2025-10-29T14:15:00Z,501,29.8,0
2025-10-29T14:30:00Z,784.8,30.59,0
2025-10-29T14:45:00Z,241.5,29.81,0
2025-10-29T15:00:00Z,501.3,30.29,0
2025-10-29T15:15:00Z,548.5,30.79,0
2025-10-29T15:30:00Z,760.8,31,0
2025-10-29T15:45:00Z,351.5,30.51,0
2025-10-29T16:00:00Z,140.5,29.71,0
2025-10-29T16:15:00Z,79.06,29.6,0
2025-10-29T16:30:00Z,55.36,29.4,0
2025-10-29T16:45:00Z,53.81,29.1,0
2025-10-29T17:00:00Z,47.47,29,0
2025-10-29T17:15:00Z,21.29,28.8,0
2025-10-29T17:30:00Z,17.24,28.5,0
2025-10-29T17:45:00Z,35.99,28.2,0
2025-10-29T18:00:00Z,16.22,28.3,0
2025-10-29T18:15:00Z,6.606,27.41,0
2025-10-29T18:30:00Z,0.072,25.32,0
2025-10-29T18:45:00Z,0,23.72,0
2025-10-29T19:00:00Z,0,22.71,0
2025-10-29T19:15:00Z,0,22.21,0
2025-10-29T19:30:00Z,0,21.21,0
2025-10-29T19:45:00Z,0,20.61,0
2025-10-29T20:00:00Z,0,20.2,0
2025-10-29T20:15:00Z,0,19.9,0
2025-10-29T20:30:00Z,0,20.2,0
2025-10-29T20:45:00Z,0,19.8,0
2025-10-29T21:00:00Z,0,19.8,0
2025-10-29T21:15:00Z,0,19.31,0
2025-10-29T21:30:00Z,0,19.5,0
2025-10-29T21:45:00Z,0,19.01,0
2025-10-29T22:00:00Z,0,20.48,0
2025-10-29T22:15:00Z,0,20.9,0
2025-10-29T22:30:00Z,0,21,0
2025-10-29T22:45:00Z,0,20.41,0
2025-10-29T23:00:00Z,0,21.19,0
2025-10-29T23:15:00Z,0,21.3,0
2025-10-29T23:30:00Z,0,22.49,0
2025-10-29T23:45:00Z,0,22.5,0
2025-10-30T00:00:00Z,0,22.2,0
2025-10-30T00:15:00Z,0,22.3,0
2025-10-30T00:30:00Z,0,21.81,0
2025-10-30T00:45:00Z,0,20.71,0
2025-10-30T01:00:00Z,0,21.19,0
2025-10-30T01:15:00Z,0,20.71,0
2025-10-30T01:30:00Z,0,21.1,0
2025-10-30T01:45:00Z,0,21.89,0
2025-10-30T02:00:00Z,0,21.11,0
2025-10-30T02:15:00Z,0,21.1,0
2025-10-30T02:30:00Z,0,20.21,0
2025-10-30T02:45:00Z,0,20.69,0
2025-10-30T03:00:00Z,0,20.5,0
2025-10-30T03:15:00Z,0,19.91,0
2025-10-30T03:30:00Z,0,20.39,0
2025-10-30T03:45:00Z,0,20.99,0
2025-10-30T04:00:00Z,0,21,0
2025-10-30T04:15:00Z,0,21,0
2025-10-30T04:30:00Z,0,21.2,0
2025-10-30T04:45:00Z,0,21.5,0
2025-10-30T05:00:00Z,0,21.8,0
2025-10-30T05:15:00Z,0,21.5,0
2025-10-30T05:30:00Z,0,21.7,0
2025-10-30T05:45:00Z,0,21.8,0
2025-10-30T06:00:00Z,0.692,22.1,0
2025-10-30T06:15:00Z,15.04,23.09,0
2025-10-30T06:30:00Z,32.7,24.09,0
2025-10-30T06:45:00Z,75.82,24.59,0
2025-10-30T07:00:00Z,154.1,25.59,0
2025-10-30T07:15:00Z,148.7,26,0
2025-10-30T07:30:00Z,142.4,25.11,0
2025-10-30T07:45:00Z,214.7,25.69,0
2025-10-30T08:00:00Z,187.2,25.9,0
2025-10-30T08:15:00Z,196,26.49,0
2025-10-30T08:30:00Z,331.4,27.09,0
2025-10-30T08:45:00Z,427,27.79,0
2025-10-30T09:00:00Z,489.4,28,0
2025-10-30T09:15:00Z,560.8,28.1,0
2025-10-30T09:30:00Z,408.8,27.7,0
2025-10-30T09:45:00Z,667.4,28,0
2025-10-30T10:00:00Z,744.1,28.1,0
2025-10-30T10:15:00Z,804,28.5,0
2025-10-30T10:30:00Z,830,29.19,0
2025-10-30T10:45:00Z,888,29.4,0
2025-10-30T11:00:00Z,929,29.6,0
2025-10-30T11:15:00Z,951,29.6,0
2025-10-30T11:30:00Z,984,29.8,0
2025-10-30T11:45:00Z,1020,30.29,0
2025-10-30T12:00:00Z,1060,30.6,0
2025-10-30T12:15:00Z,1105,30.5,0
2025-10-30T12:30:00Z,1096,30.8,0
2025-10-30T12:45:00Z,1103,31.39,0
2025-10-30T13:00:00Z,1012,31.2,0
2025-10-30T13:15:00Z,1100,31.69,0
2025-10-30T13:30:00Z,1095,32,0
2025-10-30T13:45:00Z,349.4,30.81,0
2025-10-30T14:00:00Z,971,31.49,0
2025-10-30T14:15:00Z,1077,32.19,0
2025-10-30T14:30:00Z,670,31.51,0
2025-10-30T14:45:00Z,1004,31.9,0
2025-10-30T15:00:00Z,432.5,31.21,0
2025-10-30T15:15:00Z,411.7,31.1,0
2025-10-30T15:30:00Z,571.9,31.5,0
2025-10-30T15:45:00Z,407.8,31.6,0
2025-10-30T16:00:00Z,242.1,30.81,0
2025-10-30T16:15:00Z,336.1,31.1,0
2025-10-30T16:30:00Z,381.8,31.4,0
2025-10-30T16:45:00Z,108.9,30.51,0
2025-10-30T17:00:00Z,96.3,30.2,0
2025-10-30T17:15:00Z,81,30,0
2025-10-30T17:30:00Z,62.41,29.9,0
2025-10-30T17:45:00Z,95.5,29.9,0
2025-10-30T18:00:00Z,39.43,29.9,0
2025-10-30T18:15:00Z,5.771,29.6,0
2025-10-30T18:30:00Z,0.06,29.11,0
2025-10-30T18:45:00Z,0,28.7,0
2025-10-30T19:00:00Z,0,28.11,0
2025-10-30T19:15:00Z,0,27.8,0
2025-10-30T19:30:00Z,0,26.81,0
2025-10-30T19:45:00Z,0,24.92,0
2025-10-30T20:00:00Z,0,24.31,0
2025-10-30T20:15:00Z,0,24.2,0
2025-10-30T20:30:00Z,0,24.4,0
2025-10-30T20:45:00Z,0,24.2,0
2025-10-30T21:00:00Z,0,24.6,0
2025-10-30T21:15:00Z,0,24.4,0
2025-10-30T21:30:00Z,0,24.1,0
2025-10-30T21:45:00Z,0,23.9,0
2025-10-30T22:00:00Z,0,24.1,0
2025-10-30T22:15:00Z,0,23.8,0
2025-10-30T22:30:00Z,0,24.29,0
2025-10-30T22:45:00Z,0,24.3,0
2025-10-30T23:00:00Z,0,24.2,0
2025-10-30T23:15:00Z,0,24.4,0
2025-10-30T23:30:00Z,0,24.1,0
2025-10-30T23:45:00Z,0,23.9,0
2025-10-31T00:00:00Z,0,23.9,0
2025-10-31T00:15:00Z,0,23.41,0
2025-10-31T00:30:00Z,0,23.2,0
2025-10-31T00:45:00Z,0,23.5,0
2025-10-31T01:00:00Z,0,23.1,0
2025-10-31T01:15:00Z,0,23.2,0
2025-10-31T01:30:00Z,0,23.2,0
2025-10-31T01:45:00Z,0,23.1,0
2025-10-31T02:00:00Z,0,22.9,0
2025-10-31T02:15:00Z,0,22.7,0
2025-10-31T02:30:00Z,0,22.8,0
2025-10-31T02:45:00Z,0,22.7,0
2025-10-31T03:00:00Z,0,22.4,0
2025-10-31T03:15:00Z,0,22.3,0
2025-10-31T03:30:00Z,0,20.72,0
2025-10-31T03:45:00Z,0,20.5,30.26
2025-10-31T04:00:00Z,0,20.4,0
2025-10-31T04:15:00Z,0,20.4,0
2025-10-31T04:30:00Z,0,20.4,0
2025-10-31T04:45:00Z,0,20.6,0
2025-10-31T05:00:00Z,0,21.29,0
2025-10-31T05:15:00Z,0,21.3,0
2025-10-31T05:30:00Z,0,21.4,0
2025-10-31T05:45:00Z,0,21.3,0
2025-10-31T06:00:00Z,0,21.5,0
2025-10-31T06:15:00Z,1.978,21.6,0
2025-10-31T06:30:00Z,19.11,21.5,0
2025-10-31T06:45:00Z,39.87,21.7,0
2025-10-31T07:00:00Z,45.74,21.7,0
2025-10-31T07:15:00Z,54.5,21.6,0
2025-10-31T07:30:00Z,84.9,21.8,0
2025-10-31T07:45:00Z,78.08,22.1,0
2025-10-31T08:00:00Z,67.52,22.2,0
2025-10-31T08:15:00Z,64.24,22.5,0
2025-10-31T08:30:00Z,80.8,22.6,0
2025-10-31T08:45:00Z,121.1,22.8,0
2025-10-31T09:00:00Z,161.3,23.1,0
2025-10-31T09:15:00Z,213.7,23.5,0
2025-10-31T09:30:00Z,364.2,24.19,0
2025-10-31T09:45:00Z,648.3,25.39,0
2025-10-31T10:00:00Z,459.4,25,0
2025-10-31T10:15:00Z,576.4,25.59,0
2025-10-31T10:30:00Z,685.2,26.39,0
2025-10-31T10:45:00Z,751.1,26.8,0
2025-10-31T11:00:00Z,1044,27.49,0
2025-10-31T11:15:00Z,1099,27.7,0
2025-10-31T11:30:00Z,1034,28.1,0
2025-10-31T11:45:00Z,826,27.8,0
2025-10-31T12:00:00Z,717.3,27.01,0
2025-10-31T12:15:00Z,607.4,26.21,0
2025-10-31T12:30:00Z,616.3,26.69,0
2025-10-31T12:45:00Z,155,26.11,0
2025-10-31T13:00:00Z,148.6,25.11,0
2025-10-31T13:15:00Z,220.1,24.7,0
2025-10-31T13:30:00Z,291.8,24.21,0
2025-10-31T13:45:00Z,349,24,0
2025-10-31T14:00:00Z,320,23.8,0
2025-10-31T14:15:00Z,207.8,21.13,60.52
2025-10-31T14:30:00Z,216,21.4,0
2025-10-31T14:45:00Z,275.6,22.49,0
2025-10-31T15:00:00Z,337.9,23.29,0
2025-10-31T15:15:00Z,315.2,23.99,0
2025-10-31T15:30:00Z,278.8,24.69,0
2025-10-31T15:45:00Z,262.6,24.7,0
2025-10-31T16:00:00Z,239.8,24.9,0
2025-10-31T16:15:00Z,183.6,25.1,0
2025-10-31T16:30:00Z,153.9,25.2,0
2025-10-31T16:45:00Z,143,25.1,0
2025-10-31T17:00:00Z,117.8,25.1,0
2025-10-31T17:15:00Z,79.43,25.2,0
2025-10-31T17:30:00Z,54.28,25.2,0
2025-10-31T17:45:00Z,37.78,25,0
2025-10-31T18:00:00Z,22.87,24.7,0
2025-10-31T18:15:00Z,13.01,24.6,0
2025-10-31T18:30:00Z,1.231,24.11,0
2025-10-31T18:45:00Z,0.012,23.61,0
2025-10-31T19:00:00Z,0,23.11,0
2025-10-31T19:15:00Z,0,23,0
2025-10-31T19:30:00Z,0,23,0
2025-10-31T19:45:00Z,0,22.9,0
2025-10-31T20:00:00Z,0,22.8,0
2025-10-31T20:15:00Z,0,22.5,0
2025-10-31T20:30:00Z,0,22.7,0
2025-10-31T20:45:00Z,0,22.9,0
2025-10-31T21:00:00Z,0,23.1,0
2025-10-31T21:15:00Z,0,23.4,0
2025-10-31T21:30:00Z,0,23.1,0
2025-10-31T21:45:00Z,0,22.8,0
2025-10-31T22:00:00Z,0,22.6,0
2025-10-31T22:15:00Z,0,22.3,0
2025-10-31T22:30:00Z,0,23.29,0
2025-10-31T22:45:00Z,0,22.71,0
2025-10-31T23:00:00Z,0,21.41,0
2025-10-31T23:15:00Z,0,21.1,0
2025-10-31T23:30:00Z,0,21.1,0
2025-10-31T23:45:00Z,0,21,0
2025-11-01T00:00:00Z,0,21.3,0
2025-11-01T00:15:00Z,0,21.3,0
2025-11-01T00:30:00Z,0,21.3,0
2025-11-01T00:45:00Z,0,21.3,0
2025-11-01T01:00:00Z,0,21,0
2025-11-01T01:15:00Z,0,21.3,0
2025-11-01T01:30:00Z,0,21.1,0
2025-11-01T01:45:00Z,0,21.3,0
2025-11-01T02:00:00Z,0,21.4,0
2025-11-01T02:15:00Z,0,21.3,0
2025-11-01T02:30:00Z,0,20.81,0
2025-11-01T02:45:00Z,0,20.5,0
2025-11-01T03:00:00Z,0,20.6,0
2025-11-01T03:15:00Z,0,20.5,0
2025-11-01T03:30:00Z,0,20.6,0
2025-11-01T03:45:00Z,0,20.9,0
2025-11-01T04:00:00Z,0,20.8,0
2025-11-01T04:15:00Z,0,20.8,0
2025-11-01T04:30:00Z,0,20.31,0
2025-11-01T04:45:00Z,0,20.7,0
2025-11-01T05:00:00Z,0,21.29,0
2025-11-01T05:15:00Z,0,21.5,0
2025-11-01T05:30:00Z,0,21.8,0
2025-11-01T05:45:00Z,0,22.1,0
2025-11-01T06:00:00Z,0,22.2,0
2025-11-01T06:15:00Z,0,22.2,0
2025-11-01T06:30:00Z,11.08,22.5,0
2025-11-01T06:45:00Z,26.53,22.6,0
2025-11-01T07:00:00Z,42.92,22.5,0
2025-11-01T07:15:00Z,57.93,22.5,0
2025-11-01T07:30:00Z,84,22.6,0
2025-11-01T07:45:00Z,107.8,22.7,0
2025-11-01T08:00:00Z,141.7,22.8,0
2025-11-01T08:15:00Z,167.1,22.9,0
2025-11-01T08:30:00Z,198.2,23.2,0
2025-11-01T08:45:00Z,237.9,23.79,0
2025-11-01T09:00:00Z,277.8,24.39,0
2025-11-01T09:15:00Z,333.3,24.7,0
2025-11-01T09:30:00Z,378.7,24.8,0
2025-11-01T09:45:00Z,319,24.9,0
2025-11-01T10:00:00Z,404.5,25.39,0
2025-11-01T10:15:00Z,426.9,25.6,0
2025-11-01T10:30:00Z,735.2,26.09,0
2025-11-01T10:45:00Z,940,26.89,0
2025-11-01T11:00:00Z,661.1,26.7,0
2025-11-01T11:15:00Z,814,26.9,0
2025-11-01T11:30:00Z,549.4,26.41,0
2025-11-01T11:45:00Z,538.5,26.6,0
2025-11-01T12:00:00Z,542.9,26.7,0
2025-11-01T12:15:00Z,604.4,26.9,0
2025-11-01T12:30:00Z,650,27.1,0
2025-11-01T12:45:00Z,928,27.69,0
2025-11-01T13:00:00Z,965,28.49,0
2025-11-01T13:15:00Z,463,27.91,0
2025-11-01T13:30:00Z,391.7,27.7,0
2025-11-01T13:45:00Z,266.6,26.61,0
2025-11-01T14:00:00Z,62.18,22.94,30.26
2025-11-01T14:15:00Z,52.29,19.44,332.9
2025-11-01T14:30:00Z,59.12,19.1,90.8
2025-11-01T14:45:00Z,79.77,19,60.52
2025-11-01T15:00:00Z,114,19.69,30.26
2025-11-01T15:15:00Z,181.3,19.6,0
2025-11-01T15:30:00Z,201.1,20.98,0
2025-11-01T15:45:00Z,211.1,21.89,0
2025-11-01T16:00:00Z,178.8,22.3,0
2025-11-01T16:15:00Z,143.8,22.3,0
2025-11-01T16:30:00Z,110.7,22.2,0
2025-11-01T16:45:00Z,106.2,22.5,0
2025-11-01T17:00:00Z,108.3,22.99,0
2025-11-01T17:15:00Z,99.8,23.4,0
2025-11-01T17:30:00Z,80,23.6,0
2025-11-01T17:45:00Z,53.79,23.4,0
2025-11-01T18:00:00Z,32.04,23.1,0
2025-11-01T18:15:00Z,14.4,23,0
2025-11-01T18:30:00Z,0.652,22.51,0
2025-11-01T18:45:00Z,0.006,22.01,0
2025-11-01T19:00:00Z,0,21.9,0
2025-11-01T19:15:00Z,0,22.1,0
2025-11-01T19:30:00Z,0,22.1,0
2025-11-01T19:45:00Z,0,22.1,0
2025-11-01T20:00:00Z,0,22.2,0
2025-11-01T20:15:00Z,0,22.4,0
2025-11-01T20:30:00Z,0,22,0
2025-11-01T20:45:00Z,0,22,0
2025-11-01T21:00:00Z,0,22,0
2025-11-01T21:15:00Z,0,22.4,0
2025-11-01T21:30:00Z,0,22.1,0
2025-11-01T21:45:00Z,0,21.9,0
2025-11-01T22:00:00Z,0,21.6,0
2025-11-01T22:15:00Z,0,21.5,0
2025-11-01T22:30:00Z,0,21.1,0
2025-11-01T22:45:00Z,0,20.9,0
2025-11-01T23:00:00Z,0,22.38,0
2025-11-01T23:15:00Z,0,22.4,0
2025-11-01T23:30:00Z,0,21.91,0
2025-11-01T23:45:00Z,0,21.8,0
2025-11-02T00:00:00Z,0,21.4,0
2025-11-02T00:15:00Z,0,21.1,0
2025-11-02T00:30:00Z,0,20.21,0
2025-11-02T00:45:00Z,0,21.09,0
2025-11-02T01:00:00Z,0,19.62,0
2025-11-02T01:15:00Z,0,19.01,0
2025-11-02T01:30:00Z,0,18.7,0
2025-11-02T01:45:00Z,0,18.7,0
2025-11-02T02:00:00Z,0,19.1,0
2025-11-02T02:15:00Z,0,18.21,0
2025-11-02T02:30:00Z,0,18.1,0
2025-11-02T02:45:00Z,0,18.1,0
2025-11-02T03:00:00Z,0,17.9,0
2025-11-02T03:15:00Z,0,18.2,0
2025-11-02T03:30:00Z,0,17.51,0
2025-11-02T03:45:00Z,0,17.8,0
2025-11-02T04:00:00Z,0,17.9,0
2025-11-02T04:15:00Z,0,17.9,0
2025-11-02T04:30:00Z,0,17.9,0
2025-11-02T04:45:00Z,0,18,0
2025-11-02T05:00:00Z,0,18.3,0
2025-11-02T05:15:00Z,0,18,0
2025-11-02T05:30:00Z,0,17.6,0
2025-11-02T05:45:00Z,0,17.5,0
2025-11-02T06:00:00Z,0,17.4,0
2025-11-02T06:15:00Z,10.88,17.5,0
2025-11-02T06:30:00Z,31.57,18.39,0
2025-11-02T06:45:00Z,74.03,19.88,0
2025-11-02T07:00:00Z,106.2,20.89,0
2025-11-02T07:15:00Z,144.3,22.28,0
2025-11-02T07:30:00Z,122.2,22.5,0
2025-11-02T07:45:00Z,132.3,22.6,0
2025-11-02T08:00:00Z,161.7,22.9,0
2025-11-02T08:15:00Z,205.8,23.3,0
2025-11-02T08:30:00Z,265.4,23.89,0
2025-11-02T08:45:00Z,246.2,24.39,0
2025-11-02T09:00:00Z,229.8,24.6,0
2025-11-02T09:15:00Z,244.3,24.7,0
2025-11-02T09:30:00Z,300.3,24.9,0
2025-11-02T09:45:00Z,376.3,25.49,0
2025-11-02T10:00:00Z,406.8,25.9,0
2025-11-02T10:15:00Z,319.2,25.11,0
2025-11-02T10:30:00Z,428.5,24.51,0
2025-11-02T10:45:00Z,422.1,24.7,0
2025-11-02T11:00:00Z,555.6,25.1,0
2025-11-02T11:15:00Z,495.5,25.1,0
2025-11-02T11:30:00Z,667.9,25.59,0
2025-11-02T11:45:00Z,969,26.19,0
2025-11-02T12:00:00Z,1022,26.89,0
2025-11-02T12:15:00Z,1024,27.39,0
2025-11-02T12:30:00Z,1035,27.2,0
2025-11-02T12:45:00Z,1010,27.5,0
2025-11-02T13:00:00Z,1021,27.6,0
2025-11-02T13:15:00Z,1019,27.7,0
2025-11-02T13:30:00Z,1046,28.19,0
2025-11-02T13:45:00Z,908,28.3,0
2025-11-02T14:00:00Z,844,28.6,0
2025-11-02T14:15:00Z,606.8,28.4,0
2025-11-02T14:30:00Z,450.9,27.81,0
2025-11-02T14:45:00Z,324.1,27.7,0
2025-11-02T15:00:00Z,289.2,27.6,0
2025-11-02T15:15:00Z,287.3,26.81,0
2025-11-02T15:30:00Z,251.7,26.9,0
2025-11-02T15:45:00Z,215.7,27.2,0
2025-11-02T16:00:00Z,200.1,27.1,0
2025-11-02T16:15:00Z,191,27.1,0
2025-11-02T16:30:00Z,206.3,27.1,0
2025-11-02T16:45:00Z,271.7,27.3,0
2025-11-02T17:00:00Z,311.7,27.3,0
2025-11-02T17:15:00Z,231.2,27.6,0
2025-11-02T17:30:00Z,108,27.11,0
2025-11-02T17:45:00Z,65.17,26.7,0
2025-11-02T18:00:00Z,39.68,26.7,0
2025-11-02T18:15:00Z,15.77,26.4,0
2025-11-02T18:30:00Z,1.754,25.31,0
2025-11-02T18:45:00Z,0.018,24.9,0
2025-11-02T19:00:00Z,0,24.41,0
2025-11-02T19:15:00Z,0,24.1,0
2025-11-02T19:30:00Z,0,24,0
2025-11-02T19:45:00Z,0,24.1,0
2025-11-02T20:00:00Z,0,24,0
2025-11-02T20:15:00Z,0,23.8,0
2025-11-02T20:30:00Z,0,23.7,0
2025-11-02T20:45:00Z,0,23.9,0
2025-11-02T21:00:00Z,0,24,0
2025-11-02T21:15:00Z,0,24,0
2025-11-02T21:30:00Z,0,24.3,0
2025-11-02T21:45:00Z,0,24.2,0
2025-11-02T22:00:00Z,0,24.1,0
2025-11-02T22:15:00Z,0,24.3,0
2025-11-02T22:30:00Z,0,24.4,0
2025-11-02T22:45:00Z,0,24.1,0
2025-11-02T23:00:00Z,0,23.7,0
2025-11-02T23:15:00Z,0,23.01,0
2025-11-02T23:30:00Z,0,22.9,0
2025-11-02T23:45:00Z,0,23,0
2025-11-03T00:00:00Z,0,23.3,0
2025-11-03T00:15:00Z,0,23.4,0
2025-11-03T00:30:00Z,0,23.4,0
2025-11-03T00:45:00Z,0,23.4,0
2025-11-03T01:00:00Z,0,23.2,0
2025-11-03T01:15:00Z,0,23,0
2025-11-03T01:30:00Z,0,23,0
2025-11-03T01:45:00Z,0,23,0
2025-11-03T02:00:00Z,0,22.8,0
2025-11-03T02:15:00Z,0,22.7,0
2025-11-03T02:30:00Z,0,22.6,0
2025-11-03T02:45:00Z,0,22.5,0
2025-11-03T03:00:00Z,0,22.6,0
2025-11-03T03:15:00Z,0,22.6,0
2025-11-03T03:30:00Z,0,22.3,0
2025-11-03T03:45:00Z,0,22.3,0
2025-11-03T04:00:00Z,0,22.2,0
2025-11-03T04:15:00Z,0,21.9,0
2025-11-03T04:30:00Z,0,21.7,0
2025-11-03T04:45:00Z,0,21.7,0
2025-11-03T05:00:00Z,0,22.1,0
2025-11-03T05:15:00Z,0,21.51,0
2025-11-03T05:30:00Z,0,21.5,0
2025-11-03T05:45:00Z,0,21.7,0
2025-11-03T06:00:00Z,0,22.19,0
2025-11-03T06:15:00Z,2.769,22.2,0
2025-11-03T06:30:00Z,8.14,22.3,0
2025-11-03T06:45:00Z,15.12,22.2,0
2025-11-03T07:00:00Z,17.67,22.1,0
2025-11-03T07:15:00Z,14.34,22.3,0
2025-11-03T07:30:00Z,15.59,22.4,0
2025-11-03T07:45:00Z,18.76,22.5,0
2025-11-03T08:00:00Z,19.99,22.3,0
2025-11-03T08:15:00Z,44.03,22.5,0
2025-11-03T08:30:00Z,61.7,22.5,0
2025-11-03T08:45:00Z,65.06,22.6,0
2025-11-03T09:00:00Z,110,22.6,0
2025-11-03T09:15:00Z,119.2,22.8,0
2025-11-03T09:30:00Z,63.03,22.7,0
2025-11-03T09:45:00Z,46.58,22.6,0
2025-11-03T10:00:00Z,28.4,22.6,0
2025-11-03T10:15:00Z,19.6,22.5,0
2025-11-03T10:30:00Z,84,22.3,0
2025-11-03T12:30:00Z,24.2,21.5,43.91
2025-11-03T12:45:00Z,143.1,17.9,0
2025-11-03T13:00:00Z,196.2,17.8,30.26
2025-11-03T13:15:00Z,183.3,17.7,0
2025-11-03T13:30:00Z,147.2,17.7,0
2025-11-03T13:45:00Z,125.1,18.69,0
2025-11-03T14:00:00Z,109,18.8,0
2025-11-03T14:15:00Z,138.8,18.8,0
2025-11-03T14:30:00Z,165.5,19,0
2025-11-03T14:45:00Z,212.7,19.1,0
2025-11-03T15:00:00Z,249.8,19.4,0
2025-11-03T15:15:00Z,292.8,19.7,0
2025-11-03T15:30:00Z,353.3,20.49,0
2025-11-03T15:45:00Z,376.9,20.6,0
2025-11-03T16:00:00Z,395.3,21.19,0
2025-11-03T16:15:00Z,309.7,21.3,0
2025-11-03T16:30:00Z,283.6,21.4,0
2025-11-03T16:45:00Z,304.9,21.89,0
2025-11-03T17:00:00Z,377.4,22.2,0
2025-11-03T17:15:00Z,259.4,22.79,0
2025-11-03T17:30:00Z,222.2,23.1,0
2025-11-03T17:45:00Z,145.3,22.51,0
2025-11-03T18:00:00Z,67.27,22.3,0
2025-11-03T18:15:00Z,12.11,20.62,0
2025-11-03T18:30:00Z,0.622,20.5,0
2025-11-03T18:45:00Z,0.006,20.5,0
2025-11-03T19:00:00Z,0,20.9,0
2025-11-03T19:15:00Z,0,20.5,0
2025-11-03T19:30:00Z,0,20.4,0
2025-11-03T19:45:00Z,0,20,0
2025-11-03T20:00:00Z,0,19.9,0
2025-11-03T20:15:00Z,0,19.8,0
2025-11-03T20:30:00Z,0,19.5,0
2025-11-03T20:45:00Z,0,19.4,0
2025-11-03T21:00:00Z,0,19.99,0
2025-11-03T21:15:00Z,0,20.4,0
2025-11-03T21:30:00Z,0,20.3,0
2025-11-03T21:45:00Z,0,20.3,0
2025-11-03T22:00:00Z,0,20.1,0
2025-11-03T22:15:00Z,0,19.7,0
2025-11-03T22:30:00Z,0,19.6,0
2025-11-03T22:45:00Z,0,19.9,0
2025-11-03T23:00:00Z,0,19.6,0
2025-11-03T23:15:00Z,0,19.7,0
2025-11-03T23:30:00Z,0,19.4,0
2025-11-03T23:45:00Z,0,19.3,0
2025-11-04T00:00:00Z,0,19.2,0
2025-11-04T00:15:00Z,0,19.3,0
2025-11-04T00:30:00Z,0,19.5,0
2025-11-04T00:45:00Z,0,19.6,0
2025-11-04T01:00:00Z,0,19.2,0
2025-11-04T01:15:00Z,0,19.3,0
2025-11-04T01:30:00Z,0,19.2,0
2025-11-04T01:45:00Z,0,18.8,0
2025-11-04T02:00:00Z,0,18.8,0
2025-11-04T02:15:00Z,0,18.5,0
2025-11-04T02:30:00Z,0,18.4,0
2025-11-04T02:45:00Z,0,18.4,0
2025-11-04T03:00:00Z,0,18.89,0
2025-11-04T03:15:00Z,0,18.9,0
2025-11-04T03:30:00Z,0,18.7,0
2025-11-04T03:45:00Z,0,18.6,0
2025-11-04T04:00:00Z,0,19,0
2025-11-04T08:15:00Z,0,18.4,0
2025-11-04T08:30:00Z,134.1,20,0
2025-11-04T08:45:00Z,185.5,20.49,0
2025-11-04T09:00:00Z,224.4,21.19,0
2025-11-04T09:15:00Z,204.3,21.4,0
2025-11-04T09:30:00Z,210.3,21.5,0
2025-11-04T09:45:00Z,259.4,21.5,0
2025-11-04T10:00:00Z,308.1,21.6,0
2025-11-04T10:15:00Z,487.8,21.9,0
2025-11-04T10:30:00Z,577.5,22.59,0
2025-11-04T10:45:00Z,615.4,23.29,0
2025-11-04T11:00:00Z,763.3,23.99,0
2025-11-04T11:15:00Z,1009,24.79,0
2025-11-04T11:30:00Z,1028,25.29,0
2025-11-04T11:45:00Z,782.9,25,0
2025-11-04T12:00:00Z,658.6,24.9,0
2025-11-04T12:15:00Z,727.4,25,0
2025-11-04T12:30:00Z,945,25.3,0
2025-11-04T12:45:00Z,934,25.1,0
2025-11-04T13:00:00Z,895,25,0
2025-11-04T13:15:00Z,915,25.3,0
2025-11-04T13:30:00Z,928,25.7,0
2025-11-04T13:45:00Z,920,26.1,0
2025-11-04T14:00:00Z,1009,26.4,0
2025-11-04T14:15:00Z,922,26.3,0
2025-11-04T14:30:00Z,950,26.5,0
2025-11-04T14:45:00Z,784.1,26.4,0
2025-11-04T15:00:00Z,392.7,26.2,0
2025-11-04T15:15:00Z,221.8,26,0
2025-11-04T15:30:00Z,381.8,25.7,0
2025-11-04T15:45:00Z,434.4,25.9,0
2025-11-04T16:00:00Z,133.5,25.5,0
2025-11-04T16:15:00Z,91.8,25.01,0
2025-11-04T16:30:00Z,71.92,21.84,181.6
2025-11-04T16:45:00Z,77.93,19.62,0
2025-11-04T17:00:00Z,101,20.19,0
2025-11-04T17:15:00Z,99.7,20.99,0
2025-11-04T17:30:00Z,132.5,21.59,0
2025-11-04T17:45:00Z,59.23,22,0
2025-11-04T18:00:00Z,30.55,22,0
2025-11-04T18:15:00Z,16.45,22,0
2025-11-04T18:30:00Z,2.159,22.2,0
2025-11-04T18:45:00Z,0.022,22,0
2025-11-04T19:00:00Z,0,21.8,0
2025-11-04T19:15:00Z,0,21.7,0
2025-11-04T19:30:00Z,0,21.4,0
2025-11-04T19:45:00Z,0,21.5,0
2025-11-04T20:00:00Z,0,21.3,0
2025-11-04T20:15:00Z,0,21.1,0
2025-11-04T20:30:00Z,0,20.9,0
2025-11-04T20:45:00Z,0,20.7,0
2025-11-04T21:00:00Z,0,20.6,0
2025-11-04T21:15:00Z,0,20.2,0
2025-11-04T21:30:00Z,0,19.9,0
2025-11-04T21:45:00Z,0,19.5,0
2025-11-04T22:00:00Z,0,19.4,0
2025-11-04T22:15:00Z,0,19.5,0
2025-11-04T22:30:00Z,0,19.5,0
2025-11-04T22:45:00Z,0,19.7,0
2025-11-04T23:00:00Z,0,19.6,0
2025-11-04T23:15:00Z,0,19.3,0
2025-11-04T23:30:00Z,0,19.3,0
2025-11-04T23:45:00Z,0,19.4,0
2025-11-05T00:00:00Z,0,19.2,0
2025-11-05T00:15:00Z,0,19.4,0
2025-11-05T00:30:00Z,0,19.5,0
2025-11-05T00:45:00Z,0,19.3,0
2025-11-05T01:00:00Z,0,19.5,0
2025-11-05T01:15:00Z,0,19.8,0
2025-11-05T01:30:00Z,0,19.8,0
2025-11-05T01:45:00Z,0,20,0
2025-11-05T02:00:00Z,0,20.2,0
2025-11-05T02:15:00Z,0,20.3,0
2025-11-05T02:30:00Z,0,20.2,0
2025-11-05T02:45:00Z,0,20,0
2025-11-05T03:00:00Z,0,19.7,0
2025-11-05T03:15:00Z,0,19.6,0
2025-11-05T03:30:00Z,0,19.5,0
2025-11-05T03:45:00Z,0,19.2,0
2025-11-05T04:00:00Z,0,19.1,0
2025-11-05T07:00:00Z,0,18.7,0
2025-11-05T08:00:00Z,59.7,20.8,0
2025-11-05T08:15:00Z,100.9,22.5,0
2025-11-05T08:30:00Z,115.9,22.5,0
2025-11-05T08:45:00Z,128.9,22.8,0
2025-11-05T09:00:00Z,154.3,23.29,0
2025-11-05T09:15:00Z,250.4,23.5,0
2025-11-05T09:30:00Z,278.3,23.9,0
2025-11-05T09:45:00Z,279.7,24.39,0
2025-11-05T10:00:00Z,326.9,24.6,0
2025-11-05T10:15:00Z,434.7,25.09,0
2025-11-05T10:30:00Z,582.2,25.79,0
2025-11-05T10:45:00Z,636.8,26.39,0
2025-11-05T11:00:00Z,677.5,26.7,0
2025-11-05T11:15:00Z,873,27.49,0
2025-11-05T11:30:00Z,775.7,27.8,0
2025-11-05T11:45:00Z,843,27.6,0
2025-11-05T12:00:00Z,824,28.09,0
2025-11-05T12:15:00Z,774.8,28.4,0
2025-11-05T12:30:00Z,890,28.4,0
2025-11-05T12:45:00Z,495.4,27.91,0
2025-11-05T13:00:00Z,435.8,28.2,0
2025-11-05T13:15:00Z,290.2,28.1,0
2025-11-05T13:30:00Z,349.8,27.61,0
2025-11-05T13:45:00Z,384.8,26.31,0
2025-11-05T14:00:00Z,474.5,25.81,0
2025-11-05T14:15:00Z,440.2,26.29,0
2025-11-05T14:30:00Z,208.3,25.41,0
2025-11-05T14:45:00Z,196.8,24.81,0
2025-11-05T15:00:00Z,413.1,24.8,0
2025-11-05T15:15:00Z,261.9,25.1,0
2025-11-05T15:30:00Z,164.1,25.3,0
2025-11-05T15:45:00Z,74,25,0
2025-11-05T16:00:00Z,22.27,20.55,181.6
2025-11-05T16:15:00Z,28.62,18.32,211.8
2025-11-05T16:30:00Z,34.14,18.4,60.52
2025-11-05T16:45:00Z,43.69,18.89,0
2025-11-05T17:00:00Z,42.42,19.3,0
2025-11-05T17:15:00Z,40.32,19.6,0
2025-11-05T17:30:00Z,44.85,19.9,0
2025-11-05T17:45:00Z,50.64,19.41,0
2025-11-05T18:00:00Z,34.68,19.7,0
2025-11-05T18:15:00Z,18.08,19.9,0
2025-11-05T18:30:00Z,5.539,20.39,0
2025-11-05T18:45:00Z,0.06,20.5,0
2025-11-05T19:00:00Z,0,20.3,0
2025-11-05T19:15:00Z,0,20,0
2025-11-05T19:30:00Z,0,20.1,0
2025-11-05T19:45:00Z,0,19.9,0
2025-11-05T20:00:00Z,0,19.8,0
2025-11-05T20:15:00Z,0,19.8,0
2025-11-05T20:30:00Z,0,19.5,0
2025-11-05T20:45:00Z,0,19.4,0
2025-11-05T21:00:00Z,0,19.4,0
2025-11-05T21:15:00Z,0,19.2,0
2025-11-05T21:30:00Z,0,19.4,0
2025-11-05T21:45:00Z,0,19.7,0
2025-11-05T22:00:00Z,0,19.5,0
2025-11-05T22:15:00Z,0,19.7,0
2025-11-05T22:30:00Z,0,19.5,0
2025-11-05T22:45:00Z,0,19.3,0
2025-11-05T23:00:00Z,0,19.2,0
2025-11-05T23:15:00Z,0,18.9,0
2025-11-05T23:30:00Z,0,19.1,0
2025-11-05T23:45:00Z,0,18.9,0
2025-11-06T00:00:00Z,0,19,0
2025-11-06T00:15:00Z,0,18.7,0
2025-11-06T00:30:00Z,0,18.7,0
2025-11-06T00:45:00Z,0,18.8,0
2025-11-06T01:00:00Z,0,18.6,0
2025-11-06T01:15:00Z,0,18.7,0
2025-11-06T01:30:00Z,0,18.6,0
2025-11-06T01:45:00Z,0,18.3,0
2025-11-06T02:00:00Z,0,18.5,0
2025-11-06T02:15:00Z,0,19.19,0
2025-11-06T02:30:00Z,0,19.2,0
2025-11-06T02:45:00Z,0,20.68,0
2025-11-06T03:00:00Z,0,20.11,0
2025-11-06T03:15:00Z,0,19.51,0
2025-11-06T03:30:00Z,0,19.6,0
2025-11-06T03:45:00Z,0,19.11,0
2025-11-06T04:00:00Z,0,18.7,0
2025-11-06T04:15:00Z,0,18.4,0
2025-11-06T04:30:00Z,0,18.3,0
2025-11-06T06:45:00Z,80.8,19.8,0
2025-11-06T07:00:00Z,168.5,21.5,0
2025-11-06T07:15:00Z,189.7,21.9,0
2025-11-06T07:30:00Z,241.8,22.39,0
2025-11-06T07:45:00Z,219.9,23.09,0
2025-11-06T08:00:00Z,312.7,23.99,0
2025-11-06T08:15:00Z,399.1,24.59,0
2025-11-06T08:30:00Z,356.5,24.5,0
2025-11-06T08:45:00Z,512,25.19,0
2025-11-06T09:00:00Z,517.4,25.5,0
2025-11-06T09:15:00Z,607.8,25.7,0
2025-11-06T09:30:00Z,643.6,26,0
2025-11-06T09:45:00Z,635.4,26,0
2025-11-06T10:00:00Z,681.2,26.2,0
2025-11-06T10:15:00Z,746.9,26.69,0
2025-11-06T10:30:00Z,818,27.19,0
2025-11-06T10:45:00Z,609.7,26.8,0
2025-11-06T11:00:00Z,476,26.31,0
2025-11-06T11:15:00Z,931,27.09,0
2025-11-06T11:30:00Z,950,27.3,0
2025-11-06T11:45:00Z,1110,27.5,0
2025-11-06T12:00:00Z,932,27.5,0
2025-11-06T12:15:00Z,459.3,27.2,0
2025-11-06T12:30:00Z,283.5,26.71,0
2025-11-06T12:45:00Z,341.3,26.9,0
2025-11-06T13:00:00Z,476.4,27.1,0
2025-11-06T13:15:00Z,932,28.29,0
2025-11-06T13:30:00Z,245.6,27.41,0
2025-11-06T13:45:00Z,566.1,27.5,0
2025-11-06T14:00:00Z,1031,28.49,0
2025-11-06T14:15:00Z,1032,28.99,0
2025-11-06T14:30:00Z,868,29.3,0
2025-11-06T15:00:00Z,433.8,27.7,0
2025-11-06T15:30:00Z,198.8,27.3,0
2025-11-06T18:00:00Z,228.2,26.9,0
2025-11-06T18:15:00Z,14.3,25.5,0
2025-11-06T18:30:00Z,1.939,25.1,0
2025-11-06T18:45:00Z,0.02,24.41,0
2025-11-06T19:00:00Z,0,23.91,0
2025-11-06T19:15:00Z,0,23.7,0
2025-11-06T19:30:00Z,0,23.4,0
2025-11-06T19:45:00Z,0,23.3,0
2025-11-06T20:00:00Z,0,23.3,0
2025-11-06T20:15:00Z,0,23,0
2025-11-06T20:30:00Z,0,23,0
2025-11-06T20:45:00Z,0,23.1,0
2025-11-06T21:00:00Z,0,22.9,0
2025-11-06T21:15:00Z,0,21.42,90.8
2025-11-06T21:30:00Z,0,21.5,30.26
2025-11-06T21:45:00Z,0,19.72,121
2025-11-06T22:00:00Z,0,20.19,0
2025-11-06T22:15:00Z,0,21.29,0
2025-11-06T22:30:00Z,0,21.6,0
2025-11-06T22:45:00Z,0,20.71,0
2025-11-06T23:00:00Z,0,20.21,0
2025-11-06T23:15:00Z,0,20.6,0
2025-11-06T23:30:00Z,0,20.3,0
2025-11-06T23:45:00Z,0,20.1,0
2025-11-07T00:00:00Z,0,20.1,0
2025-11-07T00:15:00Z,0,20.3,0
2025-11-07T00:30:00Z,0,20.3,0
2025-11-07T00:45:00Z,0,20.4,0
2025-11-07T01:00:00Z,0,20.6,0
2025-11-07T01:15:00Z,0,20.4,0
2025-11-07T01:30:00Z,0,20.2,0
2025-11-07T01:45:00Z,0,19.9,0
2025-11-07T02:00:00Z,0,19.8,0
2025-11-07T02:15:00Z,0,20.2,0
2025-11-07T02:30:00Z,0,20.5,0
2025-11-07T02:45:00Z,0,20.5,0
2025-11-07T03:00:00Z,0,20.5,0
2025-11-07T03:15:00Z,0,20.5,0
2025-11-07T03:30:00Z,0,20.4,0
2025-11-07T03:45:00Z,0,20.4,0
2025-11-07T04:00:00Z,0,20.6,0
2025-11-07T04:15:00Z,0,20.4,0
2025-11-07T04:30:00Z,0,20.4,0
2025-11-07T04:45:00Z,0,20.3,0
2025-11-07T05:00:00Z,0,20.5,0
2025-11-07T05:15:00Z,0,20.3,0
2025-11-07T05:30:00Z,0,20.2,0
2025-11-07T05:45:00Z,0,20.1,0
2025-11-07T06:00:00Z,8.31,19.9,0
2025-11-07T06:15:00Z,39.55,20,0
2025-11-07T06:30:00Z,61.26,20.59,0
2025-11-07T06:45:00Z,112.7,21.49,0
2025-11-07T07:00:00Z,135.8,21.7,0
2025-11-07T07:15:00Z,171.6,21.7,0
2025-11-07T07:30:00Z,227.3,21.9,0
2025-11-07T07:45:00Z,254.1,22.1,0
2025-11-07T08:00:00Z,285.6,22.2,0
2025-11-07T08:15:00Z,347.2,22.4,0
2025-11-07T08:30:00Z,298.3,22.1,0
2025-11-07T08:45:00Z,242.4,22,0
2025-11-07T09:00:00Z,301.2,22.2,0
2025-11-07T09:15:00Z,547.8,23.09,0
2025-11-07T09:30:00Z,510.6,23.1,0
2025-11-07T09:45:00Z,523.2,23.2,0
2025-11-07T10:00:00Z,636.2,23.79,0
2025-11-07T10:15:00Z,618.9,23.8,0
2025-11-07T10:30:00Z,775.9,24.59,0
2025-11-07T10:45:00Z,570.6,24.11,0
2025-11-07T11:00:00Z,512.1,24,0
2025-11-07T11:15:00Z,655.7,24.4,0
2025-11-07T11:30:00Z,923,24.99,0
2025-11-07T11:45:00Z,593.8,24.6,0
2025-11-07T12:00:00Z,742.3,24.8,0
2025-11-07T12:15:00Z,837,24.9,0
2025-11-07T12:30:00Z,830,25.3,0
2025-11-07T12:45:00Z,552.1,25,0
2025-11-07T13:00:00Z,206.5,21.24,30.26
2025-11-07T13:15:00Z,452.8,20.51,30.26
2025-11-07T13:30:00Z,717.5,22.38,0
2025-11-07T13:45:00Z,827,24.08,0
2025-11-07T14:00:00Z,434,24.2,0
2025-11-07T14:15:00Z,787.4,25.09,0
2025-11-07T14:30:00Z,815,25.1,0
2025-11-07T14:45:00Z,534.8,24.9,0
2025-11-07T15:00:00Z,545.2,24.7,0
2025-11-07T15:15:00Z,324.3,24.01,0
2025-11-07T15:30:00Z,239.1,23.7,0
2025-11-07T15:45:00Z,104.8,23.3,0
2025-11-07T16:00:00Z,129,22.21,0
2025-11-07T16:15:00Z,187.5,22.5,0
2025-11-07T16:30:00Z,194,22.8,0
2025-11-07T16:45:00Z,179.1,22.9,0
2025-11-07T17:00:00Z,132.2,23,0
2025-11-07T17:15:00Z,104.6,22.9,0
2025-11-07T17:30:00Z,107.3,22.8,0
2025-11-07T17:45:00Z,73.97,22.6,0
2025-11-07T18:00:00Z,39.78,22.6,0
2025-11-07T18:15:00Z,19.82,22.4,0
2025-11-07T18:30:00Z,3.778,22.1,0
2025-11-07T18:45:00Z,0.04,21.8,0
2025-11-07T19:00:00Z,0,21.5,0
2025-11-07T19:15:00Z,0,21.5,0
2025-11-07T19:30:00Z,0,21.5,0
2025-11-07T19:45:00Z,0,21.5,0
2025-11-07T20:00:00Z,0,21.5,0
2025-11-07T20:15:00Z,0,21.5,0
2025-11-07T20:30:00Z,0,21.4,0
2025-11-07T20:45:00Z,0,21.4,0
2025-11-07T21:00:00Z,0,21.3,0
2025-11-07T21:15:00Z,0,21.5,0
2025-11-07T21:30:00Z,0,21.5,0
2025-11-07T21:45:00Z,0,21.6,0
2025-11-07T22:00:00Z,0,21.6,0
2025-11-07T22:15:00Z,0,21.5,0
2025-11-07T22:30:00Z,0,21.3,0
2025-11-07T22:45:00Z,0,21.4,0
2025-11-07T23:00:00Z,0,21.3,0
2025-11-07T23:15:00Z,0,21.4,0
2025-11-07T23:30:00Z,0,21.6,0
2025-11-07T23:45:00Z,0,21.3,0
2025-11-08T00:00:00Z,0,21.2,0
2025-11-08T00:15:00Z,0,21.1,0
2025-11-08T00:30:00Z,0,21,0
2025-11-08T00:45:00Z,0,20.9,0
2025-11-08T01:00:00Z,0,20.5,0
2025-11-08T01:15:00Z,0,20.5,0
2025-11-08T01:30:00Z,0,20.6,0
2025-11-08T01:45:00Z,0,20.9,0
2025-11-08T02:00:00Z,0,20.9,0
2025-11-08T02:15:00Z,0,20.9,0
2025-11-08T02:30:00Z,0,21,0
2025-11-08T02:45:00Z,0,20.9,0
2025-11-08T03:00:00Z,0,20.7,0
2025-11-08T03:15:00Z,0,20.6,0
2025-11-08T03:30:00Z,0,20.5,0
2025-11-08T03:45:00Z,0,20.6,0
2025-11-08T04:00:00Z,0,20.6,0
2025-11-08T04:15:00Z,0,20.5,0
2025-11-08T04:30:00Z,0,20.5,0
2025-11-08T04:45:00Z,0,20.4,0
2025-11-08T05:00:00Z,0,20.3,0
2025-11-08T05:15:00Z,0,20.4,0
2025-11-08T05:30:00Z,0,20.5,0
2025-11-08T05:45:00Z,0,20.5,0
2025-11-08T06:00:00Z,0,20.4,0
2025-11-08T06:15:00Z,10.38,20.4,0
2025-11-08T06:30:00Z,29.68,20.5,0
2025-11-08T06:45:00Z,53.44,20.9,0
2025-11-08T07:00:00Z,73.68,21,0
2025-11-08T07:15:00Z,69.94,21,0
2025-11-08T07:30:00Z,89,21,0
2025-11-08T07:45:00Z,122.5,21.1,0
2025-11-08T08:00:00Z,170.5,21.2,0
2025-11-08T08:15:00Z,189.6,21.3,0
2025-11-08T08:30:00Z,150,21.5,0
2025-11-08T08:45:00Z,248,21.6,0
2025-11-08T09:00:00Z,293.2,21.9,0
2025-11-08T09:15:00Z,223.2,22,0
2025-11-08T09:30:00Z,243.9,21.8,0
2025-11-08T09:45:00Z,241.4,21.9,0
2025-11-08T10:00:00Z,247,22,0
2025-11-08T10:15:00Z,287.6,22.1,0
2025-11-08T10:30:00Z,291,22,0
2025-11-08T10:45:00Z,306,22.2,0
2025-11-08T11:00:00Z,353.1,22.5,0
2025-11-08T11:15:00Z,461.5,22.7,0
2025-11-08T11:30:00Z,521.1,23.39,0
2025-11-08T11:45:00Z,539,23.5,0
2025-11-08T12:00:00Z,504.4,23.6,0
2025-11-08T12:15:00Z,587.1,23.9,0
2025-11-08T12:30:00Z,902,24.59,0
2025-11-08T12:45:00Z,710.2,24.4,0
2025-11-08T13:00:00Z,540.1,24.3,0
2025-11-08T13:15:00Z,716.1,24.5,0
2025-11-08T13:30:00Z,694.5,24.6,0
2025-11-08T13:45:00Z,848,25,0
2025-11-08T14:00:00Z,844,25.4,0
2025-11-08T14:15:00Z,908,25.5,0
2025-11-08T14:30:00Z,919,25.9,0
2025-11-08T14:45:00Z,785.8,25.6,0
2025-11-08T15:00:00Z,815,25.7,0
2025-11-08T15:15:00Z,720.6,26,0
2025-11-08T15:30:00Z,732.7,26.3,0
2025-11-08T15:45:00Z,461.3,26,0
2025-11-08T16:00:00Z,168.6,22.34,0
2025-11-08T16:15:00Z,68.09,21.11,0
2025-11-08T16:30:00Z,46.43,20.61,30.26
2025-11-08T16:45:00Z,14.75,20.01,60.52
2025-11-08T17:00:00Z,0.654,19.21,302.6
2025-11-08T17:15:00Z,4.554,18.8,60.52
2025-11-08T17:30:00Z,8.65,19.29,0
2025-11-08T17:45:00Z,14.14,19.5,0
2025-11-08T18:00:00Z,13.41,19.7,0
2025-11-08T18:15:00Z,6.181,19.9,0
2025-11-08T18:30:00Z,0.068,19.7,0
2025-11-08T18:45:00Z,0,19.8,0
2025-11-08T19:00:00Z,0,19.8,0
2025-11-08T19:15:00Z,0,19.7,0
2025-11-08T19:30:00Z,0,20,0
2025-11-08T19:45:00Z,0,20.2,0
2025-11-08T20:00:00Z,0,20,0
2025-11-08T20:15:00Z,0,20.2,0
2025-11-08T20:30:00Z,0,20.1,0
2025-11-08T20:45:00Z,0,20,0
2025-11-08T21:00:00Z,0,20,0
2025-11-08T21:15:00Z,0,20.1,0
2025-11-08T21:30:00Z,0,20,0
2025-11-08T21:45:00Z,0,20.1,0
2025-11-08T22:00:00Z,0,20.2,0
2025-11-08T22:15:00Z,0,20.3,0
2025-11-08T22:30:00Z,0,20.4,0
2025-11-08T22:45:00Z,0,20.1,0
2025-11-08T23:00:00Z,0,20.2,0
2025-11-08T23:15:00Z,0,19.8,0
2025-11-08T23:30:00Z,0,19.4,0
2025-11-08T23:45:00Z,0,19.8,0
2025-11-09T00:00:00Z,0,19.9,0
2025-11-09T00:15:00Z,0,19.7,0
2025-11-09T00:30:00Z,0,19.8,0
2025-11-09T00:45:00Z,0,20,0
2025-11-09T01:00:00Z,0,19.9,0
2025-11-09T01:15:00Z,0,19.9,0
2025-11-09T01:30:00Z,0,20.1,0
2025-11-09T01:45:00Z,0,19.9,0
2025-11-09T02:00:00Z,0,20.2,0
2025-11-09T02:15:00Z,0,20.1,0
2025-11-09T02:30:00Z,0,20.1,0
2025-11-09T02:45:00Z,0,20.2,0
2025-11-09T03:00:00Z,0,20.3,0
2025-11-09T03:15:00Z,0,20.4,0
2025-11-09T03:30:00Z,0,20.8,0
2025-11-09T03:45:00Z,0,20.5,0
2025-11-09T04:00:00Z,0,20.2,0
2025-11-09T04:15:00Z,0,20,0
2025-11-09T04:30:00Z,0,20,0
2025-11-09T04:45:00Z,0,20,0
2025-11-09T05:00:00Z,0,20.1,0
2025-11-09T05:15:00Z,0,20,0
2025-11-09T05:30:00Z,0,20,0
2025-11-09T05:45:00Z,0,19.9,0
2025-11-09T06:00:00Z,0,19.9,0
2025-11-09T06:15:00Z,4.351,19.7,0
2025-11-09T06:30:00Z,9.15,19.6,0
2025-11-09T06:45:00Z,23.14,19.5,0
2025-11-09T07:00:00Z,31.61,19.4,0
2025-11-09T07:15:00Z,35.46,19.5,0
2025-11-09T07:30:00Z,49.94,19.5,0
2025-11-09T07:45:00Z,84.6,19.7,0
2025-11-09T08:00:00Z,130.8,19.9,0
2025-11-09T08:15:00Z,173.3,20.2,0
2025-11-09T08:30:00Z,210,20.6,0
2025-11-09T08:45:00Z,257.4,21.09,0
2025-11-09T09:00:00Z,317.3,21.79,0
2025-11-09T09:15:00Z,348.1,22.49,0
2025-11-09T09:30:00Z,434.4,23.19,0
2025-11-09T09:45:00Z,531.9,24.09,0
2025-11-09T10:00:00Z,553.1,24.3,0
2025-11-09T10:15:00Z,610.3,24.6,0
2025-11-09T10:30:00Z,758.5,25.19,0
2025-11-09T10:45:00Z,813,25.3,0
2025-11-09T11:00:00Z,1024,25.99,0
2025-11-09T11:15:00Z,1077,26.49,0
2025-11-09T11:30:00Z,1103,26.5,0
2025-11-09T11:45:00Z,938,26.7,0
2025-11-09T12:00:00Z,1117,26.6,0
2025-11-09T12:15:00Z,866,26.7,0
2025-11-09T12:30:00Z,628.3,26.01,0
2025-11-09T12:45:00Z,709.1,25.6,0
2025-11-09T13:00:00Z,672.4,26,0
2025-11-09T13:15:00Z,564.9,26.2,0
2025-11-09T13:30:00Z,553.8,25.9,0
2025-11-09T13:45:00Z,726,26.39,0
2025-11-09T14:00:00Z,676.2,26.6,0
2025-11-09T14:15:00Z,476.2,26.3,0
2025-11-09T14:30:00Z,432.2,25.9,0
2025-11-09T14:45:00Z,838,26.69,0
2025-11-09T15:00:00Z,731.4,26.9,0
2025-11-09T15:15:00Z,628.8,27.1,0
2025-11-09T15:30:00Z,526,26.8,0
2025-11-09T15:45:00Z,550.3,27.1,0
2025-11-09T16:00:00Z,736.2,27.69,0
2025-11-09T16:15:00Z,588.2,27.7,0
2025-11-09T16:30:00Z,509.2,27.5,0
2025-11-09T16:45:00Z,544.7,27.8,0
2025-11-09T17:00:00Z,403.1,27.31,0
2025-11-09T17:15:00Z,298.6,26.71,0
2025-11-09T17:30:00Z,367.9,26.9,0
2025-11-09T17:45:00Z,310,26.8,0
2025-11-09T18:00:00Z,189.8,26.6,0
2025-11-09T18:15:00Z,58.76,26.01,0
2025-11-09T18:30:00Z,22,25.51,0
2025-11-09T18:45:00Z,0.833,25.1,0
2025-11-09T19:00:00Z,0.007,24.9,0
2025-11-09T19:15:00Z,0,24.6,0
2025-11-09T19:30:00Z,0,23.91,0
2025-11-09T19:45:00Z,0,23.11,0
2025-11-09T20:00:00Z,0,22.7,0
2025-11-09T20:15:00Z,0,22.7,0
2025-11-09T20:30:00Z,0,22.4,0
2025-11-09T20:45:00Z,0,22.1,0
2025-11-09T21:00:00Z,0,22,0
2025-11-09T21:15:00Z,0,21.9,0
2025-11-09T21:30:00Z,0,21.7,0
2025-11-09T21:45:00Z,0,21.3,0
2025-11-09T22:00:00Z,0,21.1,0
2025-11-09T22:15:00Z,0,21.2,0
2025-11-09T22:30:00Z,0,21,0
2025-11-09T22:45:00Z,0,20.7,0
2025-11-09T23:00:00Z,0,20.4,0
2025-11-09T23:15:00Z,0,20.1,0
2025-11-09T23:30:00Z,0,20.1,0
2025-11-09T23:45:00Z,0,19.9,0
2025-11-10T00:00:00Z,0,20.39,0
2025-11-10T00:15:00Z,0,20.5,0
2025-11-10T00:30:00Z,0,20.2,0
2025-11-10T00:45:00Z,0,20.2,0
2025-11-10T01:00:00Z,0,19.8,0
2025-11-10T01:15:00Z,0,19.6,0
2025-11-10T01:30:00Z,0,19.4,0
2025-11-10T01:45:00Z,0,19.4,0
2025-11-10T02:00:00Z,0,19.5,0
2025-11-10T02:15:00Z,0,19.7,0
2025-11-10T02:30:00Z,0,19.5,0
2025-11-10T02:45:00Z,0,19.4,0
2025-11-10T03:00:00Z,0,19.2,0
2025-11-10T03:15:00Z,0,19.1,0
2025-11-10T03:30:00Z,0,19,0
2025-11-10T03:45:00Z,0,19,0
2025-11-10T04:00:00Z,0,19.49,0
2025-11-10T04:15:00Z,0,20.19,0
2025-11-10T04:30:00Z,0,20.2,0
2025-11-10T04:45:00Z,0,19.8,0
2025-11-10T05:00:00Z,0,20,0
2025-11-10T05:15:00Z,0,19.9,0
2025-11-10T05:30:00Z,0,20.2,0
2025-11-10T05:45:00Z,0,20.2,0
2025-11-10T06:00:00Z,3.857,20.4,0
2025-11-10T06:15:00Z,17.55,20.8,0
2025-11-10T06:30:00Z,32.43,21.59,0
2025-11-10T06:45:00Z,72.45,22.29,0
2025-11-10T07:00:00Z,107.9,22.79,0
2025-11-10T07:15:00Z,141.7,23.2,0
2025-11-10T07:30:00Z,183.4,23.6,0
2025-11-10T07:45:00Z,226.8,23.9,0
2025-11-10T08:00:00Z,272.7,24.49,0
2025-11-10T08:15:00Z,323.2,24.9,0
2025-11-10T08:30:00Z,373.3,25.49,0
2025-11-10T08:45:00Z,426.3,26.29,0
2025-11-10T09:00:00Z,471.3,26.4,0
2025-11-10T09:15:00Z,511.8,26.5,0
2025-11-10T09:30:00Z,556.3,26.6,0
2025-11-10T09:45:00Z,596.2,27,0
2025-11-10T10:00:00Z,646.1,27.1,0
2025-11-10T10:15:00Z,703.3,27.59,0
2025-11-10T10:30:00Z,692.8,27.5,0
2025-11-10T10:45:00Z,814,27.8,0
2025-11-10T11:00:00Z,784.3,27.8,0
2025-11-10T11:15:00Z,518,27.7,0
2025-11-10T11:30:00Z,367.4,27.4,0
2025-11-10T11:45:00Z,454.9,27.6,0
2025-11-10T12:00:00Z,517.1,27.7,0
2025-11-10T12:15:00Z,558.4,28,0
2025-11-10T12:30:00Z,285.1,27.7,0
2025-11-10T12:45:00Z,106.6,27.21,0
2025-11-10T13:00:00Z,43.49,26.31,0
2025-11-10T13:15:00Z,32.71,20.96,60.52
2025-11-10T13:30:00Z,31.31,17.04,1.513
2025-11-10T13:45:00Z,22.8,19.37,0
2025-11-10T14:00:00Z,28.24,17.82,270.8
2025-11-10T14:15:00Z,58.26,17.9,121
2025-11-10T14:30:00Z,106.5,18.79,0
2025-11-10T14:45:00Z,164.8,18.5,0
2025-11-10T15:00:00Z,248.4,20.38,0
2025-11-10T15:15:00Z,270.6,21.59,0
2025-11-10T15:30:00Z,323.5,22.49,0
2025-11-10T15:45:00Z,403.6,23.19,0
2025-11-10T16:00:00Z,376.1,23.2,0
2025-11-10T16:15:00Z,320.5,23.89,0
2025-11-10T16:30:00Z,89.8,21.53,0
2025-11-10T16:45:00Z,68.81,20.41,0
2025-11-10T17:00:00Z,28.75,20.2,0
2025-11-10T17:15:00Z,21.58,20.4,0
2025-11-10T17:30:00Z,14.28,20.5,0
2025-11-10T17:45:00Z,7.673,20.5,0
2025-11-10T18:00:00Z,0.183,20.2,0
2025-11-10T18:15:00Z,0.001,19.61,30.26
2025-11-10T18:30:00Z,0,20,0
2025-11-10T18:45:00Z,0,20.99,0
2025-11-10T19:00:00Z,0,21.49,0
2025-11-10T19:15:00Z,0,21.4,0
2025-11-10T19:30:00Z,0,21,0
2025-11-10T19:45:00Z,0,20.8,0
2025-11-10T20:00:00Z,0,20.31,0
2025-11-10T20:15:00Z,0,20.6,0
2025-11-10T20:30:00Z,0,20.7,0
2025-11-10T20:45:00Z,0,21.1,0
2025-11-10T21:00:00Z,0,20.31,0
2025-11-10T21:15:00Z,0,20.1,0
2025-11-10T21:30:00Z,0,20.2,0
2025-11-10T21:45:00Z,0,20.1,0
2025-11-10T22:00:00Z,0,20.4,0
2025-11-10T22:15:00Z,0,21.09,0
2025-11-10T22:30:00Z,0,21.2,0
2025-11-10T22:45:00Z,0,21.4,0
2025-11-10T23:00:00Z,0,21.5,0
2025-11-10T23:15:00Z,0,21.99,0
2025-11-10T23:30:00Z,0,21.51,0
2025-11-10T23:45:00Z,0,21.1,0
2025-11-11T00:00:00Z,0,20.61,0
2025-11-11T00:15:00Z,0,20.3,0
2025-11-11T00:30:00Z,0,20.1,0
2025-11-11T00:45:00Z,0,19.9,0
2025-11-11T01:00:00Z,0,19.6,0
2025-11-11T01:15:00Z,0,19.7,0
2025-11-11T01:30:00Z,0,19.8,0
2025-11-11T01:45:00Z,0,19.6,0
2025-11-11T02:00:00Z,0,19.4,0
2025-11-11T02:15:00Z,0,19.3,0
2025-11-11T02:30:00Z,0,19.4,0
2025-11-11T02:45:00Z,0,19.2,0
2025-11-11T03:00:00Z,0,19.2,0
2025-11-11T03:15:00Z,0,18.8,0
2025-11-11T03:30:00Z,0,18.7,0
2025-11-11T03:45:00Z,0,18.6,0
2025-11-11T04:00:00Z,0,18.6,0
2025-11-11T04:15:00Z,0,18.6,0
2025-11-11T04:30:00Z,0,18.7,0
2025-11-11T04:45:00Z,0,19,0
2025-11-11T05:00:00Z,0,18.9,0
2025-11-11T05:15:00Z,0,19,0
2025-11-11T05:30:00Z,0,19.1,0
2025-11-11T05:45:00Z,0,19,0
2025-11-11T06:00:00Z,0,18.9,0
2025-11-11T06:15:00Z,7.516,19.2,0
2025-11-11T06:30:00Z,11.16,19.5,0
2025-11-11T06:45:00Z,12.09,19.8,0
2025-11-11T07:00:00Z,68.57,19.9,0
2025-11-11T07:15:00Z,127.3,20.59,0
2025-11-11T07:30:00Z,146.6,21,0
2025-11-11T07:45:00Z,160.5,21.4,0
2025-11-11T08:00:00Z,162.2,21.7,0
2025-11-11T08:15:00Z,214.5,21.9,0
2025-11-11T08:30:00Z,388.4,22.99,0
2025-11-11T08:45:00Z,444.2,23.4,0
2025-11-11T09:00:00Z,606.7,24.09,0
2025-11-11T09:15:00Z,537.1,24.3,0
2025-11-11T09:30:00Z,416.1,24,0
2025-11-11T09:45:00Z,245.2,23.7,0
2025-11-11T10:00:00Z,311.6,23.9,0
2025-11-11T10:15:00Z,298,24,0
2025-11-11T10:30:00Z,287,24.3,0
2025-11-11T10:45:00Z,359.5,24.5,0
2025-11-11T11:00:00Z,341.8,24.8,0
2025-11-11T11:15:00Z,386.4,24.7,0
2025-11-11T11:30:00Z,202.1,24.3,0
2025-11-11T11:45:00Z,157.3,24.2,0
2025-11-11T12:00:00Z,638.2,24.79,0
2025-11-11T12:15:00Z,711.1,25.2,0
2025-11-11T12:30:00Z,710.7,25.89,0
2025-11-11T12:45:00Z,760.2,26.2,0
2025-11-11T13:00:00Z,681.5,25.8,0
2025-11-11T13:15:00Z,429.8,25.7,0
2025-11-11T13:30:00Z,815,26.39,0
2025-11-11T13:45:00Z,771.8,26.99,0
2025-11-11T14:00:00Z,897,26.51,0
2025-11-11T14:15:00Z,582.6,25.91,0
2025-11-11T14:30:00Z,602.8,25.21,0
2025-11-11T14:45:00Z,655.9,25.6,0
2025-11-11T15:00:00Z,229.5,24.22,0
2025-11-11T15:15:00Z,197.3,24.69,0
2025-11-11T15:30:00Z,233.7,25.19,0
2025-11-11T15:45:00Z,313.2,25.6,0
2025-11-11T16:00:00Z,294,25.2,0
2025-11-11T16:15:00Z,199.4,24.51,0
2025-11-11T16:30:00Z,133.3,24.7,0
2025-11-11T16:45:00Z,120.4,24.4,0
2025-11-11T17:00:00Z,133,24.5,0
2025-11-11T17:15:00Z,147.9,24.7,0
2025-11-11T17:30:00Z,92.6,25,0
2025-11-11T17:45:00Z,56,24.9,0
2025-11-11T18:00:00Z,44.72,24.5,0
2025-11-11T18:15:00Z,42.82,24.3,0
2025-11-11T18:30:00Z,7.991,24.1,0
2025-11-11T18:45:00Z,0.084,23.61,0
2025-11-11T19:00:00Z,0,23.01,0
2025-11-11T19:15:00Z,0,22.51,0
2025-11-11T19:30:00Z,0,21.81,0
2025-11-11T19:45:00Z,0,21.6,0
2025-11-11T20:00:00Z,0,21.4,0
2025-11-11T20:15:00Z,0,21.7,0
2025-11-11T20:30:00Z,0,21.7,0
2025-11-11T20:45:00Z,0,21.4,0
2025-11-11T21:00:00Z,0,21.1,0
2025-11-11T21:15:00Z,0,21.3,0
2025-11-11T21:30:00Z,0,20.81,0
2025-11-11T21:45:00Z,0,20.31,0
2025-11-11T22:00:00Z,0,20.79,0
2025-11-11T22:15:00Z,0,21.59,0
2025-11-11T22:30:00Z,0,21.01,0
2025-11-11T22:45:00Z,0,21,0
2025-11-11T23:00:00Z,0,20.8,0
2025-11-11T23:15:00Z,0,20.7,0
2025-11-11T23:30:00Z,0,20.9,0
2025-11-11T23:45:00Z,0,20.9,0
2025-11-12T00:00:00Z,0,20.01,0
2025-11-12T00:15:00Z,0,20,30.26
2025-11-12T00:30:00Z,0,20.69,0
2025-11-12T00:45:00Z,0,21.1,0
2025-11-12T01:00:00Z,0,21,0
2025-11-12T01:15:00Z,0,20.6,0
2025-11-12T01:30:00Z,0,20.01,0
2025-11-12T01:45:00Z,0,19.9,0
2025-11-12T02:00:00Z,0,19.7,0
2025-11-12T02:15:00Z,0,19.01,0
2025-11-12T02:30:00Z,0,18.9,0
2025-11-12T02:45:00Z,0,18.7,0
2025-11-12T03:00:00Z,0,19.1,0
2025-11-12T03:15:00Z,0,19.2,0
2025-11-12T03:30:00Z,0,18.8,0
2025-11-12T03:45:00Z,0,18.8,0
2025-11-12T04:00:00Z,0,18.8,0
2025-11-12T04:15:00Z,0,18.5,0
2025-11-12T04:30:00Z,0,18.8,0
2025-11-12T04:45:00Z,0,19.2,0
2025-11-12T05:00:00Z,0,19.3,0
2025-11-12T05:15:00Z,0,18.9,0
2025-11-12T05:30:00Z,0,19.3,0
2025-11-12T05:45:00Z,0,19.3,0
2025-11-12T06:00:00Z,9.79,19.4,0
2025-11-12T06:15:00Z,35.91,19.8,0
2025-11-12T06:30:00Z,62.41,20,0
2025-11-12T06:45:00Z,78.92,20.3,0
2025-11-12T07:00:00Z,136.2,20.79,0
2025-11-12T07:15:00Z,228.1,21.29,0
2025-11-12T07:30:00Z,282,21.6,0
2025-11-12T07:45:00Z,295.4,21.9,0
2025-11-12T08:00:00Z,308.1,22.1,0
2025-11-12T08:15:00Z,334,22.4,0
2025-11-12T08:30:00Z,392.8,22.5,0
2025-11-12T08:45:00Z,525.9,23.39,0
2025-11-12T09:00:00Z,540,23.99,0
2025-11-12T09:15:00Z,569.2,24.69,0
2025-11-12T09:30:00Z,565.6,25.1,0
2025-11-12T09:45:00Z,670.5,25.5,0
2025-11-12T10:00:00Z,483.8,25.01,0
2025-11-12T10:15:00Z,757.9,25.59,0
2025-11-12T10:30:00Z,832,26.19,0
2025-11-12T10:45:00Z,965,26.89,0
2025-11-12T11:00:00Z,1087,27.2,0
2025-11-12T11:15:00Z,1176,27,0
2025-11-12T11:30:00Z,366.3,25.52,0
2025-11-12T11:45:00Z,675.9,25.5,0
2025-11-12T12:00:00Z,490.3,25.5,0
2025-11-12T12:15:00Z,232.1,25.3,0
2025-11-12T12:30:00Z,212.4,25,0
2025-11-12T12:45:00Z,553.7,25.49,0
2025-11-12T13:00:00Z,1072,27.08,0
2025-11-12T13:15:00Z,583.1,26.61,0
2025-11-12T13:30:00Z,155.6,26.01,0
2025-11-12T13:45:00Z,72.88,25.01,0
2025-11-12T14:00:00Z,129.8,23.52,1.513
2025-11-12T14:15:00Z,587.9,22.02,0
2025-11-12T14:30:00Z,934,23.29,0
2025-11-12T14:45:00Z,667.9,23.99,0
2025-11-12T15:00:00Z,764.7,24.79,0
2025-11-12T15:15:00Z,848,25.59,0
2025-11-12T15:30:00Z,761.2,26.19,0
2025-11-12T15:45:00Z,662.1,26.69,0
2025-11-12T16:00:00Z,614.5,27,0
2025-11-12T16:15:00Z,301.3,26.11,0
2025-11-12T16:30:00Z,149,25.51,0
2025-11-12T16:45:00Z,162.9,25.1,0
2025-11-12T17:00:00Z,136.9,24.9,0
2025-11-12T17:15:00Z,116.1,24.7,0
2025-11-12T17:30:00Z,118.2,24.7,0
2025-11-12T17:45:00Z,100.4,24.5,0
2025-11-12T18:00:00Z,72.31,24.4,0
2025-11-12T18:15:00Z,40.45,24.3,0
2025-11-12T18:30:00Z,12.21,23.9,0
2025-11-12T18:45:00Z,0.132,23.6,0
2025-11-12T19:00:00Z,0,22.41,0
2025-11-12T19:15:00Z,0,21.51,0
2025-11-12T19:30:00Z,0,20.71,0
2025-11-12T19:45:00Z,0,20.7,0
2025-11-12T20:00:00Z,0,20.4,0
2025-11-12T20:15:00Z,0,20.1,0
2025-11-12T20:30:00Z,0,19.7,0
2025-11-12T20:45:00Z,0,19.21,0
2025-11-12T21:00:00Z,0,19.3,0
2025-11-12T21:15:00Z,0,19.3,0
2025-11-12T21:30:00Z,0,19.2,0
2025-11-12T21:45:00Z,0,19.3,0
2025-11-12T22:00:00Z,0,19.4,0
2025-11-12T22:15:00Z,0,19,0
2025-11-12T22:30:00Z,0,18.8,0
2025-11-12T22:45:00Z,0,18.4,0
2025-11-12T23:00:00Z,0,18.3,0
2025-11-12T23:15:00Z,0,18.1,0
2025-11-12T23:30:00Z,0,18,0
2025-11-12T23:45:00Z,0,18.4,0
2025-11-13T00:00:00Z,0,18.4,0
2025-11-13T00:15:00Z,0,19.09,0
2025-11-13T00:30:00Z,0,20.39,0
2025-11-13T00:45:00Z,0,20.99,0
2025-11-13T01:00:00Z,0,21.49,0
2025-11-13T01:15:00Z,0,21.2,0
2025-11-13T01:30:00Z,0,21.1,0
2025-11-13T01:45:00Z,0,21,0
2025-11-13T02:00:00Z,0,20.31,0
2025-11-13T02:15:00Z,0,19.9,0
2025-11-13T02:30:00Z,0,20,0
2025-11-13T02:45:00Z,0,20.1,0
2025-11-13T03:00:00Z,0,20.3,0
2025-11-13T03:15:00Z,0,19.51,0
2025-11-13T03:30:00Z,0,18.61,0
2025-11-13T03:45:00Z,0,18.01,0
2025-11-13T04:00:00Z,0,18.1,0
2025-11-13T04:15:00Z,0,18.5,0
2025-11-13T04:30:00Z,0,18.8,0
2025-11-13T04:45:00Z,0,19,0
2025-11-13T05:00:00Z,0,19.1,0
2025-11-13T05:15:00Z,0,19.1,0
2025-11-13T05:30:00Z,0,19,0
2025-11-13T05:45:00Z,0,18.9,0
2025-11-13T06:00:00Z,8.11,19.2,0
2025-11-13T06:15:00Z,19.77,19.4,0
2025-11-13T06:30:00Z,42.45,19.99,0
2025-11-13T06:45:00Z,90.5,20.89,0
2025-11-13T07:00:00Z,108.3,21.39,0
2025-11-13T07:15:00Z,149.4,21.7,0
2025-11-13T07:30:00Z,193.8,22.39,0
2025-11-13T07:45:00Z,214.9,22.8,0
2025-11-13T08:00:00Z,248.5,23.2,0
2025-11-13T08:15:00Z,260.1,23.5,0
2025-11-13T08:30:00Z,375.1,24.39,0
2025-11-13T08:45:00Z,456,25.39,0
2025-11-13T09:00:00Z,505.1,25.7,0
2025-11-13T09:15:00Z,565.7,26.29,0
2025-11-13T09:30:00Z,565.5,26.1,0
2025-11-13T09:45:00Z,634.3,26.99,0
2025-11-13T10:00:00Z,692,26.8,0
2025-11-13T10:15:00Z,754,27,0
2025-11-13T10:30:00Z,846,27.49,0
2025-11-13T10:45:00Z,989,27.3,0
2025-11-13T11:00:00Z,979,27.4,0
2025-11-13T11:15:00Z,971,27.3,0
2025-11-13T11:30:00Z,678.5,27.3,0
2025-11-13T11:45:00Z,1260,28.39,0
2025-11-13T12:00:00Z,779.1,26.72,0
2025-11-13T12:15:00Z,331.7,25.81,0
2025-11-13T12:30:00Z,856,26.59,0
2025-11-13T12:45:00Z,745.6,27.29,0
2025-11-13T13:00:00Z,435.9,26.9,0
2025-11-13T13:15:00Z,762.8,27.69,0
2025-11-13T13:30:00Z,255.6,27.11,0
2025-11-13T13:45:00Z,391.1,27.1,0
2025-11-13T14:00:00Z,416,26.51,0
2025-11-13T14:15:00Z,502.1,26.99,0
2025-11-13T14:30:00Z,298.2,26.9,0
2025-11-13T14:45:00Z,372.3,27.39,0
2025-11-13T15:00:00Z,912,28.19,0
2025-11-13T15:15:00Z,621.4,28.6,0
2025-11-13T15:30:00Z,483.4,28.4,0
2025-11-13T15:45:00Z,461.1,28.3,0
2025-11-13T16:00:00Z,558.7,28.89,0
2025-11-13T16:15:00Z,581.8,29,0
2025-11-13T16:30:00Z,524,29,0
2025-11-13T16:45:00Z,358.6,28.7,0
2025-11-13T17:00:00Z,403.7,28.6,0
2025-11-13T17:15:00Z,323.6,28.11,0
2025-11-13T17:30:00Z,263,28,0
2025-11-13T17:45:00Z,212.3,27.6,0
2025-11-13T18:00:00Z,136,27.01,0
2025-11-13T18:15:00Z,62.81,25.62,0
2025-11-13T18:30:00Z,8.01,23.13,0
2025-11-13T18:45:00Z,0.082,20.92,0
2025-11-13T19:00:00Z,0,20.5,0
2025-11-13T19:15:00Z,0,20.2,0
2025-11-13T19:30:00Z,0,19.11,0
2025-11-13T19:45:00Z,0,19.69,0
2025-11-13T20:00:00Z,0,19.7,0
2025-11-13T20:15:00Z,0,19.7,0
2025-11-13T20:30:00Z,0,19.8,0
2025-11-13T20:45:00Z,0,20.29,0
2025-11-13T21:00:00Z,0,19.41,0
2025-11-13T21:15:00Z,0,19.6,0
2025-11-13T21:30:00Z,0,19.5,0
2025-11-13T21:45:00Z,0,19.5,0
2025-11-13T22:00:00Z,0,18.71,0
2025-11-13T22:15:00Z,0,18.5,0
2025-11-13T22:30:00Z,0,17.21,0
2025-11-13T22:45:00Z,0,18.39,0
2025-11-13T23:00:00Z,0,19.78,0
2025-11-13T23:15:00Z,0,20.39,0
2025-11-13T23:30:00Z,0,20.7,0
2025-11-13T23:45:00Z,0,20.4,0
2025-11-14T00:00:00Z,0,20.4,0
2025-11-14T00:15:00Z,0,20.5,0
2025-11-14T00:30:00Z,0,20.6,0
2025-11-14T00:45:00Z,0,21,0
2025-11-14T01:00:00Z,0,20.7,0
2025-11-14T01:15:00Z,0,20.11,0
2025-11-14T01:30:00Z,0,20.1,0
2025-11-14T01:45:00Z,0,20.69,0
2025-11-14T02:00:00Z,0,20.11,0
2025-11-14T02:15:00Z,0,18.81,0
2025-11-14T02:30:00Z,0,19.39,0
2025-11-14T02:45:00Z,0,20.98,0
2025-11-14T03:00:00Z,0,21.2,0
2025-11-14T03:15:00Z,0,21.3,0
2025-11-14T03:30:00Z,0,21.3,0
2025-11-14T03:45:00Z,0,21,0
2025-11-14T04:00:00Z,0,20.8,0
2025-11-14T04:15:00Z,0,20.7,0
2025-11-14T04:30:00Z,0,20.3,0
2025-11-14T04:45:00Z,0,20,0
2025-11-14T05:00:00Z,0,19.6,0
2025-11-14T05:15:00Z,0,17.82,0
2025-11-14T05:30:00Z,0,18.49,0
2025-11-14T05:45:00Z,0,19.19,0
2025-11-14T06:00:00Z,3.362,18.8,0
2025-11-14T06:15:00Z,13.29,19.89,0
2025-11-14T06:30:00Z,28.63,20.99,0
2025-11-14T06:45:00Z,71.82,22.38,0
2025-11-14T07:00:00Z,138.5,23.19,0
2025-11-14T07:15:00Z,197.3,23.6,0
2025-11-14T07:30:00Z,150.4,23.3,0
2025-11-14T07:45:00Z,232.1,23.6,0
2025-11-14T08:00:00Z,229.9,23.7,0
2025-11-14T08:15:00Z,237.2,24,0
2025-11-14T08:30:00Z,307.7,24.59,0
2025-11-14T08:45:00Z,456.1,25.79,0
2025-11-14T09:00:00Z,504.3,26.49,0
2025-11-14T09:15:00Z,561.1,26.7,0
2025-11-14T09:30:00Z,604.9,26.3,0
2025-11-14T09:45:00Z,678.4,26.3,0
2025-11-14T10:00:00Z,664.3,26.6,0
2025-11-14T10:15:00Z,647.7,26.3,0
2025-11-14T10:30:00Z,479.9,26.2,0
2025-11-14T10:45:00Z,1019,27.29,0
2025-11-14T11:00:00Z,1056,27.2,0
2025-11-14T11:15:00Z,1015,27.4,0
2025-11-14T11:30:00Z,1026,27.7,0
2025-11-14T11:45:00Z,1034,28,0
2025-11-14T12:00:00Z,1058,28,0
2025-11-14T12:15:00Z,1122,27.9,0
2025-11-14T12:30:00Z,1138,28.3,0
2025-11-14T12:45:00Z,1121,28.6,0
2025-11-14T13:00:00Z,647.6,28.01,0
2025-11-14T13:15:00Z,860,28.1,0
2025-11-14T13:30:00Z,851,28.59,0
2025-11-14T13:45:00Z,1003,28.7,0
2025-11-14T14:00:00Z,1086,29.29,0
2025-11-14T14:15:00Z,1025,29.2,0
2025-11-14T14:30:00Z,1033,29.69,0
2025-11-14T14:45:00Z,643.1,28.91,0
2025-11-14T15:00:00Z,334.4,28.41,0
2025-11-14T15:15:00Z,216,28,0
2025-11-14T15:30:00Z,352.2,28.1,0
2025-11-14T15:45:00Z,135.4,28,0
2025-11-14T16:00:00Z,163.9,27.8,0
2025-11-14T16:15:00Z,161.6,27.9,0
2025-11-14T16:30:00Z,365,28.39,0
2025-11-14T16:45:00Z,146.4,27.81,0
2025-11-14T17:00:00Z,158.6,27.6,0
2025-11-14T17:15:00Z,65.94,27.6,0
2025-11-14T17:30:00Z,37.41,27.01,0
2025-11-14T17:45:00Z,29.39,26.7,0
2025-11-14T18:00:00Z,22.77,26.11,0
2025-11-14T18:15:00Z,25.86,25.31,0
2025-11-14T18:30:00Z,17.89,24.81,0
2025-11-14T18:45:00Z,0.396,24.11,0
2025-11-14T19:00:00Z,0.002,22.52,0
2025-11-14T19:15:00Z,0,21.12,0
2025-11-14T19:30:00Z,0,21,0
2025-11-14T19:45:00Z,0,20.31,0
2025-11-14T20:00:00Z,0,20.7,0
2025-11-14T20:15:00Z,0,20.7,0
2025-11-14T20:30:00Z,0,20.8,0
2025-11-14T20:45:00Z,0,20.11,0
2025-11-14T21:00:00Z,0,20.2,0
2025-11-14T21:15:00Z,0,20.2,0
2025-11-14T21:30:00Z,0,20.3,0
2025-11-14T21:45:00Z,0,20.6,0
2025-11-14T22:00:00Z,0,21.09,0
2025-11-14T22:15:00Z,0,21.4,0
2025-11-14T22:30:00Z,0,21.6,0
2025-11-14T22:45:00Z,0,21.9,0
2025-11-14T23:00:00Z,0,21.8,0
2025-11-14T23:15:00Z,0,22,0
2025-11-14T23:30:00Z,0,22.3,0
2025-11-14T23:45:00Z,0,21.81,0
2025-11-15T00:00:00Z,0,20.91,0
2025-11-15T00:15:00Z,0,20.31,0
2025-11-15T00:30:00Z,0,20.7,0
2025-11-15T00:45:00Z,0,21.19,0
2025-11-15T01:00:00Z,0,21.1,0
2025-11-15T01:15:00Z,0,20.9,0
2025-11-15T01:30:00Z,0,21,0
2025-11-15T01:45:00Z,0,20.6,0
2025-11-15T02:00:00Z,0,20.9,0
2025-11-15T02:15:00Z,0,20.01,0
2025-11-15T02:30:00Z,0,18.91,0
2025-11-15T02:45:00Z,0,19.1,0
2025-11-15T03:00:00Z,0,19.3,0
2025-11-15T03:15:00Z,0,19.2,0
2025-11-15T03:30:00Z,0,20.09,0
2025-11-15T03:45:00Z,0,20,0
2025-11-15T04:00:00Z,0,19.51,0
2025-11-15T04:15:00Z,0,18.91,0
2025-11-15T04:30:00Z,0,18.9,0
2025-11-15T04:45:00Z,0,18.7,0
2025-11-15T05:00:00Z,0,18.11,0
2025-11-15T05:15:00Z,0,18.2,0
2025-11-15T05:30:00Z,0,18.6,0
2025-11-15T05:45:00Z,0,19,0
2025-11-15T06:00:00Z,2.769,19.4,0
2025-11-15T06:15:00Z,13.48,19.6,0
2025-11-15T06:30:00Z,28.24,20.89,0
2025-11-15T06:45:00Z,63.6,22.88,0
2025-11-15T07:00:00Z,101,24.28,0
2025-11-15T07:15:00Z,59.57,23.71,0
2025-11-15T07:30:00Z,102.6,23.11,0
2025-11-15T07:45:00Z,213.9,24.19,0
2025-11-15T08:00:00Z,235.7,24.89,0
2025-11-15T08:15:00Z,261.3,25.89,0
2025-11-15T08:30:00Z,248.6,26.39,0
2025-11-15T08:45:00Z,477.5,27.29,0
2025-11-15T09:00:00Z,596.7,27.6,0
2025-11-15T09:15:00Z,345.4,26.51,0
2025-11-15T09:30:00Z,650.4,27.09,0
2025-11-15T09:45:00Z,686.7,27.5,0
2025-11-15T10:00:00Z,741.6,27.8,0
2025-11-15T10:15:00Z,500.6,27.4,0
2025-11-15T10:30:00Z,919,27.7,0
2025-11-15T10:45:00Z,859,28.1,0
2025-11-15T11:00:00Z,954,28.2,0
2025-11-15T11:15:00Z,947,28.3,0
2025-11-15T11:30:00Z,934,28.6,0
2025-11-15T11:45:00Z,1024,28.9,0
2025-11-15T12:00:00Z,1040,28.7,0
2025-11-15T12:15:00Z,1030,29.1,0
2025-11-15T12:30:00Z,1073,28.9,0
2025-11-15T12:45:00Z,1076,29.1,0
2025-11-15T13:00:00Z,1006,29.3,0
2025-11-15T13:15:00Z,963,29.99,0
2025-11-15T13:30:00Z,879,29.41,0
2025-11-15T13:45:00Z,979,29.8,0
2025-11-15T14:00:00Z,1052,30.29,0
2025-11-15T14:15:00Z,830,29.71,0
2025-11-15T14:30:00Z,602.8,29.8,0
2025-11-15T14:45:00Z,974,30.29,0
2025-11-15T15:00:00Z,625.5,30.1,0
2025-11-15T15:15:00Z,240.3,29.01,0
2025-11-15T15:30:00Z,439.7,29.2,0
2025-11-15T15:45:00Z,625.8,29.79,0
2025-11-15T16:00:00Z,489.1,30,0
2025-11-15T16:15:00Z,296.7,29.51,0
2025-11-15T16:30:00Z,120.3,29.01,0
2025-11-15T16:45:00Z,138.1,29,0
2025-11-15T17:00:00Z,149.9,29.2,0
2025-11-15T17:15:00Z,288.9,29.5,0
2025-11-15T17:30:00Z,271.3,29.6,0
2025-11-15T17:45:00Z,256.8,29.4,0
2025-11-15T18:00:00Z,149.4,29,0
2025-11-15T18:15:00Z,39.82,28.41,0
2025-11-15T18:30:00Z,6.956,27.41,0
2025-11-15T18:45:00Z,0.073,26.31,0
2025-11-15T19:00:00Z,0,24.03,0
2025-11-15T19:15:00Z,0,22.22,0
2025-11-15T19:30:00Z,0,21.61,0
2025-11-15T19:45:00Z,0,21.4,0
2025-11-15T20:00:00Z,0,20.91,0
2025-11-15T20:15:00Z,0,20.41,0
2025-11-15T20:30:00Z,0,19.91,0
2025-11-15T20:45:00Z,0,19.7,0
2025-11-15T21:00:00Z,0,18.81,0
2025-11-15T21:15:00Z,0,18.9,0
2025-11-15T21:30:00Z,0,19,0
2025-11-15T21:45:00Z,0,18.6,0
2025-11-15T22:00:00Z,0,18.3,0
2025-11-15T22:15:00Z,0,18.5,0
2025-11-15T22:30:00Z,0,18.1,0
2025-11-15T22:45:00Z,0,18.1,0
2025-11-15T23:00:00Z,0,17.9,0
2025-11-15T23:15:00Z,0,17.7,0
2025-11-15T23:30:00Z,0,17.8,0
2025-11-15T23:45:00Z,0,18.1,0
2025-11-16T00:00:00Z,0,18.4,0
2025-11-16T00:15:00Z,0,18.6,0
2025-11-16T00:30:00Z,0,18.6,0
2025-11-16T00:45:00Z,0,17.91,0
2025-11-16T01:00:00Z,0,18.1,0
2025-11-16T01:15:00Z,0,18.5,0
2025-11-16T01:30:00Z,0,18.9,0
2025-11-16T01:45:00Z,0,19.3,0
2025-11-16T02:00:00Z,0,19.3,0
2025-11-16T02:15:00Z,0,18.81,0
2025-11-16T02:30:00Z,0,18.11,0
2025-11-16T02:45:00Z,0,17.9,0
2025-11-16T03:00:00Z,0,17.11,0
2025-11-16T03:15:00Z,0,17.3,0
2025-11-16T03:30:00Z,0,17.5,0
2025-11-16T03:45:00Z,0,17.9,0
2025-11-16T04:00:00Z,0,18,0
2025-11-16T04:15:00Z,0,18.2,0
2025-11-16T04:30:00Z,0,18.2,0
2025-11-16T04:45:00Z,0,17.8,0
2025-11-16T05:00:00Z,0,17.6,0
2025-11-16T05:15:00Z,0,18.19,0
2025-11-16T05:30:00Z,0,18.3,0
2025-11-16T05:45:00Z,0,18.5,0
2025-11-16T06:00:00Z,2.472,18.6,0
2025-11-16T06:15:00Z,12.88,19,0
2025-11-16T06:30:00Z,29.91,20.19,0
2025-11-16T06:45:00Z,66,21.88,0
2025-11-16T07:00:00Z,95.4,22.99,0
2025-11-16T07:15:00Z,136.4,24.58,0
2025-11-16T07:30:00Z,193.6,25.09,0
2025-11-16T07:45:00Z,244.1,25.5,0
2025-11-16T08:00:00Z,284.8,26.29,0
2025-11-16T08:15:00Z,325.1,26.7,0
2025-11-16T08:30:00Z,393.6,27.19,0
2025-11-16T08:45:00Z,452.8,27.4,0
2025-11-16T09:00:00Z,507.4,27.4,0
2025-11-16T09:15:00Z,561.5,27.5,0
2025-11-16T09:30:00Z,606.5,27.7,0
2025-11-16T09:45:00Z,660.4,27.7,0
2025-11-16T10:00:00Z,702,27.7,0
2025-11-16T10:15:00Z,745.6,27.7,0
2025-11-16T10:30:00Z,814,27.9,0
2025-11-16T10:45:00Z,890,28.1,0
2025-11-16T11:00:00Z,933,28,0
2025-11-16T11:15:00Z,959,28.4,0
2025-11-16T11:30:00Z,985,28.6,0
2025-11-16T11:45:00Z,1010,28.6,0
2025-11-16T12:00:00Z,1028,28.9,0
2025-11-16T12:15:00Z,1041,29.1,0
2025-11-16T12:30:00Z,1048,29.3,0
2025-11-16T12:45:00Z,1050,29.5,0
2025-11-16T13:00:00Z,1036,29.6,0
2025-11-16T13:15:00Z,936,29.7,0
2025-11-16T13:30:00Z,923,30,0
2025-11-16T13:45:00Z,940,30.1,0
2025-11-16T14:00:00Z,711.1,29.8,0
2025-11-16T14:15:00Z,940,30.1,0
2025-11-16T14:30:00Z,359,29.31,0
2025-11-16T14:45:00Z,914,30.29,0
2025-11-16T15:00:00Z,903,30.5,0
2025-11-16T15:15:00Z,664.9,30.1,0
2025-11-16T15:30:00Z,749.6,30.2,0
2025-11-16T15:45:00Z,648.5,30.4,0
2025-11-16T16:00:00Z,581.1,30.2,0
2025-11-16T16:15:00Z,574.5,30.2,0
2025-11-16T16:30:00Z,425.2,29.9,0
2025-11-16T16:45:00Z,274.2,29.31,0
2025-11-16T17:00:00Z,276.5,29.3,0
2025-11-16T17:15:00Z,160.3,28.71,0
2025-11-16T17:30:00Z,188.1,28.8,0
2025-11-16T17:45:00Z,112.6,28.6,0
2025-11-16T18:00:00Z,76.99,28.3,0
2025-11-16T18:15:00Z,41,28,0
2025-11-16T18:30:00Z,14.69,27.21,0
2025-11-16T18:45:00Z,0.16,25.91,0
2025-11-16T19:00:00Z,0,23.72,0
2025-11-16T19:15:00Z,0,22.61,0
2025-11-16T19:30:00Z,0,21.51,0
2025-11-16T19:45:00Z,0,21.01,0
2025-11-16T20:00:00Z,0,20.6,0
2025-11-16T20:15:00Z,0,20.2,0
2025-11-16T20:30:00Z,0,19.8,0
2025-11-16T20:45:00Z,0,19.4,0
2025-11-16T21:00:00Z,0,19.5,0
2025-11-16T21:15:00Z,0,19.6,0
2025-11-16T21:30:00Z,0,19.11,0
2025-11-16T21:45:00Z,0,18.9,0
2025-11-16T22:00:00Z,0,18.6,0
2025-11-16T22:15:00Z,0,18.3,0
2025-11-16T22:30:00Z,0,18.1,0
2025-11-16T22:45:00Z,0,18.59,0
2025-11-16T23:00:00Z,0,18.3,0
2025-11-16T23:15:00Z,0,18.2,0
2025-11-16T23:30:00Z,0,18.2,0
2025-11-16T23:45:00Z,0,17.8,0
2025-11-17T00:00:00Z,0,17.9,0
2025-11-17T00:15:00Z,0,17.9,0
2025-11-17T00:30:00Z,0,17.8,0
2025-11-17T00:45:00Z,0,17.7,0
2025-11-17T01:00:00Z,0,17.5,0
2025-11-17T01:15:00Z,0,17.4,0
2025-11-17T01:30:00Z,0,17.4,0
2025-11-17T01:45:00Z,0,17.5,0
2025-11-17T02:00:00Z,0,17.7,0
2025-11-17T02:15:00Z,0,17.4,0
2025-11-17T02:30:00Z,0,17.5,0
2025-11-17T02:45:00Z,0,17.2,0
2025-11-17T03:00:00Z,0,17.5,0
2025-11-17T03:15:00Z,0,17.99,0
2025-11-17T03:30:00Z,0,17.9,0
2025-11-17T03:45:00Z,0,17.11,0
2025-11-17T04:00:00Z,0,17.2,0
2025-11-17T04:15:00Z,0,16.8,0
2025-11-17T04:30:00Z,0,17.1,0
2025-11-17T04:45:00Z,0,16.9,0
2025-11-17T05:00:00Z,0,17.1,0
2025-11-17T05:15:00Z,0,17.1,0
2025-11-17T05:30:00Z,0,18.19,0
2025-11-17T05:45:00Z,0.791,17.9,0
2025-11-17T06:00:00Z,20.87,18.49,0
2025-11-17T06:15:00Z,36.82,18.8,0
2025-11-17T06:30:00Z,56.48,19.2,0
2025-11-17T06:45:00Z,84.5,20.78,0
2025-11-17T07:00:00Z,107.1,22.48,0
2025-11-17T07:15:00Z,138.1,23.88,0
2025-11-17T07:30:00Z,185.2,24.79,0
2025-11-17T07:45:00Z,238.9,25.29,0
2025-11-17T08:00:00Z,289.2,25.99,0
2025-11-17T08:15:00Z,338.1,26.59,0
2025-11-17T08:30:00Z,389.5,27,0
2025-11-17T08:45:00Z,438.6,27.59,0
2025-11-17T09:00:00Z,497.3,27.9,0
2025-11-17T09:15:00Z,571.1,28.49,0
2025-11-17T09:30:00Z,353.8,27.61,0
2025-11-17T09:45:00Z,487.3,27.8,0
2025-11-17T10:00:00Z,458.5,27.8,0
2025-11-17T10:15:00Z,516.1,28.1,0
2025-11-17T10:30:00Z,417.1,27.8,0
2025-11-17T10:45:00Z,318.6,27.8,0
2025-11-17T11:00:00Z,461,27.9,0
2025-11-17T11:15:00Z,566.4,28.3,0
2025-11-17T11:30:00Z,245.5,27.9,0
2025-11-17T11:45:00Z,528.1,27.8,0
2025-11-17T12:00:00Z,999,28.69,0
2025-11-17T12:15:00Z,1127,29.39,0
2025-11-17T12:30:00Z,913,29.5,0
2025-11-17T12:45:00Z,1095,29.99,0
2025-11-17T13:00:00Z,912,29.6,0
2025-11-17T13:15:00Z,673.6,29.6,0
2025-11-17T13:30:00Z,436.3,28.12,0
2025-11-17T13:45:00Z,433.7,27.9,0
2025-11-17T14:00:00Z,137.8,27.31,0
2025-11-17T14:15:00Z,34.23,18.7,482.6
2025-11-17T14:30:00Z,45.86,18.4,181.6
2025-11-17T14:45:00Z,58.95,19.29,0
2025-11-17T15:00:00Z,30.82,19.99,0
2025-11-17T15:15:00Z,105.9,20.4,0
2025-11-17T15:30:00Z,200,20.5,0
2025-11-17T15:45:00Z,193.8,20.7,0
2025-11-17T16:00:00Z,199.5,21.1,0
2025-11-17T16:15:00Z,236.1,21.59,0
2025-11-17T16:30:00Z,227.7,22.09,0
2025-11-17T16:45:00Z,183,22.69,0
2025-11-17T17:00:00Z,167.4,22.8,0
2025-11-17T17:15:00Z,142.4,22.9,0
2025-11-17T17:30:00Z,103.8,23.2,0
2025-11-17T17:45:00Z,68.1,23.3,0
2025-11-17T18:00:00Z,38.73,23.3,0
2025-11-17T18:15:00Z,17.24,23.1,0
2025-11-17T18:30:00Z,2.167,22.8,0
2025-11-17T18:45:00Z,0.022,23,0
2025-11-17T19:00:00Z,0,22.8,0
2025-11-17T19:15:00Z,0,22.5,0
2025-11-17T19:30:00Z,0,22.1,0
2025-11-17T19:45:00Z,0,21.8,0
2025-11-17T20:00:00Z,0,21.31,0
2025-11-17T20:15:00Z,0,21.1,0
2025-11-17T20:30:00Z,0,21.5,0
2025-11-17T20:45:00Z,0,20.91,0
2025-11-17T21:00:00Z,0,20.6,0
2025-11-17T21:15:00Z,0,20.5,0
2025-11-17T21:30:00Z,0,20.5,0
2025-11-17T21:45:00Z,0,20.2,0
2025-11-17T22:00:00Z,0,19.8,0
2025-11-17T22:15:00Z,0,19.8,0
2025-11-17T22:30:00Z,0,19.5,0
2025-11-17T22:45:00Z,0,19.5,0
2025-11-17T23:00:00Z,0,19.2,0
2025-11-17T23:15:00Z,0,19.2,0
2025-11-17T23:30:00Z,0,19.4,0
2025-11-17T23:45:00Z,0,19.2,0
2025-11-18T00:00:00Z,0,19.2,0
2025-11-18T00:15:00Z,0,18.9,0
2025-11-18T00:30:00Z,0,18.8,0
2025-11-18T00:45:00Z,0,19.2,0
2025-11-18T01:00:00Z,0,18.31,0
2025-11-18T01:15:00Z,0,18.4,0
2025-11-18T01:30:00Z,0,18.2,0
2025-11-18T01:45:00Z,0,17.61,0
2025-11-18T02:00:00Z,0,18.09,0
2025-11-18T02:15:00Z,0,18.2,0
2025-11-18T02:30:00Z,0,17.31,0
2025-11-18T02:45:00Z,0,17.1,0
2025-11-18T03:00:00Z,0,17.69,0
2025-11-18T03:15:00Z,0,18.69,0
2025-11-18T03:30:00Z,0,17.71,0
2025-11-18T03:45:00Z,0,18,0
2025-11-18T04:00:00Z,0,17.7,0
2025-11-18T04:15:00Z,0,17.3,0
2025-11-18T04:30:00Z,0,17,0
2025-11-18T04:45:00Z,0,17.89,0
2025-11-18T05:00:00Z,0,18.2,0
2025-11-18T05:15:00Z,0,18.5,0
2025-11-18T05:30:00Z,0,18.3,0
2025-11-18T05:45:00Z,1.187,17.9,0
2025-11-18T06:00:00Z,12.67,17.7,0
2025-11-18T06:15:00Z,48.6,17.7,0
2025-11-18T06:30:00Z,104.7,18.79,0
2025-11-18T06:45:00Z,113.7,19.39,0
2025-11-18T07:00:00Z,112.6,19.99,0
2025-11-18T07:15:00Z,113.3,20.3,0
2025-11-18T07:30:00Z,128.8,20.4,0
2025-11-18T07:45:00Z,160.2,20.6,0
2025-11-18T08:00:00Z,184,20.9,0
2025-11-18T08:15:00Z,214.2,21.3,0
2025-11-18T08:30:00Z,234.1,21.5,0
2025-11-18T08:45:00Z,257.7,21.8,0
2025-11-18T09:00:00Z,328.6,22.1,0
2025-11-18T09:15:00Z,330.7,22.5,0
2025-11-18T09:30:00Z,383.2,22.99,0
2025-11-18T09:45:00Z,577.5,24.09,0
2025-11-18T10:00:00Z,634.6,24.89,0
2025-11-18T10:15:00Z,676.1,25.59,0
2025-11-18T10:30:00Z,701.7,25.9,0
2025-11-18T10:45:00Z,919,26.79,0
2025-11-18T11:00:00Z,898,27.2,0
2025-11-18T11:15:00Z,944,27.4,0
2025-11-18T11:30:00Z,721.9,27.1,0
2025-11-18T11:45:00Z,943,27.4,0
2025-11-18T12:00:00Z,929,27.3,0
2025-11-18T12:15:00Z,1003,27.3,0
2025-11-18T12:30:00Z,759.6,27.3,0
2025-11-18T12:45:00Z,786.3,27.1,0
2025-11-18T13:00:00Z,920,27.4,0
2025-11-18T13:15:00Z,969,27.7,0
2025-11-18T13:30:00Z,879,27.7,0
2025-11-18T13:45:00Z,910,27.7,0
2025-11-18T14:00:00Z,507.8,27.21,0
2025-11-18T14:15:00Z,405.5,26.8,0
2025-11-18T14:30:00Z,410.5,26.7,0
2025-11-18T14:45:00Z,323.6,26.9,0
2025-11-18T15:00:00Z,716.1,27.3,0
2025-11-18T15:15:00Z,454,27.4,0
2025-11-18T15:30:00Z,228,27.1,0
2025-11-18T15:45:00Z,273.3,27.1,0
2025-11-18T16:00:00Z,204.5,27,0
2025-11-18T16:15:00Z,187.9,26.8,0
2025-11-18T16:30:00Z,234.7,26.7,0
2025-11-18T16:45:00Z,178.6,26.5,0
2025-11-18T17:00:00Z,138.3,26.4,0
2025-11-18T17:15:00Z,175.1,26.5,0
2025-11-18T17:30:00Z,197.4,26.6,0
2025-11-18T17:45:00Z,107.4,26.3,0
2025-11-18T18:00:00Z,63.48,25.71,0
2025-11-18T18:15:00Z,37.78,25.4,0
2025-11-18T18:30:00Z,11.2,25.1,0
2025-11-18T18:45:00Z,0.121,24.7,0
2025-11-18T19:00:00Z,0,24.4,0
2025-11-18T19:15:00Z,0,24.2,0
2025-11-18T19:30:00Z,0,24,0
2025-11-18T19:45:00Z,0,23.8,0
2025-11-18T20:00:00Z,0,23.4,0
2025-11-18T20:15:00Z,0,22.91,0
2025-11-18T20:30:00Z,0,22.6,0
2025-11-18T20:45:00Z,0,22.6,0
2025-11-18T21:00:00Z,0,22.7,0
2025-11-18T21:15:00Z,0,22.7,0
2025-11-18T21:30:00Z,0,21.61,0
2025-11-18T21:45:00Z,0,20.71,0
2025-11-18T22:00:00Z,0,19.51,0
2025-11-18T22:15:00Z,0,18.91,0
2025-11-18T22:30:00Z,0,19.39,0
2025-11-18T22:45:00Z,0,19.1,0
2025-11-18T23:00:00Z,0,19.59,0
2025-11-18T23:15:00Z,0,18.91,0
2025-11-18T23:30:00Z,0,18.8,0
2025-11-18T23:45:00Z,0,19.29,0
2025-11-19T00:00:00Z,0,19.2,0
2025-11-19T00:15:00Z,0,19.69,0
2025-11-19T00:30:00Z,0,19.8,0
2025-11-19T00:45:00Z,0,20.59,0
2025-11-19T01:00:00Z,0,21.39,0
2025-11-19T01:15:00Z,0,21.6,0
2025-11-19T01:30:00Z,0,21.01,0
2025-11-19T01:45:00Z,0,21,0
2025-11-19T02:00:00Z,0,20.21,0
2025-11-19T02:15:00Z,0,20.5,0
2025-11-19T02:30:00Z,0,21.09,0
2025-11-19T02:45:00Z,0,21.1,0
2025-11-19T03:00:00Z,0,21,0
2025-11-19T03:15:00Z,0,20.6,0
2025-11-19T03:30:00Z,0,19.71,0
2025-11-19T03:45:00Z,0,19.6,0
2025-11-19T04:00:00Z,0,19.7,0
2025-11-19T04:15:00Z,0,19.5,0
2025-11-19T04:30:00Z,0,19.4,0
2025-11-19T04:45:00Z,0,19.7,0
2025-11-19T05:00:00Z,0,19.21,0
2025-11-19T05:15:00Z,0,19.69,0
2025-11-19T05:30:00Z,0,19.8,0
2025-11-19T05:45:00Z,0,20.1,0
2025-11-19T06:00:00Z,8.5,19.8,0
2025-11-19T06:15:00Z,22.35,20.59,0
2025-11-19T06:30:00Z,43.07,21.19,0
2025-11-19T06:45:00Z,46.17,21.2,0
2025-11-19T07:00:00Z,67.26,21.3,0
2025-11-19T07:15:00Z,110.9,21.4,0
2025-11-19T07:30:00Z,135,21.7,0
2025-11-19T07:45:00Z,156.6,21.7,0
2025-11-19T08:00:00Z,186.8,21.8,0
2025-11-19T08:15:00Z,270.2,22.1,0
2025-11-19T08:30:00Z,340.9,22.59,0
2025-11-19T08:45:00Z,291.6,22.6,0
2025-11-19T09:00:00Z,473.5,23.39,0
2025-11-19T09:15:00Z,429.3,23.6,0
2025-11-19T09:30:00Z,393.8,23.5,0
2025-11-19T09:45:00Z,309.4,23.1,0
2025-11-19T10:00:00Z,328.2,23.3,0
2025-11-19T10:15:00Z,438.1,23.5,0
2025-11-19T10:30:00Z,583.4,24.09,0
2025-11-19T10:45:00Z,477.1,24.2,0
2025-11-19T11:00:00Z,444.4,24.4,0
2025-11-19T11:15:00Z,594.5,24.5,0
2025-11-19T11:30:00Z,480.1,24.4,0
2025-11-19T11:45:00Z,524.9,24.6,0
2025-11-19T12:00:00Z,678.2,25.19,0
2025-11-19T12:15:00Z,721.8,25.5,0
2025-11-19T12:30:00Z,466.9,25.5,0
2025-11-19T12:45:00Z,1175,27.18,0
2025-11-19T13:00:00Z,820,26.71,0
2025-11-19T13:15:00Z,588.2,26.3,0
2025-11-19T13:30:00Z,649.6,26.5,0
2025-11-19T13:45:00Z,548.1,26.3,0
2025-11-19T14:00:00Z,364.6,26.3,0
2025-11-19T14:15:00Z,765.6,27.09,0
2025-11-19T14:30:00Z,565,27.5,0
2025-11-19T14:45:00Z,677.4,27.7,0
2025-11-19T15:00:00Z,661.1,27.9,0
2025-11-19T15:15:00Z,599.9,28,0
2025-11-19T15:30:00Z,599.6,27.9,0
2025-11-19T15:45:00Z,168.5,27.11,0
2025-11-19T16:00:00Z,302.3,27.4,0
2025-11-19T16:15:00Z,121.9,27.1,0
2025-11-19T16:30:00Z,222.2,24.83,30.26
2025-11-19T16:45:00Z,498.2,25.69,0
2025-11-19T17:00:00Z,315.7,26.49,0
2025-11-19T17:15:00Z,347.8,26.99,0
2025-11-19T17:30:00Z,273.2,27.2,0
2025-11-19T17:45:00Z,136,26.9,0
2025-11-19T18:00:00Z,37.49,26.31,0
2025-11-19T18:15:00Z,51.13,25.61,0
2025-11-19T18:30:00Z,19.16,25.6,0
2025-11-19T18:45:00Z,1.198,25.5,0
2025-11-19T19:00:00Z,0.011,24.91,0
2025-11-19T19:15:00Z,0,24.31,0
2025-11-19T19:30:00Z,0,23.9,0
2025-11-19T19:45:00Z,0,23.6,0
2025-11-19T20:00:00Z,0,23.11,0
2025-11-19T20:15:00Z,0,22.61,0
2025-11-19T20:30:00Z,0,22.3,0
2025-11-19T20:45:00Z,0,21.71,0
2025-11-19T21:00:00Z,0,21.4,0
2025-11-19T21:15:00Z,0,21.5,0
2025-11-19T21:30:00Z,0,21.3,0
2025-11-19T21:45:00Z,0,21.3,0
2025-11-19T22:00:00Z,0,20.81,0
2025-11-19T22:15:00Z,0,19.51,0
2025-11-19T22:30:00Z,0,19.3,0
2025-11-19T22:45:00Z,0,19.1,0
2025-11-19T23:00:00Z,0,19.4,0
2025-11-19T23:15:00Z,0,18.71,0
2025-11-19T23:30:00Z,0,18.21,0
2025-11-19T23:45:00Z,0,18,0
2025-11-20T00:00:00Z,0,17.7,0
2025-11-20T00:15:00Z,0,17.6,0
2025-11-20T00:30:00Z,0,17.4,0
2025-11-20T00:45:00Z,0,17.3,0
2025-11-20T01:00:00Z,0,16.9,0
2025-11-20T01:15:00Z,0,16.9,0
2025-11-20T01:30:00Z,0,16.41,0
2025-11-20T01:45:00Z,0,16.7,0
2025-11-20T02:00:00Z,0,16.6,0
2025-11-20T02:15:00Z,0,16.8,0
2025-11-20T02:30:00Z,0,16.31,0
2025-11-20T02:45:00Z,0,15.71,0
2025-11-20T03:00:00Z,0,16.49,0
2025-11-20T03:15:00Z,0,16.6,0
2025-11-20T03:30:00Z,0,16.01,0
2025-11-20T03:45:00Z,0,16.79,0
2025-11-20T04:00:00Z,0,16.7,0
2025-11-20T04:15:00Z,0,16.4,0
2025-11-20T04:30:00Z,0,16.2,0
2025-11-20T04:45:00Z,0,16.79,0
2025-11-20T05:00:00Z,0,16.7,0
2025-11-20T05:15:00Z,0,17.1,0
2025-11-20T05:30:00Z,0,17.4,0
2025-11-20T05:45:00Z,0,16.91,0
2025-11-20T06:00:00Z,3.659,16.9,0
2025-11-20T06:15:00Z,18.93,17.2,0
2025-11-20T06:30:00Z,39.47,18.29,0
2025-11-20T06:45:00Z,69.47,19.49,0
2025-11-20T07:00:00Z,98.9,20.39,0
2025-11-20T07:15:00Z,158.1,21.29,0
2025-11-20T07:30:00Z,208.2,21.89,0
2025-11-20T07:45:00Z,236.5,22.49,0
2025-11-20T08:00:00Z,296.4,23.09,0
2025-11-20T08:15:00Z,328.1,23.59,0
2025-11-20T08:30:00Z,381.1,24.09,0
2025-11-20T08:45:00Z,467,24.69,0
2025-11-20T09:00:00Z,513.1,25.1,0
2025-11-20T09:15:00Z,563.4,25.79,0
2025-11-20T09:30:00Z,628.3,26.1,0
2025-11-20T09:45:00Z,656.9,26.5,0
2025-11-20T10:00:00Z,707.6,26.7,0
2025-11-20T10:15:00Z,340.7,25.91,0
2025-11-20T10:30:00Z,773.9,26.99,0
2025-11-20T10:45:00Z,560.8,26.51,0
2025-11-20T11:00:00Z,912,26.99,0
2025-11-20T11:15:00Z,994,27.3,0
2025-11-20T11:30:00Z,1021,27.6,0
2025-11-20T11:45:00Z,1034,27.7,0
2025-11-20T12:00:00Z,1066,27.9,0
2025-11-20T12:15:00Z,1085,27.9,0
2025-11-20T12:30:00Z,1091,28.1,0
2025-11-20T12:45:00Z,1084,27.8,0
2025-11-20T13:00:00Z,1081,28.39,0
2025-11-20T13:15:00Z,999,28.6,0
2025-11-20T13:30:00Z,671.5,28.5,0
2025-11-20T13:45:00Z,829,28.4,0
2025-11-20T14:00:00Z,948,29.19,0
2025-11-20T14:15:00Z,893,29.1,0
2025-11-20T14:30:00Z,793.3,29.59,0
2025-11-20T14:45:00Z,889,29.7,0
2025-11-20T15:00:00Z,655.6,29.21,0
2025-11-20T15:15:00Z,427.5,28.9,0
2025-11-20T15:30:00Z,325.2,28.9,0
2025-11-20T15:45:00Z,421.5,28.9,0
2025-11-20T16:00:00Z,454.2,29.39,0
2025-11-20T16:15:00Z,559.5,29.7,0
2025-11-20T16:30:00Z,629.3,30.1,0
2025-11-20T16:45:00Z,442.1,29.61,0
2025-11-20T17:00:00Z,305.3,29.5,0
2025-11-20T17:15:00Z,272.1,29.4,0
2025-11-20T17:30:00Z,296.7,29.5,0
2025-11-20T17:45:00Z,233.7,29.5,0
2025-11-20T18:00:00Z,170.6,29.1,0
2025-11-20T18:15:00Z,72.99,28.51,0
2025-11-20T18:30:00Z,27.8,27.41,0
2025-11-20T18:45:00Z,3.468,26.81,0
2025-11-20T19:00:00Z,0.036,25.91,0
2025-11-20T19:15:00Z,0,24.61,0
2025-11-20T19:30:00Z,0,23.31,0
2025-11-20T19:45:00Z,0,22.21,0
2025-11-20T20:00:00Z,0,21.71,0
2025-11-20T20:15:00Z,0,21.21,0
2025-11-20T20:30:00Z,0,20.41,0
2025-11-20T20:45:00Z,0,20.3,0
2025-11-20T21:00:00Z,0,19.81,0
2025-11-20T21:15:00Z,0,20.1,0
2025-11-20T21:30:00Z,0,19.31,0
2025-11-20T21:45:00Z,0,19.1,0
2025-11-20T22:00:00Z,0,18.8,0
2025-11-20T22:15:00Z,0,18.31,0
2025-11-20T22:30:00Z,0,17.51,0
2025-11-20T22:45:00Z,0,17.6,0
2025-11-20T23:00:00Z,0,18.59,0
2025-11-20T23:15:00Z,0,18.4,0
2025-11-20T23:30:00Z,0,18.5,0
2025-11-20T23:45:00Z,0,18.99,0
2025-11-21T00:00:00Z,0,20.48,0
2025-11-21T00:15:00Z,0,22.77,0
2025-11-21T00:30:00Z,0,24.09,0
2025-11-21T00:45:00Z,0,24.3,0
2025-11-21T01:00:00Z,0,24.2,0
2025-11-21T01:15:00Z,0,24.1,0
2025-11-21T01:30:00Z,0,23.9,0
2025-11-21T01:45:00Z,0,23.31,0
2025-11-21T02:00:00Z,0,22.9,0
2025-11-21T02:15:00Z,0,22.5,0
2025-11-21T02:30:00Z,0,22.4,0
2025-11-21T02:45:00Z,0,22.4,0
2025-11-21T03:00:00Z,0,22.3,0
2025-11-21T03:15:00Z,0,22,0
2025-11-21T03:30:00Z,0,22,0
2025-11-21T03:45:00Z,0,21.9,0
2025-11-21T04:00:00Z,0,21.9,0
2025-11-21T04:15:00Z,0,21.8,0
2025-11-21T04:30:00Z,0,21.7,0
2025-11-21T04:45:00Z,0,21.5,0
2025-11-21T05:00:00Z,0,21.01,0
2025-11-21T05:15:00Z,0,20.51,0
2025-11-21T05:30:00Z,0,20.1,30.26
2025-11-21T05:45:00Z,0,19.7,121
2025-11-21T06:00:00Z,0.791,19.3,181.6
2025-11-21T06:15:00Z,7.821,19.1,30.26
2025-11-21T06:30:00Z,12.45,19.2,90.8
2025-11-21T06:45:00Z,21.1,18.9,60.52
2025-11-21T07:00:00Z,27.53,18.6,90.8
2025-11-21T07:15:00Z,26.41,18.8,90.8
2025-11-21T07:30:00Z,17.99,19.2,30.26
2025-11-21T07:45:00Z,29.27,19.5,30.26
2025-11-21T08:00:00Z,57.68,19.5,0
2025-11-21T08:15:00Z,87.7,19.5,0
2025-11-21T08:30:00Z,141.7,19.5,0
2025-11-21T08:45:00Z,245,19.5,0
2025-11-21T09:00:00Z,261.3,20.09,0
2025-11-21T09:15:00Z,254.5,20.1,0
2025-11-21T09:30:00Z,287,20.4,0
2025-11-21T09:45:00Z,299.8,20.8,0
2025-11-21T10:00:00Z,362.5,21.2,0
2025-11-21T10:15:00Z,254.4,21.5,0
2025-11-21T10:30:00Z,225.6,21.6,0
2025-11-21T10:45:00Z,241.1,21.5,0
2025-11-21T11:00:00Z,328.1,21.7,0
2025-11-21T11:15:00Z,158.2,21.8,0
2025-11-21T11:30:00Z,242.8,21.01,0
2025-11-21T11:45:00Z,701.8,21.69,0
2025-11-21T12:00:00Z,349.9,22,0
2025-11-21T12:15:00Z,983,23.09,0
2025-11-21T12:30:00Z,1128,23.79,0
2025-11-21T12:45:00Z,1151,24.29,0
2025-11-21T13:00:00Z,707.9,24.2,0
2025-11-21T13:15:00Z,360.8,23.8,0
2025-11-21T13:30:00Z,184.1,23.11,0
2025-11-21T13:45:00Z,74.91,22.7,0
2025-11-21T14:00:00Z,61.93,20.03,60.52
2025-11-21T14:15:00Z,106.3,19.01,151.3
2025-11-21T14:30:00Z,153.5,18.8,60.52
2025-11-21T14:45:00Z,283.8,19.39,0
2025-11-21T15:00:00Z,713.4,20.98,0
2025-11-21T15:15:00Z,740.2,21.79,0
2025-11-21T15:30:00Z,592.2,22.39,0
2025-11-21T15:45:00Z,600.9,22.6,0
2025-11-21T16:00:00Z,431.4,22.6,0
2025-11-21T16:15:00Z,243.2,22.3,0
2025-11-21T16:30:00Z,145.9,22,0
2025-11-21T16:45:00Z,117.8,21.8,0
2025-11-21T17:00:00Z,114.8,21.5,0
2025-11-21T17:15:00Z,131.9,21.5,0
2025-11-21T17:30:00Z,158.3,21.6,0
2025-11-21T17:45:00Z,63.67,21.11,0
2025-11-21T18:00:00Z,34.71,21,0
2025-11-21T18:15:00Z,20.46,20.7,0
2025-11-21T18:30:00Z,16.54,20.6,0
2025-11-21T18:45:00Z,1.568,20.4,0
2025-11-21T19:00:00Z,0.016,20.2,0
2025-11-21T19:15:00Z,0,20.1,0
2025-11-21T19:30:00Z,0,20,0
2025-11-21T19:45:00Z,0,19.9,0
2025-11-21T20:00:00Z,0,19.9,0
2025-11-21T20:15:00Z,0,19.8,0
2025-11-21T20:30:00Z,0,19.8,0
2025-11-21T20:45:00Z,0,19.8,0
2025-11-21T21:00:00Z,0,19.8,0
2025-11-21T21:15:00Z,0,19.8,0
2025-11-21T21:30:00Z,0,19.8,0
2025-11-21T21:45:00Z,0,19.7,0
2025-11-21T22:00:00Z,0,19.5,0
2025-11-21T22:15:00Z,0,19.4,0
2025-11-21T22:30:00Z,0,19.7,0
2025-11-21T22:45:00Z,0,19.9,0
2025-11-21T23:00:00Z,0,19.9,0
2025-11-21T23:15:00Z,0,19.9,0
2025-11-21T23:30:00Z,0,19.9,0
2025-11-21T23:45:00Z,0,19.8,0
2025-11-22T00:00:00Z,0,19.8,0
2025-11-22T00:15:00Z,0,19.8,0
2025-11-22T00:30:00Z,0,19.6,0
2025-11-22T00:45:00Z,0,19.5,0
2025-11-22T01:00:00Z,0,19.6,0
2025-11-22T01:15:00Z,0,19.6,0
2025-11-22T01:30:00Z,0,19.4,0
2025-11-22T01:45:00Z,0,19.3,0
2025-11-22T02:00:00Z,0,19.3,0
2025-11-22T02:15:00Z,0,19.1,0
2025-11-22T02:30:00Z,0,19,0
2025-11-22T02:45:00Z,0,19,0
2025-11-22T03:00:00Z,0,19,0
2025-11-22T03:15:00Z,0,19.1,0
2025-11-22T03:30:00Z,0,19.3,0
2025-11-22T03:45:00Z,0,19.2,0
2025-11-22T04:00:00Z,0,19.2,0
2025-11-22T04:15:00Z,0,19.2,0
2025-11-22T04:30:00Z,0,19.1,0
2025-11-22T04:45:00Z,0,19,0
2025-11-22T05:00:00Z,0,18.9,0
2025-11-22T05:15:00Z,0,18.5,0
2025-11-22T05:30:00Z,0,18.4,0
2025-11-22T05:45:00Z,0,18.3,0
2025-11-22T06:00:00Z,1.582,18.4,0
2025-11-22T06:15:00Z,18.61,17.91,0
2025-11-22T06:30:00Z,35.51,18.39,0
2025-11-22T06:45:00Z,62,18.3,0
2025-11-22T07:00:00Z,82.9,18.99,0
2025-11-22T07:15:00Z,107.5,19.49,0
2025-11-22T07:30:00Z,197.6,19.9,0
2025-11-22T07:45:00Z,184.7,20.49,0
2025-11-22T08:00:00Z,137.2,20.7,0
2025-11-22T08:15:00Z,257.1,20.8,0
2025-11-22T08:30:00Z,305.5,21,0
2025-11-22T08:45:00Z,383.2,21.49,0
2025-11-22T09:00:00Z,454,22.09,0
2025-11-22T09:15:00Z,414,22.1,0
2025-11-22T09:30:00Z,433.3,22.2,0
2025-11-22T09:45:00Z,431.3,22.4,0
2025-11-22T10:00:00Z,495,22.7,0
2025-11-22T10:15:00Z,510.5,22.4,0
2025-11-22T10:30:00Z,683.1,22.89,0
2025-11-22T10:45:00Z,731.4,22.9,0
2025-11-22T11:00:00Z,939,23.69,0
2025-11-22T11:15:00Z,482.3,23.01,0
2025-11-22T11:30:00Z,656.2,23.59,0
2025-11-22T11:45:00Z,936,24.09,0
2025-11-22T12:00:00Z,625.6,23.8,0
2025-11-22T12:15:00Z,652.4,23.9,0
2025-11-22T12:30:00Z,631.9,24.1,0
2025-11-22T12:45:00Z,274.9,23.9,0
2025-11-22T13:00:00Z,206.7,22.42,60.52
2025-11-22T13:15:00Z,274.5,22.1,0
2025-11-22T13:30:00Z,384.6,22.99,0
2025-11-22T13:45:00Z,503.4,23.89,0
2025-11-22T14:00:00Z,457.9,24.3,0
2025-11-22T14:15:00Z,231.6,23.9,0
2025-11-22T14:30:00Z,80.3,21.03,181.6
2025-11-22T14:45:00Z,108.6,18.73,453.9
2025-11-22T15:00:00Z,187.5,18.8,30.26
2025-11-22T15:15:00Z,146.5,18.6,0
2025-11-22T15:30:00Z,141.4,19,0
2025-11-22T15:45:00Z,118.4,19.1,0
2025-11-22T16:00:00Z,81.1,19.5,0
2025-11-22T16:15:00Z,78.52,19.7,0
2025-11-22T16:30:00Z,106.8,19.6,0
2025-11-22T16:45:00Z,123,19.5,30.26
2025-11-22T17:00:00Z,78.11,19.7,0
2025-11-22T17:15:00Z,75.03,19.3,0
2025-11-22T17:30:00Z,77.08,19.4,0
2025-11-22T17:45:00Z,66.32,19.4,30.26
2025-11-22T18:00:00Z,33.76,19.5,0
2025-11-22T18:15:00Z,16.09,19.4,0
2025-11-22T18:30:00Z,5.616,19.6,0
2025-11-22T18:45:00Z,0.061,19.5,0
2025-11-22T19:00:00Z,0,19.4,0
2025-11-22T19:15:00Z,0,19.3,0
2025-11-22T19:30:00Z,0,19.4,0
2025-11-22T19:45:00Z,0,19.5,0
2025-11-22T20:00:00Z,0,19.5,0
2025-11-22T20:15:00Z,0,19.7,0
2025-11-22T20:30:00Z,0,19.8,0
2025-11-22T20:45:00Z,0,19.9,30.26
2025-11-22T21:00:00Z,0,19.8,0
2025-11-22T21:15:00Z,0,19.6,30.26
2025-11-22T21:30:00Z,0,19.5,0
2025-11-22T21:45:00Z,0,19.1,0
2025-11-22T22:00:00Z,0,19.1,30.26
2025-11-22T22:15:00Z,0,19.1,0
2025-11-22T22:30:00Z,0,18.9,30.26
2025-11-22T22:45:00Z,0,18.9,30.26
2025-11-22T23:00:00Z,0,18.9,30.26
2025-11-22T23:15:00Z,0,18.8,0
2025-11-22T23:30:00Z,0,18.8,0
2025-11-22T23:45:00Z,0,18.7,30.26
2025-11-23T00:00:00Z,0,18.8,0
2025-11-23T00:15:00Z,0,19.1,0
2025-11-23T00:30:00Z,0,19.1,0
2025-11-23T00:45:00Z,0,19,0
2025-11-23T01:00:00Z,0,18.8,0
2025-11-23T01:15:00Z,0,19,0
2025-11-23T01:30:00Z,0,18.9,0
2025-11-23T01:45:00Z,0,18.7,0
2025-11-23T02:00:00Z,0,18.8,0
2025-11-23T02:15:00Z,0,19,0
2025-11-23T02:30:00Z,0,19.1,0
2025-11-23T02:45:00Z,0,19,0
2025-11-23T03:00:00Z,0,19.2,0
2025-11-23T03:15:00Z,0,19.3,0
2025-11-23T03:30:00Z,0,19.4,0
2025-11-23T03:45:00Z,0,19.4,0
2025-11-23T04:00:00Z,0,19.3,0
2025-11-23T04:15:00Z,0,19.3,0
2025-11-23T04:30:00Z,0,19.2,0
2025-11-23T04:45:00Z,0,19.2,0
2025-11-23T05:00:00Z,0,19.3,0
2025-11-23T05:15:00Z,0,19.3,0
2025-11-23T05:30:00Z,0,19.3,0
2025-11-23T05:45:00Z,0,19.1,0
2025-11-23T06:00:00Z,0,19.1,0
2025-11-23T06:15:00Z,10.48,19.1,0
2025-11-23T06:30:00Z,20.98,19.2,0
2025-11-23T06:45:00Z,28.81,19.2,0
2025-11-23T07:00:00Z,42.15,19.3,0
2025-11-23T07:15:00Z,83.1,19.3,0
2025-11-23T07:30:00Z,89.3,19.4,0
2025-11-23T07:45:00Z,131.7,19.3,0
2025-11-23T08:00:00Z,114.4,19.4,0
2025-11-23T08:15:00Z,131.9,19.4,0
2025-11-23T08:30:00Z,175.2,19.4,0
2025-11-23T08:45:00Z,234,19.5,0
2025-11-23T09:00:00Z,322.7,19.6,0
2025-11-23T09:15:00Z,370.7,20,0
2025-11-23T09:30:00Z,466.6,20.69,0
2025-11-23T09:45:00Z,628.5,21.79,0
2025-11-23T10:00:00Z,647.8,22.2,0
2025-11-23T10:15:00Z,712.3,22.4,0
2025-11-23T10:30:00Z,610.5,22.8,0
2025-11-23T10:45:00Z,667.3,22.9,0
2025-11-23T11:00:00Z,559.9,23.1,0
2025-11-23T11:15:00Z,901,23.99,0
2025-11-23T11:30:00Z,644.3,24,0
2025-11-23T11:45:00Z,644.2,23.8,0
2025-11-23T12:00:00Z,814,24.1,0
2025-11-23T12:15:00Z,968,24,0
2025-11-23T12:30:00Z,907,24.3,0
2025-11-23T12:45:00Z,705.6,24.4,0
2025-11-23T13:00:00Z,814,24.5,0
2025-11-23T13:15:00Z,997,24.7,0
2025-11-23T13:30:00Z,612.8,24.6,0
2025-11-23T13:45:00Z,673.7,25.09,0
2025-11-23T14:00:00Z,934,25.69,0
2025-11-23T14:15:00Z,702.4,25.7,0
2025-11-23T14:30:00Z,294,24.71,0
2025-11-23T14:45:00Z,647.3,25.19,0
2025-11-23T15:00:00Z,373,25.2,0
2025-11-23T15:15:00Z,114.6,24.8,0
2025-11-23T15:30:00Z,85.7,22.72,0
2025-11-23T15:45:00Z,174.5,20.92,0
2025-11-23T16:00:00Z,216.2,20.11,30.26
2025-11-23T16:15:00Z,291.6,21.29,0
2025-11-23T16:30:00Z,373.2,21.2,0
2025-11-23T16:45:00Z,459,22.39,0
2025-11-23T17:00:00Z,358.6,22.99,0
2025-11-23T17:15:00Z,52.53,22.9,0
2025-11-23T17:30:00Z,72.44,22.5,0
2025-11-23T17:45:00Z,73.19,22.5,0
2025-11-23T18:00:00Z,51.05,22.4,0
2025-11-23T18:15:00Z,24.4,22.2,0
2025-11-23T18:30:00Z,4.916,21.71,0
2025-11-23T18:45:00Z,0.052,21.4,0
2025-11-23T19:00:00Z,0,21.2,0
2025-11-23T19:15:00Z,0,21.1,0
2025-11-23T19:30:00Z,0,21.1,0
2025-11-23T19:45:00Z,0,20.9,0
2025-11-23T20:00:00Z,0,20.8,0
2025-11-23T20:15:00Z,0,20.8,0
2025-11-23T20:30:00Z,0,20.8,0
2025-11-23T20:45:00Z,0,20.7,0
2025-11-23T21:00:00Z,0,20.7,0
2025-11-23T21:15:00Z,0,20.8,0
2025-11-23T21:30:00Z,0,20.9,0
2025-11-23T21:45:00Z,0,20.6,0
2025-11-23T22:00:00Z,0,20.5,0
2025-11-23T22:15:00Z,0,20.6,0
2025-11-23T22:30:00Z,0,20.3,0
2025-11-23T22:45:00Z,0,20.3,0
2025-11-23T23:00:00Z,0,20.1,0
2025-11-23T23:15:00Z,0,20.4,0
2025-11-23T23:30:00Z,0,20.89,0
2025-11-23T23:45:00Z,0,20.7,0
2025-11-24T00:00:00Z,0,20.8,0
2025-11-24T00:15:00Z,0,20.11,0
2025-11-24T00:30:00Z,0,19.9,30.26
2025-11-24T00:45:00Z,0,19.8,60.52
2025-11-24T01:00:00Z,0,19.6,211.8
2025-11-24T01:15:00Z,0,19.6,60.52
2025-11-24T01:30:00Z,0,19.4,0
2025-11-24T01:45:00Z,0,19.4,30.26
2025-11-24T02:00:00Z,0,19.6,0
2025-11-24T02:15:00Z,0,19.7,0
2025-11-24T02:30:00Z,0,19.3,0
2025-11-24T02:45:00Z,0,19.2,0
2025-11-24T03:00:00Z,0,19.6,0
2025-11-24T03:15:00Z,0,19.7,30.26
2025-11-24T03:30:00Z,0,19.6,0
2025-11-24T03:45:00Z,0,19.4,0
2025-11-24T04:00:00Z,0,19.4,0
2025-11-24T04:15:00Z,0,19.4,0
2025-11-24T04:30:00Z,0,19.2,0
2025-11-24T04:45:00Z,0,19.4,0
2025-11-24T05:00:00Z,0,19.4,0
2025-11-24T05:15:00Z,0,19.4,0
2025-11-24T05:30:00Z,0,19.4,0
2025-11-24T05:45:00Z,0,19.4,0
2025-11-24T06:00:00Z,0,19.6,0
2025-11-24T06:15:00Z,0,19.6,0
2025-11-24T06:30:00Z,3.461,19.4,0
2025-11-24T06:45:00Z,15.47,19.3,0
2025-11-24T07:00:00Z,37.95,19.3,30.26
2025-11-24T07:15:00Z,86.7,19.1,30.26
2025-11-24T07:30:00Z,105,19.4,0
2025-11-24T07:45:00Z,136.7,19.7,0
2025-11-24T08:00:00Z,173.9,20,0
2025-11-24T08:15:00Z,180.3,20.2,0
2025-11-24T08:30:00Z,213.9,20.6,0
2025-11-24T08:45:00Z,302.9,21.19,0
2025-11-24T09:00:00Z,429.9,22.29,0
2025-11-24T09:15:00Z,564.7,23.49,0
2025-11-24T09:30:00Z,469.7,23.7,0
2025-11-24T09:45:00Z,445.4,23.6,0
2025-11-24T10:00:00Z,553.5,24.19,0
2025-11-24T10:15:00Z,434.2,24,0
2025-11-24T10:30:00Z,421.5,23.9,0
2025-11-24T10:45:00Z,310,23.7,0
2025-11-24T11:00:00Z,267.4,23.4,0
2025-11-24T11:15:00Z,230.5,23.4,0
2025-11-24T11:30:00Z,348.1,23.4,0
2025-11-24T11:45:00Z,427.8,23.99,0
2025-11-24T12:00:00Z,784.5,24.59,0
2025-11-24T12:15:00Z,967,25.09,0
2025-11-24T12:30:00Z,860,25.3,0
2025-11-24T12:45:00Z,1008,25.3,0
2025-11-24T13:00:00Z,820,25.5,0
2025-11-24T13:15:00Z,615.7,25.01,0
2025-11-24T13:30:00Z,646.2,25.1,0
2025-11-24T13:45:00Z,450.6,24.61,0
2025-11-24T14:00:00Z,426.4,24.5,0
2025-11-24T14:15:00Z,749.7,25.19,0
2025-11-24T14:30:00Z,248.3,22.63,0
2025-11-24T14:45:00Z,760.9,23.29,0
2025-11-24T15:00:00Z,892,24.88,0
2025-11-24T15:15:00Z,866,25.39,0
2025-11-24T15:30:00Z,527,25.2,0
2025-11-24T15:45:00Z,251.1,24.71,0
2025-11-24T16:00:00Z,116.6,24.4,0
2025-11-24T16:15:00Z,114.1,24,0
2025-11-24T16:30:00Z,89.8,23.31,0
2025-11-24T16:45:00Z,51.63,21.42,0
2025-11-24T17:00:00Z,8.78,20.11,786.8
2025-11-24T17:15:00Z,14.73,19.01,605.2
2025-11-24T17:30:00Z,27.16,18.51,211.8
2025-11-24T17:45:00Z,71.5,18.7,60.52
2025-11-24T18:00:00Z,71.6,19.19,0
2025-11-24T18:15:00Z,27.89,19.69,0
2025-11-24T18:30:00Z,22.46,19.8,0
2025-11-24T18:45:00Z,0.743,19.8,0
2025-11-24T19:00:00Z,0.006,19.6,0
2025-11-24T19:15:00Z,0,19.7,0
2025-11-24T19:30:00Z,0,19.8,0
2025-11-24T19:45:00Z,0,19.8,0
2025-11-24T20:00:00Z,0,19.6,0
2025-11-24T20:15:00Z,0,19.4,0
2025-11-24T20:30:00Z,0,19.2,0
2025-11-24T20:45:00Z,0,19.1,0
2025-11-24T21:00:00Z,0,19,0
2025-11-24T21:15:00Z,0,19.2,0
2025-11-24T21:30:00Z,0,19.3,0
2025-11-24T21:45:00Z,0,19.2,0
2025-11-24T22:00:00Z,0,19.3,0
2025-11-24T22:15:00Z,0,19.5,0
2025-11-24T22:30:00Z,0,19.7,0
2025-11-24T22:45:00Z,0,19.8,0
2025-11-24T23:00:00Z,0,19.8,0
2025-11-24T23:15:00Z,0,19.8,0
2025-11-24T23:30:00Z,0,19.9,0
2025-11-24T23:45:00Z,0,19.8,0
2025-11-25T00:00:00Z,0,19.6,0
2025-11-25T00:15:00Z,0,19.7,0
2025-11-25T00:30:00Z,0,19.6,0
2025-11-25T00:45:00Z,0,19.6,0
2025-11-25T01:00:00Z,0,19.5,0
2025-11-25T01:15:00Z,0,19.5,0
2025-11-25T01:30:00Z,0,19.5,0
2025-11-25T01:45:00Z,0,19.5,0
2025-11-25T02:00:00Z,0,19.6,0
2025-11-25T02:15:00Z,0,19.7,0
2025-11-25T02:30:00Z,0,19.7,0
2025-11-25T02:45:00Z,0,19.6,0
2025-11-25T03:00:00Z,0,19.5,0
2025-11-25T03:15:00Z,0,19.2,0
2025-11-25T03:30:00Z,0,19,0
2025-11-25T03:45:00Z,0,18.9,0
2025-11-25T04:00:00Z,0,18.7,0
2025-11-25T04:15:00Z,0,18.7,0
2025-11-25T04:30:00Z,0,18.7,0
2025-11-25T04:45:00Z,0,19,0
2025-11-25T05:00:00Z,0,19.1,0
2025-11-25T05:15:00Z,0,18.9,0
2025-11-25T05:30:00Z,0,18.7,0
2025-11-25T05:45:00Z,0,18.8,0
2025-11-25T06:00:00Z,0,18.9,0
2025-11-25T06:15:00Z,8.9,19.2,0
2025-11-25T06:30:00Z,24.62,19.79,0
2025-11-25T06:45:00Z,28.36,19.9,0
2025-11-25T07:00:00Z,34.53,19.9,0
2025-11-25T07:15:00Z,58.63,19.9,0
2025-11-25T07:30:00Z,109.8,20,0
2025-11-25T07:45:00Z,138.6,20.2,0
2025-11-25T08:00:00Z,159.3,20.3,0
2025-11-25T08:15:00Z,206.3,20.3,0
2025-11-25T08:30:00Z,196.3,20.3,0
2025-11-25T08:45:00Z,207.3,20.5,0
2025-11-25T09:00:00Z,197.3,20.5,0
2025-11-25T09:15:00Z,164,20.6,0
2025-11-25T09:30:00Z,190.7,20.6,0
2025-11-25T09:45:00Z,174.7,20.7,0
2025-11-25T10:00:00Z,203.5,20.6,0
2025-11-25T10:15:00Z,266.9,20.8,0
2025-11-25T10:30:00Z,171.3,20.9,0
2025-11-25T10:45:00Z,96.7,21,0
2025-11-25T11:00:00Z,65.94,20.7,0
2025-11-25T11:15:00Z,18.43,18.23,90.8
2025-11-25T11:30:00Z,99.4,17.11,90.8
2025-11-25T11:45:00Z,165.7,17.1,121
2025-11-25T12:00:00Z,218.9,17.2,30.26
2025-11-25T12:15:00Z,376.9,17.5,0
2025-11-25T12:30:00Z,423,17.8,0
2025-11-25T12:45:00Z,809,19.18,0
2025-11-25T13:00:00Z,817,20.49,0
2025-11-25T13:15:00Z,803,21.19,0
2025-11-25T13:30:00Z,813,22.19,0
2025-11-25T13:45:00Z,734.4,22.6,0
2025-11-25T14:00:00Z,690,22.9,0
2025-11-25T14:15:00Z,820,23.1,0
2025-11-25T14:30:00Z,767.9,23.1,0
2025-11-25T14:45:00Z,879,23.99,0
2025-11-25T15:00:00Z,764.8,24.2,0
2025-11-25T15:15:00Z,694.9,23.61,0
2025-11-25T15:30:00Z,778.8,24.19,0
2025-11-25T15:45:00Z,642.8,24.1,0
2025-11-25T16:00:00Z,684.3,24.2,0
2025-11-25T16:15:00Z,618.2,24.6,0
2025-11-25T16:30:00Z,393.6,23.91,0
2025-11-25T16:45:00Z,390.1,24,0
2025-11-25T17:00:00Z,346.5,23.9,0
2025-11-25T17:15:00Z,175.8,23.8,0
2025-11-25T17:30:00Z,71.45,23.31,0
2025-11-25T17:45:00Z,68.82,23.1,0
2025-11-25T18:00:00Z,42.79,22.9,0
2025-11-25T18:15:00Z,25.19,22.8,0
2025-11-25T18:30:00Z,9.08,22.6,0
2025-11-25T18:45:00Z,0.099,22.5,0
2025-11-25T19:00:00Z,0,22.3,0
2025-11-25T19:15:00Z,0,22,0
2025-11-25T19:30:00Z,0,21.6,0
2025-11-25T19:45:00Z,0,21.4,0
2025-11-25T20:00:00Z,0,21.6,0
2025-11-25T20:15:00Z,0,21.01,0
2025-11-25T20:30:00Z,0,21,0
2025-11-25T20:45:00Z,0,21.1,0
2025-11-25T21:00:00Z,0,21.59,0
2025-11-25T21:15:00Z,0,21.8,0
2025-11-25T21:30:00Z,0,22,0
2025-11-25T21:45:00Z,0,22,0
2025-11-25T22:00:00Z,0,22.1,0
2025-11-25T22:15:00Z,0,22.1,0
2025-11-25T22:30:00Z,0,22,0
2025-11-25T22:45:00Z,0,21.9,0
2025-11-25T23:00:00Z,0,21.7,0
2025-11-25T23:15:00Z,0,21.7,0
2025-11-25T23:30:00Z,0,21.6,0
2025-11-25T23:45:00Z,0,21.6,0
2025-11-26T00:00:00Z,0,21.4,0
2025-11-26T00:15:00Z,0,20.61,0
2025-11-26T00:30:00Z,0,20.5,0
2025-11-26T00:45:00Z,0,20.3,0
2025-11-26T01:00:00Z,0,20.2,0
2025-11-26T01:15:00Z,0,20.3,0
2025-11-26T01:30:00Z,0,20.4,0
2025-11-26T01:45:00Z,0,20.4,0
2025-11-26T02:00:00Z,0,20.5,0
2025-11-26T02:15:00Z,0,20.5,0
2025-11-26T02:30:00Z,0,20.4,0
2025-11-26T02:45:00Z,0,20.3,0
2025-11-26T03:00:00Z,0,20.4,0
2025-11-26T03:15:00Z,0,20.6,0
2025-11-26T03:30:00Z,0,20.5,0
2025-11-26T03:45:00Z,0,20.2,0
2025-11-26T04:00:00Z,0,19.9,0
2025-11-26T04:15:00Z,0,19.9,0
2025-11-26T04:30:00Z,0,20.2,0
2025-11-26T04:45:00Z,0,20.3,0
2025-11-26T05:00:00Z,0,20.2,0
2025-11-26T05:15:00Z,0,20,0
2025-11-26T05:30:00Z,0,20.2,0
2025-11-26T05:45:00Z,0,20.2,0
2025-11-26T06:00:00Z,2.274,20.1,0
2025-11-26T06:15:00Z,18.62,20,0
2025-11-26T06:30:00Z,31.95,19.9,0
2025-11-26T06:45:00Z,61.47,20.1,0
2025-11-26T07:00:00Z,109,20.5,0
2025-11-26T07:15:00Z,141,20.6,0
2025-11-26T07:30:00Z,204.7,21.19,0
2025-11-26T07:45:00Z,143.4,21.2,0
2025-11-26T08:00:00Z,152.5,21.2,0
2025-11-26T08:15:00Z,146.2,21.3,0
2025-11-26T08:30:00Z,160.5,21.5,0
2025-11-26T08:45:00Z,200.4,21.6,0
2025-11-26T09:00:00Z,293.4,21.9,0
2025-11-26T09:15:00Z,395.1,22.3,0
2025-11-26T09:30:00Z,364.7,22.5,0
2025-11-26T09:45:00Z,347.2,22.7,0
2025-11-26T10:00:00Z,577.5,23.49,0
2025-11-26T10:15:00Z,598.9,23.9,0
2025-11-26T10:30:00Z,761.3,24.2,0
2025-11-26T10:45:00Z,817,24.4,0
2025-11-26T11:00:00Z,980,24.7,0
2025-11-26T11:15:00Z,651.8,24.21,0
2025-11-26T11:30:00Z,681.4,24,0
2025-11-26T11:45:00Z,935,24.69,0
2025-11-26T12:00:00Z,990,24.9,0
2025-11-26T12:15:00Z,957,25,0
2025-11-26T12:30:00Z,876,25.2,0
2025-11-26T12:45:00Z,1200,25.69,0
2025-11-26T13:00:00Z,832,25.5,0
2025-11-26T13:15:00Z,836,25.5,0
2025-11-26T13:30:00Z,613.9,25.4,0
2025-11-26T13:45:00Z,897,25.99,0
2025-11-26T14:00:00Z,344.2,25.31,0
2025-11-26T14:15:00Z,297.9,25,0
2025-11-26T14:30:00Z,246.2,24.31,0
2025-11-26T14:45:00Z,237.1,23.51,0
2025-11-26T15:00:00Z,146.8,23.01,0
2025-11-26T15:15:00Z,101.3,22.8,0
2025-11-26T15:30:00Z,80.7,22.9,0
2025-11-26T15:45:00Z,51.92,22.21,0
2025-11-26T16:00:00Z,28.46,21.01,0
2025-11-26T16:15:00Z,36.11,19.22,90.8
2025-11-26T16:30:00Z,61.12,19.69,0
2025-11-26T16:45:00Z,73.37,20,0
2025-11-26T17:00:00Z,66.38,19.9,0
2025-11-26T17:15:00Z,72.23,19.9,0
2025-11-26T17:30:00Z,70.92,20.2,0
2025-11-26T17:45:00Z,58.64,20.69,0
2025-11-26T18:00:00Z,50.79,20.8,0
2025-11-26T18:15:00Z,44.27,20.8,0
2025-11-26T18:30:00Z,28.87,21,0
2025-11-26T18:45:00Z,4.373,21,0
2025-11-26T19:00:00Z,0.046,20.8,0
2025-11-26T19:15:00Z,0,21,0
2025-11-26T19:30:00Z,0,20.8,0
2025-11-26T19:45:00Z,0,20.6,0
2025-11-26T20:00:00Z,0,20.4,0
2025-11-26T20:15:00Z,0,20.7,0
2025-11-26T20:30:00Z,0,20.5,0
2025-11-26T20:45:00Z,0,20.6,0
2025-11-26T21:00:00Z,0,20.4,0
2025-11-26T21:15:00Z,0,20.5,0
2025-11-26T21:30:00Z,0,20.3,0
2025-11-26T21:45:00Z,0,20.1,0
2025-11-26T22:00:00Z,0,19.9,0
2025-11-26T22:15:00Z,0,20,0
2025-11-26T22:30:00Z,0,20.1,0
2025-11-26T22:45:00Z,0,20.3,0
2025-11-26T23:00:00Z,0,20.2,0
2025-11-26T23:15:00Z,0,20.1,0
2025-11-26T23:30:00Z,0,19.9,0
2025-11-26T23:45:00Z,0,19.9,0
2025-11-27T00:00:00Z,0,19.8,0
2025-11-27T00:15:00Z,0,19.6,0
2025-11-27T00:30:00Z,0,19.4,0
2025-11-27T00:45:00Z,0,19.2,0
2025-11-27T01:00:00Z,0,19.1,0
2025-11-27T01:15:00Z,0,18.9,0
2025-11-27T01:30:00Z,0,18.9,0
2025-11-27T01:45:00Z,0,18.8,0
2025-11-27T02:00:00Z,0,18.31,0
2025-11-27T02:15:00Z,0,18,0
2025-11-27T02:30:00Z,0,18,0
2025-11-27T02:45:00Z,0,17.8,0
2025-11-27T03:00:00Z,0,17.6,0
2025-11-27T03:15:00Z,0,17.5,0
2025-11-27T03:30:00Z,0,17.3,0
2025-11-27T03:45:00Z,0,17.4,0
2025-11-27T04:00:00Z,0,17.5,0
2025-11-27T04:15:00Z,0,17.3,0
2025-11-27T04:30:00Z,0,17.3,0
2025-11-27T04:45:00Z,0,17.4,0
2025-11-27T05:00:00Z,0,17.2,0
2025-11-27T05:15:00Z,0,17.1,0
2025-11-27T05:30:00Z,0,17.3,0
2025-11-27T05:45:00Z,0,16.71,0
2025-11-27T06:00:00Z,3.066,17,0
2025-11-27T06:15:00Z,21.69,17.49,0
2025-11-27T06:30:00Z,47.71,17.7,0
2025-11-27T06:45:00Z,119.7,18.99,0
2025-11-27T07:00:00Z,170.7,20.88,0
2025-11-27T07:15:00Z,121.6,21.3,0
2025-11-27T07:30:00Z,129.5,21.89,0
2025-11-27T07:45:00Z,313.7,22.39,0
2025-11-27T08:00:00Z,362.4,23.49,0
2025-11-27T08:15:00Z,361.4,24.09,0
2025-11-27T08:30:00Z,339.1,24.3,0
2025-11-27T08:45:00Z,435.1,24.3,0
2025-11-27T09:00:00Z,555.4,24.99,0
2025-11-27T09:15:00Z,453.1,24.51,0
2025-11-27T09:30:00Z,475.9,24.9,0
2025-11-27T09:45:00Z,476.2,24.01,0
2025-11-27T10:00:00Z,831,24.99,0
2025-11-27T10:15:00Z,778.9,25.1,0
2025-11-27T10:30:00Z,492.6,24.41,0
2025-11-27T10:45:00Z,892,25.09,0
2025-11-27T11:00:00Z,1068,25.5,0
2025-11-27T11:15:00Z,527,24.81,0
2025-11-27T11:30:00Z,858,25.29,0
2025-11-27T11:45:00Z,533,24.81,0
2025-11-27T12:00:00Z,494.8,25,0
2025-11-27T12:15:00Z,506.7,25.2,0
2025-11-27T12:30:00Z,665.5,25.4,0
2025-11-27T12:45:00Z,403.7,25.3,0
2025-11-27T13:00:00Z,888,26.19,0
2025-11-27T13:15:00Z,618.9,26.3,0
2025-11-27T13:30:00Z,490.3,24.92,0
2025-11-27T13:45:00Z,439.4,22.72,0
2025-11-27T14:00:00Z,270.8,23,0
2025-11-27T14:15:00Z,324.4,22.51,0
2025-11-27T14:30:00Z,245.3,22.4,30.26
2025-11-27T14:45:00Z,171.7,22,0
2025-11-27T15:00:00Z,400.7,21.8,30.26
2025-11-27T15:15:00Z,209.8,22,0
2025-11-27T15:30:00Z,394.5,22.2,30.26
2025-11-27T15:45:00Z,604.2,23.78,0
2025-11-27T16:00:00Z,674.2,24.99,0
2025-11-27T16:15:00Z,76.82,21.84,0
2025-11-27T16:30:00Z,55.56,20.22,0
2025-11-27T16:45:00Z,58.76,19.11,30.26
2025-11-27T17:00:00Z,57.42,18.7,30.26
2025-11-27T17:15:00Z,35.35,18.9,0
2025-11-27T17:30:00Z,19.38,18.9,0
2025-11-27T17:45:00Z,17.12,18.9,0
2025-11-27T18:00:00Z,12.25,19.39,0
2025-11-27T18:15:00Z,3.893,19.7,0
2025-11-27T18:30:00Z,0.042,19.6,0
2025-11-27T18:45:00Z,0,19.4,0
2025-11-27T19:00:00Z,0,19,0
2025-11-27T19:15:00Z,0,18.9,0
2025-11-27T19:30:00Z,0,18.9,0
2025-11-27T19:45:00Z,0,19.1,0
2025-11-27T20:00:00Z,0,19.2,0
2025-11-27T20:15:00Z,0,19.2,0
2025-11-27T20:30:00Z,0,19.3,0
2025-11-27T20:45:00Z,0,19.3,0
2025-11-27T21:00:00Z,0,18.9,0
2025-11-27T21:15:00Z,0,19,0
2025-11-27T21:30:00Z,0,19.2,0
2025-11-27T21:45:00Z,0,19.2,0
2025-11-27T22:00:00Z,0,19.1,0
2025-11-27T22:15:00Z,0,19.1,0
2025-11-27T22:30:00Z,0,19,0
2025-11-27T22:45:00Z,0,18.7,30.26
2025-11-27T23:00:00Z,0,18.5,0
2025-11-27T23:15:00Z,0,18.99,0
2025-11-27T23:30:00Z,0,19.1,0
2025-11-27T23:45:00Z,0,19.2,30.26
2025-11-28T00:00:00Z,0,19.1,30.26
2025-11-28T00:15:00Z,0,19.1,0.34
2025-11-28T00:30:00Z,0,19.1,30.26
2025-11-28T00:45:00Z,0,18.9,0
2025-11-28T01:00:00Z,0,18.7,0
2025-11-28T01:15:00Z,0,18.8,0
2025-11-28T01:30:00Z,0,18.7,0
2025-11-28T01:45:00Z,0,18.8,0
2025-11-28T02:00:00Z,0,18.9,0
2025-11-28T02:15:00Z,0,18.8,0
2025-11-28T02:30:00Z,0,19.49,0
2025-11-28T02:45:00Z,0,19.4,0
2025-11-28T03:00:00Z,0,19.5,0
2025-11-28T03:15:00Z,0,19.5,0
2025-11-28T03:30:00Z,0,19.5,0
2025-11-28T03:45:00Z,0,19.3,0
2025-11-28T04:00:00Z,0,19.2,0
2025-11-28T04:15:00Z,0,18.9,0
2025-11-28T04:30:00Z,0,18.9,0
2025-11-28T04:45:00Z,0,18.8,0
2025-11-28T05:00:00Z,0,18.7,0
2025-11-28T05:15:00Z,0,18.6,0
2025-11-28T05:30:00Z,0,18.7,0
2025-11-28T05:45:00Z,0,19,0
2025-11-28T06:00:00Z,0,18.9,0
2025-11-28T06:15:00Z,4.45,18.8,0
2025-11-28T06:30:00Z,14.39,18.9,0
2025-11-28T06:45:00Z,24.39,19,0
2025-11-28T07:00:00Z,38.94,19.1,30.26
2025-11-28T07:15:00Z,49.38,19.3,0
2025-11-28T07:30:00Z,46.73,19.5,0
2025-11-28T07:45:00Z,53.72,19.8,0
2025-11-28T08:00:00Z,64.78,20.1,0
2025-11-28T08:15:00Z,81.9,20,0
2025-11-28T08:30:00Z,101.1,19.8,0
2025-11-28T08:45:00Z,116.6,19.9,0
2025-11-28T09:00:00Z,136.4,20.1,0
2025-11-28T09:15:00Z,162.2,20.5,0
2025-11-28T09:30:00Z,211.1,20.5,0
2025-11-28T09:45:00Z,254.1,20.6,0
2025-11-28T10:00:00Z,319.8,20.4,0
2025-11-28T10:15:00Z,406.8,20.4,0
2025-11-28T10:30:00Z,343.8,20.8,0
2025-11-28T10:45:00Z,436.4,21.29,0
2025-11-28T11:00:00Z,725.7,22.09,0
2025-11-28T11:15:00Z,832,22.59,0
2025-11-28T11:30:00Z,630,22.4,0
2025-11-28T11:45:00Z,558.3,22.7,0
2025-11-28T12:00:00Z,446.9,22.5,0
2025-11-28T12:15:00Z,386.7,22.4,0
2025-11-28T12:30:00Z,585.4,22.89,0
2025-11-28T12:45:00Z,657.9,23.3,0
2025-11-28T13:00:00Z,535.3,23.3,0
2025-11-28T13:15:00Z,807,23.89,0
2025-11-28T13:30:00Z,624.5,24.1,0
2025-11-28T13:45:00Z,479.8,24.1,0
2025-11-28T14:00:00Z,458,23.9,0
2025-11-28T14:15:00Z,364.2,23.5,0
2025-11-28T14:30:00Z,362,23.5,0
2025-11-28T14:45:00Z,356.5,23.2,0
2025-11-28T15:00:00Z,606.8,23.69,0
2025-11-28T15:15:00Z,421.3,23.8,0
2025-11-28T15:30:00Z,663.2,24.39,30.26
2025-11-28T15:45:00Z,679.1,24.4,0.34
2025-11-28T16:00:00Z,683,24.89,0
2025-11-28T16:15:00Z,607.9,25.3,0
2025-11-28T16:30:00Z,534.1,25.3,0
2025-11-28T16:45:00Z,441.7,25.1,0
2025-11-28T17:00:00Z,391,24.7,0
2025-11-28T17:15:00Z,344.1,24.5,0
2025-11-28T17:30:00Z,296.5,24.6,0
2025-11-28T17:45:00Z,232.2,24.6,0
2025-11-28T18:00:00Z,105.5,24.01,0
2025-11-28T18:15:00Z,83.2,23.7,0
2025-11-28T18:30:00Z,13.09,23.01,0
2025-11-28T18:45:00Z,0.928,22.7,0
2025-11-28T19:00:00Z,0.009,21.71,0
2025-11-28T19:15:00Z,0,20.71,0
2025-11-28T19:30:00Z,0,20.4,0
2025-11-28T19:45:00Z,0,20.2,0
2025-11-28T20:00:00Z,0,19.41,0
2025-11-28T20:15:00Z,0,19.3,0
2025-11-28T20:30:00Z,0,19.5,0
2025-11-28T20:45:00Z,0,19.3,0
2025-11-28T21:00:00Z,0,20.09,0
2025-11-28T21:15:00Z,0,19.61,0
2025-11-28T21:30:00Z,0,19.9,0
2025-11-28T21:45:00Z,0,19.6,0
2025-11-28T22:00:00Z,0,18.71,0
2025-11-28T22:15:00Z,0,18.4,0
2025-11-28T22:30:00Z,0,18.1,0
2025-11-28T22:45:00Z,0,18,0
2025-11-28T23:00:00Z,0,17.8,0
2025-11-28T23:15:00Z,0,17.9,0
2025-11-28T23:30:00Z,0,17.6,0
2025-11-28T23:45:00Z,0,17.4,0
2025-11-29T00:00:00Z,0,17.3,0
2025-11-29T00:15:00Z,0,17.6,0
2025-11-29T00:30:00Z,0,17.5,0
2025-11-29T00:45:00Z,0,17.6,0
2025-11-29T01:00:00Z,0,17.4,0
2025-11-29T01:15:00Z,0,17.4,0
2025-11-29T01:30:00Z,0,17.1,0
2025-11-29T01:45:00Z,0,17.2,0
2025-11-29T02:00:00Z,0,17.3,0
2025-11-29T02:15:00Z,0,17.4,0
2025-11-29T02:30:00Z,0,17,0
2025-11-29T02:45:00Z,0,16.9,0
2025-11-29T03:00:00Z,0,16.7,0
2025-11-29T03:15:00Z,0,16.7,0
2025-11-29T03:30:00Z,0,16.5,0
2025-11-29T03:45:00Z,0,16.2,0
2025-11-29T04:00:00Z,0,16.1,0
2025-11-29T04:15:00Z,0,16.1,0
2025-11-29T04:30:00Z,0,15.51,0
2025-11-29T04:45:00Z,0,15.4,0
2025-11-29T05:00:00Z,0,15.5,0
2025-11-29T05:15:00Z,0,14.91,0
2025-11-29T05:30:00Z,0,15.49,0
2025-11-29T05:45:00Z,0,15.6,0
2025-11-29T06:00:00Z,3.659,15.5,0
2025-11-29T06:15:00Z,19.82,15.99,0
2025-11-29T06:30:00Z,37.5,16.69,0
2025-11-29T06:45:00Z,96.8,17.99,0
2025-11-29T07:00:00Z,134.8,20.18,0
2025-11-29T07:15:00Z,170.5,20.79,0
2025-11-29T07:30:00Z,202,21.69,0
2025-11-29T07:45:00Z,225.1,22.29,0
2025-11-29T08:00:00Z,274.4,22.89,0
2025-11-29T08:15:00Z,340.7,23.3,0
2025-11-29T08:30:00Z,414.8,24.09,0
2025-11-29T08:45:00Z,411.2,24.3,0
2025-11-29T09:00:00Z,506,25.19,0
2025-11-29T09:15:00Z,505.9,25.5,0
2025-11-29T09:30:00Z,604.8,26.09,0
2025-11-29T09:45:00Z,595,25.51,0
2025-11-29T10:00:00Z,690.3,25.7,0
2025-11-29T10:15:00Z,685.9,25.5,0
2025-11-29T10:30:00Z,751.9,25.5,0
2025-11-29T10:45:00Z,912,26.19,0
2025-11-29T11:00:00Z,940,26.4,0
2025-11-29T11:15:00Z,959,26.4,0
2025-11-29T11:30:00Z,968,26.3,0
2025-11-29T11:45:00Z,1016,26.3,0
2025-11-29T12:00:00Z,1025,26.5,0
2025-11-29T12:15:00Z,1038,26.7,0
2025-11-29T12:30:00Z,1016,26.7,0
2025-11-29T12:45:00Z,1082,27.1,0
2025-11-29T13:00:00Z,863,27.4,0
2025-11-29T13:15:00Z,955,27.3,0
2025-11-29T13:30:00Z,926,27.79,0
2025-11-29T13:45:00Z,774.1,27.4,0
2025-11-29T14:00:00Z,973,27.89,0
2025-11-29T14:15:00Z,641.6,27.41,0
2025-11-29T14:30:00Z,931,27.89,0
2025-11-29T14:45:00Z,875,28.2,0
2025-11-29T15:00:00Z,770.2,28.3,0
2025-11-29T15:15:00Z,403,24.25,0
2025-11-29T15:30:00Z,672.7,24.89,0
2025-11-29T15:45:00Z,676.2,26.19,0
2025-11-29T16:00:00Z,579.5,26.79,0
2025-11-29T16:15:00Z,103.4,26.21,0
2025-11-29T16:30:00Z,91.3,24.12,0
2025-11-29T16:45:00Z,101.3,22.81,0
2025-11-29T17:00:00Z,278.7,23.29,0
2025-11-29T17:15:00Z,394.5,24.59,0
2025-11-29T17:30:00Z,307.7,25.69,0
2025-11-29T17:45:00Z,198.6,26.19,0
2025-11-29T18:00:00Z,157.4,26.2,0
2025-11-29T18:15:00Z,116.6,25.8,0
2025-11-29T18:30:00Z,48.66,25.11,0
2025-11-29T18:45:00Z,7.059,24.31,0
2025-11-29T19:00:00Z,0.073,23.51,0
2025-11-29T19:15:00Z,0,22.81,0
2025-11-29T19:30:00Z,0,22.5,0
2025-11-29T19:45:00Z,0,21.81,0
2025-11-29T20:00:00Z,0,21.21,0
2025-11-29T20:15:00Z,0,20.71,0
2025-11-29T20:30:00Z,0,20.21,0
2025-11-29T20:45:00Z,0,20.5,0
2025-11-29T21:00:00Z,0,20.4,0
2025-11-29T21:15:00Z,0,20.8,0
2025-11-29T21:30:00Z,0,20.7,0
2025-11-29T21:45:00Z,0,21.29,0
2025-11-29T22:00:00Z,0,20.41,0
2025-11-29T22:15:00Z,0,20,0
2025-11-29T22:30:00Z,0,20,0
2025-11-29T22:45:00Z,0,20.1,0
2025-11-29T23:00:00Z,0,21.98,0
2025-11-29T23:15:00Z,0,22.3,0
2025-11-29T23:30:00Z,0,22.1,0
2025-11-29T23:45:00Z,0,21.9,0
2025-11-30T00:00:00Z,0,22,0
2025-11-30T00:15:00Z,0,21.8,0
2025-11-30T00:30:00Z,0,21.7,0
2025-11-30T00:45:00Z,0,21.5,0
2025-11-30T01:00:00Z,0,21.5,0
2025-11-30T01:15:00Z,0,21.4,0
2025-11-30T01:30:00Z,0,21.2,0
2025-11-30T01:45:00Z,0,21.1,0
2025-11-30T02:00:00Z,0,21,0
2025-11-30T02:15:00Z,0,21.1,0
2025-11-30T02:30:00Z,0,21.4,0
2025-11-30T02:45:00Z,0,21.5,0
2025-11-30T03:00:00Z,0,21.6,0
2025-11-30T03:15:00Z,0,21.6,0
2025-11-30T03:30:00Z,0,21.6,0
2025-11-30T03:45:00Z,0,21.4,0
2025-11-30T04:00:00Z,0,20.31,0
2025-11-30T04:15:00Z,0,20.5,0
2025-11-30T04:30:00Z,0,20.4,0
2025-11-30T04:45:00Z,0,20.5,0
2025-11-30T05:00:00Z,0,20.01,0
2025-11-30T05:15:00Z,0,19.7,0
2025-11-30T05:30:00Z,0,19.5,0
2025-11-30T05:45:00Z,0,18.31,0
2025-11-30T06:00:00Z,4.747,18.3,0
2025-11-30T06:15:00Z,18.64,18.3,0
2025-11-30T06:30:00Z,37.09,18.7,0
2025-11-30T06:45:00Z,82.6,20.28,0
2025-11-30T07:00:00Z,126.5,21.19,0
2025-11-30T07:15:00Z,156.1,21.1,0
2025-11-30T07:30:00Z,182,21,0
2025-11-30T07:45:00Z,165.5,21,0
2025-11-30T08:00:00Z,196.7,21.2,0
2025-11-30T08:15:00Z,262.5,21.6,0
2025-11-30T08:30:00Z,329.7,22.19,0
2025-11-30T08:45:00Z,434.2,22.89,0
2025-11-30T09:00:00Z,317.7,22.6,0
2025-11-30T09:15:00Z,392.5,22.9,0
2025-11-30T09:30:00Z,459.5,23.39,0
2025-11-30T09:45:00Z,735.6,23.99,0
2025-11-30T10:00:00Z,594.5,23.9,0
2025-11-30T10:15:00Z,673.1,24.3,0
2025-11-30T10:30:00Z,724.1,24.4,0
2025-11-30T10:45:00Z,805,24.8,0
2025-11-30T11:00:00Z,707,24.7,0
2025-11-30T11:15:00Z,866,25,0
2025-11-30T11:30:00Z,1079,25.2,0
2025-11-30T11:45:00Z,850,25.5,0
2025-11-30T12:00:00Z,537.6,25.01,0
2025-11-30T12:15:00Z,185.3,24.51,0
2025-11-30T12:30:00Z,159.3,23.12,60.52
2025-11-30T12:45:00Z,235.1,21.72,0
2025-11-30T13:00:00Z,129.9,20.91,0
2025-11-30T13:15:00Z,143.1,20.21,30.26
2025-11-30T13:30:00Z,161.3,20.69,0
2025-11-30T13:45:00Z,149.6,19.91,0
2025-11-30T14:00:00Z,227.3,20.2,0
2025-11-30T14:15:00Z,159.1,20.6,0
2025-11-30T14:30:00Z,86.2,20.9,0
2025-11-30T14:45:00Z,59.39,21,0
2025-11-30T15:00:00Z,53.36,21.1,0
2025-11-30T15:15:00Z,48.95,21,0
2025-11-30T15:30:00Z,40.79,21.1,0
2025-11-30T15:45:00Z,25.08,20.8,0
2025-11-30T16:00:00Z,22.23,20.6,0
2025-11-30T16:15:00Z,20.32,20.5,0
2025-11-30T16:30:00Z,27.62,20.4,0
2025-11-30T16:45:00Z,40.85,20.5,0
2025-11-30T17:00:00Z,46.74,20.7,0
2025-11-30T17:15:00Z,47.2,21,0
2025-11-30T17:30:00Z,43.15,21,0
2025-11-30T17:45:00Z,24.31,20.8,0
2025-11-30T18:00:00Z,15.69,20.9,0
2025-11-30T18:15:00Z,11.45,20.41,0
2025-11-30T18:30:00Z,2.302,20.3,0
2025-11-30T18:45:00Z,0.024,20.3,0
2025-11-30T19:00:00Z,0,19.9,0
2025-11-30T19:15:00Z,0,19.7,0
2025-11-30T19:30:00Z,0,19.9,0
2025-11-30T19:45:00Z,0,19.8,0
2025-11-30T20:00:00Z,0,20,0
2025-11-30T20:15:00Z,0,19.7,0
2025-11-30T20:30:00Z,0,19.7,0
2025-11-30T20:45:00Z,0,19.6,0
2025-11-30T21:00:00Z,0,20.19,0
2025-11-30T21:15:00Z,0,19.9,0
2025-11-30T21:30:00Z,0,20.1,0
2025-11-30T21:45:00Z,0,20.1,0
2025-11-30T22:00:00Z,0,20.5,0
2025-11-30T22:15:00Z,0,20.2,0
2025-11-30T22:30:00Z,0,19.31,0
2025-11-30T22:45:00Z,0,19,0
2025-11-30T23:00:00Z,0,19.1,0
2025-11-30T23:15:00Z,0,19.4,0
2025-11-30T23:30:00Z,0,19.99,0
2025-11-30T23:45:00Z,0,19.6,0
2025-12-01T00:00:00Z,0,19.11,0
2025-12-01T00:15:00Z,0,18.41,0
2025-12-01T00:30:00Z,0,18.1,0
2025-12-01T00:45:00Z,0,18.2,0
2025-12-01T01:00:00Z,0,17.71,0
2025-12-01T01:15:00Z,0,17.6,0
2025-12-01T01:30:00Z,0,17.11,0
2025-12-01T01:45:00Z,0,16.8,0
2025-12-01T02:00:00Z,0,16.7,0
2025-12-01T02:15:00Z,0,16.8,0
2025-12-01T02:30:00Z,0,16.5,0
2025-12-01T02:45:00Z,0,16.4,0
2025-12-01T03:00:00Z,0,16.3,0
2025-12-01T03:15:00Z,0,16.4,0
2025-12-01T03:30:00Z,0,16.6,0
2025-12-01T03:45:00Z,0,16.5,0
2025-12-01T04:00:00Z,0,16.7,0
2025-12-01T04:15:00Z,0,17.1,0
2025-12-01T04:30:00Z,0,18.39,0
2025-12-01T04:45:00Z,0,18.7,0
2025-12-01T05:00:00Z,0,18.6,0
2025-12-01T05:15:00Z,0,18.8,0
2025-12-01T05:30:00Z,0,18.8,0
2025-12-01T05:45:00Z,0,18.6,0
2025-12-01T06:00:00Z,1.187,18.6,0
2025-12-01T06:15:00Z,14.45,18.9,0
2025-12-01T06:30:00Z,40.11,19.49,0
2025-12-01T06:45:00Z,51.67,19.99,0
2025-12-01T07:00:00Z,122.6,20.59,0
2025-12-01T07:15:00Z,167.2,21.39,0
2025-12-01T07:30:00Z,102.6,21.1,0
2025-12-01T07:45:00Z,206.9,21.4,0
2025-12-01T08:00:00Z,301.5,22.29,0
2025-12-01T08:15:00Z,400.3,23.09,0
2025-12-01T08:30:00Z,422.3,23.1,0
2025-12-01T08:45:00Z,420,23.2,0
2025-12-01T09:00:00Z,418.9,23.1,0
2025-12-01T09:15:00Z,419.5,22.8,0
2025-12-01T09:30:00Z,595.6,23.49,0
2025-12-01T09:45:00Z,630,23.8,0
2025-12-01T10:00:00Z,678,23.8,0
2025-12-01T10:15:00Z,791,24.29,0
2025-12-01T10:30:00Z,743.3,24.4,0
2025-12-01T10:45:00Z,562.4,24.2,0
2025-12-01T11:00:00Z,814,24.6,0
2025-12-01T11:15:00Z,641.5,24.9,0
2025-12-01T11:30:00Z,998,25.3,0
2025-12-01T11:45:00Z,902,25.1,0
2025-12-01T12:00:00Z,594.3,24.8,0
2025-12-01T12:15:00Z,896,25.29,0
2025-12-01T12:30:00Z,829,25.4,0
2025-12-01T12:45:00Z,509.1,25,0
2025-12-01T13:00:00Z,799.2,25.5,0
2025-12-01T13:15:00Z,70.98,21.05,0
2025-12-01T13:30:00Z,61.71,17.74,453.9
2025-12-01T13:45:00Z,304.7,17.3,121
2025-12-01T14:00:00Z,343.3,17.6,0
2025-12-01T14:15:00Z,350.7,17.7,0
2025-12-01T14:30:00Z,262.8,18.79,0
2025-12-01T14:45:00Z,279.7,19.49,0
2025-12-01T15:00:00Z,329,20.39,0
2025-12-01T15:15:00Z,505.1,21.09,0
2025-12-01T15:30:00Z,590.2,22.09,0
2025-12-01T15:45:00Z,715.9,22.99,30.26
2025-12-01T16:00:00Z,487.7,23.3,0.34
2025-12-01T16:15:00Z,417.8,23.3,0
2025-12-01T16:30:00Z,285.9,22.81,0
2025-12-01T16:45:00Z,481.3,23.49,0
2025-12-01T17:00:00Z,167.3,23.8,0
2025-12-01T17:15:00Z,107,23.9,0
2025-12-01T17:30:00Z,87.6,23.6,0
2025-12-01T17:45:00Z,65.64,23.3,0
2025-12-01T18:00:00Z,42.46,23.1,0
2025-12-01T18:15:00Z,28.36,22.7,0
2025-12-01T18:30:00Z,13.07,22.3,0
2025-12-01T18:45:00Z,0.44,21.71,0
2025-12-01T19:00:00Z,0.003,21.01,0
2025-12-01T19:15:00Z,0,21.3,0
2025-12-01T19:30:00Z,0,20.81,0
2025-12-01T19:45:00Z,0,20.6,0
2025-12-01T20:00:00Z,0,20.11,0
2025-12-01T20:15:00Z,0,20.2,0
2025-12-01T20:30:00Z,0,20.5,0
2025-12-01T20:45:00Z,0,20.99,0
2025-12-01T21:00:00Z,0,21.49,0
2025-12-01T21:15:00Z,0,21.01,0
2025-12-01T21:30:00Z,0,20.31,0
2025-12-01T21:45:00Z,0,20.3,0
2025-12-01T22:00:00Z,0,19.21,0
2025-12-01T22:15:00Z,0,19.3,0
2025-12-01T22:30:00Z,0,19.2,0
2025-12-01T22:45:00Z,0,19.3,0
2025-12-01T23:00:00Z,0,19.7,0
2025-12-01T23:15:00Z,0,19.9,0
2025-12-01T23:30:00Z,0,20.1,0
2025-12-01T23:45:00Z,0,19.8,0
2025-12-02T00:00:00Z,0,19.4,0
2025-12-02T00:15:00Z,0,19,0
2025-12-02T00:30:00Z,0,19.99,0
2025-12-02T00:45:00Z,0,20.3,0
2025-12-02T01:00:00Z,0,20.3,0
2025-12-02T01:15:00Z,0,19.41,0
2025-12-02T01:30:00Z,0,19,0
2025-12-02T01:45:00Z,0,19.4,0
2025-12-02T02:00:00Z,0,19.3,0
2025-12-02T02:15:00Z,0,18.81,0
2025-12-02T02:30:00Z,0,18.5,0
2025-12-02T02:45:00Z,0,18.4,0
2025-12-02T03:00:00Z,0,18.1,0
2025-12-02T03:15:00Z,0,17.7,0
2025-12-02T03:30:00Z,0,18.1,0
2025-12-02T03:45:00Z,0,17.8,0
2025-12-02T04:00:00Z,0,17.7,0
2025-12-02T04:15:00Z,0,17.5,0
2025-12-02T04:30:00Z,0,17.1,0
2025-12-02T04:45:00Z,0,17,0
2025-12-02T05:00:00Z,0,16.8,0
2025-12-02T05:15:00Z,0,16.9,0
2025-12-02T05:30:00Z,0,16.8,0
2025-12-02T05:45:00Z,0,16.8,0
2025-12-02T06:00:00Z,1.483,16.5,0
2025-12-02T06:15:00Z,17.22,16.3,0
2025-12-02T06:30:00Z,42.12,16.5,0
2025-12-02T06:45:00Z,82.9,17.59,0
2025-12-02T07:00:00Z,119.5,18.89,0
2025-12-02T07:15:00Z,147,19.89,0
2025-12-02T07:30:00Z,188,20.49,0
2025-12-02T07:45:00Z,208.4,21.09,0
2025-12-02T08:00:00Z,222.1,21.5,0
2025-12-02T08:15:00Z,290.1,22.19,0
2025-12-02T08:30:00Z,289.5,22.69,0
2025-12-02T08:45:00Z,347.1,23,0
2025-12-02T09:00:00Z,407.2,23.4,0
2025-12-02T09:15:00Z,526.3,24.09,0
2025-12-02T09:30:00Z,589.9,24.2,0
2025-12-02T09:45:00Z,657.8,24.6,0
2025-12-02T10:00:00Z,735.6,24.7,0
2025-12-02T10:15:00Z,794.1,24.7,0
2025-12-02T10:30:00Z,866,24.9,0
2025-12-02T10:45:00Z,860,24.5,0
2025-12-02T11:00:00Z,950,24.7,0
2025-12-02T11:15:00Z,938,24.5,0
2025-12-02T11:30:00Z,885,24.9,0
2025-12-02T11:45:00Z,942,25,0
2025-12-02T12:00:00Z,1047,25.1,0
2025-12-02T12:15:00Z,1063,25.4,0
2025-12-02T12:30:00Z,1057,25.6,0
2025-12-02T12:45:00Z,885,25.2,0
2025-12-02T13:00:00Z,499.9,23.82,0
2025-12-02T13:15:00Z,247.8,21.53,0
2025-12-02T13:30:00Z,218.5,20.31,0
2025-12-02T13:45:00Z,228.3,20.6,0
2025-12-02T14:00:00Z,149.9,20.5,0
2025-12-02T14:15:00Z,103.3,20.6,0
2025-12-02T14:30:00Z,59.29,20.9,0
2025-12-02T14:45:00Z,85.1,20.8,0
2025-12-02T15:00:00Z,154.3,20.6,0
2025-12-02T15:15:00Z,186.1,20.5,0
2025-12-02T15:30:00Z,118.3,20.5,0
2025-12-02T15:45:00Z,82.2,20.4,0
2025-12-02T16:00:00Z,66.57,20.4,0
2025-12-02T16:15:00Z,52.95,20.5,0
2025-12-02T16:30:00Z,67.83,20.4,0
2025-12-02T16:45:00Z,67.01,20.3,0
2025-12-02T17:00:00Z,47.72,20.3,0
2025-12-02T17:15:00Z,67.67,20.5,0
2025-12-02T17:30:00Z,80.5,20.6,0
2025-12-02T17:45:00Z,66.85,20.5,0
2025-12-02T18:00:00Z,49.99,20.5,0
2025-12-02T18:15:00Z,32.59,20.5,0
2025-12-02T18:30:00Z,17.27,20.5,0
2025-12-02T18:45:00Z,3.849,20.4,0
2025-12-02T19:00:00Z,0.041,20.1,0
2025-12-02T19:15:00Z,0,19.8,0
2025-12-02T19:30:00Z,0,19.8,0
2025-12-02T19:45:00Z,0,19.9,0
2025-12-02T20:00:00Z,0,20.1,0
2025-12-02T20:15:00Z,0,19.7,0
2025-12-02T20:30:00Z,0,19.9,0
2025-12-02T20:45:00Z,0,19.9,0
2025-12-02T21:00:00Z,0,19.8,0
2025-12-02T21:15:00Z,0,19.9,0
2025-12-02T21:30:00Z,0,19.6,0
2025-12-02T21:45:00Z,0,19.4,0
2025-12-02T22:00:00Z,0,19.5,0
2025-12-02T22:15:00Z,0,19.4,0
2025-12-02T22:30:00Z,0,19.1,0
2025-12-02T22:45:00Z,0,19.2,0
2025-12-02T23:00:00Z,0,19,0
2025-12-02T23:15:00Z,0,18.9,0
2025-12-02T23:30:00Z,0,18.7,0
2025-12-02T23:45:00Z,0,18.4,0
2025-12-03T00:00:00Z,0,18.1,0
2025-12-03T00:15:00Z,0,17.7,0
2025-12-03T00:30:00Z,0,17.3,0
2025-12-03T00:45:00Z,0,17.3,0
2025-12-03T01:00:00Z,0,17.5,0
2025-12-03T01:15:00Z,0,18.29,0
2025-12-03T01:30:00Z,0,17.81,0
2025-12-03T01:45:00Z,0,18,0
2025-12-03T02:00:00Z,0,18.49,0
2025-12-03T02:15:00Z,0,18.8,0
2025-12-03T02:30:00Z,0,19,0
2025-12-03T02:45:00Z,0,19.4,0
2025-12-03T03:00:00Z,0,19.7,0
2025-12-03T03:15:00Z,0,19.6,0
2025-12-03T03:30:00Z,0,19.4,0
2025-12-03T03:45:00Z,0,19.5,0
2025-12-03T04:00:00Z,0,19.9,0
2025-12-03T04:15:00Z,0,19.6,0
2025-12-03T04:30:00Z,0,19.6,0
2025-12-03T04:45:00Z,0,19.5,0
2025-12-03T05:00:00Z,0,19.2,0
2025-12-03T05:15:00Z,0,19,0
2025-12-03T05:30:00Z,0,18.8,0
2025-12-03T05:45:00Z,0,18.7,0
2025-12-03T06:00:00Z,1.187,18.7,0
2025-12-03T06:15:00Z,12.67,18.9,0
2025-12-03T06:30:00Z,27.83,19.2,0
2025-12-03T06:45:00Z,39.47,19.6,0
2025-12-03T07:00:00Z,47.12,19.7,0
2025-12-03T07:15:00Z,55.11,20,0
2025-12-03T07:30:00Z,71.81,20.4,0
2025-12-03T07:45:00Z,99.7,20.89,0
2025-12-03T08:00:00Z,145.6,21.39,0
2025-12-03T08:15:00Z,164.9,21.99,0
2025-12-03T08:30:00Z,201.4,22.2,0
2025-12-03T08:45:00Z,249.8,22.5,0
2025-12-03T09:00:00Z,369.2,22.9,0
2025-12-03T09:15:00Z,333,23,0
2025-12-03T09:30:00Z,380.1,23.1,0
2025-12-03T09:45:00Z,609.2,24.09,0
2025-12-03T10:00:00Z,705.5,24.4,0
2025-12-03T10:15:00Z,952,25.19,0
2025-12-03T10:30:00Z,976,25,0
2025-12-03T10:45:00Z,911,24.8,0
2025-12-03T11:00:00Z,846,25.29,0
2025-12-03T11:15:00Z,910,25.4,0
2025-12-03T11:30:00Z,996,25.8,0
2025-12-03T11:45:00Z,998,25.7,0
2025-12-03T12:00:00Z,975,26.1,0
2025-12-03T12:15:00Z,999,26.2,0
2025-12-03T12:30:00Z,1041,26.69,0
2025-12-03T12:45:00Z,1018,26.7,0
2025-12-03T13:00:00Z,992,26.7,0
2025-12-03T13:15:00Z,1013,27,0
2025-12-03T13:30:00Z,953,27,0
2025-12-03T13:45:00Z,886,27.2,0
2025-12-03T14:00:00Z,805,27.1,0
2025-12-03T14:15:00Z,280.5,25.62,0
2025-12-03T14:30:00Z,189.3,24.31,0
2025-12-03T14:45:00Z,171.9,23.01,0
2025-12-03T15:00:00Z,230.9,20.43,30.26
2025-12-03T15:15:00Z,328.6,19.91,0
2025-12-03T15:30:00Z,229.5,20.3,0
2025-12-03T15:45:00Z,173.8,20.89,0
2025-12-03T16:00:00Z,199.3,21.3,0
2025-12-03T16:15:00Z,142.4,21.6,0
2025-12-03T16:30:00Z,100.7,21.2,0
2025-12-03T16:45:00Z,113.7,21,0
2025-12-03T17:00:00Z,127.8,21.2,0
2025-12-03T17:15:00Z,135.5,21.5,0
2025-12-03T17:30:00Z,110.6,21.8,0
2025-12-03T17:45:00Z,86.9,22.2,0
2025-12-03T18:00:00Z,61.68,22.4,0
2025-12-03T18:15:00Z,33.91,22.2,0
2025-12-03T18:30:00Z,12.34,22,0
2025-12-03T18:45:00Z,0.332,21.8,0
2025-12-03T19:00:00Z,0.002,21.5,0
2025-12-03T19:15:00Z,0,21.3,0
2025-12-03T19:30:00Z,0,21.1,0
2025-12-03T19:45:00Z,0,20.9,0
2025-12-03T20:00:00Z,0,21,0
2025-12-03T20:15:00Z,0,21,0
2025-12-03T20:30:00Z,0,21.3,0
2025-12-03T20:45:00Z,0,21.2,0
2025-12-03T21:00:00Z,0,21.1,0
2025-12-03T21:15:00Z,0,21,0
2025-12-03T21:30:00Z,0,21,0
2025-12-03T21:45:00Z,0,20.7,0
2025-12-03T22:00:00Z,0,20.8,0
2025-12-03T22:15:00Z,0,20.5,0
2025-12-03T22:30:00Z,0,20.4,0
2025-12-03T22:45:00Z,0,20.2,0
2025-12-03T23:00:00Z,0,19.8,0
2025-12-03T23:15:00Z,0,19.7,0
2025-12-03T23:30:00Z,0,20.1,0
2025-12-03T23:45:00Z,0,20.5,0
2025-12-04T00:00:00Z,0,20.5,0
2025-12-04T00:15:00Z,0,20.4,90.8
2025-12-04T00:30:00Z,0,19.41,484.2
2025-12-04T00:45:00Z,0,19.1,1180
2025-12-04T01:00:00Z,0,19.4,60.52
2025-12-04T01:15:00Z,0,19.4,0
2025-12-04T01:30:00Z,0,19.4,0
2025-12-04T01:45:00Z,0,19.3,0
2025-12-04T02:00:00Z,0,19.3,0
2025-12-04T02:15:00Z,0,19.3,0
2025-12-04T02:30:00Z,0,19.2,0
2025-12-04T02:45:00Z,0,19.2,0
2025-12-04T03:00:00Z,0,19.1,0
2025-12-04T03:15:00Z,0,19.1,0
2025-12-04T03:30:00Z,0,19.1,0
2025-12-04T03:45:00Z,0,19,0
2025-12-04T04:00:00Z,0,18.9,0
2025-12-04T04:15:00Z,0,18.7,0
2025-12-04T04:30:00Z,0,18.8,0
2025-12-04T04:45:00Z,0,18.9,0
2025-12-04T05:00:00Z,0,19,0
2025-12-04T05:15:00Z,0,18.8,0
2025-12-04T05:30:00Z,0,18.7,0
2025-12-04T05:45:00Z,0,18.8,0
2025-12-04T06:00:00Z,0,18.7,0
2025-12-04T06:15:00Z,8.6,18.8,0
2025-12-04T06:30:00Z,27.88,19,0
2025-12-04T06:45:00Z,50.25,19.3,0
2025-12-04T07:00:00Z,63.95,19.4,0
2025-12-04T07:15:00Z,28.6,19.1,0
2025-12-04T07:30:00Z,27.41,18.8,121
2025-12-04T07:45:00Z,26.41,18.5,60.52
2025-12-04T08:00:00Z,17.2,18.1,90.8
2025-12-04T08:15:00Z,12.65,18,121
2025-12-04T08:30:00Z,16.85,17.7,181.6
2025-12-04T08:45:00Z,26.99,17.6,121
2025-12-04T09:00:00Z,70.91,17.7,60.52
2025-12-04T09:15:00Z,103.9,17.8,30.26
2025-12-04T09:30:00Z,138.1,17.9,30.26
2025-12-04T09:45:00Z,250,17.7,0
2025-12-04T10:00:00Z,366.5,17.4,30.26
2025-12-04T10:15:00Z,420.4,17.5,0
2025-12-04T10:30:00Z,315.4,18.59,0
2025-12-04T10:45:00Z,233.1,18.5,0
2025-12-04T11:00:00Z,325.7,18.6,0
2025-12-04T11:15:00Z,377.9,18.8,0
2025-12-04T11:30:00Z,475.9,19.59,0
2025-12-04T11:45:00Z,738.9,20.29,0
2025-12-04T12:00:00Z,722.4,20.5,0
2025-12-04T12:15:00Z,344.7,20.1,0
2025-12-04T12:30:00Z,257.6,20,0
2025-12-04T12:45:00Z,222.2,19.9,0
2025-12-04T13:00:00Z,447,20.2,0
2025-12-04T13:15:00Z,476.2,20.6,0
2025-12-04T13:30:00Z,266.1,20.4,0
2025-12-04T13:45:00Z,345.3,20.4,0
2025-12-04T14:00:00Z,586,20.99,0
2025-12-04T14:15:00Z,583.4,21.59,0
2025-12-04T14:30:00Z,735.8,21.7,0
2025-12-04T14:45:00Z,783.4,22.1,0
2025-12-04T15:00:00Z,834,22.3,0
2025-12-04T15:15:00Z,783,22.4,0
2025-12-04T15:30:00Z,398.8,21.81,0
2025-12-04T15:45:00Z,218,21.31,0
2025-12-04T16:00:00Z,188.6,20.9,0
2025-12-04T16:15:00Z,180,20.7,0
2025-12-04T16:30:00Z,199.1,20.6,0
2025-12-04T16:45:00Z,196.6,20.7,0
2025-12-04T17:00:00Z,131.5,20.8,0
2025-12-04T17:15:00Z,172.7,20.8,0
2025-12-04T17:30:00Z,147,20.9,0
2025-12-04T17:45:00Z,98.2,20.9,0
2025-12-04T18:00:00Z,44.89,20.8,0
2025-12-04T18:15:00Z,24.72,20.6,0
2025-12-04T18:30:00Z,9.57,20.5,0
2025-12-04T18:45:00Z,0.104,20.5,0
2025-12-04T19:00:00Z,0,20.4,0
2025-12-04T19:15:00Z,0,20,0
2025-12-04T19:30:00Z,0,19.9,0
2025-12-04T19:45:00Z,0,19.8,0
2025-12-04T20:00:00Z,0,19.9,0
2025-12-04T20:15:00Z,0,20,0
2025-12-04T20:30:00Z,0,20.1,0
2025-12-04T20:45:00Z,0,20,0
2025-12-04T21:00:00Z,0,19.9,0
2025-12-04T21:15:00Z,0,19.8,0
2025-12-04T21:30:00Z,0,19.7,0
2025-12-04T21:45:00Z,0,19.7,0
2025-12-04T22:00:00Z,0,19.5,0
2025-12-04T22:15:00Z,0,19.5,0
2025-12-04T22:30:00Z,0,19.4,0
2025-12-04T22:45:00Z,0,19.2,0
2025-12-04T23:00:00Z,0,19.2,0
2025-12-04T23:15:00Z,0,19.1,0
2025-12-04T23:30:00Z,0,19,0
2025-12-04T23:45:00Z,0,19,0
2025-12-05T00:00:00Z,0,19,0
2025-12-05T00:15:00Z,0,19.1,0
2025-12-05T00:30:00Z,0,19.1,0
2025-12-05T00:45:00Z,0,19,0
2025-12-05T01:00:00Z,0,19,0
2025-12-05T01:15:00Z,0,18.9,0
2025-12-05T01:30:00Z,0,18.8,0
2025-12-05T01:45:00Z,0,18.8,0
2025-12-05T02:00:00Z,0,18.9,0
2025-12-05T02:15:00Z,0,18.8,0
2025-12-05T02:30:00Z,0,18.8,0
2025-12-05T02:45:00Z,0,18.9,0
2025-12-05T03:00:00Z,0,19.1,0
2025-12-05T03:15:00Z,0,19.2,0
2025-12-05T03:30:00Z,0,19.1,90.8
2025-12-05T03:45:00Z,0,18.41,635.5
2025-12-05T04:00:00Z,0,17.71,393.4
2025-12-05T04:15:00Z,0,17.5,181.6
2025-12-05T04:30:00Z,0,17.4,90.8
2025-12-05T04:45:00Z,0,17.4,90.8
2025-12-05T05:00:00Z,0,17.4,30.26
2025-12-05T05:15:00Z,0,17.5,30.26
2025-12-05T05:30:00Z,0,17.4,30.26
2025-12-05T05:45:00Z,0,17.5,0
2025-12-05T06:00:00Z,0,17.5,30.26
2025-12-05T06:15:00Z,0,17.5,0
2025-12-05T06:30:00Z,4.153,17.6,0
2025-12-05T06:45:00Z,14.58,17.7,30.26
2025-12-05T07:00:00Z,23.3,17.7,60.52
2025-12-05T07:15:00Z,46.44,17.7,60.52
2025-12-05T07:30:00Z,63.02,17.8,30.26
2025-12-05T07:45:00Z,67.55,17.9,0
2025-12-05T08:00:00Z,73.53,17.9,60.52
2025-12-05T08:15:00Z,87.7,17.9,30.26
2025-12-05T08:30:00Z,85.6,18,30.26
2025-12-05T08:45:00Z,131.9,17.9,30.26
2025-12-05T09:00:00Z,159.5,17.8,30.26
2025-12-05T09:15:00Z,201.8,18,0
2025-12-05T09:30:00Z,245.3,18.2,0
2025-12-05T09:45:00Z,174.7,18.6,0
2025-12-05T10:00:00Z,210.8,18.6,0
2025-12-05T10:15:00Z,375,18.8,0
2025-12-05T10:30:00Z,449.6,19.29,0
2025-12-05T10:45:00Z,420.9,19.5,0
2025-12-05T11:00:00Z,391.8,19.6,0
2025-12-05T11:15:00Z,494.3,20,0
2025-12-05T11:30:00Z,517.7,20.3,0
2025-12-05T11:45:00Z,734.4,20.7,0
2025-12-05T12:00:00Z,737.3,21.29,0
2025-12-05T12:15:00Z,605.3,21.3,0
2025-12-05T12:30:00Z,466.6,21.4,0
2025-12-05T12:45:00Z,682.1,21.7,0
2025-12-05T13:00:00Z,674.1,22.19,0
2025-12-05T13:15:00Z,1009,22.79,0
2025-12-05T13:30:00Z,711.7,23.1,0
2025-12-05T13:45:00Z,622.9,23,0
2025-12-05T14:00:00Z,535.7,23.1,0
2025-12-05T14:15:00Z,584.5,22.9,0
2025-12-05T14:30:00Z,824,23.3,0
2025-12-05T14:45:00Z,646.9,22.81,0
2025-12-05T15:00:00Z,224.6,20.23,0
2025-12-05T15:15:00Z,161,19.01,181.6
2025-12-05T15:30:00Z,86.9,19.1,0
2025-12-05T15:45:00Z,140.5,19,60.52
2025-12-05T16:00:00Z,269.3,18.6,30.26
2025-12-05T16:15:00Z,353.2,18.5,0
2025-12-05T16:30:00Z,225.7,18.9,0
2025-12-05T16:45:00Z,446.2,19.2,0
2025-12-05T17:00:00Z,223.2,20.49,0
2025-12-05T17:15:00Z,230.2,20.7,0
2025-12-05T17:30:00Z,161.1,20.9,0
2025-12-05T17:45:00Z,99.3,21,0
2025-12-05T18:00:00Z,85.7,21.2,0
2025-12-05T18:15:00Z,53.86,21.2,0
2025-12-05T18:30:00Z,19.98,21,0
2025-12-05T18:45:00Z,3.679,20.6,0
2025-12-05T19:00:00Z,0.039,19.91,0
2025-12-05T19:15:00Z,0,20,0
2025-12-05T19:30:00Z,0,19.6,0
2025-12-05T19:45:00Z,0,19.5,0
2025-12-05T20:00:00Z,0,18.81,0
2025-12-05T20:15:00Z,0,19,0
2025-12-05T20:30:00Z,0,19,0
2025-12-05T20:45:00Z,0,18.9,0
2025-12-05T21:00:00Z,0,18.9,0
2025-12-05T21:15:00Z,0,19.1,0
2025-12-05T21:30:00Z,0,18.9,0
2025-12-05T21:45:00Z,0,19,0
2025-12-05T22:00:00Z,0,19,0
2025-12-05T22:15:00Z,0,19,0
2025-12-05T22:30:00Z,0,19.1,0
2025-12-05T22:45:00Z,0,19.4,0
2025-12-05T23:00:00Z,0,19.7,0
2025-12-05T23:15:00Z,0,19.4,0
2025-12-05T23:30:00Z,0,19,0
2025-12-05T23:45:00Z,0,18.9,0
2025-12-06T00:00:00Z,0,18.9,0
2025-12-06T00:15:00Z,0,18.9,0
2025-12-06T00:30:00Z,0,19,0
2025-12-06T00:45:00Z,0,19.2,0
2025-12-06T01:00:00Z,0,19.2,0
2025-12-06T01:15:00Z,0,19.1,0
2025-12-06T01:30:00Z,0,19.1,0
2025-12-06T01:45:00Z,0,19,0
2025-12-06T02:00:00Z,0,19.1,0
2025-12-06T02:15:00Z,0,19,0
2025-12-06T02:30:00Z,0,19.1,0
2025-12-06T02:45:00Z,0,19.1,0
2025-12-06T03:00:00Z,0,19.1,0
2025-12-06T03:15:00Z,0,19.1,0
2025-12-06T03:30:00Z,0,19.1,0
2025-12-06T03:45:00Z,0,19.1,0
2025-12-06T04:00:00Z,0,19.1,0
2025-12-06T04:15:00Z,0,19,0
2025-12-06T04:30:00Z,0,19,0
2025-12-06T04:45:00Z,0,19,0
2025-12-06T05:00:00Z,0,19,0
2025-12-06T05:15:00Z,0,18.9,0
2025-12-06T05:30:00Z,0,19,0
2025-12-06T05:45:00Z,0,18.9,0
2025-12-06T06:00:00Z,0,18.8,0
2025-12-06T06:15:00Z,9.59,18.7,0
2025-12-06T06:30:00Z,23.74,18.9,0
2025-12-06T06:45:00Z,37.35,19.1,0
2025-12-06T07:00:00Z,52.53,19.4,0
2025-12-06T07:15:00Z,70.2,19.6,0
2025-12-06T07:30:00Z,103.3,19.7,0
2025-12-06T07:45:00Z,137.7,20.19,0
2025-12-06T08:00:00Z,147.2,20.4,0
2025-12-06T08:15:00Z,87.3,20.7,0
2025-12-06T08:30:00Z,94,20.7,0
2025-12-06T08:45:00Z,59.39,20.7,0
2025-12-06T09:00:00Z,116.7,20.6,0
2025-12-06T09:15:00Z,177.1,20.7,0
2025-12-06T09:30:00Z,280.6,21,0
2025-12-06T09:45:00Z,181.6,21,0
2025-12-06T10:00:00Z,264.8,20.8,0
2025-12-06T10:15:00Z,353.6,21.2,0
2025-12-06T10:30:00Z,360.2,21.5,0
2025-12-06T10:45:00Z,706.2,22.29,0
2025-12-06T11:00:00Z,475.7,22.2,0
2025-12-06T11:15:00Z,396.9,22,0
2025-12-06T11:30:00Z,481.7,22.59,0
2025-12-06T11:45:00Z,531.2,22.4,0
2025-12-06T12:00:00Z,453.3,22.2,0
2025-12-06T12:15:00Z,419.7,22.4,0
2025-12-06T12:30:00Z,479.7,22.5,0
2025-12-06T12:45:00Z,384.2,22.3,0
2025-12-06T13:00:00Z,436,22.5,0
2025-12-06T13:15:00Z,358.7,22.5,0
2025-12-06T13:30:00Z,269.9,22.2,0
2025-12-06T13:45:00Z,146.5,21.8,0
2025-12-06T14:00:00Z,111.7,21.21,0
2025-12-06T14:15:00Z,43.76,19.72,0
2025-12-06T14:30:00Z,57.24,18.71,181.6
2025-12-06T14:45:00Z,31.99,18.3,453.9
2025-12-06T15:00:00Z,17.16,18,393.4
2025-12-06T15:15:00Z,13.34,18.1,272.3
2025-12-06T15:30:00Z,12.71,18.2,151.3
2025-12-06T15:45:00Z,14.58,18.2,121
2025-12-06T16:00:00Z,18.85,18.3,121
2025-12-06T16:15:00Z,21.27,18.3,90.8
2025-12-06T16:30:00Z,19.62,18.4,121
2025-12-06T16:45:00Z,31.27,18.4,90.8
2025-12-06T17:00:00Z,34.66,18.2,60.52
2025-12-06T17:15:00Z,34.21,18.3,30.26
2025-12-06T17:30:00Z,21.64,18.4,30.26
2025-12-06T17:45:00Z,21.8,18.3,0
2025-12-06T18:00:00Z,15.37,18.2,30.26
2025-12-06T18:15:00Z,7.686,18,0
2025-12-06T18:30:00Z,0.084,18.1,30.26
2025-12-06T18:45:00Z,0,18.1,0
2025-12-06T19:00:00Z,0,18.2,0
2025-12-06T19:15:00Z,0,18,30.26
2025-12-06T19:30:00Z,0,18,0
2025-12-06T19:45:00Z,0,18.1,0
2025-12-06T20:00:00Z,0,18.2,0
2025-12-06T20:15:00Z,0,18.2,0
2025-12-06T20:30:00Z,0,18.2,0
2025-12-06T20:45:00Z,0,18.2,0
2025-12-06T21:00:00Z,0,18.2,0
2025-12-06T21:15:00Z,0,18.2,0
2025-12-06T21:30:00Z,0,18.2,0
2025-12-06T21:45:00Z,0,18,0
2025-12-06T22:00:00Z,0,18,0
2025-12-06T22:15:00Z,0,17.8,0
2025-12-06T22:30:00Z,0,17.7,0
2025-12-06T22:45:00Z,0,17.7,0
2025-12-06T23:00:00Z,0,17.8,0
2025-12-06T23:15:00Z,0,17.7,0
2025-12-06T23:30:00Z,0,17.5,0
2025-12-06T23:45:00Z,0,17.6,0
2025-12-07T00:00:00Z,0,17.8,0
2025-12-07T00:15:00Z,0,17.7,0
2025-12-07T00:30:00Z,0,17.7,0
2025-12-07T00:45:00Z,0,17.6,0
2025-12-07T01:00:00Z,0,17.9,0
2025-12-07T01:15:00Z,0,17.8,0
2025-12-07T01:30:00Z,0,17.9,0
2025-12-07T01:45:00Z,0,17.9,0
2025-12-07T02:00:00Z,0,18,0
2025-12-07T02:15:00Z,0,18,0
2025-12-07T02:30:00Z,0,18,0
2025-12-07T02:45:00Z,0,17.9,0
2025-12-07T03:00:00Z,0,18,0
2025-12-07T03:15:00Z,0,18.1,0
2025-12-07T03:30:00Z,0,18.1,0
2025-12-07T03:45:00Z,0,18.2,0
2025-12-07T04:00:00Z,0,18.2,0
2025-12-07T04:15:00Z,0,18.2,0
2025-12-07T04:30:00Z,0,18.2,0
2025-12-07T04:45:00Z,0,18.2,0
2025-12-07T05:00:00Z,0,18.1,0
2025-12-07T05:15:00Z,0,18.2,0
2025-12-07T05:30:00Z,0,18.1,0
2025-12-07T05:45:00Z,0,18.3,0
2025-12-07T06:00:00Z,2.868,18.4,0
2025-12-07T06:15:00Z,29.5,18.5,0
2025-12-07T06:30:00Z,32.37,18.6,0
2025-12-07T06:45:00Z,51.39,18.6,0
2025-12-07T07:00:00Z,86.5,18.9,0
2025-12-07T07:15:00Z,127.5,19,0
2025-12-07T07:30:00Z,146.1,19.2,0
2025-12-07T07:45:00Z,187.5,19.4,0
2025-12-07T08:00:00Z,182.3,19.5,0
2025-12-07T08:15:00Z,148.6,19.4,0
2025-12-07T08:30:00Z,212,19.5,0
2025-12-07T08:45:00Z,266.5,19.7,0
2025-12-07T09:00:00Z,325.2,20.19,0
2025-12-07T09:15:00Z,291.1,20.3,0
2025-12-07T09:30:00Z,244.8,20.4,0
2025-12-07T09:45:00Z,284.4,20.4,0
2025-12-07T10:00:00Z,346.7,20.7,0
2025-12-07T10:15:00Z,442.5,21.19,0
2025-12-07T10:30:00Z,587.4,21.6,0
2025-12-07T10:45:00Z,792.9,22.29,0
2025-12-07T11:00:00Z,612.1,21.71,0
2025-12-07T11:15:00Z,640.4,22.29,0
2025-12-07T11:30:00Z,643,22.2,0
2025-12-07T11:45:00Z,649.8,22.1,0
2025-12-07T12:00:00Z,614.2,22.2,0
2025-12-07T12:15:00Z,578.2,22.5,0
2025-12-07T12:30:00Z,678.7,22.6,0
2025-12-07T12:45:00Z,858,23,0
2025-12-07T13:00:00Z,857,23.1,0
2025-12-07T13:15:00Z,682.2,23.3,0
2025-12-07T13:30:00Z,487.5,23,0
2025-12-07T13:45:00Z,724.2,23.2,0
2025-12-07T14:00:00Z,516.1,23.3,0
2025-12-07T14:15:00Z,178.1,22.71,0
2025-12-07T14:30:00Z,611.9,23.19,0
2025-12-07T14:45:00Z,850,24.09,0
2025-12-07T15:00:00Z,492.8,23.51,0
2025-12-07T15:15:00Z,522.9,23.99,0
2025-12-07T15:30:00Z,91.4,22.02,0
2025-12-07T15:45:00Z,404.2,22.3,0
2025-12-07T16:00:00Z,317.3,22.1,0
2025-12-07T16:15:00Z,267.2,20.52,0
2025-12-07T16:30:00Z,191.3,20.5,0
2025-12-07T16:45:00Z,150.8,21.09,0
2025-12-07T17:00:00Z,123.4,21.3,0
2025-12-07T17:15:00Z,69.11,21.2,0
2025-12-07T17:30:00Z,52.38,21.2,0
2025-12-07T17:45:00Z,34.8,21.1,30.26
2025-12-07T18:00:00Z,24.22,20.31,0
2025-12-07T18:15:00Z,19.45,20.4,0
2025-12-07T18:30:00Z,6.544,20.5,0
2025-12-07T18:45:00Z,0.071,20.6,0
2025-12-07T19:00:00Z,0,20.6,0
2025-12-07T19:15:00Z,0,20.5,0
2025-12-07T19:30:00Z,0,20.3,30.26
2025-12-07T19:45:00Z,0,19.51,30.26
2025-12-07T20:00:00Z,0,19.5,0
2025-12-07T20:15:00Z,0,19.7,0
2025-12-07T20:30:00Z,0,19.5,0
2025-12-07T20:45:00Z,0,19.5,0
2025-12-07T21:00:00Z,0,19.6,0
2025-12-07T21:15:00Z,0,19.5,0
2025-12-07T21:30:00Z,0,19.3,0
2025-12-07T21:45:00Z,0,19,0
2025-12-07T22:00:00Z,0,18.9,0
2025-12-07T22:15:00Z,0,18.9,0
2025-12-07T22:30:00Z,0,18.7,0
2025-12-07T22:45:00Z,0,19,0
2025-12-07T23:00:00Z,0,19.2,0
2025-12-07T23:15:00Z,0,19.2,0
2025-12-07T23:30:00Z,0,19.4,0
2025-12-07T23:45:00Z,0,19.5,0
2025-12-08T00:00:00Z,0,19.5,0
2025-12-08T00:15:00Z,0,19.5,0
2025-12-08T00:30:00Z,0,19.4,0
2025-12-08T00:45:00Z,0,19.3,0
2025-12-08T01:00:00Z,0,18.9,0
2025-12-08T01:15:00Z,0,18.8,0
2025-12-08T01:30:00Z,0,19,0
2025-12-08T01:45:00Z,0,18.9,0
2025-12-08T02:00:00Z,0,18.6,0
2025-12-08T02:15:00Z,0,18.3,0
2025-12-08T02:30:00Z,0,18.6,0
2025-12-08T02:45:00Z,0,18.7,0
2025-12-08T03:00:00Z,0,18.6,0
2025-12-08T03:15:00Z,0,18.5,0
2025-12-08T03:30:00Z,0,18.6,0
2025-12-08T03:45:00Z,0,18.7,0
2025-12-08T04:00:00Z,0,18.9,0
2025-12-08T04:15:00Z,0,18.9,0
2025-12-08T04:30:00Z,0,18.8,0
2025-12-08T04:45:00Z,0,19,0
2025-12-08T05:00:00Z,0,19.1,0
2025-12-08T05:15:00Z,0,19,0
2025-12-08T05:30:00Z,0,19,0
2025-12-08T05:45:00Z,0,19.1,0
2025-12-08T06:00:00Z,0,19.3,0
2025-12-08T06:15:00Z,3.066,19.2,0
2025-12-08T06:30:00Z,14.18,19.6,0
2025-12-08T06:45:00Z,27.25,19.7,0
2025-12-08T07:00:00Z,44.9,19.7,0
2025-12-08T07:15:00Z,54,19.8,0
2025-12-08T07:30:00Z,77.14,20,0
2025-12-08T07:45:00Z,100.7,20.1,0
2025-12-08T08:00:00Z,129.6,20.1,0
2025-12-08T08:15:00Z,181.9,20.3,0
2025-12-08T08:30:00Z,195.2,20.6,0
2025-12-08T08:45:00Z,175.7,20.6,0
2025-12-08T09:00:00Z,259.7,20.6,0
2025-12-08T09:15:00Z,222.6,20.8,0
2025-12-08T09:30:00Z,280.9,21.1,0
2025-12-08T09:45:00Z,342.4,21.4,0
2025-12-08T10:00:00Z,353.5,21.8,0
2025-12-08T10:15:00Z,600.4,22.2,0
2025-12-08T10:30:00Z,617.2,22.6,0
2025-12-08T10:45:00Z,729.1,23,0
2025-12-08T11:00:00Z,473.1,22.51,0
2025-12-08T11:15:00Z,760.6,23.09,0
2025-12-08T11:30:00Z,928,23.1,0
2025-12-08T11:45:00Z,258.2,21.62,0
2025-12-08T12:00:00Z,70.43,18.44,30.26
2025-12-08T12:15:00Z,93.9,17.51,363.1
2025-12-08T12:30:00Z,111.5,17.5,211.8
2025-12-08T12:45:00Z,146.7,17.7,0
2025-12-08T13:00:00Z,211.7,17.9,30.26
2025-12-08T13:15:00Z,330.1,17.8,60.52
2025-12-08T13:30:00Z,468.5,18.2,0
2025-12-08T13:45:00Z,477.2,18.5,0
2025-12-08T14:00:00Z,184.5,18.1,0
2025-12-08T14:15:00Z,116,18.1,0
2025-12-08T14:30:00Z,184.5,18.1,0
2025-12-08T14:45:00Z,271.7,18.1,0
2025-12-08T15:00:00Z,483.4,18.2,0
2025-12-08T15:15:00Z,283.4,18.4,0
2025-12-08T15:30:00Z,190.6,19.49,0
2025-12-08T15:45:00Z,161.5,19.6,0
2025-12-08T16:00:00Z,132.6,19.5,0
2025-12-08T16:15:00Z,121.9,19.3,0
2025-12-08T16:30:00Z,135.6,19.4,0
2025-12-08T16:45:00Z,140.4,19.5,0
2025-12-08T17:00:00Z,156.9,19.6,0
2025-12-08T17:15:00Z,163.9,19.9,0
2025-12-08T17:30:00Z,130.7,20.2,0
2025-12-08T17:45:00Z,126.2,20.2,0
2025-12-08T18:00:00Z,107.2,20.6,0
2025-12-08T18:15:00Z,64.28,20.7,0
2025-12-08T18:30:00Z,23.85,20.4,0
2025-12-08T18:45:00Z,4.71,20.1,0
2025-12-08T19:00:00Z,0.05,19.9,0
2025-12-08T19:15:00Z,0,19.5,0
2025-12-08T19:30:00Z,0,19.5,0
2025-12-08T19:45:00Z,0,19.7,0
2025-12-08T20:00:00Z,0,19.9,0
2025-12-08T20:15:00Z,0,20,0
2025-12-08T20:30:00Z,0,20.1,0
2025-12-08T20:45:00Z,0,20.2,0
2025-12-08T21:00:00Z,0,20.2,0
2025-12-08T21:15:00Z,0,20.2,0
2025-12-08T21:30:00Z,0,20,0
2025-12-08T21:45:00Z,0,19.6,0
2025-12-08T22:00:00Z,0,19.5,0
2025-12-08T22:15:00Z,0,19.5,0
2025-12-08T22:30:00Z,0,19.6,0
2025-12-08T22:45:00Z,0,19.5,0
2025-12-08T23:00:00Z,0,19.1,0
2025-12-08T23:15:00Z,0,19,0
2025-12-08T23:30:00Z,0,19,0
2025-12-08T23:45:00Z,0,18.9,0
2025-12-09T00:00:00Z,0,19,0
2025-12-09T00:15:00Z,0,19,0
2025-12-09T00:30:00Z,0,18.9,0
2025-12-09T00:45:00Z,0,18.8,0
2025-12-09T01:00:00Z,0,18.8,0
2025-12-09T01:15:00Z,0,18.7,0
2025-12-09T01:30:00Z,0,18.7,0
2025-12-09T01:45:00Z,0,18.5,0
2025-12-09T02:00:00Z,0,18.5,0
2025-12-09T02:15:00Z,0,18.4,0
2025-12-09T02:30:00Z,0,18.2,30.26
2025-12-09T02:45:00Z,0,18.3,0
2025-12-09T03:00:00Z,0,18.2,0
2025-12-09T03:15:00Z,0,18.1,0
2025-12-09T03:30:00Z,0,18,0
2025-12-09T03:45:00Z,0,17.9,0
2025-12-09T04:00:00Z,0,17.9,0
2025-12-09T04:15:00Z,0,17.8,0
2025-12-09T04:30:00Z,0,17.7,0
2025-12-09T04:45:00Z,0,17.7,0
2025-12-09T05:00:00Z,0,17.8,0
2025-12-09T05:15:00Z,0,17.8,0
2025-12-09T05:30:00Z,0,17.8,0
2025-12-09T05:45:00Z,0,17.8,0
2025-12-09T06:00:00Z,0,17.7,0
2025-12-09T06:15:00Z,8.01,17.7,0
2025-12-09T06:30:00Z,17.3,18.1,0
2025-12-09T06:45:00Z,35.69,18.3,0
2025-12-09T07:00:00Z,57.06,18.3,0
2025-12-09T07:15:00Z,111.7,18.5,0
2025-12-09T07:30:00Z,144.7,18.9,0
2025-12-09T07:45:00Z,128.9,19.1,0
2025-12-09T08:00:00Z,252,19.4,0
2025-12-09T08:15:00Z,277.6,19.5,0
2025-12-09T08:30:00Z,326.6,19.3,0
2025-12-09T08:45:00Z,305.7,19.1,0
2025-12-09T09:00:00Z,344.2,19.5,0
2025-12-09T09:15:00Z,412.2,19.9,0
2025-12-09T09:30:00Z,434.1,20.39,0
2025-12-09T09:45:00Z,212,19.61,0
2025-12-09T10:00:00Z,168.8,19.3,0
2025-12-09T10:15:00Z,139.1,19.3,0
2025-12-09T10:30:00Z,113.4,19.2,0
2025-12-09T10:45:00Z,195.4,19.3,0
2025-12-09T11:00:00Z,161.2,18.51,121
2025-12-09T11:15:00Z,109,18.01,211.8
2025-12-09T11:30:00Z,121.6,17.8,0
2025-12-09T11:45:00Z,193.1,18,0
2025-12-09T12:00:00Z,232.4,17.9,90.8
2025-12-09T12:15:00Z,403.3,18.3,0
2025-12-09T12:30:00Z,482.3,18.5,0
2025-12-09T12:45:00Z,628.1,19.29,0
2025-12-09T13:00:00Z,822,20.49,0
2025-12-09T13:15:00Z,860,21.88,0
2025-12-09T13:30:00Z,828,22.49,0
2025-12-09T13:45:00Z,702.9,22.7,0
2025-12-09T14:00:00Z,867,23,0
2025-12-09T14:15:00Z,875,23.2,0
2025-12-09T14:30:00Z,791.5,23.3,0
2025-12-09T14:45:00Z,817,23.79,0
2025-12-09T15:00:00Z,755.1,23.6,0
2025-12-09T15:15:00Z,737.3,23.3,0
2025-12-09T15:30:00Z,558.5,23,0
2025-12-09T15:45:00Z,424,22.8,0
2025-12-09T16:00:00Z,418.6,22.6,0
2025-12-09T16:15:00Z,348.9,22.7,0
2025-12-09T16:30:00Z,238.5,22.4,0
2025-12-09T16:45:00Z,176.9,22.3,0
2025-12-09T17:00:00Z,149,22,0
2025-12-09T17:15:00Z,115.8,22,0
2025-12-09T17:30:00Z,132.6,21.9,0
2025-12-09T17:45:00Z,126.4,21.9,0
2025-12-09T18:00:00Z,134.1,22.1,0
2025-12-09T18:15:00Z,55.39,21.8,0
2025-12-09T18:30:00Z,25.13,21.7,0
2025-12-09T18:45:00Z,3.242,21.6,0
2025-12-09T19:00:00Z,0.033,21.6,0
2025-12-09T19:15:00Z,0,21.4,0
2025-12-09T19:30:00Z,0,21.3,0
2025-12-09T19:45:00Z,0,21.2,0
2025-12-09T20:00:00Z,0,21.3,0
2025-12-09T20:15:00Z,0,21.2,0
2025-12-09T20:30:00Z,0,21,0
2025-12-09T20:45:00Z,0,20.9,0
2025-12-09T21:00:00Z,0,20.8,0
2025-12-09T21:15:00Z,0,20.7,0
2025-12-09T21:30:00Z,0,20.7,0
2025-12-09T21:45:00Z,0,20.7,0
2025-12-09T22:00:00Z,0,20.8,0
2025-12-09T22:15:00Z,0,21,0
2025-12-09T22:30:00Z,0,21,0
2025-12-09T22:45:00Z,0,21,0
2025-12-09T23:00:00Z,0,21.1,0
2025-12-09T23:15:00Z,0,21.1,0
2025-12-09T23:30:00Z,0,21.1,0
2025-12-09T23:45:00Z,0,21,0
2025-12-10T00:00:00Z,0,20.8,0
2025-12-10T00:15:00Z,0,20.7,0
2025-12-10T00:30:00Z,0,20.5,0
2025-12-10T00:45:00Z,0,20.4,0
2025-12-10T01:00:00Z,0,20.3,0
2025-12-10T01:15:00Z,0,20.2,0
2025-12-10T01:30:00Z,0,20.3,0
2025-12-10T01:45:00Z,0,20.5,0
2025-12-10T02:00:00Z,0,20.5,0
2025-12-10T02:15:00Z,0,20.6,0
2025-12-10T02:30:00Z,0,20.6,0
2025-12-10T02:45:00Z,0,20.6,0
2025-12-10T03:00:00Z,0,20.5,0
2025-12-10T03:15:00Z,0,20.5,0
2025-12-10T03:30:00Z,0,20.4,0
2025-12-10T03:45:00Z,0,20.1,0
2025-12-10T04:00:00Z,0,20.1,0
2025-12-10T04:15:00Z,0,19.9,0
2025-12-10T04:30:00Z,0,19.9,0
2025-12-10T04:45:00Z,0,19.9,0
2025-12-10T05:00:00Z,0,19.8,0
2025-12-10T05:15:00Z,0,19.7,0
2025-12-10T05:30:00Z,0,19.7,0
2025-12-10T05:45:00Z,0,19.7,0
2025-12-10T06:00:00Z,0,19.6,0
2025-12-10T06:15:00Z,1.978,19.6,0
2025-12-10T06:30:00Z,15.15,19.6,0
2025-12-10T06:45:00Z,19.06,19.5,0
2025-12-10T07:00:00Z,72.2,19.5,0
2025-12-10T07:15:00Z,106.2,19.6,0
2025-12-10T07:30:00Z,124.6,19.8,0
2025-12-10T07:45:00Z,83.8,19.9,0
2025-12-10T08:00:00Z,118,20,0
2025-12-10T08:15:00Z,145.8,20.1,0
2025-12-10T08:30:00Z,179,20.2,0
2025-12-10T08:45:00Z,195.3,20.5,0
2025-12-10T09:00:00Z,227.7,20.5,0
2025-12-10T09:15:00Z,333,20.7,0
2025-12-10T09:30:00Z,349.4,21,0
2025-12-10T09:45:00Z,437.4,21.59,0
2025-12-10T10:00:00Z,668.8,22.59,0
2025-12-10T10:15:00Z,458.6,22.7,0
2025-12-10T10:30:00Z,434.4,22.6,0
2025-12-10T10:45:00Z,570.3,22.8,0
2025-12-10T11:00:00Z,613.3,23.1,0
2025-12-10T11:15:00Z,620,23.3,0
2025-12-10T11:30:00Z,855,23.7,0
2025-12-10T11:45:00Z,878,23.9,0
2025-12-10T12:00:00Z,1016,24.2,0
2025-12-10T12:15:00Z,1073,24.69,0
2025-12-10T12:30:00Z,934,24.6,0
2025-12-10T12:45:00Z,588,24.5,0
2025-12-10T13:00:00Z,820,24.4,0
2025-12-10T13:15:00Z,857,24.8,0
2025-12-10T13:30:00Z,812,24.9,0
2025-12-10T13:45:00Z,308.9,24.11,0
2025-12-10T14:00:00Z,717.9,22.42,0
2025-12-10T14:15:00Z,313.9,22.89,0
2025-12-10T14:30:00Z,344.4,22.9,0
2025-12-10T14:45:00Z,319.7,22.7,0
2025-12-10T15:00:00Z,355,23.69,0
2025-12-10T15:15:00Z,585.9,24.49,0
2025-12-10T15:30:00Z,677.2,25.19,0
2025-12-10T15:45:00Z,706.4,25,0
2025-12-10T16:00:00Z,693.1,25.1,0
2025-12-10T16:15:00Z,181.8,23.72,0
2025-12-10T16:30:00Z,77.41,21.62,0
2025-12-10T16:45:00Z,235.5,21.4,0
2025-12-10T17:00:00Z,498.3,23.48,0
2025-12-10T17:15:00Z,426.5,24.19,0
2025-12-10T17:30:00Z,325.7,23.9,0
2025-12-10T17:45:00Z,294.9,24.1,0
2025-12-10T18:00:00Z,167.1,24,0
2025-12-10T18:15:00Z,67.7,23.7,0
2025-12-10T18:30:00Z,27.04,23.3,0
2025-12-10T18:45:00Z,3.559,22.81,0
2025-12-10T19:00:00Z,0.037,22.4,0
2025-12-10T19:15:00Z,0,22,0
2025-12-10T19:30:00Z,0,21.21,0
2025-12-10T19:45:00Z,0,20.8,0
2025-12-10T20:00:00Z,0,20.01,0
2025-12-10T20:15:00Z,0,20.3,0
2025-12-10T20:30:00Z,0,20.3,0
2025-12-10T20:45:00Z,0,19.61,938
2025-12-10T21:00:00Z,0,18.71,302.6
2025-12-10T21:15:00Z,0,18.7,786.8
2025-12-10T21:30:00Z,0,18.4,878
2025-12-10T21:45:00Z,0,18.5,242.1
2025-12-10T22:00:00Z,0,18.5,30.26
2025-12-10T22:15:00Z,0,18.5,30.26
2025-12-10T22:30:00Z,0,18.3,60.52
2025-12-10T22:45:00Z,0,18.3,0
2025-12-10T23:00:00Z,0,18.4,30.26
2025-12-10T23:15:00Z,0,18.2,60.52
2025-12-10T23:30:00Z,0,18.2,60.52
2025-12-10T23:45:00Z,0,18.3,30.26
2025-12-11T00:00:00Z,0,18.5,30.26
2025-12-11T00:15:00Z,0,18.7,0.34
2025-12-11T00:30:00Z,0,19,0
2025-12-11T00:45:00Z,0,19.3,0
2025-12-11T01:00:00Z,0,19.2,0
2025-12-11T01:15:00Z,0,18.9,0
2025-12-11T01:30:00Z,0,18.5,0
2025-12-11T01:45:00Z,0,18.4,0
2025-12-11T02:00:00Z,0,18.2,0
2025-12-11T02:15:00Z,0,18.4,0
2025-12-11T02:30:00Z,0,18.4,0
2025-12-11T02:45:00Z,0,18.6,0
2025-12-11T03:00:00Z,0,18.8,0
2025-12-11T03:15:00Z,0,19,0
2025-12-11T03:30:00Z,0,19.2,0
2025-12-11T03:45:00Z,0,19,0
2025-12-11T04:00:00Z,0,18.9,0
2025-12-11T04:15:00Z,0,19,0
2025-12-11T04:30:00Z,0,18.9,0
2025-12-11T04:45:00Z,0,18.8,0
2025-12-11T05:00:00Z,0,18.8,0
2025-12-11T05:15:00Z,0,18.4,0
2025-12-11T05:30:00Z,0,18.6,0
2025-12-11T05:45:00Z,0,18.3,0
2025-12-11T06:00:00Z,0,18.6,0
2025-12-11T06:15:00Z,6.428,18.7,0
2025-12-11T06:30:00Z,15.6,19.19,0
2025-12-11T06:45:00Z,27.67,19.69,0
2025-12-11T07:00:00Z,35.71,19.9,0
2025-12-11T07:15:00Z,45.89,20,0
2025-12-11T07:30:00Z,71.91,20.2,0
2025-12-11T07:45:00Z,95,20.5,0
2025-12-11T08:00:00Z,134.4,20.5,0
2025-12-11T08:15:00Z,134.6,20.5,0
2025-12-11T08:30:00Z,185.9,20.5,0
2025-12-11T08:45:00Z,243.6,20.7,0
2025-12-11T09:00:00Z,238.5,20.8,0
2025-12-11T09:15:00Z,216.1,20.9,0
2025-12-11T09:30:00Z,236.2,21,0
2025-12-11T09:45:00Z,267.2,21.1,0
2025-12-11T10:00:00Z,300,21.2,0
2025-12-11T10:15:00Z,352.5,21.4,0
2025-12-11T10:30:00Z,494.4,21.8,0
2025-12-11T10:45:00Z,598.6,22.2,0
2025-12-11T11:00:00Z,546.9,22.2,0
2025-12-11T11:15:00Z,574.8,22.6,0
2025-12-11T11:30:00Z,750.4,23.19,0
2025-12-11T11:45:00Z,856,23.6,0
2025-12-11T12:00:00Z,921,23.8,0
2025-12-11T12:15:00Z,836,23.9,0
2025-12-11T12:30:00Z,1106,24.2,0
2025-12-11T12:45:00Z,630.5,24,0
2025-12-11T13:00:00Z,856,24.2,0
2025-12-11T13:15:00Z,796.9,24.69,0
2025-12-11T13:30:00Z,766.5,24.8,0
2025-12-11T13:45:00Z,799.4,25.2,0
2025-12-11T14:00:00Z,967,25.79,0
2025-12-11T14:15:00Z,613.9,25.31,0
2025-12-11T14:30:00Z,548.6,25.2,0
2025-12-11T14:45:00Z,181.6,25,0
2025-12-11T15:00:00Z,100.8,24.51,0
2025-12-11T15:15:00Z,144.5,20.94,484.2
2025-12-11T15:30:00Z,372.3,19.91,30.26
2025-12-11T15:45:00Z,497.8,19.41,0
2025-12-11T16:00:00Z,454.2,20.29,0
2025-12-11T16:15:00Z,347.8,22.97,0
2025-12-11T16:30:00Z,388.8,23.4,0
2025-12-11T16:45:00Z,340.8,24.09,0
2025-12-11T17:00:00Z,140.9,24,0
2025-12-11T17:15:00Z,158.9,23.8,0
2025-12-11T17:30:00Z,286.3,24.1,0
2025-12-11T17:45:00Z,324.1,24.5,0
2025-12-11T18:00:00Z,243.7,24.7,0
2025-12-11T18:15:00Z,116,24.3,0
2025-12-11T18:30:00Z,32.52,23.71,0
2025-12-11T18:45:00Z,7.174,23.3,0
2025-12-11T19:00:00Z,0.077,22.61,0
2025-12-11T19:15:00Z,0,21.91,0
2025-12-11T19:30:00Z,0,21.21,0
2025-12-11T19:45:00Z,0,20.8,0
2025-12-11T20:00:00Z,0,20.11,0
2025-12-11T20:15:00Z,0,20,0
2025-12-11T20:30:00Z,0,19.7,0
2025-12-11T20:45:00Z,0,19.7,0
2025-12-11T21:00:00Z,0,19.5,0
2025-12-11T21:15:00Z,0,19.1,0
2025-12-11T21:30:00Z,0,19.4,0
2025-12-11T21:45:00Z,0,19.2,0
2025-12-11T22:00:00Z,0,19.4,0
2025-12-11T22:15:00Z,0,19.8,0
2025-12-11T22:30:00Z,0,19.5,0
2025-12-11T22:45:00Z,0,19.6,0
2025-12-11T23:00:00Z,0,19.3,0
2025-12-11T23:15:00Z,0,19.3,0
2025-12-11T23:30:00Z,0,19.4,0
2025-12-11T23:45:00Z,0,19.6,0
2025-12-12T00:00:00Z,0,20,0
2025-12-12T00:15:00Z,0,20.1,0
2025-12-12T00:30:00Z,0,20,0
2025-12-12T00:45:00Z,0,20,0
2025-12-12T01:00:00Z,0,20,0
2025-12-12T01:15:00Z,0,19.8,0
2025-12-12T01:30:00Z,0,19.7,0
2025-12-12T01:45:00Z,0,19.7,0
2025-12-12T02:00:00Z,0,19.6,0
2025-12-12T02:15:00Z,0,19.6,0
2025-12-12T02:30:00Z,0,19.9,0
2025-12-12T02:45:00Z,0,19.7,0
2025-12-12T03:00:00Z,0,19.8,0
2025-12-12T03:15:00Z,0,19.9,0
2025-12-12T03:30:00Z,0,19.5,0
2025-12-12T03:45:00Z,0,19.6,0
2025-12-12T04:00:00Z,0,19.6,0
2025-12-12T04:15:00Z,0,19.5,0
2025-12-12T04:30:00Z,0,19.6,0
2025-12-12T04:45:00Z,0,19.6,0
2025-12-12T05:00:00Z,0,19.11,0
2025-12-12T05:15:00Z,0,18.9,0
2025-12-12T05:30:00Z,0,18.41,0
2025-12-12T05:45:00Z,0,18.6,0
2025-12-12T06:00:00Z,0.297,18.8,0
2025-12-12T06:15:00Z,14.14,18.9,0
2025-12-12T06:30:00Z,35.17,19.3,0
2025-12-12T06:45:00Z,63.48,19.7,0
2025-12-12T07:00:00Z,88.4,20.59,0
2025-12-12T07:15:00Z,145.4,21.89,0
2025-12-12T07:30:00Z,186.3,22.49,0
2025-12-12T07:45:00Z,207.1,22.99,0
2025-12-12T08:00:00Z,248.7,23.4,0
2025-12-12T08:15:00Z,307.1,23.7,0
2025-12-12T08:30:00Z,355.2,24,0
2025-12-12T08:45:00Z,413.6,24.4,0
2025-12-12T09:00:00Z,477.1,24.89,0
2025-12-12T09:15:00Z,548,24.9,0
2025-12-12T09:30:00Z,608.8,24.7,0
2025-12-12T09:45:00Z,606.7,24.5,0
2025-12-12T10:00:00Z,598.2,24.4,0
2025-12-12T10:15:00Z,742.9,24.6,0
2025-12-12T10:30:00Z,797.6,24.9,0
2025-12-12T10:45:00Z,827,25.1,0
2025-12-12T11:00:00Z,855,25.4,0
2025-12-12T11:15:00Z,892,25.7,0
2025-12-12T11:30:00Z,948,25.8,0
2025-12-12T11:45:00Z,960,26,0
2025-12-12T12:00:00Z,972,25.9,0
2025-12-12T12:15:00Z,970,26.2,0
2025-12-12T12:30:00Z,959,26.2,0
2025-12-12T12:45:00Z,851,26.4,0
2025-12-12T13:00:00Z,772.7,26.1,0
2025-12-12T13:15:00Z,684.4,25.8,0
2025-12-12T13:30:00Z,352.3,23.03,0
2025-12-12T13:45:00Z,288.1,20.33,272.3
2025-12-12T14:00:00Z,280.6,19.11,121
2025-12-12T14:15:00Z,380.6,19.2,0
2025-12-12T14:30:00Z,322.3,19.5,0
2025-12-12T14:45:00Z,306,22.37,0
2025-12-12T15:00:00Z,380,22.8,0
2025-12-12T15:15:00Z,524.7,23.99,0
2025-12-12T15:30:00Z,182.5,22.91,0
2025-12-12T15:45:00Z,138.2,22.41,0
2025-12-12T16:00:00Z,122.4,22.3,0
2025-12-12T16:15:00Z,110.5,22.5,0
2025-12-12T16:30:00Z,100.9,22.8,0
2025-12-12T16:45:00Z,88.9,23,0
2025-12-12T17:00:00Z,98.4,23.1,0
2025-12-12T17:15:00Z,103.4,23.2,0
2025-12-12T17:30:00Z,86.6,23.3,0
2025-12-12T17:45:00Z,64.64,23.2,0
2025-12-12T18:00:00Z,52.14,23.1,0
2025-12-12T18:15:00Z,35.98,23,0
2025-12-12T18:30:00Z,18.3,22.8,0
2025-12-12T18:45:00Z,3.267,22.6,0
2025-12-12T19:00:00Z,0.034,22.01,0
2025-12-12T19:15:00Z,0,21.8,0
2025-12-12T19:30:00Z,0,21.31,0
2025-12-12T19:45:00Z,0,20.9,0
2025-12-12T20:00:00Z,0,20.5,0
2025-12-12T20:15:00Z,0,20.4,0
2025-12-12T20:30:00Z,0,20.2,0
2025-12-12T20:45:00Z,0,19.9,0
2025-12-12T21:00:00Z,0,19.9,0
2025-12-12T21:15:00Z,0,20.3,0
2025-12-12T21:30:00Z,0,20.7,0
2025-12-12T21:45:00Z,0,20.9,0
2025-12-12T22:00:00Z,0,20.6,0
2025-12-12T22:15:00Z,0,20.7,0
2025-12-12T22:30:00Z,0,21.19,0
2025-12-12T22:45:00Z,0,20.71,0
2025-12-12T23:00:00Z,0,20.4,0
2025-12-12T23:15:00Z,0,20,0
2025-12-12T23:30:00Z,0,20,0
2025-12-12T23:45:00Z,0,19.9,0
2025-12-13T00:00:00Z,0,20.2,0
2025-12-13T00:15:00Z,0,20.6,0
2025-12-13T00:30:00Z,0,20.4,0
2025-12-13T00:45:00Z,0,20.1,0
2025-12-13T01:00:00Z,0,19.8,0
2025-12-13T01:15:00Z,0,20.1,0
2025-12-13T01:30:00Z,0,20.4,0
2025-12-13T01:45:00Z,0,20.3,0
2025-12-13T02:00:00Z,0,20.4,0
2025-12-13T02:15:00Z,0,20.4,0
2025-12-13T02:30:00Z,0,20.5,0
2025-12-13T02:45:00Z,0,20.6,0
2025-12-13T03:00:00Z,0,20.5,0
2025-12-13T03:15:00Z,0,20.5,0
2025-12-13T03:30:00Z,0,20.5,0
2025-12-13T03:45:00Z,0,20.4,0
2025-12-13T04:00:00Z,0,20.3,0
2025-12-13T04:15:00Z,0,20.1,0
2025-12-13T04:30:00Z,0,19.9,0
2025-12-13T04:45:00Z,0,20.1,0
2025-12-13T05:00:00Z,0,20,0
2025-12-13T05:15:00Z,0,20,0
2025-12-13T05:30:00Z,0,20.2,0
2025-12-13T05:45:00Z,0,20.1,0
2025-12-13T06:00:00Z,0,20,0
2025-12-13T06:15:00Z,7.516,20.1,0
2025-12-13T06:30:00Z,20.75,20.2,0
2025-12-13T06:45:00Z,48,20.3,0
2025-12-13T07:00:00Z,52.06,20.3,0
2025-12-13T07:15:00Z,75.44,20.4,0
2025-12-13T07:30:00Z,140.5,20.5,0
2025-12-13T07:45:00Z,119,20.7,0
2025-12-13T08:00:00Z,47.6,20.8,0
2025-12-13T08:15:00Z,62.52,20.6,0
2025-12-13T08:30:00Z,76.05,20.6,0
2025-12-13T08:45:00Z,142.8,20.7,0
2025-12-13T09:00:00Z,165.7,20.8,0
2025-12-13T09:15:00Z,222.3,21,0
2025-12-13T09:30:00Z,339.2,21.2,0
2025-12-13T09:45:00Z,353.6,21.5,0
2025-12-13T10:00:00Z,333.9,21.5,30.26
2025-12-13T10:15:00Z,348.3,20.91,30.26
2025-12-13T10:30:00Z,348.4,21.59,0
2025-12-13T10:45:00Z,320.8,21.7,0
2025-12-13T11:00:00Z,466.2,21.9,0
2025-12-13T11:15:00Z,678.2,22.3,0
2025-12-13T11:30:00Z,324,22.5,0
2025-12-13T11:45:00Z,217.4,22.2,0
2025-12-13T12:00:00Z,318.6,22.4,0
2025-12-13T12:15:00Z,846,23.59,0
2025-12-13T12:30:00Z,480.9,23.4,0
2025-12-13T12:45:00Z,367.4,22.81,30.26
2025-12-13T13:00:00Z,201.1,19.34,302.6
2025-12-13T13:15:00Z,327.9,18.81,30.26
2025-12-13T13:30:00Z,389.5,19.99,0
2025-12-13T13:45:00Z,353.3,20.1,0
2025-12-13T14:00:00Z,397.4,19.7,0
2025-12-13T14:15:00Z,310.9,20.49,0
2025-12-13T14:30:00Z,275.1,21.19,0
2025-12-13T14:45:00Z,423,21.6,0
2025-12-13T15:00:00Z,383.6,22,0
2025-12-13T15:15:00Z,344.9,22.2,0
2025-12-13T15:30:00Z,254.9,22.3,0
2025-12-13T15:45:00Z,226.8,22.3,0
2025-12-13T16:00:00Z,224.9,22.4,0
2025-12-13T16:15:00Z,238,22.3,0
2025-12-13T16:30:00Z,320.7,22.7,0
2025-12-13T16:45:00Z,456,23.19,0
2025-12-13T17:00:00Z,541.3,24.49,0
2025-12-13T17:15:00Z,375.3,24.5,0
2025-12-13T17:30:00Z,260.6,24.3,0
2025-12-13T17:45:00Z,198.8,24.3,0
2025-12-13T18:00:00Z,150.3,24.5,0
2025-12-13T18:15:00Z,77.51,24.4,0
2025-12-13T18:30:00Z,41.59,23.91,0
2025-12-13T18:45:00Z,17.76,23.31,0
2025-12-13T19:00:00Z,2.667,22.71,0
2025-12-13T19:15:00Z,0.028,22.4,0
2025-12-13T19:30:00Z,0,22.2,0
2025-12-13T19:45:00Z,0,21.51,0
2025-12-13T20:00:00Z,0,21.2,0
2025-12-13T20:15:00Z,0,21.6,0
2025-12-13T20:30:00Z,0,21.4,0
2025-12-13T20:45:00Z,0,21.3,0
2025-12-13T21:00:00Z,0,21.1,0
2025-12-13T21:15:00Z,0,21.3,0
2025-12-13T21:30:00Z,0,20.9,0
2025-12-13T21:45:00Z,0,20.9,0
2025-12-13T22:00:00Z,0,20.6,0
2025-12-13T22:15:00Z,0,20.4,0
2025-12-13T22:30:00Z,0,20.3,0
2025-12-13T22:45:00Z,0,20.2,0
2025-12-13T23:00:00Z,0,20,0
2025-12-13T23:15:00Z,0,20,0
2025-12-13T23:30:00Z,0,20.4,0
2025-12-13T23:45:00Z,0,20.2,0
2025-12-14T00:00:00Z,0,19.71,0
2025-12-14T00:15:00Z,0,19.6,0
2025-12-14T00:30:00Z,0,19.6,0
2025-12-14T00:45:00Z,0,19.7,0
2025-12-14T01:00:00Z,0,19.7,0
2025-12-14T01:15:00Z,0,19.6,0
2025-12-14T01:30:00Z,0,19.4,0
2025-12-14T01:45:00Z,0,19.4,0
2025-12-14T02:00:00Z,0,19.4,0
2025-12-14T02:15:00Z,0,19.1,0
2025-12-14T02:30:00Z,0,19.1,0
2025-12-14T02:45:00Z,0,19.2,0
2025-12-14T03:00:00Z,0,19.3,0
2025-12-14T03:15:00Z,0,19.2,0
2025-12-14T03:30:00Z,0,19,0
2025-12-14T03:45:00Z,0,18.9,0
2025-12-14T04:00:00Z,0,18.7,0
2025-12-14T04:15:00Z,0,18.6,0
2025-12-14T04:30:00Z,0,18.6,0
2025-12-14T04:45:00Z,0,18.7,0
2025-12-14T05:00:00Z,0,18.8,0
2025-12-14T05:15:00Z,0,18.7,0
2025-12-14T05:30:00Z,0,18.7,0
2025-12-14T05:45:00Z,0,18.9,0
2025-12-14T06:00:00Z,0,18.8,0
2025-12-14T06:15:00Z,7.911,18.9,0
2025-12-14T06:30:00Z,17.59,19.2,0
2025-12-14T06:45:00Z,35.01,19.5,0
2025-12-14T07:00:00Z,55.37,19.9,0
2025-12-14T07:15:00Z,71.82,20.3,0
2025-12-14T07:30:00Z,106.5,20.79,0
2025-12-14T07:45:00Z,129.6,21.59,0
2025-12-14T08:00:00Z,169.5,22.09,0
2025-12-14T08:15:00Z,214.2,22.79,0
2025-12-14T08:30:00Z,240.4,23.1,0
2025-12-14T08:45:00Z,340.2,23.3,0
2025-12-14T09:00:00Z,424.1,24.09,0
2025-12-14T09:15:00Z,483.8,24.5,0
2025-12-14T09:30:00Z,677.8,25.29,0
2025-12-14T09:45:00Z,662.7,25.5,0
2025-12-14T10:00:00Z,645.8,25.6,0
2025-12-14T10:15:00Z,721.9,25.8,0
2025-12-14T10:30:00Z,796.4,26.29,0
2025-12-14T10:45:00Z,799.1,26.1,0
2025-12-14T11:00:00Z,845,26.1,0
2025-12-14T11:15:00Z,889,26.2,0
2025-12-14T11:30:00Z,921,26.2,0
2025-12-14T11:45:00Z,1050,26.2,0
2025-12-14T12:00:00Z,723.9,26.1,0
2025-12-14T12:15:00Z,561.1,25.8,0
2025-12-14T12:30:00Z,619.8,26,0
2025-12-14T12:45:00Z,484.2,25.8,0
2025-12-14T13:00:00Z,591.5,25.4,0
2025-12-14T13:15:00Z,524.5,24.11,0
2025-12-14T13:30:00Z,745.9,24.4,0
2025-12-14T13:45:00Z,560.9,24.8,0
2025-12-14T14:00:00Z,477.3,25.29,0
2025-12-14T14:15:00Z,486.8,25.79,0
2025-12-14T14:30:00Z,611,26.29,0
2025-12-14T14:45:00Z,712.6,26.6,0
2025-12-14T15:00:00Z,380.8,26.11,0
2025-12-14T15:15:00Z,296.4,24.91,0
2025-12-14T15:30:00Z,243.3,24.8,0
2025-12-14T15:45:00Z,317,24.5,0
2025-12-14T16:00:00Z,399.9,24.9,0
2025-12-14T16:15:00Z,146.9,24.9,0
2025-12-14T16:30:00Z,39.77,21.04,151.3
2025-12-14T16:45:00Z,35.44,20.8,151.3
2025-12-14T17:00:00Z,36.69,21.29,30.26
2025-12-14T17:15:00Z,39.77,21.5,0
2025-12-14T17:30:00Z,44.35,21.3,0
2025-12-14T17:45:00Z,55.38,21.3,30.26
2025-12-14T18:00:00Z,53.82,21.4,0
2025-12-14T18:15:00Z,51.72,21.4,0
2025-12-14T18:30:00Z,30.74,21.4,0
2025-12-14T18:45:00Z,12.21,21.4,0
2025-12-14T19:00:00Z,0.133,21.2,0
2025-12-14T19:15:00Z,0,21.2,0
2025-12-14T19:30:00Z,0,21.1,0
2025-12-14T19:45:00Z,0,20.8,0
2025-12-14T20:00:00Z,0,20.8,0
2025-12-14T20:15:00Z,0,20.6,0
2025-12-14T20:30:00Z,0,20.5,0
2025-12-14T20:45:00Z,0,20.3,0
2025-12-14T21:00:00Z,0,20.4,0
2025-12-14T21:15:00Z,0,20.4,0
2025-12-14T21:30:00Z,0,20.3,0
2025-12-14T21:45:00Z,0,20.4,0
2025-12-14T22:00:00Z,0,20.2,0
2025-12-14T22:15:00Z,0,20.2,0
2025-12-14T22:30:00Z,0,20.3,0
2025-12-14T22:45:00Z,0,20.4,0
2025-12-14T23:00:00Z,0,20.4,0
2025-12-14T23:15:00Z,0,20.2,0
2025-12-14T23:30:00Z,0,20.2,0
2025-12-14T23:45:00Z,0,20.3,0
2025-12-15T00:00:00Z,0,20.1,0
2025-12-15T00:15:00Z,0,20.4,0
2025-12-15T00:30:00Z,0,20.7,0
2025-12-15T00:45:00Z,0,20.7,0
2025-12-15T01:00:00Z,0,21,0
2025-12-15T01:15:00Z,0,20.7,0
2025-12-15T01:30:00Z,0,20.8,0
2025-12-15T01:45:00Z,0,21,0
2025-12-15T02:00:00Z,0,20.7,0
2025-12-15T02:15:00Z,0,20.7,0
2025-12-15T02:30:00Z,0,20.8,0
2025-12-15T02:45:00Z,0,20.6,0
2025-12-15T03:00:00Z,0,20.01,0
2025-12-15T03:15:00Z,0,19.8,0
2025-12-15T03:30:00Z,0,19.8,0
2025-12-15T03:45:00Z,0,19.9,0
2025-12-15T04:00:00Z,0,19.9,0
2025-12-15T04:15:00Z,0,19.7,0
2025-12-15T04:30:00Z,0,19.8,0
2025-12-15T04:45:00Z,0,19.8,0
2025-12-15T05:00:00Z,0,19.5,0
2025-12-15T05:15:00Z,0,19.5,0
2025-12-15T05:30:00Z,0,19.4,0
2025-12-15T05:45:00Z,0,19.5,0
2025-12-15T06:00:00Z,0,19.5,0
2025-12-15T06:15:00Z,9.1,19.6,0
2025-12-15T06:30:00Z,26.11,20.19,0
2025-12-15T06:45:00Z,44,20.99,0
2025-12-15T07:00:00Z,52.31,21.2,0
2025-12-15T07:15:00Z,76.03,21.6,0
2025-12-15T07:30:00Z,106.1,21.8,0
2025-12-15T07:45:00Z,154.5,22.29,0
2025-12-15T08:00:00Z,211.1,22.7,0
2025-12-15T08:15:00Z,272,23.69,0
2025-12-15T08:30:00Z,337.5,24.49,0
2025-12-15T08:45:00Z,393.8,25.59,0
2025-12-15T09:00:00Z,403.5,25.7,0
2025-12-15T09:15:00Z,336,25.21,0
2025-12-15T09:30:00Z,364.9,24.8,0
2025-12-15T09:45:00Z,423.5,24.7,0
2025-12-15T10:00:00Z,446.8,24.7,0
2025-12-15T10:15:00Z,538.6,24.9,0
2025-12-15T10:30:00Z,790.5,25.1,0
2025-12-15T10:45:00Z,623.3,24.9,0
2025-12-15T11:00:00Z,776.2,25,0
2025-12-15T11:15:00Z,386,24.11,0
2025-12-15T11:30:00Z,168.6,24.1,0
2025-12-15T11:45:00Z,68.2,23.61,0
2025-12-15T12:00:00Z,39.02,20.34,60.52
2025-12-15T12:15:00Z,55.21,19.9,30.26
2025-12-15T12:30:00Z,71.02,20,30.26
2025-12-15T12:45:00Z,69.42,19.8,60.52
2025-12-15T13:00:00Z,83,20,30.26
2025-12-15T13:15:00Z,96.5,20.4,0
2025-12-15T13:30:00Z,84,20.6,0
2025-12-15T13:45:00Z,72.23,20.6,30.26
2025-12-15T14:00:00Z,113.9,20.4,30.26
2025-12-15T14:15:00Z,202,20.3,0
2025-12-15T14:30:00Z,246.2,20.6,0
2025-12-15T14:45:00Z,270.3,20.9,0
2025-12-15T15:00:00Z,208.2,21.3,0
2025-12-15T15:15:00Z,178.1,21.6,0
2025-12-15T15:30:00Z,146.3,21.9,0
2025-12-15T15:45:00Z,155.5,21.8,0
2025-12-15T16:00:00Z,187.9,21.9,0
2025-12-15T16:15:00Z,192.8,22,0
2025-12-15T16:30:00Z,181.2,22,0
2025-12-15T16:45:00Z,174.7,22.2,0
2025-12-15T17:00:00Z,160.2,22.3,0
2025-12-15T17:15:00Z,142.2,22.3,0
2025-12-15T17:30:00Z,126.4,22.3,0
2025-12-15T17:45:00Z,103.1,22.4,0
2025-12-15T18:00:00Z,94.3,22.3,0
2025-12-15T18:15:00Z,86.1,22.3,0
2025-12-15T18:30:00Z,39.42,22,0
2025-12-15T18:45:00Z,9.93,21.7,0
2025-12-15T19:00:00Z,0.107,21.4,0
2025-12-15T19:15:00Z,0,21.4,0
2025-12-15T19:30:00Z,0,21.1,0
2025-12-15T19:45:00Z,0,20.9,0
2025-12-15T20:00:00Z,0,20.9,0
2025-12-15T20:15:00Z,0,21.1,0
2025-12-15T20:30:00Z,0,21,0
2025-12-15T20:45:00Z,0,21,0
2025-12-15T21:00:00Z,0,20.51,0
2025-12-15T21:15:00Z,0,20.1,0
2025-12-15T21:30:00Z,0,19.9,0
2025-12-15T21:45:00Z,0,20,0
2025-12-15T22:00:00Z,0,19.6,0
2025-12-15T22:15:00Z,0,19.5,0
2025-12-15T22:30:00Z,0,19.3,0
2025-12-15T22:45:00Z,0,19.2,0
2025-12-15T23:00:00Z,0,19.3,0
2025-12-15T23:15:00Z,0,19.1,0
2025-12-15T23:30:00Z,0,19.1,0
2025-12-15T23:45:00Z,0,19.2,0
2025-12-16T00:00:00Z,0,19.1,0
2025-12-16T00:15:00Z,0,19,0
2025-12-16T00:30:00Z,0,19.2,0
2025-12-16T00:45:00Z,0,19,0
2025-12-16T01:00:00Z,0,18.8,0
2025-12-16T01:15:00Z,0,18.7,0
2025-12-16T01:30:00Z,0,18.6,0
2025-12-16T01:45:00Z,0,18.9,0
2025-12-16T02:00:00Z,0,18.6,0
2025-12-16T02:15:00Z,0,19,0
2025-12-16T02:30:00Z,0,18.9,0
2025-12-16T02:45:00Z,0,19,0
2025-12-16T03:00:00Z,0,19.2,0
2025-12-16T03:15:00Z,0,19.2,0
2025-12-16T03:30:00Z,0,19.5,0
2025-12-16T03:45:00Z,0,19.3,0
2025-12-16T04:00:00Z,0,19.2,0
2025-12-16T04:15:00Z,0,18.8,0
2025-12-16T04:30:00Z,0,18.9,0
2025-12-16T04:45:00Z,0,18.6,0
2025-12-16T05:00:00Z,0,18.8,0
2025-12-16T05:15:00Z,0,18.7,0
2025-12-16T05:30:00Z,0,18.7,0
2025-12-16T05:45:00Z,0,19,0
2025-12-16T06:00:00Z,0,18.8,0
2025-12-16T06:15:00Z,8.41,19.1,0
2025-12-16T06:30:00Z,22.64,19.2,0
2025-12-16T06:45:00Z,36.74,19.3,0
2025-12-16T07:00:00Z,54.4,19.79,0
2025-12-16T07:15:00Z,85,20,0
2025-12-16T07:30:00Z,151.1,20.69,0
2025-12-16T07:45:00Z,240.7,21.99,0
2025-12-16T08:00:00Z,212.8,22.59,0
2025-12-16T08:15:00Z,266.8,22.8,0
2025-12-16T08:30:00Z,445.6,23.49,0
2025-12-16T08:45:00Z,467.7,23.99,0
2025-12-16T09:00:00Z,608.6,25.29,0
2025-12-16T09:15:00Z,662.8,26.09,0
2025-12-16T09:30:00Z,522.8,25.11,0
2025-12-16T09:45:00Z,348.1,24.51,0
2025-12-16T10:00:00Z,278.1,24.1,0
2025-12-16T10:15:00Z,337.6,24,0
2025-12-16T10:30:00Z,159.7,23.8,0
2025-12-16T10:45:00Z,144.1,23.31,0
2025-12-16T11:00:00Z,139.3,23,0
2025-12-16T11:15:00Z,145,22.8,0
2025-12-16T11:30:00Z,165.4,22.9,0
2025-12-16T11:45:00Z,226.8,23.1,0
2025-12-16T12:00:00Z,228.6,23.1,0
2025-12-16T12:15:00Z,156.4,22.9,0
2025-12-16T12:30:00Z,122.9,22.9,0
2025-12-16T12:45:00Z,112.4,23,0
2025-12-16T13:00:00Z,124,22.8,0
2025-12-16T13:15:00Z,172,22.11,0
2025-12-16T13:30:00Z,223.9,22.4,0
2025-12-16T13:45:00Z,255.7,22.7,0
2025-12-16T14:00:00Z,276.5,23.19,0
2025-12-16T14:15:00Z,272.7,23.89,0
2025-12-16T14:30:00Z,286.7,23.6,0
2025-12-16T14:45:00Z,294.5,21.42,0
2025-12-16T15:00:00Z,309.2,21.5,0
2025-12-16T15:15:00Z,292.2,21.6,0
2025-12-16T15:30:00Z,240.2,21.8,0
2025-12-16T15:45:00Z,252.9,22,0
2025-12-16T16:00:00Z,244.9,22.1,0
2025-12-16T16:15:00Z,232.2,21.8,0
2025-12-16T16:30:00Z,221.2,21.4,0
2025-12-16T16:45:00Z,192.9,21.5,0
2025-12-16T17:00:00Z,169.3,21.6,0
2025-12-16T17:15:00Z,123.2,21.5,0
2025-12-16T17:30:00Z,90.9,21.4,0
2025-12-16T17:45:00Z,65.48,21.2,0
2025-12-16T18:00:00Z,39.69,20.9,0
2025-12-16T18:15:00Z,19.23,20.8,0
2025-12-16T18:30:00Z,7.034,20.6,0
2025-12-16T18:45:00Z,0.077,20.5,0
2025-12-16T19:00:00Z,0,20.5,0
2025-12-16T19:15:00Z,0,20.3,0
2025-12-16T19:30:00Z,0,20,0
2025-12-16T19:45:00Z,0,19.9,0
2025-12-16T20:00:00Z,0,19.8,0
2025-12-16T20:15:00Z,0,19.8,0
2025-12-16T20:30:00Z,0,19.9,0
2025-12-16T20:45:00Z,0,19.8,0
2025-12-16T21:00:00Z,0,19.7,0
2025-12-16T21:15:00Z,0,19.6,0
2025-12-16T21:30:00Z,0,19.6,0
2025-12-16T21:45:00Z,0,19.5,0
2025-12-16T22:00:00Z,0,19.7,0
2025-12-16T22:15:00Z,0,19.7,0
2025-12-16T22:30:00Z,0,19.6,0
2025-12-16T22:45:00Z,0,19.5,0
2025-12-16T23:00:00Z,0,19.5,0
2025-12-16T23:15:00Z,0,19.6,0
2025-12-16T23:30:00Z,0,19.5,0
2025-12-16T23:45:00Z,0,19.6,0
2025-12-17T00:00:00Z,0,19.5,0
2025-12-17T00:15:00Z,0,19.4,0
2025-12-17T00:30:00Z,0,19.5,0
2025-12-17T00:45:00Z,0,19.6,0
2025-12-17T01:00:00Z,0,19.6,0
2025-12-17T01:15:00Z,0,19.3,0
2025-12-17T01:30:00Z,0,19.3,0
2025-12-17T01:45:00Z,0,19.3,0
2025-12-17T02:00:00Z,0,19.4,0
2025-12-17T02:15:00Z,0,19.1,0
2025-12-17T02:30:00Z,0,19,0
2025-12-17T02:45:00Z,0,19,0
2025-12-17T03:00:00Z,0,19,0
2025-12-17T03:15:00Z,0,19,0
2025-12-17T03:30:00Z,0,19.2,0
2025-12-17T03:45:00Z,0,19,0
2025-12-17T04:00:00Z,0,18.9,0
2025-12-17T04:15:00Z,0,18.8,0
2025-12-17T04:30:00Z,0,18.8,0
2025-12-17T04:45:00Z,0,18.7,0
2025-12-17T05:00:00Z,0,18.7,0
2025-12-17T05:15:00Z,0,18.6,0
2025-12-17T05:30:00Z,0,18.7,0
2025-12-17T05:45:00Z,0,19,0
2025-12-17T06:00:00Z,0,18.9,0
2025-12-17T06:15:00Z,4.45,18.7,0
2025-12-17T06:30:00Z,22.1,19,0
2025-12-17T06:45:00Z,54.64,19.2,0
2025-12-17T07:00:00Z,83.3,19.6,0
2025-12-17T07:15:00Z,92.4,20.19,0
2025-12-17T07:30:00Z,89.5,20.6,0
2025-12-17T07:45:00Z,111.6,20.9,0
2025-12-17T08:00:00Z,151,21.39,0
2025-12-17T08:15:00Z,173.7,21.8,0
2025-12-17T08:30:00Z,196,22.39,0
2025-12-17T08:45:00Z,399.1,23.49,0
2025-12-17T09:00:00Z,593.6,25.08,0
2025-12-17T09:15:00Z,526,24.7,0
2025-12-17T09:30:00Z,598.8,24.6,0
2025-12-17T09:45:00Z,563.5,24.6,0
2025-12-17T10:00:00Z,650.2,24.8,0
2025-12-17T10:15:00Z,901,25.69,0
2025-12-17T10:30:00Z,811,25.11,0
2025-12-17T10:45:00Z,813,25.4,0
2025-12-17T11:00:00Z,677.9,25.3,0
2025-12-17T11:15:00Z,657.8,25.4,0
2025-12-17T11:30:00Z,616.3,25,0
2025-12-17T11:45:00Z,605.6,25.1,0
2025-12-17T12:00:00Z,533.8,24.9,0
2025-12-17T12:15:00Z,615.3,25.2,0
2025-12-17T12:30:00Z,621,25.2,0
2025-12-17T12:45:00Z,589.5,25.3,0
2025-12-17T13:00:00Z,518,25.2,0
2025-12-17T13:15:00Z,568.8,25.1,0
2025-12-17T13:30:00Z,648.8,25.2,0
2025-12-17T13:45:00Z,667.4,25.4,0
2025-12-17T14:00:00Z,670.6,25.7,0
2025-12-17T14:15:00Z,619.7,25.4,0
2025-12-17T14:30:00Z,501.1,25,0
2025-12-17T14:45:00Z,577.5,25,0
2025-12-17T15:00:00Z,675.3,25.69,0
2025-12-17T15:15:00Z,728.1,25.9,0
2025-12-17T15:30:00Z,606.6,25.41,0
2025-12-17T15:45:00Z,597.5,25.6,0
2025-12-17T16:00:00Z,390.2,24.91,0
2025-12-17T16:15:00Z,483.1,23.42,0
2025-12-17T16:30:00Z,497.6,23.89,0
2025-12-17T16:45:00Z,467.8,23.9,0
2025-12-17T17:00:00Z,338.2,24.2,0
2025-12-17T17:15:00Z,286.8,24.3,0
2025-12-17T17:30:00Z,104.7,24.1,0
2025-12-17T17:45:00Z,54.74,23.9,0
2025-12-17T18:00:00Z,34.52,23.8,0
2025-12-17T18:15:00Z,23.52,23.7,0
2025-12-17T18:30:00Z,19.94,23.6,0
2025-12-17T18:45:00Z,10.8,23.4,0
2025-12-17T19:00:00Z,0.119,23.2,0
2025-12-17T19:15:00Z,0,22.8,0
2025-12-17T19:30:00Z,0,22.5,0
2025-12-17T19:45:00Z,0,21.91,0
2025-12-17T20:00:00Z,0,21.7,0
2025-12-17T20:15:00Z,0,21.9,0
2025-12-17T20:30:00Z,0,22.2,0
2025-12-17T20:45:00Z,0,22,0
2025-12-17T21:00:00Z,0,21.7,0
2025-12-17T21:15:00Z,0,21.8,0
2025-12-17T21:30:00Z,0,21.7,0
2025-12-17T21:45:00Z,0,21.5,0
2025-12-17T22:00:00Z,0,21.3,0
2025-12-17T22:15:00Z,0,21.4,0
2025-12-17T22:30:00Z,0,21.2,0
2025-12-17T22:45:00Z,0,21.4,0
2025-12-17T23:00:00Z,0,21.2,0
2025-12-17T23:15:00Z,0,21.1,30.26
2025-12-17T23:30:00Z,0,20.8,0
2025-12-17T23:45:00Z,0,20.5,0
2025-12-18T00:00:00Z,0,20.5,0
2025-12-18T00:15:00Z,0,20.4,0
2025-12-18T00:30:00Z,0,20.3,0
2025-12-18T00:45:00Z,0,19.9,0
2025-12-18T01:00:00Z,0,19.9,0
2025-12-18T01:15:00Z,0,19.7,0
2025-12-18T01:30:00Z,0,19.6,0
2025-12-18T01:45:00Z,0,19.4,0
2025-12-18T02:00:00Z,0,19.5,0
2025-12-18T02:15:00Z,0,19.7,0
2025-12-18T02:30:00Z,0,19.6,0
2025-12-18T02:45:00Z,0,19.5,0
2025-12-18T03:00:00Z,0,19.7,0
2025-12-18T03:15:00Z,0,19.5,0
2025-12-18T03:30:00Z,0,19.5,0
2025-12-18T03:45:00Z,0,19.4,0
2025-12-18T04:00:00Z,0,19.1,0
2025-12-18T04:15:00Z,0,19.1,0
2025-12-18T04:30:00Z,0,19.1,0
2025-12-18T04:45:00Z,0,19.1,0
2025-12-18T05:00:00Z,0,19.1,0
2025-12-18T05:15:00Z,0,19.1,0
2025-12-18T05:30:00Z,0,19.1,0
2025-12-18T05:45:00Z,0,19.1,0
2025-12-18T06:00:00Z,0,19.1,0
2025-12-18T06:15:00Z,0,19.4,0
2025-12-18T06:30:00Z,7.812,20.09,0
2025-12-18T06:45:00Z,26.59,20.1,0
2025-12-18T07:00:00Z,60.32,20.2,0
2025-12-18T07:15:00Z,93.9,20.2,0
2025-12-18T07:30:00Z,95.5,20.4,0
2025-12-18T07:45:00Z,45.56,20.1,0
2025-12-18T08:00:00Z,21.66,19.31,0
2025-12-18T08:15:00Z,52.75,18.9,30.26
2025-12-18T08:30:00Z,76.83,18.41,121
2025-12-18T08:45:00Z,85.5,18.1,90.8
2025-12-18T09:00:00Z,116.2,18.4,30.26
2025-12-18T09:15:00Z,182.9,18.7,0
2025-12-18T09:30:00Z,275.7,19.29,0
2025-12-18T09:45:00Z,402.6,19.89,0
2025-12-18T10:00:00Z,452.7,20.79,0
2025-12-18T10:15:00Z,469,21.59,0
2025-12-18T10:30:00Z,466.2,22.19,0
2025-12-18T10:45:00Z,483.4,22.6,0
2025-12-18T11:00:00Z,660.1,23.19,0
2025-12-18T11:15:00Z,675.1,23.6,0
2025-12-18T11:30:00Z,914,24.19,0
2025-12-18T11:45:00Z,691.1,24.3,0
2025-12-18T12:00:00Z,942,24.5,0
2025-12-18T12:15:00Z,1057,24.9,0
2025-12-18T12:30:00Z,899,25,0
2025-12-18T12:45:00Z,885,24.7,0
2025-12-18T13:00:00Z,705.5,24.7,0
2025-12-18T13:15:00Z,775.5,24.6,0
2025-12-18T13:30:00Z,993,25.09,0
2025-12-18T13:45:00Z,1000,25.2,0
2025-12-18T14:00:00Z,886,25.6,0
2025-12-18T14:15:00Z,829,25.8,0
2025-12-18T14:30:00Z,883,25.6,0
2025-12-18T14:45:00Z,582.9,25.11,0
2025-12-18T15:00:00Z,560.1,25.2,0
2025-12-18T15:15:00Z,625.7,25.3,0
2025-12-18T15:30:00Z,727.3,25.5,0
2025-12-18T15:45:00Z,617.6,25.2,0
2025-12-18T16:00:00Z,439.5,24.71,0
2025-12-18T16:15:00Z,297.5,24.4,0
2025-12-18T16:30:00Z,230.4,23.41,0
2025-12-18T16:45:00Z,321.9,23.7,0
2025-12-18T17:00:00Z,196.5,24.1,0
2025-12-18T17:15:00Z,123.7,23.61,0
2025-12-18T17:30:00Z,92.1,23.2,0
2025-12-18T17:45:00Z,52.15,23.2,0
2025-12-18T18:00:00Z,59.12,23.2,0
2025-12-18T18:15:00Z,26.57,23.2,0
2025-12-18T18:30:00Z,15.42,22.8,0
2025-12-18T18:45:00Z,2.741,21.61,0
2025-12-18T19:00:00Z,0.029,20.91,0
2025-12-18T19:15:00Z,0,20.5,0
2025-12-18T19:30:00Z,0,20.5,30.26
2025-12-18T19:45:00Z,0,20.6,0
2025-12-18T20:00:00Z,0,20.5,0
2025-12-18T20:15:00Z,0,20.5,0
2025-12-18T20:30:00Z,0,20.5,0
2025-12-18T20:45:00Z,0,20.4,0
2025-12-18T21:00:00Z,0,20.4,0
2025-12-18T21:15:00Z,0,20.4,0
2025-12-18T21:30:00Z,0,20.6,0
2025-12-18T21:45:00Z,0,21,0
2025-12-18T22:00:00Z,0,21.4,0
2025-12-18T22:15:00Z,0,21.2,0
2025-12-18T22:30:00Z,0,21.1,0
2025-12-18T22:45:00Z,0,21.1,0
2025-12-18T23:00:00Z,0,21.1,0
2025-12-18T23:15:00Z,0,21,0
2025-12-18T23:30:00Z,0,20.6,0
2025-12-18T23:45:00Z,0,20.5,0
2025-12-19T00:00:00Z,0,20.5,0
2025-12-19T00:15:00Z,0,20.6,0
2025-12-19T00:30:00Z,0,20.8,0
2025-12-19T00:45:00Z,0,20.7,0
2025-12-19T01:00:00Z,0,20.6,0
2025-12-19T01:15:00Z,0,20.5,0
2025-12-19T01:30:00Z,0,20.4,0
2025-12-19T01:45:00Z,0,20.4,0
2025-12-19T02:00:00Z,0,20.4,0
2025-12-19T02:15:00Z,0,20.4,0
2025-12-19T02:30:00Z,0,20.2,0
2025-12-19T02:45:00Z,0,20,0
2025-12-19T03:00:00Z,0,20,0
2025-12-19T03:15:00Z,0,20.1,0
2025-12-19T03:30:00Z,0,19.9,0
2025-12-19T03:45:00Z,0,19.8,0
2025-12-19T04:00:00Z,0,19.8,0
2025-12-19T04:15:00Z,0,19.9,0
2025-12-19T04:30:00Z,0,19.7,0
2025-12-19T04:45:00Z,0,19.5,272.3
2025-12-19T05:00:00Z,0,19.5,181.6
2025-12-19T05:15:00Z,0,19.5,30.26
2025-12-19T05:30:00Z,0,19.5,30.26
2025-12-19T05:45:00Z,0,19.5,0
2025-12-19T06:00:00Z,0,19.5,0
2025-12-19T06:15:00Z,0,19.5,0
2025-12-19T06:30:00Z,6.131,19.5,0
2025-12-19T06:45:00Z,11.84,19.5,0
2025-12-19T07:00:00Z,15.66,19.5,0
2025-12-19T07:15:00Z,75.33,19.5,0
2025-12-19T07:30:00Z,173.3,19.99,0
2025-12-19T07:45:00Z,237.2,20.49,0
2025-12-19T08:00:00Z,296,20.8,0
2025-12-19T08:15:00Z,288.5,21.29,0
2025-12-19T08:30:00Z,236.6,21.5,0
2025-12-19T08:45:00Z,236.3,21.6,0
2025-12-19T09:00:00Z,256.8,21.8,0
2025-12-19T09:15:00Z,212.4,21.7,0
2025-12-19T09:30:00Z,178,21.5,0
2025-12-19T09:45:00Z,84.9,20.41,151.3
2025-12-19T10:00:00Z,124.2,19.41,211.8
2025-12-19T10:15:00Z,126.4,19.4,60.52
2025-12-19T10:30:00Z,321.6,19.1,151.3
2025-12-19T10:45:00Z,466.1,19.1,0
2025-12-19T11:00:00Z,437.9,18.9,0
2025-12-19T11:15:00Z,444.8,19.1,0
2025-12-19T11:30:00Z,493.3,21.08,0
2025-12-19T11:45:00Z,427.9,21.5,0
2025-12-19T12:00:00Z,409,22.09,0
2025-12-19T12:15:00Z,433.7,22.59,0
2025-12-19T12:30:00Z,409.7,22.9,0
2025-12-19T12:45:00Z,417.3,22.5,0
2025-12-19T13:00:00Z,398.9,22.01,0
2025-12-19T13:15:00Z,427.2,22.1,0
2025-12-19T13:30:00Z,469.5,22.5,0
2025-12-19T13:45:00Z,536.8,22.6,0
2025-12-19T14:00:00Z,683.3,23.29,0
2025-12-19T14:15:00Z,648.8,23.99,0
2025-12-19T14:30:00Z,831,24.59,0
2025-12-19T14:45:00Z,718.6,24.4,0
2025-12-19T15:00:00Z,696.7,24.5,0
2025-12-19T15:15:00Z,557.3,24.5,0
2025-12-19T15:30:00Z,389.1,24.4,0
2025-12-19T15:45:00Z,349.4,24.3,0
2025-12-19T16:00:00Z,390.3,24.2,0
2025-12-19T16:15:00Z,260.6,24.1,0
2025-12-19T16:30:00Z,234.2,23.7,0
2025-12-19T16:45:00Z,209,23.4,0
2025-12-19T17:00:00Z,195.4,23.5,0
2025-12-19T17:15:00Z,157.4,23.6,0
2025-12-19T17:30:00Z,114.8,23.5,0
2025-12-19T17:45:00Z,71.98,23.2,0
2025-12-19T18:00:00Z,44.31,22.9,0
2025-12-19T18:15:00Z,30.95,22.7,0
2025-12-19T18:30:00Z,24.08,22.6,0
2025-12-19T18:45:00Z,9.27,22.5,0
2025-12-19T19:00:00Z,0.101,22.2,0
2025-12-19T19:15:00Z,0,21.8,0
2025-12-19T19:30:00Z,0,21.6,0
2025-12-19T19:45:00Z,0,21.2,0
2025-12-19T20:00:00Z,0,21,0
2025-12-19T20:15:00Z,0,21.1,0
2025-12-19T20:30:00Z,0,20.9,0
2025-12-19T20:45:00Z,0,20.7,0
2025-12-19T21:00:00Z,0,20.9,0
2025-12-19T21:15:00Z,0,20.6,0
2025-12-19T21:30:00Z,0,20.5,0
2025-12-19T21:45:00Z,0,20.4,0
2025-12-19T22:00:00Z,0,20.2,0
2025-12-19T22:15:00Z,0,20.1,0
2025-12-19T22:30:00Z,0,20.1,0
2025-12-19T22:45:00Z,0,19.9,0
2025-12-19T23:00:00Z,0,20.1,0
2025-12-19T23:15:00Z,0,20.1,0
2025-12-19T23:30:00Z,0,20,0
2025-12-19T23:45:00Z,0,20.2,0
2025-12-20T00:00:00Z,0,20.4,0
2025-12-20T00:15:00Z,0,20.5,0
2025-12-20T00:30:00Z,0,20.1,0
2025-12-20T00:45:00Z,0,20.1,0
2025-12-20T01:00:00Z,0,20.2,0
2025-12-20T01:15:00Z,0,19.71,0
2025-12-20T01:30:00Z,0,19.6,0
2025-12-20T01:45:00Z,0,19.4,0
2025-12-20T02:00:00Z,0,18.91,0
2025-12-20T02:15:00Z,0,19.3,0
2025-12-20T02:30:00Z,0,19.7,0
2025-12-20T02:45:00Z,0,20,0
2025-12-20T03:00:00Z,0,19.6,0
2025-12-20T03:15:00Z,0,19.5,0
2025-12-20T03:30:00Z,0,19.2,0
2025-12-20T03:45:00Z,0,19.2,0
2025-12-20T04:00:00Z,0,19.4,0
2025-12-20T04:15:00Z,0,19.6,0
2025-12-20T04:30:00Z,0,19.6,0
2025-12-20T04:45:00Z,0,19.7,0
2025-12-20T05:00:00Z,0,19.7,0
2025-12-20T05:15:00Z,0,19.6,0
2025-12-20T05:30:00Z,0,19.6,0
2025-12-20T05:45:00Z,0,19.7,0
2025-12-20T06:00:00Z,0,19.7,0
2025-12-20T06:15:00Z,0,18.91,242.1
2025-12-20T06:30:00Z,0,18.7,453.9
2025-12-20T06:45:00Z,0,18.4,272.3
2025-12-20T07:00:00Z,8.11,18.2,453.9
2025-12-20T07:15:00Z,33.02,18.2,242.1
2025-12-20T07:30:00Z,92.2,18.1,60.52
2025-12-20T07:45:00Z,146.3,18.69,30.26
2025-12-20T08:00:00Z,224.1,19.1,0
2025-12-20T08:15:00Z,155.2,18.9,0
2025-12-20T08:30:00Z,113.7,19.79,0
2025-12-20T08:45:00Z,154.7,19.8,0
2025-12-20T09:00:00Z,208.9,20,0
2025-12-20T09:15:00Z,219.1,20.3,0
2025-12-20T09:30:00Z,276.4,20.4,0
2025-12-20T09:45:00Z,354.7,20.7,0
2025-12-20T10:00:00Z,438.3,20.8,0
2025-12-20T10:15:00Z,481,21.39,0
2025-12-20T10:30:00Z,278.6,21.4,0
2025-12-20T10:45:00Z,236.2,21.7,0
2025-12-20T11:00:00Z,322.9,22.1,0
2025-12-20T11:15:00Z,419,22.69,0
2025-12-20T11:30:00Z,578.1,23.29,0
2025-12-20T11:45:00Z,541.9,23.99,0
2025-12-20T12:00:00Z,192.5,22.91,0
2025-12-20T12:15:00Z,144.5,23,0
2025-12-20T12:30:00Z,336.7,23.4,0
2025-12-20T12:45:00Z,610.6,23.99,0
2025-12-20T13:00:00Z,474.6,23.9,0
2025-12-20T13:15:00Z,442.2,23.7,0
2025-12-20T13:30:00Z,501.2,23.9,0
2025-12-20T13:45:00Z,817,24.99,0
2025-12-20T14:00:00Z,624.1,24.9,0
2025-12-20T14:15:00Z,972,25.49,0
2025-12-20T14:30:00Z,733.4,25.3,0
2025-12-20T14:45:00Z,523.7,24.71,0
2025-12-20T15:00:00Z,398.4,24.5,0
2025-12-20T15:15:00Z,134.2,24.2,0
2025-12-20T15:30:00Z,57.33,23.8,0
2025-12-20T15:45:00Z,65.7,22.91,0
2025-12-20T16:00:00Z,79.55,22.31,0
2025-12-20T16:15:00Z,78.12,22.4,0
2025-12-20T16:30:00Z,49.13,21.61,0
2025-12-20T16:45:00Z,43.46,21.2,0
2025-12-20T17:00:00Z,85.8,21,0
2025-12-20T17:15:00Z,97.3,20.9,0
2025-12-20T17:30:00Z,68.82,20.7,0
2025-12-20T17:45:00Z,41.4,20.5,0
2025-12-20T18:00:00Z,33.19,20.4,0
2025-12-20T18:15:00Z,11.25,20.3,0
2025-12-20T18:30:00Z,0.122,20.3,0
2025-12-20T18:45:00Z,0,20.3,0
2025-12-20T19:00:00Z,0,20.2,0
2025-12-20T19:15:00Z,0,20.2,0
2025-12-20T19:30:00Z,0,20.1,0
2025-12-20T19:45:00Z,0,20.2,0
2025-12-20T20:00:00Z,0,20.2,0
2025-12-20T20:15:00Z,0,20.3,0
2025-12-20T20:30:00Z,0,20.4,0
2025-12-20T20:45:00Z,0,20.3,0
2025-12-20T21:00:00Z,0,20.1,0
2025-12-20T21:15:00Z,0,20,0
2025-12-20T21:30:00Z,0,19.7,0
2025-12-20T21:45:00Z,0,19.8,0
2025-12-20T22:00:00Z,0,19.5,0
2025-12-20T22:15:00Z,0,19.4,0
2025-12-20T22:30:00Z,0,19.3,0
2025-12-20T22:45:00Z,0,19.2,0
2025-12-20T23:00:00Z,0,19.3,0
2025-12-20T23:15:00Z,0,19.1,0
2025-12-20T23:30:00Z,0,19.1,0
2025-12-20T23:45:00Z,0,19.2,0
2025-12-21T00:00:00Z,0,19,0
2025-12-21T00:15:00Z,0,19,0
2025-12-21T00:30:00Z,0,18.9,0
2025-12-21T00:45:00Z,0,18.7,0
2025-12-21T01:00:00Z,0,18.5,0
2025-12-21T01:15:00Z,0,18.4,0
2025-12-21T01:30:00Z,0,18.1,0
2025-12-21T01:45:00Z,0,18.2,0
2025-12-21T02:00:00Z,0,18.1,0
2025-12-21T02:15:00Z,0,18.2,0
2025-12-21T02:30:00Z,0,18.2,0
2025-12-21T02:45:00Z,0,18.3,0
2025-12-21T03:00:00Z,0,18.4,0
2025-12-21T03:15:00Z,0,18.3,0
2025-12-21T03:30:00Z,0,18.2,0
2025-12-21T03:45:00Z,0,18.3,0
2025-12-21T04:00:00Z,0,18.3,0
2025-12-21T04:15:00Z,0,18.4,0
2025-12-21T04:30:00Z,0,18.5,0
2025-12-21T04:45:00Z,0,18.6,0
2025-12-21T05:00:00Z,0,18.6,0
2025-12-21T05:15:00Z,0,18.9,0
2025-12-21T05:30:00Z,0,18.8,0
2025-12-21T05:45:00Z,0,18.9,0
2025-12-21T06:00:00Z,0,18.9,0
2025-12-21T06:15:00Z,4.944,18.9,0
2025-12-21T06:30:00Z,26.95,19.1,0
2025-12-21T06:45:00Z,65.67,19.5,0
2025-12-21T07:00:00Z,66.99,19.99,0
2025-12-21T07:15:00Z,147.6,21.58,0
2025-12-21T07:30:00Z,108.1,21.6,0
2025-12-21T07:45:00Z,150.5,21.6,0
2025-12-21T08:00:00Z,294.2,22.79,0
2025-12-21T08:15:00Z,341.6,23,0
2025-12-21T08:30:00Z,369.9,23.4,0
2025-12-21T08:45:00Z,228.6,22.91,0
2025-12-21T09:00:00Z,243.9,21.71,0
2025-12-21T09:15:00Z,271.3,21.9,0
2025-12-21T09:30:00Z,356.9,22.1,0
2025-12-21T09:45:00Z,375.5,22.5,0
2025-12-21T10:00:00Z,390.2,22.99,0
2025-12-21T10:15:00Z,272.4,23.2,0
2025-12-21T10:30:00Z,269.1,23.4,0
2025-12-21T10:45:00Z,810,24.19,0
2025-12-21T11:00:00Z,569.1,24.1,0
2025-12-21T11:15:00Z,512.4,23.8,0
2025-12-21T11:30:00Z,542.7,23.9,0
2025-12-21T11:45:00Z,303.2,20.83,30.26
2025-12-21T12:00:00Z,573.8,20.9,0
2025-12-21T12:15:00Z,604.3,21.89,0
2025-12-21T12:30:00Z,677.7,22.99,0
2025-12-21T12:45:00Z,1013,24.38,0
2025-12-21T13:00:00Z,242.8,23.81,0
2025-12-21T13:15:00Z,291.4,23.6,0
2025-12-21T13:30:00Z,363.4,23.7,0
2025-12-21T13:45:00Z,840,24.49,0
2025-12-21T14:00:00Z,870,24.99,0
2025-12-21T14:15:00Z,490.8,24.7,0
2025-12-21T14:30:00Z,469.5,24.3,0
2025-12-21T14:45:00Z,494.7,24.4,0
2025-12-21T15:00:00Z,373.4,24.5,0
2025-12-21T15:15:00Z,232.5,24.3,0
2025-12-21T15:30:00Z,229.2,24.3,0
2025-12-21T15:45:00Z,199.7,24.6,0
2025-12-21T16:00:00Z,261.1,24.3,0
2025-12-21T16:15:00Z,286.9,24.3,0
2025-12-21T16:30:00Z,280.9,24.6,0
2025-12-21T16:45:00Z,334.5,24.6,0
2025-12-21T17:00:00Z,376.2,24.6,0
2025-12-21T17:15:00Z,155.2,24.2,0
2025-12-21T17:30:00Z,124.2,24,0
2025-12-21T17:45:00Z,108.7,23.9,0
2025-12-21T18:00:00Z,114.6,24,0
2025-12-21T18:15:00Z,112.4,23.9,0
2025-12-21T18:30:00Z,95,22.81,0
2025-12-21T18:45:00Z,38.93,22.4,0
2025-12-21T19:00:00Z,1.81,22.2,0
2025-12-21T19:15:00Z,0.016,22,0
2025-12-21T19:30:00Z,0,21.9,0
2025-12-21T19:45:00Z,0,21.6,0
2025-12-21T20:00:00Z,0,21.6,0
2025-12-21T20:15:00Z,0,21.6,0
2025-12-21T20:30:00Z,0,21.5,0
2025-12-21T20:45:00Z,0,21.2,0
2025-12-21T21:00:00Z,0,21.1,0
2025-12-21T21:15:00Z,0,21,0
2025-12-21T21:30:00Z,0,20.8,0
2025-12-21T21:45:00Z,0,20.31,0
2025-12-21T22:00:00Z,0,20.3,0
2025-12-21T22:15:00Z,0,20,0
2025-12-21T22:30:00Z,0,20.2,0
2025-12-21T22:45:00Z,0,20,0
2025-12-21T23:00:00Z,0,20,0
2025-12-21T23:15:00Z,0,20,0
2025-12-21T23:30:00Z,0,20.2,0
2025-12-21T23:45:00Z,0,20.1,0
2025-12-22T00:00:00Z,0,19.9,0
2025-12-22T00:15:00Z,0,19.31,0
2025-12-22T00:30:00Z,0,18.9,0
2025-12-22T00:45:00Z,0,19,0
2025-12-22T01:00:00Z,0,18.8,0
2025-12-22T01:15:00Z,0,18.5,0
2025-12-22T01:30:00Z,0,18.6,0
2025-12-22T01:45:00Z,0,18.6,0
2025-12-22T02:00:00Z,0,19,0
2025-12-22T02:15:00Z,0,18.9,0
2025-12-22T02:30:00Z,0,18.9,0
2025-12-22T02:45:00Z,0,19.1,0
2025-12-22T03:00:00Z,0,19.79,0
2025-12-22T03:15:00Z,0,19.8,0
2025-12-22T03:30:00Z,0,19.6,0
2025-12-22T03:45:00Z,0,19.6,0
2025-12-22T04:00:00Z,0,19.6,0
2025-12-22T04:15:00Z,0,19.5,0
2025-12-22T04:30:00Z,0,19.3,0
2025-12-22T04:45:00Z,0,19.1,0
2025-12-22T05:00:00Z,0,18.8,0
2025-12-22T05:15:00Z,0,18.4,0
2025-12-22T05:30:00Z,0,18.7,0
2025-12-22T05:45:00Z,0,18.21,0
2025-12-22T06:00:00Z,0,17.9,0
2025-12-22T06:15:00Z,4.944,18,0
2025-12-22T06:30:00Z,13.31,18.1,0
2025-12-22T06:45:00Z,44.85,18.99,0
2025-12-22T07:00:00Z,80.4,20.58,0
2025-12-22T07:15:00Z,119.1,21,0
2025-12-22T07:30:00Z,164.2,21.69,0
2025-12-22T07:45:00Z,190.7,21.8,0
2025-12-22T08:00:00Z,229.7,22.79,0
2025-12-22T08:15:00Z,284.4,23.2,0
2025-12-22T08:30:00Z,353.5,23.69,0
2025-12-22T08:45:00Z,400.7,24.29,0
2025-12-22T09:00:00Z,454.5,24.4,0
2025-12-22T09:15:00Z,514.4,24.6,0
2025-12-22T09:30:00Z,510.2,24.2,0
2025-12-22T09:45:00Z,251.1,23.51,0
2025-12-22T10:00:00Z,419.3,23.8,0
2025-12-22T10:15:00Z,524.6,24.39,0
2025-12-22T10:30:00Z,335.4,23.71,0
2025-12-22T10:45:00Z,636.6,24.49,0
2025-12-22T11:00:00Z,716.3,24.4,0
2025-12-22T11:15:00Z,537.4,24.4,0
2025-12-22T11:30:00Z,628.8,24.6,0
2025-12-22T11:45:00Z,288,24.4,0
2025-12-22T12:00:00Z,625.1,24.8,0
2025-12-22T12:15:00Z,251.2,24.4,0
2025-12-22T12:30:00Z,186.3,24.2,0
2025-12-22T12:45:00Z,303.4,18.17,181.6
2025-12-22T13:00:00Z,268.5,20.97,30.26
2025-12-22T13:15:00Z,228.9,21.59,0
2025-12-22T13:30:00Z,228.9,21.9,0
2025-12-22T13:45:00Z,280.5,22,0
2025-12-22T14:00:00Z,317.3,22.69,0
2025-12-22T14:15:00Z,273.2,22.5,0
2025-12-22T14:30:00Z,271.7,22.1,30.26
2025-12-22T14:45:00Z,333.8,22.79,0
2025-12-22T15:00:00Z,381.7,22.9,0
2025-12-22T15:15:00Z,283.6,21.81,0
2025-12-22T15:30:00Z,144.3,21.6,30.26
2025-12-22T15:45:00Z,36,19.03,211.8
2025-12-22T16:00:00Z,62.49,17.02,60.52
2025-12-22T16:15:00Z,55.98,16.8,30.26
2025-12-22T16:30:00Z,90.4,17.29,30.26
2025-12-22T16:45:00Z,117.6,17.89,30.26
2025-12-22T17:00:00Z,134.2,18.49,0
2025-12-22T17:15:00Z,150.6,19.29,0
2025-12-22T17:30:00Z,110.8,19.6,0
2025-12-22T17:45:00Z,258.3,20.19,0
2025-12-22T18:00:00Z,224.7,20.69,0
2025-12-22T18:15:00Z,89.7,21.19,0
2025-12-22T18:30:00Z,21.85,20.9,0
2025-12-22T18:45:00Z,8.64,20.41,0
2025-12-22T19:00:00Z,0.094,20,0
2025-12-22T19:15:00Z,0,19.8,0
2025-12-22T19:30:00Z,0,19.7,0
2025-12-22T19:45:00Z,0,19.5,0
2025-12-22T20:00:00Z,0,19.5,0
2025-12-22T20:15:00Z,0,19.3,0
2025-12-22T20:30:00Z,0,19,0
2025-12-22T20:45:00Z,0,19.4,0
2025-12-22T21:00:00Z,0,19.3,0
2025-12-22T21:15:00Z,0,19.89,0
2025-12-22T21:30:00Z,0,19.9,0
2025-12-22T21:45:00Z,0,20,0
2025-12-22T22:00:00Z,0,19.9,0
2025-12-22T22:15:00Z,0,19.8,0
2025-12-22T22:30:00Z,0,19.5,0
2025-12-22T22:45:00Z,0,19.2,0
2025-12-22T23:00:00Z,0,18.51,0
2025-12-22T23:15:00Z,0,18.9,0
2025-12-22T23:30:00Z,0,19.39,0
2025-12-22T23:45:00Z,0,19.3,0
2025-12-23T00:00:00Z,0,18.9,0
2025-12-23T00:15:00Z,0,18.8,0
2025-12-23T00:30:00Z,0,18.4,0
2025-12-23T00:45:00Z,0,18.1,0
2025-12-23T01:00:00Z,0,17.51,0
2025-12-23T01:15:00Z,0,17.4,0
2025-12-23T01:30:00Z,0,17.8,0
2025-12-23T01:45:00Z,0,18,0
2025-12-23T02:00:00Z,0,18.49,0
2025-12-23T02:15:00Z,0,18.9,0
2025-12-23T02:30:00Z,0,18.9,0
2025-12-23T02:45:00Z,0,19.2,0
2025-12-23T03:00:00Z,0,19.3,0
2025-12-23T03:15:00Z,0,19.3,0
2025-12-23T03:30:00Z,0,19,0
2025-12-23T03:45:00Z,0,18.41,0
2025-12-23T04:00:00Z,0,17.91,0
2025-12-23T04:15:00Z,0,17.11,0
2025-12-23T04:30:00Z,0,16.61,0
2025-12-23T04:45:00Z,0,15.61,0
2025-12-23T05:00:00Z,0,15.5,0
2025-12-23T05:15:00Z,0,16.49,0
2025-12-23T05:30:00Z,0,16.6,0
2025-12-23T05:45:00Z,0,16.7,0
2025-12-23T06:00:00Z,0,16.5,0
2025-12-23T06:15:00Z,7.021,16.99,0
2025-12-23T06:30:00Z,13.63,17.2,0
2025-12-23T06:45:00Z,48.71,18.49,0
2025-12-23T07:00:00Z,86.2,19.69,0
2025-12-23T07:15:00Z,112.1,20.49,0
2025-12-23T07:30:00Z,143.2,20.9,0
2025-12-23T07:45:00Z,184,20.9,0
2025-12-23T08:00:00Z,232.4,21.2,0
2025-12-23T08:15:00Z,287.8,21.5,0
2025-12-23T08:30:00Z,346.7,21.8,0
2025-12-23T08:45:00Z,401.1,22.79,0
2025-12-23T09:00:00Z,493,23.2,0
2025-12-23T09:15:00Z,378.7,23.3,0
2025-12-23T09:30:00Z,211,22.9,0
2025-12-23T09:45:00Z,361.5,23.39,0
2025-12-23T10:00:00Z,712.8,24.49,0
2025-12-23T10:15:00Z,700.7,24.01,0
2025-12-23T10:30:00Z,265.4,22.52,0
2025-12-23T10:45:00Z,193.8,22.2,0
2025-12-23T11:00:00Z,193.6,20.91,30.26
2025-12-23T11:15:00Z,271.6,20.11,0
2025-12-23T11:30:00Z,271.3,20.69,0
2025-12-23T11:45:00Z,627.1,22.08,0
2025-12-23T12:00:00Z,329.4,22.1,30.26
2025-12-23T12:15:00Z,248.3,21.7,30.26
2025-12-23T12:30:00Z,292.3,21.9,0
2025-12-23T12:45:00Z,306.5,22.39,0
2025-12-23T13:00:00Z,421,22.7,0
2025-12-23T13:15:00Z,605.1,23.79,0
2025-12-23T13:30:00Z,182.6,23.8,0
2025-12-23T13:45:00Z,361,23.5,0
2025-12-23T14:00:00Z,350,23.5,0
2025-12-23T14:15:00Z,401.5,23.7,0
2025-12-23T14:30:00Z,408.5,24.1,0
2025-12-23T14:45:00Z,734.1,24.59,0
2025-12-23T15:00:00Z,842,25.69,0
2025-12-23T15:15:00Z,473.4,25.01,0
2025-12-23T15:30:00Z,694.1,25.59,0
2025-12-23T15:45:00Z,298.8,24.91,0
2025-12-23T16:00:00Z,263.9,24.31,0
2025-12-23T16:15:00Z,245.1,24.2,0
2025-12-23T16:30:00Z,350.3,24.4,0
2025-12-23T16:45:00Z,503.4,24.89,0
2025-12-23T17:00:00Z,539.2,25.59,0
2025-12-23T17:15:00Z,490.8,26.19,0
2025-12-23T17:30:00Z,308.5,25.41,0
2025-12-23T17:45:00Z,222.1,25.4,0
2025-12-23T18:00:00Z,219.2,25,0
2025-12-23T18:15:00Z,178.2,25.1,0
2025-12-23T18:30:00Z,103.1,24.9,0
2025-12-23T18:45:00Z,34.46,24.11,0
2025-12-23T19:00:00Z,18.17,22.81,0
2025-12-23T19:15:00Z,0.2,22.21,0
2025-12-23T19:30:00Z,0,21.8,0
2025-12-23T19:45:00Z,0,21.5,0
2025-12-23T20:00:00Z,0,21.2,0
2025-12-23T20:15:00Z,0,21,0
2025-12-23T20:30:00Z,0,19.32,60.52
2025-12-23T20:45:00Z,0,18.51,0
2025-12-23T21:00:00Z,0,18.99,0
2025-12-23T21:15:00Z,0,18.9,0
2025-12-23T21:30:00Z,0,18.41,0
2025-12-23T21:45:00Z,0,18.1,0
2025-12-23T22:00:00Z,0,18.2,0
2025-12-23T22:15:00Z,0,18,0
2025-12-23T22:30:00Z,0,18,0
2025-12-23T22:45:00Z,0,18.2,0
2025-12-23T23:00:00Z,0,18.6,0
2025-12-23T23:15:00Z,0,18.2,0
2025-12-23T23:30:00Z,0,17.71,0
2025-12-23T23:45:00Z,0,17.5,0
2025-12-24T00:00:00Z,0,17.3,0
2025-12-24T00:15:00Z,0,17.3,0
2025-12-24T00:30:00Z,0,17.3,0
2025-12-24T00:45:00Z,0,16.71,0
2025-12-24T01:00:00Z,0,17,0
2025-12-24T01:15:00Z,0,17.1,0
2025-12-24T01:30:00Z,0,17.1,0
2025-12-24T01:45:00Z,0,16.8,0
2025-12-24T02:00:00Z,0,17.2,0
2025-12-24T02:15:00Z,0,16.51,0
2025-12-24T02:30:00Z,0,16.1,0
2025-12-24T02:45:00Z,0,16,0
2025-12-24T03:00:00Z,0,16.2,0
2025-12-24T03:15:00Z,0,16.6,0
2025-12-24T03:30:00Z,0,16.6,0
2025-12-24T03:45:00Z,0,16.5,0
2025-12-24T04:00:00Z,0,16.3,0
2025-12-24T04:15:00Z,0,16.4,0
2025-12-24T04:30:00Z,0,16.2,0
2025-12-24T04:45:00Z,0,16.5,0
2025-12-24T05:00:00Z,0,16.4,0
2025-12-24T05:15:00Z,0,16,0
2025-12-24T05:30:00Z,0,16,0
2025-12-24T05:45:00Z,0,15.41,0
2025-12-24T06:00:00Z,0,16.09,0
2025-12-24T06:15:00Z,7.318,16.59,0
2025-12-24T06:30:00Z,15.01,16.5,0
2025-12-24T06:45:00Z,62.07,17.79,0
2025-12-24T07:00:00Z,106.9,19.38,0
2025-12-24T07:15:00Z,151.9,21.08,0
2025-12-24T07:30:00Z,187.7,21.59,0
2025-12-24T07:45:00Z,234.4,22.19,0
2025-12-24T08:00:00Z,278.7,22.69,0
2025-12-24T08:15:00Z,321.6,23.29,0
2025-12-24T08:30:00Z,395.1,23.79,0
2025-12-24T08:45:00Z,464.7,24.1,0
2025-12-24T09:00:00Z,510.5,24.3,0
2025-12-24T09:15:00Z,338,23.51,0
2025-12-24T09:30:00Z,378.6,23.3,0
2025-12-24T09:45:00Z,372.6,23.1,0
2025-12-24T10:00:00Z,645.3,24.39,0
2025-12-24T10:15:00Z,763.8,24.89,0
2025-12-24T10:30:00Z,323.5,23.81,0
2025-12-24T10:45:00Z,185.5,23.11,0
2025-12-24T11:00:00Z,254.3,23,0
2025-12-24T11:15:00Z,500.5,23.99,0
2025-12-24T11:30:00Z,547.2,24.2,0
2025-12-24T11:45:00Z,633.9,24.69,0
2025-12-24T12:00:00Z,334.8,24.21,0
2025-12-24T12:15:00Z,421,24.3,0
2025-12-24T12:30:00Z,376.5,24.2,0
2025-12-24T12:45:00Z,469,24.6,0
2025-12-24T13:00:00Z,507.1,24.8,0
2025-12-24T13:15:00Z,815,26.09,0
2025-12-24T13:30:00Z,386.9,25.01,0
2025-12-24T13:45:00Z,792.5,25.69,0
2025-12-24T14:00:00Z,886,26.49,0
2025-12-24T14:15:00Z,728.9,26.7,0
2025-12-24T14:30:00Z,630.5,26.8,0
2025-12-24T14:45:00Z,372.9,26.4,0
2025-12-24T15:00:00Z,761.2,27.09,0
2025-12-24T15:15:00Z,717.6,27.4,0
2025-12-24T15:30:00Z,635.3,27.4,0
2025-12-24T15:45:00Z,743.2,27.7,0
2025-12-24T16:00:00Z,689.7,28,0
2025-12-24T16:15:00Z,255.5,26.62,0
2025-12-24T16:30:00Z,537.4,27.39,0
2025-12-24T16:45:00Z,245,26.71,0
2025-12-24T17:00:00Z,473.4,27,0
2025-12-24T17:15:00Z,341.1,26.6,0
2025-12-24T17:30:00Z,328.7,26.4,0
2025-12-24T17:45:00Z,259.7,26.6,0
2025-12-24T18:00:00Z,206.6,26.4,0
2025-12-24T18:15:00Z,156.1,26,0
2025-12-24T18:30:00Z,100.2,25.41,0
2025-12-24T18:45:00Z,41.26,24.91,0
2025-12-24T19:00:00Z,2.33,23.81,0
2025-12-24T19:15:00Z,0.021,23.01,0
2025-12-24T19:30:00Z,0,21.91,0
2025-12-24T19:45:00Z,0,21.21,0
2025-12-24T20:00:00Z,0,21.1,0
2025-12-24T20:15:00Z,0,20.41,0
2025-12-24T20:30:00Z,0,20.3,0
2025-12-24T20:45:00Z,0,19.21,0
2025-12-24T21:00:00Z,0,18.61,0
2025-12-24T21:15:00Z,0,18.8,0
2025-12-24T21:30:00Z,0,19.29,0
2025-12-24T21:45:00Z,0,19.2,0
2025-12-24T22:00:00Z,0,19,0
2025-12-24T22:15:00Z,0,18.41,0
2025-12-24T22:30:00Z,0,18.2,0
2025-12-24T22:45:00Z,0,18.79,0
2025-12-24T23:00:00Z,0,18.9,0
2025-12-24T23:15:00Z,0,18.5,0
2025-12-24T23:30:00Z,0,18.01,0
2025-12-24T23:45:00Z,0,18,0
2025-12-25T00:00:00Z,0,17.51,0
2025-12-25T00:15:00Z,0,17.5,0
2025-12-25T00:30:00Z,0,18.09,0
2025-12-25T00:45:00Z,0,17.7,0
2025-12-25T01:00:00Z,0,17.7,0
2025-12-25T01:15:00Z,0,17.5,0
2025-12-25T01:30:00Z,0,17.2,0
2025-12-25T01:45:00Z,0,16.9,0
2025-12-25T02:00:00Z,0,17.3,0
2025-12-25T02:15:00Z,0,17.2,0
2025-12-25T02:30:00Z,0,17.69,0
2025-12-25T02:45:00Z,0,17.8,0
2025-12-25T03:00:00Z,0,17.9,0
2025-12-25T03:15:00Z,0,17.7,0
2025-12-25T03:30:00Z,0,17.4,0
2025-12-25T03:45:00Z,0,17.1,0
2025-12-25T04:00:00Z,0,17.5,0
2025-12-25T04:15:00Z,0,18.09,0
2025-12-25T04:30:00Z,0,18.59,0
2025-12-25T04:45:00Z,0,18.6,0
2025-12-25T05:00:00Z,0,18.9,0
2025-12-25T05:15:00Z,0,18.7,0
2025-12-25T05:30:00Z,0,18.9,0
2025-12-25T05:45:00Z,0,18.8,0
2025-12-25T06:00:00Z,0,18.4,0
2025-12-25T06:15:00Z,6.23,18.2,0
2025-12-25T06:30:00Z,13.22,18,0
2025-12-25T06:45:00Z,49.69,19.29,0
2025-12-25T07:00:00Z,89.8,20.88,0
2025-12-25T07:15:00Z,120.4,22.48,0
2025-12-25T07:30:00Z,157.1,23.49,0
2025-12-25T07:45:00Z,197.5,24.09,0
2025-12-25T08:00:00Z,231.8,24.2,0
2025-12-25T08:15:00Z,277.2,24.5,0
2025-12-25T08:30:00Z,333.5,24.8,0
2025-12-25T08:45:00Z,377.4,24.7,0
2025-12-25T09:00:00Z,291.7,24.5,0
2025-12-25T09:15:00Z,373.8,24.7,0
2025-12-25T09:30:00Z,521,25.19,0
2025-12-25T09:45:00Z,372.9,25.1,0
2025-12-25T10:00:00Z,305.5,24.8,0
2025-12-25T10:15:00Z,550.8,25.1,0
2025-12-25T10:30:00Z,624.9,25.2,0
2025-12-25T10:45:00Z,796.2,25.5,0
2025-12-25T11:00:00Z,813,25.7,0
2025-12-25T11:15:00Z,730,25.5,0
2025-12-25T11:30:00Z,780.9,26.09,0
2025-12-25T11:45:00Z,711.6,25.31,0
2025-12-25T12:00:00Z,1021,26.49,0
2025-12-25T12:15:00Z,647.8,26.2,0
2025-12-25T12:30:00Z,964,26.2,0
2025-12-25T12:45:00Z,843,26.4,0
2025-12-25T13:00:00Z,688.2,26.4,0
2025-12-25T13:15:00Z,239.7,25.91,0
2025-12-25T13:30:00Z,623.9,26.59,0
2025-12-25T13:45:00Z,421.8,26.2,0
2025-12-25T14:00:00Z,113,25.31,0
2025-12-25T14:15:00Z,204.9,25.4,0
2025-12-25T14:30:00Z,326.5,25.1,0
2025-12-25T14:45:00Z,205.6,25.5,0
2025-12-25T15:00:00Z,305.8,25.8,0
2025-12-25T15:15:00Z,584.9,26.89,0
2025-12-25T15:30:00Z,543.4,26.9,0
2025-12-25T15:45:00Z,93.4,26.31,0
2025-12-25T16:00:00Z,56.66,25.31,0
2025-12-25T16:15:00Z,52.94,25.3,0
2025-12-25T16:30:00Z,75.25,25.3,0
2025-12-25T16:45:00Z,118.9,25.2,0
2025-12-25T17:00:00Z,68.47,24.51,0
2025-12-25T17:15:00Z,30.22,23.31,1.513
2025-12-25T17:30:00Z,26.24,23,0
2025-12-25T17:45:00Z,18.19,22.6,0
2025-12-25T18:00:00Z,10.39,22.11,0
2025-12-25T18:15:00Z,1.894,21.7,0
2025-12-25T18:30:00Z,0.02,21.5,0
2025-12-25T18:45:00Z,0,21.4,0
2025-12-25T19:00:00Z,0,21.3,0
2025-12-25T19:15:00Z,0,21.7,0
2025-12-25T19:30:00Z,0,21.01,28.75
2025-12-25T19:45:00Z,0,20.11,0
2025-12-25T20:00:00Z,0,19.9,0
2025-12-25T20:15:00Z,0,19.9,0
2025-12-25T20:30:00Z,0,20,0
2025-12-25T20:45:00Z,0,20,0
2025-12-25T21:00:00Z,0,19.7,0
2025-12-25T21:15:00Z,0,19.7,0
2025-12-25T21:30:00Z,0,19.7,0
2025-12-25T21:45:00Z,0,19.7,0
2025-12-25T22:00:00Z,0,19.7,0
2025-12-25T22:15:00Z,0,19.7,0
2025-12-25T22:30:00Z,0,19.5,0
2025-12-25T22:45:00Z,0,19.3,0
2025-12-25T23:00:00Z,0,19.1,0
2025-12-25T23:15:00Z,0,19.1,0
2025-12-25T23:30:00Z,0,19,0
2025-12-25T23:45:00Z,0,18.9,0
2025-12-26T00:00:00Z,0,19,0
2025-12-26T00:15:00Z,0,19,0
2025-12-26T00:30:00Z,0,18.9,0
2025-12-26T00:45:00Z,0,19,0
2025-12-26T01:00:00Z,0,18.8,0
2025-12-26T01:15:00Z,0,18.8,0
2025-12-26T01:30:00Z,0,18.6,0
2025-12-26T01:45:00Z,0,18.6,0
2025-12-26T02:00:00Z,0,18.9,0
2025-12-26T02:15:00Z,0,18.6,0
2025-12-26T02:30:00Z,0,18.9,0
2025-12-26T02:45:00Z,0,18.8,0
2025-12-26T03:00:00Z,0,18.5,0
2025-12-26T03:15:00Z,0,18.7,0
2025-12-26T03:30:00Z,0,18.4,0
2025-12-26T03:45:00Z,0,18.3,0
2025-12-26T04:00:00Z,0,18.2,0
2025-12-26T04:15:00Z,0,18.1,0
2025-12-26T04:30:00Z,0,18,0
2025-12-26T04:45:00Z,0,18.1,0
2025-12-26T05:00:00Z,0,18.3,0
2025-12-26T05:15:00Z,0,18.6,0
2025-12-26T05:30:00Z,0,18.9,0
2025-12-26T05:45:00Z,0,18.8,0
2025-12-26T06:00:00Z,0,19.1,0
2025-12-26T06:15:00Z,3.066,19.5,0
2025-12-26T06:30:00Z,22.19,19.8,0
2025-12-26T06:45:00Z,32.88,19.8,0
2025-12-26T07:00:00Z,50.01,19.8,0
2025-12-26T07:15:00Z,61.08,20.2,0
2025-12-26T07:30:00Z,70.59,20.4,0
2025-12-26T07:45:00Z,88.2,20.5,0
2025-12-26T08:00:00Z,115.1,20.9,0
2025-12-26T08:15:00Z,150.7,21.49,0
2025-12-26T08:30:00Z,190.3,22.09,0
2025-12-26T08:45:00Z,244.5,22.5,0
2025-12-26T09:00:00Z,308.7,23.09,0
2025-12-26T09:15:00Z,354.9,23.69,0
2025-12-26T09:30:00Z,404.1,24.19,0
2025-12-26T09:45:00Z,389.5,24.5,0
2025-12-26T10:00:00Z,398.3,24.8,0
2025-12-26T10:15:00Z,436.9,25.1,0
2025-12-26T10:30:00Z,579.2,25.79,0
2025-12-26T10:45:00Z,660,26.39,0
2025-12-26T11:00:00Z,684.5,25.91,0
2025-12-26T11:15:00Z,632.9,25.9,0
2025-12-26T11:30:00Z,661.6,25.6,0
2025-12-26T11:45:00Z,732.5,25.9,0
2025-12-26T12:00:00Z,794.5,26.1,0
2025-12-26T12:15:00Z,1171,26.79,0
2025-12-26T12:30:00Z,1199,27.1,0
2025-12-26T12:45:00Z,1205,27.1,0
2025-12-26T13:00:00Z,1075,27.1,0
2025-12-26T13:15:00Z,578.7,26.9,0
2025-12-26T13:30:00Z,584.8,26.5,0
2025-12-26T13:45:00Z,694.3,26.8,0
2025-12-26T14:00:00Z,531,26.7,0
2025-12-26T14:15:00Z,409.7,26.7,0
2025-12-26T14:30:00Z,446.3,26.4,0
2025-12-26T14:45:00Z,471,26.4,0
2025-12-26T15:00:00Z,433.5,26.2,0
2025-12-26T15:15:00Z,544.3,26.6,0
2025-12-26T15:30:00Z,681.5,27,0
2025-12-26T15:45:00Z,605.1,27.79,30.26
2025-12-26T16:00:00Z,324.3,27.6,0
2025-12-26T16:15:00Z,593.5,28.09,0
2025-12-26T16:30:00Z,591.7,28.2,0
2025-12-26T16:45:00Z,560.5,28.1,0
2025-12-26T17:00:00Z,439.1,28.1,0
2025-12-26T17:15:00Z,386.1,28.1,0
2025-12-26T17:30:00Z,333.4,28.79,0
2025-12-26T17:45:00Z,301.2,27.91,0
2025-12-26T18:00:00Z,217.8,27.8,0
2025-12-26T18:15:00Z,163.4,27.9,0
2025-12-26T18:30:00Z,108.3,27.5,0
2025-12-26T18:45:00Z,46.39,26.51,0
2025-12-26T19:00:00Z,2.288,25.41,0
2025-12-26T19:15:00Z,0.02,24.02,0
2025-12-26T19:30:00Z,0,22.62,0
2025-12-26T19:45:00Z,0,22.2,0
2025-12-26T20:00:00Z,0,21.9,0
2025-12-26T20:15:00Z,0,21.8,0
2025-12-26T20:30:00Z,0,21.31,0
2025-12-26T20:45:00Z,0,20.81,0
2025-12-26T21:00:00Z,0,20.6,0
2025-12-26T21:15:00Z,0,20.3,0
2025-12-26T21:30:00Z,0,20.1,0
2025-12-26T21:45:00Z,0,20.1,0
2025-12-26T22:00:00Z,0,19.9,0
2025-12-26T22:15:00Z,0,19.8,0
2025-12-26T22:30:00Z,0,19.7,0
2025-12-26T22:45:00Z,0,19.7,0
2025-12-26T23:00:00Z,0,19.01,0
2025-12-26T23:15:00Z,0,19.1,0
2025-12-26T23:30:00Z,0,19,0
2025-12-26T23:45:00Z,0,18.7,0
2025-12-27T00:00:00Z,0,18.4,0
2025-12-27T00:15:00Z,0,18.3,0
2025-12-27T00:30:00Z,0,18.3,0
2025-12-27T00:45:00Z,0,18.4,0
2025-12-27T01:00:00Z,0,18.5,0
2025-12-27T01:15:00Z,0,18.2,0
2025-12-27T01:30:00Z,0,18,0
2025-12-27T01:45:00Z,0,18.1,0
2025-12-27T02:00:00Z,0,18.59,0
2025-12-27T02:15:00Z,0,17.81,0
2025-12-27T02:30:00Z,0,18.1,0
2025-12-27T02:45:00Z,0,18.1,0
2025-12-27T03:00:00Z,0,18,0
2025-12-27T03:15:00Z,0,17.9,0
2025-12-27T03:30:00Z,0,17.7,0
2025-12-27T03:45:00Z,0,17.8,0
2025-12-27T04:00:00Z,0,17.8,0
2025-12-27T04:15:00Z,0,17.7,0
2025-12-27T04:30:00Z,0,17.7,0
2025-12-27T04:45:00Z,0,17.9,0
2025-12-27T05:00:00Z,0,17.8,0
2025-12-27T05:15:00Z,0,17.9,0
2025-12-27T05:30:00Z,0,17.5,0
2025-12-27T05:45:00Z,0,17.6,0
2025-12-27T06:00:00Z,0,17.5,0
2025-12-27T06:15:00Z,6.032,18.09,0
2025-12-27T06:30:00Z,13.81,18.5,0
2025-12-27T06:45:00Z,48.21,19.39,0
2025-12-27T07:00:00Z,92.8,21.48,0
2025-12-27T07:15:00Z,126.4,22.88,0
2025-12-27T07:30:00Z,166.3,23.99,0
2025-12-27T07:45:00Z,209.1,24.2,0
2025-12-27T08:00:00Z,247.3,24.89,0
2025-12-27T08:15:00Z,286.3,25.49,0
2025-12-27T08:30:00Z,329.8,26.09,0
2025-12-27T08:45:00Z,388.5,26.4,0
2025-12-27T09:00:00Z,452.3,26.8,0
2025-12-27T09:15:00Z,514,27.2,0
2025-12-27T09:30:00Z,600.9,27.5,0
2025-12-27T09:45:00Z,576.7,27.6,0
2025-12-27T10:00:00Z,542.1,27.6,0
2025-12-27T10:15:00Z,257.6,27.11,0
2025-12-27T10:30:00Z,463.9,26.61,0
2025-12-27T10:45:00Z,418.7,25.81,0
2025-12-27T11:00:00Z,338.8,26.1,0
2025-12-27T11:15:00Z,311.9,26.2,0
2025-12-27T11:30:00Z,372,26.6,0
2025-12-27T11:45:00Z,833,27.39,0
2025-12-27T12:00:00Z,989,27.8,0
2025-12-27T12:15:00Z,423.1,27.31,0
2025-12-27T12:30:00Z,827,27.79,0
2025-12-27T12:45:00Z,576.6,27.4,0
2025-12-27T13:00:00Z,1048,28.19,0
2025-12-27T13:15:00Z,529.1,27.9,0
2025-12-27T13:30:00Z,599.8,27.8,0
2025-12-27T13:45:00Z,670,28.1,0
2025-12-27T14:00:00Z,397.5,28.2,0
2025-12-27T14:15:00Z,282,27.9,0
2025-12-27T14:30:00Z,512.9,28,0
2025-12-27T14:45:00Z,535.1,26.91,0
2025-12-27T15:00:00Z,398.6,27.49,0
2025-12-27T15:15:00Z,235.8,27.01,0
2025-12-27T15:30:00Z,336.3,27.49,0
2025-12-27T15:45:00Z,166.1,27.3,0
2025-12-27T16:00:00Z,84.7,26.9,0
2025-12-27T16:15:00Z,164.4,26.7,0
2025-12-27T16:30:00Z,209.3,27.1,0
2025-12-27T16:45:00Z,282.1,27.4,0
2025-12-27T17:00:00Z,280.8,28.29,0
2025-12-27T17:15:00Z,364.6,28.7,0
2025-12-27T17:30:00Z,325.9,29.1,0
2025-12-27T17:45:00Z,260.3,29,0
2025-12-27T18:00:00Z,212.9,28.9,0
2025-12-27T18:15:00Z,158.4,28.6,0
2025-12-27T18:30:00Z,80.5,28.01,0
2025-12-27T18:45:00Z,9.29,27.21,0
2025-12-27T19:00:00Z,0.094,25.72,0
2025-12-27T19:15:00Z,0,24.41,0
2025-12-27T19:30:00Z,0,22.82,0
2025-12-27T19:45:00Z,0,22.11,0
2025-12-27T20:00:00Z,0,21.61,0
2025-12-27T20:15:00Z,0,20.81,0
2025-12-27T20:30:00Z,0,20.4,0
2025-12-27T20:45:00Z,0,19.91,0
2025-12-27T21:00:00Z,0,20.2,0
2025-12-27T21:15:00Z,0,20.3,0
2025-12-27T21:30:00Z,0,19.9,0
2025-12-27T21:45:00Z,0,19.8,0
2025-12-27T22:00:00Z,0,20.1,0
2025-12-27T22:15:00Z,0,20.5,0
2025-12-27T22:30:00Z,0,20.3,0
2025-12-27T22:45:00Z,0,20.7,0
2025-12-27T23:00:00Z,0,20.3,0
2025-12-27T23:15:00Z,0,19.9,0
2025-12-27T23:30:00Z,0,19.8,0
2025-12-27T23:45:00Z,0,19.5,0
2025-12-28T00:00:00Z,0,20.29,0
2025-12-28T00:15:00Z,0,20,0
2025-12-28T00:30:00Z,0,21.48,0
2025-12-28T00:45:00Z,0,20.21,0
2025-12-28T01:00:00Z,0,20,0
2025-12-28T01:15:00Z,0,20.1,0
2025-12-28T01:30:00Z,0,19.9,0
2025-12-28T01:45:00Z,0,19.8,0
2025-12-28T02:00:00Z,0,20,0
2025-12-28T02:15:00Z,0,20.1,0
2025-12-28T02:30:00Z,0,20.4,0
2025-12-28T02:45:00Z,0,20.99,0
2025-12-28T03:00:00Z,0,20.6,0
2025-12-28T03:15:00Z,0,20.7,0
2025-12-28T03:30:00Z,0,21,0
2025-12-28T03:45:00Z,0,21.3,0
2025-12-28T04:00:00Z,0,21.2,0
2025-12-28T04:15:00Z,0,21.1,0
2025-12-28T04:30:00Z,0,20.11,242.1
2025-12-28T04:45:00Z,0,19.8,0
2025-12-28T05:00:00Z,0,19.5,0
2025-12-28T05:15:00Z,0,19.1,0
2025-12-28T05:30:00Z,0,19,0
2025-12-28T05:45:00Z,0,19.1,0
2025-12-28T06:00:00Z,4.648,19.4,0
2025-12-28T06:15:00Z,49.79,19.7,0
2025-12-28T06:30:00Z,42.69,19.6,0
2025-12-28T06:45:00Z,50.41,20.19,0
2025-12-28T07:00:00Z,40.12,19.61,0
2025-12-28T07:15:00Z,52.76,18.91,0
2025-12-28T07:30:00Z,81.4,18.7,0
2025-12-28T07:45:00Z,125,19,0
2025-12-28T08:00:00Z,185.8,19.49,0
2025-12-28T08:15:00Z,279.2,20.49,0
2025-12-28T08:30:00Z,457.4,21.98,0
2025-12-28T08:45:00Z,394.2,23.09,0
2025-12-28T09:00:00Z,426.1,23.4,0
2025-12-28T09:15:00Z,513,24.39,0
2025-12-28T09:30:00Z,595.4,25.29,0
2025-12-28T09:45:00Z,543.2,25.7,0
2025-12-28T10:00:00Z,633.1,26.29,0
2025-12-28T10:15:00Z,711.2,26.89,0
2025-12-28T10:30:00Z,891,27.3,0
2025-12-28T10:45:00Z,884,27.3,0
2025-12-28T11:00:00Z,927,27.3,0
2025-12-28T11:15:00Z,889,27.6,0
2025-12-28T11:30:00Z,745.4,27.4,0
2025-12-28T11:45:00Z,894,28.09,0
2025-12-28T12:00:00Z,661.5,28,0
2025-12-28T12:15:00Z,173.7,26.42,0
2025-12-28T12:30:00Z,152.2,24.82,0
2025-12-28T12:45:00Z,179.5,24.5,30.26
2025-12-28T13:00:00Z,144.3,23.21,30.26
2025-12-28T13:15:00Z,203,22.41,211.8
2025-12-28T13:30:00Z,286.6,20.52,121
2025-12-28T13:45:00Z,221.7,20.3,60.52
2025-12-28T14:00:00Z,154,21.19,0
2025-12-28T14:15:00Z,111.4,20.71,0
2025-12-28T14:30:00Z,88.4,20.6,0
2025-12-28T14:45:00Z,84.7,20.11,0
2025-12-28T15:00:00Z,85.8,20.4,0
2025-12-28T15:15:00Z,160.3,20.99,0
2025-12-28T15:30:00Z,404.2,21.89,0
2025-12-28T15:45:00Z,668.2,23.98,0
2025-12-28T16:00:00Z,638.9,26.27,0
2025-12-28T16:15:00Z,571.5,27.39,0
2025-12-28T16:30:00Z,516.5,27.99,0
2025-12-28T16:45:00Z,488.7,28.49,0
2025-12-28T17:00:00Z,428,28.7,0
2025-12-28T17:15:00Z,289.3,28.01,0
2025-12-28T17:30:00Z,109,27.21,0
2025-12-28T17:45:00Z,116.4,26.41,0
2025-12-28T18:00:00Z,204.6,27.29,0
2025-12-28T18:15:00Z,146.7,27,0
2025-12-28T18:30:00Z,101.5,26.21,0
2025-12-28T18:45:00Z,73.81,25.9,0
2025-12-28T19:00:00Z,12.78,25.5,0
2025-12-28T19:15:00Z,0.134,24.71,0
2025-12-28T19:30:00Z,0,23.71,0
2025-12-28T19:45:00Z,0,22.91,0
2025-12-28T20:00:00Z,0,22.5,0
2025-12-28T20:15:00Z,0,22.3,0
2025-12-28T20:30:00Z,0,22.4,0
2025-12-28T20:45:00Z,0,22.2,0
2025-12-28T21:00:00Z,0,22.1,0
2025-12-28T21:15:00Z,0,21.61,0
2025-12-28T21:30:00Z,0,21.2,0
2025-12-28T21:45:00Z,0,21.2,0
2025-12-28T22:00:00Z,0,20.8,0
2025-12-28T22:15:00Z,0,20.6,0
2025-12-28T22:30:00Z,0,20.4,0
2025-12-28T22:45:00Z,0,20.2,0
2025-12-28T23:00:00Z,0,20,0
2025-12-28T23:15:00Z,0,20.1,0
2025-12-28T23:30:00Z,0,19.7,0
2025-12-28T23:45:00Z,0,20,0
2025-12-29T00:00:00Z,0,19.6,0
2025-12-29T00:15:00Z,0,19.7,0
2025-12-29T00:30:00Z,0,19.7,0
2025-12-29T00:45:00Z,0,19.11,0
2025-12-29T01:00:00Z,0,19.2,0
2025-12-29T01:15:00Z,0,18.8,0
2025-12-29T01:30:00Z,0,19,0
2025-12-29T01:45:00Z,0,19.2,0
2025-12-29T02:00:00Z,0,19,0
2025-12-29T02:15:00Z,0,19,0
2025-12-29T02:30:00Z,0,18.6,0
2025-12-29T02:45:00Z,0,18.8,0
2025-12-29T03:00:00Z,0,18.8,0
2025-12-29T03:15:00Z,0,18.7,0
2025-12-29T03:30:00Z,0,18.6,0
2025-12-29T03:45:00Z,0,18.3,0
2025-12-29T04:00:00Z,0,18.7,0
2025-12-29T04:15:00Z,0,18.6,0
2025-12-29T04:30:00Z,0,18.6,0
2025-12-29T04:45:00Z,0,18.6,0
2025-12-29T05:00:00Z,0,18.01,0
2025-12-29T05:15:00Z,0,18.1,0
2025-12-29T05:30:00Z,0,18.59,0
2025-12-29T05:45:00Z,0,18.5,0
2025-12-29T06:00:00Z,0.692,19.29,0
2025-12-29T06:15:00Z,11.28,19.6,0
2025-12-29T06:30:00Z,30.78,19.7,0
2025-12-29T06:45:00Z,64.13,20.29,0
2025-12-29T07:00:00Z,97.3,21.59,0
2025-12-29T07:15:00Z,125.7,22.69,0
2025-12-29T07:30:00Z,159.3,23.59,0
2025-12-29T07:45:00Z,207.6,24.29,0
2025-12-29T08:00:00Z,159.5,24.7,0
2025-12-29T08:15:00Z,244.5,25.1,0
2025-12-29T08:30:00Z,330.8,25.89,0
2025-12-29T08:45:00Z,384.1,26.49,0
2025-12-29T09:00:00Z,433.6,27.29,0
2025-12-29T09:15:00Z,486.2,27.7,0
2025-12-29T09:30:00Z,558.9,27.7,0
2025-12-29T09:45:00Z,704,28.1,0
2025-12-29T10:00:00Z,594.1,27.21,0
2025-12-29T10:15:00Z,131.7,25.42,0
2025-12-29T10:30:00Z,295.6,25.2,0
2025-12-29T10:45:00Z,580.1,26.19,0
2025-12-29T11:00:00Z,827,26.79,0
2025-12-29T11:15:00Z,299,26.5,0
2025-12-29T11:30:00Z,150.2,26.3,0
2025-12-29T11:45:00Z,111.6,26.1,0
2025-12-29T12:00:00Z,204.1,25.31,0
2025-12-29T12:15:00Z,366.2,25.4,0
2025-12-29T12:30:00Z,249.3,25.6,0
2025-12-29T12:45:00Z,198.4,25.7,0
2025-12-29T13:00:00Z,232.5,25.6,0
2025-12-29T13:15:00Z,446.3,25.11,0
2025-12-29T13:30:00Z,957,26.58,0
2025-12-29T13:45:00Z,966,27.49,0
2025-12-29T14:00:00Z,878,28.49,0
2025-12-29T14:15:00Z,898,28.6,0
2025-12-29T14:30:00Z,998,29,0
2025-12-29T14:45:00Z,914,29.59,0
2025-12-29T15:00:00Z,321.5,28.02,0
2025-12-29T15:15:00Z,273.4,27.51,0
2025-12-29T15:30:00Z,185.5,27.5,0
2025-12-29T15:45:00Z,139.9,27.5,0
2025-12-29T16:00:00Z,55.44,25.82,0
2025-12-29T16:15:00Z,22.66,24.12,0
2025-12-29T16:30:00Z,25.46,23.31,0
2025-12-29T16:45:00Z,51.51,23.3,0
2025-12-29T17:00:00Z,75.63,23.3,0
2025-12-29T17:15:00Z,83.2,23.6,0
2025-12-29T17:30:00Z,86.9,23.9,0
2025-12-29T17:45:00Z,89.4,24.49,0
2025-12-29T18:00:00Z,71.3,24.5,0
2025-12-29T18:15:00Z,45.29,24.3,0
2025-12-29T18:30:00Z,24.43,23.71,0
2025-12-29T18:45:00Z,12.53,23.3,0
2025-12-29T19:00:00Z,1.028,22.9,0
2025-12-29T19:15:00Z,0.01,22.21,0
2025-12-29T19:30:00Z,0,21.51,0
2025-12-29T19:45:00Z,0,21.3,0
2025-12-29T20:00:00Z,0,21,0
2025-12-29T20:15:00Z,0,21.3,0
2025-12-29T20:30:00Z,0,21.2,0
2025-12-29T20:45:00Z,0,21,0
2025-12-29T21:00:00Z,0,21.49,0
2025-12-29T21:15:00Z,0,20.51,0
2025-12-29T21:30:00Z,0,20.4,0
2025-12-29T21:45:00Z,0,19.61,0
2025-12-29T22:00:00Z,0,19.9,0
2025-12-29T22:15:00Z,0,19.41,0
2025-12-29T22:30:00Z,0,19.2,0
2025-12-29T22:45:00Z,0,19.1,0
2025-12-29T23:00:00Z,0,19.1,0
2025-12-29T23:15:00Z,0,18.8,0
2025-12-29T23:30:00Z,0,18.5,0
2025-12-29T23:45:00Z,0,18.8,0
2025-12-30T00:00:00Z,0,18.9,0
2025-12-30T00:15:00Z,0,19,0
2025-12-30T00:30:00Z,0,19.2,0
2025-12-30T00:45:00Z,0,19.69,0
2025-12-30T01:00:00Z,0,19.8,0
2025-12-30T01:15:00Z,0,19.8,0
2025-12-30T01:30:00Z,0,19.6,0
2025-12-30T01:45:00Z,0,19.6,0
2025-12-30T02:00:00Z,0,20.19,0
2025-12-30T02:15:00Z,0,20.6,0
2025-12-30T02:30:00Z,0,20.8,0
2025-12-30T02:45:00Z,0,21,30.26
2025-12-30T03:00:00Z,0,19.22,90.8
2025-12-30T03:15:00Z,0,18.01,0
2025-12-30T03:30:00Z,0,18,0
2025-12-30T03:45:00Z,0,17.9,0
2025-12-30T04:00:00Z,0,17.8,0
2025-12-30T04:15:00Z,0,17.4,0
2025-12-30T04:30:00Z,0,17.2,0
2025-12-30T04:45:00Z,0,17.4,0
2025-12-30T05:00:00Z,0,17.5,0
2025-12-30T05:15:00Z,0,17.5,0
2025-12-30T05:30:00Z,0,17.5,0
2025-12-30T05:45:00Z,0,17.5,0
2025-12-30T06:00:00Z,0,17.6,0
2025-12-30T06:15:00Z,0.89,17.8,0
2025-12-30T06:30:00Z,10.2,17.4,0
2025-12-30T06:45:00Z,34.13,17.99,0
2025-12-30T07:00:00Z,57.05,18.4,0
2025-12-30T07:15:00Z,88.5,19.59,0
2025-12-30T07:30:00Z,190.5,20.89,0
2025-12-30T07:45:00Z,218.7,22.19,0
2025-12-30T08:00:00Z,244,23.39,0
2025-12-30T08:15:00Z,299.5,24.19,0
2025-12-30T08:30:00Z,322.1,25.09,0
2025-12-30T08:45:00Z,409.9,25.2,0
2025-12-30T09:00:00Z,501.6,25.69,0
2025-12-30T09:15:00Z,423.7,25.01,0
2025-12-30T09:30:00Z,601.4,25,0
2025-12-30T09:45:00Z,738.8,25,0
2025-12-30T10:00:00Z,522.4,24.7,0
2025-12-30T10:15:00Z,717.6,25.39,0
2025-12-30T10:30:00Z,769.3,25.6,0
2025-12-30T10:45:00Z,427,24.81,0
2025-12-30T11:00:00Z,266.8,24.6,0
2025-12-30T11:15:00Z,357.8,24.6,0
2025-12-30T11:30:00Z,923,25.59,0
2025-12-30T11:45:00Z,880,25.6,0
2025-12-30T12:00:00Z,810,25.6,0
2025-12-30T12:15:00Z,781.4,25.7,0
2025-12-30T12:30:00Z,716.9,25.9,0
2025-12-30T12:45:00Z,677.9,26.1,0
2025-12-30T13:00:00Z,135.3,25.61,0
2025-12-30T13:15:00Z,150,25.3,0
2025-12-30T13:30:00Z,198.5,25.1,0
2025-12-30T13:45:00Z,165.9,24.9,0
2025-12-30T14:00:00Z,131.5,24.8,0
2025-12-30T14:15:00Z,100.7,24.9,0
2025-12-30T14:30:00Z,73.11,24.5,0
2025-12-30T14:45:00Z,133.3,23.71,0
2025-12-30T15:00:00Z,245.6,23.5,0
2025-12-30T15:15:00Z,227.5,23.8,0
2025-12-30T15:30:00Z,298.7,24,0
2025-12-30T15:45:00Z,563.8,24.59,0
2025-12-30T16:00:00Z,720.5,25.69,0
2025-12-30T16:15:00Z,649,26,0
2025-12-30T16:30:00Z,598.2,26.3,0
2025-12-30T16:45:00Z,360.5,25.71,0
2025-12-30T17:00:00Z,296.6,25.8,0
2025-12-30T17:15:00Z,222.7,26,0
2025-12-30T17:30:00Z,260.7,26.3,0
2025-12-30T17:45:00Z,215.9,26,0
2025-12-30T18:00:00Z,203,25.8,0
2025-12-30T18:15:00Z,112.3,25.31,0
2025-12-30T18:30:00Z,63.14,25.1,0
2025-12-30T18:45:00Z,22.25,24.9,0
2025-12-30T19:00:00Z,2.714,23.91,0
2025-12-30T19:15:00Z,0.028,23.11,0
2025-12-30T19:30:00Z,0,22.8,0
2025-12-30T19:45:00Z,0,22.6,0
2025-12-30T20:00:00Z,0,22.4,0
2025-12-30T20:15:00Z,0,21.51,0
2025-12-30T20:30:00Z,0,20.81,0
2025-12-30T20:45:00Z,0,20.6,0
2025-12-30T21:00:00Z,0,20.5,0
2025-12-30T21:15:00Z,0,20.3,0
2025-12-30T21:30:00Z,0,20.2,0
2025-12-30T21:45:00Z,0,20.3,0
2025-12-30T22:00:00Z,0,20.6,0
2025-12-30T22:15:00Z,0,20.7,0
2025-12-30T22:30:00Z,0,20.6,0
2025-12-30T22:45:00Z,0,20.11,0
2025-12-30T23:00:00Z,0,19.9,0
2025-12-30T23:15:00Z,0,19.6,0
2025-12-30T23:30:00Z,0,19.6,0
2025-12-30T23:45:00Z,0,19.3,0
2025-12-31T00:00:00Z,0,19.4,0
2025-12-31T00:15:00Z,0,19.3,0
2025-12-31T00:30:00Z,0,19.1,0
2025-12-31T00:45:00Z,0,19.2,0
2025-12-31T01:00:00Z,0,18.71,0
2025-12-31T01:15:00Z,0,18.5,0
2025-12-31T01:30:00Z,0,18.5,0
2025-12-31T01:45:00Z,0,18.3,0
2025-12-31T02:00:00Z,0,17.9,0
2025-12-31T02:15:00Z,0,18,0
2025-12-31T02:30:00Z,0,17.8,0
2025-12-31T02:45:00Z,0,18.49,0
2025-12-31T03:00:00Z,0,18.6,0
2025-12-31T03:15:00Z,0,18.6,0
2025-12-31T03:30:00Z,0,18.3,0
2025-12-31T03:45:00Z,0,18.1,0
2025-12-31T04:00:00Z,0,18.1,0
2025-12-31T04:15:00Z,0,18.2,0
2025-12-31T04:30:00Z,0,17.9,0
2025-12-31T04:45:00Z,0,17.6,0
2025-12-31T05:00:00Z,0,17.8,0
2025-12-31T05:15:00Z,0,17.6,0
2025-12-31T05:30:00Z,0,17.7,0
2025-12-31T05:45:00Z,0,17.9,0
2025-12-31T06:00:00Z,0,18,0
2025-12-31T06:15:00Z,7.417,18.2,0
2025-12-31T06:30:00Z,27.28,18.3,0
2025-12-31T06:45:00Z,63.5,19.09,0
2025-12-31T07:00:00Z,94.6,20.88,0
2025-12-31T07:15:00Z,116.6,21.79,0
2025-12-31T07:30:00Z,116.3,22.49,0
2025-12-31T07:45:00Z,165.1,23.29,0
2025-12-31T08:00:00Z,215.3,24.09,0
2025-12-31T08:15:00Z,257.4,24.4,0
2025-12-31T08:30:00Z,312.3,24.8,0
2025-12-31T08:45:00Z,368.2,25.1,0
2025-12-31T09:00:00Z,434.3,25.59,0
2025-12-31T09:15:00Z,495.5,25.7,0
2025-12-31T09:30:00Z,551.8,26.19,0
2025-12-31T09:45:00Z,608.2,26.79,0
2025-12-31T10:00:00Z,660,27.1,0
2025-12-31T10:15:00Z,707.7,27.5,0
2025-12-31T10:30:00Z,704.3,27.2,0
2025-12-31T10:45:00Z,641.3,26.41,0
2025-12-31T11:00:00Z,688.8,26.2,0
2025-12-31T11:15:00Z,919,26.69,0
2025-12-31T11:30:00Z,920,26.8,0
2025-12-31T11:45:00Z,789.1,26.5,0
2025-12-31T12:00:00Z,583.6,25.51,0
2025-12-31T12:15:00Z,733.4,25.4,0
2025-12-31T12:30:00Z,852,25.3,0
2025-12-31T12:45:00Z,380.5,25,0
2025-12-31T13:00:00Z,138.3,24.6,0
2025-12-31T13:15:00Z,48.38,22.42,0
2025-12-31T13:30:00Z,39.39,21.21,0
2025-12-31T13:45:00Z,112.5,21.4,0
2025-12-31T14:00:00Z,177.1,21.6,0
2025-12-31T14:15:00Z,256.3,22.19,0
2025-12-31T14:30:00Z,323.7,22.79,0
2025-12-31T14:45:00Z,376.1,23.99,0
2025-12-31T15:00:00Z,421.4,24.59,0
2025-12-31T15:15:00Z,456.3,25,0
2025-12-31T15:30:00Z,622.3,25.89,0
2025-12-31T15:45:00Z,571,25.8,0
2025-12-31T16:00:00Z,565.6,25.7,0
2025-12-31T16:15:00Z,315.5,25.3,0
2025-12-31T16:30:00Z,298.7,25.4,0
2025-12-31T16:45:00Z,221,25.6,0
2025-12-31T17:00:00Z,185.2,25.7,0
2025-12-31T17:15:00Z,221.9,25.8,0
2025-12-31T17:30:00Z,158.5,25.4,0
2025-12-31T17:45:00Z,156.5,24.51,0
2025-12-31T18:00:00Z,109.2,24.7,0
2025-12-31T18:15:00Z,79.63,24.9,0
2025-12-31T18:30:00Z,75.44,24.5,0
2025-12-31T18:45:00Z,33.17,24.3,0
2025-12-31T19:00:00Z,3.627,23.01,0
2025-12-31T19:15:00Z,0.037,22.21,0
2025-12-31T19:30:00Z,0,21.31,0
2025-12-31T19:45:00Z,0,21,0
2025-12-31T20:00:00Z,0,20.51,0
2025-12-31T20:15:00Z,0,20.1,0
2025-12-31T20:30:00Z,0,19.61,0
2025-12-31T20:45:00Z,0,19.6,0
2025-12-31T21:00:00Z,0,20,0
2025-12-31T21:15:00Z,0,19.41,0
2025-12-31T21:30:00Z,0,19.7,0
2025-12-31T21:45:00Z,0,19.7,0
2025-12-31T22:00:00Z,0,19.5,0
2025-12-31T22:15:00Z,0,19.99,0
2025-12-31T22:30:00Z,0,19.01,0
2025-12-31T22:45:00Z,0,19,0
2025-12-31T23:00:00Z,0,18.41,0
2025-12-31T23:15:00Z,0,18.2,0
2025-12-31T23:30:00Z,0,18.1,0
2025-12-31T23:45:00Z,0,18.1,0
2026-01-01T00:00:00Z,0,17.9,0
2026-01-01T00:15:00Z,0,17.8,0
2026-01-01T00:30:00Z,0,17.8,0
2026-01-01T00:45:00Z,0,17.31,0
2026-01-01T01:00:00Z,0,17.3,0
2026-01-01T01:15:00Z,0,17.7,0
2026-01-01T01:30:00Z,0,17.4,0
2026-01-01T01:45:00Z,0,17.4,0
2026-01-01T02:00:00Z,0,17.5,0
2026-01-01T02:15:00Z,0,17.2,0
2026-01-01T02:30:00Z,0,17,0
2026-01-01T02:45:00Z,0,17,0
2026-01-01T03:00:00Z,0,17,0
2026-01-01T03:15:00Z,0,17.49,0
2026-01-01T03:30:00Z,0,16.91,0
2026-01-01T03:45:00Z,0,16.8,0
2026-01-01T04:00:00Z,0,16.9,0
2026-01-01T04:15:00Z,0,17,0
2026-01-01T04:30:00Z,0,16.7,0
2026-01-01T04:45:00Z,0,16.9,0
2026-01-01T05:00:00Z,0,17.3,0
2026-01-01T05:15:00Z,0,17.3,0
2026-01-01T05:30:00Z,0,16.9,0
2026-01-01T05:45:00Z,0,17,0
2026-01-01T06:00:00Z,0,16.6,0
2026-01-01T06:15:00Z,5.043,16.6,0
2026-01-01T06:30:00Z,20.33,17.09,0
2026-01-01T06:45:00Z,43.54,18.19,0
2026-01-01T07:00:00Z,85.3,19.39,0
2026-01-01T07:15:00Z,118.2,20.69,0
2026-01-01T07:30:00Z,161,22.48,0
2026-01-01T07:45:00Z,196,23.29,0
2026-01-01T08:00:00Z,228.6,23.79,0
2026-01-01T08:15:00Z,276.7,24.39,0
2026-01-01T08:30:00Z,324.3,25.19,0
2026-01-01T08:45:00Z,371,25.4,0
2026-01-01T09:00:00Z,425.3,26.29,0
2026-01-01T09:15:00Z,489.4,26.6,0
2026-01-01T09:30:00Z,536.3,26.9,0
2026-01-01T09:45:00Z,597.7,27,0
2026-01-01T10:00:00Z,656.5,27.2,0
2026-01-01T10:15:00Z,714.4,27.2,0
2026-01-01T10:30:00Z,771.8,27.1,0
2026-01-01T10:45:00Z,798.5,26.8,0
2026-01-01T11:00:00Z,849,26.7,0
2026-01-01T11:15:00Z,889,26.9,0
2026-01-01T11:30:00Z,930,27.39,0
2026-01-01T11:45:00Z,952,27.1,0
2026-01-01T12:00:00Z,975,27.5,0
2026-01-01T12:15:00Z,991,27.7,0
2026-01-01T12:30:00Z,998,27.6,0
2026-01-01T12:45:00Z,1018,27.8,0
2026-01-01T13:00:00Z,1035,27.8,0
2026-01-01T13:15:00Z,1088,27.9,0
2026-01-01T13:30:00Z,931,28.1,0
2026-01-01T13:45:00Z,868,28.1,0
2026-01-01T14:00:00Z,473.9,27.31,0
2026-01-01T14:15:00Z,456.2,27.4,0
2026-01-01T14:30:00Z,481.8,27.3,0
2026-01-01T14:45:00Z,652,27.79,0
2026-01-01T15:00:00Z,629.5,28.1,0
2026-01-01T15:15:00Z,683.4,28.1,0
2026-01-01T15:30:00Z,634.3,28.5,0
2026-01-01T15:45:00Z,643.2,28.6,0
2026-01-01T16:00:00Z,462.9,28.4,0
2026-01-01T16:15:00Z,452.1,28.1,0
2026-01-01T16:30:00Z,487,28.4,0
2026-01-01T16:45:00Z,571.3,28.7,0
2026-01-01T17:00:00Z,478,28.5,0
2026-01-01T17:15:00Z,442.3,27.91,0
2026-01-01T17:30:00Z,365.1,27.31,0
2026-01-01T17:45:00Z,335,26.9,0
2026-01-01T18:00:00Z,218.5,26.41,0
2026-01-01T18:15:00Z,144.5,25.91,0
2026-01-01T18:30:00Z,103.3,25.6,0
2026-01-01T18:45:00Z,48.11,25.3,0
2026-01-01T19:00:00Z,17.44,25.2,0
2026-01-01T19:15:00Z,2.168,24.9,0
2026-01-01T19:30:00Z,0.022,24.41,0
2026-01-01T19:45:00Z,0,24.1,0
2026-01-01T20:00:00Z,0,23.7,0
2026-01-01T20:15:00Z,0,23.5,0
2026-01-01T20:30:00Z,0,23.2,0
2026-01-01T20:45:00Z,0,23.1,0
2026-01-01T21:00:00Z,0,23.1,0
2026-01-01T21:15:00Z,0,23.2,0
2026-01-01T21:30:00Z,0,23.3,0
2026-01-01T21:45:00Z,0,23.1,0
2026-01-01T22:00:00Z,0,22.9,0
2026-01-01T22:15:00Z,0,22.5,0
2026-01-01T22:30:00Z,0,22.2,0
2026-01-01T22:45:00Z,0,22.5,0
2026-01-01T23:00:00Z,0,21.12,0
2026-01-01T23:15:00Z,0,20.7,0
2026-01-01T23:30:00Z,0,20.6,0
2026-01-01T23:45:00Z,0,20.2,0
2026-01-02T00:00:00Z,0,19.71,0
2026-01-02T00:15:00Z,0,19.8,0
2026-01-02T00:30:00Z,0,19.6,0
2026-01-02T00:45:00Z,0,19.5,0
2026-01-02T01:00:00Z,0,19.3,0
2026-01-02T01:15:00Z,0,19.1,0
2026-01-02T01:30:00Z,0,19,0
2026-01-02T01:45:00Z,0,19.3,0
2026-01-02T02:00:00Z,0,18.81,0
2026-01-02T02:15:00Z,0,18.8,0
2026-01-02T02:30:00Z,0,18.6,0
2026-01-02T02:45:00Z,0,18.8,0
2026-01-02T03:00:00Z,0,18.8,0
2026-01-02T03:15:00Z,0,18.9,0
2026-01-02T03:30:00Z,0,19.2,0
2026-01-02T03:45:00Z,0,19.2,0
2026-01-02T04:00:00Z,0,19,0
2026-01-02T04:15:00Z,0,18.8,0
2026-01-02T04:30:00Z,0,18.7,0
2026-01-02T04:45:00Z,0,18.5,0
2026-01-02T05:00:00Z,0,18.9,0
2026-01-02T05:15:00Z,0,19,0
2026-01-02T05:30:00Z,0,19.99,0
2026-01-02T05:45:00Z,0,18.91,0
2026-01-02T06:00:00Z,0,18.31,0
2026-01-02T06:15:00Z,4.944,18.4,0
2026-01-02T06:30:00Z,17.16,18.7,0
2026-01-02T06:45:00Z,31.74,19.29,0
2026-01-02T07:00:00Z,73.04,20.29,0
2026-01-02T07:15:00Z,103.8,22.18,0
2026-01-02T07:30:00Z,143.2,22.79,0
2026-01-02T07:45:00Z,184.4,23.2,0
2026-01-02T08:00:00Z,225.3,23.5,0
2026-01-02T08:15:00Z,269.2,23.7,0
2026-01-02T08:30:00Z,320.9,24.29,0
2026-01-02T08:45:00Z,379.6,24.5,0
2026-01-02T09:00:00Z,443.7,24.9,0
2026-01-02T09:15:00Z,461.3,24.9,0
2026-01-02T09:30:00Z,364.1,24.9,0
2026-01-02T09:45:00Z,433.4,25,0
2026-01-02T10:00:00Z,469.1,24.8,0
2026-01-02T10:15:00Z,644.8,24.7,0
2026-01-02T10:30:00Z,521.9,25.1,0
2026-01-02T10:45:00Z,419,25.2,0
2026-01-02T11:00:00Z,464.9,25.2,0
2026-01-02T11:15:00Z,782.5,25.79,0
2026-01-02T11:30:00Z,824,26,0
2026-01-02T11:45:00Z,557.4,25.8,0
2026-01-02T12:00:00Z,509,25.9,0
2026-01-02T12:15:00Z,594.6,26.1,0
2026-01-02T12:30:00Z,456.9,25.01,0
2026-01-02T12:45:00Z,348,24.41,0
2026-01-02T13:00:00Z,361.4,24.6,0
2026-01-02T13:15:00Z,365.5,25,0
2026-01-02T13:30:00Z,362,25.2,0
2026-01-02T13:45:00Z,342.2,25.3,0
2026-01-02T14:00:00Z,342.6,25.1,0
2026-01-02T14:15:00Z,427.3,24.9,0
2026-01-02T14:30:00Z,483.4,25.3,0
2026-01-02T14:45:00Z,522.7,25.4,0
2026-01-02T15:00:00Z,445.2,25.4,0
2026-01-02T15:15:00Z,372.6,25,0
2026-01-02T15:30:00Z,363.9,24.21,0
2026-01-02T15:45:00Z,346,24.5,0
2026-01-02T16:00:00Z,423.2,24.6,0
2026-01-02T16:15:00Z,352.5,24.9,0
2026-01-02T16:30:00Z,346.9,24.8,0
2026-01-02T16:45:00Z,306.7,24.6,0
2026-01-02T17:00:00Z,277.9,24.6,0
2026-01-02T17:15:00Z,230.2,24.7,0
2026-01-02T17:30:00Z,164.2,24.6,0
2026-01-02T17:45:00Z,116.4,24.4,0
2026-01-02T18:00:00Z,93.1,24.3,0
2026-01-02T18:15:00Z,63.63,24.1,0
2026-01-02T18:30:00Z,38.28,23.8,0
2026-01-02T18:45:00Z,19.21,23.6,0
2026-01-02T19:00:00Z,3.771,23.01,0
2026-01-02T19:15:00Z,0.04,22.6,0
2026-01-02T19:30:00Z,0,21.31,0
2026-01-02T19:45:00Z,0,21.1,0
2026-01-02T20:00:00Z,0,20.9,0
2026-01-02T20:15:00Z,0,20.31,0
2026-01-02T20:30:00Z,0,20.1,0
2026-01-02T20:45:00Z,0,20.5,0
2026-01-02T21:00:00Z,0,19.91,0
2026-01-02T21:15:00Z,0,19.7,0
2026-01-02T21:30:00Z,0,19.7,0
2026-01-02T21:45:00Z,0,19.5,0
2026-01-02T22:00:00Z,0,19.8,0
2026-01-02T22:15:00Z,0,19.9,0
2026-01-02T22:30:00Z,0,20.59,0
2026-01-02T22:45:00Z,0,21.79,0
2026-01-02T23:00:00Z,0,21.6,0
2026-01-02T23:15:00Z,0,21.7,0
2026-01-02T23:30:00Z,0,22,0
2026-01-02T23:45:00Z,0,21.6,0
2026-01-03T00:00:00Z,0,21.2,0
2026-01-03T00:15:00Z,0,21,0
2026-01-03T00:30:00Z,0,21.1,0
2026-01-03T00:45:00Z,0,21.1,0
2026-01-03T01:00:00Z,0,20.7,0
2026-01-03T01:15:00Z,0,20.21,0
2026-01-03T01:30:00Z,0,20.1,0
2026-01-03T01:45:00Z,0,20.4,0
2026-01-03T02:00:00Z,0,20.8,0
2026-01-03T02:15:00Z,0,20.6,0
2026-01-03T02:30:00Z,0,20.5,0
2026-01-03T02:45:00Z,0,20.2,60.52
2026-01-03T03:00:00Z,0,19.9,90.8
2026-01-03T03:15:00Z,0,20,0
2026-01-03T03:30:00Z,0,19.8,60.52
2026-01-03T03:45:00Z,0,19.6,60.52
2026-01-03T04:00:00Z,0,18.61,151.3
2026-01-03T04:15:00Z,0,18.2,121
2026-01-03T04:30:00Z,0,18.1,181.6
2026-01-03T04:45:00Z,0,18,574.9
2026-01-03T05:00:00Z,0,17.9,574.9
2026-01-03T05:15:00Z,0,17.9,181.6
2026-01-03T05:30:00Z,0,17.9,90.8
2026-01-03T05:45:00Z,0,17.9,30.26
2026-01-03T06:00:00Z,0,17.9,30.26
2026-01-03T06:15:00Z,0,17.9,60.52
2026-01-03T06:30:00Z,0,17.9,30.26
2026-01-03T06:45:00Z,2.67,17.9,30.26
2026-01-03T07:00:00Z,10.31,17.9,60.52
2026-01-03T07:15:00Z,18.31,18,0
2026-01-03T07:30:00Z,23.94,18.1,30.26
2026-01-03T07:45:00Z,40.12,17.8,30.26
2026-01-03T08:00:00Z,61.56,17.8,30.26
2026-01-03T08:15:00Z,110.3,17.8,0
2026-01-03T08:30:00Z,181.4,18.29,30.26
2026-01-03T08:45:00Z,225.1,18.4,0
2026-01-03T09:00:00Z,205.8,18.4,0
2026-01-03T09:15:00Z,181.4,18.5,0
2026-01-03T09:30:00Z,218.7,18.5,0
2026-01-03T09:45:00Z,321.1,18.4,0
2026-01-03T10:00:00Z,367.1,19.19,0
2026-01-03T10:15:00Z,335.5,19.89,0
2026-01-03T10:30:00Z,349.2,20.1,0
2026-01-03T10:45:00Z,340.9,20.4,0
2026-01-03T11:00:00Z,434,20.8,0
2026-01-03T11:15:00Z,463,20.4,0
2026-01-03T11:30:00Z,449.5,20.1,0
2026-01-03T11:45:00Z,560.6,20.69,0
2026-01-03T12:00:00Z,635.5,21.39,0
2026-01-03T12:15:00Z,519.5,21.3,0
2026-01-03T12:30:00Z,409.1,21.5,0
2026-01-03T12:45:00Z,458.9,21.8,0
2026-01-03T13:00:00Z,490.7,22.29,0
2026-01-03T13:15:00Z,514.8,22.2,0
2026-01-03T13:30:00Z,561.8,22.2,0
2026-01-03T13:45:00Z,551.7,22.4,0
2026-01-03T14:00:00Z,486.8,22.4,0
2026-01-03T14:15:00Z,562.7,22.7,0
2026-01-03T14:30:00Z,719,23.19,0
2026-01-03T14:45:00Z,705,23.5,0
2026-01-03T15:00:00Z,720,23.9,0
2026-01-03T15:15:00Z,509,23.6,0
2026-01-03T15:30:00Z,439.8,23.5,0
2026-01-03T15:45:00Z,398.8,23.5,0
2026-01-03T16:00:00Z,384.6,23.4,0
2026-01-03T16:15:00Z,266.9,23.1,0
2026-01-03T16:30:00Z,222.2,23.1,0
2026-01-03T16:45:00Z,188.5,23.1,0
2026-01-03T17:00:00Z,176,23.1,0
2026-01-03T17:15:00Z,171.1,23.1,0
2026-01-03T17:30:00Z,204.6,23.3,0
2026-01-03T17:45:00Z,112.4,23.1,0
2026-01-03T18:00:00Z,82.3,22.9,0
2026-01-03T18:15:00Z,125.1,22.9,0
2026-01-03T18:30:00Z,78.33,22.9,0
2026-01-03T18:45:00Z,31.72,22.6,0
2026-01-03T19:00:00Z,5.786,22.2,0
2026-01-03T19:15:00Z,0.061,21.8,0
2026-01-03T19:30:00Z,0,21.6,0
2026-01-03T19:45:00Z,0,21.4,0
2026-01-03T20:00:00Z,0,21.2,0
2026-01-03T20:15:00Z,0,21.2,0
2026-01-03T20:30:00Z,0,21.2,0
2026-01-03T20:45:00Z,0,21.4,0
2026-01-03T21:00:00Z,0,21.6,0
2026-01-03T21:15:00Z,0,21.3,0
2026-01-03T21:30:00Z,0,21.3,0
2026-01-03T21:45:00Z,0,20.31,0
2026-01-03T22:00:00Z,0,19.21,574.9
2026-01-03T22:15:00Z,0,19.1,514.4
2026-01-03T22:30:00Z,0,18.9,544.7
2026-01-03T22:45:00Z,0,18.6,151.3
2026-01-03T23:00:00Z,0,18.9,90.8
2026-01-03T23:15:00Z,0,19.1,90.8
2026-01-03T23:30:00Z,0,18.9,151.3
2026-01-03T23:45:00Z,0,18.6,90.8
2026-01-04T00:00:00Z,0,18.7,90.8
2026-01-04T00:15:00Z,0,18.8,61.54
2026-01-04T00:30:00Z,0,18.7,332.9
2026-01-04T00:45:00Z,0,18.7,453.9
2026-01-04T01:00:00Z,0,18.5,363.1
2026-01-04T01:15:00Z,0,18.5,151.3
2026-01-04T01:30:00Z,0,18.6,121
2026-01-04T01:45:00Z,0,18.6,121
2026-01-04T02:00:00Z,0,18.6,121
2026-01-04T02:15:00Z,0,18.7,90.8
2026-01-04T02:30:00Z,0,18.6,151.3
2026-01-04T02:45:00Z,0,18.6,151.3
2026-01-04T03:00:00Z,0,18.5,121
2026-01-04T03:15:00Z,0,18.5,90.8
2026-01-04T03:30:00Z,0,18.4,60.52
2026-01-04T03:45:00Z,0,18.1,60.52
2026-01-04T04:00:00Z,0,17.51,60.52
2026-01-04T04:15:00Z,0,17.5,0
2026-01-04T04:30:00Z,0,17.5,0
2026-01-04T04:45:00Z,0,17.5,0
2026-01-04T05:00:00Z,0,17.5,0
2026-01-04T05:15:00Z,0,17.6,0
2026-01-04T05:30:00Z,0,17.7,0
2026-01-04T05:45:00Z,0,17.7,0
2026-01-04T06:00:00Z,0,17.7,0
2026-01-04T06:15:00Z,0.692,17.7,0
2026-01-04T06:30:00Z,19.39,17.7,0
2026-01-04T06:45:00Z,39.77,17.7,0
2026-01-04T07:00:00Z,58.99,17.8,0
2026-01-04T07:15:00Z,76.11,17.9,0
2026-01-04T07:30:00Z,102.3,18,0
2026-01-04T07:45:00Z,125.8,18.1,0
2026-01-04T08:00:00Z,139.9,18.2,0
2026-01-04T08:15:00Z,139,18.3,0
2026-01-04T08:30:00Z,233.4,18.4,0
2026-01-04T08:45:00Z,299.5,18.7,0
2026-01-04T09:00:00Z,337.4,18.9,0
2026-01-04T09:15:00Z,509.8,19.49,0
2026-01-04T09:30:00Z,764.6,20.59,0
2026-01-04T09:45:00Z,491.3,20.01,0
2026-01-04T10:00:00Z,336.9,19.7,0
2026-01-04T10:15:00Z,732.8,20.49,0
2026-01-04T10:30:00Z,654.6,20.99,0
2026-01-04T10:45:00Z,261.7,19.81,0
2026-01-04T11:00:00Z,439.3,20,0
2026-01-04T11:15:00Z,650.7,20.69,0
2026-01-04T11:30:00Z,739,21.19,0
2026-01-04T11:45:00Z,515.8,20.71,0
2026-01-04T12:00:00Z,646.7,21,0
2026-01-04T12:15:00Z,545.8,21.1,0
2026-01-04T12:30:00Z,554.6,20.9,0
2026-01-04T12:45:00Z,324.1,20.7,0
2026-01-04T13:00:00Z,701,21.19,0
2026-01-04T13:15:00Z,657.8,21.6,0
2026-01-04T13:30:00Z,305.3,20.91,0
2026-01-04T13:45:00Z,237,20.6,0
2026-01-04T14:00:00Z,259.3,20.6,0
2026-01-04T14:15:00Z,326.5,20.6,0
2026-01-04T14:30:00Z,627.6,21.19,0
2026-01-04T14:45:00Z,527.3,21.3,0
2026-01-04T15:00:00Z,426.7,21,0
2026-01-04T15:15:00Z,119.4,18.53,90.8
2026-01-04T15:30:00Z,169.7,18.3,30.26
2026-01-04T15:45:00Z,363.4,18.4,0
2026-01-04T16:00:00Z,269.6,18.7,0
2026-01-04T16:15:00Z,131.2,19.29,0
2026-01-04T16:30:00Z,90,19,0
2026-01-04T16:45:00Z,79.41,19,0
2026-01-04T17:00:00Z,122.1,18.7,0
2026-01-04T17:15:00Z,75.23,18.7,0
2026-01-04T17:30:00Z,77.27,18.9,0
2026-01-04T17:45:00Z,51.89,18.8,0
2026-01-04T18:00:00Z,57.34,18.7,0
2026-01-04T18:15:00Z,51.07,18.7,0
2026-01-04T18:30:00Z,32.61,18.7,0
2026-01-04T18:45:00Z,17.17,18.7,0
2026-01-04T19:00:00Z,5.034,18.8,0
2026-01-04T19:15:00Z,0.054,18.8,0
2026-01-04T19:30:00Z,0,18.7,0
2026-01-04T19:45:00Z,0,18.7,0
2026-01-04T20:00:00Z,0,18.7,0
2026-01-04T20:15:00Z,0,18.8,0
2026-01-04T20:30:00Z,0,18.8,0
2026-01-04T20:45:00Z,0,18.7,0
2026-01-04T21:00:00Z,0,18.7,0
2026-01-04T21:15:00Z,0,18.7,0
2026-01-04T21:30:00Z,0,18.7,0
2026-01-04T21:45:00Z,0,18.7,0
2026-01-04T22:00:00Z,0,18.8,0
2026-01-04T22:15:00Z,0,18.7,0
2026-01-04T22:30:00Z,0,18.6,0
2026-01-04T22:45:00Z,0,18.6,0
2026-01-04T23:00:00Z,0,18.4,0
2026-01-04T23:15:00Z,0,18.4,0
2026-01-04T23:30:00Z,0,18.5,0
2026-01-04T23:45:00Z,0,18.5,0
2026-01-05T00:00:00Z,0,18.5,0
2026-01-05T00:15:00Z,0,18.6,0
2026-01-05T00:30:00Z,0,18.6,30.26
2026-01-05T00:45:00Z,0,18.6,0
2026-01-05T01:00:00Z,0,18.5,0
2026-01-05T01:15:00Z,0,18.6,0
2026-01-05T01:30:00Z,0,18.6,0
2026-01-05T01:45:00Z,0,18.7,0
2026-01-05T02:00:00Z,0,18.7,0
2026-01-05T02:15:00Z,0,18.8,0
2026-01-05T02:30:00Z,0,18.8,0
2026-01-05T02:45:00Z,0,18.9,0
2026-01-05T03:00:00Z,0,18.6,0
2026-01-05T03:15:00Z,0,18.6,0
2026-01-05T03:30:00Z,0,18.7,0
2026-01-05T03:45:00Z,0,18.8,0
2026-01-05T04:00:00Z,0,18.5,0
2026-01-05T04:15:00Z,0,18.5,0
2026-01-05T04:30:00Z,0,18.7,0
2026-01-05T04:45:00Z,0,18.8,0
2026-01-05T05:00:00Z,0,18.7,0
2026-01-05T05:15:00Z,0,18.7,0
2026-01-05T05:30:00Z,0,18.8,0
2026-01-05T05:45:00Z,0,18.8,0
2026-01-05T06:00:00Z,0,18.7,0
2026-01-05T06:15:00Z,0,18.6,0
2026-01-05T06:30:00Z,7.12,18.7,0
2026-01-05T06:45:00Z,21.84,18.7,0
2026-01-05T07:00:00Z,32.28,18.9,0
2026-01-05T07:15:00Z,40.11,19,0
2026-01-05T07:30:00Z,53.85,19.1,0
2026-01-05T07:45:00Z,92.7,19.2,0
2026-01-05T08:00:00Z,133.2,19.3,0
2026-01-05T08:15:00Z,118.6,19.3,0
2026-01-05T08:30:00Z,105,19.1,0
2026-01-05T08:45:00Z,74.05,18.21,90.8
2026-01-05T09:00:00Z,169.9,18.5,0
2026-01-05T09:15:00Z,190.8,18.5,0
2026-01-05T09:30:00Z,96.5,18.2,0
2026-01-05T09:45:00Z,87.9,18.2,30.26
2026-01-05T10:00:00Z,77.91,18.3,0
2026-01-05T10:15:00Z,82.9,18.4,0
2026-01-05T10:30:00Z,128.1,18.4,0
2026-01-05T10:45:00Z,312.8,18.6,0
2026-01-05T11:00:00Z,301.1,18.6,0
2026-01-05T11:15:00Z,241.1,18.3,30.26
2026-01-05T11:30:00Z,151.9,18.3,0
2026-01-05T11:45:00Z,129.8,18.1,0
2026-01-05T12:00:00Z,129.9,18.2,30.26
2026-01-05T12:15:00Z,118.9,18.4,30.26
2026-01-05T12:30:00Z,234.5,18.3,60.52
2026-01-05T12:45:00Z,370.3,18.79,0
2026-01-05T13:30:00Z,464,19,0
2026-01-05T14:30:00Z,420.6,20,0
2026-01-05T15:30:00Z,179.2,20,0
2026-01-05T15:45:00Z,222,19.8,0
2026-01-05T16:00:00Z,215.1,19.9,0
2026-01-05T16:15:00Z,275.9,19.9,0
2026-01-05T16:30:00Z,256.3,20.3,0
2026-01-05T16:45:00Z,169.4,20.3,0
2026-01-05T17:00:00Z,140.7,20.2,0
2026-01-05T17:15:00Z,137.9,20.1,0
2026-01-05T17:30:00Z,94,20.1,0
2026-01-05T17:45:00Z,62.65,20,0
2026-01-05T18:00:00Z,76.74,19.9,0
2026-01-05T18:15:00Z,43.48,19.5,0
2026-01-05T18:30:00Z,28.17,19.3,0
2026-01-05T18:45:00Z,9.61,19.2,0
2026-01-05T19:00:00Z,0.104,19.1,0
2026-01-05T19:15:00Z,0,19.1,0
2026-01-05T19:30:00Z,0,19.1,0
2026-01-05T19:45:00Z,0,19.2,0
2026-01-05T20:00:00Z,0,19.3,0
2026-01-05T20:15:00Z,0,19.2,0
2026-01-05T20:30:00Z,0,19.1,0
2026-01-05T20:45:00Z,0,19.1,0
2026-01-05T21:00:00Z,0,19.2,0
2026-01-05T21:15:00Z,0,19.2,0
2026-01-05T21:30:00Z,0,19.1,30.26
2026-01-05T21:45:00Z,0,19.1,0
2026-01-05T22:00:00Z,0,19,0
2026-01-05T22:15:00Z,0,19,0
2026-01-05T22:30:00Z,0,19,0
2026-01-05T22:45:00Z,0,19,0
2026-01-05T23:00:00Z,0,18.9,30.26
2026-01-05T23:15:00Z,0,19,0
2026-01-05T23:30:00Z,0,18.9,0
2026-01-05T23:45:00Z,0,18.8,0
2026-01-06T00:00:00Z,0,18.7,30.26
2026-01-06T00:15:00Z,0,18.4,908
2026-01-06T00:30:00Z,0,18.3,90.8
2026-01-06T00:45:00Z,0,18.2,30.26
2026-01-06T01:00:00Z,0,18.3,30.26
2026-01-06T01:15:00Z,0,18.2,0
2026-01-06T01:30:00Z,0,18.1,0
2026-01-06T01:45:00Z,0,18.1,0
2026-01-06T02:00:00Z,0,18.1,0
2026-01-06T02:15:00Z,0,18.1,0
2026-01-06T02:30:00Z,0,18,0
2026-01-06T02:45:00Z,0,18,0
2026-01-06T03:00:00Z,0,18,0
2026-01-06T03:15:00Z,0,18.1,0
2026-01-06T03:30:00Z,0,18.1,0
2026-01-06T03:45:00Z,0,18.1,0
2026-01-06T04:00:00Z,0,18.1,0
2026-01-06T04:15:00Z,0,18.1,0
2026-01-06T04:30:00Z,0,18.1,0
2026-01-06T04:45:00Z,0,18.1,0
2026-01-06T05:00:00Z,0,18,0
2026-01-06T05:15:00Z,0,18,0
2026-01-06T05:30:00Z,0,18,30.26
2026-01-06T05:45:00Z,0,18,151.3
2026-01-06T06:00:00Z,0,17.8,30.26
2026-01-06T06:15:00Z,0,17.9,60.52
2026-01-06T06:30:00Z,0,17.7,151.3
2026-01-06T06:45:00Z,4.252,17.5,181.6
2026-01-06T07:00:00Z,15.08,17.4,151.3
2026-01-06T07:15:00Z,22.12,17.3,30.26
2026-01-06T07:30:00Z,39.6,17.3,30.26
2026-01-06T07:45:00Z,33.27,17.2,30.26
2026-01-06T08:00:00Z,22.32,17.2,0
2026-01-06T08:15:00Z,39.41,17.1,0
2026-01-06T08:30:00Z,66.79,17,30.26
2026-01-06T08:45:00Z,99.1,17.1,0
2026-01-06T09:00:00Z,149.9,16.9,0
2026-01-06T09:15:00Z,148.1,17.2,30.26
2026-01-06T09:30:00Z,141.2,17.3,0
2026-01-06T09:45:00Z,181.8,17.1,30.26
2026-01-06T10:00:00Z,262.7,17.59,30.26
2026-01-06T10:15:00Z,324.2,18.09,0
2026-01-06T10:30:00Z,391.7,18.4,0
2026-01-06T10:45:00Z,436.7,18.8,0
2026-01-06T11:00:00Z,426.5,18.9,0
2026-01-06T11:15:00Z,431,19.1,0
2026-01-06T11:30:00Z,462,19.3,0
2026-01-06T11:45:00Z,568.6,19.79,0
2026-01-06T12:00:00Z,469.8,20.1,0
2026-01-06T12:15:00Z,717.4,20.89,0
2026-01-06T12:30:00Z,850,21.49,0
2026-01-06T12:45:00Z,944,21.99,0
2026-01-06T13:00:00Z,678,21.9,0
2026-01-06T13:15:00Z,693.3,22,0
2026-01-06T13:30:00Z,562.6,22.2,0
2026-01-06T13:45:00Z,532.2,22.1,0
2026-01-06T14:00:00Z,492.7,21.8,0
2026-01-06T14:15:00Z,582.4,22.2,0
2026-01-06T14:30:00Z,488.7,22.1,0
2026-01-06T14:45:00Z,288.3,21.9,0
2026-01-06T15:00:00Z,340.9,21.7,0
2026-01-06T15:15:00Z,344.9,21.8,0
2026-01-06T15:30:00Z,402.4,21.8,0
2026-01-06T15:45:00Z,469,22.1,0
2026-01-06T16:00:00Z,661.8,22.99,0
2026-01-06T16:15:00Z,405.6,22.9,0
2026-01-06T16:30:00Z,288.7,22.6,0
2026-01-06T16:45:00Z,252.3,22.6,0
2026-01-06T17:00:00Z,247.8,22.6,0
2026-01-06T17:15:00Z,167.5,22.2,0
2026-01-06T17:30:00Z,85.8,21.71,0
2026-01-06T17:45:00Z,61.36,21.5,0
2026-01-06T18:00:00Z,56.75,21.3,0
2026-01-06T18:15:00Z,47.8,21.1,0
2026-01-06T18:30:00Z,32.17,21,0
2026-01-06T18:45:00Z,16.67,20.8,0
2026-01-06T19:00:00Z,1.766,20.6,0
2026-01-06T19:15:00Z,0.018,20.5,0
2026-01-06T19:30:00Z,0,20.6,0
2026-01-06T19:45:00Z,0,20.7,0
2026-01-06T20:00:00Z,0,20.4,0
2026-01-06T20:15:00Z,0,20.2,0
2026-01-06T20:30:00Z,0,20,0
2026-01-06T20:45:00Z,0,20,0
2026-01-06T21:00:00Z,0,20,0
2026-01-06T21:15:00Z,0,19.6,0
2026-01-06T21:30:00Z,0,19.6,0
2026-01-06T21:45:00Z,0,19.6,0
2026-01-06T22:00:00Z,0,19.7,0
2026-01-06T22:15:00Z,0,19.5,0
2026-01-06T22:30:00Z,0,19.5,0
2026-01-06T22:45:00Z,0,19.6,0
2026-01-06T23:00:00Z,0,19.6,0
2026-01-06T23:15:00Z,0,19.6,0
2026-01-06T23:30:00Z,0,19.5,0
2026-01-06T23:45:00Z,0,19.5,0
2026-01-07T00:00:00Z,0,19.4,0
2026-01-07T00:15:00Z,0,19.3,0
2026-01-07T00:30:00Z,0,18.9,0
2026-01-07T00:45:00Z,0,18.9,0
2026-01-07T01:00:00Z,0,19.1,0
2026-01-07T01:15:00Z,0,18.9,0
2026-01-07T01:30:00Z,0,19.1,0
2026-01-07T01:45:00Z,0,19.4,0
2026-01-07T02:00:00Z,0,19.6,0
2026-01-07T02:15:00Z,0,19.7,0
2026-01-07T02:30:00Z,0,19.7,0
2026-01-07T02:45:00Z,0,19.8,0
2026-01-07T03:00:00Z,0,19.8,0
2026-01-07T03:15:00Z,0,19.7,0
2026-01-07T03:30:00Z,0,19.6,0
2026-01-07T03:45:00Z,0,19.11,0
2026-01-07T04:00:00Z,0,18.7,0
2026-01-07T04:15:00Z,0,19,0
2026-01-07T04:30:00Z,0,19,0
2026-01-07T04:45:00Z,0,19.2,0
2026-01-07T05:00:00Z,0,19.2,0
2026-01-07T05:15:00Z,0,19.2,0
2026-01-07T05:30:00Z,0,19.1,0
2026-01-07T05:45:00Z,0,19,0
2026-01-07T06:00:00Z,0,18.7,0
2026-01-07T06:15:00Z,9.79,18.8,0
2026-01-07T06:30:00Z,13.76,19,0
2026-01-07T06:45:00Z,28.93,19.4,0
2026-01-07T07:00:00Z,24.16,19.8,0
2026-01-07T07:15:00Z,33.49,19.9,0
2026-01-07T07:30:00Z,86,20,0
2026-01-07T07:45:00Z,112.9,20.49,0
2026-01-07T08:00:00Z,137.9,20.9,0
2026-01-07T08:15:00Z,204.8,21.69,0
2026-01-07T08:30:00Z,275.3,22.19,0
2026-01-07T08:45:00Z,338.3,22.69,0
2026-01-07T09:00:00Z,427.2,23.29,0
2026-01-07T09:15:00Z,415.8,23.6,0
2026-01-07T09:30:00Z,441.7,23.3,0
2026-01-07T09:45:00Z,483.2,23.6,0
2026-01-07T10:00:00Z,421,23.01,0
2026-01-07T10:15:00Z,425.3,22.51,0
2026-01-07T10:30:00Z,409.6,22.3,0
2026-01-07T10:45:00Z,414.7,22.2,0
2026-01-07T11:00:00Z,436.8,22.2,0
2026-01-07T11:15:00Z,378.7,22.1,0
2026-01-07T11:30:00Z,291.9,22,0
2026-01-07T11:45:00Z,253,22,0
2026-01-07T12:00:00Z,259.7,22,0
2026-01-07T12:15:00Z,268,21.9,0
2026-01-07T12:30:00Z,265.5,21.7,0
2026-01-07T12:45:00Z,215.3,21.5,0
2026-01-07T13:00:00Z,218.1,21.7,0
2026-01-07T13:15:00Z,240.3,21.8,0
2026-01-07T13:30:00Z,236.8,22.1,0
2026-01-07T13:45:00Z,313.5,22.4,0
2026-01-07T14:00:00Z,430.9,23.09,0
2026-01-07T14:15:00Z,454.4,23.89,0
2026-01-07T14:30:00Z,683,24.49,0
2026-01-07T14:45:00Z,706.9,24.99,0
2026-01-07T15:00:00Z,841,25.1,0
2026-01-07T15:15:00Z,867,25.79,0
2026-01-07T15:30:00Z,793.5,25.8,0
2026-01-07T15:45:00Z,441.8,25.5,0
2026-01-07T16:00:00Z,108.8,22.93,0
2026-01-07T16:15:00Z,63.57,20.43,0
2026-01-07T16:30:00Z,76.45,19.02,151.3
2026-01-07T16:45:00Z,145.5,18.6,0
2026-01-07T17:00:00Z,179.8,18.9,0
2026-01-07T17:15:00Z,137.3,19,0
2026-01-07T17:30:00Z,117.1,19.2,0
2026-01-07T17:45:00Z,77.44,19.2,0
2026-01-07T18:00:00Z,29.04,19.4,0
2026-01-07T18:15:00Z,14.75,19.6,0
2026-01-07T18:30:00Z,13.12,20,0
2026-01-07T18:45:00Z,1.827,19.9,0
2026-01-07T19:00:00Z,0.019,19.8,0
2026-01-07T19:15:00Z,0,18.91,211.8
2026-01-07T19:30:00Z,0,18.31,211.8
2026-01-07T19:45:00Z,0,18.5,60.52
2026-01-07T20:00:00Z,0,18.5,0
2026-01-07T20:15:00Z,0,18.6,0
2026-01-07T20:30:00Z,0,18.7,0
2026-01-07T20:45:00Z,0,18.6,0
2026-01-07T21:00:00Z,0,18.4,0
2026-01-07T21:15:00Z,0,18.4,0
2026-01-07T21:30:00Z,0,18.5,0
2026-01-07T21:45:00Z,0,18.5,0
2026-01-07T22:00:00Z,0,18.5,0
2026-01-07T22:15:00Z,0,18.5,0
2026-01-07T22:30:00Z,0,18.5,0
2026-01-07T22:45:00Z,0,18.5,0
2026-01-07T23:00:00Z,0,18.7,0
2026-01-07T23:15:00Z,0,18.8,0
2026-01-07T23:30:00Z,0,19,0
2026-01-07T23:45:00Z,0,18.9,0
2026-01-08T00:00:00Z,0,18.8,0
2026-01-08T00:15:00Z,0,18.5,0
2026-01-08T00:30:00Z,0,18.3,0
2026-01-08T00:45:00Z,0,18.4,0
2026-01-08T01:00:00Z,0,18.8,0
2026-01-08T01:15:00Z,0,19.1,0
2026-01-08T01:30:00Z,0,18.7,0
2026-01-08T01:45:00Z,0,18.7,0
2026-01-08T02:00:00Z,0,18.5,0
2026-01-08T02:15:00Z,0,18.3,0
2026-01-08T02:30:00Z,0,18.2,0
2026-01-08T02:45:00Z,0,18.2,0
2026-01-08T03:00:00Z,0,18.4,0
2026-01-08T03:15:00Z,0,18.7,0
2026-01-08T03:30:00Z,0,19.1,0
2026-01-08T03:45:00Z,0,19.5,0
2026-01-08T04:00:00Z,0,19.8,0
2026-01-08T04:15:00Z,0,19.8,0
2026-01-08T04:30:00Z,0,19.8,0
2026-01-08T04:45:00Z,0,19.7,0
2026-01-08T05:00:00Z,0,19.7,0
2026-01-08T05:15:00Z,0,19.6,0
2026-01-08T05:30:00Z,0,19.7,0
2026-01-08T05:45:00Z,0,19.7,0
2026-01-08T06:00:00Z,0,19.7,0
2026-01-08T06:15:00Z,0,19.5,0
2026-01-08T06:30:00Z,6.032,19.4,0
2026-01-08T06:45:00Z,18.96,19.4,0
2026-01-08T07:00:00Z,39.47,19.6,0
2026-01-08T07:15:00Z,56.02,19.9,0
2026-01-08T07:30:00Z,85.9,20.39,0
2026-01-08T07:45:00Z,102.8,20.99,0
2026-01-08T08:00:00Z,253.5,21.89,0
2026-01-08T08:15:00Z,435.5,22.79,0
2026-01-08T08:30:00Z,469.8,23.2,0
2026-01-08T08:45:00Z,521.5,23.4,0
2026-01-08T09:00:00Z,335.1,23.1,0
2026-01-08T09:15:00Z,458.2,23.2,0
2026-01-08T09:30:00Z,534,23.79,0
2026-01-08T09:45:00Z,628,23.8,0
2026-01-08T10:00:00Z,672.8,23.8,0
2026-01-08T10:15:00Z,731,24,0
2026-01-08T10:30:00Z,768.1,24.2,0
2026-01-08T10:45:00Z,815,24.3,0
2026-01-08T11:00:00Z,865,24.7,0
2026-01-08T11:15:00Z,872,24.9,0
2026-01-08T11:30:00Z,916,25.2,0
2026-01-08T11:45:00Z,1007,25.4,0
2026-01-08T12:00:00Z,1165,25.99,0
2026-01-08T12:15:00Z,439.8,25.31,0
2026-01-08T12:30:00Z,319.3,24.81,0
2026-01-08T12:45:00Z,334.8,24.5,0
2026-01-08T13:00:00Z,481.1,24.8,0
2026-01-08T13:15:00Z,956,25.59,0
2026-01-08T13:30:00Z,717.2,25.3,0
2026-01-08T13:45:00Z,559.2,25.4,0
2026-01-08T14:00:00Z,620.6,25.5,0
2026-01-08T14:15:00Z,461.9,26.09,0
2026-01-08T14:30:00Z,934,26.69,0
2026-01-08T14:45:00Z,881,27.19,0
2026-01-08T15:00:00Z,694.7,27.1,0
2026-01-08T15:15:00Z,835,27.59,0
2026-01-08T15:30:00Z,743.3,27.6,0
2026-01-08T15:45:00Z,330.4,27.01,0
2026-01-08T16:00:00Z,383.8,27.1,0
2026-01-08T16:15:00Z,138.6,26.51,0
2026-01-08T16:30:00Z,328.6,26.8,0
2026-01-08T16:45:00Z,125.4,26.4,0
2026-01-08T17:00:00Z,419.1,27.39,0
2026-01-08T17:15:00Z,91.3,26.51,0
2026-01-08T17:30:00Z,81.9,26.2,0
2026-01-08T17:45:00Z,133.6,26.3,0
2026-01-08T18:00:00Z,24.24,25.81,0
2026-01-08T18:15:00Z,14.5,25.4,0
2026-01-08T18:30:00Z,17.07,24.91,0
2026-01-08T18:45:00Z,30.25,24.01,0
2026-01-08T19:00:00Z,3.008,22.52,0
2026-01-08T19:15:00Z,0.03,22.1,0
2026-01-08T19:30:00Z,0,21.51,0
2026-01-08T19:45:00Z,0,21.01,0
2026-01-08T20:00:00Z,0,20.8,0
2026-01-08T20:15:00Z,0,20.31,0
2026-01-08T20:30:00Z,0,19.81,0
2026-01-08T20:45:00Z,0,19.6,0
2026-01-08T21:00:00Z,0,19.11,0
2026-01-08T21:15:00Z,0,19.69,0
2026-01-08T21:30:00Z,0,19.4,0
2026-01-08T21:45:00Z,0,19,0
2026-01-08T22:00:00Z,0,18.8,0
2026-01-08T22:15:00Z,0,19.1,0
2026-01-08T22:30:00Z,0,19.59,0
2026-01-08T22:45:00Z,0,20.19,0
2026-01-08T23:00:00Z,0,20.3,0
2026-01-08T23:15:00Z,0,21.49,0
2026-01-08T23:30:00Z,0,21.9,0
2026-01-08T23:45:00Z,0,21.21,0
2026-01-09T00:00:00Z,0,20.01,0
2026-01-09T00:15:00Z,0,19.41,0
2026-01-09T00:30:00Z,0,19.2,0
2026-01-09T00:45:00Z,0,19.2,0
2026-01-09T01:00:00Z,0,19.5,0
2026-01-09T01:15:00Z,0,19.7,0
2026-01-09T01:30:00Z,0,19.6,0
2026-01-09T01:45:00Z,0,19.6,0
2026-01-09T02:00:00Z,0,19.3,0
2026-01-09T02:15:00Z,0,19.2,0
2026-01-09T02:30:00Z,0,19.4,0
2026-01-09T02:45:00Z,0,19.7,0
2026-01-09T03:00:00Z,0,19.6,0
2026-01-09T03:15:00Z,0,19.4,0
2026-01-09T03:30:00Z,0,19.4,0
2026-01-09T03:45:00Z,0,19.1,0
2026-01-09T04:00:00Z,0,19,0
2026-01-09T04:15:00Z,0,18.9,0
2026-01-09T04:30:00Z,0,19,0
2026-01-09T04:45:00Z,0,19.2,0
2026-01-09T05:00:00Z,0,19.3,0
2026-01-09T05:15:00Z,0,19.1,0
2026-01-09T05:30:00Z,0,19.1,0
2026-01-09T05:45:00Z,0,19.2,0
2026-01-09T06:00:00Z,0,19,0
2026-01-09T06:15:00Z,0.494,19.3,0
2026-01-09T06:30:00Z,15.33,19,0
2026-01-09T06:45:00Z,41.01,19.59,0
2026-01-09T07:00:00Z,73.14,20.89,0
2026-01-09T07:15:00Z,84.1,21,0
2026-01-09T07:30:00Z,100.3,21.1,0
2026-01-09T07:45:00Z,113.4,21.3,0
2026-01-09T08:00:00Z,131.9,21.5,0
2026-01-09T08:15:00Z,266.4,22.49,0
2026-01-09T08:30:00Z,356.3,22.99,0
2026-01-09T08:45:00Z,417.4,23.89,0
2026-01-09T09:00:00Z,467.3,24.49,0
2026-01-09T09:15:00Z,514.8,24.5,0
2026-01-09T09:30:00Z,584.8,24.99,0
2026-01-09T09:45:00Z,663.6,25.1,0
2026-01-09T10:00:00Z,720.4,25.4,0
2026-01-09T10:15:00Z,765.6,25.89,0
2026-01-09T10:30:00Z,716.9,25.5,0
2026-01-09T10:45:00Z,759.6,25.6,0
2026-01-09T11:00:00Z,919,26.29,0
2026-01-09T11:15:00Z,897,26.5,0
2026-01-09T11:30:00Z,858,26.7,0
2026-01-09T11:45:00Z,847,27,0
2026-01-09T12:00:00Z,836,27.1,0
2026-01-09T12:15:00Z,1162,27.79,0
2026-01-09T12:30:00Z,768,27.5,0
2026-01-09T12:45:00Z,1026,27.6,0
2026-01-09T13:00:00Z,416,26.71,0
2026-01-09T13:15:00Z,385.1,26.5,0
2026-01-09T13:30:00Z,373.6,26.5,0
2026-01-09T13:45:00Z,516.6,26.99,0
2026-01-09T14:00:00Z,268.5,27,0
2026-01-09T14:15:00Z,399.7,27.3,0
2026-01-09T14:30:00Z,256.8,26.01,0
2026-01-09T14:45:00Z,232.6,24.81,0
2026-01-09T15:00:00Z,346.8,25.1,0
2026-01-09T15:15:00Z,302.5,25.69,0
2026-01-09T15:30:00Z,138,25.4,0
2026-01-09T15:45:00Z,124.1,25.1,0
2026-01-09T16:00:00Z,113.3,25.3,0
2026-01-09T16:15:00Z,111,25.2,0
2026-01-09T16:30:00Z,146.4,25.2,0
2026-01-09T16:45:00Z,175.9,25.4,0
2026-01-09T17:00:00Z,251.8,21.05,393.4
2026-01-09T17:15:00Z,180.9,20.21,0
2026-01-09T17:30:00Z,276.7,21.09,30.26
2026-01-09T17:45:00Z,103.2,21.89,0
2026-01-09T18:00:00Z,36.13,21.6,0
2026-01-09T18:15:00Z,35.2,21.4,0
2026-01-09T18:30:00Z,18.09,21.6,0
2026-01-09T18:45:00Z,9.49,21.3,0
2026-01-09T19:00:00Z,2.082,21.1,0
2026-01-09T19:15:00Z,0.022,20.7,0
2026-01-09T19:30:00Z,0,20.5,0
2026-01-09T19:45:00Z,0,20.1,0
2026-01-09T20:00:00Z,0,19.9,0
2026-01-09T20:15:00Z,0,19.8,0
2026-01-09T20:30:00Z,0,20,0
2026-01-09T20:45:00Z,0,20.1,0
2026-01-09T21:00:00Z,0,20,0
2026-01-09T21:15:00Z,0,20.2,0
2026-01-09T21:30:00Z,0,20.1,0
2026-01-09T21:45:00Z,0,20.59,0
2026-01-09T22:00:00Z,0,20.3,0
2026-01-09T22:15:00Z,0,20,0
2026-01-09T22:30:00Z,0,20.1,0
2026-01-09T22:45:00Z,0,20.4,0
2026-01-09T23:00:00Z,0,21.19,0
2026-01-09T23:15:00Z,0,20.51,0
2026-01-09T23:30:00Z,0,20.3,0
2026-01-09T23:45:00Z,0,20.2,0
2026-01-10T00:00:00Z,0,20.99,0
2026-01-10T00:15:00Z,0,20.31,0
2026-01-10T00:30:00Z,0,18.92,90.8
2026-01-10T00:45:00Z,0,17.61,90.8
2026-01-10T01:00:00Z,0,18.89,30.26
2026-01-10T01:15:00Z,0,19.39,0
2026-01-10T01:30:00Z,0,19.89,0
2026-01-10T01:45:00Z,0,20.2,0
2026-01-10T02:00:00Z,0,20.1,0
2026-01-10T02:15:00Z,0,19.9,0
2026-01-10T02:30:00Z,0,19.9,0
2026-01-10T02:45:00Z,0,19.8,0
2026-01-10T03:00:00Z,0,19.6,0
2026-01-10T03:15:00Z,0,19.11,0
2026-01-10T03:30:00Z,0,18.51,0
2026-01-10T03:45:00Z,0,18.6,0
2026-01-10T04:00:00Z,0,18.3,0
2026-01-10T04:15:00Z,0,18.2,0
2026-01-10T04:30:00Z,0,17.8,0
2026-01-10T04:45:00Z,0,18.1,0
2026-01-10T05:00:00Z,0,17.8,0
2026-01-10T05:15:00Z,0,17.6,0
2026-01-10T05:30:00Z,0,18.19,0
2026-01-10T05:45:00Z,0,19.19,0
2026-01-10T06:00:00Z,0,19.5,0
2026-01-10T06:15:00Z,3.56,19.4,0
2026-01-10T06:30:00Z,18.33,19,0
2026-01-10T06:45:00Z,36.1,19.4,0
2026-01-10T07:00:00Z,81.5,20.59,0
2026-01-10T07:15:00Z,102.6,21.09,0
2026-01-10T07:30:00Z,153.6,21.5,0
2026-01-10T07:45:00Z,176.7,21.8,0
2026-01-10T08:00:00Z,251.7,22.39,0
2026-01-10T08:15:00Z,312.5,22.89,0
2026-01-10T08:30:00Z,336.9,22.9,0
2026-01-10T08:45:00Z,363.6,23.3,0
2026-01-10T09:00:00Z,464.9,23.79,0
2026-01-10T09:15:00Z,537.9,24,0
2026-01-10T09:30:00Z,587.6,24.3,0
2026-01-10T09:45:00Z,628.9,24.6,0
2026-01-10T10:00:00Z,682.5,24.6,0
2026-01-10T10:15:00Z,725.5,24.8,0
2026-01-10T10:30:00Z,736.5,24.8,0
2026-01-10T10:45:00Z,865,25.2,0
2026-01-10T11:00:00Z,841,25.5,0
2026-01-10T11:15:00Z,974,25.7,0
2026-01-10T11:30:00Z,1037,26.29,0
2026-01-10T11:45:00Z,929,26.3,0
2026-01-10T12:00:00Z,959,26.5,0
2026-01-10T12:15:00Z,1025,26.5,0
2026-01-10T12:30:00Z,1111,26.9,0
2026-01-10T12:45:00Z,1028,26.8,0
2026-01-10T13:00:00Z,831,26.7,0
2026-01-10T13:15:00Z,1054,27.1,0
2026-01-10T13:30:00Z,1043,27.3,0
2026-01-10T13:45:00Z,866,27.5,0
2026-01-10T14:00:00Z,909,27.9,0
2026-01-10T14:15:00Z,796.9,27.5,0
2026-01-10T14:30:00Z,879,27.9,0
2026-01-10T14:45:00Z,869,28,0
2026-01-10T15:00:00Z,859,28.3,0
2026-01-10T15:15:00Z,541.6,27.71,0
2026-01-10T15:30:00Z,800,28.39,0
2026-01-10T15:45:00Z,755.1,28.7,0
2026-01-10T16:00:00Z,398.2,27.81,0
2026-01-10T16:15:00Z,377.5,28.1,0
2026-01-10T16:30:00Z,229.8,27.31,0
2026-01-10T16:45:00Z,273.6,27.89,0
2026-01-10T17:00:00Z,331.9,27.41,0
2026-01-10T17:15:00Z,184.8,27.4,0
2026-01-10T17:30:00Z,73.73,26.31,0
2026-01-10T17:45:00Z,234.7,26.3,0
2026-01-10T18:00:00Z,33.28,25.31,0
2026-01-10T18:15:00Z,17.06,25.2,0
2026-01-10T18:30:00Z,12.94,24.51,0
2026-01-10T18:45:00Z,10.03,23.81,0
2026-01-10T19:00:00Z,2.979,23.7,0
2026-01-10T19:15:00Z,0.032,23.6,0
2026-01-10T19:30:00Z,0,23.01,0
2026-01-10T19:45:00Z,0,22.51,0
2026-01-10T20:00:00Z,0,21.21,0
2026-01-10T20:15:00Z,0,21.2,0
2026-01-10T20:30:00Z,0,20.9,0
2026-01-10T20:45:00Z,0,20.9,0
2026-01-10T21:00:00Z,0,20.7,0
2026-01-10T21:15:00Z,0,20.4,0
2026-01-10T21:30:00Z,0,20.89,0
2026-01-10T21:45:00Z,0,20.5,0
2026-01-10T22:00:00Z,0,20.3,0
2026-01-10T22:15:00Z,0,20.1,0
2026-01-10T22:30:00Z,0,19.9,0
2026-01-10T22:45:00Z,0,20,0
2026-01-10T23:00:00Z,0,20.3,0
2026-01-10T23:15:00Z,0,20.7,0
2026-01-10T23:30:00Z,0,20.9,0
2026-01-10T23:45:00Z,0,20.31,0
2026-01-11T00:00:00Z,0,20.4,0
2026-01-11T00:15:00Z,0,20.2,0
2026-01-11T00:30:00Z,0,19.9,0
2026-01-11T00:45:00Z,0,20.2,0
2026-01-11T01:00:00Z,0,20.3,0
2026-01-11T01:15:00Z,0,20.5,0
2026-01-11T01:30:00Z,0,20.7,0
2026-01-11T01:45:00Z,0,20.6,0
2026-01-11T02:00:00Z,0,20.3,0
2026-01-11T02:15:00Z,0,20.4,0
2026-01-11T02:30:00Z,0,20.3,0
2026-01-11T02:45:00Z,0,20.4,0
2026-01-11T03:00:00Z,0,20.3,0
2026-01-11T03:15:00Z,0,20.2,0
2026-01-11T03:30:00Z,0,20.1,0
2026-01-11T03:45:00Z,0,20.1,0
2026-01-11T04:00:00Z,0,19.61,0
2026-01-11T04:15:00Z,0,19.4,0
2026-01-11T04:30:00Z,0,18.91,0
2026-01-11T04:45:00Z,0,18.5,0
2026-01-11T05:00:00Z,0,18.4,0
2026-01-11T05:15:00Z,0,18.1,0
2026-01-11T05:30:00Z,0,18.1,0
2026-01-11T05:45:00Z,0,18.1,0
2026-01-11T06:00:00Z,0,18,0
2026-01-11T06:15:00Z,3.362,18.2,0
2026-01-11T06:30:00Z,12.89,18.79,0
2026-01-11T06:45:00Z,21.31,19.39,0
2026-01-11T07:00:00Z,70.05,20.69,0
2026-01-11T07:15:00Z,100.7,21.39,0
2026-01-11T07:30:00Z,123,21.99,0
2026-01-11T07:45:00Z,164.6,22.2,0
2026-01-11T08:00:00Z,211,22.5,0
2026-01-11T08:15:00Z,263,22.6,0
2026-01-11T08:30:00Z,321.7,22.9,0
2026-01-11T08:45:00Z,384.6,23,0
2026-01-11T09:00:00Z,447.6,23.3,0
2026-01-11T09:15:00Z,513.6,23.4,0
2026-01-11T09:30:00Z,569.6,24.09,0
2026-01-11T09:45:00Z,603.5,24.3,0
2026-01-11T10:00:00Z,657.4,24.3,0
2026-01-11T10:15:00Z,728.9,24.89,0
2026-01-11T10:30:00Z,778.3,24.9,0
2026-01-11T10:45:00Z,782.9,25.2,0
2026-01-11T11:00:00Z,825,25.3,0
2026-01-11T11:15:00Z,944,26.09,0
2026-01-11T11:30:00Z,878,26.2,0
2026-01-11T11:45:00Z,1061,26.69,0
2026-01-11T12:00:00Z,1054,26.4,0
2026-01-11T12:15:00Z,487.5,25.11,0
2026-01-11T12:30:00Z,514.5,25.4,0
2026-01-11T12:45:00Z,1210,26.78,0
2026-01-11T13:00:00Z,656.5,26.4,0
2026-01-11T13:15:00Z,606.2,26.1,0
2026-01-11T13:30:00Z,1196,27.19,0
2026-01-11T13:45:00Z,1082,27.5,0
2026-01-11T14:00:00Z,483.1,26.81,0
2026-01-11T14:15:00Z,131.2,25.42,90.8
2026-01-11T14:30:00Z,87,19.17,758
2026-01-11T14:45:00Z,133.9,18.41,452.4
2026-01-11T15:00:00Z,106.8,18.6,363.1
2026-01-11T15:15:00Z,93.7,18.8,0
2026-01-11T15:30:00Z,49.89,20.09,0
2026-01-11T15:45:00Z,34.37,20.3,30.26
2026-01-11T16:00:00Z,52.89,20.3,0
2026-01-11T16:15:00Z,230.3,20.5,0
2026-01-11T16:30:00Z,422.4,21.49,0
2026-01-11T16:45:00Z,341.4,22.59,0
2026-01-11T17:00:00Z,433.5,23.89,0
2026-01-11T17:15:00Z,287.9,24.49,0
2026-01-11T17:30:00Z,100.2,24.7,0
2026-01-11T17:45:00Z,252.4,25.19,0
2026-01-11T18:00:00Z,229.2,26.29,0
2026-01-11T18:15:00Z,175.6,26.4,0
2026-01-11T18:30:00Z,76.31,25.81,0
2026-01-11T18:45:00Z,27.24,24.81,0
2026-01-11T19:00:00Z,6.626,23.12,0
2026-01-11T19:15:00Z,0.071,22.21,0
2026-01-11T19:30:00Z,0,21.71,0
2026-01-11T19:45:00Z,0,21.4,0
2026-01-11T20:00:00Z,0,20.81,0
2026-01-11T20:15:00Z,0,20.5,0
2026-01-11T20:30:00Z,0,19.91,0
2026-01-11T20:45:00Z,0,19.6,0
2026-01-11T21:00:00Z,0,19.5,0
2026-01-11T21:15:00Z,0,19.5,0
2026-01-11T21:30:00Z,0,19.4,0
2026-01-11T21:45:00Z,0,19.3,0
2026-01-11T22:00:00Z,0,19.1,0
2026-01-11T22:15:00Z,0,18.9,0
2026-01-11T22:30:00Z,0,18.8,0
2026-01-11T22:45:00Z,0,19,0
2026-01-11T23:00:00Z,0,19.79,0
2026-01-11T23:15:00Z,0,19.7,0
2026-01-11T23:30:00Z,0,19.21,0
2026-01-11T23:45:00Z,0,19,0
2026-01-12T00:00:00Z,0,18.8,0
2026-01-12T00:15:00Z,0,18.6,0
2026-01-12T00:30:00Z,0,18.6,0
2026-01-12T00:45:00Z,0,18.4,0
2026-01-12T01:00:00Z,0,18.1,0
2026-01-12T01:15:00Z,0,17.9,0
2026-01-12T01:30:00Z,0,18.59,0
2026-01-12T01:45:00Z,0,18.9,0
2026-01-12T02:00:00Z,0,18.9,0
2026-01-12T02:15:00Z,0,19,0
2026-01-12T02:30:00Z,0,19.2,0
2026-01-12T02:45:00Z,0,19.1,0
2026-01-12T03:00:00Z,0,19.1,0
2026-01-12T03:15:00Z,0,19.4,0
2026-01-12T03:30:00Z,0,18.81,0
2026-01-12T03:45:00Z,0,18.5,0
2026-01-12T04:00:00Z,0,18.99,0
2026-01-12T04:15:00Z,0,19,0
2026-01-12T04:30:00Z,0,19.2,0
2026-01-12T04:45:00Z,0,19.2,0
2026-01-12T05:00:00Z,0,19.3,0
2026-01-12T05:15:00Z,0,18.81,0
2026-01-12T05:30:00Z,0,18.4,0
2026-01-12T05:45:00Z,0,18.3,0
2026-01-12T06:00:00Z,0,18.1,0
2026-01-12T06:15:00Z,0,18.4,0
2026-01-12T06:30:00Z,1.681,18.3,0
2026-01-12T06:45:00Z,13.37,18.2,0
2026-01-12T07:00:00Z,11.52,18.1,0
2026-01-12T07:15:00Z,16.25,18.2,0
2026-01-12T07:30:00Z,76.62,18.3,0
2026-01-12T07:45:00Z,173.4,19.39,0
2026-01-12T08:00:00Z,168.9,19.8,0
2026-01-12T08:15:00Z,247.2,20.59,0
2026-01-12T08:30:00Z,311.4,21,0
2026-01-12T08:45:00Z,364.6,21.49,0
2026-01-12T09:00:00Z,423.1,22.29,0
2026-01-12T09:15:00Z,418.9,22.7,0
2026-01-12T09:30:00Z,504.8,23.19,0
2026-01-12T09:45:00Z,391.8,22.8,0
2026-01-12T10:00:00Z,170.4,22.4,0
2026-01-12T10:15:00Z,164.1,22.1,0
2026-01-12T10:30:00Z,153.9,22.2,0
2026-01-12T10:45:00Z,194,22.3,0
2026-01-12T11:00:00Z,270.7,22.3,0
2026-01-12T11:15:00Z,406.9,22.7,0
2026-01-12T11:30:00Z,988,23.99,0
2026-01-12T11:45:00Z,919,24.49,0
2026-01-12T12:00:00Z,774.9,24.9,0
2026-01-12T12:15:00Z,331.5,24.21,0
2026-01-12T12:30:00Z,375.5,24.2,0
2026-01-12T12:45:00Z,420.2,24.1,0
2026-01-12T13:00:00Z,453.2,24.2,0
2026-01-12T13:15:00Z,481.9,24.3,0
2026-01-12T13:30:00Z,458.3,24.4,0
2026-01-12T13:45:00Z,276.7,24.3,0
2026-01-12T14:00:00Z,253.7,24.3,0
2026-01-12T14:15:00Z,217.7,23.81,0
2026-01-12T14:30:00Z,136.7,23.31,0
2026-01-12T14:45:00Z,188,23.4,0
2026-01-12T15:00:00Z,167.4,23.2,0
2026-01-12T15:15:00Z,207.5,22.71,0
2026-01-12T15:30:00Z,339.2,22.4,0
2026-01-12T15:45:00Z,510.8,21.61,0
2026-01-12T16:00:00Z,255.5,21.2,0
2026-01-12T16:15:00Z,226.3,21.69,0
2026-01-12T16:30:00Z,279.3,21.9,0
2026-01-12T16:45:00Z,267.3,22.2,0
2026-01-12T17:00:00Z,187.3,22.3,0
2026-01-12T17:15:00Z,244.8,22.6,0
2026-01-12T17:30:00Z,299.6,22.9,0
2026-01-12T17:45:00Z,179.2,22.8,0
2026-01-12T18:00:00Z,124.3,22.8,0
2026-01-12T18:15:00Z,94.9,22.6,0
2026-01-12T18:30:00Z,53.56,22.4,0
2026-01-12T18:45:00Z,23.14,22.1,0
2026-01-12T19:00:00Z,4.209,21.61,0
2026-01-12T19:15:00Z,0.044,21.2,0
2026-01-12T19:30:00Z,0,20.71,0
2026-01-12T19:45:00Z,0,20.5,0
2026-01-12T20:00:00Z,0,20.4,0
2026-01-12T20:15:00Z,0,20.2,0
2026-01-12T20:30:00Z,0,19.9,0
2026-01-12T20:45:00Z,0,20,0
2026-01-12T21:00:00Z,0,20.1,0
2026-01-12T21:15:00Z,0,19.9,0
2026-01-12T21:30:00Z,0,19.6,0
2026-01-12T21:45:00Z,0,19.01,0
2026-01-12T22:00:00Z,0,17.32,151.3
2026-01-12T22:15:00Z,0,16.81,60.52
2026-01-12T22:30:00Z,0,16.9,60.52
2026-01-12T22:45:00Z,0,16.9,30.26
2026-01-12T23:00:00Z,0,17.3,0
2026-01-12T23:15:00Z,0,17.89,0
2026-01-12T23:30:00Z,0,18,0
2026-01-12T23:45:00Z,0,17.9,0
2026-01-13T00:00:00Z,0,17.6,0
2026-01-13T00:15:00Z,0,17.4,0
2026-01-13T00:30:00Z,0,17.3,0
2026-01-13T00:45:00Z,0,17.4,0
2026-01-13T01:00:00Z,0,17.6,0
2026-01-13T01:15:00Z,0,17.7,0
2026-01-13T01:30:00Z,0,18,0
2026-01-13T01:45:00Z,0,18,0
2026-01-13T02:00:00Z,0,18.4,0
2026-01-13T02:15:00Z,0,18.3,0
2026-01-13T02:30:00Z,0,18.2,0
2026-01-13T02:45:00Z,0,18.1,0
2026-01-13T03:00:00Z,0,18.4,0
2026-01-13T03:15:00Z,0,17.81,0
2026-01-13T03:30:00Z,0,17.7,0
2026-01-13T03:45:00Z,0,17.5,0
2026-01-13T04:00:00Z,0,17.3,0
2026-01-13T04:15:00Z,0,17.3,0
2026-01-13T04:30:00Z,0,17.2,0
2026-01-13T04:45:00Z,0,17.4,0
2026-01-13T05:00:00Z,0,17.6,0
2026-01-13T05:15:00Z,0,17.7,0
2026-01-13T05:30:00Z,0,17.6,0
2026-01-13T05:45:00Z,0,17.5,0
2026-01-13T06:00:00Z,0,17.5,0
2026-01-13T06:15:00Z,0.791,17.5,0
2026-01-13T06:30:00Z,12.96,18.19,0
2026-01-13T06:45:00Z,29.32,18.99,0
2026-01-13T07:00:00Z,54.72,18.8,0
2026-01-13T07:15:00Z,85.6,18.9,0
2026-01-13T07:30:00Z,116.9,19.39,0
2026-01-13T07:45:00Z,159.2,20.19,0
2026-01-13T08:00:00Z,190.4,20.79,0
2026-01-13T08:15:00Z,222.6,21.49,0
2026-01-13T08:30:00Z,388.1,22.79,0
2026-01-13T08:45:00Z,336.7,23.39,0
2026-01-13T09:00:00Z,476.3,23.89,0
2026-01-13T09:15:00Z,507.8,25.38,0
2026-01-13T09:30:00Z,562.1,25.99,0
2026-01-13T09:45:00Z,650.6,26.3,0
2026-01-13T10:00:00Z,566.2,26.2,0
2026-01-13T10:15:00Z,560.5,26,0
2026-01-13T10:30:00Z,622.7,26.1,0
2026-01-13T10:45:00Z,709,26.3,0
2026-01-13T11:00:00Z,965,26.99,0
2026-01-13T11:15:00Z,753.7,25.91,0
2026-01-13T11:30:00Z,822,26.2,0
2026-01-13T11:45:00Z,552.6,26.3,0
2026-01-13T12:00:00Z,292.4,26.4,0
2026-01-13T12:15:00Z,253.6,26,0
2026-01-13T12:30:00Z,387,26.3,0
2026-01-13T12:45:00Z,280.7,25.71,0
2026-01-13T13:00:00Z,192.2,24.91,0
2026-01-13T13:15:00Z,148.6,24.7,0
2026-01-13T13:30:00Z,135.1,24.8,0
2026-01-13T13:45:00Z,47.19,23.22,0
2026-01-13T14:00:00Z,15.64,16.18,121
2026-01-13T14:15:00Z,45.16,16.5,211.8
2026-01-13T14:30:00Z,50.54,17.29,0
2026-01-13T14:45:00Z,71.86,17.89,30.26
2026-01-13T15:00:00Z,107,17.11,0
2026-01-13T15:15:00Z,130.4,17.99,0
2026-01-13T15:30:00Z,168.5,19.38,0
2026-01-13T15:45:00Z,203.2,20.39,0
2026-01-13T16:00:00Z,176.6,21.19,0
2026-01-13T16:15:00Z,199.8,21.69,0
2026-01-13T16:30:00Z,201.3,21.21,0
2026-01-13T16:45:00Z,187.8,20.71,0
2026-01-13T17:00:00Z,180.9,21.29,0
2026-01-13T17:15:00Z,158,21.7,0
2026-01-13T17:30:00Z,140.6,21.3,0
2026-01-13T17:45:00Z,134.1,21.4,0
2026-01-13T18:00:00Z,124.4,21.89,0
2026-01-13T18:15:00Z,108.3,22.59,0
2026-01-13T18:30:00Z,76.95,22.9,0
2026-01-13T18:45:00Z,80.1,23.3,0
2026-01-13T19:00:00Z,14.24,22.9,0
2026-01-13T19:15:00Z,0.15,22.41,0
2026-01-13T19:30:00Z,0,21.81,0
2026-01-13T19:45:00Z,0,21.8,0
2026-01-13T20:00:00Z,0,21.5,0
2026-01-13T20:15:00Z,0,21.01,0
2026-01-13T20:30:00Z,0,21.59,0
2026-01-13T20:45:00Z,0,21.7,0
2026-01-13T21:00:00Z,0,21.11,0
2026-01-13T21:15:00Z,0,20.9,0
2026-01-13T21:30:00Z,0,20.6,0
2026-01-13T21:45:00Z,0,20.11,0
2026-01-13T22:00:00Z,0,20.2,0
2026-01-13T22:15:00Z,0,20.4,0
2026-01-13T22:30:00Z,0,21.39,0
2026-01-13T22:45:00Z,0,21.5,0
2026-01-13T23:00:00Z,0,21.2,0
2026-01-13T23:15:00Z,0,21.3,0
2026-01-13T23:30:00Z,0,21,0
2026-01-13T23:45:00Z,0,20.21,0
2026-01-14T00:00:00Z,0,20.3,0
2026-01-14T00:15:00Z,0,19.9,0
2026-01-14T00:30:00Z,0,20.49,0
2026-01-14T00:45:00Z,0,20.3,0
2026-01-14T01:00:00Z,0,20,0
2026-01-14T01:15:00Z,0,19.9,0
2026-01-14T01:30:00Z,0,19.9,0
2026-01-14T01:45:00Z,0,20,0
2026-01-14T02:00:00Z,0,20.89,0
2026-01-14T02:15:00Z,0,21,0
2026-01-14T02:30:00Z,0,20.51,0
2026-01-14T02:45:00Z,0,20.4,0
2026-01-14T03:00:00Z,0,20.5,0
2026-01-14T03:15:00Z,0,20.9,0
2026-01-14T03:30:00Z,0,20.8,0
2026-01-14T03:45:00Z,0,20.6,0
2026-01-14T04:00:00Z,0,20.4,0
2026-01-14T04:15:00Z,0,20.1,0
2026-01-14T04:30:00Z,0,20.2,0
2026-01-14T04:45:00Z,0,20.5,0
2026-01-14T05:00:00Z,0,20.4,0
2026-01-14T05:15:00Z,0,20.5,0
2026-01-14T05:30:00Z,0,20.5,0
2026-01-14T05:45:00Z,0,20.01,0
2026-01-14T06:00:00Z,0,18.91,0
2026-01-14T06:15:00Z,0.099,19.1,0
2026-01-14T06:30:00Z,13.55,19.69,0
2026-01-14T06:45:00Z,36.05,20.1,0
2026-01-14T07:00:00Z,77.34,21.29,0
2026-01-14T07:15:00Z,101.3,21.89,0
2026-01-14T07:30:00Z,99.7,21.41,0
2026-01-14T07:45:00Z,152.2,21.4,0
2026-01-14T08:00:00Z,151.3,21.8,0
2026-01-14T08:15:00Z,171,21.9,0
2026-01-14T08:30:00Z,286.1,22.59,0
2026-01-14T08:45:00Z,231.2,22.6,0
2026-01-14T09:00:00Z,259.1,22.8,0
2026-01-14T09:15:00Z,510.4,23.79,0
2026-01-14T09:30:00Z,500.4,23.8,0
2026-01-14T09:45:00Z,388.6,23.6,0
2026-01-14T10:00:00Z,512.3,24,0
2026-01-14T10:15:00Z,669.5,24.59,0
2026-01-14T10:30:00Z,664.9,24.7,0
2026-01-14T10:45:00Z,737.4,24.9,0
2026-01-14T11:00:00Z,767.5,25.2,0
2026-01-14T11:15:00Z,751.2,25.2,0
2026-01-14T11:30:00Z,824,25.69,0
2026-01-14T11:45:00Z,693.1,25.7,0
2026-01-14T12:00:00Z,806,25.9,0
2026-01-14T12:15:00Z,900,26,0
2026-01-14T12:30:00Z,952,26.4,0
2026-01-14T12:45:00Z,1001,26.7,0
2026-01-14T13:00:00Z,1033,27,0
2026-01-14T13:15:00Z,880,26.9,0
2026-01-14T13:30:00Z,813,27,0
2026-01-14T13:45:00Z,675,27.2,0
2026-01-14T14:00:00Z,356.7,26.41,0
2026-01-14T14:15:00Z,313.8,26.3,0
2026-01-14T14:30:00Z,312.8,26.1,0
2026-01-14T14:45:00Z,355.6,25.9,0
2026-01-14T15:00:00Z,519.7,26.1,0
2026-01-14T15:15:00Z,471.3,26.4,0
2026-01-14T15:30:00Z,274.1,25.61,0
2026-01-14T15:45:00Z,534.4,26.29,0
2026-01-14T16:00:00Z,174.4,25.81,0
2026-01-14T16:15:00Z,284.6,25.5,0
2026-01-14T16:30:00Z,664.9,26.49,0
2026-01-14T16:45:00Z,543.4,26.5,0
2026-01-14T17:00:00Z,535.7,26.7,0
2026-01-14T17:15:00Z,373.8,26.4,0
2026-01-14T17:30:00Z,325,26.3,0
2026-01-14T17:45:00Z,238,26.2,0
2026-01-14T18:00:00Z,181.4,25.9,0
2026-01-14T18:15:00Z,173.4,25.9,0
2026-01-14T18:30:00Z,73.52,25.31,0
2026-01-14T18:45:00Z,23.25,24.61,0
2026-01-14T19:00:00Z,4.801,24.01,0
2026-01-14T19:15:00Z,0.051,23.21,0
2026-01-14T19:30:00Z,0,22.21,0
2026-01-14T19:45:00Z,0,21.71,0
2026-01-14T20:00:00Z,0,21.3,0
2026-01-14T20:15:00Z,0,21,0
2026-01-14T20:30:00Z,0,20.6,0
2026-01-14T20:45:00Z,0,20.2,0
2026-01-14T21:00:00Z,0,20.2,0
2026-01-14T21:15:00Z,0,20.2,0
2026-01-14T21:30:00Z,0,20,0
2026-01-14T21:45:00Z,0,20,0
2026-01-14T22:00:00Z,0,19.9,0
2026-01-14T22:15:00Z,0,19.9,0
2026-01-14T22:30:00Z,0,19.8,0
2026-01-14T22:45:00Z,0,19.8,0
2026-01-14T23:00:00Z,0,19.7,0
2026-01-14T23:15:00Z,0,20.19,0
2026-01-14T23:30:00Z,0,19.9,0
2026-01-14T23:45:00Z,0,19.9,0
2026-01-15T00:00:00Z,0,19.7,0
2026-01-15T00:15:00Z,0,20,0
2026-01-15T00:30:00Z,0,20.2,0
2026-01-15T00:45:00Z,0,20.2,0
2026-01-15T01:00:00Z,0,20.1,0
2026-01-15T01:15:00Z,0,20.2,0
2026-01-15T01:30:00Z,0,20,0
2026-01-15T01:45:00Z,0,19.9,0
2026-01-15T02:00:00Z,0,19.9,0
2026-01-15T02:15:00Z,0,19.8,0
2026-01-15T02:30:00Z,0,20,0
2026-01-15T02:45:00Z,0,19.7,0
2026-01-15T03:00:00Z,0,19.5,0
2026-01-15T03:15:00Z,0,19.1,0
2026-01-15T03:30:00Z,0,18.31,0
2026-01-15T03:45:00Z,0,17.81,0
2026-01-15T04:00:00Z,0,18.1,0
2026-01-15T04:15:00Z,0,18.69,0
2026-01-15T04:30:00Z,0,18.9,0
2026-01-15T04:45:00Z,0,18.8,0
2026-01-15T05:00:00Z,0,18.4,0
2026-01-15T05:15:00Z,0,18.5,0
2026-01-15T05:30:00Z,0,18.5,0
2026-01-15T05:45:00Z,0,18.4,0
2026-01-15T06:00:00Z,0,18.6,0
2026-01-15T06:15:00Z,0,19,0
2026-01-15T06:30:00Z,7.713,19.49,0
2026-01-15T06:45:00Z,17,20.09,0
2026-01-15T07:00:00Z,50.23,21.09,0
2026-01-15T07:15:00Z,82.7,21.89,0
2026-01-15T07:30:00Z,118,22.2,0
2026-01-15T07:45:00Z,156.1,22.4,0
2026-01-15T08:00:00Z,201.1,22.5,0
2026-01-15T08:15:00Z,258.6,22.8,0
2026-01-15T08:30:00Z,305.1,23.1,0
2026-01-15T08:45:00Z,371.8,23.5,0
2026-01-15T09:00:00Z,430.7,23.9,0
2026-01-15T09:15:00Z,490.6,24.2,0
2026-01-15T09:30:00Z,547.1,24.69,0
2026-01-15T09:45:00Z,601.3,25.1,0
2026-01-15T10:00:00Z,661.5,25.59,0
2026-01-15T10:15:00Z,593.4,25.4,0
2026-01-15T10:30:00Z,813,25.99,0
2026-01-15T10:45:00Z,794.1,25.9,0
2026-01-15T11:00:00Z,915,26.3,0
2026-01-15T11:15:00Z,957,26.89,0
2026-01-15T11:30:00Z,497.4,26.21,0
2026-01-15T11:45:00Z,554.2,26.1,0
2026-01-15T12:00:00Z,344.9,26,0
2026-01-15T12:15:00Z,347.1,25.7,0
2026-01-15T12:30:00Z,362,25.7,0
2026-01-15T12:45:00Z,255.9,25.4,0
2026-01-15T13:00:00Z,448.2,25.6,0
2026-01-15T13:15:00Z,380.3,25.5,0
2026-01-15T13:30:00Z,395.6,25.8,0
2026-01-15T13:45:00Z,397.6,25.9,0
2026-01-15T14:00:00Z,454.4,26.49,0
2026-01-15T14:15:00Z,331.3,25.91,0
2026-01-15T14:30:00Z,605.2,27.19,0
2026-01-15T14:45:00Z,277.4,26.51,0
2026-01-15T15:00:00Z,177.9,26.5,0
2026-01-15T15:15:00Z,165.1,26.2,0
2026-01-15T15:30:00Z,265.4,24.52,0
2026-01-15T15:45:00Z,138.6,24.01,0
2026-01-15T16:00:00Z,336.9,24.1,0
2026-01-15T16:15:00Z,331.8,24.69,0
2026-01-15T16:30:00Z,237.6,25,0
2026-01-15T16:45:00Z,161.9,25.2,0
2026-01-15T17:00:00Z,190.1,25.2,0
2026-01-15T17:15:00Z,290.3,25.6,0
2026-01-15T17:30:00Z,283.3,26.19,0
2026-01-15T17:45:00Z,251.8,26.5,0
2026-01-15T18:00:00Z,103,25.71,0
2026-01-15T18:15:00Z,69.36,25.21,0
2026-01-15T18:30:00Z,61.58,24.9,0
2026-01-15T18:45:00Z,23.92,24.5,0
2026-01-15T19:00:00Z,5.304,23.51,0
2026-01-15T19:15:00Z,0.057,22.41,0
2026-01-15T19:30:00Z,0,21.41,0
2026-01-15T19:45:00Z,0,21.1,0
2026-01-15T20:00:00Z,0,20.7,0
2026-01-15T20:15:00Z,0,20.3,0
2026-01-15T20:30:00Z,0,20.79,0
2026-01-15T20:45:00Z,0,20.9,0
2026-01-15T21:00:00Z,0,20.7,0
2026-01-15T21:15:00Z,0,20.8,0
2026-01-15T21:30:00Z,0,20.01,0
2026-01-15T21:45:00Z,0,19.41,0
2026-01-15T22:00:00Z,0,19.4,0
2026-01-15T22:15:00Z,0,19.4,0
2026-01-15T22:30:00Z,0,19.1,0
2026-01-15T22:45:00Z,0,19.2,0
2026-01-15T23:00:00Z,0,19.4,0
2026-01-15T23:15:00Z,0,18.81,0
2026-01-15T23:30:00Z,0,18.7,0
2026-01-15T23:45:00Z,0,19.59,0
2026-01-16T00:00:00Z,0,20.39,0
2026-01-16T00:15:00Z,0,20.5,0
2026-01-16T00:30:00Z,0,20.9,0
2026-01-16T00:45:00Z,0,21.1,0
2026-01-16T01:00:00Z,0,21.1,0
2026-01-16T01:15:00Z,0,20.7,0
2026-01-16T01:30:00Z,0,20.4,0
2026-01-16T01:45:00Z,0,20.2,0
2026-01-16T02:00:00Z,0,20.1,0
2026-01-16T02:15:00Z,0,20.2,0
2026-01-16T02:30:00Z,0,19.8,0
2026-01-16T02:45:00Z,0,19.8,0
2026-01-16T03:00:00Z,0,19.5,0
2026-01-16T03:15:00Z,0,18.81,0
2026-01-16T03:30:00Z,0,18.9,0
2026-01-16T03:45:00Z,0,19.89,0
2026-01-16T04:00:00Z,0,18.71,0
2026-01-16T04:15:00Z,0,18.01,0
2026-01-16T04:30:00Z,0,17.41,0
2026-01-16T04:45:00Z,0,16.91,0
2026-01-16T05:00:00Z,0,17.69,0
2026-01-16T05:15:00Z,0,17.8,0
2026-01-16T05:30:00Z,0,18.1,0
2026-01-16T05:45:00Z,0,17.51,0
2026-01-16T06:00:00Z,0,16.81,0
2026-01-16T06:15:00Z,0.692,16.11,0
2026-01-16T06:30:00Z,11.18,16.3,0
2026-01-16T06:45:00Z,18.32,16.1,0
2026-01-16T07:00:00Z,55.88,18.67,0
2026-01-16T07:15:00Z,83.3,20.28,0
2026-01-16T07:30:00Z,116.9,21.09,0
2026-01-16T07:45:00Z,163.2,21.4,0
2026-01-16T08:00:00Z,160.8,21.5,0
2026-01-16T08:15:00Z,243.8,21.99,0
2026-01-16T08:30:00Z,292.6,22.2,0
2026-01-16T08:45:00Z,343.1,22.69,0
2026-01-16T09:00:00Z,354.8,23,0
2026-01-16T09:15:00Z,513.3,23.79,0
2026-01-16T09:30:00Z,583,24.2,0
2026-01-16T09:45:00Z,638,24.4,0
2026-01-16T10:00:00Z,711.2,24.6,0
2026-01-16T10:15:00Z,671.6,24.7,0
2026-01-16T10:30:00Z,817,25.39,0
2026-01-16T10:45:00Z,846,25.4,0
2026-01-16T11:00:00Z,858,25.7,0
2026-01-16T11:15:00Z,927,26.19,0
2026-01-16T11:30:00Z,795.1,25.9,0
2026-01-16T11:45:00Z,928,26.39,0
2026-01-16T12:00:00Z,993,26.5,0
2026-01-16T12:15:00Z,1036,26.9,0
2026-01-16T12:30:00Z,1087,27,0
2026-01-16T12:45:00Z,928,27.1,0
2026-01-16T13:00:00Z,976,27,0
2026-01-16T13:15:00Z,796,27.1,0
2026-01-16T13:30:00Z,675.6,26.51,0
2026-01-16T13:45:00Z,556.6,26.7,0
2026-01-16T14:00:00Z,599.6,27.19,0
2026-01-16T14:15:00Z,639,26.9,0
2026-01-16T14:30:00Z,493.6,27.69,0
2026-01-16T14:45:00Z,363.7,27.21,0
2026-01-16T15:00:00Z,805,27.79,0
2026-01-16T15:15:00Z,726.8,27.7,0
2026-01-16T15:30:00Z,859,28.29,0
2026-01-16T15:45:00Z,465.9,28,0
2026-01-16T16:00:00Z,196.2,27.31,0
2026-01-16T16:15:00Z,751.1,28.19,0
2026-01-16T16:30:00Z,308.6,27.8,0
2026-01-16T16:45:00Z,110.7,27.31,0
2026-01-16T17:00:00Z,104.1,26.71,0
2026-01-16T17:15:00Z,293.6,27,0
2026-01-16T17:30:00Z,380.8,27.49,0
2026-01-16T17:45:00Z,309.7,27.7,0
2026-01-16T18:00:00Z,167.4,27.21,0
2026-01-16T18:15:00Z,48.72,25.91,0
2026-01-16T18:30:00Z,116.7,25.31,0
2026-01-16T18:45:00Z,72.9,25,0
2026-01-16T19:00:00Z,10,24.01,0
2026-01-16T19:15:00Z,0.103,22.71,0
2026-01-16T19:30:00Z,0,21.91,0
2026-01-16T19:45:00Z,0,20.71,0
2026-01-16T20:00:00Z,0,20.6,0
2026-01-16T20:15:00Z,0,20.6,0
2026-01-16T20:30:00Z,0,20.3,0
2026-01-16T20:45:00Z,0,19.61,0
2026-01-16T21:00:00Z,0,19.8,0
2026-01-16T21:15:00Z,0,19.6,0
2026-01-16T21:30:00Z,0,19.6,0
2026-01-16T21:45:00Z,0,19.6,0
2026-01-16T22:00:00Z,0,19.5,0
2026-01-16T22:15:00Z,0,19.2,0
2026-01-16T22:30:00Z,0,19.1,0
2026-01-16T22:45:00Z,0,19.59,0
2026-01-16T23:00:00Z,0,20.29,0
2026-01-16T23:15:00Z,0,20.5,0
2026-01-16T23:30:00Z,0,19.91,0
2026-01-16T23:45:00Z,0,19.41,0
2026-01-17T00:00:00Z,0,19.3,0
2026-01-17T00:15:00Z,0,19.2,0
2026-01-17T00:30:00Z,0,19.5,0
2026-01-17T00:45:00Z,0,19.1,0
2026-01-17T01:00:00Z,0,19.2,0
2026-01-17T01:15:00Z,0,19.2,0
2026-01-17T01:30:00Z,0,18.41,0
2026-01-17T01:45:00Z,0,19.49,0
2026-01-17T02:00:00Z,0,19.8,0
2026-01-17T02:15:00Z,0,20.1,0
2026-01-17T02:30:00Z,0,20.2,0
2026-01-17T02:45:00Z,0,20,0
2026-01-17T03:00:00Z,0,20,0
2026-01-17T03:15:00Z,0,20,0
2026-01-17T03:30:00Z,0,19.6,0
2026-01-17T03:45:00Z,0,19.6,0
2026-01-17T04:00:00Z,0,19.7,0
2026-01-17T04:15:00Z,0,20.1,0
2026-01-17T04:30:00Z,0,20,0
2026-01-17T04:45:00Z,0,19.6,0
2026-01-17T05:00:00Z,0,19.6,0
2026-01-17T05:15:00Z,0,19.6,0
2026-01-17T05:30:00Z,0,19.2,0
2026-01-17T05:45:00Z,0,18.11,0
2026-01-17T06:00:00Z,0,18.69,0
2026-01-17T06:15:00Z,0,19.39,0
2026-01-17T06:30:00Z,9.1,19.4,0
2026-01-17T06:45:00Z,18,19.4,0
2026-01-17T07:00:00Z,43.51,20.39,0
2026-01-17T07:15:00Z,74.85,21.78,0
2026-01-17T07:30:00Z,111,22.39,0
2026-01-17T07:45:00Z,152.2,22.7,0
2026-01-17T08:00:00Z,198.9,22.9,0
2026-01-17T08:15:00Z,251.6,23.3,0
2026-01-17T08:30:00Z,298.8,23.7,0
2026-01-17T08:45:00Z,368.7,24.1,0
2026-01-17T09:00:00Z,424.3,24.5,0
2026-01-17T09:15:00Z,464.4,24.6,0
2026-01-17T09:30:00Z,532.8,24.8,0
2026-01-17T09:45:00Z,577.7,24.8,0
2026-01-17T10:00:00Z,636.1,25.2,0
2026-01-17T10:15:00Z,704.9,25.2,0
2026-01-17T10:30:00Z,756.4,25.69,0
2026-01-17T10:45:00Z,803,26.19,0
2026-01-17T11:00:00Z,849,26.3,0
2026-01-17T11:15:00Z,889,26.7,0
2026-01-17T11:30:00Z,926,26.9,0
2026-01-17T11:45:00Z,1007,27.1,0
2026-01-17T12:00:00Z,707.2,27.2,0
2026-01-17T12:15:00Z,792.1,27.2,0
2026-01-17T12:30:00Z,991,27.4,0
2026-01-17T12:45:00Z,421.9,27.1,0
2026-01-17T13:00:00Z,909,27.5,0
2026-01-17T13:15:00Z,385.8,26.91,0
2026-01-17T13:30:00Z,257,26.6,0
2026-01-17T13:45:00Z,924,27.09,0
2026-01-17T14:00:00Z,928,27.69,0
2026-01-17T14:15:00Z,803,27.4,0
2026-01-17T14:30:00Z,600.1,27.2,0
2026-01-17T14:45:00Z,952,27.89,0
2026-01-17T15:00:00Z,773.5,27.9,0
2026-01-17T15:15:00Z,533,27.9,0
2026-01-17T15:30:00Z,367.3,27.6,0
2026-01-17T15:45:00Z,478.4,27.6,0
2026-01-17T16:00:00Z,625.3,27.5,0
2026-01-17T16:15:00Z,378.4,27.5,0
2026-01-17T16:30:00Z,308.9,25.62,0
2026-01-17T16:45:00Z,270.4,25.11,0
2026-01-17T17:00:00Z,229.3,24.21,0
2026-01-17T17:15:00Z,470.1,24,0
2026-01-17T17:30:00Z,395.5,25.68,0
2026-01-17T17:45:00Z,254.2,26.49,0
2026-01-17T18:00:00Z,221.6,25.12,0
2026-01-17T18:15:00Z,200,25.5,0
2026-01-17T18:30:00Z,127.2,25.2,0
2026-01-17T18:45:00Z,61.23,24.71,0
2026-01-17T19:00:00Z,12.04,23.71,0
2026-01-17T19:15:00Z,0.128,23.7,0
2026-01-17T19:30:00Z,0,23.4,0
2026-01-17T19:45:00Z,0,22.81,0
2026-01-17T20:00:00Z,0,21.91,0
2026-01-17T20:15:00Z,0,21.41,0
2026-01-17T20:30:00Z,0,21.3,0
2026-01-17T20:45:00Z,0,21.1,0
2026-01-17T21:00:00Z,0,21.3,0
2026-01-17T21:15:00Z,0,21.5,0
2026-01-17T21:30:00Z,0,22.49,0
2026-01-17T21:45:00Z,0,22.3,0
2026-01-17T22:00:00Z,0,22,0
2026-01-17T22:15:00Z,0,21.8,0
2026-01-17T22:30:00Z,0,21.21,0
2026-01-17T22:45:00Z,0,20.51,0
2026-01-17T23:00:00Z,0,20.6,0
2026-01-17T23:15:00Z,0,20.2,0
2026-01-17T23:30:00Z,0,19.51,0
2026-01-17T23:45:00Z,0,19.4,0
2026-01-18T00:00:00Z,0,19.4,0
2026-01-18T00:15:00Z,0,19.3,0
2026-01-18T00:30:00Z,0,19.3,0
2026-01-18T00:45:00Z,0,18.81,0
2026-01-18T01:00:00Z,0,18.8,0
2026-01-18T01:15:00Z,0,18.6,0
2026-01-18T01:30:00Z,0,18.5,0
2026-01-18T01:45:00Z,0,18.3,0
2026-01-18T02:00:00Z,0,18.1,0
2026-01-18T02:15:00Z,0,17.8,0
2026-01-18T02:30:00Z,0,17.7,0
2026-01-18T02:45:00Z,0,17.9,0
2026-01-18T03:00:00Z,0,17.8,0
2026-01-18T03:15:00Z,0,17.4,0
2026-01-18T03:30:00Z,0,17.3,0
2026-01-18T03:45:00Z,0,17.2,0
2026-01-18T04:00:00Z,0,17.2,0
2026-01-18T04:15:00Z,0,17.3,0
2026-01-18T04:30:00Z,0,17.1,0
2026-01-18T04:45:00Z,0,17.2,0
2026-01-18T05:00:00Z,0,17.1,0
2026-01-18T05:15:00Z,0,17.3,0
2026-01-18T05:30:00Z,0,17.2,0
2026-01-18T05:45:00Z,0,17,0
2026-01-18T06:00:00Z,0,16.8,0
2026-01-18T06:15:00Z,0.297,16.6,0
2026-01-18T06:30:00Z,18.59,17.19,0
2026-01-18T06:45:00Z,33.73,18.09,0
2026-01-18T07:00:00Z,43.2,18.99,0
2026-01-18T07:15:00Z,76.23,19.69,0
2026-01-18T07:30:00Z,128.1,21.58,0
2026-01-18T07:45:00Z,175.7,21.9,0
2026-01-18T08:00:00Z,210.1,22.39,0
2026-01-18T08:15:00Z,215.6,22.99,0
2026-01-18T08:30:00Z,318.3,23.69,0
2026-01-18T08:45:00Z,381.8,24.19,0
2026-01-18T09:00:00Z,483.8,24.5,0
2026-01-18T09:15:00Z,478.4,24.6,0
2026-01-18T09:30:00Z,555.5,25.29,0
2026-01-18T09:45:00Z,589.5,25.7,0
2026-01-18T10:00:00Z,296.2,25.21,0
2026-01-18T10:15:00Z,355.1,24.9,0
2026-01-18T10:30:00Z,467,25,0
2026-01-18T10:45:00Z,475.8,25.2,0
2026-01-18T11:00:00Z,727.5,25.69,0
2026-01-18T11:15:00Z,769.3,25.7,0
2026-01-18T11:30:00Z,757.5,26,0
2026-01-18T11:45:00Z,604.8,25.8,0
2026-01-18T12:00:00Z,752.6,25.9,0
2026-01-18T12:15:00Z,1045,26.3,0
2026-01-18T12:30:00Z,995,26.79,0
2026-01-18T12:45:00Z,550.5,26.21,0
2026-01-18T13:00:00Z,869,26.6,0
2026-01-18T13:15:00Z,765.9,26.8,0
2026-01-18T13:30:00Z,691.9,26.8,0
2026-01-18T13:45:00Z,854,27,0
2026-01-18T14:00:00Z,470.4,26.51,0
2026-01-18T14:15:00Z,423.4,25.91,0
2026-01-18T14:30:00Z,574.4,26.1,0
2026-01-18T14:45:00Z,501.9,25.61,0
2026-01-18T15:00:00Z,348.2,24.41,0
2026-01-18T15:15:00Z,265.5,23.81,0
2026-01-18T15:30:00Z,128.3,23.8,0
2026-01-18T15:45:00Z,119.7,22.61,0
2026-01-18T16:00:00Z,668.8,22.7,0
2026-01-18T16:15:00Z,630.7,24.38,0
2026-01-18T16:30:00Z,443.1,24.4,0
2026-01-18T16:45:00Z,285.6,24.6,0
2026-01-18T17:00:00Z,141.1,24.2,0
2026-01-18T17:15:00Z,147.5,23.9,0
2026-01-18T17:30:00Z,112.7,23.7,0
2026-01-18T17:45:00Z,91.5,23.4,0
2026-01-18T18:00:00Z,99,23.4,0
2026-01-18T18:15:00Z,58.26,23.1,0
2026-01-18T18:30:00Z,28.73,22.8,0
2026-01-18T18:45:00Z,12.97,22.5,0
2026-01-18T19:00:00Z,2.318,22.2,0
2026-01-18T19:15:00Z,0.024,21.9,0
2026-01-18T19:30:00Z,0,21.8,0
2026-01-18T19:45:00Z,0,21.6,0
2026-01-18T20:00:00Z,0,21.3,0
2026-01-18T20:15:00Z,0,21.3,0
2026-01-18T20:30:00Z,0,21.2,0
2026-01-18T20:45:00Z,0,21.3,0
2026-01-18T21:00:00Z,0,21.2,0
2026-01-18T21:15:00Z,0,21,0
2026-01-18T21:30:00Z,0,20.6,0
2026-01-18T21:45:00Z,0,20.8,0
2026-01-18T22:00:00Z,0,20.9,0
2026-01-18T22:15:00Z,0,21.1,0
2026-01-18T22:30:00Z,0,21,0
2026-01-18T22:45:00Z,0,20.9,0
2026-01-18T23:00:00Z,0,20.8,0
2026-01-18T23:15:00Z,0,20.5,0
2026-01-18T23:30:00Z,0,20.7,0
2026-01-18T23:45:00Z,0,20.8,0
2026-01-19T00:00:00Z,0,20.6,0
2026-01-19T00:15:00Z,0,20.5,0
2026-01-19T00:30:00Z,0,20.5,0
2026-01-19T00:45:00Z,0,20.5,0
2026-01-19T01:00:00Z,0,20.2,0
2026-01-19T01:15:00Z,0,20.2,0
2026-01-19T01:30:00Z,0,20.2,0
2026-01-19T01:45:00Z,0,20.1,0
2026-01-19T02:00:00Z,0,20,0
2026-01-19T02:15:00Z,0,20,0
2026-01-19T02:30:00Z,0,19.9,0
2026-01-19T02:45:00Z,0,19.9,0
2026-01-19T03:00:00Z,0,19.9,0
2026-01-19T03:15:00Z,0,19.9,0
2026-01-19T03:30:00Z,0,20,0
2026-01-19T03:45:00Z,0,19.9,0
2026-01-19T04:00:00Z,0,19.9,0
2026-01-19T04:15:00Z,0,19.7,0
2026-01-19T04:30:00Z,0,19.4,0
2026-01-19T04:45:00Z,0,19.2,0
2026-01-19T05:00:00Z,0,19.2,0
2026-01-19T05:15:00Z,0,19.2,0
2026-01-19T05:30:00Z,0,19.3,0
2026-01-19T05:45:00Z,0,19.4,0
2026-01-19T06:00:00Z,0,19.2,0
2026-01-19T06:15:00Z,0,19.1,0
2026-01-19T06:30:00Z,7.614,19.1,0
2026-01-19T06:45:00Z,32.22,19.2,0
2026-01-19T07:00:00Z,41,19.4,0
2026-01-19T07:15:00Z,60.38,19.6,0
2026-01-19T07:30:00Z,63.17,19.9,0
2026-01-19T07:45:00Z,76.75,20.1,0
2026-01-19T08:00:00Z,150.4,20.2,0
2026-01-19T08:15:00Z,208.8,20.69,0
2026-01-19T08:30:00Z,222.4,21.19,0
2026-01-19T08:45:00Z,244.9,21.6,0
2026-01-19T09:00:00Z,307.1,22,0
2026-01-19T09:15:00Z,341.2,22.3,0
2026-01-19T09:30:00Z,230.4,22,0
2026-01-19T09:45:00Z,231.3,21.7,0
2026-01-19T10:00:00Z,335.6,21.8,0
2026-01-19T10:15:00Z,387.5,21.9,0
2026-01-19T10:30:00Z,556.7,22.59,0
2026-01-19T10:45:00Z,467.1,22.6,0
2026-01-19T11:00:00Z,423.4,22.5,0
2026-01-19T11:15:00Z,301.6,22.6,0
2026-01-19T11:30:00Z,329,22.3,0
2026-01-19T11:45:00Z,364,22.4,0
2026-01-19T12:00:00Z,292.6,22.3,0
2026-01-19T12:15:00Z,245.9,22.1,0
2026-01-19T12:30:00Z,256.4,22.1,0
2026-01-19T12:45:00Z,221.5,21.9,0
2026-01-19T13:00:00Z,226.6,22,0
2026-01-19T13:15:00Z,234.5,21.6,0
2026-01-19T13:30:00Z,135.4,21.01,0
2026-01-19T13:45:00Z,159,20.8,0
2026-01-19T14:00:00Z,185.8,20.9,0
2026-01-19T14:15:00Z,152.1,20.5,0
2026-01-19T14:30:00Z,224.2,20.5,0
2026-01-19T14:45:00Z,250.6,20.7,0
2026-01-19T15:00:00Z,528.8,21.19,0
2026-01-19T15:15:00Z,274.7,21.2,0
2026-01-19T15:30:00Z,198,20.8,0
2026-01-19T15:45:00Z,140.1,20.8,0
2026-01-19T16:00:00Z,174.5,20.4,0
2026-01-19T16:15:00Z,405.1,21.19,0
2026-01-19T16:30:00Z,297.7,21.69,0
2026-01-19T16:45:00Z,282.9,21.5,0
2026-01-19T17:00:00Z,361.2,21.3,0
2026-01-19T17:15:00Z,396.4,21.7,0
2026-01-19T17:30:00Z,318.5,22.1,0
2026-01-19T17:45:00Z,287.7,22.5,0
2026-01-19T18:00:00Z,175.6,22.4,0
2026-01-19T18:15:00Z,103.5,22,0
2026-01-19T18:30:00Z,116.3,21.9,0
2026-01-19T18:45:00Z,43.72,21.7,0
2026-01-19T19:00:00Z,10.66,21.21,0
2026-01-19T19:15:00Z,0.114,20.71,0
2026-01-19T19:30:00Z,0,20.3,0
2026-01-19T19:45:00Z,0,20,0
2026-01-19T20:00:00Z,0,19.7,0
2026-01-19T20:15:00Z,0,19.5,0
2026-01-19T20:30:00Z,0,19.2,0
2026-01-19T20:45:00Z,0,19.3,0
2026-01-19T21:00:00Z,0,19.7,0
2026-01-19T21:15:00Z,0,19.8,0
2026-01-19T21:30:00Z,0,19.8,0
2026-01-19T21:45:00Z,0,19.9,0
2026-01-19T22:00:00Z,0,19.8,0
2026-01-19T22:15:00Z,0,19.9,0
2026-01-19T22:30:00Z,0,19.8,0
2026-01-19T22:45:00Z,0,19.6,0
2026-01-19T23:00:00Z,0,19.2,0
2026-01-19T23:15:00Z,0,19,0
2026-01-19T23:30:00Z,0,18.6,0
2026-01-19T23:45:00Z,0,18.6,0
2026-01-20T00:00:00Z,0,18.2,0
2026-01-20T00:15:00Z,0,18.3,0
2026-01-20T00:30:00Z,0,18,0
2026-01-20T00:45:00Z,0,17.51,0
2026-01-20T01:00:00Z,0,18.29,0
2026-01-20T01:15:00Z,0,18.2,0
2026-01-20T01:30:00Z,0,18.2,0
2026-01-20T01:45:00Z,0,17.41,0
2026-01-20T02:00:00Z,0,17.2,0
2026-01-20T02:15:00Z,0,17.1,0
2026-01-20T02:30:00Z,0,17.2,0
2026-01-20T02:45:00Z,0,17.2,0
2026-01-20T03:00:00Z,0,16.9,0
2026-01-20T03:15:00Z,0,16.8,0
2026-01-20T03:30:00Z,0,16.9,0
2026-01-20T03:45:00Z,0,17,0
2026-01-20T04:00:00Z,0,16.9,0
2026-01-20T04:15:00Z,0,17,0
2026-01-20T04:30:00Z,0,16.8,0
2026-01-20T04:45:00Z,0,16.8,0
2026-01-20T05:00:00Z,0,16.6,0
2026-01-20T05:15:00Z,0,16.9,0
2026-01-20T05:30:00Z,0,16.8,0
2026-01-20T05:45:00Z,0,16.6,0
2026-01-20T06:00:00Z,0,16.7,0
2026-01-20T06:15:00Z,0,17,0
2026-01-20T06:30:00Z,7.021,16.8,0
2026-01-20T06:45:00Z,28.36,16.9,0
2026-01-20T07:00:00Z,48.77,17.59,0
2026-01-20T07:15:00Z,64.43,18,0
2026-01-20T07:30:00Z,87.7,18.3,0
2026-01-20T07:45:00Z,121.4,19.09,0
2026-01-20T08:00:00Z,147.6,19.79,0
2026-01-20T08:15:00Z,166.8,20.1,0
2026-01-20T08:30:00Z,183.2,20.3,0
2026-01-20T08:45:00Z,191,20.6,0
2026-01-20T09:00:00Z,189.2,20.8,0
2026-01-20T09:15:00Z,193.3,20.9,0
2026-01-20T09:30:00Z,246.6,21.1,0
2026-01-20T09:45:00Z,278.4,21.3,0
2026-01-20T10:00:00Z,285.7,21.4,0
2026-01-20T10:15:00Z,367.5,21.7,0
2026-01-20T10:30:00Z,485.3,22.1,0
2026-01-20T10:45:00Z,534.9,22.4,0
2026-01-20T11:00:00Z,519.4,22.6,0
2026-01-20T11:15:00Z,426.5,22.5,0
2026-01-20T11:30:00Z,325.7,22.4,0
2026-01-20T11:45:00Z,458.5,22.5,0
2026-01-20T12:00:00Z,553.5,22.9,0
2026-01-20T12:15:00Z,396,22.8,0
2026-01-20T12:30:00Z,567.7,23.29,0
2026-01-20T12:45:00Z,647.4,23.6,0
2026-01-20T13:00:00Z,579.6,23.4,0
2026-01-20T13:15:00Z,772.5,23.8,0
2026-01-20T13:30:00Z,832,24.2,0
2026-01-20T13:45:00Z,678.8,24.4,0
2026-01-20T14:00:00Z,376.9,23.91,0
2026-01-20T14:15:00Z,313.9,24,0
2026-01-20T14:30:00Z,233,23.8,0
2026-01-20T14:45:00Z,218.3,23.11,0
2026-01-20T15:00:00Z,233,21.81,0
2026-01-20T15:15:00Z,154.4,20.22,0
2026-01-20T15:30:00Z,160.4,20,60.52
2026-01-20T15:45:00Z,138,20.1,0
2026-01-20T16:00:00Z,148.2,19.61,0
2026-01-20T16:15:00Z,114.4,19.6,0
2026-01-20T16:30:00Z,65.54,19.4,0
2026-01-20T16:45:00Z,20.01,19.1,0
2026-01-20T17:00:00Z,9.51,18.61,60.52
2026-01-20T17:15:00Z,13.75,18.3,60.52
2026-01-20T17:30:00Z,12.42,18.2,30.26
2026-01-20T17:45:00Z,23.38,18.2,30.26
2026-01-20T18:00:00Z,42.68,18.2,60.52
2026-01-20T18:15:00Z,25.99,18.5,0
2026-01-20T18:30:00Z,14.33,18.4,0
2026-01-20T18:45:00Z,8.56,18.4,0
2026-01-20T19:00:00Z,0.094,18.3,0
2026-01-20T19:15:00Z,0,18.3,0
2026-01-20T19:30:00Z,0,18.5,0
2026-01-20T19:45:00Z,0,18.4,0
2026-01-20T20:00:00Z,0,18.4,0
2026-01-20T20:15:00Z,0,18.5,0
2026-01-20T20:30:00Z,0,18.6,0
2026-01-20T20:45:00Z,0,18.7,0
2026-01-20T21:00:00Z,0,18.7,0
2026-01-20T21:15:00Z,0,18.8,0
2026-01-20T21:30:00Z,0,18.9,0
2026-01-20T21:45:00Z,0,18.9,0
2026-01-20T22:00:00Z,0,18.7,0
2026-01-20T22:15:00Z,0,18.7,0
2026-01-20T22:30:00Z,0,18.6,0
2026-01-20T22:45:00Z,0,18.5,0
2026-01-20T23:00:00Z,0,18.4,0
2026-01-20T23:15:00Z,0,18.4,0
2026-01-20T23:30:00Z,0,18.4,0
2026-01-20T23:45:00Z,0,18.3,0
2026-01-21T00:00:00Z,0,18.2,0
2026-01-21T00:15:00Z,0,18.1,0
2026-01-21T00:30:00Z,0,18.1,0
2026-01-21T00:45:00Z,0,18.1,0
2026-01-21T01:00:00Z,0,18.1,0
2026-01-21T01:15:00Z,0,18,0
2026-01-21T01:30:00Z,0,18.1,0
2026-01-21T01:45:00Z,0,18.1,0
2026-01-21T02:00:00Z,0,18,0
2026-01-21T02:15:00Z,0,18.1,0
2026-01-21T02:30:00Z,0,18.2,0
2026-01-21T02:45:00Z,0,18.2,0
2026-01-21T03:00:00Z,0,18.2,0
2026-01-21T03:15:00Z,0,18.1,0
2026-01-21T03:30:00Z,0,18.1,0
2026-01-21T03:45:00Z,0,18.1,0
2026-01-21T04:00:00Z,0,18,0
2026-01-21T04:15:00Z,0,18,0
2026-01-21T04:30:00Z,0,17.9,0
2026-01-21T04:45:00Z,0,17.8,0
2026-01-21T05:00:00Z,0,17.7,0
2026-01-21T05:15:00Z,0,17.5,0
2026-01-21T05:30:00Z,0,17.5,0
2026-01-21T05:45:00Z,0,17.5,30.26
2026-01-21T06:00:00Z,0,17.5,0
2026-01-21T06:15:00Z,0,17.4,0
2026-01-21T06:30:00Z,0.791,17.5,0
2026-01-21T06:45:00Z,15.44,17.5,0
2026-01-21T07:00:00Z,30.63,17.7,0
2026-01-21T07:15:00Z,31.39,17.8,0
2026-01-21T07:30:00Z,51.87,17.8,0
2026-01-21T07:45:00Z,102.5,17.9,0
2026-01-21T08:00:00Z,108.5,18.1,0
2026-01-21T08:15:00Z,112.5,18.2,0
2026-01-21T08:30:00Z,189.1,18.4,0
2026-01-21T08:45:00Z,229.1,18.8,0
2026-01-21T09:00:00Z,249.8,18.9,0
2026-01-21T09:15:00Z,310.9,19.2,0
2026-01-21T09:30:00Z,451.1,19.6,0
2026-01-21T09:45:00Z,546.3,20.09,0
2026-01-21T10:00:00Z,489.2,20.4,0
2026-01-21T10:15:00Z,519.7,20.5,0
2026-01-21T10:30:00Z,711.9,20.99,0
2026-01-21T10:45:00Z,777.4,21.69,0
2026-01-21T11:00:00Z,699.3,21.5,0
2026-01-21T11:15:00Z,527.2,21.2,0
2026-01-21T11:30:00Z,493.8,21.5,0
2026-01-21T11:45:00Z,391.9,21.2,0
2026-01-21T12:00:00Z,366,21.2,0
2026-01-21T12:15:00Z,327.1,21,0
2026-01-21T12:30:00Z,277.4,21,0
2026-01-21T12:45:00Z,310.2,20.9,0
2026-01-21T13:00:00Z,325.2,21.1,0
2026-01-21T13:15:00Z,376,21.2,0
2026-01-21T13:30:00Z,344.4,21.3,0
2026-01-21T13:45:00Z,375.4,21.3,0
2026-01-21T14:00:00Z,389.1,21.6,0
2026-01-21T14:15:00Z,625.3,22.09,0
2026-01-21T14:30:00Z,921,22.69,0
2026-01-21T14:45:00Z,716.8,22.7,0
2026-01-21T15:00:00Z,901,23.29,0
2026-01-21T15:15:00Z,805,23.6,0
2026-01-21T15:30:00Z,684.8,23.2,0
2026-01-21T15:45:00Z,668,23.2,0
2026-01-21T16:00:00Z,517.9,23.1,0
2026-01-21T16:15:00Z,660.8,23.59,0
2026-01-21T16:30:00Z,650.9,23.6,0
2026-01-21T16:45:00Z,477.9,23.4,0
2026-01-21T17:00:00Z,240.8,22.81,0
2026-01-21T17:15:00Z,336.8,22.6,0
2026-01-21T17:30:00Z,136.2,21.81,0
2026-01-21T17:45:00Z,111.7,21.4,0
2026-01-21T18:00:00Z,136.4,21.6,0
2026-01-21T18:15:00Z,200.6,22,0
2026-01-21T18:30:00Z,82.1,21.7,0
2026-01-21T18:45:00Z,67.05,21.6,0
2026-01-21T19:00:00Z,6.677,21.01,0
2026-01-21T19:15:00Z,0.067,20.7,0
2026-01-21T19:30:00Z,0,20.4,0
2026-01-21T19:45:00Z,0,20.2,0
2026-01-21T20:00:00Z,0,20.79,0
2026-01-21T20:15:00Z,0,21.1,0
2026-01-21T20:30:00Z,0,21.2,0
2026-01-21T20:45:00Z,0,21,0
2026-01-21T21:00:00Z,0,20.31,0
2026-01-21T21:15:00Z,0,20,0
2026-01-21T21:30:00Z,0,19.9,0
2026-01-21T21:45:00Z,0,19.9,0
2026-01-21T22:00:00Z,0,19.9,0
2026-01-21T22:15:00Z,0,19.9,0
2026-01-21T22:30:00Z,0,20.2,0
2026-01-21T22:45:00Z,0,20.5,0
2026-01-21T23:00:00Z,0,19.61,0
2026-01-21T23:15:00Z,0,19.2,0
2026-01-21T23:30:00Z,0,19.2,0
2026-01-21T23:45:00Z,0,19.4,0
2026-01-22T00:00:00Z,0,19.5,0
2026-01-22T00:15:00Z,0,19.5,0
2026-01-22T00:30:00Z,0,19.4,0
2026-01-22T00:45:00Z,0,19.7,0
2026-01-22T01:00:00Z,0,19.8,0
2026-01-22T01:15:00Z,0,19.8,0
2026-01-22T01:30:00Z,0,19.8,0
2026-01-22T01:45:00Z,0,19.7,0
2026-01-22T02:00:00Z,0,19.6,30.26
2026-01-22T02:15:00Z,0,19.11,0
2026-01-22T02:30:00Z,0,18.7,0
2026-01-22T02:45:00Z,0,18.5,30.26
2026-01-22T03:00:00Z,0,18.5,0
2026-01-22T03:15:00Z,0,18.2,30.26
2026-01-22T03:30:00Z,0,18,0
2026-01-22T03:45:00Z,0,18,0
2026-01-22T04:00:00Z,0,18.1,0
2026-01-22T04:15:00Z,0,18.1,0
2026-01-22T04:30:00Z,0,18.2,0
2026-01-22T04:45:00Z,0,18.4,0
2026-01-22T05:00:00Z,0,18.3,0
2026-01-22T05:15:00Z,0,18.4,0
2026-01-22T05:30:00Z,0,18.4,0
2026-01-22T05:45:00Z,0,18.4,0
2026-01-22T06:00:00Z,0,18.4,0
2026-01-22T06:15:00Z,0,18.3,0
2026-01-22T06:30:00Z,0.198,18.3,0
2026-01-22T06:45:00Z,9.99,18.4,0
2026-01-22T07:00:00Z,19.3,18.6,0
2026-01-22T07:15:00Z,22.96,18.7,0
2026-01-22T07:30:00Z,46.73,18.8,0
2026-01-22T07:45:00Z,85.5,18.8,0
2026-01-22T08:00:00Z,100,19,0
2026-01-22T08:15:00Z,152.4,19.2,0
2026-01-22T08:30:00Z,147.2,19.4,0
2026-01-22T08:45:00Z,145.4,19.6,0
2026-01-22T09:00:00Z,163.6,19.7,0
2026-01-22T09:15:00Z,197.8,19.7,0
2026-01-22T09:30:00Z,224.2,19.8,0
2026-01-22T09:45:00Z,291.2,19.8,0
2026-01-22T10:00:00Z,329.6,20.1,0
2026-01-22T10:15:00Z,344.8,20.2,0
2026-01-22T10:30:00Z,329,20,0
2026-01-22T10:45:00Z,353.8,20.1,0
2026-01-22T11:00:00Z,312.2,20.4,0
2026-01-22T11:15:00Z,490.8,20.5,0
2026-01-22T11:30:00Z,771.7,21.09,0
2026-01-22T11:45:00Z,912,21.99,0
2026-01-22T12:00:00Z,1021,22.59,0
2026-01-22T12:15:00Z,719.8,22.3,0
2026-01-22T12:30:00Z,689.3,22.1,0
2026-01-22T12:45:00Z,567.1,21.01,0
2026-01-22T13:00:00Z,678.8,21.49,30.26
2026-01-22T13:15:00Z,293.6,18.63,90.8
2026-01-22T13:30:00Z,431.2,18.7,60.52
2026-01-22T13:45:00Z,523.9,19.89,0
2026-01-22T14:00:00Z,809,21.09,0
2026-01-22T14:15:00Z,702.6,21.69,0
2026-01-22T14:30:00Z,709.2,22.1,0
2026-01-22T14:45:00Z,704.9,22.2,0
2026-01-22T15:00:00Z,788.2,22.6,0
2026-01-22T15:15:00Z,821,23.59,0
2026-01-22T15:30:00Z,589.5,23.2,0
2026-01-22T15:45:00Z,472.4,23,0
2026-01-22T16:00:00Z,231.6,22.41,0
2026-01-22T16:15:00Z,142,22.1,0
2026-01-22T16:30:00Z,54.18,20.22,0
2026-01-22T16:45:00Z,29.86,19.31,60.52
2026-01-22T17:00:00Z,57.19,19.1,60.52
2026-01-22T17:15:00Z,92.6,19.1,60.52
2026-01-22T17:30:00Z,120.9,19,0
2026-01-22T17:45:00Z,107.2,19,0
2026-01-22T18:00:00Z,75.95,20.19,0
2026-01-22T18:15:00Z,37.73,20.4,0
2026-01-22T18:30:00Z,19.3,20.1,0
2026-01-22T18:45:00Z,5.058,20.1,0
2026-01-22T19:00:00Z,0.054,20.1,0
2026-01-22T19:15:00Z,0,20.1,0
2026-01-22T19:30:00Z,0,20,30.26
2026-01-22T19:45:00Z,0,19.9,0
2026-01-22T20:00:00Z,0,19.8,0
2026-01-22T20:15:00Z,0,19.7,30.26
2026-01-22T20:30:00Z,0,19.7,0
2026-01-22T20:45:00Z,0,19.21,30.26
2026-01-22T21:00:00Z,0,19.2,0
2026-01-22T21:15:00Z,0,19.1,0
2026-01-22T21:30:00Z,0,19.4,0
2026-01-22T21:45:00Z,0,19.6,0
2026-01-22T22:00:00Z,0,19.8,0
2026-01-22T22:15:00Z,0,19.8,0
2026-01-22T22:30:00Z,0,19.8,0
2026-01-22T22:45:00Z,0,19.6,0
2026-01-22T23:00:00Z,0,19.8,0
2026-01-22T23:15:00Z,0,19.6,0
2026-01-22T23:30:00Z,0,19.5,0
2026-01-22T23:45:00Z,0,19.4,0
2026-01-23T00:00:00Z,0,19.5,0
2026-01-23T00:15:00Z,0,19.6,0
2026-01-23T00:30:00Z,0,19.6,0
2026-01-23T00:45:00Z,0,19.5,0
2026-01-23T01:00:00Z,0,19.3,0
2026-01-23T01:15:00Z,0,19.2,0
2026-01-23T01:30:00Z,0,19.2,30.26
2026-01-23T01:45:00Z,0,19,0
2026-01-23T02:00:00Z,0,19,30.26
2026-01-23T02:15:00Z,0,19,0
2026-01-23T02:30:00Z,0,18.9,30.26
2026-01-23T02:45:00Z,0,18.9,0
2026-01-23T03:00:00Z,0,19,0
2026-01-23T03:15:00Z,0,18.9,0
2026-01-23T03:30:00Z,0,19,30.26
2026-01-23T03:45:00Z,0,19,0
2026-01-23T04:00:00Z,0,19,30.26
2026-01-23T04:15:00Z,0,19.1,0
2026-01-23T04:30:00Z,0,19,30.26
2026-01-23T04:45:00Z,0,19.1,0
2026-01-23T05:00:00Z,0,18.9,30.26
2026-01-23T05:15:00Z,0,19,0
2026-01-23T05:30:00Z,0,18.8,0
2026-01-23T05:45:00Z,0,18.7,0
2026-01-23T06:00:00Z,0,18.6,0
2026-01-23T06:15:00Z,0,18.6,0
2026-01-23T06:30:00Z,0,18.6,0
2026-01-23T06:45:00Z,1.78,18.5,0
2026-01-23T07:00:00Z,23.06,18.8,0
2026-01-23T07:15:00Z,67.6,18.9,0
2026-01-23T07:30:00Z,109.2,19.3,0
2026-01-23T07:45:00Z,123.7,19.6,0
2026-01-23T08:00:00Z,148.9,19.9,0
2026-01-23T08:15:00Z,165.8,20,0
2026-01-23T08:30:00Z,173.7,20,0
2026-01-23T08:45:00Z,220.4,20.2,0
2026-01-23T09:00:00Z,227.4,20.5,0
2026-01-23T09:15:00Z,258.3,20.7,0
2026-01-23T09:30:00Z,251,20.8,0
2026-01-23T09:45:00Z,163.6,20.5,0
2026-01-23T10:00:00Z,171.1,20.01,0
2026-01-23T10:15:00Z,401,20.3,0
2026-01-23T10:30:00Z,364.6,21.09,0
2026-01-23T10:45:00Z,361.3,21.3,0
2026-01-23T11:00:00Z,679.3,22.49,0
2026-01-23T11:15:00Z,694.5,22.7,0
2026-01-23T11:30:00Z,734.3,22.7,0
2026-01-23T11:45:00Z,947,23.49,0
2026-01-23T12:00:00Z,910,23.4,0
2026-01-23T12:15:00Z,734.9,23.5,0
2026-01-23T12:30:00Z,817,23.4,0
2026-01-23T12:45:00Z,977,24.09,0
2026-01-23T13:00:00Z,907,24.1,0
2026-01-23T13:15:00Z,890,24.3,0
2026-01-23T13:30:00Z,821,24.4,0
2026-01-23T13:45:00Z,545,23.61,0
2026-01-23T14:00:00Z,491.6,23.3,0
2026-01-23T14:15:00Z,333.5,21.62,30.26
2026-01-23T14:30:00Z,532,21.6,0
2026-01-23T14:45:00Z,434.8,22,0
2026-01-23T15:00:00Z,436.6,22.49,0
2026-01-23T15:15:00Z,253.4,22.8,0
2026-01-23T15:30:00Z,184.3,22.8,0
2026-01-23T15:45:00Z,115.9,22.5,0
2026-01-23T16:00:00Z,75.25,22.4,0
2026-01-23T16:15:00Z,37.82,22.3,0
2026-01-23T16:30:00Z,27.12,22.2,0
2026-01-23T16:45:00Z,8.51,20.32,60.52
2026-01-23T17:00:00Z,7.311,18.92,121
2026-01-23T17:15:00Z,13.23,18.41,60.52
2026-01-23T17:30:00Z,12.31,18.3,0
2026-01-23T17:45:00Z,10.62,18.4,30.26
2026-01-23T18:00:00Z,18.21,18.6,0
2026-01-23T18:15:00Z,14.74,18.6,0
2026-01-23T18:30:00Z,13.71,18.6,0
2026-01-23T18:45:00Z,12.02,18.7,0
2026-01-23T19:00:00Z,1.716,18.5,0
2026-01-23T19:15:00Z,0.018,18.6,0
2026-01-23T19:30:00Z,0,18.6,0
2026-01-23T19:45:00Z,0,18.6,0
2026-01-23T20:00:00Z,0,18.6,0
2026-01-23T20:15:00Z,0,18.3,0
2026-01-23T20:30:00Z,0,18.4,0
2026-01-23T20:45:00Z,0,18.6,0
2026-01-23T21:00:00Z,0,18.7,0
2026-01-23T21:15:00Z,0,18.8,0
2026-01-23T21:30:00Z,0,18.7,0
2026-01-23T21:45:00Z,0,18.7,0
2026-01-23T22:00:00Z,0,18.7,0
2026-01-23T22:15:00Z,0,18.6,0
2026-01-23T22:30:00Z,0,18.6,0
2026-01-23T22:45:00Z,0,18.5,0
2026-01-23T23:00:00Z,0,18.5,0
2026-01-23T23:15:00Z,0,18.6,0
2026-01-23T23:30:00Z,0,18.6,0
2026-01-23T23:45:00Z,0,18.7,0
2026-01-24T00:00:00Z,0,19,0
2026-01-24T00:15:00Z,0,18.9,0
2026-01-24T00:30:00Z,0,18.8,0
2026-01-24T00:45:00Z,0,18.9,0
2026-01-24T01:00:00Z,0,19,0
2026-01-24T01:15:00Z,0,19.2,0
2026-01-24T01:30:00Z,0,19.2,0
2026-01-24T01:45:00Z,0,19,0
2026-01-24T02:00:00Z,0,18.8,0
2026-01-24T02:15:00Z,0,18.8,0
2026-01-24T02:30:00Z,0,18.6,0
2026-01-24T02:45:00Z,0,18.9,0
2026-01-24T03:00:00Z,0,19.2,0
2026-01-24T03:15:00Z,0,19.2,0
2026-01-24T03:30:00Z,0,19.1,0
2026-01-24T03:45:00Z,0,19,0
2026-01-24T04:00:00Z,0,19.1,0
2026-01-24T04:15:00Z,0,19.1,0
2026-01-24T04:30:00Z,0,19.2,0
2026-01-24T04:45:00Z,0,19.4,0
2026-01-24T05:00:00Z,0,19.4,0
2026-01-24T05:15:00Z,0,19.2,0
2026-01-24T05:30:00Z,0,19.3,0
2026-01-24T05:45:00Z,0,19.4,0
2026-01-24T06:00:00Z,0,19.5,0
2026-01-24T06:15:00Z,0,19.1,0
2026-01-24T06:30:00Z,5.043,18.9,0
2026-01-24T06:45:00Z,16.27,19.2,0
2026-01-24T07:00:00Z,26.09,19.1,0
2026-01-24T07:15:00Z,42.42,19.2,0
2026-01-24T07:30:00Z,54.76,19.5,0
2026-01-24T07:45:00Z,81.1,19.8,0
2026-01-24T08:00:00Z,154.6,20.2,0
2026-01-24T08:15:00Z,176.4,20.6,0
2026-01-24T08:30:00Z,184.8,20.9,0
2026-01-24T08:45:00Z,193.2,21.2,0
2026-01-24T09:00:00Z,196.1,21.5,0
2026-01-24T09:15:00Z,222.8,21.8,0
2026-01-24T09:30:00Z,252.2,22,0
2026-01-24T09:45:00Z,267.3,22.3,0
2026-01-24T10:00:00Z,303.9,22.4,0
2026-01-24T10:15:00Z,418.5,22.8,0
2026-01-24T10:30:00Z,671.3,23.89,0
2026-01-24T10:45:00Z,703.4,24.1,0
2026-01-24T11:00:00Z,635.8,24.1,0
2026-01-24T11:15:00Z,526.2,24.1,0
2026-01-24T11:30:00Z,398.3,23.61,0
2026-01-24T11:45:00Z,531,23.9,0
2026-01-24T12:00:00Z,967,24.99,0
2026-01-24T12:15:00Z,730.9,24.9,0
2026-01-24T12:30:00Z,652.6,24.7,0
2026-01-24T12:45:00Z,852,24.8,0
2026-01-24T13:00:00Z,1138,25.49,0
2026-01-24T13:15:00Z,1090,25.5,0
2026-01-24T13:30:00Z,856,25.4,0
2026-01-24T13:45:00Z,742.6,25.2,0
2026-01-24T14:00:00Z,526,25,0
2026-01-24T14:15:00Z,757.2,25.49,0
2026-01-24T14:30:00Z,745,25.2,0
2026-01-24T14:45:00Z,497.8,25.5,0
2026-01-24T15:00:00Z,313.6,24.71,0
2026-01-24T15:15:00Z,294.2,23.61,0
2026-01-24T15:30:00Z,325.5,22.51,0
2026-01-24T15:45:00Z,343,22.8,0
2026-01-24T16:00:00Z,343,23.1,0
2026-01-24T16:15:00Z,572.7,24.09,0
2026-01-24T16:30:00Z,585.7,24.5,0
2026-01-24T16:45:00Z,439.6,23.91,0
2026-01-24T17:00:00Z,556.7,24.59,0
2026-01-24T17:15:00Z,137.8,23.91,0
2026-01-24T17:30:00Z,64.37,23.7,0
2026-01-24T17:45:00Z,54.8,23.4,0
2026-01-24T18:00:00Z,67.95,23.4,0
2026-01-24T18:15:00Z,57.62,23.3,0
2026-01-24T18:30:00Z,55.62,23.2,0
2026-01-24T18:45:00Z,37.7,23.2,0
2026-01-24T19:00:00Z,10.5,23.1,0
2026-01-24T19:15:00Z,0.113,22.8,0
2026-01-24T19:30:00Z,0,22.5,0
2026-01-24T19:45:00Z,0,22.01,0
2026-01-24T20:00:00Z,0,21.11,0
2026-01-24T20:15:00Z,0,20.41,0
2026-01-24T20:30:00Z,0,20.3,0
2026-01-24T20:45:00Z,0,20,0
2026-01-24T21:00:00Z,0,19.8,0
2026-01-24T21:15:00Z,0,19.31,0
2026-01-24T21:30:00Z,0,19.4,0
2026-01-24T21:45:00Z,0,19.6,0
2026-01-24T22:00:00Z,0,19.2,0
2026-01-24T22:15:00Z,0,19.3,0
2026-01-24T22:30:00Z,0,19.4,0
2026-01-24T22:45:00Z,0,19.4,0
2026-01-24T23:00:00Z,0,20.09,0
2026-01-24T23:15:00Z,0,19.21,0
2026-01-24T23:30:00Z,0,19,0
2026-01-24T23:45:00Z,0,19.49,0
2026-01-25T00:00:00Z,0,19.5,0
2026-01-25T00:15:00Z,0,19.1,0
2026-01-25T00:30:00Z,0,19.1,0
2026-01-25T00:45:00Z,0,19.4,0
2026-01-25T01:00:00Z,0,19.3,0
2026-01-25T01:15:00Z,0,19.3,0
2026-01-25T01:30:00Z,0,19.5,0
2026-01-25T01:45:00Z,0,19.6,0
2026-01-25T02:00:00Z,0,19.4,0
2026-01-25T02:15:00Z,0,19.4,0
2026-01-25T02:30:00Z,0,19.4,0
2026-01-25T02:45:00Z,0,19.3,0
2026-01-25T03:00:00Z,0,19.5,0
2026-01-25T03:15:00Z,0,19.4,0
2026-01-25T03:30:00Z,0,19,0
2026-01-25T03:45:00Z,0,18.8,0
2026-01-25T04:00:00Z,0,18.8,0
2026-01-25T04:15:00Z,0,18.8,0
2026-01-25T04:30:00Z,0,18.8,0
2026-01-25T04:45:00Z,0,19.2,0
2026-01-25T05:00:00Z,0,19.5,0
2026-01-25T05:15:00Z,0,19.8,0
2026-01-25T05:30:00Z,0,19.5,0
2026-01-25T05:45:00Z,0,19.5,0
2026-01-25T06:00:00Z,0,19.6,0
2026-01-25T06:15:00Z,0,19.2,0
2026-01-25T06:30:00Z,8.8,19.1,0
2026-01-25T06:45:00Z,33.62,19.1,0
2026-01-25T07:00:00Z,39.44,19.1,0
2026-01-25T07:15:00Z,86.1,19.1,0
2026-01-25T07:30:00Z,105.2,19.1,0
2026-01-25T07:45:00Z,102.5,19.1,0
2026-01-25T08:00:00Z,155.5,19.1,0
2026-01-25T08:15:00Z,291.7,20.48,0
2026-01-25T08:30:00Z,362,21.98,0
2026-01-25T08:45:00Z,304.5,23.19,0
2026-01-25T09:00:00Z,232.1,22.9,0
2026-01-25T09:15:00Z,318.9,23.69,0
2026-01-25T09:30:00Z,132.9,23.3,0
2026-01-25T09:45:00Z,232.5,23.4,0
2026-01-25T10:00:00Z,392.2,23.7,0
2026-01-25T10:15:00Z,539.6,24.1,0
2026-01-25T10:30:00Z,238.1,23.41,0
2026-01-25T10:45:00Z,873,25.08,0
2026-01-25T11:00:00Z,605.4,25.59,0
2026-01-25T11:15:00Z,115.4,24.22,0
2026-01-25T11:30:00Z,100.4,23.51,0
2026-01-25T11:45:00Z,84.7,22.51,0
2026-01-25T12:00:00Z,74.61,21.91,0
2026-01-25T12:15:00Z,70.35,21.6,0
2026-01-25T12:30:00Z,164.2,20.02,0
2026-01-25T12:45:00Z,392.5,20.4,0
2026-01-25T13:00:00Z,680.8,22.87,0
2026-01-25T13:15:00Z,450.3,23.39,0
2026-01-25T13:30:00Z,244.9,23.6,0
2026-01-25T13:45:00Z,596.8,24.39,0
2026-01-25T14:00:00Z,468.9,24,0
2026-01-25T14:15:00Z,195.4,23.8,0
2026-01-25T14:30:00Z,240.2,22.71,0
2026-01-25T14:45:00Z,471.9,23.29,0
2026-01-25T15:00:00Z,578.8,24.49,0
2026-01-25T15:15:00Z,728.6,25.29,0
2026-01-25T15:30:00Z,462.7,25.5,0
2026-01-25T15:45:00Z,281.2,23.23,0
2026-01-25T16:00:00Z,215.7,23.79,0
2026-01-25T16:15:00Z,264.9,23.7,0
2026-01-25T16:30:00Z,234.9,23.6,0
2026-01-25T16:45:00Z,237,23.7,0
2026-01-25T17:00:00Z,242.6,24.19,0
2026-01-25T17:15:00Z,264.4,24.2,0
2026-01-25T17:30:00Z,272.3,24.69,0
2026-01-25T17:45:00Z,213.4,24.6,0
2026-01-25T18:00:00Z,104.5,24.2,0
2026-01-25T18:15:00Z,57.81,23.8,0
2026-01-25T18:30:00Z,38.02,23.21,0
2026-01-25T18:45:00Z,12.58,22.8,0
2026-01-25T19:00:00Z,2.906,22.4,0
2026-01-25T19:15:00Z,0.031,21.71,0
2026-01-25T19:30:00Z,0,21.4,0
2026-01-25T19:45:00Z,0,21.1,0
2026-01-25T20:00:00Z,0,20.31,0
2026-01-25T20:15:00Z,0,19.81,0
2026-01-25T20:30:00Z,0,19.7,0
2026-01-25T20:45:00Z,0,19.5,0
2026-01-25T21:00:00Z,0,19.8,0
2026-01-25T21:15:00Z,0,19.9,0
2026-01-25T21:30:00Z,0,20.3,0
2026-01-25T21:45:00Z,0,20.5,0
2026-01-25T22:00:00Z,0,20.5,0
2026-01-25T22:15:00Z,0,20.6,0
2026-01-25T22:30:00Z,0,20.2,0
2026-01-25T22:45:00Z,0,20.4,0
2026-01-25T23:00:00Z,0,20.1,0
2026-01-25T23:15:00Z,0,19.9,0
2026-01-25T23:30:00Z,0,19.7,0
2026-01-25T23:45:00Z,0,19.7,0
2026-01-26T00:00:00Z,0,19.8,0
2026-01-26T00:15:00Z,0,20.2,0
2026-01-26T00:30:00Z,0,20.2,0
2026-01-26T00:45:00Z,0,19.9,0
2026-01-26T01:00:00Z,0,20,0
2026-01-26T01:15:00Z,0,19.41,0
2026-01-26T01:30:00Z,0,19.2,0
2026-01-26T01:45:00Z,0,19.4,0
2026-01-26T02:00:00Z,0,19.5,0
2026-01-26T02:15:00Z,0,19.3,0
2026-01-26T02:30:00Z,0,19.6,0
2026-01-26T02:45:00Z,0,19.8,0
2026-01-26T03:00:00Z,0,20.29,0
2026-01-26T03:15:00Z,0,20.2,0
2026-01-26T03:30:00Z,0,20.1,0
2026-01-26T03:45:00Z,0,20,0
2026-01-26T04:00:00Z,0,20.2,0
2026-01-26T04:15:00Z,0,20.4,0
2026-01-26T04:30:00Z,0,20.6,0
2026-01-26T04:45:00Z,0,20.3,0
2026-01-26T05:00:00Z,0,20.1,0
2026-01-26T05:15:00Z,0,19.7,0
2026-01-26T05:30:00Z,0,19.6,0
2026-01-26T05:45:00Z,0,19.8,0
2026-01-26T06:00:00Z,0,20,0
2026-01-26T06:15:00Z,0,19.8,0
2026-01-26T06:30:00Z,9.2,19.8,0
2026-01-26T06:45:00Z,27.79,20.1,0
2026-01-26T07:00:00Z,49.85,20.79,0
2026-01-26T07:15:00Z,80.9,21.49,0
2026-01-26T07:30:00Z,110.3,21.7,0
2026-01-26T07:45:00Z,140.5,21.6,0
2026-01-26T08:00:00Z,193.2,22,0
2026-01-26T08:15:00Z,244.1,22.3,0
2026-01-26T08:30:00Z,306.6,22.79,0
2026-01-26T08:45:00Z,341.9,23.1,0
2026-01-26T09:00:00Z,412.8,23.4,0
2026-01-26T09:15:00Z,484,24.29,0
2026-01-26T09:30:00Z,565.2,24.2,0
2026-01-26T09:45:00Z,602.1,24.4,0
2026-01-26T10:00:00Z,725.9,24.6,0
2026-01-26T10:15:00Z,783.9,24.8,0
2026-01-26T10:30:00Z,735,25.1,0
2026-01-26T10:45:00Z,536.1,24.8,0
2026-01-26T11:00:00Z,824,25.1,0
2026-01-26T11:15:00Z,870,25.5,0
2026-01-26T11:30:00Z,876,25.3,0
2026-01-26T11:45:00Z,973,25.4,0
2026-01-26T12:00:00Z,985,25.89,0
2026-01-26T12:15:00Z,964,26.1,0
2026-01-26T12:30:00Z,1058,26.4,0
2026-01-26T12:45:00Z,1013,26.7,0
2026-01-26T13:00:00Z,842,26.6,0
2026-01-26T13:15:00Z,781.9,27,0
2026-01-26T13:30:00Z,605,26.7,0
2026-01-26T13:45:00Z,705.1,27,0
2026-01-26T14:00:00Z,872,27.79,0
2026-01-26T14:15:00Z,838,27.5,0
2026-01-26T14:30:00Z,1040,27.7,0
2026-01-26T14:45:00Z,836,27.8,0
2026-01-26T15:00:00Z,479.3,26.71,0
2026-01-26T15:15:00Z,966,27.79,0
2026-01-26T15:30:00Z,813,27.7,0
2026-01-26T15:45:00Z,327.6,26.61,0
2026-01-26T16:00:00Z,667.9,27.19,0
2026-01-26T16:15:00Z,200.7,26.41,0
2026-01-26T16:30:00Z,253.9,26.6,0
2026-01-26T16:45:00Z,399.1,27.09,0
2026-01-26T17:00:00Z,458,27.2,0
2026-01-26T17:15:00Z,355.1,26.9,0
2026-01-26T17:30:00Z,302.8,26.7,0
2026-01-26T17:45:00Z,305.4,27,0
2026-01-26T18:00:00Z,262.5,26.7,0
2026-01-26T18:15:00Z,172.7,26.21,0
2026-01-26T18:30:00Z,50.86,25.31,0
2026-01-26T18:45:00Z,22.7,24.61,0
2026-01-26T19:00:00Z,3.018,23.51,0
2026-01-26T19:15:00Z,0.031,23.2,0
2026-01-26T19:30:00Z,0,22.9,0
2026-01-26T19:45:00Z,0,22.8,0
2026-01-26T20:00:00Z,0,22.6,0
2026-01-26T20:15:00Z,0,22.2,0
2026-01-26T20:30:00Z,0,21.51,0
2026-01-26T20:45:00Z,0,20.21,0
2026-01-26T21:00:00Z,0,20.3,0
2026-01-26T21:15:00Z,0,20,0
2026-01-26T21:30:00Z,0,19.7,0
2026-01-26T21:45:00Z,0,19.6,0
2026-01-26T22:00:00Z,0,19.11,0
2026-01-26T22:15:00Z,0,19,0
2026-01-26T22:30:00Z,0,18.9,0
2026-01-26T22:45:00Z,0,18.6,0
2026-01-26T23:00:00Z,0,18.8,0
2026-01-26T23:15:00Z,0,19.49,0
2026-01-26T23:30:00Z,0,19.3,0
2026-01-26T23:45:00Z,0,19.4,0
2026-01-27T00:00:00Z,0,19.4,0
2026-01-27T00:15:00Z,0,20.09,0
2026-01-27T00:30:00Z,0,20.69,0
2026-01-27T00:45:00Z,0,20.7,0
2026-01-27T01:00:00Z,0,20.4,0
2026-01-27T01:15:00Z,0,19.91,0
2026-01-27T01:30:00Z,0,19.9,0
2026-01-27T01:45:00Z,0,20.39,0
2026-01-27T02:00:00Z,0,20.6,0
2026-01-27T02:15:00Z,0,20.5,0
2026-01-27T02:30:00Z,0,19.91,0
2026-01-27T02:45:00Z,0,19.8,0
2026-01-27T03:00:00Z,0,19.6,0
2026-01-27T03:15:00Z,0,19.4,0
2026-01-27T03:30:00Z,0,19.3,0
2026-01-27T03:45:00Z,0,19.4,0
2026-01-27T04:00:00Z,0,19.3,0
2026-01-27T04:15:00Z,0,19.5,0
2026-01-27T04:30:00Z,0,19.2,0
2026-01-27T04:45:00Z,0,19.2,0
2026-01-27T05:00:00Z,0,19.2,0
2026-01-27T05:15:00Z,0,19.1,0
2026-01-27T05:30:00Z,0,20.09,0
2026-01-27T05:45:00Z,0,19.51,0
2026-01-27T06:00:00Z,0,19.2,0
2026-01-27T06:15:00Z,0,19.5,0
2026-01-27T06:30:00Z,5.538,19.5,0
2026-01-27T06:45:00Z,13.31,19.7,0
2026-01-27T07:00:00Z,29.12,20.39,0
2026-01-27T07:15:00Z,64.6,21.19,0
2026-01-27T07:30:00Z,98.8,21.79,0
2026-01-27T07:45:00Z,140.3,22,0
2026-01-27T08:00:00Z,187.3,22.3,0
2026-01-27T08:15:00Z,237,22.7,0
2026-01-27T08:30:00Z,284.2,23.19,0
2026-01-27T08:45:00Z,345.1,23.6,0
2026-01-27T09:00:00Z,397.1,24.09,0
2026-01-27T09:15:00Z,449.8,24.69,0
2026-01-27T09:30:00Z,500.7,25.19,0
2026-01-27T09:45:00Z,553.3,25,0
2026-01-27T10:00:00Z,604,25.1,0
2026-01-27T10:15:00Z,651.8,25.2,0
2026-01-27T10:30:00Z,701.6,25.69,0
2026-01-27T10:45:00Z,748,25.7,0
2026-01-27T11:00:00Z,825,25.8,0
2026-01-27T11:15:00Z,885,26.2,0
2026-01-27T11:30:00Z,937,26.3,0
2026-01-27T11:45:00Z,1033,26.6,0
2026-01-27T12:00:00Z,1078,27,0
2026-01-27T12:15:00Z,753.7,26.7,0
2026-01-27T12:30:00Z,701.1,26.9,0
2026-01-27T12:45:00Z,258.4,26.31,0
2026-01-27T13:00:00Z,253.9,26.4,0
2026-01-27T13:15:00Z,205.1,26,0
2026-01-27T13:30:00Z,198.8,25.6,0
2026-01-27T13:45:00Z,592.2,26.09,0
2026-01-27T14:00:00Z,230.6,26,0
2026-01-27T14:15:00Z,719.6,25.9,0
2026-01-27T14:30:00Z,992,26.89,0
2026-01-27T14:45:00Z,761.4,27.2,0
2026-01-27T15:00:00Z,191.2,26.31,0
2026-01-27T15:15:00Z,74.24,25.81,0
2026-01-27T15:30:00Z,104.6,25.7,0
2026-01-27T15:45:00Z,102.9,24.91,0
2026-01-27T16:00:00Z,148.6,24.5,0
2026-01-27T16:15:00Z,152.7,24.9,0
2026-01-27T16:30:00Z,248.5,25.2,0
2026-01-27T16:45:00Z,534.3,26.49,0
2026-01-27T17:00:00Z,540.7,27.49,0
2026-01-27T17:15:00Z,386.7,27.2,0
2026-01-27T17:30:00Z,435.9,27.6,0
2026-01-27T17:45:00Z,305.7,27.5,0
2026-01-27T18:00:00Z,55.2,26.12,0
2026-01-27T18:15:00Z,27.97,25.31,0
2026-01-27T18:30:00Z,23.94,24.9,0
2026-01-27T18:45:00Z,22.91,24.11,0
2026-01-27T19:00:00Z,2.924,22.81,0
2026-01-27T19:15:00Z,0.03,22.31,0
2026-01-27T19:30:00Z,0,21.21,0
2026-01-27T19:45:00Z,0,21.2,0
2026-01-27T20:00:00Z,0,21.5,0
2026-01-27T20:15:00Z,0,21.3,0
2026-01-27T20:30:00Z,0,21.1,0
2026-01-27T20:45:00Z,0,20.31,0
2026-01-27T21:00:00Z,0,20.6,0
2026-01-27T21:15:00Z,0,20.2,0
2026-01-27T21:30:00Z,0,20,0
2026-01-27T21:45:00Z,0,20.3,0
2026-01-27T22:00:00Z,0,20.3,0
2026-01-27T22:15:00Z,0,20.2,0
2026-01-27T22:30:00Z,0,19.31,0
2026-01-27T22:45:00Z,0,19.4,0
2026-01-27T23:00:00Z,0,19,0
2026-01-27T23:15:00Z,0,19,0
2026-01-27T23:30:00Z,0,19,0
2026-01-27T23:45:00Z,0,19,0
2026-01-28T00:00:00Z,0,19.3,0
2026-01-28T00:15:00Z,0,19.2,0
2026-01-28T00:30:00Z,0,19.69,0
2026-01-28T00:45:00Z,0,19.11,0
2026-01-28T01:00:00Z,0,18.8,0
2026-01-28T01:15:00Z,0,18.4,0
2026-01-28T01:30:00Z,0,18.1,0
2026-01-28T01:45:00Z,0,18,0
2026-01-28T02:00:00Z,0,18,0
2026-01-28T02:15:00Z,0,18.49,0
2026-01-28T02:30:00Z,0,17.91,0
2026-01-28T02:45:00Z,0,18.2,0
2026-01-28T03:00:00Z,0,18.4,0
2026-01-28T03:15:00Z,0,18.89,0
2026-01-28T03:30:00Z,0,19.39,0
2026-01-28T03:45:00Z,0,20.29,0
2026-01-28T04:00:00Z,0,20.2,0
2026-01-28T04:15:00Z,0,19.9,0
2026-01-28T04:30:00Z,0,19.8,0
2026-01-28T04:45:00Z,0,20.1,0
2026-01-28T05:00:00Z,0,19.7,0
2026-01-28T05:15:00Z,0,20.19,0
2026-01-28T05:30:00Z,0,19.9,0
2026-01-28T05:45:00Z,0,19.31,0
2026-01-28T06:00:00Z,0,18.9,0
2026-01-28T06:15:00Z,0,19,0
2026-01-28T06:30:00Z,4.252,19.4,0
2026-01-28T06:45:00Z,20.72,19.7,0
2026-01-28T07:00:00Z,38.5,20.59,0
2026-01-28T07:15:00Z,84.5,21.79,0
2026-01-28T07:30:00Z,127.1,22.89,0
2026-01-28T07:45:00Z,168.4,23.2,0
2026-01-28T08:00:00Z,205.8,23.1,0
2026-01-28T08:15:00Z,255.5,23.4,0
2026-01-28T08:30:00Z,238.6,23.3,0
2026-01-28T08:45:00Z,280.9,23.6,0
2026-01-28T09:00:00Z,360.6,23.8,0
2026-01-28T09:15:00Z,394.7,23.31,0
2026-01-28T09:30:00Z,423.9,23.4,0
2026-01-28T09:45:00Z,408.4,23.5,0
2026-01-28T10:00:00Z,525.1,23.8,0
2026-01-28T10:15:00Z,446.1,23.6,0
2026-01-28T10:30:00Z,474.3,23.3,0
2026-01-28T10:45:00Z,754.3,24.19,0
2026-01-28T11:00:00Z,826,24.3,0
2026-01-28T11:15:00Z,909,24.6,0
2026-01-28T11:30:00Z,939,25,0
2026-01-28T11:45:00Z,955,25.1,0
2026-01-28T12:00:00Z,831,25.2,0
2026-01-28T12:15:00Z,908,25.69,0
2026-01-28T12:30:00Z,904,26.1,0
2026-01-28T12:45:00Z,1014,26.5,0
2026-01-28T13:00:00Z,1102,26.4,0
2026-01-28T13:15:00Z,676.2,26.1,0
2026-01-28T13:30:00Z,432.2,25.9,0
2026-01-28T13:45:00Z,119.5,24.22,0
2026-01-28T14:00:00Z,35.7,22.12,0
2026-01-28T14:15:00Z,101.7,21.61,0
2026-01-28T14:30:00Z,179.1,21.2,0
2026-01-28T14:45:00Z,283.1,21.4,0
2026-01-28T15:00:00Z,408.5,22.09,0
2026-01-28T15:15:00Z,369.5,23.39,0
2026-01-28T15:30:00Z,861,25.58,0
2026-01-28T15:45:00Z,255.9,24.81,0
2026-01-28T16:00:00Z,240.2,24.4,0
2026-01-28T16:15:00Z,191,24,0
2026-01-28T16:30:00Z,120.1,23.8,0
2026-01-28T16:45:00Z,71.93,23.6,0
2026-01-28T17:00:00Z,33.53,23.11,0
2026-01-28T17:15:00Z,18.66,23.1,0
2026-01-28T17:30:00Z,12.47,22.51,0
2026-01-28T17:45:00Z,11.51,22.1,0
2026-01-28T18:00:00Z,19.61,22.2,0
2026-01-28T18:15:00Z,25.53,22.2,0
2026-01-28T18:30:00Z,11.06,21.9,0
2026-01-28T18:45:00Z,3.582,21.9,0
2026-01-28T19:00:00Z,0.039,21.6,0
2026-01-28T19:15:00Z,0,21.2,0
2026-01-28T19:30:00Z,0,20.8,0
2026-01-28T19:45:00Z,0,20.9,0
2026-01-28T20:00:00Z,0,20.9,0
2026-01-28T20:15:00Z,0,20.8,0
2026-01-28T20:30:00Z,0,20.6,0
2026-01-28T20:45:00Z,0,20.11,0
2026-01-28T21:00:00Z,0,20.1,0
2026-01-28T21:15:00Z,0,20.1,0
2026-01-28T21:30:00Z,0,19.8,0
2026-01-28T21:45:00Z,0,19.6,0
2026-01-28T22:00:00Z,0,19.6,0
2026-01-28T22:15:00Z,0,19.6,0
2026-01-28T22:30:00Z,0,19.6,0
2026-01-28T22:45:00Z,0,19.6,0
2026-01-28T23:00:00Z,0,19.7,0
2026-01-28T23:15:00Z,0,19.5,0
2026-01-28T23:30:00Z,0,19.2,0
2026-01-28T23:45:00Z,0,18.9,0
2026-01-29T00:00:00Z,0,18.7,0
2026-01-29T00:15:00Z,0,18.6,0
2026-01-29T00:30:00Z,0,18.6,0
2026-01-29T00:45:00Z,0,18.2,0
2026-01-29T01:00:00Z,0,18.3,0
2026-01-29T01:15:00Z,0,17.71,0
2026-01-29T01:30:00Z,0,17.4,0
2026-01-29T01:45:00Z,0,17.5,0
2026-01-29T02:00:00Z,0,17.3,0
2026-01-29T02:15:00Z,0,17.5,0
2026-01-29T02:30:00Z,0,17.4,0
2026-01-29T02:45:00Z,0,17.8,0
2026-01-29T03:00:00Z,0,17.7,0
2026-01-29T03:15:00Z,0,17.21,0
2026-01-29T03:30:00Z,0,17.69,0
2026-01-29T03:45:00Z,0,17.6,0
2026-01-29T04:00:00Z,0,17.8,0
2026-01-29T04:15:00Z,0,17.6,0
2026-01-29T04:30:00Z,0,17.8,0
2026-01-29T04:45:00Z,0,18.2,0
2026-01-29T05:00:00Z,0,18.4,0
2026-01-29T05:15:00Z,0,18.4,0
2026-01-29T05:30:00Z,0,18.6,0
2026-01-29T05:45:00Z,0,18.9,0
2026-01-29T06:00:00Z,0,19.1,0
2026-01-29T06:15:00Z,0,19.1,0
2026-01-29T06:30:00Z,1.978,19.2,0
2026-01-29T06:45:00Z,15.84,19.3,0
2026-01-29T07:00:00Z,33.6,19.4,0
2026-01-29T07:15:00Z,61.59,19.7,0
2026-01-29T07:30:00Z,111.3,20.39,0
2026-01-29T07:45:00Z,82.3,20.2,0
2026-01-29T08:00:00Z,220.3,20.69,0
2026-01-29T08:15:00Z,299.6,21.89,0
2026-01-29T08:30:00Z,343.5,23.48,0
2026-01-29T08:45:00Z,350.7,24.49,0
2026-01-29T09:00:00Z,393.9,24.8,0
2026-01-29T09:15:00Z,423,24.6,0
2026-01-29T09:30:00Z,353,24.4,0
2026-01-29T09:45:00Z,481.9,24.8,0
2026-01-29T10:00:00Z,594.6,24.9,0
2026-01-29T10:15:00Z,686.8,24.8,0
2026-01-29T10:30:00Z,579.5,24.5,0
2026-01-29T10:45:00Z,664.9,24.6,0
2026-01-29T11:00:00Z,763.3,24.8,0
2026-01-29T11:15:00Z,248.8,24.21,0
2026-01-29T11:30:00Z,171.8,23.51,0
2026-01-29T11:45:00Z,175.1,23.5,0
2026-01-29T12:00:00Z,197,23.5,0
2026-01-29T12:15:00Z,236.7,23.6,0
2026-01-29T12:30:00Z,336.7,23.7,0
2026-01-29T12:45:00Z,422.3,24.19,0
2026-01-29T13:00:00Z,502.3,24.5,0
2026-01-29T13:15:00Z,750.5,25.29,0
2026-01-29T13:30:00Z,1027,26.39,0
2026-01-29T13:45:00Z,799.1,26.7,0
2026-01-29T14:00:00Z,657.6,26.5,0
2026-01-29T14:15:00Z,788,26.8,0
2026-01-29T14:30:00Z,576.8,26.31,0
2026-01-29T14:45:00Z,520.3,25.71,0
2026-01-29T15:00:00Z,401.2,24.81,0
2026-01-29T15:15:00Z,333.5,24.4,0
2026-01-29T15:30:00Z,180.8,23.71,0
2026-01-29T15:45:00Z,30.37,21.03,0
2026-01-29T16:00:00Z,35.13,20.8,0
2026-01-29T16:15:00Z,44.1,20.6,0
2026-01-29T16:30:00Z,36.09,20.2,0
2026-01-29T16:45:00Z,20.97,19.9,0
2026-01-29T17:00:00Z,14.17,20.1,0
2026-01-29T17:15:00Z,16.87,19.61,0
2026-01-29T17:30:00Z,21.65,19.6,0
2026-01-29T17:45:00Z,36.93,20,0
2026-01-29T18:00:00Z,125.2,20.89,0
2026-01-29T18:15:00Z,92.5,21.3,0
2026-01-29T18:30:00Z,55.02,21.1,0
2026-01-29T18:45:00Z,24.44,20.9,0
2026-01-29T19:00:00Z,5.904,20.7,0
2026-01-29T19:15:00Z,0.063,20.6,0
2026-01-29T19:30:00Z,0,20.6,0
2026-01-29T19:45:00Z,0,20.4,0
2026-01-29T20:00:00Z,0,20.8,0
2026-01-29T20:15:00Z,0,20.4,0
2026-01-29T20:30:00Z,0,19.11,0
2026-01-29T20:45:00Z,0,19,0
2026-01-29T21:00:00Z,0,18.7,0
2026-01-29T21:15:00Z,0,18.9,0
2026-01-29T21:30:00Z,0,18.9,0
2026-01-29T21:45:00Z,0,18.9,0
2026-01-29T22:00:00Z,0,19,0
2026-01-29T22:15:00Z,0,18.6,0
2026-01-29T22:30:00Z,0,18.2,0
2026-01-29T22:45:00Z,0,18.3,0
2026-01-29T23:00:00Z,0,18.2,0
2026-01-29T23:15:00Z,0,18.2,0
2026-01-29T23:30:00Z,0,18.1,0
2026-01-29T23:45:00Z,0,17.41,0
2026-01-30T00:00:00Z,0,17.2,0
2026-01-30T00:15:00Z,0,17.6,0
2026-01-30T00:30:00Z,0,17.7,0
2026-01-30T00:45:00Z,0,17.6,0
2026-01-30T01:00:00Z,0,18,0
2026-01-30T01:15:00Z,0,17.8,0
2026-01-30T01:30:00Z,0,17.8,0
2026-01-30T01:45:00Z,0,17.5,0
2026-01-30T02:00:00Z,0,17.4,0
2026-01-30T02:15:00Z,0,17.6,0
2026-01-30T02:30:00Z,0,17.6,0
2026-01-30T02:45:00Z,0,17.8,0
2026-01-30T03:00:00Z,0,18.29,0
2026-01-30T03:15:00Z,0,18.3,0
2026-01-30T03:30:00Z,0,18.4,0
2026-01-30T03:45:00Z,0,18.3,0
2026-01-30T04:00:00Z,0,18.3,0
2026-01-30T04:15:00Z,0,18.4,0
2026-01-30T04:30:00Z,0,18.2,0
2026-01-30T04:45:00Z,0,18.1,0
2026-01-30T05:00:00Z,0,18.3,0
2026-01-30T05:15:00Z,0,18.2,0
2026-01-30T05:30:00Z,0,18,0
2026-01-30T05:45:00Z,0,18.3,0
2026-01-30T06:00:00Z,0,17.9,0
2026-01-30T06:15:00Z,0,18.1,0
2026-01-30T06:30:00Z,2.176,18.3,0
2026-01-30T06:45:00Z,21.48,18.4,0
2026-01-30T07:00:00Z,50.48,19.19,0
2026-01-30T07:15:00Z,92.2,20.68,0
2026-01-30T07:30:00Z,85,21.1,0
2026-01-30T07:45:00Z,119,21.2,0
2026-01-30T08:00:00Z,150.2,21.5,0
2026-01-30T08:15:00Z,230.6,21.99,0
2026-01-30T08:30:00Z,304.2,22.59,0
2026-01-30T08:45:00Z,374,23.29,0
2026-01-30T09:00:00Z,357.6,23.89,0
2026-01-30T09:15:00Z,434.1,23.9,0
2026-01-30T09:30:00Z,501,24.2,0
2026-01-30T09:45:00Z,530.5,24.3,0
2026-01-30T10:00:00Z,572.7,24.5,0
2026-01-30T10:15:00Z,619.1,24.4,0
2026-01-30T10:30:00Z,657,24.4,0
2026-01-30T10:45:00Z,711.6,24.5,0
2026-01-30T11:00:00Z,812,24.8,0
2026-01-30T11:15:00Z,750.5,24.7,0
2026-01-30T11:30:00Z,900,24.8,0
2026-01-30T11:45:00Z,809,24.8,0
2026-01-30T12:00:00Z,1008,25.1,0
2026-01-30T12:15:00Z,949,25.5,0
2026-01-30T12:30:00Z,860,25.2,0
2026-01-30T12:45:00Z,1020,25.69,0
2026-01-30T13:00:00Z,936,25.7,0
2026-01-30T13:15:00Z,373.6,25.11,0
2026-01-30T13:30:00Z,675.9,24.7,0
2026-01-30T13:45:00Z,991,25.89,0
2026-01-30T14:00:00Z,738.4,25.6,0
2026-01-30T14:15:00Z,597.4,24.41,0
2026-01-30T14:30:00Z,956,25.09,0
2026-01-30T14:45:00Z,477.7,24.7,0
2026-01-30T15:00:00Z,323.4,23.61,0
2026-01-30T15:15:00Z,293.4,21.23,30.26
2026-01-30T15:30:00Z,302.8,21.5,0
2026-01-30T15:45:00Z,142.1,21.9,0
2026-01-30T16:00:00Z,158.6,22.2,0
2026-01-30T16:15:00Z,185.6,22.6,0
2026-01-30T16:45:00Z,176.3,22.9,0
2026-01-30T17:00:00Z,201,23.6,0
2026-01-30T17:15:00Z,206.4,23.7,0
2026-01-30T17:30:00Z,239,24,0
2026-01-30T17:45:00Z,197.6,24.2,0
2026-01-30T18:00:00Z,133.7,23.9,0
2026-01-30T18:15:00Z,91.8,23.41,0
2026-01-30T18:30:00Z,50.76,22.91,0
2026-01-30T18:45:00Z,23.4,22.7,0
2026-01-30T19:00:00Z,4.707,22.4,0
2026-01-30T19:15:00Z,0.05,22.2,0
2026-01-30T19:30:00Z,0,22.1,0
2026-01-30T19:45:00Z,0,21.8,0
2026-01-30T20:00:00Z,0,21.7,0
2026-01-30T20:15:00Z,0,22.1,0
2026-01-30T20:30:00Z,0,22.5,0
2026-01-30T20:45:00Z,0,21.81,30.26
2026-01-30T21:00:00Z,0,19.23,364.6
2026-01-30T21:15:00Z,0,19.1,89.3
2026-01-30T21:30:00Z,0,19.3,0
2026-01-30T21:45:00Z,0,19.3,30.26
2026-01-30T22:00:00Z,0,19.1,0
2026-01-30T22:15:00Z,0,18.9,0
2026-01-30T22:30:00Z,0,19.1,0
2026-01-30T22:45:00Z,0,19.4,0
2026-01-30T23:00:00Z,0,19.5,0
2026-01-30T23:15:00Z,0,19.6,0
2026-01-30T23:30:00Z,0,19.7,0
2026-01-30T23:45:00Z,0,19.5,0
2026-01-31T00:00:00Z,0,19.5,0
2026-01-31T00:15:00Z,0,19.6,0
2026-01-31T00:30:00Z,0,19.6,0
2026-01-31T00:45:00Z,0,19.5,0
2026-01-31T01:00:00Z,0,19.9,0
2026-01-31T01:15:00Z,0,20,0
2026-01-31T01:30:00Z,0,19.9,0
2026-01-31T01:45:00Z,0,19.9,0
2026-01-31T02:00:00Z,0,19.9,0
2026-01-31T02:15:00Z,0,19.7,0
2026-01-31T02:30:00Z,0,19.8,0
2026-01-31T02:45:00Z,0,19.6,0
2026-01-31T03:00:00Z,0,19.7,0
2026-01-31T03:15:00Z,0,19.8,0
2026-01-31T03:30:00Z,0,19.8,0
2026-01-31T03:45:00Z,0,19.5,0
2026-01-31T04:00:00Z,0,19.3,0
2026-01-31T04:15:00Z,0,19.1,30.26
2026-01-31T04:30:00Z,0,19.1,0
2026-01-31T04:45:00Z,0,19.1,0
2026-01-31T05:00:00Z,0,18.9,0
2026-01-31T05:15:00Z,0,18.8,0
2026-01-31T05:30:00Z,0,18.8,0
2026-01-31T05:45:00Z,0,18.9,0
2026-01-31T06:00:00Z,0,18.6,0
2026-01-31T06:15:00Z,0,18.8,0
2026-01-31T06:30:00Z,1.78,18.8,0
2026-01-31T06:45:00Z,20.49,18.21,0
2026-01-31T07:00:00Z,42.75,18.79,0
2026-01-31T07:15:00Z,77.51,19.1,0
2026-01-31T07:30:00Z,109.6,19.99,0
2026-01-31T07:45:00Z,116,20.3,0
2026-01-31T08:00:00Z,143,20.99,0
2026-01-31T08:15:00Z,187.7,21.4,0
2026-01-31T08:30:00Z,247.1,21.8,0
2026-01-31T08:45:00Z,276.8,22.2,0
2026-01-31T09:00:00Z,305.2,22.6,0
2026-01-31T09:15:00Z,406.7,23.09,0
2026-01-31T09:30:00Z,355.4,23.59,0
2026-01-31T09:45:00Z,357.1,23.8,0
2026-01-31T10:00:00Z,455.4,24,0
2026-01-31T10:15:00Z,617.1,24.69,0
2026-01-31T10:30:00Z,587.5,24.8,0
2026-01-31T10:45:00Z,577,24.9,0
2026-01-31T11:00:00Z,452.2,24.6,0
2026-01-31T11:15:00Z,675.2,24.8,0
2026-01-31T11:30:00Z,609.5,24.9,0
2026-01-31T11:45:00Z,560.1,24.8,0
2026-01-31T12:00:00Z,810,25.29,0
2026-01-31T12:15:00Z,762.6,25,0
2026-01-31T12:30:00Z,819,25,0
2026-01-31T12:45:00Z,545.9,25.2,0
2026-01-31T13:00:00Z,990,25.69,0
2026-01-31T13:15:00Z,796.8,25.3,0
2026-01-31T13:30:00Z,944,25.5,0
2026-01-31T13:45:00Z,913,26.09,0
2026-01-31T14:00:00Z,935,26.3,0
2026-01-31T14:15:00Z,921,26.1,0
2026-01-31T14:30:00Z,939,26.4,0
2026-01-31T14:45:00Z,912,26.6,0
2026-01-31T15:00:00Z,699.1,26.6,0
2026-01-31T15:15:00Z,672.5,26.6,0
2026-01-31T15:30:00Z,682.5,26.8,0
2026-01-31T15:45:00Z,469.2,26.31,0
2026-01-31T16:00:00Z,332.5,25.31,0
2026-01-31T16:15:00Z,671.4,26.19,0
2026-01-31T16:30:00Z,613.1,26.2,0
2026-01-31T16:45:00Z,538.2,26.6,0
2026-01-31T17:00:00Z,420.9,26.11,0
2026-01-31T17:15:00Z,256.9,25.41,0
2026-01-31T17:30:00Z,137,24.61,0
2026-01-31T17:45:00Z,129.3,24.5,0
2026-01-31T18:00:00Z,116.8,24.5,0
2026-01-31T18:15:00Z,62.21,24.5,0
2026-01-31T18:30:00Z,24.81,24.4,0
2026-01-31T18:45:00Z,6.798,24.3,0
2026-01-31T19:00:00Z,0.073,24.2,0
2026-01-31T19:15:00Z,0,23.61,0
2026-01-31T19:30:00Z,0,23.3,0
2026-01-31T19:45:00Z,0,23,0
2026-01-31T20:00:00Z,0,22.7,0
2026-01-31T20:15:00Z,0,22.3,0
2026-01-31T20:30:00Z,0,21.81,0
2026-01-31T20:45:00Z,0,21.8,0
2026-01-31T21:00:00Z,0,21.8,0
2026-01-31T21:15:00Z,0,21.7,0
2026-01-31T21:30:00Z,0,21.4,30.26
2026-01-31T21:45:00Z,0,21.4,0
2026-01-31T22:00:00Z,0,21.8,0
2026-01-31T22:15:00Z,0,21.6,0
2026-01-31T22:30:00Z,0,21.01,0
2026-01-31T22:45:00Z,0,20.11,0
2026-01-31T23:00:00Z,0,19.7,30.26
2026-01-31T23:15:00Z,0,19.21,30.26
2026-01-31T23:30:00Z,0,19.2,0
2026-01-31T23:45:00Z,0,19.3,0
2026-02-01T00:00:00Z,0,19.3,0
2026-02-01T00:15:00Z,0,19.4,30.26
2026-02-01T00:30:00Z,0,19.6,30.26
2026-02-01T00:45:00Z,0,19.8,90.8
2026-02-01T01:00:00Z,0,19.31,60.52
2026-02-01T01:15:00Z,0,18.61,60.52
2026-02-01T01:30:00Z,0,18.2,60.52
2026-02-01T01:45:00Z,0,18.3,30.26
2026-02-01T02:00:00Z,0,18.4,60.52
2026-02-01T02:15:00Z,0,18,30.26
2026-02-01T02:30:00Z,0,17.51,0
2026-02-01T02:45:00Z,0,17.2,0
2026-02-01T03:00:00Z,0,17.2,0
2026-02-01T03:15:00Z,0,17.5,0
2026-02-01T03:30:00Z,0,18.09,0
2026-02-01T03:45:00Z,0,18.2,0
2026-02-01T04:00:00Z,0,18.2,0
2026-02-01T04:15:00Z,0,18,0
2026-02-01T04:30:00Z,0,18.2,0
2026-02-01T04:45:00Z,0,18.3,0
2026-02-01T05:00:00Z,0,18.3,0
2026-02-01T05:15:00Z,0,18.3,0
2026-02-01T05:30:00Z,0,18.89,0
2026-02-01T05:45:00Z,0,18.8,0
2026-02-01T06:00:00Z,0,18.9,0
2026-02-01T06:15:00Z,0,18.9,0
2026-02-01T06:30:00Z,2.769,18.7,0
2026-02-01T06:45:00Z,15.36,18.8,0
2026-02-01T07:00:00Z,21.43,19.39,0
2026-02-01T07:15:00Z,31.19,19.5,0
2026-02-01T07:30:00Z,59.68,19.7,0
2026-02-01T07:45:00Z,91.3,20.1,0
2026-02-01T08:00:00Z,116.3,20.59,0
2026-02-01T08:15:00Z,188.2,21.29,0
2026-02-01T08:30:00Z,219.2,21.99,0
2026-02-01T08:45:00Z,273,22.69,0
2026-02-01T09:00:00Z,257.8,23,0
2026-02-01T09:15:00Z,338.4,23.2,0
2026-02-01T09:30:00Z,303.7,23.4,0
2026-02-01T09:45:00Z,376.7,23.2,0
2026-02-01T10:00:00Z,451.2,23,0
2026-02-01T10:15:00Z,576.9,23.59,0
2026-02-01T10:30:00Z,577.9,23.6,0
2026-02-01T10:45:00Z,712.8,24,0
2026-02-01T11:00:00Z,775.7,23.6,0
2026-02-01T11:15:00Z,852,23.7,0
2026-02-01T11:30:00Z,965,23.9,0
2026-02-01T11:45:00Z,1050,23.8,0
2026-02-01T12:00:00Z,738,23.4,0
2026-02-01T12:15:00Z,811,23.5,0
2026-02-01T12:30:00Z,983,24.39,0
2026-02-01T12:45:00Z,1012,24.6,0
2026-02-01T13:00:00Z,966,24.5,0
2026-02-01T13:15:00Z,747.5,24.6,0
2026-02-01T13:30:00Z,946,24.8,0
2026-02-01T13:45:00Z,686.6,25,0
2026-02-01T14:00:00Z,772,24.8,0
2026-02-01T14:15:00Z,965,25.39,0
2026-02-01T14:30:00Z,949,25.5,0
2026-02-01T14:45:00Z,896,25.5,0
2026-02-01T15:00:00Z,841,25.7,0
2026-02-01T15:15:00Z,581.2,25.5,0
2026-02-01T15:30:00Z,541.8,25.1,0
2026-02-01T15:45:00Z,452.2,24.8,0
2026-02-01T16:00:00Z,637.8,25.69,0
2026-02-01T16:15:00Z,715.5,26,0
2026-02-01T16:30:00Z,578.4,26,0
2026-02-01T16:45:00Z,501.4,25.8,0
2026-02-01T17:00:00Z,308.2,25.31,0
2026-02-01T17:15:00Z,384.5,26.09,0
2026-02-01T17:30:00Z,376.3,26.3,0
2026-02-01T17:45:00Z,315,25.9,0
2026-02-01T18:00:00Z,257.8,25.7,0
2026-02-01T18:15:00Z,203.4,25.8,0
2026-02-01T18:30:00Z,145.8,25.6,0
2026-02-01T18:45:00Z,77.66,25.11,0
2026-02-01T19:00:00Z,10.55,24.41,0
2026-02-01T19:15:00Z,0.109,24,0
2026-02-01T19:30:00Z,0,23.21,0
2026-02-01T19:45:00Z,0,22.31,0
2026-02-01T20:00:00Z,0,21.51,0
2026-02-01T20:15:00Z,0,21.3,0
2026-02-01T20:30:00Z,0,21.3,0
2026-02-01T20:45:00Z,0,21.1,0
2026-02-01T21:00:00Z,0,21.3,0
2026-02-01T21:15:00Z,0,21.3,0
2026-02-01T21:30:00Z,0,20.51,272.3
2026-02-01T21:45:00Z,0,19.71,1634
2026-02-01T22:00:00Z,0,19.21,1089
2026-02-01T22:15:00Z,0,19.1,272.3
2026-02-01T22:30:00Z,0,18.8,423.6
2026-02-01T22:45:00Z,0,18.6,60.52
2026-02-01T23:00:00Z,0,18.5,30.26
2026-02-01T23:15:00Z,0,18.5,60.52
2026-02-01T23:30:00Z,0,18.5,0
2026-02-01T23:45:00Z,0,18.2,0
2026-02-02T00:00:00Z,0,18.5,0
2026-02-02T00:15:00Z,0,18.6,0
2026-02-02T00:30:00Z,0,18.3,0
2026-02-02T00:45:00Z,0,18.3,0
2026-02-02T01:00:00Z,0,18.4,0
2026-02-02T01:15:00Z,0,18.6,0
2026-02-02T01:30:00Z,0,18.7,0
2026-02-02T01:45:00Z,0,18.6,0
2026-02-02T02:00:00Z,0,18.8,30.26
2026-02-02T02:15:00Z,0,18.8,0
2026-02-02T02:30:00Z,0,18.7,0
2026-02-02T02:45:00Z,0,18.7,0
2026-02-02T03:00:00Z,0,18.6,0
2026-02-02T03:15:00Z,0,18.5,0
2026-02-02T03:30:00Z,0,18.5,0
2026-02-02T03:45:00Z,0,18.6,0
2026-02-02T04:00:00Z,0,18.6,0
2026-02-02T04:15:00Z,0,18.6,0
2026-02-02T04:30:00Z,0,18.6,0
2026-02-02T04:45:00Z,0,18.5,0
2026-02-02T05:00:00Z,0,18.4,0
2026-02-02T05:15:00Z,0,18.4,0
2026-02-02T05:30:00Z,0,18.2,0
2026-02-02T05:45:00Z,0,18,0
2026-02-02T06:00:00Z,0,17.8,0
2026-02-02T06:15:00Z,0,17.6,0
2026-02-02T06:30:00Z,2.472,17.6,0
2026-02-02T06:45:00Z,19.41,17.8,0
2026-02-02T07:00:00Z,46.3,18,0
2026-02-02T07:15:00Z,84.5,18.79,0
2026-02-02T07:30:00Z,132.7,19.69,0
2026-02-02T07:45:00Z,198.3,20.49,0
2026-02-02T08:00:00Z,245.2,21.09,0
2026-02-02T08:15:00Z,279.9,21.79,0
2026-02-02T08:30:00Z,295.6,22.2,0
2026-02-02T08:45:00Z,285.1,22.6,0
2026-02-02T09:00:00Z,352.4,23.09,0
2026-02-02T09:15:00Z,377.5,23.59,0
2026-02-02T09:30:00Z,459.4,24.59,0
2026-02-02T09:45:00Z,515.8,25.19,0
2026-02-02T10:00:00Z,615.7,25.6,0
2026-02-02T10:15:00Z,737.5,26.29,0
2026-02-02T10:30:00Z,675.6,26.3,0
2026-02-02T10:45:00Z,465.2,25.41,0
2026-02-02T11:00:00Z,505.3,25.1,0
2026-02-02T11:15:00Z,559.5,25.2,0
2026-02-02T11:30:00Z,592.5,25.79,0
2026-02-02T11:45:00Z,759.2,25.9,0
2026-02-02T12:00:00Z,779.9,26,0
2026-02-02T12:15:00Z,771.2,25.7,0
2026-02-02T12:30:00Z,606.8,25.3,0
2026-02-02T12:45:00Z,719.3,25.79,0
2026-02-02T13:00:00Z,722.3,26.29,0
2026-02-02T13:15:00Z,959,26.3,0
2026-02-02T13:30:00Z,1133,26.7,0
2026-02-02T13:45:00Z,958,26.9,0
2026-02-02T14:00:00Z,965,26.5,0
2026-02-02T14:15:00Z,989,26.7,0
2026-02-02T14:30:00Z,824,26.7,0
2026-02-02T14:45:00Z,749.8,26.6,0
2026-02-02T15:00:00Z,916,26.8,0
2026-02-02T15:15:00Z,713,26.8,0
2026-02-02T15:30:00Z,275.9,24.03,0
2026-02-02T15:45:00Z,654.1,23.8,0
2026-02-02T16:00:00Z,686.3,23.9,0
2026-02-02T16:15:00Z,304.5,23.01,0
2026-02-02T16:30:00Z,163.4,22.11,0
2026-02-02T16:45:00Z,108.9,22.1,0
2026-02-02T17:00:00Z,75.27,22.2,0
2026-02-02T17:15:00Z,39.6,21.8,30.26
2026-02-02T17:30:00Z,65.21,20.91,30.26
2026-02-02T17:45:00Z,83.9,20.9,30.26
2026-02-02T18:00:00Z,60.07,21.1,0
2026-02-02T18:15:00Z,45.96,21.3,0
2026-02-02T18:30:00Z,30.27,21.6,0
2026-02-02T18:45:00Z,8.84,21.5,0
2026-02-02T19:00:00Z,0.096,20.21,0
2026-02-02T19:15:00Z,0,19.9,0
2026-02-02T19:30:00Z,0,19.9,1.513
2026-02-02T19:45:00Z,0,19.01,240.6
2026-02-02T20:00:00Z,0,18.7,60.52
2026-02-02T20:15:00Z,0,18.5,30.26
2026-02-02T20:30:00Z,0,18.5,60.52
2026-02-02T20:45:00Z,0,18.5,30.26
2026-02-02T21:00:00Z,0,18.5,60.52
2026-02-02T21:15:00Z,0,18.5,60.52
2026-02-02T21:30:00Z,0,18.5,60.52
2026-02-02T21:45:00Z,0,18.5,30.26
2026-02-02T22:00:00Z,0,18.5,0
2026-02-02T22:15:00Z,0,18.5,0
2026-02-02T22:30:00Z,0,18.9,0
2026-02-02T22:45:00Z,0,19.1,0
2026-02-02T23:00:00Z,0,19.2,0
2026-02-02T23:15:00Z,0,19.2,0
2026-02-02T23:30:00Z,0,19.2,0
2026-02-02T23:45:00Z,0,19.2,0
2026-02-03T00:00:00Z,0,19.2,0
2026-02-03T00:15:00Z,0,19.2,0
2026-02-03T00:30:00Z,0,19.2,0
2026-02-03T00:45:00Z,0,19.1,30.26
2026-02-03T01:00:00Z,0,18.9,60.52
2026-02-03T01:15:00Z,0,18.9,60.52
2026-02-03T01:30:00Z,0,18.8,30.26
2026-02-03T01:45:00Z,0,18.6,60.52
2026-02-03T02:00:00Z,0,18.6,60.52
2026-02-03T02:15:00Z,0,18.7,0
2026-02-03T02:30:00Z,0,18.7,0
2026-02-03T02:45:00Z,0,18.6,0
2026-02-03T03:00:00Z,0,18.5,30.26
2026-02-03T03:15:00Z,0,18.7,0
2026-02-03T03:30:00Z,0,18.3,60.52
2026-02-03T03:45:00Z,0,18.1,30.26
2026-02-03T04:00:00Z,0,18.1,30.26
2026-02-03T04:15:00Z,0,18.2,0
2026-02-03T04:30:00Z,0,18.3,0
2026-02-03T04:45:00Z,0,18.4,30.26
2026-02-03T05:00:00Z,0,18.4,0
2026-02-03T05:15:00Z,0,18.5,0
2026-02-03T05:30:00Z,0,18.6,0
2026-02-03T05:45:00Z,0,18.6,0
2026-02-03T06:00:00Z,0,18.6,0
2026-02-03T06:15:00Z,0,18.6,0
2026-02-03T06:30:00Z,3.758,18.7,0
2026-02-03T06:45:00Z,24.17,18.8,0
2026-02-03T07:00:00Z,52.19,18.8,0
2026-02-03T07:15:00Z,81.6,19,0
2026-02-03T07:30:00Z,101.8,19.3,0
2026-02-03T07:45:00Z,134.9,19.6,0
2026-02-03T08:00:00Z,190.3,19.8,0
2026-02-03T08:15:00Z,218.8,19.7,0
2026-02-03T08:30:00Z,284.3,19.7,0
2026-02-03T08:45:00Z,414,20.29,0
2026-02-03T09:00:00Z,409.8,20.6,0
2026-02-03T09:15:00Z,416.9,20.6,0
2026-02-03T09:30:00Z,477.1,20.9,0
2026-02-03T09:45:00Z,459.7,20.8,0
2026-02-03T10:00:00Z,440.1,20.7,0
2026-02-03T10:15:00Z,428.9,20.7,0
2026-02-03T10:30:00Z,521.9,21.1,0
2026-02-03T10:45:00Z,577.5,21.4,0
2026-02-03T11:00:00Z,490.6,21.3,0
2026-02-03T11:15:00Z,501.6,21.79,0
2026-02-03T11:30:00Z,524.1,21.9,0
2026-02-03T11:45:00Z,521.8,21.5,0
2026-02-03T12:00:00Z,433.7,21.9,0
2026-02-03T12:15:00Z,473.6,21.7,0
2026-02-03T12:30:00Z,345.1,21.01,60.52
2026-02-03T12:45:00Z,297.6,19.32,60.52
2026-02-03T13:00:00Z,109.8,19.3,272.3
2026-02-03T13:15:00Z,98.7,18.9,363.1
2026-02-03T13:30:00Z,140.5,18.9,60.52
2026-02-03T13:45:00Z,353.3,19.1,0
2026-02-03T14:00:00Z,528.9,19.3,0
2026-02-03T14:15:00Z,516.5,19.1,0
2026-02-03T14:30:00Z,471,18.8,0
2026-02-03T14:45:00Z,311.1,19.99,0
2026-02-03T15:00:00Z,288.2,20.3,0
2026-02-03T15:15:00Z,94.3,19.31,0
2026-02-03T15:30:00Z,95.6,18.81,60.52
2026-02-03T15:45:00Z,102.3,18.7,30.26
2026-02-03T16:00:00Z,85,18.9,30.26
2026-02-03T16:15:00Z,76.99,18.7,60.52
2026-02-03T16:30:00Z,96.7,18.9,60.52
2026-02-03T16:45:00Z,101,19,0
2026-02-03T17:00:00Z,93.5,19.2,30.26
2026-02-03T17:15:00Z,69.86,19.2,0
2026-02-03T17:30:00Z,54.77,19.2,0
2026-02-03T17:45:00Z,47.97,19.3,0
2026-02-03T18:00:00Z,33.76,19.5,0
2026-02-03T18:15:00Z,21.93,19.6,30.26
2026-02-03T18:30:00Z,12.9,19.7,0
2026-02-03T18:45:00Z,2.911,19.8,0
2026-02-03T19:00:00Z,0.031,19.6,0
2026-02-03T19:15:00Z,0,19.6,0
2026-02-03T19:30:00Z,0,19.7,0
2026-02-03T19:45:00Z,0,19.6,0
2026-02-03T20:00:00Z,0,19.7,0
2026-02-03T20:15:00Z,0,19.7,0
2026-02-03T20:30:00Z,0,19.7,0
2026-02-03T20:45:00Z,0,19.4,0
2026-02-03T21:00:00Z,0,19.2,0
2026-02-03T21:15:00Z,0,19.2,0
2026-02-03T21:30:00Z,0,19.3,0
2026-02-03T21:45:00Z,0,19.3,0
2026-02-03T22:00:00Z,0,19.3,0
2026-02-03T22:15:00Z,0,19.3,0
2026-02-03T22:30:00Z,0,19.3,30.26
2026-02-03T22:45:00Z,0,19.2,0
2026-02-03T23:00:00Z,0,19.3,0
2026-02-03T23:15:00Z,0,19.3,0
2026-02-03T23:30:00Z,0,19.4,0
2026-02-03T23:45:00Z,0,19.5,0
2026-02-04T00:00:00Z,0,19.6,0
2026-02-04T00:15:00Z,0,19.6,0
2026-02-04T00:30:00Z,0,19.6,0
2026-02-04T00:45:00Z,0,19.6,0
2026-02-04T01:00:00Z,0,19.6,0
2026-02-04T01:15:00Z,0,19.6,0
2026-02-04T01:30:00Z,0,19.6,0
2026-02-04T01:45:00Z,0,19.6,0
2026-02-04T02:00:00Z,0,19.6,0
2026-02-04T02:15:00Z,0,19.6,0
2026-02-04T02:30:00Z,0,19.5,30.26
2026-02-04T02:45:00Z,0,19.2,60.52
2026-02-04T03:00:00Z,0,18.9,90.8
2026-02-04T03:15:00Z,0,18.8,30.26
2026-02-04T03:30:00Z,0,18.7,0
2026-02-04T03:45:00Z,0,18.5,0
2026-02-04T04:00:00Z,0,18.6,0
2026-02-04T04:15:00Z,0,18.8,0
2026-02-04T04:30:00Z,0,18.9,0
2026-02-04T04:45:00Z,0,18.8,0
2026-02-04T05:00:00Z,0,18.5,0
2026-02-04T05:15:00Z,0,18.3,0
2026-02-04T05:30:00Z,0,18.2,0
2026-02-04T05:45:00Z,0,18.3,0
2026-02-04T06:00:00Z,0,18.3,0
2026-02-04T06:15:00Z,0,18.3,0
2026-02-04T06:30:00Z,0,18.4,0
2026-02-04T06:45:00Z,5.34,18.4,0
2026-02-04T07:00:00Z,18.75,18.5,0
2026-02-04T07:15:00Z,45.01,18.7,0
2026-02-04T07:30:00Z,74.77,18.9,0
2026-02-04T07:45:00Z,95.2,19.1,0
2026-02-04T08:00:00Z,110.1,19.4,0
2026-02-04T08:15:00Z,140.1,19.8,0
2026-02-04T08:30:00Z,169,20,0
2026-02-04T08:45:00Z,269.5,20.4,0
2026-02-04T09:00:00Z,370.1,21.19,0
2026-02-04T09:15:00Z,468.5,22.19,0
2026-02-04T09:30:00Z,407.8,22.1,0
2026-02-04T09:45:00Z,428.8,22.3,0
2026-02-04T10:00:00Z,439.5,22.4,0
2026-02-04T10:15:00Z,560,22.4,0
2026-02-04T10:30:00Z,705.9,22.7,0
2026-02-04T10:45:00Z,678.3,23,0
2026-02-04T11:00:00Z,581,22.6,0
2026-02-04T11:15:00Z,523.1,22.6,0
2026-02-04T11:30:00Z,608.2,22.9,0
2026-02-04T11:45:00Z,829,23.2,0
2026-02-04T12:00:00Z,708.9,23.3,0
2026-02-04T12:15:00Z,995,23.7,0
2026-02-04T12:30:00Z,813,23.7,0
2026-02-04T12:45:00Z,809,23.7,0
2026-02-04T13:00:00Z,1101,24,0
2026-02-04T13:15:00Z,771.6,24.3,0
2026-02-04T13:30:00Z,746.1,24,0
2026-02-04T13:45:00Z,999,24.69,0
2026-02-04T14:00:00Z,769.5,24.6,0
2026-02-04T14:15:00Z,685.9,24.4,0
2026-02-04T14:30:00Z,625.7,24.6,0
2026-02-04T14:45:00Z,764.1,24.9,0
2026-02-04T15:00:00Z,384.7,24.6,0
2026-02-04T15:15:00Z,415.9,24.3,0
2026-02-04T15:30:00Z,784.2,25.09,0
2026-02-04T15:45:00Z,511.8,25.1,0
2026-02-04T16:00:00Z,526.3,24.9,0
2026-02-04T16:15:00Z,343.7,24.5,0
2026-02-04T16:30:00Z,150.6,24.1,0
2026-02-04T16:45:00Z,80.2,23.11,0
2026-02-04T17:00:00Z,95.3,19.84,90.8
2026-02-04T17:15:00Z,156.4,20.59,30.26
2026-02-04T17:30:00Z,192.9,21.69,0
2026-02-04T17:45:00Z,194.2,22.69,0
2026-02-04T18:00:00Z,177.4,23.1,0
2026-02-04T18:15:00Z,125.6,23.1,0
2026-02-04T18:30:00Z,86.5,23,0
2026-02-04T18:45:00Z,38.44,22.7,0
2026-02-04T19:00:00Z,7.047,22.5,0
2026-02-04T19:15:00Z,0.074,22.2,0
2026-02-04T19:30:00Z,0,22,0
2026-02-04T19:45:00Z,0,21.9,0
2026-02-04T20:00:00Z,0,21.9,0
2026-02-04T20:15:00Z,0,21.7,0
2026-02-04T20:30:00Z,0,21.7,0
2026-02-04T20:45:00Z,0,21.5,0
2026-02-04T21:00:00Z,0,21.7,0
2026-02-04T21:15:00Z,0,21.4,0
2026-02-04T21:30:00Z,0,21.2,0
2026-02-04T21:45:00Z,0,21.2,0
2026-02-04T22:00:00Z,0,21.1,0
2026-02-04T22:15:00Z,0,21,0
2026-02-04T22:30:00Z,0,21.2,0
2026-02-04T22:45:00Z,0,21.3,0
2026-02-04T23:00:00Z,0,21.3,0
2026-02-04T23:15:00Z,0,21.2,0
2026-02-04T23:30:00Z,0,21.1,0
2026-02-04T23:45:00Z,0,20.9,0
2026-02-05T00:00:00Z,0,20.8,0
2026-02-05T00:15:00Z,0,20.8,0
2026-02-05T00:30:00Z,0,20.6,0
2026-02-05T00:45:00Z,0,20.7,0
2026-02-05T01:00:00Z,0,20.7,0
2026-02-05T01:15:00Z,0,20.6,0
2026-02-05T01:30:00Z,0,20.5,0
2026-02-05T01:45:00Z,0,20.3,0
2026-02-05T02:00:00Z,0,20.2,0
2026-02-05T02:15:00Z,0,20.2,0
2026-02-05T02:30:00Z,0,20.2,0
2026-02-05T02:45:00Z,0,20.1,0
2026-02-05T03:00:00Z,0,20.1,0
2026-02-05T03:15:00Z,0,20.4,0
2026-02-05T03:30:00Z,0,20.3,0
2026-02-05T03:45:00Z,0,20.2,0
2026-02-05T04:00:00Z,0,20.1,0
2026-02-05T04:15:00Z,0,20.1,0
2026-02-05T04:30:00Z,0,20,0
2026-02-05T04:45:00Z,0,20,0
2026-02-05T05:00:00Z,0,19.9,0
2026-02-05T05:15:00Z,0,19.8,0
2026-02-05T05:30:00Z,0,19.8,0
2026-02-05T05:45:00Z,0,19.7,0
2026-02-05T06:00:00Z,0,19.7,0
2026-02-05T06:15:00Z,0,19.8,0
2026-02-05T06:30:00Z,0,19.6,0
2026-02-05T06:45:00Z,5.34,19.9,0
2026-02-05T07:00:00Z,25.08,20,0
2026-02-05T07:15:00Z,44.88,20.2,0
2026-02-05T07:30:00Z,58.65,20.1,0
2026-02-05T07:45:00Z,67.21,20.3,0
2026-02-05T08:00:00Z,76.3,20.4,0
2026-02-05T08:15:00Z,77.78,20.7,0
2026-02-05T08:30:00Z,71.47,20.8,0
2026-02-05T08:45:00Z,74.96,20.9,0
2026-02-05T09:00:00Z,101.9,21,0
2026-02-05T09:15:00Z,157.2,21.1,0
2026-02-05T09:30:00Z,218.7,21.4,0
2026-02-05T09:45:00Z,294.5,21.6,0
2026-02-05T10:00:00Z,335.4,22,0
2026-02-05T10:15:00Z,431.8,22.69,0
2026-02-05T10:30:00Z,499.4,23.39,0
2026-02-05T10:45:00Z,464.6,23.6,0
2026-02-05T11:00:00Z,401.8,23.6,0
2026-02-05T11:15:00Z,416.2,23.4,0
2026-02-05T11:30:00Z,359.7,23.2,0
2026-02-05T11:45:00Z,391.3,23.3,0
2026-02-05T12:00:00Z,411.6,23.6,0
2026-02-05T12:15:00Z,466.8,23.9,0
2026-02-05T12:30:00Z,535.1,24.3,0
2026-02-05T12:45:00Z,794.1,25.09,0
2026-02-05T13:00:00Z,824,25,0
2026-02-05T13:15:00Z,937,25.1,0
2026-02-05T13:30:00Z,757.8,25.1,0
2026-02-05T13:45:00Z,642.4,24.7,0
2026-02-05T14:00:00Z,955,25.19,0
2026-02-05T14:15:00Z,842,25.2,0
2026-02-05T14:30:00Z,687.6,25.3,0
2026-02-05T14:45:00Z,947,25.99,0
2026-02-05T15:00:00Z,874,26.1,0
2026-02-05T15:15:00Z,858,26.3,0
2026-02-05T15:30:00Z,896,26.2,0
2026-02-05T15:45:00Z,851,26.4,0
2026-02-05T16:00:00Z,775,26.6,0
2026-02-05T16:15:00Z,595,26.6,0
2026-02-05T16:30:00Z,529.4,26.4,0
2026-02-05T16:45:00Z,512.2,26.2,0
2026-02-05T17:00:00Z,522.6,26.4,0
2026-02-05T17:15:00Z,470.3,26.4,0
2026-02-05T17:30:00Z,235.7,25.71,0
2026-02-05T17:45:00Z,163.6,25.21,0
2026-02-05T18:00:00Z,106.4,25.1,0
2026-02-05T18:15:00Z,57.25,24.7,0
2026-02-05T18:30:00Z,31.78,24.5,0
2026-02-05T18:45:00Z,11.33,24.1,0
2026-02-05T19:00:00Z,0.123,23.9,0
2026-02-05T19:15:00Z,0,23.9,0
2026-02-05T19:30:00Z,0,22.42,30.26
2026-02-05T19:45:00Z,0,20.92,0
2026-02-05T20:00:00Z,0,20.8,0
2026-02-05T20:15:00Z,0,20.8,0
2026-02-05T20:30:00Z,0,20.8,0
2026-02-05T20:45:00Z,0,20.7,0
2026-02-05T21:00:00Z,0,20.8,0
2026-02-05T21:15:00Z,0,20.6,0
2026-02-05T21:30:00Z,0,20.5,0
2026-02-05T21:45:00Z,0,20.7,0
2026-02-05T22:00:00Z,0,20.7,0
2026-02-05T22:15:00Z,0,20.6,0
2026-02-05T22:30:00Z,0,20.6,0
2026-02-05T22:45:00Z,0,20.6,0
2026-02-05T23:00:00Z,0,20.5,0
2026-02-05T23:15:00Z,0,20.6,0
2026-02-05T23:30:00Z,0,20.5,0
2026-02-05T23:45:00Z,0,20.3,0
2026-02-06T00:00:00Z,0,20.2,0
2026-02-06T00:15:00Z,0,20.2,0
2026-02-06T00:30:00Z,0,20.2,0
2026-02-06T00:45:00Z,0,20.3,0
2026-02-06T01:00:00Z,0,20.4,0
2026-02-06T01:15:00Z,0,20.3,0
2026-02-06T01:30:00Z,0,20.1,0
2026-02-06T01:45:00Z,0,20.2,0
2026-02-06T02:00:00Z,0,20.1,0
2026-02-06T02:15:00Z,0,20,0
2026-02-06T02:30:00Z,0,20,0
2026-02-06T02:45:00Z,0,20.2,0
2026-02-06T03:00:00Z,0,20.2,0
2026-02-06T03:15:00Z,0,20,0
2026-02-06T03:30:00Z,0,20,0
2026-02-06T03:45:00Z,0,20.1,0
2026-02-06T04:00:00Z,0,20.2,0
2026-02-06T04:15:00Z,0,19.9,0
2026-02-06T04:30:00Z,0,19.41,0
2026-02-06T04:45:00Z,0,18.91,0
2026-02-06T05:00:00Z,0,18.7,0
2026-02-06T05:15:00Z,0,18.5,0
2026-02-06T05:30:00Z,0,18.5,0
2026-02-06T05:45:00Z,0,18.3,0
2026-02-06T06:00:00Z,0,18.1,0
2026-02-06T06:15:00Z,0,18.3,0
2026-02-06T06:30:00Z,2.077,18,0
2026-02-06T06:45:00Z,22.08,18.99,0
2026-02-06T07:00:00Z,58.49,19.89,0
2026-02-06T07:15:00Z,105.9,20.99,0
2026-02-06T07:30:00Z,161.2,22.19,0
2026-02-06T07:45:00Z,205.2,22.79,0
2026-02-06T08:00:00Z,200,23.1,0
2026-02-06T08:15:00Z,264.2,23.79,0
2026-02-06T08:30:00Z,294.8,24.59,0
2026-02-06T08:45:00Z,273,24.9,0
2026-02-06T09:00:00Z,294.9,25.1,0
2026-02-06T09:15:00Z,355.1,25.69,0
2026-02-06T09:30:00Z,425.6,25.9,0
2026-02-06T09:45:00Z,438.3,26,0
2026-02-06T10:00:00Z,487.5,26.2,0
2026-02-06T10:15:00Z,569.5,26.5,0
2026-02-06T10:30:00Z,655.6,27.09,0
2026-02-06T10:45:00Z,678.6,27.2,0
2026-02-06T11:00:00Z,746.4,26.9,0
2026-02-06T11:15:00Z,856,27,0
2026-02-06T11:30:00Z,893,27.2,0
2026-02-06T11:45:00Z,640.7,26.61,0
2026-02-06T12:00:00Z,864,26.9,0
2026-02-06T12:15:00Z,321.8,25.81,0
2026-02-06T12:30:00Z,229.6,25.5,0
2026-02-06T12:45:00Z,189.3,25.1,0
2026-02-06T13:00:00Z,156.5,25,0
2026-02-06T13:15:00Z,157.6,24.41,0
2026-02-06T13:30:00Z,192.2,23.91,0
2026-02-06T13:45:00Z,295.5,23.9,0
2026-02-06T14:00:00Z,429.1,24.59,0
2026-02-06T14:15:00Z,576.7,25.19,0
2026-02-06T14:30:00Z,480.7,25.6,0
2026-02-06T14:45:00Z,647.1,26.09,0
2026-02-06T15:00:00Z,725.7,26.3,0
2026-02-06T15:15:00Z,825,27.19,0
2026-02-06T15:30:00Z,696,27.1,0
2026-02-06T15:45:00Z,813,27.79,0
2026-02-06T16:00:00Z,725.2,27.9,0
2026-02-06T16:15:00Z,714.2,28,0
2026-02-06T16:30:00Z,630.5,25.73,31.77
2026-02-06T16:45:00Z,597.7,25.5,28.75
2026-02-06T17:00:00Z,433.9,26.29,0
2026-02-06T17:15:00Z,127.1,25.51,0
2026-02-06T17:30:00Z,131.3,25.1,0
2026-02-06T17:45:00Z,119.8,24.7,0
2026-02-06T18:00:00Z,102.7,24.21,0
2026-02-06T18:15:00Z,80.6,24,0
2026-02-06T18:30:00Z,53.7,23.9,0
2026-02-06T18:45:00Z,26.01,22.91,0
2026-02-06T19:00:00Z,3.846,22.7,0
2026-02-06T19:15:00Z,0.04,22.7,0
2026-02-06T19:30:00Z,0,22.21,0
2026-02-06T19:45:00Z,0,22.1,0
2026-02-06T20:00:00Z,0,22,0
2026-02-06T20:15:00Z,0,21.8,0
2026-02-06T20:30:00Z,0,21.4,0
2026-02-06T20:45:00Z,0,20.71,0
2026-02-06T21:00:00Z,0,20.9,0
2026-02-06T21:15:00Z,0,21.39,0
2026-02-06T21:30:00Z,0,20.91,0
2026-02-06T21:45:00Z,0,19.91,0
2026-02-06T22:00:00Z,0,19.5,0
2026-02-06T22:15:00Z,0,19.2,0
2026-02-06T22:30:00Z,0,19.3,0
2026-02-06T22:45:00Z,0,19,0
2026-02-06T23:00:00Z,0,19.4,0
2026-02-06T23:15:00Z,0,19,0
2026-02-06T23:30:00Z,0,18.7,0
2026-02-06T23:45:00Z,0,18.7,0
2026-02-07T00:00:00Z,0,18.6,0
2026-02-07T00:15:00Z,0,18.2,0
2026-02-07T00:30:00Z,0,18,0
2026-02-07T00:45:00Z,0,18.3,0
2026-02-07T01:00:00Z,0,18.1,0
2026-02-07T01:15:00Z,0,18.2,0
2026-02-07T01:30:00Z,0,18.5,0
2026-02-07T01:45:00Z,0,18.7,0
2026-02-07T02:00:00Z,0,18.4,0
2026-02-07T02:15:00Z,0,19.29,0
2026-02-07T02:30:00Z,0,19.89,0
2026-02-07T02:45:00Z,0,19.21,0
2026-02-07T03:00:00Z,0,19,0
2026-02-07T03:15:00Z,0,18.7,0
2026-02-07T03:30:00Z,0,19.69,0
2026-02-07T03:45:00Z,0,20.29,0
2026-02-07T04:00:00Z,0,20.3,0
2026-02-07T04:15:00Z,0,20.4,0
2026-02-07T04:30:00Z,0,20.8,0
2026-02-07T04:45:00Z,0,21,0
2026-02-07T05:00:00Z,0,20.9,0
2026-02-07T05:15:00Z,0,20.8,0
2026-02-07T05:30:00Z,0,20.7,0
2026-02-07T05:45:00Z,0,20.8,0
2026-02-07T06:00:00Z,0,20.7,0
2026-02-07T06:15:00Z,0,20.5,0
2026-02-07T06:30:00Z,0.198,20.4,0
2026-02-07T06:45:00Z,9.79,20.2,0
2026-02-07T07:00:00Z,27.5,20.2,0
2026-02-07T07:15:00Z,58.26,20.6,0
2026-02-07T07:30:00Z,61.17,20.7,0
2026-02-07T07:45:00Z,81,20.8,0
2026-02-07T08:00:00Z,174.9,21.39,0
2026-02-07T08:15:00Z,199.6,21.7,0
2026-02-07T08:30:00Z,256.8,22.19,0
2026-02-07T08:45:00Z,283.7,22.2,0
2026-02-07T09:00:00Z,284.4,21.9,0
2026-02-07T09:15:00Z,406.1,22.1,0
2026-02-07T09:30:00Z,407.3,22.2,0
2026-02-07T09:45:00Z,522.7,22.69,0
2026-02-07T10:00:00Z,519.4,23.29,0
2026-02-07T10:15:00Z,553.8,23.3,0
2026-02-07T10:30:00Z,672.4,23.3,0
2026-02-07T10:45:00Z,719.1,23.6,0
2026-02-07T11:00:00Z,710.5,23.4,0
2026-02-07T11:15:00Z,924,23.7,0
2026-02-07T11:30:00Z,651.6,23.7,0
2026-02-07T11:45:00Z,900,23.9,0
2026-02-07T12:00:00Z,942,24.3,0
2026-02-07T12:15:00Z,401.9,23.71,0
2026-02-07T12:30:00Z,252.1,23.6,0
2026-02-07T12:45:00Z,281,23.3,0
2026-02-07T13:00:00Z,637.4,23.7,0
2026-02-07T13:15:00Z,1072,24.49,0
2026-02-07T13:30:00Z,1051,25.09,0
2026-02-07T13:45:00Z,1024,25.3,0
2026-02-07T14:00:00Z,451.2,24.61,0
2026-02-07T14:15:00Z,111.7,23.91,0
2026-02-07T14:30:00Z,47.97,21.33,0
2026-02-07T14:45:00Z,35.33,20.31,0
2026-02-07T15:00:00Z,28.57,19.9,30.26
2026-02-07T15:15:00Z,37.3,19.6,30.26
2026-02-07T15:30:00Z,59.06,19.8,30.26
2026-02-07T15:45:00Z,106.9,19.5,30.26
2026-02-07T16:00:00Z,180.4,20.09,30.26
2026-02-07T16:15:00Z,234.2,20.69,0
2026-02-07T16:30:00Z,239.8,21.39,0
2026-02-07T16:45:00Z,415,22.49,0
2026-02-07T17:00:00Z,544.8,23.88,0
2026-02-07T17:15:00Z,415.4,23.8,0
2026-02-07T17:30:00Z,364.9,23.9,0
2026-02-07T17:45:00Z,275.9,23.8,0
2026-02-07T18:00:00Z,146.9,23.7,0
2026-02-07T18:15:00Z,84,23.4,0
2026-02-07T18:30:00Z,46.51,23.1,0
2026-02-07T18:45:00Z,18.71,22.9,0
2026-02-07T19:00:00Z,5.248,22.5,0
2026-02-07T19:15:00Z,0.057,21.51,0
2026-02-07T19:30:00Z,0,20.71,0
2026-02-07T19:45:00Z,0,20.4,0
2026-02-07T20:00:00Z,0,20.7,0
2026-02-07T20:15:00Z,0,20.21,0
2026-02-07T20:30:00Z,0,19.9,0
2026-02-07T20:45:00Z,0,19.7,0
2026-02-07T21:00:00Z,0,19.7,0
2026-02-07T21:15:00Z,0,19.4,0
2026-02-07T21:30:00Z,0,19.3,0
2026-02-07T21:45:00Z,0,19.1,0
2026-02-07T22:00:00Z,0,19.4,0
2026-02-07T22:15:00Z,0,20.29,0
2026-02-07T22:30:00Z,0,20.4,0
2026-02-07T22:45:00Z,0,20.1,0
2026-02-07T23:00:00Z,0,19.01,0
2026-02-07T23:15:00Z,0,18.8,0
2026-02-07T23:30:00Z,0,19.1,0
2026-02-07T23:45:00Z,0,18.41,0
2026-02-08T00:00:00Z,0,18.4,0
2026-02-08T00:15:00Z,0,18.99,0
2026-02-08T00:30:00Z,0,19.89,0
2026-02-08T00:45:00Z,0,20,0
2026-02-08T01:00:00Z,0,19.7,0
2026-02-08T01:15:00Z,0,18.51,0
2026-02-08T01:30:00Z,0,18.4,0
2026-02-08T01:45:00Z,0,18.4,0
2026-02-08T02:00:00Z,0,18.2,0
2026-02-08T02:15:00Z,0,18.79,0
2026-02-08T02:30:00Z,0,19.59,0
2026-02-08T02:45:00Z,0,20.29,0
2026-02-08T03:00:00Z,0,20.2,0
2026-02-08T03:15:00Z,0,20.3,0
2026-02-08T03:30:00Z,0,20.4,0
2026-02-08T03:45:00Z,0,20.3,0
2026-02-08T04:00:00Z,0,20.1,0
2026-02-08T04:15:00Z,0,19.8,0
2026-02-08T04:30:00Z,0,19.8,0
2026-02-08T04:45:00Z,0,20,0
2026-02-08T05:00:00Z,0,19.9,0
2026-02-08T05:15:00Z,0,19.8,0
2026-02-08T05:30:00Z,0,19.5,0
2026-02-08T05:45:00Z,0,19.5,0
2026-02-08T06:00:00Z,0,19.5,0
2026-02-08T06:15:00Z,0,19.6,0
2026-02-08T06:30:00Z,0,19.6,0
2026-02-08T06:45:00Z,3.164,19.8,0
2026-02-08T07:00:00Z,27.72,19.9,0
2026-02-08T07:15:00Z,93.7,20.1,0
2026-02-08T07:30:00Z,127.2,20.4,0
2026-02-08T07:45:00Z,129.6,20.4,0
2026-02-08T08:00:00Z,130.4,20.3,0
2026-02-08T08:15:00Z,223.8,20.6,0
2026-02-08T08:30:00Z,202.3,21.09,0
2026-02-08T08:45:00Z,194.2,20.61,0
2026-02-08T09:00:00Z,212.4,20.7,0
2026-02-08T09:15:00Z,301.9,21.19,0
2026-02-08T09:30:00Z,225,21,0
2026-02-08T09:45:00Z,450.5,21.69,0
2026-02-08T10:00:00Z,382.2,22,0
2026-02-08T10:15:00Z,309.3,21.6,0
2026-02-08T10:30:00Z,522.9,22.29,0
2026-02-08T10:45:00Z,473.1,22.3,0
2026-02-08T11:00:00Z,625.9,22.5,0
2026-02-08T11:15:00Z,621.8,22.4,0
2026-02-08T11:30:00Z,690,22.6,0
2026-02-08T11:45:00Z,593.7,23,0
2026-02-08T12:00:00Z,603.8,22.8,0
2026-02-08T12:15:00Z,697.4,22.6,0
2026-02-08T12:30:00Z,1056,23.79,0
2026-02-08T12:45:00Z,934,24.2,0
2026-02-08T13:00:00Z,652.3,23.9,0
2026-02-08T13:15:00Z,682.5,23.8,0
2026-02-08T13:30:00Z,298.3,23.8,0
2026-02-08T13:45:00Z,185.4,22.32,121
2026-02-08T14:00:00Z,236.3,17.36,30.26
2026-02-08T14:15:00Z,267.4,20.46,0
2026-02-08T14:30:00Z,120.2,21.49,0
2026-02-08T14:45:00Z,126.8,21.1,0
2026-02-08T15:00:00Z,301.8,21.59,0
2026-02-08T15:15:00Z,793.8,22.59,0
2026-02-08T15:30:00Z,773.5,23.98,0
2026-02-08T15:45:00Z,304.1,23.8,0
2026-02-08T16:00:00Z,295.7,23.7,0
2026-02-08T16:15:00Z,271.3,23.7,0
2026-02-08T16:30:00Z,208.3,23.6,0
2026-02-08T16:45:00Z,168.1,23.6,0
2026-02-08T17:00:00Z,144.5,23.6,0
2026-02-08T17:15:00Z,135.9,23.5,0
2026-02-08T17:30:00Z,248.6,23.7,0
2026-02-08T17:45:00Z,354.3,24.39,0
2026-02-08T18:00:00Z,226.3,24.4,0
2026-02-08T18:15:00Z,131,24.1,0
2026-02-08T18:30:00Z,105.1,23.8,0
2026-02-08T18:45:00Z,32.71,23.4,0
2026-02-08T19:00:00Z,4.903,23,0
2026-02-08T19:15:00Z,0.051,22.8,0
2026-02-08T19:30:00Z,0,22.6,0
2026-02-08T19:45:00Z,0,22.4,0
2026-02-08T20:00:00Z,0,22.4,0
2026-02-08T20:15:00Z,0,22.4,0
2026-02-08T20:30:00Z,0,22.2,0
2026-02-08T20:45:00Z,0,22.1,0
2026-02-08T21:00:00Z,0,21.41,0
2026-02-08T21:15:00Z,0,21.6,0
2026-02-08T21:30:00Z,0,21.7,0
2026-02-08T21:45:00Z,0,21.7,0
2026-02-08T22:00:00Z,0,21.8,0
2026-02-08T22:15:00Z,0,21.6,0
2026-02-08T22:30:00Z,0,21.3,0
2026-02-08T22:45:00Z,0,21.1,0
2026-02-08T23:00:00Z,0,21,0
2026-02-08T23:15:00Z,0,20.7,0
2026-02-08T23:30:00Z,0,20.6,0
2026-02-08T23:45:00Z,0,20.5,0
2026-02-09T00:00:00Z,0,20.6,0
2026-02-09T00:15:00Z,0,20.6,0
2026-02-09T00:30:00Z,0,20.7,0
2026-02-09T00:45:00Z,0,20.6,0
2026-02-09T01:00:00Z,0,20.5,0
2026-02-09T01:15:00Z,0,20.5,0
2026-02-09T01:30:00Z,0,20.4,0
2026-02-09T01:45:00Z,0,20.4,0
2026-02-09T02:00:00Z,0,20.4,0
2026-02-09T02:15:00Z,0,20.3,0
2026-02-09T02:30:00Z,0,20.1,0
2026-02-09T02:45:00Z,0,20,0
2026-02-09T03:00:00Z,0,20.1,0
2026-02-09T03:15:00Z,0,20.1,0
2026-02-09T03:30:00Z,0,20.1,0
2026-02-09T03:45:00Z,0,20,0
2026-02-09T04:00:00Z,0,20,0
2026-02-09T04:15:00Z,0,20,0
2026-02-09T04:30:00Z,0,20,0
2026-02-09T04:45:00Z,0,19.9,0
2026-02-09T05:00:00Z,0,19.8,0
2026-02-09T05:15:00Z,0,19.8,0
2026-02-09T05:30:00Z,0,19.8,0
2026-02-09T05:45:00Z,0,19.8,0
2026-02-09T06:00:00Z,0,19.8,0
2026-02-09T06:15:00Z,0,19.8,0
2026-02-09T06:30:00Z,0,19.8,0
2026-02-09T06:45:00Z,19.09,19.8,0
2026-02-09T07:00:00Z,28.3,19.7,0
2026-02-09T07:15:00Z,17.23,19.7,0
2026-02-09T07:30:00Z,43.9,19.8,0
2026-02-09T07:45:00Z,83.9,19.9,0
2026-02-09T08:00:00Z,216.5,20.3,0
2026-02-09T08:15:00Z,356.2,20.99,0
2026-02-09T08:30:00Z,273.2,21,0
2026-02-09T08:45:00Z,496.2,21.79,0
2026-02-09T09:00:00Z,558.2,22.59,0
2026-02-09T09:15:00Z,579.3,22.8,0
2026-02-09T09:30:00Z,681.7,23.29,0
2026-02-09T09:45:00Z,385.6,22.41,0
2026-02-09T10:00:00Z,385.7,22.2,0
2026-02-09T10:15:00Z,334.6,22,0
2026-02-09T10:30:00Z,510.5,22.2,0
2026-02-09T10:45:00Z,404.8,22.4,0
2026-02-09T11:00:00Z,537.6,22.5,0
2026-02-09T11:15:00Z,582.9,22.99,0
2026-02-09T11:30:00Z,740,23.4,0
2026-02-09T11:45:00Z,481.6,22.81,0
2026-02-09T12:00:00Z,858,23.89,0
2026-02-09T12:15:00Z,598.1,23.6,0
2026-02-09T12:30:00Z,425.9,23.11,0
2026-02-09T12:45:00Z,472,23.4,0
2026-02-09T13:00:00Z,625.7,23.5,0
2026-02-09T13:15:00Z,850,23.99,0
2026-02-09T13:30:00Z,571.2,23.6,0
2026-02-09T13:45:00Z,565.3,23.7,0
2026-02-09T14:00:00Z,490.9,23.7,0
2026-02-09T14:15:00Z,445.7,23.3,0
2026-02-09T14:30:00Z,343.2,23.1,0
2026-02-09T14:45:00Z,216.9,22.01,0
2026-02-09T15:00:00Z,176.2,20.71,121
2026-02-09T15:15:00Z,362,20.11,90.8
2026-02-09T15:30:00Z,422.8,21.78,0
2026-02-09T15:45:00Z,230.1,22.49,0
2026-02-09T16:00:00Z,350.8,22.7,0
2026-02-09T16:15:00Z,322.6,23,0
2026-02-09T16:30:00Z,100.1,22.51,30.26
2026-02-09T16:45:00Z,248.1,21.81,0
2026-02-09T17:00:00Z,322.5,22.1,0
2026-02-09T17:15:00Z,477.9,23.09,0
2026-02-09T17:30:00Z,363.3,22.9,0
2026-02-09T17:45:00Z,193.3,22.5,0
2026-02-09T18:00:00Z,194.5,22.6,0
2026-02-09T18:15:00Z,160.7,22.3,0
2026-02-09T18:30:00Z,166.3,22.2,0
2026-02-09T18:45:00Z,26.97,21.8,0
2026-02-09T19:00:00Z,4.93,21.5,0
2026-02-09T19:15:00Z,0.052,21.2,0
2026-02-09T19:30:00Z,0,21.3,0
2026-02-09T19:45:00Z,0,21.2,0
2026-02-09T20:00:00Z,0,21,0
2026-02-09T20:15:00Z,0,20.9,0
2026-02-09T20:30:00Z,0,20.9,0
2026-02-09T20:45:00Z,0,20.7,0
2026-02-09T21:00:00Z,0,20.6,0
2026-02-09T21:15:00Z,0,20.6,0
2026-02-09T21:30:00Z,0,20.3,0
2026-02-09T21:45:00Z,0,19.61,0
2026-02-09T22:00:00Z,0,19.6,0
2026-02-09T22:15:00Z,0,19.3,0
2026-02-09T22:30:00Z,0,19.1,0
2026-02-09T22:45:00Z,0,19,0
2026-02-09T23:00:00Z,0,19.2,0
2026-02-09T23:15:00Z,0,19.4,0
2026-02-09T23:30:00Z,0,19.2,0
2026-02-09T23:45:00Z,0,19.1,0
2026-02-10T00:00:00Z,0,19.1,0
2026-02-10T00:15:00Z,0,19,0
2026-02-10T00:30:00Z,0,18.6,0
2026-02-10T00:45:00Z,0,18.5,0
2026-02-10T01:00:00Z,0,18.5,0
2026-02-10T01:15:00Z,0,18.4,0
2026-02-10T01:30:00Z,0,18.4,0
2026-02-10T01:45:00Z,0,18.8,0
2026-02-10T02:00:00Z,0,19,0
2026-02-10T02:15:00Z,0,19,0
2026-02-10T02:30:00Z,0,18.9,0
2026-02-10T02:45:00Z,0,18.7,0
2026-02-10T03:00:00Z,0,18.8,0
2026-02-10T03:15:00Z,0,18.9,0
2026-02-10T03:30:00Z,0,18.6,0
2026-02-10T03:45:00Z,0,18.5,0
2026-02-10T04:00:00Z,0,18.4,0
2026-02-10T04:15:00Z,0,18.1,0
2026-02-10T04:30:00Z,0,18.1,0
2026-02-10T04:45:00Z,0,18.2,0
2026-02-10T05:00:00Z,0,17.61,0
2026-02-10T05:15:00Z,0,18.89,0
2026-02-10T05:30:00Z,0,19.1,0
2026-02-10T05:45:00Z,0,19,0
2026-02-10T06:00:00Z,0,19.3,0
2026-02-10T06:15:00Z,0,19.5,0
2026-02-10T06:30:00Z,0,19.5,0
2026-02-10T06:45:00Z,7.812,19.3,0
2026-02-10T07:00:00Z,25.6,19.89,0
2026-02-10T07:15:00Z,70.1,20.89,0
2026-02-10T07:30:00Z,61.5,20.7,0
2026-02-10T07:45:00Z,125.2,21.19,0
2026-02-10T08:00:00Z,163.2,21.69,0
2026-02-10T08:15:00Z,216.4,22.49,0
2026-02-10T08:30:00Z,264.8,22.7,0
2026-02-10T08:45:00Z,323.1,23,0
2026-02-10T09:00:00Z,300,22.9,0
2026-02-10T09:15:00Z,375.8,23,0
2026-02-10T09:30:00Z,493.1,23.59,0
2026-02-10T09:45:00Z,517.9,23.5,0
2026-02-10T10:00:00Z,420.1,23.3,0
2026-02-10T10:15:00Z,252.5,22.81,0
2026-02-10T10:30:00Z,608.3,23.29,0
2026-02-10T10:45:00Z,775.2,23.89,0
2026-02-10T11:00:00Z,500.6,23.6,0
2026-02-10T11:15:00Z,373.8,23.4,0
2026-02-10T11:30:00Z,870,24.19,0
2026-02-10T11:45:00Z,875,24.6,0
2026-02-10T12:00:00Z,881,24.4,0
2026-02-10T12:15:00Z,897,24.6,0
2026-02-10T12:30:00Z,639.7,24.5,0
2026-02-10T12:45:00Z,894,24.9,0
2026-02-10T13:00:00Z,961,25.3,0
2026-02-10T13:15:00Z,1051,25.5,0
2026-02-10T13:30:00Z,1156,25.9,0
2026-02-10T13:45:00Z,1139,25.8,0
2026-02-10T14:00:00Z,924,26,0
2026-02-10T14:15:00Z,1193,26,0
2026-02-10T14:30:00Z,1075,26.1,0
2026-02-10T14:45:00Z,923,26.1,0
2026-02-10T15:00:00Z,860,26.2,0
2026-02-10T15:15:00Z,365.1,25.31,0
2026-02-10T15:30:00Z,188.2,24.71,0
2026-02-10T15:45:00Z,133.9,24.3,0
2026-02-10T16:00:00Z,146.5,23.51,0
2026-02-10T16:15:00Z,98.2,23.3,0
2026-02-10T16:30:00Z,59.43,22.51,0
2026-02-10T16:45:00Z,79.07,22.2,0
2026-02-10T17:00:00Z,85,21.8,0
2026-02-10T17:15:00Z,51.97,21.7,0
2026-02-10T17:30:00Z,43.59,21.11,0
2026-02-10T17:45:00Z,16.7,20.01,90.8
2026-02-10T18:00:00Z,0.578,19.6,60.52
2026-02-10T18:15:00Z,0.004,19.01,211.8
2026-02-10T18:30:00Z,0,17.02,332.9
2026-02-10T18:45:00Z,0,17.4,514.4
2026-02-10T19:00:00Z,0,17.8,151.3
2026-02-10T19:15:00Z,0,17.9,90.8
2026-02-10T19:30:00Z,0,17.8,60.52
2026-02-10T19:45:00Z,0,17.5,90.8
2026-02-10T20:00:00Z,0,17.4,90.8
2026-02-10T20:15:00Z,0,17.7,60.52
2026-02-10T20:30:00Z,0,17.7,121
2026-02-10T20:45:00Z,0,17.9,60.52
2026-02-10T21:00:00Z,0,18.1,30.26
2026-02-10T21:15:00Z,0,18.2,0
2026-02-10T21:30:00Z,0,18.3,30.26
2026-02-10T21:45:00Z,0,18.4,0
2026-02-10T22:00:00Z,0,18.5,0
2026-02-10T22:15:00Z,0,18.4,0
2026-02-10T22:30:00Z,0,18.4,0
2026-02-10T22:45:00Z,0,18.5,0
2026-02-10T23:00:00Z,0,18.4,0
2026-02-10T23:15:00Z,0,18.5,0
2026-02-10T23:30:00Z,0,18.6,0
2026-02-10T23:45:00Z,0,18.7,0
2026-02-11T00:00:00Z,0,18.7,0
2026-02-11T00:15:00Z,0,18.6,30.26
2026-02-11T00:30:00Z,0,18.6,0
2026-02-11T00:45:00Z,0,18.5,0
2026-02-11T01:00:00Z,0,18.5,0
2026-02-11T01:15:00Z,0,18.4,0
2026-02-11T01:30:00Z,0,18.3,0
2026-02-11T01:45:00Z,0,18.6,0
2026-02-11T02:00:00Z,0,18.5,0
2026-02-11T02:15:00Z,0,18.6,0
2026-02-11T02:30:00Z,0,18.6,0
2026-02-11T02:45:00Z,0,18.6,0
2026-02-11T03:00:00Z,0,18.7,0
2026-02-11T03:15:00Z,0,18.6,0
2026-02-11T03:30:00Z,0,18.6,0
2026-02-11T03:45:00Z,0,18.7,0
2026-02-11T04:00:00Z,0,18.7,0
2026-02-11T04:15:00Z,0,18.5,0
2026-02-11T04:30:00Z,0,18.5,0
2026-02-11T04:45:00Z,0,18.5,0
2026-02-11T05:00:00Z,0,18.4,0
2026-02-11T05:15:00Z,0,18.3,0
2026-02-11T05:30:00Z,0,18.3,0
2026-02-11T05:45:00Z,0,18.3,0
2026-02-11T06:00:00Z,0,18.3,0
2026-02-11T06:15:00Z,0,18.1,0
2026-02-11T06:30:00Z,0,18.2,0
2026-02-11T06:45:00Z,10.19,18.4,0
2026-02-11T07:00:00Z,30.18,18.5,0
2026-02-11T07:15:00Z,55.12,18.6,0
2026-02-11T07:30:00Z,79.83,18.8,0
2026-02-11T07:45:00Z,104.8,19.1,0
2026-02-11T08:00:00Z,136.3,19.3,0
2026-02-11T08:15:00Z,177.3,19.4,0
2026-02-11T08:30:00Z,223.5,19.8,0
2026-02-11T08:45:00Z,300.2,20.29,0
2026-02-11T09:00:00Z,226,20.4,0
2026-02-11T09:15:00Z,239.7,20.5,0
2026-02-11T09:30:00Z,308.8,20.6,0
2026-02-11T09:45:00Z,372.1,20.8,0
2026-02-11T10:00:00Z,539.5,21.69,0
2026-02-11T10:15:00Z,494.3,22.1,0
2026-02-11T10:30:00Z,470.1,22.2,0
2026-02-11T10:45:00Z,461.8,22.3,0
2026-02-11T11:00:00Z,505.5,22.3,0
2026-02-11T11:15:00Z,578.7,22.7,0
2026-02-11T11:30:00Z,743.1,23,0
2026-02-11T11:45:00Z,776.3,23.3,0
2026-02-11T12:00:00Z,538.9,22.81,0
2026-02-11T12:15:00Z,449.3,22.5,0
2026-02-11T12:30:00Z,336,22.6,0
2026-02-11T12:45:00Z,161.4,21.51,0
2026-02-11T13:00:00Z,215.9,20.61,0
2026-02-11T13:15:00Z,210.7,21.98,0
2026-02-11T13:30:00Z,204,22.1,0
2026-02-11T13:45:00Z,169.5,21.7,0
2026-02-11T14:00:00Z,139.2,21.21,0
2026-02-11T14:15:00Z,130.4,21.3,0
2026-02-11T14:30:00Z,117,21.5,0
2026-02-11T14:45:00Z,127.7,21.2,0
2026-02-11T15:00:00Z,152.3,21.3,0
2026-02-11T15:15:00Z,183.6,21.79,0
2026-02-11T15:30:00Z,190.6,21.8,0
2026-02-11T15:45:00Z,178.5,22.1,0
2026-02-11T16:00:00Z,216.4,22.3,0
2026-02-11T16:15:00Z,287.2,22.79,0
2026-02-11T16:30:00Z,320.7,23.29,0
2026-02-11T16:45:00Z,350.8,23.5,0
2026-02-11T17:00:00Z,240.9,23.6,0
2026-02-11T17:15:00Z,163.1,23.6,0
2026-02-11T17:30:00Z,95.3,23.3,0
2026-02-11T17:45:00Z,65.53,23.1,0
2026-02-11T18:00:00Z,53.93,22.41,0
2026-02-11T18:15:00Z,48.95,22.1,0
2026-02-11T18:30:00Z,41.98,21.7,0
2026-02-11T18:45:00Z,22.22,21.6,0
2026-02-11T19:00:00Z,3.409,21.2,0
2026-02-11T19:15:00Z,0.036,21.1,0
2026-02-11T19:30:00Z,0,21.1,0
2026-02-11T19:45:00Z,0,21,0
2026-02-11T20:00:00Z,0,21.2,0
2026-02-11T20:15:00Z,0,21,0
2026-02-11T20:30:00Z,0,20.51,0
2026-02-11T20:45:00Z,0,20.2,0
2026-02-11T21:00:00Z,0,20.1,0
2026-02-11T21:15:00Z,0,20.1,0
2026-02-11T21:30:00Z,0,20.2,0
2026-02-11T21:45:00Z,0,20.4,0
2026-02-11T22:00:00Z,0,20.4,0
2026-02-11T22:15:00Z,0,20.5,0
2026-02-11T22:30:00Z,0,20.4,0
2026-02-11T22:45:00Z,0,20.3,0
2026-02-11T23:00:00Z,0,20.1,0
2026-02-11T23:15:00Z,0,20,0
2026-02-11T23:30:00Z,0,19.51,0
2026-02-11T23:45:00Z,0,19.1,0
2026-02-12T00:00:00Z,0,19,0
2026-02-12T00:15:00Z,0,19.2,0
2026-02-12T00:30:00Z,0,19.1,0
2026-02-12T00:45:00Z,0,18.8,0
2026-02-12T01:00:00Z,0,18.5,0
2026-02-12T01:15:00Z,0,18.4,0
2026-02-12T01:30:00Z,0,18.4,0
2026-02-12T01:45:00Z,0,18.3,0
2026-02-12T02:00:00Z,0,18.6,0
2026-02-12T02:15:00Z,0,18.6,0
2026-02-12T02:30:00Z,0,18.7,0
2026-02-12T02:45:00Z,0,19.1,0
2026-02-12T03:00:00Z,0,19.2,0
2026-02-12T03:15:00Z,0,19.3,0
2026-02-12T03:30:00Z,0,19.5,0
2026-02-12T03:45:00Z,0,19.6,0
2026-02-12T04:00:00Z,0,19.2,0
2026-02-12T04:15:00Z,0,19.5,0
2026-02-12T04:30:00Z,0,19.99,0
2026-02-12T04:45:00Z,0,20.3,0
2026-02-12T05:00:00Z,0,20.3,0
2026-02-12T05:15:00Z,0,20.3,0
2026-02-12T05:30:00Z,0,20.2,0
2026-02-12T05:45:00Z,0,20.1,0
2026-02-12T06:00:00Z,0,20.1,0
2026-02-12T06:15:00Z,0,20.1,0
2026-02-12T06:30:00Z,0,20,0
2026-02-12T06:45:00Z,12.36,19.9,0
2026-02-12T07:00:00Z,38.51,20.2,0
2026-02-12T07:15:00Z,60.85,20.89,0
2026-02-12T07:30:00Z,68.71,20.9,0
2026-02-12T07:45:00Z,105.5,21,0
2026-02-12T08:00:00Z,193.9,21.69,0
2026-02-12T08:15:00Z,278.9,23.38,0
2026-02-12T08:30:00Z,216.1,23.4,0
2026-02-12T08:45:00Z,267.3,22.91,0
2026-02-12T09:00:00Z,291.5,23.39,0
2026-02-12T09:15:00Z,266.3,23.2,0
2026-02-12T09:30:00Z,400.3,23.79,0
2026-02-12T09:45:00Z,605.6,24.49,0
2026-02-12T10:00:00Z,665.6,25.09,0
2026-02-12T10:15:00Z,748,25.1,0
2026-02-12T10:30:00Z,788.1,25.2,0
2026-02-12T10:45:00Z,746.9,25.2,0
2026-02-12T11:00:00Z,835,25.4,0
2026-02-12T11:15:00Z,785.7,25.3,0
2026-02-12T11:30:00Z,912,25.6,0
2026-02-12T11:45:00Z,732.8,25.2,0
2026-02-12T12:00:00Z,846,25.4,0
2026-02-12T12:15:00Z,840,25.7,0
2026-02-12T12:30:00Z,704.4,25.6,0
2026-02-12T12:45:00Z,1041,26.69,0
2026-02-12T13:00:00Z,1071,26.8,0
2026-02-12T13:15:00Z,1069,26.6,0
2026-02-12T13:30:00Z,1091,26.9,0
2026-02-12T13:45:00Z,1047,27.1,0
2026-02-12T14:00:00Z,972,27.2,0
2026-02-12T14:15:00Z,885,27.1,0
2026-02-12T14:30:00Z,750.8,27.2,0
2026-02-12T14:45:00Z,715.8,26.71,0
2026-02-12T15:00:00Z,213.5,26.21,0
2026-02-12T15:15:00Z,392.3,26.3,0
2026-02-12T15:30:00Z,228.1,26.3,0
2026-02-12T15:45:00Z,294.1,26.1,0
2026-02-12T16:00:00Z,240.3,26.2,0
2026-02-12T16:15:00Z,488,26.69,0
2026-02-12T16:30:00Z,530.5,26.5,0
2026-02-12T16:45:00Z,421.8,26.8,0
2026-02-12T17:00:00Z,445.7,26.6,0
2026-02-12T17:15:00Z,428.3,26.5,0
2026-02-12T17:30:00Z,189.4,25.81,0
2026-02-12T17:45:00Z,108.9,25.21,0
2026-02-12T18:00:00Z,74.87,24.9,0
2026-02-12T18:15:00Z,44.34,24.5,0
2026-02-12T18:30:00Z,44,24.1,0
2026-02-12T18:45:00Z,7.807,23.7,0
2026-02-12T19:00:00Z,0.082,23.11,0
2026-02-12T19:15:00Z,0,22.7,0
2026-02-12T19:30:00Z,0,22.5,0
2026-02-12T19:45:00Z,0,22.1,0
2026-02-12T20:00:00Z,0,21.51,0
2026-02-12T20:15:00Z,0,20.81,0
2026-02-12T20:30:00Z,0,20.5,0
2026-02-12T20:45:00Z,0,20.3,0
2026-02-12T21:00:00Z,0,19.71,0
2026-02-12T21:15:00Z,0,19.9,0
2026-02-12T21:30:00Z,0,20.69,0
2026-02-12T21:45:00Z,0,19.91,0
2026-02-12T22:00:00Z,0,19.5,0
2026-02-12T22:15:00Z,0,19.1,0
2026-02-12T22:30:00Z,0,18.8,0
2026-02-12T22:45:00Z,0,18.5,0
2026-02-12T23:00:00Z,0,18.8,0
2026-02-12T23:15:00Z,0,19,0
2026-02-12T23:30:00Z,0,18.8,0
2026-02-12T23:45:00Z,0,18.7,0
2026-02-13T00:00:00Z,0,19.1,0
2026-02-13T00:15:00Z,0,17.91,0
2026-02-13T00:30:00Z,0,17.5,0
2026-02-13T00:45:00Z,0,17.2,0
2026-02-13T01:00:00Z,0,16.9,0
2026-02-13T01:15:00Z,0,16.9,0
2026-02-13T01:30:00Z,0,17.1,0
2026-02-13T01:45:00Z,0,17.1,0
2026-02-13T02:00:00Z,0,16.61,0
2026-02-13T02:15:00Z,0,16.7,0
2026-02-13T02:30:00Z,0,16.3,0
2026-02-13T02:45:00Z,0,16.1,0
2026-02-13T03:00:00Z,0,16,0
2026-02-13T03:15:00Z,0,15.6,0
2026-02-13T03:30:00Z,0,15.6,0
2026-02-13T03:45:00Z,0,16.49,0
2026-02-13T04:00:00Z,0,16.8,0
2026-02-13T04:15:00Z,0,16.11,0
2026-02-13T04:30:00Z,0,16.69,0
2026-02-13T04:45:00Z,0,16.4,0
2026-02-13T05:00:00Z,0,16.6,0
2026-02-13T05:15:00Z,0,16.6,0
2026-02-13T05:30:00Z,0,16.2,0
2026-02-13T05:45:00Z,0,16.79,0
2026-02-13T06:00:00Z,0,16.21,0
2026-02-13T06:15:00Z,0,16.2,0
2026-02-13T06:30:00Z,3.164,16.6,0
2026-02-13T06:45:00Z,21.49,17.09,0
2026-02-13T07:00:00Z,48.7,18.88,0
2026-02-13T07:15:00Z,111,20.58,0
2026-02-13T07:30:00Z,129,20.9,0
2026-02-13T07:45:00Z,213.1,21.99,0
2026-02-13T08:00:00Z,242,22.49,0
2026-02-13T08:15:00Z,272.4,22.7,0
2026-02-13T08:30:00Z,329.5,22.7,0
2026-02-13T08:45:00Z,348.9,23.19,0
2026-02-13T09:00:00Z,357,23.4,0
2026-02-13T09:15:00Z,346.9,23.3,0
2026-02-13T09:30:00Z,454.2,23.89,0
2026-02-13T09:45:00Z,513.7,24.3,0
2026-02-13T10:00:00Z,634.6,24.7,0
2026-02-13T10:15:00Z,598.2,24.7,0
2026-02-13T10:30:00Z,687.3,25,0
2026-02-13T10:45:00Z,688.5,25.2,0
2026-02-13T11:00:00Z,443.7,24.71,0
2026-02-13T11:15:00Z,717.5,25.49,0
2026-02-13T11:30:00Z,896,26.09,0
2026-02-13T11:45:00Z,593.5,26,0
2026-02-13T12:00:00Z,639.5,25.8,0
2026-02-13T12:15:00Z,813,26.39,0
2026-02-13T12:30:00Z,1019,26.8,0
2026-02-13T12:45:00Z,1081,27.2,0
2026-02-13T13:00:00Z,1102,27.2,0
2026-02-13T13:15:00Z,1080,27.5,0
2026-02-13T13:30:00Z,700.2,26.51,0
2026-02-13T13:45:00Z,577.7,26.2,0
2026-02-13T14:00:00Z,954,27.09,0
2026-02-13T14:15:00Z,786,26.9,0
2026-02-13T14:30:00Z,926,27.1,0
2026-02-13T14:45:00Z,803,27.5,0
2026-02-13T15:00:00Z,597.8,27.2,0
2026-02-13T15:15:00Z,456,27.2,0
2026-02-13T15:30:00Z,396.6,27.3,0
2026-02-13T15:45:00Z,180.6,26.9,0
2026-02-13T16:00:00Z,135.7,26.6,0
2026-02-13T16:15:00Z,111.6,26.6,0
2026-02-13T16:30:00Z,111.9,25.81,0
2026-02-13T16:45:00Z,72.94,25.4,0
2026-02-13T17:00:00Z,61.72,25.3,0
2026-02-13T17:15:00Z,95.3,24.51,0
2026-02-13T17:30:00Z,253.4,24.99,0
2026-02-13T17:45:00Z,195.9,26.09,0
2026-02-13T18:00:00Z,213.6,26,0
2026-02-13T18:15:00Z,157.8,25.7,0
2026-02-13T18:30:00Z,165.7,25.7,0
2026-02-13T18:45:00Z,70.08,25.21,0
2026-02-13T19:00:00Z,15.6,24.51,0
2026-02-13T19:15:00Z,0.266,23.81,0
2026-02-13T19:30:00Z,0.001,23.21,0
2026-02-13T19:45:00Z,0,22.8,0
2026-02-13T20:00:00Z,0,22.4,0
2026-02-13T20:15:00Z,0,21.81,0
2026-02-13T20:30:00Z,0,22.1,0
2026-02-13T20:45:00Z,0,21.8,0
2026-02-13T21:00:00Z,0,20.51,0
2026-02-13T21:15:00Z,0,20.3,0
2026-02-13T21:30:00Z,0,20.3,0
2026-02-13T21:45:00Z,0,20.7,0
2026-02-13T22:00:00Z,0,19.81,0
2026-02-13T22:15:00Z,0,20,0
2026-02-13T22:30:00Z,0,19.9,0
2026-02-13T22:45:00Z,0,19.41,0
2026-02-13T23:00:00Z,0,19.4,0
2026-02-13T23:15:00Z,0,19.3,0
2026-02-13T23:30:00Z,0,19,0
2026-02-13T23:45:00Z,0,19.2,0
2026-02-14T00:00:00Z,0,18.71,0
2026-02-14T00:15:00Z,0,18.8,0
2026-02-14T00:30:00Z,0,18.9,0
2026-02-14T00:45:00Z,0,18.7,0
2026-02-14T01:00:00Z,0,18.9,0
2026-02-14T01:15:00Z,0,18.8,0
2026-02-14T01:30:00Z,0,18.8,0
2026-02-14T01:45:00Z,0,19.2,0
2026-02-14T02:00:00Z,0,19.5,0
2026-02-14T02:15:00Z,0,18.71,0
2026-02-14T02:30:00Z,0,18.8,0
2026-02-14T02:45:00Z,0,19.2,0
2026-02-14T03:00:00Z,0,19,0
2026-02-14T03:15:00Z,0,19.2,0
2026-02-14T03:30:00Z,0,18.61,0
2026-02-14T03:45:00Z,0,18.6,0
2026-02-14T04:00:00Z,0,18.4,0
2026-02-14T04:15:00Z,0,18.5,0
2026-02-14T04:30:00Z,0,19.88,0
2026-02-14T04:45:00Z,0,20.49,0
2026-02-14T05:00:00Z,0,20.5,0
2026-02-14T05:15:00Z,0,20.4,0
2026-02-14T05:30:00Z,0,20.5,0
2026-02-14T05:45:00Z,0,20.5,0
2026-02-14T06:00:00Z,0,20.5,0
2026-02-14T06:15:00Z,0,20.4,0
2026-02-14T06:30:00Z,0.198,20.2,0
2026-02-14T06:45:00Z,12.96,20,0
2026-02-14T07:00:00Z,24.08,20.69,0
2026-02-14T07:15:00Z,52.98,21.79,0
2026-02-14T07:30:00Z,88.1,22.59,0
2026-02-14T07:45:00Z,90.7,22.6,0
2026-02-14T08:00:00Z,162.4,22.8,0
2026-02-14T08:15:00Z,196.2,23.2,0
2026-02-14T08:30:00Z,210.4,23.3,0
2026-02-14T08:45:00Z,226,23.3,0
2026-02-14T09:00:00Z,236.7,23.7,0
2026-02-14T09:15:00Z,296.9,23.7,0
2026-02-14T09:30:00Z,263,23.8,0
2026-02-14T09:45:00Z,475.7,24.49,0
2026-02-14T10:00:00Z,521.7,24.5,0
2026-02-14T10:15:00Z,474.7,24.5,0
2026-02-14T10:30:00Z,627.1,25.09,0
2026-02-14T10:45:00Z,592.7,25,0
2026-02-14T11:00:00Z,559.5,24.9,0
2026-02-14T11:15:00Z,615,25.1,0
2026-02-14T11:30:00Z,785.6,25.5,0
2026-02-14T11:45:00Z,715.9,25.6,0
2026-02-14T12:00:00Z,746.7,26.09,0
2026-02-14T12:15:00Z,844,26.4,0
2026-02-14T12:30:00Z,912,26.8,0
2026-02-14T12:45:00Z,628.3,26.6,0
2026-02-14T13:00:00Z,552.3,26.6,0
2026-02-14T13:15:00Z,824,27,0
2026-02-14T13:30:00Z,1078,27.59,0
2026-02-14T13:45:00Z,908,27.7,0
2026-02-14T14:00:00Z,751.7,27.4,0
2026-02-14T14:15:00Z,919,27.8,0
2026-02-14T14:30:00Z,657,27.7,0
2026-02-14T14:45:00Z,755.2,27.8,0
2026-02-14T15:00:00Z,507.8,27.5,0
2026-02-14T15:15:00Z,388.9,27.7,0
2026-02-14T15:30:00Z,810,27.9,0
2026-02-14T15:45:00Z,898,28.79,0
2026-02-14T16:00:00Z,527.2,28.11,0
2026-02-14T16:15:00Z,425.9,28.2,0
2026-02-14T16:30:00Z,320.1,27.51,0
2026-02-14T16:45:00Z,488.5,27.99,0
2026-02-14T17:00:00Z,101.5,26.91,0
2026-02-14T17:15:00Z,124.1,26.9,0
2026-02-14T17:30:00Z,91.4,26.6,0
2026-02-14T17:45:00Z,88.6,26.5,0
2026-02-14T18:00:00Z,30.45,26.01,0
2026-02-14T18:15:00Z,20.21,25.41,0
2026-02-14T18:30:00Z,12.78,24.81,0
2026-02-14T18:45:00Z,6.668,23.91,0
2026-02-14T19:00:00Z,0.073,22.91,0
2026-02-14T19:15:00Z,0,22.31,0
2026-02-14T19:30:00Z,0,21.81,0
2026-02-14T19:45:00Z,0,21.5,0
2026-02-14T20:00:00Z,0,21.2,0
2026-02-14T20:15:00Z,0,21.1,0
2026-02-14T20:30:00Z,0,21.3,0
2026-02-14T20:45:00Z,0,21.1,0
2026-02-14T21:00:00Z,0,21.79,0
2026-02-14T21:15:00Z,0,22.99,0
2026-02-14T21:30:00Z,0,23.3,0
2026-02-14T21:45:00Z,0,22.9,0
2026-02-14T22:00:00Z,0,22.41,0
2026-02-14T22:15:00Z,0,21.51,0
2026-02-14T22:30:00Z,0,20.71,0
2026-02-14T22:45:00Z,0,20.3,0
2026-02-14T23:00:00Z,0,19.9,0
2026-02-14T23:15:00Z,0,19.8,0
2026-02-14T23:30:00Z,0,19.6,0
2026-02-14T23:45:00Z,0,19.5,0
2026-02-15T00:00:00Z,0,19.8,0
2026-02-15T00:15:00Z,0,19.8,0
2026-02-15T00:30:00Z,0,20,0
2026-02-15T00:45:00Z,0,20.2,0
2026-02-15T01:00:00Z,0,19.8,0
2026-02-15T01:15:00Z,0,19.31,0
2026-02-15T01:30:00Z,0,19.4,0
2026-02-15T01:45:00Z,0,19.2,0
2026-02-15T02:00:00Z,0,19.2,0
2026-02-15T02:15:00Z,0,19.1,0
2026-02-15T02:30:00Z,0,18.7,0
2026-02-15T02:45:00Z,0,18.7,0
2026-02-15T03:00:00Z,0,18.7,0
2026-02-15T03:15:00Z,0,18.5,0
2026-02-15T03:30:00Z,0,18.4,0
2026-02-15T03:45:00Z,0,18.5,0
2026-02-15T04:00:00Z,0,18.7,0
2026-02-15T04:15:00Z,0,18.5,0
2026-02-15T04:30:00Z,0,18.2,0
2026-02-15T04:45:00Z,0,18,0
2026-02-15T05:00:00Z,0,17.9,0
2026-02-15T05:15:00Z,0,17.5,0
2026-02-15T05:30:00Z,0,17.3,0
2026-02-15T05:45:00Z,0,17.3,0
2026-02-15T06:00:00Z,0,16.9,0
2026-02-15T06:15:00Z,0,17.3,0
2026-02-15T06:30:00Z,0,17.79,0
2026-02-15T06:45:00Z,8.31,18.29,0
2026-02-15T07:00:00Z,15.62,19.49,0
2026-02-15T07:15:00Z,56.74,20.88,0
2026-02-15T07:30:00Z,96.5,22.48,0
2026-02-15T07:45:00Z,128.1,23.39,0
2026-02-15T08:00:00Z,163.2,23.6,0
2026-02-15T08:15:00Z,193,24,0
2026-02-15T08:30:00Z,236.3,24.49,0
2026-02-15T08:45:00Z,296.7,24.7,0
2026-02-15T09:00:00Z,379.4,25,0
2026-02-15T09:15:00Z,371.6,25.3,0
2026-02-15T09:30:00Z,262.8,24.71,0
2026-02-15T09:45:00Z,380,25.29,0
2026-02-15T10:00:00Z,433.2,25.3,0
2026-02-15T10:15:00Z,567.9,25.89,0
2026-02-15T10:30:00Z,464.1,25.11,0
2026-02-15T10:45:00Z,892,25.79,0
2026-02-15T11:00:00Z,395,24.91,0
2026-02-15T11:15:00Z,626.1,25.3,0
2026-02-15T11:30:00Z,875,26.29,0
2026-02-15T11:45:00Z,397.5,25.71,0
2026-02-15T12:00:00Z,792.8,26.39,0
2026-02-15T12:15:00Z,704.2,26.4,0
2026-02-15T12:30:00Z,537.9,26.1,0
2026-02-15T12:45:00Z,632.1,26.69,0
2026-02-15T13:00:00Z,658.3,26.8,0
2026-02-15T13:15:00Z,482.9,26.5,0
2026-02-15T13:30:00Z,420.5,26.2,0
2026-02-15T13:45:00Z,400.2,26.4,0
2026-02-15T14:00:00Z,515.9,26.5,0
2026-02-15T14:15:00Z,447.7,26.01,0
2026-02-15T14:30:00Z,406.7,25.9,0
2026-02-15T14:45:00Z,322.2,25.8,0
2026-02-15T15:00:00Z,350,26,0
2026-02-15T15:15:00Z,540.3,26.59,0
2026-02-15T15:30:00Z,618.6,27.09,0
2026-02-15T15:45:00Z,603.8,27.2,0
2026-02-15T16:00:00Z,500,27.2,0
2026-02-15T16:15:00Z,545.4,27.2,0
2026-02-15T16:30:00Z,434.6,27.2,0
2026-02-15T16:45:00Z,261.1,26.71,0
2026-02-15T17:00:00Z,193.9,26.11,0
2026-02-15T17:15:00Z,154.1,25.9,0
2026-02-15T17:30:00Z,115,25.8,0
2026-02-15T17:45:00Z,91.5,25.4,0
2026-02-15T18:00:00Z,84,25.3,0
2026-02-15T18:15:00Z,59.97,25.2,0
2026-02-15T18:30:00Z,41.31,24.8,0
2026-02-15T18:45:00Z,17.07,24.31,0
2026-02-15T19:00:00Z,0.582,24,0
2026-02-15T19:15:00Z,0.004,23.9,0
2026-02-15T19:30:00Z,0,23.41,0
2026-02-15T19:45:00Z,0,23,0
2026-02-15T20:00:00Z,0,22.6,0
2026-02-15T20:15:00Z,0,21.81,0
2026-02-15T20:30:00Z,0,21.21,0
2026-02-15T20:45:00Z,0,21.2,0
2026-02-15T21:00:00Z,0,21.2,0
2026-02-15T21:15:00Z,0,21.3,0
2026-02-15T21:30:00Z,0,21.1,0
2026-02-15T21:45:00Z,0,20.9,0
2026-02-15T22:00:00Z,0,20.8,0
2026-02-15T22:15:00Z,0,21.49,0
2026-02-15T22:30:00Z,0,21.6,0
2026-02-15T22:45:00Z,0,21.4,0
2026-02-15T23:00:00Z,0,21.4,0
2026-02-15T23:15:00Z,0,20.91,0
2026-02-15T23:30:00Z,0,20.7,0
2026-02-15T23:45:00Z,0,21,0
2026-02-16T00:00:00Z,0,21.49,0
2026-02-16T00:15:00Z,0,21.5,0
2026-02-16T00:30:00Z,0,20.81,0
2026-02-16T00:45:00Z,0,20.6,0
2026-02-16T01:00:00Z,0,20.11,0
2026-02-16T01:15:00Z,0,19.61,0
2026-02-16T01:30:00Z,0,19.3,0
2026-02-16T01:45:00Z,0,19,0
2026-02-16T02:00:00Z,0,19.1,0
2026-02-16T02:15:00Z,0,19.2,0
2026-02-16T02:30:00Z,0,18.61,0
2026-02-16T02:45:00Z,0,18.4,0
2026-02-16T03:00:00Z,0,18.2,0
2026-02-16T03:15:00Z,0,18.1,0
2026-02-16T03:30:00Z,0,18.4,0
2026-02-16T03:45:00Z,0,18,0
2026-02-16T04:00:00Z,0,17.8,0
2026-02-16T04:15:00Z,0,18,0
2026-02-16T04:30:00Z,0,17.7,0
2026-02-16T04:45:00Z,0,18,0
2026-02-16T05:00:00Z,0,17.51,0
2026-02-16T05:15:00Z,0,17.4,0
2026-02-16T05:30:00Z,0,17.3,0
2026-02-16T05:45:00Z,0,17.3,0
2026-02-16T06:00:00Z,0,17.4,0
2026-02-16T06:15:00Z,0,17.2,0
2026-02-16T06:30:00Z,0.692,17.3,0
2026-02-16T06:45:00Z,11.28,17.99,0
2026-02-16T07:00:00Z,19.11,19.68,0
2026-02-16T07:15:00Z,49.76,20.79,0
2026-02-16T07:30:00Z,103,21.59,0
2026-02-16T07:45:00Z,134.3,21.9,0
2026-02-16T08:00:00Z,160.7,22.3,0
2026-02-16T08:15:00Z,197.5,22.79,0
2026-02-16T08:30:00Z,253.3,23.2,0
2026-02-16T08:45:00Z,314.9,23.6,0
2026-02-16T09:00:00Z,379.7,24,0
2026-02-16T09:15:00Z,446,24.49,0
2026-02-16T09:30:00Z,514.3,24.9,0
2026-02-16T09:45:00Z,589.1,25,0
2026-02-16T10:00:00Z,656.6,25.2,0
2026-02-16T10:15:00Z,711.5,25.3,0
2026-02-16T10:30:00Z,766.2,25.7,0
2026-02-16T10:45:00Z,807,25.9,0
2026-02-16T11:00:00Z,852,26.1,0
2026-02-16T11:15:00Z,904,26.4,0
2026-02-16T11:30:00Z,909,26.7,0
2026-02-16T11:45:00Z,882,26.6,0
2026-02-16T12:00:00Z,984,26.8,0
2026-02-16T12:15:00Z,744.5,26.9,0
2026-02-16T12:30:00Z,758.1,27,0
2026-02-16T12:45:00Z,783.7,26.9,0
2026-02-16T13:00:00Z,842,27.3,0
2026-02-16T13:15:00Z,624.3,26.41,0
2026-02-16T13:30:00Z,598.1,26.8,0
2026-02-16T13:45:00Z,507.9,26.6,0
2026-02-16T14:00:00Z,423.1,26.7,0
2026-02-16T14:15:00Z,263.7,26.3,0
2026-02-16T14:30:00Z,764.7,27.09,0
2026-02-16T14:45:00Z,455.3,27.1,0
2026-02-16T15:00:00Z,160.9,26.61,0
2026-02-16T15:15:00Z,355.7,26.4,0
2026-02-16T15:30:00Z,447.3,26.89,0
2026-02-16T15:45:00Z,518.9,27.2,0
2026-02-16T16:00:00Z,685.8,28.19,0
2026-02-16T16:15:00Z,184.3,27.41,0
2026-02-16T16:30:00Z,121.7,26.81,0
2026-02-16T16:45:00Z,345.2,27.2,0
2026-02-16T17:00:00Z,579.4,28.39,0
2026-02-16T17:15:00Z,202.3,27.61,0
2026-02-16T17:30:00Z,84.6,26.81,0
2026-02-16T17:45:00Z,57.29,26.11,0
2026-02-16T18:00:00Z,27.83,25.51,0
2026-02-16T18:15:00Z,21.67,25.1,0
2026-02-16T18:30:00Z,19.13,24.7,0
2026-02-16T18:45:00Z,12.38,24.3,0
2026-02-16T19:00:00Z,1.224,24,0
2026-02-16T19:15:00Z,0.012,23.41,0
2026-02-16T19:30:00Z,0,22.91,0
2026-02-16T19:45:00Z,0,22.5,0
2026-02-16T20:00:00Z,0,22.2,0
2026-02-16T20:15:00Z,0,22.1,0
2026-02-16T20:30:00Z,0,21.31,0
2026-02-16T20:45:00Z,0,20.31,0
2026-02-16T21:00:00Z,0,20.3,0
2026-02-16T21:15:00Z,0,20,0
2026-02-16T21:30:00Z,0,20,0
2026-02-16T21:45:00Z,0,20.3,0
2026-02-16T22:00:00Z,0,20.3,0
2026-02-16T22:15:00Z,0,19.61,0
2026-02-16T22:30:00Z,0,19.2,0
2026-02-16T22:45:00Z,0,19.2,0
2026-02-16T23:00:00Z,0,18.9,0
2026-02-16T23:15:00Z,0,18.8,0
2026-02-16T23:30:00Z,0,18.11,0
2026-02-16T23:45:00Z,0,17.9,0
2026-02-17T00:00:00Z,0,18.2,0
2026-02-17T00:15:00Z,0,17.8,0
2026-02-17T00:30:00Z,0,17.6,0
2026-02-17T00:45:00Z,0,17.8,0
2026-02-17T01:00:00Z,0,17.5,0
2026-02-17T01:15:00Z,0,17.01,0
2026-02-17T01:30:00Z,0,17.1,0
2026-02-17T01:45:00Z,0,16.9,0
2026-02-17T02:00:00Z,0,17.59,0
2026-02-17T02:15:00Z,0,18.39,0
2026-02-17T02:30:00Z,0,19.19,0
2026-02-17T02:45:00Z,0,19.89,0
2026-02-17T03:00:00Z,0,19.8,0
2026-02-17T03:15:00Z,0,19.31,0
2026-02-17T03:30:00Z,0,18.81,0
2026-02-17T03:45:00Z,0,19,0
2026-02-17T04:00:00Z,0,19.2,0
2026-02-17T04:15:00Z,0,18.9,0
2026-02-17T04:30:00Z,0,18.21,0
2026-02-17T04:45:00Z,0,18.2,0
2026-02-17T05:00:00Z,0,17.9,0
2026-02-17T05:15:00Z,0,18.3,0
2026-02-17T05:30:00Z,0,18.4,0
2026-02-17T05:45:00Z,0,18.5,0
2026-02-17T06:00:00Z,0,18.2,0
2026-02-17T06:15:00Z,0,17.71,0
2026-02-17T06:30:00Z,0,17.6,0
2026-02-17T06:45:00Z,8.5,17.7,0
2026-02-17T07:00:00Z,15.03,19.08,0
2026-02-17T07:15:00Z,48.82,20.78,0
2026-02-17T07:30:00Z,77.28,21.89,0
2026-02-17T07:45:00Z,107.2,22.39,0
2026-02-17T08:00:00Z,147.3,22.4,0
2026-02-17T08:15:00Z,197.6,22.8,0
2026-02-17T08:30:00Z,254.8,23.2,0
2026-02-17T08:45:00Z,317.6,23.69,0
2026-02-17T09:00:00Z,382.9,24.29,0
2026-02-17T09:15:00Z,450.3,24.79,0
2026-02-17T09:30:00Z,520.7,25,0
2026-02-17T09:45:00Z,585,25.4,0
2026-02-17T10:00:00Z,641.8,25.7,0
2026-02-17T10:15:00Z,697.7,26.1,0
2026-02-17T10:30:00Z,750.1,26.2,0
2026-02-17T10:45:00Z,802,26.2,0
2026-02-17T11:00:00Z,847,26.6,0
2026-02-17T11:15:00Z,898,26.7,0
2026-02-17T11:30:00Z,944,27.19,0
2026-02-17T11:45:00Z,986,27.79,0
2026-02-17T12:00:00Z,230.5,26.81,0
2026-02-17T12:15:00Z,289.8,25.91,0
2026-02-17T12:30:00Z,742.4,26.69,0
2026-02-17T12:45:00Z,577.6,26.7,0
2026-02-17T13:00:00Z,941,27.19,0
2026-02-17T13:15:00Z,798.8,27.2,0
2026-02-17T13:30:00Z,307.9,26.71,0
2026-02-17T13:45:00Z,344.3,26.4,0
2026-02-17T14:00:00Z,240.2,26.6,0
2026-02-17T14:15:00Z,986,27.69,0
2026-02-17T14:30:00Z,894,28.19,0
2026-02-17T14:45:00Z,926,28.2,0
2026-02-17T15:00:00Z,325.2,27.11,0
2026-02-17T15:15:00Z,239.1,26.61,0
2026-02-17T15:30:00Z,423.6,24.82,0
2026-02-17T15:45:00Z,211.9,26.18,0
2026-02-17T16:00:00Z,347.2,26.1,0
2026-02-17T16:15:00Z,350.5,26.59,0
2026-02-17T16:30:00Z,659.5,27.49,0
2026-02-17T16:45:00Z,564.6,28.29,0
2026-02-17T17:00:00Z,471.5,28.1,0
2026-02-17T17:15:00Z,435.7,28.3,0
2026-02-17T17:30:00Z,299.1,27.81,0
2026-02-17T17:45:00Z,200.9,27.6,0
2026-02-17T18:00:00Z,113.2,27.11,0
2026-02-17T18:15:00Z,132.1,26.61,0
2026-02-17T18:30:00Z,117.5,26.7,0
2026-02-17T18:45:00Z,58.66,26.7,0
2026-02-17T19:00:00Z,4.303,25.22,0
2026-02-17T19:15:00Z,0.041,24.31,0
2026-02-17T19:30:00Z,0,22.92,0
2026-02-17T19:45:00Z,0,21.02,0
2026-02-17T20:00:00Z,0,20.51,0
2026-02-17T20:15:00Z,0,20.1,0
2026-02-17T20:30:00Z,0,19.61,0
2026-02-17T20:45:00Z,0,20.29,0
2026-02-17T21:00:00Z,0,20.3,0
2026-02-17T21:15:00Z,0,19.9,0
2026-02-17T21:30:00Z,0,19.5,0
2026-02-17T21:45:00Z,0,19.4,0
2026-02-17T22:00:00Z,0,19.4,0
2026-02-17T22:15:00Z,0,19.4,0
2026-02-17T22:30:00Z,0,19.1,0
2026-02-17T22:45:00Z,0,18.8,0
2026-02-17T23:00:00Z,0,18.7,0
2026-02-17T23:15:00Z,0,18.6,0
2026-02-17T23:30:00Z,0,18.4,0
2026-02-17T23:45:00Z,0,17.91,0
2026-02-18T00:00:00Z,0,17.5,0
2026-02-18T00:15:00Z,0,17.8,0
2026-02-18T00:30:00Z,0,17.6,0
2026-02-18T00:45:00Z,0,17.3,0
2026-02-18T01:00:00Z,0,17.2,0
2026-02-18T01:15:00Z,0,17.4,0
2026-02-18T01:30:00Z,0,17.4,0
2026-02-18T01:45:00Z,0,17.3,0
2026-02-18T02:00:00Z,0,17.4,0
2026-02-18T02:15:00Z,0,17,0
2026-02-18T02:30:00Z,0,17,0
2026-02-18T02:45:00Z,0,17.1,0
2026-02-18T03:00:00Z,0,17.1,0
2026-02-18T03:15:00Z,0,17,0
2026-02-18T03:30:00Z,0,16.9,0
2026-02-18T03:45:00Z,0,16.5,0
2026-02-18T04:00:00Z,0,16.6,0
2026-02-18T04:15:00Z,0,16.5,0
2026-02-18T04:30:00Z,0,16.8,0
2026-02-18T04:45:00Z,0,16.9,0
2026-02-18T05:00:00Z,0,17.39,0
2026-02-18T05:15:00Z,0,17.5,0
2026-02-18T05:30:00Z,0,17.4,0
2026-02-18T05:45:00Z,0,17.5,0
2026-02-18T06:00:00Z,0,17.2,0
2026-02-18T06:15:00Z,0,17.1,0
2026-02-18T06:30:00Z,0,17,0
2026-02-18T06:45:00Z,9.69,16.9,0
2026-02-18T07:00:00Z,28.49,17.79,0
2026-02-18T07:15:00Z,51.64,19.48,0
2026-02-18T07:30:00Z,88.7,21.38,0
2026-02-18T07:45:00Z,116.2,22.69,0
2026-02-18T08:00:00Z,150.9,22.6,0
2026-02-18T08:15:00Z,191.4,22.5,0
2026-02-18T08:30:00Z,250.4,22.99,0
2026-02-18T08:45:00Z,190.9,23.2,0
2026-02-18T09:00:00Z,414.3,23.6,0
2026-02-18T09:15:00Z,360.2,23.6,0
2026-02-18T09:30:00Z,406.9,23.9,0
2026-02-18T09:45:00Z,475.3,24.2,0
2026-02-18T10:00:00Z,693.8,25.09,0
2026-02-18T10:15:00Z,737.2,25.2,0
2026-02-18T10:30:00Z,400.6,24.71,0
2026-02-18T10:45:00Z,338.3,23.91,0
2026-02-18T11:00:00Z,835,24.89,0
2026-02-18T11:15:00Z,434,25.2,0
2026-02-18T11:30:00Z,267.7,24.71,0
2026-02-18T11:45:00Z,402.2,24.8,0
2026-02-18T12:00:00Z,188.1,24.9,0
2026-02-18T12:15:00Z,56.45,23.81,0
2026-02-18T12:30:00Z,32.16,20.64,30.26
2026-02-18T12:45:00Z,83.4,16.45,999
2026-02-18T13:00:00Z,115.2,16.5,363.1
2026-02-18T13:15:00Z,78.62,16.7,0
2026-02-18T13:30:00Z,71.48,17.39,30.26
2026-02-18T13:45:00Z,110.6,18.19,0
2026-02-18T14:00:00Z,137.5,17.71,0
2026-02-18T14:15:00Z,88.1,18.69,0
2026-02-18T14:30:00Z,58.33,18.8,0
2026-02-18T14:45:00Z,54.14,19.39,0
2026-02-18T15:00:00Z,41.44,19.5,0
2026-02-18T15:15:00Z,47.33,19.7,0
2026-02-18T15:30:00Z,38.5,19.4,0
2026-02-18T15:45:00Z,56.6,19,0
2026-02-18T16:00:00Z,83.9,19.3,0
2026-02-18T16:15:00Z,188.5,19.4,0
2026-02-18T16:30:00Z,379.3,20.49,0
2026-02-18T16:45:00Z,390.5,21.98,0
2026-02-18T17:00:00Z,391.2,22.49,0
2026-02-18T17:15:00Z,326.9,23.39,0
2026-02-18T17:30:00Z,135.4,23.4,0
2026-02-18T17:45:00Z,302.2,23.8,0
2026-02-18T18:00:00Z,184.6,24.1,0
2026-02-18T18:15:00Z,131.3,23.31,0
2026-02-18T18:30:00Z,53.47,23.1,0
2026-02-18T18:45:00Z,15.22,22.7,0
2026-02-18T19:00:00Z,0.164,22.11,0
2026-02-18T19:15:00Z,0,21.41,0
2026-02-18T19:30:00Z,0,21.1,0
2026-02-18T19:45:00Z,0,20.31,0
2026-02-18T20:00:00Z,0,20,0
2026-02-18T20:15:00Z,0,19.6,0
2026-02-18T20:30:00Z,0,18.71,0
2026-02-18T20:45:00Z,0,18.4,0
2026-02-18T21:00:00Z,0,18.1,0
2026-02-18T21:15:00Z,0,18,0
2026-02-18T21:30:00Z,0,17.7,0
2026-02-18T21:45:00Z,0,17.5,0
2026-02-18T22:00:00Z,0,17.6,0
2026-02-18T22:15:00Z,0,17.5,0
2026-02-18T22:30:00Z,0,17.1,0
2026-02-18T22:45:00Z,0,17.3,0
2026-02-18T23:00:00Z,0,17.3,0
2026-02-18T23:15:00Z,0,17.1,0
2026-02-18T23:30:00Z,0,17.2,0
2026-02-18T23:45:00Z,0,16.71,0
2026-02-19T00:00:00Z,0,16.3,0
2026-02-19T00:15:00Z,0,16.5,0
2026-02-19T00:30:00Z,0,16.7,0
2026-02-19T00:45:00Z,0,16.5,0
2026-02-19T01:00:00Z,0,16.8,0
2026-02-19T01:15:00Z,0,16.6,0
2026-02-19T01:30:00Z,0,16.7,0
2026-02-19T01:45:00Z,0,16.8,0
2026-02-19T02:00:00Z,0,16.4,0
2026-02-19T02:15:00Z,0,16.2,0
2026-02-19T02:30:00Z,0,16.3,0
2026-02-19T02:45:00Z,0,16.3,0
2026-02-19T03:00:00Z,0,16.1,0
2026-02-19T03:15:00Z,0,15.8,0
2026-02-19T03:30:00Z,0,15.9,0
2026-02-19T03:45:00Z,0,16.1,0
2026-02-19T04:00:00Z,0,15.9,0
2026-02-19T04:15:00Z,0,16,0
2026-02-19T04:30:00Z,0,15.9,0
2026-02-19T04:45:00Z,0,15.9,0
2026-02-19T05:00:00Z,0,15.9,0
2026-02-19T05:15:00Z,0,15.6,0
2026-02-19T05:30:00Z,0,16,0
2026-02-19T05:45:00Z,0,15.9,0
2026-02-19T06:00:00Z,0,16.2,0
2026-02-19T06:15:00Z,0,16.79,0
2026-02-19T06:30:00Z,0,16.7,0
2026-02-19T06:45:00Z,8.7,16.3,0
2026-02-19T07:00:00Z,17.6,16.6,0
2026-02-19T07:15:00Z,61.31,17.98,0
2026-02-19T07:30:00Z,101.2,19.29,0
2026-02-19T07:45:00Z,132.8,20.39,0
2026-02-19T08:00:00Z,161,21.29,0
2026-02-19T08:15:00Z,203,22.29,0
2026-02-19T08:30:00Z,245.8,22.7,0
2026-02-19T08:45:00Z,301,23,0
2026-02-19T09:00:00Z,352.6,23.4,0
2026-02-19T09:15:00Z,431.8,23.7,0
2026-02-19T09:30:00Z,505.5,24,0
2026-02-19T09:45:00Z,555.6,24.2,0
2026-02-19T10:00:00Z,506.4,24,0
2026-02-19T10:15:00Z,531.2,24,0
2026-02-19T10:30:00Z,622.9,23.8,0
2026-02-19T10:45:00Z,753.8,23.7,0
2026-02-19T11:00:00Z,797.6,23.9,0
2026-02-19T11:15:00Z,908,24.3,0
2026-02-19T11:30:00Z,960,24.7,0
2026-02-19T11:45:00Z,746.5,24.8,0
2026-02-19T12:00:00Z,534.6,24.5,0
2026-02-19T12:15:00Z,722.1,24.7,0
2026-02-19T12:30:00Z,1004,25.29,0
2026-02-19T12:45:00Z,1043,25.3,0
2026-02-19T13:00:00Z,672.1,24.61,0
2026-02-19T13:15:00Z,937,23.22,0
2026-02-19T13:30:00Z,1184,23.4,0
2026-02-19T13:45:00Z,1110,23.89,0
2026-02-19T14:00:00Z,558.2,23.41,0
2026-02-19T14:15:00Z,604.4,23.4,0
2026-02-19T14:30:00Z,433.8,23.1,0
2026-02-19T14:45:00Z,814,23.79,0
2026-02-19T15:00:00Z,661.9,23.6,0
2026-02-19T15:15:00Z,463,23.01,0
2026-02-19T15:30:00Z,841,23.69,0
2026-02-19T15:45:00Z,903,24.29,0
2026-02-19T16:00:00Z,372.1,23.81,0
2026-02-19T16:15:00Z,490.4,23.7,0
2026-02-19T16:30:00Z,177.6,23.11,0
2026-02-19T16:45:00Z,110.2,23.1,0
2026-02-19T17:00:00Z,252.3,23.4,0
2026-02-19T17:15:00Z,122.6,23.4,0
2026-02-19T17:30:00Z,61.17,23.4,0
2026-02-19T17:45:00Z,47.25,23.1,0
2026-02-19T18:00:00Z,39.49,22.51,0
2026-02-19T18:15:00Z,27.04,22.01,0
2026-02-19T18:30:00Z,5.144,21.21,0
2026-02-19T18:45:00Z,0.054,20.41,0
2026-02-19T19:00:00Z,0,20,0
2026-02-19T19:15:00Z,0,20,0
2026-02-19T19:30:00Z,0,20,30.26
2026-02-19T19:45:00Z,0,19.7,60.52
2026-02-19T20:00:00Z,0,19.6,30.26
2026-02-19T20:15:00Z,0,19.7,0
2026-02-19T20:30:00Z,0,19.6,0
2026-02-19T20:45:00Z,0,19.5,0
2026-02-19T21:00:00Z,0,19.7,0
2026-02-19T21:15:00Z,0,19.8,0
2026-02-19T21:30:00Z,0,19.8,0
2026-02-19T21:45:00Z,0,19.8,0
2026-02-19T22:00:00Z,0,19.8,0
2026-02-19T22:15:00Z,0,20,0
2026-02-19T22:30:00Z,0,19.9,0
2026-02-19T22:45:00Z,0,20,0
2026-02-19T23:00:00Z,0,20,0
2026-02-19T23:15:00Z,0,19.8,0
2026-02-19T23:30:00Z,0,19.8,0
2026-02-19T23:45:00Z,0,19.7,0
2026-02-20T00:00:00Z,0,19.6,0
2026-02-20T00:15:00Z,0,19.5,0
2026-02-20T00:30:00Z,0,19.3,0
2026-02-20T00:45:00Z,0,19.3,0
2026-02-20T01:00:00Z,0,19.2,0
2026-02-20T01:15:00Z,0,19.3,0
2026-02-20T01:30:00Z,0,19.3,0
2026-02-20T01:45:00Z,0,19.2,0
2026-02-20T02:00:00Z,0,19.2,0
2026-02-20T02:15:00Z,0,19.3,0
2026-02-20T02:30:00Z,0,19.4,0
2026-02-20T02:45:00Z,0,19.3,0
2026-02-20T03:00:00Z,0,19.2,0
2026-02-20T03:15:00Z,0,19.1,0
2026-02-20T03:30:00Z,0,19,0
2026-02-20T03:45:00Z,0,18.9,0
2026-02-20T04:00:00Z,0,18.9,0
2026-02-20T04:15:00Z,0,18.9,0
2026-02-20T04:30:00Z,0,18.9,0
2026-02-20T04:45:00Z,0,18.9,0
2026-02-20T05:00:00Z,0,19,0
2026-02-20T05:15:00Z,0,18.9,0
2026-02-20T05:30:00Z,0,18.9,0
2026-02-20T05:45:00Z,0,18.9,0
2026-02-20T06:00:00Z,0,18.7,0
2026-02-20T06:15:00Z,0,18.7,0
2026-02-20T06:30:00Z,0,18.7,0
2026-02-20T06:45:00Z,0.89,18.9,0
2026-02-20T07:00:00Z,11.88,19,0
2026-02-20T07:15:00Z,24.46,19.2,0
2026-02-20T07:30:00Z,54.56,19.3,0
2026-02-20T07:45:00Z,78.34,19.79,0
2026-02-20T08:00:00Z,84.4,20.29,0
2026-02-20T08:15:00Z,122.5,20.79,0
2026-02-20T08:30:00Z,126.4,21.29,0
2026-02-20T08:45:00Z,140.7,21.4,0
2026-02-20T09:00:00Z,323.2,21.99,0
2026-02-20T09:15:00Z,310,22.49,0
2026-02-20T09:30:00Z,353.2,22.7,0
2026-02-20T09:45:00Z,424.2,23.19,0
2026-02-20T10:00:00Z,358.4,23.1,0
2026-02-20T10:15:00Z,350.8,23,0
2026-02-20T10:30:00Z,370,23.3,0
2026-02-20T10:45:00Z,715.9,24.09,0
2026-02-20T11:00:00Z,242.2,23.7,0
2026-02-20T11:15:00Z,554.4,23.3,0
2026-02-20T11:30:00Z,466,23.79,0
2026-02-20T11:45:00Z,601.4,24.29,0
2026-02-20T12:00:00Z,709.1,24.2,0
2026-02-20T12:15:00Z,870,24.5,0
2026-02-20T12:30:00Z,710.9,24.5,0
2026-02-20T12:45:00Z,288.4,23.81,0
2026-02-20T13:00:00Z,243.5,23.31,0
2026-02-20T13:15:00Z,233.4,22.81,0
2026-02-20T13:30:00Z,274.3,22.9,0
2026-02-20T13:45:00Z,324.9,23.49,0
2026-02-20T14:00:00Z,411.9,23.6,0
2026-02-20T14:15:00Z,561.3,24.09,0
2026-02-20T14:30:00Z,578.8,24.4,0
2026-02-20T14:45:00Z,228.1,24,0
2026-02-20T15:00:00Z,292.2,23.21,0
2026-02-20T15:15:00Z,341.1,22.9,0
2026-02-20T15:30:00Z,242.1,22.9,0
2026-02-20T15:45:00Z,110.3,21.91,0
2026-02-20T16:00:00Z,70.04,20.02,60.52
2026-02-20T16:15:00Z,58.23,18.91,30.26
2026-02-20T16:30:00Z,40.5,19.39,0
2026-02-20T16:45:00Z,48.51,19.99,0
2026-02-20T17:00:00Z,93.8,20.1,0
2026-02-20T17:15:00Z,80.5,20.3,0
2026-02-20T17:30:00Z,50.53,20,30.26
2026-02-20T17:45:00Z,16.78,19.7,121
2026-02-20T18:00:00Z,5.522,19.7,121
2026-02-20T18:15:00Z,0.06,19.7,121
2026-02-20T18:30:00Z,3.659,19.6,30.26
2026-02-20T18:45:00Z,2.513,19.4,0
2026-02-20T19:00:00Z,0.028,19.3,0
2026-02-20T19:15:00Z,0,19.1,514.4
2026-02-20T19:30:00Z,0,18.51,60.52
2026-02-20T19:45:00Z,0,18.5,30.26
2026-02-20T20:00:00Z,0,18.3,30.26
2026-02-20T20:15:00Z,0,18.1,0
2026-02-20T20:30:00Z,0,18.2,0
2026-02-20T20:45:00Z,0,18.3,0
2026-02-20T21:00:00Z,0,18.5,0
2026-02-20T21:15:00Z,0,18.6,0
2026-02-20T21:30:00Z,0,18.3,0
2026-02-20T21:45:00Z,0,18.3,0
2026-02-20T22:00:00Z,0,18.5,0
2026-02-20T22:15:00Z,0,18.5,0
2026-02-20T22:30:00Z,0,18.5,0
2026-02-20T22:45:00Z,0,18.5,0
2026-02-20T23:00:00Z,0,18.5,0
2026-02-20T23:15:00Z,0,18.4,0
2026-02-20T23:30:00Z,0,18.4,0
2026-02-20T23:45:00Z,0,18.5,0
2026-02-21T00:00:00Z,0,18.5,0
2026-02-21T00:15:00Z,0,18.5,0
2026-02-21T00:30:00Z,0,18.5,0
2026-02-21T00:45:00Z,0,18.4,0
2026-02-21T01:00:00Z,0,18.5,0
2026-02-21T01:15:00Z,0,18.5,0
2026-02-21T01:30:00Z,0,18.5,0
2026-02-21T01:45:00Z,0,18.6,0
2026-02-21T02:00:00Z,0,18.6,0
2026-02-21T02:15:00Z,0,18.5,0
2026-02-21T02:30:00Z,0,18.5,0
2026-02-21T02:45:00Z,0,18.4,0
2026-02-21T03:00:00Z,0,18.4,0
2026-02-21T03:15:00Z,0,18.4,0
2026-02-21T03:30:00Z,0,18.5,0
2026-02-21T03:45:00Z,0,18.5,0
2026-02-21T04:00:00Z,0,18.4,0
2026-02-21T04:15:00Z,0,18.4,30.26
2026-02-21T04:30:00Z,0,18.3,0
2026-02-21T04:45:00Z,0,18.3,0
2026-02-21T05:00:00Z,0,18.3,0
2026-02-21T05:15:00Z,0,18.3,0
2026-02-21T05:30:00Z,0,18.3,0
2026-02-21T05:45:00Z,0,18.3,0
2026-02-21T06:00:00Z,0,18.2,0
2026-02-21T06:15:00Z,0,18.2,0
2026-02-21T06:30:00Z,0,18.3,0
2026-02-21T06:45:00Z,13.94,18.2,0
2026-02-21T07:00:00Z,28.83,18.2,0
2026-02-21T07:15:00Z,44.23,18.4,0
2026-02-21T07:30:00Z,56.66,18.6,0
2026-02-21T07:45:00Z,102.1,18.7,0
2026-02-21T08:00:00Z,76.59,18.9,0
2026-02-21T08:15:00Z,82.6,18.7,0
2026-02-21T08:30:00Z,82.2,18.7,0
2026-02-21T08:45:00Z,120.3,18.9,0
2026-02-21T09:00:00Z,188.4,19.1,0
2026-02-21T09:15:00Z,192.4,19.5,0
2026-02-21T09:30:00Z,138.7,19.4,0
2026-02-21T09:45:00Z,190.8,19.5,0
2026-02-21T10:00:00Z,101.9,19.6,0
2026-02-21T10:15:00Z,73.61,19.4,0
2026-02-21T10:30:00Z,97,19.3,0
2026-02-21T10:45:00Z,178.1,19.3,0
2026-02-21T11:00:00Z,224.3,19.6,0
2026-02-21T11:15:00Z,167.8,19.8,0
2026-02-21T11:30:00Z,239.2,19.8,0
2026-02-21T11:45:00Z,297,19.6,0
2026-02-21T12:00:00Z,411.1,19.8,0
2026-02-21T12:15:00Z,372.7,20.2,0
2026-02-21T12:30:00Z,372.5,20.4,0
2026-02-21T12:45:00Z,483.9,20.8,0
2026-02-21T13:00:00Z,642.5,21.39,0
2026-02-21T13:15:00Z,326.3,20.91,0
2026-02-21T13:30:00Z,207.2,20.31,30.26
2026-02-21T13:45:00Z,174.7,20.1,0
2026-02-21T14:00:00Z,429.1,20.69,0
2026-02-21T14:15:00Z,331,21.1,0
2026-02-21T14:30:00Z,206.7,21.3,0
2026-02-21T14:45:00Z,268.2,20.9,0
2026-02-21T15:00:00Z,284.7,21,0
2026-02-21T15:15:00Z,295.9,21.1,0
2026-02-21T15:30:00Z,392.9,21.3,0
2026-02-21T15:45:00Z,157.6,19.92,30.26
2026-02-21T16:00:00Z,417.1,19.7,0
2026-02-21T16:15:00Z,532.8,20.79,0
2026-02-21T16:30:00Z,277.4,20.9,0
2026-02-21T16:45:00Z,179,20.8,0
2026-02-21T17:00:00Z,183.7,20.8,0
2026-02-21T17:15:00Z,127.4,20.8,0
2026-02-21T17:30:00Z,63.02,20.6,0
2026-02-21T17:45:00Z,41.73,20.4,0
2026-02-21T18:00:00Z,46.54,20.3,0
2026-02-21T18:15:00Z,40.57,20.3,0
2026-02-21T18:30:00Z,28.83,20.2,0
2026-02-21T18:45:00Z,13.87,19.9,0
2026-02-21T19:00:00Z,1.141,19.8,0
2026-02-21T19:15:00Z,0.011,19.7,0
2026-02-21T19:30:00Z,0,19.5,0
2026-02-21T19:45:00Z,0,19.5,0
2026-02-21T20:00:00Z,0,19.4,0
2026-02-21T20:15:00Z,0,19.5,0
2026-02-21T20:30:00Z,0,19.5,0
2026-02-21T20:45:00Z,0,19.7,0
2026-02-21T21:00:00Z,0,19.3,0
2026-02-21T21:15:00Z,0,19.1,0
2026-02-21T21:30:00Z,0,18.9,0
2026-02-21T21:45:00Z,0,19.2,0
2026-02-21T22:00:00Z,0,19.3,0
2026-02-21T22:15:00Z,0,19.4,0
2026-02-21T22:30:00Z,0,19.3,0
2026-02-21T22:45:00Z,0,19.3,0
2026-02-21T23:00:00Z,0,18.71,0
2026-02-21T23:15:00Z,0,18.8,0
2026-02-21T23:30:00Z,0,18.5,0
2026-02-21T23:45:00Z,0,18.4,0
2026-02-22T00:00:00Z,0,18.99,0
2026-02-22T00:15:00Z,0,19.4,0
2026-02-22T00:30:00Z,0,19.4,0
2026-02-22T00:45:00Z,0,19.5,0
2026-02-22T01:00:00Z,0,19.5,0
2026-02-22T01:15:00Z,0,19.7,0
2026-02-22T01:30:00Z,0,19.8,0
2026-02-22T01:45:00Z,0,19.9,0
2026-02-22T02:00:00Z,0,19.8,0
2026-02-22T02:15:00Z,0,19.8,0
2026-02-22T02:30:00Z,0,19.8,0
2026-02-22T02:45:00Z,0,19.8,0
2026-02-22T03:00:00Z,0,19.8,0
2026-02-22T03:15:00Z,0,19.7,0
2026-02-22T03:30:00Z,0,19.4,0
2026-02-22T03:45:00Z,0,19.3,0
2026-02-22T04:00:00Z,0,18.71,0
2026-02-22T04:15:00Z,0,18.7,0
2026-02-22T04:30:00Z,0,19,0
2026-02-22T04:45:00Z,0,19.1,0
2026-02-22T05:00:00Z,0,19.2,0
2026-02-22T05:15:00Z,0,19.2,0
2026-02-22T05:30:00Z,0,19.2,0
2026-02-22T05:45:00Z,0,19.6,0
2026-02-22T06:00:00Z,0,19.6,0
2026-02-22T06:15:00Z,0,19.6,0
2026-02-22T06:30:00Z,0,19.7,0
2026-02-22T06:45:00Z,8.9,19.7,0
2026-02-22T07:00:00Z,23.04,19.7,0
2026-02-22T07:15:00Z,28.14,19.8,0
2026-02-22T07:30:00Z,13.96,19.21,30.26
2026-02-22T07:45:00Z,36.15,19.2,0
2026-02-22T08:00:00Z,54.3,19.2,0
2026-02-22T08:15:00Z,68.74,19.2,0
2026-02-22T08:30:00Z,76.12,19.2,30.26
2026-02-22T08:45:00Z,81.1,19.1,0
2026-02-22T09:00:00Z,91.2,19,30.26
2026-02-22T09:15:00Z,174.8,19,0
2026-02-22T09:30:00Z,112.1,19,60.52
2026-02-22T09:45:00Z,153.4,19,181.6
2026-02-22T10:00:00Z,94.7,18.51,242.1
2026-02-22T10:15:00Z,65.03,18.6,30.26
2026-02-22T10:30:00Z,90.6,18.8,30.26
2026-02-22T10:45:00Z,122.6,18.7,0
2026-02-22T11:00:00Z,178.1,18.6,30.26
2026-02-22T11:15:00Z,196.9,18.7,0
2026-02-22T11:30:00Z,376.3,18.9,0
2026-02-22T11:45:00Z,576.4,19.2,0
2026-02-22T12:00:00Z,251.1,19.2,0
2026-02-22T12:15:00Z,257.6,19,31.77
2026-02-22T12:30:00Z,304.5,19,0
2026-02-22T12:45:00Z,235.1,19.2,28.75
2026-02-22T13:00:00Z,217.8,19,30.26
2026-02-22T13:15:00Z,329.5,19.3,30.26
2026-02-22T13:30:00Z,569.5,19.79,0
2026-02-22T13:45:00Z,608.2,20.1,0
2026-02-22T14:00:00Z,360.3,19.51,0
2026-02-22T14:15:00Z,288.3,18.91,30.26
2026-02-22T14:30:00Z,479.8,19.3,0
2026-02-22T14:45:00Z,551.8,20.09,0
2026-02-22T15:00:00Z,529.2,20.3,0
2026-02-22T15:15:00Z,358.4,20.3,0
2026-02-22T15:30:00Z,272.9,20.4,0
2026-02-22T15:45:00Z,232.2,20.2,0
2026-02-22T16:00:00Z,149,20.4,0
2026-02-22T16:15:00Z,94.4,20.4,0
2026-02-22T16:30:00Z,30.31,20.3,90.8
2026-02-22T16:45:00Z,11.01,19.21,363.1
2026-02-22T17:00:00Z,15.05,19,423.6
2026-02-22T17:15:00Z,25.48,18.9,181.6
2026-02-22T17:30:00Z,23.13,19,0
2026-02-22T17:45:00Z,22.31,19.3,30.26
2026-02-22T18:00:00Z,35.75,19.4,0
2026-02-22T18:15:00Z,44.31,19.3,0
2026-02-22T18:30:00Z,42.92,19.4,0
2026-02-22T18:45:00Z,15.01,19.3,0
2026-02-22T19:00:00Z,0.163,19.3,0
2026-02-22T19:15:00Z,0,19.3,0
2026-02-22T19:30:00Z,0,19.4,0
2026-02-22T19:45:00Z,0,18.81,0
2026-02-22T20:00:00Z,0,18.5,0
2026-02-22T20:15:00Z,0,18.6,0
2026-02-22T20:30:00Z,0,18.7,0
2026-02-22T20:45:00Z,0,18.8,0
2026-02-22T21:00:00Z,0,18.9,30.26
2026-02-22T21:15:00Z,0,18.7,0
2026-02-22T21:30:00Z,0,18.6,0
2026-02-22T21:45:00Z,0,18.6,0
2026-02-22T22:00:00Z,0,18.6,0
2026-02-22T22:15:00Z,0,18.5,0
2026-02-22T22:30:00Z,0,18.5,0
2026-02-22T22:45:00Z,0,18.5,0
2026-02-22T23:00:00Z,0,18.4,0
2026-02-22T23:15:00Z,0,18.4,0
2026-02-22T23:30:00Z,0,18.5,0
2026-02-22T23:45:00Z,0,18.5,0
2026-02-23T00:00:00Z,0,18.5,0
2026-02-23T00:15:00Z,0,18.4,0
2026-02-23T00:30:00Z,0,18.4,0
2026-02-23T00:45:00Z,0,18.4,0
2026-02-23T01:00:00Z,0,18.3,0
2026-02-23T01:15:00Z,0,18.4,0
2026-02-23T01:30:00Z,0,18.4,0
2026-02-23T01:45:00Z,0,18.4,0
2026-02-23T02:00:00Z,0,18.3,0
2026-02-23T02:15:00Z,0,18.3,0
2026-02-23T02:30:00Z,0,18.3,0
2026-02-23T02:45:00Z,0,18.2,0
2026-02-23T03:00:00Z,0,18.2,0
2026-02-23T03:15:00Z,0,18.1,0
2026-02-23T03:30:00Z,0,18.1,0
2026-02-23T03:45:00Z,0,18.1,0
2026-02-23T04:00:00Z,0,18.1,0
2026-02-23T04:15:00Z,0,18,0
2026-02-23T04:30:00Z,0,17.9,0
2026-02-23T04:45:00Z,0,17.8,0
2026-02-23T05:00:00Z,0,17.8,0
2026-02-23T05:15:00Z,0,17.8,0
2026-02-23T05:30:00Z,0,17.7,0
2026-02-23T05:45:00Z,0,17.7,0
2026-02-23T06:00:00Z,0,17.8,0
2026-02-23T06:15:00Z,0,17.8,0
2026-02-23T06:30:00Z,0,17.7,0
2026-02-23T06:45:00Z,1.483,17.7,0
2026-02-23T07:00:00Z,10.1,17.8,0
2026-02-23T07:15:00Z,34.03,17.9,0
2026-02-23T07:30:00Z,56.45,18.1,0
2026-02-23T07:45:00Z,58.48,18.2,0
2026-02-23T08:00:00Z,47.62,18.1,0
2026-02-23T08:15:00Z,58.08,18.1,0
2026-02-23T08:30:00Z,76.69,18.1,0
2026-02-23T08:45:00Z,56.73,18.1,0
2026-02-23T09:00:00Z,120.4,18.2,0
2026-02-23T09:15:00Z,108,18.5,0
2026-02-23T09:30:00Z,73.19,18.4,0
2026-02-23T09:45:00Z,100.3,18.4,0
2026-02-23T10:00:00Z,243,18.5,0
2026-02-23T10:15:00Z,275.6,19.09,0
2026-02-23T10:30:00Z,222.7,18.8,30.26
2026-02-23T10:45:00Z,397.7,19.2,0
2026-02-23T11:00:00Z,340.7,19.89,0
2026-02-23T11:15:00Z,280.7,19.6,0
2026-02-23T11:30:00Z,255.9,19.4,0
2026-02-23T11:45:00Z,231.6,19.4,0
2026-02-23T12:00:00Z,354.7,19.7,0
2026-02-23T12:15:00Z,569.1,20.49,0
2026-02-23T12:30:00Z,690.4,20.9,0
2026-02-23T12:45:00Z,484.5,21.1,0
2026-02-23T13:00:00Z,544.3,21.3,0
2026-02-23T13:15:00Z,409.7,21.2,0
2026-02-23T13:30:00Z,207.6,19.42,90.8
2026-02-23T13:45:00Z,232.9,19,60.52
2026-02-23T14:00:00Z,658.3,20.29,0
2026-02-23T14:15:00Z,670.1,21.68,0
2026-02-23T15:00:00Z,223.9,22.2,0
2026-02-23T15:15:00Z,183.8,21.8,0
2026-02-23T15:30:00Z,333.4,22.1,0
2026-02-23T15:45:00Z,370.3,22.4,0
2026-02-23T16:00:00Z,64.54,20.92,272.3
2026-02-23T16:15:00Z,54.08,19.42,242.1
2026-02-23T16:30:00Z,74.47,19.6,0
2026-02-23T16:45:00Z,68.27,19.6,30.26
2026-02-23T17:00:00Z,64.54,19.4,0
2026-02-23T17:15:00Z,52.34,19.1,0
2026-02-23T17:30:00Z,53.98,19,0
2026-02-23T17:45:00Z,51.33,19,0
2026-02-23T18:00:00Z,56.94,19.1,0
2026-02-23T18:15:00Z,37.32,19.1,0
2026-02-23T18:30:00Z,22.07,18.9,0
2026-02-23T18:45:00Z,7.363,19.39,0
2026-02-23T19:00:00Z,0.08,19.4,0
2026-02-23T19:15:00Z,0,19.3,0
2026-02-23T19:30:00Z,0,19.3,0
2026-02-23T19:45:00Z,0,19.2,0
2026-02-23T20:00:00Z,0,19.1,0
2026-02-23T20:15:00Z,0,19.1,0
2026-02-23T20:30:00Z,0,19.3,0
2026-02-23T20:45:00Z,0,19.5,0
2026-02-23T21:00:00Z,0,19.4,0
2026-02-23T21:15:00Z,0,19.3,0
2026-02-23T21:30:00Z,0,19.3,0
2026-02-23T21:45:00Z,0,19.3,0
2026-02-23T22:00:00Z,0,19.2,0
2026-02-23T22:15:00Z,0,19.2,0
2026-02-23T22:30:00Z,0,19.2,0
2026-02-23T22:45:00Z,0,19.3,0
2026-02-23T23:00:00Z,0,19.4,0
2026-02-23T23:15:00Z,0,19.2,0
2026-02-23T23:30:00Z,0,19.1,0
2026-02-23T23:45:00Z,0,19.3,0
2026-02-24T00:00:00Z,0,19.4,0
2026-02-24T00:15:00Z,0,19.1,0
2026-02-24T00:30:00Z,0,19.1,0
2026-02-24T00:45:00Z,0,19.1,30.26
2026-02-24T01:00:00Z,0,19.1,0
2026-02-24T01:15:00Z,0,19.1,0
2026-02-24T01:30:00Z,0,19.2,0
2026-02-24T01:45:00Z,0,19.2,0
2026-02-24T02:00:00Z,0,19,0
2026-02-24T02:15:00Z,0,19.1,0
2026-02-24T02:30:00Z,0,19,30.26
2026-02-24T02:45:00Z,0,19,0
2026-02-24T03:00:00Z,0,18.8,0
2026-02-24T03:15:00Z,0,18.8,30.26
2026-02-24T03:30:00Z,0,18.8,0
2026-02-24T03:45:00Z,0,18.8,0
2026-02-24T04:00:00Z,0,18.8,0
2026-02-24T04:15:00Z,0,18.8,0
2026-02-24T04:30:00Z,0,18.7,0
2026-02-24T04:45:00Z,0,18.6,0
2026-02-24T05:00:00Z,0,18.7,0
2026-02-24T05:15:00Z,0,18.8,0
2026-02-24T05:30:00Z,0,18.7,0
2026-02-24T05:45:00Z,0,18.7,0
2026-02-24T06:00:00Z,0,18.6,0
2026-02-24T06:15:00Z,0,18.6,0
2026-02-24T06:30:00Z,0,18.6,0
2026-02-24T06:45:00Z,7.516,18.7,0
2026-02-24T07:00:00Z,15.91,18.9,0
2026-02-24T07:15:00Z,35.58,19,0
2026-02-24T07:30:00Z,80.2,19.1,0
2026-02-24T07:45:00Z,111.8,19.3,0
2026-02-24T08:00:00Z,125.2,19.5,0
2026-02-24T08:15:00Z,121.2,19.6,0
2026-02-24T08:30:00Z,125.6,19.7,0
2026-02-24T08:45:00Z,137.2,19.7,0
2026-02-24T09:00:00Z,173,19.7,0
2026-02-24T09:15:00Z,226.3,19.8,0
2026-02-24T09:30:00Z,219.7,20.1,0
2026-02-24T09:45:00Z,247.4,20.1,0
2026-02-24T10:00:00Z,304.7,20.1,0
2026-02-24T10:15:00Z,399.3,20.4,0
2026-02-24T10:30:00Z,433.2,20.6,0
2026-02-24T10:45:00Z,470.1,20.9,0
2026-02-24T11:00:00Z,514.8,21.1,0
2026-02-24T11:15:00Z,395.9,21.1,0
2026-02-24T11:30:00Z,374.7,21,0
2026-02-24T11:45:00Z,418.1,21.49,0
2026-02-24T12:00:00Z,587.3,21.8,0
2026-02-24T12:15:00Z,812,22.59,0
2026-02-24T12:30:00Z,843,23,0
2026-02-24T12:45:00Z,690.7,22.9,0
2026-02-24T13:00:00Z,645.2,23.2,0
2026-02-24T13:15:00Z,916,23.4,0
2026-02-24T13:30:00Z,977,23.99,0
2026-02-24T13:45:00Z,853,24,0
2026-02-24T14:00:00Z,591.5,23.8,0
2026-02-24T14:15:00Z,494.2,23.7,0
2026-02-24T14:30:00Z,827,24.29,0
2026-02-24T14:45:00Z,686.6,24.5,0
2026-02-24T15:00:00Z,354.3,24.1,0
2026-02-24T15:15:00Z,365.7,23.7,0
2026-02-24T15:30:00Z,228.4,23.21,0
2026-02-24T15:45:00Z,186.3,22.8,0
2026-02-24T16:00:00Z,230.5,23.1,0
2026-02-24T16:15:00Z,260.2,23.3,0
2026-02-24T16:30:00Z,254.7,23.2,0
2026-02-24T16:45:00Z,225.2,21.72,0
2026-02-24T17:00:00Z,117.4,21.3,0
2026-02-24T17:15:00Z,85.5,20.41,0
2026-02-24T17:30:00Z,141.7,20.8,0
2026-02-24T17:45:00Z,108.9,21.29,0
2026-02-24T18:00:00Z,62.12,21.3,0
2026-02-24T18:15:00Z,24.22,20.71,0
2026-02-24T18:30:00Z,9.66,20.3,0
2026-02-24T18:45:00Z,0.106,20.2,0
2026-02-24T19:00:00Z,0,20,30.26
2026-02-24T19:15:00Z,0,20.1,0
2026-02-24T19:30:00Z,0,20.1,0
2026-02-24T19:45:00Z,0,20.1,0
2026-02-24T20:00:00Z,0,20,0
2026-02-24T20:15:00Z,0,20.3,0
2026-02-24T20:30:00Z,0,20.2,0
2026-02-24T20:45:00Z,0,20.1,0
2026-02-24T21:00:00Z,0,20.4,0
2026-02-24T21:15:00Z,0,20.5,0
2026-02-24T21:30:00Z,0,20.4,0
2026-02-24T21:45:00Z,0,20.2,0
2026-02-24T22:00:00Z,0,20.1,0
2026-02-24T22:15:00Z,0,20.1,0
2026-02-24T22:30:00Z,0,20.1,0
2026-02-24T22:45:00Z,0,20.3,0
2026-02-24T23:00:00Z,0,20.3,0
2026-02-24T23:15:00Z,0,20,0
2026-02-24T23:30:00Z,0,19.9,0
2026-02-24T23:45:00Z,0,19.9,0
2026-02-25T00:00:00Z,0,19.9,0
2026-02-25T00:15:00Z,0,19.8,0
2026-02-25T00:30:00Z,0,19.7,0
2026-02-25T00:45:00Z,0,19.6,0
2026-02-25T01:00:00Z,0,19.5,0
2026-02-25T01:15:00Z,0,19.4,0
2026-02-25T01:30:00Z,0,19.2,0
2026-02-25T01:45:00Z,0,19.3,0
2026-02-25T02:00:00Z,0,19.2,0
2026-02-25T02:15:00Z,0,19.1,0
2026-02-25T02:30:00Z,0,19,0
2026-02-25T02:45:00Z,0,19,0
2026-02-25T03:00:00Z,0,19,0
2026-02-25T03:15:00Z,0,19.1,0
2026-02-25T03:30:00Z,0,19.3,0
2026-02-25T03:45:00Z,0,19.5,0
2026-02-25T04:00:00Z,0,19.5,0
2026-02-25T04:15:00Z,0,19.8,0
2026-02-25T04:30:00Z,0,19.7,0
2026-02-25T04:45:00Z,0,19.6,0
2026-02-25T05:00:00Z,0,19.5,0
2026-02-25T05:15:00Z,0,19.5,0
2026-02-25T05:30:00Z,0,19.5,0
2026-02-25T05:45:00Z,0,19.4,0
2026-02-25T06:00:00Z,0,19.5,0
2026-02-25T06:15:00Z,0,19.6,0
2026-02-25T06:30:00Z,0,19.6,0
2026-02-25T06:45:00Z,3.758,19.6,0
2026-02-25T07:00:00Z,16.26,19.6,0
2026-02-25T07:15:00Z,31.83,19.7,0
2026-02-25T07:30:00Z,59.29,19.8,0
2026-02-25T07:45:00Z,90.6,20.1,0
2026-02-25T08:00:00Z,94.2,20.4,0
2026-02-25T08:15:00Z,81.1,20.5,0
2026-02-25T08:30:00Z,111,20.7,0
2026-02-25T08:45:00Z,99.1,20.7,0
2026-02-25T09:00:00Z,168.2,20.8,0
2026-02-25T09:15:00Z,188.9,21,0
2026-02-25T09:30:00Z,139.5,21,0
2026-02-25T09:45:00Z,82.1,19.42,121
2026-02-25T10:00:00Z,140.6,18.91,90.8
2026-02-25T10:15:00Z,117.6,18.9,90.8
2026-02-25T10:30:00Z,104,18.9,90.8
2026-02-25T10:45:00Z,112.7,18.9,90.8
2026-02-25T11:00:00Z,108.7,19,60.52
2026-02-25T11:15:00Z,123.1,19.1,30.26
2026-02-25T11:30:00Z,141,19.3,30.26
2026-02-25T11:45:00Z,158.3,19.4,0
2026-02-25T12:00:00Z,146.9,19.7,0
2026-02-25T12:15:00Z,176.2,19.7,0
2026-02-25T12:30:00Z,164.4,19.7,0
2026-02-25T12:45:00Z,197.1,19.8,0
2026-02-25T13:00:00Z,226.1,20,0
2026-02-25T13:15:00Z,399,20.49,0
2026-02-25T13:30:00Z,393.3,20.7,0
2026-02-25T13:45:00Z,413.3,21.1,0
2026-02-25T14:00:00Z,259.3,20.9,0
2026-02-25T14:15:00Z,242.7,20.6,0
2026-02-25T14:30:00Z,394.3,21,0
2026-02-25T14:45:00Z,412.8,21.2,0
2026-02-25T15:00:00Z,222.3,20.8,0
2026-02-25T15:15:00Z,248.5,20.6,0
2026-02-25T15:30:00Z,312.4,20.9,0
2026-02-25T15:45:00Z,173.6,21.1,0
2026-02-25T16:00:00Z,120.3,20.41,60.52
2026-02-25T16:15:00Z,71.24,19.81,211.8
2026-02-25T16:30:00Z,205.3,20,30.26
2026-02-25T16:45:00Z,190.7,20.1,0
2026-02-25T17:00:00Z,182.2,20.69,0
2026-02-25T17:15:00Z,118.6,20.5,0
2026-02-25T17:30:00Z,62.23,20.3,0
2026-02-25T17:45:00Z,15.32,20,30.26
2026-02-25T18:00:00Z,10.55,19.9,0
2026-02-25T18:15:00Z,0.117,19.7,30.26
2026-02-25T18:30:00Z,0,19.5,30.26
2026-02-25T18:45:00Z,0,19.5,30.26
2026-02-25T19:00:00Z,0,19.3,0
2026-02-25T19:15:00Z,0,19.3,0
2026-02-25T19:30:00Z,0,19.3,0
2026-02-25T19:45:00Z,0,19.4,0
2026-02-25T20:00:00Z,0,19.5,0
2026-02-25T20:15:00Z,0,19.4,30.26
2026-02-25T20:30:00Z,0,19.3,0
2026-02-25T20:45:00Z,0,19.3,0
2026-02-25T21:00:00Z,0,19.2,0
2026-02-25T21:15:00Z,0,19.1,0
2026-02-25T21:30:00Z,0,19.1,0
2026-02-25T21:45:00Z,0,19.1,0
2026-02-25T22:00:00Z,0,19.1,0
2026-02-25T22:15:00Z,0,19.1,0
2026-02-25T22:30:00Z,0,19.1,0
2026-02-25T22:45:00Z,0,19.1,0
2026-02-25T23:00:00Z,0,19.1,0
2026-02-25T23:15:00Z,0,19.2,0
2026-02-25T23:30:00Z,0,19.2,0
2026-02-25T23:45:00Z,0,19.2,0
2026-02-26T00:00:00Z,0,19.2,0
2026-02-26T00:15:00Z,0,19.1,0
2026-02-26T00:30:00Z,0,19.1,0
2026-02-26T00:45:00Z,0,19.1,0
2026-02-26T01:00:00Z,0,18.9,0
2026-02-26T01:15:00Z,0,18.8,0
2026-02-26T01:30:00Z,0,18.7,0
2026-02-26T01:45:00Z,0,18.7,0
2026-02-26T02:00:00Z,0,18.6,0
2026-02-26T02:15:00Z,0,18.7,0
2026-02-26T02:30:00Z,0,18.7,0
2026-02-26T02:45:00Z,0,18.6,0
2026-02-26T03:00:00Z,0,18.5,0
2026-02-26T03:15:00Z,0,18.4,0
2026-02-26T03:30:00Z,0,18.5,60.52
2026-02-26T03:45:00Z,0,18.5,211.8
2026-02-26T04:00:00Z,0,18.5,181.6
2026-02-26T04:15:00Z,0,18.6,90.8
2026-02-26T04:30:00Z,0,18.6,0
2026-02-26T04:45:00Z,0,18.5,30.26
2026-02-26T05:00:00Z,0,18.5,0
2026-02-26T05:15:00Z,0,18.5,0
2026-02-26T05:30:00Z,0,18.4,0
2026-02-26T05:45:00Z,0,18.5,0
2026-02-26T06:00:00Z,0,18.5,0
2026-02-26T06:15:00Z,0,18.5,0
2026-02-26T06:30:00Z,0,18.5,30.26
2026-02-26T06:45:00Z,0.989,18.5,0
2026-02-26T07:00:00Z,9.8,18.5,0
2026-02-26T07:15:00Z,14.65,18.5,0
2026-02-26T07:30:00Z,21.62,18.5,0
2026-02-26T07:45:00Z,32.48,18.5,0
2026-02-26T08:00:00Z,26.47,18.6,30.26
2026-02-26T08:15:00Z,38.27,18.5,30.26
2026-02-26T08:30:00Z,96.9,18.6,0
2026-02-26T08:45:00Z,107.9,18.6,0
2026-02-26T09:00:00Z,110.8,18.7,0
2026-02-26T09:15:00Z,143.7,18.6,0
2026-02-26T09:30:00Z,89.6,18.6,0
2026-02-26T09:45:00Z,85,18.6,30.26
2026-02-26T10:00:00Z,125.5,18.8,30.26
2026-02-26T10:15:00Z,133.4,18.8,60.52
2026-02-26T10:30:00Z,118,19,90.8
2026-02-26T10:45:00Z,154.3,18.9,121
2026-02-26T11:00:00Z,201.6,19,60.52
2026-02-26T11:15:00Z,340.5,19.2,30.26
2026-02-26T11:30:00Z,231.1,19.1,0
2026-02-26T11:45:00Z,262.7,19.1,0
2026-02-26T12:00:00Z,273.7,19.2,0
2026-02-26T12:15:00Z,235.5,19.3,0
2026-02-26T12:30:00Z,455.4,19.4,0
2026-02-26T12:45:00Z,247.5,19.5,30.26
2026-02-26T13:00:00Z,255.6,19.9,30.26
2026-02-26T13:15:00Z,348.1,20.2,0
2026-02-26T13:30:00Z,314.7,19.9,30.26
2026-02-26T13:45:00Z,477.6,20.49,0
2026-02-26T14:00:00Z,309.3,20.8,0
2026-02-26T14:15:00Z,299.2,20.21,30.26
2026-02-26T14:30:00Z,319.2,20.3,0
2026-02-26T14:45:00Z,430.8,21.09,0
2026-02-26T15:00:00Z,331.7,21.5,0
2026-02-26T15:15:00Z,156.3,20.81,30.26
2026-02-26T15:30:00Z,199.8,20.5,0
2026-02-26T15:45:00Z,132.7,20.5,0
2026-02-26T16:00:00Z,121.8,20.2,30.26
2026-02-26T16:15:00Z,70.67,19.8,151.3
2026-02-26T16:30:00Z,154.8,19.5,0
2026-02-26T16:45:00Z,101.9,19.5,0
2026-02-26T17:00:00Z,59.17,19.7,0
2026-02-26T17:15:00Z,35.46,19.6,30.26
2026-02-26T17:30:00Z,24.62,19.7,0
2026-02-26T17:45:00Z,39.23,19.9,0
2026-02-26T18:00:00Z,22.79,19.9,0
2026-02-26T18:15:00Z,21.22,19.9,0
2026-02-26T18:30:00Z,8.34,19.9,0
2026-02-26T18:45:00Z,5.134,19.9,0
2026-02-26T19:00:00Z,0.057,19.9,0
2026-02-26T19:15:00Z,0,19.9,0
2026-02-26T19:30:00Z,0,19.8,0
2026-02-26T19:45:00Z,0,19.7,0
2026-02-26T20:00:00Z,0,19.6,0
2026-02-26T20:15:00Z,0,19.5,0
2026-02-26T20:30:00Z,0,19.5,0
2026-02-26T20:45:00Z,0,19.5,0
2026-02-26T21:00:00Z,0,19.5,0
2026-02-26T21:15:00Z,0,19.4,0
2026-02-26T21:30:00Z,0,19.3,0
2026-02-26T21:45:00Z,0,19.3,0
2026-02-26T22:00:00Z,0,19.3,0
2026-02-26T22:15:00Z,0,19.4,0
2026-02-26T22:30:00Z,0,19.3,0
2026-02-26T22:45:00Z,0,19.3,0
2026-02-26T23:00:00Z,0,19.2,0
2026-02-26T23:15:00Z,0,19.2,0
2026-02-26T23:30:00Z,0,19.1,0
2026-02-26T23:45:00Z,0,19.1,0
2026-02-27T00:00:00Z,0,19,0
2026-02-27T00:15:00Z,0,19.1,0
2026-02-27T00:30:00Z,0,19.1,0
2026-02-27T00:45:00Z,0,19.1,0
2026-02-27T01:00:00Z,0,19.1,0
2026-02-27T01:15:00Z,0,19.2,0
2026-02-27T01:30:00Z,0,19.1,0
2026-02-27T01:45:00Z,0,19,0
2026-02-27T02:00:00Z,0,18.9,0
2026-02-27T02:15:00Z,0,18.8,30.26
2026-02-27T02:30:00Z,0,18.8,30.26
2026-02-27T02:45:00Z,0,18.8,121
2026-02-27T03:00:00Z,0,18.8,30.26
2026-02-27T03:15:00Z,0,18.8,30.26
2026-02-27T03:30:00Z,0,18.8,0
2026-02-27T03:45:00Z,0,18.8,30.26
2026-02-27T04:00:00Z,0,18.9,30.26
2026-02-27T04:15:00Z,0,19,0
2026-02-27T04:30:00Z,0,19,0
2026-02-27T04:45:00Z,0,19,0
2026-02-27T05:00:00Z,0,19,0
2026-02-27T05:15:00Z,0,19.1,0
2026-02-27T05:30:00Z,0,19,0
2026-02-27T05:45:00Z,0,19.1,30.26
2026-02-27T06:00:00Z,0,19,60.52
2026-02-27T06:15:00Z,0,19.1,0
2026-02-27T06:30:00Z,0,19.1,0
2026-02-27T06:45:00Z,0,19.1,0
2026-02-27T07:00:00Z,0.396,19.1,30.26
2026-02-27T07:15:00Z,6.432,19.1,60.52
2026-02-27T07:30:00Z,17.48,19.2,0
2026-02-27T07:45:00Z,16.22,19.1,0
2026-02-27T08:00:00Z,28.86,19.1,0
2026-02-27T08:15:00Z,46.31,19.2,30.26
2026-02-27T08:30:00Z,26.23,19.3,30.26
2026-02-27T08:45:00Z,22.24,19.3,30.26
2026-02-27T09:00:00Z,38.02,19.3,0
2026-02-27T09:15:00Z,71.43,19.3,0
2026-02-27T09:30:00Z,98.1,19.3,0
2026-02-27T09:45:00Z,76.45,19.4,0
2026-02-27T10:00:00Z,59.78,19.4,30.26
2026-02-27T10:15:00Z,49.32,19.5,60.52
2026-02-27T10:30:00Z,45.64,19.5,30.26
2026-02-27T10:45:00Z,42.83,19.5,30.26
2026-02-27T11:00:00Z,53.28,19.6,30.26
2026-02-27T11:15:00Z,39.75,19.6,30.26
2026-02-27T11:30:00Z,44.84,18.71,90.8
2026-02-27T11:45:00Z,26.41,18.11,272.3
2026-02-27T12:00:00Z,27.39,17.9,544.7
2026-02-27T12:15:00Z,84,17.9,151.3
2026-02-27T12:30:00Z,163.4,17.8,0
2026-02-27T12:45:00Z,224.7,17.6,0
2026-02-27T13:00:00Z,299.8,17.6,0
2026-02-27T13:15:00Z,266.4,18.49,0
2026-02-27T13:30:00Z,350,18.99,0
2026-02-27T13:45:00Z,453.9,19.69,0
2026-02-27T14:00:00Z,587.8,20.49,0
2026-02-27T14:15:00Z,588.9,21.09,0
2026-02-27T14:30:00Z,343.9,20.51,30.26
2026-02-27T14:45:00Z,275.7,20.3,0
2026-02-27T15:00:00Z,212.5,19.81,0
2026-02-27T15:15:00Z,292.5,19.9,0
2026-02-27T15:30:00Z,199.7,20.3,0
2026-02-27T15:45:00Z,219.4,20.2,0
2026-02-27T16:00:00Z,293.4,20.3,0
2026-02-27T16:15:00Z,272.9,20.5,0
2026-02-27T16:30:00Z,218.3,20.7,0
2026-02-27T16:45:00Z,203.3,20.7,0
2026-02-27T17:00:00Z,333.2,21,0
2026-02-27T17:15:00Z,174.2,20.9,0
2026-02-27T17:30:00Z,176.4,20.8,0
2026-02-27T17:45:00Z,72.57,20.5,0
2026-02-27T18:00:00Z,75.45,20.4,0
2026-02-27T18:15:00Z,68.58,20.5,0
2026-02-27T18:30:00Z,31.61,20.5,0
2026-02-27T18:45:00Z,15.38,20.4,0
2026-02-27T19:00:00Z,0.169,20.4,0
2026-02-27T19:15:00Z,0,20.3,0
2026-02-27T19:30:00Z,0,20.3,0
2026-02-27T19:45:00Z,0,20.2,0
2026-02-27T20:00:00Z,0,20.1,0
2026-02-27T20:15:00Z,0,20,0
2026-02-27T20:30:00Z,0,20.1,0
2026-02-27T20:45:00Z,0,20,0
2026-02-27T21:00:00Z,0,20,0
2026-02-27T21:15:00Z,0,19.9,0
2026-02-27T21:30:00Z,0,19.9,0
2026-02-27T21:45:00Z,0,20,0
2026-02-27T22:00:00Z,0,20,0
2026-02-27T22:15:00Z,0,20,0
2026-02-27T22:30:00Z,0,20,0
2026-02-27T22:45:00Z,0,20,0
2026-02-27T23:00:00Z,0,20,0
2026-02-27T23:15:00Z,0,19.9,0
2026-02-27T23:30:00Z,0,19.9,0
2026-02-27T23:45:00Z,0,19.9,0
2026-02-28T00:00:00Z,0,19.9,60.52
2026-02-28T00:15:00Z,0,19.6,726.9
2026-02-28T00:30:00Z,0,19.4,211.8
2026-02-28T00:45:00Z,0,19.2,30.26
2026-02-28T01:00:00Z,0,19,30.26
2026-02-28T01:15:00Z,0,19,60.52
2026-02-28T01:30:00Z,0,19.1,90.8
2026-02-28T01:45:00Z,0,19.1,211.8
2026-02-28T02:00:00Z,0,19.2,211.8
2026-02-28T02:15:00Z,0,19.1,90.8
2026-02-28T02:30:00Z,0,19.1,60.52
2026-02-28T02:45:00Z,0,19,0
2026-02-28T03:00:00Z,0,19,30.26
2026-02-28T03:15:00Z,0,19,0
2026-02-28T03:30:00Z,0,18.9,0
2026-02-28T03:45:00Z,0,18.8,30.26
2026-02-28T04:00:00Z,0,18.8,30.26
2026-02-28T04:15:00Z,0,18.7,0
2026-02-28T04:30:00Z,0,18.7,0
2026-02-28T04:45:00Z,0,18.7,0
2026-02-28T05:00:00Z,0,18.6,0
2026-02-28T05:15:00Z,0,18.7,0
2026-02-28T05:30:00Z,0,18.7,30.26
2026-02-28T05:45:00Z,0,18.7,0
2026-02-28T06:00:00Z,0,18.7,0
2026-02-28T06:15:00Z,0,18.7,0
2026-02-28T06:30:00Z,0,18.6,0
2026-02-28T06:45:00Z,0,18.5,0
2026-02-28T07:00:00Z,4.846,18.6,0
2026-02-28T07:15:00Z,12.51,18.6,0
2026-02-28T07:30:00Z,27.14,18.6,0
2026-02-28T07:45:00Z,66.76,18.6,0
2026-02-28T08:00:00Z,96.8,18.7,0
2026-02-28T08:15:00Z,114.2,18.7,0
2026-02-28T08:30:00Z,90.6,18.7,0
2026-02-28T08:45:00Z,96.2,18.6,0
2026-02-28T09:00:00Z,137.7,18.8,0
2026-02-28T09:15:00Z,242.1,18.7,0
2026-02-28T09:30:00Z,351.9,18.8,0
2026-02-28T09:45:00Z,399.1,19.1,0
2026-02-28T10:00:00Z,380.8,19.4,0
2026-02-28T10:15:00Z,345.3,19.3,0
2026-02-28T10:30:00Z,388.6,19.5,0
2026-02-28T10:45:00Z,379.4,19.6,0
2026-02-28T11:00:00Z,642.1,20.49,0
2026-02-28T11:15:00Z,499.7,20.6,0
2026-02-28T11:30:00Z,538.5,21,0
2026-02-28T11:45:00Z,537.7,21.1,0
2026-02-28T12:00:00Z,380.2,21,0
2026-02-28T12:15:00Z,700.7,21.59,0
2026-02-28T12:30:00Z,716.4,21.7,0
2026-02-28T12:45:00Z,489.4,22,0
2026-02-28T13:00:00Z,327.2,22,0
2026-02-28T13:15:00Z,446.7,21.8,0
2026-02-28T13:30:00Z,640,22.2,0
2026-02-28T13:45:00Z,308.6,21.41,0
2026-02-28T14:00:00Z,295.2,21.1,0
2026-02-28T14:15:00Z,305.3,20.8,0
2026-02-28T14:30:00Z,284.1,21,0
2026-02-28T14:45:00Z,232.7,20.8,0
2026-02-28T15:00:00Z,267.7,20.9,0
2026-02-28T15:15:00Z,277.4,21.1,0
2026-02-28T15:30:00Z,232.8,21.1,0
2026-02-28T15:45:00Z,184.2,21.2,0
2026-02-28T16:00:00Z,179.5,21.1,0
2026-02-28T16:15:00Z,151.2,21.1,0
2026-02-28T16:30:00Z,170.1,21.1,0
2026-02-28T16:45:00Z,166.7,21,0
2026-02-28T17:00:00Z,138.9,21,0
2026-02-28T17:15:00Z,112.9,20.9,0
2026-02-28T17:30:00Z,82.9,21,0
2026-02-28T17:45:00Z,54.12,20.8,0
2026-02-28T18:00:00Z,65.37,20.7,0
2026-02-28T18:15:00Z,54.52,20.6,0
2026-02-28T18:30:00Z,30.57,20.6,0
2026-02-28T18:45:00Z,8.35,20.4,0
2026-02-28T19:00:00Z,0.09,20.3,0
2026-02-28T19:15:00Z,0,20.1,0
2026-02-28T19:30:00Z,0,20,0
2026-02-28T19:45:00Z,0,19.9,0
2026-02-28T20:00:00Z,0,19.8,0
2026-02-28T20:15:00Z,0,19.7,0
2026-02-28T20:30:00Z,0,19.6,0
2026-02-28T20:45:00Z,0,19.7,0
2026-02-28T21:00:00Z,0,19.8,0
2026-02-28T21:15:00Z,0,19.8,0
2026-02-28T21:30:00Z,0,19.8,0
2026-02-28T21:45:00Z,0,19.8,0
2026-02-28T22:00:00Z,0,19.9,0
2026-02-28T22:15:00Z,0,19.9,0
2026-02-28T22:30:00Z,0,19.9,0
2026-02-28T22:45:00Z,0,19.9,0
2026-02-28T23:00:00Z,0,20,0
2026-02-28T23:15:00Z,0,20,0
2026-02-28T23:30:00Z,0,19.9,0
2026-02-28T23:45:00Z,0,19.8,0
2026-03-01T00:00:00Z,0,19.9,0
2026-03-01T00:15:00Z,0,19.9,0
2026-03-01T00:30:00Z,0,19.9,30.26
2026-03-01T00:45:00Z,0,19.9,0
2026-03-01T01:00:00Z,0,19.8,30.26
2026-03-01T01:15:00Z,0,19.8,0
2026-03-01T01:30:00Z,0,19.7,0
2026-03-01T01:45:00Z,0,19.6,0
2026-03-01T02:00:00Z,0,19.8,0
2026-03-01T02:15:00Z,0,19.7,0
2026-03-01T02:30:00Z,0,19.6,0
2026-03-01T02:45:00Z,0,19.6,121
2026-03-01T03:00:00Z,0,19.6,30.26
2026-03-01T03:15:00Z,0,19.6,0
2026-03-01T03:30:00Z,0,19.6,0
2026-03-01T03:45:00Z,0,19.6,0
2026-03-01T04:00:00Z,0,19.6,0
2026-03-01T04:15:00Z,0,19.6,0
2026-03-01T04:30:00Z,0,19.6,0
2026-03-01T04:45:00Z,0,19.5,0
2026-03-01T05:00:00Z,0,19.4,0
2026-03-01T05:15:00Z,0,19.5,0
2026-03-01T05:30:00Z,0,19.5,0
2026-03-01T05:45:00Z,0,19.4,0
2026-03-01T06:00:00Z,0,19.4,0
2026-03-01T06:15:00Z,0,19.2,0
2026-03-01T06:30:00Z,0,19.2,0
2026-03-01T06:45:00Z,4.45,19.2,0
2026-03-01T07:00:00Z,20.32,19.3,0
2026-03-01T07:15:00Z,44.63,19.5,0
2026-03-01T07:30:00Z,69.92,19.7,0
2026-03-01T07:45:00Z,97.3,19.8,0
2026-03-01T08:00:00Z,119.4,20,0
2026-03-01T08:15:00Z,164.7,20.49,0
2026-03-01T08:30:00Z,207.7,21.19,0
2026-03-01T08:45:00Z,266.1,21.69,0
2026-03-01T09:00:00Z,277.3,22.1,0
2026-03-01T09:15:00Z,232.7,21.31,0
2026-03-01T09:30:00Z,309.3,21,0
2026-03-01T09:45:00Z,281.6,21,0
2026-03-01T10:00:00Z,294.1,21,0
2026-03-01T10:15:00Z,421.1,21.4,0
2026-03-01T10:30:00Z,470.1,21.4,0
2026-03-01T10:45:00Z,451.7,21.7,0
2026-03-01T11:00:00Z,526.8,22.49,0
2026-03-01T11:15:00Z,512.3,23.19,0
2026-03-01T11:30:00Z,823,23.99,0
2026-03-01T11:45:00Z,1055,24.69,0
2026-03-01T12:00:00Z,499.3,24.11,0
2026-03-01T12:15:00Z,627.5,24.2,0
2026-03-01T12:30:00Z,386.1,23.8,0
2026-03-01T12:45:00Z,395.1,23.9,0
2026-03-01T13:00:00Z,996,24.89,0
2026-03-01T13:15:00Z,1231,24.9,0
2026-03-01T13:30:00Z,432.1,24.5,0
2026-03-01T13:45:00Z,393.1,23.81,0
2026-03-01T14:00:00Z,487.8,24.1,0
2026-03-01T14:15:00Z,231.2,23.31,0
2026-03-01T14:30:00Z,156.2,22.9,31.77
2026-03-01T14:45:00Z,96,20.72,149.8
2026-03-01T15:00:00Z,89.8,20.21,30.26
2026-03-01T15:15:00Z,53.01,19.11,121
2026-03-01T15:30:00Z,49.04,20.19,0
2026-03-01T15:45:00Z,43.26,19.61,0
2026-03-01T16:00:00Z,45.28,19.7,0
2026-03-01T16:15:00Z,35.11,19.6,0
2026-03-01T16:30:00Z,27.19,19.8,0
2026-03-01T16:45:00Z,23.14,19.9,0
2026-03-01T17:00:00Z,21.72,20,0
2026-03-01T17:15:00Z,18.93,20,0
2026-03-01T17:30:00Z,15.04,20.1,0
2026-03-01T17:45:00Z,14.11,20,0
2026-03-01T18:00:00Z,12.32,20,0
2026-03-01T18:15:00Z,9.73,20.1,0
2026-03-01T18:30:00Z,6.733,20.1,0
2026-03-01T18:45:00Z,3.733,20.1,0
2026-03-01T19:00:00Z,0.041,20.1,0
2026-03-01T19:15:00Z,0,20.1,0
2026-03-01T19:30:00Z,0,20.1,0
2026-03-01T19:45:00Z,0,20.2,0
2026-03-01T20:00:00Z,0,20.1,0
2026-03-01T20:15:00Z,0,20.1,0
2026-03-01T20:30:00Z,0,20.1,0
2026-03-01T20:45:00Z,0,20.1,0
2026-03-01T21:00:00Z,0,20.2,0
2026-03-01T21:15:00Z,0,19.9,0
2026-03-01T21:30:00Z,0,19.9,0
2026-03-01T21:45:00Z,0,19.8,0
2026-03-01T22:00:00Z,0,19.8,0
2026-03-01T22:15:00Z,0,19.7,0
2026-03-01T22:30:00Z,0,19.7,0
2026-03-01T22:45:00Z,0,19.6,0
2026-03-01T23:00:00Z,0,19.5,0
2026-03-01T23:15:00Z,0,19.4,0
2026-03-01T23:30:00Z,0,19.5,0
2026-03-01T23:45:00Z,0,19.7,0
2026-03-02T00:00:00Z,0,19.7,0
2026-03-02T00:15:00Z,0,19.8,0
2026-03-02T00:30:00Z,0,19.8,0
2026-03-02T00:45:00Z,0,19.7,0
2026-03-02T01:00:00Z,0,19.3,0
2026-03-02T01:15:00Z,0,19.5,0
2026-03-02T01:30:00Z,0,19.4,0
2026-03-02T01:45:00Z,0,19.3,0
2026-03-02T02:00:00Z,0,19.4,0
2026-03-02T02:15:00Z,0,19.4,0
2026-03-02T02:30:00Z,0,19.2,0
2026-03-02T02:45:00Z,0,19.1,0
2026-03-02T03:00:00Z,0,19.2,0
2026-03-02T03:15:00Z,0,19.4,0
2026-03-02T03:30:00Z,0,19.5,0
2026-03-02T03:45:00Z,0,19.5,0
2026-03-02T04:00:00Z,0,19.5,0
2026-03-02T04:15:00Z,0,19.5,0
2026-03-02T04:30:00Z,0,19.3,0
2026-03-02T04:45:00Z,0,19.4,0
2026-03-02T05:00:00Z,0,19.5,0
2026-03-02T05:15:00Z,0,19.6,0
2026-03-02T05:30:00Z,0,19.6,0
2026-03-02T05:45:00Z,0,19.6,0
2026-03-02T06:00:00Z,0,19.5,0
2026-03-02T06:15:00Z,0,19.5,0
2026-03-02T06:30:00Z,0,19.5,0
2026-03-02T06:45:00Z,6.23,19.5,0
2026-03-02T07:00:00Z,19.06,19.6,0
2026-03-02T07:15:00Z,23.45,19.6,0
2026-03-02T07:30:00Z,33.98,19.7,0
2026-03-02T07:45:00Z,56.25,19.7,0
2026-03-02T08:00:00Z,82,19.8,0
2026-03-02T08:15:00Z,62.42,19.8,0
2026-03-02T08:30:00Z,62.4,19.9,0
2026-03-02T08:45:00Z,57.65,19.8,30.26
2026-03-02T09:00:00Z,63.93,19.6,0
2026-03-02T09:15:00Z,176.7,19.8,0
2026-03-02T09:30:00Z,173.8,20.1,0
2026-03-02T09:45:00Z,298.8,20.1,0
2026-03-02T10:00:00Z,510.8,20.79,0
2026-03-02T10:15:00Z,404,20.9,0
2026-03-02T10:30:00Z,291.8,20.7,0
2026-03-02T10:45:00Z,284.2,20.8,0
2026-03-02T11:00:00Z,253.2,20.9,0
2026-03-02T11:15:00Z,535.7,21.39,0
2026-03-02T11:30:00Z,501.3,21.7,0
2026-03-02T11:45:00Z,582.6,22,0
2026-03-02T12:00:00Z,494.1,22,0
2026-03-02T12:15:00Z,587,22.4,0
2026-03-02T12:30:00Z,1057,23.39,0
2026-03-02T12:45:00Z,1006,23.89,0
2026-03-02T13:00:00Z,749.9,24.3,0
2026-03-02T13:15:00Z,510.3,24.1,0
2026-03-02T13:30:00Z,436.3,23.61,0
2026-03-02T13:45:00Z,414.1,23.2,0
2026-03-02T14:00:00Z,277.8,22.9,0
2026-03-02T14:15:00Z,244.6,23,0
2026-03-02T14:30:00Z,295.2,23,0
2026-03-02T14:45:00Z,307,22.9,0
2026-03-02T15:00:00Z,271,22.8,0
2026-03-02T15:15:00Z,291.7,23,0
2026-03-02T15:30:00Z,281,23.2,0
2026-03-02T15:45:00Z,291.9,23.1,0
2026-03-02T16:00:00Z,276.7,23.2,0
2026-03-02T16:15:00Z,244.4,23.2,0
2026-03-02T16:30:00Z,225.7,23.5,0
2026-03-02T16:45:00Z,263.1,23.6,0
2026-03-02T17:00:00Z,228.4,23.6,0
2026-03-02T17:15:00Z,180.5,23.6,0
2026-03-02T17:30:00Z,123.6,23.5,0
2026-03-02T17:45:00Z,97.6,23.2,0
2026-03-02T18:00:00Z,86.5,22.8,0
2026-03-02T18:15:00Z,58.22,22.6,0
2026-03-02T18:30:00Z,36.44,22.5,0
2026-03-02T18:45:00Z,25.62,22.3,0
2026-03-02T19:00:00Z,4.239,22,0
2026-03-02T19:15:00Z,0.044,21.41,0
2026-03-02T19:30:00Z,0,21,0
2026-03-02T19:45:00Z,0,20.9,0
2026-03-02T20:00:00Z,0,20.8,0
2026-03-02T20:15:00Z,0,20.9,0
2026-03-02T20:30:00Z,0,20.5,0
2026-03-02T20:45:00Z,0,20.6,0
2026-03-02T21:00:00Z,0,20.4,0
2026-03-02T21:15:00Z,0,20.1,0
2026-03-02T21:30:00Z,0,20.2,0
2026-03-02T21:45:00Z,0,20.1,0
2026-03-02T22:00:00Z,0,20.2,0
2026-03-02T22:15:00Z,0,20.4,0
2026-03-02T22:30:00Z,0,20.2,0
2026-03-02T22:45:00Z,0,20.1,0
2026-03-02T23:00:00Z,0,20.2,0
2026-03-02T23:15:00Z,0,20.1,0
2026-03-02T23:30:00Z,0,20.1,0
2026-03-02T23:45:00Z,0,20.4,0
2026-03-03T00:00:00Z,0,20.5,0
2026-03-03T00:15:00Z,0,20.7,0
2026-03-03T00:30:00Z,0,21,0
2026-03-03T00:45:00Z,0,20.8,0
2026-03-03T01:00:00Z,0,20.7,0
2026-03-03T01:15:00Z,0,20.11,0
2026-03-03T01:30:00Z,0,19.51,0
2026-03-03T01:45:00Z,0,18.91,0
2026-03-03T02:00:00Z,0,18.8,30.26
2026-03-03T02:15:00Z,0,18.01,151.3
2026-03-03T02:30:00Z,0,18,30.26
2026-03-03T02:45:00Z,0,18.59,30.26
2026-03-03T03:00:00Z,0,18.9,30.26
2026-03-03T03:15:00Z,0,19,0
2026-03-03T03:30:00Z,0,19.2,0
2026-03-03T03:45:00Z,0,19.1,30.26
2026-03-03T04:00:00Z,0,19.1,0
2026-03-03T04:15:00Z,0,18.8,30.26
2026-03-03T04:30:00Z,0,18.8,0
2026-03-03T04:45:00Z,0,18.7,30.26
2026-03-03T05:00:00Z,0,18.7,30.26
2026-03-03T05:15:00Z,0,18.7,0
2026-03-03T05:30:00Z,0,18.6,30.26
2026-03-03T05:45:00Z,0,18.5,30.26
2026-03-03T06:00:00Z,0,18.6,0
2026-03-03T06:15:00Z,0,18.7,30.26
2026-03-03T06:30:00Z,0,18.6,30.26
2026-03-03T06:45:00Z,6.527,18.7,0
2026-03-03T07:00:00Z,25.98,19.29,0
2026-03-03T07:15:00Z,26.89,19.4,0
2026-03-03T07:30:00Z,34.91,19.4,0
2026-03-03T07:45:00Z,43.8,19.4,0
2026-03-03T08:00:00Z,55.17,19.6,0
2026-03-03T08:15:00Z,65.78,19.7,0
2026-03-03T08:30:00Z,89.9,19.9,0
2026-03-03T08:45:00Z,119,20.1,0
2026-03-03T09:00:00Z,159,20.4,0
2026-03-03T09:15:00Z,204.3,20.7,0
2026-03-03T09:30:00Z,256.2,21.19,0
2026-03-03T09:45:00Z,291.2,21.5,0
2026-03-03T10:00:00Z,397.1,21.99,0
2026-03-03T10:15:00Z,475.5,22.49,0
2026-03-03T10:30:00Z,507.8,22.99,0
2026-03-03T10:45:00Z,623.5,22.6,0
2026-03-03T11:00:00Z,660.5,23,0
2026-03-03T11:15:00Z,581.1,23,0
2026-03-03T11:30:00Z,658.3,23.49,0
2026-03-03T12:15:00Z,379.6,23.2,0
2026-03-04T15:15:00Z,769.9,27.9,0
2026-03-04T15:30:00Z,685.5,27.9,0
2026-03-04T15:45:00Z,644.8,28,0
2026-03-04T16:00:00Z,724.4,28.1,0
2026-03-04T16:15:00Z,632.7,27.7,0
2026-03-04T16:30:00Z,460.8,27.5,0
2026-03-04T16:45:00Z,320.1,27.01,0
2026-03-04T17:00:00Z,260.8,26.7,0
2026-03-04T17:15:00Z,269,26.6,0
2026-03-04T17:30:00Z,326.1,26.9,0
2026-03-04T17:45:00Z,310.1,26.9,0
2026-03-04T18:00:00Z,162.1,26.5,0
2026-03-04T18:15:00Z,68.7,25.6,0
2026-03-04T18:30:00Z,30.4,24.9,0
2026-03-04T19:00:00Z,0,23.9,0
2026-03-04T19:15:00Z,0,23.41,0
2026-03-04T19:30:00Z,0,23,0
2026-03-04T19:45:00Z,0,22.8,0
2026-03-04T20:00:00Z,0,22.31,0
2026-03-04T20:15:00Z,0,21.9,0
2026-03-04T20:30:00Z,0,21.8,0
2026-03-04T20:45:00Z,0,21.6,0
2026-03-04T21:00:00Z,0,21.4,0
2026-03-04T21:15:00Z,0,21.1,0
2026-03-04T21:30:00Z,0,20.61,0
2026-03-04T21:45:00Z,0,20.3,0
2026-03-04T22:00:00Z,0,20.2,0
2026-03-04T22:15:00Z,0,19.9,0
2026-03-04T22:30:00Z,0,19.7,0
2026-03-04T22:45:00Z,0,19.8,0
2026-03-04T23:00:00Z,0,19.6,0
2026-03-04T23:15:00Z,0,19.4,0
2026-03-04T23:30:00Z,0,19.6,0
2026-03-04T23:45:00Z,0,19.8,0
2026-03-05T00:00:00Z,0,20.2,0
2026-03-05T00:15:00Z,0,19.9,0
2026-03-05T00:30:00Z,0,20,0
2026-03-05T00:45:00Z,0,20.2,0
2026-03-05T01:00:00Z,0,20.69,0
2026-03-05T01:15:00Z,0,20.3,0
2026-03-05T01:30:00Z,0,20,0
2026-03-05T01:45:00Z,0,19.8,0
2026-03-05T02:00:00Z,0,19.8,0
2026-03-05T02:15:00Z,0,19.5,0
2026-03-05T02:30:00Z,0,19.3,0
2026-03-05T02:45:00Z,0,19.2,0
2026-03-05T03:00:00Z,0,19.1,0
2026-03-05T03:15:00Z,0,19.1,0
2026-03-05T03:30:00Z,0,19,0
2026-03-05T03:45:00Z,0,19.3,0
2026-03-05T04:00:00Z,0,18.9,0
2026-03-05T04:15:00Z,0,18.7,0
2026-03-05T04:30:00Z,0,19,0
2026-03-05T04:45:00Z,0,18.9,0
2026-03-05T05:00:00Z,0,18.9,0
2026-03-05T05:15:00Z,0,19,0
2026-03-05T05:30:00Z,0,19.3,0
2026-03-05T05:45:00Z,0,18.9,0
2026-03-05T06:00:00Z,0,18.41,0
2026-03-05T06:15:00Z,0,18.89,0
2026-03-05T06:30:00Z,0,18.9,0
2026-03-05T06:45:00Z,5.637,18.9,0
2026-03-05T07:00:00Z,21.32,18.9,0
2026-03-05T07:15:00Z,48,19.39,0
2026-03-05T07:30:00Z,89.3,20.29,0
2026-03-05T07:45:00Z,132.9,21.49,0
2026-03-05T08:00:00Z,180.1,22.19,0
2026-03-05T08:15:00Z,227.2,22.5,0
2026-03-05T08:30:00Z,274.2,22.8,0
2026-03-05T08:45:00Z,330.5,23.2,0
2026-03-05T09:00:00Z,394,23.6,0
2026-03-05T09:15:00Z,348.9,23.7,0
2026-03-05T09:30:00Z,355.8,23.7,0
2026-03-05T09:45:00Z,260,23.7,0
2026-03-05T10:00:00Z,284.1,23.6,0
2026-03-05T10:15:00Z,275.3,23.7,0
2026-03-05T10:30:00Z,472.2,24.19,0
2026-03-05T10:45:00Z,628.3,24.79,0
2026-03-05T11:00:00Z,803,25.69,0
2026-03-05T11:15:00Z,772.4,25.8,0
2026-03-05T11:30:00Z,790,26,0
2026-03-05T11:45:00Z,572.8,26,0
2026-03-05T12:00:00Z,737.7,26.3,0
2026-03-05T12:15:00Z,547.8,25.9,0
2026-03-05T12:30:00Z,725.4,26.59,0
2026-03-05T12:45:00Z,736.4,26.5,0
2026-03-05T13:00:00Z,935,27.19,0
2026-03-05T13:15:00Z,481.7,26.51,0
2026-03-05T13:30:00Z,657.6,27.09,0
2026-03-05T13:45:00Z,308.4,26.61,0
2026-03-05T14:00:00Z,701.2,27.09,0
2026-03-05T14:15:00Z,606.2,26.9,0
2026-03-05T14:30:00Z,645,26.9,0
2026-03-05T14:45:00Z,741.1,27.39,0
2026-03-05T15:00:00Z,819,27.2,0
2026-03-05T15:15:00Z,836,27.99,0
2026-03-05T15:30:00Z,194.6,27.11,0
2026-03-05T15:45:00Z,106.1,26.51,0
2026-03-05T16:00:00Z,133.9,24.72,0
2026-03-05T16:15:00Z,147.7,24.5,0
2026-03-05T16:30:00Z,159.2,24.9,0
2026-03-05T16:45:00Z,94.6,23.71,0
2026-03-05T17:00:00Z,97.6,22.81,0
2026-03-05T17:15:00Z,70.7,22.6,0
2026-03-05T17:30:00Z,148.3,22.5,0
2026-03-05T17:45:00Z,208.4,22.8,0
2026-03-05T18:00:00Z,85.4,22.6,0
2026-03-05T18:15:00Z,29.81,22.4,0
2026-03-05T18:30:00Z,13.77,22.4,0
2026-03-05T18:45:00Z,2.524,22.3,0
2026-03-05T19:00:00Z,0.027,22.1,0
2026-03-05T19:15:00Z,0,22,0
2026-03-05T19:30:00Z,0,21.8,0
2026-03-05T19:45:00Z,0,21.6,0
2026-03-05T20:00:00Z,0,21.5,0
2026-03-05T20:15:00Z,0,21.7,0
2026-03-05T20:30:00Z,0,21.6,0
2026-03-05T20:45:00Z,0,21.4,0
2026-03-05T21:00:00Z,0,21.2,0
2026-03-05T21:15:00Z,0,21.3,0
2026-03-05T21:30:00Z,0,21.2,0
2026-03-05T21:45:00Z,0,20.9,0
2026-03-05T22:00:00Z,0,20.11,60.52
2026-03-05T22:15:00Z,0,20,30.26
2026-03-05T22:30:00Z,0,20,0
2026-03-05T22:45:00Z,0,20,0
2026-03-05T23:00:00Z,0,20.2,0
2026-03-05T23:15:00Z,0,20.1,30.26
2026-03-05T23:30:00Z,0,20.2,0
2026-03-05T23:45:00Z,0,20.2,0
2026-03-06T00:00:00Z,0,20.1,0
2026-03-06T00:15:00Z,0,19.9,0
2026-03-06T00:30:00Z,0,19.9,0
2026-03-06T00:45:00Z,0,19.9,0
2026-03-06T01:00:00Z,0,19.8,0
2026-03-06T01:15:00Z,0,19.8,0
2026-03-06T01:30:00Z,0,19.9,0
2026-03-06T01:45:00Z,0,19.9,30.26
2026-03-06T02:00:00Z,0,20,0
2026-03-06T02:15:00Z,0,20,0
2026-03-06T02:30:00Z,0,20.1,0
2026-03-06T02:45:00Z,0,20.2,0
2026-03-06T03:00:00Z,0,20.3,0
2026-03-06T03:15:00Z,0,20.3,0
2026-03-06T03:30:00Z,0,20.3,0
2026-03-06T03:45:00Z,0,20.2,0
2026-03-06T04:00:00Z,0,20.1,0
2026-03-06T04:15:00Z,0,19.9,0
2026-03-06T04:30:00Z,0,19.7,0
2026-03-06T04:45:00Z,0,19.5,0
2026-03-06T05:00:00Z,0,19.6,0
2026-03-06T05:15:00Z,0,19.8,0
2026-03-06T05:30:00Z,0,19.8,0
2026-03-06T05:45:00Z,0,20.39,0
2026-03-06T06:00:00Z,0,20.4,0
2026-03-06T06:15:00Z,0,20.4,0
2026-03-06T06:30:00Z,0,20.3,0
2026-03-06T06:45:00Z,5.538,20.3,0
2026-03-06T07:00:00Z,24.88,20.3,0
2026-03-06T07:15:00Z,51.11,20.3,0
2026-03-06T07:30:00Z,88.8,20.5,0
2026-03-06T07:45:00Z,106.4,20.8,0
2026-03-06T08:00:00Z,151.8,21.1,0
2026-03-06T08:15:00Z,210,21.59,0
2026-03-06T08:30:00Z,301.8,21.9,0
2026-03-06T08:45:00Z,303.4,22.1,0
2026-03-06T09:00:00Z,416.4,22.69,0
2026-03-06T09:15:00Z,504.9,23.1,0
2026-03-06T09:30:00Z,444.7,23.3,0
2026-03-06T09:45:00Z,313.3,22.71,0
2026-03-06T10:00:00Z,269.8,22.3,0
2026-03-06T10:15:00Z,332.2,22.5,0
2026-03-06T10:30:00Z,372.3,22.6,0
2026-03-06T10:45:00Z,574.8,23.19,0
2026-03-06T11:00:00Z,220.4,22.71,0
2026-03-06T11:15:00Z,511.9,23,0
2026-03-06T11:30:00Z,482.1,23.3,0
2026-03-06T11:45:00Z,648.2,23.99,0
2026-03-06T12:00:00Z,810,24.3,0
2026-03-06T12:15:00Z,939,24.7,0
2026-03-06T12:30:00Z,598.1,24.5,0
2026-03-06T12:45:00Z,736.5,24.8,0
2026-03-06T13:00:00Z,891,25.29,0
2026-03-06T13:15:00Z,563.6,24.9,0
2026-03-06T13:30:00Z,1154,25.89,0
2026-03-06T13:45:00Z,1035,26.1,0
2026-03-06T14:00:00Z,875,25.9,0
2026-03-06T14:15:00Z,955,26,0
2026-03-06T14:30:00Z,761.6,25.6,0
2026-03-06T14:45:00Z,620.8,25.3,0
2026-03-06T15:00:00Z,736,25.6,0
2026-03-06T15:15:00Z,977,26.19,0
2026-03-06T15:30:00Z,814,26.5,0
2026-03-06T15:45:00Z,279.1,25.12,0
2026-03-06T16:00:00Z,173,24.7,0
2026-03-06T16:15:00Z,152.2,23.71,0
2026-03-06T16:30:00Z,159.7,23.21,0
2026-03-06T16:45:00Z,153.1,23.3,0
2026-03-06T17:00:00Z,139.1,23,0
2026-03-06T17:15:00Z,120.4,22.9,0
2026-03-06T17:30:00Z,103,23,0
2026-03-06T17:45:00Z,91.1,23.2,0
2026-03-06T18:00:00Z,79.33,23.2,0
2026-03-06T18:15:00Z,51.21,23.1,0
2026-03-06T18:30:00Z,15.99,22.8,0
2026-03-06T18:45:00Z,0.371,22.7,0
2026-03-06T19:00:00Z,0.002,22.6,0
2026-03-06T19:15:00Z,0,22.4,0
2026-03-06T19:30:00Z,0,22.3,0
2026-03-06T19:45:00Z,0,22.2,0
2026-03-06T20:00:00Z,0,22.1,0
2026-03-06T20:15:00Z,0,22.2,0
2026-03-06T20:30:00Z,0,22.1,0
2026-03-06T20:45:00Z,0,21.61,0
2026-03-06T21:00:00Z,0,21.4,0
2026-03-06T21:15:00Z,0,21.4,0
2026-03-06T21:30:00Z,0,21.6,0
2026-03-06T21:45:00Z,0,21.7,0
2026-03-06T22:00:00Z,0,21.5,0
2026-03-06T22:15:00Z,0,21.4,0
2026-03-06T22:30:00Z,0,21.3,0
2026-03-06T22:45:00Z,0,21.2,0
2026-03-06T23:00:00Z,0,21.2,0
2026-03-06T23:15:00Z,0,20.01,0
2026-03-06T23:30:00Z,0,18.42,363.1
2026-03-06T23:45:00Z,0,18,30.26
2026-03-07T00:00:00Z,0,17.7,90.8
2026-03-07T00:15:00Z,0,17.6,1.02
2026-03-07T00:30:00Z,0,17.7,30.26
2026-03-07T00:45:00Z,0,17.8,0
2026-03-07T01:00:00Z,0,17.8,60.52
2026-03-07T01:15:00Z,0,17.6,0
2026-03-07T01:30:00Z,0,17.8,0
2026-03-07T01:45:00Z,0,18,0
2026-03-07T02:00:00Z,0,18.1,0
2026-03-07T02:15:00Z,0,18.1,0
2026-03-07T02:30:00Z,0,18.1,0
2026-03-07T02:45:00Z,0,18.3,0
2026-03-07T03:00:00Z,0,18.3,0
2026-03-07T03:15:00Z,0,18.2,0
2026-03-07T03:30:00Z,0,18.2,0
2026-03-07T03:45:00Z,0,18.2,0
2026-03-07T04:00:00Z,0,18.3,0
2026-03-07T04:15:00Z,0,18.4,0
2026-03-07T04:30:00Z,0,18.4,0
2026-03-07T04:45:00Z,0,18.1,0
2026-03-07T05:00:00Z,0,18.1,0
2026-03-07T05:15:00Z,0,18,0
2026-03-07T05:30:00Z,0,17.9,0
2026-03-07T05:45:00Z,0,18,0
2026-03-07T06:00:00Z,0,17.9,0
2026-03-07T06:15:00Z,0,18.1,0
2026-03-07T06:30:00Z,0,18.3,0
2026-03-07T06:45:00Z,2.868,18.2,0
2026-03-07T07:00:00Z,15.16,18.4,0
2026-03-07T07:15:00Z,27.07,18.4,0
2026-03-07T07:30:00Z,48.96,18.99,0
2026-03-07T07:45:00Z,84.1,19,0
2026-03-07T08:00:00Z,107.8,19.59,0
2026-03-07T08:15:00Z,129,20.19,0
2026-03-07T08:30:00Z,159.4,20.5,0
2026-03-07T08:45:00Z,200.5,20.9,0
2026-03-07T09:00:00Z,279.7,21.49,0
2026-03-07T09:15:00Z,393.3,22.09,0
2026-03-07T09:30:00Z,353.3,22.4,0
2026-03-07T09:45:00Z,351.8,22.7,0
2026-03-07T10:00:00Z,391.8,23.19,0
2026-03-07T10:15:00Z,426.9,23.4,0
2026-03-07T10:30:00Z,485.8,23.7,0
2026-03-07T10:45:00Z,494.4,23.5,0
2026-03-07T11:00:00Z,395.1,23.2,0
2026-03-07T11:15:00Z,541.1,23.6,0
2026-03-07T11:30:00Z,714.8,24.09,0
2026-03-07T11:45:00Z,511.7,23.9,0
2026-03-07T12:00:00Z,490.5,23.8,0
2026-03-07T12:15:00Z,393.7,23.6,0
2026-03-07T12:30:00Z,405.2,23.6,0
2026-03-07T12:45:00Z,418.3,23.8,0
2026-03-07T13:00:00Z,597.4,24.2,0
2026-03-07T13:15:00Z,524.6,24.1,0
2026-03-07T13:30:00Z,801,24.4,0
2026-03-07T13:45:00Z,1040,24.89,0
2026-03-07T14:00:00Z,962,25.1,0
2026-03-07T14:15:00Z,970,25.89,0
2026-03-07T14:30:00Z,822,25.6,0
2026-03-07T14:45:00Z,922,25.6,0
2026-03-07T15:00:00Z,852,25.8,0
2026-03-07T15:15:00Z,609.8,25.11,0
2026-03-07T15:30:00Z,432.6,24.51,0
2026-03-07T15:45:00Z,341.7,24.1,0
2026-03-07T16:00:00Z,257.6,24,0
2026-03-07T16:15:00Z,193.6,23.8,0
2026-03-07T16:30:00Z,172.8,23.7,0
2026-03-07T16:45:00Z,144.5,23.6,0
2026-03-07T17:00:00Z,118.8,23.4,0
2026-03-07T17:15:00Z,97.1,23.4,0
2026-03-07T17:30:00Z,72.67,23.3,0
2026-03-07T17:45:00Z,51.04,23.3,0
2026-03-07T18:00:00Z,39.43,23.1,0
2026-03-07T18:15:00Z,30.89,23.1,0
2026-03-07T18:30:00Z,39.7,23.1,0
2026-03-07T18:45:00Z,22.89,22.9,0
2026-03-07T19:00:00Z,0.252,22.41,0
2026-03-07T19:15:00Z,0,21.81,0
2026-03-07T19:30:00Z,0,21.4,0
2026-03-07T19:45:00Z,0,21.2,0
2026-03-07T20:00:00Z,0,21.1,0
2026-03-07T20:15:00Z,0,20.9,0
2026-03-07T20:30:00Z,0,20.5,0
2026-03-07T20:45:00Z,0,20.5,0
2026-03-07T21:00:00Z,0,20.3,0
2026-03-07T21:15:00Z,0,20.1,0
2026-03-07T21:30:00Z,0,20,0
2026-03-07T21:45:00Z,0,19.9,0
2026-03-07T22:00:00Z,0,19.7,0
2026-03-07T22:15:00Z,0,19.9,0
2026-03-07T22:30:00Z,0,19.7,0
2026-03-07T22:45:00Z,0,19.5,0
2026-03-07T23:00:00Z,0,19.2,0
2026-03-07T23:15:00Z,0,19.5,0
2026-03-07T23:30:00Z,0,19.3,0
2026-03-07T23:45:00Z,0,19.3,0
2026-03-08T00:00:00Z,0,19.2,0
2026-03-08T00:15:00Z,0,19.1,0
2026-03-08T00:30:00Z,0,19.2,0
2026-03-08T00:45:00Z,0,18.9,0
2026-03-08T01:00:00Z,0,18.7,0
2026-03-08T01:15:00Z,0,18.7,0
2026-03-08T01:30:00Z,0,18.6,0
2026-03-08T01:45:00Z,0,18.5,0
2026-03-08T02:00:00Z,0,18.5,0
2026-03-08T02:15:00Z,0,18.8,0
2026-03-08T02:30:00Z,0,18.21,0
2026-03-08T02:45:00Z,0,18.1,0
2026-03-08T03:00:00Z,0,17.9,0
2026-03-08T03:15:00Z,0,18.3,0
2026-03-08T03:30:00Z,0,18.6,0
2026-03-08T03:45:00Z,0,18.9,0
2026-03-08T04:00:00Z,0,19.2,0
2026-03-08T04:15:00Z,0,19.69,0
2026-03-08T04:30:00Z,0,20.19,0
2026-03-08T04:45:00Z,0,20.1,0
2026-03-08T05:00:00Z,0,19.41,0
2026-03-08T05:15:00Z,0,19.89,0
2026-03-08T05:30:00Z,0,19.6,0
2026-03-08T05:45:00Z,0,19.3,0
2026-03-08T06:00:00Z,0,19.2,0
2026-03-08T06:15:00Z,0,19.3,0
2026-03-08T06:30:00Z,0.89,19.4,0
2026-03-08T06:45:00Z,16.82,19.5,0
2026-03-08T07:00:00Z,31.93,19.8,0
2026-03-08T07:15:00Z,43.67,20,0
2026-03-08T07:30:00Z,56.46,20.4,0
2026-03-08T07:45:00Z,68.27,20.3,0
2026-03-08T08:00:00Z,88,20.6,0
2026-03-08T08:15:00Z,146,21.19,0
2026-03-08T08:30:00Z,216.1,22.09,0
2026-03-08T08:45:00Z,298.5,22.89,0
2026-03-08T09:00:00Z,348.6,23.79,0
2026-03-08T09:15:00Z,387.5,24.49,0
2026-03-08T09:30:00Z,350.4,24.6,0
2026-03-08T09:45:00Z,463.6,25,0
2026-03-08T10:00:00Z,362.1,24.6,0
2026-03-08T10:15:00Z,620,25,0
2026-03-08T10:30:00Z,687.9,25.3,0
2026-03-08T10:45:00Z,645.3,25,0
2026-03-08T11:00:00Z,477.1,24.8,0
2026-03-08T11:15:00Z,215.9,23.91,0
2026-03-08T11:30:00Z,126.2,23.21,0
2026-03-08T11:45:00Z,93.5,22.9,0
2026-03-08T12:00:00Z,59.58,22.11,0
2026-03-08T12:15:00Z,74.73,21.21,0
2026-03-08T12:30:00Z,68.97,21,0
2026-03-08T12:45:00Z,59.21,20.51,0
2026-03-08T13:00:00Z,55.94,20.4,0
2026-03-08T13:15:00Z,47.49,20.8,0
2026-03-08T13:30:00Z,37.31,20.6,0
2026-03-08T13:45:00Z,41.75,20.4,0
2026-03-08T14:00:00Z,46.45,20.3,0
2026-03-08T14:15:00Z,65.68,20.5,0
2026-03-08T14:30:00Z,95.4,20.99,0
2026-03-08T14:45:00Z,151.7,21.1,0
2026-03-08T15:00:00Z,179.7,21.4,0
2026-03-08T15:15:00Z,205.4,21.5,0
2026-03-08T15:30:00Z,180.1,21.9,0
2026-03-08T15:45:00Z,159.3,22.1,0
2026-03-08T16:00:00Z,137.7,22.3,0
2026-03-08T16:15:00Z,95.8,22.5,0
2026-03-08T16:30:00Z,107.6,22.7,0
2026-03-08T16:45:00Z,145.1,22.8,0
2026-03-08T17:00:00Z,155.9,23.1,0
2026-03-08T17:15:00Z,141.1,23.3,0
2026-03-08T17:30:00Z,95.7,23.5,0
2026-03-08T17:45:00Z,60.29,23.4,0
2026-03-08T18:00:00Z,49.52,23.2,0
2026-03-08T18:15:00Z,40.8,23.1,0
2026-03-08T18:30:00Z,21.52,22.9,0
2026-03-08T18:45:00Z,3.599,22.5,0
2026-03-08T19:00:00Z,0.038,22.2,0
2026-03-08T19:15:00Z,0,21.51,0
2026-03-08T19:30:00Z,0,20.91,0
2026-03-08T19:45:00Z,0,20.5,0
2026-03-08T20:00:00Z,0,20.5,0
2026-03-08T20:15:00Z,0,20.5,0
2026-03-08T20:30:00Z,0,20.6,0
2026-03-08T20:45:00Z,0,20.3,0
2026-03-08T21:00:00Z,0,20.5,0
2026-03-08T21:15:00Z,0,20.3,0
2026-03-08T21:30:00Z,0,20.1,0
2026-03-08T21:45:00Z,0,20,0
2026-03-08T22:00:00Z,0,19.7,0
2026-03-08T22:15:00Z,0,19.6,0
2026-03-08T22:30:00Z,0,19.11,0
2026-03-08T22:45:00Z,0,18.8,0
2026-03-08T23:00:00Z,0,19,0
2026-03-08T23:15:00Z,0,18.6,0
2026-03-08T23:30:00Z,0,18.7,0
2026-03-08T23:45:00Z,0,18.4,0
2026-03-09T00:00:00Z,0,18.1,0
2026-03-09T00:15:00Z,0,18.1,0
2026-03-09T00:30:00Z,0,18.3,0
2026-03-09T00:45:00Z,0,18.7,0
2026-03-09T01:00:00Z,0,19,0
2026-03-09T01:15:00Z,0,18.9,0
2026-03-09T01:30:00Z,0,18.8,0
2026-03-09T01:45:00Z,0,18.9,0
2026-03-09T02:00:00Z,0,19.1,0
2026-03-09T02:15:00Z,0,18.7,0
2026-03-09T02:30:00Z,0,18.8,0
2026-03-09T02:45:00Z,0,18.9,0
2026-03-09T03:00:00Z,0,18.9,0
2026-03-09T03:15:00Z,0,18.41,0
2026-03-09T03:30:00Z,0,18.3,0
2026-03-09T03:45:00Z,0,18.5,0
2026-03-09T04:00:00Z,0,18.3,0
2026-03-09T04:15:00Z,0,18.3,0
2026-03-09T04:30:00Z,0,18.89,0
2026-03-09T04:45:00Z,0,18.7,0
2026-03-09T05:00:00Z,0,18.6,0
2026-03-09T05:15:00Z,0,19,0
2026-03-09T05:30:00Z,0,18.7,0
2026-03-09T05:45:00Z,0,19,0
2026-03-09T06:00:00Z,0,19,0
2026-03-09T06:15:00Z,0,18.6,0
2026-03-10T10:00:00Z,486.5,25.1,0
2026-03-10T10:15:00Z,411.9,24.7,0
2026-03-10T10:30:00Z,454.3,24.7,0
2026-03-10T10:45:00Z,808,25.39,0
2026-03-10T11:00:00Z,361.5,24.71,0
2026-03-10T11:15:00Z,507.2,25.29,0
2026-03-10T11:30:00Z,684.1,25.89,0
2026-03-10T11:45:00Z,527.4,26.2,0
2026-03-10T12:00:00Z,639.7,26.3,0
2026-03-10T12:15:00Z,583.9,26.79,0
2026-03-10T12:30:00Z,270.6,26.5,0
2026-03-10T12:45:00Z,227.7,26.6,0
2026-03-10T13:00:00Z,256.8,26.4,0
2026-03-10T13:15:00Z,137,23.73,363.1
2026-03-10T13:30:00Z,98.4,18.85,635.5
2026-03-10T13:45:00Z,152.8,18.21,272.3
2026-03-10T14:00:00Z,180.6,19.09,0
2026-03-10T14:15:00Z,112.3,19.2,0
2026-03-10T14:30:00Z,107,19.4,30.26
2026-03-10T14:45:00Z,105.5,19.6,0
2026-03-10T15:00:00Z,133.8,19.5,0
2026-03-10T15:15:00Z,156,20.19,0
2026-03-10T15:30:00Z,168.4,20.5,0
2026-03-10T15:45:00Z,150.8,21.19,0
2026-03-10T16:00:00Z,180,22.09,0
2026-03-10T16:15:00Z,220.3,22.99,0
2026-03-10T16:30:00Z,179.9,23.4,0
2026-03-10T16:45:00Z,136.8,23.6,0
2026-03-10T17:00:00Z,149.3,23.7,0
2026-03-10T17:15:00Z,190.9,24,0
2026-03-10T17:30:00Z,166.5,24.1,0
2026-03-10T17:45:00Z,144.1,24.1,0
2026-03-10T18:00:00Z,108.4,23.9,0
2026-03-10T18:15:00Z,84.6,23.9,0
2026-03-10T18:30:00Z,39.31,24,0
2026-03-10T18:45:00Z,7.551,23.21,0
2026-03-10T19:00:00Z,0.08,22.61,0
2026-03-10T19:15:00Z,0,21.91,0
2026-03-10T19:30:00Z,0,21.5,0
2026-03-10T19:45:00Z,0,21.2,0
2026-03-10T20:00:00Z,0,20.9,0
2026-03-10T20:15:00Z,0,20.7,0
2026-03-10T20:30:00Z,0,20.3,0
2026-03-10T20:45:00Z,0,20,0
2026-03-10T21:00:00Z,0,19.7,0
2026-03-10T21:15:00Z,0,19.21,0
2026-03-10T21:30:00Z,0,19.3,0
2026-03-10T21:45:00Z,0,18.71,0
2026-03-10T22:00:00Z,0,18.7,0
2026-03-10T22:15:00Z,0,18.7,0
2026-03-10T22:30:00Z,0,18.8,0
2026-03-10T22:45:00Z,0,18.6,0
2026-03-10T23:00:00Z,0,18.6,0
2026-03-10T23:15:00Z,0,18.5,0
2026-03-10T23:30:00Z,0,18.4,0
2026-03-10T23:45:00Z,0,18.5,0
2026-03-11T00:00:00Z,0,18.7,0
2026-03-11T00:15:00Z,0,18.7,0
2026-03-11T00:30:00Z,0,18.7,0
2026-03-11T00:45:00Z,0,19,0
2026-03-11T01:00:00Z,0,19.2,0
2026-03-11T01:15:00Z,0,19.69,0
2026-03-11T01:30:00Z,0,19.9,0
2026-03-11T01:45:00Z,0,20.3,0
2026-03-11T02:00:00Z,0,20.99,0
2026-03-11T02:15:00Z,0,20.51,0
2026-03-11T02:30:00Z,0,19.91,0
2026-03-11T02:45:00Z,0,20,0
2026-03-11T03:00:00Z,0,19.9,0
2026-03-11T03:15:00Z,0,19.7,0
2026-03-11T03:30:00Z,0,19.7,0
2026-03-11T03:45:00Z,0,20.19,0
2026-03-11T04:00:00Z,0,20.5,0
2026-03-11T04:15:00Z,0,20.7,0
2026-03-11T04:30:00Z,0,20.5,0
2026-03-11T04:45:00Z,0,20.4,0
2026-03-11T05:00:00Z,0,20.6,0
2026-03-11T05:15:00Z,0,20.8,0
2026-03-11T05:30:00Z,0,20.8,0
2026-03-11T05:45:00Z,0,20.6,0
2026-03-11T06:00:00Z,0,20.8,0
2026-03-11T06:15:00Z,0,20.6,0
2026-03-11T06:30:00Z,0,20.4,0
2026-03-11T06:45:00Z,10.09,20.3,0
2026-03-11T07:00:00Z,29.98,20.7,0
2026-03-11T07:15:00Z,60.26,21.39,0
2026-03-11T07:30:00Z,89.5,21.99,0
2026-03-11T07:45:00Z,150.8,22.99,0
2026-03-11T08:00:00Z,145.4,23.3,0
2026-03-11T08:15:00Z,101.1,22.9,0
2026-03-11T08:30:00Z,202.8,23.1,0
2026-03-11T08:45:00Z,329.2,23.89,0
2026-03-11T09:00:00Z,352.3,24.39,0
2026-03-11T09:15:00Z,425.4,24.99,0
2026-03-11T09:30:00Z,454.5,25.4,0
2026-03-11T09:45:00Z,461.7,25.6,0
2026-03-11T10:00:00Z,617,26.39,0
2026-03-11T10:15:00Z,236,25.31,0
2026-03-11T10:30:00Z,231.9,24.9,0
2026-03-11T10:45:00Z,266.8,24.5,0
2026-03-11T11:00:00Z,713,25.39,0
2026-03-11T11:15:00Z,807,25.89,0
2026-03-11T11:30:00Z,747.3,25.8,0
2026-03-11T11:45:00Z,290.4,25.11,0
2026-03-11T12:00:00Z,228,24.51,0
2026-03-11T12:15:00Z,57.51,23.12,0
2026-03-11T12:30:00Z,27.12,21.52,0
2026-03-11T12:45:00Z,26.11,20.21,30.26
2026-03-11T13:00:00Z,49.73,18.62,999
2026-03-11T13:30:00Z,0,0,0
2026-03-11T13:45:00Z,175,19.8,0
2026-03-11T14:00:00Z,559,20.2,0
2026-03-11T14:15:00Z,602.5,20.79,0
2026-03-11T14:30:00Z,562.8,21.49,0
2026-03-11T14:45:00Z,236.4,21.1,0
2026-03-11T15:00:00Z,127.7,21.5,0
2026-03-11T15:15:00Z,126.7,21.7,0
2026-03-11T15:30:00Z,159.2,22.19,0
2026-03-11T15:45:00Z,218,22.5,0
2026-03-11T16:00:00Z,386.9,22.99,0
2026-03-11T16:15:00Z,330.9,24.98,0
2026-03-11T16:30:00Z,291.1,25.3,0
2026-03-11T16:45:00Z,230.3,25.5,0
2026-03-11T17:00:00Z,128.6,25.2,0
2026-03-11T17:15:00Z,136.4,25,0
2026-03-11T17:30:00Z,112.8,24.7,0
2026-03-11T17:45:00Z,87.4,24.3,0
2026-03-11T18:00:00Z,58.03,24,0
2026-03-11T18:15:00Z,32.88,23.7,0
2026-03-11T18:30:00Z,15.1,23.3,0
2026-03-11T18:45:00Z,1.056,22.61,0
2026-03-11T19:00:00Z,0.01,22.01,0
2026-03-11T19:15:00Z,0,21.31,0
2026-03-11T19:30:00Z,0,21.1,0
2026-03-11T19:45:00Z,0,20.8,0
2026-03-11T20:00:00Z,0,20.5,0
2026-03-11T20:15:00Z,0,20.4,0
2026-03-11T20:30:00Z,0,20.6,0
2026-03-11T20:45:00Z,0,20.5,0
2026-03-11T21:00:00Z,0,20.4,0
2026-03-11T21:15:00Z,0,20.3,0
2026-03-11T21:30:00Z,0,20.2,0
2026-03-11T21:45:00Z,0,20.3,0
2026-03-11T22:00:00Z,0,19.9,0
2026-03-11T22:15:00Z,0,20.1,0
2026-03-11T22:30:00Z,0,19.9,0
2026-03-11T22:45:00Z,0,19.6,0
2026-03-11T23:00:00Z,0,19.5,0
2026-03-11T23:15:00Z,0,19.1,0
2026-03-11T23:30:00Z,0,19.1,0
2026-03-11T23:45:00Z,0,18.9,0
2026-03-12T00:00:00Z,0,19.3,0
2026-03-12T00:15:00Z,0,18.9,0
2026-03-12T00:30:00Z,0,18.9,0
2026-03-12T00:45:00Z,0,19,0
2026-03-12T01:00:00Z,0,19.2,0
2026-03-12T01:15:00Z,0,19,0
2026-03-12T01:30:00Z,0,19,0
2026-03-12T01:45:00Z,0,19.3,0
2026-03-12T02:00:00Z,0,19.3,0
2026-03-12T02:15:00Z,0,19.7,0
2026-03-12T02:30:00Z,0,19.9,0
2026-03-12T02:45:00Z,0,19.7,0
2026-03-12T03:00:00Z,0,19.3,0
2026-03-12T03:15:00Z,0,19.6,0
2026-03-12T03:30:00Z,0,19.9,0
2026-03-12T03:45:00Z,0,20,0
2026-03-12T04:00:00Z,0,20,0
2026-03-12T04:15:00Z,0,20.1,0
2026-03-12T04:30:00Z,0,20,0
2026-03-12T04:45:00Z,0,19.7,0
2026-03-12T05:00:00Z,0,19.4,0
2026-03-12T05:15:00Z,0,19.4,0
2026-03-12T05:30:00Z,0,19.4,0
2026-03-12T05:45:00Z,0,19.89,0
2026-03-12T06:00:00Z,0,20.3,0
2026-03-12T06:15:00Z,0,20.3,0
2026-03-12T06:30:00Z,0,20.5,0
2026-03-12T06:45:00Z,3.956,20.4,0
2026-03-12T07:00:00Z,9.44,20.4,0
2026-03-12T07:15:00Z,16.03,20.7,0
2026-03-12T07:30:00Z,47.65,20.9,0
2026-03-12T07:45:00Z,104.8,21.39,0
2026-03-12T08:00:00Z,96.4,22.09,0
2026-03-12T08:15:00Z,114.4,22.3,0
2026-03-12T08:30:00Z,234.4,22.6,0
2026-03-12T08:45:00Z,176.2,22.9,0
2026-03-12T09:00:00Z,199.6,22.9,0
2026-03-12T09:15:00Z,328.3,23.2,0
2026-03-12T09:30:00Z,612.4,23.79,0
2026-03-12T09:45:00Z,547.8,23.21,0
2026-03-12T10:00:00Z,297.9,22.31,0
2026-03-12T10:15:00Z,274.1,22.2,0
2026-03-12T10:30:00Z,251.7,22.1,0
2026-03-12T10:45:00Z,265.3,21.9,0
2026-03-12T11:00:00Z,196.6,21.9,0
2026-03-12T11:15:00Z,279.3,21.9,0
2026-03-12T11:30:00Z,48.21,20.42,484.2
2026-03-12T11:45:00Z,35.02,20.1,247.5
2026-03-12T12:00:00Z,138.8,19.9,123.8
2026-03-12T12:15:00Z,204.1,20,1.36
2026-03-12T12:30:00Z,210.4,20,0
2026-03-12T12:45:00Z,215.2,20,0
2026-03-12T13:00:00Z,360,20.1,0
2026-03-12T13:15:00Z,613,20.79,0
2026-03-12T13:30:00Z,685.9,21.49,0
2026-03-12T13:45:00Z,518.3,21.6,0
2026-03-12T14:00:00Z,671,22.09,0
2026-03-12T14:15:00Z,681.8,22.89,0
2026-03-12T14:30:00Z,995,24.09,0
2026-03-12T14:45:00Z,950,24.59,0
2026-03-12T15:00:00Z,766.9,24.9,0
2026-03-12T15:15:00Z,657,24.6,0
2026-03-12T15:30:00Z,543.1,24.9,0
2026-03-12T15:45:00Z,317.1,24.31,0
2026-03-12T16:00:00Z,285.2,23.9,0
2026-03-12T16:15:00Z,252.7,23.21,0
2026-03-12T16:30:00Z,225.3,22.51,0
2026-03-12T16:45:00Z,191.9,22.2,0
2026-03-12T17:00:00Z,166.3,21.9,0
2026-03-12T17:15:00Z,144.9,21.9,0
2026-03-12T17:30:00Z,109.2,21.9,0
2026-03-12T17:45:00Z,76.07,22,0
2026-03-12T18:00:00Z,51.57,21.9,0
2026-03-12T18:15:00Z,29.84,21.6,0
2026-03-12T18:30:00Z,10.51,21.4,0
2026-03-12T18:45:00Z,0.114,21.2,0
2026-03-12T19:00:00Z,0,21,0
2026-03-12T19:15:00Z,0,20.7,0
2026-03-12T19:30:00Z,0,20.4,0
2026-03-12T19:45:00Z,0,20.3,0
2026-03-12T20:00:00Z,0,20.1,0
2026-03-12T20:15:00Z,0,19.9,0
2026-03-12T20:30:00Z,0,19.8,0
2026-03-12T20:45:00Z,0,19.7,0
2026-03-12T21:00:00Z,0,19.7,0
2026-03-12T21:15:00Z,0,19.6,0
2026-03-12T21:30:00Z,0,19.5,0
2026-03-12T21:45:00Z,0,19.6,0
2026-03-12T22:00:00Z,0,19.5,0
2026-03-12T22:15:00Z,0,19.4,0
2026-03-12T22:30:00Z,0,18.91,0
2026-03-12T22:45:00Z,0,19,0
2026-03-12T23:00:00Z,0,18.9,0
2026-03-12T23:15:00Z,0,18.8,0
2026-03-12T23:30:00Z,0,18.9,0
2026-03-12T23:45:00Z,0,18.7,0
2026-03-13T00:00:00Z,0,19,0
2026-03-13T00:15:00Z,0,18.9,0
2026-03-13T00:30:00Z,0,18.7,0
2026-03-13T00:45:00Z,0,18.6,0
2026-03-13T01:00:00Z,0,18.3,0
2026-03-13T01:15:00Z,0,18.2,0
2026-03-13T01:30:00Z,0,18.2,0
2026-03-13T01:45:00Z,0,17.9,0
2026-03-13T02:00:00Z,0,17.9,0
2026-03-13T02:15:00Z,0,18.2,0
2026-03-13T02:30:00Z,0,18.1,0
2026-03-13T02:45:00Z,0,18.1,0
2026-03-13T03:00:00Z,0,18,0
2026-03-13T03:15:00Z,0,18,0
2026-03-13T03:30:00Z,0,17.7,0
2026-03-13T03:45:00Z,0,17.6,0
2026-03-13T04:00:00Z,0,17.9,0
2026-03-13T04:15:00Z,0,17.6,0
2026-03-13T04:30:00Z,0,17.8,0
2026-03-13T04:45:00Z,0,18.1,0
2026-03-13T05:00:00Z,0,18,0
2026-03-13T05:15:00Z,0,17.7,0
2026-03-13T05:30:00Z,0,17.8,0
2026-03-13T05:45:00Z,0,17.7,0
2026-03-13T06:00:00Z,0,18.19,0
2026-03-13T06:15:00Z,0,17.9,0
2026-03-13T06:30:00Z,0,17.9,0
2026-03-13T06:45:00Z,2.077,18.1,0
2026-03-13T07:00:00Z,16.64,18.2,0
2026-03-13T07:15:00Z,38.06,18.6,0
2026-03-13T07:30:00Z,67.67,18.9,0
2026-03-13T07:45:00Z,108.7,19.69,0
2026-03-13T08:00:00Z,129,20.89,0
2026-03-13T08:15:00Z,196,21.59,0
2026-03-13T08:30:00Z,247.5,22.09,0
2026-03-13T08:45:00Z,250.7,22.4,0
2026-03-13T09:00:00Z,270.5,22.6,0
2026-03-13T09:15:00Z,395.6,22.9,0
2026-03-13T09:30:00Z,417.1,23.39,0
2026-03-13T09:45:00Z,442.3,23.6,0
2026-03-13T10:00:00Z,455.9,23.4,0
2026-03-13T10:15:00Z,401.4,23.1,0
2026-03-13T10:30:00Z,392.5,23.1,0
2026-03-13T10:45:00Z,718.9,23.59,0
2026-03-13T11:00:00Z,832,23.7,0
2026-03-13T11:15:00Z,584.5,23.6,0
2026-03-13T11:30:00Z,472.3,23.5,0
2026-03-13T11:45:00Z,575,23.5,0
2026-03-13T12:00:00Z,841,23.99,0
2026-03-13T12:15:00Z,625.6,24.2,0
2026-03-13T12:30:00Z,698.5,24.6,0
2026-03-13T12:45:00Z,650.8,24.01,0
2026-03-13T13:00:00Z,504.9,22.12,30.26
2026-03-13T13:15:00Z,672.8,23.19,0.34
2026-03-13T13:30:00Z,1112,24.39,0
2026-03-13T13:45:00Z,945,24.99,0
2026-03-13T14:00:00Z,738.2,25.1,0
2026-03-13T14:15:00Z,234,23.32,0
2026-03-13T14:30:00Z,219.9,20.83,0
2026-03-13T14:45:00Z,166.3,21.29,0
2026-03-13T15:00:00Z,29.93,19.92,121
2026-03-13T15:15:00Z,42.64,17.82,182.9
2026-03-13T15:30:00Z,57.04,18,32.3
2026-03-13T15:45:00Z,89.4,18.59,0.34
2026-03-13T16:00:00Z,131.6,19.39,0
2026-03-13T16:15:00Z,183.7,19.8,0
2026-03-13T16:30:00Z,226.3,20.89,0
2026-03-13T16:45:00Z,263.3,21.39,0
2026-03-13T17:00:00Z,246,21.99,0
2026-03-13T17:15:00Z,328.1,22.3,0
2026-03-13T17:30:00Z,301,22.79,0
2026-03-13T17:45:00Z,183.3,22.6,0
2026-03-13T18:00:00Z,88,22.11,0
2026-03-13T18:15:00Z,65.34,21.9,0
2026-03-13T18:30:00Z,22.38,21.5,0
2026-03-13T18:45:00Z,1.924,21.2,0
2026-03-13T19:00:00Z,0.019,20.8,0
2026-03-13T19:15:00Z,0,20.6,0
2026-03-13T19:30:00Z,0,20.4,0
2026-03-13T19:45:00Z,0,20.4,0
2026-03-13T20:00:00Z,0,20.3,0
2026-03-13T20:15:00Z,0,20,0
2026-03-13T20:30:00Z,0,19.51,0
2026-03-13T20:45:00Z,0,19.5,0
2026-03-13T21:00:00Z,0,19.3,0
2026-03-13T21:15:00Z,0,19,0
2026-03-13T21:30:00Z,0,19,0
2026-03-13T21:45:00Z,0,18.8,0
2026-03-13T22:00:00Z,0,19,0
2026-03-13T22:15:00Z,0,19.59,0
2026-03-13T22:30:00Z,0,19.3,0
2026-03-13T22:45:00Z,0,19.89,0
2026-03-13T23:00:00Z,0,19.21,0
2026-03-13T23:15:00Z,0,19,0
2026-03-13T23:30:00Z,0,18.8,0
2026-03-13T23:45:00Z,0,18.7,0
2026-03-14T00:00:00Z,0,18.8,0
2026-03-14T00:15:00Z,0,18.6,0
2026-03-14T00:30:00Z,0,18.5,0
2026-03-14T00:45:00Z,0,18.3,0
2026-03-14T01:00:00Z,0,18.3,0
2026-03-14T01:15:00Z,0,18.4,0
2026-03-14T01:30:00Z,0,18.2,0
2026-03-14T01:45:00Z,0,18.2,0
2026-03-14T02:00:00Z,0,18.1,0
2026-03-14T02:15:00Z,0,18.3,0
2026-03-14T02:30:00Z,0,18.5,0
2026-03-14T02:45:00Z,0,18.4,0
2026-03-14T03:00:00Z,0,18.6,0
2026-03-14T03:15:00Z,0,19.29,0
2026-03-14T03:30:00Z,0,19.1,0
2026-03-14T03:45:00Z,0,19.2,0
2026-03-14T04:00:00Z,0,19.4,0
2026-03-14T04:15:00Z,0,19.5,0
2026-03-14T04:30:00Z,0,19.3,0
2026-03-14T04:45:00Z,0,19.3,0
2026-03-14T05:00:00Z,0,19.5,0
2026-03-14T05:15:00Z,0,19.6,0
2026-03-14T05:30:00Z,0,19.7,0
2026-03-14T05:45:00Z,0,18.81,272.3
2026-03-14T06:00:00Z,0,18.21,457
2026-03-14T06:15:00Z,0,18.3,65.62
2026-03-14T06:30:00Z,0,18.3,30.94
2026-03-14T06:45:00Z,0,18.3,30.6
2026-03-14T07:00:00Z,4.351,18.3,30.6
2026-03-14T07:15:00Z,15.38,18.5,0.34
2026-03-14T07:30:00Z,37.85,18.6,0
2026-03-14T07:45:00Z,50.16,18.8,0
2026-03-14T08:00:00Z,97.8,18.7,0
2026-03-14T08:15:00Z,123.5,19.19,0
2026-03-14T08:30:00Z,132.1,19.6,0
2026-03-14T08:45:00Z,163.4,19.9,0
2026-03-14T09:00:00Z,215.8,20.1,0
2026-03-14T09:15:00Z,369.2,20.69,0
2026-03-14T09:30:00Z,349.6,21.1,0
2026-03-14T09:45:00Z,292.1,21.3,0
2026-03-14T10:00:00Z,454.9,21.6,0
2026-03-14T10:15:00Z,634.5,22.49,0
2026-03-14T10:30:00Z,434.7,22.6,0
2026-03-14T10:45:00Z,615.3,23.09,0
2026-03-14T11:00:00Z,494.7,23.3,0
2026-03-14T11:15:00Z,552.4,23.3,0
2026-03-14T11:30:00Z,650.3,23.79,0
2026-03-14T11:45:00Z,515.9,23.5,0
2026-03-14T12:00:00Z,795,23.8,0
2026-03-14T12:15:00Z,739.1,24.2,0
2026-03-14T12:30:00Z,865,24.4,0
2026-03-14T12:45:00Z,985,24.89,0
2026-03-14T13:00:00Z,1026,25,0
2026-03-14T13:15:00Z,893,25.4,0
2026-03-14T13:30:00Z,692,25.2,0
2026-03-14T13:45:00Z,743,25.2,0
2026-03-14T14:00:00Z,805,25.4,0
2026-03-14T14:15:00Z,840,25.7,0
2026-03-14T14:30:00Z,853,25.9,0
2026-03-14T14:45:00Z,934,26.3,0
2026-03-14T15:00:00Z,819,26.5,0
2026-03-14T15:15:00Z,492.1,25.61,0
2026-03-14T15:30:00Z,253.2,25.01,0
2026-03-14T15:45:00Z,213.6,24.7,0
2026-03-14T16:00:00Z,508.2,25.19,0
2026-03-14T16:15:00Z,731.9,26.39,0
2026-03-14T16:30:00Z,596.8,26.1,0
2026-03-14T16:45:00Z,488.1,26,0
2026-03-14T17:00:00Z,324.2,25.51,0
2026-03-14T17:15:00Z,458.2,26.09,0
2026-03-14T17:30:00Z,381.1,26.4,0
2026-03-14T17:45:00Z,206.8,25.71,0
2026-03-14T18:00:00Z,167.7,25.21,0
2026-03-14T18:15:00Z,58.13,24.8,0
2026-03-14T18:30:00Z,19.32,24.21,0
2026-03-14T18:45:00Z,2.781,23.71,0
2026-03-14T19:00:00Z,0.029,23.4,0
2026-03-14T19:15:00Z,0,22.81,0
2026-03-14T19:30:00Z,0,22.6,0
2026-03-14T19:45:00Z,0,22.4,0
2026-03-14T20:00:00Z,0,22.3,0
2026-03-14T20:15:00Z,0,22.2,0
2026-03-14T20:30:00Z,0,21.8,0
2026-03-14T20:45:00Z,0,21.6,0
2026-03-14T21:00:00Z,0,21.2,0
2026-03-14T21:15:00Z,0,21,0
2026-03-14T21:30:00Z,0,20.6,0
2026-03-14T21:45:00Z,0,20.2,0
2026-03-14T22:00:00Z,0,20.2,0
2026-03-14T22:15:00Z,0,20,0
2026-03-14T22:30:00Z,0,19.9,0
2026-03-14T22:45:00Z,0,20,0
2026-03-14T23:00:00Z,0,20.4,0
2026-03-14T23:15:00Z,0,20.3,0
2026-03-14T23:30:00Z,0,20.1,0
2026-03-14T23:45:00Z,0,19.9,0
2026-03-15T00:00:00Z,0,19.8,0
2026-03-15T00:15:00Z,0,19.6,0
2026-03-15T00:30:00Z,0,19.3,0
2026-03-15T00:45:00Z,0,19.3,0
2026-03-15T01:00:00Z,0,19,0
2026-03-15T01:15:00Z,0,19,0
2026-03-15T01:30:00Z,0,19,0
2026-03-15T01:45:00Z,0,19,0
2026-03-15T02:00:00Z,0,19.1,0
2026-03-15T02:15:00Z,0,19.2,0
2026-03-15T02:30:00Z,0,19,0
2026-03-15T02:45:00Z,0,18.8,0
2026-03-15T03:00:00Z,0,18.8,0
2026-03-15T03:15:00Z,0,19,0
2026-03-15T03:30:00Z,0,18.9,0
2026-03-15T03:45:00Z,0,19,0
2026-03-15T04:00:00Z,0,18.9,0
2026-03-15T04:15:00Z,0,18.6,0
2026-03-15T04:30:00Z,0,18.6,0
2026-03-15T04:45:00Z,0,18.7,0
2026-03-15T05:00:00Z,0,18.6,0
2026-03-15T05:15:00Z,0,18.4,0
2026-03-15T05:30:00Z,0,18.2,0
2026-03-15T05:45:00Z,0,18.1,0
2026-03-15T06:00:00Z,0,17.8,0
2026-03-15T06:15:00Z,0,17.9,0
2026-03-15T06:30:00Z,0,17.9,0
2026-03-15T06:45:00Z,4.747,18,0
2026-03-15T07:00:00Z,18.45,18.3,0
2026-03-15T07:15:00Z,42.04,18.7,0
2026-03-15T07:30:00Z,113.5,19.59,0
2026-03-15T07:45:00Z,152.9,21.08,0
2026-03-15T08:00:00Z,178.2,22.29,0
2026-03-15T08:15:00Z,224.6,23.49,0
2026-03-15T08:30:00Z,272.9,24.09,0
2026-03-15T08:45:00Z,321,24.3,0
2026-03-15T09:00:00Z,371.4,24.7,0
2026-03-15T09:15:00Z,427.2,25.19,0
2026-03-15T09:30:00Z,450.6,25,0
2026-03-15T09:45:00Z,513.3,25,0
2026-03-15T10:00:00Z,553.9,25.3,0
2026-03-15T10:15:00Z,521.1,24.9,0
2026-03-15T10:30:00Z,685.1,25.2,0
2026-03-15T10:45:00Z,653.5,24.9,0
2026-03-15T11:00:00Z,774.7,25,0
2026-03-15T11:15:00Z,880,25.4,0
2026-03-15T11:30:00Z,854,25.4,0
2026-03-15T11:45:00Z,769.2,25.2,0
2026-03-15T12:00:00Z,795.7,25.5,0
2026-03-15T12:15:00Z,926,25.5,0
2026-03-15T12:30:00Z,907,26.09,0
2026-03-15T12:45:00Z,958,26.3,0
2026-03-15T13:00:00Z,818,25.81,0
2026-03-15T13:15:00Z,878,25.6,0
2026-03-15T13:30:00Z,532.3,24.71,0
2026-03-15T13:45:00Z,545.4,24.7,0
2026-03-15T14:00:00Z,623,24.9,0
2026-03-15T14:15:00Z,767,25.49,0
2026-03-15T14:30:00Z,847,26.19,0
2026-03-15T14:45:00Z,1011,26.6,0
2026-03-15T15:00:00Z,963,26.7,0
2026-03-15T15:15:00Z,695.6,26.4,0
2026-03-15T15:30:00Z,881,26.5,0
2026-03-15T15:45:00Z,879,26.5,0
2026-03-15T16:00:00Z,823,26.9,0
2026-03-15T16:15:00Z,672.6,26.5,0
2026-03-15T16:30:00Z,338.8,25.41,0
2026-03-15T16:45:00Z,392.1,25.8,0
2026-03-15T17:00:00Z,98.8,25.21,0
2026-03-15T17:15:00Z,72.56,24.8,0
2026-03-15T17:30:00Z,54.1,24.5,0
2026-03-15T17:45:00Z,32.24,23.81,0
2026-03-15T18:00:00Z,21.72,22.71,0
2026-03-15T18:15:00Z,2.119,21.71,0
2026-03-15T18:30:00Z,0.021,20.71,30.26
2026-03-15T18:45:00Z,0,21,0.34
2026-03-15T19:00:00Z,0,21.1,0
2026-03-15T19:15:00Z,0,21.2,0
2026-03-15T19:30:00Z,0,21.2,0
2026-03-15T19:45:00Z,0,20.9,0
2026-03-15T20:00:00Z,0,21,0
2026-03-15T20:15:00Z,0,21.2,0
2026-03-15T20:30:00Z,0,21.2,0
2026-03-15T20:45:00Z,0,21.2,0
2026-03-15T21:00:00Z,0,21.2,0
2026-03-15T21:15:00Z,0,21.1,0
2026-03-15T21:30:00Z,0,21.1,0
2026-03-15T21:45:00Z,0,21.1,0
2026-03-15T22:00:00Z,0,21.3,0
2026-03-15T22:15:00Z,0,21.3,0
2026-03-15T22:30:00Z,0,21.3,0
2026-03-15T22:45:00Z,0,21.1,0
2026-03-15T23:00:00Z,0,20.8,0
2026-03-15T23:15:00Z,0,20.6,0
2026-03-15T23:30:00Z,0,20.5,0
2026-03-15T23:45:00Z,0,20.4,0
2026-03-16T00:00:00Z,0,20.2,0
2026-03-16T00:15:00Z,0,20.1,0
2026-03-16T00:30:00Z,0,20.1,0
2026-03-16T00:45:00Z,0,20.3,0
2026-03-16T01:00:00Z,0,20.2,0
2026-03-16T01:15:00Z,0,20.2,0
2026-03-16T01:30:00Z,0,20.5,0
2026-03-16T01:45:00Z,0,20.5,0
2026-03-16T02:00:00Z,0,20.3,0
2026-03-16T02:15:00Z,0,20.1,0
2026-03-16T02:30:00Z,0,20,0
2026-03-16T02:45:00Z,0,19.8,0
2026-03-16T03:00:00Z,0,19.4,0
2026-03-16T03:15:00Z,0,19.3,0
2026-03-16T03:30:00Z,0,19.2,0
2026-03-16T03:45:00Z,0,19.4,0
2026-03-16T04:00:00Z,0,19.4,0
2026-03-16T04:15:00Z,0,19.6,0
2026-03-16T04:30:00Z,0,20,0
2026-03-16T04:45:00Z,0,20,0
2026-03-16T05:00:00Z,0,19.9,0
2026-03-16T05:15:00Z,0,19.8,0
2026-03-16T05:30:00Z,0,19.8,0
2026-03-16T05:45:00Z,0,19.6,0
2026-03-16T06:00:00Z,0,19.6,0
2026-03-16T06:15:00Z,0,19.5,0
2026-03-16T06:30:00Z,0,19.5,0
2026-03-16T06:45:00Z,6.724,19.5,0
2026-03-16T07:00:00Z,34.69,19.5,0
2026-03-16T07:15:00Z,56.46,19.7,0
2026-03-16T07:30:00Z,76.68,19.8,0
2026-03-16T07:45:00Z,118.5,20.1,0
2026-03-16T08:00:00Z,137,20.59,0
2026-03-16T08:15:00Z,147.6,21,0
2026-03-16T08:30:00Z,176.6,21.1,0
2026-03-16T08:45:00Z,179.2,21.3,0
2026-03-16T09:00:00Z,187.2,21.79,0
2026-03-16T09:15:00Z,224.6,22.29,0
2026-03-16T09:30:00Z,282.6,22.79,0
2026-03-16T09:45:00Z,407.5,23.49,0
2026-03-16T10:00:00Z,498.6,24.29,0
2026-03-16T10:15:00Z,559.2,25.09,0
2026-03-16T10:30:00Z,788.3,26.19,0
2026-03-16T10:45:00Z,476.1,25.31,0
2026-03-16T11:00:00Z,709.4,25.5,0
2026-03-16T11:15:00Z,902,26.29,0
2026-03-16T11:30:00Z,941,26.2,0
2026-03-16T11:45:00Z,447.8,25.21,0
2026-03-16T12:00:00Z,589.6,24.9,0
2026-03-16T12:15:00Z,688.7,25.39,0
2026-03-16T12:30:00Z,214.1,24.71,0
2026-03-16T12:45:00Z,140,24.3,0
2026-03-16T13:00:00Z,129.8,22.72,0
2026-03-16T13:15:00Z,168.7,22.5,0
2026-03-16T13:30:00Z,209.1,22.7,0
2026-03-16T13:45:00Z,280.7,23.1,0
2026-03-16T14:00:00Z,565.8,24.39,0
2026-03-16T14:15:00Z,737.9,25.49,0
2026-03-16T14:30:00Z,477.2,25.9,0
2026-03-16T14:45:00Z,276.7,24.52,0
2026-03-16T15:00:00Z,94.1,22.32,0
2026-03-16T15:15:00Z,55.12,21.61,30.26
2026-03-16T15:30:00Z,35.22,21.11,0.34
2026-03-16T15:45:00Z,16.21,20.7,0
2026-03-16T16:00:00Z,12.93,20.8,0
2026-03-16T16:15:00Z,11.91,20.6,0
2026-03-16T16:30:00Z,13.78,20.4,30.26
2026-03-16T16:45:00Z,18.55,20.1,30.6
2026-03-16T17:00:00Z,29.97,19.61,30.6
2026-03-16T17:15:00Z,41.67,19.9,30.6
2026-03-16T17:30:00Z,49.61,20.3,0.34
2026-03-16T17:45:00Z,45.05,20.79,0
2026-03-16T18:00:00Z,32.14,20.8,0
2026-03-16T18:15:00Z,19.74,20.8,0
2026-03-16T18:30:00Z,9.71,20.9,30.26
2026-03-16T18:45:00Z,0.107,20.9,0.34
2026-03-16T19:00:00Z,0,20.7,0
2026-03-16T19:15:00Z,0,20.4,0
2026-03-16T19:30:00Z,0,20.4,0
2026-03-16T19:45:00Z,0,20.3,0
2026-03-16T20:00:00Z,0,20.4,0
2026-03-16T20:15:00Z,0,20.2,30.26
2026-03-16T20:30:00Z,0,20.1,0.34
2026-03-16T20:45:00Z,0,20.1,0
2026-03-16T21:00:00Z,0,20.1,0
2026-03-16T21:15:00Z,0,20.1,0
2026-03-16T21:30:00Z,0,20,0
2026-03-16T21:45:00Z,0,20,0
2026-03-16T22:00:00Z,0,19.9,0
2026-03-16T22:15:00Z,0,19.9,0
2026-03-16T22:30:00Z,0,19.9,0
2026-03-16T22:45:00Z,0,19.9,0
2026-03-16T23:00:00Z,0,19.9,0
2026-03-16T23:15:00Z,0,19.9,0
2026-03-16T23:30:00Z,0,19.9,0
2026-03-16T23:45:00Z,0,19.8,0
2026-03-17T00:00:00Z,0,19.9,0
2026-03-17T00:15:00Z,0,19.9,0
2026-03-17T00:30:00Z,0,20,0
2026-03-17T00:45:00Z,0,19.9,0
2026-03-17T01:00:00Z,0,20,0
2026-03-17T01:15:00Z,0,20.3,0
2026-03-17T01:30:00Z,0,20.5,0
2026-03-17T01:45:00Z,0,20.4,0
2026-03-17T02:00:00Z,0,20.4,0
2026-03-17T02:15:00Z,0,20.4,0
2026-03-17T02:30:00Z,0,20.2,0
2026-03-17T02:45:00Z,0,20.3,0
2026-03-17T03:00:00Z,0,20.3,0
2026-03-17T03:15:00Z,0,20.4,0
2026-03-17T03:30:00Z,0,20.2,0
2026-03-17T03:45:00Z,0,20.1,0
2026-03-17T04:00:00Z,0,20.1,0
2026-03-17T04:15:00Z,0,20,0
2026-03-17T04:30:00Z,0,20.1,0
2026-03-17T04:45:00Z,0,20.1,0
2026-03-17T05:00:00Z,0,19.9,0
2026-03-17T05:15:00Z,0,19.9,0
2026-03-17T05:30:00Z,0,19.9,0
2026-03-17T05:45:00Z,0,19.9,0
2026-03-17T06:00:00Z,0,19.5,0
2026-03-17T06:15:00Z,0,19.2,0
2026-03-17T06:30:00Z,0,18.8,0
2026-03-17T06:45:00Z,2.373,18.7,0
2026-03-17T07:00:00Z,15.75,18.6,0
2026-03-17T07:15:00Z,22.62,18.8,0
2026-03-17T07:30:00Z,28.83,19.1,0
2026-03-17T07:45:00Z,65.39,19.5,0
2026-03-17T08:00:00Z,123.5,19.99,0
2026-03-17T08:15:00Z,171,20.69,0
2026-03-17T08:30:00Z,195.3,21.29,0
2026-03-17T08:45:00Z,288,22.29,0
2026-03-17T09:00:00Z,440.7,23.39,0
2026-03-17T09:15:00Z,467.4,24.19,0
2026-03-17T09:30:00Z,456.3,24,0
2026-03-17T09:45:00Z,501.4,24.79,0
2026-03-17T10:00:00Z,578,25.2,0
2026-03-17T10:15:00Z,656.3,25.6,0
2026-03-17T10:30:00Z,700,25.5,0
2026-03-17T10:45:00Z,583.3,25.1,0
2026-03-17T11:00:00Z,808,25.3,0
2026-03-17T11:15:00Z,894,25.3,0
2026-03-17T11:30:00Z,1026,26.3,0
2026-03-17T11:45:00Z,959,25.71,0
2026-03-17T12:00:00Z,941,25.8,0
2026-03-17T12:15:00Z,964,25.9,0
2026-03-17T12:30:00Z,1002,25.9,0
2026-03-17T12:45:00Z,980,26.39,0
2026-03-17T13:00:00Z,877,25.91,0
2026-03-17T13:15:00Z,764.5,26,0
2026-03-17T13:30:00Z,900,26.2,0
2026-03-17T13:45:00Z,954,26.3,0
2026-03-17T14:00:00Z,986,26.3,0
2026-03-17T14:15:00Z,520.3,25.71,0
2026-03-17T14:30:00Z,257.9,24.61,0
2026-03-17T14:45:00Z,252.7,24.2,0
2026-03-17T15:00:00Z,357.7,24.4,0
2026-03-17T15:15:00Z,333.3,24.5,0
2026-03-17T15:30:00Z,221.6,24.5,0
2026-03-17T15:45:00Z,214.1,24.6,0
2026-03-17T16:00:00Z,190.7,24.6,0
2026-03-17T16:15:00Z,168.8,24.4,0
2026-03-17T16:30:00Z,289.7,24.7,0
2026-03-17T16:45:00Z,344.6,24.8,0
2026-03-17T17:00:00Z,252.8,25.1,0
2026-03-17T17:15:00Z,240.1,24.9,0
2026-03-17T17:30:00Z,197.7,24.21,0
2026-03-17T17:45:00Z,139.7,23.71,0
2026-03-17T18:00:00Z,42.29,23.21,0
2026-03-17T18:15:00Z,21.03,22.71,0
2026-03-17T18:30:00Z,8.54,22.21,0
2026-03-17T18:45:00Z,0.093,21.8,0
2026-03-17T19:00:00Z,0,21.5,0
2026-03-17T19:15:00Z,0,21.4,0
2026-03-17T19:30:00Z,0,21.2,0
2026-03-17T19:45:00Z,0,21,0
2026-03-17T20:00:00Z,0,21.2,0
2026-03-17T20:15:00Z,0,21.3,0
2026-03-17T20:30:00Z,0,21.5,0
2026-03-17T20:45:00Z,0,21.2,0
2026-03-17T21:00:00Z,0,21.1,0
2026-03-17T21:15:00Z,0,20.7,0
2026-03-17T21:30:00Z,0,20.6,0
2026-03-17T21:45:00Z,0,20.7,0
2026-03-17T22:00:00Z,0,20.6,0
2026-03-17T22:15:00Z,0,20.4,0
2026-03-17T22:30:00Z,0,20.3,0
2026-03-17T22:45:00Z,0,20.1,0
2026-03-17T23:00:00Z,0,19.9,0
2026-03-17T23:15:00Z,0,19.8,0
2026-03-17T23:30:00Z,0,19.7,0
2026-03-17T23:45:00Z,0,19.5,0
2026-03-18T00:00:00Z,0,19.5,0
2026-03-18T00:15:00Z,0,19.6,0
2026-03-18T00:30:00Z,0,19.8,0
2026-03-18T00:45:00Z,0,20.1,0
2026-03-18T01:00:00Z,0,20.1,0
2026-03-18T01:15:00Z,0,20.1,0
2026-03-18T01:30:00Z,0,20,0
2026-03-18T01:45:00Z,0,19.7,0
2026-03-18T02:00:00Z,0,19.6,0
2026-03-18T02:15:00Z,0,19.4,0
2026-03-18T02:30:00Z,0,19.1,0
2026-03-18T02:45:00Z,0,19.2,0
2026-03-18T03:00:00Z,0,19.4,0
2026-03-18T03:15:00Z,0,19.6,0
2026-03-18T03:30:00Z,0,19.4,0
2026-03-18T03:45:00Z,0,19.1,0
2026-03-18T04:00:00Z,0,18.9,0
2026-03-18T04:15:00Z,0,18.6,0
2026-03-18T04:30:00Z,0,18.4,0
2026-03-18T04:45:00Z,0,18.6,0
2026-03-18T05:00:00Z,0,18.6,0
2026-03-18T05:15:00Z,0,18.7,0
2026-03-18T05:30:00Z,0,19,0
2026-03-18T05:45:00Z,0,19.2,0
2026-03-18T06:00:00Z,0,19.4,0
2026-03-18T06:15:00Z,0,19.6,0
2026-03-18T06:30:00Z,0,19.7,0
2026-03-18T06:45:00Z,7.516,19.8,0
2026-03-18T07:00:00Z,36.77,19.8,0
2026-03-18T07:15:00Z,92.3,20,0
2026-03-18T07:30:00Z,146.5,20.59,0
2026-03-18T07:45:00Z,147.3,21.09,0
2026-03-18T08:00:00Z,254.1,21.79,0
2026-03-18T08:15:00Z,279.8,22.39,0
2026-03-18T08:30:00Z,209.4,22.8,0
2026-03-18T08:45:00Z,217,23,0
2026-03-18T09:00:00Z,244.8,23.2,0
2026-03-18T09:15:00Z,268.4,23.6,0
2026-03-18T09:30:00Z,191.3,23.8,0
2026-03-18T09:45:00Z,364,24.29,0
2026-03-18T10:00:00Z,389,24.7,0
2026-03-18T10:15:00Z,240.2,24.11,0
2026-03-18T10:30:00Z,144.4,23.8,0
2026-03-18T10:45:00Z,185.3,23.8,0
2026-03-18T11:00:00Z,85.7,23.4,0
2026-03-18T11:15:00Z,40.9,23,0
2026-03-18T11:30:00Z,41.98,22.11,0
2026-03-18T11:45:00Z,67.22,20.32,121
2026-03-18T12:00:00Z,185.5,20.3,1.36
2026-03-18T12:15:00Z,256.2,20.79,0
2026-03-18T12:30:00Z,255.1,21.29,0
2026-03-18T12:45:00Z,284.6,21.89,0
2026-03-18T13:00:00Z,421.8,22.39,0
2026-03-18T13:15:00Z,619.5,23.49,0
2026-03-18T13:30:00Z,941,25.08,0
2026-03-18T13:45:00Z,902,25.5,0
2026-03-18T14:00:00Z,650.7,25.4,0
2026-03-18T14:15:00Z,275.8,24.71,0
2026-03-18T14:30:00Z,209.8,24.6,0
2026-03-18T14:45:00Z,233.7,24.11,0
2026-03-18T15:00:00Z,146.2,22.91,0
2026-03-18T15:15:00Z,56.4,20.33,0
2026-03-18T15:30:00Z,99.2,20.3,0
2026-03-18T15:45:00Z,140,20.7,0
2026-03-18T16:00:00Z,150.3,21.1,0
2026-03-18T16:15:00Z,158.6,21.59,0
2026-03-18T16:30:00Z,218.4,22,0
2026-03-18T16:45:00Z,372,22.59,0
2026-03-18T17:00:00Z,373.6,23.79,0
2026-03-18T17:15:00Z,315.3,24.49,0
2026-03-18T17:30:00Z,149.5,24.6,0
2026-03-18T17:45:00Z,151.4,24.11,0
2026-03-18T18:00:00Z,94.2,23.7,0
2026-03-18T18:15:00Z,42.28,23.21,0
2026-03-18T18:30:00Z,14.6,22.8,0
2026-03-18T18:45:00Z,0.159,22.4,0
2026-03-18T19:00:00Z,0,22.1,0
2026-03-18T19:15:00Z,0,21.8,0
2026-03-18T19:30:00Z,0,21.6,0
2026-03-18T19:45:00Z,0,21.2,0
2026-03-18T20:00:00Z,0,21,0
2026-03-18T20:15:00Z,0,20.51,0
2026-03-18T20:30:00Z,0,20.1,0
2026-03-18T20:45:00Z,0,20,0
2026-03-18T21:00:00Z,0,19.6,0
2026-03-18T21:15:00Z,0,19.5,0
2026-03-18T21:30:00Z,0,19.8,0
2026-03-18T21:45:00Z,0,20,0
2026-03-18T22:00:00Z,0,19.7,0
2026-03-18T22:15:00Z,0,19.5,0
2026-03-18T22:30:00Z,0,19.2,0
2026-03-18T22:45:00Z,0,19.1,0
2026-03-18T23:00:00Z,0,19.1,0
2026-03-18T23:15:00Z,0,19.2,0
2026-03-18T23:30:00Z,0,19.3,0
2026-03-18T23:45:00Z,0,18.9,0
2026-03-19T00:00:00Z,0,18.6,0
2026-03-19T00:15:00Z,0,18.7,0
2026-03-19T00:30:00Z,0,18.4,0
2026-03-19T00:45:00Z,0,18.2,0
2026-03-19T01:00:00Z,0,18.2,0
2026-03-19T01:15:00Z,0,18.1,0
2026-03-19T01:30:00Z,0,18.2,0
2026-03-19T01:45:00Z,0,17.8,0
2026-03-19T02:00:00Z,0,17.9,0
2026-03-19T02:15:00Z,0,17.6,0
2026-03-19T02:30:00Z,0,17.6,0
2026-03-19T02:45:00Z,0,17.6,0
2026-03-19T03:00:00Z,0,17.4,0
2026-03-19T03:15:00Z,0,17.4,0
2026-03-19T03:30:00Z,0,17.89,30.26
2026-03-19T03:45:00Z,0,17.9,0.34
2026-03-19T04:00:00Z,0,17.9,0
2026-03-19T04:15:00Z,0,17.8,0
2026-03-19T04:30:00Z,0,17.9,0
2026-03-19T04:45:00Z,0,18.1,0
2026-03-19T05:00:00Z,0,18,0
2026-03-19T05:15:00Z,0,18.3,0
2026-03-19T05:30:00Z,0,18.3,0
2026-03-19T05:45:00Z,0,18.6,0
2026-03-19T06:00:00Z,0,18.7,0
2026-03-19T06:15:00Z,0,18.5,0
2026-03-19T06:30:00Z,0,18.4,0
2026-03-19T06:45:00Z,4.153,18.4,0
2026-03-19T07:00:00Z,19.63,18.4,0
2026-03-19T07:15:00Z,38.59,18.7,0
2026-03-19T07:30:00Z,90.9,19.1,0
2026-03-19T07:45:00Z,170.3,19.89,0
2026-03-19T08:00:00Z,202.3,20.89,0
2026-03-19T08:15:00Z,236.6,21.79,0
2026-03-19T08:30:00Z,287,22.39,0
2026-03-19T08:45:00Z,319.2,23.19,0
2026-03-19T09:00:00Z,355.4,23.89,0
2026-03-19T09:15:00Z,382.3,24.69,0
2026-03-19T09:30:00Z,364.1,24.8,0
2026-03-19T09:45:00Z,530.5,25.29,0
2026-03-19T10:00:00Z,350.5,25.1,0
2026-03-19T10:15:00Z,245.4,25,0
2026-03-19T10:30:00Z,266.2,24.9,0
2026-03-19T10:45:00Z,384,24.9,0
2026-03-19T11:00:00Z,652.3,25.39,0
2026-03-19T11:15:00Z,933,25.99,0
2026-03-19T11:30:00Z,882,26.2,0
2026-03-19T11:45:00Z,715.2,26.2,0
2026-03-19T12:00:00Z,758.6,26.2,0
2026-03-19T12:15:00Z,462.9,25.51,0
2026-03-19T12:30:00Z,200.1,24.91,0
2026-03-19T12:45:00Z,170.3,23.12,0
2026-03-19T13:00:00Z,151.4,22.9,0
2026-03-19T13:15:00Z,157.7,23,0
2026-03-19T13:30:00Z,105.2,19.74,30.26
2026-03-19T13:45:00Z,201.2,19.21,30.6
2026-03-19T14:00:00Z,146.4,19.6,0.34
2026-03-19T14:15:00Z,137.8,20.39,0
2026-03-19T14:30:00Z,153.4,21.09,0
2026-03-19T14:45:00Z,136,21.69,0
2026-03-19T15:00:00Z,122.5,22,0
2026-03-19T15:15:00Z,115.3,22.49,0
2026-03-19T15:30:00Z,115.1,22.5,0
2026-03-19T15:45:00Z,142.7,22.8,0
2026-03-19T16:00:00Z,175.9,23.1,0
2026-03-19T16:15:00Z,191,23.1,0
2026-03-19T16:30:00Z,207.7,23.4,0
2026-03-19T16:45:00Z,194.2,23.7,0
2026-03-19T17:00:00Z,156.8,23.8,0
2026-03-19T17:15:00Z,109.1,23.9,0
2026-03-19T17:30:00Z,70.03,23.41,0
2026-03-19T17:45:00Z,47.65,23.1,0
2026-03-19T18:00:00Z,33.95,22.8,0
2026-03-19T18:15:00Z,23.12,22.5,0
2026-03-19T18:30:00Z,13.61,22.4,0
2026-03-19T18:45:00Z,1.139,21.91,0
2026-03-19T19:00:00Z,0.011,21.31,0
2026-03-19T19:15:00Z,0,21,0
2026-03-19T19:30:00Z,0,20.6,0
2026-03-19T19:45:00Z,0,20.11,0
2026-03-19T20:00:00Z,0,20.2,0
2026-03-19T20:15:00Z,0,20,0
2026-03-19T20:30:00Z,0,19.7,0
2026-03-19T20:45:00Z,0,19.7,0
2026-03-19T21:00:00Z,0,19.7,0
2026-03-19T21:15:00Z,0,19.7,0
2026-03-19T21:30:00Z,0,19.4,0
2026-03-19T21:45:00Z,0,19.4,0
2026-03-19T22:00:00Z,0,19.5,0
2026-03-19T22:15:00Z,0,19.1,0
2026-03-19T22:30:00Z,0,19,0
2026-03-19T22:45:00Z,0,18.7,0
2026-03-19T23:00:00Z,0,18.7,0
2026-03-19T23:15:00Z,0,18.3,0
2026-03-19T23:30:00Z,0,18.3,0
2026-03-19T23:45:00Z,0,18.4,0
2026-03-20T00:00:00Z,0,18.2,0
2026-03-20T00:15:00Z,0,18.3,0
2026-03-20T00:30:00Z,0,18.4,0
2026-03-20T00:45:00Z,0,18.6,0
2026-03-20T01:00:00Z,0,18.4,0
2026-03-20T01:15:00Z,0,18.3,0
2026-03-20T01:30:00Z,0,18.3,0
2026-03-20T01:45:00Z,0,18.2,0
2026-03-20T02:00:00Z,0,17.8,0
2026-03-20T02:15:00Z,0,17.7,0
2026-03-20T02:30:00Z,0,17.7,0
2026-03-20T02:45:00Z,0,17.4,0
2026-03-20T03:00:00Z,0,17.4,0
2026-03-20T03:15:00Z,0,17.3,0
2026-03-20T03:30:00Z,0,17.4,0
2026-03-20T03:45:00Z,0,17.6,0
2026-03-20T04:00:00Z,0,17.9,0
2026-03-20T04:15:00Z,0,17.9,0
2026-03-20T04:30:00Z,0,17.8,0
2026-03-20T04:45:00Z,0,17.7,0
2026-03-20T05:00:00Z,0,17.4,0
2026-03-20T05:15:00Z,0,17.6,0
2026-03-20T05:30:00Z,0,17.3,0
2026-03-20T05:45:00Z,0,17.3,0
2026-03-20T06:00:00Z,0,17.5,0
2026-03-20T06:15:00Z,0,17.4,0
2026-03-20T06:30:00Z,0,17.7,0
2026-03-20T06:45:00Z,0.89,18.29,0
2026-03-20T07:00:00Z,12.37,18.2,0
2026-03-20T07:15:00Z,59.08,18.89,0
2026-03-20T07:30:00Z,115,19.89,0
2026-03-20T07:45:00Z,144.7,21.78,0
2026-03-20T08:00:00Z,164.7,22.2,0
2026-03-20T08:15:00Z,210.4,22.4,0
2026-03-20T08:30:00Z,237.8,22.5,0
2026-03-20T08:45:00Z,180.3,22.2,0
2026-03-20T09:00:00Z,247.1,22.5,0
2026-03-20T09:15:00Z,330.7,22.9,0
2026-03-20T09:30:00Z,392.8,23,0
2026-03-20T09:45:00Z,374.1,23.2,0
2026-03-20T10:00:00Z,358.5,23.2,0
2026-03-20T10:15:00Z,338.9,23.1,0
2026-03-20T10:30:00Z,380.6,23.1,0
2026-03-20T10:45:00Z,230,23.1,0
2026-03-20T11:00:00Z,518.6,23.69,0
2026-03-20T11:15:00Z,433.7,23.7,0
2026-03-20T11:30:00Z,686.8,24.19,0
2026-03-20T11:45:00Z,948,24.99,0
2026-03-20T12:00:00Z,547,24.6,0
2026-03-20T12:15:00Z,972,25.49,0
2026-03-20T12:30:00Z,801,25.5,0
2026-03-20T12:45:00Z,762.4,25.3,0
2026-03-20T13:00:00Z,641.7,25.1,0
2026-03-20T13:15:00Z,767.9,25.3,0
2026-03-20T13:30:00Z,700,25.5,0
2026-03-20T13:45:00Z,601.3,25.3,0
2026-03-20T14:00:00Z,454.4,22.04,0
2026-03-20T14:15:00Z,434.4,21.51,0
2026-03-20T14:30:00Z,666.5,22.98,0
2026-03-20T14:45:00Z,546.4,23.99,0
2026-03-20T15:00:00Z,682.8,24.79,0
2026-03-20T15:15:00Z,667.9,24.8,0
2026-03-20T15:30:00Z,255.3,23.32,0
2026-03-20T15:45:00Z,171.1,20.63,0
2026-03-20T16:00:00Z,116,20.11,0
2026-03-20T16:15:00Z,121.5,20.4,0
2026-03-20T16:30:00Z,65.93,20.6,0
2026-03-20T16:45:00Z,51.26,20.8,0
2026-03-20T17:00:00Z,41.21,21.1,0
2026-03-20T17:15:00Z,24.88,21.1,0
2026-03-20T17:30:00Z,27.86,20.61,0
2026-03-20T17:45:00Z,28.69,20.4,0
2026-03-20T18:00:00Z,19.6,20.4,0
2026-03-20T18:15:00Z,11.89,20.2,0
2026-03-20T18:30:00Z,2.406,20,0
2026-03-20T18:45:00Z,0.026,19.7,0
2026-03-20T19:00:00Z,0,19.5,0
2026-03-20T19:15:00Z,0,19.4,0
2026-03-20T19:30:00Z,0,19.2,0
2026-03-20T19:45:00Z,0,19.2,0
2026-03-20T20:00:00Z,0,19.1,0
2026-03-20T20:15:00Z,0,18.8,0
2026-03-20T20:30:00Z,0,18.7,0
2026-03-20T20:45:00Z,0,18.8,0
2026-03-20T21:00:00Z,0,18.9,0
2026-03-20T21:15:00Z,0,18.6,0
2026-03-20T21:30:00Z,0,18.5,0
2026-03-20T21:45:00Z,0,18.5,0
2026-03-20T22:00:00Z,0,18.5,0
2026-03-20T22:15:00Z,0,18.7,0
2026-03-20T22:30:00Z,0,18.7,0
2026-03-20T22:45:00Z,0,18.8,0
2026-03-20T23:00:00Z,0,18.8,0
2026-03-20T23:15:00Z,0,18.7,0
2026-03-20T23:30:00Z,0,18.8,0
2026-03-20T23:45:00Z,0,18.6,0
2026-03-21T00:00:00Z,0,18.5,0
2026-03-21T00:15:00Z,0,18.3,0
2026-03-21T00:30:00Z,0,18.2,0
2026-03-21T00:45:00Z,0,18.1,0
2026-03-21T01:00:00Z,0,18.59,0
2026-03-21T01:15:00Z,0,19.09,0
2026-03-21T01:30:00Z,0,19.1,0
2026-03-21T01:45:00Z,0,19.4,0
2026-03-21T02:00:00Z,0,19.1,0
2026-03-21T02:15:00Z,0,18.8,0
2026-03-21T02:30:00Z,0,19,0
2026-03-21T02:45:00Z,0,19.1,0
2026-03-21T03:00:00Z,0,19.1,0
2026-03-21T03:15:00Z,0,19.1,0
2026-03-21T03:30:00Z,0,19,0
2026-03-21T03:45:00Z,0,19,0
2026-03-21T04:00:00Z,0,19.1,0
2026-03-21T04:15:00Z,0,19.1,0
2026-03-21T04:30:00Z,0,19.2,0
2026-03-21T04:45:00Z,0,19.2,0
2026-03-21T05:00:00Z,0,19.2,0
2026-03-21T05:15:00Z,0,19.3,0
2026-03-21T05:30:00Z,0,19.2,0
2026-03-21T05:45:00Z,0,19.2,0
2026-03-21T06:00:00Z,0,19.2,0
2026-03-21T06:15:00Z,0,19.2,0
2026-03-21T06:30:00Z,0,19.3,0
2026-03-21T06:45:00Z,3.263,19.4,0
2026-03-21T07:00:00Z,22.39,19.5,0
2026-03-21T07:15:00Z,69.18,19.9,0
2026-03-21T07:30:00Z,68.91,20.69,0
2026-03-21T07:45:00Z,92.7,21.1,0
2026-03-21T08:00:00Z,113.3,21.5,0
2026-03-21T08:15:00Z,143.8,21.99,0
2026-03-21T08:30:00Z,163.3,22.2,0
2026-03-21T08:45:00Z,227.8,22.4,0
2026-03-21T09:00:00Z,361.9,22.6,0
2026-03-21T09:15:00Z,437.2,23.29,0
2026-03-21T09:30:00Z,449.4,23.79,0
2026-03-21T09:45:00Z,400.6,23.4,0
2026-03-21T10:00:00Z,384.7,23.3,0
2026-03-21T10:15:00Z,359.4,23.1,0
2026-03-21T10:30:00Z,381.3,23,0
2026-03-21T10:45:00Z,494.4,23.3,0
2026-03-21T11:00:00Z,1020,24.59,0
2026-03-21T11:15:00Z,659.6,24.4,0
2026-03-21T11:30:00Z,439.6,24,0
2026-03-21T11:45:00Z,385.4,23.7,0
2026-03-21T12:00:00Z,484.2,23.7,0
2026-03-21T12:15:00Z,599.7,24.19,0
2026-03-21T12:30:00Z,521.5,24.5,0
2026-03-21T12:45:00Z,839,25.19,0
2026-03-21T13:00:00Z,855,25.6,0
2026-03-21T13:15:00Z,826,25.6,0
2026-03-21T13:30:00Z,866,25.6,0
2026-03-21T13:45:00Z,932,26.09,0
2026-03-21T14:00:00Z,943,25.8,0
2026-03-21T14:15:00Z,542.2,24.91,0
2026-03-21T14:30:00Z,254.3,23.91,0
2026-03-21T14:45:00Z,45.41,21.92,60.52
2026-03-21T15:00:00Z,6.709,20.12,30.94
2026-03-21T15:15:00Z,17.47,19.61,151.6
2026-03-21T15:30:00Z,50.63,19.6,92.5
2026-03-21T15:45:00Z,77.7,19.9,31.28
2026-03-21T16:00:00Z,80.3,20.1,30.6
2026-03-21T16:15:00Z,83.3,20.3,0.34
2026-03-21T16:30:00Z,90.1,20.3,30.26
2026-03-21T16:45:00Z,82,20.3,30.6
2026-03-21T17:00:00Z,72.21,20.6,0.34
2026-03-21T17:15:00Z,62.71,20.6,0
2026-03-21T17:30:00Z,45.49,20.6,0
2026-03-21T17:45:00Z,29.87,20.6,0
2026-03-21T18:00:00Z,18.33,20.7,0
2026-03-21T18:15:00Z,6.927,20.6,0
2026-03-21T18:30:00Z,0.076,20.4,0
2026-03-21T18:45:00Z,0,20.2,0
2026-03-21T19:00:00Z,0,20.1,0
2026-03-21T19:15:00Z,0,20,0
2026-03-21T19:30:00Z,0,20.1,30.26
2026-03-21T19:45:00Z,0,20,0.34
2026-03-21T20:00:00Z,0,19.9,0
2026-03-21T20:15:00Z,0,20,0
2026-03-21T20:30:00Z,0,20,0
2026-03-21T20:45:00Z,0,19.9,0
2026-03-21T21:00:00Z,0,19.7,0
2026-03-21T21:15:00Z,0,19.9,0
2026-03-21T21:30:00Z,0,19.7,0
2026-03-21T21:45:00Z,0,19.5,0
2026-03-21T22:00:00Z,0,19.5,0
2026-03-21T22:15:00Z,0,19.5,0
2026-03-21T22:30:00Z,0,19.4,0
2026-03-21T22:45:00Z,0,19.5,0
2026-03-21T23:00:00Z,0,19.5,0
2026-03-21T23:15:00Z,0,19.4,0
2026-03-21T23:30:00Z,0,19.3,0
2026-03-21T23:45:00Z,0,19.3,0
2026-03-22T00:00:00Z,0,19.6,0
2026-03-22T00:15:00Z,0,19.5,0
2026-03-22T00:30:00Z,0,19.5,0
2026-03-22T00:45:00Z,0,19.4,0
2026-03-22T01:00:00Z,0,19.4,0
2026-03-22T01:15:00Z,0,19.2,0
2026-03-22T01:30:00Z,0,19.3,0
2026-03-22T01:45:00Z,0,19.4,0
2026-03-22T02:00:00Z,0,19.3,0
2026-03-22T02:15:00Z,0,19.3,0
2026-03-22T02:30:00Z,0,19.3,0
2026-03-22T02:45:00Z,0,19.4,0
2026-03-22T03:00:00Z,0,19.5,0
2026-03-22T03:15:00Z,0,19.3,0
2026-03-22T03:30:00Z,0,19.4,0
2026-03-22T03:45:00Z,0,19.4,0
2026-03-22T04:00:00Z,0,19.4,0
2026-03-22T04:15:00Z,0,19.3,0
2026-03-22T04:30:00Z,0,19.3,0
2026-03-22T04:45:00Z,0,19.4,0
2026-03-22T05:00:00Z,0,19.2,0
2026-03-22T05:15:00Z,0,18.9,0
2026-03-22T05:30:00Z,0,18.8,0
2026-03-22T05:45:00Z,0,19,0
2026-03-22T06:00:00Z,0,18.8,0
2026-03-22T06:15:00Z,0,18.9,0
2026-03-22T06:30:00Z,0,18.9,0
2026-03-22T06:45:00Z,0.89,18.7,0
2026-03-22T07:00:00Z,11.18,18.9,0
2026-03-22T07:15:00Z,23.66,19.1,0
2026-03-22T07:30:00Z,45.75,19.3,0
2026-03-22T07:45:00Z,67.66,19.5,0
2026-03-22T08:00:00Z,125.5,19.9,0
2026-03-22T08:15:00Z,193.8,20.59,0
2026-03-22T08:30:00Z,188.6,21,0
2026-03-22T08:45:00Z,215.5,21.59,0
2026-03-22T09:00:00Z,180.8,21.9,0
2026-03-22T09:15:00Z,197.4,21.8,0
2026-03-22T09:30:00Z,219.9,22.2,0
2026-03-22T09:45:00Z,262.1,22.5,0
2026-03-22T10:00:00Z,287.5,22.9,0
2026-03-22T10:15:00Z,324.5,23.3,0
2026-03-22T10:30:00Z,402.9,23.6,0
2026-03-22T10:45:00Z,568.1,24.09,0
2026-03-22T11:00:00Z,910,25.68,0
2026-03-22T11:15:00Z,633.8,25.4,0
2026-03-22T11:30:00Z,437.8,25.2,0
2026-03-22T11:45:00Z,599.3,25.4,0
2026-03-22T12:00:00Z,606.9,25.89,0
2026-03-22T12:15:00Z,296.9,25.11,0
2026-03-22T12:30:00Z,167.8,24.61,0
2026-03-22T12:45:00Z,368.4,24.6,0
2026-03-22T13:00:00Z,950,25.49,0
2026-03-22T13:15:00Z,1076,26.19,0
2026-03-22T13:30:00Z,521.8,26,0
2026-03-22T13:45:00Z,100.4,24.42,0
2026-03-22T14:00:00Z,128.6,23.21,0
2026-03-22T14:15:00Z,581.5,23.69,0
2026-03-22T14:30:00Z,610.3,24.79,0
2026-03-22T14:45:00Z,887,25.79,0
2026-03-22T15:00:00Z,220.4,24.71,30.26
2026-03-22T15:15:00Z,94.5,22.52,60.86
2026-03-22T15:30:00Z,62.74,21.91,0.68
2026-03-22T15:45:00Z,54.69,21.11,0
2026-03-22T16:00:00Z,53.02,20.41,30.26
2026-03-22T16:15:00Z,45.48,19.81,91.1
2026-03-22T16:30:00Z,50.05,19.6,394.4
2026-03-22T16:45:00Z,51.09,19.7,4.42
2026-03-22T17:00:00Z,68.21,19.5,30.26
2026-03-22T17:15:00Z,84.2,19.7,0.34
2026-03-22T17:30:00Z,187,19.9,0
2026-03-22T17:45:00Z,222.1,20.1,0
2026-03-22T18:00:00Z,79.7,20.3,0
2026-03-22T18:15:00Z,86.7,20.5,0
2026-03-22T18:30:00Z,17.28,20.6,0
2026-03-22T18:45:00Z,0.183,20.3,0
2026-03-22T19:00:00Z,0,20.2,0
2026-03-22T19:15:00Z,0,20,0
2026-03-22T19:30:00Z,0,19.8,0
2026-03-22T19:45:00Z,0,19.6,0
2026-03-22T20:00:00Z,0,19.4,0
2026-03-22T20:15:00Z,0,19.3,0
2026-03-22T20:30:00Z,0,19.2,0
2026-03-22T20:45:00Z,0,19.2,0
2026-03-22T21:00:00Z,0,19.1,0
2026-03-22T21:15:00Z,0,18.9,0
2026-03-22T21:30:00Z,0,18.8,0
2026-03-22T21:45:00Z,0,18.7,0
2026-03-22T22:00:00Z,0,18.6,0
2026-03-22T22:15:00Z,0,18.5,0
2026-03-22T22:30:00Z,0,18.3,0
2026-03-22T22:45:00Z,0,18.3,0
2026-03-22T23:00:00Z,0,18.2,0
2026-03-22T23:15:00Z,0,18.2,0
2026-03-22T23:30:00Z,0,18.2,0
2026-03-22T23:45:00Z,0,18.2,0
2026-03-23T00:00:00Z,0,18,0
2026-03-23T00:15:00Z,0,18,0
2026-03-23T00:30:00Z,0,17.9,0
2026-03-23T00:45:00Z,0,17.9,0
2026-03-23T01:00:00Z,0,17.9,0
2026-03-23T01:15:00Z,0,18,0
2026-03-23T01:30:00Z,0,18.1,0
2026-03-23T01:45:00Z,0,18.1,0
2026-03-23T02:00:00Z,0,17.9,0
2026-03-23T02:15:00Z,0,17.8,0
2026-03-23T02:30:00Z,0,17.8,0
2026-03-23T02:45:00Z,0,17.7,0
2026-03-23T03:00:00Z,0,17.8,0
2026-03-23T03:15:00Z,0,18,0
2026-03-23T03:30:00Z,0,17.8,0
2026-03-23T03:45:00Z,0,18,0
2026-03-23T04:00:00Z,0,17.8,0
2026-03-23T04:15:00Z,0,17.7,0
2026-03-23T04:30:00Z,0,17.7,0
2026-03-23T04:45:00Z,0,17.7,0
2026-03-23T05:00:00Z,0,17.6,0
2026-03-23T05:15:00Z,0,17.7,0
2026-03-23T05:30:00Z,0,17.9,0
2026-03-23T05:45:00Z,0,17.8,0
2026-03-23T06:00:00Z,0,17.9,0
2026-03-23T06:15:00Z,0,18,0
2026-03-23T06:30:00Z,0,17.7,0
2026-03-23T06:45:00Z,4.549,17.5,0
2026-03-23T07:00:00Z,13.4,18.09,0
2026-03-23T07:15:00Z,41.19,18.59,0
2026-03-23T07:30:00Z,105.7,19.69,0
2026-03-23T07:45:00Z,144.4,21.28,0
2026-03-23T08:00:00Z,184,21.89,0
2026-03-23T08:15:00Z,217.6,22.39,0
2026-03-23T08:30:00Z,248.3,22.99,0
2026-03-23T08:45:00Z,285.4,23.59,0
2026-03-23T09:00:00Z,263.6,23.9,0
2026-03-23T09:15:00Z,325,24.2,0
2026-03-23T09:30:00Z,256.4,24.2,0
2026-03-23T09:45:00Z,227.1,24.1,0
2026-03-23T10:00:00Z,280.1,24.1,0
2026-03-23T10:15:00Z,288.4,24.3,0
2026-03-23T10:30:00Z,710.9,25.78,0
2026-03-23T10:45:00Z,840,26.29,0
2026-03-23T11:00:00Z,556.1,26.1,0
2026-03-23T11:15:00Z,739.4,26.2,0
2026-03-23T11:30:00Z,947,26.99,0
2026-03-23T11:45:00Z,267.6,26.11,0
2026-03-23T12:00:00Z,729.6,26.4,0
2026-03-23T12:15:00Z,361,26.3,0
2026-03-23T12:30:00Z,177.6,25.51,0
2026-03-23T12:45:00Z,164.5,25.2,0
2026-03-23T13:00:00Z,316.6,25.1,0
2026-03-23T13:15:00Z,258.5,24.8,0
2026-03-23T13:30:00Z,544.1,25.1,0
2026-03-23T13:45:00Z,753.7,26.29,0
2026-03-23T14:00:00Z,1002,26.89,0
2026-03-23T14:15:00Z,871,27.39,0
2026-03-23T14:30:00Z,585.4,27.1,0
2026-03-23T14:45:00Z,786.3,27.69,0
2026-03-23T15:00:00Z,646.6,27.3,0
2026-03-23T15:15:00Z,680.9,27.6,0
2026-03-23T15:30:00Z,186,26.81,0
2026-03-23T15:45:00Z,18.12,22.55,0
2026-03-23T16:00:00Z,8.09,19.34,181.6
2026-03-23T16:15:00Z,13.14,17.42,516.5
2026-03-23T16:30:00Z,13.99,17.5,36.04
2026-03-23T16:45:00Z,16.27,17.99,0.34
2026-03-23T17:00:00Z,22.73,18.2,30.26
2026-03-23T17:15:00Z,19.24,18.6,0.34
2026-03-23T17:30:00Z,23.65,19.19,0
2026-03-23T17:45:00Z,20.73,19.2,0
2026-03-23T18:00:00Z,8.54,19.5,0
2026-03-23T18:15:00Z,1.082,19.7,0
2026-03-23T18:30:00Z,13.66,20,0
2026-03-23T18:45:00Z,0.153,19.9,0
2026-03-23T19:00:00Z,0,19.5,0
2026-03-23T19:15:00Z,0,19.5,0
2026-03-23T19:30:00Z,0,19.8,0
2026-03-23T19:45:00Z,0,20.49,0
2026-03-23T20:00:00Z,0,20.8,0
2026-03-23T20:15:00Z,0,20.7,0
2026-03-23T20:30:00Z,0,20.4,0
2026-03-23T20:45:00Z,0,20.6,0
2026-03-23T21:00:00Z,0,20.8,0
2026-03-23T21:15:00Z,0,20.5,0
2026-03-23T21:30:00Z,0,20.6,0
2026-03-23T21:45:00Z,0,20.7,0
2026-03-23T22:00:00Z,0,20.8,0
2026-03-23T22:15:00Z,0,20.9,0
2026-03-23T22:30:00Z,0,21,0
2026-03-23T22:45:00Z,0,20.9,0
2026-03-23T23:00:00Z,0,21.1,0
2026-03-23T23:15:00Z,0,21.2,0
2026-03-23T23:30:00Z,0,21.2,0
2026-03-23T23:45:00Z,0,21.2,0
2026-03-24T00:00:00Z,0,21.1,0
2026-03-24T00:15:00Z,0,21.1,0
2026-03-24T00:30:00Z,0,20.7,0
2026-03-24T00:45:00Z,0,20.6,0
2026-03-24T01:00:00Z,0,20.6,0
2026-03-24T01:15:00Z,0,20.5,0
2026-03-24T01:30:00Z,0,20.6,0
2026-03-24T01:45:00Z,0,19.31,90.8
2026-03-24T02:00:00Z,0,18.81,91.8
2026-03-24T02:15:00Z,0,18.8,91.8
2026-03-24T02:30:00Z,0,18.31,61.54
2026-03-24T02:45:00Z,0,18.7,30.94
2026-03-24T03:00:00Z,0,18.3,30.6
2026-03-24T03:15:00Z,0,18,30.6
2026-03-24T03:30:00Z,0,17.8,30.6
2026-03-24T03:45:00Z,0,17.6,60.86
2026-03-24T04:00:00Z,0,17.5,61.2
2026-03-24T04:15:00Z,0,17.3,30.94
2026-03-24T04:30:00Z,0,17.3,30.6
2026-03-24T04:45:00Z,0,17.3,30.6
2026-03-24T05:00:00Z,0,17.5,0.34
2026-03-24T05:15:00Z,0,17.5,0
2026-03-24T05:30:00Z,0,17.7,0
2026-03-24T05:45:00Z,0,17.7,0
2026-03-24T06:00:00Z,0,17.7,0
2026-03-24T06:15:00Z,0,17.7,0
2026-03-24T06:30:00Z,0,17.7,30.26
2026-03-24T06:45:00Z,0,17.7,0.34
2026-03-24T07:00:00Z,6.823,17.7,0
2026-03-24T07:15:00Z,16.59,18,0
2026-03-24T07:30:00Z,22.34,18.2,30.26
2026-03-24T07:45:00Z,28.93,18.3,0.34
2026-03-24T08:00:00Z,47.29,18.3,0
2026-03-24T08:15:00Z,66.78,18.3,0
2026-03-24T08:30:00Z,80.6,18.4,0
2026-03-24T08:45:00Z,147.2,18.5,0
2026-03-24T09:00:00Z,386,19.29,30.26
2026-03-24T09:15:00Z,371.7,20.19,0.34
2026-03-24T09:30:00Z,344.7,20.4,0
2026-03-24T09:45:00Z,531.9,21.88,0
2026-03-24T10:00:00Z,557.5,21.9,0
2026-03-24T10:15:00Z,375,21.21,0
2026-03-24T10:30:00Z,399.5,21.4,0
2026-03-24T10:45:00Z,414.7,21.6,0
2026-03-24T11:00:00Z,532.1,22.29,0
2026-03-24T11:15:00Z,593.9,23.09,0
2026-03-24T11:30:00Z,557.8,23.5,0
2026-03-24T11:45:00Z,575.9,24.09,0
2026-03-24T12:00:00Z,537.9,24.3,0
2026-03-24T12:15:00Z,558,24,0
2026-03-24T12:30:00Z,405.5,23.9,0
2026-03-24T12:45:00Z,500.1,24,0
2026-03-24T13:00:00Z,349.8,23.41,0
2026-03-24T13:15:00Z,339.8,23.3,0
2026-03-24T13:30:00Z,490,23.5,0
2026-03-24T13:45:00Z,592.2,23.7,0
2026-03-24T14:00:00Z,542.8,24,0
2026-03-24T14:15:00Z,413.9,23.6,0
2026-03-24T14:30:00Z,752.4,23.8,0
2026-03-24T14:45:00Z,727.4,24,0
2026-03-24T15:00:00Z,561.8,24.1,0
2026-03-24T15:15:00Z,588.8,24.1,0
2026-03-24T15:30:00Z,634.5,24.1,0
2026-03-24T15:45:00Z,631.8,24.3,0
2026-03-24T16:00:00Z,407.4,24,0
2026-03-24T16:15:00Z,316.9,23.6,0
2026-03-24T16:30:00Z,374.8,23.3,0
2026-03-24T16:45:00Z,257.2,23.2,0
2026-03-24T17:00:00Z,183,22.8,0
2026-03-24T17:15:00Z,163.7,22.6,0
2026-03-24T17:30:00Z,134.3,22.6,0
2026-03-24T17:45:00Z,92.9,22.5,0
2026-03-24T18:00:00Z,52.94,22.2,0
2026-03-24T18:15:00Z,26.79,22,0
2026-03-24T18:30:00Z,6.623,21.8,0
2026-03-24T18:45:00Z,0.071,21.6,0
2026-03-24T19:00:00Z,0,21.2,0
2026-03-24T19:15:00Z,0,21.2,0
2026-03-24T19:30:00Z,0,21,0
2026-03-24T19:45:00Z,0,21.2,0
2026-03-24T20:00:00Z,0,21.1,0
2026-03-24T20:15:00Z,0,21,0
2026-03-24T20:30:00Z,0,20.9,0
2026-03-24T20:45:00Z,0,20.9,0
2026-03-24T21:00:00Z,0,20.9,0
2026-03-24T21:15:00Z,0,20.7,0
2026-03-24T21:30:00Z,0,20.8,0
2026-03-24T21:45:00Z,0,20.5,0
2026-03-24T22:00:00Z,0,20.7,0
2026-03-24T22:15:00Z,0,20.9,0
2026-03-24T22:30:00Z,0,21,0
2026-03-24T22:45:00Z,0,21,0
2026-03-24T23:00:00Z,0,21,0
2026-03-24T23:15:00Z,0,20.9,0
2026-03-24T23:30:00Z,0,20.7,0
2026-03-24T23:45:00Z,0,19.61,0
2026-03-25T00:00:00Z,0,19.11,0
2026-03-25T00:15:00Z,0,18.9,30.26
2026-03-25T00:30:00Z,0,19,30.6
2026-03-25T00:45:00Z,0,19.2,0.34
2026-03-25T01:00:00Z,0,19.3,0
2026-03-25T01:15:00Z,0,19.7,0
2026-03-25T01:30:00Z,0,19.8,0
2026-03-25T01:45:00Z,0,19.8,0
2026-03-25T02:00:00Z,0,19.9,0
2026-03-25T02:15:00Z,0,19.9,0
2026-03-25T02:30:00Z,0,19.9,0
2026-03-25T02:45:00Z,0,19.9,0
2026-03-25T03:00:00Z,0,19.9,0
2026-03-25T03:15:00Z,0,19.8,0
2026-03-25T03:30:00Z,0,19.8,0
2026-03-25T03:45:00Z,0,18.22,938
2026-03-25T04:00:00Z,0,18.2,313.1
2026-03-25T04:15:00Z,0,18.3,33.66
2026-03-25T04:30:00Z,0,18.3,0.34
2026-03-25T04:45:00Z,0,18.5,0
2026-03-25T05:00:00Z,0,18.9,0
2026-03-25T05:15:00Z,0,19,0
2026-03-25T05:30:00Z,0,19,0
2026-03-25T05:45:00Z,0,19,0
2026-03-25T06:00:00Z,0,18.6,0
2026-03-25T06:15:00Z,0,18.6,0
2026-03-25T06:30:00Z,0,18.6,1.513
2026-03-25T06:45:00Z,0,18.7,0.017
2026-03-25T07:00:00Z,0,18.8,4.539
2026-03-25T07:15:00Z,0,17.81,175.6
2026-03-25T07:30:00Z,0,17.21,123
2026-03-25T07:45:00Z,0,17.4,61.88
2026-03-25T08:00:00Z,0,17.2,244.3
2026-03-25T08:15:00Z,0,17.2,485.4
2026-03-25T08:30:00Z,0,17,459.3
2026-03-25T08:45:00Z,0,16.9,1216
2026-03-25T09:00:00Z,0,16.8,891
2026-03-25T09:15:00Z,0,16.9,494
2026-03-25T09:30:00Z,0.099,17,277.8
2026-03-25T09:45:00Z,8.7,17,245.1
2026-03-25T10:00:00Z,18,17.1,93.5
2026-03-25T10:15:00Z,40.65,17.1,31.28
2026-03-25T10:30:00Z,59.19,17,0.34
2026-03-25T10:45:00Z,89.1,17.4,0
2026-03-25T11:00:00Z,86.5,17.5,30.26
2026-03-25T11:15:00Z,62.57,17.8,0.34
2026-03-25T11:30:00Z,70.41,17.9,0
2026-03-25T11:45:00Z,61.9,17.8,30.26
2026-03-25T12:00:00Z,64.96,17.7,60.86
2026-03-25T12:15:00Z,63.71,17.7,30.94
2026-03-25T12:30:00Z,75.96,17.8,60.86
2026-03-25T12:45:00Z,107,17.7,30.94
2026-03-25T13:00:00Z,135.9,17.9,30.6
2026-03-25T13:15:00Z,147.6,18.2,0.34
2026-03-25T13:30:00Z,161.6,18.5,30.26
2026-03-25T13:45:00Z,140.9,18.8,0.34
2026-03-25T14:00:00Z,156.3,18.8,0
2026-03-25T14:15:00Z,184.7,19,0
2026-03-25T14:30:00Z,189.5,19.69,0
2026-03-25T14:45:00Z,181.6,20.39,0
2026-03-25T15:00:00Z,159.4,20.7,0
2026-03-25T15:15:00Z,124.3,19.61,0
2026-03-25T15:30:00Z,93.5,18.41,0
2026-03-25T15:45:00Z,88,18.2,0
2026-03-25T16:00:00Z,94.2,18.4,0
2026-03-25T16:15:00Z,98.3,18.7,0
2026-03-25T16:30:00Z,103.1,19,0
2026-03-25T16:45:00Z,114.5,19.3,0
2026-03-25T17:00:00Z,114.9,19.5,0
2026-03-25T17:15:00Z,106.4,19.4,0
2026-03-25T17:30:00Z,113.8,19.5,0
2026-03-25T17:45:00Z,164.8,19.7,0
2026-03-25T18:00:00Z,125.9,20,0
2026-03-25T18:15:00Z,54,20,0
2026-03-25T18:30:00Z,9.1,19.6,0
2026-03-25T18:45:00Z,0.096,19.11,0
2026-03-25T19:00:00Z,0,18.7,0
2026-03-25T19:15:00Z,0,18.6,0
2026-03-25T19:30:00Z,0,18.4,0
2026-03-25T19:45:00Z,0,18.2,0
2026-03-25T20:00:00Z,0,17.9,0
2026-03-25T20:15:00Z,0,18.1,0
2026-03-25T20:30:00Z,0,17.8,0
2026-03-25T20:45:00Z,0,17.5,0
2026-03-25T21:00:00Z,0,17.3,0
2026-03-25T21:15:00Z,0,17.2,0
2026-03-25T21:30:00Z,0,17.3,0
2026-03-25T21:45:00Z,0,17.4,0
2026-03-25T22:00:00Z,0,17.8,0
2026-03-25T22:15:00Z,0,17.8,0
2026-03-25T22:30:00Z,0,17.9,0
2026-03-25T22:45:00Z,0,17.9,0
2026-03-25T23:00:00Z,0,17.9,0
2026-03-25T23:15:00Z,0,18.1,0
2026-03-25T23:30:00Z,0,18,0
2026-03-25T23:45:00Z,0,17.9,0
2026-03-26T00:00:00Z,0,17.7,0
2026-03-26T00:15:00Z,0,17.7,0
2026-03-26T00:30:00Z,0,17.3,0
2026-03-26T00:45:00Z,0,17.1,0
2026-03-26T01:00:00Z,0,16.8,0
2026-03-26T01:15:00Z,0,17.29,0
2026-03-26T01:30:00Z,0,16.9,0
2026-03-26T01:45:00Z,0,17.39,0
2026-03-26T02:00:00Z,0,17.5,0
2026-03-26T02:15:00Z,0,17.6,0
2026-03-26T02:30:00Z,0,17.7,0
2026-03-26T02:45:00Z,0,17.6,0
2026-03-26T03:00:00Z,0,17.2,0
2026-03-26T03:15:00Z,0,16.9,0
2026-03-26T03:30:00Z,0,17,0
2026-03-26T03:45:00Z,0,17.49,0
2026-03-26T04:00:00Z,0,17.5,0
2026-03-26T04:15:00Z,0,17.7,0
2026-03-26T04:30:00Z,0,17.8,0
2026-03-26T04:45:00Z,0,17.7,0
2026-03-26T05:00:00Z,0,17.21,0
2026-03-26T05:15:00Z,0,17,0
2026-03-26T05:30:00Z,0,16.8,0
2026-03-26T05:45:00Z,0,16.8,0
2026-03-26T06:00:00Z,0,16.21,0
2026-03-26T06:15:00Z,0,16.3,0
2026-03-26T06:30:00Z,0,16.79,0
2026-03-26T06:45:00Z,5.637,16.7,0
2026-03-26T07:00:00Z,17.37,17.1,0
2026-03-26T07:15:00Z,30.45,17.99,0
2026-03-26T07:30:00Z,48.6,18.49,0
2026-03-26T07:45:00Z,82,18.99,0
2026-03-26T08:00:00Z,99.6,19.3,0
2026-03-26T08:15:00Z,95.7,19.6,0
2026-03-26T08:30:00Z,141.1,20,0
2026-03-26T08:45:00Z,201.1,20.4,0
2026-03-26T09:00:00Z,291,20.89,0
2026-03-26T09:15:00Z,390.3,21.59,0
2026-03-26T09:30:00Z,510.1,22.19,0
2026-03-26T09:45:00Z,380,22.1,0
2026-03-26T10:00:00Z,391,22.1,0
2026-03-26T10:15:00Z,395.8,22.1,0
2026-03-26T10:30:00Z,533.6,22.3,0
2026-03-26T10:45:00Z,767.7,23.49,0
2026-03-26T11:00:00Z,683.3,23.9,0
2026-03-26T11:15:00Z,873,24.49,0
2026-03-26T11:30:00Z,836,24.6,0
2026-03-26T11:45:00Z,776.2,24.8,0
2026-03-26T12:00:00Z,748.3,25,0
2026-03-26T12:15:00Z,343.4,24.51,0
2026-03-26T12:30:00Z,205.2,23.81,0
2026-03-26T12:45:00Z,133.4,22.81,0
2026-03-26T13:00:00Z,684,22.5,0
2026-03-26T13:15:00Z,516.2,23.09,0
2026-03-26T13:30:00Z,529.9,23.1,0
2026-03-26T13:45:00Z,293.9,22.8,0
2026-03-26T14:00:00Z,211,22.21,0
2026-03-26T14:15:00Z,217.7,22.6,0
2026-03-26T14:30:00Z,193.8,21.31,60.52
2026-03-26T14:45:00Z,194.8,20.01,242.8
2026-03-26T15:00:00Z,181.5,19.6,244.8
2026-03-26T15:15:00Z,151.8,20.29,2.72
2026-03-26T15:30:00Z,209.7,20.3,0
2026-03-26T15:45:00Z,203.1,20.79,0
2026-03-26T16:00:00Z,133,20.8,0
2026-03-26T16:15:00Z,73.16,21,0
2026-03-26T16:30:00Z,37.79,21.1,0
2026-03-26T16:45:00Z,35.22,20.9,0
2026-03-26T17:00:00Z,27.19,20.8,0
2026-03-26T17:15:00Z,20.38,20.6,0
2026-03-26T17:30:00Z,15.36,20.5,0
2026-03-26T17:45:00Z,13.52,20.7,0
2026-03-26T18:00:00Z,10.83,20.9,0
2026-03-26T18:15:00Z,7.932,20.6,0
2026-03-26T18:30:00Z,0.483,20.6,0
2026-03-26T18:45:00Z,0.004,20.6,0
2026-03-26T19:00:00Z,0,20.6,0
2026-03-26T19:15:00Z,0,20.6,0
2026-03-26T19:30:00Z,0,20.5,0
2026-03-26T19:45:00Z,0,20.6,0
2026-03-26T20:00:00Z,0,20.6,0
2026-03-26T20:15:00Z,0,20.5,0
2026-03-26T20:30:00Z,0,20.3,0
2026-03-26T20:45:00Z,0,20.3,0
2026-03-26T21:00:00Z,0,20.2,0
2026-03-26T21:15:00Z,0,20.1,0
2026-03-26T21:30:00Z,0,20,0
2026-03-26T21:45:00Z,0,19.8,0
2026-03-26T22:00:00Z,0,19.8,0
2026-03-26T22:15:00Z,0,20,0
2026-03-26T22:30:00Z,0,20.2,0
2026-03-26T22:45:00Z,0,20.3,0
2026-03-26T23:00:00Z,0,20.2,0
2026-03-26T23:15:00Z,0,20.2,0
2026-03-26T23:30:00Z,0,20.1,0
2026-03-26T23:45:00Z,0,20,0
2026-03-27T00:00:00Z,0,20.1,0
2026-03-27T00:15:00Z,0,20.2,0
2026-03-27T00:30:00Z,0,20.2,0
2026-03-27T00:45:00Z,0,20.4,0
2026-03-27T01:00:00Z,0,20.5,0
2026-03-27T01:15:00Z,0,20.4,0
2026-03-27T01:30:00Z,0,20.4,0
2026-03-27T01:45:00Z,0,20.4,0
2026-03-27T02:00:00Z,0,20.4,0
2026-03-27T02:15:00Z,0,20.4,0
2026-03-27T02:30:00Z,0,20.3,0
2026-03-27T02:45:00Z,0,20.3,0
2026-03-27T03:00:00Z,0,20.3,0
2026-03-27T03:15:00Z,0,20.2,0
2026-03-27T03:30:00Z,0,20.1,0
2026-03-27T03:45:00Z,0,20,0
2026-03-27T04:00:00Z,0,20,0
2026-03-27T04:15:00Z,0,20.2,0
2026-03-27T04:30:00Z,0,20.3,0
2026-03-27T04:45:00Z,0,20.3,0
2026-03-27T05:00:00Z,0,20.2,0
2026-03-27T05:15:00Z,0,20.2,0
2026-03-27T05:30:00Z,0,20.2,0
2026-03-27T05:45:00Z,0,20.1,0
2026-03-27T06:00:00Z,0,20.1,0
2026-03-27T06:15:00Z,0,20.1,0
2026-03-27T06:30:00Z,0.198,20.2,0
2026-03-27T06:45:00Z,9.69,20.3,0
2026-03-27T07:00:00Z,26.12,20.3,0
2026-03-27T07:15:00Z,65.06,20.3,0
2026-03-27T07:30:00Z,119.9,20.6,0
2026-03-27T07:45:00Z,180.6,21.19,0
2026-03-27T08:00:00Z,209.7,21.3,0
2026-03-27T08:15:00Z,211.1,21.6,0
2026-03-27T08:30:00Z,208.3,21.7,0
2026-03-27T08:45:00Z,270.6,22.1,0
2026-03-27T09:00:00Z,347.7,22.3,0
2026-03-27T09:15:00Z,378.4,22.5,0
2026-03-27T09:30:00Z,593.4,23.29,0
2026-03-27T09:45:00Z,524.7,23,0
2026-03-27T10:00:00Z,692.9,23.4,0
2026-03-27T10:15:00Z,741.2,23.99,0
2026-03-27T10:30:00Z,803,24,0
2026-03-27T10:45:00Z,799.6,24.59,0
2026-03-27T11:00:00Z,850,24.6,0
2026-03-27T11:15:00Z,751.4,24.4,0
2026-03-27T11:30:00Z,664,24.2,0
2026-03-27T11:45:00Z,629,24.2,0
2026-03-27T12:00:00Z,384.5,23.9,0
2026-03-27T12:15:00Z,534.6,24,0
2026-03-27T12:30:00Z,678.6,24.4,0
2026-03-27T12:45:00Z,345.1,24.2,0
2026-03-27T13:00:00Z,284.8,24,0
2026-03-27T13:15:00Z,357.8,24,0
2026-03-27T13:30:00Z,396.5,24.1,0
2026-03-27T13:45:00Z,466.2,24.3,0
2026-03-27T14:00:00Z,578.5,24.6,0
2026-03-27T14:15:00Z,532.9,24.6,0
2026-03-27T14:30:00Z,333.1,24.4,0
2026-03-27T14:45:00Z,315.2,24.1,0
2026-03-27T15:00:00Z,693.5,24.89,0
2026-03-27T15:15:00Z,581.7,24.9,0
2026-03-27T15:30:00Z,435,24.6,0
2026-03-27T15:45:00Z,516.2,24.9,0
2026-03-27T16:00:00Z,419.5,25.2,0
2026-03-27T16:15:00Z,254.9,25,0
2026-03-27T16:30:00Z,248.9,24.8,0
2026-03-27T16:45:00Z,390.9,25.1,0
2026-03-27T17:00:00Z,254.8,25.2,0
2026-03-27T17:15:00Z,355.6,25.3,0
2026-03-27T17:30:00Z,306.5,25.1,0
2026-03-27T17:45:00Z,233.6,24.9,0
2026-03-27T18:00:00Z,142.9,24.11,0
2026-03-27T18:15:00Z,73.27,23.51,0
2026-03-27T18:30:00Z,19.1,23.01,0
2026-03-27T18:45:00Z,0.206,22.31,0
2026-03-27T19:00:00Z,0,22.2,0
2026-03-27T19:15:00Z,0,22,0
2026-03-27T19:30:00Z,0,21.51,0
2026-03-27T19:45:00Z,0,21.3,0
2026-03-27T20:00:00Z,0,20.9,0
2026-03-27T20:15:00Z,0,20.6,0
2026-03-27T20:30:00Z,0,20.7,0
2026-03-27T20:45:00Z,0,20.8,0
2026-03-27T21:00:00Z,0,20.7,0
2026-03-27T21:15:00Z,0,20.9,0
2026-03-27T21:30:00Z,0,21,0
2026-03-27T21:45:00Z,0,21,0
2026-03-27T22:00:00Z,0,20.9,0
2026-03-27T22:15:00Z,0,21,0
2026-03-27T22:30:00Z,0,20.7,0
2026-03-27T22:45:00Z,0,19.91,0
2026-03-27T23:00:00Z,0,20.39,0
2026-03-27T23:15:00Z,0,20.5,0
2026-03-27T23:30:00Z,0,20.4,0
2026-03-27T23:45:00Z,0,20.5,0
2026-03-28T00:00:00Z,0,20.2,0
2026-03-28T00:15:00Z,0,19.9,0
2026-03-28T00:30:00Z,0,19.7,0
2026-03-28T00:45:00Z,0,19.4,0
2026-03-28T01:00:00Z,0,19.3,0
2026-03-28T01:15:00Z,0,19.3,0
2026-03-28T01:30:00Z,0,19.3,0
2026-03-28T01:45:00Z,0,18.9,0
2026-03-28T02:00:00Z,0,18.6,0
2026-03-28T02:15:00Z,0,18.5,0
2026-03-28T02:30:00Z,0,18.6,0
2026-03-28T02:45:00Z,0,18.6,0
2026-03-28T03:00:00Z,0,18.7,0
2026-03-28T03:15:00Z,0,18.7,0
2026-03-28T03:30:00Z,0,18.7,0
2026-03-28T03:45:00Z,0,18.4,0
2026-03-28T04:00:00Z,0,18.6,0
2026-03-28T04:15:00Z,0,18.8,0
2026-03-28T04:30:00Z,0,18.8,0
2026-03-28T04:45:00Z,0,18.7,0
2026-03-28T05:00:00Z,0,18.6,0
2026-03-28T05:15:00Z,0,18.5,0
2026-03-28T05:30:00Z,0,18.7,0
2026-03-28T05:45:00Z,0,18.9,0
2026-03-28T06:00:00Z,0,19,0
2026-03-28T06:15:00Z,0,19,0
2026-03-28T06:30:00Z,0,18.9,0
2026-03-28T06:45:00Z,0.396,19.1,0
2026-03-28T07:00:00Z,10.49,19.3,0
2026-03-28T07:15:00Z,23.95,19.4,0
2026-03-28T07:30:00Z,32.51,19.4,0
2026-03-28T07:45:00Z,46.94,19.4,0
2026-03-28T08:00:00Z,63.52,19.4,0
2026-03-28T08:15:00Z,103,19.5,0
2026-03-28T08:30:00Z,111.7,19.7,0
2026-03-28T08:45:00Z,120.9,19.9,0
2026-03-28T09:00:00Z,142.8,20.2,0
2026-03-28T09:15:00Z,169.3,20.4,0
2026-03-28T09:30:00Z,291.5,20.89,0
2026-03-28T09:45:00Z,398.7,21.69,0
2026-03-28T10:00:00Z,410.1,22,0
2026-03-28T10:15:00Z,544.9,22.69,0
2026-03-28T10:30:00Z,545.1,22.9,0
2026-03-28T10:45:00Z,357.5,22.5,0
2026-03-28T11:00:00Z,391,22.8,0
2026-03-28T11:15:00Z,511.1,23,0
2026-03-28T11:30:00Z,939,24.29,0
2026-03-28T11:45:00Z,937,24.5,0
2026-03-28T12:00:00Z,965,24.8,0
2026-03-28T12:15:00Z,845,24.4,0
2026-03-28T12:30:00Z,876,24.8,0
2026-03-28T12:45:00Z,685.1,24.5,0
2026-03-28T13:00:00Z,872,24.6,0
2026-03-28T13:15:00Z,992,24.7,0
2026-03-28T13:30:00Z,873,24.8,0
2026-03-28T13:45:00Z,922,25.29,0
2026-03-28T14:00:00Z,913,25.3,0
2026-03-28T14:15:00Z,901,25.79,0
2026-03-28T14:30:00Z,729.5,25.6,0
2026-03-28T14:45:00Z,666.9,25.5,0
2026-03-28T15:00:00Z,778.8,25.5,0
2026-03-28T15:15:00Z,731.1,25.9,0
2026-03-28T15:30:00Z,780.7,26.2,0
2026-03-28T15:45:00Z,693.3,26.2,0
2026-03-28T16:00:00Z,626,26.1,0
2026-03-28T16:15:00Z,535.5,26,0
2026-03-28T16:30:00Z,526.6,26.2,0
2026-03-28T16:45:00Z,360.3,25.8,0
2026-03-28T17:00:00Z,381.5,25.7,0
2026-03-28T17:15:00Z,356.5,25.6,0
2026-03-28T17:30:00Z,186.9,24.81,0
2026-03-28T17:45:00Z,107.4,24.21,0
2026-03-28T18:00:00Z,157.5,24.5,0
2026-03-28T18:15:00Z,68.01,23.81,0
2026-03-28T18:30:00Z,13.9,23.21,0
2026-03-28T18:45:00Z,0.148,22.21,0
2026-03-28T19:00:00Z,0,21.9,0
2026-03-28T19:15:00Z,0,21.01,0
2026-03-28T19:30:00Z,0,20.6,0
2026-03-28T19:45:00Z,0,20.2,0
2026-03-28T20:00:00Z,0,20,0
2026-03-28T20:15:00Z,0,20,0
2026-03-28T20:30:00Z,0,20.1,0
2026-03-28T20:45:00Z,0,20.3,0
2026-03-28T21:00:00Z,0,20.7,0
2026-03-28T21:15:00Z,0,21,0
2026-03-28T21:30:00Z,0,20.9,0
2026-03-28T21:45:00Z,0,20.6,0
2026-03-28T22:00:00Z,0,20.8,0
2026-03-28T22:15:00Z,0,20.6,0
2026-03-28T22:30:00Z,0,20.5,0
2026-03-28T22:45:00Z,0,20.7,0
2026-03-28T23:00:00Z,0,20.7,0
2026-03-28T23:15:00Z,0,20.7,0
2026-03-28T23:30:00Z,0,20.6,0
2026-03-28T23:45:00Z,0,20.2,0
2026-03-29T00:00:00Z,0,19.9,0
2026-03-29T00:15:00Z,0,19.8,0
2026-03-29T00:30:00Z,0,20,0
2026-03-29T00:45:00Z,0,19.9,0
2026-03-29T01:00:00Z,0,20.1,0
2026-03-29T01:15:00Z,0,19.9,0
2026-03-29T01:30:00Z,0,19.8,0
2026-03-29T01:45:00Z,0,19.8,0
2026-03-29T02:00:00Z,0,19.9,0
2026-03-29T02:15:00Z,0,19.9,0
2026-03-29T02:30:00Z,0,19.8,0
2026-03-29T02:45:00Z,0,19.8,0
2026-03-29T03:00:00Z,0,19.7,0
2026-03-29T03:15:00Z,0,19.8,0
2026-03-29T03:30:00Z,0,19.7,0
2026-03-29T03:45:00Z,0,19.6,0
2026-03-29T04:00:00Z,0,19.8,0
2026-03-29T04:15:00Z,0,19.8,0
2026-03-29T04:30:00Z,0,19.9,0
2026-03-29T04:45:00Z,0,19.8,0
2026-03-29T05:00:00Z,0,19.9,0
2026-03-29T05:15:00Z,0,19.7,0
2026-03-29T05:30:00Z,0,19.8,0
2026-03-29T05:45:00Z,0,19.5,0
2026-03-29T06:00:00Z,0,19.5,0
2026-03-29T06:15:00Z,0,19.5,0
2026-03-29T06:30:00Z,0,19.3,0
2026-03-29T06:45:00Z,2.176,19.4,0
2026-03-29T07:00:00Z,11.69,19.4,0
2026-03-29T07:15:00Z,23.77,19.6,0
2026-03-29T07:30:00Z,34.58,19.7,0
2026-03-29T07:45:00Z,84.8,20.19,0
2026-03-29T08:00:00Z,141.6,20.79,0
2026-03-29T08:15:00Z,166.1,21,0
2026-03-29T08:30:00Z,185.7,21.2,0
2026-03-29T08:45:00Z,274.3,21.5,0
2026-03-29T09:00:00Z,345.1,21.9,0
2026-03-29T09:15:00Z,426.2,22.2,0
2026-03-29T09:30:00Z,498.7,22.6,0
2026-03-29T09:45:00Z,565.1,22.8,0
2026-03-29T10:00:00Z,628.1,22.8,0
2026-03-29T10:15:00Z,611.3,23.29,0
2026-03-29T10:30:00Z,688.7,23.3,0
2026-03-29T10:45:00Z,709,23.5,0
2026-03-29T11:00:00Z,770.5,23.9,0
2026-03-29T11:15:00Z,806,24,0
2026-03-29T11:30:00Z,779.2,24.4,0
2026-03-29T11:45:00Z,742.6,24.5,0
2026-03-29T12:00:00Z,622.5,24.6,0
2026-03-29T12:15:00Z,768.7,25,0
2026-03-29T12:30:00Z,814,25.3,0
2026-03-29T12:45:00Z,1014,25.99,0
2026-03-29T13:00:00Z,1007,26.2,0
2026-03-29T13:15:00Z,745,25.51,0
2026-03-29T13:30:00Z,943,26.09,0
2026-03-29T13:45:00Z,1050,26.5,0
2026-03-29T14:00:00Z,750.6,26.3,0
2026-03-29T14:15:00Z,168.7,25.21,0
2026-03-29T14:30:00Z,583.4,26.09,0
2026-03-29T14:45:00Z,545.5,26.5,0
2026-03-29T15:00:00Z,446.8,26.1,0
2026-03-29T15:15:00Z,125.1,25.51,0
2026-03-29T15:30:00Z,94.7,25.2,0
2026-03-29T15:45:00Z,101.1,25.1,0
2026-03-29T16:00:00Z,107.6,25.1,0
2026-03-29T16:15:00Z,97,24.8,0
2026-03-29T16:30:00Z,69.8,24.21,0
2026-03-29T16:45:00Z,48.54,24.4,0
2026-03-29T17:00:00Z,54.43,24.4,0
2026-03-29T17:15:00Z,47.68,24,0
2026-03-29T17:30:00Z,150.4,24.59,0
2026-03-29T17:45:00Z,217.8,25.09,0
2026-03-29T18:00:00Z,105.4,24.51,0
2026-03-29T18:15:00Z,91.8,24.2,0
2026-03-29T18:30:00Z,23.66,23.41,0
2026-03-29T18:45:00Z,0.254,22.61,0
2026-03-29T19:00:00Z,0,21.61,0
2026-03-29T19:15:00Z,0,21.01,0
2026-03-29T19:30:00Z,0,20.01,0
2026-03-29T19:45:00Z,0,19.6,0
2026-03-29T20:00:00Z,0,19.3,0
2026-03-29T20:15:00Z,0,19.3,0
2026-03-29T20:30:00Z,0,19.5,0
2026-03-29T20:45:00Z,0,19.8,0
2026-03-29T21:00:00Z,0,19.8,0
2026-03-29T21:15:00Z,0,20.39,0
2026-03-29T21:30:00Z,0,20,0
2026-03-29T21:45:00Z,0,19.7,0
2026-03-29T22:00:00Z,0,19.21,0
2026-03-29T22:15:00Z,0,18.9,0
2026-03-29T22:30:00Z,0,19,0
2026-03-29T22:45:00Z,0,19.59,0
2026-03-29T23:00:00Z,0,19.9,0
2026-03-29T23:15:00Z,0,19.9,0
2026-03-29T23:30:00Z,0,20,0
2026-03-29T23:45:00Z,0,20,0
2026-03-30T00:00:00Z,0,19.8,0
2026-03-30T00:15:00Z,0,20.1,0
2026-03-30T00:30:00Z,0,20.2,0
2026-03-30T00:45:00Z,0,20,0
2026-03-30T01:00:00Z,0,19.7,0
2026-03-30T01:15:00Z,0,19.4,0
2026-03-30T01:30:00Z,0,19,0
2026-03-30T01:45:00Z,0,18.9,0
2026-03-30T02:00:00Z,0,19,0
2026-03-30T02:15:00Z,0,19.1,0
2026-03-30T02:30:00Z,0,19.1,0
2026-03-30T02:45:00Z,0,19.1,0
2026-03-30T03:00:00Z,0,18.7,0
2026-03-30T03:15:00Z,0,18.6,0
2026-03-30T03:30:00Z,0,18.6,0
2026-03-30T03:45:00Z,0,18.9,0
2026-03-30T04:00:00Z,0,18.5,0
2026-03-30T04:15:00Z,0,18.4,0
2026-03-30T04:30:00Z,0,18.2,0
2026-03-30T04:45:00Z,0,18.2,0
2026-03-30T05:00:00Z,0,18.1,0
2026-03-30T05:15:00Z,0,18.5,0
2026-03-30T05:30:00Z,0,18.4,0
2026-03-30T05:45:00Z,0,18.3,0
2026-03-30T06:00:00Z,0,18.1,0
2026-03-30T06:15:00Z,0,18,0
2026-03-30T06:30:00Z,0,18.2,0
2026-03-30T06:45:00Z,3.263,18.2,0
2026-03-30T07:00:00Z,11.9,18.6,0
2026-03-30T07:15:00Z,30.69,19.69,0
2026-03-30T07:30:00Z,68.28,20.49,0
2026-03-30T07:45:00Z,100.9,20.99,0
2026-03-30T08:00:00Z,135.5,21.4,0
2026-03-30T08:15:00Z,173.4,21.89,0
2026-03-30T08:30:00Z,220.2,22.49,0
2026-03-30T08:45:00Z,284.4,22.7,0
2026-03-30T09:00:00Z,353.7,22.8,0
2026-03-30T09:15:00Z,428.2,23.39,0
2026-03-30T09:30:00Z,488.2,23.99,0
2026-03-30T09:45:00Z,544.9,24.4,0
2026-03-30T10:00:00Z,598.6,24.7,0
2026-03-30T10:15:00Z,660.2,24.6,0
2026-03-30T10:30:00Z,668.3,25,0
2026-03-30T10:45:00Z,398.8,24.8,0
2026-03-30T11:00:00Z,437.6,24.4,0
2026-03-30T11:15:00Z,663.9,25.19,0
2026-03-30T11:30:00Z,242.4,24.51,0
2026-03-30T11:45:00Z,182.2,23.71,0
2026-03-30T12:00:00Z,963,24.89,0
2026-03-30T12:15:00Z,1060,25.69,0
2026-03-30T12:30:00Z,1114,25.6,0
2026-03-30T12:45:00Z,558.4,24.71,0
2026-03-30T13:00:00Z,696.9,24.8,0
2026-03-30T13:15:00Z,362.9,25,0
2026-03-30T13:30:00Z,169.3,22.63,0
2026-03-30T13:45:00Z,577.7,22.9,0
2026-03-30T14:00:00Z,332.2,21.81,0
2026-03-30T14:15:00Z,487.6,21.4,0
2026-03-30T14:30:00Z,893,23.67,0
2026-03-30T14:45:00Z,904,24.19,0
2026-03-30T15:00:00Z,796.5,24.89,0
2026-03-30T15:15:00Z,291.6,25.49,0
2026-03-30T15:30:00Z,105.6,25.01,0
2026-03-30T15:45:00Z,132.7,24.51,0
2026-03-30T16:00:00Z,101.3,23.61,0
2026-03-30T16:15:00Z,150.5,22.61,0
2026-03-30T16:30:00Z,497.3,23.89,0
2026-03-30T16:45:00Z,399.1,25.28,0
2026-03-30T17:00:00Z,200.8,25.6,0
2026-03-30T17:15:00Z,171.1,25.01,0
2026-03-30T17:30:00Z,355.2,24.7,0
2026-03-30T17:45:00Z,271.5,24.5,0
2026-03-30T18:00:00Z,69.95,24.01,0
2026-03-30T18:15:00Z,116,23.51,0
2026-03-30T18:30:00Z,12.37,22.91,0
2026-03-30T18:45:00Z,0.124,21.91,0
2026-03-30T19:00:00Z,0,21.11,0
2026-03-30T19:15:00Z,0,20.51,0
2026-03-30T19:30:00Z,0,19.91,0
2026-03-30T19:45:00Z,0,19.9,0
2026-03-30T20:00:00Z,0,19.41,0
2026-03-30T20:15:00Z,0,18.91,0
2026-03-30T20:30:00Z,0,18.5,0
2026-03-30T20:45:00Z,0,18.4,0
2026-03-30T21:00:00Z,0,18.4,0
2026-03-30T21:15:00Z,0,18.2,0
2026-03-30T21:30:00Z,0,18,0
2026-03-30T21:45:00Z,0,18.3,0
2026-03-30T22:00:00Z,0,18.1,0
2026-03-30T22:15:00Z,0,18,0
2026-03-30T22:30:00Z,0,17.9,0
2026-03-30T22:45:00Z,0,18.2,0
2026-03-30T23:00:00Z,0,18.3,0
2026-03-30T23:15:00Z,0,18.2,0
2026-03-30T23:30:00Z,0,18.89,0
2026-03-30T23:45:00Z,0,19.59,0
2026-03-31T00:00:00Z,0,19.6,0
2026-03-31T00:15:00Z,0,18.51,0
2026-03-31T00:30:00Z,0,18.2,0
2026-03-31T00:45:00Z,0,17.8,0
2026-03-31T01:00:00Z,0,17.31,0
2026-03-31T01:15:00Z,0,17.79,0
2026-03-31T01:30:00Z,0,17.9,0
2026-03-31T01:45:00Z,0,17.5,0
2026-03-31T02:00:00Z,0,17.01,0
2026-03-31T02:15:00Z,0,17.1,0
2026-03-31T02:30:00Z,0,17.2,0
2026-03-31T02:45:00Z,0,17.3,0
2026-03-31T03:00:00Z,0,17.4,0
2026-03-31T03:15:00Z,0,17.3,0
2026-03-31T03:30:00Z,0,17.99,0
2026-03-31T03:45:00Z,0,18.1,0
2026-03-31T04:00:00Z,0,18.2,0
2026-03-31T04:15:00Z,0,18,0
2026-03-31T04:30:00Z,0,17.6,0
2026-03-31T04:45:00Z,0,17.11,0
2026-03-31T05:00:00Z,0,16.9,0
2026-03-31T05:15:00Z,0,16.8,0
2026-03-31T05:30:00Z,0,17.69,0
2026-03-31T05:45:00Z,0,17.9,0
2026-03-31T06:00:00Z,0,18.49,0
2026-03-31T06:15:00Z,0,17.41,0
2026-03-31T06:30:00Z,0,17.2,0
2026-03-31T06:45:00Z,3.857,17.6,0
2026-03-31T07:00:00Z,12.7,18.19,0
2026-03-31T07:15:00Z,40.39,19.49,0
2026-03-31T07:30:00Z,91.9,20.29,0
2026-03-31T07:45:00Z,118.9,21.39,0
2026-03-31T08:00:00Z,150,22.19,0
2026-03-31T08:15:00Z,182.3,22.3,0
2026-03-31T08:30:00Z,218.8,22.99,0
2026-03-31T08:45:00Z,276.5,23.59,0
2026-03-31T09:00:00Z,344.7,23.9,0
2026-03-31T09:15:00Z,417.9,24.1,0
2026-03-31T09:30:00Z,480.1,24.4,0
2026-03-31T09:45:00Z,539.6,24.8,0
2026-03-31T10:00:00Z,598.8,25.39,0
2026-03-31T10:15:00Z,656.7,25.2,0
2026-03-31T10:30:00Z,701.8,25.3,0
2026-03-31T10:45:00Z,749.4,24.9,0
2026-03-31T11:00:00Z,778.4,24.9,0
2026-03-31T11:15:00Z,827,25,0
2026-03-31T11:30:00Z,839,24.9,0
2026-03-31T11:45:00Z,871,25.2,0
2026-03-31T12:00:00Z,894,25.1,0
2026-03-31T12:15:00Z,669,25.3,0
2026-03-31T12:30:00Z,754.1,25.5,0
2026-03-31T12:45:00Z,729,25.4,0
2026-03-31T13:00:00Z,738.7,25.7,0
2026-03-31T13:15:00Z,888,26,0
2026-03-31T13:30:00Z,923,26.2,0
2026-03-31T13:45:00Z,864,26.2,0
2026-03-31T14:00:00Z,910,26.2,0
2026-03-31T14:15:00Z,407.4,25.01,0
2026-03-31T14:30:00Z,843,25.49,0
2026-03-31T14:45:00Z,464.7,24.61,0
2026-03-31T15:00:00Z,317.7,24.7,0
2026-03-31T15:15:00Z,685.9,25.19,0
2026-03-31T15:30:00Z,527.5,25.2,0
2026-03-31T15:45:00Z,657.5,25.5,0
2026-03-31T16:00:00Z,611.8,25.8,0
2026-03-31T16:15:00Z,563.6,25.8,0
2026-03-31T16:30:00Z,387.6,25.7,0
2026-03-31T16:45:00Z,81.8,24.51,0
2026-03-31T17:00:00Z,207.9,24.4,0
2026-03-31T17:15:00Z,110.5,24.1,0
2026-03-31T17:30:00Z,81.4,23.7,0
2026-03-31T17:45:00Z,73.29,23.5,0
2026-03-31T18:00:00Z,114.3,23.6,0
2026-03-31T18:15:00Z,56.75,23.7,0
2026-03-31T18:30:00Z,6.853,23.11,0
2026-03-31T18:45:00Z,0.07,22.51,0
2026-03-31T19:00:00Z,0,21.61,0
2026-03-31T19:15:00Z,0,20.81,0
2026-03-31T19:30:00Z,0,20.31,0
2026-03-31T19:45:00Z,0,20,0
2026-03-31T20:00:00Z,0,19.7,0
2026-03-31T20:15:00Z,0,20.39,0
2026-03-31T20:30:00Z,0,21.09,0
2026-03-31T20:45:00Z,0,21,0
2026-03-31T21:00:00Z,0,20.9,0
2026-03-31T21:15:00Z,0,20.9,0
2026-03-31T21:30:00Z,0,20.6,0
2026-03-31T21:45:00Z,0,19.71,0
2026-03-31T22:00:00Z,0,20.19,0
2026-03-31T22:15:00Z,0,19.9,0
2026-03-31T22:30:00Z,0,19.9,0
2026-03-31T22:45:00Z,0,20.1,0
2026-03-31T23:00:00Z,0,19.9,0
2026-03-31T23:15:00Z,0,19.7,0
2026-03-31T23:30:00Z,0,19.3,0
2026-03-31T23:45:00Z,0,19.2,0
2026-04-01T00:00:00Z,0,19.3,0
2026-04-01T00:15:00Z,0,19.2,0
2026-04-01T00:30:00Z,0,19.2,0
2026-04-01T00:45:00Z,0,19.3,0
2026-04-01T01:00:00Z,0,19.2,0
2026-04-01T01:15:00Z,0,19.2,0
2026-04-01T01:30:00Z,0,19.4,0
2026-04-01T01:45:00Z,0,19.5,0
2026-04-01T02:00:00Z,0,19.6,0
2026-04-01T02:15:00Z,0,19.4,0
2026-04-01T02:30:00Z,0,19.5,0
2026-04-01T02:45:00Z,0,19.6,0
2026-04-01T03:00:00Z,0,19.5,0
2026-04-01T03:15:00Z,0,19.5,0
2026-04-01T03:30:00Z,0,19.6,0
2026-04-01T03:45:00Z,0,19.6,0
2026-04-01T04:00:00Z,0,19.4,0
2026-04-01T04:15:00Z,0,19.4,0
2026-04-01T04:30:00Z,0,18.81,0
2026-04-01T04:45:00Z,0,19,0
2026-04-01T05:00:00Z,0,18.8,0
2026-04-01T05:15:00Z,0,18.8,0
2026-04-01T05:30:00Z,0,19.2,0
2026-04-01T05:45:00Z,0,19.2,0
2026-04-01T06:00:00Z,0,19,0
2026-04-01T06:15:00Z,0,19.3,0
2026-04-01T06:30:00Z,0,19.3,0
2026-04-01T06:45:00Z,0,19.4,0
2026-04-01T07:00:00Z,7.219,19.6,0
2026-04-01T07:15:00Z,24.41,19.4,0
2026-04-01T07:30:00Z,25.29,19.6,0
2026-04-01T07:45:00Z,30.64,20,0
2026-04-01T08:00:00Z,44.54,20.4,0
2026-04-01T08:15:00Z,97.3,20.7,0
2026-04-01T08:30:00Z,191.9,21.79,0
2026-04-01T08:45:00Z,355.4,23.18,0
2026-04-01T09:00:00Z,388.4,23.6,0
2026-04-01T09:15:00Z,386.1,23.5,0
2026-04-01T09:30:00Z,334.9,23.8,0
2026-04-01T09:45:00Z,498.3,23.9,0
2026-04-01T10:00:00Z,600.9,24.2,0
2026-04-01T10:15:00Z,667.5,24.4,0
2026-04-01T10:30:00Z,695.6,24.5,0
2026-04-01T10:45:00Z,717.1,24.6,0
2026-04-01T11:00:00Z,724.8,24.6,0
2026-04-01T11:15:00Z,715.4,24.8,0
2026-04-01T11:30:00Z,562.1,24.4,0
2026-04-01T11:45:00Z,605,24.6,0
2026-04-01T12:00:00Z,864,25.29,0
2026-04-01T12:15:00Z,750.2,25.1,0
2026-04-01T12:30:00Z,256.1,23.52,0
2026-04-01T12:45:00Z,393.5,21.03,30.26
2026-04-01T13:00:00Z,799.9,22.58,0.34
2026-04-01T13:15:00Z,380.4,22.9,0
2026-04-01T13:30:00Z,934,24.28,0
2026-04-01T13:45:00Z,596.7,24.7,0
2026-04-01T14:00:00Z,559,25.39,0
2026-04-01T14:15:00Z,385.3,24.21,0
2026-04-01T14:30:00Z,276,22.72,0
2026-04-01T14:45:00Z,153.2,22.3,0
2026-04-01T15:00:00Z,21.27,20.32,211.8
2026-04-01T15:15:00Z,19.6,18.12,758.9
2026-04-01T15:30:00Z,87.5,17.9,341.4
2026-04-01T15:45:00Z,315.3,18.1,124.8
2026-04-01T16:00:00Z,174.3,18.59,1.36
2026-04-01T16:15:00Z,205.9,18.6,0
2026-04-01T16:30:00Z,612.7,18.9,0
2026-04-01T16:45:00Z,189.4,20.48,0
2026-04-01T17:00:00Z,117.8,20.8,0
2026-04-01T17:15:00Z,112.2,20.9,0
2026-04-01T17:30:00Z,128.8,21.2,0
2026-04-01T17:45:00Z,192.4,21.4,0
2026-04-01T18:00:00Z,73.44,21.7,0
2026-04-01T18:15:00Z,20.38,21.01,0
2026-04-01T18:30:00Z,9.32,20.51,0
2026-04-01T18:45:00Z,0.102,20.2,0
2026-04-01T19:00:00Z,0,19.71,0
2026-04-01T19:15:00Z,0,19.8,0
2026-04-01T19:30:00Z,0,20,0
2026-04-01T19:45:00Z,0,19.8,0
2026-04-01T20:00:00Z,0,19.31,0
2026-04-01T20:15:00Z,0,19.3,0
2026-04-01T20:30:00Z,0,19,0
2026-04-01T20:45:00Z,0,19.3,0
2026-04-01T21:00:00Z,0,19.4,0
2026-04-01T21:15:00Z,0,20.09,0
2026-04-01T21:30:00Z,0,19.9,0
2026-04-01T21:45:00Z,0,19.9,0
2026-04-01T22:00:00Z,0,20,0
2026-04-01T22:15:00Z,0,19.9,0
2026-04-01T22:30:00Z,0,19.8,0
2026-04-01T22:45:00Z,0,20.1,0
2026-04-01T23:00:00Z,0,20.1,0
2026-04-01T23:15:00Z,0,20.1,0
2026-04-01T23:30:00Z,0,20.2,0
2026-04-01T23:45:00Z,0,20.1,0
2026-04-02T00:00:00Z,0,19.8,0
2026-04-02T00:15:00Z,0,19.5,0
2026-04-02T00:30:00Z,0,19.7,0
2026-04-02T00:45:00Z,0,19.7,0
2026-04-02T01:00:00Z,0,19.6,0
2026-04-02T01:15:00Z,0,19.6,0
2026-04-02T01:30:00Z,0,19.5,0
2026-04-02T01:45:00Z,0,19.5,0
2026-04-02T02:00:00Z,0,19.3,0
2026-04-02T02:15:00Z,0,19.4,0
2026-04-02T02:30:00Z,0,19.6,0
2026-04-02T02:45:00Z,0,19.3,0
2026-04-02T03:00:00Z,0,19.3,0
2026-04-02T03:15:00Z,0,19.2,0
2026-04-02T03:30:00Z,0,19.2,0
2026-04-02T03:45:00Z,0,19,0
2026-04-02T04:00:00Z,0,18.9,0
2026-04-02T04:15:00Z,0,18.9,0
2026-04-02T04:30:00Z,0,18.8,0
2026-04-02T04:45:00Z,0,18.9,0
2026-04-02T05:00:00Z,0,18.9,0
2026-04-02T05:15:00Z,0,19,0
2026-04-02T05:30:00Z,0,18.6,0
2026-04-02T05:45:00Z,0,18.3,0
2026-04-02T06:00:00Z,0,17.9,0
2026-04-02T06:15:00Z,0,17.9,0
2026-04-02T06:30:00Z,0,18.49,0
2026-04-02T06:45:00Z,4.153,18.4,0
2026-04-02T07:00:00Z,17.65,17.91,0
2026-04-02T07:15:00Z,41.34,18.1,0
2026-04-02T07:30:00Z,84.9,18.79,0
2026-04-02T07:45:00Z,123.6,19.29,0
2026-04-02T08:00:00Z,173.5,20.49,0
2026-04-02T08:15:00Z,217.2,21.59,0
2026-04-02T08:30:00Z,241.2,22.59,0
2026-04-02T08:45:00Z,203.8,22.7,0
2026-04-02T09:00:00Z,224.6,22.5,0
2026-04-02T09:15:00Z,239.9,22.7,0
2026-04-02T09:30:00Z,290.2,23,0
2026-04-02T09:45:00Z,253.1,23.1,0
2026-04-02T10:00:00Z,315.6,23.2,0
2026-04-02T10:15:00Z,359.7,23.5,0
2026-04-02T10:30:00Z,186.6,23.3,0
2026-04-02T10:45:00Z,165.9,23.1,0
2026-04-02T11:00:00Z,224.9,23.1,0
2026-04-02T11:15:00Z,261.5,23.3,0
2026-04-02T11:30:00Z,201.7,23,0
2026-04-02T11:45:00Z,174.6,22.8,0
2026-04-02T12:00:00Z,95.8,22.31,0
2026-04-02T12:15:00Z,108,19.33,90.8
2026-04-02T12:30:00Z,248.1,19.1,61.54
2026-04-02T12:45:00Z,278,19.59,0.68
2026-04-02T13:00:00Z,260.8,19.3,60.52
2026-04-02T13:15:00Z,389.2,19.3,61.2
2026-04-02T13:30:00Z,545.2,20.78,0.68
2026-04-02T13:45:00Z,250.6,21,0
2026-04-02T14:00:00Z,170.8,21.59,0
2026-04-02T14:15:00Z,122,21.8,0
2026-04-02T14:30:00Z,88.8,21.5,60.52
2026-04-02T14:45:00Z,124.7,20.02,30.94
2026-04-02T15:00:00Z,123.2,20.1,0.34
2026-04-02T15:15:00Z,68.22,20.59,0
2026-04-02T15:30:00Z,46.73,20.7,0
2026-04-02T15:45:00Z,4.67,19.91,121
2026-04-02T16:00:00Z,10.13,19.21,762.4
2026-04-02T16:15:00Z,13.66,18.21,126.6
2026-04-02T16:30:00Z,14.19,17.61,30.07
2026-04-02T16:45:00Z,18.55,17.2,0.323
2026-04-02T17:00:00Z,17.12,17.2,0
2026-04-02T17:15:00Z,11.66,17.6,0
2026-04-02T17:30:00Z,6.754,17.9,0
2026-04-02T17:45:00Z,6.799,18.2,60.52
2026-04-02T18:00:00Z,3.24,18.3,30.94
2026-04-02T18:15:00Z,0.036,18.6,60.86
2026-04-02T18:30:00Z,0,18.5,30.94
2026-04-02T18:45:00Z,0,18.3,0.34
2026-04-02T19:00:00Z,0,18.3,30.26
2026-04-02T19:15:00Z,0,17.9,30.6
2026-04-02T19:30:00Z,0,17.8,30.6
2026-04-02T19:45:00Z,0,18.1,0.34
2026-04-02T20:00:00Z,0,18.4,0
2026-04-02T20:15:00Z,0,18.5,0
2026-04-02T20:30:00Z,0,18.5,0
2026-04-02T20:45:00Z,0,18.4,0
2026-04-02T21:00:00Z,0,18.3,0
2026-04-02T21:15:00Z,0,18.2,0
2026-04-02T21:30:00Z,0,18.3,0
2026-04-02T21:45:00Z,0,18.6,0
2026-04-02T22:00:00Z,0,18.7,0
2026-04-02T22:15:00Z,0,18.7,0
2026-04-02T22:30:00Z,0,18.8,0
2026-04-02T22:45:00Z,0,18.6,0
2026-04-02T23:00:00Z,0,18.7,0
2026-04-02T23:15:00Z,0,18.7,0
2026-04-02T23:30:00Z,0,18.5,0
2026-04-02T23:45:00Z,0,18.5,0
2026-04-03T00:00:00Z,0,18.5,0
2026-04-03T00:15:00Z,0,18.6,0
2026-04-03T00:30:00Z,0,18.5,30.26
2026-04-03T00:45:00Z,0,18.4,0.34
2026-04-03T01:00:00Z,0,18.3,30.26
2026-04-03T01:15:00Z,0,18.2,0.34
2026-04-03T01:30:00Z,0,18.2,0
2026-04-03T01:45:00Z,0,18.1,0
2026-04-03T02:00:00Z,0,18.1,0
2026-04-03T02:15:00Z,0,18.1,0
2026-04-03T02:30:00Z,0,18,0
2026-04-03T02:45:00Z,0,18,0
2026-04-03T03:00:00Z,0,18,0
2026-04-03T03:15:00Z,0,18.1,0
2026-04-03T03:30:00Z,0,18.1,0
2026-04-03T03:45:00Z,0,18.59,0
2026-04-03T04:00:00Z,0,19.09,0
2026-04-03T04:15:00Z,0,19.5,0
2026-04-03T04:30:00Z,0,19.4,0
2026-04-03T04:45:00Z,0,19.2,0
2026-04-03T05:00:00Z,0,19.1,0
2026-04-03T05:15:00Z,0,19.2,0
2026-04-03T05:30:00Z,0,19.2,0
2026-04-03T05:45:00Z,0,19.2,0
2026-04-03T06:00:00Z,0,19,0
2026-04-03T06:15:00Z,0,19,0
2026-04-03T06:30:00Z,0,19,0
2026-04-03T06:45:00Z,1.483,19.3,0
2026-04-03T07:00:00Z,9.61,19.6,0
2026-04-03T07:15:00Z,17.41,19.7,0
2026-04-03T07:30:00Z,35.79,19.9,0
2026-04-03T07:45:00Z,54.2,20.2,0
2026-04-03T08:00:00Z,74.18,20.3,0
2026-04-03T08:15:00Z,96.5,20.6,0
2026-04-03T08:30:00Z,125,20.8,0
2026-04-03T08:45:00Z,164.8,20.9,0
2026-04-03T09:00:00Z,219.5,21.2,0
2026-04-03T09:15:00Z,288.7,21.5,0
2026-04-03T09:30:00Z,302.2,21.7,0
2026-04-03T09:45:00Z,396.2,22,0
2026-04-03T10:00:00Z,615,23.09,0
2026-04-03T10:15:00Z,478,23,0
2026-04-03T10:30:00Z,385.5,22.8,0
2026-04-03T10:45:00Z,520.3,23.29,0
2026-04-03T11:00:00Z,473,23.5,0
2026-04-03T11:15:00Z,630.8,23.6,0
2026-04-03T11:30:00Z,685.3,24.09,0
2026-04-03T11:45:00Z,605.8,24.1,0
2026-04-03T12:00:00Z,653.4,24.3,0
2026-04-03T12:15:00Z,637.9,24.4,0
2026-04-03T12:30:00Z,776.6,24.89,0
2026-04-03T12:45:00Z,727.9,25,0
2026-04-03T13:00:00Z,624.9,25,0
2026-04-03T13:15:00Z,669.4,25.2,0
2026-04-03T13:30:00Z,981,25.99,0
2026-04-03T13:45:00Z,728.4,25.9,0
2026-04-03T14:00:00Z,749.8,26.2,0
2026-04-03T14:15:00Z,416.7,25.71,0
2026-04-03T14:30:00Z,235.5,25.3,0
2026-04-03T14:45:00Z,474.2,25.7,0
2026-04-03T15:00:00Z,877,27.18,0
2026-04-03T15:15:00Z,267.3,26.11,0
2026-04-03T15:30:00Z,207,25.61,0
2026-04-03T15:45:00Z,214.6,25.6,0
2026-04-03T16:00:00Z,150.4,25.2,0
2026-04-03T16:15:00Z,174.1,25.1,0
2026-04-03T16:30:00Z,164.3,25.1,0
2026-04-03T16:45:00Z,184.6,25,0
2026-04-03T17:00:00Z,394.6,25.69,0
2026-04-03T17:15:00Z,268.4,25.21,0
2026-04-03T17:30:00Z,287.7,25.2,0
2026-04-03T17:45:00Z,209.3,24.9,0
2026-04-03T18:00:00Z,81.2,24.21,0
2026-04-03T18:15:00Z,37.77,23.8,0
2026-04-03T18:30:00Z,11.09,23.11,0
2026-04-03T18:45:00Z,0.12,22.51,0
2026-04-03T19:00:00Z,0,21.91,0
2026-04-03T19:15:00Z,0,21.31,0
2026-04-03T19:30:00Z,0,21.3,0
2026-04-03T19:45:00Z,0,20.51,0
2026-04-03T20:00:00Z,0,20.4,0
2026-04-03T20:15:00Z,0,20.3,0
2026-04-03T20:30:00Z,0,20.1,0
2026-04-03T20:45:00Z,0,20.4,0
2026-04-03T21:00:00Z,0,20.3,0
2026-04-03T21:15:00Z,0,20.4,0
2026-04-03T21:30:00Z,0,20.5,0
2026-04-03T21:45:00Z,0,20.6,0
2026-04-03T22:00:00Z,0,20.7,0
2026-04-03T22:15:00Z,0,20.21,0
2026-04-03T22:30:00Z,0,20.6,0
2026-04-03T22:45:00Z,0,21.09,0
2026-04-03T23:00:00Z,0,21.1,0
2026-04-03T23:15:00Z,0,20.61,0
2026-04-03T23:30:00Z,0,20.7,0
2026-04-03T23:45:00Z,0,20.9,0
2026-04-04T00:00:00Z,0,20.8,0
2026-04-04T00:15:00Z,0,20.8,0
2026-04-04T00:30:00Z,0,20.9,0
2026-04-04T00:45:00Z,0,20.8,0
2026-04-04T01:00:00Z,0,20.8,0
2026-04-04T01:15:00Z,0,20.7,0
2026-04-04T01:30:00Z,0,20.7,0
2026-04-04T01:45:00Z,0,20.6,0
2026-04-04T02:00:00Z,0,20.5,0
2026-04-04T02:15:00Z,0,20.5,0
2026-04-04T02:30:00Z,0,20.5,0
2026-04-04T02:45:00Z,0,20.3,0
2026-04-04T03:00:00Z,0,20.2,0
2026-04-04T03:15:00Z,0,20,0
2026-04-04T03:30:00Z,0,20,0
2026-04-04T03:45:00Z,0,19.9,0
2026-04-04T04:00:00Z,0,19.6,0
2026-04-04T04:15:00Z,0,19.4,0
2026-04-04T04:30:00Z,0,19.7,0
2026-04-04T04:45:00Z,0,19.4,0
2026-04-04T05:00:00Z,0,19.5,0
2026-04-04T05:15:00Z,0,19.4,0
2026-04-04T05:30:00Z,0,19.7,0
2026-04-04T05:45:00Z,0,19.5,0
2026-04-04T06:00:00Z,0,19.5,0
2026-04-04T06:15:00Z,0,19.7,0
2026-04-04T06:30:00Z,0,19.4,0
2026-04-04T06:45:00Z,3.164,19.5,0
2026-04-04T07:00:00Z,12.2,19.5,0
2026-04-04T07:15:00Z,19.42,19.99,0
2026-04-04T07:30:00Z,59.45,20.99,0
2026-04-04T07:45:00Z,94.8,21.79,0
2026-04-04T08:00:00Z,131.5,22.1,0
2026-04-04T08:15:00Z,182.4,22.4,0
2026-04-04T08:30:00Z,238.7,22.7,0
2026-04-04T08:45:00Z,310.3,22.6,0
2026-04-04T09:00:00Z,368.9,23.09,0
2026-04-04T09:15:00Z,430.7,23.3,0
2026-04-04T09:30:00Z,422.4,23.6,0
2026-04-04T09:45:00Z,456.8,23.6,0
2026-04-04T10:00:00Z,600.2,24.49,0
2026-04-04T10:15:00Z,658.9,24.8,0
2026-04-04T10:30:00Z,474.7,24.5,0
2026-04-04T10:45:00Z,625.5,25.09,0
2026-04-04T11:00:00Z,544.4,25.2,0
2026-04-04T11:15:00Z,771.4,25.4,0
2026-04-04T11:30:00Z,730.5,25.7,0
2026-04-04T11:45:00Z,799.3,25.9,0
2026-04-04T12:00:00Z,961,26.3,0
2026-04-04T12:15:00Z,697.8,26.2,0
2026-04-04T12:30:00Z,1026,26.99,0
2026-04-04T12:45:00Z,1059,27.3,0
2026-04-04T13:00:00Z,1059,27.89,0
2026-04-04T13:15:00Z,384.1,26.81,0
2026-04-04T13:30:00Z,515.9,26.4,0
2026-04-04T13:45:00Z,228.4,26,0
2026-04-04T14:00:00Z,241.2,25.8,0
2026-04-04T14:15:00Z,810,26.2,0
2026-04-04T14:30:00Z,808,26.5,0
2026-04-04T14:45:00Z,619.7,26.7,0
2026-04-04T15:00:00Z,621.5,26.8,0
2026-04-04T15:15:00Z,743.7,27.1,0
2026-04-04T15:30:00Z,346.6,26.21,0
2026-04-04T15:45:00Z,76.29,23.63,272.3
2026-04-04T16:00:00Z,47,19.55,881
2026-04-04T16:15:00Z,85.3,19.4,9.86
2026-04-04T16:30:00Z,105.8,19.5,30.26
2026-04-04T16:45:00Z,115.1,19.8,0.34
2026-04-04T17:00:00Z,114.1,20.2,0
2026-04-04T17:15:00Z,89.1,20.5,0
2026-04-04T17:30:00Z,82.2,20.7,0
2026-04-04T17:45:00Z,70.63,21,0
2026-04-04T18:00:00Z,49.83,21.2,0
2026-04-04T18:15:00Z,21.52,21.5,0
2026-04-04T18:30:00Z,2.213,21.3,0
2026-04-04T18:45:00Z,0.022,21.1,0
2026-04-04T19:00:00Z,0,20.8,0
2026-04-04T19:15:00Z,0,20.01,0
2026-04-04T19:30:00Z,0,19.41,0
2026-04-04T19:45:00Z,0,19.1,0
2026-04-04T20:00:00Z,0,19.4,0
2026-04-04T20:15:00Z,0,19.4,0
2026-04-04T20:30:00Z,0,19.2,0
2026-04-04T20:45:00Z,0,19.2,0
2026-04-04T21:00:00Z,0,19.1,0
2026-04-04T21:15:00Z,0,19.2,0
2026-04-04T21:30:00Z,0,19.1,0
2026-04-04T21:45:00Z,0,19,0
2026-04-04T22:00:00Z,0,18.8,0
2026-04-04T22:15:00Z,0,19,0
2026-04-04T22:30:00Z,0,19,0
2026-04-04T22:45:00Z,0,19.1,0
2026-04-04T23:00:00Z,0,19.1,0
2026-04-04T23:15:00Z,0,19.1,0
2026-04-04T23:30:00Z,0,19,0
2026-04-04T23:45:00Z,0,19.4,0
2026-04-05T00:00:00Z,0,19.89,0
2026-04-05T00:15:00Z,0,19.9,0
2026-04-05T00:30:00Z,0,20.59,0
2026-04-05T00:45:00Z,0,21.09,0
2026-04-05T01:00:00Z,0,20.8,0
2026-04-05T01:15:00Z,0,20.8,0
2026-04-05T01:30:00Z,0,20.7,0
2026-04-05T01:45:00Z,0,20.9,0
2026-04-05T02:00:00Z,0,21,0
2026-04-05T02:15:00Z,0,20.8,0
2026-04-05T02:30:00Z,0,20.5,0
2026-04-05T02:45:00Z,0,20.5,0
2026-04-05T03:00:00Z,0,20.5,0
2026-04-05T03:15:00Z,0,20.3,0
2026-04-05T03:30:00Z,0,20.1,0
2026-04-05T03:45:00Z,0,19.7,0
2026-04-05T04:00:00Z,0,19.8,0
2026-04-05T04:15:00Z,0,20,0
2026-04-05T04:30:00Z,0,20.2,0
2026-04-05T04:45:00Z,0,20.3,0
2026-04-05T05:00:00Z,0,20.3,0
2026-04-05T05:15:00Z,0,20.4,0
2026-04-05T05:30:00Z,0,20.6,0
2026-04-05T05:45:00Z,0,20.4,0
2026-04-05T06:00:00Z,0,20.2,0
2026-04-05T06:15:00Z,0,19.71,0
2026-04-05T06:30:00Z,0,19.8,0
2026-04-05T06:45:00Z,3.857,19.9,0
2026-04-05T07:00:00Z,18.04,20.49,0
2026-04-05T07:15:00Z,28.78,21.09,0
2026-04-05T07:30:00Z,62.62,21.89,0
2026-04-05T07:45:00Z,99.8,22.59,0
2026-04-05T08:00:00Z,133.1,22.7,0
2026-04-05T08:15:00Z,183,23,0
2026-04-05T08:30:00Z,241.7,23.3,0
2026-04-05T08:45:00Z,299.1,23.6,0
2026-04-05T09:00:00Z,364.5,23.9,0
2026-04-05T09:15:00Z,417.4,24.49,0
2026-04-05T09:30:00Z,490.6,24.6,0
2026-04-05T09:45:00Z,566.3,24.8,0
2026-04-05T10:00:00Z,545,24.8,0
2026-04-05T10:15:00Z,377,24.6,0
2026-04-05T10:30:00Z,643.4,25.29,0
2026-04-05T10:45:00Z,716.8,25.7,0
2026-04-05T11:00:00Z,856,26.19,0
2026-04-05T11:15:00Z,854,26.69,0
2026-04-05T11:30:00Z,869,26.9,0
2026-04-05T11:45:00Z,629.9,26.5,0
2026-04-05T12:00:00Z,1052,27.49,0
2026-04-05T12:15:00Z,932,27.5,0
2026-04-05T12:30:00Z,1041,27.9,0
2026-04-05T12:45:00Z,649.3,27.41,0
2026-04-05T13:00:00Z,309.5,26.61,0
2026-04-05T13:15:00Z,300.9,25.71,0
2026-04-05T13:30:00Z,166.2,25.9,0
2026-04-05T13:45:00Z,118,25.31,0
2026-04-05T14:00:00Z,235.9,23.92,0
2026-04-05T14:15:00Z,233.8,24.3,0
2026-04-05T14:30:00Z,125,24.6,0
2026-04-05T14:45:00Z,99.4,24.7,0
2026-04-05T15:00:00Z,79.03,24.8,0
2026-04-05T15:15:00Z,73.36,24.7,0
2026-04-05T15:30:00Z,86,24.9,0
2026-04-05T15:45:00Z,115.6,24.8,0
2026-04-05T16:00:00Z,150.2,24.8,0
2026-04-05T16:15:00Z,218.8,25.29,0
2026-04-05T16:30:00Z,582.8,26.78,0
2026-04-05T16:45:00Z,560.9,27.2,0
2026-04-05T17:00:00Z,415.3,26.8,0
2026-04-05T17:15:00Z,311.4,26.4,0
2026-04-05T17:30:00Z,232.1,26.2,0
2026-04-05T17:45:00Z,113.5,25.51,0
2026-04-05T18:00:00Z,115.8,25.2,0
2026-04-05T18:15:00Z,42.33,24.8,0
2026-04-05T18:30:00Z,1.944,24.11,0
2026-04-05T18:45:00Z,0.017,22.62,0
2026-04-05T19:00:00Z,0,21.51,0
2026-04-05T19:15:00Z,0,20.51,0
2026-04-05T19:30:00Z,0,20.3,0
2026-04-05T19:45:00Z,0,20.1,0
2026-04-05T20:00:00Z,0,20.3,0
2026-04-05T20:15:00Z,0,20.4,0
2026-04-05T20:30:00Z,0,20.1,0
2026-04-05T20:45:00Z,0,19.9,0
2026-04-05T21:00:00Z,0,20.1,0
2026-04-05T21:15:00Z,0,20.2,0
2026-04-05T21:30:00Z,0,20.1,0
2026-04-05T21:45:00Z,0,20,0
2026-04-05T22:00:00Z,0,19.7,0
2026-04-05T22:15:00Z,0,19.4,0
2026-04-05T22:30:00Z,0,19.5,0
2026-04-05T22:45:00Z,0,19.1,0
2026-04-05T23:00:00Z,0,19,0
2026-04-05T23:15:00Z,0,19.2,0
2026-04-05T23:30:00Z,0,18.9,0
2026-04-05T23:45:00Z,0,19.69,0
2026-04-06T00:00:00Z,0,19.7,0
2026-04-06T00:15:00Z,0,19.6,0
2026-04-06T00:30:00Z,0,19.8,0
2026-04-06T00:45:00Z,0,20.1,0
2026-04-06T01:00:00Z,0,20.4,0
2026-04-06T01:15:00Z,0,20.4,0
2026-04-06T01:30:00Z,0,20.5,0
2026-04-06T01:45:00Z,0,20.9,0
2026-04-06T02:00:00Z,0,21.39,0
2026-04-06T02:15:00Z,0,21.3,0
2026-04-06T02:30:00Z,0,21.2,0
2026-04-06T02:45:00Z,0,21.1,0
2026-04-06T03:00:00Z,0,21.1,0
2026-04-06T03:15:00Z,0,20.9,0
2026-04-06T03:30:00Z,0,20.9,0
2026-04-06T03:45:00Z,0,20.7,0
2026-04-06T04:00:00Z,0,20.5,0
2026-04-06T04:15:00Z,0,20.3,0
2026-04-06T04:30:00Z,0,20,0
2026-04-06T04:45:00Z,0,20.2,0
2026-04-06T05:00:00Z,0,20.2,0
2026-04-06T05:15:00Z,0,20.4,0
2026-04-06T05:30:00Z,0,20.3,0
2026-04-06T05:45:00Z,0,20.2,0
2026-04-06T06:00:00Z,0,20.1,0
2026-04-06T06:15:00Z,0,20.2,0
2026-04-06T06:30:00Z,0,20.3,0
2026-04-06T06:45:00Z,2.67,20.5,0
2026-04-06T07:00:00Z,12.79,20.8,0
2026-04-06T07:15:00Z,19.72,21,0
2026-04-06T07:30:00Z,56.69,21.79,0
2026-04-06T07:45:00Z,95.9,22.59,0
2026-04-06T08:00:00Z,137,22.6,0
2026-04-06T08:15:00Z,194.4,22.9,0
2026-04-06T08:30:00Z,252.9,23.1,0
2026-04-06T08:45:00Z,252.2,23.2,0
2026-04-06T09:00:00Z,353.5,23.79,0
2026-04-06T09:15:00Z,405.1,24.1,0
2026-04-06T09:30:00Z,435.5,24.2,0
2026-04-06T09:45:00Z,509.3,24.79,0
2026-04-06T10:00:00Z,484.5,25,0
2026-04-06T10:15:00Z,687,25.49,0
2026-04-06T10:30:00Z,462.8,25.4,0
2026-04-06T10:45:00Z,573.8,25,0
2026-04-06T11:00:00Z,704.5,25,0
2026-04-06T11:15:00Z,770.9,25.69,0
2026-04-06T11:30:00Z,645.6,26.29,0
2026-04-06T11:45:00Z,545,26.2,0
2026-04-06T12:00:00Z,415.7,25.31,0
2026-04-06T12:15:00Z,217.4,25,0
2026-04-06T12:30:00Z,138.4,24.7,0
2026-04-06T12:45:00Z,90.9,23.91,0
2026-04-06T13:00:00Z,68.74,23.21,0
2026-04-06T13:15:00Z,61.18,21.32,302.6
2026-04-06T13:30:00Z,58.53,18.73,127.5
2026-04-06T13:45:00Z,57.31,18.7,482.5
2026-04-06T14:00:00Z,65.21,18.6,550.1
2026-04-06T14:15:00Z,97.3,18.9,6.12
2026-04-06T14:30:00Z,99.1,19.39,0
2026-04-06T14:45:00Z,117,19.8,30.26
2026-04-06T15:00:00Z,121.1,20.59,0.34
2026-04-06T15:15:00Z,115.7,20.5,0
2026-04-06T15:30:00Z,98.8,20.8,0
2026-04-06T15:45:00Z,91,21.1,0
2026-04-06T16:00:00Z,98,21.5,0
2026-04-06T16:15:00Z,93.3,21.8,0
2026-04-06T16:30:00Z,89.9,21.9,0
2026-04-06T16:45:00Z,82,22.3,0
2026-04-06T17:00:00Z,71.22,22.3,0
2026-04-06T17:15:00Z,62.89,22.5,0
2026-04-06T17:30:00Z,49.55,22.01,0
2026-04-06T17:45:00Z,33.58,21.9,0
2026-04-06T18:00:00Z,19.26,21.8,0
2026-04-06T18:15:00Z,7.728,21.7,0
2026-04-06T18:30:00Z,2.754,21.6,0
2026-04-06T18:45:00Z,0.03,21.4,0
2026-04-06T19:00:00Z,0,20.81,0
2026-04-06T19:15:00Z,0,20.7,0
2026-04-06T19:30:00Z,0,20.7,0
2026-04-06T19:45:00Z,0,20.8,0
2026-04-06T20:00:00Z,0,21.1,0
2026-04-06T20:15:00Z,0,20.61,0
2026-04-06T20:30:00Z,0,19.81,0
2026-04-06T20:45:00Z,0,19.8,0
2026-04-06T21:00:00Z,0,19.8,0
2026-04-06T21:15:00Z,0,19.7,0
2026-04-06T21:30:00Z,0,19.4,0
2026-04-06T21:45:00Z,0,19.4,0
2026-04-06T22:00:00Z,0,18.91,0
2026-04-06T22:15:00Z,0,18.8,0
2026-04-06T22:30:00Z,0,19.29,0
2026-04-06T22:45:00Z,0,19.5,0
2026-04-06T23:00:00Z,0,19.5,0
2026-04-06T23:15:00Z,0,19.3,0
2026-04-06T23:30:00Z,0,19,0
2026-04-06T23:45:00Z,0,18.9,0
2026-04-07T00:00:00Z,0,19,0
2026-04-07T00:15:00Z,0,19,0
2026-04-07T00:30:00Z,0,18.7,0
2026-04-07T00:45:00Z,0,18.9,0
2026-04-07T01:00:00Z,0,18.7,0
2026-04-07T01:15:00Z,0,18.9,0
2026-04-07T01:30:00Z,0,18.7,0
2026-04-07T01:45:00Z,0,18.6,0
2026-04-07T02:00:00Z,0,18.6,0
2026-04-07T02:15:00Z,0,18.8,0
2026-04-07T02:30:00Z,0,18.8,0
2026-04-07T02:45:00Z,0,18.6,0
2026-04-07T03:00:00Z,0,18.8,0
2026-04-07T03:15:00Z,0,18.8,0
2026-04-07T03:30:00Z,0,18.5,0
2026-04-07T03:45:00Z,0,18.2,0
2026-04-07T04:00:00Z,0,18,0
2026-04-07T04:15:00Z,0,18.3,0
2026-04-07T04:30:00Z,0,18.79,0
2026-04-07T04:45:00Z,0,19.2,0
2026-04-07T05:00:00Z,0,18.9,0
2026-04-07T05:15:00Z,0,18.8,0
2026-04-07T05:30:00Z,0,18.4,0
2026-04-07T05:45:00Z,0,18.2,0
2026-04-07T06:00:00Z,0,18.4,0
2026-04-07T06:15:00Z,0,18.8,0
2026-04-07T06:30:00Z,0,18.6,0
2026-04-07T06:45:00Z,3.164,18.3,0
2026-04-07T07:00:00Z,12.5,18.6,0
2026-04-07T07:15:00Z,18.34,19.09,0
2026-04-07T07:30:00Z,66.46,21.37,0
2026-04-07T07:45:00Z,95,22.59,0
2026-04-07T08:00:00Z,132.3,23.09,0
2026-04-07T08:15:00Z,183.4,23.5,0
2026-04-07T08:30:00Z,234.5,23.7,0
2026-04-07T08:45:00Z,300.8,23.9,0
2026-04-07T09:00:00Z,359.4,24.1,0
2026-04-07T09:15:00Z,419,24.2,0
2026-04-07T09:30:00Z,473.7,24.69,0
2026-04-07T09:45:00Z,532.1,24.5,0
2026-04-07T10:00:00Z,588.2,24.6,0
2026-04-07T10:15:00Z,617.3,24.7,0
2026-04-07T10:30:00Z,615.1,25,0
2026-04-07T10:45:00Z,572,24.9,0
2026-04-07T11:00:00Z,762.9,25.49,0
2026-04-07T11:15:00Z,832,25.8,0
2026-04-07T11:30:00Z,865,25.9,0
2026-04-07T11:45:00Z,920,26.2,0
2026-04-07T12:00:00Z,908,26.3,0
2026-04-07T12:15:00Z,913,26.4,0
2026-04-07T12:30:00Z,700.1,26.5,0
2026-04-07T12:45:00Z,560.9,26.1,0
2026-04-07T13:00:00Z,727.2,26.5,0
2026-04-07T13:15:00Z,586.6,26.8,0
2026-04-07T13:30:00Z,398.7,26.21,0
2026-04-07T13:45:00Z,954,26.69,0
2026-04-07T14:00:00Z,888,27.49,0
2026-04-07T14:15:00Z,158.7,26.31,0
2026-04-07T14:30:00Z,250.9,26.2,0
2026-04-07T14:45:00Z,246.5,26.2,0
2026-04-07T15:00:00Z,79.77,25.8,0
2026-04-07T15:15:00Z,41.61,25.7,0
2026-04-07T15:30:00Z,74.92,25.11,0
2026-04-07T15:45:00Z,108.7,23.62,0
2026-04-07T16:00:00Z,113.7,23.8,0
2026-04-07T16:15:00Z,109.5,24.2,0
2026-04-07T16:30:00Z,91,24.4,0
2026-04-07T16:45:00Z,82.5,24.4,0
2026-04-07T17:00:00Z,74.79,24.6,0
2026-04-07T17:15:00Z,60.76,24.6,0
2026-04-07T17:30:00Z,49.13,24.4,0
2026-04-07T17:45:00Z,30.31,24.3,0
2026-04-07T18:00:00Z,15.76,24,0
2026-04-07T18:15:00Z,6.799,23.41,0
2026-04-07T18:30:00Z,0.074,22.91,0
2026-04-07T18:45:00Z,0,22.31,0
2026-04-07T19:00:00Z,0,22.1,0
2026-04-07T19:15:00Z,0,22,0
2026-04-07T19:30:00Z,0,21.51,0
2026-04-07T19:45:00Z,0,21.3,0
2026-04-07T20:00:00Z,0,21.1,0
2026-04-07T20:15:00Z,0,20.51,0
2026-04-07T20:30:00Z,0,20.2,0
2026-04-07T20:45:00Z,0,19.71,0
2026-04-07T21:00:00Z,0,19.7,0
2026-04-07T21:15:00Z,0,19.4,0
2026-04-07T21:30:00Z,0,19.4,0
2026-04-07T21:45:00Z,0,19.6,0
2026-04-07T22:00:00Z,0,19.4,0
2026-04-07T22:15:00Z,0,19.1,0
2026-04-07T22:30:00Z,0,19.5,0
2026-04-07T22:45:00Z,0,19.6,0
2026-04-07T23:00:00Z,0,19.5,0
2026-04-07T23:15:00Z,0,19.3,0
2026-04-07T23:30:00Z,0,19.79,0
2026-04-07T23:45:00Z,0,20,0
2026-04-08T00:00:00Z,0,19.9,0
2026-04-08T00:15:00Z,0,20.39,0
2026-04-08T00:30:00Z,0,20.7,0
2026-04-08T00:45:00Z,0,20.11,0
2026-04-08T01:00:00Z,0,19.8,0
2026-04-08T01:15:00Z,0,19.6,0
2026-04-08T01:30:00Z,0,19.11,0
2026-04-08T01:45:00Z,0,18.8,0
2026-04-08T02:00:00Z,0,18.8,0
2026-04-08T02:15:00Z,0,19.1,0
2026-04-08T02:30:00Z,0,19.69,0
2026-04-08T02:45:00Z,0,19.8,0
2026-04-08T03:00:00Z,0,19.6,0
2026-04-08T03:15:00Z,0,19.4,0
2026-04-08T03:30:00Z,0,19.4,0
2026-04-08T03:45:00Z,0,19,0
2026-04-08T04:00:00Z,0,18.7,0
2026-04-08T04:15:00Z,0,18.9,0
2026-04-08T04:30:00Z,0,19.1,0
2026-04-08T04:45:00Z,0,19.1,0
2026-04-08T05:00:00Z,0,19.5,0
2026-04-08T05:15:00Z,0,19.2,0
2026-04-08T05:30:00Z,0,19.1,0
2026-04-08T05:45:00Z,0,18.8,0
2026-04-08T06:00:00Z,0,19.1,0
2026-04-08T06:15:00Z,0,18.9,0
2026-04-08T06:30:00Z,0,18.9,0
2026-04-08T06:45:00Z,4.648,18.31,0
2026-04-08T07:00:00Z,15.97,18.5,0
2026-04-08T07:15:00Z,25.49,19.39,0
2026-04-08T07:30:00Z,62.58,20.19,0
2026-04-08T07:45:00Z,102.7,21.19,0
2026-04-08T08:00:00Z,137.6,22.19,0
2026-04-08T08:15:00Z,183.5,22.89,0
2026-04-08T08:30:00Z,240.1,23.69,0
2026-04-08T08:45:00Z,296.2,24.19,0
2026-04-08T09:00:00Z,355.3,24.5,0
2026-04-08T09:15:00Z,410.9,25.09,0
2026-04-08T09:30:00Z,465.4,25.79,0
2026-04-08T09:45:00Z,520.4,26.39,0
2026-04-08T10:00:00Z,586.9,26.6,0
2026-04-08T10:15:00Z,668.4,27,0
2026-04-08T10:30:00Z,205.7,25.52,0
2026-04-08T10:45:00Z,159.4,24.91,0
2026-04-08T11:00:00Z,172,24.7,0
2026-04-08T11:15:00Z,165.4,24.7,0
2026-04-08T11:30:00Z,915,25.79,0
2026-04-08T11:45:00Z,1075,26.69,0
2026-04-08T12:00:00Z,365.3,23.24,181.6
2026-04-08T12:15:00Z,72.2,20.23,274.4
2026-04-08T12:30:00Z,50.31,19.9,275.4
2026-04-08T12:45:00Z,49.01,19.7,245.1
2026-04-08T13:00:00Z,85.6,19.7,63.24
2026-04-08T13:15:00Z,111.8,20.39,30.94
2026-04-08T13:30:00Z,122.4,20.3,0.34
2026-04-08T13:45:00Z,123.7,20.4,0
2026-04-08T14:00:00Z,147.4,20.89,0
2026-04-08T14:15:00Z,166.4,21.2,0
2026-04-08T14:30:00Z,318.9,21.89,0
2026-04-08T14:45:00Z,711.5,23.38,0
2026-04-08T15:00:00Z,745.9,24.49,0
2026-04-08T15:15:00Z,561.9,25.98,0
2026-04-08T15:30:00Z,552.9,26.59,0
2026-04-08T15:45:00Z,408.3,26.5,0
2026-04-08T16:00:00Z,244.8,26.4,0
2026-04-08T16:15:00Z,112,26.2,0
2026-04-08T16:30:00Z,68.27,25.01,0
2026-04-08T16:45:00Z,23.5,22.03,0
2026-04-08T17:00:00Z,29.72,19.33,121
2026-04-08T17:15:00Z,43.35,19.3,31.62
2026-04-08T17:30:00Z,123.4,19.89,0.34
2026-04-08T17:45:00Z,133.8,20.49,0
2026-04-08T18:00:00Z,86.4,20.9,0
2026-04-08T18:15:00Z,30.92,20.8,0
2026-04-08T18:30:00Z,1.523,20.4,0
2026-04-08T18:45:00Z,0.013,20.2,0
2026-04-08T19:00:00Z,0,20.4,0
2026-04-08T19:15:00Z,0,20.4,0
2026-04-08T19:30:00Z,0,20.4,0
2026-04-08T19:45:00Z,0,20.5,0
2026-04-08T20:00:00Z,0,20.6,0
2026-04-08T20:15:00Z,0,20.2,0
2026-04-08T20:30:00Z,0,20.2,0
2026-04-08T20:45:00Z,0,19.9,0
2026-04-08T21:00:00Z,0,19.8,0
2026-04-08T21:15:00Z,0,19.6,0
2026-04-08T21:30:00Z,0,19.6,0
2026-04-08T21:45:00Z,0,19.2,0
2026-04-08T22:00:00Z,0,19.1,0
2026-04-08T22:15:00Z,0,18.9,0
2026-04-08T22:30:00Z,0,19,0
2026-04-08T22:45:00Z,0,19.1,0
2026-04-08T23:00:00Z,0,19.4,0
2026-04-08T23:15:00Z,0,19.2,0
2026-04-08T23:30:00Z,0,18.9,0
2026-04-08T23:45:00Z,0,18.9,0
2026-04-09T00:00:00Z,0,19.1,0
2026-04-09T00:15:00Z,0,18.61,0
2026-04-09T00:30:00Z,0,18.7,0
2026-04-09T00:45:00Z,0,18.9,0
2026-04-09T01:00:00Z,0,18.6,0
2026-04-09T01:15:00Z,0,18.5,0
2026-04-09T01:30:00Z,0,18.8,0
2026-04-09T01:45:00Z,0,18.9,0
2026-04-09T02:00:00Z,0,19.2,0
2026-04-09T02:15:00Z,0,19.6,0
2026-04-09T02:30:00Z,0,19.6,0
2026-04-09T02:45:00Z,0,19.6,0
2026-04-09T03:00:00Z,0,19.3,0
2026-04-09T03:15:00Z,0,19.4,0
2026-04-09T03:30:00Z,0,19.6,0
2026-04-09T03:45:00Z,0,19.9,0
2026-04-09T04:00:00Z,0,20,0
2026-04-09T04:15:00Z,0,19.8,0
2026-04-09T04:30:00Z,0,20.1,0
2026-04-09T04:45:00Z,0,20.59,0
2026-04-09T05:00:00Z,0,20.8,0
2026-04-09T05:15:00Z,0,20.5,0
2026-04-09T05:30:00Z,0,19.91,0
2026-04-09T05:45:00Z,0,19.7,0
2026-04-09T06:00:00Z,0,19.9,0
2026-04-09T06:15:00Z,0,19.8,0
2026-04-09T06:30:00Z,0,19.6,0
2026-04-09T06:45:00Z,3.56,19.6,0
2026-04-09T07:00:00Z,13.79,19.9,0
2026-04-09T07:15:00Z,22.31,20.49,0
2026-04-09T07:30:00Z,67.69,21.49,0
2026-04-09T07:45:00Z,89.9,21.99,0
2026-04-09T08:00:00Z,139.1,22.1,0
2026-04-09T08:15:00Z,131.4,22.5,0
2026-04-09T08:30:00Z,182.3,22.6,0
2026-04-09T08:45:00Z,367,23.79,0
2026-04-09T09:00:00Z,386.3,24.2,0
2026-04-09T09:15:00Z,445.3,24.69,0
2026-04-09T09:30:00Z,489.5,25.29,0
2026-04-09T09:45:00Z,530.5,25.7,0
2026-04-09T10:00:00Z,564.8,25.9,0
2026-04-09T10:15:00Z,354.6,25.21,0
2026-04-09T10:30:00Z,423.4,24.8,0
2026-04-09T10:45:00Z,398.9,24.5,0
2026-04-09T11:00:00Z,418.2,24.7,0
2026-04-09T11:15:00Z,138,22.13,0
2026-04-09T11:30:00Z,48.47,19.92,151.3
2026-04-09T11:45:00Z,32.57,17.63,334.6
2026-04-09T12:00:00Z,35.86,18.39,309.4
2026-04-09T12:15:00Z,43.71,18.1,30.67
2026-04-09T12:30:00Z,57.94,17.7,30.57
2026-04-09T12:45:00Z,116.7,17.7,30.6
2026-04-09T13:00:00Z,218.3,18.19,30.6
2026-04-09T13:15:00Z,334.7,18.69,0.34
2026-04-09T13:30:00Z,321.4,19.39,0
2026-04-09T13:45:00Z,268.3,19.99,0
2026-04-09T14:00:00Z,256,20.59,0
2026-04-09T14:15:00Z,211.8,20.8,0
2026-04-09T14:30:00Z,186.3,21,0
2026-04-09T14:45:00Z,140.3,20.31,0
2026-04-09T15:00:00Z,111,20.2,0
2026-04-09T15:15:00Z,103.5,20.5,0
2026-04-09T15:30:00Z,122.9,20.99,0
2026-04-09T15:45:00Z,186,21.2,0
2026-04-09T16:00:00Z,179.7,21.1,0
2026-04-09T16:15:00Z,121.7,21.5,0
2026-04-09T16:30:00Z,90.1,21.8,0
2026-04-09T16:45:00Z,58.95,21.7,0
2026-04-09T17:00:00Z,63.15,21.6,0
2026-04-09T17:15:00Z,99.3,21.6,0
2026-04-09T17:30:00Z,60.64,21.7,0
2026-04-09T17:45:00Z,20.55,22.1,0
2026-04-09T18:00:00Z,18.42,22,0
2026-04-09T18:15:00Z,4.457,21.31,0
2026-04-09T18:30:00Z,0.048,21.1,0
2026-04-09T18:45:00Z,0,20.9,0
2026-04-09T19:00:00Z,0,20.8,0
2026-04-09T19:15:00Z,0,20.8,0
2026-04-09T19:30:00Z,0,20.6,0
2026-04-09T19:45:00Z,0,20.4,0
2026-04-09T20:00:00Z,0,20.2,0
2026-04-09T20:15:00Z,0,20.2,0
2026-04-09T20:30:00Z,0,19.9,0
2026-04-09T20:45:00Z,0,19.7,0
2026-04-09T21:00:00Z,0,19.6,0
2026-04-09T21:15:00Z,0,19.5,0
2026-04-09T21:30:00Z,0,19.5,0
2026-04-09T21:45:00Z,0,19.6,0
2026-04-09T22:00:00Z,0,19.5,0
2026-04-09T22:15:00Z,0,19.7,0
2026-04-09T22:30:00Z,0,19.7,0
2026-04-09T22:45:00Z,0,19.8,0
2026-04-09T23:00:00Z,0,19.7,0
2026-04-09T23:15:00Z,0,19.6,0
2026-04-09T23:30:00Z,0,19.4,0
2026-04-09T23:45:00Z,0,19.6,0
2026-04-10T00:00:00Z,0,19.3,0
2026-04-10T00:15:00Z,0,19.4,0
2026-04-10T00:30:00Z,0,19.3,0
2026-04-10T00:45:00Z,0,19.5,0
2026-04-10T01:00:00Z,0,19.5,0
2026-04-10T01:15:00Z,0,19.4,0
2026-04-10T01:30:00Z,0,19.4,0
2026-04-10T01:45:00Z,0,19.4,0
2026-04-10T02:00:00Z,0,19.4,0
2026-04-10T02:15:00Z,0,19.4,0
2026-04-10T02:30:00Z,0,19.4,0
2026-04-10T02:45:00Z,0,19.4,0
2026-04-10T03:00:00Z,0,19.3,0
2026-04-10T03:15:00Z,0,19.2,0
2026-04-10T03:30:00Z,0,19.3,0
2026-04-10T03:45:00Z,0,19.2,0
2026-04-10T04:00:00Z,0,19.2,0
2026-04-10T04:15:00Z,0,19.2,0
2026-04-10T04:30:00Z,0,19.3,0
2026-04-10T04:45:00Z,0,19.3,0
2026-04-10T05:00:00Z,0,18.81,0
2026-04-10T05:15:00Z,0,18.4,0
2026-04-10T05:30:00Z,0,18.6,0
2026-04-10T05:45:00Z,0,19,0
2026-04-10T06:00:00Z,0,18.9,0
2026-04-10T06:15:00Z,0,18.7,0
2026-04-10T06:30:00Z,0,18.6,0
2026-04-10T06:45:00Z,4.054,18.2,0
2026-04-10T07:00:00Z,21.8,18.4,0
2026-04-10T07:15:00Z,31.2,18.89,0
2026-04-10T07:30:00Z,64.43,19.89,0
2026-04-10T07:45:00Z,111.5,20.89,0
2026-04-10T08:00:00Z,159,21.3,0
2026-04-10T08:15:00Z,215,22.19,0
2026-04-10T08:30:00Z,299.4,22.79,0
2026-04-10T08:45:00Z,337.1,23.2,0
2026-04-10T09:00:00Z,429.7,23.4,0
2026-04-10T09:15:00Z,352.9,23.5,0
2026-04-10T09:30:00Z,409.2,23.99,0
2026-04-10T09:45:00Z,367.3,24,0
2026-04-10T10:00:00Z,384,24.1,0
2026-04-10T10:15:00Z,401.4,24.4,0
2026-04-10T10:30:00Z,380.8,23.51,0
2026-04-10T10:45:00Z,189.1,22.12,0
2026-04-10T11:00:00Z,520.7,22.3,0
2026-04-10T11:15:00Z,178.8,22.2,0
2026-04-10T11:30:00Z,63.95,21.61,0
2026-04-10T11:45:00Z,58.35,20.22,60.52
2026-04-10T12:00:00Z,124.3,19.41,30.94
2026-04-10T12:15:00Z,286.1,19.8,0.34
2026-04-10T12:30:00Z,418.9,20.59,0
2026-04-10T12:45:00Z,226.2,20.11,60.52
2026-04-10T13:00:00Z,257.6,19.7,30.94
2026-04-10T13:15:00Z,172.2,21.18,0.34
2026-04-10T13:30:00Z,159.1,21.69,0
2026-04-10T13:45:00Z,161.6,21.9,0
2026-04-10T14:00:00Z,177.8,21.41,0
2026-04-10T14:15:00Z,194.9,21.7,0
2026-04-10T14:30:00Z,201.1,22.19,0
2026-04-10T14:45:00Z,228.5,22.2,0
2026-04-10T15:00:00Z,382.2,22.69,0
2026-04-10T15:15:00Z,655.8,24.18,0
2026-04-10T15:30:00Z,774.7,25.88,0
2026-04-10T15:45:00Z,490.2,25.7,0
2026-04-10T16:00:00Z,692,26.79,0
2026-04-10T16:15:00Z,233.9,25.02,0
2026-04-10T16:30:00Z,151.5,23.42,0
2026-04-10T16:45:00Z,95.7,23.7,0
2026-04-10T17:00:00Z,94.8,23.5,0
2026-04-10T17:15:00Z,61.38,23.5,0
2026-04-10T17:30:00Z,37.07,23.01,0
2026-04-10T17:45:00Z,2.387,21.52,121
2026-04-10T18:00:00Z,0.714,19.62,273.7
2026-04-10T18:15:00Z,11.97,19.3,63.58
2026-04-10T18:30:00Z,3.793,19.7,0.68
2026-04-10T18:45:00Z,0.041,19.7,0
2026-04-10T19:00:00Z,0,19.7,0
2026-04-10T19:15:00Z,0,19.9,0
2026-04-10T19:30:00Z,0,19.8,0
2026-04-10T19:45:00Z,0,19.8,0
2026-04-10T20:00:00Z,0,19.6,0
2026-04-10T20:15:00Z,0,19.4,0
2026-04-10T20:30:00Z,0,19.3,0
2026-04-10T20:45:00Z,0,19.2,0
2026-04-10T21:00:00Z,0,19.2,0
2026-04-10T21:15:00Z,0,18.9,0
2026-04-10T21:30:00Z,0,18.7,0
2026-04-10T21:45:00Z,0,18.6,0
2026-04-10T22:00:00Z,0,18.4,0
2026-04-10T22:15:00Z,0,18.2,0
2026-04-10T22:30:00Z,0,18.3,0
2026-04-10T22:45:00Z,0,18.3,0
2026-04-10T23:00:00Z,0,18.3,0
2026-04-10T23:15:00Z,0,18.1,0
2026-04-10T23:30:00Z,0,18.59,0
2026-04-10T23:45:00Z,0,19,0
2026-04-11T00:00:00Z,0,18.8,0
2026-04-11T00:15:00Z,0,18.6,0
2026-04-11T00:30:00Z,0,18.6,0
2026-04-11T00:45:00Z,0,19.29,0
2026-04-11T01:00:00Z,0,19.79,0
2026-04-11T01:15:00Z,0,19.5,0
2026-04-11T01:30:00Z,0,19.3,0
2026-04-11T01:45:00Z,0,19,0
2026-04-11T02:00:00Z,0,19.3,0
2026-04-11T02:15:00Z,0,19.3,0
2026-04-11T02:30:00Z,0,19.6,0
2026-04-11T02:45:00Z,0,19.4,0
2026-04-11T03:00:00Z,0,19.5,0
2026-04-11T03:15:00Z,0,20.09,0
2026-04-11T03:30:00Z,0,20,0
2026-04-11T03:45:00Z,0,20,0
2026-04-11T04:00:00Z,0,20.1,0
2026-04-11T04:15:00Z,0,20.1,0
2026-04-11T04:30:00Z,0,19.9,0
2026-04-11T04:45:00Z,0,20.2,0
2026-04-11T05:00:00Z,0,20.3,0
2026-04-11T05:15:00Z,0,20.2,0
2026-04-11T05:30:00Z,0,20.3,0
2026-04-11T05:45:00Z,0,20.4,0
2026-04-11T06:00:00Z,0,20.7,0
2026-04-11T06:15:00Z,0,20.5,0
2026-04-11T06:30:00Z,0,20.6,0
2026-04-11T06:45:00Z,3.066,20.5,0
2026-04-11T07:00:00Z,14.77,20.8,0
2026-04-11T07:15:00Z,16.48,20.8,0
2026-04-11T07:30:00Z,59.42,21.39,0
2026-04-11T07:45:00Z,103.4,22.29,0
2026-04-11T08:00:00Z,144.3,22.79,0
2026-04-11T08:15:00Z,189.4,22.9,0
2026-04-11T08:30:00Z,248.7,23,0
2026-04-11T08:45:00Z,311.4,23.2,0
2026-04-11T09:00:00Z,353.6,23.2,0
2026-04-11T09:15:00Z,403,23.6,0
2026-04-11T09:30:00Z,467.9,23.9,0
2026-04-11T09:45:00Z,506.7,24,0
2026-04-11T10:00:00Z,425.5,24.3,0
2026-04-11T10:15:00Z,510.5,24,0
2026-04-11T10:30:00Z,532.3,24,0
2026-04-11T10:45:00Z,540.5,24,0
2026-04-11T11:00:00Z,531.4,24.4,0
2026-04-11T11:15:00Z,425,24.4,0
2026-04-11T11:30:00Z,525.6,24.6,0
2026-04-11T11:45:00Z,636.2,25.19,0
2026-04-11T12:00:00Z,942,26.19,0
2026-04-11T12:15:00Z,657.6,26.2,0
2026-04-11T12:30:00Z,471,25.8,0
2026-04-11T12:45:00Z,532.5,25.9,0
2026-04-11T13:00:00Z,368,26.3,0
2026-04-11T13:15:00Z,811,26.79,0
2026-04-11T13:30:00Z,841,27.39,0
2026-04-11T13:45:00Z,952,27.5,0
2026-04-11T14:00:00Z,938,26.61,0
2026-04-11T14:15:00Z,426.3,26.01,0
2026-04-11T14:30:00Z,482.5,26.59,0
2026-04-11T14:45:00Z,71.53,24.92,0
2026-04-11T15:00:00Z,204.9,24.8,0
2026-04-11T15:15:00Z,137.5,24.4,0
2026-04-11T15:30:00Z,173.9,23.61,30.26
2026-04-11T15:45:00Z,521.4,24.59,0.34
2026-04-11T16:00:00Z,161.1,25.09,0
2026-04-11T16:15:00Z,71.76,24.7,0
2026-04-11T16:30:00Z,106.7,24.7,0
2026-04-11T16:45:00Z,183.7,24.8,0
2026-04-11T17:00:00Z,94,25,0
2026-04-11T17:15:00Z,98.9,24.8,0
2026-04-11T17:30:00Z,119.6,24.5,0
2026-04-11T17:45:00Z,95.7,24.3,0
2026-04-11T18:00:00Z,47.93,24.1,0
2026-04-11T18:15:00Z,17.24,23.8,0
2026-04-11T18:30:00Z,1.968,22.91,0
2026-04-11T18:45:00Z,0.02,22.31,0
2026-04-11T19:00:00Z,0,21.81,0
2026-04-11T19:15:00Z,0,21.31,0
2026-04-11T19:30:00Z,0,21.1,0
2026-04-11T19:45:00Z,0,21.1,0
2026-04-11T20:00:00Z,0,21.1,0
2026-04-11T20:15:00Z,0,21.1,0
2026-04-11T20:30:00Z,0,21.2,0
2026-04-11T20:45:00Z,0,21.2,0
2026-04-11T21:00:00Z,0,21.2,0
2026-04-11T21:15:00Z,0,21.4,0
2026-04-11T21:30:00Z,0,21.6,0
2026-04-11T21:45:00Z,0,21.7,0
2026-04-11T22:00:00Z,0,21.8,0
2026-04-11T22:15:00Z,0,22,0
2026-04-11T22:30:00Z,0,22.1,0
2026-04-11T22:45:00Z,0,21.8,0
2026-04-11T23:00:00Z,0,21.21,0
2026-04-11T23:15:00Z,0,20.61,0
2026-04-11T23:30:00Z,0,20.6,0
2026-04-11T23:45:00Z,0,20.8,0
2026-04-12T00:00:00Z,0,20.8,0
2026-04-12T00:15:00Z,0,20.7,0
2026-04-12T00:30:00Z,0,20.5,0
2026-04-12T00:45:00Z,0,19.81,30.26
2026-04-12T01:00:00Z,0,19.8,30.6
2026-04-12T01:15:00Z,0,19.7,30.6
2026-04-12T01:30:00Z,0,19.8,30.6
2026-04-12T01:45:00Z,0,20.2,0.34
2026-04-12T02:00:00Z,0,20.1,0
2026-04-12T02:15:00Z,0,20,0
2026-04-12T02:30:00Z,0,20,0
2026-04-12T02:45:00Z,0,19.9,0
2026-04-12T03:00:00Z,0,20,0
2026-04-12T03:15:00Z,0,20.3,0
2026-04-12T03:30:00Z,0,20.5,0
2026-04-12T03:45:00Z,0,20.6,0
2026-04-12T04:00:00Z,0,20.4,0
2026-04-12T04:15:00Z,0,20.5,0
2026-04-12T04:30:00Z,0,20.4,0
2026-04-12T04:45:00Z,0,20.4,0
2026-04-12T05:00:00Z,0,20.5,0
2026-04-12T05:15:00Z,0,20.6,0
2026-04-12T05:30:00Z,0,20.5,0
2026-04-12T05:45:00Z,0,20.4,0
2026-04-12T06:00:00Z,0,20.2,0
2026-04-12T06:15:00Z,0,20.1,0
2026-04-12T06:30:00Z,0.593,20.1,0
2026-04-12T06:45:00Z,10.39,20.2,0
2026-04-12T07:00:00Z,27.81,20.1,0
2026-04-12T07:15:00Z,45.6,20.4,0
2026-04-12T07:30:00Z,65.97,20.8,0
2026-04-12T07:45:00Z,80,21,0
2026-04-12T08:00:00Z,96,21,0
2026-04-12T08:15:00Z,100.7,21.2,0
2026-04-12T08:30:00Z,201.7,21.5,0
2026-04-12T08:45:00Z,202.9,21.6,0
2026-04-12T09:00:00Z,308.9,22.09,0
2026-04-12T09:15:00Z,310.3,22.1,0
2026-04-12T09:30:00Z,478.9,22.69,0
2026-04-12T09:45:00Z,525.9,22.8,0
2026-04-12T10:00:00Z,549.5,23,0
2026-04-12T10:15:00Z,532.4,23.49,0
2026-04-12T10:30:00Z,598,23.5,0
2026-04-12T10:45:00Z,700.5,23.6,0
2026-04-12T11:00:00Z,750.3,24,0
2026-04-12T11:15:00Z,783.6,24.4,0
2026-04-12T11:30:00Z,834,24.4,0
2026-04-12T11:45:00Z,862,24.8,0
2026-04-12T12:00:00Z,913,25,0
2026-04-12T12:15:00Z,934,25.4,0
2026-04-12T12:30:00Z,905,25.7,0
2026-04-12T12:45:00Z,869,25.5,0
2026-04-12T13:00:00Z,950,25.6,0
2026-04-12T13:15:00Z,993,26.29,0
2026-04-12T13:30:00Z,699.2,26,0
2026-04-12T13:45:00Z,418.6,25.21,0
2026-04-12T14:00:00Z,747.6,26.39,0
2026-04-12T14:15:00Z,655.8,26,0
2026-04-12T14:30:00Z,409,25.6,0
2026-04-12T14:45:00Z,131.9,25.11,0
2026-04-12T15:00:00Z,435.8,25.69,0
2026-04-12T15:15:00Z,285.1,25.7,0
2026-04-12T15:30:00Z,458.8,25.9,0
2026-04-12T15:45:00Z,615.8,26.79,0
2026-04-12T16:00:00Z,308,26.4,0
2026-04-12T16:15:00Z,96.7,25.21,0
2026-04-12T16:30:00Z,107.4,25.1,0
2026-04-12T16:45:00Z,300,25.4,0
2026-04-12T17:00:00Z,93.3,25.1,0
2026-04-12T17:15:00Z,226.5,25.4,0
2026-04-12T17:30:00Z,79.77,24.81,0
2026-04-12T17:45:00Z,24.9,24.21,0
2026-04-12T18:00:00Z,46.85,23.9,0
2026-04-12T18:15:00Z,20.3,23.6,0
2026-04-12T18:30:00Z,0.222,22.91,0
2026-04-12T18:45:00Z,0,22.21,0
2026-04-12T19:00:00Z,0,21.9,0
2026-04-12T19:15:00Z,0,21.01,0
2026-04-12T19:30:00Z,0,20.7,0
2026-04-12T19:45:00Z,0,20.4,0
2026-04-12T20:00:00Z,0,20.1,0
2026-04-12T20:15:00Z,0,20.1,0
2026-04-12T20:30:00Z,0,20.4,0
2026-04-12T20:45:00Z,0,20.5,0
2026-04-12T21:00:00Z,0,20.6,0
2026-04-12T21:15:00Z,0,20.4,0
2026-04-12T21:30:00Z,0,20.3,0
2026-04-12T21:45:00Z,0,20.2,0
2026-04-12T22:00:00Z,0,20.2,0
2026-04-12T22:15:00Z,0,20.6,0
2026-04-12T22:30:00Z,0,20.5,0
2026-04-12T22:45:00Z,0,20.3,0
2026-04-12T23:00:00Z,0,20.4,0
2026-04-12T23:15:00Z,0,20.6,0
2026-04-12T23:30:00Z,0,20.5,0
2026-04-12T23:45:00Z,0,20.6,0
2026-04-13T00:00:00Z,0,20.6,0
2026-04-13T00:15:00Z,0,20.3,0
2026-04-13T00:30:00Z,0,20.1,0
2026-04-13T00:45:00Z,0,20.2,0
2026-04-13T01:00:00Z,0,20.3,0
2026-04-13T01:15:00Z,0,20,0
2026-04-13T01:30:00Z,0,19.9,0
2026-04-13T01:45:00Z,0,20,0
2026-04-13T02:00:00Z,0,19.8,0
2026-04-13T02:15:00Z,0,19.5,0
2026-04-13T02:30:00Z,0,19.4,0
2026-04-13T02:45:00Z,0,19.3,0
2026-04-13T03:00:00Z,0,19.3,0
2026-04-13T03:15:00Z,0,19.4,0
2026-04-13T03:30:00Z,0,19.3,0
2026-04-13T03:45:00Z,0,19.2,0
2026-04-13T04:00:00Z,0,19.4,0
2026-04-13T04:15:00Z,0,19.5,0
2026-04-13T04:30:00Z,0,19.5,0
2026-04-13T04:45:00Z,0,19.4,0
2026-04-13T05:00:00Z,0,19.2,0
2026-04-13T05:15:00Z,0,19.3,0
2026-04-13T05:30:00Z,0,19.3,0
2026-04-13T05:45:00Z,0,19.2,0
2026-04-13T06:00:00Z,0,19.2,0
2026-04-13T06:15:00Z,0,19.1,0
2026-04-13T06:30:00Z,0,19.1,0
2026-04-13T06:45:00Z,7.614,19.2,0
2026-04-13T07:00:00Z,19.17,19.3,0
2026-04-13T07:15:00Z,26.32,19.6,0
2026-04-13T07:30:00Z,59.33,19.9,0
2026-04-13T07:45:00Z,128.1,20.49,0
2026-04-13T08:00:00Z,171.2,20.8,0
2026-04-13T08:15:00Z,203.2,21,0
2026-04-13T08:30:00Z,282.9,21.69,0
2026-04-13T08:45:00Z,286.4,21.8,0
2026-04-13T09:00:00Z,333.2,22.1,0
2026-04-13T09:15:00Z,417.2,22.69,0
2026-04-13T09:30:00Z,443.9,22.8,0
2026-04-13T09:45:00Z,470.3,23.2,0
2026-04-13T10:00:00Z,507,23.3,0
2026-04-13T10:15:00Z,514.2,23.6,0
2026-04-13T10:30:00Z,636.5,23.9,0
2026-04-13T10:45:00Z,700.2,24.3,0
2026-04-13T11:00:00Z,752.3,24.5,0
2026-04-13T11:15:00Z,680.7,24.5,0
2026-04-13T11:30:00Z,646.3,24.6,0
2026-04-13T11:45:00Z,594.1,24.7,0
2026-04-13T12:00:00Z,286.2,24.21,0
2026-04-13T12:15:00Z,281.7,24.1,0
2026-04-13T12:30:00Z,259.4,24.1,0
2026-04-13T12:45:00Z,272.9,24.4,0
2026-04-13T13:00:00Z,231.4,24.4,0
2026-04-13T13:15:00Z,965,25.69,0
2026-04-13T13:30:00Z,770.6,25.9,0
2026-04-13T13:45:00Z,362.8,25.31,0
2026-04-13T14:00:00Z,119.1,25.4,0
2026-04-13T14:15:00Z,125.5,23.22,0
2026-04-13T14:30:00Z,97.7,20.53,0
2026-04-13T14:45:00Z,88.9,19.31,60.52
2026-04-13T15:00:00Z,102,19.3,30.94
2026-04-13T15:15:00Z,138.4,19.5,91.1
2026-04-13T15:30:00Z,215.2,20.09,1.02
2026-04-13T15:45:00Z,219.1,21.09,0
2026-04-13T16:00:00Z,191.2,20.9,0
2026-04-13T16:15:00Z,210.8,21,0
2026-04-13T16:30:00Z,343.2,21.89,0
2026-04-13T16:45:00Z,438.3,22.99,0
2026-04-13T17:00:00Z,353.5,23.4,0
2026-04-13T17:15:00Z,288.8,23.6,0
2026-04-13T17:30:00Z,222.4,24,0
2026-04-13T17:45:00Z,161.1,24.1,0
2026-04-13T18:00:00Z,36.69,23.21,0
2026-04-13T18:15:00Z,7.314,22.31,0
2026-04-13T18:30:00Z,0.078,21.51,0
2026-04-13T18:45:00Z,0,21.01,0
2026-04-13T19:00:00Z,0,20.6,0
2026-04-13T19:15:00Z,0,20.3,0
2026-04-13T19:30:00Z,0,20,0
2026-04-13T19:45:00Z,0,19.6,0
2026-04-13T20:00:00Z,0,19.3,0
2026-04-13T20:15:00Z,0,19.2,0
2026-04-13T20:30:00Z,0,19.1,0
2026-04-13T20:45:00Z,0,19.2,0
2026-04-13T21:00:00Z,0,19.1,0
2026-04-13T21:15:00Z,0,19.1,0
2026-04-13T21:30:00Z,0,19.1,0
2026-04-13T21:45:00Z,0,19,0
2026-04-13T22:00:00Z,0,19.4,0
2026-04-13T22:15:00Z,0,19.7,0
2026-04-13T22:30:00Z,0,19.4,0
2026-04-13T22:45:00Z,0,19.4,0
2026-04-13T23:00:00Z,0,19.3,0
2026-04-13T23:15:00Z,0,19.2,0
2026-04-13T23:30:00Z,0,19.3,0
2026-04-13T23:45:00Z,0,19.7,0
2026-04-14T00:00:00Z,0,19.9,0
2026-04-14T00:15:00Z,0,19.9,0
2026-04-14T00:30:00Z,0,19.9,0
2026-04-14T00:45:00Z,0,19.6,0
2026-04-14T01:00:00Z,0,19.7,0
2026-04-14T01:15:00Z,0,19.7,0
2026-04-14T01:30:00Z,0,19.9,0
2026-04-14T01:45:00Z,0,19.9,0
2026-04-14T02:00:00Z,0,19.6,0
2026-04-14T02:15:00Z,0,19.6,0
2026-04-14T02:30:00Z,0,19.5,0
2026-04-14T02:45:00Z,0,19.6,0
2026-04-14T03:00:00Z,0,19.4,0
2026-04-14T03:15:00Z,0,19.5,0
2026-04-14T03:30:00Z,0,19.6,0
2026-04-14T03:45:00Z,0,19.6,0
2026-04-14T04:00:00Z,0,19.5,0
2026-04-14T04:15:00Z,0,19.3,0
2026-04-14T04:30:00Z,0,19.3,0
2026-04-14T04:45:00Z,0,19.3,0
2026-04-14T05:00:00Z,0,19.4,0
2026-04-14T05:15:00Z,0,19.6,0
2026-04-14T05:30:00Z,0,19.3,0
2026-04-14T05:45:00Z,0,19.2,0
2026-04-14T06:00:00Z,0,19,0
2026-04-14T06:15:00Z,0,19.1,0
2026-04-14T06:30:00Z,0,19,0
2026-04-14T06:45:00Z,3.164,19,0
2026-04-14T07:00:00Z,12.5,19.2,0
2026-04-14T07:15:00Z,16.75,19.5,0
2026-04-14T07:30:00Z,52.6,20.29,0
2026-04-14T07:45:00Z,98.2,20.89,0
2026-04-14T08:00:00Z,141.2,21.1,0
2026-04-14T08:15:00Z,191.1,21.3,0
2026-04-14T08:30:00Z,243.3,21.79,0
2026-04-14T08:45:00Z,298.7,22.39,0
2026-04-14T09:00:00Z,357,22.6,0
2026-04-14T09:15:00Z,414.3,23.09,0
2026-04-14T09:30:00Z,469.2,23.5,0
2026-04-14T09:45:00Z,514.3,23.9,0
2026-04-14T10:00:00Z,522.8,24.2,0
2026-04-14T10:15:00Z,540.2,24.4,0
2026-04-14T10:30:00Z,650.1,24.5,0
2026-04-14T10:45:00Z,722.5,24.8,0
2026-04-14T11:00:00Z,713.2,24.9,0
2026-04-14T11:15:00Z,805,25,0
2026-04-14T11:30:00Z,621.2,25.2,0
2026-04-14T11:45:00Z,512.3,24.8,0
2026-04-14T12:00:00Z,424.7,24.8,0
2026-04-14T12:15:00Z,487.1,24.9,0
2026-04-14T12:30:00Z,325.9,24.7,0
2026-04-14T12:45:00Z,277,24.7,0
2026-04-14T13:00:00Z,305.4,23.61,0
2026-04-14T13:15:00Z,490.2,24.09,0
2026-04-14T13:30:00Z,364.1,24.1,0
2026-04-14T13:45:00Z,151.4,22.62,0
2026-04-14T14:00:00Z,151.8,22.01,0
2026-04-14T14:15:00Z,169.5,21.9,0
2026-04-14T14:30:00Z,251.1,20.91,0
2026-04-14T14:45:00Z,324.9,20.9,0
2026-04-14T15:00:00Z,399.2,21.59,0
2026-04-14T15:15:00Z,802,23.48,0
2026-04-14T15:30:00Z,852,23.9,0
2026-04-14T15:45:00Z,752.1,24.49,0
2026-04-14T16:00:00Z,648.1,24.99,0
2026-04-14T16:15:00Z,511.4,25,0
2026-04-14T16:30:00Z,379.6,25,0
2026-04-14T16:45:00Z,378.7,25,0
2026-04-14T17:00:00Z,328.3,24.8,0
2026-04-14T17:15:00Z,287.1,24.6,0
2026-04-14T17:30:00Z,249.4,24.5,0
2026-04-14T17:45:00Z,193.4,24.01,0
2026-04-14T18:00:00Z,98.8,23.51,0
2026-04-14T18:15:00Z,39.95,23.1,0
2026-04-14T18:30:00Z,1.722,22.41,0
2026-04-14T18:45:00Z,0.014,20.92,0
2026-04-14T19:00:00Z,0,20.5,0
2026-04-14T19:15:00Z,0,19.91,0
2026-04-14T19:30:00Z,0,19.8,0
2026-04-14T19:45:00Z,0,19.7,0
2026-04-14T20:00:00Z,0,19.8,0
2026-04-14T20:15:00Z,0,19.8,0
2026-04-14T20:30:00Z,0,19.6,0
2026-04-14T20:45:00Z,0,18.91,0
2026-04-14T21:00:00Z,0,18.9,0
2026-04-14T21:15:00Z,0,19.1,0
2026-04-14T21:30:00Z,0,19.1,0
2026-04-14T21:45:00Z,0,18.9,0
2026-04-14T22:00:00Z,0,19.39,0
2026-04-14T22:15:00Z,0,20.29,0
2026-04-14T22:30:00Z,0,20.5,0
2026-04-14T22:45:00Z,0,20.6,0
2026-04-14T23:00:00Z,0,20.5,0
2026-04-14T23:15:00Z,0,20.5,0
2026-04-14T23:30:00Z,0,20.5,0
2026-04-14T23:45:00Z,0,20.6,0
2026-04-15T00:00:00Z,0,20.8,0
2026-04-15T00:15:00Z,0,20.9,0
2026-04-15T00:30:00Z,0,20.7,0
2026-04-15T00:45:00Z,0,20.8,0
2026-04-15T01:00:00Z,0,20.8,0
2026-04-15T01:15:00Z,0,20.7,0
2026-04-15T01:30:00Z,0,20.6,0
2026-04-15T01:45:00Z,0,20.6,0
2026-04-15T02:00:00Z,0,20.6,0
2026-04-15T02:15:00Z,0,20.3,0
2026-04-15T02:30:00Z,0,20,0
2026-04-15T02:45:00Z,0,19.7,0
2026-04-15T03:00:00Z,0,19.5,0
2026-04-15T03:15:00Z,0,19.4,0
2026-04-15T03:30:00Z,0,19.1,0
2026-04-15T03:45:00Z,0,19,0
2026-04-15T04:00:00Z,0,18.7,0
2026-04-15T04:15:00Z,0,18.8,0
2026-04-15T04:30:00Z,0,18.8,0
2026-04-15T04:45:00Z,0,19.1,0
2026-04-15T05:00:00Z,0,19.2,0
2026-04-15T05:15:00Z,0,19.2,0
2026-04-15T05:30:00Z,0,19.4,0
2026-04-15T05:45:00Z,0,19.4,0
2026-04-15T06:00:00Z,0,19.4,0
2026-04-15T06:15:00Z,0,19.3,0
2026-04-15T06:30:00Z,0,19.2,0
2026-04-15T06:45:00Z,2.274,19,0
2026-04-15T07:00:00Z,11.6,19.1,0
2026-04-15T07:15:00Z,16.35,19.5,0
2026-04-15T07:30:00Z,55.96,20.59,0
2026-04-15T07:45:00Z,99.4,21.59,0
2026-04-15T08:00:00Z,140.9,22,0
2026-04-15T08:15:00Z,187.9,22.49,0
2026-04-15T08:30:00Z,239.5,22.99,0
2026-04-15T08:45:00Z,294,23.49,0
2026-04-15T09:00:00Z,350.1,23.99,0
2026-04-15T09:15:00Z,405.3,24.69,0
2026-04-15T09:30:00Z,457.4,24.7,0
2026-04-15T09:45:00Z,483.6,25.1,0
2026-04-15T10:00:00Z,548.4,25.69,0
2026-04-15T10:15:00Z,285.5,24.51,0
2026-04-15T10:30:00Z,379,24.4,0
2026-04-15T10:45:00Z,147.2,24,0
2026-04-15T11:00:00Z,105,23.21,0
2026-04-15T11:15:00Z,53.28,21.72,0
2026-04-15T11:30:00Z,63.28,18.63,544.7
2026-04-15T11:45:00Z,112.7,17.81,429.8
2026-04-15T12:00:00Z,148.9,18.1,4.76
2026-04-15T12:15:00Z,310.8,18.3,0
2026-04-15T12:30:00Z,357.3,19.59,0
2026-04-15T12:45:00Z,373.9,20.39,0
2026-04-15T13:00:00Z,597.2,21.49,0
2026-04-15T13:15:00Z,885,22.88,0
2026-04-15T13:30:00Z,791.1,23.69,0
2026-04-15T13:45:00Z,388,24.29,0
2026-04-15T14:00:00Z,188.9,23.61,0
2026-04-15T14:15:00Z,204.1,23.7,0
2026-04-15T14:30:00Z,207.8,24,0
2026-04-15T14:45:00Z,262.3,24.1,0
2026-04-15T15:00:00Z,505.7,24.59,0
2026-04-15T15:15:00Z,710.6,25.29,0
2026-04-15T15:30:00Z,368.6,25.3,30.26
2026-04-15T15:45:00Z,276.2,25,0.34
2026-04-15T16:00:00Z,146.7,25,0
2026-04-15T16:15:00Z,362.9,25.2,0
2026-04-15T16:30:00Z,202.7,25.4,0
2026-04-15T16:45:00Z,140.2,24.91,0
2026-04-15T17:00:00Z,230.1,25.1,0
2026-04-15T17:15:00Z,21.65,24.41,0
2026-04-15T17:30:00Z,13.07,23.61,0
2026-04-15T17:45:00Z,10.82,23.11,0
2026-04-15T18:00:00Z,8.23,22.7,0
2026-04-15T18:15:00Z,5.036,22.21,0
2026-04-15T18:30:00Z,0.056,21.71,0
2026-04-15T18:45:00Z,0,21.21,0
2026-04-15T19:00:00Z,0,20.8,0
2026-04-15T19:15:00Z,0,20.31,0
2026-04-15T19:30:00Z,0,19.71,0
2026-04-15T19:45:00Z,0,19.8,0
2026-04-15T20:00:00Z,0,19.8,0
2026-04-15T20:15:00Z,0,19.21,0
2026-04-15T20:30:00Z,0,18.71,0
2026-04-15T20:45:00Z,0,18.7,0
2026-04-15T21:00:00Z,0,18.7,0
2026-04-15T21:15:00Z,0,18.6,0
2026-04-15T21:30:00Z,0,18.4,0
2026-04-15T21:45:00Z,0,18.4,0
2026-04-15T22:00:00Z,0,18.5,0
2026-04-15T22:15:00Z,0,19.09,0
2026-04-15T22:30:00Z,0,19.5,0
2026-04-15T22:45:00Z,0,19.7,0
2026-04-15T23:00:00Z,0,19.9,0
2026-04-15T23:15:00Z,0,19.9,0
2026-04-15T23:30:00Z,0,19.8,0
2026-04-15T23:45:00Z,0,19.7,0
2026-04-16T00:00:00Z,0,19.8,0
2026-04-16T00:15:00Z,0,19.8,0
2026-04-16T00:30:00Z,0,20.1,0
2026-04-16T00:45:00Z,0,20.4,0
2026-04-16T01:00:00Z,0,20.3,0
2026-04-16T01:15:00Z,0,20.6,0
2026-04-16T01:30:00Z,0,20.8,0
2026-04-16T01:45:00Z,0,20.8,0
2026-04-16T02:00:00Z,0,21,0
2026-04-16T02:15:00Z,0,20.8,0
2026-04-16T02:30:00Z,0,20.6,0
2026-04-16T02:45:00Z,0,20.5,0
2026-04-16T03:00:00Z,0,20.4,0
2026-04-16T03:15:00Z,0,20.2,0
2026-04-16T03:30:00Z,0,20.3,0
2026-04-16T03:45:00Z,0,20.3,0
2026-04-16T04:00:00Z,0,20.4,0
2026-04-16T04:15:00Z,0,20.4,0
2026-04-16T04:30:00Z,0,20.4,0
2026-04-16T04:45:00Z,0,20.3,0
2026-04-16T05:00:00Z,0,20.2,0
2026-04-16T05:15:00Z,0,20.1,0
2026-04-16T05:30:00Z,0,19.9,0
2026-04-16T05:45:00Z,0,19.9,0
2026-04-16T06:00:00Z,0,20,0
2026-04-16T06:15:00Z,0,19.7,0
2026-04-16T06:30:00Z,0,19.8,0
2026-04-16T06:45:00Z,1.681,19.8,0
2026-04-16T07:00:00Z,12.08,20,0
2026-04-16T07:15:00Z,24.26,20.1,0
2026-04-16T07:30:00Z,65.64,20.3,0
2026-04-16T07:45:00Z,163.8,21.59,0
2026-04-16T08:00:00Z,208.7,22.39,0
2026-04-16T08:15:00Z,231.5,22.4,0
2026-04-16T08:30:00Z,186.1,22.3,0
2026-04-16T08:45:00Z,226.9,22.3,0
2026-04-16T09:00:00Z,256.4,22.6,0
2026-04-16T09:15:00Z,245.8,22.6,0
2026-04-16T09:30:00Z,252.2,22.7,0
2026-04-16T09:45:00Z,534.3,23.99,0
2026-04-16T10:00:00Z,517.5,24.49,0
2026-04-16T10:15:00Z,560.8,24.9,0
2026-04-16T10:30:00Z,671,25,0
2026-04-16T10:45:00Z,712.1,25.4,0
2026-04-16T11:00:00Z,498.3,24.91,0
2026-04-16T11:15:00Z,394.4,24.6,0
2026-04-16T11:30:00Z,477.2,24.5,0
2026-04-16T11:45:00Z,706,24.5,0
2026-04-16T12:00:00Z,591.9,24.4,0
2026-04-16T12:15:00Z,504,24.2,0
2026-04-16T12:30:00Z,545.7,24.2,0
2026-04-16T12:45:00Z,1041,25.39,0
2026-04-16T13:00:00Z,1080,25.5,0
2026-04-16T13:15:00Z,586.3,24.91,0
2026-04-16T13:30:00Z,367.8,22.33,0
2026-04-16T13:45:00Z,152.6,21.21,0
2026-04-16T14:00:00Z,103.4,20.8,0
2026-04-16T14:15:00Z,110.1,20.01,0
2026-04-16T14:30:00Z,141.5,19.9,0
2026-04-16T14:45:00Z,111.4,20.1,0
2026-04-16T15:00:00Z,156.2,20.1,0
2026-04-16T15:15:00Z,185.2,20.69,0
2026-04-16T15:30:00Z,173.2,21.1,0
2026-04-16T15:45:00Z,172.6,21.4,0
2026-04-16T16:00:00Z,194.9,21.7,0
2026-04-16T16:15:00Z,516.7,22.69,0
2026-04-16T16:30:00Z,593.3,24.08,0
2026-04-16T16:45:00Z,456.6,24.2,0
2026-04-16T17:00:00Z,342.4,23.9,0
2026-04-16T17:15:00Z,211,23.8,0
2026-04-16T17:30:00Z,123.7,23.6,0
2026-04-16T17:45:00Z,51.1,23.2,0
2026-04-16T18:00:00Z,20.14,22.8,0
2026-04-16T18:15:00Z,11.39,22.5,0
2026-04-16T18:30:00Z,0.126,22.2,0
2026-04-16T18:45:00Z,0,21.8,0
2026-04-16T19:00:00Z,0,21.6,0
2026-04-16T19:15:00Z,0,21.4,0
2026-04-16T19:30:00Z,0,21.2,0
2026-04-16T19:45:00Z,0,21.1,0
2026-04-16T20:00:00Z,0,20.61,0
2026-04-16T20:15:00Z,0,20.6,0
2026-04-16T20:30:00Z,0,20.6,0
2026-04-16T20:45:00Z,0,20.5,0
2026-04-16T21:00:00Z,0,20.6,0
2026-04-16T21:15:00Z,0,20.8,0
2026-04-16T21:30:00Z,0,20.7,0
2026-04-16T21:45:00Z,0,20.5,0
2026-04-16T22:00:00Z,0,20.6,0
2026-04-16T22:15:00Z,0,20.8,0
2026-04-16T22:30:00Z,0,20.6,0
2026-04-16T22:45:00Z,0,20.7,0
2026-04-16T23:00:00Z,0,20.8,0
2026-04-16T23:15:00Z,0,20.4,0
2026-04-16T23:30:00Z,0,20.1,0
2026-04-16T23:45:00Z,0,19.7,0
2026-04-17T00:00:00Z,0,19.7,0
2026-04-17T00:15:00Z,0,20,0
2026-04-17T00:30:00Z,0,20.1,0
2026-04-17T00:45:00Z,0,20.4,0
2026-04-17T01:00:00Z,0,20.3,0
2026-04-17T01:15:00Z,0,20.1,0
2026-04-17T01:30:00Z,0,20.2,0
2026-04-17T01:45:00Z,0,20.5,0
2026-04-17T02:00:00Z,0,20.5,0
2026-04-17T02:15:00Z,0,20.6,0
2026-04-17T02:30:00Z,0,20.5,0
2026-04-17T02:45:00Z,0,20.4,0
2026-04-17T03:00:00Z,0,20.3,0
2026-04-17T03:15:00Z,0,20.1,0
2026-04-17T03:30:00Z,0,19.8,0
2026-04-17T03:45:00Z,0,19.8,0
2026-04-17T04:00:00Z,0,20,0
2026-04-17T04:15:00Z,0,19.9,0
2026-04-17T04:30:00Z,0,19.8,0
2026-04-17T04:45:00Z,0,19.9,0
2026-04-17T05:00:00Z,0,20.49,0
2026-04-17T05:15:00Z,0,20.5,0
2026-04-17T05:30:00Z,0,20.4,0
2026-04-17T05:45:00Z,0,20.3,0
2026-04-17T06:00:00Z,0,20.2,0
2026-04-17T06:15:00Z,0,20.2,0
2026-04-17T06:30:00Z,0,20.2,0
2026-04-17T06:45:00Z,3.56,20.2,0
2026-04-17T07:00:00Z,23.87,20.2,0
2026-04-17T07:15:00Z,35.08,20.3,0
2026-04-17T07:30:00Z,82.2,20.99,0
2026-04-17T07:45:00Z,82.5,21.4,0
2026-04-17T08:00:00Z,163.5,21.6,0
2026-04-17T08:15:00Z,228.9,22.59,0
2026-04-17T08:30:00Z,306.6,22.9,0
2026-04-17T08:45:00Z,400.4,23.3,0
2026-04-17T09:00:00Z,395.9,23.6,0
2026-04-17T09:15:00Z,364.5,23.7,0
2026-04-17T09:30:00Z,320.9,23.7,0
2026-04-17T09:45:00Z,413.6,24,0
2026-04-17T10:00:00Z,299.8,23.8,0
2026-04-17T10:15:00Z,531.9,24,0
2026-04-17T10:30:00Z,710.7,24.2,0
2026-04-17T10:45:00Z,647,23.9,0
2026-04-17T11:00:00Z,832,24.3,0
2026-04-17T11:15:00Z,783.1,24.5,0
2026-04-17T11:30:00Z,348.8,23.71,0
2026-04-17T11:45:00Z,449.3,23.5,0
2026-04-17T12:00:00Z,385.5,23.8,0
2026-04-17T12:15:00Z,338.9,23.7,0
2026-04-17T12:30:00Z,189.4,23.6,0
2026-04-17T12:45:00Z,171.6,23.6,0
2026-04-17T13:00:00Z,208.6,23.5,0
2026-04-17T13:15:00Z,431.9,23.9,0
2026-04-17T13:30:00Z,238,24.1,0
2026-04-17T13:45:00Z,169.1,23.21,0
2026-04-17T14:00:00Z,156.4,22.21,0
2026-04-17T14:15:00Z,342.4,22.5,0
2026-04-17T14:30:00Z,353.7,22.8,0
2026-04-17T14:45:00Z,363.2,22.4,0
2026-04-17T15:00:00Z,259.2,22.4,0
2026-04-17T15:15:00Z,591.9,23.59,0
2026-04-17T15:30:00Z,409.5,24.09,0
2026-04-17T15:45:00Z,207.8,24,0
2026-04-17T16:00:00Z,493.1,24.79,0
2026-04-17T16:15:00Z,495.6,25.39,0
2026-04-17T16:30:00Z,111.1,25.1,0
2026-04-17T16:45:00Z,57.26,24.51,0
2026-04-17T17:00:00Z,45.82,23.71,0
2026-04-17T17:15:00Z,33.93,23.3,0
2026-04-17T17:30:00Z,29.25,22.9,0
2026-04-17T17:45:00Z,31.87,22.41,0
2026-04-17T18:00:00Z,13.7,22.1,0
2026-04-17T18:15:00Z,0.941,21.51,0
2026-04-17T18:30:00Z,0.009,21.2,0
2026-04-17T18:45:00Z,0,21.2,0
2026-04-17T19:00:00Z,0,20.9,0
2026-04-17T19:15:00Z,0,20.6,0
2026-04-17T19:30:00Z,0,20.2,0
2026-04-17T19:45:00Z,0,20,0
2026-04-17T20:00:00Z,0,19.9,0
2026-04-17T20:15:00Z,0,19.7,0
2026-04-17T20:30:00Z,0,19.6,0
2026-04-17T20:45:00Z,0,19.8,0
2026-04-17T21:00:00Z,0,20.1,0
2026-04-17T21:15:00Z,0,19.8,0
2026-04-17T21:30:00Z,0,20,0
2026-04-17T21:45:00Z,0,20.4,0
2026-04-17T22:00:00Z,0,20.8,0
2026-04-17T22:15:00Z,0,20.5,0
2026-04-17T22:30:00Z,0,19.41,0
2026-04-17T22:45:00Z,0,19.4,0
2026-04-17T23:00:00Z,0,19,0
2026-04-17T23:15:00Z,0,18.7,0
2026-04-17T23:30:00Z,0,18.5,0
2026-04-17T23:45:00Z,0,18.1,0
2026-04-18T00:00:00Z,0,17.61,0
2026-04-18T00:15:00Z,0,17.7,0
2026-04-18T00:30:00Z,0,17.7,0
2026-04-18T00:45:00Z,0,17.4,0
2026-04-18T01:00:00Z,0,17.2,0
2026-04-18T01:15:00Z,0,17,0
2026-04-18T01:30:00Z,0,17.4,0
2026-04-18T01:45:00Z,0,17.4,0
2026-04-18T02:00:00Z,0,17.6,0
2026-04-18T02:15:00Z,0,17.6,0
2026-04-18T02:30:00Z,0,17.7,0
2026-04-18T02:45:00Z,0,18,0
2026-04-18T03:00:00Z,0,17.7,0
2026-04-18T03:15:00Z,0,17.7,0
2026-04-18T03:30:00Z,0,17.7,0
2026-04-18T03:45:00Z,0,17.8,0
2026-04-18T04:00:00Z,0,18,0
2026-04-18T04:15:00Z,0,17.7,0
2026-04-18T04:30:00Z,0,17.5,0
2026-04-18T04:45:00Z,0,17.5,0
2026-04-18T05:00:00Z,0,17.3,0
2026-04-18T05:15:00Z,0,17.5,0
2026-04-18T05:30:00Z,0,17.6,0
2026-04-18T05:45:00Z,0,17.7,0
2026-04-18T06:00:00Z,0,17.8,0
2026-04-18T06:15:00Z,0,17.5,0
2026-04-18T06:30:00Z,0,17.6,0
2026-04-18T06:45:00Z,2.373,17.6,0
2026-04-18T07:00:00Z,12.88,17.8,0
2026-04-18T07:15:00Z,25.86,18,0
2026-04-18T07:30:00Z,95,19.68,0
2026-04-18T07:45:00Z,88.7,20.19,0
2026-04-18T08:00:00Z,154.5,21.09,0
2026-04-18T08:15:00Z,121.5,21.79,0
2026-04-18T08:30:00Z,248.7,22.59,0
2026-04-18T08:45:00Z,244.1,23,0
2026-04-18T09:00:00Z,262.3,23.1,0
2026-04-18T09:15:00Z,324.6,23.59,0
2026-04-18T09:30:00Z,341.1,23.9,0
2026-04-18T09:45:00Z,435.2,24.39,0
2026-04-18T10:00:00Z,325.6,24,0
2026-04-18T10:15:00Z,315,24.2,0
2026-04-18T10:30:00Z,469.4,24.5,0
2026-04-18T10:45:00Z,688.5,25.19,0
2026-04-18T11:00:00Z,759.8,25.79,0
2026-04-18T11:15:00Z,286.8,25.01,0
2026-04-18T11:30:00Z,134.6,24.11,0
2026-04-18T11:45:00Z,59.62,22.12,30.26
2026-04-18T12:00:00Z,119.1,20.02,121.4
2026-04-18T12:15:00Z,194.9,20.89,1.36
2026-04-18T12:30:00Z,389.2,20.9,0
2026-04-18T12:45:00Z,166.7,20.8,30.26
2026-04-18T13:00:00Z,72.73,19.02,726.6
2026-04-18T13:15:00Z,160.2,18.9,98.9
2026-04-18T13:30:00Z,286.4,18.8,91.8
2026-04-18T13:45:00Z,270.9,19,1.02
2026-04-18T14:00:00Z,201.4,20.09,0
2026-04-18T14:15:00Z,573.2,20.5,30.26
2026-04-18T14:30:00Z,655.9,21.59,0.34
2026-04-18T14:45:00Z,172.1,21.5,0
2026-04-18T15:00:00Z,175.8,21.7,0
2026-04-18T15:15:00Z,134.3,22,0
2026-04-18T15:30:00Z,212.9,21.9,0
2026-04-18T15:45:00Z,309,22.3,0
2026-04-18T16:00:00Z,198.8,22.3,0
2026-04-18T16:15:00Z,171.3,22.5,0
2026-04-18T16:30:00Z,164.9,22.99,0
2026-04-18T16:45:00Z,195.5,23.2,0
2026-04-18T17:00:00Z,202.5,23.4,0
2026-04-18T17:15:00Z,197,23.8,0
2026-04-18T17:30:00Z,86.2,23.4,0
2026-04-18T17:45:00Z,23.49,23,0
2026-04-18T18:00:00Z,10.54,22.6,0
2026-04-18T18:15:00Z,3.28,22.2,0
2026-04-18T18:30:00Z,0.036,21.8,0
2026-04-18T18:45:00Z,0,21.5,0
2026-04-18T19:00:00Z,0,21.3,0
2026-04-18T19:15:00Z,0,21.2,0
2026-04-18T19:30:00Z,0,21.1,0
2026-04-18T19:45:00Z,0,20.8,0
2026-04-18T20:00:00Z,0,21,0
2026-04-18T20:15:00Z,0,20.51,0
2026-04-18T20:30:00Z,0,20.5,0
2026-04-18T20:45:00Z,0,20.4,0
2026-04-18T21:00:00Z,0,20.5,0
2026-04-18T21:15:00Z,0,20.1,0
2026-04-18T21:30:00Z,0,19.51,0
2026-04-18T21:45:00Z,0,19.2,0
2026-04-18T22:00:00Z,0,19.1,0
2026-04-18T22:15:00Z,0,18.7,0
2026-04-18T22:30:00Z,0,18.7,0
2026-04-18T22:45:00Z,0,18.4,0
2026-04-18T23:00:00Z,0,18.5,0
2026-04-18T23:15:00Z,0,18.4,0
2026-04-18T23:30:00Z,0,18.3,0
2026-04-18T23:45:00Z,0,18.3,0
2026-04-19T00:00:00Z,0,18.3,0
2026-04-19T00:15:00Z,0,18.3,0
2026-04-19T00:30:00Z,0,18.3,0
2026-04-19T00:45:00Z,0,18.6,0
2026-04-19T01:00:00Z,0,18.4,0
2026-04-19T01:15:00Z,0,18.6,0
2026-04-19T01:30:00Z,0,18.4,0
2026-04-19T01:45:00Z,0,18.3,0
2026-04-19T02:00:00Z,0,18.2,0
2026-04-19T02:15:00Z,0,18.2,0
2026-04-19T02:30:00Z,0,18.1,0
2026-04-19T02:45:00Z,0,18.1,0
2026-04-19T03:00:00Z,0,18.2,0
2026-04-19T03:15:00Z,0,18,0
2026-04-19T03:30:00Z,0,18,0
2026-04-19T03:45:00Z,0,17.9,0
2026-04-19T04:00:00Z,0,18.1,0
2026-04-19T04:15:00Z,0,18.5,0
2026-04-19T04:30:00Z,0,18.5,0
2026-04-19T04:45:00Z,0,18.7,0
2026-04-19T05:00:00Z,0,18.8,0
2026-04-19T05:15:00Z,0,18.31,0
2026-04-19T05:30:00Z,0,18.1,0
2026-04-19T05:45:00Z,0,18.2,0
2026-04-19T06:00:00Z,0,18,0
2026-04-19T06:15:00Z,0,18.99,0
2026-04-19T06:30:00Z,0,19.1,0
2026-04-19T06:45:00Z,1.286,17.81,0
2026-04-19T07:00:00Z,13.76,17.7,0
2026-04-19T07:15:00Z,31.4,18.29,0
2026-04-19T07:30:00Z,88.3,19.98,0
2026-04-19T07:45:00Z,122.6,21.78,0
2026-04-19T08:00:00Z,161.1,22.69,0
2026-04-19T08:15:00Z,206.1,22.6,0
2026-04-19T08:30:00Z,246,23.29,0
2026-04-19T08:45:00Z,297,23.7,0
2026-04-19T09:00:00Z,294,23.8,0
2026-04-19T09:15:00Z,358.5,24,0
2026-04-19T09:30:00Z,458.9,24.89,0
2026-04-19T09:45:00Z,453.1,25.2,0
2026-04-19T10:00:00Z,365.8,23.82,0
2026-04-19T10:15:00Z,521.1,23.8,0
2026-04-19T10:30:00Z,697.8,24.2,0
2026-04-19T10:45:00Z,560.6,24.1,0
2026-04-19T11:00:00Z,758.6,24.3,0
2026-04-19T11:15:00Z,797.1,24.7,0
2026-04-19T11:30:00Z,820,25.1,0
2026-04-19T11:45:00Z,902,25.2,0
2026-04-19T12:00:00Z,256.9,25,0
2026-04-19T12:15:00Z,77.34,21.54,211.8
2026-04-19T12:30:00Z,138.7,19.42,2.38
2026-04-19T12:45:00Z,548.1,21.18,0
2026-04-19T13:00:00Z,707.6,23.18,0
2026-04-19T13:15:00Z,785.5,23.79,0
2026-04-19T13:30:00Z,871,24.99,0
2026-04-19T13:45:00Z,885,25.59,0
2026-04-19T14:00:00Z,864,25.9,0
2026-04-19T14:15:00Z,841,26.49,0
2026-04-19T14:30:00Z,794.6,27.09,0
2026-04-19T14:45:00Z,617.8,27.3,0
2026-04-19T15:00:00Z,132.2,26.11,0
2026-04-19T15:15:00Z,548.2,26.2,0
2026-04-19T15:30:00Z,210.6,25.9,0
2026-04-19T15:45:00Z,118,25.11,0
2026-04-19T16:00:00Z,117.4,25.1,0
2026-04-19T16:15:00Z,506.5,26.09,0
2026-04-19T16:30:00Z,479.4,26.89,0
2026-04-19T16:45:00Z,399.9,27.2,0
2026-04-19T17:00:00Z,351.4,27.1,0
2026-04-19T17:15:00Z,305,27.3,0
2026-04-19T17:30:00Z,251,27.4,0
2026-04-19T17:45:00Z,177.8,25.72,0
2026-04-19T18:00:00Z,58.14,24.71,0
2026-04-19T18:15:00Z,3.796,24.01,0
2026-04-19T18:30:00Z,0.036,23.31,0
2026-04-19T18:45:00Z,0,22.81,0
2026-04-19T19:00:00Z,0,21.91,0
2026-04-19T19:15:00Z,0,20.91,0
2026-04-19T19:30:00Z,0,20.41,0
2026-04-19T19:45:00Z,0,20,0
2026-04-19T20:00:00Z,0,19.51,0
2026-04-19T20:15:00Z,0,18.91,0
2026-04-19T20:30:00Z,0,18.7,0
2026-04-19T20:45:00Z,0,18.21,0
2026-04-19T21:00:00Z,0,17.9,0
2026-04-19T21:15:00Z,0,17.6,0
2026-04-19T21:30:00Z,0,17.8,0
2026-04-19T21:45:00Z,0,17.7,0
2026-04-19T22:00:00Z,0,17.01,0
2026-04-19T22:15:00Z,0,17.3,0
2026-04-19T22:30:00Z,0,17,0
2026-04-19T22:45:00Z,0,16.8,0
2026-04-19T23:00:00Z,0,16.8,0
2026-04-19T23:15:00Z,0,16.5,0
2026-04-19T23:30:00Z,0,16.4,0
2026-04-19T23:45:00Z,0,16.5,0
2026-04-20T00:00:00Z,0,16.2,0
2026-04-20T00:15:00Z,0,15.8,0
2026-04-20T00:30:00Z,0,15.6,0
2026-04-20T00:45:00Z,0,15.6,0
2026-04-20T01:00:00Z,0,15.4,0
2026-04-20T01:15:00Z,0,15.5,0
2026-04-20T01:30:00Z,0,15.99,0
2026-04-20T01:45:00Z,0,15.6,0
2026-04-20T02:00:00Z,0,15.8,0
2026-04-20T02:15:00Z,0,15.7,0
2026-04-20T02:30:00Z,0,15.7,0
2026-04-20T02:45:00Z,0,15.6,0
2026-04-20T03:00:00Z,0,15.4,0
2026-04-20T03:15:00Z,0,15.4,0
2026-04-20T03:30:00Z,0,15.89,0
2026-04-20T03:45:00Z,0,15.41,0
2026-04-20T04:00:00Z,0,15.3,0
2026-04-20T04:15:00Z,0,15.5,0
2026-04-20T04:30:00Z,0,15.3,0
2026-04-20T04:45:00Z,0,14.9,0
2026-04-20T05:00:00Z,0,15,0
2026-04-20T05:15:00Z,0,15.2,0
2026-04-20T05:30:00Z,0,15.2,0
2026-04-20T05:45:00Z,0,15.1,0
2026-04-20T06:00:00Z,0,15.2,0
2026-04-20T06:15:00Z,0,14.71,0
2026-04-20T06:30:00Z,0,15,30.26
2026-04-20T06:45:00Z,4.252,15.1,0.34
2026-04-20T07:00:00Z,20.42,15.5,0
2026-04-20T07:15:00Z,35.14,16.59,0
2026-04-20T07:30:00Z,118,17.79,0
2026-04-20T07:45:00Z,157.9,19.38,0
2026-04-20T08:00:00Z,206.5,20.59,0
2026-04-20T08:15:00Z,226.8,22.08,0
2026-04-20T08:30:00Z,270.6,22.89,0
2026-04-20T08:45:00Z,321.8,22.5,0
2026-04-20T09:00:00Z,334.2,22.9,0
2026-04-20T09:15:00Z,346.8,23.1,0
2026-04-20T09:30:00Z,446.5,23.79,0
2026-04-20T09:45:00Z,412.6,24.1,0
2026-04-20T10:00:00Z,473.1,24.59,0
2026-04-20T10:15:00Z,579,24.9,0
2026-04-20T10:30:00Z,426,24.6,0
2026-04-20T10:45:00Z,294.9,23.91,0
2026-04-20T11:00:00Z,562.4,24.2,0
2026-04-20T11:15:00Z,803,24.5,0
2026-04-20T11:30:00Z,852,24.8,0
2026-04-20T11:45:00Z,952,25,0
2026-04-20T12:00:00Z,703,24.9,0
2026-04-20T12:15:00Z,771.2,25.1,0
2026-04-20T12:30:00Z,344.1,24.41,0
2026-04-20T12:45:00Z,161.1,24,0
2026-04-20T13:00:00Z,186.7,23.7,0
2026-04-20T13:15:00Z,268,23.7,0
2026-04-20T13:30:00Z,279.2,23.3,0
2026-04-20T13:45:00Z,246.8,23.2,0
2026-04-20T14:00:00Z,258.8,23.79,0
2026-04-20T14:15:00Z,262.7,24,0
2026-04-20T14:30:00Z,760.5,25.48,0
2026-04-20T14:45:00Z,740.6,26.29,0
2026-04-20T15:00:00Z,541.7,26.2,0
2026-04-20T15:15:00Z,284.3,25.8,0
2026-04-20T15:30:00Z,166.8,25.4,0
2026-04-20T15:45:00Z,75.02,21.74,121
2026-04-20T16:00:00Z,68.07,21.8,1.36
2026-04-20T16:15:00Z,46.94,22.1,0
2026-04-20T16:30:00Z,56,22.1,0
2026-04-20T16:45:00Z,51.95,22.2,0
2026-04-20T17:00:00Z,56.55,22.2,0
2026-04-20T17:15:00Z,53.14,22.4,0
2026-04-20T17:30:00Z,32.14,22.2,0
2026-04-20T17:45:00Z,23.1,22,0
2026-04-20T18:00:00Z,27.05,21.6,0
2026-04-20T18:15:00Z,19.19,21.2,0
2026-04-20T18:30:00Z,0.212,20.51,0
2026-04-20T18:45:00Z,0,20.01,0
2026-04-20T19:00:00Z,0,19.7,0
2026-04-20T19:15:00Z,0,19.3,0
2026-04-20T19:30:00Z,0,18.9,0
2026-04-20T19:45:00Z,0,18.5,0
2026-04-20T20:00:00Z,0,18.5,0
2026-04-20T20:15:00Z,0,18.2,0
2026-04-20T20:30:00Z,0,17.9,0
2026-04-20T20:45:00Z,0,18.1,0
2026-04-20T21:00:00Z,0,18.1,0
2026-04-20T21:15:00Z,0,17.8,0
2026-04-20T21:30:00Z,0,17.7,0
2026-04-20T21:45:00Z,0,17.6,0
2026-04-20T22:00:00Z,0,17.7,0
2026-04-20T22:15:00Z,0,17.7,0
2026-04-20T22:30:00Z,0,17.9,0
2026-04-20T22:45:00Z,0,17.9,0
2026-04-20T23:00:00Z,0,17.6,0
2026-04-20T23:15:00Z,0,17.5,0
2026-04-20T23:30:00Z,0,17.5,0
2026-04-20T23:45:00Z,0,17.2,0
2026-04-21T00:00:00Z,0,17.4,0
2026-04-21T00:15:00Z,0,17.4,0
2026-04-21T00:30:00Z,0,17.4,0
2026-04-21T00:45:00Z,0,17.3,0
2026-04-21T01:00:00Z,0,17,0
2026-04-21T01:15:00Z,0,16.9,0
2026-04-21T01:30:00Z,0,16.9,0
2026-04-21T01:45:00Z,0,16.9,0
2026-04-21T02:00:00Z,0,17.1,0
2026-04-21T02:15:00Z,0,17.4,0
2026-04-21T02:30:00Z,0,18.49,0
2026-04-21T02:45:00Z,0,18.8,0
2026-04-21T03:00:00Z,0,18.8,0
2026-04-21T03:15:00Z,0,18.9,0
2026-04-21T03:30:00Z,0,19.1,0
2026-04-21T03:45:00Z,0,19.1,0
2026-04-21T04:00:00Z,0,19.2,0
2026-04-21T04:15:00Z,0,19,0
2026-04-21T04:30:00Z,0,18.8,0
2026-04-21T04:45:00Z,0,18.8,0
2026-04-21T05:00:00Z,0,18.8,0
2026-04-21T05:15:00Z,0,18.7,0
2026-04-21T05:30:00Z,0,18.4,0
2026-04-21T05:45:00Z,0,18.2,0
2026-04-21T06:00:00Z,0,18.1,0
2026-04-21T06:15:00Z,0,18.2,0
2026-04-21T06:30:00Z,0,18.79,0
2026-04-21T06:45:00Z,1.384,18.4,0
2026-04-21T07:00:00Z,13.17,18.6,0
2026-04-21T07:15:00Z,23.29,19.19,0
2026-04-21T07:30:00Z,44.27,19.6,0
2026-04-21T07:45:00Z,86.4,20.19,0
2026-04-21T08:00:00Z,135.2,21.29,0
2026-04-21T08:15:00Z,184.3,22.09,0
2026-04-21T08:30:00Z,230.7,22.89,0
2026-04-21T08:45:00Z,289.1,23.49,0
2026-04-21T09:00:00Z,354.3,23.9,0
2026-04-21T09:15:00Z,407.6,24.2,0
2026-04-21T09:30:00Z,439.1,24.4,0
2026-04-21T09:45:00Z,453.5,24.6,0
2026-04-21T10:00:00Z,523.2,24.8,0
2026-04-21T10:15:00Z,597.3,25.1,0
2026-04-21T10:30:00Z,644.8,25.2,0
2026-04-21T10:45:00Z,703.2,25.6,0
2026-04-21T11:00:00Z,747.8,26.09,0
2026-04-21T11:15:00Z,794.7,26.4,0
2026-04-21T11:30:00Z,807,26.5,0
2026-04-21T11:45:00Z,777.3,26.6,0
2026-04-21T12:00:00Z,828,26.7,0
2026-04-21T12:15:00Z,941,27,0
2026-04-21T12:30:00Z,987,26.9,0
2026-04-21T12:45:00Z,897,26.6,0
2026-04-21T13:00:00Z,906,26.7,0
2026-04-21T13:15:00Z,956,27,0
2026-04-21T13:30:00Z,789.3,27.1,0
2026-04-21T13:45:00Z,419.9,26.7,0
2026-04-21T14:00:00Z,228.7,26.21,0
2026-04-21T14:15:00Z,337.3,26.1,0
2026-04-21T14:30:00Z,415.8,26.4,0
2026-04-21T14:45:00Z,594.2,26.99,0
2026-04-21T15:00:00Z,571.5,27.2,0
2026-04-21T15:15:00Z,425.4,27.1,0
2026-04-21T15:30:00Z,367.2,27.2,0
2026-04-21T15:45:00Z,112.8,26.61,0
2026-04-21T16:00:00Z,95,25.81,0
2026-04-21T16:15:00Z,201.1,25.8,0
2026-04-21T16:30:00Z,475.9,26.99,0
2026-04-21T16:45:00Z,452.1,27.4,0
2026-04-21T17:00:00Z,385,27.3,0
2026-04-21T17:15:00Z,243.2,27,0
2026-04-21T17:30:00Z,87.6,26.21,0
2026-04-21T17:45:00Z,31.12,25.11,0
2026-04-21T18:00:00Z,26.94,23.91,0
2026-04-21T18:15:00Z,25.52,23.01,0
2026-04-21T18:30:00Z,1.569,22.41,0
2026-04-21T18:45:00Z,0.014,21.61,0
2026-04-21T19:00:00Z,0,20.81,0
2026-04-21T19:15:00Z,0,20.4,0
2026-04-21T19:30:00Z,0,20.2,0
2026-04-21T19:45:00Z,0,20,0
2026-04-21T20:00:00Z,0,19.51,0
2026-04-21T20:15:00Z,0,19.5,0
2026-04-21T20:30:00Z,0,19.3,0
2026-04-21T20:45:00Z,0,19.1,0
2026-04-21T21:00:00Z,0,19,0
2026-04-21T21:15:00Z,0,19.2,0
2026-04-21T21:30:00Z,0,19.1,0
2026-04-21T21:45:00Z,0,18.8,0
2026-04-21T22:00:00Z,0,18.31,0
2026-04-21T22:15:00Z,0,17.81,0
2026-04-21T22:30:00Z,0,17.6,0
2026-04-21T22:45:00Z,0,17.8,0
2026-04-21T23:00:00Z,0,17.7,0
2026-04-21T23:15:00Z,0,18.39,0
2026-04-21T23:30:00Z,0,18.5,0
2026-04-21T23:45:00Z,0,18.4,0
2026-04-22T00:00:00Z,0,18.6,0
2026-04-22T00:15:00Z,0,17.71,0
2026-04-22T00:30:00Z,0,17.5,0
2026-04-22T00:45:00Z,0,17.4,0
2026-04-22T01:00:00Z,0,17.1,0
2026-04-22T01:15:00Z,0,17.4,0
2026-04-22T01:30:00Z,0,17.2,0
2026-04-22T01:45:00Z,0,17.89,0
2026-04-22T02:00:00Z,0,18.69,0
2026-04-22T02:15:00Z,0,18.21,0
2026-04-22T02:30:00Z,0,18.1,0
2026-04-22T02:45:00Z,0,18.1,0
2026-04-22T03:00:00Z,0,18.5,0
2026-04-22T03:15:00Z,0,19.19,0
2026-04-22T03:30:00Z,0,18.71,0
2026-04-22T03:45:00Z,0,18.5,0
2026-04-22T04:00:00Z,0,18.4,0
2026-04-22T04:15:00Z,0,18.6,0
2026-04-22T04:30:00Z,0,18.6,0
2026-04-22T04:45:00Z,0,17.81,0
2026-04-22T05:00:00Z,0,17.5,0
2026-04-22T05:15:00Z,0,17.4,0
2026-04-22T05:30:00Z,0,17.6,0
2026-04-22T05:45:00Z,0,17.5,0
2026-04-22T06:00:00Z,0,17.7,0
2026-04-22T06:15:00Z,0,17.11,0
2026-04-22T06:30:00Z,0,16.61,0
2026-04-22T06:45:00Z,2.967,16.6,0
2026-04-22T07:00:00Z,13.28,16.9,0
2026-04-22T07:15:00Z,21.31,17.39,0
2026-04-22T07:30:00Z,73.51,19.18,0
2026-04-22T07:45:00Z,117.4,20.88,0
2026-04-22T08:00:00Z,150.7,21.89,0
2026-04-22T08:15:00Z,182.6,22.1,0
2026-04-22T08:30:00Z,229.7,22.79,0
2026-04-22T08:45:00Z,287.9,23.2,0
2026-04-22T09:00:00Z,343.8,23.79,0
2026-04-22T09:15:00Z,392.1,24.39,0
2026-04-22T09:30:00Z,420.9,24.6,0
2026-04-22T09:45:00Z,440,24.9,0
2026-04-22T10:00:00Z,522.7,25.1,0
2026-04-22T10:15:00Z,613.8,25.2,0
2026-04-22T10:30:00Z,669.9,25.5,0
2026-04-22T10:45:00Z,682.8,25.6,0
2026-04-22T11:00:00Z,765.1,25.9,0
2026-04-22T11:15:00Z,378.2,24.91,0
2026-04-22T11:30:00Z,547.4,25.69,0
2026-04-22T11:45:00Z,747.5,26,0
2026-04-22T12:00:00Z,749.5,26.3,0
2026-04-22T12:15:00Z,287.1,25.31,0
2026-04-22T12:30:00Z,891,26.78,0
2026-04-22T12:45:00Z,688.2,26.6,0
2026-04-22T13:00:00Z,753.4,26.7,0
2026-04-22T13:15:00Z,538.1,26.7,0
2026-04-22T13:30:00Z,678,27,0
2026-04-22T13:45:00Z,602.7,27,0
2026-04-22T14:00:00Z,596.7,27,0
2026-04-22T14:15:00Z,530.6,26.9,0
2026-04-22T14:30:00Z,590.4,27.1,0
2026-04-22T14:45:00Z,364.7,26.8,0
2026-04-22T15:00:00Z,366.1,27,0
2026-04-22T15:15:00Z,352.8,27.1,0
2026-04-22T15:30:00Z,369.5,26.8,0
2026-04-22T15:45:00Z,325.2,26.9,0
2026-04-22T16:00:00Z,153.1,26.11,0
2026-04-22T16:15:00Z,417.7,26.79,0
2026-04-22T16:30:00Z,263.8,26.31,0
2026-04-22T16:45:00Z,364.4,26.89,0
2026-04-22T17:00:00Z,303.4,26.7,0
2026-04-22T17:15:00Z,249.4,26.6,0
2026-04-22T17:30:00Z,157.8,26.11,0
2026-04-22T17:45:00Z,132.5,25.51,0
2026-04-22T18:00:00Z,70.49,24.81,0
2026-04-22T18:15:00Z,18.28,23.71,0
2026-04-22T18:30:00Z,0.197,21.82,0
2026-04-22T18:45:00Z,0,21.21,0
2026-04-22T19:00:00Z,0,20.51,0
2026-04-22T19:15:00Z,0,20.1,0
2026-04-22T19:30:00Z,0,19.41,0
2026-04-22T19:45:00Z,0,18.91,0
2026-04-22T20:00:00Z,0,18.6,0
2026-04-22T20:15:00Z,0,18.3,0
2026-04-22T20:30:00Z,0,18.3,0
2026-04-22T20:45:00Z,0,18.6,0
2026-04-22T21:00:00Z,0,18.5,0
2026-04-22T21:15:00Z,0,18.4,0
2026-04-22T21:30:00Z,0,18.1,0
2026-04-22T21:45:00Z,0,18.1,0
2026-04-22T22:00:00Z,0,18.3,0
2026-04-22T22:15:00Z,0,17.9,0
2026-04-22T22:30:00Z,0,17.8,0
2026-04-22T22:45:00Z,0,17.4,0
2026-04-22T23:00:00Z,0,17.3,0
2026-04-22T23:15:00Z,0,17,0
2026-04-22T23:30:00Z,0,17,0
2026-04-22T23:45:00Z,0,17.2,0
2026-04-23T00:00:00Z,0,19.28,0
2026-04-23T00:15:00Z,0,19.7,0
2026-04-23T00:30:00Z,0,19.21,0
2026-04-23T00:45:00Z,0,19.2,0
2026-04-23T01:00:00Z,0,18.8,0
2026-04-23T01:15:00Z,0,18.6,0
2026-04-23T01:30:00Z,0,18.7,0
2026-04-23T01:45:00Z,0,19.1,0
2026-04-23T02:00:00Z,0,19,0
2026-04-23T02:15:00Z,0,19.3,0
2026-04-23T02:30:00Z,0,19.4,0
2026-04-23T02:45:00Z,0,19,0
2026-04-23T03:00:00Z,0,18.9,0
2026-04-23T03:15:00Z,0,18.8,0
2026-04-23T03:30:00Z,0,18.5,0
2026-04-23T03:45:00Z,0,18.5,0
2026-04-23T04:00:00Z,0,18.5,0
2026-04-23T04:15:00Z,0,18.3,0
2026-04-23T04:30:00Z,0,18.4,0
2026-04-23T04:45:00Z,0,18.99,0
2026-04-23T05:00:00Z,0,17.81,0
2026-04-23T05:15:00Z,0,18.2,0
2026-04-23T05:30:00Z,0,18.79,0
2026-04-23T05:45:00Z,0,18.4,0
2026-04-23T06:00:00Z,0,18.3,0
2026-04-23T06:15:00Z,0,18.1,0
2026-04-23T06:30:00Z,0,17.9,0
2026-04-23T06:45:00Z,3.066,17.7,0
2026-04-23T07:00:00Z,12.3,18.1,0
2026-04-23T07:15:00Z,18.83,18.89,0
2026-04-23T07:30:00Z,60.14,20.28,0
2026-04-23T07:45:00Z,98.2,21.09,0
2026-04-23T08:00:00Z,139,21.1,0
2026-04-23T08:15:00Z,186.5,21.2,0
2026-04-23T08:30:00Z,236.4,21.69,0
2026-04-23T08:45:00Z,292,22,0
2026-04-23T09:00:00Z,347.9,22.2,0
2026-04-23T09:15:00Z,390.6,22.69,0
2026-04-23T09:30:00Z,413,23.19,0
2026-04-23T09:45:00Z,441.2,23.4,0
2026-04-23T10:00:00Z,534.7,23.7,0
2026-04-23T10:15:00Z,611.8,23.8,0
2026-04-23T10:30:00Z,661.2,24,0
2026-04-23T10:45:00Z,699.3,24.3,0
2026-04-23T11:00:00Z,713.6,24.5,0
2026-04-23T11:15:00Z,745.7,24.5,0
2026-04-23T11:30:00Z,737,24.7,0
2026-04-23T11:45:00Z,831,25,0
2026-04-23T12:00:00Z,835,25,0
2026-04-23T12:15:00Z,863,25.2,0
2026-04-23T12:30:00Z,876,25.3,0
2026-04-23T12:45:00Z,836,25.5,0
2026-04-23T13:00:00Z,888,25.7,0
2026-04-23T13:15:00Z,787.6,26,0
2026-04-23T13:30:00Z,827,26.1,0
2026-04-23T13:45:00Z,865,26.3,0
2026-04-23T14:00:00Z,750.2,26.2,0
2026-04-23T14:15:00Z,663.2,25.9,0
2026-04-23T14:30:00Z,720.7,26.3,0
2026-04-23T14:45:00Z,527.4,26.2,0
2026-04-23T15:00:00Z,681.3,26.5,0
2026-04-23T15:15:00Z,558.7,26.5,0
2026-04-23T15:30:00Z,336.2,25.51,0
2026-04-23T15:45:00Z,357.9,25.5,0
2026-04-23T16:00:00Z,485.3,26.19,0
2026-04-23T16:15:00Z,245.7,25.11,0
2026-04-23T16:30:00Z,440.6,26.39,0
2026-04-23T16:45:00Z,412.3,26.4,0
2026-04-23T17:00:00Z,332.1,26,0
2026-04-23T17:15:00Z,289.2,25.8,0
2026-04-23T17:30:00Z,88.3,24.91,0
2026-04-23T17:45:00Z,36.65,24.21,0
2026-04-23T18:00:00Z,54.69,23.21,0
2026-04-23T18:15:00Z,21.77,22.31,0
2026-04-23T18:30:00Z,0.238,21.31,0
2026-04-23T18:45:00Z,0,20.21,0
2026-04-23T19:00:00Z,0,19.71,0
2026-04-23T19:15:00Z,0,19.4,0
2026-04-23T19:30:00Z,0,19.2,0
2026-04-23T19:45:00Z,0,18.8,0
2026-04-23T20:00:00Z,0,18.5,0
2026-04-23T20:15:00Z,0,18.3,0
2026-04-23T20:30:00Z,0,18.2,0
2026-04-23T20:45:00Z,0,17.9,0
2026-04-23T21:00:00Z,0,17.7,0
2026-04-23T21:15:00Z,0,17.8,0
2026-04-23T21:30:00Z,0,17.5,0
2026-04-23T21:45:00Z,0,17.4,0
2026-04-23T22:00:00Z,0,17.6,0
2026-04-23T22:15:00Z,0,18.09,0
2026-04-23T22:30:00Z,0,18.2,0
2026-04-23T22:45:00Z,0,18.5,0
2026-04-23T23:00:00Z,0,18.2,0
2026-04-23T23:15:00Z,0,18.2,0
2026-04-23T23:30:00Z,0,18.69,0
2026-04-23T23:45:00Z,0,19.49,0
2026-04-24T00:00:00Z,0,19.6,0
2026-04-24T00:15:00Z,0,19.2,0
2026-04-24T00:30:00Z,0,18.9,0
2026-04-24T00:45:00Z,0,18.8,0
2026-04-24T01:00:00Z,0,18.9,0
2026-04-24T01:15:00Z,0,19.1,0
2026-04-24T01:30:00Z,0,19,0
2026-04-24T01:45:00Z,0,18.9,0
2026-04-24T02:00:00Z,0,18.5,0
2026-04-24T02:15:00Z,0,18.7,0
2026-04-24T02:30:00Z,0,18.7,0
2026-04-24T02:45:00Z,0,19,0
2026-04-24T03:00:00Z,0,18.8,0
2026-04-24T03:15:00Z,0,18.6,0
2026-04-24T03:30:00Z,0,19,0
2026-04-24T03:45:00Z,0,19.1,0
2026-04-24T04:00:00Z,0,19.2,0
2026-04-24T04:15:00Z,0,18.51,0
2026-04-24T04:30:00Z,0,18.8,0
2026-04-24T04:45:00Z,0,19.29,0
2026-04-24T05:00:00Z,0,19.1,0
2026-04-24T05:15:00Z,0,19.59,0
2026-04-24T05:30:00Z,0,19.7,0
2026-04-24T05:45:00Z,0,19.7,0
2026-04-24T06:00:00Z,0,19.7,0
2026-04-24T06:15:00Z,0,19.3,0
2026-04-24T06:30:00Z,0,19.1,0
2026-04-24T06:45:00Z,2.373,19.2,0
2026-04-24T07:00:00Z,12.88,19.4,0
2026-04-24T07:15:00Z,22.89,19.7,0
2026-04-24T07:30:00Z,61.67,20.39,0
2026-04-24T07:45:00Z,95.9,20.8,0
2026-04-24T08:00:00Z,134,20.9,0
2026-04-24T08:15:00Z,183.1,21.39,0
2026-04-24T08:30:00Z,231.5,22.09,0
2026-04-24T08:45:00Z,283.3,22.5,0
2026-04-24T09:00:00Z,349.6,22.8,0
2026-04-24T09:15:00Z,378,23.29,0
2026-04-24T09:30:00Z,393.4,23.6,0
2026-04-24T09:45:00Z,434.4,24.19,0
2026-04-24T10:00:00Z,526.9,24.5,0
2026-04-24T10:15:00Z,585.8,24.5,0
2026-04-24T10:30:00Z,638,24.8,0
2026-04-24T10:45:00Z,678.4,25.2,0
2026-04-24T11:00:00Z,716.4,25.5,0
2026-04-24T11:15:00Z,751.6,25.9,0
2026-04-24T11:30:00Z,792,25.8,0
2026-04-24T11:45:00Z,840,26,0
2026-04-24T12:00:00Z,868,26.4,0
2026-04-24T12:15:00Z,377.9,25.41,0
2026-04-24T12:30:00Z,172.9,25,0
2026-04-24T12:45:00Z,144.5,24.8,0
2026-04-24T13:00:00Z,156.5,24.7,0
2026-04-24T13:15:00Z,173.6,24.6,0
2026-04-24T13:30:00Z,168.5,24.2,0
2026-04-24T13:45:00Z,175.8,23.21,0
2026-04-24T14:00:00Z,270.4,23.4,0
2026-04-24T14:15:00Z,239.6,23.5,0
2026-04-24T14:30:00Z,229.5,23.7,0
2026-04-24T14:45:00Z,371.3,23.3,0
2026-04-24T15:00:00Z,493.7,24.59,0
2026-04-24T15:15:00Z,591.7,26.58,0
2026-04-24T15:30:00Z,575.6,26.7,0
2026-04-24T15:45:00Z,538.3,26.8,0
2026-04-24T16:00:00Z,117.4,25.91,0
2026-04-24T16:15:00Z,137,25.7,0
2026-04-24T16:30:00Z,115.5,25.7,0
2026-04-24T16:45:00Z,82.1,25.4,0
2026-04-24T17:00:00Z,84.1,25.2,0
2026-04-24T17:15:00Z,72.93,25.1,0
2026-04-24T17:30:00Z,111.8,24.8,0
2026-04-24T17:45:00Z,81,24.8,0
2026-04-24T18:00:00Z,79.22,24.4,0
2026-04-24T18:15:00Z,13.24,24,0
2026-04-24T18:30:00Z,0.139,23.41,0
2026-04-24T18:45:00Z,0,22.61,0
2026-04-24T19:00:00Z,0,21.81,0
2026-04-24T19:15:00Z,0,21.21,0
2026-04-24T19:30:00Z,0,20.41,0
2026-04-24T19:45:00Z,0,20.1,0
2026-04-24T20:00:00Z,0,20,0
2026-04-24T20:15:00Z,0,19.7,0
2026-04-24T20:30:00Z,0,19.5,0
2026-04-24T20:45:00Z,0,19.1,0
2026-04-24T21:00:00Z,0,18.9,0
2026-04-24T21:15:00Z,0,18.8,0
2026-04-24T21:30:00Z,0,18.9,0
2026-04-24T21:45:00Z,0,19.1,0
2026-04-24T22:00:00Z,0,19.2,0
2026-04-24T22:15:00Z,0,19.6,0
2026-04-24T22:30:00Z,0,19.7,0
2026-04-24T22:45:00Z,0,20.19,0
2026-04-24T23:00:00Z,0,19.9,0
2026-04-24T23:15:00Z,0,19.5,0
2026-04-24T23:30:00Z,0,19.4,0
2026-04-24T23:45:00Z,0,18.81,0
2026-04-25T00:00:00Z,0,18.7,0
2026-04-25T00:15:00Z,0,18.4,0
2026-04-25T00:30:00Z,0,18,0
2026-04-25T00:45:00Z,0,18.49,0
2026-04-25T01:00:00Z,0,18.9,0
2026-04-25T01:15:00Z,0,18.7,0
2026-04-25T01:30:00Z,0,18.21,0
2026-04-25T01:45:00Z,0,18.6,0
2026-04-25T02:00:00Z,0,19.49,0
2026-04-25T02:15:00Z,0,19.5,0
2026-04-25T02:30:00Z,0,19.6,0
2026-04-25T02:45:00Z,0,19.7,0
2026-04-25T03:00:00Z,0,19.7,0
2026-04-25T03:15:00Z,0,20.1,0
2026-04-25T03:30:00Z,0,20.1,0
2026-04-25T03:45:00Z,0,19.7,0
2026-04-25T04:00:00Z,0,19.3,0
2026-04-25T04:15:00Z,0,19.4,0
2026-04-25T04:30:00Z,0,18.71,0
2026-04-25T04:45:00Z,0,18.4,0
2026-04-25T05:00:00Z,0,17.91,0
2026-04-25T05:15:00Z,0,18.2,0
2026-04-25T05:30:00Z,0,18.2,0
2026-04-25T05:45:00Z,0,18.4,0
2026-04-25T06:00:00Z,0,18.1,0
2026-04-25T06:15:00Z,0,18.4,0
2026-04-25T06:30:00Z,0,18,0
2026-04-25T06:45:00Z,1.681,18.3,0
2026-04-25T07:00:00Z,11,18.2,0
2026-04-25T07:15:00Z,19.7,18.69,0
2026-04-25T07:30:00Z,59.36,20.28,0
2026-04-25T07:45:00Z,92.7,21.29,0
2026-04-25T08:00:00Z,130.6,22.09,0
2026-04-25T08:15:00Z,176.1,22.3,0
2026-04-25T08:30:00Z,225.8,22.7,0
2026-04-25T08:45:00Z,277.9,23.19,0
2026-04-25T09:00:00Z,329.5,23.89,0
2026-04-25T09:15:00Z,362.9,24.2,0
2026-04-25T09:30:00Z,383.6,24.69,0
2026-04-25T09:45:00Z,448.1,25.1,0
2026-04-25T10:00:00Z,567.4,25.69,0
2026-04-25T10:15:00Z,565,26.19,0
2026-04-25T10:30:00Z,268.7,25.21,0
2026-04-25T10:45:00Z,155.4,24.9,0
2026-04-25T11:00:00Z,141.5,24.31,0
2026-04-25T11:15:00Z,238.7,24.1,0
2026-04-25T11:30:00Z,166.2,24,0
2026-04-25T11:45:00Z,976,25.78,0
2026-04-25T12:00:00Z,673.5,25.4,0
2026-04-25T12:15:00Z,755.9,25.6,0
2026-04-25T12:30:00Z,391.2,23.82,0
2026-04-25T12:45:00Z,203.1,24.1,0
2026-04-25T13:00:00Z,480.4,24.79,0
2026-04-25T13:15:00Z,243,24.7,0
2026-04-25T13:30:00Z,165.5,21.73,211.8
2026-04-25T13:45:00Z,228.9,19.03,155.2
2026-04-25T14:00:00Z,410.6,21.77,1.717
2026-04-25T14:15:00Z,890,24.37,0
2026-04-25T14:30:00Z,525.6,25.39,0
2026-04-25T14:45:00Z,658.8,26.69,0
2026-04-25T15:00:00Z,519,26.01,0
2026-04-25T15:15:00Z,278.3,25.41,0
2026-04-25T15:30:00Z,368.9,25.6,0
2026-04-25T15:45:00Z,160.6,25.01,0
2026-04-25T16:00:00Z,123.5,24.51,0
2026-04-25T16:15:00Z,224,24.5,0
2026-04-25T16:30:00Z,169.3,24.6,0
2026-04-25T16:45:00Z,156.8,24.6,0
2026-04-25T17:00:00Z,90,23.22,59.01
2026-04-25T17:15:00Z,41.73,22.51,0.663
2026-04-25T17:30:00Z,42.09,22.7,0
2026-04-25T17:45:00Z,52.68,22.7,0
2026-04-25T18:00:00Z,32.73,22.6,0
2026-04-25T18:15:00Z,15.49,22.7,0
2026-04-25T18:30:00Z,0.17,21.91,30.26
2026-04-25T18:45:00Z,0,20.81,0.34
2026-04-25T19:00:00Z,0,19.51,121
2026-04-25T19:15:00Z,0,18.71,243.4
2026-04-25T19:30:00Z,0,18.8,214.5
2026-04-25T19:45:00Z,0,18.7,2.38
2026-04-25T20:00:00Z,0,18.8,0
2026-04-25T20:15:00Z,0,18.7,0
2026-04-25T20:30:00Z,0,19,0
2026-04-25T20:45:00Z,0,18.7,0
2026-04-25T21:00:00Z,0,18.6,0
2026-04-25T21:15:00Z,0,18.7,0
2026-04-25T21:30:00Z,0,18.4,0
2026-04-25T21:45:00Z,0,18.2,0
2026-04-25T22:00:00Z,0,18.4,0
2026-04-25T22:15:00Z,0,18,0
2026-04-25T22:30:00Z,0,18.1,0
2026-04-25T22:45:00Z,0,17.9,0
2026-04-25T23:00:00Z,0,17.7,0
2026-04-25T23:15:00Z,0,17.6,0
2026-04-25T23:30:00Z,0,18.09,0
2026-04-25T23:45:00Z,0,18.3,0
2026-04-26T00:00:00Z,0,18.6,0
2026-04-26T00:15:00Z,0,18.11,0
2026-04-26T00:30:00Z,0,17.21,0
2026-04-26T00:45:00Z,0,17.2,0
2026-04-26T01:00:00Z,0,17.1,0
2026-04-26T01:15:00Z,0,17.2,0
2026-04-26T01:30:00Z,0,17.3,0
2026-04-26T01:45:00Z,0,18.49,0
2026-04-26T02:00:00Z,0,18.8,0
2026-04-26T02:15:00Z,0,18.8,0
2026-04-26T02:30:00Z,0,18.6,0
2026-04-26T02:45:00Z,0,18.6,0
2026-04-26T03:00:00Z,0,18.3,0
2026-04-26T03:15:00Z,0,18.3,0
2026-04-26T03:30:00Z,0,18.4,0
2026-04-26T03:45:00Z,0,18.5,0
2026-04-26T04:00:00Z,0,18.8,0
2026-04-26T04:15:00Z,0,18.8,0
2026-04-26T04:30:00Z,0,18.6,0
2026-04-26T04:45:00Z,0,18.7,0
2026-04-26T05:00:00Z,0,18.3,0
2026-04-26T05:15:00Z,0,18.3,0
2026-04-26T05:30:00Z,0,18.4,0
2026-04-26T05:45:00Z,0,18.1,0
2026-04-26T06:00:00Z,0,18.4,0
2026-04-26T06:15:00Z,0,18.7,0
2026-04-26T06:30:00Z,0,18.11,0
2026-04-26T06:45:00Z,0,17.7,0
2026-04-26T07:00:00Z,10.48,18.1,0
2026-04-26T07:15:00Z,19.6,18.79,0
2026-04-26T07:30:00Z,27.51,19.39,0
2026-04-26T07:45:00Z,36.99,20.09,0
2026-04-26T08:00:00Z,57.57,20.3,0
2026-04-26T08:15:00Z,69.57,20.4,0
2026-04-26T08:30:00Z,141.8,21.39,0
2026-04-26T08:45:00Z,95.7,21.89,0
2026-04-26T09:00:00Z,117.1,22.1,0
2026-04-26T09:15:00Z,377.6,23.09,0
2026-04-26T09:30:00Z,417.5,24.29,0
2026-04-26T09:45:00Z,352.4,23.9,0
2026-04-26T10:00:00Z,534,24.59,0
2026-04-26T10:15:00Z,585,25.29,0
2026-04-26T10:30:00Z,651.5,25.6,0
2026-04-26T10:45:00Z,706.3,25.9,0
2026-04-26T11:00:00Z,246.5,25.5,0
2026-04-26T11:15:00Z,336,25.01,0
2026-04-26T11:30:00Z,842,25.99,0
2026-04-26T11:45:00Z,982,26.49,0
2026-04-26T12:00:00Z,245.8,25.31,0
2026-04-26T12:15:00Z,138.4,24.81,0
2026-04-26T12:30:00Z,181,24.8,0
2026-04-26T12:45:00Z,869,25.79,0
2026-04-26T13:00:00Z,511.4,26.1,0
2026-04-26T13:15:00Z,644.8,25.7,0
2026-04-26T13:30:00Z,895,26.89,0
2026-04-26T13:45:00Z,287.5,25.91,0
2026-04-26T14:00:00Z,443.1,26,0
2026-04-26T14:15:00Z,181.7,24.62,0
2026-04-26T14:30:00Z,321,23.71,0
2026-04-26T14:45:00Z,304.5,23.11,0
2026-04-26T15:00:00Z,305.5,23.5,0
2026-04-26T15:15:00Z,330.5,23.99,0
2026-04-26T15:30:00Z,422.3,24.3,0
2026-04-26T15:45:00Z,549.9,25.88,0
2026-04-26T16:00:00Z,311,25.6,0
2026-04-26T16:15:00Z,475,25.9,0
2026-04-26T16:30:00Z,577.1,27.09,0
2026-04-26T16:45:00Z,417.4,26.9,0
2026-04-26T17:00:00Z,203.8,25.91,0
2026-04-26T17:15:00Z,301.2,25.31,0
2026-04-26T17:30:00Z,240.3,25.89,0
2026-04-26T17:45:00Z,103.4,25.41,0
2026-04-26T18:00:00Z,44.64,24.61,0
2026-04-26T18:15:00Z,20.56,23.81,0
2026-04-26T18:30:00Z,0.226,22.42,0
2026-04-26T18:45:00Z,0,22.2,0
2026-04-26T19:00:00Z,0,21.9,0
2026-04-26T19:15:00Z,0,21.7,0
2026-04-26T19:30:00Z,0,21.5,0
2026-04-26T19:45:00Z,0,21.2,0
2026-04-26T20:00:00Z,0,20.8,0
2026-04-26T20:15:00Z,0,20.8,0
2026-04-26T20:30:00Z,0,20.6,0
2026-04-26T20:45:00Z,0,20.3,0
2026-04-26T21:00:00Z,0,20.1,0
2026-04-26T21:15:00Z,0,20.4,0
2026-04-26T21:30:00Z,0,20.4,0
2026-04-26T21:45:00Z,0,20.5,0
2026-04-26T22:00:00Z,0,20.8,0
2026-04-26T22:15:00Z,0,20.6,0
2026-04-26T22:30:00Z,0,20.7,0
2026-04-26T22:45:00Z,0,20.7,0
2026-04-26T23:00:00Z,0,20.8,0
2026-04-26T23:15:00Z,0,20.9,0
2026-04-26T23:30:00Z,0,20.41,0
2026-04-26T23:45:00Z,0,20.1,0
2026-04-27T00:00:00Z,0,19.51,0
2026-04-27T00:15:00Z,0,19.3,0
2026-04-27T00:30:00Z,0,18.9,0
2026-04-27T00:45:00Z,0,18.7,0
2026-04-27T01:00:00Z,0,18.4,0
2026-04-27T01:15:00Z,0,18.2,0
2026-04-27T01:30:00Z,0,18.2,0
2026-04-27T01:45:00Z,0,18.3,0
2026-04-27T02:00:00Z,0,18.1,0
2026-04-27T02:15:00Z,0,17.8,0
2026-04-27T02:30:00Z,0,17.6,0
2026-04-27T02:45:00Z,0,17.7,0
2026-04-27T03:00:00Z,0,17.21,0
2026-04-27T03:15:00Z,0,16.9,0
2026-04-27T03:30:00Z,0,17.1,0
2026-04-27T03:45:00Z,0,17,0
2026-04-27T04:00:00Z,0,17,0
2026-04-27T04:15:00Z,0,17,0
2026-04-27T04:30:00Z,0,17.1,0
2026-04-27T04:45:00Z,0,16.9,0
2026-04-27T05:00:00Z,0,17,0
2026-04-27T05:15:00Z,0,16.7,0
2026-04-27T05:30:00Z,0,16.7,0
2026-04-27T05:45:00Z,0,16.7,0
2026-04-27T06:00:00Z,0,16.8,0
2026-04-27T06:15:00Z,0,16.7,0
2026-04-27T06:30:00Z,0,16.7,0
2026-04-27T06:45:00Z,0,16.7,0
2026-04-27T07:00:00Z,5.933,17.19,0
2026-04-27T07:15:00Z,12.23,17.89,0
2026-04-27T07:30:00Z,21.1,18.39,0
2026-04-27T07:45:00Z,47.5,18.7,0
2026-04-27T08:00:00Z,185.8,20.18,0
2026-04-27T08:15:00Z,206.1,21.39,0
2026-04-27T08:30:00Z,272.8,22.09,0
2026-04-27T08:45:00Z,218.8,22.59,0
2026-04-27T09:00:00Z,265.9,22.6,0
2026-04-27T09:15:00Z,393.4,23.39,0
2026-04-27T09:30:00Z,408.7,23.8,0
2026-04-27T09:45:00Z,494.9,24.1,0
2026-04-27T10:00:00Z,593.3,24.69,0
2026-04-27T10:15:00Z,641.7,24.6,0
2026-04-27T10:30:00Z,727,24.6,0
2026-04-27T10:45:00Z,612.7,24.8,0
2026-04-27T11:00:00Z,706.9,24.9,0
2026-04-27T11:15:00Z,580.1,25,0
2026-04-27T11:30:00Z,313.3,22.82,0
2026-04-27T11:45:00Z,456.2,22.6,0
2026-04-27T12:00:00Z,489.3,23.09,0
2026-04-27T12:15:00Z,437.2,23.1,0
2026-04-27T12:30:00Z,290.1,23.2,0
2026-04-27T12:45:00Z,302.9,23.5,0
2026-04-27T13:00:00Z,281.6,24.09,0
2026-04-27T13:15:00Z,342.8,24.89,0
2026-04-27T13:30:00Z,177.4,24.7,0
2026-04-27T13:45:00Z,139.6,23.41,0
2026-04-27T14:00:00Z,150.5,22.61,0
2026-04-27T14:15:00Z,111.8,21.41,30.26
2026-04-27T14:30:00Z,103.1,20.51,60.86
2026-04-27T14:45:00Z,137.9,20.8,30.94
2026-04-27T15:00:00Z,174.2,21.29,0.34
2026-04-27T15:15:00Z,211.5,21.79,0
2026-04-27T15:30:00Z,290.9,22.29,0
2026-04-27T15:45:00Z,455.7,23.09,0
2026-04-27T16:00:00Z,417.6,23.4,0
2026-04-27T16:15:00Z,231.4,22.91,0
2026-04-27T16:30:00Z,180.3,22.8,0
2026-04-27T16:45:00Z,132.5,22.7,0
2026-04-27T17:00:00Z,146,22.7,0
2026-04-27T17:15:00Z,144.8,22.7,0
2026-04-27T17:30:00Z,110.2,22.6,0
2026-04-27T17:45:00Z,49.08,22.3,0
2026-04-27T18:00:00Z,22.89,22.1,0
2026-04-27T18:15:00Z,5.294,21.9,0
2026-04-27T18:30:00Z,0.057,21.31,0
2026-04-27T18:45:00Z,0,21,0
2026-04-27T19:00:00Z,0,20.8,0
2026-04-27T19:15:00Z,0,20.8,0
2026-04-27T19:30:00Z,0,20.7,0
2026-04-27T19:45:00Z,0,20.4,0
2026-04-27T20:00:00Z,0,20.3,0
2026-04-27T20:15:00Z,0,20.4,0
2026-04-27T20:30:00Z,0,20.4,0
2026-04-27T20:45:00Z,0,20.5,0
2026-04-27T21:00:00Z,0,20.3,0
2026-04-27T21:15:00Z,0,20.2,0
2026-04-27T21:30:00Z,0,20.2,0
2026-04-27T21:45:00Z,0,20.1,0
2026-04-27T22:00:00Z,0,20.3,0
2026-04-27T22:15:00Z,0,20.4,0
2026-04-27T22:30:00Z,0,20.2,0
2026-04-27T22:45:00Z,0,20.3,0
2026-04-27T23:00:00Z,0,20.5,0
2026-04-27T23:15:00Z,0,20.2,0
2026-04-27T23:30:00Z,0,20.1,0
2026-04-27T23:45:00Z,0,19.9,0
2026-04-28T00:00:00Z,0,19.5,0
2026-04-28T00:15:00Z,0,19.5,0
2026-04-28T00:30:00Z,0,19.7,0
2026-04-28T00:45:00Z,0,19.9,0
2026-04-28T01:00:00Z,0,20.3,0
2026-04-28T01:15:00Z,0,20.2,0
2026-04-28T01:30:00Z,0,19.71,0
2026-04-28T01:45:00Z,0,19.9,0
2026-04-28T02:00:00Z,0,19.41,0
2026-04-28T02:15:00Z,0,19.1,0
2026-04-28T02:30:00Z,0,19,0
2026-04-28T02:45:00Z,0,20.58,0
2026-04-28T03:00:00Z,0,20.8,0
2026-04-28T03:15:00Z,0,20.8,0
2026-04-28T03:30:00Z,0,20.7,0
2026-04-28T03:45:00Z,0,20.8,0
2026-04-28T04:00:00Z,0,20.9,0
2026-04-28T04:15:00Z,0,21.1,0
2026-04-28T04:30:00Z,0,21.2,0
2026-04-28T04:45:00Z,0,21.5,0
2026-04-28T05:00:00Z,0,21.5,0
2026-04-28T05:15:00Z,0,21.3,0
2026-04-28T05:30:00Z,0,21.2,0
2026-04-28T05:45:00Z,0,21,0
2026-04-28T06:00:00Z,0,20.8,0
2026-04-28T06:15:00Z,0,20.7,0
2026-04-28T06:30:00Z,0,20.6,0
2026-04-28T06:45:00Z,0.099,20.4,0
2026-04-28T07:00:00Z,9.79,20.3,0
2026-04-28T07:15:00Z,15.34,20.2,0
2026-04-28T07:30:00Z,31.32,20.3,0
2026-04-28T07:45:00Z,64.83,20.6,0
2026-04-28T08:00:00Z,97.5,21.29,0
2026-04-28T08:15:00Z,127.6,21.99,0
2026-04-28T08:30:00Z,161.5,22.99,0
2026-04-28T08:45:00Z,237.1,24.09,0
2026-04-28T09:00:00Z,309.4,25.09,0
2026-04-28T09:15:00Z,350.3,25.5,0
2026-04-28T09:30:00Z,370.9,25.5,0
2026-04-28T09:45:00Z,446.2,25.9,0
2026-04-28T10:00:00Z,236.7,25.41,0
2026-04-28T10:15:00Z,334.4,25.2,0
2026-04-28T10:30:00Z,287,25,0
2026-04-28T10:45:00Z,167.5,24.7,0
2026-04-28T11:00:00Z,282.5,24.8,0
2026-04-28T11:15:00Z,237,24.4,0
2026-04-28T11:30:00Z,321.6,24.5,0
2026-04-28T11:45:00Z,576.4,25.19,0
2026-04-28T12:00:00Z,165.3,24.71,0
2026-04-28T12:15:00Z,118.2,24.4,0
2026-04-28T12:30:00Z,159.2,24.6,0
2026-04-28T12:45:00Z,162.3,24.8,0
2026-04-28T13:00:00Z,194.7,25.1,0
2026-04-28T13:15:00Z,161.2,25.1,0
2026-04-28T13:30:00Z,161,25,0
2026-04-28T13:45:00Z,260.7,25.3,0
2026-04-28T14:00:00Z,394.3,24.9,0
2026-04-28T14:15:00Z,621.6,24.9,0
2026-04-28T14:30:00Z,811,26.09,0
2026-04-28T14:45:00Z,799.9,26.69,0
2026-04-28T15:00:00Z,725.8,26.9,0
2026-04-28T15:15:00Z,620.6,27.1,0
2026-04-28T15:30:00Z,383.6,26.61,0
2026-04-28T15:45:00Z,87.9,25.41,0
2026-04-28T16:00:00Z,35.75,19.66,393.4
2026-04-28T16:15:00Z,55.08,19.3,95.2
2026-04-28T16:30:00Z,60.34,20.19,1.02
2026-04-28T16:45:00Z,46.46,20.89,0
2026-04-28T17:00:00Z,48.28,20.9,0
2026-04-28T17:15:00Z,59.67,20.9,0
2026-04-28T17:30:00Z,94.6,20.9,0
2026-04-28T17:45:00Z,65.43,21.3,0
2026-04-28T18:00:00Z,29.99,21,0
2026-04-28T18:15:00Z,15.46,20.8,0
2026-04-28T18:30:00Z,0.862,20.8,0
2026-04-28T18:45:00Z,0.008,20.21,0
2026-04-28T19:00:00Z,0,19.9,0
2026-04-28T19:15:00Z,0,19.8,0
2026-04-28T19:30:00Z,0,19.5,0
2026-04-28T19:45:00Z,0,19.3,0
2026-04-28T20:00:00Z,0,19.2,0
2026-04-28T20:15:00Z,0,18.9,0
2026-04-28T20:30:00Z,0,18.5,0
2026-04-28T20:45:00Z,0,18.4,0
2026-04-28T21:00:00Z,0,18.5,0
2026-04-28T21:15:00Z,0,18.2,0
2026-04-28T21:30:00Z,0,17.9,0
2026-04-28T21:45:00Z,0,17.9,0
2026-04-28T22:00:00Z,0,17.6,0
2026-04-28T22:15:00Z,0,17.5,0
2026-04-28T22:30:00Z,0,17.4,0
2026-04-28T22:45:00Z,0,17.6,0
2026-04-28T23:00:00Z,0,17.9,0
2026-04-28T23:15:00Z,0,17.9,0
2026-04-28T23:30:00Z,0,17.8,0
2026-04-28T23:45:00Z,0,18,0
2026-04-29T00:00:00Z,0,18.1,0
2026-04-29T00:15:00Z,0,18,0
2026-04-29T00:30:00Z,0,17.6,0
2026-04-29T00:45:00Z,0,17.5,0
2026-04-29T01:00:00Z,0,17.3,0
2026-04-29T01:15:00Z,0,17.4,0
2026-04-29T01:30:00Z,0,17.4,0
2026-04-29T01:45:00Z,0,18.39,0
2026-04-29T02:00:00Z,0,18.7,0
2026-04-29T02:15:00Z,0,18.9,0
2026-04-29T02:30:00Z,0,18.7,0
2026-04-29T02:45:00Z,0,18.3,0
2026-04-29T03:00:00Z,0,18.5,0
2026-04-29T03:15:00Z,0,18.3,0
2026-04-29T03:30:00Z,0,18.2,0
2026-04-29T03:45:00Z,0,17.31,0
2026-04-29T04:00:00Z,0,16.9,0
2026-04-29T04:15:00Z,0,17.3,0
2026-04-29T04:30:00Z,0,16.9,0
2026-04-29T04:45:00Z,0,17,0
2026-04-29T05:00:00Z,0,17.2,0
2026-04-29T05:15:00Z,0,17.69,0
2026-04-29T05:30:00Z,0,17.7,0
2026-04-29T05:45:00Z,0,17.7,0
2026-04-29T06:00:00Z,0,17.7,0
2026-04-29T06:15:00Z,0,18.1,0
2026-04-29T06:30:00Z,0,18.2,0
2026-04-29T06:45:00Z,1.483,18.3,0
2026-04-29T07:00:00Z,11.09,18.6,0
2026-04-29T07:15:00Z,23.17,19.19,0
2026-04-29T07:30:00Z,72.45,19.99,0
2026-04-29T07:45:00Z,97.7,20.49,0
2026-04-29T08:00:00Z,134,20.9,0
2026-04-29T08:15:00Z,180.2,21.3,0
2026-04-29T08:30:00Z,229.6,21.79,0
2026-04-29T08:45:00Z,280.3,22.39,0
2026-04-29T09:00:00Z,321.6,22.89,0
2026-04-29T09:15:00Z,349.5,23.3,0
2026-04-29T09:30:00Z,390.2,23.79,0
2026-04-29T09:45:00Z,478.6,24.1,0
2026-04-29T10:00:00Z,550.2,24.4,0
2026-04-29T10:15:00Z,596.6,24.6,0
2026-04-29T10:30:00Z,640.5,25,0
2026-04-29T10:45:00Z,680.1,25.49,0
2026-04-29T11:00:00Z,716.8,25.6,0
2026-04-29T11:15:00Z,748.8,25.8,0
2026-04-29T11:30:00Z,781.1,25.9,0
2026-04-29T11:45:00Z,808,26.2,0
2026-04-29T12:00:00Z,657,26.1,0
2026-04-29T12:15:00Z,768.1,26.1,0
2026-04-29T12:30:00Z,841,26.4,0
2026-04-29T12:45:00Z,925,26.8,0
2026-04-29T13:00:00Z,466.3,26.01,0
2026-04-29T13:15:00Z,378.9,25.7,0
2026-04-29T13:30:00Z,661.7,26.29,0
2026-04-29T13:45:00Z,569.2,26.5,0
2026-04-29T14:00:00Z,615.3,26.4,0
2026-04-29T14:15:00Z,522.9,26.6,0
2026-04-29T14:30:00Z,519.7,26.4,0
2026-04-29T14:45:00Z,684.3,27.69,0
2026-04-29T15:00:00Z,718.5,27.6,0
2026-04-29T15:15:00Z,310.3,26.41,0
2026-04-29T15:30:00Z,573.9,27.69,0
2026-04-29T15:45:00Z,608.2,27.8,0
2026-04-29T16:00:00Z,394.8,27.01,0
2026-04-29T16:15:00Z,168.7,26.01,0
2026-04-29T16:30:00Z,71.46,25.41,0
2026-04-29T16:45:00Z,43.3,25.2,0
2026-04-29T17:00:00Z,40.03,24.61,0
2026-04-29T17:15:00Z,45.54,24.11,0
2026-04-29T17:30:00Z,86.3,23.8,0
2026-04-29T17:45:00Z,22.42,23.6,0
2026-04-29T18:00:00Z,18.93,22.51,0
2026-04-29T18:15:00Z,7.231,21.31,0
2026-04-29T18:30:00Z,0.079,20.71,0
2026-04-29T18:45:00Z,0,19.91,0
2026-04-29T19:00:00Z,0,19.6,0
2026-04-29T19:15:00Z,0,19.4,0
2026-04-29T19:30:00Z,0,18.71,0
2026-04-29T19:45:00Z,0,18.6,0
2026-04-29T20:00:00Z,0,18.7,0
2026-04-29T20:15:00Z,0,18.7,0
2026-04-29T20:30:00Z,0,18.7,0
2026-04-29T20:45:00Z,0,18.6,0
2026-04-29T21:00:00Z,0,18.5,0
2026-04-29T21:15:00Z,0,18.5,0
2026-04-29T21:30:00Z,0,18.01,0
2026-04-29T21:45:00Z,0,17.7,0
2026-04-29T22:00:00Z,0,17.21,0
2026-04-29T22:15:00Z,0,17.2,0
2026-04-29T22:30:00Z,0,16.61,0
2026-04-29T22:45:00Z,0,16.4,0
2026-04-29T23:00:00Z,0,16.7,0
2026-04-29T23:15:00Z,0,16.5,0
2026-04-29T23:30:00Z,0,16.6,0
2026-04-29T23:45:00Z,0,16.5,0
2026-04-30T00:00:00Z,0,16.6,0
2026-04-30T00:15:00Z,0,17.19,0
2026-04-30T00:30:00Z,0,18.19,0
2026-04-30T00:45:00Z,0,17.31,0
2026-04-30T01:00:00Z,0,17.4,0
2026-04-30T01:15:00Z,0,17.7,0
2026-04-30T01:30:00Z,0,18.19,0
2026-04-30T01:45:00Z,0,18.2,0
2026-04-30T02:00:00Z,0,18.3,0
2026-04-30T02:15:00Z,0,17.41,0
2026-04-30T02:30:00Z,0,16.81,0
2026-04-30T02:45:00Z,0,16.6,0
2026-04-30T03:00:00Z,0,16.9,0
2026-04-30T03:15:00Z,0,17,0
2026-04-30T03:30:00Z,0,16.9,0
2026-04-30T03:45:00Z,0,16.9,0
2026-04-30T04:00:00Z,0,16.8,0
2026-04-30T04:15:00Z,0,16.9,0
2026-04-30T04:30:00Z,0,16.5,0
2026-04-30T04:45:00Z,0,16.2,0
2026-04-30T05:00:00Z,0,16.6,0
2026-04-30T05:15:00Z,0,16.8,0
2026-04-30T05:30:00Z,0,17,0
2026-04-30T05:45:00Z,0,17.2,0
2026-04-30T06:00:00Z,0,17,0
2026-04-30T06:15:00Z,0,16.9,0
2026-04-30T06:30:00Z,0,17,0
2026-04-30T06:45:00Z,1.978,16.6,0
2026-04-30T07:00:00Z,11.79,17.19,0
2026-04-30T07:15:00Z,23.27,17.99,0
2026-04-30T07:30:00Z,60.68,19.88,0
2026-04-30T07:45:00Z,93.8,20.69,0
2026-04-30T08:00:00Z,131.1,21.29,0
2026-04-30T08:15:00Z,178.5,21.4,0
2026-04-30T08:30:00Z,228,21.6,0
2026-04-30T08:45:00Z,277.9,22,0
2026-04-30T09:00:00Z,315.9,22.3,0
2026-04-30T09:15:00Z,341.6,22.7,0
2026-04-30T09:30:00Z,396.9,23.1,0
2026-04-30T09:45:00Z,484.8,23.59,0
2026-04-30T10:00:00Z,548.7,23.5,0
2026-04-30T10:15:00Z,596.8,23.7,0
2026-04-30T10:30:00Z,642.4,23.8,0
2026-04-30T10:45:00Z,681.5,24,0
2026-04-30T11:00:00Z,718.9,24.3,0
2026-04-30T11:15:00Z,751.6,24.5,0
2026-04-30T11:30:00Z,781.5,24.7,0
2026-04-30T11:45:00Z,801,24.7,0
2026-04-30T12:00:00Z,700,24.7,0
2026-04-30T12:15:00Z,665.9,24.7,0
2026-04-30T12:30:00Z,707,24.9,0
2026-04-30T12:45:00Z,479.8,24.8,0
2026-04-30T13:00:00Z,517.9,24.9,0
2026-04-30T13:15:00Z,658.8,25.1,0
2026-04-30T13:30:00Z,481.5,25,0
2026-04-30T13:45:00Z,682,25.49,0
2026-04-30T14:00:00Z,320.1,24.71,0
2026-04-30T14:15:00Z,833,25.79,0
2026-04-30T14:30:00Z,495,25.4,0
2026-04-30T14:45:00Z,536.7,25.6,0
2026-04-30T15:00:00Z,539.9,25.6,0
2026-04-30T15:15:00Z,514.1,25.9,0
2026-04-30T15:30:00Z,570,26.2,0
2026-04-30T15:45:00Z,411,25.51,0
2026-04-30T16:00:00Z,478.9,25.9,0
2026-04-30T16:15:00Z,396.7,25.8,0
2026-04-30T16:30:00Z,433.4,26,0
2026-04-30T16:45:00Z,246.3,25.51,0
2026-04-30T17:00:00Z,254.6,25.1,0
2026-04-30T17:15:00Z,222.2,25.1,0
2026-04-30T17:30:00Z,32.43,24.31,0
2026-04-30T17:45:00Z,102.6,23.9,0
2026-04-30T18:00:00Z,39.32,23.9,0
2026-04-30T18:15:00Z,9.63,22.71,0
2026-04-30T18:30:00Z,0.103,22.01,0
2026-04-30T18:45:00Z,0,20.32,0
2026-04-30T19:00:00Z,0,19.51,0
2026-04-30T19:15:00Z,0,18.71,0
2026-04-30T19:30:00Z,0,18.6,0
2026-04-30T19:45:00Z,0,18.4,0
2026-04-30T20:00:00Z,0,18.1,0
2026-04-30T20:15:00Z,0,17.8,0
2026-04-30T20:30:00Z,0,17.4,0
2026-04-30T20:45:00Z,0,17.2,0
2026-04-30T21:00:00Z,0,17.2,0
2026-04-30T21:15:00Z,0,17.3,0
2026-04-30T21:30:00Z,0,18.09,0
2026-04-30T21:45:00Z,0,18.1,0
2026-04-30T22:00:00Z,0,18.3,0
2026-04-30T22:15:00Z,0,18.5,0
2026-04-30T22:30:00Z,0,18.8,0
2026-04-30T22:45:00Z,0,19.1,0
2026-04-30T23:00:00Z,0,19.79,0
2026-04-30T23:15:00Z,0,20.2,0
2026-04-30T23:30:00Z,0,19.9,0
2026-04-30T23:45:00Z,0,20,0
2026-05-01T00:00:00Z,0,19.8,0
2026-05-01T00:15:00Z,0,19.7,0
2026-05-01T00:30:00Z,0,19.6,0
2026-05-01T00:45:00Z,0,19.01,0
2026-05-01T01:00:00Z,0,19.2,0
2026-05-01T01:15:00Z,0,18.9,0
2026-05-01T01:30:00Z,0,18.5,0
2026-05-01T01:45:00Z,0,17.61,0
2026-05-01T02:00:00Z,0,17.6,0
2026-05-01T02:15:00Z,0,17.3,0
2026-05-01T02:30:00Z,0,17.5,0
2026-05-01T02:45:00Z,0,17.2,0
2026-05-01T03:00:00Z,0,17,0
2026-05-01T03:15:00Z,0,17,0
2026-05-01T03:30:00Z,0,17.1,0
2026-05-01T03:45:00Z,0,17.1,0
2026-05-01T04:00:00Z,0,17,0
2026-05-01T04:15:00Z,0,16.41,0
2026-05-01T04:30:00Z,0,17.09,0
2026-05-01T04:45:00Z,0,17.59,0
2026-05-01T05:00:00Z,0,17.5,0
2026-05-01T05:15:00Z,0,17.8,0
2026-05-01T05:30:00Z,0,17.5,0
2026-05-01T05:45:00Z,0,17.4,0
2026-05-01T06:00:00Z,0,17.3,0
2026-05-01T06:15:00Z,0,17.1,0
2026-05-01T06:30:00Z,0,16.9,0
2026-05-01T06:45:00Z,0.89,15.91,0
2026-05-01T07:00:00Z,10.2,15.6,0
2026-05-01T07:15:00Z,23.85,16.39,0
2026-05-01T07:30:00Z,68.3,18.38,0
2026-05-01T07:45:00Z,94.2,19.59,0
2026-05-01T08:00:00Z,134.1,20.29,0
2026-05-01T08:15:00Z,181.6,20.3,0
2026-05-01T08:30:00Z,230.9,20.79,0
2026-05-01T08:45:00Z,276.3,21.29,0
2026-05-01T09:00:00Z,311.7,21.5,0
2026-05-01T09:15:00Z,339,21.9,0
2026-05-01T09:30:00Z,406.6,22.49,0
2026-05-01T09:45:00Z,493.9,22.5,0
2026-05-01T10:00:00Z,553.4,22.99,0
2026-05-01T10:15:00Z,603,23.4,0
2026-05-01T10:30:00Z,644.9,23.99,0
2026-05-01T10:45:00Z,616,23.9,0
2026-05-01T11:00:00Z,715.1,24.2,0
2026-05-01T11:15:00Z,778,24.5,0
2026-05-01T11:30:00Z,788.5,24.7,0
2026-05-01T11:45:00Z,825,24.8,0
2026-05-01T12:00:00Z,835,24.8,0
2026-05-01T12:15:00Z,853,25.1,0
2026-05-01T12:30:00Z,865,25.1,0
2026-05-01T12:45:00Z,869,25.59,0
2026-05-01T13:00:00Z,863,25.6,0
2026-05-01T13:15:00Z,846,25.6,0
2026-05-01T13:30:00Z,760.7,25.8,0
2026-05-01T13:45:00Z,619.7,25.8,0
2026-05-01T14:00:00Z,695,25.7,0
2026-05-01T14:15:00Z,481.8,25.8,0
2026-05-01T14:30:00Z,690.8,26,0
2026-05-01T14:45:00Z,418.3,25.41,0
2026-05-01T15:00:00Z,636.6,26.49,0
2026-05-01T15:15:00Z,340.3,25.61,0
2026-05-01T15:30:00Z,218.9,25.3,0
2026-05-01T15:45:00Z,268.1,25.4,0
2026-05-01T16:00:00Z,324.7,25.8,0
2026-05-01T16:15:00Z,468.2,26.29,0
2026-05-01T16:30:00Z,413.2,26.3,0
2026-05-01T16:45:00Z,408.7,26.3,0
2026-05-01T17:00:00Z,379.5,26,0
2026-05-01T17:15:00Z,300.2,25.6,0
2026-05-01T17:30:00Z,208.3,25.2,0
2026-05-01T17:45:00Z,126.6,24.71,0
2026-05-01T18:00:00Z,72.99,24.11,0
2026-05-01T18:15:00Z,17.42,23.51,0
2026-05-01T18:30:00Z,0.187,22.61,0
2026-05-01T18:45:00Z,0,21.41,0
2026-05-01T19:00:00Z,0,20.21,0
2026-05-01T19:15:00Z,0,19.21,0
2026-05-01T19:30:00Z,0,18.61,0
2026-05-01T19:45:00Z,0,18.4,0
2026-05-01T20:00:00Z,0,18,0
2026-05-01T20:15:00Z,0,17.8,0
2026-05-01T20:30:00Z,0,17.7,0
2026-05-01T20:45:00Z,0,17.4,0
2026-05-01T21:00:00Z,0,17.2,0
2026-05-01T21:15:00Z,0,17,0
2026-05-01T21:30:00Z,0,17,0
2026-05-01T21:45:00Z,0,16.8,0
2026-05-01T22:00:00Z,0,17.29,0
2026-05-01T22:15:00Z,0,17.1,0
2026-05-01T22:30:00Z,0,17.2,0
2026-05-01T22:45:00Z,0,16.51,0
2026-05-01T23:00:00Z,0,16.3,0
2026-05-01T23:15:00Z,0,16.4,0
2026-05-01T23:30:00Z,0,15.71,0
2026-05-01T23:45:00Z,0,15.6,0
2026-05-02T00:00:00Z,0,16.59,0
2026-05-02T00:15:00Z,0,17.69,0
2026-05-02T00:30:00Z,0,17.9,0
2026-05-02T00:45:00Z,0,18.69,0
2026-05-02T01:00:00Z,0,18.5,0
2026-05-02T01:15:00Z,0,17.71,0
2026-05-02T01:30:00Z,0,17.6,0
2026-05-02T01:45:00Z,0,18,0
2026-05-02T02:00:00Z,0,18.59,0
2026-05-02T02:15:00Z,0,18.7,0
2026-05-02T02:30:00Z,0,18.9,0
2026-05-02T02:45:00Z,0,18.9,0
2026-05-02T03:00:00Z,0,19,0
2026-05-02T03:15:00Z,0,18.8,0
2026-05-02T03:30:00Z,0,19,0
2026-05-02T03:45:00Z,0,19.4,0
2026-05-02T04:00:00Z,0,19.3,0
2026-05-02T04:15:00Z,0,19.3,0
2026-05-02T04:30:00Z,0,19.2,0
2026-05-02T04:45:00Z,0,18.41,0
2026-05-02T05:00:00Z,0,18.3,0
2026-05-02T05:15:00Z,0,18.4,0
2026-05-02T05:30:00Z,0,18.3,0
2026-05-02T05:45:00Z,0,17.81,0
2026-05-02T06:00:00Z,0,18,0
2026-05-02T06:15:00Z,0,18.4,0
2026-05-02T06:30:00Z,0,18.3,0
2026-05-02T06:45:00Z,1.582,18.2,0
2026-05-02T07:00:00Z,11.39,18.4,0
2026-05-02T07:15:00Z,23.56,18.89,0
2026-05-02T07:30:00Z,60.39,19.69,0
2026-05-02T07:45:00Z,94.7,20.29,0
2026-05-02T08:00:00Z,132.9,20.6,0
2026-05-02T08:15:00Z,179.3,20.7,0
2026-05-02T08:30:00Z,228.3,21.19,0
2026-05-02T08:45:00Z,269.2,21.99,0
2026-05-02T09:00:00Z,300.9,22.49,0
2026-05-02T09:15:00Z,335.9,22.3,0
2026-05-02T09:30:00Z,411.3,22.7,0
2026-05-02T09:45:00Z,494.8,23.29,0
2026-05-02T10:00:00Z,549.4,23.4,0
2026-05-02T10:15:00Z,594.4,23.89,0
2026-05-02T10:30:00Z,638.2,24.79,0
2026-05-02T10:45:00Z,661.6,25.29,0
2026-05-02T11:00:00Z,714.2,25.6,0
2026-05-02T11:15:00Z,750.7,25.9,0
2026-05-02T11:30:00Z,787.4,26.59,0
2026-05-02T11:45:00Z,821,26.9,0
2026-05-02T12:00:00Z,856,27.2,0
2026-05-02T12:15:00Z,926,27.4,0
2026-05-02T12:30:00Z,937,27.6,0
2026-05-02T12:45:00Z,723.1,27.6,0
2026-05-02T13:00:00Z,363.6,26.12,0
2026-05-02T13:15:00Z,304.4,25.7,0
2026-05-02T13:30:00Z,858,27.38,0
2026-05-02T13:45:00Z,604.5,27.1,0
2026-05-02T14:00:00Z,634.4,26.7,0
2026-05-02T14:15:00Z,715.6,27.39,0
2026-05-02T14:30:00Z,468.8,27.1,0
2026-05-02T14:45:00Z,689,27.3,0
2026-05-02T15:00:00Z,302.2,27.3,0
2026-05-02T15:15:00Z,353.6,27,0
2026-05-02T15:30:00Z,315.2,27.4,0
2026-05-02T15:45:00Z,554.2,27.99,0
2026-05-02T16:00:00Z,534.3,28,0
2026-05-02T16:15:00Z,524.1,28,0
2026-05-02T16:30:00Z,449.6,27.8,0
2026-05-02T16:45:00Z,362.1,27.5,0
2026-05-02T17:00:00Z,319.3,27.5,0
2026-05-02T17:15:00Z,216.1,27.01,0
2026-05-02T17:30:00Z,182.4,26.8,0
2026-05-02T17:45:00Z,132.9,26.11,0
2026-05-02T18:00:00Z,77.42,25.21,0
2026-05-02T18:15:00Z,15.19,23.52,0
2026-05-02T18:30:00Z,0.161,22.12,0
2026-05-02T18:45:00Z,0,21.21,0
2026-05-02T19:00:00Z,0,20.61,0
2026-05-02T19:15:00Z,0,20.8,0
2026-05-02T19:30:00Z,0,20.6,0
2026-05-02T19:45:00Z,0,19.81,0
2026-05-02T20:00:00Z,0,20,0
2026-05-02T20:15:00Z,0,19.7,0
2026-05-02T20:30:00Z,0,19.5,0
2026-05-02T20:45:00Z,0,18.91,0
2026-05-02T21:00:00Z,0,18.11,0
2026-05-02T21:15:00Z,0,17.61,0
2026-05-02T21:30:00Z,0,17.11,0
2026-05-02T21:45:00Z,0,17,0
2026-05-02T22:00:00Z,0,16.9,0
2026-05-02T22:15:00Z,0,17.39,0
2026-05-02T22:30:00Z,0,17,0
2026-05-02T22:45:00Z,0,17.1,0
2026-05-02T23:00:00Z,0,17.3,0
2026-05-02T23:15:00Z,0,17.5,0
2026-05-02T23:30:00Z,0,17.4,0
2026-05-02T23:45:00Z,0,17,0
2026-05-03T00:00:00Z,0,17,0
2026-05-03T00:15:00Z,0,17,0
2026-05-03T00:30:00Z,0,17.2,0
2026-05-03T00:45:00Z,0,17.6,0
2026-05-03T01:00:00Z,0,17.7,0
2026-05-03T01:15:00Z,0,17.6,0
2026-05-03T01:30:00Z,0,17.9,0
2026-05-03T01:45:00Z,0,19.09,0
2026-05-03T02:00:00Z,0,19.3,0
2026-05-03T02:15:00Z,0,18.81,0
2026-05-03T02:30:00Z,0,18.9,0
2026-05-03T02:45:00Z,0,19.99,0
2026-05-03T03:00:00Z,0,20.1,0
2026-05-03T03:15:00Z,0,19.61,0
2026-05-03T03:30:00Z,0,19.4,0
2026-05-03T03:45:00Z,0,19.2,0
2026-05-03T04:00:00Z,0,19.1,0
2026-05-03T04:15:00Z,0,19.1,0
2026-05-03T04:30:00Z,0,19.3,0
2026-05-03T04:45:00Z,0,19.7,0
2026-05-03T05:00:00Z,0,19.5,0
2026-05-03T05:15:00Z,0,19.7,0
2026-05-03T05:30:00Z,0,20.19,0
2026-05-03T05:45:00Z,0,20,0
2026-05-03T06:00:00Z,0,19.8,0
2026-05-03T06:15:00Z,0,19.6,0
2026-05-03T06:30:00Z,0,19.6,0
2026-05-03T06:45:00Z,2.967,19.8,0
2026-05-03T07:00:00Z,20.9,20,0
2026-05-03T07:15:00Z,35.83,20.49,0
2026-05-03T07:30:00Z,63.69,21.09,0
2026-05-03T07:45:00Z,86.7,21.4,0
2026-05-03T08:00:00Z,125.2,21.7,0
2026-05-03T08:15:00Z,155.5,21.9,0
2026-05-03T08:30:00Z,223.8,22.49,0
2026-05-03T08:45:00Z,263.3,22.99,0
2026-05-03T09:00:00Z,294.2,23.4,0
2026-05-03T09:15:00Z,328.2,23.89,0
2026-05-03T09:30:00Z,411.5,24.3,0
2026-05-03T09:45:00Z,492.2,24.3,0
2026-05-03T10:00:00Z,543.9,24.7,0
2026-05-03T10:15:00Z,587.7,24.8,0
2026-05-03T10:30:00Z,633,25,0
2026-05-03T10:45:00Z,655.6,25.3,0
2026-05-03T11:00:00Z,712.8,25.4,0
2026-05-03T11:15:00Z,749.5,25.8,0
2026-05-03T11:30:00Z,779.6,26.29,0
2026-05-03T11:45:00Z,807,26.4,0
2026-05-03T12:00:00Z,826,26.1,0
2026-05-03T12:15:00Z,867,26.69,0
2026-05-03T12:30:00Z,792.6,26.6,0
2026-05-03T12:45:00Z,852,26.5,0
2026-05-03T13:00:00Z,786.5,26.8,0
2026-05-03T13:15:00Z,964,27.2,0
2026-05-03T13:30:00Z,852,27.4,0
2026-05-03T13:45:00Z,932,27.4,0
2026-05-03T14:00:00Z,509,26.61,0
2026-05-03T14:15:00Z,876,27.29,0
2026-05-03T14:30:00Z,796.3,27.6,0
2026-05-03T14:45:00Z,848,27.6,0
2026-05-03T15:00:00Z,709.1,27.4,0
2026-05-03T15:15:00Z,598.7,27.5,0
2026-05-03T15:30:00Z,580.1,27.8,0
2026-05-03T15:45:00Z,517.9,27.6,0
2026-05-03T16:00:00Z,502.9,27.6,0
2026-05-03T16:15:00Z,253.3,27.01,0
2026-05-03T16:30:00Z,204,26.11,0
2026-05-03T16:45:00Z,145.5,26.3,0
2026-05-03T17:00:00Z,163.7,26.1,0
2026-05-03T17:15:00Z,241,26.69,0
2026-05-03T17:30:00Z,119.4,26.21,0
2026-05-03T17:45:00Z,104.5,25.51,0
2026-05-03T18:00:00Z,56.83,25.3,0
2026-05-03T18:15:00Z,7.449,24.31,0
2026-05-03T18:30:00Z,0.077,23.01,0
2026-05-03T18:45:00Z,0,22.11,0
2026-05-03T19:00:00Z,0,21.8,0
2026-05-03T19:15:00Z,0,22,0
2026-05-03T19:30:00Z,0,21.9,0
2026-05-03T19:45:00Z,0,21.9,0
2026-05-03T20:00:00Z,0,21.21,0
2026-05-03T20:15:00Z,0,21.1,0
2026-05-03T20:30:00Z,0,21,0
2026-05-03T20:45:00Z,0,20.31,0
2026-05-03T21:00:00Z,0,20,0
2026-05-03T21:15:00Z,0,19.8,0
2026-05-03T21:30:00Z,0,19.4,0
2026-05-03T21:45:00Z,0,20.19,0
2026-05-03T22:00:00Z,0,20.2,0
2026-05-03T22:15:00Z,0,20.5,0
2026-05-03T22:30:00Z,0,20.8,0
2026-05-03T22:45:00Z,0,20.8,0
2026-05-03T23:00:00Z,0,20.9,0
2026-05-03T23:15:00Z,0,21.2,0
2026-05-03T23:30:00Z,0,21.2,0
2026-05-03T23:45:00Z,0,21.2,0
2026-05-04T00:00:00Z,0,21.3,0
2026-05-04T00:15:00Z,0,21.1,0
2026-05-04T00:30:00Z,0,21.1,0
2026-05-04T00:45:00Z,0,21.1,0
2026-05-04T01:00:00Z,0,21,0
2026-05-04T01:15:00Z,0,21.2,0
2026-05-04T01:30:00Z,0,21.1,0
2026-05-04T01:45:00Z,0,21,0
2026-05-04T02:00:00Z,0,21.2,0
2026-05-04T02:15:00Z,0,20.9,0
2026-05-04T02:30:00Z,0,21.2,0
2026-05-04T02:45:00Z,0,21.4,0
2026-05-04T03:00:00Z,0,21.4,0
2026-05-04T03:15:00Z,0,21.2,0
2026-05-04T03:30:00Z,0,21.1,0
2026-05-04T03:45:00Z,0,20.9,0
2026-05-04T04:00:00Z,0,20.7,0
2026-05-04T04:15:00Z,0,20.4,0
2026-05-04T04:30:00Z,0,19.81,0
2026-05-04T04:45:00Z,0,19.4,0
2026-05-04T05:00:00Z,0,19.8,0
2026-05-04T05:15:00Z,0,20.39,0
2026-05-04T05:30:00Z,0,20.7,0
2026-05-04T05:45:00Z,0,20.9,0
2026-05-04T06:00:00Z,0,20.6,0
2026-05-04T06:15:00Z,0,20.5,0
2026-05-04T06:30:00Z,0,20.4,0
2026-05-04T06:45:00Z,0.593,20.4,0
2026-05-04T07:00:00Z,10.09,20.4,0
2026-05-04T07:15:00Z,23.85,20.5,0
2026-05-04T07:30:00Z,64.05,21.19,0
2026-05-04T07:45:00Z,99.7,21.6,0
2026-05-04T08:00:00Z,83.1,21.4,0
2026-05-04T08:15:00Z,65.4,21.3,0
2026-05-04T08:30:00Z,129.8,21.7,0
2026-05-04T08:45:00Z,183.9,22.49,0
2026-05-04T09:00:00Z,318.2,23.39,0
2026-05-04T09:15:00Z,360.6,23.7,0
2026-05-04T09:30:00Z,428.9,24.19,0
2026-05-04T09:45:00Z,504.3,24.3,0
2026-05-04T10:00:00Z,529.4,24.6,0
2026-05-04T10:15:00Z,528.7,24.9,0
2026-05-04T10:30:00Z,560.5,24.7,0
2026-05-04T10:45:00Z,309.2,24.3,0
2026-05-04T11:00:00Z,154.5,23.9,0
2026-05-04T11:15:00Z,125.5,23.9,0
2026-05-04T11:30:00Z,504,24.39,0
2026-05-04T11:45:00Z,530.8,25.29,0
2026-05-04T12:00:00Z,195.7,24.31,0
2026-05-04T12:15:00Z,274.2,24.1,0
2026-05-04T12:30:00Z,212.8,23.8,0
2026-05-04T12:45:00Z,231.8,23.21,0
2026-05-04T13:00:00Z,248.1,23.4,0
2026-05-04T13:15:00Z,215.2,23.6,0
2026-05-04T13:30:00Z,271.6,23.8,0
2026-05-04T13:45:00Z,321.2,24,0
2026-05-04T14:00:00Z,378.1,24.4,0
2026-05-04T14:15:00Z,503.1,24.8,0
2026-05-04T14:30:00Z,499.9,24.9,0
2026-05-04T14:45:00Z,271,24.7,0
2026-05-04T15:00:00Z,248.2,24.6,0
2026-05-04T15:15:00Z,226.8,24.5,0
2026-05-04T15:30:00Z,218.8,24.5,0
2026-05-04T15:45:00Z,192.4,24.2,0
2026-05-04T16:00:00Z,174.6,24.2,0
2026-05-04T16:15:00Z,132.9,24.1,0
2026-05-04T16:30:00Z,120.1,24,0
2026-05-04T16:45:00Z,112.5,23.9,0
2026-05-04T17:00:00Z,122.6,23.9,0
2026-05-04T17:15:00Z,148.2,24,0
2026-05-04T17:30:00Z,166.2,24.3,0
2026-05-04T17:45:00Z,52.88,23.81,0
2026-05-04T18:00:00Z,16.2,23.21,0
2026-05-04T18:15:00Z,1.164,22.51,0
2026-05-04T18:30:00Z,0.011,21.61,0
2026-05-04T18:45:00Z,0,20.81,0
2026-05-04T19:00:00Z,0,21,0
2026-05-04T19:15:00Z,0,20.9,0
2026-05-04T19:30:00Z,0,21.2,0
2026-05-04T19:45:00Z,0,21.6,0
2026-05-04T20:00:00Z,0,21.4,0
2026-05-04T20:15:00Z,0,20.81,0
2026-05-04T20:30:00Z,0,20.31,0
2026-05-04T20:45:00Z,0,20.2,0
2026-05-04T21:00:00Z,0,19.8,0
2026-05-04T21:15:00Z,0,20.2,0
2026-05-04T21:30:00Z,0,20.2,0
2026-05-04T21:45:00Z,0,20.2,0
2026-05-04T22:00:00Z,0,20.5,0
2026-05-04T22:15:00Z,0,20.4,0
2026-05-04T22:30:00Z,0,20.4,0
2026-05-04T22:45:00Z,0,20.6,0
2026-05-04T23:00:00Z,0,20.9,0
2026-05-04T23:15:00Z,0,21,0
2026-05-04T23:30:00Z,0,21,0
2026-05-04T23:45:00Z,0,20.7,0
2026-05-05T00:00:00Z,0,20.5,0
2026-05-05T00:15:00Z,0,20.5,0
2026-05-05T00:30:00Z,0,20.3,0
2026-05-05T00:45:00Z,0,20.4,0
2026-05-05T01:00:00Z,0,20.3,0
2026-05-05T01:15:00Z,0,20,0
2026-05-05T01:30:00Z,0,20,0
2026-05-05T01:45:00Z,0,19.9,0
2026-05-05T02:00:00Z,0,19.8,0
2026-05-05T02:15:00Z,0,19.7,0
2026-05-05T02:30:00Z,0,19.4,0
2026-05-05T02:45:00Z,0,18.91,0
2026-05-05T03:00:00Z,0,18.7,0
2026-05-05T03:15:00Z,0,18.7,0
2026-05-05T03:30:00Z,0,18.7,0
2026-05-05T03:45:00Z,0,17.61,0
2026-05-05T04:00:00Z,0,18.79,0
2026-05-05T04:15:00Z,0,19.2,0
2026-05-05T04:30:00Z,0,19,0
2026-05-05T04:45:00Z,0,19,0
2026-05-05T05:00:00Z,0,19.1,0
2026-05-05T05:15:00Z,0,18.7,0
2026-05-05T05:30:00Z,0,18.7,0
2026-05-05T05:45:00Z,0,18.9,0
2026-05-05T06:00:00Z,0,19,0
2026-05-05T06:15:00Z,0,18.9,0
2026-05-05T06:30:00Z,0,18.7,0
2026-05-05T06:45:00Z,0.89,18.5,0
2026-05-05T07:00:00Z,10.1,18.5,0
2026-05-05T07:15:00Z,20.09,18.9,0
2026-05-05T07:30:00Z,57.38,19.59,0
2026-05-05T07:45:00Z,90.9,20.09,0
2026-05-05T08:00:00Z,129,20.3,0
2026-05-05T08:15:00Z,174.2,20.1,0
2026-05-05T08:30:00Z,217.7,20.3,0
2026-05-05T08:45:00Z,253.7,21.09,0
2026-05-05T09:00:00Z,284.5,21.69,0
2026-05-05T09:15:00Z,344,22.39,0
2026-05-05T09:30:00Z,426.8,22.6,0
2026-05-05T09:45:00Z,490.3,22.5,0
2026-05-05T10:00:00Z,540.1,22.9,0
2026-05-05T10:15:00Z,587.4,23.49,0
2026-05-05T10:30:00Z,631,23.7,0
2026-05-05T10:45:00Z,622,23.8,0
2026-05-05T11:00:00Z,697,23.7,0
2026-05-05T11:15:00Z,741.7,23.9,0
2026-05-05T11:30:00Z,772.8,24.2,0
2026-05-05T11:45:00Z,797.5,24.3,0
2026-05-05T12:00:00Z,819,24.4,0
2026-05-05T12:15:00Z,832,24.7,0
2026-05-05T12:30:00Z,836,24.7,0
2026-05-05T12:45:00Z,848,25.1,0
2026-05-05T13:00:00Z,848,25.1,0
2026-05-05T13:15:00Z,843,25.4,0
2026-05-05T13:30:00Z,737.6,25.2,0
2026-05-05T13:45:00Z,770.9,25.5,0
2026-05-05T14:00:00Z,800,25.8,0
2026-05-05T14:15:00Z,792.4,25.6,0
2026-05-05T14:30:00Z,782.6,25.7,0
2026-05-05T14:45:00Z,748.2,25.6,0
2026-05-05T15:00:00Z,651.1,25.8,0
2026-05-05T15:15:00Z,562.4,25.6,0
2026-05-05T15:30:00Z,508.5,25.6,0
2026-05-05T15:45:00Z,477.9,25.5,0
2026-05-05T16:00:00Z,413.2,25.1,0
2026-05-05T16:15:00Z,356.8,24.9,0
2026-05-05T16:30:00Z,379.7,25,0
2026-05-05T16:45:00Z,318.4,24.9,0
2026-05-05T17:00:00Z,276.2,24.7,0
2026-05-05T17:15:00Z,224.5,24.7,0
2026-05-05T17:30:00Z,171.1,24.3,0
2026-05-05T17:45:00Z,110,23.71,0
2026-05-05T18:00:00Z,42.06,22.81,0
2026-05-05T18:15:00Z,3.524,21.22,0
2026-05-05T18:30:00Z,0.034,19.82,0
2026-05-05T18:45:00Z,0,19.4,0
2026-05-05T19:00:00Z,0,18.81,0
2026-05-05T19:15:00Z,0,18.5,0
2026-05-05T19:30:00Z,0,18.4,0
2026-05-05T19:45:00Z,0,18.3,0
2026-05-05T20:00:00Z,0,18.1,0
2026-05-05T20:15:00Z,0,17.7,0
2026-05-05T20:30:00Z,0,17.9,0
2026-05-05T20:45:00Z,0,18,0
2026-05-05T21:00:00Z,0,18,0
2026-05-05T21:15:00Z,0,18.89,0
2026-05-05T21:30:00Z,0,18.5,0
2026-05-05T21:45:00Z,0,18.5,0
2026-05-05T22:00:00Z,0,18.6,0
2026-05-05T22:15:00Z,0,18.3,0
2026-05-05T22:30:00Z,0,17.9,0
2026-05-05T22:45:00Z,0,18.49,0
2026-05-05T23:00:00Z,0,18.9,0
2026-05-05T23:15:00Z,0,18.8,0
2026-05-05T23:30:00Z,0,18.01,0
2026-05-05T23:45:00Z,0,17.8,0
2026-05-06T00:00:00Z,0,18,0
2026-05-06T00:15:00Z,0,18.3,0
2026-05-06T00:30:00Z,0,18.4,0
2026-05-06T00:45:00Z,0,18.7,0
2026-05-06T01:00:00Z,0,18.7,0
2026-05-06T01:15:00Z,0,18.8,0
2026-05-06T01:30:00Z,0,18.5,0
2026-05-06T01:45:00Z,0,18.5,0
2026-05-06T02:00:00Z,0,18.2,0
2026-05-06T02:15:00Z,0,18.69,0
2026-05-06T02:30:00Z,0,18.6,0
2026-05-06T02:45:00Z,0,18.6,0
2026-05-06T03:00:00Z,0,18.7,0
2026-05-06T03:15:00Z,0,18.8,0
2026-05-06T03:30:00Z,0,19.1,0
2026-05-06T03:45:00Z,0,18.9,0
2026-05-06T04:00:00Z,0,18.5,0
2026-05-06T04:15:00Z,0,18.4,0
2026-05-06T04:30:00Z,0,18.5,0
2026-05-06T04:45:00Z,0,18.6,0
2026-05-06T05:00:00Z,0,18.5,0
2026-05-06T05:15:00Z,0,18.4,0
2026-05-06T05:30:00Z,0,18.4,0
2026-05-06T05:45:00Z,0,18.4,0
2026-05-06T06:00:00Z,0,18.5,0
2026-05-06T06:15:00Z,0,18.4,0
2026-05-06T06:30:00Z,0,18.2,0
2026-05-06T06:45:00Z,0,18,0
2026-05-06T07:00:00Z,8.6,18,0
2026-05-06T07:15:00Z,16.31,18.1,0
2026-05-06T07:30:00Z,26.78,18,0
2026-05-06T07:45:00Z,56.47,18.4,0
2026-05-06T08:00:00Z,120,19.09,0
2026-05-06T08:15:00Z,170.1,19.5,0
2026-05-06T08:30:00Z,211.7,19.8,0
2026-05-06T08:45:00Z,253.2,20.1,0
2026-05-06T09:00:00Z,246.7,20.2,0
2026-05-06T09:15:00Z,348.3,20.69,0
2026-05-06T09:30:00Z,444.9,21.1,0
2026-05-06T09:45:00Z,502.7,21.3,0
2026-05-06T10:00:00Z,550.2,21.6,0
2026-05-06T10:15:00Z,592.8,22,0
2026-05-06T10:30:00Z,630.4,22.3,0
2026-05-06T10:45:00Z,604.6,22.4,0
2026-05-06T11:00:00Z,693.8,22.99,0
2026-05-06T11:15:00Z,726.4,22.9,0
2026-05-06T11:30:00Z,768.6,23.3,0
2026-05-06T11:45:00Z,794.2,23.3,0
2026-05-06T12:00:00Z,816,23.7,0
2026-05-06T12:15:00Z,826,23.7,0
2026-05-06T12:30:00Z,838,23.9,0
2026-05-06T12:45:00Z,845,24.1,0
2026-05-06T13:00:00Z,847,24.2,0
2026-05-06T13:15:00Z,837,24.69,0
2026-05-06T13:30:00Z,731.4,24.6,0
2026-05-06T13:45:00Z,763.2,24.7,0
2026-05-06T14:00:00Z,792.4,24.8,0
2026-05-06T14:15:00Z,763.3,25,0
2026-05-06T14:30:00Z,742,25,0
2026-05-06T14:45:00Z,696.9,25.3,0
2026-05-06T15:00:00Z,632.1,25.3,0
2026-05-06T15:15:00Z,549.5,25.5,0
2026-05-06T15:30:00Z,503.3,25.4,0
2026-05-06T15:45:00Z,497.9,25.6,0
2026-05-06T16:00:00Z,504.1,25.6,0
2026-05-06T16:15:00Z,501.7,25.5,0
2026-05-06T16:30:00Z,393.5,25.1,0
2026-05-06T16:45:00Z,60.13,23.81,0
2026-05-06T17:00:00Z,189.2,23.8,0
2026-05-06T17:15:00Z,200.9,24.49,0
2026-05-06T17:30:00Z,115.9,24.2,0
2026-05-06T17:45:00Z,94.8,23.8,0
2026-05-06T18:00:00Z,41.79,23.01,0
2026-05-06T18:15:00Z,7.578,22.11,0
2026-05-06T18:30:00Z,0.08,20.32,0
2026-05-06T18:45:00Z,0,19.41,0
2026-05-06T19:00:00Z,0,19,0
2026-05-06T19:15:00Z,0,18.31,0
2026-05-06T19:30:00Z,0,17.71,0
2026-05-06T19:45:00Z,0,17.5,0
2026-05-06T20:00:00Z,0,17.3,0
2026-05-06T20:15:00Z,0,16.9,0
2026-05-06T20:30:00Z,0,17.2,0
2026-05-06T20:45:00Z,0,17.4,0
2026-05-06T21:00:00Z,0,18.19,0
2026-05-06T21:15:00Z,0,18.3,0
2026-05-06T21:30:00Z,0,17.61,0
2026-05-06T21:45:00Z,0,17.5,0
2026-05-06T22:00:00Z,0,17.9,0
2026-05-06T22:15:00Z,0,18,0
2026-05-06T22:30:00Z,0,18,0
2026-05-06T22:45:00Z,0,17.7,0
2026-05-06T23:00:00Z,0,18.19,0
2026-05-06T23:15:00Z,0,19.09,0
2026-05-06T23:30:00Z,0,19.2,0
2026-05-06T23:45:00Z,0,18.61,0
2026-05-07T00:00:00Z,0,18.4,0
2026-05-07T00:15:00Z,0,18.3,0
2026-05-07T00:30:00Z,0,18.3,0
2026-05-07T00:45:00Z,0,18.6,0
2026-05-07T01:00:00Z,0,19.09,0
2026-05-07T01:15:00Z,0,18.7,0
2026-05-07T01:30:00Z,0,17.51,0
2026-05-07T01:45:00Z,0,17.9,0
2026-05-07T02:00:00Z,0,18.59,0
2026-05-07T02:15:00Z,0,18.6,0
2026-05-07T02:30:00Z,0,18.4,0
2026-05-07T02:45:00Z,0,18.4,0
2026-05-07T03:00:00Z,0,18.8,0
2026-05-07T03:15:00Z,0,18.9,0
2026-05-07T03:30:00Z,0,18.7,0
2026-05-07T03:45:00Z,0,18.9,0
2026-05-07T04:00:00Z,0,18.9,0
2026-05-07T04:15:00Z,0,19.1,0
2026-05-07T04:30:00Z,0,19.1,0
2026-05-07T04:45:00Z,0,19,0
2026-05-07T05:00:00Z,0,19.2,0
2026-05-07T05:15:00Z,0,19.1,0
2026-05-07T05:30:00Z,0,18.9,0
2026-05-07T05:45:00Z,0,18.9,0
2026-05-07T06:00:00Z,0,18.9,0
2026-05-07T06:15:00Z,0,18.8,0
2026-05-07T06:30:00Z,0,18.8,0
2026-05-07T06:45:00Z,0.297,18.8,0
2026-05-07T07:00:00Z,9.1,19,0
2026-05-07T07:15:00Z,15.23,19.69,0
2026-05-07T07:30:00Z,54.66,20.29,0
2026-05-07T07:45:00Z,88.1,20.79,0
2026-05-07T08:00:00Z,125.6,21.1,0
2026-05-07T08:15:00Z,168.5,21.3,0
2026-05-07T08:30:00Z,206.2,21.89,0
2026-05-07T08:45:00Z,239.6,22.39,0
2026-05-07T09:00:00Z,277.2,22.99,0
2026-05-07T09:15:00Z,348.7,23.49,0
2026-05-07T09:30:00Z,425.8,23.9,0
2026-05-07T09:45:00Z,479.4,24.2,0
2026-05-07T10:00:00Z,529.1,24.4,0
2026-05-07T10:15:00Z,572.9,24.8,0
2026-05-07T10:30:00Z,610.2,25.29,0
2026-05-07T10:45:00Z,582.5,25.7,0
2026-05-07T11:00:00Z,686.7,25.9,0
2026-05-07T11:15:00Z,517.3,25.6,0
2026-05-07T11:30:00Z,210,24.71,0
2026-05-07T11:45:00Z,501.3,25.19,0
2026-05-07T12:00:00Z,914,26.39,0
2026-05-07T12:15:00Z,891,26.6,0
2026-05-07T12:30:00Z,914,26.8,0
2026-05-07T12:45:00Z,897,26.9,0
2026-05-07T13:00:00Z,862,26.9,0
2026-05-07T13:15:00Z,768.4,26.5,0
2026-05-07T13:30:00Z,728.9,27.09,0
2026-05-07T13:45:00Z,724.2,27.1,0
2026-05-07T14:00:00Z,850,27.4,0
2026-05-07T14:15:00Z,676.8,27.4,0
2026-05-07T14:30:00Z,505.3,26.81,0
2026-05-07T14:45:00Z,742.3,27.2,0
2026-05-07T15:00:00Z,672.7,27.4,0
2026-05-07T15:15:00Z,592.9,27.2,0
2026-05-07T15:30:00Z,521.5,27.3,0
2026-05-07T15:45:00Z,503.6,27.4,0
2026-05-07T16:00:00Z,466.4,27.5,0
2026-05-07T16:15:00Z,421.1,27.2,0
2026-05-07T16:30:00Z,378.7,27,0
2026-05-07T16:45:00Z,338.6,27,0
2026-05-07T17:00:00Z,283.8,26.8,0
2026-05-07T17:15:00Z,231.4,26.8,0
2026-05-07T17:30:00Z,177.2,26.4,0
2026-05-07T17:45:00Z,117.9,26,0
2026-05-07T18:00:00Z,61.72,25.41,0
2026-05-07T18:15:00Z,9.78,24.51,0
2026-05-07T18:30:00Z,0.102,22.62,0
2026-05-07T18:45:00Z,0,21.02,0
2026-05-07T19:00:00Z,0,20.51,0
2026-05-07T19:15:00Z,0,20.4,0
2026-05-07T19:30:00Z,0,20.2,0
2026-05-07T19:45:00Z,0,19.9,0
2026-05-07T20:00:00Z,0,19.6,0
2026-05-07T20:15:00Z,0,19.4,0
2026-05-07T20:30:00Z,0,19,0
2026-05-07T20:45:00Z,0,18.8,0
2026-05-07T21:00:00Z,0,18.21,0
2026-05-07T21:15:00Z,0,17.8,0
2026-05-07T21:30:00Z,0,18.39,0
2026-05-07T21:45:00Z,0,17.81,0
2026-05-07T22:00:00Z,0,17.5,0
2026-05-07T22:15:00Z,0,17.3,0
2026-05-07T22:30:00Z,0,17.2,0
2026-05-07T22:45:00Z,0,17,0
2026-05-07T23:00:00Z,0,17.49,0
2026-05-07T23:15:00Z,0,17.1,0
2026-05-07T23:30:00Z,0,16.8,0
2026-05-07T23:45:00Z,0,17.2,0
2026-05-08T00:00:00Z,0,17,0
2026-05-08T00:15:00Z,0,16.51,0
2026-05-08T00:30:00Z,0,17.29,0
2026-05-08T00:45:00Z,0,18.19,0
2026-05-08T01:00:00Z,0,18.69,0
2026-05-08T01:15:00Z,0,19.1,0
2026-05-08T01:30:00Z,0,19.2,0
2026-05-08T01:45:00Z,0,19.1,0
2026-05-08T02:00:00Z,0,18.21,0
2026-05-08T02:15:00Z,0,18.89,0
2026-05-08T02:30:00Z,0,18.31,0
2026-05-08T02:45:00Z,0,18.1,0
2026-05-08T03:00:00Z,0,17.8,0
2026-05-08T03:15:00Z,0,18.69,0
2026-05-08T03:30:00Z,0,18.6,0
2026-05-08T03:45:00Z,0,18.6,0
2026-05-08T04:00:00Z,0,19.19,0
2026-05-08T04:15:00Z,0,18.8,0
2026-05-08T04:30:00Z,0,18.8,0
2026-05-08T04:45:00Z,0,18.4,0
2026-05-08T05:00:00Z,0,18,0
2026-05-08T05:15:00Z,0,18.1,0
2026-05-08T05:30:00Z,0,18.3,0
2026-05-08T05:45:00Z,0,18.6,0
2026-05-08T06:00:00Z,0,18.7,0
2026-05-08T06:15:00Z,0,18.7,0
2026-05-08T06:30:00Z,0,18.3,0
2026-05-08T06:45:00Z,0.494,18.4,0
2026-05-08T07:00:00Z,9.5,18.99,0
2026-05-08T07:15:00Z,15.73,19.79,0
2026-05-08T07:30:00Z,52.69,20.29,0
2026-05-08T07:45:00Z,85.8,20.79,0
2026-05-08T08:00:00Z,122.6,21.2,0
2026-05-08T08:15:00Z,162.7,21.5,0
2026-05-08T08:30:00Z,198.5,22.19,0
2026-05-08T08:45:00Z,230.2,22.69,0
2026-05-08T09:00:00Z,275.2,23.1,0
2026-05-08T09:15:00Z,349,23.4,0
2026-05-08T09:30:00Z,422.4,23.8,0
2026-05-08T09:45:00Z,473.7,24,0
2026-05-08T10:00:00Z,521.5,24.4,0
2026-05-08T10:15:00Z,567.8,24.8,0
2026-05-08T10:30:00Z,595.7,25,0
2026-05-08T10:45:00Z,570.8,25.2,0
2026-05-08T11:00:00Z,674.1,25.4,0
2026-05-08T11:15:00Z,718.6,25.8,0
2026-05-08T11:30:00Z,751.4,26,0
2026-05-08T11:45:00Z,788.4,26.3,0
2026-05-08T12:00:00Z,618.1,26.4,0
2026-05-08T12:15:00Z,721.1,26.5,0
2026-05-08T12:30:00Z,566.6,26.1,0
2026-05-08T12:45:00Z,874,26.3,0
2026-05-08T13:00:00Z,675.5,26.2,0
2026-05-08T13:15:00Z,593,26.2,0
2026-05-08T13:30:00Z,190.9,25.8,0
2026-05-08T13:45:00Z,165.2,25.8,0
2026-05-08T14:00:00Z,117.3,25.7,0
2026-05-08T14:15:00Z,89.9,25.21,0
2026-05-08T14:30:00Z,87.6,22.23,0
2026-05-08T14:45:00Z,74.65,21.31,0
2026-05-08T15:00:00Z,102,21.2,0
2026-05-08T15:15:00Z,141.1,21.6,0
2026-05-08T15:30:00Z,211.5,22.59,0
2026-05-08T15:45:00Z,85.1,23.29,0
2026-05-08T16:00:00Z,85.8,23.4,0
2026-05-08T16:15:00Z,81.2,23.1,0
2026-05-08T16:30:00Z,61.72,23.2,0
2026-05-08T16:45:00Z,66.05,23.2,0
2026-05-08T17:00:00Z,65.7,23.1,0
2026-05-08T17:15:00Z,49.38,23.2,0
2026-05-08T17:30:00Z,36.15,23,0
2026-05-08T17:45:00Z,17.21,22.51,0
2026-05-08T18:00:00Z,8.89,21.51,0
2026-05-08T18:15:00Z,3.658,20.41,0
2026-05-08T18:30:00Z,0.04,20,0
2026-05-08T18:45:00Z,0,19.51,0
2026-05-08T19:00:00Z,0,19.1,0
2026-05-08T19:15:00Z,0,18.61,0
2026-05-08T19:30:00Z,0,18.3,0
2026-05-08T19:45:00Z,0,17.9,0
2026-05-08T20:00:00Z,0,17.5,0
2026-05-08T20:15:00Z,0,17.5,0
2026-05-08T20:30:00Z,0,16.91,0
2026-05-08T20:45:00Z,0,17.2,0
2026-05-08T21:00:00Z,0,17.5,0
2026-05-08T21:15:00Z,0,17.4,0
2026-05-08T21:30:00Z,0,17.6,0
2026-05-08T21:45:00Z,0,17.4,0
2026-05-08T22:00:00Z,0,17,0
2026-05-08T22:15:00Z,0,17.1,0
2026-05-08T22:30:00Z,0,16.9,0
2026-05-08T22:45:00Z,0,17,0
2026-05-08T23:00:00Z,0,17.4,0
2026-05-08T23:15:00Z,0,17.2,0
2026-05-08T23:30:00Z,0,17.1,0
2026-05-08T23:45:00Z,0,16.51,0
2026-05-09T00:00:00Z,0,16.01,0
2026-05-09T00:15:00Z,0,16.99,0
2026-05-09T00:30:00Z,0,18.78,0
2026-05-09T00:45:00Z,0,19.2,0
2026-05-09T01:00:00Z,0,19.2,0
2026-05-09T01:15:00Z,0,19.4,0
2026-05-09T01:30:00Z,0,19.3,0
2026-05-09T01:45:00Z,0,19.4,0
2026-05-09T02:00:00Z,0,19.1,0
2026-05-09T02:15:00Z,0,18.9,0
2026-05-09T02:30:00Z,0,18.6,0
2026-05-09T02:45:00Z,0,18.7,0
2026-05-09T03:00:00Z,0,18.4,0
2026-05-09T03:15:00Z,0,17.91,0
2026-05-09T03:30:00Z,0,18.2,0
2026-05-09T03:45:00Z,0,16.91,0
2026-05-09T04:00:00Z,0,17.1,0
2026-05-09T04:15:00Z,0,17.79,0
2026-05-09T04:30:00Z,0,17.7,0
2026-05-09T04:45:00Z,0,17.7,0
2026-05-09T05:00:00Z,0,17.8,0
2026-05-09T05:15:00Z,0,18,0
2026-05-09T05:30:00Z,0,18,0
2026-05-09T05:45:00Z,0,17.9,0
2026-05-09T06:00:00Z,0,18.3,0
2026-05-09T06:15:00Z,0,18.4,0
2026-05-09T06:30:00Z,0,18.1,0
2026-05-09T06:45:00Z,2.077,18,0
2026-05-09T07:00:00Z,11.49,18.2,0
2026-05-09T07:15:00Z,16.25,19.19,0
2026-05-09T07:30:00Z,35.29,19.5,0
2026-05-09T07:45:00Z,76.24,20.19,0
2026-05-09T08:00:00Z,125.9,21.09,0
2026-05-09T08:15:00Z,167.3,21.69,0
2026-05-09T08:30:00Z,201.6,22.29,0
2026-05-09T08:45:00Z,226.5,22.7,0
2026-05-09T09:00:00Z,283.6,23.49,0
2026-05-09T09:15:00Z,359.9,23.7,0
2026-05-09T09:30:00Z,431.7,23.9,0
2026-05-09T09:45:00Z,486.9,24.49,0
2026-05-09T10:00:00Z,540.9,24.6,0
2026-05-09T10:15:00Z,516.5,24.7,0
2026-05-09T10:30:00Z,594.4,25.1,0
2026-05-09T10:45:00Z,599.9,25.2,0
2026-05-09T11:00:00Z,718.9,25.79,0
2026-05-09T11:15:00Z,737,26,0
2026-05-09T11:30:00Z,754.5,26,0
2026-05-09T11:45:00Z,780.6,26.4,0
2026-05-09T12:00:00Z,795,26.5,0
2026-05-09T12:15:00Z,713.8,26.6,0
2026-05-09T12:30:00Z,439.8,26.2,0
2026-05-09T12:45:00Z,527.1,25.9,0
2026-05-09T13:00:00Z,906,26.69,0
2026-05-09T13:15:00Z,734.4,26.9,0
2026-05-09T13:30:00Z,204.1,26.01,0
2026-05-09T13:45:00Z,224.2,25.6,0
2026-05-09T14:00:00Z,554.6,26.39,0
2026-05-09T14:15:00Z,708.7,27.09,0
2026-05-09T14:30:00Z,683.5,27.1,0
2026-05-09T14:45:00Z,700.9,27.2,0
2026-05-09T15:00:00Z,585.6,27.3,0
2026-05-09T15:15:00Z,549.2,27.6,0
2026-05-09T15:30:00Z,506.7,27.4,0
2026-05-09T15:45:00Z,496.9,27.4,0
2026-05-09T16:00:00Z,509.4,27.5,0
2026-05-09T16:15:00Z,466.5,27.7,0
2026-05-09T16:30:00Z,404.4,27.3,0
2026-05-09T16:45:00Z,346.3,27,0
2026-05-09T17:00:00Z,289.1,26.9,0
2026-05-09T17:15:00Z,225.5,26.5,0
2026-05-09T17:30:00Z,67.37,25.61,0
2026-05-09T17:45:00Z,119.7,25.4,0
2026-05-09T18:00:00Z,51.37,25.1,0
2026-05-09T18:15:00Z,6.001,24.21,0
2026-05-09T18:30:00Z,0.061,22.72,0
2026-05-09T18:45:00Z,0,20.43,0
2026-05-09T19:00:00Z,0,20,0
2026-05-09T19:15:00Z,0,19.7,0
2026-05-09T19:30:00Z,0,19.11,0
2026-05-09T19:45:00Z,0,18.9,0
2026-05-09T20:00:00Z,0,18.7,0
2026-05-09T20:15:00Z,0,18.5,0
2026-05-09T20:30:00Z,0,18.4,0
2026-05-09T20:45:00Z,0,18.4,0
2026-05-09T21:00:00Z,0,18.4,0
2026-05-09T21:15:00Z,0,18.1,0
2026-05-09T21:30:00Z,0,17.51,0
2026-05-09T21:45:00Z,0,16.71,0
2026-05-09T22:00:00Z,0,16.7,0
2026-05-09T22:15:00Z,0,16.01,0
2026-05-09T22:30:00Z,0,15.51,0
2026-05-09T22:45:00Z,0,15.5,0
2026-05-09T23:00:00Z,0,14.91,0
2026-05-09T23:15:00Z,0,15.2,0
2026-05-09T23:30:00Z,0,15,0
2026-05-09T23:45:00Z,0,15.59,0
2026-05-10T00:00:00Z,0,15.2,0
2026-05-10T00:15:00Z,0,15.4,0
2026-05-10T00:30:00Z,0,15.5,0
2026-05-10T00:45:00Z,0,15.7,0
2026-05-10T01:00:00Z,0,15.9,0
2026-05-10T01:15:00Z,0,15.9,0
2026-05-10T01:30:00Z,0,16.2,0
2026-05-10T01:45:00Z,0,15.8,0
2026-05-10T02:00:00Z,0,16.29,0
2026-05-10T02:15:00Z,0,16.89,0
2026-05-10T02:30:00Z,0,17.3,0
2026-05-10T02:45:00Z,0,17.4,0
2026-05-10T03:00:00Z,0,17.4,0
2026-05-10T03:15:00Z,0,16.51,0
2026-05-10T03:30:00Z,0,16.4,0
2026-05-10T03:45:00Z,0,16.2,0
2026-05-10T04:00:00Z,0,16.2,0
2026-05-10T04:15:00Z,0,16.2,0
2026-05-10T04:30:00Z,0,16,0
2026-05-10T04:45:00Z,0,15.7,0
2026-05-10T05:00:00Z,0,15.6,0
2026-05-10T05:15:00Z,0,16,0
2026-05-10T05:30:00Z,0,16.49,0
2026-05-10T05:45:00Z,0,15.51,0
2026-05-10T06:00:00Z,0,16.09,0
2026-05-10T06:15:00Z,0,16.79,0
2026-05-10T06:30:00Z,0,16.9,0
2026-05-10T06:45:00Z,0,17,0
2026-05-10T07:00:00Z,7.318,16.9,0
2026-05-10T07:15:00Z,15.11,18.48,0
2026-05-10T07:30:00Z,45.95,19.79,0
2026-05-10T07:45:00Z,80.4,20.59,0
2026-05-10T08:00:00Z,111.4,21,0
2026-05-10T08:15:00Z,143.2,21.4,0
2026-05-10T08:30:00Z,195.8,21.89,0
2026-05-10T08:45:00Z,230.4,22.69,0
2026-05-10T09:00:00Z,292.2,23.1,0
2026-05-10T09:15:00Z,371.7,23.5,0
2026-05-10T09:30:00Z,424.6,23.99,0
2026-05-10T09:45:00Z,452,24.4,0
2026-05-10T10:00:00Z,516.5,24.89,0
2026-05-10T10:15:00Z,557.3,25.3,0
2026-05-10T10:30:00Z,583.9,25.4,0
2026-05-10T10:45:00Z,568,25.8,0
2026-05-10T11:00:00Z,673.9,26.1,0
2026-05-10T11:15:00Z,714.4,26.4,0
2026-05-10T11:30:00Z,742.5,26.5,0
2026-05-10T11:45:00Z,764.2,26.7,0
2026-05-10T12:00:00Z,792.9,26.7,0
2026-05-10T12:15:00Z,838,27.19,0
2026-05-10T12:30:00Z,875,27.4,0
2026-05-10T12:45:00Z,479.5,26.91,0
2026-05-10T13:00:00Z,375.2,26.6,0
2026-05-10T13:15:00Z,395.9,26.6,0
2026-05-10T13:30:00Z,352,26.8,0
2026-05-10T13:45:00Z,228.6,26.01,0
2026-05-10T14:00:00Z,366.1,26.3,0
2026-05-10T14:15:00Z,761.3,27.29,0
2026-05-10T14:30:00Z,326.1,27,0
2026-05-10T14:45:00Z,466.8,26.9,0
2026-05-10T15:00:00Z,418.6,27,0
2026-05-10T15:15:00Z,650.4,27.59,0
2026-05-10T15:30:00Z,562.8,28,0
2026-05-10T15:45:00Z,536.3,27.7,0
2026-05-10T16:00:00Z,554.7,27.9,0
2026-05-10T16:15:00Z,469.4,27.7,0
2026-05-10T16:30:00Z,519.7,27.9,0
2026-05-10T16:45:00Z,377.6,27.5,0
2026-05-10T17:00:00Z,133.7,26.61,0
2026-05-10T17:15:00Z,71.67,26.3,0
2026-05-10T17:30:00Z,50.83,26,0
2026-05-10T17:45:00Z,117.4,26.4,0
2026-05-10T18:00:00Z,56.99,26,0
2026-05-10T18:15:00Z,7.943,25.31,0
2026-05-10T18:30:00Z,0.082,24.71,0
2026-05-10T18:45:00Z,0,24.7,0
2026-05-10T19:00:00Z,0,24.21,0
2026-05-10T19:15:00Z,0,23.71,0
2026-05-10T19:30:00Z,0,23.21,0
2026-05-10T19:45:00Z,0,22.31,0
2026-05-10T20:00:00Z,0,21.31,0
2026-05-10T20:15:00Z,0,20.41,0
2026-05-10T20:30:00Z,0,20.1,0
2026-05-10T20:45:00Z,0,19.9,0
2026-05-10T21:00:00Z,0,19.41,0
2026-05-10T21:15:00Z,0,19.5,0
2026-05-10T21:30:00Z,0,18.81,0
2026-05-10T21:45:00Z,0,18.31,0
2026-05-10T22:00:00Z,0,18.4,0
2026-05-10T22:15:00Z,0,18.6,0
2026-05-10T22:30:00Z,0,18.01,0
2026-05-10T22:45:00Z,0,18,0
2026-05-10T23:00:00Z,0,18.2,0
2026-05-10T23:15:00Z,0,17.9,0
2026-05-10T23:30:00Z,0,17.41,0
2026-05-10T23:45:00Z,0,16.81,0
2026-05-11T00:00:00Z,0,17,0
2026-05-11T00:15:00Z,0,16.9,0
2026-05-11T00:30:00Z,0,16.7,0
2026-05-11T00:45:00Z,0,16.3,0
2026-05-11T01:00:00Z,0,16.2,0
2026-05-11T01:15:00Z,0,16.1,0
2026-05-11T01:30:00Z,0,16.4,0
2026-05-11T01:45:00Z,0,16.99,0
2026-05-11T02:00:00Z,0,16.41,0
2026-05-11T02:15:00Z,0,16.7,0
2026-05-11T02:30:00Z,0,16.5,0
2026-05-11T02:45:00Z,0,16.8,0
2026-05-11T03:00:00Z,0,17,0
2026-05-11T03:15:00Z,0,17.1,0
2026-05-11T03:30:00Z,0,16.7,0
2026-05-11T03:45:00Z,0,16.8,0
2026-05-11T04:00:00Z,0,15.71,0
2026-05-11T04:15:00Z,0,15.8,0
2026-05-11T04:30:00Z,0,16.89,0
2026-05-11T04:45:00Z,0,17.2,0
2026-05-11T05:00:00Z,0,17.2,0
2026-05-11T05:15:00Z,0,16.9,0
2026-05-11T05:30:00Z,0,17.3,0
2026-05-11T05:45:00Z,0,16.81,0
2026-05-11T06:00:00Z,0,16.4,0
2026-05-11T06:15:00Z,0,16.89,0
2026-05-11T06:30:00Z,0,16.01,0
2026-05-11T06:45:00Z,0.099,16.3,0
2026-05-11T07:00:00Z,9.3,16.2,0
2026-05-11T07:15:00Z,15.53,17.98,0
2026-05-11T07:30:00Z,48.73,19.38,0
2026-05-11T07:45:00Z,81.1,20.49,0
2026-05-11T08:00:00Z,115.5,21.09,0
2026-05-11T08:15:00Z,152.7,21.79,0
2026-05-11T08:30:00Z,185.5,22.49,0
2026-05-11T08:45:00Z,218.8,23.09,0
2026-05-11T09:00:00Z,277.4,23.79,0
2026-05-11T09:15:00Z,352.2,23.9,0
2026-05-11T09:30:00Z,412.6,24.39,0
2026-05-11T09:45:00Z,461.6,24.8,0
2026-05-11T10:00:00Z,507.8,25.29,0
2026-05-11T10:15:00Z,553.2,25.7,0
2026-05-11T10:30:00Z,563.7,26,0
2026-05-11T10:45:00Z,556.6,26.4,0
2026-05-11T11:00:00Z,664.4,26.5,0
2026-05-11T11:15:00Z,697.1,26.99,0
2026-05-11T11:30:00Z,779.1,26.9,0
2026-05-11T11:45:00Z,791.2,27.39,0
2026-05-11T12:00:00Z,822,26.91,0
2026-05-11T12:15:00Z,890,27.3,0
2026-05-11T12:30:00Z,832,26.41,0
2026-05-11T12:45:00Z,826,26.7,0
2026-05-11T13:00:00Z,837,26.7,0
2026-05-11T13:15:00Z,839,27,0
2026-05-11T13:30:00Z,768,27.1,0
2026-05-11T13:45:00Z,757.9,27.3,0
2026-05-11T14:00:00Z,861,27.99,0
2026-05-11T14:15:00Z,444.5,27.01,0
2026-05-11T14:30:00Z,651.9,27.69,0
2026-05-11T14:45:00Z,460.3,27.21,0
2026-05-11T15:00:00Z,746.7,28.09,0
2026-05-11T15:15:00Z,478.8,27.9,0
2026-05-11T15:30:00Z,337.1,27.31,0
2026-05-11T15:45:00Z,169,26.9,0
2026-05-11T16:00:00Z,180.7,26.9,0
2026-05-11T16:15:00Z,414.4,27.79,0
2026-05-11T16:30:00Z,337.6,27.5,0
2026-05-11T16:45:00Z,295.9,27.4,0
2026-05-11T17:00:00Z,281.8,27.5,0
2026-05-11T17:15:00Z,217.3,27.3,0
2026-05-11T17:30:00Z,162.6,26.81,0
2026-05-11T17:45:00Z,107.9,26.11,0
2026-05-11T18:00:00Z,51.92,24.91,0
2026-05-11T18:15:00Z,6.404,23.12,0
2026-05-11T18:30:00Z,0.066,21.81,0
2026-05-11T18:45:00Z,0,21.01,0
2026-05-11T19:00:00Z,0,20.51,0
2026-05-11T19:15:00Z,0,20.01,0
2026-05-11T19:30:00Z,0,20.3,0
2026-05-11T19:45:00Z,0,19.81,0
2026-05-11T20:00:00Z,0,19.9,0
2026-05-11T20:15:00Z,0,19.11,0
2026-05-11T20:30:00Z,0,18.61,0
2026-05-11T20:45:00Z,0,18.5,0
2026-05-11T21:00:00Z,0,18.2,0
2026-05-11T21:15:00Z,0,18.69,0
2026-05-11T21:30:00Z,0,19.89,0
2026-05-11T21:45:00Z,0,19.7,0
2026-05-11T22:00:00Z,0,19.8,0
2026-05-11T22:15:00Z,0,19.21,0
2026-05-11T22:30:00Z,0,19,0
2026-05-11T22:45:00Z,0,19.1,0
2026-05-11T23:00:00Z,0,19.1,0
2026-05-11T23:15:00Z,0,19.1,0
2026-05-11T23:30:00Z,0,19.59,0
2026-05-11T23:45:00Z,0,20.29,0
2026-05-12T00:00:00Z,0,20.5,0
2026-05-12T00:15:00Z,0,20.6,0
2026-05-12T00:30:00Z,0,20.11,0
2026-05-12T00:45:00Z,0,19.7,0
2026-05-12T01:00:00Z,0,19.6,0
2026-05-12T01:15:00Z,0,19.5,0
2026-05-12T01:30:00Z,0,20.19,0
2026-05-12T01:45:00Z,0,20.4,0
2026-05-12T02:00:00Z,0,20.3,0
2026-05-12T02:15:00Z,0,20.3,0
2026-05-12T02:30:00Z,0,19.9,0
2026-05-12T02:45:00Z,0,19.7,0
2026-05-12T03:00:00Z,0,19.5,0
2026-05-12T03:15:00Z,0,19.5,0
2026-05-12T03:30:00Z,0,19.2,0
2026-05-12T03:45:00Z,0,18.9,0
2026-05-12T04:00:00Z,0,18.7,0
2026-05-12T04:15:00Z,0,18.5,0
2026-05-12T04:30:00Z,0,18.2,0
2026-05-12T04:45:00Z,0,18.6,0
2026-05-12T05:00:00Z,0,18.8,0
2026-05-12T05:15:00Z,0,19,0
2026-05-12T05:30:00Z,0,19.49,0
2026-05-12T05:45:00Z,0,19.99,0
2026-05-12T06:00:00Z,0,19.8,0
2026-05-12T06:15:00Z,0,19.01,0
2026-05-12T06:30:00Z,0,19.3,0
2026-05-12T06:45:00Z,0,19.3,0
2026-05-12T07:00:00Z,6.626,19.7,0
2026-05-12T07:15:00Z,14.31,20.1,0
2026-05-12T07:30:00Z,49.7,20.99,0
2026-05-12T07:45:00Z,84,21.69,0
2026-05-12T08:00:00Z,117.3,22.1,0
2026-05-12T08:15:00Z,153.4,22.3,0
2026-05-12T08:30:00Z,185.7,22.5,0
2026-05-12T08:45:00Z,222.5,22.6,0
2026-05-12T09:00:00Z,282.7,22.9,0
2026-05-12T09:15:00Z,355,23.1,0
2026-05-12T09:30:00Z,413.3,23.59,0
2026-05-12T09:45:00Z,461.3,24,0
2026-05-12T10:00:00Z,508.2,24.1,0
2026-05-12T10:15:00Z,552.4,24.4,0
2026-05-12T10:30:00Z,561.2,24.7,0
2026-05-12T10:45:00Z,559.8,24.9,0
2026-05-12T11:00:00Z,663.5,25.2,0
2026-05-12T11:15:00Z,699.4,25.1,0
2026-05-12T11:30:00Z,730.1,25.2,0
2026-05-12T11:45:00Z,758.6,25.4,0
2026-05-12T12:00:00Z,751.9,25.5,0
2026-05-12T12:15:00Z,752.7,25.8,0
2026-05-12T12:30:00Z,571.9,25.8,0
2026-05-12T12:45:00Z,865,26.59,0
2026-05-12T13:00:00Z,854,26.8,0
2026-05-12T13:15:00Z,605.1,26.8,0
2026-05-12T13:30:00Z,496.1,26.7,0
2026-05-12T13:45:00Z,442.9,26.3,0
2026-05-12T14:00:00Z,563.3,26.79,0
2026-05-12T14:15:00Z,424.8,26.4,0
2026-05-12T14:30:00Z,146.1,25.41,0
2026-05-12T14:45:00Z,184.8,25.4,0
2026-05-12T15:00:00Z,206.3,25.6,0
2026-05-12T15:15:00Z,277.8,25.6,0
2026-05-12T15:30:00Z,448.3,26.29,0
2026-05-12T15:45:00Z,268.8,26.2,0
2026-05-12T16:00:00Z,132.6,25.51,0
2026-05-12T16:15:00Z,46.95,25.2,0
2026-05-12T16:30:00Z,37.99,25.1,0
2026-05-12T16:45:00Z,30.29,23.72,30.26
2026-05-12T17:00:00Z,26.34,22.61,30.6
2026-05-12T17:15:00Z,21.16,22.2,0.34
2026-05-12T17:30:00Z,20.11,22.1,0
2026-05-12T17:45:00Z,11.69,22.2,0
2026-05-12T18:00:00Z,0.327,22.4,0
2026-05-12T18:15:00Z,0.002,22.2,0
2026-05-12T18:30:00Z,0,21.71,0
2026-05-12T18:45:00Z,0,21.9,0
2026-05-12T19:00:00Z,0,21.7,0
2026-05-12T19:15:00Z,0,21.5,0
2026-05-12T19:30:00Z,0,21.1,0
2026-05-12T19:45:00Z,0,20.7,0
2026-05-12T20:00:00Z,0,20.5,0
2026-05-12T20:15:00Z,0,20.1,0
2026-05-12T20:30:00Z,0,19.61,0
2026-05-12T20:45:00Z,0,19.7,0
2026-05-12T21:00:00Z,0,19.4,0
2026-05-12T21:15:00Z,0,19.4,0
2026-05-12T21:30:00Z,0,18.81,0
2026-05-12T21:45:00Z,0,18.5,0
2026-05-12T22:00:00Z,0,18.01,0
2026-05-12T22:15:00Z,0,18,0
2026-05-12T22:30:00Z,0,17.7,0
2026-05-12T22:45:00Z,0,17.8,0
2026-05-12T23:00:00Z,0,18.1,0
2026-05-12T23:15:00Z,0,18.1,0
2026-05-12T23:30:00Z,0,17.7,0
2026-05-12T23:45:00Z,0,17.11,0
2026-05-13T00:00:00Z,0,17.2,0
2026-05-13T00:15:00Z,0,17.1,0
2026-05-13T00:30:00Z,0,17.2,0
2026-05-13T00:45:00Z,0,17,0
2026-05-13T01:00:00Z,0,17.2,0
2026-05-13T01:15:00Z,0,17.4,0
2026-05-13T01:30:00Z,0,17.4,0
2026-05-13T01:45:00Z,0,17.7,0
2026-05-13T02:00:00Z,0,17.6,0
2026-05-13T02:15:00Z,0,17.5,0
2026-05-13T02:30:00Z,0,17.01,0
2026-05-13T02:45:00Z,0,16.8,0
2026-05-13T03:00:00Z,0,16.9,0
2026-05-13T03:15:00Z,0,16.9,0
2026-05-13T03:30:00Z,0,17.3,0
2026-05-13T03:45:00Z,0,17.3,0
2026-05-13T04:00:00Z,0,17.3,0
2026-05-13T04:15:00Z,0,17.3,0
2026-05-13T04:30:00Z,0,17.79,0
2026-05-13T04:45:00Z,0,18,0
2026-05-13T05:00:00Z,0,18,0
2026-05-13T05:15:00Z,0,17.41,0
2026-05-13T05:30:00Z,0,17.8,0
2026-05-13T05:45:00Z,0,17.8,0
2026-05-13T06:00:00Z,0,17.8,0
2026-05-13T06:15:00Z,0,17.7,0
2026-05-13T06:30:00Z,0,17.7,0
2026-05-13T06:45:00Z,0.396,17.5,0
2026-05-13T07:00:00Z,13.45,17.5,0
2026-05-13T07:15:00Z,40.3,17.99,0
2026-05-13T07:30:00Z,64.63,18.89,0
2026-05-13T07:45:00Z,85.5,19.69,0
2026-05-13T08:00:00Z,133.4,20.19,0
2026-05-13T08:15:00Z,173.2,21.39,0
2026-05-13T08:30:00Z,217.8,22.09,0
2026-05-13T08:45:00Z,219.2,22.4,0
2026-05-13T09:00:00Z,239.1,22.6,0
2026-05-13T09:15:00Z,310.1,22.8,0
2026-05-13T09:30:00Z,270.9,22.8,0
2026-05-13T09:45:00Z,266.1,22.9,0
2026-05-13T10:00:00Z,299.2,23,0
2026-05-13T10:15:00Z,329.1,23.2,0
2026-05-13T10:30:00Z,361,23.4,0
2026-05-13T10:45:00Z,481.9,23.99,0
2026-05-13T11:00:00Z,458.9,24.4,0
2026-05-13T11:15:00Z,409.4,24.4,0
2026-05-13T11:30:00Z,452.6,24.6,0
2026-05-13T11:45:00Z,422.8,24.6,0
2026-05-13T12:00:00Z,464.6,24.6,0
2026-05-13T12:15:00Z,500.8,25,0
2026-05-13T12:30:00Z,404.5,25.1,0
2026-05-13T12:45:00Z,705.9,25.99,0
2026-05-13T13:00:00Z,785.7,26.69,0
2026-05-13T13:15:00Z,817,26.7,0
2026-05-13T13:30:00Z,357.3,26.3,0
2026-05-13T13:45:00Z,400.1,26.2,0
2026-05-13T14:00:00Z,298.3,25.51,0
2026-05-13T14:15:00Z,210.4,25.4,0
2026-05-13T14:30:00Z,231.6,25,0
2026-05-13T14:45:00Z,329.8,25.1,0
2026-05-13T15:00:00Z,600.2,25.99,0
2026-05-13T15:15:00Z,392.2,25.7,0
2026-05-13T15:30:00Z,351.5,25.9,0
2026-05-13T15:45:00Z,305.4,25.9,0
2026-05-13T16:00:00Z,245.6,25.5,0
2026-05-13T16:15:00Z,161.2,25.1,0
2026-05-13T16:30:00Z,175.4,25,0
2026-05-13T16:45:00Z,166.3,24.9,0
2026-05-13T17:00:00Z,122.7,24.6,0
2026-05-13T17:15:00Z,130.1,24.4,0
2026-05-13T17:30:00Z,135.3,24.5,0
2026-05-13T17:45:00Z,57.67,23.81,0
2026-05-13T18:00:00Z,30.5,22.81,0
2026-05-13T18:15:00Z,2.709,21.42,0
2026-05-13T18:30:00Z,0.027,20.81,0
2026-05-13T19:15:00Z,0,18.6,0
2026-05-13T20:15:00Z,0,18.3,0
2026-05-13T21:15:00Z,0,18.2,0
2026-05-13T22:15:00Z,0,17.5,0
2026-05-13T23:15:00Z,0,17.3,0
2026-05-14T00:15:00Z,0,17,0
2026-05-14T01:15:00Z,0,16.7,0
2026-05-14T02:15:00Z,0,17.1,0
2026-05-14T03:15:00Z,0,18.3,0
2026-05-14T04:15:00Z,0,16.5,0
2026-05-14T05:15:00Z,0,16,0
2026-05-14T06:15:00Z,0,17.4,0
2026-05-14T07:15:00Z,35.4,18.3,0
2026-05-14T08:15:00Z,139.3,21.2,0
2026-05-14T09:15:00Z,372,24.2,0
2026-05-14T10:15:00Z,437.9,25.5,0
2026-05-14T11:15:00Z,407.3,25.5,0
2026-05-14T12:15:00Z,599.7,25.6,0
2026-05-14T13:15:00Z,287.2,24.9,0
2026-05-14T14:15:00Z,816,27.2,0
2026-05-14T15:15:00Z,540.5,27.3,0
2026-05-14T16:15:00Z,243.6,26.3,0
2026-05-14T17:15:00Z,37,25.1,0
2026-05-14T18:15:00Z,0,23.4,0
2026-05-14T19:15:00Z,0,22.4,0
2026-05-14T20:15:00Z,0,20,0
2026-05-14T21:15:00Z,0,18.2,0
2026-05-14T22:15:00Z,0,17.3,0
2026-05-14T23:15:00Z,0,16.9,0
2026-05-15T00:15:00Z,0,17.3,0
2026-05-15T01:15:00Z,0,16.8,0
2026-05-15T02:15:00Z,0,16.8,0
2026-05-15T03:15:00Z,0,17.8,0
2026-05-15T04:15:00Z,0,17.6,0
2026-05-15T05:15:00Z,0,18.6,0
2026-05-15T06:15:00Z,0,18.2,0
2026-05-15T07:15:00Z,23.7,19.2,0
2026-05-15T08:15:00Z,136.2,21.4,0
2026-05-15T09:15:00Z,364.8,23.8,0
2026-05-15T10:15:00Z,558.6,25.7,0
2026-05-15T11:15:00Z,453.3,24.9,0
2026-05-15T12:15:00Z,666.6,25.4,0
2026-05-15T13:15:00Z,308.7,24.7,0
2026-05-15T14:00:00Z,435,24.6,0
2026-05-15T14:15:00Z,450.4,25,0
2026-05-15T14:30:00Z,377.5,24.9,0
2026-05-19T11:45:00Z,0,0,0
2026-05-19T12:00:00Z,691.5,27.3,0
2026-05-19T12:15:00Z,547.7,26.9,0
2026-05-19T12:30:00Z,851,27,0
2026-05-19T12:45:00Z,791.2,27.3,0
2026-05-19T13:00:00Z,759.3,27.6,0
2026-05-19T13:15:00Z,733.2,27.5,0
2026-05-19T13:30:00Z,479.2,27.01,0
2026-05-19T13:45:00Z,625.8,27.2,0
2026-05-19T14:00:00Z,568.9,27,0
2026-05-19T14:15:00Z,714.4,28.09,0
2026-05-19T14:30:00Z,272.2,27.21,0
2026-05-19T14:45:00Z,666.1,27.79,0
2026-05-19T15:00:00Z,263.2,26.91,0
2026-05-19T15:15:00Z,273.4,26.9,0
2026-05-19T15:30:00Z,251.1,26.5,0
2026-05-19T15:45:00Z,455.4,27.79,0
2026-05-19T16:00:00Z,208.6,27.6,0
2026-05-19T16:15:00Z,107.1,26.81,0
2026-05-19T16:30:00Z,94.1,26.31,0
2026-05-19T16:45:00Z,96.9,26,0
2026-05-19T17:00:00Z,93.1,25.8,0
2026-05-19T17:15:00Z,49.09,25.31,0
2026-05-19T17:30:00Z,39.11,24.61,0
2026-05-19T17:45:00Z,49.48,24.01,0
2026-05-19T18:00:00Z,20.92,22.91,0
2026-05-19T18:15:00Z,3.294,22.01,0
2026-05-19T18:30:00Z,0.034,20.71,0
2026-05-19T18:45:00Z,0,20.3,0
2026-05-19T19:00:00Z,0,19.81,0
2026-05-19T19:15:00Z,0,19.5,0
2026-05-19T19:30:00Z,0,18.91,0
2026-05-19T19:45:00Z,0,18.7,0
2026-05-19T20:00:00Z,0,18.01,0
2026-05-19T20:15:00Z,0,18.1,0
2026-05-19T20:30:00Z,0,17.8,0
2026-05-19T20:45:00Z,0,17.11,0
2026-05-19T21:00:00Z,0,17,0
2026-05-19T21:15:00Z,0,17,0
2026-05-19T21:30:00Z,0,17.49,0
2026-05-19T21:45:00Z,0,17.5,0
2026-05-19T22:00:00Z,0,17.3,0
2026-05-19T22:15:00Z,0,17.1,0
2026-05-19T22:30:00Z,0,16.8,0
2026-05-19T22:45:00Z,0,16.31,0
2026-05-19T23:00:00Z,0,16.1,0
2026-05-19T23:15:00Z,0,16.59,0
2026-05-19T23:30:00Z,0,16.11,0
2026-05-19T23:45:00Z,0,16.2,0
2026-05-20T00:00:00Z,0,16.4,0
2026-05-20T00:15:00Z,0,16.99,0
2026-05-20T00:30:00Z,0,17.59,0
2026-05-20T00:45:00Z,0,18,0
2026-05-20T01:00:00Z,0,18,0
2026-05-20T01:15:00Z,0,18.3,0
2026-05-20T01:30:00Z,0,18.89,0
2026-05-20T01:45:00Z,0,18.11,0
2026-05-20T02:00:00Z,0,17.8,0
2026-05-20T02:15:00Z,0,17.7,0
2026-05-20T02:30:00Z,0,17.21,0
2026-05-20T02:45:00Z,0,16.9,0
2026-05-20T03:00:00Z,0,16.8,0
2026-05-20T03:15:00Z,0,16.8,0
2026-05-20T03:30:00Z,0,16.6,0
2026-05-20T03:45:00Z,0,16.4,0
2026-05-20T04:00:00Z,0,16.1,0
2026-05-20T04:15:00Z,0,16.69,0
2026-05-20T04:30:00Z,0,16.6,0
2026-05-20T04:45:00Z,0,16.2,0
2026-05-20T05:00:00Z,0,15.51,0
2026-05-20T05:15:00Z,0,15.6,0
2026-05-20T05:30:00Z,0,15.9,0
2026-05-20T05:45:00Z,0,15.8,0
2026-05-20T06:00:00Z,0,16.59,0
2026-05-20T06:15:00Z,0,17.09,0
2026-05-20T06:30:00Z,0,17.3,0
2026-05-20T06:45:00Z,0,17.4,0
2026-05-20T07:00:00Z,7.219,18.78,0
2026-05-20T07:15:00Z,14.32,19.59,0
2026-05-20T07:30:00Z,45.75,20.39,0
2026-05-20T07:45:00Z,74.68,20.89,0
2026-05-20T08:00:00Z,104.1,21.3,0
2026-05-20T08:15:00Z,133.7,21.6,0
2026-05-20T08:30:00Z,175.2,22,0
2026-05-20T08:45:00Z,231.3,22.49,0
2026-05-20T09:00:00Z,295.3,22.9,0
2026-05-20T09:15:00Z,349.7,23,0
2026-05-20T09:30:00Z,399.3,23.49,0
2026-05-20T09:45:00Z,447.5,23.99,0
2026-05-20T10:00:00Z,492.3,24.59,0
2026-05-20T10:15:00Z,519.5,24.8,0
2026-05-20T10:30:00Z,504.4,24.8,0
2026-05-20T10:45:00Z,595.9,25.2,0
2026-05-20T11:00:00Z,656.8,25.3,0
2026-05-20T11:15:00Z,689,25.4,0
2026-05-20T11:30:00Z,715.3,25.6,0
2026-05-20T11:45:00Z,670.1,25.7,0
2026-05-20T12:00:00Z,789.5,26.19,0
2026-05-20T12:15:00Z,744.8,26.1,0
2026-05-20T12:30:00Z,749.5,26,0
2026-05-20T12:45:00Z,667.9,26.3,0
2026-05-20T13:00:00Z,601.2,26.2,0
2026-05-20T13:15:00Z,828,27.09,0
2026-05-20T13:30:00Z,803,27.4,0
2026-05-20T13:45:00Z,475.7,26.81,0
2026-05-20T14:00:00Z,716.3,26.8,0
2026-05-20T14:15:00Z,712.8,27.2,0
2026-05-20T14:30:00Z,302.9,26.41,0
2026-05-20T14:45:00Z,581.5,26.89,0
2026-05-20T15:00:00Z,434.2,26.8,0
2026-05-20T15:15:00Z,560.7,27.39,0
2026-05-20T15:30:00Z,481.5,27.5,0
2026-05-20T15:45:00Z,450,27.6,0
2026-05-20T16:00:00Z,311.8,26.81,0
2026-05-20T16:15:00Z,378,27.39,0
2026-05-20T16:30:00Z,288.5,27.1,0
2026-05-20T16:45:00Z,101.7,26.41,0
2026-05-20T17:00:00Z,153.7,26.1,0
2026-05-20T17:15:00Z,91.4,25.7,0
2026-05-20T17:30:00Z,25.73,24.12,0
2026-05-20T17:45:00Z,30.93,22.91,0
2026-05-20T18:00:00Z,22.69,22.31,0
2026-05-20T18:15:00Z,2.328,20.92,0
2026-05-20T18:30:00Z,0.023,19.91,0
2026-05-20T18:45:00Z,0,19.41,0
2026-05-20T19:00:00Z,0,18.91,0
2026-05-20T19:15:00Z,0,18.8,0
2026-05-20T19:30:00Z,0,18.4,0
2026-05-20T19:45:00Z,0,17.81,0
2026-05-20T20:00:00Z,0,18.2,0
2026-05-20T20:15:00Z,0,18.3,0
2026-05-20T20:30:00Z,0,18.1,0
2026-05-20T20:45:00Z,0,17.8,0
2026-05-20T21:00:00Z,0,18,0
2026-05-20T21:15:00Z,0,17.9,0
2026-05-20T21:30:00Z,0,17.6,0
2026-05-20T21:45:00Z,0,17.5,0
2026-05-20T22:00:00Z,0,17.2,0
2026-05-20T22:15:00Z,0,17.4,0
2026-05-20T22:30:00Z,0,17.3,0
2026-05-20T22:45:00Z,0,16.9,0
2026-05-20T23:00:00Z,0,16.5,0
2026-05-20T23:15:00Z,0,16.7,0
2026-05-20T23:30:00Z,0,17.19,0
2026-05-20T23:45:00Z,0,17.4,0
2026-05-21T00:00:00Z,0,17.7,0
2026-05-21T00:15:00Z,0,18,0
2026-05-21T00:30:00Z,0,18.99,0
2026-05-21T00:45:00Z,0,19.4,0
2026-05-21T01:00:00Z,0,19.1,0
2026-05-21T01:15:00Z,0,19.4,0
2026-05-21T01:30:00Z,0,19.6,0
2026-05-21T01:45:00Z,0,19.9,0
2026-05-21T02:00:00Z,0,20,0
2026-05-21T02:15:00Z,0,20,0
2026-05-21T02:30:00Z,0,19.51,0
2026-05-21T02:45:00Z,0,19.1,0
2026-05-21T03:00:00Z,0,19.1,0
2026-05-21T03:15:00Z,0,19,0
2026-05-21T03:30:00Z,0,18.51,0
2026-05-21T03:45:00Z,0,18.4,0
2026-05-21T04:00:00Z,0,18.8,0
2026-05-21T04:15:00Z,0,18.5,0
2026-05-21T04:30:00Z,0,18.99,0
2026-05-21T04:45:00Z,0,19.59,0
2026-05-21T05:00:00Z,0,19.7,0
2026-05-21T05:15:00Z,0,19.3,0
2026-05-21T05:30:00Z,0,18.41,0
2026-05-21T05:45:00Z,0,19.09,0
2026-05-21T06:00:00Z,0,18.7,0
2026-05-21T06:15:00Z,0,17.91,0
2026-05-21T06:30:00Z,0,17.21,0
2026-05-21T06:45:00Z,0,16.71,0
2026-05-21T07:00:00Z,6.626,16.5,0
2026-05-21T07:15:00Z,13.82,17.59,0
2026-05-21T07:30:00Z,42.87,19.28,0
2026-05-21T07:45:00Z,73.66,20.59,0
2026-05-21T08:00:00Z,103,21,0
2026-05-21T08:15:00Z,131.8,21.3,0
2026-05-21T08:30:00Z,174.5,21.7,0
2026-05-21T08:45:00Z,231.9,21.9,0
2026-05-21T09:00:00Z,292.7,22.2,0
2026-05-21T09:15:00Z,346.2,22.6,0
2026-05-21T09:30:00Z,397.6,23.09,0
2026-05-21T09:45:00Z,448,23.5,0
2026-05-21T10:00:00Z,498.8,23.99,0
2026-05-21T10:15:00Z,522.9,24.49,0
2026-05-21T10:30:00Z,307.2,23.91,0
2026-05-21T10:45:00Z,178.4,23.01,0
2026-05-21T11:00:00Z,177,23,0
2026-05-21T11:15:00Z,323.2,23.3,0
2026-05-21T11:30:00Z,650.8,24.49,0
2026-05-21T11:45:00Z,510.8,24.3,0
2026-05-21T12:00:00Z,801,25.39,0
2026-05-21T12:15:00Z,754.4,25.5,0
2026-05-21T12:30:00Z,630.6,25.1,0
2026-05-21T12:45:00Z,558.8,25.4,0
2026-05-21T13:00:00Z,779.2,26.09,0
2026-05-21T13:15:00Z,764.7,26.2,0
2026-05-21T13:30:00Z,684.3,26.2,0
2026-05-21T13:45:00Z,541.8,26.2,0
2026-05-21T14:00:00Z,583.6,26.1,0
2026-05-21T14:15:00Z,594.1,26.2,0
2026-05-21T14:30:00Z,689,26.2,0
2026-05-21T14:45:00Z,652.5,26.2,0
2026-05-21T15:00:00Z,566.5,26.1,0
2026-05-21T15:15:00Z,481.6,26.3,0
2026-05-21T15:30:00Z,452.2,26.4,0
2026-05-21T15:45:00Z,439.7,26.4,0
2026-05-21T16:00:00Z,347.9,26.3,0
2026-05-21T16:15:00Z,302.1,26,0
2026-05-21T16:30:00Z,131.6,25.31,0
2026-05-21T16:45:00Z,53.26,24.61,0
2026-05-21T17:00:00Z,190,24.7,0
2026-05-21T17:15:00Z,198.4,25.59,0
2026-05-21T17:30:00Z,153.8,25.11,0
2026-05-21T17:45:00Z,105.2,24.51,0
2026-05-21T18:00:00Z,25.39,23.12,0
2026-05-21T18:15:00Z,1.162,21.02,0
2026-05-21T18:30:00Z,0.01,20.11,0
2026-05-21T18:45:00Z,0,19.21,0
2026-05-21T19:00:00Z,0,18.8,0
2026-05-21T19:15:00Z,0,18.6,0
2026-05-21T19:30:00Z,0,17.91,0
2026-05-21T19:45:00Z,0,17.5,0
2026-05-21T20:00:00Z,0,17.2,0
2026-05-21T20:15:00Z,0,17.2,0
2026-05-21T20:30:00Z,0,17.1,0
2026-05-21T20:45:00Z,0,16.9,0
2026-05-21T21:00:00Z,0,16.8,0
2026-05-21T21:15:00Z,0,16.6,0
2026-05-21T21:30:00Z,0,17,0
2026-05-21T21:45:00Z,0,17.3,0
2026-05-21T22:00:00Z,0,18.19,0
2026-05-21T22:15:00Z,0,19.19,0
2026-05-21T22:30:00Z,0,19.79,0
2026-05-21T22:45:00Z,0,19.6,0
2026-05-21T23:00:00Z,0,19.4,0
2026-05-21T23:15:00Z,0,19.2,0
2026-05-21T23:30:00Z,0,19.1,0
2026-05-21T23:45:00Z,0,18.01,0
2026-05-22T00:00:00Z,0,18.3,0
2026-05-22T00:15:00Z,0,18.89,0
2026-05-22T00:30:00Z,0,19.1,0
2026-05-22T00:45:00Z,0,19.1,0
2026-05-22T01:00:00Z,0,19.3,0
2026-05-22T01:15:00Z,0,19.5,0
2026-05-22T01:30:00Z,0,19.7,0
2026-05-22T01:45:00Z,0,19.3,0
2026-05-22T02:00:00Z,0,19,0
2026-05-22T02:15:00Z,0,19.1,0
2026-05-22T02:30:00Z,0,19.4,0
2026-05-22T02:45:00Z,0,19.3,0
2026-05-22T03:00:00Z,0,19,0
2026-05-22T03:15:00Z,0,18.51,0
2026-05-22T03:30:00Z,0,18.1,0
2026-05-22T03:45:00Z,0,17.9,0
2026-05-22T04:00:00Z,0,18.1,0
2026-05-22T04:15:00Z,0,18.1,0
2026-05-22T04:30:00Z,0,18.2,0
2026-05-22T04:45:00Z,0,18.6,0
2026-05-22T05:00:00Z,0,18.6,0
2026-05-22T05:15:00Z,0,18.3,0
2026-05-22T05:30:00Z,0,18.1,0
2026-05-22T05:45:00Z,0,18.1,0
2026-05-22T06:00:00Z,0,18.3,0
2026-05-22T06:15:00Z,0,18.4,0
2026-05-22T06:30:00Z,0,18.5,0
2026-05-22T06:45:00Z,0,18.8,0
2026-05-22T07:00:00Z,13.55,18.8,0
2026-05-22T07:15:00Z,37.24,18.9,0
2026-05-22T07:30:00Z,58.56,19.1,0
2026-05-22T07:45:00Z,74.03,19,0
2026-05-22T08:00:00Z,86.8,18.9,0
2026-05-22T08:15:00Z,152.8,19.2,0
2026-05-22T08:30:00Z,191,19.89,0
2026-05-22T08:45:00Z,165.7,19.8,0
2026-05-22T09:00:00Z,263.2,20.2,0
2026-05-22T09:15:00Z,272.3,20.6,0
2026-05-22T09:30:00Z,377.8,20.9,0
2026-05-22T09:45:00Z,205.7,20.8,0
2026-05-22T10:00:00Z,401.9,21.2,0
2026-05-22T10:15:00Z,440.3,21.79,0
2026-05-22T10:30:00Z,547.9,22.39,0
2026-05-22T10:45:00Z,413.5,21.91,0
2026-05-22T11:00:00Z,561.3,22.39,0
2026-05-22T11:15:00Z,488.7,22.3,0
2026-05-22T11:30:00Z,599.3,22.79,0
2026-05-22T11:45:00Z,432.2,22.5,0
2026-05-22T12:00:00Z,769,23.09,0
2026-05-22T12:15:00Z,458.1,23,0
2026-05-22T12:30:00Z,554,23,0
2026-05-22T12:45:00Z,641.7,23.49,0
2026-05-22T13:00:00Z,779.8,23.9,0
2026-05-22T13:15:00Z,758.6,24.39,0
2026-05-22T13:30:00Z,454.6,23.81,0
2026-05-22T13:45:00Z,607.6,24.2,0
2026-05-22T14:00:00Z,458.1,24,0
2026-05-22T14:15:00Z,622.3,24.3,0
2026-05-22T14:30:00Z,410.5,24,0
2026-05-22T14:45:00Z,353.6,23.9,0
2026-05-22T15:00:00Z,373.8,23.9,0
2026-05-22T15:15:00Z,257.7,23.8,0
2026-05-22T15:30:00Z,438.5,24.2,0
2026-05-22T15:45:00Z,227.2,24.2,0
2026-05-22T16:00:00Z,266.1,24.1,0
2026-05-22T16:15:00Z,300.2,24.3,0
2026-05-22T16:30:00Z,142.1,24,0
2026-05-22T16:45:00Z,138.4,23.7,0
2026-05-22T17:00:00Z,143.6,23.7,0
2026-05-22T17:15:00Z,98.2,23.21,0
2026-05-22T17:30:00Z,63.88,22.8,0
2026-05-22T17:45:00Z,38.88,22.01,0
2026-05-22T18:00:00Z,9.13,21.01,0
2026-05-22T18:15:00Z,0.098,19.91,0
2026-05-22T18:30:00Z,0,19.11,0
2026-05-22T18:45:00Z,0,18.8,0
2026-05-22T19:00:00Z,0,18.9,0
2026-05-22T19:15:00Z,0,17.91,0
2026-05-22T19:30:00Z,0,17.6,0
2026-05-22T19:45:00Z,0,17.6,0
2026-05-22T20:00:00Z,0,18.49,0
2026-05-22T20:15:00Z,0,19.09,0
2026-05-22T20:30:00Z,0,19.69,0
2026-05-22T20:45:00Z,0,20,0
2026-05-22T21:00:00Z,0,19.7,0
2026-05-22T21:15:00Z,0,19.21,0
2026-05-22T21:30:00Z,0,19.3,0
2026-05-22T21:45:00Z,0,19.5,0
2026-05-22T22:00:00Z,0,18.61,0
2026-05-22T22:15:00Z,0,17.81,0
2026-05-22T22:30:00Z,0,16.81,0
2026-05-22T22:45:00Z,0,16.4,0
2026-05-22T23:00:00Z,0,16.4,0
2026-05-22T23:15:00Z,0,17.59,0
2026-05-22T23:30:00Z,0,18,0
2026-05-22T23:45:00Z,0,18.59,0
2026-05-23T00:00:00Z,0,18.3,0
2026-05-23T00:15:00Z,0,18.2,0
2026-05-23T00:30:00Z,0,18.2,0
2026-05-23T00:45:00Z,0,17.51,0
2026-05-23T01:00:00Z,0,17.1,0
2026-05-23T01:15:00Z,0,16.9,0
2026-05-23T01:30:00Z,0,16.9,0
2026-05-23T01:45:00Z,0,17.79,0
2026-05-23T02:00:00Z,0,18.49,0
2026-05-23T02:15:00Z,0,18.5,0
2026-05-23T02:30:00Z,0,18.6,0
2026-05-23T02:45:00Z,0,18.6,0
2026-05-23T03:00:00Z,0,18.6,0
2026-05-23T03:15:00Z,0,18.5,0
2026-05-23T03:30:00Z,0,18.4,0
2026-05-23T03:45:00Z,0,18.3,0
2026-05-23T04:00:00Z,0,18.2,0
2026-05-23T04:15:00Z,0,18.2,0
2026-05-23T04:30:00Z,0,18.2,0
2026-05-23T04:45:00Z,0,18.2,0
2026-05-23T05:00:00Z,0,18.2,0
2026-05-23T05:15:00Z,0,18.2,0
2026-05-23T05:30:00Z,0,18.1,0
2026-05-23T05:45:00Z,0,17.9,0
2026-05-23T06:00:00Z,0,17.9,0
2026-05-23T06:15:00Z,0,17.9,0
2026-05-23T06:30:00Z,0,17.9,0
2026-05-23T06:45:00Z,0,17.9,0
2026-05-23T07:00:00Z,3.263,17.9,0
2026-05-23T07:15:00Z,26.84,17.9,0
2026-05-23T07:30:00Z,37.48,17.9,0
2026-05-23T07:45:00Z,62.42,18.2,0
2026-05-23T08:00:00Z,43.91,18.2,0
2026-05-23T08:15:00Z,53.09,18.3,0
2026-05-23T08:30:00Z,112.2,18.4,0
2026-05-23T08:45:00Z,177.9,18.99,0
2026-05-23T09:00:00Z,167.5,19.1,0
2026-05-23T09:15:00Z,178.8,19,0
2026-05-23T09:30:00Z,168.7,19.3,0
2026-05-23T09:45:00Z,232,19.6,0
2026-05-23T10:00:00Z,113.8,19.3,0
2026-05-23T10:15:00Z,190.9,19.4,0
2026-05-23T10:30:00Z,202.3,19.6,0
2026-05-23T10:45:00Z,223.2,19.5,0
2026-05-23T11:00:00Z,239.9,19.8,0
2026-05-23T11:15:00Z,289.3,20.29,0
2026-05-23T11:30:00Z,217.9,20.2,0
2026-05-23T11:45:00Z,170.6,20.2,0
2026-05-23T12:00:00Z,454.1,20.89,0
2026-05-23T12:15:00Z,419.7,20.9,0
2026-05-23T12:30:00Z,474.7,21,0
2026-05-23T12:45:00Z,286.4,20.8,0
2026-05-23T13:00:00Z,555.2,21.29,0
2026-05-23T13:15:00Z,380.4,21.5,0
2026-05-23T13:30:00Z,294,21.3,0
2026-05-23T13:45:00Z,266,21.2,0
2026-05-23T14:00:00Z,246.2,21.3,0
2026-05-23T14:15:00Z,234.3,21.5,0
2026-05-23T14:30:00Z,247.1,21.7,0
2026-05-23T14:45:00Z,208.9,21.6,0
2026-05-23T15:00:00Z,170.9,21.8,0
2026-05-23T15:15:00Z,230.2,21.9,0
2026-05-23T15:30:00Z,233.7,22.1,0
2026-05-23T15:45:00Z,133.4,21.8,0
2026-05-23T16:00:00Z,82.1,21.6,0
2026-05-23T16:15:00Z,115,21.7,0
2026-05-23T16:30:00Z,37.08,21.5,0
2026-05-23T16:45:00Z,46.68,21.4,0
2026-05-23T17:00:00Z,55.11,21.4,0
2026-05-23T17:15:00Z,33.94,21.2,0
2026-05-23T17:30:00Z,19.06,21.1,0
2026-05-23T17:45:00Z,9.01,21,0
2026-05-23T18:00:00Z,0.989,20.9,0
2026-05-23T18:15:00Z,0.01,20.6,0
2026-05-23T18:30:00Z,0,20.4,0
2026-05-23T18:45:00Z,0,20.3,0
2026-05-23T19:00:00Z,0,20.1,0
2026-05-23T19:15:00Z,0,19.9,0
2026-05-23T19:30:00Z,0,19.9,0
2026-05-23T19:45:00Z,0,20,0
2026-05-23T20:00:00Z,0,20.1,0
2026-05-23T20:15:00Z,0,20.1,0
2026-05-23T20:30:00Z,0,20.1,0
2026-05-23T20:45:00Z,0,20.1,0
2026-05-23T21:00:00Z,0,19.7,0
2026-05-23T21:15:00Z,0,19.3,0
2026-05-23T21:30:00Z,0,18.81,0
2026-05-23T21:45:00Z,0,17.61,0
2026-05-23T22:00:00Z,0,17.11,0
2026-05-23T22:15:00Z,0,16.7,0
2026-05-23T22:30:00Z,0,16.3,0
2026-05-23T22:45:00Z,0,16.1,0
2026-05-23T23:00:00Z,0,16.1,0
2026-05-23T23:15:00Z,0,16.2,0
2026-05-23T23:30:00Z,0,16.99,0
2026-05-23T23:45:00Z,0,17.49,0
2026-05-24T00:00:00Z,0,17.8,0
2026-05-24T00:15:00Z,0,17.6,0
2026-05-24T00:30:00Z,0,18.19,0
2026-05-24T00:45:00Z,0,18.6,0
2026-05-24T01:00:00Z,0,18.4,0
2026-05-24T01:15:00Z,0,18.5,0
2026-05-24T01:30:00Z,0,18.7,0
2026-05-24T01:45:00Z,0,18.3,0
2026-05-24T02:00:00Z,0,18.2,0
2026-05-24T02:15:00Z,0,18.3,0
2026-05-24T02:30:00Z,0,18.5,0
2026-05-24T02:45:00Z,0,18.6,0
2026-05-24T03:00:00Z,0,18.5,0
2026-05-24T03:15:00Z,0,18.5,0
2026-05-24T03:30:00Z,0,18.6,0
2026-05-24T03:45:00Z,0,18.7,0
2026-05-24T04:00:00Z,0,18.6,0
2026-05-24T04:15:00Z,0,18.5,0
2026-05-24T04:30:00Z,0,18.4,0
2026-05-24T04:45:00Z,0,18.3,0
2026-05-24T05:00:00Z,0,17.71,0
2026-05-24T05:15:00Z,0,17.6,0
2026-05-24T05:30:00Z,0,17.5,0
2026-05-24T05:45:00Z,0,17.5,0
2026-05-24T06:00:00Z,0,17.5,0
2026-05-24T06:15:00Z,0,17.3,0
2026-05-24T06:30:00Z,0,17.4,0
2026-05-24T06:45:00Z,0,17.6,0
2026-05-24T07:00:00Z,4.45,17.6,0
2026-05-24T07:15:00Z,31.2,17.9,0
2026-05-24T07:30:00Z,76.89,18.2,30.26
2026-05-24T07:45:00Z,82.9,18.3,0.34
2026-05-24T08:00:00Z,165.4,18.79,0
2026-05-24T08:15:00Z,165.4,18.9,0
2026-05-24T08:30:00Z,166,18.9,0
2026-05-24T08:45:00Z,279,19.69,0
2026-05-24T09:00:00Z,320.7,20,0
2026-05-24T09:15:00Z,290.4,20.2,0
2026-05-24T09:30:00Z,292.2,20.1,0
2026-05-24T09:45:00Z,308.8,19.8,0
2026-05-24T10:00:00Z,380.3,20,0
2026-05-24T10:15:00Z,326.2,20.1,0
2026-05-24T10:30:00Z,415.7,20.69,0
2026-05-24T10:45:00Z,448.9,20.9,0
2026-05-24T11:00:00Z,460.4,21.2,0
2026-05-24T11:15:00Z,595.8,21.3,0
2026-05-24T11:30:00Z,724.5,21.5,0
2026-05-24T11:45:00Z,625.4,21.9,0
2026-05-24T12:00:00Z,574.8,21.6,0
2026-05-24T12:15:00Z,577.3,22.09,0
2026-05-24T12:30:00Z,618.8,21.9,0
2026-05-24T12:45:00Z,826,22.3,0
2026-05-24T13:00:00Z,722.8,22.4,0
2026-05-24T13:15:00Z,554.6,23.09,0
2026-05-24T13:30:00Z,513.9,22.7,0
2026-05-24T13:45:00Z,350.8,22.7,0
2026-05-24T14:00:00Z,497.3,23.19,0
2026-05-24T14:15:00Z,331.8,23.4,0
2026-05-24T14:30:00Z,176.1,23,0
2026-05-24T14:45:00Z,386.3,23.69,0
2026-05-24T15:00:00Z,141.6,23.21,0
2026-05-24T15:15:00Z,134.1,22.61,0
2026-05-24T15:30:00Z,145.9,23,0
2026-05-24T15:45:00Z,109.5,22.51,0
2026-05-24T16:00:00Z,407.3,23.69,0
2026-05-24T16:15:00Z,185.5,24.39,0
2026-05-24T16:30:00Z,57.11,23.71,0
2026-05-24T16:45:00Z,120,23.21,0
2026-05-24T17:00:00Z,259.3,24.29,0
2026-05-24T17:15:00Z,62.13,23.61,0
2026-05-24T17:30:00Z,99.7,23.4,0
2026-05-24T17:45:00Z,39.09,22.71,0
2026-05-24T18:00:00Z,8.34,22.11,0
2026-05-24T18:15:00Z,0.089,21.31,0
2026-05-24T18:30:00Z,0,20.11,0
2026-05-24T18:45:00Z,0,19.7,0
2026-05-24T19:00:00Z,0,19.3,0
2026-05-24T19:15:00Z,0,19.1,0
2026-05-24T19:30:00Z,0,19.5,0
2026-05-24T19:45:00Z,0,19.7,0
2026-05-24T20:00:00Z,0,19.7,0
2026-05-24T20:15:00Z,0,19.5,0
2026-05-24T20:30:00Z,0,19.01,0
2026-05-24T20:45:00Z,0,19,0
2026-05-24T21:00:00Z,0,19,0
2026-05-24T21:15:00Z,0,19.3,0
2026-05-24T21:30:00Z,0,19.4,0
2026-05-24T21:45:00Z,0,19.3,0
2026-05-24T22:00:00Z,0,19.5,0
2026-05-24T22:15:00Z,0,19.5,0
2026-05-24T22:30:00Z,0,19.2,0
2026-05-24T22:45:00Z,0,19.3,0
2026-05-24T23:00:00Z,0,19.2,0
2026-05-24T23:15:00Z,0,19.1,0
2026-05-24T23:30:00Z,0,19.2,0
2026-05-24T23:45:00Z,0,19.2,0
2026-05-25T00:00:00Z,0,19.2,0
2026-05-25T00:15:00Z,0,18.8,0
2026-05-25T00:30:00Z,0,18.7,0
2026-05-25T00:45:00Z,0,18.5,0
2026-05-25T01:00:00Z,0,18.6,0
2026-05-25T01:15:00Z,0,18.5,0
2026-05-25T01:30:00Z,0,17.41,0
2026-05-25T01:45:00Z,0,17.8,0
2026-05-25T02:00:00Z,0,17.01,0
2026-05-25T02:15:00Z,0,17.79,0
2026-05-25T02:30:00Z,0,18.49,0
2026-05-25T02:45:00Z,0,18.3,0
2026-05-25T03:00:00Z,0,18.3,0
2026-05-25T03:15:00Z,0,18.3,0
2026-05-25T03:30:00Z,0,18.5,0
2026-05-25T03:45:00Z,0,18.3,0
2026-05-25T04:00:00Z,0,18.3,0
2026-05-25T04:15:00Z,0,18.3,0
2026-05-25T04:30:00Z,0,18.5,0
2026-05-25T04:45:00Z,0,18.9,0
2026-05-25T05:00:00Z,0,19.2,0
2026-05-25T05:15:00Z,0,19.2,0
2026-05-25T05:30:00Z,0,18.9,0
2026-05-25T05:45:00Z,0,18.5,0
2026-05-25T06:00:00Z,0,18.2,0
2026-05-25T06:15:00Z,0,18.2,0
2026-05-25T06:30:00Z,0,18.1,0
2026-05-25T06:45:00Z,0,18.3,0
2026-05-25T07:00:00Z,5.142,18.2,0
2026-05-25T07:15:00Z,12.42,18.6,0
2026-05-25T07:30:00Z,34.95,19.29,0
2026-05-25T07:45:00Z,68.53,20.19,0
2026-05-25T08:00:00Z,96.6,20.5,0
2026-05-25T08:15:00Z,129,20.5,0
2026-05-25T08:30:00Z,179.3,20.7,0
2026-05-25T08:45:00Z,234.3,21,0
2026-05-25T09:00:00Z,287.7,21.49,0
2026-05-25T09:15:00Z,338.7,21.9,0
2026-05-25T09:30:00Z,388,22.2,0
2026-05-25T09:45:00Z,437.4,22.3,0
2026-05-25T10:00:00Z,482.6,22.5,0
2026-05-25T10:15:00Z,491.4,22.9,0
2026-05-25T10:30:00Z,503,23.39,0
2026-05-25T10:45:00Z,673.7,23.7,0
2026-05-25T11:00:00Z,736.1,24.19,0
2026-05-25T11:15:00Z,736.9,24.2,0
2026-05-25T11:30:00Z,821,24,0
2026-05-25T11:45:00Z,836,23.9,0
2026-05-25T12:00:00Z,794.4,24.3,0
2026-05-25T12:15:00Z,786.7,24.3,0
2026-05-25T12:30:00Z,790.6,24.6,0
2026-05-25T12:45:00Z,684.8,24.4,0
2026-05-25T13:00:00Z,745.7,24.8,0
2026-05-25T13:15:00Z,915,25.49,0
2026-05-25T13:30:00Z,663.4,25.2,0
2026-05-25T13:45:00Z,397.9,24.41,0
2026-05-25T14:00:00Z,489,24.7,0
2026-05-25T14:15:00Z,408.1,24.6,0
2026-05-25T14:30:00Z,526.1,24.7,0
2026-05-25T14:45:00Z,490.9,24.7,0
2026-05-25T15:00:00Z,414.7,24.5,0
2026-05-25T15:15:00Z,377.1,24.6,0
2026-05-25T15:30:00Z,248.6,24.4,0
2026-05-25T15:45:00Z,183.3,24.1,0
2026-05-25T16:00:00Z,205.2,24.1,0
2026-05-25T16:15:00Z,171.6,23.9,0
2026-05-25T16:30:00Z,96.2,23.7,0
2026-05-25T16:45:00Z,128.5,23.5,0
2026-05-25T17:00:00Z,110.7,23.7,0
2026-05-25T17:15:00Z,83.5,23.6,0
2026-05-25T17:30:00Z,56.3,23.4,0
2026-05-25T17:45:00Z,30.68,23.2,0
2026-05-25T18:00:00Z,9.93,22.9,0
2026-05-25T18:15:00Z,0.108,22.31,0
2026-05-25T18:30:00Z,0,21.61,0
2026-05-25T18:45:00Z,0,20.71,0
2026-05-25T19:00:00Z,0,19.61,0
2026-05-25T19:15:00Z,0,19.2,0
2026-05-25T19:30:00Z,0,18.61,0
2026-05-25T19:45:00Z,0,18.11,0
2026-05-25T20:00:00Z,0,18,0
2026-05-25T20:15:00Z,0,18.1,0
2026-05-25T20:30:00Z,0,17.9,0
2026-05-25T20:45:00Z,0,17.9,0
2026-05-25T21:00:00Z,0,17.7,0
2026-05-25T21:15:00Z,0,17.5,0
2026-05-25T21:30:00Z,0,17.6,0
2026-05-25T21:45:00Z,0,17.8,0
2026-05-25T22:00:00Z,0,17.7,0
2026-05-25T22:15:00Z,0,17.7,0
2026-05-25T22:30:00Z,0,17.5,0
2026-05-25T22:45:00Z,0,18.09,0
2026-05-25T23:00:00Z,0,18.59,0
2026-05-25T23:15:00Z,0,18.7,0
2026-05-25T23:30:00Z,0,18.7,0
2026-05-25T23:45:00Z,0,18.9,0
2026-05-26T00:00:00Z,0,18.9,0
2026-05-26T00:15:00Z,0,18.7,0
2026-05-26T00:30:00Z,0,18.5,0
2026-05-26T00:45:00Z,0,18.2,0
2026-05-26T01:00:00Z,0,18.1,0
2026-05-26T01:15:00Z,0,18.1,0
2026-05-26T01:30:00Z,0,18.1,0
2026-05-26T01:45:00Z,0,17.9,0
2026-05-26T02:00:00Z,0,17.8,0
2026-05-26T02:15:00Z,0,17.7,0
2026-05-26T02:30:00Z,0,17.4,0
2026-05-26T02:45:00Z,0,17.5,0
2026-05-26T03:00:00Z,0,17.99,0
2026-05-26T03:15:00Z,0,17.8,0
2026-05-26T03:30:00Z,0,17.6,0
2026-05-26T03:45:00Z,0,17.3,0
2026-05-26T04:00:00Z,0,17,0
2026-05-26T04:15:00Z,0,16.9,0
2026-05-26T04:30:00Z,0,17.89,0
2026-05-26T04:45:00Z,0,18.3,0
2026-05-26T05:00:00Z,0,18.4,0
2026-05-26T05:15:00Z,0,18.1,0
2026-05-26T05:30:00Z,0,17.61,0
2026-05-26T05:45:00Z,0,17.2,0
2026-05-26T06:00:00Z,0,17,0
2026-05-26T06:15:00Z,0,17,0
2026-05-26T06:30:00Z,0,17.3,0
2026-05-26T06:45:00Z,0,16.81,0
2026-05-26T07:00:00Z,10.48,17,0
2026-05-26T07:15:00Z,23.75,18.48,0
2026-05-26T07:30:00Z,42.1,19.19,0
2026-05-26T07:45:00Z,69.89,19.69,0
2026-05-26T08:00:00Z,84.2,20.1,0
2026-05-26T08:15:00Z,78.66,19.8,0
2026-05-26T08:30:00Z,147.2,20.1,0
2026-05-26T08:45:00Z,225,20.79,0
2026-05-26T09:00:00Z,292,20.9,0
2026-05-26T09:15:00Z,339.2,21.39,0
2026-05-26T09:30:00Z,387.5,22.09,0
2026-05-26T09:45:00Z,439,22.4,0
2026-05-26T10:00:00Z,479.6,22.6,0
2026-05-26T10:15:00Z,435.9,22.8,0
2026-05-26T10:30:00Z,458,22.6,0
2026-05-26T10:45:00Z,523.2,22.8,0
2026-05-26T11:00:00Z,434.3,22.9,0
2026-05-26T11:15:00Z,717.4,23.59,0
2026-05-26T11:30:00Z,760.5,24.09,0
2026-05-26T11:45:00Z,611,23.51,0
2026-05-26T12:00:00Z,625.2,23.6,0
2026-05-26T12:15:00Z,481.2,23.4,0
2026-05-26T12:30:00Z,830,24.39,0
2026-05-26T12:45:00Z,769.7,24.89,0
2026-05-26T13:00:00Z,554.4,24.21,0
2026-05-26T13:15:00Z,789.7,24.99,0
2026-05-26T13:30:00Z,739.1,25,0
2026-05-26T13:45:00Z,705.5,25.3,0
2026-05-26T14:00:00Z,646.1,25.3,0
2026-05-26T14:15:00Z,738.9,25.4,0
2026-05-26T14:30:00Z,501.6,24.81,0
2026-05-26T14:45:00Z,438.7,24.9,0
2026-05-26T15:00:00Z,573.1,25.1,0
2026-05-26T15:15:00Z,438.5,25.2,0
2026-05-26T15:30:00Z,284.5,24.71,0
2026-05-26T15:45:00Z,230.6,24.9,0
2026-05-26T16:00:00Z,106.7,24.21,0
2026-05-26T16:15:00Z,251,24.6,0
2026-05-26T16:30:00Z,352.3,24.9,0
2026-05-26T16:45:00Z,157,24.31,0
2026-05-26T17:00:00Z,246.6,24.6,0
2026-05-26T17:15:00Z,178.7,24.4,0
2026-05-26T17:30:00Z,152.6,24,0
2026-05-26T17:45:00Z,96.8,23.51,0
2026-05-26T18:00:00Z,29.25,22.61,0
2026-05-26T18:15:00Z,1.899,21.12,0
2026-05-26T18:30:00Z,0.018,19.32,0
2026-05-26T18:45:00Z,0,18.71,0
2026-05-26T19:00:00Z,0,18.21,0
2026-05-26T19:15:00Z,0,17.8,0
2026-05-26T19:30:00Z,0,17.6,0
2026-05-26T19:45:00Z,0,17.2,0
2026-05-26T20:00:00Z,0,17,0
2026-05-26T20:15:00Z,0,16.8,0
2026-05-26T20:30:00Z,0,16.8,0
2026-05-26T20:45:00Z,0,16.4,0
2026-05-26T21:00:00Z,0,16.3,0
2026-05-26T21:15:00Z,0,16.7,0
2026-05-26T21:30:00Z,0,17.69,0
2026-05-26T21:45:00Z,0,18.59,0
2026-05-26T22:00:00Z,0,18.7,0
2026-05-26T22:15:00Z,0,18.4,0
2026-05-26T22:30:00Z,0,19.29,0
2026-05-26T22:45:00Z,0,19.3,0
2026-05-26T23:00:00Z,0,19.3,0
2026-05-26T23:15:00Z,0,19.6,0
2026-05-26T23:30:00Z,0,19.5,0
2026-05-26T23:45:00Z,0,19.6,0
2026-05-27T00:00:00Z,0,19.4,0
2026-05-27T00:15:00Z,0,19.6,0
2026-05-27T00:30:00Z,0,18.51,0
2026-05-27T00:45:00Z,0,18.1,0
2026-05-27T01:00:00Z,0,18.5,0
2026-05-27T01:15:00Z,0,19.49,0
2026-05-27T01:30:00Z,0,19.5,0
2026-05-27T01:45:00Z,0,19.4,0
2026-05-27T02:00:00Z,0,19.2,0
2026-05-27T02:15:00Z,0,18.71,0
2026-05-27T02:30:00Z,0,18.6,0
2026-05-27T02:45:00Z,0,18.4,0
2026-05-27T03:00:00Z,0,18.1,0
2026-05-27T03:15:00Z,0,18.5,0
2026-05-27T03:30:00Z,0,18.6,0
2026-05-27T03:45:00Z,0,18.5,0
2026-05-27T04:00:00Z,0,18.1,0
2026-05-27T04:15:00Z,0,17.41,0
2026-05-27T04:30:00Z,0,17.3,0
2026-05-27T04:45:00Z,0,17.1,0
2026-05-27T05:00:00Z,0,17.2,0
2026-05-27T05:15:00Z,0,17.3,0
2026-05-27T05:30:00Z,0,17.5,0
2026-05-27T05:45:00Z,0,17.2,0
2026-05-27T06:00:00Z,0,16.8,0
2026-05-27T06:15:00Z,0,16.7,0
2026-05-27T06:30:00Z,0,16.9,0
2026-05-27T06:45:00Z,0,16.8,0
2026-05-27T07:00:00Z,2.571,16.7,0
2026-05-27T07:15:00Z,18.52,16.9,0
2026-05-27T07:30:00Z,48.07,17.39,0
2026-05-27T07:45:00Z,103.9,18.69,0
2026-05-27T08:00:00Z,99.6,19,0
2026-05-27T08:15:00Z,105.1,19,0
2026-05-27T08:30:00Z,125,19,0
2026-05-27T08:45:00Z,213.2,19.99,0
2026-05-27T09:00:00Z,292.9,20.4,0
2026-05-27T09:15:00Z,156.2,20.1,0
2026-05-27T09:30:00Z,384.2,21.29,0
2026-05-27T09:45:00Z,458,22.09,0
2026-05-27T10:00:00Z,517.3,22.4,0
2026-05-27T10:15:00Z,463.9,22.5,0
2026-05-27T10:30:00Z,527.7,23.29,0
2026-05-27T10:45:00Z,653.7,23.5,0
2026-05-27T11:00:00Z,670.1,23.9,0
2026-05-27T11:15:00Z,669.1,24.1,0
2026-05-27T11:30:00Z,680.5,23.9,0
2026-05-27T11:45:00Z,763.9,24.2,0
2026-05-27T12:00:00Z,794.5,24.6,0
2026-05-27T12:15:00Z,825,25,0
2026-05-27T12:30:00Z,709.9,24.51,0
2026-05-27T12:45:00Z,708.2,24.5,0
2026-05-27T13:00:00Z,753.4,24.8,0
2026-05-27T13:15:00Z,710.5,25,0
2026-05-27T13:30:00Z,709.9,25.1,0
2026-05-27T13:45:00Z,652.3,25.2,0
2026-05-27T14:00:00Z,552.4,25.1,0
2026-05-27T14:15:00Z,687.9,25.2,0
2026-05-27T14:30:00Z,635.1,25.2,0
2026-05-27T14:45:00Z,644.4,25.4,0
2026-05-27T15:00:00Z,582.5,25.6,0
2026-05-27T15:15:00Z,524.7,25.6,0
2026-05-27T15:30:00Z,469.2,25.6,0
2026-05-27T15:45:00Z,402.3,25.7,0
2026-05-27T16:00:00Z,365.2,25.6,0
2026-05-27T16:15:00Z,342.3,25.6,0
2026-05-27T16:30:00Z,304.9,25.4,0
2026-05-27T16:45:00Z,273.4,25.1,0
2026-05-27T17:00:00Z,231.6,25,0
2026-05-27T17:15:00Z,184.7,24.9,0
2026-05-27T17:30:00Z,136.5,24.6,0
2026-05-27T17:45:00Z,88.9,24.2,0
2026-05-27T18:00:00Z,39.45,23.41,0
2026-05-27T18:15:00Z,2.608,21.22,0
2026-05-27T18:30:00Z,0.024,19.32,0
2026-05-27T18:45:00Z,0,18.71,0
2026-05-27T19:00:00Z,0,17.91,0
2026-05-27T19:15:00Z,0,17.41,0
2026-05-27T19:30:00Z,0,17.1,0
2026-05-27T19:45:00Z,0,16.9,0
2026-05-27T20:00:00Z,0,16.5,0
2026-05-27T20:15:00Z,0,16.01,0
2026-05-27T20:30:00Z,0,15.51,0
2026-05-27T20:45:00Z,0,15.2,0
2026-05-27T21:00:00Z,0,14.9,0
2026-05-27T21:15:00Z,0,15.2,0
2026-05-27T21:30:00Z,0,15.79,0
2026-05-27T21:45:00Z,0,15.7,0
2026-05-27T22:00:00Z,0,15.4,0
2026-05-27T22:15:00Z,0,14.91,0
2026-05-27T22:30:00Z,0,14.7,0
2026-05-27T22:45:00Z,0,15.69,0
2026-05-27T23:00:00Z,0,16.39,0
2026-05-27T23:15:00Z,0,17.39,0
2026-05-27T23:30:00Z,0,17.99,0
2026-05-27T23:45:00Z,0,16.91,0
2026-05-28T00:00:00Z,0,16.31,0
2026-05-28T00:15:00Z,0,16.1,0
2026-05-28T00:30:00Z,0,16.2,0
2026-05-28T00:45:00Z,0,17.29,0
2026-05-28T01:00:00Z,0,17.1,0
2026-05-28T01:15:00Z,0,17.5,0
2026-05-28T01:30:00Z,0,17.99,0
2026-05-28T01:45:00Z,0,18.2,0
2026-05-28T02:00:00Z,0,18.2,0
