"TOA5","Chapada_Low","CR1000X","73482","CR1000X.8.5.1","CPU:Brazil_beta_v031126v6.CR1X","30956","ChamberBME280"
"TIMESTAMP","RECORD","BattV_Min","PTemp_C","BP(1)","BP(2)","BP(3)","BP(4)","BP(5)","BP(6)","BP(7)","BP(8)","BP(9)","RH(1)","RH(2)","RH(3)","RH(4)","RH(5)","RH(6)","RH(7)","RH(8)","RH(9)","Temp(1)","Temp(2)","Temp(3)","Temp(4)","Temp(5)","Temp(6)","Temp(7)","Temp(8)","Temp(9)"
"TS","RN","Volts","Deg C","mbar","mbar","mbar","mbar","mbar","mbar","mbar","mbar","mbar","percent","percent","percent","percent","percent","percent","percent","percent","percent","Celcius","Celcius","Celcius","Celcius","Celcius","Celcius","Celcius","Celcius","Celcius"
"","","Min","Smp","Smp","Smp","Smp","Smp","Smp","Smp","Smp","Smp","Smp","Smp","Smp","Smp","Smp","Smp","Smp","Smp","Smp","Smp","Smp","Smp","Smp","Smp","Smp","Smp","Smp","Smp","Smp"
"2026-09-29 11:01:00",129507,11.76,36.52,897,896,897,896,896,897,896,896,896,21.29,20.11,21.79,32.55,23.73,24.44,18.06,20.49,19.15,43.8,42.1,43.3,44.1,41.9,41.6,44.7,42.3,43.1
"2026-09-29 11:02:00",129508,11.77,36.53,897,896,897,896,896,896,896,896,896,24.1,23.04,23.06,35.12,22.56,23.6,17.25,19.61,18.18,43.8,42.2,43.2,44.3,41.8,41.4,44.6,42.3,43
"2026-09-29 11:03:00",129509,11.78,36.54,897,896,897,896,896,896,896,896,896,26.14,25.8,27.55,37.44,25.72,27.17,17.35,20.16,18.75,43.8,42.3,43.1,44.6,41.8,41.4,44.6,42.2,43
"2026-09-29 11:04:00",129510,11.78,36.55,897,896,897,896,896,896,896,896,896,28.22,28.32,31.11,39.38,29.84,31.74,20.55,22.68,19.09,43.9,42.4,43.2,44.8,41.8,41.4,44.6,42.2,43
"2026-09-29 11:05:00",129511,11.81,36.56,897,896,897,896,896,897,896,896,896,30.07,30.17,34.41,41.16,33.06,35.61,23.16,25.93,21.48,44.1,42.6,43.2,45.1,41.8,41.5,44.7,42.3,43
"2026-09-29 11:06:00",129512,11.8,36.57,897,896,897,896,896,897,896,896,896,31.74,31.79,37.27,42.63,35.94,38.85,25.29,28.54,24.23,44.2,42.8,43.3,45.4,41.9,41.6,44.8,42.5,43
"2026-09-29 11:07:00",129513,11.8,36.58,897,896,897,896,896,896,896,896,896,33.08,33.29,39.65,43.79,38.43,41.6,26.95,30.55,26.55,44.4,43,43.3,45.6,42,41.8,45,42.6,43.1
"2026-09-29 11:08:00",129514,11.8,36.59,897,896,897,896,896,896,896,896,896,34.41,34.66,41.81,44.66,40.82,43.89,26.95,32.33,28.62,44.5,43.1,43.4,45.9,42,41.9,45,42.8,43.2
"2026-09-29 11:09:00",129515,11.81,36.59,897,896,897,896,896,896,896,896,896,35.72,35.73,43.82,45.51,42.88,45.8,29.96,33.94,30.41,44.6,43.3,43.4,46.1,42.1,42,45.3,43,43.3
"2026-09-29 11:10:00",129516,11.77,36.6,897,896,897,896,896,896,896,896,896,37.05,36.8,44.76,46.21,45.05,48.19,31.17,35.37,32.02,44.7,43.4,43.4,46.3,42.2,42.1,45.5,43.2,43.5
"2026-09-29 11:11:00",129517,11.78,36.61,897,896,897,896,896,896,896,896,896,37.71,37.99,47.53,47.11,47.05,48.97,32.4,36.79,33.68,44.8,43.6,43.5,46.5,42.3,42.2,45.7,43.4,43.6
"2026-09-29 11:12:00",129518,11.81,36.61,897,896,897,896,896,896,896,896,896,39.46,39.02,49.03,47.89,47.98,50.88,32.92,38.24,35.06,45,43.7,43.6,46.6,42.3,42.3,45.8,43.6,43.8
"2026-09-29 11:13:00",129519,11.75,36.62,897,896,897,896,896,896,896,896,896,40.71,39.86,49.03,48.13,50.81,53.6,34.31,39.43,35.06,45,43.8,43.6,46.7,42.5,42.6,46.1,43.8,43.8
"2026-09-29 11:14:00",129520,11.79,36.62,897,896,897,896,896,896,896,896,896,41.88,40.91,51.74,48.24,52.3,54.86,35.28,40.45,37.51,45.1,43.9,43.8,46.8,42.6,42.7,46.3,44,44.1
"2026-09-29 11:15:00",129521,11.75,36.63,897,896,897,896,896,896,896,896,896,43.12,41.61,53.1,48.58,54.03,56.61,36.17,41.42,38.67,45.1,44,43.9,46.8,42.7,42.8,46.4,44.2,44.2
"2026-09-29 11:16:00",129522,11.76,36.64,897,896,897,896,896,896,896,896,896,44.25,42.48,53.91,49.38,55.73,57.78,37.09,42.37,39.77,45.2,44.1,44,46.9,42.8,43,46.6,44.4,44.4
"2026-09-29 11:17:00",129523,11.79,36.64,896,896,896,896,896,896,896,896,896,45.63,43.32,54.82,49.93,57.24,59.3,37.91,43.27,40.29,45.2,44.2,44.1,46.9,42.9,43.1,46.7,44.6,44.5
"2026-09-29 11:18:00",129524,11.77,36.65,896,896,896,896,896,896,896,896,896,46.68,44.09,55.22,50.28,58.8,59.88,38.68,44.16,41.65,45.2,44.3,44.1,46.9,43,43.3,46.8,44.8,44.7
"2026-09-29 11:19:00",129525,11.81,36.66,896,896,896,896,896,896,896,896,896,47.73,44.74,55.3,49.57,59.72,59.78,39.33,44.93,42.49,45.3,44.4,44.2,46.9,43.1,43.3,47,45,44.8
"2026-09-29 11:20:00",129526,11.79,36.66,896,896,896,896,895,896,896,896,896,48.8,45.35,55.14,49.71,60.19,59.84,39.72,45.33,42.49,45.3,44.4,44.2,46.9,43.1,43.4,47,45.1,44.8
"2026-09-29 11:21:00",129527,11.72,36.67,896,896,896,896,895,896,896,896,896,43.31,45.67,55.19,49.54,61.08,58.8,40.3,46.37,44.03,45.3,44.5,44.2,46.9,43.2,43.5,47.1,45.3,44.9
"2026-09-29 11:22:00",129528,11.74,36.68,896,896,896,896,895,896,896,896,896,23.68,24.25,30.77,49.71,62.94,60.36,41.28,46.37,44.74,45.1,44.3,44,46.8,43.2,43.6,47.1,45.3,45
"2026-09-29 11:23:00",129529,11.74,36.69,896,896,896,896,895,896,896,896,896,22.27,20.79,24.7,24.7,33,38.37,38.97,47.46,45.51,44.9,44.1,43.9,46.4,43.1,43.5,47.1,45.7,45
"2026-09-29 11:24:00",129530,11.76,36.7,896,896,896,896,895,896,896,896,896,21.64,19.24,22.93,22.63,28.29,31.07,20.7,24.85,42.17,44.7,43.7,43.6,46.1,42.8,43.3,47,45.6,45.1
"2026-09-29 11:25:00",129531,11.8,36.71,896,896,896,896,895,896,896,896,895,21.83,20.47,21.98,22.31,26.28,28.07,18.41,20.53,21.76,44.5,43.4,43.3,45.7,42.6,43,46.7,45.4,44.9
"2026-09-29 11:26:00",129532,11.77,36.72,896,896,896,896,895,896,896,896,896,21.07,20.24,22.43,22.86,26.89,27.65,17.81,19.64,20.07,44.2,43.1,43.1,45.3,42.5,42.7,46.4,45.1,44.7
"2026-09-29 11:27:00",129533,11.76,36.72,896,896,896,896,895,896,896,896,895,21.86,21.19,22.5,22.89,26.99,28.92,18.13,19.98,19.54,44.1,42.8,42.8,44.9,42.4,42.5,46.2,45,44.5
"2026-09-29 11:28:00",129534,11.74,36.73,896,896,896,896,895,896,896,896,895,21.45,19.71,22.68,22.85,27.01,27.38,17.78,19.73,19.17,43.9,42.5,42.6,44.6,42.3,42.3,45.9,44.5,44.3
"2026-09-29 11:29:00",129535,11.77,36.74,896,896,896,896,895,896,896,896,895,22.71,22,24.15,24.1,27.86,29.85,19.81,20.74,19.96,43.7,42.3,42.4,44.3,42.2,42.1,45.6,44.2,44.1
"2026-09-29 11:30:00",129536,11.77,36.75,896,896,896,896,895,896,896,896,895,22.25,21.46,23.67,25.99,28.56,29.49,20.4,21.55,19.62,43.6,42.1,42.3,44.1,42.3,42,45.5,44,44
"2026-09-29 11:31:00",129537,11.77,36.76,896,896,896,896,895,896,896,896,895,22.72,22.67,23.94,25.42,28.11,29.78,19.38,21.53,19.7,43.5,42,42.2,43.9,42.3,41.9,45.3,43.8,43.8
"2026-09-29 11:32:00",129538,11.82,36.77,896,896,896,896,895,896,896,896,895,22.87,22.82,24.46,26.25,26.69,28.77,19.29,21.29,20.23,43.4,41.9,42.2,43.8,42.4,41.8,45.3,43.7,43.7
"2026-09-29 11:33:00",129539,11.76,36.78,896,896,896,896,895,896,896,896,895,24.25,23.02,24.63,25.28,24.11,28.58,19.26,21.37,20.84,43.3,41.8,42.3,43.8,42.5,41.7,45.2,43.5,43.6
"2026-09-29 11:34:00",129540,11.76,36.79,896,896,896,896,895,896,896,896,895,22.38,22.16,22.93,24.22,25.39,27.88,18.43,20.51,19.64,43.2,41.7,42.4,43.7,42.5,41.5,45.2,43.3,43.4
"2026-09-29 11:35:00",129541,11.79,36.8,896,896,896,896,895,896,896,896,895,22.04,21.54,22.39,28.29,24.81,27.33,17.8,20.64,19.63,43.1,41.6,42.5,43.7,42.6,41.4,45.2,43.2,43.3
"2026-09-29 11:36:00",129542,11.77,36.81,896,896,896,896,895,896,896,896,895,21.94,20.44,22.27,33.18,23.58,24.87,17.32,20.78,19.65,43,41.4,42.7,43.8,42.7,41.3,45.3,43.1,43.2
"2026-09-29 11:37:00",129543,11.75,36.82,896,896,896,896,895,896,896,896,895,21.33,20.35,21.33,36.8,22.15,24.04,16.43,19.72,18.93,42.8,41.2,42.8,43.9,42.8,41,45.2,43,43
"2026-09-29 11:38:00",129544,11.81,36.83,896,896,896,896,895,896,896,896,895,22,20.16,21.24,39.66,22.6,25.48,16.9,20.06,18.58,42.7,40.9,42.9,44,42.8,40.8,45.2,42.9,42.9
"2026-09-29 11:39:00",129545,11.8,36.83,896,896,896,896,895,896,896,896,895,21.84,20.19,20.36,42.28,21.73,24.88,16.77,19.9,19.17,42.6,40.6,43,44.1,42.9,40.7,45.2,42.8,42.7
"2026-09-29 11:40:00",129546,11.75,36.84,896,896,896,896,895,896,896,896,895,21.63,21.79,21.32,44.48,23.22,26.64,17.69,19.92,19.81,42.5,40.3,43.1,44.2,43,40.5,45.3,42.8,42.5
"2026-09-29 11:41:00",129547,11.76,36.85,896,896,896,896,895,896,896,896,895,22.58,22.81,21.3,46.32,23.83,28.11,18.4,21.13,20.34,42.5,40.3,43.3,44.4,43.2,40.5,45.6,42.8,42.4
"2026-09-29 11:42:00",129548,11.77,36.86,896,896,896,896,895,896,896,896,895,22,22.05,21.5,48.15,22.89,27.73,18.4,20.94,20.17,42.4,40.3,43.4,44.6,43.3,40.5,45.6,43,42.3
"2026-09-29 11:43:00",129549,11.76,36.86,896,896,896,896,895,896,896,896,895,21.54,22.63,19.93,49.64,22.46,26.91,16.65,20.12,19.29,42.4,40.3,43.6,44.8,43.5,40.6,46.2,43.1,42.3
"2026-09-29 11:44:00",129550,11.78,36.87,896,896,896,896,895,896,896,896,895,21.11,21.58,19.51,50.51,22.15,27.37,16.14,19.83,19.15,42.4,40.4,43.8,45,43.8,40.8,46.5,43.3,42.2
"2026-09-29 11:45:00",129551,11.75,36.88,896,896,896,896,895,896,896,896,895,21.18,20.21,18.8,45.93,20.53,24.23,15.27,18.76,18.38,42.4,40.5,43.9,45.2,43.9,41,46.8,43.6,42.1
"2026-09-29 11:46:00",129552,11.79,36.88,896,896,896,896,895,896,896,896,895,22.43,21.64,20.32,29.55,22.11,25.73,15.96,18.81,19.28,42.4,40.7,44.1,45.3,44.1,41.2,47,43.8,42.1
"2026-09-29 11:47:00",129553,11.81,36.89,896,896,896,896,895,896,896,896,895,22.25,21.32,18.84,22.31,23.67,25.43,15.96,18.81,19.41,42.4,41,44.3,45.4,44.3,41.5,47,43.8,42.1
"2026-09-29 11:48:00",129554,11.82,36.89,896,896,896,896,895,896,896,896,895,22.29,21.28,19.23,22.76,27.31,25.48,15.53,18.46,19.88,42.3,41.3,44.5,45.5,44.5,41.7,47.5,44.4,42
"2026-09-29 11:49:00",129555,11.77,36.9,896,896,896,896,895,896,896,896,895,22.64,21.65,19.08,24.02,30.39,26.17,15.53,18.45,20.15,42.3,41.6,44.6,45.7,44.6,42,47.5,44.7,42
"2026-09-29 11:50:00",129556,11.76,36.91,896,896,896,896,895,896,896,896,895,21.57,19.49,18.99,22.01,33.21,23.44,15.19,18.43,19.82,42.2,41.8,44.7,45.8,44.6,42.3,47.9,44.9,41.9
"2026-09-29 11:51:00",129557,11.75,36.91,896,896,896,896,895,896,896,896,895,22.58,21,19.49,21.91,35.66,24.57,14.99,18.13,20.27,42.2,42,44.8,45.9,44.6,42.6,47.9,45.1,41.9
"2026-09-29 11:52:00",129558,11.82,36.92,896,896,896,896,895,896,896,896,895,23.04,19.96,19.7,21.85,38.13,24.95,15.53,17.6,20.95,42.2,42.3,45,46,44.6,42.8,48.2,45.3,41.9
"2026-09-29 11:53:00",129559,11.74,36.92,896,896,896,895,895,896,896,896,895,23.34,20.32,20.27,23.01,40.65,25.95,16.66,18.4,21.06,42.2,42.6,45.1,46.1,44.7,43.2,48.4,45.3,41.9
"2026-09-29 11:54:00",129560,11.78,36.93,896,896,896,895,895,896,896,896,895,24.15,20.81,19.98,22.43,42.63,24.01,16.06,18.83,21.49,42.3,43,45.2,46.3,44.7,43.5,48.6,45.6,41.9
"2026-09-29 11:55:00",129561,11.77,36.94,896,896,896,895,895,896,896,895,895,23.5,20.92,20.06,21.87,43.76,23.53,15.15,17.97,20.88,42.3,43.3,45.3,46.4,44.7,43.8,48.8,45.7,41.9
"2026-09-29 11:56:00",129562,11.79,36.94,896,896,896,895,895,896,896,895,895,23.83,20.54,19.53,21.16,46.64,24.2,15.04,17.96,21.5,42.4,43.6,45.4,46.5,44.7,44,48.9,45.8,41.9
"2026-09-29 11:57:00",129563,11.74,36.95,896,896,896,895,895,896,896,895,895,23.23,19.47,19.41,22.37,48.56,24.08,15.23,17.92,21.51,42.5,44,45.5,46.7,44.8,44.3,49.1,46,42
"2026-09-29 11:58:00",129564,11.76,36.96,896,896,896,895,895,896,896,895,895,22.71,18.65,18.99,21.04,29.51,22.91,14.89,17.58,21.31,42.6,44.2,45.6,46.8,44.7,44.6,49.2,46.1,42
"2026-09-29 11:59:00",129565,11.75,36.96,896,895,896,895,895,896,896,895,895,22.61,18.25,18.38,21.04,25.53,22.77,14.09,17.03,20.71,42.7,44.4,45.7,46.8,44.7,44.8,49.3,46.2,42
"2026-09-29 12:00:00",129566,11.76,36.97,896,896,896,895,895,896,896,895,895,22.3,17.6,17.43,19.99,24.67,23.71,14.09,16.83,19.95,42.9,44.6,45.7,46.8,44.7,44.8,49.3,46.3,42
"2026-09-29 12:01:00",129567,11.8,36.98,896,896,896,895,895,896,896,895,895,20.81,15.98,17.09,19.5,22.29,28.76,12.68,16.46,18.76,42.9,44.6,45.7,46.8,44.7,45,49.5,46.3,41.9
"2026-09-29 12:02:00",129568,11.75,36.98,896,895,896,895,895,896,896,895,895,21.39,16.78,17.57,18.32,21.1,31.55,12.64,15.7,19.67,42.9,44.4,45.6,46.6,44.7,45.1,49.3,46.2,41.8
"2026-09-29 12:03:00",129569,11.8,36.99,896,896,896,895,895,896,896,895,895,20.39,16.92,17,19.87,21.21,34.35,13.12,15.8,18.66,43,44.3,45.6,46.5,44.7,45.1,49.3,46.2,41.7
"2026-09-29 12:04:00",129570,11.74,37,896,896,896,895,895,896,896,895,895,20,16.58,17.53,18.85,21.12,36.75,13.21,16.15,18.94,43,44.2,45.3,46.3,44.7,45.1,49.2,46.1,41.6
"2026-09-29 12:05:00",129571,11.76,37,896,896,896,895,895,896,896,895,895,20.01,16.67,17.2,19.06,20.08,39,12.95,16.15,18.72,43.1,44.1,45.2,46.3,44.7,45.1,49.2,46.1,41.5
"2026-09-29 12:06:00",129572,11.79,37.01,896,896,896,895,895,896,896,895,895,20.1,17.1,17.57,19.02,20.84,40.89,12.83,15.37,18.72,43.2,44.1,45.2,46.2,44.8,45.1,49.2,46,41.5
"2026-09-29 12:07:00",129573,11.77,37.01,896,896,896,895,895,896,896,895,895,20.74,17.42,17.09,20.03,21.2,42.95,13.55,15.98,19.71,43.4,44.1,45.1,46.1,44.9,45.2,49.2,46,41.4
"2026-09-29 12:08:00",129574,11.74,37.02,896,895,896,895,895,896,896,895,895,20.24,17.52,17.47,20.67,21.14,44.63,13.38,15.88,19.19,43.6,44.1,45,46,45,45.2,49.3,46,41.4
"2026-09-29 12:09:00",129575,11.76,37.03,896,895,896,895,895,896,896,895,895,20.61,18.41,18.17,19.58,20.91,46.44,13.45,16.16,20.06,43.8,44.3,45,46,45.1,45.3,49.5,46.1,41.4
"2026-09-29 12:10:00",129576,11.75,37.03,896,895,896,895,895,896,896,895,895,20.23,18.03,19.08,20.03,20.4,41.33,13.73,16.27,20.28,44,44.5,45,46,45.2,45.4,49.7,46.1,41.5
"2026-09-29 12:11:00",129577,11.8,37.04,896,895,896,895,895,896,895,895,895,19.75,17.96,19.21,20.7,19.04,27.75,13.1,16.52,19.99,44.2,44.6,45.2,46,45.3,45.4,49.9,46.2,41.5
"2026-09-29 12:12:00",129578,11.77,37.04,896,895,896,895,895,896,895,895,895,20.38,17.29,18.76,19.82,20.73,25.08,13.68,16.12,20.4,44.4,44.8,45.2,46.1,45.3,45.5,50.1,46.3,41.5
"2026-09-29 12:13:00",129579,11.81,37.05,896,895,896,895,895,896,895,895,895,19.75,16.94,18.16,20.58,20.56,24.15,15.69,16.43,20.07,44.5,44.8,45.3,46.2,45.3,45.5,50.2,46.4,41.5
"2026-09-29 12:14:00",129580,11.82,37.06,896,895,896,895,895,895,895,895,895,20.27,17.48,18.79,20.21,21.6,22.72,17.63,16.46,20.75,44.6,44.8,45.3,46.3,45.4,45.5,50.2,46.5,41.6
"2026-09-29 12:15:00",129581,11.8,37.06,896,895,896,895,895,895,895,895,895,20.3,17.27,18.46,20.48,21.16,23,19.45,16.21,20.59,44.8,44.8,45.4,46.5,45.5,45.6,50.2,46.5,41.7
"2026-09-29 12:16:00",129582,11.79,37.07,896,895,896,895,895,895,895,895,895,20,17.73,18.52,20.77,21.5,23.23,21.18,17.15,20.56,44.9,44.8,45.4,46.6,45.6,45.7,50,46.6,41.7
"2026-09-29 12:17:00",129583,11.76,37.07,896,895,896,895,895,895,895,895,895,19.15,17.45,17.88,20.57,21.17,23.13,22.88,16.26,20.18,45.1,44.8,45.5,46.8,45.7,45.7,49.9,46.6,41.8
"2026-09-29 12:18:00",129584,11.73,37.08,896,895,896,895,895,895,895,895,895,18.8,17.21,17.65,18.85,20.25,21.03,24.44,16.3,19.3,45.2,44.8,45.5,47,45.7,45.8,49.7,46.7,41.9
"2026-09-29 12:19:00",129585,11.75,37.09,896,895,896,895,895,895,895,895,895,18.95,17.01,17.59,20.21,20.57,21.28,25.93,16.2,19.23,45.2,44.8,45.6,47.2,45.8,45.9,49.6,46.8,42
"2026-09-29 12:20:00",129586,11.8,37.09,895,895,895,895,895,895,895,895,895,19.42,17.03,17.78,18.61,20.24,21.27,25.93,15.46,19.41,45.3,44.8,45.6,47.4,45.9,46,49.6,46.8,42.2
"2026-09-29 12:21:00",129587,11.73,37.1,895,895,895,895,895,895,895,895,895,19.98,17.87,17.95,19.03,20.26,21.65,28.59,16.12,19.85,45.4,44.8,45.7,47.5,46,46,49.3,46.9,42.4
"2026-09-29 12:22:00",129588,11.78,37.11,895,895,895,895,895,895,895,895,895,18.22,16.38,17.46,18.38,20.2,19.75,29.16,15.65,18.84,45.4,44.7,45.7,47.8,46,45.9,49.3,47,42.5
"2026-09-29 12:23:00",129589,11.74,37.11,895,895,896,895,895,895,895,895,895,18.68,16.38,18.21,17.09,19.85,19.93,17.5,15.51,18.51,45.4,44.5,45.8,48,46.1,45.9,49,47,42.5
"2026-09-29 12:24:00",129590,11.78,37.12,895,895,896,895,895,895,895,895,895,18.88,16.25,17.15,17.25,18.82,19.93,14.99,15.2,18.23,45.4,44.3,45.8,48.2,46,45.9,48.8,47,42.8
"2026-09-29 12:25:00",129591,11.73,37.13,895,895,895,895,895,895,895,895,895,18.87,17.69,17.27,18.47,19.76,21.93,15.26,17.51,18.65,45.4,44.2,45.9,48.3,46,45.7,48.7,46.9,42.9
"2026-09-29 12:26:00",129592,11.73,37.13,895,895,895,895,895,895,895,895,895,18.7,18.05,17.16,15.67,18.82,19.86,14.11,20.01,18.32,45.3,44.1,46,48.4,46,45.7,48.6,46.8,43
"2026-09-29 12:27:00",129593,11.8,37.14,895,895,895,895,895,895,895,895,895,19.49,18.64,17.69,17.9,20.03,21.23,14.11,22.17,18.75,45.3,44,46,48.5,46,45.7,48.6,46.8,43.2
"2026-09-29 12:28:00",129594,11.79,37.15,895,895,895,895,895,895,895,895,895,18.92,18.44,17.7,16.71,20.27,20.35,15.13,24.28,18.6,45.3,43.9,46,48.6,46,45.7,48.7,46.7,43.3
"2026-09-29 12:29:00",129595,11.77,37.15,895,895,895,895,895,895,895,895,895,19.24,18.3,17.33,17.83,19.56,20.77,14.52,26.04,18.44,45.3,43.8,46.2,48.7,46,45.7,48.9,46.6,43.4
"2026-09-29 12:30:00",129596,11.74,37.16,895,895,895,895,895,895,895,895,895,18.22,17.11,16.71,15.23,19,20.33,14.06,27.74,17.83,45.2,43.7,46.2,48.8,46,45.6,48.9,46.6,43.4
"2026-09-29 12:31:00",129597,11.76,37.16,895,895,895,895,895,895,895,895,895,18.98,18.56,17.52,17.13,19.66,21.59,14.21,29.25,18.22,45.1,43.7,46.2,48.9,46,45.6,49,46.5,43.5
"2026-09-29 12:32:00",129598,11.79,37.17,895,895,895,895,894,895,895,895,894,19.32,18.41,17.53,17.68,18.2,21.19,14.61,29.99,18.18,45.1,43.7,46.3,49,46,45.7,49.1,46.5,43.5
"2026-09-29 12:33:00",129599,11.81,37.18,895,895,895,895,894,895,895,895,894,20,18.93,17.82,18.16,19.32,20.82,15.09,32.2,18.85,45,43.8,46.4,49.1,46,45.7,49.1,46.6,43.6
"2026-09-29 12:34:00",129600,11.8,37.18,895,895,895,895,894,895,895,895,894,19.91,18.54,17.51,17.47,20.54,22.27,15.11,33.52,18.52,45,44,46.5,49.3,46.1,45.8,49.2,46.6,43.7
"2026-09-29 12:35:00",129601,11.8,37.19,895,895,895,895,894,895,895,895,894,19.19,17.94,16.83,16.96,19.2,21.34,14.06,34.21,18.17,44.9,44.1,46.6,49.5,46.1,45.9,49.3,46.7,43.7
"2026-09-29 12:36:00",129602,11.73,37.19,895,895,895,895,894,895,895,895,894,18.77,17.26,16.57,16.96,18.01,21.11,13.52,18.72,17.59,44.8,44,46.7,49.5,46.1,46,49.2,46.5,43.7
"2026-09-29 12:37:00",129603,11.8,37.2,895,895,895,895,894,895,895,895,894,18.74,17.02,16.44,16.21,18.59,19.62,13.51,17.52,18.32,44.7,44,46.8,49.9,46.1,46.1,49.2,46.4,43.6
"2026-09-29 12:38:00",129604,11.81,37.2,895,895,895,895,894,895,895,895,894,19.66,18,16.97,16.3,17.97,20.46,14.33,18.13,20.91,44.5,44.1,46.8,50.1,46.1,46.2,49.1,46.3,43.6
"2026-09-29 12:39:00",129605,11.77,37.21,895,895,895,895,894,895,895,895,894,20.24,18.31,16.93,15.82,20.07,20.42,14.55,18.41,23.22,44.5,44.2,46.9,50.2,46.1,46.3,49,46.3,43.6
"2026-09-29 12:40:00",129606,11.77,37.21,895,895,895,895,894,895,895,895,894,20.09,17.63,16.64,15.56,19.44,20.29,14.22,18.41,25.2,44.4,44.3,47,50.4,46.2,46.3,49,46.3,43.7
"2026-09-29 12:41:00",129607,11.76,37.22,895,895,895,895,894,895,895,895,894,19.97,17.72,16.24,14,18.74,18.43,14.22,18.41,26.85,44.3,44.4,46.9,50.4,46.1,46.3,49,46.3,43.7
"2026-09-29 12:42:00",129608,11.8,37.22,895,895,895,895,894,895,895,895,894,19.97,17.27,16.57,14.91,18.93,19.33,14.22,16.47,28.37,44.2,44.3,46.9,50.3,46.1,46.2,49,46,43.8
"2026-09-29 12:43:00",129609,11.77,37.23,895,895,895,895,894,895,895,895,894,20.17,17.96,16.34,15.73,19.8,20.05,14.67,17.46,29.85,44.2,44.3,46.8,50.3,46.1,46.2,48.3,45.8,43.9
"2026-09-29 12:44:00",129610,11.81,37.24,895,895,895,895,894,895,895,895,894,20.1,18.2,16.56,15.24,19.86,20.42,15.33,17.21,31.17,44.1,44.3,46.8,50.2,46.1,46.2,48.2,45.7,44
"2026-09-29 12:45:00",129611,11.79,37.24,895,895,895,895,894,895,895,895,894,19.57,17.71,16.08,14.83,19.29,19.74,14.5,17.38,32.37,44.1,44.4,46.7,50.2,46.1,46.2,48,45.5,44.1
"2026-09-29 12:46:00",129612,11.8,37.25,895,895,895,895,894,895,895,895,894,20.83,17.85,17.18,15.06,20.19,20.3,14.42,17.76,33.41,44.1,44.4,46.7,50.1,46.2,46.2,47.9,45.3,44.2
"2026-09-29 12:47:00",129613,11.76,37.26,895,895,895,895,894,895,895,895,894,20.74,18.27,17.19,16.16,19.84,20.03,15.47,18.56,34.48,44.1,44.5,46.6,50.1,46.2,46.3,47.8,45.2,44.3
"2026-09-29 12:48:00",129614,11.79,37.26,895,895,895,895,894,895,895,895,894,19,17.5,17.16,16.09,19.62,19.73,15.54,18.84,24.75,44.1,44.5,46.6,50.1,46.3,46.3,47.8,45.1,44.3
"2026-09-29 12:49:00",129615,11.77,37.27,895,895,895,895,894,895,895,895,894,19.6,17.07,16.59,15.92,17.14,20,15.54,18.28,20.09,44.1,44.4,46.5,50.1,46.3,46.3,47.8,45.1,44.4
"2026-09-29 12:50:00",129616,11.8,37.28,895,895,895,895,894,895,895,895,894,21.97,17.63,16.66,16.5,17.67,19.08,14.73,18.52,18.9,44.1,44.4,46.5,50.1,46.2,46.4,47.7,45,44.4
"2026-09-29 12:51:00",129617,11.75,37.29,895,895,895,895,894,895,895,895,894,24.46,17.36,16.24,14.71,17.76,18.68,14.91,17.28,17.21,44.2,44.3,46.5,50.1,46.1,46.4,47.7,45,44.3
"2026-09-29 12:52:00",129618,11.78,37.29,895,895,895,895,894,895,895,895,894,26.16,16.89,16.15,15.16,18.46,18.51,14.42,17.05,17.37,44.4,44.2,46.5,50,46.1,46.3,47.6,44.9,44.3
"2026-09-29 12:53:00",129619,11.81,37.3,895,895,895,895,894,895,895,895,894,27.88,17.21,16.03,13.7,18.43,18.44,14.49,16.88,17,44.6,44.1,46.5,49.9,46,46.3,47.5,44.8,44.2
"2026-09-29 12:54:00",129620,11.81,37.31,895,895,895,895,894,895,895,895,894,29.62,17.27,16.08,14.21,18.72,18.82,14.44,17.33,16.91,44.8,44,46.4,49.6,45.9,46.3,47.4,44.8,44.2
"2026-09-29 12:55:00",129621,11.81,37.32,895,895,895,895,894,895,895,895,894,30.88,16.79,16.51,14.12,19.41,18.63,15.25,17.53,17.22,45,43.9,46.3,49.5,45.8,46.3,47.3,44.7,44.2
"2026-09-29 12:56:00",129622,11.75,37.33,895,895,895,895,894,895,895,895,894,32.09,17.39,16.04,15.29,19.42,19.12,15.19,18.35,16.87,45.3,43.8,46.3,49.3,45.7,46.3,47.2,44.6,44.1
"2026-09-29 12:57:00",129623,11.76,37.34,895,895,895,895,894,895,895,895,894,33.41,17.32,16.02,16.02,19.94,20.17,15.39,17.6,16.96,45.5,43.7,46.1,49.1,45.7,46.3,47.2,44.5,44.1
"2026-09-29 12:58:00",129624,11.74,37.35,895,895,895,895,894,895,895,895,894,34.57,17.3,16.12,15.2,18.7,19.27,15.13,17.45,16.77,45.7,43.7,46,48.9,45.7,46.3,47.1,44.4,44
"2026-09-29 12:59:00",129625,11.75,37.36,895,895,895,895,894,895,895,895,894,35.67,16.87,16.08,15.2,18.48,17.96,14.41,17.3,16.32,45.9,43.6,46,48.9,45.6,46.4,47.1,44.4,44
"2026-09-29 13:00:00",129626,11.8,37.37,895,895,895,895,894,895,895,895,894,32.81,17.14,16.82,14.08,18.5,17.27,13.85,16.96,17.14,46,43.5,45.9,48.4,45.4,46.3,46.9,44.3,43.9
"2026-09-29 13:01:00",129627,11.72,37.38,895,895,895,895,894,895,895,895,894,23.02,17.22,16.3,15.3,18.5,18.51,14.66,17.33,16.66,46,43.5,45.9,48.2,45.3,46.2,46.7,44.2,43.9
"2026-09-29 13:02:00",129628,11.77,37.39,895,895,895,895,894,895,895,895,894,18.17,17.78,15.67,15.12,19.16,17.89,14.73,16.7,16.25,45.8,43.4,45.7,47.8,45.1,46.1,46.6,44.1,43.8
"2026-09-29 13:03:00",129629,11.78,37.4,895,895,895,894,894,895,895,895,894,18.04,20.77,16.15,15.3,19.25,18.61,15.47,17.42,16.56,45.6,43.5,45.6,47.6,45,46,46.4,44,43.7
"2026-09-29 13:04:00",129630,11.79,37.41,895,895,895,894,894,895,895,895,894,18.12,23.33,16.22,17.01,19.58,19.61,15.78,17.65,16.81,45.5,43.6,45.5,47.3,44.9,46,46.3,44,43.6
"2026-09-29 13:05:00",129631,11.73,37.42,895,895,895,894,894,895,895,895,894,18.16,26.03,16.51,17.45,18.9,18.42,15.62,17.4,16.29,45.5,43.8,45.3,47.1,44.8,46,46.2,43.9,43.6
"2026-09-29 13:06:00",129632,11.76,37.43,895,895,895,894,894,895,895,895,894,17.49,27.96,16.4,17.71,20.09,18.86,15.35,17.31,16.39,45.3,44,45.3,47,44.8,46,46.1,43.9,43.6
"2026-09-29 13:07:00",129633,11.74,37.44,895,895,895,895,894,895,895,895,894,18.01,29.55,16.15,17.26,19.26,18.56,14.92,17.25,16.34,45.2,44.2,45.2,46.9,44.8,46,46,43.9,43.6
"2026-09-29 13:08:00",129634,11.78,37.45,895,895,895,895,894,895,895,895,894,18.31,31.06,16.94,17.26,19.55,18.5,14.88,16.92,16.89,45,44.4,45.1,46.9,44.7,45.9,45.9,43.9,43.6
"2026-09-29 13:09:00",129635,11.76,37.46,895,895,895,895,894,895,895,895,894,18.88,32.63,16.2,17.26,18.96,18.89,15.05,17.08,16,45,44.6,45,46.9,44.7,45.9,45.8,43.8,43.7
"2026-09-29 13:10:00",129636,11.8,37.47,895,895,895,894,894,895,895,895,894,17.65,33.1,16.05,17.32,19.2,18.12,15.18,17.08,15.38,44.9,44.7,44.9,46.6,44.7,45.9,45.8,43.8,43.6
"2026-09-29 13:11:00",129637,11.77,37.48,895,895,895,894,894,895,895,894,894,17.45,34.87,17.51,17.81,18.67,17.09,15.68,17.18,16.59,44.8,45,44.9,46.6,44.6,45.8,45.7,43.8,43.6
"2026-09-29 13:12:00",129638,11.77,37.49,895,895,895,894,894,895,895,894,894,17.79,36.09,17.26,17.14,18.82,17.52,15.2,16.7,16.7,44.7,45.2,44.8,46.5,44.6,45.7,45.6,43.8,43.6
"2026-09-29 13:13:00",129639,11.79,37.5,895,895,895,894,894,895,895,894,894,18.1,23.9,17.11,17.21,19.75,17.82,15.3,17.74,16.35,44.4,45.2,44.8,46.4,44.5,45.6,45.4,43.7,43.6
"2026-09-29 13:14:00",129640,11.72,37.51,895,895,895,894,894,895,895,894,894,18.04,18.24,17.92,16.79,20.09,18.55,16.04,17.53,16.4,44.3,45.1,44.7,46.2,44.4,45.4,45.3,43.6,43.6
"2026-09-29 13:15:00",129641,11.76,37.52,895,895,895,894,894,895,895,894,894,18.46,16.44,21.55,18.62,18.99,19.56,16.46,17.41,16.89,44.3,45,44.8,46.1,44.3,45.3,45.3,43.6,43.6
"2026-09-29 13:16:00",129642,11.76,37.54,895,894,895,894,894,895,895,894,894,18.01,16.69,24.92,16.63,19.52,18.54,15.34,16.94,16.02,44.2,44.9,44.8,46,44.3,45.1,45.2,43.5,43.5
"2026-09-29 13:17:00",129643,11.81,37.55,895,894,895,894,894,895,895,894,894,16.79,14.78,28.03,16.83,18.22,17.99,15.16,16.79,16.43,44.1,44.6,44.9,45.9,44.2,44.9,45.1,43.4,43.5
"2026-09-29 13:18:00",129644,11.8,37.56,895,894,895,894,894,895,895,894,894,17.55,15.1,30.8,15.54,18.04,17.99,14.76,16.66,15.41,44,44.2,44.9,45.7,44,44.7,44.9,43.3,43.4
"2026-09-29 13:19:00",129645,11.74,37.57,895,894,895,894,894,895,895,894,894,18.34,15.61,33.28,18.5,19.81,18.73,15.15,17.59,15.7,43.8,43.8,45,45.5,43.9,44.5,44.7,43.2,43.3
"2026-09-29 13:20:00",129646,11.75,37.58,895,894,895,894,894,895,895,894,894,19.17,16.54,35.65,17.89,20,19.98,15.61,17.03,16.27,43.7,43.6,45,45.4,43.9,44.4,44.6,43,43.2
"2026-09-29 13:21:00",129647,11.75,37.59,895,894,895,894,894,895,895,894,894,18.84,16.79,38.01,18.2,20.12,19.6,15.74,17.25,16.33,43.7,43.5,45,45.3,43.8,44.3,44.5,43,43.2
"2026-09-29 13:22:00",129648,11.79,37.6,895,894,895,894,894,895,895,894,894,18.64,15.41,40.22,17.9,19.45,18.94,15.62,17.07,15.86,43.8,43.4,45,45.1,43.7,44.3,44.5,42.9,43.2
"2026-09-29 13:23:00",129649,11.75,37.61,895,894,895,894,894,895,894,894,894,17.85,16.59,42.36,18.44,20.06,20.12,15.85,16.89,15.79,43.8,43.3,45.1,45,43.6,44.2,44.5,42.9,43.2
"2026-09-29 13:24:00",129650,11.75,37.62,895,894,895,894,894,894,894,894,894,18.25,16.95,44.49,18.33,20.58,19.81,16.08,17.09,15.79,43.8,43.2,45.2,45,43.6,44.2,44.5,42.9,43.2
"2026-09-29 13:25:00",129651,11.78,37.63,895,894,895,894,894,894,894,894,894,18.11,15.71,31.6,17.73,19.83,19.48,15.55,16.85,15.94,43.8,43.2,45.2,44.9,43.7,44.2,44.6,42.9,43.3
"2026-09-29 13:26:00",129652,11.75,37.64,895,894,895,894,894,894,894,894,894,18.02,16.59,20.5,18.95,19.76,18.58,15.29,16.57,15.57,43.8,43.1,45,44.9,43.7,44.3,44.6,42.9,43.3
"2026-09-29 13:27:00",129653,11.78,37.66,895,894,895,894,894,894,894,894,894,18.36,16.48,19.15,18.25,18.9,20.4,16.26,17.41,16.14,43.8,43.1,44.9,44.9,43.7,44.3,44.7,42.9,43.3
"2026-09-29 13:28:00",129654,11.75,37.67,895,894,895,894,894,894,894,894,894,19.09,18.62,19.41,25.01,20.3,19.91,16.73,17.82,16.87,43.9,43.2,44.8,45,43.6,44.3,44.8,43,43.4
"2026-09-29 13:29:00",129655,11.81,37.68,895,894,895,894,894,894,894,894,894,19.02,17.82,19.44,29.05,18.83,18.87,16.05,17.45,16.74,44,43.3,44.8,45.1,43.5,44.3,44.9,43,43.4
"2026-09-29 13:30:00",129656,11.8,37.69,895,894,895,894,894,894,894,894,894,19.34,17.48,18.82,32.32,20.14,21.86,16.11,17.89,17.15,44,43.3,44.7,45.3,43.5,44.2,45,43,43.5
"2026-09-29 13:31:00",129657,11.75,37.7,895,894,895,894,894,894,894,894,894,18.25,17.68,18.29,35.24,21.52,21.9,16.58,18.14,16.31,44.1,43.3,44.7,45.5,43.5,44.2,45.2,43,43.6
"2026-09-29 13:32:00",129658,11.76,37.71,895,894,894,894,894,894,894,894,894,17.9,16,17.02,37.74,21.72,21.69,16.39,17.45,15.63,44.1,43.2,44.6,45.8,43.5,44.2,45.3,43,43.6
"2026-09-29 13:33:00",129659,11.81,37.72,895,894,894,894,894,894,894,894,894,18.32,16.32,17.36,39.81,21.48,20.38,15.9,17.41,15.71,44.2,43.1,44.5,46.1,43.6,44.2,45.5,43,43.6
"2026-09-29 13:34:00",129660,11.81,37.73,894,894,894,894,894,894,894,894,894,17.67,17.1,17.26,41.34,20.06,20.03,15.08,17.35,15.57,44.2,43.1,44.4,46.4,43.6,44.2,45.6,42.9,43.6
"2026-09-29 13:35:00",129661,11.82,37.74,894,894,894,894,894,894,894,894,894,17.9,16.55,17.52,42.56,20.43,20.43,15.39,17.44,15.91,44.1,43,44.2,46.7,43.6,44.2,45.7,42.9,43.6
"2026-09-29 13:36:00",129662,11.81,37.75,894,894,894,894,894,894,894,894,894,17.92,17.12,17.87,43.21,20.44,21.01,15.14,17.42,16.33,44.1,43,44.1,47,43.6,44.1,45.8,42.9,43.7
"2026-09-29 13:37:00",129663,11.74,37.77,894,894,894,894,894,894,894,894,894,18.86,17.43,19.07,44.69,20.04,20.33,14.95,18.19,16.63,44.1,43,44,47.3,43.6,44,45.9,42.8,43.7
"2026-09-29 13:38:00",129664,11.75,37.78,894,894,894,894,893,894,894,894,894,18.4,17.05,18.85,39.04,20.06,21.14,14.77,17.8,15.87,44.1,42.9,44,47.4,43.6,44,45.9,42.7,43.7
"2026-09-29 13:39:00",129665,11.77,37.79,894,894,894,894,894,894,894,894,894,18.26,17.38,18.51,21.3,21.36,21.59,15.27,18.02,15.92,44.1,42.8,44,47.3,43.6,43.9,45.9,42.6,43.7
"2026-09-29 13:40:00",129666,11.75,37.8,894,894,894,894,894,894,894,894,894,17.98,17.7,18.18,17.69,25.05,20.15,14.59,18.02,15.86,43.7,42.7,43.5,46.9,43.4,43.6,45.7,42.6,43.4
"2026-09-29 13:41:00",129667,11.8,37.81,894,894,894,894,893,894,894,894,893,17.77,16.56,17.94,16.78,28.18,19.52,14.27,17.33,15.63,43.2,42.1,43.1,46.4,43.3,43.3,45.3,42.1,43
"2026-09-29 13:42:00",129668,11.76,37.82,894,894,894,894,893,894,894,894,893,18.34,18.06,18.52,19.34,31.71,20,15.37,17.83,15.58,43.3,42.1,43.2,46.2,43.4,43.2,45.3,42,43
"2026-09-29 13:43:00",129669,11.81,37.84,894,894,894,894,893,894,894,894,893,18.55,17.75,18.61,18.77,35.35,19.82,15.31,18.29,15.57,43.3,42.2,43.2,46,43.5,43.2,45.3,41.9,43
"2026-09-29 13:44:00",129670,11.76,37.85,894,894,894,894,893,894,894,894,893,19.16,17.3,18.94,19.97,38.73,20.21,14.93,18.42,15.94,43.3,42.3,43.2,45.9,43.6,43.1,45.2,41.9,43
"2026-09-29 13:45:00",129671,11.79,37.86,894,894,894,894,893,894,894,894,893,18.49,18.21,18.33,20.57,41.9,20.95,14.59,18.24,15.06,43.4,42.4,43.2,45.7,43.8,43.1,45.2,41.9,43
"2026-09-29 13:46:00",129672,11.77,37.87,894,894,894,894,893,894,894,894,893,18.45,17.39,18.05,20.23,44.87,20.65,15.08,18.12,15.59,43.4,42.5,43.2,45.7,44,43.1,45.2,41.9,43.1
"2026-09-29 13:47:00",129673,11.74,37.89,894,894,894,894,893,894,894,894,893,18.21,17.16,17.51,20.14,47.64,20.59,15.45,17.92,15.58,43.5,42.5,43.2,45.6,44.1,43.2,45.2,42,43.2
"2026-09-29 13:48:00",129674,11.73,37.9,894,894,894,894,893,894,894,894,893,17.93,16.25,18.47,16.69,50.35,19.89,14.98,17.73,15.72,43.5,42.5,43.3,45.5,44.3,43.2,45.2,42,43.3
"2026-09-29 13:49:00",129675,11.79,37.91,894,894,894,894,893,894,894,894,893,18.43,17.18,18.16,18.89,53.03,21.81,15.28,18.28,15.81,43.6,42.6,43.3,45.5,44.6,43.3,45.2,42.1,43.4
"2026-09-29 13:50:00",129676,11.74,37.92,894,894,894,894,893,894,894,894,893,18.47,17.26,17.7,17.84,44.05,21.29,14.99,17.67,15.74,43.7,42.7,43.3,45.5,44.8,43.4,45.2,42.1,43.5
"2026-09-29 13:51:00",129677,11.77,37.94,894,894,894,894,893,894,894,894,893,17.61,16.27,16.63,16.32,22.72,19.7,14.27,17.35,14.52,43.7,42.8,43.4,45.4,44.7,43.5,45.3,42.2,43.6
"2026-09-29 13:52:00",129678,11.75,37.95,894,894,894,894,893,894,894,894,893,17.35,15.03,17.28,16.58,21.84,19.7,14.59,17.06,14.39,43.8,42.9,43.4,45.4,44.6,43.5,45.3,42.3,43.6
"2026-09-29 13:53:00",129679,11.75,37.96,894,894,894,894,893,894,894,894,893,17.37,15.22,16.66,16.14,18.87,26.38,13.61,16.83,14.68,43.8,43,43.4,45.3,44.5,43.9,45.4,42.4,43.7
"2026-09-29 13:54:00",129680,11.75,37.98,894,894,894,894,893,894,894,894,893,17.81,15.19,17.5,16.37,19.47,30.67,13.78,17.06,15.23,43.9,42.8,43.4,45.2,44.3,44.2,45.3,42.3,43.8
"2026-09-29 13:55:00",129681,11.82,37.99,894,894,894,894,893,894,894,894,893,17.35,15.83,16.61,17,20.02,34.54,14.27,17.01,14.39,43.9,42.8,43.3,45,44.2,44.5,45.3,42.3,43.8
"2026-09-29 13:56:00",129682,11.79,38,894,894,894,894,893,894,894,894,893,16.85,16.17,16.81,17.01,20.05,37.57,14.26,17.17,14.74,44,42.8,43.3,45,44.1,44.8,45.3,42.3,43.9
"2026-09-29 13:57:00",129683,11.76,38.02,894,894,894,894,893,894,894,894,893,16.79,15.61,17.45,16.23,20.06,40.19,14.51,16.92,14.52,44,42.9,43.3,45,44,45.2,45.3,42.3,44
"2026-09-29 13:58:00",129684,11.8,38.03,894,894,894,894,893,894,894,894,893,17.98,16.38,18.07,18.11,20.88,42.67,14.51,17.33,15.21,44.1,42.9,43.4,45,44,45.6,45.4,42.4,44.1
"2026-09-29 13:59:00",129685,11.74,38.05,894,894,894,894,893,894,894,894,893,17.53,17.15,17.97,19.37,20.55,44.69,15.06,17.69,14.51,44,43,43.2,45,43.7,45.7,45.3,42.4,44.1
"2026-09-29 14:00:00",129686,11.77,38.06,894,894,894,894,893,894,894,894,893,17.58,17.12,17.89,19.91,21.33,46.48,14.43,17.01,14.74,44,42.9,43.3,45,43.7,46.1,45.5,42.3,44.2
"2026-09-29 14:01:00",129687,11.77,38.08,894,894,894,893,893,894,894,894,893,17.56,17.31,17.88,18.96,20.06,47.93,14.86,17.87,14.69,44.1,43.1,43.4,45,43.7,46.4,45.6,42.4,44.3
"2026-09-29 14:02:00",129688,11.8,38.09,894,894,894,893,893,894,894,894,893,17.62,16.6,18.1,19.87,20.96,49.73,15.19,17.43,14.61,44.1,43.3,43.5,45.2,43.7,46.8,45.8,42.5,44.5
"2026-09-29 14:03:00",129689,11.8,38.1,894,894,894,893,893,894,894,894,893,17.3,15.07,17.48,17.58,21.07,45.58,14.08,17.04,14.12,44.2,43.4,43.6,45.3,43.6,46.9,46,42.5,44.6
"2026-09-29 14:04:00",129690,11.75,38.12,894,894,894,893,893,894,894,894,893,17.66,15.73,17.39,18.27,21.24,22.09,14.17,17.21,13.93,44.3,43.4,43.7,45.4,43.6,46.9,46.2,42.6,44.7
"2026-09-29 14:05:00",129691,11.81,38.14,894,894,894,893,893,894,894,894,893,17.62,16.97,17.86,19.03,20.22,21.1,16.68,17.16,14.13,44.3,43.5,43.7,45.4,43.7,46.8,46.4,42.7,44.9
"2026-09-29 14:06:00",129692,11.8,38.15,894,894,894,893,893,894,894,894,893,17.69,16.9,18.26,19.29,19.77,21.01,19.31,17.25,14.13,44.4,43.6,43.9,45.5,43.6,46.6,46.8,42.7,45
"2026-09-29 14:07:00",129693,11.77,38.17,894,894,894,893,893,894,894,893,893,18.1,15.65,17.17,16.86,19.77,19.86,21.51,16.92,14.04,44.5,43.7,44.1,45.5,43.6,46.4,47.1,42.8,45.1
"2026-09-29 14:08:00",129694,11.75,38.18,894,894,894,893,893,894,894,893,893,16.84,15.23,16.88,18.12,20.63,20.13,23.32,16.13,14.06,44.6,43.6,44.2,45.6,43.5,46.2,47.5,42.8,45.3
"2026-09-29 14:09:00",129695,11.76,38.2,894,894,894,893,893,894,894,893,893,16.8,15.91,16.65,18.8,20.81,21.28,24.93,16.13,14.04,44.8,43.7,44.4,45.7,43.6,46,47.9,42.8,45.4
"2026-09-29 14:10:00",129696,11.81,38.21,894,894,894,893,893,894,894,893,893,16.82,16.63,16.71,18.57,19.78,20.97,25.71,17.14,13.93,45,43.7,44.6,45.7,43.7,45.9,48.2,42.8,45.6
"2026-09-29 14:11:00",129697,11.82,38.23,894,894,894,893,893,894,894,893,893,16.66,16.31,16.27,16.98,20.06,19.42,27.77,17.14,13.58,45.2,43.8,44.8,45.8,43.8,45.7,48.8,42.8,45.7
"2026-09-29 14:12:00",129698,11.81,38.25,894,894,894,893,893,894,894,894,893,16.81,16.01,16.6,17.23,19.76,20.36,28.88,16.49,13.39,45.4,43.9,45,45.9,43.8,45.6,49.2,43,45.8
"2026-09-29 14:13:00",129699,11.76,38.27,894,894,894,893,893,894,894,893,893,16.31,16.39,16.2,18.77,20.66,19.34,28.88,17.04,12.92,45.7,44.1,45.3,46,44,45.6,49.2,43,46
"2026-09-29 14:14:00",129700,11.78,38.28,894,894,894,893,893,894,894,893,893,16,15.99,16.53,17.69,20.35,20.95,30.81,16.48,13.34,46,44.2,45.5,46.1,44.1,45.5,50.1,43.1,46.2
"2026-09-29 14:15:00",129701,11.8,38.3,894,894,894,893,893,894,894,893,893,16.33,16.5,16.03,17.37,19.81,21.09,27.71,17.06,12.99,46.2,44.4,45.8,46.2,44.2,45.5,50.4,43.2,46.3
"2026-09-29 14:16:00",129702,11.75,38.32,894,894,894,893,893,894,894,893,893,16.44,16.27,16.15,18.89,19.51,21.55,15.63,17.14,13.59,46.3,44.7,46,46.4,44.4,45.5,50.7,43.3,46.5
"2026-09-29 14:17:00",129703,11.79,38.34,894,893,894,893,893,894,894,893,893,16.15,17.12,16.09,18.6,18.91,21.36,13.04,17.7,13.28,46.8,44.8,46.3,46.5,44.5,45.6,50.8,43.5,46.7
"2026-09-29 14:18:00",129704,11.8,38.36,894,893,894,893,893,894,894,893,893,15.99,16.18,15.84,19.09,17.54,19.39,11.78,21.41,13.33,46.8,44.9,46.2,46.5,44.4,45.6,50.8,43.7,46.7
"2026-09-29 14:19:00",129705,11.78,38.37,894,893,894,893,893,894,894,893,893,16.03,15.6,15.34,18.03,17.55,18.14,11.09,24.02,13.09,46.7,44.8,46.2,46.4,44.3,45.5,50.7,43.8,46.5
"2026-09-29 14:20:00",129706,11.76,38.39,894,893,894,893,893,894,894,893,893,15.6,15.78,15.08,17.77,17.02,17.91,11.31,26.05,13.51,46.3,44.6,46,46,43.7,45,50.1,43.9,46.1
"2026-09-29 14:21:00",129707,11.76,38.41,894,893,894,893,893,894,894,893,893,15.46,15.23,15.18,17.8,17.5,17.87,11.37,26.95,13.3,45.8,44,45.3,45.7,43.3,44.6,49.7,43.7,45.6
"2026-09-29 14:22:00",129708,11.8,38.43,894,893,894,893,893,894,894,893,893,16.38,16,15.86,17.43,19.1,20.16,12.17,28.39,14.02,45.3,43.6,44.8,45.2,42.8,44.2,49,43.8,45.2
"2026-09-29 14:23:00",129709,11.79,38.45,894,893,894,893,893,894,894,893,893,16.32,16.35,16.55,17.54,19.17,19.79,12.06,29.25,13.83,44.6,43,44.2,44.6,42.2,43.5,48.2,43.5,44.5
"2026-09-29 14:24:00",129710,11.79,38.47,894,893,894,893,893,894,894,893,893,16.65,16.48,16.17,18.54,19.67,19.57,13,30.18,14.02,43.9,42.4,43.5,44,41.7,43,47.4,43.2,43.8
"2026-09-29 14:25:00",129711,11.76,38.49,894,893,894,893,893,894,894,893,893,17.55,16.49,17.36,18.38,20.71,19.29,12.86,31.03,14.69,43.5,42,43.2,43.6,41.5,42.6,46.8,42.9,43.3
"2026-09-29 14:26:00",129712,11.82,38.51,894,893,894,893,893,894,893,893,893,17.93,16.55,17.66,19.6,21.7,21.16,14.06,33.18,15.38,43.5,42.1,43.1,43.5,41.5,42.6,46.5,43,43.3
"2026-09-29 14:27:00",129713,11.8,38.53,894,893,894,893,893,894,893,893,893,18.07,17.71,17.73,18.07,21.57,20.63,14.03,35.64,15.33,43.5,42.2,43.2,43.4,41.5,42.6,46.4,43.2,43.2
"2026-09-29 14:28:00",129714,11.77,38.55,894,893,894,893,893,894,893,893,893,18.31,16.87,17.97,20.11,22.7,21.54,14.82,26.69,15.6,43.6,42.3,43.3,43.3,41.6,42.6,46.3,43.4,43.3
"2026-09-29 14:29:00",129715,11.8,38.57,894,893,894,893,893,893,893,893,893,18.08,18.07,18.12,19.85,22.35,21.78,15.16,20.31,15.57,43.7,42.3,43.5,43.3,41.8,42.8,46.3,43.5,43.4
"2026-09-29 14:30:00",129716,11.77,38.59,894,893,894,893,893,894,893,893,893,18.03,17.63,17.97,21.13,22.03,20.31,14.03,20.31,18.04,43.8,42.3,43.5,43.3,41.8,42.9,46.3,43.5,43.5
"2026-09-29 14:31:00",129717,11.76,38.61,894,893,894,893,893,894,893,893,893,17.55,16.51,17.27,19.04,21.48,20.72,14.44,17.21,20.59,44,42.3,43.8,43.4,42,43.1,46.5,43.7,43.8
"2026-09-29 14:32:00",129718,11.81,38.63,894,893,894,893,893,893,893,893,893,17.29,17.05,17.33,19.05,21.89,20.38,13.97,17.03,22.82,44.2,42.4,44,43.5,42.2,43.3,46.6,43.8,44.1
"2026-09-29 14:33:00",129719,11.78,38.65,894,893,894,893,893,893,893,893,893,16.95,16,16.58,18.86,20.76,20.04,13.34,16.38,24.74,44.3,42.5,44.2,43.6,42.3,43.5,46.7,44,44.5
"2026-09-29 14:34:00",129720,11.78,38.67,894,893,894,893,893,893,893,893,893,17.41,17.08,17.14,19.44,21.18,19.91,13.4,16.36,26.27,44.5,42.5,44.4,43.6,42.5,43.7,46.8,44.1,44.9
"2026-09-29 14:35:00",129721,11.78,38.69,894,893,894,893,893,894,893,893,893,17.78,17.62,16.73,18.75,20.46,18.26,13.4,16.61,27.66,44.7,42.6,44.6,43.7,42.6,43.9,46.9,44.1,45.3
"2026-09-29 14:36:00",129722,11.82,38.71,894,893,894,893,893,894,893,893,893,17.53,16.54,17.15,18.09,21.03,19.6,12.97,15.67,29,45,42.6,44.8,43.7,42.7,44,46.9,44.1,45.6
"2026-09-29 14:37:00",129723,11.77,38.73,894,893,894,893,893,894,893,893,893,17.25,16.93,16.95,20.27,22.39,21.04,14.3,16.58,30.06,45.2,42.7,45,43.8,42.8,44.2,47,44.1,46
"2026-09-29 14:38:00",129724,11.76,38.75,894,893,894,893,893,894,893,893,893,17.12,17.32,17.29,21.02,18.71,20.59,14.54,17.68,31.15,45.5,42.9,45.2,43.8,42.9,44.4,47.2,44.1,46.4
"2026-09-29 14:39:00",129725,11.81,38.76,894,893,894,893,893,894,893,893,893,17.15,17.75,16.94,20.75,20.44,19.57,14.18,17.25,32.13,45.7,43.1,45.3,43.9,42.8,44.6,47.4,44.2,46.8
"2026-09-29 14:40:00",129726,11.75,38.78,894,893,894,893,893,894,893,893,893,16.09,17.27,16.49,20.41,19.77,18.65,13.4,16.32,27.45,45.7,43.2,45.3,43.8,42.6,44.6,47.3,44.1,46.9
"2026-09-29 14:41:00",129727,11.79,38.8,894,893,894,893,893,894,893,893,893,15.6,15.25,14.97,17.49,19.51,18.47,12.54,15.51,15.88,45.3,42.8,44.9,43.4,42.2,44.3,46.8,43.7,46.5
"2026-09-29 14:42:00",129728,11.79,38.82,894,893,894,893,893,893,893,893,893,16.67,16.61,16.76,19.6,20.51,18.91,13.89,16.05,14.74,45,42.5,44.6,43.2,41.8,44,46.5,43.3,46.2
"2026-09-29 14:43:00",129729,11.77,38.84,894,893,894,893,893,893,893,893,893,18.91,16.97,16.74,20.08,21.17,19.49,13.86,16.37,14.75,44.5,42.1,44.1,42.7,41.4,43.5,46,42.9,45.9
"2026-09-29 14:44:00",129730,11.79,38.86,894,893,894,893,893,893,893,893,893,21.07,17.04,16.6,20.97,22.62,20.38,14.41,17.04,14.44,44.5,42,44.1,42.7,41.5,43.5,45.8,42.5,45.3
"2026-09-29 14:45:00",129731,11.74,38.88,894,893,894,893,893,893,893,893,893,23.05,17.78,17.64,20.64,23.04,20.82,14.76,18.2,15.41,44.6,42.2,44.1,42.7,41.5,43.5,45.8,42.4,45.2
"2026-09-29 14:46:00",129732,11.77,38.9,894,893,894,893,893,893,893,893,893,24.73,16.44,16.51,19.26,21.56,20.56,14.12,17.9,14.8,44.8,42.2,44,42.7,41.5,43.5,45.8,42.3,45.1
"2026-09-29 14:47:00",129733,11.81,38.92,894,893,894,893,893,893,893,893,893,26.21,16.5,16.95,20.39,22.32,20.37,14.26,17.4,14.48,44.6,42,43.7,42.4,41.2,43.2,45.5,42.1,44.6
"2026-09-29 14:48:00",129734,11.77,38.94,894,893,894,893,893,893,893,893,893,27.31,17.18,17.23,20.9,22.89,21.09,14.94,17.57,15.26,44.2,41.5,43.1,41.9,40.7,42.8,45,41.7,44
"2026-09-29 14:49:00",129735,11.8,38.96,894,893,894,893,893,893,893,893,893,28.37,17.16,17.84,20.7,22.16,20.3,15.62,18.87,15.34,43.8,40.9,42.6,41.5,40.3,42.3,44.5,41.2,43.3
"2026-09-29 14:50:00",129736,11.82,38.98,894,893,894,893,893,893,893,893,893,29.5,18.48,18.83,20.87,23.1,21.54,16.37,19.3,16.46,43.6,40.5,42.3,41.2,40.1,42,44.2,40.8,42.9
"2026-09-29 14:51:00",129737,11.8,39,894,893,893,893,893,893,893,893,893,30.77,19.35,19.28,22.76,24.62,22.84,16.71,19.68,16.75,43.4,40.4,42,41,40,41.7,43.9,40.5,42.6
"2026-09-29 14:52:00",129738,11.8,39.02,894,893,893,893,893,893,893,893,893,31.97,17.84,18.94,22.32,24.76,23.62,17.17,19.99,16.33,43.6,40.5,42,41,40.2,41.7,43.9,40.5,42.5
"2026-09-29 14:53:00",129739,11.76,39.04,894,893,893,893,893,893,893,893,893,23.27,17.58,18.46,23.49,25.54,24.11,16.64,19.54,16.53,43.7,40.7,42.1,41,40.3,41.8,44,40.5,42.5
"2026-09-29 14:54:00",129740,11.76,39.05,894,893,893,893,893,893,893,893,893,18.25,16.05,17.63,20.35,22.45,20.24,14.17,17.56,15.69,43.7,40.7,42.2,41.1,40.4,41.9,44.1,40.5,42.5
"2026-09-29 14:55:00",129741,11.76,39.07,894,893,893,893,893,893,893,893,893,18.96,19.76,18.31,21.88,21.96,20.52,15.33,19.79,16.93,43.8,41,42.3,41.2,40.5,42.1,44.3,40.5,42.7
"2026-09-29 14:56:00",129742,11.76,39.09,893,893,893,893,892,893,893,893,893,18.53,23.59,18.31,21.81,22.53,22.17,14.96,18.7,16.16,44.1,41.4,42.5,41.3,40.7,42.4,44.5,40.7,42.8
"2026-09-29 14:57:00",129743,11.81,39.11,893,893,893,893,892,893,893,893,893,17.26,26.2,17.92,22.58,22.98,22.07,15.29,19.23,15.55,44.3,41.9,42.8,41.4,40.9,42.7,44.8,40.9,43
"2026-09-29 14:58:00",129744,11.79,39.13,893,893,893,893,892,893,893,893,893,17.81,28.44,17.58,22.34,22.78,21.38,15.03,18.76,15.37,44.5,42.5,43,41.5,41.1,43,45.1,41.1,43.2
"2026-09-29 14:59:00",129745,11.82,39.15,893,893,893,893,892,893,893,893,893,16.83,30.56,17.2,20.61,22.17,20.43,14.92,18.65,15.42,44.6,43.1,43.3,41.7,41.3,43.3,45.5,41.4,43.4
"2026-09-29 15:00:00",129746,11.77,39.17,893,893,893,893,892,893,893,893,893,17.07,32.31,17.49,20.25,21.71,20.37,14.04,17.77,15.31,44.8,43.6,43.6,41.8,41.5,43.6,45.8,41.7,43.7
"2026-09-29 15:01:00",129747,11.77,39.18,893,893,893,893,892,893,893,893,893,16.72,33.47,16.95,21.01,22.35,20.52,14.5,18.06,15.21,45,44.2,43.9,42,41.8,43.9,46,42,43.9
"2026-09-29 15:02:00",129748,11.75,39.2,893,893,893,893,892,893,893,893,892,16.32,34.71,16.43,20.59,21.19,20.61,13.79,17.62,15.14,45.1,44.7,44.1,42.1,42,44.2,46.3,42.2,44.1
"2026-09-29 15:03:00",129749,11.77,39.22,893,893,893,893,892,893,893,893,893,16.54,35.65,16.43,20.82,22.23,20.17,14.02,17.61,14.82,45.2,45.2,44.3,42.3,42.3,44.5,46.6,42.5,44.3
"2026-09-29 15:04:00",129750,11.74,39.24,893,893,893,893,892,893,893,893,893,15.67,36.88,15.98,20.18,21.5,20.1,13.93,17.3,14.43,45.3,45.7,44.5,42.4,42.5,44.8,46.9,42.7,44.5
"2026-09-29 15:05:00",129751,11.77,39.26,893,893,893,893,892,893,893,893,892,16.37,37.39,16.01,20.07,21.45,19.13,13.41,17.64,14.86,45.4,46.1,44.7,42.5,42.7,45,47.1,42.9,44.7
"2026-09-29 15:06:00",129752,11.78,39.27,893,893,893,893,892,893,893,893,892,15.52,17.33,15.33,19.96,20.77,18.89,13.1,16.75,13.91,45.4,46.2,44.8,42.6,42.9,45.2,47.3,43.1,44.8
"2026-09-29 15:07:00",129753,11.81,39.29,893,893,893,893,892,893,893,893,893,15.54,15.1,17.69,19.86,19.47,18.51,12.63,16.54,13.81,45.5,46.2,44.9,42.7,43.1,45.4,47.5,43.3,44.8
"2026-09-29 15:08:00",129754,11.78,39.31,893,893,893,893,892,893,893,893,892,16.04,14.76,21.56,20.5,20.81,19.05,13.18,16.09,14.16,45.6,46.3,45.1,42.8,43.3,45.5,47.7,43.4,44.9
"2026-09-29 15:09:00",129755,11.78,39.33,893,893,893,893,892,893,893,893,892,15.79,14.23,24.83,19.11,19.64,19.05,12.25,16.43,13.81,45.6,46.3,45.3,42.8,43.5,45.5,47.9,43.6,45
"2026-09-29 15:10:00",129756,11.81,39.35,893,893,893,893,892,893,893,893,892,15.77,13.3,27.66,18.98,19.23,17.76,12.28,15.65,13.27,45.6,46.2,45.5,42.9,43.6,45.7,48,43.7,45.1
"2026-09-29 15:11:00",129757,11.82,39.37,893,893,893,893,892,893,893,893,892,15.1,12.86,30.03,18.14,18.42,17.59,11.94,15.59,12.61,45.6,46,45.7,42.9,43.8,45.8,48.1,43.8,45
"2026-09-29 15:12:00",129758,11.8,39.39,893,893,893,893,892,893,893,893,892,15.17,13.17,32.34,17.52,18.5,16.38,11.47,14.77,12.77,45.6,45.9,45.9,42.9,43.9,45.9,48.1,43.9,45
"2026-09-29 15:13:00",129759,11.82,39.41,893,893,893,893,892,893,893,893,892,15.55,14.51,34.47,19.27,19.04,18.38,12,15.33,13.45,45.6,45.8,46.2,42.9,44.1,45.9,48.2,43.9,45
"2026-09-29 15:14:00",129760,11.77,39.43,893,893,893,893,892,893,893,893,892,15.69,14.39,36.3,18.68,18.87,18.21,12.45,15.5,13.54,45.7,45.8,46.3,42.9,44.3,46,48.3,44,45
"2026-09-29 15:15:00",129761,11.76,39.45,893,893,893,893,892,893,893,893,892,15.49,14.65,37.94,19.75,18.57,17.73,12.25,15.72,13.75,45.7,45.9,46.6,42.9,44.4,46.1,48.4,44.1,45
"2026-09-29 15:16:00",129762,11.75,39.47,893,893,893,893,892,893,893,893,892,15.98,13.81,37.94,18.61,18.85,17.35,11.87,15.55,13.84,45.7,45.8,46.6,43,44.5,46.2,48.4,44.1,45.1
"2026-09-29 15:17:00",129763,11.76,39.49,893,893,893,893,892,893,893,893,892,16.04,13.72,40.74,19.83,18.06,17.93,12.18,15.37,13.75,45.7,45.7,46.9,43,44.6,46.2,48.4,44.1,45.1
"2026-09-29 15:18:00",129764,11.76,39.51,893,893,893,893,892,893,893,893,892,15.83,14.07,20.72,20.62,19.57,19.01,12.38,16.01,14.17,45.7,45.7,46.9,43,44.7,46.2,48.5,44.1,45.1
"2026-09-29 15:19:00",129765,11.8,39.53,893,893,893,893,892,893,893,893,892,15.86,14.57,16.81,20.53,19.23,18.14,12.24,15.92,14,45.7,45.7,46.9,43,44.8,46.3,48.5,44.2,45.1
"2026-09-29 15:20:00",129766,11.76,39.55,893,893,893,893,892,893,893,893,892,15.49,13.92,15.75,24.94,17.67,16.57,11.23,15.15,13.83,45.8,45.7,46.8,43.1,44.9,46.2,48.5,44.2,45.2
"2026-09-29 15:21:00",129767,11.82,39.57,893,893,893,893,892,893,893,893,892,15.36,13.46,15.49,29.67,18.85,16.64,11.2,14.67,13.84,45.7,45.6,46.8,43.3,44.9,46.2,48.4,44.1,45.2
"2026-09-29 15:22:00",129768,11.81,39.59,893,893,893,893,892,893,893,893,892,15.4,14.71,16.19,33.73,18.79,18.32,12.18,15.92,14.46,45.7,45.5,46.7,43.4,45,46.1,48.4,44,45.2
"2026-09-29 15:23:00",129769,11.75,39.61,893,893,893,893,892,893,893,893,892,15.47,13.98,15.43,36.86,18,17.85,11.78,15.52,13.89,45.6,45.4,46.6,43.6,45,46.1,48.3,43.9,45.2
"2026-09-29 15:24:00",129770,11.75,39.64,893,893,893,893,892,893,893,893,892,15.99,14.28,14.7,38.37,18.9,17.77,12.73,16.08,13.53,45.6,45.2,46.5,43.7,45,46,48.2,43.8,45.2
"2026-09-29 15:25:00",129771,11.79,39.66,893,893,893,893,892,893,893,893,892,15.37,13.5,15.14,42.34,18.93,18.99,12.84,16.46,13.73,45.5,45.1,46.4,44,45,46,48.2,43.8,45.1
"2026-09-29 15:26:00",129772,11.76,39.68,893,893,893,893,892,893,893,893,892,15.74,15.25,15.33,44.68,18.85,19.11,12.74,16.45,14.14,45.5,45.1,46.3,44.3,45.1,46,48.2,43.8,45.1
"2026-09-29 15:27:00",129773,11.75,39.7,893,893,893,893,892,893,893,893,892,15.64,14.57,14.98,47.04,18.26,18.67,12.07,15.5,13.29,45.5,45.1,46.2,44.5,45.1,46,48.2,43.8,45.1
"2026-09-29 15:28:00",129774,11.78,39.72,893,893,893,893,892,893,893,893,892,16.31,15.38,15.54,48.67,18.2,18.15,12.51,16.36,14.22,45.5,45.2,46.1,44.7,45.2,46,48.2,43.9,45.1
"2026-09-29 15:29:00",129775,11.79,39.74,893,893,893,893,892,893,893,893,892,15.98,15.22,15.04,50.05,16.39,18.29,12.12,16.28,14.22,45.5,45.3,46,44.9,45.1,46,48.2,44,45
"2026-09-29 15:30:00",129776,11.77,39.76,893,893,893,893,892,893,893,893,892,16.22,14.53,15.54,46.58,16.13,18.12,12.76,16.17,14.54,45.4,45.3,45.7,45,44.8,45.8,48,43.9,44.9
"2026-09-29 15:31:00",129777,11.78,39.78,893,893,893,893,892,893,893,893,892,15.97,15.07,16.07,28.09,17.21,19.22,12.6,15.4,13.72,45,44.9,45.2,44.7,44.4,45.5,47.6,43.7,44.5
"2026-09-29 15:32:00",129778,11.77,39.8,893,893,893,893,892,893,893,893,892,15.74,14.54,15.48,23.11,18.9,16.39,11.56,14.93,13.41,44.7,44.4,44.8,44.4,44.1,45.2,47.3,43.4,44.1
"2026-09-29 15:33:00",129779,11.79,39.83,893,893,893,893,892,893,893,893,892,16.11,14.32,16.06,21.72,23.31,18.05,11.98,14.9,13.71,44.6,44.5,44.7,44.3,44.1,45,47.1,43.3,44
"2026-09-29 15:34:00",129780,11.81,39.85,893,893,893,893,892,893,893,893,892,15.94,14.51,16,21.16,27.19,19.1,12.61,15.35,14.44,44.5,44.5,44.5,44.1,44.2,44.9,46.9,43.3,43.8
"2026-09-29 15:35:00",129781,11.8,39.87,893,893,893,893,892,893,893,893,892,15.5,14.54,15.67,20.75,30.77,17.73,12.14,15.76,13.95,44.4,44.5,44.4,44,44.3,44.8,46.8,43.3,43.8
"2026-09-29 15:36:00",129782,11.81,39.89,893,893,893,892,892,893,893,893,892,15.41,13.61,15.31,19.07,33.96,18.1,12.46,15.2,13.72,44.3,44.6,44.3,43.9,44.3,44.8,46.8,43.3,43.6
"2026-09-29 15:37:00",129783,11.8,39.91,893,893,893,892,892,893,893,893,892,15.63,14.05,15.27,18.55,36.76,18.1,12.54,15.23,13.83,44.2,44.6,44.2,43.7,44.5,44.8,46.7,43.3,43.6
"2026-09-29 15:38:00",129784,11.76,39.94,893,893,893,892,892,893,893,893,892,16.26,13.44,15.58,18.12,39.34,17.81,12.29,14.82,13.78,44.2,44.7,44.2,43.6,44.6,44.7,46.7,43.3,43.5
"2026-09-29 15:39:00",129785,11.75,39.96,893,893,893,892,892,893,893,893,892,15.98,13.39,15.54,17.73,41.68,17.9,12.89,16.03,13.92,44.2,44.7,44.2,43.4,44.8,44.7,46.6,43.3,43.5
"2026-09-29 15:40:00",129786,11.78,39.98,893,893,893,892,892,893,893,893,892,15.59,13.05,15.33,17.93,43.73,17.2,12.18,14.73,13.88,44.1,44.7,44.1,43.2,44.9,44.6,46.5,43.3,43.5
"2026-09-29 15:41:00",129787,11.79,40,893,893,893,892,892,893,893,893,892,15.2,12.68,14.56,17.66,45.59,17.1,11.72,14.6,13.38,44,44.5,44,43,45,44.5,46.4,43.2,43.4
"2026-09-29 15:42:00",129788,11.74,40.02,893,893,893,892,892,893,893,893,892,15.76,13.6,15.35,19.85,47.48,17.49,12.45,14.87,13.74,44,44.4,44,42.9,45.1,44.5,46.4,43.2,43.3
"2026-09-29 15:43:00",129789,11.79,40.05,893,893,893,892,892,893,893,893,892,15.9,14.62,16,20.22,28.52,18.04,12.88,15.74,13.98,44,44.4,43.9,42.7,45.1,44.4,46.3,43.1,43.2
"2026-09-29 15:44:00",129790,11.78,40.07,893,893,893,892,892,893,893,893,892,16.42,14.92,16.57,20.73,22.02,19.03,13.28,15.71,14.46,43.9,44.5,43.9,42.6,45,44.4,46.3,43.2,43.2
"2026-09-29 15:45:00",129791,11.81,40.09,893,893,893,892,892,893,893,893,892,16.24,14.92,16.14,20.68,20.91,22.32,13.55,15.91,14.54,43.9,44.6,43.9,42.5,44.9,44.4,46.2,43.2,43.1
"2026-09-29 15:46:00",129792,11.78,40.11,893,893,893,892,892,893,893,893,892,16.69,14.23,17.18,21.76,21.14,26.66,13.97,16.44,15.45,43.8,44.7,43.9,42.5,44.8,44.5,46.2,43.2,43.1
"2026-09-29 15:47:00",129793,11.76,40.14,893,893,893,892,892,893,893,893,892,16.37,13.46,16.17,19.35,19.69,30.39,12.91,15.36,15,43.7,44.7,43.9,42.4,44.7,44.7,46.2,43.2,43.1
"2026-09-29 15:48:00",129794,11.83,40.16,893,893,893,892,892,893,893,893,892,16.52,14.34,17.35,21.65,19.08,32.1,13.53,15.83,15.24,43.7,44.5,43.9,42.4,44.6,44.7,46.1,43.2,43.1
"2026-09-29 15:49:00",129795,11.75,40.18,893,893,893,892,892,893,893,893,892,16.59,15.09,16.64,21.42,19.55,36.58,13.83,15.98,14.88,43.6,44.5,43.9,42.3,44.5,45,46,43.1,43
"2026-09-29 15:50:00",129796,11.82,40.21,893,893,893,892,892,893,893,893,892,17.41,15.05,16.89,20.12,19.01,39.2,13.46,15.99,15.5,43.5,44.4,43.8,42.3,44.3,45.2,45.9,43.1,43
"2026-09-29 15:51:00",129797,11.82,40.23,893,893,893,892,892,893,893,893,892,16.95,14.33,17.22,21.03,19.55,41.37,13.61,16.03,15.5,43.4,44.3,43.8,42.2,44.2,45.3,45.8,43,42.9
"2026-09-29 15:52:00",129798,11.76,40.25,893,893,893,892,892,893,893,893,892,16.5,14.8,16.28,21.51,19,43.42,13.97,16.43,15.01,43.3,44.2,43.7,42.1,44,45.5,45.7,42.9,42.8
"2026-09-29 15:53:00",129799,11.79,40.28,893,893,893,892,892,893,893,893,892,16.88,14.75,16.03,21.13,19.3,45.33,13.88,15.65,14.88,43.2,44,43.6,42,43.9,45.7,45.6,42.8,42.8
"2026-09-29 15:54:00",129800,11.8,40.3,893,893,893,892,892,893,893,893,892,17,14.88,15.84,20.7,19.04,47.4,13.74,16.1,14.82,43.1,44,43.6,42,43.8,45.9,45.5,42.7,42.7
"2026-09-29 15:55:00",129801,11.75,40.32,893,893,893,892,892,893,893,893,892,17.21,14.22,16.63,22.09,19.6,47.4,14.33,16.47,15.21,43,43.9,43.5,41.9,43.8,45.9,45.4,42.7,42.6
"2026-09-29 15:56:00",129802,11.77,40.35,893,893,893,892,892,893,893,893,892,16.87,13.94,15.76,20.04,19.55,23.68,13.4,15.69,14.84,42.9,43.7,43.4,41.9,43.6,45.8,45.3,42.6,42.6
"2026-09-29 15:57:00",129803,11.81,40.37,893,893,893,892,892,893,893,893,892,17.45,14.99,17.06,22.28,19.46,21.68,15.17,16.55,15.38,42.8,43.6,43.3,41.8,43.5,45.6,45.3,42.5,42.5
"2026-09-29 15:58:00",129804,11.8,40.4,893,893,893,892,892,893,893,893,892,18.22,15.88,18.05,21.08,19.68,19.69,17.96,17.23,16.12,42.7,43.6,43.2,41.7,43.4,45.4,45.3,42.5,42.5
"2026-09-29 15:59:00",129805,11.74,40.42,893,893,893,892,892,893,893,893,892,17.76,15.76,17.86,21.92,20.39,20.39,20.32,17.19,15.79,42.6,43.6,43.2,41.7,43.3,45.2,45.3,42.4,42.4
"2026-09-29 16:00:00",129806,11.81,40.44,893,893,893,892,892,893,893,893,892,17.59,15.42,16.96,21.29,18.91,19.77,22.44,16.36,15.56,42.5,43.5,43.1,41.6,43.2,45,45.4,42.3,42.3
"2026-09-29 16:01:00",129807,11.77,40.47,893,893,893,892,892,893,893,893,892,18.18,15.62,17.02,21.92,20.72,21.75,24.36,17.19,15.7,42.5,43.5,43,41.6,43.2,44.7,45.5,42.3,42.3
"2026-09-29 16:02:00",129808,11.78,40.49,893,893,893,892,892,893,893,893,892,17.71,15.5,16.84,21.86,20.39,21.26,26.11,16.83,15.57,42.4,43.5,43,41.5,43.1,44.5,45.6,42.3,42.3
"2026-09-29 16:03:00",129809,11.78,40.51,893,893,893,892,892,893,893,893,892,17.67,15.79,17.04,22.22,20.29,20.52,27.67,16.79,15.32,42.4,43.6,42.9,41.5,43.1,44.3,45.7,42.3,42.3
"2026-09-29 16:04:00",129810,11.78,40.54,893,893,893,892,892,893,893,892,892,17.72,15.81,17.17,21.98,19.31,20.28,29.12,16.62,15.4,42.3,43.7,42.9,41.4,43.1,44.2,45.9,42.3,42.3
"2026-09-29 16:05:00",129811,11.78,40.56,893,893,893,892,892,893,893,892,892,17.68,16.13,17.22,21.21,19.1,20.2,30.48,16.08,15.51,42.3,43.8,42.8,41.4,43,44,46,42.3,42.3
"2026-09-29 16:06:00",129812,11.75,40.58,893,893,893,892,892,893,893,892,892,18.05,15.56,17.12,21.66,19.91,20.83,31.7,16.37,15.68,42.3,43.9,42.8,41.3,43,43.9,46.2,42.3,42.3
"2026-09-29 16:07:00",129813,11.81,40.61,893,893,893,892,892,893,893,892,892,18.19,15.23,17.58,19.97,18.48,19.09,32.71,16.36,15.47,42.2,44,42.8,41.3,43,43.7,46.3,42.3,42.2
"2026-09-29 16:08:00",129814,11.81,40.63,893,893,893,892,892,893,893,892,892,18.27,15.14,17.17,21.04,19.54,19.61,20.95,16.65,15.59,42.2,44.1,42.7,41.3,42.9,43.5,46.3,42.3,42.2
"2026-09-29 16:09:00",129815,11.74,40.66,893,893,893,892,892,893,893,892,892,17.95,15.68,17.22,21.15,18.99,20.48,16.19,16.4,15.47,42.1,44.2,42.6,41.2,42.8,43.4,46.2,42.2,42.2
"2026-09-29 16:10:00",129816,11.78,40.68,893,893,893,892,892,893,893,892,892,17.95,15.47,17.38,22.12,19.38,20.31,15.11,18.75,15.35,42.1,44.2,42.6,41.1,42.7,43.3,46.1,42.2,42.2
"2026-09-29 16:11:00",129817,11.76,40.7,893,892,893,892,892,893,893,892,892,17.91,15.54,17.25,21.9,18.94,20.4,14.27,21.83,15.48,42,44.3,42.5,41,42.7,43.1,46,42.3,42.1
"2026-09-29 16:12:00",129818,11.79,40.73,893,892,893,892,892,893,892,892,892,17.99,15.04,17.36,22.22,19.57,20.73,14.5,24.42,15.51,42,44.3,42.5,41,42.6,43,45.9,42.5,42.1
"2026-09-29 16:13:00",129819,11.76,40.75,893,893,893,892,892,893,893,892,892,18.26,14.85,17.67,22.55,20.73,21.63,14.63,26.48,16.09,41.8,44.3,42.4,40.9,42.5,42.9,45.7,42.6,42.1
"2026-09-29 16:14:00",129820,11.8,40.78,893,893,893,892,892,893,893,892,892,18.63,14.63,18.14,22.37,21.43,21.68,14.56,28.2,16,41.7,44.2,42.3,40.8,42.5,42.8,45.6,42.8,42
"2026-09-29 16:15:00",129821,11.79,40.8,893,893,893,892,892,893,893,892,892,18.92,15.17,19.07,22.37,20.21,21.92,15.8,29.88,16.59,41.6,44.2,42.3,40.8,42.5,42.7,45.5,42.9,42
"2026-09-29 16:16:00",129822,11.79,40.82,893,892,893,892,892,893,893,892,892,18.94,15.67,18.54,22.97,18.76,21.67,15.63,31.46,16.26,41.5,44.1,42.3,40.7,42.4,42.6,45.3,43.1,41.9
"2026-09-29 16:17:00",129823,11.77,40.85,893,893,893,892,892,893,893,892,892,18.22,15.11,18.31,22.9,19.81,21.79,15.21,32.78,16.06,41.4,44,42.2,40.6,42.2,42.5,45.2,43.2,41.9
"2026-09-29 16:18:00",129824,11.79,40.87,893,892,893,892,892,893,893,892,892,17.65,13.64,17.74,22.05,19.83,20.29,13.9,33.88,14.79,41.3,43.6,42.1,40.5,42.1,42.4,45,43.3,41.7
"2026-09-29 16:19:00",129825,11.79,40.89,893,893,893,892,892,893,893,892,892,18.29,15.03,17.57,22.98,19.89,20.03,13.82,34.98,15.42,41.1,43.4,42,40.4,42,42.2,44.8,43.4,41.6
"2026-09-29 16:20:00",129826,11.73,40.92,893,892,893,892,892,893,893,892,892,18.22,14.34,17.59,20.48,20.19,20.36,13.96,35.4,15.53,40.9,43.1,41.9,40.3,41.8,42,44.6,43.5,41.4
"2026-09-29 16:21:00",129827,11.81,40.94,893,892,893,892,892,893,893,892,892,18.77,15.06,17.93,21.78,21.05,21.98,14.62,19.5,16.02,40.7,42.8,41.8,40.2,41.7,41.9,44.4,43.3,41.3
"2026-09-29 16:22:00",129828,11.79,40.96,893,892,893,892,892,893,893,892,892,18.81,15.06,17.31,20.5,19.71,19.84,14.23,16.95,16.67,40.5,42.5,41.7,40.1,41.6,41.7,44.2,43.2,41.2
"2026-09-29 16:23:00",129829,11.82,40.99,893,892,893,892,892,893,893,892,892,18.89,15.4,17.26,20.54,20.39,20.56,14.89,16.73,18.91,40.3,42.3,41.6,40,41.5,41.5,44,42.9,41.2
"2026-09-29 16:24:00",129830,11.82,41.01,893,892,893,892,892,893,893,892,892,19.15,15.4,17.37,22.33,21.43,21.58,15.05,16.68,20.87,40.2,42.1,41.5,39.9,41.4,41.4,43.8,42.7,41.1
"2026-09-29 16:25:00",129831,11.77,41.03,893,892,893,892,892,893,893,892,892,19.41,16.01,18.38,23.08,21.37,22.7,15.58,16.58,22.66,40.2,41.9,41.4,39.8,41.3,41.3,43.7,42.5,41.2
"2026-09-29 16:26:00",129832,11.78,41.05,893,892,893,892,892,893,893,892,892,19.85,17,18.71,23.69,20.48,22.88,15.53,17.3,24.2,40.2,41.8,41.3,39.7,41.3,41.2,43.6,42.2,41.2
"2026-09-29 16:27:00",129833,11.8,41.08,893,892,893,892,892,893,893,892,892,20.4,17.02,18.74,23.32,22.03,23.17,16.04,17.74,25.61,40.2,41.8,41.3,39.6,41.2,41.1,43.5,42.1,41.3
"2026-09-29 16:28:00",129834,11.77,41.1,893,892,893,892,892,893,893,892,892,20.6,17.09,19.11,24.02,22.03,23.91,16.43,17.7,26.85,40.2,41.8,41.2,39.5,41.2,41,43.4,41.9,41.3
"2026-09-29 16:29:00",129835,11.81,41.12,893,892,893,892,892,893,893,892,892,20.4,17.48,19.58,23.76,22.84,24.4,16.72,17.95,28,40.2,41.8,41.2,39.5,41.2,41,43.3,41.8,41.4
"2026-09-29 16:30:00",129836,11.75,41.14,893,892,893,892,892,893,893,892,892,19.95,16.35,18.94,22.31,21.28,21.95,15.38,17.41,28.98,40.2,41.8,41.1,39.4,41.2,41,43.2,41.7,41.5
"2026-09-29 16:31:00",129837,11.73,41.16,893,892,893,892,892,893,893,892,892,19.16,16.06,18.24,23.22,21.47,22.29,15.69,17.12,29.88,40.2,41.7,41,39.3,41.2,40.9,43.1,41.5,41.5
"2026-09-29 16:32:00",129838,11.77,41.18,893,893,893,892,892,893,893,892,892,19.69,16.57,18.63,23.26,21.66,23.82,16.38,17.88,30.76,40.2,41.7,41,39.2,41.1,40.8,43.1,41.4,41.6
"2026-09-29 16:33:00",129839,11.76,41.2,893,892,893,892,892,893,893,892,892,18.69,15.53,17.17,22.02,21.12,22.23,15.67,17.03,21.69,40.1,41.6,40.9,39.2,41,40.8,43,41.2,41.6
"2026-09-29 16:34:00",129840,11.8,41.22,893,892,893,892,892,893,893,892,892,19.03,16.17,18.64,23.63,21,23.35,16.22,17.47,17.86,40.1,41.5,40.8,39.1,41,40.7,42.9,41.1,41.5
"2026-09-29 16:35:00",129841,11.81,41.24,893,892,893,892,892,893,893,892,892,20.89,16.84,18.9,24.79,21.14,22.44,16.4,18.53,17.4,40,41.4,40.7,39,40.9,40.7,42.8,40.9,41.4
"2026-09-29 16:36:00",129842,11.79,41.26,893,892,893,892,892,893,893,893,892,22.39,16.47,18.41,24.56,21.41,22.68,16.91,18.35,16.72,40,41.2,40.6,38.9,40.8,40.6,42.7,40.8,41.3
"2026-09-29 16:37:00",129843,11.78,41.28,893,893,893,892,892,893,893,893,892,23.92,16.29,17.91,23.36,21.21,23.02,16.36,18.13,16.23,40,41.1,40.5,38.8,40.8,40.5,42.6,40.7,41.1
"2026-09-29 16:38:00",129844,11.81,41.3,893,892,893,892,892,893,893,893,892,25.23,16.51,17.98,24.12,21.39,22.7,16.53,18,16.27,40,41,40.4,38.7,40.7,40.4,42.5,40.6,41
"2026-09-29 16:39:00",129845,11.77,41.32,893,892,893,892,892,893,893,893,892,26.44,16.46,18.08,23.84,21.23,22.8,16.47,17.96,16.28,40.1,40.9,40.3,38.6,40.6,40.3,42.4,40.5,40.8
"2026-09-29 16:40:00",129846,11.77,41.34,893,892,893,892,892,893,893,893,892,27.55,17.09,18.77,22.92,21,22.5,16.45,18.04,16.24,40.1,40.9,40.2,38.5,40.6,40.3,42.3,40.4,40.7
"2026-09-29 16:41:00",129847,11.81,41.35,893,892,893,892,892,893,893,893,892,28.55,16.6,18.23,23.68,21.32,22.06,16.39,17.96,16.29,40.1,40.9,40.1,38.5,40.5,40.2,42.2,40.3,40.5
"2026-09-29 16:42:00",129848,11.78,41.37,893,893,893,892,892,893,893,893,892,29.53,16.63,18.22,23.97,21.27,21.69,16.34,17.73,16.47,40.2,40.9,40,38.4,40.5,40.1,42.1,40.3,40.4
"2026-09-29 16:43:00",129849,11.8,41.39,893,893,893,892,892,893,893,893,892,30.46,16.39,18.6,23.62,20.42,22.08,16.48,17.94,16.53,40.2,40.8,39.9,38.3,40.4,40.1,42.1,40.2,40.3
"2026-09-29 16:44:00",129850,11.82,41.41,893,892,893,892,892,893,893,892,892,31.25,17.06,18.54,23.81,20.81,22.1,16.22,17.67,16.6,40.2,40.8,39.8,38.2,40.4,40,41.9,40.2,40.2
"2026-09-29 16:45:00",129851,11.74,41.43,893,893,893,892,892,893,893,893,892,29.99,16.41,18.53,23.85,20.73,21.89,16.34,17.92,16.56,40.2,40.8,39.7,38.1,40.3,39.9,41.8,40.1,40
"2026-09-29 16:46:00",129852,11.77,41.44,893,893,893,892,892,893,893,893,892,23.08,16.9,19.31,23.41,20.54,22.38,16.91,18.31,16.77,40.1,40.8,39.7,38,40.2,39.8,41.7,40,39.9
"2026-09-29 16:47:00",129853,11.81,41.46,893,893,893,892,892,893,893,893,892,20.45,17.32,19.35,24.51,21.52,22.26,17.35,18.4,17.28,40,40.8,39.6,37.9,40.1,39.8,41.6,39.9,39.8
"2026-09-29 16:48:00",129854,11.8,41.48,893,893,893,892,892,893,893,893,892,20.48,20.09,19.59,24.84,21.75,22.26,17.53,18.89,17.5,39.9,40.8,39.5,37.9,40,39.8,41.5,39.8,39.7
"2026-09-29 16:49:00",129855,11.78,41.5,893,893,893,892,892,893,893,893,892,20.62,22.4,20.29,24.43,21.41,23.96,18.16,18.88,17.86,39.7,40.9,39.4,37.8,39.8,39.5,41.4,39.8,39.6
"2026-09-29 16:50:00",129856,11.81,41.51,893,893,893,892,892,893,893,893,892,20.54,24.59,20.38,25.01,22.4,24.19,17.76,19.51,17.99,39.6,40.9,39.3,37.7,39.7,39.5,41.3,39.7,39.5
"2026-09-29 16:51:00",129857,11.76,41.53,893,893,893,892,892,893,893,893,892,20.2,26.06,19.48,25.05,22.36,23.48,17.5,18.63,17.62,39.4,41,39.2,37.6,39.5,39.4,41.1,39.6,39.4
"2026-09-29 16:52:00",129858,11.77,41.55,893,893,893,892,892,893,893,893,892,20.59,27.7,19.83,25.32,22.32,22.96,17.57,18.76,17.81,39.3,41,39.1,37.5,39.4,39.3,41,39.4,39.3
"2026-09-29 16:53:00",129859,11.76,41.56,893,893,893,892,892,893,893,893,892,20.17,28.98,20.32,25.2,22.12,23.76,18.06,18.74,17.42,39.1,41,39,37.3,39.2,39.1,40.8,39.3,39.2
"2026-09-29 16:54:00",129860,11.76,41.58,893,893,893,892,892,893,893,893,892,21.19,30.43,20.81,25.49,21.7,24.25,18.52,19.72,18.42,39,41.1,38.9,37.2,39,39,40.7,39.2,39.1
"2026-09-29 16:55:00",129861,11.82,41.59,893,893,893,892,892,893,893,893,892,21.32,31.61,20.27,25.89,22.88,25.12,18.52,20.53,18.36,38.8,41.1,38.8,37.1,38.8,38.9,40.7,39,39
"2026-09-29 16:56:00",129862,11.77,41.61,893,893,893,892,892,893,893,893,892,20.56,32.83,20.08,26,22.66,24.85,18.29,18.98,17.6,38.7,41.1,38.7,37,38.6,38.8,40.4,38.9,38.8
"2026-09-29 16:57:00",129863,11.8,41.62,893,893,893,892,892,893,893,893,892,20.43,33.8,19.58,26.23,21.9,23.4,17.69,18.74,17.75,38.5,41.1,38.5,36.9,38.4,38.7,40.3,38.8,38.7
"2026-09-29 16:58:00",129864,11.78,41.64,893,893,893,892,892,893,893,893,892,20.29,27.76,19.69,25.56,22.18,22.62,17.92,18.83,17.61,38.3,41.1,38.5,36.8,38.2,38.6,40.2,38.7,38.6
"2026-09-29 16:59:00",129865,11.76,41.65,893,893,893,892,892,893,893,893,892,21.63,20.11,21.05,25.87,23.16,24.03,19.13,20.58,18.95,38.1,40.9,38.3,36.7,38,38.4,40,38.5,38.5
"2026-09-29 17:00:00",129866,11.78,41.67,893,893,893,892,892,893,893,893,892,22.2,18.9,23.31,26.26,23.38,24.48,19.24,20.68,19.32,38,40.7,38.3,36.5,37.8,38.3,39.9,38.4,38.3
"2026-09-29 17:01:00",129867,11.81,41.68,893,893,893,892,892,893,893,893,892,22.13,19.02,25.77,27.87,23.47,24.9,18.8,20.09,19.25,37.8,40.5,38.2,36.4,37.6,38.2,39.8,38.3,38.2
"2026-09-29 17:02:00",129868,11.76,41.7,893,893,893,892,892,893,893,893,892,22.91,19.11,28.05,27.72,23.04,24.48,19.2,20.09,19.18,37.6,40.3,38.2,36.3,37.4,38.1,39.5,38.3,38.1
"2026-09-29 17:03:00",129869,11.76,41.71,893,893,893,892,892,893,893,893,892,21.25,17.64,29.98,26.97,23.15,23.39,18.36,19.55,18.33,37.5,40.1,38.2,36.2,37.1,38,39.4,38,38
"2026-09-29 17:04:00",129870,11.77,41.72,893,893,893,892,892,893,893,893,892,21.55,17.99,31.78,27.56,24.18,24.81,19.78,20.26,18.89,37.3,39.9,38.1,36.1,36.9,37.8,39.2,37.9,37.9
"2026-09-29 17:05:00",129871,11.81,41.74,893,893,893,892,892,893,893,893,892,22.56,18.71,33.4,27.32,24.87,25.09,19.83,20.9,19.41,37.2,39.7,38.1,36,36.7,37.7,39,37.7,37.8
"2026-09-29 17:06:00",129872,11.76,41.75,893,893,893,892,892,893,893,893,892,23.61,19.59,34.89,27.06,25.29,25.91,20.64,21.65,20.21,37,39.5,38.1,35.8,36.5,37.6,38.9,37.6,37.6
"2026-09-29 17:07:00",129873,11.78,41.76,893,893,893,892,892,893,893,893,892,23.01,19.6,36.29,28.06,25.59,26.04,20.32,21.7,20.09,36.9,39.3,38.1,35.7,36.3,37.5,38.7,37.5,37.5
"2026-09-29 17:08:00",129874,11.8,41.77,893,893,893,892,892,893,893,893,892,23.17,19.36,37.6,28.66,25.47,26.04,20.55,21.2,20.24,36.7,39.1,38.1,35.6,36.1,37.3,38.5,37.3,37.4
"2026-09-29 17:09:00",129875,11.76,41.78,893,893,893,892,892,893,893,893,892,23.86,19.71,38.75,27.67,24.79,26.15,20.48,21.16,20.11,36.6,39,38,35.5,35.9,37.2,38.4,37.2,37.3
"2026-09-29 17:10:00",129876,11.76,41.8,893,893,893,892,892,893,893,893,892,23.86,19.9,34.26,28.21,24.37,25.8,21.18,21.96,20.74,36.4,38.8,38,35.4,35.7,37.1,38.2,37.1,37.1
"2026-09-29 17:11:00",129877,11.76,41.81,893,893,893,892,892,893,893,893,892,23.83,19.76,25.43,28.32,25.1,25.82,20.93,22.07,21.25,36.3,38.5,37.8,35.2,35.5,37,38,36.9,37
"2026-09-29 17:12:00",129878,11.81,41.82,893,893,893,892,892,893,893,893,892,23.79,20.15,24.25,29.93,26.2,26.72,21.7,22.43,20.95,36.1,38.4,37.7,35.1,35.3,36.8,37.8,36.8,36.9
"2026-09-29 17:13:00",129879,11.77,41.83,893,893,893,892,892,893,893,893,892,24.34,20.13,23.49,33.47,27.46,26.72,21.73,21.97,20.67,36,38.2,37.5,35,35.1,36.8,37.8,36.7,36.7
"2026-09-29 17:14:00",129880,11.81,41.84,893,893,893,892,892,893,893,893,892,24.02,20.81,23.52,36.78,27.8,27.68,22.14,22.39,20.87,35.8,38,37.3,35,34.9,36.5,37.5,36.5,36.6
"2026-09-29 17:15:00",129881,11.74,41.85,893,893,893,892,892,893,893,893,892,24.04,20.18,23.9,39.67,28.01,28,22.78,22.74,20.83,35.7,37.8,37.2,34.9,34.7,36.3,37.3,36.4,36.4
"2026-09-29 17:16:00",129882,11.76,41.86,893,893,893,892,892,893,893,893,892,25.55,21.39,24.1,41.96,28.55,27.97,23.13,23.24,22.06,35.5,37.6,37,34.9,34.5,36.2,37.2,36.2,36.3
"2026-09-29 17:17:00",129883,11.77,41.86,893,893,893,892,892,893,893,893,892,24.69,20.84,23.92,43.92,28.16,27.93,22.77,23.14,21.42,35.4,37.4,36.8,34.8,34.4,36,37,36.1,36.1
"2026-09-29 17:18:00",129884,11.8,41.87,893,893,893,892,892,893,893,893,892,24.73,20.6,24,45.71,28.34,27.86,22.52,22.67,21.51,35.2,37.2,36.6,34.8,34.2,35.8,36.8,35.9,36
"2026-09-29 17:19:00",129885,11.76,41.88,893,893,893,892,892,893,893,893,892,24.73,20.94,23.31,47.21,28.47,27.65,22.57,23,21.53,35,37,36.4,34.8,34,35.7,36.6,35.8,35.8
"2026-09-29 17:20:00",129886,11.79,41.89,893,893,893,892,892,893,893,893,892,24.24,20.17,23.44,48.83,29.01,28.3,22.88,22.68,21.14,34.9,36.8,36.2,34.7,33.8,35.5,36.5,35.6,35.7
"2026-09-29 17:21:00",129887,11.82,41.9,893,893,893,892,892,893,893,893,892,24.95,21.33,24.91,50.16,29.68,28.81,23.94,23.89,21.75,34.7,36.5,36,34.6,33.7,35.3,36.3,35.4,35.5
"2026-09-29 17:22:00",129888,11.76,41.9,893,893,893,892,892,893,893,893,892,25.72,21.9,24.76,51.32,29.92,28.64,23.58,23.93,22.4,34.6,36.3,35.8,34.6,33.5,35.2,36.1,35.3,35.3
"2026-09-29 17:23:00",129889,11.77,41.91,893,893,893,892,892,893,893,893,892,25.05,21.58,23.66,40.14,29.98,28.46,23.15,23.6,21.71,34.4,36.1,35.7,34.5,33.3,35,35.9,35.1,35.2
"2026-09-29 17:24:00",129890,11.75,41.91,893,893,893,892,892,893,893,893,892,25.28,21.3,24.71,33.28,30.37,29.06,23.69,24.15,22.27,34.3,35.9,35.5,34.3,33.2,34.8,35.7,34.9,35
"2026-09-29 17:25:00",129891,11.76,41.92,893,893,893,892,892,893,893,893,892,26.02,22.18,25.17,31.66,32.54,28.81,24.07,24.17,22.64,34.1,35.7,35.3,34.1,33,34.6,35.5,34.7,34.8
"2026-09-29 17:26:00",129892,11.77,41.92,893,893,893,892,892,893,893,893,892,26.87,22.88,25.67,31.54,34.83,29.26,24.54,24.49,23.15,34,35.4,35.1,33.9,32.9,34.4,35.3,34.6,34.7
"2026-09-29 17:27:00",129893,11.77,41.93,893,893,893,892,892,893,893,893,892,27.04,23.59,25.71,30.71,36.99,29.26,24.57,25.04,23.58,33.8,35.2,34.9,33.7,32.8,34.2,35.1,34.4,34.5
"2026-09-29 17:28:00",129894,11.8,41.93,893,893,893,892,892,893,893,893,892,27.43,23.87,26.37,31.04,38.77,29.59,24.75,25.1,23.77,33.6,35,34.7,33.5,32.7,34,35,34.2,34.3
"2026-09-29 17:29:00",129895,11.77,41.94,893,893,893,892,892,893,893,893,892,27.01,23.95,26.16,31.29,40.29,29.64,24.75,25.36,23.28,33.5,34.8,34.7,33.2,32.5,33.8,35,34.1,34.2
"2026-09-29 17:30:00",129896,11.78,41.94,893,893,893,892,892,893,893,893,892,26.42,23.39,25.15,31.17,41.72,29.22,24.48,24.59,23.11,33.3,34.6,34.5,33,32.4,33.7,34.4,33.9,34
"2026-09-29 17:31:00",129897,11.75,41.94,893,893,893,892,892,893,893,893,892,26.58,22.77,24.68,31.83,43.11,29.74,24.86,24.97,23.29,33.2,34.4,34.3,32.8,32.3,33.6,34.2,33.7,33.8
"2026-09-29 17:32:00",129898,11.8,41.95,893,893,893,892,892,893,893,893,892,27.66,23.55,26.23,32.62,44.31,30.2,26.69,26.13,24.52,33,34.2,34.1,32.6,32.2,33.4,34,33.6,33.7
"2026-09-29 17:33:00",129899,11.77,41.95,893,893,893,892,892,893,893,893,892,28.62,24.68,26.61,32.2,45.3,29.83,26.56,26.09,25.01,32.8,34,34,32.4,32,33.2,33.8,33.4,33.5
"2026-09-29 17:34:00",129900,11.74,41.95,893,893,893,892,892,893,893,893,892,28.15,24.29,26.82,31.88,46.47,30.02,26.5,26.11,24.67,32.7,33.7,33.8,32.2,31.9,33,33.5,33.2,33.3
"2026-09-29 17:35:00",129901,11.77,41.95,893,893,893,892,892,893,893,893,892,27.82,24.2,26.66,31.71,42.72,31.12,27.03,26.93,24.27,32.5,33.5,33.6,32,31.8,32.8,33.3,33.1,33.2
"2026-09-29 17:36:00",129902,11.75,41.95,893,893,893,892,892,893,893,893,892,28.38,24.66,26.5,32.13,36.02,31.13,26.82,26.52,24.41,32.3,33.3,33.4,31.8,31.6,32.6,33.1,32.9,33
"2026-09-29 17:37:00",129903,11.75,41.95,893,893,893,892,892,893,893,893,892,28.13,24.72,26.14,32.36,34.59,31.65,27.15,26.39,24.4,32.2,33,33.3,31.6,31.4,32.5,32.9,32.8,32.8
"2026-09-29 17:38:00",129904,11.77,41.95,893,893,893,893,892,893,893,893,892,28.39,25.26,26.53,33.06,34.25,34.18,27.34,26.62,24.73,32,32.8,33.1,31.4,31.2,32.3,32.6,32.6,32.7
"2026-09-29 17:39:00",129905,11.79,41.95,893,893,893,893,892,893,893,893,892,28.83,25.79,27.34,33.97,35.08,36.32,27.78,27.13,25.28,31.9,32.6,33,31.2,31,32.2,32.4,32.4,32.5
"2026-09-29 17:40:00",129906,11.76,41.95,894,893,893,893,892,893,893,893,892,29.08,26.06,28.76,32.59,32.72,38.25,28.2,28.1,25.51,31.7,32.3,32.8,31,30.8,32,32.2,32.3,32.3
"2026-09-29 17:41:00",129907,11.81,41.94,893,893,893,893,892,893,893,893,892,29.32,25.79,28.45,32.6,33.63,39.89,28.08,26.94,25.12,31.5,32.1,32.6,30.8,30.6,31.9,32,32.1,32.2
"2026-09-29 17:42:00",129908,11.77,41.94,893,893,893,893,892,893,893,893,892,29.06,25.83,28.1,33.09,33.73,41.35,28.22,26.94,25.2,31.4,31.9,32.4,30.6,30.4,31.8,31.7,31.9,32
"2026-09-29 17:43:00",129909,11.76,41.94,894,893,893,893,892,893,893,893,892,29.13,26.17,28.03,33.32,33.93,42.59,28.47,27.44,25.61,31.2,31.7,32.2,30.5,30.2,31.6,31.5,31.7,31.8
"2026-09-29 17:44:00",129910,11.82,41.93,893,893,893,892,892,893,893,893,892,29.16,26.32,28.45,33.77,34.23,43.72,28.46,27.55,25.73,31.1,31.5,32,30.3,30,31.5,31.3,31.6,31.6
"2026-09-29 17:45:00",129911,11.77,41.93,893,893,893,892,892,893,893,893,892,28.28,25.99,28.1,33.55,33.54,44.87,27.87,27.38,25.46,30.9,31.3,31.8,30.1,29.9,31.4,31.1,31.4,31.4
"2026-09-29 17:46:00",129912,11.77,41.92,893,893,893,893,892,893,893,893,892,28.51,25.47,26.91,33.54,33.74,45.93,28.57,26.74,25.06,30.8,31.1,31.6,29.9,29.7,31.2,30.9,31.2,31.3
"2026-09-29 17:47:00",129913,11.81,41.92,894,893,893,892,892,893,893,893,892,29.16,26.54,28.47,33.4,33.66,46.87,29.25,27.99,25.96,30.6,30.9,31.4,29.7,29.5,31.1,30.6,31,31.1
"2026-09-29 17:48:00",129914,11.8,41.91,894,893,893,893,892,893,893,893,892,29.38,26.91,29.1,33.06,33.24,40.24,29.4,28.46,26.12,30.5,30.7,31.2,29.6,29.3,30.9,30.4,30.9,30.9
"2026-09-29 17:49:00",129915,11.75,41.91,893,893,893,893,892,893,893,893,892,29.81,26.99,28.94,33.77,33.94,36.39,29.57,28.1,26.33,30.3,30.5,31,29.4,29.1,30.7,30.2,30.7,30.7
"2026-09-29 17:50:00",129916,11.8,41.9,894,893,893,893,892,893,893,893,892,29.6,27.02,29.11,34.08,34.6,35.5,31.47,28.24,26.33,30.1,30.4,30.8,29.2,29,30.4,30,30.5,30.5
"2026-09-29 17:51:00",129917,11.79,41.89,894,893,893,893,892,893,893,893,892,30.23,27.41,29.64,34.1,35.09,35.54,33.5,28.42,26.73,30,30.2,30.6,29,28.8,30.2,29.8,30.4,30.4
"2026-09-29 17:52:00",129918,11.75,41.88,893,893,893,893,892,893,893,893,892,30.42,27.96,30.19,34.27,34.8,34.95,35.29,28.95,27,29.8,30,30.4,28.9,28.7,30,29.6,30.1,30.1
"2026-09-29 17:53:00",129919,11.79,41.87,894,893,893,893,892,893,893,893,892,30.88,28.2,30.62,34.57,35.36,35.29,36.85,29.35,27.34,29.6,29.8,30.2,28.7,28.4,29.7,29.4,30,30
"2026-09-29 17:54:00",129920,11.76,41.86,894,893,893,893,892,893,893,893,892,31.41,28.88,31.54,35.2,35.54,35.69,38.25,30.43,28.23,29.5,29.6,30,28.5,28.2,29.4,29.2,29.7,29.7
"2026-09-29 17:55:00",129921,11.8,41.85,894,893,893,893,892,893,893,893,892,31.58,28.85,31.86,35.36,36.35,36.09,39.57,30.6,28.2,29.3,29.4,29.7,28.3,28,29.1,29,29.5,29.5
"2026-09-29 17:56:00",129922,11.76,41.84,894,893,893,893,892,893,893,893,892,32.08,29,32.08,35.41,35.84,36.27,40.81,30.48,28.43,29,29.3,29.5,28.1,27.8,29,28.7,29.3,29.3
"2026-09-29 17:57:00",129923,11.82,41.83,894,893,893,893,892,893,893,893,892,32.09,29.32,32.02,35.93,36.61,36.26,41.96,30.42,28.63,28.8,29,29.2,27.9,27.6,28.6,28.5,29.1,29.1
"2026-09-29 17:58:00",129924,11.79,41.82,894,893,893,893,892,893,893,893,892,32.29,29.67,32.71,36.17,36.84,36.15,43.06,30.56,28.84,28.6,28.8,29,27.7,27.4,28.3,28.3,29,28.9
"2026-09-29 17:59:00",129925,11.81,41.81,894,893,893,893,892,893,893,893,892,32.38,29.54,32.47,36.79,37.83,37.03,44.1,31.08,29.19,28.4,28.6,28.7,27.5,27.2,28.1,28,28.6,28.6
"2026-09-29 18:00:00",129926,11.76,41.79,894,893,893,893,892,893,893,893,892,32.93,30,32.69,36.94,38.02,37.38,42.96,31.48,29.52,28.2,28.4,28.5,27.3,27,27.8,27.8,28.4,28.4
"2026-09-29 18:01:00",129927,11.79,41.78,894,893,893,893,892,893,893,893,892,33.07,30.42,32.97,37.94,39.21,38.58,38.23,31.95,29.91,28,28.2,28.3,27.1,26.8,27.6,27.6,28.2,28.1
"2026-09-29 18:02:00",129928,11.79,41.76,894,893,893,893,892,893,893,893,892,33.7,30.87,34.02,38.08,38.35,38.82,36.89,33.05,30.61,27.8,28,28.1,27,26.6,27.5,27.3,28,27.9
"2026-09-29 18:03:00",129929,11.75,41.75,894,893,893,893,892,893,893,893,892,34.25,31.6,34.69,37.72,38.58,38.85,36.63,34.14,31.01,27.6,27.8,27.9,26.7,26.4,27.1,27.1,27.8,27.7
"2026-09-29 18:04:00",129930,11.81,41.73,894,893,893,893,892,893,893,893,892,34.65,32.18,35.32,38.78,40.52,39.02,36.58,34.95,31.46,27.4,27.6,27.6,26.5,26.2,26.8,26.8,27.6,27.5
"2026-09-29 18:05:00",129931,11.81,41.71,894,893,893,893,892,893,893,893,892,35.15,32.54,36.26,40.62,41.48,39.97,37.53,35.77,32.17,27.2,27.4,27.4,26.3,26,26.6,26.6,27.3,27.3
"2026-09-29 18:06:00",129932,11.81,41.69,894,893,894,893,892,893,893,893,892,35.62,32.97,36.57,41.18,42.26,41.21,38.25,36.51,33.31,27,27.3,27.2,26.1,25.8,26.4,26.4,27.1,27.1
"2026-09-29 18:07:00",129933,11.77,41.68,894,893,893,893,893,893,893,893,892,36.47,33.57,37.3,41.24,41.7,41.56,38.43,37.3,33.32,26.8,27.1,27,25.9,25.6,26.1,26.1,26.9,26.9
"2026-09-29 18:08:00",129934,11.81,41.66,894,893,894,893,893,893,893,893,892,36.41,34.09,37.35,41.39,42.01,41.75,38.52,37.99,33.48,26.6,26.9,26.8,25.7,25.5,25.9,25.9,26.6,26.7
"2026-09-29 18:09:00",129935,11.76,41.63,894,893,894,893,893,893,893,893,892,36.78,34.08,37.65,41.3,41.29,41.66,38.34,38.72,33.86,26.4,26.7,26.6,25.6,25.3,25.7,25.7,26.4,26.5
"2026-09-29 18:10:00",129936,11.77,41.61,894,893,894,893,893,893,893,893,892,37.33,34.29,37.58,41.65,42.27,41.85,38.83,39.33,34.01,26.3,26.5,26.4,25.4,25.1,25.5,25.5,26.2,26.3
"2026-09-29 18:11:00",129937,11.82,41.59,894,893,894,893,893,893,893,893,892,37.27,34.49,37.81,41.89,42.87,42.51,39.61,40,34.19,26.1,26.4,26.3,25.2,25,25.3,25.3,26,26.1
"2026-09-29 18:12:00",129938,11.75,41.57,894,893,894,893,893,893,893,893,892,37.67,34.88,38.46,42.41,42.95,43.05,40.4,40.55,34.98,25.9,26.2,26.1,25,24.8,25.1,25.1,25.7,25.9
"2026-09-29 18:13:00",129939,11.77,41.54,894,893,894,893,893,893,893,893,892,38.01,35.07,38.78,42.45,43.2,43.56,40.59,39.8,35.17,25.7,26,26,24.9,24.7,24.9,24.9,25.5,25.8
"2026-09-29 18:14:00",129940,11.8,41.52,894,893,894,893,893,893,893,893,892,38.52,35.4,39.36,43.22,44.62,44.04,41.17,39.67,35.72,25.6,25.9,25.8,24.7,24.6,24.8,24.8,25.4,25.6
"2026-09-29 18:15:00",129941,11.77,41.49,894,893,894,893,893,893,893,893,892,39.15,36.28,39.61,44.34,44.82,44.97,41.6,39.3,36.45,25.4,25.7,25.6,24.6,24.4,24.6,24.6,25.2,25.5
"2026-09-29 18:16:00",129942,11.78,41.47,894,893,894,893,893,893,893,893,892,39.3,36.53,40.09,45.01,46.03,45.92,42.88,40.68,37.37,25.3,25.6,25.5,24.4,24.3,24.5,24.5,25,25.3
"2026-09-29 18:17:00",129943,11.77,41.44,894,893,894,893,893,893,893,893,892,40.08,36.64,40.44,46.95,47.27,46.23,42.97,41.29,38.23,25.1,25.5,25.3,24.3,24.1,24.3,24.3,24.9,25.1
"2026-09-29 18:18:00",129944,11.77,41.42,894,893,894,893,893,893,893,893,892,40.43,37.24,40.75,46.2,46.65,46.13,42.99,41.36,39.03,25,25.3,25.2,24.1,24,24.2,24.1,24.8,24.9
"2026-09-29 18:19:00",129945,11.77,41.39,894,893,894,893,893,893,893,893,892,40.57,37.28,40.74,46.16,46.68,46.48,43.33,41.25,39.82,24.9,25.2,25.1,24,23.8,24,24,24.6,24.8
"2026-09-29 18:20:00",129946,11.78,41.36,894,893,894,893,893,893,893,893,892,40.53,37.51,41.14,46.93,47.82,47.07,43.91,41.68,40.56,24.8,25,25,23.9,23.7,23.9,23.9,24.5,24.6
"2026-09-29 18:21:00",129947,11.82,41.33,894,893,894,893,893,893,894,893,892,41.15,38.2,41.96,47.92,48.53,47.35,44.52,42.54,41.27,24.6,24.9,24.8,23.7,23.5,23.7,23.7,24.4,24.4
"2026-09-29 18:22:00",129948,11.79,41.3,894,893,894,893,893,893,894,893,892,41.48,38.52,42.25,48.03,48.53,47.41,44.44,42.2,41.92,24.5,24.8,24.7,23.6,23.4,23.6,23.6,24.3,24.2
"2026-09-29 18:23:00",129949,11.78,41.27,894,893,894,893,893,893,894,893,892,41.55,38.65,42.3,48,48.54,47.69,44.33,42.23,42.61,24.4,24.7,24.6,23.5,23.2,23.5,23.5,24.1,24
"2026-09-29 18:24:00",129950,11.76,41.23,894,893,894,893,893,893,894,893,892,41.56,38.69,42.42,48.05,48.83,47.66,44.4,42.34,43.26,24.3,24.6,24.5,23.3,23.1,23.4,23.3,24,23.9
"2026-09-29 18:25:00",129951,11.74,41.2,894,893,894,893,893,893,894,894,892,41.51,38.88,42.21,47.67,48.36,47.65,44.36,42.33,43.38,24.2,24.5,24.4,23.2,23,23.2,23.2,23.9,23.7
"2026-09-29 18:26:00",129952,11.76,41.17,894,893,894,893,893,893,894,894,892,41.62,38.78,42.31,48,48.36,48.07,44.4,42.66,41.41,24.1,24.4,24.3,23.1,23,23.1,23.1,23.8,23.5
"2026-09-29 18:27:00",129953,11.74,41.13,894,893,894,893,893,893,894,894,892,42.02,38.82,42.37,48.73,48.36,48.7,44.96,42.73,41.01,24,24.3,24.1,23,23,23,22.9,23.6,23.4
"2026-09-29 18:28:00",129954,11.81,41.1,894,893,894,893,893,893,894,894,892,42.99,38.94,42.61,49.46,49.98,49,45.39,43.04,40.86,23.9,24.1,24,22.8,22.6,22.9,22.8,23.5,23.3
"2026-09-29 18:29:00",129955,11.79,41.06,894,893,894,893,893,893,894,894,892,43.83,39.18,43.47,50.25,51.15,49.9,46.21,43.49,41.28,23.7,24,24,22.7,22.5,22.8,22.7,23.4,23.2
"2026-09-29 18:30:00",129956,11.76,41.03,894,893,894,893,893,893,894,894,892,44.68,39.63,44.1,51.3,52.19,51.2,47.81,44.68,41.67,23.6,23.9,23.8,22.6,22.3,22.6,22.6,23.3,23
"2026-09-29 18:31:00",129957,11.83,40.99,894,893,894,893,893,893,894,894,892,45.49,39.66,45.57,51.8,52.44,51.54,48.08,45.3,42.83,23.4,23.8,23.7,22.5,22.2,22.5,22.5,23.1,23
"2026-09-29 18:32:00",129958,11.77,40.95,894,893,894,893,893,893,894,894,892,46.27,40.24,46.22,52.2,53.24,51.97,48.38,45.99,43.69,23.2,23.7,23.6,22.4,22.1,22.4,22.4,23,22.8
"2026-09-29 18:33:00",129959,11.77,40.91,894,893,894,893,893,893,894,894,892,47.11,40.66,46.78,52.73,53.71,52.52,49.36,47.06,43.22,23,23.6,23.5,22.3,22,22.3,22.2,22.9,22.7
"2026-09-29 18:34:00",129960,11.76,40.87,894,893,894,893,893,893,894,894,892,47.88,41.93,48.64,53.19,54.45,53.04,50.21,48.13,44.18,22.9,23.5,23.4,22.1,21.9,22.2,22.1,22.8,22.6
"2026-09-29 18:35:00",129961,11.75,40.83,894,893,894,893,893,893,894,894,892,48.6,43.5,49.49,54.06,55.39,53.54,50.99,49.01,45.86,22.7,23.4,23.2,22,21.8,22.1,22,22.7,22.5
"2026-09-29 18:36:00",129962,11.75,40.79,894,893,894,893,893,893,894,894,892,49.41,45.05,50.1,55.12,56.3,54.64,51.78,49.87,46.95,22.5,23.3,23.1,21.9,21.6,22,21.9,22.5,22.4
"2026-09-29 18:37:00",129963,11.76,40.75,894,893,894,893,893,893,894,894,892,50.18,46.07,50.65,55.48,56.67,54.76,52.05,50.69,47.65,22.3,23.1,22.9,21.8,21.5,21.8,21.8,22.4,22.3
"2026-09-29 18:38:00",129964,11.79,40.71,894,893,894,893,893,893,894,894,892,51.89,46.33,50.9,55.29,56.6,54.87,51.79,50.21,47.88,22.2,23,22.8,21.7,21.4,21.7,21.7,22.3,22.2
"2026-09-29 18:39:00",129965,11.81,40.67,894,893,894,893,893,893,894,894,892,52.73,47.1,51.17,55.07,56.77,54.89,51.91,50.24,48.12,22,22.8,22.6,21.6,21.3,21.6,21.6,22.2,22.1
"2026-09-29 18:40:00",129966,11.81,40.63,894,893,894,893,893,893,894,894,893,52.98,47.35,51.52,56.12,58.37,56.23,53.22,50.88,48.45,21.9,22.7,22.5,21.5,21.2,21.5,21.5,22.1,22
"2026-09-29 18:41:00",129967,11.78,40.58,894,893,894,893,893,893,894,894,893,53.55,47.77,52.22,57.33,59.48,57.1,54.04,51.92,48.69,21.7,22.5,22.3,21.4,21.1,21.4,21.4,22,21.9
"2026-09-29 18:42:00",129968,11.75,40.54,894,893,894,893,893,893,894,894,893,54.2,48.28,53.37,58.09,60.37,58,55.14,52.73,49.41,21.6,22.4,22.2,21.3,21,21.3,21.3,21.9,21.7
"2026-09-29 18:43:00",129969,11.77,40.5,894,893,894,893,893,893,894,894,892,54.33,48.89,53.18,58.52,60.63,58,55.23,53.21,49.48,21.5,22.3,22.1,21.2,20.9,21.2,21.2,21.8,21.6
"2026-09-29 18:44:00",129970,11.79,40.45,894,893,894,893,893,893,894,894,892,54.77,49.36,53.34,58.86,61.3,58.56,56,53.85,49.83,21.4,22.1,22,21.1,20.8,21.1,21.1,21.6,21.5
"2026-09-29 18:45:00",129971,11.81,40.41,894,893,894,893,893,894,894,894,892,54.92,50.03,53.54,59.42,62.23,59.44,56.83,54.88,50.17,21.3,22,21.8,21,20.7,21.1,21,21.5,21.4
"2026-09-29 18:46:00",129972,11.77,40.36,894,893,894,893,893,894,894,894,892,55.43,50.52,53.69,59.67,62.43,59.75,57.07,55.33,50.26,21.2,21.9,21.7,20.9,20.6,21,20.9,21.5,21.3
"2026-09-29 18:47:00",129973,11.81,40.31,894,893,894,893,893,893,894,894,892,55.52,50.86,54.58,59.6,62.26,59.5,56.34,54.84,50.83,21.1,21.7,21.6,20.9,20.5,20.9,20.8,21.4,21.2
"2026-09-29 18:48:00",129974,11.8,40.27,894,893,894,893,893,893,894,894,892,54.6,51.42,55.06,59.87,62.33,59.36,56.21,54.67,50.94,21.1,21.6,21.5,20.8,20.5,20.8,20.7,21.2,21.1
"2026-09-29 18:49:00",129975,11.77,40.22,894,893,894,893,893,893,894,894,892,54.72,52.01,55.97,60.24,63.07,60.04,56.7,55.25,50.28,21.1,21.5,21.5,20.7,20.4,20.7,20.7,21.1,21.1
"2026-09-29 18:50:00",129976,11.76,40.17,894,893,894,893,893,893,894,894,892,54.28,52.43,54.68,60.5,63.19,60.28,56.7,55.6,50.18,21.1,21.4,21.4,20.6,20.3,20.6,20.7,21,21
"2026-09-29 18:51:00",129977,11.77,40.12,894,893,894,893,893,893,894,894,892,53.77,50.64,54.5,60.53,63.09,60.3,56.07,55.32,50.19,21.1,21.3,21.3,20.6,20.2,20.6,20.5,21,21
"2026-09-29 18:52:00",129978,11.79,40.07,894,893,894,893,893,893,894,894,892,53.6,49.82,55.05,60.81,63.92,60.48,56.84,54.85,49.88,21.1,21.3,21.3,20.5,20.2,20.5,20.5,20.9,21
"2026-09-29 18:53:00",129979,11.76,40.02,894,893,894,893,893,893,894,894,892,53.97,51.04,56.08,61.04,63.8,60.93,57.16,56.13,50.29,21.1,21.2,21.2,20.4,20.1,20.4,20.4,20.8,20.9
"2026-09-29 18:54:00",129980,11.77,39.98,894,893,894,893,893,893,894,894,892,53.71,51.13,57.04,60.83,63.66,60.6,57.45,56.13,50.64,21.1,21.1,21.1,20.3,20,20.3,20.3,20.8,20.9
"2026-09-29 18:55:00",129981,11.74,39.93,894,893,894,893,893,893,894,894,892,54.22,50.55,57.96,60.54,63.67,60.83,57.59,56.13,50.92,21.1,21.1,21,20.3,20,20.3,20.3,20.8,20.9
"2026-09-29 18:56:00",129982,11.8,39.87,894,893,894,893,893,894,894,894,892,55.26,51.98,58.79,60.76,64.21,61.41,58.48,57.79,52.28,21.1,21.1,20.9,20.2,19.9,20.2,20.2,20.6,20.9
"2026-09-29 18:57:00",129983,11.8,39.82,894,893,894,893,893,894,894,894,892,57.63,52.98,59.61,61.29,64.83,61.85,59.12,58.32,53.43,21.1,21,20.8,20.1,19.9,20.2,20.2,20.6,20.8
"2026-09-29 18:58:00",129984,11.81,39.77,894,893,894,893,893,894,894,894,892,56.77,53.34,60.36,61.72,65.64,62.29,59.69,59.02,54.1,21.1,21,20.7,20.1,19.8,20.1,20.1,20.5,20.8
"2026-09-29 18:59:00",129985,11.8,39.72,894,893,894,893,893,894,894,894,893,58.96,54.1,61.09,62.18,65.93,62.56,60.15,59.7,54.87,21.1,21,20.6,20,19.8,20.1,20.1,20.5,20.7
"2026-09-29 19:00:00",129986,11.79,39.67,894,893,894,893,893,894,894,894,893,60.67,55.03,61.73,62.59,66.55,63.07,60.62,60.22,55.59,21,20.9,20.5,20,19.7,20,20,20.5,20.7
"2026-09-29 19:01:00",129987,11.77,39.62,894,893,894,893,893,894,894,894,893,61.11,55.53,62.36,63.06,67.23,63.52,61.19,60.89,56.25,21,20.9,20.4,19.9,19.7,20,20,20.4,20.6
"2026-09-29 19:02:00",129988,11.76,39.57,894,893,894,893,893,894,894,894,893,62.44,55.84,62.96,63.81,67.64,63.85,61.57,61.29,56.65,20.9,20.8,20.3,19.9,19.7,20,19.9,20.4,20.6
"2026-09-29 19:03:00",129989,11.77,39.51,894,893,894,893,893,894,894,894,893,63.21,56.49,63.32,64.01,67.74,64,61.66,61.43,57.07,20.9,20.8,20.2,19.8,19.6,19.9,19.9,20.4,20.5
"2026-09-29 19:04:00",129990,11.79,39.46,894,893,894,893,893,894,894,894,893,62.06,56.56,63.64,64.01,67.7,64.01,61.66,61.6,57.27,20.8,20.7,20.2,19.8,19.6,19.9,19.9,20.3,20.4
"2026-09-29 19:05:00",129991,11.81,39.41,894,894,894,893,893,894,894,894,893,61.84,56.4,63.86,64.81,68.14,64.04,61.78,61.68,57.44,20.7,20.7,20.1,19.7,19.6,19.8,19.8,20.3,20.4
"2026-09-29 19:06:00",129992,11.77,39.35,894,894,894,893,893,894,894,894,893,62.2,56.56,63.82,65.49,69.14,64.37,61.87,61.84,57.55,20.7,20.6,20.1,19.7,19.5,19.8,19.8,20.2,20.3
"2026-09-29 19:07:00",129993,11.81,39.3,894,894,894,893,893,894,894,894,893,63.81,56.82,63.74,66.19,69.07,64.12,61.86,61.79,57.46,20.6,20.5,20,19.6,19.5,19.8,19.7,20.2,20.3
"2026-09-29 19:08:00",129994,11.77,39.25,894,894,894,893,893,894,894,894,893,64.38,56.81,63.74,66.74,68.75,64.33,61.79,61.55,57.34,20.5,20.5,20,19.6,19.4,19.7,19.7,20.2,20.2
"2026-09-29 19:09:00",129995,11.79,39.19,894,894,894,893,893,894,894,894,893,65.01,56.92,63.71,67.22,69.13,64.46,61.79,62.02,57.4,20.5,20.4,19.9,19.6,19.4,19.7,19.7,20.1,20.1
"2026-09-29 19:10:00",129996,11.77,39.14,894,894,894,893,893,894,894,894,893,65.2,57.09,63.69,67.5,68.76,64.54,62.1,62.06,57.51,20.4,20.3,19.9,19.5,19.4,19.6,19.6,20.1,20.1
"2026-09-29 19:11:00",129997,11.77,39.08,894,894,894,893,893,894,894,894,893,65.25,57.3,63.61,67.5,68.92,64.54,62.24,62.37,57.64,20.3,20.3,19.9,19.5,19.3,19.6,19.5,20,20
"2026-09-29 19:12:00",129998,11.8,39.03,895,894,894,894,893,894,894,894,893,65.9,57.49,63.68,68.36,69.26,64.58,62.47,62.5,57.8,20.2,20.2,19.8,19.5,19.3,19.6,19.5,20,20
"2026-09-29 19:13:00",129999,11.77,38.97,895,894,894,894,893,894,894,894,893,65.9,57.58,63.7,69.1,68.55,64.96,62.57,62.74,57.82,20.2,20.2,19.8,19.4,19.3,19.5,19.5,20,19.9
"2026-09-29 19:14:00",130000,11.78,38.92,895,894,894,894,893,894,894,894,893,65.75,57.47,63.6,69.45,68.72,64.96,62.53,62.7,57.87,20.1,20.1,19.8,19.4,19.3,19.5,19.4,19.9,19.9
"2026-09-29 19:15:00",130001,11.77,38.86,895,894,894,894,893,894,894,894,893,65.62,57.09,63.53,69.59,69.6,65.41,63.08,62.52,57.68,20,20,19.7,19.4,19.3,19.5,19.4,19.9,19.8
"2026-09-29 19:16:00",130002,11.74,38.81,895,894,894,894,893,894,894,894,893,65.6,57.16,63.54,68.31,70.65,66.03,63.71,63.18,57.66,19.9,20,19.7,19.3,19.2,19.5,19.4,19.9,19.8
"2026-09-29 19:17:00",130003,11.79,38.75,895,894,894,894,893,894,894,894,893,65.59,57.14,63.85,67.79,71.25,66.07,63.86,63.53,57.86,19.9,19.9,19.7,19.3,19.2,19.4,19.3,19.9,19.7
"2026-09-29 19:18:00",130004,11.81,38.7,895,894,894,894,893,894,894,894,893,65.81,57.24,63.72,67.21,71.74,65.96,63.73,63.22,57.91,19.8,19.9,19.7,19.3,19.2,19.4,19.3,19.8,19.7
"2026-09-29 19:19:00",130005,11.74,38.64,895,894,894,894,893,894,894,894,893,66.09,57.27,63.67,66.78,72.25,66,63.78,62.83,57.95,19.8,19.9,19.6,19.2,19.1,19.4,19.2,19.8,19.6
"2026-09-29 19:20:00",130006,11.81,38.59,895,894,894,894,893,894,894,894,893,66.7,57.44,63.88,67.18,72.75,66.29,64.12,63.24,58,19.7,19.8,19.6,19.2,19.1,19.3,19.2,19.8,19.6
"2026-09-29 19:21:00",130007,11.77,38.53,895,894,894,894,893,894,894,894,893,67.34,57.94,64.68,67.98,73.33,67.41,65.4,64.29,58.68,19.7,19.8,19.6,19.1,19,19.3,19.2,19.7,19.6
"2026-09-29 19:22:00",130008,11.83,38.47,895,894,894,894,893,894,894,894,893,67.74,58.2,64.6,68.18,73.76,67.83,65.79,64.81,59.15,19.6,19.7,19.6,19.1,19,19.3,19.1,19.7,19.5
"2026-09-29 19:23:00",130009,11.82,38.42,895,894,894,894,893,894,894,894,893,68.34,58.54,64.82,68.93,74.19,68.42,66.51,65.77,59.47,19.6,19.7,19.5,19.1,18.9,19.2,19,19.7,19.5
"2026-09-29 19:24:00",130010,11.77,38.36,895,894,894,894,893,894,894,894,893,69.33,58.8,65.31,69.42,74.5,68.88,67.43,67.33,59.7,19.5,19.6,19.5,19,18.9,19.2,19,19.6,19.4
"2026-09-29 19:25:00",130011,11.78,38.31,895,894,894,893,893,894,894,894,893,70.83,59.12,66.47,69.93,74.88,69.54,67.83,67.94,60.11,19.5,19.6,19.5,19,18.8,19.1,18.9,19.5,19.4
"2026-09-29 19:26:00",130012,11.79,38.25,895,894,894,894,893,894,894,894,893,72.42,60.43,67.32,70.11,75.35,69.81,67.83,67.87,61.18,19.4,19.5,19.4,19,18.8,19,18.9,19.5,19.4
"2026-09-29 19:27:00",130013,11.79,38.2,894,894,894,894,893,894,894,894,893,73.41,60.77,67.75,70.44,75.52,70.39,68.86,68.9,61.42,19.3,19.5,19.4,19,18.7,19,18.8,19.5,19.3
"2026-09-29 19:28:00",130014,11.79,38.14,895,894,894,894,893,894,894,894,893,73.47,61.08,67.75,70.75,77.28,70.73,69.21,69.22,61.82,19.2,19.4,19.4,18.9,18.7,19,18.8,19.4,19.3
"2026-09-29 19:29:00",130015,11.72,38.08,895,894,894,894,893,894,894,894,893,73.6,60.97,68.05,70.97,78.03,71.19,69.21,70.11,62.81,19.2,19.4,19.3,18.9,18.6,18.9,18.8,19.4,19.2
"2026-09-29 19:30:00",130016,11.76,38.03,895,894,894,894,893,894,894,894,893,75.51,62.09,69.16,71.09,78.36,71.41,69.79,70.36,63.52,19.1,19.4,19.3,18.9,18.6,18.9,18.8,19.3,19.2
"2026-09-29 19:31:00",130017,11.82,37.97,895,894,894,894,893,894,894,894,893,77.44,63.02,69.67,71.16,78.62,71.71,69.79,70.62,63.99,19.1,19.3,19.3,18.8,18.6,18.9,18.8,19.3,19.2
"2026-09-29 19:32:00",130018,11.77,37.92,895,894,894,894,893,894,894,894,893,78.32,63.19,69.86,71.3,78.54,71.95,70.1,70.97,64.27,19.1,19.3,19.3,18.8,18.6,18.8,18.7,19.3,19.1
"2026-09-29 19:33:00",130019,11.75,37.86,895,894,894,894,893,894,894,894,893,78.97,63.55,69.93,71.29,78.54,72.05,70.18,71.04,64.54,19,19.3,19.3,18.8,18.6,18.8,18.7,19.3,19.1
"2026-09-29 19:34:00",130020,11.81,37.8,895,894,894,894,893,894,894,894,893,79.33,63.84,70.13,71.2,78.44,72.05,69.99,71.08,64.64,19,19.2,19.3,18.8,18.5,18.8,18.6,19.2,19
"2026-09-29 19:35:00",130021,11.77,37.75,895,894,894,894,893,894,894,894,893,79.18,63.72,70.05,71.37,78.87,72.83,70.26,71.34,64.87,19,19.2,19.2,18.7,18.5,18.7,18.6,19.2,19
"2026-09-29 19:36:00",130022,11.77,37.69,895,894,894,894,893,894,894,894,893,78.74,63.45,70.04,71.57,79.3,73.04,70.51,71.49,64.92,19,19.2,19.2,18.7,18.5,18.7,18.6,19.2,19
"2026-09-29 19:37:00",130023,11.77,37.63,895,894,894,894,893,894,894,894,893,78.24,63.25,69.8,71.74,79.2,73.2,70.54,71.96,65.11,18.9,19.1,19.2,18.7,18.5,18.7,18.6,19.2,18.9
"2026-09-29 19:38:00",130024,11.8,37.58,895,894,894,894,894,894,894,894,893,77.66,62.78,69.63,71.87,79.18,73.46,70.6,71.61,64.95,18.9,19.1,19.2,18.7,18.5,18.6,18.6,19.1,18.9
"2026-09-29 19:39:00",130025,11.77,37.52,895,894,894,894,894,894,894,894,893,78.51,63.53,69.74,71.81,79.23,73.72,70.66,71.94,64.75,18.9,19.1,19.2,18.7,18.5,18.6,18.6,19.1,18.9
"2026-09-29 19:40:00",130026,11.79,37.47,895,894,894,894,894,894,894,894,893,78.51,62.88,69.54,71.96,79.06,73.88,70.64,71.87,64.75,18.9,19.1,19.2,18.6,18.5,18.6,18.5,19.1,18.9
"2026-09-29 19:41:00",130027,11.8,37.41,895,894,894,894,894,894,894,894,893,78.08,62.86,70.19,71.9,78.96,73.13,70.65,71.09,64.88,18.9,19.1,19.1,18.6,18.5,18.5,18.5,19.1,18.8
"2026-09-29 19:42:00",130028,11.78,37.35,895,894,894,894,894,894,894,894,893,78.24,63.21,70.04,72.18,79.34,73.44,71,71.88,64.88,18.9,19.1,19.1,18.6,18.5,18.5,18.5,19.1,18.8
"2026-09-29 19:43:00",130029,11.77,37.3,895,894,894,894,894,894,894,894,893,77.56,62.8,69.81,72.35,79.86,73.44,71.29,72.38,65.21,18.9,19.1,19.1,18.6,18.5,18.5,18.5,19.1,18.8
"2026-09-29 19:44:00",130030,11.76,37.24,895,894,894,894,894,894,894,894,893,77.56,63.94,70.75,72.75,80.2,73.9,71.56,73.06,65.04,18.9,19,19.1,18.6,18.5,18.5,18.5,19.1,18.8
"2026-09-29 19:45:00",130031,11.8,37.19,895,894,894,894,894,894,894,894,893,79.51,63.68,70.43,72.42,80.2,73.63,71.7,72.88,64.65,18.8,19,19.1,18.5,18.5,18.5,18.4,19,18.7
"2026-09-29 19:46:00",130032,11.79,37.13,895,894,894,894,894,894,894,894,893,81,64.52,71.23,73.07,80.7,74.27,72.03,73.56,65.15,18.8,19,19.1,18.5,18.5,18.5,18.4,19,18.7
"2026-09-29 19:47:00",130033,11.78,37.08,895,894,894,894,894,894,894,894,893,82.2,65.25,72.08,73.53,81.4,74.73,72.28,74.22,66.02,18.8,19,19,18.5,18.5,18.4,18.3,19,18.7
"2026-09-29 19:48:00",130034,11.79,37.02,895,894,894,894,894,894,894,894,893,83.1,65.42,72.1,73.98,82.2,75.01,72.45,74.89,66.66,18.7,18.9,19,18.5,18.5,18.4,18.3,19,18.7
"2026-09-29 19:49:00",130035,11.77,36.97,895,894,894,894,894,894,894,894,893,83,65.42,72.01,74.07,81.5,75.02,72.62,75.27,66.84,18.7,18.9,19,18.5,18.4,18.4,18.2,18.9,18.7
"2026-09-29 19:50:00",130036,11.77,36.91,895,894,894,894,894,894,894,894,893,83.8,65.71,72.21,74.01,82,75.06,72.79,75.19,66.72,18.7,18.9,19,18.4,18.4,18.4,18.2,18.9,18.7
"2026-09-29 19:51:00",130037,11.78,36.86,895,894,895,894,894,894,894,894,893,84.3,65.83,72.21,73.97,82,75.24,73.02,75.71,67.22,18.6,18.9,19,18.4,18.4,18.4,18.1,18.8,18.6
"2026-09-29 19:52:00",130038,11.76,36.8,895,894,895,894,894,894,894,894,893,84.1,65.95,72.28,74.1,82.5,75.37,73.16,75.92,67.43,18.6,18.8,18.9,18.4,18.3,18.3,18,18.8,18.6
"2026-09-29 19:53:00",130039,11.77,36.75,895,894,895,894,894,894,895,894,893,84.3,65.82,72.36,74.92,83.3,76.1,74.67,76.93,67.9,18.6,18.8,18.9,18.4,18.3,18.3,18,18.7,18.6
"2026-09-29 19:54:00",130040,11.72,36.7,895,894,895,894,894,894,894,894,893,85,66.52,73.19,75.21,84,76.45,75.24,77.44,68.42,18.6,18.8,18.9,18.3,18.2,18.3,18,18.6,18.5
"2026-09-29 19:55:00",130041,11.8,36.64,895,894,895,894,894,894,895,895,893,84,65.52,72.93,74.95,82.6,76.27,75.22,76.99,68.37,18.5,18.8,18.9,18.3,18.2,18.2,17.9,18.6,18.5
"2026-09-29 19:56:00",130042,11.77,36.59,895,894,895,894,894,894,895,895,893,84.6,65.97,72.61,74.54,81.8,75.73,75.22,76.99,67.65,18.5,18.8,18.9,18.3,18.2,18.2,17.9,18.6,18.4
"2026-09-29 19:57:00",130043,11.79,36.53,895,894,895,894,894,894,895,895,893,83.5,65.69,72.11,74.38,81.6,75.61,74.12,76.71,67.45,18.5,18.8,18.9,18.3,18.2,18.2,17.9,18.5,18.4
"2026-09-29 19:58:00",130044,11.75,36.48,895,894,895,894,894,894,895,895,893,83.2,65.69,71.67,74.46,82.2,75.86,74.59,76.98,67.54,18.6,18.8,18.9,18.3,18.3,18.2,17.9,18.5,18.5
"2026-09-29 19:59:00",130045,11.8,36.43,895,894,895,894,894,894,895,895,893,83.8,65.74,71.93,74.86,82.9,76.07,75.28,76.59,67.35,18.6,18.8,19,18.3,18.3,18.2,18,18.5,18.5
"2026-09-29 20:00:00",130046,11.77,36.37,895,894,895,894,894,894,895,895,893,83.5,65.68,72.02,74.91,81.9,76.1,74.7,76.59,67.27,18.6,18.8,19,18.3,18.3,18.2,18,18.5,18.5
"2026-09-29 20:01:00",130047,11.75,36.32,895,894,895,894,894,894,895,895,893,83.2,65.87,71.83,74.84,82.1,76,74.56,76.81,67.43,18.7,18.9,19,18.3,18.3,18.2,18,18.4,18.5
"2026-09-29 20:02:00",130048,11.77,36.27,895,894,895,894,894,894,895,895,893,83.3,65.59,71.67,74.77,81.8,76.04,74.47,76.85,67.12,18.7,18.9,19,18.3,18.3,18.2,18,18.4,18.5
"2026-09-29 20:03:00",130049,11.77,36.21,895,894,895,894,894,894,895,895,893,83.5,65.81,71.9,74.93,82.1,76,74.52,76.92,67.05,18.7,18.9,19,18.3,18.4,18.2,18,18.4,18.6
"2026-09-29 20:04:00",130050,11.76,36.16,895,894,895,894,894,894,895,895,893,83.4,65.76,71.76,74.98,82.1,76.06,74.62,76.9,67.15,18.8,18.9,19.1,18.3,18.4,18.3,18,18.4,18.7
"2026-09-29 20:05:00",130051,11.81,36.11,895,894,895,894,894,894,895,895,893,83.7,65.93,71.93,75.1,82.3,76.11,74.61,76.9,67.17,18.8,18.9,19.1,18.3,18.4,18.3,18,18.3,18.7
"2026-09-29 20:06:00",130052,11.78,36.06,895,894,895,894,894,894,895,895,893,84.2,66.21,72.26,75.35,82.6,76.38,74.96,78.47,67.33,18.8,18.9,19.1,18.3,18.4,18.3,18,18.3,18.8
"2026-09-29 20:07:00",130053,11.79,36,895,894,895,894,894,894,895,895,893,84.9,66.44,72.63,75.49,82.8,76.47,75.17,79.17,67.4,18.8,18.9,19.1,18.3,18.4,18.3,18,18.3,18.8
"2026-09-29 20:08:00",130054,11.78,35.95,895,894,895,894,894,894,895,895,893,85.4,66.76,72.96,75.73,83.1,76.61,75.47,79.69,67.35,18.7,18.9,19,18.2,18.4,18.3,18,18.3,18.8
"2026-09-29 20:09:00",130055,11.79,35.9,895,894,895,894,894,894,895,895,893,86.3,67.02,73.18,75.8,83.3,76.64,75.71,80.1,67.2,18.7,18.8,19,18.2,18.3,18.2,18,18.3,18.7
"2026-09-29 20:10:00",130056,11.8,35.85,895,894,895,894,894,894,895,895,893,86.9,67.41,73.48,75.84,83.7,76.75,75.96,80.5,67.17,18.6,18.8,19,18.2,18.2,18.2,18,18.2,18.7
"2026-09-29 20:11:00",130057,11.77,35.8,895,894,895,894,894,894,895,895,893,87.7,67.62,73.76,76.26,84.7,77.14,76.38,81.1,67.18,18.5,18.7,18.9,18.1,18.2,18.2,17.9,18.2,18.6
"2026-09-29 20:12:00",130058,11.77,35.75,895,894,895,894,894,895,895,895,893,88.5,67.97,74.12,76.26,84.6,77.27,76.48,81.3,67.29,18.4,18.6,18.9,18.1,18.1,18.1,17.9,18.2,18.6
"2026-09-29 20:13:00",130059,11.82,35.7,895,894,895,894,894,895,895,895,894,89.3,68.15,74.39,76.58,84.8,77.49,76.59,81.5,67.45,18.4,18.6,18.8,18.1,18.1,18.1,17.9,18.1,18.5
"2026-09-29 20:14:00",130060,11.82,35.65,895,895,895,894,894,895,895,895,894,90.1,68.47,74.74,76.65,85.1,77.64,76.9,81.7,67.65,18.3,18.5,18.7,18.1,18,18,17.8,18.1,18.4
"2026-09-29 20:15:00",130061,11.82,35.59,895,895,895,894,894,895,895,895,894,90.8,68.87,74.99,76.92,85.6,77.91,77.19,82,67.84,18.2,18.5,18.7,18,18,18,17.7,18,18.4
"2026-09-29 20:16:00",130062,11.8,35.54,896,895,895,894,894,895,895,895,894,91.7,69.29,75.4,77.24,85.9,78.16,77.51,82.5,68.05,18.1,18.4,18.6,18,17.9,18,17.7,18,18.3
"2026-09-29 20:17:00",130063,11.77,35.49,896,895,895,894,894,895,895,895,894,92.5,69.63,75.83,77.39,86.5,78.45,77.87,82.8,68.27,18.1,18.3,18.6,18,17.9,17.9,17.6,18,18.2
"2026-09-29 20:18:00",130064,11.77,35.44,896,895,895,895,894,895,895,895,894,93.2,69.8,76.16,77.7,87.2,78.94,77.87,83.4,69.33,18,18.3,18.5,17.9,17.9,17.9,17.6,17.9,18.2
"2026-09-29 20:19:00",130065,11.79,35.39,896,895,895,895,894,895,895,895,894,93.9,70.32,76.53,77.97,87.5,78.94,78.69,83.9,70.39,18,18.2,18.5,17.9,17.8,17.9,17.6,17.9,18.1
"2026-09-29 20:20:00",130066,11.75,35.34,896,895,895,895,894,895,895,895,894,94,70.34,76.91,78.12,87.8,79.5,78.99,84.3,70.87,17.9,18.2,18.4,17.9,17.8,17.8,17.5,17.9,18.1
"2026-09-29 20:21:00",130067,11.79,35.29,896,895,895,895,894,895,895,895,894,93.8,70.62,77.15,78.24,88,79.65,79.1,84.4,71.33,17.9,18.2,18.4,17.9,17.8,17.8,17.5,17.8,18
"2026-09-29 20:22:00",130068,11.78,35.24,896,895,895,895,894,895,895,895,894,93.8,70.76,77.35,78.44,88.1,79.66,79.16,84.6,71.64,17.9,18.1,18.3,17.8,17.7,17.8,17.5,17.8,18
"2026-09-29 20:23:00",130069,11.81,35.19,896,895,895,895,894,895,895,895,894,93.6,70.85,77.58,78.53,88.5,79.79,79.31,84.6,71.82,17.8,18.1,18.3,17.8,17.7,17.7,17.5,17.8,18
"2026-09-29 20:24:00",130070,11.78,35.14,896,895,895,895,894,895,895,895,894,93.5,71.01,77.81,78.98,88.8,79.87,79.31,84.9,72.07,17.8,18.1,18.3,17.7,17.7,17.7,17.5,17.8,17.9
"2026-09-29 20:25:00",130071,11.77,35.09,896,895,895,895,894,895,895,895,894,93.4,71.09,78.11,79.59,90,80.3,80.4,85.6,72.46,17.7,18,18.2,17.7,17.6,17.7,17.4,17.7,17.9
"2026-09-29 20:26:00",130072,11.78,35.04,896,895,895,895,894,895,895,895,894,93.5,71.55,78.39,79.67,90.1,81,80.8,85.6,72.89,17.6,18,18.1,17.7,17.6,17.7,17.4,17.7,17.8
"2026-09-29 20:27:00",130073,11.77,34.99,896,895,895,895,894,895,895,895,894,93.6,71.83,78.67,79.77,90.4,81,81.1,86.8,73.2,17.6,17.9,18.1,17.7,17.6,17.6,17.3,17.7,17.8
"2026-09-29 20:28:00",130074,11.75,34.95,896,895,895,895,894,895,895,895,894,93.8,72.16,79.07,79.73,90.3,80.8,80.8,86.6,73.42,17.5,17.9,18.1,17.6,17.5,17.6,17.3,17.7,17.8
"2026-09-29 20:29:00",130075,11.79,34.9,896,895,895,895,894,895,895,895,894,94.1,72.24,79.35,79.5,90.3,80.9,80.8,86.4,73.65,17.5,17.8,18,17.6,17.5,17.6,17.3,17.6,17.7
"2026-09-29 20:30:00",130076,11.78,34.85,896,895,895,895,894,895,895,895,894,94.5,72.4,79.6,79.69,90,80.9,80.9,86.4,73.84,17.5,17.8,18,17.6,17.5,17.6,17.2,17.6,17.7
"2026-09-29 20:31:00",130077,11.81,34.8,896,895,895,895,894,895,895,895,894,97.4,72.64,79.88,79.93,90.3,81.3,81.1,86.6,74.12,17.4,17.8,18,17.5,17.4,17.5,17.2,17.6,17.7
"2026-09-29 20:32:00",130078,11.74,34.75,896,895,895,895,894,895,895,895,894,99,72.82,80.2,80.1,90.7,81.4,81.4,87.1,74.27,17.4,17.7,17.9,17.5,17.4,17.5,17.1,17.5,17.6
"2026-09-29 20:33:00",130079,11.79,34.71,896,895,895,895,894,895,895,895,894,99,72.91,80.5,80.4,91,81.7,81.7,87.2,74.45,17.4,17.7,17.9,17.5,17.4,17.4,17.1,17.5,17.6
"2026-09-29 20:34:00",130080,11.8,34.66,896,895,895,895,894,895,895,895,894,100,72.98,80.9,80.5,91.3,82,81.9,87.6,74.67,17.4,17.7,17.9,17.5,17.3,17.4,17.1,17.5,17.6
"2026-09-29 20:35:00",130081,11.75,34.61,896,895,895,895,895,895,895,895,894,100,73.15,81.1,81.1,92,82.4,82.3,87.8,74.86,17.3,17.6,17.9,17.4,17.3,17.4,17,17.5,17.6
"2026-09-29 20:36:00",130082,11.81,34.56,896,895,895,895,894,895,895,895,894,100,73.29,81.3,81.2,92.4,82.4,82.6,88.4,74.93,17.3,17.6,17.8,17.4,17.3,17.4,17,17.4,17.7
"2026-09-29 20:37:00",130083,11.78,34.52,896,895,895,895,895,895,895,895,894,100,73.36,81.4,81.4,92.5,82.8,82.9,88.6,74.99,17.3,17.6,17.8,17.4,17.3,17.4,17,17.4,17.7
"2026-09-29 20:38:00",130084,11.79,34.47,896,895,895,895,895,895,895,895,894,100,73.4,81.6,81.7,92.8,83.3,83.1,89,75.15,17.3,17.6,17.8,17.4,17.3,17.3,17,17.4,17.7
"2026-09-29 20:39:00",130085,11.8,34.42,896,895,895,895,895,895,895,895,894,100,73.57,81.7,82.1,93.2,83.6,83.4,89.5,75.29,17.3,17.6,17.8,17.4,17.3,17.3,17,17.4,17.7
"2026-09-29 20:40:00",130086,11.8,34.38,896,895,895,895,895,895,895,895,894,100,73.55,82,82.1,93.3,83.6,83.6,89.6,75.2,17.3,17.5,17.8,17.4,17.3,17.3,17,17.4,17.7
"2026-09-29 20:41:00",130087,11.79,34.33,896,895,895,895,895,895,895,895,894,100,73.59,82.1,82,93.4,83.5,83.6,89.8,75.07,17.3,17.5,17.8,17.4,17.3,17.3,17,17.4,17.7
"2026-09-29 20:42:00",130088,11.74,34.28,896,895,895,895,895,895,895,895,894,100,73.69,82.1,82,93.2,83.5,83.6,89.6,75.07,17.3,17.5,17.8,17.4,17.3,17.3,17,17.4,17.8
"2026-09-29 20:43:00",130089,11.8,34.24,896,895,895,895,895,895,895,895,894,100,73.97,82.1,82,93.1,83.6,83.7,89.6,75.12,17.3,17.5,17.8,17.3,17.3,17.3,17,17.4,17.8
"2026-09-29 20:44:00",130090,11.76,34.19,896,895,895,895,895,895,895,895,894,100,74.63,82.1,82.2,93.2,83.7,83.7,89.5,75.15,17.3,17.5,17.8,17.3,17.3,17.3,16.9,17.4,17.8
"2026-09-29 20:45:00",130091,11.77,34.15,896,895,896,895,895,895,895,895,894,100,75.01,82.2,82.1,93.3,83.7,83.7,89.5,75.16,17.3,17.4,17.8,17.3,17.2,17.3,16.9,17.4,17.8
"2026-09-29 20:46:00",130092,11.81,34.1,896,895,895,895,895,895,895,895,894,100,74.97,82.4,82.6,93.9,84.1,84.2,90,75.39,17.3,17.4,17.8,17.3,17.2,17.3,16.9,17.4,17.7
"2026-09-29 20:47:00",130093,11.76,34.06,896,895,895,895,895,895,895,895,894,100,75.31,82.6,82.6,94,84,84.2,90.2,75.28,17.2,17.4,17.7,17.3,17.2,17.3,16.9,17.4,17.7
"2026-09-29 20:48:00",130094,11.81,34.01,896,895,895,895,895,895,895,895,894,100,75.54,82.9,82.7,94,84.2,84.4,90.2,75.36,17.2,17.4,17.7,17.3,17.2,17.3,16.9,17.3,17.7
"2026-09-29 20:49:00",130095,11.8,33.97,896,895,896,895,895,895,895,895,894,100,75.69,83.2,82.7,94.2,84.2,84.5,90.3,75.44,17.2,17.4,17.7,17.3,17.2,17.2,16.9,17.3,17.7
"2026-09-29 20:50:00",130096,11.79,33.92,896,895,896,895,895,895,895,895,894,100,75.9,83.6,83,94.4,84.3,84.7,90.5,75.44,17.1,17.3,17.7,17.3,17.1,17.2,16.8,17.3,17.7
"2026-09-29 20:51:00",130097,11.83,33.88,896,895,896,895,895,895,895,895,894,100,76.11,83.9,83.1,94.6,84.5,84.8,90.8,75.6,17.1,17.3,17.7,17.2,17.1,17.2,16.8,17.3,17.7
"2026-09-29 20:52:00",130098,11.81,33.83,896,895,896,895,895,895,895,895,894,100,76.28,84.2,83.3,95.1,84.9,85.1,90.8,75.64,17.1,17.3,17.6,17.2,17.1,17.2,16.8,17.3,17.7
"2026-09-29 20:53:00",130099,11.79,33.79,896,895,896,895,895,895,895,895,894,100,76.51,84.3,83.7,95.3,85.3,85.4,91.5,75.76,17.1,17.3,17.6,17.2,17.1,17.2,16.8,17.2,17.7
"2026-09-29 20:54:00",130100,11.79,33.74,896,895,896,895,895,895,895,895,894,100,76.61,84.4,83.8,95.4,85.4,85.5,91.7,75.91,17.1,17.3,17.6,17.2,17.1,17.2,16.8,17.2,17.7
"2026-09-29 20:55:00",130101,11.78,33.7,896,895,896,895,895,895,895,895,894,100,76.74,84.6,83.9,95.4,85.6,85.7,91.9,75.91,17.1,17.3,17.6,17.2,17.1,17.2,16.8,17.2,17.7
"2026-09-29 20:56:00",130102,11.77,33.66,896,895,896,895,895,895,895,895,894,100,76.72,84.5,83.9,95.5,85.5,85.7,91.9,75.65,17.1,17.3,17.5,17.2,17.2,17.2,16.8,17.2,17.7
"2026-09-29 20:57:00",130103,11.81,33.61,896,895,896,895,895,895,895,895,894,100,77,84.6,84.2,95.3,85.4,85.5,91.9,75.57,17.1,17.3,17.5,17.2,17.2,17.2,16.8,17.2,17.7
"2026-09-29 20:58:00",130104,11.81,33.57,896,895,896,895,895,895,895,895,894,100,76.86,84.8,84.3,95.1,85.4,85.5,91.7,75.65,17,17.3,17.5,17.2,17.2,17.2,16.8,17.3,17.7
"2026-09-29 20:59:00",130105,11.78,33.53,896,895,896,895,895,895,895,895,894,100,76.94,84.8,84.3,95.1,85.4,85.5,91.7,75.77,17,17.3,17.5,17.2,17.2,17.2,16.8,17.3,17.7
"2026-09-29 21:00:00",130106,11.78,33.48,896,895,896,895,895,895,895,895,894,100,76.97,85,84.3,95.1,85.4,85.5,91.7,75.71,17,17.3,17.5,17.2,17.2,17.2,16.8,17.3,17.6
"2026-09-29 21:01:00",130107,11.77,33.44,896,895,896,895,895,895,895,895,894,100,77.04,85,84.6,95.2,85.4,85.5,91.8,75.77,17.1,17.3,17.5,17.2,17.2,17.2,16.8,17.3,17.6
"2026-09-29 21:02:00",130108,11.82,33.4,896,895,896,895,895,895,895,895,894,100,77.05,85,84.8,95.2,85.5,85.5,91.7,75.7,17.1,17.3,17.5,17.2,17.2,17.2,16.8,17.3,17.7
"2026-09-29 21:03:00",130109,11.77,33.35,896,895,896,895,895,895,895,895,894,100,77.02,85,84.9,95.3,85.5,85.6,91.7,75.64,17.1,17.3,17.5,17.2,17.2,17.2,16.8,17.3,17.7
"2026-09-29 21:04:00",130110,11.8,33.31,896,895,896,895,895,895,895,895,894,100,76.81,84.8,85,95.4,85.5,85.6,91.8,75.47,17.1,17.3,17.5,17.2,17.2,17.2,16.8,17.3,17.7
"2026-09-29 21:05:00",130111,11.79,33.27,896,895,896,895,895,895,895,895,894,100,76.71,84.7,85,95.4,85.7,85.8,91.8,75.51,17.1,17.3,17.5,17.2,17.2,17.2,16.8,17.3,17.7
"2026-09-29 21:06:00",130112,11.8,33.23,896,895,896,895,895,895,895,895,894,100,76.6,84.6,85,95.4,85.6,85.7,91.9,75.19,17.1,17.3,17.5,17.2,17.2,17.2,16.8,17.3,17.7
"2026-09-29 21:07:00",130113,11.78,33.19,896,895,896,895,895,895,895,895,894,100,76.57,84.5,85.1,95.1,85.5,85.5,91.6,75.21,17.1,17.3,17.6,17.2,17.2,17.2,16.8,17.3,17.7
"2026-09-29 21:08:00",130114,11.81,33.14,896,895,896,895,895,895,895,895,894,100,76.63,84.5,84.9,94.8,85.5,85.5,91.5,75.31,17.1,17.4,17.6,17.2,17.2,17.2,16.8,17.3,17.7
"2026-09-29 21:09:00",130115,11.73,33.1,896,895,896,895,895,895,895,896,894,100,76.7,84.6,84.5,94.7,85.5,85.5,91.4,75.41,17.1,17.4,17.6,17.2,17.2,17.2,16.8,17.3,17.7
"2026-09-29 21:10:00",130116,11.81,33.06,896,895,896,895,895,895,895,895,894,100,76.65,84.5,84.4,94.7,85.4,85.5,91.4,75.47,17.2,17.4,17.6,17.2,17.2,17.2,16.8,17.3,17.7
"2026-09-29 21:11:00",130117,11.81,33.02,896,895,896,895,895,895,895,896,894,100,76.58,84.5,84.3,94.7,85.3,85.4,91.2,75.52,17.2,17.4,17.6,17.1,17.1,17.2,16.8,17.3,17.7
"2026-09-29 21:12:00",130118,11.79,32.98,896,895,896,895,895,895,895,896,894,100,76.52,84.4,84.1,94.6,85.2,85.4,91.1,75.54,17.2,17.4,17.6,17.1,17.1,17.2,16.8,17.3,17.7
"2026-09-29 21:13:00",130119,11.81,32.94,896,895,896,895,895,895,895,896,894,100,76.67,84.4,84.2,94.6,85.3,85.5,91.1,75.71,17.2,17.3,17.6,17.1,17.1,17.2,16.8,17.3,17.7
"2026-09-29 21:14:00",130120,11.79,32.9,896,895,896,895,895,895,896,896,894,100,76.68,84.5,84.3,94.6,85.4,85.6,91.3,75.85,17.1,17.3,17.6,17.1,17,17.2,16.8,17.3,17.6
"2026-09-29 21:15:00",130121,11.77,32.86,896,895,896,895,895,895,895,896,894,100,76.76,84.5,84.3,94.6,85.4,85.7,91.5,75.85,17.1,17.3,17.6,17.1,17,17.1,16.8,17.3,17.6
"2026-09-29 21:16:00",130122,11.76,32.82,896,895,896,895,895,895,896,896,894,100,76.84,84.5,84.4,94.7,85.5,85.8,91.5,76.12,17.1,17.3,17.6,17,16.9,17.1,16.7,17.3,17.6
"2026-09-29 21:17:00",130123,11.81,32.78,896,895,896,895,895,895,896,896,894,100,76.79,84.4,84.5,94.9,85.5,86,91.5,76.32,17.1,17.3,17.6,17,16.9,17.1,16.7,17.2,17.5
"2026-09-29 21:18:00",130124,11.82,32.74,896,895,896,895,895,895,896,896,894,100,77.09,84.4,84.6,94.9,85.7,86,91.7,76.54,17.1,17.3,17.6,17,16.9,17.1,16.7,17.2,17.5
"2026-09-29 21:19:00",130125,11.77,32.7,896,895,896,895,895,895,896,896,894,100,77.03,84.6,84.7,95.2,85.9,86,91.5,76.66,17.1,17.3,17.6,17,16.8,17,16.7,17.2,17.5
"2026-09-29 21:20:00",130126,11.79,32.66,896,895,896,895,895,895,896,896,894,100,76.96,84.4,84.6,95.3,85.8,86,91.4,76.79,17.1,17.2,17.6,16.9,16.7,17,16.7,17.1,17.4
"2026-09-29 21:21:00",130127,11.77,32.62,896,895,896,895,895,895,896,896,894,100,77.51,84.5,84.6,96,85.9,86.1,91.6,77.17,17,17.2,17.6,16.9,16.7,17,16.6,17.1,17.4
"2026-09-29 21:22:00",130128,11.79,32.58,896,895,896,895,895,895,896,896,894,100,77.42,84.6,85.2,97.3,86.5,86.5,92.2,77.41,17,17.2,17.5,16.9,16.7,17,16.6,17.1,17.3
"2026-09-29 21:23:00",130129,11.78,32.54,896,895,896,895,895,895,896,896,894,100,77.18,84.3,85.2,98,86.8,86.2,92.3,77.22,17,17.2,17.5,16.9,16.6,17,16.6,17.1,17.3
"2026-09-29 21:24:00",130130,11.75,32.5,896,895,896,895,895,895,896,896,894,100,77.29,84.7,85.5,98.4,86.9,86.6,92.5,77.29,17,17.2,17.5,16.9,16.7,16.9,16.6,17.1,17.3
"2026-09-29 21:25:00",130131,11.81,32.47,896,895,896,895,895,895,896,896,894,100,77.44,84.7,85.7,98.3,87,86.6,92.5,77.57,17,17.1,17.5,16.9,16.7,16.9,16.6,17.1,17.2
"2026-09-29 21:26:00",130132,11.79,32.43,896,895,896,895,895,895,896,896,894,100,77.22,84.7,86,98.2,87.3,86.6,92.6,77.82,17,17.1,17.5,16.9,16.7,16.9,16.7,17.1,17.2
"2026-09-29 21:27:00",130133,11.73,32.39,896,895,896,895,895,896,896,896,894,100,77.38,84.8,86,98.3,87.4,86.7,92.9,78.07,17,17.1,17.5,16.9,16.7,16.9,16.7,17.1,17.2
"2026-09-29 21:28:00",130134,11.8,32.35,896,895,896,895,895,896,896,896,894,100,77.3,84.8,86,98.4,87.3,86.7,92.8,78.38,17.1,17.1,17.5,16.9,16.8,16.9,16.7,17.1,17.2
"2026-09-29 21:29:00",130135,11.79,32.31,896,895,896,895,895,895,896,896,894,100,77.56,85.1,86.2,98.3,87.3,87,93.2,78.65,17.1,17.1,17.5,16.8,16.8,16.9,16.7,17.1,17.2
"2026-09-29 21:30:00",130136,11.76,32.28,896,895,896,895,895,896,896,896,894,100,77.84,85.4,86.7,98.1,87.7,87.2,93.7,79.09,17.1,17.1,17.5,16.8,16.8,16.9,16.7,17.1,17.1
"2026-09-29 21:31:00",130137,11.81,32.24,896,896,896,895,895,896,896,896,894,100,77.98,85.4,86.8,98.4,87.9,87.3,93.7,79.25,17,17.1,17.5,16.8,16.9,16.8,16.7,17.1,17.1
"2026-09-29 21:32:00",130138,11.78,32.2,896,896,896,895,895,896,896,896,894,100,78.18,85.6,86.5,98,88.1,87.3,93.7,79.31,17,17.1,17.5,16.9,16.9,16.8,16.7,17.1,17.1
"2026-09-29 21:33:00",130139,11.77,32.17,896,896,896,895,895,896,896,896,894,100,78.08,85.6,86.3,97.3,88.1,86.8,93.4,79.36,17,17.1,17.5,16.9,17,16.8,16.7,17.1,17
"2026-09-29 21:34:00",130140,11.73,32.13,896,896,896,895,895,896,896,896,894,100,78.08,85.6,86.1,96.7,88,86.5,93.2,79.31,17,17.1,17.5,16.9,17,16.8,16.7,17.1,17
"2026-09-29 21:35:00",130141,11.8,32.09,896,896,896,895,895,896,896,896,894,100,78,85.7,85.9,96.5,88,86.5,92.8,79.33,17,17.1,17.4,16.9,17,16.8,16.7,17.1,17
"2026-09-29 21:36:00",130142,11.78,32.06,896,896,896,895,895,896,896,896,894,100,78.2,85.8,86,96.4,88.1,86.6,92.9,79.39,16.9,17.1,17.4,16.9,16.9,16.8,16.7,17.1,17
"2026-09-29 21:37:00",130143,11.8,32.02,897,896,896,895,895,896,896,896,894,100,78.16,86,86,96.8,88.2,86.7,92.9,79.51,16.9,17,17.4,16.9,16.9,16.8,16.7,17.1,17
"2026-09-29 21:38:00",130144,11.76,31.99,897,896,896,895,895,896,896,896,895,100,78.33,86,86,96.9,88.3,86.9,93.1,79.73,16.9,17,17.4,16.8,16.9,16.8,16.6,17,17
"2026-09-29 21:39:00",130145,11.76,31.95,897,896,896,895,895,896,896,896,895,100,78.31,86.1,86.2,97.1,88.6,87.3,93.3,79.73,16.9,17.1,17.4,16.8,16.9,16.8,16.6,17,17
"2026-09-29 21:40:00",130146,11.77,31.92,897,896,896,896,895,896,896,896,895,100,78.41,85.9,86.3,97.6,88.8,87.7,93.4,79.68,16.9,17.1,17.4,16.8,16.9,16.8,16.6,17.1,17
"2026-09-29 21:41:00",130147,11.77,31.88,897,896,896,896,895,896,896,896,895,100,78.32,85.8,86.3,97.6,88.7,87.6,93.3,79.63,17,17.1,17.4,16.8,16.9,16.8,16.6,17.1,17
"2026-09-29 21:42:00",130148,11.82,31.85,897,896,896,896,895,896,896,896,895,100,78,85.7,86.3,97.5,88.6,87.5,93.1,79.6,17,17.1,17.4,16.8,16.9,16.8,16.6,17.1,17
"2026-09-29 21:43:00",130149,11.8,31.82,897,896,896,895,895,896,896,896,895,100,77.95,85.4,86.2,97.4,88.8,87.7,92.8,79.6,17,17.1,17.4,16.8,16.9,16.8,16.6,17.1,17
"2026-09-29 21:44:00",130150,11.78,31.78,897,896,896,895,895,896,896,896,895,100,78.15,85.4,86,97.3,88.8,88.2,92.8,79.6,17.1,17.2,17.5,16.8,16.9,16.9,16.6,17.1,17
"2026-09-29 21:45:00",130151,11.82,31.75,897,896,896,895,895,896,896,896,895,100,77.81,85.1,85.9,96.9,88.3,88.4,92.5,79.11,17.1,17.2,17.5,16.8,16.9,16.9,16.6,17.2,17.1
"2026-09-29 21:46:00",130152,11.79,31.71,897,896,896,895,895,896,896,896,895,100,77.63,84.6,85.8,96.7,87.9,87.7,92.1,78.86,17.2,17.3,17.6,16.9,16.9,16.9,16.6,17.2,17.2
"2026-09-29 21:47:00",130153,11.78,31.68,897,896,896,895,895,896,896,896,895,100,77.01,84.2,85.7,96.7,87.7,87.4,91.7,78.86,17.2,17.3,17.6,16.9,16.9,16.9,16.6,17.2,17.2
"2026-09-29 21:48:00",130154,11.81,31.65,897,896,896,895,895,896,896,896,895,100,77.01,83.9,85.7,96.5,87.7,87.2,91.6,78.29,17.3,17.3,17.6,16.9,17,16.9,16.6,17.2,17.2
"2026-09-29 21:49:00",130155,11.75,31.62,897,896,896,895,895,896,896,896,895,100,76.26,83.6,85.6,96.4,87.5,87,91.4,78.07,17.3,17.4,17.7,16.9,17,17,16.6,17.3,17.2
"2026-09-29 21:50:00",130156,11.78,31.58,897,896,896,895,895,896,896,896,895,100,76.17,83.6,85.6,96.2,87.4,86.8,91.4,78.07,17.3,17.4,17.7,16.9,17,17,16.7,17.3,17.3
"2026-09-29 21:51:00",130157,11.77,31.55,897,896,896,896,895,896,896,896,895,100,75.87,83.4,85.3,95.9,87.1,86.6,91,77.94,17.3,17.4,17.7,16.9,17,17,16.7,17.2,17.3
"2026-09-29 21:52:00",130158,11.8,31.52,897,896,896,896,895,896,896,896,895,100,76.18,83.3,85.1,95.6,87,86.3,90.7,77.9,17.3,17.3,17.7,16.9,17,17,16.7,17.2,17.2
"2026-09-29 21:53:00",130159,11.75,31.49,897,896,896,896,895,896,896,896,895,100,76.4,83.4,85.1,95.5,86.9,86.3,90.8,77.96,17.3,17.3,17.7,16.9,17,17,16.7,17.2,17.2
"2026-09-29 21:54:00",130160,11.78,31.46,897,896,896,896,895,896,896,896,895,100,77.03,83.9,85.1,95.3,86.6,86,90.8,78.45,17.3,17.4,17.7,16.9,17,17,16.8,17.2,17.2
"2026-09-29 21:55:00",130161,11.75,31.43,897,896,896,896,895,896,896,896,895,100,77.01,83.9,85.1,95.3,86.7,86.1,91,78.73,17.3,17.4,17.7,16.9,17,17,16.8,17.1,17.2
"2026-09-29 21:56:00",130162,11.79,31.39,897,896,896,896,895,896,896,896,895,100,76.67,83.7,85,95.2,86.4,85.7,91.1,78.78,17.3,17.4,17.7,16.9,17,17,16.8,17.1,17.2
"2026-09-29 21:57:00",130163,11.77,31.36,897,896,896,895,895,896,896,896,895,100,76.42,83.5,85.1,95.3,86.4,85.4,91,78.54,17.4,17.4,17.7,16.9,17,17,16.8,17.1,17.2
"2026-09-29 21:58:00",130164,11.77,31.33,897,896,896,895,895,896,896,896,895,100,76.26,83.3,85.1,95.1,86.3,85.3,91.4,78.44,17.4,17.5,17.8,16.9,17,17,16.8,17,17.2
"2026-09-29 21:59:00",130165,11.73,31.3,897,896,896,895,895,896,896,896,895,100,76.03,83.1,85.2,95.5,86.5,85.2,91.8,78.33,17.4,17.5,17.8,16.9,16.9,16.9,16.8,17,17.2
"2026-09-29 22:00:00",130166,11.82,31.27,897,896,896,895,895,896,896,896,895,100,76.02,82.9,85.3,95.5,86.6,85.2,91.8,78.28,17.4,17.5,17.7,16.9,16.9,16.9,16.8,17,17.2
"2026-09-29 22:01:00",130167,11.82,31.24,897,896,896,895,895,896,896,896,894,100,75.73,83,85.4,95.8,86.6,85.2,92.2,78.3,17.4,17.5,17.7,16.8,16.9,16.9,16.8,17,17.1
"2026-09-29 22:02:00",130168,11.81,31.21,897,896,896,895,895,896,896,896,895,100,75.73,83.1,85.4,96.1,87.2,85.8,92.7,78.52,17.4,17.5,17.7,16.8,16.9,16.9,16.7,17,17.1
"2026-09-29 22:03:00",130169,11.77,31.18,897,896,896,896,895,896,896,896,895,100,75.84,83.4,85.9,96.5,87.6,85.9,93,78.69,17.3,17.4,17.7,16.9,16.9,16.9,16.7,17,17.1
"2026-09-29 22:04:00",130170,11.82,31.15,897,896,896,896,895,896,896,896,895,100,76.09,83.6,86.2,96.7,87.8,86.4,93.2,78.89,17.3,17.4,17.6,16.8,16.9,16.9,16.7,17,17.1
"2026-09-29 22:05:00",130171,11.81,31.13,897,896,896,896,895,896,896,896,895,100,76.36,83.9,86.3,96.4,87.9,86.2,93.3,79.05,17.2,17.3,17.6,16.9,17,16.9,16.7,17,17.1
"2026-09-29 22:06:00",130172,11.81,31.1,897,896,896,896,895,896,896,896,895,100,76.76,84.2,86.6,97,88.3,86.6,93.6,79.23,17.2,17.3,17.6,16.9,17,16.9,16.8,17,17
"2026-09-29 22:07:00",130173,11.8,31.07,897,896,896,896,895,896,896,896,895,100,76.99,84.8,86.7,97.3,88.4,86.9,94,79.4,17.2,17.3,17.6,16.9,17,16.9,16.8,17,17
"2026-09-29 22:08:00",130174,11.75,31.04,897,896,896,896,895,896,896,896,895,100,77.56,85.4,86.7,97.3,88.4,87,94.1,79.46,17.1,17.3,17.6,16.9,17,16.9,16.8,17.1,17
"2026-09-29 22:09:00",130175,11.79,31.01,897,896,896,896,895,896,896,896,895,100,77.47,85.4,86.5,96.8,88.2,86.9,93.9,79.5,17.1,17.3,17.5,16.9,17,17,16.8,17.1,17
"2026-09-29 22:10:00",130176,11.75,30.98,897,896,896,896,895,896,896,896,895,100,77.69,85.6,86.5,96.6,88.1,86.8,93.8,79.67,17.1,17.3,17.5,16.9,17,17,16.7,17.1,17
"2026-09-29 22:11:00",130177,11.79,30.95,897,896,896,896,895,896,896,896,895,100,77.82,85.8,86.4,96.8,88.1,86.9,93.9,80.7,17,17.2,17.5,16.9,17,16.9,16.7,17,17
"2026-09-29 22:12:00",130178,11.77,30.92,897,896,896,896,895,896,896,896,895,100,78.18,86,86.5,97,88,87.1,94,81.2,17,17.2,17.5,16.9,17,16.9,16.7,17,16.9
"2026-09-29 22:13:00",130179,11.78,30.89,897,896,896,896,895,896,896,896,895,100,78.43,86.3,86.6,97.2,88.1,87.3,94.2,81.5,16.9,17.1,17.4,16.8,16.9,16.9,16.6,17,16.9
"2026-09-29 22:14:00",130180,11.79,30.87,897,896,896,896,895,896,896,896,895,100,78.76,86.6,86.6,97.3,88.1,87.3,94.3,81.6,16.9,17.1,17.4,16.8,16.9,16.9,16.6,17,16.9
"2026-09-29 22:15:00",130181,11.83,30.84,897,896,896,896,895,896,896,896,895,100,78.97,86.8,86.6,97.5,88,87.4,94.3,81.9,16.8,17,17.3,16.8,16.9,16.9,16.6,16.9,16.9
"2026-09-29 22:16:00",130182,11.81,30.81,897,896,896,896,895,896,896,896,895,100,79.09,87,86.6,97.8,88,87.5,94.7,81.9,16.8,17,17.3,16.8,16.8,16.8,16.5,16.9,16.9
"2026-09-29 22:17:00",130183,11.75,30.78,897,896,896,896,895,896,896,896,895,100,79.37,87.3,86.6,97.8,88.2,87.7,94.7,81.8,16.7,16.9,17.3,16.7,16.7,16.8,16.5,16.8,16.9
"2026-09-29 22:18:00",130184,11.8,30.75,897,896,896,896,895,896,896,896,895,100,79.65,87.4,86.8,97.9,88.4,88,95.3,81.7,16.6,16.9,17.2,16.7,16.7,16.7,16.4,16.8,16.9
"2026-09-29 22:19:00",130185,11.82,30.73,897,896,896,896,895,896,896,896,895,100,79.79,87.5,86.9,98.4,88.6,88.2,95.5,81.5,16.6,16.8,17.2,16.7,16.6,16.7,16.4,16.7,16.9
"2026-09-29 22:20:00",130186,11.8,30.7,897,896,896,896,895,896,896,896,895,100,79.75,87.5,87,98.6,88.7,88.3,95.5,81.2,16.5,16.8,17.1,16.6,16.6,16.7,16.4,16.7,16.9
"2026-09-29 22:21:00",130187,11.77,30.67,897,896,896,896,895,896,896,896,895,100,80,87.7,87,98.7,88.7,88.3,95.5,81.1,16.5,16.8,17.1,16.6,16.5,16.6,16.3,16.6,16.8
"2026-09-29 22:22:00",130188,11.75,30.64,897,896,896,896,895,896,896,896,895,100,80.3,88,87,99,88.8,88.5,95.5,81.1,16.5,16.7,17.1,16.6,16.5,16.6,16.3,16.6,16.8
"2026-09-29 22:23:00",130189,11.73,30.62,897,896,896,896,895,896,896,896,895,100,80.7,88.4,87.2,99.3,88.9,88.8,95.5,81.4,16.4,16.7,17,16.5,16.5,16.6,16.2,16.6,16.8
"2026-09-29 22:24:00",130190,11.78,30.59,897,896,896,896,895,896,896,896,895,100,80.9,88.6,87.5,99.8,89.3,89.1,96.5,81.7,16.4,16.6,17,16.5,16.4,16.6,16.2,16.5,16.8
"2026-09-29 22:25:00",130191,11.79,30.56,897,896,896,896,895,896,896,896,895,100,81,89,87.8,100,89.8,89.3,97,81.9,16.3,16.6,17,16.5,16.4,16.5,16.2,16.5,16.8
"2026-09-29 22:26:00",130192,11.78,30.54,897,896,896,896,895,896,896,896,895,100,81.2,89.2,88.1,100,90.1,89.8,97,82.4,16.3,16.6,17,16.5,16.4,16.5,16.2,16.5,16.7
"2026-09-29 22:27:00",130193,11.81,30.51,897,896,896,896,895,896,896,896,895,100,81.2,89.6,88.3,100,90.4,90.1,97,82.5,16.3,16.5,16.9,16.5,16.4,16.5,16.2,16.5,16.7
"2026-09-29 22:28:00",130194,11.73,30.48,897,896,896,896,895,896,896,896,895,100,81.4,89.8,88.6,100,90.6,90.4,98.2,83,16.3,16.5,16.9,16.4,16.4,16.5,16.1,16.5,16.6
"2026-09-29 22:29:00",130195,11.79,30.46,897,896,896,896,895,896,896,896,895,100,81.8,90,88.6,100,90.7,90.5,98.2,83.3,16.3,16.5,16.9,16.4,16.3,16.5,16.1,16.5,16.6
"2026-09-29 22:30:00",130196,11.82,30.43,897,896,896,896,895,896,896,896,895,100,81.8,90.1,88.9,100,90.6,90.5,98.2,83.6,16.3,16.5,16.9,16.4,16.3,16.5,16.1,16.5,16.5
"2026-09-29 22:31:00",130197,11.83,30.4,897,896,896,896,895,896,896,896,895,100,82.1,89.9,89,100,90.8,90.6,98.3,83.6,16.3,16.5,16.9,16.4,16.3,16.4,16.1,16.5,16.5
"2026-09-29 22:32:00",130198,11.81,30.38,897,896,896,896,895,896,896,896,895,100,82.1,89.7,89.2,100,91,90.8,98.5,83.6,16.3,16.5,16.9,16.4,16.3,16.4,16.1,16.5,16.5
"2026-09-29 22:33:00",130199,11.75,30.35,897,896,896,896,895,896,896,896,895,100,82.2,89.6,89.3,100,91,90.8,98.5,83.6,16.3,16.5,16.9,16.4,16.3,16.4,16.1,16.5,16.4
"2026-09-29 22:34:00",130200,11.77,30.32,897,896,896,896,895,896,896,896,895,100,82.3,89.4,89.1,100,90.9,90.6,98.1,83.6,16.4,16.5,16.9,16.4,16.3,16.4,16.1,16.5,16.4
"2026-09-29 22:35:00",130201,11.77,30.3,897,896,896,896,895,896,896,896,895,100,82.2,89.3,88.9,100,90.8,90.4,97.7,83.6,16.4,16.4,16.9,16.4,16.3,16.4,16.1,16.5,16.4
"2026-09-29 22:36:00",130202,11.76,30.27,897,896,896,896,895,896,896,896,895,100,81.8,88.9,88.8,100,90.7,90.3,97.3,83.4,16.4,16.4,16.9,16.4,16.4,16.4,16.1,16.5,16.4
"2026-09-29 22:37:00",130203,11.76,30.25,897,896,896,896,896,896,896,896,895,100,81.6,89,88.8,100,90.9,90.4,97.4,83.1,16.4,16.4,16.9,16.4,16.4,16.4,16.1,16.5,16.4
"2026-09-29 22:38:00",130204,11.76,30.22,897,896,896,896,895,896,896,896,895,100,81.5,89.5,89,100,91.1,90.7,97.4,83.1,16.4,16.5,16.9,16.4,16.4,16.4,16.1,16.5,16.4
"2026-09-29 22:39:00",130205,11.81,30.2,897,896,896,896,895,896,896,896,895,100,81.8,89.7,89.1,100,91.2,90.8,97.8,83.2,16.4,16.5,16.9,16.4,16.4,16.4,16.1,16.5,16.5
"2026-09-29 22:40:00",130206,11.77,30.17,897,896,896,896,895,896,896,896,895,100,81.8,89.7,89.3,100,91.2,90.8,97.8,83.3,16.4,16.5,16.9,16.4,16.4,16.4,16.1,16.5,16.5
"2026-09-29 22:41:00",130207,11.79,30.14,897,896,896,896,895,896,896,896,895,100,82,89.9,89.3,100,91.2,91,98.2,83.3,16.4,16.5,16.8,16.4,16.4,16.4,16.1,16.6,16.5
"2026-09-29 22:42:00",130208,11.77,30.12,897,896,896,896,895,896,896,896,895,100,82,89.9,89.3,100,91.1,91,98.2,84,16.4,16.5,16.8,16.4,16.4,16.4,16.1,16.5,16.5
"2026-09-29 22:43:00",130209,11.78,30.09,897,896,896,896,895,896,896,896,895,100,81.8,90.1,89.4,100,91.2,91,98.2,84,16.4,16.5,16.8,16.4,16.4,16.4,16.1,16.5,16.5
"2026-09-29 22:44:00",130210,11.78,30.07,897,896,896,896,895,896,896,896,895,100,81.5,90.2,89.5,100,91.3,91,98.3,84,16.4,16.4,16.7,16.4,16.4,16.4,16.1,16.5,16.5
"2026-09-29 22:45:00",130211,11.79,30.05,897,896,896,896,895,896,896,896,895,100,81.8,90.4,89.6,100,91.6,91.1,98.3,84.1,16.3,16.4,16.7,16.3,16.4,16.4,16.1,16.5,16.5
"2026-09-29 22:46:00",130212,11.81,30.02,897,896,896,896,895,896,896,896,895,100,82.4,90.9,89.6,100,91.7,91.2,98.2,83.9,16.3,16.4,16.6,16.3,16.3,16.3,16.1,16.5,16.5
"2026-09-29 22:47:00",130213,11.76,30,897,896,896,896,895,896,896,896,895,100,82.9,91.3,89.9,100,92,91.5,98.7,84.2,16.2,16.4,16.6,16.3,16.3,16.3,16,16.5,16.5
"2026-09-29 22:48:00",130214,11.76,29.97,897,896,896,896,895,896,896,896,895,100,83.1,91.9,90.2,100,92.3,91.9,99.4,84.6,16.2,16.4,16.6,16.3,16.3,16.3,16,16.5,16.5
"2026-09-29 22:49:00",130215,11.79,29.95,897,896,896,896,895,896,896,896,895,100,83.1,92.2,90.3,100,92.4,91.8,99.1,84.1,16.2,16.3,16.6,16.3,16.3,16.3,16,16.5,16.5
"2026-09-29 22:50:00",130216,11.76,29.92,897,896,896,896,895,896,896,896,895,100,82.9,92.1,90.5,100,92.5,91.9,99.1,83.9,16.1,16.3,16.6,16.3,16.3,16.3,16,16.4,16.5
"2026-09-29 22:51:00",130217,11.77,29.9,897,896,896,896,895,896,896,896,895,100,83.3,92.7,90.6,100,93,92.5,99.4,83.9,16.1,16.3,16.6,16.3,16.3,16.3,16,16.4,16.5
"2026-09-29 22:52:00",130218,11.77,29.87,897,896,896,896,895,896,896,896,895,100,83.4,93,90.8,100,93.2,92.8,100,84,16.1,16.3,16.6,16.3,16.3,16.3,16,16.4,16.5
"2026-09-29 22:53:00",130219,11.81,29.85,897,896,896,895,895,896,896,896,895,100,83.8,93,90.8,100,93.2,92.7,100,84,16.1,16.3,16.6,16.3,16.4,16.3,16,16.5,16.5
"2026-09-29 22:54:00",130220,11.8,29.83,897,896,896,895,895,896,896,896,895,100,83.7,93.1,90.8,100,93.2,92.6,100,84.1,16.1,16.3,16.6,16.3,16.4,16.4,16,16.5,16.6
"2026-09-29 22:55:00",130221,11.8,29.8,897,896,896,895,895,896,896,896,895,100,83.9,93.1,91,100,93.3,92.7,100,84.4,16.1,16.3,16.6,16.3,16.4,16.4,16,16.5,16.6
"2026-09-29 22:56:00",130222,11.81,29.78,897,896,896,895,895,896,896,896,895,100,84,93.4,91,100,93.3,92.8,100,84.5,16.1,16.3,16.6,16.3,16.4,16.4,16.1,16.5,16.6
"2026-09-29 22:57:00",130223,11.79,29.75,896,896,896,895,895,896,896,896,895,100,83.7,92.9,91.1,100,93.5,92.8,100,84.5,16.1,16.3,16.6,16.3,16.4,16.4,16.1,16.5,16.7
"2026-09-29 22:58:00",130224,11.79,29.73,897,896,896,895,895,896,896,896,895,100,83.7,92.7,91.3,100,93.4,92.9,100,83.9,16.1,16.3,16.6,16.3,16.4,16.4,16.1,16.5,16.6
"2026-09-29 22:59:00",130225,11.75,29.71,897,896,896,895,895,896,896,896,895,100,84.2,93.3,91.4,100,93.4,92.9,100,83.9,16.1,16.3,16.6,16.3,16.4,16.4,16.1,16.5,16.6
"2026-09-29 23:00:00",130226,11.79,29.68,897,896,896,896,895,896,896,896,895,100,84.7,93.6,91.3,100,93.2,92.9,100,84.6,16.1,16.3,16.6,16.3,16.4,16.4,16.1,16.5,16.6
"2026-09-29 23:01:00",130227,11.78,29.66,897,896,896,896,895,896,896,896,895,100,84.7,94,91.3,100,93,92.8,100,85,16.1,16.3,16.6,16.3,16.4,16.4,16.1,16.5,16.6
"2026-09-29 23:02:00",130228,11.8,29.64,897,896,896,896,895,896,896,896,895,100,84.5,94,91.1,100,92.8,92.6,100,85.2,16.1,16.3,16.7,16.3,16.4,16.4,16.1,16.5,16.6
"2026-09-29 23:03:00",130229,11.78,29.61,897,896,896,896,895,896,896,896,895,100,84.4,93.7,91.1,100,92.8,92.6,100,84.9,16.1,16.3,16.7,16.3,16.4,16.4,16,16.5,16.6
"2026-09-29 23:04:00",130230,11.79,29.59,897,896,896,896,895,896,896,896,895,100,84.2,93.3,91,100,92.7,92.6,99.9,84.8,16.1,16.3,16.7,16.3,16.4,16.4,16,16.4,16.6
"2026-09-29 23:05:00",130231,11.81,29.57,897,896,896,896,895,896,896,896,895,100,84,92.8,90.8,100,92.4,92.3,99.9,84.5,16.1,16.3,16.7,16.3,16.3,16.4,16,16.4,16.6
"2026-09-29 23:06:00",130232,11.75,29.55,897,896,896,896,895,896,896,896,895,100,83.7,92.7,90.9,100,92.4,92.3,99.9,84.4,16.1,16.3,16.6,16.2,16.3,16.4,16,16.4,16.6
"2026-09-29 23:07:00",130233,11.8,29.52,897,896,896,896,895,896,896,896,895,100,83.6,92.2,90.8,100,92.2,92.2,99.6,83.9,16,16.3,16.6,16.2,16.3,16.4,16,16.4,16.5
"2026-09-29 23:08:00",130234,11.82,29.5,897,896,896,896,895,896,896,896,895,100,83.3,92,90.6,100,92.1,92,99.6,84,16,16.3,16.6,16.2,16.2,16.3,15.9,16.3,16.5
"2026-09-29 23:09:00",130235,11.8,29.48,897,896,896,896,895,896,896,896,895,100,83.3,92.3,90.3,100,91.8,91.8,99.2,84.2,16,16.2,16.6,16.2,16.1,16.3,15.9,16.3,16.5
"2026-09-29 23:10:00",130236,11.77,29.45,897,896,896,896,895,896,896,896,895,100,83.4,92.5,90.1,100,91.6,91.8,99.3,84.5,15.9,16.2,16.5,16.1,16.1,16.3,15.9,16.2,16.4
"2026-09-29 23:11:00",130237,11.82,29.43,897,896,896,896,895,896,896,896,895,100,83.7,92.7,90.1,100,91.7,91.8,99.6,84.9,15.9,16.1,16.5,16.1,16,16.2,15.9,16.2,16.4
"2026-09-29 23:12:00",130238,11.79,29.41,897,896,896,896,895,896,896,896,895,100,83.9,92.9,90.2,100,91.8,92.1,99.8,85.1,15.9,16.1,16.5,16.1,16,16.2,15.8,16.2,16.4
"2026-09-29 23:13:00",130239,11.76,29.39,897,896,896,896,895,896,896,896,895,100,84.4,93.1,90.3,100,92,92.2,100,85,15.8,16.1,16.5,16,15.9,16.1,15.8,16.1,16.3
"2026-09-29 23:14:00",130240,11.75,29.37,897,896,896,896,895,896,896,896,895,100,84.8,93.6,90.5,100,92.4,92.4,100,85.3,15.8,16.1,16.4,16,15.9,16.1,15.7,16.1,16.3
"2026-09-29 23:15:00",130241,11.75,29.34,897,896,896,896,895,896,896,896,895,100,85.1,94.2,91,100,92.6,93.3,100,85.7,15.8,16,16.4,16,15.8,16.1,15.7,16.1,16.3
"2026-09-29 23:16:00",130242,11.82,29.32,897,896,896,896,895,896,896,896,895,100,85.5,94.6,91.5,100,92.9,93.6,100,86,15.8,16,16.4,16,15.8,16.1,15.7,16.1,16.2
"2026-09-29 23:17:00",130243,11.78,29.3,897,896,896,896,895,896,896,896,895,100,85.8,94.9,91.9,100,93.1,93.8,100,86.3,15.8,16,16.4,16,15.8,16,15.7,16.1,16.2
"2026-09-29 23:18:00",130244,11.76,29.28,897,896,896,896,895,896,896,896,895,100,85.9,95.1,92.1,100,93.2,94.2,100,86.7,15.8,16,16.4,16,15.8,16,15.7,16,16.1
"2026-09-29 23:19:00",130245,11.73,29.25,897,896,896,896,895,896,896,896,895,100,86.1,95.1,92.4,100,93.3,94.3,100,86.9,15.8,16,16.4,15.9,15.8,16,15.7,16,16.1
"2026-09-29 23:20:00",130246,11.77,29.23,897,896,896,895,895,896,896,896,895,100,85.9,95,92.5,100,93.4,94.3,100,87.1,15.8,16,16.4,15.9,15.8,16,15.6,16,16.1
"2026-09-29 23:21:00",130247,11.77,29.21,897,896,896,896,895,896,896,896,895,100,86,94.9,92.5,100,93.5,94.3,100,87.2,15.8,16,16.4,15.9,15.8,16,15.6,16,16
"2026-09-29 23:22:00",130248,11.77,29.19,897,896,896,895,895,896,896,896,895,100,85.9,94.8,92.6,100,93.7,94.3,100,87.3,15.8,16,16.4,15.9,15.8,16,15.6,16,16
"2026-09-29 23:23:00",130249,11.82,29.17,897,896,896,895,895,896,896,896,895,100,85.8,94.8,92.8,100,94,94.5,100,87.6,15.8,16,16.4,16,15.8,16,15.6,16,16
"2026-09-29 23:24:00",130250,11.82,29.15,897,896,896,895,895,896,896,896,895,100,85.8,94.8,92.9,100,94.2,94.6,100,87.9,15.8,16,16.4,16,15.9,16,15.6,16,15.9
"2026-09-29 23:25:00",130251,11.78,29.12,897,896,896,895,895,896,896,896,895,100,85.8,94.8,93,100,94.5,94.7,100,88.1,15.8,16,16.4,16,15.9,16,15.6,16,15.9
"2026-09-29 23:26:00",130252,11.73,29.1,896,896,896,895,895,896,896,896,894,100,85.9,94.9,93.1,100,95,94.7,100,88.4,15.8,16,16.4,16,15.9,16,15.6,16,15.9
"2026-09-29 23:27:00",130253,11.79,29.08,896,896,896,895,895,896,896,896,894,100,85.9,95,93.1,100,95.3,94.9,100,88.5,15.8,16,16.5,16,15.9,16,15.7,16.1,15.9
"2026-09-29 23:28:00",130254,11.79,29.06,896,896,896,895,895,896,896,896,894,100,86,95.1,93,100,95.4,94.8,100,88.6,15.8,16,16.5,16,16,16,15.7,16.1,15.9
"2026-09-29 23:29:00",130255,11.8,29.04,896,896,896,895,895,895,896,896,894,100,86.1,95,92.7,100,95.2,94.6,100,88.7,15.8,16,16.5,16,16,16,15.7,16.1,15.9
"2026-09-29 23:30:00",130256,11.79,29.02,896,896,896,895,895,895,896,896,894,100,86,94.5,92.3,100,94.7,94.2,100,88.4,15.8,16,16.5,16,16,16,15.7,16.1,15.9
"2026-09-29 23:31:00",130257,11.77,28.99,896,896,896,895,895,895,896,896,894,100,85.9,94.2,92.2,100,94.4,94.2,100,87.9,15.9,16,16.5,16,16,16,15.7,16.1,16
"2026-09-29 23:32:00",130258,11.77,28.97,896,896,896,895,895,895,896,896,894,100,85.4,93.5,92,100,94.2,93.9,100,87.4,15.9,16,16.5,16,16,16,15.6,16.1,16
"2026-09-29 23:33:00",130259,11.81,28.95,896,895,896,895,895,895,896,896,894,100,85.1,93.2,91.8,100,94.1,93.9,100,87,15.9,16,16.5,16,16,16,15.6,16.1,16
"2026-09-29 23:34:00",130260,11.82,28.93,896,896,896,895,895,895,896,896,894,100,85.1,93.1,91.7,100,94,93.9,100,86.9,15.9,16,16.5,16,16,16,15.6,16.1,16
"2026-09-29 23:35:00",130261,11.75,28.91,896,896,896,895,895,895,896,896,894,100,85.2,93.2,91.6,100,93.9,93.5,100,86.9,15.8,16,16.5,16,16,16,15.5,16.1,16
"2026-09-29 23:36:00",130262,11.81,28.89,896,896,896,895,895,895,896,896,894,100,85.4,93.4,91.7,100,93.9,93.6,100,87.1,15.8,16,16.5,16,16,16,15.5,16.1,16
"2026-09-29 23:37:00",130263,11.79,28.87,896,896,896,895,895,895,896,896,894,100,85.4,93.6,91.8,100,94.2,93.7,100,87.2,15.8,16,16.5,16,15.9,16,15.5,16.1,16
"2026-09-29 23:38:00",130264,11.82,28.85,896,896,896,895,895,895,896,896,894,100,85.4,93.4,92.1,100,94.5,94.3,100,87.2,15.8,16,16.5,16,15.9,16,15.4,16.1,16
"2026-09-29 23:39:00",130265,11.8,28.83,896,896,896,895,895,895,896,896,894,100,85.2,93.3,92.2,100,94.6,94.6,100,87.2,15.8,16,16.5,16,15.9,16,15.4,16,16
"2026-09-29 23:40:00",130266,11.8,28.81,896,896,896,895,895,895,896,896,894,100,85.2,93.4,92.2,100,94.6,95,100,87.2,15.8,16,16.5,16,15.9,15.9,15.4,16,16
"2026-09-29 23:41:00",130267,11.8,28.79,896,895,896,895,895,895,896,896,894,100,85.4,93.5,92.3,100,94.7,95.2,100,87.3,15.8,15.9,16.5,16,15.9,15.9,15.4,16,15.9
"2026-09-29 23:42:00",130268,11.77,28.77,896,895,896,895,895,895,896,896,894,100,85.3,93.7,92.2,100,94.8,95.4,100,87.3,15.8,16,16.5,15.9,15.9,15.9,15.4,16,15.9
"2026-09-29 23:43:00",130269,11.78,28.75,896,895,896,895,895,895,896,896,894,100,85.4,93.8,92.3,100,94.8,95.7,100,87.9,15.8,15.9,16.5,15.9,15.9,15.9,15.4,15.9,15.9
"2026-09-29 23:44:00",130270,11.75,28.73,896,895,896,895,895,895,896,896,894,100,85.5,93.9,92.3,100,94.9,95.8,100,88.3,15.8,15.9,16.5,15.9,15.9,16,15.4,15.9,15.9
"2026-09-29 23:45:00",130271,11.81,28.71,896,895,896,895,895,895,896,896,894,100,85.7,93.8,92.3,100,94.9,95.7,100,88.5,15.8,15.9,16.5,15.9,15.9,16,15.4,15.9,15.9
"2026-09-29 23:46:00",130272,11.75,28.69,896,895,896,895,895,895,896,896,894,100,85.7,93.8,92.2,100,94.7,95.5,100,88.6,15.7,15.9,16.4,15.9,15.9,16,15.4,15.9,15.9
"2026-09-29 23:47:00",130273,11.8,28.67,896,895,896,895,895,895,896,896,894,100,85.7,93.8,92.1,100,94.5,95.4,100,88.6,15.7,15.9,16.4,15.9,15.9,16,15.4,15.8,15.9
"2026-09-29 23:48:00",130274,11.78,28.66,896,895,896,895,895,895,896,896,894,100,85.7,93.8,92.3,100,94.5,95.4,100,88.5,15.7,15.9,16.4,15.9,15.9,15.9,15.4,15.8,15.9
"2026-09-29 23:49:00",130275,11.77,28.64,896,895,896,895,895,895,896,896,894,100,85.7,93.9,92.1,100,94.4,95.3,100,88.3,15.6,15.8,16.4,15.9,15.9,15.9,15.4,15.7,15.8
"2026-09-29 23:50:00",130276,11.75,28.62,896,895,896,895,895,895,896,896,894,100,86.2,94.4,92.1,100,94.3,95.2,99.9,88.4,15.6,15.8,16.3,15.9,15.9,15.9,15.4,15.7,15.8
"2026-09-29 23:51:00",130277,11.81,28.6,896,895,896,895,895,895,896,896,894,100,86.5,94.7,92.1,100,94.3,95.3,100,88.5,15.6,15.8,16.3,15.9,15.8,15.9,15.4,15.7,15.8
"2026-09-29 23:52:00",130278,11.82,28.58,896,895,896,895,895,895,896,896,894,100,86.4,95,92.2,100,94.3,95.3,100,88.8,15.6,15.8,16.3,15.9,15.8,15.9,15.4,15.6,15.8
"2026-09-29 23:53:00",130279,11.77,28.56,896,895,896,895,895,895,896,896,894,100,86.3,94.9,92.4,100,94.5,95.3,100,88.8,15.6,15.8,16.3,15.8,15.8,15.9,15.4,15.6,15.7
"2026-09-29 23:54:00",130280,11.83,28.54,896,895,896,895,895,895,896,896,894,100,86.4,94.9,92.5,100,94.8,95.5,100,88.8,15.6,15.8,16.3,15.8,15.8,15.9,15.4,15.6,15.7
"2026-09-29 23:55:00",130281,11.81,28.52,896,895,896,895,895,895,896,896,894,100,86.3,94.9,92.6,100,94.7,95.5,100,88.7,15.6,15.8,16.3,15.8,15.8,15.9,15.4,15.6,15.7
"2026-09-29 23:56:00",130282,11.77,28.5,896,895,896,895,895,895,896,896,894,100,86.2,94.7,92.6,100,94.6,95.4,100,88.8,15.6,15.8,16.3,15.8,15.7,15.8,15.4,15.6,15.6
"2026-09-29 23:57:00",130283,11.82,28.48,896,895,896,895,895,895,896,896,894,100,85.9,94.6,92.6,100,94.7,95.5,100,88.8,15.7,15.8,16.3,15.8,15.7,15.8,15.3,15.7,15.6
"2026-09-29 23:58:00",130284,11.81,28.46,896,895,896,895,895,895,896,896,894,100,85.9,94.5,92.7,100,94.6,95.5,100,88.9,15.7,15.8,16.3,15.8,15.7,15.8,15.3,15.6,15.6
"2026-09-29 23:59:00",130285,11.8,28.45,896,895,896,895,895,895,896,896,894,100,85.9,94.4,92.9,100,94.8,95.9,100,89,15.7,15.8,16.3,15.8,15.7,15.8,15.3,15.6,15.6
"2026-09-30 00:00:00",130286,11.77,28.43,896,895,896,895,895,895,896,896,894,100,85.8,94.6,93.2,100,95.2,96.2,100,89.2,15.6,15.8,16.3,15.8,15.7,15.8,15.3,15.6,15.6
"2026-09-30 00:01:00",130287,11.77,28.41,896,895,896,895,895,895,896,896,894,100,85.9,94.9,93.4,100,95.5,96.5,100,89.3,15.6,15.8,16.3,15.7,15.7,15.8,15.3,15.6,15.6
"2026-09-30 00:02:00",130288,11.78,28.39,896,895,896,895,895,895,896,896,894,100,85.9,95,93.5,100,95.6,96.7,100,89.3,15.6,15.7,16.2,15.7,15.7,15.8,15.3,15.6,15.6
"2026-09-30 00:03:00",130289,11.78,28.37,896,895,896,895,895,895,896,896,894,100,86.4,95.4,93.5,100,95.6,96.7,100,89.4,15.6,15.7,16.2,15.7,15.7,15.7,15.3,15.6,15.5
"2026-09-30 00:04:00",130290,11.75,28.35,896,895,896,895,895,895,896,896,894,100,86.6,95.7,93.6,100,95.7,96.6,100,90.6,15.5,15.7,16.2,15.7,15.7,15.7,15.3,15.6,15.6
"2026-09-30 00:05:00",130291,11.77,28.33,896,895,896,895,895,895,896,896,894,100,86.7,95.4,93.6,100,95.8,96.7,100,90.7,15.5,15.7,16.2,15.7,15.7,15.7,15.3,15.6,15.6
"2026-09-30 00:06:00",130292,11.79,28.31,896,895,896,895,895,895,896,896,894,100,87.1,95.7,93.6,100,95.8,96.6,100,90.7,15.5,15.7,16.1,15.7,15.7,15.7,15.3,15.6,15.6
"2026-09-30 00:07:00",130293,11.77,28.29,896,895,896,895,895,895,896,896,894,100,87.5,96.1,93.6,100,95.8,96.5,100,90.7,15.5,15.7,16.1,15.6,15.6,15.7,15.3,15.6,15.6
"2026-09-30 00:08:00",130294,11.82,28.28,896,895,896,895,895,895,896,896,894,100,87.4,96.5,93.8,100,96.2,96.8,100,91.1,15.4,15.7,16.1,15.6,15.6,15.7,15.3,15.6,15.6
"2026-09-30 00:09:00",130295,11.76,28.26,896,895,896,895,895,895,896,896,894,100,87.8,97,93.8,100,96.1,96.8,100,91.1,15.4,15.7,16.1,15.6,15.6,15.7,15.3,15.6,15.6
"2026-09-30 00:10:00",130296,11.81,28.24,896,895,896,895,895,895,896,896,894,100,87.9,97.1,94,100,96.2,96.9,100,90.8,15.4,15.7,16.1,15.6,15.6,15.7,15.3,15.6,15.7
"2026-09-30 00:11:00",130297,11.77,28.22,896,895,896,895,895,895,896,896,894,100,87.8,96.9,93.8,100,96.1,96.7,100,90.8,15.4,15.7,16.1,15.6,15.6,15.7,15.3,15.6,15.7
"2026-09-30 00:12:00",130298,11.81,28.2,896,895,896,895,895,895,896,896,894,100,87.8,97.1,93.8,100,95.9,96.6,100,90.8,15.4,15.7,16.2,15.6,15.6,15.7,15.3,15.6,15.8
"2026-09-30 00:13:00",130299,11.83,28.19,896,895,896,895,895,895,896,896,894,100,87.8,96.6,93.9,100,96,96.8,100,90.5,15.4,15.7,16.2,15.6,15.6,15.7,15.3,15.6,15.8
"2026-09-30 00:14:00",130300,11.81,28.17,896,895,896,895,895,895,896,896,894,100,87.8,96.1,94,100,96,96.8,100,89.9,15.4,15.7,16.2,15.6,15.6,15.7,15.3,15.6,15.8
"2026-09-30 00:15:00",130301,11.79,28.15,896,895,896,895,895,895,896,896,894,100,87.4,96,93.9,100,96,96.7,100,89.4,15.4,15.7,16.2,15.6,15.6,15.7,15.2,15.6,15.9
"2026-09-30 00:16:00",130302,11.81,28.13,896,895,896,895,895,895,896,896,894,100,87.1,95.9,93.9,100,96,96.7,100,88.9,15.4,15.7,16.1,15.6,15.6,15.7,15.2,15.6,15.9
"2026-09-30 00:17:00",130303,11.79,28.12,896,895,896,895,895,895,896,896,894,100,86.8,95.8,93.4,100,95.2,96,100,88.6,15.4,15.7,16.1,15.6,15.6,15.6,15.2,15.6,15.9
"2026-09-30 00:18:00",130304,11.8,28.1,896,895,896,895,895,895,896,896,894,100,87,95.6,93.4,100,95.1,95.8,100,88.4,15.3,15.7,16.1,15.5,15.6,15.6,15.2,15.6,15.9
"2026-09-30 00:19:00",130305,11.77,28.08,896,895,896,895,895,895,896,896,894,100,86.8,95.7,93.3,100,95.2,95.9,100,88.2,15.3,15.6,16.1,15.5,15.5,15.6,15.2,15.5,15.9
"2026-09-30 00:20:00",130306,11.77,28.07,896,895,896,895,895,895,896,896,894,100,86.9,96,93.4,100,95.3,96,100,88.2,15.3,15.6,16.1,15.5,15.5,15.6,15.1,15.5,15.9
"2026-09-30 00:21:00",130307,11.8,28.05,896,895,896,895,895,895,896,896,894,100,86.8,96.4,93.5,100,95.5,96.2,100,88.7,15.3,15.6,16,15.5,15.5,15.6,15.1,15.5,15.8
"2026-09-30 00:22:00",130308,11.79,28.03,896,895,896,895,895,895,896,896,894,100,87.1,96.6,93.8,100,95.8,96.4,100,89.1,15.3,15.6,16,15.4,15.4,15.5,15.1,15.5,15.8
"2026-09-30 00:23:00",130309,11.78,28.02,896,895,896,895,895,895,896,896,894,100,87.1,96.9,94.2,100,96.2,96.8,100,89.1,15.3,15.6,16,15.4,15.4,15.5,15.1,15.5,15.8
"2026-09-30 00:24:00",130310,11.81,28,896,895,896,895,895,895,895,896,894,100,87.6,97.1,94.5,100,96.5,97,100,89.2,15.3,15.6,16,15.4,15.4,15.5,15.1,15.4,15.8
"2026-09-30 00:25:00",130311,11.78,27.98,896,895,896,895,895,895,896,896,894,100,87.6,97.3,94.8,100,96.6,97.2,100,89.4,15.3,15.5,16,15.4,15.4,15.5,15.1,15.4,15.8
"2026-09-30 00:26:00",130312,11.81,27.96,896,895,896,895,895,895,896,896,894,100,87.7,97.2,94.9,100,97,97.2,100,89.2,15.3,15.5,16,15.4,15.4,15.5,15.1,15.4,15.8
"2026-09-30 00:27:00",130313,11.8,27.95,896,895,896,895,895,895,895,896,894,100,87.9,97,95,100,97,97.4,100,89,15.3,15.5,16,15.4,15.4,15.5,15.1,15.4,15.8
"2026-09-30 00:28:00",130314,11.82,27.93,896,895,896,895,895,895,895,896,894,100,87.8,96.7,95,100,96.8,97.4,100,88.9,15.3,15.5,16,15.4,15.4,15.5,15.1,15.4,15.8
"2026-09-30 00:29:00",130315,11.76,27.91,896,895,896,895,895,895,895,896,894,100,87.8,96.6,95,100,96.8,97.4,100,88.9,15.3,15.5,16,15.4,15.4,15.5,15.1,15.4,15.8
"2026-09-30 00:30:00",130316,11.79,27.9,896,895,896,895,895,895,895,896,894,100,87.8,96.7,95,100,96.7,97.3,100,89,15.3,15.5,15.9,15.4,15.4,15.5,15.1,15.4,15.8
"2026-09-30 00:31:00",130317,11.76,27.88,896,895,896,895,895,895,895,896,894,100,88,96.7,95,100,96.6,97.2,100,89,15.3,15.5,15.9,15.4,15.4,15.5,15.1,15.4,15.8
"2026-09-30 00:32:00",130318,11.77,27.86,896,895,896,895,895,895,895,895,894,100,88.1,97.1,94.8,100,96.7,97.2,100,89,15.2,15.5,15.9,15.4,15.4,15.5,15.1,15.4,15.8
"2026-09-30 00:33:00",130319,11.8,27.85,896,895,896,895,895,895,895,895,894,100,88.2,97.3,95,100,96.9,97.5,100,89.1,15.2,15.5,15.9,15.4,15.4,15.5,15,15.4,15.7
"2026-09-30 00:34:00",130320,11.77,27.83,896,895,895,895,895,895,895,895,894,100,88.5,97.4,95,100,96.9,97.5,100,89.2,15.2,15.5,15.9,15.4,15.4,15.5,15,15.4,15.7
"2026-09-30 00:35:00",130321,11.78,27.81,896,895,895,895,895,895,895,895,894,100,88.6,97.7,95.1,100,97,97.5,100,89.5,15.2,15.4,15.9,15.4,15.4,15.5,15,15.4,15.7
"2026-09-30 00:36:00",130322,11.76,27.8,896,895,895,895,895,895,895,895,894,100,88.9,97.8,95.1,100,97,97.6,100,89.8,15.2,15.4,15.8,15.4,15.4,15.5,15,15.4,15.7
"2026-09-30 00:37:00",130323,11.83,27.78,896,895,895,895,895,895,895,895,894,100,89.1,97.9,95.2,100,97.1,97.6,100,90,15.2,15.4,15.8,15.4,15.4,15.5,15,15.4,15.6
"2026-09-30 00:38:00",130324,11.78,27.76,896,895,895,895,895,895,895,895,894,100,89.3,97.9,95.3,100,97.2,97.7,100,90.3,15.2,15.4,15.8,15.4,15.4,15.5,15,15.4,15.6
"2026-09-30 00:39:00",130325,11.78,27.75,896,895,895,895,895,895,895,895,894,100,89.1,97.9,95.4,100,97.2,97.9,100,90.3,15.2,15.4,15.8,15.4,15.4,15.5,15,15.4,15.6
"2026-09-30 00:40:00",130326,11.73,27.73,896,895,895,895,895,895,895,895,894,100,89.1,98,95.6,100,97.6,98,100,90.4,15.1,15.4,15.7,15.4,15.4,15.5,15,15.4,15.5
"2026-09-30 00:41:00",130327,11.74,27.71,896,895,895,895,895,895,895,895,894,100,89.1,98.3,95.6,100,97.4,98.1,100,90.5,15.1,15.4,15.7,15.4,15.4,15.5,15,15.4,15.5
"2026-09-30 00:42:00",130328,11.79,27.7,896,895,895,895,895,895,895,895,894,100,89.3,98.3,95.5,100,97.2,98.1,100,90.6,15.1,15.3,15.7,15.4,15.4,15.5,15.1,15.4,15.5
"2026-09-30 00:43:00",130329,11.74,27.68,896,895,895,895,895,895,895,895,894,100,89.3,99.2,95.4,100,97.1,98,100,90.8,15.1,15.3,15.7,15.4,15.4,15.5,15.1,15.4,15.5
"2026-09-30 00:44:00",130330,11.79,27.66,896,895,895,895,895,895,895,895,894,100,89.5,99.4,95.2,100,97.1,98,100,91,15.1,15.3,15.7,15.4,15.4,15.5,15.1,15.4,15.5
"2026-09-30 00:45:00",130331,11.81,27.65,896,895,895,895,895,895,895,895,894,100,89.6,99.6,95,100,96.9,97.7,100,91.3,15.1,15.3,15.7,15.4,15.4,15.5,15.1,15.4,15.5
"2026-09-30 00:46:00",130332,11.8,27.63,896,895,895,895,895,895,895,895,894,100,89.5,99.6,94.8,100,96.7,97.6,100,91.3,15.1,15.3,15.7,15.4,15.4,15.5,15.1,15.4,15.5
"2026-09-30 00:47:00",130333,11.82,27.61,896,895,895,895,895,895,895,895,894,100,89.6,99.6,94.7,100,96.7,97.6,100,91.3,15.1,15.3,15.7,15.4,15.4,15.5,15.1,15.4,15.5
"2026-09-30 00:48:00",130334,11.8,27.6,896,895,895,895,895,895,895,895,894,100,89.8,99.6,94.4,100,96.7,97.6,100,91.3,15.1,15.3,15.7,15.4,15.3,15.4,15,15.4,15.5
"2026-09-30 00:49:00",130335,11.76,27.58,896,895,895,895,895,895,895,895,894,100,89.8,99.5,94.2,100,96.8,97.6,100,91.3,15.1,15.3,15.7,15.4,15.3,15.4,15,15.4,15.4
"2026-09-30 00:50:00",130336,11.77,27.56,896,895,895,895,895,895,895,895,894,100,89.7,99.3,94.1,100,96.8,97.5,100,91.3,15.1,15.3,15.7,15.4,15.3,15.4,15,15.4,15.4
"2026-09-30 00:51:00",130337,11.78,27.55,896,895,895,895,895,895,895,895,894,100,89.7,99.2,94.1,100,96.8,97.5,100,91.3,15.1,15.3,15.7,15.4,15.3,15.4,15,15.4,15.4
"2026-09-30 00:52:00",130338,11.79,27.53,896,895,895,895,895,895,895,895,894,100,89.6,99.1,94,100,96.8,97.4,100,91.4,15.1,15.3,15.7,15.3,15.3,15.4,15,15.3,15.4
"2026-09-30 00:53:00",130339,11.82,27.51,896,895,895,895,895,895,895,895,894,100,89.6,99.2,94.1,100,96.8,97.4,100,91.5,15.1,15.2,15.7,15.3,15.2,15.4,14.9,15.3,15.4
"2026-09-30 00:54:00",130340,11.77,27.5,896,895,895,895,895,895,895,895,894,100,89.8,99.3,94.3,100,96.9,97.5,100,91.6,15,15.2,15.7,15.3,15.2,15.3,14.9,15.3,15.4
"2026-09-30 00:55:00",130341,11.75,27.48,896,895,895,895,895,895,895,895,894,100,89.8,99.4,94.4,100,96.8,97.5,100,91.7,15,15.2,15.7,15.3,15.2,15.3,14.9,15.3,15.3
"2026-09-30 00:56:00",130342,11.77,27.47,896,895,895,895,895,895,895,895,894,100,89.8,99.3,94.4,100,96.8,97.6,100,91.8,15,15.2,15.6,15.2,15.1,15.3,14.9,15.2,15.3
"2026-09-30 00:57:00",130343,11.81,27.45,896,895,895,895,895,895,895,895,894,100,90.1,99.5,94.6,100,96.8,97.7,100,91.9,15,15.2,15.6,15.2,15.1,15.3,14.8,15.2,15.3
"2026-09-30 00:58:00",130344,11.78,27.43,896,895,895,895,895,895,895,895,894,100,90.5,100,94.6,100,97.3,98.2,100,92.3,15,15.2,15.6,15.2,15,15.3,14.8,15.2,15.2
"2026-09-30 00:59:00",130345,11.78,27.42,896,895,895,895,895,895,895,895,894,100,90.9,100,95.5,100,97.9,98.5,100,92.8,15,15.2,15.6,15.2,15,15.2,14.8,15.2,15.2
"2026-09-30 01:00:00",130346,11.82,27.4,896,895,895,895,895,895,895,895,894,100,91.1,100,96,100,98.5,99.1,100,93.2,15,15.2,15.6,15.2,15,15.2,14.8,15.2,15.2
"2026-09-30 01:01:00",130347,11.8,27.38,896,895,895,895,894,895,895,895,894,100,90.9,100,96.4,100,98.9,99.1,100,93.5,15,15.2,15.7,15.2,15,15.2,14.8,15.2,15.2
"2026-09-30 01:02:00",130348,11.76,27.37,896,895,895,895,894,895,895,895,894,100,90.7,100,96.6,100,99,99.6,100,93.6,15,15.2,15.7,15.2,14.9,15.2,14.8,15.2,15.2
"2026-09-30 01:03:00",130349,11.81,27.35,896,895,895,895,894,895,895,895,894,100,90.6,100,96.6,100,98.8,99.5,100,93.7,15,15.2,15.7,15.2,14.9,15.2,14.8,15.2,15.2
"2026-09-30 01:04:00",130350,11.77,27.34,896,895,895,895,894,895,895,895,894,100,90.5,100,96.7,100,98.8,99.5,100,93.7,15.1,15.2,15.7,15.2,14.9,15.2,14.8,15.2,15.2
"2026-09-30 01:05:00",130351,11.81,27.32,896,895,895,895,894,895,895,895,894,100,90.5,100,96.7,100,98.8,99.4,100,93.8,15.1,15.2,15.7,15.2,14.9,15.2,14.8,15.2,15.2
"2026-09-30 01:06:00",130352,11.77,27.3,896,895,895,895,894,895,895,895,894,100,90.4,100,96.6,100,98.7,99.4,100,93.6,15.1,15.2,15.7,15.2,14.9,15.2,14.8,15.2,15.2
"2026-09-30 01:07:00",130353,11.8,27.29,896,895,895,895,894,895,895,895,894,100,90.4,99.8,96.7,100,98.7,99.7,100,93.5,15.1,15.2,15.7,15.2,14.9,15.2,14.8,15.2,15.2
"2026-09-30 01:08:00",130354,11.81,27.27,896,895,895,895,894,895,895,895,894,100,90.3,99.3,96.5,100,98.4,99.3,100,93.3,15.1,15.2,15.7,15.2,14.9,15.2,14.8,15.2,15.2
"2026-09-30 01:09:00",130355,11.77,27.26,896,895,895,895,894,895,895,895,894,100,90.5,99.6,96.2,100,98.1,98.9,100,92.9,15.1,15.2,15.7,15.1,14.9,15.2,14.8,15.2,15.3
"2026-09-30 01:10:00",130356,11.75,27.24,896,895,895,894,894,895,895,895,893,100,90.3,99.6,96.1,100,98,98.9,100,93,15.1,15.2,15.7,15.1,14.9,15.2,14.8,15.2,15.3
"2026-09-30 01:11:00",130357,11.78,27.23,895,895,895,894,894,895,895,895,893,100,90.4,99.6,96.1,100,98,99,100,93.2,15.1,15.3,15.7,15.1,14.9,15.2,14.8,15.2,15.3
"2026-09-30 01:12:00",130358,11.81,27.21,895,895,895,894,894,895,895,895,893,100,90.3,100,96.1,100,98.1,99,100,93.1,15.1,15.2,15.6,15.1,14.9,15.2,14.8,15.2,15.3
"2026-09-30 01:13:00",130359,11.8,27.2,895,895,895,894,894,895,895,895,893,100,90.5,100,96.1,100,98,99.1,100,92.8,15.1,15.2,15.6,15.1,14.9,15.2,14.7,15.1,15.3
"2026-09-30 01:14:00",130360,11.78,27.18,896,895,895,894,894,895,895,895,893,100,90.7,100,96.3,100,98.1,99.6,100,93,15.1,15.2,15.6,15.1,14.9,15.1,14.7,15.1,15.3
"2026-09-30 01:15:00",130361,11.81,27.17,895,895,895,894,894,895,895,895,893,100,90.7,100,96.5,100,98.3,99.9,100,92.9,15.1,15.3,15.6,15.1,14.9,15.1,14.7,15.1,15.4
"2026-09-30 01:16:00",130362,11.8,27.15,895,895,895,894,894,895,895,895,893,100,90.9,100,96.8,100,98.5,100,100,92.8,15.1,15.3,15.6,15.1,14.9,15.1,14.7,15.1,15.4
"2026-09-30 01:17:00",130363,11.8,27.14,895,895,895,894,894,895,895,895,893,100,91,100,97.2,100,98.8,100,100,92.8,15.1,15.3,15.7,15.1,14.9,15.1,14.8,15.1,15.4
"2026-09-30 01:18:00",130364,11.79,27.12,895,895,895,894,894,894,895,895,893,100,90.7,100,97.5,100,99.3,100,100,92.3,15.2,15.3,15.7,15.1,14.9,15.1,14.8,15.2,15.4
"2026-09-30 01:19:00",130365,11.73,27.11,895,895,895,894,894,895,895,895,893,100,90.6,100,97.5,100,99.5,100,100,92.1,15.2,15.4,15.7,15.1,15,15.1,14.8,15.2,15.5
"2026-09-30 01:20:00",130366,11.72,27.09,895,895,895,894,894,895,895,895,893,100,89.9,99.9,97.4,100,99.5,100,100,91.8,15.2,15.4,15.7,15.1,15,15.1,14.8,15.2,15.5
"2026-09-30 01:21:00",130367,11.77,27.08,895,895,895,894,894,895,895,895,893,100,89.3,99.5,97.3,100,99.6,99.6,100,91.1,15.2,15.4,15.7,15.1,15,15.2,14.8,15.2,15.6
"2026-09-30 01:22:00",130368,11.77,27.06,895,895,895,894,894,895,895,895,893,100,89,99.5,97.4,100,99.7,99.4,100,91,15.2,15.4,15.7,15.1,15.1,15.2,14.8,15.3,15.6
"2026-09-30 01:23:00",130369,11.77,27.05,895,895,895,894,894,895,895,895,893,100,89,99.3,97.2,100,99.6,99.2,100,90.8,15.2,15.4,15.7,15.1,15.1,15.2,14.8,15.3,15.6
"2026-09-30 01:24:00",130370,11.81,27.03,896,895,895,894,894,895,895,895,893,100,88.9,99.1,97,100,99.3,98.9,100,90.7,15.2,15.4,15.7,15.1,15.1,15.2,14.8,15.3,15.6
"2026-09-30 01:25:00",130371,11.78,27.02,895,895,895,894,894,895,895,895,893,100,89.1,99.2,96.8,100,99.2,98.8,100,90.7,15.2,15.4,15.7,15.1,15.1,15.2,14.8,15.3,15.6
"2026-09-30 01:26:00",130372,11.78,27,895,895,895,894,894,895,895,895,893,100,88.9,99.2,96.7,100,99,98.7,100,90.7,15.1,15.3,15.7,15.1,15.1,15.2,14.8,15.3,15.5
"2026-09-30 01:27:00",130373,11.8,26.99,896,895,895,894,894,894,895,895,893,100,88.7,99,96.6,100,98.8,98.5,100,90.7,15.1,15.3,15.7,15.1,15.1,15.2,14.7,15.3,15.5
"2026-09-30 01:28:00",130374,11.76,26.98,895,895,895,894,894,894,895,895,893,100,88.6,98.8,96.5,100,98.5,98.3,100,90.7,15.1,15.2,15.6,15.1,15,15.1,14.7,15.2,15.4
"2026-09-30 01:29:00",130375,11.8,26.96,895,895,895,894,894,894,895,895,893,100,88.8,98.9,96.4,100,98.4,98.3,100,90.8,15,15.2,15.6,15.1,15,15.1,14.7,15.2,15.4
"2026-09-30 01:30:00",130376,11.79,26.95,895,895,895,894,894,894,895,895,893,100,88.8,99,96.4,100,98.5,98.4,100,90.9,14.9,15.2,15.6,15,15,15.1,14.6,15.2,15.4
"2026-09-30 01:31:00",130377,11.75,26.94,895,895,895,894,894,894,895,895,893,100,89.1,99.1,96.2,100,98.4,99,100,91.1,14.9,15.1,15.5,15,15,15.1,14.6,15.2,15.3
"2026-09-30 01:32:00",130378,11.78,26.92,895,895,895,894,894,894,895,895,893,100,89.3,99.3,96.2,100,98.4,99.2,100,91.3,14.9,15.1,15.5,15,14.9,15.1,14.6,15.2,15.3
"2026-09-30 01:33:00",130379,11.75,26.91,895,895,895,894,894,894,895,895,893,100,89.7,99.6,96,100,98.3,99.2,100,91.7,14.9,15.1,15.5,15,14.9,15.1,14.6,15.1,15.2
"2026-09-30 01:34:00",130380,11.81,26.9,895,895,895,894,894,894,895,895,893,100,90,99.9,96.1,100,98.4,99.4,100,92.1,14.8,15,15.5,15,14.9,15,14.6,15.1,15.2
"2026-09-30 01:35:00",130381,11.76,26.88,895,894,895,894,894,894,895,895,893,100,90.3,100,96.2,100,98.6,99.6,100,92.4,14.8,15,15.4,14.9,14.9,15,14.5,15.1,15.1
"2026-09-30 01:36:00",130382,11.77,26.87,895,894,895,894,894,894,895,895,893,100,90.6,100,96.5,100,98.9,99.9,100,92.8,14.8,15,15.4,14.9,14.8,15,14.5,15,15.1
"2026-09-30 01:37:00",130383,11.76,26.86,895,894,895,894,894,894,895,895,893,100,90.7,100,96.7,100,99.2,100,100,92.9,14.8,14.9,15.4,14.9,14.8,15,14.5,15,15.1
"2026-09-30 01:38:00",130384,11.77,26.84,895,894,895,894,894,894,895,895,893,100,91.1,100,96.8,100,99.3,100,100,93.1,14.7,14.9,15.4,14.9,14.8,15,14.5,14.9,15
"2026-09-30 01:39:00",130385,11.77,26.83,895,894,895,894,894,894,895,895,893,100,91.4,100,97,100,99.4,100,100,93.5,14.7,14.9,15.4,14.9,14.8,15,14.5,14.9,15
"2026-09-30 01:40:00",130386,11.78,26.82,895,894,895,894,894,894,895,895,893,100,91.6,100,97.2,100,99.6,100,100,93.8,14.7,14.9,15.4,14.9,14.8,15,14.5,14.9,14.9
"2026-09-30 01:41:00",130387,11.77,26.8,895,894,895,894,894,894,895,895,893,100,91.5,100,97.5,100,99.9,100,100,94,14.7,14.9,15.4,14.9,14.8,15,14.5,14.8,14.9
"2026-09-30 01:42:00",130388,11.75,26.79,895,894,895,894,894,894,895,895,893,100,91.6,100,97.6,100,100,100,100,94.2,14.7,14.9,15.4,14.9,14.8,14.9,14.5,14.8,14.9
"2026-09-30 01:43:00",130389,11.81,26.78,895,894,895,894,894,894,895,895,893,100,91.7,100,97.7,100,100,100,100,94.4,14.7,14.9,15.4,14.9,14.8,14.9,14.5,14.8,14.9
"2026-09-30 01:44:00",130390,11.8,26.76,895,894,895,894,894,894,895,895,893,100,91.8,100,97.9,100,100,100,100,94.5,14.7,14.9,15.4,14.9,14.8,15,14.5,14.8,14.9
"2026-09-30 01:45:00",130391,11.81,26.75,895,894,895,894,894,894,895,895,893,100,92.1,100,98.3,100,100,100,100,94.7,14.7,14.9,15.4,14.9,14.8,15,14.5,14.8,14.8
"2026-09-30 01:46:00",130392,11.77,26.74,895,894,895,894,894,894,895,895,893,100,92.4,100,98.5,100,100,100,100,94.8,14.8,14.9,15.4,14.9,14.8,15,14.5,14.8,14.8
"2026-09-30 01:47:00",130393,11.81,26.72,895,894,895,894,894,894,895,895,893,100,92.6,100,98.6,100,100,100,100,95.1,14.8,14.9,15.4,14.9,14.8,15,14.5,14.8,14.8
"2026-09-30 01:48:00",130394,11.77,26.71,895,894,895,894,894,894,895,895,893,100,92.7,100,98.7,100,100,100,100,95.4,14.8,14.9,15.4,14.9,14.9,15,14.5,14.8,14.8
"2026-09-30 01:49:00",130395,11.81,26.69,895,894,895,894,894,894,895,895,893,100,92.8,100,99.1,100,100,100,100,95.6,14.8,15,15.4,14.9,14.9,15,14.6,14.9,14.8
"2026-09-30 01:50:00",130396,11.77,26.68,895,894,895,894,894,894,895,895,893,100,92.5,100,99.3,100,100,100,100,95.6,14.8,15,15.5,14.9,14.9,15,14.6,14.9,14.8
"2026-09-30 01:51:00",130397,11.81,26.67,895,894,895,894,894,894,895,895,893,100,92.5,100,99.1,100,100,100,100,95.4,14.8,15,15.5,14.9,14.9,15,14.6,14.9,14.8
"2026-09-30 01:52:00",130398,11.79,26.65,895,894,895,894,894,894,895,895,893,100,92.1,100,98.8,100,100,100,100,95.2,14.8,15,15.5,14.9,14.9,15,14.6,14.9,14.8
"2026-09-30 01:53:00",130399,11.79,26.64,895,894,895,894,894,894,895,895,893,100,91.7,100,98.3,100,100,100,100,94.9,14.8,15,15.5,14.9,14.9,15,14.6,14.9,14.8
"2026-09-30 01:54:00",130400,11.77,26.63,895,894,895,894,894,894,894,895,893,100,91.3,100,98.1,100,99.7,100,100,94.7,14.8,15,15.5,14.9,14.9,15,14.6,14.9,14.8
"2026-09-30 01:55:00",130401,11.7,26.61,895,894,895,894,894,894,895,895,893,100,91.2,100,97.6,100,99.6,100,100,94.7,14.8,14.9,15.4,14.9,14.9,15,14.6,14.9,14.8
"2026-09-30 01:56:00",130402,11.78,26.6,895,894,895,894,894,894,894,895,893,100,91.3,100,97.4,100,99.6,100,100,95.3,14.8,14.9,15.4,14.9,14.9,15,14.5,14.9,14.8
"2026-09-30 01:57:00",130403,11.75,26.59,895,894,895,894,894,894,894,895,893,100,91.6,100,97.5,100,99.7,100,100,95.6,14.8,14.9,15.4,14.9,14.8,15,14.5,14.9,14.8
"2026-09-30 01:58:00",130404,11.8,26.57,895,894,895,894,894,894,894,895,893,100,91.7,100,97.6,100,99.7,100,100,95.8,14.8,14.9,15.4,14.9,14.8,15,14.5,14.9,14.8
"2026-09-30 01:59:00",130405,11.77,26.56,895,894,895,894,894,894,894,895,893,100,91.7,100,97.6,100,99.8,100,100,96.1,14.7,14.9,15.4,14.9,14.8,14.9,14.5,14.9,14.8
"2026-09-30 02:00:00",130406,11.81,26.55,895,894,895,894,894,894,894,895,893,100,91.8,100,97.5,100,99.8,100,100,96.3,14.7,14.9,15.4,14.9,14.8,14.9,14.5,14.9,14.8
"2026-09-30 02:01:00",130407,11.79,26.53,895,894,895,894,894,894,894,895,893,100,91.8,100,97.3,100,99.5,100,100,96.3,14.7,14.9,15.4,14.8,14.8,14.9,14.4,14.9,14.8
"2026-09-30 02:02:00",130408,11.76,26.52,895,894,895,894,894,894,894,895,893,100,91.8,100,97.4,100,99.8,100,100,96,14.7,14.9,15.3,14.8,14.8,14.9,14.4,14.8,14.8
"2026-09-30 02:03:00",130409,11.81,26.51,895,894,895,894,894,894,894,895,893,100,91.7,100,97.7,100,99.8,100,100,95.8,14.6,14.8,15.3,14.8,14.7,14.9,14.4,14.8,14.8
"2026-09-30 02:04:00",130410,11.76,26.49,895,894,895,894,894,894,894,895,893,100,91.7,100,97.7,100,99.9,100,100,95.6,14.6,14.8,15.3,14.8,14.7,14.9,14.4,14.8,14.8
"2026-09-30 02:05:00",130411,11.81,26.48,895,894,895,894,894,894,894,895,893,100,91.7,100,97.8,100,100,100,100,95.5,14.6,14.8,15.3,14.8,14.7,14.9,14.4,14.8,14.8
"2026-09-30 02:06:00",130412,11.79,26.47,895,894,895,894,894,894,894,895,893,100,92,100,97.9,100,100,100,100,95.8,14.6,14.8,15.3,14.8,14.7,14.8,14.4,14.8,14.8
"2026-09-30 02:07:00",130413,11.78,26.46,895,894,895,894,894,894,894,895,893,100,92.3,100,97.9,100,100,100,100,96.3,14.6,14.8,15.3,14.8,14.7,14.8,14.4,14.8,14.8
"2026-09-30 02:08:00",130414,11.8,26.44,895,894,895,894,894,894,894,895,893,100,92.5,100,97.9,100,100,100,100,96.7,14.5,14.8,15.2,14.8,14.7,14.8,14.4,14.8,14.8
"2026-09-30 02:09:00",130415,11.8,26.43,895,894,895,894,894,894,894,895,893,100,92.7,100,98,100,100,100,100,96.6,14.5,14.7,15.2,14.8,14.6,14.8,14.4,14.8,14.8
"2026-09-30 02:10:00",130416,11.76,26.42,895,894,895,894,894,894,894,895,893,100,93,100,98.1,100,100,100,100,96.7,14.5,14.7,15.2,14.7,14.6,14.8,14.4,14.8,14.8
"2026-09-30 02:11:00",130417,11.81,26.41,895,894,895,894,894,894,894,895,893,100,92.8,100,98.1,100,100,100,100,96.9,14.5,14.7,15.2,14.7,14.6,14.8,14.4,14.8,14.8
"2026-09-30 02:12:00",130418,11.79,26.39,895,894,895,894,894,894,894,895,893,100,92.8,100,98.4,100,100,100,100,97.2,14.5,14.7,15.2,14.7,14.6,14.8,14.4,14.8,14.8
"2026-09-30 02:13:00",130419,11.81,26.38,895,894,895,894,894,894,894,895,893,100,92.8,100,98.4,100,100,100,100,97.4,14.5,14.7,15.2,14.7,14.6,14.8,14.4,14.8,14.8
"2026-09-30 02:14:00",130420,11.8,26.37,895,894,895,894,894,894,894,895,893,100,92.7,100,98.6,100,100,100,100,97.4,14.5,14.7,15.3,14.7,14.6,14.8,14.4,14.8,14.8
"2026-09-30 02:15:00",130421,11.78,26.36,895,894,895,894,894,894,894,895,893,100,92.7,100,98.7,100,100,100,100,97.3,14.6,14.7,15.3,14.7,14.6,14.8,14.4,14.8,14.8
"2026-09-30 02:16:00",130422,11.77,26.34,895,894,895,894,894,894,894,895,893,100,92.7,100,98.9,100,100,100,100,97.1,14.6,14.6,15.3,14.7,14.6,14.8,14.4,14.8,14.8
"2026-09-30 02:17:00",130423,11.8,26.33,895,894,895,894,894,894,894,895,893,100,92.7,100,99.1,100,100,100,100,97.1,14.6,14.6,15.2,14.7,14.6,14.8,14.4,14.8,14.8
"2026-09-30 02:18:00",130424,11.74,26.32,895,894,895,894,894,894,894,895,893,100,92.7,100,99.2,100,100,100,100,97.1,14.6,14.6,15.2,14.7,14.6,14.8,14.4,14.8,14.8
"2026-09-30 02:19:00",130425,11.77,26.31,895,894,895,894,894,894,894,895,893,100,92.8,100,99.2,100,100,100,100,97.3,14.6,14.6,15.2,14.7,14.6,14.8,14.4,14.8,14.8
"2026-09-30 02:20:00",130426,11.76,26.29,895,894,895,894,894,894,894,895,893,100,92.8,100,99.4,100,100,100,100,97.3,14.6,14.6,15.2,14.7,14.6,14.8,14.4,14.8,14.8
"2026-09-30 02:21:00",130427,11.77,26.28,895,894,894,894,894,894,894,894,893,100,93.7,100,99.4,100,100,100,100,97.3,14.6,14.6,15.2,14.8,14.6,14.8,14.4,14.8,14.8
"2026-09-30 02:22:00",130428,11.78,26.27,895,894,894,894,894,894,894,894,893,100,94.4,100,99.4,100,100,100,100,97.3,14.6,14.6,15.2,14.8,14.6,14.8,14.4,14.8,14.8
"2026-09-30 02:23:00",130429,11.77,26.26,895,894,894,894,894,894,894,895,893,100,94.8,100,99.4,100,100,100,100,97.7,14.6,14.6,15.2,14.8,14.6,14.8,14.4,14.8,14.7
"2026-09-30 02:24:00",130430,11.81,26.24,895,894,894,894,894,894,894,894,893,100,94.7,100,99.4,100,100,100,100,97.8,14.6,14.7,15.2,14.8,14.6,14.8,14.4,14.8,14.7
"2026-09-30 02:25:00",130431,11.8,26.23,895,894,894,894,894,894,894,895,893,100,94.7,100,99,100,100,100,100,97.9,14.6,14.7,15.2,14.7,14.6,14.8,14.4,14.8,14.7
"2026-09-30 02:26:00",130432,11.8,26.22,895,894,894,894,894,894,894,894,893,100,94.4,100,99,100,100,100,100,98.1,14.6,14.7,15.2,14.7,14.6,14.8,14.4,14.8,14.7
"2026-09-30 02:27:00",130433,11.78,26.21,895,894,894,894,894,894,894,894,893,100,94.3,100,98.9,100,100,100,100,98,14.6,14.6,15.2,14.7,14.6,14.8,14.4,14.8,14.7
"2026-09-30 02:28:00",130434,11.79,26.19,895,894,895,894,894,894,894,894,893,100,94.5,100,99,100,100,100,100,98,14.6,14.6,15.1,14.7,14.6,14.8,14.4,14.8,14.7
"2026-09-30 02:29:00",130435,11.82,26.18,895,894,894,894,894,894,894,894,893,100,94.9,100,99.1,100,100,100,100,98,14.6,14.7,15.1,14.7,14.6,14.8,14.4,14.7,14.7
"2026-09-30 02:30:00",130436,11.75,26.17,895,894,894,894,894,894,894,894,893,100,95.1,100,99.1,100,100,100,100,97.9,14.6,14.7,15.1,14.7,14.6,14.8,14.4,14.7,14.7
"2026-09-30 02:31:00",130437,11.8,26.16,895,894,894,894,894,894,894,894,893,100,95.2,100,99.6,100,100,100,100,98,14.6,14.7,15.1,14.7,14.6,14.8,14.4,14.7,14.7
"2026-09-30 02:32:00",130438,11.77,26.15,895,894,894,894,894,894,894,894,893,100,95.1,100,100,100,100,100,100,98.3,14.6,14.7,15.1,14.7,14.6,14.8,14.4,14.7,14.6
"2026-09-30 02:33:00",130439,11.77,26.13,895,894,894,894,894,894,894,894,893,100,95.2,100,100,100,100,100,100,98.3,14.6,14.7,15.1,14.7,14.6,14.8,14.4,14.8,14.6
"2026-09-30 02:34:00",130440,11.78,26.12,895,894,894,894,894,894,894,894,893,100,95.6,100,100,100,100,100,100,98.9,14.6,14.7,15.1,14.7,14.6,14.9,14.4,14.8,14.6
"2026-09-30 02:35:00",130441,11.78,26.11,895,894,894,894,894,894,894,894,893,100,95.9,100,100,100,100,100,100,99.3,14.6,14.7,15.1,14.8,14.7,14.9,14.4,14.8,14.6
"2026-09-30 02:36:00",130442,11.76,26.1,895,894,894,894,894,894,894,894,893,100,96,100,100,100,100,100,100,99.6,14.6,14.7,15.1,14.8,14.7,14.9,14.5,14.8,14.6
"2026-09-30 02:37:00",130443,11.77,26.09,895,894,894,894,894,894,894,894,893,100,95.9,100,100,100,100,100,100,100,14.6,14.8,15.1,14.8,14.7,14.9,14.5,14.8,14.6
"2026-09-30 02:38:00",130444,11.78,26.07,895,894,894,894,894,894,894,895,893,100,95.7,100,100,100,100,100,100,100,14.6,14.8,15.2,14.8,14.7,14.9,14.5,14.9,14.7
"2026-09-30 02:39:00",130445,11.8,26.06,895,894,894,894,894,894,894,894,893,100,95.3,100,100,100,100,100,100,100,14.6,14.8,15.2,14.8,14.7,14.9,14.5,14.9,14.7
"2026-09-30 02:40:00",130446,11.8,26.05,895,894,894,894,894,894,894,894,893,100,94.8,100,100,100,100,100,100,100,14.7,14.8,15.2,14.8,14.8,14.9,14.5,14.9,14.7
"2026-09-30 02:41:00",130447,11.76,26.04,895,894,894,894,894,894,894,894,893,100,94.8,100,99.8,100,100,100,100,99.6,14.6,14.8,15.2,14.8,14.8,14.9,14.5,14.9,14.8
"2026-09-30 02:42:00",130448,11.77,26.03,895,894,894,894,894,894,894,894,893,100,94.5,100,99.7,100,100,100,100,99.1,14.6,14.8,15.2,14.8,14.8,14.9,14.5,14.9,14.8
"2026-09-30 02:43:00",130449,11.77,26.01,895,894,894,894,894,894,894,894,893,100,94.2,100,99.7,100,100,100,100,98.6,14.6,14.8,15.2,14.8,14.7,14.9,14.5,14.9,14.8
"2026-09-30 02:44:00",130450,11.79,26,895,894,894,894,894,894,894,894,893,100,94.1,100,99.1,100,100,100,100,98.3,14.6,14.8,15.2,14.8,14.7,14.9,14.5,14.8,14.8
"2026-09-30 02:45:00",130451,11.76,25.99,895,894,894,894,894,894,894,894,893,100,94.1,100,99,100,100,100,100,98.4,14.6,14.7,15.2,14.8,14.7,14.9,14.5,14.8,14.8
"2026-09-30 02:46:00",130452,11.77,25.98,895,894,894,894,894,894,894,894,893,100,93.9,100,99,100,100,100,100,98.6,14.6,14.7,15.2,14.8,14.7,14.9,14.5,14.8,14.8
"2026-09-30 02:47:00",130453,11.76,25.97,895,894,894,894,894,894,894,894,893,100,94.1,100,99,100,100,100,100,98.5,14.6,14.7,15.2,14.8,14.7,14.9,14.4,14.8,14.7
"2026-09-30 02:48:00",130454,11.81,25.96,895,894,894,894,894,894,894,895,893,100,94.2,100,99,100,100,100,100,98.4,14.5,14.7,15.2,14.8,14.7,14.9,14.4,14.8,14.7
"2026-09-30 02:49:00",130455,11.77,25.95,895,894,894,894,894,894,894,895,893,100,94.5,100,99.1,100,100,100,100,98.5,14.5,14.7,15.2,14.7,14.6,14.8,14.4,14.8,14.7
"2026-09-30 02:50:00",130456,11.76,25.93,895,894,894,894,894,894,894,895,893,100,95.1,100,99.5,100,100,100,100,98.6,14.5,14.7,15.1,14.7,14.6,14.8,14.4,14.8,14.7
"2026-09-30 02:51:00",130457,11.82,25.92,895,894,894,894,894,894,894,894,893,100,95.7,100,99.9,100,100,100,100,98.8,14.5,14.7,15.1,14.7,14.6,14.8,14.4,14.8,14.7
"2026-09-30 02:52:00",130458,11.77,25.91,895,894,894,894,894,894,894,894,893,100,96.1,100,100,100,100,100,100,99.2,14.5,14.7,15.2,14.7,14.6,14.8,14.4,14.8,14.7
"2026-09-30 02:53:00",130459,11.79,25.9,895,894,894,894,894,894,894,895,893,100,96.6,100,100,100,100,100,100,99.7,14.6,14.7,15.2,14.7,14.6,14.9,14.4,14.8,14.7
"2026-09-30 02:54:00",130460,11.81,25.89,895,894,894,894,894,894,894,894,893,100,97.1,100,100,100,100,100,100,100,14.6,14.7,15.2,14.7,14.6,14.9,14.4,14.8,14.7
"2026-09-30 02:55:00",130461,11.79,25.88,895,894,894,894,894,894,894,894,893,100,96.6,100,100,100,100,100,100,100,14.6,14.8,15.2,14.8,14.6,14.9,14.5,14.8,14.7
"2026-09-30 02:56:00",130462,11.76,25.87,895,894,894,894,894,894,894,894,893,100,96.1,100,100,100,100,100,100,100,14.6,14.8,15.3,14.8,14.6,14.9,14.5,14.9,14.7
"2026-09-30 02:57:00",130463,11.75,25.86,895,894,894,894,894,894,894,894,893,100,95.7,100,100,100,100,100,100,100,14.7,14.8,15.3,14.8,14.6,14.9,14.5,14.9,14.7
"2026-09-30 02:58:00",130464,11.78,25.84,895,894,894,894,894,894,894,894,893,100,95.4,100,100,100,100,100,100,100,14.7,14.8,15.3,14.8,14.6,15,14.5,14.9,14.7
"2026-09-30 02:59:00",130465,11.78,25.83,895,894,894,894,894,894,894,894,893,100,95.4,100,100,100,100,100,100,100,14.7,14.8,15.3,14.8,14.6,15,14.6,14.9,14.7
"2026-09-30 03:00:00",130466,11.8,25.82,895,894,894,894,894,894,894,894,893,100,95.1,100,100,100,100,100,100,100,14.7,14.8,15.3,14.8,14.6,15,14.6,14.9,14.8
"2026-09-30 03:01:00",130467,11.75,25.81,895,894,894,894,894,894,894,894,893,100,94.9,100,100,100,100,100,100,100,14.7,14.8,15.3,14.8,14.6,15,14.6,14.9,14.8
"2026-09-30 03:02:00",130468,11.79,25.8,895,894,894,894,894,894,894,894,893,100,94.7,100,100,100,100,100,100,99.8,14.7,14.8,15.3,14.8,14.7,15,14.6,14.9,14.8
"2026-09-30 03:03:00",130469,11.76,25.79,895,894,894,894,894,894,894,894,893,100,94.5,100,100,100,100,100,100,99.2,14.7,14.8,15.3,14.8,14.7,15,14.6,14.9,14.8
"2026-09-30 03:04:00",130470,11.78,25.78,895,894,894,894,894,894,894,894,893,100,94.6,100,100,100,100,100,100,99.3,14.6,14.8,15.3,14.8,14.7,15,14.6,14.9,14.8
"2026-09-30 03:05:00",130471,11.76,25.77,895,894,894,894,894,894,894,894,893,100,94.6,100,100,100,100,100,100,99.3,14.6,14.8,15.3,14.8,14.7,14.9,14.5,14.9,14.8
"2026-09-30 03:06:00",130472,11.75,25.76,895,894,894,894,894,894,894,894,893,100,94.5,100,100,100,100,100,100,99.2,14.6,14.8,15.3,14.8,14.7,14.9,14.5,14.9,14.8
"2026-09-30 03:07:00",130473,11.81,25.75,895,894,894,894,894,894,894,894,893,100,94.6,100,100,100,100,100,100,99.2,14.6,14.7,15.3,14.8,14.7,14.9,14.5,14.9,14.8
"2026-09-30 03:08:00",130474,11.81,25.74,895,894,894,894,894,894,894,894,893,100,94.4,100,99.8,100,100,100,100,99.3,14.6,14.7,15.3,14.8,14.6,14.9,14.5,14.9,14.8
"2026-09-30 03:09:00",130475,11.81,25.73,895,894,894,894,894,894,894,894,893,100,94.4,100,99.8,100,100,100,100,99.3,14.6,14.7,15.3,14.8,14.6,14.9,14.4,14.8,14.8
"2026-09-30 03:10:00",130476,11.73,25.72,895,894,894,894,894,894,894,894,893,100,94.6,100,99.8,100,100,100,100,99.3,14.5,14.7,15.2,14.8,14.6,14.8,14.4,14.8,14.8
"2026-09-30 03:11:00",130477,11.78,25.71,895,894,894,894,894,894,894,894,893,100,94.6,100,99.4,100,100,100,100,99.4,14.5,14.7,15.2,14.7,14.6,14.8,14.4,14.8,14.8
"2026-09-30 03:12:00",130478,11.74,25.7,895,894,894,894,894,894,894,894,893,100,94.7,100,99.4,100,100,100,100,99.5,14.5,14.7,15.2,14.7,14.6,14.8,14.4,14.7,14.8
"2026-09-30 03:13:00",130479,11.8,25.69,895,894,894,894,894,894,894,894,893,100,94.6,100,99.2,100,100,100,100,99.6,14.5,14.6,15.2,14.7,14.5,14.8,14.4,14.7,14.8
"2026-09-30 03:14:00",130480,11.76,25.68,895,894,894,894,894,894,894,894,893,100,94.7,100,99.6,100,100,100,100,99.1,14.5,14.6,15.2,14.7,14.5,14.8,14.3,14.7,14.8
"2026-09-30 03:15:00",130481,11.77,25.67,895,894,894,894,894,894,894,894,893,100,95.3,100,100,100,100,100,100,98.9,14.5,14.6,15.2,14.7,14.5,14.8,14.3,14.7,14.8
"2026-09-30 03:16:00",130482,11.8,25.66,895,894,894,894,894,894,894,894,893,100,95.6,100,100,100,100,100,100,98.9,14.5,14.6,15.2,14.7,14.6,14.8,14.3,14.7,14.8
"2026-09-30 03:17:00",130483,11.78,25.65,895,894,894,894,894,894,894,894,893,100,95.8,100,100,100,100,100,100,98.9,14.5,14.6,15.2,14.7,14.6,14.8,14.3,14.7,14.8
"2026-09-30 03:18:00",130484,11.8,25.64,895,894,894,894,894,894,894,894,893,100,96.1,100,100,100,100,100,100,99.2,14.5,14.7,15.2,14.7,14.6,14.8,14.3,14.7,14.8
"2026-09-30 03:19:00",130485,11.78,25.63,895,894,894,894,894,894,894,894,893,100,96,100,100,100,100,100,100,99.1,14.5,14.7,15.2,14.7,14.6,14.8,14.3,14.7,14.8
"2026-09-30 03:20:00",130486,11.81,25.62,895,894,894,894,894,894,894,894,893,100,96,100,100,100,100,100,100,99.1,14.5,14.7,15.2,14.7,14.6,14.8,14.3,14.7,14.7
"2026-09-30 03:21:00",130487,11.8,25.61,895,894,894,894,894,894,894,894,893,100,96.2,100,100,100,100,100,100,99.1,14.5,14.7,15.3,14.8,14.7,14.8,14.3,14.7,14.7
"2026-09-30 03:22:00",130488,11.81,25.6,895,894,894,894,894,894,894,894,893,100,96.6,100,100,100,100,100,100,99.5,14.6,14.7,15.3,14.8,14.7,14.8,14.3,14.8,14.7
"2026-09-30 03:23:00",130489,11.76,25.59,895,894,894,894,894,894,894,894,893,100,96.6,100,100,100,100,100,100,99.7,14.6,14.7,15.3,14.8,14.7,14.9,14.3,14.8,14.7
"2026-09-30 03:24:00",130490,11.77,25.58,895,894,894,894,894,894,894,894,893,100,96,100,100,100,100,100,100,99.8,14.6,14.7,15.3,14.8,14.7,14.9,14.3,14.8,14.7
"2026-09-30 03:25:00",130491,11.78,25.57,895,894,894,894,894,894,894,894,893,100,96,100,100,100,100,100,100,99.9,14.6,14.7,15.3,14.8,14.7,14.9,14.3,14.8,14.7
"2026-09-30 03:26:00",130492,11.79,25.57,895,894,894,894,894,894,894,894,893,100,95.7,100,100,100,100,100,100,100,14.6,14.7,15.3,14.8,14.8,14.9,14.3,14.8,14.7
"2026-09-30 03:27:00",130493,11.77,25.56,895,894,894,894,894,894,894,894,893,100,95.9,100,100,100,100,100,100,100,14.6,14.8,15.3,14.8,14.8,14.9,14.3,14.8,14.7
"2026-09-30 03:28:00",130494,11.77,25.55,895,894,894,894,894,894,894,894,893,100,96,100,100,100,100,100,100,100,14.6,14.8,15.3,14.8,14.8,14.9,14.4,14.8,14.8
"2026-09-30 03:29:00",130495,11.81,25.54,895,894,894,894,894,894,894,894,893,100,96,100,100,100,100,100,100,100,14.6,14.8,15.3,14.9,14.8,14.9,14.4,14.8,14.8
"2026-09-30 03:30:00",130496,11.78,25.53,895,894,894,894,894,894,894,894,893,100,95.6,100,100,100,100,100,100,100,14.6,14.8,15.3,14.9,14.8,14.9,14.4,14.7,14.8
"2026-09-30 03:31:00",130497,11.82,25.52,895,894,894,894,893,894,894,894,893,100,95.5,100,100,100,100,100,100,100,14.6,14.8,15.3,14.9,14.9,15,14.4,14.7,14.8
"2026-09-30 03:32:00",130498,11.81,25.51,895,894,894,894,894,894,894,894,893,100,95.1,100,100,100,100,100,100,100,14.6,14.8,15.3,14.9,14.9,14.9,14.4,14.7,14.8
"2026-09-30 03:33:00",130499,11.78,25.5,895,894,894,894,893,894,894,894,893,100,95,100,100,100,100,100,100,99.7,14.6,14.8,15.3,14.9,14.9,14.9,14.4,14.7,14.9
"2026-09-30 03:34:00",130500,11.8,25.49,895,894,894,894,893,894,894,894,893,100,95,100,100,100,100,100,100,99.4,14.6,14.7,15.3,14.8,14.8,14.9,14.4,14.6,14.9
"2026-09-30 03:35:00",130501,11.72,25.49,895,894,894,894,893,894,894,894,893,100,95.2,100,100,100,100,100,100,99.2,14.6,14.7,15.3,14.8,14.8,14.9,14.4,14.6,14.9
"2026-09-30 03:36:00",130502,11.79,25.48,895,894,894,894,894,894,894,894,893,100,95.5,100,100,100,100,100,100,99,14.6,14.7,15.3,14.8,14.8,14.9,14.4,14.6,14.9
"2026-09-30 03:37:00",130503,11.81,25.47,895,894,894,894,894,894,894,894,893,100,95.5,100,100,100,100,100,100,98.6,14.6,14.7,15.3,14.8,14.8,14.9,14.4,14.6,14.9
"2026-09-30 03:38:00",130504,11.78,25.46,895,894,894,894,894,894,894,894,893,100,95.5,100,100,100,100,100,100,98.4,14.6,14.7,15.3,14.8,14.8,14.9,14.4,14.6,14.9
"2026-09-30 03:39:00",130505,11.76,25.45,895,894,894,894,894,894,894,894,893,100,95.4,100,100,100,100,100,100,98.3,14.6,14.7,15.3,14.8,14.7,14.8,14.4,14.6,14.9
"2026-09-30 03:40:00",130506,11.81,25.44,895,894,894,894,894,894,894,894,893,100,95.1,100,100,100,100,100,100,98.3,14.6,14.7,15.3,14.8,14.7,14.8,14.3,14.6,14.9
"2026-09-30 03:41:00",130507,11.77,25.43,895,894,894,894,894,894,894,894,893,100,95.1,100,100,100,100,100,100,98.3,14.6,14.7,15.2,14.7,14.7,14.8,14.3,14.6,14.8
"2026-09-30 03:42:00",130508,11.75,25.43,895,894,894,894,894,894,894,894,893,100,95,100,100,100,100,100,100,98.3,14.6,14.7,15.2,14.7,14.7,14.8,14.3,14.5,14.8
"2026-09-30 03:43:00",130509,11.79,25.42,895,894,894,894,894,894,894,894,893,100,94.9,100,100,100,100,100,100,98.4,14.5,14.7,15.2,14.7,14.6,14.8,14.3,14.5,14.8
"2026-09-30 03:44:00",130510,11.82,25.41,895,894,894,894,894,894,894,894,893,100,94.9,100,100,100,100,100,100,98.4,14.5,14.7,15.2,14.7,14.6,14.8,14.3,14.6,14.8
"2026-09-30 03:45:00",130511,11.78,25.4,895,894,894,894,894,894,894,894,893,100,95,100,100,100,100,100,100,98.4,14.5,14.7,15.2,14.7,14.6,14.8,14.3,14.6,14.8
"2026-09-30 03:46:00",130512,11.8,25.39,895,894,894,894,894,894,894,894,893,100,95,100,100,100,100,100,100,98.5,14.5,14.7,15.2,14.7,14.6,14.8,14.3,14.6,14.8
"2026-09-30 03:47:00",130513,11.76,25.38,895,894,894,894,894,894,894,894,893,100,95.1,100,100,100,100,100,100,98.4,14.5,14.7,15.1,14.7,14.6,14.8,14.3,14.6,14.8
"2026-09-30 03:48:00",130514,11.81,25.37,895,894,894,894,894,894,894,894,893,100,95.4,100,100,100,100,100,100,98.5,14.5,14.6,15.1,14.7,14.6,14.8,14.3,14.6,14.8
"2026-09-30 03:49:00",130515,11.73,25.36,895,894,894,894,894,894,894,894,893,100,95.6,100,100,100,100,100,100,98.5,14.4,14.6,15.1,14.7,14.6,14.8,14.3,14.6,14.8
"2026-09-30 03:50:00",130516,11.77,25.36,895,894,894,894,894,894,894,894,893,100,95.9,100,100,100,100,100,100,98.9,14.4,14.6,15.1,14.7,14.6,14.8,14.3,14.6,14.7
"2026-09-30 03:51:00",130517,11.81,25.35,895,894,894,894,894,894,894,894,893,100,96.1,100,100,100,100,100,100,99.7,14.4,14.6,15.1,14.7,14.6,14.8,14.3,14.6,14.7
"2026-09-30 03:52:00",130518,11.8,25.34,895,894,894,894,894,894,894,894,893,100,96.1,100,100,100,100,100,100,100,14.4,14.6,15.1,14.7,14.6,14.8,14.3,14.6,14.7
"2026-09-30 03:53:00",130519,11.76,25.33,895,894,894,894,894,894,894,894,893,100,95.9,100,100,100,100,100,100,100,14.4,14.6,15.1,14.7,14.6,14.8,14.3,14.6,14.7
"2026-09-30 03:54:00",130520,11.76,25.32,895,894,894,894,894,894,894,894,893,100,96,100,100,100,100,100,100,100,14.4,14.6,15.1,14.7,14.7,14.8,14.4,14.6,14.7
"2026-09-30 03:55:00",130521,11.74,25.31,895,894,894,894,894,894,894,894,893,100,95.9,100,100,100,100,100,100,100,14.4,14.6,15.1,14.7,14.7,14.8,14.4,14.7,14.8
"2026-09-30 03:56:00",130522,11.76,25.3,895,894,894,894,894,894,894,894,893,100,95.6,100,100,100,100,100,100,99.8,14.4,14.6,15.1,14.7,14.7,14.8,14.4,14.7,14.7
"2026-09-30 03:57:00",130523,11.77,25.29,895,894,894,894,894,894,894,894,893,100,95.5,100,100,100,100,100,100,99.5,14.4,14.6,15.1,14.7,14.7,14.8,14.4,14.7,14.7
"2026-09-30 03:58:00",130524,11.78,25.29,895,894,894,894,894,894,894,894,893,100,96.1,100,100,100,100,100,100,99.7,14.4,14.6,15.1,14.7,14.7,14.8,14.4,14.7,14.7
"2026-09-30 03:59:00",130525,11.81,25.28,895,894,894,894,894,894,894,894,893,100,95.8,100,100,100,100,100,100,99.6,14.3,14.6,15.1,14.7,14.7,14.8,14.4,14.7,14.7
"2026-09-30 04:00:00",130526,11.78,25.27,895,894,894,894,894,894,894,894,893,100,95.7,100,100,100,100,100,100,99.3,14.3,14.6,15.1,14.7,14.6,14.8,14.4,14.7,14.7
"2026-09-30 04:01:00",130527,11.78,25.26,895,894,894,894,894,894,894,895,893,100,96,100,100,100,100,100,100,99.3,14.3,14.6,15.1,14.6,14.6,14.8,14.4,14.7,14.7
"2026-09-30 04:02:00",130528,11.74,25.25,895,894,894,894,894,894,894,894,893,100,96.2,100,100,100,100,100,100,99.4,14.3,14.6,15.1,14.6,14.6,14.8,14.4,14.7,14.7
"2026-09-30 04:03:00",130529,11.76,25.25,895,894,894,894,894,894,894,894,893,100,96.4,100,100,100,100,100,100,99.7,14.3,14.6,15.1,14.6,14.6,14.7,14.3,14.6,14.6
"2026-09-30 04:04:00",130530,11.76,25.24,895,894,894,894,894,894,894,894,893,100,96.5,100,100,100,100,100,100,100,14.3,14.5,15.1,14.6,14.6,14.7,14.3,14.6,14.6
"2026-09-30 04:05:00",130531,11.76,25.23,895,894,894,894,894,894,894,894,893,100,96.5,100,100,100,100,100,100,100,14.3,14.5,15.1,14.6,14.6,14.7,14.3,14.6,14.6
"2026-09-30 04:06:00",130532,11.81,25.22,895,894,894,894,894,894,894,894,893,100,96.6,100,100,100,100,100,100,100,14.3,14.5,15.1,14.6,14.6,14.7,14.3,14.6,14.6
"2026-09-30 04:07:00",130533,11.78,25.22,895,894,894,894,894,894,894,894,893,100,96.7,100,100,100,100,100,100,100,14.4,14.6,15.1,14.6,14.6,14.7,14.3,14.6,14.6
"2026-09-30 04:08:00",130534,11.74,25.21,895,894,894,894,894,894,894,894,893,100,96.6,100,100,100,100,100,100,100,14.4,14.6,15.1,14.6,14.6,14.7,14.3,14.6,14.6
"2026-09-30 04:09:00",130535,11.8,25.2,895,894,894,894,894,894,894,894,893,100,96.5,100,100,100,100,100,100,100,14.4,14.6,15.1,14.6,14.6,14.7,14.3,14.6,14.6
"2026-09-30 04:10:00",130536,11.76,25.19,895,894,894,894,894,894,894,894,893,100,96.4,100,100,100,100,100,100,100,14.4,14.6,15.1,14.6,14.6,14.7,14.3,14.6,14.6
"2026-09-30 04:11:00",130537,11.81,25.19,895,894,894,894,894,894,894,894,893,100,96,100,100,100,100,100,100,100,14.4,14.5,15.1,14.6,14.6,14.8,14.3,14.7,14.6
"2026-09-30 04:12:00",130538,11.76,25.18,895,894,894,894,894,894,894,894,893,100,96,100,100,100,100,100,100,100,14.4,14.5,15.1,14.6,14.6,14.8,14.4,14.7,14.6
"2026-09-30 04:13:00",130539,11.76,25.17,895,894,894,894,894,894,894,894,893,100,96,100,100,100,100,100,100,100,14.4,14.5,15.1,14.6,14.6,14.8,14.4,14.7,14.6
"2026-09-30 04:14:00",130540,11.76,25.16,895,894,894,894,894,894,894,894,893,100,96.5,100,100,100,100,100,100,100,14.4,14.5,15.1,14.7,14.6,14.8,14.4,14.7,14.6
"2026-09-30 04:15:00",130541,11.81,25.15,895,894,894,894,894,894,894,894,893,100,96.9,100,100,100,100,100,100,100,14.4,14.5,15.1,14.7,14.7,14.8,14.4,14.7,14.7
"2026-09-30 04:16:00",130542,11.76,25.15,895,894,894,894,894,894,894,894,893,100,97.3,100,100,100,100,100,100,100,14.4,14.5,15.1,14.7,14.7,14.8,14.4,14.8,14.7
"2026-09-30 04:17:00",130543,11.81,25.14,895,894,894,894,894,894,894,894,893,100,97.6,100,100,100,100,100,100,100,14.4,14.5,15.1,14.7,14.7,14.9,14.4,14.8,14.7
"2026-09-30 04:18:00",130544,11.8,25.13,895,894,894,894,894,894,894,894,893,100,98,100,100,100,100,100,100,100,14.4,14.6,15.1,14.7,14.7,14.9,14.4,14.8,14.8
"2026-09-30 04:19:00",130545,11.76,25.12,895,894,894,894,894,894,894,894,893,100,98.2,100,100,100,100,100,100,100,14.4,14.6,15.1,14.7,14.7,14.9,14.4,14.8,14.8
"2026-09-30 04:20:00",130546,11.79,25.12,895,894,894,894,894,894,894,894,893,100,98.1,100,100,100,100,100,100,100,14.4,14.6,15.1,14.7,14.7,14.9,14.4,14.8,14.9
"2026-09-30 04:21:00",130547,11.77,25.11,895,894,894,894,894,894,894,894,893,100,97.7,100,100,100,100,100,100,100,14.4,14.6,15.1,14.7,14.7,14.9,14.4,14.8,14.9
"2026-09-30 04:22:00",130548,11.78,25.1,895,894,894,894,894,894,894,895,893,100,97.1,100,100,100,100,100,100,100,14.4,14.6,15.1,14.7,14.7,14.9,14.4,14.8,14.9
"2026-09-30 04:23:00",130549,11.77,25.09,895,894,894,894,894,894,894,895,893,100,96.6,100,100,100,100,100,100,99.5,14.4,14.6,15.1,14.7,14.7,14.8,14.4,14.8,14.9
"2026-09-30 04:24:00",130550,11.77,25.09,895,894,894,894,894,894,894,894,893,100,96.3,100,100,100,100,100,100,99.4,14.4,14.6,15.1,14.7,14.7,14.8,14.4,14.7,14.9
"2026-09-30 04:25:00",130551,11.77,25.08,895,894,894,894,894,894,894,894,893,100,96.2,100,100,100,100,100,100,99.7,14.4,14.6,15.1,14.7,14.7,14.8,14.4,14.7,14.8
"2026-09-30 04:26:00",130552,11.73,25.07,895,894,894,894,894,894,894,894,893,100,96.6,100,100,100,100,100,100,100,14.4,14.6,15.1,14.7,14.7,14.8,14.4,14.7,14.8
"2026-09-30 04:27:00",130553,11.79,25.06,895,894,894,894,894,894,894,894,893,100,96.8,100,100,100,100,100,100,100,14.4,14.6,15.1,14.7,14.7,14.8,14.4,14.7,14.9
"2026-09-30 04:28:00",130554,11.76,25.06,895,894,894,894,894,894,894,894,893,100,96.6,100,100,100,100,100,100,100,14.4,14.6,15.1,14.7,14.7,14.8,14.4,14.7,14.9
"2026-09-30 04:29:00",130555,11.78,25.05,895,894,894,894,894,894,894,894,893,100,96.7,100,100,100,100,100,100,99.7,14.4,14.6,15.1,14.7,14.7,14.8,14.4,14.7,14.9
"2026-09-30 04:30:00",130556,11.73,25.04,895,894,895,894,894,894,894,895,893,100,96.9,100,100,100,100,100,100,99.8,14.4,14.6,15.1,14.7,14.7,14.8,14.4,14.7,14.9
"2026-09-30 04:31:00",130557,11.81,25.03,895,894,895,894,894,894,894,895,893,100,97,100,100,100,100,100,100,99.8,14.4,14.6,15.1,14.7,14.7,14.8,14.4,14.7,14.9
"2026-09-30 04:32:00",130558,11.82,25.03,895,894,895,894,894,894,894,895,893,100,97,100,100,100,100,100,100,99.9,14.4,14.5,15.1,14.7,14.7,14.8,14.4,14.7,14.9
"2026-09-30 04:33:00",130559,11.82,25.02,895,894,895,894,894,894,894,895,893,100,97,100,100,100,100,100,100,100,14.3,14.5,15.1,14.7,14.7,14.8,14.4,14.7,14.9
"2026-09-30 04:34:00",130560,11.82,25.01,895,894,895,894,894,894,894,895,893,100,97.1,100,100,100,100,100,100,100,14.4,14.5,15.1,14.7,14.7,14.8,14.4,14.7,14.9
"2026-09-30 04:35:00",130561,11.8,25,895,894,895,894,894,894,894,895,893,100,97.8,100,100,100,100,100,100,100,14.4,14.6,15.1,14.7,14.8,14.8,14.4,14.7,14.9
"2026-09-30 04:36:00",130562,11.75,25,895,894,895,894,894,894,894,895,893,100,98.2,100,100,100,100,100,100,100,14.4,14.6,15.1,14.7,14.8,14.9,14.4,14.7,14.9
"2026-09-30 04:37:00",130563,11.77,24.99,895,894,895,894,894,894,894,895,893,100,98,100,100,100,100,100,100,100,14.4,14.6,15.1,14.7,14.8,14.9,14.4,14.8,14.9
"2026-09-30 04:38:00",130564,11.77,24.98,895,894,895,894,894,894,894,895,893,100,97.7,100,100,100,100,100,100,99.9,14.4,14.6,15.2,14.7,14.8,14.9,14.4,14.8,14.9
"2026-09-30 04:39:00",130565,11.77,24.98,895,894,895,894,894,894,894,895,893,100,97.7,100,100,100,100,100,100,99.9,14.4,14.6,15.2,14.7,14.8,14.9,14.4,14.8,14.9
"2026-09-30 04:40:00",130566,11.81,24.97,895,894,895,894,894,894,894,895,893,100,97.3,100,100,100,100,100,100,99.3,14.4,14.6,15.2,14.7,14.8,14.9,14.4,14.8,14.9
"2026-09-30 04:41:00",130567,11.83,24.96,895,894,895,894,894,894,894,895,893,100,97.4,100,100,100,100,100,100,99,14.4,14.6,15.2,14.7,14.8,14.9,14.4,14.8,14.9
"2026-09-30 04:42:00",130568,11.8,24.95,895,894,895,894,894,894,894,895,893,100,97.7,100,100,100,100,100,100,99.2,14.4,14.6,15.2,14.7,14.8,14.8,14.4,14.7,14.8
"2026-09-30 04:43:00",130569,11.8,24.95,895,894,895,894,894,894,894,895,893,100,98,100,100,100,100,100,100,99.2,14.4,14.6,15.2,14.7,14.7,14.8,14.4,14.7,14.8
"2026-09-30 04:44:00",130570,11.78,24.94,895,894,895,894,894,894,895,895,893,100,98.2,100,100,100,100,100,100,100,14.4,14.6,15.2,14.7,14.7,14.8,14.4,14.7,14.8
"2026-09-30 04:45:00",130571,11.77,24.93,895,894,895,894,894,894,894,895,893,100,98.1,100,100,100,100,100,100,100,14.5,14.6,15.2,14.7,14.6,14.8,14.4,14.7,14.8
"2026-09-30 04:46:00",130572,11.8,24.93,895,894,895,894,894,894,894,895,893,100,97.7,100,100,100,100,100,100,100,14.4,14.6,15.2,14.7,14.6,14.8,14.4,14.7,14.8
"2026-09-30 04:47:00",130573,11.81,24.92,895,894,895,894,894,894,895,895,893,100,97.9,100,100,100,100,100,100,100,14.5,14.6,15.2,14.7,14.6,14.8,14.4,14.7,14.8
"2026-09-30 04:48:00",130574,11.76,24.91,895,894,895,894,894,894,895,895,893,100,97.8,100,100,100,100,100,100,100,14.5,14.6,15.2,14.7,14.6,14.8,14.4,14.7,14.8
"2026-09-30 04:49:00",130575,11.79,24.91,895,894,895,894,894,894,895,895,893,100,97.7,100,100,100,100,100,100,100,14.5,14.6,15.2,14.7,14.6,14.8,14.4,14.7,14.8
"2026-09-30 04:50:00",130576,11.8,24.9,895,894,895,894,894,894,895,895,893,100,97.9,100,100,100,100,100,100,100,14.5,14.6,15.2,14.7,14.6,14.8,14.4,14.7,14.8
"2026-09-30 04:51:00",130577,11.79,24.89,895,894,895,894,894,894,895,895,893,100,98.2,100,100,100,100,100,100,100,14.5,14.7,15.2,14.7,14.6,14.9,14.4,14.7,14.8
"2026-09-30 04:52:00",130578,11.78,24.89,895,894,895,894,894,894,895,895,893,100,98.2,100,100,100,100,100,100,100,14.5,14.7,15.2,14.7,14.6,14.9,14.4,14.7,14.9
"2026-09-30 04:53:00",130579,11.77,24.88,895,894,895,894,894,894,895,895,893,100,98.2,100,100,100,100,100,100,100,14.5,14.7,15.3,14.8,14.6,14.9,14.4,14.8,14.9
"2026-09-30 04:54:00",130580,11.82,24.87,895,894,895,894,894,894,895,895,893,100,97.9,100,100,100,100,100,100,100,14.6,14.7,15.3,14.8,14.7,14.9,14.5,14.8,14.9
"2026-09-30 04:55:00",130581,11.81,24.86,895,894,895,894,894,894,895,895,893,100,97.8,100,100,100,100,100,100,100,14.6,14.7,15.3,14.8,14.7,14.9,14.5,14.8,15
"2026-09-30 04:56:00",130582,11.82,24.86,895,894,895,894,894,894,895,895,893,100,98,100,100,100,100,100,100,100,14.6,14.7,15.3,14.8,14.7,14.9,14.5,14.8,15
"2026-09-30 04:57:00",130583,11.78,24.85,895,894,895,894,894,894,895,895,893,100,97.8,100,100,100,100,100,100,100,14.6,14.8,15.4,14.8,14.7,14.9,14.5,14.8,15
"2026-09-30 04:58:00",130584,11.81,24.84,895,894,895,894,894,894,895,895,893,100,97.6,100,100,100,100,100,100,100,14.6,14.8,15.4,14.8,14.8,14.9,14.5,14.8,15.1
"2026-09-30 04:59:00",130585,11.78,24.84,895,894,895,894,894,894,895,895,893,100,97.4,100,100,100,100,100,100,100,14.6,14.8,15.4,14.8,14.8,14.9,14.6,14.9,15.1
"2026-09-30 05:00:00",130586,11.78,24.83,895,894,895,894,894,894,895,895,893,100,96.9,100,100,100,100,100,100,100,14.6,14.8,15.4,14.8,14.8,14.9,14.6,14.9,15.1
"2026-09-30 05:01:00",130587,11.79,24.83,895,894,895,894,894,894,895,895,893,100,96.6,100,100,100,100,100,100,100,14.6,14.7,15.4,14.9,14.8,14.9,14.6,14.9,15.1
"2026-09-30 05:02:00",130588,11.81,24.82,895,894,895,894,894,894,895,895,893,100,97,100,100,100,100,100,100,100,14.6,14.7,15.4,14.9,14.8,14.9,14.6,14.9,15.2
"2026-09-30 05:03:00",130589,11.76,24.81,895,894,895,894,894,894,895,895,893,100,97.1,100,100,100,100,100,100,99.8,14.6,14.7,15.4,14.9,14.8,14.9,14.6,14.9,15.2
"2026-09-30 05:04:00",130590,11.78,24.81,895,894,895,894,894,894,895,895,893,100,96.8,100,100,100,100,100,100,98.9,14.6,14.7,15.4,14.9,14.8,14.9,14.6,14.9,15.2
"2026-09-30 05:05:00",130591,11.79,24.8,895,894,895,894,894,894,895,895,893,100,96.8,100,100,100,100,100,100,98.2,14.5,14.7,15.4,14.9,14.8,14.9,14.6,14.9,15.2
"2026-09-30 05:06:00",130592,11.78,24.8,895,894,895,894,894,894,895,895,893,100,96.7,100,100,100,100,100,100,97.6,14.5,14.7,15.4,14.9,14.9,14.9,14.6,14.9,15.2
"2026-09-30 05:07:00",130593,11.74,24.79,895,894,895,894,894,894,895,895,893,100,96.6,100,100,100,100,100,100,97.2,14.5,14.7,15.4,14.9,14.9,14.9,14.6,14.9,15.2
"2026-09-30 05:08:00",130594,11.77,24.78,895,894,895,894,894,894,895,895,893,100,96.6,100,100,100,100,100,100,97,14.5,14.6,15.4,14.9,14.8,14.9,14.6,14.9,15.1
"2026-09-30 05:09:00",130595,11.76,24.78,895,894,895,894,894,894,895,895,893,100,96.6,100,100,100,100,100,100,97.1,14.4,14.6,15.3,14.9,14.8,14.9,14.5,14.8,15.1
"2026-09-30 05:10:00",130596,11.77,24.77,895,894,895,894,894,894,895,895,893,100,96.8,100,100,100,100,100,100,97.4,14.4,14.6,15.3,14.8,14.8,14.9,14.5,14.8,15
"2026-09-30 05:11:00",130597,11.78,24.77,895,894,895,894,894,894,895,895,893,100,96.8,100,100,100,100,100,100,97.8,14.4,14.6,15.3,14.8,14.8,14.9,14.5,14.8,14.9
"2026-09-30 05:12:00",130598,11.82,24.76,895,894,895,894,894,894,895,895,893,100,97,100,100,100,100,100,100,98.2,14.4,14.6,15.2,14.8,14.8,14.9,14.5,14.8,14.9
"2026-09-30 05:13:00",130599,11.79,24.76,895,895,895,894,894,894,895,895,893,100,97.4,100,100,100,100,100,100,98.5,14.4,14.6,15.2,14.8,14.8,14.9,14.5,14.8,14.9
"2026-09-30 05:14:00",130600,11.74,24.75,895,895,895,894,894,894,895,895,893,100,97.6,100,100,100,100,100,100,98.5,14.4,14.5,15.2,14.8,14.8,14.9,14.5,14.8,14.9
"2026-09-30 05:15:00",130601,11.8,24.75,895,895,895,894,894,894,895,895,893,100,97.7,100,100,100,100,100,100,100,14.4,14.5,15.2,14.8,14.8,14.9,14.4,14.8,14.8
"2026-09-30 05:16:00",130602,11.77,24.74,895,895,895,894,894,894,895,895,893,100,97.8,100,100,100,100,100,100,100,14.4,14.5,15.2,14.8,14.8,14.9,14.5,14.8,14.8
"2026-09-30 05:17:00",130603,11.75,24.74,895,894,895,894,894,894,895,895,893,100,97.8,100,100,100,100,100,100,99.8,14.4,14.5,15.2,14.8,14.8,14.9,14.5,14.8,14.8
"2026-09-30 05:18:00",130604,11.79,24.73,895,894,895,894,894,894,895,895,893,100,97.8,100,100,100,100,100,100,99.9,14.4,14.5,15.1,14.8,14.8,14.9,14.4,14.8,14.8
"2026-09-30 05:19:00",130605,11.78,24.73,895,894,895,894,894,894,895,895,893,100,98,100,100,100,100,100,100,100,14.3,14.5,15.1,14.8,14.8,14.9,14.4,14.8,14.8
"2026-09-30 05:20:00",130606,11.76,24.72,895,894,895,894,894,894,895,895,893,100,98,100,100,100,100,100,100,100,14.3,14.5,15.1,14.8,14.8,14.9,14.4,14.8,14.8
"2026-09-30 05:21:00",130607,11.81,24.72,895,894,895,894,894,894,895,895,893,100,97.9,100,100,100,100,100,100,100,14.3,14.5,15.1,14.8,14.8,14.9,14.4,14.7,14.8
"2026-09-30 05:22:00",130608,11.74,24.71,895,894,895,894,894,894,895,895,893,100,98,100,100,100,100,100,100,100,14.3,14.5,15.1,14.8,14.7,14.9,14.4,14.7,14.8
"2026-09-30 05:23:00",130609,11.74,24.71,895,895,895,894,894,894,895,895,893,100,98.2,100,100,100,100,100,100,100,14.3,14.5,15.1,14.8,14.7,14.9,14.4,14.7,14.8
"2026-09-30 05:24:00",130610,11.8,24.7,895,895,895,894,894,894,895,895,893,100,98.5,100,100,100,100,100,100,100,14.3,14.5,15.1,14.8,14.7,14.9,14.4,14.7,14.8
"2026-09-30 05:25:00",130611,11.76,24.69,895,895,895,894,894,894,895,895,893,100,98.8,100,100,100,100,100,100,100,14.3,14.5,15.1,14.8,14.8,14.9,14.4,14.6,14.8
"2026-09-30 05:26:00",130612,11.78,24.69,895,895,895,894,894,894,895,895,893,100,98.8,100,100,100,100,100,100,100,14.4,14.5,15.1,14.8,14.7,14.9,14.4,14.6,14.8
"2026-09-30 05:27:00",130613,11.77,24.68,895,895,895,894,894,894,895,895,893,100,98.8,100,100,100,100,100,100,100,14.3,14.5,15.1,14.8,14.7,14.9,14.4,14.6,14.8
"2026-09-30 05:28:00",130614,11.73,24.68,895,895,895,894,894,894,895,895,893,100,98.6,100,100,100,100,100,100,100,14.3,14.5,15.1,14.7,14.7,14.8,14.4,14.6,14.8
"2026-09-30 05:29:00",130615,11.78,24.67,895,895,895,894,894,894,895,895,893,100,98.4,100,100,100,100,100,100,100,14.3,14.5,15.1,14.7,14.7,14.8,14.4,14.6,14.8
"2026-09-30 05:30:00",130616,11.8,24.67,895,895,895,894,894,894,895,895,893,100,98.2,100,100,100,100,100,100,100,14.3,14.5,15.1,14.7,14.7,14.8,14.4,14.5,14.8
"2026-09-30 05:31:00",130617,11.77,24.66,895,895,895,894,894,894,895,895,893,100,98.4,100,100,100,100,100,100,100,14.3,14.5,15.1,14.7,14.7,14.8,14.4,14.6,14.8
"2026-09-30 05:32:00",130618,11.77,24.66,896,895,895,894,894,894,895,895,893,100,98.4,100,100,100,100,100,100,100,14.3,14.5,15.1,14.7,14.7,14.8,14.4,14.6,14.7
"2026-09-30 05:33:00",130619,11.78,24.65,895,895,895,894,894,894,895,895,893,100,98.3,100,100,100,100,100,100,100,14.3,14.5,15.1,14.7,14.7,14.9,14.4,14.6,14.7
"2026-09-30 05:34:00",130620,11.76,24.64,895,895,895,894,894,894,895,895,893,100,98.2,100,100,100,100,100,100,100,14.3,14.5,15.1,14.7,14.7,14.8,14.4,14.6,14.7
"2026-09-30 05:35:00",130621,11.82,24.64,896,895,895,894,894,894,895,895,893,100,98.4,100,100,100,100,100,100,99.9,14.3,14.5,15.1,14.7,14.7,14.9,14.4,14.6,14.7
"2026-09-30 05:36:00",130622,11.79,24.63,896,895,895,894,894,895,895,895,893,100,98.8,100,100,100,100,100,100,99.9,14.3,14.5,15.1,14.7,14.7,14.9,14.4,14.6,14.7
"2026-09-30 05:37:00",130623,11.8,24.63,896,895,895,894,894,895,895,895,894,100,99.1,100,100,100,100,100,100,100,14.3,14.5,15.1,14.8,14.7,14.9,14.4,14.6,14.6
"2026-09-30 05:38:00",130624,11.77,24.62,896,895,895,894,894,895,895,895,894,100,99.3,100,100,100,100,100,100,100,14.3,14.5,15.1,14.8,14.7,14.9,14.4,14.6,14.6
"2026-09-30 05:39:00",130625,11.77,24.62,896,895,895,894,894,895,895,895,894,100,99.4,100,100,100,100,100,100,100,14.3,14.5,15.1,14.8,14.7,14.9,14.4,14.6,14.6
"2026-09-30 05:40:00",130626,11.75,24.61,896,895,895,894,894,895,895,895,894,100,99.7,100,100,100,100,100,100,100,14.4,14.5,15.1,14.8,14.8,14.9,14.4,14.7,14.6
"2026-09-30 05:41:00",130627,11.77,24.6,896,895,895,894,894,895,895,895,894,100,100,100,100,100,100,100,100,100,14.4,14.5,15.2,14.8,14.8,14.9,14.5,14.7,14.7
"2026-09-30 05:42:00",130628,11.76,24.6,896,895,895,894,894,895,895,895,894,100,100,100,100,100,100,100,100,100,14.4,14.6,15.2,14.8,14.8,14.9,14.5,14.7,14.7
"2026-09-30 05:43:00",130629,11.82,24.59,896,895,895,894,894,895,895,895,894,100,100,100,100,100,100,100,100,100,14.4,14.6,15.2,14.8,14.9,14.9,14.5,14.8,14.7
"2026-09-30 05:44:00",130630,11.81,24.59,896,895,895,894,894,895,895,895,894,100,99.6,100,100,100,100,100,100,100,14.4,14.6,15.2,14.8,14.9,14.9,14.5,14.8,14.8
"2026-09-30 05:45:00",130631,11.8,24.58,896,895,895,895,894,895,895,895,894,100,98.9,100,100,100,100,100,100,100,14.4,14.6,15.2,14.8,14.9,14.9,14.5,14.8,14.8
"2026-09-30 05:46:00",130632,11.77,24.57,896,895,895,895,894,895,895,895,894,100,98.5,100,100,100,100,100,100,100,14.4,14.6,15.2,14.8,14.9,14.9,14.5,14.8,14.7
"2026-09-30 05:47:00",130633,11.79,24.57,896,895,895,895,894,895,895,895,894,100,98.4,100,100,100,100,100,100,100,14.4,14.6,15.2,14.8,14.9,14.9,14.5,14.8,14.7
"2026-09-30 05:48:00",130634,11.79,24.56,896,895,895,895,894,895,895,895,894,100,98.4,100,100,100,100,100,100,100,14.4,14.6,15.2,14.8,14.9,14.9,14.5,14.7,14.7
"2026-09-30 05:49:00",130635,11.77,24.56,896,895,895,895,894,895,895,895,894,100,98.5,100,100,100,100,100,100,100,14.4,14.6,15.2,14.8,14.8,14.9,14.4,14.7,14.7
"2026-09-30 05:50:00",130636,11.78,24.55,896,895,895,895,894,895,895,895,894,100,98.7,100,100,100,100,100,100,100,14.3,14.6,15.2,14.8,14.8,14.9,14.4,14.7,14.7
"2026-09-30 05:51:00",130637,11.76,24.55,896,895,895,895,894,895,895,895,894,100,99,100,100,100,100,100,100,100,14.3,14.6,15.1,14.8,14.8,14.9,14.4,14.7,14.7
"2026-09-30 05:52:00",130638,11.75,24.54,896,895,895,895,894,895,895,895,894,100,99.4,100,100,100,100,100,100,100,14.3,14.6,15.1,14.8,14.8,14.9,14.4,14.7,14.7
"2026-09-30 05:53:00",130639,11.8,24.54,896,895,895,895,894,895,895,895,894,100,99.5,100,100,100,100,100,100,100,14.3,14.6,15.1,14.8,14.8,14.9,14.4,14.7,14.8
"2026-09-30 05:54:00",130640,11.8,24.53,896,895,895,895,894,895,895,895,894,100,99.9,100,100,100,100,100,100,100,14.4,14.6,15.2,14.8,14.8,14.9,14.4,14.7,14.8
"2026-09-30 05:55:00",130641,11.76,24.53,896,895,895,895,895,895,895,895,894,100,100,100,100,100,100,100,100,100,14.4,14.6,15.2,14.8,14.9,14.9,14.5,14.8,14.8
"2026-09-30 05:56:00",130642,11.81,24.52,896,895,895,895,894,895,895,895,894,100,99.9,100,100,100,100,100,100,100,14.4,14.6,15.2,14.8,14.9,14.9,14.5,14.8,14.9
"2026-09-30 05:57:00",130643,11.76,24.52,896,895,895,895,895,895,895,895,894,100,99.6,100,100,100,100,100,100,100,14.4,14.7,15.2,14.8,14.9,15,14.5,14.8,14.9
"2026-09-30 05:58:00",130644,11.79,24.51,896,895,895,895,894,895,895,895,894,100,99.6,100,100,100,100,100,100,100,14.5,14.7,15.2,14.9,14.9,15,14.5,14.8,14.9
"2026-09-30 05:59:00",130645,11.81,24.51,896,895,895,895,895,895,895,895,894,100,99.5,100,100,100,100,100,100,100,14.5,14.7,15.3,14.9,14.9,15,14.5,14.8,14.9
"2026-09-30 06:00:00",130646,11.81,24.51,896,895,895,895,895,895,895,895,894,100,99.4,100,100,100,100,100,100,100,14.5,14.7,15.3,14.9,14.9,15,14.6,14.9,14.9
"2026-09-30 06:01:00",130647,11.73,24.5,896,895,895,895,895,895,895,895,894,100,99.2,100,100,100,100,100,100,100,14.5,14.7,15.3,14.9,14.9,15,14.6,14.9,14.9
"2026-09-30 06:02:00",130648,11.76,24.5,896,895,895,895,895,895,895,895,894,100,99.2,100,100,100,100,100,100,100,14.5,14.7,15.3,14.9,14.9,15,14.6,14.9,14.9
"2026-09-30 06:03:00",130649,11.77,24.49,896,895,895,895,895,895,895,895,894,100,99.3,100,100,100,100,100,100,100,14.6,14.8,15.3,14.9,14.9,15,14.6,14.9,15
"2026-09-30 06:04:00",130650,11.82,24.49,896,895,895,895,895,895,895,895,894,100,99.3,100,100,100,100,100,100,100,14.6,14.8,15.4,14.9,14.9,15,14.6,14.9,15
"2026-09-30 06:05:00",130651,11.79,24.48,896,895,895,895,895,895,895,895,894,100,99.4,100,100,100,100,100,100,100,14.6,14.8,15.4,14.9,14.9,15.1,14.6,14.9,15
"2026-09-30 06:06:00",130652,11.76,24.48,896,895,895,895,895,895,895,895,894,100,99.2,100,100,100,100,100,100,100,14.7,14.9,15.4,14.9,14.9,15.1,14.7,14.9,15
"2026-09-30 06:07:00",130653,11.8,24.47,896,895,895,895,895,895,895,895,894,100,99.1,100,100,100,100,100,100,100,14.7,14.9,15.4,15,15,15.1,14.7,15,15.1
"2026-09-30 06:08:00",130654,11.81,24.47,896,895,895,895,895,895,895,895,894,100,99.1,100,100,100,100,100,100,100,14.8,14.9,15.5,15,15,15.1,14.7,15,15.1
"2026-09-30 06:09:00",130655,11.8,24.47,896,895,895,895,895,895,895,895,894,100,99.2,100,100,100,100,100,100,100,14.8,15,15.5,15,15.1,15.2,14.8,15,15.2
"2026-09-30 06:10:00",130656,11.78,24.46,896,895,895,895,895,895,895,895,894,100,99.2,100,100,100,100,100,100,100,14.9,15.1,15.6,15.1,15.1,15.2,14.8,15.1,15.2
"2026-09-30 06:11:00",130657,11.75,24.46,896,895,895,895,895,895,895,895,894,100,99.3,100,100,100,100,100,100,100,14.9,15.1,15.6,15.1,15.1,15.3,14.9,15.1,15.3
"2026-09-30 06:12:00",130658,11.81,24.45,896,895,895,895,895,895,895,896,894,100,99.6,100,100,100,100,100,100,100,15,15.2,15.7,15.2,15.2,15.3,15,15.2,15.3
"2026-09-30 06:13:00",130659,11.8,24.45,896,895,895,895,895,895,895,896,894,100,100,100,100,100,100,100,100,100,15.1,15.3,15.8,15.3,15.3,15.4,15.1,15.3,15.4
"2026-09-30 06:14:00",130660,11.77,24.45,896,895,896,895,895,895,895,896,894,100,100,100,100,100,100,100,100,100,15.2,15.4,15.9,15.3,15.4,15.5,15.2,15.4,15.5
"2026-09-30 06:15:00",130661,11.77,24.44,896,895,896,895,895,895,895,896,894,100,100,100,100,100,100,100,100,100,15.3,15.5,16,15.4,15.5,15.6,15.3,15.5,15.6
"2026-09-30 06:16:00",130662,11.8,24.44,896,895,896,895,895,895,895,896,894,100,100,100,100,100,100,100,100,100,15.5,15.6,16.1,15.5,15.6,15.7,15.4,15.6,15.7
"2026-09-30 06:17:00",130663,11.74,24.44,896,895,896,895,895,895,895,896,894,100,100,100,100,100,100,100,100,100,15.7,15.8,16.2,15.6,15.7,15.9,15.5,15.7,15.8
"2026-09-30 06:18:00",130664,11.78,24.43,896,895,896,895,895,895,895,896,894,100,100,100,100,100,100,100,100,100,15.9,16,16.3,15.7,15.8,16,15.7,15.8,15.9
"2026-09-30 06:19:00",130665,11.8,24.43,896,895,896,895,895,895,895,896,894,100,100,100,100,100,100,100,100,100,16,16.1,16.4,15.8,15.9,16.1,15.8,16,16
"2026-09-30 06:20:00",130666,11.8,24.42,896,895,896,895,895,895,895,896,894,100,100,100,100,100,100,100,100,100,16.2,16.3,16.6,15.9,16,16.2,15.9,16.1,16.1
"2026-09-30 06:21:00",130667,11.75,24.42,896,895,896,895,895,895,895,896,894,100,99.7,100,100,100,100,100,100,100,16.3,16.4,16.8,16,16.2,16.3,16.1,16.3,16.3
"2026-09-30 06:22:00",130668,11.75,24.42,896,895,896,895,895,895,895,896,894,100,98.8,100,100,100,100,100,100,100,16.5,16.5,17,16.2,16.3,16.5,16.2,16.5,16.4
"2026-09-30 06:23:00",130669,11.74,24.42,896,895,896,895,895,895,896,896,894,100,97.8,100,100,100,100,100,100,100,16.6,16.6,17.2,16.3,16.4,16.6,16.4,16.7,16.6
"2026-09-30 06:24:00",130670,11.81,24.41,896,895,896,895,895,895,895,896,894,100,97,100,100,100,100,100,100,99.3,16.8,16.8,17.4,16.4,16.5,16.7,16.6,16.9,16.8
"2026-09-30 06:25:00",130671,11.8,24.41,896,895,896,895,895,895,896,896,894,100,96.3,100,100,100,100,100,100,98.5,17,16.9,17.5,16.6,16.7,16.8,16.9,17.1,16.9
"2026-09-30 06:26:00",130672,11.79,24.41,896,895,896,895,895,895,896,896,894,100,95.8,100,100,100,100,100,100,97.5,17.1,17,17.7,16.7,16.8,17,17.1,17.3,17
"2026-09-30 06:27:00",130673,11.79,24.41,896,895,896,895,895,895,896,896,894,100,95.1,100,100,100,100,100,100,96.8,17.4,17.2,17.9,16.8,17,17.1,17.4,17.5,17.2
"2026-09-30 06:28:00",130674,11.79,24.41,896,895,896,895,895,895,896,896,894,100,94.5,100,100,100,100,100,100,96.1,17.6,17.4,18.1,16.9,17.2,17.3,17.6,17.7,17.3
"2026-09-30 06:29:00",130675,11.79,24.4,896,895,896,895,895,895,896,896,894,100,93.7,100,100,100,100,100,100,95.3,17.8,17.5,18.2,17.1,17.4,17.4,17.8,17.8,17.5
"2026-09-30 06:30:00",130676,11.77,24.4,896,895,896,895,895,895,896,896,894,100,93.1,100,100,100,100,100,100,94.9,18,17.6,18.3,17.2,17.7,17.6,18,18,17.5
"2026-09-30 06:31:00",130677,11.76,24.4,896,895,896,895,895,895,896,896,894,100,92.5,100,100,100,100,99.1,100,93.9,18.3,17.8,18.4,17.4,17.9,17.8,18.2,18.1,17.8
"2026-09-30 06:32:00",130678,11.8,24.4,896,895,896,895,895,895,896,896,894,100,91.7,99.9,100,100,100,98,100,93.3,18.5,17.9,18.5,17.5,18.2,17.9,18.3,18.2,18
"2026-09-30 06:33:00",130679,11.77,24.4,896,895,896,895,895,895,896,896,894,100,91,99.9,100,100,100,98,100,92.6,18.6,18,18.5,17.6,18.4,18.1,18.3,18.3,18.1
"2026-09-30 06:34:00",130680,11.81,24.4,896,895,896,895,895,895,896,896,894,100,90.5,99.2,100,100,100,98,100,91.8,18.8,18.2,18.7,17.8,18.6,18.3,18.3,18.4,18.2
"2026-09-30 06:35:00",130681,11.82,24.4,896,895,896,895,895,895,896,896,894,100,90.3,98.3,100,100,100,98,100,90.9,19.1,18.3,18.8,17.9,19,18.5,18.3,18.5,18.4
"2026-09-30 06:36:00",130682,11.76,24.4,896,895,896,895,895,895,896,896,894,100,89.8,97.5,100,100,100,95.6,100,90.1,19.4,18.3,18.9,18.1,19.4,18.7,18.8,18.7,18.6
"2026-09-30 06:37:00",130683,11.77,24.4,896,895,896,895,895,895,896,896,894,100,88.9,97,100,100,100,95.5,100,89.7,19.7,18.5,19,18.2,19.8,19,18.9,18.9,18.8
"2026-09-30 06:38:00",130684,11.75,24.41,896,895,896,895,895,895,896,896,894,100,88.3,97,100,100,100,95.3,100,89,20,18.7,19,18.4,20.3,19.2,19,19.1,19.1
"2026-09-30 06:39:00",130685,11.78,24.41,896,895,896,895,895,895,896,896,894,100,88.2,96.6,100,100,100,95.3,100,87.9,20.3,18.9,19.2,18.6,20.8,19.5,19,19.3,19.4
"2026-09-30 06:40:00",130686,11.79,24.41,896,895,896,895,895,895,896,896,894,100,87.6,97,100,100,100,95.3,100,86.3,20.6,19.1,19.2,18.8,21.2,19.7,19,19.5,19.7
"2026-09-30 06:41:00",130687,11.81,24.41,896,895,896,895,895,895,896,896,894,100,86.2,96.6,100,100,100,95.3,100,85.1,21,19.4,19.4,19,21.7,19.9,19.2,19.8,20
"2026-09-30 06:42:00",130688,11.79,24.42,896,895,896,895,895,895,896,896,894,100,85,95.4,100,100,98.7,94,100,83.2,21.3,19.8,19.5,19.2,22.2,20.2,19.5,19.9,20.3
"2026-09-30 06:43:00",130689,11.79,24.42,896,896,896,895,895,895,896,896,895,99.7,84.4,95.6,99.8,100,97.6,93.5,99.3,80.9,21.6,20.1,19.6,19.4,22.6,20.3,19.5,20,20.6
"2026-09-30 06:44:00",130690,11.81,24.42,896,896,896,895,895,895,896,896,895,97.2,82.5,95,99.8,97.8,96.5,92.9,98.7,79.72,22,20.6,19.7,19.4,23,20.6,19.7,20,20.7
"2026-09-30 06:45:00",130691,11.79,24.43,896,896,896,895,895,896,896,896,895,95,81,93.8,97.9,92.3,98.7,92.6,98.7,77.51,22.3,21,19.9,20,23.4,20.8,19.8,20,21.1
"2026-09-30 06:46:00",130692,11.78,24.43,896,896,896,895,895,896,896,896,895,92.8,78.81,93.2,96.7,87.6,100,92.7,98.6,76.59,22.6,21.4,20.1,20.3,23.8,21,19.9,20.1,21.2
"2026-09-30 06:47:00",130693,11.78,24.44,896,896,896,895,895,896,896,896,895,90.8,77.26,92.8,95.4,84.9,100,92.7,99,76,23,21.9,20.3,20.6,24.1,21.3,20,20.2,21.4
"2026-09-30 06:48:00",130694,11.77,24.45,896,896,896,895,895,896,896,896,895,88,75.47,91.3,93.4,81.9,100,91.5,98.5,75.64,23.3,22.3,20.6,20.9,24.5,21.5,20.1,20.3,21.5
"2026-09-30 06:49:00",130695,11.81,24.45,896,896,896,895,895,896,896,896,895,87.8,74.6,90.4,91.4,78.92,100,91,97.5,75.99,23.6,22.7,20.9,21.2,24.8,21.7,20.2,20.4,21.6
"2026-09-30 06:50:00",130696,11.81,24.46,896,896,896,895,895,896,896,896,895,86.8,72.66,89.5,89.8,77.24,100,90.7,97.8,75.88,23.9,23,21.2,21.4,25,21.9,20.3,20.5,21.8
"2026-09-30 06:51:00",130697,11.76,24.46,897,896,896,895,895,896,896,896,895,85.1,71.18,88.2,88.3,75.48,100,90.4,97.9,76.06,24.1,23.4,21.5,21.6,25.2,22.1,20.4,20.6,21.9
"2026-09-30 06:52:00",130698,11.78,24.47,897,896,896,895,895,896,896,896,895,84,70.25,86.9,87.3,74.54,100,90.3,97.9,76.24,24.3,23.6,21.8,21.8,25.4,22.3,20.5,20.6,22
"2026-09-30 06:53:00",130699,11.76,24.48,897,896,896,895,895,896,896,896,895,82.9,69.1,85.5,86.1,73.59,100,90.1,98.2,75.43,24.4,23.9,22.1,21.9,25.5,22.5,20.6,20.9,22.1
"2026-09-30 06:54:00",130700,11.8,24.49,896,896,896,895,895,896,896,896,895,81.5,67.89,84.1,85.6,72.96,99.9,90,97.8,74.94,24.6,24.1,22.3,22,25.7,22.7,20.7,21,22.3
"2026-09-30 06:55:00",130701,11.76,24.5,897,896,896,896,895,896,896,896,895,79.58,67.24,82.5,84.2,72.08,99.9,89.6,96.6,73.04,24.8,24.3,22.6,22.1,25.9,22.7,20.8,21.3,22.5
"2026-09-30 06:56:00",130702,11.73,24.51,897,896,896,896,895,896,896,896,895,77.98,65.98,80.4,83.4,69.77,90.1,88.8,95.3,72.05,25,24.7,22.9,22.2,26.1,23,20.9,21.6,22.7
"2026-09-30 06:57:00",130703,11.77,24.52,897,896,896,896,895,896,896,896,895,76.04,64.54,78.45,82.6,68.17,87.8,89.2,92.8,69.42,25.3,25,23.2,22.3,26.3,23,21,22,23
"2026-09-30 06:58:00",130704,11.77,24.53,896,896,896,896,895,896,896,896,895,73.28,62.61,76.73,81.9,65.3,85.1,91.1,89.5,67.76,25.6,25.3,23.5,22.3,26.6,23.2,21.1,22.5,23.3
"2026-09-30 06:59:00",130705,11.77,24.54,897,896,896,896,895,896,896,896,895,69.95,61.01,74.77,81.1,66.32,84.4,92.2,89.5,67.74,25.9,25.7,23.8,22.4,26.9,23.3,21.2,22.5,23.6
"2026-09-30 07:00:00",130706,11.82,24.55,897,896,896,896,896,896,896,896,895,70,60.1,73.42,80.5,65.78,83.3,93.1,84.4,66.92,26.2,26,24.1,22.4,27.3,23.4,21.4,23.6,23.9
"2026-09-30 07:01:00",130707,11.77,24.56,897,896,896,896,895,896,896,896,895,68.65,58.75,72.49,81.6,66.24,83.3,93.5,83.5,66.92,26.5,26.4,24.4,22.5,27.6,23.4,21.4,24.2,23.9
"2026-09-30 07:02:00",130708,11.73,24.57,897,896,896,896,896,896,896,896,895,66.76,58.04,71.86,81.8,63.38,82.1,94.9,80.1,65.69,26.8,26.7,24.8,22.5,28,23.5,21.7,24.8,24.6
"2026-09-30 07:03:00",130709,11.75,24.59,897,896,896,896,896,896,896,896,895,66.59,57.93,70.92,82.6,61.23,82.5,95.8,77.36,66.21,27.1,27,25.1,22.5,28.2,23.5,22,25.3,25
"2026-09-30 07:04:00",130710,11.79,24.6,897,896,896,896,896,896,896,896,895,67.98,57.78,71.21,83.9,61.5,83.4,96.5,75.63,66.14,27.4,27.3,25.4,22.6,28.5,23.5,22.3,25.8,25.3
"2026-09-30 07:05:00",130711,11.75,24.62,897,896,896,896,896,896,896,896,895,67.25,57.3,70.72,83.4,60.53,83.4,97.1,75.63,65.64,27.6,27.6,25.6,22.7,28.7,23.5,22.7,25.8,25.6
"2026-09-30 07:06:00",130712,11.79,24.63,897,896,896,896,896,896,896,896,895,65.98,56.72,69.94,82.9,60.62,83.4,97.1,72.07,64.54,27.9,27.7,25.8,22.8,28.9,23.5,22.7,26.8,25.9
"2026-09-30 07:07:00",130713,11.77,24.65,897,896,896,896,896,896,896,896,895,64.34,55.1,68.26,82,58.64,82.9,97.9,68.26,63.34,28.2,28.2,26.2,22.9,29.2,23.6,23.8,27.3,26.3
"2026-09-30 07:08:00",130714,11.77,24.67,897,896,896,896,896,896,896,896,895,61.48,54.15,66.3,81.2,57.19,81.5,89.1,64.75,61.48,28.5,28.5,26.5,23,29.3,23.7,24.4,27.8,26.6
"2026-09-30 07:09:00",130715,11.75,24.69,897,896,896,896,896,896,896,896,895,59.76,52.41,64.9,80.4,55.89,81,82.8,62.09,59.21,28.9,28.8,26.8,23.1,29.7,23.8,24.9,28.3,27
"2026-09-30 07:10:00",130716,11.77,24.71,897,896,896,896,896,896,896,896,895,58.61,52.37,64.12,80,54.72,79.96,77.14,62.09,57.49,29,29.1,27.1,23.3,30,23.9,25.5,28.3,27.4
"2026-09-30 07:11:00",130717,11.74,24.73,897,896,897,896,896,896,896,896,895,57.51,50.53,62.25,78.51,53.82,80.4,72.59,70.1,57.08,29.5,29.4,27.4,23.6,30.2,24,26,29.4,27.5
"2026-09-30 07:12:00",130718,11.81,24.75,897,896,897,896,896,896,896,896,895,54.97,49.72,61.42,78.51,54.18,80.4,71.22,72.96,55.21,29.8,29.5,27.7,23.6,30.5,24,26.3,30,28
"2026-09-30 07:13:00",130719,11.77,24.77,897,896,897,896,896,896,896,896,895,52.6,48.49,59.75,76.19,53.32,77.67,67.84,74.8,54.68,30.1,30,28,24.4,30.7,24.4,27.1,30.6,28.2
"2026-09-30 07:14:00",130720,11.8,24.8,897,896,897,896,896,896,896,896,895,50.63,47.21,57.73,74,53.43,75.68,65.46,76.01,52.35,30.4,30.3,28.3,24.8,30.9,24.5,27.6,31.2,28.7
"2026-09-30 07:15:00",130721,11.8,24.82,897,896,897,896,896,896,896,896,895,49.83,46.04,56.6,72.69,50.33,75.08,65.46,76.47,51.34,30.7,30.6,28.6,25.3,31,24.6,27.6,31.8,29
"2026-09-30 07:16:00",130722,11.81,24.85,897,896,897,896,896,896,896,896,895,50.35,45.6,55.55,71.28,49.86,75.71,61.44,76.28,51.18,31,31,28.9,25.7,31.1,24.7,28.6,32.4,29.4
"2026-09-30 07:17:00",130723,11.77,24.87,897,896,897,896,896,896,896,896,895,47.4,44.38,53.25,68.15,50.52,73.63,58.34,75.86,49.06,31.3,31.2,29.2,26.1,31.1,24.8,29,33,29.7
"2026-09-30 07:18:00",130724,11.78,24.9,897,896,897,896,896,896,896,896,895,47,43.44,52.8,66.13,50.02,73.31,55.2,75.08,47.42,31.6,31.5,29.5,26.5,31,24.9,29.4,33.5,30
"2026-09-30 07:19:00",130725,11.79,24.93,897,896,897,896,896,896,897,896,895,46.1,42.38,51.67,64.4,49.94,72.08,53.01,74.13,46.7,31.8,31.8,29.7,26.9,31,25,29.8,34.1,30.2
"2026-09-30 07:20:00",130726,11.76,24.96,897,896,897,896,896,896,897,896,895,43.67,41.11,49.46,62.39,48.25,71.04,51.42,73.64,44.29,32.1,32.1,30,27.2,30.9,25.1,30.2,34.3,30.5
"2026-09-30 07:21:00",130727,11.75,24.99,897,896,897,896,896,896,897,896,895,43,40.81,49.38,61.01,49.23,71.54,50.92,48.36,43.46,32.3,32.3,30.3,27.5,30.8,25.2,30.6,34.9,30.8
"2026-09-30 07:22:00",130728,11.77,25.02,897,896,897,896,896,896,897,896,895,41.73,39.09,47.74,60.54,49.97,70.57,49.62,42.96,43.53,32.6,32.6,30.6,27.7,30.7,25.4,31,35.2,31.1
"2026-09-30 07:23:00",130729,11.77,25.05,897,896,897,896,896,896,897,896,895,40.71,38.65,46.01,57.86,46.58,67.74,46.14,40.09,44.97,32.8,32.9,30.8,27.9,30.6,25.5,31.3,35.5,31.4
"2026-09-30 07:24:00",130730,11.78,25.09,897,896,897,896,896,896,897,896,895,40.61,38.38,44.93,57.39,47.13,66.78,45,38.06,46.2,33.1,33.2,31.1,27.9,30.5,25.8,31.7,35.7,31.7
"2026-09-30 07:25:00",130731,11.8,25.12,897,896,897,896,896,896,897,896,895,39.93,37.98,44.6,56.46,46.73,64.84,43.21,38.06,47.05,33.2,33.4,31.4,28,30.5,26,32,35.7,32
"2026-09-30 07:26:00",130732,11.8,25.16,897,896,897,896,896,896,897,896,895,39.52,36.88,43.71,56.5,46.52,64.29,42.83,35.77,47.79,33.5,33.7,31.6,28,30.5,26.4,32.3,36.2,32.3
"2026-09-30 07:27:00",130733,11.76,25.2,897,896,897,896,896,896,897,896,896,39.22,36.34,42.84,56.12,46.91,63.25,41.79,36.12,48.36,33.7,33.9,31.9,28,30.5,26.7,32.6,36.3,32.6
"2026-09-30 07:28:00",130734,11.8,25.23,897,896,897,896,896,896,897,896,896,38.68,36.07,41.99,55.44,46.6,61.08,40.39,34.34,48.8,33.9,34.1,32.1,28,30.4,26.9,32.9,36.5,32.9
"2026-09-30 07:29:00",130735,11.77,25.27,897,896,897,896,896,896,897,896,896,37.72,34.74,41.51,56.09,47.15,61.13,40.94,34.34,49.23,34.1,34.3,32.3,28,30.5,27.2,33.1,36.5,33.2
"2026-09-30 07:30:00",130736,11.76,25.31,897,896,897,896,896,896,897,896,896,36.91,34.71,40.44,54.8,46.5,59.84,39.09,33.69,49.56,34.3,34.5,32.5,27.9,30.5,27.4,33.4,36.9,33.4
"2026-09-30 07:31:00",130737,11.81,25.36,897,896,897,896,896,896,897,896,896,36.94,34.01,40.31,54.55,45.04,59.84,38.25,33.09,49.89,34.5,34.8,32.7,27.9,30.5,27.4,33.6,37.1,33.7
"2026-09-30 07:32:00",130738,11.81,25.4,897,896,897,896,896,896,897,897,896,36.93,33.91,40.33,55.32,46.65,57.97,38.88,32.92,50.14,34.7,35,33,27.9,30.5,27.9,33.9,37.3,34
"2026-09-30 07:33:00",130739,11.74,25.44,897,896,897,896,896,896,897,897,896,36.42,34.39,40.28,55.4,46.44,57.33,38.16,32.25,41.12,34.9,35.2,33.2,27.8,30.5,28.1,34.1,37.4,34.2
"2026-09-30 07:34:00",130740,11.77,25.49,897,896,897,896,896,896,897,897,896,35.76,33.17,38.99,54.69,45.56,57.33,37.1,31.78,38.3,35.1,35.3,33.4,27.8,30.4,28.1,34.3,37.6,34.3
"2026-09-30 07:35:00",130741,11.81,25.54,897,896,897,896,896,897,897,897,896,37.44,32.89,38.83,55.03,46.06,55.89,37.04,31.81,35.68,35.3,35.5,33.6,27.7,30.4,28.6,34.5,37.8,34.6
"2026-09-30 07:36:00",130742,11.81,25.58,897,897,897,896,896,897,897,897,896,38.96,32.38,38.83,55.3,46.2,55.2,36.23,31.24,35.21,35.5,35.7,33.6,27.6,30.3,28.8,34.8,38,34.6
"2026-09-30 07:37:00",130743,11.75,25.63,897,897,897,896,896,897,897,897,896,40.29,32.1,37.68,55.35,46.61,54.56,36.14,31.23,34.21,35.8,35.8,34,27.5,30.1,29,35,38.2,34.8
"2026-09-30 07:38:00",130744,11.8,25.68,897,897,897,896,896,897,897,897,896,41.47,32.16,37.41,55.27,47.48,53.26,35.36,30.73,34.19,36.1,36,34.2,27.5,30,29.4,35.3,38.3,35
"2026-09-30 07:39:00",130745,11.76,25.73,897,897,897,896,896,897,897,897,896,42.39,31.86,36.53,55.16,46.87,52.2,34.93,30.4,33.47,36.4,36.2,34.3,27.4,29.8,29.7,35.5,38.5,35.1
"2026-09-30 07:40:00",130746,11.78,25.78,897,897,897,896,896,897,897,897,896,43.2,31.17,36.01,55.59,47.1,51.87,34.39,29.79,32.9,36.8,36.4,34.5,27.3,29.7,30,35.7,38.7,35.2
"2026-09-30 07:41:00",130747,11.8,25.83,897,897,897,896,896,897,897,897,896,44.01,31.15,35.55,55.4,47.37,49.87,33.33,28.9,32.77,37.1,36.5,34.7,27.3,29.6,30.3,35.9,38.9,35.3
"2026-09-30 07:42:00",130748,11.75,25.89,897,897,897,896,896,897,897,897,896,44.57,30.61,35.44,55.84,48.55,50.25,33.32,29.02,32.59,37.4,36.7,34.8,27.2,29.4,30.6,36.1,39,35.4
"2026-09-30 07:43:00",130749,11.82,25.94,897,897,897,896,896,897,897,897,896,45.15,30.27,35.14,55.82,49.15,48.95,32.91,28.71,31.85,37.6,36.8,35,27.2,29.4,31,36.3,39.2,35.6
"2026-09-30 07:44:00",130750,11.74,26,897,897,897,896,896,897,897,897,896,45.75,29.6,34.3,54.95,48.24,48.03,32.36,27.51,31.38,37.9,37,35.2,27.2,29.4,31.4,36.4,39.3,35.7
"2026-09-30 07:45:00",130751,11.8,26.05,897,897,897,896,896,897,897,897,896,42.53,29.55,34.45,54.87,48.65,47.69,32.36,27.51,30.96,38.1,37,35.3,27.2,29.4,31.8,36.4,39.3,35.7
"2026-09-30 07:46:00",130752,11.77,26.11,897,897,897,896,896,897,897,897,896,34.06,29.62,34.16,55.8,48.72,46.96,31.89,27.48,31.09,38.3,37.2,35.4,27.2,29.5,32.2,36.9,39.6,35.8
"2026-09-30 07:47:00",130753,11.79,26.17,897,897,897,896,896,897,897,897,896,32.09,29.8,33.86,55.79,48.17,45.76,31.64,27.67,31.24,38.3,37.3,35.5,27.2,29.7,32.6,37.1,39.7,35.8
"2026-09-30 07:48:00",130754,11.8,26.23,897,897,897,896,896,897,897,897,896,30.74,32.47,33.8,56.26,48.05,46.18,31.12,27.42,30.32,38.4,37.5,35.7,27.2,29.9,33,37.3,39.9,35.9
"2026-09-30 07:49:00",130755,11.78,26.29,897,897,897,896,896,897,897,897,896,30.61,34.56,33.43,56.33,48.06,43.18,30.42,27.11,30.74,38.4,37.7,35.8,27.3,30.2,33.4,37.5,40,36
"2026-09-30 07:50:00",130756,11.81,26.35,897,897,897,896,896,897,897,897,896,30.1,36.15,32.92,55.27,46.17,42.02,30.36,26.76,30.53,38.5,37.9,35.9,27.3,30.5,33.8,37.7,40.1,36
"2026-09-30 07:51:00",130757,11.74,26.41,897,897,897,896,896,897,897,897,896,30.41,37.76,33.32,55.28,46.05,40.96,29.9,26.93,30.8,38.5,38.1,36,27.4,30.9,34.3,37.9,40.3,36.1
"2026-09-30 07:52:00",130758,11.81,26.47,897,897,897,896,896,897,897,897,896,30.29,39.04,33.08,55.04,45.15,40.42,29.88,26.84,30.46,38.5,38.3,36.2,27.5,31.2,34.7,38.1,40.4,36.2
"2026-09-30 07:53:00",130759,11.82,26.53,897,897,897,896,896,897,897,897,896,29.93,40.25,32.98,55.12,44.16,39.75,29.88,26.42,30.65,38.6,38.6,36.3,27.6,31.5,35.2,38.1,40.5,36.3
"2026-09-30 07:54:00",130760,11.77,26.6,897,897,897,896,896,897,897,897,896,30.04,41.09,32.99,54.7,43.63,38.54,29.35,26.69,30.01,38.7,38.8,36.5,27.7,31.8,35.7,38.4,40.7,36.3
"2026-09-30 07:55:00",130761,11.8,26.66,897,897,897,896,896,897,897,897,896,29.62,42.06,32.05,54.31,43.35,37.47,29.23,26.69,30.23,38.7,39,36.6,27.9,32.2,36.1,38.5,40.7,36.4
"2026-09-30 07:56:00",130762,11.8,26.73,897,897,897,896,896,897,897,897,896,29.35,42.95,31.93,53.62,42.58,37.3,28.74,25.44,29.88,38.8,39.3,36.7,28,32.5,36.5,38.8,41,36.5
"2026-09-30 07:57:00",130763,11.76,26.79,897,897,897,896,896,897,897,897,896,29.46,43.73,31.92,52.97,41.65,35.72,28.47,25.45,29.62,38.8,39.5,36.8,28.1,32.8,36.9,39,41.1,36.6
"2026-09-30 07:58:00",130764,11.78,26.86,897,897,897,897,896,897,897,897,896,29.46,36.42,31.65,52.93,41.17,36.03,28.13,24.96,29.66,38.8,39.6,36.9,28.3,33.1,37.3,39.1,41.2,36.7
"2026-09-30 07:59:00",130765,11.79,26.92,897,897,897,897,896,897,897,897,896,29.1,29.38,31.33,52.86,40.26,34.36,27.63,24.94,29.42,38.8,39.6,37,28.4,33.3,37.7,39.3,41.3,36.7
"2026-09-30 08:00:00",130766,11.78,26.99,897,897,897,896,896,897,897,897,896,29.4,27.92,32.96,52.59,40.21,34.67,27.74,24.67,28.91,38.9,39.6,37.1,28.4,33.6,38.1,39.5,41.5,36.8
"2026-09-30 08:01:00",130767,11.82,27.06,897,897,897,897,896,897,897,897,896,29.25,27.26,35.4,52.59,40.32,33.5,27.37,25.15,28.75,38.9,39.5,37.3,28.5,33.9,38.4,39.6,41.6,36.8
"2026-09-30 08:02:00",130768,11.77,27.13,897,897,897,897,896,897,897,897,896,29.52,26.59,37.56,52.37,39.36,33.18,27.58,24.48,29.07,38.9,39.5,37.5,28.6,34.2,38.8,39.7,41.7,36.8
"2026-09-30 08:03:00",130769,11.79,27.2,897,897,897,897,896,897,897,897,896,29.4,26.83,39.33,52.29,38.23,31.57,27.14,24.42,29.53,39,39.5,37.6,28.6,34.5,39.1,39.8,41.8,36.9
"2026-09-30 08:04:00",130770,11.8,27.26,897,897,897,897,896,897,897,897,896,29.11,26.78,41.02,52.2,38.39,31.61,26.92,24.42,28.88,39,39.5,37.8,28.7,34.7,39.4,40,41.8,36.9
"2026-09-30 08:05:00",130771,11.79,27.33,897,897,897,897,896,897,897,897,896,28.83,25.96,42.48,52.2,37.41,31.04,26.63,24.41,29.25,39.1,39.5,38,28.7,35,39.7,40,42.1,37
"2026-09-30 08:06:00",130772,11.78,27.4,897,897,897,897,896,897,897,897,896,29.02,26.64,43.79,51.75,37.04,31.04,26.96,23.54,29.07,39.2,39.5,38.2,28.8,35.2,39.7,40.2,42.2,37.1
"2026-09-30 08:07:00",130773,11.76,27.47,897,897,897,897,896,897,897,897,896,29.18,26.82,44.96,51.46,36.64,30.41,26.68,24.19,28.94,39.3,39.5,38.4,28.8,35.4,40.2,40.3,42.3,37.2
"2026-09-30 08:08:00",130774,11.8,27.54,897,897,897,897,896,897,897,897,896,29.05,26.71,46.08,51.33,35.96,29.59,26.43,24.32,28.94,39.4,39.5,38.6,28.8,35.7,40.5,40.4,42.4,37.3
"2026-09-30 08:09:00",130775,11.77,27.62,897,897,897,897,896,897,897,897,896,28.77,27.22,47.08,51.53,35.41,29.02,26.01,23.51,28.79,39.5,39.5,38.8,28.9,36,40.7,40.5,42.5,37.3
"2026-09-30 08:10:00",130776,11.8,27.69,897,897,897,897,896,897,897,897,896,28.13,27.05,47.33,51.57,34.68,29.62,25.99,23.14,28.31,39.5,39.5,39,28.9,36.3,40.9,40.6,42.6,37.5
"2026-09-30 08:11:00",130777,11.81,27.76,897,897,897,897,896,897,897,897,896,28.48,26.98,33.79,52.56,35.29,29.07,25.92,23.14,28.64,39.7,39.5,39.1,28.9,36.6,41.1,40.7,42.6,37.6
"2026-09-30 08:12:00",130778,11.78,27.83,897,897,897,897,896,897,897,897,896,28.3,27.03,30.98,52.66,34.34,28.46,25.99,23.74,28.79,39.8,39.6,39.2,28.9,36.9,41.3,40.8,42.9,37.7
"2026-09-30 08:13:00",130779,11.78,27.9,897,897,897,897,896,897,897,897,896,28.42,26.61,29.72,55.93,34.02,28.45,25.92,23.2,28.34,39.8,39.7,39.2,28.9,37.1,41.5,40.9,43,37.8
"2026-09-30 08:14:00",130780,11.79,27.98,897,897,897,897,897,897,897,897,896,28.28,26.58,29.62,58.05,33.1,27.8,25.58,23.42,28.34,39.9,39.8,39.3,29,37.5,41.7,41,43,37.8
"2026-09-30 08:15:00",130781,11.78,28.05,897,897,897,897,896,897,897,897,896,27.88,26.93,28.8,59.03,32.31,27.55,25.24,23.03,27.57,40,39.9,39.3,29,37.7,41.8,41.2,43.2,38.1
"2026-09-30 08:16:00",130782,11.77,28.12,897,897,897,897,896,897,897,897,896,28.04,26.58,28.51,61.57,31.77,27.63,25.36,22.74,27.74,40,40,39.3,29.1,38,42,41.3,43.3,38.2
"2026-09-30 08:17:00",130783,11.81,28.2,897,897,897,897,897,897,897,897,896,27.81,27.04,29.1,63.13,31.83,27.31,25.34,23.14,27.44,40.1,40.2,39.4,29.1,38.3,42.2,41.4,43.4,38.3
"2026-09-30 08:18:00",130784,11.77,28.27,897,897,897,897,897,897,897,897,896,28.07,25.94,28.55,64.31,30.86,26.75,25.04,22.62,27.51,40.3,40.3,39.4,29.2,38.6,42.3,41.6,43.5,38.5
"2026-09-30 08:19:00",130785,11.8,28.34,897,897,897,897,896,897,897,897,896,27.81,25.51,28.83,64.92,30.21,26.9,25.08,22.62,27.15,40.4,40.4,39.4,29.2,38.8,42.5,41.7,43.5,38.5
"2026-09-30 08:20:00",130786,11.77,28.42,897,897,897,897,896,897,897,897,896,27.36,25.45,28.46,66.43,30,26.25,24.57,22.62,27.2,40.4,40.5,39.5,29.2,39,42.7,41.8,43.5,38.7
"2026-09-30 08:21:00",130787,11.8,28.49,897,897,897,897,897,897,897,897,896,27.27,25.64,28.5,66.88,30.01,25.92,24.42,22.13,27,40.6,40.6,39.5,29.3,39.2,42.8,42,43.9,38.8
"2026-09-30 08:22:00",130788,11.77,28.57,897,897,897,897,897,897,897,897,896,27.17,25.48,28.55,68.11,29.9,26.19,24.02,22.17,26.93,40.6,40.7,39.6,29.3,39.5,42.9,42.1,43.9,38.8
"2026-09-30 08:23:00",130789,11.78,28.64,897,897,897,897,897,897,897,897,896,27.27,25.44,28.5,60.47,29.67,26.19,24.53,22.29,26.71,40.7,40.7,39.6,29.3,39.7,43,42.3,44,39
"2026-09-30 08:24:00",130790,11.77,28.72,897,897,897,897,897,897,897,897,896,27.3,25.58,28.1,55.95,29.14,26.28,24.03,22.03,26.56,40.9,40.8,39.7,29.3,39.9,43.2,42.4,44.2,39.1
"2026-09-30 08:25:00",130791,11.74,28.8,897,897,897,897,897,897,897,897,896,26.77,24.86,28.1,52.88,31.43,25.72,23.4,21.61,26.05,41,41,39.7,29.3,40.1,43.3,42.5,44.3,39.2
"2026-09-30 08:26:00",130792,11.76,28.87,897,897,897,897,897,897,897,897,896,26.65,25.02,27.83,52.52,33.48,26.33,22.66,21.31,25.86,41,41.1,39.8,29.2,40.2,43.4,42.6,44.4,39.2
"2026-09-30 08:27:00",130793,11.81,28.95,897,897,897,897,897,897,897,897,896,26.53,24.82,27.56,52.36,36.63,25.65,22.98,21.55,25.93,41.1,41.1,39.9,29.2,40.5,43.5,42.7,44.5,39.3
"2026-09-30 08:28:00",130794,11.8,29.02,897,897,897,897,897,897,897,897,896,26.08,24.43,28.05,51.9,40.65,25.62,22.57,21.69,25.39,41.2,41.2,39.9,29.2,41,43.7,42.8,44.6,39.3
"2026-09-30 08:29:00",130795,11.8,29.1,897,897,897,897,897,897,897,897,896,26.23,24.66,27.53,51.89,43.05,25.46,22.64,21.42,25.75,41.3,41.3,40,29.2,41.3,43.8,42.9,44.7,39.3
"2026-09-30 08:30:00",130796,11.82,29.18,897,897,897,897,897,897,897,897,896,26.17,24.57,27.52,52.36,45.03,25.09,22.8,21.46,25.9,41.3,41.4,40.1,29.3,41.7,43.9,42.9,44.8,39.4
"2026-09-30 08:31:00",130797,11.8,29.25,897,897,897,897,897,897,897,897,896,26.33,24.48,27.53,52.41,46.67,25.58,22.89,21.08,25.9,41.4,41.4,40.1,29.3,42,44.1,43,44.9,39.4
"2026-09-30 08:32:00",130798,11.74,29.33,897,897,897,897,897,897,897,897,896,26.36,24.77,27.14,51.58,47.44,24.8,22.76,21.31,25.9,41.5,41.5,40.2,29.3,42.2,44.2,43.1,45,39.4
"2026-09-30 08:33:00",130799,11.82,29.41,897,897,897,897,897,897,897,897,896,25.84,24.52,27.31,50.93,47.44,25.26,22.77,21.11,25.22,41.6,41.6,40.2,29.4,42.2,44.3,43.2,45.1,39.6
"2026-09-30 08:34:00",130800,11.75,29.49,897,897,897,897,897,897,897,897,897,25.94,24.22,27.1,50.68,50.79,25.03,22.59,20.51,25.32,41.7,41.7,40.3,29.4,43.1,44.5,43.3,45.2,39.7
"2026-09-30 08:35:00",130801,11.76,29.56,897,897,897,897,897,897,897,897,896,26.32,24.32,27.37,51.59,50.56,24.37,22.54,20.76,25.77,41.7,41.8,40.4,29.5,43.4,44.6,43.4,45.3,39.8
"2026-09-30 08:36:00",130802,11.77,29.64,897,897,897,897,897,897,897,897,897,25.84,23.1,26.37,51.51,29.71,23.4,22.18,20.26,24.95,41.8,41.9,40.4,29.6,43.5,44.7,43.5,45.3,39.8
"2026-09-30 08:37:00",130803,11.77,29.72,897,897,897,897,897,897,897,897,897,25.82,23.99,26.55,50.13,25.79,25.63,22.15,20.4,24.95,41.9,42,40.4,29.8,43.5,44.8,43.6,45.4,39.8
"2026-09-30 08:38:00",130804,11.8,29.8,897,897,897,897,897,897,897,897,897,25.68,24.08,26.99,51.63,25.32,29.27,22.27,20.31,24.97,42.1,42.1,40.5,29.9,43.5,45,43.7,45.5,39.9
"2026-09-30 08:39:00",130805,11.78,29.88,897,897,897,897,897,897,897,897,897,25.52,23.44,26.71,50.76,24.46,32.32,21.75,20.22,25.49,42.2,42.1,40.5,30.1,43.5,45.2,43.8,45.5,40
"2026-09-30 08:40:00",130806,11.79,29.95,897,897,897,897,897,897,897,897,897,25.53,23.58,26.67,50.72,25.82,35,21.39,19.95,25.19,42.3,42.2,40.6,30.4,43.5,45.4,43.8,45.6,40.1
"2026-09-30 08:41:00",130807,11.78,30.03,897,897,897,897,897,897,897,897,897,25.4,23.6,26.67,48.93,24.17,37.3,21.75,19.76,24.96,42.5,42.2,40.6,30.6,43.5,45.7,44,45.7,40.2
"2026-09-30 08:42:00",130808,11.78,30.11,897,897,897,897,897,897,897,897,897,24.56,23.55,26.49,49.21,24.39,37.3,21.95,19.78,24.6,42.5,42.3,40.7,31,43.5,45.7,44.1,45.7,40.3
"2026-09-30 08:43:00",130809,11.8,30.19,897,897,897,897,897,897,897,897,897,24.5,22.83,26.11,48.61,23.94,41.2,21.41,19.76,24.37,42.6,42.3,40.7,31.3,43.5,46.2,44.2,45.8,40.3
"2026-09-30 08:44:00",130810,11.8,30.27,897,897,897,897,897,897,897,897,897,25.07,24.11,26.54,48.9,23.96,42.69,21.02,19.43,24.6,42.7,42.4,40.8,31.6,43.6,46.5,44.3,45.8,40.4
"2026-09-30 08:45:00",130811,11.77,30.35,897,897,898,897,897,897,897,897,897,25.59,23.88,26.22,47.33,24.56,44.35,21.37,19.82,24.54,42.8,42.5,40.8,32,43.6,46.7,44.4,45.8,40.5
"2026-09-30 08:46:00",130812,11.77,30.43,897,897,898,897,897,897,897,897,897,24.34,23.19,26.49,46.36,24.02,45.75,21.4,19.63,24.7,42.9,42.6,40.9,32.3,43.7,47,44.5,46,40.6
"2026-09-30 08:47:00",130813,11.8,30.51,897,897,898,897,897,897,897,897,897,24.36,22.96,26.24,46.45,25.21,47.01,20.99,20.03,24,43,42.7,41,32.7,43.7,47.3,44.6,46,40.7
"2026-09-30 08:48:00",130814,11.77,30.59,898,897,898,897,897,897,897,897,897,24.28,22.89,26.25,46.43,24.33,31.42,21.36,20.03,24.11,43,42.8,41.1,33,43.8,47.4,44.7,46,40.8
"2026-09-30 08:49:00",130815,11.79,30.66,897,897,898,897,897,897,897,897,897,24.07,23.21,26.64,44.07,24.06,25.41,21.35,19.79,23.56,43.1,42.9,41.2,33.4,43.9,47.5,44.8,46.2,41
"2026-09-30 08:50:00",130816,11.76,30.74,897,897,898,897,897,897,897,897,897,23.52,22.31,25.31,42.42,24.1,23.22,22.77,19.19,23.03,43.1,43,41.3,33.7,44,47.5,45,46.3,41
"2026-09-30 08:51:00",130817,11.82,30.82,897,897,898,897,897,897,897,897,897,23.69,22.31,25.63,42.85,24.58,22.5,24.89,18.76,23.05,43.1,43,41.4,34.1,44.1,47.5,45.1,46.3,41.1
"2026-09-30 08:52:00",130818,11.76,30.9,897,897,898,897,897,897,897,897,897,23.95,22.19,25.27,41.06,24.37,22.44,26.78,19.27,23.61,43.2,43.1,41.5,34.5,44.3,47.4,45.3,46.4,41.2
"2026-09-30 08:53:00",130819,11.78,30.98,897,897,898,897,897,897,897,897,897,23.97,22.79,25.32,41.95,24.33,22.47,28.44,19.48,23.41,43.2,43.2,41.6,35,44.5,47.4,45.6,46.5,41.3
"2026-09-30 08:54:00",130820,11.8,31.06,897,897,898,897,897,897,897,897,897,24.28,22.55,25.17,40.37,23.06,22.33,29.84,19.2,23.23,43.3,43.3,41.7,35.6,44.6,47.4,45.8,46.6,41.4
"2026-09-30 08:55:00",130821,11.75,31.14,898,897,898,897,897,897,897,897,897,23.58,21.96,24.66,39.14,22.52,21.26,31.03,19.11,22.74,43.3,43.3,41.8,36.2,44.7,47.3,46,46.7,41.4
"2026-09-30 08:56:00",130822,11.8,31.22,898,897,898,897,897,897,897,897,897,23.57,22.31,24.95,37.82,23.23,22.16,32.28,18.85,22.65,43.4,43.3,41.8,36.7,44.8,47.3,46.2,46.8,41.5
"2026-09-30 08:57:00",130823,11.82,31.29,897,897,898,897,897,897,897,897,897,23.33,22.02,25.07,36.77,22.62,21.89,33.35,18.39,22.41,43.4,43.4,41.9,37.3,45,47.3,46.3,46.9,41.5
"2026-09-30 08:58:00",130824,11.8,31.37,898,897,898,897,897,897,897,897,897,23.82,21.99,25.05,35.54,22.17,22.2,34.4,18.6,22.78,43.5,43.4,42,37.9,45.1,47.2,46.5,46.9,41.6
"2026-09-30 08:59:00",130825,11.81,31.45,898,897,898,897,897,897,897,897,897,23.28,22.13,24.54,35.1,22.52,21.25,34.9,18.25,22.33,43.5,43.5,42,38.4,45.1,47.2,46.6,47,41.6
"2026-09-30 09:00:00",130826,11.76,31.53,897,897,897,897,897,897,897,897,897,23.5,21.57,24.74,33.66,22.76,20.88,31.66,18.46,22.65,43.5,43.5,42.1,39,45.2,47.2,46.8,47,41.7
"2026-09-30 09:01:00",130827,11.81,31.61,897,897,898,897,897,897,897,897,897,23.46,21.75,24.44,33.24,22.44,22.06,21.91,18.38,22.47,43.5,43.5,42.1,39.4,45.3,47.1,46.8,47.1,41.7
"2026-09-30 09:02:00",130828,11.79,31.68,897,897,898,897,897,897,897,897,897,23.79,21.07,24.25,32.39,21.16,21.05,20.58,18.75,22.51,43.5,43.5,42.1,39.8,45.3,47.1,46.8,47.1,41.7
"2026-09-30 09:03:00",130829,11.73,31.76,897,897,897,897,897,897,897,897,897,23.73,22.38,24.36,31.7,20.46,21.53,19.58,21.66,22.65,43.6,43.6,42.2,40.2,45.3,47,46.8,47.2,41.8
"2026-09-30 09:04:00",130830,11.81,31.84,897,897,897,897,897,897,897,897,897,23.28,21.57,23.87,31.14,20.99,21.15,19,24.25,21.84,43.6,43.6,42.2,40.6,45.3,47,46.7,47.4,41.8
"2026-09-30 09:05:00",130831,11.78,31.92,897,897,898,897,897,897,897,897,897,22.86,21.21,23.43,29.6,20.42,21.04,18.25,26.44,21.87,43.7,43.7,42.2,41,45.2,47,46.6,47.5,41.9
"2026-09-30 09:06:00",130832,11.82,31.99,897,897,897,897,897,897,897,897,897,22.87,21.03,23.73,29.96,20.87,20.84,18.24,28.3,21.66,43.8,43.7,42.2,41.3,45.2,46.9,46.6,47.7,42
"2026-09-30 09:07:00",130833,11.75,32.07,897,897,897,897,897,897,897,897,897,22.7,20.68,23.94,28.83,21.94,20.84,18.01,30.3,21.42,43.8,43.7,42.3,41.6,45.2,46.9,46.5,47.8,41.9
"2026-09-30 09:08:00",130834,11.76,32.14,897,897,898,897,897,897,897,897,897,22.82,21.25,24.02,27.97,21.5,21.69,18.72,31.84,21.49,43.8,43.7,42.2,41.7,45.2,46.9,46.4,48,41.9
"2026-09-30 09:09:00",130835,11.76,32.22,897,897,897,897,897,897,897,897,897,22.78,21.6,24.16,28.29,21.9,21.61,19.11,33.32,21.55,43.8,43.7,42.3,42.1,45.2,46.9,46.3,48.2,42
"2026-09-30 09:10:00",130836,11.77,32.3,897,897,898,897,897,897,897,897,897,22.7,21.25,24.15,28.5,21.61,21.24,18.22,34.8,21.66,43.8,43.7,42.3,42.3,45.3,47,46.2,48.4,42
"2026-09-30 09:11:00",130837,11.8,32.37,897,897,898,897,897,897,897,897,897,23.03,21.5,23.72,27.72,21.32,21.73,18.83,36.04,21.76,43.8,43.7,42.3,42.6,45.3,47,46.1,48.5,42
"2026-09-30 09:12:00",130838,11.79,32.45,897,897,898,897,897,897,897,897,897,22.25,21.2,23.1,26.47,20.99,20.4,18.08,37.36,21.12,43.8,43.7,42.3,42.8,45.3,47,46,48.7,41.9
"2026-09-30 09:13:00",130839,11.8,32.52,897,897,898,897,897,897,897,897,897,22.47,20.43,23.1,26.42,20.05,20.49,18.23,24.33,21.24,43.8,43.7,42.3,42.9,45.3,47.1,45.8,48.7,41.9
"2026-09-30 09:14:00",130840,11.74,32.59,897,897,898,897,897,897,897,897,897,22.55,21.25,23.2,26.74,21.43,20.99,18.61,19.78,21.67,43.8,43.7,42.3,43.1,45.3,47.1,45.8,48.6,42
"2026-09-30 09:15:00",130841,11.82,32.67,897,897,897,897,897,897,897,897,897,22.98,21.66,23.96,27.2,20.97,21.02,19.23,19.02,24.33,43.9,43.8,42.4,43.3,45.3,47.1,45.8,48.6,42.1
"2026-09-30 09:16:00",130842,11.77,32.74,897,897,897,897,897,897,897,897,897,22.18,21.68,24.2,26.52,21.33,20.84,19.16,18.26,27,43.9,43.9,42.5,43.5,45.4,47.2,45.7,48.5,42.3
"2026-09-30 09:17:00",130843,11.79,32.81,897,897,897,897,897,897,897,897,897,22.2,21.31,23.92,25.89,20.76,21.49,19.19,17.78,29.16,43.9,44,42.5,43.7,45.4,47.2,45.7,48.4,42.5
"2026-09-30 09:18:00",130844,11.77,32.89,897,897,898,897,897,897,897,897,897,22.57,20.86,24.01,26.11,21.66,21.31,19.01,18,31.06,44,44,42.6,43.8,45.4,47.3,45.7,48.3,42.8
"2026-09-30 09:19:00",130845,11.75,32.96,897,897,897,897,897,897,897,897,897,22.66,20.99,23.64,25.35,21.59,21.05,19.06,17.93,32.63,44,44.1,42.7,44,45.4,47.4,45.7,48.3,43.1
"2026-09-30 09:20:00",130846,11.75,33.03,897,897,897,897,897,897,897,897,897,22.43,21.37,23.76,25.31,22.21,21.37,19.22,17.86,34.09,44.1,44.2,42.7,44.2,45.5,47.4,45.8,48.2,43.3
"2026-09-30 09:21:00",130847,11.76,33.1,897,897,897,897,897,897,897,897,897,22.16,20.75,23.31,24.87,21.82,21.12,19.34,17.87,35.38,44.1,44.4,42.8,44.3,45.6,47.5,45.9,48.2,43.6
"2026-09-30 09:22:00",130848,11.8,33.17,897,897,897,897,897,897,897,897,897,22.62,20.94,23.08,24.13,20.75,20.91,18.91,17.37,36.58,44.2,44.5,42.8,44.5,45.7,47.5,46,48.1,43.9
"2026-09-30 09:23:00",130849,11.76,33.24,897,897,898,897,897,897,897,897,897,22.72,20.21,23.74,24.93,21.16,20.48,19.14,18.13,37.69,44.2,44.6,42.9,44.6,45.7,47.6,46,48,44.2
"2026-09-30 09:24:00",130850,11.75,33.31,897,897,897,897,897,897,897,897,897,22.49,20.4,22.88,24.93,20.57,20.74,18.94,17.28,38.73,44.3,44.7,42.9,44.6,45.8,47.7,46,48,44.5
"2026-09-30 09:25:00",130851,11.74,33.38,897,897,897,897,897,897,897,897,897,22.33,20.01,22.93,23.88,20.61,20.65,18.47,17.14,39.16,44.3,44.7,42.9,44.9,45.7,47.7,46,47.8,44.6
"2026-09-30 09:26:00",130852,11.77,33.45,897,897,897,897,897,897,897,897,897,22.17,20.33,23.21,24.29,20.73,20.14,18.8,17.34,24.62,44.4,44.7,42.9,45,45.8,47.7,46,47.7,44.8
"2026-09-30 09:27:00",130853,11.79,33.52,897,897,897,897,897,897,897,897,897,24.23,20.4,23.38,24.08,19.84,19.38,18.43,17.47,21.06,44.5,44.8,42.9,45.1,45.7,47.7,46.1,47.7,44.8
"2026-09-30 09:28:00",130854,11.77,33.59,897,897,897,897,897,897,897,897,897,26.28,20,22.79,23.35,19.5,19.34,18.28,17.47,19.36,44.7,44.8,42.9,45.2,45.7,47.7,46.1,47.7,44.8
"2026-09-30 09:29:00",130855,11.77,33.66,897,897,897,897,897,897,897,897,897,28.5,20.02,23.33,23.65,19.6,19.8,18.43,17.57,19.67,44.9,44.8,42.9,45.3,45.6,47.7,46.2,47.6,44.8
"2026-09-30 09:30:00",130856,11.79,33.72,897,897,897,897,897,897,897,897,897,30.19,19.65,22.84,23.26,20.56,19.85,18.6,17.38,19.66,45.2,44.8,42.9,45.4,45.5,47.7,46.2,47.5,44.8
"2026-09-30 09:31:00",130857,11.8,33.79,897,897,897,897,897,897,897,897,897,31.81,19.09,22.3,22.77,20.67,20.14,18.66,17.43,19.42,45.5,44.9,43,45.5,45.6,47.7,46.3,47.5,44.7
"2026-09-30 09:32:00",130858,11.78,33.86,897,897,897,897,897,897,897,897,897,33.22,19.59,22.92,23.12,20.83,20.58,18.01,17.32,18.74,45.8,45,43,45.6,45.6,47.7,46.4,47.5,44.6
"2026-09-30 09:33:00",130859,11.77,33.92,897,897,897,897,897,897,897,897,897,34.61,19.79,22.94,22.87,20.44,19.88,17.8,17.47,18.71,46.1,45,43,45.7,45.6,47.7,46.5,47.5,44.6
"2026-09-30 09:34:00",130860,11.78,33.99,897,897,897,897,897,897,897,897,897,35.81,19.31,22.76,22.97,20.4,20.3,17.9,17.55,19.13,46.4,45.1,43.1,45.8,45.6,47.8,46.6,47.4,44.5
"2026-09-30 09:35:00",130861,11.79,34.06,897,897,897,897,897,897,897,897,897,37.09,19.33,22.94,22.67,20.34,20.04,17.57,17.34,19.27,46.7,45.1,43.1,45.9,45.6,47.8,46.7,47.4,44.4
"2026-09-30 09:36:00",130862,11.75,34.12,897,897,898,897,897,897,897,897,897,38.05,19.65,22.55,22.76,20.67,20.21,17.41,17.74,19.13,47,45.2,43.1,45.9,45.7,47.8,46.8,47.4,44.3
"2026-09-30 09:37:00",130863,11.77,34.19,897,897,897,897,897,897,897,897,897,39.14,19.86,22.88,22.6,21.64,20.05,17.77,17.74,19.1,47.2,45.2,43.1,46,45.7,47.8,46.9,47.4,44.3
"2026-09-30 09:38:00",130864,11.75,34.25,897,897,897,897,897,897,897,897,897,25.66,19.44,22.41,22.14,20.29,19.68,17.48,17.86,19.06,47.4,45.3,43.2,46,45.8,47.9,47,47.4,44.2
"2026-09-30 09:39:00",130865,11.78,34.31,897,897,898,897,897,897,897,897,897,21.98,19.67,23.26,21.74,20.96,20.62,17.61,17.73,19.44,47.4,45.3,43.2,46.1,45.8,47.9,47.1,47.4,44.1
"2026-09-30 09:40:00",130866,11.76,34.38,897,897,897,897,897,897,897,897,897,20.66,21.32,22.59,21.87,21.35,20.45,17.04,17.56,19.66,47.3,45.4,43.2,46.1,45.9,47.9,47.2,47.4,44.1
"2026-09-30 09:41:00",130867,11.8,34.44,897,897,897,897,897,897,897,897,897,20.48,24.58,22.5,22.2,21.04,20.41,17.28,16.9,19.77,47.3,45.6,43.3,46.2,46,47.9,47.3,47.4,44.1
"2026-09-30 09:42:00",130868,11.8,34.5,897,897,897,897,897,897,897,897,897,20.1,26.7,22.4,22.67,21.33,20.62,17.44,17.22,19.45,47.2,45.7,43.3,46.2,46.1,48,47.4,47.5,44.1
"2026-09-30 09:43:00",130869,11.77,34.56,897,897,897,897,897,897,897,897,897,19.71,26.7,22.13,22.03,21.5,20.49,17.42,17.25,19.59,47.1,45.7,43.4,46.3,46.2,48,47.6,47.5,44.2
"2026-09-30 09:44:00",130870,11.76,34.62,897,897,897,897,897,897,897,897,897,19.69,30.88,21.81,21.93,20.86,20.48,17.48,17.29,19.5,47,46.1,43.4,46.5,46.4,48,47.7,47.5,44.3
"2026-09-30 09:45:00",130871,11.79,34.68,897,897,897,897,897,897,897,897,897,19.23,32.43,21.69,21.21,20.56,20.37,16.48,15.9,18.54,46.9,46.3,43.4,46.5,46.5,48,48,47.5,44.3
"2026-09-30 09:46:00",130872,11.76,34.74,897,897,897,897,897,897,897,897,897,18.96,33.88,21.03,21.52,20.3,19.27,15.76,17.07,18.18,46.9,46.5,43.5,46.7,46.7,48.1,48.2,47.5,44.4
"2026-09-30 09:47:00",130873,11.76,34.8,897,897,897,897,897,897,897,897,897,18.95,35.28,21.28,21.28,20.16,19.44,15.8,16.65,18.18,46.8,46.7,43.5,46.7,46.7,48.1,48.3,47.5,44.4
"2026-09-30 09:48:00",130874,11.8,34.86,897,897,897,897,897,897,897,897,897,19.43,36.68,21.47,21.24,18.58,18.5,15.58,17.05,18.52,46.8,46.9,43.5,46.8,46.8,48.1,48.3,47.5,44.4
"2026-09-30 09:49:00",130875,11.76,34.92,897,897,897,897,897,897,897,897,897,19.43,37.8,21.6,21.13,18.34,18.36,15.92,16.88,18.53,46.8,47.1,43.5,46.8,46.8,48.1,48.4,47.4,44.4
"2026-09-30 09:50:00",130876,11.76,34.98,897,897,897,897,897,897,897,897,897,20.08,37.76,21.74,21.13,18.1,18.59,15.92,16.95,18.59,46.7,47.3,43.5,46.8,46.7,48,48.3,47.4,44.4
"2026-09-30 09:51:00",130877,11.79,35.04,897,897,897,897,897,897,897,897,897,19.82,23,21.69,20.62,18.39,18.9,15.78,16.94,18.21,46.6,47.3,43.5,46.9,46.7,48,48.3,47.4,44.4
"2026-09-30 09:52:00",130878,11.8,35.09,897,897,897,897,897,897,897,897,897,19.4,19.6,21.86,20.62,19.3,20.06,16.09,17.66,18.37,46.6,47.1,43.5,46.9,46.6,47.9,48.3,47.4,44.4
"2026-09-30 09:53:00",130879,11.82,35.15,897,897,897,897,897,897,897,897,897,19.7,19.34,25.74,21.14,19.69,20.1,16.21,17.48,18.37,46.6,47.1,43.6,46.9,46.5,47.9,48.4,47.4,44.4
"2026-09-30 09:54:00",130880,11.77,35.2,897,897,897,897,896,897,897,897,897,19.82,19.17,29.49,21.7,20.26,20.06,16.26,17.45,18.33,46.6,47.1,43.8,46.9,46.5,47.9,48.5,47.5,44.5
"2026-09-30 09:55:00",130881,11.76,35.26,897,897,897,897,896,897,897,897,897,19.99,17.79,32.63,21.29,20.47,20.2,16.53,17.52,18.63,46.6,47,44,47,46.6,47.9,48.6,47.5,44.5
"2026-09-30 09:56:00",130882,11.79,35.31,897,897,897,897,896,897,897,897,897,19.68,17.02,35.47,20.66,20.31,20.36,16.25,17.22,18.69,46.5,47,44.1,47.1,46.7,47.9,48.6,47.5,44.5
"2026-09-30 09:57:00",130883,11.81,35.37,897,897,897,897,896,897,897,897,896,19.77,17.49,37.89,20.74,20.16,20.03,15.68,16.85,18.33,46.6,46.9,44.3,47.1,46.7,47.9,48.8,47.5,44.6
"2026-09-30 09:58:00",130884,11.76,35.42,897,897,897,897,896,897,897,897,896,19.58,17.24,40.16,21.29,20.68,20.34,16.05,17.6,18.75,46.6,46.9,44.5,47.2,46.8,47.9,49,47.4,44.7
"2026-09-30 09:59:00",130885,11.79,35.47,897,897,897,897,896,897,897,897,897,19.86,18.17,42.31,21.52,21.01,21.62,16.47,18.15,19.15,46.6,46.8,44.7,47.2,46.9,47.9,49.1,47.5,44.8
"2026-09-30 10:00:00",130886,11.81,35.52,897,897,897,897,896,897,897,897,896,20.19,18.09,44.22,21.46,18.7,22.05,16.83,18.55,19.27,46.7,46.8,44.9,47.3,47,47.9,49.3,47.4,44.8
"2026-09-30 10:01:00",130887,11.77,35.57,897,897,897,897,896,897,897,897,896,20.07,18.09,46.13,21.29,20.26,22.07,16.2,18.16,19.05,46.7,46.8,45.1,47.3,47,48,49.5,47.5,45
"2026-09-30 10:02:00",130888,11.78,35.62,897,897,897,897,896,897,897,897,896,20.07,18.08,47.75,21.15,20.66,21.38,15.9,17.94,18.54,46.8,46.9,45.4,47.4,47.1,48,49.6,47.5,45.1
"2026-09-30 10:03:00",130889,11.76,35.67,897,897,897,897,896,897,897,897,896,19.59,18.08,35.11,20.8,19.75,20.32,15.57,18.33,18.44,46.9,47,45.5,47.4,47.2,48,49.8,47.6,45.2
"2026-09-30 10:04:00",130890,11.76,35.72,897,897,897,897,896,897,897,897,896,19.72,18.03,24.71,20.53,18.65,20.16,15.1,16.92,18.2,47,47,45.5,47.5,47.3,48,49.9,47.6,45.3
"2026-09-30 10:05:00",130891,11.76,35.77,897,897,897,897,896,897,897,897,896,19.79,18.05,22.58,24.39,18.83,20.42,15.19,17.5,17.97,47,47.1,45.5,47.5,47.3,48.1,49.9,47.6,45.3
"2026-09-30 10:06:00",130892,11.81,35.82,897,897,897,897,896,897,897,897,896,19.35,16.96,21.23,28.53,19.23,19.7,14.91,17.03,18.05,47,47.1,45.5,47.6,47.3,48,49.9,47.6,45.4
"2026-09-30 10:07:00",130893,11.81,35.87,897,897,897,897,896,897,897,897,896,19.55,17.13,21.1,32.05,18.74,19.95,14.48,16.23,18.15,47,47,45.4,47.8,47.3,48,49.8,47.6,45.4
"2026-09-30 10:08:00",130894,11.79,35.92,897,897,897,897,896,897,897,897,896,19.05,17.18,21.2,34.9,19.11,20.14,14.48,16.9,17.71,47,47,45.4,48,47.3,47.9,49.8,47.6,45.4
"2026-09-30 10:09:00",130895,11.79,35.96,897,897,897,897,896,897,897,897,896,19.03,17.36,20.16,37.63,19.56,20.22,15.13,17.11,17.63,46.9,47,45.4,48.2,47.3,47.9,49.8,47.6,45.5
"2026-09-30 10:10:00",130896,11.76,36.01,897,897,897,897,896,897,897,897,896,19.15,17.63,20.58,39.73,19.41,20.5,15.13,16.89,17.16,46.9,47,45.3,48.5,47.3,47.9,49.8,47.7,45.5
"2026-09-30 10:11:00",130897,11.82,36.05,897,897,897,897,896,897,897,897,896,18.92,17.62,21.17,41.83,18.22,19.63,15.13,16.98,17.54,47,47.1,45.3,48.7,47.3,47.9,49.8,47.7,45.5
"2026-09-30 10:12:00",130898,11.76,36.1,897,897,897,897,896,897,897,897,896,19.47,17.74,21.22,43.75,17.44,20.1,15.13,16.83,17.69,47,47.2,45.3,49,47.2,47.8,49.8,47.7,45.6
"2026-09-30 10:13:00",130899,11.77,36.14,897,897,897,897,896,897,897,897,896,19.49,18.23,21.88,45.07,18.39,20.31,15.49,17.38,18.05,47.1,47.3,45.3,49.2,47.2,47.8,49.8,47.8,45.7
"2026-09-30 10:14:00",130900,11.79,36.19,897,897,897,897,896,897,897,897,896,19.32,17.57,21.01,46.14,18.76,19.5,15.29,17.38,18.19,47.2,47.5,45.4,49.5,47.2,47.9,49.9,47.8,45.8
"2026-09-30 10:15:00",130901,11.78,36.23,897,897,897,897,896,897,897,897,896,18.61,17.26,20.32,42.29,18.35,19.31,14.7,16.79,17.04,47.3,47.5,45.4,49.7,47.1,47.9,49.9,47.9,45.9
"2026-09-30 10:16:00",130902,11.77,36.27,897,897,897,897,896,897,897,897,896,18.75,17.15,20.76,27.73,17.8,19.64,14.82,16.46,17.04,47.3,47.5,45.4,49.7,47,47.9,49.9,47.9,45.9
"2026-09-30 10:17:00",130903,11.76,36.32,897,897,897,897,896,897,897,897,896,18.83,16.89,20.83,27.73,19.2,20.38,14.81,16.46,16.93,47.5,47.6,45.5,49.7,46.9,47.9,50,47.9,46
"2026-09-30 10:18:00",130904,11.75,36.36,897,897,897,897,896,897,897,897,896,19.44,16.92,20.68,22.19,23.42,21.34,15.3,17.44,17.65,47.6,47.7,45.5,49.7,47,47.9,50.1,48,46.1
"2026-09-30 10:19:00",130905,11.75,36.4,897,897,897,897,896,897,897,897,896,19.4,17.47,20.83,21.37,27.32,21.66,15.47,17.1,17.99,47.7,47.9,45.6,49.6,47.1,47.9,50.3,48,46.2
"2026-09-30 10:20:00",130906,11.79,36.44,897,897,897,897,896,897,897,897,896,18.92,17.54,20.82,21.56,30.63,21.06,14.67,17.53,18.03,47.9,48,45.7,49.6,47.2,48,50.4,48.1,46.4
"2026-09-30 10:21:00",130907,11.75,36.48,897,897,897,897,896,897,897,897,896,18.7,17.26,19.92,20.71,33.64,19.63,13.87,16.44,18.03,48.1,48.1,45.8,49.6,47.4,48.1,50.5,48.1,46.4
"2026-09-30 10:22:00",130908,11.79,36.52,897,897,897,897,896,897,897,897,896,17.96,16.24,19.67,20.94,36.29,19.38,13.75,15.98,16.39,48.2,48.3,45.8,49.7,47.6,48.2,50.7,48,46.6
"2026-09-30 10:23:00",130909,11.77,36.56,897,897,897,897,896,897,897,897,896,17.8,16.72,19.96,20.61,38.64,20.47,14.26,17.09,16.92,48.1,48.2,45.9,49.3,47.7,47.9,50.4,47.9,46.4
"2026-09-30 10:24:00",130910,11.75,36.6,897,897,897,897,896,897,897,897,896,17.6,15.96,19.68,20,40.36,19.39,14.08,17.09,16.91,47.6,47.7,45.4,49,47.4,47.3,49.8,47.9,45.8
"2026-09-30 10:25:00",130911,11.77,36.64,897,897,897,897,896,897,897,897,896,18.18,16.25,19.94,19.54,41.25,20.17,14.1,16.5,16.95,47.4,47.3,45,48.6,47.2,47.1,49.6,47,45.7
"2026-09-30 10:26:00",130912,11.78,36.68,897,897,897,897,896,897,897,897,896,18.23,16.85,20.17,19.9,42.78,19.96,13.87,16.62,17.09,47.5,47.3,45.1,48.5,47.4,47.1,49.6,47,45.8
"2026-09-30 10:27:00",130913,11.81,36.72,897,897,897,897,896,897,897,897,896,19.11,16.62,20.52,20.73,44.91,21.17,14.1,16.87,17.86,47.6,47.3,45.2,48.5,47.5,47.1,49.7,47,45.9
"2026-09-30 10:28:00",130914,11.8,36.76,897,897,897,897,896,897,897,897,896,17.9,16.74,20.01,20.62,32.21,21.17,14.4,17.57,18.13,47.7,47.4,45.3,48.6,47.6,47.1,49.8,47.1,46.1
"2026-09-30 10:29:00",130915,11.76,36.8,897,897,897,897,896,897,897,897,896,18.42,16.44,19.99,20.07,23.13,20.91,14.14,16.37,16.56,47.6,47.3,45.2,48.3,47.4,46.8,49.6,47,46
"2026-09-30 10:30:00",130916,11.79,36.84,897,897,897,897,896,897,897,897,896,18.44,16.15,20.02,18.97,22.77,23.67,14.79,17.07,17.56,46.8,46.6,44.8,47.6,47.2,46.3,48.9,46.4,45.3
"2026-09-30 10:31:00",130917,11.82,36.87,897,897,897,897,896,897,897,897,896,19.38,17.61,21.19,20.38,21.7,26.39,15.79,18.36,17.98,46.1,45.8,44.2,46.9,46.1,45.7,48.2,45.7,45
"2026-09-30 10:32:00",130918,11.82,36.91,897,897,897,897,896,897,897,897,896,20.32,18.33,22.33,20.4,22.61,28.72,16.39,18.82,17.98,45.3,45,43.6,46.2,45.4,45.2,47.4,45,45
"2026-09-30 10:33:00",130919,11.78,36.95,897,897,897,897,896,897,897,897,896,21.23,19.15,22.66,21.31,23.24,30.78,16.77,20.18,20.06,44.4,44.1,42.9,45.5,44.6,44.6,47,44.3,43.3
"2026-09-30 10:34:00",130920,11.8,36.99,897,897,897,897,896,897,897,897,896,22.38,19.15,24.06,21.8,23.8,32.71,18.28,20.91,21.02,43.5,44.1,42.3,44.7,43.8,44,45.8,43.5,42.6
"2026-09-30 10:35:00",130921,11.8,37.02,897,897,897,897,896,897,897,897,896,22.74,20.6,24.41,22.67,24.72,34.51,18.47,21.32,21.14,42.7,42.3,41.6,44,43,43.5,45,42.7,41.8
"2026-09-30 10:36:00",130922,11.8,37.06,897,897,897,897,896,897,897,897,896,24.2,22.1,24.6,22.96,24.92,36.17,19.56,22.02,22.17,41.8,41.4,40.9,43.2,42.3,43,44.1,41.9,41.1
"2026-09-30 10:37:00",130923,11.76,37.09,897,897,897,897,896,897,897,897,896,24.82,22.34,25.54,24.68,26.62,37.92,20.47,23.57,23.3,41.1,40.6,40.3,42.5,41.6,42.5,43.4,41.2,40.5
"2026-09-30 10:38:00",130924,11.78,37.13,897,897,897,897,896,897,897,897,896,25.8,23.6,26.74,25.11,27.14,39.77,20.87,24.24,24.05,40.5,40.2,39.8,41.9,41,42.1,43.1,40.6,40
"2026-09-30 10:39:00",130925,11.81,37.16,897,897,897,897,896,897,897,897,896,26.74,24.47,27.27,25.57,27.98,40.6,21.9,24.96,24.05,39.9,39.2,39.2,41.3,40.4,41.8,42.1,40,40
"2026-09-30 10:40:00",130926,11.8,37.19,897,897,897,897,896,897,897,897,896,26.74,25.69,27.97,26.28,28.12,39.65,22.85,25.66,25.12,39.9,38.7,38.8,40.7,40.1,41.2,41.5,39.4,39
"2026-09-30 10:41:00",130927,11.78,37.23,897,897,897,897,896,897,897,897,896,27.61,26.19,28.17,26.77,29.14,30.81,23.24,26.12,25.73,38.9,38.3,38.3,40.2,39.4,40.8,41,38.9,38.6
"2026-09-30 10:42:00",130928,11.77,37.26,897,897,897,897,896,897,897,897,896,28.29,26.46,28.79,27.53,29.88,31.1,24.9,27.38,25.87,38.5,37.9,38,40,38.9,40.3,40.6,38.5,38.4
"2026-09-30 10:43:00",130929,11.78,37.29,897,897,897,897,896,897,897,897,896,29.28,27.04,29.13,28.55,29.97,29.97,27.37,27.92,26.72,38.2,37.5,37.7,39.3,38.5,39.9,40.2,38.2,37.9
"2026-09-30 10:44:00",130930,11.79,37.32,897,897,897,897,896,897,897,897,896,29.9,27.82,30.73,28.55,31.98,30.54,29.6,28.92,27.81,38,37.2,37.4,39.3,38.2,39.5,39.9,37.8,37.6
"2026-09-30 10:45:00",130931,11.78,37.35,897,897,897,897,896,897,897,897,896,30.08,28.73,31.58,30.3,32.45,32.17,31.8,29.93,28.01,38.1,37.2,37.4,39.2,38.2,39.6,40.2,37.8,37.8
"2026-09-30 10:46:00",130932,11.77,37.38,897,897,897,897,896,897,897,897,896,29.32,27.78,31.04,32.37,34.15,31.8,34.3,29.93,27.31,38.5,37.6,37.8,39.5,38.5,39.8,40.7,37.8,38.3
"2026-09-30 10:47:00",130933,11.8,37.41,897,897,897,897,896,897,897,897,896,30.39,28.79,31.23,29.96,32.63,30.75,36.18,28.49,27.72,39.1,38,38.2,39.9,39,40.1,41.2,38.5,38.8
"2026-09-30 10:48:00",130934,11.81,37.44,897,897,897,897,896,897,897,897,896,28.39,27.38,31.12,30.27,31.47,32.86,38.03,29.43,26.7,39.7,38.6,38.8,40.3,39.3,40.4,41.8,39,39.3
"2026-09-30 10:49:00",130935,11.82,37.47,897,897,897,897,896,897,897,897,896,28.13,27.21,29.68,31.33,32.63,32.11,39.64,29.41,25.83,40.2,39.1,39.3,40.5,39.8,40.6,42.3,39.5,39.6
"2026-09-30 10:50:00",130936,11.79,37.49,897,897,897,897,896,897,897,897,896,27.06,26.5,29.66,30.13,31.97,30.3,40.25,27.23,25.83,40.1,39.1,39.4,40.4,39.7,40.4,42.3,39.5,39.6
"2026-09-30 10:51:00",130937,11.82,37.52,897,897,897,897,896,897,897,897,896,27.2,26.31,28.36,28.64,29.55,30.29,40.55,27.23,25.42,40,39,39.3,40.2,39.5,40.2,42.2,39.5,39.6
"2026-09-30 10:52:00",130938,11.8,37.54,897,897,897,897,896,897,897,897,896,26.43,25.46,28.51,27.54,30.03,29.97,40.86,26.18,24.97,39.8,38.8,39.2,40,39.4,40,42.2,39.3,39.5
"2026-09-30 10:53:00",130939,11.78,37.57,897,897,897,897,896,897,897,897,896,26.77,26.21,27.74,27.59,29.66,30.06,31.57,26.92,24.95,39.5,38.5,39,39.9,39.2,39.8,42,39.2,39.3
"2026-09-30 10:54:00",130940,11.79,37.6,897,897,897,897,896,897,897,897,896,27.03,26.18,27.96,28.99,29.98,28.54,25.91,26.63,24.95,39.2,38.3,38.8,39.7,39,39.6,41.7,39,39.3
"2026-09-30 10:55:00",130941,11.76,37.62,897,897,897,897,896,897,897,897,896,27.86,26.54,28.23,27.41,29.62,28.57,24.52,28.58,25.1,38.8,38.1,38.5,39.2,38.7,39.2,41.3,38.8,38.8
"2026-09-30 10:56:00",130942,11.8,37.64,897,897,897,896,896,897,897,897,896,28.57,27.02,28.4,29.69,30.2,29.69,25.32,30.7,25.9,38.4,37.8,38.2,38.9,38.4,39.1,41.1,38.5,38.4
"2026-09-30 10:57:00",130943,11.77,37.67,897,896,897,896,896,897,897,897,896,29.48,27.97,29.11,30.19,31.06,29.69,25.63,32.59,26.76,38.1,37.5,37.9,38.5,38.1,39.1,40.5,38.3,38
"2026-09-30 10:58:00",130944,11.77,37.69,897,896,897,896,896,897,897,897,896,30.43,29.55,30.38,30.64,31.59,31.5,26.4,34.32,27.22,37.7,37.3,37.6,38.2,37.8,38.3,40.1,38.1,37.9
"2026-09-30 10:59:00",130945,11.76,37.71,897,896,897,896,896,897,897,897,896,30.75,28.95,31.22,31.75,32.5,32.09,26.48,35.87,27.22,37.4,37.1,37.3,37.9,37.5,38,39.8,38,37.9
"2026-09-30 11:00:00",130946,11.77,37.74,897,897,897,896,896,897,897,897,896,30.63,28.41,30.06,31.28,32.17,31.8,25.98,37.3,27.63,37.1,36.8,37,37.6,37.3,37.8,39.6,37.8,37.2
"2026-09-30 11:01:00",130947,11.81,37.76,897,897,897,896,896,897,897,897,896,30.95,28.75,31.28,32.38,33.33,32.58,26.87,37.3,28.67,36.9,36.7,36.8,37.4,37,37.5,39.1,37.8,37
"2026-09-30 11:02:00",130948,11.79,37.78,897,897,897,896,896,897,897,897,896,31.11,29.25,31.6,32.55,33.65,33.41,27.71,40.03,28.83,36.8,36.5,36.7,37.3,36.8,37.4,39,37.6,36.9
"2026-09-30 11:03:00",130949,11.77,37.8,897,897,897,896,896,897,897,897,896,32.14,29.94,32.76,34.51,34.86,33.41,28.74,42.15,29.06,37.5,37,37,37.7,37.2,37.4,39.5,38,37.4
"2026-09-30 11:04:00",130950,11.76,37.82,897,896,897,896,896,897,897,897,896,31.74,29.59,32.59,34.9,35.48,36.14,28.83,43.55,28.52,38.1,37.6,37.5,38.2,37.7,38.1,40,38.3,38
"2026-09-30 11:05:00",130951,11.8,37.84,897,896,897,896,896,897,897,897,896,30.47,28.92,31.54,33.47,34.64,35.5,28.05,46.49,27.95,38.7,38.2,38,38.8,38.2,38.5,40.3,39.2,38.5
"2026-09-30 11:06:00",130952,11.77,37.86,897,896,897,896,896,897,897,896,896,28.74,28.62,29.96,33.55,33.04,35.5,26.48,32.9,27.09,39.4,38.8,38.6,39.3,38.7,38.5,41.3,39.8,39.2
"2026-09-30 11:07:00",130953,11.81,37.88,897,896,897,896,896,897,897,896,896,27.57,25.87,30,29.86,32.12,33.06,25.54,28.22,27.32,40,39.4,38.9,39.9,39.2,39.3,41.6,40.3,39.8
"2026-09-30 11:08:00",130954,11.77,37.89,897,896,897,896,896,897,897,896,896,27.36,26.04,28.29,30.32,30.74,32.93,23.94,26.55,30.21,40.3,40.1,39.8,40.5,39.7,40,42.5,40.9,40.6
"2026-09-30 11:09:00",130955,11.82,37.91,897,896,897,896,896,897,897,896,896,26.02,23.98,26.62,29.17,30.8,30.97,23.07,26.13,32.64,41.3,40.7,40.4,41.2,40.2,40.5,43.2,41.5,41.3
"2026-09-30 11:10:00",130956,11.8,37.93,897,896,897,896,896,897,897,896,896,25.81,23.96,26.26,26.92,29.85,30.22,22.21,24.37,34.43,41.8,41.2,40.9,41.7,40.7,41,43.8,42,42
"2026-09-30 11:11:00",130957,11.82,37.95,897,896,897,896,896,897,897,896,896,25.26,23.19,25.89,27,28.36,29.8,21.78,24.13,35.97,42.4,41.7,41.5,42.2,41.2,41.4,44.4,42.5,42.7
"2026-09-30 11:12:00",130958,11.77,37.96,897,896,897,896,896,897,897,896,896,24.84,22.8,25.64,27.23,26.81,29.14,21.61,23.92,37.33,42.9,42.2,41.9,42.7,41.6,41.8,44.9,43,43.3
"2026-09-30 11:13:00",130959,11.81,37.98,897,896,897,896,896,897,896,896,896,24.69,23.16,25.07,27.46,27.53,30.11,20.76,23,38.58,43.4,42.7,42.4,43.1,42,42.2,45.4,43.5,44
"2026-09-30 11:14:00",130960,11.81,38,897,896,897,896,896,897,896,896,896,23.75,21.76,24.55,26.43,28.07,28.67,20.54,22.05,39.62,43.9,43.1,42.8,43.6,42.4,42.6,45.6,43.8,44.5
"2026-09-30 11:15:00",130961,11.77,38.02,897,896,897,896,896,897,896,896,896,23.51,21.53,24.25,26.41,27.61,26.88,19.1,22.26,40.5,44.3,43.4,43.2,44.1,42.8,42.9,46.2,44.1,45
"2026-09-30 11:16:00",130962,11.82,38.03,897,896,897,896,896,897,896,896,896,23.13,21.8,24.97,24.62,25.91,26.76,19.75,22.61,41.4,44.7,43.7,43.6,44.4,43.1,43.1,46.5,44.5,45.6
"2026-09-30 11:17:00",130963,11.73,38.05,897,896,897,896,896,897,896,896,896,22.19,21.3,24.5,25.38,26.69,27.85,19.76,22.14,42.3,45,43.9,44,44.8,43.3,43.4,46.8,44.8,46
"2026-09-30 11:18:00",130964,11.78,38.06,897,896,897,896,896,897,896,896,896,22.29,20.91,24.03,25.67,26.41,27.16,19.33,22.14,29.45,45.3,44.1,44.3,45.1,43.6,43.6,47.1,44.8,46.4
"2026-09-30 11:19:00",130965,11.81,38.08,897,896,897,896,896,897,896,896,896,22.54,21.39,23.32,24.96,24.29,26.13,18.13,21.11,21.47,45.7,44.3,44.6,45.4,43.9,43.8,47.3,45.4,46.7
"2026-09-30 11:20:00",130966,11.81,38.1,897,896,897,896,896,897,896,896,896,24.24,20.61,22.81,23.22,24.22,24.22,18.21,19.59,19.43,46,44.5,44.8,45.7,44.1,44,47.4,45.5,46.8
"2026-09-30 11:21:00",130967,11.77,38.11,897,896,897,896,896,897,896,896,896,26.74,20.17,22.81,23.14,23.55,26.15,17.93,20.44,19.35,46.2,44.7,44.8,45.9,44.2,44.1,47.7,45.7,47
"2026-09-30 11:22:00",130968,11.77,38.13,897,896,897,896,896,897,896,896,896,28.13,21.36,22.75,23.91,24.02,25.2,17.92,20.91,18.43,46.4,44.9,45.2,46.2,44.5,44.3,47.8,46,47.1
"2026-09-30 11:23:00",130969,11.78,38.15,897,896,897,896,896,897,896,896,896,30.7,21.75,22.38,23.81,22.79,24.77,17.29,21.46,18.88,46.9,45.2,45.4,46.4,44.7,44.5,48,46.2,47.2
"2026-09-30 11:24:00",130970,11.81,38.16,897,896,897,896,896,897,896,896,896,32.4,20.34,21.78,23.24,22.87,24.36,17.03,19.39,18.09,47.2,45.4,45.5,46.6,44.8,44.6,48.1,46.4,47.3
"2026-09-30 11:25:00",130971,11.8,38.18,897,896,897,896,896,896,896,896,896,33.95,20.47,22.39,23.26,22.2,25.07,18.14,19.64,18.41,47.5,45.7,45.7,46.8,45,44.8,48.2,46.6,47.4
"2026-09-30 11:26:00",130972,11.77,38.2,897,896,897,896,896,897,896,896,896,35.6,19.35,22.3,24.05,24.48,25.33,17.33,19.64,18.9,47.8,45.9,45.7,47,45.1,44.9,48.4,46.6,47.5
"2026-09-30 11:27:00",130973,11.82,38.21,897,896,897,896,896,897,896,896,896,36.21,18.45,21.73,21.91,23.79,23.64,16.74,19.64,17.38,48,45.9,46,47,45.3,44.9,48.4,46.6,47.4
"2026-09-30 11:28:00",130974,11.77,38.23,897,896,897,896,896,897,896,896,896,37.57,18.68,20.7,21.17,23.03,24.31,17.38,18.11,17.12,47.8,45.4,45.7,46.5,44.9,44.4,47.6,46.2,47
"2026-09-30 11:29:00",130975,11.78,38.25,897,896,897,896,896,897,896,896,896,39.24,19.06,20.31,21.02,22.48,23.93,17.43,18.58,17.88,47.2,44.8,45.2,46,44.4,44,47,45.6,46
"2026-09-30 11:30:00",130976,11.76,38.27,897,896,897,896,896,896,896,896,896,34.43,19.84,20.94,21.6,23.05,24.57,18.27,19.22,18.74,46.8,44.2,44.7,45.6,44,43.6,46.5,45.1,45.4
"2026-09-30 11:31:00",130977,11.78,38.28,897,896,897,896,896,896,896,896,896,22.01,20.52,21.88,21.82,23.21,24.34,17.79,19.22,18.84,46.7,44,44.5,45.6,43.9,43.7,46.7,45.1,45.3
"2026-09-30 11:32:00",130978,11.76,38.3,897,896,897,896,896,896,896,896,896,20.62,21.2,21.26,23.35,24.61,24.97,17.76,19.65,18.76,46.6,44,44.7,45.5,44.1,43.7,46.6,44.8,45.3
"2026-09-30 11:33:00",130979,11.77,38.32,897,896,897,896,896,896,896,896,896,21.17,23.85,20.82,22.24,24.91,24.71,18.02,20.27,19.38,45.9,43.7,44.3,45.1,44,43.3,46.2,44.3,44.7
"2026-09-30 11:34:00",130980,11.77,38.34,897,896,897,896,896,896,896,896,896,20.82,26.75,21.01,21.91,23.31,24.73,18.28,20.19,19.15,45.4,43.5,44.1,44.8,43.6,43,45.9,43.9,44.3
"2026-09-30 11:35:00",130981,11.8,38.35,896,896,897,896,896,896,896,896,896,21.12,28.93,21.08,21.95,23.15,23.73,17.89,20.39,19.19,44.8,43.2,43.8,44.4,43.4,42.7,45.5,43.7,44.2
"2026-09-30 11:36:00",130982,11.76,38.37,896,896,897,896,896,896,896,896,896,21.95,30.8,21.79,22.85,23.3,24.47,18.51,20.83,19.69,44.1,42.8,43.3,43.9,42.9,42.1,44.9,43.2,43.2
"2026-09-30 11:37:00",130983,11.81,38.39,896,896,896,896,896,896,896,896,896,22.16,32.46,21.58,23.16,23.09,24.41,18.88,21.08,19.32,43.4,42.4,42.8,43.3,42.5,41.7,44.3,42.7,42.5
"2026-09-30 11:38:00",130984,11.79,38.4,897,896,897,896,896,896,896,896,896,22.55,33.84,21.88,23.02,23.55,25.16,19.33,21.4,20.01,42.6,42,42.2,42.7,42,41.2,43.7,42.2,41.9
"2026-09-30 11:39:00",130985,11.77,38.42,897,896,897,896,896,896,896,896,896,23.31,35,23,23.66,23.85,25.71,20.1,21.73,20.75,41.9,41.6,41.6,42.2,41.4,40.7,43,41.6,41.2
"2026-09-30 11:40:00",130986,11.8,38.44,897,896,897,896,896,896,896,896,896,24.48,36.32,23.9,24.33,24.27,25.88,20.76,22.58,21.83,41.2,41.2,41,41.6,40.9,40.2,42.3,41.1,40.6
"2026-09-30 11:41:00",130987,11.78,38.45,897,896,897,896,896,896,896,896,896,25.18,37.29,24.76,25.62,25.44,26.76,21.81,23.34,22.67,40.4,40.8,40.4,41,40.3,39.7,41.6,40.5,39.8
"2026-09-30 11:42:00",130988,11.79,38.47,897,896,897,896,896,897,897,896,896,26.33,38.17,25.81,25.91,26.21,27.37,22.71,24.26,23.75,39.6,40.3,39.8,40.3,39.7,39.2,40.8,39.9,39.1
"2026-09-30 11:43:00",130989,11.8,38.49,897,896,897,896,896,897,896,896,896,27.49,31.93,26.56,25.85,26.74,27.74,23.65,25.25,24.23,38.9,39.7,39.1,39.7,39.1,38.7,40.1,39.3,38.7
"2026-09-30 11:44:00",130990,11.82,38.5,897,896,897,896,896,897,896,896,896,27.81,26.4,26.98,28.77,26.99,28.29,24.13,25.73,25.42,38.1,39.1,38.4,39,38.5,38.4,39.4,38.7,37.6
"2026-09-30 11:45:00",130991,11.77,38.52,897,896,897,896,896,897,897,896,896,28.65,25.81,29.26,28.95,27.84,28.29,24.51,26.17,25.75,37.4,38.4,37.8,38.3,37.8,38.4,39,38,37.2
"2026-09-30 11:46:00",130992,11.74,38.53,897,896,897,896,896,897,896,896,896,29.65,26.61,32.46,29.42,28.42,29.41,25.84,27.19,27.24,36.6,37.7,37.2,37.7,37.5,37.2,37.8,37.4,36.1
"2026-09-30 11:47:00",130993,11.75,38.55,897,896,897,896,896,897,896,896,896,32.16,28.12,35.36,32.26,30.35,30.83,28.5,28.46,27.8,35.9,37,36.6,37,36.5,36.7,37.1,36.9,35.8
"2026-09-30 11:48:00",130994,11.78,38.56,897,896,897,896,896,897,897,896,896,33.84,30.2,38,30.81,31.65,31.89,30.02,29.88,31.19,35.2,36.3,36,36.3,36.2,36.1,36.4,36.2,34.7
"2026-09-30 11:49:00",130995,11.8,38.57,897,896,897,896,896,896,897,896,896,36.65,31.7,40.37,34.31,34.62,34.12,32.23,31.84,33.39,34.5,35.5,35.5,35.7,35.3,35.6,35.7,35.7,34
"2026-09-30 11:50:00",130996,11.75,38.58,897,896,897,896,896,896,896,896,896,38.17,33.71,42.6,34.02,35.4,35.03,33.57,33.84,35.03,33.9,34.8,34.9,35,35,35.1,35,35.1,33.3
"2026-09-30 11:51:00",130997,11.81,38.59,897,896,897,896,896,896,896,896,896,40.38,35.65,44.58,38.41,37.72,37.18,35.79,35.24,37.58,33.3,34.2,34.4,34.4,34.1,34.6,34.4,34.5,32.7
"2026-09-30 11:52:00",130998,11.76,38.6,897,896,897,896,896,896,896,896,896,41.54,38.84,46.44,38.62,39.45,38.76,38.33,38.29,39.56,33.1,33.5,34,33.8,33.6,34.2,33.8,34,32.1
"2026-09-30 11:53:00",130999,11.81,38.61,897,896,897,896,896,896,896,896,896,45.15,40.84,47.98,41.97,41.49,40.31,40.02,40.24,41.07,32.2,32.9,33.5,33.3,33,33.7,33.2,33.5,31.8
"2026-09-30 11:54:00",131000,11.79,38.62,897,896,897,896,896,896,896,896,896,50.09,44.54,49.14,44.73,44.04,43.27,42.55,42.39,45.83,31.6,32.3,33,32.7,32.5,33.2,32.6,32.9,31
"2026-09-30 11:55:00",131001,11.79,38.63,897,896,897,896,896,896,896,896,896,53.67,46.28,49.7,46.89,45.52,45.34,44.27,45.02,48.03,31,31.8,32.5,32.1,32.2,32.7,32,32.4,30.3
"2026-09-30 11:56:00",131002,11.77,38.63,897,896,897,896,896,896,896,896,896,55.29,48.04,46.2,48.55,48.59,46.22,46.2,46.97,50.05,30.4,31.2,32.1,31.6,31.4,32.2,31.5,31.8,29.7
"2026-09-30 11:57:00",131003,11.8,38.63,897,896,897,896,896,896,896,896,896,60.31,48.01,47.29,52,50.65,48.97,48.7,49.1,52.31,29.9,30.7,31.8,31.1,30.9,31.7,30.9,31.3,29
"2026-09-30 11:58:00",131004,11.78,38.64,897,896,897,896,896,896,896,896,896,67.12,53.18,53.22,54.88,54.83,52.32,52.95,53.71,52.31,29.3,30.2,31.1,30.7,30.4,31.3,30.5,30.8,29
"2026-09-30 11:59:00",131005,11.76,38.64,897,896,897,896,896,896,896,896,896,73.37,54.31,55.46,56.45,57.98,55.36,53.24,56.86,58.96,28.9,29.7,30.6,30.5,30,31,30.1,30.4,27.8
"2026-09-30 12:00:00",131006,11.82,38.63,897,896,897,896,896,896,896,896,896,74.22,55.52,57.13,57.48,60.23,57.05,53.24,59.09,60.84,28.3,29.5,30.1,30.2,29.6,30.5,30.1,29.9,27.2
"2026-09-30 12:01:00",131007,11.81,38.63,897,896,897,896,896,896,897,896,896,80.8,55.93,57.31,58.34,61.57,57.36,55.65,60.52,63.32,27.7,28.5,29.5,30,29.1,30,28.9,29.3,26.5
"2026-09-30 12:02:00",131008,11.79,38.63,897,896,897,896,896,896,896,896,896,82.9,58.75,59.64,59.22,63.83,58.43,56.95,62.15,65.48,27.1,27.9,28.8,29.9,28.5,29.5,28.6,28.8,26
"2026-09-30 12:03:00",131009,11.82,38.62,897,896,897,896,896,896,896,896,896,87.5,60.59,61.53,60.05,67.14,58.43,56.95,64.7,68.92,26.7,27.5,28.3,29.7,28.1,29.5,28.6,28.4,25.5
"2026-09-30 12:04:00",131010,11.81,38.61,897,896,897,896,896,896,896,896,896,89.2,66.38,64.83,60.33,68.47,61.66,56.95,67.57,69.69,26.3,27,27.8,29.6,27.6,28.7,28.6,27.9,25.1
"2026-09-30 12:05:00",131011,11.81,38.61,897,896,897,896,896,896,896,896,896,91,65.16,66.35,60.44,69.96,63.48,62.77,69.01,69.69,25.8,26.5,27.3,29.4,27.2,28.3,26.9,27.4,25.1
"2026-09-30 12:06:00",131012,11.74,38.6,897,896,897,896,896,896,896,896,896,94.6,67.11,68.45,60.82,73.54,63.34,66.1,71.29,72.74,25.6,26.2,26.9,29.3,26.8,27.9,26.5,27,24.4
"2026-09-30 12:07:00",131013,11.78,38.58,897,896,897,896,896,896,896,896,896,98.5,68.84,69.56,61.68,73.54,65.16,69.03,73.07,77,25.2,25.8,26.5,29.2,26.8,27.6,26.2,26.6,24.2
"2026-09-30 12:08:00",131014,11.77,38.57,897,896,897,896,896,896,896,896,896,100,70.41,71.31,60.04,77.7,65.16,69.03,73.97,78.31,24.9,25.6,26.2,29,26.1,27.6,26.2,26.3,24
"2026-09-30 12:09:00",131015,11.75,38.55,897,896,897,896,896,896,897,896,896,100,73.71,73.69,58.36,80.4,68.38,71.54,77.46,77.97,24.7,25.3,26,28.9,25.9,27.1,25.7,26,23.8
"2026-09-30 12:10:00",131016,11.77,38.53,897,896,897,896,896,896,896,896,896,100,73.41,74.62,58.42,82.2,68.02,72.88,79.64,77.97,24.6,25.1,25.7,28.7,25.8,27,25.5,25.8,23.8
"2026-09-30 12:11:00",131017,11.78,38.52,897,896,897,896,896,896,896,896,896,100,74.57,76.63,59.12,92.1,70.58,74.8,81.4,79.76,24.4,25,25.6,28.6,25.5,26.8,25.3,25.6,23.6
"2026-09-30 12:12:00",131018,11.82,38.49,897,896,897,896,896,896,896,896,896,100,75.5,77.65,59.14,96,69.61,76.42,85,82,24.4,24.9,25.4,28.5,25.4,26.6,25.2,25.4,23.6
"2026-09-30 12:13:00",131019,11.77,38.47,897,896,897,896,896,896,896,896,896,100,77.72,79.06,59.31,100,72.16,80.4,87.4,84.2,24.6,25.1,25.5,28.5,25.4,26.8,25.4,25.5,23.8
"2026-09-30 12:14:00",131020,11.81,38.45,897,896,897,896,896,896,896,896,895,100,77.8,81.9,60.86,100,73.5,82.2,89.6,85,24.9,25.3,25.7,28.7,25.5,27,25.7,25.6,24
"2026-09-30 12:15:00",131021,11.8,38.42,897,896,897,896,896,896,896,896,895,100,81.4,86.6,63.32,100,76.89,84.1,95.1,86.7,25.6,26.1,26.3,29.4,26,27.7,26.6,26.1,24.7
"2026-09-30 12:16:00",131022,11.77,38.4,897,896,897,896,896,896,896,896,895,100,82.1,85.5,62.59,100,81.5,83.7,95.3,86.3,26.3,26.8,27,30.1,26.6,28.4,27.4,26.5,25.3
"2026-09-30 12:17:00",131023,11.81,38.37,897,896,896,896,895,896,896,896,895,100,82.4,87,60.93,100,82.1,83,93.8,82.7,27.1,27.6,27.7,31.1,27.3,28.9,28.6,27.6,25.9
"2026-09-30 12:18:00",131024,11.81,38.35,897,896,896,896,895,896,896,896,895,100,73.55,78.07,55.13,100,74.82,83,86.1,82.7,27.9,28.3,28.5,32,28,30.1,28.6,28.4,26.5
"2026-09-30 12:19:00",131025,11.81,38.32,897,896,896,896,895,896,896,896,895,93.9,72.4,73.83,53.42,100,71.76,71.7,82.4,74.17,28.2,28.6,29,32.4,28.5,30.5,30.3,28.9,26.8
"2026-09-30 12:20:00",131026,11.82,38.29,897,896,896,896,895,896,896,896,895,90.3,68.47,70.15,51.51,100,68.03,63.67,80.4,71.43,28.8,29.1,29.5,33.1,29,31.2,31.1,29.4,27.2
"2026-09-30 12:21:00",131027,11.76,38.26,897,896,896,896,895,896,896,896,895,93.7,69.28,70.02,49.9,100,65.78,65.33,73.5,72.89,29.4,29.7,30.2,33.9,29.3,31.6,32,30,27.7
"2026-09-30 12:22:00",131028,11.77,38.23,897,896,896,896,895,896,896,896,895,88.6,68.62,67.84,48.33,93.8,70.61,62.65,78.36,68.87,29.9,30.2,30.8,34.6,30,32.5,32.7,30.6,28.1
"2026-09-30 12:23:00",131029,11.78,38.2,897,896,896,896,895,896,896,896,895,92,68.1,68.18,47.85,90.7,74.94,61.41,75.16,73.14,30.4,30.8,31.4,35.3,30.5,33.1,33.4,30.8,28.6
"2026-09-30 12:24:00",131030,11.82,38.17,896,896,896,896,895,896,896,896,895,83.3,65.38,63.06,44.38,86.3,76.42,56.95,73.97,67.48,30.9,31.2,31.9,36,30.9,33.7,34.1,31.6,29
"2026-09-30 12:25:00",131031,11.78,38.14,896,896,896,896,895,896,896,896,895,87.3,62.17,62.71,45.49,87,76.68,56.67,72.6,71.44,31.5,31.8,32.6,36.7,31.4,34.3,34.8,32.2,29.5
"2026-09-30 12:26:00",131032,11.79,38.12,896,896,896,896,895,896,896,896,895,78.84,61.58,59.13,43.47,86.4,76.66,52.2,69.59,71.44,32,32.3,33.3,37.5,32,34.8,35.5,32.8,29.5
"2026-09-30 12:27:00",131033,11.79,38.09,896,896,896,895,895,896,896,896,895,67.53,55.9,56.04,41.31,80.9,76.6,46.11,65.39,58.66,32.5,32.8,33.9,38.2,32.4,35.1,36.2,33.3,30.5
"2026-09-30 12:28:00",131034,11.82,38.06,896,896,896,896,895,896,896,896,895,72.95,55.45,54.96,36.75,73.65,77.08,45.98,64.01,61.64,33.1,33.4,34.6,39,32.9,36,36.9,33.9,31
"2026-09-30 12:29:00",131035,11.77,38.03,896,896,896,896,895,896,896,896,895,59.35,55.93,50.06,34.7,64.98,75.51,43.45,62.69,54.86,33.7,34,35.3,39.3,33.4,36.6,37.7,34.5,31.5
"2026-09-30 12:30:00",131036,11.81,38,896,896,896,896,895,896,896,896,895,52.68,50.02,49.45,34.52,65.42,74.53,39.71,54.65,50.73,34.2,34.5,35.9,40.4,33.9,37.3,38.4,35.1,31.9
"2026-09-30 12:31:00",131037,11.82,37.97,896,896,896,896,895,896,896,896,895,55.3,47.03,43.98,29.66,60.6,74.53,39.71,50.64,52.33,34.5,34.8,36.4,40.7,34.2,37.3,38.4,35.5,32.1
"2026-09-30 12:32:00",131038,11.75,37.94,896,896,896,896,895,896,896,896,895,50.13,44.57,42.95,30.27,55.22,69.01,35.07,47.03,48.51,34.3,34.8,36.6,40.7,34.2,37.7,38.7,35.6,31.9
"2026-09-30 12:33:00",131039,11.8,37.92,896,896,896,896,895,896,896,896,895,49.65,43.03,40.82,29.49,53.2,51.04,36.35,45.71,47.76,34.2,34.6,36.5,40.5,34.1,37.7,38.5,35.5,31.7
"2026-09-30 12:34:00",131040,11.76,37.89,896,896,896,895,895,896,896,896,895,47.45,42.74,40.87,29.39,53.76,51.04,35.8,44.58,46.82,34.1,34.4,36.4,40.3,34,37.7,38.3,35.4,31.5
"2026-09-30 12:35:00",131041,11.76,37.86,896,896,896,895,895,896,896,896,895,48.95,43.91,40.64,32.09,53.79,46.46,39.45,44.03,48.49,34.3,34.6,36.5,40.3,34.2,37.9,38.3,35.5,31.6
"2026-09-30 12:36:00",131042,11.77,37.83,896,896,896,895,895,896,896,896,895,50.06,46.36,41.72,31.91,54.23,46.97,50.24,46.4,49.05,34.6,35,36.8,40.5,34.5,38.3,38.6,35.7,31.9
"2026-09-30 12:37:00",131043,11.76,37.81,896,895,896,895,895,896,896,896,895,48.57,43.51,42.45,30.34,55.66,45.14,54.51,45.16,46.81,35,35.4,37.2,40.8,34.9,38.6,38.8,36,32
"2026-09-30 12:38:00",131044,11.76,37.78,896,895,896,895,895,896,896,896,895,46.01,41.65,40.94,30.97,52.97,44.13,54.51,44.36,46.54,35.2,35.6,37.4,41,35.1,38.8,38.8,36.1,32.3
"2026-09-30 12:39:00",131045,11.8,37.75,896,895,896,895,895,896,896,896,895,43.43,41.07,37.33,29.81,53.82,41.5,54.51,43.94,44.2,35.5,35.9,37.6,41.2,35.3,39.1,38.8,36.4,32.5
"2026-09-30 12:40:00",131046,11.79,37.73,896,895,896,895,895,896,896,896,895,43.46,40.66,37.21,29.03,53.82,40.12,58.44,42.41,43.17,35.7,36.2,38,41.4,35.3,39.3,39.6,36.5,32.6
"2026-09-30 12:41:00",131047,11.77,37.7,896,895,896,895,895,896,896,896,895,42.76,39.27,34.25,26.43,46.41,38.8,57.77,39.35,43.43,35.6,36.2,38,41.2,35.8,39.2,39.6,36.6,32.5
"2026-09-30 12:42:00",131048,11.77,37.68,896,895,896,895,895,896,896,896,895,39.97,37.35,34.06,28.98,46.41,38.3,56.36,38.63,41.78,35.5,36.1,37.8,41,35.8,39,39.5,36.4,32.3
"2026-09-30 12:43:00",131049,11.82,37.65,896,895,896,895,895,896,896,896,895,40.68,38.3,34.06,27.76,45.14,38.48,56.36,39.07,42,35.2,35.9,37.8,40.6,35.7,38.9,39.5,36.2,32.1
"2026-09-30 12:44:00",131050,11.79,37.62,896,895,896,895,895,896,896,896,895,39.52,38.8,34.73,29.96,46.04,38.45,56.13,38.05,42.09,35,35.8,37.5,40.2,35.4,38.5,39.2,36,32
"2026-09-30 12:45:00",131051,11.81,37.6,896,895,896,895,895,896,896,896,895,41.01,37.24,33.82,27.27,44.4,37.13,48.4,40.22,42.5,34.9,35.7,37.2,39.7,35.3,38.3,39.1,35.9,31.9
"2026-09-30 12:46:00",131052,11.78,37.57,896,895,896,895,895,896,896,896,895,38.76,36.2,34.52,30.17,43.86,37.1,37.98,38.42,40.95,34.8,35.6,37,39.4,35.2,38.1,38.8,35.8,31.8
"2026-09-30 12:47:00",131053,11.81,37.55,896,895,896,895,895,896,896,895,895,39.06,38.38,34.77,30.24,44.63,39.24,36.12,40.58,40.04,34.7,35.6,36.8,39.2,35.2,38,38.6,35.7,31.9
"2026-09-30 12:48:00",131054,11.79,37.53,896,895,896,895,895,895,896,895,895,39.82,35.92,34.07,29.95,44.07,38.02,35.24,50,40.43,35,35.8,36.9,39.2,35.2,38,38.5,35.8,32.1
"2026-09-30 12:49:00",131055,11.8,37.5,896,895,896,895,895,895,896,895,895,39.52,36.89,34.19,31.56,44.44,38.3,33.61,57.95,40.21,35.4,36.3,37.1,39.5,35.5,38.3,38.6,36.1,32.6
"2026-09-30 12:50:00",131056,11.77,37.48,896,895,896,895,895,895,895,895,895,36.62,33.92,32.55,29.86,43.84,37.14,32.06,66.4,37.31,36,36.8,37.6,40,36,38.8,39,36.6,33.1
"2026-09-30 12:51:00",131057,11.83,37.46,896,895,896,895,895,895,895,895,895,35.56,32.8,32.83,30.42,43.38,36.91,31.84,72.32,37.14,36.5,37.3,38.1,40.5,36.5,39.2,39.2,37.1,33.5
"2026-09-30 12:52:00",131058,11.8,37.43,896,895,896,895,895,895,895,895,895,34.97,31.75,29.96,29.18,41.89,36.32,31.13,76.45,36.68,37.2,38,38.7,41.1,37,39.5,39.7,37.7,34.1
"2026-09-30 12:53:00",131059,11.77,37.41,896,895,896,895,895,895,895,895,895,33.83,31.53,29.83,29.08,39.1,35.87,29.53,78.91,35.61,37.8,38.6,39.3,41.8,37.6,40.4,40.1,38.4,34.7
"2026-09-30 12:54:00",131060,11.76,37.39,896,895,896,895,895,895,895,895,895,32.05,30.79,29.18,27.69,38.89,34.69,29.56,80.3,33.81,38.1,39,39.8,42.2,38.1,40.8,40.3,39,35
"2026-09-30 12:55:00",131061,11.74,37.37,896,895,896,895,895,895,895,895,895,32.09,30.41,28.9,26.88,36.98,32.35,29.98,79.29,33.76,38.5,39.3,40.2,42.5,38.3,41.2,40.5,39.5,35.3
"2026-09-30 12:56:00",131062,11.79,37.35,896,895,896,895,895,895,895,895,895,30.47,27.33,26.71,25.85,34.41,31,28.45,76.67,32.32,38.7,39.6,40.4,42.7,38.6,41.4,40.6,39.9,35.6
"2026-09-30 12:57:00",131063,11.8,37.33,896,895,896,895,894,895,895,895,895,30.33,27.78,27.26,25.78,34.72,30.39,29.34,76.16,32.44,39,39.8,40.6,42.8,38.8,41.6,40.8,40.2,35.9
"2026-09-30 12:58:00",131064,11.8,37.31,896,895,896,895,894,895,895,895,894,29.71,27.83,26.69,25.71,34.72,30.06,27.07,49.95,31.34,39.5,40.3,40.9,43.1,38.8,42,41.1,40.6,36.4
"2026-09-30 12:59:00",131065,11.76,37.29,895,895,895,895,895,895,895,895,894,29.72,26.84,25.46,25.29,34.29,28.73,26.89,36.66,31.27,40,40.7,41.3,43.4,39.5,42.4,41.4,40.8,36.9
"2026-09-30 13:00:00",131066,11.77,37.27,895,895,895,895,894,895,895,895,894,28.92,27.15,25.83,23.11,33.59,28.25,25.71,33.6,36.21,40.5,41.2,41.7,43.8,39.7,42.8,41.8,41.1,37.5
"2026-09-30 13:01:00",131067,11.77,37.25,895,895,895,895,894,895,895,895,894,27.04,25.87,24.47,23.88,30.91,29.1,24.65,29.94,40.49,40.9,41.6,42,44.1,40.1,43.2,42,41.4,38.1
"2026-09-30 13:02:00",131068,11.83,37.24,895,895,895,895,894,895,895,895,894,26.66,23.78,23.75,22.65,30.67,27.9,24.13,29,42.31,41.3,42,42.2,44.4,40.4,43.6,42.3,41.6,38.4
"2026-09-30 13:03:00",131069,11.79,37.22,895,895,895,895,894,895,895,895,894,25.38,22.28,22.93,23.55,29.49,25.44,24.42,27.67,46.13,41.5,42.2,42.4,44.6,40.7,44,42.5,41.8,39.3
"2026-09-30 13:04:00",131070,11.82,37.2,895,895,895,895,894,895,895,895,894,25.49,22.79,22.75,21.03,28.5,25.44,24.23,27.67,47.92,41.8,42.4,42.6,44.8,40.9,44.3,42.7,41.8,39.9
"2026-09-30 13:05:00",131071,11.77,37.19,895,895,895,895,894,895,895,895,894,25.51,24.02,24.82,23.9,29.28,25.79,24.26,27.76,49.37,42,42.6,42.8,44.9,41.2,44.7,42.9,42,40.5
"2026-09-30 13:06:00",131072,11.77,37.17,895,895,895,895,894,895,895,895,894,25.49,22.28,23.07,21.84,28.23,25.01,24.28,26.37,49.37,42.2,42.7,43,45,41.4,45,43.1,42.1,40.5
"2026-09-30 13:07:00",131073,11.83,37.16,895,895,895,895,894,895,895,895,894,24.86,23.85,22.98,21.43,26.46,23.89,23.81,25.79,51.44,42.3,42.9,43.2,45,41.6,45.2,43.2,42.3,41.5
"2026-09-30 13:08:00",131074,11.79,37.15,895,895,895,895,894,895,895,895,894,24.95,23.45,22.74,22.4,27.21,23.16,24.17,25.46,51.44,42.2,42.7,43.1,44.8,41.4,45.1,43.1,42.1,41.5
"2026-09-30 13:09:00",131075,11.78,37.14,895,895,895,895,894,895,895,895,894,24.51,23.39,22.71,21.67,26.34,22.77,22.95,25.59,52.47,42.2,42.7,43.1,44.7,41.4,45.1,43.2,42.1,42.1
"2026-09-30 13:10:00",131076,11.77,37.12,895,895,895,895,894,895,895,895,894,24.71,22.53,21.5,22.18,26.36,22.51,22.59,24.26,42.12,42.3,42.9,43.2,44.7,41.5,45.2,43.3,42.2,42.5
"2026-09-30 13:11:00",131077,11.79,37.11,895,895,895,894,894,895,895,895,894,24.56,22.21,21.98,22.41,26.72,22.52,22.32,24.91,25.34,42.4,43,43.3,44.7,41.7,45.3,43.5,42.2,42.6
"2026-09-30 13:12:00",131078,11.8,37.1,895,895,895,894,894,895,895,895,894,26.29,22.04,22.19,23.46,27.03,23.91,22.45,24.54,22.59,42.6,43.1,43.4,44.7,41.8,45.3,43.6,42.2,42.7
"2026-09-30 13:13:00",131079,11.81,37.09,895,895,895,894,894,895,895,895,894,29.77,22.36,21.72,23.68,26.13,23.53,22.15,24.16,22.8,42.6,43.1,43.4,44.5,41.7,45.1,43.5,42.2,42.5
"2026-09-30 13:14:00",131080,11.78,37.08,895,894,895,894,894,895,895,895,894,32.27,22.48,22.65,23.26,26.12,23.67,22.69,25.58,22.49,42.3,42.8,43.1,44.2,41.5,44.7,43.1,41.9,42.1
"2026-09-30 13:15:00",131081,11.79,37.07,895,894,895,894,894,895,895,895,894,34.35,22.41,22.88,22.73,25.67,23.26,21.83,24.8,22.32,42.1,42.4,42.8,43.8,41.2,44.3,42.8,41.6,41.7
"2026-09-30 13:16:00",131082,11.76,37.06,895,894,895,894,894,895,895,895,894,36.19,22.8,22.84,23.34,26.03,23.17,22.28,25.35,23.2,41.8,42,42.3,43.4,40.8,43.8,42.4,41.2,41.2
"2026-09-30 13:17:00",131083,11.81,37.06,895,894,895,894,894,895,895,895,894,38.53,22.76,23.61,23.87,26.49,22.98,23.39,25.85,23.39,42,41.9,42.2,43.3,40.7,43.8,42.5,41.2,41.2
"2026-09-30 13:18:00",131084,11.79,37.05,895,894,895,894,894,895,895,894,894,41.04,22.54,24.11,25.45,28.58,25.61,24.5,26.25,23.42,42.4,42.1,42.2,43.3,40.8,43.7,42.6,41.2,41.2
"2026-09-30 13:19:00",131085,11.8,37.04,895,894,895,894,894,895,895,894,894,43.55,24.05,24.48,25.76,28.93,24.9,24.17,27.36,24.19,42.8,42.3,42.3,43.5,40.9,43.8,42.9,41.3,41.3
"2026-09-30 13:20:00",131086,11.81,37.04,895,894,895,894,894,895,895,894,894,46.05,23.67,24.09,25.07,27.64,24.47,23,26.05,23.25,43.2,42.5,42.5,43.8,41.1,43.9,43.1,41.5,41.5
"2026-09-30 13:21:00",131087,11.79,37.03,895,894,895,894,894,895,895,894,894,48.19,23.22,23.76,24.07,27.1,23.6,22.67,25.48,23.44,43.7,42.8,42.7,44,41.3,44.1,43.4,41.7,41.7
"2026-09-30 13:22:00",131088,11.75,37.03,895,894,895,894,894,895,895,894,894,49.92,23.01,23.42,23.88,26.72,23.74,22.74,25.64,23.19,44.1,43,42.9,44.2,41.4,44.2,43.7,41.9,41.9
"2026-09-30 13:23:00",131089,11.8,37.03,895,894,895,894,894,894,895,894,894,30.19,22.14,23.14,24.03,26.5,23.12,22.8,25.15,22.81,44.4,43.3,43.1,44.3,41.6,44.4,44,42.2,42
"2026-09-30 13:24:00",131090,11.74,37.03,895,894,895,894,894,894,894,894,894,23.94,22.08,22,23.26,26.04,23.08,20.99,25.28,21.78,44.5,43.5,43.2,44.4,41.7,44.5,44.3,42.3,42.2
"2026-09-30 13:25:00",131091,11.76,37.02,895,894,895,894,894,894,894,894,894,23.43,25.2,21.49,23.5,26.01,22.81,20.92,24.18,21.04,44.7,43.7,43.4,44.6,41.9,44.6,44.5,42.5,42.4
"2026-09-30 13:26:00",131092,11.82,37.02,895,894,895,894,894,894,894,894,894,22.53,28.2,21.5,22.69,24.61,23.54,20.16,22.96,20.19,44.8,44,43.5,44.7,42,44.8,44.8,42.7,42.5
"2026-09-30 13:27:00",131093,11.76,37.02,895,894,895,894,894,894,894,894,894,22.89,31.18,21.64,23.4,25.15,23.17,20.4,23.14,20.92,44.8,44.4,43.7,44.8,42.1,44.9,45,42.8,42.7
"2026-09-30 13:28:00",131094,11.81,37.02,895,894,895,894,894,894,894,894,894,22.72,33.78,21.67,23.07,24.2,22.92,19.66,22.65,21.01,44.9,44.7,43.8,44.8,42.3,45,45.3,43,42.8
"2026-09-30 13:29:00",131095,11.77,37.02,895,894,895,894,894,894,894,894,894,22.83,35.71,22.02,22.85,24.84,23.48,19.64,22.8,20.63,45,45.1,43.9,45,42.4,45.1,45.4,43.1,43
"2026-09-30 13:30:00",131096,11.79,37.02,895,894,895,894,894,894,894,894,894,22.05,37.34,21.73,23.01,25.58,22.48,19.63,22.98,20.09,44.9,45.4,44,45.1,42.5,45.1,45.6,43.1,43
"2026-09-30 13:31:00",131097,11.78,37.03,895,894,895,894,894,894,894,894,894,22,38.86,21.92,22.34,23.94,22.38,19.26,22.22,20.8,44.8,45.6,44,45.1,42.5,45,45.7,43.2,42.9
"2026-09-30 13:32:00",131098,11.77,37.03,895,894,895,894,894,894,894,894,894,21.59,39.57,20.92,21.88,24.41,21.79,18.63,21.42,20.6,44.3,45.3,43.7,45,42.2,44.6,45.3,42.8,42.5
"2026-09-30 13:33:00",131099,11.79,37.03,895,894,895,894,894,894,894,894,894,22.13,40.4,21.35,22.37,23.54,22.21,19.42,22.77,21.06,43.7,45,43.2,44.4,41.8,44.2,44.8,42.4,42.1
"2026-09-30 13:34:00",131100,11.76,37.04,895,894,895,894,894,894,894,894,894,22.13,40.98,21.81,22.12,23.17,21.45,18.98,22.43,20.94,43.1,44.6,42.7,43.9,41.3,43.6,44.3,42,41.7
"2026-09-30 13:35:00",131101,11.8,37.04,895,894,895,894,894,894,894,894,894,22.54,41.14,21.97,22.15,23.91,22.01,19.38,22.24,21.43,42.5,44.2,42.2,43.4,40.9,43,43.7,41.5,41.2
"2026-09-30 13:36:00",131102,11.76,37.04,895,894,895,894,894,894,894,894,894,23.73,28.14,22.95,22.72,24.34,23.07,20.36,23.07,22.03,41.8,43.6,41.7,42.8,40.4,42.4,43.1,41.1,40.7
"2026-09-30 13:37:00",131103,11.79,37.05,895,894,895,894,894,894,894,894,894,23.92,24.85,24.14,23.76,25.77,23.56,21.15,23.47,22.45,41.2,42.9,41.1,42.2,39.9,41.8,42.5,40.6,40.2
"2026-09-30 13:38:00",131104,11.78,37.05,894,894,894,894,894,894,894,894,894,24.08,23.97,27.63,24.43,26.13,24.46,21.42,24.17,22.55,40.6,42.3,40.6,41.7,39.4,41.2,41.9,40.1,39.7
"2026-09-30 13:39:00",131105,11.82,37.06,895,894,894,894,893,894,894,894,894,24.95,23.06,30.85,24.48,26.75,24.93,22.11,24.61,23.44,40,41.7,40.2,41.1,39,40.6,41.3,39.7,39.3
"2026-09-30 13:40:00",131106,11.81,37.07,894,894,894,894,893,894,894,894,894,25.82,24.84,33.86,23.93,26.17,25.4,22.51,24.44,23.69,39.5,41.2,39.7,40.6,38.5,40.1,40.7,39.3,38.8
"2026-09-30 13:41:00",131107,11.79,37.07,894,894,894,894,893,894,894,894,894,25.49,23.39,36.67,24.83,27.47,25.97,22.71,24.51,23.67,39,40.6,39.3,40,38.1,39.5,40.2,38.9,38.4
"2026-09-30 13:42:00",131108,11.79,37.08,895,894,894,894,893,894,894,894,894,26.26,24.8,39.12,25.37,27.72,26.36,23.27,24.73,24.21,38.6,40.1,39,39.5,37.7,39.1,39.7,38.5,38
"2026-09-30 13:43:00",131109,11.81,37.09,895,894,894,894,893,894,894,894,894,25.75,24.13,41.48,25.3,28.05,26.5,23.5,24.73,23.8,38.1,39.7,38.6,39.1,37.4,38.6,39.3,38.1,37.7
"2026-09-30 13:44:00",131110,11.77,37.1,895,894,894,894,893,894,894,894,894,26.16,25.7,43.55,25.45,28.04,26.1,23.4,25.44,24.35,37.7,39.2,38.3,38.6,37,38.2,38.8,37.7,37.3
"2026-09-30 13:45:00",131111,11.76,37.1,895,894,894,894,893,894,894,894,894,27.71,25.59,45.51,26.18,28.37,26.79,23.77,25.42,24.73,37.3,38.8,38,38.2,36.7,37.8,38.4,37.3,37
"2026-09-30 13:46:00",131112,11.81,37.11,895,894,894,894,893,894,894,894,894,27.48,23.8,47.45,26.74,28.36,26.45,24,25.83,25.33,36.9,38.3,37.8,37.7,36.4,37.5,38,37,36.7
"2026-09-30 13:47:00",131113,11.8,37.12,895,894,894,894,893,894,894,894,894,29.91,25.75,49.29,27.93,28.72,27.67,25.85,27.33,26.43,36.6,37.9,37.5,37.4,36.1,37.2,37.7,36.8,36.4
"2026-09-30 13:48:00",131114,11.79,37.13,895,894,894,894,893,894,894,894,893,29.9,26.74,41.12,29.05,30.59,29.72,26.3,27.67,27.04,36.3,37.6,37.3,37,35.9,36.8,37.4,36.5,36.2
"2026-09-30 13:49:00",131115,11.8,37.14,895,894,894,894,893,894,894,894,893,30.05,26.32,31.44,30.27,31.48,30.79,27.47,28.58,27.61,36.1,37.3,37,36.8,35.8,36.6,37.1,36.3,36
"2026-09-30 13:50:00",131116,11.82,37.15,894,894,894,894,893,894,894,894,893,29.43,27.09,30.32,33.77,32.2,30.9,27.55,28.64,27.46,35.9,37,36.7,36.5,35.5,36.4,36.9,36.1,35.9
"2026-09-30 13:51:00",131117,11.78,37.16,894,894,894,894,893,894,894,894,893,28.69,26.01,29.2,37.52,31.96,30.61,27.45,28.01,26.44,35.8,36.8,36.5,36.3,35.4,36.2,36.7,35.9,35.7
"2026-09-30 13:52:00",131118,11.78,37.17,894,894,894,894,893,894,894,894,893,30,26.31,28.93,40.81,31.83,31.7,27.33,27.81,26.65,35.7,36.6,36.3,36.2,35.3,36,36.6,35.8,35.6
"2026-09-30 13:53:00",131119,11.75,37.18,894,894,894,894,893,894,894,894,893,30.53,27.44,29.69,43.64,32.88,32.3,28.59,28.13,27.77,35.7,36.5,36.2,36.2,35.3,36,36.5,35.7,35.5
"2026-09-30 13:54:00",131120,11.78,37.19,894,894,894,894,893,894,894,894,893,30.1,28.25,30.86,46.21,32.85,32.58,28.74,28.92,27.15,35.8,36.5,36.2,36.2,35.3,36,36.5,35.7,35.6
"2026-09-30 13:55:00",131121,11.81,37.2,894,894,894,894,893,894,894,894,893,31.13,27.32,30.81,49.45,32.58,32.33,28.36,29.7,28.04,36.3,36.7,36.4,36.7,35.5,36.3,37,35.9,36.1
"2026-09-30 13:56:00",131122,11.76,37.2,894,894,894,894,893,894,894,894,893,31.01,29.41,31.78,53,34.23,34.03,29.3,31,28,36.9,37.3,36.9,37.2,36,36.7,37.3,36.3,36.6
"2026-09-30 13:57:00",131123,11.76,37.21,894,894,894,894,893,894,894,894,893,28.42,27.81,30.09,55.83,33.84,31.7,28.21,29.35,25.95,37.5,37.9,37.4,37.8,36.5,37.2,38.2,36.5,37.3
"2026-09-30 13:58:00",131124,11.75,37.22,894,894,894,894,893,894,894,894,893,28.17,26.49,28.75,58.1,32.22,31.69,26.18,27.8,25.26,38,38.4,37.9,38.4,36.9,37.7,38.6,37.1,37.7
"2026-09-30 13:59:00",131125,11.79,37.23,894,894,894,894,893,894,894,894,893,26.33,25.15,27.48,58.1,30.17,29.61,25.21,26.91,24.39,38,38.5,38,38.4,37.1,37.9,38.8,37.3,37.9
"2026-09-30 14:00:00",131126,11.81,37.24,894,894,894,894,893,894,894,894,893,26.2,24.41,26.55,58.1,29.51,28.86,24.54,26.63,23.65,38.1,38.5,38.1,38.4,37.2,38,38.9,37.3,38
"2026-09-30 14:01:00",131127,11.72,37.26,894,894,894,894,893,894,894,894,893,26.35,24.86,26.7,36.55,28.39,28.43,24.54,26.63,23.58,38.1,38.5,38.1,38.9,37.3,38.1,38.9,37.3,38
"2026-09-30 14:02:00",131128,11.76,37.27,894,894,894,894,893,894,894,894,893,26.32,23.77,26.5,29.83,29.25,28.1,24.1,25.69,23.45,38,38.5,38.2,38.8,37.3,38.1,39,37.5,38
"2026-09-30 14:03:00",131129,11.81,37.28,894,894,894,894,893,894,894,894,893,26.44,24.43,26.53,30.51,32.52,28.68,24.62,26.02,23.62,37.9,38.5,38.1,38.7,37.3,38.1,38.9,37.5,38
"2026-09-30 14:04:00",131130,11.81,37.29,894,894,894,894,893,894,894,894,893,26.57,23.65,25.85,30.54,35.64,29.04,25.04,26.46,24.12,37.8,38.4,38,38.5,37.3,38,38.8,37.5,37.8
"2026-09-30 14:05:00",131131,11.78,37.3,894,894,894,894,893,894,894,894,893,26.88,24.35,26.63,30.54,38.1,28.95,24.89,26.03,24.08,37.7,38.3,37.9,38.3,37.3,37.9,38.7,37.4,37.7
"2026-09-30 14:06:00",131132,11.76,37.31,894,894,894,894,893,894,894,894,893,26.37,24.33,26.55,28.68,40.36,27.86,24.8,26.2,23.67,37.5,38.1,37.8,38.1,37.3,37.8,38.6,37.3,37.5
"2026-09-30 14:07:00",131133,11.8,37.32,894,894,894,894,893,894,894,894,893,26.29,23.58,26.32,27.62,42.42,28.35,24.6,25.94,24.3,37.3,37.9,37.6,37.9,37.2,37.6,38.4,37.2,37.3
"2026-09-30 14:08:00",131134,11.76,37.33,894,894,894,894,893,894,894,894,893,26.78,24.55,26.27,29.24,44.06,28.16,24.74,26.34,24.42,37.1,37.7,37.4,37.6,37.2,37.4,38.2,37.1,37.1
"2026-09-30 14:09:00",131135,11.78,37.35,894,894,894,894,893,894,894,894,893,26.94,24.41,26.26,29.18,45.75,28.74,24.81,25.78,24.72,36.9,37.5,37.2,37.4,37.1,37.2,38,37,37
"2026-09-30 14:10:00",131136,11.81,37.36,894,894,894,893,893,894,894,894,893,27.86,24.99,26.53,29.84,47.16,29.32,25.15,25.91,24.94,36.7,37.3,37,37.1,37,37.1,37.8,36.8,36.8
"2026-09-30 14:11:00",131137,11.79,37.37,894,894,894,893,893,894,894,894,893,27.38,23.93,27.33,30.09,48.68,29.52,25.46,26.65,24.59,36.6,37.1,36.9,36.9,36.9,36.9,37.7,36.7,36.6
"2026-09-30 14:12:00",131138,11.78,37.38,894,894,894,893,893,894,894,894,893,27.34,24.67,26.48,30.05,50.27,29.52,25.81,26.11,24.86,36.4,36.9,36.7,36.8,36.8,36.9,37.4,36.6,36.4
"2026-09-30 14:13:00",131139,11.8,37.39,894,894,894,893,893,894,894,894,893,28.29,25.21,27.1,30.02,42.71,29.17,25.61,26.59,25.09,36.3,36.8,36.5,36.6,36.8,36.7,37.4,36.5,36.3
"2026-09-30 14:14:00",131140,11.79,37.41,894,894,894,893,893,894,894,894,893,28.4,26.3,27.57,31.05,35.05,30.21,26.41,27.17,25.62,36.2,36.6,36.4,36.4,36.6,36.5,37.2,36.3,36.2
"2026-09-30 14:15:00",131141,11.76,37.42,894,893,894,893,893,894,894,894,893,28.84,26.09,28.15,30.76,33.11,33.03,26.61,27.19,25.92,36.1,36.6,36.3,36.3,36.4,36.5,37.1,36.3,36.1
"2026-09-30 14:16:00",131142,11.82,37.43,894,893,894,893,893,894,894,894,893,28.08,25.43,27.32,30.14,32.04,36.07,26.3,26.78,25,36,36.5,36.2,36.2,36.3,36.5,37,36.2,35.9
"2026-09-30 14:17:00",131143,11.81,37.44,894,893,894,893,893,894,894,894,893,28.27,25.76,27.47,30.91,31.38,36.07,26.27,26.48,25.3,35.9,36.4,36.1,36,36.1,36.5,36.8,36.1,35.8
"2026-09-30 14:18:00",131144,11.8,37.45,894,893,894,893,893,894,894,894,893,28.42,25.44,27.21,31.06,31.09,36.07,26.3,26.48,25.51,35.8,36.3,36,35.9,36,36.5,36.7,36.1,35.7
"2026-09-30 14:19:00",131145,11.77,37.47,894,893,894,893,893,894,894,894,893,28.55,25.85,27.31,30.16,31.3,42.93,25.42,26.11,25.61,35.7,36.2,35.9,35.7,35.8,36.4,36.6,35.9,35.6
"2026-09-30 14:20:00",131146,11.8,37.48,894,893,894,893,893,894,894,894,893,28.72,26.1,28.09,31.21,31.73,44.61,26.05,27.17,25.61,35.6,36.1,35.8,35.6,35.7,36.4,36.5,35.8,35.6
"2026-09-30 14:21:00",131147,11.81,37.49,894,893,894,893,893,894,894,894,893,28.61,25.87,27.98,31.74,31.46,46.14,26.72,27.01,26.32,35.5,36,35.7,35.5,35.6,36.4,36.4,35.8,35.4
"2026-09-30 14:22:00",131148,11.82,37.5,894,893,894,893,893,894,894,894,893,29.09,26.63,28.1,32.47,31.6,47.64,27.47,27.77,26.75,35.5,35.9,35.6,35.4,35.5,36.4,36.3,35.7,35.4
"2026-09-30 14:23:00",131149,11.77,37.51,894,893,894,893,893,894,894,894,893,29.13,26.97,28.66,32.98,32.86,49.01,27.92,28.33,27.35,35.4,35.8,35.5,35.3,35.4,36.4,36.2,35.7,35.3
"2026-09-30 14:24:00",131150,11.78,37.53,894,893,894,893,893,894,894,894,893,29.05,27.03,28.65,32.58,32.77,50.31,27.02,28.25,26.26,35.4,35.8,35.5,35.2,35.3,36.4,36.1,35.6,35.2
"2026-09-30 14:25:00",131151,11.77,37.54,894,893,894,893,893,894,894,894,893,29.41,26.8,28.78,31.57,32.05,46.28,27.37,27.98,26.26,35.3,35.7,35.4,35.1,35.2,36.4,36,35.6,35.2
"2026-09-30 14:26:00",131152,11.8,37.55,894,893,894,893,893,894,894,893,893,29.18,27.22,28.71,31.78,31.43,36.21,27.44,27.73,27.1,35.2,35.6,35.3,35,35.1,36.3,35.9,35.5,35.1
"2026-09-30 14:27:00",131153,11.78,37.56,894,893,894,893,893,894,894,893,893,28.37,26.02,27.83,31.49,31.6,33.92,28.51,27.01,26.56,35.1,35.6,35.3,34.9,35,36.2,35.8,35.5,35
"2026-09-30 14:28:00",131154,11.76,37.57,894,893,894,893,893,893,894,893,893,28.59,26.15,27.89,32.22,30.08,33.68,31.23,26.93,26.12,35,35.5,35.2,34.8,34.9,36.1,35.8,35.4,34.9
"2026-09-30 14:29:00",131155,11.81,37.58,894,893,894,893,893,893,894,893,893,28.72,26.08,28.74,32.6,31.45,34.09,33.61,27.53,26.12,35,35.4,35.1,34.7,34.8,35.9,35.7,35.3,34.9
"2026-09-30 14:30:00",131156,11.77,37.6,894,893,894,893,893,893,894,893,893,30.36,27.14,30.34,32.85,31.94,34.9,35.64,29.44,28,34.9,35.3,35,34.6,34.7,35.8,35.7,35.2,34.8
"2026-09-30 14:31:00",131157,11.78,37.61,894,893,894,893,893,894,894,893,893,31.28,28.52,31.59,34.21,34.07,35.53,37.43,29.03,28.82,34.8,35.2,34.9,34.5,34.6,35.6,35.6,35.1,34.7
"2026-09-30 14:32:00",131158,11.76,37.62,894,893,894,893,893,893,894,893,893,31.81,28.58,30.86,34.98,34.45,33.66,39.07,30.09,29.32,34.7,35.1,34.8,34.4,34.5,35.5,35.5,35,34.6
"2026-09-30 14:33:00",131159,11.74,37.63,894,893,894,893,893,893,893,893,893,30.6,28.3,31.05,34.89,34.83,33.55,40.52,30.02,28.23,34.6,35.1,34.7,34.3,34.4,35.3,35.5,35,34.5
"2026-09-30 14:34:00",131160,11.8,37.64,894,893,894,893,893,893,893,893,893,30.52,27.86,30.27,35.27,34.81,34.16,41.92,30.02,27.72,34.5,35,34.6,34.1,34.3,35.1,35.4,35,34.4
"2026-09-30 14:35:00",131161,11.81,37.65,894,893,894,893,893,893,893,893,893,30.54,28.1,30.05,34.92,34.33,33.83,43.26,29.25,28.14,34.5,34.9,34.5,34,34.2,35,35.4,34.7,34.3
"2026-09-30 14:36:00",131162,11.78,37.66,894,893,894,893,893,893,893,893,893,30.82,28.1,30.2,34.34,33.73,33.86,44.36,28.81,28.06,34.4,34.9,34.4,34,34.1,34.9,35.3,34.7,34.3
"2026-09-30 14:37:00",131163,11.75,37.68,894,893,894,893,893,893,893,893,893,30.08,27.75,29.91,34.19,33.3,33.95,45.45,28.81,27.71,34.3,34.8,34.3,33.9,34,34.7,35.3,34.7,34.2
"2026-09-30 14:38:00",131164,11.8,37.69,894,893,894,893,893,893,893,893,893,30.73,28.18,29.79,34.2,34.06,33.61,36.11,28.89,28.5,34.2,34.7,34.3,33.8,33.9,34.6,35.2,34.5,34.1
"2026-09-30 14:39:00",131165,11.81,37.7,894,893,894,893,893,893,893,893,893,31.6,29.13,31.23,34.76,33.96,33.97,32.74,29.47,29.09,34.2,34.7,34.2,33.7,33.8,34.5,35.1,34.4,34
"2026-09-30 14:40:00",131166,11.76,37.71,894,893,894,893,893,893,893,893,893,31.97,29.82,31.91,35.37,34.4,34.12,32.25,31.5,29.32,34,34.6,34.1,33.6,33.7,34.3,34.9,34.3,33.9
"2026-09-30 14:41:00",131167,11.78,37.72,894,893,894,893,893,893,893,893,893,32.1,29.44,31.83,34.58,34.35,33.93,31.48,33.45,29.31,33.9,34.5,34,33.5,33.6,34.2,34.8,34.2,33.8
"2026-09-30 14:42:00",131168,11.82,37.73,894,893,894,893,893,893,893,893,893,32.19,30.03,31.66,34.52,34.19,33.94,31.35,34.87,29.56,33.8,34.3,33.9,33.3,33.5,34,34.6,34.1,33.7
"2026-09-30 14:43:00",131169,11.78,37.74,894,893,894,893,893,893,893,893,893,32.53,29.59,32.28,34.86,34.47,34.28,31.02,36.21,29.58,33.7,34.2,33.8,33.2,33.4,33.9,34.4,34,33.6
"2026-09-30 14:44:00",131170,11.78,37.75,894,893,894,893,893,893,893,893,893,33.08,29.71,32.17,34.54,34.63,34.46,31.2,37.31,29.51,33.5,34.1,33.7,33.1,33.3,33.8,34.2,34,33.5
"2026-09-30 14:45:00",131171,11.79,37.76,894,893,894,893,893,893,893,893,893,32.54,30.23,32.44,35.2,34.8,34.03,31.61,38.29,29.72,33.4,34,33.6,33,33.1,33.6,34,33.9,33.3
"2026-09-30 14:46:00",131172,11.76,37.77,894,893,894,893,893,893,893,893,893,32.7,29.58,31.99,35.92,34.76,33.48,30.97,39.21,29.56,33.2,33.8,33.4,32.8,33,33.5,33.8,33.8,33.1
"2026-09-30 14:47:00",131173,11.77,37.79,894,893,894,893,893,893,893,893,893,33.97,30.82,33.04,35.08,35.04,34.47,32.16,39.81,30.87,33,33.6,33.3,32.7,32.8,33.3,33.6,33.7,32.9
"2026-09-30 14:48:00",131174,11.83,37.79,894,893,894,893,893,893,893,893,893,34.41,31.87,33.53,36.08,34.97,34.62,32.32,40.48,31.34,32.8,33.4,33.1,32.5,32.6,33.1,33.3,33.5,32.7
"2026-09-30 14:49:00",131175,11.77,37.8,894,893,894,893,893,893,894,893,893,34.92,31.51,33.69,36.35,35.97,35.31,33.07,41.14,31.88,32.5,33.1,33,32.3,32.4,32.9,33.1,33.4,32.5
"2026-09-30 14:50:00",131176,11.76,37.81,894,893,894,893,893,893,894,893,893,35.38,31.79,34.47,36.99,37.11,35.28,33.75,41.08,32.07,32.3,32.9,32.7,32.1,32.2,32.7,32.8,33.2,32.2
"2026-09-30 14:51:00",131177,11.77,37.82,894,893,894,893,893,893,894,893,893,35.44,32.53,34.36,37.21,37.11,35.43,33.55,35.5,32.28,32.1,32.7,32.5,31.9,32,32.5,32.6,33,32
"2026-09-30 14:52:00",131178,11.81,37.83,894,893,894,893,893,893,894,893,893,35.55,31.93,34.47,37.48,37.31,35.53,33.89,34.46,33.34,31.8,32.4,32.3,31.7,31.8,32.3,32.3,32.8,31.8
"2026-09-30 14:53:00",131179,11.75,37.84,894,893,894,893,893,893,894,893,893,36.82,33.24,35.63,37.51,38,36.73,34.98,34.61,35.14,31.6,32.2,32,31.5,31.6,32.1,32.1,32.5,31.5
"2026-09-30 14:54:00",131180,11.8,37.85,894,893,894,893,893,893,894,893,893,37.6,33.97,36.31,38.95,38.6,37.43,35.99,35.31,35.97,31.4,31.9,31.9,31.4,31.4,31.9,31.9,32.3,31.4
"2026-09-30 14:55:00",131181,11.82,37.85,894,893,894,893,893,893,894,893,893,38.24,34.71,37.04,38.77,39.38,38.04,36.36,35.5,38.21,31.1,31.7,31.7,31.2,31.2,31.7,31.6,32.1,31.2
"2026-09-30 14:56:00",131182,11.77,37.86,894,893,894,893,893,893,893,893,893,38.09,34.12,36.89,39.89,39.95,37.66,36.79,35.5,39.54,30.9,31.5,31.5,31,31,31.5,31.4,32.1,31
"2026-09-30 14:57:00",131183,11.75,37.87,894,893,894,893,893,893,893,893,893,39.06,35.33,37.68,39.77,40.16,38.55,37.65,36.87,40.64,30.7,31.3,31.3,30.8,30.8,31.3,31.2,31.6,30.8
"2026-09-30 14:58:00",131184,11.8,37.87,894,893,894,893,893,893,893,893,893,40.03,36.46,38.57,40.01,40.86,39.53,38.45,37.81,41.72,30.5,31.1,31.1,30.7,30.6,31.1,30.9,31.4,30.6
"2026-09-30 14:59:00",131185,11.77,37.88,894,893,894,893,893,893,894,893,893,40.6,36.96,39.62,40.77,41.79,40.18,39,38.27,42.71,30.3,30.9,30.9,30.5,30.4,30.9,30.7,31.1,30.5
"2026-09-30 15:00:00",131186,11.75,37.88,894,893,894,893,893,893,894,893,893,41.78,37.67,40.14,41.7,42.51,40.83,40.35,39.13,43.64,30.1,30.6,30.7,30.3,30.2,30.7,30.5,30.9,30.3
"2026-09-30 15:01:00",131187,11.77,37.88,894,893,894,893,893,893,894,893,893,42.73,38.53,41.11,42.74,43.56,41.81,40.83,39.96,44.44,29.9,30.4,30.5,30.1,30,30.5,30.3,30.7,30.1
"2026-09-30 15:02:00",131188,11.76,37.89,894,893,894,893,893,893,894,893,893,43.97,39.46,42.21,43.28,44.62,43.18,42,41.07,45.25,29.7,30.2,30.3,30,29.9,30.3,30.1,30.5,30
"2026-09-30 15:03:00",131189,11.79,37.89,894,893,894,893,893,893,894,893,893,44.76,40.65,43.24,43.86,45.26,43.86,42.51,41.5,45.25,29.5,30,30.1,29.8,29.7,30.1,29.9,30.3,30
"2026-09-30 15:04:00",131190,11.76,37.89,894,893,894,893,893,893,894,893,893,46.05,41.89,43.82,44.8,46.69,45.2,44.19,43.98,42.13,29.3,29.8,29.9,29.6,29.5,29.9,29.7,30.1,29.7
"2026-09-30 15:05:00",131191,11.74,37.89,894,893,894,893,893,893,894,893,893,48.65,42.85,44.69,45.22,47.5,45.68,44.67,44.69,42.13,29.1,29.6,29.8,29.5,29.3,29.8,29.5,29.9,29.7
"2026-09-30 15:06:00",131192,11.77,37.89,894,893,894,893,893,894,894,893,893,50.95,43.48,44.84,45.99,48.56,45.59,45.35,45.13,42.47,29,29.4,29.6,29.3,29.1,29.6,29.4,29.6,29.2
"2026-09-30 15:07:00",131193,11.82,37.89,894,893,894,893,893,894,894,894,893,52.91,43.56,45.65,47.35,48.69,47.88,48.21,46.99,43.6,28.8,29.2,29.4,29.1,29,29.4,29.1,29.4,29.1
"2026-09-30 15:08:00",131194,11.82,37.89,894,893,894,893,893,894,894,894,893,54.35,50.04,50.6,55.06,56.48,47.88,56.74,54.16,53.27,28.6,29,29.2,28.9,28.8,29.4,28.8,29.1,28.7
"2026-09-30 15:09:00",131195,11.76,37.89,894,893,894,893,893,894,894,894,893,55.19,55.57,57.47,57.88,66.21,64.04,59.58,58.6,57.85,28.3,28.5,28.9,28.5,28.4,28.7,28.3,29,28.2
"2026-09-30 15:10:00",131196,11.81,37.89,894,893,894,893,893,894,894,894,893,56.65,58.19,60.37,58.85,69.53,64.97,60.29,62.28,59.01,28,27.8,28.3,28,27.8,28.5,27.7,28.1,27.9
"2026-09-30 15:11:00",131197,11.79,37.88,894,893,894,893,893,894,894,894,893,59.24,55.51,58.12,59.38,69.85,64.85,60.04,62.64,58.53,27.6,27,27.6,27.2,27.1,27.5,27,27.4,26.7
"2026-09-30 15:12:00",131198,11.77,37.88,894,893,894,893,893,894,894,894,893,61.6,58.45,61.33,62.04,72.17,66.27,62.94,64.26,61.02,27.2,26.1,26.9,26.5,26.8,26.8,26.2,26.7,26
"2026-09-30 15:13:00",131199,11.81,37.87,894,893,894,893,893,893,894,894,893,63.63,64.37,64.15,66.67,74.95,69.15,66.05,67.37,63.3,26.8,25.3,26.2,25.8,25.8,26.1,25.5,26,25.7
"2026-09-30 15:14:00",131200,11.76,37.87,894,893,894,893,893,894,894,894,893,65.89,66.41,66.87,69.85,78.42,71.8,68.07,71.27,67.11,26.4,24.6,25.6,25.2,25.2,25.5,24.9,25.3,24.7
"2026-09-30 15:15:00",131201,11.77,37.86,894,893,894,893,893,894,894,894,893,66.48,68.98,68.25,71.02,80.7,72.8,70.09,72.57,68.38,26,24,25,24.7,24.6,25,24.4,24.7,24.1
"2026-09-30 15:16:00",131202,11.82,37.85,894,893,894,893,893,894,894,894,893,71.34,73.37,72.04,73.53,84.8,75.16,73.42,77.52,70.58,25.7,23.5,24.5,24.2,24.1,24.5,23.9,24.2,23.9
"2026-09-30 15:17:00",131203,11.77,37.84,894,893,894,893,893,894,894,894,893,76.47,76.78,74.39,76,87.9,77.9,76.24,81.5,74.4,25.3,23.1,24,23.8,23.7,24,23.4,23.8,23.2
"2026-09-30 15:18:00",131204,11.81,37.83,894,893,894,893,893,894,894,894,893,81.9,83,77.44,78.34,91.5,79.69,78.4,84.1,76.24,24.9,22.8,23.6,23.5,23.4,23.6,23.1,23.4,22.8
"2026-09-30 15:19:00",131205,11.8,37.82,894,893,894,893,893,894,894,894,893,86.8,85.8,80.8,79.81,94.2,82.9,81.1,86.9,76.24,24.5,22.6,23.3,23.2,23,23.3,22.8,23,22.8
"2026-09-30 15:20:00",131206,11.77,37.8,894,893,894,893,893,894,894,894,893,93,88.6,83.4,83,96.1,85.4,83.8,90.6,83.5,24,22.4,23,23,22.8,23.1,22.5,22.7,22.2
"2026-09-30 15:21:00",131207,11.76,37.79,894,894,894,893,893,894,894,894,893,96.4,90.1,85.4,84.2,98.3,86.3,85.7,93.3,85.7,23.7,22.3,22.8,22.8,22.5,22.9,22.3,22.5,22
"2026-09-30 15:22:00",131208,11.77,37.77,895,894,894,894,893,894,894,894,893,100,91.6,87.5,85.9,100,89.1,87.5,93.3,86.7,23.3,22.2,22.6,22.6,22.3,22.6,22.1,22.5,21.9
"2026-09-30 15:23:00",131209,11.78,37.75,895,894,894,894,893,894,894,894,893,100,92.7,88.9,86.4,100,91.1,89.2,97.1,88.8,23,22.1,22.4,22.4,22.1,22.5,21.9,22.1,21.6
"2026-09-30 15:24:00",131210,11.77,37.73,895,894,894,894,893,894,894,894,893,100,93,90.2,87.8,100,92.3,89.8,98.1,89.8,22.6,22,22.2,22.3,22,22.3,21.8,21.9,21.4
"2026-09-30 15:25:00",131211,11.82,37.71,895,894,895,894,893,894,894,894,893,100,92.8,92,89.6,100,93.1,91.2,100,91.3,22.4,22,22.1,22.1,21.8,22.2,21.6,21.7,21.3
"2026-09-30 15:26:00",131212,11.78,37.69,895,894,895,894,894,894,894,894,893,100,93.5,93.8,90.5,100,94.4,92.4,100,92.7,22.1,21.9,22,22,21.7,22,21.5,21.6,21.2
"2026-09-30 15:27:00",131213,11.74,37.66,895,894,895,894,894,894,894,894,893,100,93.2,94.2,91.9,100,95,92.7,100,93,21.8,21.8,21.9,21.9,21.6,21.9,21.4,21.5,21.1
"2026-09-30 15:28:00",131214,11.77,37.64,895,894,895,894,894,894,894,895,893,100,92.8,94.9,91.6,100,95,93,100,92.8,21.6,21.8,21.8,21.8,21.5,21.8,21.3,21.4,21
"2026-09-30 15:29:00",131215,11.81,37.61,895,894,895,894,894,894,895,895,894,100,90.1,94.7,91.1,100,94.3,91.5,100,91.6,21.4,21.6,21.6,21.6,21.4,21.7,21.2,21.2,20.8
"2026-09-30 15:30:00",131216,11.76,37.59,895,894,895,894,894,894,895,895,894,100,86.4,96.1,87.8,100,93.3,90,100,90.4,21.1,21.4,21.5,21.5,21.2,21.6,21,21.1,20.6
"2026-09-30 15:31:00",131217,11.82,37.56,895,894,895,894,894,894,895,895,893,100,86.1,97.4,88.3,100,93,90.5,100,91.3,20.9,21.3,21.4,21.3,21.1,21.5,21,21,20.5
"2026-09-30 15:32:00",131218,11.78,37.53,895,894,894,894,894,894,894,894,893,100,86.6,98.2,88,100,93.1,90.6,100,90.2,20.7,21,21.3,21.1,21,21.3,20.8,20.8,20.3
"2026-09-30 15:33:00",131219,11.79,37.5,895,894,894,894,894,894,894,894,893,100,84.4,98.1,86.6,100,92.2,89.1,100,88.5,20.5,20.8,21.1,21,20.8,21.2,20.6,20.7,20.1
"2026-09-30 15:34:00",131220,11.81,37.47,895,894,894,894,894,894,894,894,893,100,85.3,98.5,86.3,100,91.9,89.5,100,89.8,20.3,20.6,21,20.8,20.6,21,20.4,20.5,20
"2026-09-30 15:35:00",131221,11.79,37.43,895,894,894,894,894,894,894,894,893,100,85.7,99.1,85.7,100,93,89.6,100,88.6,20.1,20.4,20.9,20.6,20.5,20.9,20.3,20.4,19.8
"2026-09-30 15:36:00",131222,11.77,37.4,895,894,894,893,893,894,894,894,893,100,86.1,100,87.6,100,94.1,90.3,100,90.3,19.9,20.2,20.9,20.4,20.3,20.7,20.2,20.3,19.6
"2026-09-30 15:37:00",131223,11.81,37.36,894,894,894,893,893,894,894,894,893,100,90.1,100,92.7,100,95.1,91.9,100,91.8,19.8,20.1,20.8,20.3,20.2,20.6,20.1,20.2,19.6
"2026-09-30 15:38:00",131224,11.79,37.32,894,894,894,893,893,894,894,894,893,100,90.6,100,95.7,100,96,93.4,100,93.5,19.7,20,20.8,20.2,20.1,20.5,20,20.1,19.5
"2026-09-30 15:39:00",131225,11.8,37.28,894,893,894,893,893,894,894,894,893,100,95.3,100,97.1,100,98.1,96,100,95.6,19.6,19.9,20.7,20.1,20,20.5,20,20,19.4
"2026-09-30 15:40:00",131226,11.74,37.24,894,893,894,893,893,894,894,894,893,100,96.2,100,98.2,100,99.6,97.8,100,97.9,19.6,19.9,20.7,20.1,20,20.4,19.9,20,19.4
"2026-09-30 15:41:00",131227,11.82,37.2,894,894,894,893,893,894,894,894,893,100,97.2,100,98.7,100,100,98.9,100,98.1,19.6,19.8,20.7,20.1,19.9,20.4,19.9,19.9,19.4
"2026-09-30 15:42:00",131228,11.78,37.16,895,894,894,893,893,894,894,894,893,100,97.7,100,99.6,100,100,99.1,100,98.1,19.6,19.8,20.7,20.1,19.9,20.4,19.9,19.9,19.4
"2026-09-30 15:43:00",131229,11.82,37.11,894,894,894,893,893,894,894,894,893,100,98.1,100,100,100,100,99.6,100,99.6,19.6,19.8,20.7,20.1,19.9,20.4,19.9,19.9,19.4
"2026-09-30 15:44:00",131230,11.8,37.07,895,894,894,893,893,894,894,894,893,100,98.1,100,100,100,100,100,100,100,19.6,19.8,20.6,20.2,19.9,20.4,19.9,19.9,19.5
"2026-09-30 15:45:00",131231,11.8,37.02,894,894,894,893,893,894,894,894,893,100,99,100,100,100,100,100,100,100,19.6,19.8,20.6,20.2,19.9,20.4,19.9,19.9,19.5
"2026-09-30 15:46:00",131232,11.78,36.98,894,894,894,893,893,894,894,894,893,100,98.8,100,100,100,100,100,100,100,19.6,19.8,20.6,20.3,19.9,20.4,20,19.9,19.5
"2026-09-30 15:47:00",131233,11.77,36.93,894,894,894,893,893,894,894,894,893,100,99.2,100,100,100,100,100,100,100,19.7,19.9,20.6,20.4,19.9,20.4,20,20,19.5
"2026-09-30 15:48:00",131234,11.82,36.88,894,894,894,893,893,894,894,894,893,100,99.3,100,100,100,100,100,100,100,19.7,19.9,20.6,20.4,20,20.4,20,20,19.6
"2026-09-30 15:49:00",131235,11.75,36.84,894,893,894,893,893,894,894,894,893,100,99.4,100,100,100,100,100,100,100,19.7,19.9,20.6,20.5,20,20.5,20,20,19.6
"2026-09-30 15:50:00",131236,11.76,36.79,894,893,894,893,893,894,894,894,893,100,99.4,100,100,100,100,100,100,100,19.7,19.9,20.6,20.6,20,20.5,20.1,20,19.6
"2026-09-30 15:51:00",131237,11.82,36.74,894,894,894,893,893,894,894,894,893,100,100,100,100,100,100,100,100,100,19.8,20,20.6,20.6,20,20.5,20.1,20,19.7
"2026-09-30 15:52:00",131238,11.79,36.69,894,893,894,893,893,894,894,894,893,100,100,100,100,100,100,100,100,100,19.8,20,20.6,20.7,20.1,20.5,20.1,20.1,19.7
"2026-09-30 15:53:00",131239,11.77,36.64,894,893,894,893,893,894,894,894,893,100,100,100,100,100,100,100,100,100,19.8,20,20.6,20.7,20.1,20.6,20.2,20.1,19.8
"2026-09-30 15:54:00",131240,11.76,36.59,894,893,894,893,893,894,894,894,893,100,100,100,100,100,100,100,100,100,19.9,20.1,20.6,20.8,20.2,20.6,20.2,20.1,19.8
"2026-09-30 15:55:00",131241,11.79,36.54,894,893,894,893,893,894,894,894,893,100,100,100,100,100,100,100,100,100,19.9,20.1,20.7,20.8,20.2,20.6,20.2,20.2,19.9
"2026-09-30 15:56:00",131242,11.79,36.49,894,893,894,893,893,893,894,894,893,100,100,100,100,100,100,100,100,100,19.9,20.2,20.7,20.8,20.3,20.7,20.3,20.2,19.9
"2026-09-30 15:57:00",131243,11.82,36.44,894,893,894,893,893,893,894,894,893,100,100,100,100,100,100,100,100,100,20,20.2,20.7,20.8,20.3,20.7,20.3,20.2,19.9
"2026-09-30 15:58:00",131244,11.77,36.39,894,893,894,893,893,893,894,894,893,100,100,100,99.8,100,100,100,100,100,20,20.2,20.7,20.8,20.4,20.7,20.3,20.3,19.9
"2026-09-30 15:59:00",131245,11.77,36.34,894,893,894,893,893,893,894,894,893,100,100,100,99.9,100,100,100,100,100,20,20.3,20.8,20.8,20.5,20.8,20.4,20.3,20
"2026-09-30 16:00:00",131246,11.81,36.29,894,893,894,893,893,893,894,894,893,100,100,100,100,100,100,100,100,100,20,20.3,20.8,20.9,20.5,20.8,20.4,20.3,20
"2026-09-30 16:01:00",131247,11.78,36.24,894,893,894,893,893,893,894,894,892,100,100,100,99.7,100,100,100,100,100,20,20.3,20.8,20.8,20.6,20.8,20.4,20.4,20
"2026-09-30 16:02:00",131248,11.81,36.19,894,893,894,893,893,893,894,894,892,100,100,100,99.7,100,100,100,100,100,20.1,20.4,20.9,20.8,20.7,20.9,20.4,20.4,20
"2026-09-30 16:03:00",131249,11.75,36.14,894,893,894,893,893,893,894,894,892,100,100,100,100,100,100,100,100,100,20.1,20.4,20.9,20.9,20.7,20.9,20.5,20.4,20
"2026-09-30 16:04:00",131250,11.78,36.09,894,893,894,893,893,893,893,894,892,100,100,100,100,100,100,100,100,100,20.1,20.4,20.9,20.9,20.8,20.9,20.5,20.5,20.1
"2026-09-30 16:05:00",131251,11.78,36.04,894,893,894,893,893,893,893,893,892,100,100,100,100,100,100,100,100,100,20.2,20.5,21,20.9,20.9,21,20.5,20.5,20.1
"2026-09-30 16:06:00",131252,11.75,35.99,894,893,894,893,893,893,893,893,892,100,100,100,100,100,100,100,100,100,20.2,20.5,21,20.9,20.9,21,20.6,20.6,20.1
"2026-09-30 16:07:00",131253,11.79,35.94,894,893,894,893,893,893,893,893,892,100,100,100,100,100,100,100,100,100,20.3,20.6,21,20.9,21,21,20.6,20.6,20.2
"2026-09-30 16:08:00",131254,11.75,35.89,894,893,894,893,893,893,893,893,892,100,100,100,99.9,100,100,100,100,99,20.3,20.6,21.1,20.9,20.9,21.1,20.6,20.6,20.2
"2026-09-30 16:09:00",131255,11.82,35.84,894,893,894,893,893,893,893,893,892,100,99.4,100,99.8,100,100,100,100,98.3,20.3,20.6,21.1,21,20.9,21.2,20.7,20.7,20.2
"2026-09-30 16:10:00",131256,11.78,35.79,894,893,894,893,893,893,893,893,892,100,99.6,100,99.6,100,100,100,100,99.3,20.3,20.7,21.1,21,20.9,21.3,20.7,20.7,20.2
"2026-09-30 16:11:00",131257,11.76,35.74,894,893,894,893,893,893,893,893,892,100,98,100,99.4,100,100,99.8,100,98.5,20.3,20.7,21.2,21,20.8,21.4,20.7,20.7,20.2
"2026-09-30 16:12:00",131258,11.8,35.7,894,893,894,893,893,893,893,893,892,100,98.7,100,99.2,100,100,99.1,100,97.6,20.3,20.7,21.2,21,20.8,21.4,20.7,20.7,20.2
"2026-09-30 16:13:00",131259,11.77,35.65,894,893,894,893,893,893,893,893,892,100,96.1,98.7,98.8,100,100,98.3,100,95.4,20.3,20.7,21.2,21,20.8,21.5,20.7,20.7,20.2
"2026-09-30 16:14:00",131260,11.77,35.6,894,893,894,893,893,893,893,893,892,100,95.6,99.1,98.3,100,100,97.8,100,95.1,20.4,20.7,21.2,21,20.7,21.6,20.7,20.7,20.2
"2026-09-30 16:15:00",131261,11.81,35.55,894,893,894,893,893,893,893,893,892,100,97.2,98.5,98.1,100,100,98.4,100,96,20.4,20.7,21.2,20.9,20.7,21.7,20.8,20.7,20.2
"2026-09-30 16:16:00",131262,11.81,35.51,894,893,894,893,893,893,893,893,892,100,98.3,99.7,98.1,100,100,99.4,100,97.6,20.4,20.7,21.2,20.9,20.7,21.8,20.8,20.7,20.2
"2026-09-30 16:17:00",131263,11.75,35.46,894,893,894,893,893,893,893,893,892,100,99.2,100,98.1,100,100,100,100,98.2,20.4,20.7,21.2,20.9,20.6,21.9,20.8,20.7,20.2
"2026-09-30 16:18:00",131264,11.78,35.41,894,893,894,893,893,893,893,893,892,100,99.1,100,98.8,100,100,99.9,100,98.7,20.4,20.7,21.3,20.9,20.6,21.9,20.8,20.7,20.2
"2026-09-30 16:19:00",131265,11.8,35.37,894,893,894,893,893,893,893,893,892,100,98.3,100,99.6,100,100,100,100,99.7,20.4,20.8,21.3,21,20.6,22,20.8,20.8,20.3
"2026-09-30 16:20:00",131266,11.76,35.32,894,893,894,893,893,893,893,893,892,100,99.1,100,100,100,100,100,100,100,20.5,20.8,21.3,21,20.6,22,20.9,20.8,20.4
"2026-09-30 16:21:00",131267,11.78,35.28,894,893,894,893,893,893,893,893,892,100,100,100,100,100,100,100,100,100,20.5,20.8,21.4,21,20.6,22,21,20.8,20.4
"2026-09-30 16:22:00",131268,11.8,35.24,894,893,894,893,893,893,893,893,892,100,99.8,100,100,100,100,100,100,100,20.6,20.9,21.4,21.1,20.6,21.9,21.1,20.8,20.5
"2026-09-30 16:23:00",131269,11.81,35.19,894,893,894,893,893,893,893,893,892,100,98.7,100,100,100,100,100,100,100,20.6,20.9,21.5,21.1,20.6,21.9,21.2,20.8,20.6
"2026-09-30 16:24:00",131270,11.78,35.15,894,893,894,893,893,893,893,893,892,100,99.3,100,100,100,100,100,100,100,20.7,21,21.5,21.2,20.7,21.9,21.4,20.9,20.6
"2026-09-30 16:25:00",131271,11.74,35.11,894,893,894,893,893,893,893,893,892,100,98.3,99.8,100,100,100,100,100,100,20.8,21,21.5,21.2,20.7,21.9,21.6,20.9,20.7
"2026-09-30 16:26:00",131272,11.79,35.06,894,893,894,893,893,893,893,893,892,100,99.3,100,100,100,100,100,100,100,20.8,21,21.6,21.3,20.8,21.9,21.7,21,20.8
"2026-09-30 16:27:00",131273,11.79,35.02,894,893,893,893,893,893,893,893,892,100,100,100,100,100,100,100,100,100,20.9,21.1,21.7,21.3,20.8,21.9,21.9,21,20.9
"2026-09-30 16:28:00",131274,11.82,34.98,894,893,893,893,893,893,893,893,892,100,100,100,100,100,100,100,100,100,21,21.2,21.8,21.4,20.9,21.9,22.1,21.1,21
"2026-09-30 16:29:00",131275,11.8,34.94,894,893,893,893,893,893,893,893,892,100,99.6,100,100,100,100,100,100,100,21,21.3,21.8,21.5,20.9,21.9,22.3,21.1,21.1
"2026-09-30 16:30:00",131276,11.76,34.9,894,893,893,893,893,893,893,893,892,100,99,100,100,100,100,100,100,100,21.1,21.3,21.9,21.5,21,21.9,22.4,21.2,21.1
"2026-09-30 16:31:00",131277,11.8,34.86,894,893,893,893,893,893,893,893,892,100,99.1,99.2,100,100,100,100,100,100,21.2,21.4,22,21.6,21,22,22.5,21.2,21.2
"2026-09-30 16:32:00",131278,11.78,34.82,894,893,893,893,893,893,893,893,892,100,98.5,98,100,100,100,100,100,99.8,21.3,21.4,22,21.6,21,22,22.5,21.3,21.3
"2026-09-30 16:33:00",131279,11.77,34.78,894,893,893,893,893,893,893,893,892,100,98.1,97.7,100,100,100,100,100,99.6,21.3,21.5,22.1,21.7,21.1,22,22.6,21.4,21.4
"2026-09-30 16:34:00",131280,11.76,34.75,894,893,894,893,893,893,893,893,892,100,98.4,99.4,100,100,100,99.1,100,100,21.4,21.6,22.2,21.8,21.1,22,22.5,21.6,21.4
"2026-09-30 16:35:00",131281,11.81,34.71,894,893,894,893,893,893,893,893,892,100,98.1,97.9,100,100,100,97.1,100,99.5,21.5,21.6,22.2,21.8,21.1,22.1,22.5,21.8,21.5
"2026-09-30 16:36:00",131282,11.81,34.67,894,893,894,893,893,893,893,893,892,100,97.6,98.1,100,100,100,97.2,100,100,21.5,21.7,22.3,21.9,21.2,22.1,22.5,22,21.5
"2026-09-30 16:37:00",131283,11.82,34.64,894,893,894,893,893,893,893,893,892,100,97.3,97.8,100,100,100,97.2,100,99.5,21.6,21.8,22.4,21.9,21.2,22.1,22.5,22.3,21.6
"2026-09-30 16:38:00",131284,11.78,34.6,894,893,894,893,893,893,893,893,892,100,95.8,97.4,100,100,100,97.3,100,98.5,21.6,21.8,22.4,22,21.3,22.2,22.5,22.5,21.6
"2026-09-30 16:39:00",131285,11.82,34.56,894,893,894,893,893,893,893,893,892,100,96.3,97.5,100,100,100,97,100,98.5,21.7,21.8,22.5,22.1,21.3,22.2,22.4,22.7,21.6
"2026-09-30 16:40:00",131286,11.81,34.53,894,893,894,893,893,893,893,893,892,100,97.4,98.2,100,100,100,97.3,100,97.8,21.7,21.9,22.5,22.1,21.4,22.2,22.4,22.9,21.7
"2026-09-30 16:41:00",131287,11.81,34.5,894,893,894,893,893,893,893,893,892,100,97.1,98.6,100,100,100,97.4,100,96.9,21.7,21.9,22.6,22.2,21.4,22.3,22.4,23.1,21.8
"2026-09-30 16:42:00",131288,11.77,34.46,894,893,894,893,893,893,893,893,892,100,96.6,97.4,100,100,100,98.2,100,95.9,21.8,21.9,22.6,22.2,21.5,22.3,22.4,23.2,21.8
"2026-09-30 16:43:00",131289,11.77,34.43,894,893,894,893,893,893,893,893,892,100,97.1,96.6,100,100,100,98.3,100,95.6,21.8,22,22.6,22.3,21.5,22.3,22.4,23.3,21.8
"2026-09-30 16:44:00",131290,11.77,34.4,894,893,894,893,893,893,893,893,892,100,96.8,97.2,100,100,100,98.8,100,96,21.8,22,22.6,22.3,21.5,22.3,22.3,23.1,21.8
"2026-09-30 16:45:00",131291,11.74,34.36,894,893,894,893,893,893,893,893,892,100,96.8,97.1,100,100,100,99.2,100,100,21.8,22,22.6,22.3,21.6,22.4,22.3,23.1,21.8
"2026-09-30 16:46:00",131292,11.79,34.33,894,893,894,893,893,893,893,893,892,100,97.2,97.8,100,100,100,99.4,100,100,21.8,22,22.6,22.3,21.6,22.4,22.3,23.1,21.8
"2026-09-30 16:47:00",131293,11.81,34.3,894,893,894,893,893,893,893,893,892,100,96.8,98.1,100,100,100,100,100,100,21.8,22,22.6,22.3,21.6,22.4,22.3,23,21.9
"2026-09-30 16:48:00",131294,11.81,34.27,894,893,894,893,893,893,893,893,892,100,97.4,98,100,100,100,100,100,100,21.8,22,22.7,22.4,21.7,22.4,22.3,22.9,22
"2026-09-30 16:49:00",131295,11.76,34.24,894,893,894,893,893,893,893,893,892,100,97.2,97.9,100,100,100,100,100,100,21.8,22,22.7,22.4,21.7,22.4,22.3,22.8,22.1
"2026-09-30 16:50:00",131296,11.78,34.21,894,893,894,893,893,893,893,894,892,100,97.3,98.6,100,100,100,100,100,100,21.8,22,22.7,22.4,21.7,22.4,22.3,22.7,22.2
"2026-09-30 16:51:00",131297,11.77,34.18,894,893,894,893,893,893,893,893,892,100,97.9,99.1,100,100,100,100,100,100,21.8,22.1,22.7,22.4,21.8,22.5,22.3,22.6,22.3
"2026-09-30 16:52:00",131298,11.77,34.15,894,893,894,893,893,893,893,894,892,100,97.6,99,100,100,100,100,100,100,21.8,22.1,22.7,22.4,21.8,22.5,22.2,22.6,22.4
"2026-09-30 16:53:00",131299,11.78,34.12,894,893,894,893,893,893,893,893,892,100,97.7,98.8,100,100,100,100,100,100,21.8,22.1,22.7,22.5,21.8,22.5,22.2,22.5,22.5
"2026-09-30 16:54:00",131300,11.82,34.09,894,893,894,893,893,893,893,893,892,100,97,99.1,100,100,100,100,100,100,21.8,22.1,22.7,22.5,21.8,22.5,22.2,22.4,22.6
"2026-09-30 16:55:00",131301,11.78,34.06,894,893,894,893,893,893,893,893,892,100,97.8,99,100,100,100,100,100,100,21.9,22.1,22.7,22.5,21.9,22.5,22.2,22.4,22.7
"2026-09-30 16:56:00",131302,11.77,34.03,894,893,894,893,893,893,893,893,892,100,96.9,98.3,100,100,100,100,100,100,21.8,22.1,22.8,22.5,21.9,22.5,22.2,22.3,22.7
"2026-09-30 16:57:00",131303,11.75,34,894,893,894,893,893,893,893,893,892,100,96.3,98.5,100,100,100,100,100,100,21.9,22.1,22.8,22.5,21.9,22.5,22.2,22.3,22.7
"2026-09-30 16:58:00",131304,11.76,33.98,894,893,894,893,893,893,893,893,892,100,96.6,98.1,100,100,100,100,100,99.5,21.9,22.1,22.8,22.5,21.9,22.5,22.2,22.2,22.7
"2026-09-30 16:59:00",131305,11.79,33.95,894,893,894,893,893,893,893,893,892,100,96.8,98.2,99.9,100,100,100,100,98.8,22,22.1,22.8,22.5,21.9,22.5,22.2,22.2,22.6
"2026-09-30 17:00:00",131306,11.77,33.92,894,893,894,893,893,893,893,894,892,100,96.5,98.3,99.9,100,100,100,100,97.6,22,22.1,22.8,22.5,21.9,22.5,22.2,22.2,22.5
"2026-09-30 17:01:00",131307,11.81,33.89,894,893,894,893,893,893,893,894,892,100,96.4,98.4,99.7,100,100,100,100,97.4,22.2,22.1,22.8,22.5,21.9,22.5,22.2,22.1,22.5
"2026-09-30 17:02:00",131308,11.77,33.87,894,893,894,893,893,893,894,894,892,100,96.5,98.7,99.8,100,100,100,100,98.1,22.3,22.1,22.8,22.5,21.9,22.5,22.2,22.1,22.4
"2026-09-30 17:03:00",131309,11.82,33.84,894,893,894,893,893,893,894,894,893,100,97.4,99.5,100,100,100,100,100,99.6,22.4,22.1,22.8,22.5,21.9,22.5,22.2,22.1,22.4
"2026-09-30 17:04:00",131310,11.78,33.82,894,893,894,893,893,893,894,894,892,100,98.3,99.9,100,100,100,100,100,100,22.5,22.1,22.8,22.5,21.9,22.5,22.2,22.1,22.3
"2026-09-30 17:05:00",131311,11.8,33.79,894,893,894,893,893,893,894,894,893,100,98.4,100,100,100,100,100,100,100,22.6,22.1,22.8,22.5,21.9,22.5,22.2,22.1,22.3
"2026-09-30 17:06:00",131312,11.81,33.77,894,893,894,893,893,893,894,894,893,100,97.2,100,100,100,100,100,100,100,22.6,22.1,22.8,22.5,21.9,22.5,22.2,22.1,22.3
"2026-09-30 17:07:00",131313,11.8,33.74,894,893,894,893,893,893,894,894,893,100,96.5,99.6,100,100,100,100,100,100,22.7,22.2,22.8,22.5,21.9,22.5,22.2,22.1,22.3
"2026-09-30 17:08:00",131314,11.82,33.72,894,893,894,893,893,893,894,894,893,100,96.9,100,100,100,100,100,100,100,22.7,22.2,22.8,22.5,22,22.5,22.2,22.1,22.3
"2026-09-30 17:09:00",131315,11.75,33.7,894,893,894,893,893,893,894,894,893,100,96.7,100,100,100,100,100,100,100,22.7,22.2,22.8,22.5,22,22.5,22.2,22.1,22.3
"2026-09-30 17:10:00",131316,11.78,33.67,894,893,894,893,893,893,894,894,893,100,100,99.9,100,100,100,100,100,100,22.6,22.2,22.9,22.5,22,22.5,22.2,22.1,22.3
"2026-09-30 17:11:00",131317,11.77,33.65,894,893,894,893,893,893,894,894,893,100,100,99.5,100,100,100,100,100,100,22.6,22.3,22.9,22.5,22,22.6,22.2,22.1,22.3
"2026-09-30 17:12:00",131318,11.81,33.63,894,893,894,893,893,893,894,894,893,100,100,99.7,100,100,100,100,100,100,22.6,22.4,22.9,22.5,22,22.6,22.2,22.2,22.3
"2026-09-30 17:13:00",131319,11.8,33.61,894,893,894,893,893,893,894,894,893,100,100,100,100,100,100,100,100,100,22.5,22.5,22.9,22.5,22.1,22.6,22.3,22.2,22.3
"2026-09-30 17:14:00",131320,11.8,33.59,894,893,894,893,893,893,894,894,893,100,100,100,100,100,100,100,100,100,22.5,22.6,22.9,22.6,22.1,22.6,22.3,22.2,22.3
"2026-09-30 17:15:00",131321,11.82,33.56,894,893,894,893,893,893,894,894,893,100,100,100,100,100,100,100,100,100,22.5,22.7,22.9,22.6,22.1,22.6,22.3,22.2,22.3
"2026-09-30 17:16:00",131322,11.79,33.54,894,893,894,893,893,893,894,894,893,100,100,100,100,100,100,100,100,100,22.5,22.8,23,22.6,22.1,22.6,22.3,22.2,22.3
"2026-09-30 17:17:00",131323,11.78,33.52,894,893,894,893,893,893,894,894,893,100,100,100,100,100,100,100,100,100,22.4,22.9,23,22.6,22.1,22.7,22.4,22.2,22.3
"2026-09-30 17:18:00",131324,11.76,33.5,894,893,894,893,893,893,894,894,893,100,100,100,100,100,100,100,100,100,22.4,23,23,22.6,22.2,22.7,22.4,22.3,22.3
"2026-09-30 17:19:00",131325,11.8,33.48,894,893,894,893,893,893,894,894,893,100,100,100,100,100,100,100,100,100,22.4,23.1,23,22.7,22.2,22.7,22.4,22.3,22.3
"2026-09-30 17:20:00",131326,11.78,33.46,894,893,894,893,893,893,894,894,893,100,100,100,100,100,100,100,100,100,22.4,23.2,23.1,22.7,22.2,22.8,22.4,22.3,22.3
"2026-09-30 17:21:00",131327,11.8,33.44,894,893,894,893,893,893,894,894,893,100,100,100,100,100,100,100,100,100,22.4,23.2,23.1,22.7,22.3,22.8,22.5,22.4,22.4
"2026-09-30 17:22:00",131328,11.8,33.42,894,893,894,893,893,893,894,894,893,100,100,100,100,100,100,100,100,100,22.5,23.2,23.2,22.8,22.3,22.8,22.5,22.4,22.4
"2026-09-30 17:23:00",131329,11.77,33.4,894,893,894,893,893,893,894,894,893,100,98.4,100,100,100,100,100,100,100,22.5,23.2,23.2,22.8,22.3,22.8,22.5,22.4,22.4
"2026-09-30 17:24:00",131330,11.76,33.39,894,893,894,893,893,893,894,894,893,100,97.4,100,100,100,100,100,100,100,22.5,23.2,23.3,22.8,22.4,22.9,22.6,22.4,22.4
"2026-09-30 17:25:00",131331,11.81,33.37,894,893,894,893,893,893,894,894,893,100,96.1,100,100,100,100,100,100,100,22.5,23.2,23.4,22.8,22.4,22.9,22.6,22.5,22.5
"2026-09-30 17:26:00",131332,11.79,33.35,894,893,894,893,893,893,894,894,893,100,96,100,100,100,100,100,100,100,22.5,23.1,23.4,22.9,22.4,22.9,22.6,22.5,22.5
"2026-09-30 17:27:00",131333,11.76,33.33,894,893,894,893,893,893,894,894,893,100,96.3,100,100,100,100,100,100,100,22.5,23.2,23.6,22.9,22.5,23,22.7,22.6,22.6
"2026-09-30 17:28:00",131334,11.78,33.31,894,893,894,893,893,893,894,894,893,100,96,100,100,100,100,100,100,100,22.6,23.2,23.8,23,22.5,23.1,22.8,22.7,22.8
"2026-09-30 17:29:00",131335,11.77,33.3,894,893,894,893,893,893,894,894,893,100,95.9,100,100,100,100,100,100,100,22.6,23.2,23.9,23,22.6,23.1,22.8,22.7,22.8
"2026-09-30 17:30:00",131336,11.8,33.28,894,893,894,893,893,893,894,894,893,100,95.7,100,100,100,100,100,100,99.5,22.6,23.1,24,23,22.6,23.1,22.9,22.7,22.8
"2026-09-30 17:31:00",131337,11.79,33.26,894,893,894,893,893,893,894,894,893,100,94.5,100,100,100,100,100,100,98.5,22.6,23.1,24.1,23,22.5,23.1,22.8,22.7,22.8
"2026-09-30 17:32:00",131338,11.76,33.25,894,893,894,893,893,893,894,894,893,100,95.2,100,100,100,100,100,100,98.3,22.6,23,24.1,23,22.5,23.1,22.8,22.7,22.7
"2026-09-30 17:33:00",131339,11.75,33.23,894,893,894,893,893,893,894,894,893,100,94.7,100,100,100,100,100,100,98.8,22.6,23,24.2,23,22.5,23,22.8,22.7,22.7
"2026-09-30 17:34:00",131340,11.81,33.21,894,893,894,893,893,893,894,894,893,100,93.7,100,100,100,100,100,100,99.6,22.5,22.9,24.1,22.9,22.5,23,22.8,22.6,22.7
"2026-09-30 17:35:00",131341,11.77,33.2,894,893,894,893,893,893,894,894,893,100,93.3,98.2,100,100,100,99.6,100,100,22.5,22.9,24.1,22.9,22.5,23,22.7,22.6,22.6
"2026-09-30 17:36:00",131342,11.81,33.18,894,893,894,893,893,893,894,894,893,100,94.3,96.7,100,100,100,99.4,100,100,22.5,22.8,24,22.9,22.5,22.9,22.7,22.6,22.6
"2026-09-30 17:37:00",131343,11.8,33.17,894,893,894,893,893,893,894,894,893,100,94.5,96,100,100,100,99.3,100,100,22.4,22.7,24,22.9,22.4,22.9,22.6,22.5,22.5
"2026-09-30 17:38:00",131344,11.78,33.15,894,893,894,893,893,893,894,894,893,100,94.4,96.2,100,100,100,99.5,100,100,22.4,22.7,23.9,22.9,22.4,22.9,22.6,22.5,22.5
"2026-09-30 17:39:00",131345,11.81,33.14,894,893,894,893,893,893,894,894,893,100,94.3,96.2,100,100,100,100,100,100,22.3,22.6,23.8,23,22.4,22.8,22.5,22.5,22.5
"2026-09-30 17:40:00",131346,11.81,33.12,894,893,894,893,893,893,894,894,893,100,95,96.6,100,100,100,100,100,100,22.3,22.6,23.7,23,22.3,22.8,22.5,22.5,22.4
"2026-09-30 17:41:00",131347,11.77,33.11,894,893,894,893,893,893,894,894,893,100,95.4,96.6,100,100,100,100,100,100,22.3,22.5,23.7,23,22.3,22.8,22.5,22.4,22.4
"2026-09-30 17:42:00",131348,11.75,33.09,894,893,894,893,893,893,894,894,893,100,95.2,96.1,100,100,100,100,100,100,22.3,22.5,23.6,23,22.3,22.7,22.5,22.4,22.4
"2026-09-30 17:43:00",131349,11.76,33.08,894,893,894,893,893,893,894,894,893,100,95.3,96.1,100,100,100,100,100,99.9,22.2,22.5,23.6,23.1,22.3,22.7,22.5,22.4,22.4
"2026-09-30 17:44:00",131350,11.81,33.07,894,893,894,893,893,893,894,894,893,100,95.4,95.5,100,100,100,100,100,99.9,22.2,22.5,23.5,23.1,22.3,22.7,22.4,22.4,22.5
"2026-09-30 17:45:00",131351,11.79,33.05,894,893,894,893,893,893,894,894,893,100,95.9,95.4,100,100,100,100,100,99.4,22.2,22.4,23.4,23.1,22.3,22.7,22.4,22.4,22.4
"2026-09-30 17:46:00",131352,11.74,33.04,894,893,894,893,893,893,894,894,893,100,96.5,95.1,100,100,100,99.5,100,98.3,22.2,22.4,23.4,23.1,22.2,22.6,22.4,22.4,22.4
"2026-09-30 17:47:00",131353,11.78,33.03,894,893,894,893,893,894,894,894,893,100,95.7,95.3,100,100,100,99.4,100,97.8,22.2,22.4,23.4,23.1,22.2,22.6,22.4,22.4,22.4
"2026-09-30 17:48:00",131354,11.82,33.02,894,893,894,893,893,893,894,894,893,100,95.5,95.1,100,100,100,98.8,100,96.4,22.2,22.3,23.3,23,22.2,22.6,22.3,22.4,22.4
"2026-09-30 17:49:00",131355,11.78,33,894,893,894,893,893,893,894,894,893,100,94.9,94.4,99.7,100,100,98.3,100,96,22.1,22.3,23.3,23,22.2,22.5,22.3,22.3,22.3
"2026-09-30 17:50:00",131356,11.78,32.99,894,893,894,893,893,894,894,894,893,100,95,93.9,99.3,100,100,98,100,95.8,22.1,22.2,23.2,22.9,22.3,22.4,22.2,22.3,22.3
"2026-09-30 17:51:00",131357,11.81,32.98,894,893,894,893,893,894,894,894,893,100,94.8,93.9,98.3,100,100,97.8,100,95.6,22,22.2,23.1,22.8,22.3,22.4,22.1,22.2,22.2
"2026-09-30 17:52:00",131358,11.78,32.97,894,893,894,893,893,894,894,894,893,100,94.7,94,98,100,100,98.2,100,95.9,22,22.1,23.1,22.7,22.3,22.3,22,22.1,22.1
"2026-09-30 17:53:00",131359,11.77,32.96,894,893,894,893,893,894,894,894,893,100,94.7,94.4,98,100,100,98.7,100,95.6,21.9,22.1,23,22.6,22.3,22.2,22,22.1,22
"2026-09-30 17:54:00",131360,11.76,32.95,894,893,894,893,893,894,894,894,893,100,94.5,94.3,98.3,100,100,98.9,100,96.5,21.8,22,22.9,22.5,22.3,22.1,21.9,22,22
"2026-09-30 17:55:00",131361,11.8,32.94,894,893,894,893,893,894,894,894,893,100,94.3,94.5,98.6,100,100,99.6,100,97.3,21.8,21.9,22.9,22.4,22.3,22,21.8,21.9,21.9
"2026-09-30 17:56:00",131362,11.78,32.92,894,893,894,893,893,894,894,894,893,100,94.2,94.6,98.9,100,100,100,100,98.1,21.7,21.9,22.8,22.3,22.3,22,21.7,21.9,21.8
"2026-09-30 17:57:00",131363,11.81,32.91,894,894,894,893,893,894,894,894,893,100,94,96.1,99.2,100,100,100,100,98.7,21.6,21.8,22.7,22.2,22.2,21.9,21.6,21.8,21.7
"2026-09-30 17:58:00",131364,11.81,32.9,894,894,894,893,893,894,894,894,893,100,95.3,97,99.7,100,100,100,100,98.5,21.6,21.7,22.6,22.1,22.2,21.8,21.6,21.7,21.7
"2026-09-30 17:59:00",131365,11.76,32.89,894,893,894,893,893,894,894,894,893,100,95.6,97.2,99.9,100,100,99.9,100,98.6,21.5,21.7,22.5,22,22.1,21.8,21.5,21.6,21.6
"2026-09-30 18:00:00",131366,11.77,32.88,894,893,894,893,893,894,894,894,893,100,95.8,97.3,99.9,100,100,99.4,100,98.4,21.4,21.6,22.4,22,22,21.7,21.5,21.6,21.6
"2026-09-30 18:01:00",131367,11.81,32.87,895,894,894,893,893,894,894,894,893,100,95.8,97.2,99.9,100,100,99.9,100,98.3,21.4,21.5,22.4,21.9,21.9,21.7,21.4,21.5,21.5
"2026-09-30 18:02:00",131368,11.82,32.86,894,894,894,893,893,894,894,894,893,100,95.5,96.8,100,100,100,100,100,98.4,21.3,21.5,22.3,21.8,21.8,21.7,21.3,21.5,21.4
"2026-09-30 18:03:00",131369,11.8,32.85,895,894,894,893,893,894,894,894,893,100,95.1,96.8,100,100,100,100,100,98.5,21.2,21.4,22.2,21.7,21.7,21.7,21.3,21.4,21.4
"2026-09-30 18:04:00",131370,11.77,32.84,895,894,894,893,893,894,894,894,893,100,95.5,98.4,100,100,100,100,100,100,21.2,21.3,22.1,21.7,21.6,21.7,21.2,21.4,21.3
"2026-09-30 18:05:00",131371,11.79,32.83,895,894,894,893,893,894,894,894,893,100,97,100,100,100,100,100,100,100,21.1,21.3,22.1,21.6,21.6,21.7,21.2,21.3,21.3
"2026-09-30 18:06:00",131372,11.77,32.82,895,894,894,893,893,894,894,894,893,100,98,100,100,100,100,100,100,100,21.1,21.3,22,21.6,21.5,21.7,21.2,21.3,21.2
"2026-09-30 18:07:00",131373,11.8,32.8,895,894,894,893,893,894,894,894,893,100,98.6,100,100,100,100,100,100,100,21,21.2,22,21.5,21.4,21.7,21.1,21.3,21.2
"2026-09-30 18:08:00",131374,11.78,32.79,895,894,894,893,893,894,894,894,893,100,99.4,100,100,100,100,100,100,100,21,21.2,21.9,21.5,21.4,21.7,21.1,21.3,21.1
"2026-09-30 18:09:00",131375,11.74,32.78,895,894,894,893,893,894,894,894,893,100,99.9,100,100,100,100,100,100,100,21,21.1,21.9,21.4,21.4,21.6,21.1,21.2,21.1
"2026-09-30 18:10:00",131376,11.77,32.77,895,894,894,893,893,894,894,894,893,100,100,100,100,100,100,100,100,100,21,21.1,21.9,21.4,21.3,21.6,21.1,21.2,21.1
"2026-09-30 18:11:00",131377,11.77,32.76,895,894,894,893,893,894,894,894,893,100,100,100,100,100,100,100,100,100,21,21.1,21.8,21.4,21.3,21.6,21,21.2,21
"2026-09-30 18:12:00",131378,11.76,32.75,895,894,894,893,893,894,894,894,893,100,100,100,100,100,100,100,100,100,20.9,21.1,21.8,21.3,21.2,21.6,21,21.2,21
"2026-09-30 18:13:00",131379,11.78,32.74,895,894,894,893,893,894,894,894,893,100,100,100,100,100,100,100,100,100,20.9,21,21.8,21.3,21.2,21.5,21,21.2,21
"2026-09-30 18:14:00",131380,11.76,32.73,895,894,894,893,893,894,894,894,893,100,100,100,100,100,100,100,100,100,20.9,21,21.7,21.3,21.2,21.5,21,21.1,21
"2026-09-30 18:15:00",131381,11.77,32.71,895,894,894,893,893,894,894,894,893,100,100,100,100,100,100,100,100,100,20.9,21,21.7,21.3,21.1,21.5,21,21.1,21
"2026-09-30 18:16:00",131382,11.81,32.7,895,894,894,893,893,894,894,894,893,100,100,100,100,100,100,100,100,100,20.9,21,21.7,21.3,21.1,21.5,21,21.1,21
"2026-09-30 18:17:00",131383,11.82,32.69,895,894,894,893,893,894,894,894,893,100,100,100,100,100,100,100,100,100,20.9,21,21.7,21.3,21.1,21.4,21,21.1,21
"2026-09-30 18:18:00",131384,11.77,32.68,895,894,894,893,893,894,894,894,893,100,100,100,100,100,100,100,100,100,20.9,21,21.7,21.3,21.1,21.4,21,21.1,21
"2026-09-30 18:19:00",131385,11.77,32.67,895,894,894,893,893,894,894,894,893,100,100,100,100,100,100,100,100,100,20.9,21,21.7,21.2,21.1,21.4,21,21.1,21
"2026-09-30 18:20:00",131386,11.77,32.66,895,894,894,894,893,894,894,894,893,100,100,100,100,100,100,100,100,100,20.9,21,21.7,21.2,21.1,21.4,21,21.1,21
"2026-09-30 18:21:00",131387,11.83,32.65,895,894,894,894,893,894,894,894,893,100,100,100,100,100,100,100,100,100,20.9,21,21.7,21.2,21.1,21.4,21,21.1,21
"2026-09-30 18:22:00",131388,11.77,32.64,895,894,894,894,893,894,894,894,893,100,100,100,100,100,100,100,100,100,20.9,21,21.7,21.2,21.1,21.3,21,21.1,21
"2026-09-30 18:23:00",131389,11.76,32.62,895,894,894,894,893,894,894,894,893,100,100,100,100,100,100,100,100,100,20.9,21,21.7,21.2,21.1,21.3,21,21.1,21
"2026-09-30 18:24:00",131390,11.75,32.61,895,894,894,894,893,894,894,894,893,100,100,100,100,100,100,100,100,100,20.9,21,21.7,21.2,21,21.3,21,21.1,21
"2026-09-30 18:25:00",131391,11.77,32.6,895,894,894,894,893,894,894,894,893,100,100,100,100,100,100,100,100,100,20.9,21,21.7,21.2,21,21.3,20.9,21.1,21
"2026-09-30 18:26:00",131392,11.77,32.59,895,894,894,894,893,894,894,894,893,100,100,100,100,100,100,100,100,100,20.9,21,21.7,21.2,21,21.3,20.9,21.1,21
"2026-09-30 18:27:00",131393,11.75,32.58,895,894,894,894,893,894,894,894,893,100,100,100,100,100,100,100,100,100,20.9,21,21.6,21.2,21,21.3,20.9,21.1,21
"2026-09-30 18:28:00",131394,11.81,32.57,895,894,894,894,893,894,894,894,893,100,100,100,100,100,100,100,100,100,20.9,21,21.6,21.2,21,21.3,20.9,21.1,21
"2026-09-30 18:29:00",131395,11.76,32.56,895,894,894,894,893,894,894,894,893,100,100,100,100,100,100,100,100,100,20.9,21,21.6,21.2,21,21.3,20.9,21.1,21
"2026-09-30 18:30:00",131396,11.77,32.54,895,894,894,894,893,894,894,894,893,100,100,100,100,100,100,100,100,100,20.8,21,21.6,21.1,21,21.3,20.9,21.1,20.9
"2026-09-30 18:31:00",131397,11.76,32.53,895,894,894,894,893,894,894,894,893,100,100,100,100,100,100,100,100,100,20.8,20.9,21.6,21.1,21,21.3,20.9,21.1,20.9
"2026-09-30 18:32:00",131398,11.78,32.52,895,894,894,894,893,894,894,894,893,100,100,100,100,100,100,100,100,100,20.8,20.9,21.6,21.1,21,21.2,20.9,21.1,20.9
"2026-09-30 18:33:00",131399,11.78,32.51,895,894,894,894,893,894,894,894,893,100,100,100,100,100,100,100,100,100,20.8,20.9,21.6,21.1,21,21.2,20.9,21.1,20.9
"2026-09-30 18:34:00",131400,11.82,32.5,895,894,894,894,893,894,894,894,893,100,100,100,100,100,100,100,100,100,20.8,20.9,21.5,21.1,21,21.2,20.9,21.1,20.9
"2026-09-30 18:35:00",131401,11.81,32.48,895,894,894,894,893,894,894,894,893,100,100,100,100,100,100,100,100,100,20.8,20.9,21.5,21.1,21,21.2,20.8,21.1,20.9
"2026-09-30 18:36:00",131402,11.79,32.47,895,894,894,894,893,894,894,894,893,100,100,100,100,100,100,100,100,100,20.8,20.9,21.5,21.1,21,21.2,20.8,21.1,20.9
"2026-09-30 18:37:00",131403,11.8,32.46,895,894,894,894,893,894,894,894,893,100,100,100,100,100,100,100,100,100,20.8,20.9,21.5,21.1,20.9,21.2,20.8,21.1,20.9
"2026-09-30 18:38:00",131404,11.81,32.45,895,894,894,894,893,894,894,894,893,100,100,100,100,100,100,100,100,100,20.8,20.9,21.5,21,20.9,21.2,20.8,21,20.9
"2026-09-30 18:39:00",131405,11.77,32.44,895,894,894,894,893,894,894,894,893,100,100,100,100,100,100,100,100,100,20.8,20.9,21.5,21,20.9,21.1,20.8,21,20.9
"2026-09-30 18:40:00",131406,11.79,32.42,895,894,894,894,893,894,894,894,893,100,100,100,100,100,100,100,100,100,20.8,20.9,21.5,21,20.9,21.1,20.8,21,20.9
"2026-09-30 18:41:00",131407,11.78,32.41,895,894,894,894,893,894,894,894,893,100,100,100,100,100,100,100,100,100,20.7,20.9,21.5,21,20.9,21.1,20.8,21,20.9
"2026-09-30 18:42:00",131408,11.75,32.4,895,894,894,894,893,894,894,894,893,100,100,100,100,100,100,100,100,100,20.7,20.9,21.5,21,20.9,21.1,20.7,21,20.9
"2026-09-30 18:43:00",131409,11.77,32.39,895,894,894,894,893,894,894,894,893,100,100,100,100,100,100,100,100,100,20.7,20.9,21.4,21,20.9,21.1,20.7,21,20.9
"2026-09-30 18:44:00",131410,11.8,32.37,895,894,894,894,893,894,894,894,893,100,100,100,100,100,100,100,100,100,20.7,20.9,21.4,21,20.9,21.1,20.7,21,21
"2026-09-30 18:45:00",131411,11.76,32.36,895,894,894,894,893,894,894,894,893,100,100,100,100,100,100,100,100,100,20.7,20.9,21.4,21,20.9,21.1,20.7,21,21
"2026-09-30 18:46:00",131412,11.82,32.35,895,894,894,894,893,894,894,894,893,100,100,100,100,100,100,100,100,100,20.7,20.9,21.4,21,20.9,21.1,20.7,21,21
"2026-09-30 18:47:00",131413,11.79,32.34,895,894,894,894,893,894,894,894,893,100,100,100,100,100,100,100,100,100,20.8,20.9,21.5,21,20.9,21.1,20.7,20.9,21
"2026-09-30 18:48:00",131414,11.77,32.32,895,894,894,894,893,894,894,894,893,100,100,100,100,100,100,100,100,100,20.8,20.9,21.5,21,20.9,21.1,20.7,20.9,21
"2026-09-30 18:49:00",131415,11.8,32.31,895,894,894,894,894,894,894,894,893,100,100,100,100,100,100,100,100,100,20.8,20.9,21.5,21,20.9,21.1,20.8,21,21.1
"2026-09-30 18:50:00",131416,11.78,32.3,895,894,894,894,894,894,894,894,893,100,100,100,100,100,100,100,100,100,20.8,20.9,21.5,21,20.9,21.2,20.8,21,21.1
"2026-09-30 18:51:00",131417,11.82,32.28,895,894,894,894,894,894,894,894,893,100,100,100,100,100,100,100,100,100,20.8,20.9,21.5,21,20.9,21.2,20.8,21,21
"2026-09-30 18:52:00",131418,11.78,32.27,895,894,894,894,894,894,894,894,893,100,100,100,100,100,100,100,100,100,20.9,20.9,21.5,21,20.9,21.2,20.8,21,21
"2026-09-30 18:53:00",131419,11.82,32.26,895,894,894,894,894,894,894,894,893,100,100,100,100,100,100,100,100,100,20.9,20.9,21.5,21,20.9,21.2,20.8,21,21
"2026-09-30 18:54:00",131420,11.75,32.24,895,894,894,894,894,894,894,894,893,100,100,100,100,100,100,100,100,100,20.9,20.9,21.5,21,20.9,21.2,20.8,21,21
"2026-09-30 18:55:00",131421,11.79,32.23,895,894,894,894,894,894,894,894,893,100,100,100,100,100,100,100,100,100,20.9,20.9,21.5,21,20.9,21.2,20.8,21,21
"2026-09-30 18:56:00",131422,11.83,32.22,895,894,894,894,894,894,894,894,893,100,100,100,100,100,100,100,100,100,20.9,20.9,21.5,21,20.9,21.1,20.8,21,20.9
"2026-09-30 18:57:00",131423,11.78,32.2,895,894,894,894,894,894,894,894,893,100,100,100,100,100,100,100,100,100,20.9,20.8,21.5,21,20.9,21.1,20.7,21,20.9
"2026-09-30 18:58:00",131424,11.81,32.19,895,894,894,894,894,894,894,894,893,100,100,100,100,100,100,100,100,100,20.9,20.8,21.4,21,20.9,21.1,20.7,20.9,20.9
"2026-09-30 18:59:00",131425,11.79,32.18,895,894,894,894,894,894,894,894,893,100,100,100,100,100,100,100,100,100,21,20.8,21.4,21,20.9,21.1,20.7,20.9,20.9
"2026-09-30 19:00:00",131426,11.8,32.17,895,894,894,894,894,894,894,894,893,100,100,100,100,100,100,100,100,100,20.9,20.8,21.4,20.9,20.8,21.1,20.7,20.9,20.8
"2026-09-30 19:01:00",131427,11.75,32.15,895,894,895,894,894,894,894,894,893,100,100,100,100,100,100,100,100,100,20.9,20.8,21.4,20.9,20.8,21,20.7,20.9,20.8
"2026-09-30 19:02:00",131428,11.81,32.14,895,894,895,894,894,894,894,894,893,100,100,100,100,100,100,100,100,100,20.8,20.8,21.4,20.9,20.8,21,20.6,20.8,20.8
"2026-09-30 19:03:00",131429,11.79,32.13,895,894,895,894,894,894,894,894,893,100,100,100,100,100,100,100,100,100,20.8,20.8,21.4,20.9,20.8,21,20.6,20.8,20.7
"2026-09-30 19:04:00",131430,11.81,32.12,895,894,895,894,894,894,894,894,893,100,100,100,100,100,100,100,100,100,20.7,20.8,21.3,20.8,20.7,21,20.6,20.8,20.7
"2026-09-30 19:05:00",131431,11.77,32.1,895,894,895,894,894,894,894,894,893,100,100,100,100,100,100,100,100,100,20.7,20.8,21.3,20.8,20.7,21,20.5,20.7,20.7
"2026-09-30 19:06:00",131432,11.76,32.09,895,894,895,894,894,894,894,894,893,100,100,100,100,100,100,100,100,100,20.6,20.8,21.3,20.8,20.7,20.9,20.5,20.7,20.6
"2026-09-30 19:07:00",131433,11.77,32.08,895,894,895,894,894,894,894,894,893,100,100,100,100,100,100,100,100,100,20.6,20.8,21.2,20.8,20.6,20.9,20.5,20.7,20.6
"2026-09-30 19:08:00",131434,11.77,32.07,895,894,895,894,894,894,894,894,893,100,100,100,100,100,100,100,100,100,20.5,20.8,21.2,20.7,20.6,20.9,20.5,20.6,20.6
"2026-09-30 19:09:00",131435,11.77,32.05,895,894,895,894,894,894,894,894,893,100,100,100,100,100,100,100,100,100,20.5,20.8,21.2,20.7,20.6,20.8,20.4,20.6,20.5
"2026-09-30 19:10:00",131436,11.81,32.04,895,894,895,894,894,894,894,895,893,100,100,100,100,100,100,100,100,100,20.5,20.8,21.2,20.7,20.5,20.8,20.4,20.6,20.5
"2026-09-30 19:11:00",131437,11.78,32.03,895,894,895,894,894,894,894,894,893,100,100,100,100,100,100,100,100,100,20.4,20.8,21.1,20.6,20.5,20.7,20.4,20.5,20.5
"2026-09-30 19:12:00",131438,11.76,32.01,895,894,895,894,894,894,894,894,893,100,100,100,100,100,100,100,100,100,20.4,20.8,21.1,20.6,20.5,20.7,20.3,20.5,20.4
"2026-09-30 19:13:00",131439,11.76,32,895,894,895,894,894,894,894,895,893,100,100,100,100,100,100,100,100,100,20.3,20.7,21.1,20.6,20.4,20.7,20.3,20.5,20.4
"2026-09-30 19:14:00",131440,11.81,31.99,895,894,895,894,894,894,894,895,893,100,100,100,100,100,100,100,100,100,20.3,20.7,21,20.5,20.4,20.6,20.3,20.4,20.4
"2026-09-30 19:15:00",131441,11.78,31.98,895,894,895,894,894,894,894,895,893,100,100,100,100,100,100,100,100,100,20.2,20.6,21,20.5,20.4,20.6,20.2,20.4,20.4
"2026-09-30 19:16:00",131442,11.76,31.96,895,894,895,894,894,894,894,895,893,100,100,100,100,100,100,100,100,100,20.2,20.6,21,20.5,20.3,20.6,20.2,20.4,20.3
"2026-09-30 19:17:00",131443,11.77,31.95,895,894,895,894,894,894,894,895,893,100,99.9,100,100,100,100,100,100,100,20.1,20.5,21,20.4,20.3,20.5,20.2,20.3,20.3
"2026-09-30 19:18:00",131444,11.82,31.94,895,894,895,894,894,894,894,894,893,100,99.4,100,100,100,100,100,100,100,20.1,20.4,21,20.4,20.3,20.5,20.1,20.3,20.3
"2026-09-30 19:19:00",131445,11.78,31.93,895,894,895,894,894,894,894,894,893,100,98.8,100,100,100,100,100,100,100,20.1,20.4,21,20.4,20.2,20.5,20.1,20.3,20.2
"2026-09-30 19:20:00",131446,11.81,31.91,895,894,895,894,894,894,894,894,893,100,99.1,100,100,100,100,100,100,100,20.1,20.4,21,20.3,20.2,20.4,20.1,20.3,20.2
"2026-09-30 19:21:00",131447,11.76,31.9,895,894,895,894,894,894,894,894,893,100,99.1,100,100,100,100,100,100,100,20.1,20.3,21,20.3,20.2,20.4,20.1,20.2,20.2
"2026-09-30 19:22:00",131448,11.79,31.89,895,894,895,894,894,894,894,894,893,100,99,100,100,100,100,100,100,100,20,20.3,21,20.3,20.2,20.4,20,20.2,20.2
"2026-09-30 19:23:00",131449,11.81,31.88,895,894,895,894,894,894,894,895,893,100,99.3,100,100,100,100,100,100,100,20,20.2,21,20.3,20.1,20.3,20,20.2,20.1
"2026-09-30 19:24:00",131450,11.78,31.86,895,894,895,894,894,894,894,895,893,100,99.7,100,100,100,100,100,100,100,20,20.2,21,20.2,20.1,20.3,20,20.2,20.1
"2026-09-30 19:25:00",131451,11.76,31.85,895,894,895,894,894,894,894,895,893,100,99.7,100,100,100,100,100,100,100,20,20.2,21,20.2,20.1,20.3,20,20.1,20.1
"2026-09-30 19:26:00",131452,11.76,31.84,895,894,895,894,894,894,894,895,893,100,99.5,100,100,100,100,100,100,100,19.9,20.1,20.9,20.2,20,20.3,20,20.1,20.1
"2026-09-30 19:27:00",131453,11.76,31.82,895,894,895,894,894,894,894,895,893,100,98.7,100,100,100,100,100,100,100,19.9,20.1,20.9,20.1,20,20.2,19.9,20.1,20
"2026-09-30 19:28:00",131454,11.8,31.81,895,894,895,894,894,894,895,895,893,100,98.3,100,100,100,100,100,100,100,19.9,20,20.9,20.1,20,20.2,19.9,20.1,20
"2026-09-30 19:29:00",131455,11.78,31.8,895,894,895,894,894,894,894,895,893,100,98,100,100,100,100,100,100,100,19.8,20,20.8,20.1,20,20.2,19.9,20,20
"2026-09-30 19:30:00",131456,11.75,31.78,895,894,895,894,894,894,895,895,893,100,99,100,100,100,100,100,100,100,19.8,20,20.8,20.1,19.9,20.1,19.8,20,20
"2026-09-30 19:31:00",131457,11.8,31.77,895,894,895,894,894,894,895,895,893,100,98.1,100,100,100,100,100,100,100,19.8,19.9,20.7,20.1,19.9,20.1,19.8,20,19.9
"2026-09-30 19:32:00",131458,11.78,31.76,895,894,895,894,894,894,895,895,893,100,98.4,100,100,100,100,100,100,100,19.8,19.9,20.7,20.1,19.9,20.1,19.7,19.9,19.9
"2026-09-30 19:33:00",131459,11.79,31.74,895,894,895,894,894,894,894,895,893,100,100,100,100,100,100,100,100,100,19.7,19.9,20.6,20.1,19.8,20,19.7,19.9,19.8
"2026-09-30 19:34:00",131460,11.76,31.73,895,894,895,894,894,894,894,895,893,100,100,100,100,100,100,100,100,100,19.7,19.9,20.6,20.1,19.8,20,19.7,19.9,19.8
"2026-09-30 19:35:00",131461,11.81,31.72,895,894,895,894,894,894,894,895,893,100,100,100,100,100,100,100,100,100,19.6,19.8,20.5,20,19.8,20,19.6,19.9,19.8
"2026-09-30 19:36:00",131462,11.78,31.71,895,894,895,894,894,894,894,895,893,100,100,100,100,100,100,100,100,100,19.6,19.8,20.5,20,19.7,19.9,19.6,19.8,19.8
"2026-09-30 19:37:00",131463,11.78,31.69,895,894,895,894,894,894,895,895,893,100,100,100,100,100,100,100,100,100,19.6,19.8,20.4,20,19.7,19.9,19.6,19.8,19.7
"2026-09-30 19:38:00",131464,11.74,31.68,895,894,895,894,894,894,895,895,893,100,100,100,100,100,100,100,100,100,19.6,19.7,20.4,20,19.7,19.9,19.5,19.8,19.7
"2026-09-30 19:39:00",131465,11.76,31.67,895,894,895,894,894,894,895,895,893,100,100,100,100,100,100,100,100,100,19.5,19.7,20.4,20,19.6,19.9,19.5,19.7,19.7
"2026-09-30 19:40:00",131466,11.81,31.65,895,894,895,894,894,894,895,895,893,100,100,100,100,100,100,100,100,100,19.5,19.7,20.3,19.9,19.6,19.8,19.5,19.7,19.6
"2026-09-30 19:41:00",131467,11.79,31.64,895,894,895,894,894,894,895,895,894,100,100,100,100,100,100,100,100,100,19.5,19.6,20.3,19.9,19.6,19.8,19.4,19.6,19.6
"2026-09-30 19:42:00",131468,11.82,31.62,895,894,895,894,894,894,895,895,894,100,100,100,100,100,100,100,100,100,19.5,19.6,20.3,19.9,19.6,19.8,19.4,19.6,19.6
"2026-09-30 19:43:00",131469,11.78,31.61,895,894,895,894,894,894,895,895,894,100,100,100,100,100,100,100,100,100,19.5,19.6,20.2,19.8,19.6,19.8,19.4,19.6,19.6
"2026-09-30 19:44:00",131470,11.76,31.6,895,894,895,894,894,894,895,895,894,100,100,100,100,100,100,100,100,100,19.4,19.6,20.2,19.8,19.5,19.7,19.4,19.6,19.6
"2026-09-30 19:45:00",131471,11.82,31.58,895,894,895,894,894,894,895,895,894,100,100,100,100,100,100,100,100,100,19.4,19.6,20.2,19.8,19.5,19.7,19.4,19.6,19.6
"2026-09-30 19:46:00",131472,11.82,31.57,895,894,895,894,894,894,895,895,894,100,100,100,100,100,100,100,100,100,19.4,19.5,20.2,19.7,19.5,19.7,19.4,19.6,19.5
"2026-09-30 19:47:00",131473,11.81,31.56,895,894,895,894,894,894,895,895,894,100,100,100,100,100,100,100,100,100,19.4,19.5,20.1,19.7,19.5,19.7,19.4,19.6,19.5
"2026-09-30 19:48:00",131474,11.75,31.54,895,895,895,894,894,894,895,895,894,100,100,100,100,100,100,100,100,100,19.4,19.5,20.1,19.7,19.5,19.7,19.4,19.6,19.5
"2026-09-30 19:49:00",131475,11.77,31.53,895,894,895,894,894,894,895,895,894,100,100,100,100,100,100,100,100,100,19.4,19.5,20.1,19.6,19.5,19.7,19.3,19.6,19.5
"2026-09-30 19:50:00",131476,11.75,31.51,895,894,895,894,894,894,895,895,894,100,100,100,100,100,100,100,100,100,19.4,19.5,20.1,19.6,19.5,19.7,19.3,19.5,19.5
"2026-09-30 19:51:00",131477,11.79,31.5,895,894,895,894,894,894,895,895,894,100,100,100,100,100,100,100,100,100,19.4,19.5,20.1,19.6,19.5,19.7,19.3,19.5,19.5
"2026-09-30 19:52:00",131478,11.8,31.49,895,894,895,894,894,894,895,895,894,100,100,100,100,100,100,100,100,100,19.4,19.5,20.1,19.6,19.5,19.7,19.3,19.5,19.5
"2026-09-30 19:53:00",131479,11.79,31.47,895,894,895,894,894,894,895,895,894,100,100,100,100,100,100,100,100,100,19.3,19.5,20.1,19.6,19.4,19.7,19.3,19.5,19.5
"2026-09-30 19:54:00",131480,11.77,31.46,895,894,895,894,894,894,895,895,894,100,100,100,100,100,100,100,100,100,19.3,19.5,20.1,19.6,19.4,19.7,19.3,19.5,19.5
"2026-09-30 19:55:00",131481,11.82,31.44,895,894,895,894,894,894,895,895,894,100,100,100,100,100,100,100,100,100,19.3,19.5,20.1,19.6,19.4,19.7,19.3,19.5,19.4
"2026-09-30 19:56:00",131482,11.79,31.43,895,894,895,894,894,894,895,895,894,100,100,100,100,100,100,100,100,100,19.3,19.5,20.1,19.6,19.4,19.7,19.3,19.5,19.4
"2026-09-30 19:57:00",131483,11.76,31.42,895,895,895,894,894,894,895,895,894,100,100,100,100,100,100,100,100,100,19.3,19.5,20.1,19.6,19.4,19.7,19.3,19.5,19.4
"2026-09-30 19:58:00",131484,11.76,31.4,895,895,895,894,894,894,895,895,894,100,100,100,100,100,100,100,100,100,19.3,19.4,20.1,19.6,19.4,19.7,19.3,19.5,19.4
"2026-09-30 19:59:00",131485,11.78,31.39,895,895,895,894,894,894,895,895,894,100,100,100,100,100,100,100,100,100,19.3,19.5,20.1,19.5,19.4,19.7,19.3,19.5,19.4
"2026-09-30 20:00:00",131486,11.82,31.37,895,895,895,894,894,894,895,895,894,100,100,100,100,100,100,100,100,100,19.3,19.4,20.1,19.5,19.4,19.7,19.3,19.5,19.4
"2026-09-30 20:01:00",131487,11.78,31.36,895,895,895,894,894,894,895,895,894,100,100,100,100,100,100,100,100,100,19.3,19.4,20.1,19.5,19.4,19.6,19.3,19.5,19.4
"2026-09-30 20:02:00",131488,11.75,31.34,895,895,895,894,894,894,895,895,894,100,100,100,100,100,100,100,100,100,19.3,19.4,20,19.5,19.4,19.6,19.3,19.5,19.4
"2026-09-30 20:03:00",131489,11.8,31.33,895,895,895,894,894,894,895,895,894,100,100,100,100,100,100,100,100,100,19.3,19.4,20,19.5,19.4,19.6,19.2,19.5,19.4
"2026-09-30 20:04:00",131490,11.81,31.32,895,895,895,894,894,894,895,895,894,100,100,100,100,100,100,100,100,100,19.3,19.4,20,19.5,19.4,19.6,19.2,19.5,19.4
"2026-09-30 20:05:00",131491,11.81,31.3,895,895,895,894,894,894,895,895,894,100,100,100,100,100,100,100,100,100,19.2,19.4,20,19.5,19.3,19.6,19.2,19.4,19.4
"2026-09-30 20:06:00",131492,11.78,31.29,895,895,895,894,894,895,895,895,894,100,100,100,100,100,100,100,100,100,19.2,19.4,20,19.5,19.3,19.5,19.2,19.4,19.3
"2026-09-30 20:07:00",131493,11.79,31.27,895,895,895,894,894,895,895,895,894,100,100,100,100,100,100,100,100,100,19.2,19.3,19.9,19.4,19.3,19.5,19.2,19.4,19.3
"2026-09-30 20:08:00",131494,11.79,31.26,895,895,895,894,894,895,895,895,894,100,100,100,100,100,100,100,100,100,19.1,19.3,19.9,19.4,19.3,19.5,19.1,19.3,19.3
"2026-09-30 20:09:00",131495,11.77,31.24,895,895,895,894,894,895,895,895,894,100,100,100,100,100,100,100,100,100,19.1,19.3,19.9,19.4,19.2,19.5,19.1,19.3,19.3
"2026-09-30 20:10:00",131496,11.74,31.23,895,895,895,894,894,895,895,895,894,100,100,100,100,100,100,100,100,100,19.1,19.2,19.8,19.3,19.2,19.4,19.1,19.3,19.2
"2026-09-30 20:11:00",131497,11.76,31.22,895,895,895,894,894,895,895,895,894,100,100,100,100,100,100,100,100,100,19,19.2,19.8,19.3,19.2,19.4,19,19.3,19.2
"2026-09-30 20:12:00",131498,11.83,31.2,896,895,895,894,894,895,895,895,894,100,100,100,100,100,100,100,100,100,19,19.2,19.8,19.3,19.1,19.4,19,19.2,19.1
"2026-09-30 20:13:00",131499,11.77,31.19,896,895,895,894,894,895,895,895,894,100,100,100,100,100,100,100,100,100,19,19.1,19.7,19.2,19.1,19.3,18.9,19.2,19.1
"2026-09-30 20:14:00",131500,11.77,31.17,896,895,895,894,894,895,895,895,894,100,100,100,100,100,100,100,100,100,19,19.1,19.7,19.2,19.1,19.3,18.9,19.2,19.1
"2026-09-30 20:15:00",131501,11.78,31.16,896,895,895,894,894,895,895,895,894,100,100,100,100,100,100,100,100,100,19,19.1,19.7,19.2,19,19.3,18.9,19.2,19
"2026-09-30 20:16:00",131502,11.8,31.15,896,895,895,894,894,895,895,895,894,100,100,100,100,100,100,100,100,100,18.9,19.1,19.7,19.1,19,19.3,18.8,19.1,19
"2026-09-30 20:17:00",131503,11.79,31.13,896,895,895,894,894,895,895,895,894,100,100,100,100,100,100,100,100,100,18.9,19.1,19.6,19.1,19,19.2,18.8,19.1,19
"2026-09-30 20:18:00",131504,11.81,31.12,896,895,895,894,894,895,895,895,894,100,100,100,100,100,100,100,100,100,18.9,19,19.6,19.1,19,19.2,18.8,19.1,19
"2026-09-30 20:19:00",131505,11.77,31.11,896,895,895,894,894,895,895,895,894,100,100,100,100,100,100,100,100,100,18.9,19,19.6,19.1,18.9,19.2,18.7,19.1,18.9
"2026-09-30 20:20:00",131506,11.83,31.09,896,895,895,894,894,895,895,895,894,100,100,100,100,100,100,100,100,100,18.8,19,19.6,19,18.9,19.1,18.7,19,18.9
"2026-09-30 20:21:00",131507,11.8,31.08,896,895,895,894,894,895,895,895,894,100,100,100,100,100,100,100,100,100,18.8,19,19.5,19,18.9,19.1,18.7,19,18.8
"2026-09-30 20:22:00",131508,11.76,31.06,896,895,895,894,894,895,895,895,894,100,100,100,100,100,100,100,100,100,18.8,18.9,19.5,19,18.9,19.1,18.7,19,18.8
"2026-09-30 20:23:00",131509,11.81,31.05,896,895,895,894,894,895,895,895,894,100,100,100,100,100,100,100,100,100,18.7,18.9,19.5,19,18.8,19,18.6,18.9,18.8
"2026-09-30 20:24:00",131510,11.79,31.03,896,895,895,894,894,895,895,895,894,100,99.6,100,100,100,100,100,100,100,18.7,18.9,19.5,19,18.8,19,18.6,18.9,18.7
"2026-09-30 20:25:00",131511,11.78,31.02,896,895,895,894,894,895,895,895,894,100,99.6,100,100,100,100,100,100,100,18.6,18.9,19.4,18.9,18.8,19,18.6,18.9,18.7
"2026-09-30 20:26:00",131512,11.77,31.01,896,895,895,894,894,895,895,895,894,100,100,100,100,100,100,100,100,100,18.6,18.8,19.4,18.9,18.8,19,18.6,18.9,18.7
"2026-09-30 20:27:00",131513,11.77,30.99,896,895,895,894,894,895,895,895,894,100,100,100,100,100,100,100,100,100,18.6,18.8,19.4,18.9,18.8,18.9,18.5,18.8,18.6
"2026-09-30 20:28:00",131514,11.8,30.98,896,895,895,894,894,895,895,895,894,100,100,100,100,100,100,100,100,100,18.5,18.7,19.3,18.8,18.7,18.9,18.5,18.8,18.6
"2026-09-30 20:29:00",131515,11.79,30.96,896,895,895,895,894,895,895,895,894,100,100,100,100,100,100,100,100,100,18.5,18.7,19.3,18.8,18.7,18.9,18.5,18.8,18.6
"2026-09-30 20:30:00",131516,11.8,30.95,896,895,895,895,894,895,895,895,894,100,100,100,100,100,100,100,100,100,18.5,18.6,19.3,18.8,18.7,18.8,18.5,18.7,18.6
"2026-09-30 20:31:00",131517,11.76,30.93,896,895,895,895,894,895,895,895,894,100,100,100,100,100,100,100,100,100,18.5,18.6,19.2,18.8,18.7,18.8,18.4,18.7,18.6
"2026-09-30 20:32:00",131518,11.78,30.92,896,895,895,895,894,895,895,895,894,100,100,100,100,100,100,100,100,100,18.4,18.6,19.2,18.7,18.6,18.8,18.4,18.7,18.5
"2026-09-30 20:33:00",131519,11.82,30.9,896,895,895,895,894,895,895,895,894,100,100,100,100,100,100,100,100,100,18.4,18.6,19.2,18.7,18.6,18.8,18.4,18.6,18.5
"2026-09-30 20:34:00",131520,11.8,30.89,896,895,895,895,894,895,895,895,894,100,100,100,100,100,100,100,100,100,18.4,18.5,19.1,18.7,18.6,18.7,18.3,18.6,18.5
"2026-09-30 20:35:00",131521,11.81,30.87,896,895,895,895,894,895,895,895,894,100,100,100,100,100,100,100,100,100,18.3,18.5,19.1,18.6,18.5,18.7,18.3,18.6,18.5
"2026-09-30 20:36:00",131522,11.81,30.86,896,895,895,895,894,895,895,895,894,100,100,100,100,100,100,100,100,100,18.3,18.5,19.1,18.6,18.5,18.6,18.3,18.6,18.5
"2026-09-30 20:37:00",131523,11.77,30.84,896,895,895,895,894,895,895,895,894,100,100,100,100,100,100,100,100,100,18.3,18.5,19,18.6,18.5,18.6,18.2,18.5,18.5
"2026-09-30 20:38:00",131524,11.8,30.83,896,895,895,895,894,895,895,895,894,100,100,100,100,100,100,100,100,100,18.3,18.4,19,18.6,18.4,18.6,18.2,18.5,18.4
"2026-09-30 20:39:00",131525,11.81,30.81,896,895,895,895,894,895,895,895,894,100,100,100,100,100,100,100,100,100,18.2,18.4,19,18.5,18.4,18.5,18.2,18.5,18.4
"2026-09-30 20:40:00",131526,11.78,30.8,896,895,895,895,894,895,895,895,894,100,100,100,100,100,100,100,100,100,18.2,18.4,19,18.5,18.4,18.5,18.1,18.5,18.4
"2026-09-30 20:41:00",131527,11.76,30.78,896,895,895,895,894,895,895,895,894,100,100,100,100,100,100,100,100,100,18.2,18.3,18.9,18.5,18.3,18.5,18.1,18.4,18.4
"2026-09-30 20:42:00",131528,11.81,30.76,896,895,895,895,894,895,895,895,894,100,100,100,100,100,100,100,100,100,18.1,18.3,18.9,18.4,18.3,18.4,18.1,18.4,18.3
"2026-09-30 20:43:00",131529,11.78,30.75,896,895,895,895,894,895,895,895,894,100,100,100,100,100,100,100,100,100,18.1,18.3,18.9,18.4,18.3,18.4,18,18.4,18.3
"2026-09-30 20:44:00",131530,11.8,30.73,896,895,895,895,894,895,895,895,894,100,100,100,100,100,100,100,100,100,18.1,18.2,18.8,18.4,18.2,18.4,18,18.4,18.2
"2026-09-30 20:45:00",131531,11.82,30.72,896,895,895,895,894,895,895,895,894,100,100,100,100,100,100,100,100,100,18.1,18.2,18.8,18.3,18.2,18.4,18,18.3,18.2
"2026-09-30 20:46:00",131532,11.76,30.7,896,895,895,895,894,895,895,895,894,100,100,100,100,100,100,100,100,100,18.1,18.2,18.8,18.3,18.2,18.3,18,18.3,18.2
"2026-09-30 20:47:00",131533,11.79,30.68,896,895,895,895,894,895,895,895,894,100,100,100,100,100,100,100,100,100,18.1,18.2,18.8,18.3,18.2,18.3,18,18.3,18.2
"2026-09-30 20:48:00",131534,11.78,30.67,896,895,895,895,894,895,895,895,894,100,100,100,100,100,100,100,100,100,18.1,18.1,18.7,18.2,18.2,18.3,17.9,18.3,18.2
"2026-09-30 20:49:00",131535,11.79,30.65,896,895,895,895,894,895,895,895,894,100,100,100,100,100,100,100,100,100,18.1,18.1,18.7,18.2,18.1,18.3,17.9,18.3,18.1
"2026-09-30 20:50:00",131536,11.77,30.64,896,895,895,895,894,895,895,895,894,100,100,100,100,100,100,100,100,100,18.1,18.1,18.7,18.2,18.1,18.2,17.9,18.2,18.1
"2026-09-30 20:51:00",131537,11.81,30.62,896,895,895,895,894,895,895,895,894,100,100,100,100,100,100,100,100,100,18.1,18.1,18.7,18.2,18.1,18.2,17.9,18.2,18.1
"2026-09-30 20:52:00",131538,11.81,30.6,896,895,895,895,894,895,895,895,894,100,100,100,100,100,100,100,100,100,18.1,18.1,18.7,18.1,18.1,18.2,17.9,18.2,18.1
"2026-09-30 20:53:00",131539,11.8,30.59,896,895,895,895,894,895,895,895,894,100,100,100,100,100,100,100,100,100,18.1,18.1,18.6,18.1,18.1,18.2,17.8,18.2,18.1
"2026-09-30 20:54:00",131540,11.81,30.57,896,895,895,895,894,895,895,895,894,100,100,100,100,100,100,100,100,100,18,18,18.6,18.1,18,18.2,17.8,18.2,18.1
"2026-09-30 20:55:00",131541,11.8,30.56,896,895,895,895,894,895,895,895,894,100,100,100,100,100,100,100,100,100,18,18,18.6,18.1,18,18.1,17.8,18.1,18.1
"2026-09-30 20:56:00",131542,11.83,30.54,896,895,895,895,894,895,895,895,894,100,100,100,100,100,100,100,100,100,17.9,18,18.6,18.1,18,18.1,17.8,18.1,18.1
"2026-09-30 20:57:00",131543,11.81,30.53,896,895,895,895,894,895,895,895,894,100,100,100,100,100,100,100,100,100,17.9,18,18.5,18,18,18.1,17.8,18.1,18.1
"2026-09-30 20:58:00",131544,11.79,30.51,896,895,895,895,894,895,895,895,894,100,100,100,100,100,100,100,100,100,17.9,18,18.5,18,18,18.1,17.7,18.1,18
"2026-09-30 20:59:00",131545,11.81,30.49,896,895,895,895,894,895,895,895,894,100,100,100,100,100,100,100,100,100,17.8,18,18.5,18,18,18,17.7,18,18
"2026-09-30 21:00:00",131546,11.77,30.48,896,895,895,895,894,895,895,895,894,100,100,100,100,100,100,100,100,100,17.8,17.9,18.5,18,17.9,18,17.7,18,18
"2026-09-30 21:01:00",131547,11.78,30.46,896,895,895,895,894,895,895,895,894,100,100,100,100,100,100,100,100,100,17.7,17.9,18.4,17.9,17.9,18,17.7,18,17.9
"2026-09-30 21:02:00",131548,11.78,30.45,896,895,895,895,894,895,895,895,894,100,100,100,100,100,100,100,100,100,17.7,17.9,18.4,17.9,17.9,18,17.6,17.9,17.9
"2026-09-30 21:03:00",131549,11.83,30.43,896,895,895,895,894,895,895,895,894,100,100,100,100,100,100,100,100,100,17.6,17.9,18.4,17.9,17.8,18,17.6,17.9,17.8
"2026-09-30 21:04:00",131550,11.79,30.41,896,895,895,895,894,895,895,895,894,100,100,100,100,100,100,100,100,100,17.6,17.8,18.4,17.9,17.8,17.9,17.6,17.9,17.8
"2026-09-30 21:05:00",131551,11.8,30.4,896,895,895,895,894,895,895,895,894,100,100,100,100,100,100,100,100,100,17.5,17.8,18.3,17.8,17.8,17.9,17.5,17.9,17.8
"2026-09-30 21:06:00",131552,11.78,30.38,896,895,895,895,894,895,895,895,894,100,100,100,100,100,100,100,100,100,17.5,17.8,18.3,17.8,17.8,17.9,17.5,17.8,17.7
"2026-09-30 21:07:00",131553,11.76,30.37,896,895,895,895,894,895,895,895,894,100,100,100,100,100,100,100,100,100,17.5,17.7,18.2,17.8,17.7,17.8,17.5,17.8,17.7
"2026-09-30 21:08:00",131554,11.8,30.35,896,895,895,895,894,895,895,895,894,100,100,100,100,100,100,100,100,100,17.5,17.7,18.2,17.7,17.7,17.8,17.5,17.8,17.7
"2026-09-30 21:09:00",131555,11.77,30.33,896,895,895,895,894,895,895,895,894,100,100,100,100,100,100,100,100,100,17.4,17.7,18.2,17.7,17.6,17.8,17.5,17.8,17.6
"2026-09-30 21:10:00",131556,11.83,30.32,896,895,895,895,894,895,895,895,894,100,100,100,100,100,100,100,100,100,17.4,17.6,18.1,17.7,17.6,17.8,17.4,17.7,17.6
"2026-09-30 21:11:00",131557,11.77,30.3,896,895,895,895,894,895,895,895,894,100,100,100,100,100,100,100,100,100,17.4,17.6,18.1,17.7,17.6,17.7,17.4,17.7,17.6
"2026-09-30 21:12:00",131558,11.78,30.28,896,895,895,895,894,895,895,895,894,100,100,100,100,100,100,100,100,100,17.4,17.6,18.1,17.6,17.6,17.7,17.4,17.7,17.6
"2026-09-30 21:13:00",131559,11.78,30.27,896,895,895,895,894,895,895,895,894,100,100,100,100,100,100,100,100,100,17.4,17.6,18.1,17.6,17.5,17.7,17.4,17.7,17.5
"2026-09-30 21:14:00",131560,11.78,30.25,896,895,895,895,894,895,895,895,894,100,100,100,100,100,100,100,100,100,17.4,17.6,18,17.6,17.5,17.7,17.4,17.7,17.5
"2026-09-30 21:15:00",131561,11.76,30.23,896,895,895,895,894,895,895,895,894,100,100,100,100,100,100,100,100,100,17.4,17.6,18,17.6,17.5,17.7,17.3,17.6,17.5
"2026-09-30 21:16:00",131562,11.81,30.21,896,895,895,895,894,895,895,895,894,100,100,100,100,100,100,100,100,100,17.4,17.6,18,17.6,17.5,17.7,17.3,17.6,17.5
"2026-09-30 21:17:00",131563,11.79,30.2,896,895,895,895,894,895,895,895,894,100,100,100,100,100,100,100,100,100,17.4,17.6,18,17.6,17.5,17.7,17.3,17.6,17.5
"2026-09-30 21:18:00",131564,11.78,30.18,896,895,895,895,894,895,895,895,894,100,100,100,100,100,100,100,100,100,17.4,17.6,18,17.6,17.5,17.6,17.3,17.6,17.5
"2026-09-30 21:19:00",131565,11.78,30.16,896,895,895,895,894,895,895,895,894,100,100,100,100,100,100,100,100,100,17.4,17.5,18,17.6,17.5,17.6,17.3,17.6,17.5
"2026-09-30 21:20:00",131566,11.79,30.15,896,895,895,895,895,895,895,895,894,100,100,100,100,100,100,100,100,100,17.4,17.5,17.9,17.5,17.4,17.6,17.3,17.5,17.5
"2026-09-30 21:21:00",131567,11.82,30.13,896,895,895,895,895,895,895,895,894,100,100,100,100,100,100,100,100,100,17.3,17.5,17.9,17.5,17.4,17.6,17.2,17.5,17.5
"2026-09-30 21:22:00",131568,11.81,30.11,896,895,895,895,895,895,895,895,894,100,100,100,100,100,100,100,100,100,17.3,17.5,17.9,17.5,17.4,17.6,17.2,17.5,17.4
"2026-09-30 21:23:00",131569,11.78,30.09,896,895,895,895,895,895,895,895,894,100,100,100,100,100,100,100,100,100,17.3,17.5,17.9,17.5,17.4,17.5,17.2,17.5,17.4
"2026-09-30 21:24:00",131570,11.75,30.08,896,895,895,895,895,895,895,895,894,100,100,100,100,100,100,100,100,100,17.3,17.5,17.9,17.5,17.4,17.5,17.2,17.5,17.4
"2026-09-30 21:25:00",131571,11.78,30.06,896,895,895,895,895,895,895,895,894,100,100,100,100,100,100,100,100,100,17.3,17.5,17.9,17.5,17.3,17.5,17.1,17.4,17.4
"2026-09-30 21:26:00",131572,11.8,30.04,896,895,895,895,895,895,895,895,894,100,100,100,100,100,100,100,100,100,17.3,17.4,17.9,17.4,17.3,17.5,17.1,17.4,17.4
"2026-09-30 21:27:00",131573,11.78,30.02,896,895,895,895,895,895,895,895,894,100,100,100,100,100,100,100,100,100,17.2,17.4,17.9,17.4,17.3,17.5,17.1,17.4,17.3
"2026-09-30 21:28:00",131574,11.75,30,896,895,895,895,895,895,895,895,894,100,100,100,100,100,100,100,100,100,17.2,17.4,17.8,17.4,17.2,17.4,17.1,17.4,17.3
"2026-09-30 21:29:00",131575,11.8,29.99,896,895,895,895,895,895,895,895,894,100,100,100,100,100,100,100,100,100,17.2,17.4,17.8,17.4,17.2,17.4,17,17.3,17.3
"2026-09-30 21:30:00",131576,11.73,29.97,896,895,895,895,894,895,895,895,894,100,100,100,100,100,100,100,100,100,17.1,17.3,17.8,17.3,17.2,17.4,17,17.3,17.3
"2026-09-30 21:31:00",131577,11.77,29.95,896,895,895,895,895,895,895,895,894,100,100,100,100,100,100,100,100,100,17.1,17.3,17.8,17.3,17.2,17.4,17,17.3,17.3
"2026-09-30 21:32:00",131578,11.77,29.93,896,895,895,895,894,895,895,895,894,100,100,100,100,100,100,100,100,100,17.1,17.3,17.7,17.3,17.1,17.4,17,17.3,17.3
"2026-09-30 21:33:00",131579,11.82,29.92,896,895,895,895,895,895,895,895,894,100,100,100,100,100,100,100,100,100,17.1,17.2,17.7,17.3,17.1,17.3,17,17.2,17.2
"2026-09-30 21:34:00",131580,11.78,29.9,896,895,895,895,895,895,895,895,894,100,100,100,100,100,100,100,100,100,17,17.2,17.7,17.2,17.1,17.3,16.9,17.2,17.2
"2026-09-30 21:35:00",131581,11.8,29.88,896,895,895,895,895,895,895,895,894,100,100,100,100,100,100,100,100,100,17,17.2,17.7,17.2,17,17.3,16.9,17.2,17.2
"2026-09-30 21:36:00",131582,11.77,29.86,896,895,895,895,895,895,895,895,894,100,100,100,100,100,100,100,100,100,17,17.2,17.7,17.2,17,17.3,16.9,17.2,17.2
"2026-09-30 21:37:00",131583,11.75,29.84,896,895,895,895,895,895,895,895,894,100,100,100,100,100,100,100,100,100,17,17.2,17.6,17.2,17,17.3,16.9,17.2,17.2
"2026-09-30 21:38:00",131584,11.81,29.83,896,895,895,895,895,895,895,895,894,100,100,100,100,100,100,100,100,100,17,17.1,17.6,17.2,17,17.3,16.9,17.2,17.2
"2026-09-30 21:39:00",131585,11.8,29.81,896,895,895,895,895,895,895,895,894,100,100,100,100,100,100,100,100,100,17,17.1,17.6,17.2,16.9,17.3,16.9,17.2,17.1
"2026-09-30 21:40:00",131586,11.76,29.79,896,895,895,895,895,895,895,895,894,100,100,100,100,100,100,100,100,100,17,17.1,17.6,17.2,16.9,17.3,16.9,17.2,17.1
"2026-09-30 21:41:00",131587,11.8,29.77,896,895,895,895,895,895,895,895,894,100,100,100,100,100,100,100,100,100,17,17.1,17.6,17.2,16.9,17.3,16.9,17.2,17.1
"2026-09-30 21:42:00",131588,11.82,29.75,896,895,895,895,895,895,895,895,894,100,100,100,100,100,100,100,100,100,17,17.1,17.6,17.2,16.9,17.3,16.9,17.2,17.1
"2026-09-30 21:43:00",131589,11.76,29.73,896,895,895,895,895,895,895,895,894,100,100,100,100,100,100,100,100,100,17,17.1,17.6,17.2,16.9,17.3,16.9,17.2,17.1
"2026-09-30 21:44:00",131590,11.8,29.72,896,895,895,895,895,895,895,895,894,100,100,100,100,100,100,100,100,100,17,17.1,17.6,17.2,17,17.3,16.9,17.2,17.1
"2026-09-30 21:45:00",131591,11.8,29.7,896,895,895,895,895,895,895,895,894,100,100,100,100,100,100,100,100,100,17,17.1,17.6,17.2,17,17.3,16.9,17.2,17.1
"2026-09-30 21:46:00",131592,11.76,29.68,896,895,895,895,895,895,895,895,894,100,100,100,100,100,100,100,100,100,17,17.1,17.6,17.2,17,17.3,16.9,17.2,17.1
"2026-09-30 21:47:00",131593,11.8,29.66,896,895,895,895,895,895,895,895,894,100,100,100,100,100,100,100,100,100,17,17.1,17.6,17.2,17,17.3,16.9,17.2,17.1
"2026-09-30 21:48:00",131594,11.77,29.64,896,895,895,895,895,895,895,895,894,100,100,100,100,100,100,100,100,100,17,17.1,17.6,17.2,17,17.3,16.9,17.2,17.1
"2026-09-30 21:49:00",131595,11.78,29.62,896,895,895,895,895,895,895,896,894,100,100,100,100,100,100,100,100,100,17,17.1,17.6,17.2,17,17.3,16.9,17.2,17.1
"2026-09-30 21:50:00",131596,11.82,29.61,896,895,896,895,895,895,895,896,894,100,100,100,100,100,100,100,100,100,17,17.1,17.6,17.2,17.1,17.3,16.9,17.2,17.1
"2026-09-30 21:51:00",131597,11.8,29.59,896,895,896,895,895,895,895,896,894,100,100,100,100,100,100,100,100,100,16.9,17.1,17.6,17.2,17.1,17.3,16.9,17.2,17.1
"2026-09-30 21:52:00",131598,11.8,29.57,896,895,896,895,895,895,895,896,894,100,100,100,100,100,100,100,100,100,16.9,17.1,17.6,17.2,17.1,17.3,16.9,17.2,17.1
"2026-09-30 21:53:00",131599,11.79,29.55,896,895,896,895,895,895,895,896,894,100,100,100,100,100,100,100,100,100,16.9,17.1,17.6,17.2,17.1,17.3,16.9,17.2,17.1
"2026-09-30 21:54:00",131600,11.77,29.53,896,895,896,895,895,895,895,896,894,100,100,100,100,100,100,100,100,100,16.9,17.1,17.6,17.2,17.1,17.3,16.9,17.2,17.1
"2026-09-30 21:55:00",131601,11.76,29.51,896,895,896,895,895,895,895,896,894,100,100,100,100,100,100,100,100,100,16.8,17,17.6,17.2,17.1,17.3,16.9,17.2,17.1
"2026-09-30 21:56:00",131602,11.81,29.5,896,895,895,895,895,895,895,896,894,100,100,100,100,100,100,100,100,100,16.8,17,17.5,17.2,17.1,17.2,16.9,17.1,17
"2026-09-30 21:57:00",131603,11.77,29.48,896,895,896,895,895,895,895,895,894,100,100,100,100,100,100,100,100,100,16.8,17,17.5,17.2,17.1,17.2,16.9,17.1,17
"2026-09-30 21:58:00",131604,11.8,29.46,896,895,895,895,895,895,895,895,894,100,100,100,100,100,100,100,100,100,16.8,17,17.5,17.2,17.1,17.2,16.8,17.1,17
"2026-09-30 21:59:00",131605,11.79,29.44,896,895,895,895,895,895,895,895,894,100,100,100,100,100,100,100,100,100,16.8,17,17.5,17.2,17.1,17.2,16.8,17.1,17
"2026-09-30 22:00:00",131606,11.8,29.42,896,895,895,895,895,895,895,895,894,100,100,100,100,100,100,100,100,100,16.8,17,17.5,17.2,17.1,17.2,16.8,17.1,17
"2026-09-30 22:01:00",131607,11.81,29.41,896,895,895,895,895,895,895,895,894,100,100,100,100,100,100,100,100,100,16.8,16.9,17.5,17.2,17.1,17.2,16.8,17.1,17
"2026-09-30 22:02:00",131608,11.8,29.39,896,895,895,895,895,895,895,895,894,100,100,100,100,100,100,100,100,100,16.8,16.9,17.5,17.2,17.1,17.2,16.8,17.1,17
"2026-09-30 22:03:00",131609,11.77,29.37,896,895,895,895,895,895,895,895,894,100,100,100,100,100,100,100,100,100,16.7,16.9,17.5,17.2,17.1,17.3,16.8,17.1,17
"2026-09-30 22:04:00",131610,11.8,29.35,896,895,896,895,895,895,895,896,894,100,100,100,100,100,100,100,100,100,16.8,16.9,17.5,17.2,17.1,17.3,16.8,17.1,17
"2026-09-30 22:05:00",131611,11.81,29.33,896,895,896,895,895,895,895,895,894,100,100,100,100,100,100,100,100,100,16.7,16.9,17.5,17.2,17.1,17.3,16.8,17.1,17
"2026-09-30 22:06:00",131612,11.78,29.32,896,895,895,895,895,895,895,896,894,100,100,100,100,100,100,100,100,100,16.7,16.9,17.5,17.2,17.1,17.3,16.8,17.1,17
"2026-09-30 22:07:00",131613,11.78,29.3,896,895,896,895,895,895,895,896,894,100,100,100,100,100,100,100,100,100,16.7,16.9,17.5,17.2,17.1,17.2,16.8,17.1,17
"2026-09-30 22:08:00",131614,11.81,29.28,896,895,896,895,895,895,895,896,894,100,100,100,100,100,100,100,100,100,16.7,16.9,17.5,17.2,17.1,17.2,16.7,17.1,17
"2026-09-30 22:09:00",131615,11.76,29.26,896,895,896,895,895,895,895,896,894,100,100,100,100,100,100,100,100,100,16.7,16.9,17.5,17.1,17,17.2,16.7,17.1,17
"2026-09-30 22:10:00",131616,11.81,29.25,896,895,896,895,895,895,895,895,894,100,100,100,100,100,100,100,100,100,16.7,16.9,17.5,17.1,17,17.2,16.7,17,17
"2026-09-30 22:11:00",131617,11.78,29.23,896,895,896,895,895,895,895,896,894,100,100,100,100,100,100,100,100,100,16.7,16.9,17.5,17.1,17,17.2,16.7,17,17
"2026-09-30 22:12:00",131618,11.8,29.21,896,895,896,895,895,895,895,896,894,100,100,100,100,100,100,100,100,100,16.7,16.8,17.5,17.1,17,17.1,16.7,17,16.9
"2026-09-30 22:13:00",131619,11.76,29.19,896,895,896,895,895,895,895,896,894,100,100,100,100,100,100,100,100,100,16.7,16.8,17.4,17.1,17,17.1,16.7,17,16.9
"2026-09-30 22:14:00",131620,11.81,29.18,896,895,896,895,895,895,895,896,894,100,100,100,100,100,100,100,100,100,16.6,16.8,17.4,17.1,17,17.1,16.7,16.9,16.9
"2026-09-30 22:15:00",131621,11.77,29.16,896,895,896,895,895,895,895,896,894,100,100,100,100,100,100,100,100,100,16.6,16.8,17.4,17.1,17,17.1,16.6,16.9,16.8
"2026-09-30 22:16:00",131622,11.78,29.14,896,895,896,895,895,895,895,896,894,100,100,100,100,100,100,100,100,100,16.6,16.8,17.4,17,17,17.1,16.6,16.9,16.8
"2026-09-30 22:17:00",131623,11.81,29.12,896,895,896,895,895,895,895,896,894,100,100,100,100,100,100,100,100,100,16.6,16.8,17.4,17,17,17.1,16.6,16.9,16.8
"2026-09-30 22:18:00",131624,11.77,29.11,896,895,896,895,895,895,895,896,894,100,100,100,100,100,100,100,100,100,16.6,16.7,17.4,17,17,17.1,16.6,16.8,16.8
"2026-09-30 22:19:00",131625,11.81,29.09,896,895,896,895,895,895,895,896,894,100,100,100,100,100,100,100,100,100,16.5,16.7,17.3,17,17,17.1,16.6,16.8,16.8
"2026-09-30 22:20:00",131626,11.79,29.07,896,895,896,895,895,895,895,896,894,100,100,100,100,100,100,100,100,100,16.5,16.7,17.3,17,16.9,17,16.6,16.8,16.8
"2026-09-30 22:21:00",131627,11.77,29.05,896,895,896,895,895,895,895,896,894,100,100,100,100,100,100,100,100,100,16.5,16.6,17.3,17,16.9,17,16.6,16.7,16.7
"2026-09-30 22:22:00",131628,11.75,29.04,896,895,896,895,895,895,895,896,894,100,100,100,100,100,100,100,100,100,16.4,16.6,17.2,16.9,16.9,17,16.5,16.7,16.7
"2026-09-30 22:23:00",131629,11.82,29.02,896,895,896,895,895,895,895,896,894,100,100,100,100,100,100,100,100,100,16.4,16.6,17.2,16.9,16.8,17,16.5,16.6,16.7
"2026-09-30 22:24:00",131630,11.81,29,896,895,896,895,895,895,895,896,894,100,100,100,100,100,100,100,100,100,16.4,16.5,17.1,16.9,16.8,16.9,16.5,16.6,16.6
"2026-09-30 22:25:00",131631,11.78,28.98,896,895,896,895,895,895,895,896,894,100,100,100,100,100,100,100,100,100,16.3,16.5,17.1,16.8,16.7,16.9,16.5,16.6,16.6
"2026-09-30 22:26:00",131632,11.78,28.97,896,895,896,895,895,895,895,896,894,100,100,100,100,100,100,100,100,100,16.3,16.5,17.1,16.8,16.7,16.9,16.4,16.6,16.6
"2026-09-30 22:27:00",131633,11.79,28.95,896,895,896,895,895,895,895,896,894,100,100,100,100,100,100,100,100,100,16.3,16.5,17.1,16.8,16.7,16.8,16.4,16.5,16.6
"2026-09-30 22:28:00",131634,11.78,28.93,896,895,896,895,895,895,895,896,894,100,100,100,100,100,100,100,100,100,16.3,16.5,17,16.8,16.6,16.8,16.4,16.5,16.5
"2026-09-30 22:29:00",131635,11.81,28.91,896,895,896,895,895,895,895,896,894,100,100,100,100,100,100,100,100,100,16.3,16.5,17,16.8,16.6,16.8,16.4,16.5,16.5
"2026-09-30 22:30:00",131636,11.77,28.9,896,895,896,895,895,895,895,896,894,100,100,100,100,100,100,100,100,100,16.3,16.5,17,16.7,16.6,16.8,16.4,16.5,16.5
"2026-09-30 22:31:00",131637,11.81,28.88,896,895,896,895,895,895,895,896,894,100,100,100,100,100,100,100,100,100,16.3,16.5,17,16.7,16.6,16.8,16.4,16.5,16.5
"2026-09-30 22:32:00",131638,11.78,28.86,896,895,896,895,895,895,895,896,894,100,100,100,100,100,100,100,100,100,16.3,16.5,17,16.7,16.6,16.8,16.3,16.5,16.5
"2026-09-30 22:33:00",131639,11.78,28.84,896,895,896,895,895,895,895,896,894,100,100,100,100,100,100,100,100,100,16.2,16.5,17,16.7,16.6,16.8,16.3,16.5,16.5
"2026-09-30 22:34:00",131640,11.8,28.83,896,895,896,895,895,895,895,896,894,100,100,100,100,100,100,100,100,100,16.2,16.4,17,16.7,16.5,16.8,16.3,16.5,16.5
"2026-09-30 22:35:00",131641,11.74,28.81,896,895,896,895,895,895,895,896,894,100,100,100,100,100,100,100,100,100,16.2,16.4,17,16.7,16.5,16.7,16.3,16.5,16.5
"2026-09-30 22:36:00",131642,11.79,28.79,896,895,896,895,895,895,895,896,894,100,100,100,100,100,100,100,100,100,16.2,16.4,17,16.7,16.5,16.7,16.3,16.5,16.4
"2026-09-30 22:37:00",131643,11.78,28.77,896,895,896,895,895,895,895,896,894,100,100,100,100,100,100,100,100,100,16.2,16.4,17,16.6,16.5,16.7,16.3,16.5,16.4
"2026-09-30 22:38:00",131644,11.81,28.75,896,895,896,895,895,895,895,896,894,100,100,100,100,100,100,100,100,100,16.2,16.4,17,16.6,16.5,16.7,16.3,16.5,16.4
"2026-09-30 22:39:00",131645,11.81,28.74,896,895,896,895,895,895,895,896,894,100,100,100,100,100,100,100,100,100,16.2,16.4,17,16.6,16.5,16.7,16.3,16.5,16.4
"2026-09-30 22:40:00",131646,11.77,28.72,896,895,896,895,895,895,895,896,894,100,100,100,100,100,100,100,100,100,16.2,16.4,17,16.6,16.5,16.7,16.3,16.5,16.4
"2026-09-30 22:41:00",131647,11.75,28.7,896,895,896,895,895,895,895,896,894,100,100,100,100,100,100,100,100,100,16.2,16.4,17,16.6,16.5,16.7,16.3,16.5,16.4
"2026-09-30 22:42:00",131648,11.75,28.68,896,895,896,895,895,895,895,896,894,100,100,100,100,100,100,100,100,100,16.2,16.4,17,16.6,16.5,16.7,16.3,16.5,16.4
"2026-09-30 22:43:00",131649,11.79,28.66,896,895,896,895,895,895,895,896,894,100,100,100,100,100,100,100,100,100,16.2,16.4,17,16.6,16.5,16.7,16.3,16.5,16.4
"2026-09-30 22:44:00",131650,11.78,28.65,896,895,896,895,895,895,895,896,894,100,100,100,100,100,100,100,100,100,16.2,16.4,16.9,16.6,16.5,16.7,16.3,16.5,16.4
"2026-09-30 22:45:00",131651,11.74,28.63,896,895,896,895,895,895,895,896,894,100,100,100,100,100,100,100,100,100,16.2,16.4,16.9,16.6,16.5,16.7,16.3,16.5,16.4
"2026-09-30 22:46:00",131652,11.75,28.61,896,895,896,895,895,895,895,896,894,100,100,100,100,100,100,100,100,100,16.2,16.4,16.9,16.6,16.5,16.7,16.3,16.5,16.4
"2026-09-30 22:47:00",131653,11.77,28.59,896,895,896,895,895,895,895,896,894,100,100,100,100,100,100,100,100,100,16.1,16.3,16.9,16.6,16.5,16.7,16.3,16.5,16.4
"2026-09-30 22:48:00",131654,11.75,28.58,896,895,896,895,895,895,895,896,894,100,100,100,100,100,100,100,100,100,16.1,16.3,16.9,16.5,16.4,16.7,16.2,16.4,16.3
"2026-09-30 22:49:00",131655,11.75,28.56,896,895,896,895,895,895,895,896,894,100,100,100,100,100,100,100,100,100,16.1,16.3,16.9,16.5,16.4,16.6,16.2,16.4,16.3
"2026-09-30 22:50:00",131656,11.78,28.54,896,895,896,895,895,895,895,896,894,100,100,100,100,100,100,100,100,100,16.1,16.3,16.8,16.5,16.4,16.6,16.2,16.4,16.3
"2026-09-30 22:51:00",131657,11.81,28.53,896,895,896,895,895,895,895,896,894,100,100,100,100,100,100,100,100,100,16,16.3,16.8,16.5,16.3,16.6,16.1,16.4,16.3
"2026-09-30 22:52:00",131658,11.77,28.51,896,895,896,895,895,895,895,896,894,100,100,100,100,100,100,100,100,100,16,16.3,16.8,16.5,16.3,16.5,16.1,16.3,16.3
"2026-09-30 22:53:00",131659,11.78,28.49,896,895,896,895,895,895,895,896,894,100,100,100,100,100,100,100,100,100,16,16.2,16.8,16.4,16.3,16.5,16.1,16.3,16.2
"2026-09-30 22:54:00",131660,11.78,28.47,896,895,896,895,895,895,895,896,894,100,100,100,100,100,100,100,100,100,16,16.2,16.7,16.4,16.3,16.5,16.1,16.3,16.2
"2026-09-30 22:55:00",131661,11.77,28.46,896,895,896,895,895,895,895,896,894,100,100,100,100,100,100,100,100,100,15.9,16.2,16.7,16.4,16.2,16.4,16,16.2,16.2
"2026-09-30 22:56:00",131662,11.79,28.44,896,895,896,895,895,895,896,896,894,100,100,100,100,100,100,100,100,100,15.9,16.2,16.7,16.3,16.2,16.4,16,16.2,16.1
"2026-09-30 22:57:00",131663,11.76,28.42,896,895,896,895,895,895,895,896,894,100,100,100,100,100,100,100,100,100,15.9,16.1,16.7,16.3,16.2,16.4,16,16.2,16.1
"2026-09-30 22:58:00",131664,11.77,28.41,896,895,896,895,895,895,895,896,894,100,100,100,100,100,100,100,100,100,15.9,16.1,16.6,16.3,16.1,16.4,16,16.2,16.1
"2026-09-30 22:59:00",131665,11.74,28.39,896,895,896,895,895,895,895,896,894,100,100,100,100,100,100,100,100,100,15.9,16.1,16.6,16.3,16.1,16.3,15.9,16.1,16.1
"2026-09-30 23:00:00",131666,11.81,28.37,896,895,896,895,895,895,895,896,894,100,100,100,100,100,100,100,100,100,15.8,16.1,16.6,16.3,16.1,16.3,15.9,16.1,16.1
"2026-09-30 23:01:00",131667,11.8,28.35,896,895,896,895,895,895,895,896,894,100,100,100,100,100,100,100,100,100,15.9,16.1,16.6,16.2,16.1,16.3,15.9,16.1,16.1
"2026-09-30 23:02:00",131668,11.8,28.34,896,895,896,895,895,895,896,896,894,100,100,100,100,100,100,100,100,100,15.9,16.1,16.5,16.2,16.1,16.3,15.9,16.1,16
"2026-09-30 23:03:00",131669,11.76,28.32,896,895,896,895,895,895,895,896,894,100,100,100,100,100,100,100,100,100,15.9,16.1,16.5,16.2,16.1,16.3,15.9,16.1,16
"2026-09-30 23:04:00",131670,11.79,28.3,896,895,896,895,895,895,896,896,894,100,100,100,100,100,100,100,100,100,15.9,16.1,16.5,16.2,16.1,16.3,15.9,16.1,16
"2026-09-30 23:05:00",131671,11.82,28.29,896,895,896,895,895,895,896,896,894,100,100,100,100,100,100,100,100,100,15.9,16.1,16.6,16.2,16.1,16.3,15.9,16.2,16
"2026-09-30 23:06:00",131672,11.74,28.27,896,895,896,895,895,895,896,896,894,100,100,100,100,100,100,100,100,100,15.9,16.1,16.6,16.2,16.1,16.3,15.9,16.2,16
"2026-09-30 23:07:00",131673,11.8,28.25,896,895,896,895,895,895,896,896,894,100,100,100,100,100,100,100,100,100,16,16.1,16.6,16.2,16.1,16.3,15.9,16.2,16
"2026-09-30 23:08:00",131674,11.76,28.23,896,895,896,895,895,895,896,896,894,100,100,100,100,100,100,100,100,100,16,16.1,16.6,16.3,16.1,16.3,15.9,16.2,16
"2026-09-30 23:09:00",131675,11.77,28.22,896,895,896,895,895,895,896,896,894,100,100,100,100,100,100,100,100,100,16,16.1,16.6,16.2,16.1,16.3,15.9,16.2,16.1
"2026-09-30 23:10:00",131676,11.8,28.2,896,895,896,895,895,895,895,896,894,100,100,100,100,100,100,100,100,100,16,16.2,16.6,16.2,16.1,16.4,15.9,16.2,16.1
"2026-09-30 23:11:00",131677,11.77,28.18,896,895,896,895,895,895,895,896,894,100,100,100,100,100,100,100,100,100,16,16.2,16.6,16.2,16.1,16.4,15.9,16.2,16.1
"2026-09-30 23:12:00",131678,11.81,28.17,896,895,896,895,895,895,895,896,894,100,100,100,100,100,100,100,100,100,16,16.2,16.6,16.2,16.1,16.4,15.9,16.2,16.1
"2026-09-30 23:13:00",131679,11.81,28.15,896,895,896,895,895,895,895,896,894,100,100,100,100,100,100,100,100,100,16,16.2,16.6,16.3,16.1,16.4,15.9,16.2,16.1
"2026-09-30 23:14:00",131680,11.8,28.13,896,895,896,895,895,895,895,896,894,100,100,100,100,100,100,100,100,100,16,16.2,16.6,16.3,16.1,16.3,15.9,16.2,16.1
"2026-09-30 23:15:00",131681,11.78,28.11,896,895,896,895,895,895,895,896,894,100,100,100,100,100,100,100,100,100,16,16.2,16.6,16.2,16.1,16.3,15.9,16.2,16.1
"2026-09-30 23:16:00",131682,11.77,28.1,896,895,896,895,895,895,895,896,894,100,100,100,100,100,100,100,100,100,16,16.2,16.7,16.3,16.1,16.3,15.9,16.2,16.1
"2026-09-30 23:17:00",131683,11.77,28.08,896,895,896,895,895,895,895,896,894,100,100,100,100,100,100,100,100,100,16,16.2,16.7,16.3,16.1,16.3,15.9,16.2,16.1
"2026-09-30 23:18:00",131684,11.74,28.06,896,895,896,895,895,895,895,896,894,100,100,100,100,100,100,100,100,100,16,16.2,16.7,16.2,16.1,16.4,15.9,16.1,16.1
"2026-09-30 23:19:00",131685,11.81,28.05,896,895,896,895,895,895,895,896,894,100,100,100,100,100,100,100,100,100,16,16.2,16.7,16.3,16.1,16.4,15.9,16.2,16.1
"2026-09-30 23:20:00",131686,11.79,28.03,896,895,896,895,895,895,895,896,894,100,100,100,100,100,100,100,100,100,16,16.2,16.7,16.3,16.1,16.4,16,16.2,16.1
"2026-09-30 23:21:00",131687,11.78,28.01,896,895,896,895,895,895,895,896,894,100,100,100,100,100,100,100,100,100,16.1,16.2,16.7,16.3,16.1,16.4,16,16.2,16.1
"2026-09-30 23:22:00",131688,11.81,28,896,895,896,895,895,895,895,896,894,100,100,100,100,100,100,100,100,100,16,16.2,16.7,16.3,16.1,16.4,16,16.2,16.1
"2026-09-30 23:23:00",131689,11.79,27.98,896,895,896,895,895,895,895,896,894,100,100,100,100,100,100,100,100,100,16,16.2,16.7,16.3,16.1,16.4,15.9,16.2,16.1
"2026-09-30 23:24:00",131690,11.77,27.96,896,895,896,895,895,895,895,896,894,100,100,100,100,100,100,100,100,100,16,16.2,16.7,16.3,16.1,16.4,15.9,16.2,16.1
"2026-09-30 23:25:00",131691,11.81,27.94,896,895,896,895,895,895,895,896,894,100,100,100,100,100,100,100,100,100,16,16.2,16.7,16.2,16.1,16.4,15.9,16.2,16.2
"2026-09-30 23:26:00",131692,11.78,27.93,896,895,896,895,895,895,895,896,894,100,100,100,100,100,100,100,100,100,16,16.2,16.7,16.2,16.1,16.4,15.9,16.1,16.2
"2026-09-30 23:27:00",131693,11.78,27.91,896,895,896,895,895,895,895,896,894,100,100,100,100,100,100,100,100,100,16,16.1,16.7,16.2,16.1,16.3,15.9,16.1,16.2
"2026-09-30 23:28:00",131694,11.77,27.89,896,895,896,895,895,895,895,896,894,100,100,100,100,100,100,100,100,100,15.9,16.1,16.7,16.2,16.1,16.3,15.9,16.1,16.1
"2026-09-30 23:29:00",131695,11.83,27.88,896,895,896,895,895,895,895,896,894,100,100,100,100,100,100,100,100,100,15.9,16.1,16.6,16.2,16,16.3,15.9,16.1,16.1
"2026-09-30 23:30:00",131696,11.8,27.86,896,895,896,895,895,895,895,896,894,100,100,100,100,100,100,100,100,100,15.9,16.1,16.6,16.2,16,16.3,15.8,16.1,16.1
"2026-09-30 23:31:00",131697,11.78,27.85,896,895,896,895,895,895,895,896,894,100,100,100,100,100,100,100,100,100,15.9,16.1,16.6,16.2,16,16.3,15.8,16.1,16.1
"2026-09-30 23:32:00",131698,11.81,27.83,896,895,896,895,895,895,895,896,894,100,100,100,100,100,100,100,100,100,15.9,16.1,16.6,16.1,16,16.3,15.8,16.1,16.1
"2026-09-30 23:33:00",131699,11.79,27.81,896,895,896,895,895,895,895,896,894,100,100,100,100,100,100,100,100,100,15.9,16.1,16.6,16.1,15.9,16.3,15.8,16.1,16.1
"2026-09-30 23:34:00",131700,11.81,27.8,896,895,896,895,895,895,895,896,894,100,100,100,100,100,100,100,100,100,15.9,16.1,16.6,16.1,15.9,16.3,15.8,16.1,16.1
"2026-09-30 23:35:00",131701,11.79,27.78,896,895,896,895,895,895,895,896,894,100,100,100,100,100,100,100,100,100,16,16.1,16.7,16.1,15.9,16.3,15.9,16.1,16.1
"2026-09-30 23:36:00",131702,11.75,27.76,896,895,896,895,895,895,895,896,894,100,100,100,100,100,100,100,100,100,16,16.1,16.7,16.1,15.9,16.3,15.9,16.1,16.1
"2026-09-30 23:37:00",131703,11.75,27.75,896,895,896,895,895,895,895,896,894,100,100,100,100,100,100,100,100,100,16,16.2,16.7,16.1,15.9,16.3,15.9,16.1,16.1
"2026-09-30 23:38:00",131704,11.77,27.73,896,895,896,895,895,895,895,896,894,100,100,100,100,100,100,100,100,100,16,16.2,16.7,16.1,15.9,16.3,15.9,16.1,16.1
"2026-09-30 23:39:00",131705,11.77,27.72,896,895,896,895,895,895,895,896,894,100,100,100,100,100,100,100,100,100,16.1,16.2,16.7,16.1,16,16.3,15.9,16.1,16.1
"2026-09-30 23:40:00",131706,11.78,27.7,896,895,896,895,895,895,895,896,894,100,100,100,100,100,100,100,100,100,16.1,16.2,16.7,16.1,16,16.3,15.9,16.1,16.2
"2026-09-30 23:41:00",131707,11.77,27.69,896,895,896,895,895,895,895,896,894,100,100,100,100,100,100,100,100,100,16,16.2,16.7,16.2,16,16.3,15.9,16.1,16.2
"2026-09-30 23:42:00",131708,11.75,27.67,896,895,896,895,895,895,895,896,894,100,100,100,100,100,100,100,100,100,16,16.2,16.7,16.1,16,16.3,15.9,16.1,16.2
"2026-09-30 23:43:00",131709,11.76,27.65,896,895,896,895,895,895,895,896,894,100,100,100,100,100,100,100,100,100,16,16.2,16.7,16.1,16,16.3,15.9,16.1,16.2
"2026-09-30 23:44:00",131710,11.8,27.64,896,895,896,895,895,895,895,896,894,100,100,100,100,100,100,100,100,100,16,16.2,16.7,16.1,16,16.3,15.9,16.1,16.2
"2026-09-30 23:45:00",131711,11.75,27.62,896,895,896,895,895,895,895,896,894,100,100,100,100,100,100,100,100,100,16,16.1,16.7,16.1,16,16.2,15.9,16.1,16.1
"2026-09-30 23:46:00",131712,11.83,27.61,896,895,896,895,895,895,895,896,894,100,100,100,100,100,100,100,100,100,15.9,16.1,16.6,16.1,16,16.2,15.8,16.1,16.1
"2026-09-30 23:47:00",131713,11.76,27.59,896,895,896,895,895,895,895,896,894,100,100,100,100,100,100,100,100,100,15.9,16.1,16.6,16.1,15.9,16.2,15.8,16,16.1
"2026-09-30 23:48:00",131714,11.82,27.58,896,895,896,895,895,895,895,896,894,100,100,100,100,100,100,100,100,100,15.8,16,16.6,16.1,15.9,16.1,15.8,16,16
"2026-09-30 23:49:00",131715,11.76,27.56,896,895,896,895,895,895,895,896,894,100,100,100,100,100,100,100,100,100,15.8,16,16.5,16,15.9,16.1,15.7,16,16
"2026-09-30 23:50:00",131716,11.82,27.55,896,895,896,895,895,895,895,896,894,100,100,100,100,100,100,100,100,100,15.8,16,16.5,16,15.9,16.1,15.7,16,16
"2026-09-30 23:51:00",131717,11.81,27.53,896,895,896,895,895,895,895,896,894,100,100,100,100,100,100,100,100,100,15.8,15.9,16.5,16,15.8,16.1,15.7,15.9,15.9
"2026-09-30 23:52:00",131718,11.76,27.52,896,895,896,895,895,895,895,896,894,100,100,100,100,100,100,100,100,100,15.7,15.9,16.5,16,15.8,16,15.6,15.9,15.9
"2026-09-30 23:53:00",131719,11.79,27.51,896,895,896,895,895,895,895,896,894,100,100,100,100,100,100,100,100,100,15.7,15.9,16.4,15.9,15.8,16,15.6,15.9,15.9
"2026-09-30 23:54:00",131720,11.78,27.49,896,895,896,895,895,895,895,896,894,100,100,100,100,100,100,100,100,100,15.7,15.9,16.4,15.9,15.8,16,15.6,15.9,15.9
"2026-09-30 23:55:00",131721,11.76,27.48,896,895,896,895,895,895,895,896,894,100,100,100,100,100,100,100,100,100,15.7,15.9,16.4,15.9,15.8,16,15.6,15.9,15.9
"2026-09-30 23:56:00",131722,11.77,27.46,896,895,896,895,895,895,895,895,894,100,100,100,100,100,100,100,100,100,15.7,15.9,16.4,15.9,15.8,16,15.6,15.9,15.9
"2026-09-30 23:57:00",131723,11.8,27.45,896,895,895,895,895,895,895,896,894,100,100,100,100,100,100,100,100,100,15.7,15.9,16.4,15.9,15.8,16,15.5,15.9,15.8
"2026-09-30 23:58:00",131724,11.78,27.43,896,895,896,895,895,895,895,896,894,100,100,100,100,100,100,100,100,100,15.7,15.9,16.4,15.9,15.8,16,15.5,15.9,15.8
"2026-09-30 23:59:00",131725,11.78,27.42,896,895,895,895,895,895,895,896,894,100,100,100,100,100,100,100,100,100,15.7,15.9,16.4,15.9,15.8,16,15.5,15.9,15.8
"2026-10-01 00:00:00",131726,11.79,27.41,896,895,895,895,895,895,895,896,894,100,100,100,100,100,100,100,100,100,15.7,15.9,16.4,15.9,15.8,16,15.5,15.9,15.8
"2026-10-01 00:01:00",131727,11.77,27.39,896,895,895,895,895,895,895,895,894,100,100,100,100,100,100,100,100,100,15.7,15.9,16.4,15.9,15.8,16,15.5,15.9,15.8
"2026-10-01 00:02:00",131728,11.82,27.38,896,895,895,895,895,895,895,895,894,100,100,100,100,100,100,100,100,100,15.8,15.9,16.4,15.9,15.8,16,15.6,15.9,15.8
"2026-10-01 00:03:00",131729,11.76,27.37,896,895,895,895,895,895,895,895,894,100,100,100,100,100,100,100,100,100,15.8,15.9,16.4,15.9,15.9,16.1,15.6,15.9,15.9
"2026-10-01 00:04:00",131730,11.8,27.35,896,895,895,895,895,895,895,895,894,100,100,100,100,100,100,100,100,100,15.8,15.9,16.5,16,15.9,16.1,15.6,15.9,15.9
"2026-10-01 00:05:00",131731,11.81,27.34,896,895,895,895,895,895,895,895,894,100,100,100,100,100,100,100,100,100,15.8,15.9,16.5,16,15.9,16.1,15.6,15.9,15.9
"2026-10-01 00:06:00",131732,11.82,27.32,896,895,895,895,895,895,895,895,894,100,100,100,100,100,100,100,100,100,15.8,15.9,16.5,16,15.9,16.1,15.7,15.9,16
"2026-10-01 00:07:00",131733,11.79,27.31,896,895,895,895,895,895,895,895,894,100,100,100,100,100,100,100,100,100,15.8,16,16.5,16,16,16.2,15.7,15.9,16
"2026-10-01 00:08:00",131734,11.79,27.3,896,895,895,895,895,895,895,895,894,100,100,100,100,100,100,100,100,100,15.8,16,16.5,16,16,16.2,15.7,15.9,16
"2026-10-01 00:09:00",131735,11.79,27.28,896,895,895,895,895,895,895,895,894,100,100,100,100,100,100,100,100,100,15.8,16,16.6,16,16,16.2,15.7,15.9,16.1
"2026-10-01 00:10:00",131736,11.78,27.27,896,895,895,895,895,895,895,895,894,100,100,100,100,100,100,100,100,100,15.8,16,16.6,16.1,16,16.2,15.7,15.9,16.1
"2026-10-01 00:11:00",131737,11.82,27.26,896,895,895,895,895,895,895,895,894,100,100,100,100,100,100,100,100,100,15.8,15.9,16.6,16.1,16,16.2,15.7,15.8,16.1
"2026-10-01 00:12:00",131738,11.76,27.24,896,895,895,895,895,895,895,895,894,100,100,100,100,100,100,100,100,100,15.8,15.9,16.5,16.1,16,16.2,15.7,15.8,16.1
"2026-10-01 00:13:00",131739,11.79,27.23,896,895,895,895,894,895,895,895,894,100,100,100,100,100,100,100,100,100,15.7,15.9,16.5,16,16,16.2,15.7,15.8,16.1
"2026-10-01 00:14:00",131740,11.74,27.22,896,895,895,895,894,895,895,895,894,100,100,100,100,100,100,100,100,100,15.7,15.9,16.5,16,16,16.2,15.7,15.8,16
"2026-10-01 00:15:00",131741,11.78,27.2,896,895,895,895,894,895,895,895,894,100,100,100,100,100,100,100,100,100,15.7,15.9,16.5,16,16,16.1,15.7,15.8,16
"2026-10-01 00:16:00",131742,11.78,27.19,896,895,895,895,894,895,895,895,894,100,100,100,100,100,100,100,100,100,15.6,15.8,16.5,16,15.9,16.1,15.6,15.8,16
"2026-10-01 00:17:00",131743,11.8,27.18,896,895,895,895,894,895,895,895,894,100,100,100,100,100,100,100,100,100,15.6,15.8,16.4,16,15.9,16.1,15.6,15.8,16
"2026-10-01 00:18:00",131744,11.79,27.16,896,895,895,895,894,895,895,895,894,100,100,100,100,100,100,100,100,100,15.6,15.8,16.4,16,15.9,16.1,15.6,15.8,15.9
"2026-10-01 00:19:00",131745,11.79,27.15,896,895,895,895,894,895,895,895,894,100,100,100,100,100,100,100,100,100,15.6,15.8,16.4,16,15.9,16.1,15.6,15.8,15.9
"2026-10-01 00:20:00",131746,11.79,27.14,896,895,895,895,894,895,895,895,894,100,100,100,100,100,100,100,100,100,15.6,15.8,16.4,16,15.9,16.1,15.6,15.8,15.9
"2026-10-01 00:21:00",131747,11.82,27.12,896,895,895,895,894,895,895,895,894,100,100,100,100,100,100,100,100,100,15.6,15.8,16.4,16,15.9,16.1,15.6,15.8,15.9
"2026-10-01 00:22:00",131748,11.8,27.11,896,895,895,895,894,895,895,895,894,100,100,100,100,100,100,100,100,100,15.6,15.8,16.4,16,15.9,16.1,15.6,15.8,15.9
"2026-10-01 00:23:00",131749,11.81,27.1,896,895,895,895,894,895,895,895,894,100,100,100,100,100,100,100,100,100,15.6,15.8,16.4,16,15.9,16.1,15.6,15.8,15.9
"2026-10-01 00:24:00",131750,11.79,27.08,896,895,895,895,894,895,895,895,894,100,100,100,100,100,100,100,100,100,15.7,15.8,16.4,16,15.9,16.1,15.6,15.8,15.8
"2026-10-01 00:25:00",131751,11.78,27.07,896,895,895,895,894,895,895,895,894,100,100,100,100,100,100,100,100,100,15.7,15.9,16.5,16,15.9,16.1,15.7,15.9,15.8
"2026-10-01 00:26:00",131752,11.73,27.06,896,895,895,895,894,895,895,895,894,100,100,100,100,100,100,100,100,100,15.7,15.9,16.5,16,15.9,16.1,15.7,15.9,15.8
"2026-10-01 00:27:00",131753,11.78,27.04,896,895,895,895,894,895,895,895,894,100,100,100,100,100,100,100,100,100,15.7,15.9,16.5,16,15.9,16.1,15.7,15.9,15.8
"2026-10-01 00:28:00",131754,11.79,27.03,896,895,895,895,894,895,895,895,894,100,100,100,100,100,100,100,100,100,15.7,15.9,16.5,15.9,15.9,16.1,15.7,15.9,15.8
"2026-10-01 00:29:00",131755,11.76,27.02,896,895,895,895,894,895,895,895,894,100,100,100,100,100,100,100,100,100,15.7,15.9,16.4,15.9,15.9,16.1,15.7,15.9,15.8
"2026-10-01 00:30:00",131756,11.77,27,896,895,895,895,894,895,895,895,894,100,100,100,100,100,100,100,100,100,15.7,15.8,16.4,15.9,15.8,16.1,15.6,15.9,15.8
"2026-10-01 00:31:00",131757,11.82,26.99,896,895,895,895,894,895,895,895,894,100,100,100,100,100,100,100,100,100,15.7,15.8,16.4,15.9,15.8,16,15.6,15.8,15.8
"2026-10-01 00:32:00",131758,11.77,26.98,896,895,895,895,894,895,895,895,894,100,100,100,100,100,100,100,100,100,15.7,15.8,16.4,15.9,15.8,16,15.6,15.8,15.8
"2026-10-01 00:33:00",131759,11.78,26.96,896,895,895,895,894,895,895,895,894,100,100,100,100,100,100,100,100,100,15.7,15.8,16.4,15.9,15.8,16,15.6,15.8,15.7
"2026-10-01 00:34:00",131760,11.78,26.95,896,895,895,895,894,895,895,895,894,100,100,100,100,100,100,100,100,100,15.6,15.8,16.3,15.9,15.7,16,15.6,15.8,15.7
"2026-10-01 00:35:00",131761,11.81,26.94,896,895,895,895,894,895,895,895,894,100,100,100,100,100,100,100,100,100,15.6,15.7,16.3,15.9,15.7,16,15.5,15.8,15.7
"2026-10-01 00:36:00",131762,11.78,26.93,896,895,895,894,894,895,895,895,894,100,100,100,100,100,100,100,100,100,15.6,15.7,16.3,15.8,15.7,15.9,15.5,15.7,15.7
"2026-10-01 00:37:00",131763,11.78,26.91,896,895,895,894,894,895,895,895,894,100,100,100,100,100,100,100,100,100,15.6,15.7,16.3,15.8,15.7,15.9,15.5,15.7,15.7
"2026-10-01 00:38:00",131764,11.8,26.9,896,895,895,894,894,895,895,895,894,100,100,100,100,100,100,100,100,100,15.5,15.7,16.2,15.8,15.7,15.9,15.5,15.7,15.7
"2026-10-01 00:39:00",131765,11.78,26.89,896,895,895,894,894,895,895,895,894,100,100,100,100,100,100,100,100,100,15.5,15.7,16.2,15.8,15.6,15.9,15.4,15.7,15.7
"2026-10-01 00:40:00",131766,11.81,26.88,896,895,895,894,894,895,895,895,894,100,100,100,100,100,100,100,100,100,15.5,15.7,16.2,15.8,15.6,15.9,15.4,15.6,15.7
"2026-10-01 00:41:00",131767,11.8,26.86,896,895,895,894,894,895,895,895,894,100,100,100,100,100,100,100,100,100,15.5,15.6,16.2,15.8,15.6,15.8,15.4,15.6,15.7
"2026-10-01 00:42:00",131768,11.81,26.85,896,895,895,894,894,895,895,895,894,100,100,100,100,100,100,100,100,100,15.4,15.6,16.2,15.7,15.6,15.8,15.4,15.6,15.7
"2026-10-01 00:43:00",131769,11.81,26.84,896,895,895,894,894,895,895,895,894,100,100,100,100,100,100,100,100,100,15.4,15.6,16.2,15.7,15.6,15.8,15.4,15.6,15.6
"2026-10-01 00:44:00",131770,11.81,26.83,896,895,895,894,894,895,895,895,894,100,100,100,100,100,100,100,100,100,15.4,15.6,16.1,15.7,15.6,15.8,15.4,15.6,15.6
"2026-10-01 00:45:00",131771,11.82,26.82,896,895,895,894,894,895,895,895,894,100,100,100,100,100,100,100,100,100,15.4,15.6,16.1,15.7,15.5,15.8,15.3,15.6,15.6
"2026-10-01 00:46:00",131772,11.78,26.81,896,895,895,894,894,895,895,895,894,100,100,100,100,100,100,100,100,100,15.4,15.6,16.1,15.6,15.5,15.7,15.3,15.6,15.6
"2026-10-01 00:47:00",131773,11.77,26.79,896,895,895,894,894,895,895,895,894,100,100,100,100,100,100,100,100,100,15.4,15.6,16.1,15.6,15.5,15.7,15.3,15.6,15.6
"2026-10-01 00:48:00",131774,11.78,26.78,896,895,895,894,894,895,895,895,894,100,100,100,100,100,100,100,100,100,15.4,15.6,16.1,15.6,15.5,15.7,15.3,15.5,15.6
"2026-10-01 00:49:00",131775,11.81,26.77,896,895,895,894,894,895,895,895,894,100,100,100,100,100,100,100,100,100,15.4,15.6,16.1,15.6,15.5,15.7,15.3,15.5,15.6
"2026-10-01 00:50:00",131776,11.81,26.76,896,895,895,894,894,895,895,895,894,100,100,100,100,100,100,100,100,100,15.4,15.6,16.1,15.6,15.5,15.7,15.3,15.5,15.6
"2026-10-01 00:51:00",131777,11.81,26.75,896,895,895,894,894,895,895,895,894,100,100,100,100,100,100,100,100,100,15.4,15.6,16.1,15.6,15.5,15.7,15.3,15.6,15.6
"2026-10-01 00:52:00",131778,11.77,26.73,896,895,895,894,894,895,895,895,894,100,100,100,100,100,100,100,100,100,15.4,15.6,16.2,15.6,15.5,15.7,15.3,15.6,15.6
"2026-10-01 00:53:00",131779,11.81,26.72,896,895,895,894,894,895,895,895,894,100,100,100,100,100,100,100,100,100,15.4,15.6,16.1,15.6,15.5,15.7,15.3,15.6,15.6
"2026-10-01 00:54:00",131780,11.78,26.71,896,895,895,894,894,895,895,895,894,100,100,100,100,100,100,100,100,100,15.4,15.6,16.2,15.6,15.5,15.8,15.3,15.6,15.6
"2026-10-01 00:55:00",131781,11.8,26.7,895,895,895,894,894,895,895,895,894,100,100,100,100,100,100,100,100,100,15.4,15.6,16.2,15.6,15.5,15.8,15.3,15.6,15.6
"2026-10-01 00:56:00",131782,11.81,26.69,895,895,895,894,894,895,895,895,894,100,100,100,100,100,100,100,100,100,15.4,15.6,16.2,15.6,15.5,15.8,15.3,15.6,15.6
"2026-10-01 00:57:00",131783,11.77,26.67,895,895,895,894,894,894,895,895,894,100,100,100,100,100,100,100,100,100,15.4,15.6,16.2,15.6,15.5,15.8,15.3,15.6,15.6
"2026-10-01 00:58:00",131784,11.81,26.66,895,894,895,894,894,894,895,895,894,100,100,100,100,100,100,100,100,100,15.4,15.6,16.2,15.6,15.5,15.8,15.3,15.6,15.7
"2026-10-01 00:59:00",131785,11.79,26.65,895,895,895,894,894,894,895,895,894,100,100,100,100,100,100,100,100,100,15.4,15.6,16.2,15.6,15.5,15.8,15.3,15.6,15.7
"2026-10-01 01:00:00",131786,11.8,26.64,895,895,895,894,894,894,895,895,894,100,100,100,100,100,100,100,100,100,15.4,15.6,16.2,15.6,15.5,15.8,15.3,15.6,15.7
"2026-10-01 01:01:00",131787,11.78,26.63,895,895,895,894,894,894,895,895,894,100,100,100,100,100,100,100,100,100,15.4,15.6,16.2,15.6,15.5,15.7,15.3,15.6,15.7
"2026-10-01 01:02:00",131788,11.77,26.62,895,895,895,894,894,894,895,895,894,100,100,100,100,100,100,100,100,100,15.4,15.6,16.2,15.6,15.6,15.7,15.3,15.6,15.7
"2026-10-01 01:03:00",131789,11.79,26.6,895,894,895,894,894,894,895,895,894,100,100,100,100,100,100,100,100,100,15.4,15.6,16.1,15.6,15.5,15.7,15.3,15.5,15.7
"2026-10-01 01:04:00",131790,11.79,26.59,895,895,895,894,894,894,895,895,894,100,100,100,100,100,100,100,100,100,15.4,15.6,16.2,15.6,15.5,15.8,15.3,15.6,15.7
"2026-10-01 01:05:00",131791,11.81,26.58,895,895,895,894,894,894,895,895,894,100,100,100,100,100,100,100,100,100,15.4,15.6,16.1,15.6,15.6,15.8,15.3,15.6,15.7
"2026-10-01 01:06:00",131792,11.77,26.57,895,895,895,894,894,894,895,895,894,100,100,100,100,100,100,100,100,100,15.4,15.6,16.1,15.7,15.6,15.8,15.3,15.6,15.7
"2026-10-01 01:07:00",131793,11.81,26.56,895,895,895,894,894,894,895,895,894,100,100,100,100,100,100,100,100,100,15.4,15.6,16.1,15.7,15.6,15.8,15.3,15.6,15.6
"2026-10-01 01:08:00",131794,11.76,26.54,895,895,895,894,894,894,895,895,894,100,100,100,100,100,100,100,100,100,15.4,15.6,16.1,15.7,15.6,15.8,15.3,15.6,15.6
"2026-10-01 01:09:00",131795,11.8,26.53,895,895,895,894,894,895,895,895,894,100,100,100,100,100,100,100,100,100,15.4,15.6,16.1,15.7,15.6,15.8,15.3,15.6,15.6
"2026-10-01 01:10:00",131796,11.76,26.52,895,895,895,894,894,894,895,895,894,100,100,100,100,100,100,100,100,100,15.4,15.5,16.1,15.7,15.6,15.8,15.4,15.6,15.6
"2026-10-01 01:11:00",131797,11.79,26.51,895,895,895,894,894,894,895,895,894,100,100,100,100,100,100,100,100,100,15.4,15.6,16.1,15.7,15.6,15.8,15.4,15.6,15.6
"2026-10-01 01:12:00",131798,11.82,26.5,895,895,895,894,894,894,895,895,894,100,100,100,100,100,100,100,100,100,15.4,15.6,16.1,15.7,15.6,15.8,15.4,15.6,15.6
"2026-10-01 01:13:00",131799,11.79,26.49,895,894,895,894,894,894,895,895,894,100,100,100,100,100,100,100,100,100,15.4,15.6,16.1,15.7,15.6,15.8,15.4,15.6,15.6
"2026-10-01 01:14:00",131800,11.82,26.47,895,895,895,894,894,894,895,895,894,100,100,100,100,100,100,100,100,100,15.4,15.6,16.1,15.7,15.6,15.9,15.4,15.6,15.6
"2026-10-01 01:15:00",131801,11.78,26.46,895,894,895,894,894,894,895,895,894,100,100,100,100,100,100,100,100,100,15.4,15.6,16.1,15.7,15.6,15.9,15.4,15.6,15.6
"2026-10-01 01:16:00",131802,11.8,26.45,895,894,895,894,894,894,895,895,894,100,100,100,100,100,100,100,100,100,15.4,15.5,16.1,15.7,15.6,15.9,15.4,15.6,15.6
"2026-10-01 01:17:00",131803,11.76,26.44,895,894,895,894,894,894,895,895,894,100,100,100,100,100,100,100,100,100,15.4,15.5,16.1,15.7,15.7,15.9,15.4,15.7,15.6
"2026-10-01 01:18:00",131804,11.79,26.43,895,894,895,894,894,894,895,895,894,100,100,100,100,100,100,100,100,100,15.4,15.5,16.1,15.7,15.7,15.9,15.4,15.7,15.6
"2026-10-01 01:19:00",131805,11.77,26.42,895,894,895,894,894,894,895,895,893,100,100,100,100,100,100,100,100,100,15.4,15.5,16.1,15.7,15.7,15.9,15.5,15.7,15.7
"2026-10-01 01:20:00",131806,11.77,26.41,895,894,895,894,894,894,895,895,894,100,100,100,100,100,100,100,100,100,15.4,15.6,16.1,15.7,15.7,15.9,15.5,15.7,15.7
"2026-10-01 01:21:00",131807,11.78,26.4,895,894,895,894,894,894,895,895,893,100,100,100,100,100,100,100,100,100,15.4,15.6,16.1,15.8,15.7,15.9,15.5,15.7,15.7
"2026-10-01 01:22:00",131808,11.78,26.39,895,894,895,894,894,894,895,895,893,100,100,100,100,100,100,100,100,100,15.4,15.6,16.2,15.8,15.7,15.9,15.5,15.7,15.7
"2026-10-01 01:23:00",131809,11.81,26.37,895,894,895,894,894,894,895,895,894,100,100,100,100,100,100,100,100,100,15.4,15.6,16.2,15.8,15.7,16,15.5,15.7,15.7
"2026-10-01 01:24:00",131810,11.81,26.36,895,894,895,894,894,894,895,895,893,100,100,100,100,100,100,100,100,100,15.5,15.6,16.2,15.8,15.7,16,15.5,15.8,15.7
"2026-10-01 01:25:00",131811,11.78,26.35,895,894,895,894,894,894,895,895,893,100,100,100,100,100,100,100,100,100,15.5,15.7,16.3,15.8,15.7,16,15.6,15.8,15.8
"2026-10-01 01:26:00",131812,11.79,26.34,895,894,895,894,894,894,895,895,893,100,100,100,100,100,100,100,100,100,15.6,15.7,16.3,15.9,15.8,16,15.6,15.8,15.8
"2026-10-01 01:27:00",131813,11.79,26.33,895,894,895,894,894,894,895,895,893,100,100,100,100,100,100,100,100,100,15.6,15.7,16.3,15.9,15.8,16,15.6,15.8,15.8
"2026-10-01 01:28:00",131814,11.78,26.32,895,894,895,894,894,894,895,895,893,100,100,100,100,100,100,100,100,100,15.6,15.8,16.4,15.9,15.8,16.1,15.6,15.9,15.8
"2026-10-01 01:29:00",131815,11.79,26.31,895,894,895,894,894,894,895,895,893,100,100,100,100,100,100,100,100,100,15.6,15.8,16.4,15.9,15.8,16.1,15.7,15.9,15.8
"2026-10-01 01:30:00",131816,11.81,26.3,895,894,895,894,894,894,895,895,893,100,100,100,100,100,100,100,100,100,15.7,15.8,16.4,16,15.9,16.1,15.7,15.9,15.8
"2026-10-01 01:31:00",131817,11.8,26.29,895,894,895,894,894,894,895,895,893,100,100,100,100,100,100,100,100,100,15.7,15.8,16.4,16,15.9,16.2,15.7,15.9,15.9
"2026-10-01 01:32:00",131818,11.78,26.28,895,894,895,894,894,894,895,895,893,100,100,100,100,100,100,100,100,100,15.7,15.8,16.4,16,15.9,16.2,15.8,15.9,15.9
"2026-10-01 01:33:00",131819,11.79,26.27,895,894,895,894,894,894,894,895,893,100,100,100,100,100,100,100,100,100,15.7,15.8,16.5,16,15.9,16.2,15.8,16,15.9
"2026-10-01 01:34:00",131820,11.81,26.25,895,894,895,894,894,894,894,895,893,100,100,100,100,100,100,100,100,100,15.7,15.8,16.5,16,16,16.2,15.8,16,15.9
"2026-10-01 01:35:00",131821,11.78,26.24,895,894,895,894,894,894,894,895,893,100,100,100,100,100,100,100,100,100,15.7,15.8,16.5,16.1,16,16.3,15.8,16,15.9
"2026-10-01 01:36:00",131822,11.82,26.23,895,894,895,894,894,894,894,895,893,100,100,100,100,100,100,100,100,100,15.7,15.8,16.5,16.1,16,16.3,15.8,16,15.9
"2026-10-01 01:37:00",131823,11.8,26.22,895,894,895,894,894,894,894,895,893,100,100,100,100,100,100,100,100,100,15.7,15.8,16.5,16.1,16,16.3,15.8,16,15.9
"2026-10-01 01:38:00",131824,11.77,26.21,895,894,895,894,894,894,894,895,893,100,100,100,100,100,100,100,100,100,15.7,15.8,16.5,16.1,16,16.3,15.8,16,15.9
"2026-10-01 01:39:00",131825,11.76,26.2,895,894,895,894,894,894,894,895,893,100,100,100,100,100,100,100,100,100,15.7,15.8,16.5,16.1,16.1,16.3,15.8,16,15.9
"2026-10-01 01:40:00",131826,11.79,26.19,895,894,895,894,894,894,894,895,893,100,100,100,100,100,100,100,100,100,15.7,15.8,16.5,16.1,16.1,16.3,15.9,16,15.9
"2026-10-01 01:41:00",131827,11.78,26.18,895,894,895,894,894,894,894,895,893,100,100,100,100,100,100,100,100,100,15.6,15.8,16.5,16.1,16.1,16.3,15.9,16,15.9
"2026-10-01 01:42:00",131828,11.77,26.17,895,894,895,894,894,894,894,895,893,100,100,100,100,100,100,100,100,100,15.6,15.8,16.5,16.1,16.1,16.3,15.9,16,16
"2026-10-01 01:43:00",131829,11.78,26.16,895,894,895,894,894,894,894,895,893,100,100,100,100,100,100,100,100,100,15.6,15.8,16.5,16.1,16.1,16.3,15.8,16,16
"2026-10-01 01:44:00",131830,11.79,26.15,895,894,895,894,894,894,894,895,893,100,100,100,100,100,100,100,100,100,15.6,15.8,16.5,16.1,16.1,16.3,15.8,16,16
"2026-10-01 01:45:00",131831,11.78,26.14,895,894,895,894,894,894,894,895,893,100,100,100,100,100,100,100,100,100,15.6,15.8,16.5,16.1,16.1,16.3,15.8,16,16
"2026-10-01 01:46:00",131832,11.81,26.14,895,894,895,894,894,894,894,895,893,100,100,100,100,100,100,100,100,100,15.6,15.8,16.4,16.1,16,16.2,15.8,16,16
"2026-10-01 01:47:00",131833,11.78,26.13,895,894,895,894,894,894,894,895,893,100,100,100,100,100,100,100,100,100,15.6,15.7,16.4,16.1,16,16.2,15.8,16,16
"2026-10-01 01:48:00",131834,11.78,26.12,895,894,895,894,894,894,894,895,893,100,100,100,100,100,100,100,100,100,15.5,15.7,16.4,16.1,16,16.2,15.8,16,16
"2026-10-01 01:49:00",131835,11.82,26.11,895,894,895,894,894,894,894,895,893,100,100,100,100,100,100,100,100,100,15.5,15.7,16.4,16.1,16,16.2,15.8,16,15.9
"2026-10-01 01:50:00",131836,11.82,26.1,895,894,895,894,894,894,894,895,893,100,100,100,100,100,100,100,100,100,15.5,15.7,16.4,16.1,16,16.2,15.7,15.9,15.9
"2026-10-01 01:51:00",131837,11.82,26.09,895,894,895,894,894,894,894,895,893,100,100,100,100,100,100,100,100,100,15.5,15.6,16.3,16,16,16.1,15.7,15.9,15.9
"2026-10-01 01:52:00",131838,11.77,26.08,895,894,895,894,894,894,894,895,893,100,100,100,100,100,100,100,100,100,15.4,15.6,16.3,16,15.9,16.1,15.7,15.9,15.9
"2026-10-01 01:53:00",131839,11.79,26.08,895,894,895,894,894,894,894,895,893,100,100,100,100,100,100,100,100,100,15.4,15.6,16.3,16,15.9,16.1,15.6,15.9,15.8
"2026-10-01 01:54:00",131840,11.77,26.07,895,894,895,894,894,894,894,895,893,100,100,100,100,100,100,100,100,100,15.4,15.6,16.3,16,15.9,16.1,15.6,15.8,15.8
"2026-10-01 01:55:00",131841,11.77,26.06,895,894,895,894,894,894,894,895,893,100,100,100,100,100,100,100,100,100,15.4,15.6,16.2,15.9,15.8,16,15.6,15.8,15.8
"2026-10-01 01:56:00",131842,11.81,26.05,895,894,895,894,894,894,894,895,893,100,100,100,100,100,100,100,100,100,15.4,15.6,16.2,15.9,15.8,16,15.5,15.8,15.7
"2026-10-01 01:57:00",131843,11.76,26.04,895,894,895,894,894,894,894,895,893,100,100,100,100,100,100,100,100,100,15.4,15.6,16.2,15.9,15.8,15.9,15.5,15.7,15.7
"2026-10-01 01:58:00",131844,11.8,26.03,895,894,895,894,894,894,894,895,893,100,100,100,100,100,100,100,100,100,15.4,15.6,16.2,15.9,15.7,15.9,15.5,15.7,15.7
"2026-10-01 01:59:00",131845,11.78,26.03,895,894,895,894,894,894,894,895,893,100,100,100,100,100,100,100,100,100,15.4,15.5,16.2,15.8,15.7,15.9,15.5,15.7,15.7
"2026-10-01 02:00:00",131846,11.81,26.02,895,894,895,894,894,894,894,895,893,100,100,100,100,100,100,100,100,100,15.3,15.5,16.2,15.8,15.7,15.9,15.4,15.6,15.6
"2026-10-01 02:01:00",131847,11.79,26.01,895,894,895,894,894,894,894,895,893,100,100,100,100,100,100,100,100,100,15.3,15.5,16.2,15.8,15.7,15.9,15.4,15.6,15.6
"2026-10-01 02:02:00",131848,11.8,26,895,894,895,894,894,894,894,895,893,100,100,100,100,100,100,100,100,100,15.3,15.5,16.1,15.8,15.6,15.9,15.4,15.6,15.6
"2026-10-01 02:03:00",131849,11.79,25.99,895,894,895,894,894,894,894,895,893,100,100,100,100,100,100,100,100,100,15.3,15.5,16.1,15.8,15.6,15.8,15.4,15.6,15.6
"2026-10-01 02:04:00",131850,11.8,25.99,895,894,895,894,894,894,894,895,893,100,100,100,100,100,100,100,100,100,15.3,15.5,16.1,15.7,15.6,15.8,15.4,15.5,15.6
"2026-10-01 02:05:00",131851,11.8,25.98,895,894,895,894,894,894,894,895,893,100,100,100,100,100,100,100,100,100,15.3,15.4,16.1,15.7,15.6,15.8,15.3,15.5,15.6
"2026-10-01 02:06:00",131852,11.81,25.97,895,894,895,894,894,894,894,895,893,100,100,100,100,100,100,100,100,100,15.2,15.4,16.1,15.7,15.6,15.8,15.3,15.5,15.6
"2026-10-01 02:07:00",131853,11.8,25.96,895,894,895,894,894,894,894,895,893,100,100,100,100,100,100,100,100,100,15.2,15.4,16,15.7,15.5,15.7,15.3,15.4,15.5
"2026-10-01 02:08:00",131854,11.8,25.95,895,894,895,894,894,894,894,895,893,100,100,100,100,100,100,100,100,100,15.2,15.4,16,15.6,15.5,15.7,15.3,15.4,15.5
"2026-10-01 02:09:00",131855,11.78,25.94,895,894,895,894,894,894,894,895,893,100,100,100,100,100,100,100,100,100,15.1,15.3,16,15.6,15.5,15.7,15.2,15.4,15.5
"2026-10-01 02:10:00",131856,11.76,25.94,895,894,895,894,894,894,894,895,893,100,100,100,100,100,100,100,100,100,15.1,15.3,16,15.6,15.4,15.6,15.2,15.4,15.5
"2026-10-01 02:11:00",131857,11.81,25.93,895,894,895,894,894,894,894,895,893,100,100,100,100,100,100,100,100,100,15.1,15.3,15.9,15.5,15.4,15.6,15.2,15.4,15.4
"2026-10-01 02:12:00",131858,11.76,25.92,895,894,895,894,894,894,894,895,893,100,100,100,100,100,100,100,100,100,15.1,15.3,15.9,15.5,15.4,15.6,15.2,15.3,15.4
"2026-10-01 02:13:00",131859,11.82,25.91,895,894,895,894,894,894,894,895,893,100,100,100,100,100,100,100,100,100,15.1,15.3,15.9,15.5,15.4,15.6,15.1,15.3,15.4
"2026-10-01 02:14:00",131860,11.79,25.9,895,894,895,894,894,894,894,895,893,100,100,100,100,100,100,100,100,100,15.1,15.2,15.9,15.4,15.4,15.6,15.1,15.3,15.3
"2026-10-01 02:15:00",131861,11.79,25.89,895,894,895,894,894,894,894,895,893,100,100,100,100,100,100,100,100,100,15,15.2,15.9,15.4,15.3,15.6,15.1,15.3,15.3
"2026-10-01 02:16:00",131862,11.81,25.89,895,894,895,894,894,894,894,895,893,100,100,100,100,100,100,100,100,100,15,15.2,15.8,15.4,15.3,15.6,15.1,15.3,15.2
"2026-10-01 02:17:00",131863,11.78,25.88,895,894,895,894,894,894,894,895,893,100,100,100,100,100,100,100,100,100,15,15.2,15.8,15.4,15.3,15.6,15.1,15.3,15.2
"2026-10-01 02:18:00",131864,11.81,25.87,895,894,895,894,894,894,894,895,893,100,100,100,100,100,100,100,100,100,15,15.2,15.8,15.4,15.3,15.6,15.1,15.3,15.2
"2026-10-01 02:19:00",131865,11.78,25.86,895,894,895,894,894,894,894,895,893,100,100,100,100,100,100,100,100,100,15,15.2,15.8,15.4,15.3,15.6,15.1,15.3,15.1
"2026-10-01 02:20:00",131866,11.75,25.85,895,894,895,894,894,894,894,895,893,100,100,100,100,100,100,100,100,100,15,15.2,15.8,15.4,15.3,15.6,15.1,15.3,15.1
"2026-10-01 02:21:00",131867,11.74,25.84,895,894,895,894,894,894,894,895,893,100,100,100,100,100,100,100,100,100,15,15.2,15.8,15.4,15.3,15.5,15.1,15.3,15.1
"2026-10-01 02:22:00",131868,11.82,25.83,895,894,895,894,894,894,894,895,893,100,100,100,100,100,100,100,100,100,15,15.2,15.8,15.3,15.2,15.5,15.1,15.3,15.1
"2026-10-01 02:23:00",131869,11.78,25.83,895,894,894,894,894,894,894,895,893,100,100,100,100,100,100,100,100,100,15,15.2,15.8,15.3,15.2,15.5,15.1,15.3,15.1
"2026-10-01 02:24:00",131870,11.81,25.82,895,894,895,894,894,894,894,895,893,100,100,100,100,100,100,100,100,100,15,15.2,15.8,15.3,15.2,15.5,15,15.3,15.2
"2026-10-01 02:25:00",131871,11.81,25.81,895,894,894,894,894,894,894,894,893,100,100,100,100,100,100,100,100,100,15,15.2,15.8,15.3,15.2,15.5,15,15.2,15.2
"2026-10-01 02:26:00",131872,11.77,25.8,895,894,894,894,894,894,894,894,893,100,100,100,100,100,100,100,100,100,15.1,15.2,15.8,15.3,15.2,15.5,15,15.2,15.2
"2026-10-01 02:27:00",131873,11.77,25.79,895,894,894,894,894,894,894,894,893,100,100,100,100,100,100,100,100,100,15.1,15.2,15.8,15.3,15.2,15.5,15,15.2,15.3
"2026-10-01 02:28:00",131874,11.83,25.78,895,894,894,894,894,894,894,894,893,100,100,100,100,100,100,100,100,100,15.1,15.2,15.9,15.3,15.3,15.5,15,15.2,15.3
"2026-10-01 02:29:00",131875,11.78,25.78,895,894,894,894,894,894,894,894,893,100,100,100,100,100,100,100,100,100,15.1,15.3,15.9,15.3,15.3,15.5,15,15.2,15.3
"2026-10-01 02:30:00",131876,11.76,25.77,895,894,894,894,894,894,894,894,893,100,100,100,100,100,100,100,100,100,15.1,15.3,15.9,15.3,15.3,15.5,15,15.2,15.4
"2026-10-01 02:31:00",131877,11.78,25.76,895,894,894,894,894,894,894,894,893,100,100,100,100,100,100,100,100,100,15.1,15.3,15.9,15.3,15.3,15.5,15,15.2,15.4
"2026-10-01 02:32:00",131878,11.79,25.75,895,894,894,894,894,894,894,894,893,100,100,100,100,100,100,100,100,100,15.1,15.3,15.8,15.3,15.3,15.5,15,15.2,15.4
"2026-10-01 02:33:00",131879,11.78,25.74,895,894,894,894,894,894,894,894,893,100,100,100,100,100,100,100,100,100,15,15.3,15.8,15.3,15.3,15.4,15,15.2,15.4
"2026-10-01 02:34:00",131880,11.77,25.74,895,894,894,894,894,894,894,894,893,100,100,100,100,100,100,100,100,100,15,15.2,15.8,15.3,15.3,15.4,15,15.2,15.3
"2026-10-01 02:35:00",131881,11.8,25.73,895,894,894,894,894,894,894,894,893,100,100,100,100,100,100,100,100,100,15,15.2,15.8,15.3,15.3,15.4,15,15.2,15.3
"2026-10-01 02:36:00",131882,11.81,25.72,895,894,894,894,894,894,894,894,893,100,100,100,100,100,100,100,100,100,14.9,15.2,15.8,15.3,15.2,15.4,14.9,15.1,15.3
"2026-10-01 02:37:00",131883,11.77,25.71,895,894,894,894,894,894,894,894,893,100,100,100,100,100,100,100,100,100,14.9,15.2,15.7,15.3,15.2,15.4,14.9,15.1,15.3
"2026-10-01 02:38:00",131884,11.8,25.71,895,894,894,894,894,894,894,894,893,100,100,100,100,100,100,100,100,100,14.9,15.1,15.7,15.3,15.2,15.4,14.9,15.1,15.2
"2026-10-01 02:39:00",131885,11.79,25.7,895,894,894,894,894,894,894,894,893,100,100,100,100,100,100,100,100,100,14.9,15.1,15.7,15.3,15.2,15.4,14.9,15.1,15.2
"2026-10-01 02:40:00",131886,11.81,25.69,895,894,894,894,894,894,894,894,893,100,100,100,100,100,100,100,100,100,14.9,15.1,15.7,15.3,15.2,15.4,14.9,15.1,15.2
"2026-10-01 02:41:00",131887,11.77,25.68,895,894,894,894,894,894,894,894,893,100,100,100,100,100,100,100,100,100,14.9,15.1,15.7,15.2,15.2,15.4,14.9,15.1,15.2
"2026-10-01 02:42:00",131888,11.81,25.67,895,894,894,894,894,894,894,894,893,100,100,100,100,100,100,100,100,100,14.9,15.1,15.7,15.2,15.1,15.4,14.9,15.1,15.2
"2026-10-01 02:43:00",131889,11.81,25.67,895,894,894,894,894,894,894,894,893,100,100,100,100,100,100,100,100,100,14.9,15.1,15.7,15.2,15.1,15.4,14.9,15.1,15.2
"2026-10-01 02:44:00",131890,11.75,25.66,895,894,894,894,894,894,894,894,893,100,100,100,100,100,100,100,100,100,14.9,15.1,15.7,15.2,15.1,15.4,14.9,15.1,15.2
"2026-10-01 02:45:00",131891,11.8,25.65,895,894,894,894,894,894,894,894,893,100,100,100,100,100,100,100,100,100,14.9,15.1,15.7,15.2,15.2,15.4,14.9,15.1,15.2
"2026-10-01 02:46:00",131892,11.8,25.64,895,894,894,894,894,894,894,894,893,100,100,100,100,100,100,100,100,100,14.9,15.1,15.7,15.3,15.2,15.4,14.9,15.1,15.2
"2026-10-01 02:47:00",131893,11.81,25.63,895,894,894,894,894,894,894,894,893,100,100,100,100,100,100,100,100,100,14.9,15.1,15.7,15.3,15.2,15.4,14.9,15.2,15.2
"2026-10-01 02:48:00",131894,11.82,25.62,895,894,894,894,894,894,894,894,893,100,100,100,100,100,100,100,100,100,14.9,15.1,15.7,15.3,15.2,15.4,15,15.2,15.2
"2026-10-01 02:49:00",131895,11.77,25.62,895,894,894,894,894,894,894,894,893,100,100,100,100,100,100,100,100,100,14.9,15.1,15.8,15.3,15.3,15.4,15,15.2,15.3
"2026-10-01 02:50:00",131896,11.81,25.61,895,894,894,894,894,894,894,894,893,100,100,100,100,100,100,100,100,100,14.9,15.1,15.8,15.3,15.3,15.4,15,15.2,15.3
"2026-10-01 02:51:00",131897,11.78,25.6,895,894,894,894,894,894,894,894,893,100,100,100,100,100,100,100,100,100,14.9,15.1,15.8,15.3,15.3,15.5,15,15.2,15.4
"2026-10-01 02:52:00",131898,11.83,25.59,895,894,894,894,894,894,894,894,893,100,100,100,100,100,100,100,100,100,14.9,15.1,15.8,15.4,15.3,15.5,15,15.3,15.4
"2026-10-01 02:53:00",131899,11.77,25.58,895,894,894,894,894,894,894,895,893,100,100,100,100,100,100,100,100,100,14.9,15.1,15.8,15.4,15.3,15.5,15,15.3,15.4
"2026-10-01 02:54:00",131900,11.77,25.58,895,894,894,894,894,894,894,894,893,100,100,100,100,100,100,100,100,100,14.9,15.1,15.8,15.4,15.4,15.5,15.1,15.3,15.4
"2026-10-01 02:55:00",131901,11.77,25.57,895,894,895,894,894,894,894,894,893,100,100,100,100,100,100,100,100,100,14.9,15.1,15.8,15.4,15.4,15.5,15.1,15.3,15.5
"2026-10-01 02:56:00",131902,11.8,25.56,895,894,894,894,894,894,894,895,893,100,100,100,100,100,100,100,100,100,14.9,15.1,15.9,15.4,15.4,15.5,15.1,15.3,15.5
"2026-10-01 02:57:00",131903,11.8,25.55,895,894,894,894,894,894,894,894,893,100,100,100,100,100,100,100,100,100,14.9,15.1,15.9,15.4,15.4,15.6,15.1,15.3,15.5
"2026-10-01 02:58:00",131904,11.81,25.54,895,894,894,894,894,894,894,895,893,100,100,100,100,100,100,100,100,100,15,15.1,15.9,15.4,15.4,15.6,15.1,15.4,15.6
"2026-10-01 02:59:00",131905,11.8,25.53,895,894,894,894,894,894,894,894,893,100,100,100,100,100,100,100,100,100,15,15.2,15.9,15.5,15.5,15.6,15.1,15.4,15.6
"2026-10-01 03:00:00",131906,11.75,25.53,895,894,894,894,894,894,894,895,893,100,100,100,100,100,100,100,100,100,15,15.2,15.9,15.5,15.5,15.6,15.1,15.4,15.6
"2026-10-01 03:01:00",131907,11.75,25.52,895,894,894,894,894,894,894,895,893,100,100,100,100,100,100,100,100,100,15,15.2,15.9,15.5,15.5,15.6,15.1,15.4,15.6
"2026-10-01 03:02:00",131908,11.79,25.51,895,894,894,894,894,894,894,895,893,100,100,100,100,100,100,100,100,100,15,15.2,15.9,15.5,15.5,15.6,15.1,15.4,15.6
"2026-10-01 03:03:00",131909,11.77,25.5,895,894,895,894,894,894,894,895,893,100,100,100,100,100,100,100,100,100,15,15.2,15.8,15.5,15.5,15.6,15.1,15.4,15.6
"2026-10-01 03:04:00",131910,11.77,25.49,895,894,895,894,894,894,894,895,893,100,100,100,100,100,100,100,100,100,15,15.2,15.9,15.5,15.5,15.6,15.1,15.4,15.6
"2026-10-01 03:05:00",131911,11.77,25.49,895,894,895,894,894,894,894,895,893,100,100,100,100,100,100,100,100,100,15,15.2,15.8,15.5,15.5,15.6,15.1,15.4,15.6
"2026-10-01 03:06:00",131912,11.77,25.48,895,894,895,894,894,894,894,895,893,100,100,100,100,100,100,100,100,100,15,15.2,15.8,15.6,15.5,15.6,15.1,15.4,15.6
"2026-10-01 03:07:00",131913,11.8,25.47,895,894,895,894,894,894,894,895,893,100,100,100,100,100,100,100,100,100,15,15.2,15.8,15.6,15.5,15.6,15.1,15.4,15.6
"2026-10-01 03:08:00",131914,11.75,25.46,895,894,895,894,894,894,894,895,893,100,100,100,100,100,100,100,100,100,15,15.2,15.8,15.6,15.5,15.6,15.1,15.4,15.6
"2026-10-01 03:09:00",131915,11.79,25.45,895,894,895,894,894,894,894,895,893,100,100,100,100,100,100,100,100,100,15,15.2,15.8,15.5,15.5,15.6,15.1,15.4,15.5
"2026-10-01 03:10:00",131916,11.81,25.45,895,894,895,894,894,894,894,895,893,100,100,100,100,100,100,100,100,100,15,15.2,15.8,15.5,15.5,15.6,15.2,15.4,15.5
"2026-10-01 03:11:00",131917,11.83,25.44,895,894,895,894,894,894,894,895,893,100,100,100,100,100,100,100,100,100,15,15.2,15.8,15.5,15.6,15.6,15.2,15.4,15.5
"2026-10-01 03:12:00",131918,11.82,25.43,895,894,895,894,894,894,894,895,893,100,100,100,100,100,100,100,100,100,15,15.2,15.8,15.5,15.6,15.6,15.2,15.4,15.5
"2026-10-01 03:13:00",131919,11.78,25.42,895,894,895,894,894,894,894,895,893,100,100,100,100,100,100,100,100,100,15,15.2,15.8,15.5,15.6,15.6,15.2,15.4,15.5
"2026-10-01 03:14:00",131920,11.77,25.42,895,894,895,894,894,894,894,895,893,100,100,100,100,100,100,100,100,100,15,15.2,15.8,15.5,15.6,15.6,15.2,15.4,15.4
"2026-10-01 03:15:00",131921,11.76,25.41,895,894,895,894,894,894,894,895,893,100,100,100,100,100,100,100,100,100,15,15.2,15.8,15.5,15.6,15.6,15.2,15.4,15.4
"2026-10-01 03:16:00",131922,11.77,25.4,895,894,895,894,894,894,894,895,893,100,100,100,100,100,100,100,100,100,15,15.2,15.8,15.5,15.6,15.6,15.2,15.4,15.4
"2026-10-01 03:17:00",131923,11.8,25.39,895,894,895,894,894,894,894,895,893,100,100,100,100,100,100,100,100,100,15,15.2,15.8,15.5,15.6,15.6,15.2,15.5,15.4
"2026-10-01 03:18:00",131924,11.77,25.39,895,894,895,894,894,894,894,895,893,100,100,100,100,100,100,100,100,100,15,15.2,15.8,15.5,15.5,15.6,15.2,15.4,15.4
"2026-10-01 03:19:00",131925,11.79,25.38,895,894,895,894,894,894,894,894,893,100,100,100,100,100,100,100,100,100,15,15.2,15.8,15.5,15.6,15.6,15.2,15.4,15.4
"2026-10-01 03:20:00",131926,11.79,25.37,895,894,895,894,894,894,894,895,893,100,100,100,100,100,100,100,100,100,15,15.2,15.8,15.5,15.5,15.6,15.2,15.5,15.4
"2026-10-01 03:21:00",131927,11.78,25.37,895,894,895,894,894,894,894,895,893,100,100,100,100,100,100,100,100,100,15,15.2,15.8,15.5,15.5,15.6,15.2,15.5,15.4
"2026-10-01 03:22:00",131928,11.77,25.36,895,894,895,894,894,894,894,895,893,100,100,100,100,100,100,100,100,100,15,15.2,15.8,15.5,15.5,15.6,15.2,15.5,15.4
"2026-10-01 03:23:00",131929,11.76,25.35,895,894,895,894,894,894,894,895,893,100,100,100,100,100,100,100,100,100,15,15.2,15.8,15.5,15.5,15.6,15.2,15.4,15.4
"2026-10-01 03:24:00",131930,11.77,25.34,895,894,895,894,894,894,894,895,893,100,100,100,100,100,100,100,100,100,15,15.2,15.8,15.5,15.5,15.6,15.2,15.5,15.4
"2026-10-01 03:25:00",131931,11.8,25.34,895,894,895,894,894,894,894,895,893,100,100,100,100,100,100,100,100,100,15,15.2,15.8,15.5,15.5,15.6,15.2,15.5,15.5
"2026-10-01 03:26:00",131932,11.8,25.33,895,894,895,894,894,894,894,895,893,100,100,100,100,100,100,100,100,100,15,15.2,15.8,15.5,15.5,15.6,15.2,15.5,15.5
"2026-10-01 03:27:00",131933,11.82,25.32,895,894,895,894,894,894,894,895,893,100,100,100,100,100,100,100,100,100,15,15.2,15.8,15.5,15.5,15.6,15.2,15.5,15.5
"2026-10-01 03:28:00",131934,11.81,25.32,895,894,895,894,894,894,894,895,893,100,100,100,100,100,100,100,100,100,15.1,15.2,15.8,15.5,15.5,15.6,15.2,15.5,15.5
"2026-10-01 03:29:00",131935,11.79,25.31,895,894,895,894,894,894,894,895,893,100,100,100,100,100,100,100,100,100,15.1,15.3,15.9,15.5,15.5,15.6,15.2,15.5,15.5
"2026-10-01 03:30:00",131936,11.77,25.31,895,894,895,894,894,894,894,895,893,100,100,100,100,100,100,100,100,100,15.1,15.2,15.9,15.5,15.5,15.6,15.2,15.5,15.5
"2026-10-01 03:31:00",131937,11.79,25.3,895,894,895,894,894,894,894,895,893,100,100,100,100,100,100,100,100,100,15.1,15.2,15.9,15.5,15.5,15.6,15.2,15.5,15.6
"2026-10-01 03:32:00",131938,11.81,25.29,895,894,895,894,894,894,894,895,893,100,100,100,100,100,100,100,100,100,15.1,15.2,15.9,15.5,15.5,15.6,15.2,15.5,15.6
"2026-10-01 03:33:00",131939,11.73,25.29,895,894,895,894,894,894,894,895,893,100,100,100,100,100,100,100,100,100,15.1,15.3,15.9,15.5,15.5,15.6,15.2,15.5,15.5
"2026-10-01 03:34:00",131940,11.81,25.28,895,894,895,894,894,894,894,895,893,100,100,100,100,100,100,100,100,100,15.1,15.2,15.9,15.5,15.5,15.6,15.1,15.4,15.5
"2026-10-01 03:35:00",131941,11.77,25.27,895,894,895,894,894,894,894,895,893,100,100,100,100,100,100,100,100,100,15,15.2,15.9,15.5,15.5,15.6,15.1,15.4,15.5
"2026-10-01 03:36:00",131942,11.8,25.27,895,894,895,894,894,894,894,895,893,100,100,100,100,100,100,100,100,100,15,15.2,15.9,15.5,15.5,15.6,15.1,15.4,15.5
"2026-10-01 03:37:00",131943,11.8,25.26,895,894,895,894,894,894,894,895,893,100,100,100,100,100,100,100,100,100,15,15.2,15.8,15.5,15.4,15.5,15.1,15.4,15.5
"2026-10-01 03:38:00",131944,11.78,25.26,895,894,895,894,894,894,894,895,893,100,100,100,100,100,100,100,100,100,15,15.2,15.8,15.5,15.4,15.5,15.1,15.4,15.4
"2026-10-01 03:39:00",131945,11.79,25.25,895,894,895,894,894,894,894,895,893,100,100,100,100,100,100,100,100,100,15,15.2,15.8,15.4,15.4,15.5,15.1,15.3,15.4
"2026-10-01 03:40:00",131946,11.78,25.25,895,894,895,894,894,894,894,895,893,100,100,100,100,100,100,100,100,100,14.9,15.1,15.8,15.4,15.4,15.5,15.1,15.3,15.4
"2026-10-01 03:41:00",131947,11.81,25.24,895,894,895,894,894,894,894,895,893,100,100,100,100,100,100,100,100,100,14.9,15.1,15.8,15.4,15.3,15.4,15,15.3,15.4
"2026-10-01 03:42:00",131948,11.81,25.23,895,894,895,894,894,894,894,895,893,100,100,100,100,100,100,100,100,100,14.9,15.1,15.7,15.4,15.3,15.4,15,15.3,15.3
"2026-10-01 03:43:00",131949,11.77,25.23,895,894,895,894,894,894,894,895,893,100,100,100,100,100,100,100,100,100,14.9,15.1,15.7,15.4,15.3,15.4,15,15.3,15.3
"2026-10-01 03:44:00",131950,11.79,25.22,895,894,895,894,894,894,894,895,893,100,100,100,100,100,100,100,100,100,14.9,15.1,15.7,15.4,15.3,15.4,15,15.3,15.3
"2026-10-01 03:45:00",131951,11.77,25.22,895,894,895,894,894,894,894,895,893,100,100,100,100,100,100,100,100,100,14.9,15.1,15.7,15.4,15.3,15.4,15,15.3,15.2
"2026-10-01 03:46:00",131952,11.75,25.21,895,894,895,894,894,894,894,895,893,100,100,100,100,100,100,100,100,100,14.9,15.1,15.7,15.4,15.3,15.4,14.9,15.3,15.2
"2026-10-01 03:47:00",131953,11.75,25.21,895,894,895,894,894,894,894,895,893,100,100,100,100,100,100,100,100,100,14.9,15.1,15.7,15.4,15.3,15.4,14.9,15.2,15.2
"2026-10-01 03:48:00",131954,11.82,25.2,895,894,895,894,894,894,894,895,893,100,100,100,100,100,100,100,100,100,14.9,15.1,15.7,15.4,15.3,15.4,14.9,15.2,15.2
"2026-10-01 03:49:00",131955,11.81,25.2,895,894,895,894,894,894,894,895,893,100,100,100,100,100,100,100,100,100,14.9,15.1,15.7,15.3,15.3,15.4,14.9,15.2,15.1
"2026-10-01 03:50:00",131956,11.77,25.19,895,894,895,894,894,894,894,895,893,100,100,100,100,100,100,100,100,100,14.9,15.1,15.7,15.4,15.3,15.4,14.9,15.2,15.1
"2026-10-01 03:51:00",131957,11.81,25.18,895,894,895,894,894,894,894,895,893,100,100,100,100,100,100,100,100,100,14.9,15.1,15.7,15.3,15.3,15.4,14.9,15.2,15.1
"2026-10-01 03:52:00",131958,11.81,25.18,895,894,895,894,894,894,894,895,893,100,100,100,100,100,100,100,100,100,14.9,15.1,15.7,15.3,15.3,15.4,14.9,15.2,15.1
"2026-10-01 03:53:00",131959,11.78,25.17,895,894,895,894,894,894,894,895,893,100,100,100,100,100,100,100,100,100,14.9,15.1,15.7,15.3,15.3,15.4,14.9,15.2,15.1
"2026-10-01 03:54:00",131960,11.79,25.17,895,894,895,894,894,894,894,895,893,100,100,100,100,100,100,100,100,100,14.9,15.1,15.7,15.3,15.3,15.4,14.9,15.1,15.1
"2026-10-01 03:55:00",131961,11.77,25.16,895,894,895,894,894,894,894,895,893,100,100,100,100,100,100,100,100,100,14.9,15.1,15.7,15.3,15.2,15.4,14.9,15.1,15.1
"2026-10-01 03:56:00",131962,11.8,25.16,895,894,895,894,894,894,894,895,893,100,100,100,100,100,100,100,100,100,14.9,15.1,15.7,15.3,15.2,15.4,14.9,15.1,15.1
"2026-10-01 03:57:00",131963,11.78,25.15,895,894,895,894,894,894,894,895,893,100,100,100,100,100,100,100,100,100,14.9,15.1,15.7,15.3,15.2,15.4,14.9,15.1,15.2
"2026-10-01 03:58:00",131964,11.78,25.14,895,894,895,894,894,894,894,895,893,100,100,100,100,100,100,100,100,100,14.9,15.1,15.7,15.3,15.2,15.3,14.9,15,15.1
"2026-10-01 03:59:00",131965,11.77,25.14,895,894,895,894,894,894,894,895,893,100,100,100,100,100,100,100,100,100,14.9,15.1,15.7,15.3,15.1,15.3,14.8,15,15.2
"2026-10-01 04:00:00",131966,11.8,25.13,895,894,895,894,894,894,894,895,893,100,100,100,100,100,100,100,100,100,14.9,15,15.7,15.2,15.1,15.3,14.8,15,15.1
"2026-10-01 04:01:00",131967,11.83,25.13,895,894,895,894,894,894,894,895,893,100,100,100,100,100,100,100,100,100,14.9,15,15.7,15.2,15.1,15.3,14.8,15,15.1
"2026-10-01 04:02:00",131968,11.81,25.12,895,894,895,894,894,894,894,895,893,100,100,100,100,100,100,100,100,100,14.8,15,15.6,15.2,15.1,15.3,14.8,15,15.2
"2026-10-01 04:03:00",131969,11.74,25.12,895,894,895,894,894,894,894,895,893,100,100,100,100,100,100,100,100,100,14.8,15,15.6,15.2,15,15.2,14.8,15,15.2
"2026-10-01 04:04:00",131970,11.77,25.11,895,894,895,894,894,894,894,895,893,100,100,100,100,100,100,100,100,100,14.8,14.9,15.6,15.1,15,15.2,14.8,15,15.2
"2026-10-01 04:05:00",131971,11.77,25.11,895,894,895,894,894,894,895,895,893,100,100,100,100,100,100,100,100,100,14.8,14.9,15.6,15.1,15,15.2,14.8,15,15.1
"2026-10-01 04:06:00",131972,11.78,25.1,895,894,895,894,894,894,894,895,893,100,100,100,100,100,100,100,100,100,14.8,14.9,15.6,15.1,15,15.2,14.8,15,15.1
"2026-10-01 04:07:00",131973,11.81,25.09,895,894,895,894,894,894,895,895,893,100,100,100,100,100,100,100,100,100,14.7,14.9,15.6,15.1,15,15.2,14.8,15,15.1
"2026-10-01 04:08:00",131974,11.82,25.09,895,894,895,894,894,894,894,895,893,100,100,100,100,100,100,100,100,100,14.7,14.9,15.6,15.1,15,15.2,14.8,15,15.1
"2026-10-01 04:09:00",131975,11.76,25.08,895,894,895,894,894,894,894,895,893,100,100,100,100,100,100,100,100,100,14.7,14.9,15.6,15.1,15,15.2,14.8,14.9,15.1
"2026-10-01 04:10:00",131976,11.8,25.07,895,894,895,894,894,894,895,895,893,100,100,100,100,100,100,100,100,100,14.7,14.9,15.6,15.1,15,15.2,14.7,14.9,15.1
"2026-10-01 04:11:00",131977,11.75,25.07,895,894,895,894,894,894,895,895,893,100,100,100,100,100,100,100,100,100,14.7,14.8,15.5,15.1,15,15.1,14.7,15,15.1
"2026-10-01 04:12:00",131978,11.78,25.06,895,894,895,894,894,894,895,895,893,100,100,100,100,100,100,100,100,100,14.7,14.8,15.5,15.1,15,15.1,14.7,15,15.1
"2026-10-01 04:13:00",131979,11.81,25.05,895,894,895,894,894,894,895,895,893,100,100,100,100,100,100,100,100,100,14.7,14.8,15.5,15.1,15,15.1,14.7,15,15.1
"2026-10-01 04:14:00",131980,11.78,25.05,895,894,895,894,894,894,894,895,893,100,100,100,100,100,100,100,100,100,14.7,14.8,15.5,15.1,15,15.1,14.7,15,15
"2026-10-01 04:15:00",131981,11.78,25.04,895,894,895,894,894,894,894,895,893,100,100,100,100,100,100,100,100,100,14.7,14.8,15.5,15.1,15,15.1,14.7,15,15
"2026-10-01 04:16:00",131982,11.78,25.03,895,894,895,894,894,894,895,895,893,100,100,100,100,100,100,100,100,100,14.7,14.8,15.5,15.1,15,15.1,14.7,15,15
"2026-10-01 04:17:00",131983,11.82,25.03,895,894,895,894,894,894,894,895,893,100,100,100,100,100,100,100,100,100,14.7,14.8,15.5,15.1,15,15.1,14.7,15,15
"2026-10-01 04:18:00",131984,11.82,25.02,895,894,895,894,894,894,894,895,893,100,100,100,100,100,100,100,100,100,14.7,14.8,15.5,15.1,15,15.1,14.7,14.9,14.9
"2026-10-01 04:19:00",131985,11.76,25.01,895,894,895,894,894,894,894,895,893,100,100,100,100,100,100,100,100,100,14.7,14.8,15.5,15,15,15.1,14.7,14.9,14.9
"2026-10-01 04:20:00",131986,11.77,25.01,895,894,895,894,894,894,894,895,893,100,100,100,100,100,100,100,100,100,14.7,14.8,15.5,15,15,15.1,14.7,14.9,14.9
"2026-10-01 04:21:00",131987,11.77,25,895,894,895,894,894,894,895,895,893,100,100,100,100,100,100,100,100,100,14.7,14.8,15.5,15,15,15.1,14.7,14.9,14.9
"2026-10-01 04:22:00",131988,11.78,25,895,894,895,894,894,894,894,895,893,100,100,100,100,100,100,100,100,100,14.7,14.8,15.5,15.1,15,15.1,14.7,15,14.9
"2026-10-01 04:23:00",131989,11.76,24.99,895,894,895,894,894,894,894,895,893,100,100,100,100,100,100,100,100,100,14.7,14.8,15.5,15.1,15,15.1,14.7,15,14.9
"2026-10-01 04:24:00",131990,11.81,24.98,895,894,895,894,894,894,894,895,893,100,100,100,100,100,100,100,100,100,14.6,14.8,15.5,15.1,15,15.1,14.7,15,14.9
"2026-10-01 04:25:00",131991,11.76,24.98,895,894,895,894,894,894,895,895,893,100,100,100,100,100,100,100,100,100,14.6,14.8,15.5,15.1,15,15.1,14.7,15,14.9
"2026-10-01 04:26:00",131992,11.82,24.97,895,894,895,894,894,894,894,895,893,100,100,100,100,100,100,100,100,100,14.6,14.8,15.4,15,15,15.1,14.7,15,14.9
"2026-10-01 04:27:00",131993,11.76,24.97,895,894,895,894,894,894,894,895,893,100,100,100,100,100,100,100,100,100,14.6,14.8,15.4,15,15,15.1,14.7,14.9,14.9
"2026-10-01 04:28:00",131994,11.75,24.96,895,894,895,894,894,894,894,895,893,100,100,100,100,100,100,100,100,100,14.6,14.8,15.4,15,14.9,15.1,14.6,14.9,14.9
"2026-10-01 04:29:00",131995,11.77,24.95,895,894,895,894,894,894,895,895,893,100,100,100,100,100,100,100,100,100,14.5,14.7,15.4,15,14.9,15.1,14.6,14.9,14.9
"2026-10-01 04:30:00",131996,11.79,24.95,895,894,895,894,894,894,895,895,893,100,100,100,100,100,100,100,100,100,14.5,14.7,15.4,15,14.9,15,14.6,14.9,14.9
"2026-10-01 04:31:00",131997,11.76,24.94,895,894,895,894,894,894,895,895,893,100,100,100,100,100,100,100,100,100,14.5,14.7,15.4,14.9,14.8,15,14.6,14.9,14.8
"2026-10-01 04:32:00",131998,11.8,24.94,895,894,895,894,894,894,895,895,893,100,100,100,100,100,100,100,100,100,14.5,14.7,15.4,14.9,14.8,15,14.6,14.8,14.8
"2026-10-01 04:33:00",131999,11.75,24.93,895,894,895,894,894,894,895,895,893,100,100,100,100,100,100,100,100,100,14.5,14.7,15.3,14.9,14.8,15,14.5,14.8,14.8
"2026-10-01 04:34:00",132000,11.82,24.92,895,894,895,894,894,894,895,895,893,100,100,100,100,100,100,100,100,100,14.5,14.7,15.3,14.9,14.8,15,14.5,14.8,14.8
"2026-10-01 04:35:00",132001,11.76,24.92,895,894,895,894,894,894,895,895,893,100,100,100,100,100,100,100,100,100,14.5,14.7,15.3,14.9,14.7,14.9,14.5,14.8,14.8
"2026-10-01 04:36:00",132002,11.77,24.91,895,894,895,894,894,894,895,895,893,100,100,100,100,100,100,100,100,100,14.5,14.7,15.3,14.9,14.7,14.9,14.5,14.7,14.8
"2026-10-01 04:37:00",132003,11.73,24.9,895,894,895,894,894,894,895,895,893,100,100,100,100,100,100,100,100,100,14.5,14.7,15.3,14.9,14.7,14.9,14.5,14.7,14.8
"2026-10-01 04:38:00",132004,11.78,24.9,895,894,895,894,894,894,895,895,893,100,100,100,100,100,100,100,100,100,14.5,14.7,15.3,14.8,14.7,14.9,14.5,14.7,14.8
"2026-10-01 04:39:00",132005,11.81,24.89,895,894,895,894,894,894,895,895,893,100,100,100,100,100,100,100,100,100,14.5,14.7,15.3,14.8,14.7,14.9,14.5,14.7,14.8
"2026-10-01 04:40:00",132006,11.78,24.89,895,894,895,894,894,894,895,895,893,100,100,100,100,100,100,100,100,100,14.5,14.7,15.3,14.8,14.7,14.9,14.4,14.7,14.9
"2026-10-01 04:41:00",132007,11.81,24.88,895,894,895,894,894,894,895,895,893,100,100,100,100,100,100,100,100,100,14.5,14.7,15.3,14.8,14.7,14.9,14.4,14.7,14.9
"2026-10-01 04:42:00",132008,11.8,24.87,895,894,895,894,894,894,895,895,893,100,100,100,100,100,100,100,100,100,14.5,14.7,15.3,14.8,14.7,14.9,14.4,14.7,14.9
"2026-10-01 04:43:00",132009,11.75,24.87,895,894,895,894,894,894,895,895,893,100,100,100,100,100,100,100,100,100,14.5,14.7,15.3,14.8,14.7,14.9,14.4,14.7,14.9
"2026-10-01 04:44:00",132010,11.81,24.86,895,894,895,894,894,894,895,895,893,100,100,100,100,100,100,100,100,100,14.5,14.7,15.3,14.8,14.7,14.9,14.4,14.7,14.9
"2026-10-01 04:45:00",132011,11.79,24.85,895,894,895,894,894,894,895,895,893,100,100,100,100,100,100,100,100,100,14.5,14.7,15.3,14.8,14.6,14.8,14.4,14.7,14.8
"2026-10-01 04:46:00",132012,11.76,24.85,895,894,895,894,894,894,895,895,894,100,100,100,100,100,100,100,100,100,14.5,14.7,15.3,14.7,14.6,14.8,14.4,14.6,14.8
"2026-10-01 04:47:00",132013,11.76,24.84,895,894,895,894,894,894,895,895,893,100,100,100,100,100,100,100,100,100,14.5,14.7,15.3,14.7,14.6,14.8,14.4,14.6,14.8
"2026-10-01 04:48:00",132014,11.77,24.83,895,894,895,894,894,894,895,895,893,100,100,100,100,100,100,100,100,100,14.5,14.7,15.3,14.7,14.6,14.8,14.4,14.6,14.8
"2026-10-01 04:49:00",132015,11.79,24.83,895,894,895,894,894,894,895,895,893,100,100,100,100,100,100,100,100,100,14.5,14.7,15.3,14.7,14.6,14.8,14.4,14.6,14.8
"2026-10-01 04:50:00",132016,11.77,24.82,895,894,895,894,894,894,895,895,893,100,100,100,100,100,100,100,100,100,14.5,14.7,15.3,14.7,14.6,14.8,14.4,14.6,14.8
"2026-10-01 04:51:00",132017,11.78,24.81,895,894,895,894,894,894,895,895,894,100,100,100,100,100,100,100,100,100,14.5,14.7,15.3,14.7,14.6,14.8,14.4,14.6,14.8
"2026-10-01 04:52:00",132018,11.79,24.81,895,894,895,894,894,894,895,895,894,100,100,100,100,100,100,100,100,100,14.5,14.7,15.3,14.7,14.6,14.8,14.4,14.6,14.7
"2026-10-01 04:53:00",132019,11.76,24.8,895,894,895,894,894,894,895,895,894,100,100,100,100,100,100,100,100,100,14.5,14.7,15.3,14.7,14.6,14.8,14.4,14.6,14.8
"2026-10-01 04:54:00",132020,11.77,24.79,895,894,895,894,894,894,895,895,894,100,100,100,100,100,100,100,100,100,14.5,14.6,15.3,14.7,14.6,14.8,14.4,14.6,14.8
"2026-10-01 04:55:00",132021,11.77,24.79,895,894,895,894,894,894,895,895,894,100,100,100,100,100,100,100,100,100,14.5,14.6,15.3,14.7,14.6,14.8,14.4,14.6,14.8
"2026-10-01 04:56:00",132022,11.81,24.78,895,895,895,894,894,894,895,895,894,100,100,100,100,100,100,100,100,100,14.5,14.6,15.3,14.7,14.6,14.8,14.4,14.7,14.8
"2026-10-01 04:57:00",132023,11.78,24.77,895,895,895,894,894,894,895,895,894,100,100,100,100,100,100,100,100,100,14.5,14.6,15.3,14.7,14.6,14.8,14.4,14.7,14.8
"2026-10-01 04:58:00",132024,11.77,24.76,895,894,895,894,894,894,895,895,894,100,100,100,100,100,100,100,100,100,14.4,14.6,15.3,14.7,14.6,14.9,14.4,14.7,14.8
"2026-10-01 04:59:00",132025,11.75,24.76,895,894,895,894,894,894,895,895,894,100,100,100,100,100,100,100,100,100,14.4,14.6,15.3,14.8,14.7,14.9,14.4,14.7,14.8
"2026-10-01 05:00:00",132026,11.73,24.75,895,895,895,894,894,894,895,895,894,100,100,100,100,100,100,100,100,100,14.4,14.6,15.3,14.8,14.7,14.9,14.4,14.7,14.9
"2026-10-01 05:01:00",132027,11.75,24.74,895,895,895,894,894,894,895,895,894,100,100,100,100,100,100,100,100,100,14.4,14.6,15.3,14.8,14.7,14.9,14.4,14.7,14.9
"2026-10-01 05:02:00",132028,11.82,24.74,895,895,895,894,894,894,895,895,894,100,100,100,100,100,100,100,100,100,14.4,14.6,15.3,14.8,14.7,14.9,14.4,14.7,14.9
"2026-10-01 05:03:00",132029,11.79,24.73,895,895,895,894,894,895,895,895,894,100,100,100,100,100,100,100,100,100,14.4,14.6,15.3,14.8,14.8,14.9,14.5,14.7,14.9
"2026-10-01 05:04:00",132030,11.78,24.72,895,895,895,894,894,895,895,895,894,100,100,100,100,100,100,100,100,100,14.4,14.6,15.3,14.8,14.8,14.9,14.4,14.7,14.9
"2026-10-01 05:05:00",132031,11.77,24.72,895,895,895,894,894,894,895,895,894,100,100,100,100,100,100,100,100,100,14.4,14.6,15.3,14.8,14.8,14.9,14.5,14.7,14.9
"2026-10-01 05:06:00",132032,11.77,24.71,895,895,895,894,894,894,895,895,894,100,100,100,100,100,100,100,100,100,14.4,14.6,15.3,14.8,14.7,14.9,14.4,14.7,14.9
"2026-10-01 05:07:00",132033,11.8,24.7,895,895,895,894,894,894,895,895,894,100,100,100,100,100,100,100,100,100,14.4,14.6,15.3,14.8,14.7,14.9,14.4,14.7,14.9
"2026-10-01 05:08:00",132034,11.77,24.7,895,895,895,894,894,894,895,895,894,100,100,100,100,100,100,100,100,100,14.4,14.6,15.2,14.8,14.7,14.9,14.4,14.7,14.9
"2026-10-01 05:09:00",132035,11.77,24.69,895,895,895,894,894,894,895,895,894,100,100,100,100,100,100,100,100,100,14.3,14.5,15.2,14.8,14.7,14.9,14.4,14.7,14.8
"2026-10-01 05:10:00",132036,11.82,24.68,895,895,895,894,894,894,895,895,894,100,100,100,100,100,100,100,100,100,14.3,14.5,15.2,14.8,14.7,14.9,14.4,14.7,14.8
"2026-10-01 05:11:00",132037,11.82,24.68,895,895,895,894,894,894,895,895,894,100,100,100,100,100,100,100,100,100,14.3,14.5,15.2,14.7,14.6,14.9,14.4,14.6,14.8
"2026-10-01 05:12:00",132038,11.78,24.67,895,895,895,894,894,894,895,895,894,100,100,100,100,100,100,100,100,100,14.3,14.5,15.2,14.7,14.6,14.9,14.4,14.6,14.8
"2026-10-01 05:13:00",132039,11.79,24.66,895,895,895,894,894,894,895,895,894,100,100,100,100,100,100,100,100,100,14.3,14.5,15.2,14.7,14.6,14.9,14.4,14.6,14.8
"2026-10-01 05:14:00",132040,11.76,24.66,895,895,895,894,894,895,895,895,894,100,100,100,100,100,100,100,100,100,14.3,14.5,15.2,14.7,14.6,14.9,14.4,14.6,14.7
"2026-10-01 05:15:00",132041,11.81,24.65,895,895,895,894,894,895,895,895,894,100,100,100,100,100,100,100,100,100,14.3,14.5,15.2,14.7,14.6,14.9,14.4,14.6,14.7
"2026-10-01 05:16:00",132042,11.8,24.64,895,895,895,894,894,895,895,895,894,100,100,100,100,100,100,100,100,100,14.3,14.5,15.2,14.7,14.6,14.9,14.4,14.6,14.7
"2026-10-01 05:17:00",132043,11.77,24.64,895,895,895,894,894,895,895,895,894,100,100,100,100,100,100,100,100,100,14.3,14.5,15.2,14.7,14.6,14.9,14.4,14.6,14.7
"2026-10-01 05:18:00",132044,11.77,24.63,895,895,895,894,894,895,895,895,894,100,100,100,100,100,100,100,100,100,14.3,14.5,15.2,14.7,14.6,14.9,14.4,14.6,14.7
"2026-10-01 05:19:00",132045,11.82,24.62,895,895,895,894,894,895,895,895,894,100,100,100,100,100,100,100,100,100,14.3,14.5,15.2,14.7,14.6,14.8,14.4,14.6,14.7
"2026-10-01 05:20:00",132046,11.82,24.62,895,895,895,894,894,895,895,895,894,100,100,100,100,100,100,100,100,100,14.3,14.5,15.2,14.7,14.6,14.8,14.4,14.6,14.7
"2026-10-01 05:21:00",132047,11.76,24.61,895,895,895,894,894,895,895,895,894,100,100,100,100,100,100,100,100,100,14.3,14.5,15.1,14.7,14.6,14.8,14.4,14.6,14.7
"2026-10-01 05:22:00",132048,11.78,24.61,895,895,895,894,894,895,895,895,894,100,100,100,100,100,100,100,100,100,14.3,14.5,15.1,14.7,14.6,14.8,14.4,14.6,14.6
"2026-10-01 05:23:00",132049,11.82,24.6,895,895,895,894,894,895,895,895,894,100,100,100,100,100,100,100,100,100,14.3,14.5,15.1,14.7,14.6,14.8,14.3,14.6,14.6
"2026-10-01 05:24:00",132050,11.8,24.59,896,895,895,894,894,895,895,895,894,100,100,100,100,100,100,100,100,100,14.2,14.4,15.1,14.7,14.6,14.8,14.3,14.6,14.6
"2026-10-01 05:25:00",132051,11.8,24.59,895,895,895,894,894,895,895,895,894,100,100,100,100,100,100,100,100,100,14.2,14.4,15.1,14.6,14.5,14.7,14.3,14.5,14.6
"2026-10-01 05:26:00",132052,11.75,24.58,895,895,895,894,894,895,895,895,894,100,100,100,100,100,100,100,100,100,14.2,14.4,15.1,14.6,14.5,14.7,14.3,14.5,14.6
"2026-10-01 05:27:00",132053,11.77,24.57,895,895,895,894,894,895,895,895,894,100,100,100,100,100,100,100,100,100,14.2,14.4,15.1,14.6,14.5,14.7,14.3,14.5,14.6
"2026-10-01 05:28:00",132054,11.81,24.57,895,895,895,894,894,895,895,895,894,100,100,100,100,100,100,100,100,100,14.2,14.4,15.1,14.6,14.5,14.7,14.3,14.5,14.6
"2026-10-01 05:29:00",132055,11.77,24.56,895,895,895,894,894,895,895,895,894,100,100,100,100,100,100,100,100,100,14.2,14.4,15.1,14.6,14.5,14.7,14.2,14.5,14.6
"2026-10-01 05:30:00",132056,11.79,24.55,895,895,895,894,894,895,895,895,894,100,100,100,100,100,100,100,100,100,14.2,14.4,15.1,14.6,14.5,14.7,14.2,14.5,14.6
"2026-10-01 05:31:00",132057,11.77,24.55,896,895,895,894,894,895,895,895,894,100,100,100,100,100,100,100,100,100,14.2,14.4,15,14.6,14.5,14.7,14.2,14.5,14.6
"2026-10-01 05:32:00",132058,11.77,24.54,896,895,895,894,894,895,895,895,894,100,100,100,100,100,100,100,100,100,14.2,14.4,15,14.6,14.5,14.7,14.2,14.5,14.6
"2026-10-01 05:33:00",132059,11.78,24.54,896,895,895,894,894,895,895,895,894,100,100,100,100,100,100,100,100,100,14.2,14.4,15,14.6,14.5,14.7,14.2,14.5,14.6
"2026-10-01 05:34:00",132060,11.73,24.53,896,895,895,894,894,895,895,895,894,100,100,100,100,100,100,100,100,100,14.1,14.4,15,14.6,14.5,14.7,14.2,14.5,14.6
"2026-10-01 05:35:00",132061,11.77,24.52,896,895,895,894,894,895,895,895,894,100,100,100,100,100,100,100,100,100,14.1,14.4,15,14.6,14.5,14.6,14.2,14.4,14.5
"2026-10-01 05:36:00",132062,11.81,24.52,896,895,895,894,894,895,895,895,894,100,100,100,100,100,100,100,100,100,14.1,14.4,15,14.6,14.5,14.6,14.1,14.4,14.5
"2026-10-01 05:37:00",132063,11.81,24.51,896,895,895,894,894,895,895,895,894,100,100,100,100,100,100,100,100,100,14.1,14.4,15,14.6,14.5,14.6,14.1,14.4,14.5
"2026-10-01 05:38:00",132064,11.75,24.51,896,895,895,894,894,895,895,895,894,100,100,100,100,100,100,100,100,100,14.1,14.4,15,14.6,14.5,14.6,14.1,14.4,14.5
"2026-10-01 05:39:00",132065,11.77,24.5,896,895,895,894,894,895,895,895,894,100,100,100,100,100,100,100,100,100,14.1,14.3,14.9,14.6,14.5,14.6,14.1,14.4,14.5
"2026-10-01 05:40:00",132066,11.81,24.49,896,895,895,895,894,895,895,895,894,100,100,100,100,100,100,100,100,100,14.1,14.4,15,14.6,14.5,14.6,14.1,14.4,14.5
"2026-10-01 05:41:00",132067,11.77,24.49,896,895,895,895,894,895,895,895,894,100,100,100,100,100,100,100,100,100,14.1,14.3,15,14.6,14.5,14.6,14.1,14.4,14.5
"2026-10-01 05:42:00",132068,11.8,24.48,896,895,895,895,894,895,895,895,894,100,100,100,100,100,100,100,100,100,14.1,14.3,14.9,14.6,14.5,14.6,14.1,14.4,14.5
"2026-10-01 05:43:00",132069,11.8,24.48,896,895,895,895,894,895,895,895,894,100,100,100,100,100,100,100,100,100,14.1,14.3,14.9,14.6,14.5,14.6,14.2,14.4,14.5
"2026-10-01 05:44:00",132070,11.76,24.47,896,895,895,895,894,895,895,895,894,100,100,100,100,100,100,100,100,100,14.1,14.3,14.9,14.6,14.5,14.6,14.1,14.4,14.5
"2026-10-01 05:45:00",132071,11.79,24.46,896,895,895,895,894,895,895,895,894,100,100,100,100,100,100,100,100,100,14.1,14.3,14.9,14.5,14.5,14.6,14.2,14.4,14.5
"2026-10-01 05:46:00",132072,11.81,24.46,896,895,895,895,894,895,895,895,894,100,100,100,100,100,100,100,100,100,14.1,14.3,15,14.5,14.5,14.6,14.2,14.4,14.5
"2026-10-01 05:47:00",132073,11.76,24.45,896,895,895,895,894,895,895,895,894,100,100,100,100,100,100,100,100,100,14.1,14.3,15,14.5,14.5,14.6,14.2,14.3,14.5
"2026-10-01 05:48:00",132074,11.81,24.44,896,895,895,895,894,895,895,895,894,100,100,100,100,100,100,100,100,100,14.1,14.3,15,14.5,14.5,14.6,14.2,14.3,14.5
"2026-10-01 05:49:00",132075,11.8,24.44,896,895,895,895,895,895,895,895,894,100,100,100,100,100,100,100,100,100,14.2,14.4,15,14.6,14.5,14.7,14.2,14.3,14.5
"2026-10-01 05:50:00",132076,11.79,24.43,896,895,895,895,895,895,895,895,894,100,100,100,100,100,100,100,100,100,14.2,14.4,15,14.6,14.5,14.7,14.2,14.3,14.5
"2026-10-01 05:51:00",132077,11.8,24.42,896,895,895,895,895,895,895,895,894,100,100,100,100,100,100,100,100,100,14.2,14.4,15,14.6,14.5,14.7,14.2,14.3,14.6
"2026-10-01 05:52:00",132078,11.82,24.42,896,895,895,895,895,895,895,895,894,100,100,100,100,100,100,100,100,100,14.2,14.4,15,14.6,14.5,14.7,14.2,14.3,14.6
"2026-10-01 05:53:00",132079,11.77,24.41,896,895,895,895,895,895,895,895,894,100,100,100,100,100,100,100,100,100,14.2,14.4,15,14.6,14.5,14.7,14.3,14.4,14.6
"2026-10-01 05:54:00",132080,11.82,24.4,896,895,895,895,895,895,895,895,894,100,100,100,100,100,100,100,100,100,14.2,14.4,15,14.6,14.6,14.7,14.3,14.4,14.6
"2026-10-01 05:55:00",132081,11.82,24.4,896,895,895,895,895,895,895,896,894,100,100,100,100,100,100,100,100,100,14.2,14.4,15,14.6,14.6,14.7,14.3,14.4,14.6
"2026-10-01 05:56:00",132082,11.79,24.39,896,895,895,895,895,895,895,896,894,100,100,100,100,100,100,100,100,100,14.2,14.4,15,14.6,14.6,14.8,14.3,14.4,14.6
"2026-10-01 05:57:00",132083,11.8,24.39,896,895,895,895,895,895,895,896,894,100,100,100,100,100,100,100,100,100,14.2,14.4,15,14.6,14.6,14.8,14.3,14.5,14.6
"2026-10-01 05:58:00",132084,11.8,24.38,896,895,895,895,895,895,895,895,894,100,100,100,100,100,100,100,100,100,14.2,14.4,15,14.6,14.6,14.8,14.3,14.5,14.6
"2026-10-01 05:59:00",132085,11.74,24.37,896,895,895,895,895,895,895,895,894,100,100,100,100,100,100,100,100,100,14.2,14.4,15,14.6,14.6,14.8,14.3,14.5,14.6
"2026-10-01 06:00:00",132086,11.79,24.37,896,895,895,895,895,895,895,896,894,100,100,100,100,100,100,100,100,100,14.2,14.4,15,14.6,14.7,14.8,14.4,14.5,14.6
"2026-10-01 06:01:00",132087,11.8,24.36,896,895,895,895,895,895,895,896,894,100,100,100,100,100,100,100,100,100,14.2,14.4,15,14.6,14.7,14.8,14.4,14.5,14.6
"2026-10-01 06:02:00",132088,11.79,24.35,896,895,896,895,895,895,895,896,894,100,100,100,100,100,100,100,100,100,14.2,14.4,15,14.7,14.7,14.8,14.4,14.6,14.6
"2026-10-01 06:03:00",132089,11.74,24.35,896,895,895,895,895,895,895,896,894,100,100,100,100,100,100,100,100,100,14.2,14.4,15,14.7,14.7,14.8,14.4,14.6,14.6
"2026-10-01 06:04:00",132090,11.77,24.34,896,895,895,895,895,895,895,896,894,100,100,100,100,100,100,100,100,100,14.2,14.4,15,14.7,14.7,14.8,14.4,14.6,14.6
"2026-10-01 06:05:00",132091,11.78,24.33,896,895,896,895,895,895,895,896,894,100,100,100,100,100,100,100,100,100,14.3,14.4,15,14.7,14.7,14.8,14.4,14.6,14.6
"2026-10-01 06:06:00",132092,11.76,24.33,896,895,896,895,895,895,895,896,894,100,100,100,100,100,100,100,100,100,14.3,14.5,15.1,14.7,14.8,14.8,14.4,14.6,14.6
"2026-10-01 06:07:00",132093,11.76,24.32,896,895,896,895,895,895,895,896,894,100,100,100,100,100,100,100,100,100,14.3,14.5,15.1,14.7,14.8,14.8,14.4,14.7,14.6
"2026-10-01 06:08:00",132094,11.76,24.31,896,895,896,895,895,895,895,896,894,100,100,100,100,100,100,100,100,100,14.4,14.6,15.1,14.8,14.8,14.9,14.5,14.7,14.6
"2026-10-01 06:09:00",132095,11.82,24.31,896,895,896,895,895,895,895,896,894,100,100,100,100,100,100,100,100,100,14.4,14.6,15.1,14.8,14.9,14.9,14.5,14.7,14.6
"2026-10-01 06:10:00",132096,11.77,24.3,896,895,896,895,895,895,895,896,894,100,100,100,100,100,100,100,100,100,14.5,14.6,15.2,14.8,14.9,14.9,14.6,14.8,14.7
"2026-10-01 06:11:00",132097,11.79,24.29,896,895,896,895,895,895,895,896,894,100,100,100,100,100,100,100,100,100,14.5,14.7,15.2,14.9,15,15,14.6,14.8,14.7
"2026-10-01 06:12:00",132098,11.79,24.29,896,895,896,895,895,895,895,896,894,100,100,100,100,100,100,100,100,100,14.6,14.7,15.2,14.9,15,15,14.6,14.9,14.8
"2026-10-01 06:13:00",132099,11.77,24.28,896,895,896,895,895,895,895,896,894,100,100,100,100,100,100,100,100,100,14.6,14.8,15.3,14.9,15.1,15,14.7,14.9,14.8
"2026-10-01 06:14:00",132100,11.8,24.28,896,895,896,895,895,895,895,896,894,100,100,100,100,100,100,100,100,100,14.6,14.8,15.3,14.9,15.1,15.1,14.7,15,14.8
"2026-10-01 06:15:00",132101,11.78,24.27,896,895,896,895,895,895,895,896,894,100,100,100,100,100,100,100,100,100,14.7,14.9,15.4,15,15.1,15.1,14.8,15,14.9
"2026-10-01 06:16:00",132102,11.8,24.26,896,895,896,895,895,895,895,896,894,100,100,100,100,100,100,100,100,100,14.8,15,15.4,15,15.2,15.1,14.8,15.1,14.9
"2026-10-01 06:17:00",132103,11.79,24.26,896,895,896,895,895,895,895,896,894,100,100,100,100,100,100,100,100,100,14.8,15.1,15.5,15,15.2,15.2,14.9,15.1,15
"2026-10-01 06:18:00",132104,11.77,24.26,896,895,896,895,895,895,895,896,894,100,100,100,100,100,100,100,100,100,14.9,15.1,15.5,15.1,15.2,15.2,14.9,15.1,15.1
"2026-10-01 06:19:00",132105,11.77,24.25,896,895,896,895,895,895,895,896,894,100,100,100,100,100,100,100,100,100,14.9,15.2,15.6,15.1,15.3,15.3,15,15.2,15.1
"2026-10-01 06:20:00",132106,11.81,24.25,896,895,896,895,895,895,895,896,894,100,100,100,100,100,100,100,100,100,15,15.3,15.7,15.1,15.3,15.3,15,15.3,15.2
"2026-10-01 06:21:00",132107,11.8,24.24,896,895,896,895,895,895,895,896,894,100,100,100,100,100,100,100,100,100,15,15.4,15.7,15.2,15.4,15.4,15.1,15.3,15.3
"2026-10-01 06:22:00",132108,11.77,24.24,896,895,896,895,895,895,895,896,894,100,100,100,100,100,100,100,100,100,15.1,15.4,15.8,15.2,15.5,15.4,15.2,15.4,15.5
"2026-10-01 06:23:00",132109,11.75,24.23,896,895,896,895,895,895,896,896,894,100,100,100,100,100,100,100,100,100,15.1,15.5,15.9,15.3,15.5,15.5,15.3,15.5,15.6
"2026-10-01 06:24:00",132110,11.8,24.23,896,895,896,895,895,895,896,896,894,100,100,100,100,100,100,100,100,100,15.2,15.6,16,15.3,15.6,15.6,15.5,15.6,15.7
"2026-10-01 06:25:00",132111,11.78,24.22,896,895,896,895,895,895,896,896,894,100,100,100,100,100,100,100,100,100,15.3,15.6,16.1,15.4,15.7,15.6,15.7,15.7,15.8
"2026-10-01 06:26:00",132112,11.78,24.22,896,895,896,895,895,895,896,896,894,100,100,100,100,100,100,100,100,100,15.4,15.7,16.3,15.4,15.7,15.7,15.9,15.8,15.9
"2026-10-01 06:27:00",132113,11.79,24.22,896,895,896,895,895,895,896,896,894,100,100,100,100,100,100,100,100,100,15.6,15.8,16.4,15.5,15.8,15.8,16,15.9,15.9
"2026-10-01 06:28:00",132114,11.81,24.21,896,895,896,895,895,895,896,896,894,100,100,100,100,100,100,100,100,100,15.8,15.9,16.5,15.6,15.9,15.9,16.3,16,16
"2026-10-01 06:29:00",132115,11.76,24.21,896,895,896,895,895,895,896,896,894,100,100,100,100,100,100,100,100,100,16,16,16.6,15.7,16.2,16,16.5,16,16
"2026-10-01 06:30:00",132116,11.76,24.21,896,895,896,895,895,895,896,896,894,100,100,100,100,100,100,100,100,100,16.2,16,16.7,15.9,16.5,16.1,16.7,16.1,16.2
"2026-10-01 06:31:00",132117,11.77,24.2,896,895,896,895,895,895,895,896,894,100,100,100,100,100,100,100,100,100,16.5,16.1,16.8,16,16.8,16.2,16.9,16.2,16.3
"2026-10-01 06:32:00",132118,11.81,24.2,896,895,896,895,895,895,896,896,894,100,100,100,100,100,100,100,100,100,16.7,16.1,16.9,16.2,17.1,16.4,17.1,16.3,16.4
"2026-10-01 06:33:00",132119,11.79,24.2,896,895,896,895,895,895,896,896,894,100,100,100,100,100,100,100,100,100,16.9,16.2,17,16.4,17.3,16.5,17.3,16.4,16.4
"2026-10-01 06:34:00",132120,11.79,24.2,896,895,896,895,895,895,896,896,894,100,100,100,100,100,100,100,100,100,17.1,16.3,17.1,16.6,17.6,16.7,17.4,16.5,16.5
"2026-10-01 06:35:00",132121,11.8,24.19,896,895,896,895,895,895,896,896,894,100,100,100,100,100,100,100,100,100,17.4,16.4,17.1,16.8,17.9,16.8,17.5,16.7,16.6
"2026-10-01 06:36:00",132122,11.82,24.19,896,895,896,895,895,895,896,896,894,100,100,100,100,100,100,100,100,100,17.6,16.5,17.2,16.9,18.2,17,17.5,16.9,16.7
"2026-10-01 06:37:00",132123,11.76,24.19,896,895,896,895,895,895,896,896,894,100,100,100,100,100,100,100,100,100,17.8,16.6,17.3,17.1,18.5,17.1,17.5,17.1,16.9
"2026-10-01 06:38:00",132124,11.81,24.19,896,895,896,895,895,895,896,896,894,100,100,100,100,100,100,100,100,100,18.1,16.9,17.4,17.3,18.8,17.3,17.5,17.3,17.1
"2026-10-01 06:39:00",132125,11.76,24.19,896,895,896,895,895,895,896,896,894,100,100,100,100,100,100,100,100,100,18.3,17.1,17.4,17.5,19,17.4,17.5,17.5,17.4
"2026-10-01 06:40:00",132126,11.77,24.18,896,895,896,895,895,895,896,896,894,100,99.4,100,100,100,100,100,100,99.8,18.5,17.4,17.5,17.6,19.3,17.6,17.5,17.6,17.6
"2026-10-01 06:41:00",132127,11.8,24.18,896,895,896,895,895,895,896,896,895,100,98.4,100,100,100,100,100,100,98.6,18.7,17.7,17.5,17.8,19.6,17.7,17.5,17.6,17.9
"2026-10-01 06:42:00",132128,11.8,24.18,896,895,896,895,895,895,896,896,894,100,97.4,100,100,100,100,100,100,98,18.9,18,17.6,18,19.9,17.9,17.5,17.7,18
"2026-10-01 06:43:00",132129,11.78,24.18,896,895,896,895,895,895,896,896,895,100,95.9,100,100,100,100,100,100,96.4,19.2,18.4,17.7,18.2,20.1,18.1,17.6,17.8,18.4
"2026-10-01 06:44:00",132130,11.8,24.18,896,895,896,895,895,895,896,896,895,100,94.3,100,100,100,100,100,100,94.6,19.4,18.6,17.7,18.4,20.4,18.2,17.6,17.8,18.6
"2026-10-01 06:45:00",132131,11.83,24.18,896,895,896,895,895,895,896,896,895,100,93.5,100,100,100,100,100,100,94.1,19.6,19,17.8,18.6,20.6,18.4,17.7,17.9,18.8
"2026-10-01 06:46:00",132132,11.77,24.18,896,895,896,895,895,895,896,896,895,100,91.3,100,100,100,100,100,100,93.6,19.9,19.3,18,18.9,20.9,18.5,17.7,17.9,19
"2026-10-01 06:47:00",132133,11.76,24.18,896,895,896,895,895,895,896,896,895,100,89.8,100,100,100,100,100,100,92.2,20.1,19.6,18.2,19.2,21.1,18.7,17.8,18,19.1
"2026-10-01 06:48:00",132134,11.82,24.18,896,895,896,895,895,895,896,896,895,100,87.9,100,100,100,100,100,100,91.4,20.3,19.9,18.4,19.5,21.4,18.8,17.9,18,19.2
"2026-10-01 06:49:00",132135,11.8,24.18,896,895,896,895,895,895,896,896,895,100,86.4,100,100,100,100,100,100,89.8,20.5,20.1,18.6,19.7,21.7,19,18,18.1,19.5
"2026-10-01 06:50:00",132136,11.83,24.18,896,896,896,895,895,895,896,896,895,100,84.8,100,100,98.8,100,100,100,89.1,20.7,20.4,18.9,20,21.9,19.1,18.1,18.2,19.6
"2026-10-01 06:51:00",132137,11.81,24.19,896,895,896,895,895,895,896,896,895,100,83.6,100,100,95.4,100,100,100,87,21,20.7,19.2,20.3,22.2,19.3,18.3,18.3,19.7
"2026-10-01 06:52:00",132138,11.8,24.19,896,896,896,895,895,896,896,896,895,100,82.4,99.1,100,95.7,100,100,100,85.8,21.2,21,19.5,20.5,22.4,19.4,18.4,18.5,19.8
"2026-10-01 06:53:00",132139,11.78,24.19,896,896,896,895,895,896,896,896,895,100,81.4,97.9,100,92.3,100,100,100,85.4,21.4,21.2,19.8,20.7,22.6,19.5,18.5,18.7,20
"2026-10-01 06:54:00",132140,11.8,24.19,896,896,896,895,895,896,896,896,895,100,80.1,95.9,100,91,100,100,100,85,21.6,21.5,20,20.8,22.9,19.6,18.5,19,20.3
"2026-10-01 06:55:00",132141,11.8,24.2,896,896,896,895,895,896,896,896,895,100,78.76,94.6,100,98.9,100,100,100,84.7,21.8,21.7,20.3,20.9,23.2,19.8,18.5,19.4,20.5
"2026-10-01 06:56:00",132142,11.78,24.2,896,896,896,895,895,896,896,896,895,100,77.75,93.7,99.5,100,100,100,100,84.3,22,22,20.6,21,23.4,19.9,18.6,19.8,20.7
"2026-10-01 06:57:00",132143,11.77,24.2,896,896,896,895,895,896,896,896,895,100,76.91,91.8,98.6,100,100,100,100,84.1,22.2,22.2,20.9,21,23.7,20.1,18.6,20.3,21
"2026-10-01 06:58:00",132144,11.79,24.21,896,896,896,895,895,896,896,896,895,100,75.71,91.8,98.6,100,100,100,100,83.1,22.5,22.5,21.1,21,24.1,20.3,18.7,20.8,21.3
"2026-10-01 06:59:00",132145,11.79,24.21,896,896,896,895,895,896,896,896,895,100,75.35,91.2,98.5,100,100,100,100,82.1,22.7,22.7,21.4,20.9,24.4,20.4,18.8,21.2,21.5
"2026-10-01 07:00:00",132146,11.79,24.22,896,896,896,895,895,896,896,896,895,100,75.87,90.2,98.5,100,100,100,99.8,82.1,22.9,23,21.7,20.8,24.8,20.6,18.9,21.7,21.8
"2026-10-01 07:01:00",132147,11.78,24.22,896,896,896,895,895,896,896,896,895,100,74.47,88.7,99,100,100,100,97.9,81.4,23.1,23.2,21.9,20.8,25.1,20.7,19,22.1,22
"2026-10-01 07:02:00",132148,11.82,24.23,896,896,896,895,895,896,896,896,895,98.4,73.56,87.2,99.3,100,100,100,96.3,80.8,23.3,23.4,22.2,20.7,25.5,20.8,19.2,22.5,22.3
"2026-10-01 07:03:00",132149,11.77,24.24,896,896,896,895,895,896,896,896,895,97.6,72.6,87.1,100,100,100,100,94.2,80.5,23.6,23.7,22.4,20.7,25.9,20.9,19.4,23,22.6
"2026-10-01 07:04:00",132150,11.82,24.25,896,896,896,895,895,896,896,896,895,96.3,72.91,85.7,100,100,100,100,93.7,79.38,23.8,23.9,22.7,20.6,26.2,21,19.8,23.4,22.9
"2026-10-01 07:05:00",132151,11.8,24.26,896,896,896,895,895,896,896,896,895,95.2,71.83,84.8,100,100,100,100,90.2,78.71,24,24.1,22.9,20.6,26.5,21,20.2,23.8,23.1
"2026-10-01 07:06:00",132152,11.81,24.27,896,896,896,896,895,896,896,896,895,93.9,70.63,84.6,100,85,100,100,88.8,77.68,24.3,24.4,23.2,20.6,26.8,21,20.7,24.2,23.4
"2026-10-01 07:07:00",132153,11.8,24.28,896,896,896,896,895,896,896,896,895,91.4,70.54,82.7,100,76.25,100,100,86.4,77.68,24.5,24.6,23.5,20.7,26.9,21,21.2,24.6,23.4
"2026-10-01 07:08:00",132154,11.79,24.29,896,896,896,896,895,896,896,896,895,90.8,70.02,81.3,100,74.17,100,100,81.2,75.13,24.8,24.9,23.7,20.7,27,21.1,21.6,24.9,23.9
"2026-10-01 07:09:00",132155,11.77,24.3,896,896,896,896,895,896,896,896,895,90.1,69.17,79.81,100,74.39,100,98.2,79.9,73.75,25,25.1,24,20.8,27.1,21.1,22.1,25.3,24.1
"2026-10-01 07:10:00",132156,11.78,24.31,896,896,896,896,895,896,896,896,895,89.1,67.77,78.39,100,71.54,100,94.9,77.3,73.65,25.1,25.3,24.2,20.9,27.1,21.2,22.6,25.6,24.4
"2026-10-01 07:11:00",132157,11.77,24.33,896,896,896,896,895,896,896,896,895,86.8,67,77.1,100,68.45,100,91.5,75.27,72.78,25.5,25.6,24.4,21.1,27.1,21.3,23,26,24.6
"2026-10-01 07:12:00",132158,11.79,24.34,897,896,896,896,895,896,896,896,895,85,66.42,76.52,100,72.3,100,90.1,73.27,71.44,25.7,25.8,24.7,21.4,27.1,21.4,23.4,26.3,24.9
"2026-10-01 07:13:00",132159,11.78,24.36,897,896,896,896,895,896,896,896,895,83.3,65.51,74.31,100,73.56,100,90.1,72.14,70.2,25.9,26,24.9,21.6,27,21.6,23.4,26.6,25.1
"2026-10-01 07:14:00",132160,11.75,24.37,896,896,896,896,895,896,896,896,895,79.92,64.34,72.26,100,72.38,100,86.1,71.49,68.02,26.1,26.3,25.1,21.9,26.9,21.7,24.2,26.9,25.4
"2026-10-01 07:15:00",132161,11.75,24.39,897,896,896,896,895,896,896,896,895,78.15,62.8,71.71,100,72.1,100,83.7,68.93,64.7,26.4,26.5,25.4,22.2,26.8,21.9,24.5,27.2,25.6
"2026-10-01 07:16:00",132162,11.82,24.41,897,896,896,896,896,896,896,896,895,75.27,62.22,70.7,99.3,71.03,100,80.3,66.29,64.53,26.6,26.7,25.6,22.5,26.6,22.1,24.9,27.5,25.8
"2026-10-01 07:17:00",132163,11.78,24.43,897,896,896,896,896,896,896,896,895,74.04,62.22,68.72,97.3,71.59,100,77.97,65.3,62.63,26.8,26.7,25.9,22.8,26.4,22.2,25.2,27.8,26
"2026-10-01 07:18:00",132164,11.8,24.45,897,896,896,896,896,896,896,896,895,71.43,59.45,67.71,95.4,71.2,100,75.81,63.08,62.68,27,27.1,26.1,23,26.2,22.3,25.5,28,26.2
"2026-10-01 07:19:00",132165,11.76,24.47,897,896,896,896,896,896,896,896,895,69.52,58.19,65.64,93.7,71.24,100,76.91,61.76,62.4,27.2,27.3,26.3,23.3,26,22.4,25.8,28.3,26.4
"2026-10-01 07:20:00",132166,11.75,24.49,897,896,896,896,896,896,896,896,895,68.07,58.21,65.92,92.7,72.06,100,85.2,61.01,61.05,27.4,27.6,26.5,23.5,25.8,22.5,26.2,28.6,26.6
"2026-10-01 07:21:00",132167,11.76,24.52,897,896,896,896,896,896,896,896,895,66.04,56.36,64.96,90.8,72.68,97.9,90.3,59.4,61.33,27.5,27.8,26.7,23.7,25.6,22.6,26.6,28.8,26.8
"2026-10-01 07:22:00",132168,11.78,24.54,897,896,896,896,896,896,896,896,895,66.85,56.38,62.5,89,74.31,97.1,93.1,58.95,58.23,27.7,28,27,23.9,25.4,22.8,27,29.1,27
"2026-10-01 07:23:00",132169,11.81,24.57,897,896,896,896,896,896,896,896,895,66.05,55.26,62.8,87.9,73.8,95.6,94.7,56.45,58.36,27.8,28.2,27.2,24,25.4,22.9,27.4,29.3,27.2
"2026-10-01 07:24:00",132170,11.77,24.59,897,896,896,896,896,896,896,896,895,64.83,55.01,62.14,86.7,73.74,94,94.7,55.81,55.08,28.1,28.3,27.4,24.1,25.2,23.1,27.4,29.6,27.4
"2026-10-01 07:25:00",132171,11.8,24.62,897,896,896,896,896,896,896,896,895,63.94,54.76,59.89,85.8,73.52,93.5,94.4,54.39,53.11,28.3,28.6,27.6,24.1,25.1,23.3,28.3,29.8,27.6
"2026-10-01 07:26:00",132172,11.81,24.65,897,896,896,896,896,896,896,896,895,62.94,53.68,59.46,85.5,75.28,91.9,93.6,54.54,53.9,28.5,28.8,27.8,24,25,23.4,28.5,30,27.7
"2026-10-01 07:27:00",132173,11.79,24.68,897,896,896,896,896,896,896,896,895,61.53,53.4,59.31,86,75.5,91.6,93.4,54.39,53.43,28.7,29,28,23.9,25,23.5,29.1,30.3,27.9
"2026-10-01 07:28:00",132174,11.79,24.71,897,896,896,896,896,896,896,896,895,59.57,52.06,58.26,86.3,75.59,91,93.1,53.3,54.06,28.9,29.1,28.2,23.8,25,23.6,29.3,30.5,28
"2026-10-01 07:29:00",132175,11.79,24.75,897,896,896,896,896,896,896,896,895,58.89,51.08,56.1,86.2,76.24,88.8,93.1,51.3,53.3,29.1,29.3,28.4,23.8,25,23.6,29.3,30.7,28.2
"2026-10-01 07:30:00",132176,11.74,24.78,897,896,896,896,896,896,896,896,895,57.52,50.3,56.52,86.2,76.49,88.5,80.3,52.03,52.22,29.3,29.4,28.6,23.8,25,23.7,30.3,30.9,28.4
"2026-10-01 07:31:00",132177,11.77,24.81,897,896,896,896,896,896,896,896,895,56.57,49.58,55.25,85.3,74.73,88.2,65.49,49.49,52.61,29.5,29.6,28.8,23.6,25,23.7,30.5,31.2,28.5
"2026-10-01 07:32:00",132178,11.77,24.85,897,896,896,896,896,896,896,896,895,55.44,49.75,55.17,85.9,76.32,88.1,61.39,53.54,51.27,29.7,29.7,29,23.5,25.1,23.8,30.7,31.4,28.7
"2026-10-01 07:33:00",132179,11.79,24.88,897,896,896,896,896,896,896,896,895,54.5,50,54.32,85.4,76.32,88.1,56.55,62.18,51.45,29.9,29.9,29.2,23.4,25.1,23.8,30.8,31.8,28.9
"2026-10-01 07:34:00",132180,11.81,24.92,897,896,896,896,896,896,896,896,895,54.03,48.89,52.94,86.3,74.44,87.2,56.55,62.18,50.14,30.1,30.1,29.4,23.4,25.1,23.9,30.8,31.8,29.1
"2026-10-01 07:35:00",132181,11.76,24.96,897,896,897,896,896,896,896,896,895,53.15,47.61,52.65,86.6,76.75,87,57.37,74,50.93,30.2,30.2,29.5,23.3,25.1,23.9,30.9,32.5,29.2
"2026-10-01 07:36:00",132182,11.78,25,897,896,897,896,896,896,896,896,895,52.5,47.46,50.87,87,76.75,87.3,56.85,77.65,50.19,30.4,30.4,29.7,23.2,25.1,24,31,32.9,29.3
"2026-10-01 07:37:00",132183,11.82,25.04,897,896,897,896,896,896,896,896,895,51.45,46.53,50.66,86.6,74.13,84.5,55.86,80.3,50.19,30.6,30.5,29.9,23.2,25,24.1,31,33.4,29.3
"2026-10-01 07:38:00",132184,11.81,25.08,897,896,897,896,896,896,896,896,896,50.64,46.74,50.03,87.2,75.13,84.5,55.4,81.3,47.89,30.8,30.7,30.1,23.1,25,24.1,31,33.8,29.8
"2026-10-01 07:39:00",132185,11.76,25.12,897,896,897,896,896,896,896,896,896,50.45,46.74,50.08,86.6,73.25,83.6,54.09,82.2,48.35,31,30.9,30.3,23,24.9,24.5,31,34.3,30
"2026-10-01 07:40:00",132186,11.8,25.16,897,896,897,896,896,896,896,896,896,48.83,46.14,49.38,87,73.06,83.1,53.5,81.7,46.56,31.1,31,30.4,23,24.9,24.6,31.1,34.7,30.1
"2026-10-01 07:41:00",132187,11.82,25.21,897,896,897,896,896,896,896,896,896,47.8,45.29,48.21,88.2,74.47,83.8,54.67,81.3,46.09,31.3,31.1,30.6,22.9,24.9,24.8,31.1,35.1,30.3
"2026-10-01 07:42:00",132188,11.76,25.25,897,896,897,896,896,896,896,896,896,48.22,45.26,48.34,89.8,74.47,84.9,54.32,81.2,45.7,31.5,31.3,30.8,22.9,24.9,25.1,31.2,35.5,30.4
"2026-10-01 07:43:00",132189,11.76,25.29,897,896,897,896,896,896,896,896,896,47.36,43.77,46.52,88.9,75.97,83.2,53.23,77.31,45.02,31.7,31.4,30.9,22.9,24.9,25.3,31.3,35.7,30.6
"2026-10-01 07:44:00",132190,11.78,25.34,897,896,897,896,896,896,896,896,896,47.5,44.49,47.71,87.8,73.79,81.1,52.54,44.18,46.49,31.8,31.5,31.1,22.9,25,25.6,31.4,35.9,30.7
"2026-10-01 07:45:00",132191,11.8,25.39,897,896,897,896,896,896,896,896,896,46.76,44.04,47.24,89.3,75.27,80.5,53.32,42.55,49.87,32,31.7,31.2,22.9,25,25.9,31.5,36.1,30.9
"2026-10-01 07:46:00",132192,11.79,25.43,897,896,897,896,896,896,896,896,896,46.65,43.85,47.65,89.7,74.18,79.27,52.85,41.76,53,32.2,31.8,31.4,22.9,25.2,26.1,31.6,36.2,31.2
"2026-10-01 07:47:00",132193,11.82,25.48,897,896,897,896,896,896,896,896,896,46.63,43.36,46.02,90.6,76.65,79.58,53.89,41.45,55.62,32.4,32,31.5,22.9,25.4,26.3,31.7,36.3,31.4
"2026-10-01 07:48:00",132194,11.78,25.53,897,896,897,896,896,896,896,896,896,45.93,44,46.44,89.6,72.99,77.17,52.36,39.03,57.76,32.5,32.1,31.7,23,25.6,26.6,31.8,36.4,31.7
"2026-10-01 07:49:00",132195,11.79,25.58,897,896,897,896,896,896,896,896,896,43.44,42.15,45.33,88.8,70.32,76.38,52.36,38.15,59.61,32.7,32.3,31.8,23.1,25.8,26.9,31.8,36.5,32
"2026-10-01 07:50:00",132196,11.79,25.63,897,896,897,896,896,896,896,896,896,43.12,41.25,44.69,87.9,68.3,74.58,50.59,37.45,61.07,32.9,32.4,32,23.2,26.1,27.2,32.1,36.5,32.3
"2026-10-01 07:51:00",132197,11.79,25.69,897,896,897,896,896,896,896,896,896,43.45,41.56,44.43,87.3,69.43,73.37,50.38,37.43,62.27,33,32.5,32.2,23.3,26.4,27.5,32.2,36.6,32.5
"2026-10-01 07:52:00",132198,11.77,25.74,897,896,897,896,896,896,896,896,896,43.56,41.99,44.19,87.3,68.21,73.89,49.91,37.49,63.29,33.2,32.7,32.3,23.4,26.7,27.9,32.3,36.7,32.8
"2026-10-01 07:53:00",132199,11.79,25.79,897,896,897,896,896,896,896,896,896,42.33,41.01,42.38,86.9,68.21,71.15,48.63,35.76,64.02,33.4,32.8,32.5,23.5,26.7,28.3,32.5,36.8,33.2
"2026-10-01 07:54:00",132200,11.8,25.85,897,896,897,896,896,896,896,896,896,40.8,38.66,41.17,86.1,64.19,68.88,47.97,36.03,64.62,33.5,33,32.6,23.5,27.3,28.7,32.6,36.9,33.4
"2026-10-01 07:55:00",132201,11.8,25.9,897,896,897,896,896,896,896,896,896,40.17,38.97,40.61,85.8,63.85,69.11,48.52,35.43,64.86,33.7,33.1,32.7,23.6,27.6,29.2,32.7,37,33.6
"2026-10-01 07:56:00",132202,11.73,25.96,897,896,897,896,896,896,896,896,896,40.22,39.38,40.63,84.5,63.85,65.85,46.81,34.72,41.08,33.8,33.2,32.8,23.7,27.6,29.6,32.8,37,33.8
"2026-10-01 07:57:00",132203,11.8,26.01,897,896,897,896,896,896,896,896,896,42.43,38.59,39.98,85.2,61,66.08,45.9,35.02,38.75,34,33.3,33,23.7,27.9,30,32.9,37.1,33.9
"2026-10-01 07:58:00",132204,11.76,26.07,897,896,897,896,896,896,896,896,896,46.36,39.41,40.36,85,62.81,62.42,47.25,35.92,38.64,34.2,33.4,33.1,23.8,28.1,30.3,33.1,37.2,34
"2026-10-01 07:59:00",132205,11.76,26.13,897,896,897,896,896,896,896,896,896,49.46,38.15,40.71,83.8,60.21,60.23,44.81,34.02,38.16,34.4,33.5,33.2,23.8,28.3,30.7,33.2,37.3,34
"2026-10-01 08:00:00",132206,11.78,26.19,897,896,897,896,896,896,896,896,896,52.33,38.7,40.74,82.7,56.94,58.95,44.79,33.17,38.67,34.7,33.6,33.3,23.9,28.5,31,33.2,37.5,34.1
"2026-10-01 08:01:00",132207,11.81,26.25,897,896,897,896,896,896,896,896,896,54.95,37.61,39.16,83.2,56.67,57.93,44.31,32.41,38.42,35,33.7,33.5,24,28.8,31.3,33.3,37.5,34.1
"2026-10-01 08:02:00",132208,11.78,26.31,897,896,897,896,896,896,897,896,896,57.41,37.89,39.78,82.9,55.91,57.18,44.32,32.13,37.13,35.3,33.9,33.6,24,29,31.6,33.4,37.7,34.2
"2026-10-01 08:03:00",132209,11.78,26.37,897,896,897,896,896,896,896,896,896,59.33,37.24,39.58,82.6,55.95,55.85,45.33,32.27,36.44,35.6,34,33.7,24.1,29.2,32,33.5,37.8,34.2
"2026-10-01 08:04:00",132210,11.82,26.43,897,896,897,896,896,897,896,896,896,61.03,36.95,39.46,83.3,57.55,56.23,46.54,33.96,37.77,35.9,34.1,33.8,24.1,29.5,32.3,33.5,37.9,34.2
"2026-10-01 08:05:00",132211,11.77,26.49,897,896,897,896,896,897,897,896,896,62.58,36.53,38.88,82.4,55.08,53.95,43.64,32.51,35.04,36.3,34.2,34,24.1,29.7,32.5,33.6,38.1,34.3
"2026-10-01 08:06:00",132212,11.75,26.55,897,896,897,896,896,896,897,896,896,63.75,35.9,38.16,80.4,51.45,50.86,42.96,31.02,35.45,36.5,34.3,34.1,24.1,29.9,32.8,33.7,38.2,34.4
"2026-10-01 08:07:00",132213,11.81,26.62,897,896,897,896,896,897,897,896,896,64.85,36.06,37.97,81.7,53.75,52.01,44.14,32.92,35.8,36.8,34.4,34.2,24.2,30,33,33.8,38.3,34.4
"2026-10-01 08:08:00",132214,11.76,26.68,897,896,897,896,896,897,897,896,896,44.65,35.29,37.04,80.6,53.5,49.4,42.29,32.04,35.59,37,34.5,34.3,24.2,30.3,33.3,33.9,38.5,34.5
"2026-10-01 08:09:00",132215,11.8,26.75,897,896,897,896,896,897,897,896,896,37.06,35.49,37.09,79.71,51.07,48.85,41.4,30.62,35,37.1,34.6,34.4,24.2,30.5,33.5,34,38.6,34.6
"2026-10-01 08:10:00",132216,11.78,26.81,897,896,897,896,896,897,897,896,896,35.83,38.57,37.26,80.4,50.57,48.3,41.03,30.62,35,37.2,34.7,34.5,24.2,30.8,33.7,34.1,38.6,34.6
"2026-10-01 08:11:00",132217,11.81,26.88,897,896,897,896,896,897,897,896,896,35.36,42.68,37.63,78.9,49.78,47.86,40.71,30.58,33.89,37.3,35,34.7,24.2,31.1,33.8,34.2,38.9,34.7
"2026-10-01 08:12:00",132218,11.82,26.95,897,896,897,896,896,897,897,896,896,34.15,45.3,36.25,79.27,48.71,47.33,41.45,30.05,32.66,37.3,35.2,34.8,24.3,31.4,34.1,34.4,39,34.8
"2026-10-01 08:13:00",132219,11.78,27.01,897,896,897,896,896,897,897,896,896,34.82,47.77,36.52,78.55,47.25,46.06,40.04,30.24,32.72,37.3,35.5,34.9,24.3,31.6,34.2,34.5,39,34.9
"2026-10-01 08:14:00",132220,11.8,27.08,897,896,897,896,896,897,897,896,896,32.71,49.71,35.84,79.02,46.56,45.81,40.89,30.24,32.13,37.4,35.7,35,24.3,32,34.4,34.7,39,34.9
"2026-10-01 08:15:00",132221,11.77,27.15,897,896,897,896,896,897,897,896,896,33.31,51.07,35.34,77.56,46.68,44.54,39.18,29.55,32.31,37.4,36,35.1,24.4,32.3,34.6,34.8,39.3,35
"2026-10-01 08:16:00",132222,11.81,27.22,897,896,897,896,896,897,897,896,896,33.38,52.71,35.96,76.61,44.16,44.07,39,28.64,33.15,37.5,36.3,35.2,24.4,32.6,34.7,34.9,39.4,35.1
"2026-10-01 08:17:00",132223,11.76,27.29,897,897,897,896,896,897,897,896,896,32.28,53.89,34.76,76.01,42.03,42.41,38,27.65,32.84,37.5,36.6,35.3,24.5,32.9,34.9,35.1,39.5,35.1
"2026-10-01 08:18:00",132224,11.77,27.36,897,897,897,896,896,897,897,896,896,33.06,54.82,35.29,75.52,43.76,42.87,37.99,29.11,32.49,37.6,36.9,35.4,24.4,33.2,35,35.2,39.6,35.2
"2026-10-01 08:19:00",132225,11.8,27.43,897,897,897,896,896,897,897,896,896,33.18,55.48,35.73,77.11,43.32,43.26,38.92,28.6,33.11,37.7,37.1,35.5,24.4,33.6,35.2,35.4,39.7,35.3
"2026-10-01 08:20:00",132226,11.79,27.5,897,896,897,896,896,897,897,896,896,31.67,54.93,34.3,77.94,41.65,42.86,37.56,28.49,31.62,37.8,37.4,35.6,24.4,33.8,35.3,35.5,39.9,35.4
"2026-10-01 08:21:00",132227,11.81,27.57,897,896,897,896,896,897,897,896,896,32.04,36.52,33.38,77.09,40.72,42.31,36.82,27.5,31.15,37.9,37.5,35.6,24.4,34.1,35.4,35.6,40,35.4
"2026-10-01 08:22:00",132228,11.74,27.64,897,896,897,896,896,897,897,896,896,31.33,33.3,34.15,76.51,40.3,41.43,37.12,27.38,30.07,38,37.5,35.7,24.4,34.4,35.5,35.8,40.1,35.5
"2026-10-01 08:23:00",132229,11.78,27.71,897,897,897,896,896,897,897,897,896,31.04,32.27,38.97,77.03,40.34,40.87,36.33,27.85,31.14,38,37.5,35.8,24.4,34.5,35.7,36,40.2,35.5
"2026-10-01 08:24:00",132230,11.77,27.79,897,897,897,896,896,897,897,896,896,31.4,32.18,42.23,76.5,38.28,41,35.68,27.13,31.34,38.1,37.5,36,24.5,34.9,35.8,36.1,40.3,35.6
"2026-10-01 08:25:00",132231,11.77,27.86,897,897,897,897,896,897,897,896,896,32.01,31.18,45.07,77.14,38.82,41.45,36.7,28.04,31.11,38.2,37.4,36.2,24.5,35.1,36,36.3,40.4,35.6
"2026-10-01 08:26:00",132232,11.79,27.93,897,897,897,896,896,897,897,897,896,30.61,31.51,45.07,77.35,39.13,40.31,35.25,27.27,31.02,38.3,37.4,36.2,24.5,35.4,36.1,36.4,40.5,35.7
"2026-10-01 08:27:00",132233,11.81,28,897,897,897,897,896,897,897,897,896,31.25,31.18,49.71,77.13,37.11,39.99,35.2,26.46,31.84,38.4,37.3,36.6,24.5,35.6,36.3,36.6,40.7,35.8
"2026-10-01 08:28:00",132234,11.82,28.08,897,897,897,897,896,897,897,897,896,30.04,30.44,51.59,77.17,37.88,40.08,35.78,26.92,29.78,38.5,37.3,36.8,24.6,35.8,36.5,36.7,40.8,35.9
"2026-10-01 08:29:00",132235,11.78,28.15,897,897,897,897,896,897,897,897,896,30.05,30.87,53.07,75.41,36.11,37.92,33.87,26.06,29.95,38.6,37.2,37,24.6,36,36.6,36.9,40.9,35.9
"2026-10-01 08:30:00",132236,11.82,28.22,897,897,897,897,896,897,897,897,896,29.7,30.94,54.55,76.46,36.13,38.87,34.54,26.46,30.38,38.7,37.1,37.3,24.7,36.2,36.7,37,41,36
"2026-10-01 08:31:00",132237,11.81,28.3,897,897,897,896,896,897,897,897,896,29.6,29.77,55.78,75.1,34.66,37.43,32.15,25.88,29.07,38.8,37.1,37.5,24.7,36.4,36.8,37.1,41.1,36.1
"2026-10-01 08:32:00",132238,11.77,28.37,897,897,897,897,896,897,897,897,896,30.14,30.37,56.9,74.79,35.04,37.96,32.78,26,30.12,38.8,37.1,37.7,24.8,36.6,36.9,37.3,41.2,36.2
"2026-10-01 08:33:00",132239,11.76,28.45,897,897,897,897,896,897,897,896,896,29.96,31.18,42.6,75.44,35.29,38,33.84,25.56,31.21,39,37.1,37.9,24.9,36.8,37.1,37.3,41.3,36.3
"2026-10-01 08:34:00",132240,11.8,28.52,897,897,897,897,896,897,897,896,896,29.67,31.1,34.36,75.23,34.13,36.27,33.84,25.03,30.67,39.1,37.1,38,25,37,37.2,37.3,41.4,36.3
"2026-10-01 08:35:00",132241,11.8,28.6,897,897,897,897,896,897,897,897,896,29.17,30.96,31.77,81,33.24,36.28,31.92,24.74,28.75,39.2,37.1,38,25.1,37.2,37.3,37.6,41.5,36.4
"2026-10-01 08:36:00",132242,11.78,28.67,897,897,897,897,896,897,897,896,896,28.6,30.6,30.4,87.1,32.99,36.28,31.56,24.51,28.29,39.2,37.2,38,25.2,37.4,37.3,37.8,41.6,36.5
"2026-10-01 08:37:00",132243,11.76,28.75,897,897,897,897,896,897,897,896,896,27.41,29.51,29.92,92.1,31.29,34.26,30.61,23.95,27.77,39.3,37.2,38,25.5,37.6,37.4,37.8,41.7,36.5
"2026-10-01 08:38:00",132244,11.77,28.82,897,897,897,897,896,897,897,896,896,27.45,29.02,29.68,94.2,30.81,34.52,31.08,24.54,28.56,39.3,37.2,38,25.6,37.8,37.5,38,41.7,36.5
"2026-10-01 08:39:00",132245,11.76,28.89,897,897,897,897,896,897,897,897,896,27.25,29.07,29.26,99.8,30.62,34.73,30.06,23.94,28.19,39.4,37.2,38,26,37.9,37.6,38.1,41.8,36.5
"2026-10-01 08:40:00",132246,11.75,28.97,897,897,897,897,896,897,897,896,896,27.25,28.98,28.62,100,30.72,34.36,29.69,23.54,27.48,39.4,37.2,37.9,26.4,38.1,37.7,38.2,41.9,36.5
"2026-10-01 08:41:00",132247,11.79,29.04,897,897,897,897,896,897,897,896,896,27.7,28.98,29.14,100,30.18,33.84,30.41,23.88,26.83,39.4,37.2,37.9,26.8,38.3,37.8,38.3,42,36.5
"2026-10-01 08:42:00",132248,11.76,29.12,897,897,897,896,896,897,897,896,896,28.31,29.44,29.57,100,30.78,33.52,30.24,24.29,26.83,39.5,37.2,37.8,27.1,38.4,37.9,38.4,42,36.5
"2026-10-01 08:43:00",132249,11.77,29.19,897,897,897,897,896,897,897,896,896,28.58,29.77,30.09,100,31.96,34.39,30.54,24.89,29.69,39.5,37.3,37.8,27.6,38.6,38,38.5,42.1,36.7
"2026-10-01 08:44:00",132250,11.8,29.27,897,897,897,897,896,897,897,896,896,29.06,30,29.57,100,29.08,33.73,29.64,23.81,27.85,39.6,37.3,37.8,28,38.7,38.1,38.6,42.2,36.7
"2026-10-01 08:45:00",132251,11.76,29.34,897,897,897,897,896,897,897,896,896,27.98,30,29.25,100,29.08,32.81,29.64,23.91,28.77,39.7,37.3,37.7,28.4,38.7,38.2,38.6,42.3,36.9
"2026-10-01 08:46:00",132252,11.8,29.42,897,897,897,896,896,897,897,896,896,28.67,30.1,30.28,85.2,29.92,33.17,30.05,24.31,28.31,39.8,37.5,37.8,28.7,39.1,38.3,38.8,42.5,37
"2026-10-01 08:47:00",132253,11.75,29.49,897,897,897,897,896,897,897,896,896,28.25,29.79,29.69,74.51,31.54,34.21,30.21,24.24,27.76,39.9,37.5,37.8,29,39.3,38.4,38.9,42.6,37.1
"2026-10-01 08:48:00",132254,11.81,29.56,897,897,897,896,896,897,897,896,896,26.97,29.1,29.77,72.04,34.33,33.97,29.41,23.74,27.75,40,37.6,37.8,29.2,39.4,38.5,39.1,42.7,37.2
"2026-10-01 08:49:00",132255,11.81,29.64,897,897,897,897,896,897,897,896,896,26.61,28.84,29.56,69.01,34.33,33.99,29.41,24.01,28.11,40.1,37.6,37.8,29.4,39.4,38.6,39.1,42.9,37.3
"2026-10-01 08:50:00",132256,11.82,29.71,897,897,897,897,896,897,897,896,896,27,27.7,28.34,69.01,44.16,32.31,28.45,22.59,27.19,40.2,37.7,37.9,29.4,40.3,38.7,39.3,43,37.4
"2026-10-01 08:51:00",132257,11.78,29.78,897,897,897,897,896,897,897,896,896,26.51,27.96,28.23,62.09,46.9,33.41,28.21,22.67,26.41,40.3,37.7,37.9,29.8,40.7,38.8,39.5,43.1,37.6
"2026-10-01 08:52:00",132258,11.8,29.86,897,897,897,897,896,897,897,896,896,25.74,27.96,28.38,63.07,49.34,32.42,28.13,22.36,26.63,40.4,37.7,38,30,41,38.8,39.6,43.3,37.7
"2026-10-01 08:53:00",132259,11.81,29.93,897,897,897,897,896,897,897,897,896,25.96,27.7,28.02,60.77,51.42,32.05,28.21,22.42,25.58,40.4,37.9,38,30.4,41.4,39,39.7,43.4,37.8
"2026-10-01 08:54:00",132260,11.74,30,897,897,897,897,896,897,897,897,896,26.78,28.86,28.02,61.27,53.27,32.12,28.49,22.77,27.06,40.6,38,38,30.7,41.8,39.1,39.9,43.5,38
"2026-10-01 08:55:00",132261,11.81,30.07,897,897,897,897,896,897,897,897,896,25.06,27.36,28.35,58.16,54.78,32.12,27.16,22.56,26.09,40.6,38.1,38.2,31.2,42.1,39.1,40,43.6,38.2
"2026-10-01 08:56:00",132262,11.82,30.14,897,897,897,897,896,897,897,896,896,26.24,27.77,28.03,55.61,55.84,31,26.63,21.75,25.83,40.7,38.1,38.2,31.6,42.5,39.3,40.1,43.7,38.2
"2026-10-01 08:57:00",132263,11.77,30.22,897,897,897,897,896,897,897,896,896,25.85,27.23,27.11,52.73,56.69,31,26.62,21.72,25.83,40.8,38.2,38.3,32,42.8,39.3,40.2,43.7,38.2
"2026-10-01 08:58:00",132264,11.81,30.29,897,897,897,897,896,897,897,896,896,24.85,26.16,26.67,54.6,35.61,30.11,26.91,21.65,24.94,40.9,38.3,38.3,32.5,42.9,39.5,40.3,43.8,38.5
"2026-10-01 08:59:00",132265,11.76,30.36,897,897,897,896,896,897,897,896,896,25.24,26.85,27.86,51.99,28.31,30.87,25.91,21.41,24.63,41.1,38.3,38.3,32.9,42.9,39.5,40.5,43.9,38.6
"2026-10-01 09:00:00",132266,11.81,30.43,897,897,897,897,896,897,897,896,896,25.38,27.06,28.82,53.71,26.08,34.74,26.25,21.61,24.54,41.2,38.4,38.5,33.3,42.9,39.7,40.6,44,38.7
"2026-10-01 09:01:00",132267,11.78,30.5,897,897,897,897,896,897,897,896,896,24.89,26.93,28.82,52.69,26.04,40.24,26.49,21.58,24.21,41.3,38.5,38.5,33.6,42.9,39.9,40.7,44.1,38.7
"2026-10-01 09:02:00",132268,11.8,30.57,897,897,897,897,896,897,897,896,896,24.09,26.23,27.46,48.67,24.5,44.86,26.36,21.58,24.02,41.3,38.5,38.6,34,42.9,40.1,40.7,44.2,38.8
"2026-10-01 09:03:00",132269,11.77,30.64,897,897,897,897,896,897,897,896,896,24.72,27.12,26.23,48,23.28,48.19,25.03,20.92,23.57,41.4,38.6,38.6,34.3,42.9,40.5,40.9,44.2,38.9
"2026-10-01 09:04:00",132270,11.82,30.71,897,897,897,897,896,897,897,896,896,24.31,25.57,26.54,47.52,23.53,51.08,26.07,20.21,22.8,41.5,38.7,38.7,34.6,42.8,40.8,41,44.3,38.9
"2026-10-01 09:05:00",132271,11.77,30.78,897,897,897,897,896,897,897,896,896,24.07,25.28,26.36,45.18,22.96,53.49,24.48,20.08,23.21,41.5,38.8,38.8,34.9,42.8,41.1,41.1,44.3,39
"2026-10-01 09:06:00",132272,11.76,30.85,897,897,897,897,896,897,897,896,896,24.46,26.18,26.49,44.49,23.05,53.49,23.98,20.09,24.21,41.7,38.8,38.8,35.2,42.8,41.1,41.2,44.4,39.1
"2026-10-01 09:07:00",132273,11.78,30.92,897,897,897,897,896,897,897,896,896,24.14,26.06,26.14,47.04,24.1,57.75,25.42,21.04,23.67,41.7,39,39,35.5,42.7,41.9,41.3,44.4,39.2
"2026-10-01 09:08:00",132274,11.76,30.99,897,897,897,897,896,897,897,896,896,24.46,26.33,26.19,46.22,25.47,58.54,25.42,22,23.33,41.8,39.1,39,35.7,42.7,42.1,41.4,44.6,39.4
"2026-10-01 09:09:00",132275,11.81,31.06,897,897,897,897,896,897,897,896,896,23.22,25.76,26.37,41.77,23.35,60.68,23.63,20.62,23.14,41.9,39.2,39.1,36,42.7,42.7,41.5,44.6,39.5
"2026-10-01 09:10:00",132276,11.76,31.12,897,897,897,897,896,897,897,896,896,23.46,26.08,25.14,42.2,22.29,60.68,23.62,20.29,23.14,42,39.2,39.2,36.2,42.7,42.7,41.5,44.7,39.5
"2026-10-01 09:11:00",132277,11.74,31.19,897,897,897,896,896,897,897,896,896,23.33,26.08,25.59,41.67,22.16,35.01,23.14,19.89,22.58,42.1,39.2,39.2,36.4,42.7,43.2,41.6,44.7,39.7
"2026-10-01 09:12:00",132278,11.78,31.26,897,897,897,897,896,897,897,896,896,23.27,25.46,25.61,41.32,22.74,32.08,26.14,19.27,22.58,42.1,39.4,39.3,36.6,42.7,43.3,41.7,44.7,39.7
"2026-10-01 09:13:00",132279,11.82,31.33,897,897,897,897,896,897,897,896,896,23.39,25.44,26.42,39.44,23.24,32.08,29.99,19.98,23.3,42.2,39.5,39.4,36.8,42.7,43.3,41.8,44.8,40
"2026-10-01 09:14:00",132280,11.77,31.39,897,897,897,896,896,897,897,896,896,23.52,25.44,25.5,38.41,23.2,29.49,33.17,19.15,22.8,42.3,39.5,39.5,37,42.8,43.3,42,44.8,40.1
"2026-10-01 09:15:00",132281,11.82,31.46,897,897,897,897,896,897,897,896,896,23,24.21,24.68,38.47,21.99,26.81,36.28,18.75,22.24,42.3,39.7,39.5,37.2,42.8,43.3,42.3,44.9,40.2
"2026-10-01 09:16:00",132282,11.78,31.53,897,897,897,896,896,897,897,896,896,23.78,25.23,25.46,38.5,22.27,26.5,38.74,19.37,22.27,42.3,39.8,39.7,37.2,42.8,43.3,42.5,44.9,40.4
"2026-10-01 09:17:00",132283,11.78,31.59,897,897,897,896,896,897,897,896,896,23.46,25.42,25.55,38.37,21.92,24.9,40.27,18.99,22.14,42.4,40,39.7,37.4,42.8,43.3,42.8,44.9,40.5
"2026-10-01 09:18:00",132284,11.8,31.66,897,897,897,896,896,897,897,896,896,21.81,24.43,24.17,35.65,21.96,26.88,41.91,18.99,21.21,42.5,40,39.8,37.6,42.8,43.3,43.1,44.9,40.5
"2026-10-01 09:19:00",132285,11.76,31.72,897,897,897,896,896,897,897,896,896,22.38,24,23.99,35.42,21.97,25.54,43.37,18.31,21.25,42.5,40.1,39.8,37.7,42.8,43.3,43.4,45,40.6
"2026-10-01 09:20:00",132286,11.81,31.79,897,897,897,896,896,897,897,896,896,22.51,24.22,24.31,35.16,21.45,25.33,44.6,18.52,21.13,42.5,40.2,39.8,37.8,42.8,43.3,43.7,45,40.7
"2026-10-01 09:21:00",132287,11.79,31.85,897,897,897,897,896,897,897,896,896,23.25,24.1,24.41,36,21.84,24.57,45.7,18.39,21,42.6,40.3,40,37.9,42.8,43.3,43.9,45,40.8
"2026-10-01 09:22:00",132288,11.8,31.91,897,897,897,897,896,897,897,896,896,23.18,23.79,23.9,35.09,21.2,25.27,46.51,18.99,20.39,42.7,40.4,40,38,42.8,43.4,44.2,45,40.8
"2026-10-01 09:23:00",132289,11.79,31.98,897,897,897,897,896,897,897,896,896,22.18,23.56,24.25,35.11,21.6,25.57,28.61,18.62,21.17,42.8,40.5,40.1,38.2,42.8,43.4,44.3,45.1,40.9
"2026-10-01 09:24:00",132290,11.75,32.04,897,897,897,896,896,897,897,896,896,22.27,22.97,24.19,35.04,21.88,24.74,23.93,18.92,20.4,42.9,40.6,40.2,38.3,42.8,43.4,44.3,45.1,41
"2026-10-01 09:25:00",132291,11.79,32.1,897,897,897,896,896,897,897,896,896,22.16,23.53,23.42,35.54,21.56,23.68,21.81,22.53,20.68,43,40.6,40.2,38.5,42.8,43.5,44.2,45.2,41
"2026-10-01 09:26:00",132292,11.8,32.17,897,897,897,896,896,897,897,896,896,22.3,23.52,23.96,34.53,21.31,24.8,21.74,26.68,21.12,43.1,40.7,40.3,38.6,42.8,43.5,44.2,45.4,41.1
"2026-10-01 09:27:00",132293,11.76,32.23,897,897,897,896,896,897,897,896,896,22.3,23.88,24.24,34.92,22.81,25.29,22.08,29.97,21.59,43.3,40.8,40.4,38.8,42.9,43.5,44,45.5,41.3
"2026-10-01 09:28:00",132294,11.82,32.29,897,897,897,896,896,897,897,896,896,22.69,23.38,23.94,34.16,21.29,24.4,21.69,32.73,20.55,43.4,40.9,40.5,38.9,42.9,43.6,44,45.8,41.4
"2026-10-01 09:29:00",132295,11.81,32.35,897,897,897,896,896,897,897,896,896,22.1,22.88,24.26,35.12,21.73,23.26,21.77,35.16,21.15,43.6,41,40.5,39.1,43,43.6,43.9,46,41.5
"2026-10-01 09:30:00",132296,11.77,32.41,897,897,897,896,896,897,897,896,896,21.82,23.48,24.65,34.31,22.51,24.43,22.17,37.5,20.89,43.7,41.1,40.7,39.3,43,43.7,43.8,46.2,41.6
"2026-10-01 09:31:00",132297,11.74,32.47,897,897,897,896,896,897,897,896,896,21.52,22.54,24.12,34.09,20.75,24,21.3,39.53,20.67,43.9,41.1,40.7,39.4,43,43.7,43.7,46.5,41.7
"2026-10-01 09:32:00",132298,11.78,32.53,897,896,897,896,896,897,897,896,896,21.38,23.42,23.61,32.87,21.16,24.17,21.97,41.45,20.2,44,41.2,40.8,39.6,43.1,43.8,43.6,46.7,41.8
"2026-10-01 09:33:00",132299,11.79,32.59,897,897,897,896,896,897,897,896,896,21.12,23.05,23.02,31.91,20.74,22.45,21.91,43.01,20.45,44.1,41.3,40.9,39.7,43.1,43.8,43.6,46.9,41.8
"2026-10-01 09:34:00",132300,11.81,32.65,897,897,897,896,896,897,897,896,896,20.93,23.16,23.9,33.89,22.03,23.78,21.91,44.69,20.83,44.2,41.4,40.9,39.8,43.2,43.8,43.5,47.2,41.9
"2026-10-01 09:35:00",132301,11.8,32.71,897,896,897,896,896,897,897,896,896,21.8,22.5,23.7,33.83,22.38,24.33,20.92,42.03,20.62,44.3,41.5,41,40,43.2,43.9,43.5,47.4,42
"2026-10-01 09:36:00",132302,11.75,32.77,897,897,897,896,896,897,897,896,896,21.23,23.38,23.13,32.55,21.06,23.69,20.92,22.68,20.21,44.3,41.6,41.1,40.1,43.3,43.9,43.5,47.3,42.1
"2026-10-01 09:37:00",132303,11.75,32.83,897,896,897,896,896,897,897,896,896,20.61,22.44,23.39,31.91,21.39,24.29,21.44,21.25,22.28,44.4,41.6,41.2,40.2,43.3,44,43.4,47.3,42.2
"2026-10-01 09:38:00",132304,11.81,32.88,897,896,897,896,896,897,897,896,896,20.64,21.66,22.96,32.12,23.09,25.33,22.26,19.9,25.94,44.5,41.7,41.2,40.4,43.4,44,43.5,47.3,42.4
"2026-10-01 09:39:00",132305,11.77,32.94,897,896,897,896,896,897,897,896,896,20.34,22.19,23.05,32.26,22.83,24.12,21.29,18.5,29.32,44.6,41.7,41.3,40.5,43.6,44.1,43.5,47.3,42.6
"2026-10-01 09:40:00",132306,11.77,33,897,897,897,897,896,897,897,896,896,20.96,21.58,23.72,31.42,21.01,23.57,21.41,18.49,32.15,44.7,41.8,41.4,40.7,43.7,44.2,43.6,47.2,42.9
"2026-10-01 09:41:00",132307,11.76,33.06,897,896,897,896,896,897,897,896,896,21.41,22.71,22.6,32.11,22.1,23.08,21.24,18.23,34.51,44.8,41.9,41.5,40.8,43.8,44.3,43.6,47.2,43.1
"2026-10-01 09:42:00",132308,11.77,33.11,897,896,897,896,896,897,897,896,896,20.66,22,22.56,31.17,21.65,23.44,20.6,17.92,36.6,44.8,42,41.6,40.9,43.9,44.3,43.7,47.1,43.4
"2026-10-01 09:43:00",132309,11.81,33.17,897,896,897,896,896,897,897,896,896,20.64,22.37,22.87,30.59,21.16,23.13,20.68,17.92,38.48,44.9,42.1,41.6,41.1,44,44.4,43.7,47.1,43.6
"2026-10-01 09:44:00",132310,11.79,33.23,897,896,897,896,896,897,897,896,896,20.81,22.52,23.24,31.2,20.86,24.49,21.55,17.75,40.11,44.9,42.2,41.7,41.2,44.1,44.4,43.8,47,43.9
"2026-10-01 09:45:00",132311,11.77,33.28,897,896,897,896,896,897,897,896,896,20.4,23.52,23.94,30.53,21.24,23.92,20.73,18.07,41.63,45,42.3,41.8,41.3,44.2,44.5,43.9,47,44.2
"2026-10-01 09:46:00",132312,11.74,33.34,897,896,897,896,896,897,897,896,896,20.26,21.58,22.42,28.84,21.17,22.59,20.33,17.02,42.93,45,42.3,41.8,41.4,44.2,44.5,43.9,46.9,44.4
"2026-10-01 09:47:00",132313,11.72,33.39,897,896,897,897,896,897,897,896,896,20.47,22.23,22.91,29.66,22.31,23.89,20.66,17.02,44.17,45,42.4,41.9,41.5,44.3,44.5,44,46.9,44.6
"2026-10-01 09:48:00",132314,11.74,33.44,897,896,897,896,896,897,897,896,896,20.63,21.74,22.93,28.53,21.65,24.04,21.25,19.19,28.54,45,42.5,42,41.6,44.4,44.6,44.1,47,44.7
"2026-10-01 09:49:00",132315,11.78,33.5,897,896,897,896,896,897,897,896,896,22.08,21.8,22.78,29.03,22.06,24.75,21.94,18.6,23.22,45,42.6,42.1,41.7,44.5,44.7,44.2,47,44.8
"2026-10-01 09:50:00",132316,11.79,33.55,897,896,897,896,896,897,897,896,896,24.69,22.76,22.79,28.9,21.51,24.5,20.13,18.5,19.96,45.1,42.8,42.2,41.8,44.7,44.7,44.3,47,44.9
"2026-10-01 09:51:00",132317,11.79,33.61,897,896,897,896,896,897,897,896,896,27.72,21.3,22.11,29.61,21.12,23.19,20.31,17.09,18.04,45.3,42.8,42.2,41.8,44.8,44.8,44.4,47,44.8
"2026-10-01 09:52:00",132318,11.8,33.66,897,896,897,896,896,897,897,896,896,29.94,21.56,22.85,27.91,20.07,23.28,20.73,18.34,17.98,45.4,42.9,42.3,41.9,44.8,44.8,44.5,47,44.7
"2026-10-01 09:53:00",132319,11.75,33.71,897,896,897,896,896,897,897,896,896,32.19,21.59,22.63,28.69,21.66,23.99,20.99,17.93,18.51,45.6,43,42.4,41.9,44.9,44.9,44.6,47,44.6
"2026-10-01 09:54:00",132320,11.8,33.76,897,896,897,896,896,897,897,896,896,34.21,21.09,22.35,29.26,20.11,23.13,19.95,17.48,18.56,45.8,43.2,42.4,41.9,44.9,45,44.7,47,44.5
"2026-10-01 09:55:00",132321,11.8,33.81,897,897,897,896,896,897,897,896,896,36.11,20.33,21.87,28.74,18.8,22.37,19.95,17.41,18.35,46,43.3,42.4,42,44.9,45,44.7,47,44.4
"2026-10-01 09:56:00",132322,11.75,33.87,897,896,897,896,896,897,897,896,896,38.04,21.51,22.26,29.32,21.08,23.9,19.71,17.41,18.29,46.2,43.4,42.5,42,44.9,45,44.8,46.9,44.3
"2026-10-01 09:57:00",132323,11.79,33.92,897,896,897,896,896,897,897,896,896,39.02,20.71,21.58,28.04,20.17,23.99,20.23,17.7,18.85,46.3,43.5,42.5,42,45,45,44.8,47,44.3
"2026-10-01 09:58:00",132324,11.8,33.97,897,896,897,896,896,897,897,896,896,41.58,20.9,21.86,27.79,20.32,23.38,20.42,16.72,18.85,46.6,43.6,42.6,42.1,45,45,44.9,47,44.3
"2026-10-01 09:59:00",132325,11.78,34.02,897,896,897,896,896,897,897,896,896,43.09,20.55,22.6,27.93,20.94,23.8,20.42,17.96,18.64,46.8,43.8,42.6,42.1,45,45.1,44.9,47,44.1
"2026-10-01 10:00:00",132326,11.77,34.07,897,896,897,897,896,897,897,896,896,36.03,20.96,22.67,28.23,20.65,23.47,19.71,18.28,18.99,47.1,43.9,42.7,42.2,45.1,45.2,45,47,44.1
"2026-10-01 10:01:00",132327,11.8,34.12,897,896,897,897,896,897,897,896,896,22.74,20.45,22.45,29.28,21.64,23.02,19.77,17.37,18.18,47.1,44,42.7,42.2,45.2,45.3,45.1,47,44
"2026-10-01 10:02:00",132328,11.82,34.17,897,896,897,896,896,897,897,896,896,20.7,21.28,23.38,29.06,22.25,24.33,20.25,18.72,18.82,47.1,44.2,42.8,42.3,45.2,45.4,45.2,47,44
"2026-10-01 10:03:00",132329,11.81,34.21,897,897,897,896,896,897,897,896,896,20.27,25.19,22.13,30.73,22.25,23.93,19.86,18.81,19.45,47,44.4,42.9,42.3,45.3,45.5,45.2,47.1,44
"2026-10-01 10:04:00",132330,11.76,34.26,897,897,897,897,896,897,897,896,896,20.36,28.13,21.6,27.51,21.66,22.33,20.4,17.93,19.45,46.9,44.6,42.9,42.4,45.5,45.6,45.3,47.1,44
"2026-10-01 10:05:00",132331,11.76,34.31,897,897,897,896,896,897,897,896,896,19.36,30.71,21.88,27.09,21.81,23.25,19.1,16.68,19.06,46.8,44.8,42.9,42.4,45.6,45.7,45.3,47.1,43.9
"2026-10-01 10:06:00",132332,11.76,34.36,897,896,897,896,896,897,897,896,896,19.76,32.98,22.05,28.52,19.75,22.69,20.65,17.71,19.56,46.6,45.1,43,42.5,45.6,45.7,45.4,47,44
"2026-10-01 10:07:00",132333,11.82,34.41,897,897,897,896,896,897,897,896,896,20.19,35.16,21.94,29.03,21.42,23.89,21.43,17.61,19.72,46.5,45.3,43,42.5,45.6,45.8,45.5,47,44
"2026-10-01 10:08:00",132334,11.77,34.45,897,897,897,896,896,897,897,896,896,20.02,36.76,21.49,28.01,21.38,23.98,19.48,17.83,19.65,46.5,45.5,43,42.6,45.7,45.8,45.6,47,44.1
"2026-10-01 10:09:00",132335,11.74,34.5,897,897,897,896,896,897,897,896,896,20.34,37.97,21.71,27.31,19.65,22.98,19.3,16.35,20.08,46.4,45.7,43,42.6,45.8,45.9,45.7,47,44.2
"2026-10-01 10:10:00",132336,11.77,34.55,897,897,897,896,896,897,897,896,896,20.09,40.01,22.31,28.54,18.88,22.09,19.6,18.46,19.02,46.3,46,43,42.7,45.7,46,45.8,46.9,44.3
"2026-10-01 10:11:00",132337,11.8,34.59,897,897,897,896,896,897,897,896,896,20.48,41.18,22.34,28.08,18.72,21.77,19.55,18.46,18.21,46.3,46.2,43.1,42.7,45.7,46,45.8,46.9,44.3
"2026-10-01 10:12:00",132338,11.71,34.64,897,897,897,897,896,897,897,896,896,20.11,42.24,22,26.99,19.13,21.83,18.96,17.05,18.51,46.2,46.4,43.1,42.7,45.6,46,45.9,46.9,44.3
"2026-10-01 10:13:00",132339,11.77,34.68,897,897,897,897,896,897,897,896,896,19.57,31.8,21.95,26.99,19.88,22.66,19.22,17.23,18.85,46.2,46.5,43.2,42.7,45.6,46,46,46.9,44.3
"2026-10-01 10:14:00",132340,11.79,34.73,897,896,897,896,896,897,897,896,896,19.5,19.36,21.91,26.52,21.29,22.92,18.86,17.72,18.25,46.1,46.4,43.2,42.9,45.5,46,46.1,46.9,44.4
"2026-10-01 10:15:00",132341,11.77,34.77,897,896,897,897,896,897,897,896,896,19.65,21.29,24.4,27.98,20.78,22.37,18.48,17.35,18.5,46.1,46.4,43.3,42.9,45.5,46,46.2,46.9,44.4
"2026-10-01 10:16:00",132342,11.8,34.81,897,896,897,897,896,897,897,896,896,19.67,19.51,28.84,27.97,19.46,21.22,18.56,17.35,18.65,46.1,46.3,43.4,43,45.5,46,46.2,46.9,44.4
"2026-10-01 10:17:00",132343,11.82,34.86,897,897,897,897,896,897,897,896,896,19.75,19.58,32.72,26.9,20.23,21.76,17.98,17.31,18.15,46,46.3,43.6,43.1,45.5,46,46.2,46.9,44.4
"2026-10-01 10:18:00",132344,11.76,34.9,897,897,897,897,896,897,897,896,896,20.16,20.36,35.98,26.59,20.15,22.39,17.99,17.29,18.09,46.1,46.2,43.8,43.1,45.5,46,46.3,46.9,44.4
"2026-10-01 10:19:00",132345,11.75,34.94,897,897,897,897,896,897,897,896,896,20.32,19.18,38.94,26.79,19.7,20.36,18.44,17.31,18.34,46.1,46.2,44,43.2,45.4,46,46.3,46.9,44.4
"2026-10-01 10:20:00",132346,11.79,34.99,897,897,897,897,896,897,897,896,896,19.54,18.8,41.66,27.22,21.45,22.61,18.33,17.99,18.7,46.1,46.2,44.2,43.3,45.4,46,46.4,47,44.5
"2026-10-01 10:21:00",132347,11.76,35.03,897,896,897,897,896,897,897,896,896,19.75,19.36,44.09,27.38,19.4,22.4,18.88,17.08,18.27,46.2,46.2,44.4,43.4,45.5,46,46.5,47,44.6
"2026-10-01 10:22:00",132348,11.76,35.07,897,896,897,897,896,897,897,896,896,19.37,18.63,45.25,26.9,19.91,21.12,17.97,16.24,18.53,46.3,46.2,44.5,43.5,45.5,46.1,46.6,47,44.7
"2026-10-01 10:23:00",132349,11.81,35.11,897,896,897,897,896,897,897,896,896,19.88,18.65,45.25,27.24,19.83,23.16,18.64,17.56,18.9,46.4,46.3,44.5,43.6,45.5,46.1,46.7,47,44.8
"2026-10-01 10:24:00",132350,11.77,35.15,897,896,897,897,896,897,897,896,896,20.03,19,50.5,27.7,22.39,23.16,19.48,17.73,19.06,46.5,46.3,45.2,43.8,45.5,46.1,46.9,47.1,45
"2026-10-01 10:25:00",132351,11.76,35.19,897,896,897,897,896,897,897,896,896,20.03,18.97,49.53,26.68,22.56,24.19,18.97,17.93,18.5,46.5,46.3,45.4,43.8,45.5,46.1,46.9,47.1,45
"2026-10-01 10:26:00",132352,11.77,35.24,897,896,897,897,896,897,897,896,896,19.87,18.66,26.7,26.69,20.9,23.34,18.11,16.94,18.16,46.6,46.5,45.5,44,45.7,46.2,47,47.1,45.1
"2026-10-01 10:27:00",132353,11.79,35.28,897,896,897,897,896,897,897,896,896,20.12,18.47,22.64,28.95,21.92,22.4,18.44,17.9,18.24,46.8,46.5,45.5,44.1,45.7,46.3,47.2,47.2,45.3
"2026-10-01 10:28:00",132354,11.76,35.32,897,897,897,897,896,897,897,896,896,19.38,18.5,21.86,34.67,22.14,23.36,17.76,17.82,18.46,46.9,46.7,45.6,44.4,45.8,46.3,47.3,47.3,45.4
"2026-10-01 10:29:00",132355,11.8,35.36,897,896,897,897,896,897,897,896,896,18.48,17.25,20.59,39.3,21.24,21.39,17.55,17.07,18.46,47,46.7,45.6,44.7,46,46.4,47.4,47.4,45.4
"2026-10-01 10:30:00",132356,11.8,35.39,897,896,897,897,896,897,897,896,896,18.03,17.25,20.04,41.37,21.49,22.41,17.4,17.26,17.32,46.7,46.7,45.6,44.8,46,46.4,47.1,47.4,45.4
"2026-10-01 10:31:00",132357,11.79,35.43,897,896,897,897,896,897,897,896,896,18.47,16.65,19.47,45.09,20.81,21.83,17.46,16.46,17.1,46,45.9,45,44.5,45.6,46.2,46.5,46.8,44.8
"2026-10-01 10:32:00",132358,11.75,35.47,897,896,897,897,896,897,897,896,896,18.84,17.04,19.63,46.24,19.93,21.53,17.31,16.42,17.57,45.3,45.2,44.3,44.3,45,45.4,45.9,46.2,44.2
"2026-10-01 10:33:00",132359,11.76,35.51,897,896,897,897,896,897,897,896,896,20.07,18.58,20.76,47.6,20.15,20.33,17.83,17.3,18.12,44.8,44.6,43.8,44.1,44.5,44.9,45.3,45.7,43.7
"2026-10-01 10:34:00",132360,11.76,35.55,897,896,897,896,896,897,897,896,896,20.01,18.22,20.64,48.48,20.63,20.16,18.51,17.42,18.47,44.1,44,43.3,43.8,43.9,44.4,44.6,45.1,43.1
"2026-10-01 10:35:00",132361,11.75,35.59,897,896,897,896,896,897,897,896,896,20.79,18.8,20.74,49.4,21.03,21.43,20.07,18.71,19.2,43.3,43.3,42.7,43.4,43.3,43.7,43.8,44.4,42.4
"2026-10-01 10:36:00",132362,11.77,35.62,897,896,897,897,896,897,897,896,896,22.07,19.54,21.76,50.76,22.42,23.03,20.89,19.5,20,42.6,42.6,42,43.1,42.6,43,43.1,43.7,41.8
"2026-10-01 10:37:00",132363,11.79,35.66,897,896,897,896,896,897,897,896,896,22.04,19.93,22.4,51.47,22.8,23.58,20.53,19.34,20.66,41.9,42,41.4,42.7,42,42.4,42.4,43.1,41.2
"2026-10-01 10:38:00",132364,11.78,35.7,897,896,897,896,896,897,897,896,896,22.2,19.92,22.68,37.19,22.44,22.96,21.12,19.79,20.87,41.1,41.4,40.7,42.2,41.3,41.8,41.7,42.4,40.6
"2026-10-01 10:39:00",132365,11.8,35.73,897,896,897,896,896,897,897,896,896,23.79,21.32,23.33,29.67,23.82,24.08,22.36,20.58,21.7,40.4,40.7,40.1,41.5,40.7,41.1,41,41.7,40
"2026-10-01 10:40:00",132366,11.77,35.77,897,896,897,896,896,897,897,896,896,24.61,22.45,24.42,29.24,26.23,24.49,23.11,21.31,22.55,39.8,40.2,39.5,40.9,40.2,40.5,40.4,41.1,39.5
"2026-10-01 10:41:00",132367,11.81,35.81,897,896,897,896,896,897,897,896,896,25.82,22.92,25.76,29.99,29.77,25.77,24.71,22.79,23.07,39.2,39.6,38.9,40.3,39.8,40.2,39.8,40.5,38.9
"2026-10-01 10:42:00",132368,11.8,35.84,897,896,897,896,896,897,897,896,896,25.93,23.44,26.02,29.59,31.23,25.77,24.36,22.51,23.53,38.7,39.1,38.4,39.6,39.5,40.2,39.2,39.9,38.5
"2026-10-01 10:43:00",132369,11.81,35.88,897,896,897,896,896,897,897,896,896,27.1,24.86,26.9,29.85,35.72,27.19,25.21,23.48,24.12,38.2,38.7,38,39,38.9,38.9,38.7,39.4,38
"2026-10-01 10:44:00",132370,11.76,35.91,897,896,897,896,896,897,897,896,896,27.95,25.44,27.87,31.27,38.27,27.93,25.21,23.92,25.02,37.8,38.3,37.6,38.5,38.5,38.7,38.7,38.9,37.6
"2026-10-01 10:45:00",132371,11.76,35.94,897,896,897,896,896,897,897,896,896,28.78,25.5,28.54,33.59,40.89,30.55,28.31,25.61,25.7,37.5,38,37.2,38,38.2,38.1,37.9,38.5,37.3
"2026-10-01 10:46:00",132372,11.76,35.98,897,896,897,896,896,897,897,896,896,29.3,25.93,29.71,34.18,43.12,31.81,29.19,26.52,26.11,37.2,37.7,37,37.5,37.9,37.8,37.6,38.1,37
"2026-10-01 10:47:00",132373,11.73,36.01,897,896,897,896,896,897,897,896,896,30.32,26.59,30.91,33.79,45.2,31.81,29.43,26.24,26.81,36.9,37.4,36.6,37.1,37.6,37.8,37.3,37.7,36.7
"2026-10-01 10:48:00",132374,11.76,36.04,897,896,897,896,896,897,897,896,896,30.5,26.99,30.81,34.04,47.17,32.33,28.13,26.58,26.64,36.8,37.1,36.3,36.7,37.4,37.2,36.9,37.3,36.5
"2026-10-01 10:49:00",132375,11.79,36.07,897,896,897,896,896,897,896,896,896,28.83,26.44,29.5,34.25,49.24,31,27.85,25.88,26.54,36.5,36.8,36,36.3,37.2,36.9,36.7,37,36.2
"2026-10-01 10:50:00",132376,11.76,36.1,897,896,897,896,896,897,896,896,896,29.06,26.17,28.97,34.39,50.37,31.39,27.85,27.11,27.05,36.3,36.6,35.9,36,37,36.7,36.7,36.8,36
"2026-10-01 10:51:00",132377,11.8,36.13,897,896,897,896,896,897,896,896,896,30.99,27.08,30.72,36.2,39.48,33.53,31.28,27.86,29,36.1,36.4,35.6,35.8,36.8,36.5,36.3,36.7,35.9
"2026-10-01 10:52:00",132378,11.78,36.16,897,896,897,896,896,897,896,896,896,30.74,29.14,32.76,36.8,34.41,34.99,31.32,29.82,28.96,36.1,36.3,35.5,35.6,36.5,36.4,36.2,36.5,35.9
"2026-10-01 10:53:00",132379,11.79,36.19,897,896,897,896,896,897,896,896,896,30.38,28.31,31.14,36.75,32.28,37.92,30.32,28.4,28.08,36.5,36.6,35.7,35.8,36.6,36.5,36.6,36.7,36.3
"2026-10-01 10:54:00",132380,11.8,36.22,897,896,897,896,896,897,896,896,896,30.44,27.4,30.43,34.64,31.61,42.49,28.77,28.52,28.5,36.7,36.9,36,35.8,36.8,36.9,36.7,37,36.5
"2026-10-01 10:55:00",132381,11.76,36.25,897,896,897,896,896,897,896,896,896,30.58,27.68,29.63,35.08,30.81,46.28,27.88,27.23,26.92,36.7,37,36,35.8,36.8,37,36.7,37,36.5
"2026-10-01 10:56:00",132382,11.78,36.28,897,896,897,896,896,897,896,896,896,28.15,25.89,29.61,34.54,31.15,46.28,28.56,26.16,26.73,37,37.2,36.2,35.8,36.8,37,36.8,37.2,36.8
"2026-10-01 10:57:00",132383,11.73,36.31,897,896,897,896,896,897,896,896,896,28.38,26.07,28.81,35.29,29.85,51.18,28.33,26.29,26.53,37,37.2,36.2,35.7,36.7,37.3,36.8,37.2,36.8
"2026-10-01 10:58:00",132384,11.8,36.33,897,896,897,896,896,897,896,896,896,29.24,27.3,29.8,35.7,30.3,52.71,28.71,26.81,26.21,37,37.2,36.2,35.6,36.7,37.5,36.7,37.2,36.8
"2026-10-01 10:59:00",132385,11.8,36.36,897,896,897,896,896,897,896,896,896,29.38,26.44,29.85,35.82,30.22,53.85,28.15,26.59,25.93,37,37.2,36.2,35.6,36.6,37.6,36.7,37.2,36.8
"2026-10-01 11:00:00",132386,11.75,36.39,897,896,897,896,896,897,896,896,896,29.42,27.02,29.88,36.9,30.01,55.04,28.39,26.95,26.76,37.1,37.3,36.2,35.6,36.6,37.8,36.8,37.3,36.8
"2026-10-01 11:01:00",132387,11.76,36.42,897,896,897,896,896,896,896,896,896,29.08,26.46,30.02,36.86,30.34,56.16,28.39,26.67,26.58,37,37.2,36.2,35.5,36.4,37.8,36.8,37.2,36.7
"2026-10-01 11:02:00",132388,11.79,36.44,897,896,897,896,896,896,896,896,896,28.73,27.03,30.29,37.65,31.76,56.61,29.4,27.25,27.07,36.9,37.1,36.1,35.4,36.3,37.9,36.6,37.2,36.7
"2026-10-01 11:03:00",132389,11.81,36.47,897,896,897,896,896,896,896,896,896,29.43,27.32,30.57,38.67,34.36,49.13,31.07,29.04,27.07,37.1,37.1,36.1,35.6,36.3,38,36.9,37.3,36.7
"2026-10-01 11:04:00",132390,11.74,36.49,897,896,897,896,896,896,896,896,896,30.15,28.58,31.62,36.82,34.57,39.12,31.45,28.35,27.75,37.5,37.5,36.5,35.9,36.7,38.3,37.3,37.7,37.3
"2026-10-01 11:05:00",132391,11.76,36.52,897,896,897,896,896,896,896,896,896,29.42,28.09,31.05,36.94,33.02,36.53,34.9,27.89,27.21,37.9,38,36.9,36.2,37,38.5,37.6,38,37.7
"2026-10-01 11:06:00",132392,11.81,36.54,897,896,897,896,896,896,896,896,896,28.8,26.95,30.05,38.15,33.33,35.81,38.38,26.58,27.21,38.2,38.4,37.3,36.5,37.3,38.8,38.1,38.4,37.7
"2026-10-01 11:07:00",132393,11.76,36.57,897,896,897,896,896,896,896,896,896,27.55,26.55,29.42,35.13,31.47,35.81,40.72,25.94,25.51,38.2,38.4,37.3,36.5,37.4,38.8,38.2,38.5,38
"2026-10-01 11:08:00",132394,11.79,36.59,897,896,897,896,896,896,896,896,896,27.21,25.91,28.6,36.12,29.17,32.8,42.22,25.5,25.02,38.1,38.3,37.3,36.4,37.3,38.6,38.2,38.4,37.9
"2026-10-01 11:09:00",132395,11.76,36.62,897,896,897,896,896,896,896,896,896,27.85,25.77,29.12,35.04,30.51,32.83,43.56,25.57,25.56,37.9,38.2,37.2,36.3,37.2,38.4,38.3,38.4,37.8
"2026-10-01 11:10:00",132396,11.76,36.64,897,896,897,896,896,896,896,896,896,28.58,26.07,28.9,35.77,28.99,31.37,44.74,25.26,25,38.2,38.3,37.1,36.6,37.2,38.3,38.7,38.4,38
"2026-10-01 11:11:00",132397,11.81,36.66,897,896,897,896,896,896,896,896,896,29.01,26.75,29.71,36.97,30.59,31.25,45.69,25.9,25,38.7,38.9,37.7,37,37.6,38.7,39,38.9,38
"2026-10-01 11:12:00",132398,11.79,36.69,897,896,897,896,896,896,896,896,896,28.2,26.49,29.44,35.28,29.71,31.25,48.9,26.85,25.79,39.2,39.4,38.2,37.5,38,38.7,40,39.2,39
"2026-10-01 11:13:00",132399,11.76,36.71,897,896,896,896,896,896,896,896,896,27.17,25.87,28.8,34.22,29.34,32.75,50.49,25.31,23.79,39.5,39.8,38.6,37.8,38.3,39.3,40.3,39.8,39.3
"2026-10-01 11:14:00",132400,11.76,36.73,897,896,896,896,896,896,896,896,896,26.9,25,28.11,33.96,29.49,32.12,51.03,24.76,24,39.6,40,38.7,38.1,38.3,39.2,40.8,40,39.3
"2026-10-01 11:15:00",132401,11.77,36.76,896,896,896,896,896,896,896,896,896,26.85,24.89,28.1,33.49,30.19,32.02,42.88,24.88,24.14,40.5,40.6,39.4,38.7,38.8,39.7,41.5,40.7,40.2
"2026-10-01 11:16:00",132402,11.77,36.78,896,896,896,896,896,896,896,896,896,25.63,24.58,27.43,32.66,30.99,31.73,30.69,24.75,23.16,40.9,40.9,39.8,39.1,39.2,40,42,41.2,40.6
"2026-10-01 11:17:00",132403,11.77,36.8,896,896,896,896,896,896,896,896,896,24.74,23.36,26,31.69,28.97,29.1,26.75,24.63,22.03,41.4,41.4,40.3,39.6,39.7,40.4,42.5,41.7,41
"2026-10-01 11:18:00",132404,11.8,36.83,896,896,896,896,896,896,896,896,896,25.12,23.78,26.67,30.79,26.54,30.53,25.26,28.75,22.1,42,41.9,40.8,40.1,40.1,40.8,43,42.3,41.5
"2026-10-01 11:19:00",132405,11.8,36.85,896,896,896,896,896,896,896,896,896,24.21,22.92,25.71,32.28,28.67,30.76,23.22,31.75,21.04,42.5,42.4,41.3,40.5,40.5,41.2,43.4,42.9,41.9
"2026-10-01 11:20:00",132406,11.73,36.87,896,896,896,896,896,896,896,896,896,24.42,21.77,24.85,32.3,27.7,28.24,23.31,34.05,21.37,42.9,42.8,41.8,41,40.9,41.6,43.7,43.5,42.3
"2026-10-01 11:21:00",132407,11.79,36.89,896,896,896,896,896,896,896,896,896,23.68,21.57,24.69,27.81,27.62,28.76,22.52,36.09,21.71,43.3,43.2,42.1,41.4,41.3,41.9,44,44.1,42.7
"2026-10-01 11:22:00",132408,11.74,36.92,896,896,896,896,896,896,896,896,896,22.55,20.96,23.77,29.66,28.31,27.96,23.1,37.95,21.42,43.6,43.4,42.4,41.8,41.6,42.2,44.2,44.6,43
"2026-10-01 11:23:00",132409,11.77,36.94,896,896,896,896,895,896,896,896,896,23.57,21.57,23.65,31.05,28.02,28.36,23,39.38,21.24,43.9,43.7,42.7,42.1,42,42.5,44.5,45.1,43.4
"2026-10-01 11:24:00",132410,11.77,36.96,896,896,896,896,895,896,896,896,896,22.54,20.88,23.75,27.86,27.22,30.02,20.65,41.08,21.29,44.2,43.9,42.9,42.4,42.4,42.8,44.7,45.6,43.7
"2026-10-01 11:25:00",132411,11.77,36.98,896,896,896,896,895,896,896,896,896,23.09,21.51,23.58,27.69,24.31,26.7,21.85,42.41,21.18,44.6,44.2,43.1,42.5,42.7,43,44.9,46,44
"2026-10-01 11:26:00",132412,11.8,37,896,896,896,896,895,896,896,896,896,23.03,21.62,23.44,27.69,26.11,26.95,21.7,43.36,20.21,44.9,44.5,43.4,42.5,42.9,43.2,45.1,46.2,44.3
"2026-10-01 11:27:00",132413,11.8,37.02,896,896,896,896,895,896,896,896,896,21.8,20.28,22.85,27.69,26.36,28.4,21.64,45.25,20,44.9,44.6,43.5,42.5,43.1,43.4,45,46.7,44.4
"2026-10-01 11:28:00",132414,11.79,37.05,896,896,896,896,895,896,896,896,896,21.31,19.86,21.45,26.13,25.11,27.01,20.79,29.01,19.67,44.5,44.3,43.2,42.6,42.9,43.2,44.8,46.6,44.1
"2026-10-01 11:29:00",132415,11.8,37.07,896,896,896,896,895,896,896,896,896,20.98,19.9,21.59,26.15,24.29,25.79,21.46,21.57,20.45,44.5,44.3,43.1,42.5,43,43.2,44.7,46.6,44.1
"2026-10-01 11:30:00",132416,11.81,37.09,896,896,896,896,895,896,896,896,896,22.2,20.38,22.19,26.14,24.32,26.33,21.14,20.15,23.12,44,43.8,42.8,42.2,42.8,42.9,44.3,46.1,43.7
"2026-10-01 11:31:00",132417,11.77,37.11,896,896,896,896,895,896,896,896,896,21.7,20.15,22.61,27.72,24.52,25.8,20.34,19.76,23.12,44,43.7,42.6,42.2,42.8,42.8,44.4,45.9,43.7
"2026-10-01 11:32:00",132418,11.81,37.13,896,896,896,896,895,896,896,896,896,21.14,20.46,22.17,25.72,23.45,25.32,20.22,19.48,28.88,43.5,43.4,42.4,41.9,42.6,42.6,44.1,45.5,43.4
"2026-10-01 11:33:00",132419,11.81,37.16,896,896,896,896,895,896,896,896,896,22.1,20,21.88,26.5,23.51,25.68,20.81,19.77,31.17,42.9,43,42,41.5,42.3,42.2,43.8,45,43
"2026-10-01 11:34:00",132420,11.77,37.18,896,896,896,896,895,896,896,896,896,22.73,20.62,22.65,25.11,24.1,25.88,20.79,19.38,33.12,42.4,42.5,41.7,41.2,42,41.8,43.4,44.4,42.7
"2026-10-01 11:35:00",132421,11.81,37.2,896,896,896,896,895,896,896,896,896,22.54,19.89,22.77,26.61,24.29,26.13,21.55,19.95,34.9,41.8,41.9,41.2,40.7,41.5,41.4,42.9,43.8,42.3
"2026-10-01 11:36:00",132422,11.78,37.22,896,896,896,896,895,896,896,896,896,23.46,21.58,22.98,27.36,25.38,27.18,22.02,21.23,36.59,41.2,41.4,40.8,40.3,41.1,41,42.7,43.2,41.9
"2026-10-01 11:37:00",132423,11.8,37.24,896,896,896,896,895,896,896,896,896,25.46,22,24.56,29.22,26.33,27.72,23.64,21.89,38.26,40.6,40.9,40.3,39.8,40.7,40.6,42,42.6,41.5
"2026-10-01 11:38:00",132424,11.81,37.26,896,896,896,896,895,896,896,896,896,26.46,23.75,26.11,29.61,27.55,29.33,24.42,23.48,39.9,40.1,40.4,39.9,39.4,40.2,40.2,41.6,42,41
"2026-10-01 11:39:00",132425,11.76,37.28,896,896,896,896,895,896,896,896,896,26.37,23.9,26.12,30.35,27.86,29.97,25.24,23.92,41.48,39.7,40,39.5,39.1,39.8,39.8,41.3,41.4,40.8
"2026-10-01 11:40:00",132426,11.79,37.3,896,896,896,896,895,896,896,896,896,27.14,24.19,26.54,31.03,28.97,30.71,25.52,24.91,38.56,39.2,39.5,39.1,38.7,39.5,39.5,40.9,40.9,40.4
"2026-10-01 11:41:00",132427,11.81,37.32,896,896,896,896,895,896,896,896,896,27.57,24.48,26.61,30.2,28.8,29.45,24.76,24.44,28.51,38.8,39.1,38.7,38.4,39.1,39.1,40.5,40.4,39.9
"2026-10-01 11:42:00",132428,11.76,37.34,896,896,896,896,895,896,896,896,895,28.57,24.34,26.34,29.79,28.04,29.47,23.98,24.1,26.5,38.4,38.7,38.4,38,38.8,38.7,40,39.9,39.7
"2026-10-01 11:43:00",132429,11.77,37.36,896,896,896,896,895,896,896,895,895,31.51,24.38,26.45,28.42,27.95,28.8,23.79,24.01,24.85,38,38.3,38,37.7,38.3,38.4,39.6,39.4,39
"2026-10-01 11:44:00",132430,11.82,37.38,896,896,896,896,895,896,896,896,895,33.97,24.74,26.52,29.11,28.57,28.13,24.55,24.85,25.07,37.7,37.8,37.7,37.3,37.9,38.2,39.4,38.9,38.5
"2026-10-01 11:45:00",132431,11.75,37.4,896,896,896,896,895,896,896,896,895,36.21,25.76,28,30.94,30.09,29.71,25.63,26.07,26.15,37.4,37.4,37.3,36.9,37.5,37.6,38.8,38.4,38.1
"2026-10-01 11:46:00",132432,11.78,37.42,896,896,896,896,895,896,896,896,895,38.51,26.17,27.9,32.19,30.03,29.79,26.13,26.61,26.55,37.2,37,37,36.6,37.2,37.3,38.4,38,37.7
"2026-10-01 11:47:00",132433,11.77,37.44,896,896,896,896,895,896,896,896,895,40.35,28.44,29.43,32.95,31.32,31.96,26.13,27.59,27.26,37.1,36.8,36.8,36.3,36.9,37,38.4,37.8,37.4
"2026-10-01 11:48:00",132434,11.75,37.46,896,896,896,896,895,896,896,896,895,42.58,28.12,29.59,33.3,31.66,33.24,27.84,27.59,27.6,37,36.6,36.7,36.2,36.8,36.8,38,37.8,37.2
"2026-10-01 11:49:00",132435,11.77,37.48,896,896,896,896,895,896,896,895,895,44.71,27.86,29.91,34.01,32.22,33.14,28.86,28.62,28.02,37,36.5,36.5,36.2,36.6,36.8,38,37.3,37.1
"2026-10-01 11:50:00",132436,11.77,37.5,896,895,896,895,895,896,896,895,895,47.14,27.72,29.83,35.19,32.53,34.06,28.86,28.95,27.95,37.5,36.7,36.9,36.5,36.9,36.9,38,37.5,37.4
"2026-10-01 11:51:00",132437,11.78,37.51,896,895,896,895,895,896,896,895,895,47.14,28.52,30.48,35.64,32.12,34.63,28.46,29.04,28,37.5,37.6,37.5,37.1,37.5,37.4,39.2,38.1,37.8
"2026-10-01 11:52:00",132438,11.81,37.53,896,895,896,895,895,896,896,895,895,51.89,28.4,29.02,34.27,32.4,34.45,26.5,27.97,28,38,37.8,37.8,37.2,37.8,37.7,39.3,38.3,37.8
"2026-10-01 11:53:00",132439,11.78,37.55,896,895,896,895,895,896,896,895,895,36.81,27.16,28.55,33.86,30.78,33.15,26.85,27.3,27.06,37.9,37.9,37.8,37.2,37.7,37.8,39.3,38.4,37.5
"2026-10-01 11:54:00",132440,11.79,37.57,896,895,896,895,895,896,896,895,895,31.51,26.44,28.25,32.54,30,31.41,26.68,27.01,26.75,37.7,37.9,37.8,37.2,37.7,37.8,39.3,38.4,37.4
"2026-10-01 11:55:00",132441,11.76,37.58,896,895,896,895,895,896,896,895,895,30.43,28.54,27.51,31.72,30.21,31.4,25.81,26.19,26.82,37.6,37.8,37.8,37,37.6,37.8,39.1,38.3,37.2
"2026-10-01 11:56:00",132442,11.78,37.6,896,895,896,895,895,896,896,895,895,30.49,31,28.06,31.48,29.73,29.96,26.59,26.65,27.77,37.2,37.7,37.6,36.8,37.3,37.6,38.8,38.1,36.9
"2026-10-01 11:57:00",132443,11.76,37.62,896,895,896,895,895,896,896,895,895,31.15,33.05,29.12,32.38,30.42,30.87,26.59,26.96,28.21,37,37.6,37.3,36.5,37,37.3,38.8,37.8,36.7
"2026-10-01 11:58:00",132444,11.77,37.63,896,895,896,895,895,896,895,895,895,30.08,34.6,29.91,31.73,30.3,31.26,27.14,27.37,27.36,36.6,37.4,37.1,36.2,36.7,37,38.1,37.4,36.4
"2026-10-01 11:59:00",132445,11.74,37.65,896,895,896,895,895,896,895,895,895,31.27,36.34,29.15,33.19,31.07,31.02,27.14,28.21,28.08,36.3,37.2,36.8,35.9,36.4,36.7,38.1,37.1,36.1
"2026-10-01 12:00:00",132446,11.81,37.66,896,895,896,895,895,896,896,895,895,31.85,37.87,29.86,32.74,32.2,32.4,28.53,28.43,28.57,36,37,36.5,35.8,36,36.4,37.4,36.7,35.8
"2026-10-01 12:01:00",132447,11.77,37.68,896,895,896,895,895,896,896,895,895,32.67,39.68,30.05,34.51,32.95,32.75,28.18,28.43,29.19,35.7,36.8,36.2,35.3,35.7,36.1,37,36.7,35.6
"2026-10-01 12:02:00",132448,11.81,37.69,896,895,896,895,895,896,895,895,895,32.3,40.75,30.13,35.69,33.84,34.08,30.11,29.74,29.38,35.5,36.6,35.9,35.1,35.5,35.8,36.7,36.1,35.3
"2026-10-01 12:03:00",132449,11.79,37.7,896,895,896,895,895,896,895,895,895,32.66,42.09,30.77,37.33,35.47,35.09,30.34,30.15,29.97,35.2,36.5,35.7,34.9,35.2,35.6,36.4,35.8,35.1
"2026-10-01 12:04:00",132450,11.8,37.72,896,895,896,895,895,896,896,895,895,32.92,43.32,32,37.65,35.26,35.47,31.05,30.91,30.58,35,36.3,35.4,34.6,35,35.3,36.1,35.6,35
"2026-10-01 12:05:00",132451,11.8,37.73,896,895,896,895,895,896,895,895,895,33.88,43.65,33.39,37.77,35,36.3,31.69,30.97,30.84,34.8,36.2,35.2,34.4,34.8,35.1,35.8,35.3,34.8
"2026-10-01 12:06:00",132452,11.79,37.74,896,895,896,895,895,896,895,895,895,34.85,32.99,33.09,36.67,34.2,35.49,32.58,32.37,31.2,34.6,36,35,34.2,34.5,34.9,35.6,35.1,34.6
"2026-10-01 12:07:00",132453,11.77,37.76,896,895,896,895,895,896,895,895,895,34.08,31.77,32.92,37.74,38,36.3,34.29,33.21,31.32,34.4,35.7,34.8,34,34.3,34.8,35.3,34.9,34.4
"2026-10-01 12:08:00",132454,11.81,37.77,896,895,896,895,895,896,895,895,895,33.7,31.3,35.92,38.81,36.48,35.71,33.44,34.27,32.19,34.3,35.5,34.6,33.8,34.1,34.6,35.1,34.7,34.3
"2026-10-01 12:09:00",132455,11.8,37.78,896,895,896,895,895,896,895,895,895,34.15,31.27,38.78,39.66,36.99,36.2,33.67,32.05,31.81,34.1,35.3,34.5,33.7,34,34.4,34.8,34.5,34.1
"2026-10-01 12:10:00",132456,11.77,37.79,896,895,896,895,895,896,895,895,895,34.43,31.16,41.28,38.31,36.11,36.48,33.3,31.83,31.66,34,35.1,34.4,33.5,33.8,34.2,34.6,34.4,34
"2026-10-01 12:11:00",132457,11.8,37.8,896,895,896,895,895,896,895,895,895,34.2,30.14,43.45,37.17,36.24,35.32,32.93,32.1,31.08,33.8,34.9,34.3,33.3,33.7,34.1,34.5,34.3,33.9
"2026-10-01 12:12:00",132458,11.79,37.81,896,895,896,895,895,896,895,895,895,34.64,30.35,45.46,37.44,36.19,36.02,33.56,32.33,31.4,33.7,34.8,34.2,33.2,33.5,34,34.3,34.1,33.8
"2026-10-01 12:13:00",132459,11.77,37.82,896,895,896,895,895,896,895,895,895,35.56,31.2,47.3,39.31,37.14,37.14,34.64,33.41,31.9,33.5,34.6,34.1,33.1,33.4,33.8,34.1,34,33.6
"2026-10-01 12:14:00",132460,11.79,37.83,896,895,896,895,895,895,895,895,895,35.22,31.02,48.9,39.21,37.34,37.33,33.43,32.96,31.42,33.4,34.4,34,32.9,33.2,33.7,34,33.8,33.5
"2026-10-01 12:15:00",132461,11.75,37.84,896,895,896,895,895,895,895,895,895,34.21,31.1,50.35,39.14,36.9,37.11,33.76,32.96,31.78,33.3,34.3,34,32.8,33.1,33.6,33.8,33.7,33.4
"2026-10-01 12:16:00",132462,11.78,37.85,896,895,896,895,895,895,895,895,895,34.91,31.36,51.69,38.26,36.45,36.79,33.36,32.73,31.16,33.2,34.1,33.9,32.6,33,33.5,33.7,33.6,33.3
"2026-10-01 12:17:00",132463,11.77,37.86,896,895,896,895,895,895,895,895,895,34.94,31.5,52.91,38.15,36.32,36.66,32.96,32.19,31,33,34,33.8,32.5,32.8,33.3,33.5,33.5,33.1
"2026-10-01 12:18:00",132464,11.77,37.87,896,895,896,895,895,895,895,895,895,36.02,31.48,43.4,37.88,35.82,35.9,33.12,31.91,31.1,32.9,33.8,33.7,32.4,32.7,33.2,33.4,33.3,33
"2026-10-01 12:19:00",132465,11.78,37.88,896,895,896,895,895,895,895,895,895,36.13,31.93,36.47,39.26,36.5,36.83,34.38,32.95,32.08,32.8,33.7,33.5,32.2,32.6,33.1,33.2,33.2,32.9
"2026-10-01 12:20:00",132466,11.75,37.89,896,895,896,895,895,895,895,895,895,36.66,32.13,35.94,42.88,38.54,38.22,35.51,33.85,32.57,32.7,33.5,33.4,32.1,32.5,33,33.1,33.1,32.8
"2026-10-01 12:21:00",132467,11.82,37.9,896,895,896,895,895,895,895,895,895,37.28,32.7,36.43,46.41,39.56,38.81,36.93,34.99,33.4,32.6,33.4,33.2,32,32.3,32.9,33,33,32.7
"2026-10-01 12:22:00",132468,11.78,37.9,896,895,896,895,895,895,895,895,895,46.04,36.7,39.41,49.36,45.14,43.11,44.71,39.03,40.05,32.4,33.2,33.1,32,32.2,32.7,32.8,32.8,32.5
"2026-10-01 12:23:00",132469,11.75,37.91,896,895,896,895,895,895,895,895,895,55.86,45.43,47.01,51.59,52.98,52.89,51.46,45.19,47.32,32,32.9,32.8,31.9,31.9,32.5,32.4,32.5,32.3
"2026-10-01 12:24:00",132470,11.82,37.92,896,895,896,895,895,895,895,895,895,66.64,50.53,49.93,53.13,57.18,58.86,52.51,49.59,52.13,31.5,32.3,32.4,31.8,31.6,32.2,31.9,32.1,32
"2026-10-01 12:25:00",132471,11.77,37.93,896,895,896,895,895,895,895,895,895,73.94,51.56,52.74,54.4,63.44,60.52,54.35,53.24,54.29,30.8,31.7,31.9,31.7,30.8,31.7,31.3,31.5,31.5
"2026-10-01 12:26:00",132472,11.76,37.93,896,895,896,895,895,895,895,895,895,75.13,54.12,55.04,55.4,64.53,61.24,58.1,53.38,55.25,30.1,31,31.2,31.6,30.1,31.2,30.5,30.8,31
"2026-10-01 12:27:00",132473,11.78,37.94,896,895,896,895,895,895,895,895,895,81.8,58.02,57.76,56.41,67.69,63.08,58.74,56.95,58.46,29.4,30.3,30.5,31.4,29.7,30.5,30.2,30.1,30.4
"2026-10-01 12:28:00",132474,11.79,37.94,896,895,896,895,895,895,895,895,895,83.4,60.74,59.65,57.36,69.5,64.45,60.38,57.92,59.9,29.1,29.6,29.9,31.3,29.1,30,29.2,29.5,29.9
"2026-10-01 12:29:00",132475,11.81,37.95,896,895,896,895,895,895,895,895,895,83.4,63.31,61.91,58.34,70.42,65.54,61.81,59.31,60.3,29.1,29,29.3,31.2,28.2,29.4,28.6,28.9,29.4
"2026-10-01 12:30:00",132476,11.77,37.96,896,895,896,895,895,895,895,895,895,89.5,64.72,64.42,57.89,70.42,66.14,65.03,62.74,61.03,27.7,28.5,28.8,31,28.2,28.9,28.1,28.4,29.1
"2026-10-01 12:31:00",132477,11.74,37.96,896,895,896,895,895,895,895,895,895,91.1,64.57,64.64,51.95,78.53,68.71,65.07,64.54,61.43,27.3,28,28.3,30.9,27.2,28.4,27.6,28,28.5
"2026-10-01 12:32:00",132478,11.8,37.96,896,895,896,895,895,895,895,895,895,94.1,66.91,66.69,50.74,84.4,69.3,67.83,67.08,61.16,27,27.6,28,30.7,26.8,28.1,27.3,27.6,28.1
"2026-10-01 12:33:00",132479,11.78,37.97,896,895,896,895,895,895,895,895,895,92.1,65.01,63.92,48.66,97.7,69.99,66.49,65.64,59.64,26.7,27.3,27.6,30.5,26.6,27.7,26.9,27.3,27.7
"2026-10-01 12:34:00",132480,11.8,37.97,896,895,896,895,895,895,895,895,895,97.2,66.95,63.92,51.46,100,70.28,68.58,68.41,63.25,26.4,27,27.6,30.3,26.4,27.4,26.7,27,27.4
"2026-10-01 12:35:00",132481,11.77,37.97,896,895,896,895,895,895,895,895,895,99.5,68.79,68.9,53.23,100,69.84,68.58,70.28,64.52,26.2,26.8,27.1,30.2,26.3,27.2,26.7,26.8,27.2
"2026-10-01 12:36:00",132482,11.81,37.98,896,895,896,895,895,895,895,895,895,96.9,68.27,70.72,55.41,100,71.56,70.55,72.5,63.37,25.9,26.5,26.9,30,26.3,27,26.3,26.6,26.9
"2026-10-01 12:37:00",132483,11.82,37.98,896,895,895,895,895,895,895,895,895,96.9,64.6,68.07,52.93,100,69.73,69.24,73.11,62.04,25.9,26.2,26.6,29.7,26.1,26.7,26,26.3,26.6
"2026-10-01 12:38:00",132484,11.76,37.98,896,895,896,895,895,895,895,895,895,91,64.11,67.59,52.93,97.6,72.02,69.24,69.53,62.95,25.4,25.9,26.3,29.7,26,26.5,26,26.1,26.3
"2026-10-01 12:39:00",132485,11.77,37.98,896,895,896,895,895,895,895,895,895,90.4,66.2,67.78,54.62,97.3,69.16,69.24,70.24,62.77,25.1,25.6,26,29.1,25.8,26.3,26,25.8,25.9
"2026-10-01 12:40:00",132486,11.78,37.98,896,895,896,895,895,895,895,895,895,89,64.82,66.21,53.43,97.2,69.33,66.16,66.47,60.57,24.8,25.3,25.7,28.6,25.7,26,25.2,25.6,25.6
"2026-10-01 12:41:00",132487,11.8,37.98,896,895,896,895,895,895,895,895,895,93.3,65.81,66.86,55.23,97.2,67.3,68.9,68.43,62.14,24.6,25.2,25.5,28.3,25.7,25.8,25,25.4,25.3
"2026-10-01 12:42:00",132488,11.77,37.98,896,895,896,895,895,895,895,895,895,87.4,66.8,69.26,54.96,100,69.58,70.43,70.58,62.34,24.4,24.8,25.3,28,25.3,25.5,24.8,25.2,25.1
"2026-10-01 12:43:00",132489,11.75,37.97,896,895,896,895,895,895,895,895,895,100,67.95,71.33,58.16,100,69.55,73.23,73.06,66.83,24.1,24.6,25,27.7,25.3,25.3,24.5,25,24.9
"2026-10-01 12:44:00",132490,11.78,37.97,896,895,896,895,895,895,895,895,895,100,71.6,74.74,60.36,87.9,71.62,74.62,77.35,70.22,24,24.4,24.8,27.4,24.9,25.1,24.3,24.8,24.6
"2026-10-01 12:45:00",132491,11.77,37.96,896,895,896,895,895,895,895,895,895,100,73.95,76.25,61.39,88.5,77.02,75.7,78.55,72.93,23.8,24.2,24.6,27,24.6,24.9,24.1,24.6,24.4
"2026-10-01 12:46:00",132492,11.79,37.96,896,895,896,895,895,895,895,895,895,100,76.33,78.68,62.99,88.5,80.7,77.88,80.4,74.47,23.6,24,24.4,26.7,24.6,24.8,23.9,24.3,24.1
"2026-10-01 12:47:00",132493,11.77,37.95,896,895,896,895,895,895,895,895,895,100,75.82,79.4,65.31,92.6,83.7,77.88,83.9,72.75,23.4,23.8,24.2,26.4,24.1,24.6,23.9,24.1,23.9
"2026-10-01 12:48:00",132494,11.78,37.94,896,895,896,895,895,895,896,895,895,100,77.37,80.7,66.62,94.5,83.7,81.8,86,73.1,23.3,23.7,24.1,26.1,24,24.6,23.7,24,23.6
"2026-10-01 12:49:00",132495,11.78,37.93,896,895,896,895,895,895,895,895,895,100,76.9,81.6,66.88,96.1,87.4,80.7,86.4,76.53,23.2,23.6,24,25.9,23.7,24.5,23.5,23.9,23.5
"2026-10-01 12:50:00",132496,11.8,37.91,896,895,896,895,895,895,896,895,895,100,75.71,80.4,66.57,93.5,88.3,80.2,85.8,75.52,23.1,23.5,23.8,25.7,23.5,24.4,23.5,23.7,23.3
"2026-10-01 12:51:00",132497,11.76,37.9,896,895,896,895,895,895,896,895,895,100,76.03,80.4,66.3,93.1,88.9,80.2,84.7,74.73,23,23.4,23.7,25.5,23.4,24.4,23.4,23.6,23.2
"2026-10-01 12:52:00",132498,11.77,37.88,896,895,896,895,895,895,896,895,895,100,78.65,82.2,67.68,95.5,89.2,81.2,86,74.71,23,23.3,23.7,25.4,23.2,24.4,23.3,23.5,23.1
"2026-10-01 12:53:00",132499,11.81,37.87,896,895,896,895,895,895,896,895,895,100,79.94,83,68.63,96,90.6,82,85.3,76.82,22.9,23.2,23.6,25.3,23.1,24.4,23.2,23.5,23
"2026-10-01 12:54:00",132500,11.74,37.85,896,895,896,895,895,895,896,895,895,100,81.5,85.2,69.51,97.7,92.2,83.4,86.8,81.1,22.9,23.2,23.5,25.2,23,24.4,23.2,23.4,22.9
"2026-10-01 12:55:00",132501,11.76,37.83,896,895,896,895,895,895,895,895,895,100,81.3,84.9,68.67,99.3,93.4,83.2,87.2,79.03,22.9,23.1,23.5,25.1,22.9,24.4,23.2,23.4,22.9
"2026-10-01 12:56:00",132502,11.77,37.81,896,895,896,895,895,895,895,895,895,100,81.6,86.7,70.02,97,88.9,84.4,90,81.6,22.8,23.1,23.5,25,22.9,24.4,23.1,23.3,22.9
"2026-10-01 12:57:00",132503,11.79,37.79,896,895,896,895,895,895,895,895,895,100,81.3,86.1,69.77,100,87.1,88.8,89,79.97,22.9,23.2,23.5,25,22.8,24.4,23.1,23.3,22.9
"2026-10-01 12:58:00",132504,11.77,37.77,896,895,896,895,895,895,895,895,895,100,81,85.7,69.97,100,86.4,93.6,85.3,79.01,22.9,23.2,23.5,24.9,22.8,24.4,23.2,23.3,23
"2026-10-01 12:59:00",132505,11.8,37.75,896,895,896,895,895,895,896,895,895,100,82.6,86.9,70.65,100,85.4,96.4,88.4,80.9,22.9,23.2,23.5,24.9,22.8,24.3,23.3,23.3,23
"2026-10-01 13:00:00",132506,11.77,37.73,896,895,896,895,895,895,895,895,895,100,82.7,88.4,72.27,100,86.2,98,91.8,80.5,22.9,23.3,23.6,24.8,22.8,24.3,23.3,23.4,23
"2026-10-01 13:01:00",132507,11.78,37.71,896,895,896,895,895,895,895,895,895,100,80.2,85.9,70.46,100,86.4,98.5,87.8,80.1,22.9,23.3,23.6,24.8,22.8,24.3,23.4,23.4,23.1
"2026-10-01 13:02:00",132508,11.81,37.68,896,895,896,895,895,895,896,895,895,100,76.57,81.4,70.46,96.7,82.5,98.1,83.2,75.67,22.9,23.3,23.6,24.8,22.8,24.2,23.5,23.4,23.1
"2026-10-01 13:03:00",132509,11.77,37.66,896,895,896,895,895,895,896,895,895,100,75.3,82.1,70.46,96.2,81.3,98.1,84.9,76.26,22.9,23.3,23.6,24.8,22.8,24.2,23.5,23.4,23.1
"2026-10-01 13:04:00",132510,11.74,37.64,896,895,896,895,895,895,896,895,895,100,75.8,80.5,70.61,95.5,80.4,98,84,75.51,22.9,23.3,23.6,24.7,22.8,24.1,23.7,23.4,23.1
"2026-10-01 13:05:00",132511,11.74,37.61,896,895,896,895,895,895,896,895,895,100,75.17,80.8,71.31,95.5,80,96.4,82.8,76.94,22.9,23.3,23.6,24.6,22.8,24.1,23.7,23.4,23.1
"2026-10-01 13:06:00",132512,11.78,37.59,896,895,896,895,895,896,896,896,895,100,74.92,80.6,72.89,93.4,78.67,93.1,81.8,76.41,22.8,23.2,23.6,24.5,22.6,24,23.7,23.3,23.1
"2026-10-01 13:07:00",132513,11.79,37.56,896,895,896,895,895,896,896,896,895,100,72.79,78.16,73.46,97,78.03,91.5,82.3,75.54,22.7,23.1,23.5,24.4,22.5,23.9,23.7,23.2,23
"2026-10-01 13:08:00",132514,11.81,37.53,896,895,896,895,895,896,896,896,895,100,75.14,82.2,75.46,96.9,78.03,86.1,82.7,76.35,22.6,23,23.4,24.3,22.5,23.9,23.7,23.1,22.9
"2026-10-01 13:09:00",132515,11.79,37.51,896,895,896,895,895,896,896,896,895,100,77.37,82.8,77.01,96.8,80.8,81,84.4,77.49,22.4,22.9,23.2,24.1,22.3,23.7,23.5,23,22.8
"2026-10-01 13:10:00",132516,11.78,37.48,896,895,896,895,895,896,896,895,895,100,77.58,81.4,77.8,95,81.7,83.4,95.8,80.4,22.3,22.7,23,23.9,22.2,23.5,23.4,22.8,22.7
"2026-10-01 13:11:00",132517,11.83,37.45,896,895,896,895,895,895,895,895,895,100,80.7,83.4,77.8,100,84.8,85.6,100,83,22.1,22.6,22.9,23.9,22.1,23.3,23.3,22.8,22.6
"2026-10-01 13:12:00",132518,11.77,37.42,896,895,896,895,895,895,895,895,895,100,81.8,86.3,80.1,100,87.5,85.6,100,80.3,22,22.5,22.8,23.5,22,23.1,23.1,22.7,22.4
"2026-10-01 13:13:00",132519,11.81,37.39,896,895,896,895,895,895,895,895,894,100,76.92,83.7,80.8,100,85.3,83.8,100,79.21,21.9,22.3,22.6,23.4,21.9,23,23,22.7,22.3
"2026-10-01 13:14:00",132520,11.79,37.37,896,895,895,895,895,895,895,895,894,100,80.2,84.1,79.61,100,84.9,83.6,100,81.2,21.8,22.2,22.5,23.2,21.8,22.9,22.8,22.6,22.2
"2026-10-01 13:15:00",132521,11.78,37.34,896,895,895,895,894,895,895,895,894,100,78.44,84.5,80.2,100,85.7,80.4,100,79.57,21.6,22.1,22.4,23,21.8,22.8,22.6,22.6,22.1
"2026-10-01 13:16:00",132522,11.8,37.31,896,895,895,895,894,895,895,895,894,100,72.56,82.8,77.12,99.9,84.7,78.45,100,78.22,21.5,21.9,22.3,22.8,21.7,22.6,22.4,22.6,22
"2026-10-01 13:17:00",132523,11.77,37.27,896,895,895,895,894,895,895,895,894,100,78.46,82.1,80.9,99.4,83.1,82.2,100,80.2,21.4,21.8,22.2,22.5,21.6,22.4,22.2,22.5,21.8
"2026-10-01 13:18:00",132524,11.76,37.24,896,895,895,895,894,895,895,895,894,100,82.2,86.1,83.6,100,87.6,86.2,100,84.3,21.3,21.6,22.1,22.4,21.5,22.3,22.1,22.5,21.7
"2026-10-01 13:19:00",132525,11.77,37.21,896,895,895,895,894,895,895,895,894,100,85,87.4,87,100,90.9,89.3,100,86.4,21.2,21.5,22,22.2,21.4,22.2,22,22.5,21.6
"2026-10-01 13:20:00",132526,11.79,37.18,896,895,895,895,894,895,895,895,894,100,88.3,90.7,88.2,100,93.3,91.3,100,87.6,21.2,21.5,22,22.1,21.4,22.1,21.9,22.5,21.6
"2026-10-01 13:21:00",132527,11.81,37.14,896,895,895,895,894,895,895,895,894,100,89.3,92.2,89,100,94.6,92,100,89.1,21.2,21.5,21.9,22.1,21.4,22.1,21.9,22.5,21.6
"2026-10-01 13:22:00",132528,11.78,37.11,896,895,895,895,894,895,895,895,894,100,90.3,93.4,90.6,100,96,94,100,93.3,21.2,21.5,22,22.1,21.5,22.1,21.9,22.5,21.6
"2026-10-01 13:23:00",132529,11.83,37.07,896,895,895,895,894,895,895,895,894,100,89.9,93.6,92,100,97.8,94.1,100,98,21.3,21.6,22,22.1,21.6,22.2,21.9,22.5,21.7
"2026-10-01 13:24:00",132530,11.81,37.04,895,895,895,895,894,895,895,895,894,100,88.5,93,92.8,100,97.8,94.8,100,100,21.4,21.7,22.1,22.1,21.6,22.2,22,22.5,21.8
"2026-10-01 13:25:00",132531,11.78,37,895,894,895,894,894,895,895,895,894,100,88.4,93,93.2,100,99,93.6,98.2,100,21.4,21.8,22.1,22.2,21.8,22.3,22.1,22.5,21.9
"2026-10-01 13:26:00",132532,11.78,36.97,895,894,895,894,894,895,895,895,894,100,89.5,93.3,93.7,100,96.9,94.9,99.9,100,21.5,21.9,22.2,22.3,21.9,22.4,22.1,22.6,22.1
"2026-10-01 13:27:00",132533,11.81,36.93,895,894,895,894,894,895,895,895,894,100,88.8,94.8,95.1,100,99.4,97,100,100,21.6,22,22.3,22.4,22,22.5,22.3,22.6,22.2
"2026-10-01 13:28:00",132534,11.79,36.9,895,894,895,894,894,895,895,895,894,100,90.6,96.9,96.3,100,100,98.7,100,100,21.7,22.1,22.4,22.5,22.1,22.6,22.4,22.7,22.4
"2026-10-01 13:29:00",132535,11.81,36.86,895,894,895,894,894,895,895,895,894,100,91,100,96.4,100,100,95.3,100,100,21.9,22.3,22.5,22.5,22.3,22.8,22.5,22.8,22.6
"2026-10-01 13:30:00",132536,11.81,36.83,895,894,895,894,894,895,895,895,894,100,86.2,93.2,94.7,100,99.1,89.1,95.2,100,22,22.4,22.7,22.6,22.4,22.9,22.6,22.9,22.8
"2026-10-01 13:31:00",132537,11.77,36.79,895,894,895,894,894,895,895,895,894,100,85.5,90.7,90.8,100,97.2,90,93.4,100,22.1,22.5,22.8,22.7,22.5,23,22.7,22.9,23
"2026-10-01 13:32:00",132538,11.78,36.76,895,894,895,894,894,895,895,895,894,100,81.3,91.3,89.6,100,94,90,86.7,100,22.2,22.6,22.8,22.8,22.6,23.1,22.7,23,23.1
"2026-10-01 13:33:00",132539,11.8,36.72,895,894,895,894,894,895,895,895,894,100,83,90.2,90.6,100,95.4,88.8,91.1,97.9,22.3,22.7,23,22.8,22.7,23.2,22.9,23.1,23.3
"2026-10-01 13:34:00",132540,11.76,36.69,895,894,895,894,894,895,895,895,894,100,84,91.3,90.6,100,95.2,88.2,91.7,92.8,22.4,22.8,23.1,22.9,22.7,23.3,23,23.2,23.4
"2026-10-01 13:35:00",132541,11.81,36.65,895,894,895,894,894,894,894,894,894,100,81.3,87.6,88.4,98.5,91.3,82.8,84,92.8,22.6,23,23.2,23,22.8,23.4,23.1,23.3,23.4
"2026-10-01 13:36:00",132542,11.8,36.62,895,894,895,894,894,894,894,894,894,100,78.28,82.8,89.5,100,92.1,87.6,89.4,88,22.9,23.1,23.4,23.1,22.9,23.5,23.3,23.4,23.6
"2026-10-01 13:37:00",132543,11.76,36.58,895,894,895,894,894,894,894,894,894,100,82.5,87.8,92.2,100,94.3,88.8,90.5,89.6,23.2,23.4,23.5,23.3,23.1,23.6,23.5,23.6,23.8
"2026-10-01 13:38:00",132544,11.78,36.55,895,894,894,894,894,894,894,894,894,100,82.9,90.2,92.3,100,94.3,90.7,92.2,91.4,23.8,23.7,23.9,23.6,23.4,23.6,24,24,24.2
"2026-10-01 13:39:00",132545,11.79,36.52,895,894,894,894,893,894,894,894,893,100,84.3,89.1,91,100,95.8,91.3,92.1,90.5,24.1,24,24.1,23.8,23.6,24.2,24.2,24.2,24.4
"2026-10-01 13:40:00",132546,11.77,36.48,895,894,894,894,893,894,894,894,893,100,83.7,89.1,92.7,100,95.1,89,85.7,88.1,24.5,24.3,24.4,24,23.9,24.5,24.5,24.5,24.6
"2026-10-01 13:41:00",132547,11.76,36.45,895,894,894,894,893,894,894,894,893,100,74.19,80.3,94.1,100,92.1,89,84.8,83.8,24.9,24.6,24.7,24.2,24.1,24.7,24.5,24.8,24.8
"2026-10-01 13:42:00",132548,11.79,36.42,895,894,894,894,893,894,894,894,893,100,76.53,86.5,95.7,100,95.2,89.5,94.8,90.7,25.3,24.8,24.9,24.5,24.4,25,25.1,25.1,25
"2026-10-01 13:43:00",132549,11.8,36.39,895,894,894,894,893,894,894,894,893,100,80.3,90.8,95.3,100,95.4,88.4,90.1,91.5,25.6,25.1,25.2,24.7,24.6,25.2,25.4,25.4,25.3
"2026-10-01 13:44:00",132550,11.83,36.36,895,894,894,894,893,894,894,894,893,100,80.7,91.9,95.4,100,95.8,88.4,88.6,90,25.9,25.4,25.4,25,24.9,25.4,25.4,25.6,25.5
"2026-10-01 13:45:00",132551,11.75,36.33,895,894,894,894,893,894,894,894,893,100,79.07,92.3,94.9,100,93.7,85.9,88.9,88.8,26.1,25.6,25.7,25.2,25.1,25.7,25.8,25.9,25.6
"2026-10-01 13:46:00",132552,11.78,36.3,895,894,894,894,893,894,894,894,893,100,79.97,92.5,94.9,100,93.7,83,83.2,88.8,26.3,25.9,25.9,25.2,25.4,25.7,26.1,26.1,25.6
"2026-10-01 13:47:00",132553,11.79,36.28,895,894,894,894,893,894,894,894,893,100,81.9,89.2,94.4,100,95.3,85.5,85.9,86.2,26.5,26.1,26.1,25.6,25.6,26.2,26.3,26.3,26.1
"2026-10-01 13:48:00",132554,11.8,36.25,895,894,894,894,893,894,894,894,893,100,88.7,87.2,92.9,100,90.2,83.4,88.4,83.9,26.7,26.4,26.4,25.7,25.8,26.4,26.5,26.6,26.2
"2026-10-01 13:49:00",132555,11.78,36.22,895,894,894,894,893,894,894,894,893,100,93,85.7,91.7,100,89,81.5,84.6,82.8,26.8,26.7,26.6,26,26,26.6,26.7,26.8,26.4
"2026-10-01 13:50:00",132556,11.79,36.2,895,894,894,894,893,894,894,894,893,100,95.2,84.7,92.6,100,88.8,83.5,84.6,84.2,26.9,27.1,26.8,26.3,26.2,26.9,26.9,27,26.6
"2026-10-01 13:51:00",132557,11.8,36.17,895,894,894,894,893,894,894,894,893,100,95.1,81,88.9,97.8,87.8,78.32,82.8,77.18,27.1,27.5,27,26.5,26.5,27.1,27.1,27.3,26.8
"2026-10-01 13:52:00",132558,11.76,36.15,895,894,894,894,893,894,894,894,893,100,94.9,81,87.4,92.3,81.3,75.04,74.96,76.19,27.2,27.8,27.2,26.7,26.6,27.3,27.4,27.5,27
"2026-10-01 13:53:00",132559,11.76,36.12,895,894,894,894,893,894,894,894,893,100,94.5,81.3,87.4,94.4,84.6,77.27,77.14,74.65,27.3,28.2,27.4,26.9,26.8,27.5,27.6,27.7,27.2
"2026-10-01 13:54:00",132560,11.81,36.1,895,894,894,894,893,894,894,894,893,100,93.5,81.3,86.6,95.1,82.6,74.54,78.06,72.49,27.4,28.5,27.4,27.1,27,27.7,27.8,27.8,27.3
"2026-10-01 13:55:00",132561,11.78,36.08,895,894,894,894,893,894,894,894,893,100,92.9,75.38,84,92.6,82.5,73.36,77.63,69.26,27.5,28.8,27.8,27.3,27.1,27.8,28,28.1,27.5
"2026-10-01 13:56:00",132562,11.76,36.06,895,894,894,894,893,894,894,894,893,100,92.5,76.19,82.1,86.5,76.86,70.63,71.43,71.14,27.6,29.1,27.9,27.5,27.3,28.1,28.1,28.3,27.6
"2026-10-01 13:57:00",132563,11.75,36.04,895,894,894,894,893,894,894,894,893,100,92.6,75.47,81.5,86.2,77.17,70.63,70.36,69.32,27.8,29.3,28.1,27.7,27.4,28.3,28.1,28.5,27.8
"2026-10-01 13:58:00",132564,11.77,36.02,895,894,894,894,893,894,894,894,893,100,77.97,71.99,80.6,90.9,79.59,72.69,74.62,67.51,27.9,29.7,28.3,27.8,27.6,28.4,28.5,28.6,27.9
"2026-10-01 13:59:00",132565,11.8,36,895,894,894,894,893,894,894,894,893,97.7,77.97,73.46,80.4,90.1,79.67,70.67,72.56,68.09,28,29.7,28.4,27.9,27.7,28.6,28.7,28.8,28.1
"2026-10-01 14:00:00",132566,11.8,35.98,895,894,894,894,893,894,894,894,893,97.1,77.97,80.9,79.54,88.5,77.44,72.07,72.04,68.09,28,29.7,28.6,28.1,27.9,28.8,28.9,29,28.1
"2026-10-01 14:01:00",132567,11.79,35.96,895,894,894,894,893,894,894,894,893,97.1,65.81,85.1,77.86,92.1,79.78,71.82,73.05,70.79,28.1,30.1,28.7,28.4,28,29,29.2,29.2,28.5
"2026-10-01 14:02:00",132568,11.79,35.95,895,894,894,894,893,894,894,894,893,97.1,66.84,98.7,79.67,91.5,79.33,72.09,73.05,68.9,28.1,30.5,29.5,28.9,28.5,29.2,29.8,29.2,29.1
"2026-10-01 14:03:00",132569,11.78,35.93,895,894,894,894,893,894,894,894,893,92,63.15,100,78.01,92.1,81,72.09,73.05,65.61,29,30.7,29.9,29.1,28.8,29.8,29.8,29.2,29.3
"2026-10-01 14:04:00",132570,11.77,35.91,894,894,894,894,893,894,894,894,893,94,61.39,100,76.64,82,74.8,65.97,69.37,65.25,29.1,30.9,30.4,29.5,29,30.1,30.6,30.1,29.8
"2026-10-01 14:05:00",132571,11.79,35.9,894,894,894,894,893,894,894,894,893,90.9,59.25,100,76.64,84.2,76.54,65.49,64.4,63.45,30.1,31.4,31.2,29.5,29.5,30.7,31.3,30.7,30.6
"2026-10-01 14:06:00",132572,11.77,35.88,894,894,894,894,893,894,894,894,893,88,57.52,100,71.27,84.1,78.13,63.07,62.68,60.45,30.5,31.7,31.9,30.4,30,31.2,31.8,31.1,31
"2026-10-01 14:07:00",132573,11.78,35.87,894,894,894,894,893,894,894,894,893,79.15,54.82,100,65.47,78.16,72.71,55.93,57.55,56.57,30.7,31.8,32.3,30.6,30.1,31.6,32,31.4,31.3
"2026-10-01 14:08:00",132574,11.77,35.86,894,894,894,894,893,894,894,894,893,73.98,54.63,99.7,65.63,73.47,69.78,55.04,57.03,53.96,30.9,31.8,32.7,30.7,30.3,31.7,32.3,31.5,31.5
"2026-10-01 14:09:00",132575,11.8,35.85,894,894,894,894,893,894,894,894,893,64.05,49.72,95.6,62.47,70.98,64.07,51.35,49.84,49.54,31,31.9,33,30.9,30.4,32,32.4,31.7,31.7
"2026-10-01 14:10:00",132576,11.78,35.83,894,894,894,894,893,894,894,894,893,64.74,49.06,90.1,60.55,68.06,61.53,50,50.46,49.5,31,31.9,33.3,30.9,30.5,32.2,32.5,31.9,31.8
"2026-10-01 14:11:00",132577,11.8,35.82,894,894,894,894,893,894,894,894,893,63.78,50.3,64.75,60.25,67.46,61.9,50.67,49.94,49.34,31.1,31.9,33.4,31,30.6,32.3,32.6,32,31.8
"2026-10-01 14:12:00",132578,11.77,35.81,894,894,894,894,893,894,894,894,893,66.89,49.32,58.24,63.47,67.69,61.87,49.67,48.71,47.84,31.2,31.9,33.4,31,30.7,32.5,32.6,32.1,32
"2026-10-01 14:13:00",132579,11.79,35.81,894,894,894,894,893,894,894,894,893,66.01,46.21,55.2,69.79,58.71,61.58,49.76,49.77,47.57,31.2,31.9,33.4,31.1,30.8,32.5,32.7,32.2,32
"2026-10-01 14:14:00",132580,11.76,35.8,894,893,894,894,893,894,894,894,893,62.54,45.61,53.97,74.08,63.3,58.06,48.48,48.29,45.81,31.3,31.9,33.3,31.2,30.8,32.6,32.7,32.3,32.1
"2026-10-01 14:15:00",132581,11.8,35.79,894,893,894,893,893,894,894,894,893,58.63,45.77,51.87,77.99,62.14,58.22,47.07,46.13,44.48,31.3,31.9,33.2,31.4,30.9,32.7,32.7,32.4,32.1
"2026-10-01 14:16:00",132582,11.82,35.78,894,893,894,893,893,894,894,894,893,57.75,46.13,52.46,80.2,58.36,57.04,46.45,46.7,45.2,31.4,32,33.1,31.5,30.9,32.8,32.8,32.5,32.2
"2026-10-01 14:17:00",132583,11.76,35.78,894,893,894,893,893,894,894,894,893,56.96,45.3,51.37,81.2,56.2,55.46,44.5,43.89,43.39,31.5,32,33,31.7,31,32.8,32.8,32.6,32.3
"2026-10-01 14:18:00",132584,11.76,35.77,894,893,894,893,893,894,894,894,893,53.1,44.29,49.6,82.7,52.79,50.75,44.94,43.38,43.14,31.5,32.1,32.8,32,31,32.9,32.9,32.7,32.4
"2026-10-01 14:19:00",132585,11.79,35.76,894,893,894,893,893,894,894,894,893,51,44.94,48.1,83.2,53.99,55.02,45.12,43.34,41.69,31.6,32.1,32.8,32.2,31.1,32.9,33,32.8,32.5
"2026-10-01 14:20:00",132586,11.81,35.76,894,893,894,893,893,894,894,894,893,50.36,45.28,46.26,84.3,54.87,53.54,45,43.04,41.1,31.7,32.2,32.7,32.4,31.1,33,33,32.9,32.6
"2026-10-01 14:21:00",132587,11.79,35.76,894,893,894,893,893,894,894,893,893,50.48,43.34,50.18,84,54.8,55.8,44.88,43.68,41.1,31.8,32.3,32.7,32.7,31.2,33.1,33.1,33.1,32.6
"2026-10-01 14:22:00",132588,11.76,35.75,894,893,894,893,893,894,894,893,893,48.49,41.69,47.42,84.5,53.18,54.03,43.17,41.76,39.51,31.8,32.4,32.6,32.9,31.3,33.1,33.2,33.2,32.9
"2026-10-01 14:23:00",132589,11.79,35.75,894,893,894,893,893,894,894,893,893,49.93,41.21,47.75,68.07,55.33,54.41,43.44,41.04,41.09,31.9,32.5,32.6,33,31.4,33.2,33.3,33.3,33
"2026-10-01 14:24:00",132590,11.78,35.75,894,893,894,893,893,894,894,893,893,49.18,41.85,47.75,57.6,54.43,54.31,42.54,41.16,40.52,32,32.5,32.6,33,31.5,33.3,33.3,33.4,33.1
"2026-10-01 14:25:00",132591,11.76,35.74,894,893,894,893,893,894,894,893,893,46.83,41.09,46.25,54.88,58.95,52.51,41.26,40,38.16,32.1,32.6,32.6,33,31.6,33.3,33.4,33.5,33.2
"2026-10-01 14:26:00",132592,11.79,35.74,894,893,894,893,893,894,894,894,893,47.32,38.95,42.61,52.06,67.28,48.78,42.76,42.83,38.82,32.2,32.7,32.6,32.8,31.8,33.3,33.5,33.6,33.2
"2026-10-01 14:27:00",132593,11.79,35.74,894,893,894,893,893,894,894,893,893,47.29,40.22,43.7,51.3,70.72,49.79,42.29,42.92,38.97,32.2,32.7,32.5,32.7,31.8,33.3,33.5,33.7,33.3
"2026-10-01 14:28:00",132594,11.82,35.74,894,893,894,893,893,894,894,893,893,45.85,38.15,42,51.2,79.04,48.51,41.43,39.88,39.04,32.3,32.8,32.5,32.6,32.1,33.3,33.6,33.8,33.4
"2026-10-01 14:29:00",132595,11.79,35.74,894,893,894,893,893,894,894,893,893,45.27,38.38,42.65,50.17,83,48.09,41.43,39.86,38.09,32.4,32.8,32.5,32.5,32.3,33.4,33.6,33.9,33.5
"2026-10-01 14:30:00",132596,11.78,35.74,894,893,894,893,893,894,894,893,893,47.23,37.9,42,50.6,86,48.02,40.44,40.28,38.05,32.5,32.9,32.6,32.3,32.5,33.4,33.8,34,33.6
"2026-10-01 14:31:00",132597,11.81,35.75,894,893,894,893,893,894,894,893,893,42.34,38.18,43.48,50.27,87.7,49.35,38.78,37.87,37.48,32.6,33,32.6,32.2,32.7,33.4,33.8,34,33.7
"2026-10-01 14:32:00",132598,11.77,35.75,894,893,894,893,893,894,894,893,893,40.36,35.19,38.14,49.16,89.3,47.22,38.57,36.76,36.03,32.7,33.1,32.7,32.1,33,33.5,33.9,34.1,33.8
"2026-10-01 14:33:00",132599,11.78,35.75,894,893,894,893,893,894,894,893,893,42.28,35.41,39.33,49.01,90.3,46.17,38.65,38.96,35.8,32.8,33.3,32.8,32,33.2,33.5,34,34.2,33.8
"2026-10-01 14:34:00",132600,11.76,35.75,894,893,894,893,893,893,894,893,893,40.56,34.68,39.46,49.65,91.1,45.94,39.09,38.99,35.28,32.9,33.4,32.9,32,33.4,33.6,34.1,34.3,34
"2026-10-01 14:35:00",132601,11.77,35.76,894,893,894,893,893,893,894,893,893,41.53,35.45,41.03,50.7,89.3,46.47,38.33,38.3,35.62,33,33.5,33,32,33.7,33.7,34.2,34.4,34.1
"2026-10-01 14:36:00",132602,11.78,35.76,894,893,894,893,893,893,894,893,893,40.68,36.38,41.33,50.48,57.99,46.43,36.12,36.45,34.35,33.2,33.6,33.1,31.9,33.7,33.7,34.3,34.5,34.2
"2026-10-01 14:37:00",132603,11.77,35.76,894,893,894,893,893,893,894,893,893,40.94,36.3,41.23,51.12,53.32,47.73,38.21,36.91,36.01,33.3,33.7,33.2,31.9,33.7,33.8,34.4,34.5,34.2
"2026-10-01 14:38:00",132604,11.79,35.77,894,893,894,893,893,894,894,893,893,40.87,38.24,43.3,52.09,53.32,52.96,37.76,36.83,35.85,33.4,33.8,33.3,32,33.7,33.9,34.5,34.6,34.3
"2026-10-01 14:39:00",132605,11.78,35.78,894,893,894,893,893,893,894,893,893,41.49,37.09,41.91,52.66,49.52,58.35,38.67,37.5,38.27,33.5,34,33.4,32,33.8,34.1,34.6,34.7,34.4
"2026-10-01 14:40:00",132606,11.76,35.78,894,893,894,893,893,893,894,893,893,41.54,37.69,40.97,51.71,46.55,62.4,38,36.34,36.83,33.6,34.1,33.6,32,33.8,34.3,34.7,34.8,34.5
"2026-10-01 14:41:00",132607,11.77,35.79,894,893,894,893,893,893,893,893,893,41.43,36.9,41.4,50.96,44.28,65.54,37.52,36.5,36.45,33.7,34.2,33.7,32,33.8,34.5,34.8,34.8,34.6
"2026-10-01 14:42:00",132608,11.81,35.79,894,893,894,893,893,894,893,893,893,41.59,35.97,39.68,51.27,44.26,67.94,38.77,35.81,36.87,33.8,34.3,33.8,32.1,33.8,34.7,34.8,34.9,34.6
"2026-10-01 14:43:00",132609,11.8,35.8,894,893,894,893,893,893,893,893,893,41.59,34.74,38.22,50.25,43.2,69.84,36.29,35.39,36.39,33.8,34.3,33.9,32.1,33.8,35,34.9,35,34.7
"2026-10-01 14:44:00",132610,11.8,35.81,894,893,894,893,893,893,893,893,893,38.39,35.03,37.76,48.87,42.46,71.35,36.07,34.9,34.32,34,34.4,34,32.2,33.8,35.2,35,35,34.7
"2026-10-01 14:45:00",132611,11.77,35.82,894,893,894,893,893,893,893,893,893,38.12,33.91,37.88,49.09,44.77,72.82,37.78,35.36,34.57,34.1,34.5,34.1,32.2,33.8,35.4,35.1,35.1,34.8
"2026-10-01 14:46:00",132612,11.78,35.83,894,893,894,893,893,893,893,893,893,39.91,36.56,40.2,50.19,43.68,73.97,36.35,33.8,35.01,34.2,34.6,34.2,32.2,33.8,35.6,35.1,35.1,34.8
"2026-10-01 14:47:00",132613,11.75,35.83,894,893,894,893,893,893,893,893,893,38.59,34.13,38.55,48.87,44.45,73.97,35.96,33.79,34,34.3,34.7,34.3,32.3,33.8,35.6,35.2,35.2,34.9
"2026-10-01 14:48:00",132614,11.8,35.84,894,893,894,893,893,893,893,893,893,37.96,35.55,38.8,48.39,44.59,73.97,35.7,33.92,33.46,34.4,34.8,34.4,32.3,33.8,35.6,35.3,35.2,34.9
"2026-10-01 14:49:00",132615,11.77,35.85,894,893,894,893,893,893,893,893,893,38.19,34.69,38.11,48.08,41.5,49.23,34.31,33.23,33.33,34.5,34.9,34.5,32.3,33.9,35.9,35.3,35.3,34.9
"2026-10-01 14:50:00",132616,11.77,35.86,894,893,894,893,893,893,893,893,893,35.87,32.54,37.12,44.25,41.25,44.82,38.06,34,31.39,34.5,35,34.6,32.4,33.9,35.9,35.4,35.3,35
"2026-10-01 14:51:00",132617,11.83,35.87,894,893,894,893,893,893,893,893,893,34.43,30.48,35.1,44.42,39.79,42.13,41.69,31.42,30.6,34.6,35,34.7,32.4,34,35.9,35.6,35.4,35
"2026-10-01 14:52:00",132618,11.82,35.88,894,893,894,893,893,893,893,893,893,34.7,30.96,34.72,45.89,40.97,43.04,44.58,34.85,32.11,34.7,35.1,34.8,32.5,34,35.8,35.8,35.4,35.1
"2026-10-01 14:53:00",132619,11.77,35.9,894,893,894,893,893,893,893,893,893,34.75,31.54,34.05,47.15,42.03,42.25,47.67,33.44,31.37,35.2,35.5,35.1,32.9,34.3,35.8,36.4,35.7,35.5
"2026-10-01 14:54:00",132620,11.77,35.91,894,893,894,893,893,893,893,893,893,35.54,31.31,34.55,45.66,44.93,45.9,50.39,33.32,32.28,35.5,36,35.5,33.1,34.8,36.2,36.8,36,35.7
"2026-10-01 14:55:00",132621,11.76,35.92,894,893,894,893,893,893,893,893,893,33.6,31.14,34.47,44.28,42.58,43.84,51.88,30.22,29.88,35.7,36.2,35.7,33.2,34.9,36.3,37.2,36.1,35.8
"2026-10-01 14:56:00",132622,11.77,35.93,894,893,894,893,893,893,893,893,893,33.58,29.07,32.14,43.57,39.55,41.02,52.82,30.21,29.45,35.8,36.3,35.9,33.3,35,36.4,37.4,36.2,36
"2026-10-01 14:57:00",132623,11.78,35.94,894,893,894,893,893,893,893,893,893,31.77,29.44,32.8,41.05,38.99,41.28,53.41,29.13,28.86,35.9,36.3,36,33.4,35.1,36.4,37.7,36.3,36
"2026-10-01 14:58:00",132624,11.75,35.96,894,893,894,893,893,893,893,893,893,31.35,28.77,31.55,43.01,39.29,40.46,53.96,28.87,28.33,35.9,36.4,36.1,33.4,35.1,36.4,37.9,36.3,36
"2026-10-01 14:59:00",132625,11.82,35.97,894,893,894,893,893,893,893,893,893,31.18,27.74,30.93,42.65,40.66,39.58,54.51,28.84,27.67,36,36.4,36.1,33.5,35.2,36.3,38,36.4,36
"2026-10-01 15:00:00",132626,11.8,35.98,894,893,894,893,893,893,893,893,893,31.49,27.64,30.27,41.76,41.06,38.79,47.38,29.22,28.86,36,36.4,36.1,33.5,35.2,36.3,38.1,36.4,36
"2026-10-01 15:01:00",132627,11.77,36,894,893,894,893,893,893,893,893,893,31.38,28.64,31.07,42.04,38.53,38.6,35.23,28.88,28.8,35.9,36.5,36.1,33.5,35.2,36.2,38,36.4,36
"2026-10-01 15:02:00",132628,11.75,36.01,894,893,894,893,893,893,893,893,893,31.71,26.95,30.63,39.69,36.26,37.78,31.42,29.03,29.14,35.9,36.5,36.1,33.6,35.3,36.1,37.9,36.4,36
"2026-10-01 15:03:00",132629,11.81,36.03,894,893,894,893,893,893,893,893,893,31.46,26.98,30.63,41.69,35.18,37.9,31.11,34.1,28.13,35.9,36.5,36.1,33.6,35.2,36,37.8,36.5,35.9
"2026-10-01 15:04:00",132630,11.81,36.04,894,893,894,893,893,893,893,893,893,31.72,26.75,31.88,41.38,37.41,38.33,30.09,37.53,29.71,35.9,36.5,36.1,33.7,35.3,35.9,37.8,36.6,36
"2026-10-01 15:05:00",132631,11.81,36.06,894,893,894,893,893,893,893,893,893,31.92,29.08,30.5,40.47,35.87,37.53,30.02,40.37,28.53,36,36.5,36.2,33.7,35.3,35.9,37.7,36.7,36
"2026-10-01 15:06:00",132632,11.77,36.07,894,893,894,893,893,893,893,893,893,31.65,28.29,30.9,41.8,38.25,37.45,29.81,43.08,29.3,36.1,36.6,36.2,33.8,35.4,35.9,37.7,36.9,36
"2026-10-01 15:07:00",132633,11.76,36.09,894,893,894,893,893,893,893,893,893,30.82,29.44,31,40.31,36.46,39.79,30.26,45.74,28.16,36.3,36.9,36.4,34,35.5,36,37.8,37.1,36.2
"2026-10-01 15:08:00",132634,11.8,36.1,894,893,893,893,893,893,893,893,893,30.12,26.83,30.18,39.95,34.46,37.57,30.6,45.74,27.47,36.4,36.9,36.4,34.1,35.6,36.1,37.8,37.1,36.3
"2026-10-01 15:09:00",132635,11.79,36.12,894,893,894,893,893,893,893,893,893,31.28,26.58,28.85,40.4,35.59,38.71,31.44,49.58,30.39,36.5,37,36.5,34.2,35.7,36.2,37.8,37.6,36.3
"2026-10-01 15:10:00",132636,11.77,36.13,894,893,894,893,893,893,893,893,893,31.22,28.6,30.96,41.35,36.6,40.12,30.68,51.16,30.71,36.6,37.1,36.6,34.3,35.8,36.3,37.8,37.8,36.5
"2026-10-01 15:11:00",132637,11.81,36.15,894,893,893,893,893,893,893,893,893,29.75,26.29,30.05,40.92,36.08,37.79,27.54,53.14,27.41,36.8,37.3,36.8,34.5,35.8,36.4,37.9,38.1,36.6
"2026-10-01 15:12:00",132638,11.76,36.17,894,893,893,893,893,893,893,893,893,29.11,25.58,28.47,40.03,34.98,37.5,26.81,54.77,27.29,36.8,37.4,36.9,34.6,36,36.5,37.9,38.4,36.7
"2026-10-01 15:13:00",132639,11.8,36.18,894,893,893,893,893,893,893,893,893,29.26,25,27.61,40.03,33.74,36.25,27.89,37.55,26.06,36.9,37.4,36.9,34.6,36.1,36.6,37.9,38.5,36.7
"2026-10-01 15:14:00",132640,11.75,36.2,894,893,893,893,893,893,893,893,893,28.25,24.29,27.32,40.82,34.23,37.3,27.92,29.06,27.44,36.9,37.4,36.9,34.7,36.1,36.7,37.9,38.4,36.7
"2026-10-01 15:15:00",132641,11.79,36.21,894,893,893,893,893,893,893,893,893,28.71,25.82,27.32,40.04,35.08,36.51,27.33,26.03,30.64,36.9,37.4,36.9,34.8,36.2,36.7,37.9,38.3,36.8
"2026-10-01 15:16:00",132642,11.8,36.23,894,893,893,893,893,893,893,893,893,28.81,25,28.63,40.33,34.27,36.52,27.5,26.14,33.87,36.8,37.4,37,34.8,36.2,36.7,37.8,38.2,36.8
"2026-10-01 15:17:00",132643,11.77,36.25,894,893,893,893,892,893,893,893,893,28.97,25.68,28.5,38.62,33.24,36.46,28.21,28.22,33.87,36.8,37.3,37,34.8,36.1,36.7,37.7,38.2,36.8
"2026-10-01 15:18:00",132644,11.78,36.27,894,893,893,893,892,893,893,893,893,29.28,25.69,27.92,37.39,31.09,33.49,26.84,27.15,39.05,36.8,37.3,36.9,34.8,36.1,36.7,37.6,38.1,36.9
"2026-10-01 15:19:00",132645,11.77,36.28,894,893,893,893,892,893,893,893,893,29.91,26.26,28.67,37.1,29.63,30.82,27.38,25.98,41.16,36.8,37.3,36.9,34.8,36,36.7,37.5,37.9,36.9
"2026-10-01 15:20:00",132646,11.82,36.3,894,893,893,893,892,893,893,893,893,28.29,25.73,29.07,37.21,32.05,32.92,29.15,27.89,43.06,36.8,37.3,36.9,34.9,36,36.6,37.5,37.9,37
"2026-10-01 15:21:00",132647,11.78,36.32,894,893,893,893,892,893,893,893,893,29.16,25.04,28.57,37.67,32.65,33.38,29.05,30.5,44.83,36.8,37.3,36.9,34.9,36,36.6,37.5,37.8,37.1
"2026-10-01 15:22:00",132648,11.81,36.34,893,893,893,893,892,893,893,893,893,28.2,24.68,27.53,35.9,31.67,31.88,27.11,27.62,46.42,36.9,37.4,37,35,36,36.6,37.6,37.8,37.3
"2026-10-01 15:23:00",132649,11.79,36.35,893,893,893,893,892,893,893,893,893,28.21,25.16,27.87,37.46,31.5,32.04,27.46,27.04,48.06,37,37.7,37.2,35.2,36.2,36.8,37.7,37.9,37.5
"2026-10-01 15:24:00",132650,11.78,36.37,893,893,893,893,892,893,893,893,893,29.06,25.42,28,38.52,33.44,34.11,27.41,27.77,49.37,37,37.7,37.2,35.2,36.2,36.8,37.8,37.8,37.6
"2026-10-01 15:25:00",132651,11.79,36.39,893,893,893,893,892,893,893,893,893,28.82,25.38,28.41,36.47,28.72,32.24,28.1,27.88,45.52,37,37.6,37.2,35.2,36.2,36.8,37.7,37.7,37.7
"2026-10-01 15:26:00",132652,11.78,36.41,893,893,893,893,892,893,893,893,893,29.25,25.36,27.63,37.38,31.28,33.32,28.32,27.73,37.62,36.9,37.6,37.1,35.2,36.1,36.8,37.7,37.6,37.6
"2026-10-01 15:27:00",132653,11.79,36.42,893,893,893,893,892,893,893,893,893,31.33,26.51,29.03,38.5,33.89,33.78,29.48,27.88,29.3,36.8,37.5,37.1,35.2,36.1,36.8,37.6,37.6,37.5
"2026-10-01 15:28:00",132654,11.78,36.44,893,893,893,893,892,893,893,893,892,33.81,25.99,28.56,37.97,31.26,32.86,27.57,29.08,27.81,36.8,37.4,37,35.2,36,36.7,37.5,37.5,37.4
"2026-10-01 15:29:00",132655,11.79,36.46,893,893,893,893,892,893,893,893,892,36.37,26.08,28.44,38.13,31.97,32.12,28.41,28.27,26.88,36.8,37.3,36.9,35.2,35.9,36.6,37.4,37.3,37.2
"2026-10-01 15:30:00",132656,11.76,36.48,893,893,893,893,892,893,893,893,892,38.75,26.27,27.93,36.85,30.79,31.61,27.9,27.46,28.27,36.7,37.2,36.8,35.1,35.8,36.5,37.3,37.2,37.1
"2026-10-01 15:31:00",132657,11.77,36.5,893,893,893,893,892,893,893,893,892,40.89,26.17,28.88,37.77,33.95,32.54,30.38,29.05,28.9,36.7,37.1,36.7,35,35.7,36.4,37.2,37,37
"2026-10-01 15:32:00",132658,11.81,36.52,893,893,893,893,892,893,893,893,892,42.99,27.01,30.21,39.23,34.01,35.12,30.65,30.72,29.65,36.7,37,36.6,35,35.5,36.3,37.1,36.9,36.7
"2026-10-01 15:33:00",132659,11.76,36.53,893,893,893,893,892,893,893,893,892,45.21,28.97,30.85,39.93,36.95,36.2,31.77,31.39,29.33,36.6,36.9,36.5,34.9,35.4,36.2,36.9,36.8,36.6
"2026-10-01 15:34:00",132660,11.8,36.55,893,893,893,893,892,893,893,893,892,47.02,27.22,28.95,37.52,35.41,34.68,29.26,29.64,29.33,36.6,36.8,36.4,34.8,35.3,36,36.8,36.6,36.6
"2026-10-01 15:35:00",132661,11.74,36.57,893,893,893,893,892,893,893,893,892,49.02,27.69,30.04,36.59,31.6,31.6,29.07,28.27,28.33,36.5,36.6,36.3,34.7,35.2,35.9,36.6,36.5,36.2
"2026-10-01 15:36:00",132662,11.81,36.59,893,893,893,893,892,893,893,893,892,50.95,26.84,28.72,37.03,32.19,33.88,29.35,29.16,27.09,36.5,36.6,36.2,34.7,35.1,35.8,36.5,36.4,36.1
"2026-10-01 15:37:00",132663,11.78,36.61,893,893,893,893,892,893,893,893,892,53.31,27.57,29.57,37.42,34.33,33.92,29.65,29.99,27.66,36.8,36.8,36.3,34.8,35.2,35.8,36.6,36.5,36.3
"2026-10-01 15:38:00",132664,11.78,36.63,893,893,893,893,892,893,893,893,892,35.88,26.44,28.14,37.75,36.69,34.69,29.79,29.33,27.05,36.9,37,36.5,34.9,35.4,36,36.8,36.5,36.3
"2026-10-01 15:39:00",132665,11.76,36.65,893,893,893,893,892,893,893,893,892,30.39,25.39,27.5,35.95,32.48,32.8,27.7,27.46,26.57,36.9,37,36.5,34.9,35.4,36,36.8,36.5,36.3
"2026-10-01 15:40:00",132666,11.82,36.67,893,893,893,893,892,893,893,893,892,28.67,28.85,27.2,35.08,30.77,31.37,27.28,26.48,25.73,36.9,37.1,36.5,34.9,35.4,36,36.8,36.5,36.3
"2026-10-01 15:41:00",132667,11.76,36.69,893,893,893,893,892,893,893,893,892,28.21,31.51,26.83,34.52,31.28,31.46,26.61,26.4,25.1,36.8,37.2,36.5,34.9,35.4,36,36.8,36.5,36.2
"2026-10-01 15:42:00",132668,11.77,36.71,893,893,893,893,892,893,893,893,892,27.8,33.75,26.4,34.15,29.54,31.03,26.4,25.57,25.29,36.7,37.2,36.5,34.8,35.4,36,36.8,36.5,36.2
"2026-10-01 15:43:00",132669,11.8,36.73,893,893,893,893,892,893,893,893,892,28,35.53,26.87,34.58,30.11,30.01,25.8,25.93,25.93,36.6,37.2,36.5,34.8,35.3,36,36.8,36.4,36.1
"2026-10-01 15:44:00",132670,11.82,36.75,893,893,893,893,892,893,893,893,892,27.79,37.24,27.54,34.27,30.45,30.44,27.47,27.27,26.51,36.6,37.3,36.5,34.8,35.3,35.9,36.7,36.4,36.1
"2026-10-01 15:45:00",132671,11.78,36.77,893,893,893,893,892,893,893,893,892,27.54,39.16,26.74,35.03,30.2,30.6,27.08,27.19,25.3,36.7,37.7,36.6,35,35.5,36,36.8,36.5,36.3
"2026-10-01 15:46:00",132672,11.76,36.79,893,893,893,893,892,893,893,893,892,27.52,40.81,26.74,34.87,30.88,30.65,26.04,26.02,25.15,36.7,37.9,36.7,34.9,35.6,36.1,37,36.6,36.2
"2026-10-01 15:47:00",132673,11.82,36.81,893,893,893,893,892,893,893,893,892,26.97,41.88,25.85,34.76,30.37,31.58,25.79,25.78,24.93,36.5,37.9,36.7,34.9,35.5,36.1,36.9,36.5,36.1
"2026-10-01 15:48:00",132674,11.78,36.83,893,893,893,893,892,893,893,893,892,27.09,42.78,25.66,34.09,28.71,30.42,25.44,25.37,24.42,36.4,37.8,36.6,34.8,35.4,36,36.9,36.4,36
"2026-10-01 15:49:00",132675,11.79,36.84,893,893,893,893,892,893,893,893,892,27.33,43.43,25.74,33.41,27.68,28.92,24.97,25.01,24.44,36.2,37.8,36.5,34.7,35.3,35.9,36.7,36.3,35.9
"2026-10-01 15:50:00",132676,11.77,36.86,893,893,893,893,892,893,893,893,892,27.22,42.25,25.68,32.53,29.1,29.12,25.27,24.66,24.89,36,37.7,36.3,34.5,35.2,35.8,36.5,36.2,35.7
"2026-10-01 15:51:00",132677,11.82,36.88,893,893,893,893,892,893,893,893,892,27.93,30.56,26.48,33.82,29.69,29.12,25.79,25.14,25.58,35.8,37.5,36.2,34.4,35,35.8,36.4,36,35.5
"2026-10-01 15:52:00",132678,11.8,36.9,893,893,893,893,892,893,893,893,892,28.28,28.12,28.53,35.09,31.16,30.8,26.92,27.21,26.65,35.6,37.2,36,34.2,34.8,35.4,36.2,35.9,35.4
"2026-10-01 15:53:00",132679,11.81,36.92,893,893,893,893,892,893,893,893,892,28.34,26.53,31.68,34.4,31.61,31.25,28.04,27.66,26.72,35.4,36.9,35.8,34.1,34.7,35.2,36,35.7,35.2
"2026-10-01 15:54:00",132680,11.77,36.94,893,893,893,893,892,893,893,893,892,28.9,26.5,34.63,34.14,30.67,31.64,28.15,27.11,26.72,35.1,36.7,35.6,33.9,34.5,35,35.8,35.5,35
"2026-10-01 15:55:00",132681,11.8,36.96,893,893,893,893,892,893,893,893,892,28.95,25.81,37.26,35.06,31.23,30.84,27.24,26.93,26.87,34.9,36.4,35.5,33.7,34.3,34.8,35.5,35.3,34.8
"2026-10-01 15:56:00",132682,11.8,36.98,893,893,893,893,892,893,893,893,892,29.55,26.86,39.66,34.84,31.25,31.43,27.88,27.94,27.45,34.6,36.1,35.3,33.5,34,34.5,35.2,35,34.5
"2026-10-01 15:57:00",132683,11.8,37,893,892,893,893,892,893,893,893,892,30.34,27.22,41.78,35.7,31.85,32.64,29.03,28.32,28.04,34.4,35.8,35.1,33.4,33.9,34.3,34.9,34.8,34.3
"2026-10-01 15:58:00",132684,11.8,37.02,893,892,893,893,892,893,893,893,892,30.42,28.35,43.75,36.03,32.87,33.01,29.27,28.55,28.42,34.2,35.5,35,33.2,33.7,34.1,34.7,34.7,34.1
"2026-10-01 15:59:00",132685,11.8,37.03,893,892,893,893,892,893,893,893,892,30.95,28.78,45.59,35.73,32.6,33.5,29.17,28.64,28.76,34,35.3,34.8,33,33.5,33.9,34.6,34.5,34
"2026-10-01 16:00:00",132686,11.81,37.05,893,892,893,893,892,893,893,893,892,31.38,28.4,47.31,36.7,33.1,34.03,30.06,29.67,29,33.8,35,34.7,32.9,33.3,33.7,34.3,34.3,33.8
"2026-10-01 16:01:00",132687,11.79,37.07,893,892,893,893,892,893,893,893,892,31.75,28.69,48.1,37.32,34.41,35.2,30.48,30.17,29.5,33.7,34.9,34.6,32.8,33.2,33.5,34.1,34.2,33.7
"2026-10-01 16:02:00",132688,11.77,37.09,893,893,893,893,892,893,893,893,892,32.3,29.32,50.55,37.43,35.1,35.94,31.21,30.55,29.61,33.6,34.8,34.6,32.7,33.2,33.4,34,34.1,33.6
"2026-10-01 16:03:00",132689,11.78,37.11,893,892,893,893,892,893,893,893,892,33.1,29.78,42.36,38.03,34.76,36.57,31.94,31.35,30.15,33.5,34.7,34.5,32.6,33.1,33.3,33.9,34,33.5
"2026-10-01 16:04:00",132690,11.77,37.12,893,892,893,892,892,893,893,893,892,33.34,29.92,35.48,38.55,35.83,35.91,31.65,31.29,30.5,33.4,34.6,34.3,32.5,33,33.2,33.8,33.9,33.4
"2026-10-01 16:05:00",132691,11.77,37.14,893,892,893,893,892,893,893,893,892,33.96,30.36,33.61,42.43,35.62,35.66,31.94,31.32,31.18,33.3,34.4,34.2,32.5,32.9,33.1,33.7,33.8,33.3
"2026-10-01 16:06:00",132692,11.8,37.16,893,892,893,893,892,893,893,893,892,34.92,30.51,33.48,45.84,35.2,36.38,32.17,31.61,31.46,33.2,34.3,34.1,32.4,32.8,33,33.5,33.7,33.2
"2026-10-01 16:07:00",132693,11.82,37.17,893,893,893,893,892,893,893,893,892,34.99,30.97,33.68,48.77,34.14,36.18,32.51,31.86,31.78,33.2,34.2,34,32.4,32.8,33,33.5,33.6,33.2
"2026-10-01 16:08:00",132694,11.82,37.19,893,892,893,893,892,893,893,893,892,35.7,31.46,33.76,51.06,35.92,36.9,32.85,31.95,32.08,33.1,34.1,33.9,32.4,32.7,32.9,33.4,33.6,33.1
"2026-10-01 16:09:00",132695,11.76,37.2,893,892,893,893,892,893,893,893,892,35.41,31.05,33.6,53.07,36.32,37.52,33.6,31.94,31.87,33.1,34,33.8,32.4,32.7,32.9,33.3,33.5,33
"2026-10-01 16:10:00",132696,11.8,37.22,893,892,893,893,892,893,893,893,892,35.34,31.32,33.6,54.75,35.49,37.46,33.24,32.16,31.51,33,34,33.8,32.5,32.7,32.8,33.3,33.5,33
"2026-10-01 16:11:00",132697,11.81,37.24,893,893,893,893,892,893,893,893,892,35.28,31.23,33.97,55.98,36.65,37.02,33.08,32.45,31.96,33,33.9,33.7,32.5,32.6,32.8,33.2,33.4,32.9
"2026-10-01 16:12:00",132698,11.76,37.25,893,892,893,893,892,893,893,893,892,34.89,31.65,34.15,57.61,36.87,38.3,33.3,32.56,31.94,32.9,33.8,33.6,32.5,32.5,32.7,33.1,33.4,32.9
"2026-10-01 16:13:00",132699,11.78,37.26,893,892,893,893,892,893,893,893,892,35.55,31.93,34.34,58.42,37.93,38.42,33.84,33.15,32.25,32.8,33.7,33.5,32.5,32.5,32.7,33,33.3,32.8
"2026-10-01 16:14:00",132700,11.81,37.28,893,893,893,893,892,893,893,893,892,35.72,31.84,34.27,59.27,36.6,38.62,34.32,32.91,32.58,32.7,33.6,33.4,32.5,32.4,32.6,33,33.3,32.7
"2026-10-01 16:15:00",132701,11.72,37.29,893,893,893,893,892,893,893,893,892,35.3,31.89,34.17,55.84,36.32,37.94,34.27,33.08,32.36,32.7,33.5,33.3,32.5,32.4,32.5,32.9,33.2,32.6
"2026-10-01 16:16:00",132702,11.78,37.31,893,893,893,893,892,893,893,893,892,35.38,31.7,33.89,45.39,36.25,38.25,34.2,32.32,32.34,32.6,33.4,33.2,32.4,32.3,32.5,32.8,33.1,32.6
"2026-10-01 16:17:00",132703,11.79,37.32,893,893,893,893,892,893,893,893,892,35.99,32.29,34.36,43.35,37.8,38.9,34.37,33.12,32.97,32.5,33.3,33.1,32.3,32.2,32.4,32.7,33.1,32.5
"2026-10-01 16:18:00",132704,11.78,37.33,893,893,893,893,892,893,893,893,892,36.02,31.99,35.05,42.5,40.63,38.27,34.72,33.42,33.21,32.4,33.2,33,32.2,32.2,32.3,32.6,33,32.4
"2026-10-01 16:19:00",132705,11.76,37.35,893,893,893,893,892,893,893,893,892,36.31,32.92,35.47,42.02,43.06,39.44,35.16,33.95,33.9,32.3,33.1,33,32,32.1,32.2,32.5,32.9,32.3
"2026-10-01 16:20:00",132706,11.75,37.36,893,893,893,893,892,893,893,893,892,36.13,33.2,35.91,42.49,45.17,38.21,35.04,34.08,34.6,32.2,33,32.9,31.9,32.1,32.1,32.4,32.8,32.2
"2026-10-01 16:21:00",132707,11.76,37.37,893,893,893,893,892,893,893,893,892,36.95,33.89,36.01,41.81,47,38.52,35.5,34.46,35,32.1,32.9,32.8,31.8,32,32,32.3,32.7,32.1
"2026-10-01 16:22:00",132708,11.75,37.38,893,893,893,893,892,893,893,893,892,37.58,34.56,36.53,42.46,48.6,38.55,35.77,34.96,35.29,32,32.8,32.6,31.7,32,31.9,32.2,32.6,32
"2026-10-01 16:23:00",132709,11.8,37.39,893,893,893,893,892,893,893,893,892,38.41,34.35,36.73,42.63,49.92,38.55,36.27,35.34,35.03,31.9,32.6,32.5,31.6,31.9,31.9,32.1,32.5,31.9
"2026-10-01 16:24:00",132710,11.77,37.41,893,893,893,893,892,893,893,893,892,38.8,34.57,37.09,43.18,51.28,40.41,37.76,36.44,35.79,31.8,32.5,32.4,31.4,31.8,31.7,32,32.4,31.8
"2026-10-01 16:25:00",132711,11.8,37.42,893,893,893,893,892,893,893,893,892,39.02,34.97,37.52,42.66,52.61,40.67,37.98,36.64,36.37,31.7,32.4,32.3,31.3,31.7,31.6,31.9,32.3,31.7
"2026-10-01 16:26:00",132712,11.77,37.43,893,893,893,893,892,893,893,893,892,39.38,35.35,38.21,43.08,53.81,40.13,37.9,36.86,36.8,31.6,32.3,32.2,31.2,31.7,31.5,31.7,32.1,31.6
"2026-10-01 16:27:00",132713,11.78,37.44,893,893,893,893,892,893,893,893,892,39.6,35.34,37.89,44.49,54.95,40.4,38.09,36.76,36.6,31.5,32.2,32.1,31.1,31.6,31.4,31.6,32,31.5
"2026-10-01 16:28:00",132714,11.77,37.45,893,893,893,893,892,893,893,893,892,39.62,35.58,38.6,46.3,49.46,42.27,38.68,39.3,36.97,31.4,32.1,32,31,31.5,31.3,31.5,31.9,31.4
"2026-10-01 16:29:00",132715,11.73,37.46,893,893,893,893,892,893,893,893,892,39.99,35.58,38.96,46.24,46.05,43.17,40.76,39.75,37.09,31.3,32,31.9,30.9,31.4,31.2,31.4,31.8,31.3
"2026-10-01 16:30:00",132716,11.77,37.47,893,892,893,893,892,893,893,893,892,40.47,35.74,39.14,47.43,46.74,44.66,41.36,40.32,37.42,31.2,31.9,31.8,30.8,31.2,31.2,31.3,31.7,31.2
"2026-10-01 16:31:00",132717,11.79,37.48,893,892,893,893,892,893,893,893,892,41.51,36.83,40.13,46.97,46.67,46.64,43.34,43.09,37.53,31.1,31.8,31.7,30.7,31.1,31.1,31.2,31.6,31.1
"2026-10-01 16:32:00",132718,11.83,37.48,893,892,893,893,892,893,893,893,892,42.64,37.52,40.93,48.6,48.88,48.34,44.74,44.31,39.02,31,31.7,31.5,30.6,31,31,31.1,31.5,31
"2026-10-01 16:33:00",132719,11.78,37.49,893,893,893,893,892,893,893,893,892,45.45,39.96,43.81,49.79,48.25,49.77,45.35,44.78,42.25,30.9,31.6,31.5,30.5,30.9,31,31,31.4,31
"2026-10-01 16:34:00",132720,11.8,37.5,893,893,893,893,892,893,893,893,892,46.86,40.91,44.94,50.28,48.77,51.01,44.87,44.08,43.48,30.8,31.5,31.3,30.4,30.8,30.9,30.9,31.3,30.9
"2026-10-01 16:35:00",132721,11.75,37.51,893,892,893,892,892,893,893,893,892,48.17,41.66,45.38,50.4,50.74,52.17,45.81,42.75,43.83,30.7,31.4,31.2,30.3,30.6,30.8,30.8,31.1,30.7
"2026-10-01 16:36:00",132722,11.76,37.52,893,892,893,892,892,893,893,893,892,47.44,42.03,44.94,50.6,49.3,53.24,44.91,41.72,43.54,30.6,31.2,31.1,30.2,30.5,30.8,30.6,31,30.6
"2026-10-01 16:37:00",132723,11.8,37.52,893,892,893,893,892,893,893,893,892,45.86,41.13,43.35,51.07,49.84,54.22,45.25,44.08,42.17,30.5,31.1,31,30.1,30.4,30.7,30.5,30.9,30.5
"2026-10-01 16:38:00",132724,11.77,37.53,893,892,893,893,892,893,893,893,892,46.42,40.09,43.82,49.49,51.55,55.13,46.69,45.79,40.59,30.3,31,30.8,30,30.3,30.7,30.4,30.8,30.4
"2026-10-01 16:39:00",132725,11.8,37.54,893,892,893,893,892,893,893,893,892,45.57,38.59,42.67,48.48,48.65,56.03,45.84,45.13,40.25,30.2,30.8,30.7,29.9,30.1,30.6,30.3,30.7,30.3
"2026-10-01 16:40:00",132726,11.81,37.54,893,892,893,893,892,893,893,893,892,45.52,39.01,42.55,50.86,49.43,56.86,45.78,44.34,42.53,30.1,30.7,30.6,29.8,30,30.6,30.2,30.6,30.2
"2026-10-01 16:41:00",132727,11.76,37.55,893,892,893,893,892,893,893,893,892,46.63,40.44,43.93,51.09,49.55,52.72,46.28,44.41,42.43,30,30.6,30.5,29.7,29.9,30.5,30.1,30.5,30.1
"2026-10-01 16:42:00",132728,11.78,37.55,893,892,893,892,892,893,893,893,892,48.09,41.17,45.35,52.57,51.83,52.15,46.85,44.82,44.67,29.9,30.5,30.4,29.6,29.8,30.4,30,30.4,30
"2026-10-01 16:43:00",132729,11.76,37.56,893,892,893,892,892,893,893,893,892,49.01,42.49,46.28,53.67,53.42,52.88,48.58,46.52,45.17,29.9,30.5,30.3,29.5,29.7,30.3,29.9,30.3,30
"2026-10-01 16:44:00",132730,11.78,37.56,893,892,893,892,892,893,893,893,892,50.84,44.08,48.36,53.24,53.18,52.52,50.26,45.52,46.11,29.8,30.4,30.3,29.4,29.7,30.2,29.9,30.3,29.9
"2026-10-01 16:45:00",132731,11.77,37.57,893,892,893,892,892,893,893,893,892,51.87,44.27,48.56,53.84,54.32,52.79,51.7,46.51,46.32,29.7,30.3,30.2,29.4,29.6,30.1,29.8,30.2,29.8
"2026-10-01 16:46:00",132732,11.79,37.57,893,892,893,892,892,893,893,893,892,51.35,44.56,49.02,54.37,54.32,53.23,53.03,46.85,45.53,29.6,30.2,30.1,29.3,29.5,30,29.8,30.1,29.7
"2026-10-01 16:47:00",132733,11.78,37.58,893,892,893,892,892,893,893,893,892,48.23,44.42,48.46,52.36,53.11,52.52,54.23,47.88,43.03,29.6,30.2,30,29.3,29.5,29.9,29.8,30.1,29.7
"2026-10-01 16:48:00",132734,11.77,37.58,893,892,893,892,892,893,893,893,892,46.28,40.99,44.5,55.25,56.04,52.36,55.31,47.35,43.22,29.5,30.2,30,29.2,29.5,29.9,29.8,30,29.6
"2026-10-01 16:49:00",132735,11.77,37.59,893,892,893,892,892,893,893,893,892,46.96,41.61,45.76,55.77,57.06,52.36,55.85,48.04,44.96,29.5,30.1,30,29.1,29.4,29.9,29.8,30,29.6
"2026-10-01 16:50:00",132736,11.8,37.59,893,892,893,892,892,893,893,893,892,48.08,43.88,46.7,57.13,54.33,52.36,56.73,46.61,43.65,29.5,30.1,30,29.1,29.4,29.9,29.8,30,29.6
"2026-10-01 16:51:00",132737,11.82,37.59,893,892,893,892,892,893,893,893,892,49.38,44.77,47.77,55.28,54.33,51.01,58.09,48.62,44.57,29.5,30.1,29.9,29.1,29.4,29.7,29.9,29.9,29.5
"2026-10-01 16:52:00",132738,11.75,37.6,893,892,893,892,892,893,893,893,892,50.9,44.42,47.77,51.25,53.07,50.75,58.86,47.78,45.78,29.4,30.1,29.9,29,29.4,29.6,29.9,29.9,29.5
"2026-10-01 16:53:00",132739,11.78,37.6,893,892,893,892,892,893,893,893,892,51.83,43.65,47.77,51.54,52.81,51.41,54.44,47.56,45.93,29.4,30.1,29.9,28.9,29.3,29.5,29.9,29.8,29.5
"2026-10-01 16:54:00",132740,11.78,37.6,893,892,893,892,892,893,893,893,892,50.71,43.94,47.76,51.79,52.45,51.24,50.4,48.47,46.96,29.4,30.1,29.9,28.9,29.3,29.5,29.8,29.8,29.5
"2026-10-01 16:55:00",132741,11.77,37.6,893,892,893,892,892,893,893,893,892,49.66,43.76,48.39,52.27,51.65,51.02,49.67,50,45.86,29.4,30,29.9,28.8,29.2,29.4,29.8,29.8,29.4
"2026-10-01 16:56:00",132742,11.76,37.61,893,892,893,892,892,893,893,893,892,50.25,43.87,48.45,52.38,51.74,50.85,49.74,51.09,46.36,29.3,30,29.8,28.8,29.2,29.4,29.7,29.8,29.4
"2026-10-01 16:57:00",132743,11.82,37.61,893,892,893,892,892,893,893,893,892,51.84,44.28,47.78,53.16,53.47,51.86,49.61,52.05,46.64,29.3,30,29.8,28.7,29.2,29.3,29.7,29.8,29.4
"2026-10-01 16:58:00",132744,11.75,37.61,893,892,893,893,892,893,893,893,892,51.04,45.64,48.17,54.61,55.54,54.15,53.79,52.82,50.79,29.3,30,29.8,28.7,29.2,29.3,29.6,29.7,29.4
"2026-10-01 16:59:00",132745,11.78,37.61,893,892,893,893,892,893,893,893,892,53.63,46.76,51.53,54.58,55.45,54.18,52.54,53.64,51.5,29.2,29.9,29.8,28.6,29.1,29.2,29.6,29.7,29.3
"2026-10-01 17:00:00",132746,11.81,37.61,893,892,893,893,892,893,893,893,892,53.97,46.51,50.97,57.43,57.01,56.01,54.15,54.28,49.8,29.2,29.9,29.8,28.6,29.1,29.2,29.6,29.7,29.3
"2026-10-01 17:01:00",132747,11.81,37.61,893,892,893,893,892,893,893,893,892,52.86,46.37,50.46,58.65,59.36,57.17,53.64,55.01,49.14,29.2,29.9,29.7,28.6,29.1,29.1,29.5,29.7,29.3
"2026-10-01 17:02:00",132748,11.77,37.61,893,893,893,893,892,893,893,893,892,53.72,46.38,49.26,58.59,58.79,56.05,52.31,55.01,48.34,29.1,29.8,29.7,28.5,29.1,29.1,29.5,29.7,29.2
"2026-10-01 17:03:00",132749,11.8,37.61,893,893,893,893,892,893,893,893,892,54.2,46.24,49.94,57.27,56.23,54.83,50.95,56.38,48.55,29.1,29.8,29.7,28.5,29,29.1,29.4,29.7,29.2
"2026-10-01 17:04:00",132750,11.76,37.62,893,893,893,893,892,893,893,893,892,54.12,46.17,50.14,57.27,56.25,55.19,50.95,56.97,48.7,29.1,29.8,29.7,28.5,29,29.1,29.4,29.7,29.2
"2026-10-01 17:05:00",132751,11.79,37.61,893,893,893,893,892,893,893,893,892,54.21,46.45,50.4,56.22,55.87,54.84,51.26,56.5,48.51,29.1,29.8,29.6,28.5,29,29,29.4,29.7,29.1
"2026-10-01 17:06:00",132752,11.77,37.61,893,893,893,893,892,893,893,893,892,50.98,45.65,48.45,55.59,56.12,55.1,51.2,51.88,47.92,29.1,29.7,29.6,28.5,29,29,29.3,29.6,29.1
"2026-10-01 17:07:00",132753,11.78,37.61,893,893,893,893,892,893,893,893,892,48.36,41.85,45.49,53.46,53.24,53,48.74,48.14,47.02,29.1,29.7,29.6,28.5,28.9,29,29.3,29.6,29.1
"2026-10-01 17:08:00",132754,11.77,37.61,893,893,893,893,892,893,893,893,892,47.22,41.12,44.78,51.72,50.99,51.42,47.2,45.67,48.68,29,29.6,29.6,28.4,28.9,29,29.3,29.6,29.1
"2026-10-01 17:09:00",132755,11.78,37.61,893,893,893,893,892,893,893,893,892,46.28,40.67,43.83,50.64,50,50.05,45.62,44.39,50.12,29,29.6,29.6,28.4,28.9,29,29.2,29.5,29.1
"2026-10-01 17:10:00",132756,11.78,37.61,893,893,893,893,892,893,893,893,892,44.68,39.8,42.6,50.57,48.59,48.5,44.86,43.16,51.46,29,29.6,29.5,28.4,28.8,28.9,29.2,29.5,29.1
"2026-10-01 17:11:00",132757,11.82,37.61,893,893,893,893,892,893,893,893,892,44.18,39.8,41.96,48.97,48.59,47.74,43.67,42.52,52.59,29,29.6,29.5,28.4,28.8,28.9,29.2,29.5,29.1
"2026-10-01 17:12:00",132758,11.82,37.61,893,893,893,893,892,893,893,893,892,45.05,39.46,42.02,48.75,47.33,47.47,43.49,42.61,53.62,29,29.5,29.5,28.4,28.8,28.9,29.2,29.5,29.1
"2026-10-01 17:13:00",132759,11.77,37.61,893,893,893,893,892,893,893,893,892,44.7,39.83,42.14,48.57,46.74,46.74,43.43,42.04,54.59,29,29.5,29.5,28.3,28.8,28.9,29.1,29.4,29.1
"2026-10-01 17:14:00",132760,11.78,37.61,893,893,893,893,892,893,893,893,892,44.12,39.64,42.1,48.44,46.81,46.95,43.19,41.9,55.41,29,29.5,29.5,28.3,28.8,28.9,29.1,29.4,29.1
"2026-10-01 17:15:00",132761,11.81,37.61,893,893,893,893,892,893,893,893,892,44.29,39.6,42.15,48.48,46.74,46.77,43,41.88,56.15,29,29.5,29.5,28.3,28.7,28.8,29.1,29.4,29.1
"2026-10-01 17:16:00",132762,11.77,37.6,894,893,893,893,892,893,893,893,892,44.06,39.72,42.16,48.53,46.91,46.71,42.86,41.63,56.88,28.9,29.4,29.5,28.3,28.7,28.8,29,29.3,29.1
"2026-10-01 17:17:00",132763,11.76,37.6,893,893,893,893,892,893,893,893,892,44.22,39.86,42.4,48.47,46.91,46.81,43.24,42.26,57.53,28.9,29.4,29.5,28.2,28.7,28.8,29,29.3,29.1
"2026-10-01 17:18:00",132764,11.8,37.6,893,893,893,893,892,893,893,893,892,44.96,40.06,42.61,48.47,47.74,46.98,43.44,42.16,49.65,28.9,29.4,29.4,28.2,28.6,28.7,29,29.3,29
"2026-10-01 17:19:00",132765,11.8,37.6,893,893,893,893,892,893,893,893,892,45.18,40.54,43.08,48.71,46.97,47,43.56,42.53,45.42,28.8,29.3,29.4,28.2,28.6,28.7,28.9,29.2,29
"2026-10-01 17:20:00",132766,11.78,37.59,893,893,893,893,892,893,893,893,892,46.93,40.25,42.74,48.87,47.17,46.97,43.61,42.57,44.3,28.8,29.3,29.4,28.1,28.5,28.7,28.9,29.2,28.9
"2026-10-01 17:21:00",132767,11.74,37.59,893,893,893,893,892,893,893,893,892,48.8,40.7,42.99,49.29,47.81,47.23,44.04,42.93,43.63,28.7,29.2,29.3,28.1,28.5,28.6,28.8,29.1,28.8
"2026-10-01 17:22:00",132768,11.77,37.59,893,893,893,893,892,893,893,893,892,50.62,40.92,43.52,49.63,48.36,47.72,44.53,43.36,43.91,28.7,29.1,29.3,28,28.4,28.6,28.8,29.1,28.7
"2026-10-01 17:23:00",132769,11.77,37.58,893,893,893,893,892,893,893,893,892,52.24,41.02,43.54,49.69,48.38,48.02,44.74,43.12,43.82,28.6,29.1,29.2,28,28.4,28.5,28.7,29,28.7
"2026-10-01 17:24:00",132770,11.82,37.58,894,893,893,893,892,893,893,893,892,53.92,40.96,43.65,50.04,48.38,48.05,44.77,43.33,43.54,28.5,29,29.1,27.9,28.4,28.4,28.6,29,28.6
"2026-10-01 17:25:00",132771,11.8,37.57,893,893,893,893,892,893,893,893,892,55.62,41.16,43.79,50.05,48.75,47.92,44.78,43.37,43.7,28.5,28.9,29,27.8,28.2,28.4,28.5,28.9,28.5
"2026-10-01 17:26:00",132772,11.77,37.57,893,893,893,893,892,893,893,893,892,57.29,41.58,44.03,50.37,49,48.09,45.01,43.37,44.06,28.4,28.8,29,27.7,28.1,28.3,28.4,28.9,28.4
"2026-10-01 17:27:00",132773,11.76,37.56,893,893,893,893,892,893,893,893,892,58.83,41.38,44.01,50.37,49.19,48.36,45.87,44.3,44.32,28.3,28.7,28.9,27.7,28,28.2,28.4,28.7,28.3
"2026-10-01 17:28:00",132774,11.77,37.56,894,893,893,893,892,893,893,893,892,60.41,41.73,44.7,50.16,49.27,48.43,45.92,44.25,44.64,28.2,28.7,28.8,27.6,27.9,28.1,28.3,28.7,28.2
"2026-10-01 17:29:00",132775,11.76,37.55,894,893,893,893,892,893,893,893,892,62.04,42.3,45.16,50.82,49.44,48.59,46.35,44.99,44.78,28.1,28.6,28.7,27.5,27.9,28,28.1,28.6,28.1
"2026-10-01 17:30:00",132776,11.78,37.55,893,893,893,893,892,893,893,893,892,58.46,42.66,45.12,50.68,50.54,49.66,47.35,44.99,45.17,28,28.5,28.6,27.4,27.7,27.9,28,28.6,28
"2026-10-01 17:31:00",132777,11.73,37.54,893,893,893,893,892,893,893,893,892,52.18,42.71,45.77,50.71,50.58,49.65,46.95,45.52,45.33,27.9,28.4,28.6,27.3,27.6,27.8,27.9,28.4,27.9
"2026-10-01 17:32:00",132778,11.82,37.54,893,893,893,893,892,893,893,893,892,50.48,43.14,45.53,50.64,50.33,49.7,46.54,45.26,45.05,27.8,28.3,28.5,27.2,27.5,27.7,27.8,28.3,27.8
"2026-10-01 17:33:00",132779,11.79,37.53,894,893,893,893,892,893,893,893,892,50.25,44.95,45.79,51.05,50.96,50.35,47.35,45.6,44.93,27.6,28.2,28.4,27.1,27.4,27.6,27.7,28.2,27.7
"2026-10-01 17:34:00",132780,11.78,37.53,893,893,893,893,892,893,893,893,892,49.67,46.88,45.78,50.93,50.45,50.08,47.07,45.29,44.66,27.6,28.1,28.3,27,27.3,27.5,27.6,28.1,27.6
"2026-10-01 17:35:00",132781,11.82,37.52,893,893,893,893,892,893,893,893,892,49.92,47.82,45.56,50.93,50.33,49.86,46.59,45.06,44.82,27.5,28,28.2,26.9,27.2,27.4,27.5,28,27.5
"2026-10-01 17:36:00",132782,11.78,37.51,894,893,893,893,892,893,893,893,892,49.97,49,45.8,51.46,50.64,50.03,47,45.11,45.24,27.4,27.9,28.1,26.8,27.1,27.3,27.4,28,27.4
"2026-10-01 17:37:00",132783,11.77,37.51,894,893,893,893,892,893,893,893,892,50.61,50.17,46.35,51.7,51.36,50.62,47.56,45.67,45.9,27.3,27.9,28,26.7,27,27.2,27.3,27.8,27.4
"2026-10-01 17:38:00",132784,11.79,37.5,894,893,893,893,892,893,893,893,892,51.03,51.26,46.72,52.45,52.26,51.36,48.69,45.67,46.48,27.2,27.8,28,26.6,26.9,27.1,27.2,27.8,27.3
"2026-10-01 17:39:00",132785,11.78,37.49,894,893,893,893,892,893,893,893,892,51.9,52.12,47.04,52.9,52.91,52.03,49.39,48,46.75,27.1,27.7,27.9,26.5,26.9,27,27.2,27.7,27.3
"2026-10-01 17:40:00",132786,11.76,37.48,894,893,893,893,892,893,893,893,892,52.18,52.96,47.91,53.21,52.55,52.07,49.35,47.81,46.75,27.1,27.7,27.9,26.5,26.8,27,27.1,27.7,27.3
"2026-10-01 17:41:00",132787,11.81,37.48,894,893,893,893,892,893,893,893,892,52.43,53.57,48.31,53.21,52.8,52.33,49.23,47.59,47.38,27.1,27.6,27.9,26.4,26.7,26.9,27.1,27.6,27.2
"2026-10-01 17:42:00",132788,11.79,37.47,894,893,893,893,892,893,893,893,892,52.29,54.46,48.3,53.96,53.98,53.01,50.57,48.7,48.3,27,27.6,27.9,26.4,26.7,26.8,27,27.6,27.2
"2026-10-01 17:43:00",132789,11.79,37.46,894,893,893,893,892,893,893,893,892,53.12,50.67,49.65,54.25,54.08,53.58,50.66,48.63,48.55,27,27.5,27.8,26.3,26.6,26.8,27,27.6,27.2
"2026-10-01 17:44:00",132790,11.8,37.45,894,893,893,893,892,893,893,893,892,54.65,49.06,49.96,55.08,54.88,54.12,51.45,50.26,48.31,27,27.5,27.8,26.2,26.6,26.8,26.9,27.5,27.2
"2026-10-01 17:45:00",132791,11.75,37.44,894,893,893,893,892,893,893,893,892,54.82,48.91,50.95,54.47,54.08,54.25,51.32,49.05,48.31,27,27.4,27.8,26.2,26.5,26.7,26.9,27.5,27.2
"2026-10-01 17:46:00",132792,11.8,37.43,894,893,893,893,892,893,893,893,892,55.02,48.72,52.44,54.91,54.44,54.25,51.15,49.74,49.24,27,27.3,27.8,26.1,26.5,26.6,26.8,27.5,27.2
"2026-10-01 17:47:00",132793,11.8,37.42,894,893,893,893,892,893,893,893,892,53.62,47.4,53.72,55.92,55.62,54.83,51.84,49.87,49.16,26.9,27.3,27.7,26.1,26.5,26.6,26.8,27.5,27.1
"2026-10-01 17:48:00",132794,11.77,37.41,894,893,893,893,892,893,893,893,892,53.08,46.94,54.35,55.26,55.5,54.57,52.07,49.72,48.4,26.9,27.2,27.7,26,26.4,26.5,26.7,27.4,27.1
"2026-10-01 17:49:00",132795,11.78,37.4,894,893,893,893,892,893,893,893,892,52.1,46.94,56.03,55.02,55.13,54.37,51.69,49.26,47.62,26.9,27.1,27.7,25.9,26.3,26.5,26.7,27.4,27.1
"2026-10-01 17:50:00",132796,11.8,37.39,894,893,893,893,892,893,893,893,892,51.85,46.43,57.05,55.21,54.87,54.08,51.57,49.35,47.41,26.8,27,27.6,25.9,26.3,26.4,26.6,27.3,27
"2026-10-01 17:51:00",132797,11.78,37.38,894,893,893,893,892,893,893,893,892,51.84,46.8,57.93,55.28,54.92,53.91,51.57,49.2,47.34,26.8,27,27.5,25.8,26.2,26.3,26.5,27.2,26.9
"2026-10-01 17:52:00",132798,11.77,37.38,894,893,893,893,892,893,893,893,892,52.24,46.36,58.8,55.08,54.61,53.83,51.07,48.82,47.32,26.7,26.9,27.5,25.7,26.1,26.3,26.4,27.1,26.8
"2026-10-01 17:53:00",132799,11.8,37.36,894,893,893,893,892,893,893,893,892,52.13,46.93,59.55,54.25,54.29,53.47,50.58,48.36,47.05,26.6,26.8,27.4,25.6,26,26.2,26.3,27,26.8
"2026-10-01 17:54:00",132800,11.82,37.35,894,893,893,893,892,893,893,893,892,52.27,46.75,60.35,54.49,54.31,53.53,51.37,48.82,47.42,26.5,26.7,27.3,25.5,26,26.1,26.2,27,26.7
"2026-10-01 17:55:00",132801,11.78,37.34,894,893,893,893,892,893,893,893,892,52.45,47.28,60.24,54.81,54.99,53.9,51.3,49.07,47.8,26.5,26.6,27.2,25.5,25.9,26,26.1,26.9,26.6
"2026-10-01 17:56:00",132802,11.81,37.33,894,893,893,893,892,893,893,893,892,53.93,48.08,54.15,55.35,55.39,54.13,51.49,49.27,48.63,26.4,26.6,27.1,25.4,25.8,25.9,26.1,26.8,26.5
"2026-10-01 17:57:00",132803,11.76,37.32,894,893,893,893,892,893,893,893,892,55.25,49.01,52.91,56.67,56.11,54.84,52.26,50.18,49.18,26.3,26.5,27,25.3,25.7,25.8,26,26.7,26.4
"2026-10-01 17:58:00",132804,11.77,37.31,894,893,893,893,892,893,893,893,892,56.36,49.14,53.05,58.28,56.74,55.52,52.99,51.08,50.35,26.2,26.4,26.8,25.2,25.6,25.7,25.9,26.6,26.3
"2026-10-01 17:59:00",132805,11.82,37.3,894,893,893,893,892,893,893,893,892,57.72,49.86,53.42,59.97,57.53,56.26,54.01,52.13,51.24,26,26.3,26.7,25.2,25.5,25.6,25.8,26.5,26.1
"2026-10-01 18:00:00",132806,11.82,37.29,894,893,893,893,892,893,893,893,892,57.74,50.7,54.34,61.31,58.29,56.92,54.66,52.87,51.54,25.9,26.2,26.6,25.1,25.4,25.5,25.7,26.4,26
"2026-10-01 18:01:00",132807,11.77,37.28,894,893,893,893,892,893,893,893,892,58.71,51.18,54.57,62.61,58.78,57.18,55.33,53.23,52.14,25.8,26.1,26.5,25,25.3,25.5,25.5,26.3,25.9
"2026-10-01 18:02:00",132808,11.81,37.26,894,893,893,893,892,893,893,893,892,58.8,50.65,54.45,63.41,59.7,57.79,55.64,53.99,52.55,25.7,26,26.4,24.9,25.3,25.4,25.4,26.2,25.8
"2026-10-01 18:03:00",132809,11.78,37.25,894,893,893,893,892,893,893,893,892,60.03,51.58,54.91,63.95,60.37,58.07,55.75,54.25,53.06,25.6,25.8,26.2,24.9,25.2,25.3,25.3,26.1,25.6
"2026-10-01 18:04:00",132810,11.78,37.24,894,893,893,893,892,893,893,893,892,59.88,51.74,55.72,65.53,61.36,58.5,55.92,54.3,53.34,25.4,25.7,26.1,24.8,25,25.2,25.2,26,25.5
"2026-10-01 18:05:00",132811,11.78,37.23,894,893,893,893,892,893,893,893,892,61.51,52.62,56.11,65.91,64.56,59.07,56.48,54.41,53.6,25.3,25.6,26,24.7,25,25.1,25.1,25.8,25.4
"2026-10-01 18:06:00",132812,11.78,37.21,894,893,893,893,893,893,893,893,892,62.35,53.11,56.66,66.66,65.97,60.48,57.09,55.59,53.8,25.2,25.5,25.9,24.6,24.9,25,25,25.7,25.3
"2026-10-01 18:07:00",132813,11.75,37.2,894,893,893,893,892,893,893,893,892,64.77,53.65,59.51,67.29,66.47,61.69,59.28,58.23,56.56,25.1,25.4,25.8,24.5,24.7,24.9,24.9,25.6,25.1
"2026-10-01 18:08:00",132814,11.75,37.19,894,893,893,893,893,893,893,893,892,69.82,57.11,62.47,69.09,70.03,63.68,61.47,60,57.55,24.9,25.3,25.6,24.4,24.6,24.8,24.8,25.5,25
"2026-10-01 18:09:00",132815,11.73,37.17,894,893,893,893,893,893,893,893,892,74,58.67,63.73,68.24,71.97,65.34,63.15,61.61,58.44,24.8,25.1,25.4,24.3,24.5,24.7,24.6,25.3,24.8
"2026-10-01 18:10:00",132816,11.76,37.16,894,893,893,893,893,893,893,893,892,75.12,58.86,64.09,68.71,71.43,66.29,64.29,62.35,59.5,24.6,25,25.3,24.2,24.4,24.6,24.5,25.2,24.7
"2026-10-01 18:11:00",132817,11.79,37.14,894,893,893,893,893,893,893,893,892,75.54,58.99,64.02,68.91,71.46,66.99,65.57,63.73,60.73,24.5,24.9,25.1,24.1,24.2,24.5,24.3,25,24.5
"2026-10-01 18:12:00",132818,11.82,37.13,894,893,894,893,893,893,893,893,893,77.04,59.73,64.71,68.72,71.69,67.06,65.74,64.57,61.34,24.3,24.7,25,23.9,24.1,24.3,24.2,24.9,24.4
"2026-10-01 18:13:00",132819,11.74,37.11,894,893,894,893,893,893,893,893,892,78.61,60.63,65.76,69.44,72.19,67.31,65.84,65.27,62.24,24.2,24.5,24.8,23.8,23.9,24.2,24.1,24.7,24.3
"2026-10-01 18:14:00",132820,11.77,37.1,894,893,894,893,893,893,893,893,893,79.73,60.95,66.42,70.15,72.74,68.43,67.06,66.82,62.69,24,24.4,24.7,23.7,23.8,24.1,23.9,24.6,24.1
"2026-10-01 18:15:00",132821,11.81,37.08,894,893,894,893,893,893,893,893,892,79.86,61.25,66.67,70.58,73.37,68.9,67.71,67.53,62.99,23.9,24.3,24.5,23.6,23.7,23.9,23.8,24.5,24
"2026-10-01 18:16:00",132822,11.79,37.06,894,893,894,893,893,893,893,893,892,79.69,61.38,66.71,70.54,74.14,69.3,67.92,67.51,63.82,23.8,24.2,24.4,23.5,23.5,23.8,23.7,24.4,23.9
"2026-10-01 18:17:00",132823,11.82,37.05,894,893,894,893,893,893,893,893,892,79.76,61.14,66.61,70.72,74.74,69.73,68.28,67.97,63.36,23.6,24.1,24.3,23.4,23.4,23.7,23.6,24.2,23.8
"2026-10-01 18:18:00",132824,11.75,37.03,894,893,894,893,893,893,893,893,893,80.2,61.16,67.39,71.07,75.57,70.14,68.62,68.32,62.97,23.5,24,24.2,23.3,23.3,23.6,23.4,24.1,23.6
"2026-10-01 18:19:00",132825,11.81,37.01,894,893,894,893,893,893,893,893,893,83.4,62.41,68.6,71.63,76.37,70.5,69.01,69.45,63.4,23.5,23.9,24.1,23.3,23.2,23.5,23.3,24,23.5
"2026-10-01 18:20:00",132826,11.75,36.99,894,893,894,893,893,893,893,893,893,84.2,63.04,68.82,71.86,77.34,71.11,69.69,70.03,63.07,23.3,23.8,24,23.2,23,23.4,23.2,23.9,23.5
"2026-10-01 18:21:00",132827,11.79,36.98,894,893,894,893,893,893,893,893,893,84.9,63.57,69.97,71.89,78.14,71.03,69.81,70.32,65.2,23.2,23.6,23.8,23.1,23,23.3,23.1,23.8,23.4
"2026-10-01 18:22:00",132828,11.8,36.96,894,893,894,893,893,893,893,893,893,85.8,63.8,70.23,72.59,79.79,72.06,70.77,71.63,66.15,23.1,23.5,23.7,23,22.9,23.2,23,23.7,23.3
"2026-10-01 18:23:00",132829,11.82,36.94,894,893,894,893,893,893,893,893,893,87,64.37,70.66,72.66,79.72,72.42,70.94,71.98,66.31,23,23.4,23.6,22.9,22.8,23.1,23,23.6,23.2
"2026-10-01 18:24:00",132830,11.8,36.92,894,893,894,893,893,893,893,893,893,87.5,64.96,70.81,73.34,80.6,72.83,71.83,72.49,67.45,22.9,23.3,23.5,22.9,22.7,23.1,22.9,23.5,23.1
"2026-10-01 18:25:00",132831,11.75,36.9,894,893,894,893,893,893,893,893,893,88.1,65.42,71.62,73.97,81.4,73.2,72.06,73.12,68.02,22.8,23.3,23.4,22.8,22.7,23,22.8,23.4,23
"2026-10-01 18:26:00",132832,11.77,36.88,894,893,894,893,893,893,893,893,893,87.9,64.99,71.54,74.16,82.4,73.56,72.69,73.66,68.6,22.8,23.2,23.3,22.7,22.6,22.9,22.7,23.3,22.9
"2026-10-01 18:27:00",132833,11.8,36.86,894,893,894,893,893,893,893,893,893,89.4,65.97,71.84,74.34,82.4,73.93,72.68,73.36,68.82,22.7,23.1,23.3,22.6,22.6,22.8,22.6,23.3,22.8
"2026-10-01 18:28:00",132834,11.79,36.84,894,893,894,893,893,893,893,893,893,90.6,66.07,72.22,73.92,82.1,74.26,72.49,73.53,68.79,22.6,23,23.2,22.6,22.5,22.7,22.5,23.2,22.7
"2026-10-01 18:29:00",132835,11.76,36.81,894,893,894,893,893,893,893,893,893,90.7,66.36,72.21,73.55,82.5,74.69,73.36,74.17,69,22.5,22.9,23.1,22.5,22.4,22.7,22.4,23.1,22.6
"2026-10-01 18:30:00",132836,11.77,36.79,894,893,894,893,893,893,894,893,893,90.3,66.8,72.21,73.42,82.1,75.1,72.85,73.79,69,22.5,22.8,23,22.5,22.4,22.6,22.4,23,22.6
"2026-10-01 18:31:00",132837,11.81,36.77,894,893,894,893,893,893,894,893,893,89.5,66.23,71.91,73.25,81.3,75.53,72.64,73.92,68.55,22.4,22.8,23,22.4,22.3,22.5,22.3,22.9,22.5
"2026-10-01 18:32:00",132838,11.74,36.75,894,893,894,893,893,893,894,893,893,89.1,66.2,71.6,73.43,80.6,76.03,72.77,74.88,68.45,22.3,22.7,22.9,22.3,22.3,22.4,22.2,22.9,22.4
"2026-10-01 18:33:00",132839,11.77,36.73,894,893,894,893,893,893,893,893,893,89.7,66.4,72.61,75,83.1,76.62,74.71,76.81,69.48,22.3,22.6,22.8,22.3,22.2,22.4,22.2,22.8,22.4
"2026-10-01 18:34:00",132840,11.72,36.7,894,893,894,893,893,893,894,893,893,91.4,67.79,74.54,75.64,84.8,77.29,75.74,78.54,70.78,22.2,22.6,22.8,22.2,22.2,22.3,22.1,22.7,22.3
"2026-10-01 18:35:00",132841,11.81,36.68,894,893,894,893,893,893,894,893,893,92.8,67.8,74.48,76,85.3,77.62,76.07,78.23,70.74,22.2,22.5,22.8,22.2,22.1,22.2,22,22.7,22.3
"2026-10-01 18:36:00",132842,11.81,36.65,894,893,894,893,893,893,893,894,893,93.9,68.6,74.57,75.9,84.3,76.94,76.52,77.8,70.32,22.1,22.5,22.7,22.1,22.1,22.2,22,22.6,22.2
"2026-10-01 18:37:00",132843,11.79,36.63,894,893,894,893,893,893,894,894,893,95.8,69.41,76,77.06,85.5,77.65,77.07,77.14,71.65,22.1,22.4,22.7,22.1,22.1,22.1,21.9,22.6,22.2
"2026-10-01 18:38:00",132844,11.79,36.61,894,893,894,893,893,893,894,893,893,96.8,70.47,76.62,77.41,87.1,78.91,77.28,79.16,73.14,22,22.4,22.6,22.1,22.1,22.1,21.9,22.5,22.2
"2026-10-01 18:39:00",132845,11.77,36.58,894,893,894,893,893,894,894,894,893,96.1,69.89,76.5,77.72,87,78.89,77.89,79.55,72.95,22,22.4,22.6,22,22,22.1,21.9,22.5,22.1
"2026-10-01 18:40:00",132846,11.8,36.56,894,893,894,893,893,894,894,894,893,96.9,70.21,76.62,77.65,86.4,78.57,78.38,78.9,72.16,22,22.3,22.5,22,22,22,21.8,22.4,22.1
"2026-10-01 18:41:00",132847,11.77,36.53,894,893,894,893,893,894,894,894,893,95.4,69.78,76.48,77.96,87.2,79.08,78.6,79.71,72.63,21.9,22.3,22.5,22,22,22,21.8,22.4,22
"2026-10-01 18:42:00",132848,11.82,36.51,894,893,894,893,893,894,894,894,893,97,70.65,76.9,78.02,87.1,79.19,79.24,79.89,73.23,21.9,22.3,22.5,21.9,22,22,21.8,22.4,22
"2026-10-01 18:43:00",132849,11.81,36.48,894,893,894,893,893,894,894,894,893,96,70.42,76.08,77.99,87,78.55,79.46,78.85,72.11,21.9,22.2,22.5,21.9,21.9,22,21.7,22.3,22
"2026-10-01 18:44:00",132850,11.81,36.46,894,893,894,893,893,894,894,894,893,96.6,70.89,76.79,77.9,86.4,78.86,80.3,79.63,72.52,21.9,22.2,22.5,21.9,21.9,22,21.7,22.3,22
"2026-10-01 18:45:00",132851,11.76,36.43,895,893,894,894,893,894,894,894,893,97.5,70.77,77.16,78.9,86.5,78.94,80.6,80,72.9,21.9,22.2,22.5,21.9,21.9,22,21.7,22.3,22
"2026-10-01 18:46:00",132852,11.78,36.4,895,893,894,894,893,894,894,894,893,95.5,69.49,77.74,78.97,88.1,79.79,80,78.55,71.57,21.9,22.2,22.4,21.8,21.9,22,21.7,22.3,22
"2026-10-01 18:47:00",132853,11.76,36.38,895,894,894,894,893,894,894,894,893,93.4,68.17,74.75,76.26,86.2,78.01,76.64,77.23,69.54,21.9,22.2,22.4,21.8,21.9,21.9,21.7,22.3,22
"2026-10-01 18:48:00",132854,11.76,36.35,895,894,894,894,893,894,894,894,893,87.3,66.08,72.19,74.43,83,76.8,74.5,78.09,67.52,21.9,22.2,22.5,21.8,21.9,22,21.7,22.3,22
"2026-10-01 18:49:00",132855,11.77,36.32,895,894,894,894,893,894,894,894,893,80.3,62.58,68.72,73.05,80.7,73.63,70.5,80.5,64.99,22,22.3,22.5,21.8,21.9,22,21.7,22.4,22.1
"2026-10-01 18:50:00",132856,11.77,36.3,894,893,894,894,893,894,894,894,893,78.66,61.45,66.13,71.74,79.35,73.32,70.18,81.9,64.99,22.1,22.4,22.6,21.8,21.9,22,21.8,22.5,22.1
"2026-10-01 18:51:00",132857,11.81,36.27,894,893,894,894,893,894,894,894,893,73.54,59.54,64.47,70.45,76.62,72.18,67.99,82.4,60.56,22.2,22.5,22.7,21.9,21.9,22.1,21.9,22.5,22.3
"2026-10-01 18:52:00",132858,11.76,36.24,895,894,894,894,893,894,894,894,893,74.22,58.83,62.74,69.43,74.47,70.16,65.99,83.7,60.4,22.4,22.7,22.9,21.9,22,22.2,22,22.7,22.4
"2026-10-01 18:53:00",132859,11.82,36.21,895,894,894,894,893,894,894,894,893,73.74,58.1,63.39,69.11,74.93,70.62,66.41,83.7,60.8,22.5,22.8,23,22,22.1,22.3,22.1,22.8,22.6
"2026-10-01 18:54:00",132860,11.82,36.19,895,894,894,894,893,894,894,894,893,74.72,58.38,63.66,68.26,74.45,70.48,65.07,83.9,60.05,22.6,22.9,23.1,22,22.1,22.4,22.2,22.9,22.7
"2026-10-01 18:55:00",132861,11.77,36.16,894,893,894,894,893,894,894,894,893,72.18,57.27,63.29,68.53,73.77,69.58,65.64,83.9,59.23,22.7,23,23.3,22.1,22.2,22.5,22.4,22.9,22.8
"2026-10-01 18:56:00",132862,11.81,36.13,894,894,894,894,893,894,894,894,893,71.87,57.33,62.62,67.23,72.75,68.45,64.45,84.1,58.95,22.8,23.2,23.3,22.1,22.3,22.6,22.5,23,22.9
"2026-10-01 18:57:00",132863,11.8,36.1,894,893,894,894,893,894,894,894,893,70.41,57.03,61.75,66.98,72.05,67.5,63.93,84.2,58.3,22.9,23.3,23.4,22.2,22.4,22.6,22.6,23.1,23
"2026-10-01 18:58:00",132864,11.8,36.07,895,894,894,894,893,894,894,894,893,69.44,56.71,61.56,66.26,70.56,67.13,63.7,73.77,57.89,23,23.3,23.5,22.3,22.5,22.7,22.6,23.2,23.1
"2026-10-01 18:59:00",132865,11.79,36.05,895,894,894,894,893,894,894,894,893,68.82,56.15,60.83,65.57,69.86,66.55,63.31,68.52,57.7,23,23.4,23.6,22.3,22.5,22.8,22.7,23.3,23.2
"2026-10-01 19:00:00",132866,11.79,36.02,895,894,894,894,893,894,894,894,893,68,55.62,60.05,64.99,68.39,66.45,62.25,66.07,58.61,23.1,23.5,23.6,22.4,22.6,22.8,22.8,23.3,23.3
"2026-10-01 19:01:00",132867,11.77,35.99,895,894,894,894,893,894,894,894,893,68.31,55.5,60.17,64.88,68.42,65.83,62.24,64.94,59.66,23.1,23.5,23.7,22.5,22.7,22.9,22.9,23.3,23.3
"2026-10-01 19:02:00",132868,11.79,35.96,895,894,894,894,893,894,894,894,893,67.85,55.41,60.12,64.69,68.59,65.7,61.98,64.04,60.57,23.2,23.5,23.7,22.5,22.8,23,22.9,23.4,23.3
"2026-10-01 19:03:00",132869,11.81,35.93,895,894,894,894,893,894,894,894,893,67.71,55.39,59.88,64.17,68.21,65.43,61.98,63.64,61.46,23.2,23.5,23.8,22.6,22.8,23,22.9,23.4,23.4
"2026-10-01 19:04:00",132870,11.81,35.91,895,894,894,894,893,894,894,894,893,67.7,55.45,60.14,64.58,67.94,65.09,61.83,63.22,62.19,23.2,23.6,23.8,22.6,22.8,23.1,23,23.4,23.4
"2026-10-01 19:05:00",132871,11.81,35.88,895,894,894,894,893,894,894,894,893,67.07,55.25,60.16,64.32,67.75,65.13,61.86,63.02,62.87,23.2,23.6,23.8,22.6,22.9,23.1,23,23.4,23.4
"2026-10-01 19:06:00",132872,11.78,35.85,895,894,894,894,893,894,894,894,893,67.21,55.5,60.06,63.96,67.44,64.46,61.92,62.99,63.61,23.3,23.6,23.8,22.7,22.9,23.1,23,23.5,23.4
"2026-10-01 19:07:00",132873,11.78,35.82,895,894,894,894,893,894,894,894,893,66.99,55.31,60.01,63.6,67.24,64.61,61.61,62.34,64.24,23.3,23.6,23.8,22.7,23,23.1,23,23.5,23.3
"2026-10-01 19:08:00",132874,11.77,35.79,895,894,894,894,893,894,894,894,893,67.07,55.15,60.01,63.82,66.93,64.37,61.36,61.92,64.92,23.3,23.6,23.8,22.8,23,23.2,23,23.5,23.3
"2026-10-01 19:09:00",132875,11.77,35.77,895,894,894,894,893,894,894,894,893,66.53,55.36,60.05,63.45,66.84,63.74,61.34,61.88,65.6,23.3,23.5,23.8,22.8,23,23.2,23,23.5,23.3
"2026-10-01 19:10:00",132876,11.77,35.74,895,894,894,894,893,894,894,894,893,65.88,54.96,59.33,63.13,66.44,63.55,61,61.45,64.46,23.3,23.5,23.8,22.8,23,23.2,23,23.5,23.3
"2026-10-01 19:11:00",132877,11.78,35.71,895,894,894,894,893,894,894,894,893,67.14,55.07,59.5,63.23,65.95,63.52,61.02,61.4,60.23,23.3,23.5,23.8,22.9,23.1,23.2,23,23.5,23.3
"2026-10-01 19:12:00",132878,11.79,35.68,895,894,894,894,893,894,894,894,893,66.46,55.07,59.65,62.97,65.57,63.4,61.08,60.99,58.78,23.3,23.6,23.8,22.9,23.1,23.2,23,23.6,23.3
"2026-10-01 19:13:00",132879,11.79,35.65,895,894,894,894,893,894,894,894,893,68.28,54.88,59.43,63.08,65.84,63.27,60.79,60.89,58.08,23.3,23.6,23.8,22.9,23.1,23.2,23,23.6,23.2
"2026-10-01 19:14:00",132880,11.81,35.62,895,894,894,894,893,894,894,894,893,70.13,54.9,59.59,63.29,65.96,63.49,60.73,60.89,57.63,23.3,23.5,23.8,22.9,23.1,23.2,23,23.6,23.2
"2026-10-01 19:15:00",132881,11.76,35.6,895,894,894,894,893,894,894,894,893,71.84,55.09,59.42,63.24,66.21,63.29,60.74,60.98,57.74,23.3,23.5,23.8,22.9,23.1,23.3,23.1,23.6,23.2
"2026-10-01 19:16:00",132882,11.79,35.57,895,894,894,894,893,894,894,894,893,73.27,55.4,59.81,63.56,65.95,63.35,61.08,60.92,57.54,23.3,23.5,23.8,22.9,23.1,23.3,23.1,23.6,23.2
"2026-10-01 19:17:00",132883,11.78,35.54,895,894,894,894,893,894,894,894,893,74.92,55.52,59.74,62.92,66.12,63.22,61.03,60.78,57.62,23.2,23.5,23.8,22.9,23.1,23.3,23,23.6,23.2
"2026-10-01 19:18:00",132884,11.77,35.51,895,894,894,894,893,894,894,894,893,76.26,55.64,59.97,63.27,66.31,63.32,61.28,60.81,57.55,23.2,23.5,23.8,22.9,23.1,23.3,23,23.6,23.2
"2026-10-01 19:19:00",132885,11.78,35.49,895,894,894,894,893,894,894,894,893,77.61,55.72,59.97,63.19,66.2,63.59,61.42,60.87,57.53,23.2,23.5,23.8,22.8,23.1,23.2,23,23.6,23.2
"2026-10-01 19:20:00",132886,11.75,35.46,895,894,894,894,893,894,894,894,893,79.04,55.65,60.03,63.38,66.27,63.46,61.44,60.97,57.29,23.1,23.4,23.7,22.8,23.1,23.2,23,23.6,23.2
"2026-10-01 19:21:00",132887,11.78,35.43,895,894,894,894,893,894,894,894,893,80.3,55.91,60.16,63.49,66.25,63.4,61.41,61.04,57.31,23.1,23.4,23.7,22.8,23,23.2,23,23.6,23.2
"2026-10-01 19:22:00",132888,11.77,35.41,895,894,894,894,893,894,894,894,893,81.6,55.87,60.15,63.89,66.52,63.45,61.45,60.78,57.31,23,23.4,23.7,22.7,23,23.2,22.9,23.6,23.2
"2026-10-01 19:23:00",132889,11.78,35.38,895,894,894,894,893,894,894,894,893,75.22,55.97,60.09,63.41,66.39,63.58,61.7,60.87,57.45,23,23.3,23.6,22.7,23,23.1,22.9,23.6,23.2
"2026-10-01 19:24:00",132890,11.77,35.35,895,894,894,894,893,894,894,894,893,72.02,56.25,60.28,64.18,66.65,63.81,61.59,60.89,57.51,22.9,23.3,23.6,22.6,23,23.1,22.9,23.6,23.1
"2026-10-01 19:25:00",132891,11.77,35.33,895,894,894,894,893,894,894,894,893,71.2,57.66,60.3,64.06,66.54,63.59,61.75,60.76,57.39,22.9,23.2,23.6,22.6,22.9,23.1,22.8,23.5,23.1
"2026-10-01 19:26:00",132892,11.78,35.3,895,894,894,894,894,894,894,894,893,69.99,59.34,60.43,64.31,66.99,63.86,61.71,60.79,57.51,22.8,23.2,23.5,22.5,22.9,23,22.8,23.5,23.1
"2026-10-01 19:27:00",132893,11.78,35.27,895,894,894,894,894,894,894,894,893,70.16,59.67,60.7,64.24,67.4,64.1,61.9,60.86,57.58,22.8,23.1,23.5,22.5,22.8,23,22.8,23.5,23.1
"2026-10-01 19:28:00",132894,11.77,35.25,895,894,894,894,894,894,894,894,893,70.63,61.16,60.61,64.53,67.33,64.01,62.14,60.98,57.58,22.8,23.1,23.5,22.4,22.8,23,22.7,23.5,23
"2026-10-01 19:29:00",132895,11.76,35.22,895,894,894,894,894,894,894,894,893,70.43,61.59,61,65.17,67.38,64.25,62.1,60.8,57.7,22.7,23,23.4,22.4,22.8,22.9,22.7,23.5,23
"2026-10-01 19:30:00",132896,11.81,35.2,895,894,895,894,894,894,894,894,893,70.09,61.86,60.98,65.5,68,64.63,62.5,61.13,57.79,22.7,23,23.4,22.3,22.7,22.9,22.6,23.4,23
"2026-10-01 19:31:00",132897,11.79,35.17,895,894,895,894,894,894,894,894,893,70.1,62.71,61.41,65.6,68.05,64.62,62.62,61.1,57.76,22.7,23,23.4,22.3,22.6,22.9,22.6,23.4,23
"2026-10-01 19:32:00",132898,11.76,35.14,895,894,895,894,894,894,894,894,893,69.77,63.51,61.12,65.77,68.18,64.67,62.72,61.19,57.8,22.7,22.9,23.3,22.2,22.6,22.8,22.6,23.4,23
"2026-10-01 19:33:00",132899,11.8,35.12,895,894,895,894,894,894,894,894,893,70.09,63.98,61.41,65.91,68.77,64.83,63.04,61.43,57.9,22.6,22.9,23.3,22.2,22.5,22.8,22.5,23.3,22.9
"2026-10-01 19:34:00",132900,11.76,35.09,895,894,895,894,894,894,894,894,893,70.15,64.87,61.45,66.19,68.5,65.24,62.99,61.52,58.16,22.6,22.8,23.3,22.1,22.5,22.7,22.5,23.3,22.9
"2026-10-01 19:35:00",132901,11.72,35.07,895,894,895,894,894,894,894,894,893,69.89,64.46,61.42,66.01,68.68,64.94,62.78,61.4,58.11,22.6,22.7,23.2,22.1,22.5,22.7,22.4,23.3,22.9
"2026-10-01 19:36:00",132902,11.81,35.04,895,894,895,894,894,894,894,894,894,70.25,60.58,61.48,66.54,68.79,65.02,63.01,61.53,58.07,22.6,22.7,23.2,22,22.4,22.6,22.4,23.2,22.8
"2026-10-01 19:37:00",132903,11.77,35.02,895,894,895,894,894,894,894,894,894,70.35,59.48,62,66.31,69.29,65.34,63.19,61.78,58.23,22.5,22.6,23.1,22,22.4,22.6,22.3,23.2,22.8
"2026-10-01 19:38:00",132904,11.76,34.99,895,894,895,894,894,894,894,894,894,71.09,59.6,63.24,66.72,69.38,65.38,63.55,62.08,58.46,22.5,22.5,23.1,21.9,22.3,22.5,22.3,23.1,22.8
"2026-10-01 19:39:00",132905,11.75,34.97,895,894,895,894,894,894,894,894,894,70.06,60.26,64.29,66.33,69.44,65.65,63.69,61.94,58.46,22.5,22.5,23,21.9,22.3,22.5,22.3,23.1,22.8
"2026-10-01 19:40:00",132906,11.75,34.94,895,894,895,894,894,894,894,894,894,70.09,59.09,65.34,66.92,69.66,65.64,63.83,62.18,58.32,22.4,22.5,22.9,21.8,22.2,22.4,22.2,23.1,22.7
"2026-10-01 19:41:00",132907,11.74,34.92,895,894,895,894,894,894,894,894,894,69.65,59.02,66.33,67.04,69.67,65.8,63.98,62.47,58.43,22.4,22.4,22.9,21.7,22.2,22.4,22.1,23,22.6
"2026-10-01 19:42:00",132908,11.75,34.89,895,894,895,894,894,894,894,894,894,70,59,67.31,67.09,70.43,66.11,64.06,62.65,58.52,22.4,22.4,22.8,21.7,22.1,22.3,22.1,23,22.6
"2026-10-01 19:43:00",132909,11.79,34.87,895,894,895,894,894,894,894,894,894,70.53,58.95,68.16,67.48,70.46,66.09,64.28,62.69,58.89,22.4,22.4,22.7,21.6,22,22.3,22.1,23,22.6
"2026-10-01 19:44:00",132910,11.79,34.84,895,894,895,894,894,894,894,894,894,70.46,59.22,69.06,67.68,70.63,66.44,64.31,62.61,58.95,22.3,22.4,22.6,21.6,22,22.2,22,22.9,22.5
"2026-10-01 19:45:00",132911,11.8,34.82,895,894,895,894,894,894,894,894,894,71.11,59.07,69.96,68.05,71.2,66.53,64.24,62.62,59.09,22.3,22.4,22.5,21.5,21.9,22.2,22,22.9,22.5
"2026-10-01 19:46:00",132912,11.76,34.79,895,894,895,894,894,894,894,894,894,71.28,59.3,70.79,68.51,71.74,67.04,64.86,63,59.22,22.3,22.4,22.5,21.5,21.9,22.1,22,22.8,22.5
"2026-10-01 19:47:00",132913,11.75,34.77,895,894,895,894,894,894,894,894,894,71.12,59.06,71.54,68.37,71.51,66.92,64.72,63.22,59.17,22.3,22.3,22.4,21.5,21.8,22.1,21.9,22.8,22.4
"2026-10-01 19:48:00",132914,11.76,34.74,895,894,895,894,894,894,894,894,894,71.99,59.26,68.21,68.25,71.64,66.87,64.72,62.96,59.23,22.2,22.3,22.3,21.4,21.8,22,21.9,22.8,22.4
"2026-10-01 19:49:00",132915,11.79,34.72,895,894,895,894,894,894,894,894,894,71.15,58.98,66.25,68.11,71.28,66.84,64.87,63.34,59.44,22.2,22.3,22.3,21.4,21.8,22,21.9,22.7,22.3
"2026-10-01 19:50:00",132916,11.77,34.69,895,894,895,894,894,894,894,894,894,71.47,59.25,65.49,68.98,71.9,66.89,64.77,63.46,59.6,22.2,22.3,22.2,21.4,21.7,21.9,21.8,22.7,22.3
"2026-10-01 19:51:00",132917,11.78,34.67,895,894,895,894,894,894,894,894,894,72.11,59.08,65.38,70.75,72.68,67.05,65.22,63.59,60.01,22.1,22.3,22.2,21.3,21.7,21.9,21.8,22.6,22.3
"2026-10-01 19:52:00",132918,11.77,34.65,895,894,895,894,894,894,894,894,894,72.6,59.57,65.23,71.84,72.54,67.26,65.6,63.95,60.36,22.1,22.2,22.2,21.3,21.6,21.9,21.7,22.6,22.2
"2026-10-01 19:53:00",132919,11.76,34.62,895,894,895,894,894,894,894,894,894,72.57,60.3,65.35,72.45,72.71,67.48,65.87,64.26,60.51,22.1,22.2,22.2,21.3,21.6,21.8,21.6,22.5,22.2
"2026-10-01 19:54:00",132920,11.77,34.6,895,894,895,894,894,894,894,894,894,73.24,59.84,65.71,73.3,74.52,67.64,66.24,65.65,60.71,22,22.2,22.2,21.2,21.5,21.8,21.6,22.5,22.1
"2026-10-01 19:55:00",132921,11.79,34.57,895,894,895,894,894,894,894,894,894,72.82,59.78,65.93,73.45,75.45,68.73,66.21,65.14,60.9,22,22.2,22.2,21.2,21.5,21.7,21.6,22.4,22.1
"2026-10-01 19:56:00",132922,11.82,34.55,895,894,895,894,894,894,894,895,894,72.96,59.75,66.31,74.35,76.33,69.02,67.03,65.67,60.83,22,22.1,22.2,21.1,21.4,21.7,21.5,22.4,22
"2026-10-01 19:57:00",132923,11.76,34.52,895,894,895,894,894,894,894,894,894,73.36,59.66,66.6,74.56,76.4,69.83,68.21,67.04,61.49,22,22.1,22.2,21.1,21.4,21.6,21.5,22.3,22
"2026-10-01 19:58:00",132924,11.8,34.5,895,894,895,894,894,894,894,895,894,74.49,60.57,66.38,75.37,76.97,69.83,68.15,67.22,61.79,21.9,22.1,22.1,21,21.3,21.6,21.4,22.3,21.9
"2026-10-01 19:59:00",132925,11.78,34.48,895,894,895,894,894,894,894,895,894,75.79,60.93,66.43,76.28,76.98,69.99,68.27,67.49,62.14,21.9,22.1,22.1,21,21.3,21.6,21.4,22.2,21.9
"2026-10-01 20:00:00",132926,11.79,34.45,895,894,895,894,894,894,894,895,894,76.57,61.45,67.16,76.62,77.47,70.45,68.83,68.65,62.14,21.8,22,22.1,20.9,21.2,21.5,21.3,22.1,21.9
"2026-10-01 20:01:00",132927,11.8,34.43,895,894,895,894,894,895,895,895,894,77.8,61.66,67.17,74.72,77.93,70.99,69.56,68.6,63.17,21.8,22,22.1,20.8,21.1,21.5,21.2,22.1,21.8
"2026-10-01 20:02:00",132928,11.77,34.41,895,894,895,894,894,895,895,895,894,79.87,62.7,67.99,74.55,78.17,70.98,69.36,68.99,64.51,21.8,22,22.1,20.8,21.1,21.4,21.2,22,21.7
"2026-10-01 20:03:00",132929,11.79,34.38,895,894,895,894,894,895,895,895,894,80.3,63.16,69.01,74.48,79.27,71.71,70.45,70.49,65.31,21.7,21.9,22.1,20.7,21,21.3,21.1,22,21.6
"2026-10-01 20:04:00",132930,11.77,34.36,895,894,895,894,894,895,895,895,894,80.1,63.24,69.13,75.37,80.1,72.61,71.19,71.2,65.47,21.7,21.9,22,20.7,20.9,21.3,21.1,21.9,21.6
"2026-10-01 20:05:00",132931,11.77,34.33,895,894,895,894,894,895,895,895,894,79.46,63.24,69.71,75.71,81,72.89,71.55,71.81,65.77,21.6,21.9,22,20.6,20.9,21.2,21,21.9,21.5
"2026-10-01 20:06:00",132932,11.81,34.31,895,894,895,894,894,895,895,895,894,79.79,63.08,69.79,76.19,81.7,73.36,72.17,72.41,65.85,21.6,21.8,22,20.6,20.8,21.2,21,21.8,21.5
"2026-10-01 20:07:00",132933,11.75,34.29,895,894,895,894,894,894,895,895,894,78.26,63.08,69.57,76.35,82.5,73.61,72.1,72.03,65.61,21.6,21.8,22,20.5,20.7,21.1,20.9,21.8,21.5
"2026-10-01 20:08:00",132934,11.78,34.26,895,894,895,894,894,895,895,895,894,78.55,62.48,69.5,76.46,83.3,73.6,71.96,71.76,65.61,21.6,21.7,21.9,20.5,20.6,21.1,20.9,21.7,21.5
"2026-10-01 20:09:00",132935,11.76,34.24,895,894,895,894,894,894,895,895,894,77.77,62.5,69.13,76.68,83.9,73.78,72.19,72.17,65.51,21.5,21.7,21.9,20.4,20.6,21,20.8,21.7,21.4
"2026-10-01 20:10:00",132936,11.79,34.22,895,894,895,894,894,895,895,895,894,77.13,63.03,68.99,76.57,84.6,73.96,72.29,72.39,65.64,21.5,21.7,21.9,20.4,20.5,21,20.8,21.6,21.3
"2026-10-01 20:11:00",132937,11.77,34.19,895,894,895,894,894,895,895,895,894,76.38,63,69.72,76.77,85.2,74.42,72.54,72.56,65.8,21.5,21.6,21.8,20.4,20.4,21,20.8,21.6,21.3
"2026-10-01 20:12:00",132938,11.8,34.17,895,894,895,894,894,895,895,895,894,77.55,63.31,69.11,76.4,85.9,74.27,72.38,72.27,65.76,21.5,21.6,21.8,20.3,20.4,20.9,20.7,21.5,21.2
"2026-10-01 20:13:00",132939,11.78,34.14,895,894,895,894,894,895,895,895,894,76.87,63.12,69.15,76.13,84.9,73.83,72.17,71.98,65.94,21.5,21.5,21.7,20.3,20.3,20.9,20.7,21.5,21.2
"2026-10-01 20:14:00",132940,11.81,34.12,895,894,895,894,894,895,895,895,894,77.52,63.13,68.27,75.88,84.1,73.62,72.05,71.74,65.56,21.4,21.5,21.7,20.2,20.2,20.8,20.6,21.4,21.1
"2026-10-01 20:15:00",132941,11.8,34.1,895,894,895,894,894,895,895,895,894,77.47,62.98,68.65,76.22,83.8,73.46,71.67,71.57,65.94,21.4,21.5,21.7,20.2,20.2,20.8,20.6,21.4,21.1
"2026-10-01 20:16:00",132942,11.76,34.07,895,894,895,894,894,895,895,895,894,77.69,63.06,68.95,76.23,84.2,"NAN",71.78,71.58,65.88,21.4,21.4,21.6,20.2,20.2,20.8,20.6,21.4,21
"2026-10-01 20:17:00",132943,11.77,34.05,895,894,895,894,894,895,895,895,894,78.19,63.07,68.46,75.35,83,75.48,71.7,71.29,65.96,21.3,21.4,21.6,20.2,20.2,20.7,20.5,21.4,21
"2026-10-01 20:18:00",132944,11.77,34.03,895,894,895,894,894,895,895,895,894,78.49,63.22,68.57,75.15,83.1,76.15,71.96,71.91,65.93,21.3,21.4,21.6,20.1,20.1,20.7,20.5,21.3,21
"2026-10-01 20:19:00",132945,11.78,34,895,894,895,894,894,895,895,895,894,79.43,63.59,69.24,75.57,83.1,76.71,71.94,71.75,66.76,21.3,21.4,21.6,20.1,20.1,20.6,20.5,21.3,21
"2026-10-01 20:20:00",132946,11.79,33.98,895,894,895,894,894,895,895,895,894,79.7,63.84,69.28,75.35,82.5,77.32,71.62,71.26,66.71,21.3,21.4,21.6,20.1,20.2,20.6,20.5,21.3,21
"2026-10-01 20:21:00",132947,11.82,33.96,895,894,895,894,894,895,895,895,894,79.98,63.8,69.17,75.36,83.1,77.82,71.4,71.37,66.51,21.3,21.4,21.6,20.1,20.2,20.6,20.5,21.3,20.9
"2026-10-01 20:22:00",132948,11.83,33.93,895,894,895,894,894,895,895,895,894,79.51,63.81,69.21,76.12,83.7,78.24,71.69,71.76,66.64,21.3,21.4,21.6,20.1,20.2,20.5,20.5,21.3,20.9
"2026-10-01 20:23:00",132949,11.79,33.91,895,894,895,894,894,895,895,895,894,80.3,63.84,69.38,77.95,87.1,78.57,72.66,72.56,66.7,21.3,21.3,21.5,20.1,20.2,20.5,20.5,21.3,20.9
"2026-10-01 20:24:00",132950,11.81,33.88,895,894,895,894,894,895,895,895,894,79.89,63.45,69.9,78.14,85.7,78.94,73.42,73.07,66.62,21.2,21.3,21.5,20.1,20.2,20.5,20.5,21.3,20.9
"2026-10-01 20:25:00",132951,11.78,33.86,895,894,895,894,894,895,895,895,894,80.6,64.13,69.79,77.41,85.5,79.4,73.24,72.8,66.23,21.2,21.3,21.5,20,20.2,20.4,20.4,21.3,20.9
"2026-10-01 20:26:00",132952,11.76,33.84,895,894,895,894,894,895,895,895,894,80.1,63.69,69.79,77.5,85.2,78.18,72.91,72.07,66.16,21.2,21.3,21.5,20,20.2,20.4,20.4,21.2,20.9
"2026-10-01 20:27:00",132953,11.8,33.81,895,894,895,895,894,895,895,895,894,78.78,63.48,69.88,79.57,87.9,78.87,73.29,74.84,67.31,21.2,21.3,21.5,20,20.2,20.3,20.4,21.2,20.9
"2026-10-01 20:28:00",132954,11.76,33.79,895,895,895,895,894,895,895,895,894,80.7,64.33,70.91,80,88.5,79.85,74.23,77.01,67.99,21.2,21.3,21.5,20,20.2,20.3,20.4,21.2,20.9
"2026-10-01 20:29:00",132955,11.8,33.77,895,894,895,894,894,895,895,895,894,81.1,64.69,71.02,79.77,88.4,79.62,74.87,76.44,67.99,21.2,21.3,21.5,20,20.1,20.3,20.4,21.1,20.9
"2026-10-01 20:30:00",132956,11.75,33.74,895,894,895,895,894,895,895,895,894,80.7,64.25,71.13,80.6,89.9,80.3,75.39,77.41,68.01,21.2,21.2,21.5,20,20.1,20.3,20.3,21.1,20.9
"2026-10-01 20:31:00",132957,11.8,33.72,895,894,895,895,894,895,895,895,894,83.9,65.69,71.68,80.6,89.3,79.93,76,77.82,68.01,21.2,21.2,21.5,20,20.1,20.3,20.3,21.1,20.9
"2026-10-01 20:32:00",132958,11.76,33.7,895,895,895,895,894,895,895,895,894,84.4,65.94,71.18,79.49,88.2,79.26,76.64,75.43,68.19,21.2,21.2,21.5,20,20.1,20.3,20.3,21,20.9
"2026-10-01 20:33:00",132959,11.77,33.67,895,894,895,895,894,895,895,895,894,84.4,66.08,71.78,80.1,89.3,79.73,77.29,76.37,68.68,21.1,21.2,21.4,20,20.1,20.3,20.3,21,20.8
"2026-10-01 20:34:00",132960,11.82,33.65,895,895,895,895,894,895,895,895,894,84.2,65.7,71.91,81.2,89.7,80.1,77.88,76.25,68.84,21.1,21.2,21.4,20,20.1,20.3,20.3,21,20.8
"2026-10-01 20:35:00",132961,11.8,33.63,895,895,895,895,894,895,895,895,894,86,66.55,73.1,81.5,90.8,80.5,78.41,77.8,69.89,21.1,21.2,21.4,20,20.1,20.3,20.2,21,20.8
"2026-10-01 20:36:00",132962,11.79,33.6,895,894,895,894,894,895,895,895,894,88.1,67.73,74.02,82.3,92.1,81.4,78.87,78.9,70.18,21.1,21.2,21.4,20,20.1,20.3,20.2,21,20.8
"2026-10-01 20:37:00",132963,11.76,33.58,895,894,895,895,894,895,895,895,894,89,67.99,75.27,83.3,93.2,82.6,79.29,81,70.41,21.1,21.2,21.4,20,20.1,20.4,20.2,21,20.8
"2026-10-01 20:38:00",132964,11.77,33.56,895,895,895,895,894,895,895,895,894,89.2,67.94,75.35,82.9,93,82.2,79.56,80.4,70.39,21.1,21.2,21.4,20,20.1,20.4,20.2,21,20.8
"2026-10-01 20:39:00",132965,11.77,33.53,895,895,895,895,894,895,895,895,894,90.4,69,75.11,83.6,94.1,83.1,80.2,81.3,70.1,21,21.2,21.3,20,20.1,20.4,20.2,21,20.8
"2026-10-01 20:40:00",132966,11.78,33.51,895,895,895,895,894,895,895,895,894,90.5,69.26,75.24,83.5,93.4,82.5,80.4,81.4,71.26,21,21.1,21.3,20,20.1,20.4,20.2,21,20.8
"2026-10-01 20:41:00",132967,11.79,33.49,896,895,895,895,894,895,895,895,894,91.1,69.5,75.23,83.2,93.5,82.8,79.8,81.6,71.65,21,21.1,21.3,20,20.1,20.4,20.2,20.9,20.8
"2026-10-01 20:42:00",132968,11.77,33.46,896,895,895,895,894,895,895,895,894,92.9,70.03,76.65,83.6,93.9,82.9,79.82,81.9,72.83,21,21.1,21.3,20,20.1,20.4,20.2,20.9,20.9
"2026-10-01 20:43:00",132969,11.78,33.44,896,895,895,895,894,895,895,895,894,94.9,71.07,77.18,83.3,93.2,82.6,79.82,82.3,73.3,21,21.1,21.3,20,20.1,20.4,20.2,20.9,20.9
"2026-10-01 20:44:00",132970,11.81,33.42,896,895,895,895,894,895,895,895,894,94.6,71.02,76.85,83.2,93.1,82.4,79.67,82.6,73.15,21,21.1,21.4,20.1,20.2,20.5,20.3,20.9,20.9
"2026-10-01 20:45:00",132971,11.8,33.39,896,895,895,895,894,895,895,895,894,93.8,70.66,77.05,83.7,93.2,82.4,79.41,82.8,73.03,21.1,21.2,21.4,20.1,20.3,20.5,20.4,20.9,20.9
"2026-10-01 20:46:00",132972,11.75,33.37,896,895,895,895,894,895,895,895,894,92.5,69.86,77.05,83.8,93.2,82.5,79.5,83.1,72.9,21.1,21.2,21.4,20.1,20.3,20.6,20.4,21,21
"2026-10-01 20:47:00",132973,11.8,33.35,895,895,895,895,894,895,895,895,894,91.5,70.34,77.15,83.6,93.6,82.7,80,83.4,73.4,21.1,21.2,21.4,20.2,20.4,20.6,20.5,21,21
"2026-10-01 20:48:00",132974,11.82,33.32,895,895,895,895,894,895,895,895,894,91.8,70.05,78.18,84,93.6,83.2,80,83.7,74.48,21.2,21.3,21.5,20.2,20.4,20.7,20.5,21,21
"2026-10-01 20:49:00",132975,11.76,33.3,896,895,895,895,894,895,895,895,894,93.8,70.55,79.15,84,93.8,83.2,80.3,84.1,74.55,21.3,21.3,21.5,20.2,20.5,20.7,20.6,21,21.1
"2026-10-01 20:50:00",132976,11.8,33.28,896,895,895,895,894,895,895,895,894,95.7,71.59,78.64,83.9,93.4,82.9,80.3,84.4,74.36,21.3,21.3,21.5,20.3,20.5,20.8,20.6,21,21.1
"2026-10-01 20:51:00",132977,11.8,33.25,895,895,895,895,894,895,895,895,894,95.9,71.56,78.48,84,92.2,82.3,79.96,83.6,73.88,21.3,21.4,21.6,20.3,20.6,20.8,20.7,21,21.1
"2026-10-01 20:52:00",132978,11.81,33.23,895,895,895,895,894,895,895,895,894,97.5,71.94,79.24,84.3,93.1,83.4,79.98,85.2,73.93,21.3,21.4,21.6,20.4,20.6,20.9,20.8,21.1,21.2
"2026-10-01 20:53:00",132979,11.78,33.21,895,894,895,895,894,895,895,895,894,98.6,72.42,80.2,84.8,94.4,83.8,80.4,86.2,74.29,21.3,21.4,21.6,20.4,20.7,20.9,20.8,21.1,21.2
"2026-10-01 20:54:00",132980,11.78,33.18,896,895,895,895,894,895,895,895,894,97.7,72.39,80.1,85.3,95,84.4,81.6,87.2,74.63,21.3,21.4,21.6,20.4,20.7,21,20.9,21.1,21.2
"2026-10-01 20:55:00",132981,11.78,33.16,896,894,895,895,894,895,895,895,894,98.7,72.97,80.3,85.8,95.8,84.6,81.6,87.6,74.92,21.3,21.4,21.6,20.5,20.8,21,20.9,21.2,21.2
"2026-10-01 20:56:00",132982,11.82,33.14,895,894,895,895,894,895,895,895,894,100,73.54,80.6,85.7,95.5,84.3,81.9,87.7,75.27,21.3,21.4,21.6,20.5,20.8,21,20.9,21.2,21.2
"2026-10-01 20:57:00",132983,11.77,33.12,895,894,895,895,894,895,895,895,894,100,73.61,80.6,85.8,95.9,84.6,82.3,88.5,75.61,21.2,21.3,21.6,20.5,20.8,21,20.9,21.2,21.2
"2026-10-01 20:58:00",132984,11.81,33.09,896,895,895,895,894,895,895,895,894,100,73.82,81.1,85.6,94.9,84.6,82.5,88.1,75.8,21.2,21.3,21.6,20.5,20.8,21,20.9,21.2,21.2
"2026-10-01 20:59:00",132985,11.76,33.07,896,895,895,895,894,895,895,895,894,100,74.07,81.3,85.1,94.6,84.3,82.2,88.1,76.26,21.1,21.3,21.5,20.5,20.8,21,20.9,21.2,21.2
"2026-10-01 21:00:00",132986,11.8,33.05,895,895,895,895,894,895,895,895,894,100,73.64,80.6,84.8,94.7,84.1,82.4,88.3,76.6,21.1,21.3,21.5,20.6,20.8,21,20.9,21.2,21.1
"2026-10-01 21:01:00",132987,11.8,33.03,895,895,895,895,894,895,895,895,894,100,73.63,80.2,85.1,95.1,84,82,88.3,76.78,21.1,21.2,21.5,20.6,20.8,21,20.9,21.2,21.1
"2026-10-01 21:02:00",132988,11.79,33,895,895,895,895,894,895,895,895,894,100,73.91,80.6,85.1,95.2,84,82.1,88.1,77.31,21,21.2,21.5,20.6,20.8,21,20.9,21.1,21.1
"2026-10-01 21:03:00",132989,11.81,32.98,895,894,895,895,894,895,895,895,894,100,74.41,81.2,85.2,95.1,84.2,82.3,88.3,76.83,21,21.2,21.5,20.6,20.8,21.1,20.8,21.1,21.1
"2026-10-01 21:04:00",132990,11.74,32.96,895,894,895,895,894,895,895,895,894,100,74.9,81.8,85.4,95.8,84.6,82.5,89,77.25,21,21.1,21.5,20.6,20.8,21,20.8,21.1,21.1
"2026-10-01 21:05:00",132991,11.78,32.94,895,894,895,895,894,895,895,895,894,100,75.33,82.2,85.7,96.4,85,83.2,89.6,77.73,20.9,21.1,21.4,20.6,20.8,21,20.8,21.1,21.1
"2026-10-01 21:06:00",132992,11.82,32.91,895,895,895,895,894,895,895,895,894,100,75.71,82.6,86,96.6,85.3,83.5,89.8,77.83,20.9,21.1,21.4,20.6,20.8,21.1,20.8,21.1,21.1
"2026-10-01 21:07:00",132993,11.8,32.89,895,894,895,895,894,895,895,895,894,100,75.7,82.8,86,96.7,85.3,83.6,90,78.18,20.9,21.1,21.4,20.6,20.8,21,20.8,21.1,21
"2026-10-01 21:08:00",132994,11.82,32.87,895,894,895,895,894,895,895,895,894,100,75.73,82.6,86,96.8,85.4,83.7,90.2,78.2,20.9,21.1,21.4,20.6,20.8,21,20.8,21.1,21
"2026-10-01 21:09:00",132995,11.81,32.85,895,895,895,895,894,895,895,895,894,100,75.87,82.6,86,96.7,85.5,83.9,90.3,78.21,20.9,21.1,21.4,20.6,20.8,21,20.8,21.1,21
"2026-10-01 21:10:00",132996,11.77,32.82,895,894,895,895,894,895,895,895,894,100,75.98,82.7,86,96.8,85.5,84,90.3,78.34,20.9,21.1,21.4,20.7,20.8,21,20.8,21.1,21
"2026-10-01 21:11:00",132997,11.78,32.8,895,895,895,895,894,895,895,895,894,100,76.1,82.8,86,96.9,85.5,84.1,90.1,78.44,20.9,21.1,21.4,20.7,20.8,21.1,20.8,21.1,21
"2026-10-01 21:12:00",132998,11.8,32.78,895,895,895,895,894,895,895,895,894,100,76.11,82.8,85.9,96.4,85.3,83.8,90.1,78.67,20.9,21.1,21.4,20.7,20.8,21.1,20.8,21.1,21
"2026-10-01 21:13:00",132999,11.81,32.76,895,895,895,895,894,895,895,895,894,100,75.51,82.4,85.6,95.6,85.1,83.7,89.2,78.66,20.9,21,21.4,20.7,20.8,21.1,20.8,21.1,21
"2026-10-01 21:14:00",133000,11.81,32.74,895,895,895,895,894,895,895,895,894,100,75.36,82,85.1,95,84.7,83.3,88.9,78.83,20.9,21,21.4,20.7,20.8,21.1,20.8,21.1,21
"2026-10-01 21:15:00",133001,11.76,32.71,895,895,895,895,894,895,895,895,894,100,75.43,82,85,94.8,84.5,83.3,88.9,78.82,20.9,21,21.4,20.7,20.8,21.1,20.8,21.1,21
"2026-10-01 21:16:00",133002,11.77,32.69,896,895,895,895,894,895,895,895,894,100,75.53,81.8,84.8,94.6,84.3,83.2,88.9,78.82,20.8,21,21.4,20.7,20.8,21.1,20.8,21.1,21
"2026-10-01 21:17:00",133003,11.79,32.67,896,895,895,895,894,895,895,895,894,100,75.5,81.5,84.6,94.1,84.1,82.9,88.6,78.05,20.8,21,21.4,20.7,20.9,21.1,20.8,21.1,21
"2026-10-01 21:18:00",133004,11.77,32.65,896,895,895,895,894,895,895,895,894,100,76.82,81.1,84.3,93.6,83.8,82.6,88.3,77.7,20.8,21,21.4,20.7,20.9,21.1,20.8,21.1,21
"2026-10-01 21:19:00",133005,11.8,32.63,896,895,895,895,894,895,895,895,894,100,76.83,80.8,83.8,92.2,83.3,82.2,87.9,77.43,20.9,21.1,21.5,20.7,20.9,21.1,20.8,21.1,21
"2026-10-01 21:20:00",133006,11.77,32.61,896,895,895,895,894,895,895,895,894,100,77.42,79.91,83.3,91.7,83,82,87.2,76.68,20.9,21.1,21.5,20.8,20.9,21.1,20.8,21.2,21
"2026-10-01 21:21:00",133007,11.76,32.59,896,895,895,895,894,895,895,895,894,100,77.7,79.68,82.9,91.4,82.3,81.3,86.2,75.02,20.9,21.1,21.5,20.8,21,21.1,20.8,21.2,21
"2026-10-01 21:22:00",133008,11.78,32.57,896,895,895,895,894,895,895,895,894,100,78.22,79.35,82.5,91.7,82.5,81.1,86.2,74.55,20.9,21.1,21.5,20.8,21,21.2,20.9,21.2,21.1
"2026-10-01 21:23:00",133009,11.77,32.55,896,895,895,895,894,895,895,895,894,100,78.35,79.09,83.1,93.1,83.2,82.2,88.2,75.95,20.9,21.1,21.6,20.8,21,21.2,20.9,21.2,21.1
"2026-10-01 21:24:00",133010,11.81,32.52,896,895,895,895,894,895,895,895,894,100,78.47,80.6,84.4,94.6,84.2,83.3,89.3,77.78,21,21.1,21.6,20.8,21.1,21.2,20.9,21.2,21.1
"2026-10-01 21:25:00",133011,11.77,32.5,896,895,895,895,894,895,895,895,894,100,78.51,81.4,84.8,94.6,84.5,83.2,88.9,78.26,21,21.1,21.6,20.9,21.1,21.2,20.9,21.3,21.1
"2026-10-01 21:26:00",133012,11.82,32.48,896,895,895,895,894,895,895,895,894,100,78.65,81.7,84.5,94,84.3,83,88.1,78.15,21,21.1,21.6,20.9,21.1,21.2,20.9,21.3,21.1
"2026-10-01 21:27:00",133013,11.77,32.46,896,895,895,895,894,895,895,895,894,100,78.55,81.4,84,93.5,84.1,82.8,88.9,78.03,21,21.1,21.6,20.9,21,21.2,20.9,21.3,21.1
"2026-10-01 21:28:00",133014,11.79,32.44,896,895,895,895,894,895,895,895,894,100,77.21,81.3,84.4,93.7,84.1,82.8,88.7,77.8,20.9,21.1,21.6,20.9,21,21.2,20.9,21.3,21.1
"2026-10-01 21:29:00",133015,11.8,32.42,896,895,895,895,894,895,895,895,894,100,77.01,81.6,84.2,93.8,83.7,82.5,88.4,77.81,20.9,21.1,21.6,20.9,21,21.2,20.9,21.2,21.1
"2026-10-01 21:30:00",133016,11.81,32.4,896,895,895,895,894,895,895,895,894,100,76.78,82,84.3,94.2,83.9,82.8,88.4,77.99,20.9,21.1,21.6,20.9,21,21.2,20.9,21.2,21.1
"2026-10-01 21:31:00",133017,11.82,32.38,896,895,895,895,894,895,895,895,894,100,76.73,82.6,84.2,94,83.7,82.4,87.9,78.57,20.9,21,21.6,20.9,21,21.2,20.9,21.2,21.1
"2026-10-01 21:32:00",133018,11.77,32.37,896,895,895,895,894,895,895,895,894,100,77.32,83.2,84.1,94,84,82.3,88,78.66,20.9,21,21.5,20.8,21,21.2,20.9,21.2,21
"2026-10-01 21:33:00",133019,11.77,32.35,896,895,895,895,894,895,895,895,894,100,78.08,83.7,84.5,94.9,84.7,83,88,79.53,20.9,21,21.5,20.8,21,21.2,20.9,21.2,21
"2026-10-01 21:34:00",133020,11.78,32.33,896,895,895,895,894,895,895,895,894,100,78.22,84.2,85.2,95.9,85.5,84,90.4,80.5,20.9,21,21.5,20.8,21,21.2,20.9,21.2,21
"2026-10-01 21:35:00",133021,11.81,32.31,896,895,895,895,894,895,895,895,894,100,78.94,84.6,85.5,96.7,86,84.8,91.3,81.3,20.9,21,21.5,20.8,21,21.2,20.9,21.2,21
"2026-10-01 21:36:00",133022,11.77,32.29,896,895,895,895,894,895,895,895,894,100,79.36,85,86.3,97.6,86.5,85.2,92,81.8,20.9,21,21.5,20.8,21,21.1,20.9,21.2,21
"2026-10-01 21:37:00",133023,11.76,32.27,896,895,895,895,894,895,895,895,894,100,79.87,85.4,86.6,98.2,87,85.9,92.7,82.3,20.9,21,21.5,20.8,21,21.1,20.9,21.2,21
"2026-10-01 21:38:00",133024,11.78,32.25,896,895,895,895,894,895,895,895,894,100,80.1,85.8,87.3,98.9,87.5,86.4,93,82.7,20.9,21,21.5,20.8,21,21.1,20.8,21.2,21
"2026-10-01 21:39:00",133025,11.82,32.23,896,895,895,895,894,895,895,895,894,100,80.2,86.1,87.4,99.4,87.8,86.9,93,82.5,20.9,21,21.4,20.8,21,21.1,20.8,21.2,21
"2026-10-01 21:40:00",133026,11.8,32.21,896,895,895,895,894,895,895,895,894,100,80.3,86.5,87.7,99.4,87.9,87,93.8,82.3,20.8,21,21.4,20.8,21,21.1,20.8,21.2,20.9
"2026-10-01 21:41:00",133027,11.8,32.19,896,895,895,895,894,895,895,895,894,100,80.9,87.6,88,100,88.4,87.4,94.4,83.2,20.8,21,21.4,20.8,20.9,21.1,20.8,21.1,20.9
"2026-10-01 21:42:00",133028,11.76,32.18,896,895,895,895,894,895,895,895,894,100,81.5,88.2,87.9,99.7,88.6,87.7,94.5,83.5,20.8,21,21.4,20.8,20.9,21.1,20.8,21.1,20.9
"2026-10-01 21:43:00",133029,11.77,32.16,896,895,895,895,894,895,895,895,894,100,81.7,88.3,88.1,99.4,88.4,87.5,94.1,83.5,20.8,21,21.4,20.8,20.9,21.1,20.8,21.1,20.9
"2026-10-01 21:44:00",133030,11.79,32.14,896,895,895,895,894,895,895,895,894,100,81,88,88.5,99.9,88.7,87.8,94.4,83.4,20.8,21,21.3,20.8,20.9,21.1,20.8,21.1,20.9
"2026-10-01 21:45:00",133031,11.76,32.12,896,895,895,895,894,895,895,895,894,100,80.6,87.3,88.8,100,88.8,87.9,94.5,83.4,20.8,20.9,21.3,20.8,20.9,21.1,20.8,21.1,20.9
"2026-10-01 21:46:00",133032,11.75,32.1,896,895,895,895,894,895,895,895,894,100,80.8,87.3,88.8,100,88.6,87.8,94.1,83.4,20.7,20.9,21.3,20.8,20.9,21.1,20.7,21.1,20.9
"2026-10-01 21:47:00",133033,11.77,32.09,896,895,895,895,894,895,895,895,894,100,80.9,87.7,89.3,100,88.5,87.8,94.1,83.6,20.7,20.9,21.3,20.8,20.9,21,20.7,21.1,20.9
"2026-10-01 21:48:00",133034,11.78,32.07,896,895,895,895,894,895,895,895,894,100,81.4,88,89.1,100,88.7,87.9,94.6,83.9,20.7,20.9,21.3,20.8,20.8,21,20.7,21.1,20.9
"2026-10-01 21:49:00",133035,11.81,32.05,896,895,895,895,894,895,895,895,894,100,82.1,88.7,89.2,100,89,88.2,95.2,84.1,20.7,20.9,21.3,20.8,20.8,21,20.7,21.1,20.9
"2026-10-01 21:50:00",133036,11.79,32.03,896,895,895,895,894,895,895,895,894,100,82.1,89.2,89.3,100,89.5,88.7,95.8,84.3,20.7,20.9,21.3,20.8,20.8,21,20.7,21,20.9
"2026-10-01 21:51:00",133037,11.8,32.02,896,895,895,895,894,895,895,895,894,100,82.2,89.2,89.7,100,89.9,89.2,96.2,84.5,20.7,20.9,21.3,20.8,20.8,21,20.6,21,20.8
"2026-10-01 21:52:00",133038,11.81,32,896,895,895,895,894,895,895,895,894,100,82.7,89.6,89.5,100,90.1,89.2,96.2,85,20.6,20.8,21.2,20.8,20.8,21,20.6,21,20.8
"2026-10-01 21:53:00",133039,11.79,31.98,896,895,895,895,894,895,895,895,894,100,82.6,89.8,89.7,100,90.2,89.3,96.5,85,20.6,20.8,21.2,20.7,20.8,21,20.6,21,20.8
"2026-10-01 21:54:00",133040,11.76,31.96,896,895,895,895,894,895,895,895,894,100,82.6,90,89.7,100,90.5,89.6,96.8,85.3,20.6,20.8,21.2,20.7,20.7,21,20.6,21,20.8
"2026-10-01 21:55:00",133041,11.78,31.95,896,895,895,895,894,895,895,895,894,100,82.9,90.4,89.6,100,90.7,89.7,96.8,85.2,20.6,20.8,21.2,20.7,20.7,21,20.6,21,20.8
"2026-10-01 21:56:00",133042,11.77,31.93,896,895,895,895,894,895,895,895,894,100,82.8,90.4,89.8,100,90.7,90,96.8,85,20.6,20.8,21.2,20.7,20.7,20.9,20.6,21,20.8
"2026-10-01 21:57:00",133043,11.78,31.91,896,895,895,895,894,895,895,895,894,100,83.1,90.8,89.8,100,90.6,90,97,85.1,20.6,20.8,21.2,20.7,20.7,20.9,20.6,21,20.8
"2026-10-01 21:58:00",133044,11.78,31.9,896,895,895,895,894,895,895,895,894,100,83.7,91.3,90.4,100,91.1,90.4,97.8,86,20.6,20.8,21.2,20.7,20.7,20.9,20.6,20.9,20.8
"2026-10-01 21:59:00",133045,11.81,31.88,896,895,895,895,894,895,895,895,894,100,82.9,90.5,90.8,100,91.5,90.9,98.5,85.2,20.5,20.7,21.1,20.7,20.6,20.9,20.6,20.9,20.7
"2026-10-01 22:00:00",133046,11.83,31.86,896,895,895,895,894,895,895,895,894,100,82.6,89.8,90.9,100,91.4,90.9,97.9,84.2,20.5,20.7,21.1,20.6,20.6,20.9,20.5,20.9,20.7
"2026-10-01 22:01:00",133047,11.81,31.85,896,895,895,895,894,895,895,895,894,100,83.4,90.1,90.3,100,90.9,90.3,97.5,83.8,20.5,20.7,21.1,20.6,20.6,20.9,20.5,20.9,20.7
"2026-10-01 22:02:00",133048,11.78,31.83,896,895,895,895,894,895,895,895,894,100,83.7,90.4,90,100,90.4,90.2,96.7,83.7,20.5,20.7,21.1,20.6,20.6,20.9,20.5,20.9,20.7
"2026-10-01 22:03:00",133049,11.81,31.82,896,895,895,895,894,895,895,895,894,100,83.7,90.8,89.6,100,90.1,89.4,96.2,85.1,20.5,20.7,21.1,20.6,20.5,20.8,20.5,20.8,20.7
"2026-10-01 22:04:00",133050,11.77,31.8,896,895,895,895,894,895,895,895,894,100,83.8,90.8,89.9,100,90.4,89.6,97.2,85.8,20.5,20.7,21.1,20.6,20.5,20.8,20.5,20.8,20.7
"2026-10-01 22:05:00",133051,11.8,31.78,896,895,895,895,894,895,895,895,894,100,84.1,91.2,89.9,100,90.8,90.4,97.5,86.4,20.5,20.6,21.1,20.6,20.5,20.8,20.5,20.8,20.6
"2026-10-01 22:06:00",133052,11.78,31.77,896,895,895,895,894,895,895,895,894,100,84.3,91.4,90.5,100,91.3,90.9,95.7,86.9,20.5,20.6,21.1,20.6,20.5,20.8,20.5,20.8,20.6
"2026-10-01 22:07:00",133053,11.8,31.75,896,895,895,895,894,895,895,895,894,100,85,92.4,90.8,100,91.6,91.4,94.9,87.5,20.5,20.7,21.1,20.5,20.5,20.8,20.5,20.8,20.6
"2026-10-01 22:08:00",133054,11.83,31.74,896,895,895,895,895,895,895,895,894,100,85.4,92.6,91.5,100,91.6,92,94.2,88.2,20.5,20.7,21.1,20.5,20.5,20.8,20.5,20.8,20.6
"2026-10-01 22:09:00",133055,11.77,31.72,896,895,895,895,895,895,895,895,894,100,85.8,93.2,92,100,91.6,92.4,95,88.8,20.5,20.7,21.1,20.5,20.5,20.8,20.5,20.8,20.6
"2026-10-01 22:10:00",133056,11.78,31.7,896,895,895,895,895,895,895,895,894,100,85.8,93.3,92.4,100,91.7,92.9,98.8,88.9,20.5,20.7,21.1,20.5,20.5,20.8,20.5,20.8,20.6
"2026-10-01 22:11:00",133057,11.81,31.69,896,895,895,895,895,895,895,895,894,100,85.6,93.5,92.6,100,91.9,93.2,99.9,89.1,20.5,20.7,21.1,20.6,20.5,20.8,20.5,20.9,20.6
"2026-10-01 22:12:00",133058,11.76,31.67,896,895,895,895,895,895,895,895,894,100,85.6,93.3,93.1,100,92,93.5,100,88.3,20.5,20.7,21.2,20.6,20.5,20.8,20.5,20.9,20.6
"2026-10-01 22:13:00",133059,11.8,31.66,896,895,895,895,895,895,895,895,894,100,85.6,93.6,92.9,100,92.1,93.3,100,86.7,20.5,20.7,21.2,20.6,20.6,20.7,20.5,20.9,20.7
"2026-10-01 22:14:00",133060,11.81,31.64,896,895,895,895,895,895,895,895,894,100,86,93.7,92.9,100,92.2,93.2,100,87.1,20.5,20.7,21.2,20.6,20.6,20.7,20.5,20.9,20.7
"2026-10-01 22:15:00",133061,11.77,31.63,896,895,895,895,895,895,895,895,894,100,86,93.5,92.7,100,92.3,93,99.6,87.8,20.5,20.7,21.2,20.6,20.6,20.7,20.5,20.9,20.7
"2026-10-01 22:16:00",133062,11.81,31.61,896,895,895,895,895,895,895,895,894,100,85.5,93.1,92.5,100,92.3,92.7,99.8,87.8,20.5,20.7,21.2,20.6,20.6,20.7,20.5,20.9,20.7
"2026-10-01 22:17:00",133063,11.78,31.6,896,895,895,895,895,895,895,895,894,100,85.5,93,92.4,100,92.2,92.8,99.9,87.8,20.5,20.7,21.2,20.6,20.6,20.7,20.5,20.9,20.7
"2026-10-01 22:18:00",133064,11.81,31.58,896,895,895,895,895,895,895,895,894,100,85.6,93.1,92.4,100,92.6,92.7,100,88.1,20.5,20.7,21.2,20.6,20.6,20.7,20.5,20.9,20.7
"2026-10-01 22:19:00",133065,11.8,31.57,896,895,895,895,895,895,895,895,894,100,85.4,92.6,92.2,100,92.9,92.7,99.8,87.9,20.5,20.7,21.1,20.6,20.6,20.7,20.5,20.9,20.7
"2026-10-01 22:20:00",133066,11.8,31.55,896,895,895,895,895,895,895,895,894,100,85.4,93,92.1,100,93.3,92.5,99.6,87.9,20.5,20.7,21.1,20.5,20.5,20.6,20.5,20.9,20.7
"2026-10-01 22:21:00",133067,11.78,31.54,896,895,895,895,895,895,895,895,894,100,85.3,92.5,92.2,100,93.5,92.4,99.6,87.6,20.4,20.6,21.1,20.5,20.5,20.6,20.4,20.8,20.6
"2026-10-01 22:22:00",133068,11.77,31.53,896,895,895,895,895,895,895,895,894,100,84.5,91.7,91.7,100,92.9,92.4,98.5,86.5,20.4,20.6,21.1,20.5,20.5,20.6,20.4,20.8,20.6
"2026-10-01 22:23:00",133069,11.8,31.51,896,895,895,895,895,895,895,895,894,100,84.3,91.2,91.5,100,92.7,92.3,98.1,86,20.4,20.6,21,20.5,20.5,20.6,20.4,20.7,20.6
"2026-10-01 22:24:00",133070,11.8,31.5,896,895,895,895,894,895,895,895,894,100,84.8,91.4,91.4,100,92.5,92.2,98.1,86.4,20.3,20.5,21,20.5,20.4,20.6,20.3,20.7,20.5
"2026-10-01 22:25:00",133071,11.78,31.48,896,895,895,895,894,895,895,895,894,100,85.7,92.3,91.1,100,92.3,92.2,98,87.1,20.3,20.5,21,20.4,20.4,20.5,20.3,20.7,20.5
"2026-10-01 22:26:00",133072,11.78,31.47,896,895,895,895,894,895,895,895,894,100,85.7,92.4,91.2,100,92.6,92.1,98.7,86.8,20.3,20.5,20.9,20.4,20.4,20.5,20.3,20.6,20.5
"2026-10-01 22:27:00",133073,11.77,31.46,896,895,895,895,894,895,895,895,894,100,84.9,91.9,91.3,100,92.8,92.1,98.7,86.6,20.2,20.4,20.9,20.3,20.3,20.5,20.2,20.6,20.4
"2026-10-01 22:28:00",133074,11.81,31.44,896,895,895,895,895,895,895,895,894,100,84.7,92,91.3,100,92.7,92.1,98.7,86.6,20.2,20.4,20.9,20.3,20.3,20.5,20.2,20.6,20.4
"2026-10-01 22:29:00",133075,11.81,31.43,896,895,895,895,895,895,895,895,894,100,84.5,91.8,91.4,100,92.7,92.2,98.9,86.3,20.1,20.4,20.8,20.3,20.3,20.4,20.1,20.5,20.4
"2026-10-01 22:30:00",133076,11.8,31.42,896,895,895,895,895,895,895,895,894,100,84.3,91.8,91.3,100,92.7,92.3,98.8,86,20.1,20.3,20.8,20.2,20.2,20.4,20.1,20.5,20.3
"2026-10-01 22:31:00",133077,11.78,31.4,896,895,895,895,894,895,895,895,894,100,84.1,91.5,91.2,100,92.6,92.2,98.9,86,20,20.3,20.7,20.2,20.2,20.4,20,20.5,20.3
"2026-10-01 22:32:00",133078,11.81,31.39,896,895,895,895,894,895,895,895,894,100,84.4,91.8,91.4,100,92.7,92.2,98.8,86.4,20,20.2,20.7,20.2,20.2,20.3,20,20.4,20.3
"2026-10-01 22:33:00",133079,11.8,31.38,896,895,895,895,895,895,895,895,894,100,84.7,92.1,91.5,100,92.7,92.4,98.5,86.8,19.9,20.2,20.6,20.1,20.1,20.3,20,20.3,20.2
"2026-10-01 22:34:00",133080,11.74,31.36,896,895,895,895,894,895,895,895,894,100,85.1,92.5,91.6,100,92.8,92.5,98.3,87.1,19.9,20.1,20.6,20.1,20.1,20.3,19.9,20.3,20.2
"2026-10-01 22:35:00",133081,11.77,31.35,896,895,895,895,895,895,895,895,894,100,85.1,92.8,91.8,100,93,92.5,98.1,87.3,19.8,20.1,20.5,20.1,20.1,20.2,19.9,20.2,20.2
"2026-10-01 22:36:00",133082,11.81,31.34,896,895,895,895,894,895,895,895,894,100,85.4,93,92,100,93.2,92.5,98,87.6,19.8,20.1,20.5,20,20,20.2,19.9,20.2,20.1
"2026-10-01 22:37:00",133083,11.74,31.32,896,895,895,895,895,895,895,895,894,100,85.6,93.4,92.1,100,93.3,93.2,97.9,88,19.8,20,20.5,20,20,20.1,19.8,20.1,20.1
"2026-10-01 22:38:00",133084,11.75,31.31,896,895,895,895,895,895,895,895,894,100,86.2,93.8,92.1,100,93.5,93.4,97.9,88.5,19.7,20,20.4,20,19.9,20.1,19.8,20.1,20
"2026-10-01 22:39:00",133085,11.75,31.3,896,895,895,895,895,895,895,895,894,100,86.7,94.5,92.4,100,93.8,93.7,97.9,89.2,19.7,20,20.4,19.9,19.9,20.1,19.7,20,20
"2026-10-01 22:40:00",133086,11.79,31.28,896,895,895,895,895,895,895,895,894,100,86.8,94.6,92.7,100,94.1,94.2,98.1,89.5,19.6,19.9,20.3,19.9,19.9,20,19.7,19.9,19.9
"2026-10-01 22:41:00",133087,11.79,31.27,896,895,895,895,894,895,895,895,894,100,86.8,94.7,92.9,100,94.3,94.3,98.3,89.7,19.6,19.9,20.3,19.9,19.8,20,19.6,19.9,19.9
"2026-10-01 22:42:00",133088,11.8,31.25,896,895,895,895,894,895,895,895,894,100,87.4,95.2,93,100,94.6,94.5,98.3,90.2,19.6,19.9,20.3,19.8,19.8,20,19.6,19.9,19.9
"2026-10-01 22:43:00",133089,11.74,31.24,896,895,895,895,894,895,895,895,894,100,87.7,95.6,93.2,100,94.8,94.8,100,90.5,19.6,19.8,20.3,19.8,19.8,19.9,19.6,19.8,19.8
"2026-10-01 22:44:00",133090,11.8,31.23,896,895,895,895,894,895,895,895,894,100,88,95.8,93.5,100,95,95,100,91,19.5,19.8,20.2,19.8,19.7,19.9,19.5,19.8,19.8
"2026-10-01 22:45:00",133091,11.81,31.21,896,895,895,895,894,895,895,895,894,100,87.8,95.9,93.8,100,95.2,95.3,100,91.2,19.5,19.8,20.2,19.8,19.7,19.9,19.5,19.8,19.7
"2026-10-01 22:46:00",133092,11.78,31.2,896,895,895,895,894,895,895,895,894,100,87.9,96,94.1,100,95.7,95.6,100,91.6,19.5,19.8,20.2,19.7,19.7,19.9,19.5,19.8,19.7
"2026-10-01 22:47:00",133093,11.78,31.19,896,895,895,895,894,895,895,895,894,100,88,96.1,94.2,100,95.8,95.7,100,92,19.5,19.7,20.2,19.7,19.7,19.9,19.5,19.7,19.7
"2026-10-01 22:48:00",133094,11.82,31.17,896,895,895,895,894,895,895,895,894,100,88,95.8,93.9,100,95.6,95.4,100,92.5,19.5,19.7,20.2,19.7,19.7,19.9,19.5,19.7,19.7
"2026-10-01 22:49:00",133095,11.82,31.16,896,895,895,895,894,895,895,895,894,100,87.8,95.5,93.9,100,95.5,95.2,100,92.9,19.5,19.7,20.2,19.7,19.7,19.9,19.5,19.8,19.7
"2026-10-01 22:50:00",133096,11.77,31.14,896,895,895,895,895,895,895,895,894,100,88,95.5,93.8,100,95.5,95.3,100,93.2,19.4,19.7,20.2,19.7,19.7,19.9,19.5,19.8,19.7
"2026-10-01 22:51:00",133097,11.82,31.13,896,895,895,895,895,895,895,895,894,100,88,95.3,93.9,100,95.6,95.4,100,93.5,19.5,19.7,20.2,19.7,19.7,19.9,19.5,19.8,19.7
"2026-10-01 22:52:00",133098,11.8,31.12,896,895,895,895,895,895,895,895,894,100,87.8,95.3,93.9,100,95.6,95.3,100,93.6,19.5,19.7,20.2,19.7,19.7,19.9,19.5,19.8,19.7
"2026-10-01 22:53:00",133099,11.78,31.1,896,895,895,895,894,895,895,895,894,100,87.6,95,93.9,100,95.7,95.3,100,93.6,19.5,19.7,20.2,19.7,19.7,19.9,19.5,19.8,19.8
"2026-10-01 22:54:00",133100,11.79,31.09,896,895,895,895,895,895,895,895,894,100,87.4,94.9,93.9,100,95.9,95.5,100,93.6,19.5,19.7,20.2,19.7,19.7,19.9,19.5,19.8,19.8
"2026-10-01 22:55:00",133101,11.79,31.07,896,895,895,895,895,895,895,895,894,100,87.4,95,94,100,95.9,95.5,100,93.7,19.5,19.7,20.2,19.7,19.7,19.9,19.5,19.8,19.8
"2026-10-01 22:56:00",133102,11.74,31.06,896,895,895,895,895,895,895,895,894,100,87.5,95,94,100,95.9,95.6,100,92,19.5,19.7,20.2,19.7,19.7,19.9,19.5,19.8,19.8
"2026-10-01 22:57:00",133103,11.8,31.04,896,895,895,895,895,895,895,895,894,100,87.5,95.1,94,100,95.8,95.5,100,90.6,19.5,19.7,20.2,19.7,19.7,19.9,19.5,19.8,19.8
"2026-10-01 22:58:00",133104,11.76,31.03,896,895,895,895,895,895,895,895,894,100,87.5,94.9,93.9,100,95.8,95.4,100,90,19.5,19.8,20.2,19.7,19.8,19.9,19.5,19.9,19.8
"2026-10-01 22:59:00",133105,11.78,31.01,896,895,895,895,895,895,895,895,894,100,87.9,95,94,100,95.9,95.6,100,89.8,19.5,19.8,20.3,19.7,19.8,19.9,19.5,19.9,19.8
"2026-10-01 23:00:00",133106,11.78,31,896,895,895,895,894,895,895,895,894,100,87.9,95.1,94,100,95.9,95.7,100,90,19.6,19.8,20.3,19.7,19.8,19.9,19.5,19.9,19.9
"2026-10-01 23:01:00",133107,11.75,30.98,896,895,895,895,895,895,895,895,894,100,88,95.4,94.2,100,95.9,95.7,100,90.3,19.6,19.8,20.3,19.7,19.8,19.9,19.5,19.9,19.9
"2026-10-01 23:02:00",133108,11.77,30.97,896,895,895,895,895,895,895,895,894,100,88.2,95.7,94.3,100,96.2,95.9,100,90.4,19.6,19.8,20.3,19.8,19.8,20,19.5,19.9,19.9
"2026-10-01 23:03:00",133109,11.76,30.95,896,895,895,895,894,895,895,895,894,100,88.3,95.8,94.3,100,96.3,96,100,90.4,19.6,19.8,20.3,19.8,19.8,20,19.6,19.9,19.9
"2026-10-01 23:04:00",133110,11.79,30.94,896,895,895,895,894,895,895,895,894,100,88.2,95.8,94.4,100,96.2,95.8,100,90.5,19.6,19.8,20.3,19.8,19.9,20,19.6,19.9,19.9
"2026-10-01 23:05:00",133111,11.8,30.93,896,895,895,895,894,895,895,895,894,100,88,96,94.4,100,96.2,95.9,100,90.5,19.6,19.8,20.3,19.8,19.9,20,19.6,19.9,20
"2026-10-01 23:06:00",133112,11.75,30.91,896,895,895,895,894,895,895,895,894,100,88.3,96,94.5,100,96.3,96,100,90.4,19.6,19.8,20.3,19.8,19.9,20,19.6,19.9,20
"2026-10-01 23:07:00",133113,11.79,30.9,896,895,895,895,894,895,895,895,894,100,88.2,96,94.6,100,96.4,96.2,100,90.3,19.6,19.8,20.3,19.8,19.9,20,19.6,19.9,20
"2026-10-01 23:08:00",133114,11.78,30.89,896,895,895,895,894,895,895,895,894,100,88.2,96,94.6,100,96.4,96.2,100,90.3,19.6,19.8,20.3,19.8,19.9,20,19.6,20,19.9
"2026-10-01 23:09:00",133115,11.75,30.87,896,895,895,895,894,895,895,895,894,100,88,95.8,94.7,100,96.5,96.2,100,90.2,19.6,19.8,20.3,19.8,19.9,20,19.6,19.9,19.9
"2026-10-01 23:10:00",133116,11.78,30.86,896,895,895,895,894,895,895,895,894,100,88.3,95.6,94.7,100,96.4,96.3,100,90.2,19.6,19.8,20.3,19.8,19.9,20,19.6,20,19.9
"2026-10-01 23:11:00",133117,11.78,30.84,896,895,895,895,894,895,895,895,894,100,88.3,95.5,94.7,100,96.1,96.3,100,90.2,19.6,19.8,20.3,19.8,19.9,20,19.6,19.9,19.9
"2026-10-01 23:12:00",133118,11.78,30.83,896,895,895,895,894,895,895,895,894,100,89,95.6,94.3,100,96,95.8,100,89.6,19.6,19.8,20.3,19.8,19.8,20,19.6,19.9,19.9
"2026-10-01 23:13:00",133119,11.79,30.82,896,895,895,895,894,895,895,895,894,100,89.1,95.5,94.4,100,96.1,95.8,100,89.4,19.6,19.8,20.3,19.8,19.9,20,19.6,19.9,19.9
"2026-10-01 23:14:00",133120,11.76,30.81,896,895,895,895,894,895,895,895,894,100,89.2,95.4,94.4,100,96.1,95.9,100,89.6,19.6,19.8,20.3,19.8,19.9,20,19.6,19.9,19.9
"2026-10-01 23:15:00",133121,11.79,30.79,896,895,895,895,894,895,895,895,894,100,89.5,95.5,94.4,100,96.2,95.9,100,89.9,19.6,19.8,20.3,19.8,19.9,20,19.6,19.9,19.9
"2026-10-01 23:16:00",133122,11.78,30.78,896,895,895,895,894,895,895,895,894,100,89.8,95.5,94.4,100,96.3,96,100,90.1,19.6,19.8,20.3,19.8,19.9,20,19.6,20,19.9
"2026-10-01 23:17:00",133123,11.81,30.77,896,895,895,895,894,895,895,895,894,100,90,95.4,94.7,100,96.2,96,100,90.2,19.6,19.9,20.3,19.8,19.9,20,19.6,20,19.9
"2026-10-01 23:18:00",133124,11.78,30.75,896,895,895,895,894,895,895,895,894,100,90.1,95.2,94.6,100,96.2,95.9,100,90.1,19.6,19.9,20.3,19.8,19.9,20,19.6,20,19.9
"2026-10-01 23:19:00",133125,11.77,30.74,896,895,895,895,894,895,895,895,894,100,90.5,95,94.5,100,96.1,95.7,100,90,19.6,19.9,20.3,19.8,19.9,20,19.6,20,19.9
"2026-10-01 23:20:00",133126,11.81,30.73,896,895,895,895,894,895,895,895,894,100,90.5,95,94.5,100,96.1,95.7,100,90.2,19.7,19.9,20.3,19.8,19.9,20,19.7,20,20
"2026-10-01 23:21:00",133127,11.8,30.71,896,895,895,895,894,895,895,895,894,100,89.3,95.1,94.5,100,96.1,95.7,100,90.2,19.7,19.9,20.4,19.8,19.9,20.1,19.7,20,20
"2026-10-01 23:22:00",133128,11.75,30.7,896,895,895,895,894,895,895,895,894,100,88.7,95.3,94.6,100,96.1,95.7,100,90.1,19.7,19.9,20.4,19.9,19.9,20.1,19.7,20,20
"2026-10-01 23:23:00",133129,11.8,30.69,896,895,895,895,894,895,895,895,894,100,88.7,95.8,94.5,100,96,95.6,100,89.9,19.7,19.9,20.4,19.9,19.9,20.1,19.7,20,20
"2026-10-01 23:24:00",133130,11.82,30.67,896,895,895,895,894,895,895,895,894,100,87.9,96.2,94.2,100,95.8,95.4,100,89.3,19.8,19.9,20.4,19.9,19.9,20.1,19.7,20,20
"2026-10-01 23:25:00",133131,11.82,30.66,896,895,895,895,894,895,895,895,894,100,87.7,96.6,94,100,95.4,94.8,100,88.5,19.8,19.9,20.4,19.9,20,20.1,19.7,20,20
"2026-10-01 23:26:00",133132,11.79,30.65,896,895,895,895,894,895,895,895,894,100,87.5,96.8,93.9,100,95.2,94.6,100,88.1,19.8,19.9,20.4,19.9,20,20.1,19.8,20.1,20
"2026-10-01 23:27:00",133133,11.8,30.63,895,895,895,895,894,895,895,895,894,100,87.3,97.3,93.8,100,95,94.3,100,88.6,19.8,20,20.4,19.9,20,20.2,19.8,20.1,20
"2026-10-01 23:28:00",133134,11.77,30.62,895,895,895,895,894,895,895,895,894,100,86.5,97.5,93.8,100,94.8,94.2,100,88.5,19.8,20,20.5,19.9,20,20.2,19.8,20.1,20
"2026-10-01 23:29:00",133135,11.79,30.61,895,894,895,895,894,895,895,895,894,100,86.2,97.7,93.3,100,94.6,94.1,100,88.3,19.8,20,20.5,20,20,20.2,19.8,20.1,20.1
"2026-10-01 23:30:00",133136,11.81,30.6,895,894,895,894,894,895,895,895,894,100,86.2,98,93.2,100,94.5,94.1,100,88.3,19.8,20,20.5,20,20.1,20.2,19.8,20.1,20.1
"2026-10-01 23:31:00",133137,11.81,30.58,895,894,895,894,894,895,895,895,894,100,86,98.1,93,100,94.5,94,100,87.7,19.8,20,20.5,20,20.1,20.2,19.9,20.1,20.1
"2026-10-01 23:32:00",133138,11.77,30.57,895,894,895,894,894,895,895,895,894,100,85.8,98.3,92.9,100,94.3,93.9,100,87.1,19.9,20,20.5,20,20.1,20.2,19.9,20.2,20.1
"2026-10-01 23:33:00",133139,11.79,30.56,895,894,895,894,894,895,895,895,894,100,85.8,97,92.7,100,94,93.5,100,87.3,19.9,20,20.5,20,20.1,20.2,19.9,20.2,20.1
"2026-10-01 23:34:00",133140,11.77,30.54,895,894,895,894,894,895,895,895,894,100,86,95.2,92.5,100,93.9,93.4,100,87.4,19.9,20,20.5,20,20.1,20.3,19.9,20.2,20.1
"2026-10-01 23:35:00",133141,11.81,30.53,895,894,895,894,894,895,895,895,894,100,86,94.8,93.2,100,94,93.4,100,87.7,19.9,20,20.5,20,20.1,20.3,19.9,20.2,20.1
"2026-10-01 23:36:00",133142,11.79,30.52,895,894,895,894,894,895,895,895,894,100,86.2,94.7,93.7,100,94.2,93.7,100,87.8,19.9,20.1,20.5,20,20.1,20.3,19.9,20.2,20.1
"2026-10-01 23:37:00",133143,11.76,30.5,895,894,895,894,894,895,895,895,894,100,85.8,94,93.8,100,94.3,93.9,100,87.2,19.9,20.1,20.5,20,20.1,20.3,19.9,20.2,20.1
"2026-10-01 23:38:00",133144,11.78,30.49,895,894,895,894,894,895,895,895,894,100,86.3,94,94.1,100,94.3,93.9,100,86.9,19.9,20.1,20.5,20,20.1,20.3,19.9,20.2,20.1
"2026-10-01 23:39:00",133145,11.75,30.48,895,894,895,894,894,895,895,895,894,100,85.7,93.6,94.3,100,94.3,93.9,100,86.9,19.9,20.1,20.5,20,20.1,20.3,19.9,20.2,20.1
"2026-10-01 23:40:00",133146,11.78,30.47,895,894,895,894,894,895,895,895,894,100,85.7,93.6,94.4,100,94.3,94,100,87.2,19.9,20.1,20.5,20,20.1,20.3,19.9,20.2,20.2
"2026-10-01 23:41:00",133147,11.77,30.46,895,894,895,894,894,895,895,895,894,100,85,93.4,94.7,100,94.1,93.6,100,86.8,19.9,20.1,20.5,20,20.1,20.3,19.9,20.2,20.2
"2026-10-01 23:42:00",133148,11.78,30.44,895,894,895,894,894,895,895,895,894,100,85.2,93.3,94.6,100,94.1,93.4,100,86.4,19.9,20.1,20.5,20,20.1,20.3,19.9,20.2,20.2
"2026-10-01 23:43:00",133149,11.77,30.43,895,894,895,894,894,894,895,895,894,100,85.3,93.3,94.8,100,93.7,93.2,100,86.5,19.9,20.1,20.5,20,20.1,20.3,19.9,20.2,20.2
"2026-10-01 23:44:00",133150,11.81,30.42,895,894,895,894,894,894,895,895,894,100,85.1,93,95.1,100,93.8,93.3,100,87.2,19.9,20.1,20.5,20,20,20.2,19.9,20.2,20.1
"2026-10-01 23:45:00",133151,11.76,30.41,895,894,895,894,894,894,895,895,894,100,85.6,93.1,95.2,100,93.9,93.3,100,87.7,19.9,20.1,20.5,20,20,20.2,19.9,20.2,20.1
"2026-10-01 23:46:00",133152,11.78,30.4,895,894,895,894,894,894,895,895,894,100,85.8,93.5,94.3,100,93.8,93.4,100,87.7,19.9,20.1,20.5,20,20,20.2,19.9,20.2,20.1
"2026-10-01 23:47:00",133153,11.77,30.38,895,894,895,894,894,894,895,895,894,100,86.2,94,93.6,100,94.1,93.4,100,88.8,19.9,20.1,20.5,20,20,20.2,19.9,20.2,20.1
"2026-10-01 23:48:00",133154,11.81,30.37,895,894,895,894,894,894,895,895,894,100,86.3,94.5,93.7,100,94.5,93.8,100,89.4,19.9,20.1,20.5,20,20,20.2,19.9,20.2,20.1
"2026-10-01 23:49:00",133155,11.79,30.36,895,894,895,894,894,894,895,895,894,100,86.3,94.7,94.1,100,94.9,93.8,100,89.7,19.9,20.1,20.5,20,20,20.2,19.9,20.2,20.1
"2026-10-01 23:50:00",133156,11.75,30.35,895,894,895,894,894,894,895,895,894,100,86.4,94.6,94.3,100,95.1,94.7,100,89.4,19.9,20.1,20.5,20,20,20.2,19.9,20.2,20.1
"2026-10-01 23:51:00",133157,11.79,30.34,895,894,895,894,894,894,894,895,894,100,86.4,94.6,94.3,100,95.3,94.9,100,89.3,19.9,20.1,20.5,20,20,20.2,19.9,20.2,20.1
"2026-10-01 23:52:00",133158,11.76,30.33,895,894,895,894,894,894,894,895,894,100,86.6,94.7,94.1,100,95.3,94.8,100,89.2,19.9,20.1,20.5,20,20,20.2,19.8,20.2,20.1
"2026-10-01 23:53:00",133159,11.79,30.31,895,894,895,894,894,894,894,895,894,100,86.7,94.5,94,100,95.2,94.6,100,89,19.9,20,20.5,20,20,20.2,19.8,20.2,20
"2026-10-01 23:54:00",133160,11.8,30.3,895,894,895,894,894,894,894,895,894,100,86.4,94.4,93.8,100,94.9,94.6,100,88.9,19.9,20,20.5,20,19.9,20.2,19.8,20.1,20
"2026-10-01 23:55:00",133161,11.78,30.29,895,894,895,894,894,894,894,895,894,100,86.5,94.3,93.3,100,94.1,93.9,100,88.3,19.8,20,20.5,19.9,19.9,20.2,19.8,20.1,20
"2026-10-01 23:56:00",133162,11.77,30.28,895,894,895,894,894,894,895,895,894,100,86.1,93.8,93.3,100,93.7,93.3,100,87.8,19.8,20,20.5,19.9,19.9,20.2,19.8,20.1,20
"2026-10-01 23:57:00",133163,11.76,30.27,895,894,895,894,894,894,894,895,894,100,85.8,93.5,92.7,100,93.9,93.4,100,87.7,19.8,20,20.4,19.9,19.9,20.2,19.8,20.1,20
"2026-10-01 23:58:00",133164,11.78,30.26,895,894,895,894,894,894,895,895,894,100,85.8,93.4,92.8,100,94,93.5,100,87.9,19.8,20,20.4,19.9,19.9,20.1,19.8,20.1,20
"2026-10-01 23:59:00",133165,11.79,30.25,895,894,895,894,894,894,895,895,894,100,85.9,93.3,92.9,100,94,93.5,100,88,19.8,19.9,20.4,19.9,19.9,20.1,19.8,20.1,20
"2026-10-02 00:00:00",133166,11.77,30.24,895,894,895,894,894,894,895,895,894,100,86.2,93.4,93.3,100,94.4,93.9,100,88.1,19.8,19.9,20.4,19.9,19.9,20.1,19.7,20.1,20
"2026-10-02 00:01:00",133167,11.76,30.22,895,894,895,894,894,894,895,895,894,100,86.3,93.6,93.4,100,94.6,94.5,100,88.5,19.8,19.9,20.4,19.9,19.8,20.1,19.7,20.1,20
"2026-10-02 00:02:00",133168,11.77,30.21,895,894,895,894,894,894,895,895,894,100,86.5,94,93.6,100,94.8,94.5,100,88.5,19.8,19.9,20.4,19.9,19.8,20.1,19.7,20.1,20
"2026-10-02 00:03:00",133169,11.83,30.2,895,894,895,894,894,894,895,895,894,100,86.6,94.3,93.6,100,95,94.5,100,89.4,19.8,19.9,20.4,19.9,19.8,20.1,19.7,20,20
"2026-10-02 00:04:00",133170,11.76,30.19,895,894,895,894,894,894,895,895,894,100,86.7,94.4,94,100,95.1,94.5,100,88.9,19.8,19.9,20.4,19.9,19.8,20.1,19.7,20,20
"2026-10-02 00:05:00",133171,11.8,30.18,895,894,895,894,894,894,895,895,894,100,86.9,94.8,94.2,100,95.4,94.5,100,88.5,19.8,19.9,20.4,19.8,19.8,20,19.7,20,20
"2026-10-02 00:06:00",133172,11.77,30.17,895,894,895,894,894,894,895,895,894,100,86.9,94.7,94,100,95.6,95.2,100,88.9,19.7,19.9,20.4,19.8,19.8,20,19.7,20,20
"2026-10-02 00:07:00",133173,11.77,30.16,895,894,895,894,894,894,895,895,894,100,87.1,94.8,93.7,100,95.7,95.1,100,89,19.7,19.9,20.4,19.8,19.8,20,19.7,20,19.9
"2026-10-02 00:08:00",133174,11.81,30.15,895,894,895,894,894,894,895,895,894,100,87.1,94.7,93.7,100,95.9,95.2,100,89,19.7,19.9,20.4,19.8,19.8,20,19.6,20,19.9
"2026-10-02 00:09:00",133175,11.82,30.14,895,894,895,894,894,894,895,895,894,100,87.2,94.9,93.9,100,96.1,95.2,100,89.2,19.7,19.9,20.4,19.8,19.8,20,19.6,20,19.9
"2026-10-02 00:10:00",133176,11.8,30.13,895,894,895,894,894,894,894,895,894,100,87.4,95.8,94.5,100,96.3,95.9,100,89.6,19.7,19.9,20.3,19.8,19.8,20,19.6,20,19.9
"2026-10-02 00:11:00",133177,11.79,30.12,895,894,895,894,894,894,894,895,894,100,88,96.2,94.9,100,96.7,95.9,100,90.3,19.7,19.9,20.3,19.8,19.8,20,19.6,20,19.9
"2026-10-02 00:12:00",133178,11.8,30.11,895,894,895,894,894,894,894,895,894,100,88.3,96.5,95.1,100,97,96.4,100,90.9,19.7,19.8,20.3,19.8,19.8,20,19.6,20,19.9
"2026-10-02 00:13:00",133179,11.81,30.1,895,894,895,894,894,894,894,895,894,100,88.6,96.7,95.2,100,97.1,96.4,100,90.9,19.6,19.8,20.3,19.8,19.8,19.9,19.6,19.9,19.9
"2026-10-02 00:14:00",133180,11.78,30.09,895,894,895,894,894,894,894,895,894,100,88.4,96.6,95.3,100,97.2,96.4,100,90.5,19.6,19.8,20.3,19.8,19.8,19.9,19.6,19.9,19.9
"2026-10-02 00:15:00",133181,11.78,30.08,895,894,895,894,894,894,894,895,894,100,88.4,96.5,95.3,100,97.2,96.3,100,90.5,19.6,19.8,20.3,19.8,19.7,19.9,19.6,19.9,19.9
"2026-10-02 00:16:00",133182,11.79,30.07,895,894,895,894,894,894,894,895,894,100,88.5,96.5,95.5,100,97.3,96.3,100,90.7,19.6,19.8,20.2,19.8,19.7,19.9,19.5,19.9,19.8
"2026-10-02 00:17:00",133183,11.78,30.06,895,894,895,894,894,894,894,894,894,100,88.4,96.6,95.4,100,97.3,96.3,100,90.7,19.5,19.7,20.2,19.7,19.7,19.9,19.5,19.9,19.8
"2026-10-02 00:18:00",133184,11.76,30.05,895,894,895,894,894,894,894,894,894,100,88.5,96.3,95.2,100,97.1,96.3,100,90.4,19.5,19.7,20.2,19.7,19.7,19.9,19.5,19.8,19.8
"2026-10-02 00:19:00",133185,11.82,30.04,895,894,895,894,894,894,894,894,894,100,88.5,96,95,100,96.9,96.4,100,89.8,19.5,19.7,20.1,19.7,19.7,19.8,19.5,19.8,19.8
"2026-10-02 00:20:00",133186,11.81,30.03,895,894,895,894,894,894,894,894,894,100,88.3,95.9,94.8,100,96.7,96.5,100,89.6,19.5,19.7,20.1,19.7,19.6,19.8,19.5,19.8,19.8
"2026-10-02 00:21:00",133187,11.8,30.02,895,894,895,894,894,894,894,894,893,100,88.3,95.7,95.1,100,97,96.6,100,89.9,19.4,19.6,20.1,19.7,19.6,19.8,19.4,19.8,19.7
"2026-10-02 00:22:00",133188,11.81,30.01,895,894,895,894,894,894,894,894,893,100,88.2,95.7,95,100,97,96.6,100,89.8,19.4,19.6,20.1,19.6,19.6,19.8,19.4,19.7,19.7
"2026-10-02 00:23:00",133189,11.78,30,895,894,895,894,894,894,894,894,893,100,88.1,95.8,94.9,100,97.1,96.6,100,89.5,19.4,19.6,20.1,19.6,19.6,19.8,19.4,19.7,19.7
"2026-10-02 00:24:00",133190,11.76,29.99,895,894,895,894,894,894,894,894,893,100,88.3,96.1,95,100,97.1,96.6,100,89.5,19.4,19.6,20.1,19.6,19.5,19.8,19.4,19.7,19.7
"2026-10-02 00:25:00",133191,11.78,29.98,895,894,895,894,894,894,894,894,893,100,88.7,96.2,95.1,100,97.1,96.7,100,89.9,19.4,19.6,20.1,19.6,19.5,19.8,19.3,19.7,19.7
"2026-10-02 00:26:00",133192,11.78,29.97,895,894,895,894,894,894,894,894,893,100,89.9,96.9,95.1,100,97.1,96.6,100,90.9,19.4,19.5,20,19.6,19.5,19.7,19.3,19.7,19.7
"2026-10-02 00:27:00",133193,11.77,29.96,895,894,895,894,894,894,894,894,893,100,90.7,98.2,95.1,100,97.3,96.9,100,91,19.4,19.5,20,19.6,19.5,19.7,19.3,19.6,19.7
"2026-10-02 00:28:00",133194,11.8,29.95,895,894,895,894,894,894,894,894,893,100,90.9,98.6,95.1,100,97.3,97,100,91.3,19.3,19.5,20,19.5,19.5,19.7,19.3,19.6,19.7
"2026-10-02 00:29:00",133195,11.76,29.95,895,894,895,894,894,894,894,894,893,100,90.7,98,95.2,100,97.4,97.1,100,90.5,19.3,19.5,20,19.5,19.5,19.7,19.3,19.6,19.6
"2026-10-02 00:30:00",133196,11.82,29.94,895,894,895,894,894,894,894,894,893,100,90.1,97.2,95.3,100,97.6,97.1,100,90.5,19.3,19.5,20,19.5,19.5,19.7,19.3,19.6,19.6
"2026-10-02 00:31:00",133197,11.8,29.93,895,894,895,894,894,894,894,894,893,100,89.8,97,95.2,100,97.6,97.2,100,90.7,19.3,19.5,20,19.5,19.5,19.7,19.3,19.5,19.6
"2026-10-02 00:32:00",133198,11.77,29.92,895,894,895,894,894,894,894,894,893,100,89.6,96.7,95.2,100,97.6,97.1,100,90.7,19.3,19.5,20,19.5,19.4,19.7,19.3,19.5,19.6
"2026-10-02 00:33:00",133199,11.81,29.91,895,894,895,894,894,894,894,894,893,100,89.5,96.8,95.3,100,97.7,97.1,100,90.7,19.3,19.5,20,19.5,19.4,19.6,19.3,19.5,19.6
"2026-10-02 00:34:00",133200,11.76,29.9,895,894,895,894,894,894,894,894,893,100,89.6,96.9,95.4,100,97.7,97,100,90.8,19.3,19.5,20,19.5,19.4,19.6,19.2,19.5,19.6
"2026-10-02 00:35:00",133201,11.81,29.89,895,894,895,894,894,894,894,894,893,100,89.5,97,95.5,100,97.8,97.2,100,90.8,19.3,19.4,20,19.5,19.4,19.6,19.2,19.5,19.6
"2026-10-02 00:36:00",133202,11.76,29.88,895,894,895,894,894,894,894,894,893,100,89.6,97.1,95.7,100,97.9,97.3,100,90.8,19.2,19.4,19.9,19.4,19.4,19.6,19.2,19.4,19.6
"2026-10-02 00:37:00",133203,11.75,29.87,895,894,895,894,894,894,894,894,893,100,89.6,97.3,95.7,100,98,97.3,100,90.8,19.2,19.4,19.9,19.4,19.4,19.6,19.2,19.4,19.6
"2026-10-02 00:38:00",133204,11.82,29.86,895,894,895,894,894,894,894,894,893,100,89.9,97.3,96,100,98.2,97.6,100,91.3,19.2,19.4,19.9,19.4,19.4,19.6,19.2,19.4,19.5
"2026-10-02 00:39:00",133205,11.78,29.85,895,894,895,894,894,894,894,894,893,100,90,97.5,96.2,100,98.2,97.6,100,91.7,19.2,19.4,19.9,19.4,19.3,19.6,19.2,19.4,19.5
"2026-10-02 00:40:00",133206,11.8,29.84,895,894,895,894,894,894,894,894,893,100,90.3,97.7,96.2,100,98.2,97.6,100,92,19.2,19.4,19.9,19.4,19.3,19.5,19.2,19.4,19.5
"2026-10-02 00:41:00",133207,11.79,29.83,895,894,895,894,894,894,894,894,893,100,90.5,97.8,96.2,100,98.2,97.8,100,92.4,19.1,19.3,19.9,19.4,19.3,19.5,19.1,19.4,19.5
"2026-10-02 00:42:00",133208,11.78,29.82,895,894,895,894,894,894,894,894,893,100,90.3,97.8,96.4,100,98.4,97.9,100,92.5,19.1,19.3,19.9,19.3,19.3,19.5,19.1,19.4,19.5
"2026-10-02 00:43:00",133209,11.82,29.81,895,894,895,894,894,894,894,894,893,100,90.6,97.7,96.4,100,98.4,98,100,92.5,19.1,19.3,19.8,19.3,19.3,19.5,19.1,19.3,19.5
"2026-10-02 00:44:00",133210,11.79,29.8,895,894,895,894,894,894,894,894,893,100,90.4,98,96.5,100,98.5,98,100,93.2,19.1,19.3,19.8,19.3,19.3,19.5,19.1,19.3,19.5
"2026-10-02 00:45:00",133211,11.79,29.79,895,894,895,894,894,894,894,894,893,100,90.4,97.8,96.6,100,98.6,98.1,100,93.3,19.1,19.3,19.8,19.3,19.3,19.5,19.1,19.3,19.4
"2026-10-02 00:46:00",133212,11.81,29.79,895,894,895,894,894,894,894,894,894,100,90.3,97.8,96.6,100,98.5,98.1,100,93.9,19.1,19.3,19.8,19.3,19.3,19.5,19.1,19.3,19.4
"2026-10-02 00:47:00",133213,11.78,29.78,895,894,895,894,894,894,894,894,894,100,90.5,97.8,96.6,100,98.5,98,100,94.1,19.1,19.3,19.8,19.3,19.3,19.5,19.1,19.3,19.4
"2026-10-02 00:48:00",133214,11.78,29.77,895,894,895,894,894,894,894,894,894,100,90.6,98,96.6,100,98.5,98,100,93.6,19.1,19.3,19.8,19.3,19.3,19.5,19.1,19.3,19.4
"2026-10-02 00:49:00",133215,11.76,29.76,895,894,895,894,894,894,894,894,894,100,90.7,98.1,96.6,100,98.8,98.1,100,93,19.1,19.3,19.8,19.3,19.3,19.5,19.1,19.3,19.4
"2026-10-02 00:50:00",133216,11.77,29.75,895,894,895,894,894,894,894,894,894,100,90.6,98.1,96.7,100,98.8,98.3,100,92.9,19.1,19.3,19.8,19.3,19.3,19.5,19.1,19.3,19.4
"2026-10-02 00:51:00",133217,11.76,29.74,895,894,895,894,894,894,894,894,894,100,90.8,98.1,96.8,100,99,98.4,100,92.8,19.1,19.3,19.8,19.3,19.3,19.5,19.1,19.3,19.4
"2026-10-02 00:52:00",133218,11.8,29.73,895,894,895,894,894,894,894,894,894,100,91.1,98.5,97.1,100,99.2,98.5,100,92.8,19.1,19.3,19.8,19.3,19.2,19.5,19.1,19.4,19.4
"2026-10-02 00:53:00",133219,11.77,29.72,895,894,895,894,894,894,894,894,894,100,91.3,98.8,97.2,100,99.2,98.5,100,92.8,19.1,19.3,19.8,19.3,19.2,19.5,19.1,19.4,19.4
"2026-10-02 00:54:00",133220,11.78,29.71,895,894,895,894,894,894,894,894,894,100,91.6,99.2,97.4,100,99.4,98.5,100,93.5,19.1,19.3,19.8,19.3,19.2,19.5,19.1,19.4,19.4
"2026-10-02 00:55:00",133221,11.78,29.7,895,894,895,894,894,894,894,894,893,100,92.2,99.7,97.5,100,99.5,99.1,100,94.2,19.1,19.3,19.8,19.3,19.3,19.5,19.1,19.4,19.4
"2026-10-02 00:56:00",133222,11.79,29.69,895,894,895,894,894,894,894,894,894,100,92.4,99.9,97.7,100,99.8,99.4,100,94.5,19.1,19.3,19.8,19.3,19.2,19.5,19.1,19.4,19.4
"2026-10-02 00:57:00",133223,11.79,29.68,895,894,895,894,894,894,894,894,894,100,92.5,100,97.9,100,99.8,99.4,100,94.4,19.1,19.3,19.8,19.3,19.3,19.5,19.1,19.4,19.4
"2026-10-02 00:58:00",133224,11.8,29.67,895,894,895,894,894,894,894,894,893,100,92.3,99.6,98,100,99.9,99.6,100,94.1,19.1,19.3,19.8,19.3,19.3,19.5,19.1,19.4,19.4
"2026-10-02 00:59:00",133225,11.78,29.66,895,894,895,894,894,894,894,894,893,100,91.9,99.4,98,100,99.9,99.6,100,94.2,19.1,19.4,19.8,19.3,19.3,19.5,19.1,19.4,19.4
"2026-10-02 01:00:00",133226,11.76,29.65,895,894,895,894,894,894,894,894,893,100,92.3,99.5,98,100,99.9,99.5,100,94.2,19.1,19.4,19.9,19.3,19.3,19.5,19.1,19.4,19.4
"2026-10-02 01:01:00",133227,11.78,29.64,895,894,895,894,894,894,894,894,893,100,91.8,99.5,98,100,99.9,99.6,100,93.3,19.1,19.4,19.9,19.3,19.3,19.5,19.1,19.4,19.4
"2026-10-02 01:02:00",133228,11.76,29.63,895,894,895,894,894,894,894,894,893,100,91.5,98.8,98,100,99.9,99.6,100,92.4,19.1,19.4,19.9,19.3,19.3,19.5,19.1,19.4,19.4
"2026-10-02 01:03:00",133229,11.81,29.62,895,894,895,894,894,894,894,894,893,100,91.9,98.4,97.9,100,99.9,99.6,100,91.9,19.1,19.4,19.9,19.3,19.3,19.5,19.1,19.4,19.4
"2026-10-02 01:04:00",133230,11.79,29.61,895,894,894,894,894,894,894,894,893,100,92.4,98.6,97.9,100,99.9,99.6,100,92.5,19.1,19.4,19.9,19.3,19.3,19.5,19.1,19.4,19.4
"2026-10-02 01:05:00",133231,11.74,29.6,895,894,894,894,894,894,894,894,893,100,92.2,98.8,97.8,100,99.9,99.7,100,93.1,19.1,19.4,19.9,19.3,19.3,19.5,19.1,19.4,19.5
"2026-10-02 01:06:00",133232,11.8,29.59,895,894,894,894,894,894,894,894,893,100,92.3,98.8,97.8,100,100,99.8,100,93.3,19.1,19.4,19.9,19.3,19.3,19.5,19.1,19.4,19.5
"2026-10-02 01:07:00",133233,11.79,29.58,895,894,894,894,894,894,894,894,893,100,92.7,98.6,97.7,100,99.9,99.8,100,93.3,19.1,19.4,19.9,19.3,19.3,19.5,19.1,19.4,19.5
"2026-10-02 01:08:00",133234,11.75,29.57,895,894,894,894,894,894,894,894,893,100,92.5,98.6,97.6,100,99.9,99.4,100,93.2,19.1,19.4,19.9,19.3,19.3,19.5,19.1,19.4,19.5
"2026-10-02 01:09:00",133235,11.76,29.57,895,894,894,894,894,894,894,894,893,100,92.6,98.7,97.6,100,99.8,99.3,100,92.7,19.1,19.4,19.9,19.3,19.3,19.5,19.1,19.4,19.4
"2026-10-02 01:10:00",133236,11.8,29.56,895,894,894,894,894,894,894,894,893,100,92.6,97.8,97.6,100,99.7,99.3,100,91.9,19.1,19.4,19.8,19.3,19.3,19.5,19.1,19.4,19.4
"2026-10-02 01:11:00",133237,11.82,29.55,895,894,894,894,894,894,894,894,893,100,92.6,97.5,97.6,100,99.2,98.7,100,92,19.1,19.4,19.8,19.3,19.3,19.5,19.1,19.4,19.4
"2026-10-02 01:12:00",133238,11.75,29.54,895,894,894,894,894,894,894,894,893,100,92.9,97.7,97.2,100,99,98.7,100,92.2,19.1,19.4,19.8,19.3,19.3,19.5,19.1,19.4,19.4
"2026-10-02 01:13:00",133239,11.75,29.53,895,894,894,894,894,894,894,894,893,100,92.1,97.5,97.1,100,99,98.6,100,92.3,19.1,19.4,19.8,19.3,19.3,19.5,19.1,19.4,19.4
"2026-10-02 01:14:00",133240,11.8,29.52,895,894,894,894,894,894,894,894,893,100,90.9,97.3,97,100,98.9,98.6,100,92.4,19.1,19.4,19.8,19.3,19.3,19.5,19.1,19.4,19.4
"2026-10-02 01:15:00",133241,11.77,29.51,895,894,894,894,894,894,894,894,893,100,90.4,97.8,97,100,98.7,98.1,100,92.3,19.1,19.4,19.8,19.3,19.3,19.5,19.1,19.4,19.4
"2026-10-02 01:16:00",133242,11.81,29.5,895,894,894,894,894,894,894,894,893,100,90.5,98.5,96.6,100,98.6,98,100,92.5,19.1,19.3,19.8,19.3,19.3,19.5,19.1,19.4,19.4
"2026-10-02 01:17:00",133243,11.82,29.49,895,894,894,894,894,894,894,894,893,100,90.7,99,96.6,100,98.8,98.1,100,92.8,19.1,19.4,19.8,19.3,19.3,19.5,19.1,19.4,19.4
"2026-10-02 01:18:00",133244,11.8,29.48,895,894,894,894,894,894,894,894,893,100,91.5,99,96.6,100,98.8,98.1,100,93.3,19.2,19.4,19.8,19.3,19.3,19.5,19.1,19.4,19.4
"2026-10-02 01:19:00",133245,11.82,29.48,895,894,894,894,894,894,894,894,893,100,92.4,99.7,96.7,100,98.8,98.3,100,93.7,19.2,19.4,19.8,19.3,19.3,19.5,19.1,19.4,19.4
"2026-10-02 01:20:00",133246,11.78,29.47,895,894,894,894,894,894,894,894,893,100,93,100,96.9,100,99.1,98.6,100,94.7,19.2,19.4,19.9,19.3,19.3,19.5,19.1,19.4,19.4
"2026-10-02 01:21:00",133247,11.77,29.46,895,894,894,894,894,894,894,894,893,100,92.7,100,97.3,100,99.3,99.3,100,95.1,19.2,19.4,19.9,19.3,19.3,19.5,19.1,19.5,19.4
"2026-10-02 01:22:00",133248,11.81,29.45,895,894,894,894,894,894,894,894,893,100,90.8,100,97.8,100,99.8,99.5,100,95.1,19.3,19.4,19.9,19.4,19.4,19.5,19.2,19.5,19.4
"2026-10-02 01:23:00",133249,11.8,29.44,895,894,894,894,893,894,894,894,893,100,89.6,100,97.8,100,99.8,99.5,100,94.2,19.3,19.4,19.9,19.4,19.4,19.5,19.2,19.5,19.4
"2026-10-02 01:24:00",133250,11.82,29.43,895,894,894,894,893,894,894,894,893,100,89,100,97.8,100,99.8,99.4,100,93.7,19.3,19.4,19.9,19.4,19.4,19.6,19.2,19.5,19.4
"2026-10-02 01:25:00",133251,11.75,29.42,895,894,894,894,893,894,894,894,893,100,88.3,100,97.3,100,99.3,99,100,93,19.3,19.5,19.9,19.4,19.4,19.6,19.2,19.5,19.4
"2026-10-02 01:26:00",133252,11.8,29.41,895,894,894,894,894,894,894,894,893,100,88.1,98.7,97,100,98.8,98.3,100,92.7,19.4,19.5,19.9,19.4,19.4,19.6,19.2,19.5,19.4
"2026-10-02 01:27:00",133253,11.79,29.4,895,894,894,894,893,894,894,894,893,100,88.4,97.8,96.2,100,98.3,97.9,100,91.7,19.4,19.5,19.9,19.4,19.4,19.6,19.2,19.5,19.4
"2026-10-02 01:28:00",133254,11.83,29.39,895,894,894,894,893,894,894,894,893,100,88.2,97,96.9,100,97.4,96.7,100,91,19.4,19.5,19.9,19.4,19.5,19.6,19.2,19.5,19.4
"2026-10-02 01:29:00",133255,11.78,29.38,895,894,894,894,893,894,894,894,893,100,87.8,95.9,97.5,100,97.2,96.3,100,90.1,19.4,19.5,19.9,19.4,19.5,19.6,19.2,19.6,19.5
"2026-10-02 01:30:00",133256,11.81,29.37,895,894,894,894,893,894,894,894,893,100,87.4,95.3,98.2,100,97,96.2,100,89.6,19.5,19.5,19.9,19.5,19.5,19.6,19.3,19.6,19.5
"2026-10-02 01:31:00",133257,11.77,29.37,895,894,894,894,893,894,894,894,893,100,87.1,95.2,98.1,100,96.9,96.1,100,89.8,19.5,19.6,20,19.5,19.5,19.7,19.3,19.6,19.5
"2026-10-02 01:32:00",133258,11.83,29.36,895,894,894,894,893,894,894,894,893,100,87.3,95.6,98.5,100,97.1,96.4,100,90.1,19.5,19.6,20,19.5,19.6,19.7,19.3,19.7,19.6
"2026-10-02 01:33:00",133259,11.8,29.35,895,894,894,894,893,894,894,894,893,100,87.8,96.2,98.5,100,97.7,97,100,90.7,19.5,19.6,20,19.5,19.6,19.7,19.3,19.7,19.6
"2026-10-02 01:34:00",133260,11.79,29.34,895,894,894,894,893,894,894,894,893,100,88.3,96.9,98.5,100,97.9,97.2,100,91.1,19.5,19.6,20,19.5,19.6,19.7,19.4,19.7,19.6
"2026-10-02 01:35:00",133261,11.77,29.33,895,894,894,894,893,894,894,894,893,100,88.5,97.2,98.5,100,98,97.3,100,91.4,19.5,19.6,20,19.5,19.6,19.7,19.4,19.7,19.6
"2026-10-02 01:36:00",133262,11.76,29.32,895,894,894,894,893,894,894,894,893,100,88.5,97,98.7,100,98,97.3,100,91.3,19.5,19.6,20,19.6,19.6,19.7,19.4,19.7,19.6
"2026-10-02 01:37:00",133263,11.81,29.31,895,894,894,894,893,894,894,894,893,100,88.5,96.6,98.7,100,97.7,97.2,100,90.5,19.5,19.6,20,19.6,19.6,19.8,19.4,19.7,19.6
"2026-10-02 01:38:00",133264,11.82,29.31,895,894,894,894,893,894,894,894,893,100,88.3,96.2,98,100,97.3,96.8,100,90.1,19.4,19.6,20,19.6,19.6,19.7,19.4,19.7,19.6
"2026-10-02 01:39:00",133265,11.77,29.3,895,894,894,894,893,894,894,894,893,100,88,95.8,96.9,100,97.4,96.9,100,90.2,19.4,19.5,20,19.5,19.6,19.7,19.3,19.7,19.6
"2026-10-02 01:40:00",133266,11.81,29.29,895,894,894,894,893,894,894,894,893,100,87.9,95.8,96.7,100,97.3,96.9,100,89.4,19.4,19.5,20,19.5,19.6,19.7,19.3,19.7,19.6
"2026-10-02 01:41:00",133267,11.77,29.28,895,894,894,894,893,894,894,894,893,100,87.6,95.5,95.9,100,96.9,96.5,100,88.9,19.4,19.5,20,19.5,19.6,19.7,19.3,19.7,19.6
"2026-10-02 01:42:00",133268,11.81,29.27,895,894,894,894,893,894,894,894,893,100,87.5,95.3,95.9,100,96.4,95.7,100,89,19.3,19.5,20,19.5,19.5,19.7,19.3,19.7,19.6
"2026-10-02 01:43:00",133269,11.81,29.26,895,894,894,894,893,894,894,894,893,100,87.4,95.1,95.1,100,96.2,95.6,100,88.9,19.3,19.5,20,19.5,19.5,19.7,19.3,19.6,19.6
"2026-10-02 01:44:00",133270,11.82,29.26,895,894,894,894,893,894,894,894,893,100,87.1,94.9,95,100,96.2,95.6,100,89.2,19.3,19.5,19.9,19.5,19.5,19.7,19.3,19.6,19.5
"2026-10-02 01:45:00",133271,11.83,29.25,895,894,894,894,893,894,894,894,893,100,86.8,94.6,95,100,96,95.1,100,89.1,19.3,19.5,19.9,19.5,19.5,19.7,19.3,19.6,19.5
"2026-10-02 01:46:00",133272,11.81,29.24,895,894,894,894,893,894,894,894,893,100,87.1,94.6,94.7,100,95.7,94.9,100,89.2,19.3,19.5,19.9,19.4,19.5,19.7,19.3,19.6,19.5
"2026-10-02 01:47:00",133273,11.76,29.23,895,894,894,894,893,894,894,894,893,100,86.8,94.6,94.4,100,95.6,95,100,89.1,19.3,19.5,19.9,19.4,19.5,19.6,19.3,19.6,19.5
"2026-10-02 01:48:00",133274,11.79,29.22,895,894,894,894,893,894,894,894,893,100,86.5,94.5,94.4,100,95.8,94.7,100,89.1,19.3,19.5,19.9,19.4,19.5,19.7,19.3,19.6,19.5
"2026-10-02 01:49:00",133275,11.8,29.22,895,894,894,894,893,894,894,894,893,100,87,94.7,94.4,100,95.7,94.5,100,89,19.3,19.5,19.9,19.4,19.5,19.6,19.3,19.6,19.5
"2026-10-02 01:50:00",133276,11.81,29.21,895,894,894,894,893,894,894,894,893,100,86.8,94.7,94.3,100,95.8,94.6,100,89.2,19.3,19.5,19.9,19.4,19.5,19.6,19.3,19.6,19.5
"2026-10-02 01:51:00",133277,11.81,29.2,895,894,894,894,893,894,894,894,893,100,86.7,94.6,94.4,100,95.8,94.7,100,88.8,19.3,19.5,19.9,19.4,19.5,19.6,19.3,19.6,19.5
"2026-10-02 01:52:00",133278,11.78,29.19,895,894,894,894,893,894,894,894,893,100,86.7,94.9,94.7,100,95.9,95,100,89.5,19.3,19.5,19.9,19.4,19.5,19.6,19.3,19.6,19.5
"2026-10-02 01:53:00",133279,11.8,29.19,895,894,894,894,893,894,894,894,893,100,87.5,95.4,94.8,100,96.2,95,100,90,19.3,19.4,19.9,19.4,19.4,19.6,19.3,19.6,19.5
"2026-10-02 01:54:00",133280,11.77,29.18,895,894,894,894,893,894,894,894,893,100,88.1,95.6,95,100,96.6,95,100,90.6,19.3,19.4,19.9,19.4,19.4,19.6,19.3,19.6,19.5
"2026-10-02 01:55:00",133281,11.78,29.17,895,894,894,894,893,894,894,894,893,100,88.3,96.2,95.2,100,96.8,95.5,100,91.1,19.3,19.4,19.9,19.4,19.4,19.6,19.3,19.6,19.5
"2026-10-02 01:56:00",133282,11.77,29.16,895,894,894,894,893,894,894,894,893,100,88.6,96.2,95.3,100,96.8,95.9,100,91.4,19.3,19.4,19.9,19.4,19.4,19.6,19.3,19.6,19.4
"2026-10-02 01:57:00",133283,11.81,29.15,895,894,894,894,893,894,894,894,893,100,88.8,96.8,95.5,100,97.2,96.1,100,91.8,19.2,19.4,19.9,19.4,19.4,19.6,19.3,19.6,19.4
"2026-10-02 01:58:00",133284,11.79,29.15,895,894,894,894,893,894,894,894,893,100,89.1,97.1,95.6,100,97.3,96.3,100,92.3,19.2,19.4,19.9,19.4,19.4,19.6,19.3,19.6,19.4
"2026-10-02 01:59:00",133285,11.79,29.14,895,894,894,894,893,894,894,894,893,100,89.2,97.1,95.6,100,97.5,96.6,100,92.7,19.2,19.4,19.9,19.4,19.4,19.5,19.2,19.6,19.4
"2026-10-02 02:00:00",133286,11.83,29.13,895,894,894,894,893,894,894,894,893,100,89.3,97.4,96.1,100,97.5,96.9,100,92.9,19.2,19.4,19.9,19.4,19.3,19.5,19.2,19.6,19.4
"2026-10-02 02:01:00",133287,11.79,29.12,895,894,894,894,893,894,894,894,893,100,89.7,97.7,96.3,100,97.8,97.1,100,93.1,19.2,19.4,19.9,19.3,19.3,19.5,19.2,19.5,19.4
"2026-10-02 02:02:00",133288,11.79,29.12,895,894,894,894,893,894,894,894,893,100,90,98.1,96.5,100,97.9,97.4,100,93.8,19.2,19.4,19.9,19.3,19.3,19.5,19.2,19.5,19.3
"2026-10-02 02:03:00",133289,11.82,29.11,895,894,894,894,893,894,894,894,893,100,90.1,98.4,96.8,100,98.2,97.7,100,94.2,19.2,19.4,19.9,19.3,19.3,19.5,19.2,19.5,19.3
"2026-10-02 02:04:00",133290,11.79,29.1,895,894,894,894,893,894,894,894,893,100,90.4,98.6,97.1,100,98.7,98,100,94.5,19.2,19.4,19.9,19.3,19.3,19.5,19.2,19.5,19.3
"2026-10-02 02:05:00",133291,11.8,29.09,895,894,894,894,893,894,894,894,893,100,90.4,98.8,97.1,100,99.1,98.1,100,94.6,19.2,19.4,19.8,19.3,19.3,19.5,19.2,19.5,19.3
"2026-10-02 02:06:00",133292,11.78,29.09,894,894,894,894,893,894,894,894,893,100,90.6,98.9,97.5,100,99.4,98.2,100,94.9,19.2,19.4,19.8,19.3,19.3,19.5,19.1,19.5,19.3
"2026-10-02 02:07:00",133293,11.81,29.08,895,894,894,894,893,894,894,894,893,100,90.7,99.1,97.7,100,99.6,98.3,100,95,19.1,19.3,19.8,19.3,19.3,19.5,19.1,19.5,19.3
"2026-10-02 02:08:00",133294,11.79,29.07,894,894,894,894,893,894,894,894,893,100,90.8,99.2,97.7,100,99.7,98.3,100,95.4,19.1,19.3,19.8,19.3,19.3,19.5,19.1,19.5,19.2
"2026-10-02 02:09:00",133295,11.81,29.06,894,894,894,894,893,894,894,894,893,100,90.9,99.2,97.9,100,99.8,98.3,100,95.5,19.1,19.3,19.8,19.3,19.3,19.5,19.1,19.5,19.2
"2026-10-02 02:10:00",133296,11.77,29.06,894,893,894,893,893,894,894,894,893,100,90.4,99,97.9,100,99.8,98.5,100,95.5,19.1,19.3,19.8,19.3,19.3,19.5,19.1,19.4,19.2
"2026-10-02 02:11:00",133297,11.78,29.05,894,893,894,893,893,894,894,894,893,100,90.2,98.7,98,100,99.9,98.5,100,95.3,19.1,19.3,19.8,19.3,19.3,19.5,19.1,19.4,19.2
"2026-10-02 02:12:00",133298,11.81,29.04,894,893,894,893,893,894,894,894,893,100,90,98.3,97.9,100,99.8,98.6,100,95,19.1,19.3,19.8,19.3,19.3,19.5,19,19.4,19.2
"2026-10-02 02:13:00",133299,11.82,29.04,894,893,894,893,893,894,894,894,893,100,90.1,97.7,97.7,100,99.7,98.7,100,94.6,19.1,19.3,19.8,19.3,19.3,19.5,19,19.4,19.1
"2026-10-02 02:14:00",133300,11.81,29.03,894,893,894,893,893,894,894,894,893,100,90.5,98.2,97.4,100,99.2,98.9,100,94.6,19.1,19.3,19.8,19.3,19.3,19.4,19,19.4,19.1
"2026-10-02 02:15:00",133301,11.78,29.02,894,893,894,893,893,894,894,894,893,100,90.4,98.3,97.4,100,99.2,99.2,100,94.7,19.1,19.3,19.8,19.3,19.3,19.4,19,19.4,19.1
"2026-10-02 02:16:00",133302,11.75,29.02,894,893,894,893,893,894,894,894,893,100,90.2,98.4,97.1,100,99,98.8,100,94.6,19.1,19.3,19.7,19.3,19.2,19.4,19,19.4,19.1
"2026-10-02 02:17:00",133303,11.77,29.01,894,893,894,893,893,894,894,894,893,100,90.5,98.4,96.9,100,98.7,98.4,100,94.3,19.1,19.2,19.7,19.3,19.3,19.4,19,19.4,19.1
"2026-10-02 02:18:00",133304,11.78,29.01,894,893,894,893,893,894,894,894,893,100,90.4,98.1,96.8,100,98.7,98.3,100,94.4,19,19.2,19.7,19.3,19.3,19.5,19,19.4,19.1
"2026-10-02 02:19:00",133305,11.79,29,894,893,894,893,893,894,894,894,893,100,90.5,98.1,96.8,100,98.8,98.5,100,94.1,19,19.2,19.7,19.3,19.3,19.5,19,19.3,19.1
"2026-10-02 02:20:00",133306,11.82,28.99,894,893,894,893,893,894,894,894,893,100,90.5,98.3,96.8,100,98.8,98.5,100,94.3,19,19.2,19.7,19.3,19.3,19.5,19,19.3,19.2
"2026-10-02 02:21:00",133307,11.79,28.99,894,893,894,893,893,894,894,894,893,100,90.9,98.1,96.6,100,98.7,98.4,100,94.1,19,19.2,19.7,19.3,19.3,19.5,19,19.3,19.2
"2026-10-02 02:22:00",133308,11.79,28.98,894,893,894,893,893,894,894,894,893,100,90.8,98,96.4,100,98.7,98.2,100,94.1,19,19.2,19.7,19.3,19.3,19.5,19,19.4,19.2
"2026-10-02 02:23:00",133309,11.77,28.97,894,893,894,893,893,894,894,894,893,100,90.6,97.7,96.3,100,98.5,98.2,100,94,19,19.2,19.7,19.3,19.4,19.5,19,19.4,19.2
"2026-10-02 02:24:00",133310,11.8,28.97,894,893,894,893,893,894,894,894,893,100,90.4,97.6,96,100,98.2,97.8,100,94,19,19.2,19.7,19.3,19.4,19.5,19,19.4,19.2
"2026-10-02 02:25:00",133311,11.78,28.96,894,893,894,893,893,894,894,894,893,100,90.4,96.9,95.6,100,97.3,97.1,100,94,19,19.2,19.7,19.3,19.4,19.5,19,19.4,19.2
"2026-10-02 02:26:00",133312,11.76,28.95,894,893,894,893,893,894,894,894,893,100,89.5,96.2,95.1,100,96.9,96.4,100,92.3,19,19.2,19.7,19.3,19.4,19.5,19.1,19.4,19.2
"2026-10-02 02:27:00",133313,11.78,28.94,894,893,894,893,893,894,894,894,893,100,89.2,95.1,94.8,100,96.6,96.4,100,91.4,19,19.2,19.7,19.3,19.4,19.5,19.1,19.4,19.2
"2026-10-02 02:28:00",133314,11.81,28.94,894,893,894,893,893,894,894,894,893,100,88.6,95.2,94.3,100,96,96.4,100,91.2,19,19.2,19.7,19.3,19.4,19.5,19.1,19.4,19.2
"2026-10-02 02:29:00",133315,11.78,28.93,894,893,894,893,893,893,894,894,893,100,88.3,95.2,93.8,100,95.6,95.1,100,90.9,19,19.2,19.7,19.3,19.4,19.5,19.1,19.4,19.2
"2026-10-02 02:30:00",133316,11.8,28.92,894,893,894,893,893,893,894,894,893,100,88.1,93.9,93.5,100,95.1,94.6,100,91.4,19,19.2,19.8,19.3,19.4,19.5,19.1,19.4,19.2
"2026-10-02 02:31:00",133317,11.81,28.92,894,893,894,893,893,893,894,894,893,100,87.7,94,93.3,100,95.1,94.5,100,92,19,19.2,19.8,19.3,19.4,19.5,19.1,19.4,19.3
"2026-10-02 02:32:00",133318,11.81,28.91,894,893,894,893,893,893,893,894,893,100,88.3,93.9,93.3,100,95.1,94.6,100,92.6,19,19.2,19.8,19.3,19.4,19.5,19.1,19.4,19.3
"2026-10-02 02:33:00",133319,11.76,28.9,894,893,894,893,893,893,893,894,893,100,87.9,94.1,93.7,100,95.3,94.6,100,93,19.1,19.2,19.8,19.3,19.4,19.5,19.1,19.4,19.3
"2026-10-02 02:34:00",133320,11.81,28.9,894,893,894,893,893,893,894,894,893,100,87.9,94.2,94,100,95.6,95.2,100,93.2,19.1,19.2,19.8,19.3,19.4,19.5,19.1,19.4,19.3
"2026-10-02 02:35:00",133321,11.76,28.89,894,893,894,893,893,893,894,894,893,100,87.9,94.6,94,100,95.6,95.3,100,93.4,19.1,19.2,19.8,19.3,19.4,19.5,19.1,19.4,19.3
"2026-10-02 02:36:00",133322,11.77,28.88,894,893,894,893,893,893,894,894,893,100,88.3,95.3,94.3,100,95.8,95.3,100,93.4,19.1,19.2,19.8,19.3,19.4,19.5,19.1,19.4,19.3
"2026-10-02 02:37:00",133323,11.79,28.88,894,893,894,893,893,893,894,894,893,100,88.6,95.6,94.5,100,96.1,95.8,100,93.5,19.1,19.2,19.8,19.3,19.4,19.5,19.1,19.4,19.3
"2026-10-02 02:38:00",133324,11.83,28.87,894,893,894,893,893,893,894,894,893,100,88.9,95.6,94.7,100,96.4,96,100,93.5,19.1,19.2,19.8,19.3,19.4,19.5,19.1,19.4,19.3
"2026-10-02 02:39:00",133325,11.77,28.86,894,893,894,893,893,893,894,894,893,100,89.4,96.7,95,100,96.7,96.6,100,93.6,19.1,19.2,19.8,19.3,19.4,19.5,19.1,19.4,19.3
"2026-10-02 02:40:00",133326,11.76,28.86,894,893,894,893,893,893,894,894,893,100,90.1,97.2,95.4,100,97.1,97.1,100,93.8,19.1,19.2,19.8,19.3,19.3,19.5,19.1,19.3,19.3
"2026-10-02 02:41:00",133327,11.78,28.85,894,893,894,893,893,893,894,894,893,100,90.2,97.5,95.7,100,97.4,97.4,100,94.1,19,19.2,19.8,19.3,19.3,19.5,19,19.3,19.3
"2026-10-02 02:42:00",133328,11.75,28.84,894,893,894,893,893,893,894,894,893,100,90.6,98.2,96,100,97.8,97.7,100,93.9,19,19.2,19.7,19.3,19.3,19.5,19,19.3,19.2
"2026-10-02 02:43:00",133329,11.81,28.84,894,893,894,893,893,893,894,894,893,100,90.9,98.2,96.3,100,98,97.9,100,92.8,19,19.2,19.7,19.3,19.3,19.5,19,19.3,19.2
"2026-10-02 02:44:00",133330,11.78,28.83,894,893,894,893,893,893,894,894,893,100,90.8,98.2,96.2,100,98,97.9,100,92.1,19,19.2,19.7,19.2,19.3,19.4,19,19.3,19.2
"2026-10-02 02:45:00",133331,11.78,28.82,894,893,894,893,893,893,893,894,893,100,89.8,97.3,95.4,100,97.1,96.8,100,91.9,19,19.1,19.7,19.2,19.2,19.4,19,19.3,19.2
"2026-10-02 02:46:00",133332,11.77,28.81,894,893,894,893,893,893,893,894,893,100,89,96.4,95.3,100,96.9,96.7,100,91.8,19,19.1,19.7,19.2,19.2,19.4,19,19.3,19.2
"2026-10-02 02:47:00",133333,11.8,28.81,894,893,894,893,893,893,893,894,893,100,88.5,96,95.2,100,96.9,96.5,100,91.2,19,19.1,19.7,19.2,19.2,19.4,19,19.3,19.2
"2026-10-02 02:48:00",133334,11.78,28.8,894,893,894,893,893,893,893,894,893,100,88.2,95.3,95,100,96.7,96.4,100,91.2,19,19.1,19.7,19.2,19.2,19.4,19,19.2,19.2
"2026-10-02 02:49:00",133335,11.76,28.79,894,893,894,893,893,893,893,894,893,100,88.1,94.9,94.9,100,96.7,96.3,100,90.7,19,19.1,19.7,19.1,19.2,19.3,18.9,19.2,19.2
"2026-10-02 02:50:00",133336,11.82,28.79,894,893,894,893,893,893,893,894,893,100,87.8,94.4,94.9,100,96.8,96.2,100,90.3,18.9,19.1,19.6,19.1,19.2,19.3,18.9,19.2,19.2
"2026-10-02 02:51:00",133337,11.81,28.78,894,893,894,893,893,893,893,894,893,100,87.6,94.1,94.3,100,96.2,96,100,90.3,18.9,19.1,19.6,19.1,19.2,19.3,18.9,19.2,19.2
"2026-10-02 02:52:00",133338,11.78,28.77,894,893,894,893,893,893,893,894,893,100,87.4,94.1,94.1,100,96.1,96,100,89.2,18.9,19.1,19.6,19.1,19.2,19.3,18.9,19.2,19.1
"2026-10-02 02:53:00",133339,11.75,28.77,894,893,894,893,893,893,894,894,893,100,87.4,94.2,93.9,100,96.1,96.3,100,89.3,18.9,19.1,19.6,19.1,19.1,19.3,18.9,19.2,19.1
"2026-10-02 02:54:00",133340,11.76,28.76,894,893,894,893,893,893,893,894,893,100,88.1,95.1,94.1,100,96.7,96.3,100,89.7,18.9,19.1,19.6,19.1,19.2,19.3,18.9,19.2,19.1
"2026-10-02 02:55:00",133341,11.81,28.75,894,893,894,893,893,893,893,894,893,100,88.4,95.9,94.7,100,97.1,96.6,100,90.6,18.9,19.1,19.6,19.1,19.2,19.3,18.9,19.2,19.1
"2026-10-02 02:56:00",133342,11.79,28.75,894,893,894,893,893,893,893,894,893,100,88.6,96.5,95.2,100,97.4,97,100,91,18.8,19,19.6,19,19.2,19.2,18.8,19.2,19.1
"2026-10-02 02:57:00",133343,11.79,28.74,894,893,894,893,893,893,893,894,893,100,88.8,96.9,95.2,100,97.4,97.1,100,91.4,18.8,19,19.6,19,19.1,19.2,18.8,19.1,19.1
"2026-10-02 02:58:00",133344,11.78,28.74,894,893,894,893,893,893,893,894,893,100,89,96.7,95.6,100,97.5,97.3,100,91.3,18.8,19,19.5,19,19.1,19.2,18.8,19.1,19.1
"2026-10-02 02:59:00",133345,11.81,28.73,894,893,894,893,893,893,893,894,893,100,89.4,96.7,95.6,100,97.6,97.3,100,91.1,18.8,19,19.5,19,19.1,19.2,18.8,19.1,19.1
"2026-10-02 03:00:00",133346,11.83,28.72,894,893,894,893,893,893,893,894,893,100,89.6,96.1,95.5,100,97.6,97.2,100,90.9,18.7,18.9,19.5,19,19.1,19.1,18.8,19.1,19
"2026-10-02 03:01:00",133347,11.75,28.72,894,893,894,893,893,893,893,894,893,100,89.6,96.3,95.5,100,97.6,97.3,100,91.2,18.7,18.9,19.5,19,19,19.1,18.7,19.1,19
"2026-10-02 03:02:00",133348,11.76,28.71,894,893,894,893,893,893,893,894,893,100,90.1,96.3,95.9,100,97.8,97.3,100,91.2,18.7,18.9,19.5,18.9,19,19.1,18.7,19,19
"2026-10-02 03:03:00",133349,11.82,28.71,894,893,894,893,893,893,893,893,893,100,90.1,96.5,95.8,100,97.6,97.4,100,91.1,18.6,18.8,19.4,18.9,18.9,19,18.7,19,19
"2026-10-02 03:04:00",133350,11.79,28.7,894,893,894,893,893,893,893,893,893,100,90.3,96.5,95.7,100,97.6,97.4,100,91.1,18.6,18.8,19.4,18.9,18.9,19,18.6,19,18.9
"2026-10-02 03:05:00",133351,11.8,28.69,894,893,894,893,893,893,893,893,892,100,90.3,96.7,95.8,100,97.7,97.2,100,91.7,18.5,18.8,19.3,18.8,18.9,19,18.6,18.9,18.9
"2026-10-02 03:06:00",133352,11.8,28.69,894,893,894,893,893,893,893,893,893,100,90.5,97.7,95.7,100,97.9,97.7,100,92.4,18.5,18.8,19.3,18.8,18.8,19,18.6,18.9,18.8
"2026-10-02 03:07:00",133353,11.76,28.68,894,893,894,893,893,893,893,893,893,100,90.5,98.1,96.2,100,98.3,98,100,93,18.5,18.7,19.2,18.8,18.8,18.9,18.5,18.9,18.8
"2026-10-02 03:08:00",133354,11.8,28.68,894,893,894,893,893,893,893,893,893,100,90.6,98.4,96.5,100,98.5,98.2,100,93.3,18.5,18.7,19.2,18.7,18.7,18.9,18.5,18.8,18.8
"2026-10-02 03:09:00",133355,11.79,28.67,894,893,894,893,893,893,893,893,893,100,91.1,98.7,96.8,100,98.9,98.6,100,93.8,18.4,18.6,19.1,18.7,18.7,18.9,18.5,18.8,18.7
"2026-10-02 03:10:00",133356,11.82,28.66,894,893,894,893,893,893,893,894,893,100,91.4,99.1,97,100,98.9,98.8,100,94.2,18.4,18.6,19.1,18.7,18.7,18.9,18.5,18.8,18.7
"2026-10-02 03:11:00",133357,11.76,28.66,894,893,894,893,893,893,893,894,893,100,91.3,99.2,97.2,100,99.4,99.1,100,94.2,18.3,18.6,19.1,18.6,18.6,18.8,18.4,18.8,18.7
"2026-10-02 03:12:00",133358,11.8,28.65,894,893,894,893,893,893,893,894,893,100,91.7,99.2,97.4,100,99.4,99.1,100,94.6,18.3,18.5,19.1,18.6,18.6,18.8,18.4,18.7,18.6
"2026-10-02 03:13:00",133359,11.79,28.64,894,893,894,893,893,893,893,894,893,100,91.8,99.9,97.4,100,99.6,99.2,100,94.7,18.3,18.5,19,18.6,18.6,18.7,18.4,18.7,18.5
"2026-10-02 03:14:00",133360,11.79,28.64,894,893,894,893,893,893,893,894,893,100,91.9,100,97.5,100,99.7,99.3,100,94.9,18.2,18.5,18.9,18.6,18.5,18.7,18.3,18.6,18.5
"2026-10-02 03:15:00",133361,11.78,28.63,894,893,894,893,893,893,893,894,893,100,92.2,100,97.8,100,99.8,99.5,100,95.3,18.2,18.5,18.9,18.5,18.5,18.7,18.3,18.6,18.5
"2026-10-02 03:16:00",133362,11.8,28.62,894,893,894,893,893,893,893,894,893,100,92.2,100,98.1,100,100,99.7,100,95.5,18.2,18.4,18.9,18.5,18.5,18.7,18.3,18.6,18.5
"2026-10-02 03:17:00",133363,11.75,28.62,894,893,894,893,893,893,893,894,893,100,92.3,100,98.2,100,100,99.9,100,95.7,18.1,18.4,18.9,18.5,18.4,18.6,18.2,18.6,18.4
"2026-10-02 03:18:00",133364,11.78,28.61,894,893,894,893,893,893,893,894,893,100,92.4,100,98.2,100,100,100,100,95.7,18.1,18.4,18.8,18.5,18.4,18.6,18.2,18.5,18.4
"2026-10-02 03:19:00",133365,11.79,28.6,894,893,894,893,893,893,893,894,893,100,92.5,100,98.3,100,100,100,100,95.6,18.1,18.3,18.8,18.5,18.4,18.6,18.2,18.5,18.4
"2026-10-02 03:20:00",133366,11.8,28.6,894,893,894,893,893,893,893,894,893,100,92.7,100,98.4,100,100,100,100,95.6,18,18.3,18.8,18.4,18.4,18.6,18.2,18.5,18.4
"2026-10-02 03:21:00",133367,11.8,28.59,894,893,894,893,893,893,893,894,893,100,92.7,100,98.6,100,100,100,100,95.5,18,18.3,18.7,18.4,18.4,18.5,18.1,18.5,18.4
"2026-10-02 03:22:00",133368,11.8,28.58,894,893,894,893,893,893,893,894,893,100,92.9,100,99,100,100,100,100,95.4,18,18.2,18.7,18.4,18.3,18.5,18.1,18.5,18.4
"2026-10-02 03:23:00",133369,11.81,28.57,894,893,894,893,893,893,893,894,893,100,93.1,100,99.1,100,100,100,100,95.6,18,18.2,18.7,18.4,18.3,18.5,18.1,18.4,18.4
"2026-10-02 03:24:00",133370,11.78,28.57,894,893,894,893,893,893,893,894,893,100,93.2,100,99.3,100,100,100,100,95.6,17.9,18.2,18.7,18.4,18.3,18.5,18.1,18.4,18.4
"2026-10-02 03:25:00",133371,11.82,28.56,894,893,894,893,893,893,894,894,893,100,93.4,100,99.6,100,100,100,100,95.6,17.9,18.2,18.7,18.4,18.3,18.5,18.1,18.4,18.3
"2026-10-02 03:26:00",133372,11.8,28.55,894,893,894,893,893,893,894,894,893,100,93.4,100,99.8,100,100,100,100,95.7,17.9,18.2,18.7,18.4,18.3,18.5,18.1,18.4,18.3
"2026-10-02 03:27:00",133373,11.78,28.54,894,893,894,893,893,893,893,894,893,100,93.4,100,99.8,100,100,100,100,95.6,17.9,18.2,18.7,18.4,18.3,18.5,18.1,18.4,18.3
"2026-10-02 03:28:00",133374,11.82,28.54,894,893,894,893,893,893,894,894,893,100,93.4,100,99.8,100,100,100,100,96,17.9,18.1,18.7,18.4,18.3,18.5,18.1,18.4,18.3
"2026-10-02 03:29:00",133375,11.78,28.53,894,893,894,893,893,893,893,894,893,100,93.5,100,99.9,100,100,100,100,96,17.9,18.1,18.6,18.4,18.3,18.5,18.1,18.4,18.3
"2026-10-02 03:30:00",133376,11.76,28.52,894,893,894,893,893,893,894,894,893,100,93.8,100,100,100,100,100,100,96.1,17.9,18.1,18.6,18.4,18.3,18.5,18,18.4,18.3
"2026-10-02 03:31:00",133377,11.73,28.51,894,893,894,893,893,893,894,894,893,100,93.8,100,100,100,100,100,100,96.3,17.9,18.1,18.6,18.4,18.3,18.4,18,18.4,18.3
"2026-10-02 03:32:00",133378,11.77,28.51,894,893,894,893,893,893,893,894,893,100,94,100,99.6,100,100,100,100,96.3,17.9,18.1,18.6,18.3,18.3,18.4,18,18.3,18.3
"2026-10-02 03:33:00",133379,11.81,28.5,894,893,894,893,893,893,893,894,893,100,94.2,100,99.8,100,100,100,100,96.9,17.9,18.1,18.6,18.3,18.3,18.4,18,18.3,18.3
"2026-10-02 03:34:00",133380,11.78,28.49,894,893,894,893,893,893,894,894,893,100,94.2,100,99.8,100,100,100,100,96.9,17.9,18.1,18.6,18.3,18.2,18.4,18,18.3,18.3
"2026-10-02 03:35:00",133381,11.78,28.48,894,893,894,893,893,893,893,894,893,100,94.6,100,99.7,100,100,100,100,97,17.9,18.1,18.6,18.3,18.2,18.4,18,18.3,18.2
"2026-10-02 03:36:00",133382,11.82,28.48,894,893,894,893,893,893,893,894,893,100,94.7,100,99.7,100,100,100,100,97.2,17.9,18.1,18.6,18.3,18.2,18.4,18,18.3,18.2
"2026-10-02 03:37:00",133383,11.77,28.47,894,893,894,893,893,893,893,894,893,100,94.7,100,99.9,100,100,100,100,97.7,17.8,18.1,18.6,18.2,18.2,18.4,18,18.3,18.2
"2026-10-02 03:38:00",133384,11.79,28.46,894,893,894,893,893,893,894,894,893,100,94.8,100,100,100,100,100,100,97.3,17.8,18.1,18.6,18.2,18.1,18.4,18,18.3,18.2
"2026-10-02 03:39:00",133385,11.81,28.45,894,893,894,893,893,893,893,894,893,100,94.4,100,100,100,100,100,100,96.5,17.8,18.1,18.5,18.2,18.1,18.4,18,18.3,18.2
"2026-10-02 03:40:00",133386,11.78,28.45,894,893,894,893,893,893,893,894,893,100,94.4,100,100,100,100,100,100,96.3,17.8,18.1,18.5,18.2,18.1,18.4,18,18.3,18.2
"2026-10-02 03:41:00",133387,11.78,28.44,894,893,894,893,893,893,894,894,893,100,94.3,100,100,100,100,100,100,96.4,17.8,18.1,18.5,18.2,18.1,18.4,18,18.3,18.2
"2026-10-02 03:42:00",133388,11.78,28.43,894,893,894,893,893,893,894,894,893,100,94.2,100,100,100,100,100,100,95.9,17.8,18.1,18.5,18.2,18.1,18.4,18,18.3,18.2
"2026-10-02 03:43:00",133389,11.78,28.42,894,893,894,893,893,893,894,894,893,100,94.1,100,100,100,100,100,100,95.6,17.8,18.1,18.6,18.2,18.1,18.4,18,18.3,18.2
"2026-10-02 03:44:00",133390,11.79,28.41,894,893,894,893,893,893,894,894,893,100,93.9,100,99.9,100,100,100,100,95.5,17.8,18.1,18.6,18.2,18.1,18.4,18,18.3,18.2
"2026-10-02 03:45:00",133391,11.8,28.4,894,893,894,893,893,893,894,894,893,100,93.9,100,99.9,100,100,100,100,95,17.9,18.1,18.6,18.2,18.2,18.4,18,18.3,18.3
"2026-10-02 03:46:00",133392,11.78,28.4,894,893,894,893,893,894,894,894,893,100,93.6,100,99.6,100,100,100,100,94.5,17.9,18.1,18.6,18.2,18.2,18.4,18,18.3,18.3
"2026-10-02 03:47:00",133393,11.78,28.39,894,893,894,893,893,893,894,894,893,100,93.8,100,99.6,100,100,100,100,94.6,17.9,18.1,18.6,18.3,18.2,18.5,18.1,18.3,18.3
"2026-10-02 03:48:00",133394,11.8,28.38,894,893,894,893,893,894,894,894,893,100,93.9,100,99.6,100,100,100,100,94.6,17.9,18.1,18.6,18.3,18.2,18.5,18.1,18.4,18.3
"2026-10-02 03:49:00",133395,11.79,28.37,894,893,894,893,893,893,894,894,893,100,94,100,99.6,100,100,100,100,95.1,17.9,18.1,18.7,18.3,18.2,18.5,18.1,18.4,18.3
"2026-10-02 03:50:00",133396,11.79,28.36,894,893,894,893,893,893,894,894,893,100,93.8,100,99.7,100,100,100,100,95.1,18,18.1,18.7,18.3,18.3,18.5,18.1,18.4,18.4
"2026-10-02 03:51:00",133397,11.79,28.36,894,893,894,893,893,893,894,894,893,100,93.6,100,99.6,100,100,100,100,95,18,18.2,18.7,18.3,18.3,18.5,18.1,18.4,18.4
"2026-10-02 03:52:00",133398,11.75,28.35,894,893,894,893,893,893,894,894,893,100,93.4,100,99.3,100,100,99.8,100,94.6,18,18.2,18.7,18.3,18.3,18.6,18.2,18.5,18.4
"2026-10-02 03:53:00",133399,11.82,28.34,894,893,894,893,893,894,894,894,893,100,93.1,100,98.9,100,100,99.8,100,94.6,18,18.2,18.7,18.4,18.4,18.6,18.2,18.5,18.4
"2026-10-02 03:54:00",133400,11.77,28.33,894,893,894,893,893,894,894,894,893,100,92.8,100,98.5,100,100,98.9,100,93.5,18,18.2,18.8,18.4,18.4,18.6,18.2,18.5,18.4
"2026-10-02 03:55:00",133401,11.8,28.32,894,893,894,893,893,894,894,894,893,100,92.4,100,98.2,100,100,98.9,100,93.1,18.1,18.3,18.8,18.4,18.4,18.6,18.2,18.5,18.5
"2026-10-02 03:56:00",133402,11.81,28.31,894,893,894,893,893,894,894,894,893,100,92.1,99.8,97.9,100,100,98.3,100,93.1,18.1,18.3,18.8,18.4,18.5,18.7,18.3,18.6,18.5
"2026-10-02 03:57:00",133403,11.75,28.31,894,893,894,893,893,894,894,894,893,100,91.8,99.4,97.9,100,100,98.3,100,92.6,18.1,18.3,18.8,18.4,18.5,18.7,18.3,18.6,18.5
"2026-10-02 03:58:00",133404,11.82,28.3,894,893,894,893,893,894,894,894,893,100,91.7,99,97.6,100,100,98.9,100,92.3,18.2,18.4,18.9,18.5,18.5,18.7,18.3,18.6,18.5
"2026-10-02 03:59:00",133405,11.82,28.29,894,893,894,893,893,894,894,894,893,100,91.4,98.4,97.6,100,100,99.3,100,91.1,18.2,18.4,18.9,18.5,18.6,18.7,18.4,18.6,18.6
"2026-10-02 04:00:00",133406,11.79,28.28,894,893,894,893,893,894,894,894,893,100,91.1,98.2,97.6,100,100,99.3,100,91.1,18.3,18.5,19,18.5,18.6,18.7,18.4,18.7,18.6
"2026-10-02 04:01:00",133407,11.78,28.28,894,893,894,893,893,894,894,894,893,100,91,97.9,97.2,100,100,100,100,90,18.3,18.5,19,18.5,18.6,18.8,18.4,18.7,18.7
"2026-10-02 04:02:00",133408,11.77,28.27,894,893,894,893,893,894,894,894,893,100,90.6,97.8,96.9,100,99.7,100,100,89.6,18.4,18.5,19,18.6,18.7,18.8,18.5,18.7,18.7
"2026-10-02 04:03:00",133409,11.82,28.26,894,893,894,893,893,894,894,894,893,100,90.4,97.1,96.7,100,99.5,100,100,88.8,18.4,18.6,19.1,18.6,18.7,18.8,18.5,18.8,18.8
"2026-10-02 04:04:00",133410,11.78,28.25,894,893,894,893,893,894,894,894,893,100,89.9,96.5,96.2,100,98.7,100,100,87.9,18.5,18.6,19.1,18.6,18.7,18.8,18.5,18.8,18.8
"2026-10-02 04:05:00",133411,11.8,28.25,894,893,894,893,893,894,894,894,893,100,89.8,96.1,96.2,100,98.4,100,100,87.7,18.5,18.6,19.2,18.6,18.8,18.9,18.5,18.9,18.9
"2026-10-02 04:06:00",133412,11.8,28.24,894,893,894,893,893,894,894,894,893,100,88.7,95.2,95.5,100,97.9,100,100,86.7,18.5,18.7,19.2,18.7,18.8,18.9,18.6,18.9,19
"2026-10-02 04:07:00",133413,11.78,28.23,894,893,894,893,893,894,894,894,893,100,88,94.2,95.3,100,97.7,100,100,85.7,18.6,18.7,19.3,18.7,18.9,18.9,18.6,18.9,19
"2026-10-02 04:08:00",133414,11.78,28.22,894,893,894,893,893,894,894,894,893,100,87.5,93.1,94.8,100,97.1,100,100,85.2,18.6,18.8,19.3,18.7,18.9,19,18.7,19,19.1
"2026-10-02 04:09:00",133415,11.8,28.22,894,893,894,893,893,894,894,894,893,100,86.4,92.4,94.4,100,96.6,97.2,100,85.2,18.7,18.8,19.4,18.8,19,19,18.7,19,19.1
"2026-10-02 04:10:00",133416,11.81,28.21,894,893,894,893,893,894,894,894,893,100,85.9,91.8,93.8,100,95.9,95.8,100,83.6,18.7,18.9,19.4,18.8,19,19,18.7,19,19.2
"2026-10-02 04:11:00",133417,11.83,28.2,894,893,894,893,893,894,894,894,893,100,85.8,91.5,93.4,100,95.9,95.3,100,83.6,18.8,18.9,19.5,18.8,19.1,19,18.7,19.1,19.3
"2026-10-02 04:12:00",133418,11.79,28.2,894,893,894,893,893,894,894,894,893,100,85,91.3,93,100,94.9,94.6,100,83,18.8,18.9,19.5,18.9,19.1,19.1,18.8,19.1,19.4
"2026-10-02 04:13:00",133419,11.82,28.19,894,893,894,893,893,894,894,894,893,100,84.8,90.9,92.5,100,94.9,94,100,82.7,18.9,19,19.5,18.9,19.1,19.1,18.8,19.1,19.4
"2026-10-02 04:14:00",133420,11.83,28.18,894,893,894,893,893,894,894,894,893,100,84.6,90.5,92.2,100,94.1,93.6,100,82.7,18.9,19,19.6,18.9,19.2,19.2,18.8,19.1,19.4
"2026-10-02 04:15:00",133421,11.82,28.18,894,893,894,893,893,894,894,894,893,100,84.3,90,92,100,93.7,93.6,100,81.4,18.9,19,19.6,18.9,19.2,19.2,18.8,19.2,19.5
"2026-10-02 04:16:00",133422,11.81,28.17,894,893,894,893,893,894,894,894,893,100,83.8,89.8,92,100,93.2,92.6,100,81,19,19,19.6,18.9,19.3,19.2,18.9,19.2,19.5
"2026-10-02 04:17:00",133423,11.8,28.16,894,893,894,893,893,894,894,894,893,100,83.4,89.3,91.2,100,93,92.1,100,80.3,19,19.1,19.7,19,19.3,19.2,18.9,19.2,19.6
"2026-10-02 04:18:00",133424,11.77,28.16,894,893,894,893,893,894,894,894,893,100,83.3,89,91,100,93,92.2,100,80.3,19,19.1,19.7,19,19.3,19.2,18.9,19.2,19.6
"2026-10-02 04:19:00",133425,11.78,28.15,894,893,894,893,893,894,894,894,893,100,83,88.8,90.8,99.7,92.6,92,100,80.2,19,19.1,19.7,19,19.3,19.3,18.9,19.2,19.6
"2026-10-02 04:20:00",133426,11.74,28.14,894,893,894,893,893,894,894,894,893,100,82.7,88.5,90.7,99.2,92.3,91.7,100,80.2,19,19.1,19.7,19,19.3,19.3,18.9,19.2,19.6
"2026-10-02 04:21:00",133427,11.82,28.14,894,893,894,893,893,894,894,894,893,100,82.4,88.5,90.4,99.1,92.1,91.7,100,80.1,19,19.1,19.7,19,19.4,19.3,18.9,19.2,19.6
"2026-10-02 04:22:00",133428,11.81,28.13,894,893,894,893,893,894,894,894,893,100,82.4,88.1,90.1,99.1,91.7,91.3,99.5,80.6,19,19.2,19.8,19,19.4,19.3,18.9,19.2,19.7
"2026-10-02 04:23:00",133429,11.78,28.12,894,893,894,893,893,894,894,894,893,100,82,88,89.9,98.5,91.8,91.1,98.8,81.3,19.1,19.2,19.8,19,19.4,19.3,18.9,19.2,19.7
"2026-10-02 04:24:00",133430,11.78,28.12,894,893,894,893,893,894,894,894,893,100,82,87.7,89.6,98.7,91.5,90.9,98.2,82,19.1,19.2,19.8,19,19.4,19.3,18.9,19.2,19.7
"2026-10-02 04:25:00",133431,11.79,28.11,894,893,894,893,893,894,894,894,893,100,81.9,87.5,89.5,98.5,91.2,90.6,98,82.7,19.1,19.2,19.8,19.1,19.4,19.3,18.9,19.2,19.7
"2026-10-02 04:26:00",133432,11.79,28.11,894,893,894,893,893,894,894,894,893,100,81.7,87.6,89.3,98.1,91.1,90.6,98,83.3,19,19.2,19.8,19.1,19.4,19.3,18.9,19.2,19.7
"2026-10-02 04:27:00",133433,11.75,28.1,894,893,894,893,893,894,894,894,893,100,81.8,87.4,89.4,98.2,91.1,90.3,97.3,83.8,19,19.2,19.8,19.1,19.4,19.3,18.9,19.2,19.7
"2026-10-02 04:28:00",133434,11.81,28.09,894,893,894,893,893,894,894,894,893,100,81.8,87.4,89.5,98.4,90.9,90.3,97.2,84.1,19,19.2,19.8,19.1,19.4,19.3,18.9,19.2,19.6
"2026-10-02 04:29:00",133435,11.79,28.09,894,893,894,893,893,894,894,894,893,100,81.6,87.4,89.4,98.4,90.8,90.3,97,84.8,19,19.2,19.8,19.1,19.4,19.3,18.9,19.2,19.6
"2026-10-02 04:30:00",133436,11.77,28.08,894,893,894,893,893,894,894,894,893,100,81.1,86.9,89.4,98.2,90.7,90,96.8,85.3,19,19.2,19.8,19.1,19.4,19.3,18.9,19.2,19.6
"2026-10-02 04:31:00",133437,11.78,28.08,894,893,894,893,893,894,894,894,893,100,81.2,86.8,89.1,97.5,90.6,90.1,96.8,85.7,19,19.2,19.8,19.1,19.4,19.3,18.9,19.2,19.6
"2026-10-02 04:32:00",133438,11.77,28.07,894,893,894,893,893,894,894,894,893,100,81.3,86.8,88.9,97.3,90.4,90,96.5,86,19,19.1,19.8,19.1,19.4,19.3,18.9,19.2,19.6
"2026-10-02 04:33:00",133439,11.8,28.06,894,893,894,893,893,894,894,894,893,100,81.2,86.9,88.7,97,90.2,90,96,86,19,19.1,19.7,19,19.4,19.3,18.9,19.2,19.6
"2026-10-02 04:34:00",133440,11.79,28.06,894,893,894,893,893,894,894,894,893,100,81.2,86.6,88.4,96.3,89.8,90,95.7,80.7,19,19.1,19.7,19,19.4,19.3,18.9,19.2,19.6
"2026-10-02 04:35:00",133441,11.76,28.05,894,893,894,893,893,894,894,894,893,100,81.4,86.5,88.3,96.5,89.6,89.3,95.6,79.95,18.9,19.1,19.7,19,19.4,19.3,18.9,19.2,19.6
"2026-10-02 04:36:00",133442,11.83,28.05,894,893,894,893,893,894,894,894,893,100,81.1,86.5,88.3,96.6,89.6,89.1,95.3,79.52,18.9,19.1,19.7,19,19.4,19.3,18.9,19.2,19.5
"2026-10-02 04:37:00",133443,11.83,28.04,894,893,894,893,893,894,894,894,893,100,81.1,86.5,88.2,96.7,89.5,89,95,79.19,18.9,19.1,19.7,19,19.4,19.3,18.9,19.2,19.5
"2026-10-02 04:38:00",133444,11.77,28.03,894,893,894,893,893,894,894,894,893,100,81.2,86.4,88,96.4,89.4,89,95,79.06,18.9,19,19.7,19,19.3,19.3,18.9,19.2,19.5
"2026-10-02 04:39:00",133445,11.8,28.03,894,893,894,893,893,894,894,894,893,100,81.1,86.3,88,96.4,89.4,88.8,95,78.78,18.9,19,19.6,19,19.3,19.3,18.8,19.2,19.5
"2026-10-02 04:40:00",133446,11.77,28.02,894,893,894,893,893,894,894,894,893,100,81.5,86.3,87.9,95.7,89.2,88.8,94.7,78.95,18.8,19,19.6,19,19.3,19.2,18.8,19.2,19.5
"2026-10-02 04:41:00",133447,11.76,28.02,894,893,894,893,893,894,894,894,893,100,80.9,86.4,87.9,96.4,89.2,88.7,94.6,79,18.8,19,19.6,19,19.3,19.2,18.8,19.1,19.5
"2026-10-02 04:42:00",133448,11.8,28.01,894,893,894,893,893,894,894,894,893,100,81,86.3,87.9,96.3,89.1,88.5,94.5,78.76,18.8,19,19.6,19,19.3,19.2,18.8,19.1,19.5
"2026-10-02 04:43:00",133449,11.8,28.01,894,893,894,893,893,894,894,894,893,100,80.5,86,88,96.3,89.2,88.5,94.5,78.48,18.8,19,19.5,18.9,19.3,19.2,18.8,19.1,19.4
"2026-10-02 04:44:00",133450,11.77,28,894,893,894,893,893,894,894,894,893,100,80.7,85.8,88,96.4,89.1,88.5,94.4,78.5,18.7,18.9,19.5,18.9,19.2,19.2,18.8,19.1,19.4
"2026-10-02 04:45:00",133451,11.79,28,894,893,894,893,893,894,894,894,893,100,80.6,85.7,87.9,96.5,89.1,88.5,94.4,78.46,18.7,18.9,19.5,18.9,19.2,19.2,18.7,19.1,19.4
"2026-10-02 04:46:00",133452,11.78,27.99,894,893,894,893,893,894,894,894,893,100,80.6,85.6,88.1,96.6,89.1,88.5,94.4,78.37,18.7,18.9,19.5,18.9,19.2,19.1,18.7,19.1,19.4
"2026-10-02 04:47:00",133453,11.78,27.99,894,893,894,893,893,894,894,894,893,100,81,85.6,88,96.8,89.1,88.5,94.1,78.29,18.6,18.9,19.5,18.9,19.2,19.1,18.7,19.1,19.4
"2026-10-02 04:48:00",133454,11.77,27.98,894,894,894,893,893,894,894,894,893,100,81.7,85.5,88,96.7,89,88.5,94.2,77.82,18.6,18.9,19.5,18.9,19.1,19.1,18.7,19.1,19.4
"2026-10-02 04:49:00",133455,11.78,27.98,894,894,894,893,893,894,894,894,893,100,82.3,85.2,87.9,96.5,88.9,88.4,94,77.45,18.6,18.9,19.5,18.8,19.1,19.1,18.7,19,19.4
"2026-10-02 04:50:00",133456,11.8,27.97,894,894,894,893,893,894,894,894,893,100,82.9,85.2,87.8,95.8,88.8,88.2,93.5,77.45,18.6,18.9,19.5,18.8,19.1,19.1,18.7,19,19.4
"2026-10-02 04:51:00",133457,11.76,27.97,894,894,894,894,893,894,894,894,893,100,83.8,85.1,87.5,96.3,88.7,88,93.5,77.61,18.6,18.9,19.4,18.8,19.1,19.1,18.6,19,19.4
"2026-10-02 04:52:00",133458,11.81,27.96,894,894,894,893,893,894,894,894,893,100,84,84.9,87.6,96.3,88.7,87.9,93.5,77.28,18.6,18.9,19.5,18.8,19.1,19,18.6,19,19.4
"2026-10-02 04:53:00",133459,11.79,27.96,894,894,894,893,893,894,894,894,893,100,84.6,84.7,87.6,96.2,88.6,87.8,93.3,77.23,18.6,18.9,19.4,18.8,19.1,19,18.6,19,19.4
"2026-10-02 04:54:00",133460,11.82,27.96,894,894,894,894,893,894,894,894,893,100,85,84.6,87.4,95.8,88.5,87.7,93.1,77.11,18.6,18.9,19.5,18.8,19,19,18.6,19,19.4
"2026-10-02 04:55:00",133461,11.78,27.95,894,894,894,894,893,894,894,894,893,100,85,84.4,87.4,95.7,88.4,87.6,93.1,76.35,18.6,18.9,19.5,18.8,19,19,18.6,19,19.4
"2026-10-02 04:56:00",133462,11.79,27.95,895,894,894,894,893,894,894,894,893,100,86.1,84.2,87.3,95.1,88.2,87.3,92.7,76.03,18.7,18.9,19.5,18.8,19,19,18.6,19,19.4
"2026-10-02 04:57:00",133463,11.74,27.94,894,894,894,894,893,894,894,894,893,100,86.3,84,87.1,94.5,87.8,87,92.4,76.23,18.7,18.9,19.5,18.8,19,19,18.6,19,19.4
"2026-10-02 04:58:00",133464,11.81,27.94,894,894,894,894,893,894,894,894,893,100,83.8,83.8,86.7,94.5,87.7,86.8,92.3,76.74,18.7,18.9,19.5,18.8,19.1,19,18.6,19,19.4
"2026-10-02 04:59:00",133465,11.8,27.93,894,894,894,894,893,894,894,894,893,100,81.4,83.8,86.7,94.6,87.8,86.9,92.1,76.91,18.7,18.9,19.5,18.8,19.1,19,18.6,19,19.4
"2026-10-02 05:00:00",133466,11.81,27.93,895,894,894,894,893,894,894,894,893,100,80.4,84.5,86.6,94.2,87.5,86.3,91.7,76.96,18.7,18.9,19.5,18.8,19.1,19,18.6,19,19.4
"2026-10-02 05:01:00",133467,11.76,27.92,895,894,894,894,893,894,894,894,893,100,80.2,85.4,86.4,93.8,87.4,86.5,91.4,76.69,18.7,18.9,19.5,18.7,19.1,19,18.6,19,19.4
"2026-10-02 05:02:00",133468,11.76,27.92,895,894,894,894,893,894,894,894,893,100,79.59,86.2,86.1,93.3,87.1,86.4,91.2,76.52,18.7,18.9,19.5,18.7,19.1,19,18.6,19,19.3
"2026-10-02 05:03:00",133469,11.82,27.91,895,894,894,894,893,894,894,894,893,100,79.48,86.9,86,93.2,87,86.1,91.1,76.4,18.7,18.9,19.5,18.7,19.1,19,18.6,19,19.3
"2026-10-02 05:04:00",133470,11.8,27.91,895,894,894,894,893,894,894,894,893,100,79.32,87.6,85.9,93.7,87,86.1,90.8,76.18,18.7,18.9,19.4,18.7,19.1,19,18.6,19,19.3
"2026-10-02 05:05:00",133471,11.79,27.9,895,894,894,894,893,894,894,894,893,100,79.04,88.1,85.6,93.4,86.9,86,90.7,76.11,18.7,18.8,19.4,18.7,19.1,19,18.6,19,19.3
"2026-10-02 05:06:00",133472,11.82,27.9,895,894,894,894,893,894,894,894,893,100,78.89,88.7,85.6,93,86.9,85.8,90.6,76.08,18.7,18.8,19.4,18.7,19,18.9,18.6,19,19.2
"2026-10-02 05:07:00",133473,11.77,27.9,895,894,894,894,893,894,894,894,893,100,78.69,89.3,85.6,93.4,87.1,85.8,90.5,76.31,18.6,18.8,19.4,18.7,19,18.9,18.6,19,19.2
"2026-10-02 05:08:00",133474,11.77,27.89,895,894,894,894,893,894,894,894,893,100,79.03,89.8,85.5,93.1,87,85.8,90.4,76.07,18.6,18.8,19.3,18.7,19,18.9,18.6,19,19.2
"2026-10-02 05:09:00",133475,11.8,27.89,895,894,894,894,893,894,894,894,893,100,78.21,90.5,85.3,93,86.7,85.5,89.9,76.17,18.6,18.8,19.3,18.7,19,18.9,18.5,19,19.2
"2026-10-02 05:10:00",133476,11.81,27.88,895,894,894,894,893,894,894,894,893,100,77.88,90.7,85,93,86.7,85,89.7,76.2,18.6,18.8,19.3,18.6,19,18.9,18.5,19,19.1
"2026-10-02 05:11:00",133477,11.8,27.88,895,894,894,894,893,894,894,894,893,100,77.92,86.3,85.4,93.2,86.8,85,89.5,76.2,18.6,18.8,19.3,18.6,19,18.9,18.5,19,19.1
"2026-10-02 05:12:00",133478,11.75,27.87,895,894,894,894,893,894,894,894,893,100,78.09,84.8,85.4,93.1,86.5,85.1,89.3,76.18,18.6,18.8,19.2,18.6,19,18.8,18.5,19,19.1
"2026-10-02 05:13:00",133479,11.81,27.87,895,894,894,894,893,894,894,894,893,100,78.09,84.1,86.5,92.9,86.5,85.1,89.2,75.88,18.6,18.8,19.2,18.6,18.9,18.8,18.5,19,19.1
"2026-10-02 05:14:00",133480,11.81,27.86,895,894,894,894,893,894,894,894,893,100,77.27,83.8,87.1,93,86.5,84.9,89.1,76.07,18.6,18.7,19.2,18.6,18.9,18.8,18.5,19,19.1
"2026-10-02 05:15:00",133481,11.76,27.86,895,894,894,894,893,894,894,894,893,100,77.38,83.8,87.8,92.8,86.5,85,89,76.36,18.6,18.7,19.2,18.6,18.9,18.8,18.5,19,19
"2026-10-02 05:16:00",133482,11.79,27.85,895,894,894,894,893,894,894,894,893,100,77.56,83.7,88.4,92.7,86.4,84.9,88.9,76.33,18.6,18.7,19.2,18.6,18.9,18.8,18.5,19,19
"2026-10-02 05:17:00",133483,11.79,27.85,895,894,894,894,893,894,894,894,893,100,78.11,83.7,89.3,92.7,86.4,84.9,89,76.2,18.6,18.7,19.2,18.6,18.9,18.8,18.5,19,19
"2026-10-02 05:18:00",133484,11.81,27.84,895,894,894,894,893,894,894,894,893,100,77.95,83.8,89.7,92.9,86.4,84.9,89.1,76.26,18.6,18.7,19.2,18.6,18.8,18.8,18.5,18.9,19
"2026-10-02 05:19:00",133485,11.77,27.84,895,894,894,894,893,894,894,894,893,100,78.3,84.2,90.1,93.2,86.7,85,89.1,76.22,18.5,18.7,19.2,18.6,18.8,18.7,18.5,18.9,19
"2026-10-02 05:20:00",133486,11.82,27.83,895,894,894,894,893,894,894,894,893,100,77.87,84,90.4,93.8,86.9,85.2,89.6,76.31,18.5,18.7,19.1,18.5,18.8,18.7,18.4,18.9,19
"2026-10-02 05:21:00",133487,11.79,27.83,895,894,894,894,893,894,894,894,893,100,78.2,84.4,90.5,94.4,87.2,85.5,90,76.61,18.5,18.6,19.1,18.5,18.8,18.7,18.4,18.9,19
"2026-10-02 05:22:00",133488,11.77,27.82,895,894,894,894,893,894,894,894,893,100,78.35,84.6,91.3,94.8,87.4,85.9,90.3,76.79,18.5,18.6,19.1,18.5,18.8,18.7,18.4,18.9,19
"2026-10-02 05:23:00",133489,11.79,27.82,895,894,894,894,893,894,894,894,893,100,78.67,85,90.7,94.8,87.6,86,90.7,76.77,18.4,18.6,19.1,18.5,18.8,18.7,18.4,18.9,19
"2026-10-02 05:24:00",133490,11.79,27.81,895,894,894,894,893,894,894,894,893,100,78.52,85,89.3,95.5,87.6,86.3,90.7,76.77,18.4,18.6,19,18.5,18.7,18.7,18.4,18.9,19
"2026-10-02 05:25:00",133491,11.81,27.81,895,894,894,894,893,894,894,894,893,100,78.59,85,88.7,96.2,87.6,86.2,90.5,76.78,18.4,18.5,19,18.5,18.6,18.7,18.4,18.8,18.9
"2026-10-02 05:26:00",133492,11.8,27.81,895,894,894,894,893,894,894,894,893,100,79.01,85.2,88.4,96.2,87.5,85.8,90.6,76.75,18.3,18.5,19,18.5,18.6,18.6,18.4,18.8,18.9
"2026-10-02 05:27:00",133493,11.78,27.8,895,894,894,894,893,894,894,894,893,100,79.15,85.3,87.9,97.4,87.7,85.9,90.9,76.89,18.3,18.5,19,18.4,18.6,18.6,18.4,18.8,18.9
"2026-10-02 05:28:00",133494,11.8,27.8,895,894,894,894,893,894,894,894,893,100,79.44,85.6,87.9,98.3,87.6,86.1,90.9,77.31,18.3,18.5,19,18.4,18.6,18.6,18.3,18.8,18.9
"2026-10-02 05:29:00",133495,11.76,27.79,895,894,894,894,893,894,894,894,893,100,79.63,85.7,87.9,98.9,87.8,86.3,91.3,77.54,18.3,18.5,19,18.4,18.5,18.6,18.3,18.8,18.9
"2026-10-02 05:30:00",133496,11.74,27.79,895,894,894,894,893,894,894,894,893,100,79.73,85.8,88,99.2,87.9,86.4,91.5,77.67,18.3,18.5,18.9,18.4,18.5,18.6,18.3,18.7,18.9
"2026-10-02 05:31:00",133497,11.77,27.78,895,894,894,894,893,894,894,894,893,100,79.73,86,88.1,100,88.1,86.6,91.8,77.82,18.2,18.5,18.9,18.3,18.5,18.6,18.3,18.7,18.8
"2026-10-02 05:32:00",133498,11.81,27.78,895,894,894,894,893,894,894,894,893,100,80.1,86,88.2,100,88.3,86.8,92.1,78.13,18.2,18.5,18.9,18.3,18.5,18.6,18.3,18.7,18.8
"2026-10-02 05:33:00",133499,11.79,27.77,895,894,894,894,893,894,894,894,893,100,80,86.1,88.3,100,88.4,87,92.2,77.99,18.2,18.5,18.9,18.3,18.5,18.6,18.3,18.7,18.8
"2026-10-02 05:34:00",133500,11.8,27.77,895,894,894,894,893,894,894,894,893,100,80.5,86.2,88.5,100,88.5,87,92.3,77.88,18.2,18.5,18.9,18.3,18.5,18.6,18.2,18.7,18.8
"2026-10-02 05:35:00",133501,11.79,27.76,895,894,894,894,893,894,894,894,893,100,80.2,86.2,88.5,100,88.6,87.1,92.4,78.06,18.2,18.5,18.9,18.3,18.4,18.6,18.2,18.6,18.8
"2026-10-02 05:36:00",133502,11.79,27.76,895,894,894,894,894,894,894,894,893,100,80.2,86.3,88.4,99.9,88.5,87.2,92.5,78.06,18.2,18.5,18.9,18.3,18.4,18.6,18.2,18.6,18.8
"2026-10-02 05:37:00",133503,11.83,27.75,895,894,894,894,894,894,894,894,893,100,80,86.3,88.4,99.9,88.6,87.2,92.6,78.39,18.2,18.5,18.9,18.3,18.4,18.5,18.2,18.6,18.8
"2026-10-02 05:38:00",133504,11.76,27.75,895,894,894,894,894,894,894,894,893,100,80,86.3,88.5,99.2,89.7,87.4,92.9,78.72,18.2,18.5,18.9,18.3,18.4,18.5,18.2,18.6,18.8
"2026-10-02 05:39:00",133505,11.8,27.74,895,894,894,894,894,894,894,894,893,100,80.3,86.3,88.5,99.3,90.3,87.5,92.9,78.64,18.2,18.5,18.9,18.3,18.4,18.5,18.2,18.6,18.8
"2026-10-02 05:40:00",133506,11.79,27.74,895,894,894,894,894,894,894,894,893,100,80.2,86.2,88.5,99.3,90.8,87.7,93.1,78.36,18.3,18.5,19,18.3,18.4,18.5,18.2,18.6,18.8
"2026-10-02 05:41:00",133507,11.82,27.73,895,894,894,894,894,894,894,894,893,100,80.4,86.2,88.3,99.2,91.2,87.8,92.9,78.36,18.3,18.5,19,18.3,18.4,18.6,18.2,18.6,18.8
"2026-10-02 05:42:00",133508,11.78,27.73,895,894,894,894,894,894,894,894,893,100,80.4,86.3,88.4,99.2,91.6,87.7,92.7,78.41,18.3,18.5,19,18.3,18.4,18.5,18.2,18.6,18.8
"2026-10-02 05:43:00",133509,11.77,27.72,895,894,894,894,894,894,894,894,893,100,80.3,86.2,88.1,99.2,91.9,87.4,92.3,78.59,18.3,18.5,19,18.3,18.4,18.5,18.2,18.6,18.8
"2026-10-02 05:44:00",133510,11.8,27.72,895,894,894,894,894,894,894,894,893,100,79.87,85.8,87.9,98.8,92.2,87.2,92.2,78.49,18.3,18.5,19,18.3,18.4,18.5,18.2,18.6,18.8
"2026-10-02 05:45:00",133511,11.81,27.71,895,894,895,894,894,894,894,894,893,100,80.5,85.6,87.8,98.6,92.4,87.3,91.8,78.35,18.3,18.5,19,18.3,18.4,18.5,18.2,18.6,18.8
"2026-10-02 05:46:00",133512,11.78,27.71,895,894,895,894,894,894,894,894,893,100,79.85,85.4,87.8,98.8,92.7,87.4,92.2,78.27,18.3,18.5,19,18.3,18.4,18.5,18.2,18.6,18.8
"2026-10-02 05:47:00",133513,11.76,27.7,895,894,895,894,894,894,894,894,893,100,79.74,85.3,87.8,98.7,92.8,87.4,92.1,77.98,18.3,18.5,19,18.3,18.4,18.5,18.2,18.6,18.8
"2026-10-02 05:48:00",133514,11.81,27.7,895,894,895,894,894,894,894,894,893,100,80,85.5,88,98.8,92.4,87.4,92.1,77.75,18.3,18.5,19,18.3,18.4,18.5,18.2,18.6,18.8
"2026-10-02 05:49:00",133515,11.77,27.69,895,894,895,894,894,894,894,894,893,100,80.7,86,88.2,98.7,91.2,87.4,92.2,78.34,18.3,18.5,19,18.3,18.4,18.5,18.2,18.7,18.8
"2026-10-02 05:50:00",133516,11.81,27.69,895,894,895,894,894,894,894,894,893,100,80.9,86.6,88.4,98.7,91,88,92.8,78.83,18.3,18.5,19,18.3,18.4,18.5,18.3,18.7,18.8
"2026-10-02 05:51:00",133517,11.79,27.68,895,894,895,894,894,894,894,895,893,100,81.3,87,88.6,98.9,91,88.7,93.2,79.48,18.3,18.5,19,18.3,18.4,18.5,18.3,18.7,18.8
"2026-10-02 05:52:00",133518,11.78,27.68,895,894,895,894,894,894,894,895,893,100,81.1,87.2,89,99.6,91.2,89.2,93.9,80.2,18.3,18.5,19,18.3,18.4,18.5,18.3,18.7,18.8
"2026-10-02 05:53:00",133519,11.78,27.67,895,894,895,894,894,894,894,895,893,100,81.2,86.9,89.2,99.8,91.3,89.6,94,80.6,18.3,18.5,19,18.3,18.5,18.5,18.3,18.7,18.8
"2026-10-02 05:54:00",133520,11.78,27.67,895,894,895,894,894,894,894,895,893,100,81,86.8,89.2,99.5,91.2,90.1,93.5,80.6,18.3,18.5,19,18.3,18.5,18.5,18.3,18.7,18.8
"2026-10-02 05:55:00",133521,11.83,27.67,895,894,895,894,894,894,894,895,894,100,81.2,87.1,89.4,99.9,91.4,90.7,93.5,80.5,18.3,18.5,19,18.3,18.5,18.5,18.3,18.7,18.8
"2026-10-02 05:56:00",133522,11.79,27.66,895,894,895,894,894,894,894,895,894,100,81.1,87.2,89.6,100,91.6,91.1,94.6,80.8,18.4,18.6,19.1,18.4,18.5,18.6,18.3,18.8,18.8
"2026-10-02 05:57:00",133523,11.78,27.66,895,894,895,894,894,894,894,895,894,100,80.9,86.9,89.7,100,91.7,91.5,94.7,80.8,18.4,18.6,19.1,18.4,18.5,18.6,18.3,18.8,18.8
"2026-10-02 05:58:00",133524,11.82,27.65,895,894,895,894,894,894,894,895,894,100,80.7,86.7,89.6,99.1,91.2,91.8,94.2,79.73,18.4,18.6,19.1,18.4,18.6,18.6,18.4,18.8,18.8
"2026-10-02 05:59:00",133525,11.82,27.65,895,894,895,894,894,894,894,895,894,100,80.8,86.6,89,98.3,90.7,92.1,93.8,79.72,18.5,18.6,19.1,18.4,18.6,18.7,18.4,18.8,18.8
"2026-10-02 06:00:00",133526,11.81,27.64,895,894,895,894,894,894,894,895,894,100,80.7,86.3,88.6,98.4,90.4,92.3,93.4,79.72,18.5,18.7,19.2,18.5,18.7,18.7,18.4,18.8,18.8
"2026-10-02 06:01:00",133527,11.77,27.64,895,894,895,894,894,894,895,895,894,100,80.6,86.4,88.7,98.6,90.5,90.4,93.4,79.32,18.5,18.7,19.2,18.5,18.7,18.7,18.4,18.8,18.9
"2026-10-02 06:02:00",133528,11.77,27.64,895,894,895,894,894,894,895,895,894,100,80.2,86.2,88.7,98.6,90.5,89.6,93.8,79.57,18.5,18.7,19.2,18.5,18.7,18.8,18.4,18.9,18.9
"2026-10-02 06:03:00",133529,11.83,27.63,895,894,895,894,894,894,895,895,894,100,80.2,85.3,88.7,98.3,90.5,89.6,94.5,79.57,18.6,18.7,19.3,18.5,18.7,18.8,18.4,18.9,18.9
"2026-10-02 06:04:00",133530,11.81,27.63,895,894,895,894,894,894,895,895,894,100,79.45,85.1,88.5,97.5,90.1,88.7,94.9,78.29,18.6,18.8,19.3,18.6,18.8,18.8,18.5,18.9,19
"2026-10-02 06:05:00",133531,11.8,27.63,895,894,895,894,894,894,895,895,894,100,79.17,84.3,88.1,96.7,89.7,88,95.5,77.36,18.7,18.9,19.4,18.6,18.8,18.9,18.5,19,19.1
"2026-10-02 06:06:00",133532,11.76,27.62,895,894,895,894,894,894,895,895,894,100,78.6,84,88.1,96.5,89.2,87.5,96,76.93,18.7,18.9,19.4,18.6,18.9,18.9,18.6,19,19.1
"2026-10-02 06:07:00",133533,11.76,27.62,895,894,895,894,894,894,895,895,894,100,78.38,83.6,87.2,95.4,88.6,86.8,96.6,76.31,18.8,19,19.4,18.7,18.9,19,18.6,19,19.2
"2026-10-02 06:08:00",133534,11.78,27.61,895,894,895,894,894,894,895,895,894,100,77.63,82.8,87,94.6,88.1,86.2,96.6,76.31,18.8,19,19.5,18.7,19,19,18.7,19,19.2
"2026-10-02 06:09:00",133535,11.78,27.61,895,894,895,894,894,894,895,895,894,100,77.38,82.3,86.6,94.1,87.9,86,97.3,74.93,18.9,19.1,19.6,18.8,19,19,18.7,19.1,19.3
"2026-10-02 06:10:00",133536,11.77,27.6,895,894,895,894,894,895,895,895,894,100,76.69,82,86.1,93,87,85.3,97.7,75.26,19,19.1,19.6,18.8,19.1,19.1,18.8,19.1,19.4
"2026-10-02 06:11:00",133537,11.81,27.6,895,894,895,894,894,895,895,895,894,100,76.21,81.2,86.1,92.4,86.4,85,97.9,75.21,19,19.2,19.7,18.8,19.2,19.2,18.9,19.2,19.5
"2026-10-02 06:12:00",133538,11.77,27.6,895,894,895,894,894,895,895,895,894,99.7,76.12,80.7,85.4,92,86,84.4,98.1,74.94,19.1,19.2,19.8,18.9,19.2,19.2,18.9,19.2,19.5
"2026-10-02 06:13:00",133539,11.78,27.59,895,894,895,894,894,895,895,895,894,99.3,75.35,80.4,84.9,90.8,85.8,83.9,93.2,74.92,19.2,19.3,19.9,18.9,19.3,19.3,19,19.3,19.6
"2026-10-02 06:14:00",133540,11.77,27.59,895,894,895,894,894,895,895,895,894,98,75.35,80.1,84.4,90.4,84.9,83.1,91.6,74.64,19.2,19.4,19.9,19,19.4,19.3,19,19.3,19.6
"2026-10-02 06:15:00",133541,11.82,27.58,895,894,895,894,894,895,895,895,894,97.5,74.59,79.69,83.9,89.7,84.5,83.3,89,74.64,19.3,19.5,20,19,19.4,19.4,19,19.3,19.6
"2026-10-02 06:16:00",133542,11.78,27.58,895,894,895,894,894,895,895,895,894,96.6,74.38,79.39,84,89.6,84.4,82.8,88.5,75.31,19.4,19.5,20,19.1,19.5,19.4,19.1,19.4,19.7
"2026-10-02 06:17:00",133543,11.83,27.58,895,894,895,894,894,895,895,895,894,96.3,73.91,79.18,83.6,89.3,84.2,82.3,88.3,76.07,19.4,19.6,20.1,19.1,19.5,19.5,19.2,19.4,19.8
"2026-10-02 06:18:00",133544,11.83,27.57,895,895,895,894,894,895,895,895,894,95.7,73.73,78.43,83.6,88.9,83.8,82,87.8,76.77,19.5,19.6,20.2,19.2,19.6,19.5,19.2,19.5,19.8
"2026-10-02 06:19:00",133545,11.8,27.57,895,895,895,894,894,895,895,895,894,95,73.13,78.18,83.4,88.4,83.7,81.8,87.3,77.43,19.5,19.7,20.2,19.2,19.6,19.6,19.3,19.5,19.8
"2026-10-02 06:20:00",133546,11.78,27.57,895,895,895,895,894,895,895,895,894,94.8,73.26,77.9,82.9,87.8,83.2,81.1,86.5,78.07,19.6,19.8,20.3,19.3,19.7,19.6,19.3,19.6,19.9
"2026-10-02 06:21:00",133547,11.83,27.56,895,895,895,895,894,895,895,895,894,94.1,73.12,77.4,83,87.4,83.2,80.9,86.3,78.59,19.6,19.8,20.3,19.3,19.8,19.7,19.4,19.6,19.9
"2026-10-02 06:22:00",133548,11.82,27.56,895,895,895,894,894,895,895,895,894,94.1,72.86,77.06,82.7,87,82.8,80.6,85.7,79.08,19.7,19.9,20.4,19.3,19.8,19.7,19.5,19.7,20
"2026-10-02 06:23:00",133549,11.79,27.56,895,895,895,894,894,895,895,895,894,92.2,72.12,76.98,82.5,87,82.4,80.3,85.3,79.61,19.8,19.9,20.4,19.4,19.8,19.8,19.5,19.8,20
"2026-10-02 06:24:00",133550,11.81,27.55,895,895,895,895,894,895,895,895,894,91.8,72.09,76.13,82.3,86.4,82.2,80.1,85.4,80.1,19.8,20,20.5,19.4,19.9,19.8,19.6,19.8,20.1
"2026-10-02 06:25:00",133551,11.79,27.55,895,894,895,895,894,895,895,895,894,91.1,71.62,76.08,81.9,85.3,82.2,79.42,84.5,80.5,19.9,20,20.5,19.5,20,19.8,19.6,19.9,20.2
"2026-10-02 06:26:00",133552,11.8,27.55,895,895,895,895,894,895,895,895,894,90.6,71.19,75.89,81.7,85.2,81.5,79.02,83.9,80.5,19.9,20.1,20.6,19.5,20,19.9,19.7,20,20.2
"2026-10-02 06:27:00",133553,11.82,27.54,895,895,895,895,894,895,895,895,894,90.8,71.05,75.78,81.3,84.8,81.4,79.15,83.7,74.19,20,20.2,20.7,19.6,20.1,20,19.7,20,20.2
"2026-10-02 06:28:00",133554,11.78,27.54,895,895,895,894,894,895,895,895,894,92.5,70.38,75.34,81.2,84.7,81,78.35,83.2,72.98,20,20.2,20.7,19.6,20.1,20,19.8,20.1,20.3
"2026-10-02 06:29:00",133555,11.77,27.54,895,895,895,895,894,895,895,895,894,94.3,70.34,75.3,80.8,84.4,80.7,78.07,82.7,72.51,20.1,20.3,20.8,19.7,20.2,20.1,19.9,20.1,20.3
"2026-10-02 06:30:00",133556,11.79,27.53,895,895,895,895,894,895,895,895,894,95.7,70.02,74.8,80.4,83.7,80.3,77.99,82.4,72,20.1,20.3,20.8,19.7,20.2,20.1,19.9,20.2,20.3
"2026-10-02 06:31:00",133557,11.77,27.53,895,895,895,895,894,895,895,895,894,97.1,70.11,74.87,80.2,83.7,79.93,77.66,82.2,71.43,20.2,20.4,20.9,19.8,20.3,20.2,20,20.3,20.3
"2026-10-02 06:32:00",133558,11.8,27.53,895,895,895,895,894,895,895,895,894,98.4,70.03,74.84,80.2,84.1,80.2,77.81,82.4,70.67,20.2,20.4,20.9,19.8,20.4,20.2,20,20.3,20.4
"2026-10-02 06:33:00",133559,11.8,27.53,895,895,895,895,894,895,895,895,894,99.4,70.16,74.57,80.4,84.2,80,77.72,82.1,70.27,20.3,20.5,20.9,19.9,20.4,20.3,20.1,20.4,20.4
"2026-10-02 06:34:00",133560,11.78,27.52,895,895,895,895,894,895,895,895,894,100,69.84,74.29,80.4,84,79.7,77.22,81.6,69.69,20.3,20.5,21,19.9,20.4,20.4,20.1,20.4,20.5
"2026-10-02 06:35:00",133561,11.78,27.52,895,895,895,895,894,895,895,895,894,100,69.56,74.3,80.1,83.4,79.58,77.34,81.4,69.75,20.4,20.6,21,20,20.5,20.4,20.2,20.5,20.5
"2026-10-02 06:36:00",133562,11.8,27.52,895,895,895,895,894,895,895,895,894,100,69.51,73.71,79.82,82.4,79.26,77,81,69.72,20.4,20.6,21.1,20,20.5,20.5,20.3,20.5,20.6
"2026-10-02 06:37:00",133563,11.8,27.52,895,895,895,895,894,895,895,895,894,100,69.35,73.44,79.57,82.6,79.04,76.66,80.1,68.87,20.5,20.6,21.1,20.1,20.6,20.5,20.3,20.6,20.6
"2026-10-02 06:38:00",133564,11.79,27.52,895,895,895,895,894,895,895,895,894,100,68.95,73.23,79,82.2,79.07,76.25,79.99,69.55,20.5,20.7,21.2,20.1,20.6,20.5,20.3,20.6,20.7
"2026-10-02 06:39:00",133565,11.77,27.52,896,895,895,895,894,895,895,895,894,91.3,68.36,73.33,78.8,82.2,78.61,75.9,79.75,69.28,20.5,20.7,21.2,20.2,20.6,20.6,20.4,20.7,20.7
"2026-10-02 06:40:00",133566,11.81,27.52,896,895,895,895,894,895,895,895,894,88.8,68.79,72.91,78.57,80.4,78.45,75.59,78.56,68.93,20.6,20.8,21.3,20.2,20.7,20.6,20.4,20.7,20.8
"2026-10-02 06:41:00",133567,11.8,27.52,896,895,895,895,894,895,895,895,894,88.1,70.67,72.87,78.47,81.6,77.78,75.07,78.8,68.79,20.6,20.9,21.3,20.3,20.7,20.7,20.5,20.8,20.8
"2026-10-02 06:42:00",133568,11.77,27.52,896,895,895,895,894,895,895,895,894,87.1,71.3,72.36,78.23,81.3,77.59,75.12,78.9,67.93,20.6,20.9,21.4,20.3,20.8,20.8,20.5,20.9,20.9
"2026-10-02 06:43:00",133569,11.81,27.51,896,895,895,895,894,895,895,895,894,85.6,72.25,72.18,78.27,81,77.48,75.1,78.85,67.53,20.7,21,21.4,20.4,20.8,20.8,20.6,20.9,20.9
"2026-10-02 06:44:00",133570,11.78,27.51,896,895,895,895,894,895,895,895,894,85.7,72.99,72.11,78.07,81.1,77.3,74.6,78.14,67.51,20.7,21,21.5,20.4,20.9,20.9,20.7,21,21
"2026-10-02 06:45:00",133571,11.8,27.51,896,895,895,895,894,895,895,895,894,85.5,73.43,71.87,78.19,81.6,77.25,74.97,78.7,67.15,20.8,21.1,21.5,20.5,20.9,20.9,20.7,21,21
"2026-10-02 06:46:00",133572,11.8,27.51,896,895,895,895,894,895,895,895,894,85.2,73.73,72.09,78.22,81.4,77.53,75.12,78.73,67.39,20.8,21.1,21.5,20.5,21,21,20.8,21,21.1
"2026-10-02 06:47:00",133573,11.83,27.51,896,895,895,895,894,895,895,895,894,85.5,74.06,72.09,78.03,81.3,77.29,74.87,78.49,66.99,20.9,21.2,21.6,20.5,21,21,20.8,21.1,21.1
"2026-10-02 06:48:00",133574,11.81,27.52,896,895,895,895,894,895,895,895,894,85.6,74.58,72.09,78.02,81.5,77.36,74.87,78.84,66.75,20.9,21.3,21.6,20.6,21,21.1,20.9,21.1,21.2
"2026-10-02 06:49:00",133575,11.79,27.52,896,895,895,895,894,895,895,895,894,84.6,74.87,72.02,77.71,80.7,76.87,74.64,78.22,66.52,21,21.3,21.7,20.6,21.1,21.1,20.9,21.2,21.2
"2026-10-02 06:50:00",133576,11.81,27.52,896,895,895,895,894,895,895,895,894,84.1,74.79,71.31,77.14,79.83,76.41,74.05,77.41,66.06,21,21.4,21.7,20.7,21.1,21.2,21,21.2,21.3
"2026-10-02 06:51:00",133577,11.74,27.52,896,895,895,895,894,895,895,895,894,83.3,70,71.25,76.7,79.68,76.13,73.79,77.26,65.95,21.1,21.4,21.8,20.8,21.2,21.2,21,21.3,21.3
"2026-10-02 06:52:00",133578,11.78,27.52,896,895,895,895,895,895,895,895,894,82.6,68.58,71.09,76.44,78.96,75.63,73.32,76.65,65.62,21.1,21.5,21.8,20.8,21.2,21.3,21.1,21.4,21.4
"2026-10-02 06:53:00",133579,11.81,27.52,896,895,895,895,895,895,895,895,894,82.3,67,72.56,75.74,78.53,75.16,72.75,76.01,65.66,21.2,21.5,21.9,20.9,21.3,21.3,21.1,21.4,21.5
"2026-10-02 06:54:00",133580,11.8,27.52,896,895,895,895,895,895,895,895,894,80.7,66.32,73.65,75.62,77.96,74.91,72.56,75.25,65.21,21.2,21.5,21.9,20.9,21.3,21.4,21.2,21.5,21.5
"2026-10-02 06:55:00",133581,11.78,27.52,896,895,895,895,895,895,895,895,894,81.4,66.28,74.68,75.39,77.98,74.47,72.23,75.74,64.92,21.3,21.6,22,21,21.4,21.5,21.3,21.5,21.6
"2026-10-02 06:56:00",133582,11.83,27.52,896,895,896,895,895,895,895,895,894,80.4,65.66,75.61,74.99,77.41,74.07,71.66,75.05,64.6,21.4,21.7,22.1,21,21.5,21.5,21.4,21.6,21.6
"2026-10-02 06:57:00",133583,11.78,27.52,896,895,895,895,895,895,895,895,894,79.5,65.55,76.46,74.58,76.76,73.74,71.32,74.1,63.6,21.4,21.7,22.1,21.1,21.6,21.6,21.4,21.7,21.7
"2026-10-02 06:58:00",133584,11.8,27.53,896,895,895,895,895,895,895,895,894,78.68,64.52,77.19,74.09,77.27,73.21,71.03,74.57,63.3,21.5,21.8,22.2,21.2,21.6,21.7,21.5,21.8,21.8
"2026-10-02 06:59:00",133585,11.79,27.53,896,895,896,895,895,895,895,895,894,77.41,64.3,77.8,74.26,76.66,72.99,70.9,74.24,63,21.6,21.9,22.3,21.3,21.7,21.8,21.6,21.8,21.9
"2026-10-02 07:00:00",133586,11.78,27.53,896,895,896,895,895,895,895,895,894,76.88,64.23,78.42,73.64,75.74,72.62,69.96,73.43,62.42,21.7,22,22.4,21.3,21.8,21.9,21.7,21.9,22
"2026-10-02 07:01:00",133587,11.79,27.53,896,895,896,895,895,895,895,895,894,77.49,63.89,78.96,73.75,76.12,72.68,70.27,73.42,62.58,21.8,22.1,22.5,21.4,21.9,22,21.8,22,22.1
"2026-10-02 07:02:00",133588,11.78,27.53,896,895,896,895,895,895,895,895,895,77.18,63.33,79.24,74.05,75.51,72.58,70.33,72.88,62.54,21.9,22.1,22.6,21.5,22,22.1,21.9,22.1,22.2
"2026-10-02 07:03:00",133589,11.82,27.54,896,895,896,895,895,895,895,895,894,75.32,63.43,79.24,72.8,74.87,71.34,68.87,72.37,61.73,22,22.3,22.6,21.6,22.1,22.2,22,22.2,22.3
"2026-10-02 07:04:00",133590,11.79,27.54,896,895,896,895,895,895,895,895,895,75.65,63.25,68.74,73.45,75,71.78,69.46,72.24,61.83,22.1,22.3,22.8,21.7,22.1,22.3,22.1,22.3,22.4
"2026-10-02 07:05:00",133591,11.78,27.54,896,895,896,895,895,895,895,895,895,74.88,62.85,67.67,74.79,73.55,70.22,67.79,71.16,61.29,22.2,22.4,22.9,21.8,22.3,22.4,22.2,22.4,22.5
"2026-10-02 07:06:00",133592,11.78,27.55,896,895,896,895,895,895,895,896,895,74.52,62.74,67.44,76.27,73.62,70.59,68.49,71.63,61.07,22.3,22.5,22.9,21.9,22.3,22.5,22.3,22.5,22.6
"2026-10-02 07:07:00",133593,11.79,27.55,896,895,896,895,895,895,895,896,895,74.24,62.3,66.88,77.73,73.62,70.23,67.99,71.41,61.24,22.4,22.6,23,22,22.4,22.6,22.4,22.6,22.7
"2026-10-02 07:08:00",133594,11.79,27.55,896,895,896,895,895,895,896,896,895,74.58,62.34,67.35,79,73.58,70.01,68.02,71.11,61.42,22.5,22.7,23.1,22.1,22.5,22.7,22.5,22.7,22.8
"2026-10-02 07:09:00",133595,11.81,27.56,896,895,896,895,895,895,896,896,895,74.48,62.98,67.11,79.96,73.77,70.1,68.2,71.33,61.35,22.6,22.8,23.2,22.2,22.6,22.8,22.6,22.8,22.9
"2026-10-02 07:10:00",133596,11.83,27.56,896,895,896,895,895,895,896,896,895,74.42,62.16,66.86,80.9,73.65,70.11,67.43,70.97,61.35,22.7,22.9,23.3,22.4,22.7,22.9,22.7,22.9,22.9
"2026-10-02 07:11:00",133597,11.82,27.56,896,895,896,895,895,895,896,896,895,75.08,62.86,67.25,81.7,73.73,69.81,67.89,71.24,61.86,22.8,23,23.4,22.5,22.8,23,22.8,23,23
"2026-10-02 07:12:00",133598,11.78,27.57,896,895,896,895,895,896,896,896,895,74.56,62.53,66.74,82.4,73.25,69.65,67.22,71.1,61.73,22.9,23.1,23.5,22.6,22.9,23.1,22.9,23.1,23.1
"2026-10-02 07:13:00",133599,11.82,27.57,896,895,896,895,895,896,896,896,895,74.23,62.06,66.88,83,72.97,69.23,67.06,70.09,61.52,23,23.2,23.5,22.7,23,23.2,23,23.1,23.2
"2026-10-02 07:14:00",133600,11.79,27.58,896,895,896,895,895,896,896,896,895,74.38,62.3,66.69,83.5,73.6,69.33,67.43,70.82,61.5,23,23.3,23.6,22.8,23.1,23.3,23.1,23.3,23.3
"2026-10-02 07:15:00",133601,11.77,27.58,896,895,896,895,895,896,896,896,895,74.62,61.82,66.44,83.9,73.23,69.03,67.07,70.19,61.28,23.1,23.3,23.7,23,23.2,23.4,23.2,23.4,23.3
"2026-10-02 07:16:00",133602,11.79,27.59,896,895,896,895,895,896,896,896,895,74.29,61.89,66.37,76.63,73.5,69.07,67.35,70.71,61.92,23.2,23.4,23.8,23,23.3,23.5,23.3,23.4,23.4
"2026-10-02 07:17:00",133603,11.77,27.59,896,895,896,895,895,896,896,896,895,74.38,61.73,66.49,74.1,74.65,69.35,67.4,70.48,61.91,23.3,23.5,23.9,23.1,23.4,23.6,23.4,23.5,23.5
"2026-10-02 07:18:00",133604,11.81,27.6,896,895,896,895,895,896,896,896,895,74.26,61.61,66.34,72.06,76.96,68.77,66.9,70.35,62,23.4,23.6,24,23.2,23.4,23.7,23.5,23.6,23.5
"2026-10-02 07:19:00",133605,11.8,27.6,896,895,896,895,895,896,896,896,895,74.83,61.83,66.41,71.72,78.87,68.83,66.68,70.15,62.13,23.5,23.7,24,23.3,23.6,23.8,23.6,23.7,23.6
"2026-10-02 07:20:00",133606,11.78,27.61,896,895,896,895,895,896,896,896,895,74.56,62.01,66.64,71.19,80.4,68.41,66.75,70.27,62.32,23.6,23.8,24.1,23.4,23.7,23.9,23.7,23.8,23.7
"2026-10-02 07:21:00",133607,11.79,27.61,896,895,896,895,895,896,896,896,895,75.1,62.58,66.82,70.94,81.7,68.55,66.57,70.21,62.25,23.7,23.9,24.2,23.5,23.8,24,23.8,23.9,23.8
"2026-10-02 07:22:00",133608,11.78,27.62,896,895,896,895,895,896,896,896,895,74.92,61.79,66.24,70.65,82.9,68.3,66.57,70.14,61.97,23.8,24,24.3,23.6,23.9,24.1,23.8,24,23.8
"2026-10-02 07:23:00",133609,11.8,27.63,896,895,896,895,895,896,896,896,895,72.73,60.75,65.46,70.21,84,67.9,66.25,69.46,61.56,23.9,24.1,24.4,23.6,24,24.2,24,24.2,23.9
"2026-10-02 07:24:00",133610,11.77,27.63,896,895,896,895,895,896,896,896,895,72.58,60.69,65.5,69.61,85,67.31,65.41,68.94,61.14,24,24.2,24.5,23.8,24.2,24.4,24.1,24.3,24
"2026-10-02 07:25:00",133611,11.77,27.64,896,895,896,895,895,896,896,896,895,73.32,61.58,65.89,69.15,85.9,67.01,65.25,68.42,61.33,24.1,24.4,24.6,23.9,24.4,24.4,24.3,24.4,24.1
"2026-10-02 07:26:00",133612,11.82,27.65,896,895,896,895,895,896,896,896,895,72.69,60.61,65.2,68.65,86.6,66.52,64.68,68.42,61.04,24.2,24.5,24.7,24.1,24.5,24.6,24.4,24.4,24.2
"2026-10-02 07:27:00",133613,11.8,27.66,896,895,896,895,895,896,896,896,895,72.63,60.06,64.67,68.55,87.5,66.6,64.89,67.83,60.88,24.4,24.6,24.9,24.2,24.7,24.7,24.6,24.7,24.3
"2026-10-02 07:28:00",133614,11.78,27.66,896,895,896,895,895,896,896,896,895,71.29,59.43,64.82,68.12,77.54,65.98,64.33,67.44,60.96,24.5,24.8,25,24.3,24.9,25,24.8,24.9,24.5
"2026-10-02 07:29:00",133615,11.8,27.67,896,896,896,895,895,896,896,896,895,70.16,59.51,64.07,67.9,72.41,65.85,63.8,66.69,60.42,24.7,25,25.2,24.5,25,25,25,25.1,24.6
"2026-10-02 07:30:00",133616,11.81,27.68,896,895,896,895,895,896,896,896,895,69.18,59.01,63.3,67.56,69.98,67.29,62.38,65.5,59.25,24.9,25,25.3,24.7,25.1,25.3,25.1,25.2,24.7
"2026-10-02 07:31:00",133617,11.8,27.69,896,895,896,895,895,896,896,896,895,67.43,57.44,61.88,66.21,69.41,69.4,62.23,65.59,58.88,25,25.3,25.5,24.8,25.3,25.5,25.4,25.3,24.9
"2026-10-02 07:32:00",133618,11.83,27.7,896,896,896,895,895,896,896,896,895,66,56.56,61.18,65.35,67.62,70.23,61.04,63.38,57.91,25.2,25.5,25.6,25,25.4,25.6,25.6,25.6,25
"2026-10-02 07:33:00",133619,11.78,27.71,896,896,896,895,895,896,896,896,895,66,56.46,60.41,64.64,66.49,72.28,59.75,62.53,57.18,25.4,25.7,25.8,25.2,25.6,26,25.7,25.8,25.2
"2026-10-02 07:34:00",133620,11.81,27.72,896,896,896,895,895,896,896,896,895,65,56.37,60.32,64.52,65.52,73.24,59.95,62.45,57.52,25.6,25.8,26,25.3,25.7,26.2,25.9,26,25.3
"2026-10-02 07:35:00",133621,11.79,27.73,896,896,896,895,895,896,896,896,895,63.32,54.87,59.21,61.77,64.66,73.83,58.88,61.32,56.49,25.7,26,26.1,25.5,25.8,26.5,26.1,26.2,25.5
"2026-10-02 07:36:00",133622,11.77,27.74,896,896,896,895,895,896,896,896,895,62.49,54.4,58.18,61.31,64.86,74.23,58,59.88,55.14,25.9,26.1,26.2,25.6,25.9,26.7,26.2,26.3,25.6
"2026-10-02 07:37:00",133623,11.79,27.75,896,896,896,896,895,896,896,896,895,62.56,54.87,58.44,61.68,64.76,74.23,57.11,59.88,55.37,26,26.2,26.3,25.7,26,26.7,26.3,26.4,25.6
"2026-10-02 07:38:00",133624,11.79,27.76,896,896,896,896,895,896,896,896,895,61.69,53.81,58.18,61.86,63.49,74.52,57.78,59.91,55.45,26,26.3,26.3,25.8,26.1,27,26.4,26.5,25.7
"2026-10-02 07:39:00",133625,11.79,27.77,896,896,896,896,895,896,896,896,895,60.94,53.69,57.62,60.99,62.37,74.54,57.7,58.67,54.75,26.1,26.3,26.4,25.9,26.2,27.1,26.4,26.6,25.8
"2026-10-02 07:40:00",133626,11.74,27.79,896,896,896,896,895,896,896,896,895,60.64,53.02,57.35,59.87,63.16,74.53,56.56,58.16,54.46,26.1,26.4,26.4,25.9,26.2,27.3,26.5,26.7,25.8
"2026-10-02 07:41:00",133627,11.78,27.8,896,896,896,896,895,896,896,896,895,60.15,53.34,57.46,59.77,63.86,62.62,55.79,58.13,54.27,26.2,26.4,26.5,26,26.2,27.4,26.5,26.7,25.8
"2026-10-02 07:42:00",133628,11.78,27.81,896,896,896,896,895,896,896,896,895,60.03,53,57.32,60.58,62.37,59.5,55.35,58.22,54.34,26.2,26.4,26.5,26,26.2,27.4,26.5,26.8,25.8
"2026-10-02 07:43:00",133629,11.8,27.82,896,896,896,896,895,896,896,896,895,60.54,53.5,57.08,60.26,61.89,58.25,59.29,58.04,54.34,26.2,26.4,26.5,26,26.2,27.4,26.6,26.8,25.8
"2026-10-02 07:44:00",133630,11.77,27.83,896,896,896,896,895,896,896,896,895,60.35,52.86,57.32,60.24,61.78,57.83,60.79,57.73,54.7,26.2,26.4,26.5,26.1,26.3,27.4,26.7,26.8,25.8
"2026-10-02 07:45:00",133631,11.77,27.85,896,896,896,896,895,896,896,896,895,60.02,52.56,57.18,59.11,62.36,57.88,62.42,57.45,54.72,26.2,26.4,26.5,26.1,26.3,27.4,26.8,26.9,25.8
"2026-10-02 07:46:00",133632,11.77,27.86,896,896,896,896,895,896,896,896,895,59.92,52.68,57.08,60.18,62.66,57.37,63.12,57.51,54.56,26.2,26.4,26.5,26.1,26.3,27.3,26.9,26.9,25.8
"2026-10-02 07:47:00",133633,11.76,27.87,897,896,896,896,895,896,896,896,895,60.75,53.41,57.88,60.29,61.9,57.85,63.95,57.8,55.19,26.2,26.5,26.6,26.1,26.3,27.3,27,26.9,25.8
"2026-10-02 07:48:00",133634,11.8,27.89,897,896,896,896,895,896,896,896,895,61.59,54.14,57.39,60.29,61.43,57.7,64.89,57.5,55,26.3,26.5,26.6,26.2,26.3,27.3,27.1,27,25.9
"2026-10-02 07:49:00",133635,11.78,27.9,897,896,896,896,895,896,896,896,895,60.99,53.3,57.55,60.15,61.67,57.41,65.34,57.75,54.53,26.3,26.5,26.6,26.2,26.4,27.3,27.3,27,25.9
"2026-10-02 07:50:00",133636,11.79,27.92,897,896,896,896,895,896,896,896,895,61.16,53.36,57.56,60.28,61.92,57.69,65.99,57.58,55.05,26.4,26.6,26.7,26.3,26.4,27.3,27.4,27,25.9
"2026-10-02 07:51:00",133637,11.82,27.93,897,896,896,896,895,896,896,896,895,60.23,52.75,57.31,59.82,62.46,57.46,66.24,57.75,55.05,26.4,26.6,26.7,26.3,26.5,27.4,27.5,27.1,26
"2026-10-02 07:52:00",133638,11.81,27.95,897,896,896,896,895,896,896,896,895,60.16,52.83,56.93,59.34,64.12,57.52,67,57.2,54.63,26.5,26.7,26.8,26.4,26.6,27.4,27.7,27.2,26
"2026-10-02 07:53:00",133639,11.75,27.96,897,896,896,896,895,896,896,896,895,59.55,52.55,56.7,58.56,60.97,57.31,60.02,56.82,54.46,26.6,26.8,26.8,26.5,26.6,27.5,27.9,27.3,26.1
"2026-10-02 07:54:00",133640,11.81,27.98,897,896,896,896,896,896,896,896,895,59.84,52.74,56.84,59.57,61.36,57.34,54.67,57.02,54.6,26.7,26.9,26.9,26.5,26.7,27.5,28,27.4,26.2
"2026-10-02 07:55:00",133641,11.76,27.99,897,896,896,896,896,896,896,896,895,59.76,52.88,56.87,59.57,60.84,57.29,55.15,58.36,54.62,26.8,27,27,26.5,26.8,27.6,28.1,27.5,26.3
"2026-10-02 07:56:00",133642,11.77,28.01,897,896,896,896,895,896,896,896,895,59.69,52.16,56.73,59.63,60.48,57.16,54.58,62.71,54.55,27,27.3,27.2,26.6,27,27.9,28.3,27.9,26.4
"2026-10-02 07:57:00",133643,11.8,28.03,897,896,896,896,896,896,896,896,895,58.89,52.34,55.94,57.78,60.2,57.34,51.84,65.6,54.14,27.3,27.6,27.5,26.8,27.2,28.1,28.6,28.3,26.6
"2026-10-02 07:58:00",133644,11.78,28.04,897,896,896,896,896,896,896,896,895,57.07,50.99,55.47,59.05,59.5,57.01,51.88,69.14,53.16,27.9,28.1,27.9,26.9,27.5,28.7,29.1,29,27.2
"2026-10-02 07:59:00",133645,11.83,28.06,897,896,896,896,896,896,896,896,895,54.63,49.49,53.93,58.28,59.5,55.5,50.74,72.5,51.94,28.4,28.6,28.3,27.2,27.5,29.2,29.6,29.8,27.6
"2026-10-02 08:00:00",133646,11.8,28.07,897,896,896,896,896,896,896,896,895,54.15,49.02,53.09,58.33,58.75,54.78,48.75,74.1,50.46,28.8,29,28.7,27.3,28,29.8,30.1,30.4,28
"2026-10-02 08:01:00",133647,11.8,28.09,897,896,896,896,896,896,896,896,895,51.88,47.5,51.53,56.72,58.43,54.66,48.4,74.1,49.71,29.3,29.4,29,27.5,28.3,30.2,30.5,30.4,28.4
"2026-10-02 08:02:00",133648,11.76,28.11,897,896,896,896,896,896,896,896,895,52.41,47.5,50.6,55.74,57.21,51.35,46.34,73.78,48.5,29.4,29.4,29.4,27.6,28.5,30.6,30.8,31.7,28.7
"2026-10-02 08:03:00",133649,11.75,28.13,897,896,896,896,896,896,896,896,895,50.91,46.38,49.9,55.74,55.4,50.67,45.17,73.62,47.3,30.1,30.1,29.7,27.6,28.8,31.1,31.1,32.3,29
"2026-10-02 08:04:00",133650,11.78,28.14,897,896,896,896,896,896,896,896,896,49.07,44.97,49.02,54.99,55.52,49.86,44.41,73.68,46.83,30.5,30.6,30.1,27.9,29.2,31.6,31.6,33,29.3
"2026-10-02 08:05:00",133651,11.79,28.16,897,896,896,896,896,896,896,896,895,48.17,43.92,47.7,54.26,54.37,47.43,42.62,61.64,45.99,31,31,30.4,28.1,29.4,32,31.8,33.5,29.5
"2026-10-02 08:06:00",133652,11.82,28.18,896,896,896,896,896,896,896,896,896,46.56,42.71,47.15,54.38,54.37,45.8,42.69,44.72,45.49,31.2,31.1,30.6,28.2,29.4,32.3,32,33.6,29.7
"2026-10-02 08:07:00",133653,11.76,28.2,897,896,896,896,896,896,896,896,896,45.62,42.49,46.58,53.95,52.6,46.41,42.72,42.98,45.43,31.3,31.1,30.6,28.2,29.6,32.4,32,33.7,29.7
"2026-10-02 08:08:00",133654,11.82,28.22,897,896,896,896,896,896,896,896,896,45.13,41.63,46.1,52.74,52.22,44.24,41.63,40.86,47.84,31.3,31.1,30.6,28.3,29.6,32.5,31.9,33.7,29.8
"2026-10-02 08:09:00",133655,11.79,28.24,897,896,896,896,896,896,896,896,896,45.1,42.33,46.24,53.75,53.2,44.43,41.83,40.89,49.41,31.2,31.1,30.6,28.3,29.7,32.5,31.9,33.8,29.9
"2026-10-02 08:10:00",133656,11.83,28.26,896,896,896,896,896,896,896,896,896,44.89,41.91,46,52.97,52.23,43.95,42.19,40.81,50.69,31.2,31.1,30.6,28.3,29.7,32.6,31.8,33.7,30.1
"2026-10-02 08:11:00",133657,11.78,28.28,897,896,896,896,896,896,896,896,896,45.01,41.89,46.39,52.23,51.34,43.82,42.08,39.82,51.8,31.1,31,30.5,28.3,29.7,32.6,31.6,33.6,30.2
"2026-10-02 08:12:00",133658,11.82,28.3,896,896,896,896,895,896,896,896,896,45.3,41.96,46.4,52.24,51.97,43.82,42.32,40.35,52.74,31,30.9,30.4,28.2,29.6,32.5,31.4,33.4,30.2
"2026-10-02 08:13:00",133659,11.81,28.32,897,896,896,896,895,896,896,896,896,45.66,42.59,47.07,54.18,51.52,43.83,43.37,40.65,53.56,30.8,30.7,30.2,28.1,29.6,32.4,31.2,33.2,30.2
"2026-10-02 08:14:00",133660,11.82,28.34,897,896,896,896,895,896,896,896,896,46.2,42.79,47.44,52.5,52,44.9,43.45,40.87,54.27,30.7,30.6,30.1,28.1,29.5,32.3,31,33,30.2
"2026-10-02 08:15:00",133661,11.8,28.37,897,896,896,896,896,896,896,896,896,46.52,43.2,47.81,53.51,51.67,44.54,44.19,41.46,54.64,30.5,30.4,30,28,29.5,32.1,30.8,32.8,30.2
"2026-10-02 08:16:00",133662,11.79,28.39,897,896,896,896,896,896,896,896,896,46.7,43.94,47.95,54.2,52.53,44.72,44.7,41.54,55.83,30.4,30.3,29.9,28,29.5,32,30.7,32.7,30.2
"2026-10-02 08:17:00",133663,11.79,28.41,897,896,896,896,896,896,896,896,896,46.93,43.37,48.08,53.37,52.13,45.83,44.52,41.8,56.54,30.2,30.1,29.8,27.9,29.4,31.8,30.5,32.4,30.2
"2026-10-02 08:18:00",133664,11.78,28.43,897,896,896,896,896,896,896,896,896,47.58,43.7,48.07,52.94,52,46.04,44.97,42.12,48.06,30,29.9,29.5,27.9,29.2,31.6,30.3,32.2,30
"2026-10-02 08:19:00",133665,11.81,28.46,897,896,896,896,896,896,896,896,895,48.57,45.12,49.12,53.3,52.57,45.46,45.81,43.02,45.77,29.8,29.7,29.4,27.8,29.1,31.4,30,31.9,29.8
"2026-10-02 08:20:00",133666,11.83,28.48,897,896,896,896,896,896,896,896,895,50.8,45.26,49.72,54.69,52.74,45.84,46.02,43.29,45.83,29.6,29.6,29.2,27.8,29,31.2,29.9,31.6,29.5
"2026-10-02 08:21:00",133667,11.78,28.5,897,896,896,896,896,896,896,896,896,52.85,45.62,50.18,55.42,53.08,46.19,46.75,43.57,46.63,29.4,29.3,29,27.7,28.9,30.9,29.5,31.3,29.2
"2026-10-02 08:22:00",133668,11.78,28.52,897,896,896,896,896,896,896,896,896,54.64,45.6,49.95,54.69,53.54,46.29,47.3,44.32,46.81,29.3,29,28.8,27.6,28.7,30.6,29.3,31,28.9
"2026-10-02 08:23:00",133669,11.81,28.55,897,896,897,896,896,896,896,896,895,56.56,46.67,50.95,55.04,53.96,47.21,48.09,45.34,47.14,29.1,28.8,28.7,27.5,28.5,30.4,29,30.7,28.7
"2026-10-02 08:24:00",133670,11.81,28.57,897,896,896,896,896,896,896,896,896,58.23,46.91,51.25,55.12,54.3,47.66,48.88,45.82,48.3,28.9,28.6,28.5,27.5,28.4,30.1,28.8,30.5,28.3
"2026-10-02 08:25:00",133671,11.81,28.59,897,896,896,896,896,896,896,896,896,59.95,47.41,51.64,55.57,56,48.26,49.1,46.35,48.79,28.8,28.4,28.3,27.4,28.3,30,28.6,30.2,28
"2026-10-02 08:26:00",133672,11.76,28.61,897,896,896,896,896,896,896,896,896,61.6,48.51,52.41,56.36,54.69,48.73,50.23,47.07,49.57,28.6,28.2,28.1,27.4,28.1,29.7,28.4,30,27.8
"2026-10-02 08:27:00",133673,11.79,28.64,897,896,896,896,896,896,896,896,896,63.15,48.77,53.06,56.82,55.64,49.51,50.85,48.22,50.51,28.5,28,28,27.3,28,29.4,28.2,29.6,27.5
"2026-10-02 08:28:00",133674,11.79,28.66,897,896,897,896,896,896,896,896,896,64.77,48.99,53.41,56.42,55.9,49.86,51.34,48.84,50.85,28.4,27.8,27.8,27.2,27.9,29.2,28,29.4,27.3
"2026-10-02 08:29:00",133675,11.81,28.68,897,896,897,896,896,896,896,896,896,66.32,49.62,53.39,55.55,56.41,50.78,51.16,49.1,51.14,28.2,27.6,27.7,27.1,27.7,29,27.8,29.1,27.1
"2026-10-02 08:30:00",133676,11.77,28.71,897,896,897,896,896,896,896,896,896,67.74,50.9,54.42,56.5,56.55,50.32,52.01,50,52,28.1,27.5,27.5,27.1,27.6,28.9,27.7,28.9,27
"2026-10-02 08:31:00",133677,11.76,28.73,897,896,897,896,896,896,896,896,896,57.17,50.53,54.37,57.03,56.6,51.03,52,50.06,52.05,28,27.4,27.4,27,27.5,28.7,27.5,28.7,26.8
"2026-10-02 08:32:00",133678,11.8,28.75,897,896,897,896,896,896,896,896,896,57,51.78,55.14,57.41,57.1,51.81,53.12,51,52.77,27.8,27.3,27.3,27,27.4,28.5,27.4,28.5,26.6
"2026-10-02 08:33:00",133679,11.79,28.77,897,896,897,896,896,896,896,896,896,57.18,53.78,55.72,57.71,57.39,52.45,53.88,52.07,53.43,27.7,27.2,27.2,26.9,27.3,28.4,27.4,28.4,26.5
"2026-10-02 08:34:00",133680,11.79,28.79,897,896,897,896,896,896,896,896,896,56.2,55.1,55.41,57.97,58.15,52.65,53.53,52.04,53.38,27.5,27.2,27.2,26.9,27.2,28.2,27.2,28.2,26.4
"2026-10-02 08:35:00",133681,11.78,28.82,897,896,897,896,896,896,896,896,896,57.01,56.3,55.78,57.64,58.16,52.95,54.13,52.26,53.7,27.4,27.1,27.1,26.8,27.1,28.1,27.1,28,26.3
"2026-10-02 08:36:00",133682,11.79,28.84,897,896,897,896,896,896,896,896,896,57.11,57.39,55.79,57.98,59.4,53.26,54.06,52.82,54.01,27.2,27.1,27,26.8,27,28,27,27.9,26.2
"2026-10-02 08:37:00",133683,11.8,28.86,897,896,897,896,896,896,896,896,896,57.32,58.32,56.1,57.34,59.4,53.38,54.05,52.87,53.97,27.1,27.1,27,26.8,27,27.8,27,27.8,26.1
"2026-10-02 08:38:00",133684,11.81,28.88,897,896,897,896,896,896,896,896,896,57.98,58.9,56.11,57.57,59.24,53.83,53.99,53.55,54.33,27,27.2,26.9,26.7,26.9,27.7,26.9,27.7,26
"2026-10-02 08:39:00",133685,11.81,28.9,897,896,897,896,896,896,896,896,896,58.68,59.58,56.11,58.36,60.27,54.11,54.87,53.84,54.69,26.9,27.2,26.9,26.7,26.8,27.6,26.8,27.6,26
"2026-10-02 08:40:00",133686,11.79,28.92,897,896,897,896,896,896,896,896,896,58.91,60.19,56.6,56.64,60.37,54.38,54.81,54.17,55.01,26.8,27.2,26.9,26.6,26.8,27.5,26.7,27.5,25.9
"2026-10-02 08:41:00",133687,11.77,28.94,897,896,897,896,896,896,896,896,896,58.91,60.92,56.78,58.82,59.95,55.3,55.63,54.85,55.01,26.8,27.2,26.8,26.6,26.7,27.5,26.7,27.4,25.9
"2026-10-02 08:42:00",133688,11.76,28.96,897,896,897,896,896,896,897,896,896,59.66,61.36,56.82,58.52,60.5,55.35,55.82,54.6,55.59,26.7,27.3,26.8,26.6,26.7,27.4,26.7,27.4,25.9
"2026-10-02 08:43:00",133689,11.76,28.98,897,896,897,896,896,896,896,896,896,59.66,61.36,56.7,59.53,60.86,56.18,56.06,55.27,55.62,26.6,27.3,26.7,26.6,26.7,27.3,26.7,27.3,25.9
"2026-10-02 08:44:00",133690,11.8,29,897,896,897,896,896,896,897,896,896,59.63,52.72,57.18,59.01,60.38,55.76,56.17,55.61,55.6,26.6,27.2,26.7,26.6,26.6,27.3,26.6,27.3,25.8
"2026-10-02 08:45:00",133691,11.83,29.02,897,896,897,896,896,896,897,896,896,59.62,52.57,58.99,58.05,61.05,56.64,55.46,55.32,55.85,26.6,27.1,26.8,26.5,26.6,27.3,26.6,27.2,25.9
"2026-10-02 08:46:00",133692,11.77,29.04,897,896,897,896,896,896,897,896,896,59.16,52.08,60.7,56.33,60.44,56.52,55.22,55.22,55.85,26.5,27.1,26.8,26.5,26.6,27.2,26.6,27.2,25.9
"2026-10-02 08:47:00",133693,11.79,29.06,897,896,897,896,896,896,897,896,896,59.8,52.78,62.22,57.25,60.42,56.34,55.7,55.68,55.42,26.5,27.1,26.8,26.5,26.6,27.2,26.6,27.2,25.9
"2026-10-02 08:48:00",133694,11.76,29.08,897,896,897,896,896,896,897,896,896,60.18,52.78,62.93,58.43,60.14,56.19,55.99,55.68,55.65,26.5,27,26.9,26.5,26.6,27.2,26.7,27.2,25.9
"2026-10-02 08:49:00",133695,11.78,29.09,897,896,897,896,896,896,897,896,896,60.56,52.62,64.8,57.38,61.18,56.38,55.99,56.05,55.65,26.6,27.1,27,26.6,26.8,27.3,26.7,27.3,25.9
"2026-10-02 08:50:00",133696,11.81,29.11,897,896,897,896,896,897,897,896,896,60.82,52.25,65.91,58.95,60.75,56.25,55.7,56.49,56.01,26.7,27.1,27.2,26.6,26.8,27.3,26.8,27.3,26.1
"2026-10-02 08:51:00",133697,11.8,29.13,897,896,897,896,896,896,897,896,896,59.86,52.35,66.86,58.7,60.75,56.85,55.72,56.16,55.4,26.7,27.1,27.3,26.7,26.8,27.4,26.9,27.4,26.1
"2026-10-02 08:52:00",133698,11.82,29.15,897,896,897,896,896,896,897,896,896,59.78,52.35,67.31,58.91,60.65,56.57,55.17,55.37,54.85,26.8,27.2,27.3,26.7,27,27.4,27,27.5,26.2
"2026-10-02 08:53:00",133699,11.79,29.16,897,896,897,896,896,896,897,896,896,59.58,52.03,68.32,58.04,59.48,55.66,54.75,55.08,54.29,26.9,27.2,27.5,26.8,27,27.5,27,27.5,26.3
"2026-10-02 08:54:00",133700,11.83,29.18,897,896,897,896,896,896,897,896,896,59.57,52.12,68.92,57.78,59.25,56.07,55.09,54.99,54.61,26.9,27.3,27.7,26.9,27.1,27.6,27.1,27.6,26.3
"2026-10-02 08:55:00",133701,11.8,29.2,897,896,897,896,896,897,897,896,896,58.47,51.98,68.92,57.81,59.52,55.58,54.55,54.77,54.29,26.9,27.3,27.7,26.9,27.2,27.6,27.2,27.6,26.4
"2026-10-02 08:56:00",133702,11.81,29.21,897,896,897,896,896,897,897,896,896,58.91,51.87,56.98,56.87,60.16,54.99,54.33,55.13,54.2,27,27.3,27.8,27,27.2,27.7,27.2,27.7,26.4
"2026-10-02 08:57:00",133703,11.8,29.23,897,896,897,896,896,897,897,897,896,59.34,51.94,56,58.71,59.89,55.84,54.92,55.15,54.54,27,27.3,27.8,27,27.2,27.7,27.3,27.7,26.4
"2026-10-02 08:58:00",133704,11.8,29.25,897,896,897,896,896,897,897,897,896,59,51.89,55.79,61.33,59.38,55.82,55.05,55.21,54.36,27,27.3,27.7,27,27.2,27.7,27.3,27.7,26.4
"2026-10-02 08:59:00",133705,11.82,29.26,897,896,897,896,896,897,897,897,896,58.59,51.59,55.05,63.62,59.19,55.61,54.99,54.96,54.31,27,27.2,27.7,27,27.2,27.7,27.3,27.7,26.4
"2026-10-02 09:00:00",133706,11.81,29.28,897,896,897,896,896,897,897,897,896,58.45,51.71,55.26,65.32,58.59,55.15,54.05,54.59,54.15,26.9,27.1,27.6,27.1,27.2,27.6,27.2,27.6,26.4
"2026-10-02 09:01:00",133707,11.8,29.3,897,896,897,896,896,897,897,897,896,58.56,52.16,55.06,66.67,59.09,55.18,54.11,54.37,54.16,26.8,27,27.5,27.1,27.1,27.6,27.1,27.6,26.3
"2026-10-02 09:02:00",133708,11.81,29.31,897,896,897,896,896,897,897,897,896,58.78,52.06,55.25,67.76,59.17,55.15,54.53,54.52,54.31,26.7,26.9,27.4,27.1,27,27.5,27.1,27.5,26.2
"2026-10-02 09:03:00",133709,11.81,29.33,897,896,897,896,896,897,897,897,896,59.99,52.58,55.95,68.65,59.71,55.38,54.91,55.13,54.56,26.6,26.8,27.3,27.1,26.9,27.5,27,27.4,26.2
"2026-10-02 09:04:00",133710,11.77,29.34,897,896,897,896,896,897,897,897,896,60.67,53.14,56.41,69.45,60.31,55.46,54.91,55.42,55.16,26.5,26.7,27.1,27,26.9,27.4,27,27.3,26.1
"2026-10-02 09:05:00",133711,11.8,29.36,897,896,897,896,896,897,897,897,896,60.43,53.74,57.01,70.16,60.04,56.25,56.14,56.25,55.47,26.4,26.6,27,27,26.8,27.3,26.8,27.2,26
"2026-10-02 09:06:00",133712,11.77,29.37,897,896,897,896,896,897,897,897,896,60.98,53.04,56.94,70.81,60.48,56.54,56.13,56.74,56.02,26.3,26.5,26.9,27,26.6,27.1,26.7,27.1,25.9
"2026-10-02 09:07:00",133713,11.79,29.39,897,896,897,897,896,897,897,897,896,61.39,54.45,57.1,71.41,60.48,56.77,55.83,56.25,55.97,26.2,26.4,26.8,27,26.5,27,26.5,27,25.8
"2026-10-02 09:08:00",133714,11.82,29.4,897,896,897,897,896,897,897,897,896,61.76,54.33,57.44,71.41,60.63,56.88,56.62,56.63,56.08,26.1,26.3,26.7,27,26.4,26.9,26.4,26.8,25.7
"2026-10-02 09:09:00",133715,11.8,29.42,897,897,897,897,896,897,897,897,896,62.21,54.78,58.23,62.09,61.24,56.88,57.28,57.42,56.51,26,26.2,26.5,26.8,26.3,26.9,26.3,26.7,25.6
"2026-10-02 09:10:00",133716,11.78,29.43,897,897,897,897,896,897,897,897,896,62.99,54.9,58.6,61.01,63.43,57.81,57.75,57.92,56.83,25.9,26.1,26.4,26.7,26.3,26.7,26.2,26.6,25.5
"2026-10-02 09:11:00",133717,11.82,29.45,897,897,897,897,896,897,897,897,896,63.04,55.07,58.71,60.63,65.54,58.13,57.79,58.34,57.15,25.8,26,26.3,26.5,26.2,26.6,26.1,26.5,25.4
"2026-10-02 09:12:00",133718,11.78,29.46,897,897,897,897,896,897,897,897,896,63.71,55.02,59.02,60.86,67.55,58.23,57.82,58.34,57.43,25.7,25.9,26.2,26.4,26.1,26.5,26,26.5,25.3
"2026-10-02 09:13:00",133719,11.78,29.47,897,897,897,896,896,897,897,897,896,63.81,55.09,58.91,60.73,69.14,58.46,58.23,58.61,57.32,25.6,25.8,26.1,26.3,26,26.4,26,26.3,25.3
"2026-10-02 09:14:00",133720,11.76,29.49,897,896,897,897,896,897,897,897,896,63.76,55.18,59.24,59.25,70.8,58.67,57.81,58.85,57.32,25.5,25.7,26.1,26.2,26,26.3,25.9,26.2,25.2
"2026-10-02 09:15:00",133721,11.81,29.5,897,897,897,897,896,897,897,897,896,64.33,56,59.51,60.56,72.25,58.79,58.03,58.96,57.8,25.5,25.7,26,26.1,26,26.3,25.8,26.1,25.1
"2026-10-02 09:16:00",133722,11.79,29.51,897,897,897,897,896,897,897,897,896,64.76,55.9,59.67,60.81,73.67,58.87,58.55,59.37,57.85,25.4,25.6,26,26.1,25.9,26.2,25.7,26.1,25.1
"2026-10-02 09:17:00",133723,11.78,29.53,897,896,897,897,896,897,897,897,896,64.9,56.01,59.83,60.89,74.97,59.34,58.55,59.69,57.74,25.3,25.6,25.9,26,25.9,26.1,25.7,26,25.1
"2026-10-02 09:18:00",133724,11.83,29.54,897,896,897,896,896,897,897,897,896,65.09,56.38,60.04,60.09,76.21,59.32,59.33,59.82,57.84,25.3,25.5,25.9,26,25.9,26.1,25.7,26,25.1
"2026-10-02 09:19:00",133725,11.81,29.55,897,896,897,897,896,897,897,897,896,65.51,56.78,59.95,61.03,77.48,59.81,58.99,59.94,57.71,25.3,25.5,25.9,25.9,25.9,26.1,25.7,26,25
"2026-10-02 09:20:00",133726,11.77,29.56,897,896,897,896,896,897,897,897,896,65.28,56.77,60.12,61.42,74.3,59.77,59.3,60.03,58.13,25.3,25.5,25.8,25.9,25.9,26.1,25.6,26,25.1
"2026-10-02 09:21:00",133727,11.8,29.57,897,896,897,896,896,897,897,897,896,66.04,56.72,60.62,61.83,67.33,60.09,59.75,60.57,58.31,25.3,25.6,25.9,25.8,25.9,26.1,25.7,26,25.1
"2026-10-02 09:22:00",133728,11.78,29.59,897,896,897,896,896,897,897,897,896,66.01,56.65,60.19,62.21,66.15,60.66,59.61,60.67,58.17,25.4,25.6,25.9,25.9,25.9,26.1,25.7,26,25.1
"2026-10-02 09:23:00",133729,11.79,29.6,897,896,897,896,896,897,897,897,896,66.21,56.65,60.48,61.58,65.22,61.85,58.93,60.26,57.98,25.4,25.6,26,25.9,25.9,26.1,25.8,26,25.2
"2026-10-02 09:24:00",133730,11.79,29.61,897,896,897,896,896,897,897,897,896,65.23,56.93,60.48,61.91,65.4,63.91,59.67,60.21,57.56,25.5,25.8,26,25.9,26,26.2,25.9,26.1,25.3
"2026-10-02 09:25:00",133731,11.83,29.62,897,896,897,896,896,897,897,897,896,65.35,56.08,59.79,60.89,66.48,66.4,58.57,59.68,57.73,25.6,25.9,26.1,26,26,26.4,26,26.2,25.3
"2026-10-02 09:26:00",133732,11.79,29.63,897,896,897,896,896,897,897,897,896,64.52,55.06,59.2,60.43,64.44,67.66,58.35,59.62,57.15,25.7,26,26.2,26.1,26.1,26.5,26.1,26.3,25.4
"2026-10-02 09:27:00",133733,11.81,29.64,897,896,897,896,896,897,897,897,896,64.03,54.54,58.44,60.4,64.85,68.87,57.4,59.62,56.58,25.8,26.1,26.3,26.2,26.2,26.7,26.2,26.3,25.6
"2026-10-02 09:28:00",133734,11.76,29.65,897,896,897,896,896,897,897,897,896,62.86,54.94,58.71,59.67,63.77,70.02,56.7,58.41,55.69,26,26.3,26.4,26.3,26.3,26.9,26.3,26.5,25.7
"2026-10-02 09:29:00",133735,11.76,29.66,897,896,897,896,896,897,897,897,896,63.1,55.28,58.71,60.34,63.45,71.21,57.1,58.41,55.98,26.1,26.5,26.4,26.4,26.4,27.1,26.4,26.5,25.7
"2026-10-02 09:30:00",133736,11.78,29.67,897,896,897,896,896,897,897,896,896,63.49,54.7,58.65,60.26,63.17,72.17,56.6,58.49,56.03,26.3,26.6,26.8,26.5,26.5,27.3,26.6,26.8,26
"2026-10-02 09:31:00",133737,11.77,29.68,897,896,897,896,896,897,897,896,896,61.5,54.21,57.6,60.05,62.31,73.22,56.85,58.26,55.6,26.5,26.8,27,26.7,26.7,27.5,26.8,27,26.2
"2026-10-02 09:32:00",133738,11.78,29.7,897,896,897,896,896,897,897,896,896,60.23,52.54,56.73,58.38,63.22,73.22,55.53,56.85,55.6,26.7,27,27.1,26.9,26.9,27.5,27,27.2,26.2
"2026-10-02 09:33:00",133739,11.79,29.71,897,896,897,896,896,896,897,896,896,60.08,53.11,56.21,59.43,63.22,65.21,55.09,56.4,53.84,26.9,27.3,27.2,27.1,26.9,28,27.2,27.5,26.5
"2026-10-02 09:34:00",133740,11.78,29.72,897,896,897,896,896,896,897,896,896,59.14,52.04,55.86,57.93,62.05,59.08,54.55,56.1,54.02,27.1,27.5,27.5,27.3,27.1,28.2,27.4,27.7,26.6
"2026-10-02 09:35:00",133741,11.81,29.73,897,896,897,896,896,896,897,896,896,58.48,51.64,55.47,58.23,60.64,57.97,57.27,56.43,53.65,27.4,27.7,27.8,27.4,27.5,28.5,27.7,27.9,26.9
"2026-10-02 09:36:00",133742,11.79,29.74,897,896,897,896,896,896,897,896,896,57.34,50.88,54.87,57.71,59.16,57.97,59.24,54.96,52.9,27.6,28,28,27.7,27.7,28.5,28,28.1,27.1
"2026-10-02 09:37:00",133743,11.76,29.75,897,896,897,896,896,896,897,896,896,57.48,50.85,54.37,56.98,59.06,55.52,60.97,54.88,52.38,27.9,28.2,28.2,27.8,27.9,28.9,28.4,28.3,27.4
"2026-10-02 09:38:00",133744,11.8,29.76,897,896,897,896,896,897,897,896,896,56.29,49.94,53.29,56.76,59.06,54.73,61.56,53.72,52.12,28.1,28.5,28.4,28.1,27.9,29.1,28.6,28.6,27.5
"2026-10-02 09:39:00",133745,11.75,29.77,897,896,897,896,896,897,897,896,896,54.58,48.42,53.07,56.51,59.06,54.14,62.97,53.72,50.98,28.4,28.7,28.5,28.4,27.9,29.3,29.2,28.6,27.8
"2026-10-02 09:40:00",133746,11.79,29.78,897,896,897,896,896,897,897,896,896,54.04,47.24,51.84,54.18,60.03,54.01,64.07,51.6,50.48,28.7,29,29,28.7,28.7,29.6,29.7,29.3,28.1
"2026-10-02 09:41:00",133747,11.77,29.79,897,896,897,896,896,897,897,897,896,52.1,46.98,50.61,53.65,60.03,53.39,64.35,50.5,50.06,29,29.3,29.2,29,28.7,29.8,30.2,29.6,28.3
"2026-10-02 09:42:00",133748,11.82,29.8,897,896,897,896,896,897,897,897,896,51.32,47.62,50.34,54.09,55.4,51.72,65.79,50.69,47.78,29.5,30,29.8,29.5,29.6,30.5,31,30.4,28.9
"2026-10-02 09:43:00",133749,11.77,29.82,897,896,897,896,896,897,897,897,896,50.42,45.41,50.32,55.12,54.82,51.4,66.76,49.65,47.04,30.5,30.7,30.2,30.4,30.5,31.3,32.1,31.2,29.7
"2026-10-02 09:44:00",133750,11.8,29.83,897,896,897,896,896,897,897,896,896,47.77,43.83,47.27,50.68,54.31,49.87,66.37,46.68,45.98,31,31.3,31,31.1,31.2,32,33.1,31.9,30.2
"2026-10-02 09:45:00",133751,11.8,29.84,897,896,897,896,896,897,897,896,896,47.8,44.21,46.95,50.21,50.78,47.98,66.06,46.07,44.26,31.9,32.2,31.8,32,32.1,32.9,34.3,32.9,30.9
"2026-10-02 09:46:00",133752,11.77,29.85,897,896,897,896,896,897,897,897,896,46.49,41.76,45.37,49.14,50.68,46.73,42.29,43.35,43.11,32.8,33.1,32.6,32.9,33,33.8,35.3,33.8,31.7
"2026-10-02 09:47:00",133753,11.77,29.87,897,896,897,896,896,896,897,896,896,43.49,40.25,43.35,46.04,48.23,44.26,42.29,44.89,41.81,33.7,33.9,33.3,33.8,33.8,34.7,35.3,34.7,32.5
"2026-10-02 09:48:00",133754,11.82,29.88,897,896,897,896,896,897,897,896,896,41.8,39.63,41.51,43.37,44.35,42.25,35.6,49.1,40.38,34.5,34.7,34,34.6,34.7,35.5,36.8,35.7,32.8
"2026-10-02 09:49:00",133755,11.8,29.89,897,896,897,896,896,897,896,896,896,38.86,36.12,39.66,43.03,42.6,41.39,36.32,52.65,38.41,35.4,35.4,34.7,35.5,35.5,36.4,37.7,36.8,33.9
"2026-10-02 09:50:00",133756,11.79,29.91,897,896,896,896,896,896,896,896,896,38.86,34.1,37.66,37.77,39.62,38.76,31.86,55.03,36.54,35.4,36,35.3,36.3,36.2,37.2,38.3,37.7,34.5
"2026-10-02 09:51:00",133757,11.81,29.92,897,896,897,896,896,896,896,896,896,36.59,32.9,36.64,36.41,38.05,38.76,31.23,55.17,35.26,36.4,36.3,35.5,36.7,36.4,37.2,38.5,38.3,34.8
"2026-10-02 09:52:00",133758,11.79,29.94,897,896,897,896,896,896,896,896,896,35.29,32.19,36.02,36.41,37.63,35.86,30.81,54.04,34.98,36.4,36.3,35.5,36.7,36.6,37.8,38.5,38.6,34.8
"2026-10-02 09:53:00",133759,11.8,29.95,897,896,896,896,896,896,896,896,896,35.09,33.05,36.45,37.47,39.04,35.18,31.05,54.04,34.46,36.6,36.6,35.8,37.1,36.9,38.1,38.7,38.6,34.9
"2026-10-02 09:54:00",133760,11.79,29.97,897,896,897,896,896,896,896,896,896,35.65,33.5,36.41,37.04,36.42,34.18,30.38,54.48,35.3,36.9,36.9,36,37.4,37.3,38.4,38.7,39.6,35
"2026-10-02 09:55:00",133761,11.77,29.99,897,896,897,896,896,896,896,896,896,34.86,31.75,35.91,35.5,36.42,34.07,30.7,54.88,35.05,37,36.9,36.1,37.5,37.3,38.5,38.8,39.9,35.1
"2026-10-02 09:56:00",133762,11.79,30,897,896,896,896,896,896,896,896,896,34.3,31.39,35.07,34.69,35.83,33.42,29.75,55.22,33.93,37.1,37,36.3,37.6,37.3,38.6,38.7,40.2,35.2
"2026-10-02 09:57:00",133763,11.77,30.02,897,896,897,896,896,896,896,896,896,34.67,31.75,35.45,35.38,36.24,33.02,29.45,56.23,34.23,37.4,37.3,36.5,37.9,37.8,39,39,40.6,35.5
"2026-10-02 09:58:00",133764,11.79,30.04,897,896,896,896,896,896,896,896,896,33.5,30.49,34.26,34.62,34.49,33.16,30.1,36.53,33.75,37.4,37.3,36.5,37.9,37.7,38.9,38.8,40.6,35.4
"2026-10-02 09:59:00",133765,11.76,30.06,897,896,897,896,896,896,896,896,896,33.74,32.06,34.91,34.79,34.09,32.72,30.82,31.27,33.59,37.2,37.2,36.4,37.7,37.6,38.8,38.6,40.4,35.3
"2026-10-02 10:00:00",133766,11.79,30.07,897,896,896,896,896,896,896,896,896,33.48,31.46,34.15,35.16,34.17,32.11,30.35,29.68,33.59,37.2,37.2,36.4,37.7,37.6,38.8,38.5,40.3,35.3
"2026-10-02 10:01:00",133767,11.78,30.09,897,896,897,896,896,896,896,896,896,33.77,31.37,34.91,35.25,33.91,32.15,30.78,29.54,38.63,37.1,37.2,36.4,37.7,37.5,38.8,38.4,40.2,35.5
"2026-10-02 10:02:00",133768,11.82,30.11,897,896,897,896,896,896,896,896,896,34.38,32,34.4,35.25,34.62,32.37,30.79,29.38,41.04,37.1,37.2,36.4,37.7,37.5,38.7,38.3,40.1,35.6
"2026-10-02 10:03:00",133769,11.78,30.13,897,896,897,896,896,896,896,896,896,34.98,31.73,35.06,35.06,34.71,32.74,30.91,29.93,43.1,37.1,37.1,36.3,37.7,37.4,38.7,38.2,40,35.7
"2026-10-02 10:04:00",133770,11.8,30.15,897,896,897,896,896,896,896,896,896,34.51,31.22,34.16,34.2,35.06,32.65,31.27,29.59,44.85,37,37.1,36.3,37.6,37.3,38.5,38,39.9,35.8
"2026-10-02 10:05:00",133771,11.78,30.17,897,896,897,896,896,896,896,896,896,34.26,31.46,34.3,33.73,34.56,32.24,30.5,29.59,46.2,36.9,37,36.1,37.5,37.2,38.4,37.8,39.9,35.9
"2026-10-02 10:06:00",133772,11.78,30.2,897,896,897,896,896,896,896,896,896,33.86,30.99,34.64,35.08,34.61,32.49,31.41,29.54,47.27,36.8,36.8,36,37.3,36.9,38.1,37.6,39.2,36
"2026-10-02 10:07:00",133773,11.76,30.22,897,896,897,896,896,896,896,896,896,33.99,31.11,34.76,33.85,34.46,32.02,31.59,29.8,47.76,36.6,36.6,35.8,37.1,36.6,38,37.4,38.9,36
"2026-10-02 10:08:00",133774,11.79,30.24,897,896,897,896,896,897,896,896,896,34.18,31.75,34.76,35.02,35.14,33.31,31.62,30.05,49.22,36.3,36.3,35.8,36.9,36.4,37.7,37.1,38.6,36
"2026-10-02 10:09:00",133775,11.79,30.26,897,896,897,896,896,897,896,896,896,34.93,32.53,35.52,34.64,35.07,32.91,31.71,30.72,49.99,36.1,36.1,35.3,36.6,36.1,37.4,36.8,38.2,35.9
"2026-10-02 10:10:00",133776,11.81,30.28,897,896,897,896,896,896,896,896,896,35.09,32.45,35.78,35.65,35.48,33.27,32.3,30.95,50.54,35.8,35.8,35.1,36.4,35.9,37.1,36.5,37.9,35.8
"2026-10-02 10:11:00",133777,11.8,30.3,897,896,897,896,896,896,896,896,896,35.48,33.31,36.37,35.97,36.24,33.72,32.75,31.33,35.67,35.6,35.6,34.9,36.2,35.6,36.8,36.3,37.5,35.6
"2026-10-02 10:12:00",133778,11.77,30.33,897,896,897,896,896,896,896,896,896,36.65,32.83,36.64,36.86,36.85,34.34,33.49,32.06,34.61,35.3,35.4,34.7,35.9,35.4,36.6,36.1,37.2,35.4
"2026-10-02 10:13:00",133779,11.82,30.35,897,896,897,896,896,896,896,896,896,39.31,34.63,36.98,36.77,37.3,34.87,34,32.76,34.46,35.2,35.2,34.6,35.8,35.2,36.4,35.9,37,35.2
"2026-10-02 10:14:00",133780,11.77,30.37,897,896,897,896,896,896,896,896,896,41.44,33.91,36.97,37.35,37.3,35.12,34.1,33.32,34.48,35.1,35,34.4,35.6,35,36.2,35.7,36.7,35
"2026-10-02 10:15:00",133781,11.83,30.39,897,896,897,896,896,896,896,896,896,43.83,34.47,37.63,38.18,38.06,35.68,35.07,34.06,34.75,35,34.8,34.3,35.4,34.8,36,35.6,36.5,34.7
"2026-10-02 10:16:00",133782,11.8,30.42,897,896,897,896,896,896,896,896,896,45.57,34.16,38.28,38.21,38.54,35.81,34.95,34.15,35.17,35,34.7,34.2,35.3,34.7,35.8,35.4,36.3,34.5
"2026-10-02 10:17:00",133783,11.8,30.44,897,896,897,896,896,896,896,896,896,47.27,35,37.86,36.64,38.62,35.81,35.14,33.78,35.03,34.9,34.5,34.1,35.1,34.5,35.7,35.3,36.1,34.3
"2026-10-02 10:18:00",133784,11.81,30.46,897,896,897,896,896,896,896,896,896,48.15,35.15,38.1,38.78,38.5,36.12,34.88,34.27,35.28,34.9,34.3,34,35,34.3,35.5,35.2,35.9,34
"2026-10-02 10:19:00",133785,11.82,30.49,897,896,897,896,896,896,896,896,896,50.4,35.85,38.41,40.23,38.92,36.27,36.48,34.96,36.16,34.9,34.2,33.9,34.8,34.2,35.5,35.1,35.7,33.8
"2026-10-02 10:20:00",133786,11.8,30.51,897,896,897,896,896,896,896,896,896,51.83,35.71,38.41,39.52,39.66,37.07,35.29,34.88,35.72,34.9,34.1,33.8,34.8,34,35.3,35,35.5,33.7
"2026-10-02 10:21:00",133787,11.81,30.53,897,896,897,896,896,896,896,896,896,53.24,36.03,38.38,39.98,40.36,37.16,36.24,35.7,36.07,35,34,33.8,34.7,34,35.3,35,35.5,33.5
"2026-10-02 10:22:00",133788,11.81,30.56,897,896,897,896,896,896,896,896,896,54.63,36.02,39.07,40.91,40.43,38.45,36.52,35.72,37.03,35.1,34,33.7,34.8,34,35.3,35.1,35.4,33.3
"2026-10-02 10:23:00",133789,11.77,30.58,897,896,897,896,896,896,896,896,896,44.37,36.05,38.8,41.14,40.88,38.37,36.31,36.18,36.8,35.1,34,33.7,34.8,34,35.3,35.1,35.4,33.3
"2026-10-02 10:24:00",133790,11.75,30.61,897,896,897,896,896,896,896,896,896,38.56,36.38,38.19,40.51,39.92,37.35,35.16,35.43,36.45,35,34,33.7,34.8,34,35.3,35.2,35.4,33.1
"2026-10-02 10:25:00",133791,11.82,30.63,897,896,897,896,896,896,896,896,896,38.72,39.01,38.75,39.5,39.72,37.2,35.76,35.33,36.29,35,34.1,33.6,34.9,33.9,35.3,35.2,35.4,33
"2026-10-02 10:26:00",133792,11.81,30.66,897,896,897,896,896,896,896,896,896,38.22,41.91,39.32,39.06,39.78,36.7,34.97,35.28,36.77,34.9,34.3,33.7,34.9,34,35.2,35.2,35.4,32.9
"2026-10-02 10:27:00",133793,11.81,30.68,897,896,897,896,896,896,896,896,896,38.4,43.98,39.92,40.04,40.41,37.97,36.21,36.28,38.25,34.9,34.4,33.7,34.9,34,35.3,35.2,35.4,32.8
"2026-10-02 10:28:00",133794,11.76,30.7,897,896,896,896,896,896,896,896,896,38,45.71,39.1,40.49,39.73,37.97,36.05,35.87,38.05,34.9,34.6,33.7,34.9,34,35.3,35.3,35.4,32.8
"2026-10-02 10:29:00",133795,11.81,30.73,897,896,897,896,896,896,896,896,896,38.13,47.26,39.27,39.86,39.93,37.61,36.08,35.72,37.7,34.9,34.8,33.7,35,34,35.3,35.3,35.4,32.8
"2026-10-02 10:30:00",133796,11.8,30.75,897,896,897,896,896,896,896,896,896,38.03,48.55,39,40.65,40.69,38.15,36.22,36.37,37.73,34.9,35.1,33.9,35,34.1,35.4,35.5,35.5,32.9
"2026-10-02 10:31:00",133797,11.78,30.78,897,896,897,896,896,896,896,896,896,37.49,49.64,38.58,40.53,40.43,37.75,35.5,35.42,37.27,35.1,35.5,34,35.2,34.3,35.6,35.7,35.7,33
"2026-10-02 10:32:00",133798,11.8,30.8,897,896,897,896,896,896,896,896,896,37.39,50.81,39.09,39.09,41.46,36.81,33.86,35.12,37.03,35.3,35.8,34.2,35.4,34.5,35.8,35.8,35.9,33
"2026-10-02 10:33:00",133799,11.77,30.83,897,896,897,896,896,896,896,896,896,36.97,51.62,38.3,38.61,39.31,36.53,34.04,34.48,37.03,35.4,36.2,34.4,35.5,34.6,35.9,36,36.1,33
"2026-10-02 10:34:00",133800,11.78,30.85,897,896,897,896,896,896,896,896,896,36.34,52.33,37.48,38.83,39.1,36.54,33.5,34.23,37.09,35.6,36.6,34.6,35.6,34.8,36.1,36.2,36.3,33.3
"2026-10-02 10:35:00",133801,11.76,30.88,897,896,897,896,896,896,896,896,896,35.76,48.8,37.22,38.24,37.84,36.31,33.1,34.22,36.62,35.8,36.9,34.8,35.9,35,36.2,36.3,36.5,33.5
"2026-10-02 10:36:00",133802,11.77,30.9,897,896,897,896,896,896,896,896,896,36.03,34.38,36.78,39.02,38.36,35.93,33.8,34.17,36.6,36,37.1,35,36.1,35.2,36.5,36.6,36.7,33.7
"2026-10-02 10:37:00",133803,11.77,30.93,897,896,897,896,896,896,896,896,896,36.33,33.94,38.4,38.9,38.79,36.1,33.43,34.33,36.15,36.2,37.2,35.3,36.3,35.4,36.7,36.8,36.9,34
"2026-10-02 10:38:00",133804,11.76,30.96,897,896,897,896,896,896,896,896,896,35.51,32.78,41.94,38.24,36.83,34.99,32.54,33,34.86,36.4,37.4,35.6,36.5,35.6,36.9,37.1,37.1,34.1
"2026-10-02 10:39:00",133805,11.8,30.98,897,896,897,896,896,896,896,896,896,35.14,33.14,44.88,37.17,36.74,34.69,33.2,33.02,35.19,36.5,37.5,35.9,36.7,35.6,37.1,37.3,37.3,34.3
"2026-10-02 10:40:00",133806,11.78,31.01,897,896,897,896,896,896,896,896,896,35.94,31.96,47.5,37.58,38.08,35.22,32.64,33.23,35.83,36.8,37.6,36.2,36.8,35.9,37.3,37.5,37.5,34.5
"2026-10-02 10:41:00",133807,11.77,31.03,897,896,897,896,896,896,896,896,896,34.21,31.52,48.62,35.94,37.49,34.63,32.03,32.01,34.69,36.9,37.7,36.4,37,36,37.4,37.6,37.6,34.7
"2026-10-02 10:42:00",133808,11.78,31.06,897,896,897,896,896,897,896,896,896,33.84,31.21,51.46,35.26,36.06,34.31,31.62,31.73,34.32,37,37.7,36.8,37.1,36,37.5,37.7,37.7,34.8
"2026-10-02 10:43:00",133809,11.76,31.08,897,896,897,896,896,896,896,896,896,34.15,31.08,53.05,36.22,36.44,33.82,31.56,31.88,34.31,37.1,37.7,37,37.2,36.2,37.6,37.8,37.8,35
"2026-10-02 10:44:00",133810,11.82,31.11,897,896,897,896,896,896,896,896,896,33.66,31.22,54.3,35.52,35.86,33.49,31.31,31.46,33.64,37.1,37.7,37.3,37.3,36.2,37.7,37.9,37.9,35
"2026-10-02 10:45:00",133811,11.76,31.14,897,896,897,896,896,896,896,896,896,33.55,31.43,55.54,36.4,35.89,33.88,31.45,32,33.61,37.2,37.8,37.6,37.4,36.4,37.8,38,38,35.1
"2026-10-02 10:46:00",133812,11.81,31.16,897,896,897,896,896,896,896,896,896,34.44,31.33,56.75,36.96,36.03,34.11,31.92,32.26,33.46,37.4,37.9,37.9,37.5,36.5,37.9,38.3,38.2,35.3
"2026-10-02 10:47:00",133813,11.81,31.19,897,896,897,896,896,896,896,896,896,33.98,31.6,57.91,36.96,37,34.47,32.11,31.86,34.17,37.6,38,38.1,37.5,36.7,38.1,38.5,38.4,35.5
"2026-10-02 10:48:00",133814,11.76,31.22,897,896,896,896,896,896,896,896,896,33.76,32.33,40.16,36.17,35.22,33.51,31.49,31.09,33.06,37.9,38.3,38.4,38,37,38.3,38.8,38.6,35.7
"2026-10-02 10:49:00",133815,11.8,31.24,896,896,896,896,896,896,896,896,896,33.94,32.16,34.8,35.65,35.34,33.33,29.52,30.71,32.67,38.3,38.6,38.6,38.2,37.2,38.6,39.1,39,36
"2026-10-02 10:50:00",133816,11.81,31.27,897,896,896,896,896,896,896,896,896,33.26,30.74,32.65,38.07,36.47,34,29.72,30.7,32.69,38.6,38.8,38.8,38.6,37.4,38.8,39.3,39.2,36.3
"2026-10-02 10:51:00",133817,11.82,31.3,897,896,896,896,896,896,896,896,896,31.85,30.45,32.16,42.55,35.24,32.57,29.48,30.56,32.13,38.7,38.9,38.8,38.8,37.6,38.9,39.6,39.3,36.4
"2026-10-02 10:52:00",133818,11.77,31.32,897,896,896,896,896,896,896,896,896,31.25,29.4,31.25,46.33,33.3,32.18,28.97,29.73,30.75,39,39.2,39,39.2,37.8,39.1,39.8,39.6,36.6
"2026-10-02 10:53:00",133819,11.81,31.35,897,896,896,896,896,896,896,896,896,30.9,28.47,30.95,49.7,34.1,31.79,28.53,29.65,30.96,39.2,39.3,39.1,39.5,37.9,39.2,40,39.7,36.7
"2026-10-02 10:54:00",133820,11.8,31.38,897,896,896,896,896,896,896,896,896,31.03,29.24,31,51.97,33.11,31.23,27.77,28.78,30.6,39.4,39.4,39.1,39.9,38,39.3,40.1,39.9,36.8
"2026-10-02 10:55:00",133821,11.76,31.41,897,896,897,896,896,896,896,896,896,30.56,28.46,30.92,53.68,32.99,30.96,28.81,29.17,30.83,39.6,39.5,39.2,40.2,38.1,39.4,40.2,40,37
"2026-10-02 10:56:00",133822,11.77,31.43,896,896,896,896,896,896,896,896,896,30.48,27.9,30.69,55.02,32.46,31.3,28.82,28.7,30.82,39.6,39.5,39.1,40.5,38.2,39.5,40.3,40.1,37.1
"2026-10-02 10:57:00",133823,11.78,31.46,896,896,896,896,896,896,896,896,896,30.77,28.84,31,55.99,32.46,32.04,28.3,28.7,30.82,39.7,39.5,39.1,40.7,38.2,39.5,40.5,40.3,37.1
"2026-10-02 10:58:00",133824,11.82,31.49,896,896,896,896,896,896,896,896,896,29.62,28.01,30.71,56.16,32.73,31.13,27.48,28.7,30.76,39.8,39.5,39.2,40.9,38.3,39.6,40.5,40.3,37.3
"2026-10-02 10:59:00",133825,11.78,31.52,896,896,896,896,896,896,896,896,896,29.62,28.97,29.9,56.38,33.2,31.13,27.8,28.12,29.8,39.8,39.5,39.1,41.1,38.3,39.6,40.5,40.3,37.3
"2026-10-02 11:00:00",133826,11.79,31.55,896,896,896,896,896,896,896,896,896,29.99,29.31,30.6,56.35,33.12,31.45,27.69,28.02,29.39,39.7,39.5,39,41.3,38.3,39.6,40.6,40.3,37.3
"2026-10-02 11:01:00",133827,11.78,31.58,896,896,896,896,896,896,896,896,896,30.83,29.24,31.33,43.18,33.12,30.91,27.63,28.25,30.94,39.7,39.4,39,41.3,38.2,39.6,40.5,40.3,37.3
"2026-10-02 11:02:00",133828,11.77,31.6,896,896,896,896,896,896,896,896,896,30.35,27.95,30.4,35.74,34.67,31.26,28.45,28.04,29.96,39.8,39.5,38.9,41.3,38.3,39.6,40.6,40.4,37.3
"2026-10-02 11:03:00",133829,11.76,31.63,896,896,896,896,896,896,896,896,896,30.39,27.95,30.79,34.28,39.16,31.94,27.8,28.76,30.33,39.9,39.5,39,41.3,38.5,39.7,40.7,40.5,37.5
"2026-10-02 11:04:00",133830,11.81,31.66,896,896,896,896,896,896,896,896,896,30.58,28.05,30.57,33.07,42.97,31.49,28.04,28.09,29.92,40.1,39.8,39.1,41.4,38.7,39.8,40.9,40.7,37.7
"2026-10-02 11:05:00",133831,11.78,31.69,896,896,896,896,896,896,896,896,896,30.14,27.88,30.77,32.04,46.54,30.72,26.98,28,29.74,40.3,40,39.2,41.5,38.9,40,41.2,40.8,37.9
"2026-10-02 11:06:00",133832,11.78,31.72,896,896,896,896,896,896,896,896,896,29.7,27.53,30.31,31.24,49.28,30.08,26.61,27.37,28.89,40.3,39.9,39.2,41.4,39,39.9,41.1,40.8,37.9
"2026-10-02 11:07:00",133833,11.82,31.75,896,896,896,896,896,896,896,896,896,29.38,27.63,30.78,31.51,51.43,30.56,26.45,27.36,29.45,40.2,39.8,39.2,41.4,39.2,39.9,41.1,40.8,37.8
"2026-10-02 11:08:00",133834,11.77,31.78,896,896,896,896,896,896,896,896,896,29.14,28.4,30.3,31.42,53.37,29.72,26.25,27.05,29.77,40.3,39.9,39.2,41.3,39.3,39.9,41.1,40.8,38
"2026-10-02 11:09:00",133835,11.81,31.81,896,896,896,896,896,896,896,896,896,29.56,28.4,29.89,31.39,54.61,30.6,26.9,27.83,29.48,40.2,39.9,39.1,41.1,39.3,39.7,41,40.7,37.9
"2026-10-02 11:10:00",133836,11.79,31.84,896,896,896,896,895,896,896,896,896,28.91,27.88,30.01,31.04,56.58,31.14,26.96,26.48,28.86,39.9,39.5,38.9,40.9,39.3,39.6,40.8,40.5,37.7
"2026-10-02 11:11:00",133837,11.79,31.87,896,896,896,896,895,896,896,896,896,29.48,28.11,30.5,31.25,56.58,30.54,26.78,27.53,29.72,39.6,39.3,38.7,40.7,39.3,39.4,40.6,40.3,37.6
"2026-10-02 11:12:00",133838,11.81,31.9,896,896,896,896,895,896,896,896,896,29.82,28.5,30.55,30.61,58.67,30.63,27.03,27.6,29.73,39.4,39.1,38.5,40.4,39.3,39.3,40.4,40.1,37.5
"2026-10-02 11:13:00",133839,11.78,31.93,896,896,896,896,895,896,896,896,896,30.76,29.51,31.61,31.53,41.01,31,27.64,28.46,30.29,39.2,39,38.4,40.2,39.2,39.2,40.3,40,37.4
"2026-10-02 11:14:00",133840,11.81,31.96,896,896,896,896,895,896,896,896,896,30.87,28.59,31.03,32.66,35.04,31.96,27.88,28.63,30.33,39.2,39,38.3,40.1,39.1,39.2,40.3,39.9,37.4
"2026-10-02 11:15:00",133841,11.8,31.99,896,896,896,896,895,896,896,896,896,30.84,28.97,31.83,31.83,32.81,35.13,27.72,28.16,30.07,39,38.9,38.2,39.9,38.9,39.1,40.2,39.8,37.4
"2026-10-02 11:16:00",133842,11.82,32.02,896,896,896,896,895,896,896,896,896,30.53,28.67,30.99,31.86,32.65,37.33,26.46,27.72,29.93,38.9,38.8,38.1,39.7,38.6,39.1,40,39.6,37.3
"2026-10-02 11:17:00",133843,11.79,32.05,896,896,896,896,895,896,896,896,896,30.84,28.06,31.55,31.96,32.92,42.18,27.26,28.2,29.51,38.7,38.7,37.9,39.5,38.4,39.1,39.9,39.5,37.2
"2026-10-02 11:18:00",133844,11.8,32.08,896,896,896,896,895,896,896,896,896,31.04,29.41,31.48,32.18,32.91,44.87,27.74,28.41,30.56,38.5,38.4,37.8,39.3,38.2,39.1,39.7,39.3,37
"2026-10-02 11:19:00",133845,11.78,32.11,896,896,896,896,895,896,896,896,896,31.54,30.02,32.1,32.72,33.29,47.27,27.92,28.41,30.47,38.3,38.2,37.6,39,38,39.1,39.6,39.3,36.9
"2026-10-02 11:20:00",133846,11.82,32.14,896,896,896,896,895,896,896,896,896,31.46,29.47,32.1,33,33.06,49.06,28.26,28.41,29.95,38.1,38.1,37.5,38.8,37.7,39.1,39.3,39.3,36.8
"2026-10-02 11:21:00",133847,11.82,32.17,896,896,896,896,895,896,896,896,896,31.72,29.29,31.95,33.31,33.49,51.08,28.28,28.23,30.27,37.9,37.9,37.3,38.6,37.5,39.1,39.2,38.7,36.6
"2026-10-02 11:22:00",133848,11.79,32.2,896,896,896,896,895,896,896,896,896,31.52,29.3,32.09,33.23,34.05,52.96,29.22,28.75,30.5,37.8,37.8,37.2,38.4,37.3,39.1,39,38.6,36.5
"2026-10-02 11:23:00",133849,11.79,32.23,896,896,896,896,895,896,896,896,895,32.12,30.57,32.7,34.04,34.62,54.87,29.54,28.75,31.5,37.6,37.7,37.1,38.3,37.2,39.2,38.9,38.6,36.4
"2026-10-02 11:24:00",133850,11.82,32.26,896,896,896,896,895,896,896,896,895,32.81,30.98,33.04,34.63,35.36,56.7,29.53,30.29,31.61,37.6,37.7,37.1,38.2,37.1,39.3,39,38.5,36.4
"2026-10-02 11:25:00",133851,11.75,32.29,896,896,896,896,895,896,896,896,895,33.1,30.55,31.97,34.49,33.42,56.66,27.84,30.29,29.51,37.7,37.8,37.2,38.3,37.2,39.5,39,38.5,36.4
"2026-10-02 11:26:00",133852,11.78,32.32,896,896,896,896,895,896,896,896,896,31.89,29.57,32.06,34.4,33.91,37.74,28.75,29.46,30.08,37.7,37.8,37.2,38.2,37.1,39.4,38.9,38.5,36.4
"2026-10-02 11:27:00",133853,11.81,32.35,896,896,896,896,895,896,896,896,895,31.29,30,31.9,34.72,33.83,33.83,31.02,29.13,30.38,37.6,37.7,37.1,38.2,37,39.3,38.9,38.4,36.3
"2026-10-02 11:28:00",133854,11.82,32.38,896,896,896,896,895,896,896,896,895,31.78,30.3,31.49,34.58,33.69,32.76,32.79,29.13,30.25,37.6,37.7,37,38.1,37,39.2,38.9,38.4,36.2
"2026-10-02 11:29:00",133855,11.8,32.41,896,896,896,896,895,896,896,896,895,31.88,29.5,31.67,34.23,33.78,32.22,35.53,29.4,30.29,37.7,37.7,37,38.1,36.9,39.1,39,38.3,36.1
"2026-10-02 11:30:00",133856,11.78,32.44,896,896,896,896,895,896,896,896,895,32.09,30.07,32.31,34.28,33.7,31.99,36.89,29.31,30.27,37.7,37.7,37.1,38.1,36.9,39,39.1,38.3,36.1
"2026-10-02 11:31:00",133857,11.79,32.47,896,896,896,896,895,896,896,896,895,32,30.69,32.59,34.47,35.64,33.34,40.26,29.22,30.85,37.8,37.8,37.1,38.1,36.9,38.9,39.3,38.3,36.2
"2026-10-02 11:32:00",133858,11.78,32.5,896,896,896,896,895,896,896,896,895,31.37,29.9,32.29,34.17,32.76,33.21,42.06,29.22,30.44,37.7,37.7,37.1,38,36.8,38.8,39.5,38.3,36.2
"2026-10-02 11:33:00",133859,11.75,32.53,896,896,896,896,895,896,896,896,895,31.61,29.73,32.08,34.19,34.57,33.11,43.45,29.09,30.56,37.7,37.7,37.1,38,36.8,38.7,39.6,38.2,36.2
"2026-10-02 11:34:00",133860,11.81,32.56,896,896,896,896,895,896,896,896,895,31.82,30.26,32.2,34.67,34.25,33.13,44.92,30.01,31.04,37.7,37.8,37.1,38,36.8,38.6,39.8,38.2,36.2
"2026-10-02 11:35:00",133861,11.83,32.59,896,896,896,896,895,896,896,896,895,32.15,30.74,32.79,34.95,33.66,32.86,46.17,29.96,31.48,37.8,37.8,37.1,38,36.8,38.5,40,38.2,36.3
"2026-10-02 11:36:00",133862,11.79,32.62,896,896,896,896,895,896,896,896,895,32.75,30.91,33.23,34.55,34.95,32.82,47.07,30.05,31.15,37.8,37.8,37.2,38,36.8,38.4,40.1,38.2,36.3
"2026-10-02 11:37:00",133863,11.78,32.65,896,895,896,895,895,896,896,896,895,32.58,30.15,33.04,35.06,34.67,34.38,48.07,30.25,31.35,37.9,37.9,37.3,38,36.8,38.4,40.3,38.2,36.4
"2026-10-02 11:38:00",133864,11.81,32.68,896,896,896,896,895,896,896,896,895,31.75,29.97,32.24,33.67,33.78,32.42,35.16,29.74,30.33,37.8,37.9,37.2,38,36.8,38.3,40.4,38.2,36.3
"2026-10-02 11:39:00",133865,11.78,32.71,896,896,896,896,895,896,896,896,895,31.58,30.1,32.63,34.62,34.19,33.02,30.5,29.71,30.64,37.8,37.8,37.2,37.9,36.7,38.2,40.3,38.1,36.3
"2026-10-02 11:40:00",133866,11.79,32.74,896,895,896,896,895,896,896,896,895,31.81,30.7,33.17,33.97,35.21,34.62,29.9,32.8,30.68,37.7,37.8,37.2,37.8,36.7,38.1,40.2,38.1,36.3
"2026-10-02 11:41:00",133867,11.8,32.77,896,896,896,896,895,896,896,896,895,31.92,31.01,32.56,34.06,34.25,34.24,29.22,35.46,31.01,37.7,37.7,37.2,37.8,36.6,38.1,40.1,38.1,36.2
"2026-10-02 11:42:00",133868,11.83,32.8,896,896,896,895,895,896,896,896,895,32.31,30.46,32.39,34.55,34.2,33.7,28.62,35.46,30.89,37.6,37.7,37.1,37.7,36.6,38,40,38.1,36.2
"2026-10-02 11:43:00",133869,11.8,32.83,896,895,896,895,895,896,896,896,895,32.11,30.24,32.28,32.78,35.14,33.91,27.96,39.67,30.85,37.5,37.7,37.1,37.7,36.6,38,39.9,38.2,36.2
"2026-10-02 11:44:00",133870,11.76,32.86,896,895,896,896,895,896,896,896,895,31.78,30.33,31.97,32.43,34.35,33.41,28.22,41.48,30.77,37.4,37.6,37,37.6,36.6,38,39.8,38.3,36.1
"2026-10-02 11:45:00",133871,11.78,32.89,896,895,896,895,895,896,896,896,895,32.05,29.61,32.07,32.92,33.91,32.95,28.46,42.74,30.68,37.2,37.4,36.9,37.5,36.5,37.9,39.6,38.3,36
"2026-10-02 11:46:00",133872,11.77,32.92,896,895,896,895,895,896,896,896,895,32.97,30.76,32.78,34.3,34.57,33.44,28.46,43.85,31.13,37,37.3,36.8,37.4,36.4,37.8,39.6,38.3,35.9
"2026-10-02 11:47:00",133873,11.78,32.95,896,895,896,895,895,896,896,896,895,32.73,30.85,32.8,34.44,35.08,34.56,28.46,45.04,31.26,36.9,37.2,36.7,37.2,36.3,37.7,39.2,38.3,35.8
"2026-10-02 11:48:00",133874,11.8,32.98,896,895,896,895,895,896,896,895,895,32.57,30.39,33.14,34.42,34.62,34.53,28.83,46.03,31.09,36.7,37,36.6,37,36.2,37.5,38.9,38.2,35.7
"2026-10-02 11:49:00",133875,11.82,33.01,896,895,896,895,895,896,896,896,895,32.97,31.38,33.47,34.74,34.6,33.86,29.53,46.46,31.38,36.4,36.8,36.4,36.8,36,37.3,38.6,38.2,35.5
"2026-10-02 11:50:00",133876,11.77,33.03,896,895,896,895,895,896,896,895,895,33.79,31.57,33.36,34.89,35.05,33.94,29.8,43.95,31.93,36.1,36.6,36.2,36.6,35.8,37.1,38.3,38,35.3
"2026-10-02 11:51:00",133877,11.81,33.06,896,895,896,895,895,896,896,895,895,33.9,30.71,33.58,35.13,34.94,34.11,30.33,33.38,32.35,35.8,36.3,36,36.4,35.6,36.9,37.9,37.8,35.1
"2026-10-02 11:52:00",133878,11.81,33.09,896,895,896,895,895,896,896,895,895,34.18,31.71,34.06,35.4,35.91,34.07,30.04,32.22,33.01,35.6,36.1,35.7,36.1,35.3,36.6,37.6,37.5,34.9
"2026-10-02 11:53:00",133879,11.75,33.12,896,895,896,895,895,896,896,895,895,35.27,32.31,34.76,36.02,36.42,34.97,31.45,32.52,35.35,35.3,35.9,35.5,35.9,35.1,36.3,37.2,37.2,34.7
"2026-10-02 11:54:00",133880,11.83,33.15,896,895,896,895,895,896,896,895,895,36.16,33.08,35.25,36.36,37.32,35.7,32.13,32.99,37.57,35,35.7,35.3,35.7,35,36,36.9,36.8,34.5
"2026-10-02 11:55:00",133881,11.82,33.18,896,895,896,895,895,896,896,895,895,36.58,33.04,35.65,36.67,36.61,35.36,32.15,32.84,39.51,34.7,35.4,35,35.4,34.7,35.8,36.5,36.5,34.4
"2026-10-02 11:56:00",133882,11.79,33.21,896,895,896,895,895,896,896,895,895,37.17,34.36,37.04,37.72,37.66,36.36,33.13,34.09,41.21,34.5,35.2,34.8,35.2,34.4,35.5,36.2,36.2,34.3
"2026-10-02 11:57:00",133883,11.79,33.23,896,895,896,895,895,896,896,895,895,37.95,34.32,37.43,37.72,39.4,37.42,34.27,34.37,42.74,34.2,35,34.6,35,34.2,35.2,35.9,35.9,34.1
"2026-10-02 11:58:00",133884,11.78,33.26,896,895,896,895,895,896,895,895,895,37.07,35.34,36.63,37.07,38.36,36.7,33.5,33.57,44.11,33.9,34.7,34.3,34.7,34,35,35.6,35.6,34
"2026-10-02 11:59:00",133885,11.8,33.29,896,895,896,895,895,896,895,895,895,38.06,34.46,37.27,38.09,38.04,36.76,34.23,34.46,45.31,33.7,34.5,34.1,34.4,33.7,34.7,35.3,35.3,33.9
"2026-10-02 12:00:00",133886,11.79,33.32,896,895,896,895,895,896,896,895,895,39.15,35.58,38.51,38.53,39.46,37.97,35.26,35.63,46.52,33.4,34.3,33.9,34.1,33.5,34.5,35,35,33.8
"2026-10-02 12:01:00",133887,11.81,33.35,896,895,896,895,895,896,895,895,895,3954,36.4,39.04,39.45,39.99,38.29,35.66,36.19,47.56,33.3,34,33.7,33.9,33.3,34.2,34.9,34.7,33.6
"2026-10-02 12:02:00",133888,11.77,33.37,896,895,896,895,895,896,896,895,895,41,37.08,40.15,39.86,41.46,39.65,36.97,37.18,48.47,33,33.8,33.4,33.7,33.1,34,34.5,34.4,33.5
"2026-10-02 12:03:00",133889,11.79,33.4,896,895,896,895,895,896,896,895,895,41.17,36.87,39.86,40.55,41.99,40.17,36.79,37.58,42.53,32.8,33.6,33.2,33.4,32.8,33.8,34.2,34.2,33.3
"2026-10-02 12:04:00",133890,11.79,33.43,896,895,896,895,895,896,895,895,895,41.96,37.26,40.24,40.43,41.85,40.23,37.35,37.35,38.57,32.5,33.3,33,33.2,32.6,33.5,34.1,33.9,33.1
"2026-10-02 12:05:00",133891,11.81,33.45,896,895,896,895,895,896,895,895,895,42.98,37.81,40.81,41.59,42.52,40.74,38.24,37.9,38.76,32.3,33.1,32.8,32.9,32.4,33.3,33.7,33.7,32.9
"2026-10-02 12:06:00",133892,11.81,33.48,896,895,896,895,895,896,895,895,895,45.17,38.57,41.72,41.91,42.6,41.34,38.82,38.79,39,32.1,32.9,32.6,32.7,32.2,33.1,33.4,33.4,32.7
"2026-10-02 12:07:00",133893,11.78,33.5,896,895,896,895,895,896,895,895,895,47.15,39.88,42.3,42.59,43.32,42.27,39.62,39.69,39.63,32,32.8,32.4,32.5,32,32.9,33.2,33.2,32.5
"2026-10-02 12:08:00",133894,11.8,33.53,896,895,896,895,895,895,895,895,895,49.04,39.55,42.49,43.03,44.19,42.76,40.09,39.94,39.92,31.9,32.6,32.3,32.3,31.9,32.7,33,33,32.3
"2026-10-02 12:09:00",133895,11.83,33.55,896,895,896,895,895,895,895,895,895,50.82,40.02,43.76,44.15,44.81,42.96,40.76,40.84,40.72,31.8,32.5,32.1,32.2,31.7,32.6,32.9,32.8,32.1
"2026-10-02 12:10:00",133896,11.78,33.58,896,895,896,895,895,895,895,895,895,52.42,39.3,43.35,43.42,44.88,42.83,40.49,40.85,40,31.8,32.3,32,32,31.6,32.5,32.7,32.7,31.9
"2026-10-02 12:11:00",133897,11.79,33.6,896,895,896,895,895,895,895,895,895,53.92,40.58,43.76,44.2,45.56,44.02,40.84,41.03,40.48,31.7,32.2,31.9,31.9,31.5,32.4,32.6,32.5,31.7
"2026-10-02 12:12:00",133898,11.82,33.63,896,895,896,895,895,895,895,895,895,55.44,39.94,43.93,44.96,45.93,44.01,41.21,41.25,40.41,31.7,32.1,31.8,31.8,31.4,32.3,32.5,32.4,31.5
"2026-10-02 12:13:00",133899,11.79,33.65,896,895,896,895,895,895,895,895,895,56.9,40.93,43.93,45.12,45.72,44.18,41.55,41.59,41.11,31.6,32,31.7,31.7,31.3,32.2,32.3,32.3,31.4
"2026-10-02 12:14:00",133900,11.82,33.67,896,895,896,895,895,895,895,895,895,58.28,41.22,43.92,45.35,45.81,44.13,41.56,41.58,41.58,31.6,32,31.6,31.6,31.3,32.1,32.3,32.2,31.3
"2026-10-02 12:15:00",133901,11.77,33.7,896,895,896,895,895,895,895,895,895,59.46,41.42,44.16,45.07,45.82,44.59,41.85,42.36,41.76,31.6,31.9,31.6,31.5,31.2,32.1,32.2,32.1,31.2
"2026-10-02 12:16:00",133902,11.76,33.72,896,895,896,895,895,895,895,895,895,49.44,41.06,44.26,45.73,46.96,44.72,42,42.53,42.33,31.6,31.9,31.5,31.5,31.2,32,32.1,32.1,31.1
"2026-10-02 12:17:00",133903,11.75,33.74,896,895,896,895,895,895,895,895,895,47.46,41.79,44.38,45.4,46.58,44.73,41.59,42.43,42,31.6,31.8,31.5,31.4,31.1,32,32.1,32,31.1
"2026-10-02 12:18:00",133904,11.78,33.77,896,895,896,895,895,895,895,895,895,46.19,44.22,44.38,46.05,47.03,44.5,42.05,42.79,42.01,31.6,31.8,31.5,31.4,31.1,32,32,32,31
"2026-10-02 12:19:00",133905,11.8,33.79,896,895,896,895,895,895,895,895,895,46.02,45.97,44.79,45.92,47.72,45.23,42.47,42.77,42.25,31.5,31.9,31.5,31.4,31.1,32,32,32,31
"2026-10-02 12:20:00",133906,11.78,33.81,896,895,896,895,895,895,895,895,895,45.77,47.7,44.33,45.77,46.38,45.17,41.78,42.85,41.85,31.5,31.9,31.5,31.4,31.1,32,32,32,31
"2026-10-02 12:21:00",133907,11.78,33.83,896,895,896,895,895,895,895,895,895,45.68,48.73,44.38,45.51,46.05,44.19,41.65,42.45,41.9,31.5,32,31.5,31.4,31.2,32,32,32,31
"2026-10-02 12:22:00",133908,11.76,33.85,896,895,895,895,895,895,895,895,895,45.42,49.83,44.32,45.71,45.98,44.63,41.53,42.49,41.68,31.5,32.1,31.5,31.4,31.2,32.1,32,32,31
"2026-10-02 12:23:00",133909,11.78,33.87,896,895,896,895,895,895,895,895,895,45.64,50.85,44.39,46.34,47.14,44.72,42.01,42.17,41.65,31.5,32.2,31.6,31.5,31.3,32.1,32.1,32.1,31
"2026-10-02 12:24:00",133910,11.8,33.9,896,895,895,895,895,895,895,895,895,45.35,52.09,44.17,45.95,47.04,44.82,41.73,42.2,41.6,31.6,32.4,31.7,31.5,31.4,32.2,32.1,32.2,31.1
"2026-10-02 12:25:00",133911,11.75,33.92,896,895,895,895,895,895,895,895,895,45.42,52.89,44.29,46.12,46.94,44.83,41.94,42.37,41.62,31.6,32.6,31.8,31.6,31.5,32.3,32.3,32.3,31.2
"2026-10-02 12:26:00",133912,11.8,33.94,896,895,895,895,894,895,895,895,895,45.2,53.81,43.52,46.73,45.41,45.37,41.88,41.65,41.28,31.8,32.8,32,31.8,31.7,32.5,32.5,32.5,31.3
"2026-10-02 12:27:00",133913,11.78,33.96,896,895,895,895,895,895,895,895,895,44.89,54.54,43.23,45.51,45.64,44.37,41.24,41.39,40.92,32,33.1,32.2,32.1,31.9,32.8,32.7,32.7,31.5
"2026-10-02 12:28:00",133914,11.78,33.98,896,895,895,895,895,895,895,895,895,44.18,46.39,43.04,45.66,45.53,44.25,40.63,41.47,40.88,32.2,33.3,32.5,32.3,32.1,33,33,32.9,31.7
"2026-10-02 12:29:00",133915,11.81,34,896,895,895,895,894,895,895,895,895,44.38,42.7,42.5,45.67,45.57,43.33,39.79,41.58,40.78,32.5,33.7,32.8,32.8,32.6,33.5,33.4,33.3,32
"2026-10-02 12:30:00",133916,11.79,34.02,896,895,895,895,894,895,895,895,895,43.57,39.49,44.88,46.75,45.88,43.1,40.18,40.63,40.11,33.1,34.2,33.4,33.3,33,34,33.9,33.8,32.5
"2026-10-02 12:31:00",133917,11.8,34.04,896,895,895,895,894,895,895,895,895,42.5,38.55,47.66,43.92,44.54,42.63,39.24,39.3,39.19,33.5,34.5,33.8,33.7,33.5,34.4,34.4,34.2,32.9
"2026-10-02 12:32:00",133918,11.8,34.06,895,895,895,895,894,895,895,895,895,40.87,38.73,49.86,43.32,42.74,41.86,37.64,38.25,37.9,34.1,35.2,34.4,34.4,34.1,35,35.1,34.8,33.4
"2026-10-02 12:33:00",133919,11.77,34.08,895,895,895,895,894,895,895,895,895,40.68,36.64,51.9,42.9,41.52,41.47,36.6,38.25,37.9,34.7,35.6,35,35.1,34.7,35.6,35.8,35.4,33.4
"2026-10-02 12:34:00",133920,11.79,34.1,895,895,895,895,894,895,895,895,895,39.59,35.83,53.48,41.19,41.61,39.37,35.21,37.1,36.55,35.1,35.9,35.3,35.6,35,36,36.2,35.8,34.4
"2026-10-02 12:35:00",133921,11.79,34.12,895,895,895,895,894,895,895,895,894,38.1,34.88,54.64,39.07,40.27,38.09,34.3,35.76,35.3,35.4,36.2,35.7,36,35.4,36.4,36.7,36.2,34.7
"2026-10-02 12:36:00",133922,11.8,34.14,895,895,895,895,894,895,895,895,894,37.41,34.6,55.73,39.18,39.34,36.37,33.13,34.86,34.96,35.9,36.7,36.2,36.5,35.9,36.9,37.2,36.7,35.2
"2026-10-02 12:37:00",133923,0,34.16,895,895,895,895,894,895,895,895,894,36.63,33.75,56.81,37.37,37.74,37.12,32.78,34.71,34.08,36.2,36.8,36.6,36.9,36.2,37.2,37.5,36.9,35.3
"2026-10-02 12:38:00",133924,11.83,34.18,895,895,895,895,894,895,895,895,894,36.49,33.15,58.38,36.54,37.98,37.45,32.64,34.14,34.16,36.3,36.9,36.8,37.1,36.4,37.4,37.7,37.1,35.6
"2026-10-02 12:39:00",133925,11.84,34.2,895,895,895,895,894,895,895,895,894,36.06,32.25,58.64,36.62,35.27,35.64,32.72,33.12,33.59,36.6,37.2,37.3,37.5,36.7,37.8,38.1,37.5,36
"2026-10-02 12:40:00",133926,11.83,34.22,895,895,895,895,894,895,895,895,894,35.05,31.84,59.31,35.9,36.53,35.61,30.89,32.9,32.57,36.8,37.4,37.6,37.7,36.9,38,38.3,37.6,36.2
"2026-10-02 12:41:00",133927,11.83,34.23,895,895,895,895,894,895,895,895,894,35.08,32.04,59.6,35.5,36.11,34.61,30.51,32.04,31.77,36.9,37.5,37.7,37.8,37.1,38.2,38.4,37.8,36.3
"2026-10-02 12:42:00",133928,11.83,34.25,895,895,895,895,894,895,895,895,894,34.41,30.66,60.51,34.17,34.84,34.33,30.5,31.88,31.67,37,37.6,38,38,37.2,38.3,38.5,37.9,36.3
"2026-10-02 12:43:00",133929,11.8,34.27,895,895,895,895,894,895,895,895,894,33.61,30.2,61.08,34.11,34.74,34.36,29.56,31.3,30.78,37,37.6,38.2,38,37.3,38.4,38.5,38,36.3
"2026-10-02 12:44:00",133930,11.83,34.28,895,895,895,895,894,895,895,895,894,34.41,31.27,61.71,33.76,34.69,33.5,30.1,31.85,31.65,37,37.7,38.4,38.1,37.3,38.5,38.6,38.1,36.4
"2026-10-02 12:45:00",133931,11.82,34.3,895,895,895,894,894,895,895,895,894,34.34,30.98,62.31,32.76,34.23,33.69,30.08,31.65,31.77,37,37.7,38.6,38.1,37.4,38.5,38.6,38.1,36.4
"2026-10-02 12:46:00",133932,11.81,34.31,895,895,895,895,894,895,895,895,894,34.04,30.9,62.72,33.5,33.44,32.72,30.08,30.79,31.39,37.1,37.7,38.7,38.2,37.4,38.6,38.6,38.2,36.4
"2026-10-02 12:47:00",133933,11.81,34.33,895,895,895,895,894,895,895,895,894,33.91,31.47,62.91,37.54,34.83,33.97,30.1,31.01,31.26,37.1,37.8,38.8,38.2,37.4,38.6,38.7,38.3,36.4
"2026-10-02 12:48:00",133934,11.82,34.35,895,894,895,895,894,895,895,895,894,34.22,31.23,63.62,41.5,34.91,33.13,30.02,31,31.29,37.1,37.9,39,38.2,37.5,38.7,38.7,38.3,36.4
"2026-10-02 12:49:00",133935,11.83,34.36,895,894,895,895,894,895,895,894,894,34.2,30.94,64.12,45.24,35.52,33.57,30.35,31.57,31.83,37.2,38,39.1,38.3,37.5,38.8,38.8,38.4,36.5
"2026-10-02 12:50:00",133936,11.83,34.38,895,894,895,895,894,895,895,894,894,33.93,30.59,63.99,48.03,35.12,32.46,30.16,31.21,31.19,37.2,38,39.2,38.5,37.6,38.8,38.9,38.5,36.5
"2026-10-02 12:51:00",133937,11.82,34.39,895,894,895,895,894,895,895,894,894,34.36,30.74,63.83,50.96,33.1,33.42,29.99,30.85,31.72,37.3,38.1,39.3,38.7,37.6,38.8,39,38.5,36.6
"2026-10-02 12:52:00",133938,11.82,34.41,895,894,895,894,894,895,895,894,894,34.5,30.96,63.68,53.03,33.55,33.05,29.34,30.81,31.38,37.3,38.2,39.4,38.8,37.6,38.9,39,38.5,36.6
"2026-10-02 12:53:00",133939,11.83,34.42,895,894,895,894,894,895,895,894,894,33.85,30.66,63.41,54.63,33.46,33.05,29.64,30.28,30.91,37.4,38.2,39.5,39,37.6,38.9,39,38.5,36.7
"2026-10-02 12:54:00",133940,11.83,34.44,895,894,895,894,894,895,895,894,894,33.57,29.84,63.3,55.74,33.77,33.73,29.35,30.24,31.15,37.4,38.3,39.5,39.1,37.6,38.9,39.1,38.5,36.7
"2026-10-02 12:55:00",133941,11.83,34.45,895,894,895,894,894,895,895,894,894,33.93,30.48,63.44,56.69,34.29,32.68,29.77,30.82,31.25,37.4,38.3,39.5,39.3,37.6,38.9,39.1,38.5,36.8
"2026-10-02 12:56:00",133942,11.82,34.47,895,894,895,894,894,895,895,894,894,33.99,30.28,63.61,57.82,33.99,33.29,29.42,31.3,31.34,37.4,38.3,39.6,39.5,37.6,38.9,39.1,38.5,36.8
"2026-10-02 12:57:00",133943,11.82,34.48,895,894,895,894,894,895,895,894,894,33.59,30.72,63.79,57.37,34.44,33,29.61,30.75,30.84,37.5,38.3,39.6,39.6,37.6,38.8,39.1,38.5,36.8
"2026-10-02 12:58:00",133944,11.83,34.5,895,894,895,894,894,895,895,894,894,33.2,30.36,63.89,40.56,35,33.56,29.02,30.54,30.46,37.4,38.3,39.6,39.6,37.5,38.8,39.1,38.5,36.8
"2026-10-02 12:59:00",133945,11.81,34.51,895,894,895,894,894,895,894,894,894,33.28,30.66,64.25,37.31,35.61,33.56,29.3,30.82,31,37.4,38.3,39.6,39.5,37.6,38.8,39.1,38.5,36.8
"2026-10-02 13:00:00",133946,11.84,34.53,895,894,895,894,894,895,894,894,894,33.85,29.58,64.01,35.51,35.61,33.44,29.1,30.89,30.92,37.5,38.3,39.6,39.5,37.6,38.8,39.1,38.5,36.8
