"TOA5","Chapada_Low","CR1000X","73482","CR1000X.8.3.0","CPU:Brazil_beta_v091925v4.CR1X","25590","Redox15"
"TIMESTAMP","RECORD","Statname","BattV","RedoxRa(1)","RedoxRa(2)","RedoxRa(3)","RedoxRa(4)","RedoxRa(5)","RedoxRa(6)","RedoxRa(7)","RedoxRa(8)","RedoxRa(9)","RedoxRa(10)","RedoxRa(11)","RedoxRa(12)","RedoxRa(13)","RedoxRa(14)","RedoxRa(15)","RedoxRa(16)","RedoxRa(17)","RedoxRa(18)","RedoxRb(1)","RedoxRb(2)","RedoxRb(3)","RedoxRb(4)","RedoxRb(5)","RedoxRb(6)","RedoxRb(7)","RedoxRb(8)","RedoxRb(9)","RedoxRb(10)","RedoxRb(11)","RedoxRb(12)","RedoxRb(13)","RedoxRb(14)","RedoxRb(15)","RedoxRb(16)","RedoxRb(17)","RedoxRb(18)"
"TS","RN","","Volts","mV","mV","mV","mV","mV","mV","mV","mV","mV","mV","mV","mV","mV","mV","mV","mV","mV","mV","mV","mV","mV","mV","mV","mV","mV","mV","mV","mV","mV","mV","mV","mV","mV","mV","mV","mV"
"","","Smp","Smp","Smp","Smp","Smp","Smp","Smp","Smp","Smp","Smp","Smp","Smp","Smp","Smp","Smp","Smp","Smp","Smp","Smp","Smp","Smp","Smp","Smp","Smp","Smp","Smp","Smp","Smp","Smp","Smp","Smp","Smp","Smp","Smp","Smp","Smp","Smp","Smp"
"2025-10-21 17:15:00",0,"NAN",11.85,1232.251,1222.084,1377.521,685.243,1029.994,561.1586,1392.634,2511.865,1174.986,786.0136,1279.888,981.4359,1131.8,1006.297,1537.256,3521.065,1235.884,884.1206,1114.705,1079.497,1241.006,536.6021,888.3032,411.5923,1252.452,2624.675,1033.783,639.4899,1141.584,834.9872,990.5115,861.8876,1414.594,4098.154,1111.865,742.856
"2025-10-21 17:30:00",1,"NAN",11.87,1224.59,1224.2,1376.762,686.4794,1026.453,563.5972,1393.592,2373.002,1174.661,788.6992,1276.516,988.2973,1132.073,1008.479,1532.406,3550.222,1233.093,890.3444,1112.721,1081.675,1239.751,537.4604,884.0969,413.7718,1253.986,2602.371,1033.293,642.1716,1137.849,841.226,990.4883,863.8436,1409.048,4093.358,1109.017,749.0069
"2025-10-21 17:45:00",2,"NAN",11.86,1230.433,1226.781,1376.105,687.9326,1023.134,565.8352,1389.317,2511.48,1175.46,787.79,1274.503,995.0922,1132.574,1011.219,1529.889,3507.752,1232.744,894.8227,1111.705,1084.229,1239.284,538.6521,880.5811,415.9336,1247.938,2583.068,1033.766,640.8174,1135.259,848.0202,990.4805,866.2804,1406.134,4078.787,1108.107,752.9315
"2025-10-21 18:00:00",3,"NAN",11.86,1229.744,1229.609,1377.46,689.3265,1019.831,568.4453,1412.555,2303.168,1173.334,793.3314,1273.044,1003.778,1131.384,1013.831,1525.427,3506.355,1231.331,899.6681,1110.319,1086.131,1240.481,539.7667,876.8167,418.1929,1271.942,2552.709,1032.317,645.3376,1133.328,856.6347,989.7062,868.6179,1400.427,4071.768,1106.213,757.967
"2025-10-21 18:15:00",4,"NAN",11.87,1228.949,1232.19,1374.348,690.5115,1017.265,571.6395,1399.389,2445.84,1173.959,797.3723,1272.705,1009.389,1130.902,1015.624,1521.631,3502.021,1230.331,903.9075,1109.618,1089.049,1236.148,541.1252,873.9155,421.4822,1259.867,2511.123,1030.78,650.0718,1133.09,862.1505,988.264,870.94,1396.694,4058.131,1104.888,761.9164
"2025-10-21 18:30:00",5,"NAN",11.85,1228.764,1235.14,1375.582,692.3292,1014.888,575.9124,1411.154,2429.443,1173.301,798.1367,1273.143,1015.499,1130.572,1019.868,1519.29,3494.152,1229.525,899.9025,1109.075,1092.216,1237.276,542.5992,871.5399,425.685,1271.709,2466.988,1030.159,650.4748,1133.779,867.9009,987.6776,874.5612,1393.902,4047.349,1103.967,757.5966
"2025-10-21 18:45:00",6,"NAN",11.84,1229.746,1240.1,1377.922,694.9677,1014.034,578.388,1406.371,1967.672,1172.976,803.4036,1275.029,1022.064,1131.86,1024.282,1517.45,3513.362,1229.505,904.5996,1109.059,1096.259,1238.135,544.1313,869.4872,427.2633,1265.17,1117.888,1026.063,654.5782,1134.834,873.5638,987.9108,877.8697,1391.173,4031.991,1103.139,761.3096
"2025-10-21 19:00:00",7,"NAN",11.86,1230.004,1244.158,1378.966,696.2733,1012.461,581.3159,1410.446,1065.349,1171.917,803.0011,1275.94,1029.288,1132.253,1027.83,1515.234,3463.583,1229.662,909.0559,1109.68,1100.303,1239.722,545.8436,867.8854,430.4202,1269.132,893.5735,1026.031,654.4273,1135.724,880.6124,988.3799,881.6214,1388.582,4010.843,1103.051,766.1363
"2025-10-21 19:15:00",8,"NAN",11.86,1230.653,1249.007,1379.027,698.3205,1011.431,582.6693,1416.181,1077.226,1171.592,804.8282,1277.159,1033.641,1132.06,1031.821,1516.575,3455.802,1229.645,914.814,1110.465,1104.708,1239.855,547.4077,866.8266,431.4768,1275.137,918.5975,1026.004,656.1594,1136.09,884.7828,988.3104,885.9706,1389.647,3989.975,1102.824,771.6433
"2025-10-21 19:30:00",9,"NAN",11.86,1231.06,1253.051,1379.981,699.9387,1010.099,585.4077,1434.815,1176.148,1170.673,806.3199,1276.213,1037.545,1132.108,1035.075,1507.49,3442.086,1228.91,917.7655,1110.655,1109.433,1240.765,549.184,865.3003,434.5681,1294.507,1021.794,1024.843,656.6737,1135.877,888.6693,987.988,888.9934,1380.557,3967.761,1101.894,774.5347
"2025-10-21 19:45:00",10,"NAN",11.84,1232.477,1257.98,1382.26,701.4617,1009.01,585.4759,1425.768,1119.025,1169.983,809.2467,1278.147,1040.576,1131.155,1038.337,1503.411,3417.791,1227.847,922.4337,1111.922,1113.589,1243.01,550.7479,864.4209,434.4929,1285.768,970.5497,1024.562,659.6631,1136.84,892.0364,988.0021,892.587,1375.528,3934.359,1100.975,779.2891
"2025-10-21 20:00:00",11,"NAN",11.87,1233.77,1262.424,1385.304,703.5828,1009.127,587.465,1418.343,1160.574,1171.162,810.9955,1279.87,1044.562,1131.89,1041.626,1501.984,3447.959,1228.969,926.9933,1112.601,1117.947,1245.606,552.4131,863.6904,436.1039,1275.477,1015.816,1025.456,661.8245,1138.436,895.3115,987.8459,895.1715,1373.522,3923.69,1101.417,783.4424
"2025-10-21 20:15:00",12,"NAN",11.83,1235.674,1267.303,1388.533,705.5664,1009.652,589.7734,1429.117,1145.681,1173.262,811.992,1282.153,1049.258,1132.225,1044.95,1500.846,3450.945,1231.673,931.1385,1114.325,1122.533,1249.312,554.3491,863.9799,437.9937,1286.489,996.8668,1027.295,662.3291,1140.017,900.1845,987.8663,898.228,1372.74,3952.101,1103.973,786.8788
"2025-10-21 20:30:00",13,"NAN",11.87,1237.157,1271.121,1391.108,707.2924,1009.383,590.5082,1432.315,1318.537,1176.165,813.4299,1283.531,1053.428,1131.414,1047.898,1498.708,3411.885,1232.075,933.4833,1115.796,1126.534,1251.756,556.0159,863.9282,438.9539,1290.207,1144.281,1030.364,663.7569,1141.766,904.5466,987.2928,901.2252,1369.913,3940.378,1104.59,789.585
"2025-10-21 20:45:00",14,"NAN",11.87,1238.694,1275.718,1393.474,708.931,1009.33,591.6911,1448.751,1513.355,1175.135,814.874,1285.727,1057.77,1131.663,1050.565,1496.689,3421.354,1232.797,938.0833,1117.106,1131.048,1253.445,557.3759,863.6946,439.846,1307.464,1358.65,1028.544,665.096,1143.893,908.3286,986.8494,903.5247,1367.67,3922.634,1104.968,794.0715
"2025-10-21 21:00:00",15,"NAN",11.87,1239.928,1279.335,1395.696,710.4802,1009.633,592.3572,1455.174,1168.222,1175.174,818.4669,1287.144,1060.726,1132.578,1053.278,1494.407,3403.002,1233.639,941.4546,1118.758,1134.825,1255.583,558.8052,863.6968,440.4358,1315.164,1025.6,1028.423,668.5981,1145.16,911.3397,987.7844,906.2943,1365.231,3918.527,1105.469,797.4091
"2025-10-21 21:15:00",16,"NAN",11.87,1240.093,1280.401,1398.516,712.2566,1009.773,593.1063,1442.813,1149.504,1176.059,819.7214,1289.02,1063.482,1132.377,1055.71,1492.968,3435.579,1234.384,945.2097,1118.79,1135.984,1258.597,560.4373,863.7083,441.0598,1301.175,1002.073,1029.417,669.1598,1146.29,913.649,987.5186,908.9169,1363.689,3918.646,1106.173,801.1158
"2025-10-21 21:30:00",17,"NAN",11.85,1240.332,1282.434,1399.667,713.6033,1009.561,593.0101,1459.979,1182.336,1175.513,820.5876,1289.772,1063.683,1133.107,1058.609,1488.208,3401.198,1233.82,949.2112,1122.842,1141.305,1263.226,564.8631,866.5288,444.1976,1321.716,1040.622,1032.033,674.1141,1150.774,917.6835,991.0485,914.1133,1361.458,3878.352,1108.362,808.3732
"2025-10-21 21:45:00",18,"NAN",11.86,1242.344,1286.604,1407.232,714.7476,1010.121,594.0318,1459.51,1250.237,1177.594,821.2823,1293.22,1067.068,1133.457,1060.592,1488.011,3392.212,1235.895,953.5076,1125.807,1145.916,1271.434,567.2608,868.0992,446.3678,1322.007,1148.282,1035.004,674.5842,1154.609,922.3732,992.8981,917.4028,1362.135,3869.016,1110.975,813.6014
"2025-10-21 22:00:00",19,"NAN",11.87,1244.695,1292.762,1402.95,715.9725,1009.555,594.7897,1460.028,1192.341,1176.515,820.5632,1292.931,1067.73,1133.292,1062.547,1481.884,3380.978,1234.775,953.5644,1127.427,1152.448,1266.508,568.3691,867.6439,446.9712,1322.799,1066.115,1033.749,674.4755,1155.036,922.5307,992.6216,919.5113,1356.317,3851.416,1109.541,813.5284
"2025-10-21 22:15:00",20,"NAN",11.86,1246.49,1296.43,1404.797,717.6907,1010.143,595.4335,1467.91,1274.117,1178.041,822.4782,1294.603,1069.087,1134.425,1064.969,1481.539,3389.956,1236.366,957.0468,1129.868,1157.428,1269.312,570.6536,868.9891,448.5621,1331.808,1133.182,1035.863,677.4421,1157.426,925.0232,993.8734,922.3792,1356.504,3870.245,1111.969,817.6135
"2025-10-21 22:30:00",21,"NAN",11.87,1248.439,1300.447,1407.351,719.19,1011.483,597.4942,1472.471,1153.829,1179.82,821.0157,1297.343,1073.411,1134.925,1067.469,1482.172,3385.354,1238.687,960.5048,1131.719,1160.491,1272.189,572.1762,869.8412,450.1637,1335.805,1008.667,1037.691,675.4911,1159.62,929.0592,994.7559,924.6015,1355.907,3871.615,1114.006,821.0178
"2025-10-21 22:45:00",22,"NAN",11.85,1246.91,1300.622,1407.539,717.3662,1008.877,594.4125,1473.268,1149.433,1177.803,820.198,1294.342,1073.782,1133.123,1066.235,1477.562,3381.185,1236.624,959.0349,1129.424,1160.083,1271.371,569.3476,866.3702,446.3224,1336.644,998.159,1034.415,673.5447,1156.63,928.8397,991.4145,923.1365,1350.598,3884.305,1111.339,818.786
"2025-10-21 23:00:00",23,"NAN",11.84,1248.706,1303.632,1409.14,718.0515,1008.62,593.8435,1476.589,1168.272,1177.496,820.5222,1293.693,1074.467,1133.101,1068.862,1477.182,3378.066,1236.115,959.473,1130.888,1162.358,1272.344,569.6626,865.7037,445.2716,1339.265,1019.307,1034.015,673.7305,1154.924,929.3691,991.5428,925.7048,1350.425,3873.606,1110.533,819.0322
"2025-10-21 23:15:00",24,"NAN",11.85,1250.44,1306.54,1412.403,720.0602,1009.945,594.2524,1483.533,1176.391,1179.501,823.5682,1295.137,1076.898,1134.673,1071.37,1472.972,3388.441,1238.277,963.4522,1131.67,1165.433,1275.71,570.8353,866.4298,445.1064,1345.486,1025.293,1035.414,675.9193,1156.264,931.0435,992.1927,926.9901,1345.051,3876.566,1112.099,822.3555
"2025-10-21 23:30:00",25,"NAN",11.86,1249.753,1307.075,1412.435,718.2946,1008.027,591.8292,1485.414,1130.696,1177.547,821.6712,1294.395,1075.512,1132.603,1070.511,1469.52,3424.942,1236.716,962.1923,1133.775,1168.457,1278.104,571.8743,867.0586,445.4295,1349.565,973.4519,1036.075,677.2247,1157.138,932.0816,992.9779,929.0091,1343.583,3871.563,1112.907,824.0068
"2025-10-21 23:45:00",26,"NAN",11.87,1252.775,1311.367,1413.492,720.3651,1009.492,591.376,1490.345,1118.051,1178.922,822.6536,1296.543,1078.132,1134.763,1073.343,1468.124,3376.856,1237.936,965.0093,1137.334,1173.153,1279.953,574.7263,869.4886,445.4439,1355.069,966.1034,1037.978,678.3934,1160.63,934.8787,995.6935,932.6141,1342.771,3871.149,1114.768,827.0899
"2025-10-22 00:00:00",27,"NAN",11.87,1252.885,1311.419,1414.073,721.1564,1010.095,590.7503,1495.66,1048.772,1178.819,822.0241,1296.825,1079.148,1135.575,1074.456,1464.089,3413.977,1237.879,965.033,1134.798,1170.159,1276.816,571.9689,866.2645,441.1815,1357.535,897.915,1034.534,673.8917,1156.517,933.1043,993.1702,930.7338,1335.779,3871.329,1111.529,824.0911
"2025-10-22 00:15:00",28,"NAN",11.87,1255.387,1316.818,1418.47,722.4165,1010.934,590.1085,1483.385,1080.044,1182.441,823.1126,1298.535,1082.188,1136.648,1075.678,1462.606,3380.017,1238.979,968.4249,1140.045,1179.53,1284.639,576.4211,870.309,443.4754,1348.247,927.8868,1040.949,678.4934,1162.369,938.5238,996.6842,934.6013,1337.391,3855.233,1115.154,830.2728
"2025-10-22 00:30:00",29,"NAN",11.87,1257.126,1319.48,1422.421,724.0099,1012.493,589.7241,1501.819,1100.432,1182.931,824.0543,1294.094,1084.442,1138.464,1077.955,1462.89,3375.17,1240.598,971.5591,1142.033,1181.312,1289.144,578.3312,872.173,443.6324,1367.571,945.9184,1041.757,680.0524,1158.068,941.57,998.9214,937.2729,1337.891,3864.287,1117.351,833.7949
"2025-10-22 00:45:00",30,"NAN",11.86,1258.412,1320.932,1424.508,725.1797,1013.169,590.6343,1505.515,1099.2,1183.738,824.9886,1294.939,1085.598,1139.828,1080.775,1461.43,3382.392,1241.747,973.1329,1143.605,1183.353,1291.088,579.4328,873.028,444.4007,1371.784,946.8535,1042.763,681.1257,1158.416,942.6454,1000.524,940.1926,1335.727,3854.52,1118.378,835.1666
"2025-10-22 01:00:00",31,"NAN",11.86,1260.171,1324.23,1425.573,726.7248,1014.433,590.7702,1510.558,1178.338,1185.277,827.4676,1295.446,1086.878,1141.008,1082.427,1459.962,3385.212,1242.375,975.2255,1142.743,1184.169,1290.147,578.4394,871.6309,442.1537,1374.043,1025.556,1041.898,680.5378,1156.312,941.4222,999.0507,938.9684,1332.406,3824.406,1116.807,835.1086
"2025-10-22 01:15:00",32,"NAN",11.85,1262.11,1328.338,1428.844,728.0206,1015.414,590.6071,1484.121,1241.776,1186.808,826.4066,1298.637,1088.28,1141.764,1084.093,1457.63,3346.803,1243.463,976.645,1144.918,1188.424,1293.222,579.7448,872.805,441.8027,1347.486,1075.126,1043.045,680.2864,1160.349,943.0655,999.9474,941.057,1329.966,3831.131,1118.366,836.6139
"2025-10-22 01:30:00",33,"NAN",11.84,1264.478,1332.75,1436.266,729.2807,1016.36,590.6401,1500.716,1157.888,1187.541,828.5898,1301.823,1090.928,1142.787,1085.181,1454.613,3341.327,1244.65,978.8185,1150.349,1196.702,1300.849,580.6324,873.5059,441.4928,1370.801,995.9261,1043.746,681.6918,1162.59,945.0942,1001.007,942.4471,1326.631,3822.057,1118.716,838.0877
"2025-10-22 01:45:00",34,"NAN",11.86,1282.791,1371.998,1434.147,730.3744,1017.232,591.8174,1505.622,1197.346,1188.522,829.0398,1303.992,1090.611,1143.775,1086.657,1451.077,3336.715,1244.977,980.3583,1165.715,1233.742,1298.383,581.9166,874.2679,442.6422,1368.95,1031.555,1044.908,681.8646,1165.301,945.2858,1001.782,943.1119,1322.747,3818.126,1119.297,839.7041
"2025-10-22 02:00:00",35,"NAN",11.85,1266.878,1337.335,1436.696,731.876,1018.248,592.1143,1515.038,1151.526,1190.227,830.0809,1306.631,1091.429,1144.872,1088.41,1451.373,3327.233,1246.012,982.0779,1149.412,1196.427,1300.534,582.8572,874.9658,442.594,1378.405,996.6251,1046.197,682.9077,1166.53,945.3594,1002.581,944.954,1322.106,3787.984,1119.799,841.4249
"2025-10-22 02:15:00",36,"NAN",11.87,1268.879,1341.2,1438.205,732.5696,1019.154,592.5579,1500.382,1106.257,1192.378,830.5718,1308.932,1093.256,1145.14,1090.246,1449.362,3361.545,1247.505,984.9278,1151.019,1199.66,1302.851,583.861,875.7732,443.1159,1362.694,946.3205,1048.466,683.5067,1169.446,947.4335,1003.208,945.9107,1320.317,3823.051,1121.541,844.1824
"2025-10-22 02:30:00",37,"NAN",11.84,1270.025,1343.298,1440.904,734.1642,1020.659,592.4782,1501.932,1131.379,1194.371,829.8639,1311.511,1095.367,1146.243,1091.865,1447.291,3357.435,1248.725,988.6867,1152.522,1202.893,1304.225,584.9133,876.7023,442.6483,1364.456,978.7837,1049.971,683.2051,1171.768,948.7164,1003.463,948.0317,1317.74,3816.528,1122.193,847.4034
"2025-10-22 02:45:00",38,"NAN",11.86,1272.033,1347.259,1443.785,735.5749,1021.649,593.1609,1505.87,1135.875,1197.5,828.0905,1313.266,1097.125,1145.537,1093.51,1449.271,3353.456,1249.877,991.2045,1154.398,1206.719,1307.053,586.0379,877.5742,442.6866,1368.295,994.1804,1052.945,680.8748,1173.133,950.7875,1002.938,949.4349,1319.827,3817.88,1123.25,849.822
"2025-10-22 03:00:00",39,"NAN",11.84,1274.929,1353.996,1444.971,736.4254,1022.538,592.1581,1507.625,1151.565,1199.083,828.7628,1314.915,1096.635,1145.071,1094.608,1445.045,3337.048,1250.649,994.3016,1156.577,1212.758,1308.717,586.9525,878.3706,441.8203,1369.51,1009.171,1054.523,681.6443,1174.894,949.8329,1002.368,950.4309,1314.172,3805.545,1123.877,852.5481
"2025-10-22 03:15:00",40,"NAN",11.85,1276.53,1357.578,1447.959,737.7776,1023.685,592.2246,1496.436,1154.379,1201.471,829.7575,1315.435,1098.812,1146.141,1096.289,1441.407,3335.148,1251.858,996.2903,1158.598,1216.775,1311.405,588.1968,879.4896,441.6884,1357.769,1008.908,1056.989,682.6348,1175.965,952.4678,1002.956,951.9241,1311.524,3796.928,1124.777,854.5359
"2025-10-22 03:30:00",41,"NAN",11.86,1277.503,1359.184,1445.687,737.6518,1022.771,590.923,1506.492,1156.582,1200.346,831.7249,1313.767,1096.135,1146.402,1097.846,1433.557,3349.958,1246.975,993.1102,1159.291,1217.631,1309.175,587.609,878.126,440.0188,1368.166,1015.026,1055.814,684.6414,1173.29,949.2484,1003.308,953.3984,1302.213,3775.011,1119.358,850.9954
"2025-10-22 03:45:00",42,"NAN",11.83,1279.301,1362.997,1452.517,739.9014,1025.777,594.1047,1519.189,1172.022,1205.683,832.6293,1319.969,1102.203,1146.156,1099.112,1435.976,3321.253,1251.609,999.7092,1161.347,1222.319,1315.428,589.9785,880.9992,443.183,1380.987,1027.738,1061.102,684.847,1179.485,954.8563,1002.853,954.7919,1304.932,3789.677,1124.663,858.0234
"2025-10-22 04:00:00",43,"NAN",11.86,1280.57,1364.304,1454.167,740.936,1026.504,593.0043,1504.929,1168.069,1209.591,834.5908,1320.984,1103.326,1147.094,1100.465,1433.267,3324.068,1251.703,1001.862,1162.311,1224.005,1317.54,590.77,881.754,442.1655,1387.353,1026.071,1064.747,686.7836,1180.647,956.523,1003.632,955.7338,1302.354,3785.15,1124.581,859.8926
"2025-10-22 04:15:00",44,"NAN",11.86,1282.437,1367.276,1456.928,742.7737,1027.93,593.6716,1528.255,1378.363,1209.643,838.0032,1323.278,1105.52,1147.36,1102.885,1431.587,3318.268,1251.109,1002.863,1163.51,1225.409,1319.04,591.6508,882.4094,441.5781,1390.441,1233.096,1063.66,688.3868,1181.903,957.5156,1004.648,957.5023,1299.234,3775.556,1122.732,860.0821
"2025-10-22 04:30:00",45,"NAN",11.86,1284.59,1372.653,1458.67,743.1577,1028.509,593.0988,1505.083,1174.188,1210.625,839.8892,1323.443,1104.764,1149.936,1103.559,1430.727,3348.287,1251.626,1005.165,1166.04,1231.6,1322.114,592.5637,883.317,441.4494,1392.444,1035.029,1065.041,690.845,1183.247,957.4325,1005.677,957.9354,1299.252,3776.912,1123.885,862.5711
"2025-10-22 04:45:00",46,"NAN",11.86,1169.943,1259.981,1349.919,625.0841,912.1149,474.2232,1412.458,1073.953,1095.601,722.9706,1211.383,987.8104,1032.912,987.858,1318.974,3566.614,1139.508,888.7599,1163.577,1234.011,1323.517,592.7744,883.4555,442.6729,1408.347,1046.45,1064.858,691.3525,1183.969,955.6158,1004.998,958.5232,1297.273,3787.062,1124.079,863.8564
"2025-10-22 05:00:00",47,"NAN",11.86,1171.192,1264.262,1346.524,624.5198,911.7155,473.0444,1441.506,1073.671,1095.207,722.3864,1211.299,987.9893,1032.361,987.1768,1314.858,3567.798,1138.489,890.1033,1163.611,1234.953,1320.559,592.2375,882.8598,441.5247,1412.553,1045.576,1064.219,690.7855,1184.378,956.0908,1003.989,957.3321,1293.753,3784.278,1123.258,864.9738
"2025-10-22 05:15:00",48,"NAN",11.85,1171.937,1266.43,1352.193,624.7062,911.7343,472.8177,1403.308,1094.965,1094.836,719.7849,1212.418,987.8195,1031.754,987.9852,1312.662,3560.258,1138.151,891.4665,1167.018,1239.631,1328.465,594.874,885.4313,443.8079,1370.911,1068.341,1066.773,690.8394,1187.752,958.5575,1006.137,960.9709,1293.649,3778.086,1125.125,868.9444
"2025-10-22 05:30:00",49,"NAN",11.87,1172.878,1266.731,1348.97,625.4227,912.3737,472.2382,1429.061,1223.77,1095.711,719.8066,1213.333,989.0251,1032.891,989.0536,1310.233,3551.08,1138.621,892.9969,1168.343,1240.392,1325.449,595.876,886.4161,443.5754,1401.955,1192.255,1067.674,691.0076,1188.738,959.5146,1007.516,962.4568,1291.186,3772.503,1125.995,870.6973
"2025-10-22 05:45:00",50,"NAN",11.86,1173.788,1268.59,1350.922,625.8948,913.1281,472.7325,1432.779,1117.097,1096.245,721.8174,1213.773,991.1616,1033.75,990.4243,1308.91,3558.039,1138.197,894.6499,1169.883,1243.169,1327.789,596.7968,887.4904,444.7165,1406.457,1102.12,1068.755,692.9526,1189.944,962.0919,1008.735,964.4138,1290.571,3766.733,1126.069,872.9304
"2025-10-22 06:00:00",51,"NAN",11.86,1176.241,1272.479,1352.897,626.9456,914.2068,473.7217,1435.439,1109.617,1096.685,719.5753,1215.047,993.3428,1034.899,992.1152,1307.188,3546.23,1139.063,897.5452,1172.225,1246.224,1329.443,597.7818,888.4645,445.8148,1408.72,1090.001,1069.247,691.0357,1190.818,964.2533,1010.063,965.9758,1288.264,3757.448,1126.699,875.4403
"2025-10-22 06:15:00",52,"NAN",11.85,1173.778,1271.026,1350.779,623.9839,911.2157,469.778,1434.514,1120.11,1094.049,715.9783,1212.693,991.1806,1032.008,989.5187,1302.888,3564.329,1136.516,895.8158,1172.334,1247.561,1329.46,597.1506,888.0595,444.1095,1410.642,1093.756,1068.69,689.494,1191.047,965.0122,1009.539,965.8856,1286.498,3766.374,1126.851,876.5529
"2025-10-22 06:30:00",53,"NAN",11.87,1177.657,1272.471,1355.484,627.561,915.4931,474.6875,1442.117,1151.265,1097.227,720.6769,1216.744,995.0274,1036.375,993.5698,1306.649,3550.649,1140.698,900.2029,1173.318,1246.293,1331.537,597.6017,889.072,445.6975,1415.203,1124.661,1068.752,691.5355,1192.132,965.2138,1010.295,966.8027,1287.612,3767.892,1127.751,877.734
"2025-10-22 06:45:00",54,"NAN",11.87,1179.577,1274.766,1359.83,628.4225,916.6493,473.9836,1445.445,1163.268,1097.411,717.7635,1218.877,995.4377,1037.294,994.6396,1302.737,3551.599,1142.476,902.2286,1174.639,1248.056,1335.509,597.8076,889.5021,444.4113,1417.756,1131.122,1068.6,687.5412,1193.591,965.115,1010.803,967.0723,1283.061,3774.014,1129.1,879.0975
"2025-10-22 07:00:00",55,"NAN",11.87,1183.124,1280.918,1364.265,628.9067,917.6088,472.6227,1446.426,1172.716,1097.86,720.9426,1220.026,996.3259,1038.579,995.3763,1303.088,3571.883,1144.398,902.8282,1178.934,1254.894,1340.599,599.2222,891.4417,443.8188,1420.068,1140.68,1069.351,692.4807,1195.867,967.0234,1012.713,968.4816,1283.89,3788.405,1131.903,880.5941
"2025-10-22 07:15:00",56,"NAN",11.87,1186.141,1283.994,1368.734,630.2891,919.3754,472.0903,1449.686,1514.847,1098.947,729.8887,1223.001,996.7772,1039.36,996.0007,1303.376,3576.583,1146.633,903.7461,1182.307,1257.417,1344.672,600.1759,893.1381,442.8848,1422.52,1490.588,1070.554,698.8189,1198.153,966.7463,1013.885,969.2307,1283.647,3797.08,1133.956,881.1258
"2025-10-22 07:30:00",57,"NAN",11.87,1188.48,1284.608,1371.201,630.9409,920.9983,469.9919,1454.024,1139.492,1097.271,744.599,1223.695,995.8374,1040.272,996.6006,1301.987,3587.249,1148.073,902.4321,1183.212,1256.889,1345.835,599.7707,893.3121,439.447,1426.396,1119.436,1067.676,713.5257,1197.922,964.92,1013.076,968.4781,1281.108,3810.607,1134.387,878.7882
"2025-10-22 07:45:00",58,"NAN",11.85,1188.032,1283.686,1372.383,629.8206,920.3466,466.7892,1461.129,1189.695,1098.609,735.123,1223.652,993.9598,1039.45,994.9556,1301.514,3646.837,1148.572,903.2894,1183.774,1258.013,1348.261,599.4715,893.541,437.1897,1433.79,1167.258,1070.061,704.7646,1198.291,963.9199,1013.338,967.7329,1281.485,3859.477,1135.697,880.4697
"2025-10-22 08:00:00",59,"NAN",11.87,1192.387,1287.775,1376.9,631.1645,922.9033,467.1694,1468.723,1185.693,1098.712,732.3604,1225.433,995.5515,1041.848,996.2012,1302.892,3650.375,1151.894,902.933,1187.558,1259.856,1352.778,600.2456,895.5463,436.8208,1441.115,1167.678,1069.296,701.2458,1201.993,965.4391,1015.109,968.0485,1282.349,3886.142,1138.582,879.4302
"2025-10-22 08:15:00",60,"NAN",11.87,1194.068,1288.72,1379.864,630.5702,923.431,462.8154,1473.003,1170.178,1098.142,731.6882,1229.118,995.548,1043.232,995.2538,1303.285,3686.417,1153.513,898.2971,1190.824,1262.338,1356.559,600.8483,897.4201,433.7372,1446.072,1152.171,1070.272,702.0895,1204.516,966.0602,1017.849,968.5964,1283.831,3927.051,1141.549,876.2714
"2025-10-22 08:30:00",61,"NAN",11.87,1196.245,1287.814,1383.98,631.0228,925.509,460.4031,1479.134,1214.45,1100.968,731.7864,1230.249,996.4784,1045.41,995.3305,1304.979,3734.714,1156.247,893.693,1193.545,1260.958,1361.313,601.8248,899.9666,431.689,1453.001,1193.197,1073.661,702.3397,1206.376,968.2415,1020.739,968.7526,1285.921,3981.919,1144.67,871.9694
"2025-10-22 08:45:00",62,"NAN",11.84,1199.507,1292.943,1387.332,631.9748,927.6974,457.3384,1479.218,2085.601,1105.317,731.6525,1233.201,995.6817,1047.795,995.2632,1305.857,3764.036,1159.279,884.414,1196.802,1267.201,1364.49,602.4044,902.05,428.3263,1452.328,2082.982,1077.971,702.1435,1209.365,967.3192,1022.81,968.8506,1287.164,4009.552,1147.83,862.9586
"2025-10-22 09:00:00",63,"NAN",11.88,1200.182,1294.035,1394.35,631.4812,928.3989,451.8276,1489.176,2222.228,1107.313,727.1163,1234.508,990.1777,1047.519,993.9786,1303.714,3788.815,1159.758,869.7642,1197.982,1268.688,1371.743,602.495,903.3086,423.0726,1464.317,2227.782,1079.818,697.955,1211.302,962.1152,1022.84,967.7102,1285.498,4017.35,1148.694,848.683
"2025-10-22 09:15:00",64,"NAN",11.85,1201.954,1295.25,1391.321,631.5023,929.7291,450.0721,1500.287,2305.718,1108.724,725.4273,1235.212,983.6561,1048.505,992.863,1302.992,3784.483,1161.36,856.4423,1200.034,1269.697,1368.912,602.4334,904.5729,421.2588,1475.049,2312.577,1081.977,696.7498,1211.491,955.2953,1024.099,967.0105,1284.394,4027.621,1150.257,835.1431
"2025-10-22 09:30:00",65,"NAN",11.86,1202.786,1295.933,1393.207,631.3138,930.53,446.06,1506.675,2394.445,1110.803,724.7913,1235.804,977.7001,1048.328,990.9445,1300.367,3789.029,1161.73,845.3616,1201.068,1270.66,1371.022,602.3947,905.5129,417.2982,1482.332,2417.731,1084.004,696.2241,1212.681,949.3898,1025.089,965.5482,1282.125,4033.323,1151.072,824.3329
"2025-10-22 09:45:00",66,"NAN",11.87,1205.086,1299.057,1396.183,631.9571,932.2589,441.2344,1521.239,2230.913,1112.728,720.4941,1239.519,975.4147,1051.745,992.1225,1299.642,3798.401,1163.154,834.3282,1203.753,1274.168,1374.698,603.4572,907.6356,412.5139,1496.652,2237.986,1086.862,692.1503,1216.549,947.9171,1027.919,966.5768,1281.711,4036.712,1152.621,813.6309
"2025-10-22 10:00:00",67,"NAN",11.83,1209.682,1308.009,1402.71,637.4548,937.7863,437.8024,1527.908,2319.095,1116.37,716.4843,1246.285,977.475,1057.546,996.5743,1295.41,3811.684,1164.569,825.0867,1209.101,1283.73,1381.001,609.0958,913.2896,409.1726,1504.194,2340.806,1090.14,688.7016,1223.858,949.9312,1033.409,971.3525,1278.182,4053.766,1154.398,804.7004
"2025-10-22 10:15:00",68,"NAN",11.87,1213.562,1314.765,1409.858,644.0719,945.531,435.9189,1508.652,2501.756,1119.13,716.0635,1249.556,971.6627,1059.265,998.325,1295.274,3821.764,1165.674,816.9955,1212.564,1290.005,1388.495,615.5568,920.9247,407.0901,1484.193,2531.092,1093.242,687.3251,1226.533,944.1516,1035.438,972.4274,1277.892,4065.247,1155.137,796.1385
"2025-10-22 10:30:00",69,"NAN",11.87,1212.527,1314.528,1412.801,647.1791,949.166,433.1813,1513.811,2145.952,1116.872,713.5246,1248.144,965.1117,1058.451,995.1905,1290.665,3824.666,1165.285,813.2241,1212.236,1289.917,1390.84,618.6224,924.796,404.2666,1490.244,2193.362,1090.427,685.2178,1225.636,936.999,1034.434,970.066,1273.153,4079.12,1154.96,792.2983
"2025-10-22 10:45:00",70,"NAN",11.88,1172.355,1281.07,1379.244,608.3088,917.541,385.4203,1454.018,2510.27,1076.235,663.728,1209.295,921.0573,1016.232,954.0139,1246.027,4084.124,1124.206,764.2996,1214.021,1297.934,1398.415,624.8159,936.8763,402.9301,1468.491,2524.033,1093.613,679.8599,1228.81,937.1193,1037.27,972.1971,1270.524,4076.741,1155.621,788.4069
"2025-10-22 11:00:00",71,"NAN",11.88,1179.007,1291.975,1389.906,621.3394,937.6494,381.7384,1463.179,2580.968,1079.279,665.4665,1216.054,925.5834,1023.85,959.2802,1241.66,4081.579,1125.383,762.9681,1220.963,1309.997,1409.237,638.0182,957.3043,399.5803,1478.732,2591.18,1096.828,681.5324,1236.473,941.8912,1043.885,977.7303,1267.15,4076.413,1157.422,787.5226
"2025-10-22 11:15:00",72,"NAN",11.85,1196.042,1317.583,1416.578,648.525,974.9387,386.176,1477.615,2634.803,1084.5,666.9637,1237.252,940.1458,1041.549,976.6818,1236.717,4067.186,1127.76,762.1851,1238.197,1334.644,1434.895,664.6609,993.8801,403.9104,1492.47,2651.482,1102.141,683.0718,1256.695,956.2009,1061.232,994.5715,1261.697,4068.914,1159.434,786.1486
"2025-10-22 11:30:00",73,"NAN",11.88,1377.173,1501.962,1597.515,852.7853,1186.835,562.6063,1638.589,2314.547,1253.852,838.442,1422.046,1126.997,1228.966,1164.3,1393.401,3488.684,1291.521,932.0509,1260.414,1361.157,1460.915,696.7909,1038.93,402.9058,1502.649,2688.524,1107.235,682.3873,1279.245,973.662,1079.458,1013.586,1256.164,4067.799,1159.955,782.4215
"2025-10-22 11:45:00",74,"NAN",11.87,1390.717,1523.531,1614.077,874.0271,1208.355,559.7806,1642.552,2378.513,1254.303,834.2012,1434.246,1146.324,1248.78,1169.44,1390.082,3500.929,1292.103,928.0784,1274.536,1383.145,1478.511,718.4326,1061.413,399.8066,1506.686,2736.554,1107.863,678.2422,1291.572,993.062,1099.78,1019.713,1252.605,4077.034,1160.448,778.2634
"2025-10-22 12:00:00",75,"NAN",11.87,1411.685,1547.62,1633.885,897.9537,1231.666,560.0213,1627.634,2394.127,1258.369,832.3787,1463.903,1166.961,1261.492,1198.552,1384.787,3490.289,1293.356,927.8729,1295.553,1408.256,1499.101,742.8023,1085.441,400.1199,1491.434,2757.438,1112.049,676.9587,1321.677,1014.062,1113.399,1048.816,1246.499,4064.758,1161.482,778.0611
"2025-10-22 12:15:00",76,"NAN",11.86,1423.081,1558.374,1643.677,912.2123,1242.423,556.6191,1659.48,2328.266,1258.296,834.74,1471.957,1171.132,1277.242,1205.045,1381.794,3479.385,1293.303,925.5085,1307.038,1420.201,1510.173,757.2455,1096.375,396.5435,1524.346,2794.686,1113.128,679.0012,1330.059,1019.201,1129.434,1055.146,1244.284,4064.073,1161.795,775.3948
"2025-10-22 12:30:00",77,"NAN",11.84,1416.079,1550.199,1642.32,908.4952,1237.324,555.6493,1664.954,2375.764,1257.982,832.4178,1464.765,1160.17,1273.071,1195.071,1387.941,3470.441,1292.37,925.4452,1300.072,1410.993,1507.881,753.703,1090.88,395.3854,1530.148,2794.791,1111.859,676.4235,1323.182,1007.328,1124.792,1045.599,1249.4,4055.607,1160.702,774.9208
"2025-10-22 12:45:00",78,"NAN",11.87,1423.616,1564.467,1648.362,921.0469,1251.645,555.563,1652.816,2351.926,1259.054,830.029,1473.947,1164.428,1290.829,1207.319,1383.329,3493.114,1292.179,926.0585,1307.563,1426.603,1514.654,766.3766,1105.697,395.4554,1516.892,2792.021,1113.821,673.0618,1332.228,1012.378,1142.64,1057.367,1245.805,4034.07,1160.515,775.4727
"2025-10-22 13:00:00",79,"NAN",11.87,1417.964,1560.652,1650.228,916.8752,1226.553,556.3557,1656.096,2380.09,1258.206,828.5607,1473.14,1157.361,1287.946,1201.17,1386.363,3481.452,1290.083,925.1108,1301.84,1422.42,1517.298,762.7031,1080.51,396.0717,1520.347,2780.844,1112.842,671.6353,1331.215,1005.342,1140.807,1051.612,1248.468,4036.709,1158.638,775.1531
"2025-10-22 13:15:00",80,"NAN",11.88,1420.851,1568.059,1656.174,921.7437,1241.328,557.1691,1655.511,2393.93,1258.482,826.3165,1479.094,1159.723,1296.961,1207.93,1381.911,3469.612,1287.526,926.3901,1307.206,1432.568,1524.753,769.3226,1097.417,399.3539,1522.428,2820.448,1114.056,671.5035,1340.429,1009.087,1151.4,1060.621,1246.216,4038.571,1157.68,777.6748
"2025-10-22 13:30:00",81,"NAN",11.87,1428.1,1576.222,1661.415,930.8845,1248.152,557.5327,1657.198,2377.994,1256.082,822.1381,1482.629,1154.822,1302.352,1210.611,1379.753,3495.126,1286.809,930.9081,1314.205,1441.752,1531.217,778.9512,1104.454,399.6718,1524.802,2819.155,1112.501,667.3708,1344.341,1004.573,1156.661,1063.437,1244.11,4054.748,1157.283,782.7144
"2025-10-22 13:45:00",82,"NAN",11.86,1404.471,1558.16,1643.836,908.6221,1223.391,555.895,1649.295,2370.639,1251.205,822.11,1459.671,1129.662,1277.367,1178.806,1383.905,3512.871,1283.873,932.1616,1290.58,1422.719,1513.658,756.9755,1079.802,398.1486,1516.188,2795.869,1107.79,668.3817,1320.481,979.3317,1132.632,1032.027,1247.98,4064.013,1154.25,784.0452
"2025-10-22 14:00:00",83,"NAN",11.88,1364.477,1521.206,1605.724,869.3174,1186.272,552.6146,1634.779,2397.228,1239.716,818.5766,1421.408,1066.981,1232.225,1133.81,1383.866,3528.071,1276.564,931.2064,1246.663,1381.687,1472.035,715.2617,1039.818,393.7936,1498.667,2774.933,1094.842,663.1471,1279.077,914.5409,1085.003,983.6627,1246.507,4097.9,1145.649,782.0437
"2025-10-22 14:15:00",84,"NAN",11.87,1347.55,1503.124,1584.71,845.032,1166.83,556.806,1629.737,2327.259,1236.51,816.7931,1398.126,1008.121,1211.198,1109.74,1379.864,3514.046,1274.506,935.4279,1228.345,1363.115,1449.693,690.179,1019.669,397.4702,1492.905,2736.274,1091.353,660.7631,1255.274,853.3633,1063.048,959.1002,1241.867,4085.509,1143.307,785.4443
"2025-10-22 14:30:00",85,"NAN",11.87,1336.022,1489.833,1567.04,826.027,1152.141,560.0184,1625.886,2355.666,1233.385,812.9045,1379.651,983.5107,1201.485,1096.969,1382.546,3513.008,1272.99,939.868,1217.255,1348.978,1430.78,670.6674,1004.618,401.121,1489.116,2736.358,1087.607,657.2512,1236.598,828.477,1053.167,946.5927,1244.422,4082.149,1141.598,790.4194
"2025-10-22 14:45:00",86,"NAN",11.87,1332.02,1481.486,1556.494,813.5596,1142.457,563.7001,1618.824,2311.833,1234.162,817.5449,1369.168,974.6903,1200.975,1090.644,1384.246,3525.234,1274.34,946.4985,1212.67,1340.38,1419.4,657.5856,994.4935,405.0092,1481.763,2727.459,1088.141,661.6597,1225.852,820.1112,1051.429,939.7575,1246.729,4076.377,1142.779,796.7794
"2025-10-22 15:00:00",87,"NAN",11.88,1323.729,1466.42,1540.736,800.4468,1130.409,564.7732,1611.25,2370.237,1229.542,816.1879,1356.599,964.5777,1196.774,1085.656,1379.135,3514.519,1270.057,948.9461,1202.806,1325.202,1402.214,644.048,981.5103,405.3897,1473.508,2700.868,1082.391,660.2887,1212.724,809.1808,1047.075,933.5222,1240.94,4090.898,1138.423,799.1136
"2025-10-22 15:15:00",88,"NAN",11.85,1319.539,1461.765,1529.588,789.5953,1121.382,567.7177,1613.343,2357.264,1226.258,815.3207,1350.006,967.3515,1208.918,1105.082,1377.883,3503.787,1268.117,953.4409,1198.584,1318.355,1390.234,632.9133,972.2132,408.2465,1475.329,2703.776,1079.047,659.556,1204.596,811.8383,1059.961,953.6095,1238.817,4085.487,1135.577,803.432
"2025-10-22 15:30:00",89,"NAN",11.87,1317.741,1456.791,1523.153,782.5688,1114.899,571.0707,1611.71,2368.468,1225.47,818.7869,1345.319,968.5729,1208.31,1105.126,1376.972,3504.193,1267.422,958.3262,1196.697,1313.049,1383.202,625.4923,965.4636,411.874,1473.615,2672.276,1077.787,661.5685,1200.109,813.107,1059.245,954.0455,1237.518,4074.282,1135.042,808.3909
"2025-10-22 15:45:00",90,"NAN",11.87,1318.453,1455.955,1521.824,778.6249,1110.911,574.1975,1612.484,2377.778,1227.321,825.6844,1346.662,969.7813,1210.627,1108.467,1378.315,3486.893,1269.385,964.0821,1198.139,1312.355,1382.155,621.5759,961.4857,414.8316,1474.115,2669.513,1079.626,669.5903,1200.823,814.0748,1061.709,957.5206,1238.719,4067.749,1137.141,814.1616
"2025-10-22 16:00:00",91,"NAN",11.87,1340.285,1494.931,1528.148,782.3235,1111.818,577.5792,1610.424,2322.722,1233.247,830.6133,1350.835,968.9717,1217.998,1117.777,1380.16,3485.625,1273.287,969.8697,1202.444,1314.612,1389.16,625.4119,962.478,418.487,1472.997,2716.832,1086.215,674.2612,1206.751,813.9902,1068.858,966.6143,1241.679,4064.669,1141.603,820.3533
"2025-10-22 16:15:00",92,"NAN",11.86,1314.806,1451.851,1514.271,775.2771,1101.232,575.5828,1615.582,2398.399,1226.132,832.6837,1340.881,956.5685,1192.781,1087.476,1370.29,3536.351,1266.225,965.694,1192.91,1308.298,1374.695,618.1312,951.3159,416.3947,1477.455,2708.051,1079.261,675.8404,1194.894,801.5009,1043.5,949.7881,1230.943,4091.259,1133.881,816.1175
"2025-10-22 16:30:00",93,"NAN",11.84,1313.157,1449.406,1510.543,770.8242,1096.375,578.953,1605.492,2298.944,1225.888,832.0552,1338.895,961.1064,1206.286,1109.289,1370.763,3508.129,1265.869,968.6328,1191.862,1305.379,1369.843,613.7568,946.3769,419.4814,1466.29,2685.889,1078.609,675.9113,1192.829,804.9515,1057.463,957.892,1230.088,4085.389,1133.241,818.7515
"2025-10-22 16:45:00",94,"NAN",11.87,1313.464,1449.698,1511.16,770.399,1094.227,579.4204,1603.043,2317.069,1228.781,835.0568,1340.313,960.8656,1207.734,1111.844,1370.578,3502.877,1267.122,970.3223,1192.894,1305.828,1371.039,613.4572,944.489,420.4222,1465.078,2690.26,1081.132,678.6954,1195.528,805.4435,1058.726,960.795,1231.303,4067.698,1135.021,820.7242
"2025-10-22 17:00:00",95,"NAN",11.87,1311.777,1448.364,1508.749,768.7028,1089.297,579.7386,1620.927,2327.894,1228.281,832.743,1338.533,956.1276,1205.822,1112.111,1367.219,3501.341,1266.162,972.2542,1191.126,1306.029,1369.366,612.2175,939.8696,421.7338,1484.063,2714.364,1081.88,676.7315,1194.268,801.7261,1057.302,961.4725,1229.061,4083.355,1134.882,823.6075
"2025-10-22 17:15:00",96,"NAN",11.87,1307.931,1444.696,1500.447,765.3851,1083.515,581.2587,1631.258,2502.806,1224.435,834.7067,1334.656,953.0905,1201.407,1109.736,1362.957,3537.349,1262.415,971.4998,1186.489,1299.864,1360.198,608.5944,933.1615,422.8491,1493.15,2699.5,1077.183,678.5203,1188.651,797.7829,1053.167,958.6201,1222.606,4086.45,1130.458,822.1962
"2025-10-22 17:30:00",97,"NAN",11.87,1306.116,1441.115,1497.207,763.9405,1078.646,583.5823,1595.826,2377.44,1222.153,835.7516,1332.125,954.288,1200.153,1109.56,1357.988,3494.357,1260.322,973.915,1183.117,1296.443,1355.746,605.9693,927.4349,423.7406,1455.145,2669.436,1073.78,678.0772,1185.528,798.6994,1050.047,957.1291,1217.24,4081.415,1127.117,823.767
"2025-10-22 17:45:00",98,"NAN",11.86,1305.342,1439.968,1496.968,763.8271,1075.757,585.3828,1577.606,2483.684,1221.925,832.5969,1332.794,957.0632,1199.95,1111.856,1357.441,3524.529,1260.155,957.9135,1182.523,1294.565,1355.028,605.7924,924.1091,425.4623,1435.553,2635.112,1072.688,675.0402,1185.29,800.1914,1049.889,959.0478,1215.995,4077.128,1126.596,807.5236
"2025-10-22 18:00:00",99,"NAN",11.87,1304.388,1439.224,1496.213,764.7886,1072.711,587.176,1603.703,2377.583,1221.367,836.6707,1330.925,956.9547,1199.621,1112.713,1356.217,3525.786,1259.737,956.0011,1180.943,1293.447,1354.03,606.0642,920.9762,427.3378,1464.089,2596.524,1071.645,678.8694,1184.468,800.0753,1047.881,960.2372,1214.923,4071.968,1126.147,806.2906
"2025-10-22 18:15:00",100,"NAN",11.85,1304.205,1437.388,1494.364,765.2505,1069.542,590.1859,1628.094,2330.714,1219.916,842.6777,1330.244,954.2641,1185.342,1093.792,1353.772,3513.364,1259.305,950.6208,1179.662,1291.795,1352.117,606.4609,917.7601,430.0025,1489.02,2566.998,1070.067,684.9938,1182.955,797.465,1033.563,939.6529,1212.032,4066.603,1125.288,801.1962
"2025-10-22 18:30:00",101,"NAN",11.87,1303.467,1437.158,1493.23,766.0649,1067.435,589.3141,1603.986,2475.022,1219.304,843.4324,1329.656,957.4899,1184.204,1096.242,1352.258,3494.099,1259.178,948.8288,1179.206,1290.953,1351.402,607.5368,915.3889,428.8924,1462.874,2529.168,1069.327,686.0319,1181.718,800.2308,1033.458,942.535,1210.14,4053.428,1125.075,798.5209
"2025-10-22 18:45:00",102,"NAN",11.87,1302.817,1436.089,1493.73,767.3221,1065.192,595.6872,1599.903,2388.977,1218.465,845.447,1330.133,963.2065,1184.126,1098.47,1349.056,3479.099,1258.745,946.3557,1178.417,1290.459,1351.396,608.7139,913.0312,436.0067,1458.173,2487.753,1068.193,687.5681,1182.727,806.6492,1033.213,944.9036,1207.257,4051.437,1124.863,795.9664
"2025-10-22 19:00:00",103,"NAN",11.87,1300.262,1434.278,1491.66,766.4794,1060.993,596.2053,1617.752,2450.325,1216.255,844.3838,1328.5,968.4657,1181.883,1099.064,1346.344,3488.91,1256.707,948.9544,1177.948,1290.358,1350.851,609.7195,910.7625,438.2056,1479.812,2457.495,1066.386,688.1045,1183.346,813.7656,1032.499,947.6,1206.304,4039.741,1124.515,800.6509
"2025-10-22 19:15:00",104,"NAN",11.86,1299.764,1434.471,1487.212,766.1065,1057.435,597.437,1626.753,2410.608,1211.055,838.9501,1326.278,972.7751,1181.057,1101.606,1340.063,3490.118,1252.856,944.7051,1178.307,1290.685,1346.658,609.4609,907.4099,439.9429,1490.091,2413.89,1061.408,683.0561,1181.378,818.305,1031.819,951.3,1200.31,4002.56,1120.786,796.4406
"2025-10-22 19:30:00",105,"NAN",11.88,1300.394,1435.683,1492.165,768.2336,1057.358,600.2641,1638.004,2405.659,1213.345,844.8192,1330.943,983.4336,1180.815,1104.481,1343.564,3508.464,1256.665,940.3357,1178.651,1291.032,1351.536,612.1423,907.4271,443.0233,1500.554,2388.234,1064.397,690.0134,1185.158,828.0955,1032.606,954.2462,1202.607,4026.794,1124.401,791.9648
"2025-10-22 19:45:00",106,"NAN",11.86,1298.318,1434.428,1489.69,767.2466,1053.588,600.1343,1605.079,2396.223,1210.915,844.011,1328.283,988.9576,1179.127,1104.982,1340.321,3470.493,1254.396,937.4559,1178.735,1291.931,1351.303,613.3589,905.8915,445.1564,1469.356,2377.271,1063.284,691.5472,1185.646,836.5282,1032.519,956.746,1202.04,4020.308,1124.319,791.582
"2025-10-22 20:00:00",107,"NAN",11.87,1298.8,1435.121,1489.193,768.4098,1051.762,600.6437,1608.723,2371.8,1209.424,846.2472,1327.261,1003.774,1179.053,1107.765,1337.899,3465.995,1252.992,937.1053,1179.224,1293.256,1351.118,614.3427,903.9836,445.7744,1473.043,2356.918,1061.913,694.0773,1184.882,851.8671,1032.63,959.4523,1199.66,4007.011,1122.88,790.8871
"2025-10-22 20:15:00",108,"NAN",11.86,1299.945,1437.27,1492.482,770.1806,1051.825,604.0237,1615.887,2372.583,1210.454,850.1469,1329.762,1014.781,1179.781,1111.073,1339.121,3469.019,1255.349,940.9564,1179.983,1294.386,1353.252,615.9982,903.3554,448.6002,1480,2354.949,1062.454,696.9146,1186.596,862.1758,1032.658,962.5256,1200.198,4002.08,1124.788,794.3873
"2025-10-22 20:30:00",109,"NAN",11.88,1301.297,1437.919,1493.837,771.9624,1050.919,605.5769,1621.355,2363.373,1208.632,837.034,1329.733,1023.628,1180.466,1114.01,1337.606,3490.475,1255.961,943.3448,1180.76,1295.896,1355.383,617.8328,902.8257,450.5741,1485.754,2349.478,1061.12,683.5637,1186.453,872.1378,1033.353,965.212,1199.635,3995.822,1125.557,796.9724
"2025-10-22 20:45:00",110,"NAN",11.87,1302.282,1439.62,1493.192,772.6804,1049.649,607.3842,1633.806,2364.652,1208.756,800.7151,1329.516,1030.145,1179.911,1116.386,1336.077,3459.142,1255.057,945.4291,1182.14,1297.165,1355.123,619.0116,901.6033,452.5448,1498.704,2347.199,1061.976,647.6444,1186.264,878.6083,1033.749,967.9578,1198.05,3977.953,1125.034,799.2527
"2025-10-22 21:00:00",111,"NAN",11.87,1303.351,1441.428,1495.034,774.7932,1049.812,610.0964,1649.321,2362.147,1210.274,793.2319,1333.236,1037.554,1181.325,1119.205,1336.767,3443.296,1256.396,935.7715,1182.173,1298.499,1355.937,620.0234,900.6932,454.2213,1514.18,2339.047,1061.712,638.994,1189.329,885.6139,1033.41,969.6772,1197.614,3971.514,1125.491,788.2701
"2025-10-22 21:15:00",112,"NAN",11.87,1304.208,1444.668,1496.856,776.3591,1049.56,611.9691,1625.274,2347.616,1210.654,795.7197,1335.458,1043.356,1181.821,1121.692,1337.619,3438.758,1257.214,937.7938,1239.384,1354.847,1410.609,679.2653,957.2762,515.0458,1540.231,2336.358,1117.174,698.8408,1246.928,947.4894,1090.896,1029.783,1252.46,3721.639,1171.082,847.21
"2025-10-22 21:30:00",113,"NAN",11.88,1305.731,1446.297,1498.093,777.8171,1049.398,612.7432,1636.481,2352.379,1211.114,795.14,1337.418,1048.899,1183.197,1124.783,1336.746,3461.173,1258.168,942.8745,1240.127,1356.758,1412.302,680.5891,956.8562,515.9,1551.093,2328.607,1117.808,698.1311,1248.648,953.3505,1091.877,1031.817,1251.999,3716.756,1171.172,851.6204
"2025-10-22 21:45:00",114,"NAN",11.88,1307.197,1448.233,1499.621,779.3216,1049.328,614.5392,1640.979,2338.341,1212.25,796.3144,1338.693,1054.502,1184.552,1126.981,1336.665,3436.137,1259.108,947.2974,1242.517,1360.489,1414.932,683.3754,957.9367,518.8401,1557.291,2325.055,1119.714,700.2276,1251.518,960.487,1094.209,1035.215,1253.26,3722.969,1173.837,858.1097
"2025-10-22 22:00:00",115,"NAN",11.87,1308.282,1450.734,1500.747,780.623,1049.113,615.9274,1644.116,2344.642,1212.552,798.1843,1340.376,1058.554,1185.117,1129.808,1336.008,3456.338,1260.162,950.3521,1243.942,1362.496,1416.294,684.5894,957.723,520.2371,1559.96,2318.593,1120.385,702.0615,1252.558,964.2164,1095.226,1037.894,1252.57,3703.357,1174.626,860.5854
"2025-10-22 22:15:00",116,"NAN",11.87,1309.738,1453.413,1500.745,781.7824,1048.731,616.801,1639.093,2335.238,1211.939,799.2026,1341.203,1061.644,1185.715,1132.234,1335.05,3433.248,1260.313,951.3083,1244.132,1363.265,1415.094,684.5154,956.2559,520.0475,1553.679,2311.472,1118.626,702.2781,1252.676,966.4049,1094.881,1039.354,1250.274,3696.459,1174.046,860.7773
"2025-10-22 22:30:00",117,"NAN",11.88,1310.993,1455.042,1504.293,783.8212,1049.705,618.4063,1631.689,2343.114,1213.928,800.6026,1344.274,1066.519,1186.953,1134.273,1336.797,3412.887,1262.697,954.7961,1246.568,1366.704,1419.173,687.3676,957.8143,522.4558,1547.133,2317.227,1121.651,704.4904,1256.07,971.7524,1096.934,1042.576,1252.489,3684.117,1176.977,864.796
"2025-10-22 22:45:00",118,"NAN",11.84,1312.395,1457.788,1506.572,785.3806,1050.186,620.3621,1638.026,2342.727,1215.31,801.4313,1345.674,1069.426,1188.333,1136.689,1336.998,3404.568,1263.542,957.9116,1240.733,1362.247,1414.314,681.1111,950.7063,516.5122,1546.959,2315.151,1115.129,696.4437,1250.327,967.1666,1090.364,1037.431,1245.495,3699.967,1171.204,859.941
"2025-10-22 23:00:00",119,"NAN",11.87,1314.177,1460.102,1508.204,786.6512,1050.476,622.1621,1639.472,2336.385,1216.112,803.5673,1347.543,1073.506,1189.254,1138.912,1336.364,3398.68,1264.585,960.0731,1226.569,1349.695,1400.466,665.9653,935.1278,501.4785,1534.355,2310.266,1099.969,683.886,1236.618,954.9066,1074.912,1023.579,1229.233,3738.261,1161.312,846.4045
"2025-10-22 23:15:00",120,"NAN",11.87,1315.493,1462.756,1509.817,787.778,1050.932,623.1851,1639.634,2339.192,1216.756,804.8221,1349.218,1075.999,1190.146,1140.955,1335.775,3381.263,1265.612,961.5638,1223.197,1348.161,1397.767,662.491,930.6318,497.7614,1530.124,2313.611,1096.313,680.0083,1233.779,953.0865,1071.056,1020.476,1223.908,3745.427,1158.497,843.4846
"2025-10-22 23:30:00",121,"NAN",11.88,1316.993,1465.231,1511.413,788.7147,1051.416,623.8016,1636.678,2336.706,1217.025,807.2985,1351.272,1078.585,1190.856,1142.526,1335.786,3424.808,1266.842,963.601,1221.924,1347.609,1396.746,660.4729,928.125,495.6818,1523.395,2308.736,1094.409,680.2423,1232.235,952.2117,1069.29,1019.675,1221.253,3768.172,1157.34,842.4158
"2025-10-22 23:45:00",122,"NAN",11.87,1318.389,1468.114,1514.334,790.4142,1052.251,626.1748,1635.656,2345.641,1218.806,808.9631,1352.25,1081.74,1192.175,1144.575,1336.339,3396.141,1268.254,966.0699,1222.364,1348.683,1397.559,659.9564,927.1104,495.7688,1521.138,2309.444,1093.581,679.3314,1232.464,953.7221,1068.166,1019.949,1220.265,3777.166,1157.455,843.1359
"2025-10-23 00:00:00",123,"NAN",11.88,1320.663,1470.708,1516.053,791.6262,1053.045,627.0186,1638.39,2347.108,1219.504,810.464,1352.741,1083.306,1193.002,1146.306,1335.521,3420.434,1269.658,967.869,1222.921,1350.332,1398.906,660.1033,926.6794,495.5984,1523.209,2308.343,1093.161,679.5656,1231.799,954.4532,1068.021,1020.204,1218.375,3797.345,1157.493,843.8156
"2025-10-23 00:15:00",124,"NAN",11.87,1322.329,1473.186,1518.932,792.9312,1053.551,628.3401,1641.204,2337.569,1220.22,812.3212,1353.421,1085.086,1193.269,1148.356,1336.075,3389.435,1270.467,969.5367,1223.963,1351.256,1400.86,660.6581,926.5286,496.0209,1524.924,2313.64,1093.539,680.5281,1230.824,955.2369,1067.973,1021.298,1217.126,3773.974,1157.471,844.4857
"2025-10-23 00:30:00",125,"NAN",11.87,1323.558,1476.73,1521.46,794.3742,1054.321,629.4722,1642.501,2340.172,1220.711,811.9719,1353.599,1087.324,1193.264,1149.282,1335.401,3382.38,1270.99,971.1267,1223.965,1353.896,1401.437,660.2547,925.3954,495.2062,1524.627,2316.849,1092.15,678.2295,1229.248,955.2265,1065.575,1021.034,1215.24,3766.996,1156.379,844.4962
"2025-10-23 00:45:00",126,"NAN",11.86,1324.838,1479.371,1523.246,795.778,1055.035,629.8696,1647.748,2353.853,1221.556,811.4622,1353.558,1088.817,1193.555,1150.203,1335.119,3390.26,1271.419,973.019,1224.005,1355.648,1402.356,660.3871,924.5823,494.3655,1528.786,2323.388,1091.501,676.3062,1228.431,955.7014,1064.244,1020.501,1213.255,3768.896,1156.227,844.8787
"2025-10-23 01:00:00",127,"NAN",11.84,1326.152,1481.577,1525.409,797.2094,1055.731,630.9896,1651.806,2359.034,1222.116,811.402,1354.909,1089.982,1193.252,1150.849,1334.235,3396.059,1271.648,974.4061,1225.273,1357.706,1404.194,661.3633,925.2401,495.4545,1533.231,2327.914,1092.145,676.3195,1229.742,956.222,1063.837,1020.882,1212.556,3740.197,1155.984,846.2458
"2025-10-23 01:15:00",128,"NAN",11.86,1327.648,1485.263,1525.879,797.779,1055.862,631.3588,1645.564,2361.983,1221.736,810.831,1352.427,1090.223,1193.668,1151.945,1332,3334.461,1270.378,974.7255,1226.268,1361.128,1404.466,661.9443,924.9089,495.4315,1526.615,2328.193,1090.668,674.3756,1227.062,956.8622,1064.13,1021.183,1209.948,3680.689,1154.475,846.3093
"2025-10-23 01:30:00",129,"NAN",11.87,1329.141,1487.511,1527.562,798.9465,1056.497,631.9392,1652.375,2367.163,1221.793,811.2099,1353.092,1091.793,1193.354,1152.475,1332.251,3327.378,1270.506,976.2407,1227.756,1364.045,1405.933,662.6463,925.4467,495.7212,1533.195,2333.567,1091.194,675.4178,1226.815,957.8906,1063.834,1022.1,1209.332,3655.029,1153.577,847.4214
"2025-10-23 01:45:00",130,"NAN",11.87,1329.015,1489.167,1526.781,798.0519,1055.34,630.6946,1657.698,2359.82,1219.393,809.4737,1352.663,1092.202,1192.313,1151.739,1330.046,3306.436,1269.171,975.8007,1229.526,1366.528,1407.446,663.7797,925.8577,496.4471,1540.663,2337.582,1090.122,676.1245,1228.355,959.5687,1064.624,1023.505,1209.246,3656.338,1154.269,848.8029
"2025-10-23 02:00:00",131,"NAN",11.87,1323.029,1484.321,1522.355,791.6005,1048.504,623.978,1656.101,2367.449,1213.224,803.6561,1349.283,1087.306,1184.783,1145.649,1323.126,3306.271,1263.332,970.2503,1230.926,1369.385,1410.468,665.3716,927.3311,497.8012,1545.865,2345.586,1092.39,678.3679,1232.551,963.262,1065.34,1024.849,1209.494,3657.778,1156.062,851.6996
"2025-10-23 02:15:00",132,"NAN",11.88,1323.255,1486.141,1520.519,791.4973,1048.177,623.0038,1655.467,2373.142,1213.07,803.7305,1349.46,1089.185,1184.465,1145.727,1321.47,3302.686,1262.971,970.4759,1232.02,1372.004,1409.422,666.2435,927.4603,497.815,1546.128,2351.122,1092.957,678.6987,1234.072,966.0453,1065.455,1025.343,1209.305,3650.157,1156.43,852.5096
"2025-10-23 02:30:00",133,"NAN",11.88,1319.981,1482.865,1516.944,787.1458,1043.571,620.0844,1657.179,2376.487,1199.881,798.3816,1346.221,1085.546,1179.842,1141.992,1316.943,3301.858,1258.816,966.6992,1233.342,1373.426,1410.701,666.5453,927.8832,499.6428,1552.31,2355.103,1084.571,678.6563,1234.955,967.464,1065.991,1026.445,1209.046,3648.016,1156.733,853.8012
"2025-10-23 02:45:00",134,"NAN",11.86,1318.066,1482.735,1514.629,784.2302,1040,617.1907,1639.037,2367.448,1144.94,793.8519,1343.74,1083.566,1177.021,1139.336,1312.282,3296.629,1254.611,963.9145,1235.015,1376.318,1411.291,667.0259,928.2481,500.3095,1537.172,2351.718,1031.153,677.3698,1235.729,968.4508,1066.569,1027.858,1207.77,3630.697,1155.592,853.8268
"2025-10-23 03:00:00",135,"NAN",11.87,1305.489,1471.971,1505.21,771.4044,1027.698,604.3488,1638.087,2361.387,1137.353,778.7379,1332.862,1073.606,1137.811,1126.626,1299.83,3309.591,1242.693,952.3334,1236.824,1379.123,1415.44,669.4305,930.0646,502.5955,1549.453,2359.21,1038.288,676.8172,1239.359,972.9216,1067.058,1029.685,1209.323,3622.598,1157.479,857.775
"2025-10-23 03:15:00",136,"NAN",11.85,1306.392,1472.984,1506.248,771.7974,1027.826,604.5258,1639.47,2374.841,1149.892,778.6629,1333.325,1075.399,1163.988,1127.512,1298.906,3297.803,1242.24,952.8408,1238.096,1381.225,1417.905,670.5545,930.9286,503.8566,1551.398,2361.504,1052.247,678.1742,1240.57,975.4764,1068.881,1031.049,1209.239,3614.332,1157.976,859.1135
"2025-10-23 03:30:00",137,"NAN",11.86,1308.114,1474.769,1509.548,773.663,1029.66,605.996,1640.699,2377.971,1164.102,780.2166,1334.375,1077.147,1165.352,1129.208,1299.27,3296.05,1243.568,955.8365,1239.577,1382.916,1420.169,671.842,932.073,504.6694,1552.842,2361.8,1065.57,678.6765,1241.53,977.405,1068.956,1031.692,1209.417,3610.478,1158.471,861.4833
"2025-10-23 03:45:00",138,"NAN",11.88,1309.376,1475.409,1510.761,774.3369,1029.495,606.187,1640.595,2366.396,1172.764,779.065,1335.053,1077.419,1163.123,1130.005,1298.371,3297.267,1244.208,956.5375,1241.207,1384.136,1422.381,672.9987,932.8607,505.5315,1553.079,2364.119,1075.736,678.499,1242.261,978.2148,1068.257,1033.246,1208.972,3602.764,1159.508,863.0002
"2025-10-23 04:00:00",139,"NAN",11.87,1309.234,1476.111,1510.478,773.9091,1028.931,605.7752,1638.739,2369.04,1177.699,778.8737,1334.344,1077.284,1163.626,1129.643,1296.075,3281.769,1242.77,955.6868,1242.29,1385.451,1422.844,673.4171,932.9033,506.2454,1552.107,2361.882,1080.855,679.1382,1242.379,978.2839,1068.974,1033.926,1207.037,3594.684,1159.097,862.6677
"2025-10-23 04:15:00",140,"NAN",11.88,1268.394,1435.486,1472.43,731.1795,986.5073,562.1636,1600.116,2364.86,1141.497,738.757,1293.383,1036.624,1121.341,1087.694,1253.349,3370.909,1201.13,913.2828,1242.649,1386.704,1424.48,674.9115,933.8407,507.0031,1552.287,2363.285,1087.505,682.3647,1243.972,981.2494,1069.721,1035.391,1207.116,3591.823,1159.43,864.1664
"2025-10-23 04:30:00",141,"NAN",11.86,1268.387,1436.762,1474.302,731.5634,986.7624,561.7452,1602.405,2365.437,1145.726,737.9551,1294.38,1037.992,1121.153,1087.384,1252.81,3362.802,1202.58,914.5099,1244.68,1388.4,1429.339,677.6617,936.5144,509.1402,1556.981,2370.995,1094.314,684.3799,1247.345,985.0938,1071.858,1036.832,1208.624,3584.235,1162.797,868.3113
"2025-10-23 04:45:00",142,"NAN",11.86,1268.693,1435.673,1472.294,731.3459,986.5472,561.9805,1600.863,2364.654,1147.864,736.8641,1294.013,1037.967,1121.023,1088.026,1248.734,3349.155,1201.685,913.864,1245.868,1388.13,1427.116,677.7665,936.7058,509.3946,1555.364,2366.644,1096.515,683.6803,1247.019,984.817,1072.594,1038.128,1204.46,3577.608,1162.438,867.4707
"2025-10-23 05:00:00",143,"NAN",11.86,1269.384,1435.366,1474.439,732.9368,988.0776,563.2141,1599.38,2361.293,1151.356,736.749,1295.989,1040.281,1122.139,1089.33,1249.832,3356.975,1203.273,916.503,1247.165,1387.368,1429.297,679.0103,937.9665,510.6342,1553.677,2370.951,1100.415,683.4028,1248.793,986.8609,1073.154,1039.381,1205.473,3590.402,1163.912,870.0579
"2025-10-23 05:15:00",144,"NAN",11.88,1292.52,1485.707,1478.474,736.1269,991.2653,566.2908,1602.018,2367.218,1156.483,738.8799,1298.457,1043.502,1125.058,1092.728,1247.283,3367.913,1206.577,920.0091,1267.393,1437.112,1431.856,680.6461,939.2607,511.7778,1554.423,2374.061,1103.463,683.6373,1249.53,988.6404,1074.348,1040.301,1201.036,3595.622,1165.014,872.007
"2025-10-23 05:30:00",145,"NAN",11.86,1294.066,1487.534,1481.853,737.0013,992.2161,566.4882,1603.565,2367.655,1158.944,737.3889,1299.42,1044.723,1125.651,1093.813,1246.962,3373.55,1207.978,921.4675,1269.576,1438.769,1435.156,681.6653,940.6373,512.0995,1556.959,2374.558,1106.037,682.1145,1250.623,989.7548,1075.161,1042.382,1201.114,3593.016,1166.83,873.3368
"2025-10-23 05:45:00",146,"NAN",11.88,1296.785,1489.858,1485.506,740.0911,995.1627,569.1355,1615.435,2375.75,1162.112,739.9977,1302.138,1047.038,1128.087,1096.515,1248.846,3371.997,1210.55,924.2399,1270.537,1440.292,1437.508,682.7776,941.5764,513.2166,1566.683,2376.627,1107.777,683.3385,1251.675,990.0735,1075.825,1043.16,1201.263,3602.453,1168.241,874.566
"2025-10-23 06:00:00",147,"NAN",11.87,1298.113,1491.63,1487.891,741.1516,996.2045,570.0178,1619.55,2375.323,1164.174,740.9952,1303.428,1048.413,1128.743,1097.425,1250.079,3379.217,1211.358,925.339,1272.328,1442.16,1439.867,684.0449,942.8881,514.1808,1571.054,2376.666,1109.707,684.38,1253.365,992.0461,1076.554,1044.381,1202.453,3618.244,1168.569,875.8055
"2025-10-23 06:15:00",148,"NAN",11.84,1299.025,1492.961,1488.923,741.5971,996.6265,570.3275,1623.89,2376.628,1164.764,740.0831,1304.516,1049.742,1128.644,1097.733,1250.072,3435.514,1211.874,926.5427,1273.797,1443.693,1441.151,685.2131,944.028,514.8705,1576.043,2378.453,1111.007,684.0399,1254.849,993.8868,1077.209,1045.426,1202.79,3664.692,1169.995,877.627
"2025-10-23 06:30:00",149,"NAN",11.87,1300.295,1494.059,1491.113,742.3282,997.3735,570.4732,1628.427,2373.737,1165.877,740.8826,1297.824,1050.812,1129.681,1098.633,1174.405,3438.49,1212.065,927.39,1274.629,1445.242,1443.964,685.8926,944.6525,515.3405,1580.312,2381.145,1112.182,684.504,1255.577,995.2761,1077.982,1045.689,1126.962,3679.979,1170.102,878.6348
"2025-10-23 06:45:00",150,"NAN",11.88,1303.066,1496.95,1494.245,743.8818,998.8765,570.6978,1634.434,2382.75,1167.333,741.3129,1308.26,1052.707,1129.561,1099.524,1187.215,3446.218,1214.858,929.9203,1277.72,1448.274,1446.776,687.1945,946.3596,515.3507,1586.753,2385.415,1113.347,684.9268,1258.597,997.0468,1078.071,1047.014,1139.649,3683.898,1172.786,880.9197
"2025-10-23 07:00:00",151,"NAN",11.86,1313.745,1508.513,1505.287,752.7882,1008.511,577.9473,1640.653,2379.705,1175.771,749.7656,1317.196,1060.97,1138.565,1108.179,1196.534,3448.458,1222.943,939.1586,1281.554,1452.195,1450.474,688.5199,947.6929,514.4927,1585.774,2391.452,1114.54,685.5824,1259.446,997.0835,1079.205,1047.832,1141.075,3707.461,1173.851,882.0336
"2025-10-23 07:15:00",152,"NAN",11.87,1316.087,1510.082,1508.027,754.361,1010.254,577.5859,1638.744,2394.753,1176.706,748.1348,1317.863,1060.889,1139.42,1108.663,1197.073,3486.209,1224.7,936.9395,1284.686,1454.419,1453.614,689.9922,949.6933,514.0761,1585.208,2395.698,1114.955,684.353,1261.024,997.2248,1079.909,1048.219,1141.974,3726.469,1175.607,880.1348
"2025-10-23 07:30:00",153,"NAN",11.88,1321.466,1517.316,1513.814,756.9926,1013.3,577.5211,1646.395,2396.803,1179.274,748.4091,1320.977,1061.938,1140.485,1109.157,1200.529,3502.73,1230.115,936.4748,1289.506,1461.63,1459.701,692.263,952.8095,513.7388,1591.625,2416.034,1117.982,683.9712,1263.652,998.2794,1081.163,1048.378,1145.075,3778.915,1180.798,879.5806
"2025-10-23 07:45:00",154,"NAN",11.85,1324.97,1522.096,1518.404,758.8287,1015.995,573.9296,1648.18,2429.081,1180.883,749.8629,1323.99,1062.628,1143.014,1110.108,1204.484,3553.385,1233.62,935.6099,1292.605,1465.874,1463.421,693.2048,954.708,509.1266,1592.539,2447.176,1118.576,684.7735,1265.464,997.838,1082.441,1048.611,1148.855,3825.968,1183.263,877.5889
"2025-10-23 08:00:00",155,"NAN",11.84,1329.031,1527.123,1522.771,760.6214,1018.81,573.9553,1653.547,2439.819,1184.15,751.4212,1327.447,1064.891,1146.725,1111.313,1207.856,3588.02,1235.671,935.1012,1295.747,1469.97,1466.542,693.8654,956.0005,508.0416,1597.722,2471.168,1120.141,684.7145,1268.398,999.2549,1084.748,1048.471,1150.669,3856.859,1185.102,875.6203
"2025-10-23 08:15:00",156,"NAN",11.88,1331.844,1532.242,1526.118,762.0876,1021.457,565.4893,1658.293,2469.714,1186.71,752.4025,1330.525,1069.923,1148.285,1111.446,1209.631,3586.292,1237.118,932.0767,1297.927,1473.822,1468.738,693.9163,957.1756,497.7262,1601.815,2492.205,1121.846,684.5139,1270.026,1003.162,1085.257,1047.352,1151.391,3887.829,1185.365,871.5068
"2025-10-23 08:30:00",157,"NAN",11.85,1334.947,1536.17,1530.055,763.0575,1023.562,569.8071,1667.973,2438.739,1189.591,753.4147,1333.965,1073.869,1150.408,1111.642,1210.53,3614.772,1238.771,926.862,1301.009,1479.057,1472.211,694.8944,959.7816,502.4515,1611.672,2520.932,1125.042,685.4633,1273.934,1007.729,1087.453,1047.429,1152.435,3903.555,1187.357,865.9971
"2025-10-23 08:45:00",158,"NAN",11.87,1337.107,1539.958,1531.719,763.4268,1025.542,567.5106,1671.389,2518.265,1192.458,754.4496,1336.695,1073.699,1152.842,1111.139,1209.959,3632.354,1239.166,917.9518,1303.18,1482.35,1474.987,695.5034,961.3702,499.8127,1614.925,2528.72,1127.698,686.5955,1276.856,1007.038,1089.558,1046.961,1152.276,3928.323,1187.446,857.3215
"2025-10-23 09:00:00",159,"NAN",11.88,1339.578,1543.64,1535.1,765.1932,1028.255,565.7208,1674.76,2512.634,1195.907,756.8306,1341.359,1072.574,1155.579,1111.382,1157.045,3620.278,1241.452,909.74,1304.858,1484.912,1476.669,695.5747,962.9347,496.7,1617.648,2633.875,1130.72,687.4093,1280.226,1003.282,1091.435,1045.547,1094.339,3928.393,1188.353,847.3352
"2025-10-23 09:15:00",160,"NAN",11.88,1341.617,1546.944,1537.214,765.2479,1030.25,563.9126,1679.54,2483.462,1198.531,756.3116,1344.956,1069.503,1157.271,1111.107,1176.826,3618.861,1243.122,919.139,1307.758,1488.79,1479.154,696.3585,965.3892,495.2901,1622.963,2752.657,1134.446,687.5523,1283.964,1001.72,1093.818,1046.001,1115.852,3935.321,1190.864,857.3215
"2025-10-23 09:30:00",161,"NAN",11.87,1342.735,1550.201,1538.57,765.6152,1031.959,560.2214,1683.422,2578.106,1200.498,755.1265,1348.008,1065.07,1159.001,1110.413,1192.783,3634.881,1244.021,924.2988,1308.563,1491.563,1480.803,696.4344,967.0757,491.3449,1625.926,2862.746,1136.934,686.339,1286.329,997.9254,1095.54,1045.767,1132.599,3932.789,1191.661,862.3975
"2025-10-23 09:45:00",162,"NAN",11.87,1347.153,1558.55,1544.444,769.9832,1037.799,557.6978,1687.387,2566.929,1206.085,757.7019,1355.575,1068.675,1164.374,1114.154,1205.36,3617.032,1247.804,926.9953,1311.429,1498.48,1484.596,698.8607,970.7653,486.2057,1628.467,2908.089,1140.311,686.9964,1292.143,998.431,1098.57,1047.188,1142.862,3937.093,1192.661,862.4522
"2025-10-23 10:00:00",163,"NAN",11.88,1351.884,1567.968,1552.356,776.6066,1043.669,554.6948,1695.169,2696.606,1210.067,758.1462,1363.846,1071.182,1169.727,1118.897,1211.767,3621.48,1248.707,925.3852,1315.823,1507.075,1491.843,704.5199,976.3147,482.545,1636.51,2915.958,1142.935,686.7333,1300.683,1000.836,1103.07,1051.349,1148.952,3947.215,1193.084,859.9941
"2025-10-23 10:15:00",164,"NAN",11.88,1354.658,1576.14,1559.518,784.4708,1054.065,549.2878,1698.736,2693.16,1212.482,758.5327,1375.887,1075.468,1177.803,1127.101,1212.22,3633.229,1248.609,923.816,1318.915,1515.906,1499.572,712.9424,986.9187,477.4873,1640.343,2915.364,1146.451,686.947,1313.243,1005.124,1111.73,1059.04,1150.212,3953.032,1193.529,859.1552
"2025-10-23 10:30:00",165,"NAN",11.87,1356.49,1585.535,1566.186,791.5046,1063.999,547.149,1702.449,2720.808,1213.715,754.8862,1383.679,1082.848,1183.403,1128.095,1209.628,3669.066,1246.925,919.9622,1323.909,1528.203,1508.635,722.4729,999.3563,477.6682,1646.386,2935.599,1149.696,685.6185,1323.155,1014.781,1119.35,1063.068,1149.904,3962.878,1194.077,857.3528
"2025-10-23 10:45:00",166,"NAN",11.88,1363.629,1599.068,1578.717,805.8458,1086.264,544.694,1708.204,2707.269,1214.979,753.3534,1402.507,1087.097,1191.958,1141.169,1207.769,3669.396,1246.625,917.7231,1331.242,1543.362,1522.558,737.5997,1022.707,475.9807,1652.646,2941.524,1152.81,685.1182,1342.914,1021.249,1128.747,1076.308,1149.303,3976.438,1195.276,855.6381
"2025-10-23 11:00:00",167,"NAN",11.88,1373.579,1617.029,1596.41,826.8678,1115.555,544.085,1689.792,2715.915,1218.572,753.5222,1422.945,1099.267,1208.401,1155.648,1208.844,3684.883,1248.323,917.3992,1342.548,1561.699,1539.851,758.5598,1051.906,475.4406,1649.953,2922.394,1155.099,685.3806,1363.576,1031.696,1144.644,1091.567,1150.142,3991.866,1197.069,855.0519
"2025-10-23 11:15:00",168,"NAN",11.87,1383.561,1629.062,1612.574,848.7997,1141.292,545.0349,1683.122,2705.147,1222.115,755.8596,1440.738,1111.059,1218.299,1171.982,1206.453,3663.259,1249.323,915.9539,1347.479,1569.536,1552.569,775.4733,1072.981,471.23,1622.798,2942.871,1154.879,682.4612,1376.157,1040.027,1158.026,1102.149,1142.988,3996.765,1193.188,848.697
"2025-10-23 11:30:00",169,"NAN",11.87,1402.681,1659.297,1626.934,876.687,1179.277,545.4708,1697.901,2680.271,1224.863,755.5385,1454.536,1120.756,1242.697,1185.697,1207.173,3664.947,1251.643,917.7341,1367.198,1601.764,1567.885,804.0914,1112.087,470.8609,1638.621,2941.919,1158.208,682.8578,1391.011,1050.326,1175.261,1108.952,1144.301,3995.306,1195.805,851.2682
"2025-10-23 11:45:00",170,"NAN",11.88,1413.57,1676.749,1649.74,895.469,1179.76,541.808,1701.07,2694.33,1223.071,749.6958,1462.567,1129.481,1269.603,1219.634,1203.874,3697.964,1247.334,913.1749,1382.066,1622.263,1593.192,826.5547,1115.951,472.5052,1646.085,2933.429,1159.215,680.7025,1403.039,1060.985,1205.882,1155.659,1144.584,4002.962,1195.057,849.678
"2025-10-23 12:00:00",171,"NAN",11.86,1394.966,1638.164,1654.42,900.8179,1191.028,535.6453,1700.275,2720.846,1221.741,746.3334,1469.976,1140.933,1276.088,1222.933,1201.956,3683.707,1242.834,908.9947,1364.391,1583.274,1600.264,834.4045,1129.527,468.2746,1645.741,2949.361,1160.794,679.9604,1411.38,1074.98,1214.895,1160.42,1144.143,4002.477,1192.726,847.7903
"2025-10-23 12:15:00",172,"NAN",11.87,1400.424,1641.782,1662.033,909.7988,1199.406,533.4175,1710.079,2720.151,1219.669,743.8804,1473.639,1142.403,1285.287,1227.693,1198.096,3707.576,1239.582,902.3289,1373.865,1590.716,1611.27,847.1451,1141.632,469.4877,1659.253,2938.717,1161.854,680.7836,1418.896,1080.913,1227.656,1168.577,1144.341,3996.13,1193.191,844.6729
"2025-10-23 12:30:00",173,"NAN",11.85,1411.874,1651.8,1669.432,920.7716,1206.331,530.9874,1719.618,2721.517,1221.327,743.0214,1476.77,1151.846,1298.471,1232.649,1199.095,3672.468,1237.653,895.7426,1385.223,1601.194,1619.471,858.4876,1148.89,467.7499,1669.714,2936.353,1163.935,680.7647,1422.609,1089.964,1241.398,1174.312,1145.319,3986.396,1191.337,838.2892
"2025-10-23 12:45:00",174,"NAN",11.87,1423.116,1663.285,1678.53,931.706,1213.013,534.7278,1724.666,2735.801,1224.296,744.0658,1487.38,1159.3,1309.468,1245.912,1193.817,3658.243,1237.231,890.197,1398.208,1614.308,1628.842,870.3492,1156.73,472.4008,1676.37,2938.049,1167.272,682.2422,1434.845,1098.435,1252.681,1188.439,1141.706,3970.892,1191.818,834.0604
"2025-10-23 13:00:00",175,"NAN",11.87,1439.252,1667.61,1690.433,947.9066,1230.28,544.6281,1723.606,2657.215,1225.678,744.1931,1489.497,1156.143,1319.9,1252.526,1197.724,3650.291,1237.612,886.4922,1414.752,1619.045,1641.309,886.8746,1174.391,482.9645,1675.716,2924.005,1169.211,682.0958,1437.873,1096.333,1263.609,1195.083,1146.001,3946.271,1191.969,830.4618
"2025-10-23 13:15:00",176,"NAN",11.88,1456.897,1702.66,1707.474,963.1497,1245.717,547.443,1737.58,2710.653,1226.849,743.7668,1502.369,1165.678,1341.532,1272.191,1196.892,3654.74,1238.969,882.8249,1434.92,1656.443,1661.589,904.8826,1191.889,488.1965,1691.45,2946.638,1173.225,684.6628,1451.691,1107.955,1288.342,1217.785,1146.841,3958.414,1195.938,829.1564
"2025-10-23 13:30:00",177,"NAN",11.88,1392.739,1630.535,1644.739,897.0899,1179.423,528.9287,1704.884,2609.174,1204.964,730.3513,1445.151,1096.282,1264.818,1191.048,1192.771,3723.473,1226.749,875.9036,1367.717,1581.143,1597.069,837.2582,1124.454,468.1574,1656.31,2891.313,1150.421,670.6214,1393.163,1037.178,1210.801,1135.19,1141.551,4000.616,1182.556,821.0795
"2025-10-23 13:45:00",178,"NAN",11.88,1365.09,1612.191,1632.402,875.2253,1152.688,531.154,1697.226,2644.419,1204.277,729.933,1420.74,1078.276,1241.971,1163.127,1193.231,3706.012,1225.084,879.7131,1341.448,1565.218,1585.338,816.7483,1099.128,472.3582,1651.204,2894.214,1150.389,670.8527,1370.786,1021.409,1188.788,1108.796,1144.339,4000.979,1182.547,826.3169
"2025-10-23 14:00:00",179,"NAN",11.88,1355.772,1611.033,1636.99,876.8102,1156.568,533.189,1696.892,2650.945,1202.269,726.933,1414.302,1077.157,1242.736,1162.512,1191.036,3704.186,1222.761,880.4253,1336.562,1565.387,1594.422,822.6008,1107.31,478.4283,1653.7,2906.192,1152.945,672.7402,1367.933,1023.181,1194.114,1112.168,1145.783,3995.837,1183.801,830.9985
"2025-10-23 14:15:00",180,"NAN",11.85,1332.641,1591.659,1613.363,854.9836,1135.917,530.6224,1686.675,2630.516,1193.161,723.0182,1388.717,1055.618,1219.16,1135.347,1184.643,3743.36,1216.871,880.6714,1312.858,1547.005,1569.672,800.3998,1086.268,475.936,1643.401,2904.129,1143.483,668.4674,1342.091,1001.658,1170.206,1085.504,1138.936,4019.754,1178.192,831.2517
"2025-10-23 14:30:00",181,"NAN",11.87,1319.108,1574.903,1594.281,834.7211,1118.075,532.0634,1682.737,2649.125,1187.745,719.8884,1368.529,1040.666,1205.3,1118.072,1179.21,3736.483,1211.882,880.1296,1299.464,1531.677,1551.415,781.249,1069.583,478.7176,1640.403,2885.387,1138.829,666.4121,1323.134,988.246,1156.928,1068.756,1135.226,4023.193,1174.741,832.0477
"2025-10-23 14:45:00",182,"NAN",11.87,1311.285,1560.909,1576.199,815.6838,1104.485,534.7971,1678.993,2632.442,1183.727,721.8514,1351.792,1033.394,1195.946,1106.732,1176.127,3735.757,1210.1,884.0722,1294.213,1519.633,1536.252,765.1943,1058.536,484.6633,1639.779,2878.827,1137.788,671.5189,1309.016,983.8781,1150.461,1060.233,1134.84,4011.558,1175.046,838.5725
"2025-10-23 15:00:00",183,"NAN",11.84,1279.792,1525.177,1537.345,776.08,1067.574,509.3755,1649.819,2692.593,1154.857,696.8483,1312.785,1003.237,1164.556,1075.149,1146.926,3828.953,1182.292,860.215,1285.312,1504.944,1518.725,750.2411,1045.796,484.4942,1630.412,2867.752,1133.011,671.2978,1292.662,978.3158,1144.083,1052.424,1129.152,4023.622,1171.493,839.4051
"2025-10-23 15:15:00",184,"NAN",11.87,1273.644,1512.618,1523.121,761.1072,1056.6,510.6268,1645.253,2712.343,1150.925,694.3566,1300.541,999.1464,1158.796,1069.899,1142.769,3843.416,1178.868,862.0078,1280.794,1493.988,1506.043,737.585,1036.85,488.0427,1627.591,2854.209,1130.793,671.0562,1282.49,976.7672,1140.273,1049.656,1127.138,4015.972,1170,843.3218
"2025-10-23 15:30:00",185,"NAN",11.85,1266.793,1500.018,1508.518,746.9788,1045.026,510.9186,1640.13,2742.817,1145.012,691.4309,1288.812,995.9687,1152.288,1064.304,1135.907,3849.854,1173.814,862.3265,1277.187,1484.952,1494.573,726.8033,1028.737,492.2942,1625.751,2860.772,1127.735,671.7375,1274.339,976.2737,1137.115,1047.904,1123.538,4016.615,1168.019,847.3654
"2025-10-23 15:45:00",186,"NAN",11.87,1262.377,1490.111,1498.96,736.7189,1036.576,510.9805,1640.36,2717.53,1141.312,689.5255,1281.663,996.9035,1149.34,1063.024,1133.248,3849.119,1171.134,863.9091,1274.512,1476.535,1485.965,718.1083,1021.913,493.9998,1626.571,2876.543,1126.162,671.552,1268.83,978.7935,1135.845,1048.178,1122.58,4020.174,1166.752,850.092
"2025-10-23 16:00:00",187,"NAN",11.87,1257.657,1483.668,1489.423,728.2628,1027.849,510.2291,1636.053,2734.101,1138.026,688.317,1274.47,996.2489,1145.719,1061.812,1128.325,3861.339,1167.267,860.2559,1271.549,1472.76,1479.199,712.4161,1015.777,496.2763,1625.289,2854.06,1124.746,672.601,1264.77,981.2612,1134.459,1049.449,1121.127,4015.844,1165.53,849.3787
"2025-10-23 16:15:00",188,"NAN",11.87,1251.975,1473.75,1478.084,719.0436,1018.609,510.1281,1631.284,2731.692,1132.056,685.8827,1267.833,991.3608,1140.452,1058.371,1123.004,3886.495,1161.613,860.9894,1268.189,1464.42,1470.687,706.1306,1009.266,498.7944,1622.291,2853.868,1122.046,673.0846,1259.992,979.7695,1132.696,1048.35,1117.814,4016.503,1162.449,852.5804
"2025-10-23 16:30:00",189,"NAN",11.86,1248.617,1467.583,1472.086,714.1867,1012.512,509.4269,1628.289,2742.808,1103.695,685.299,1265.524,992.3433,1121.74,1032.385,1120.987,3882.083,1159.677,865.2181,1264.286,1457.906,1464.155,701.0743,1002.91,497.8398,1618.329,2860.49,1093.526,672.4557,1257.59,979.7945,1113.398,1021.005,1115.183,4018.529,1159.763,856.3253
"2025-10-23 16:45:00",190,"NAN",11.88,1247.823,1463.466,1470.078,711.1855,1008.961,513.1488,1629.401,2748.173,1067.722,685.2971,1266.334,995.9612,1138.291,1060.467,1121.349,3897.318,1159.83,872.0619,1264.992,1455.373,1463.702,699.6918,1000.707,503.2928,1621.368,2850.55,1058.256,674.0437,1259.985,985.5079,1131.172,1051.809,1117.677,4018.206,1161.526,864.4673
"2025-10-23 17:00:00",191,"NAN",11.86,1245.433,1461.678,1464.755,708.5018,1003.189,514.2322,1625.446,2747.413,1070.246,685.9707,1263.379,996.8203,1135.857,1060.941,1118.457,3881.221,1157.413,874.8136,1262.96,1453.59,1458.383,697.2114,995.6209,504.7434,1617.766,2860.652,1061.496,674.8802,1257.301,986.9442,1129.42,1052.691,1114.779,4021.115,1159.39,867.1204
"2025-10-23 17:15:00",192,"NAN",11.86,1244.067,1458.726,1462.826,706.9526,999.3177,516.1729,1626.863,2779.146,1087.611,686.0862,1262.429,1000.184,1135.926,1062.793,1117.016,3895.766,1156.534,878.5091,1262,1451.348,1456.966,696.366,992.1527,507.1376,1619.979,2875.277,1079.08,675.3842,1257.591,990.9423,1129.617,1055.161,1114.273,4015.542,1159.3,871.0339
"2025-10-23 17:30:00",193,"NAN",11.87,1217.702,1432.053,1435.302,681.408,970.8236,493.739,1604.653,2850.364,1074.285,662.2175,1235.671,973.6971,1108.643,1038.12,1090.663,3990.894,1133.031,857.6634,1256.941,1444.819,1449.618,693.5314,985.9847,508.2209,1617.033,2850.4,1087.016,674.6575,1252.043,985.6731,1124.916,1053.479,1109.538,4026.911,1155.437,872.3884
"2025-10-23 17:45:00",194,"NAN",11.85,1214.167,1425.659,1430.498,678.7877,965.0328,495.2096,1601.853,2838.378,1079.139,660.513,1232.114,968.7531,1090.626,1012.305,1087.143,3993.035,1129.888,859.5641,1254.01,1439.737,1446.101,692.1533,981.3253,511.0677,1615.592,2836.745,1092.749,673.7549,1250.087,983.0311,1107.593,1027.729,1107.444,4010.473,1153.623,875.3406
"2025-10-23 18:00:00",195,"NAN",11.87,1212.29,1421.363,1427.864,677.8232,960.5374,498.2765,1601.253,2803.463,1083.078,657.801,1231.324,967.4415,1089.682,1012.74,1085.429,3990.544,1128.091,858.0338,1254.744,1438.249,1445.655,693.7075,979.4516,516.9045,1617.698,2814.363,1098.856,673.7109,1252.135,983.6789,1108.995,1031.148,1108.457,4000.852,1153.992,876.6487
"2025-10-23 18:15:00",196,"NAN",11.87,1210.655,1417.975,1424.548,677.1675,956.1846,497.6066,1600.323,2803.92,1084.51,658.7637,1230.27,966.6183,1088.464,1013.841,1083.774,3989.037,1125.861,850.8279,1254.91,1435.161,1443.747,694.4806,976.5529,517.7151,1617.392,2775.095,1101.881,676.1828,1251.946,983.7935,1109.66,1033.99,1107.801,3990.216,1153.121,871.0425
"2025-10-23 18:30:00",197,"NAN",11.87,1209.172,1413.893,1422.82,677.2354,952.4678,500.9625,1599.681,2783.53,1085.521,660.5427,1229.39,968.8817,1087.077,1015.753,1081.807,3992.557,1124.982,849.5497,1253.373,1432.646,1443.354,695.876,973.8201,522.2366,1616.761,2758.463,1104.262,679.2037,1251.727,987.7456,1109.344,1036.013,1106.976,3977.217,1153.074,870.7026
"2025-10-23 18:45:00",198,"NAN",11.85,1207.485,1410.619,1420.661,677.1908,948.8239,501.8056,1598.855,2749.937,1085.521,660.7344,1225.648,971.8279,1086.518,1017.023,1079.12,3993.262,1123.331,850.6077,1252.812,1430.229,1441.516,696.6271,970.8388,523.8704,1617.274,2744.557,1104.556,679.8903,1249.463,991.5123,1109.298,1038.141,1105.341,3974.01,1152.209,872.2551
"2025-10-23 19:00:00",199,"NAN",11.87,1206.513,1408.017,1420.315,678.1196,946.0342,503.7807,1599.281,2708.248,1085.524,661.1135,1226.993,976.059,1085.716,1018.602,1077.718,3988.823,1122.898,849.4637,1252.599,1428.301,1441.981,698.116,968.8302,526.4845,1618.241,2691.224,1105.094,681.0576,1251.49,995.6827,1108.871,1040.875,1104.747,3968.599,1152.386,871.3729
"2025-10-23 19:15:00",200,"NAN",11.88,1206.299,1405.124,1418.786,678.8288,943.0324,505.341,1599.952,2681.89,1084.401,661.3581,1227.089,977.9445,1084.638,1021.052,1076.183,3991.118,1121.276,856.1572,1252.766,1425.696,1441.526,699.9553,966.837,529.0967,1619.332,2660.474,1105.898,682.2957,1251.518,998.5443,1109.708,1044.152,1103.514,3961.46,1151.726,878.72
"2025-10-23 19:30:00",201,"NAN",11.88,1206.066,1402.118,1417.681,679.6727,940.528,508.1663,1599.472,2653.81,1083.151,663.0782,1227.314,980.5211,1083.916,1022.974,1074.943,3989.091,1121.068,852.0933,1254.558,1424.048,1442.241,702.6652,966.1371,533.8453,1620.014,2681.404,1106.688,686.0455,1253.763,1002.775,1110.714,1047.893,1103.67,3954.738,1152.951,875.9686
"2025-10-23 19:45:00",202,"NAN",11.85,1205.097,1398.869,1416.87,679.7075,937.4415,508.7115,1595.849,2646.408,1081.599,662.4908,1227.031,982.1031,1082.54,1024.367,1073.144,3990.512,1119.844,856.9888,1254.499,1421.692,1442.111,703.6342,964.1672,537.6138,1617.679,2652.416,1106.025,686.5356,1254.586,1005.494,1110.151,1050.509,1103.284,3948.252,1152.594,881.8166
"2025-10-23 20:00:00",203,"NAN",11.88,1205.562,1397.364,1417.339,681.0332,935.6714,512.5015,1595.462,2609.761,1081.859,663.7132,1227.237,984.7162,1082.971,1027.431,1072.625,3989.353,1120.465,862.6502,1254.981,1421.2,1442.472,705.3065,962.6131,539.5973,1617.753,2591.706,1105.981,687.7058,1255.368,1008.641,1110.451,1053.515,1103.381,3951.221,1153.652,887.473
"2025-10-23 20:15:00",204,"NAN",11.87,1206.501,1398.027,1418.683,682.845,934.8305,514.2885,1596.196,2607.031,1081.477,665.3669,1228.445,987.6256,1082.709,1030.461,1073.072,3985.413,1121.884,867.8905,1256.968,1421.687,1444.006,707.337,962.0988,541.4691,1619.068,2585.594,1105.918,690.0739,1256.73,1011.401,1110.761,1057.474,1103.877,3936.013,1155.598,892.9252
"2025-10-23 20:30:00",205,"NAN",11.86,1207.599,1398.44,1414.486,682.3235,931.7844,514.1116,1591.105,2601.96,1077.682,665.1165,1225.21,985.5141,1083.32,1033.679,1068.133,3955.27,1117.82,866.9102,1257.615,1422.864,1440.971,707.377,959.5142,542.2542,1613.838,2608.532,1102.884,690.1103,1254.178,1010.066,1111.7,1060.358,1099.62,3913.937,1151.752,892.442
"2025-10-23 20:45:00",206,"NAN",11.85,1208.863,1400.819,1421.778,686.0214,933.4302,518.5398,1599.358,2604.572,1081.959,667.4231,1230.9,993.058,1083.396,1035.688,1073.534,3977.635,1124.01,875.9897,1260.034,1425.608,1447.918,711.4215,961.6501,546.9413,1623.524,2568.761,1106.729,692.6232,1260.679,1017.575,1111.873,1063.532,1105.374,3922.631,1158.67,901.6405
"2025-10-23 21:00:00",207,"NAN",11.84,1210.093,1403.782,1418.688,685.9314,931.429,519.2188,1595.633,2594.488,1078.029,667.7279,1228.831,991.2712,1083.215,1038.057,1070.202,3942.745,1121.145,873.8116,1261.354,1428.899,1445.099,711.6727,959.7378,547.8637,1619.681,2558.067,1103.259,693.4353,1258.89,1015.836,1111.661,1066.171,1102.432,3895.211,1155.953,899.6103
"2025-10-23 21:15:00",208,"NAN",11.87,1211.794,1406.309,1425.049,689.1591,932.8356,521.0784,1602.114,2608.141,1081.55,670.192,1234.038,996.9708,1083.585,1040.846,1074.186,3977.831,1124.705,878.9017,1262.842,1430.979,1451.09,714.2455,960.7999,549.2415,1625.382,2569.763,1106.572,695.4761,1263.032,1021.193,1112.022,1068.109,1105.939,3929.363,1158.805,903.8862
"2025-10-23 21:30:00",209,"NAN",11.87,1212.827,1408.483,1420.859,687.9981,930.0757,520.0344,1595.789,2582.449,1076.881,669.3392,1231.671,994.1378,1084.042,1043.028,1069.334,3959.548,1119.423,876.1106,1265.501,1434.932,1449.021,715.2495,960.0541,550.238,1620.59,2589.926,1104.184,696.2207,1262.636,1020.94,1114.28,1071.942,1102.889,3902.041,1155.35,903.009
"2025-10-23 21:45:00",210,"NAN",11.88,1213.688,1410.534,1421.552,688.9122,929.4559,521.0729,1601.647,2596.777,1076.176,669.4481,1232.42,994.1865,1083.642,1044.418,1069.226,3965.09,1119.218,878.1876,1266.719,1436.836,1450.181,716.5327,959.6957,551.7219,1626.672,2581.818,1103.61,697.0261,1263.792,1021.35,1114.397,1073.643,1103.138,3895.965,1155.464,905.0881
"2025-10-23 22:00:00",211,"NAN",11.88,1215.089,1413.058,1422.595,689.879,928.9604,522.8708,1604.098,2576.222,1075.622,669.6728,1233.444,995.799,1083.653,1046.009,1069.537,3961.244,1119.615,880.2443,1268.51,1439.634,1451.207,717.5822,959.2579,553.7654,1629.297,2595.575,1103.249,696.9255,1264.914,1022.899,1114.513,1075.571,1103.484,3897.553,1156.056,906.6968
"2025-10-23 22:15:00",212,"NAN",11.88,1216.853,1415.665,1424.019,691.0461,928.9001,523.8521,1606.115,2594.41,1075.094,670.8066,1235.208,997.707,1083.641,1047.668,1070.081,3964.313,1119.986,882.3196,1271.914,1443.103,1453.477,720.1271,960.5474,556.1691,1632.454,2595.819,1104.104,699.609,1267.69,1025.745,1116.186,1079.042,1105.018,3900.275,1157.748,910.3692
"2025-10-23 22:30:00",213,"NAN",11.87,1218.629,1417.75,1425.09,692.3282,929.1017,526.4791,1606.255,2591.479,1075.454,670.6058,1236.225,998.3842,1083.576,1049.159,1069.64,3961.463,1120.371,884.2113,1273.008,1445.338,1454.725,721.2236,960.3504,558.3905,1631.765,2598.579,1104.576,699.2667,1268.139,1026.615,1115.644,1079.686,1104.501,3899.436,1157.808,911.8854
"2025-10-23 22:45:00",214,"NAN",11.87,1220.133,1420.691,1426.449,693.4261,929.341,527.5555,1607.297,2592.683,1075.565,670.5021,1237.687,999.8159,1083.312,1050.323,1069.815,3953.741,1121.901,886.14,1275.191,1447.647,1456.264,722.2533,960.6464,559.5529,1633.268,2598.552,1104.341,699.4809,1269.802,1027.31,1115.596,1081.247,1104.249,3883.434,1159.252,913.486
"2025-10-23 23:00:00",215,"NAN",11.85,1221.607,1422.541,1428.13,694.5155,929.0832,529.053,1608.252,2589.055,1074.877,674.2936,1238.469,1000.472,1083.568,1051.549,1069.881,3951.17,1122.358,886.9929,1276.723,1450.229,1457.811,723.2724,960.592,561.1419,1634.561,2596.37,1103.693,702.9362,1270.916,1028.227,1115.433,1082.515,1104.946,3887.728,1160.382,914.0681
"2025-10-23 23:15:00",216,"NAN",11.87,1223.207,1424.818,1429.521,695.4039,929.1997,527.7557,1609.045,2599.87,1074.544,673.4054,1239.219,1001.038,1083.261,1053.116,1070.104,3963.593,1121.412,887.8945,1278.857,1453.14,1459.701,725.1703,961.5947,560.7272,1635.41,2604.678,1104.718,702.9949,1272.15,1029.327,1116.404,1084.42,1105.809,3893.663,1160.212,915.7715
"2025-10-23 23:30:00",217,"NAN",11.87,1224.12,1427.009,1430.823,696.2299,929.001,526.943,1610.07,2608.557,1073.88,671.6448,1240.324,1001.818,1083.333,1053.957,1070.186,3964.709,1121.983,889.5497,1280.351,1455.168,1461.07,725.9986,961.3626,560.1157,1636.92,2578.12,1103.144,701.2309,1273.771,1030.343,1116.3,1085.693,1105.833,3899.708,1160.363,916.9266
"2025-10-23 23:45:00",218,"NAN",11.88,1219.386,1423.124,1426.098,690.7301,923.0316,523.0972,1606.414,2611.618,1067.884,666.3795,1235.235,996.0015,1077.991,1049.174,1064.351,4001.868,1116.526,885.1017,1271.701,1447.953,1453.441,717.0795,951.7926,553.2097,1629.379,2618.883,1094.615,692.6242,1264.861,1021.112,1107.508,1076.951,1096.223,3932.666,1152.875,908.988
"2025-10-24 00:00:00",219,"NAN",11.85,1220.072,1424.95,1427.834,691.6268,923.075,523.0725,1597.645,2608.074,1068.908,667.1657,1235.605,999.618,1078.266,1049.666,1063.979,3992.191,1117.728,885.6689,1270.035,1447.838,1452.366,714.9326,949.134,549.7148,1618.672,2614.729,1092.611,690.1273,1262.669,1021.926,1104.812,1075.098,1093.381,3933.306,1151.577,906.8115
"2025-10-24 00:15:00",220,"NAN",11.86,1222.071,1427.304,1434.333,694.9302,925.7615,528.6566,1611.113,2636.613,1072.933,669.4506,1240.582,1003.961,1078.672,1051.339,1068.376,4011.429,1104.566,885.9193,1272.678,1450.662,1460.242,719.6016,952.9617,556.4539,1632.544,2602.697,1097.929,693.9514,1268.504,1027.566,1106.369,1077.316,1098.806,3954.187,1140.313,907.9069
"2025-10-24 00:30:00",221,"NAN",11.87,1224.02,1430.585,1435.917,696.3353,926.3341,526.8416,1616.071,2632.179,1073.663,670.2963,1241.239,1004.674,1079.402,1052.825,1069.001,4009.841,1087.102,885.4244,1274.093,1453.237,1459.281,719.4504,952.1804,553.2946,1635.236,2626.646,1096.308,693.205,1267.71,1026.365,1105.994,1078.397,1097.601,3932.79,1122.138,905.2646
"2025-10-24 00:45:00",222,"NAN",11.87,1225.112,1433.065,1432.16,694.9852,924.4977,524.7153,1611.269,2628.426,1069.11,669.0253,1237.799,1000.773,1079.335,1053.95,1065.219,3987.566,1090.374,880.9326,1274.479,1454.971,1456.009,717.9675,949.9765,550.8118,1630.315,2618.898,1092.763,691.5411,1264.204,1022.862,1105.238,1078.55,1094.045,3929.287,1125.61,901.6429
"2025-10-24 01:00:00",223,"NAN",11.88,1226.786,1436.156,1436.769,697.6032,926.6652,528.5889,1595.483,2635.405,1072.627,670.4174,1241.4,1005.079,1079.367,1055.075,1068.461,3993.55,1104.134,885.9843,1274.488,1456.17,1459.1,718.9223,950.4511,552.9187,1614.446,2625.842,1094.146,691.4141,1266.503,1025.173,1104.079,1078.19,1095.406,3946.26,1136.755,905.1154
"2025-10-24 01:15:00",224,"NAN",11.84,1227.772,1438.879,1434.607,697.1196,925.5104,527.0139,1587.838,2632.078,1070.046,669.7028,1240.091,1003.49,1079.634,1056.006,1065.552,3990.325,1107.158,883.8265,1275.047,1458.848,1456.411,717.6823,948.7163,550.7013,1606.27,2608.386,1091.107,690.2109,1264.005,1023.331,1103.698,1078.264,1091.861,3941.052,1138.979,902.3281
"2025-10-24 01:30:00",225,"NAN",11.88,1229.771,1442.104,1441.219,700.7019,928.4908,531.1594,1594.097,2648.838,1074.611,671.9168,1245.324,1008.899,1080.122,1056.718,1071.645,3999.597,1117.4,890.7183,1275.973,1460.893,1462.819,720.9245,951.2521,554.2863,1612.179,2619.264,1095.274,691.8334,1269.052,1028.039,1103.456,1078.571,1097.294,3956.345,1148.723,908.847
"2025-10-24 01:45:00",226,"NAN",11.87,1231.108,1445.383,1443.099,702.0274,929.1832,533.2664,1594.312,2652.176,1075.024,670.889,1245.947,1008.855,1080.449,1057.254,1072.586,3998.926,1120.97,892.3385,1276.863,1463.066,1463.06,720.5334,950.3925,554.8715,1611.264,2654.377,1094.267,689.4468,1268.136,1026.342,1102.301,1078.023,1097.24,3960.183,1150.613,908.985
"2025-10-24 02:00:00",227,"NAN",11.88,1232.73,1447.737,1444.479,703.1614,929.8312,535.5461,1595.371,2653.955,1076.036,671.6705,1246.234,1009.078,1080.516,1058.249,1072.454,3998.342,1123.301,893.8077,1278.934,1466.488,1465.318,722.363,951.6995,557.762,1612.842,2655.906,1095.589,691.0439,1269.437,1027.365,1102.562,1079.102,1097.819,3961.368,1153.568,910.8372
"2025-10-24 02:15:00",228,"NAN",11.87,1253.846,1495.289,1446.51,704.2579,930.6573,535.9371,1604.144,2652.148,1076.375,672.3254,1247.005,1010.449,1080.852,1058.815,1074.193,3998.103,1124.751,895.3003,1300.68,1514.423,1467.446,723.5678,952.8552,558.4557,1622.077,2657.488,1096.216,691.3384,1270.359,1028.715,1103.52,1080.288,1099.888,3952.885,1155.375,912.8694
"2025-10-24 02:30:00",229,"NAN",11.86,1255.453,1496.172,1446.798,704.7536,930.9534,535.1501,1611.594,2655.494,1076.513,671.4453,1247.289,1010.012,1080.401,1059.575,1075.112,3994.289,1125.191,896.8682,1301.5,1514.529,1467.018,724.1629,953.1071,557.6471,1628.921,2622.382,1096.01,690.8206,1270.176,1027.151,1102.828,1081.269,1099.708,3951.577,1154.919,912.71
"2025-10-24 02:45:00",230,"NAN",11.88,1255.583,1496.56,1447.105,705.4989,931.5568,536.918,1615.538,2654.858,1075.84,670.3622,1247.618,1009.115,1081.676,1060.893,1075.057,3984.55,1124.743,896.9678,1302.161,1514.832,1467.834,725.0799,953.6497,559.5121,1633.186,2642.196,1095.893,689.9604,1270.999,1027.369,1104.37,1082.171,1100.14,3947.235,1155.356,914.2871
"2025-10-24 03:00:00",231,"NAN",11.87,1257.35,1498.348,1448.573,706.607,932.1936,539.7376,1619.067,2658.518,1076.859,665.3806,1248.366,1009.259,1082.461,1061.509,1075.601,3985.84,1125.229,898.587,1303.453,1517.965,1469.734,725.9803,954.4272,562.4822,1637.074,2662.623,1096.92,684.6334,1271.55,1028.184,1104.809,1083.208,1101.325,3948.557,1155.657,915.2407
"2025-10-24 03:15:00",232,"NAN",11.87,1259.064,1500.229,1449.128,707.6915,933.2805,541.3734,1620.722,2657.878,1077.215,662.2833,1249.905,1009.28,1082.582,1062.76,1075.183,3981.597,1125.799,899.8817,1305.945,1519.307,1470.515,727.4335,955.6394,564.1484,1638.43,2645.735,1097.597,681.8029,1272.945,1028.069,1105.669,1084.164,1100.455,3939.139,1156.526,916.925
"2025-10-24 03:30:00",233,"NAN",11.89,1261.824,1504.871,1453.275,709.4571,934.738,543.0413,1624.618,2665.596,1079.426,664.4349,1252.217,1011.076,1083.834,1063.628,1077.221,3992.277,1127.345,903.3704,1308.733,1523.917,1474.652,729.4383,957.1921,566.0708,1642.274,2650.107,1099.817,684.0379,1275.656,1030.262,1106.531,1085.291,1102.692,3948.245,1157.683,920.4203
"2025-10-24 03:45:00",234,"NAN",11.86,1262.912,1505.98,1455.142,710.6619,934.394,544.1981,1626.457,2655.642,1079.758,664.1022,1252.963,1009.913,1084.474,1064.113,1079.13,3990.642,1127.902,905.1421,1307.913,1523.417,1474.118,728.2601,954.7497,565.0135,1642.214,2638.433,1097.895,681.7575,1274.556,1026.534,1104.86,1083.84,1102.878,3955.361,1156.736,920.04
"2025-10-24 04:00:00",235,"NAN",11.88,1262.678,1504.371,1454.686,710.7208,934.6531,544.2617,1624.865,2653.605,1078.984,663.063,1252.432,1007.109,1084.537,1064.834,1079.141,3982.537,1127.306,905.9481,1309.672,1523.097,1474.914,729.9432,956.6882,566.5941,1641.525,2662.62,1098.836,682.1353,1275.263,1024.729,1106.545,1085.89,1104.213,3942.346,1157.786,922.0173
"2025-10-24 04:15:00",236,"NAN",11.86,1266.03,1508.828,1458.015,712.5323,936.7651,546.8882,1630.076,2655.889,1081.43,665.0265,1254.757,1008.714,1085.372,1065.687,1081.437,3992.617,1129.347,911.6547,1312.605,1527.544,1478.674,731.965,958.8032,569.4432,1647.061,2647.439,1101.546,684.4083,1277.511,1027.097,1107.526,1086.925,1106.529,3953.058,1159.662,927.7917
"2025-10-24 04:30:00",237,"NAN",11.86,1266.321,1507.272,1457.821,712.9338,937.2405,541.7036,1629.504,2658.437,1080.89,667.1459,1254.177,1008.12,1085.995,1065.765,1080.778,3979.743,1128.975,912.7648,1313.536,1526.106,1478.747,732.5255,959.6158,564.5801,1647.288,2663.042,1100.807,686.8073,1277.63,1026.517,1108.481,1087.885,1105.803,3943.115,1159.53,928.7903
"2025-10-24 04:45:00",238,"NAN",11.87,1268.977,1510.719,1461.083,714.8839,939.2638,543.0862,1625.796,2667.751,1082.887,666.7098,1256.344,1008.398,1086.814,1067.266,1082.253,3988.163,1130.738,916.1271,1315.788,1529.677,1481.369,734.3384,961.4131,565.7526,1643.652,2668.556,1102.533,686.0101,1279.705,1026.763,1108.899,1088.765,1107.603,3952.586,1161.273,932.3147
"2025-10-24 05:00:00",239,"NAN",11.87,1270.592,1511.18,1462.458,716.1242,940.4585,545.7356,1612.951,2654.922,1083.018,667.4277,1257.638,1008.769,1087.536,1068.209,1082.643,3984.637,1131.039,914.1605,1317.321,1530.19,1483.175,735.4645,962.5162,568.2943,1630.676,2639.838,1102.746,686.6329,1280.719,1027.532,1109.419,1089.21,1107.868,3942.867,1161.197,930.4883
"2025-10-24 05:15:00",240,"NAN",11.88,1272.321,1512.518,1463.606,717.0836,941.6133,544.1843,1616.145,2657.544,1083.258,670.3607,1257.324,1007.049,1087.862,1069.288,1080.991,3977.777,1129.695,914.8348,1317.805,1528.414,1483.163,736.2771,963.2859,566.1533,1631.962,2634.716,1102.654,690.0663,1281.232,1025.856,1110.527,1091.023,1106.376,3936.843,1160.154,931.9108
"2025-10-24 05:30:00",241,"NAN",11.86,1272.494,1509.968,1462.991,717.5327,941.8596,545.0364,1595.921,2656.115,1082.645,671.8277,1258.002,1008.826,1088.714,1069.996,1080.764,3972.217,1130.963,918.2662,1319.331,1529.218,1483.364,736.8229,963.9931,567.4537,1634.484,2659.17,1102.51,691.3264,1281.616,1027.008,1110.488,1091.583,1106.222,3932.988,1161.297,935.088
"2025-10-24 05:45:00",242,"NAN",11.83,1275.5,1513.912,1465.903,719.5244,943.6153,548.0489,1627.613,2671.073,1084.106,675.1096,1260.249,1010.372,1089.306,1071.44,1083.371,3977.363,1133.262,921.8008,1321.625,1532.037,1486.205,738.2162,965.0397,569.8319,1644.458,2672.092,1103.104,693.7386,1283.081,1028.181,1110.722,1091.703,1107.921,3935.939,1162.622,937.8159
"2025-10-24 06:00:00",243,"NAN",11.87,1277.374,1515.538,1467.61,720.5432,944.7922,549.6722,1624.732,2659.542,1084.865,677.2986,1261.468,1011.205,1089.547,1071.878,1084.628,3975.51,1134.863,923.5255,1322.191,1531.454,1485.828,737.4568,964.3998,569.5599,1640.037,2640.376,1102.114,693.8851,1282.151,1026.736,1109.225,1090.909,1107.097,3945.955,1162.118,937.8015
"2025-10-24 06:15:00",244,"NAN",11.85,1279.33,1516.392,1469.884,721.9687,946.1146,550.9781,1613.832,2675.075,1086.175,676.6533,1262.73,1011.538,1090.446,1072.806,1085.281,3973.303,1136.584,924.663,1328.811,1536.928,1492.545,743.817,970.7468,576.1125,1633.77,2638.118,1107.765,698.5082,1288.689,1031.879,1114.629,1096.576,1112.734,3915.998,1168.661,943.3561
"2025-10-24 06:30:00",245,"NAN",11.86,1280.087,1514.047,1469.673,722.4313,946.5133,547.2397,1617.602,2665.74,1087.22,673.0786,1262.574,1009.16,1091.156,1073.845,1083.99,3962.07,1137.79,923.8248,1330.483,1535.102,1493.191,744.7089,971.4327,573.5765,1636.994,2670.089,1110.057,695.5009,1288.529,1030.19,1116.348,1098.005,1112.149,3909.13,1170.017,943.6116
"2025-10-24 06:45:00",246,"NAN",11.88,1282.975,1516.827,1472.671,723.8245,948.1847,550.1187,1621.549,2677.159,1089.785,674.6757,1264.307,1007.294,1091.81,1074.416,1084.614,3963.534,1140.853,926.0111,1333.759,1538.603,1495.883,746.5143,973.5149,576.0323,1642.407,2632.883,1112.028,697.1383,1291.144,1028.844,1116.978,1099.013,1112.853,3912.963,1172.997,945.5115
"2025-10-24 07:00:00",247,"NAN",11.87,1288.145,1523.97,1478.153,726.5054,951.1976,551.4969,1626.835,2686.873,1092.874,676.058,1268.341,1006.954,1093.355,1075.695,1087.675,3970.316,1144.053,929.1965,1339.104,1545.37,1501.103,748.8849,976.3432,576.8542,1646.913,2649.238,1115.207,698.205,1294.242,1027.969,1118.319,1100.02,1115.458,3916.771,1176.487,948.3339
"2025-10-24 07:15:00",248,"NAN",11.84,1269.924,1474.254,1482.137,728.278,953.4753,550.1981,1628.351,2689.927,1095.929,675.3932,1270.751,1005.901,1095.232,1076.726,1088.939,3972.724,1147.035,929.0663,1323.027,1494.377,1503.657,749.4164,977.3027,574.2772,1647.447,2657.343,1117.284,696.3942,1295.751,1025.968,1118.948,1099.899,1115.582,3927.255,1178.59,946.7664
"2025-10-24 07:30:00",249,"NAN",11.87,1273.198,1481.368,1484.543,729.0376,954.882,548.7269,1629.219,2712.967,1097.737,673.6711,1272.391,1004.398,1095.131,1076.419,1089.001,3984.949,1147.919,928.1155,1319.899,1499.822,1504.279,747.2328,975.6701,570.0157,1645.099,2692.485,1116.724,691.6105,1294.233,1021.899,1115.904,1096.362,1112.807,3950.823,1176.674,943.2526
"2025-10-24 07:45:00",250,"NAN",11.87,1277.035,1490.093,1488.707,730.0423,957.3041,545.8969,1632.224,2768.13,1099.929,674.2122,1276.051,1004.439,1096.632,1077.118,1092.912,4006.317,1150.025,927.423,1323.891,1506.651,1506.905,747.5215,977.2599,566.1322,1647.854,2739.988,1117.412,691.3,1297.003,1020.517,1116.826,1096.513,1115.525,3974.835,1178.172,941.8539
"2025-10-24 08:00:00",251,"NAN",11.84,1281.106,1496.991,1490.616,730.5767,958.8661,543.8773,1637.591,2812.557,1101.683,674.6245,1277.825,1004.968,1099.912,1078.715,1094.495,4002.611,1151.279,922.9829,1327.309,1512.659,1508.568,747.3531,978.4519,563.5802,1652.566,2795.294,1119.158,691.5815,1298.086,1020.694,1119.562,1097.56,1117.12,3978.834,1179.076,937.3188
"2025-10-24 08:15:00",252,"NAN",11.86,1283.559,1501.135,1495.599,732.2009,962.0538,542.2767,1646.126,2845.351,1106.005,677.1375,1282.46,1012.887,1102.419,1079.811,1099.05,4041.26,1153.623,920.5667,1328.527,1512.786,1513.152,748.4985,981.2326,561.4848,1661.101,2816.257,1122.604,693.0002,1302.749,1028.469,1121.27,1098.3,1120.813,4022.954,1181.161,934.4421
"2025-10-24 08:30:00",253,"NAN",11.87,1285.793,1508.094,1497.283,732.8237,964.0284,537.6828,1653.482,2884.432,1109.35,679.0062,1286.032,1017.105,1104.985,1080.825,1101.046,4057.638,1154.431,915.3469,1326.91,1518.946,1510.612,743.6221,977.6266,551.2082,1662.949,2882.299,1121.506,689.7918,1300.834,1026.913,1118.983,1093.881,1117.642,4057.547,1176.585,923.7216
"2025-10-24 08:45:00",254,"NAN",11.86,1288.562,1514.114,1500.997,733.9386,966.65,535.0577,1656.808,2937.996,1113.617,678.761,1289.406,1017.792,1108.69,1081.889,1103.16,4065.333,1155.825,908.4954,1329.354,1525.56,1513.56,744.4792,979.8588,548.0078,1666.769,2935.408,1124.891,689.089,1304.181,1028.061,1121.589,1094.28,1119.763,4065.419,1177.886,917.1903
"2025-10-24 09:00:00",255,"NAN",11.87,1289.297,1518.439,1503.495,734.4794,968.3163,530.9713,1658.58,3068.109,1117.226,682.5968,1292.438,1018.988,1110.495,1081.13,1103.484,4074.069,1156.097,899.4669,1330.771,1530.445,1515.748,744.9711,981.7077,543.8192,1668.865,3061.247,1128.583,692.9898,1307.469,1028.865,1123.665,1093.781,1120.156,4074.742,1178.087,908.742
"2025-10-24 09:15:00",256,"NAN",11.87,1292.187,1525.202,1505.69,735.736,971.0241,528.0466,1663.13,3140.459,1120.366,681.8494,1295.64,1013.85,1113.89,1083.046,1104.063,4077.755,1156.894,888.2313,1333.199,1536.418,1518.264,746.1898,984.2606,540.8356,1672.694,3146.821,1132.188,692.5878,1310.366,1023.65,1127,1095.687,1120.61,4079.238,1179.114,898.5369
"2025-10-24 09:30:00",257,"NAN",11.87,1297.119,1535.723,1513.495,741.5884,978.1862,526.169,1668.826,3166.702,1124.463,680.8549,1302.647,1015.709,1120.222,1088.328,1102.275,4081.825,1160.517,880.74,1338.451,1547.361,1526.041,751.7538,991.5876,538.8977,1678.696,3160.082,1135.96,691.1923,1317.689,1026.002,1132.853,1100.663,1119.113,4085.938,1182.808,891.2153
"2025-10-24 09:45:00",258,"NAN",11.87,1298.198,1542.515,1514.057,744.8526,982.179,519.6871,1669.178,3165.691,1123.011,678.728,1306.842,1013.869,1123.577,1090.17,1096.054,4057.828,1155.943,862.9969,1339.371,1554.914,1526.721,755.373,995.6519,532.7655,1679.146,3160.681,1134.767,689.1586,1321.691,1024.732,1136.585,1102.643,1113.223,4062.523,1178.688,874.4791
"2025-10-24 10:00:00",259,"NAN",11.87,1300.438,1552.756,1517.091,748.4229,988.0435,515.0458,1671.577,3169.903,1124.467,679.1208,1317.245,1009.636,1127.88,1094.642,1093.801,4055.911,1154.143,858.3751,1342.099,1564.2,1529.834,759.2067,1001.701,527.8673,1681.612,3169.115,1136.592,689.7818,1331.898,1021.2,1141.829,1107.095,1111.26,4060.075,1177.237,870.3168
"2025-10-24 10:15:00",260,"NAN",11.86,1304.215,1564.377,1529.721,757.796,996.7382,513.5232,1676.686,3183.244,1129.508,678.4213,1335.487,1015.062,1136.372,1102.42,1078.5,4087.568,1157.533,874.3459,1346.866,1576.372,1542.278,768.8831,1010.681,526.8549,1686.541,3188.968,1142.075,689.7244,1350.007,1025.524,1150.201,1115.823,1095.962,4092.499,1180.456,885.9655
"2025-10-24 10:30:00",261,"NAN",11.87,1306.453,1574.84,1533.502,765.0239,1008.36,507.327,1671.477,3177.155,1127.318,675.2723,1345.036,1016.419,1159.855,1135.99,1069.286,4068.623,1153.558,869.4538,1349.726,1587.133,1546.167,775.8967,1022.365,520.512,1682.312,3162.635,1139.442,686.3447,1359.83,1027.145,1173.217,1149.402,1087.593,4073.721,1176.845,881.8563
"2025-10-24 10:45:00",262,"NAN",11.87,1316.771,1592.889,1554.444,784.1041,1035.98,508.7274,1686.748,3197.763,1133.548,675.4595,1370.558,1033.184,1179.434,1156.517,1072.271,4096.507,1158.229,870.5266,1360.287,1604.93,1566.433,795.5368,1050.161,522.3583,1697.472,3182.698,1146.026,687.3947,1385.307,1043.358,1192.701,1170.453,1090.597,4099.431,1181.816,883.2322
"2025-10-24 11:00:00",263,"NAN",11.87,1329.975,1614.304,1574.559,807.9839,1068.836,507.9821,1690.111,3183.262,1135.695,674.4128,1384.116,1045.276,1180.391,1141.724,1070.084,4111.27,1159.369,866.6827,1373.55,1626.299,1586.987,819.0363,1082.794,521.9523,1701.534,3176.746,1148.224,685.9976,1399.373,1056.272,1193.231,1154.657,1089.261,4112.01,1183.102,879.5674
"2025-10-24 11:15:00",264,"NAN",11.87,1340.766,1631.361,1594.136,829.8062,1094.269,506.3194,1698.549,3187.839,1139.254,674.1494,1404.893,1056.861,1210.326,1186.079,1067.791,4138.047,1161.582,864.3781,1384.634,1643.931,1606.299,841.1342,1108.292,520.5129,1709.623,3179.086,1152.182,686.0728,1419.717,1068.034,1223.403,1199.34,1087.181,4137.029,1185.658,877.9769
"2025-10-24 11:30:00",265,"NAN",11.84,1357.655,1645.355,1616.153,857.0742,1122.251,508.2781,1703.307,3184.397,1140.977,674.4877,1419.871,1069.882,1214.599,1174.693,1070.423,4134.844,1162.991,862.1791,1401.806,1658.31,1628.544,868.4804,1136.437,522.9522,1714.622,3171.587,1154.197,687.0646,1435.15,1081.153,1227.372,1187.937,1090.325,4133.319,1187.356,876.0949
"2025-10-24 11:45:00",266,"NAN",11.87,1364.426,1668.938,1632.948,872.0804,1141.157,506.4949,1707.073,3178.53,1141.257,672.9503,1430.011,1082.738,1228.746,1186.758,1069.01,4140.992,1163.972,860.5945,1409.413,1681.861,1645.093,884.1802,1155.692,521.7105,1718.942,3156.453,1155.251,685.8822,1445.461,1094.707,1241.558,1200.141,1089.407,4133.07,1188.838,874.8917
"2025-10-24 12:00:00",267,"NAN",11.87,1376.672,1680.869,1639.481,890.369,1153.392,504.5242,1709.971,3180.649,1142.191,674.418,1437.495,1095.01,1237.753,1195.79,1068.196,4134.06,1165.284,858.7042,1422.214,1694.274,1652.335,902.7638,1168.356,520.0952,1722.133,3163.024,1156.353,688.1163,1453.353,1106.896,1251.619,1209.948,1088.802,4128.593,1190.325,873.835
"2025-10-24 12:15:00",268,"NAN",11.84,1389.977,1690.9,1653.318,906.8769,1159.45,504.6037,1716.286,3164.93,1142.879,672.6242,1445.719,1104.721,1265.727,1232.887,1066.551,4125.45,1165.326,854.6253,1435.627,1703.967,1666.569,919.8621,1174.919,520.8732,1727.953,3144.07,1158.3,686.8721,1461.45,1117.412,1280.554,1248.205,1087.601,4111.226,1191.079,870.4115
"2025-10-24 12:30:00",269,"NAN",11.88,1406.301,1702.277,1666.551,923.7455,1177.427,507.1435,1716.496,3164.334,1144.447,671.2736,1454.724,1110.18,1280.407,1245.47,1066.515,4115.166,1167.337,850.0436,1452.332,1716.093,1679.549,936.6633,1192.996,523.8832,1729.314,3139.263,1159.538,685.7242,1471.482,1121.108,1294.703,1260.965,1088.746,4102.604,1192.834,866.3851
"2025-10-24 12:45:00",270,"NAN",11.87,1416.779,1705.934,1670.989,930.5975,1182.059,508.6566,1719.531,3161.53,1146.888,670.7464,1444.792,1104.311,1291.361,1241.102,1066.464,4098.729,1165.75,843.7273,1463.08,1720.648,1685.553,944.2541,1198.329,526.1929,1732.665,3140.655,1162.789,685.9386,1462.47,1118.462,1306.049,1257.02,1089.355,4085.982,1192.302,861.1934
"2025-10-24 13:00:00",271,"NAN",11.86,1421.268,1710.571,1675.179,932.9615,1181.706,512.601,1720.347,3157.337,1146.913,671.092,1459.994,1095.606,1291.213,1258.372,1067.417,4094.438,1163.689,838.1094,1468.128,1724.443,1689.022,947.0462,1198.362,530.2751,1733.767,3129.497,1162.953,686.7691,1477.18,1109.249,1306.38,1274.485,1089.775,4079.143,1190.502,855.4419
"2025-10-24 13:15:00",272,"NAN",11.87,1404.847,1691.824,1660.164,917.8107,1165.954,502.3764,1712.03,3157.619,1136.339,664.9411,1443.919,1076.195,1275.854,1233.61,1066.476,4150.72,1157.501,829.4164,1451.097,1706.614,1675.39,932.5268,1183.264,520.5457,1726.004,3119.259,1153.108,681.3325,1461.976,1090.891,1291.956,1250.705,1089.414,4126.604,1184.973,847.765
"2025-10-24 13:30:00",273,"NAN",11.84,1366.205,1658.05,1634.317,883.9553,1136.139,502.6938,1689.683,3142.692,1128.934,662.0332,1416.053,1046.831,1241.376,1193.532,1066.609,4168.903,1152.574,828.1248,1561.773,1807.355,1785.715,1057.925,1309.361,687.6097,1836.13,2820.674,1296.708,840.5058,1583.305,1220.394,1412.182,1366.213,1249.182,3646.525,1328.838,1009.103
"2025-10-24 13:45:00",274,"NAN",11.87,1370.503,1673.254,1632.111,892.5991,1148.01,510.9135,1692.753,3153.566,1131.815,666.1269,1420.685,1055.64,1258.448,1207.232,1068.721,4139.661,1154.23,833.928,1565.084,1819.771,1783.864,1066.075,1319.779,694.1901,1837.873,2834.437,1299.471,844.2323,1586.126,1228.483,1428.578,1378.557,1249.86,3609.718,1329.645,1013.685
"2025-10-24 14:00:00",275,"NAN",11.86,1335.011,1637.75,1611.293,857.7125,1115.584,509.8134,1680.321,3126.745,1123.679,663.4201,1393.131,1026.189,1219.896,1166.351,1070.243,4165.192,1150.263,835.2241,1532.561,1787.98,1764.906,1033.088,1289.948,694.6409,1828.236,2748.07,1290.859,842.1813,1561.905,1200.451,1392.326,1341.116,1252.551,3633.308,1326.77,1015.716
"2025-10-24 14:15:00",276,"NAN",11.86,1353.599,1665.334,1639.96,889.8132,1142.517,510.7778,1685.594,3163.333,1125.382,666.5975,1406.096,1053.177,1248.568,1198.206,1068.394,4170.793,1150.263,839.0455,1549.51,1813.233,1790.438,1063.486,1314.952,694.9771,1832.724,2790.917,1291.976,845.0563,1573.535,1225.789,1418.863,1370.84,1250.416,3651.916,1326.637,1019.284
"2025-10-24 14:30:00",277,"NAN",11.86,1325.943,1639.845,1614.373,863.8605,1115.852,507.8446,1671.837,3136.218,1116.772,663.5697,1384.112,1029.083,1217.994,1165.229,1065.092,4180.561,1145.244,838.5631,1523.478,1791.369,1767.62,1039.275,1290.057,692.5578,1820.728,2820.184,1285.256,842.3068,1553.591,1203.347,1390.001,1339.494,1247.594,3648.21,1322.445,1019.318
"2025-10-24 14:45:00",278,"NAN",11.87,1307.139,1610.318,1586.238,831.0597,1092.379,511.0222,1666.89,3127.883,1110.767,664.0915,1362.25,1002.076,1193.298,1139.016,1063.246,4191.945,1142.215,841.1838,1504.913,1761.148,1743.297,1007.167,1267.837,696.1378,1814.61,2788.221,1279.839,843.782,1531.92,1178.068,1367.158,1313.727,1244.99,3645.579,1320.014,1021.473
"2025-10-24 15:00:00",279,"NAN",11.87,1302.799,1603.871,1575.704,819.6839,1081.748,513.2165,1664.417,3130.239,1109.674,665.3893,1351.963,1000.737,1167.587,1102.148,1061.349,4188.914,1141.425,845.4595,1501.536,1756.332,1732.311,996.4855,1257.645,698.1806,1813.578,2798.792,1278.382,844.5962,1522.045,1176.441,1342.492,1278.588,1243.26,3664.5,1318.934,1025.742
"2025-10-24 15:15:00",280,"NAN",11.86,1294.067,1584.774,1554.472,798.1738,1066.34,514.8813,1658.862,3123.739,1103.539,665.2463,1334.967,990.4402,1172.11,1119.101,1057.846,4198.933,1136.405,846.342,1492.834,1739.712,1713.064,975.8093,1243.475,700.6465,1808.687,2802.943,1273.382,845.143,1506.814,1167.52,1347.39,1296.108,1241.038,3643.497,1314.023,1026.7
"2025-10-24 15:30:00",281,"NAN",11.86,1287.615,1568.504,1535.649,779.0646,1053.454,517.9365,1654.663,3114.359,1096.811,663.7621,1319.999,979.0662,1163.744,1110.636,1053.958,4199.042,1132.248,848.3749,1486.738,1724.331,1696.724,957.9332,1230.98,704.1274,1804.896,2793.67,1268.09,843.7677,1492.342,1156.99,1339.923,1288.548,1237.139,3663.894,1310.751,1028.791
"2025-10-24 15:45:00",282,"NAN",11.84,1285.179,1556.701,1522.936,766.2925,1044.108,521.8159,1653.308,3108.169,1093.612,663.845,1309.235,980.4268,1159.957,1109.408,1053.849,4185.68,1130.423,852.5926,1485.607,1713.45,1683.64,945.6342,1222.313,707.5073,1803.855,2763.735,1264.326,844.3674,1483.181,1157.229,1336.434,1288.143,1237.019,3627.997,1308.769,1032.79
"2025-10-24 16:00:00",283,"NAN",11.86,1293.254,1557.39,1526.804,765.0637,1045.142,530.9768,1663.18,3114.46,1101.208,669.3671,1311.351,996.9104,1167.958,1122.569,1061.474,4149.567,1138.325,864.7261,1493.628,1713.564,1688.3,944.5626,1223.358,716.8376,1812.565,2737.869,1271.912,849.9473,1484.836,1173.995,1344.533,1300.156,1244.254,3606.197,1316.627,1044.404
"2025-10-24 16:15:00",284,"NAN",11.83,1301.021,1570.708,1548.196,789.7809,1063.296,535.9394,1666.636,3141.884,1105.89,674.183,1319.792,1017.802,1170.932,1117.116,1063.383,4149.533,1143.021,870.6132,1501.45,1726.243,1707.958,969.1533,1240.754,722.1462,1815.657,2814.828,1276.705,854.5813,1492.349,1194.561,1346.439,1294.59,1246.37,3629.2,1321.575,1050.65
"2025-10-24 16:30:00",285,"NAN",11.87,1287.54,1559.59,1528.48,779.7676,1050.002,530.3845,1656.547,3150.842,1094.639,670.6907,1305.365,999.3211,1152.86,1103.136,1055.458,4186.461,1134.916,864.6589,1487.943,1716.149,1690.226,959.4125,1228.089,716.5495,1806.923,2815.034,1266.037,851.1774,1479.42,1177.058,1330.034,1281.064,1238.731,3633.592,1313.225,1045.049
"2025-10-24 16:45:00",286,"NAN",11.84,1280.181,1545.344,1509.281,762.123,1036.658,532.3302,1652.626,3138.239,1088.639,668.9266,1292.799,983.9275,1141.11,1092.5,1051.646,4193.533,1131.78,865.4785,1481.558,1702.697,1672.081,942.5887,1215.907,719.0736,1803.757,2788.899,1259.865,850.5533,1468.069,1161.56,1319.621,1272.311,1235.343,3638.908,1311.38,1045.812
"2025-10-24 17:00:00",287,"NAN",11.87,1281.44,1540.541,1505.394,755.1393,1031.963,537.8564,1655.403,3136.066,1091.132,673.0021,1290.395,991.4526,1141.537,1094.952,1053.714,4180.217,1135.566,871.9977,1482.065,1700.007,1668.823,935.3641,1211.474,724.8599,1806.782,2775.369,1262.416,853.1601,1466.558,1169.775,1318.941,1273.375,1237.943,3634.834,1314.935,1051.985
"2025-10-24 17:15:00",288,"NAN",11.85,1279.2,1536.239,1497.934,748.9051,1024.281,539.5803,1653.998,3147.745,1088.67,672.6179,1285.586,995.2914,1138.403,1095.854,1052.246,4183.698,1134.25,873.5771,1480.99,1695.109,1661.258,929.5941,1203.916,726.2457,1805.852,2784.607,1259.563,853.5047,1461.065,1172.485,1315.895,1275.679,1235.637,3657.248,1313.309,1053.263
"2025-10-24 17:30:00",289,"NAN",11.86,1276.291,1527.938,1489.718,742.9781,1016.577,541.5304,1651.532,3144.122,1083.573,666.6921,1278.567,993.3165,1135.709,1095.837,1049.342,4183.944,1131.255,874.91,1477.7,1688.284,1653.548,923.5059,1195.758,728.2462,1803.91,2760.734,1254.318,847.3549,1455.525,1171.153,1312.768,1275.45,1233.746,3650.306,1310.426,1054.464
"2025-10-24 17:45:00",290,"NAN",11.86,1274.724,1520.716,1484.007,738.813,1010.052,543.594,1649.983,3139.416,1080.342,671.6969,1274.073,992.4241,1133.57,1097.18,1047.678,4180.709,1128.985,877.1094,1475.539,1680.85,1648.873,919.7571,1189.271,730.0763,1801.769,2794.292,1252.109,851.9343,1450.501,1171.1,1311.03,1275.794,1231.553,3622.734,1308.822,1056.516
"2025-10-24 18:00:00",291,"NAN",11.85,1272.406,1513.67,1479.988,736.6102,1003.981,546.6277,1648.554,3134.898,1076.332,673.5171,1270.042,992.5089,1131.24,1098.512,1045.688,4173.929,1126.685,879.8704,1473.53,1674.094,1644.884,917.2073,1183.769,733.3965,1801.067,2791.933,1247.527,853.9717,1446.562,1170.466,1308.54,1277.929,1229.707,3625.043,1306.191,1058.566
"2025-10-24 18:15:00",292,"NAN",11.87,1271.067,1507.151,1476.222,734.8691,998.5756,549.2809,1647.195,3123.621,1075.433,676.6691,1266.945,992.2954,1130.057,1099.843,1044.084,4170.415,1124.446,883.3687,1471.871,1667.925,1641.002,915.5051,1178.007,735.9374,1799.838,2717.708,1245.466,856.9734,1444.011,1169.241,1307.657,1279.313,1228.141,3614.618,1303.832,1061.339
"2025-10-24 18:30:00",293,"NAN",11.87,1270.811,1501.454,1471.864,734.191,993.6351,552.2908,1621.305,3105.736,1072.664,681.5623,1264.432,990.2997,1129.011,1102.636,1042.113,4153.124,1122.515,884.627,1466.504,1657.046,1632.414,909.4653,1167.663,733.4583,1769.848,2764.382,1238.467,856.2157,1435.512,1163.371,1301.992,1275.883,1220.75,3638.95,1294.795,1057.505
"2025-10-24 18:45:00",294,"NAN",11.86,1270.011,1495.966,1471.101,735.9063,989.7766,555.5142,1636.506,3089.353,1072.733,673.2496,1262.962,990.3589,1129.167,1104.477,1041.17,4150.804,1121.855,886.8289,1465.387,1652.539,1631.991,911.6132,1164.677,736.8264,1785.348,2679.769,1237.734,848.533,1434.681,1162.893,1301.827,1278.109,1219.847,3615.949,1295.043,1058.921
"2025-10-24 19:00:00",295,"NAN",11.85,1269.773,1491.926,1470.214,737.3187,986.3887,559.1595,1639.867,3070.565,1071.193,678.5018,1257.728,995.1473,1128.072,1107.356,1041.258,4150.266,1121.684,885.3544,1465.121,1647.8,1630.968,913.1083,1160.906,740.3768,1788.095,2633.837,1235.539,853.9167,1429.289,1166.958,1301.554,1281.105,1219.314,3622.326,1294.207,1058.039
"2025-10-24 19:15:00",296,"NAN",11.85,1269.785,1487.689,1470.181,739.1637,983.4073,557.1633,1639.491,3050.485,1071.584,683.5814,1254.145,999.4637,1127.685,1109.946,1040.731,4143.378,1121.254,891.0635,1465.178,1644.536,1630.698,914.331,1158.455,738.3914,1788.351,2610.22,1235.058,858.2028,1426.356,1171.42,1300.295,1283.283,1219.236,3636.035,1293.832,1062.831
"2025-10-24 19:30:00",297,"NAN",11.83,1270.112,1484.871,1469.054,740.1768,980.5737,560.4357,1638.074,3035.552,1071.028,686.3678,1254.091,1003.12,1125.292,1112.745,1040.214,4140.045,1120.693,896.0375,1465.78,1641.83,1629.45,915.5172,1155.498,741.3311,1786.447,2639.817,1235.679,861.1907,1426.038,1174.496,1297.906,1286.331,1218.282,3605.769,1293.087,1067.318
"2025-10-24 19:45:00",298,"NAN",11.87,1270.552,1481.083,1468.271,741.6245,977.7568,563.202,1637.112,3007.003,1070.39,690.4156,1250.953,1005.721,1125.401,1115.576,1038.96,4136.549,1120.125,900.7169,1464.607,1638.147,1628.699,916.821,1152.46,743.8519,1784.494,2593.931,1235.237,865.2631,1422.254,1177.362,1298.285,1288.759,1217.022,3609.435,1293.223,1072.249
"2025-10-24 20:00:00",299,"NAN",11.86,1270.58,1477.184,1468.117,743.5684,975.0677,566.6205,1638.59,2974.988,1070.118,693.1191,1248.981,1009.288,1124.643,1118.679,1037.828,4130.168,1119.832,905.782,1464.653,1634.751,1629.51,919.1602,1149.916,747.7255,1786.738,2522.218,1233.883,867.595,1420.853,1180.922,1297.226,1291.774,1215.918,3603.055,1292.69,1077.443
"2025-10-24 20:15:00",300,"NAN",11.84,1271.542,1462.394,1468.546,745.4988,973.1348,570.9789,1637.386,2948.509,1069.246,707.9797,1249.004,1011.487,1123.422,1122.138,1037.415,4125.834,1119.557,898.4518,1465.549,1619.628,1628.807,920.6063,1147.807,751.6375,1784.752,2429.799,1232.514,882.2747,1420.314,1182.321,1296.563,1295.105,1215.023,3611.105,1292.213,1070.077
"2025-10-24 20:30:00",301,"NAN",11.86,1272.204,1460.174,1469.448,747.4757,970.8281,574.2877,1642.117,2938.108,1069.302,710.7453,1248.723,1014.367,1123.085,1124.981,1035.881,4119.793,1119.192,901.0538,1464.224,1616.164,1627.541,919.7794,1143.182,752.3955,1787.879,2443.75,1229.475,882.2038,1418.424,1182.672,1292.417,1295.379,1211.529,3592.839,1288.554,1069.944
"2025-10-24 20:45:00",302,"NAN",11.87,1273.305,1462.015,1470.206,749.7709,969.2386,576.8358,1641.975,2917.604,1068.861,712.8419,1249.396,1016.966,1122.4,1128.37,1035.325,4115.258,1120.045,909.7869,1464.999,1617.32,1628.791,922.3928,1141.389,754.7596,1786.51,2475.905,1230.079,884.3124,1418.549,1185.434,1292.345,1298.093,1210.877,3593.678,1289.318,1078.554
"2025-10-24 21:00:00",303,"NAN",11.87,1274.485,1463.905,1471.094,751.7186,967.7488,579.6159,1644.038,2903.94,1068.623,714.6592,1251.001,1019.488,1121.818,1131.61,1034.807,4111.049,1120.642,911.13,1466.015,1618.721,1628.576,923.9642,1139.421,756.8317,1788.611,2483.324,1229.577,886.0513,1419.769,1186.909,1291.364,1300.868,1209.612,3578.816,1289.091,1079.164
"2025-10-24 21:15:00",304,"NAN",11.86,1275.734,1466.147,1472.594,753.8378,966.7517,582.4966,1648.332,2896.925,1068.552,716.4847,1252.209,1021.542,1120.955,1134.168,1035.011,4103.313,1121.494,914.6713,1466.93,1620.709,1629.36,925.192,1137.989,759.3799,1793.016,2445.698,1227.624,886.8889,1420.328,1188.478,1289.788,1303.464,1209.275,3581.968,1289.215,1082.034
"2025-10-24 21:30:00",305,"NAN",11.83,1276.939,1467.364,1474.039,756.2019,965.0351,584.9407,1653.667,2890.519,1068.708,718.3701,1252.958,1024.597,1119.666,1136.883,1034.689,4101.646,1123.261,918.4664,1468.131,1622.892,1631.21,927.5699,1136.512,761.8679,1798.037,2440.468,1227.75,888.4752,1421.793,1191.849,1288.282,1306.092,1209.96,3606.045,1290.661,1085.848
"2025-10-24 21:45:00",306,"NAN",11.86,1279.276,1469.27,1475.089,758.1824,964.0888,587.1927,1659.31,2880.412,1068.441,720.1895,1254.844,1026.418,1120.209,1140.433,1034.838,4096.392,1125.816,922.4111,1470.15,1622.746,1632.198,929.829,1135.311,763.8679,1802.215,2440.717,1227.936,891.1917,1422.346,1193.159,1289.505,1309.247,1208.733,3574.294,1292.942,1089.476
"2025-10-24 22:00:00",307,"NAN",11.84,1280.49,1470.843,1476.729,760.2078,963.1566,589.2397,1661.168,2876.64,1068.742,722.5198,1256.905,1029.352,1120.388,1143.221,1034.979,4093.181,1128.216,925.5991,1469.071,1622.703,1631.324,929.2374,1132.13,763.5185,1802.491,2444.297,1225.516,890.5661,1423.136,1193.656,1286.915,1309.686,1207.254,3605.125,1292.86,1090.779
"2025-10-24 22:15:00",308,"NAN",11.88,1282.213,1473.107,1479.08,762.624,962.5277,591.1564,1656.244,2860.141,1069.066,724.6259,1259.604,1031.818,1120.802,1146.578,1035.68,4088.979,1130.401,930.2503,1470.353,1624.494,1632.709,930.6245,1130.895,764.7538,1797.337,2444.818,1225.184,891.7743,1424.481,1195.473,1286.501,1312.199,1207.081,3592.975,1293.641,1094.095
"2025-10-24 22:30:00",309,"NAN",11.87,1284.811,1475.685,1480.588,764.5938,961.6061,593.6628,1649.695,2805.269,1068.849,723.1035,1261.68,1033.793,1120.775,1150.118,1036.26,4085.302,1131.331,936.1631,1472.255,1626.308,1634.592,932.8048,1129.945,767.3456,1791.183,2431.561,1226.278,890.6635,1425.955,1196.996,1287.026,1315.611,1207.573,3575.321,1295.323,1099.839
"2025-10-24 22:45:00",310,"NAN",11.88,1286.786,1479.394,1483.109,766.4064,960.9896,595.8235,1651.748,2809.135,1069.196,722.5158,1263.204,1036.477,1121.121,1152.799,1036.463,4082.708,1132.748,937.8126,1474.682,1629.534,1635.962,934.1756,1128.707,768.7018,1792.677,2385.227,1224.446,889.6393,1427.527,1198.636,1286.463,1318.094,1207.003,3572.385,1295.788,1101.045
"2025-10-24 23:00:00",311,"NAN",11.87,1289.058,1482.402,1485.036,768.3243,960.5845,597.7375,1652.277,2812.538,1069.801,723.7659,1263.099,1037.668,1119.006,1155.283,1035.381,4074.538,1132.472,940.8962,1475.67,1632.476,1637.483,934.9557,1127.623,770.0106,1792.41,2403.935,1225.461,889.4251,1427.149,1200.506,1283.199,1319.529,1205.825,3588.135,1295.485,1103.948
"2025-10-24 23:15:00",312,"NAN",11.86,1309.753,1526.939,1487.928,770.0703,960.7743,599.6423,1652.682,2810.735,1069.742,728.0618,1264.099,1040.62,1119.531,1157.254,1035.543,4072.969,1132.328,943.8324,1497.69,1676.589,1640.711,937.4018,1128.156,772.519,1793.068,2437.773,1225.869,894.3113,1428.511,1203.85,1285.251,1322.147,1206.391,3584.181,1295.963,1107.353
"2025-10-24 23:30:00",313,"NAN",11.87,1314.331,1537.667,1489.784,771.4336,960.3067,601.1025,1656.252,2821.416,1069.529,728.7859,1263.476,1042.235,1118.667,1159.557,1035.64,4072.275,1132.246,947.5378,1498.384,1682.583,1640.31,936.5431,1125.293,771.4261,1794.19,2468.363,1224.622,893.4515,1425.119,1202.244,1282.138,1321.881,1203.92,3601.291,1293.082,1108.682
"2025-10-24 23:45:00",314,"NAN",11.87,1315.468,1540.412,1491.604,772.4354,960.1733,602.0413,1656.157,2826.868,1068.999,729.4736,1263.816,1044.576,1118.546,1160.824,1034.923,4074.706,1132.075,949.4893,1496.264,1682.634,1637.99,933.6008,1121.453,768.6334,1792.377,2448.404,1218.393,890.0999,1422.526,1200.854,1277.448,1320.01,1200.111,3610.372,1288.779,1106.338
"2025-10-25 00:00:00",315,"NAN",11.85,1317.414,1544.088,1493.07,773.1981,960.0739,603.6893,1659.125,2841.226,1069.292,729.9052,1265.326,1045.45,1118.366,1162.517,1035.554,4074.697,1132.314,950.6483,1499.773,1686.349,1640.783,935.5092,1122.444,771.4212,1795.54,2439.767,1219.623,891.2413,1425.195,1203.152,1279.179,1322.828,1201.582,3579.047,1289.715,1108.779
"2025-10-25 00:15:00",316,"NAN",11.87,1297.492,1497.271,1494.004,774.174,960.0483,605.1071,1660.553,2852.213,1069.096,729.1954,1265.76,1045.619,1118.63,1164.282,1036.066,4074.811,1132.179,953.9726,1481.017,1642.931,1642.711,937.124,1122.934,773.4404,1796.689,2414.131,1220.224,891.0507,1425.113,1203.625,1280.363,1324.926,1201.979,3579.012,1290.606,1113.028
"2025-10-25 00:30:00",317,"NAN",11.87,1300.009,1503.255,1495.92,775.2849,960.6013,605.7915,1663.681,2863.214,1069.059,731.2807,1266.253,1047.135,1118.084,1165.726,1036.507,4072.07,1132.784,955.6617,1482.673,1647.281,1643.179,937.4547,1122.307,773.0903,1799.151,2425.498,1219.416,892.5828,1425.177,1204.183,1278.926,1325.463,1201.434,3581.956,1290.037,1113.364
"2025-10-25 00:45:00",318,"NAN",11.86,1302.136,1506.835,1498.337,776.6782,961.3546,607.7827,1666.242,2865.852,1069.509,731.7756,1266.936,1050.15,1118.573,1167.133,1037.007,4071.034,1134.024,957.983,1482.89,1649.691,1643.913,936.6516,1121.446,773.1891,1799.668,2504.597,1218.567,891.2573,1424.194,1204.976,1277.375,1325.399,1200.648,3590.964,1289.483,1113.91
"2025-10-25 01:00:00",319,"NAN",11.88,1306.544,1544.986,1500.089,777.7806,962.1698,608.9347,1667.849,2874.839,1070.215,732.455,1268.488,1052.052,1118.608,1168.47,1037.019,4069.131,1134.77,959.8817,1503.573,1695.889,1643.443,935.8814,1120.462,772.2547,1800.215,2446.031,1216.104,889.8293,1424.079,1204.903,1275.12,1324.89,1198.638,3595.51,1288.24,1113.892
"2025-10-25 01:15:00",320,"NAN",11.87,1326.998,1560.709,1502.114,779.0881,962.7109,610.6074,1668.578,2880.917,1070.457,732.69,1270.215,1054.037,1118.68,1170.043,1036.845,4067.86,1135.571,962.5654,1505.052,1698.028,1645.247,936.505,1120.066,773.2284,1800.28,2482.438,1216.289,889.2412,1425.237,1206.219,1274.534,1325.886,1198.127,3585.53,1288.309,1115.664
"2025-10-25 01:30:00",321,"NAN",11.86,1328.699,1563.526,1503.865,780.2322,963.2864,611.8611,1671.091,2886.824,1070.81,733.6058,1270.58,1054.731,1118.67,1171.355,1037.141,4066.543,1136.426,965.3522,1495.521,1690.82,1637.086,926.4185,1109.171,762.8218,1793.13,2473.988,1204.731,879.0182,1415.214,1195.699,1263.06,1315.827,1186.848,3611.33,1277.17,1107.01
"2025-10-25 01:45:00",322,"NAN",11.84,1325.805,1553.473,1505.684,781.8945,963.8068,613.5248,1671.999,2890.513,1071.16,730.1901,1272.26,1054.853,1115.696,1173.161,1037.199,4066.206,1137.237,966.8783,1493.073,1681.888,1638.779,927.5557,1109.298,764.424,1793.201,2490.895,1205.294,875.2379,1416.043,1196.211,1260.672,1317.159,1187.089,3616.381,1277.275,1108.332
"2025-10-25 02:00:00",323,"NAN",11.86,1331.298,1567.13,1505.986,782.3505,963.6038,614.6485,1671.784,2892.805,1070.753,730.4702,1272.243,1054.645,1119.379,1174.354,1037.095,4049.488,1136.664,967.4404,1489.856,1685.646,1629.738,918.4468,1099.67,755.6653,1785.77,2558.339,1195.618,865.6703,1407.037,1186.309,1254.309,1309.568,1177.332,3648.453,1267.5,1100.025
"2025-10-25 02:15:00",324,"NAN",11.86,1312.516,1520.781,1508.538,784.4084,964.6525,616.2572,1675.138,2899.917,1072.355,730.7733,1273.748,1056.467,1120.164,1176.115,1038.815,4061.384,1138.813,969.1005,1477.682,1649.304,1639.24,927.5588,1107.351,764.5737,1794.305,2491.729,1203.143,873.0577,1415.212,1194.881,1261.692,1317.016,1185.994,3637.909,1276,1108.162
"2025-10-25 02:30:00",325,"NAN",11.88,1314.792,1525.945,1510.807,786.0031,965.6517,618.0287,1677.556,2900.806,1072.857,731.6045,1275.262,1058.268,1118.627,1177.757,1039.985,4059.222,1141.173,968.2773,1475.682,1648.843,1637.782,924.8455,1103.904,761.4507,1792.255,2522.487,1200.286,869.4014,1411.59,1192.112,1256.082,1314.851,1182.611,3624.656,1273.26,1103.149
"2025-10-25 02:45:00",326,"NAN",11.87,1316.322,1528.405,1512.834,787.4485,966.6188,618.7169,1677.377,2905.844,1073.683,731.1256,1275.717,1061.111,1120.727,1178.907,1040.753,4058.64,1144.024,970.953,1473.868,1648.499,1635.213,922.1505,1101.226,758.4382,1789.245,2538.974,1196.689,864.8353,1409.377,1190.952,1254.041,1312.61,1180.044,3640.561,1272.398,1101.823
"2025-10-25 03:00:00",327,"NAN",11.88,1318.618,1531.681,1515.272,788.8979,968.2703,620.6429,1678.494,2916.04,1074.46,731.6877,1277.684,1063.487,1120.337,1181.024,1041.484,4062.493,1147.228,980.3154,1477.915,1652.189,1638.575,925.0956,1103.779,761.481,1791.488,2509.975,1198.229,866.6669,1412.01,1194.389,1255.136,1316.092,1181.243,3635.774,1276.381,1111.21
"2025-10-25 03:15:00",328,"NAN",11.87,1319.242,1532.323,1514.158,788.2538,967.6747,620.272,1679.033,2911.404,1072.952,727.0305,1276.963,1062.086,1120.559,1181.392,1040.116,4053.629,1146.04,981.7941,1477.487,1651.269,1636.466,923.4561,1102.37,760.2722,1791.1,2534.775,1196.23,861.1362,1410.099,1191.718,1254.493,1315.429,1178.713,3621.602,1274.651,1112.455
"2025-10-25 03:30:00",329,"NAN",11.87,1319.894,1532.728,1515.32,788.9178,968.4908,621.0061,1681.112,2914.882,1073.049,728.0368,1270.899,1062.299,1121.006,1182.08,1039.649,4055.714,1146.182,983.8311,1471.699,1646.653,1631.972,917.652,1096.696,754.3768,1786.993,2555.789,1190.65,855.2981,1397.682,1186.346,1249.096,1309.554,1171.386,3640.643,1267.394,1107.999
"2025-10-25 03:45:00",330,"NAN",11.86,1320.587,1533.219,1515.939,788.3962,968.9731,620.1495,1680.772,2917.157,1072.579,727.28,1270.772,1062.724,1121.22,1182.8,1039.051,4050.806,1145.053,985.0911,1475.128,1649.864,1635.429,920.1511,1099.994,756.514,1789.694,2515.377,1191.78,858.203,1400.916,1189.163,1251.529,1313.085,1174.778,3635.762,1270.451,1111.641
"2025-10-25 04:00:00",331,"NAN",11.87,1322.429,1534.363,1516.918,788.7286,969.6741,621.0759,1681.024,2918.219,1072.934,728.0666,1269.894,1063.919,1121.428,1183.584,1038.939,4048.097,1144.12,986.8579,1475.551,1649.516,1635.743,919.4603,1099.937,756.5633,1789.54,2576.406,1192.066,857.263,1399.184,1189.632,1250.722,1313.163,1173.373,3654.298,1267.509,1112.738
"2025-10-25 04:15:00",332,"NAN",11.87,1322.79,1534.931,1518.015,789.4676,970.5261,621.8788,1682.394,2918.175,1072.665,728.3903,1270.876,1065.202,1121.06,1184.192,1039.406,4048.216,1143.156,988.2338,1476.72,1649.65,1636.441,919.0821,1099.992,756.407,1789.799,2559.463,1191.659,857.2488,1399.533,1190.035,1249.62,1313.271,1173.066,3636.605,1267.443,1113.898
"2025-10-25 04:30:00",333,"NAN",11.86,1324.438,1535.295,1519.07,790.3405,970.8535,622.7024,1682.615,2918.859,1072.751,728.4218,1270.623,1065.855,1119.832,1185.259,1039.703,4043.048,1143.582,990.0742,1476.475,1649.277,1636.836,919.3557,1099.134,756.4183,1788.912,2539.283,1190.775,855.9451,1397.763,1189.798,1248.035,1312.633,1172.253,3633.626,1266.268,1114.228
"2025-10-25 04:45:00",334,"NAN",11.86,1325.589,1536.201,1521.212,791.5384,971.9133,623.88,1684.692,2921.993,1072.833,727.3555,1270.719,1067.382,1120.431,1185.771,1039.669,4043.101,1144.082,992.1255,1479.639,1650.946,1639.172,921.5004,1101.463,758.5922,1791.465,2549.759,1190.798,856.2767,1399.036,1192.315,1249.236,1314.824,1173.042,3643.488,1267,1117.605
"2025-10-25 05:00:00",335,"NAN",11.86,1326.846,1536.651,1522.574,792.8896,973.0813,625.1212,1685.401,2922.326,1073.678,728.5435,1270.519,1067.496,1120.998,1187.031,1039.518,4038.034,1142.734,994.1387,1479.673,1651.124,1639.491,921.4677,1101.668,758.5308,1791.843,2567.273,1190.343,856.1006,1398.5,1191.713,1248.089,1314.696,1172.773,3663.104,1264.327,1117.852
"2025-10-25 05:15:00",336,"NAN",11.87,1328.698,1537.69,1525.175,795.0153,975.0357,626.8546,1691.317,2932.905,1074.653,728.4728,1273.78,1070.603,1121.015,1188.168,1041.608,4049.784,1143.534,996.6458,1481.249,1651.544,1642.671,923.9614,1103.97,760.3271,1797.229,2533.826,1191.979,857.1302,1400.344,1194.555,1248.4,1316.163,1173.755,3643.916,1265.542,1120.83
"2025-10-25 05:30:00",337,"NAN",11.87,1330.872,1538.426,1526.972,796.3297,976.355,628.2321,1691.605,2933.26,1075.475,722.611,1276.197,1070.959,1121.866,1189.875,1043.001,4049.16,1143.74,999.0441,1473.729,1643.046,1635.41,915.3062,1094.603,751.3928,1788.799,2617.59,1183.932,840.5797,1393.859,1185.072,1239.586,1307.272,1165.454,3686.647,1255.475,1113.007
"2025-10-25 05:45:00",338,"NAN",11.87,1338.581,1545.11,1534.283,804.3088,984.0455,636.0093,1697.956,2909.538,1082.313,727.7039,1282.935,1079.071,1129.22,1197.102,1049.688,4013.226,1150.827,1007.952,1475.321,1644.204,1635.873,915.9285,1095.493,752.0406,1789.889,2598.566,1182.572,837.8381,1394.116,1186.262,1239.28,1307.763,1165.235,3669.876,1255.407,1114.985
"2025-10-25 06:00:00",339,"NAN",11.84,1340.007,1545.178,1535.58,805.7947,984.9601,637.1196,1701.662,2906.308,1082.645,727.4948,1283.424,1080.46,1129.857,1198.205,1050.26,4013.693,1151.913,1010.081,1474.055,1642.239,1635.856,914.7706,1094.046,750.5583,1791.224,2603.857,1181.414,835.5733,1391.797,1185.395,1237.5,1306.731,1163.734,3692.909,1253.893,1114.385
"2025-10-25 06:15:00",340,"NAN",11.86,1341.794,1546.463,1534.768,806.0923,985.0353,636.8358,1701.302,2901.667,1081.927,730.9877,1282.927,1079.117,1130.876,1199.791,1050.204,3996.629,1151.992,1010.644,1476.157,1643.24,1635.147,915.9105,1094.507,751.1306,1792.215,2570.503,1180.932,839.6147,1391.436,1184.409,1240.337,1308.664,1164.297,3673.201,1254.943,1116.07
"2025-10-25 06:30:00",341,"NAN",11.86,1344.357,1547.934,1539.043,809.0447,987.5804,639.1364,1704.737,2908.384,1083.901,732.1133,1285.915,1082.409,1131.023,1201.177,1053.277,4004.045,1155.638,1014.838,1475.834,1641.868,1636.382,915.3793,1093.659,749.7384,1792.162,2583.846,1179.487,836.9753,1391.427,1184.265,1236.692,1306.509,1163.423,3673.743,1254.876,1116.562
"2025-10-25 06:45:00",342,"NAN",11.86,1347.085,1550.377,1542.249,811.223,989.5594,636.2876,1705.457,2913.341,1084.743,733.3497,1286.614,1083.591,1131.952,1202.391,1053.561,4009.152,1152.49,1017.1,1458.546,1625.188,1619.501,895.6826,1074.132,724.7519,1774.136,2635.936,1163.705,816.999,1371.484,1164.754,1216.051,1286.837,1142.691,3720.365,1237.126,1097.748
"2025-10-25 07:00:00",343,"NAN",11.86,1350.706,1555.502,1546.36,813.7126,992.3791,636.5137,1711.319,2927.244,1086.79,733.3564,1289.243,1085.8,1133.836,1203.61,1054.511,4010.637,1122.328,1019.015,1476.247,1644.18,1637.233,913.6035,1092.06,740.6063,1793.724,2625.145,1177.387,831.8762,1389.585,1182.067,1232.568,1302.835,1158.711,3694.78,1220.214,1114.76
"2025-10-25 07:15:00",344,"NAN",11.87,1354.099,1561.992,1551.144,815.8583,995.0246,635.7675,1712.156,2940.885,1089.026,735.4133,1292.56,1091.059,1135.27,1204.396,1055.727,4005.931,1122.109,1021.008,1488.031,1657.775,1648.775,923.7343,1103.25,748.2446,1802.181,2640.612,1185.556,842.52,1400.929,1194.655,1242.069,1312.338,1168.437,3686.841,1225.582,1125.26
"2025-10-25 07:30:00",345,"NAN",11.85,1358.353,1568.754,1554.883,817.434,997.8538,635.4343,1717.479,2968.416,1092.059,737.0272,1296.171,1094.081,1137.793,1206.292,1057.378,4017.761,1134.813,1022.26,1493.042,1665.14,1653.651,926.2542,1106.824,748.8275,1806.931,2683.863,1189.562,844.2129,1404.915,1199.289,1245.375,1314.126,1170.795,3687.573,1238.234,1127.021
"2025-10-25 07:45:00",346,"NAN",11.84,1362.227,1577.311,1559.052,818.9557,1001.151,634.9583,1720.551,3051.668,1094.944,736.6189,1299.938,1093.094,1140.421,1209.614,1061.061,4031.278,1147.858,1023.408,1496.893,1672.609,1658.105,927.941,1110.206,748.511,1809.045,2758.722,1193.12,844.4344,1407.88,1198.054,1249.434,1317.772,1174.285,3688.204,1250.297,1128.369
"2025-10-25 08:00:00",347,"NAN",11.84,1365.873,1586.417,1563.234,820.3923,1004.239,633.9006,1724.335,3107.627,1098.89,736.5317,1304.183,1095.949,1143.017,1211.972,1064.052,4051.412,1158.37,1024.363,1503.526,1683.918,1664.592,932.0247,1116.093,750.3773,1815.515,2848.004,1200.335,847.266,1414.572,1203.686,1254.234,1322.848,1180.034,3722.029,1262.927,1132.476
"2025-10-25 08:15:00",348,"NAN",11.85,1370.223,1598.096,1567.995,821.7158,1007.913,632.3563,1729.978,3126.731,1102.095,737.2656,1308.49,1106.847,1145.5,1213.578,1066.684,4066.636,1166.338,1023.432,1506.529,1693.007,1666.258,931.2472,1117.316,746.3494,1818.559,2872.955,1201.236,845.9882,1417.056,1211.443,1254.416,1323.117,1180.277,3734.648,1268.94,1129.237
"2025-10-25 08:30:00",349,"NAN",11.88,1374.425,1608.678,1572.497,823.3183,1011.945,630.1538,1735.161,3158.409,1106.4,741.8674,1313.57,1115.054,1149.214,1216.704,1069.199,4071.669,1171.792,1021.635,1510.973,1703.912,1672.25,934.2144,1122.589,745.2145,1824.021,2892.843,1206.384,851.9208,1423.061,1221.787,1259.538,1326.369,1183.825,3724.267,1273.958,1128.404
"2025-10-25 08:45:00",350,"NAN",11.85,1378.361,1619.824,1578.521,825.5364,1016.671,627.4079,1740.249,3220.926,1111.766,743.2704,1319.49,1124.065,1153.435,1219.923,1072.156,4077.252,1176.676,1019.118,1515.473,1714.337,1676.935,936.0917,1126.897,742.2486,1828.573,2991.055,1211.398,852.5225,1428.482,1229.834,1262.59,1329.831,1186.566,3722.57,1278.19,1126.001
"2025-10-25 09:00:00",351,"NAN",11.86,1380.596,1630.951,1583.314,828.4833,1022.047,623.0016,1744.549,3333.871,1116.643,741.2619,1323.601,1132.608,1156.628,1223.162,1072.25,4078.125,1179.266,1012.962,1518.391,1726.61,1681.591,940.0063,1133.105,738.6887,1833.227,3104.787,1216.532,851.3193,1433.403,1239.194,1266.68,1333.768,1187.927,3744.406,1281.44,1121.072
"2025-10-25 09:15:00",352,"NAN",11.87,1383.707,1643.116,1589.408,833.2522,1029.255,619.4473,1748.133,3366.739,1120.79,744.1597,1330.206,1144.96,1161.743,1229.193,1072.259,4081.099,1182.623,1006.737,1522.36,1738.799,1689.666,944.8738,1141.086,735.6434,1837.52,3130.09,1221.185,854.6973,1440.838,1252.956,1272.205,1339.846,1188.844,3739.98,1285.777,1116.239
"2025-10-25 09:30:00",353,"NAN",11.83,1388.154,1658.072,1598.247,841.3486,1041.813,617.3911,1751.863,3380.742,1124.106,742.3641,1337.006,1158.162,1167.5,1235.702,1070.372,4087.682,1185.595,1000.888,1526.177,1752.404,1696.299,951.6938,1152.745,732.8638,1840.312,3154.276,1223.503,852.2994,1446.554,1265.106,1277.169,1345.649,1186.493,3743.573,1287.216,1109.69
"2025-10-25 09:45:00",354,"NAN",11.87,1393.873,1677.2,1609.968,853.9347,1061.12,610.4979,1757.607,3389.787,1126.688,737.8992,1351.205,1169.802,1172.85,1246.694,1063.157,4088.806,1186.345,992.1544,1531.367,1769.804,1707.414,963.7991,1170.225,725.493,1844.624,3160.849,1225.938,847.6772,1458.988,1276.071,1283,1355.928,1178.556,3765.458,1287.523,1100.71
"2025-10-25 10:00:00",355,"NAN",11.86,1401.076,1695.544,1624.751,869.5985,1084.118,608.0519,1763.061,3400.138,1131.077,735.3579,1369.349,1186.773,1184.001,1260.12,1061.311,4088.124,1186.491,983.0618,1538.278,1786.293,1720.016,978.0345,1192.091,722.075,1849.706,3180.997,1228.598,844.0201,1476.428,1291.201,1291.717,1367.796,1175.832,3762.377,1286.341,1091.283
"2025-10-25 10:15:00",356,"NAN",11.86,1409.47,1727.231,1644.232,888.4115,1115.381,607.074,1769.779,3409.216,1134.538,732.8093,1391.883,1208.424,1196.36,1278.694,1060.373,4096.607,1186.746,974.3353,1545.029,1815.222,1737.369,995.2816,1221.355,719.5499,1855.2,3181.342,1231.225,840.5735,1496.046,1311.703,1303.077,1384.278,1173.945,3756.491,1285.221,1081.852
"2025-10-25 10:30:00",357,"NAN",11.87,1422.559,1750.609,1657.688,911.1798,1145.367,605.2304,1773.55,3413.945,1137.587,728.5154,1412.27,1225.289,1207.168,1293.898,1059.821,4107.493,1187.774,968.6234,1558.588,1838.766,1750.583,1017.671,1251.129,718.3549,1859.454,3189.25,1234.424,836.383,1516.715,1329.255,1313.925,1399.615,1174.378,3763.406,1286.75,1076.683
"2025-10-25 10:45:00",358,"NAN",11.87,1437.882,1774.105,1678.049,934.6175,1168.142,603.9482,1782.136,3418.075,1140.186,729.8965,1433.057,1244.278,1241.143,1349.529,1058.929,4116.996,1189.258,963.7104,1572.729,1858.982,1769.867,1040.888,1273.274,717.2543,1866.36,3177.661,1237.545,838.1924,1535.838,1347.515,1347.736,1453.524,1173.052,3778.361,1288.156,1072.369
"2025-10-25 11:00:00",359,"NAN",11.83,1456.704,1799.379,1700.197,961.8058,1199.236,606.2548,1784.415,3413.354,1142.527,725.5552,1454.651,1259.753,1259.982,1369.398,1056.886,4128.665,1190.267,959.4762,1586.432,1879.804,1785.615,1061.245,1297.7,713.4233,1864.921,3182.869,1234.012,827.9763,1552.034,1354.552,1359.435,1467.932,1166.028,3804.95,1285.546,1063.036
"2025-10-25 11:15:00",360,"NAN",11.86,1476.262,1819.403,1719.146,986.8508,1220.864,600.3156,1792.845,3419.351,1142.486,716.7292,1452.991,1274.159,1257.712,1341.402,1055.603,4157.292,1190.746,954.6949,1603.565,1897.127,1802.382,1084.764,1317.91,706.1295,1870.465,3199.939,1233.684,818.4587,1548.328,1369.76,1356.094,1435.371,1162.692,3819.605,1285.383,1057.025
"2025-10-25 11:30:00",361,"NAN",11.87,1424.824,1760.875,1677.794,942.124,1171.084,586.1053,1764.517,3393.064,1126.492,706.8823,1418.381,1212.121,1224.137,1332.122,1056.22,4204.107,1181.693,945.2939,1554.776,1844.097,1765.194,1042.401,1271.249,693.7335,1847.137,3172.377,1218.7,809.6553,1517.82,1311.225,1325.38,1432.701,1165.231,3844.565,1276.48,1049.147
"2025-10-25 11:45:00",362,"NAN",11.87,1399.289,1725.845,1654.517,912.9865,1147.457,589.9046,1755.189,3366.584,1119.817,704.4233,1398.473,1180.933,1201.249,1303.318,1056.506,4196.316,1178.912,945.7922,1531.068,1811.054,1744.673,1014.723,1249.446,698.3743,1839.14,3146.046,1213.11,808.3065,1499.433,1280.991,1304.944,1406.107,1166.145,3853.081,1275.749,1050.211
"2025-10-25 12:00:00",363,"NAN",11.87,1404.43,1722.489,1655.24,904.5046,1147.135,605.2129,1764.356,3347.874,1127.569,708.665,1395.691,1180.973,1210.617,1301.299,1065.312,4143.203,1184.671,955.7678,1537.052,1807.218,1744.372,1005.61,1248.178,712.7305,1846.747,3128.437,1220.095,811.2915,1496.231,1280.728,1312.491,1402.943,1173.985,3827.392,1280.138,1059.119
"2025-10-25 12:15:00",364,"NAN",11.87,1390.806,1711.241,1641.653,891.6558,1135.866,596.7142,1755.286,3358.875,1118.121,705.4604,1380.703,1168.331,1202.283,1289.597,1057.966,4172.592,1180.093,951.8065,1521.741,1797.091,1731.908,992.6573,1236.72,703.9806,1837.578,3124.519,1210.511,807.6033,1480.921,1268.728,1304.213,1391.221,1166.385,3845.997,1275.938,1055.284
"2025-10-25 12:30:00",365,"NAN",11.86,1383.045,1692.533,1624.555,873.2294,1120.702,597.2641,1749.344,3352.407,1112.4,703.3627,1366.279,1147.725,1198.32,1276.98,1056.932,4180.263,1178.164,951.5528,1513.768,1778.764,1715.51,974.6743,1222.255,704.703,1832.264,3136.875,1205.267,805.6352,1467.203,1248.531,1300.747,1378.83,1165.115,3834.172,1272.847,1054.392
"2025-10-25 12:45:00",366,"NAN",11.86,1385.539,1685.725,1618.644,862.5523,1115.17,599.0489,1752.631,3340.089,1113.886,650.376,1360.721,1126.173,1201.884,1275.598,1061.08,4162.482,1181.46,957.5447,1517.446,1772.917,1709.845,964.8902,1217.116,707.0948,1836.446,3125.657,1206.53,753.1141,1462.755,1227.94,1304.194,1378.681,1170.114,3825.027,1277.02,1061.348
"2025-10-25 13:00:00",367,"NAN",11.86,1384.515,1683.028,1612.701,856.8415,1108.288,601.5698,1749.621,3351.558,1111.641,643.7815,1354.177,1110.751,1182.617,1240.323,1059.978,4157.847,1180.885,959.474,1515.874,1768.97,1703.568,958.7094,1209.706,708.6827,1831.333,3138.014,1204.38,746.413,1454.681,1211.469,1285.335,1342.141,1167.823,3822.878,1275.575,1062.622
"2025-10-25 13:15:00",368,"NAN",11.86,1383.765,1682.001,1607.912,852.4349,1102.821,602.9318,1747.718,3354.197,1110.262,642.8054,1347.007,997.289,1203.348,1279.069,1059.011,4153.624,1179.223,960.1726,1515.067,1769.698,1699.839,954.5553,1204.89,710.4233,1830.012,3133.479,1203.385,746.0439,1448.679,1081.124,1305.943,1381.312,1167.514,3818.194,1274.198,1063.733
"2025-10-25 13:30:00",369,"NAN",11.86,1383.921,1679.892,1604.246,845.7674,1098.341,606.1758,1749.054,3355.601,1110.465,647.085,1343.51,972.1894,1204.809,1280.303,1061.465,4158.635,1179.631,964.1066,1513.559,1764.974,1693.977,945.7379,1198.014,711.3063,1830.237,3142.281,1200.999,747.83,1443.626,1070.536,1304.888,1380.835,1167.64,3824.925,1273.352,1065.878
"2025-10-25 13:45:00",370,"NAN",11.84,1405.358,1706.338,1634.304,873.1299,1131.38,620.1142,1758.874,3370.419,1120.755,654.3488,1360.682,989.1074,1226.28,1312.686,1065.238,4122.182,1185.106,971.3018,1537.145,1791.329,1723.936,974.4276,1231.695,726.644,1839.507,3149.086,1212.95,756.5786,1460.842,1086.836,1329.943,1413.232,1172.787,3803.288,1278.995,1073.574
"2025-10-25 14:00:00",371,"NAN",11.85,1454.201,1793.391,1711.068,960.7191,1228.514,647.4463,1775.169,3413.527,1131.97,663.097,1418.039,1051.346,1277.371,1359.667,1058.292,4107.439,1190.97,975.9831,1585.228,1873.514,1795.34,1060.554,1326.158,753.5938,1855.24,3187.797,1223.913,765.4526,1515.937,1146.362,1376.561,1458.066,1166.558,3795.577,1285.401,1078.476
"2025-10-25 14:15:00",372,"NAN",11.86,1511.823,1858.034,1748.783,1039.523,1272.63,650.9661,1792.652,3444.875,1138.873,669.1672,1466.834,1102.765,1330.467,1418.791,1056.134,4132.426,1196.001,976.0955,1639.466,1934.001,1830.464,1136.628,1368.624,756.4231,1871.183,3214.37,1230.058,770.8837,1562.317,1197.895,1426.68,1513.827,1164.569,3809.164,1289.89,1078.725
"2025-10-25 14:30:00",373,"NAN",11.86,1450.472,1791.979,1694.773,973.9257,1200.453,605.2042,1762.444,3437.586,1117.974,646.7502,1423.543,1052.268,1254.703,1349.075,1058.131,4207.259,1180.76,959.1103,1578.991,1871.632,1780.711,1072.17,1298.617,711.0981,1843.335,3218.994,1209.73,748.5654,1520.479,1147.298,1354.128,1447.422,1164.849,3865.812,1274.753,1061.396
"2025-10-25 14:45:00",374,"NAN",11.87,1414.48,1753.807,1663.767,935.3306,1172.267,605.8743,1752.083,3417.573,1110.897,647.0221,1399.958,1021.617,1217.914,1312.007,1058.542,4199.244,1175.738,957.1448,1544.088,1836.499,1751.923,1034.925,1271.415,712.3558,1833.751,3196.403,1203.293,749.0271,1498.605,1119.566,1319.339,1411.392,1165.651,3864.397,1270.141,1060.067
"2025-10-25 15:00:00",375,"NAN",11.86,1402.073,1736.747,1649.477,913.3367,1158.691,608.7504,1753.785,3402.024,1112.176,651.834,1389.129,1017.805,1208.312,1294.904,1062.806,4180.556,1177.766,962.6468,1532.609,1819.895,1738.641,1013.779,1258.556,715.3325,1835.923,3191.12,1205.223,753.8445,1488.253,1115.335,1310.134,1395.404,1169.987,3841.323,1272.677,1066.236
"2025-10-25 15:15:00",376,"NAN",11.87,1403.035,1743.37,1656.723,919.8881,1162.05,610.9051,1755.683,3413.973,1114.684,655.1447,1389.054,1013.496,1213.239,1304.244,1062.193,4177.471,1180.052,967.1487,1534.891,1826.74,1745.208,1020.635,1262.524,717.8746,1837.909,3191.674,1206.864,757.9237,1488.862,1112.371,1315.67,1405.667,1169.914,3849.734,1275.273,1070.516
"2025-10-25 15:30:00",377,"NAN",11.87,1388.18,1719.55,1631.426,894.4655,1142.347,608.725,1748.11,3409.825,1107.349,647.4819,1370.631,989.8227,1201.818,1282.992,1058.971,4198.581,1174.017,963.9212,1522.329,1806.4,1723.281,997.5536,1245.474,718.0566,1833.216,3185.093,1200.742,752.407,1473.517,1091.162,1306.266,1387.018,1168.276,3852.747,1270.286,1069.151
"2025-10-25 15:45:00",378,"NAN",11.84,1384.505,1705.356,1615.631,877.1432,1131.099,611.614,1745.379,3393.76,1104.431,649.2175,1358.492,976.7353,1200.156,1274.286,1057.064,4178.787,1170.996,965.2804,1510.454,1786.635,1702.629,973.02,1226.979,713.1984,1823.994,3190.512,1192.211,746.0961,1454.472,1072.391,1297.253,1370.297,1158.917,3853.131,1261.342,1062.729
"2025-10-25 16:00:00",379,"NAN",11.86,1388.978,1709.355,1618.615,877.7853,1132.112,616.6655,1753.248,3405.763,1109.951,649.2913,1359.621,847.6999,1206.157,1283.588,1061.841,4177.311,1176.153,973.1166,1513.587,1787.499,1702.247,970.9919,1225.104,715.1169,1828.514,3211.573,1195.643,743.278,1452.165,1027.39,1300.457,1377.325,1160.889,3880.632,1264.684,1068.049
"2025-10-25 16:15:00",380,"NAN",11.86,1380.433,1693.763,1602.407,861.1638,1118.071,614.7222,1747.286,3407.041,1104.351,649.2502,1345.499,1039.043,1200.39,1273.691,1058.442,4191.763,1170.958,971.1472,1502.35,1771.811,1684.836,952.1293,1209.577,711.0189,1822.52,3215.518,1187.182,740.9914,1437.515,1130.162,1291.825,1365.838,1155.884,3899.023,1258.279,1064.163
"2025-10-25 16:30:00",381,"NAN",11.86,1376.6,1680.457,1590.834,848.801,1109.002,616.2139,1741.459,3406.822,1100.629,647.868,1335.551,1040.026,1197.79,1270.383,1056.67,4195.173,1167.907,971.7087,1498.302,1758.626,1674.265,940.5011,1200.666,712.7402,1816.033,3207.776,1184.328,739.8844,1427.722,1131.789,1289.842,1361.636,1153.8,3887.87,1254.527,1064.667
"2025-10-25 16:45:00",382,"NAN",11.87,1373.58,1669.203,1581.727,839.4686,1101.278,618.6825,1742.144,3402.777,1097.226,644.7264,1328.644,1029.162,1196.169,1268.303,1055.57,4191.783,1165.01,973.52,1493.993,1747.158,1665.015,930.3368,1192.162,714.4143,1816.396,3211.523,1180.111,735.9312,1420.155,1120.086,1287.525,1359.313,1151.94,3883.666,1250.832,1065.574
"2025-10-25 17:00:00",383,"NAN",11.87,1371.776,1660.183,1574.681,832.8644,1094.834,621.6038,1739.741,3392.653,1094.888,645.5117,1322.803,1033.848,1195.122,1268.008,1053.021,4185.456,1163.486,976.2191,1491.044,1737.508,1656.754,922.0522,1184.377,715.6448,1813.254,3201.043,1176.809,734.7949,1413.133,1122.89,1284.967,1357.284,1147.893,3882.079,1248.554,1066.622
"2025-10-25 17:15:00",384,"NAN",11.85,1371.081,1653.09,1571.17,828.9545,1089.959,625.2035,1741.446,3390.666,1093.616,645.8953,1320.547,1039.224,1194.933,1268.822,1051.726,4176.507,1164.149,980.8732,1491.242,1730.036,1653.25,918.6332,1180.013,719.3126,1814.676,3197.319,1175.732,736.3802,1410.432,1127.753,1285.411,1359.717,1146.379,3884.985,1249.108,1071.622
"2025-10-25 17:30:00",385,"NAN",11.87,1369.96,1646.011,1568.932,827.1781,1085.952,627.9542,1740.84,3389.247,1093.574,644.2291,1317.453,1050.859,1195.586,1270.806,1048.271,4177.357,1165.586,985.9141,1488.701,1722.061,1649.445,915.2571,1174.821,720.6185,1813.832,3200.433,1173.702,732.3315,1407.357,1137.719,1283.812,1360.106,1142.403,3877.831,1249.806,1075.105
"2025-10-25 17:45:00",386,"NAN",11.86,1370.551,1642.224,1566.107,825.6332,1082.072,630.5481,1741.295,3389.752,1092.028,645.3372,1315.237,1056.642,1194.986,1273.244,1048.366,4169.599,1166.947,990.1135,1487.772,1718.064,1647.637,913.9146,1170.546,723.1806,1812.109,3192.592,1173.775,733.8032,1403.222,1144.281,1284.193,1361.103,1141.558,3884.283,1251.217,1079.123
"2025-10-25 18:00:00",387,"NAN",11.83,1370.491,1638.595,1565.072,825.3851,1078.851,633.2747,1741.46,3392.928,1092.525,646.9326,1313.915,1065.706,1196.056,1275.6,1049.864,4169.592,1167.767,995.0682,1486.945,1714.172,1645.424,912.6229,1166.792,724.9969,1811.927,3205.434,1173.249,734.3905,1401.865,1152.334,1283.847,1362.653,1142.677,3894.439,1251.091,1083.089
"2025-10-25 18:15:00",388,"NAN",11.86,1368.751,1635.528,1560.637,823.2435,1073.682,633.723,1737.959,3383.417,1089.822,645.4457,1309.979,1068.191,1194.369,1276.104,1049.939,4159.396,1165.742,997.1359,1486.171,1710.951,1640.487,910.0468,1161.221,725.0433,1810.436,3202.501,1169.208,732.7772,1398.312,1152.998,1281.843,1364.39,1142.026,3864.625,1248.678,1084.46
"2025-10-25 18:30:00",389,"NAN",11.86,1368.096,1629.443,1558.733,823.504,1070.176,636.6673,1740.275,3384.799,1087.764,644.5455,1308.575,1070.738,1192.888,1276.444,1051.855,4162.033,1164.398,1000.949,1483.048,1702.671,1637.842,909.3449,1156.674,726.5839,1808.689,3199.208,1167.144,730.8599,1394.416,1154.679,1279.759,1362.485,1141.926,3886.941,1247.108,1087.144
"2025-10-25 18:45:00",390,"NAN",11.86,1366.469,1622.419,1556.631,823.7993,1066.337,639.1049,1739.739,3372.316,1086.194,644.2964,1306.406,1071.512,1191.566,1276.585,1053.688,4163.165,1162.256,1004.212,1481.903,1696.754,1635.848,909.6313,1152.895,729.1772,1809.555,3193.101,1165.464,730.8001,1392.942,1155.179,1278.52,1363.185,1144.126,3882.461,1244.597,1090.255
"2025-10-25 19:00:00",391,"NAN",11.86,1366.557,1614.903,1555.286,824.8934,1063.32,642.3665,1739.013,3347.823,1084.576,644.007,1304.663,1073.875,1190.575,1277.261,1054.697,4151.898,1160.406,1006.898,1481.251,1688.425,1634.444,911.0552,1149.758,732.3713,1808.477,3174.469,1164.285,730.6046,1391.159,1157.757,1277.794,1363.031,1144.741,3866.47,1242.933,1093.909
"2025-10-25 19:15:00",392,"NAN",11.84,1366.519,1608.969,1555.596,826.7358,1061.351,645.799,1737.734,3330.636,1084.866,643.8007,1302.459,1078.817,1191.056,1278.321,1055.318,4148.118,1159.715,1011.471,1482.48,1685.774,1636.009,913.5132,1149.626,737.2444,1809.341,3143.961,1164.763,730.7599,1391.541,1164.626,1278.375,1365.439,1147.857,3855.244,1243.39,1099.263
"2025-10-25 19:30:00",393,"NAN",11.87,1367.191,1604.87,1555.319,828.1141,1059.568,648.8652,1739.541,3305.354,1083.501,643.2225,1303.346,1083.752,1189.85,1279.02,1056.872,4139.255,1159.011,1016.353,1483.743,1680.57,1635.575,915.2839,1147.655,740.5198,1810.882,3116.938,1163.303,731.4995,1391.412,1167.925,1277.885,1367.229,1148.666,3846.312,1241.862,1103.822
"2025-10-25 19:45:00",394,"NAN",11.85,1367.935,1601.329,1556.062,830.5851,1058.011,651.6556,1739.791,3283.414,1083.99,645.1249,1302.581,1089.186,1190.603,1281.086,1057.507,4132.434,1158.844,1018.745,1484.456,1678.103,1636.052,917.5053,1146.156,743.207,1812.298,3105.753,1163.209,732.6518,1391.906,1173.305,1277.911,1369.324,1149.573,3861.933,1241.53,1106.041
"2025-10-25 20:00:00",395,"NAN",11.86,1369.251,1597.976,1555.064,832.6252,1056.2,653.6599,1739.708,3260.405,1083.265,646.2935,1302.146,1083.67,1190.845,1284.646,1057.333,4117.057,1157.553,1018.595,1484.007,1674.031,1635.422,919.0791,1143.326,744.32,1808.908,3063.952,1163.321,733.2084,1388.902,1168.284,1278.593,1370.812,1148.248,3837.81,1239.262,1105.35
"2025-10-25 20:15:00",396,"NAN",11.87,1370.238,1597.88,1557.987,835.4453,1056.764,657.2498,1742.246,3250.792,1085.565,647.2771,1303.588,1076.062,1191.533,1287.454,1059.359,4119.708,1158.726,1026.681,1484.784,1673.135,1637.066,920.8851,1143.248,747.3214,1812.728,3059.736,1163.572,733.1885,1391.29,1159.787,1277.401,1373.26,1150.025,3833.909,1240.427,1112.428
"2025-10-25 20:30:00",397,"NAN",11.86,1372.308,1597.805,1557.061,836.825,1055.666,658.4058,1742.578,3236.373,1085.053,647.3766,1303.086,1066.974,1190.683,1291.296,1059.042,4105.828,1157.744,1031.07,1483.091,1669.428,1633.216,919.1737,1138.842,744.7853,1808.006,3041.49,1161.934,729.885,1385.76,1148.043,1274.532,1373.076,1145.408,3833.135,1236.926,1113.662
"2025-10-25 20:45:00",398,"NAN",11.86,1373.489,1598.665,1558.941,838.7905,1055.477,661.2526,1743.841,3234.657,1087.042,648.318,1301.866,1061.745,1191.907,1293.521,1058.715,4106.597,1158.095,1035.893,1486.94,1673.754,1637.376,923.8731,1141.816,750.7084,1814.33,3040.835,1165.034,733.1494,1388.298,1145.796,1277.399,1378.185,1148.642,3829.036,1239.332,1120.976
"2025-10-25 21:00:00",399,"NAN",11.87,1375.407,1600.402,1562.744,841.7554,1057.233,664.5486,1748.555,3234.204,1088.933,649.5238,1303.752,1058.895,1191.265,1296.52,1061.415,4110.334,1161.115,1042.41,1490.362,1675.671,1641.979,927.8183,1144.317,754.9902,1818.817,3058.685,1168.184,736.121,1390.943,1142.759,1278.279,1383.177,1151.82,3831.437,1243.146,1128.542
"2025-10-25 21:15:00",400,"NAN",11.87,1377.528,1602.807,1564.836,843.7855,1057.919,666.877,1750.882,3233.819,1089.913,650.2411,1304.052,1050.11,1190.788,1299.812,1062.608,4106.978,1161.639,1046.194,1493.226,1678.816,1644.521,930.4847,1145.477,757.8025,1821.302,3051.493,1169.928,737.8055,1391.702,1134.519,1278.574,1387.038,1153.585,3827.501,1244.981,1133.322
"2025-10-25 21:30:00",401,"NAN",11.84,1378.788,1604.699,1564.165,844.0061,1057.478,667.7589,1748.668,3238.871,1090.26,649.4372,1301.475,1036.802,1191.263,1301.494,1061.271,4095.721,1161.333,1047.042,1491.485,1679.103,1641.181,927.741,1142.416,756.0829,1818.026,3059.519,1166.966,733.9646,1388.03,1119.118,1275.556,1385.649,1150.142,3825.196,1242.408,1131.421
"2025-10-25 21:45:00",402,"NAN",11.86,1380.639,1606.989,1565.847,845.3248,1058.108,669.7568,1751.193,3239.374,1090.792,649.3804,1301.672,1032.422,1191.668,1304.154,1062.036,4093.38,1162.469,1049.362,1494.77,1681.635,1643.805,930.174,1144.37,758.8406,1821.43,3059.877,1168.072,734.7826,1388.593,1115.975,1277.149,1389.139,1151.803,3840.113,1244.058,1134.361
"2025-10-25 22:00:00",403,"NAN",11.87,1382.022,1608.669,1563.735,844.5582,1056.96,669.0298,1746.938,3218.584,1088.926,649.1539,1288.297,1026.4,1192.578,1307.014,1059.519,4076.805,1160.771,1048.936,1495.949,1683.3,1641.846,928.9261,1142.846,757.9616,1816.465,3039.397,1166.794,733.7451,1374.993,1110.66,1277.902,1391.293,1148.91,3801.551,1242.48,1134.137
"2025-10-25 22:15:00",404,"NAN",11.83,1384.888,1611.405,1565.932,846.3225,1058.098,670.8094,1746.816,3227.985,1089.301,649.3261,1285.926,998.9159,1192.655,1310.178,1060.532,4073.833,1163.642,1052.281,1497.598,1684.977,1643.116,930.1989,1143.172,759.1121,1815.363,3049.727,1166.781,733.5407,1370.776,1081.928,1277.932,1393.57,1148.593,3807.252,1244.394,1136.606
"2025-10-25 22:30:00",405,"NAN",11.86,1386.606,1614.436,1566.949,846.8952,1058.608,672.7245,1748.896,3231.398,1088.885,649.3059,1287.444,991.9965,1192.998,1311.774,1060.9,4071.438,1165.819,1054.782,1499.367,1686.905,1644.509,930.8161,1143.531,760.7478,1816.696,3054.625,1166.605,734.0234,1372.185,1073.589,1278.3,1395.633,1148.575,3822.266,1246.818,1139.197
"2025-10-25 22:45:00",406,"NAN",11.87,1386.702,1616.303,1574.158,850.9727,1061.419,676.8276,1754.623,3252.775,1092.935,651.1592,1294.508,939.0362,1193.841,1313.204,1063.707,4094.308,1171.416,1061.953,1498.966,1689.088,1649.88,933.2653,1145.01,763.9171,1822.728,3088.111,1168.67,734.1715,1379.31,1020.472,1276.997,1396.435,1150.897,3842.655,1251.095,1145.442
"2025-10-25 23:00:00",407,"NAN",11.87,1388.264,1618.873,1570.937,849.2904,1059.785,676.6663,1752.022,3241.928,1090.231,650.5882,1292.058,974.5988,1193.865,1315.516,1060.594,4079.371,1169.451,1061.084,1499.394,1690.593,1645.934,930.966,1142.692,762.6723,1819.719,3060.108,1165.068,732.835,1376.253,1055.095,1276.21,1397.551,1147.283,3825.207,1247.581,1143.309
"2025-10-25 23:15:00",408,"NAN",11.87,1389.709,1620.94,1577.536,853.3705,1062.924,680.5981,1758.286,3255.366,1093.804,651.614,1295.944,995.5022,1195.496,1317.244,1063.412,4088.609,1174.126,1068.381,1499.396,1691.927,1650.569,930.3625,1142.095,762.6124,1819.366,3067.465,1164.77,731.106,1374.861,1070.86,1275.932,1397.532,1146.162,3816.007,1247.848,1144.546
"2025-10-25 23:30:00",409,"NAN",11.87,1391.865,1623.396,1574.629,851.9836,1062.193,680.3911,1739.221,3249.668,1090.365,650.7653,1296.143,1004.037,1195.745,1319.307,1061.038,4075.498,1171.453,1066.547,1501.06,1692.725,1648.365,931.5378,1142.984,764.2451,1804.533,3072.294,1163.808,731.1163,1377.424,1081.581,1276.552,1399.32,1145.026,3836.742,1248.27,1146.525
"2025-10-25 23:45:00",410,"NAN",11.84,1393.512,1625.954,1576.206,853.4524,1062.73,681.5886,1755.434,3251.829,1091.006,651.0298,1298.906,1013.783,1196.816,1321.527,1060.532,4068.275,1172.085,1069.145,1496.745,1690.857,1645.664,927.6155,1138.18,759.788,1815.789,3076.428,1159.726,725.4672,1374.381,1087.07,1272.817,1395.806,1139.462,3836.071,1243.244,1143.77
"2025-10-26 00:00:00",411,"NAN",11.86,1394.685,1628.262,1578.098,854.8017,1064.167,682.747,1755.328,3257.508,1091.308,651.0051,1300.472,1018.342,1197.629,1322.541,1059.816,4076.214,1170.768,1070.921,1496.303,1692.084,1645.096,926.3197,1137.28,758.4659,1814.894,3114.312,1157.239,723.0146,1374.806,1089.724,1270.909,1394.25,1136.823,3865.876,1240.838,1143.03
"2025-10-26 00:15:00",412,"NAN",11.84,1396.465,1630.87,1585.328,859.174,1068.326,687.4703,1761.843,3271.961,1094.282,652.3076,1309.433,1034.562,1198.08,1324.524,1064.253,4084.428,1176.398,1079.141,1466.61,1664.215,1622.08,895.9454,1107.127,727.778,1792.521,3194.169,1131.363,690.4977,1349.945,1070.652,1237.858,1363.858,1106.779,3980.963,1221.256,1117.996
"2025-10-26 00:30:00",413,"NAN",11.87,1397.952,1633.477,1587.222,860.3107,1069.852,689.4055,1761.273,3273.01,1094.403,653.2754,1310.546,1029.944,1199.646,1326.169,1064.045,4081.721,1176.943,1081.516,1463.722,1663.642,1619.033,890.4024,1104.628,725.3048,1789.061,3215.502,1127.531,686.9141,1347.655,1062.013,1231.556,1360.723,1102.685,4006.277,1217.437,1115.616
"2025-10-26 00:45:00",414,"NAN",11.86,1399.241,1636.609,1588.817,860.6825,1071.361,691.4332,1762.654,3275.364,1094.391,652.3237,1311.065,1043.042,1199.879,1327.078,1063.477,4081.899,1177.735,1083.692,1463.313,1665.986,1621.436,892.8115,1103.198,726.9505,1791.184,3222.668,1124.546,684.1473,1348.594,1074.979,1235.132,1360.944,1099.395,3994.271,1219.437,1118.428
"2025-10-26 01:00:00",415,"NAN",11.87,1400.569,1639,1590.317,861.7187,1072.964,692.7683,1764.368,3284.483,1094.379,652.4924,1311.766,1048.582,1200.575,1328.055,1057.077,4085.291,1178.932,1085.909,1465.383,1665.153,1621.801,893.7832,1106.694,726.9141,1790.422,3218.033,1125.016,682.1113,1346.959,1078.894,1234.352,1362.298,1093.864,4005.165,1220.071,1119.621
"2025-10-26 01:15:00",416,"NAN",11.83,1402.26,1640.807,1592.765,862.8683,1074.642,694.4894,1767.699,3284.788,1094.59,653.2887,1314.383,1053.807,1200.959,1329.518,1049.959,4082.85,1180.17,1089.119,1467.14,1667.163,1623.876,894.8914,1108.407,728.6485,1793.527,3220.175,1126.531,685.5182,1348.509,1082.374,1234.759,1362.719,1085.295,4006.689,1221.029,1122.684
"2025-10-26 01:30:00",417,"NAN",11.85,1402.922,1641.682,1589.028,861.03,1073.538,692.7394,1762.843,3269.293,1091.503,651.9772,1310.83,1042.17,1202.041,1330.466,1033.325,4060.262,1177.136,1085.29,1465.761,1671.053,1620.828,892.2045,1105.832,723.9747,1790.264,3213.795,1122.823,683.1434,1343.298,1071.567,1236.159,1365.092,1071.556,3989.456,1215.112,1118.933
"2025-10-26 01:45:00",418,"NAN",11.86,1404.363,1643.574,1594.228,864.0527,1076.967,696.2908,1769.343,3281.549,1093.822,653.7671,1315.04,1045.662,1202.768,1331.816,1048.743,4074.8,1180.605,1091.299,1466.332,1671.184,1626.646,895.8134,1110.01,728.6046,1794.315,3220.209,1125.679,685.6128,1347.691,1073.802,1236.804,1365.732,1086.017,4014.078,1219.397,1125.041
"2025-10-26 02:00:00",419,"NAN",11.83,1406.016,1644.698,1599.084,866.7374,1079.822,698.8122,1772.315,3296.713,1095.987,654.8084,1319.439,1064.971,1203.473,1333.207,1058.232,4084.689,1183.317,1095.604,1468.924,1671.982,1630.708,897.7236,1112.078,729.6846,1796.991,3234.441,1127.714,685.5936,1350.773,1094.599,1237.183,1366.57,1094.19,4014.992,1222.4,1128.943
"2025-10-26 02:15:00",420,"NAN",11.87,1406.809,1646.773,1596.288,865.2326,1078.668,697.962,1767.27,3276.693,1093.852,653.9709,1317.164,1053.119,1203.882,1334.206,1056.494,4059.633,1181.198,1092.585,1470.369,1675.12,1627.309,895.7225,1108.388,731.9834,1794.266,3218.52,1122.579,684.3075,1352.728,1083.426,1237.26,1367.111,1091.259,3983.457,1220.28,1122.052
"2025-10-26 02:30:00",421,"NAN",11.87,1408.504,1648.469,1601.633,868.7003,1082.028,701.1045,1773.915,3291.659,1096.195,654.7681,1320.319,1068.674,1205.421,1335.976,1061.867,4079.3,1184.61,1097.358,1473.011,1676.114,1632.207,896.0786,1113.597,735.1514,1800.063,3238.77,1125.914,684.9793,1355.15,1097.996,1238.299,1366.844,1097.217,4000.61,1224.514,1129.642
"2025-10-26 02:45:00",422,"NAN",11.87,1409.394,1649.404,1603.58,869.7361,1083.033,701.9302,1774.499,3300.199,1097.642,654.9531,1320.074,1072.986,1206.501,1336.97,1062.032,4082.691,1185.461,1099.219,1473.509,1677.205,1631.794,899.0452,1115.724,735.6371,1800.357,3251.014,1127.53,686.2361,1355.092,1102.384,1237.272,1368.495,1098.815,4005.549,1224.623,1128.852
"2025-10-26 03:00:00",423,"NAN",11.86,1410.386,1649.871,1604.766,870.5427,1083.982,703.0865,1774.582,3297.361,1097.681,654.5329,1320.888,1074.378,1207.246,1337.367,1007.287,4076.215,1186.92,1100.443,1475.213,1678.671,1634.289,899.5079,1116.987,736.8249,1800.517,3246.212,1127.526,686.2129,1356.341,1104.421,1237.952,1369.345,1045.277,3997.772,1226.911,1132.187
"2025-10-26 03:15:00",424,"NAN",11.87,1411.926,1651.218,1607.42,872.4466,1086.122,704.9016,1778.192,3306.989,1098.313,653.6293,1322.645,1077.247,1207.177,1338.895,1025.071,4078.915,1189.182,1103.578,1477.045,1679.051,1638.151,900.1917,1117.458,738.4229,1804.508,3249.962,1128.679,682.3177,1357.359,1106.707,1240.259,1371.062,1060.464,4003.165,1229.47,1136.762
"2025-10-26 03:30:00",425,"NAN",11.84,1412.81,1651.055,1608.56,873.5249,1086.986,704.0243,1779.818,3307.72,1098.51,653.6876,1323.25,1069.258,1207.915,1340.073,1026.885,4083.154,1191.625,1105.684,1477.66,1678.636,1639.602,903.2531,1115.822,736.6527,1805.809,3250.987,1128.939,683.0784,1356.354,1098.117,1241.032,1372.926,1063.606,4020.412,1230.127,1138.35
"2025-10-26 03:45:00",426,"NAN",11.85,1413.389,1651.345,1609.726,874.5145,1087.642,705.4588,1781.777,3309.844,1099.226,653.5541,1323.196,1073.972,1208.956,1340.269,1027.741,4081.852,1193.192,1107.897,1476.774,1678.592,1640.803,904.8296,1119.585,737.2187,1806.786,3255.39,1129.854,684.9916,1358.175,1101.074,1241.087,1373.255,1063.692,4015.457,1233.252,1140.604
"2025-10-26 04:00:00",427,"NAN",11.87,1415.159,1651.333,1611.177,873.8724,1088.556,707.1655,1784.145,3309.845,1099.629,654.0724,1321.8,1080.181,1209.893,1342.206,1028.662,4086.425,1194.291,1110.391,1476.291,1677.095,1642.081,904.3179,1120.367,738.5255,1808.389,3254.841,1130.774,685.2586,1355.391,1106.845,1242.775,1374.835,1064.795,4019.636,1233.592,1141.19
"2025-10-26 04:15:00",428,"NAN",11.87,1416.195,1650.887,1612.952,875.7497,1089.462,708.9034,1785.21,3307.615,1099.643,654.9918,1319.943,1078.103,1210.966,1342.628,1028.752,4081.054,1194.615,1112.802,1480.033,1676.601,1642.447,905.8413,1121.661,742.013,1809.823,3256.87,1129.761,685.9278,1353.844,1106.89,1240.75,1374.344,1065.879,4010.476,1233.804,1142.393
"2025-10-26 04:30:00",429,"NAN",11.86,1417.027,1650.691,1614.025,876.726,1090.108,710.2873,1787.38,3301.847,1100.683,651.9163,1320.937,1079.212,1211.658,1342.831,1029.792,4084.133,1194.389,1115.323,1479.484,1677.481,1644.927,906.6096,1121.627,740.8488,1813.919,3247.242,1130.436,680.5449,1354.49,1107.374,1244.149,1375.745,1066.582,4019.759,1232.955,1147.656
"2025-10-26 04:45:00",430,"NAN",11.85,1417.932,1649.204,1614.357,877.5757,1090.712,711.1733,1789.149,3299.382,1099.958,650.3189,1322.362,971.6387,1211.453,1344.282,1029.786,4083.942,1194.121,1116.945,1480.809,1676.413,1644.965,906.9449,1119.813,744.7197,1814.672,3249.763,1128.373,680.3315,1356.504,1002.504,1243.976,1373.735,1065.143,4010.233,1233.948,1148.62
"2025-10-26 05:00:00",431,"NAN",11.86,1418.343,1648.397,1615.455,878.4698,1091.786,712.4653,1790.57,3286.772,1099.911,651.6511,1323.708,935.7128,1211.762,1344.334,1029.84,4079.558,1193.577,1118.741,1482.891,1675.264,1643.443,906.8657,1124.218,745.8999,1816.14,3237.937,1128.986,682.8802,1357.789,965.0079,1242.252,1376.91,1064.937,4007.403,1232.485,1151.025
"2025-10-26 05:15:00",432,"NAN",11.85,1419.298,1646.588,1616.359,879.6981,1092.891,713.9988,1792.916,3271.532,1099.699,651.9337,1325.092,867.5023,1212.133,1344.969,1029.628,4078.295,1193.418,1121.505,1482.23,1673.643,1646.763,908.947,1122.032,746.0657,1818.376,3209.462,1130.418,681.2955,1357.185,898.9263,1244.725,1376.371,1063.426,4004.856,1232.679,1152.543
"2025-10-26 05:30:00",433,"NAN",11.87,1420.061,1643.996,1617.138,880.9424,1094.15,715.7039,1793.366,3259.683,1101.322,652.0843,1323.594,917.9669,1212.693,1345.293,1028.951,4067.337,1192.736,1122.219,1483.121,1670.995,1646.558,909.3109,1122.815,748.4141,1818.464,3210.099,1129.186,682.3386,1357.844,947.6553,1243.477,1375.533,1065.822,3998.471,1231.225,1151.71
"2025-10-26 05:45:00",434,"NAN",11.87,1421.136,1642.184,1618.437,882.627,1095.426,717.85,1795.19,3233.696,1101.384,653.1755,1324.775,960.0029,1213.343,1346.476,1029.697,4067.309,1193.639,1126.696,1484.268,1667.023,1648.345,912.3137,1127.156,748.5267,1820.016,3160.705,1131.221,683.1245,1356.667,988.4716,1245.124,1378.963,1066.15,4012.355,1231.379,1157.325
"2025-10-26 06:00:00",435,"NAN",11.85,1422.833,1641.196,1620.079,884.4111,1096.981,719.9774,1796.548,3213.302,1101.331,653.8677,1326.377,980.22,1213.893,1348.273,1030.481,4060.918,1194.154,1130.156,1486.152,1667.539,1647.647,912.7955,1128.14,753.3038,1821.563,3170.814,1130.509,684.6736,1360.145,1009.341,1243.934,1378.615,1065.899,3985.237,1233.395,1161.447
"2025-10-26 06:15:00",436,"NAN",11.87,1425.176,1641.517,1622.298,886.5191,1098.522,721.9748,1798.344,3190.051,1102.333,654.8766,1328.657,997.2712,1214.888,1350.395,1031.236,4056.096,1195.201,1133.98,1488.676,1667.77,1651.998,913.4545,1130.344,754.9431,1821.591,3130.187,1132.809,685.0793,1359.763,1025.085,1246.25,1381.981,1067.465,3990.057,1232.173,1164.175
"2025-10-26 06:30:00",437,"NAN",11.87,1428.005,1643.027,1625.31,889.0439,1100.281,723.4639,1800.738,3175.064,1103.661,656.0446,1330.927,1007.367,1215.924,1353.112,1031.699,4048.921,1197.198,1137.14,1490.088,1667.905,1654.858,918.7179,1132.188,755.3484,1824.413,3109.23,1134.07,686.4505,1363.01,1035.169,1249.091,1384.609,1066.935,3986.428,1235.565,1168.276
"2025-10-26 06:45:00",438,"NAN",11.87,1431.324,1648.83,1630.498,892.2216,1103.53,724.8241,1804.998,3184.419,1106.062,656.1685,1335.122,1018.693,1219.581,1356.281,1034.915,4047.321,1200.949,1141.447,1495.363,1675.119,1658.623,920.5048,1135.642,757.8632,1830.314,3143.949,1134.869,685.6183,1369.262,1047.367,1250.538,1385.43,1070.913,3989.448,1238.904,1172.325
"2025-10-26 07:00:00",439,"NAN",11.87,1436.759,1656.45,1636.841,896.583,1108.43,726.2548,1808.511,3211.257,1109.162,657.2948,1336.804,1033.292,1222.373,1359.879,1037.64,4043.355,1205.277,1145.976,1500.254,1682.587,1666.056,924.0629,1138.513,758.9913,1834.205,3149.235,1137.212,686.6115,1371.198,1062.081,1253.699,1389.788,1072.277,3968.877,1244.236,1177.286
"2025-10-26 07:15:00",440,"NAN",11.86,1465.199,1726.873,1643.775,900.3784,1112.91,724.9832,1811.01,3248.745,1111.169,657.6207,1337.812,1044.384,1223.414,1363.244,1038.812,4036.005,1207.51,1147.115,1530.242,1747.709,1672.454,930.022,1143.634,756.8908,1833.281,3197.963,1140.558,688.717,1371.411,1070.208,1254.2,1395.192,1075.379,3976.101,1243.925,1178.437
"2025-10-26 07:30:00",441,"NAN",11.85,1470.574,1741.446,1648.677,901.9196,1115.851,723.344,1813.445,3320.03,1103.779,657.6393,1342.603,1054.709,1223.761,1366.057,1045.706,4066.581,1212.216,1149.418,1535.104,1766.83,1678.89,932.0446,1147.393,753.6625,1838.961,3267.757,1134.344,688.0615,1373.5,1082.722,1256.516,1398.684,1081.67,4007.485,1250.713,1181.123
"2025-10-26 07:45:00",442,"NAN",11.86,1473.603,1753.93,1652.093,902.9661,1118.448,721.4548,1815.835,3413.349,1104.513,657.2203,1346.399,1062.039,1224.658,1369.673,1047.616,4076.759,1213.833,1148.166,1537.535,1779.834,1682.255,932.2704,1148.313,753.2782,1842.207,3364.288,1134.902,684.4473,1378.541,1091.864,1257.109,1401.264,1081.927,4009.258,1253.09,1180.042
"2025-10-26 08:00:00",443,"NAN",11.87,1450.916,1710.066,1654.616,903.1697,1120.278,718.9839,1821.902,3454.972,1110.186,658.0204,1348.392,1071.383,1226.788,1372.375,1048.808,4082.945,1214.884,1145.546,1513.787,1737.612,1684.451,931.8273,1149.728,751.0729,1844.266,3402.739,1140.745,686.7858,1380.231,1101.678,1258.892,1403.618,1084.321,4017.105,1254.251,1176.827
"2025-10-26 08:15:00",444,"NAN",11.86,1453.617,1721.451,1658.305,903.6027,1122.594,717.0765,1826.17,3474.611,1115.454,657.267,1350.881,1087.892,1228.476,1375.185,1050.807,4087.623,1217.301,1143.457,1519.669,1748.879,1688.574,933.3038,1153.431,748.2685,1853.921,3424.431,1146.225,688.2319,1384.432,1114.428,1259.606,1407.365,1087.784,4020.062,1255.102,1173.709
"2025-10-26 08:30:00",445,"NAN",11.87,1460.678,1738.381,1667.201,907.3462,1129.056,716.8187,1839.019,3482.618,1124.249,658.9605,1358.015,1107.929,1233.708,1382.536,1056.343,4088.642,1223.926,1145.194,1524.566,1764.587,1697.026,937.0518,1160.767,747.245,1864.117,3432.505,1152.317,687.8281,1392.498,1137.946,1265.687,1414.833,1092.571,4034.046,1262.568,1177.622
"2025-10-26 08:45:00",446,"NAN",11.87,1466.37,1763.594,1676.301,913.088,1138.345,714.8416,1846.112,3511.331,1130.439,660.1986,1365.349,1128.151,1237.46,1392.924,1058.18,4088.201,1228.185,1142.717,1531.896,1788.707,1706.288,943.1409,1170.291,746.9698,1867.307,3457.599,1161.082,690.8042,1398.526,1155.259,1270.329,1424.025,1091.293,4027.781,1267.319,1174.048
"2025-10-26 09:00:00",447,"NAN",11.87,1470.819,1784.038,1684.046,920.5648,1150.298,712.5822,1851.245,3545.4,1136.013,660.6096,1372.776,1147.577,1245.648,1403.151,1060.518,4088.269,1231.233,1141.183,1539.046,1810.276,1712.566,947.8303,1182.535,745.7606,1876.347,3498.51,1164.108,691.3114,1407.02,1174.573,1277.666,1435.877,1097.014,4039.259,1269.371,1173.628
"2025-10-26 09:15:00",448,"NAN",11.87,1474.83,1804.888,1697.421,933.558,1167.142,709.3616,1856.113,3569.453,1141.208,660.938,1382.793,1171.796,1252.881,1417.591,1062.31,4099.333,1232.759,1137.284,1542.649,1830.423,1724.806,962.6754,1199.79,743.0162,1881.125,3517.141,1169.026,690.5997,1417.124,1202.123,1285.298,1449.422,1096.871,4033.167,1271.809,1169.173
"2025-10-26 09:30:00",449,"NAN",11.86,1483.578,1832.91,1710.691,949.9958,1193.415,707.3483,1852.962,3566.104,1140.854,660.3742,1393.024,1199.107,1261.094,1434.036,1058.434,4073.377,1231.596,1128.587,1552.208,1858.28,1738.943,976.7395,1224.241,740.6876,1877.881,3510.711,1170.703,688.1347,1426.303,1228.829,1293.541,1465.563,1093.441,4015.394,1269.682,1158.943
"2025-10-26 09:45:00",450,"NAN",11.87,1495.109,1862.272,1735.402,976.3989,1228.516,709.6811,1864.276,3590.733,1149.527,661.7751,1410.225,1247.413,1272.128,1449.121,1060.264,4100.206,1234.438,1126.15,1560.81,1886.932,1763.801,1005.708,1259.668,740.6946,1866.864,3537.406,1179.658,692.77,1443.587,1276.568,1302.286,1480.962,1097.95,4040.504,1273.157,1155.743
"2025-10-26 10:00:00",451,"NAN",11.85,1505.829,1886.521,1747.066,993.6045,1253.201,706.8196,1860.87,3573.581,1149.488,659.5129,1429.344,1266.02,1283.651,1477.631,1054.762,4075.397,1226.707,1111.862,1572.041,1909.643,1769.865,1018.846,1281.314,736.5323,1868.665,3535.53,1176.28,687.257,1459.366,1293.316,1309.292,1505.537,1089.419,4029.013,1263.51,1140.93
"2025-10-26 10:15:00",452,"NAN",11.87,1525.557,1906.48,1774.92,1026.551,1293.442,716.6566,1866.348,3583.144,1156.233,662.1622,1460.357,1296.506,1308.24,1510.229,1054.049,4088.213,1230.031,1108.764,1592.905,1929.912,1800.586,1055.202,1323.341,748.7838,1889.776,3532.276,1184.882,689.0972,1491.969,1326.698,1338.204,1537.458,1090.031,4031.794,1269.269,1140.509
"2025-10-26 10:30:00",453,"NAN",11.86,1562.078,1998.428,1803.1,1061.619,1329.855,723.9154,1889.869,3602.423,1160.027,663.3174,1487.637,1324.481,1330.067,1538.738,1054.621,4112.634,1231.849,1104.617,1644.467,2028.531,1828.559,1090.002,1359.416,755.6342,1912.998,3548.855,1189.26,693.8796,1518.538,1353.323,1357.682,1567.335,1091.956,4059.797,1270.754,1136.356
"2025-10-26 10:45:00",454,"NAN",11.83,1530.29,1959.539,1767.822,1021.067,1282.409,689.79,1874.289,3597.314,1146.371,652.6086,1450.38,1271.285,1307.111,1541.311,1061.66,4166.625,1224.237,1089.203,1582.751,1972.701,1782.254,1033.057,1296.641,704.6301,1886.383,3603.796,1160.974,666.1517,1466.508,1285.568,1322.592,1557.415,1081.612,4184.157,1249.202,1105.185
"2025-10-26 11:00:00",455,"NAN",11.85,1527.198,1959.487,1772.037,1022.548,1279.97,692.2941,1875.331,3596.64,1147.221,652.4522,1451.62,1277.717,1283.667,1490.59,1061.579,4169.689,1224.975,1087.665,1580.011,1972.897,1786.744,1034.654,1294.016,707.0663,1887.097,3604.859,1161.974,665.7028,1467.807,1292.058,1320.542,1557.311,1081.042,4190.679,1249.253,1103.342
"2025-10-26 11:15:00",456,"NAN",11.83,1507.106,1935.916,1757.042,1004.676,1262.286,688.7549,1826.147,3588.528,1144.518,649.0086,1433.253,1260.542,1287.342,1514.267,1062.519,4180.407,1221.849,1083.647,1560.137,1949.616,1771.292,1016.152,1276.587,703.8744,1839.374,3603.097,1158.316,661.9431,1450.607,1275.02,1302.406,1530.486,1082.209,4200.658,1246.265,1099.203
"2025-10-26 11:30:00",457,"NAN",11.87,1496.249,1916.245,1741.447,985.9008,1246.489,688.8446,1840.871,3582.174,1140.186,647.4882,1418.991,1245.431,1285.67,1513.25,1062.921,4184.455,1219.88,1082.382,1549.335,1929.45,1756.066,997.8778,1260.32,703.5149,1853.68,3588.711,1154.378,660.7336,1435.066,1258.657,1301.253,1530.127,1082.056,4209.481,1243.897,1097.866
"2025-10-26 11:45:00",458,"NAN",11.84,1483.393,1884.178,1724.886,966.3725,1231.262,689.0671,1839.943,3580.032,1134.952,645.0419,1404.218,1228.208,1281.973,1498.959,1060.866,4196.178,1216.473,1080.947,1538.459,1905.995,1738.983,977.5956,1244.809,703.2803,1852.185,3590.567,1148.322,657.5803,1420.939,1240.941,1296.642,1515.242,1079.431,4212.875,1240.577,1095.825
"2025-10-26 12:00:00",459,"NAN",11.86,1497.862,1899.553,1728.748,964.4199,1235.722,701.867,1848.052,3563.385,1142.142,648.6838,1405.132,1234.185,1292.204,1506.188,1064.32,4154.443,1220.162,1088.106,1550.726,1912.9,1743.568,975.5401,1249.02,716.2405,1859.809,3574.991,1155.518,660.9779,1421.326,1248.148,1307.208,1521.966,1082.744,4180.139,1244.062,1103.725
"2025-10-26 12:15:00",460,"NAN",11.84,1485.885,1886.647,1713.603,949.8865,1220.46,692.5178,1841.41,3580.295,1134.317,646.0247,1390.83,1220.594,1283.157,1496.506,1060.721,4184.216,1214.411,1084.689,1537.418,1900.038,1728.061,960.6317,1234.2,706.9459,1853.319,3589.979,1147.468,658.106,1407.571,1234.138,1296.817,1512.348,1078.871,4204.356,1238.485,1099.72
"2025-10-26 12:30:00",461,"NAN",11.86,1487.844,1884.984,1708.871,940.3574,1215.628,698.4445,1844.376,3575.035,1135.572,647.4751,1386.788,1222.413,1286.31,1497.369,1064.529,4167.44,1215.216,1088.491,1540.044,1897.626,1723.5,951.9152,1229.547,712.8076,1855.853,3582.982,1149.357,660.0504,1403.191,1235.192,1300.717,1514.274,1082.995,4190.407,1238.952,1103.044
"2025-10-26 12:45:00",462,"NAN",11.86,1495.385,1891.753,1715.057,944.9921,1221.837,709.1443,1829.124,3570.246,1140.822,650.5273,1390.361,1238.176,1297.647,1511.225,1066.487,4140.016,1218.023,1093.512,1547.276,1904.854,1730.053,956.0146,1235.577,723.4276,1838.098,3581.312,1154.483,662.4069,1406.794,1252.261,1312.009,1527.019,1084.684,4166.595,1242.353,1108.562
"2025-10-26 13:00:00",463,"NAN",11.87,1541.561,1952.586,1775.13,1013.018,1294.782,757.1606,1865.717,3579.627,1152.185,657.1087,1433.713,1293.2,1330.424,1533.533,1059.656,4097.825,1225.663,1101.463,1595.842,1965.953,1788.563,1024.006,1307.738,770.0626,1877.573,3585.313,1165.706,669.5885,1449.927,1306.093,1342.875,1548.888,1079.203,4120.782,1249.468,1115.946
"2025-10-26 13:15:00",464,"NAN",11.87,1588.365,2011.445,1823.092,1086.856,1351.518,793.7696,1879.546,3602.15,1156.501,662.114,1490.527,1353.65,1383.773,1602.057,1055.912,4112.994,1228.888,1100.925,1641.544,2023.864,1835.578,1097.234,1364.057,805.9748,1890.878,3605.617,1169.88,674.8159,1506.306,1364.223,1396.229,1616.481,1075.512,4135.251,1252.411,1115.918
"2025-10-26 13:30:00",465,"NAN",11.86,1600.256,1997.146,1848.523,1130.221,1380.605,838.1902,1893.874,3590.565,1165.937,668.3903,1507.932,1413.293,1424.544,1643.875,1049.165,4107.295,1234.712,1101.92,1653.697,2009.171,1861.065,1140.757,1393.046,850.3519,1905.109,3588.609,1179.356,681.3762,1523.411,1426.211,1435.956,1658.087,1069.364,4132.497,1258.331,1117.154
"2025-10-26 13:45:00",466,"NAN",11.86,1622.041,2018.193,1862.855,1152.883,1393.357,862.3879,1903.51,3592.328,1171.243,671.8859,1536.68,1431.646,1438.928,1700.882,1047.451,4107.363,1238.908,1101.659,1676.467,2031.193,1875.622,1163.109,1405.694,874.8011,1915.245,3597.77,1184.758,684.2054,1551.705,1444.921,1450.989,1714.173,1067.235,4131.726,1262.336,1117.289
"2025-10-26 14:00:00",467,"NAN",11.87,1661.354,2084.248,1873.068,1163.832,1398.461,874.97,1908.256,3605.516,1175.538,673.4148,1548.107,1453.68,1456.344,1731.167,1049.81,4139.832,1241.901,1098.582,1715.298,2096.054,1886.051,1174.645,1411.052,887.1676,1918.891,3610.216,1189.908,686.6881,1562.174,1466.85,1469.478,1745.063,1069.795,4165.94,1265.086,1114.08
"2025-10-26 14:15:00",468,"NAN",11.87,1665.825,2087.017,1876.619,1165.113,1396.421,873.3035,1911.746,3622.7,1176.862,673.1238,1550.686,1467.605,1463.685,1751.603,1053.094,4148.788,1241.844,1096.372,1719.622,2100.312,1889.85,1175.829,1409.293,885.8578,1923.296,3625.282,1191.165,686.0858,1565.568,1481.465,1476.202,1765.913,1073.427,4172.139,1264.953,1111.554
"2025-10-26 14:30:00",469,"NAN",11.86,1658.14,2086.775,1846.523,1153.562,1389.665,851.0035,1914.804,3644.339,1174.585,669.2324,1549.999,1470.127,1461.196,1759.849,1057.13,4161.624,1241.335,1093.42,1712.697,2099.797,1860.97,1164.692,1403.369,861.6359,1926.532,3650.598,1188.564,682.5051,1565.272,1483.715,1474.521,1775.185,1076.748,4186.209,1265.026,1109.458
"2025-10-26 14:45:00",470,"NAN",11.86,1591.445,1982.897,1831.581,1095.936,1333.904,758.9889,1896.604,3669.747,1158.214,656.2186,1516.081,1420.184,1411.303,1710.03,1059.955,4217.778,1226.713,1078.476,1644.685,1995.989,1845.576,1106.463,1346.988,772.6179,1908.177,3678.954,1172.291,669.2401,1531.641,1433.821,1424.854,1725.779,1079.371,4239.515,1250.959,1094.317
"2025-10-26 15:00:00",471,"NAN",11.86,1581.373,1978.664,1837.726,1093.2,1343.661,773.5345,1889.868,3657.792,1163.067,654.6613,1513.765,1428.363,1410.88,1718.95,1063.678,4177.305,1231.654,1087.302,1636.483,1992.654,1851.64,1104.305,1357.541,787.7858,1902.747,3661.566,1176.799,667.3719,1528.636,1440.839,1424.432,1734.63,1082.493,4189.969,1254.637,1101.367
"2025-10-26 15:15:00",472,"NAN",11.86,1550,1949.756,1812.315,1061.733,1317.936,744.7148,1876.869,3658.02,1152.4,647.9039,1490.667,1403.017,1376.392,1692.717,1062.194,4203.092,1221.47,1078.456,1604.353,1963.759,1826.524,1073.21,1331.365,758.9984,1889.257,3669.288,1166.598,661.1846,1507.255,1417.494,1390.272,1709.202,1081.98,4226.614,1245.829,1094.479
"2025-10-26 15:30:00",473,"NAN",11.87,1521.15,1925.23,1790.305,1035.729,1294.969,731.1707,1868.577,3673.42,1142.427,639.6852,1466.457,1384.562,1349.806,1671.001,1058.627,4235.782,1211.692,1071.591,1574.541,1938.119,1804.473,1047.25,1308.711,745.3829,1880.652,3687.072,1156.186,652.7534,1482.438,1399.066,1364.385,1687.591,1077.481,4265.621,1235.683,1087.826
"2025-10-26 15:45:00",474,"NAN",11.85,1491.707,1885.057,1757.893,998.3694,1266.428,725.4828,1856.932,3661.942,1132.808,635.9971,1442.801,1343.889,1322.61,1640.21,1057.589,4249.361,1204.339,1068.205,1544.364,1898.825,1772.323,1009.824,1280.515,739.7701,1869.824,3669.918,1146.533,648.9824,1459.294,1357.979,1337.479,1657.448,1075.967,4268.059,1228.912,1084.452
"2025-10-26 16:00:00",475,"NAN",11.87,1642.995,1987.273,1884.72,1157.982,1425.359,918.5875,1990.674,3220.185,1306.594,826.7764,1599.053,1496.503,1488.601,1781.718,1241.763,3638.323,1377.714,1254.758,1534.434,1869.671,1750.656,984.6981,1261.49,743.1786,1864.632,3661.369,1141.913,650.1512,1444.19,1337.166,1325.667,1638.062,1076.464,4255.57,1225.957,1086.343
"2025-10-26 16:15:00",476,"NAN",11.87,1633.623,1980.252,1868.151,1138.627,1410.624,921.3146,1986.006,3211.175,1302.188,826.9192,1585.945,1486.145,1482.85,1770.52,1239.691,3638.079,1375.217,1256.984,1524.868,1856.453,1733.323,965.8698,1246.513,746.4906,1860.864,3650.583,1138.18,650.7168,1431.64,1326.499,1320.262,1628.593,1076.014,4240.76,1223.5,1089.382
"2025-10-26 16:30:00",477,"NAN",11.83,1629.217,1967.506,1857.886,1126.827,1400.389,926.6737,1987.51,3234.531,1302.382,829.4103,1578.703,1484.907,1482.094,1767.151,1241.743,3651.932,1375.433,1264.048,1519.461,1843.034,1721.958,952.6526,1236.565,751.9127,1863.252,3655.028,1137.861,652.7558,1423.62,1326.011,1320.064,1624.706,1077.341,4245.622,1223.958,1096.942
"2025-10-26 16:45:00",478,"NAN",11.84,1623.132,1954.982,1845.297,1114.112,1388.359,926.8695,1985.559,3239.345,1298.781,829.5055,1568.516,1477.517,1479.383,1763.364,1239.829,3646.129,1373.087,1267.774,1512.699,1829.211,1707.016,939.6158,1223.821,752.4628,1861.515,3665.723,1133.494,653.4099,1413.199,1317.645,1317.122,1619.252,1075.172,4243.011,1221.009,1100.354
"2025-10-26 17:00:00",479,"NAN",11.85,1618.165,1943.957,1832.258,1102.951,1377.809,928.0569,1986.493,3232.234,1294.969,830.6016,1559.675,1467.235,1477.025,1758.555,1237.265,3634.455,1369.804,1271.634,1507.779,1816.546,1693.014,928.5786,1212.57,753.3437,1861.977,3659.432,1129.905,654.2403,1403.588,1305.493,1314.451,1615.92,1072.93,4237.52,1217.517,1103.914
"2025-10-26 17:15:00",480,"NAN",11.87,1613.852,1933.18,1821.904,1093.29,1367.934,929.7446,1982.789,3217.38,1290.215,828.4138,1549.742,1454.201,1474.162,1753.704,1234.407,3621.02,1364.942,1273.464,1503.059,1802.4,1680.802,919.1696,1202.355,754.8406,1857.828,3651.649,1125.277,652.5203,1392.859,1291.577,1311.868,1611.192,1068.592,4227.077,1213.085,1106.236
"2025-10-26 17:30:00",481,"NAN",11.85,1612.141,1922.522,1814.445,1088.628,1360.649,931.9058,1982.938,3241.207,1289.107,828.5457,1542.283,1442.717,1473.553,1752.138,1233.132,3629.279,1364.667,1279.806,1500.051,1792.416,1674.392,913.332,1194.382,757.1691,1857.702,3645.067,1124.111,652.991,1385.421,1279.518,1310.784,1608.332,1068.627,4223.51,1211.63,1112.403
"2025-10-26 17:45:00",482,"NAN",11.86,1611.822,1916.016,1811.139,1086.764,1355.325,936.5859,1986.146,3213.494,1289.021,829.9451,1539.654,1441.558,1475.059,1753.448,1234.456,3609.655,1364.445,1287.881,1499.955,1785.076,1670.738,912.2853,1189.042,761.3752,1859.248,3643.224,1124.948,654.4333,1381.802,1278.816,1312.724,1608.766,1069.425,4219.046,1212.592,1120.336
"2025-10-26 18:00:00",483,"NAN",11.86,1609.99,1914.427,1807.119,1084.314,1347.852,937.5481,1984.004,3210.669,1287.959,829.363,1536.844,1449.079,1473.043,1753.455,1233.41,3639.283,1365.087,1294.566,1497.886,1780.941,1666.025,909.614,1180.81,762.9495,1857.904,3651.792,1123.401,653.4772,1378.699,1286.735,1310.974,1610.543,1068.257,4218.906,1212.597,1126.903
"2025-10-26 18:15:00",484,"NAN",11.85,1607.231,1911.373,1804.398,1083.592,1341.921,939.8911,1984.29,3217.954,1287.965,830.0676,1532.104,1448.685,1472.083,1753.967,1231.79,3633.464,1365.773,1300.3,1494.114,1778.472,1661.3,906.7657,1173.947,764.678,1857.937,3663.359,1121.942,652.3873,1373.557,1285.807,1308.756,1609.418,1065.979,4232.129,1212.609,1132.691
"2025-10-26 18:30:00",485,"NAN",11.84,1605.432,1904.366,1800.642,1081.963,1334.845,941.5953,1983.085,3219.112,1285.824,827.7068,1528.304,1439.931,1470.416,1753.018,1230.208,3615.716,1365.272,1304.82,1491.694,1771.324,1658.272,905.7654,1166.897,766.3733,1857.017,3668.805,1120.116,651.0453,1370.261,1276.59,1306.467,1607.296,1064.87,4231.681,1212.242,1137.358
"2025-10-26 18:45:00",486,"NAN",11.86,1602.845,1896.812,1796.832,1080.821,1328.803,942.4124,1982.245,3219.491,1282.551,827.1544,1525.408,1420.75,1466.486,1748.192,1228.716,3620.718,1363.253,1308.499,1488.521,1759.4,1653.765,905.1945,1160.976,767.1461,1854.824,3657.035,1116.93,650.6725,1365.749,1255.217,1303.484,1603.039,1062.618,4229.992,1208.964,1140.693
"2025-10-26 19:00:00",487,"NAN",11.87,1601.203,1886.602,1794.043,1080.891,1323.606,944.8173,1981.342,3202.671,1280.35,827.264,1522.382,1399.815,1464.981,1742.11,1227.346,3622.853,1360.914,1312.584,1485.206,1747.944,1649.611,903.8729,1153.89,768.3007,1853.922,3646.209,1112.856,649.8193,1362.088,1231.698,1300.051,1595.281,1060.137,4226.073,1206.52,1143.722
"2025-10-26 19:15:00",488,"NAN",11.85,1600.577,1876.061,1791.636,1082.266,1319.234,947.3636,1980.457,3190.779,1277.09,828.4425,1517.541,1384.114,1463.694,1737.106,1224.807,3597.077,1357.01,1314.359,1483.548,1737.523,1645.795,903.2741,1147.905,769.8522,1850.53,3618.133,1110.679,650.3687,1356.842,1217.096,1298.748,1588.943,1057.896,4207.867,1202.773,1145.412
"2025-10-26 19:30:00",489,"NAN",11.84,1599.531,1867.274,1790.313,1082.603,1314.185,948.5669,1979.715,3171.096,1276.138,828.7371,1516.336,1379.412,1463.157,1732.037,1224.26,3593.299,1356.374,1319.407,1482.543,1728.044,1645.065,905.2523,1144.601,772.2292,1850.64,3593.592,1109.575,650.6991,1355.69,1210.672,1297.635,1583.973,1057.476,4201.646,1201.375,1150.354
"2025-10-26 19:45:00",490,"NAN",11.87,1600.029,1859.422,1789.053,1084.358,1311.32,948.7512,1978.482,3152.553,1275.24,829.3481,1516.354,1380.273,1461.861,1728.942,1225.539,3587.073,1355.744,1322.848,1482.864,1718.555,1644.239,907.7905,1141.326,772.6429,1850.502,3563.645,1108.825,651.4271,1355.748,1211.364,1296.941,1580.986,1058.323,4195.513,1201.233,1154.65
"2025-10-26 20:00:00",491,"NAN",11.87,1600.561,1851.126,1791.471,1088.598,1309.953,954.2815,1982.19,3154.465,1276.956,829.4971,1517.338,1379.91,1461.458,1726.753,1226.367,3619.129,1356.669,1329.499,1483.151,1710.638,1647.118,912.1383,1140.524,778.7056,1854.838,3542.02,1109.936,652.322,1357.401,1211.636,1296.626,1578.149,1060.165,4193.013,1202.468,1161.821
"2025-10-26 20:15:00",492,"NAN",11.87,1600.765,1845.683,1791.428,1091.552,1307.748,957.0667,1983.742,3110.674,1275.511,826.6506,1517.438,1378.86,1460.914,1727.266,1226.095,3597.61,1356.907,1334.118,1483.6,1704.101,1647.613,915.412,1138.237,781.8265,1856.042,3511.569,1109.727,647.9946,1356.82,1210.143,1297.254,1578.812,1059.607,4191.425,1202.885,1166.611
"2025-10-26 20:30:00",493,"NAN",11.86,1601.219,1842.978,1792.802,1094.646,1306.036,959.7976,1985.155,3107.034,1275.629,829.1968,1517.661,1380.698,1460.464,1726.847,1226.791,3589.592,1358.162,1339.744,1484.278,1700.725,1648.744,918.848,1136.145,784.4324,1858.162,3495.173,1108.821,652.3826,1357.994,1212.097,1296.241,1578.705,1060.374,4182.132,1204.101,1172.632
"2025-10-26 20:45:00",494,"NAN",11.87,1601.299,1838.03,1792.233,1096.603,1303.657,961.4643,1985.224,3116.097,1274.216,827.3643,1517.571,1381.689,1459.048,1726.444,1225.77,3601.464,1356.815,1343.717,1485.579,1697.115,1649.681,922.0345,1135.682,787.6558,1859.33,3473.417,1108.896,652.6212,1358.541,1214.196,1296.111,1580.081,1060.973,4177.348,1204.082,1178.061
"2025-10-26 21:00:00",495,"NAN",11.86,1602.779,1835.833,1793.708,1099.152,1302.809,963.9484,1985.853,3088.929,1275.212,827.3458,1517.728,1384.792,1459.261,1727.761,1226.369,3603.393,1357.43,1349.384,1485.979,1695.701,1651.519,924.9011,1134.959,790.3934,1860,3459.815,1110.118,652.2036,1359.622,1218.557,1296.316,1580.366,1061.923,4172.541,1204.666,1183.244
"2025-10-26 21:15:00",496,"NAN",11.85,1603.272,1835.272,1795.396,1101.806,1302.197,966.6317,1986.877,3093.429,1276.369,823.4286,1518.562,1387.86,1459.864,1727.972,1226.614,3599.843,1357.578,1355.163,1488.631,1696.435,1653.545,928.4475,1135.083,794.1982,1862.438,3448.074,1111.546,648.3755,1361.66,1222.201,1297.917,1582.248,1063.554,4160.408,1205.981,1190.215
"2025-10-26 21:30:00",497,"NAN",11.88,1604.792,1834.653,1796.792,1104.121,1301.194,969.0995,1987.454,3058.894,1276.983,827.7415,1519.076,1389.067,1460.005,1727.825,1226.791,3573.514,1358.31,1360.252,1489.37,1695.822,1655.614,931.2893,1133.807,797.0083,1862.674,3428.323,1112.706,653.8354,1362.327,1224.694,1298.389,1581.565,1063.389,4157.614,1206.558,1195.438
"2025-10-26 21:45:00",498,"NAN",11.87,1605.605,1835.427,1797.75,1106.448,1300.403,972.2358,1989.614,3060.49,1277.35,826.816,1520.922,1390.67,1459.76,1729.903,1227.958,3571.334,1359.845,1366.139,1491.687,1696.442,1656.905,933.6223,1133.158,800.2368,1864.796,3415.459,1113.478,652.5624,1363.569,1224.633,1298.478,1585.093,1064.497,4151.906,1207.729,1201.401
"2025-10-26 22:00:00",499,"NAN",11.87,1607.601,1837.323,1800.3,1109.696,1300.174,974.179,1991.362,3068.721,1278.756,827.6127,1522.318,1393.344,1460.137,1732.635,1228.926,3589.364,1360.591,1372.302,1493.437,1698.156,1659.53,936.7861,1132.698,802.1213,1866.653,3408.569,1115.489,653.5996,1364.661,1227.795,1299.107,1586.371,1065.243,4150.159,1208.124,1207.651
"2025-10-26 22:15:00",500,"NAN",11.86,1609.049,1838.73,1802.323,1112.59,1299.855,975.3867,1993.851,3067.781,1280.728,828.7727,1522.736,1388.814,1460.736,1733.16,1229.342,3572.047,1362.125,1378.249,1495.001,1700.818,1661.657,939.7875,1132.273,803.2675,1869.466,3406.643,1116.736,654.8716,1366.058,1223.396,1299.379,1587.794,1066.111,4148.612,1210.326,1213.479
"2025-10-26 22:30:00",501,"NAN",11.86,1610.731,1840.902,1803.763,1114.903,1300.357,976.8996,1997.022,3049.576,1280.948,831.3809,1524.801,1386.007,1460.918,1735.197,1230.182,3590.375,1363.326,1382.996,1496.193,1701.701,1663.653,942.3973,1133.275,805.2979,1872.494,3402.493,1117.023,657.5205,1367.892,1220.187,1299.468,1589.846,1066.549,4145.686,1211.64,1218.828
"2025-10-26 22:45:00",502,"NAN",11.85,1611.692,1843.197,1805.028,1116.613,1299.503,978.4107,1996.832,3047.828,1281.598,834.0623,1525.489,1385.309,1461.387,1736.263,1230.03,3570.747,1364.535,1386.588,1498.49,1704.495,1664.195,943.8369,1132.46,806.3741,1873.398,3394.76,1117.415,660.2621,1368.941,1219.371,1299.34,1590.467,1066.646,4134.011,1212.79,1222.113
"2025-10-26 23:00:00",503,"NAN",11.87,1614.557,1844.789,1807.977,1120.209,1300.723,982.4592,1999.55,3036.108,1283.152,828.9656,1525.989,1386.331,1462.112,1738.373,1230.987,3560.535,1367.235,1391.485,1500.184,1707.012,1668.346,947.1188,1133.281,810.4883,1875.368,3398.669,1119.151,654.9056,1369.508,1221.045,1300.235,1592.106,1067.732,4146.749,1215.704,1227.519
"2025-10-26 23:15:00",504,"NAN",11.87,1615.634,1846.763,1809.453,1122.134,1301.502,984.8971,2002.147,3029.944,1283.487,828.4498,1528.151,1384.95,1461.586,1738.466,1232.235,3569.772,1368.368,1395.312,1501.833,1709.235,1670.05,949.5233,1133.988,812.9802,1878.214,3395.537,1120.269,654.4448,1370.652,1219.537,1299.921,1593.431,1068.35,4139.767,1216.081,1231.202
"2025-10-26 23:30:00",505,"NAN",11.84,1617.147,1848.711,1812.987,1125.198,1302.265,987.1328,2003.309,3059.068,1285.614,831.2925,1529.413,1387.864,1462.406,1740.369,1232.528,3560.84,1369.412,1399.688,1504.027,1711.809,1672.376,951.8513,1134.799,815.1383,1880.495,3395.072,1120.87,656.2033,1372.797,1222.396,1300.27,1595.073,1069.318,4135.596,1216.845,1235.041
"2025-10-26 23:45:00",506,"NAN",11.86,1619.1,1851.605,1814.409,1128.139,1303.726,988.5419,2006.546,3037.048,1286.136,830.3943,1530.82,1390.829,1462.916,1742.264,1232.658,3561.292,1370.05,1403.163,1505.829,1713.763,1674.968,955.0471,1136.138,816.5942,1883.255,3393.105,1121.849,656.5797,1374.183,1225.253,1300.765,1596.854,1068.955,4135.129,1217.767,1239.515
"2025-10-27 00:00:00",507,"NAN",11.86,1620.858,1852.096,1817.091,1130.83,1304.882,989.5641,2008.504,3030.031,1287.095,823.1981,1532.211,1393.219,1463.403,1743.665,1232.008,3590.062,1370.72,1406.399,1508.025,1714.863,1677.317,958.0297,1137.41,817.6083,1885.442,3389.421,1122.547,648.8714,1375.637,1228.349,1301.302,1598.181,1068.427,4136.815,1218.872,1242.251
"2025-10-27 00:15:00",508,"NAN",11.87,1622.675,1854.411,1818.157,1132.829,1305.78,990.1983,2009.069,3041.02,1286.365,821.0577,1532.98,1394.082,1463.042,1745.038,1230.759,3549.938,1370.58,1407.455,1509.433,1717.326,1678.804,960.1666,1138.094,818.651,1885.515,3382.017,1122.741,645.9663,1375.113,1228.181,1301.192,1599.999,1067.062,4124.246,1218.159,1243.744
"2025-10-27 00:30:00",509,"NAN",11.85,1624.851,1857.083,1822.251,1136.069,1307.783,992.6483,2011.638,3028.87,1288.163,822.2663,1535.402,1398.28,1464.001,1746.427,1231.939,3558.877,1373.434,1411.382,1512.22,1720.156,1682.902,963.7631,1140.855,820.9354,1889.318,3389.35,1123.84,648.1981,1379.154,1232.303,1301.859,1602.002,1068.127,4129.368,1221.249,1247.556
"2025-10-27 00:45:00",510,"NAN",11.87,1627.114,1859.503,1824.616,1138.908,1309.643,994.5767,2013.638,3041.621,1288.978,820.8411,1538.207,1400.774,1464.727,1749.203,1231.833,3566.258,1375.256,1415.226,1514.633,1722.653,1686.378,966.6085,1142.491,823.0551,1891.453,3392.792,1124.992,646.2126,1382.069,1236.271,1302.889,1604.282,1067.917,4123.024,1223.206,1251.325
"2025-10-27 01:00:00",511,"NAN",11.86,1629.229,1864.083,1827.668,1141.269,1310.422,996.0165,2014.734,3051.162,1289.737,825.0969,1539.976,1404.097,1465.561,1750.716,1228.528,3559.335,1376.946,1418.77,1517.062,1727.37,1689.412,968.8849,1143.547,824.7681,1892.828,3404.469,1125.664,650.7257,1383.466,1239.727,1304.253,1606.642,1065.232,4130.487,1225.104,1255.737
"2025-10-27 01:15:00",512,"NAN",11.87,1631.205,1867.227,1830.262,1143.02,1311.409,997.5016,2014.729,3049.725,1289.62,820.7595,1541.418,1406.811,1465.336,1753.56,1204.667,3560.48,1378.693,1421.402,1518.569,1731.574,1692.266,971.0457,1144.647,825.7108,1893.196,3414.898,1126.114,651.8455,1384.752,1242.689,1303.664,1608.837,1041.106,4128.085,1226.739,1258.105
"2025-10-27 01:30:00",513,"NAN",11.87,1631.85,1869.747,1832.757,1145.114,1311.216,998.8718,2017.649,3088.615,1290.163,827.8517,1543.289,1410.47,1465.621,1754.699,1192.58,3553.974,1379.995,1424.284,1519.701,1734.729,1694.997,972.8073,1144.347,827.0664,1895.678,3424.658,1126.559,654.1555,1386.785,1245.625,1303.705,1610.273,1028.523,4124.201,1228.15,1260.762
"2025-10-27 01:45:00",514,"NAN",11.87,1630.852,1870.41,1832.957,1144.042,1309.653,997.6946,2017.509,3064.249,1288.397,826.1933,1542.145,1409.146,1464.055,1754.348,1186.518,3552.422,1378.581,1424.891,1521.776,1737.034,1696.992,974.3542,1144.826,828.6675,1898.146,3436.274,1126.382,653.1431,1388.294,1246.358,1304.614,1612.27,1024.379,4122.446,1229.235,1264.367
"2025-10-27 02:00:00",515,"NAN",11.87,1632.156,1872.027,1834.726,1145.766,1310.095,999.3864,2019.627,3081.636,1288.33,821.7993,1544.075,1409.038,1464.911,1755.032,1188.242,3583.336,1379.554,1427.258,1522.908,1738.068,1699.572,975.8298,1145.508,830.313,1900.547,3447.229,1127.048,649.9434,1390.257,1247.847,1305.547,1612.698,1026.277,4123.552,1230.386,1266.845
"2025-10-27 02:15:00",516,"NAN",11.86,1633.72,1873.238,1835.486,1147.184,1310.739,1000.276,2021.921,3081.589,1288.693,820.0938,1544.608,1410.674,1465.261,1756.571,1191.442,3553.885,1380.885,1429.614,1522.831,1738.248,1699.501,975.4058,1144.849,829.5234,1901.616,3460.981,1126.058,646.5683,1388.898,1247.371,1304.963,1612.88,1027.95,4131.413,1229.826,1267.48
"2025-10-27 02:30:00",517,"NAN",11.86,1633.574,1872.088,1836.383,1146.305,1309.9,999.1121,2022.975,3086.881,1287.073,818.0839,1543.712,1411.024,1463.803,1755.68,1193.062,3578.334,1379.731,1429.965,1523.613,1737.665,1700.199,975.5349,1144.246,829.0943,1902.994,3467.248,1124.501,645.9305,1388.512,1247.543,1304.203,1613.052,1030.059,4139.061,1229.505,1268.45
"2025-10-27 02:45:00",518,"NAN",11.87,1634.474,1872.276,1837.883,1147.921,1309.977,1000.279,2023.583,3083.488,1288.109,818.5276,1543.672,1412.328,1466.201,1755.102,1195.248,3566.596,1381.063,1432.77,1521.217,1734.691,1698.002,973.0964,1141.299,826.3217,1902.45,3481.091,1121.146,641.6555,1386.202,1245.435,1301.455,1609.255,1029.103,4154.716,1227.263,1267.961
"2025-10-27 03:00:00",519,"NAN",11.87,1636.012,1872.424,1839.405,1149.533,1311.092,1001.415,2025.368,3106.957,1288.119,818.0237,1544.904,1413.327,1466.462,1756.521,1198.111,3553.962,1382.18,1435.126,1522.025,1734.793,1699.822,974.0575,1141.488,826.6919,1902.785,3483.447,1121.509,640.5055,1385.576,1245.763,1301.932,1609.933,1030.741,4156.209,1227.686,1269.298
"2025-10-27 03:15:00",520,"NAN",11.85,1637.567,1873.339,1841.645,1151.453,1311.971,1003.016,2027.461,3086.493,1289.303,817.9304,1545.063,1414.7,1467.523,1757.912,1201.316,3586.526,1383.894,1438.035,1523.844,1735.856,1701.604,976.1932,1142.332,828.3289,1905.731,3480.011,1121.856,640.2574,1386.96,1247.511,1302.741,1610.987,1034.412,4154.47,1229.533,1272.575
"2025-10-27 03:30:00",521,"NAN",11.86,1638.851,1873.781,1843.842,1153.397,1313.286,1004.527,2029.539,3092.493,1289.839,819.3831,1547.74,1417.877,1469.52,1758.688,1206.265,3560.975,1386.427,1440.807,1525.809,1736.479,1704.328,978.9809,1144.118,830.4238,1908.264,3474.719,1123.517,642.2383,1389.38,1250.457,1305.749,1613.093,1039.809,4148.323,1232.373,1275.981
"2025-10-27 03:45:00",522,"NAN",11.86,1640.262,1874.896,1845.859,1155.535,1314.32,1005.621,2031.868,3083.485,1290.658,819.8187,1549.04,1417.944,1470.726,1759.904,1209.932,3590.771,1388.88,1443.521,1529.022,1738.781,1708.193,983.4286,1147.465,833.6081,1911.752,3462.421,1126.486,644.9337,1392.277,1252.935,1309.082,1616.009,1045.515,4137.033,1236.652,1280.372
"2025-10-27 04:00:00",523,"NAN",11.86,1641.427,1875.492,1847.327,1157.593,1315.096,1006.113,2032.302,3079.755,1291.486,819.9197,1549.367,1419.382,1472.639,1761.25,1211.658,3582.759,1389.984,1446.205,1646.36,1842.736,1815.542,1114.87,1276.377,966.6631,2004.223,3144.792,1250.717,776.8877,1515.507,1379.79,1435.217,1728.458,1176.872,3670.949,1358.121,1407.052
"2025-10-27 04:15:00",524,"NAN",11.86,1642.578,1876.019,1848.71,1159.208,1316.147,1007.044,2034.82,3091.917,1291.762,815.4076,1550.824,1421.884,1473.107,1761.227,1213.793,3590.837,1390.302,1448.253,1656.058,1851.897,1825.311,1126.172,1287.056,977.1694,2013.218,3151.109,1259.991,781.9058,1525.758,1391.022,1445.02,1737.54,1188.118,3661.389,1367.17,1418.427
"2025-10-27 04:30:00",525,"NAN",11.85,1644.64,1877.628,1850.61,1161.135,1317.629,1008.463,2035.482,3081.932,1292.415,816.2468,1552.639,1421.764,1473.597,1762.863,1215.369,3564.234,1390.547,1449.614,1659.625,1854.573,1829.326,1130.218,1289.749,980.6066,2015.529,3146.854,1262.894,785.0477,1529.083,1393.289,1447.84,1740.774,1191.74,3650.905,1369.626,1422.399
"2025-10-27 04:45:00",526,"NAN",11.87,1645.396,1878.18,1852.41,1162.261,1318.747,1009.864,2036.25,3079.597,1293.519,817.3874,1553.018,1422.635,1474.432,1763.174,1216.41,3563.115,1390.358,1450.601,1664.775,1859.252,1835.523,1136.29,1295.816,986.8118,2020.665,3122.243,1267.413,791.1732,1534.041,1398.323,1453.104,1745.616,1197.668,3645.111,1372.861,1427.03
"2025-10-27 05:00:00",527,"NAN",11.86,1646.746,1878.989,1855.293,1163.757,1319.739,1011.061,2037.155,3072.006,1294.181,822.58,1553.411,1423.983,1475.181,1763.366,1218.242,3555.036,1391.812,1452.133,1666.533,1861.019,1838.624,1138.372,1297.339,988.7267,2021.726,3128.147,1269.152,796.6497,1535.773,1400.389,1454.302,1746.956,1200.372,3639.574,1374.575,1429.955
"2025-10-27 05:15:00",528,"NAN",11.86,1646.525,1879.567,1855.977,1164.614,1319.347,1011.274,2036.439,3066.563,1293.431,824.033,1553.93,1422.786,1474.192,1763.289,1218.644,3559.78,1391.354,1453.777,1667.361,1861.443,1839.767,1140.483,1297.942,989.738,2022.179,3114.276,1269.546,799.132,1536.286,1399.926,1454.511,1747.973,1201.417,3667.032,1375.968,1432.172
"2025-10-27 05:30:00",529,"NAN",11.87,1648.441,1881.452,1858.532,1167.186,1320.679,1013.568,2037.793,3062.63,1294.895,824.3408,1555.074,1419.656,1475.443,1765.211,1221.129,3555.859,1393.071,1457.063,1671.994,1866.26,1844.817,1145.374,1302.18,994.5908,2026.707,3119.798,1273.239,802.3703,1540.662,1398.753,1458.04,1751.164,1206.323,3641.569,1379.487,1437.767
"2025-10-27 05:45:00",530,"NAN",11.87,1649.377,1883.996,1858.823,1168.239,1320.422,1013.549,2038.005,3059.783,1294.362,825.8705,1554.911,1423.179,1476.247,1766.182,1221.847,3542.831,1392.883,1457.232,1673.331,1869.445,1845.358,1146.67,1302.225,995.5048,2025.688,3103.327,1273.589,803.7465,1541.586,1403.421,1459.764,1752.991,1207.683,3636.85,1380.507,1439.105
"2025-10-27 06:00:00",531,"NAN",11.87,1650.929,1887.441,1860.105,1169.736,1321.464,1014.489,2039.203,3065.673,1295.751,824.5192,1555.971,1409.592,1477.161,1767.583,1223.447,3541.75,1394.123,1460.137,1675.342,1872.444,1848.075,1150.19,1305.097,997.5433,2028.569,3110.191,1275.321,804.1588,1542.622,1391.847,1461.785,1755.578,1209.821,3624.806,1381.621,1442.49
"2025-10-27 06:15:00",532,"NAN",11.87,1650.23,1888.739,1863.27,1171.165,1322.324,1014.266,2042.579,3082.201,1295.413,823.3898,1556.603,1404.664,1477.268,1767.836,1222.752,3584.864,1393.905,1463.06,1677.473,1877.207,1853.978,1154.571,1309.09,1000.497,2033.004,3115.635,1278.611,806.6537,1547.01,1389.5,1464.83,1757.459,1213.521,3645.862,1384.714,1448.724
"2025-10-27 06:30:00",533,"NAN",11.87,1652.309,1893.831,1866.62,1173.714,1324.364,1015.797,2043.067,3086.601,1297.273,824.6346,1559.301,1384.748,1481.057,1768.769,1224.552,3566.523,1396.191,1466.014,1681.355,1883.351,1857.555,1157.942,1311.81,1003.292,2036.038,3150.383,1281.2,808.4542,1550.577,1370.499,1469.868,1760.613,1216.531,3634.327,1388.189,1452.396
"2025-10-27 06:45:00",534,"NAN",11.87,1653.902,1900.626,1868.763,1175.248,1325.833,1015.822,2044.495,3109.864,1298.318,824.4025,1560.413,1393.897,1483.67,1771.925,1226.104,3565.838,1397.396,1469.1,1685.173,1891.01,1861.767,1161.649,1315.049,1005.199,2038.563,3143.785,1283.715,811.006,1553.079,1381.132,1474.011,1765.173,1218.891,3631.333,1390.826,1457.63
"2025-10-27 07:00:00",535,"NAN",11.84,1653.663,1902.415,1867.766,1174.882,1324.68,1013.283,2045.597,3125.601,1297.103,823.0378,1560.03,1394.137,1483.507,1771.646,1224.651,3582.713,1395.985,1468.126,1685.132,1895.029,1862.944,1162.536,1315.595,1004.367,2040.001,3180.181,1285.498,810.7571,1553.78,1383.926,1475.257,1766.524,1219.466,3627.995,1391.7,1457.818
"2025-10-27 07:15:00",536,"NAN",11.87,1654.029,1905.235,1870.739,1175.331,1325.185,1013.311,2046.897,3132.654,1297.841,823.6121,1560.501,1397.643,1483.495,1772.318,1225.604,3565.806,1396.961,1468.783,1687.428,1898.295,1866.028,1163.853,1317.101,1004.935,2041.877,3171.775,1286.056,812.2771,1555.921,1387.042,1476.31,1767.45,1221.685,3636.706,1393.549,1459.4
"2025-10-27 07:30:00",537,"NAN",11.87,1660.277,1914.874,1877.026,1180.21,1329.848,1015.364,2050.547,3149.585,1301.527,825.4408,1564.848,1408.879,1485.883,1776.5,1229.595,3572.906,1402.976,1474.605,1693.939,1908.917,1872.707,1169.214,1322.277,1007.881,2046.643,3185.28,1290.797,814.4368,1560.334,1399.205,1479.31,1771.545,1225.546,3643.599,1399.897,1466.116
"2025-10-27 07:45:00",538,"NAN",11.86,1666.683,1933.558,1885.975,1184.672,1335.176,1016.28,2054.753,3206.938,1306.388,828.4373,1570.333,1424.713,1490.728,1784.962,1234.322,3599.939,1408.428,1479.729,1701.769,1928.263,1881.729,1174.597,1328.612,1009.26,2051.805,3244.489,1295.777,818.1201,1566.823,1415.628,1484.507,1781.471,1231.729,3624.858,1406.45,1471.999
"2025-10-27 08:00:00",539,"NAN",11.87,1667.897,1951.539,1889.238,1186.016,1338.178,1013.902,2058.415,3255.406,1309.302,829.4802,1573.815,1440.257,1492.172,1794.414,1235.882,3579.084,1409.677,1476.989,1704.632,1945.673,1885.974,1176.572,1331.899,1007.302,2055.332,3297.438,1299.271,820.2733,1570.278,1431.91,1487.34,1792.367,1233.102,3652.081,1408.212,1469.185
"2025-10-27 08:15:00",540,"NAN",11.86,1670.29,1966.913,1894.04,1187.538,1341.138,1011.267,2060.237,3279.288,1312.37,829.9723,1576.949,1472.015,1495.011,1803.027,1237.183,3598.761,1412.589,1475.261,1706.988,1962.187,1890.689,1178.648,1335.599,1005.289,2057.601,3326.667,1302.825,820.5229,1574.559,1464.973,1489.49,1801.023,1235.615,3669.88,1410.704,1467.842
"2025-10-27 08:30:00",541,"NAN",11.86,1669.463,1973.184,1893.637,1185.028,1341.032,1007.119,2061.115,3289.885,1311.214,828.6035,1576.994,1473.843,1494.739,1808.544,1236.296,3610.841,1412.196,1469.243,1706.217,1969.11,1891.794,1177.147,1336.394,1001.774,2058.797,3338.274,1303.665,820.1779,1574.684,1468.443,1490.859,1806.469,1235.017,3647.249,1411.523,1463.796
"2025-10-27 08:45:00",542,"NAN",11.86,1667.057,1974.82,1891.599,1180.29,1338.771,1003.358,2057.645,3285.375,1309.259,827.0195,1574.504,1466.951,1493.917,1809.437,1233.722,3587.935,1409.35,1462.011,1705.042,1971.966,1889.77,1172.693,1334.481,999.2142,2057.048,3322.663,1301.004,819.2689,1573.798,1463.601,1490.291,1808.663,1233.642,3648.225,1409.371,1456.52
"2025-10-27 09:00:00",543,"NAN",11.85,1665.535,1973.5,1890.081,1176.651,1336.757,1001.01,2059.954,3319.963,1307.04,824.3978,1574.828,1466.013,1491.454,1807.73,1232.961,3607.431,1408.117,1457.901,1704.932,1972.102,1890.974,1171.753,1334.73,998.5469,2058.836,3340.479,1301.784,819.0756,1574.974,1462.863,1489.752,1808.985,1234.071,3652.18,1410.345,1454.319
"2025-10-27 09:15:00",544,"NAN",11.87,1664.374,1974.542,1890.473,1174.389,1335.955,1001.5,2059.623,3295.344,1306.193,823.0004,1574.485,1467.547,1490.575,1807.472,1232.615,3620.165,1407.122,1452.586,1705.353,1974.754,1892.505,1170.348,1335.605,1001.081,2062.203,3326.726,1301.453,818.9995,1577.021,1466.251,1490.077,1810.193,1236.124,3662.937,1411.465,1450.495
"2025-10-27 09:30:00",545,"NAN",11.86,1666.474,1979.246,1892.413,1173.685,1336.774,1001.033,2062.154,3302.539,1306.399,822.3,1576.205,1473.053,1490.708,1811.496,1234.469,3599.733,1407.318,1448.937,1709.584,1979.86,1895.971,1172.148,1337.614,1002.117,2064.296,3361.475,1304.216,820.6862,1580.178,1473.639,1493.158,1815.818,1238.635,3654.377,1412.676,1448.759
"2025-10-27 09:45:00",546,"NAN",11.87,1669.593,1994.052,1900.291,1177.795,1340.486,1000.226,2064.817,3328.164,1311.194,822.5627,1579.763,1503.446,1494.327,1824.722,1234.695,3624.257,1408.604,1448.997,1716.167,1998.567,1905.539,1178.464,1343.915,1004.6,2069.89,3331.867,1311.461,823.3402,1586.829,1507.624,1498.709,1831.56,1242.821,3651.677,1416.827,1452.087
"2025-10-27 10:00:00",547,"NAN",11.83,1673.209,2015.211,1906.262,1183.416,1345.393,999.0003,2063.063,3337.561,1313.421,824.5809,1585.079,1527.081,1497.873,1842.546,1232.868,3607.35,1407.498,1444.864,1718.426,2018.045,1910.312,1183.44,1347.776,1001.387,2066.5,3337.333,1312.552,823.7446,1590.023,1529.948,1500.805,1847.03,1239.459,3657.808,1414.15,1446.813
"2025-10-27 10:15:00",548,"NAN",11.87,1689.145,2055.016,1928.108,1206.223,1379.039,1018.471,2071.019,3320.82,1322.378,828.119,1605.732,1572.844,1513.785,1872.676,1231.955,3628.579,1411.188,1445.64,1736.023,2057.364,1931.285,1206.35,1382.086,1021.038,2074.857,3347.639,1322.23,829.1259,1610.009,1575.466,1517.5,1878.86,1238.802,3655.878,1418.63,1447.561
"2025-10-27 10:30:00",549,"NAN",11.87,1732.154,2132.573,1977.54,1273.16,1471.006,1070.415,2084.383,3320.36,1331.682,835.0792,1657.63,1637.72,1550.826,1942.003,1213.821,3602.498,1415.652,1444.335,1778.946,2135.543,1980.384,1272.559,1472.935,1070.979,2088.746,3355.236,1330.281,834.6788,1661.631,1641.292,1553.055,1947.531,1221.371,3662.203,1422.615,1446.954
"2025-10-27 10:45:00",550,"NAN",11.87,1754.232,2168.736,2003.751,1313.919,1512.66,1083.263,2092.928,3346.826,1336.011,837.9978,1686.771,1674.986,1573.166,1983.007,1219.527,3605.062,1415.194,1438.111,1802.169,2174.162,2007.179,1313.292,1516.243,1084.898,2096.527,3353.852,1335.002,838.616,1691.925,1679.08,1575.945,1988.866,1228.065,3687.354,1422.785,1441.257
"2025-10-27 11:00:00",551,"NAN",11.87,1774.82,2220.88,2029.557,1349.87,1551.273,1110.477,2097.325,3318.56,1342.273,841.8914,1711.234,1706.273,1598.753,2025.691,1215.684,3604.556,1418.647,1433.679,1820.833,2222.399,2031.267,1348.183,1550.559,1108.958,2099.109,3357.865,1339.773,839.3699,1712.89,1709.196,1598.787,2028.827,1221.003,3659.01,1423.258,1434.787
"2025-10-27 11:15:00",552,"NAN",11.84,1773.688,2223.557,2022.862,1351.083,1537.916,1065.913,2100.135,3359.62,1332.492,833.8007,1703.855,1692.567,1585.477,2031.889,1217.44,3673.218,1410.27,1416.056,1822.19,2229.312,2027.841,1352.662,1542.078,1069.98,2106.542,3381.685,1333.733,835.6749,1711.27,1698.549,1590.036,2040.75,1227.734,3713.329,1418.774,1421.267
"2025-10-27 11:30:00",553,"NAN",11.85,1734.195,2177.46,1992.43,1306.574,1489.46,1001.288,2081.875,3354.677,1322.787,823.7847,1673.911,1642.277,1549.706,1996.861,1218.405,3677.945,1401.672,1404.174,1782.464,2183.893,1997.896,1308.76,1494.676,1006.62,2087.801,3378.897,1323.259,826.5632,1681.485,1648.633,1554.959,2006.774,1228.649,3751.082,1410.387,1409.647
"2025-10-27 11:45:00",554,"NAN",11.84,1713.119,2155.38,1979.794,1285.917,1470.989,986.9452,2074.921,3331.212,1321.098,821.4502,1660.765,1626.223,1534.265,1982.549,1217.395,3672.049,1399.544,1401.845,1760.787,2158.848,1985.444,1286.675,1474.944,990.3072,2079.472,3362.402,1320.79,822.4523,1667.135,1631.473,1539.183,1989.841,1225.941,3729.519,1407.535,1406.342
"2025-10-27 12:00:00",555,"NAN",11.86,1727.908,2175.433,2000.908,1308.085,1504.788,1039.239,2077.233,3343.504,1324.881,820.1303,1668.055,1657.287,1555.03,2002.749,1204.902,3673.191,1399.865,1403.495,1783.914,2184.278,2011.268,1315.837,1514.56,1048.813,2085.317,3368.529,1332.169,828.0578,1680.224,1668.416,1565.127,2014.438,1220.058,3685.61,1413.356,1413.256
"2025-10-27 12:15:00",556,"NAN",11.86,1770.945,2216.67,2036.5,1361.884,1546.518,1090.538,2090.646,3339.424,1326.919,823.0147,1701.753,1698.666,1583.324,2072.323,1195.595,3665.952,1399.695,1399.522,1828.534,2229.169,2049.477,1372.733,1559.494,1103.178,2101.409,3347.544,1337.366,835.4228,1717.224,1711.738,1597.171,2087.145,1215.554,3685.202,1417.766,1413.572
"2025-10-27 12:30:00",557,"NAN",11.86,1782.455,2221.476,2044.271,1372.353,1548.901,1091.642,2093.63,3332.455,1327.097,823.4881,1712.04,1715.909,1601.971,2112.059,1195.28,3686.572,1397.991,1391.381,1839.789,2230.121,2055.793,1382.27,1561.13,1103.238,2104.818,3347.544,1337.087,834.277,1724.897,1728.896,1614.799,2124.601,1213.041,3705.187,1414.609,1405.76
"2025-10-27 12:45:00",558,"NAN",11.86,1789.57,2220.461,2047.972,1379.307,1551.178,1098.324,2095.689,3356.977,1329.242,823.8336,1717.43,1738.192,1622.343,2164.997,1191.516,3669.841,1395.538,1384.499,1848.76,2233.014,2061.643,1391.535,1565.811,1112.511,2107.912,3346.404,1341.091,837.781,1733.853,1754.344,1636.311,2178.627,1213.158,3688.364,1415.056,1401.041
"2025-10-27 13:00:00",559,"NAN",11.87,1779.118,2217.036,2008.954,1371.65,1538.148,1089.255,2081.9,3385.71,1311.981,803.3511,1705.905,1738.698,1624.455,2196.398,1165.081,3690.175,1377.05,1357.798,1857.285,2244.737,2041.623,1406.329,1575.718,1124.221,2112.006,3360.427,1346.121,842.1398,1742.916,1774.725,1661.31,2223.655,1210.635,3690.055,1418.332,1397.45
"2025-10-27 13:15:00",560,"NAN",11.86,1787.57,2220.452,2042.995,1377.94,1508.981,1100.042,2083.096,3354.077,1312.542,803.0833,1708.918,1752.715,1635.79,2221.576,1163.22,3714.378,1375.927,1349.712,1869.197,2245.836,2075.322,1415.722,1549.443,1141.193,2115.113,3324.179,1349.44,844.7804,1749.205,1791.239,1673.938,2253.924,1211.925,3706.353,1419.689,1392.387
"2025-10-27 13:30:00",561,"NAN",11.86,1793.43,2223.019,2048.766,1379.09,1535.528,1098.035,2083.682,3388.184,1311.532,801.8193,1711.669,1760.588,1642.227,2245.052,1161.65,3724.788,1374.852,1341.909,1874.366,2252.929,2081.885,1416.71,1575.323,1139.41,2116.137,3358.576,1348.662,844.2513,1751.576,1800.463,1680.522,2273.352,1210.517,3711.308,1418.197,1385.821
"2025-10-27 13:45:00",562,"NAN",11.86,1768.934,2198.167,2030.144,1341.837,1506.833,1047.505,2082.445,3431.696,1299.131,792.9884,1693.346,1719.98,1614.422,2232.805,1167.263,3764.839,1367.221,1331.742,1849.373,2225.941,2064.284,1379.616,1547.495,1089.696,2113.524,3417.064,1336.136,834.923,1734.436,1760.341,1653.977,2261.705,1215.388,3743.573,1411.403,1374.853
"2025-10-27 14:00:00",563,"NAN",11.82,1728.216,2153.083,1996.473,1289.146,1463.442,985.7626,2062.67,3413.182,1288.523,780.0768,1635.994,1626.825,1574.745,2198.694,1168.658,3805.269,1358.254,1325.181,1806.798,2181.166,2029.455,1326.328,1503.448,1026.968,2094.26,3403.007,1323.302,820.3009,1676.911,1667.337,1613.471,2228.841,1215.1,3761.045,1400.703,1367.165
"2025-10-27 14:15:00",564,"NAN",11.86,1691.196,2111.374,1961.648,1243.727,1428.382,942.0575,2047.257,3436.995,1274.738,773.5894,1610.008,1576.294,1540.232,2167.414,1165.649,3804.724,1349.682,1320.233,1769.462,2141.517,1995.271,1281.091,1467.262,982.6837,2078.943,3418.036,1309.662,812.8707,1651.248,1616.874,1579.037,2198.806,1210.849,3787.171,1392.665,1361.411
"2025-10-27 14:30:00",565,"NAN",11.86,1664.809,2080.581,1938.407,1213.702,1405.933,927.0972,2037.559,3427.957,1267.039,772.9207,1593.492,1547.146,1520.917,2141.887,1163.917,3791.963,1343.628,1319.798,1742.162,2111.315,1971.828,1249.984,1444.524,966.8889,2068.491,3383.317,1300.952,811.3736,1632.523,1587.526,1559.005,2173.062,1208.632,3761.049,1385.403,1360.415
"2025-10-27 14:45:00",566,"NAN",11.86,1644.381,2059.506,1919.636,1191.264,1388.593,923.2541,2032.982,3403.714,1261.07,774.0272,1579.55,1526.188,1508.424,2126.892,1163.282,3795.98,1340.438,1321.844,1721.982,2089.009,1953.725,1228.271,1427.194,963.7249,2063.671,3400.065,1296.086,812.3778,1620.12,1568.317,1547.701,2157.845,1207.487,3760.751,1382.165,1362.134
"2025-10-27 15:00:00",567,"NAN",11.87,1627.019,2038.92,1902.837,1172.106,1372.626,922.6462,2026.57,3428.943,1255.271,774.4211,1565.869,1504.976,1499.29,2112.203,1160.326,3811.01,1335.997,1324.68,1705.923,2068.901,1937.121,1209.863,1412.301,964.3199,2058.947,3391.201,1290.642,814.1082,1607.22,1546.97,1539.698,2145.494,1205.711,3780.68,1378.61,1365.643
"2025-10-27 15:15:00",568,"NAN",11.84,1616.165,2019.312,1886.837,1156.032,1358.59,923.6024,2022.184,3405.553,1249.952,775.1759,1554.226,1486.152,1494.086,2100.076,1156.611,3808.011,1331.37,1327.325,1690.236,2047.174,1918.581,1189.741,1394.564,961.0009,2050.72,3391.003,1280.53,810.2042,1591.866,1520.991,1530.154,2130.649,1197.808,3782.799,1369.204,1364.303
"2025-10-27 15:30:00",569,"NAN",11.86,1609.635,2004.417,1876.163,1144.96,1348.74,927.0068,2021.553,3413.565,1246.264,776.0672,1551.632,1482.87,1493.24,2090.063,1156.694,3783.426,1329.892,1332.446,1682.96,2032.005,1907.881,1178.13,1384.117,963.6886,2050.209,3384.623,1276.274,810.7951,1588.116,1518.429,1528.468,2120.651,1197.023,3766.723,1367.091,1368.504
"2025-10-27 15:45:00",570,"NAN",11.84,1602.397,1990.555,1864.826,1134.105,1336.686,927.6917,2018.561,3402.442,1241.43,776.1631,1535.416,1456.869,1489.35,2081.864,1154.369,3785.983,1326.27,1336.953,1676.73,2018.7,1896.927,1168.702,1373.464,965.9396,2048.525,3413.628,1273.967,812.3327,1573.581,1493.114,1526.33,2112.385,1196.089,3775.619,1365.556,1373.983
"2025-10-27 16:00:00",571,"NAN",11.87,1598.787,1981.54,1856.67,1127.209,1328.918,930.3101,2017.946,3425.156,1239.121,775.8219,1527.759,1447.869,1488.494,2073.831,1153.081,3779.287,1324.779,1343.957,1673.171,2008.756,1889.162,1161.794,1365.664,968.1507,2046.781,3385.386,1271.388,811.358,1565.902,1486.064,1524.432,2104.748,1194.484,3775.383,1364.207,1381.035
"2025-10-27 16:15:00",572,"NAN",11.86,1596.988,1978.792,1850.918,1122.621,1322.913,933.2531,2017.233,3420.249,1238.47,777.5503,1522.505,1447.361,1488.15,2073.033,1152.241,3776.42,1324.597,1350.237,1669.609,2001.705,1882.244,1155.566,1357.656,969.3286,2045.388,3409.838,1269.886,811.8129,1559.779,1483.082,1523.134,2103.139,1191.628,3754.898,1362.459,1384.933
"2025-10-27 16:30:00",573,"NAN",11.86,1594.592,1972.772,1845.981,1118.765,1316.222,934.268,2017.221,3429.965,1236.821,777.1005,1516.026,1443.746,1487.378,2071.751,1150.589,3788.21,1323.264,1355.363,1666.735,1998.446,1877.54,1151.452,1350.958,970.3859,2043.734,3387.62,1268.151,811.4776,1554.186,1480.54,1522.498,2102.253,1190.328,3773.42,1361.295,1389.891
"2025-10-27 16:45:00",574,"NAN",11.85,1592.746,1971.216,1842.622,1116.494,1310.878,935.9477,2016.917,3428.113,1236.223,779.1286,1510.714,1442.58,1487.423,2070.697,1150.552,3792.224,1322.931,1360.538,1656.571,1989.79,1865.634,1139.168,1336.375,962.1352,2038.371,3439.197,1257.271,803.0597,1540.345,1469.295,1512.861,2095.198,1180.604,3802.976,1351.909,1385.428
"2025-10-27 17:00:00",575,"NAN",11.86,1591.534,1969.738,1840.035,1114.527,1304.882,936.6025,2016.915,3413.002,1235.61,779.7499,1506.644,1442.453,1487.115,2072.419,1149.561,3771.417,1323.284,1365.661,1659.097,1991.906,1866.851,1142.045,1334.935,967.2426,2041.093,3433.141,1261.097,808.6003,1539.781,1476.018,1516.7,2098.419,1184.033,3772.913,1354.916,1394.921
"2025-10-27 17:15:00",576,"NAN",11.87,1591.401,1969.035,1837.373,1113.565,1299.845,937.8169,2017.355,3438.702,1235.151,780.476,1503.596,1446.41,1487.192,2073.988,1150.42,3778.208,1323.62,1369.201,1649.003,1982.895,1856.451,1130.13,1319.587,957.5419,2033.994,3435.83,1249.301,798.2303,1527.224,1466.849,1507.301,2093.574,1173.917,3820.828,1344.013,1388.188
"2025-10-27 17:30:00",577,"NAN",11.86,1611.776,2016.909,1835.465,1113.089,1294.099,938.5356,2016.201,3447.604,1234.012,781.8312,1500.183,1445.757,1486.956,2075.183,1153.2,3782.78,1323.518,1371.575,1672.349,2032.754,1856.427,1132.633,1316.226,960.884,2034.992,3435.792,1250.205,801.6937,1525.548,1470.722,1509.314,2097.133,1179.37,3787.815,1346.528,1392.642
"2025-10-27 17:45:00",578,"NAN",11.85,1584.743,1965.782,1832,1110.437,1286.562,936.4645,2015.066,3457.683,1230.886,779.9496,1494.3,1445.83,1483.044,2074.23,1132.643,3791.909,1321.708,1371.692,1646.894,1983.115,1854.455,1132.203,1310.998,960.9497,2035.47,3463.554,1249.453,802.6662,1523.141,1472.821,1507.736,2096.927,1161.333,3803.686,1345.719,1395.059
"2025-10-27 18:00:00",579,"NAN",11.86,1582.771,1964.445,1829.2,1109.739,1281.032,936.0383,2013.696,3451.041,1229.65,781.7256,1491.257,1443.885,1482.042,2074.294,1128.594,3801.25,1320.802,1373.139,1646.203,1984.645,1853.655,1133.64,1307.457,962.9123,2035.101,3436.415,1250.033,806.2613,1521.249,1472.467,1508.435,2099.022,1159.82,3807.136,1347.142,1398.621
"2025-10-27 18:15:00",580,"NAN",11.87,1578.778,1957.072,1824.592,1106.56,1274.031,933.8179,2009.486,3454.594,1225.953,779.3978,1487.876,1434.61,1478.771,2069.456,1124.652,3810.988,1318.285,1372.411,1643.394,1978.314,1849.242,1131.41,1301.463,961.9744,2032.805,3444.748,1246.538,805.1726,1518.388,1463.325,1505.483,2095.092,1157.043,3812.777,1345.709,1398.913
"2025-10-27 18:30:00",581,"NAN",11.86,1576.268,1947.839,1820.482,1104.431,1268.093,934.0192,2006.159,3450.083,1221.57,776.184,1484.821,1412.562,1475.414,2060.355,1120.054,3801.803,1316.143,1373.148,1640.684,1967.68,1845.527,1129.556,1295.485,962.0678,2028.745,3429.694,1242.288,801.9929,1514.123,1438.296,1502.75,2085.347,1152.042,3799.961,1342.701,1399.69
"2025-10-27 18:45:00",582,"NAN",11.84,1574.871,1937.123,1819.671,1105.697,1264.239,904.9453,2005.988,3441.215,1220.957,778.1192,1482.221,1381.195,1473.543,2045.266,1117.272,3803.06,1314.491,1376.93,1638.631,1957.334,1844.165,1130.218,1291.605,932.2466,2028.376,3423.087,1240.705,803.4593,1511.424,1407.731,1501.219,2070.991,1148.638,3815.264,1340.111,1403.188
"2025-10-27 19:00:00",583,"NAN",11.86,1574.42,1926.801,1819.596,1107.82,1261.209,911.1191,2007.636,3411.144,1219.811,779.4717,1479.757,1360.141,1472.286,2030.017,1117.929,3810.689,1314.236,1381.862,1638.705,1946.501,1845.229,1133.506,1289.516,939.6618,2029.777,3429.799,1241.139,805.5688,1510.248,1387.746,1500.571,2056.099,1150.251,3795.352,1339.986,1408.122
"2025-10-27 19:15:00",584,"NAN",11.86,1537.567,1886.757,1786.496,1069.656,1218.53,874.6954,1977.529,3486.418,1180.281,737.7308,1446.902,1324.622,1433.769,1985.789,1079.776,3922.209,1275.788,1347.602,1635.24,1936.332,1843.632,1134.713,1285.781,943.4351,2028.943,3401.323,1238.43,804.1368,1513.783,1387.352,1498.969,2038.799,1151.569,3788.515,1337.897,1411.765
"2025-10-27 19:30:00",585,"NAN",11.86,1536.935,1875.78,1786.897,1072.439,1216.076,892.3192,1978.114,3466.823,1179.914,739.5963,1440.54,1304.317,1432.838,1973.098,1080.629,3909.963,1274.4,1353.426,1634.711,1927.386,1844.024,1137.35,1283.041,961.295,2029.231,3387.623,1237.671,805.4664,1508.056,1368.877,1497.542,2026.326,1152.759,3813.569,1336.419,1417.643
"2025-10-27 19:45:00",586,"NAN",11.87,1532.56,1863.681,1782.748,1070.356,1209.336,891.1382,1974.186,3465.966,1174.853,735.8452,1435.321,1292.258,1427.713,1950.886,1076.885,3926.4,1269.822,1354.545,1633.472,1918.168,1843.818,1140.022,1281.03,964.7301,2027.631,3351.004,1237.34,806.8273,1506.326,1361.206,1497.381,2007.517,1153.285,3802.817,1336.503,1422.819
"2025-10-27 20:00:00",587,"NAN",11.87,1533.734,1858.886,1783.222,1073.361,1208.129,893.9766,1972.423,3448.536,1174.116,736.8465,1435.156,1287.692,1427.085,1941.756,1080.515,3929.504,1270.333,1361.278,1635.694,1913.764,1845.003,1144.314,1280.864,968.5157,2026.401,3353.607,1238.414,809.1201,1506.606,1357.07,1498.326,1999.397,1157.265,3798.02,1337.483,1430.065
"2025-10-27 20:15:00",588,"NAN",11.85,1534.63,1853.31,1784.278,1076.875,1206.92,896.2881,1973.062,3424.857,1174.006,738.17,1435.214,1287.743,1426.714,1935.599,1082.507,3920.001,1270.467,1367.02,1635.955,1908.167,1845.725,1147.055,1279.071,970.3041,2025.696,3322.02,1237.916,809.9584,1505.86,1356.014,1498.025,1993.353,1158.813,3786.846,1337.39,1435.559
"2025-10-27 20:30:00",589,"NAN",11.87,1534.701,1850.1,1784.888,1079.668,1205.016,880.4953,1972.422,3409.098,1172.759,737.6923,1433.902,1281.799,1425.524,1928.619,1084.279,3915.972,1270.151,1372.048,1637.403,1906.556,1847.608,1151.019,1278.089,955.9632,2026.974,3303.057,1237.819,810.5001,1506.129,1352.737,1497.249,1986.923,1162.136,3770.365,1338.098,1441.185
"2025-10-27 20:45:00",590,"NAN",11.86,1533.269,1845.818,1785.661,1080.563,1201.208,886.2224,1971.409,3402.23,1143.719,737.4438,1431.415,1281.353,1422.522,1922.195,1084.015,3926.19,1269.33,1375.908,1638.451,1903.632,1849.596,1154.414,1276.938,964.3733,2028.656,3298.069,1209.834,812.7758,1507.066,1352.995,1495.989,1984.098,1164.255,3771.703,1339.695,1447.267
"2025-10-27 21:00:00",591,"NAN",11.84,1535.178,1844.654,1786.029,1082.982,1199.15,890.1428,1972.136,3399.519,1133.405,738.0735,1432.397,1284.928,1422.516,1918.434,1084.779,3914.084,1268.558,1380.354,1637.313,1900.944,1848.385,1155.038,1272.98,965.7144,2026.293,3285.153,1199.121,811.3579,1505.091,1355.069,1494.667,1977.712,1162.261,3769.401,1336.609,1448.835
"2025-10-27 21:15:00",592,"NAN",11.86,1535.962,1844.531,1787.205,1085.613,1197.817,893.5099,1972.89,3375.782,1140.875,737.9396,1432.743,1283.421,1421.777,1914.743,1084.999,3909.237,1269.21,1384.249,1637.485,1899.491,1849.014,1155.739,1270.052,967.7208,2026.138,3268.536,1204.768,810.2773,1504.389,1352.392,1492.711,1973.524,1161.371,3762.129,1335.852,1451.785
"2025-10-27 21:30:00",593,"NAN",11.87,1536.784,1843.968,1791.121,1089.425,1198.255,898.0352,1976.24,3385.89,1150.559,737.1719,1432.461,1286.052,1422.799,1910.919,1083.443,3924.193,1271.823,1389.923,1637.505,1899.141,1850.314,1158.009,1269.284,970.873,2029.252,3268.584,1211.849,807.6927,1503.588,1352.642,1491.648,1969.128,1158.98,3769.784,1336.619,1456.337
"2025-10-27 21:45:00",594,"NAN",11.85,1537.67,1843.41,1792.077,1090.815,1197.236,903.6171,1976.875,3361.293,1154.654,732.0438,1432.147,1282.989,1421.354,1908.299,1085.381,3928.859,1271.535,1392.605,1638.236,1898.483,1853.487,1160.344,1269.304,977.7421,2029.95,3277.311,1218.767,803.8699,1503.608,1352.122,1491.808,1965.99,1161.706,3771.362,1338.282,1459.859
"2025-10-27 22:00:00",595,"NAN",11.84,1538.631,1843.802,1794.653,1093.268,1197.142,905.3873,1977.994,3352.358,1158.951,730.9977,1432.692,1285.954,1421.741,1905.706,1085.303,3923.15,1273.005,1394.627,1640.047,1899.573,1855.582,1164.027,1270.051,980.4819,2032.099,3248.138,1222.724,803.4076,1505.461,1356.011,1492.815,1964.227,1162.926,3764.9,1339.495,1462.745
"2025-10-27 22:15:00",596,"NAN",11.87,1536.552,1842.856,1792.64,1091.213,1193.029,902.6766,1976.809,3367.697,1158.18,728.4899,1430.549,1286.724,1417.612,1901.307,1083.211,3927.542,1270.375,1392.593,1639.302,1899.183,1854.758,1163.155,1266.999,978.2895,2031.719,3248.743,1222.555,801.3314,1503.641,1356.634,1489.614,1961.018,1160.888,3768.582,1336.948,1461.531
"2025-10-27 22:30:00",597,"NAN",11.84,1536.266,1840.45,1794.284,1093.124,1191.887,903.5125,1978.855,3363.657,1159.143,729.313,1429.615,1288.655,1416.262,1898.767,1071.99,3939.822,1271.221,1395.758,1640.414,1898.604,1858.489,1167.258,1267.989,981.7821,2034.449,3253.233,1226.346,805.0852,1504.87,1361.284,1490.498,1959.848,1152.822,3787.785,1340.752,1467.422
"2025-10-27 22:45:00",598,"NAN",11.87,1537.477,1840.118,1795.472,1094.759,1191.245,897.4999,1980.905,3355.031,1160.652,730.145,1430.342,1291.312,1415.133,1897.492,1064.79,3937.113,1271.768,1398.582,1642.046,1897.711,1859.919,1169.689,1267.945,976.3353,2035.796,3246.082,1228.476,806.5992,1505.422,1363.703,1490.622,1958.77,1145.882,3765.792,1341.47,1469.584
"2025-10-27 23:00:00",599,"NAN",11.87,1538.38,1839.458,1797.685,1097.316,1191.223,896.4321,1981.133,3353.757,1163.554,731.7511,1435.271,1300.332,1415.703,1895.418,1065.362,3945.965,1273.129,1401.776,1642.461,1897.849,1861.765,1170.958,1267.381,974.7017,2036.693,3230.507,1230.428,806.8822,1510.469,1373.089,1489.513,1956.061,1146.327,3765.469,1343.221,1472.747
"2025-10-27 23:15:00",600,"NAN",11.87,1511.235,1816.077,1775.961,1068.594,1160.718,868.8894,1964.868,3453.811,1134.672,701.1772,1403.878,1264.447,1385.529,1871.945,1035.891,4095.581,1246.241,1377.048,1644.208,1897.107,1864.02,1174.832,1269.236,980.612,2040.064,3218.105,1232.694,810.1705,1509.444,1367.679,1490.735,1955.946,1149.151,3760.924,1345.379,1478.225
"2025-10-27 23:30:00",601,"NAN",11.87,1512.709,1816.707,1778.3,1071.483,1161.715,873.2157,1967.076,3440.376,1136.33,702.1163,1405.52,1268.77,1386.808,1871.313,1038.256,4090.177,1246.712,1381.546,1645.466,1898.203,1866.439,1178.519,1270.66,985.2005,2042.319,3207.828,1235.092,811.4279,1511.636,1371.945,1492.1,1955.978,1151.903,3775.584,1346.673,1482.581
"2025-10-27 23:45:00",602,"NAN",11.86,1513.958,1816.658,1780.123,1074.182,1162.135,879.1336,1968.237,3431.567,1137.523,702.8941,1405.78,1269.516,1386.582,1871.585,1039.757,4092.782,1246.582,1384.911,1646.81,1898.784,1868.823,1181.523,1271.643,991.7147,2043.474,3198.474,1236.941,812.8824,1512.216,1374.526,1493.082,1956.671,1153.856,3772.167,1347.439,1486.682
"2025-10-28 00:00:00",603,"NAN",11.83,1515.412,1816.925,1782.739,1076.934,1162.358,879.8504,1970.419,3424.427,1138.684,703.6734,1407.467,1265.251,1387.422,1869.815,1041.889,4092.796,1246.901,1388.563,1647.446,1896.708,1869.206,1182.513,1270.01,990.5801,2043.476,3191.718,1235.75,811.9854,1512.033,1368.075,1491.658,1952.985,1154.101,3767.153,1345.295,1487.937
"2025-10-28 00:15:00",604,"NAN",11.86,1516.471,1816.851,1785.543,1080.062,1162.62,881.2526,1972.513,3425.129,1140.645,705.0352,1408.282,1263.451,1387.204,1868.117,1043.781,4096.477,1247.187,1392.395,1647.327,1896.083,1871.202,1184.293,1269.31,990.8668,2045.583,3193.805,1236.674,811.7465,1512.661,1365.412,1489.823,1950.728,1155.427,3758.513,1344.924,1491.219
"2025-10-28 00:30:00",605,"NAN",11.85,1518.288,1817.132,1788.339,1083.365,1162.835,883.3475,1973.97,3416.811,1142,706.2427,1409.862,1263.91,1388.32,1868.144,1046.223,4090.179,1248.717,1396.446,1648.567,1896.029,1873.427,1187.128,1268.763,992.2063,2046.711,3203.577,1237.994,812.2272,1513.573,1365.705,1490.245,1949.328,1156.814,3764.457,1345.479,1493.932
"2025-10-28 00:45:00",606,"NAN",11.83,1519.899,1818.196,1789.85,1085.839,1163.032,885.3585,1976.942,3414.463,1142.499,707.0545,1411.755,1266.474,1387.974,1867.451,1048.933,4090.263,1249.769,1399.309,1651.377,1897.333,1875.286,1190.525,1269.526,995.1446,2050.267,3189.401,1239.407,814.1023,1515.598,1368.711,1491.398,1950.16,1159.911,3756.412,1348.434,1497.494
"2025-10-28 01:00:00",607,"NAN",11.86,1521.46,1818.767,1792.397,1088.127,1163.186,886.3119,1978.792,3411.875,1143.59,707.8663,1413.219,1267.362,1388.554,1868.1,1050.2,4085.778,1250.897,1402.954,1652.81,1899.064,1878.252,1192.915,1270.469,996.7014,2052.322,3175.664,1241.277,815.4118,1517.573,1369.774,1491.936,1950.735,1162.155,3745.887,1350.491,1502.453
"2025-10-28 01:15:00",608,"NAN",11.87,1523.151,1820.037,1794.621,1090.404,1164.259,888.7391,1981.615,3406.959,1144.762,709.0461,1414.997,1266.373,1390.041,1868.875,1052.039,4083.671,1253.067,1406.698,1654.608,1900.568,1880.476,1195.071,1271.167,998.792,2054.962,3183.969,1241.418,816.2772,1519.701,1369.002,1493.374,1951.428,1163.838,3752.06,1351.452,1505.299
"2025-10-28 01:30:00",609,"NAN",11.85,1524.948,1821.362,1796.958,1092.847,1165.531,890.7782,1983.327,3405.38,1145.64,710.1093,1417.045,1268.752,1391.056,1870.068,1053.247,4081.261,1255.212,1411.073,1654.667,1899.853,1881.354,1196.044,1271.09,999.2362,2054.653,3198.081,1241.591,816.0023,1519.754,1369.787,1493.117,1951.24,1163.398,3759.892,1352.27,1507.932
"2025-10-28 01:45:00",610,"NAN",11.86,1526.481,1822.87,1799.273,1094.629,1166.345,892.7631,1984.516,3404.837,1146.111,711.4723,1418.853,1269.411,1391.725,1870.645,1054.761,4084.638,1256.923,1414.301,1656.703,1902.068,1883.829,1198.697,1272.359,1002.093,2055.931,3176.283,1242.299,817.7599,1521.448,1371.26,1494.713,1952.011,1165.141,3751.836,1354.473,1512.167
"2025-10-28 02:00:00",611,"NAN",11.87,1528.287,1823.42,1801.123,1097.002,1167.316,894.3323,1986.378,3406.66,1146.483,712.0812,1420.491,1271.049,1392.696,1870.657,1055.85,4081.082,1257.998,1415.123,1657.282,1901.182,1884.245,1199.991,1272.242,1002.413,2057.154,3202.205,1241.772,817.4839,1522.471,1371.596,1494.156,1951.019,1165.022,3759.237,1354.772,1511.968
"2025-10-28 02:15:00",612,"NAN",11.84,1529.452,1824.423,1803.737,1099.695,1168.253,896.0477,1988.123,3403.284,1147.542,713.3227,1422.144,1273.968,1394.008,1871.082,1057.11,4080.807,1259.398,1417.258,1661.629,1905.652,1889.167,1205.617,1276.33,1007.384,2061.284,3198.724,1245.461,821.7871,1526.691,1377.448,1498.44,1954.24,1169.55,3763.264,1358.332,1516.847
"2025-10-28 02:30:00",613,"NAN",11.86,1531.33,1827.676,1806.374,1101.947,1169.458,898.0081,1989.381,3403.297,1148.794,713.0125,1423.275,1277.787,1395.181,1871.67,1058.221,4084.494,1260.508,1419.213,1663.007,1908.931,1892.31,1207.335,1277.429,1009.059,2062.824,3190.631,1245.835,821.0357,1528.263,1381.425,1499.183,1955.345,1170.387,3747.164,1358.737,1518.108
"2025-10-28 02:45:00",614,"NAN",11.87,1533.127,1831.211,1809.393,1104.548,1170.8,900.366,1991.272,3406.429,1148.675,714.8484,1429.615,1287.108,1396.356,1872.579,1059.039,4075.852,1261.996,1421.885,1664.975,1912.225,1894.598,1209.446,1278.35,1011.135,2063.75,3197.315,1246.004,822.9819,1534.145,1390.563,1500.341,1955.577,1171.112,3747.616,1359.515,1520.722
"2025-10-28 03:00:00",615,"NAN",11.85,1534.812,1834.906,1811.571,1106.583,1172.007,902.372,1992.237,3406.234,1148.756,710.2452,1427.138,1282.718,1397.58,1873.538,1060.665,4077.661,1263.591,1424.878,1668.069,1916.009,1896.93,1212.493,1280.144,1013.71,2065.296,3176.667,1245.465,818.6948,1532.003,1385.562,1502.515,1957.755,1173.015,3747.974,1361.303,1523.84
"2025-10-28 03:15:00",616,"NAN",11.85,1536.636,1838.219,1814.019,1109.101,1173.473,903.6834,1993.049,3406.202,1148.84,709.2895,1428.565,1285.911,1399.031,1875.706,1062.305,4075.347,1265.416,1427.551,1668.436,1918.927,1898.618,1214.375,1281.128,1014.603,2065.446,3186.171,1245.688,817.4173,1532.803,1388.961,1503.306,1958.064,1173.977,3753.101,1362.532,1526.181
"2025-10-28 03:30:00",617,"NAN",11.83,1538.291,1841.949,1816.844,1111.448,1174.781,905.1652,1994.021,3407.276,1149.408,709.085,1429.506,1288.235,1398.536,1876.481,1064.236,4075.294,1267.72,1430.469,1669.257,1921.354,1901.087,1215.607,1281.276,1014.718,2065.465,3196.858,1245.379,815.8533,1532.633,1389.793,1501.97,1958.187,1174.653,3763.651,1364.44,1527.378
"2025-10-28 03:45:00",618,"NAN",11.86,1539.334,1844.576,1819.589,1114.058,1175.72,906.5588,1994.379,3420.553,1149.918,709.6498,1430.88,1291.631,1399.273,1876.942,1065.191,4079.948,1270.381,1432.762,1671.669,1925.342,1904.238,1219.64,1283.719,1017.697,2067.657,3199.354,1246.298,817.9741,1536.074,1394.328,1503.346,1960.647,1177.544,3769.106,1367.472,1531.209
"2025-10-28 04:00:00",619,"NAN",11.87,1540.93,1847.608,1822.207,1116.436,1176.51,908.2939,1996.156,3426.406,1150.893,710.8427,1432.547,1292.77,1399.953,1878.618,1066.85,4078.557,1272.591,1434.899,1672.607,1927.837,1906.254,1221.331,1283.697,1018.672,2068,3194.247,1246.829,818.6773,1536.551,1395.24,1503.917,1961.319,1178.397,3752.69,1368.969,1532.73
"2025-10-28 04:15:00",620,"NAN",11.87,1542.542,1851.831,1824.795,1119.006,1177.335,909.6205,1996.948,3428.965,1152.01,710.5031,1433.728,1326.282,1401.056,1879.214,1067.729,4076.153,1273.479,1437.645,1674.344,1931.525,1908.247,1223.335,1284.45,1019.764,2069.567,3211.982,1247.045,817.9583,1538.149,1427.565,1504.058,1961.562,1179.034,3763.943,1369.246,1534.951
"2025-10-28 04:30:00",621,"NAN",11.85,1544.146,1856.012,1824.703,1119.461,1177.153,909.3259,1996.033,3436.895,1151.197,711.0867,1435.659,1329.649,1401.236,1875.574,1066.705,4066.501,1272.457,1437.671,1675.436,1934.655,1908.49,1223.456,1283.236,1019.085,2067.314,3218.256,1246.58,818.3856,1538.714,1430.052,1505.005,1958.208,1177.168,3747.2,1367.981,1534.428
"2025-10-28 04:45:00",622,"NAN",11.87,1546.395,1861.065,1829.726,1123.084,1178.979,912.0492,1998.418,3449.457,1153.505,711.9852,1437.536,1330.763,1401.337,1877.239,1068.781,4074.955,1274.607,1442.434,1676.836,1938.759,1912.175,1225.976,1284.401,1020.161,2069.205,3227.776,1247.201,817.759,1539.7,1429.695,1503.442,1958.717,1178.026,3772.674,1369.445,1538.151
"2025-10-28 05:00:00",623,"NAN",11.85,1547.351,1861.482,1829.562,1122.353,1178.394,911.4777,1995.881,3454.152,1152.97,712.7753,1438.188,1330.632,1403.139,1879.98,1068.167,4066.53,1273.07,1441.146,1671.277,1934.355,1906.194,1218.141,1276.561,1012.3,2060.966,3252.553,1242.573,811.8019,1533.65,1423.243,1498.478,1955.737,1170.799,3766.612,1363.875,1530.52
"2025-10-28 05:15:00",624,"NAN",11.87,1548.512,1865.431,1832.25,1123.682,1179.858,912.528,1996.167,3469.445,1154.264,713.6618,1438.971,1348.89,1403.256,1881.051,1069.491,4070.113,1273.593,1443.132,1678.121,1942.431,1913.036,1224.189,1283.615,1019.331,2066.021,3258.666,1246.901,818.044,1540.003,1446.05,1503.696,1960.817,1176.882,3751.83,1367.069,1537.101
"2025-10-28 05:30:00",625,"NAN",11.86,1550.404,1867.81,1834.041,1124.841,1181.022,913.4355,1996.81,3469.258,1154.546,713.7739,1440.216,1348.704,1403.199,1882.227,1069.675,4068.469,1273.661,1443.783,1680.046,1945.025,1915.795,1227.241,1285.527,1021.355,2067.391,3260.887,1248.559,819.265,1541.708,1446.33,1504.819,1963.888,1178.777,3754.126,1368.961,1538.642
"2025-10-28 05:45:00",626,"NAN",11.87,1551.313,1871.241,1835.951,1126.216,1182.222,914.6151,1996.884,3479.714,1155.852,714.2983,1440.868,1348.284,1404.228,1883.692,1070.531,4075.149,1274.395,1445.244,1681.152,1948.181,1916.245,1228.087,1286.612,1022.329,2068.687,3249.036,1248.92,819.2815,1543.091,1446.844,1505.091,1964.842,1179.449,3750.666,1369.357,1540.229
"2025-10-28 06:00:00",627,"NAN",11.84,1553.613,1874.634,1838.389,1128.422,1183.016,915.1332,1996.516,3489.087,1156.761,714.2359,1442.18,1349.64,1404.491,1884.815,1071.464,4067.448,1275.509,1446.566,1682.931,1951.92,1918.558,1230.127,1287.586,1022.641,2066.663,3263.972,1250.112,819.1718,1543.48,1448.257,1505.106,1964.547,1180.353,3760.296,1370.51,1541.932
"2025-10-28 06:15:00",628,"NAN",11.86,1554.826,1877.996,1841.059,1129.693,1184.272,915.7405,1999.661,3494.033,1157.591,715.6826,1443.787,1354.049,1405.339,1886.803,1071.5,4079.344,1276.44,1448.157,1684.064,1953.991,1919.234,1230.064,1287.262,1021.914,2068.818,3267.665,1250.176,819.1068,1543.731,1450.764,1504.417,1966.19,1179.12,3763.496,1370.772,1541.811
"2025-10-28 06:30:00",629,"NAN",11.86,1557.005,1882.755,1843.36,1131.66,1186.08,916.6893,2000.192,3506.197,1159.347,715.2178,1450.772,1365.313,1406.226,1889.551,1073.737,4074.792,1279.068,1449.823,1685.529,1958.219,1922.492,1233.02,1289.46,1023.742,2069.725,3281.564,1252.549,819.4238,1550.608,1462.423,1506.709,1968.999,1181.238,3763.227,1373.801,1544.037
"2025-10-28 06:45:00",630,"NAN",11.86,1559.916,1890.338,1846.91,1133.601,1187.779,917.8505,2001.634,3530.084,1161.038,715.6685,1446.509,1358.539,1408.181,1892.597,1075.061,4083.619,1280.506,1450.675,1689.473,1965.805,1925.637,1234.478,1291.583,1024.771,2070.721,3297.26,1254.074,820.3051,1546.657,1456.58,1508.832,1971.735,1182.827,3786.33,1374.228,1545.098
"2025-10-28 07:00:00",631,"NAN",11.87,1563.832,1902.583,1852.54,1137.516,1191.16,919.7582,2001.956,3548.522,1164.319,716.3469,1448.815,1364.292,1411.523,1897.756,1077.206,4068.031,1284.313,1453.291,1694.265,1977.816,1931.224,1238.028,1295.035,1026.676,2071.908,3308.008,1256.623,820.8619,1550.202,1461.751,1510.762,1977.198,1185.298,3780.419,1379.502,1547.923
"2025-10-28 07:15:00",632,"NAN",11.87,1568.697,1918.885,1860.372,1142.768,1195.856,921.8591,2005.277,3569.05,1169.694,719.166,1452.721,1384.982,1412.774,1903.529,1080.844,4081.795,1290.32,1459.25,1699.084,1992.099,1938.096,1243.672,1299.141,1028.392,2074.647,3340.266,1261.589,823.3555,1552.732,1481.399,1512.977,1982.098,1187.867,3772.418,1384.84,1553.298
"2025-10-28 07:30:00",633,"NAN",11.87,1569.185,1922.439,1864.816,1145.962,1199.34,921.6377,2008.44,3614.365,1173.752,720.4601,1455.664,1400.837,1415.404,1909.426,1082.867,4099.352,1294.361,1461.98,1699.134,1998.282,1942.111,1245.399,1301.622,1027.115,2077.247,3368.456,1264.3,823.3353,1555.552,1496.208,1513.857,1987.502,1189.481,3784.551,1387.813,1555.114
"2025-10-28 07:45:00",634,"NAN",11.86,1575.656,1955.819,1870.268,1149.042,1202.951,921.242,2011.378,3691.218,1177.918,721.5796,1459.634,1408.044,1419.572,1925.077,1086.053,4106.311,1298.236,1464.276,1704.053,2024.876,1945.873,1247.604,1304.517,1025.724,2078.704,3455.447,1267.283,823.3887,1557.91,1502.883,1517.266,2001.015,1191.92,3798.52,1391.121,1556.457
"2025-10-28 08:00:00",635,"NAN",11.87,1581.152,1980.11,1875.954,1152.006,1206.689,919.597,2014.347,3706.54,1181.58,723.8712,1464.894,1422.254,1424.01,1947.817,1090.129,4109.687,1302.213,1465.848,1706.517,2045.092,1948.647,1247.666,1304.933,1021.071,2078.208,3464.282,1268.673,822.6608,1559.733,1514.177,1518.871,2019.688,1192.377,3809.544,1392.436,1555.385
"2025-10-28 08:15:00",636,"NAN",11.86,1586.698,2006.331,1884.255,1157.151,1212.525,918.94,2011.503,3717.426,1186.933,724.3892,1471.14,1479.297,1430.487,1976.839,1091.923,4114.784,1306.838,1467.485,1713.675,2070.316,1957.412,1253.403,1311.094,1020.325,2077.184,3486.03,1273.841,823.9667,1566.255,1569.608,1525.224,2047.685,1194.456,3817.958,1397.102,1557.236
"2025-10-28 08:30:00",637,"NAN",11.84,1592.1,2032.774,1893.403,1163.921,1219.776,917.9274,2011.47,3721.616,1193.567,727.9036,1477.648,1530.138,1436.978,2010.355,1094.016,4126.466,1311.291,1469.693,1719.063,2095.443,1965.444,1259.166,1317.975,1019.273,2076.565,3496.704,1278.859,827.0201,1572.68,1620.057,1530.545,2078.935,1196.977,3824.396,1400.736,1558.466
"2025-10-28 08:45:00",638,"NAN",11.86,1598.799,2062.021,1905.109,1174.014,1232.278,918.2805,2013.419,3756.493,1199.504,731.6142,1486.181,1580.971,1445.884,2053.828,1094.969,4119.339,1315.864,1473.251,1725.408,2121.899,1975.583,1267.829,1329.354,1018.456,2078.171,3516.81,1284.551,829.1138,1580.045,1668.772,1538.932,2118.213,1196.906,3844.181,1404.543,1561.837
"2025-10-28 09:00:00",639,"NAN",11.87,1602.586,2089.833,1916.402,1184.561,1247.743,921.7525,2015.643,3775.17,1204.9,736.4034,1496.232,1609.235,1452.794,2107.365,1095.373,4124.914,1319.948,1475.675,1729.149,2147.998,1986.14,1277.762,1343.726,1021.424,2079.088,3528.214,1288.202,833.4911,1589.381,1695.637,1544.811,2167.97,1197.078,3840.623,1408.693,1563.433
"2025-10-28 09:15:00",640,"NAN",11.86,1609.979,2114.869,1929.547,1198.591,1269.7,928.015,2016.173,3780.449,1207.702,738.1152,1509.618,1646.27,1463.154,2152.104,1092.088,4117.257,1320.954,1473.841,1736.009,2169.47,1997.821,1291.342,1364.97,1026.876,2079.085,3536.029,1290.668,835.5322,1601.113,1731.084,1555.16,2208.178,1193.13,3835.103,1408.42,1561.018
"2025-10-28 09:30:00",641,"NAN",11.85,1613.175,2147.538,1941.256,1207.915,1290.387,932.9058,2014.828,3779.715,1209.807,738.1732,1522.224,1676.753,1473.903,2190.449,1087.2,4114.822,1319.392,1467.106,1738.577,2200.841,2007.884,1299.228,1384.474,1031.044,2078.014,3549.783,1292.609,834.8561,1613.572,1760.815,1564.599,2242.687,1188.402,3842.205,1406.971,1554.081
"2025-10-28 09:45:00",642,"NAN",11.86,1625.392,2171.924,1955.99,1228.931,1316.116,941.8052,2020.979,3787.862,1215.125,740.7914,1541.849,1718.585,1487.655,2235.291,1086.425,4124.688,1320.688,1466.079,1751.105,2223.835,2021.465,1320.923,1409.795,1039.891,2084.577,3538.614,1298.561,837.6024,1631.952,1801.234,1578.483,2281.611,1187.839,3855.429,1408.678,1554.012
"2025-10-28 10:00:00",643,"NAN",11.86,1639.763,2195.512,1974.703,1250.302,1336.253,958.6257,2025.57,3786.82,1218.906,742.9556,1565.448,1758.974,1502.527,2275.793,1085.536,4125.796,1318.275,1461.028,1764.289,2244.005,2038.957,1341.26,1429.008,1055.541,2087.684,3555.034,1301.269,839.7983,1653.752,1839.263,1592.426,2316.042,1186.251,3848.122,1405.4,1548.866
"2025-10-28 10:15:00",644,"NAN",11.86,1660.98,2226.101,1998.298,1278.799,1371.788,981.5939,2028.424,3781.649,1139.575,743.2967,1594.836,1806.639,1523.617,2318.2,1082.335,4127.339,1318.401,1458.272,1785.496,2273.769,2061.57,1369.544,1463.848,1078.801,2091.606,3529.449,1222.878,840.0845,1683.982,1884.214,1612.426,2352.641,1184.49,3863.248,1407.053,1546.607
"2025-10-28 10:30:00",645,"NAN",11.87,1682.603,2254.924,2017.631,1306.998,1401.933,1003.055,2037.968,3772.102,1139.054,748.9413,1601.179,1855.288,1544.609,2351.184,1080.242,4127.28,1319.995,1454.898,1807.147,2295.521,2080.046,1397.731,1493.451,1100.329,2099.282,3531.842,1224.826,846.7598,1688.974,1933.101,1633.614,2384.747,1182.513,3840.591,1407.765,1544.741
"2025-10-28 10:45:00",646,"NAN",11.86,1706.015,2281.559,2038.46,1338.668,1428.309,1026.117,2047.293,3765.812,1154.946,751.4363,1627.975,1882.394,1557.308,2401.446,1077.45,4130.824,1321.786,1450.06,1829.138,2320.455,2099.739,1427.88,1518.947,1122.34,2108.683,3522.166,1240.014,848.8547,1714.808,1958.513,1644.943,2421.056,1180.001,3855.897,1409.999,1539.988
"2025-10-28 11:00:00",647,"NAN",11.85,1726.027,2302.907,2054.638,1367.524,1449.263,1047.719,2055.503,3755.419,1177.122,754.209,1644.675,1908.173,1577.655,2442.451,1075.11,4133.135,1323.907,1445.717,1849.158,2341.908,2114.159,1455.734,1539.272,1143.566,2115.315,3520.759,1262.16,852.0059,1730.363,1981.295,1665.035,2465.066,1176.898,3843.157,1411.076,1535.655
"2025-10-28 11:15:00",648,"NAN",11.86,1712.208,2276.472,2044.154,1346.643,1421.342,995.4528,2056.902,3801.106,1178.64,743.763,1629.929,1880.223,1561.127,2449.152,1083.098,4193.482,1315.749,1429.703,1835.941,2321.567,2106.838,1437.002,1514.004,1094.083,2119.068,3549.037,1264.963,842.8232,1718.149,1956.491,1650.941,2463.862,1185.743,3901.108,1404.717,1521.384
"2025-10-28 11:30:00",649,"NAN",11.86,1685.671,2249.733,2023.762,1319.552,1398.512,960.3762,2049.337,3795.627,1187.505,737.5532,1614.027,1851.2,1542.703,2430.742,1086.258,4195.441,1312.716,1421.944,1811.162,2296.711,2087.528,1410.712,1491.857,1059.98,2113.658,3557.188,1273.469,836.3864,1704.241,1929.752,1632.901,2455.122,1189.705,3909.363,1402.296,1514.001
"2025-10-28 11:45:00",650,"NAN",11.86,1648.621,2196.175,1995.335,1276.08,1360.9,907.1111,2041.368,3788.984,1182.669,727.2737,1588.052,1796.837,1512.756,2397.875,1088.126,4210.511,1304.542,1409.076,1775.564,2248.227,2062.367,1369.391,1456.286,1008.642,2107.262,3560.692,1269.12,827.2538,1679.768,1878.268,1605.91,2421.215,1191.186,3907.814,1395.275,1502.816
"2025-10-28 12:00:00",651,"NAN",11.87,1635.09,2177.407,1988.953,1262.783,1350.961,903.1541,2048.979,3771.174,1192.289,727.9485,1579.1,1787.926,1507.229,2387.915,1093.041,4183.876,1306.002,1413.298,1764.06,2231.83,2056.638,1356.839,1447.115,1005.586,2112.983,3520.629,1278.561,828.2635,1671.789,1870.536,1600.568,2421.735,1197.059,3886.385,1396.683,1507.375
"2025-10-28 12:15:00",652,"NAN",11.88,1613.492,2155.258,1973.245,1241.211,1330.359,886.6383,2048.548,3776.927,1190.984,725.4067,1565.515,1775.444,1496.9,2376.386,1091.659,4207.482,1302.636,1412.27,1743.106,2211.835,2042.911,1336.818,1428.156,990.2065,2114.678,3531.173,1278.401,826.7715,1659.722,1858.726,1591.462,2410.686,1196.526,3892.403,1394.182,1507.424
"2025-10-28 12:30:00",653,"NAN",11.88,1603.268,2138.458,1962.177,1225.642,1317.974,884.8607,2052.692,3772.587,1194.521,723.4601,1556.551,1770.105,1496.157,2371.6,1093.592,4194.295,1301.453,1413.589,1733.478,2196.716,2032.751,1322.017,1416.396,989.3765,2117.152,3521.129,1284.362,825.7032,1650.404,1855.453,1592.244,2404.852,1198.393,3889.768,1394.095,1509.017
"2025-10-28 12:45:00",654,"NAN",11.87,1612.51,2156.947,1975.224,1238.005,1331.267,911.7874,2056.162,3770.764,1201.623,708.1713,1561.551,1805.423,1512.225,2392.903,1092.875,4167.954,1305.509,1423.043,1743.899,2212.076,2044.65,1334.69,1429.665,1015.659,2120.353,3537.132,1289.77,810.0817,1655.703,1890.263,1607.526,2416.568,1197.914,3870.952,1397.516,1518.385
"2025-10-28 13:00:00",655,"NAN",11.87,1623.812,2187.249,1993.341,1265.487,1345.337,939.3841,2058.008,3780.955,1203.844,715.2297,1593.958,1880.343,1526.768,2425.995,1086.459,4165.252,1306.068,1426.018,1754.871,2241.086,2062.333,1361.385,1443.672,1043.169,2122.441,3535.258,1292.669,817.5672,1687.416,1961.926,1621.703,2454.39,1192.299,3865.164,1398.08,1521.566
"2025-10-28 13:15:00",656,"NAN",11.85,1604.631,2168.5,1978.517,1246.169,1328.442,906.389,2051.111,3782.33,1197.472,717.4789,1581.022,1844.527,1512.026,2422.326,1087.04,4186.572,1299.844,1417.529,1733.766,2221.533,2047.275,1340.195,1424.988,1008.538,2114.189,3549.856,1284.042,817.5647,1672.869,1924.76,1605.927,2446.892,1189.927,3905.119,1390.61,1511.135
"2025-10-28 13:30:00",657,"NAN",11.85,1593.374,2150.863,1965.591,1226.772,1313.257,889.6892,2048.682,3782.7,1196.569,717.3002,1571.729,1828.495,1507.752,2411.385,1088.796,4188.888,1302.43,1417.674,1718.569,2202.906,2031.255,1316.201,1404.933,986.5714,2108.821,3548.947,1279.075,811.9208,1659.54,1904.673,1596.724,2431.187,1186.228,3901.761,1389.851,1506.182
"2025-10-28 13:45:00",658,"NAN",11.87,1587.977,2136.739,1954.726,1210.035,1303.337,888.0885,2050.09,3771.357,1196.808,723.4826,1566.028,1813.427,1510.162,2405.449,1091.315,4186.58,1299.25,1418.74,1716.365,2192.517,2022.618,1302.556,1397.785,987.6907,2112.752,3549.084,1280.402,820.9406,1656.685,1891.966,1600.987,2434.443,1191.518,3896.398,1387.619,1509.545
"2025-10-28 14:00:00",659,"NAN",11.87,1615.691,2169.194,1974.494,1245.917,1342.618,933.2892,2061.013,3761.125,1208.999,729.0875,1588.62,1873.225,1544.135,2441.821,1089.61,4144.122,1307.2,1429.43,1745.312,2220.932,2042.541,1339.01,1437.734,1033.894,2122.992,3516.74,1293.87,828.0516,1679.518,1950.661,1635.235,2468.358,1191.757,3859.928,1396.896,1521.547
"2025-10-28 14:15:00",660,"NAN",11.87,1596.114,2156.081,1961.768,1227.618,1318.826,902.3009,2055.272,3775.489,1197.131,720.3652,1572.992,1845.922,1527.17,2441.562,1085.919,4187.235,1300.122,1420.389,1728.035,2212.527,2032.249,1323.804,1417.333,1006.01,2120.496,3528.247,1284.769,822.1899,1667.641,1927.078,1621.108,2466.534,1190.398,3889.268,1392.206,1515.13
"2025-10-28 14:30:00",661,"NAN",11.86,1582.591,2136.506,1943.273,1203.503,1300.911,885.2214,2049.629,3767.899,1191.387,719.0982,1558.965,1815.142,1520.167,2429.288,1084.079,4183.902,1295.492,1413.297,1715.002,2194.104,2015.624,1300.265,1400.127,989.8099,2115.257,3536.974,1278.793,820.5939,1655.013,1898.14,1614.704,2457.142,1189.207,3875.05,1387.133,1508.193
"2025-10-28 14:45:00",662,"NAN",11.85,1582.659,2128.83,1939.982,1196.789,1295.754,890.5007,2053.043,3758.561,1195.543,728.1867,1549.331,1788.911,1525.776,2427.881,1088.028,4169.912,1299.651,1420.275,1715.654,2188.156,2013.311,1294.288,1395.164,995.7377,2117.618,3512.164,1283.829,830.2435,1645.412,1874.887,1621.021,2443.796,1193.306,3881.53,1392.949,1516.972
"2025-10-28 15:00:00",663,"NAN",11.87,1575.851,2122.266,1928.406,1184.448,1282.444,884.9441,2048.984,3765.269,1188.633,726.2373,1523.413,1771.452,1523.24,2432.813,1081.648,4188.746,1291.731,1412.643,1708.145,2181.774,2002.34,1281.863,1382.615,990.0142,2114.722,3516.615,1276.237,827.934,1621.088,1863.071,1617.814,2462.534,1186.943,3879.64,1383.169,1507.814
"2025-10-28 15:15:00",664,"NAN",11.86,1573.048,2116.171,1924.837,1176.887,1276.557,887.246,2053.23,3780.657,1189.989,729.2336,1518.583,1764.025,1523.507,2431.711,1084.514,4203.159,1292.773,1418.031,1704.885,2175.805,1998.148,1274.443,1376.576,992.0706,2119.206,3554.695,1276.739,830.8495,1617.173,1851.298,1618.074,2450.614,1189.263,3915.783,1384.328,1512.732
"2025-10-28 15:30:00",665,"NAN",11.88,1567.763,2104.194,1914.042,1163.582,1266.126,886.0509,2051.927,3789.221,1185.668,727.7128,1511.359,1749.576,1520.177,2427.942,1082.583,4219.169,1288.78,1416.41,1698.577,2163.127,1987.673,1260.518,1364.575,989.0604,2116.996,3546.57,1271.048,828.2933,1607.509,1833.588,1614.082,2458.621,1185.845,3910.13,1378.799,1509.728
"2025-10-28 15:45:00",666,"NAN",11.81,1571.48,2104.045,1910.042,1159.139,1262.224,892.1421,2052.115,3768.58,1188.175,731.529,1511.261,1759.007,1526.904,2433.237,1084.074,4189.853,1290.307,1419.398,1701.637,2163.531,1983.763,1254.404,1360.279,994.2263,2115.779,3543.199,1273.029,830.1331,1606.639,1843.3,1618.843,2447.794,1186.197,3892.501,1379.219,1511.34
"2025-10-28 16:00:00",667,"NAN",11.87,1566.717,2098.333,1904.375,1152.301,1257.602,891.9739,2053.612,3794.38,1186.041,732.4899,1505.165,1751.268,1524.097,2432.286,1082.528,4212.923,1287.971,1421.603,1687.493,2152.23,1970.69,1237.285,1344.664,983.1243,2111.869,3571.618,1260.614,820.0335,1590.274,1827.515,1606.349,2458.281,1174.559,3943.789,1368.358,1504.405
"2025-10-28 16:15:00",668,"NAN",11.87,1570.312,2087.799,1907.189,1154.451,1253.976,899.8842,2058.161,3787.489,1190.28,735.2543,1508.676,1768.376,1532.135,2441.864,1086.36,4195.353,1292.951,1430.651,1675.379,2140.032,1957.539,1219.903,1321.927,970.3778,2103.167,3615.467,1250.511,803.207,1575.385,1826.063,1596.574,2463.163,1159.253,3988.142,1360.349,1494.471
"2025-10-28 16:30:00",669,"NAN",11.87,1569.53,2105.927,1910.192,1158.965,1251.706,902.952,2057.691,3803.047,1190.224,738.3098,1507.064,1789.26,1535.091,2463.905,1083.158,4219.975,1292.017,1433.813,1672.376,2146.233,1961.325,1224.184,1319.308,973.1345,2101.957,3620.694,1250.195,805.8271,1574.061,1849.425,1599.175,2472.167,1155.875,4007.69,1359.105,1497.522
"2025-10-28 16:45:00",670,"NAN",11.84,1562.701,2096.83,1899.237,1147.76,1240.543,896.2243,2054.227,3804.878,1184.604,735.7647,1498.999,1771.718,1528.464,2457.823,1079.759,4234.214,1286.646,1429.743,1665.497,2137.837,1949.858,1210.892,1305.754,963.8338,2098.104,3656.048,1242.56,800.7399,1564.082,1828.91,1590.278,2476.023,1149.468,4030.104,1351.832,1490.856
"2025-10-28 17:00:00",671,"NAN",11.87,1560.943,2090.343,1894.17,1142.899,1234.831,897.0617,2055.222,3807.998,1183.449,735.4186,1496.982,1757.915,1529.646,2459.191,1079.581,4233.628,1285.559,1432.2,1660.809,2131.004,1944.479,1204.925,1299.457,964.0758,2096.709,3642.907,1241.415,799.8499,1560.28,1815.32,1590.992,2468.189,1148.613,4033.929,1350.368,1492.965
"2025-10-28 17:15:00",672,"NAN",11.86,1557.609,2081.438,1888.652,1137.922,1228.145,898.0883,2053.813,3808.948,1180.922,734.8373,1491.175,1737.24,1528.171,2453.399,1077.578,4238.068,1287.064,1432.219,1660.893,2123.673,1941.476,1203.599,1296.485,969.0081,2098.546,3637.099,1241.489,802.8301,1559.048,1796.094,1590.182,2469.783,1146.932,4036.633,1351.232,1492.916
"2025-10-28 17:30:00",673,"NAN",11.87,1555.578,2071.535,1884.136,1135.63,1222.877,900.636,2053.298,3810.984,1178.899,734.8647,1488.378,1724.773,1528.764,2450.528,1075.864,4233.472,1282.507,1432.491,1655.61,2112.62,1935.271,1198.754,1288.41,968.6736,2096.192,3640.95,1237.321,800.0754,1552.917,1783.35,1590.994,2465.847,1146.154,4038.025,1347.411,1494.497
"2025-10-28 17:45:00",674,"NAN",11.85,1553.641,2062.428,1879.826,1134.622,1217.758,903.1805,2053.716,3813.042,1177.168,736.722,1484.897,1708.535,1528.802,2443.406,1074.947,4238.475,1281.325,1432.016,1653.663,2104.355,1930.283,1197.292,1283.076,970.7258,2096.65,3650.718,1234.767,802.0239,1549.698,1766.001,1590.336,2462.982,1144.979,4031.18,1345.675,1492.897
"2025-10-28 18:00:00",675,"NAN",11.84,1551.71,2053.188,1876.439,1134.067,1212.316,904.7826,2052.657,3812.045,1175.041,737.3394,1481.399,1690.235,1528.099,2441.395,1073.365,4235.363,1280.087,1432.086,1651.336,2095.485,1927.88,1197.419,1278.308,972.9471,2095.414,3651.454,1232.028,800.0439,1542.558,1745.644,1587.59,2452.213,1139.582,4053.108,1342.443,1490.207
"2025-10-28 18:15:00",676,"NAN",11.87,1548.316,2041.509,1865.504,1127.185,1203.139,902.3776,2042.307,3785.36,1168.289,735.1332,1476.987,1662.058,1526.283,2432.801,1067.135,4201.138,1273.774,1422.148,1647.161,2083.223,1915.233,1190.196,1268.844,969.85,2086.027,3632.447,1225.396,800.0399,1541.879,1720.042,1588.026,2449.919,1136.376,4001.666,1338.433,1483.028
"2025-10-28 18:30:00",677,"NAN",11.87,1546.556,2026.609,1869.775,1132.73,1201.648,908.9005,2048.182,3809.134,1169.695,737.3081,1488.436,1628.409,1525.508,2421.798,1068.338,4230.851,1278.128,1429.779,1644.465,2069.171,1919.955,1194.586,1266.455,975.5491,2091.037,3638.2,1226.356,801.2219,1552.942,1686.03,1586.284,2439.517,1137.522,4029.001,1342.01,1490.215
"2025-10-28 18:45:00",678,"NAN",11.87,1545.638,2012.253,1866.318,1133.094,1197.452,874.0964,2047.376,3792.197,1166.637,737.3271,1471.136,1574.226,1524.532,2406.633,1066.764,4226.452,1277.604,1429.743,1641.418,2053.307,1915.349,1193.568,1260.273,938.6965,2087.751,3627.215,1222.831,800.1245,1532.874,1631.631,1584.436,2428.263,1133.674,4022.148,1340.426,1488.546
"2025-10-28 19:00:00",679,"NAN",11.87,1544.665,1997.952,1865.464,1136.398,1194.481,883.313,2048.12,3781.723,1166.516,738.3112,1468.92,1535.324,1523.918,2388.913,1066.422,4226.654,1278.183,1432.758,1641.605,2041.01,1915.702,1198.441,1259.198,949.8339,2090.369,3624.391,1223.146,802.6619,1532.858,1593.706,1585.27,2407.075,1135.071,4024.046,1342.211,1492.688
"2025-10-28 19:15:00",680,"NAN",11.87,1544.486,1983.232,1862.503,1138.051,1190.436,889.438,2046.833,3756.823,1164.182,739.1295,1467.395,1507.866,1523.28,2369.851,1064.413,4209.024,1276.028,1432.953,1635.26,2021.772,1908.901,1194.336,1249.249,949.7847,2084.256,3613.672,1217.712,799.571,1529.095,1565.285,1583.294,2391.5,1131.462,4019.758,1338.522,1491.809
"2025-10-28 19:30:00",681,"NAN",11.89,1544.434,1970.025,1864.215,1143.289,1188.496,895.9328,2049.049,3735.4,1164.602,740.5213,1466.529,1485.864,1523.496,2350.382,1065.331,4212.399,1277.123,1439.131,1636.961,2011.432,1911.675,1201.288,1248.915,958.3078,2088.98,3584.843,1218.39,800.275,1526.553,1539.768,1580.729,2372.289,1129.58,4025.688,1337.617,1495.389
"2025-10-28 19:45:00",682,"NAN",11.86,1543.414,1952.273,1864.819,1147.653,1189.516,899.8794,2050.082,3707.373,1164.557,742.9698,1465.927,1471.68,1523.257,2330.485,1065.115,4201.335,1276.732,1443.653,1634.901,1996.85,1911.342,1203.872,1248.607,960.4354,2089.192,3561.807,1216.824,800.8727,1525.019,1523.885,1578.612,2354.23,1128.246,4022.396,1336.144,1498.191
"2025-10-28 20:00:00",683,"NAN",11.83,1546.022,1953.017,1865.432,1151.724,1183.765,904.2121,2052.032,3690.073,1163.973,744.1545,1467.099,1457.33,1524.368,2318.702,1065.165,4198.451,1276.478,1449.435,1636.006,1993.353,1911.241,1207.322,1241.951,963.9363,2089.185,3542.837,1216.53,801.782,1524.195,1510.348,1579.791,2344.806,1127.265,4028.858,1335.281,1503.133
"2025-10-28 20:15:00",684,"NAN",11.85,1546.903,1946.441,1864.129,1154.677,1180.896,907.392,2051.36,3661.874,1163.073,744.661,1467.398,1442.754,1524.361,2292.746,1064.365,4182.715,1275.545,1452.733,1636.91,1987.008,1909.994,1209.802,1239.037,967.1314,2088.809,3533.344,1215.514,802.3381,1525.205,1494.853,1579.676,2320.532,1126.293,4007.571,1334.383,1506.279
"2025-10-28 20:30:00",685,"NAN",11.87,1547.846,1941.187,1864.996,1158.734,1178.983,911.1684,2052.238,3649.042,1162.16,746.6517,1468.051,1419.28,1524.683,2280.571,1064.151,4174.615,1276.026,1457.141,1640.71,1984.598,1913.419,1217.645,1240.587,974.698,2091.705,3498.417,1217.703,807.6876,1528.442,1470.629,1583.333,2308.346,1129.819,3983.93,1337.11,1514.002
"2025-10-28 20:45:00",686,"NAN",11.85,1548.74,1936.99,1861.376,1158.246,1175.001,909.8989,2048.356,3632.787,1157.977,743.8776,1468.315,1365.305,1525.87,2267.947,1061.023,4169.154,1271.275,1454.714,1636.766,1978.786,1908.437,1215.234,1234.945,972.1382,2087.42,3482.48,1211.323,803.1828,1527.685,1419.48,1582.491,2297.425,1125.173,3993.271,1330.977,1509.965
"2025-10-28 21:00:00",687,"NAN",11.87,1549.639,1933.153,1870.299,1169.26,1177.947,918.2831,2058.894,3624.738,1164.27,748.6019,1469.036,1341.691,1525.666,2253.821,1065.989,4180.832,1282.883,1470.672,1641.716,1975.603,1917.365,1227.557,1239.053,980.8478,2098.005,3485.631,1218.857,809.3711,1528.979,1397.447,1583.53,2284.286,1130.525,3991.045,1343.229,1526.405
"2025-10-28 21:15:00",688,"NAN",11.87,1550.48,1928.072,1872.082,1173.958,1176.811,921.4739,2059.265,3611.038,1165.557,750.6848,1466.943,1323.117,1526.448,2245.42,1065.485,4174.763,1280.635,1476.423,1643.282,1972.908,1919.63,1232.246,1238.655,984.9208,2099.59,3459.382,1219.992,811.3754,1529.678,1380.859,1583.961,2275.969,1131.924,3982.419,1341.675,1532.867
"2025-10-28 21:30:00",689,"NAN",11.87,1552.029,1926.14,1874.171,1178.085,1176.557,924.8554,2061.544,3589.021,1165.946,752.428,1466.144,1323.114,1526.367,2235.449,1066.205,4168.855,1282.014,1482.177,1641.519,1967.375,1918.381,1233.228,1234.729,984.7388,2099.296,3454.477,1217.762,810.0109,1527.369,1379.127,1581.007,2266.9,1128.424,4004.669,1340.122,1535.126
"2025-10-28 21:45:00",690,"NAN",11.86,1553.629,1923.863,1875.937,1181.767,1176.187,927.9407,2063.452,3578.611,1165.989,756.0197,1468.731,1147.12,1526.844,2225.241,1066.141,4165.218,1282.846,1486.873,1641.496,1964.393,1920.861,1235.837,1233.165,986.4593,2100.25,3459.161,1217.413,812.0566,1526.563,1204.847,1580.413,2256.083,1127.227,3990.8,1339.914,1538.627
"2025-10-28 22:00:00",691,"NAN",11.87,1554.954,1923.385,1877.578,1185.418,1175.914,931.4651,2065.173,3574.861,1167.614,756.8557,1470.59,1160.779,1527.736,2216.966,1066.802,4161.808,1284.144,1492.226,1644.948,1965.486,1923.77,1241.641,1235.08,992.1976,2103.773,3444.806,1220.342,814.5601,1530.634,1218.15,1583.333,2248.853,1130.098,3985.185,1343.117,1546.06
"2025-10-28 22:15:00",692,"NAN",11.88,1556.455,1923.038,1880.854,1188.999,1175.986,938.5381,2067.802,3570.525,1168.396,757.9768,1490.303,1136.795,1527.938,2212.663,1067.421,4160.828,1285.375,1495.946,1646.543,1964.545,1925.895,1244.599,1234.518,998.6147,2105.417,3436.269,1220.517,815.5843,1548.249,1186.13,1583.061,2244.665,1129.979,4000.353,1343.696,1548.558
"2025-10-28 22:30:00",693,"NAN",11.86,1557.653,1922.049,1880.784,1190.687,1174.768,939.5961,2067.051,3561.352,1167.825,757.5417,1471.349,1141.084,1528.541,2210.115,1066.214,4153.702,1285.067,1496.075,1612.045,1936.184,1897.385,1207.002,1193.767,959.0262,2081.249,3543.751,1185.215,775.4938,1494.006,1157.568,1546.791,2224.438,1089.527,4138.42,1311.942,1513.285
"2025-10-28 22:45:00",694,"NAN",11.88,1559.209,1922.105,1883.637,1194.403,1174.364,941.6532,2068.926,3559.154,1169.303,758.9149,1473.023,1185.477,1528.468,2206.847,1067.516,4151.073,1287.02,1499.751,1613.633,1935.907,1899.039,1209.88,1192.708,960.3564,2082.086,3550.827,1186.248,775.6366,1496.199,1201.838,1546.379,2221.809,1089.972,4134.159,1312.988,1516.1
"2025-10-28 23:00:00",695,"NAN",11.87,1560.738,1921.227,1885.235,1197.518,1174.489,943.2,2070.808,3559.399,1170.309,756.5223,1474.406,1206.338,1529.55,2204.5,1067.816,4145.198,1288.158,1503.948,1614.585,1934.278,1901.403,1213.541,1192.47,961.7606,2085.171,3546.554,1186.868,773.2328,1495.36,1221.977,1547.352,2219.203,1089.764,4139.737,1314.611,1520.103
"2025-10-28 23:15:00",696,"NAN",11.88,1562.126,1919.324,1889.952,1203.018,1175.033,946.331,2075.654,3565.784,1172.343,759.0568,1476.239,1218.322,1529.508,2200.233,1068.617,4153,1292.096,1510.707,1616.219,1933.331,1905.629,1217.898,1192.881,964.7816,2087.9,3548.617,1189.291,775.8112,1496.23,1233.539,1546.712,2215.193,1090.758,4144.011,1318.211,1526.452
"2025-10-28 23:30:00",697,"NAN",11.87,1563.128,1919.282,1889.382,1204.032,1177.378,946.8432,2073.002,3551.644,1172.412,758.9424,1478.352,1227.616,1529.566,2194.283,1067.654,4139.459,1291.788,1508.396,1617.083,1932.235,1907.765,1219.689,1194.936,964.4329,2086.841,3539.4,1188.696,775.4046,1497.613,1242.242,1547.121,2209.056,1088.949,4134.409,1317.892,1524.983
"2025-10-28 23:45:00",698,"NAN",11.85,1577.919,1942.093,1891.573,1207.425,1172.846,948.8054,2075.847,3548.318,1173.151,762.0984,1478.039,1235.964,1530.587,2192.927,1068.352,4142.627,1293.272,1512.871,1633.66,1957.63,1906.786,1222.788,1191.065,967.4382,2088.671,3536.092,1190.63,778.8297,1498.188,1250.847,1548.933,2207.588,1090.567,4134.386,1319.571,1528.8
"2025-10-29 00:00:00",699,"NAN",11.84,1589.863,1969.226,1894.468,1210.91,1173.242,951.3751,2077.663,3536.156,1175.69,763.5076,1481.149,1242.042,1532.965,2190.212,1069.233,4139.438,1294.501,1515.147,1644.358,1982.452,1910.412,1226.52,1190.983,969.9688,2092.089,3524.988,1191.96,780.0299,1501.817,1258.463,1550.913,2204.615,1091.013,4138.711,1320.553,1530.797
"2025-10-29 00:15:00",700,"NAN",11.87,1592.077,1971.057,1897.348,1214.945,1173.771,953.8987,2080.535,3536.624,1177.421,765.1248,1483.131,1251.339,1534.394,2188.213,1070.392,4136.605,1296.136,1518.714,1646.102,1984.552,1912.352,1230.312,1191.265,972.1802,2093.681,3527.018,1193.695,781.6598,1502.833,1266.533,1551.857,2203.777,1092.034,4130.118,1321.869,1533.837
"2025-10-29 00:30:00",701,"NAN",11.83,1594.043,1974.02,1899.946,1217.162,1174.748,955.5627,2081.375,3527.746,1178.637,766.1631,1483.866,1253.719,1534.934,2186.727,1071.573,4134.467,1296.821,1522.93,1648.988,1986.975,1915.33,1232.637,1192.277,974.0635,2095.429,3515.222,1195.083,782.1446,1503.403,1268.228,1553.214,2201.406,1093.208,4127.432,1322.672,1537.537
"2025-10-29 00:45:00",702,"NAN",11.86,1595.383,1975.529,1902.682,1220.702,1175.487,957.2247,2083.786,3529.511,1179.579,766.3798,1485.727,1262.971,1535.196,2181.833,1072.556,4138.63,1301.107,1526.158,1650.197,1988.796,1917.855,1236.19,1192.953,975.2589,2096.594,3514.971,1195.755,782.4579,1505.253,1277.392,1552.758,2196.501,1094.439,4132.347,1327.616,1541.744
"2025-10-29 01:00:00",703,"NAN",11.86,1574.052,1927.046,1903.793,1223.761,1175.722,958.1914,2086.321,3525.233,1179.978,766.7646,1487.372,1269.178,1536.538,2176.791,1073,4128.76,1297.864,1528.956,1627.91,1940.907,1919.198,1238.535,1192.765,976.0306,2098.888,3523.587,1195.798,783.3478,1507.632,1282.984,1553.476,2191.793,1094.728,4129.553,1323.326,1543.439
"2025-10-29 01:15:00",704,"NAN",11.87,1576.107,1928.289,1909.093,1229.109,1177.691,961.0425,2090.722,3530.808,1183.14,768.0419,1487.599,1271.759,1537.877,2173.9,1075.357,4137.197,1301.098,1535.334,1629.695,1941.309,1923.416,1243.127,1194.361,978.0782,2103.861,3530.15,1198.28,783.3243,1506.762,1286.998,1554.625,2188.5,1095.819,4141.529,1325.997,1549.618
"2025-10-29 01:30:00",705,"NAN",11.87,1576.93,1929.114,1909.297,1229.727,1177.328,956.4679,2090.119,3526.205,1181.175,767.8639,1489.639,1274.189,1538.245,2169.859,1074.056,4134.871,1299.755,1535.112,1630.299,1942.496,1924.267,1243.282,1193.595,973.3539,2101.797,3518.852,1196.81,783.3539,1508.755,1287.333,1554.348,2184.871,1094.685,4135.334,1324.208,1549.848
"2025-10-29 01:45:00",706,"NAN",11.86,1602.012,1980.278,1912.416,1232.414,1178.14,955.0765,2091.864,3522.812,1182.237,765.5248,1491.156,1276.868,1538.909,2168.064,1074.669,4131.929,1301.258,1538.193,1654.9,1993.099,1927.803,1246.888,1194.689,972.2466,2104.332,3515.146,1197.555,780.8907,1510.039,1292.008,1555.557,2182.616,1095.312,4134.041,1325.563,1553.032
"2025-10-29 02:00:00",707,"NAN",11.86,1605.433,1986.154,1918.036,1237.923,1180.53,959.8886,2095.255,3522.844,1185.148,769.5864,1511.502,1281.583,1538.896,2166.19,1077.094,4133.36,1304.994,1545.91,1658.936,1999.204,1932.562,1251.183,1197.012,976.6339,2108.059,3515.674,1200.376,784.6608,1529.887,1295.658,1554.913,2181.557,1097.847,4132.833,1329.645,1560.194
"2025-10-29 02:15:00",708,"NAN",11.87,1605.318,1983.682,1916.922,1238.636,1180.681,963.2394,2095.022,3511.987,1184.014,769.0133,1494.697,1277.594,1540.605,2162.381,1075.902,4121.916,1304.288,1544.631,1658.855,1996.859,1930.655,1252.416,1197.112,980.0916,2106.789,3507.231,1199.273,784.6641,1513.869,1290.643,1556.971,2177.814,1096.435,4122.29,1328.865,1558.758
"2025-10-29 02:30:00",709,"NAN",11.87,1606.873,1986.6,1919.412,1241.358,1181.225,966.2988,2096.081,3511.905,1184.933,769.6865,1496.187,1284.236,1541.995,2162.754,1076.566,4119.909,1305.133,1546.784,1660.394,1999.259,1933.378,1255.1,1198.119,983.5215,2108.678,3510.049,1199.918,784.856,1514.62,1297.542,1558.234,2177.802,1097.209,4126.315,1329.869,1561.175
"2025-10-29 02:45:00",710,"NAN",11.86,1604.148,1981.927,1917.067,1239.556,1179.585,964.7831,2091.342,3496.049,1182.075,769.3285,1498.859,1290.544,1542.245,2162.553,1074.742,4097.432,1303.224,1541.327,1659.126,1995.148,1932.085,1253.04,1196.105,981.851,2103.534,3496.472,1197.915,784.3582,1516.413,1303.136,1558.789,2178.637,1095.394,4102.868,1328.019,1555.534
"2025-10-29 03:00:00",711,"NAN",11.87,1586.247,1942.284,1923.392,1245.938,1181.959,968.9884,2098.671,3513.276,1186.282,748.7782,1499.675,1293.584,1543.54,2161.706,1078.039,4111.396,1307.984,1549.761,1639.883,1954.94,1938.488,1260.039,1198.842,986.2594,2112.492,3510.038,1200.828,764.1768,1518.044,1308.262,1560.042,2177.393,1098.787,4122.404,1332.714,1564.329
"2025-10-29 03:15:00",712,"NAN",11.87,1588.752,1946.447,1927.078,1249.125,1187.328,971.8552,2100.197,3507.792,1187.641,750.9954,1501.596,1294.327,1545.058,2161.033,1079.739,4110.419,1309.177,1553.712,1643.321,1959.849,1941.516,1262.547,1203.911,989.2035,2112.606,3513.371,1203.104,766.5896,1520.163,1308.338,1561.146,2176.763,1100.63,4116.656,1334.666,1568.728
"2025-10-29 03:30:00",713,"NAN",11.86,1589.669,1948.716,1928.393,1251.069,1182.946,972.5031,2101.419,3509.156,1187.025,752.3331,1501.165,1297.234,1543.969,2160.703,1078.782,4109.573,1309.519,1554.835,1643.314,1961.045,1943.094,1264.525,1199.195,989.1734,2114.457,3515.721,1201.386,767.0847,1520.468,1311.022,1559.821,2175.298,1099.087,4116.934,1334.001,1568.644
"2025-10-29 03:45:00",714,"NAN",11.87,1591.374,1952.348,1931.859,1253.364,1183.901,974.1243,2102.685,3508.871,1187.653,755.73,1504.426,1300,1544.788,2159.849,1079.089,4106.204,1311.83,1557.861,1646.544,1965.128,1946.533,1267.449,1200.513,991.1808,2115.619,3508.075,1203.362,770.5597,1522.469,1314.724,1561.788,2176.41,1099.35,4116.163,1336.45,1571.693
"2025-10-29 04:00:00",715,"NAN",11.84,1594.028,1955.257,1934.83,1257.105,1185.287,976.3012,2104.183,3509.43,1188.398,750.3371,1505.701,1305.584,1545.664,2160.774,1079.758,4107.707,1314.476,1560.514,1648.442,1968.587,1949.394,1270.775,1201.415,993.1266,2116.717,3513.062,1203.397,765.04,1524.201,1318.428,1561.708,2176.255,1099.686,4114.769,1338.725,1575.005
"2025-10-29 04:15:00",716,"NAN",11.88,1595.298,1958.074,1937.026,1259.992,1186.024,977.3354,2105.606,3512.11,1188.331,749.5266,1506.88,1313.781,1547.718,2160.014,1079.084,4104.108,1316.778,1562.375,1648.601,1970.037,1950.248,1272.015,1200.707,992.5706,2118.287,3521.991,1201.53,763.0026,1524.375,1325.056,1562.466,2175.04,1098.194,4120.733,1339.423,1575.219
"2025-10-29 04:30:00",717,"NAN",11.85,1596.946,1961.471,1939.732,1262.804,1187.89,979.6021,2104.946,3515.479,1188.916,751.1176,1509.361,1319.122,1547.526,2160.402,1079.788,4101.325,1322.716,1564.226,1650.646,1973.677,1953.342,1274.474,1202.051,994.7319,2116.11,3524.815,1203.208,764.4398,1524.981,1331.371,1562.428,2175.598,1098.871,4117.369,1346.246,1576.133
"2025-10-29 04:45:00",718,"NAN",11.86,1598.325,1963.786,1941.35,1264.638,1188.85,981.1214,2105.751,3520.979,1189.202,752.8621,1510.852,1331.159,1548.313,2161.54,1079.342,4102.876,1321.147,1565.745,1651.182,1976.618,1955.418,1276.278,1203.214,996.1014,2117.933,3534.653,1201.981,765.6691,1527.927,1341.28,1562.225,2176.553,1097.997,4126.677,1343.522,1577.424
"2025-10-29 05:00:00",719,"NAN",11.88,1600.243,1966.488,1943.281,1266.159,1190.078,982.5464,2107.512,3533.044,1189.777,697.7804,1512.341,1337.743,1550.157,2162.546,1080.179,4101.905,1322.527,1568.528,1653.531,1978.267,1956.213,1277.615,1204.562,997.2753,2119.453,3541.309,1202.739,710.5002,1528.253,1349.024,1564.501,2178.039,1098.296,4127.35,1344.888,1580.831
"2025-10-29 05:15:00",720,"NAN",11.88,1602.647,1970.2,1941.182,1263.063,1189.025,980.699,2102.028,3517.988,1187.991,696.1019,1512.819,1342.634,1551.194,2163.682,1006.528,4073.601,1319.61,1563.121,1655.534,1982.348,1954.242,1274.552,1203.158,995.2453,2113.57,3529.775,1200.724,709.0649,1530.909,1353.287,1564.777,2179.258,1025.42,4097.078,1342.171,1575.773
"2025-10-29 05:30:00",721,"NAN",11.87,1604.356,1972.946,1948.589,1269.177,1192.896,985.9715,2108.631,3539.42,1192.603,695.942,1513.987,1348.742,1551.635,2166.23,1017.505,4095.379,1324.424,1573.169,1657.783,1984.753,1962.177,1280.684,1207.381,1000.772,2120.536,3550.084,1205.888,708.8237,1531.038,1361.236,1565.478,2181.502,1036.14,4119.162,1346.71,1585.777
"2025-10-29 05:45:00",722,"NAN",11.87,1606.2,1976.804,1955.095,1273.968,1196.042,989.7705,2114.357,3557.09,1194.99,695.2567,1552.526,1402.846,1554.371,2168.829,1021.102,4112.269,1327.177,1579.127,1660.233,1988.835,1968.085,1285.205,1210.277,1004.448,2126.068,3566.69,1208.53,707.4231,1568.514,1414.521,1569.002,2183.911,1039.194,4134.154,1349.768,1591.372
"2025-10-29 06:00:00",723,"NAN",11.85,1608.884,1979.313,1957.965,1275.727,1197.533,992.8193,2115.91,3558.495,1196.316,693.1197,1548.313,1408.098,1556.836,2169.529,1025.056,4105.963,1328.215,1580.906,1661.806,1990.697,1971.248,1287.385,1211.575,1007.227,2128.218,3571.778,1208.77,705.5327,1565.574,1419.677,1570.298,2183.885,1043.277,4132.265,1350.428,1593.453
"2025-10-29 06:15:00",724,"NAN",11.88,1610.336,1983.422,1961.256,1278.401,1199.17,994.7868,2116.087,3562.521,1197.422,695.5786,1550.906,1415.038,1557.2,2169.968,1028.157,4105.475,1329.714,1583.694,1663.854,1995.597,1973.995,1289.209,1212.943,1009.034,2127.692,3575.21,1210.522,707.5201,1566.791,1425.787,1571.463,2185.326,1046.437,4136.563,1351.954,1596.016
"2025-10-29 06:30:00",725,"NAN",11.87,1612.461,1987.376,1962.106,1279.118,1199.401,995.2343,2114.268,3569.49,1197.416,697.1276,1550.339,1423.464,1558.405,2172.511,1029.517,4099.427,1330.302,1583.108,1657.114,1992.003,1967.448,1279.26,1202.87,998.851,2119.871,3605.992,1200.062,698.2746,1556.717,1424.483,1562.603,2181.941,1036.93,4163.763,1342.698,1585.981
"2025-10-29 06:45:00",726,"NAN",11.86,1616.339,1996.329,1967.766,1284.368,1202.426,998.6638,2118.96,3592.084,1200.002,700.7916,1553.74,1440.222,1559.786,2177.667,1033.667,4113.108,1334.423,1588.907,1660.522,1999.876,1973.178,1284.748,1205.443,1001.782,2124.395,3636.758,1202.113,701.9274,1560.62,1441.434,1563.387,2185.66,1040.928,4177.827,1346.579,1591.397
"2025-10-29 07:00:00",727,"NAN",11.87,1621.876,2013.447,1973.734,1289.623,1209.369,999.6302,2119.274,3614.705,1202.763,703.2188,1556.812,1457.671,1562.201,2184.269,1037.199,4110.643,1338.679,1593.327,1665.888,2017.61,1979.663,1289.803,1212.136,1002.432,2124.793,3653.684,1204.243,704.1752,1563.76,1458.66,1565.409,2192.299,1044.292,4174.695,1350.576,1595.568
"2025-10-29 07:15:00",728,"NAN",11.86,1626.166,2032.935,1980.23,1294.438,1208.771,999.6937,2121.402,3634.891,1205.788,703.0233,1558.712,1491.282,1563.983,2192.883,1039.516,4107.262,1343.03,1597.537,1670.45,2037.323,1985.219,1294.32,1211.209,1002.222,2125.948,3681.763,1207.947,703.3602,1564.789,1492.338,1567.276,2201.778,1046.156,4179.045,1354.986,1599.594
"2025-10-29 07:30:00",729,"NAN",11.87,1630.152,2056.64,1985.52,1297.938,1211.77,999.3641,2122.511,3672.804,1210.175,702.7621,1559.971,1523.686,1565.791,2203.48,1043.23,4127.62,1346.995,1600.175,1674.425,2061.41,1990.609,1296.981,1213.277,1001.245,2126.854,3721.293,1211.875,702.0312,1565.301,1524.558,1568.592,2211.979,1049.41,4204.836,1358.394,1601.971
"2025-10-29 07:45:00",730,"NAN",11.88,1634.397,2082.413,1991.333,1301.154,1214.878,998.1447,2124.668,3761.678,1215.092,701.9376,1563.953,1550.271,1569.456,2228.479,1046.951,4146.103,1350.661,1601.965,1679.773,2087.786,1996.236,1300.033,1216.797,1000.057,2129.899,3816.066,1216.022,701.5339,1570.054,1551.078,1572.668,2237.365,1053.566,4218.629,1361.926,1603.236
"2025-10-29 08:00:00",731,"NAN",11.85,1638.772,2110.448,1997.748,1305.901,1219.316,997.5244,2129.042,3791.47,1219.253,703.718,1570.55,1576.423,1575.684,2278.705,1052.539,4150.893,1354.397,1603.984,1685.364,2115.863,2002.539,1304.809,1221.203,999.3807,2134.752,3847.462,1219.907,703.2579,1577.186,1577.264,1577.584,2289.047,1059.303,4232.104,1365.791,1605.431
"2025-10-29 08:15:00",732,"NAN",11.86,1644.181,2138.856,2004.641,1310.755,1225.008,997.1595,2132.381,3794.538,1223.291,704.8353,1577.865,1646.26,1580.86,2342.174,1057.224,4167.015,1361.464,1606.734,1691.423,2143.994,2009.552,1310.269,1227.075,999.1784,2137.274,3849.847,1225.439,704.9766,1582.858,1647.702,1584.394,2353.356,1063.659,4241.312,1373.253,1608.5
"2025-10-29 08:30:00",733,"NAN",11.86,1648.732,2171.917,2015.086,1318.538,1234.066,998.2153,2138.546,3797.626,1231.219,706.7551,1585.829,1720.62,1589.644,2395.544,1061.105,4164.199,1362.009,1612.102,1695.461,2178.924,2020.252,1317.497,1235.876,1000.036,2143.689,3855.164,1232.566,706.383,1591.851,1724.313,1592.37,2407.087,1068.194,4245.196,1373.49,1614.079
"2025-10-29 08:45:00",734,"NAN",11.87,1654.124,2201.116,2023.015,1327.882,1245.415,997.9092,2141.858,3830.517,1236.785,711.1212,1592.191,1779.699,1597.415,2442.984,1064.43,4163.276,1363.71,1616.113,1701.998,2208.553,2027.8,1326.558,1247.308,999.5053,2146.778,3888.651,1238.383,710.5933,1597.68,1782.564,1600.04,2455.975,1071.42,4245.405,1374.808,1617.961
"2025-10-29 09:00:00",735,"NAN",11.86,1661.547,2227.446,2036.503,1341.132,1261.172,1004.118,2145.934,3846.763,1241.947,715.7567,1578.336,1790.008,1608.473,2495.979,1066.947,4160.555,1366.589,1626.097,1709.377,2234.383,2041.709,1340.306,1263.12,1005.517,2150.409,3901.926,1244.166,715.0129,1582.786,1795.486,1612.235,2511.85,1073.579,4239.243,1378.193,1627.611
"2025-10-29 09:15:00",736,"NAN",11.88,1667.763,2252.958,2051.977,1356.696,1286.583,1010.432,2148.945,3850.401,1247.317,717.7664,1594.054,1859.998,1621.871,2540.448,1069.33,4153.486,1370.425,1636.935,1716.379,2261.214,2056.75,1355.755,1288.441,1011.772,2154.579,3903.924,1248.853,717.5344,1599.579,1865.066,1624.47,2558.223,1076.819,4234.906,1381.84,1638.548
"2025-10-29 09:30:00",737,"NAN",11.87,1676.145,2280.612,2066.51,1373.883,1312.536,1022.927,2151.52,3846.766,1249.087,720.4972,1641.163,1993.3,1634.728,2577.314,1068.777,4150.9,1371.614,1640.415,1723.847,2288.647,2072.147,1373.153,1314.018,1023.754,2156.457,3902.614,1250.945,719.8204,1646.063,2002.18,1637.502,2599.332,1075.756,4233.221,1383.239,1641.061
"2025-10-29 09:45:00",738,"NAN",11.87,1685.936,2303.928,2078.062,1389.789,1334.346,1031.552,2150.349,3828.102,1249.009,720.3109,1655.694,2049.077,1642.235,2622.88,1066.803,4129.328,1367.888,1635.131,1733.847,2311.608,2083.726,1389.215,1335.754,1032.115,2154.831,3882.782,1251.032,720.1628,1660.364,2058.14,1645.656,2638.069,1073.564,4216.091,1379.223,1636.867
"2025-10-29 10:00:00",739,"NAN",11.86,1700.202,2330.607,2092.645,1409.915,1359.312,1049.1,2151.842,3815.967,1250.979,721.5396,1678.109,2100.086,1662.872,2665.784,1065.547,4120.141,1364.979,1631.809,1748.697,2339.179,2097.964,1409.372,1360.86,1049.422,2156.366,3864.985,1253.253,721.7762,1682.712,2109.599,1666.057,2683.056,1072.861,4206.475,1376.239,1633.864
"2025-10-29 10:15:00",740,"NAN",11.87,1720.609,2355.547,2121.164,1446.563,1396.024,1079.325,2167.579,3829.799,1261.98,729.9941,1709.642,2170.972,1690.247,2663.69,1071.597,4155.617,1371.721,1648.995,1769.418,2363.556,2126.237,1445.333,1397.442,1079.314,2173.104,3882.117,1263.247,729.4314,1714.494,2181.669,1692.095,2693.251,1079.174,4237.228,1383.141,1649.895
"2025-10-29 10:30:00",741,"NAN",11.85,1737.035,2397.248,2138.305,1469.312,1424.238,1100.266,2172.358,3819.804,1264.935,729.685,1729.516,2224.257,1713.06,2731.313,1071.591,4144.986,1371.686,1647.904,1786.685,2404.805,2142.571,1468.844,1425.563,1099.835,2177.586,3870.735,1266.621,729.4266,1733.674,2234.348,1742.579,2785.794,1078.895,4229.848,1382.425,1649.346
"2025-10-29 10:45:00",742,"NAN",11.85,1758.841,2404.164,2153.018,1504.031,1427.381,1120.184,2180.139,3813.883,1271,737.9946,1746.297,2276.26,1762.224,2796.134,1071.52,4153.523,1374.853,1648.253,1808.481,2403.824,2158.074,1502.778,1425.948,1119.386,2185.006,3865.811,1272.012,737.2371,1750.648,2287.668,1763.849,2833.168,1079.655,4238.667,1385.97,1650.606
"2025-10-29 11:00:00",743,"NAN",11.87,1783.281,2431.798,2170.024,1531.151,1461.648,1136.984,2176.196,3806.421,1276.009,738.172,1760.613,2325.682,1781.935,2820.89,1071.796,4161.526,1376.394,1645.591,1833.576,2441.711,2174.822,1530.303,1462.805,1136.423,2181.831,3854.885,1276.85,737.8699,1765.507,2336.041,1784.102,2871.799,1079.995,4241.433,1387.141,1647.85
"2025-10-29 11:15:00",744,"NAN",11.87,1793.375,2435.683,2177.008,1543.169,1468.374,1144.12,2188.135,3794.688,1277.242,740.8621,1767.478,2340.992,1765.081,2814.784,1070.473,4162.238,1375.381,1641.509,1843.534,2445.286,2182.98,1543.147,1469.953,1143.99,2192.243,3844.339,1279.532,741.2645,1771.313,2352.356,1768.131,2863.529,1078.285,4243.158,1386.887,1644.459
"2025-10-29 11:30:00",745,"NAN",11.87,1803.551,2440.921,2185.16,1555.64,1473.811,1154.288,2191.597,3786.745,1201.721,743.1454,1763.163,2372.124,1777.086,2835.033,1069.678,4160.87,1376.195,1638.284,1854.589,2449.143,2190.629,1555.041,1475.301,1154.252,2195.59,3832.527,1204.252,743.1433,1767.307,2382.871,1779.642,2877.15,1077.917,4244.733,1387.267,1641.245
"2025-10-29 11:45:00",746,"NAN",11.83,1796.889,2430.484,2184.069,1537.239,1457.266,1118.86,2203.229,3833.394,1173.631,738.5005,1763.872,2358.51,1759.826,2837.45,1074.278,4200.78,1370.767,1625.557,1846.617,2440.862,2189.804,1536.989,1459.06,1119.707,2208.603,3877.997,1175.322,737.6329,1768.598,2370.041,1762.667,2862.328,1082.41,4280.657,1382.106,1628.392
"2025-10-29 12:00:00",747,"NAN",11.87,1809.727,2442.177,2191.633,1565.661,1477.506,1165.593,2193.091,3779.715,1195.427,737.2531,1771.266,2374.602,1783.804,2839.855,1070.593,4156.981,1378.997,1631.391,1861.719,2452.698,2196.762,1565.003,1478.994,1165.604,2198.31,3830.636,1197.875,736.8414,1775.411,2385.527,1791.087,2941.078,1078.57,4234.112,1390.536,1634.792
"2025-10-29 12:15:00",748,"NAN",11.86,1798.618,2447.668,2196.646,1541.089,1482.537,1180.67,2193.255,3763.42,1216.725,743.0701,1776.547,2416.744,1805.804,2947.245,1070.383,4148.601,1379.399,1638.631,1848.698,2456.901,2201.519,1540.196,1482.092,1178.662,2196.79,3820.569,1217.305,740.76,1778.997,2429.572,1807.068,3006.06,1076.205,4235.696,1388.41,1639.794
"2025-10-29 12:30:00",749,"NAN",11.87,1791.076,2412.891,2176.27,1525.48,1441.671,1082.706,2203.725,3846.448,1211.498,729.6622,1758.742,2399.064,1779.396,2971.542,1080.64,4216.995,1366.579,1619.688,1838.762,2421.217,2180.799,1523.103,1441.378,1081.251,2208.853,3907.898,1210.96,727.2399,1762.567,2411.535,1780.969,3033.965,1086.521,4310.084,1375.674,1620.547
"2025-10-29 12:45:00",750,"NAN",11.86,1750.223,2352.252,2145.188,1469.188,1396.77,1019.965,2182.476,3835.401,1211.34,715.8981,1731.282,2342.02,1745.429,2937.515,1085.829,4226.293,1358.438,1607.141,1796.365,2360.592,2150.013,1466.68,1396.253,1018.05,2186.461,3902.488,1211.176,713.3912,1734.488,2353.919,1746.78,2997.304,1090.795,4323.026,1367.593,1607.144
"2025-10-29 13:00:00",751,"NAN",11.82,1730.303,2329.792,2136.166,1451.193,1381.533,1010.031,2173.375,3827.816,1222.948,717.8362,1722.031,2339.095,1734.443,2932.446,1092.138,4209.141,1356.686,1609.366,1778.946,2338.814,2140.903,1448.333,1381.643,1008.811,2178.19,3888.63,1223.241,715.7297,1725.816,2350.853,1735.832,2986.128,1098.041,4302.159,1366.373,1610.198
"2025-10-29 13:15:00",752,"NAN",11.87,1700.952,2293.343,2114.895,1419.198,1355.815,980.0093,2164.77,3832.697,1219.801,711.625,1708.463,2312.022,1715.942,2906.795,1090.584,4231.265,1349.289,1602.684,1748.073,2302.753,2119.215,1415.98,1355.173,978.3776,2168.992,3898.583,1219.189,709.0146,1711.933,2322.485,1717.544,2970.022,1095.617,4324.718,1358.841,1602.864
"2025-10-29 13:30:00",753,"NAN",11.85,1687.691,2277.913,2107.355,1409.955,1347.222,980.4417,2161.427,3817.208,1229.131,712.1451,1698.677,2310.905,1714.763,2902.063,1096.607,4212.215,1351.044,1608.581,1735.717,2285.619,2110.942,1406.937,1346.951,978.9164,2165.728,3881.885,1228.744,709.7258,1702.014,2322.184,1717.041,2963.146,1101.586,4299.756,1360.478,1608.738
"2025-10-29 13:45:00",754,"NAN",11.85,1709.923,2326.382,2136.169,1454.239,1389.856,1048.084,2167.663,3812.602,1244.265,721.5098,1720.214,2357.603,1750.278,2921.25,1097.29,4174.664,1357.694,1623.569,1758.531,2334.578,2140.414,1450.872,1388.701,1045.629,2171.513,3878.178,1243.849,718.0882,1722.149,2370.231,1751.418,2994.849,1101.587,4274.575,1366.482,1623.061
"2025-10-29 14:00:00",755,"NAN",11.86,1693.345,2319.375,2129.416,1441.646,1373.799,1024.857,2167.207,3841.543,1238.989,718.4772,1709.902,2354.73,1738.078,2938.021,1098.193,4211.074,1350.713,1619.586,1739.892,2326.887,2133.238,1437.475,1372.263,1022.198,2171.129,3908.374,1237.178,714.5828,1712.255,2366.153,1738.838,3004.09,1101.929,4313.73,1359.261,1618.126
"2025-10-29 14:15:00",756,"NAN",11.86,1677.237,2309.729,2113.864,1421.022,1356.566,1002.032,2165.889,3825.842,1241.408,719.7005,1700.931,2335.022,1728.689,2927.551,1104.055,4201.327,1351.897,1621.086,1723.854,2317.926,2117.685,1416.58,1354.89,999.5031,2169.517,3893.781,1239.976,715.7232,1703.426,2347.402,1729.553,2986.04,1107.718,4299.211,1360.394,1619.864
"2025-10-29 14:30:00",757,"NAN",11.87,1699.407,2349.253,2137.311,1460.806,1388.068,1056.045,2177.354,3843.398,1249.919,727.764,1722.697,2402.09,1763.229,2969.498,1100.657,4188.584,1357.258,1631.875,1747.545,2356.586,2141.095,1457.114,1385.836,1053.319,2181.152,3907.314,1248.792,724.2064,1724.81,2414.141,1764.519,3032.883,1104.612,4287.967,1365.898,1630.858
"2025-10-29 14:45:00",758,"NAN",11.88,1671.791,2323.199,2113.959,1425.45,1350.582,1004.14,2171.281,3863.262,1238.387,718.8812,1701.331,2364.251,1737.265,2958.865,1098.105,4233.884,1348.346,1620.124,1717.85,2329.738,2117.103,1421.114,1348.911,1001.42,2175.16,3932.914,1236.814,714.8318,1703.191,2377.154,1738.525,3030.275,1101.478,4333.504,1356.591,1618.352
"2025-10-29 15:00:00",759,"NAN",11.87,1663.323,2306.355,2093.698,1402.268,1336.261,988.2016,2160.831,3804.789,1239.437,720.0795,1690.109,2341.646,1736.82,2936.086,1101.159,4166.773,1350.246,1616.659,1710.217,2313.504,2097.094,1398.457,1334.697,986.0278,2165.234,3876.005,1237.458,715.6572,1693.048,2354.695,1737.271,3007.558,1104.48,4266.813,1358.399,1614.766
"2025-10-29 15:15:00",760,"NAN",11.86,1661.977,2317.482,2108.585,1415.855,1340.779,1006.082,2173.237,3850.905,1246.16,725.4161,1696.224,2412.5,1743.76,2967.698,1103.15,4214.118,1353.332,1630.722,1708.821,2325.196,2111.499,1411.18,1338.89,1003.272,2176.656,3920.332,1244.683,720.7756,1697.904,2425.412,1744.415,3032.029,1106.342,4317.174,1361.519,1629.014
"2025-10-29 15:30:00",761,"NAN",11.85,1673.127,2339.282,2124.878,1439.509,1362.061,1042.624,2178.409,3852.343,1252.2,729.5826,1711.164,2444.776,1763.764,3001.077,1104.754,4201.975,1357.222,1639.896,1720.751,2347.046,2128.613,1435.586,1360.338,1039.799,2181.612,3917.675,1250.48,725.3901,1713.261,2459.858,1764.923,3063.811,1108.034,4304.199,1365.369,1638.407
"2025-10-29 15:45:00",762,"NAN",11.87,1658.075,2331.865,2112.783,1422.322,1345.826,1017.47,2176.639,3879.163,1243.494,725.2136,1698.232,2427.992,1749.094,3004.981,1098.37,4244.808,1350.564,1628.748,1703.782,2339.802,2115.578,1417.397,1343.663,1014.309,2180.436,3945.062,1240.738,720.1547,1700.834,2443.216,1749.275,3073.653,1101.728,4347.374,1358.67,1626.844
"2025-10-29 16:00:00",763,"NAN",11.87,1638.64,2304.94,2086.58,1388.103,1322.541,984.861,2171.71,3883.998,1233.141,720.2139,1681.462,2378.507,1730.706,2986.845,1096.685,4264.702,1338.328,1618.615,1682.91,2311.694,2089.49,1382.97,1320.066,981.8095,2174.209,3952.56,1230.582,715.6002,1682.756,2392.511,1732.092,3054.713,1099.072,4363.091,1346.266,1617.052
"2025-10-29 16:15:00",764,"NAN",11.87,1627.782,2281.465,2070.045,1366.083,1306.762,974.6519,2169.671,3882.444,1227.781,707.8666,1669.532,2342.178,1724.281,2967.778,1095.557,4262.175,1333.247,1609.342,1671.571,2288.015,2072.216,1360.39,1303.921,970.9463,2172.55,3951.954,1224.801,702.7404,1671.225,2352.715,1723.459,3039.005,1097.717,4363.329,1340.574,1607.36
"2025-10-29 16:30:00",765,"NAN",11.86,1622.657,2260.62,2055.74,1350.468,1294.656,973.4426,2169.498,3880.346,1224.42,705.4001,1660.293,2296.399,1722.161,2958.066,1094.556,4257.569,1330.695,1602.452,1822.564,2342.237,2169.444,1520.023,1469.394,1157.113,2264.875,3446.725,1400.163,887.6222,1819.436,2365.915,1874.462,2537.074,1276.976,3733.503,1512.319,1760.478
"2025-10-29 16:45:00",766,"NAN",11.88,1619.829,2244.592,2044.004,1339,1285.347,975.2255,2169.371,3884.534,1222.789,723.69,1653.108,2271.459,1721.265,2945.839,1094.28,4255.19,1329.105,1598.126,1824.564,2332.156,2163.815,1514.581,1467.154,1165.93,2267.538,3430.604,1404.053,915.1383,1819.006,2346.698,1879.811,2596.817,1283.785,3714.49,1517.399,1762.133
"2025-10-29 17:00:00",767,"NAN",11.86,1617.068,2229.874,2035.107,1330.333,1276.98,978.2684,2169.287,3878.474,1220.817,692.9999,1651.543,2252.012,1722.424,2931.407,1093.948,4253.292,1328.336,1595.307,1822.407,2320.21,2156.58,1507.214,1459.263,1169.018,2268.807,3455.815,1403.47,898.3058,1816.824,2332.551,1880.089,2612.737,1284.238,3705.996,1516.933,1760.176
"2025-10-29 17:15:00",768,"NAN",11.87,1613.97,2217.564,2025.859,1322.946,1269.344,981.3831,2167.811,3886,1219.006,710.8666,1557.323,2206.558,1723.045,2925.049,1092.712,4254.437,1326.962,1593.129,1818.6,2308.184,2148.106,1500.191,1452.147,1171.913,2268.991,3436.151,1401.468,906.7582,1729.751,2304.071,1881.832,2583.156,1282.114,3710.508,1515.526,1757.738
"2025-10-29 17:30:00",769,"NAN",11.87,1612.173,2205.76,2018.421,1317.659,1262.115,984.861,2167.55,3882.829,1217.42,687.082,1523.563,2181.433,1722.972,2910.573,1092.052,4251.68,1326.104,1591.649,1816.469,2299.094,2142.781,1494.916,1445.309,1175.448,2265.597,3447.452,1400.036,876.2819,1697.427,2278.798,1882.007,2427.105,1281.095,3727.184,1514.71,1756.513
"2025-10-29 17:45:00",770,"NAN",11.86,1611.534,2198.168,2012.794,1314.709,1256.409,988.5815,2167.788,3881.941,1216.905,618.9064,635.5353,2175.872,1724.215,2912.329,1092.528,4248.185,1325.938,1592.236,1816.528,2289.822,2138.698,1492.129,1439.52,1179.166,2263.763,3437.771,1399.597,810.7408,825.1429,2275.736,1882.904,2486.495,1281.832,3703.802,1514.55,1758.015
"2025-10-29 18:00:00",771,"NAN",11.87,1611.157,2191.957,2007.315,1311.714,1250.799,991.9606,2167.626,3884.688,1216.462,628.0909,604.1303,2166.54,1725.474,2902.799,1092.003,4243.797,1325.663,1593.23,1814.979,2288.577,2131.976,1489.52,1433.841,1182.468,2264.067,3450.239,1398.542,818.8235,794.2079,2268.011,1882.849,2410.115,1280.526,3709.622,1514.081,1758.126
"2025-10-29 18:15:00",772,"NAN",11.86,1608.85,2183.92,2001.564,1308.174,1247.524,994.1649,2167.098,3889.807,1214.62,631.5511,622.0402,2153.252,1726.482,2899.078,1090.268,4249.802,1324.792,1592.51,1812.56,2281.418,2126.577,1485.841,1430.801,1184.173,2267.799,3433.745,1396.3,822.3774,813.5683,2256.245,1883.851,2469.323,1279.134,3724.989,1513.171,1757.277
"2025-10-29 18:30:00",773,"NAN",11.83,1606.853,2175.197,1995.911,1304.83,1236.815,996.1233,2166.424,3889.443,1213.189,631.0964,644.7092,2117.63,1723.915,2884.389,1088.678,4248.56,1323.266,1590.853,1809.353,2269.003,2122.759,1481.559,1419.414,1185.49,2263.248,3465.173,1394.79,821.7725,837.5002,2224.87,1881.432,2530.79,1277.273,3718.43,1510.82,1755.777
"2025-10-29 18:45:00",774,"NAN",11.86,1605.979,2164.43,1984.628,1295.989,1228.278,994.5845,2157.732,3863.711,1207.579,629.7813,659.0715,2055.845,1724.72,2868.623,1086.315,4230.387,1321.313,1586.752,1808.198,2259.991,2116.542,1478.675,1413.627,1186.953,2262.216,3430.865,1391.287,819.8492,854.1496,2179.846,1881.562,2519.327,1274.918,3706.94,1508.129,1751.718
"2025-10-29 19:00:00",775,"NAN",11.85,1606.364,2152.969,1988.596,1302.771,1226.667,1001.57,2165.389,3873.761,1211.043,631.335,673.0436,2015.344,1724.714,2849.813,1086.847,4229.819,1322.203,1588.066,1807.839,2255.239,2115.185,1478.593,1409.294,1190.045,2261.327,3428.453,1391.405,819.3069,866.6234,2137.475,1880.911,2410.273,1274.279,3694.589,1509.266,1752.607
"2025-10-29 19:15:00",776,"NAN",11.85,1606.202,2142.269,1986.639,1303.909,1222.35,1003.951,2166.381,3863.184,1210.335,635.7744,682.9385,1970.311,1724.54,2842.497,1086.26,4232.283,1322.798,1589.013,1807.497,2240.926,2112.956,1480.068,1405.139,1192.341,2263.621,3428.438,1391.284,825.0132,876.7393,2098.886,1881.452,2420.476,1273.394,3708.887,1509.161,1753.734
"2025-10-29 19:30:00",777,"NAN",11.87,1605.346,2129.688,1986.082,1305.561,1218.156,1007.366,2167.075,3861.889,1210.153,637.6621,689.9583,1929.682,1723.087,2820.979,1085.891,4233.607,1326.629,1590.326,1806.761,2232.975,2113.313,1481.909,1401.746,1195.802,2267.78,3410.229,1391.249,826.6668,884.0464,2062.786,1880.47,2402.222,1273.298,3690.316,1513.638,1754.673
"2025-10-29 19:45:00",778,"NAN",11.85,1605.5,2115.467,1985.691,1308.483,1215.091,1011.518,2169.627,3839.664,1209.311,639.934,697.5478,1884.663,1722.874,2800.729,1085.735,4230.21,1323.772,1591.871,1806.273,2221.921,2111.108,1484.054,1397.658,1199.671,2265.354,3400.75,1390.652,828.0168,890.761,2021.643,1879.507,2447.817,1272.924,3687.35,1510.815,1755.603
"2025-10-29 20:00:00",779,"NAN",11.86,1606.216,2102.47,1985.492,1311.362,1212.633,1015.481,2170.305,3821.357,1210.011,643.9233,704.0402,1852.22,1722.705,2794.089,1085.902,4218.696,1324.647,1594.777,1805.547,2210.852,2112.428,1486.393,1395.031,1202.73,2268.718,3409.482,1390.497,832.1202,896.9863,1992.834,1878.497,2401.297,1272.387,3705.362,1510.655,1758.563
"2025-10-29 20:15:00",780,"NAN",11.88,1606.737,2089.387,1985.382,1315.093,1210.142,1019.297,2171.728,3804.34,1209.822,646.1821,709.3138,1829.891,1722.23,2765.235,1085.335,4210.956,1324.494,1595.344,1805.552,2196.654,2111.281,1490.004,1392.6,1206.194,2264.843,3404.84,1390.195,834.0059,901.9248,1972.36,1878.254,2428.205,1271.943,3685.922,1510.268,1758.867
"2025-10-29 20:30:00",781,"NAN",11.85,1607.438,2079.052,1985.272,1318.228,1207.82,1022.498,2171.348,3778.341,1209.841,646.8862,713.4875,1807.018,1722.967,2757.96,1085.738,4204.757,1324.214,1594.665,1807.692,2191.023,2111.761,1494.008,1391.511,1210.76,2270.349,3398.255,1391.24,836.4428,907.2959,1952.791,1880.238,2356.765,1273.321,3668.502,1510.92,1759.564
"2025-10-29 20:45:00",782,"NAN",11.88,1608.025,2068.046,1986.17,1323.097,1206.409,1026.327,2172.583,3756.812,1211.058,650.7029,719.4456,1787.817,1724.665,2745.496,1086.683,4199.798,1325.464,1598.003,1808.679,2181.602,2112.186,1498.752,1390.057,1214.401,2267.519,3346.698,1391.393,838.8085,913.3591,1935.347,1881.01,2371.124,1273.742,3658.569,1512.257,1761.733
"2025-10-29 21:00:00",783,"NAN",11.86,1609.25,2060.26,1987.864,1327.205,1204.527,1029.176,2173.618,3745.501,1211.763,652.9084,720.3449,1773.567,1725.375,2731.976,1086.607,4199.725,1325.781,1601.859,1809.767,2175.663,2114.927,1502.889,1388.51,1217.225,2272.225,3345.155,1392.59,841.7258,914.4087,1921.55,1881.767,2391.106,1274.329,3664.136,1512.907,1765.441
"2025-10-29 21:15:00",784,"NAN",11.85,1610.599,2053.56,1989.118,1330.961,1202.914,1031.266,2175.878,3735.563,1212.447,652.1124,722.9066,1765.182,1725.791,2722.286,1087.118,4195.344,1326.472,1594.892,1810.63,2168.168,2115.596,1506.739,1386.933,1219.465,2274.417,3337.387,1392.351,841.3608,917.5463,1914.123,1882.552,2398.213,1274.39,3677.316,1513.586,1758.865
"2025-10-29 21:30:00",785,"NAN",11.86,1611.454,2048.362,1987.304,1331.589,1199.8,1032.647,2174.141,3707.114,1211.123,653.0061,724.8372,1756.985,1726.834,2708.2,1085.624,4184.916,1326.062,1589.577,1811.649,2164.756,2114.859,1507.091,1383.434,1221.018,2270.286,3306.042,1391.934,841.9986,919.4279,1907.218,1883.084,2319.847,1273.099,3655.365,1512.752,1754.725
"2025-10-29 21:45:00",786,"NAN",11.88,1612.298,2043.381,1988.618,1335.827,1198.305,1035.626,2177.07,3703.723,1212.03,656.739,728.4319,1754.585,1725.482,2681.257,1085.935,4176.954,1327.355,1588.51,1812.656,2159.232,2115.354,1511.086,1383.055,1224.285,2274.332,3310.698,1392.928,846.1203,922.9093,1904.939,1882.106,2370.677,1274.35,3654.685,1515.331,1753.255
"2025-10-29 22:00:00",787,"NAN",11.87,1613.932,2039.02,1990.556,1340.516,1201.509,1039.211,2180.009,3682.889,1213.132,659.4898,731.2579,1749.006,1727.482,2673.47,1086.426,4177.071,1329.868,1590.76,1814.61,2157.615,2118.827,1515.751,1385.9,1227.114,2274.694,3310.173,1393.837,849.0789,925.9373,1898.709,1883.789,2333.923,1274.437,3654.915,1516.88,1755.451
"2025-10-29 22:15:00",788,"NAN",11.87,1616.407,2038.221,1996.314,1347.454,1198.177,1043.748,2184.582,3680.025,1216.173,660.0452,733.1971,1730.392,1727.731,2679.057,1088.651,4182.574,1332.859,1593.355,1815.537,2154.225,2122.197,1522.732,1382.238,1231.412,2277.313,3288.325,1396.896,848.9424,927.8066,1882.731,1884.84,2312.443,1276.059,3663.061,1519.822,1757.916
"2025-10-29 22:30:00",789,"NAN",11.87,1618.193,2038.642,1999.25,1352.433,1197.917,1045.972,2187.39,3677.87,1216.885,661.2214,737.8233,1731.118,1729.666,2666.841,1089.214,4179.02,1334.085,1594.412,1817.578,2156.069,2126.142,1527.497,1382.628,1234.357,2279.096,3292.272,1398.569,851.5981,932.5179,1882.872,1885.579,2381.178,1278.01,3648.857,1520.904,1759.966
"2025-10-29 22:45:00",790,"NAN",11.86,1620.073,2040.963,2002.353,1356.777,1198.51,1048.661,2189.732,3674.452,1218.857,662.6268,741.9154,1737.34,1730.833,2695.49,1090.993,4181.602,1336.422,1598.664,1820.987,2159.876,2126.82,1531.577,1383.371,1236.967,2281.276,3307.002,1400.279,852.2941,936.4507,1887.866,1886.759,2311.256,1279.477,3648.59,1523.531,1763.906
"2025-10-29 23:00:00",791,"NAN",11.82,1622.661,2043.95,2005.343,1361.467,1199.411,1051.007,2192.909,3675.972,1220.841,667.5629,744.8957,1741.334,1733.661,2664.702,1091.984,4173.267,1338.849,1603.881,1819.21,2158.088,2127.45,1532.064,1379.527,1234.395,2283.869,3285.416,1396.72,853.0386,934.7363,1888.232,1886.071,2333.679,1275.394,3656.658,1520.809,1764.456
"2025-10-29 23:15:00",792,"NAN",11.86,1625.447,2047.793,2007.663,1365.747,1199.625,1052.162,2194.634,3679.521,1223.448,668.6124,746.4906,1751.795,1736.496,2703.911,1092.614,4172.78,1344.323,1607.043,1820.27,2161.866,2127.378,1534.632,1378.685,1234.91,2283.359,3313.186,1397.688,852.73,936.3799,1898.19,1886.654,2342.192,1275.686,3655.35,1525.647,1766.323
"2025-10-29 23:30:00",793,"NAN",11.86,1627.464,2053.468,2010.723,1370.327,1200.21,1053.58,2198.021,3692.098,1223.534,670.4048,750.667,1762.516,1736.729,2665.266,1093.788,4174.331,1343.55,1608.284,1823.232,2168.068,2131.569,1539.802,1380.043,1236.752,2288.678,3319.677,1401.042,855.6062,939.368,1906.704,1888.549,2315.646,1277.325,3674.152,1525.239,1768.361
"2025-10-29 23:45:00",794,"NAN",11.86,1628.434,2058.572,2011.35,1371.54,1199.417,1052.988,2196.68,3702.644,1224.018,665.362,751.9547,1768.57,1738.633,2707.538,1093.358,4173.577,1345.064,1606.188,1824.364,2168.295,2131.901,1542.382,1379.698,1236.536,2283.626,3321.752,1399.839,850.4008,941.6597,1912.689,1890.761,2378.314,1276.46,3648.19,1526.278,1766.144
"2025-10-30 00:00:00",795,"NAN",11.84,1630.209,2062.634,2015.565,1376.454,1199.957,1055.14,2200.379,3713.728,1226.379,671.3054,754.6469,1774.106,1741.916,2679.198,1094.157,4178.497,1347.797,1609.103,1826.112,2173.713,2134.631,1545.699,1380.067,1238.662,2285.865,3343.704,1403.315,855.9376,943.7046,1918.266,1893.658,2381.492,1277.574,3653.109,1529.609,1768.75
"2025-10-30 00:15:00",796,"NAN",11.86,1631.726,2064.822,2017.167,1379.022,1199.891,1056.103,2202.793,3722.547,1227.367,670.1158,755.493,1773.766,1742.165,2686.333,1094.475,4182.612,1349.485,1610.252,1826.937,2177.355,2137.513,1549.084,1379.92,1239.286,2288.113,3349.371,1403.738,854.8801,945.2363,1918.502,1893.218,2337.785,1278.04,3662.255,1531.027,1769.664
"2025-10-30 00:30:00",797,"NAN",11.86,1631.706,2065.009,2019.202,1380.622,1198.916,1056.766,2203.198,3729.199,1227.712,669.9575,758.0571,1771.263,1741.83,2671.678,1094.669,4186.814,1350.008,1613.313,1827.706,2176.711,2138.617,1550.507,1379.39,1240.826,2286.834,3343.333,1405.043,855.1991,948.063,1915.995,1894.159,2386.29,1278.975,3667.037,1532.062,1773.22
"2025-10-30 00:45:00",798,"NAN",11.86,1633.196,2065.467,2022.303,1382.792,1198.582,1058.301,2205.403,3739.112,1229.205,669.1529,757.338,1768.274,1743.206,2683.57,1094.93,4200.158,1350.802,1613.016,1829.115,2174.983,2141.652,1553.502,1379.841,1242.739,2293.415,3314.398,1406.522,855.0607,947.947,1914.664,1895.692,2378.574,1279.791,3657.775,1533.199,1773.535
"2025-10-30 01:00:00",799,"NAN",11.84,1632.386,2065.411,2023.425,1382.981,1196.081,1057.864,2205.921,3744.639,1228.818,665.8105,755.8788,1766.3,1739.477,2688.093,1093.634,4209.261,1349.426,1612.847,1830.823,2178.742,2143.331,1555.914,1380.063,1245.251,2295.355,3330.688,1408.806,854.6447,949.4255,1914.166,1893.69,2398.173,1281.456,3676.101,1534.619,1775.562
"2025-10-30 01:15:00",800,"NAN",11.87,1633.747,2067.592,2025.108,1385.12,1195.732,1058.897,2207.38,3747.816,1230.39,667.205,756.3854,1770.333,1741.454,2702.126,1093.938,4204.046,1350.22,1614.551,1832.503,2181.587,2146.74,1558.407,1380.43,1246.812,2293.99,3334.759,1410.88,856.0952,950.51,1918.757,1896.166,2342.248,1282.063,3675.959,1535.787,1777.871
"2025-10-30 01:30:00",801,"NAN",11.85,1634.974,2070.083,2026.817,1388.306,1195.593,1059.875,2209.695,3749.677,1231.563,670.5048,756.5537,1772.44,1742.952,2674.125,1093.855,4206.199,1351.026,1614.746,1833.787,2180.96,2147.967,1561.51,1380.935,1247.999,2292.78,3360.22,1412.284,860.3818,951.5087,1920.477,1897.401,2333.316,1282.527,3654.642,1536.69,1778.504
"2025-10-30 01:45:00",802,"NAN",11.86,1636.305,2072.974,2029.362,1390.971,1199.265,1060.889,2210.776,3753.766,1232.614,670.0782,757.774,1777.523,1744.294,2681.757,1094.434,4208.221,1351.68,1616.392,1835.182,2184.285,2149.633,1564.69,1384.423,1249.501,2298.991,3359.495,1414.031,860.5565,952.6147,1925.565,1899.035,2377.141,1283.435,3668.844,1537.436,1779.607
"2025-10-30 02:00:00",803,"NAN",11.83,1636.323,2073.725,2031.189,1392.853,1195.079,1060.591,2211.218,3758.544,1233.193,671.8456,758.2276,1781.021,1745.04,2676.9,1094.987,4211.478,1352.595,1620.315,1836.803,2187.109,2150.346,1565.906,1380.638,1249.499,2300.988,3324.455,1414.852,861.1713,952.5964,1927.733,1900.398,2376.313,1283.709,3656.431,1539.087,1783.784
"2025-10-30 02:15:00",804,"NAN",11.86,1637.336,2074.98,2033.284,1394.772,1195.223,1060.307,2212.101,3759.123,1234.514,672.927,758.7792,1779.82,1745.002,2684.633,1095.668,4208.84,1353.59,1623.583,1837.514,2184.571,2152.776,1568.61,1381.073,1248.995,2299.167,3330.369,1415.084,862.3653,953.9304,1928.605,1900.1,2375.827,1284.166,3654.911,1539.881,1786.379
"2025-10-30 02:30:00",805,"NAN",11.87,1638.232,2075.15,2034.998,1397.307,1195.687,1058.955,2213.321,3758.279,1234.891,673.9318,759.6769,1781.412,1746.235,2699.36,1096.26,4207.054,1354.696,1627.068,1837.678,2186.446,2155.188,1570.916,1381.15,1248.043,2302.904,3332.018,1415.959,864.5007,955.0192,1929.892,1900.642,2371.651,1285.347,3654.001,1540.571,1790.228
"2025-10-30 02:45:00",806,"NAN",11.85,1639.275,2075.609,2036.782,1398.961,1196.006,1059.886,2213.793,3759.161,1235.97,673.662,760.3257,1782.188,1747.917,2698.422,1096.866,4209.005,1355.823,1628.938,1835.721,2184.735,2153.145,1569.191,1378.584,1245.38,2300.989,3329.662,1413.301,860.167,952.1951,1927.511,1899.772,2398.408,1282.198,3669.991,1538.896,1789.111
"2025-10-30 03:00:00",807,"NAN",11.87,1640.143,2076.652,2038.528,1400.806,1196.213,1055.758,2215.052,3759.367,1236.339,676.643,760.9688,1780.966,1748.598,2683.851,1098.078,4210.878,1360.299,1631.784,1836.739,2186.175,2154.745,1571.355,1378.794,1241.738,2297.435,3337.486,1414.5,862.8072,952.7227,1925.273,1901.439,2345.529,1283.397,3660.015,1543.074,1791.902
"2025-10-30 03:15:00",808,"NAN",11.87,1641.767,2076.412,2040.519,1404.003,1197.215,1055.422,2216.485,3756.719,1237.168,676.7967,761.6444,1780.165,1750.32,2688.909,1099.259,4208.937,1358.648,1635.256,1838.387,2184.676,2156.868,1574.581,1379.482,1241.538,2304.625,3357.212,1414.517,863.9362,954.1103,1925.551,1901.948,2417.63,1285.075,3653.961,1541.801,1794.088
"2025-10-30 03:30:00",809,"NAN",11.86,1643.289,2078.036,2043.155,1407.557,1198.676,1059.085,2218.779,3756.522,1238.159,677.5388,762.7552,1782.687,1752.286,2689.988,1100.331,4206.014,1360.482,1638.245,1837.867,2184.881,2158.175,1576.831,1380.362,1243.94,2305.01,3346.353,1415.148,863.6403,954.0739,1926.923,1902.703,2357.197,1285.186,3661.249,1542.353,1797.41
"2025-10-30 03:45:00",810,"NAN",11.85,1643.926,2080.116,2036.391,1402.03,1195.798,1057.387,2210.393,3734.138,1233.664,677.1733,761.5891,1773.674,1752.859,2676.425,1096.673,4177.131,1355.188,1629.154,1839.526,2189.902,2152.163,1572.273,1377.517,1242.551,2294.009,3321.777,1411.432,863.6461,952.738,1918.03,1903.854,2323.725,1281.411,3640.603,1537.604,1788.947
"2025-10-30 04:00:00",811,"NAN",11.86,1645.74,2083.722,2047.358,1412.854,1200.66,1066.293,2221.015,3759.485,1239.44,679.93,763.9821,1790.681,1754.742,2689.835,1101.971,4205.678,1362.471,1644.058,1841.551,2190.511,2162.17,1582.244,1382.35,1251.357,2299.221,3327.201,1417.021,866.0994,955.2639,1933.939,1905.481,2381.894,1287.069,3677.173,1544.805,1802.413
"2025-10-30 04:15:00",812,"NAN",11.86,1647.031,2086.531,2040.975,1406.899,1197.623,1062.656,2212.575,3739.841,1235.807,678.944,764.361,1786.634,1755.92,2688.823,1097.779,4171.578,1358.15,1636.204,1841.782,2194.212,2156.667,1576.326,1379.218,1247.337,2299.659,3315.199,1411.69,864.6582,955.6846,1930.623,1906.062,2345.675,1282.13,3635.59,1540.269,1794.162
"2025-10-30 04:30:00",813,"NAN",11.86,1648.514,2090.734,2052.429,1417.303,1202.315,1070.422,2223.183,3766.773,1240.857,682.6041,764.862,1804.058,1756.783,2687.979,1103.901,4202.786,1365.445,1649.596,1844.67,2196.474,2165.321,1586.169,1383.66,1255.342,2308.521,3334.896,1418.236,867.9777,955.7835,1946.646,1907.795,2342.991,1288.469,3670.837,1547.357,1807.376
"2025-10-30 04:45:00",814,"NAN",11.87,1650.481,2093.507,2054.735,1419.582,1203.111,1071.878,2224.756,3774.355,1241.629,682.7162,765.0286,1812.175,1759.021,2666.829,1104.411,4202.698,1367.719,1652.02,1844.75,2197.427,2167.289,1588.223,1384.194,1256.207,2304.384,3354.833,1417.47,868.5789,956.3372,1953.824,1908.901,2372.389,1288.66,3648.488,1548.839,1809.258
"2025-10-30 05:00:00",815,"NAN",11.86,1650.5,2095.818,2056.555,1420.098,1203.307,1072.906,2226.307,3775.805,1241.811,683.7338,765.8864,1817.623,1759.705,2693.698,1104.415,4202.456,1369.782,1654.318,1844.783,2199.756,2168.032,1587.667,1383.09,1255.607,2303.145,3341.516,1416.46,867.8624,955.6099,1956.273,1908.428,2319.222,1287.193,3678.678,1549.403,1810.321
"2025-10-30 05:15:00",816,"NAN",11.83,1651.067,2099.191,2058.111,1418.209,1203.008,1073.746,2226.819,3780.11,1240.807,682.5872,766.0975,1820.078,1760.02,2687.927,1103.732,4205.948,1371.508,1656.884,1844.49,2203.605,2168.823,1585.226,1382.893,1256.587,2305.173,3362.746,1416.053,866.3622,955.6874,1959.548,1909.031,2330.787,1286.451,3675.449,1551.694,1812.552
"2025-10-30 05:30:00",817,"NAN",11.86,1651.635,2100.496,2060.24,1410.701,1206.995,1075.032,2228.272,3779.428,1241.448,681.9606,766.3017,1821.678,1761.286,2667.845,1104.108,4204.569,1372.312,1658.653,1846.347,2205.175,2172.902,1577.804,1386.769,1258.38,2307.821,3357.673,1417.387,866.0325,955.3718,1960.929,1910.473,2388.116,1287.176,3662.024,1552.216,1814.502
"2025-10-30 05:45:00",818,"NAN",11.86,1652.723,2103.656,2061.336,1409.719,1203.503,1075.814,2229.165,3783.047,1241.519,682.2007,765.6877,1825.182,1761.509,2679.637,1104.76,4204.841,1372.599,1659.947,1844.339,2205.315,2172.719,1575.613,1381.228,1256.898,2307.219,3381.094,1414.555,864.7591,952.9887,1961.734,1908.457,2355.091,1285.425,3660.286,1550.023,1813.516
"2025-10-30 06:00:00",819,"NAN",11.87,1654.185,2107.729,2063.631,1414.348,1204.583,1077.02,2230.194,3788.603,1242.436,683.5723,765.0654,1830.772,1763.892,2672.417,1105.403,4206.491,1373.617,1664.004,1845.89,2210.224,2174.234,1579.528,1382.051,1257.477,2304.635,3363.064,1415.767,864.617,951.7748,1967.445,1911.045,2420.047,1285.381,3677.483,1550.923,1817.193
"2025-10-30 06:15:00",820,"NAN",11.86,1656.074,2112.895,2065.658,1419.801,1206.187,1078.323,2231.748,3793.726,1243.898,685.8296,763.5345,1841.021,1764.957,2682.233,1106.946,4201.447,1374.899,1666.543,1847.176,2211.356,2174.19,1583.77,1382.509,1257.866,2304.651,3361.526,1416.394,865.9467,949.161,1975.241,1911.307,2333.914,1285.964,3662.611,1550.678,1818.55
"2025-10-30 06:30:00",821,"NAN",11.85,1658.587,2119.681,2068.704,1423.862,1207.898,1079.334,2233.339,3807.406,1246.216,685.8223,765.3223,1858.454,1767.839,2677.264,1109.675,4201.229,1377.155,1669.974,1849.111,2218.839,2175.511,1587.136,1383.859,1258.486,2310.007,3365.536,1417.298,865.1272,950.8144,1990.997,1913.138,2338.413,1288.014,3662.225,1553.38,1821.318
"2025-10-30 06:45:00",822,"NAN",11.87,1660.381,2123.791,2073.152,1428.782,1210.901,1081.17,2235.702,3836.416,1248.939,687.1644,766.6996,1884.182,1770.343,2699.621,1111.707,4202.821,1383.422,1676.599,1851.825,2221.707,2181.134,1591.454,1387.109,1260.079,2313.171,3418.97,1420.824,866.9072,952.0428,2014.133,1915.876,2400.592,1290.388,3681.323,1558.863,1827.5
"2025-10-30 07:00:00",823,"NAN",11.85,1668.348,2153.094,2080.011,1435.128,1215.586,1083.885,2239.721,3876.25,1252.929,689.3598,767.9217,1930.426,1775.169,2700.057,1114.918,4199.061,1385.568,1685.09,1857.627,2247.159,2184.626,1597.304,1390.555,1261.712,2317.6,3428.713,1423.014,869.0212,953.2109,2054.513,1918.514,2348.067,1292.352,3663.92,1560.033,1834.906
"2025-10-30 07:15:00",824,"NAN",11.86,1668.836,2176.998,2076.21,1430.746,1213.994,1077.269,2232.387,3896.116,1251.622,689.7878,766.7188,1983.755,1776.062,2725.298,1112.816,4180.201,1382.544,1681.453,1859.583,2265.01,2181.802,1592.951,1389.305,1255.619,2304.872,3460.955,1421.568,868.7899,951.9776,2102.696,1919.355,2410.536,1290.899,3654.147,1556.613,1831.402
"2025-10-30 07:30:00",825,"NAN",11.83,1671.128,2188.039,2076.913,1427.552,1214.078,1073.142,2233.077,3916.465,1250.121,688.0591,764.9769,2009.536,1778.721,2751.125,1111.378,4199.624,1381.259,1683.929,1861.354,2272.752,2183.905,1589.261,1389.382,1251.528,2312.4,3466.857,1420.515,867.3696,949.8321,2123.505,1921.557,2360.377,1289.187,3661.937,1555.741,1833.413
"2025-10-30 07:45:00",826,"NAN",11.85,1677.257,2210.845,2091.587,1440.99,1222.944,1080.255,2244.924,3943.913,1261.605,690.4178,768.2185,2053.927,1784.145,2761.512,1121.434,4210.724,1394.904,1703.33,1865.844,2291.66,2194.301,1601.52,1396.185,1256.776,2321.58,3511.842,1429.896,868.1398,952.3424,2162.548,1925.927,2425.531,1297.225,3686.611,1567.427,1849.831
"2025-10-30 08:00:00",827,"NAN",11.87,1677.097,2225.76,2093.967,1439.143,1222.624,1076.975,2246.908,3951.656,1262.141,689.3181,768.7971,2084.229,1786.389,2811.868,1123.076,4230.501,1395.467,1704.763,1864.948,2304.094,2195.924,1598.208,1394.383,1252.518,2313.846,3485.977,1428.836,865.6862,951.1587,2185.762,1926.753,2391.792,1297.017,3701.615,1566.56,1849.898
"2025-10-30 08:15:00",828,"NAN",11.86,1676.37,2240.194,2094.039,1435.218,1222.085,1073.123,2246.602,3942.926,1262.424,688.9393,766.9412,2151.01,1791.433,2843.694,1122.67,4237.652,1394.407,1709.826,1864.966,2313.896,2194.974,1594.456,1394.284,1248.936,2319.77,3508.412,1429.941,865.273,949.4066,2240.055,1932.047,2420.264,1296.839,3699.296,1565.724,1854.326
"2025-10-30 08:30:00",829,"NAN",11.87,1685.072,2257.652,2104.64,1443.646,1230.379,1078.977,2254.092,3932.453,1272.538,692.4989,770.7383,2214.188,1801.443,2867.876,1130.15,4230.591,1403.703,1729.132,1871.966,2329.954,2201.08,1601.043,1400.469,1252.523,2326.499,3480.774,1436.843,867.2925,951.3731,2292.029,1938.426,2486.269,1302.169,3724.057,1571.878,1870.431
"2025-10-30 08:45:00",830,"NAN",11.84,1693.432,2292.464,2115.378,1455.13,1242.139,1086.031,2256.541,3946.063,1279.742,696.7095,774.5945,2311.259,1809.873,2918.613,1130.699,4233.156,1407.696,1755.133,1880.104,2349.788,2210.782,1611.161,1412.072,1259.119,2327.676,3518.582,1444.24,871.6522,955.0341,2359.92,1945.796,2491.297,1302.821,3705.336,1575.298,1893.94
"2025-10-30 09:00:00",831,"NAN",11.87,1698.156,2332.52,2127.208,1463.768,1257.49,1092.12,2257.581,3949.628,1285.471,699.1336,777.723,2380.431,1819.883,2976.672,1129.145,4230.883,1409.063,1780.723,1883.283,2389.303,2221.14,1618.77,1425.331,1264.064,2323.307,3488.236,1449.033,872.5353,957.7724,2427.527,1954.211,2550.071,1301.283,3721.7,1576.454,1916.492
"2025-10-30 09:15:00",832,"NAN",11.84,1704.529,2361.146,2137.512,1478.031,1277.93,1101.088,2259.062,3950.015,1289.806,700.773,783.0343,2454.366,1829.833,3018.449,1125.427,4227.354,1410.302,1805.577,1888.729,2411.57,2228.428,1632.563,1444.853,1272.929,2328.69,3523.12,1453.169,875.483,962.7009,2473.837,1963.321,2620.868,1297.874,3702.228,1577.282,1938.8
"2025-10-30 09:30:00",833,"NAN",11.87,1697.118,2370.796,2130.458,1466.737,1270.175,1081.596,2250.066,3935.777,1279.977,695.8384,773.9258,2466.233,1827.378,3045.407,1117.813,4220.101,1400.53,1797.468,1882.557,2417.885,2221.18,1620.452,1436.313,1252.913,2321.254,3476.75,1441.91,868.7392,952.8289,2450.637,1959.469,2696.764,1289.869,3700.276,1566.868,1930.126
"2025-10-30 09:45:00",834,"NAN",11.84,1705.761,2383.158,2140.594,1476.919,1287.137,1094.697,2250.35,3928.065,1285.807,699.0168,784.8013,2507.324,1837.13,3061.573,1117.951,4217.479,1402.375,1803.893,1890.221,2422.23,2232.845,1629.842,1451.951,1264.9,2321.943,3487.956,1447.463,870.3918,962.3243,2330.526,1966.956,2664.659,1288.906,3707.698,1568.196,1935.62
"2025-10-30 10:00:00",835,"NAN",11.85,1722.901,2415.182,2161.583,1501.212,1324.828,1130.206,2254.117,3905.977,1292.753,701.6511,800.8029,2594.412,1860.335,3103.099,1111.675,4186.915,1403.674,1816.192,1907.491,2417.161,2249.324,1652.478,1487.712,1298.347,2325.496,3465.025,1454.332,874.2092,978.153,2369.364,1987.256,2814.247,1283.921,3681.359,1569.279,1947.384
"2025-10-30 10:15:00",836,"NAN",11.85,1747.981,2454.795,2196.252,1544.687,1374.673,1177.058,2272.839,3919.126,1303.591,705.8971,822.4579,2663.736,1881.868,3163.701,1112.814,4217.392,1411.482,1845.045,1926.337,2482.687,2277.546,1689.127,1531.161,1338.595,2336.946,3512.04,1459.49,874.0514,994.6829,2351.763,2002.285,2864.786,1281.83,3712.784,1572.379,1970.756
"2025-10-30 10:30:00",837,"NAN",11.87,1773.705,2496.473,2220.645,1581.791,1414.302,1211.628,2283.395,3921.426,1308.982,710.539,830.5589,2622.294,1908.509,3210.691,1110.695,4223.07,1417.949,1860.605,1947.685,2435.128,2291.842,1721.366,1565.914,1369.19,2344.403,3503.925,1462.897,874.9238,1008.069,2440.418,2025.407,2915.174,1276.597,3745.09,1575.114,1982.537
"2025-10-30 10:45:00",838,"NAN",11.82,1781.669,2527.167,2241.411,1592.503,1441.801,1241.313,2284.967,3904.654,1314.157,714.7953,856.9461,2755.029,1927.297,3247.299,1107.34,4213.009,1415.16,1871.568,1951.836,2389.707,2307.075,1727.375,1586.922,1393.351,2341.688,3483.823,1462.405,873.1588,1019.44,2397.231,2036.922,2951.565,1268.432,3740.339,1567.49,1988.892
"2025-10-30 11:00:00",839,"NAN",11.85,1808.723,2544.131,2241.502,1634.296,1461.516,1253.782,2289.223,3900.012,1318.693,717.1212,862.2945,2688.033,1944.308,3289.463,1105.098,4217.146,1415.453,1874.692,1973.746,2532.259,2307.284,1763.01,1602.644,1401.615,2343.162,3516.376,1462.735,871.6561,1019.859,2435.428,2050.698,2992.313,1262.388,3742.634,1563.744,1988.885
"2025-10-30 11:15:00",840,"NAN",11.86,1822.67,2547.024,2256.864,1650.881,1456.258,1279.595,2296.452,3895.844,1320.91,718.4201,875.3285,2699.396,1954.11,3329.66,1103.92,4221.594,1414.631,1878.222,1987.192,2534.439,2317.509,1778.354,1597.356,1425.12,2346.375,3489.634,1463.834,872.2205,1032.097,2452.06,2060.188,3044.95,1259.966,3766.407,1561.487,1991.191
"2025-10-30 11:30:00",841,"NAN",11.84,1835.495,2552.448,2265.916,1665.186,1475.429,1294.18,2293.798,3887.974,1324.894,716.8169,891.5272,2723.286,1967.904,3356.814,1101.195,4220.925,1414.913,1882.575,1999.995,2513.552,2330.389,1792.505,1616.815,1441.054,2346.898,3481.104,1467.564,872.488,1050.734,2440.163,2071.287,3056.299,1258.871,3738.622,1562.153,1996.052
"2025-10-30 11:45:00",842,"NAN",11.87,1845.036,2559.781,2271.16,1676.646,1482.298,1314.825,2296.47,3868.704,1326.969,721.7197,877.7896,2731.091,1979.755,3384.782,1097.138,4207.101,1415.247,1883.421,2009.704,2418.94,2335.12,1804.247,1623.725,1462.232,2346.427,3502.183,1470.889,876.8073,1036.191,2465.523,2081.866,3094.438,1256.295,3747.955,1563.333,1997.858
"2025-10-30 12:00:00",843,"NAN",11.85,1851.42,2567.227,2269.018,1679.479,1482.717,1329.979,2294.611,3852.373,1328.337,725.8997,920.2368,2757.367,1969.643,3424.092,1094.85,4174.057,1413.254,1882.074,2015.377,2446.448,2327.123,1805.341,1622.687,1475.21,2350.636,3489.218,1470.079,881.095,1077.875,2458.893,2072.981,3137.703,1251.676,3716.155,1558.821,1996.206
"2025-10-30 12:15:00",844,"NAN",11.87,1858.31,2570.673,2274.948,1691.506,1487.323,1351.204,2301.794,3858.676,1335.08,730.4478,947.6705,2857.935,2000.114,3480.538,1093.895,4194.333,1417.072,1903.502,2019.854,2552.553,2332.91,1815.193,1626.059,1494.045,2352.032,3460.015,1475.439,885.0648,1102.768,2496.452,2098.515,3164.961,1249.155,3747.946,1561.038,2014.946
"2025-10-30 12:30:00",845,"NAN",11.85,1860.582,2562.914,2275.763,1692.175,1485.534,1356.116,2305.773,3866.313,1337.161,731.4629,951.1776,2790.03,2007.085,3533.586,1096.688,4187,1416.74,1914.58,2022.127,2507.615,2337.333,1815.755,1623.45,1497.744,2359.09,3489.735,1476.457,884.3156,1104.751,2470.934,2104.633,3231.482,1250.911,3736.045,1560.054,2023.687
"2025-10-30 12:45:00",846,"NAN",11.85,1859.885,2559.736,2275.583,1693.105,1486.591,1364.84,2307.46,3867.038,1341.058,733.9593,964.1016,2824.898,2021.068,3581.246,1097.087,4177.467,1418.788,1927.69,2021.467,2540.45,2337.463,1816.612,1624.948,1507.229,2364.035,3481.959,1479.855,886.9018,1119.107,2518.095,2116.753,3257.833,1251.776,3727.762,1561.789,2035.688
"2025-10-30 13:00:00",847,"NAN",11.87,1863.535,2557.011,2275.198,1680.927,1450.163,1345.118,2322.071,3900.416,1341,730.9213,963.943,2846.778,2028.759,3615.007,1103.63,4187.761,1415.57,1935.825,2024.016,2555.669,2337.4,1804.483,1586.69,1487.864,2370.685,3496.081,1479.119,883.3778,1117.775,2449.028,2121.862,3266.352,1256.974,3725.914,1557.794,2042.176
"2025-10-30 13:15:00",848,"NAN",11.84,1866.081,2558.067,2275.947,1685.71,1480.77,1367.874,2299.894,3889.67,1345.336,727.862,979.5926,2862.716,2036.277,3594.055,1101.507,4176.232,1416.216,1940.198,2027.839,2477.257,2334.858,1810.202,1619.627,1509.998,2353.421,3487.084,1483.426,881.5025,1134.297,2462.413,2127.786,3247.183,1255.021,3727.019,1558.312,2047.05
"2025-10-30 13:30:00",849,"NAN",11.87,1871.545,2568.139,2278.908,1691.19,1484.159,1380.214,2318.427,3907.728,1346.791,733.9987,999.6174,2985.735,2050.631,3646.686,1100.493,4182.437,1416.95,1946.562,2031.903,2414.178,2333.546,1812.43,1621.049,1520.103,2360.579,3535.483,1482.457,885.5627,1152.423,2587.272,2141.477,3301.839,1251.964,3726.706,1557.466,2050.177
"2025-10-30 13:45:00",850,"NAN",11.86,1826.393,2523.089,2251.949,1603.498,1428.418,1252.265,2323.942,4015.372,1323.102,712.364,917.3405,2959.086,2009.796,3664.385,1114.651,4269.268,1396.711,1924.892,1984.223,2389.565,2313.571,1727.946,1564.766,1393.874,2375.188,3614.203,1455.473,859.7762,1069.324,2519.908,2102.052,3311.791,1260.997,3809.403,1534.483,2028.363
"2025-10-30 14:00:00",851,"NAN",11.85,1825.768,2531.777,2255.594,1616.207,1445.897,1304.269,2312.439,3992.163,1332.311,710.6409,927.5914,2865.073,2017.384,3648.341,1118.521,4221.905,1400.12,1937.194,1986.162,2408.633,2317.362,1740.018,1581.486,1445.078,2354.72,3588.386,1464.839,858.7667,1079.735,2504.717,2109.144,3311.453,1265.487,3760.474,1537.998,2039.107
"2025-10-30 14:15:00",852,"NAN",11.85,1848.318,2556.994,2268.288,1664.463,1470.672,1373.965,2311.502,3975.453,1340.143,721.0417,977.1982,2988.388,2050.262,3656.979,1108.388,4194.274,1410.115,1957.815,2007.439,2493.043,2326.134,1785.142,1605.035,1511.192,2362.997,3560.461,1472.987,869.64,1127.927,2639.451,2137.66,3330.616,1257.144,3741.125,1547.983,2059.054
"2025-10-30 14:30:00",853,"NAN",11.86,1824.971,2543.018,2258.954,1607.766,1441.328,1304.388,2322.708,4052.455,1327.697,716.8735,947.0109,2981.253,2036.474,3693.913,1116.561,4243.707,1397.94,1955.123,1984.874,2516.621,2321.66,1731.587,1576.85,1444.26,2373.71,3628.272,1458.778,864.2243,1098.48,2604.146,2125.591,3342.878,1261.528,3800.092,1534.6,2055.678
"2025-10-30 14:45:00",854,"NAN",11.86,1831.771,2558.373,2247.519,1642.578,1459.531,1345.606,2314.339,4030.586,1336.257,721.9702,973.6393,3014.879,2050.999,3689.586,1113.806,4203.717,1408.679,1975.373,1993.079,2423.936,2307.31,1764.54,1594.678,1484.715,2358.784,3604.072,1467.492,870.0149,1123.664,2638.777,2139.47,3333.784,1260.04,3760.341,1545.109,2073.691
"2025-10-30 15:00:00",855,"NAN",11.84,1802.074,2531.82,2236.276,1585.149,1415.058,1280.441,2320.115,4111.854,1319.245,712.8698,926.7737,2994.129,2024.14,3714.329,1116.997,4267.227,1391.919,1957.609,1964.032,2523.2,2302.71,1711.48,1553.173,1422.889,2372.031,3673.856,1451.705,862.2115,1079.775,2630.886,2116.267,3376.899,1263.556,3806.858,1529.525,2058.666
"2025-10-30 15:15:00",856,"NAN",11.86,1771.79,2497.548,2209.368,1538.602,1385.778,1235.397,2311.476,4119.818,1312.995,706.638,888.4619,2953.359,1999.174,3690.898,1121.082,4272.766,1386.032,1951.067,1937.946,2454.099,2278.856,1668.431,1526.437,1381.028,2368.516,3669.377,1445.509,856.1207,1044.388,2537.78,2093.336,3366.364,1267.795,3802.671,1525.142,2053.994
"2025-10-30 15:30:00",857,"NAN",11.84,1755.053,2481.706,2199.173,1523.333,1374.976,1233.005,2311.4,4115.531,1312.096,707.7449,870.0186,2958.989,1994.919,3681.692,1124.049,4270.895,1387.243,1958.789,1921.351,2504.042,2272.126,1653.781,1515.845,1378.348,2357.729,3667.002,1444.829,857.2039,1025.289,2567.862,2089.289,3325.546,1269.763,3801.751,1525.726,2060.692
"2025-10-30 15:45:00",858,"NAN",11.84,1736.35,2476.321,2186.815,1503.752,1359.19,1219.653,2311.33,4138.05,1305.486,702.4891,855.317,2961.376,1985.779,3695.759,1120.478,4288.987,1379.888,1955.571,1901.175,2487.338,2258.522,1632.745,1497.664,1362.906,2364.496,3689.884,1434.79,849.3054,1008.214,2589.375,2079.04,3354.901,1262.539,3831.26,1515.051,2054.656
"2025-10-30 16:00:00",859,"NAN",11.87,1714.632,2453.567,2163.687,1472.64,1337.414,1190.334,2309.084,4145.484,1297.325,698.1707,833.799,2923.005,1970.368,3682.598,1119.608,4307.26,1372.574,1945.333,1881.234,2451.801,2238.443,1602.605,1477.18,1334.172,2358.673,3686.738,1426.286,845.5334,987.4473,2548.391,2064.381,3333.654,1261.418,3839.713,1507.602,2045.619
"2025-10-30 16:15:00",860,"NAN",11.86,1700.185,2435.111,2149.098,1455.347,1323.84,1179.723,2308.017,4133.925,1295.856,702.9247,822.2629,2901.285,1964.039,3673.932,1121.383,4298.049,1370.976,1943.122,1867.939,2455.684,2224.345,1585.545,1463.152,1323.063,2354.15,3688.222,1423.948,848.9368,975.35,2576.599,2059.389,3332.598,1262.625,3846.209,1506.221,2043.104
"2025-10-30 16:30:00",861,"NAN",11.84,1688.911,2430.589,2138.996,1444.518,1312.621,1177.335,2307.805,4138.88,1294.7,704.7916,818.2109,2905.002,1963.791,3673.793,1121.356,4301.144,1368.586,1946.25,1856.033,2461.261,2215.445,1574.24,1452.278,1320.342,2356.099,3715.769,1422.108,850.3847,970.9322,2537.114,2057.103,3324.273,1261.484,3844.107,1502.776,2046.339
"2025-10-30 16:45:00",862,"NAN",11.86,1672.872,2411.382,2118.354,1421.027,1298.444,1158.339,2304.825,4155.02,1284.609,701.764,809.4251,2870.094,1954.48,3672.743,1116.067,4321.237,1359.641,1932.039,1838.29,2435.888,2196.219,1550.414,1436.87,1300.529,2358.501,3725.959,1411.192,845.5677,960.5206,2507.57,2048.289,3349.519,1254.847,3842.324,1491.918,2031.607
"2025-10-30 17:00:00",863,"NAN",11.86,1664.182,2392.388,2104.109,1406.074,1282.758,1146.821,2302.658,4155.807,1280.046,700.175,805.2946,2836.334,1951.706,3660.824,1114.904,4322.071,1356.498,1919.025,1829.542,2428.057,2184.936,1536.522,1421.492,1289.375,2357.147,3706.154,1405.998,843.8238,956.5728,2481.06,2044.905,3328.145,1253.03,3849.607,1488.783,2020.189
"2025-10-30 17:15:00",864,"NAN",11.86,1657.312,2373.52,2091.715,1395.785,1272.762,1139.724,2301.334,4153.533,1275.527,688.7935,803.7227,2808.493,1948.454,3647.118,1113.378,4323.243,1354.427,1907.934,1821.686,2405.781,2173.281,1525.215,1410.736,1281.489,2355.193,3715.797,1400.237,828.8723,953.4813,2492.121,2041.019,3311.875,1249.822,3851.3,1484.482,2008.935
"2025-10-30 17:30:00",865,"NAN",11.83,1651.991,2358.061,2080.224,1387.851,1263.5,1133.547,2300.109,4154.602,1272.301,694.5808,802.5141,2789.102,1949.289,3639.261,1111.785,4326.21,1353.204,1899.983,1815.864,2396.102,2161.68,1516.989,1401.801,1275.031,2352.613,3708.097,1396.086,836.9066,952.1309,2473.07,2042.193,3300.182,1247.892,3857.868,1483.031,2000.119
"2025-10-30 17:45:00",866,"NAN",11.84,1650.079,2347.073,2071.866,1383.501,1256.327,1132.064,2300.688,4151.675,1271.304,695.329,802.5753,2781.711,1950.925,3628.374,1112.66,4324.687,1352.998,1895.142,1813.458,2392.425,2154.881,1512.76,1394.214,1272.986,2349.447,3727.001,1394.002,836.7075,951.9355,2451.802,2043.516,3303.348,1248.076,3855.002,1481.733,1996.352
"2025-10-30 18:00:00",867,"NAN",11.85,1647.161,2337.548,2064.105,1379.585,1248.61,1131.482,2300.003,4154.241,1269.176,696.7128,801.6522,2765.401,1952.267,3624.398,1111.767,4326.357,1355.396,1890.43,1809.823,2378.741,2147.764,1509.2,1386.864,1272.458,2352.124,3699.555,1391.982,838.2159,950.9161,2459.851,2043.82,3316.466,1247.201,3862.154,1484.185,1992.326
"2025-10-30 18:15:00",868,"NAN",11.86,1643.728,2326.04,2056.82,1376.48,1241.458,1130.171,2299.12,4150.613,1266.957,697.8436,801.1547,2752.049,1952.784,3618.584,1111.102,4328.862,1350.023,1883.099,1805.117,2369.691,2139.789,1505.437,1378.794,1270.249,2351.254,3729.226,1388.798,838.3881,949.8359,2444.95,2044.377,3298.87,1245.034,3872.397,1477.88,1984.182
"2025-10-30 18:30:00",869,"NAN",11.86,1641.436,2315.469,2051.638,1375.772,1235.122,1130.029,2299.447,4152.258,1264.08,698.399,800.8302,2733.537,1952.211,3608.565,1109.792,4329.199,1348.933,1873.135,1803.678,2361.324,2135.61,1504.689,1372.483,1270.345,2351.618,3702.07,1386.986,839.7359,949.2229,2434.57,2043.576,3306.945,1244.872,3869.335,1476.93,1976.39
"2025-10-30 18:45:00",870,"NAN",11.86,1639.469,2303.681,2046.731,1374.689,1228.778,1130.362,2299.846,4152.072,1262.892,699.4132,800.9453,2702.231,1954.839,3596.216,1108.573,4331.525,1348.534,1864.212,1800.776,2347.942,2131.546,1503.049,1365.915,1269.799,2346.128,3703.968,1384.463,839.4449,948.3189,2472.272,2046.845,3283.642,1242.573,3854.222,1476.097,1967.427
"2025-10-30 19:00:00",871,"NAN",11.87,1638.632,2293.239,2042.895,1374.177,1222.974,1131.073,2297.453,4153.651,1262.203,699.8813,800.3885,2692.583,1955.218,3587.792,1108.363,4328.148,1348.347,1856.414,1799.056,2346.291,2128.512,1502.81,1360.351,1270.625,2345.21,3719.845,1384.142,839.9233,948.7299,2409.5,2046.361,3289.213,1242.487,3866.173,1476.374,1959.644
"2025-10-30 19:15:00",872,"NAN",11.86,1637.852,2284.855,2040.705,1374.69,1217.577,1133.474,2298.448,4151.243,1260.723,701.5334,802.1115,2676.99,1954.364,3582.085,1108.216,4331.015,1348.873,1850.157,1798.116,2335.176,2125.071,1503.069,1355.219,1272.905,2348.326,3703.925,1382.658,841.3075,949.4393,2416.116,2046.586,3256.017,1241.905,3858.516,1476.333,1953.986
"2025-10-30 19:30:00",873,"NAN",11.85,1637.559,2276.692,2038.416,1375.408,1212.108,1135.27,2298.768,4152.82,1260.294,702.3463,800.3849,2656.448,1954.431,3572.709,1106.692,4326.255,1349.109,1844.964,1796.892,2331.981,2124.819,1503.82,1349.191,1274.523,2346.713,3699.021,1381.454,841.8104,947.8218,2507.765,2046.633,3250.062,1240.143,3872.258,1476.339,1948.608
"2025-10-30 19:45:00",874,"NAN",11.86,1637.799,2269.949,2037.002,1377.311,1207.399,1137.598,2299.782,4149.884,1260.511,699.7564,800.3172,2623.925,1956.339,3560.65,1107.161,4331.337,1350.345,1839.733,1796.647,2324.706,2122.215,1504.515,1343.866,1275.844,2344.955,3701.376,1380.846,837.9918,947.1336,2396.279,2047.054,3262.587,1239.951,3849.164,1476.012,1942.938
"2025-10-30 20:00:00",875,"NAN",11.85,1637.141,2261.395,2035.103,1379.878,1202.818,1139.502,2299.435,4145.447,1258.868,700.9753,800.8199,2589.918,1957.429,3550.111,1107.215,4328.2,1350.112,1834.086,1795.995,2320.512,2121.59,1507.038,1339.688,1277.662,2349.758,3724.9,1380.005,840.3666,947.222,2395.349,2049.29,3235.582,1240.143,3864.841,1476.181,1938.22
"2025-10-30 20:15:00",876,"NAN",11.84,1637.166,2253.023,2035.225,1382.752,1199.274,1141.713,2301.186,4144.146,1259.017,702.1788,801.1937,2556.108,1959.042,3540.098,1107.594,4326.384,1350.119,1829.606,1795.527,2312.168,2120.405,1509.491,1335.841,1279.991,2352.762,3707.541,1379.768,840.4894,947.0483,2551.476,2053.353,3244.976,1240.496,3854.805,1476.847,1933.615
"2025-10-30 20:30:00",877,"NAN",11.86,1638.108,2246.099,2029.939,1381.526,1198.561,1139.81,2295.174,4117.074,1256.122,702.2414,800.5758,2515.679,1957.662,3526.354,1105.271,4300.589,1346.389,1818.851,1796.105,2304.53,2116.519,1508.166,1335.082,1278.04,2345.759,3696.712,1377.332,840.392,946.6824,2520.472,2052.499,3219.433,1238.593,3835.29,1473.202,1923.645
"2025-10-30 20:45:00",878,"NAN",11.86,1639.38,2240.696,2028.355,1383.881,1190.969,1140.067,2294.663,4109.144,1255.699,702.4413,800.6335,2474.311,1960.259,3514.17,1105.443,4288.55,1345.139,1802.331,1797.521,2297.694,2114.056,1510.875,1327.825,1278.104,2344.832,3670.121,1376.175,840.5078,947.2509,2486.513,2055.508,3204.56,1238.382,3821.195,1471.21,1908.543
"2025-10-30 21:00:00",879,"NAN",11.85,1641.35,2237.61,2037.958,1396.886,1192.425,1148.436,2305.338,4133.704,1261.066,710.0157,803.3695,2474.293,1963.868,3507.622,1110.199,4314.59,1350.441,1815.11,1798.537,2296.391,2121.051,1522.004,1328.093,1284.863,2353.275,3688.301,1380.178,845.4519,947.7617,2430.4,2056.703,3208.43,1241.098,3852.311,1474.814,1919.025
"2025-10-30 21:15:00",880,"NAN",11.86,1642.122,2235.557,2031.063,1394.308,1186.443,1144.57,2297.009,4102.783,1257.498,708.8568,802.2451,2447.997,1964.647,3502.287,1106.355,4283.795,1346.398,1804.284,1798.231,2291.341,2116.152,1520.675,1322.797,1282.261,2346.456,3673.23,1377.253,846.7165,947.9657,2466.635,2058.123,3202.409,1238.873,3831.389,1472.176,1911.109
"2025-10-30 21:30:00",881,"NAN",11.84,1643.365,2235.331,2032.517,1398.928,1184.709,1146.529,2299.121,4119.317,1256.711,709.5642,802.6528,2443.188,1966.401,3493.107,1106.615,4301.541,1345.173,1806.783,1799.948,2294.201,2115.66,1523.641,1320.299,1283.228,2347.533,3676.853,1375.059,846.0316,947.2066,2462.053,2058.948,3194.543,1237.74,3830.855,1469.467,1911.253
"2025-10-30 21:45:00",882,"NAN",11.86,1644.401,2235.636,2036.514,1406.024,1185.23,1151.161,2303.939,4113.856,1260.804,711.3395,804.6726,2442.99,1968.585,3487.763,1108.963,4287.963,1354.512,1812.642,1800.666,2295.968,2119.708,1530.393,1320.716,1287.551,2347.725,3676.477,1379.813,848.1557,948.8809,2464.16,2061.165,3196.633,1239.662,3836.67,1477.311,1916.817
"2025-10-30 22:00:00",883,"NAN",11.86,1644.761,2234.03,2034.19,1405.904,1182.526,1150.637,2300.52,4109.286,1260.074,711.634,804.0556,2431.531,1968.86,3477.583,1107.303,4279.298,1348.319,1810.217,1803.633,2295.752,2119.953,1532.852,1320.698,1289.724,2345.605,3666.985,1380.926,850.7362,951.2807,2437.262,2064.117,3171.689,1240.503,3820.469,1474.898,1916.84
"2025-10-30 22:15:00",884,"NAN",11.86,1646.377,2234.719,2045.745,1419.338,1185.753,1160.122,2312.274,4130.673,1266.401,713.5991,807.4025,2444.356,1970.693,3472.657,1112.444,4308.947,1356.088,1825.693,1803.095,2292.487,2129.946,1544.535,1322.075,1297.165,2359.584,3693.22,1384.989,851.141,952.7805,2443.99,2063.713,3171.205,1243.791,3845.264,1480.173,1929.859
"2025-10-30 22:30:00",885,"NAN",11.86,1649.212,2237.526,2049.532,1424.771,1185.218,1163.203,2316.494,4132.662,1268.174,715.3431,808.4098,2446.738,1973.177,3471.311,1113.071,4312.418,1358.169,1828.719,1803.084,2292.011,2130.685,1546.381,1318.762,1296.892,2361.646,3705.798,1383.946,850.1791,951.1269,2464.023,2063.355,3173.069,1241.583,3850.915,1479.38,1929.805
"2025-10-30 22:45:00",886,"NAN",11.86,1650.685,2239.402,2050.083,1427.258,1183.203,1163.919,2316.046,4129.992,1267.967,710.5109,808.9438,2449.277,1973.885,3468.396,1111.79,4303.295,1357.562,1829.355,1804.018,2297.172,2130.751,1548.042,1315.902,1296.749,2353.915,3689.123,1383.049,844.8919,950.8019,2469.563,2063.176,3173.751,1239.995,3844.848,1478.7,1928.978
"2025-10-30 23:00:00",887,"NAN",11.86,1650.854,2239.203,2050.194,1429.276,1181.038,1165.282,2315.566,4126.63,1267.844,707.6099,811.4586,2448.327,1975.202,3462.629,1111.263,4299.331,1357.767,1831.083,1806.452,2296.032,2133.345,1552.673,1316.323,1300.529,2355.226,3701.918,1385.211,843.7105,955.6922,2443.725,2066.634,3159.51,1241.019,3854.976,1479.797,1933.723
"2025-10-30 23:15:00",888,"NAN",11.86,1652.28,2242.311,2052.011,1432.558,1180.239,1167.267,2315.106,4125.459,1269.374,706.9295,810.7563,2451.491,1976.42,3460.897,1111.499,4297.222,1358.153,1833.682,1807.998,2301.263,2133.944,1554.703,1315.069,1302.171,2355.098,3702.851,1386.792,842.1111,953.7314,2455.677,2067.527,3185.26,1241.084,3842.775,1481.262,1934.99
"2025-10-30 23:30:00",889,"NAN",11.87,1653.631,2244.422,2056.908,1438.449,1181.083,1171.232,2319.804,4135.244,1271.796,706.765,812.3068,2462.065,1977.389,3457.73,1112.309,4305.415,1360.252,1839.994,1805.574,2298.367,2136.253,1557.19,1311.939,1302.21,2361.136,3716.239,1383.991,838.523,952.2628,2478.246,2065.434,3170.433,1237.763,3862.333,1477.42,1938.347
"2025-10-30 23:45:00",890,"NAN",11.87,1655.264,2246.429,2060.532,1441.899,1180.856,1173.543,2320.84,4133.229,1267.514,708.9918,813.0602,2460.843,1978.397,3454.531,1112.67,4304.859,1361.731,1843.411,1808.084,2298.469,2139.767,1561.578,1312.534,1305.421,2365.013,3718.801,1380.005,839.9149,953.9133,2457.256,2067.695,3173.852,1237.763,3869.91,1479.535,1942.076
"2025-10-31 00:00:00",891,"NAN",11.85,1656.837,2247.919,2063.061,1445.89,1180.983,1175.598,2322.74,4132.362,1260.606,708.6743,813.959,2465.129,1979.443,3453.223,1112.606,4303.391,1362.358,1846.149,1808.676,2304.715,2142.675,1564.912,1312.555,1306.997,2363.509,3717.037,1372.011,841.0492,954.4556,2460.545,2067.486,3159.942,1238.005,3851.761,1479.451,1943.846
"2025-10-31 00:15:00",892,"NAN",11.85,1657.755,2249.1,2065.427,1448.455,1184.881,1177.437,2324.324,4130.86,1262.846,709.9447,814.2919,2463.072,1981.941,3449.557,1113.385,4303.524,1363.248,1848.862,1809.473,2302.102,2144.234,1566.974,1316.306,1308.774,2367.483,3705.874,1374.294,841.7202,954.4371,2473.194,2070.844,3174.838,1238.128,3852.39,1479.728,1946.897
"2025-10-31 00:30:00",893,"NAN",11.86,1660.138,2251.233,2066.971,1450.173,1180.914,1177.774,2325.905,4126.243,1266.881,710.5977,814.64,2457.218,1984.081,3447.693,1112.966,4298.099,1364.229,1849.751,1809.495,2302.952,2142.103,1565.66,1309.054,1306.015,2368.545,3699.948,1376.679,838.9489,950.8297,2465.987,2070.703,3158.62,1234.454,3846.467,1478.738,1944.103
"2025-10-31 00:45:00",894,"NAN",11.84,1661.767,2251.695,2070.569,1454.75,1182.243,1182.124,2328.941,4133.566,1272.361,713.3901,815.3331,2458.426,1987.013,3441.563,1113.759,4303.517,1366.517,1855.617,1811.965,2301.722,2146.665,1571.283,1311.432,1311.336,2363.532,3710.555,1381.712,842.3823,953.4793,2455.752,2072.769,3169.012,1236.895,3860.278,1481.124,1950.109
"2025-10-31 01:00:00",895,"NAN",11.87,1662.285,2251.82,2072.629,1457.544,1182.441,1184.282,2330.097,4133.512,1274.809,714.6154,816.7775,2458.593,1989.327,3436.627,1112.345,4304.405,1367.165,1857.6,1811.57,2307.152,2149.193,1573.28,1311.275,1313.083,2364.899,3706.987,1383.234,843.9708,953.9702,2470.775,2074.506,3166.291,1235.287,3851.066,1481.207,1952.151
"2025-10-31 01:15:00",896,"NAN",11.85,1664.533,2254.647,2073.928,1457.41,1182.197,1184.696,2327.332,4123.445,1276.266,715.1645,817.1059,2452.508,1990.001,3435.661,1113.229,4294.444,1366.271,1855.089,1812.471,2302.361,2146.838,1571.57,1308.007,1310.79,2369.952,3700.711,1383.298,841.0294,952.0047,2445.1,2072.39,3152.535,1234.031,3846.826,1478.428,1948.189
"2025-10-31 01:30:00",897,"NAN",11.87,1666.179,2256.77,2079.908,1464.28,1183.823,1189.814,2331.512,4130.517,1279.864,717.9933,818.7811,2456.019,1990.598,3431.356,1113.61,4304.502,1372.884,1862.774,1814.224,2302.566,2152.455,1578.254,1310.873,1316.752,2369.594,3724.158,1386.667,844.7469,954.0398,2446.354,2074.743,3156.451,1233.837,3843.379,1484.451,1954.093
"2025-10-31 01:45:00",898,"NAN",11.86,1667.837,2257.603,2082.537,1467.57,1183.898,1191.43,2333.294,4129.783,1283.976,725.3426,819.3408,2458.588,1991.65,3427.755,1115.085,4302.768,1368.994,1864.109,1815.161,2305.04,2155.894,1581.34,1310.413,1317.855,2373.289,3716.513,1390.367,842.7565,955.1812,2470.535,2073.811,3143.377,1235.986,3859.245,1480.749,1955.743
"2025-10-31 02:00:00",899,"NAN",11.86,1669.033,2258.647,2085.336,1471.211,1183.278,1192.616,2331.508,4124.085,1283.867,708.1237,820.7222,2461.272,1992.951,3425.039,1115.668,4302.902,1370.007,1866.8,1816.167,2310.439,2158.199,1584.267,1309.592,1319.252,2364.104,3713.044,1390.618,835.5511,955.9113,2453.967,2075.757,3151.565,1236.276,3841.994,1481.205,1957.989
"2025-10-31 02:15:00",900,"NAN",11.85,1670.19,2260.449,2087.551,1473.975,1183.033,1194.507,2335.664,4125.105,1284.68,722.1213,821.7078,2460.443,1995.468,3420.971,1116.036,4300.667,1370.832,1869.865,1816.885,2310.43,2160.477,1586.242,1309.24,1320.74,2375.537,3693.3,1390.824,849.1445,956.6115,2439.023,2077.039,3144.053,1236.146,3850.725,1481.901,1960.733
"2025-10-31 02:30:00",901,"NAN",11.84,1672.206,2263.279,2089.019,1474.904,1183.025,1196.676,2336.344,4121.917,1285.754,724.4073,822.0058,2461.188,1995.74,3418.428,1116.326,4296.202,1372.03,1872.947,1819.115,2313.029,2161.105,1588.304,1309.691,1323.322,2371.414,3701.224,1391.752,851.1884,957.7787,2437.143,2077.755,3141.16,1235.774,3859.168,1482.928,1964.019
"2025-10-31 02:45:00",902,"NAN",11.85,1673.17,2266.169,2092.007,1477.576,1183.209,1198.061,2337.206,4122.651,1287.238,728.2808,824.9573,2467.019,1998.257,3414.891,1116.855,4295.027,1372.909,1874.488,1820.692,2314.698,2163.621,1590.584,1309.703,1324.149,2373.585,3696.52,1393.244,855.0775,960.2754,2453.947,2080.869,3119.887,1235.985,3853.45,1483.564,1965.58
"2025-10-31 03:00:00",903,"NAN",11.86,1673.173,2266.285,2093.597,1481.052,1183.223,1199.32,2337.749,4117.383,1287.542,737.3723,824.2264,2464.511,2000.893,3408.093,1117.445,4291.756,1374.156,1876.578,1821.933,2311.696,2165.593,1594.859,1310.812,1326.702,2378.232,3722.507,1394.552,864.1816,960.2239,2476.439,2085.229,3144.956,1238.078,3857.662,1486.638,1968.708
"2025-10-31 03:15:00",904,"NAN",11.85,1674.398,2267.39,2095.792,1484.282,1183.683,1200.506,2342.091,4113.694,1289.248,738.8893,824.639,2461.457,2006.242,3408.193,1118.471,4293.753,1375.759,1880.786,1822.873,2318.151,2167.243,1598.054,1311.494,1327.872,2379.735,3708.117,1395.128,866.5395,961.6286,2474.581,2089.308,3137.144,1238.626,3860.397,1487.24,1972.146
"2025-10-31 03:30:00",905,"NAN",11.86,1678.065,2270.809,2096.385,1483.441,1183.42,1199.601,2346.477,4114.993,1290.989,741.1867,827.8345,2457.601,2011.613,3404.23,1120.935,4297.735,1375.628,1882.452,1825.031,2318.656,2167.71,1595.954,1309.903,1325.676,2376.772,3711.152,1396.219,867.7986,962.8343,2464.171,2092.385,3142.597,1239.821,3846.824,1485.058,1972.834
"2025-10-31 03:45:00",906,"NAN",11.85,1679.051,2265.618,2097.36,1485.281,1183.505,1200.073,2349.792,4110.301,1293.408,739.1509,829.6112,2435.393,2015.87,3393.931,1122.523,4289.258,1377.428,1884.448,1824.787,2313.958,2167.771,1597.279,1309.443,1325.274,2380.031,3714.993,1397.309,864.7616,964.1733,2442.019,2095.643,3110.43,1241.301,3854.168,1486.633,1973.804
"2025-10-31 04:00:00",907,"NAN",11.86,1678.434,2258.339,2091.806,1480.821,1185.16,1196.117,2342.939,4082.013,1291.717,743.9894,830.6038,2379.099,2012.747,3379.447,1120.913,4260.274,1374.089,1874.034,1824.97,2304.809,2161.649,1593.422,1311.559,1322.006,2380.058,3681.584,1396.345,870.1148,965.5854,2407.464,2093.889,3104.244,1238.991,3821.289,1482.86,1963.974
"2025-10-31 04:15:00",908,"NAN",11.87,1679.083,2251.172,2091.07,1481.06,1179.49,1195.136,2342.66,4071.994,1292.113,747.0751,832.2676,2356.383,2014.055,3368.622,1120.572,4259.237,1372.93,1869.435,1823.852,2300.385,2161.099,1590.835,1303.288,1318.78,2372.001,3685.967,1393.174,869.6568,963.9863,2385.501,2093.108,3101.247,1235.477,3843.864,1478.837,1958.376
"2025-10-31 04:30:00",909,"NAN",11.87,1679.754,2245.14,2101.375,1492.46,1183.778,1203.517,2351.838,4084.324,1298.221,751.3301,836.1526,2361.485,2016.535,3357.588,1125.352,4276.555,1380.053,1881.14,1824.487,2292.314,2168.776,1601.912,1307.141,1326.58,2388.43,3684.655,1397.706,874.0574,967.8798,2395.204,2095.17,3090.835,1240.794,3843.24,1484.377,1968.621
"2025-10-31 04:45:00",910,"NAN",11.86,1680.645,2240.18,2103.651,1496.123,1184.321,1195.335,2352.774,4074.424,1299.192,753.8112,837.1616,2353.592,2021.237,3345.601,1126,4277.217,1381.716,1881.546,1825.499,2292.389,2171.955,1606.006,1308.304,1319.361,2389.411,3679.949,1399.628,877.1439,969.6425,2379.464,2099.035,3073.855,1241.775,3835.835,1487.504,1969.488
"2025-10-31 05:00:00",911,"NAN",11.85,1681.027,2236.302,2105.107,1498.994,1184.531,1188.852,2350.617,4065.898,1299.446,753.548,837.7156,2351.035,2021.868,3333.443,1126.151,4273.897,1382.943,1881.479,1825.8,2289.407,2174.09,1608.034,1308.851,1312.82,2384.438,3685.39,1400.74,876.3373,970.0526,2376.203,2100.181,3067.096,1242.091,3833.801,1490.059,1970.417
"2025-10-31 05:15:00",912,"NAN",11.87,1681.756,2232.927,2107.26,1503.875,1184.699,1189.062,2353.245,4055.15,1299.331,754.3928,839.0354,2347.427,2024.771,3326.383,1126.536,4271.426,1389.041,1883.177,1826.779,2284.645,2176.39,1613.062,1308.706,1312.751,2384.768,3663.612,1399.993,877.1785,971.3708,2373.469,2102.955,3058.205,1242.013,3835.281,1495.314,1970.807
"2025-10-31 05:30:00",913,"NAN",11.87,1682.993,2230.754,2109.479,1507.911,1184.984,1192.005,2355.591,4049.066,1300.112,754.7853,839.5029,2345.002,2026.391,3314.226,1126.382,4268.521,1386.832,1883.853,1826.355,2283.726,2176.392,1615.66,1307.193,1314.235,2381.214,3651.318,1399.906,874.3217,970.1453,2380.385,2103.755,3057.428,1240.932,3843.248,1492.258,1970.864
"2025-10-31 05:45:00",914,"NAN",11.86,1684.567,2229.108,2112.052,1512.133,1185.492,1197.477,2359.536,4042.324,1300.745,756.817,841.3256,2345.564,2031.057,3308.652,1126.926,4266.734,1388.358,1883.536,1829.412,2278.696,2178.547,1620.445,1308.596,1320.551,2393.067,3641.447,1401.969,878.9319,973.1163,2379.673,2108.743,3050.333,1242.385,3835.78,1494.005,1971.001
"2025-10-31 06:00:00",915,"NAN",11.86,1686.436,2228.297,2113.843,1515.43,1186.198,1206.437,2362.568,4038.433,1301.976,754.7487,842.0032,2347.333,2033.031,3303.241,1127.533,4262.313,1389.872,1886.082,1830.493,2278.091,2179.478,1623.231,1308.713,1328.869,2396.905,3638.74,1402.597,874.5526,973.114,2373.191,2110.207,3038.696,1242.678,3844.277,1494.691,1972.435
"2025-10-31 06:15:00",916,"NAN",11.85,1688.131,2227.236,2116.231,1518.886,1186.86,1209.436,2364,4036.404,1301.897,752.9392,843.355,2344.059,2035.366,3300.483,1128.034,4259.825,1391.327,1889.016,1831.319,2280.249,2181.516,1625.788,1308.84,1331.041,2395.594,3665.721,1402.741,873.9073,973.2919,2374.012,2112.198,3051.833,1243.259,3832.789,1496.787,1975.849
"2025-10-31 06:30:00",917,"NAN",11.86,1688.74,2226.708,2110.419,1513.532,1184.432,1205.525,2357.747,4021.996,1296.82,752.2546,844.2964,2342.82,2038.364,3294.197,1124.085,4244.875,1385.192,1879.221,1831.946,2276.44,2177.63,1620.759,1306.119,1326.324,2389.994,3646.653,1397.7,872.9151,974.1497,2377.447,2113.927,3034.624,1238.667,3817.135,1490.486,1965.792
"2025-10-31 06:45:00",918,"NAN",11.87,1690.54,2227.698,2121.464,1526.074,1189.345,1214.192,2364.337,4037.035,1303.49,752.1552,844.5377,2364.057,2041.681,3294.973,1032.532,4252.835,1393.008,1894.337,1831.919,2278.987,2186.747,1631.494,1309.306,1333.747,2394.349,3654.73,1402.289,871.829,972.8243,2392.618,2116.013,3040.846,1147.645,3833.096,1495.866,1978.767
"2025-10-31 07:00:00",919,"NAN",11.86,1691.639,2229.588,2116.184,1520.742,1186.939,1209.374,2355.732,4026.71,1297.726,750.4058,843.304,2355.765,2040.266,3296.337,1021.05,4237.23,1386.54,1884.075,1833.324,2280.77,2181.767,1625.529,1306.395,1328.364,2383.126,3647.088,1395.631,869.1223,971.193,2387.95,2114.743,3045.619,1134.71,3823.42,1489.077,1968.765
"2025-10-31 07:15:00",920,"NAN",11.85,1693.456,2231.673,2126.434,1531.964,1191.754,1217.53,2363.998,4042.738,1304.33,754.1874,845.5731,2389.01,2040.1,3298.611,1021.691,4249.667,1395.019,1898.811,1834.08,2281.468,2190.534,1636.31,1310.591,1336.146,2387.059,3666.743,1401.16,872.6494,972.694,2406.371,2114.365,3058.505,1135.25,3843.963,1496.673,1982
"2025-10-31 07:30:00",921,"NAN",11.86,1695.216,2235.872,2130.45,1535.769,1193.705,1219.415,2365.939,4052.054,1306.011,751.397,846.2808,2380.426,2042.02,3301.532,1018.713,4249.613,1396.708,1903.664,1836.29,2282.451,2193.927,1639.444,1312.606,1337.524,2399.627,3677.813,1402.508,868.433,973.3564,2398.847,2115.497,3057.312,1131.399,3843.201,1496.996,1986.066
"2025-10-31 07:45:00",922,"NAN",11.85,1697.029,2240.599,2133.076,1538.158,1199.133,1220.58,2365.227,4062.588,1306.455,750.6663,846.5205,2385.825,2042.796,3310.696,1017.734,4249.86,1397.849,1907.248,1836.978,2291.069,2196.578,1640.953,1316.621,1338.021,2389.438,3684.228,1401.3,866.8087,972.509,2407.196,2115.994,3060.979,1128.649,3843.744,1497.209,1988.377
"2025-10-31 08:00:00",923,"NAN",11.85,1697.923,2244.915,2135.786,1539.444,1196.166,1220.379,2365.812,4072.096,1307.037,750.3846,846.5454,2365.963,2043.216,3314.449,1036.453,4248.421,1398.249,1909.82,1838.337,2290.381,2197.89,1641.948,1314.03,1337.83,2390.419,3702.584,1401.125,866.6097,972.9196,2388.937,2116.191,3068.338,1148.851,3847.31,1497.631,1990.835
"2025-10-31 08:15:00",924,"NAN",11.86,1699.082,2248.106,2136.356,1539.644,1196.603,1219.244,2364.268,4069.01,1306.656,751.0192,846.5594,2308.927,2043.463,3313.245,1090.107,4249.732,1398.272,1909.889,1839.344,2294.531,2197.599,1641.849,1313.957,1336.168,2387.176,3711.876,1401.129,866.2017,972.1398,2347.28,2117.422,3074.689,1200.475,3847.452,1497.867,1992.071
"2025-10-31 08:30:00",925,"NAN",11.86,1700.743,2252.597,2138.786,1540.996,1197.051,1219.858,2362.205,4065.981,1306.422,743.5085,846.8304,2335.891,2044.234,3314.792,1099.768,4240.205,1398.094,1909.625,1840.079,2301.573,2199.266,1643.477,1314.249,1336.711,2389.609,3687.915,1400.804,859.9677,972.1951,2373.988,2117.729,3069.389,1209.701,3843.358,1496.873,1991.085
"2025-10-31 08:45:00",926,"NAN",11.86,1703.607,2258.934,2142.54,1547.096,1199.585,1224.361,2365.818,4076.557,1309.292,747.3643,848.0719,2294.247,2046.198,3323.438,1105.395,4250.507,1401.056,1917.32,1843.266,2303.529,2203.537,1648.979,1316.844,1340.585,2396.589,3691.62,1402.81,863.4456,973.7626,2334.507,2119.414,3078.821,1215.391,3847.255,1499.332,1997.802
"2025-10-31 09:00:00",927,"NAN",11.86,1706.031,2268.057,2146.529,1550.604,1200.843,1227.322,2368.439,4078.676,1311.734,749.1618,849.5118,2357.71,2050.089,3335.346,1107.734,4252.247,1407.528,1922.858,1844.776,2312.616,2205.771,1651.424,1317.058,1342.91,2401.623,3704.555,1403.989,864.3695,974.0765,2389.47,2121.428,3082.419,1216.322,3845.224,1504.974,2002.335
"2025-10-31 09:15:00",928,"NAN",11.85,1709.655,2282.366,2151.46,1554.779,1203.104,1231.079,2370.441,4083.257,1314.181,751.7444,850.8363,2470.301,2054.806,3351.215,1110.119,4253.367,1406.665,1929.987,1848.637,2322.452,2211.342,1655.722,1319.099,1346.182,2399.046,3716.04,1406.226,866.5419,974.8633,2482.78,2125.939,3108.302,1218.314,3852.829,1504.172,2009.352
"2025-10-31 09:30:00",929,"NAN",11.87,1715.396,2303.845,2157.206,1560.757,1206.697,1235.928,2371.155,4074.33,1318.647,756.3879,853.3,2404.842,2059.695,3374.253,1112.808,4241.844,1411.387,1941.171,1854.267,2344.469,2216.014,1660.181,1321.901,1350.7,2396.28,3707.062,1409.994,871.0416,977.4274,2422.646,2130.259,3127.005,1220.808,3847.369,1508.057,2019.712
"2025-10-31 09:45:00",930,"NAN",11.87,1723.373,2347.275,2167.132,1573.723,1215.393,1257.089,2374.092,4071.367,1327.271,760.2032,859.101,2694.266,2071.618,3425.018,1116.909,4244.025,1419.06,1983.499,1861.833,2382.142,2225.229,1671.823,1329.74,1370.489,2405.306,3716.928,1417.447,873.4603,981.97,2501.128,2133.328,3190.747,1224.653,3855.416,1514.589,2056.209
"2025-10-31 10:00:00",931,"NAN",11.82,1723.23,2372.443,2173.841,1579.076,1217.431,1254.373,2378.626,4085.031,1329.409,747.4851,860.0363,2731.035,2073.997,3474.617,1117.246,4275.245,1420.732,2014.204,1860.479,2394.661,2228.805,1675.87,1330.027,1366.901,2403.901,3714.284,1419.342,860.0871,981.5549,2544.938,2135.888,3217.44,1223.526,3882.623,1515.274,2083.92
"2025-10-31 10:15:00",932,"NAN",11.86,1728.458,2393.471,2180.431,1585.026,1223.858,1260.994,2381.188,4066.397,1335.054,765.8165,864.2547,2811.035,2080.717,3506.497,1121.136,4263.58,1424.73,2035.369,1866.702,2421.245,2233.273,1681.637,1336.342,1372.674,2409.508,3708.723,1424.602,878.5361,985.6946,2556.081,2140.525,3243.008,1226.067,3886.503,1519.513,2102.949
"2025-10-31 10:30:00",933,"NAN",11.86,1736.312,2432.27,2194.011,1600.292,1240.295,1291.043,2381.036,4057.409,1340.142,764.4791,872.9568,2876.305,2092.475,3549.271,1120.343,4251.81,1428.125,2069.825,1874.302,2448.669,2247.951,1696.377,1352.461,1401.615,2405.484,3700.491,1430.302,877.0797,993.7755,2584.55,2150.743,3285.548,1225.461,3891.983,1522.915,2133.089
"2025-10-31 10:45:00",934,"NAN",11.86,1747.507,2474.277,2214.659,1623.124,1268.05,1328.154,2384.356,4055.484,1345.588,767.4659,887.0692,2922.074,2104.154,3589.971,1119.632,4249.325,1431.798,2100.236,1884.124,2487.489,2264.743,1716.711,1378.233,1436.24,2409.218,3722.774,1434.588,878.5353,1006.328,2606.819,2159.901,3314.505,1223.449,3879.846,1525.969,2161.035
"2025-10-31 11:00:00",935,"NAN",11.87,1787.362,2542.997,2256.389,1682.018,1351.837,1426.462,2386.603,4027.833,1360.253,775.0386,945.2305,2999.97,2140.191,3635.435,1114.633,4214.093,1440.478,2150.632,1910.801,2525.295,2294.124,1758.412,1443.345,1515.741,2399.905,3713.323,1436.942,869.4263,1046.287,2705.813,2184.106,3391.938,1207.154,3886.378,1523.121,2196.109
"2025-10-31 11:15:00",936,"NAN",11.84,1823.662,2623.707,2301.728,1743.742,1429.71,1526.672,2392.199,4000.524,1368.495,782.1699,997.2196,3060.297,2176.04,3685.843,1107.25,4192.499,1443.628,2186.39,1956.011,2447.545,2330.167,1827.344,1530.369,1623.961,2419.143,3660.576,1454.462,890.1558,1110.127,2787.852,2223.718,3397.23,1210.167,3847.378,1534.772,2235.807
"2025-10-31 11:30:00",937,"NAN",11.87,1854.702,2677.512,2323.819,1795.387,1438.87,1572.327,2412.504,4016.082,1373.174,778.9146,1021.97,3114.982,2200.254,3730.67,1110.546,4207.995,1447.698,2216.875,1984.651,2521.696,2350.651,1876.146,1536.681,1667.07,2434.068,3681.832,1459.437,885.8928,1133.492,2845.184,2244.876,3435.653,1211.463,3850.593,1538.591,2263.796
"2025-10-31 11:45:00",938,"NAN",11.87,1856.188,2678.133,2332.966,1788.688,1450.574,1561.849,2415.382,4042.171,1371.505,771.4376,1017.815,3138.887,2204.576,3754.275,1115.181,4234.359,1445.113,2219.749,1986.067,2529.45,2362.126,1868.729,1549.655,1656.824,2428.382,3711.511,1456.065,877.9122,1129.521,2904.981,2248.292,3467.642,1215.858,3876.815,1535.452,2263.666
"2025-10-31 12:00:00",939,"NAN",11.86,1842.368,2653.244,2324.308,1763.28,1434.762,1535.657,2417.974,4046.672,1365.755,765.5245,999.9044,3135.024,2189.622,3759.155,1118.519,4249.802,1439.841,2212.643,1973.222,2564.719,2352.81,1847.23,1536.095,1633.275,2440.313,3719.628,1453.204,873.7092,1113.439,2845.294,2237.329,3475.64,1219.557,3892.022,1531.036,2259.561
"2025-10-31 12:15:00",940,"NAN",11.86,1819.32,2613.592,2308.636,1731.501,1408.465,1500.458,2409.576,4046.113,1361.327,757.2388,974.6006,3132.94,2174.583,3753.468,1118.551,4258.827,1434.902,2204.39,1951.639,2556.221,2345.811,1816.646,1510.748,1600.566,2424.252,3728.918,1447.961,865.3064,1089.499,2871.985,2222.981,3454.832,1220.661,3906.968,1527.037,2252.196
"2025-10-31 12:30:00",941,"NAN",11.84,1812.669,2610.32,2311.283,1726.137,1405.898,1504.191,2412.322,4068.316,1357.199,754.5969,972.9259,3144.256,2172.252,3769.633,1114.063,4268.996,1431.682,2203.12,1945.391,2452.497,2342.114,1810.678,1508.328,1603.911,2428.951,3714.286,1443.319,862.8541,1088.483,2915.242,2222.647,3470.707,1215.698,3903.036,1523.791,2251.561
"2025-10-31 12:45:00",942,"NAN",11.87,1781.606,2559.522,2282.906,1681.892,1370.863,1434.204,2407.054,4081.165,1343.016,748.3901,944.1937,3093.57,2151.777,3761.776,1110.213,4312.182,1427.767,2180.335,1912.399,2529.938,2321.356,1768.747,1473.085,1534.365,2422.879,3736.292,1429.084,855.3121,1057.757,2860.635,2203.618,3463.878,1209.679,3932.108,1518.123,2230.096
"2025-10-31 13:00:00",943,"NAN",11.87,1757.655,2513.403,2260.193,1647.213,1345.255,1387.214,2403.348,4088.671,1337.118,748.0208,927.1784,3033.795,2143.099,3732.244,1108.363,4324.3,1418.793,2154.528,1888.978,2517.618,2303.705,1735.437,1448.231,1489.396,2430.011,3730.88,1421.97,854.1863,1041.421,2754.237,2193.748,3439.593,1208.621,3942.397,1508.887,2207.164
"2025-10-31 13:15:00",944,"NAN",11.87,1742.092,2478.309,2244.846,1626.569,1329.776,1361.582,2403.019,4083.523,1335.672,750.8738,916.4811,2989.974,2138.076,3713.366,1107.898,4319.254,1416.268,2130.164,1874.914,2477.669,2289.217,1715.814,1432.967,1464,2427.704,3732.609,1419.889,856.8873,1030.56,2646.873,2187.175,3422.772,1206.853,3941.765,1505.802,2184.823
"2025-10-31 13:30:00",945,"NAN",11.86,1732.457,2451.739,2233.568,1613.335,1319.118,1351.626,2401.905,4077.072,1335.02,754.1891,906.3552,2968.256,2138.376,3698.202,1107.669,4309.846,1416.217,2117.024,1865.27,2457.949,2278.943,1703.117,1422.605,1454.415,2426.519,3750.354,1419.258,859.9792,1020.683,2687.643,2188.568,3421.412,1206.102,3937.604,1505.581,2171.331
"2025-10-31 13:45:00",946,"NAN",11.87,1725.828,2435.711,2225.863,1604.681,1310.727,1346.557,2399.165,4067.587,1332.499,678.4227,897.5568,2954.863,2134.805,3693.216,1106.04,4304.024,1414.289,2113.551,1858.473,2442.581,2270.932,1693.403,1414.248,1448.631,2419.023,3721.234,1416.746,785.1393,1011.523,2651.913,2184.558,3407.131,1204.526,3928.861,1503.207,2169.186
"2025-10-31 14:00:00",947,"NAN",11.84,1722.212,2424.107,2218.823,1596.853,1303.284,1341.802,2398.667,4065.854,1332.666,682.6537,891.8912,2959.219,2137.889,3687.406,1105.554,4305.52,1413.648,2109.335,1855.162,2445.1,2265.04,1686.703,1406.933,1444.867,2422.576,3719.294,1416.99,789.0901,1006.447,2651.628,2188.374,3409.115,1204.572,3941.722,1503.3,2165.412
"2025-10-31 14:15:00",948,"NAN",11.86,1718.378,2403.601,2206.334,1579.208,1290.203,1309.781,2400.445,4069.88,1331.526,673.4318,887.7997,2931.371,2143.178,3685.65,1104.138,4312.956,1409.464,2093.989,1849.036,2426.753,2253.178,1667.761,1392.617,1411.752,2416.154,3745.399,1413.937,778.8025,1000.359,2623.927,2191.133,3416.772,1200.111,3930.01,1496.065,2148.905
"2025-10-31 14:30:00",949,"NAN",11.87,1714.705,2379.098,2198.088,1570.376,1281.518,1292.57,2402.652,4064.262,1333.969,686.1835,886.6201,2889.425,2144.97,3676.635,1106.706,4298.355,1409.29,2077.307,1844.192,2397.134,2244.513,1658.465,1382.524,1393.83,2423.651,3736.63,1414.841,788.9271,997.4597,2595.447,2191.955,3415.272,1202.049,3940.51,1494.78,2133.71
"2025-10-31 14:45:00",950,"NAN",11.84,1712.207,2362.981,2193.474,1566.458,1275.171,1291.108,2402.926,4060.284,1336.53,696.5004,885.0039,2877.997,2150.127,3664.602,1107.982,4286.301,1411.456,2073.809,1841.37,2387.706,2241.97,1654.391,1376.035,1392.223,2426.966,3740.605,1417.028,798.7903,995.8727,2577.717,2194.954,3397.003,1202.627,3922.652,1496.302,2130.351
"2025-10-31 15:00:00",951,"NAN",11.87,1711.141,2357.956,2191.208,1565.995,1271.038,1294.658,2403.451,4061.672,1337.762,688.1544,883.3132,2878.69,2151.716,3660.882,1107.836,4277.205,1413.452,2076.88,1840.494,2388.648,2240.108,1653.56,1371.435,1395.157,2418.009,3720.407,1416.885,789.6274,993.5693,2590.23,2197.075,3399.557,1201.748,3908.067,1498.154,2131.971
"2025-10-31 15:15:00",952,"NAN",11.86,1710.506,2357.835,2188.784,1565.446,1270.916,1298.069,2402.075,4062.839,1336.425,689.8286,880.7664,2889.927,2154.154,3663.202,1106.589,4268.255,1413.778,2082.327,1839.43,2382.164,2235.102,1652.652,1371.197,1398.003,2421.191,3724.584,1415.227,791.4704,991.2443,2644.49,2200.426,3388.609,1200.671,3916.159,1498.19,2138.387
"2025-10-31 15:30:00",953,"NAN",11.86,1709.01,2356.366,2186.887,1562.338,1261.574,1297.754,2400.493,4064.234,1334.11,692.5147,877.8675,2892.555,2151.828,3665.216,1104.709,4267.041,1412.983,2084.119,1836.31,2382.347,2233.48,1647.73,1359.694,1395.589,2423.573,3746.102,1410.933,791.2129,985.2417,2608.648,2196.032,3409.786,1195.913,3918.802,1494.275,2138.312
"2025-10-31 15:45:00",954,"NAN",11.86,1708.652,2357.716,2185.439,1561.134,1256.947,1299.619,2398.456,4064.451,1333.076,692.3489,876.8547,2908.804,2153.262,3665.002,1104.206,4261.754,1412.174,2087.205,1834.409,2383.154,2231.267,1645.334,1353.58,1395.557,2417.128,3764.181,1408.888,789.1992,982.4484,2622.694,2197.19,3402.418,1193.813,3936.737,1492.764,2140.023
"2025-10-31 16:00:00",955,"NAN",11.86,1708.286,2357.865,2185.748,1560.771,1252.599,1301.749,2399.822,4061.035,1332.982,692.8638,875.5838,2920.102,2156.528,3663.672,1104.004,4258.076,1411.65,2091.361,1833.955,2387.711,2232.33,1644.851,1349.2,1397.214,2413.14,3745.125,1406.746,789.4426,980.9792,2650.422,2199.534,3411.279,1192.537,3929.845,1491.505,2144.345
"2025-10-31 16:15:00",956,"NAN",11.85,1706.91,2356.858,2181.597,1555.466,1245.864,1301.562,2395.886,4060.159,1330.252,692.0539,874.0366,2913.447,2157.387,3661.577,1100.497,4249.32,1409.017,2087.56,1832.525,2382.714,2229.852,1639.614,1342.155,1396.729,2414.117,3751.685,1404.973,788.7679,979.5508,2641.611,2200.46,3407.68,1189.231,3915.99,1489.151,2141.522
"2025-10-31 16:30:00",957,"NAN",11.86,1705.792,2355.943,2179.788,1552.801,1240.567,1302.777,2394.639,4059.159,1328.769,689.2019,872.8716,2906.998,2160.863,3656.296,1099.259,4244.184,1412.79,2088.403,1831.472,2379.841,2227.266,1636.669,1336.672,1398.32,2419.967,3747.62,1402.819,785.1719,977.8627,2642.01,2203.45,3400.77,1187.051,3916.654,1491.85,2142.162
"2025-10-31 16:45:00",958,"NAN",11.86,1705.866,2354.525,2180.316,1551.495,1237.149,1305.296,2397.918,4062.126,1328.661,689.7674,872.2561,2901.828,2162.99,3657.88,1099.11,4245.729,1408.697,2089.651,1831.359,2378.62,2228.092,1636.022,1332.841,1400.717,2415.399,3757.265,1402.499,785.4839,976.7878,2638.646,2205.311,3403.604,1187.3,3911.603,1487.83,2142.835
"2025-10-31 17:00:00",959,"NAN",11.86,1705.141,2352.159,2178.836,1549.569,1233.14,1306.61,2396.27,4059.02,1328.347,691.0637,870.963,2902.707,2164.248,3656.034,1098.095,4240.883,1408.325,2087.531,1828.593,2377.456,2224.599,1630.567,1326.427,1399.347,2411.696,3760.679,1400.167,783.9594,973.5704,2658.061,2206.4,3409.113,1184.414,3931.691,1486.14,2138.841
"2025-10-31 17:15:00",960,"NAN",11.86,1704.857,2348.029,2177.304,1547.886,1229.41,1307.059,2397.447,4060,1326.785,692.426,870.2699,2896.881,2165.821,3653.042,1095.879,4244.245,1408.232,2083.491,1828.381,2378.997,2224.122,1629.671,1323.242,1399.956,2419.493,3765.516,1398.923,785.7125,972.5767,2671.344,2209.881,3417.144,1183.541,3932.673,1486.674,2136.136
"2025-10-31 17:30:00",961,"NAN",11.83,1704.308,2341.94,2175.796,1547.002,1226.419,1307.677,2398.138,4059.987,1325.267,693.7858,870.1566,2886.647,2167.054,3648.494,1096.261,4243.296,1407.77,2078.855,1826.271,2369.165,2222.687,1628.248,1319.481,1398.974,2412.877,3770.837,1397.997,786.2917,971.285,2671.823,2209.885,3406.824,1182.76,3926.685,1485.88,2129.559
"2025-10-31 17:45:00",962,"NAN",11.86,1704.182,2336.251,2175.138,1547.587,1223.561,1309.14,2399.483,4065.625,1324.651,695.091,871.3682,2885.364,2168.506,3641.022,1095.969,4242.365,1408.31,2074.235,1826.696,2362.441,2222.993,1630.114,1317.219,1401.836,2415.719,3777.424,1398.855,788.9367,973.7197,2627.086,2212.428,3396.185,1182.507,3919.623,1487.031,2127.355
"2025-10-31 18:00:00",963,"NAN",11.86,1703.443,2330.126,2175.694,1549.882,1221.232,1310.21,2401.463,4072.126,1324.549,696.0921,869.3767,2877.405,2169.856,3631.273,1095.314,4250.884,1409.296,2068.952,1826.483,2360.526,2222.692,1631.317,1314.819,1402.772,2418.376,3784.935,1397.371,789.3878,971.6718,2637.548,2212.423,3401.684,1182.843,3920.849,1487.525,2122.734
"2025-10-31 18:15:00",964,"NAN",11.87,1703.454,2323.818,2173.114,1548.047,1218.061,1308.713,2398.963,4066.284,1322.463,697.9105,868.8885,2853.985,2169.272,3622.761,1093.685,4240.347,1407.988,2057.695,1825.706,2354.213,2219.555,1629.555,1311.286,1400.369,2423.073,3779.762,1394.341,791.0093,971.1133,2612.028,2211.125,3387.932,1180.426,3914.373,1485.949,2111.782
"2025-10-31 18:30:00",965,"NAN",11.87,1703.604,2316.721,2173.197,1551.108,1216.868,1310.08,2401.099,4068.295,1322.585,699.7755,868.8234,2841.68,2170.553,3616.023,1093.859,4246.57,1409.145,2052.39,1825.841,2350.831,2220.193,1632.068,1310.046,1402.027,2418.887,3765.165,1395.2,792.7159,970.6431,2602.176,2213.912,3379.873,1181.367,3928.363,1487.459,2107.211
"2025-10-31 18:45:00",966,"NAN",11.87,1703.857,2308.667,2172.915,1552.407,1215.319,1310.034,2402.121,4064.656,1321.18,699.6565,869.1038,2827.182,2171.645,3604.899,1093.469,4243.633,1409.052,2043.692,1824.678,2343.287,2220.49,1632.764,1307.652,1401.011,2416.938,3760.776,1393.542,792.2047,970.6684,2612.366,2214.123,3371.601,1180.894,3927.718,1486.88,2099.588
"2025-10-31 19:00:00",967,"NAN",11.83,1704.017,2304.657,2172.755,1553.345,1217.804,1310.697,2401.619,4061.109,1321.158,702.2477,868.8118,2804.115,2171.136,3595.554,1093.62,4237.803,1409.038,2035.434,1825.218,2338.567,2219.535,1632.751,1309.279,1400.78,2417.993,3764.835,1393.162,793.8663,969.3231,2611.966,2215.054,3363.822,1179.787,3934.405,1486.939,2091.438
"2025-10-31 19:15:00",968,"NAN",11.86,1704.885,2301.176,2172.937,1556.607,1211.969,1312.317,2401.089,4060.825,1320.684,700.8908,868.5648,2797.791,2169.469,3589.216,1093.91,4240.36,1409.575,2029.884,1826.844,2336.882,2221.197,1638.163,1305.579,1404.438,2419.784,3756.638,1393.093,794.4753,971.5256,2561.754,2212.73,3372.052,1181.604,3919.038,1487.803,2086.912
"2025-10-31 19:30:00",969,"NAN",11.87,1704.972,2296.812,2173.659,1559.455,1210.156,1313.326,2400.958,4057.076,1319.536,701.5948,869.3203,2782.826,2168.754,3579.692,1094.517,4234.671,1409.483,2020.685,1826.976,2334.383,2221.226,1638.688,1303.215,1405.102,2416.053,3771.141,1393.203,794.8259,970.6728,2547.437,2211.96,3365.255,1181.884,3911.95,1486.446,2077.759
"2025-10-31 19:45:00",970,"NAN",11.86,1705.581,2293.538,2174.16,1561.833,1208.494,1315.4,2400.829,4053.839,1319.834,703.8484,869.4625,2751.963,2168.62,3569.831,1093.874,4232.07,1410.489,2013.167,1827.185,2329.101,2221.873,1641.224,1300.887,1406.762,2414.98,3754.804,1391.525,796.4199,970.7922,2536.613,2210.884,3338.603,1180.212,3924.562,1487.436,2071.359
"2025-10-31 20:00:00",971,"NAN",11.84,1706.759,2289.821,2175.094,1564.311,1207.575,1317.771,2400.429,4054.23,1320.062,703.5938,869.558,2743.964,2170.667,3557.106,1093.004,4228.532,1410.697,2010.99,1827.827,2327.533,2222.633,1643.817,1300.317,1409.216,2424.588,3769.304,1391.599,796.1389,971.2877,2528.731,2213.442,3345.536,1179.926,3912.429,1487.655,2069.609
"2025-10-31 20:15:00",972,"NAN",11.86,1708.249,2287.365,2174.707,1566.321,1207.241,1319.431,2401.771,4049.363,1320.45,704.9651,869.8856,2732.828,2171.527,3548.326,1093.447,4225.662,1415.5,2010.607,1826.836,2322.46,2220.582,1644.09,1297.407,1408.323,2417.323,3764.481,1390.681,795.3748,968.9262,2563.135,2213.113,3324.571,1178.432,3913.598,1490.88,2067.377
"2025-10-31 20:30:00",973,"NAN",11.86,1708.71,2286.438,2175.922,1568.49,1207.024,1321.762,2402.5,4050.44,1320.367,705.0435,870.3171,2714.333,2171.149,3541.067,1092.69,4226.958,1412.387,2009.588,1763.745,2294.828,2184.765,1576.556,1218.542,1333.431,2408.052,4043.896,1331.296,714.8668,888.2323,2702.309,2181.287,3539.713,1110.157,4234.005,1432.133,2017.734
"2025-10-31 20:45:00",974,"NAN",11.85,1710.193,2285.674,2177.858,1571.741,1207.363,1324.068,2401.778,4047.568,1321.13,705.77,870.2047,2702.359,2170.457,3535.557,1091.961,4223.091,1412.603,2009.281,1763.836,2292.795,2185.585,1579.208,1217.983,1334.88,2407.6,4041.842,1331.396,714.3839,886.917,2704.202,2179.759,3532.59,1108.224,4230.679,1431.825,2016.411
"2025-10-31 21:00:00",975,"NAN",11.87,1711.001,2285.993,2178.558,1574.391,1207.397,1326.371,2404.012,4046.447,1321.205,705.1742,871.0682,2687.689,2171.79,3530.37,1090.823,4222.691,1412.804,2008.518,1765.075,2292.948,2186.867,1581.773,1217.809,1336.791,2408.877,4038.736,1331.268,714.1347,887.6293,2698.435,2181.745,3527.496,1107.025,4230.603,1431.514,2016.051
"2025-10-31 21:15:00",976,"NAN",11.87,1712.972,2285.647,2178.696,1577.233,1207.788,1328.617,2403.972,4046.755,1322.77,704.681,871.2822,2677.578,2174.091,3523.44,1089.799,4221.682,1414.198,2009.984,1766.6,2291.903,2186.786,1585.546,1218.496,1339.67,2408.932,4036.38,1333.043,713.7736,888.3742,2672.514,2183.567,3516.307,1106.136,4222.858,1433.169,2017.614
"2025-10-31 21:30:00",977,"NAN",11.87,1714.986,2287.97,2181.976,1581.513,1208.797,1332.243,2405.839,4050.849,1323.692,707.0456,874.5716,2673.88,2175.534,3520.302,1090.977,4225.656,1415.719,2012.645,1768.825,2294.403,2189.487,1589.553,1219.629,1343.343,2409.619,4038.787,1334.516,716.3438,891.5839,2694.049,2185.05,3513.684,1107.621,4223.244,1435.079,2019.63
"2025-10-31 21:45:00",978,"NAN",11.86,1715.341,2287.315,2181.824,1582.889,1208.619,1333.141,2404.504,4047.946,1324.609,707.8408,872.5583,2680.221,2176.198,3518.19,1090.619,4218.671,1416.067,2012.299,1768.998,2294.042,2190.004,1590.352,1219.46,1344.381,2409.606,4035.611,1335.081,716.8035,889.3992,2670.583,2185.597,3505.405,1107.053,4219.444,1435.338,2019.971
"2025-10-31 22:00:00",979,"NAN",11.86,1716.821,2285.825,2182.978,1585.157,1209.361,1335.191,2405.726,4045.863,1325.147,708.2633,872.5318,2671.255,2176.749,3512.646,1090.57,4219.491,1417.68,2013.528,1770.383,2293.225,2190.665,1593.1,1220.044,1346.085,2410.026,4034.365,1335.474,717.1072,889.3062,2663.01,2186.08,3504.734,1106.823,4221.609,1436.733,2020.644
"2025-10-31 22:15:00",980,"NAN",11.86,1717.731,2286.225,2184.756,1587.462,1209.591,1336.643,2406.052,4045.017,1325.854,708.5607,873.2061,2657.332,2177.271,3510.047,1090.624,4215.784,1419.225,2014.176,1771.778,2292.176,2191.905,1594.919,1219.935,1347.233,2409.165,4033.052,1335.759,717.2903,889.8719,2652.54,2186.106,3499.179,1106.53,4219.458,1438.217,2021.101
"2025-10-31 22:30:00",981,"NAN",11.84,1718.807,2286.487,2183.46,1588.156,1209.032,1336.885,2402.669,4034.453,1324.473,708.7756,873.0412,2645.951,2175.692,3499.579,1087.77,4206.25,1418.518,2011.151,1773.015,2292.977,2191.704,1595.556,1219.593,1347.616,2407.24,4025.395,1334.863,717.4236,889.7649,2639.646,2184.031,3489.73,1104.124,4208.276,1437.383,2018.039
"2025-10-31 22:45:00",982,"NAN",11.86,1719.774,2287.576,2185.781,1589.62,1213.323,1338.684,2404.646,4035.57,1325.428,708.1852,873.1445,2649.794,2177.963,3498.885,1085.841,4207.419,1418.474,2011.219,1774.347,2294.45,2192.476,1598.4,1224.618,1349.131,2408.324,4019.672,1335.504,717.0732,890.1166,2653.639,2185.648,3486.132,1102.304,4205.926,1438.278,2018.829
"2025-10-31 23:00:00",983,"NAN",11.87,1720.487,2285.529,2180.384,1585.268,1206.097,1335.68,2398.679,4015.707,1322.333,706.7173,872.6675,2625.049,2177.779,3491.37,1081.696,4185.882,1416.001,2002.841,1895.628,2336.064,2263.87,1731.712,1370.401,1497.341,2412.263,3536.951,1481.312,874.4798,1047.078,2325.873,2256.968,3129.867,1252.511,3687.833,1580.641,2114.691
"2025-10-31 23:15:00",984,"NAN",11.84,1722.811,2283.046,2186.909,1592.705,1208.096,1342.422,2405.632,4030.028,1326.091,707.6155,873.7292,2615.315,2179.532,3483.321,1044.168,4205.654,1420.404,2011.371,1900.961,2340.89,2265.212,1736.89,1373.979,1503.493,2425.776,3553.469,1485.507,877.9086,1051.063,2341.206,2260.379,3109.655,1216.907,3655.657,1584.574,2115.289
"2025-10-31 23:30:00",985,"NAN",11.86,1724.488,2278.839,2183.243,1587.911,1205.468,1338.878,2401.136,4018.85,1322.315,706.5649,872.6708,2591.343,2179.927,3473.656,1011.376,4203.015,1415.728,2003.217,1902.492,2333.335,2262.109,1732.854,1371.996,1500.807,2418.06,3515.96,1481.874,878.3842,1051.076,2547.93,2259.671,3120.763,1185.446,3650.334,1580.736,2109.993
"2025-10-31 23:45:00",986,"NAN",11.85,1725.533,2274.371,2192.889,1598.044,1209.988,1348.069,2409.365,4021.98,1329.781,709.7578,875.7565,2586.646,2181.861,3467.175,1012.441,4212.303,1423.43,2015.638,1904.538,2339.277,2269.226,1742.868,1377.176,1510.005,2438.318,3511.548,1489.775,881.0341,1054.439,2547.851,2267.409,3097.306,1186.333,3675.711,1588.877,2120.962
"2025-11-01 00:00:00",987,"NAN",11.86,1726.518,2273,2192.177,1597.679,1209.424,1347.115,2407.862,4006.537,1328.624,709.2814,875.8066,2571.069,2181.779,3460.184,1008.312,4199.512,1427.413,2011.494,1906.583,2326.914,2271.017,1743.415,1377.638,1510.743,2421.849,3506.869,1489.823,881.6771,1054.651,2381.483,2262.788,3122.756,1182.897,3655.604,1592.549,2117.591
"2025-11-01 00:15:00",988,"NAN",11.86,1727.806,2272.675,2188.577,1593.982,1207.723,1344.602,2404.413,3999.398,1324.661,708.7961,875.0618,2553.823,2181.99,3452.822,1002.242,4200.23,1419.084,2004.313,1907.39,2331.508,2265.091,1740.319,1375.677,1507.343,2433.417,3523.765,1486.577,882.0294,1054.806,2529.672,2267.253,3089.516,1176.66,3652.495,1585.016,2112.159
"2025-11-01 00:30:00",989,"NAN",11.86,1728.748,2272.021,2190.94,1597.503,1208.484,1346.358,2404.912,3990.759,1325.135,709.4801,874.7607,2547.585,2182.74,3446.189,1000.199,4194.439,1420.735,2006.272,1908.777,2336.657,2268.094,1743.842,1376.955,1509.997,2417.699,3503.024,1487.306,883.2443,1054.939,2320.711,2266.394,3082.915,1175.45,3641.784,1587.632,2115.722
"2025-11-01 00:45:00",990,"NAN",11.87,1732.025,2274.054,2198.072,1607.591,1213.659,1354.927,2410.979,3980.857,1332.813,714.2453,878.5826,2548.291,2183.9,3436.121,1003.69,4182.317,1428.705,2016.828,1910.44,2337.324,2277.13,1752.452,1380.438,1516.703,2441.844,3506.754,1492.744,885.8666,1057.477,2530.132,2266.257,3078.384,1176.747,3653.471,1593.424,2122.429
"2025-11-01 01:00:00",991,"NAN",11.83,1732.923,2273.397,2202.696,1613.44,1215.547,1358.935,2416.184,3985.258,1334.688,715.6426,879.5817,2549.557,2185.226,3427.832,1012.376,4196.727,1431.163,2023.172,1911.375,2333.531,2281.513,1757.768,1382.669,1520.931,2445.235,3511.01,1494.839,887.7755,1058.862,2308.615,2265.511,3096.354,1186.162,3647.443,1596.213,2129.159
"2025-11-01 01:15:00",992,"NAN",11.84,1734.139,2273.033,2197.557,1607.941,1212.805,1353.884,2408.38,3971.001,1329.161,713.9547,880.8912,2526.982,2184.912,3424.605,1022.499,4186.59,1425.146,2013.453,1912.428,2338.673,2277.22,1752.696,1380.208,1516.339,2408.228,3480.353,1489.75,886.5584,1060.336,2368.613,2269.39,3072.133,1196.625,3654.291,1590.761,2119.967
"2025-11-01 01:30:00",993,"NAN",11.87,1735.076,2274.485,2203.722,1616.924,1216.464,1360.966,2412.752,3973.148,1335.347,715.937,880.1306,2533.325,2186.134,3420.814,1031.68,4188.66,1431.176,2023.195,1914.357,2338.969,2278.247,1761.473,1384.083,1522.82,2423.326,3485.945,1495.434,888.3771,1059.693,2454.671,2268.835,3067.135,1205.691,3655.249,1596.649,2127.809
"2025-11-01 01:45:00",994,"NAN",11.86,1735.896,2276.124,2199.217,1613.274,1214.756,1356.855,2406.773,3955.676,1331.221,715.2268,879.8016,2525.626,2187.795,3411.236,1035.361,4175.438,1426.352,2015.472,1915.901,2340.41,2273.518,1757.262,1382.381,1519.325,2429.744,3472.156,1492.841,887.7997,1058.602,2516.828,2272.176,3091.402,1209.822,3631.265,1592.86,2122.098
"2025-11-01 02:00:00",995,"NAN",11.86,1737.091,2277.989,2202.295,1616.467,1215.434,1359.263,2406.658,3962.926,1332.798,715.6022,880.1072,2518.727,2187.605,3408.016,1038.471,4181.466,1427.673,2017.776,1916.503,2331.43,2280.476,1760.95,1383.549,1521.986,2401.344,3500.312,1493.639,888.2171,1059.583,2385.071,2272.835,3064.839,1213.042,3642.874,1593.816,2124.273
"2025-11-01 02:15:00",996,"NAN",11.83,1738.674,2278.799,2212.697,1629.438,1220.347,1369.414,2418.489,3969.799,1340.499,718.5739,883.4319,2531.007,2188.146,3409.693,1046.699,4196.549,1435.75,2031.752,1917.74,2338.146,2284.325,1773.195,1388.281,1531.732,2436.61,3496.756,1501.187,891.9659,1063.47,2438.322,2268.582,3061.575,1221.717,3673.516,1601.102,2136.547
"2025-11-01 02:30:00",997,"NAN",11.87,1739.745,2279.669,2213.998,1631.364,1224.383,1370.579,2419.183,3970.042,1342.619,719.3855,883.554,2504.003,2188.408,3406.128,1053.87,4193.455,1436.558,2031.647,1920.004,2336.993,2291.601,1775.642,1392.815,1533.201,2414.001,3483.955,1503.678,892.7738,1063.785,2485.191,2272.06,3081.068,1228.882,3674.993,1602.825,2137.351
"2025-11-01 02:45:00",998,"NAN",11.87,1740.455,2278.778,2215.297,1632.817,1220.306,1371.778,2421.934,3969.857,1343.032,719.8152,884.2402,2508.466,2191.465,3402.342,1064.222,4195.508,1437.068,2032.694,1922.09,2340.028,2291.666,1779.342,1391.159,1536.516,2445.395,3483.956,1505.842,895.963,1067.091,2327.771,2272.521,3073.37,1241.199,3663.117,1605.335,2140.328
"2025-11-01 03:00:00",999,"NAN",11.86,1741.06,2276.973,2217.258,1634.537,1220.845,1373.762,2423.161,3961.935,1344.3,720.6818,884.8788,2461.683,2192.64,3398.958,1072.03,4194.281,1438.742,2033.662,1922.474,2333.771,2293.284,1780.917,1391.777,1538.806,2432.463,3467.352,1507.175,897.2399,1068.075,2463.834,2277.77,3043.4,1248.93,3649.636,1606.855,2140.54
"2025-11-01 03:15:00",1000,"NAN",11.87,1742.059,2275.623,2219.248,1635.951,1221.47,1375.312,2424.487,3953.364,1345.001,721.5757,885.5268,2467.881,2193.634,3393.264,1075.269,4194.546,1439.995,2034.289,1923.49,2338.432,2296.969,1781.998,1392.382,1540.379,2449.262,3499.831,1508.607,897.9219,1068.582,2360.432,2274.959,3061.336,1252.199,3652.897,1607.977,2141.448
"2025-11-01 03:30:00",1001,"NAN",11.86,1743.245,2273.967,2215.636,1632.861,1220.181,1372.745,2420.311,3935.103,1342.774,720.915,884.5993,2453.929,2192.91,3388.506,1076.484,4173.478,1437.918,2026.917,1925.477,2334.093,2287.677,1779.35,1391.152,1537.891,2403.943,3448.52,1506.218,897.1171,1067.856,2462.072,2278.506,3049.178,1253.358,3635.004,1606.515,2133.608
"2025-11-01 03:45:00",1002,"NAN",11.86,1743.936,2272.883,2215.02,1631.935,1219.298,1367.017,2418.393,3939.418,1340.361,720.6966,884.4771,2452.57,2194.36,3383.114,1077.881,4178.374,1440.032,2024.882,1926.326,2341.049,2287.42,1779.033,1390.399,1533.27,2437.658,3465.557,1504.255,896.7886,1067.687,2380.458,2278.663,3063.003,1254.09,3658.574,1608.639,2132.831
"2025-11-01 04:00:00",1003,"NAN",11.87,1745.431,2270.532,2216.852,1634.295,1220.163,1366.919,2420.343,3936.759,1341.02,721.5304,885.0527,2455.696,2197.071,3376.043,1077.558,4181.534,1436.098,2025.574,1926.463,2329.24,2289.085,1781.087,1391.645,1532.634,2440.133,3447.154,1504.938,897.9629,1068.241,2474.773,2278.243,3039.746,1254.828,3658.449,1604.329,2133.688
"2025-11-01 04:15:00",1004,"NAN",11.86,1747.281,2269.813,2219.237,1637.687,1221.494,1369.282,2421.797,3930.11,1342.563,722.7206,885.9716,2459.496,2198.957,3371.575,1082.886,4176.867,1437.582,2028.024,1928.613,2337.355,2297.646,1784.311,1392.887,1534.622,2431.904,3450.807,1506.336,899.2644,1069.56,2477.052,2280.467,3047.362,1259.866,3649.458,1606.382,2135.455
"2025-11-01 04:30:00",1005,"NAN",11.86,1748.879,2268.883,2219.805,1639.499,1222.752,1371.066,2424.458,3928.729,1343.548,722.5073,886.8101,2463.969,2202.31,3369.313,1085.136,4174.987,1439.412,2029.694,1930.331,2336.945,2291.719,1786.198,1393.875,1537.144,2409.038,3478.969,1507.584,898.9393,1070.326,2387.749,2280.913,3027.317,1261.667,3648.848,1607.24,2136.43
"2025-11-01 04:45:00",1006,"NAN",11.86,1749.705,2268.96,2222.71,1642.757,1224.156,1373.005,2425.724,3926.215,1345.5,723.8484,887.77,2469.071,2203.068,3368.03,1088.116,4171.818,1440.47,2031.914,1932.311,2332.242,2297.936,1789.371,1395.809,1538.86,2442.333,3479.804,1509.462,900.2427,1071.05,2342.38,2287.957,3045.958,1264.729,3652.265,1609.214,2139.481
"2025-11-01 05:00:00",1007,"NAN",11.87,1752.113,2269.854,2232.519,1655.019,1229.784,1382.9,2434.629,3938.389,1353.314,726.5488,892.6689,2486.148,2204.219,3370.249,1094.031,4183.671,1449.991,2048.339,1934.286,2331.763,2308.311,1801.019,1401.505,1548.594,2425.104,3452.538,1516.517,902.9481,1076.597,2487.316,2288.289,3043.39,1270.69,3640.724,1618.381,2152.302
"2025-11-01 05:15:00",1008,"NAN",11.84,1753.208,2270.08,2231.816,1654.455,1229.794,1381.296,2431.114,3930.396,1351.958,726.2263,890.9982,2493.88,2206.244,3369.919,1093.987,4174.1,1449.975,2045.839,1934.788,2338.024,2302.054,1798.828,1400.961,1546.507,2419.459,3474.619,1515.789,902.7185,1074.414,2333.429,2289.364,3024.432,1270.445,3638.624,1617.948,2150.293
"2025-11-01 05:30:00",1009,"NAN",11.85,1754.603,2271.412,2234.417,1656.25,1231.283,1383.482,2433.883,3936.17,1352.999,726.9538,891.4938,2505.857,2207.274,3370.432,1095.275,4174.798,1451.915,2049.161,1935.447,2335.531,2303.542,1799.872,1401.684,1548.694,2434.409,3450.57,1516.069,902.601,1074.422,2500.644,2290.804,3028.892,1271.063,3646.025,1620.266,2152.776
"2025-11-01 05:45:00",1010,"NAN",11.86,1756.038,2273.653,2236.506,1658.089,1232.283,1384.91,2436.022,3938.941,1353.189,726.6555,892.0294,2517.651,2208.554,3370.802,1096.109,4173.723,1453.66,2051.534,1937.403,2339.488,2303.552,1802.37,1403.656,1550.274,2459.136,3460.596,1516.392,903.3929,1075.573,2316.832,2287.897,3028.722,1272.72,3647.413,1621.467,2154.886
"2025-11-01 06:00:00",1011,"NAN",11.87,1757.035,2276.676,2238.193,1659.608,1233.015,1385.637,2436.369,3940.92,1353.668,726.3919,892.3173,2532.373,2209.5,3372.868,1097.951,4176.75,1455.141,2053.34,1938.399,2338.506,2304.863,1804.16,1404.337,1550.939,2423.809,3462.841,1517.323,902.9254,1076.268,2369.765,2291.708,3028.859,1274.211,3636.481,1623.214,2157.012
"2025-11-01 06:15:00",1012,"NAN",11.86,1758.269,2280.639,2240.366,1661.607,1238.018,1387.14,2436.139,3942.594,1353.62,727.5933,893.2833,2546.656,2211.242,3375.326,1099.531,4176.383,1455.155,2053.631,1938.401,2344.231,2313.304,1804.689,1407.81,1550.803,2460.788,3468.552,1515.383,901.9872,1075.395,2315.148,2287.897,3035.52,1273.364,3636.253,1620.827,2158.132
"2025-11-01 06:30:00",1013,"NAN",11.85,1759.001,2283.508,2244.887,1666.193,1235.34,1391.039,2439.828,3958.089,1355.732,728.3709,895.4089,2570.914,2213.795,3378.639,1101.375,4184.083,1458.667,2060.899,1938.581,2346.782,2313.998,1808.813,1405.04,1554.391,2458.161,3509.373,1517.418,903.1682,1076.804,2350.317,2295.102,3034.352,1276.061,3647.237,1624.577,2163.529
"2025-11-01 06:45:00",1014,"NAN",11.84,1761.092,2288.943,2243.872,1663.77,1235.406,1390.24,2438.828,3958.691,1354.756,728.1949,895.2126,2580.696,2214.39,3379.946,1100.611,4175.284,1457.716,2058.025,1940.474,2351.501,2315.071,1807.297,1405.126,1554.015,2451.551,3481.307,1515.267,903.3377,1076.733,2339.376,2290.987,3042.7,1274.979,3643.824,1623.496,2159.634
"2025-11-01 07:00:00",1015,"NAN",11.84,1763.437,2293.74,2246.137,1664.319,1237.03,1392.114,2436.865,3968.881,1356.067,729.0437,895.5218,2609.36,2216.428,3384.047,1102.03,4170.875,1458.62,2058.65,1942.086,2353.093,2312.485,1807.618,1406.499,1555.096,2412.975,3480.713,1517.193,903.0063,1077.089,2546.062,2292.118,3070.659,1276.35,3643.716,1624.285,2160.261
"2025-11-01 07:15:00",1016,"NAN",11.86,1765.504,2299.233,2247.96,1665.898,1239.151,1395.267,2441.458,3981.492,1358.53,730.5251,896.7145,2638.917,2220.65,3390.294,1103.923,4171.566,1461.024,2061.462,1945.134,2359.995,2314.203,1807.882,1408.017,1557.685,2463.357,3485.037,1519.716,905.0618,1078.306,2318.06,2293.891,3064.976,1278.154,3638.204,1626.026,2163.889
"2025-11-01 07:30:00",1017,"NAN",11.87,1767.648,2305.792,2254.021,1670.99,1242.129,1401.504,2446.698,4001.35,1361.482,732.5107,899.7178,2675.676,2224.395,3399.878,1107.784,4181.945,1469.203,2070.638,1945.5,2362.642,2321.983,1811.109,1408.538,1561.919,2404.92,3513.091,1519.225,903.6409,1077.133,2327.805,2299.831,3070.849,1278.426,3680.755,1630.85,2168.208
"2025-11-01 07:45:00",1018,"NAN",11.87,1769.417,2313.35,2256.093,1673.082,1244.358,1404.804,2448.873,4014.758,1363.964,732.6931,900.0242,2691.79,2227.862,3411.15,1109.526,4179.641,1467.796,2074.602,1945.933,2357.083,2320.685,1812.641,1409.815,1563.978,2455.641,3523.699,1521.382,904.1143,1078.579,2436.413,2304.324,3061.3,1280.124,3668.844,1630.024,2171.82
"2025-11-01 08:00:00",1019,"NAN",11.86,1771.249,2321.758,2255.708,1672.376,1245.359,1406.033,2447.081,4014.861,1364.203,732.748,900.5487,2736.597,2229.314,3422.051,1109.733,4176.58,1468.649,2077.285,1947.143,2371.044,2319.949,1809.797,1410.222,1564.085,2406.557,3526.918,1520.773,902.8222,1079.048,2363.031,2300.221,3106.433,1279.876,3669.117,1629.141,2173.09
"2025-11-01 08:15:00",1020,"NAN",11.86,1773.808,2331.205,2260.678,1676.112,1248.766,1412.41,2449.957,4025.828,1367.625,734.0742,902.7133,2767.166,2233.347,3439.655,1112.786,4186.241,1473.286,2089.563,1948.911,2370.759,2328.737,1812.42,1412.156,1569.786,2458.474,3550.521,1523.013,903.189,1079.133,2418.207,2307.788,3096.58,1280.854,3681.076,1632.745,2185.025
"2025-11-01 08:30:00",1021,"NAN",11.84,1777.145,2342.751,2263.74,1678.989,1251.58,1416.726,2451.936,4028.764,1370.641,735.0235,904.1588,2807.184,2236.859,3450.796,1114.493,4187.612,1476.132,2100.715,1952.415,2376.127,2325.282,1815.934,1415.413,1573.844,2421.521,3533.669,1526.019,903.9989,1080.722,2409.409,2306.139,3104.951,1283.076,3659.92,1635.499,2193.076
"2025-11-01 08:45:00",1022,"NAN",11.87,1780.017,2353.453,2266.077,1680.641,1254.443,1420.37,2454.15,4028.304,1372.878,735.197,907.3589,2854.731,2241.373,3473.338,1116.463,4187.866,1478.889,2112.434,1955.603,2382.554,2331.097,1815.728,1418.293,1576.959,2465.385,3547.105,1528.501,905.4525,1084.764,2404.578,2310.407,3115.619,1285.922,3663.963,1638.617,2205.846
"2025-11-01 09:00:00",1023,"NAN",11.87,1782.411,2366.453,2269.15,1682.948,1257.34,1428.609,2455.972,4030.153,1374.995,736.5593,907.8889,2894.979,2246.248,3494.697,1118.603,4189.749,1481.543,2128.068,1957.138,2412.23,2334.249,1819.216,1420.56,1584.309,2393.378,3563.073,1530.941,906.1123,1084.701,2462.884,2318.75,3142.433,1287.826,3672.473,1640.645,2214.968
"2025-11-01 09:15:00",1024,"NAN",11.85,1785.338,2381.38,2272.976,1684.538,1259.629,1439.108,2455.842,4033.547,1378.095,737.4434,909.7893,2934.339,2248.077,3519.033,1120.961,4197.64,1483.126,2146.513,1961.055,2411.547,2331.065,1820.298,1423.862,1594.399,2471.762,3556.316,1534.086,907.7307,1087.05,2483.5,2320.222,3154.683,1290.166,3696.55,1642.43,2233.805
"2025-11-01 09:30:00",1025,"NAN",11.87,1787.416,2397.668,2276.012,1686.747,1261.966,1455.451,2455.94,4030.965,1380.587,737.8111,911.5228,2971.276,2251.167,3543.521,1121.5,4204.309,1484.797,2174.816,1961.343,2421.938,2336.898,1818.965,1423.349,1608.201,2429.239,3541.775,1532.43,904.22,1086.254,2587.216,2317.962,3205.691,1288.344,3679.063,1641.127,2252.414
"2025-11-01 09:45:00",1026,"NAN",11.86,1787.394,2411.032,2277.817,1685.925,1261.474,1454.343,2456.527,4033.042,1380.476,736.742,911.6699,2995.323,2251.932,3566.654,1120.645,4208.749,1483.958,2189.907,1960.852,2441.252,2329.448,1819.018,1422.456,1606.629,2456.143,3572.864,1532.863,903.9281,1086.738,2667.366,2314.901,3221.582,1287.445,3711.862,1640.76,2268.557
"2025-11-01 10:00:00",1027,"NAN",11.87,1791.651,2420.154,2281.605,1687.574,1268.882,1469.693,2458.712,4021.422,1384.774,737.657,914.6287,3025.059,2257.832,3579.569,1124.355,4204.781,1486.934,2205.346,1964.844,2447.768,2343.91,1820.102,1429.231,1620.239,2475.059,3557.562,1537.044,905.0159,1088.824,2677.868,2319.662,3231.055,1290.415,3688.853,1642.774,2276.536
"2025-11-01 10:15:00",1028,"NAN",11.86,1791.885,2429.785,2283.508,1685.998,1265.136,1480.394,2457.375,4023.477,1384.899,736.4003,916.5073,3056.051,2258.781,3609.655,1123.763,4211.392,1486.908,2221.877,1964.75,2421.074,2334.638,1818.368,1425.264,1630.582,2469.804,3544.877,1537.223,902.3699,1089.153,2719.805,2326.666,3230.173,1288.97,3715.582,1642.055,2289.952
"2025-11-01 10:30:00",1029,"NAN",11.84,1801.188,2452.02,2292.282,1698.069,1280.878,1530.873,2455.189,3998.247,1396.058,740.78,929.4297,3108.756,2269.163,3628.437,1128.405,4189.36,1491.889,2252.207,1974.829,2414.472,2350.49,1828.843,1440.166,1678.272,2448.801,3538.696,1547.031,906.5609,1102.526,2786.86,2330.302,3240.108,1293.261,3677.985,1646.975,2309.814
"2025-11-01 10:45:00",1030,"NAN",11.87,1835.015,2528.762,2333.144,1755.354,1361.26,1664.886,2460.713,3995.457,1408.001,748.6063,979.2115,3237.426,2301.784,3677.499,1125.407,4164.21,1499.106,2320.519,2005.865,2380.045,2370.117,1881.745,1516.296,1802.354,2447.311,3522.964,1557.622,914.4371,1150.244,2941.606,2360.366,3275.193,1291.429,3663.919,1653.79,2370.603
"2025-11-01 11:00:00",1031,"NAN",11.84,1842.307,2570.802,2352.71,1775.969,1382.406,1689.636,2474.199,4022.801,1403.083,746.261,989.2184,3273.74,2307.879,3732.757,1127.661,4200.805,1496.67,2352.531,2007.487,2546.359,2391.282,1896.491,1532.127,1821.471,2366.836,3549.548,1549.541,907.1788,1153.853,2971.141,2364.233,3338.635,1287.82,3723.655,1646.556,2393.717
"2025-11-01 11:15:00",1032,"NAN",11.86,1846.481,2582.872,2361.306,1790.923,1397.953,1711.244,2474.546,4009.373,1408.466,746.5686,1005.862,3281.996,2318.539,3743.597,1129.371,4191.096,1503.833,2368.325,2011.403,2559.172,2389.756,1910.052,1546.08,1840.423,2480.21,3555.872,1552.953,906.7986,1169.077,2982.319,2373.497,3368.236,1289.246,3699.439,1652.406,2407.867
"2025-11-01 11:30:00",1033,"NAN",11.87,1832.299,2581.226,2362.325,1777.308,1386.797,1695.601,2476.396,4015.042,1403.496,741.6544,992.4892,3278.518,2312.975,3761.773,1128.692,4210.718,1495.402,2369.254,1997.729,2545.637,2396.973,1896.842,1534.972,1826.053,2472.604,3582.311,1547.327,901.0721,1156.322,2990.699,2368.314,3372.369,1288.194,3713.433,1643.794,2405.319
"2025-11-01 11:45:00",1034,"NAN",11.86,1821.956,2569.979,2352.883,1770.676,1376.725,1682.163,2475.692,4010.812,1402.289,739.0308,982.6405,3269.491,2309.362,3760.091,1128.743,4213.874,1494.241,2360.375,1990.345,2408.755,2393.614,1892.17,1526.689,1814.819,2395.56,3553.093,1547.61,899.4273,1148.095,2974.206,2364.83,3380.355,1289.377,3710.212,1644.182,2387.854
"2025-11-01 12:00:00",1035,"NAN",11.87,1813.983,2557.184,2350.109,1761.298,1368.264,1682.592,2475.19,4001.752,1402.856,737.3922,975.3639,3263.317,2306.976,3758.406,1129.102,4217.361,1494.447,2359.41,1982.776,2487.154,2393.695,1882.343,1517.049,1814.273,2486.435,3568.076,1546.853,896.5115,1140.358,2966.97,2358.793,3357.848,1287.93,3717.155,1642.736,2384.246
"2025-11-01 12:15:00",1036,"NAN",11.87,1813.804,2554.07,2354.54,1764.202,1375.205,1702.766,2477.164,4005.686,1404.399,737.179,976.9107,3271.266,2312.674,3768.266,1128.567,4214.034,1494.395,2362.607,1982.276,2354.354,2384.729,1884.324,1522.842,1831.962,2461.5,3545.888,1547.129,895.6356,1141.725,2992.611,2356.558,3389.398,1286.952,3726.742,1641.93,2402.824
"2025-11-01 12:30:00",1037,"NAN",11.86,1815.167,2551.887,2356.48,1767.002,1381.994,1720.83,2476.641,3994.926,1407.453,738.316,974.7755,3279.36,2315.321,3773.984,1129.32,4203.492,1494.727,2368.708,1981.21,2509.719,2394.377,1885.314,1527.145,1846.664,2444.508,3545.32,1548.181,894.4805,1135.977,2988.042,2363.549,3379.571,1284.208,3714.93,1639.245,2388.924
"2025-11-01 12:45:00",1038,"NAN",11.87,1844.84,2579.817,2383.042,1808.024,1435.491,1800.3,2480.42,3989.607,1415.127,742.7264,1021.604,3337.697,2338.663,3803.623,1127.569,4169.777,1498.024,2395.621,2005.461,2356.759,2400.553,1917.715,1572.782,1915.471,2466.458,3572.553,1548.92,893.2785,1175.831,3051.156,2383.242,3424.924,1277.883,3707.243,1636.343,2421.546
"2025-11-01 13:00:00",1039,"NAN",11.86,1883.363,2616.33,2407.15,1854.368,1478.12,1860.608,2486.208,3976.786,1422.571,747.6378,1066.271,3386.17,2372.673,3840.148,1123.964,4164.738,1504.297,2425.206,2032.669,2577.096,2415.17,1952.212,1603.415,1962.047,2486.852,3553.968,1546.069,888.0038,1208.62,3104.399,2394.266,3439.358,1263.797,3711.898,1632.63,2437.042
"2025-11-01 13:15:00",1040,"NAN",11.87,1871.65,2606.57,2404.694,1826.029,1447.868,1814.663,2501.362,4033.581,1408.138,739.6614,1039.822,3403.166,2370.222,3883.521,1125.816,4218.973,1492.974,2425.011,2018.189,2392.332,2413.82,1924.812,1571.392,1918.064,2488.496,3617.706,1529.347,876.6042,1179.734,3107.936,2398.913,3486.537,1260.732,3769.787,1618.006,2441.596
"2025-11-01 13:30:00",1041,"NAN",11.83,1844.172,2578.271,2384.052,1789.141,1416.805,1772.888,2493.529,4036.236,1403.484,734.2228,1014.365,3372.797,2353.066,3873.782,1125.123,4234.573,1488.894,2413.308,1998.306,2458.903,2415.291,1895.457,1548.102,1885.079,2476.6,3608.558,1530.612,876.5423,1161.506,3092.808,2392.075,3483.194,1266.946,3779.559,1620.652,2431.603
"2025-11-01 13:45:00",1042,"NAN",11.86,1818.405,2546.732,2364.378,1756.748,1395.153,1736.211,2488.37,4048.924,1393.234,728.3563,994.5559,3346.964,2337.35,3872.045,1118.538,4259.318,1479.671,2397.729,1973.762,2503.374,2399.986,1865.738,1527.396,1850.599,2480.505,3609.179,1519.935,870.7322,1142.318,3064.641,2372.882,3482.534,1259.846,3791.773,1611.091,2407.569
"2025-11-01 14:00:00",1043,"NAN",11.86,1807.498,2596.75,2325.965,1712.517,1348.5,1649.177,2488.442,4075.813,1352.796,712.3745,961.9179,3275.115,2269.932,3919.112,1044.585,4242.404,1362.969,2337.993,1959.489,2513.093,2364.628,1827.311,1484.334,1770.991,2458.566,3636.955,1486.015,855.9307,1111.697,2989.578,2326.166,3513.43,1190.931,3759.669,1506.067,2378.275
"2025-11-01 14:15:00",1044,"NAN",11.86,1814.037,2540.359,2327.19,1697.087,1334.98,1539.359,2486.966,4058.392,1356.126,704.4565,946.1981,3169.993,2312.355,3858.737,1045.819,4256.908,1406.923,2307.144,1944.67,2428.951,2347.391,1791.661,1449.45,1645.645,2480.812,3598.198,1466.815,826.6138,1074.542,2866.051,2342.292,3454.644,1169.852,3784.695,1525.447,2334.69
"2025-11-01 14:30:00",1045,"NAN",11.87,1808.877,2476.581,2315.445,1685.407,1325.077,1487.91,2484.399,4034.172,1360.587,706.5702,937.9224,3073.954,2329.857,3779.419,1054.541,4244.465,1429.573,2269.397,1938.043,2446.166,2338.189,1777.958,1437.2,1595.187,2453.963,3586.482,1467.559,824.9813,1063.488,2713.697,2359.311,3385.042,1175.196,3761.846,1543.306,2305.64
"2025-11-01 14:45:00",1046,"NAN",11.85,1809.465,2435.003,2309.684,1679.897,1319.242,1457.321,2486.398,4007.868,1363.517,706.6344,933.6275,2987.49,2343.416,3706.804,1064.616,4236.75,1444.964,2236.206,1934.839,2421.809,2335.932,1769.295,1428.378,1562.819,2447.927,3580.089,1467.964,822.0821,1056.344,2611.211,2365.033,3333.739,1182.082,3749.1,1554.988,2273.236
"2025-11-01 15:00:00",1047,"NAN",11.85,1809.118,2409.057,2301.039,1673.783,1313.142,1444.989,2483.52,3989.669,1366.418,709.8703,929.9993,2954.361,2351.478,3657.955,1071.358,4235.77,1457.882,2214.481,1932.576,2411.727,2328.335,1762.588,1420.538,1549.457,2469.851,3578.221,1468.119,823.666,1051.138,2547.219,2370.202,3297.559,1186.708,3747.259,1564.875,2254.538
"2025-11-01 15:15:00",1048,"NAN",11.87,1808.224,2392.518,2294.566,1669.159,1307.451,1438.513,2482.81,3987.793,1369.096,711.598,926.1913,2948.131,2358.468,3614.371,1077.93,4231.23,1458.905,2201.005,1931.192,2394.536,2323.167,1757.83,1414.248,1542.446,2471.762,3566.92,1469.783,824.4742,1046.945,2510.169,2370.53,3259.915,1192.228,3769.98,1565.21,2241.424
"2025-11-01 15:30:00",1049,"NAN",11.86,1807.589,2385.152,2288.601,1667.783,1302.251,1435.381,2479.919,3994.293,1371.384,714.322,924.7357,2957.899,2363.842,3583.843,1082.421,4231.713,1462.635,2198.952,1932.265,2391.977,2318.883,1757.384,1410.904,1540.611,2443.874,3572.961,1472.87,827.769,1046.752,2547.32,2375.361,3231.79,1197.295,3742.038,1569.657,2241.498
"2025-11-01 15:45:00",1050,"NAN",11.86,1806.287,2381.937,2283.758,1666.173,1296.764,1433.531,2476.921,4005.785,1371.969,714.813,923.2408,2981.573,2365.073,3556.531,1084.381,4229.528,1464.443,2200.012,1931.595,2392.693,2309.907,1756.664,1406.504,1539.523,2459.75,3564.109,1474.162,829.4351,1045.908,2532.528,2377.851,3210.016,1200.07,3745.185,1571.719,2243.379
"2025-11-01 16:00:00",1051,"NAN",11.82,1805.803,2381.855,2279.638,1664.578,1292.461,1430.347,2474.419,4017.335,1372.679,713.6276,921.6032,3014.537,2367.291,3539.389,1084.898,4229.291,1466.314,2203.577,1932.1,2396.052,2311.287,1755.907,1403.066,1537.122,2465.839,3569.934,1475.04,829.2592,1045.235,2580.71,2377.844,3190.099,1200.902,3762.488,1574.18,2243.524
"2025-11-01 16:15:00",1052,"NAN",11.85,1803.159,2378.027,2274.789,1661.862,1286.995,1425.983,2470.496,4016.657,1371.033,714.599,921.8005,3026.252,2364.831,3524.148,1084.675,4231.959,1465.909,2202.02,1931.452,2395.15,2309.553,1754.888,1400.182,1535.01,2460.433,3577.119,1475.498,832.093,1047.674,2630.677,2377.615,3192.266,1203.585,3738.955,1575.89,2245.823
"2025-11-01 16:30:00",1053,"NAN",11.86,1802.69,2372.964,2271.81,1659.73,1282.813,1422.562,2467.466,4018.389,1370.036,714.5667,919.0674,3018.361,2363.474,3504.463,1083.992,4226.47,1465.711,2199.897,1931.856,2391.288,2307.373,1754.23,1396.163,1532.509,2460.888,3579.754,1475.581,832.7195,1045.093,2598.213,2379.306,3174.945,1202.673,3757.88,1576.241,2243.846
"2025-11-01 16:45:00",1054,"NAN",11.86,1803.244,2367.745,2269.593,1657.714,1279.846,1421.378,2465.575,4015.63,1369.818,714.1725,918.2401,3001.495,2362.059,3492.132,1083.865,4225.954,1466.311,2196.311,1931.524,2384.152,2301.324,1751.473,1393.473,1531.362,2436.728,3586.598,1474.707,831.8016,1044.484,2570.036,2373.758,3159.617,1202.705,3764.144,1576.32,2240.961
"2025-11-01 17:00:00",1055,"NAN",11.84,1803.142,2364.885,2268.53,1657.29,1276.433,1421.787,2460.221,4014.425,1369.767,715.0708,917.7197,2998.758,2360.491,3477.858,1085.106,4227.142,1466.326,2195.708,1931.997,2374.871,2300.038,1751.689,1390.474,1531.417,2461.061,3595.708,1474.656,832.9672,1044.022,2618.693,2379.558,3155.123,1203.891,3740.692,1576.473,2242.478
"2025-11-01 17:15:00",1056,"NAN",11.85,1803.867,2363.91,2267.81,1656.465,1273.325,1421.829,2454.547,4014.372,1369.651,715.8304,917.1297,2991.709,2358.887,3473.546,1085.614,4225.838,1465.764,2195.162,1931.159,2379.855,2299.146,1749.472,1385.767,1530.019,2443.531,3585.831,1472.927,831.9233,1041.503,2585.235,2370.965,3165.952,1202.628,3769.426,1573.952,2239.436
"2025-11-01 17:30:00",1057,"NAN",11.86,1803.351,2362.062,2266.975,1654.227,1274.216,1421.286,2447.291,4017.013,1368.877,714.2896,917.1437,2986.196,2357.095,3465.85,1085.667,4227.245,1465.61,2192.945,1930.147,2380.66,2299.604,1745.356,1384.459,1528.13,2437.243,3595.105,1470.737,828.5421,1040.085,2580.914,2376.172,3167.849,1200.927,3754.363,1572.05,2236.778
"2025-11-01 17:45:00",1058,"NAN",11.86,1803.036,2358.85,2265.015,1652.563,1266.587,1420.508,2437.545,4018.685,1367.766,713.3116,916.4467,2977.302,2353.567,3454.213,1085.448,4225.777,1465.464,2188.346,1929.667,2370.369,2301.313,1744.877,1378.021,1527.897,2441.817,3585.36,1469.719,829.1581,1039.978,2579.659,2371.529,3141.996,1200.648,3751.165,1572.733,2233.129
"2025-11-01 18:00:00",1059,"NAN",11.86,1802.49,2354.718,2263.75,1652.222,1263.132,1418.784,2426.332,4017.968,1366.597,710.2239,915.2108,2964.264,2349.185,3445.639,1084.628,4227.007,1464.694,2182.838,1929.494,2375.662,2297.036,1744.597,1374.735,1526.986,2417.454,3594.561,1468.717,826.0317,1038.961,2529.949,2364.874,3128.031,1200.64,3770.011,1571.543,2227.745
"2025-11-01 18:15:00",1060,"NAN",11.85,1801.949,2347.231,2262.271,1651.597,1259.968,1416.996,2413.857,4012.596,1364.746,702.4023,915.106,2944.763,2348.571,3433.618,1084.29,4225.615,1464.188,2174.768,1928.312,2363.226,2294.72,1744.267,1372.137,1525.082,2410.018,3578.902,1467.498,818.485,1039.077,2518.875,2371.3,3138.164,1200.715,3744.621,1571.413,2220.779
"2025-11-01 18:30:00",1061,"NAN",11.84,1801.34,2339.678,2261.377,1651.061,1257.215,1414.718,2399.268,4004.426,1363.774,694.111,914.1416,2910.269,2344.828,3424.557,1084.05,4221.074,1463.947,2163.69,1927.992,2363.36,2297.412,1743.021,1368.585,1522.535,2408.098,3603.841,1465.312,808.71,1037.481,2509.483,2360.541,3128.317,1199.882,3746.96,1570.905,2213.51
"2025-11-01 18:45:00",1062,"NAN",11.87,1801.56,2330.616,2260.641,1649.586,1254.953,1413.654,2377.985,3995.668,1362.332,695.0638,913.7418,2866.994,2341.803,3408.038,1084.219,4216.499,1467.991,2152.581,1926.004,2349.057,2293.029,1741.222,1365.645,1520.888,2391.619,3567.281,1463.487,809.2806,1036.236,2486.516,2357.354,3088.182,1198.987,3747.468,1574.244,2201.193
"2025-11-01 19:00:00",1063,"NAN",11.86,1801.454,2323.153,2259.27,1646.853,1252.879,1412.94,2360.969,3983.247,1361.658,696.6668,913.9369,2821.688,2337.9,3391.61,1084.765,4212.073,1463.805,2142.958,1926.8,2342.663,2291.961,1738.155,1363.602,1519.941,2376.2,3574.512,1464.316,809.6886,1035.536,2514.192,2363.508,3086.854,1199.693,3746.182,1570.452,2194.284
"2025-11-01 19:15:00",1064,"NAN",11.86,1801.846,2316.32,2259.925,1644.819,1251.168,1413.062,2344.793,3971.322,1361.13,693.7794,913.9341,2784.911,2334.308,3369.934,1085.196,4209.905,1463.647,2134.968,1927.176,2343.037,2293.577,1736.053,1361.837,1520.185,2365.04,3555.506,1463.67,807.538,1036.222,2459.261,2360.658,3075.413,1200.012,3755.892,1570.226,2187.113
"2025-11-01 19:30:00",1065,"NAN",11.86,1802.137,2309.712,2259.316,1642.116,1249.474,1412.619,2330.102,3955.809,1359.999,694.3094,913.5696,2745.402,2332.393,3351.065,1084.553,4201.746,1463.463,2128.871,1926.594,2335.009,2296.478,1733.932,1360.19,1519.363,2351.891,3544.039,1461.213,808.5158,1035.993,2516.953,2352.264,3065.243,1199.525,3737.934,1569.591,2181.025
"2025-11-01 19:45:00",1066,"NAN",11.88,1802.628,2303.307,2258.684,1641.575,1248.311,1412.404,2316.124,3940.682,1359.705,690.4094,913.4652,2717.93,2330.319,3334.697,1085.158,4201.702,1463.042,2122.709,1927.061,2332.981,2294.307,1733.283,1358.784,1518.786,2338.379,3526.014,1460.332,802.5153,1035.664,2479.162,2351.59,3043.194,1199.478,3758.028,1568.955,2175.816
"2025-11-01 20:00:00",1067,"NAN",11.86,1802.948,2299.809,2257.761,1641.236,1247.193,1406.434,2303.104,3927.491,1359.206,676.6239,916.2048,2698.916,2329.02,3316.431,1085.912,4199.403,1463.047,2119.267,1926.42,2329.75,2295.096,1731.567,1356.62,1512.403,2333.542,3519.393,1459.8,788.898,1036.817,2445.301,2356.096,3021.15,1198.887,3738.234,1567.544,2174.167
"2025-11-01 20:15:00",1068,"NAN",11.87,1803.739,2296.119,2257.789,1642.365,1246.328,1401.593,2289.482,3913.719,1359.388,660.403,909.0415,2671.118,2328.103,3292.568,1086.537,4198.361,1463.697,2116.93,1927.467,2326.234,2291.478,1732.507,1355.819,1507.613,2320.678,3527.36,1459.144,772.5006,1029.709,2416.966,2348.443,3006.105,1199.108,3759.442,1567.884,2171.681
"2025-11-01 20:30:00",1069,"NAN",11.86,1803.501,2293.423,2258.775,1642.887,1245.115,1401.485,2277.587,3903.852,1359.002,661.2188,911.7177,2647.838,2326.753,3283.44,1087.104,4194.428,1464.4,2115.345,1930.09,2322.94,2293.848,1735.474,1357.712,1510.49,2309.621,3498.143,1461.436,776.2419,1035.146,2480.409,2348.903,2988.905,1201.623,3742.966,1570.476,2171.551
"2025-11-01 20:45:00",1070,"NAN",11.87,1777.124,2233.174,2258.595,1643.833,1244.098,1398.836,2265.886,3895.478,1358.105,644.8764,913.1534,2637.092,2324.817,3272.678,1087.623,4195.554,1465.681,2115.786,1906.368,2271.773,2294.153,1736.468,1355.805,1507.297,2299.801,3512.514,1459.565,759.9583,1035.865,2406.282,2352.764,2983.905,1201.869,3761.3,1570.69,2172.051
"2025-11-01 21:00:00",1071,"NAN",11.83,1778.036,2231.231,2259.4,1645.522,1243.01,1397.813,2254.069,3887.156,1358.418,655.9404,914.5814,2626.889,2324.723,3263.035,1088.217,4193.691,1467.61,2116.321,1906.482,2270.15,2293.663,1736.661,1353.917,1505.721,2292.14,3493.753,1458.87,770.1996,1037.057,2570.815,2351.295,2970.311,1201.355,3757.098,1570.958,2172.08
"2025-11-01 21:15:00",1072,"NAN",11.84,1778.92,2229.865,2260.744,1647.124,1246.384,1398.828,2243.487,3875.683,1358.897,646.8832,914.6912,2612.937,2323.254,3256.852,1088.717,4187.319,1468.901,2116.453,1907.651,2269.829,2294.289,1738.688,1358.019,1507.07,2284.906,3492.072,1459.132,760.9128,1037.494,2386.861,2351.891,2944.423,1201.42,3737.852,1572.736,2172.573
"2025-11-01 21:30:00",1073,"NAN",11.87,1780.447,2227.539,2261.458,1649.822,1241.996,1400.017,2235.276,3870.874,1358.603,650.1229,915.8328,2604.842,2322.874,3247.034,1089.345,4189.03,1469.648,2117.073,1906.964,2266.064,2294.273,1740.246,1352.293,1506.797,2273.021,3493.732,1458.141,763.6967,1037.723,2543.343,2352.525,2964.131,1201.746,3748.419,1571.865,2172.238
"2025-11-01 21:45:00",1074,"NAN",11.87,1781.48,2227.973,2263.306,1651.237,1241.724,1400.772,2224.086,3865.152,1358.454,651.7582,915.3802,2593.302,2321.516,3239.717,1089.719,4189.444,1470.371,2117.957,1909.064,2266.653,2297.211,1742.566,1353.093,1508.659,2265.702,3509.82,1457.837,765.9258,1038.49,2427.638,2351.238,2948.956,1202.01,3758.98,1572.999,2173.342
"2025-11-01 22:00:00",1075,"NAN",11.86,1782.034,2227.498,2265.172,1654.617,1241.372,1401.599,2216.484,3861.491,1358.65,656.6384,915.9522,2586.297,2322.274,3232.449,1090.122,4186.047,1469.748,2118.301,1910.476,2269.493,2300.795,1745.604,1352.743,1509.859,2260.922,3474.656,1458.741,770.8351,1038.472,2464.905,2346.66,2941.001,1202.869,3734.875,1572.029,2172.641
"2025-11-01 22:15:00",1076,"NAN",11.85,1782.736,2226.089,2266.28,1651.508,1241.37,1402.425,2208.977,3856.615,1359.002,658.1848,916.5687,2580.62,2321.914,3226.426,1091.332,4182.198,1468.858,2118.956,1910.642,2267.021,2300.647,1740.506,1351.656,1509.614,2253.742,3487.073,1456.864,771.0706,1037.891,2411.096,2349.117,2942.247,1202.171,3732.668,1569.32,2172.779
"2025-11-01 22:30:00",1077,"NAN",11.87,1783.644,2223.537,2260.356,1646.054,1238.025,1394.874,2194.698,3827.71,1355.433,661.4641,914.9466,2535.485,2315.13,3200.583,1088.396,4151.09,1467.94,2108.442,1912.237,2263.601,2296.802,1736.466,1350.031,1503.717,2242.426,3473.327,1455.537,775.5794,1037.8,2425.655,2340.007,2857.905,1199.997,3710.785,1569.792,2164.225
"2025-11-01 22:45:00",1078,"NAN",11.84,1785.493,2222.354,2269.921,1657.672,1242.476,1404.286,2197.431,3837.636,1360.732,663.6195,917.9535,2541.011,2321.164,3206.522,1093.36,4174.882,1468.59,2121.633,1913.321,2264.116,2303.265,1747.621,1353.89,1512.394,2242.404,3464.311,1460.104,777.3007,1040.731,2524.315,2351.262,2901.566,1205.122,3732.13,1570.05,2174.612
"2025-11-01 23:00:00",1079,"NAN",11.87,1785.619,2219.888,2272.344,1663.585,1243.21,1407.882,2191.455,3833.299,1361.736,669.8513,919.4921,2543.894,2320.636,3204.1,1094.933,4173.725,1470.155,2123.856,1913.933,2263.836,2306.109,1752.748,1354.685,1516.142,2237.046,3456.1,1461.322,783.6841,1041.607,2505.25,2346.736,2911.157,1207.185,3723.649,1571.64,2178.027
"2025-11-01 23:15:00",1080,"NAN",11.86,1787.633,2225.848,2273.783,1668.941,1244.195,1411.307,2186.728,3830.434,1363.414,671.9578,920.121,2555.816,2321.591,3201.58,1095.936,4172.082,1471.494,2126.868,1915.716,2264.521,2308.604,1757.369,1355.096,1519.024,2235.904,3455.518,1462.066,785.347,1042.564,2511.403,2349.604,2911.154,1207.493,3727.77,1572.247,2179.042
"2025-11-01 23:30:00",1081,"NAN",11.85,1788.25,2228.077,2274.346,1673.021,1244.732,1412.527,2182.261,3829.598,1363.433,673.0048,921.6783,2568.013,2321.359,3201.264,1097.405,4172.255,1472.194,2129.378,1916.322,2267.141,2308.425,1761.075,1355.72,1520.025,2231.829,3476.247,1462.143,786.1613,1043.229,2530.279,2345.661,2914.321,1208.302,3744.376,1572.446,2182.236
"2025-11-01 23:45:00",1082,"NAN",11.84,1789.915,2230.196,2275.424,1676.329,1245.52,1413.967,2178.974,3831.243,1364.643,674.6452,923.5957,2576.465,2321.124,3197.07,1097.904,4171.362,1472.801,2130.979,1917.403,2271.106,2309.773,1764.554,1356.504,1521.354,2227.264,3465.708,1462.1,788.0798,1046.396,2441.383,2347.482,2911.784,1208.611,3749.509,1572.475,2182.799
"2025-11-02 00:00:00",1083,"NAN",11.84,1790.36,2231.257,2277.353,1678.56,1245.504,1413.595,2175.4,3831.901,1364.468,675.4174,922.4487,2585.901,2321.125,3194.677,1099.031,4171.642,1472.814,2131.911,1918.515,2269.15,2311.641,1766.139,1356.511,1520.967,2223.745,3480.301,1462.609,788.6297,1044.396,2513.88,2351.278,2914.37,1209.371,3728.645,1572.32,2185.129
"2025-11-02 00:15:00",1084,"NAN",11.84,1790.76,2229.994,2280.641,1681.31,1245.21,1412.988,2171.964,3834.292,1364.489,676.2577,922.6086,2584.903,2321.682,3192.399,1099.399,4172.321,1473.064,2132.368,1918.166,2268.92,2314.08,1768.321,1355.655,1520.445,2220.944,3453.548,1462.191,789.2003,1044.544,2384.483,2345.387,2880.124,1209.707,3732.357,1571.689,2184.023
"2025-11-02 00:30:00",1085,"NAN",11.86,1791.399,2227.872,2281.842,1683.88,1244.922,1412.238,2169.335,3832.108,1364.775,676.3695,922.8027,2577.138,2322.706,3189.714,1100.24,4168.779,1473.048,2132.841,1919.106,2271.197,2315.214,1771.052,1355.812,1519.841,2218.726,3460.72,1462.787,789.9601,1045.198,2538.996,2348.953,2872.977,1210.834,3747.032,1572.902,2184.484
"2025-11-02 00:45:00",1086,"NAN",11.84,1791.464,2226.059,2274.304,1678.29,1241.506,1405.853,2159.163,3804.951,1360.953,675.6058,921.0515,2553.087,2314.604,3167.899,1096.597,4139.511,1468.842,2120.708,1919.016,2268.87,2307.548,1766.205,1351.97,1513.193,2211.876,3437.743,1458.933,788.6696,1043.122,2523.216,2340.259,2854.7,1206.745,3707.502,1568.74,2173.705
"2025-11-02 01:00:00",1087,"NAN",11.84,1792.902,2224.837,2275.985,1681.203,1246.822,1406.1,2155.858,3802.675,1361.824,676.5919,920.7314,2544.478,2315.671,3163.417,1097.146,4140.491,1469.379,2122.437,1920.398,2264.273,2305.904,1769.008,1357.505,1513.534,2208.787,3427.654,1459.556,789.597,1042.934,2518.536,2344.34,2859.787,1207.279,3714.21,1568.985,2174.272
"2025-11-02 01:15:00",1088,"NAN",11.87,1793.015,2222.127,2280.684,1689.249,1244.626,1410.996,2158.863,3807.162,1365.051,677.952,921.9709,2542.019,2320.133,3167.758,1100.022,4155.13,1474.205,2132.089,1920.003,2262.692,2315.133,1776.475,1355.028,1518.134,2209.116,3450.478,1462.429,790.5698,1044.236,2446.18,2347.647,2858.65,1209.282,3722.336,1572.814,2184.102
"2025-11-02 01:30:00",1089,"NAN",11.86,1793.687,2220.366,2285.236,1695.514,1246.286,1414.121,2159.338,3805.15,1366.745,679.8238,923.7052,2530.852,2321.779,3169.95,1102.06,4160.399,1478.018,2138.001,1921.489,2262.491,2316.279,1783.367,1357.454,1521.677,2211.541,3461.418,1465.105,793.1011,1046.116,2406.264,2348.534,2831.634,1211.947,3738.092,1576.921,2189.303
"2025-11-02 01:45:00",1090,"NAN",11.84,1794.435,2217.191,2286.95,1698.799,1247.025,1414.821,2158.325,3796.709,1367.696,681.1038,924.2333,2507.462,2321.197,3157.195,1103.564,4156.275,1480.46,2139.38,1922.327,2261.708,2320.46,1786.552,1358.246,1522.331,2209.743,3451.944,1466.032,794.6923,1046.792,2407.787,2345.153,2867.562,1214.644,3727.049,1579.665,2190.857
"2025-11-02 02:00:00",1091,"NAN",11.83,1794.571,2214.105,2284.928,1698.849,1246.712,1414.26,2154.245,3778.791,1365.963,680.8027,924.3052,2496.515,2317.183,3144.879,1103.017,4154.042,1480.408,2136.091,1922.34,2258.804,2317.979,1786.348,1357.521,1521.969,2204.857,3413.217,1464.708,794.7174,1047.058,2489.232,2348.946,2840.774,1213.757,3730.478,1579.635,2187.779
"2025-11-02 02:15:00",1092,"NAN",11.86,1795.581,2213,2288.961,1704.581,1248.713,1417.501,2155.159,3783.037,1368.236,682.1926,925.5258,2498.741,2320.953,3146.031,1104.995,4163.83,1486.721,2142.269,1922.127,2257.657,2322.379,1791.294,1358.009,1523.722,2206.745,3421.82,1465.494,794.4702,1046.45,2494.408,2352.233,2802.93,1213.943,3747.952,1584.466,2192.857
"2025-11-02 02:30:00",1093,"NAN",11.86,1796.133,2209.479,2290.383,1706.819,1249.406,1418.442,2152.948,3770.102,1368.706,683.2994,925.7647,2484.095,2291.633,3084.977,1105.396,4155.858,1482.586,2142.264,1923.943,2252.516,2319.166,1793.701,1360.001,1525.725,2206.917,3407.227,1466.576,795.8932,1047.475,2479.071,2327.315,2769.466,1215.339,3720.026,1580.25,2192.914
"2025-11-02 02:45:00",1094,"NAN",11.84,1797.042,2205.835,2291.038,1708.709,1250.395,1419.29,2151.485,3759.171,1369.1,684.0099,926.0355,2470.616,2291.792,3055.846,1105.819,4153.104,1482.126,2141.908,1923.982,2249.998,2325.308,1795.021,1359.767,1525.336,2205.199,3407.436,1465.441,795.576,1046.572,2469.229,2326.008,2672.593,1212.669,3721.255,1577.873,2192.296
"2025-11-02 03:00:00",1095,"NAN",11.87,1797.893,2202.291,2292.867,1709.971,1251.311,1420.39,2149.831,3735.384,1369.666,685.0662,926.7352,2456.537,2290.85,3057.203,1106.675,4149.117,1481.12,2142.875,1924.144,2244.791,2320.565,1795.257,1359.893,1525.679,2202.488,3388.601,1464.835,795.5043,1046.654,2435.702,2323.247,2679.117,1212.732,3721.027,1575.962,2193.552
"2025-11-02 03:15:00",1096,"NAN",11.86,1798.086,2199.881,2293.347,1711.519,1252.453,1422.283,2148.926,3721.521,1369.833,686.0812,928.1526,2447.308,2291.493,3050.418,1107.656,4141.66,1480.418,2133.754,1923.718,2244.102,2326.051,1795.758,1360.566,1526.845,2200.839,3397.015,1465.423,796.8712,1047.531,2452.318,2322.86,2738.802,1214.735,3725.809,1575.267,2185.748
"2025-11-02 03:30:00",1097,"NAN",11.85,1799.435,2197.751,2294.918,1713.914,1253.393,1422.957,2147.333,3710.987,1370.368,687.2971,930.5708,2443.477,2288.498,3046.251,1108.5,4143.084,1479.635,2129.357,1926.43,2244.063,2322.793,1797.967,1362.222,1528.63,2200.546,3378.249,1466.657,798.5708,1050.755,2448.457,2324.456,2699.972,1215.246,3739.584,1574.477,2182.717
"2025-11-02 03:45:00",1098,"NAN",11.87,1801.125,2196.146,2295.116,1716.58,1253.927,1424.35,2148.547,3696.791,1370.676,688.2852,928.7923,2443.199,2291.206,3044.975,1108.806,4134.423,1479.238,2126.348,1926.66,2239.849,2323.944,1800.045,1361.678,1528.739,2199.637,3359.347,1465.579,798.1069,1047.115,2433.247,2325.625,2705.163,1214.616,3719.403,1573.624,2177.762
"2025-11-02 04:00:00",1099,"NAN",11.86,1802.294,2194.717,2296.621,1719.491,1254.208,1425.864,2148.21,3690.972,1371.437,689.3047,928.8183,2443.314,2290.999,3039.8,1109.821,4133.585,1479.393,2121.331,1927.162,2236.9,2324.151,1801.684,1360.376,1528.691,2199.047,3350.099,1464.904,797.3758,1046.029,2449.45,2320.899,2708.072,1213.887,3715.138,1571.77,2172.867
"2025-11-02 04:15:00",1100,"NAN",11.87,1803.596,2191.202,2296.636,1721.898,1254.206,1426.576,2148.126,3681.902,1372.257,689.5433,928.837,2432.327,2291.333,3032.256,1110.684,4130.936,1480.273,2122.845,1929.073,2235.005,2323.243,1804.624,1361.635,1530.747,2200.406,3344.281,1466.407,799.1987,1047.577,2429.437,2322.554,2664.86,1215.529,3718.114,1573.156,2176.361
"2025-11-02 04:30:00",1101,"NAN",11.83,1804.729,2190.129,2298.312,1725.047,1254.609,1427.221,2148.215,3667.487,1371.984,689.4474,929.866,2428.449,2289.426,3023.342,1111.468,4125.919,1481.233,2129.47,1931.322,2236.414,2326.202,1808.773,1363.007,1532.556,2200.201,3329.71,1467.42,800.7147,1050.033,2439.195,2324.188,2605.612,1216.717,3724.788,1575.459,2182.454
"2025-11-02 04:45:00",1102,"NAN",11.87,1806.059,2188.08,2299.573,1727.617,1259.278,1428.101,2147.882,3649.312,1372.916,690.4828,930.2205,2420.981,2289.76,3010.662,1111.948,4123.692,1481.94,2131.137,1932.256,2234.126,2328.427,1811.186,1368.025,1533.703,2199.839,3318.882,1468.352,801.6846,1050.846,2421.863,2322.217,2638.727,1218.108,3706.194,1576.337,2183.227
"2025-11-02 05:00:00",1103,"NAN",11.87,1808.021,2188.685,2301.461,1730.001,1256.001,1429.659,2143.648,3647.601,1374.363,690.3646,930.2782,2408.373,2290.764,3009.107,1112.791,4124.495,1482.954,2132.472,1934.847,2233.601,2331.812,1813.938,1365.165,1535.54,2197.358,3338.516,1469.75,801.6439,1051.118,2422.364,2321.227,2612.939,1218.748,3699.78,1577.549,2185.09
"2025-11-02 05:15:00",1104,"NAN",11.86,1808.739,2187.838,2303.14,1733.474,1257.178,1431.061,2143.029,3645.24,1375.243,690.098,931.3652,2404.42,2287.604,3005.818,1113.832,4118.041,1482.373,2136.048,1935.683,2233.374,2335.545,1816.539,1366.574,1537.113,2197.293,3312.543,1470.566,801.6205,1052.248,2406.479,2324.498,2632.027,1220.08,3700.675,1577.186,2187.656
"2025-11-02 05:30:00",1105,"NAN",11.87,1810.469,2188.465,2301.052,1733.715,1257.406,1428.969,2141.103,3635.787,1374.855,689.0806,930.9451,2397.941,2291.279,2999.33,1113.477,4103.096,1482.044,2136.168,1937.371,2236.139,2329.463,1818.647,1367.376,1535.248,2195.682,3307.794,1470.612,801.8082,1053.171,2401.951,2327.687,2617.504,1220.17,3703.381,1576.555,2187.512
"2025-11-02 05:45:00",1106,"NAN",11.85,1811.492,2187.9,2305.222,1738.867,1259.179,1426.702,2142.434,3635.235,1376.45,689.6888,932.1496,2393.715,2292.65,2993.384,1115.24,4104.251,1483.432,2144.217,1938,2236.802,2336.8,1822.792,1368.648,1533.013,2196.622,3309.753,1471.879,801.6801,1053.181,2402.827,2327.071,2653.068,1221.811,3711.65,1578.557,2194.986
"2025-11-02 06:00:00",1107,"NAN",11.84,1812.837,2187.485,2306.674,1741.74,1260.432,1429.016,2142.231,3629.616,1377,688.7109,932.79,2386.74,2290.396,2989.508,1115.268,4099.374,1489.464,2147.098,1939.38,2234.38,2333.659,1825.681,1369.465,1534.917,2195.058,3322.895,1472.748,800.7173,1053.744,2393.125,2325.594,2593.537,1221.49,3704.177,1583.438,2196.997
"2025-11-02 06:15:00",1108,"NAN",11.86,1815.005,2188.771,2308.497,1744.021,1261.392,1430.563,2142.04,3623.759,1378.143,686.1664,933.511,2380.805,2294.265,2982.148,1116.907,4094.322,1486.791,2151.643,1940.574,2236.669,2337.629,1826.517,1369.674,1535.832,2196.357,3308.548,1472.021,796.4841,1053.424,2398.443,2325.517,2650.759,1222.327,3681.076,1580.565,2200.486
"2025-11-02 06:30:00",1109,"NAN",11.86,1817.829,2190.29,2309.737,1746.88,1263.246,1435.653,2143.264,3619.579,1380.066,683.5422,934.9756,2382.922,2296.776,2978.798,1118.481,4092.219,1489.55,2156.992,1943.91,2236.053,2335.622,1829.296,1371.074,1540.103,2196.77,3302.069,1473.875,794.3781,1054.631,2391.534,2328.668,2589.729,1223.062,3679.566,1582.399,2206.263
"2025-11-02 06:45:00",1110,"NAN",11.85,1816.824,2184.53,2311.613,1750.393,1265.821,1441.016,2143.441,3618.229,1381.985,686.2444,936.6356,2397.303,2299.869,2981.824,1121.063,4091.96,1493.26,2162.889,1942.176,2233.288,2341.608,1831.517,1372.534,1544.405,2195.291,3303.245,1475.292,795.2263,1054.859,2414.833,2330.459,2610.78,1225.209,3682.123,1585.465,2211.208
"2025-11-02 07:00:00",1111,"NAN",11.85,1850.844,2267.473,2315.706,1754.202,1268.495,1448.139,2144.392,3626.809,1385.512,688.9877,938.9088,2421.012,2334.95,3044.936,1124.904,4091.738,1497.609,2169.707,1970.597,2301.435,2344.336,1831.512,1370.851,1546.796,2194.514,3322.647,1472.822,792.8337,1052.811,2434.021,2360.357,2717.595,1223.004,3695.237,1583.455,2213.26
"2025-11-02 07:15:00",1112,"NAN",11.87,1853.615,2283.748,2318.88,1758.611,1271.051,1450.641,2147.166,3646.735,1388.885,689.7029,943.5557,2464.713,2337.964,3057.294,1128.628,4094.508,1501.667,2176.261,1972.117,2316.039,2345.844,1835.873,1373.301,1549.14,2196.348,3330.624,1476.117,794.502,1057.949,2463.459,2358.331,2737.436,1227.052,3700.879,1586.787,2219.06
"2025-11-02 07:30:00",1113,"NAN",11.87,1827.181,2237.607,2317.592,1758.824,1271.691,1447.76,2142.158,3679.529,1390.76,691.0996,942.7367,2511.952,2337.953,3066.136,1129.971,4103.312,1500.413,2182.406,1950.788,2277.507,2345.752,1836.579,1375.068,1547.53,2193.548,3366.216,1478.356,796.2195,1057.325,2504.878,2364.781,2748.015,1229.358,3726.127,1586.628,2226.465
"2025-11-02 07:45:00",1114,"NAN",11.87,1829.766,2247.158,2320.337,1760.537,1273.342,1446.681,2144.084,3716.267,1393.886,691.0802,943.9733,2557.802,2340.383,3084.043,1131.843,4115.518,1501.468,2191.403,1951.817,2283.727,2342.648,1837.716,1375.515,1545.188,2194.789,3390.164,1480.007,795.2623,1058.018,2404.725,2362.802,2770.812,1230.046,3716.601,1586.593,2233.73
"2025-11-02 08:00:00",1115,"NAN",11.84,1832.625,2257.223,2322.159,1762.649,1274.568,1445.891,2146.482,3757.934,1395.928,690.1505,945.0455,2607.733,2342.615,3104.072,1133.104,4123.534,1503.122,2200.675,1952.716,2290.915,2349.162,1838.116,1374.304,1542.703,2195.714,3437.859,1479.168,791.6636,1056.422,2564.99,2360.048,2836.19,1229.701,3744.82,1586.253,2241.707
"2025-11-02 08:15:00",1116,"NAN",11.86,1834.675,2270.55,2326.144,1765.617,1276.759,1447.299,2148.522,3813.957,1398.736,691.4191,947.0056,2667.406,2345.737,3124.577,1135.657,4130.37,1505.006,2210.732,1955.31,2303.988,2352.734,1840.416,1375.993,1543.441,2197.118,3485.024,1481.859,793.0447,1058.25,2566.135,2366.923,2835.388,1231.513,3740.164,1586.799,2247.948
"2025-11-02 08:30:00",1117,"NAN",11.86,1837.824,2283.919,2324.869,1765.082,1282.154,1448.456,2145.848,3861.969,1399.634,690.8693,947.2059,2726.433,2343.73,3133.311,1136.952,4114.169,1504.826,2217.119,1956.965,2314.119,2349.916,1835.733,1378.615,1542.176,2193.704,3549.219,1478.508,788.6182,1055.294,2515.454,2358.078,2882.053,1228.882,3744.833,1584.733,2253.5
"2025-11-02 08:45:00",1118,"NAN",11.86,1963.119,2334.251,2368.717,1896.383,1442.818,1603.147,2225.503,3418.105,1555.417,862.733,1119.644,2334.303,2364.938,2796.519,1300.825,3534.615,1656.877,2292.371,1968.343,2325.888,2347.124,1837.213,1374.965,1541.502,2192.901,3580.161,1479.297,786.5475,1055.005,2547.326,2360.279,2894.435,1229.793,3774.238,1586.031,2268.08
"2025-11-02 09:00:00",1119,"NAN",11.87,1963.829,2348.094,2370.067,1896.098,1443.596,1600.014,2223.483,3390.239,1555.848,862.8243,1119.05,2329.131,2381.109,2804.516,1301.295,3557.493,1656.869,2300.357,1968.436,2332.934,2348.566,1837.899,1376.201,1538.048,2194.672,3607.117,1478.3,786.0562,1056.273,2535.537,2361.194,2897.312,1229.974,3781.49,1586.911,2275.567
"2025-11-02 09:15:00",1120,"NAN",11.88,1967.067,2354.682,2361.619,1897.719,1446.55,1601.115,2226.731,3411.09,1557.016,858.1144,1120.23,2395.391,2374.592,2822.863,1303.935,3547.411,1659.471,2304.553,1969.521,2337.48,2349.473,1839.333,1377.864,1538.18,2194.296,3608.11,1479.9,780.973,1055.292,2577.836,2364.323,2944.854,1231.364,3789.58,1587.573,2283.792
"2025-11-02 09:30:00",1121,"NAN",11.83,1969.18,2344.056,2356.666,1897.444,1448.444,1603.11,2230.906,3427.229,1559.658,859.5995,1122.068,2345.738,2388.048,2843.564,1305.526,3542.166,1661.934,2311.512,1972.644,2339.042,2351.292,1837.14,1379.217,1539.977,2194.099,3608.75,1481.236,781.0731,1056.045,2613.479,2370.433,2979.29,1232.441,3793.698,1591.12,2293.261
"2025-11-02 09:45:00",1122,"NAN",11.86,1973.886,2363.958,2362.679,1901.257,1453.573,1614.017,2231.698,3399.967,1563.87,860.4244,1125.996,2419.603,2390.258,2871.36,1309.899,3539.623,1671.44,2334.525,1976.023,2352.022,2358.259,1840.808,1382.819,1548.539,2194.063,3611.373,1484.336,780.8841,1058.626,2661.09,2372.722,3011.75,1235.532,3788.216,1597.63,2309.276
"2025-11-02 10:00:00",1123,"NAN",11.86,1974.609,2374.226,2364.007,1902.265,1455.221,1619.813,2231.002,3404.764,1564.754,862.285,1127.543,2524.8,2374.753,2888.968,1311.003,3543.213,1667.662,2352.405,1977.943,2369.992,2355.937,1841.61,1384.916,1554.985,2195.18,3618.891,1484.313,781.6469,1059.663,2677.84,2372.779,3018.44,1235.503,3787.011,1594.031,2326.655
"2025-11-02 10:15:00",1124,"NAN",11.87,1973.253,2375.404,2367.997,1898.49,1454.279,1616.08,2228.868,3401.036,1563.483,862.2247,1126.254,2551.242,2375.983,2913.444,1308.853,3581.941,1666.106,2360.692,1975.84,2374.386,2358.461,1838.3,1383.327,1551.286,2193.075,3611.868,1482.903,782.0928,1058.887,2705.504,2367.272,3038.446,1233.343,3810.789,1592.224,2333.452
"2025-11-02 10:30:00",1125,"NAN",11.87,1975.139,2390.588,2356.269,1895.871,1455.967,1624.796,2230.249,3414.68,1565.418,855.4303,1126.64,2510.741,2393.043,2918.448,1309.132,3551.193,1667.121,2369.348,1978.123,2373.095,2358.207,1834.802,1385.118,1559.364,2193.479,3614.384,1484.568,774.4996,1058.186,2684.339,2367.729,3053.101,1233.381,3796.229,1592.147,2347.888
"2025-11-02 10:45:00",1126,"NAN",11.83,1973.983,2383.45,2373.74,1892.651,1455.734,1623.166,2228.824,3430.872,1563.339,848.7496,1126.006,2617.33,2388.439,2927.968,1307.675,3547.013,1665.339,2381.745,1976.824,2375.229,2351.019,1831.552,1384.468,1557.94,2192.35,3611.797,1483.106,768.008,1057.35,2734.114,2376.023,3073.122,1232.153,3798.036,1591.146,2356.343
"2025-11-02 11:00:00",1127,"NAN",11.87,1977.076,2400.209,2360.227,1896.55,1462.81,1637.982,2227.543,3385.864,1569.526,850.4728,1130.902,2681.956,2389.935,2939.216,1311.776,3562.672,1669.206,2387.367,1980.33,2383.921,2359.057,1834.002,1389.48,1571.592,2193.333,3604.781,1486.559,765.9666,1060.817,2766.677,2378.669,3083.59,1234.227,3807.597,1593.988,2372.889
"2025-11-02 11:15:00",1128,"NAN",11.86,1975.708,2383.844,2373.217,1894.611,1462.58,1641.387,2225.893,3383.077,1567.457,847.4945,1129.216,2645.772,2361.561,2923.359,1308.157,3568.009,1665.588,2404.672,1973.837,2386.93,2355.125,1827.237,1382.909,1569.707,2189.165,3625.839,1479.825,756.8757,1052.401,2844.871,2348.069,3073.876,1225.527,3823.524,1586.045,2392.226
"2025-11-02 11:30:00",1129,"NAN",11.85,1977.709,2397.761,2364.851,1898.926,1470.325,1663.209,2226.074,3375.036,1571.287,843.9253,1135.197,2704.491,2365.831,2937.974,1308.257,3528.677,1667.221,2419.038,1976.924,2405.147,2363.64,1831.683,1389.067,1589.763,2190.135,3647.167,1482.14,751.2488,1055.521,2828.219,2351.51,3114.438,1223.849,3827.784,1585.873,2408.422
"2025-11-02 11:45:00",1130,"NAN",11.86,1997.72,2411.216,2394.293,1940.373,1533.086,1758.501,2234.383,3383.689,1581.838,849.8821,1184.332,2743.708,2394.123,2973.657,1307.499,3510.641,1672.517,2447.969,1999.584,2444.457,2389.18,1873.125,1451.23,1686.431,2193.689,3618.11,1491.294,755.7119,1101.913,2889.005,2369.158,3156.332,1222.314,3810.973,1590.547,2443.519
"2025-11-02 12:00:00",1131,"NAN",11.86,2051.948,2395.304,2434.228,1992.166,1609.549,1851.75,2245.725,3357.29,1586.635,855.7668,1243.599,2783.189,2405.708,3025.13,1302.411,3504.182,1674.476,2418.924,2057.426,2469.521,2426.554,1928.84,1530.683,1783.835,2207.259,3617.289,1497.91,761.2103,1161.357,2970.259,2401.955,3231.202,1218.385,3811.657,1593.001,2474.245
"2025-11-02 12:15:00",1132,"NAN",11.86,2075.144,2284.337,2452.237,2040.089,1630.352,1885.871,2252.258,3358.724,1589.556,857.8568,1275.421,2846.545,2428.304,3090.142,1301.904,3492.721,1676.834,2332.868,2082.969,2478.15,2439.528,1978.648,1548.757,1819.03,2216.771,3614.896,1500.463,762.3784,1192.227,3021.438,2425.06,3272.084,1216.242,3798.862,1594.911,2501.238
"2025-11-02 12:30:00",1133,"NAN",11.85,2091.248,2319.774,2464.515,2061.45,1659.587,1900.973,2246.419,3364.356,1592.112,856.6283,1293.513,2907.042,2420.577,3144.16,1302.358,3490.248,1676.735,2298.123,2100.106,2597.912,2455.07,2002.544,1581.453,1835.121,2212.62,3623.053,1503.051,760.8964,1211.216,3075.372,2433.832,3334.707,1216.582,3798.053,1595.134,2525.894
"2025-11-02 12:45:00",1134,"NAN",11.85,2071.219,2419.349,2456.572,2070.238,1668.281,1896.433,2256.407,3350.955,1592.721,854.3336,1304.164,2937.028,2454.621,3150.418,1302.243,3493.879,1676.101,2388.567,2077.135,2546.631,2459.896,2010.445,1589.449,1829.503,2221.602,3632.533,1503.204,760.2001,1221.349,3113.979,2443.246,3370.648,1215.58,3815.421,1594.078,2493.994
"2025-11-02 13:00:00",1135,"NAN",11.85,2075.317,2518.337,2460.557,2069.313,1670.329,1893.156,2256.882,3370.142,1594.319,852.5385,1300.824,2960.584,2424.871,3150.601,1301.654,3491.811,1673.268,2519.877,2083.752,2542.514,2461.863,2011.076,1591.827,1826.699,2222.748,3606.637,1505.605,757.9046,1219.346,3140,2452.376,3387.379,1215.88,3798.57,1591.28,2499.752
"2025-11-02 13:15:00",1136,"NAN",11.87,2081.611,2376.411,2454.517,2071.361,1674,1899.584,2259.219,3356.564,1597.345,858.4302,1312.665,2961.991,2453.453,3180.062,1301.294,3482.005,1672.964,2526.259,2087.803,2548.836,2475.123,2011.975,1594.319,1831.96,2224.069,3626.036,1507.761,761.7272,1228.6,3163.856,2455.906,3423.543,1214.306,3807.454,1590.918,2564.573
"2025-11-02 13:30:00",1137,"NAN",11.86,2085.086,2423.94,2472.48,2069.842,1675.036,1907.06,2260.206,3387.816,1599.627,862.061,1317.516,2973.065,2479.595,3210.466,1302.19,3494.54,1674.718,2511.559,2092.359,2534.215,2464.819,2010.571,1595.596,1840.497,2224.671,3631.208,1509.473,764.6213,1234.667,3175.018,2488.666,3446.279,1213.969,3828.579,1593.381,2541.003
"2025-11-02 13:45:00",1138,"NAN",11.86,2072.619,2380.51,2469.745,2044.732,1667.396,1895.567,2259.437,3388.3,1596.057,859.8795,1311.335,2960.885,2470.123,3218.88,1305.024,3500.232,1667.631,2298.065,2080.066,2557.121,2479.046,1985.522,1586.879,1828.296,2224.997,3645.823,1506.704,762.3658,1227.35,3168.765,2469.77,3428.615,1216.142,3849.466,1586.522,2562.934
"2025-11-02 14:00:00",1139,"NAN",11.86,2070.676,2381.749,2458.386,2049.519,1658.079,1871.273,2257.731,3389.522,1591.571,857.6165,1300.919,2960.065,2437.476,3183.756,1305.486,3541.785,1664.25,2294.178,2076.436,2524.416,2457.972,1989.452,1576.219,1802.285,2219.86,3663.072,1501.552,759.1185,1216.193,3166.701,2471.85,3437.043,1216.373,3845.159,1581.059,2512.105
"2025-11-02 14:15:00",1140,"NAN",11.87,2050.259,2399.825,2444.29,2017.631,1623.053,1838.528,2244.265,3372.086,1582.039,852.3763,1275.123,2948.313,2425.476,3179.667,1301.994,3549.797,1658.549,2369.325,2042.527,2525.507,2449.387,1942.491,1523.987,1752.839,2200.978,3724.49,1478.433,735.1617,1172.21,3201.886,2457.865,3494.442,1198.155,3935.115,1563.748,2535.679
"2025-11-02 14:30:00",1141,"NAN",11.85,2027.832,2462.449,2439.208,1984.492,1595.966,1793.232,2231.9,3376.038,1573.847,846.9736,1247.828,2922.596,2416.593,3181.405,1297.923,3550.418,1651.993,2423.932,2013.969,2499.634,2433.723,1904.502,1491.884,1701.593,2183.088,3747.287,1466.957,725.4722,1140.476,3184.709,2439.406,3491.402,1189.896,3965.21,1554.647,2525.178
"2025-11-02 14:45:00",1142,"NAN",11.86,2008.218,2469.734,2408.9,1958.262,1574.945,1755.646,2222.489,3390.435,1566.393,844.4639,1228.952,2901.757,2429.51,3187.051,1295.334,3566.503,1649.258,2332.543,1990.055,2475.692,2412.531,1874.639,1468.559,1660.621,2172.037,3744.466,1458.228,722.161,1119.848,3129.719,2423.181,3478.441,1186.072,3991.475,1550.231,2512.627
"2025-11-02 15:00:00",1143,"NAN",11.85,1990.779,2447.709,2407.221,1936.557,1558.377,1731.183,2215.786,3353.41,1562.213,841.1716,1211.419,2871.035,2404.027,3148.375,1293.438,3540.031,1646.151,2478.035,1970.27,2449.075,2399.514,1849.385,1450.573,1633.541,2164.961,3746.631,1453.651,715.1077,1100.973,3134.211,2408.995,3473.673,1183.794,3999.162,1546.161,2496.962
"2025-11-02 15:15:00",1144,"NAN",11.86,1975.669,2433.061,2388.637,1920.164,1544.34,1715.196,2214.543,3388.546,1559.072,844.4814,1197.761,2851.894,2402.129,3130.547,1291.08,3554.931,1642.371,2425.266,1953.476,2432.818,2384.061,1830.885,1434.926,1615.706,2159.643,3742.234,1447.993,723.2086,1086.174,3111.565,2405.504,3460.548,1180.585,3999.979,1541.006,2486.874
"2025-11-02 15:30:00",1145,"NAN",11.87,1962.968,2423.942,2373.722,1905.695,1531.16,1699.645,2210.882,3371.141,1554.206,842.0572,1185.412,2828.805,2395.664,3147.466,1288.402,3550.855,1638.504,2463.233,1938.382,2412.067,2369.471,1814.324,1420.362,1598.476,2154.288,3744.782,1442.914,719.6195,1072.852,3086.602,2400.164,3453.795,1177.069,4001.688,1536.327,2473.74
"2025-11-02 15:45:00",1146,"NAN",11.84,1953.716,2412.98,2378.032,1893.495,1520.232,1685.871,2204.906,3352.754,1551.121,836.5376,1174.969,2738.338,2398.616,3109.053,1287.559,3544.148,1635.71,2387.938,1927.438,2401.302,2358.295,1800.786,1407.271,1581.725,2150.058,3761.351,1438.468,707.0843,1060.021,3047.669,2394.734,3436.988,1174.566,4010.914,1533.091,2462.074
"2025-11-02 16:00:00",1147,"NAN",11.84,1946.606,2397.772,2356.83,1883.687,1514.407,1674.485,2204.042,3356.235,1548.792,838.6627,1165.841,2774.276,2394.835,3105.295,1286.614,3553.534,1634.28,2450.737,1918.551,2386.855,2345.527,1790.022,1400.876,1570.363,2147.022,3765.58,1435.534,710.2852,1050.475,3028.562,2392.391,3425.084,1172.842,4025.053,1530.743,2452.141
"2025-11-02 16:15:00",1148,"NAN",11.87,1940.785,2391.107,2349.502,1875.276,1501.525,1662.04,2201.581,3378.002,1545.494,834.0909,1156.683,2776.102,2397.77,3094.96,1284.836,3576.492,1630.051,2431.893,1911.413,2375.435,2334.984,1778.985,1385.79,1556.218,2143.269,3763.677,1431.567,702.8115,1039.989,3003.695,2387.151,3421.868,1170.324,4028.293,1526.086,2438.485
"2025-11-02 16:30:00",1149,"NAN",11.85,1938.097,2375.266,2343.504,1866.461,1494.238,1652.87,2199.517,3367.091,1543.962,830.1152,1149.324,2720.643,2398.268,3102.742,1284.675,3583.417,1629.151,2418.639,1907.281,2362.093,2325.443,1769.755,1378.179,1545.708,2142.181,3765.058,1429.636,698.0744,1032.315,3020.217,2386.469,3412.323,1169.455,4024.383,1524.497,2430.435
"2025-11-02 16:45:00",1150,"NAN",11.86,1935.87,2378.921,2337.639,1862.488,1489.483,1650.671,2199.128,3381.771,1544.374,834.3564,1144.059,2742.331,2386.504,3081.728,1285.481,3553.85,1630.532,2419.58,1904.769,2355.496,2318.864,1764.476,1372.495,1543.09,2141.056,3774.354,1429.625,702.7737,1025.84,3053.5,2386.513,3398.612,1169.206,4025.927,1524.937,2428.59
"2025-11-02 17:00:00",1151,"NAN",11.84,1934.479,2363.032,2339.133,1859.35,1484.735,1652.555,2200.62,3385.615,1545.409,833.3802,1140.705,2741.97,2401.251,3078.699,1286.355,3573.515,1632.643,2440.947,1903.326,2353.896,2313.009,1762.016,1367.503,1544.826,2142.809,3778.041,1429.502,701.6143,1022.354,3047.053,2386.095,3402.851,1169.876,4036.878,1526.814,2434.315
"2025-11-02 17:15:00",1152,"NAN",11.87,1933.061,2377.281,2336.243,1854.771,1478.497,1648.461,2200.2,3407.657,1543.786,849.864,1135.899,2778.987,2395.841,3076.733,1284.759,3559.616,1636.522,2445.319,1898.806,2350.856,2301.994,1754.61,1359.036,1538.257,2139.718,3782.003,1426.477,716.9372,1015.907,3062.41,2384.097,3400.403,1167.154,4046.426,1528.964,2436.887
"2025-11-02 17:30:00",1153,"NAN",11.86,1927.921,2359.351,2323.613,1845.245,1469.598,1635.106,2195.62,3409.937,1538.525,839.7628,1128.447,2768.556,2394.857,3070.412,1280.674,3597.324,1627.969,2438.98,1893.109,2343.605,2291.681,1744.248,1349.488,1524.191,2135.978,3789.722,1421.243,705.1982,1007.851,3010.205,2382.517,3405.108,1162.752,4057.117,1520.635,2430.001
"2025-11-02 17:45:00",1154,"NAN",11.86,1924.908,2363.283,2312.785,1836.981,1462.749,1619.606,2193.532,3384.211,1533.754,832.6548,1123.105,2697.711,2385.348,3074.152,1277.574,3599.143,1625.071,2420.8,1888.734,2333.874,2282.149,1735.673,1342.175,1507.427,2132.107,3801.191,1416.778,698.8509,1001.536,3002.202,2377.402,3398.805,1159.093,4063.363,1516.849,2415.871
"2025-11-02 18:00:00",1155,"NAN",11.86,1923.341,2344.014,2318.476,1833.469,1458.189,1611.246,2195.523,3418.893,1533.741,833.019,1118.863,2670.763,2378.465,3051.321,1276.889,3600.207,1624.658,2406.928,1886.705,2326.058,2281.163,1731.443,1337.183,1498.474,2133.518,3799.301,1415.727,700.5632,997.3138,2975.077,2375.937,3380.931,1158.095,4073.728,1515.924,2398.625
"2025-11-02 18:15:00",1156,"NAN",11.85,1921.465,2346.305,2314.168,1829.055,1452.867,1599.693,2191.215,3382.496,1531.685,844.4276,1115.556,2596.073,2383.199,3027.44,1275.497,3601.256,1622.292,2396.401,1883.887,2315.749,2275.463,1725.784,1330.97,1485.458,2130.269,3808.37,1412.886,715.826,994.0125,2944.41,2372.967,3359.198,1156.224,4084.373,1512.816,2382.34
"2025-11-02 18:30:00",1157,"NAN",11.86,1917.548,2337.773,2302.418,1822.487,1445.452,1587.429,2191.008,3377.099,1527.467,851.5054,1112.302,2523.242,2392.824,3049.697,1272.692,3592.201,1617.961,2371.329,1881.159,2305.917,2270.806,1720.493,1325.239,1475.197,2131.085,3804.442,1410.942,720.4992,992.473,2910.968,2401.902,3384.019,1155.416,4088.115,1510.359,2362.867
"2025-11-02 18:45:00",1158,"NAN",11.85,1916.402,2322.3,2298.754,1820.172,1440.391,1580.835,2192.821,3386.387,1524.948,855.3733,1107.545,2527.543,2399.015,3061.88,1271.468,3601.672,1616.536,2373.151,1880.598,2297.858,2265.704,1717.352,1320.592,1468.89,2130.523,3793.607,1408.65,724.4099,987.763,2877.1,2399.617,3361.993,1154.634,4075.525,1508.772,2345.312
"2025-11-02 19:00:00",1159,"NAN",11.86,1915.871,2316.279,2301.046,1815.467,1435.362,1572.863,2189.758,3360.124,1521.838,857.1073,1105.203,2417.372,2391.149,3017.986,1270.057,3579.763,1614.671,2353.563,1878.741,2286.367,2258.828,1712.118,1314.614,1460.125,2128.035,3782.039,1404.777,726.2339,984.9718,2837.948,2393.045,3339.674,1152.077,4078.35,1506.371,2324.44
"2025-11-02 19:15:00",1160,"NAN",11.85,1915.983,2307.874,2291.826,1812.636,1430.587,1566.866,2188.049,3370.363,1521.171,841.3493,1102.673,2450.12,2405.389,3005.33,1269.259,3569.012,1613.897,2337.073,1877.233,2276.947,2255.022,1709.082,1309.619,1452.92,2127.095,3779.039,1402.862,706.6995,981.8871,2814.41,2393.792,3313.753,1150.601,4074.708,1505.798,2308.657
"2025-11-02 19:30:00",1161,"NAN",11.83,1912.693,2300.051,2288.291,1809.118,1424.408,1560.623,2185.896,3361.413,1517.151,828.6161,1098.495,2366.586,2386.242,2995.707,1265.987,3585.152,1610.787,2333.07,1877.434,2271.178,2252.934,1707.468,1306.232,1449.664,2128.182,3771.077,1401.729,694.1504,980.6491,2791.476,2391.064,3298.69,1151.025,4068.024,1504.556,2297.906
"2025-11-02 19:45:00",1162,"NAN",11.85,1910.507,2301.772,2283.625,1800.558,1421.309,1549.078,2183.583,3357.454,1511.234,822.3293,1094.114,2369.051,2390.688,2970.189,1261.725,3593.261,1605.923,2316.028,1876.684,2264.065,2246.384,1701.766,1305.85,1440.248,2124.039,3752.488,1398.113,692.9147,979.1855,2756.997,2382.41,3266.739,1148.515,4049.207,1502.678,2278.598
"2025-11-02 20:00:00",1163,"NAN",11.87,1911.279,2298.555,2282.13,1802.021,1414.427,1551.832,2183.057,3391.03,1511.375,827.8841,1093.599,2363.583,2386.868,2956.918,1262.143,3571.944,1608.257,2308.898,1876.567,2260.699,2246.041,1704.214,1298.721,1443.602,2126.298,3750.203,1397.844,695.9053,979.271,2736.186,2383.587,3256.378,1149.327,4054.003,1504.703,2271.612
"2025-11-02 20:15:00",1164,"NAN",11.86,1910.759,2287.765,2287.405,1806.838,1413.377,1555.625,2187.224,3364.37,1512.054,824.7246,1094.077,2358.336,2381.425,2947.158,1263.767,3584.86,1610.578,2307.443,1876.854,2255.698,2246.686,1708.237,1297.142,1446.859,2129.059,3759.559,1399.399,697.9907,978.9684,2724.714,2381.624,3244.694,1150.794,4066.1,1507.488,2270.996
"2025-11-02 20:30:00",1165,"NAN",11.86,1925.132,2306.514,2285.057,1809.104,1411.228,1556.701,2188.657,3353.351,1512.199,828.2802,1093.887,2377.875,2387.235,2933.093,1263.893,3576.403,1611.78,2306.024,1903.315,2304.018,2246.554,1710.471,1294.993,1447.401,2132.001,3758.603,1399.055,710.7618,978.7543,2694.066,2380.429,3232.298,1150.759,4067.332,1508.299,2266.559
"2025-11-02 20:45:00",1166,"NAN",11.87,1938.574,2335.342,2287.173,1814.416,1411.237,1560.717,2191.645,3370.296,1514.414,821.9872,1094.758,2395.291,2380.76,2941.277,1266.592,3605.482,1614.651,2307.926,1905.611,2307.853,2249.135,1716.222,1294.621,1451.665,2135.514,3753.157,1400.829,696.9141,979.2813,2677.242,2385.133,3228.763,1153.117,4082.117,1511.207,2267.688
"2025-11-02 21:00:00",1167,"NAN",11.86,1913.54,2324.355,2288.015,1817.918,1409.826,1562.577,2195.811,3367.289,1514.396,822.9128,1095.467,2330.388,2379.892,2923.21,1266.75,3582.515,1619.661,2303.031,1906.404,2306.812,2248.869,1719.21,1292.495,1452.88,2137.157,3752.355,1399.94,695.4324,979.2246,2712.632,2383.402,3230.41,1152.227,4083.515,1515.37,2266.152
"2025-11-02 21:15:00",1168,"NAN",11.86,1914.17,2283.864,2279.281,1812.746,1405.552,1556.603,2191.169,3338.918,1509.775,821.452,1094.078,2324.17,2376.365,2903.279,1263.788,3578.156,1612.412,2295.895,1879.82,2251.765,2239.629,1713.558,1287.778,1446.995,2131.423,3728.559,1395.078,690.581,977.4493,2656.57,2375.409,3197.202,1149.315,4058.615,1507.637,2253.416
"2025-11-02 21:30:00",1169,"NAN",11.86,1916.12,2292.715,2284.367,1820.4,1406.661,1562.626,2195.716,3366.102,1513.283,819.6974,1094.8,2419.124,2377.92,2905.117,1266.558,3574.882,1617.091,2296.511,1880.98,2252.329,2242.884,1721.221,1289.142,1452.443,2136.801,3742.645,1398.425,688.2579,978.2764,2677.358,2379.988,3195.593,1152.016,4078.855,1512.271,2263.239
"2025-11-02 21:45:00",1170,"NAN",11.84,1916.616,2287.86,2279.99,1823.5,1406.125,1564.746,2197.717,3352.456,1513.91,822.5308,1095.729,2315.952,2394.378,2910.696,1267.843,3600.415,1618.733,2299.891,1880.584,2253.999,2241.807,1723.433,1285.789,1452.759,2138.906,3762.245,1397.006,689.4572,976.6488,2711.873,2381.974,3221.159,1151.15,4086.651,1512.664,2266.084
"2025-11-02 22:00:00",1171,"NAN",11.86,1918.033,2291.161,2277.462,1825.436,1405.278,1565.666,2196.481,3339.13,1513.007,821.3308,1096.464,2329.148,2381.996,2909.897,1268.714,3568.028,1620.561,2302.998,1873.073,2251.494,2237.203,1716.329,1273.738,1442.88,2133.483,3801.159,1387.58,676.2668,965.431,2738.319,2377.027,3253.716,1141.322,4135.688,1505.981,2262.288
"2025-11-02 22:15:00",1172,"NAN",11.86,1918.051,2293.813,2282.453,1828.069,1403.395,1566.306,2200.259,3376.041,1512.405,820.114,1098.905,2436.92,2376.872,2906.696,1268.324,3576.369,1621.6,2299.478,1872.569,2251.013,2236.89,1718.325,1271.674,1443.293,2135.583,3807.945,1386.497,675.6688,968.1403,2704.683,2376.435,3246.837,1141.169,4138.122,1506.592,2262.758
"2025-11-02 22:30:00",1173,"NAN",11.86,1919.143,2297.308,2278.808,1829.68,1403.03,1567.966,2202.285,3369.173,1512.748,820.3181,1096.474,2326.211,2379.795,2912.585,1269.932,3568.787,1624.037,2308.466,1873.029,2252.572,2237.22,1719.688,1270.094,1444.245,2135.358,3810.008,1386.258,676.3088,964.9588,2737.464,2377.552,3253.527,1141.674,4139.129,1508.221,2263.082
"2025-11-02 22:45:00",1174,"NAN",11.83,1920.404,2294.897,2284.537,1831.003,1401.085,1567.987,2199.702,3382.228,1513.126,814.1808,1096.901,2387.198,2382.083,2886.994,1269.912,3577.993,1623.455,2300.974,1869.943,2250.987,2234.695,1716.862,1262.452,1439.104,2134.419,3831.83,1380.357,664.3137,959.5054,2717.776,2373.497,3261.017,1135.925,4163.689,1503.293,2260.092
"2025-11-02 23:00:00",1175,"NAN",11.86,1919.959,2292.227,2287.132,1835.455,1400.89,1571.43,2205.429,3379.055,1515.397,800.1628,1096.186,2316.229,2393.793,2913.46,1271.583,3581.302,1625.321,2308.632,1868.493,2249.74,2235.844,1718.883,1259.832,1440.101,2135.777,3840.536,1381.464,646.9866,956.2338,2742.713,2374.976,3271.115,1135.429,4179.728,1502.643,2262.703
"2025-11-02 23:15:00",1176,"NAN",11.84,1920.432,2290.33,2279.776,1836.413,1399.502,1571.588,2203.01,3385.026,1514.465,786.1797,1096.939,2362.203,2386.892,2904.423,1270.782,3607.338,1624.868,2308.29,1868.483,2247.351,2235.377,1721.477,1259.785,1441.418,2137.462,3839.563,1381.013,634.6795,958.6371,2732.358,2373.626,3264.819,1136.487,4178.292,1503.754,2261.871
"2025-11-02 23:30:00",1177,"NAN",11.87,1920.685,2289.483,2276.113,1829.599,1400.392,1565.518,2200.912,3364.48,1509.298,800.8466,1095.192,2374.844,2374.348,2870.56,1267.56,3558.297,1620.557,2297.694,1869.723,2243.27,2227.929,1714.281,1260.884,1435.571,2130.734,3814.592,1376.615,649.1638,957.0128,2702.994,2366.14,3234.943,1133.063,4149.352,1499.469,2247.427
"2025-11-02 23:45:00",1178,"NAN",11.86,1918.458,2284.277,2279.582,1834.957,1394.108,1568.314,2203.097,3378.101,1510.662,813.7427,1094.696,2318.516,2388.353,2889.303,1267.478,3577.766,1622.211,2302.711,1868.367,2238.375,2233.845,1721.013,1255.786,1439.199,2135.849,3826.739,1379.088,664.0373,957.3602,2675.72,2366.982,3246.937,1134.021,4169.215,1501.974,2255.139
"2025-11-03 00:00:00",1179,"NAN",11.83,1918.748,2283.127,2287.096,1838.111,1394.525,1571.123,2204.989,3355.1,1512.14,833.4344,1095.646,2508.525,2372.646,2887.791,1269.16,3605.536,1624.331,2303.804,1868.059,2236.939,2235.995,1722.412,1254,1440.62,2138.601,3833.76,1378.578,682.1473,956.5465,2695.341,2368.134,3251.082,1133.929,4186.779,1502.304,2257.228
"2025-11-03 00:15:00",1180,"NAN",11.85,1919.594,2280.08,2280.418,1842.865,1395.031,1572.861,2209.613,3371.267,1512.487,834.238,1097.257,2448.246,2373.435,2875.093,1270.113,3597.481,1625.296,2306.381,1866.186,2235.16,2235.719,1725.526,1251.594,1439.503,2139.367,3847.684,1376.996,680.1551,955.2433,2687.194,2367.632,3259.328,1132.205,4203.034,1501.076,2259.284
"2025-11-03 00:30:00",1181,"NAN",11.83,1919.085,2286.967,2281.579,1844.642,1393.805,1572.427,2209.406,3388.237,1512.177,834.4372,1096.372,2326.527,2371.12,2870.75,1269.617,3603.138,1625.026,2308.607,1865.689,2234.946,2234.851,1726.391,1249.581,1438.745,2138.512,3848.154,1375.608,679.2009,953.1866,2690.562,2363.778,3255.559,1130.69,4203.524,1499.906,2261.458
"2025-11-03 00:45:00",1182,"NAN",11.86,1918.826,2280.289,2280.25,1843.945,1391.968,1571.432,2209.657,3351.447,1510.157,797.3186,1089.667,2388.536,2381.026,2876.083,1268.115,3602.602,1628.418,2304.99,1865.616,2234.168,2235.741,1727.651,1249.31,1439.351,2139.252,3849.135,1375.533,644.605,948.7237,2695.884,2361.676,3255.433,1131.24,4203.411,1505.222,2262.32
"2025-11-03 01:00:00",1183,"NAN",11.87,1919.142,2279.362,2285.035,1845.831,1391.382,1571.155,2208.84,3358.892,1511.031,816.5751,1091.383,2350.436,2378.705,2873.078,1268.674,3609.92,1625.234,2313.025,1866.404,2233.155,2235.707,1729.757,1249.043,1438.739,2138.576,3853.284,1376.143,663.3184,950.3708,2701.94,2361.593,3257.04,1131.565,4202.583,1502.137,2264.648
"2025-11-03 01:15:00",1184,"NAN",11.86,1918.479,2281.273,2286.404,1846.933,1390.35,1570.425,2208.967,3396.963,1510.083,822.0696,1091.599,2327.962,2374.194,2887.376,1267.748,3618.551,1625.334,2311.615,1866.008,2230.545,2234.673,1731.038,1248.888,1439.05,2138.698,3852.197,1375.585,669.7146,952.1123,2695.445,2362.143,3255.548,1131.356,4202.845,1502.834,2266.128
"2025-11-03 01:30:00",1185,"NAN",11.86,1918.229,2279.722,2279.404,1841.362,1388.67,1566.672,2204.965,3370.4,1508.002,822.1232,1091.493,2323.035,2371.859,2861.234,1266.285,3613.387,1623.483,2307.757,1865.508,2227.525,2230.779,1724.635,1246.7,1435.108,2134.196,3839.857,1373.162,669.9611,951.6035,2680.119,2351.503,3239.52,1129.624,4184.865,1500.764,2259.67
"2025-11-03 01:45:00",1186,"NAN",11.82,1919.596,2272.584,2278.419,1844.295,1389.321,1569.542,2206.451,3355.298,1509.159,824.6021,1092.659,2477.604,2373.828,2864.534,1267.07,3594.771,1625.536,2308.332,1975.538,2280.024,2283.881,1845.611,1392.445,1574.851,2209.956,3373.3,1514.231,825.618,1103.588,2334.118,2386.815,2888.687,1276.697,3640.78,1636.425,2306.869
"2025-11-03 02:00:00",1187,"NAN",11.85,1919.54,2276.879,2282.537,1848.511,1388.879,1570.793,2208.24,3394.57,1510.027,827.4791,1095.867,2328.343,2381.973,2883.783,1268.206,3630.769,1626.733,2306.85,1978.004,2280.24,2292.235,1853.318,1397.406,1580.983,2215.061,3372.739,1519.238,834.2971,1112.366,2514.643,2376.292,2890.632,1283.014,3642.919,1643.081,2318.602
"2025-11-03 02:15:00",1188,"NAN",11.87,1920.713,2275.145,2283.085,1847.94,1387.987,1571.058,2205.385,3390.762,1510.161,830.6812,1093.526,2314.143,2379.18,2880.139,1268.188,3606.076,1626.897,2307.366,1980.276,2283.771,2290.645,1853.549,1397.438,1582.676,2216.599,3371.812,1519.413,837.4724,1110.35,2338.639,2376.495,2887.174,1283.116,3619.655,1643.505,2313.205
"2025-11-03 02:30:00",1189,"NAN",11.85,1919.634,2274.292,2278.031,1842.989,1384.386,1566.64,2202.411,3378.301,1506.282,829.5432,1091.856,2405.659,2362.289,2864.064,1265.343,3581.104,1624.018,2300.306,1981.04,2283.92,2285.535,1849.81,1395.488,1579.69,2212.998,3360.508,1518.378,839.0756,1110.548,2363.792,2374.431,2880.63,1282.575,3610.483,1643.159,2314.604
"2025-11-03 02:45:00",1190,"NAN",11.87,1920.068,2266.74,2278.938,1848.108,1384.019,1569.582,2208.905,3395.558,1507.867,832.3485,1091.81,2405.078,2365.96,2869.045,1265.865,3631.663,1627.215,2307.191,1983.546,2277.349,2295.637,1857.607,1398.102,1585.067,2217.16,3368.093,1521.717,844.9615,1113.581,2391.284,2375.653,2883.719,1285.888,3628.146,1647.747,2314.159
"2025-11-03 03:00:00",1191,"NAN",11.84,1919.732,2271.344,2279.632,1843.74,1381.161,1565.021,2202.093,3349.298,1505.056,832.1003,1090.133,2373.517,2361.844,2864.508,1263.85,3619.378,1624.429,2300.56,1984.6,2282.09,2287.961,1855.073,1396.84,1581.951,2214.402,3374.204,1521.094,845.6392,1113.032,2337.275,2374.774,2874.864,1284.438,3595.29,1647.136,2307.206
"2025-11-03 03:15:00",1192,"NAN",11.86,1921.708,2265.945,2277.563,1845.212,1385.935,1565.836,2202.334,3353.455,1505.933,833.2253,1090.367,2332.693,2345.011,2767.847,1262.937,3607.997,1625.316,2305.47,1986.448,2276.561,2290.962,1856.975,1402.547,1583.714,2215.148,3357.728,1522.338,847.3285,1114.285,2405.566,2355,2822.368,1285.419,3625.065,1648.049,2311.098
"2025-11-03 03:30:00",1193,"NAN",11.86,1911.407,2261.423,2273.792,1836.364,1368.486,1552.07,2196.421,3371.968,1492.359,819.6984,1077.718,2344.834,2345.412,2813.77,1250.902,3621.086,1612.547,2297.368,1986.615,2278.221,2290.767,1858.314,1397.831,1582.479,2213.312,3386.502,1521.124,848.2437,1115.229,2359.878,2366.623,2818.511,1285.746,3619.004,1647.868,2311.488
"2025-11-03 03:45:00",1194,"NAN",11.87,1913.934,2264.5,2272.633,1837.787,1370.341,1552.049,2194.224,3380.77,1494.4,823.2849,1080.156,2349.683,2350.049,2818.974,1252.979,3612.308,1614.24,2292.359,1987.362,2283.443,2285.845,1859.212,1398.412,1580.372,2212.722,3367.319,1521.629,850.122,1116.011,2387.028,2366.678,2844.36,1286.408,3590.604,1648.054,2307.395
"2025-11-03 04:00:00",1195,"NAN",11.87,1916.876,2262.555,2282.362,1848.283,1374.728,1560.482,2202.552,3407.83,1500.201,826.8641,1083.648,2341.842,2344.077,2831.215,1258.711,3624.926,1620.835,2304.524,1989.599,2283.037,2294.955,1869.153,1401.603,1588.009,2221.583,3382.86,1526.844,852.1523,1117.411,2348.417,2370.072,2834.284,1290.842,3625.042,1653.394,2323.771
"2025-11-03 04:15:00",1196,"NAN",11.84,1918.697,2267.098,2271.372,1843.112,1372.122,1555.585,2196.898,3397.822,1497.523,827.2096,1082.744,2393.075,2355.147,2828.961,1256.621,3610.976,1616.878,2299.47,1992.446,2278.035,2292.146,1863.25,1399.014,1583.23,2213.857,3367.087,1524.09,852.9343,1117.036,2384.815,2370.395,2815.465,1288.775,3597.955,1649.904,2312.766
"2025-11-03 04:30:00",1197,"NAN",11.87,1918.698,2261.557,2283.398,1853.974,1375.538,1561.91,2207.286,3382.504,1501.448,829.8126,1085.135,2353.325,2355.271,2776.117,1260.275,3625.792,1625.549,2309.396,1992.118,2279.364,2301.344,1874.837,1403.948,1589.873,2225.231,3405.993,1529.444,856.774,1120.761,2327.799,2369.408,2806.329,1293.709,3625.108,1659.765,2326.687
"2025-11-03 04:45:00",1198,"NAN",11.87,1919.995,2265.992,2280.707,1855.516,1376.354,1563.177,2206.017,3392.475,1502.587,830.1232,1084.812,2347.744,2346.043,2814.566,1261.432,3644.981,1622.174,2314.626,1994.812,2283.211,2299.153,1876.719,1404.823,1592.103,2226.504,3362.998,1530.188,857.2305,1121.162,2324.728,2361.889,2808.643,1295.42,3618.052,1656.293,2330.22
"2025-11-03 05:00:00",1199,"NAN",11.86,1918.858,2266.02,2275.449,1846.496,1371.537,1554.819,2197.605,3373.517,1496.323,827.4714,1081.862,2500.046,2349.784,2787.665,1256.117,3605.78,1615.451,2301.32,1994.755,2280.125,2293.161,1869.068,1401.782,1585.496,2218.407,3347.322,1525.855,857.0872,1120.179,2379.936,2371.512,2802.302,1292.092,3596.046,1651.689,2318.729
"2025-11-03 05:15:00",1200,"NAN",11.85,1917.823,2262.163,2279.218,1855.489,1373.173,1560.589,2206.367,3393.702,1499.277,827.9514,1082.238,2510.419,2345.815,2821.223,1258.938,3671.08,1619.32,2309.528,1996.139,2284.306,2295.298,1879.914,1406.034,1593.967,2225.075,3368.75,1532.268,860.1592,1123.208,2315.232,2359.874,2820.492,1297.775,3614.137,1657.646,2325.025
"2025-11-03 05:30:00",1201,"NAN",11.86,1917.046,2262.802,2267.226,1843.888,1366.455,1550.726,2195.563,3386.821,1491.845,822.0889,1077.585,2453.022,2353.297,2821.275,1252.377,3617.67,1612.071,2298.623,1997.632,2280.55,2292.138,1871.234,1402.448,1586.202,2220.91,3345.612,1526.819,857.0459,1121.338,2510.146,2361.579,2832.201,1294.152,3582.954,1653.568,2319.488
"2025-11-03 05:45:00",1202,"NAN",11.86,1914.367,2258.109,2281.405,1852.289,1366.907,1555.462,2204.496,3419.889,1492.489,822.0691,1078.866,2366.35,2343.814,2808.914,1253.063,3654.239,1614.982,2312.746,1997.862,2286.913,2296.844,1882.846,1406.432,1595.465,2227.771,3400.262,1532.053,861.9625,1127.31,2314.939,2361.033,2808.769,1298.903,3606.712,1660.393,2328.184
"2025-11-03 06:00:00",1203,"NAN",11.85,1892.096,2249.23,2267.573,1829.361,1337.7,1529.223,2188.102,3476.445,1465.732,793.2555,1047.169,2413.033,2342.307,2851.59,1224.241,3734.214,1588.805,2305.914,1995.42,2287.021,2299.911,1883.211,1405.418,1595.546,2228.442,3363.816,1532.096,863.2781,1125.078,2334.957,2362.007,2812.537,1298.669,3634.117,1660.674,2329.068
"2025-11-03 06:15:00",1204,"NAN",11.87,1892.402,2248.556,2264.587,1829.55,1337.154,1529.291,2188.594,3486.153,1465.768,794.1704,1047.576,2476.102,2338.108,2793.44,1225.08,3736.87,1589.593,2307.149,1998.82,2282.151,2302.896,1884.867,1407.561,1597.431,2227.917,3371.625,1534.531,865.5867,1126.573,2312.022,2369.587,2827.3,1300.938,3619.306,1663.343,2337.301
"2025-11-03 06:30:00",1205,"NAN",11.87,1894.008,2250.221,2266.414,1830.887,1337.463,1530.473,2189.406,3495.198,1467.55,793.6161,1047.77,2406.309,2343.646,2846.281,1226.273,3753.375,1590.666,2309.352,1999.984,2288.519,2297.074,1887.035,1408.14,1598.412,2230.114,3360.76,1535.9,863.861,1127.791,2414.429,2362.831,2812.381,1302.432,3614.667,1665.089,2333.812
"2025-11-03 06:45:00",1206,"NAN",11.84,1895.939,2251.4,2268.641,1833.634,1339.341,1532.088,2191.485,3488.031,1470.126,794.0693,1050.087,2539.756,2343.047,2857.557,1228.568,3728.96,1593.246,2306.971,2003.052,2290.971,2298.897,1890.104,1410.899,1601.57,2235.086,3409.003,1539.948,867.1961,1131.708,2403.765,2369.363,2826.526,1305.65,3611.167,1668.643,2338.336
"2025-11-03 07:00:00",1207,"NAN",11.87,1895.198,2252.906,2266.555,1834.193,1343.027,1531.543,2193.04,3475.658,1469.573,789.8885,1050.275,2430.788,2344.632,2862.733,1227.99,3747.321,1592.905,2311.684,2002.537,2291.89,2306.728,1890.499,1414.256,1601.146,2236.035,3363.382,1539.439,862.9531,1131.206,2468.658,2368.695,2814.262,1305.128,3608.612,1667.51,2334.91
"2025-11-03 07:15:00",1208,"NAN",11.84,1895.623,2250.144,2267.474,1834.34,1338.128,1530.201,2192.787,3480.658,1469.279,781.4758,1049.092,2416.952,2338.963,2840.015,1227.265,3751.817,1593.4,2307.826,2001.556,2290.613,2304.346,1890.583,1408.578,1599.094,2235.05,3373.284,1537.761,853.5229,1129.086,2399.301,2365.121,2808.486,1303.593,3611.756,1667.318,2333.56
"2025-11-03 07:30:00",1209,"NAN",11.84,1897.074,2251.855,2268.292,1835.804,1339.554,1530.831,2193.889,3497.373,1471.117,791.6599,1050.453,2481.44,2342.013,2855.15,1229.122,3731.066,1593.811,2311.949,2004.319,2286.444,2303.85,1891.57,1410.943,1600.715,2236.262,3385.458,1540.831,864.8407,1131.566,2331.435,2365.872,2824.699,1305.966,3609.959,1669.414,2346.383
"2025-11-03 07:45:00",1210,"NAN",11.86,1897.779,2252.48,2270.645,1836.883,1340.114,1531.519,2194.14,3508.098,1472.375,791.5601,1050.854,2614.095,2337.71,2867.158,1230.246,3743.642,1596.439,2314.492,2005.016,2291.221,2301.965,1893.19,1411.119,1600.888,2234.252,3392.395,1541.266,864.0789,1131.962,2410.92,2364.99,2834.534,1307.043,3611.42,1670.9,2343.462
"2025-11-03 08:00:00",1211,"NAN",11.82,1898.589,2255.082,2269.364,1838.067,1340.268,1531.256,2195.263,3487.38,1471.804,786.8204,1052.308,2466.463,2339.534,2819.758,1230.072,3750.803,1597.251,2313.782,2006.01,2287.366,2309.314,1895.01,1411.888,1601.094,2237.996,3378.448,1541.72,856.1824,1132.917,2397.719,2373.104,2812.921,1307.464,3600.225,1672.547,2337.165
"2025-11-03 08:15:00",1212,"NAN",11.87,1900.18,2253.924,2272.089,1838.881,1341.695,1531.63,2196.339,3488.693,1473.058,792.8848,1052.41,2435.251,2339.434,2824.625,1231.26,3753.104,1603.062,2312.028,2006.977,2292.564,2302.858,1896.362,1413.428,1601.735,2235.868,3392.318,1543.155,865.3845,1133.089,2340.6,2369.063,2823.587,1308.717,3607.249,1678.083,2349.072
"2025-11-03 08:30:00",1213,"NAN",11.87,1901.43,2259.158,2273.611,1841.67,1343.258,1532.576,2198.035,3496.621,1473.813,788.1288,1053.303,2486.107,2346.928,2883.226,1232.438,3729.46,1599.784,2315.536,2007.488,2294.867,2302.526,1897.56,1414.016,1601.861,2239.619,3389.311,1542.797,861.5797,1133.947,2337.025,2378.111,2836.305,1309.311,3614.495,1674.81,2341.549
"2025-11-03 08:45:00",1214,"NAN",11.85,1902.147,2261.165,2274.919,1843.193,1344.304,1533.039,2199.654,3500.408,1474.681,789.7537,1053.7,2448.06,2343.801,2872.243,1233.161,3740.959,1600.501,2318.82,2009.336,2299.568,2311.35,1899.667,1415.364,1601.602,2242.35,3394.314,1544.066,861.5627,1134.097,2347.797,2380.706,2830.063,1309.603,3607.928,1675.497,2351.431
"2025-11-03 09:00:00",1215,"NAN",11.87,1904.297,2263.297,2273.919,1845.182,1345.813,1534.376,2199.224,3510.165,1475.659,793.2157,1054.252,2509.268,2349.069,2898.407,1234.82,3724.379,1601.319,2321.839,1966.396,2275.006,2285.361,1853.084,1356.918,1546.852,2209.453,3520.243,1485.418,801.9492,1073,2544.233,2357.908,2915.64,1250.539,3765.134,1617.707,2333.424
"2025-11-03 09:15:00",1216,"NAN",11.83,1905.02,2269.213,2273.872,1844.379,1345.422,1533.221,2199.559,3528.011,1474.512,784.9167,1053.839,2516.367,2344.892,2885.495,1234.619,3724.085,1600.375,2330.393,1964.205,2275.065,2281.042,1848.981,1352.715,1541.958,2207.357,3567.876,1480.906,789.3439,1068.701,2479.431,2351.257,2916.106,1246.306,3762.98,1613.15,2336.53
"2025-11-03 09:30:00",1217,"NAN",11.86,1904.232,2267.951,2274.719,1843.755,1344.092,1531.065,2198.519,3550.449,1473.077,786.7787,1055.31,2478.813,2346.802,2886.775,1234.215,3751.02,1599.352,2333.564,1961.339,2275.376,2282.612,1846.388,1349.517,1538.047,2206.566,3572.94,1477.389,788.3325,1067.564,2491.652,2354.244,2915.542,1243.454,3791.494,1610.242,2334.546
"2025-11-03 09:45:00",1218,"NAN",11.86,1903.244,2269.991,2273.197,1842.762,1343.038,1529.306,2200.793,3528.021,1471.837,789.5161,1052.996,2478.362,2340.619,2861.843,1233.672,3733.238,1599.173,2335.847,1961.152,2276.364,2281.153,1845.474,1347.946,1535.975,2206.195,3567.081,1476.691,791.3477,1064.127,2541.366,2354.724,2930.328,1242.995,3777.178,1610.005,2341.628
"2025-11-03 10:00:00",1219,"NAN",11.85,1903.245,2267.598,2276.066,1841.805,1342.68,1528.587,2200.695,3531.471,1471.229,787.6959,1052.936,2525.037,2342.817,2876.712,1233.991,3735.791,1599.292,2338.371,1961.028,2277.158,2281.873,1845.177,1348.255,1536.071,2206.075,3553.385,1476.716,791.3472,1066.322,2540.645,2351.413,2931.79,1245.103,3770.117,1611.287,2340.223
"2025-11-03 10:15:00",1220,"NAN",11.86,1902.747,2263.309,2274.906,1840.796,1341.676,1527.118,2200.077,3525.535,1470.395,786.1295,1052.358,2523.125,2347.763,2894.81,1233.503,3739.451,1598.978,2332.381,1960.692,2274.766,2282.878,1844.634,1347.88,1535.387,2205.439,3554.422,1476.267,790.2862,1065.748,2497.353,2351.635,2913.543,1244.764,3793.493,1611.288,2341.781
"2025-11-03 10:30:00",1221,"NAN",11.87,1903.295,2266.372,2275.715,1841.35,1341.704,1527.964,2199.176,3543.305,1469.978,789.084,1052.116,2478.231,2346.499,2880.712,1234.813,3750.487,1600.145,2334.505,1962.56,2272.273,2284.772,1847.287,1349.391,1538.163,2205.757,3559.58,1477.178,794.8636,1066.913,2536.246,2356.64,2935.167,1246.435,3786.41,1613.671,2343.389
"2025-11-03 12:30:00",1222,"NAN",11.87,1905.481,2265.834,2270.931,1834.453,1339.099,1519.075,2192.379,3550.883,1460.969,780.8198,1045.877,2506.864,2338.393,2883.752,1225.708,3746.709,1591.208,2333.274,1967.19,2278.568,2280.076,1841.654,1349.827,1530.727,2201.021,3551.11,1470.409,787.2297,1063.23,2522.51,2350.574,2910.709,1241.286,3781.698,1607.54,2339.296
"2025-11-03 12:45:00",1223,"NAN",11.89,1652.241,936.1812,1531.723,1771.323,1047.545,1127.595,1980.41,3412.743,1072.816,743.3217,696.8267,2537.6,1031.537,776.0793,846.7614,3006.809,1518.657,2342.556,1696.053,919.825,1521.628,1763.207,1034.166,1116.635,1978.629,3561.883,1059.641,728.0047,684.7672,2560.759,1020.346,760.4496,835.2916,3185.908,1515.645,2354.602
"2025-11-03 13:00:00",1224,"NAN",11.88,1537.033,901.3154,1530.189,1572.64,1021.896,1012.361,1901.806,3436.872,1065.607,740.4562,673.1615,2566.959,1020.907,761.027,829.6288,3104.5,1408.946,2346.405,1570.923,892.4874,1527.091,1568.854,1016.356,1008.939,1903.295,3563.148,1059.487,732.9104,669.3383,2606.477,1017.745,753.0372,826.0488,3231.834,1412.664,2359.666
"2025-11-03 13:15:00",1225,"NAN",11.87,1453.391,889.6506,1539.191,1456.886,1014.575,954.8958,1836.042,3449.473,1066.477,740.8445,671.3952,2472.023,1023.495,759.7169,825.1279,3137.537,1330.71,2349.72,1483.071,879.8162,1534.007,1451.156,1008.145,950.2921,1834.329,3573.763,1060.402,732.4199,665.7704,2614.026,1019.864,751.315,820.553,3261.448,1333.167,2363.881
"2025-11-03 13:30:00",1226,"NAN",11.88,1398.31,884.5067,1547.251,1378.041,1013.03,910.0238,1801.378,3458.703,1068.401,744.3605,676.9104,2469.08,1029.298,758.6585,822.136,3172.075,1278.315,2355.112,1426.189,876.171,1544.011,1373.475,1007.69,906.9474,1799.281,3565.096,1063.198,738.3995,673.3194,2603.562,1026.19,751.3477,819.4366,3280.563,1281.778,2366.475
"2025-11-03 13:45:00",1227,"NAN",11.88,1367.227,885.0923,1558.75,1311.724,1016.501,879.0815,1782.604,3449.958,1073.275,740.8755,685.3922,2586.92,1036.508,766.706,822.9485,3185.863,1246.226,2356.123,1390.823,873.4481,1551.948,1303.002,1007.59,872.0518,1776.797,3559.423,1064.359,731.1011,677.8514,2538.221,1029.47,755.9015,816.3391,3299.271,1246.582,2368.09
"2025-11-03 14:00:00",1228,"NAN",11.87,1348.998,884.8802,1566.974,1255.701,1019.144,860.155,1771.029,3453.328,1075.39,737.5247,687.8113,2579.461,1039.543,774.6776,821.9325,3207.844,1225.809,2360.378,1370.264,872.1783,1559.944,1246.217,1009.771,851.752,1765.18,3553.163,1065.545,726.933,680.014,2523.478,1033.76,762.9824,814.4111,3317.616,1225.6,2373.488
"2025-11-03 14:15:00",1229,"NAN",11.88,1337.517,886.8101,1573.119,1213.449,1022.794,851.2694,1760.936,3447.939,1078.96,738.0292,690.1813,2578.202,1046.77,783.776,823.0629,3220.218,1211.768,2364.706,1358.194,872.9113,1564.304,1202.65,1012.384,841.5585,1753.804,3562.471,1068.747,725.65,680.8237,2600.851,1038.848,771.5414,814.3529,3328.94,1210.894,2375.981
"2025-11-03 14:30:00",1230,"NAN",11.89,1330.671,889.4384,1581.824,1184.5,1026.806,848.3577,1753.684,3455.137,1082.837,734.5797,609.9283,2454.009,1051.114,793.1982,823.6725,3224.212,1201.195,2372.902,1348.844,873.8434,1572.079,1172.235,1014.552,837.2155,1745.26,3553.676,1070.347,721.0458,597.1437,2604.573,1041.979,778.7188,813.4283,3337.775,1198.9,2378.377
"2025-11-03 14:45:00",1231,"NAN",11.87,1325.637,891.5633,1591.343,1164.957,1030.467,845.7305,1748.66,3454.194,1084.99,729.1558,622.1136,2453.826,1054.08,799.2477,822.519,3242.215,1193.869,2378.391,1343.702,875.5067,1580.592,1151.377,1017.792,834.3975,1739.127,3567.766,1072.866,714.9374,608.7689,2606.858,1043.839,784.771,811.8137,3339.649,1190.961,2387.209
"2025-11-03 15:00:00",1232,"NAN",11.88,1322.382,893.5878,1597.461,1150.419,1033.75,843.1231,1744.088,3475.649,1087.306,726.2118,626.7877,2586.045,1058.369,803.6187,820.4063,3254.447,1186.165,2386.162,1339.476,876.9516,1586.89,1136.561,1020.31,830.8857,1733.714,3592.797,1074.118,711.2271,613.0511,2595.52,1047.054,788.2302,808.9572,3349.538,1182.578,2389.604
"2025-11-03 15:15:00",1233,"NAN",11.84,1309.569,884.5051,1594.731,1128.526,1025.553,829.7358,1732.058,3524.446,1079.189,715.467,625.1736,2631.77,1050.495,795.9546,810.7047,3294.102,1170.301,2387.472,1366.727,911.0751,1620.517,1156.88,1055.1,861.307,1755.58,3475.222,1105.811,743.6079,655.8913,2620.024,1079.805,823.9382,842.5136,3266.326,1206.837,2397.061
"2025-11-03 15:30:00",1234,"NAN",11.88,1318.509,896.4296,1608.969,1129.312,1038.739,840.7413,1738.495,3518.417,1091.232,723.9872,639.6791,2501.122,1065.072,808.5934,821.0306,3291.609,1175.936,2400.135,1368.994,916.1083,1628.902,1150.769,1061.125,864.9337,1756.823,3498.464,1111.138,745.4674,663.1204,2517.448,1088.296,829.5013,845.7361,3279.436,1205.917,2409.648
"2025-11-03 15:45:00",1235,"NAN",11.87,1273.515,851.7883,1574.56,1075.755,995.7238,786.2612,1697.866,3724.233,1049.05,676.3597,600.8243,2676.287,1020.885,764.8364,775.0818,3453.75,1128.792,2416.737,1367.649,919.496,1635.002,1144.049,1065.889,858.3942,1753.686,3519.37,1114.663,745.7438,673.1263,2479.11,1090.384,833.6935,847.5902,3302.741,1204.178,2413.103
"2025-11-03 16:00:00",1236,"NAN",11.88,1272.822,851.6878,1578.927,1067.197,997.2783,774.3906,1693.464,3742.075,1049.398,673.3312,610.7228,2736.966,1022.523,765.086,774.4251,3464.761,1124.815,2432.972,1367.801,920.3658,1639.739,1136.808,1068.512,848.0727,1749.744,3508.515,1115.923,744.0856,684.077,2567.344,1093.472,835.0686,847.7669,3288.374,1201.06,2422.264
"2025-11-03 16:15:00",1237,"NAN",11.85,1270.002,850.3597,1580.045,1056.383,996.9247,769.9992,1686.522,3742.751,1048.472,669.4843,629.8887,2751.022,1023.231,766.2224,773.2696,3483.372,1117.464,2436.361,1366.917,920.6129,1641.504,1127.448,1069.294,845.3875,1744.442,3502.823,1116.486,741.3892,704.464,2541.702,1095.446,837.7216,848.4115,3301.061,1195.124,2431.259
"2025-11-03 16:30:00",1238,"NAN",11.87,1269.69,851.0374,1583.906,1049.183,997.7027,766.9171,1680.79,3740.666,1049.181,667.0174,643.607,2755.935,1025.816,767.1193,771.9941,3518.274,1112.839,2439.147,1361.901,917.3536,1641.986,1116.429,1066.201,838.1652,1736.423,3515.815,1112.493,734.8444,714.4254,2547.083,1093.932,834.6032,843.1478,3351.614,1187.209,2431.059
"2025-11-03 16:45:00",1239,"NAN",11.88,1269.73,852.7721,1589.182,1044.585,1000.002,766.284,1674.63,3749.949,1050.208,682.1631,653.9968,2750.133,1027.204,768.2488,771.1755,3534.684,1111.506,2442.6,1353.191,908.9056,1637.897,1101.683,1058.776,827.4241,1723.002,3554.876,1104.154,740.4403,714.6461,2602.871,1085.833,825.9344,832.2242,3375.954,1175.815,2442.599
"2025-11-03 17:00:00",1240,"NAN",11.88,1269.86,854.6191,1593.899,1040.187,1002.334,766.3949,1673.779,3748.893,1052.574,680.5264,660.1976,2788.388,1030.459,770.6865,771.4722,3540.819,1107.972,2449.505,1330.092,885.9238,1622.207,1073.282,1036.722,802.6983,1701.516,3650.204,1084.176,713.8322,696.2227,2697.487,1066.17,803.5209,807.8029,3455.745,1150.118,2446.846
"2025-11-03 17:15:00",1241,"NAN",11.88,1268.982,856.0526,1595.865,1034.758,1003.221,766.7228,1673.474,3751.906,1052.747,676.511,665.3891,2786.925,1032.399,771.6792,770.8278,3543.257,1105.996,2453.443,1328.453,886.6248,1623.186,1066.896,1036.716,802.2061,1699.496,3631.406,1084.144,709.1313,700.1474,2688.431,1067.557,804.1265,806.6605,3449.376,1147.302,2443.754
"2025-11-03 17:30:00",1242,"NAN",11.88,1267.881,856.8694,1597.203,1028.499,1003.385,766.691,1670.38,3751.938,1052.888,670.4072,669.4192,2771.921,1033.676,772.5536,770.1637,3553,1104.086,2455.433,1326.923,887.4352,1622.882,1059.965,1036.263,801.7228,1696.191,3628.832,1083.475,702.3177,703.7318,2648.937,1067.733,804.3201,805.4484,3463.278,1144.942,2451.474
"2025-11-03 17:45:00",1243,"NAN",11.88,1266.784,857.3472,1594.952,1021.853,1002.677,765.7296,1669.312,3746.363,1052.308,667.5776,671.3788,2754.194,1034.705,773.5197,769.1158,3550.533,1100.521,2452.024,1326.639,888.8057,1622.104,1054.923,1036.915,802.126,1695.648,3624.745,1084.493,700.5849,707.0969,2659.306,1070.41,806.5034,805.603,3449.028,1142.739,2444.114
"2025-11-03 18:00:00",1244,"NAN",11.88,1264.698,857.5534,1595.055,1016.776,1001.665,764.7883,1666.713,3744.196,1051.048,664.5999,672.7908,2739.744,1035.062,774.2273,768.1129,3558.417,1097.863,2448.036,1324.915,889.5912,1622.68,1050.524,1036.552,801.5285,1694.341,3621.322,1083.296,698.4914,709.6243,2680.929,1071.146,807.7142,805.2593,3453.994,1140.44,2443.417
"2025-11-03 18:15:00",1245,"NAN",11.88,1262.792,858.7638,1594.9,1011.912,1000.429,756.5278,1663.514,3737.906,1049.182,654.0635,674.0245,2691.81,1032.866,775.6655,767.9127,3556.304,1094.848,2439.714,1325.414,892.4747,1623.676,1047.741,1037.446,795.2227,1692.405,3614.212,1083.393,689.0444,712.3104,2617.31,1071.398,811.2396,806.5937,3454.203,1139.349,2434.901
"2025-11-03 18:30:00",1246,"NAN",11.88,1262.233,860.528,1595.469,1009.407,999.744,757.9799,1658.082,3727.452,1047.726,653.4196,674.9876,2703.191,1035.133,777.5447,767.7332,3555.172,1093.006,2429.924,1324.245,894.7286,1625.055,1045.489,1036.923,797.0208,1687.344,3595.685,1082.138,688.5305,713.8549,2614.156,1073.494,813.3635,806.8018,3440.607,1137.78,2426.668
"2025-11-03 18:45:00",1247,"NAN",11.86,1261.234,862.3055,1595.89,1008.106,999.6943,759.1481,1656.152,3713.409,1047.588,652.1995,675.7269,2645.126,1036.422,779.5565,767.4974,3552.979,1091.17,2419.426,1323.793,896.6532,1624.913,1043.928,1036.679,798.3593,1685.648,3582.655,1081.735,688.3426,714.6417,2593.525,1074.532,815.4542,806.6187,3440.075,1135.764,2415.567
"2025-11-03 19:00:00",1248,"NAN",11.87,1261.577,864.5408,1596.935,1007.328,999.9196,761.8687,1641.198,3703.13,1047.755,642.4517,677.3867,2609.329,1038.093,782.0786,767.5806,3542.279,1089.99,2411.479,1322.484,897.4031,1624.844,1041.745,1035.445,799.6196,1669.019,3577.434,1081.229,676.6842,714.5215,2581.639,1075.013,816.5379,805.4018,3436.338,1133.326,2410.404
"2025-11-03 19:15:00",1249,"NAN",11.88,1260.744,866.5516,1598.235,1006.826,1000.092,764.1906,1651.96,3689.183,1047.553,650.9391,679.3708,1849.841,1035.963,783.9661,767.9535,3529.941,1088.868,2404.684,1321.849,899.6335,1627.005,1041.434,1035.969,802.2089,1680.112,3555.551,1081.064,685.0861,716.6642,1996.155,1073.006,818.7236,805.9506,3428.866,1132.386,2401.479
"2025-11-03 19:30:00",1250,"NAN",11.87,1260.95,868.464,1599.583,1006.672,1000.378,765.8705,1645.823,3683.623,1048.24,638.9833,680.1111,2077.032,1037.995,786.1911,768.0106,3533.468,1088.078,2397.024,1321.299,901.0066,1627.098,1040.343,1035.393,803.1176,1673.255,3550.771,1081.089,673.0259,716.8306,2098.798,1074.1,820.176,805.6353,3419.598,1130.832,2396.583
"2025-11-03 19:45:00",1251,"NAN",11.89,1260.476,870.5866,1601.29,1006.888,1000.847,767.3653,1645.13,3677.118,1048.235,639.1273,681.814,2082.511,1039.344,788.1628,768.7681,3514.207,1087.164,2389.394,1320.476,902.6722,1628.672,1040.287,1035.529,804.2224,1672.319,3554.635,1080.554,673.1006,718.3344,2101.966,1075.037,821.9321,805.8094,3412.278,1129.752,2389.566
"2025-11-03 20:00:00",1252,"NAN",11.86,1261.418,872.4825,1602.839,1006.961,1001.388,768.4871,1644.172,3670.322,1048.886,636.3362,682.9559,2053.16,1041.061,790.2937,769.1895,3520.299,1086.951,2383.824,1320.998,904.6209,1629.868,1040.528,1035.997,805.0275,1671.692,3534.97,1080.785,669.5889,719.6386,2073.215,1076.515,823.8525,806.2556,3414.816,1129.499,2379.49
"2025-11-03 20:15:00",1253,"NAN",11.88,1262.031,874.4459,1603.237,1007.203,1001.728,770.2625,1638.77,3656.622,1048.702,637.4001,684.5077,2009.996,1041.445,792.074,769.689,3531.498,1086.639,2376.532,1324.814,909.7083,1632.991,1043.565,1039.451,810.3873,1668.146,3516.341,1084.107,673.8469,724.0554,2033.326,1080.079,829.1661,809.839,3404.78,1131.884,2373.989
"2025-11-03 20:30:00",1254,"NAN",11.88,1263.102,876.3566,1603.64,1006.696,1002.208,770.9501,1633.807,3645.592,1048.842,636.3644,685.3687,1994.547,1042.55,793.9701,770.0258,3528.247,1086.414,2368.638,1326.092,911.918,1633.734,1043.618,1040.368,811.0463,1664.76,3514.023,1083.993,673.5483,725.5738,2018.296,1081.529,831.1393,810.51,3403.918,1132.029,2369.624
"2025-11-03 20:45:00",1255,"NAN",11.88,1263.912,878.6865,1605.584,1007.152,1002.936,772.8878,1635.289,3631.584,1049.385,636.613,686.8971,1963.324,1043.147,796.0161,770.6783,3524.774,1086.812,2360.307,1328.5,915.031,1636.567,1044.954,1042.061,814.0224,1666.972,3487.695,1085.618,674.0516,727.5217,1984.634,1083.579,834.3344,811.7684,3403.089,1133.173,2361.852
"2025-11-03 21:00:00",1256,"NAN",11.86,1264.713,880.1144,1606.518,1007.421,1003.319,774.5122,1628.16,3621.61,1049.207,643.1241,689.0175,1948.847,1041.361,797.4767,770.7664,3528.26,1086.877,2351.597,1325.86,913.4267,1634.926,1042.201,1039.359,812.5129,1657.366,3496.211,1082.405,682.3432,726.7495,1973.339,1078.277,832.4464,808.9865,3415.119,1130.321,2354.619
"2025-11-03 21:15:00",1257,"NAN",11.88,1264.858,882.1476,1608.298,1007.142,1003.498,775.8267,1624.143,3620.696,1049.52,636.977,690.9759,1927.621,1040.835,799.3674,770.9379,3527.693,1087.051,2341.646,1332.234,922.1931,1642.352,1048.137,1046.082,820.7598,1658.565,3460.219,1089.231,678.0291,735.1599,1956.494,1084.423,841.2491,815.7059,3397.68,1136.645,2342.998
"2025-11-03 21:30:00",1258,"NAN",11.85,1266.232,884.0527,1608.936,1007.051,1003.877,776.7096,1625.592,3615.317,1049.669,641.9915,692.4692,1919.583,1042.172,801.5103,771.1193,3519.113,1087.314,2333.61,1332.385,922.8761,1642.024,1047.422,1045.355,820.0731,1659.058,3459.108,1088.202,682.4689,735.7712,1948.084,1084.647,841.6692,814.7366,3384.568,1136.054,2337.76
"2025-11-03 21:45:00",1259,"NAN",11.88,1266.231,885.9989,1610.996,1007.064,1004.046,778.2469,1622.246,3606.088,1049.68,637.7384,693.0936,1914.597,1042.979,803.0049,771.6041,3354.311,1085.193,2323.865,1330.869,923.2523,1642.625,1045.537,1043.796,819.8815,1654.073,3464.483,1086.533,676.5174,734.7471,1940.878,1083.346,841.806,813.6683,3244.748,1132.251,2327.263
"2025-11-03 22:00:00",1260,"NAN",11.88,1267.42,888.3406,1612.409,1006.854,1004.245,780.4119,1620.676,3593.715,1049.547,637.3903,694.6599,1900.221,1043.569,804.7983,772.0438,3357.676,1085.698,2316.759,1342.855,936.938,1654.057,1056.571,1055.278,833.6206,1661.756,3425.685,1097.363,687.865,747.293,1933.666,1095.196,855.218,825.4249,3222.433,1143.36,2323.986
"2025-11-03 22:15:00",1261,"NAN",11.86,1267.857,890.3891,1614.207,1007.002,1004.454,781.9906,1622.048,3589.901,1050.031,633.63,695.729,1875.234,1045.217,806.2068,772.4843,3272.767,1084.684,2307.194,1346.867,942.8957,1658.926,1060.415,1059.351,839.007,1666.887,3400.002,1100.805,687.0231,752.7501,1915.087,1100.916,860.299,829.8604,3121.386,1145.782,2316.821
"2025-11-03 22:30:00",1262,"NAN",11.86,1268.129,892.517,1615.418,1007.069,1004.501,782.9494,1622.082,3569.75,1050.488,608.6554,697.0363,1868.429,1046.317,808.2704,773.5222,3195.693,1083.903,2297.543,1350.732,947.8804,1661.939,1063.546,1062.488,843.2361,1670.159,3367.91,1104.522,664.3393,756.4626,1909.291,1105.211,865.4153,833.5101,3019.242,1147.703,2305.423
"2025-11-03 22:45:00",1263,"NAN",11.88,1268.514,894.3458,1616.9,1008.239,1005.3,783.6243,1622.299,3553.926,1050.429,611.85,698.692,1839.592,1047.794,810.0599,774.1368,3121.009,1083.641,2287.733,1351.977,951.4702,1665.32,1066.112,1064.622,845.2798,1670.297,3355.221,1105.968,669.6685,759.5498,1881.064,1107.778,868.8615,836.0082,2948.371,1148.66,2298.903
"2025-11-03 23:00:00",1264,"NAN",11.88,1269.133,896.2665,1617.815,1009.084,1006.139,785.3353,1619.439,3546.651,1050.757,610.4028,700.0353,1835.578,1048.701,811.8159,774.3525,3014.519,1082.701,2277.783,1351.458,952.2844,1665.722,1066.026,1064.437,845.9804,1666.79,3350.722,1104.851,667.3912,760.489,1876.254,1107.504,869.3702,835.1843,2823.381,1146.525,2288.643
"2025-11-03 23:15:00",1265,"NAN",11.88,1269.405,898.2618,1618.928,1009.565,1006.835,786.2231,1611.216,3541.959,1051.567,611.0505,702.1034,1826.198,1049.087,813.7762,774.9503,3054.723,1083.57,2267.112,1350.458,951.9864,1664.783,1064.566,1063.418,844.9379,1658.05,3348.967,1103.96,665.968,760.3846,1866.75,1106.98,869.5439,833.2801,2870.977,1145.881,2276.331
"2025-11-03 23:30:00",1266,"NAN",11.86,1269.984,899.7949,1620.474,1010.106,1007.52,787.4645,1612.381,3531.079,1052.046,564.0168,703.015,1821.971,1050.352,815.3454,774.9312,3099.793,1084.621,2255.531,1351.847,954.8527,1666.553,1065.734,1064.977,846.9412,1659.362,3343.701,1105.302,620.35,761.946,1862.114,1108.432,872.1046,834.7753,2884.96,1147.586,2269.552
"2025-11-03 23:45:00",1267,"NAN",11.86,1271.213,901.2452,1621.553,1010.529,1008.38,789.0084,1604.128,3536.04,1053.24,570.1631,705.3934,1817.327,1050.162,816.8957,775.5906,3087.882,1085.061,2245.417,1353.24,956.5342,1669.027,1067.48,1066.427,849.1722,1652.856,3339.762,1106.339,627.1514,765.6882,1859.892,1110.891,873.7874,835.7212,2908.126,1148.8,2259.392
"2025-11-04 00:00:00",1268,"NAN",11.88,1271.781,902.0295,1622.216,1011.151,1009.198,790.2336,1600.695,3532.101,1052.467,578.3398,708.0977,1806.566,1047.726,818.1227,775.6755,3087.237,1085.225,2233.411,1352.248,956.3341,1667.9,1066.3,1065.752,848.9461,1646.742,3355.201,1105.024,634.5748,766.5966,1846.872,1110.296,873.9995,834.9036,2879.862,1147.362,2245.927
"2025-11-04 00:15:00",1269,"NAN",11.88,1271.796,902.9618,1623.471,1011.463,1009.838,790.9996,1597.829,3527.466,1052.31,581.1603,709.1414,1809.966,1054.089,818.9891,776.4904,3078.212,1085.583,2222.92,1351.516,956.0826,1667.202,1064.895,1064.752,848.2851,1642.577,3333.665,1103.487,635.6827,765.7991,1848.451,1109.901,873.8085,834.1526,2925.764,1146.45,2235.52
"2025-11-04 00:30:00",1270,"NAN",11.87,1271.677,903.3559,1620.416,1010.964,1010.132,791.4185,1596.1,3515.716,1052.271,578.7126,710.0292,1790.353,1055.068,820.6032,775.9546,3043.138,1084.995,2206.579,1350.923,955.3429,1664.275,1064.308,1064.821,848.1346,1640.884,3327.058,1102.557,632.3284,766.2979,1829.764,1110.153,874.3887,832.6503,2877.811,1145.008,2222.094
"2025-11-04 00:45:00",1271,"NAN",11.87,1272.204,904.2991,1620.653,1011.276,1010.914,792.5759,1589.55,3509.888,1052.693,580.6272,711.405,1796.018,1055.762,821.5366,775.6638,3049.512,1084.926,2194.453,1342.116,946.5566,1656.599,1055.041,1055.826,839.4946,1626.759,3359.863,1093.405,624.464,758.3172,1827.931,1101.475,865.7466,822.6958,2867.418,1136.17,2206.37
"2025-11-04 01:00:00",1272,"NAN",11.88,1272.59,905.5018,1623.422,1011.306,1011.638,793.8017,1578.718,3510.575,1053.243,560.728,712.2286,1791.351,1055.961,822.962,776.184,3048.491,1085.348,2181.496,1323.109,927.1524,1640.937,1034.317,1036.231,820.0848,1597.823,3404.625,1075.121,583.3698,737.9879,1808.742,1081.238,846.487,802.3179,2959.456,1117.277,2185.582
"2025-11-04 01:15:00",1273,"NAN",11.86,1273.303,906.2953,1625.145,1011.612,1012.251,794.539,1574.657,3504.484,1053.219,565.3271,712.9843,1794.899,1056.267,823.9189,776.617,3060.104,1086.019,2168.254,1317.101,921.0139,1636.567,1027.13,1029.45,813.3307,1587.097,3432.432,1068.692,581.1503,731.2141,1805.441,1074.59,840.1677,795.8859,2977.496,1111,2168.823
"2025-11-04 01:30:00",1274,"NAN",11.87,1273.941,906.8191,1626.628,1011.68,1012.953,795.5498,1575.089,3504.769,1053.496,570.5435,714.1641,1795.673,1057.865,824.6797,776.7877,3118.173,1087.335,2153.675,1316.175,920.1572,1637.226,1025.844,1028.561,812.8168,1585.941,3428.818,1067.374,584.8865,731.1476,1805.434,1074.096,839.4982,794.558,3056.549,1110.86,2154.729
"2025-11-04 01:45:00",1275,"NAN",11.86,1275.592,907.5982,1628.145,1011.127,1013.147,795.9498,1573.029,3501.449,1054.523,574.064,714.6418,1792.193,1059.214,825.9836,777.1076,3132.969,1088.48,2140.334,1317.546,920.4819,1639.002,1025.719,1028.928,813.0918,1585.978,3425.03,1067.81,588.123,731.8605,1802.944,1075.649,840.3947,794.6379,3043.854,1111.864,2141.523
"2025-11-04 02:00:00",1276,"NAN",11.86,1277.912,909.3264,1626.663,1013.029,1014.125,797.5379,1578.601,3499.175,1055.183,575.1773,716.0452,1793.854,1060.015,826.6406,778.3669,3159.262,1090.558,2131.341,1319.279,921.7496,1637.027,1026.868,1029.339,814.4116,1589.115,3416.513,1068.111,588.8318,732.6129,1803.399,1076.072,840.6534,795.3793,3102.038,1113.561,2132.756
"2025-11-04 02:15:00",1277,"NAN",11.88,1278.68,910.3987,1626.95,1013.15,1014.509,798.3945,1577.928,3497.985,1055.343,574.8812,715.0327,1784.556,1061.311,827.5919,778.9938,3177.364,1091.428,2093.925,1320.532,923.1335,1637.026,1026.957,1029.878,815.3409,1588.684,3422.225,1069.074,588.3107,731.6059,1794.293,1077.454,842.0556,796.2484,3106.506,1114.567,2096.264
"2025-11-04 02:30:00",1278,"NAN",11.85,1280.095,910.7273,1623.546,1012.806,1014.961,799.2076,1575.156,3504.956,1055.721,576.7235,716.6388,1777.182,1062.704,828.9254,778.9063,3168.97,1092.621,2077.547,1321.239,922.4625,1633.526,1026.414,1029.74,815.4948,1586.003,3433.091,1067.95,589.6769,732.6808,1786.812,1078.322,842.4243,795.3413,3092.48,1115.041,2079.606
"2025-11-04 02:45:00",1279,"NAN",11.88,1280.644,911.3231,1625.427,1013.916,1015.723,800.3011,1575.822,3505.164,1054.722,578.1348,719.06,1768.598,1063.796,829.5025,779.1243,3180.246,1093.541,2064.082,1322.225,923.6259,1635.648,1027.778,1030.774,816.9598,1586.594,3423.741,1067.686,591.4275,735.3967,1777.675,1079.538,843.4551,795.9166,3098.24,1116.337,2067.654
"2025-11-04 03:00:00",1280,"NAN",11.88,1282.221,912.0735,1629.445,1014.681,1016.687,800.6042,1579.33,3503.754,1055.465,578.6611,719.6889,1763.251,1065.02,831.0491,775.6185,3175.01,1094.558,2051.016,1323.821,924.2631,1639.903,1028.781,1031.952,817.4285,1590.654,3425.292,1068.011,592.1401,736.2637,1775.133,1081.233,844.864,792.5179,3109.677,1117.471,2055.111
"2025-11-04 03:15:00",1281,"NAN",11.88,1282.679,912.5777,1633.835,1015.63,1017.574,800.551,1582.987,3508.527,1055.138,579.6154,721.1996,1763.902,1065.811,831.8509,724.3052,3213.425,1095.685,2037.245,1324.938,925.3081,1644.016,1029.738,1033.022,817.6221,1593.803,3431.271,1068.654,593.2679,737.994,1774.26,1082.057,846.1767,741.3659,3143.757,1118.901,2041.926
"2025-11-04 03:30:00",1282,"NAN",11.87,1284.269,913.4269,1635.228,1015.8,1018.392,801.9838,1583.238,3507.954,1056.636,579.9355,720.1159,1760.533,1067.108,833.2161,724.1494,3175.197,1096.199,2022.737,1326.175,925.8787,1645.629,1030.255,1033.953,819.1115,1595.166,3424.958,1069.506,593.5392,737.1008,1771.245,1083.67,847.3527,740.9964,3202.147,1120.46,2026.696
"2025-11-04 03:45:00",1283,"NAN",11.87,1284.151,913.6174,1635.879,1016.423,1019.053,802.6642,1585.614,3505.872,1056.396,580.7458,719.769,1757,1067.989,833.5174,724.0518,3257.885,1097.703,2008.89,1325.841,926.2169,1646.082,1030.277,1034.059,819.5541,1596.066,3426.885,1069.263,594.2062,736.3509,1766.704,1083.627,847.7539,740.8009,3192.228,1120.63,2013.278
"2025-11-04 04:00:00",1284,"NAN",11.88,1285.341,914.8691,1637.602,1016.721,1019.768,803.1712,1586.836,3507.59,1056.719,580.9359,720.8315,1748.328,1068.016,834.7598,724.3372,3257.381,1098.289,1996.798,1328.627,928.4641,1649.02,1031.499,1036.089,820.9926,1598.522,3423.129,1070.941,595.5926,738.3531,1758.994,1085.139,850.1112,742.0404,3179.995,1122.265,2001.108
"2025-11-04 08:15:00",1285,"NAN",11.88,1284.768,914.0847,1636.191,1015.43,1019.154,802.5234,1585.797,3498.892,1056.094,580.5758,720.4275,1737.8,1067.11,835.9399,723.3464,3248.28,1097.127,1977.186,1328.458,927.9883,1647.436,1030.445,1036.114,820.8094,1598.514,3415.379,1070.806,595.2665,738.1667,1748.821,1086.012,851.7842,741.3658,3187.214,1121.308,1983.785
"2025-11-04 08:30:00",1286,"NAN",11.88,1288.994,916.1204,1651.616,1003.403,991.8975,801.2303,1592.49,3601.862,1058.188,584.3658,727.107,1610.572,1079.019,845.6634,725.6479,3368.954,1100.492,1811.983,1346.387,931.2686,1661.897,1019.819,1009.788,820.7292,1605.588,3512.632,1074.045,600.3651,746.16,1625.442,1098.019,862.8024,744.9896,3293.813,1125.926,1822.875
"2025-11-04 08:45:00",1287,"NAN",11.87,1305.064,919.1714,1658.557,1007.525,997.8962,802.6177,1595.262,3641.811,1062.885,587.1235,732.279,1612.649,1082.205,847.758,726.5331,3389.287,1107.158,1806.18,1351.208,934.7272,1670.01,1024.101,1015.934,822.4332,1608.046,3556.301,1079.509,603.2732,751.1286,1626.77,1096.655,865.3806,746.1755,3323.383,1133.1,1817.137
"2025-11-04 09:00:00",1288,"NAN",11.74,1307.564,920.4778,1659.929,1009.66,1002.85,801.7579,1595.158,3684.587,1066.588,587.9171,734.7783,1629.604,1084.184,848.8177,726.7457,3412.185,1110.728,1801.719,1354.121,936.4387,1671.467,1026.374,1021.104,821.7836,1608.82,3597.174,1082.93,604.1175,754.0912,1644.515,1103.418,866.5028,746.5911,3341.929,1136.762,1813.294
"2025-11-04 09:15:00",1289,"NAN",11.88,1309.438,920.5974,1661.927,1009.789,1006.992,800.5979,1594.768,3717.96,1068.563,588.605,734.8641,1633.796,1084.465,849.3941,726.4275,3435.163,1113.12,1802.146,1355.78,935.8854,1673.063,1026.925,1025.28,820.3932,1608.814,3629.996,1084.285,604.6956,754.5139,1649.585,1103.642,866.6714,746.1965,3362.295,1138.647,1812.796
"2025-11-04 09:30:00",1290,"NAN",11.88,1311.411,920.5885,1646.959,1010.036,1010.77,799.1086,1594.208,3733.77,1070.264,589.3069,737.7581,1646.444,1084.43,849.6098,726.3264,3445.306,1115.447,1798.802,1357.448,936.6483,1671.262,1026.895,1029.27,819.1674,1607.645,3645.109,1086.51,606.0354,757.6404,1662.165,1103.541,866.8492,746.5844,3379.05,1141.232,1810.059
"2025-11-04 09:45:00",1291,"NAN",11.88,1312.473,920.8047,1671.031,1009.089,1013.776,797.0159,1594.665,3757.872,1071.789,588.5568,739.6459,1666.997,1084.595,849.3583,726.5318,3461.384,1116.989,1795.757,1358.868,936.458,1683.416,1026.385,1032.371,816.9767,1609.122,3658.788,1087.646,605.2198,759.8615,1682.82,1104.065,866.7442,746.5484,3399.599,1143.095,1807.124
"2025-11-04 10:00:00",1292,"NAN",11.89,1310.867,917.9012,1667.529,1005.319,1014.715,793.124,1590.182,3742.068,1069.679,590.3207,740.0645,1677.869,1085.285,848.8337,724.6794,3458.567,1115.484,1785.094,1357.696,933.9055,1680.086,1022.167,1033.3,813.0036,1604.163,3655.477,1086.133,606.8549,759.8839,1693.152,1104.627,866.4266,744.9797,3383.274,1141.557,1796.251
"2025-11-04 10:15:00",1293,"NAN",11.86,1320.67,924.7305,1676.968,1011.457,1023.819,797.0433,1599.589,3768.637,1077.359,592.4706,742.3877,1698.111,1089.51,850.7152,729.3808,3490.352,1122.55,1797.677,1367.676,940.2742,1689.536,1028.106,1042.043,816.6074,1613.521,3676.511,1093.296,608.9523,762.0952,1715.423,1108.536,867.9114,749.2831,3424.715,1148.088,1808.146
"2025-11-04 10:30:00",1294,"NAN",11.89,1325.118,927.472,1686.013,1013.312,1030.278,796.5073,1599.951,3772.609,1078.854,592.46,745.4272,1735.32,1092.454,851.9408,730.7528,3494.515,1124.716,1797.774,1373.081,944.1821,1699.439,1030.641,1049.327,817.0117,1613.21,3675.049,1095.67,609.8882,765.6359,1750.489,1112.071,870.0464,751.7568,3435.343,1150.983,1809.193
"2025-11-04 10:45:00",1295,"NAN",11.88,1329.868,930.3362,1698.764,1002.435,1039.896,800.8941,1602.525,3781.224,1082.296,592.4606,749.1268,1773.744,1096.338,855.9225,732.8024,3518.107,1127.382,1799.687,1356.431,923.7263,1691.815,996.3553,1035.803,797.5894,1597.457,3793.76,1077.279,586.158,745.9539,1773.389,1092.951,850.8311,730.2788,3540.747,1132.047,1793.975
"2025-11-04 11:00:00",1296,"NAN",11.88,1317.527,915.2572,1714.792,1022.41,1060.857,819.6345,1606.927,3767.086,1086.488,592.8614,760.2233,1817.436,1106.368,865.4547,734.2391,3512.386,1129.108,1793.653,1344.708,907.67,1707.33,1015.91,1056.252,815.6667,1600.84,3779.292,1081.302,586.3782,756.5736,1816.148,1102.347,859.7194,731.4001,3538.19,1133.205,1788.631
"2025-11-04 11:15:00",1297,"NAN",11.87,1356.899,958.6199,1761.517,1091.621,1138.462,886.9834,1623.477,3775.002,1093.758,591.8283,808.6214,1893.87,1143.409,905.8185,736.7506,3503.899,1134.287,1795.014,1383.655,950.9794,1754.524,1084.975,1133.386,881.7649,1617.94,3783.291,1088.151,585.517,804.3661,1893.507,1138.969,899.7986,734.079,3543.42,1138.306,1789.275
"2025-11-04 11:30:00",1298,"NAN",11.86,1397.852,1007.675,1809.678,1154.836,1198.988,953.6402,1640.8,3773.961,1097.346,592.4909,853.07,1941.532,1178.658,950.2282,737.3279,3500.473,1135.647,1788.04,1424.304,1000.008,1802.26,1147.639,1193.419,947.8356,1634.704,3785.351,1091.881,585.8854,848.063,1941.919,1173.646,943.4807,734.7823,3533.105,1139.815,1782.112
"2025-11-04 11:45:00",1299,"NAN",11.88,1389.648,1001.069,1810.586,1159.168,1199.124,938.7006,1625.311,3800.44,1091.932,587.4338,848.0674,1931.11,1166.828,940.0557,734.2889,3518.633,1132.646,1770.669,1415.693,993.2097,1803.367,1152.034,1193.613,933.2589,1619.635,3806.284,1086.148,580.8065,843.3069,1928.693,1162.228,933.6761,731.5884,3554.488,1136.489,1765.099
"2025-11-04 12:00:00",1300,"NAN",11.88,1372.061,982.0798,1799.441,1145.254,1181.739,912.6548,1610.422,3786.668,1090.105,584.4161,829.9385,1876.018,1148.338,915.837,733.6219,3526.479,1130.839,1752.799,1397.834,974.272,1792.373,1138.196,1176.289,907.4896,1604.879,3795.265,1084.514,577.7629,825.5195,1875.277,1143.635,909.1607,730.7192,3551.354,1134.609,1746.771
"2025-11-04 12:15:00",1301,"NAN",11.87,1362.373,974.8124,1799.56,1141.238,1177.414,905.9022,1606.085,3777.865,1089.54,579.0569,825.3901,1772.75,1137.835,905.1921,734.4776,3518.407,1130.229,1740.121,1388.621,966.5901,1792.577,1133.915,1172.083,900.6422,1600.484,3784.983,1084.285,571.7841,820.4343,1771.497,1133.975,898.7074,731.1235,3547.383,1133.992,1733.727
"2025-11-04 12:30:00",1302,"NAN",11.89,1386.367,1002.247,1826.064,1171.281,1217.052,953.493,1618.972,3777.247,1093.289,582.9876,852.4771,1696.399,1162.492,928.457,737.1437,3530.767,1132.709,1734.826,1412.327,994.1285,1819.371,1164.096,1211.395,947.7139,1612.706,3784.062,1088.334,576.1276,847.4437,1695.21,1158.158,921.8486,734.1435,3565.282,1136.644,1729.045
"2025-11-04 12:45:00",1303,"NAN",11.77,1393.508,1007.585,1834.38,1183.357,1230.04,968.3151,1622.29,3763.941,1095.488,583.481,861.1287,1624.286,1172.312,934.8258,739.1786,3519.254,1134.558,1727.485,1419.399,999.5048,1827.762,1176.191,1224.378,962.4774,1616.349,3768.974,1090.069,577.0519,856.0538,1620.008,1167.67,927.8933,736.2163,3546.389,1138.236,1721.563
"2025-11-04 13:00:00",1304,"NAN",11.87,1398.281,1020.121,1828.877,1206.005,1245.566,984.267,1627.565,3765.22,1094.613,583.5031,871.5679,1582.524,1185.464,945.847,739.2519,3524.338,1133.655,1715.526,1424.42,1012.132,1822.586,1197.893,1239.728,978.3856,1621.765,3773.386,1088.865,576.9098,866.6563,1578.781,1180.285,938.8004,736.5262,3555.147,1137.396,1710.417
"2025-11-04 13:15:00",1305,"NAN",11.88,1406.2,1025.878,1852.481,1206.538,1238.496,987.5989,1629.731,3752.253,1095.114,584.4812,880.9882,1552.582,1210.296,969.0873,741.1174,3531.552,1132.881,1701.69,1432.003,1017.724,1846.277,1199.414,1232.961,981.8603,1623.646,3760.891,1089.592,577.9708,876.1216,1548.435,1205.661,962.3467,738.4382,3564.707,1136.656,1695.86
"2025-11-04 13:30:00",1306,"NAN",11.85,1419.655,1039.414,1862.291,1220.31,1261.875,1003.497,1632.06,3763.408,1097.714,585.2688,894.9764,1560.768,1226.165,982.4658,746.0443,3554.66,1133.787,1692.571,1445.68,1030.738,1854.747,1212.785,1255.788,997.3476,1625.248,3767.846,1092.082,578.2054,889.392,1556.234,1221.144,975.6034,742.7867,3579.694,1137.08,1687.444
"2025-11-04 13:45:00",1307,"NAN",11.85,1422.042,1039.361,1860.972,1220.962,1263.072,1000.433,1630.934,3769.227,1096.392,584.66,897.1149,1547.428,1210.619,961.3981,748.6851,3570.802,1132.14,1682.186,1447.422,1031.035,1854.009,1212.755,1256.723,994.3516,1623.984,3772.101,1090.547,577.3716,891.4466,1543.893,1204.806,953.6527,745.6424,3598.994,1135.646,1675.919
"2025-11-04 14:00:00",1308,"NAN",11.87,1433.091,1050.562,1867.699,1232.43,1273.764,1017.969,1633.76,3753.551,1098.565,584.6763,902.9268,1557.194,1225.879,969.638,751.5449,3590.335,1134.195,1678.582,1458.775,1042.236,1860.519,1224.483,1267.472,1011.747,1626.901,3758.364,1092.909,577.5979,897.2937,1552.929,1220.004,962.2725,748.5052,3617.323,1137.724,1673.527
"2025-11-04 14:15:00",1309,"NAN",11.87,1435.933,1050.4,1868.506,1230.672,1271.585,1011.504,1631.452,3761.053,1096.964,583.914,907.2128,1550.672,1221.048,970.1133,741.2151,3605.192,1134.652,1672.575,1461.348,1042.067,1861.177,1222.91,1265.303,1005.551,1624.13,3764.59,1091.669,576.8756,901.6084,1547.459,1215.838,962.7784,739.1589,3634.353,1138.525,1667.613
"2025-11-04 14:30:00",1310,"NAN",11.88,1438.483,1042.306,1870.001,1231.404,1274.243,1016.885,1632.558,3760.641,1097.088,584.3507,912.8018,1410.618,1228.427,972.9039,755.7406,3616.567,1137.41,1671.793,1464.072,1033.659,1861.721,1223.53,1267.957,1010.756,1625.504,3765.641,1090.758,576.9818,907.2689,1406.025,1222.587,965.2933,752.5269,3637.399,1140.87,1665.95
"2025-11-04 14:45:00",1311,"NAN",11.88,1425.029,1042.206,1873.182,1213.968,1265.644,1004.58,1625.595,3782.861,1091.321,582.3517,908.7571,1426.472,1222.335,964.0467,752.6163,3629.811,1133.794,1659.066,1450.059,1033.482,1865.091,1205.762,1259.042,998.4512,1618.65,3782.38,1084.874,575.1527,903.4206,1420.984,1215.773,956.3621,749.3818,3649.275,1136.887,1653.123
"2025-11-04 15:00:00",1312,"NAN",11.88,1389.495,995.9265,1824.221,1164.817,1219.495,935.9804,1577.085,3781.673,1079.828,574.0204,872.5366,1401.894,1175.832,908.0385,744.9647,3637.223,1123.387,1635.764,1413.548,986.9636,1816.759,1156.593,1213.026,930.0188,1571.16,3787.097,1073.36,566.2345,866.9043,1397.365,1170.033,899.9854,741.2916,3657.927,1126.427,1630.044
"2025-11-04 15:15:00",1313,"NAN",11.86,1361.776,964.1796,1795.442,1124.177,1191.583,896.0152,1579.922,3784.962,1071.661,569.5405,849.416,1399.855,1146.886,869.0891,741.5544,3633.175,1116.779,1618.373,1385.13,954.5546,1787.358,1115.533,1184.453,889.5134,1571.625,3785.127,1064.961,560.9764,843.2667,1394.779,1141.06,860.8095,737.0635,3647.261,1119.277,1611.872
"2025-11-04 15:30:00",1314,"NAN",11.88,1343.18,944.3997,1779.222,1098.841,1175.283,870.3335,1576.435,3775.589,1069.889,570.5466,834.391,1356.27,1130.191,847.0087,742.1861,3629.382,1115.758,1611.738,1366.803,934.9466,1770.546,1090.035,1168.252,863.9708,1569.344,3769.715,1062.693,562.0848,828.6623,1350.869,1124.438,838.8441,737.7641,3641.581,1118.338,1605.119
"2025-11-04 15:45:00",1315,"NAN",11.88,1328.209,930.0126,1768.63,1081.047,1163.586,852.4643,1577.103,3767.221,1069.836,572.046,822.7958,1352.273,1120.417,834.1458,743.2599,3640.602,1116.434,1611.736,1488.681,1066.298,1872.647,1215.44,1298.134,992.4924,1696.219,3346.588,1204.527,713.138,962.7821,1482.476,1258.83,973.5876,886.9119,3272.988,1260.001,1728.301
"2025-11-04 16:00:00",1316,"NAN",11.87,1308.866,913.2672,1747.402,1056.936,1145.847,829.2417,1566.802,3778.754,1061.841,567.9636,800.4078,1330.626,1106.401,823.3087,739.6268,3657.319,1108.699,1598.254,1469.98,1050.711,1854.576,1192.366,1281.235,970.837,1686.42,3365.045,1197.907,709.352,941.4409,1461.904,1245.727,963.2516,883.6849,3268.749,1253.435,1716.788
"2025-11-04 16:15:00",1317,"NAN",11.87,1295.679,902.9536,1734.117,1039.92,1133.976,815.1868,1563.729,3786.117,1058.299,567.8043,789.8949,1317.696,1098.238,818.072,739.4202,3664.359,1106.547,1592.501,1457.251,1040.636,1842.529,1176.127,1269.475,957.5013,1684.291,3341.497,1194.179,709.0815,931.0182,1449.862,1238.123,957.8875,883.0354,3290.156,1251.346,1710.835
"2025-11-04 16:30:00",1318,"NAN",11.74,1289.952,899.954,1713.173,1017.934,1113.17,792.8918,1558.492,3780.573,1052.935,569.1371,780.2124,1287.139,1096.034,820.1381,741.1523,3657.806,1100.783,1577.551,1372.217,953.9869,1754.345,1072.032,1168.139,851.1998,1605.265,3503.957,1106.507,624.8303,837.9008,1340.592,1153.572,876.0663,800.3188,3408.449,1163.785,1624.919
"2025-11-04 16:45:00",1319,"NAN",11.9,1283.444,894.3066,1705.631,1008.811,1104.522,785.6394,1545.002,3754.107,1048.514,571.5405,775.2214,1265.156,1086.56,821.4705,747.1128,3623.694,1100.466,1572.553,1360.815,942.8395,1741.81,1057.551,1154.134,838.3798,1586.995,3487.124,1096.617,621.3314,826.9943,1312.914,1138.823,871.8058,800.4969,3386.171,1158.139,1613.978
"2025-11-04 17:00:00",1320,"NAN",11.88,1294.763,910.4034,1694.672,999.9085,1094.206,781.9272,1542.568,3735.478,1046.96,573.5203,768.549,1254.093,1082.11,821.6296,749.1494,3609.294,1098.46,1570.47,1371.855,959.7661,1732.349,1049.327,1144.562,835.4077,1585.227,3479.033,1095.663,624.2729,821.1868,1301.833,1134.994,872.7646,803.3058,3381.502,1156.58,1613.489
"2025-11-04 17:15:00",1321,"NAN",11.88,1289.729,908.1382,1681.558,992.8471,1085.449,780.5389,1543.635,3727.529,1046.324,575.4421,763.0916,1246.108,1079.746,823.0591,750.6287,3586.935,1095.446,1569.873,1360.575,952.065,1715.555,1036.541,1130.395,828.2073,1582.163,3502.247,1089.658,620.782,810.7095,1289.085,1127.047,868.0967,798.9603,3385.244,1148.554,1608.01
"2025-11-04 17:30:00",1322,"NAN",11.88,1267.388,887.5085,1673.185,987.1667,1078.354,780.0748,1544.837,3736.753,1046.419,577.1848,758.2508,1244.315,1078.211,824.4636,753.056,3596.486,1093.506,1570.503,1341.65,933.7653,1709.556,1033.837,1125.581,830.1586,1584.8,3486.32,1091.754,624.4459,808.1969,1289.565,1127.619,872.1226,803.6483,3364.397,1148.639,1610.088
"2025-11-04 17:45:00",1323,"NAN",11.86,1262.103,886.4599,1656.57,982.2,1070.256,778.4727,1545.077,3740.961,1044.066,576.7086,753.9596,1239.921,1088.371,839.5403,753.3756,3587.409,1089.735,1568.734,1340.921,937.5371,1696.764,1033.291,1122.386,833.4666,1588.565,3471.854,1094.36,628.4778,808.1177,1289.579,1142.564,892.0645,808.5629,3366.628,1149.384,1612.434
"2025-11-04 18:00:00",1324,"NAN",11.87,1258.338,886.5286,1646.83,979.2058,1063.999,778.5474,1546.656,3737.953,1042.342,574.7156,750.9253,1234.348,1085.001,840.1611,753.7488,3582.833,1088.029,1566.971,1337.711,938.6053,1688.56,1031.42,1117.04,834.6384,1591.325,3471.43,1093.567,627.7166,806.268,1284.427,1140.012,894.0369,809.9098,3343.663,1148.811,1611.978
"2025-11-04 18:15:00",1325,"NAN",11.88,1273.643,907.2001,1642.71,976.9973,1057.998,778.8101,1546.85,3728.811,1041.207,574.1403,747.6403,1226.42,1069.941,826.882,755.5474,3575.599,1086.273,1565.393,1353.539,961.6166,1687.141,1031.874,1113.754,837.3484,1594.105,3463.074,1093.934,630.1665,805.9149,1279.267,1126.936,882.3076,814.1775,3333.748,1149.203,1612.47
"2025-11-04 18:30:00",1326,"NAN",11.86,1266.264,903.3047,1633.161,970.975,1047.96,775.0913,1543.964,3751.906,1035.647,568.36,739.6741,1212.153,1063.602,823.6952,752.2009,3591.548,1080.148,1559.958,1352.508,963.5285,1682.393,1031.994,1109.554,839.765,1596.223,3452.103,1094.314,630.1506,804.0429,1270.773,1126.856,885.5432,816.7869,3338.599,1149.023,1611.437
"2025-11-04 18:45:00",1327,"NAN",11.88,1255.141,895.1305,1616.422,961.2245,1033.46,767.3105,1535.992,3733.337,1025.515,559.0712,722.7375,1168.826,1053.322,816.0157,743.1459,3570.374,1069.971,1545.011,1352.282,966.1125,1676.223,1032.543,1105.705,842.5792,1598.81,3436.559,1094.881,631.2651,797.3606,1238.1,1127.271,888.188,818.502,3330.68,1149.388,1607.507
"2025-11-04 19:00:00",1328,"NAN",11.89,1414.667,1066.136,1755.555,1129.266,1195.119,940.0288,1684.426,3217.349,1186.922,729.5854,891.9273,1329.312,1219.262,987.5571,914.0739,3101.912,1231.394,1684.285,1356.407,966.5709,1673.26,1030.956,1099.872,842.9175,1598.433,3431.976,1093.502,628.5145,794.485,1234.068,1124.988,888.7494,817.7793,3299.582,1147.546,1599.938
"2025-11-04 19:15:00",1329,"NAN",11.88,1415.827,1068.048,1755.231,1129.864,1192.088,942.619,1684.948,3209.239,1187.56,729.5663,892.0171,1330.978,1220.512,990.0859,915.2648,3088.834,1232.145,1681.816,1358.452,970.0292,1674.107,1033.684,1098.052,847.1176,1600.791,3429.544,1095.609,630.1896,796.3471,1238.385,1127.45,892.4056,820.4589,3278.765,1149.667,1599.269
"2025-11-04 19:30:00",1330,"NAN",11.87,1416.043,1070.409,1738.794,1131.104,1189.151,944.1099,1687.417,3204.466,1187.779,731.4597,891.2729,1332.864,1220.144,991.8064,914.3978,3092.252,1232.711,1680.586,1360.12,973.5222,1658.516,1035.859,1096.213,849.9155,1604.272,3410.4,1096.667,633.1711,797.0035,1240.237,1128.265,896.0643,820.8502,3284.02,1151.217,1598.926
"2025-11-04 19:45:00",1331,"NAN",11.89,1416.951,1072.477,1737.376,1132.685,1186.173,946.3128,1688.084,3198.961,1187.842,733.1495,892.3043,1331.767,1220.813,993.9688,914.3445,3074.543,1233.694,1679.656,1359.882,974.6631,1655.993,1036.395,1092.538,851.0212,1604.465,3426.684,1095.685,633.6959,797.2278,1238.908,1127.935,897.0134,819.6085,3258.607,1151.087,1596.776
"2025-11-04 20:00:00",1332,"NAN",11.86,1417.015,1074.357,1745.061,1134.166,1183.958,947.3796,1691.462,3197.791,1187.449,735.2871,893.4694,1333.201,1220.852,995.6325,914.3923,3081.92,1234.05,1679.075,1358.321,974.7516,1661.88,1035.319,1087.969,849.8073,1605.41,3412.727,1093.759,633.5323,795.85,1237.264,1125.718,896.5122,818.2545,3256.41,1149.587,1594.641
"2025-11-04 20:15:00",1333,"NAN",11.89,1417.984,1075.944,1738.47,1134.497,1181.446,948.6155,1692.684,3191.543,1187.614,735.7862,893.2879,1327.473,1220.774,997.2068,912.5952,3047.213,1234.305,1677.618,1357.129,974.2907,1653.804,1034.44,1083.816,849.424,1605.238,3410.929,1092.335,632.9459,794.3077,1232.605,1123.94,896.1514,814.3192,3245.038,1148.064,1591.484
"2025-11-04 20:30:00",1334,"NAN",11.85,1415.6,1074.6,1734.996,1131.873,1177.146,947.3436,1690.001,3173.852,1184.923,735.832,891.557,1335.533,1220.567,998.5663,911.4497,3044.124,1232.176,1668.57,1356.499,974.5847,1652.117,1033.595,1081.104,849.9425,1603.842,3390.342,1090.617,634.8259,794.1927,1239.818,1125.035,899.1635,814.6924,3201.063,1147.051,1584.105
"2025-11-04 20:45:00",1335,"NAN",11.87,1416.405,1076.547,1741.445,1133.112,1175.421,949.5541,1686.246,3166.19,1185.397,738.084,893.7299,1337.419,1221.234,1000.485,912.4024,3021.57,1232.36,1668.677,1361.597,981.4106,1662.695,1039.376,1083.629,856.3293,1603.611,3359.41,1095.308,641.1404,800.7756,1246.562,1130.142,905.8917,820.2546,3182.412,1151.66,1588.18
"2025-11-04 21:00:00",1336,"NAN",11.88,1417.81,1078.808,1744.142,1134.853,1173.488,951.8842,1686.557,3158.969,1185.805,739.1693,894.4097,1332.887,1221.192,1000.92,913.0284,3010.058,1232.87,1667.105,1363.744,984.1576,1665.388,1041.378,1082.59,859.4696,1604.968,3348.853,1096.861,643.0096,802.1182,1242.332,1131.218,907.2327,821.6241,3163.734,1152.663,1586.684
"2025-11-04 21:15:00",1337,"NAN",11.88,1417.543,1080.208,1746.324,1135.49,1171.298,951.9398,1685.25,3170.584,1184.979,739.9874,895.2549,1330.616,1220.539,1002.683,912.4589,2975.775,1232.637,1664.409,1364.066,986.1188,1668.354,1043.761,1081.071,860.9095,1604.717,3351.592,1097.005,644.9965,804.052,1241.962,1132.004,910.0801,821.7173,3148.048,1153.359,1584.796
"2025-11-04 21:30:00",1338,"NAN",11.88,1418.291,1083.04,1748.955,1137.873,1170.001,953.1231,1688.299,3139.442,1185.146,741.0618,895.59,1331.268,1221.381,1004.643,913.3603,2936.801,1232.685,1662.809,1365.569,989.6315,1671.846,1045.927,1080.066,862.4161,1607.256,3347.289,1097.624,646.0544,804.3512,1242.024,1133.098,912.4617,823.0028,3100.807,1154.096,1583.756
"2025-11-04 21:45:00",1339,"NAN",11.88,1419.596,1084.789,1750.51,1139.432,1168.462,953.1532,1688.525,3137.976,1185.689,741.198,896.1454,1327.819,1222.26,1006.569,913.3549,2926.094,1233.279,1662.167,1367.426,991.967,1673.805,1048.456,1079.231,862.8985,1609.161,3317.448,1098.012,647.3533,806.1107,1239.662,1134.28,914.7095,823.6011,3073.743,1154.915,1583.718
"2025-11-04 22:00:00",1340,"NAN",11.87,1420.287,1086.987,1752.851,1141.579,1167.14,954.0374,1690.196,3152.284,1185.994,742.1846,897.9676,1320.249,1221.751,1007.542,914.2606,2891.089,1233.291,1662.08,1369.463,995.752,1676.505,1051.41,1079.297,865.3067,1611.822,3307.836,1099.63,649.0099,808.7187,1232.438,1135.154,917.6003,825.7635,3064.032,1156.572,1584.61
"2025-11-04 22:15:00",1341,"NAN",11.89,1422.775,1089.124,1754.484,1143.464,1165.455,955.1202,1693.524,3122.827,1186.556,743.6066,897.2863,1316.986,1221.436,1009.092,914.5665,2917.791,1233.864,1662.831,1371.38,998.39,1679.111,1054.053,1078.654,867.0819,1616.143,3303.308,1101.135,651.494,809.1127,1230.165,1136.097,919.7971,827.1815,3056.91,1158.079,1586.704
"2025-11-04 22:30:00",1342,"NAN",11.89,1425.643,1093.756,1759.631,1148.605,1167.353,959.0676,1698.286,3125.227,1190.316,747.0402,901.1145,1322.75,1224.081,1012.799,917.6585,2914.503,1238.294,1668.312,1373.739,1002.159,1683.708,1057.796,1078.44,869.6583,1618.998,3307.551,1102.97,653.8831,811.5412,1234.343,1136.551,921.5833,828.7236,3058.051,1160.595,1590.935
"2025-11-04 22:45:00",1343,"NAN",11.88,1425.21,1094.336,1759.847,1148.659,1165.052,958.9323,1699.171,3110.282,1189.057,747.006,901.3862,1324.188,1224.487,1013.672,917.1804,2894.938,1237.545,1665.366,1373.428,1001.906,1683.542,1057.742,1075.945,869.2693,1619.101,3290.101,1101.639,653.6448,811.6418,1235.172,1136.81,922.3074,827.9366,3039.55,1159.572,1587.632
"2025-11-04 23:00:00",1344,"NAN",11.89,1426.706,1096.293,1761.999,1150.018,1163.367,960.3135,1698.826,3124.564,1189.721,746.5143,900.7172,1320.424,1223.767,1014.283,916.6077,2893.438,1238.159,1668.203,1376.258,1005.753,1687.34,1060.914,1076.24,872.463,1621.887,3305.538,1103.742,654.2057,812.6664,1233.656,1137.838,924.4821,829.0605,3002.835,1161.64,1591.787
"2025-11-04 23:15:00",1345,"NAN",11.89,1425.225,1095.434,1760.632,1149.728,1161.496,959.7706,1696.807,3112.013,1187.657,746.5928,902.338,1319.386,1223.947,1015.237,915.7204,2825.044,1236.568,1663.536,1373.907,1003.846,1684.588,1059.114,1072.63,870.7056,1617.973,3290.069,1100.658,653.2369,812.936,1230.543,1136.461,924.2034,827.0366,2963.169,1158.548,1585.346
"2025-11-04 23:30:00",1346,"NAN",11.88,1429.038,1100.339,1767.057,1154.938,1162.109,963.3159,1699.332,3133.046,1190.532,747.0014,904.1891,1343.075,1224.325,1016.638,916.8237,2877.991,1241.156,1671.608,1376.989,1008.464,1691.413,1064.269,1073.111,873.7615,1619.76,3295.946,1103.124,653.5345,819.8405,1254.613,1136.757,925.328,827.9493,3021.772,1163.272,1594.228
"2025-11-04 23:45:00",1347,"NAN",11.88,1429.292,1100.777,1767.379,1155.159,1161.058,960.0964,1702.021,3105.722,1189.835,746.7854,905.6936,1342.431,1224.965,1017.854,916.3381,2850.524,1240.43,1670.094,1377.942,1009.727,1691.22,1064.88,1072.853,871.6187,1623.09,3300.713,1103.537,653.8689,820.9545,1254.601,1137.913,927.5874,828.1473,2971.749,1163.045,1592.981
"2025-11-05 00:00:00",1348,"NAN",11.89,1428.593,1099.901,1766.44,1154.279,1158.795,958.4453,1701.526,3125.291,1188.813,745.0723,898.7658,1314.277,1223.985,1017.577,914.5241,2737.818,1238.481,1668.604,1379.522,1011.015,1693.584,1065.916,1072.299,871.3303,1624.254,3300.12,1104.404,654.1353,810.8795,1229.383,1139.326,929.4153,828.0276,2816.886,1162.863,1592.69
"2025-11-05 00:15:00",1349,"NAN",11.85,1429.438,1101.783,1768.77,1155.672,1158.58,956.9333,1703.03,3101.42,1189.114,745.6711,891.939,1316.996,1224.218,1018.837,915.708,2677.187,1239.271,1668.996,1380.019,1011.844,1694.472,1066.938,1072.047,869.7675,1625.646,3292.982,1104.618,653.8536,802.5296,1231.114,1139.507,930.0886,828.4166,2836.894,1163.84,1593.802
"2025-11-05 00:30:00",1350,"NAN",11.88,1430.287,1102.372,1769.778,1156.182,1158.051,957.372,1705.218,3115.466,1189.469,745.8505,898.6002,1319.014,1224.327,1019.481,915.6369,2749.609,1240.093,1669.533,1380.617,1012.788,1696.177,1067.698,1071.645,869.8877,1627.93,3286.132,1104.495,654.6746,810.8389,1232.173,1139.251,930.6826,828.6185,2818.365,1164.073,1594.637
"2025-11-05 00:45:00",1351,"NAN",11.89,1431.28,1103.354,1770.72,1156.673,1157.811,958.2007,1704.497,3103.306,1190.655,745.9131,902.8022,1320.128,1225.107,1020.883,917.2095,2671.468,1240.371,1669.398,1381.057,1012.349,1695.962,1067.089,1069.829,869.8476,1626.765,3278.954,1104.576,653.2756,813.8107,1232.283,1139.016,931.1967,828.8489,2816.957,1163.792,1592.631
"2025-11-05 01:00:00",1352,"NAN",11.88,1432.394,1103.899,1772.822,1156.434,1157.279,959.1765,1705.635,3097.103,1191.436,749.3639,906.1827,1321.949,1226.246,1022.039,918.4521,2634.844,1240.77,1669.3,1379.728,1010.97,1696.397,1065.977,1066.858,868.729,1625.601,3279.574,1102.893,654.7804,814.7776,1231.846,1137.404,929.9152,827.7642,2811.129,1162.237,1590.556
"2025-11-05 01:15:00",1353,"NAN",11.89,1431.594,1102.529,1770.909,1154.552,1156.313,958.9548,1703.718,3087.872,1190.915,749.9427,908.8449,1324.56,1227.661,1023.468,917.6094,2556.247,1240.299,1664.364,1377.494,1007.613,1692.449,1063.29,1063.901,866.1673,1622.047,3270.012,1100.527,653.2926,815.8671,1232.387,1136.927,929.6129,825.6076,2804.51,1159.793,1584.253
"2025-11-05 01:30:00",1354,"NAN",11.86,1431.981,1102.59,1772.559,1155.381,1156.186,959.2906,1704.961,3115.866,1191.82,749.5044,910.4327,1326.498,1228.407,1024.731,918.0111,2546.698,1241.136,1661.812,1380.328,1009.455,1695.723,1064.454,1065.398,868.2363,1624.331,3277.583,1102.974,653.9716,818.7668,1236.081,1139.473,932.4263,827.0566,2764.79,1162.081,1582.557
"2025-11-05 01:45:00",1355,"NAN",11.89,1432.962,1102.512,1773.063,1158.669,1155.826,959.3986,1705.208,3107.615,1192.189,748.3704,912.4561,1333.542,1228.289,1025.074,917.9223,2510.46,1241.383,1661.359,1381.1,1008.871,1696.274,1066.249,1065.186,868.2196,1625.854,3265.678,1102.892,652.5645,821.0518,1243.62,1139.672,932.8765,826.783,2771.62,1162.398,1582.023
"2025-11-05 02:00:00",1356,"NAN",11.88,1435.164,1102.905,1775.674,1160.907,1156.603,960.7379,1707.923,3087.923,1193.053,747.4352,913.1,1329.254,1230.225,1026.814,919.5244,2583.041,1243.608,1660.524,1381.243,1007.66,1696.779,1066.624,1064.12,867.4168,1626.343,3279.996,1102.801,650.2555,819.4758,1236.989,1139.544,932.5692,826.819,2730.702,1162.459,1579.863
"2025-11-05 02:15:00",1357,"NAN",11.89,1436.789,1102.606,1776.696,1161.646,1156.616,961.019,1708.68,3115.057,1194.19,747.2488,914.0628,1329.313,1231.21,1027.347,920.2663,2507.397,1243.693,1659.083,1382.58,1006.448,1697.507,1067.841,1063.888,867.6754,1627.516,3274.072,1102.599,650.0387,821.085,1238.619,1140.388,932.6923,827.1529,2750.635,1162.638,1578.003
"2025-11-05 02:30:00",1358,"NAN",11.87,1437.309,1101.68,1778.783,1163.036,1156.603,961.3905,1709.633,3084.762,1193.797,748.3035,915.6769,1326.317,1231.917,1027.984,919.7984,2567.132,1244.695,1659.438,1380.149,1003.222,1697.722,1065.788,1060.665,865.1974,1625.64,3291.798,1100.267,647.8895,819.694,1231.651,1137.734,930.6269,823.9822,2725.377,1160.349,1575.314
"2025-11-05 02:45:00",1359,"NAN",11.88,1425.835,1085.296,1778.545,1162.71,1156.079,961.5588,1706.617,3097.777,1194.368,748.2327,916.6234,1322.935,1232.281,1028.833,920.0718,2554.277,1245.045,1657.944,1357.254,973.5526,1687.254,1053.609,1047.966,852.7722,1611.353,3313.619,1089.279,635.1207,807.7752,1215.798,1126.394,919.0001,811.3898,2778.069,1149.587,1563.327
"2025-11-05 03:00:00",1360,"NAN",11.89,1426.172,1084.897,1780.031,1164.085,1156.483,962.6967,1706.388,3125.849,1194.291,748.8354,918.0927,1317.79,1233.362,1029.161,921.1786,2568.765,1245.323,1657.208,1353.16,968.988,1685.548,1050.299,1043.635,849.2584,1606.904,3338.235,1084.891,631.5122,805.0742,1206.175,1122.575,914.5997,808.4769,2756.927,1145.572,1558.574
"2025-11-05 03:15:00",1361,"NAN",11.87,1427.204,1085.527,1781.208,1161.99,1155.81,963.0461,1707.669,3102.595,1194.798,749.2474,918.8828,1246.069,1234.112,1030.12,921.7207,2484.109,1245.132,1655.807,1352.428,967.703,1684.967,1046.844,1041.173,847.3891,1606.453,3329.812,1083.478,629.7155,803.2723,1131.723,1121.256,913.8013,806.8345,2788.738,1144.201,1555.375
"2025-11-05 03:30:00",1362,"NAN",11.88,1429.587,1087.321,1784.055,1164.024,1156.771,964.7583,1709.903,3120.696,1196.762,749.8473,919.8446,1248.56,1235.392,1031.699,923.7463,2493.245,1247.08,1656.809,1351.599,965.591,1684.227,1044.829,1038.819,845.4327,1605.843,3342.536,1081.696,626.5886,801.1586,1131.298,1119.861,911.8955,805.0864,2774.662,1142.403,1553.439
"2025-11-05 03:45:00",1363,"NAN",11.88,1430.02,1087.591,1786.212,1167.068,1157.722,966.8782,1711.847,3100.401,1197.746,750.6563,920.2936,1290.745,1237.06,1032.844,923.728,2518.549,1248.663,1657.583,1350.865,964.9703,1685.255,1045.2,1037.96,845.5502,1606.454,3347.144,1081.133,626.636,800.3776,1172.276,1119.731,911.7792,803.8785,2786.244,1142.071,1552.576
"2025-11-05 04:00:00",1364,"NAN",11.87,1431.074,1087.798,1791.775,1171.422,1159.708,969.8188,1713.864,3127.653,1200.082,751.0317,920.0388,1139.21,1237.014,1033.353,924.3963,2467.917,1252.118,1666.792,1351.443,965.3718,1692.968,1051.15,1040.377,849.5635,1609.253,3374.288,1083.963,627.3651,800.9122,1018.352,1119.718,911.8925,805.1525,2811.594,1146.688,1563.028
"2025-11-05 07:00:00",1365,"NAN",11.87,1431.571,1088.632,1791.889,1170.88,1159.018,968.0688,1715.373,3125.144,1199.2,750.9519,921.8433,1154.046,1237.876,1033.362,923.5341,2521.749,1251.882,1664.502,1352.168,965.9193,1692.093,1049.582,1039.336,847.6468,1610.677,3361.447,1082.808,626.619,801.4313,1033.584,1120.26,912.0236,803.6502,2770.548,1145.966,1559.843
"2025-11-05 08:00:00",1366,"NAN",11.87,1426.79,1084.054,1798.14,1162.316,1134.454,952.9927,1695.185,3128.967,1193.251,744.6749,923.5651,1181.705,1240.38,1033.186,881.7137,2502.39,1248.297,1647.533,1364.161,968.0103,1703.414,1048.412,1021.103,838.8929,1595.572,3379.281,1082.906,627.2059,810.3625,1069.331,1129.792,918.449,767.9069,2730.019,1147.059,1549.157
"2025-11-05 08:15:00",1367,"NAN",11.88,1422.297,1084.885,1806.457,1165.52,1138.936,952.1435,1691.112,3192.079,1198.87,747.7085,928.7892,1259.502,1243.84,1033.189,882.2899,2764.47,1256.983,1645.739,1368.734,969.9193,1713.511,1052.131,1026.696,839.0889,1592.351,3473.167,1090.075,630.9238,816.2094,1148.642,1134.383,919.8313,769.7452,2964.918,1157.351,1548.26
"2025-11-05 08:30:00",1368,"NAN",11.88,1442.012,1086.373,1807.274,1166.779,1143.106,951.6301,1690.417,3216.97,1203.098,749.2067,932.4111,1196.382,1245.188,1034.956,882.4714,2818.527,1259.456,1642.913,1372.371,970.9163,1715.143,1053.451,1030.443,838.3057,1591.184,3491.444,1092.813,632.6378,820.1104,1083.736,1134.384,920.4532,769.2968,3018.118,1158.8,1543.97
"2025-11-05 08:45:00",1369,"NAN",11.88,1443.673,1087.147,1811.591,1169.322,1147.382,952.1378,1691.474,3234.899,1206.259,751.3096,935.5351,1194.121,1246.432,1034.83,883.5417,2867.791,1264.106,1643.885,1371.998,970.075,1718.93,1054.908,1034.27,838.0059,1593.237,3539.388,1095.546,633.1487,822.4304,1082.136,1135.358,919.5231,769.2831,3076.748,1163.001,1544.971
"2025-11-05 09:00:00",1370,"NAN",11.88,1444.399,1087.386,1814.036,1169.611,1150.08,951.7991,1690.737,3273.878,1207.792,751.0992,941.9699,1197.375,1246.592,1034.194,882.9933,2879.747,1266.243,1641.092,1373.815,970.9441,1721.858,1055.527,1037.146,837.559,1591.407,3544.132,1097.658,633.2728,828.712,1081.916,1135.9,919.769,769.0881,3095.578,1165.497,1541.83
"2025-11-05 09:15:00",1371,"NAN",11.85,1446.159,1086.576,1815.331,1170.66,1153.361,949.1489,1690.667,3283.452,1209.221,750.1137,937.455,1184.327,1246.448,1032.36,882.1075,2912.778,1268.268,1638.812,1376.252,971.1154,1724.502,1058.085,1041.374,836.4122,1593.054,3576.292,1099.576,633.5999,825.6062,1073.072,1136.766,918.6815,769.3579,3130.161,1168.528,1540.901
"2025-11-05 09:30:00",1372,"NAN",11.88,1445.902,1085.437,1810.971,1165.34,1152.375,942.1479,1683.627,3317.595,1207.066,750.817,940.5643,1194.987,1246.85,1032.643,880.5649,2913.249,1264.874,1624.34,1377.182,971.1879,1721.143,1053.191,1041.618,830.4666,1586.253,3574.525,1098.907,634.8043,829.5717,1085.198,1138.43,919.8764,768.4631,3112.862,1166.405,1526.62
"2025-11-05 09:45:00",1373,"NAN",11.86,1446.734,1085.177,1819.555,1170.463,1157.267,943.0302,1688.361,3307.587,1211.191,751.017,939.2822,1182.661,1246.611,1030.98,882.3014,2968.46,1270.832,1629.701,1378.593,971.3964,1730.368,1058.755,1047.184,831.5557,1591.699,3604.4,1103.709,636.2856,828.564,1072.876,1138.426,918.9888,771.4434,3179.468,1172.753,1532.731
"2025-11-05 10:00:00",1374,"NAN",11.89,1448.186,1085.009,1816.858,1166.868,1158.197,938.9192,1679.16,3314.751,1208.878,748.9869,935.9263,1177.922,1247.584,1030.071,880.3665,2950.241,1268.977,1617.67,1380.401,971.1738,1727.385,1055.004,1047.817,827.1312,1581.323,3589.896,1101.187,633.9467,825.2045,1066.433,1139.245,917.6353,768.9089,3186.379,1170.998,1520.269
"2025-11-05 10:15:00",1375,"NAN",11.86,1445.355,1082.43,1825.062,1171.617,1162.044,938.351,1679.681,3326.429,1209.948,746.6059,934.5615,1189.465,1243.919,1025.929,879.3635,3027.7,1273.554,1622.852,1382.309,972.9184,1739.745,1064.252,1056.278,831.1776,1586.193,3627.097,1106.54,635.8809,827.6878,1082.687,1139.699,917.9514,772.4729,3261.748,1179.453,1529.663
"2025-11-05 10:30:00",1376,"NAN",11.85,1449.947,1083.537,1829.809,1175.046,1167.316,937.154,1697.908,3337.791,1211.966,746.092,936.7796,1232.51,1245.735,1024.432,879.3492,3068.191,1276.7,1621.391,1388.781,975.9423,1746.446,1069.653,1063.175,831.8068,1606.69,3626.935,1109.789,637.6122,832.3672,1127.039,1142.541,918.336,774.5466,3292.105,1183.566,1529.539
"2025-11-05 10:45:00",1377,"NAN",11.88,1450.839,1083.829,1834.464,1180.677,1173.818,934.1354,1669.862,3343.48,1213.039,745.5833,939.8242,1259.817,1246.78,1023.675,879.6436,3079.275,1278.654,1614.88,1388.595,973.5847,1750.756,1073.524,1068.087,826.7427,1576.392,3643.77,1109.377,634.6583,833.3049,1154.504,1142.301,915.384,772.1796,3335.02,1184.637,1521.634
"2025-11-05 11:00:00",1378,"NAN",11.85,1456.297,1085.691,1843.61,1188.699,1181.354,937.1705,1671.85,3347.399,1215.137,745.4359,943.2354,1275.465,1248.785,1022.991,879.0512,3110.464,1280.201,1607.871,1391.516,974.472,1758.258,1079.302,1073.658,827.4292,1577.18,3654.202,1109.442,632.0285,834.8885,1168.595,1141.94,912.5707,769.9969,3369.755,1184.149,1511.825
"2025-11-05 11:15:00",1379,"NAN",11.88,1476.753,1109.807,1876.839,1225.865,1228.19,977.5056,1683.991,3377.809,1218.648,743.48,960.3909,1304.135,1263.789,1037.007,878.8145,3141.146,1284.324,1603.066,1414.062,999.0242,1793.528,1117.948,1121.508,868.2202,1590.29,3648.693,1113.05,631.2624,852.3502,1197.61,1157.642,927.5178,769.9626,3407.103,1188.213,1507.958
"2025-11-05 11:30:00",1380,"NAN",11.88,1510.047,1152.534,1900.941,1258.068,1267.25,1004.938,1685.387,3355.588,1219.219,744.4656,980.6119,1324.327,1275.328,1050.098,878.0862,3147.678,1284.607,1593.469,1448.002,1042.933,1819.423,1150.53,1161.348,895.9096,1590.603,3663.904,1114.993,631.3069,871.9745,1219.126,1170.285,940.3604,769.072,3431.021,1189.194,1497.917
"2025-11-05 11:45:00",1381,"NAN",11.87,1500.678,1141.757,1917.215,1281.512,1293.094,1026.889,1690.321,3340.075,1222.497,742.5255,997.9619,1346.136,1290.11,1060.073,877.699,3159.506,1286.185,1584.631,1439.196,1031.205,1836.688,1174.856,1188.299,918.0095,1596.761,3664.933,1118.166,630.1105,889.7489,1242.039,1185.145,950.4146,769.1346,3438.839,1190.583,1488.231
"2025-11-05 12:00:00",1382,"NAN",11.89,1517.104,1163.747,1939.866,1312.891,1326.028,1059.377,1711.437,3347.858,1223.593,740.7889,1031.114,1395.426,1304.884,1077.956,876.0066,3166.668,1286.843,1575.425,1457.216,1054.568,1861.858,1207.763,1222.83,951.7291,1618.196,3672.362,1120.393,629.0367,924.142,1292.278,1200.826,969.6689,768.2147,3461.246,1191.771,1480.236
"2025-11-05 12:15:00",1383,"NAN",11.88,1518.246,1157.315,1942.842,1317.793,1329.314,1057.307,1716.835,3373.096,1223.901,734.6281,1026.136,1376.127,1302.072,1072.618,876.3834,3169.499,1285.405,1567.401,1457.993,1048.93,1866.201,1214.113,1226.593,950.6457,1625.47,3664.717,1120.406,623.7296,928.968,1298.248,1198.58,964.6193,769.4758,3473.965,1191.415,1472.272
"2025-11-05 12:30:00",1384,"NAN",11.88,1527.161,1173.393,1955.547,1329.473,1348.556,1083.635,1723.52,3336.579,1227.429,737.0353,1049.336,1416.729,1314.23,1079.621,877.2781,3162.638,1287.209,1562.509,1469.042,1065.349,1879.155,1225.994,1246.274,977.5731,1632.952,3642.117,1123.647,626.3082,944.3387,1312.719,1210.941,972.3335,770.5703,3454.024,1193.474,1467.786
"2025-11-05 12:45:00",1385,"NAN",11.85,1509.654,1151.879,1936.773,1311.797,1325.339,1041.822,1684.841,3348.121,1220.694,731.7621,1028.793,1308.297,1294.142,1058.717,873.8436,3187.104,1281.078,1547.927,1449.088,1043.162,1858.573,1207.716,1223.035,935.2997,1593.35,3661.533,1116.941,620.949,924.1824,1206.865,1190.832,950.904,767.0529,3482.575,1186.962,1451.73
"2025-11-05 13:00:00",1386,"NAN",11.89,1506.628,1149.443,1919.032,1286.792,1299.58,999.8839,1689.748,3380.068,1215.784,727.6494,1018.275,1336.652,1274.136,1032.574,870.9647,3210.868,1276.389,1540.062,1446.571,1041.921,1841.128,1183.253,1197.64,893.9644,1598.619,3663.851,1113.198,617.9368,913.8919,1235.49,1171.567,924.9299,764.8734,3489.256,1183.181,1444.623
"2025-11-05 13:15:00",1387,"NAN",11.88,1466.599,1102.472,1903.28,1257.019,1281.695,957.9538,1685.196,3350.475,1210.293,724.2301,1003.784,1336.672,1258.227,1010.712,869.3263,3192.981,1271.488,1534.641,1407.153,995.6528,1824.986,1158.372,1180.531,852.9613,1595.131,3659.557,1109.347,615.3521,900.3529,1236.233,1157.174,904.5838,764.6101,3482.024,1179.958,1440.524
"2025-11-05 13:30:00",1388,"NAN",11.88,1455.098,1087.85,1891.757,1244.434,1270.354,934.0363,1687.047,3362.704,1208.982,722.9437,985.0778,1286.021,1250.293,998.9196,871.3631,3225.25,1269.854,1534.535,1394.817,980.7575,1813.528,1140.983,1168.838,829.0334,1596.443,3660.716,1107.675,614.2456,881.2792,1184.526,1149.276,892.4529,767.0319,3488.885,1178.212,1440.471
"2025-11-05 13:45:00",1389,"NAN",11.88,1442.079,1072.077,1878.829,1224.895,1256.25,918.7664,1677.16,3353.59,1203.524,717.5165,972.5538,1280.51,1241.588,988.8327,871.3177,3211.132,1263.489,1530.327,1386.16,969.692,1803.776,1126.122,1159.528,818.6152,1590.774,3645.134,1106.943,614.0851,873.6353,1184.169,1145.666,887.9537,771.4163,3494.778,1177.022,1441.275
"2025-11-05 14:00:00",1390,"NAN",11.88,1437.139,1063.994,1871.611,1212.93,1248.543,916.2105,1656.438,3340.865,1202.554,717.8135,966.5385,1242.867,1239.125,987.5872,873.7613,3215.414,1262.576,1531.2,1380.537,960.9063,1795.443,1113.402,1151.334,815.1793,1569.144,3640.929,1106.088,614.137,866.9861,1144.935,1142.562,885.4352,773.9832,3491.849,1175.365,1441.135
"2025-11-05 14:15:00",1391,"NAN",11.83,1431.205,1056.243,1863.793,1201.796,1240.492,913.5099,1673.173,3344.524,1200.368,716.61,961.2117,1268.161,1237.553,986.056,875.2444,3213.805,1261.293,1530.553,1375.334,953.3552,1787.893,1102.24,1143.249,813.1887,1586.878,3651.092,1103.267,612.5098,862.2485,1170.685,1141.025,884.4297,775.7787,3499.723,1174.21,1440.849
"2025-11-05 14:30:00",1392,"NAN",11.86,1422.287,1046.898,1850.694,1184.483,1228.757,907.2042,1669.265,3360.202,1193.276,714.1071,954.3546,1044.289,1231.989,980.938,874.3485,3216.812,1257.361,1525.025,1365.292,943.7458,1773.945,1085.128,1131.202,806.8116,1582.776,3649.368,1095.961,610.4858,855.3597,943.9833,1134.834,879.1946,774.842,3499.714,1169.541,1435.197
"2025-11-05 14:45:00",1393,"NAN",11.87,1414.509,1039.89,1837.213,1168.363,1216.906,904.7128,1666.696,3381.359,1191.814,718.1476,952.2733,1051.221,1230.552,981.5108,880.0349,3207.742,1253.828,1522.6,1356.568,936.7504,1758.433,1067.533,1118.736,803.4456,1579.895,3653.662,1093.876,613.9568,852.746,950.1503,1133.057,879.1111,779.8923,3493.307,1165.716,1432.186
"2025-11-05 15:00:00",1394,"NAN",11.87,1415.111,1040.021,1835.072,1162.447,1213.45,909.1392,1671.586,3380.007,1191.337,718.0782,948.614,1064.457,1231.31,981.8118,880.883,3205.345,1256.833,1530.007,1356.784,936.3117,1756.749,1061.618,1115.226,807.9459,1584.398,3652.858,1093.137,613.6021,848.9972,963.6241,1133.142,878.8542,780.7741,3479.6,1168.517,1439.46
"2025-11-05 15:15:00",1395,"NAN",11.86,1409.008,1037.641,1827.644,1153.608,1205.376,907.5406,1667.21,3374.512,1185.922,716.4045,943.3224,1068.046,1226.635,978.9912,878.0503,3216.668,1253.321,1527.237,1353.737,936.7939,1750.673,1055.2,1109.29,809.4292,1581.816,3644.903,1090.248,614.4932,846.5132,969.0154,1130.939,879.5724,780.7399,3489.495,1167.46,1439.443
"2025-11-05 15:30:00",1396,"NAN",11.87,1408.807,1038.988,1817.312,1145.231,1199.583,914.1577,1661.098,3354.199,1179.452,715.788,944.2455,1050.381,1228.649,982.0582,879.2107,3235.915,1254.72,1531.089,1349.574,935.4905,1737.594,1045.005,1101.78,810.2824,1582.07,3639.967,1089.593,615.9491,845.8049,950.6568,1132.124,880.9441,780.3008,3478.973,1167.347,1441.902
"2025-11-05 15:45:00",1397,"NAN",11.87,1387.583,1037.984,1785.732,1131.847,1191.522,912.8351,1653.774,3340.873,1145.614,678.097,906.1506,1015.987,1180.604,948.3096,857.8277,3156.919,1244.391,1519.126,1320.113,929.8856,1700.043,1026.263,1088.427,807.6631,1566.259,3631.662,1069.128,607.5142,840.7429,972.4574,1118.044,876.052,770.3536,3442.862,1158.911,1438.241
"2025-11-05 16:00:00",1398,"NAN",11.88,1398.179,1041.478,1784.853,1123.267,1175.121,903.493,1643.488,3328.665,1161.302,703.7313,930.6457,1059.952,1205.779,970.3638,862.2314,3161.836,1239.343,1519.65,1339.629,941.8763,1707.162,1026.209,1079.76,806.2382,1558.477,3609.118,1069.337,606.5383,839.3192,969.0948,1118.242,879.0791,771.2413,3413.198,1156.053,1434.385
"2025-11-05 16:15:00",1399,"NAN",11.88,1394.431,1039.181,1767.255,1099.945,1147.123,880.2527,1586.013,3330.945,1129.962,678.4488,900.9112,1024.875,1193.314,967.1501,842.7727,3152.759,1215.356,1501.98,1359.598,965.1407,1711.448,1027.497,1076.788,808.7757,1521.889,3579.011,1060.539,603.4353,830.3405,951.9747,1124.816,894.9666,772.2307,3383.433,1155.773,1438.507
"2025-11-05 16:30:00",1400,"NAN",11.86,1393.023,1036.126,1757.777,1096.832,1136.258,876.7623,1579.117,3298.221,1118.93,675.1583,891.9103,1020.392,1172.69,956.5416,837.5208,3122.458,1209.233,1495.63,1362.435,967.3442,1705.289,1029.3,1070.541,810.2577,1519.382,3526.083,1053.528,605.4011,825.9706,952.6114,1108.6,888.8914,771.8768,3324.573,1153.968,1436.931
"2025-11-05 16:45:00",1401,"NAN",11.87,1391.344,1037.128,1737.103,1096.564,1125.499,878.5801,1582.923,3275.731,1115.863,675.5579,886.1078,1024.549,1159.978,952.3048,833.403,3079.263,1199.447,1498.261,1362.642,970.3072,1685.671,1030.832,1061.691,814.056,1524.67,3485.431,1052.435,607.4362,821.77,958.0849,1097.316,886.5717,769.4057,3266.517,1145.574,1441.098
"2025-11-05 17:00:00",1402,"NAN",11.88,1390.758,1039.908,1715.343,1097.256,1117.313,881.4952,1585.146,3281.772,1114.807,676.9838,885.3748,1028.71,1153.943,952.1256,831.3468,3066.145,1190.814,1500.302,1363.454,974.4885,1664.4,1032.944,1055.063,818.6868,1527.973,3463.223,1052.893,610.7023,822.6837,964.1124,1093.026,888.0914,768.8644,3225.51,1138.28,1444.451
"2025-11-05 17:15:00",1403,"NAN",11.87,1390.116,1043.53,1699.689,1097.924,1111.724,883.5159,1585.913,3266.272,1115.172,678.7039,883.8967,1028.807,1151.276,953.3458,831.0219,3046.938,1185.032,1505.093,1362.62,977.6138,1646.943,1032.981,1048.714,819.9255,1528.58,3451.744,1052.904,611.6642,820.1868,963.6331,1090.205,888.8109,768.0292,3217.04,1132.127,1448.517
"2025-11-05 17:30:00",1404,"NAN",11.88,1389.635,1046.81,1692.424,1098.22,1107.187,884.7899,1586.049,3277.056,1116.103,680.6666,884.2249,1031.889,1149.763,954.7407,831.2448,3030.576,1181.36,1507.298,1361.344,980.7077,1639.667,1033.353,1044.334,821.4947,1529.042,3451.385,1053.46,613.5642,820.903,967.148,1088.482,890.1392,768.2596,3205.334,1127.905,1450.578
"2025-11-05 17:45:00",1405,"NAN",11.88,1388.357,1049.518,1688.432,1098.222,1103.652,885.9462,1586.628,3254.547,1116.307,682.4282,885.1577,1012.331,1149.005,956.5212,831.8682,3024.822,1178.664,1509.078,1358.716,982.0351,1633.878,1031.783,1039.003,820.9531,1527.792,3454.451,1052.559,613.9799,819.8393,945.9817,1086.218,890.3929,767.1595,3210.42,1123.831,1451.182
"2025-11-05 18:00:00",1406,"NAN",11.87,1386.57,1052.33,1685.669,1098.733,1100.506,887.1266,1572.192,3254.757,1116.742,683.8961,886.0595,1015.317,1148.113,957.687,831.7078,3015.775,1176.544,1510.731,1357.508,985.8894,1632.311,1032.886,1036.814,823.35,1513.651,3459.307,1053.811,616.3196,821.8865,949.7902,1085.877,892.4611,768.3134,3198.619,1122.677,1453.49
"2025-11-05 18:15:00",1407,"NAN",11.88,1385.592,1055.212,1685.018,1098.697,1098.114,888.0434,1568.209,3245.802,1116.953,684.2004,887.794,1009.279,1147.858,959.2239,831.9807,2997.037,1175.428,1513.473,1356.197,988.732,1631.337,1033.119,1034.388,824.2554,1510.145,3445.796,1053.798,617.1596,823.9253,943.707,1085.571,893.9044,768.5257,3169.714,1121.194,1456.211
"2025-11-05 18:30:00",1408,"NAN",11.88,1383.733,1057.484,1684.642,1098.336,1095.51,888.5284,1569.888,3246.023,1117.258,685.1547,889.2015,1014.371,1146.965,959.9117,831.6692,2982.443,1173.684,1512.62,1355.513,991.899,1631.632,1033.643,1032.658,825.7591,1512.907,3445.251,1054.59,618.3554,826.0363,949.9756,1085.603,895.6993,768.9581,3146.02,1120.599,1456.125
"2025-11-05 18:45:00",1409,"NAN",11.86,1382.489,1059.034,1684.52,1098.383,1093.08,889.0133,1570.264,3274.062,1116.603,684.775,889.695,1015.304,1146.049,960.5579,828.8896,2963.36,1172.527,1512.297,1353.825,993.3129,1631.933,1033.797,1029.787,825.9907,1512.909,3450.995,1053.699,618.3766,826.5965,950.1072,1084.363,896.0427,765.951,3132.331,1119.432,1456.175
"2025-11-05 19:00:00",1410,"NAN",11.88,1381.07,1060.381,1685.007,1098.263,1090.646,889.1973,1569.697,3262.193,1116.764,684.4969,891.2472,1012.98,1145.827,961.187,828.2486,2943.744,1172.034,1513.058,1352.394,994.8734,1632.338,1033.837,1027.579,826.41,1512.397,3454.612,1053.63,617.5992,828.0181,948.234,1084.119,896.6385,765.1795,3102.056,1118.74,1456.815
"2025-11-05 19:15:00",1411,"NAN",11.88,1379.396,1061.288,1683.399,1097.634,1087.911,889.1227,1565.79,3258.025,1115.667,681.172,892.2783,1014.775,1131.193,945.2985,827.4499,2923.272,1171.048,1511.342,1350.741,995.859,1630.795,1032.671,1024.713,826.2844,1508.136,3462.763,1052.999,614.3388,828.6895,949.8538,1069.809,880.6416,764.595,3093.639,1117.791,1455.36
"2025-11-05 19:30:00",1412,"NAN",11.88,1379.339,1063.193,1684.835,1098.53,1086.391,890.213,1565.188,3273.305,1116.117,679.3844,893.9136,1018.981,1132.479,947.084,827.0292,2909.331,1171.412,1511.852,1351.507,998.3305,1632.945,1034.837,1024.148,828.4542,1508.465,3450.92,1053.88,613.5424,831.8279,955.1648,1071.475,883.1707,765.0901,3050.43,1118.9,1456.42
"2025-11-05 19:45:00",1413,"NAN",11.85,1378.296,1063.937,1685.623,1098.286,1083.911,883.4334,1562.567,3255.749,1115.576,679.5741,894.6415,1018.453,1131.345,947.3019,826.5402,2874.662,1170.19,1508.899,1351.175,1000.021,1635.159,1036.411,1023.218,822.6359,1507.817,3449.425,1054.464,615.312,834.1329,956.6631,1071.834,884.593,765.9233,3051.568,1118.769,1454.989
"2025-11-05 20:00:00",1414,"NAN",11.87,1378.304,1065.648,1687.779,1100.28,1083.29,883.4223,1562.083,3255.906,1115.764,681.2418,897.3474,1018.012,1131.371,948.0998,826.305,2806.921,1170.94,1507.201,1350.889,1002.014,1636.611,1037.317,1021.883,822.4226,1505.464,3448.688,1054.572,616.2198,835.402,954.7623,1071.313,885.0803,765.3342,3010.586,1119.045,1451.829
"2025-11-05 20:15:00",1415,"NAN",11.84,1375.013,1063.953,1686.134,1098.537,1079.208,880.774,1558.639,3268.439,1113.083,677.1888,895.4875,1018.031,1128.723,945.9778,823.7648,2832.499,1168.552,1504.158,1350.852,1003.566,1638.073,1038.981,1020.984,822.8109,1505.601,3441.809,1054.342,615.313,837.0486,958.3665,1071.884,885.9149,765.9812,3020.419,1119.625,1452.526
"2025-11-05 20:30:00",1416,"NAN",11.88,1373.667,1063.754,1685.488,1098.456,1077.145,880.9019,1554.356,3259.228,1111.901,676.0269,894.9419,1019.911,1128.072,946.4053,822.9278,2773.612,1166.982,1501.272,1349.855,1004.362,1638.389,1039.96,1019.599,823.5519,1501.857,3433.452,1053.792,615.574,837.6053,960.4384,1071.709,887.4642,766.033,2966.319,1118.699,1449.829
"2025-11-05 20:45:00",1417,"NAN",11.88,1369.934,1062.354,1683.224,1096.427,1073.696,879.1179,1549.399,3252.719,1109.149,675.3453,896.4502,1019.332,1126.725,945.9853,820.7275,2762.366,1163.895,1496.898,1347.331,1003.794,1636.578,1038.475,1017.39,822.9097,1497.987,3403.246,1051.876,615.5258,840.0701,961.3527,1071.618,887.927,764.9583,2908.575,1116.261,1446.83
"2025-11-05 21:00:00",1418,"NAN",11.87,1367.14,1061.335,1683.107,1094.727,1069.473,875.9246,1546.293,3246.622,1106.245,671.1301,893.0746,1015.927,1121.864,942.1903,816.5717,2747.371,1161.288,1497.12,1349.526,1007.588,1640.643,1041.878,1017.996,824.6364,1499.6,3411.288,1054.293,616.1381,841.2085,962.8955,1072.16,889.3395,765.6642,2948.467,1118.824,1451.195
"2025-11-05 21:15:00",1419,"NAN",11.88,1362.539,1058.257,1680.926,1091.6,1064.185,872.1703,1541.908,3248.735,1101.525,667.0184,890.3859,1011.512,1117.279,937.8015,811.9479,2731.083,1156.425,1492.587,1349.458,1009.754,1642.214,1043.462,1017.662,825.8859,1499.08,3406.408,1054.704,617.1394,843.5938,963.1641,1072.444,890.1744,765.8483,2911.246,1118.812,1450.733
"2025-11-05 21:30:00",1420,"NAN",11.86,1362.304,1058.859,1680.945,1090.877,1062.152,871.6311,1539.594,3256.04,1100.803,665.5727,890.4758,1008.117,1116.464,937.7254,809.8967,2583.85,1153.824,1490.659,1350.116,1011,1644.257,1044.687,1016.852,826.8828,1498.312,3405.958,1054.74,617.4073,845.5623,961.3058,1072.93,891.2509,765.4304,2725.473,1116.988,1450.329
"2025-11-05 21:45:00",1421,"NAN",11.85,1363.085,1061.656,1684.051,1093.233,1062.994,873.3028,1540.296,3261.691,1102.262,668.2551,893.5101,1010.447,1117.522,939.9178,811.4973,2523.45,1154.735,1492.66,1350.531,1012.612,1646.206,1045.807,1016.619,827.3756,1498.07,3409.712,1055.072,618.5952,847.1998,962.9344,1072.776,892.1816,765.624,2700.57,1117.137,1451.766
"2025-11-05 22:00:00",1422,"NAN",11.88,1364.081,1065.988,1686.126,1094.553,1062.91,874.0646,1540.325,3242.932,1102.666,669.433,895.2358,1012.667,1117.933,940.7763,811.6326,2524.347,1155.536,1493.112,1350.882,1015.087,1648.229,1048.627,1016.966,827.7383,1498.407,3393.431,1055.638,620.2258,849.5533,965.3934,1073.11,893.008,766.1147,2694.817,1117.973,1452.125
"2025-11-05 22:15:00",1423,"NAN",11.88,1365.253,1064.51,1687.572,1096.12,1062.958,874.9304,1541.916,3238.582,1103.406,670.1045,895.6642,1014.003,1118.48,942.295,811.1876,2523.507,1156.4,1494.337,1351.574,1015.601,1649.419,1048.213,1015.917,828.3138,1498.627,3390.17,1055.882,620.2905,849.0621,965.9599,1073.189,894.0028,764.7942,2650.305,1118.132,1451.603
"2025-11-05 22:30:00",1424,"NAN",11.88,1353.813,1054.614,1679.597,1085.932,1051.609,863.7148,1514.55,3260.28,1093.224,658.4265,886.6143,1003.631,1107.364,931.7879,800.1628,2500.863,1145.37,1481.672,1351.276,1017.513,1651.585,1049.621,1016.536,829.3097,1482.506,3394.685,1056.8,620.7828,851.8845,967.2874,1073.706,895.4328,766.1873,2642.944,1118.765,1450.49
"2025-11-05 22:45:00",1425,"NAN",11.88,1291.365,990.5102,1626.603,1021.848,986.0032,798.3333,1460.62,3468.292,1029.894,592.5666,823.2035,939.8,1041.395,866.6354,734.4527,2679.942,1082.462,1421.467,1348.698,1018.443,1652.953,1050.777,1016.357,830.4849,1487.404,3386.372,1056.612,621.1852,854.3217,968.2401,1072.702,896.0607,766.3019,2617.256,1119.1,1450.021
"2025-11-05 23:00:00",1426,"NAN",11.88,1289.871,989.1775,1626.678,1020.728,983.9966,797.2703,1466.086,3471.498,1028.561,591.5616,823.6112,939.0052,1040.438,865.8329,732.9268,2652.591,1080.88,1420.077,1348.519,1018.826,1654.087,1051.107,1015.697,830.5185,1494.046,3383.667,1056.944,621.5625,855.8732,968.5578,1073.106,896.5267,766.1689,2602.734,1118.526,1449.646
"2025-11-05 23:15:00",1427,"NAN",11.88,1289.559,989.5324,1626.853,1020.605,982.5844,796.85,1471,3468.743,1028.466,591.843,824.0546,936.399,1039.594,865.7805,731.7886,2662.527,1079.945,1418.658,1335.481,1005.379,1642.927,1037.472,1000.665,816.278,1487.351,3422.01,1044.239,608.1713,842.9576,952.8247,1059.014,882.7653,751.0726,2665.869,1105.411,1435.684
"2025-11-05 23:30:00",1428,"NAN",11.87,1289.302,989.6684,1627.854,1021.324,981.6052,796.6873,1470.753,3458.355,1027.813,586.4836,824.9832,937.7989,1039.617,865.8754,730.3788,2643.625,1079.149,1417.713,1328.639,998.5251,1638.252,1030.819,992.773,809.0035,1479.405,3435.276,1037.432,595.8585,836.7379,947.0984,1051.858,875.9923,742.9084,2652.103,1098.066,1428.807
"2025-11-05 23:45:00",1429,"NAN",11.88,1290.564,990.4263,1629.212,1021.818,981.1453,797.269,1467.16,3453.192,1028.011,588.1019,825.8329,938.2118,1039.57,866.4344,708.8149,2616.648,1079.183,1416.947,1329.376,999.0123,1639.039,1031.659,992.1682,809.5668,1477.185,3433.573,1037.008,597.0422,837.8558,948.2153,1052.005,876.1545,720.9121,2619.653,1097.688,1428.017
"2025-11-06 00:00:00",1430,"NAN",11.88,1290.875,990.7634,1630.84,1023.072,981.03,797.7953,1467.384,3441.64,1028.299,589.4519,826.7528,939.1902,1040.008,867.0766,705.1151,2591.167,1079.12,1415.6,1329.11,999.4466,1640.833,1032.681,991.8478,810.0007,1477.409,3418.22,1036.977,598.789,838.8776,948.762,1052.009,876.7343,717.4006,2606.372,1097.685,1426.797
"2025-11-06 00:15:00",1431,"NAN",11.89,1292.355,993.1894,1634.34,1026.052,981.9606,799.6616,1465.714,3437.402,1029.424,590.1749,829.0207,940.7463,1039.93,867.4821,696.527,2607.619,1080.271,1418.206,1330.987,1001.806,1644.131,1035.76,992.9077,811.8941,1475.209,3414.64,1038.82,599.5155,840.809,949.9024,1052.327,877.589,708.5486,2621.908,1098.846,1429.324
"2025-11-06 00:30:00",1432,"NAN",11.88,1292.675,993.9436,1635.746,1027.424,982.376,800.4072,1466.685,3422.105,1030.038,590.3995,830.6456,940.8394,1040.275,868.2129,692.1099,2607.413,1081.32,1418.158,1331.619,1002.832,1645.849,1037.079,993.311,812.7072,1475.893,3403.546,1039.707,599.8168,842.3765,949.8596,1052.662,878.6353,703.8905,2603.396,1099.598,1428.93
"2025-11-06 00:45:00",1433,"NAN",11.87,1292.306,993.1504,1635.613,1027.974,982.1044,800.4094,1461.663,3405.317,1029.944,590.9184,831.5389,941.9963,1040.799,869.2344,695.3846,2613.628,1081.267,1415.765,1331.388,1002.516,1646.117,1037.714,993.2622,812.9214,1470.926,3385.321,1039.922,600.7554,843.4916,951.1825,1053.13,879.5498,707.6746,2639.65,1100.173,1427.231
"2025-11-06 01:00:00",1434,"NAN",11.88,1292.267,994.1542,1636.184,1028.827,982.3276,801.0331,1456.528,3400.812,1030.968,590.6069,833.1802,942.1414,1040.966,870.1768,696.213,2662.536,1082.627,1415.802,1331.726,1003.222,1646.577,1038.844,993.6931,813.6262,1466.856,3379.522,1040.766,600.3637,845.4209,951.5971,1053.552,880.8486,708.5998,2699.582,1101.596,1427.011
"2025-11-06 01:15:00",1435,"NAN",11.88,1292.853,995.2143,1639.057,1030.967,983.2148,801.9016,1446.081,3401.197,1032.073,591.6446,834.0318,942.7299,1041.135,870.9348,696.5654,2720.878,1084.778,1417.312,1332.283,1004.424,1649.534,1041.075,994.6619,814.7435,1456.857,3379.905,1042.25,601.3855,846.0376,952.4684,1054.089,881.3961,709.0165,2713.342,1103.811,1428.646
"2025-11-06 01:30:00",1436,"NAN",11.88,1294.898,995.9178,1641.332,1032.887,984.0021,802.6267,1432.969,3394.603,1033.07,592.568,835.8615,943.8832,1041.97,871.9736,697.4561,2761.449,1086.129,1418.186,1334.273,1005.098,1651.689,1043.238,995.6481,815.5865,1444.308,3377.212,1043.172,602.2167,848.2858,954.0231,1055.158,882.628,709.9191,2727.878,1105.192,1429.395
"2025-11-06 01:45:00",1437,"NAN",11.87,1295.251,995.2993,1641.496,1034.109,984.312,803.0647,1439.212,3382.942,1032.383,592.7635,838.132,943.3824,1042.315,871.888,697.4218,2752.656,1086.022,1416.743,1334.412,1004.863,1652.472,1044.191,996.0709,815.8965,1451.464,3360.87,1042.396,602.8062,850.6653,953.4747,1055.324,882.5031,710.1854,2743.25,1105.137,1428.339
"2025-11-06 02:00:00",1438,"NAN",11.87,1296.464,996.0673,1642.884,1035.354,985.1424,803.6079,1442.971,3376.338,1033.37,593.4214,840.0211,944.0035,1043.104,873.3693,698.6956,2731.473,1086.666,1416.605,1336.037,1005.258,1653.308,1045.323,996.6718,816.2561,1453.253,3361.094,1043.246,603.0068,851.9393,953.861,1056.143,883.8383,711.0052,2725.289,1105.807,1427.886
"2025-11-06 02:15:00",1439,"NAN",11.88,1297.738,996.7917,1644.927,1036.974,986.5082,804.6451,1440.434,3373.241,1033.926,594.4762,842.8739,946.1675,1044.474,874.3919,699.5848,2598.67,1086.021,1417.1,1336.936,1005.984,1655.35,1046.739,997.6025,817.0776,1450.138,3352.939,1043.572,603.8278,854.884,955.3202,1056.908,884.7838,711.9575,2607.177,1104.664,1428.567
"2025-11-06 02:30:00",1440,"NAN",11.87,1299.561,997.8687,1647.43,1038.316,987.6193,805.3774,1451.324,3371.954,1035.544,596.3724,844.4286,946.6711,1046.403,876.1097,700.2278,2554.805,1086.266,1417.911,1338.625,1006.385,1657.411,1047.868,998.6684,817.457,1461.294,3353.969,1044.973,605.5436,856.117,956.0562,1058.68,886.1234,712.3184,2554.905,1104.738,1428.54
"2025-11-06 02:45:00",1441,"NAN",11.87,1300.139,997.7782,1649.346,1039.67,989.0041,805.8019,1455.567,3368.53,1036.659,597.4827,846.8994,944.4906,1048.862,877.3434,701.9472,2553.665,1087.439,1417.302,1338.623,1006.324,1659.34,1048.789,999.4601,817.5322,1464.618,3352.619,1045.708,606.5078,858.3323,953.3297,1060.278,887.0767,713.8845,2557.37,1105.469,1428.061
"2025-11-06 03:00:00",1442,"NAN",11.85,1300.154,996.7515,1649.986,1039.307,988.6887,805.3523,1452.939,3355.239,1036.226,598.8834,848.7753,945.4467,1049.774,878.3289,702.7451,2540.337,1087.326,1415.212,1337.98,1004.622,1658.602,1047.228,998.5217,816.2279,1462.279,3346.234,1044.708,607.0181,859.2642,953.2966,1060.562,887.188,713.7667,2556.133,1104.599,1424.941
"2025-11-06 03:15:00",1443,"NAN",11.88,1301.654,996.8621,1651.504,1039.947,989.7001,805.7935,1459.103,3356.72,1036.986,599.874,850.3058,944.5732,1050.805,879.6157,703.5569,2547.339,1088.291,1415.165,1338.439,1003.903,1660.137,1047.774,998.6944,815.95,1466.795,3351.105,1044.739,607.2834,860.3433,952.1807,1061.227,887.8207,713.809,2560.085,1104.706,1424.298
"2025-11-06 03:30:00",1444,"NAN",11.87,1302.691,997.4739,1652.951,1041.039,990.3195,806.5124,1459.089,3354.654,1037.649,600.6938,852.2846,945.0956,1051.63,880.6633,704.7007,2551.834,1088.949,1413.742,1332.598,996.5938,1655.184,1040.904,991.6482,808.8701,1459.832,3369.824,1037.799,600.2972,854.3997,944.7331,1054.368,881.0837,707.15,2566.135,1098.122,1415.79
"2025-11-06 03:45:00",1445,"NAN",11.85,1303.245,997.9608,1654.683,1042.038,991.0013,807.1279,1461.89,3354.765,1037.767,601.4058,853.7941,943.3998,1052.424,881.3506,705.46,2548.138,1089.761,1412.39,1332.867,996.7639,1655.357,1041.435,991.9321,809.0174,1461.599,3371.854,1037.357,600.422,855.4847,942.7224,1054.745,881.3076,707.5089,2562.906,1098.486,1413.948
"2025-11-06 04:00:00",1446,"NAN",11.87,1304.021,998.7072,1655.53,1043.144,991.5973,807.9637,1463.92,3349.108,1038.13,601.2013,855.6466,937.4659,1053.656,882.271,706.8097,2596.372,1091.671,1411.468,1333.371,997.1621,1656.734,1042.181,992.2092,809.5082,1463.623,3369.638,1037.735,599.9567,856.9343,936.3578,1055.336,881.9245,708.435,2624.08,1099.792,1413.376
"2025-11-06 04:15:00",1447,"NAN",11.87,1303.861,999.7765,1656.716,1044.458,992.776,808.4073,1453.11,3340.11,1038.45,601.0651,856.7992,937.1633,1054.134,882.8843,707.9454,2617.563,1092.918,1410.646,1331.078,997.9679,1657.815,1043.5,992.7075,809.9284,1453.119,3363.611,1037.642,599.525,857.926,935.819,1055.829,882.2464,709.2744,2633.846,1101.072,1412.43
"2025-11-06 04:30:00",1448,"NAN",11.88,1303.929,1000.931,1658.4,1046.069,993.2786,809.083,1451.537,3335.048,1038.955,595.1107,858.2751,938.1279,1055.201,884.051,709.1597,2611.749,1093.856,1410.63,1332.538,998.785,1659.04,1044.376,993.2883,810.0965,1450.867,3357.741,1037.871,593.3114,859.0363,936.4748,1056.42,882.8976,710.21,2604.083,1101.476,1411.114
"2025-11-06 06:45:00",1449,"NAN",11.87,1277.654,981.0419,1664.711,1043.346,978.9952,813.7901,1462.281,3266.936,1031.735,599.9488,861.9504,943.5598,1059.088,888.2087,718.2264,1274.032,1086.359,1413.521,1323.275,977.0804,1663.594,1040.368,977.264,813.2375,1460.149,3298.587,1029.232,596.5287,860.8815,940.5148,1058.746,885.5801,717.7552,2273.327,1096.419,1412.396
"2025-11-06 07:00:00",1450,"NAN",11.88,1287.626,984.8577,1671.363,1047.233,982.4576,813.3326,1467.063,3280.888,1037.879,604.2844,869.1153,944.7093,1063.886,892.8631,724.841,1702.6,1094.467,1418.322,1329.584,980.3564,1670.32,1043.827,980.4806,812.6226,1464.948,3312.964,1034.862,600.5436,867.6772,940.5902,1063.108,889.9652,723.8451,1409.778,1098.783,1416.583
"2025-11-06 07:15:00",1451,"NAN",11.88,1323.013,1010.43,1679.479,1052.714,988.5292,813.9867,1468.666,3306.56,1044.508,608.1323,872.9709,959.5527,1067.809,896.1688,727.9978,1635.216,1102.485,1423.346,1350.594,1006.558,1678.456,1049.404,986.5972,813.3292,1466.405,3341.204,1041.584,604.5807,872.1409,939.7836,1067.078,893.1441,727.3581,1540.838,1107.314,1422.355
"2025-11-06 07:30:00",1452,"NAN",11.88,1324.81,1009.125,1682.576,1053.279,992.2897,810.7806,1461.317,3337.778,1047.925,610.8466,876.3561,942.566,1070.291,898.3128,729.7955,1319.188,1104.62,1418.839,1353.792,1005.09,1682.123,1050.43,990.4193,810.1616,1459.182,3369.963,1045.052,607.0084,874.908,956.9835,1069.723,895.5162,729.1169,1300.925,1110.12,1417.712
"2025-11-06 07:45:00",1453,"NAN",11.87,1309.104,985.722,1687.732,1055.76,996.6734,809.0124,1466.656,3403.665,1051.864,612.6162,878.2676,943.5107,1071.372,898.4978,733.8143,1714.864,1109.504,1416.067,1338.038,981.467,1687.1,1052.635,994.9698,808.3629,1464.536,3437.804,1048.957,608.8949,877.1824,940.3492,1070.714,895.817,733.2693,1701.312,1114.856,1414.985
"2025-11-06 08:00:00",1454,"NAN",11.88,1313.405,986.0192,1693.284,1059.052,1002.096,807.571,1471.125,3455.953,1055.705,613.3866,881.1658,945.0242,1073.459,898.769,749.8222,1885.738,1113.902,1413.718,1342.566,981.6678,1692.838,1055.79,1000.327,806.9156,1468.903,3502.472,1053.169,609.7278,879.9431,941.6993,1073.048,896.0759,749.1414,1893.236,1119.333,1412.743
"2025-11-06 08:15:00",1455,"NAN",11.88,1316.507,985.3011,1699.053,1061.776,1006.817,803.3914,1472.028,3511.915,1058.629,614.0843,882.2796,940.9677,1074.193,897.6758,752.8235,1983.194,1116.512,1409.493,1345.89,980.9662,1698.732,1058.81,1005.167,802.4745,1469.917,3551.719,1056.12,610.3804,880.9623,937.5863,1073.862,894.8768,752.1183,1990.737,1122.115,1408.783
"2025-11-06 08:30:00",1456,"NAN",11.88,1315.466,982.0424,1700.694,1061.542,1009.227,798.6752,1472.295,3584.478,1059.82,612.6043,882.9049,935.0814,1073.431,894.7368,751.8319,2087.933,1116.895,1401.332,1344.666,977.7521,1700.478,1058.4,1007.4,797.8185,1470.304,3625.945,1057.201,608.8882,881.77,931.6683,1072.887,891.8685,751.2475,2082.774,1122.298,1400.558
"2025-11-06 08:45:00",1457,"NAN",11.88,1320.111,983.6129,1709.284,1067.705,1016.562,798.5604,1474.701,3640.324,1063.506,613.8226,885.923,932.887,1076.583,895.5406,753.4308,1953.973,1120.307,1396.653,1350.099,979.6389,1709.273,1065.018,1015.287,797.9771,1473.193,3696.295,1061.313,610.4859,885.1375,929.409,1076.332,892.8785,753.2112,1957.312,1126.182,1395.572
"2025-11-06 09:00:00",1458,"NAN",11.88,1327.661,1008.499,1716.62,1073.202,1023.528,795.3533,1472.861,3672.792,1064.629,613.0122,886.939,931.757,1077.069,894.0931,753.3132,2052.273,1121.474,1384.304,1371.913,1006.397,1716.901,1070.531,1022.275,794.9323,1471.62,3728.565,1062.507,609.9517,886.3669,929.1156,1077.029,891.8268,753.2145,2080.377,1127.861,1384.119
"2025-11-06 09:15:00",1459,"NAN",11.88,1341.657,1011.008,1722.986,1074.363,1030.808,793.6237,1472.693,3672.63,1067.877,614.4871,888.8233,929.1211,1079.75,894.3842,754.6848,2098.328,1123.217,1374.205,1372.358,1007.799,1723.706,1071.5,1030.024,793.3986,1471.716,3724.556,1066.12,611.6888,888.6956,926.8929,1080.105,892.0003,754.9908,2135.026,1129.918,1374.062
"2025-11-06 09:30:00",1460,"NAN",11.86,1345.726,1015.236,1734.903,1090.912,1043.674,797.8923,1475.571,3671.09,1070.556,614.8027,894.4315,931.1248,1084.514,897.2703,756.6479,2143.811,1125.365,1363.207,1377.582,1012.277,1735.121,1088.852,1043.071,797.8565,1474.925,3729.903,1068.948,612.0286,894.3812,929.1523,1084.783,895.3187,757.2079,2160.373,1132.254,1363.567
"2025-11-06 09:45:00",1461,"NAN",11.84,1328.658,990.5883,1741.671,1098.144,1051.391,794.6356,1478.546,3669.824,1071.589,614.0556,899.3309,934.2014,1086.758,897.9266,759.1752,2180.762,1123.65,1346.414,1360.2,987.6149,1742.651,1096.156,1050.685,794.5209,1477.69,3727.321,1070.062,611.6112,899.3078,931.6021,1087.35,896.2446,759.683,2203.648,1130.631,1346.514
"2025-11-06 10:00:00",1462,"NAN",11.88,1330.737,996.1275,1749.348,1102.919,1060.493,795.6996,1478.867,3670.45,1073.184,613.1451,907.8636,926.9663,1090.856,899.9851,760.6707,2156.563,1120.343,1336.503,1362.677,992.9393,1750.187,1102.813,1059.792,795.7114,1478.193,3723.562,1071.766,610.6658,907.8478,924.7137,1091.34,898.2529,761.383,2180.735,1127.268,1336.438
"2025-11-06 10:15:00",1463,"NAN",11.87,1344.348,1012.123,1768.126,1124.549,1089.634,819.5803,1483.861,3666.136,1076.469,614.223,932.3506,944.6107,1105.938,912.6345,762.4278,2278.995,1121.985,1330.755,1376.526,1008.814,1769.09,1122.467,1089.079,819.2888,1483.388,3721.377,1074.989,611.8481,932.0034,942.4385,1106.296,910.6367,762.9586,2308.683,1129.043,1330.764
"2025-11-06 10:30:00",1464,"NAN",11.87,1366.287,1037.276,1795.495,1158.709,1138.114,861.0767,1488.682,3665.37,1079.998,615.8688,967.1878,969.5076,1129.919,935.2321,763.6969,2086.493,1121.712,1323.525,1398.788,1034.082,1796.649,1156.51,1137.143,860.5196,1488.124,3720.832,1078.572,613.5984,966.5179,967.2272,1129.96,933.1833,764.506,2117.516,1128.637,1323.648
"2025-11-06 10:45:00",1465,"NAN",11.86,1362.137,1033.386,1796.997,1162.414,1140.493,846.7042,1473.517,3683.435,1075.951,612.5902,968.4671,966.2019,1124.792,929.7025,763.1691,2255.445,1119.904,1311.036,1393.746,1029.958,1797.595,1159.919,1139.501,846.1328,1473.137,3729.896,1074.363,610.233,967.6481,963.7404,1124.781,927.4623,763.8716,2307.912,1127.138,1310.864
"2025-11-06 11:00:00",1466,"NAN",11.87,1346.027,1012.023,1783.234,1144.101,1123.503,805.0187,1466.468,3670.165,1072.841,608.3011,947.288,947.1534,1105.578,903.8773,760.537,2401.937,1120.383,1308.113,1377.884,1008.698,1784.44,1141.825,1122.614,805.0684,1465.789,3715.652,1071.363,605.8052,946.967,944.5587,1105.982,901.8793,761.2647,2443.015,1127.756,1308.211
"2025-11-06 11:15:00",1467,"NAN",11.88,1363.496,1033.034,1806.969,1170.664,1158.427,854.0794,1482.12,3642.521,1080.504,611.888,968.4054,968.3927,1126.122,920.0569,760.2035,2473.683,1125.623,1313.662,1396.873,1030.073,1807.825,1168.863,1157.923,854.1617,1481.949,3694.962,1079.631,609.7276,968.1886,966.6555,1126.918,918.4212,761.2934,2510.072,1133.094,1313.736
"2025-11-06 11:30:00",1468,"NAN",11.87,1389.018,1063.715,1836.746,1211.183,1201.077,915.3846,1486.922,3642.838,1083.793,614.1567,951.41,994.6149,1157.621,951.1771,747.3311,2221.303,1124.628,1312.222,1422.509,1061.069,1838.55,1209.432,1200.782,914.901,1487.302,3691.88,1083.09,612.5271,951.9435,993.2156,1157.99,949.5497,749.3871,2250.949,1132.258,1312.584
"2025-11-06 11:45:00",1469,"NAN",11.87,1428.98,1110.328,1869.693,1262.832,1244.473,982.8979,1502.396,3631.522,1088.465,619.8918,1003.993,1032.843,1204.557,1001.268,742.4296,2346.623,1128.851,1307.959,1462.613,1107.628,1871.408,1261.154,1243.922,982.0929,1502.262,3682.316,1087.958,618.4515,1003.665,1030.221,1204.573,999.571,744.5956,2392.425,1136.708,1308.824
"2025-11-06 12:00:00",1470,"NAN",11.88,1439.983,1115.138,1875.885,1275.012,1245.407,982.8756,1473.839,3654.537,1087.026,617.8849,1016.13,1036.881,1206.999,1003.295,741.5279,2064.317,1125.262,1301.334,1473.171,1112.864,1877.901,1273.723,1245.45,982.9217,1460.095,3705.008,1086.993,617.0062,1016.163,1034.497,1207.631,1001.82,744.1221,2112.806,1133.628,1303.109
"2025-11-06 12:15:00",1471,"NAN",11.87,1411.419,1073.578,1846.684,1236.928,1206.742,920.4083,1451.996,3666.405,1076.4,607.0028,981.6392,1008.128,1168.451,958.6166,734.2799,2029.503,1116.555,1288.999,1443.832,1071.391,1848.742,1235.61,1206.897,920.6822,1453.106,3719.47,1075.838,606.0654,982.5045,1006.38,1169.25,957.4621,736.6607,2069.714,1124.774,1290.237
"2025-11-06 12:30:00",1472,"NAN",11.86,1385.277,1037.377,1820.949,1200.12,1178.46,866.5834,1449.461,3645.318,1070.019,600.1811,946.8279,982.3278,1137.109,915.9654,731.8666,2129.901,1113.986,1287.49,1417.275,1034.819,1823.431,1199.024,1178.69,867.1462,1449.71,3698.061,1070.219,598.9916,947.4861,981.4193,1138.845,914.7152,733.7557,2201.805,1122.726,1288.939
"2025-11-06 12:45:00",1473,"NAN",11.87,1366.674,1015.887,1807.329,1176.855,1161.014,833.2863,1450.065,3634.369,1068.094,599.0319,924.1922,972.3721,1118.148,889.815,728.2756,2164.774,1114.082,1291.597,1399.956,1013.481,1808.413,1175.816,1161.281,833.9856,1451.301,3686.04,1067.059,598.0977,925.3804,969.9865,1119.659,889.5276,730.1672,2215.502,1122.566,1292.7
"2025-11-06 13:00:00",1474,"NAN",11.86,1354.642,1002.608,1799.142,1163.048,1150.109,813.2987,1453.413,3616.985,1068.52,600.8752,912.1078,966.3067,1107.696,877.2269,682.291,2132.815,1114.487,1297.741,1387.104,999.8651,1801.212,1161.634,1150.149,813.847,1453.281,3672.058,1068.145,599.4265,912.7925,964.8887,1109.344,875.9752,682.7426,2173.605,1122.569,1298.697
"2025-11-06 13:15:00",1475,"NAN",11.87,1408.847,1075.086,1843.18,1219.895,1209.181,920.0284,1471.234,3627.301,1077.42,608.4388,961.7027,1004.657,1160.979,933.2248,703.3773,2363.781,1121.659,1303.007,1442.459,1073.429,1845.681,1218.576,1209.353,920.4282,1471.823,3674.64,1077.152,607.3436,962.5033,1003.259,1161.744,932.2154,705.3027,2459.362,1130.693,1304.689
"2025-11-06 13:30:00",1476,"NAN",11.86,1375.304,1039.761,1811.737,1183.624,1171.024,853.8516,1446.78,3642.92,1065.937,602.4084,930.2722,974.5535,1119.986,893.556,706.1763,2320.455,1113.266,1292.479,1408.285,1038.402,1813.558,1182.143,1171.34,854.8197,1447.979,3684.984,1065.346,601.1718,931.7935,973.6033,1121.29,892.8463,708.3202,2368.624,1121.772,1293.981
"2025-11-06 13:45:00",1477,"NAN",11.86,1366.807,1028.471,1804.57,1169.615,1160.455,828.2824,1452.462,3613.24,1069.286,603.2551,918.9014,969.2673,1110.573,878.856,721.4101,2111.835,1113.791,1298.465,1394.943,1022.646,1806.435,1168.86,1160.997,829.4175,1453.72,3655.565,1068.75,602.399,920.4105,968.2654,1112.333,878.5209,723.6873,2161.883,1122.468,1299.876
"2025-11-06 14:00:00",1478,"NAN",11.86,1413.828,1087.668,1856.219,1238.869,1225.99,953.749,1473.269,3617.766,1080.739,612.7608,989.1203,1047.829,1180.41,950.7276,742.3754,1409.429,1117.691,1305.434,1447.616,1086.291,1858.964,1237.957,1226.485,954.6713,1473.707,3661.975,1081.876,612.2052,990.1949,1047.979,1181.941,948.9769,745.0055,1649.558,1126.85,1307.014
"2025-11-06 14:15:00",1479,"NAN",11.87,1457.371,1143.239,1884.106,1296.131,1260.633,1028.798,1481.151,3615.937,1086.981,620.7883,1047.99,1095.571,1238.35,1019.616,748.9738,2005.596,1128.414,1308.562,1491.857,1142.042,1886.973,1295.757,1261.4,1029.297,1482.281,3662.552,1087.894,620.6459,1049.335,1096.405,1239.818,1018.342,752.0625,2090.259,1137.64,1310.41
"2025-11-06 14:30:00",1480,"NAN",11.86,1470.754,1157.414,1890.722,1301.798,1261.524,1026.489,1474.084,3640.046,1086.105,622.2125,1056.535,1082.188,1247.4,1028.077,751.4167,1553.424,1127.115,1302.507,1505.444,1156.267,1893.213,1301.44,1262.192,1027.124,1475.868,3682.034,1086.679,622.4604,1057.283,1081.137,1248.596,1027.611,754.6337,1791.955,1136.721,1304.92
"2025-11-06 15:00:00",1481,"NAN",11.88,1395.572,1063.222,1813.361,1191.581,1176.125,877.7086,1437.768,3631.822,1062.888,605.7778,984.9911,1020.197,1141.643,905.577,743.9396,1222.124,1103.852,1275.122,1429.546,1061.865,1815.083,1190.95,1176.939,878.905,1439.455,3683.53,1062.741,605.363,986.7356,1019.361,1143.508,905.2253,746.3712,1242.12,1112.1,1277.179
"2025-11-06 15:30:00",1482,"NAN",11.86,1357.264,1019.107,1781.884,1147.133,1140.551,822.3492,1431.67,3632.364,1055.349,601.2656,942.262,991.023,1100.408,863.329,742.9529,1153.042,1096.041,1274.99,1390.145,1021.437,1784.207,1146.309,1141.185,823.7144,1432.021,3680.788,1055.878,600.3659,943.5106,990.7817,1102.797,862.595,744.9204,1213.067,1104.394,1276.709
"2025-11-06 18:00:00",1483,"NAN",11.87,1316.921,984.1925,1767.786,1127.815,1127.312,806.3766,1429.582,3621.333,1050.845,599.7734,913.4845,959.0771,1088.126,853.5307,742.5244,1156.12,1094.009,1276.809,1355.825,981.938,1770.148,1126.999,1127.657,807.6619,1429.505,3669.337,1051.4,598.883,914.2804,958.6039,1090.839,852.6016,744.2386,1203.785,1102.035,1278.931
"2025-11-06 18:15:00",1484,"NAN",11.88,1431.726,1119.443,1794.254,1168.991,1159.703,948.5527,1578.359,3193.456,1164.867,761.5927,1031.61,1098.276,1214.168,1004.238,898.6125,2436.557,1240.609,1429.471,1324.38,959.9884,1663.739,1012.028,1003.757,790.151,1432.834,3612.856,1013.277,601.0149,873.894,940.0551,1060.392,844.778,740.3714,2833.296,1097.771,1280.143
"2025-11-06 18:30:00",1485,"NAN",11.88,1438.537,1122.632,1792.716,1169.939,1157.562,947.9924,1571.384,3166.625,1168.255,766.4688,1018.998,1078.494,1214.47,1006.11,898.0662,2423.392,1242.297,1432.304,1324.66,963.2006,1662.199,1011.312,1000.419,789.5259,1426.429,3582.903,1015.047,604.2087,863.0286,924.8691,1058.584,845.9344,739.7115,2846.296,1099.273,1281.799
"2025-11-06 18:45:00",1486,"NAN",11.88,1440.264,1127.377,1793.89,1172.574,1155.589,950.33,1571.629,3164.687,1170.963,768.6091,1025.265,1088.286,1214.153,1007.637,897.9459,2376.494,1244.14,1437.22,1326.188,968.0898,1662.717,1013.804,998.8115,790.3398,1426.817,3555.563,1017.885,606.5327,863.1232,924.634,1058.452,847.8865,740.3108,2847.131,1101.298,1287.031
"2025-11-06 19:00:00",1487,"NAN",11.87,1440.87,1130.923,1792.204,1173.038,1152.847,955.6705,1571.881,3155.849,1171.208,771.1663,1017.708,1081.993,1213.204,1008.938,898.1945,2392.519,1244.164,1439.87,1326.593,971.3115,1661.254,1014.974,995.9044,794.3248,1426.764,3533.12,1018.484,609.5284,858.6816,921.8878,1058.115,849.4642,739.9041,2832.135,1101.011,1290.537
"2025-11-06 19:15:00",1488,"NAN",11.87,1441.032,1133.591,1789.595,1173.467,1149.914,953.4465,1572.488,3123.002,1170.743,765.5013,1017.174,1084.918,1212.537,1010.142,898.2382,2329.275,1242.831,1442.035,1326.076,974.2567,1659.436,1015.724,993.1021,794.8063,1427.224,3505.318,1018.571,604.0843,858.9178,926.5442,1057.785,850.5483,740.0692,2797.955,1100.335,1292.752
"2025-11-06 19:30:00",1489,"NAN",11.88,1441.647,1136.36,1789.749,1175.539,1147.954,955.4164,1573.052,3100.666,1171.785,764.8549,1021.015,1078.284,1213.404,1012.358,897.7681,2377.857,1243.045,1443.324,1325.498,977.0699,1659.252,1016.66,990.6396,795.3727,1427.498,3486.949,1019.263,602.5198,862.2101,919.89,1057.888,851.7275,739.4716,2730.743,1099.227,1293.933
"2025-11-06 19:45:00",1490,"NAN",11.87,1442.519,1140.166,1789.733,1176.555,1146.318,958.106,1575.027,3098.186,1172.729,771.1313,1028.858,1101.66,1213.721,1013.937,899.0693,2355.667,1243.368,1448.971,1327.324,980.5181,1659.049,1018.153,989.0925,798.7683,1429.487,3459.131,1019.846,608.9391,875.1614,944.0759,1058.669,854.2172,740.6114,2743.497,1099.136,1299.688
"2025-11-06 20:00:00",1491,"NAN",11.87,1443.075,1142.74,1788.917,1177.633,1144.836,958.9756,1575.516,3064.242,1172.954,772.3588,1034.866,1105.314,1214.279,1015.83,899.2138,2396.121,1243.854,1453.699,1327.126,982.5434,1658.499,1019.128,986.9437,799.7285,1429.004,3441.66,1019.9,610.1255,875.837,946.5208,1058.853,855.208,740.4526,2749.037,1098.882,1303.974
"2025-11-06 20:15:00",1492,"NAN",11.87,1442.508,1143.972,1789.329,1177.881,1142.072,960.4418,1574.896,3052.253,1172.454,769.577,1034.442,1092.573,1213.17,1015.896,898.6135,2319.218,1242.288,1458.284,1328.263,985.9542,1659.189,1020.868,986.0882,802.8405,1431.182,3421.499,1020.472,609.0857,877.8633,934.6094,1059.165,857.5395,742.0087,2702.836,1099.682,1309.872
"2025-11-06 20:30:00",1493,"NAN",11.88,1444.229,1147.112,1788.827,1179.28,1141.238,961.7488,1576.12,3068.299,1173.073,767.1035,1035.55,1100.592,1213.581,1018.471,899.368,2340.563,1243.478,1463.8,1329.447,988.9046,1660.05,1022.648,985.2287,803.7905,1431.787,3402.742,1021.634,606.5673,878.3853,943.6933,1060.154,859.7474,742.2177,2701.962,1100.701,1315.911
"2025-11-06 20:45:00",1494,"NAN",11.88,1444.921,1150.101,1790.051,1180.856,1140.258,963.2682,1577.436,3034.326,1173.359,767.5316,1036.894,1100.488,1213.385,1019.688,899.5906,2316.989,1244.425,1469.434,1331.556,992.5074,1660.929,1024.287,984.7303,806.519,1433.824,3388.92,1022.29,607.2466,880.5177,943.5267,1060.237,861.7629,743.0961,2684.512,1101.975,1322.007
"2025-11-06 21:00:00",1495,"NAN",11.88,1446.794,1152.723,1789.796,1181.331,1138.39,962.764,1582.044,3034.182,1177.76,772.1771,1041.107,1107.854,1219.001,1026.631,903.4708,2419.196,1245.925,1473.928,1332.72,995.1419,1660.529,1024.285,982.4341,805.5811,1438.335,3387.644,1026.137,611.6794,884.5844,951.2266,1065.154,867.9269,746.8611,2676.932,1102.4,1326.575
"2025-11-06 21:15:00",1496,"NAN",11.88,1449.328,1156.898,1788.318,1180.126,1134.44,958.2446,1582.106,3032.758,1177.845,771.7764,1041.393,1103.283,1220.053,1030.978,906.066,2331.263,1246.123,1476.78,1335.625,999.0248,1658.799,1023.539,978.298,800.4919,1438.032,3381.88,1026.759,611.4873,884.6877,946.4923,1067.08,872.4552,749.3582,2651.521,1103.201,1329.273
"2025-11-06 21:30:00",1497,"NAN",11.88,1447.51,1157.192,1785.776,1178.747,1132.544,963.0692,1574.571,3043.439,1175.821,763.5181,1038.965,1103.633,1215.159,1029.201,885.3837,2375.495,1245.647,1474.969,1334.054,1000.677,1656.962,1022.375,977.2665,806.5672,1431.775,3374.278,1024.75,603.3257,883.3178,947.6402,1073.009,885.4011,729.6986,2610.04,1102.902,1328.725
"2025-11-06 21:45:00",1498,"NAN",11.85,1444.444,1155.374,1784.584,1176.305,1127.13,949.6129,1550.256,3016.585,1167.783,764.0536,1035.567,1095.304,1204.494,1025.154,877.5676,2504.905,1241.349,1473.034,1335.431,1002.495,1659.05,1024.368,975.7285,796.0284,1409.436,3358.878,1020.414,608.6979,883.7621,942.3318,1055.429,871.4055,725.3342,2534.706,1100.471,1330.357
"2025-11-06 22:00:00",1499,"NAN",11.88,1444.769,1156.85,1784.968,1178.347,1125.754,949.5926,1547.566,3016.424,1165.692,771.2915,1036.774,1097.726,1199.19,1025.998,876.9285,2379.199,1240.139,1477.652,1335.178,1004.122,1660.476,1025.96,974.2695,796.6945,1406.469,3339.242,1018.61,615.4398,884.6417,945.4226,1049.975,872.2529,724.7053,2535.965,1100.48,1335.177
"2025-11-06 22:15:00",1500,"NAN",11.87,1446.178,1159.672,1786.546,1180.074,1124.72,958.0673,1549.417,2992.114,1166.546,775.2603,1037.713,1098.544,1196.584,1027.26,874.9077,2469.186,1241.187,1482.54,1336.466,1006.326,1661.031,1027.537,972.9014,799.0014,1409.514,3324.191,1018.737,619.1761,885.533,945.5392,1046.957,873.0431,722.0984,2481.339,1100.09,1339.714
"2025-11-06 22:30:00",1501,"NAN",11.85,1446.586,1161.388,1786.12,1181.384,1123.289,953.0473,1552.747,2993.222,1167.862,779.3517,1040.411,1101.472,1194.245,1028.519,867.2472,2442.507,1239.705,1486.285,1336.673,1007.798,1660.92,1028.838,971.0049,798.5388,1411.203,3322.967,1019.664,622.151,886.1293,947.5084,1044.762,873.9322,713.3638,2453.745,1098.361,1343.266
"2025-11-06 22:45:00",1502,"NAN",11.88,1446.271,1161.71,1785.404,1182.736,1121.529,952.7396,1553.962,2990.872,1168.029,780.0901,1039.017,1102.155,1192.838,1028.767,864.3904,2402.223,1238.439,1484.157,1335.562,1008.115,1659.329,1029.343,968.947,799.7617,1412.255,3319.02,1019.932,623.4819,886.1354,948.7972,1042.249,873.6533,710.6903,2462.303,1097.089,1340.961
"2025-11-06 23:00:00",1503,"NAN",11.87,1446.711,1163.895,1785.501,1183.818,1121.298,953.5791,1560.539,2971.313,1168.454,779.0656,1038.768,1103.729,1192.285,1029.381,863.7628,2415.017,1239.291,1482.194,1335.947,1009.894,1658.644,1030.504,968.166,800.3282,1417.962,3309.055,1019.405,622.2278,885.9238,949.8442,1041.12,874.2821,709.9363,2468.265,1097.304,1338.349
"2025-11-06 23:15:00",1504,"NAN",11.88,1448.154,1166.125,1785.358,1183.678,1121.323,953.9133,1565.907,2951.418,1169.113,781.5868,1040.373,1103.198,1191.994,1031.1,858.4711,2462.838,1240.68,1478.559,1336.645,1011.689,1658.911,1032.285,968.0258,800.0941,1423.969,3299.784,1021,624.3304,886.5864,949.311,1041.329,875.562,703.7723,2482.785,1098.224,1334.47
"2025-11-06 23:30:00",1505,"NAN",11.84,1448.673,1167.776,1785.528,1178.983,1121.333,955.1522,1568.991,2936.844,1169.917,784.788,1041.08,1104.618,1191.556,1032.049,858.9333,2464.865,1240.934,1478.608,1337.44,1013.502,1658.851,1029.399,967.7798,801.054,1427.833,3284.465,1021.296,627.6647,887.2723,950.5988,1040.629,876.5166,704.2021,2474.514,1098.562,1333.935
"2025-11-06 23:45:00",1506,"NAN",11.87,1449.065,1169.749,1785.572,1182.321,1121.583,955.7902,1570.352,2952.691,1170.823,780.9589,1042.105,1106.068,1188.95,1032.767,859.4395,2445.516,1241.385,1480.346,1338.506,1015.326,1658.322,1029.93,968.3918,801.7028,1429.365,3270.908,1021.976,624.0154,888.7949,951.6842,1037.753,877.8748,705.0621,2464.954,1099.015,1336.299
"2025-11-07 00:00:00",1507,"NAN",11.87,1449.449,1171.298,1785.645,1184.664,1122.132,956.7725,1574.449,2945.597,1171.855,769.0332,1043.552,1107.551,1189.125,1034.317,860.2451,2408.08,1241.699,1482.196,1339.047,1016.976,1658.823,1031.489,968.8181,803.3262,1433.47,3260.143,1022.657,611.9645,890.1531,953.0812,1037.984,879.2665,705.7776,2444.686,1099.344,1338.148
"2025-11-07 00:15:00",1508,"NAN",11.88,1450.723,1172.932,1785.598,1187.165,1122.787,959.5521,1577.535,2938.642,1172.641,768.3969,1044.964,1107.596,1189.265,1035.526,861.6078,2429.797,1242.715,1483.18,1339.429,1018.285,1659.038,1033.985,969.3372,804.3822,1437.039,3255.321,1023.94,610.784,890.9893,953.5277,1038.35,879.7475,706.8179,2422.464,1099.997,1339.397
"2025-11-07 00:30:00",1509,"NAN",11.86,1450.053,1173.228,1786.45,1188.425,1122.435,959.7849,1579.961,2934.231,1173.218,780.3943,1045.134,1107.927,1188.555,1035.671,862.6314,2414.619,1242.84,1483.959,1339.541,1019.822,1659.788,1035.097,969.8538,806.9209,1440.508,3246.704,1024.268,623.5959,892.4663,954.4371,1037.736,880.7449,708.7628,2428.45,1100.942,1340.446
"2025-11-07 00:45:00",1510,"NAN",11.86,1450.147,1174.229,1787.309,1189.455,1123.104,959.4477,1580.374,2923.35,1173.897,786.4779,1044.533,1108.167,1188.594,1036.32,864.8143,2421.06,1243.277,1487.042,1338.997,1019.867,1659.655,1035.486,969.4591,804.2789,1439.317,3249.512,1024.47,628.8221,890.7587,953.5266,1036.667,880.6331,710.1224,2447.247,1100.659,1341.985
"2025-11-07 01:00:00",1511,"NAN",11.86,1452.057,1175.89,1788.356,1185.374,1124.934,961.0347,1582.537,2914.955,1174.964,790.399,1046.932,1108.748,1188.986,1038.176,869.6486,2442.647,1245.264,1490.414,1339.527,1020.099,1660.59,1036.734,969.9773,806.0927,1439.626,3239.372,1025.311,632.1001,891.7218,953.4882,1037.047,881.3564,713.8397,2512.436,1102.195,1345.566
"2025-11-07 01:15:00",1512,"NAN",11.86,1452.525,1175.649,1788.684,1193.914,1125.066,961.4199,1586.122,2913.474,1175.371,792.481,1047.608,1106.955,1189.214,1038.462,854.9557,2500.859,1246.51,1490.485,1339.621,1020.526,1660.976,1039.284,970.2936,806.8216,1444.319,3236.119,1025.491,634.1709,892.8733,951.6064,1036.831,881.6594,698.6589,2532.056,1103.319,1345.504
"2025-11-07 01:30:00",1513,"NAN",11.84,1451.743,1175.23,1787.84,1193.872,1124.27,959.8912,1589.164,2914.034,1175.029,791.8438,1047.309,1106.299,1187.882,1037.795,852.0044,2440.13,1246.194,1488.692,1341.105,1021.146,1660.526,1040.576,971.0496,807.6804,1449.259,3233.262,1025.817,634.9657,893.9583,951.4473,1036.56,882.8499,697.3636,2519.196,1104.339,1345.2
"2025-11-07 01:45:00",1514,"NAN",11.88,1452.815,1175.129,1789.002,1195.359,1124.406,956.9026,1592.909,2906.19,1174.703,791.5746,1046.913,1106.245,1187.424,1038.556,844.3549,2345.531,1246.606,1489.679,1341.921,1021.27,1662.743,1042.464,971.6269,805.5513,1452.733,3214.913,1026.548,635.0442,893.6814,952.7559,1036.935,883.5128,689.4841,2521.035,1105.769,1347.077
"2025-11-07 02:00:00",1515,"NAN",11.88,1453.877,1176.272,1790.804,1196.949,1125.615,954.4869,1596.233,2904.163,1176.263,792.4827,1048.852,1106.423,1188.098,1039.588,865.4666,2382.987,1248.864,1492.007,1343.04,1022.056,1663.687,1043.535,972.334,805.7288,1456.327,3221.341,1026.911,635.5592,895.9066,952.2036,1036.88,884.5427,710.9416,2536.362,1107.453,1348.832
"2025-11-07 02:15:00",1516,"NAN",11.87,1453.81,1175.15,1790.806,1196.496,1124.442,940.7457,1598.179,2900.799,1175.377,792.2568,1049.376,1104.007,1186.991,1039.137,869.5125,2510.672,1249.25,1492.178,1344.188,1023.015,1666.088,1045.142,973.0233,789.8957,1459.531,3206.899,1028.489,636.8094,897.5359,951.4232,1037.557,885.7077,717.0686,2536.979,1109.032,1350.679
"2025-11-07 02:30:00",1517,"NAN",11.88,1454.156,1176.077,1792.442,1197.015,1124.629,937.9755,1600.043,2893.632,1176.328,792.4726,1049.927,1103.318,1187.258,1039.654,872.9233,2511.013,1249.91,1494.393,1345.912,1024.544,1667.963,1046.396,973.9899,787.2832,1463.079,3212.737,1029.968,638.0922,899.326,952.0482,1038.729,886.8674,721.3932,2548.195,1110.483,1353.615
"2025-11-07 02:45:00",1518,"NAN",11.88,1455.078,1176.922,1793.225,1198.763,1125.505,931.9819,1603.016,2875.012,1176.418,793.3415,1050.365,1103.836,1187.333,1040.269,877.0742,2302.952,1248.235,1495.714,1346.931,1025.24,1669.393,1048.39,975.0493,781.769,1465.429,3202.852,1030.497,639.1608,899.2994,952.0989,1039.155,888.0628,725.4682,2556.263,1110.609,1355.271
"2025-11-07 03:00:00",1519,"NAN",11.87,1455.624,1177.274,1794.222,1198.23,1126.072,930.7509,1600.647,2888.955,1177.142,793.892,1052.2,1103.222,1187.523,1040.849,875.4528,2329.989,1249.653,1492.425,1348.301,1025.875,1671.033,1048.103,975.8936,780.338,1463.25,3208.741,1031.499,639.826,901.8348,951.692,1039.663,889.1317,724.2986,2573.271,1111.975,1352.322
"2025-11-07 03:15:00",1520,"NAN",11.88,1456.134,1176.493,1795.332,1198.464,1126.346,929.9407,1601.555,2896.71,1177.536,793.2386,1053.39,1102.414,1187.438,1041.02,874.2438,2464.05,1251.302,1492.227,1348.442,1025.965,1672.385,1048.74,976.7153,780.1356,1464.982,3221.366,1032.431,639.739,903.2904,951.9059,1040.154,889.5076,723.7517,2587.255,1113.587,1352.718
"2025-11-07 03:30:00",1521,"NAN",11.84,1455.993,1176.729,1796.164,1198.013,1127.009,930.1715,1602.831,2912.596,1177.588,792.6733,1054.322,1102.239,1187.634,1041.062,874.1848,2287.854,1251.098,1492.768,1349.207,1026.472,1673.357,1048.152,977.5502,780.4052,1466.448,3223.18,1032.361,639.2989,904.8698,951.5735,1039.935,889.8315,724.0079,2604.773,1115.061,1352.9
"2025-11-07 03:45:00",1522,"NAN",11.87,1457.109,1177.591,1798.002,1198.17,1127.851,931.2813,1604.985,2917.088,1178.375,781.4412,1055.809,1102.049,1187.731,1041.216,874.7945,2412.735,1253.191,1492.961,1350.348,1026.883,1674.743,1048.857,978.3768,781.1277,1468.48,3227.808,1033.349,627.6339,905.9935,950.9118,1040.494,890.3932,724.2943,2599.876,1116.116,1353.223
"2025-11-07 04:00:00",1523,"NAN",11.88,1457.492,1177.906,1798.781,1198.973,1128.691,932.2984,1605.142,2911.991,1179.269,782.1266,1056.123,1102.196,1188.62,1042.042,875.0071,2321.676,1253.719,1494.472,1350.861,1027.351,1675.934,1049.115,979.0483,782.0508,1468.921,3224.843,1033.483,628.7846,906.7967,951.1971,1040.784,890.7221,724.5534,2630.882,1117.49,1355.453
"2025-11-07 04:15:00",1524,"NAN",11.87,1458.658,1178.976,1800.555,1199.966,1129.382,933.6746,1606.932,2922.268,1180.085,786.3344,1056.712,1102.253,1188.851,1042.354,875.8438,2350.123,1255.552,1495.871,1351.372,1028.4,1676.852,1049.323,979.5116,783.318,1470.604,3237.184,1033.964,632.4552,906.9953,951.0488,1040.896,890.7515,725.1927,2641.269,1118.773,1355.945
"2025-11-07 04:30:00",1525,"NAN",11.88,1459.199,1179.971,1801.14,1203.362,1130.116,935.1319,1607.157,2916.813,1180.266,787.4875,1056.023,1101.678,1189.374,1042.999,876.9344,2297.029,1254.989,1495.606,1351.967,1029.307,1678.538,1053.044,980.3002,784.5127,1470.561,3237.481,1034.165,633.5084,906.2385,950.8525,1041.208,891.2479,726.2831,2619.051,1118.068,1355.769
"2025-11-07 04:45:00",1526,"NAN",11.87,1460.308,1181.03,1802.632,1206.396,1131.309,936.4269,1611.13,2913.492,1180.395,789.1415,1057.768,1101.405,1190.205,1043.878,879.0992,2330.031,1255.197,1496.114,1352.731,1030.351,1680.412,1056.426,981.4873,786.3444,1474.311,3228.982,1035.416,635.557,907.8801,950.5926,1042.46,892.1121,728.5914,2635.944,1118.615,1356.909
"2025-11-07 05:00:00",1527,"NAN",11.88,1461.03,1182.094,1803.237,1208.214,1132.267,937.3387,1613.13,2926.28,1181.191,789.9141,1058.525,1102.419,1190.529,1044.555,881.0089,2314.418,1255.61,1488.079,1353.851,1031.384,1680.901,1058.846,982.8558,787.2825,1476.63,3240.526,1036.208,636.5432,908.5841,951.735,1043.24,893.0558,730.488,2655.499,1119.668,1348.401
"2025-11-07 05:15:00",1528,"NAN",11.88,1460.772,1182.363,1803.676,1208.863,1132.472,938.1951,1613.662,2936.254,1181.048,790.662,1058.927,1101.857,1189.938,1043.788,882.1902,2382.909,1255.617,1493.066,1354.36,1032.383,1681.675,1060.112,983.4426,788.8124,1478.498,3237.814,1036.025,638.0971,910.1979,951.322,1042.805,893.2497,732.4645,2659.467,1119.732,1353.372
"2025-11-07 05:30:00",1529,"NAN",11.88,1458.5,1180.383,1802.969,1207.652,1130.366,936.8324,1612.429,2941.023,1179.146,789.5189,1057.501,1099.272,1188.101,1041.952,880.6691,2397.625,1254.026,1492.633,1354.976,1033.439,1682.861,1061.386,984.1567,790.0679,1479.6,3243.12,1036.835,639.0403,911.2521,952.1225,1043.551,893.8718,733.817,2672.694,1120.699,1355.967
"2025-11-07 05:45:00",1530,"NAN",11.88,1459.133,1181.169,1802.727,1208.12,1130.197,937.4303,1615.224,2927.866,1178.318,790.0878,1057.378,1098.657,1187.642,1041.883,882.7775,2319.688,1253.893,1492.205,1355.716,1034.505,1683.819,1062.903,984.7516,791.3131,1482.293,3241.659,1037.291,641.1749,911.8415,951.7396,1043.941,894.3954,736.3264,2665.604,1121.741,1355.864
"2025-11-07 06:00:00",1531,"NAN",11.86,1459.452,1181.892,1803.89,1209.302,1130.302,938.5197,1614.542,2932.135,1178.738,790.3779,1058.185,1098.734,1187.734,1041.949,885.3413,2392.031,1254.806,1492.016,1356.774,1036.233,1685.698,1063.945,985.1976,792.9539,1482.166,3234.614,1038.345,641.5428,912.8286,952.3436,1044.979,895.1949,739.4647,2671.413,1123.008,1356.698
"2025-11-07 06:15:00",1532,"NAN",11.85,1459.16,1182.498,1803.949,1209.241,1129.496,937.87,1615.685,2926.886,1178.127,789.0975,1058.034,1097.521,1187.026,1041.904,886.5801,2333.536,1254.1,1491.647,1358.134,1037.707,1687.334,1065.879,986.1387,794.0124,1484.97,3234.064,1039.321,641.842,914.5102,953.245,1046.051,896.2417,742.5174,2690.516,1124.44,1358.522
"2025-11-07 06:30:00",1533,"NAN",11.87,1459.688,1182.92,1805.257,1210.192,1129.735,938.3915,1616.402,2939.767,1179.357,789.6218,1058.808,1096.293,1187.677,1041.939,888.4215,2418.276,1255.641,1491.688,1359.221,1039.339,1688.751,1067.083,986.4977,794.9039,1486.732,3245.697,1040.095,642.8701,916.0569,951.7694,1046.457,897.1913,744.9219,2727.061,1125.646,1358.79
"2025-11-07 06:45:00",1534,"NAN",11.88,1461.436,1184.338,1805.941,1210.956,1129.611,938.4088,1617.143,2944.728,1179.674,790.5276,1059.193,1095.875,1188.136,1042.733,889.8967,2336.125,1256.78,1492.788,1361.434,1041.135,1690.369,1069.419,987.5906,795.6389,1488.388,3252.599,1041.52,644.7899,917.2661,952.803,1047.784,898.5077,747.2377,2699.51,1128.083,1359.979
"2025-11-07 07:00:00",1535,"NAN",11.86,1462.473,1184.384,1807.763,1212.433,1130.535,938.2305,1619.68,2967.204,1181.68,791.5185,1060.663,1096.054,1188.873,1043.074,891.6388,2365.752,1259.121,1493.522,1362.58,1041.424,1691.958,1069.585,987.9792,794.9784,1490.094,3273.107,1043.483,645.3579,918.1127,952.528,1048.502,899.0103,748.2729,2727.159,1130.368,1360.847
"2025-11-07 07:15:00",1536,"NAN",11.87,1459.82,1180.066,1803.839,1207.89,1129.319,934.757,1621.511,2987.186,1179.216,791.3024,1055.546,1090.878,1188.812,1043.297,890.4984,2397.472,1257.069,1486.18,1360.418,1036.725,1688.123,1065.609,986.8004,791.7081,1491.765,3281.058,1041.263,645.3439,912.9515,946.8314,1048.699,898.8785,747.4328,2736.09,1128.12,1353.111
"2025-11-07 07:30:00",1537,"NAN",11.86,1464.909,1184.433,1809.963,1212.739,1132.883,936.42,1627.748,3015.323,1182.963,792.9922,1055.565,1092.667,1186.86,1042.346,892.097,2359.14,1262.522,1491.417,1366.703,1041.663,1696.268,1071.415,991.3906,794.6346,1499.247,3324.966,1045.461,647.6199,913.9723,949.4462,1047.521,898.8383,750.054,2781.976,1134.824,1359.613
"2025-11-07 07:45:00",1538,"NAN",11.87,1468.772,1186.692,1815.653,1215.601,1136.346,937.7809,1628.972,3054.212,1185.032,793.829,1059.392,1093.021,1187.142,1042.698,893.5197,2406.236,1266.373,1492.029,1370.04,1043.248,1700.255,1072.958,994.1013,794.7888,1500.543,3384.345,1046.513,647.4482,916.8119,948.979,1046.516,898.3621,750.6459,2823.325,1138.13,1358.953
"2025-11-07 08:00:00",1539,"NAN",11.88,1466.853,1181.306,1811.443,1210.627,1134.99,932.9846,1624.375,3098.521,1181.052,791.6254,1059.01,1088.337,1185.692,1041.49,891.0897,2411.771,1263.433,1479.958,1369.349,1038.563,1697.246,1069.387,993.6426,790.6703,1496.38,3425.557,1043.683,646.4739,917.4651,945.488,1046.273,897.9409,749.1326,2839.76,1135.551,1347.762
"2025-11-07 08:15:00",1540,"NAN",11.85,1461.169,1173.971,1810.705,1204.786,1128.215,921.7941,1620.472,3133.654,1173.877,780.8116,1050.535,1080.432,1173.766,1028.355,880.8745,2469.508,1257.045,1472.057,1375.955,1044.078,1707.144,1075.945,999.4244,792.2899,1504.45,3476.645,1048.835,648.3484,921.6613,949.8924,1046.655,897.7217,751.7936,2885.929,1141.489,1352.063
"2025-11-07 08:30:00",1541,"NAN",11.87,1430.536,1139.18,1782.417,1170.676,1097.383,887.3027,1590.399,3230.114,1141.877,749.4227,1019.311,1044.373,1142.54,996.6743,849.1564,2548.863,1224.1,1432.75,1372.457,1038.719,1703.473,1071.911,998.5226,788.2464,1500.717,3516.219,1046.593,647.7796,920.7365,944.0262,1045.714,896.0885,750.4723,2904.257,1137.652,1340.534
"2025-11-07 08:45:00",1542,"NAN",11.87,1433.352,1139.516,1786.915,1173.189,1098.876,888.4752,1592.205,3251.707,1143.288,748.767,1019.976,1043.474,1141.5,994.3994,842.0532,2534.793,1225.809,1432.401,1374.912,1039.524,1709.116,1074.314,1000.438,789.7785,1502.932,3553.047,1048.273,647.3375,921.5301,943.5121,1044.976,893.8695,743.427,2934.662,1139.768,1340.444
"2025-11-07 09:00:00",1543,"NAN",11.87,1434.105,1138.535,1787.883,1172.309,1099.062,887.5301,1592.133,3273.029,1143.141,747.3511,1019.423,1039.602,1141.7,991.9655,838.28,2541.724,1226.133,1428.637,1377.223,1040.292,1711.694,1075.271,1002.269,790.5882,1504.802,3564.674,1049.526,647.6447,922.8156,941.1888,1046.058,893.0759,741.8375,2940.551,1142.077,1338.422
"2025-11-07 09:15:00",1544,"NAN",11.85,1439.161,1142.491,1794.26,1176.861,1103.587,888.676,1594.949,3326.661,1145.861,748.4457,1009.099,1021.952,1143.944,992.1177,839.3145,2682.094,1231.212,1431.127,1385.421,1046.014,1719.357,1081.79,1008.722,793.5102,1509.637,3613.844,1054.297,650.1172,913.675,924.6714,1050.36,895.4805,744.0715,3024.531,1148.673,1342.197
"2025-11-07 09:30:00",1545,"NAN",11.86,1440.381,1143.31,1798.557,1181.15,1107.927,887.1479,1594.014,3341.619,1145.723,748.2565,1010.152,1020.781,1143.094,991.7227,837.3143,2845.272,1233.188,1426.059,1387.107,1047.109,1724.945,1086.44,1013.632,792.516,1508.744,3638.868,1055.005,650.8676,915.1416,923.9163,1050.75,895.3985,742.8671,3120.281,1150.668,1337.732
"2025-11-07 09:45:00",1546,"NAN",11.88,1442.822,1144.192,1803.021,1185.189,1111.748,887.0345,1595.122,3330.798,1146.945,748.4393,1010.81,1019.776,1144.576,990.9662,830.0846,2940.975,1234.072,1419.65,1389.745,1049.145,1729.666,1090.819,1018.174,792.7747,1510.558,3644.646,1056.38,651.518,916.8003,923.3304,1051.891,895.0377,736.4907,3192.563,1151.969,1331.422
"2025-11-07 10:00:00",1547,"NAN",11.87,1449.214,1150.349,1812.373,1192.783,1117.962,892.7338,1599.876,3328.237,1150.828,750.2136,1015.572,1021.268,1148.758,992.8828,847.1087,2992.121,1236.522,1415.072,1397.643,1055.7,1739.683,1099.122,1025.116,798.9539,1516.335,3633.068,1060.26,653.7703,921.7975,925.6675,1056.867,897.4774,753.6627,3259.265,1154.863,1327.167
"2025-11-07 10:15:00",1548,"NAN",11.88,1448.464,1152.287,1814.722,1197.435,1129.696,896.7493,1593.969,3312.899,1147.065,748.462,1018.761,1022.783,1151.758,996.4043,843.1665,3025.396,1231.749,1398.209,1397.745,1057.201,1742.46,1104.021,1036.454,802.651,1510.202,3624.934,1056.903,651.636,924.9943,926.7927,1059.529,900.7386,749.4033,3285.701,1150.086,1309.841
"2025-11-07 10:30:00",1549,"NAN",11.87,1461.49,1169.124,1835.814,1220.387,1161.341,926.7032,1598.511,3314.664,1149.715,750.0317,1035.868,1053.246,1165.69,1010.208,833.3362,3043.943,1234.127,1389.933,1412.574,1076.459,1766.183,1128.618,1069.949,834.3042,1516.172,3628.375,1060.784,654.3118,954.92,960.196,1074.655,915.2817,741.3049,3326.537,1154.161,1304.125
"2025-11-07 10:45:00",1550,"NAN",11.83,1458.078,1166.081,1840.865,1223.117,1162.275,914.3705,1596.747,3365.533,1149.136,746.9246,1027.965,1026.449,1156.757,998.5441,821.1198,3104.092,1235.393,1384.946,1407.963,1073.337,1771.064,1131.515,1071.271,822.2817,1514.589,3651.922,1060.836,652.1935,936.2443,932.5629,1067.004,905.3853,729.3589,3382.562,1155.911,1298.037
"2025-11-07 11:00:00",1551,"NAN",11.87,1449.106,1154.853,1832.977,1213,1155.8,895.988,1591.344,3337.196,1146.272,744.8296,1021.422,1016.766,1150.175,988.3385,817.0281,3127.367,1233.185,1376.453,1399.351,1062.323,1763.439,1121.822,1064.96,804.0364,1509.1,3640.839,1057.946,650.1259,929.5696,922.7482,1059.913,894.8287,725.2675,3397.045,1153.399,1289.661
"2025-11-07 11:15:00",1552,"NAN",11.87,1450.196,1153.832,1837.005,1214.28,1158.338,896.3236,1594.208,3327.522,1147.845,744.2737,1020.772,1016.938,1150.166,986.1318,817.5433,3104.507,1234.819,1377.972,1399.451,1060.202,1767.081,1121.985,1066.892,803.7498,1511.049,3645.508,1058.318,648.7878,928.0524,921.9088,1059.308,891.366,725.0173,3396.263,1154.555,1290.042
"2025-11-07 11:30:00",1553,"NAN",11.88,1463.817,1175.287,1857.797,1233.87,1193.576,944.0875,1600.976,3319.507,1150.974,746.9448,1045.009,1037.641,1169.732,1003.331,818.0826,3099.55,1236.29,1373.379,1415.177,1082.078,1788.75,1142.31,1102.675,851.1641,1518.995,3618.48,1061.436,651.5798,952.8192,943.0262,1078.716,909.1407,725.7452,3384.464,1156.128,1285.379
"2025-11-07 11:45:00",1554,"NAN",11.87,1459.059,1170.38,1854.183,1238.144,1196.984,936.2811,1593.867,3331.65,1145.24,744.538,1042.072,1034.669,1163.753,999.3413,814.5024,3183.892,1233.05,1362.979,1409.225,1077.216,1785.455,1146.614,1106.252,843.7422,1511.026,3636.119,1056.543,649.6393,950.2189,939.7556,1073.499,905.281,722.3531,3457.532,1153.154,1275.678
"2025-11-07 12:00:00",1555,"NAN",11.85,1453.953,1164.773,1853.678,1234.461,1191.136,924.3009,1591.724,3335.351,1145.062,743.3712,1033.92,1028.815,1156.357,988.2469,815.8877,3159.483,1232.651,1361.363,1405.701,1072.953,1785.711,1144.106,1101.576,833.3137,1509.797,3625.576,1057.754,649.175,942.9969,935.4431,1067.089,895.1891,724.9271,3442.937,1154.127,1275.082
"2025-11-07 12:15:00",1556,"NAN",11.88,1463.633,1177.017,1867.729,1251.891,1213.05,952.7465,1593.464,3317.455,1145.194,743.9804,1046.213,1041.349,1164.704,995.8195,818.7352,3171.828,1232.001,1357.959,1415.996,1085.166,1800.737,1161.583,1123.957,861.6063,1512.353,3627.552,1057.942,650.2062,955.3483,947.753,1075.691,902.9288,727.7621,3435.635,1153.446,1271.852
"2025-11-07 12:30:00",1557,"NAN",11.87,1470.656,1186.119,1879.16,1264.735,1226.325,966.3508,1601.337,3352.255,1148.564,744.3786,1048.052,1049.907,1169.7,994.7504,824.6035,3158.311,1235.669,1358.883,1421.921,1093.302,1812.114,1174.344,1136.479,874.691,1519.033,3646.417,1060.812,649.3734,956.2463,955.8186,1080.725,901.3441,733.7739,3441.063,1158.07,1272.569
"2025-11-07 12:45:00",1558,"NAN",11.87,1452.592,1168.994,1864.78,1249.315,1211.057,941.565,1587.365,3340.41,1137.615,735.0572,1044.62,1053.187,1152.152,978.3127,810.1011,3170.884,1226.527,1346.523,1405.612,1080.388,1799.906,1162.259,1124.735,853.7383,1507.962,3646.356,1052.608,644.3245,944.3253,940.7309,1066.248,888.2561,722.4904,3430.95,1150.132,1262.884
"2025-11-07 13:00:00",1559,"NAN",11.86,1433.016,1143.742,1839.745,1216.961,1186.069,896.9451,1562.783,3340.149,1135.991,740.1024,1021.384,1013.815,1144.496,966.5788,814.6333,3152.181,1220.997,1340.411,1381.92,1052.029,1771.006,1126.858,1096.882,806.1686,1477.959,3647.23,1048.684,646.4304,931.233,920.2784,1056.021,873.7769,724.3299,3424.787,1142.23,1254.231
"2025-11-07 13:15:00",1560,"NAN",11.86,1427.636,1132.039,1830.464,1201.625,1178.665,879.6412,1581.619,3305.053,1141.761,745.5455,1018.388,1009.995,1145.826,964.6154,821.3688,3120.11,1224.358,1349.723,1375.186,1038.385,1760.176,1109.242,1087.554,786.8603,1498.363,3621.127,1052.131,650.2455,926.2021,914.67,1055.38,869.4832,729.1168,3391.712,1143.615,1261.941
"2025-11-07 13:30:00",1561,"NAN",11.86,1422.881,1122.766,1822.369,1189.669,1170.889,870.0574,1585.608,3318.17,1144.587,750.7779,1016.508,1013.166,1145.6,963.984,820.5529,3114.992,1225.339,1354.994,1371.147,1029.367,1752.38,1098.052,1080.246,777.5955,1502.844,3618.859,1055.604,656.1162,924.7038,918.3054,1055.165,869.116,728.7302,3379.277,1144.995,1267.956
"2025-11-07 13:45:00",1562,"NAN",11.86,1424.542,1120.192,1821.077,1185.396,1166.655,869.48,1573.252,3306.241,1144.214,751.8997,1013.499,1013.319,1143.316,961.3871,819.4684,3119.466,1227.732,1358.158,1373.835,1027.341,1751.393,1093.585,1076.445,777.6238,1486.067,3615.725,1055.875,657.4216,922.2061,919.1309,1053.474,867.3624,727.9889,3395.917,1147.929,1271.662
"2025-11-07 14:00:00",1563,"NAN",11.87,1417.919,1111.995,1810.036,1170.933,1156.827,862.1703,1578.301,3298.157,1139.527,749.0504,1008.884,1006.618,1137.451,956.8807,816.5161,3123.114,1225.165,1353.89,1366.797,1018.209,1738.706,1079.268,1066.251,769.9817,1496.202,3613.354,1050.5,654.6657,917.5478,911.6422,1047.809,862.8151,724.7993,3394.501,1144.771,1267.304
"2025-11-07 14:15:00",1564,"NAN",11.87,1424.064,1116.711,1815.637,1176.449,1159.652,873.3391,1585.864,3296.745,1142.181,751.0709,1011.063,790.5436,1139.847,959.3792,818.4509,3149.688,1229.766,1360.063,1373.722,1024.115,1746.06,1084.734,1069.464,781.8436,1503.729,3611.411,1054.351,656.7032,919.4699,695.348,1050.785,866.0504,726.5748,3404.813,1149.996,1273.571
"2025-11-07 14:30:00",1565,"NAN",11.87,1425.603,1119.596,1820.1,1184.219,1166.05,890.2577,1585.873,3286.98,1141.56,751.2286,1015.213,793.0677,1145.036,964.6495,816.774,3141.641,1229.917,1356.053,1376.563,1027.49,1751.422,1093.724,1076.871,799.3953,1504.328,3589.698,1054.705,657.6102,924.3025,699.3907,1056.577,871.6239,726.4704,3410.314,1150.906,1270.815
"2025-11-07 14:45:00",1566,"NAN",11.86,1423.007,1118.649,1819.155,1184.677,1164.531,885.4619,1587.01,3292.741,1140.561,751.8141,1015.024,738.1205,1140.516,962.5121,817.2182,3155.146,1229.328,1354.028,1371.088,1023.938,1748.712,1092.209,1073.104,792.3425,1502.965,3610.469,1051.232,656.2543,922.3038,640.4403,1050.394,867.4758,724.0701,3435.06,1148.376,1266.315
"2025-11-07 15:00:00",1567,"NAN",11.87,1418.767,1113.161,1813.309,1177.589,1157.693,875.5453,1584.771,3297.785,1138.85,749.2662,1011.818,735.1005,1138.047,957.4031,816.0413,3138.112,1227.531,1352.631,1367.509,1019.839,1742.917,1085.314,1067.051,783.3824,1502.356,3601.384,1050.059,654.1728,919.9619,638.451,1047.552,863.0454,724.3686,3422.115,1147.424,1266
"2025-11-07 15:15:00",1568,"NAN",11.87,1407.739,1102.255,1798.666,1161.38,1142.995,860.8923,1576.624,3332.137,1129.602,740.1877,997.819,723.7463,1125.776,945.1973,809.2093,3165.985,1218.735,1345.079,1360.193,1013.184,1731.138,1073.894,1056.86,773.5313,1497.981,3611.818,1045.305,649.8035,910.6356,632.0645,1040.828,856.0388,722.0112,3423.374,1142.983,1262.13
"2025-11-07 15:30:00",1569,"NAN",11.87,1401.82,1095.343,1786.831,1148.4,1132.889,855.2586,1572.94,3333.6,1123.174,738.1799,991.6345,722.2418,1120.506,939.8322,805.8784,3162.529,1213.344,1343.097,1356.064,1008.614,1720.242,1063.246,1048.734,770.2612,1496.421,3609.143,1041.452,650.2612,906.9919,633.3123,1037.471,852.6188,721.2202,3414.163,1140.122,1262.829
"2025-11-07 15:45:00",1570,"NAN",11.87,1391.286,1086.731,1769.982,1132.108,1120.89,850.9489,1564.803,3305.245,1115.065,734.894,989.4269,721.2249,1115.123,936.3733,802.3727,3111.568,1204.739,1336.084,1347.98,1000.682,1701.359,1047.402,1037.499,766.4332,1489.696,3576.209,1032.519,648.5811,905.8918,631.6918,1032.528,850.932,718.0632,3364.275,1131.869,1255.841
"2025-11-07 16:00:00",1571,"NAN",11.87,1394.753,1091.054,1770.054,1132.276,1118.278,856.9872,1567.943,3298.708,1116.901,739.2088,985.7646,720.2536,1114.706,937.3544,803.666,3095.262,1207.288,1348.319,1348.781,1004.958,1701.893,1046.677,1034.338,772.491,1492.948,3585.4,1034.215,651.5443,901.9866,631.1984,1031.911,850.5783,719.4484,3353.167,1134.145,1268.584
"2025-11-07 16:15:00",1572,"NAN",11.87,1394.572,1092.053,1764.564,1129.766,1113.771,859.9365,1568.95,3308.58,1115.319,740.585,985.901,721.6755,1114.948,938.2316,803.5087,3058.317,1206.372,1354.532,1348.19,1006.347,1697.852,1044.684,1030.266,776.2164,1492.204,3582.26,1035.013,653.2698,901.9886,633.7383,1032.566,851.6988,719.6238,3298.541,1134.249,1276.03
"2025-11-07 16:30:00",1573,"NAN",11.87,1393.022,1092.196,1757.689,1125.948,1107.438,860.6302,1567.482,3298.5,1112.714,735.5997,983.8702,722.2739,1112.358,937.8958,801.5024,3027.426,1204.234,1358.338,1348.922,1008.578,1693.578,1044.121,1026.712,779.3023,1493.014,3573.495,1035.071,651.725,902.4271,636.7808,1033.942,854.3267,720.1808,3264.72,1134.576,1281.852
"2025-11-07 16:45:00",1574,"NAN",11.83,1394.11,1095.507,1755.991,1127.246,1104.772,864.3802,1570.325,3321.633,1113.855,742.0698,989.5657,723.2748,1114.105,940.7658,803.5447,2921.002,1205.843,1364.825,1348.648,1010.392,1690.145,1043.925,1022.415,781.678,1493.647,3575.921,1035.079,656.7674,905.9062,635.8718,1033.987,855.9432,720.6481,3184.611,1134.134,1287.291
"2025-11-07 17:00:00",1575,"NAN",11.87,1392.232,1096.308,1751.654,1125.05,1099.885,864.0538,1568.856,3313.339,1112.729,743.4485,990.7909,725.3798,1112.078,940.8435,803.1325,2683.639,1202.69,1367.958,1346.625,1011.147,1685.139,1041.702,1018.01,782.1922,1493.178,3570.134,1032.762,658.5023,907.6945,638.1672,1032.127,856.6521,720.2361,2987.537,1130.987,1290.352
"2025-11-07 17:15:00",1576,"NAN",11.87,1388.087,1094.007,1744.995,1120.007,1093.102,864.2816,1563.67,3302.729,1108.828,741.1293,987.8409,699.8624,1108.925,939.2008,799.5066,2633.751,1198.361,1367.618,1344.589,1011.304,1679.045,1039.423,1013.204,784.0267,1491.548,3560.751,1030.176,658.2678,908.1492,614.6218,1029.947,856.8326,719.7354,2928.851,1128.719,1292.241
"2025-11-07 17:30:00",1577,"NAN",11.87,1387.325,1094.701,1742.22,1119.843,1088.78,863.6906,1563.134,3304.638,1107.588,742.4551,986.2347,702.6408,1107.706,939.3067,797.9641,2618.453,1196.81,1371.948,1344.414,1014.044,1678.006,1039.451,1009.846,784.3014,1492.17,3567.831,1030.236,660.5325,907.4954,619.2816,1029.725,857.8182,719.5898,2897.451,1128.702,1298.125
"2025-11-07 17:45:00",1578,"NAN",11.88,1385.567,1096.067,1739.354,1118.622,1084.327,863.9278,1563.085,3306.273,1104.933,742.5926,985.236,698.6072,1105.438,939.1849,797.2859,2586.463,1195.377,1375.185,1344.568,1015.72,1674.03,1039.728,1006.365,785.6616,1492.723,3565.594,1028.323,661.6626,907.7787,615.6673,1028.93,859.7761,719.3498,2895.311,1127.845,1301.874
"2025-11-07 18:00:00",1579,"NAN",11.87,1384.489,1096.804,1736.576,1118.926,1080.317,865.9302,1561.355,3292.339,1103.46,742.7136,984.7829,699.5845,1104.141,939.7052,796.7751,2584.35,1193.681,1378.871,1343.471,1018.089,1672.568,1039.462,1002.94,788.587,1491.627,3548.509,1027.625,662.0934,907.2188,617.0606,1027.594,860.5208,719.6494,2832.694,1126.849,1306.014
"2025-11-07 18:15:00",1580,"NAN",11.87,1384.235,1098.462,1732.743,1118.964,1077.19,868.9038,1561.069,3278.489,1101.878,738.4079,983.0867,698.8093,1103.42,940.1303,795.7618,2565.906,1192.127,1381.955,1343.329,1019.641,1668.589,1040.749,999.9269,791.7126,1491.468,3532.644,1026.049,658.6176,906.761,616.5726,1026.741,861.3978,719.1916,2791.197,1125.568,1308.909
"2025-11-07 18:30:00",1581,"NAN",11.84,1387.48,1103.36,1734.19,1124.098,1078.062,873.8421,1562.671,3254.468,1105.086,741.1501,985.9283,704.9386,1107.214,945.8525,799.039,2509.961,1194.395,1383.172,1342.81,1021.332,1667.163,1041.129,997.1227,794.454,1489.639,3506.604,1025.683,656.5052,905.6855,619.6429,1026.499,862.4354,718.5495,2717.667,1123.979,1306.942
"2025-11-07 18:45:00",1582,"NAN",11.87,1385.728,1103.424,1730.941,1123.558,1074.88,875.2725,1561.225,3225.289,1103.091,743.2136,985.785,702.8585,1106.108,946.6062,797.5708,2495.401,1191.771,1382.988,1340.745,1021.19,1664.543,1041.756,994.058,793.9163,1488.167,3474.868,1024.055,659.7801,905.7792,617.6255,1026.11,863.2791,717.4088,2637.568,1121.021,1307.186
"2025-11-07 19:00:00",1583,"NAN",11.88,1382.889,1101.208,1724.557,1120.197,1069.877,873.881,1557.352,3198.761,1098.51,750.0406,983.4402,702.3532,1104.232,946.7355,795.3776,2495.723,1187.712,1379.922,1338.657,1020.249,1659.115,1039.171,990.4008,794.2267,1484.748,3430.219,1021.048,667.8954,904.4106,618.4368,1025.777,864.7916,716.1752,2531.028,1117.542,1305.318
"2025-11-07 19:15:00",1584,"NAN",11.87,1365.276,1086.438,1712.318,1103.203,1048.073,856.7689,1542.011,3241.299,1079.698,729.9796,960.9621,682.2208,1082.03,925.7255,773.1044,2478.253,1169.839,1365.029,1341.642,1027.393,1664.222,1044.695,990.9152,799.6826,1491.224,3423.999,1023.56,669.8768,904.6553,621.1461,1026.15,866.3596,716.2391,2500.977,1121.238,1311.053
"2025-11-07 19:30:00",1585,"NAN",11.87,1364.287,1087.041,1709.348,1101.863,1044.926,858.4039,1542.229,3209.943,1075.605,729.4822,962.1631,681.1041,1079.286,926.2164,774.5335,2397.966,1167.356,1364.911,1342.486,1028.733,1662.214,1045.113,988.612,802.5271,1489.939,3392.414,1021.823,671.6981,905.6412,619.8763,1025.129,869.6987,718.5969,2408.151,1119.307,1312.88
"2025-11-07 19:45:00",1586,"NAN",11.87,1361.783,1085.934,1704.622,1099.608,1041.395,859.8451,1538.71,3181.061,1073.747,731.1182,960.989,680.018,1079.143,927.6132,773.2578,2381.236,1164.383,1363.618,1340.405,1028.031,1658.969,1043.915,986.1566,805.0247,1487.453,3361.575,1020.852,673.4633,905.9408,621.4407,1026.422,870.6708,717.8395,2388.79,1117.415,1312.36
"2025-11-07 20:00:00",1587,"NAN",11.88,1358.474,1084.96,1703.603,1097.739,1037.365,858.8591,1535.551,3174.798,1071.675,729.387,958.5837,678.45,1076.815,925.4452,770.317,2363.458,1161.318,1364.313,1340.445,1031.43,1659.643,1044.476,985.3827,807.681,1489.103,3347.675,1021.13,674.4189,907.2834,623.0948,1026.373,871.9538,718.9846,2369.969,1117.91,1315.882
"2025-11-07 20:15:00",1588,"NAN",11.87,1357.567,1085.044,1701.064,1096.573,1034.073,858.8741,1537.497,3168.968,1067.88,728.8189,958.8223,677.9232,1073.979,924.9897,769.4391,2344.704,1159.274,1365.656,1341.374,1032.917,1660.023,1046.381,984.3151,809.8293,1490.854,3329.027,1020.513,677.9289,909.1068,623.8737,1026.692,874.1302,720.0594,2353.547,1117.836,1319.773
"2025-11-07 20:30:00",1589,"NAN",11.87,1358.088,1087.151,1701.7,1097.054,1032.905,860.3287,1537.982,3163.562,1068.365,730.2881,959.5966,678.6896,1074.602,926.6111,770.6772,2336.571,1159.382,1366.862,1341.734,1035.149,1659.682,1046.427,983.1689,810.9385,1492.756,3326.348,1020.043,678.8211,909.6472,624.6844,1027.038,875.5319,721.0358,2342.08,1117.605,1319.885
"2025-11-07 20:45:00",1590,"NAN",11.87,1358.37,1088.868,1702.582,1098.475,1032.198,861.8417,1539.702,3154.784,1068.756,731.9421,960.0568,680.3404,1075.784,927.1902,770.7431,2335.436,1160.423,1366.8,1341.893,1037.102,1659.921,1047.14,981.7673,812.0513,1494.368,3309.979,1019.232,679.5273,911.0645,625.8902,1025.832,875.75,721.4938,2339.856,1117.854,1319.634
"2025-11-07 21:00:00",1591,"NAN",11.87,1364.538,1096.97,1709.169,1105.448,1034.565,866.8985,1546.248,3160.674,1073.611,734.6556,961.6829,681.3574,1076.161,929.9197,774.3691,2315.634,1166.707,1377.472,1347,1044.068,1666.564,1053.72,983.713,816.9122,1500.886,3318.634,1023.856,682.2636,911.2844,626.4294,1027.15,877.7131,723.9503,2317.375,1123.978,1329.971
"2025-11-07 21:15:00",1592,"NAN",11.86,1365.246,1098.679,1709.021,1106.729,1033.414,867.0231,1547.513,3150.271,1074.014,734.7711,962.4579,681.7805,1075.941,930.9617,774.3347,2307.132,1167.71,1379.169,1348.255,1046.283,1667.176,1055.329,983.2108,817.5728,1502.424,3312.71,1024.721,682.9641,912.1355,627.2635,1027.71,878.9468,724.3765,2306.68,1125.365,1331.437
"2025-11-07 21:30:00",1593,"NAN",11.85,1365.19,1099.282,1710.584,1108.286,1032.661,866.9226,1547.512,3147.181,1074.451,736.6904,961.6229,678.9253,1076.712,931.3711,773.2294,2320.987,1168.378,1381.424,1348.956,1049.059,1669.601,1057.559,983.363,818.7092,1503.473,3306.872,1026.401,684.6427,913.4897,626.939,1028.408,880.4243,725.3532,2327.23,1127.405,1335.221
"2025-11-07 21:45:00",1594,"NAN",11.88,1365.552,1100.83,1711.14,1109.851,1032.259,867.1176,1550.174,3149.647,1073.826,738.015,963.5095,677.5294,1076.03,932.0193,773.3143,2529.339,1171.964,1383.655,1349.813,1051.047,1671.489,1060.319,983.8239,819.6248,1504.998,3302.302,1027.447,687.2744,915.4729,625.2574,1028.957,881.6357,726.0102,2664.965,1132.521,1338.862
"2025-11-07 22:00:00",1595,"NAN",11.88,1364.907,1100.416,1710.575,1109.158,1030.316,865.5826,1548.692,3154.467,1073.32,735.2797,961.7197,676.3163,1075.1,931.4566,771.6501,2443.163,1169.479,1386.046,1350.68,1053.228,1672.728,1061.499,984.2913,820.2988,1508.182,3299.078,1028.071,687.3134,916.3563,626.9636,1030.333,883.0979,726.6744,2459.702,1131.716,1343.019
"2025-11-07 22:15:00",1596,"NAN",11.87,1364.718,1101.36,1711.44,1109.642,1029.888,865.7219,1549.282,3144.476,1073.328,737.0516,962.0195,675.4363,1075.185,931.8198,772.2025,2429.755,1169.468,1388.509,1352.446,1055.347,1673.795,1063.168,984.8048,821.5895,1508.986,3295.797,1029.167,689.3392,917.7545,627.0941,1030.952,885.1022,728.3619,2445.308,1132.613,1346.606
"2025-11-07 22:30:00",1597,"NAN",11.85,1362.227,1100.187,1710.557,1107.945,1026.808,862.5833,1548.396,3149.934,1070.794,735.483,960.4472,673.158,1070.928,929.0732,769.3286,2469.31,1167.535,1389.022,1352.481,1056.706,1675.02,1063.944,984.4372,821.2015,1511.267,3294.042,1028.468,691.7274,918.8645,626.9659,1029.663,885.2322,728.1351,2484.311,1133.258,1349.272
"2025-11-07 22:45:00",1598,"NAN",11.86,1362.869,1101.219,1711.72,1109.073,1027.129,863.3379,1550.727,3150.691,1070.892,736.081,960.4492,673.7205,1071.319,929.3271,770.2457,2431.207,1168.717,1391.051,1353.745,1057.119,1676.014,1065.985,984.7874,822.0332,1512.759,3294.012,1028.64,692.078,919.7194,627.824,1029.994,886.3018,728.6119,2441.844,1134.353,1351.254
"2025-11-07 23:00:00",1599,"NAN",11.86,1363.154,1101.28,1712.216,1110.198,1026.819,862.6399,1550.331,3152.571,1070.869,739.0887,961.1255,672.1315,1071.356,930.2164,770.0303,2417.654,1169.099,1392.706,1353.719,1058.764,1678.728,1067.562,985.3868,822.1981,1511.79,3286.391,1030.998,695.4365,920.3685,627.6863,1030.799,887.4398,730.0452,2429.188,1135.877,1353.914
"2025-11-07 23:15:00",1600,"NAN",11.87,1361.107,1100.305,1712.097,1108.545,1024.588,861.0305,1547.824,3157.695,1069.429,737.6171,959.7427,665.9274,1068.149,928.2829,768.0212,2421.877,1167.88,1392.897,1355.617,1060.808,1680.2,1068.275,986.1216,823.7227,1513.669,3286.885,1031.457,696.7813,921.7268,624.1866,1031.55,888.9391,730.4828,2433.954,1137.404,1356.822
"2025-11-07 23:30:00",1601,"NAN",11.87,1361.169,1101.536,1712.608,1108.644,1024.575,861.9217,1549.222,3167.432,1068.595,738.2725,960.7946,665.2743,1067.599,928.3195,767.5103,2400.644,1168.656,1394.398,1355.934,1061.304,1681.488,1070.775,986.9366,825.1584,1514.737,3284.968,1031.881,699.3781,923.1346,624.08,1032.309,889.7285,730.1537,2410.006,1138.765,1358.797
"2025-11-07 23:45:00",1602,"NAN",11.87,1357.277,1097.548,1710.638,1105.675,1020.534,858.6708,1545.669,3179.449,1066.424,735.692,956.8765,662.1673,1064.296,925.4496,763.5778,2400.205,1165.625,1392.274,1355.469,1062.593,1682.861,1070.277,986.9003,826.3267,1516.138,3292.104,1032.612,700.1711,924.2127,624.8034,1032,891.0265,730.9522,2409.278,1139.794,1360.78
"2025-11-08 00:00:00",1603,"NAN",11.87,1353.218,1093.408,1706.729,1100.373,1015.583,854.494,1543.184,3193.768,1061.33,730.546,952.5598,659.4383,1059.978,921.3823,758.968,2397.485,1161.545,1389.028,1356.407,1063.073,1683.283,1071.875,987.7256,827.8344,1518.757,3286.238,1032.709,701.2546,926.0272,627.7954,1033.405,892.3215,731.9713,2407.863,1141.217,1362.833
"2025-11-08 00:15:00",1604,"NAN",11.87,1350.857,1091.179,1705.843,1098.444,1013.15,853.0738,1542.903,3205.612,1058.531,729.5176,951.5332,657.2216,1057.572,919.6436,757.4359,2426.399,1159.758,1388.686,1355.753,1064.041,1684.696,1071.417,987.3515,828.4691,1518.173,3285.717,1034.522,701.955,925.6113,628.7077,1033.7,892.3619,733.0121,2433.107,1141.531,1364.565
"2025-11-08 00:30:00",1605,"NAN",11.85,1348.308,1087.786,1700.836,1094.915,1010.94,851.3777,1541.365,3188.528,1056.233,728.7488,951.3999,658.136,1058.274,920.4754,755.5182,2411.087,1157.358,1384.257,1354.369,1061.12,1680.671,1069.423,986.4136,827.9004,1516.647,3263.441,1033.204,702.781,926.99,630.37,1035.515,894.458,731.6945,2418.738,1140.124,1361.443
"2025-11-08 00:45:00",1606,"NAN",11.89,1351.095,1091.27,1705.798,1098.601,1012.112,853.4932,1545.027,3202.529,1059.19,731.437,951.4908,659.0496,1058.213,920.5271,756.5131,2422.103,1160.572,1390.887,1357.733,1064.901,1686.208,1074.124,988.1525,830.5725,1521.879,3279.266,1036.022,705.6246,928.2412,632.5092,1036.361,895.7484,733.1563,2427.184,1144.235,1368.511
"2025-11-08 01:00:00",1607,"NAN",11.85,1349.087,1090.366,1706.171,1099.027,1010.914,852.5031,1543.825,3198.579,1058.519,730.6881,951.5126,658.0297,1057.298,920.2486,755.5938,2423.561,1160.539,1391.334,1357.157,1065.608,1687.639,1075.584,988.5613,831.1965,1522.671,3270.015,1036.462,706.3272,929.3539,632.9385,1037.399,896.4458,733.7639,2429.52,1145.421,1370.315
"2025-11-08 01:15:00",1608,"NAN",11.87,1348.244,1088.085,1705.655,1098.384,1009.672,849.6371,1543.35,3193.664,1056.466,728.416,950.9906,659.007,1057.009,918.8116,754.222,2418.99,1159.031,1390.056,1357.419,1065.882,1688.046,1076.122,988.8324,830.1371,1522.996,3252.905,1036.139,706.0681,931.0936,635.2321,1037.15,896.714,734.9529,2425.452,1145.561,1370.776
"2025-11-08 01:30:00",1609,"NAN",11.87,1347.906,1087.941,1706.413,1097.706,1008.52,848.0577,1544.483,3202.035,1055.677,729.6267,950.7924,657.9407,1055.463,918.4877,753.5924,2415.388,1158.448,1390.409,1360.266,1067.506,1689.987,1077.901,990.3556,830.9057,1527.213,3254.11,1037.52,709.439,932.3404,636.489,1039.106,899.2848,736.1536,2423.178,1147.252,1373.057
"2025-11-08 01:45:00",1610,"NAN",11.86,1344.354,1081.58,1700.981,1093.603,1005.814,843.7546,1539.642,3188.735,1053.351,727.1628,949.5033,656.8875,1056.019,918.2466,750.3677,2401.593,1154.376,1383.406,1358.661,1064.251,1686.35,1075.412,989.3544,828.7173,1524.097,3237.275,1036.501,708.6619,934.2763,638.0718,1040.315,900.5599,735.7783,2408.298,1144.979,1367.848
"2025-11-08 02:00:00",1611,"NAN",11.87,1341.875,1079.402,1699.745,1091.297,1003.356,840.9249,1539.088,3205.039,1049.691,725.9883,947.9852,655.8741,1052.399,915.7654,748.4087,2405.007,1152.532,1380.857,1358.673,1064.182,1688.647,1076.888,990.3868,829.1145,1525.832,3247.162,1036.571,712.159,934.9164,639.3797,1041.446,901.5701,736.2784,2412.152,1146.278,1368.358
"2025-11-08 02:15:00",1612,"NAN",11.88,1342.236,1078.984,1699.956,1091.03,1003.307,840.6887,1536.29,3210.806,1050.384,724.4884,947.6192,654.5333,1052.099,915.4547,747.5226,2402.713,1152.661,1380.849,1359.298,1063.973,1689.196,1077.124,990.8619,829.5651,1523.919,3251.101,1037.984,710.3588,935.4539,639.2905,1042.208,901.8181,735.7894,2410.038,1147.326,1368.946
"2025-11-08 02:30:00",1613,"NAN",11.85,1340.69,1077.221,1700.349,1090.528,1002.428,839.5371,1535.614,3224.6,1048.918,725.894,947.6603,651.7029,1051.28,912.7231,745.3317,2403.582,1152.291,1379.432,1360.735,1065.348,1691.196,1078.061,992.065,830.4504,1524.424,3252.579,1039.271,713.6407,936.8062,638.4301,1043.209,901.8517,735.9554,2411.029,1148.917,1369.76
"2025-11-08 02:45:00",1614,"NAN",11.84,1342.078,1078.947,1702.706,1092.378,1003.495,840.7081,1533.293,3223.383,1051.23,728.2601,947.1932,652.0492,1050.532,912.4997,745.3843,2404.68,1154.307,1382.38,1362.742,1067.594,1693.835,1080.929,993.7736,832.5436,1524.954,3253.527,1040.347,716.932,938.7122,639.4805,1042.364,902.0552,737.1772,2412.721,1151.693,1372.93
"2025-11-08 03:00:00",1615,"NAN",11.86,1341.179,1076.271,1699.905,1089.758,1002.194,838.6196,1532.745,3229.703,1048.181,726.5381,947.1099,651.0974,1049.625,911.8416,743.3263,2398.954,1151.981,1379.395,1362.63,1065.771,1693.398,1080.522,994.0481,831.7771,1523.972,3256.063,1040.012,717.1107,939.0714,639.8803,1044.058,902.0129,736.1274,2408.353,1150.956,1371.663
"2025-11-08 03:15:00",1616,"NAN",11.87,1340.556,1075.277,1700.043,1089.419,1001.694,838.2316,1532.983,3230.312,1047.147,727.9359,946.7268,650.0588,1048.883,912.2952,741.6022,2371.434,1151.382,1379.064,1362.925,1066.071,1694.606,1081.159,994.9636,832.7372,1525.662,3254.931,1040.109,719.3694,939.9733,640.0581,1044.576,903.8746,735.4601,2381.338,1151.578,1372.402
"2025-11-08 03:30:00",1617,"NAN",11.84,1337.296,1072.55,1698.865,1086.094,998.4567,834.9275,1531.453,3245.734,1044.331,725.2238,943.3241,645.5978,1045.246,908.0671,737.4379,2391.393,1149.159,1376.915,1365.399,1068.708,1695.95,1083.039,996.7281,834.366,1528.979,3248.151,1041.959,722.1135,941.6899,640.8598,1045.144,905.1788,736.9088,2398.508,1153.806,1374.861
"2025-11-08 03:45:00",1618,"NAN",11.87,1334.692,1069.25,1696.61,1083.148,995.8408,831.3677,1529.239,3253.881,1041.413,723.5826,941.9167,643.2167,1043.04,906.0345,733.6193,2388.199,1146.244,1374.148,1364.939,1067.692,1696.685,1083.178,996.9193,833.5884,1529.708,3251.031,1041.616,722.4016,942.968,641.8143,1046.132,905.2662,735.5364,2399.511,1153.759,1375.013
"2025-11-08 04:00:00",1619,"NAN",11.88,1331.221,1067.118,1694.7,1079.301,992.9437,828.449,1526.793,3265.942,1037.665,721.2101,939.4571,639.0009,1039.982,902.5869,729.5828,2391.343,1143.778,1371.788,1365.466,1069.156,1697.939,1082.937,997.5415,834.2626,1529.363,3255.072,1041.477,724.251,944.675,640.4233,1046.135,906.5193,735.2686,2400.795,1154.648,1376.433
"2025-11-08 04:15:00",1620,"NAN",11.87,1329.993,1065.589,1694.019,1077.973,991.3812,827.189,1525.243,3259.622,1036.736,718.317,937.1924,636.2303,1039.338,900.5823,725.9349,2388.494,1142.585,1371.077,1366.288,1070.619,1698.969,1083.373,998.4099,835.5734,1531.448,3254.194,1042.366,722.7602,945.2083,641.2315,1047.289,905.9532,734.3542,2399.454,1156.179,1377.6
"2025-11-08 04:30:00",1621,"NAN",11.88,1329.326,1064.046,1693.257,1077.273,989.7496,824.7407,1525.386,3273.177,1034.391,719.5766,936.7761,638.2128,1038.091,898.0822,723.6784,2386.893,1142.099,1370.329,1366.924,1071.349,1701.563,1084.762,998.809,835.2075,1532.586,3254.778,1042.386,727.1833,947.1148,644.281,1047.9,906.0284,734.6229,2397.814,1157.889,1378.951
"2025-11-08 04:45:00",1622,"NAN",11.87,1329.453,1064.371,1693.003,1076.405,988.2024,822.9545,1526.21,3269.638,1033.625,719.9658,936.55,638.1861,1037.441,897.3793,724.4566,2384.587,1142.004,1371.149,1509.71,1220.085,1825.402,1234.183,1148.464,986.5522,1668.533,2983.453,1189.659,879.7232,1097.831,798.1732,1199.266,1056.946,887.6675,2425.619,1305.252,1521.208
"2025-11-08 05:00:00",1623,"NAN",11.86,1330.364,1064.533,1693.853,1076.884,987.6231,822.1954,1521.846,3276.457,1033.502,720.7647,936.4948,635.7593,1036.929,897.1061,725.015,2381.36,1142.566,1371.72,1511.106,1221.68,1826.224,1235.907,1149.193,987.0071,1665.616,2973.106,1190.021,881.6242,1098.935,796.9703,1199.577,1056.966,889.7566,2416.065,1306.365,1522.895
"2025-11-08 05:15:00",1624,"NAN",11.85,1330.391,1064.124,1694.511,1077.473,987.4897,821.1938,1524.002,3273.744,1033.179,721.2028,936.5413,637.6587,1037.392,899.6297,723.9257,2382.825,1142.818,1372.119,1511.613,1223.862,1828.332,1236.625,1149.605,986.9703,1667.875,2974.305,1192.055,883.7053,1099.31,799.1861,1200.459,1061.682,890.506,2427.168,1307.81,1524.87
"2025-11-08 05:30:00",1625,"NAN",11.85,1330.25,1064.798,1696.051,1077.326,987.3672,820.7076,1527.124,3280.605,1032.829,722.1166,937.3135,637.5106,1037.546,899.184,723.8272,2353.639,1142.957,1372.325,1513.562,1224.825,1829.546,1237.103,1150.71,987.139,1672.791,2970.544,1191.143,884.9021,1102.033,800.4095,1200.038,1061.942,891.2316,2396.712,1307.886,1524.912
"2025-11-08 05:45:00",1626,"NAN",11.87,1331.411,1065.38,1696.595,1077.735,987.6204,820.5382,1526.191,3279.912,1033.144,723.7964,938.0295,638.2811,1037.099,900.4927,724.9299,2366.19,1143.408,1372.798,1514.608,1224.74,1831.01,1238.419,1151.359,987.3616,1671.597,2978.974,1192.704,886.0475,1101.86,802.0272,1201.915,1063.104,891.6656,2415.907,1309.509,1526.576
"2025-11-08 06:00:00",1627,"NAN",11.86,1331.823,1065.854,1697.157,1077.515,987.981,820.6468,1527.878,3278.115,1034.074,723.8029,937.3248,637.7427,1038.522,900.132,725.072,2362.86,1143.629,1373.097,1514.753,1226.195,1831.294,1238.246,1152.22,988.1512,1675.028,2969.103,1193.107,886.7327,1102.897,802.2957,1202.677,1062.818,892.8221,2394.605,1310.041,1526.4
"2025-11-08 06:15:00",1628,"NAN",11.87,1332.614,1067.114,1698.162,1077.565,988.5076,820.5971,1524.994,3281.236,1033.33,726.3928,939.1816,638.9129,1037.704,900.3408,726.6573,2343.957,1143.212,1373.331,1517.082,1227.375,1832.7,1239.391,1152.838,988.3451,1670.772,2959.604,1193.712,889.8644,1103.582,802.6763,1202.978,1064.565,894.3788,2392.768,1310.176,1527.247
"2025-11-08 06:30:00",1629,"NAN",11.85,1334.26,1067.584,1699.056,1078.523,989.2477,820.3007,1524.762,3283.263,1034.526,727.9274,939.8036,639.5745,1035.42,901.3611,726.9071,2223.773,1142.987,1373.618,1517.627,1228.546,1834.29,1239.701,1153.53,988.1434,1671.271,2979.852,1195.054,892.1176,1104.207,803.3442,1201.083,1064.335,894.3788,2296.95,1309.883,1527.672
"2025-11-08 06:45:00",1630,"NAN",11.88,1334.282,1068.503,1700.674,1078.899,990.5547,820.0601,1527.514,3293.011,1035.934,726.8957,939.7275,639.3796,1036.451,901.4344,728.6362,2399.927,1145.631,1373.503,1518.572,1229.522,1834.734,1239.878,1155.005,988.0385,1674.931,2988.359,1194.918,890.0356,1105.711,804.1483,1201.494,1064.785,896.6871,2407.139,1312.48,1527.716
"2025-11-08 07:00:00",1631,"NAN",11.87,1335.342,1068.453,1700.923,1079.488,991.9826,819.9825,1531.233,3307.604,1036.39,730.4854,940.8804,640.6729,1036.842,901.7952,729.9661,1784.632,1142.544,1373.475,1518.681,1229.558,1834.776,1240.828,1156.36,987.7682,1677.508,2990.339,1195.882,893.3124,1107.011,804.9219,1201.366,1065.036,898.0452,2104.322,1310.57,1526.978
"2025-11-08 07:15:00",1632,"NAN",11.85,1336.312,1069.145,1702.593,1079.757,993.1594,819.76,1533.756,3319.94,1035.789,731.3594,942.0143,640.7131,1036.305,901.6941,731.3929,1361.985,1142.058,1372.654,1519.085,1229.58,1837.347,1241.572,1157.845,987.5424,1678.59,2997.778,1196.093,895.7201,1107.257,804.8824,1201.981,1064.89,899.504,2143.489,1311.504,1526.94
"2025-11-08 07:30:00",1633,"NAN",11.86,1337.815,1069.816,1703.758,1079.46,994.3667,820.8226,1531.106,3333.7,1037.029,733.4445,942.4339,640.4111,1036.768,901.6469,734.8523,1820.713,1144.974,1372.258,1521.17,1230.185,1837.541,1240.276,1158.411,988.47,1676.985,3007.793,1197.384,897.5283,1106.761,804.3176,1202.312,1064.723,902.4039,2117.845,1312.346,1526.224
"2025-11-08 07:45:00",1634,"NAN",11.88,1338.568,1069.994,1705.74,1079.162,995.5549,821.7449,1533.046,3354.743,1038.051,734.376,942.6631,640.8888,1037.439,901.4956,735.12,2073.068,1150.361,1371.559,1521.236,1230.67,1840.017,1240.457,1159.739,989.3317,1678.948,3023.77,1196.487,898.0106,1108.874,804.9125,1201.519,1064.881,903.1116,2176.885,1316.734,1525.275
"2025-11-08 08:00:00",1635,"NAN",11.87,1344.427,1076.709,1714.593,1085.548,999.6606,826.0006,1537.705,3394.832,1042.837,738.191,943.0148,641.8661,1037.564,901.3475,739.0608,1641.144,1158.017,1379.733,1527.48,1237.014,1847.09,1245.943,1163.892,993.5432,1684.516,3084.863,1201.52,900.9483,1108.492,806.2616,1202.266,1063.901,906.2663,2267.055,1326.181,1532.918
"2025-11-08 08:15:00",1636,"NAN",11.85,1342.549,1072.994,1710.442,1081.965,998.8453,823.0612,1533.624,3414.691,1039.854,737.0281,943.5504,643.4708,1037.028,899.2861,737.8521,2130.388,1157.524,1371.124,1526.638,1233.51,1844.207,1243.229,1163.19,991.2975,1679.739,3078.692,1198.173,900.7944,1110.558,807.2747,1200.972,1063.085,905.4361,2207.024,1324.248,1525.301
"2025-11-08 08:30:00",1637,"NAN",11.87,1346.611,1076.73,1718.001,1086.838,1001.698,825.084,1537.188,3458.774,1042.432,739.2527,944.6223,642.9123,1036.772,898.5943,738.6316,2172.98,1161.83,1375.983,1530.4,1237.506,1850.26,1248.048,1165.799,992.8303,1684.131,3107.819,1201.114,902.4562,1110.256,806.8039,1201.133,1062.779,906.515,2258.349,1327.67,1530.212
"2025-11-08 08:45:00",1638,"NAN",11.87,1349.969,1079.07,1720.841,1088.779,1004.117,825.3143,1539.883,3500.611,1043.885,740.511,945.5975,642.7585,1037.565,899.1122,739.6849,2387.426,1165.354,1375.397,1534.182,1239.363,1853.156,1250.36,1168.121,992.8936,1685.606,3151.507,1204.002,903.8802,1110.002,806.5707,1202.493,1062.839,907.6232,2424.112,1331.003,1529.783
"2025-11-08 09:00:00",1639,"NAN",11.87,1352.874,1080.589,1724.307,1091.115,1006.42,824.2423,1541.86,3545.629,1045.316,740.7985,946.9149,643.4847,1038.47,898.6483,740.0302,2383.577,1166.992,1373.51,1537.111,1240.3,1855.295,1252.234,1170.577,991.7674,1687.452,3177.08,1205.291,903.8181,1111.429,807.4357,1203.966,1062.786,907.3599,2427.563,1332.457,1527.266
"2025-11-08 09:15:00",1640,"NAN",11.87,1353.189,1078.544,1724.311,1090.892,1007.301,822.5471,1540.224,3564.536,1044.164,739.3961,946.9101,643.0761,1038.068,896.9295,738.9909,2390.783,1166.65,1370.417,1537.022,1238.707,1857.202,1251.455,1170.975,989.8983,1684.397,3189.286,1204.56,903.4092,1111.479,806.0909,1202.958,1061.334,906.3969,2434.64,1332.541,1524.489
"2025-11-08 09:30:00",1641,"NAN",11.87,1353.935,1078.829,1725.728,1090.017,1008.461,821.7177,1535.884,3567.554,1043.939,739.1282,947.0009,641.8987,1037.693,895.7329,739.2542,1343.605,1160.902,1367.717,1537.141,1238.225,1858.934,1251.94,1172.234,988.8851,1680.851,3201.344,1203.874,903.5341,1110.939,805.675,1202.865,1058.727,906.4424,1538.422,1326.907,1522.232
"2025-11-08 09:45:00",1642,"NAN",11.87,1349.344,1071.472,1718.974,1083.98,1006.244,817.1158,1527.743,3554.277,1040.181,738.6295,946.0451,640.9702,1038.693,893.9885,736.5849,2283.611,1160.777,1357.182,1533.111,1232.837,1852.313,1244.659,1170.01,984.7175,1673.277,3190.435,1200.34,902.6698,1111.208,804.7237,1203.489,1057.077,904.8716,2349.145,1326.553,1512.515
"2025-11-08 10:00:00",1643,"NAN",11.87,1350.06,1071.78,1721.074,1083.397,1007.141,816.7017,1528.748,3558.33,1040.556,738.9178,945.6648,639.6306,1038.701,893.1721,737.2123,2321.669,1161.919,1355.411,1533.7,1231.834,1853.488,1244.716,1171.014,984.7578,1675.552,3184.371,1199.024,902.1841,1111.579,803.9423,1203.142,1056.135,905.11,2370.081,1328.111,1510.682
"2025-11-08 10:15:00",1644,"NAN",11.86,1351.774,1071.469,1722.647,1084.064,1008.727,816.4981,1532.667,3559.044,1040.613,732.9749,945.5936,639.475,1039.045,892.6352,737.1049,2338.777,1162.754,1351.787,1535.312,1232.384,1855.291,1244.476,1173.066,983.9014,1678.864,3184.334,1199.774,897.0665,1110.969,803.3977,1203.588,1055.62,905.3266,2402.236,1329.38,1507.964
"2025-11-08 10:30:00",1645,"NAN",11.88,1351.766,1071.891,1724.18,1083.07,1009.296,815.1588,1534.424,3568.167,1040.94,736.959,945.7087,640.3027,1038.384,891.6581,737.3034,1340.669,1157.093,1350.087,1536.059,1232.943,1856.534,1243.273,1173.125,982.4537,1680.858,3191.979,1199.26,900.8089,1111.61,803.9487,1202.483,1055.336,905.1978,1943.539,1324.913,1504.958
"2025-11-08 10:45:00",1646,"NAN",11.87,1354.659,1074.189,1727.81,1085.506,1011.803,816.3171,1538.912,3574.021,1042.588,741.6516,947.3849,641.4161,1040.286,890.9215,738.4376,2058.036,1163.601,1352.038,1539.27,1234.711,1859.54,1245.746,1175.532,984.1218,1684.037,3226.197,1202.026,905.4968,1112.724,804.6761,1204.53,1054.615,906.1151,2165.847,1329.765,1506.551
"2025-11-08 11:00:00",1647,"NAN",11.84,1354.393,1071.551,1726.27,1082.864,1011.792,814.0928,1535.903,3570.77,1041.189,740.8075,947.6946,639.8134,1040.488,890.4987,737.3428,2406.539,1164.549,1345.9,1491.912,1183.079,1818.676,1195.308,1126.269,931.8578,1636.398,3279.381,1150.299,854.6371,1062.847,753.3721,1156.027,1004.949,855.3181,2431.433,1282.279,1454.99
"2025-11-08 11:15:00",1648,"NAN",11.87,1356.895,1074.69,1731.118,1085.29,1015.428,815.5508,1538.105,3566.925,1044.833,743.4694,948.4678,640.8904,1043.081,891.0413,739.158,2493.835,1168.06,1345.328,1482.791,1173.06,1810.821,1183.426,1116.301,918.8936,1627.205,3312.301,1139.698,843.3974,1050.459,740.0635,1144.342,991.2666,843.4504,2502.487,1272.007,1441.049
"2025-11-08 11:30:00",1649,"NAN",11.87,1364.629,1083.25,1743.346,1094.319,1022.063,820.8518,1541.474,3600.93,1050.848,747.4478,962.9329,645.73,1045.169,892.186,742.4274,2451.856,1174.429,1352.625,1487.175,1177.088,1819.829,1189.264,1119.274,921.1569,1627.635,3337.815,1141.999,843.6227,1049.475,737.5147,1143.023,989.1749,843.0736,2452.703,1274.663,1445.054
"2025-11-08 11:45:00",1650,"NAN",11.84,1361.263,1078.888,1739.893,1091.811,1022.287,818.4047,1534.28,3580.18,1047.641,746.386,952.2019,642.2541,1045.361,891.7176,740.2751,2584.878,1172.189,1339.366,1483.544,1172.312,1815.063,1185.855,1118.437,917.3241,1619.61,3316.655,1138.035,841.5586,1049.593,736.5359,1141.417,987.2145,839.4185,2448.81,1270.402,1430.456
"2025-11-08 12:00:00",1651,"NAN",11.88,1364.912,1082.853,1746.668,1097.22,1026.368,820.2413,1541.467,3612.58,1050.676,748.2349,952.8605,642.4037,1045.391,890.5177,741.7732,2656.548,1177.062,1340.658,1484.888,1174.101,1821.083,1189.854,1120.682,917.5078,1624.914,3340.79,1139.722,841.5424,1049.252,735.3585,1140.43,984.8174,839.3272,2442.669,1273.08,1429.955
"2025-11-08 12:15:00",1652,"NAN",11.86,1367.993,1084.69,1751.326,1101.118,1029.281,821.6449,1545.105,3607.237,1052.732,748.0835,954.1421,643.0134,1046.769,891.3332,742.7393,2301.563,1174.987,1336.95,1486.491,1174.901,1825.61,1192.898,1123.144,918.0641,1627.191,3350.284,1140.877,840.7725,1049.58,735.2412,1142.075,984.0782,839.3356,2463.798,1273.474,1426.723
"2025-11-08 12:30:00",1653,"NAN",11.88,1386.815,1110.164,1779.752,1131.576,1063.022,862.0772,1554.828,3623.732,1058.027,752.03,973.2134,655.1839,1062.292,907.9459,745.2415,2635.553,1181.849,1335.005,1505.31,1199.17,1850.551,1222.003,1155.709,956.6452,1637.092,3350.287,1145.203,844.131,1066.951,746.9155,1156.574,1000.184,841.1159,2432.383,1276.203,1423.567
"2025-11-08 12:45:00",1654,"NAN",11.86,1389.723,1118.455,1791.917,1149.815,1086.316,881.8549,1548.234,3607.626,1053.466,750.0355,970.4753,661.4151,1068.554,915.0637,741.9904,2042.558,1170.906,1317.057,1507.575,1207.29,1861.909,1237.774,1177.127,975.2829,1628.516,3361.252,1141.397,840.7318,1062.855,752.4035,1162.105,1006.341,837.5419,2198.125,1268.098,1405.616
"2025-11-08 13:00:00",1655,"NAN",11.86,1378.71,1107.649,1782.406,1140.859,1078.544,863.0111,1539.352,3605.624,1049.769,745.5756,954.8522,652.8167,1058.307,900.5587,740.435,2844.25,1175.793,1306.296,1497.642,1197.065,1853.62,1230.979,1171.024,957.579,1620.586,3337.586,1138.372,838.129,1048.708,744.6057,1153.047,993.2997,836.6855,2551.804,1269.725,1396.003
"2025-11-08 13:15:00",1656,"NAN",11.86,1384.535,1114.984,1794.437,1152.178,1086.786,869.9829,1544.391,3624.085,1056.171,747.8528,954.916,652.5134,1060.046,899.6298,742.1893,1258.114,1169.04,1311.5,1503.229,1203.463,1864.627,1241.951,1178.556,964.5582,1626.683,3351.124,1142.96,839.7228,1049.728,743.989,1154.022,991.3137,838.1076,1398.048,1266.924,1400.996
"2025-11-08 13:30:00",1657,"NAN",11.87,1385.527,1114.76,1799.418,1163.735,1097.071,882.1678,1542.047,3613.156,1054.855,748.6747,959.81,656.1133,1063.884,902.1784,746.299,1314.891,1167.131,1304.604,1500.128,1200.266,1867.619,1249.026,1185.099,972.4141,1619.683,3354.327,1140.125,836.5943,1049.461,744.0941,1155.045,989.6854,838.4514,1410.647,1260.981,1390.959
"2025-11-08 13:45:00",1658,"NAN",11.87,1396.506,1137.711,1825.87,1201.857,1127.589,918.4417,1553.815,3622.535,1060.559,751.7208,974.5726,667.3929,1078.883,915.8927,750.8359,1318.813,1171.583,1305.845,1511.497,1222.672,1891.986,1287.002,1215.134,1007.797,1631.396,3359.905,1145.481,840.0814,1064.907,755.5762,1169.464,1003.74,843.0682,1404.718,1265.672,1392.515
"2025-11-08 14:00:00",1659,"NAN",11.86,1409.256,1157.488,1838.357,1234.589,1150.822,936.7917,1558.012,3608.626,1061.931,748.674,996.7347,680.459,1093.68,929.2291,751.8929,1306.569,1170.552,1299.732,1524.008,1242.92,1902.817,1318.323,1237.922,1025.692,1636.792,3345.12,1145.433,837.3713,1086.93,768.5018,1183.196,1016.881,845.0751,1420.531,1264.745,1386.387
"2025-11-08 14:15:00",1660,"NAN",11.87,1429.17,1179.854,1863.095,1263.624,1172.514,966.5423,1571.503,3622.607,1063.892,754.9826,1023.987,698.9401,1129.361,951.6907,754.4309,1291.054,1172.931,1298.817,1544.588,1265.146,1927.009,1347.563,1259.457,1055.561,1648.889,3360.741,1149.89,843.3481,1112.723,787.3477,1204.074,1039.175,847.9081,1413.523,1268.245,1386.47
"2025-11-08 14:30:00",1661,"NAN",11.86,1439.633,1190.53,1875.452,1277.213,1190.001,978.218,1570.807,3631.307,1064.937,756.774,1040.137,707.9398,1137.279,978.7058,754.7679,1330.724,1176.569,1298.279,1554.86,1276.968,1939.587,1361.725,1277.072,1068.207,1650.129,3366.408,1150.807,845.8919,1130.521,797.5237,1214.159,1048.206,849.4289,1433.488,1272.584,1387.522
"2025-11-08 14:45:00",1662,"NAN",11.87,1439.089,1187.465,1873.882,1273.652,1190.211,972.268,1568.416,3632.326,1063.367,753.2877,1046.617,708.742,1119.062,947.7602,754.3498,1300.43,1174.271,1291.987,1550.777,1268.902,1935.805,1354.65,1274.143,1058.17,1642.473,3391.69,1146.523,839.8542,1119.776,787.1907,1221.731,1053.018,844.3284,1466.442,1266.093,1377.061
"2025-11-08 15:00:00",1663,"NAN",11.86,1436.903,1184.776,1874.833,1272.398,1190.21,896.9744,1565.673,3632.081,1063.511,752.8218,1037.236,698.9475,1112.075,940.7065,754.8826,2714.226,1187.823,1291.475,1543.14,1260.82,1931.297,1348.007,1267.782,978.8143,1634.516,3376.623,1141.225,832.4865,1116.925,778.0065,1193.468,1019.97,838.999,2611.879,1272.489,1369.813
"2025-11-08 15:15:00",1664,"NAN",11.87,1430.135,1178.123,1870.635,1267.821,1186.221,925.7233,1559.754,3631.023,1061.8,752.2018,1033.252,692.771,1107.826,930.3441,753.3065,3024.789,1189.346,1287.323,1538.499,1256.922,1929.271,1344.972,1265.901,1009.422,1631.179,3371.352,1141.5,834.0026,1114.883,774.4487,1191.627,1012.003,839.7921,2780.488,1274.663,1367.821
"2025-11-08 15:30:00",1665,"NAN",11.86,1421.985,1169.461,1866.647,1261.851,1181.071,933.5186,1556.619,3644.182,1061.141,751.3719,1029.827,688.0865,1103.078,919.1275,752.2607,3182.375,1190.104,1283.964,1534.396,1251.3,1925.417,1342.285,1264.232,1019.652,1632.534,3380.535,1141.521,836.6528,1116.44,772.2484,1188.957,1004.815,841.7805,2933.103,1278.442,1367.741
"2025-11-08 15:45:00",1666,"NAN",11.86,1401.931,1150.208,1844,1235.373,1160.858,912.2774,1544.235,3643.202,1052.705,745.5702,1024.975,680.0923,1080.905,895.4759,746.0135,3258.271,1180.805,1271.492,1514.509,1232.755,1905.715,1316.984,1244.063,999.2292,1621.116,3384.053,1133.59,830.6294,1112.485,764.3313,1166.708,980.8924,835.7322,3025.352,1269.84,1355.632
"2025-11-08 16:00:00",1667,"NAN",11.86,1376.022,1121.341,1809.778,1198.064,1134.464,872.6226,1526.498,3625.207,1038.664,737.697,1001.133,655.9832,1057.645,869.3397,738.3557,3230.327,1166.213,1258.238,1488.634,1205.291,1875.592,1281.242,1219.822,961.3966,1603.668,3346.841,1123.026,824.3127,1090.182,743.113,1146.947,955.8783,829.4265,3003.377,1258.191,1346.423
"2025-11-08 16:15:00",1668,"NAN",11.86,1359.188,1103.179,1786.079,1172.386,1116.991,847.8048,1518.113,3613.194,1031.154,736.119,981.893,644.589,1045.307,857.6176,735.5423,3183.556,1159.487,1258.928,1472.364,1186.93,1853.439,1256.802,1202.489,937.3371,1595.405,3335.203,1115.037,822.5222,1069.447,731.4688,1135.697,944.9553,826.0592,2946.499,1249.723,1345.17
"2025-11-08 16:30:00",1669,"NAN",11.87,1351.334,1094.276,1771.43,1155.699,1101.962,830.6391,1521.614,3603.371,1034.14,742.2587,974.5679,642.7508,1044.843,859.7941,739.4782,3127.363,1157.917,1269.867,1456.567,1172.491,1833.56,1232.194,1180.309,913.0366,1593.676,3357.555,1110.224,820.2923,1056.002,722.4598,1125.959,938.714,823.0804,2889.893,1241.206,1348.436
"2025-11-08 16:45:00",1670,"NAN",11.85,1343.782,1087.248,1755.392,1139.192,1088.008,817.4088,1520.381,3544.165,1029.282,736.1172,965.2882,640.0903,1042.477,859.6542,740.2654,3043.94,1154.967,1276.922,1452.17,1166.09,1818.258,1218.328,1168.289,901.5562,1593.688,3287.384,1106.989,816.8702,1047.795,719.9919,1126.124,941.6317,824.7459,2787.069,1239.652,1355.999
"2025-11-08 17:00:00",1671,"NAN",11.87,1339.883,1080.973,1744.798,1128.147,1078.554,808.5228,1498.371,3475.81,1020.254,739.5682,958.473,637.6649,1037.032,859.2293,740.0295,2963.409,1153.764,1283.299,1445.877,1157.498,1807.198,1206.066,1157.179,890.9402,1569.182,3219.24,1096.441,819.2117,1039.149,715.6901,1119.093,939.985,822.4355,2661.712,1235.976,1360.689
"2025-11-08 17:15:00",1672,"NAN",11.84,1333.891,1072.101,1732.15,1117.279,1069.397,805.1291,1486.624,3414.19,1006.839,740.7203,946.9728,639.0096,1014.948,858.9555,738.1909,2883.999,1148.566,1288.445,1436.911,1147.022,1793.739,1193.391,1146.001,885.4504,1555.579,3169.828,1081.307,817.5718,1025.843,715.9769,1095.047,936.1886,818.3044,2603.079,1228.908,1363.482
"2025-11-08 17:30:00",1673,"NAN",11.87,1330.344,1069.405,1722.678,1110.393,1058.686,806.1775,1491.403,3370.04,1004.308,743.0603,939.0294,640.5256,1006.357,857.4266,736.6392,2841.648,1145.414,1298.843,1428.106,1139.362,1781.24,1181.943,1131.032,881.9098,1556.247,3142.676,1074.536,815.3848,1013.555,712.3785,1081.428,930.2046,811.9844,2594.128,1221.688,1369.219
"2025-11-08 17:45:00",1674,"NAN",11.86,1322.653,1063.332,1706.608,1099.519,1045.797,803.7233,1490.253,3312.234,999.1898,742.856,932.6284,639.7367,1002.425,856.8246,732.5176,2767.318,1136.435,1300.388,1420.494,1133.217,1765.072,1170.229,1117.373,878.8027,1554.298,3101.165,1069.585,814.0649,1005.494,710.9028,1077.808,928.6461,807.0448,2592.56,1212.579,1370.664
"2025-11-08 18:00:00",1675,"NAN",11.87,1321.954,1066.663,1698.22,1098.824,1038.977,807.1744,1498.48,3293.912,999.8402,746.1165,931.121,641.887,1000.891,856.9492,732.1659,2681.118,1135.176,1312.959,1418.174,1134.719,1756.115,1168.757,1109.388,881.1418,1560.392,3077.77,1068.959,816.0092,1003.047,711.8486,1074.547,927.6861,805.4774,2560.244,1210.45,1381.63
"2025-11-08 18:15:00",1676,"NAN",11.87,1311.739,1060.122,1679.309,1088.211,1025.938,801.9193,1486.838,3297.14,993.0717,741.6531,914.5618,638.6161,995.4313,853.1509,725.4384,2711.894,1124.963,1310.873,1412.68,1132.66,1739.607,1161.927,1100.658,880.0926,1554.79,3042.257,1064.177,816.023,992.0868,712.6956,1072.319,928.5024,803.4371,2650.247,1204.67,1383.159
"2025-11-08 18:30:00",1677,"NAN",11.88,1311.57,1063.618,1670.781,1089.398,1020.584,800.0328,1497.517,3288.113,993.4795,743.2877,917.7534,640.0437,992.2988,853.3737,725.016,2701.217,1124.459,1320.845,1410.892,1135.62,1733.032,1162.776,1094.861,877.2957,1562.562,3028.901,1065.991,817.1868,993.1828,713.5524,1069.419,926.9666,801.9867,2616.13,1203.802,1392.565
"2025-11-08 18:45:00",1678,"NAN",11.86,1327.438,1083.913,1677.123,1107.684,1034.321,818.2303,1515.914,3118.644,1011.577,764.001,938.8231,659.1165,1010.352,874.0959,744.1844,2630.491,1141.036,1344.275,1401.952,1129.191,1717.003,1154.608,1082.138,868.4797,1557.561,2976.038,1057.578,810.03,987.0588,705.9427,1061.026,920.8781,793.7025,2635.219,1194.262,1390.471
"2025-11-08 19:00:00",1679,"NAN",11.87,1324.552,1085.803,1669.766,1106.542,1029.5,818.3493,1518.452,3098.514,1010.391,765.1761,939.9503,661.5665,1009.695,874.837,743.7062,2594.564,1139.063,1348.161,1401.551,1133.093,1710.896,1154.928,1079.175,870.4521,1562.764,2926.764,1057.364,813.0809,990.5265,709.762,1061.611,924.4686,794.8682,2478.316,1193.562,1395.975
"2025-11-08 19:15:00",1680,"NAN",11.86,1324.044,1087.637,1664.268,1105.791,1025.543,819.1577,1520.743,3108.708,1010.98,766.3886,939.5718,662.1981,1009.986,876.9521,743.5824,2592.027,1138.591,1352.204,1400.739,1135.357,1707.053,1155.743,1075.923,872.1541,1564.45,2956.929,1059.743,814.9036,990.7476,711.4871,1062.655,926.6027,795.5905,2582.684,1194.51,1400.933
"2025-11-08 19:30:00",1681,"NAN",11.86,1319.057,1085.424,1655.089,1101.282,1019.574,817.5414,1517.528,3093.131,1008.84,765.6615,937.3071,662.7043,1009.531,877.5012,742.0366,2550.415,1134.187,1344.673,1400.187,1136.695,1699.968,1153.676,1072.989,873.5757,1566.176,2946.005,1058.518,818.3362,992.4761,714.2898,1064.576,930.833,797.3678,2500.059,1192.92,1396.452
"2025-11-08 19:45:00",1682,"NAN",11.88,1320.147,1089.38,1655.07,1103.837,1017.323,820.0077,1521.758,3096.999,1010.641,768.0731,938.9758,664.3066,1010.288,879.1257,744.4851,2515.487,1136.081,1351.172,1403.08,1144.142,1702.83,1158.525,1073.544,878.7276,1571.865,2908.601,1063.105,823.3947,997.2797,718.8121,1067.364,934.8882,803.3984,2498.306,1197.317,1405.265
"2025-11-08 20:00:00",1683,"NAN",11.88,1322.88,1093.39,1655.184,1106.098,1015.278,821.4072,1524.855,3094.011,1011.712,770.2062,939.7976,664.8061,1010.069,881.2396,745.7791,2530.113,1137.474,1356.817,1404.444,1146.466,1703.096,1161.642,1071.265,879.6431,1573.798,2962.328,1065.444,825.0635,996.8541,719.71,1067.953,936.1091,803.5991,2506.879,1198.276,1410.639
"2025-11-08 20:15:00",1684,"NAN",11.87,1322.275,1094.728,1654.53,1107.015,1012.901,821.889,1525.625,3089.199,1012.979,772.9577,940.4484,666.8176,1010.817,882.6712,745.9578,2516.654,1137.644,1358.422,1402.785,1147.508,1701.971,1160.264,1067.551,878.9071,1573.71,2941.001,1064.979,825.7643,996.6258,720.1072,1066.482,936.3703,802.9322,2520.784,1197.629,1411.52
"2025-11-08 20:30:00",1685,"NAN",11.87,1321.645,1096.933,1654.458,1106.538,1010.696,822.3358,1526.766,3074.422,1013.684,773.0909,941.2621,667.6146,1010.835,883.7433,746.795,2504.975,1137.859,1359.894,1401.295,1147.058,1698.724,1157.669,1063.186,877.2614,1573.91,2926.14,1062.549,824.4575,995.2236,717.9718,1064.864,936.2356,801.11,2500.98,1195.552,1410.609
"2025-11-08 20:45:00",1686,"NAN",11.85,1322.638,1098.301,1653.361,1106.386,1008.655,822.8781,1529.216,3087.422,1013.413,775.6281,942.6941,667.348,1010.142,885.9755,747.3646,2493.003,1137.81,1361.137,1403.745,1150.819,1701.083,1160.894,1064.039,880.5594,1576.447,2942.601,1067.022,829.4248,998.3856,721.2737,1067.686,940.5387,804.1232,2497.826,1197.818,1415.056
"2025-11-08 21:00:00",1687,"NAN",11.85,1322.541,1100.119,1653.601,1106.518,1006.826,823.7904,1529.747,3076.43,1013.48,776.3454,944.1707,667.939,1010.662,886.7268,748.3328,2477.939,1138.211,1361.874,1402.441,1151.127,1700.273,1159.511,1061.054,880.1461,1576.408,2954.426,1065.473,829.2657,998.0712,720.4383,1067.362,939.9474,803.7689,2479.786,1197.023,1414.078
"2025-11-08 21:15:00",1688,"NAN",11.85,1322.664,1102.1,1654.327,1106.029,1005.257,824.41,1530.462,3082.313,1014.521,777.6569,944.5885,668.2653,1010.93,887.8788,749.0264,2473.697,1138.234,1362.537,1401.288,1151.175,1697.416,1156.646,1057.07,878.3762,1576.343,2963.061,1063.734,827.4677,996.4186,718.209,1064.753,939.3393,802.3723,2479.585,1195.202,1412.371
"2025-11-08 21:30:00",1689,"NAN",11.87,1322.389,1103.059,1655.434,1107.18,1003.903,825.0984,1530.076,3099.272,1015.168,777.7278,944.804,672.023,1012.206,888.5322,748.5434,2468.314,1138.682,1363.387,1403.039,1155.923,1701.813,1159.682,1058.377,882.079,1579.09,2963.241,1066.413,831.2828,1000.787,724.2366,1067.21,942.6272,805.5598,2475.429,1198.247,1415.441
"2025-11-08 21:45:00",1690,"NAN",11.87,1323.82,1104.484,1655.07,1107.812,1002.599,825.9789,1528.614,3111.729,1015.016,779.8123,945.9366,672.2873,1012.519,890.6779,749.1198,2466.248,1139.818,1365.237,1402.403,1154.766,1700.784,1159.768,1055.76,881.1497,1574.931,2959.568,1065.937,831.3821,999.3058,723.9471,1067.346,942.3199,803.701,2464.961,1197.75,1416.366
"2025-11-08 22:00:00",1691,"NAN",11.85,1323.258,1106.104,1656.845,1109.348,1001.448,826.6002,1525.693,3100.337,1016.728,780.1023,945.8763,672.3582,1012.481,890.9428,744.9932,2456.029,1140.56,1367.274,1403.434,1158.124,1702.847,1161.167,1055.328,882.9412,1575.285,2963.064,1066.528,832.5968,1001.333,724.5646,1067.69,943.9258,801.1617,2458.5,1199.53,1419.051
"2025-11-08 22:15:00",1692,"NAN",11.88,1323.589,1106.876,1657.552,1110.776,1000.801,828.7153,1526.188,3107.539,1017.036,781.3326,946.3617,673.4099,1013.533,892.125,746.9163,2395.054,1140.471,1368.471,1404.447,1160.35,1705.532,1164.307,1056.003,886.1934,1574.772,2994.099,1069.755,835.0533,1002.505,726.7447,1069.963,946.4831,804.5034,2413.559,1200.656,1421.749
"2025-11-08 22:30:00",1693,"NAN",11.87,1319.767,1103.595,1652.972,1105.935,997.4702,826.3596,1523.997,3116.539,1014.608,779.9879,944.9341,673.7596,1013.258,892.938,747.0468,2449.367,1138.16,1362.678,1401.536,1156.317,1699.921,1159.475,1052.332,883.6267,1573.3,2954.567,1065.937,833.986,1000.644,726.4567,1069.436,947.5923,804.0296,2453.893,1198.088,1415.309
"2025-11-08 22:45:00",1694,"NAN",11.87,1319.996,1103.96,1653.917,1106.781,996.3334,826.9875,1527.075,3086.048,1014.374,779.5188,945.5257,673.4569,1013.276,893.4916,747.2061,2417.417,1138.35,1364.184,1402.335,1158.549,1703.038,1161.575,1052.922,885.5423,1576.527,2977.326,1068.329,833.9955,1002.653,728.3315,1070.821,948.8116,805.8101,2426.668,1199.726,1418.937
"2025-11-08 23:00:00",1695,"NAN",11.87,1321.633,1105.164,1654.676,1107.208,995.4447,827.7959,1523.256,3092.269,1014.92,781.2332,946.8444,673.4566,1013.138,895.4288,748.4267,2468.546,1139.902,1365.784,1398.657,1153.551,1699.63,1156.91,1046.536,880.9242,1567.469,2987.136,1064.488,830.6121,997.4567,723.0856,1067.396,945.1825,800.7173,2467.361,1196.236,1415.032
"2025-11-08 23:15:00",1696,"NAN",11.84,1321.459,1106.577,1655.326,1107.352,994.595,828.9349,1525.592,3094.395,1016.432,780.59,946.9706,675.3728,1013.713,895.5165,748.8814,2443.04,1140.927,1366.79,1401.821,1157.452,1701.327,1159.811,1048.422,884.8591,1574.634,2939.723,1065.751,832.7726,1002.127,727.3563,1068.749,948.3816,804.0889,2457.629,1199.661,1418.395
"2025-11-08 23:30:00",1697,"NAN",11.87,1324.29,1110.679,1661.285,1112.549,995.3912,831.6671,1532.683,3092.135,1018.955,783.8351,949.6522,676.377,1014.254,896.481,750.293,2456.432,1144.621,1374.62,1405.09,1162.81,1707.931,1165.022,1049.867,888.0313,1579.912,2954.773,1070.46,835.7866,1004.086,729.1998,1070.621,949.9687,806.1997,2471.277,1204.063,1426.936
"2025-11-08 23:45:00",1698,"NAN",11.87,1325.65,1112.923,1663.68,1114.188,995.4118,833.111,1531.721,3090.043,1020.914,784.4021,950.3703,677.8072,1015.378,897.858,751.3369,2440.477,1146.421,1377.461,1405.202,1164.206,1708.855,1165.998,1048.928,888.5281,1579.791,2968.445,1070.556,834.9979,1005.079,729.9547,1069.736,950.2657,806.6022,2453.737,1204.828,1429.047
"2025-11-09 00:00:00",1699,"NAN",11.87,1325.972,1114.019,1664.749,1115.227,995.3859,833.8885,1531.058,3073.571,1021.046,784.5648,952.0959,679.3795,1015.45,898.5243,752.1222,2450.84,1147.654,1377.79,1405.045,1164.007,1709.869,1166.918,1048.251,888.692,1578.989,2953.781,1069.41,835.8743,1006.535,730.4088,1069.253,950.4158,806.6071,2465.173,1205.217,1428.482
"2025-11-09 00:15:00",1700,"NAN",11.87,1326.298,1115.277,1666.377,1116.097,995.3224,834.3486,1535.457,3089.519,1021.593,785.9808,953.6439,678.9415,1015.672,899.456,752.782,2467.428,1149.039,1379.712,1406.552,1165.852,1711.369,1168.14,1048.656,889.8181,1582.792,2963.069,1071.823,837.3751,1007.241,730.389,1070.682,952.2316,807.5919,2474.982,1207.312,1431.514
"2025-11-09 00:30:00",1701,"NAN",11.87,1326.726,1115.79,1667.8,1117.271,995.4897,835.4462,1536.986,3086.966,1023.276,787.6787,954.1851,679.2762,1016.391,899.8998,752.6542,2450.443,1149.564,1381.428,1406.088,1166.134,1712.151,1168.276,1048.298,890.3279,1584.61,2923.219,1071.843,837.6873,1007.766,730.5248,1070.602,951.8081,806.965,2465.582,1207.416,1432.151
"2025-11-09 00:45:00",1702,"NAN",11.87,1328.337,1116.355,1668.453,1117.579,995.6309,836.0105,1536.41,3089.581,1023.726,787.9529,955.0876,679.1077,1017.105,901.4164,753.0688,2460.18,1150.437,1383.139,1406.85,1166.095,1714.035,1168.6,1048.042,890.5923,1582.611,2966.088,1072.818,838.7148,1007.88,729.77,1071.611,952.7106,807.0576,2463.989,1207.912,1434.158
"2025-11-09 01:00:00",1703,"NAN",11.87,1327.706,1117.095,1670.293,1117.859,995.8065,836.8525,1535.839,3082.334,1023.931,789.0302,956.7304,679.4855,1017.834,901.9835,753.9027,2465.633,1151.683,1385.885,1406.608,1165.98,1714.154,1168.049,1047.61,890.8031,1582.066,2979.188,1072.225,838.4067,1008.603,729.6826,1071.695,953.1134,806.7438,2466.557,1208.233,1435.55
"2025-11-09 01:15:00",1704,"NAN",11.87,1328.658,1116.546,1671.567,1118.99,995.9442,837.3247,1539.12,3110.065,1024.727,790.0483,957.1359,679.6405,1019.033,902.8163,753.5546,2467.288,1151.955,1387.568,1408.234,1168.079,1717.081,1170.858,1049.386,892.9595,1585.574,2962.274,1075.3,841.2718,1011.186,731.6674,1073.608,955.3553,809.1897,2471.109,1210.391,1439.21
"2025-11-09 01:30:00",1705,"NAN",11.87,1329.916,1116.708,1673.17,1119.568,996.244,837.8242,1540.317,3092.764,1026.058,790.1621,957.6486,679.5422,1020.043,903.6797,754.0087,2393.718,1152.212,1388.484,1409.328,1167.319,1717.958,1170.487,1048.918,892.6946,1587.55,2978.366,1074.603,840.0359,1011.694,730.2651,1073.171,955.7341,808.4805,2405.777,1209.813,1439.342
"2025-11-09 01:45:00",1706,"NAN",11.85,1330.585,1116.71,1675.047,1120.759,996.6087,838.2139,1540.378,3101.595,1025.854,789.3898,958.98,680.6242,1020.298,903.226,754.0315,2332.291,1152.278,1388.81,1408.882,1166.485,1718.646,1170.844,1048.296,892.1708,1586.694,2990.03,1073.417,839.5612,1012.084,730.2758,1072.361,954.5426,808.0198,2353.229,1208.98,1438.362
"2025-11-09 02:00:00",1707,"NAN",11.87,1331.909,1116.21,1676.429,1122.338,997.1401,838.5046,1540.307,3105.748,1026.489,790.6122,960.0673,680.9523,1021.155,904.0914,754.0814,2325.356,1152.825,1389.718,1408.74,1164.849,1720.23,1171.607,1047.907,891.615,1584.894,2982.083,1073.906,839.5178,1012.24,729.8055,1072.955,954.1514,806.8096,2345.968,1208.717,1438.532
"2025-11-09 02:15:00",1708,"NAN",11.87,1333.044,1116.271,1677.836,1122.957,997.4597,838.5961,1543.063,3114.151,1026.69,791.7783,961.6321,681.7146,1021.274,905.0785,754.3232,2298.768,1153.759,1390.342,1408.431,1163.153,1719.8,1170.326,1046.766,889.8908,1586.248,3009.302,1073.559,838.6654,1010.542,729.3317,1072.395,953.0344,805.0929,2323.927,1208.149,1437.768
"2025-11-09 02:30:00",1709,"NAN",11.85,1333.482,1115.989,1679.738,1123.894,997.8427,838.4778,1543.914,3099.946,1027.576,792.4758,962.3807,681.1807,1021.784,904.8586,754.4619,2308.202,1154.786,1389.923,1409.556,1163.409,1722.387,1171.865,1047.6,890.4872,1588.1,3009.658,1073.777,839.5688,1013.093,729.5817,1072.96,953.5107,805.8729,2332.092,1209.754,1437.931
"2025-11-09 02:45:00",1710,"NAN",11.86,1334.697,1116.572,1680.647,1123.9,998.0009,838.5098,1545.099,3119.754,1027.732,792.399,963.3376,681.3919,1021.945,905.5255,755.6471,2306.32,1155.553,1389.541,1410.438,1162.323,1721.344,1171.111,1046.818,889.282,1587.554,2987.839,1073.546,838.8625,1011.943,727.6893,1071.876,953.9266,805.5384,2329.083,1209.067,1436.098
"2025-11-09 03:00:00",1711,"NAN",11.86,1335.969,1116.066,1681.508,1124.231,998.2258,838.2783,1543.745,3135.691,1028.88,792.3132,963.527,681.4314,1022.543,906.3988,755.7603,2297.092,1156.662,1389.63,1409.573,1160.246,1720.88,1169.604,1045.083,887.1725,1584.97,3028.014,1072.599,837.569,1010.735,725.9623,1070.503,952.6336,804.1268,2317.151,1208.203,1434.74
"2025-11-09 03:15:00",1712,"NAN",11.86,1336.73,1115.348,1682.839,1125.432,998.4694,838.2195,1545.265,3135.631,1029.931,792.6351,964.0941,681.8104,1023.821,906.499,756.0646,2288.245,1157.208,1389.707,1412.638,1162.858,1725.698,1173.258,1048.104,890.0476,1589.059,3036.925,1075.991,840.7025,1015.12,729.4554,1074.22,955.2046,807.6602,2314.597,1212.003,1437.98
"2025-11-09 03:30:00",1713,"NAN",11.87,1337.495,1115.36,1683.446,1125.315,998.6283,838.9401,1547.724,3149.865,1030.593,793.1138,965.0844,680.2347,1024.789,907.4611,756.7614,2283.854,1157.544,1389.606,1414.299,1163.182,1726.777,1174.916,1049.615,891.5844,1592.046,3013.518,1077.764,842.0637,1016.52,729.1015,1076.54,956.7972,808.934,2308.273,1213.194,1438.187
"2025-11-09 03:45:00",1714,"NAN",11.87,1337.059,1115.103,1685.02,1126.016,998.9386,839.1708,1546.826,3150.36,1031.189,793.9675,965.7961,681.332,1024.827,906.2724,756.9306,2249.857,1157.267,1389.314,1415.763,1165.055,1728.525,1175.91,1050.867,893.0352,1592.93,3018.488,1079.036,843.5269,1018.785,731.3063,1076.731,957.6057,810.8318,2277.695,1213.906,1438.691
"2025-11-09 04:00:00",1715,"NAN",11.86,1338.402,1116.094,1685.045,1126.045,999.442,839.2234,1546.076,3154.471,1032.924,795.3116,965.5386,681.4757,1025.386,907.3546,757.2725,2276.679,1158.015,1389.694,1415.564,1164.336,1728.061,1175.369,1050.381,892.0746,1591.979,3045.203,1079.648,843.268,1017.519,730.7925,1077.067,956.8824,809.7686,2302.464,1213.843,1438.165
"2025-11-09 04:15:00",1716,"NAN",11.87,1338.752,1116.526,1686.574,1126.253,1000.017,839.4747,1548.442,3146.375,1032.208,794.4075,966.4207,682.707,1025.548,907.2432,756.9108,2281.31,1158.547,1389.298,1416.596,1165.075,1729.541,1175.398,1050.63,892.2121,1593.266,3033.519,1078.744,843.0169,1018.681,731.1177,1076.4,957.3084,809.7123,2306.052,1214.114,1437.734
"2025-11-09 04:30:00",1717,"NAN",11.87,1340.115,1117.516,1687.505,1125.682,1000.412,839.7657,1548.107,3156.324,1032.982,795.8464,967.2288,682.8317,1025.395,908.601,758.1927,2271.627,1159.302,1389.039,1414.076,1161.11,1726.419,1170.699,1046.769,887.9453,1588.389,3047.092,1076.479,839.9327,1013.824,727.1151,1072.867,954.7765,805.7878,2295.372,1210.547,1433.251
"2025-11-09 04:45:00",1718,"NAN",11.86,1340.734,1117.961,1688.324,1125.634,1000.918,839.8212,1547.789,3150.448,1033.915,795.4634,967.4896,684.2834,1025.766,909.3433,757.823,2285.495,1159.573,1388.996,1418.26,1166.656,1730.949,1174.061,1051.391,892.1599,1593.677,3029.931,1079.914,843.9697,1018.976,732.8263,1076.995,959.306,810.2761,2312.41,1214.966,1437.125
"2025-11-09 05:00:00",1719,"NAN",11.86,1341.658,1119.001,1688.886,1125.161,1001.339,838.9073,1548.697,3148.228,1033.99,794.2994,967.2369,685.6074,1026.51,910.0932,757.7401,2289.437,1160.18,1389.245,1419.791,1167.807,1732.693,1175.012,1053.146,892.4769,1595.429,3036.883,1080.971,844.388,1019.615,734.9767,1079.498,961.0365,810.8151,2315.352,1216.677,1438.625
"2025-11-09 05:15:00",1720,"NAN",11.87,1342.727,1120.097,1689.877,1125.57,1001.859,839.5482,1550.347,3161.992,1034.475,796.2068,968.1046,685.8651,1027.176,910.0708,758.3669,1433.626,1156.705,1389.47,1421.127,1169.23,1733.883,1175.941,1053.792,893.2509,1596.803,3037.223,1081.394,846.1825,1021.395,735.4421,1079.346,961.1605,811.9632,2156.955,1216.207,1439.124
"2025-11-09 05:30:00",1721,"NAN",11.87,1343.106,1120.578,1691.618,1126.724,1002.719,840.3732,1551.223,3146.074,1034.385,797.8986,969.1692,686.6064,1027.527,910.7454,758.7892,2393.853,1163.197,1390.212,1422.045,1170.664,1736.118,1177.297,1055.108,894.7057,1597.085,3039.032,1082.758,847.661,1022.627,737.1049,1080.451,962.3049,812.845,2412.71,1220.231,1440.271
"2025-11-09 05:45:00",1722,"NAN",11.85,1335.824,1111.566,1682.467,1117.52,995.5869,832.6276,1543.451,3159.605,1025.8,788.8525,962.437,680.2045,1021.095,905.51,751.7762,2371.61,1154.716,1379.107,1420.166,1167.404,1731.869,1174.385,1053.964,892.8438,1594.352,3004.235,1080.583,845.6801,1020.911,736.4578,1080.499,962.3999,811.748,2391.869,1217.749,1434.945
"2025-11-09 06:00:00",1723,"NAN",11.85,1339.844,1116.453,1688.193,1122.048,997.9454,835.6689,1547.475,3180.495,1028.976,792.4415,964.3251,682.6491,1021.362,905.7466,752.7538,2380.503,1158.464,1385.255,1424.116,1172.085,1737.592,1178.355,1055.976,895.8079,1597.642,3041.88,1083.598,848.96,1023.11,738.3887,1080.031,963.7031,812.9294,2401.507,1221.4,1440.595
"2025-11-09 06:15:00",1724,"NAN",11.86,1340.851,1117.579,1689.371,1122.958,998.378,836.3619,1548.258,3184.026,1030.361,794.2367,965.2428,682.4204,1020.118,906.9859,753.6481,2373.139,1158.629,1386.542,1425.672,1174.092,1739.287,1180.011,1057.262,897.7003,1600.322,3035.795,1085.781,851.0324,1023.984,739.7099,1081.001,964.9519,814.2401,2394.577,1222.376,1442.625
"2025-11-09 06:30:00",1725,"NAN",11.87,1341.652,1118.708,1690.308,1123.475,998.7778,837.0836,1549.525,3184.079,1031.105,794.5201,965.3444,684.2252,1020.046,907.1666,753.9108,2368.425,1159.012,1387.664,1426.529,1175.01,1740.889,1181.49,1058.272,898.575,1601.883,3029.653,1085.946,852.2386,1025.563,741.6058,1080.769,965.1542,814.5909,2390.909,1223.169,1443.992
"2025-11-09 06:45:00",1726,"NAN",11.87,1337.215,1115.063,1686.906,1118.719,996.5809,834.4224,1545.177,3166.807,1028.205,791.4656,964.67,684.4136,1019.609,907.3163,752.6238,2354.229,1154.682,1381.146,1424.364,1173.316,1737.243,1176.652,1056.84,896.7974,1598.636,3033.559,1084.442,849.5449,1025.226,742.4327,1081.108,967.1923,814.7351,2373.076,1219.845,1438.56
"2025-11-09 07:00:00",1727,"NAN",11.85,1341.614,1120.022,1692.328,1122.738,998.7582,837.0196,1550.168,3181.314,1031.209,795.8051,966.7432,685.6722,1020.404,908.2955,754.2861,2359.109,1158.501,1387.247,1426.15,1175.915,1741.409,1179.207,1057.147,897.3635,1601.125,3038.828,1085.727,851.3478,1025.915,742.2803,1079.513,965.8223,814.4088,2378.94,1221.566,1443.374
"2025-11-09 07:15:00",1728,"NAN",11.84,1342.657,1121.214,1693.423,1122.747,999.343,837.2068,1550.319,3185.668,1032.714,794.3278,966.3133,685.8672,1021.408,908.8359,754.4697,2357.39,1159.48,1386.422,1426.306,1175.762,1741.478,1178.723,1056.982,896.7074,1602.464,3041.891,1085.41,849.2229,1025.06,741.9617,1079.811,964.8138,813.7385,2380.08,1221.787,1441.105
"2025-11-09 07:30:00",1729,"NAN",11.87,1344.06,1122.22,1694.798,1123.886,999.8851,837.1212,1552.956,3189.199,1032.143,796.2758,968.4857,686.1719,1020.647,909.2278,755.4984,2355.692,1160.555,1387.347,1430.263,1179.013,1744.123,1181.249,1059.334,898.6062,1603.969,3042.117,1088.068,853.7668,1027.983,743.0248,1081.655,968.7947,816.4101,2373.502,1224.587,1444.07
"2025-11-09 07:45:00",1730,"NAN",11.87,1345.09,1122.133,1695.912,1124.364,1000.321,836.6265,1553.013,3197.217,1033.03,794.4304,968.4336,686.1343,1022.382,910.0319,755.2449,2357.667,1161.25,1387.782,1429.804,1179.081,1745.531,1181.336,1059.329,897.9169,1605.836,3045.355,1087.097,851.5576,1028.473,743.4134,1082.389,967.7405,816.3497,2380.683,1225.079,1443.77
"2025-11-09 08:00:00",1731,"NAN",11.86,1347.952,1124.826,1698.623,1126.095,1002.143,837.2936,1556.408,3211.72,1035.038,796.3881,970.124,686.3602,1023.02,910.9188,756.5065,2368.847,1163.692,1390.117,1434.163,1181.429,1749.361,1184.65,1062.331,899.437,1608.54,3063.352,1090.558,853.7878,1030.677,744.9376,1084.44,969.9453,817.876,2391.821,1228.24,1447.37
"2025-11-09 08:15:00",1732,"NAN",11.84,1349.845,1125.918,1701.309,1126.716,1003.74,837.4552,1557.617,3225.574,1035.975,799.2257,971.6647,686.0273,1023.547,910.7867,756.5919,2388.612,1165.242,1389.907,1435.824,1183.817,1752.227,1185.457,1064.212,900.2264,1610.861,3081.297,1091.927,857.0663,1033.082,745.4091,1085.346,969.4902,818.7549,2403.312,1230.139,1447.33
"2025-11-09 08:30:00",1733,"NAN",11.86,1347.517,1122.863,1698.264,1121.799,1003.401,833.7057,1554.395,3246.287,1034.232,798.1432,970.4444,685.8101,1023.254,909.7029,755.1585,2413.15,1163.481,1381.609,1435.75,1180.756,1748.592,1181.203,1064.516,897.1326,1609.203,3097.546,1090.245,856.6948,1031.613,744.8511,1086.054,970.124,817.5988,2432.05,1229.034,1439.441
"2025-11-09 08:45:00",1734,"NAN",11.87,1352.254,1126.58,1705.421,1126.036,1006.447,833.6575,1560,3293.773,1037.886,798.9966,972.2227,686.6731,1023.244,907.5546,755.3129,2475.344,1169.474,1384.402,1429.672,1173.198,1746.2,1173.817,1055.93,885.3812,1603.687,3167.291,1083.156,846.7119,1022.493,733.5817,1074.051,956.5834,806.2159,2483.661,1223.872,1431.439
"2025-11-09 09:00:00",1735,"NAN",11.86,1355.762,1128.99,1710.95,1129.095,1010.322,833.2538,1563.776,3348.878,1040.967,801.4016,974.7083,687.7704,1024.878,907.7134,756.2264,2525.099,1173.703,1382.585,1435.73,1178.749,1752.56,1178.69,1064.625,889.3726,1607.762,3192.853,1090.682,853.5777,1029.728,741.2665,1082.163,963.6904,813.4683,2503.045,1230.644,1429.694
"2025-11-09 09:15:00",1736,"NAN",11.87,1359.015,1130.701,1714.076,1130.525,1013.74,831.6059,1564.223,3425.818,1042.782,801.1738,975.6891,687.4419,1025.064,907.7174,756.4495,2573.906,1176.801,1377.956,1440.08,1182.716,1759.407,1182.667,1067.969,888.0177,1611.192,3290.218,1093.39,852.9499,1029.751,739.4385,1080.464,960.1761,812.442,2548.557,1235.37,1429.556
"2025-11-09 09:30:00",1737,"NAN",11.87,1360.868,1131.684,1717.528,1132.097,1017.585,829.0061,1565.533,3469.681,1043.689,799.5301,976.6133,686.0018,1026.191,906.2626,756.7171,2621.283,1179.325,1369.971,1446.306,1186.822,1764.819,1187.457,1074.99,888.8292,1615.442,3329.383,1096.397,855.016,1035.115,741.0372,1084.232,963.0677,816.5125,2554.75,1240.716,1425.193
"2025-11-09 09:45:00",1738,"NAN",11.85,1367.511,1136.547,1724.623,1138.141,1024.215,827.522,1567.586,3547.187,1047.25,798.5951,978.6993,685.0715,1027,905.8663,757.6152,2716.651,1184.207,1362.954,1452.063,1191.345,1772.486,1194.314,1081.681,887.3723,1617.452,3385.436,1100.257,854.1955,1037.155,740.9996,1085.838,962.3918,817.3265,2577.246,1244.684,1417.698
"2025-11-09 10:00:00",1739,"NAN",11.87,1370.501,1139.347,1731.224,1142.831,1030.22,825.3013,1567.963,3575.721,1049.12,799.1086,969.0107,678.0182,1027.865,904.368,757.6758,2862.546,1187.415,1356.153,1458.338,1196.631,1779.376,1200.161,1089.403,886.8888,1620.452,3407.792,1102.976,856.5815,1029.547,734.892,1087.423,963.4553,819.6145,2697.632,1249.344,1412.657
"2025-11-09 10:15:00",1740,"NAN",11.87,1377.648,1144.601,1742.354,1153.428,1040.841,831.3456,1569.224,3590.913,1052.104,799.3574,971.8672,676.6196,1031.107,906.3106,758.3394,2975.9,1191.295,1352.52,1464.598,1201.089,1789.57,1210.018,1099.497,892.0737,1621.407,3424.372,1105.003,855.136,1031.866,733.9184,1090.369,964.1845,819.6647,2778.813,1252.381,1408.203
"2025-11-09 10:30:00",1741,"NAN",11.86,1391.85,1162.591,1757.925,1176.38,1069.102,858.4626,1573.827,3585.825,1055.023,798.9862,983.2372,683.2675,1041.007,914.9062,759.7703,3085.033,1196.794,1346.402,1469.507,1207.778,1796.757,1222.534,1117.098,908.2195,1616.484,3449.097,1099.076,845.6996,1031.714,728.8607,1090.756,962.6263,809.8367,2938.565,1248.989,1392.38
"2025-11-09 10:45:00",1742,"NAN",11.85,1407.689,1181.887,1788.044,1204.523,1095.227,885.1085,1576.918,3582.524,1057.369,797.5315,999.5734,692.4413,1052.32,925.9553,760.2925,3163.374,1198.829,1335.873,1487.741,1229.574,1827.969,1252.887,1145.798,937.1318,1621.093,3439.251,1104.772,846.1103,1050.371,741.4311,1105.158,975.4445,813.1273,3050.759,1254.131,1385.272
"2025-11-09 11:00:00",1743,"NAN",11.87,1450.994,1233.376,1840.719,1269.744,1180.164,975.244,1590.217,3599.885,1063.515,800.7811,1051.027,729.7319,1093.413,966.9885,758.259,3207.041,1202.597,1324.589,1528.89,1279.469,1877.716,1316.568,1228.281,1024.563,1633.482,3450.042,1108.62,849.0749,1100.026,777.4427,1143.504,1014.333,810.5226,3098.673,1256.354,1372.838
"2025-11-09 11:15:00",1744,"NAN",11.87,1491.861,1280.462,1885.996,1334.346,1238.004,1036.283,1608.889,3595.76,1068.791,804.9567,1095.746,759.0701,1131.998,1005.979,756.7428,3246.955,1206.642,1314.748,1568.344,1324.625,1921.154,1379.058,1284.135,1083.646,1650.195,3454.282,1113.926,852.1689,1155.585,813.4153,1180.628,1052.159,808.4595,3137.265,1259.319,1362.773
"2025-11-09 11:30:00",1745,"NAN",11.86,1518.166,1308.979,1913.713,1376.607,1265.03,1065.777,1621.915,3583.809,1073.908,806.6431,1115.793,783.2358,1158.333,1026.915,755.5448,3262.181,1208.873,1305.357,1594.929,1352.985,1947.11,1419.865,1310.785,1112.459,1663.104,3446.927,1118.287,854.6508,1163.379,828.976,1206.198,1073.676,807.5028,3159.556,1261.301,1352.993
"2025-11-09 11:45:00",1746,"NAN",11.87,1518.915,1299.643,1914.786,1373.267,1256.788,1048.575,1618.223,3595.898,1072.912,802.7162,1118.454,777.5661,1149.341,1021.646,748.6215,3271.57,1205.703,1291.566,1594.587,1343.826,1948.145,1416.459,1302.3,1095.78,1659.84,3447.95,1116.831,849.1005,1165.789,823.8981,1196.685,1067.141,800.7941,3171.919,1257.599,1338.88
"2025-11-09 12:00:00",1747,"NAN",11.87,1531.011,1299.939,1925.019,1387.684,1271.223,1070.096,1623,3580.031,1075.776,801.7968,1132.905,789.8776,1164.623,1031.427,755.7225,3261.545,1206.725,1286.768,1606.439,1343.452,1957.406,1430.148,1315.521,1115.937,1662.735,3434.461,1119.097,848.5315,1178.592,833.8568,1210.495,1076.17,806.8409,3156.113,1258.02,1333.414
"2025-11-09 12:15:00",1748,"NAN",11.88,1518.378,1291.744,1920.935,1366.132,1258.097,1043.639,1619.041,3596.669,1072.437,794.7155,1126.508,782.2899,1154.54,1017.696,758.2508,3271.022,1203.346,1276.925,1594.157,1335.023,1953.942,1409.289,1303.104,1090.446,1658.807,3456.901,1115.92,841.2582,1171.794,826.593,1201.848,1063.042,808.9681,3162.354,1254.786,1323.953
"2025-11-09 12:30:00",1749,"NAN",11.85,1492.527,1250.785,1889.98,1329.402,1220.502,987.391,1594.417,3585.792,1064.932,784.1756,1097.889,752.0371,1117.637,971.394,756.5438,3268.55,1196.969,1268.876,1563.953,1290.09,1919.956,1367.79,1261.268,1029.971,1632.084,3461.106,1103.358,825.4246,1139.819,791.9762,1160.038,1012.247,802.2715,3172.194,1244.088,1310.731
"2025-11-09 12:45:00",1750,"NAN",11.86,1476.683,1230.916,1875.756,1308.939,1199.986,971.2826,1583.054,3577.184,1062.097,780.8629,1083.662,736.4346,1097.911,944.6619,756.0654,3255.541,1194.477,1266.888,1549.185,1271.373,1907.047,1348.361,1241.544,1014.517,1621.983,3455.392,1101.27,822.6366,1126.222,777.1583,1141.182,986.5274,802.2705,3162.762,1242.276,1309.65
"2025-11-09 13:00:00",1751,"NAN",11.87,1464.246,1218.203,1865.703,1296.269,1189.351,962.0618,1573.742,3559.919,1059.54,779.3871,1074.821,727.792,1085.689,927.8522,756.812,3249.269,1193.37,1266.65,1536.372,1257.698,1897.13,1334.889,1230.345,1004.835,1611.625,3440.884,1098.375,820.0111,1116.208,767.64,1128.894,969.0599,802.1114,3160.613,1240.702,1308.713
"2025-11-09 13:15:00",1752,"NAN",11.86,1449.431,1202.559,1852.718,1279.43,1175.163,943.2803,1565.867,3552.696,1056.23,777.6847,1060.573,714.3061,1070.584,907.6477,755.2912,3258.688,1190.727,1265.535,1523.719,1244.54,1885.812,1319.826,1218.233,988.2449,1606.139,3433.935,1096.54,821.0041,1104.792,756.4344,1115.739,951.2616,802.915,3154.67,1240.01,1309.369
"2025-11-09 13:30:00",1753,"NAN",11.85,1435.055,1187.37,1837.591,1261.123,1161.422,924.1315,1559.904,3549.542,1053.189,776.6931,1048.399,702.9931,1058.036,893.8513,754.1512,3252.495,1187.44,1264.019,1507.073,1227.372,1869.12,1299.542,1202.26,966.7719,1598.503,3432.329,1090.832,817.0519,1090.806,742.5996,1100.879,934.8303,799.0623,3148.915,1234.575,1305.841
"2025-11-09 13:45:00",1754,"NAN",11.86,1430.569,1185.48,1834.06,1256.931,1158.623,925.323,1561.424,3539.281,1053.708,775.793,1043.876,699.5476,1057.119,892.6116,754.6996,3233.261,1188.675,1267.956,1504.401,1225.474,1866.689,1297.206,1200.725,969.4448,1600.073,3418.704,1093.04,817.7292,1086.695,740.4385,1101.784,934.511,800.0215,3144.926,1236.355,1310.488
"2025-11-09 14:00:00",1755,"NAN",11.84,1424.602,1182.159,1834.136,1258.475,1158.547,934.0721,1557.795,3536.245,1051.357,774.8606,1041.297,701.7352,1057.548,894.9699,753.289,3250.407,1186.501,1264.867,1502.356,1227.938,1870.537,1302.99,1205.393,983.1086,1600.776,3416.626,1095.03,821.0533,1090.042,748.0549,1106.676,941.5806,804.6293,3136.907,1239.24,1312.548
"2025-11-09 14:15:00",1756,"NAN",11.86,1407.901,1165.954,1815.515,1237.152,1143.413,910.263,1551.268,3545.543,1045.034,771.7545,1028.805,691.2379,1044.427,880.1064,751.3815,3251.882,1182.118,1260.952,1481.593,1207.727,1849.071,1277.66,1186.092,954.9185,1590.497,3422.492,1084.955,814.2719,1072.606,732.5817,1089.28,923.0134,798.2905,3146.941,1230.471,1304.454
"2025-11-09 14:30:00",1757,"NAN",11.84,1396.23,1152.548,1799.484,1217.821,1129.968,888.5347,1547.7,3540.376,1041.593,771.1336,1018.234,682.3283,1038.432,872.2052,751.0688,3231.632,1179.93,1261.189,1473.477,1196.385,1835.312,1262.363,1176.158,936.8701,1589.514,3411.998,1085.597,818.1951,1065.78,727.7204,1087.781,919.7158,801.0018,3103.115,1231.876,1308.366
"2025-11-09 14:45:00",1758,"NAN",11.87,1406.221,1166.733,1816.781,1236.526,1149.623,925.3306,1558.179,3537.696,1049.68,778.5344,1028.113,694.4946,1060.357,892.0551,754.2722,2327.594,1176.351,1273.536,1483.834,1212.032,1852.798,1280.758,1196.184,973.4557,1600.751,3413.302,1092.952,823.8646,1076.053,740.5201,1108.555,938.3405,804.8403,2429.702,1230.095,1320.375
"2025-11-09 15:00:00",1759,"NAN",11.84,1405.093,1169.756,1819.222,1240.268,1153.823,934.187,1559.152,3543.608,1049.395,778.9548,1030.008,696.9853,1062.051,894.5825,755.7139,2624.281,1180.934,1276.441,1483.51,1213.902,1855.519,1285.005,1200.27,982.6251,1601.63,3422.834,1092.883,825.2728,1077.776,742.523,1111.401,941.2132,805.4819,2609.476,1233.938,1323.257
"2025-11-09 15:15:00",1760,"NAN",11.87,1400.615,1169.209,1820.193,1245.024,1159.035,945.3522,1553.148,3550.047,1044.825,772.0107,1039.073,709.2963,1062.14,891.7326,752.6144,2533.594,1172.651,1267.405,1473.924,1210.125,1853.751,1284.817,1200.875,988.9584,1590.666,3435.847,1085.011,813.5095,1082.384,750.6733,1106.236,933.6198,798.528,2546.909,1221.841,1310.64
"2025-11-09 15:30:00",1761,"NAN",11.85,1384.771,1151.813,1796.574,1220.535,1140.825,915.4791,1542.917,3524.431,1038.651,770.5193,1014.854,691.0286,1047.917,876.4158,747.5851,2589.272,1166.964,1260.149,1464.933,1199.76,1836.163,1267.508,1189.824,966.655,1587.176,3386.872,1085.022,819.2271,1065.662,739.5459,1099.227,925.5026,800.5797,2594.466,1222.866,1310.349
"2025-11-09 15:45:00",1762,"NAN",11.87,1381.438,1147.135,1791.183,1211.509,1133.122,901.6592,1546.968,3536.4,1040.492,773.7183,1008.196,685.4294,1042.381,869.9386,750.3725,2517.847,1169.795,1269.986,1457.891,1191.326,1828.167,1254.635,1178.654,948.8928,1587.399,3429.321,1084.023,818.3092,1054.11,729.5271,1090.656,915.2324,799.0013,2519.015,1222.001,1316.107
"2025-11-09 16:00:00",1763,"NAN",11.86,1375.978,1145.708,1788.724,1208.242,1135.174,913.128,1542.637,3518.137,1039.344,772.9717,1009.878,690.1119,1047.663,874.9896,749.4547,2538.568,1165.856,1264.15,1450.836,1186.278,1822.627,1248.287,1177.977,957.576,1582.247,3420.988,1078.692,815.3952,1054.8,732.0878,1093.789,918.7209,795.9117,2528.582,1215.612,1307.866
"2025-11-09 16:15:00",1764,"NAN",11.85,1375.223,1144.288,1787.266,1209.129,1132.939,908.5144,1546.497,3545.097,1040.133,774.8234,1006.314,688.0751,1044.159,870.8743,750.214,2574.379,1166.495,1271.704,1450.54,1187.294,1823.033,1251.426,1177.282,954.1342,1585.936,3426.114,1082.249,817.9767,1051.115,731.5016,1090.172,914.1412,798.065,2533.458,1216.951,1316.525
"2025-11-09 16:30:00",1765,"NAN",11.87,1365.228,1132.864,1770.973,1192.541,1118.703,889.8433,1541.873,3534.452,1035.652,772.1925,994.1221,683.553,1037.984,863.7474,748.5601,2578.552,1162.196,1266.751,1442.003,1176.377,1808.543,1235.484,1163.605,936.4628,1581.977,3425.606,1077.808,815.9913,1040.449,727.3096,1085.018,908.4349,796.5722,2555.886,1213.709,1312.153
"2025-11-09 16:45:00",1766,"NAN",11.84,1362.012,1129.521,1765.927,1185.125,1113.169,879.6102,1541.664,3547.063,1035.972,773.5663,990.2614,681.4226,1034.729,861.0742,749.4019,2476.235,1161.937,1272.368,1437.886,1172.21,1802.019,1226.971,1156.952,925.3458,1581.228,3425.741,1076.51,816.5587,1035.28,723.4709,1080.256,905.0081,796.2124,2496.385,1212.502,1316.599
"2025-11-09 17:00:00",1767,"NAN",11.86,1349.391,1114.211,1743.707,1163.035,1099.05,859.1492,1528.27,3519.927,1029.364,766.6116,980.8253,675.1438,1028.23,856.711,745.2251,2139.028,1147.99,1261.211,1410.082,1140.617,1767.022,1189.102,1126.775,888.2813,1554.49,3456.582,1054.616,793.0336,1010.151,700.7737,1057.744,883.5911,775.4595,2180.838,1182.808,1289.742
"2025-11-09 17:15:00",1768,"NAN",11.87,1348.858,1112.275,1737.635,1154.558,1092.339,848.5283,1533.221,3542.959,1028.119,722.9734,972.5313,669.3318,1024.299,854.2697,745.9249,2190.532,1149.897,1270.142,1424.932,1156.588,1776.663,1198.912,1138.145,895.912,1573.907,3430.33,1071.278,765.1003,1019.325,714.3099,1072.375,898.7389,794.3375,2231.376,1202.383,1316.289
"2025-11-09 17:30:00",1769,"NAN",11.84,1345.528,1108.744,1729.578,1144.61,1085.277,840.5732,1531.672,3542.397,1027.995,767.1266,968.5971,667.7811,1023.16,853.6575,746.2671,2238.625,1150.433,1275.658,1397.11,1126.186,1745.584,1161.691,1103.86,860.3444,1549.35,3506.47,1045.275,783.8165,988.3859,684.3716,1043.731,871.6182,766.9663,2265.546,1176.188,1294.931
"2025-11-09 17:45:00",1770,"NAN",11.87,1343.146,1104.451,1719.363,1134.793,1077.601,833.5015,1530.346,3539.51,1025.166,769.7834,964.6674,665.3281,1020.95,854.204,745.8432,2240.511,1148.837,1277.457,1388.286,1115.467,1732.057,1147.109,1090.905,847.7819,1541.959,3527.643,1038.194,781.0468,978.1179,676.4166,1036.781,865.8334,760.4149,2266.945,1169.161,1291.787
"2025-11-09 18:00:00",1771,"NAN",11.86,1338.573,1100.791,1710.258,1124.922,1069.831,827.8771,1529.988,3536.93,1021.294,768.8113,959.2151,662.682,1018.31,851.6769,745.4589,2222.206,1146.946,1278.789,1384.018,1111.71,1723.061,1137.497,1083.113,842.3679,1541.491,3522.925,1034.304,781.4661,972.8184,673.1134,1034.15,863.8945,760.0089,2248.622,1167.154,1293.103
"2025-11-09 18:15:00",1772,"NAN",11.85,1334.67,1095.722,1701.026,1113.984,1061.581,824.313,1526.349,3522.708,1017.113,768.9037,952.1843,658.1988,1015.461,850.3881,743.4813,2205.419,1144.282,1280.667,1383.9,1111.583,1717.071,1131.054,1079.562,843.2932,1541.871,3483.607,1034.87,784.9434,969.9937,673.8839,1036.096,866.6916,762.7631,2232.445,1169.166,1299.345
"2025-11-09 18:30:00",1773,"NAN",11.87,1331.572,1093.938,1693.698,1105.396,1054.853,822.8226,1526.521,3505.801,1014.622,767.9638,946.5353,651.2084,1013.966,849.092,742.7253,2217.106,1143.145,1285.007,1380.957,1109.72,1709.258,1122.081,1072.618,840.9706,1543.47,3472.535,1030.31,784.6677,965.6547,668.1745,1033.348,866.0085,762.1495,2242.826,1167.834,1303.518
"2025-11-09 18:45:00",1774,"NAN",11.87,1328.567,1092.386,1688.199,1100.217,1048.665,822.8616,1523.276,3476.557,1012.706,770.3478,942.3749,651.6537,1013.255,849.9413,742.1385,2207.085,1142.301,1290.016,1376.998,1108.341,1702.987,1115.906,1065.837,841.0969,1539.529,3444.406,1028.377,784.8357,960.9135,666.6624,1031.489,865.8776,761.2765,2231.012,1166.522,1307.509
"2025-11-09 19:00:00",1775,"NAN",11.87,1327.397,1092.663,1683.964,1096.902,1043.476,817.1025,1523.668,3429.35,1010.786,770.679,940.5331,653.2385,1012.549,851.9377,742.0461,2171.313,1142.243,1296.142,1375.688,1108.545,1698.581,1112.313,1060.38,835.0533,1539.679,3399.948,1026.493,785.3092,958.4689,668.1227,1031.011,867.9395,760.8722,2195.994,1165.994,1313.532
"2025-11-09 19:15:00",1776,"NAN",11.86,1327.263,1093.772,1680.812,1094.567,1038.597,810.9822,1524.371,3412.359,1010.108,772.9858,938.3187,654.2799,1013.072,854.0549,741.6671,2200.534,1142.906,1301.156,1374.499,1109.041,1695.644,1110.086,1055.349,828.9706,1540.49,3374.931,1025.581,787.1209,956.2433,669.2038,1031.429,869.1261,760.236,2223.075,1166.412,1318.221
"2025-11-09 19:30:00",1777,"NAN",11.87,1327.18,1095.465,1677.662,1094.409,1034.248,811.3163,1526.753,3396.061,1007.767,772.6714,938.4271,655.4395,1011.896,855.9978,742.5944,1839.539,1140.8,1306.642,1374.375,1109.429,1692.545,1110.883,1050.98,829.418,1540.904,3351.293,1024.627,788.3178,954.725,669.6873,1031.718,872.0729,760.3995,1867.387,1164.083,1323.864
"2025-11-09 19:45:00",1778,"NAN",11.85,1327.313,1095.597,1674.088,1093.175,1029.687,811.5488,1527.625,3369.65,1006.518,773.1486,937.1842,656.1448,1012.406,855.6071,741.8925,1982.105,1141.597,1311.256,1373.253,1109.984,1689.591,1109.447,1046.441,829.4386,1541.452,3331.986,1022.823,788.9739,954.193,670.0803,1031.128,870.9819,759.8985,2007.156,1164.784,1327.81
"2025-11-09 20:00:00",1779,"NAN",11.87,1327.714,1097.948,1673.721,1093.915,1026.292,813.5323,1529.253,3353.054,1006.562,774.3046,937.2093,657.7095,1012.288,858.1088,740.8046,2025.677,1143.395,1306.575,1369.005,1107.268,1685.046,1105.026,1037.895,826.3735,1538.857,3335.943,1018.085,785.172,948.726,666.7444,1026.211,868.3177,753.59,2046.596,1161.741,1319.126
"2025-11-09 20:15:00",1780,"NAN",11.86,1327.766,1098.666,1673.208,1094.519,1022.901,815.6724,1528.429,3327.73,1006.781,777.4013,936.1696,655.6786,1012.881,858.3774,732.9498,2015.968,1144.216,1314.735,1372.688,1113.086,1687.845,1108.467,1038.363,832.2874,1540.968,3295.525,1022.404,791.0948,951.7762,668.8566,1030.283,872.6066,750.2378,2038.211,1166.232,1330.698
"2025-11-09 20:30:00",1781,"NAN",11.86,1328.747,1100.917,1672.071,1094.513,1019.67,815.5756,1530.028,3305.049,1005.569,778.0746,932.0938,658.2237,1012.402,860.4338,714.7581,2026.815,1145.26,1318.913,1373.384,1114.113,1686.2,1109.027,1035.045,831.9487,1541.925,3274.457,1021.204,791.7816,947.319,671.3005,1029.963,874.6819,731.5189,2048.766,1167.048,1334.554
"2025-11-09 20:45:00",1782,"NAN",11.87,1328.849,1103.337,1672.241,1095.045,1016.858,814.6033,1529.693,3291.279,1006.339,778.0396,932.3776,659.192,1012.311,861.8209,728.7829,1943.25,1145.327,1323.764,1374.977,1117.421,1685.931,1109.848,1032.895,831.5269,1544.804,3250.882,1020.877,793.4874,949.0015,672.0035,1029.981,877.1606,746.5374,1963.77,1167.596,1340.135
"2025-11-09 21:00:00",1783,"NAN",11.87,1328.145,1102.666,1670.218,1094.78,1012.565,814.4669,1529.62,3289.582,1004.053,779.0981,927.0944,658.4959,1010.902,862.1794,729.1251,2004.045,1144.137,1324.883,1374.434,1118.716,1686.611,1111.042,1030.337,833.5349,1544.182,3238.244,1022.205,795.2,944.4593,674.3161,1030.996,878.36,748.5012,2026.721,1168.538,1343.016
"2025-11-09 21:15:00",1784,"NAN",11.87,1327.556,1103.073,1670.001,1094.679,1009.472,815.6822,1529.147,3284.835,1004.682,779.1354,928.4802,659.8304,1011.273,859.7738,730.1833,1993.475,1143.856,1328.776,1371.106,1116.953,1683.968,1107.961,1024.409,831.0606,1543.098,3242.758,1018.269,792.257,945.0051,672.9787,1027.627,873.0468,747.0184,2015.124,1165.546,1344.319
"2025-11-09 21:30:00",1785,"NAN",11.87,1327.798,1105.084,1671.065,1094.853,1006.925,817.1751,1531.61,3279.113,1003.713,780.5673,930.4978,660.861,1010.147,861.8748,731.7246,1973.025,1143.94,1319.025,1372.637,1119.636,1685.714,1109.255,1022.83,834.4873,1544.296,3238.355,1019.99,794.8162,946.2987,674.3802,1028.209,876.5131,749.1882,1994.828,1166.624,1335.407
"2025-11-09 21:45:00",1786,"NAN",11.86,1328.267,1106.917,1670.459,1095.545,1004.247,818.6241,1531.448,3272.235,1003.924,780.5698,925.6867,662.8353,1009.495,864.6401,732.6196,1947.872,1143.333,1329.535,1372.878,1121.716,1685.693,1110.795,1020.799,836.4028,1545.385,3225.633,1020.239,795.2226,942.308,677.1557,1027.815,878.6359,750.7947,1971.218,1166.337,1346.509
"2025-11-09 22:00:00",1787,"NAN",11.86,1327.201,1107.876,1671.347,1096.505,1001.562,819.679,1532.329,3256.922,1003.691,781.6287,928.9012,664.5941,1010.058,864.5903,732.5206,1859.976,1143.103,1334.988,1373.398,1123.853,1685.888,1111.364,1018.42,837.9359,1548.012,3205.36,1019.248,797.1929,946.8104,678.7725,1027.532,880.8488,751.4768,1885.019,1166.466,1351.75
"2025-11-09 22:15:00",1788,"NAN",11.86,1326.454,1107.381,1669.069,1095.795,998.4984,819.6636,1530.483,3235.587,1002.926,782.4755,927.6676,664.8943,1010.23,865.5164,732.3677,1704.578,1141.52,1335.193,1372.732,1123.295,1684.193,1111.186,1015.522,837.8378,1546.096,3187.183,1018.546,796.908,946.3547,680.0138,1028.011,880.2536,751.4077,1728.938,1165.021,1352.475
"2025-11-09 22:30:00",1789,"NAN",11.87,1326.687,1108.901,1669.899,1097.723,996.7542,820.4471,1528.734,3232.597,1003.01,776.0215,928.4347,665.5087,1009.91,872.8555,732.7576,1757.982,1142.843,1338.832,1372.981,1124.598,1685.412,1114.088,1014.37,839.3345,1545.305,3189.993,1018.971,791.1111,946.9703,681.188,1028.73,888.4693,751.9217,1782.698,1166.644,1356.309
"2025-11-09 22:45:00",1790,"NAN",11.87,1328.674,1111.206,1671.346,1100.764,995.7263,822.1387,1532.566,3223.006,1003.065,784.7148,930.3619,665.8484,1008.754,875.3071,733.7665,1732.02,1144.592,1343.15,1373.692,1126.179,1687.217,1116.269,1012.881,839.7999,1547.111,3183.118,1020.064,800.153,947.1341,680.7872,1028.678,890.6251,751.9788,1755.991,1168.157,1360.57
"2025-11-09 23:00:00",1791,"NAN",11.86,1326.737,1111.085,1670.104,1099.591,993.4269,821.3849,1532.4,3203.159,1001.369,785.2968,929.319,667.1538,1008.557,874.1934,733.5774,1719.737,1143.867,1341.938,1373.636,1126.314,1685.245,1115.857,1010.943,840.0914,1546.932,3162.561,1018.613,800.9899,947.0842,682.1161,1027.797,891.467,752.3416,1735.17,1167.428,1359.821
"2025-11-09 23:15:00",1792,"NAN",11.85,1329.112,1113.792,1672.769,1103.354,993.162,824.4623,1535.362,3208.355,1003.379,787.1078,930.6392,668.275,1008.863,877.5501,733.9441,1725.823,1146.588,1347.731,1374.632,1129.638,1689.255,1119.335,1010.716,842.8882,1550.374,3164.002,1020.546,803.0249,948.2316,683.8245,1028.747,893.4388,753.2367,1750.722,1170.575,1365.709
"2025-11-09 23:30:00",1793,"NAN",11.86,1327.851,1114.041,1673.747,1104.511,991.7091,825.2432,1536.166,3189.791,1002.748,790.6471,931.2366,669.8016,1009.774,878.7162,733.4692,1653.488,1146.883,1349.075,1375.371,1130.791,1690.274,1121.18,1010.294,845.1846,1551.734,3157.568,1020.922,806.8541,949.6929,685.7544,1030.539,896.4966,753.1078,1678.42,1171.471,1367.854
"2025-11-09 23:45:00",1794,"NAN",11.87,1330.028,1116.734,1675.085,1106.426,991.1974,828.0286,1538.217,3183.261,1003.939,764.9598,933.0838,670.525,1010.044,879.4338,734.1161,1670.677,1148.598,1352.738,1377.269,1133.146,1692.954,1124.73,1010.568,849.0187,1554.241,3130.963,1022.324,781.6254,953.0239,687.5253,1031.46,897.5225,754.1133,1696.774,1174.108,1372.414
"2025-11-10 00:00:00",1795,"NAN",11.86,1325.72,1112.441,1670.656,1102.824,987.7439,826.0699,1532.306,3152.226,1001.87,762.6979,934.8996,672.7242,1010.065,877.9568,731.9998,1668.404,1145.043,1347.869,1373.416,1129.428,1686.459,1119.293,1006.286,846.0884,1550.062,3099.387,1018.266,779.1081,954.7619,688.5781,1029.938,895.1992,752.238,1693.141,1169.667,1366.112
"2025-11-10 00:15:00",1796,"NAN",11.86,1327.898,1115.2,1673.693,1106.21,987.9899,827.8762,1534.901,3144.969,1003.107,761.8997,935.7162,673.3746,1010.612,880.9306,732.9526,1695.395,1147.544,1352.673,1374.091,1129.243,1688.087,1121.422,1004.869,845.7377,1550.69,3115.321,1017.718,776.4654,953.8734,687.6409,1029.024,897.2266,751.1085,1717.191,1170.33,1369.547
"2025-11-10 00:30:00",1797,"NAN",11.87,1326.668,1114.097,1672.487,1104.657,986.4665,827.1982,1535.426,3145.33,1001.106,762.4396,937.6677,673.735,1008.47,882.4955,732.3465,1712.695,1146.981,1352.488,1372.969,1129.985,1688.336,1121.707,1004.892,846.943,1552.628,3084.486,1017.774,777.7804,956.963,690.1724,1028.869,900.1206,751.7854,1736.112,1171.482,1371.09
"2025-11-10 00:45:00",1798,"NAN",11.85,1327.043,1114.395,1673.561,1105.454,985.7487,828.3873,1537.223,3141.36,1000.908,760.2918,938.4948,674.6575,1007.921,882.6341,732.3052,1711.868,1148.244,1349.918,1375.715,1131.278,1690.811,1123.868,1005.16,849.2627,1553.252,3076.631,1019.797,777.0052,958.4806,691.3661,1028.995,901.8336,752.8384,1736.285,1173.433,1369.599
"2025-11-10 01:00:00",1799,"NAN",11.88,1331.861,1119.703,1680.037,1111.378,987.6723,832.7092,1543.647,3144.359,1005.444,785.6307,938.8462,675.4822,1008.544,884.6274,733.7209,1720.257,1154.062,1358.868,1378.709,1135.822,1697.119,1129.352,1006.525,852.9759,1559.419,3074.408,1023.359,802.3598,958.5463,692.2626,1029.403,903.4385,753.3984,1745.459,1179.151,1378.1
"2025-11-10 01:15:00",1800,"NAN",11.86,1331.991,1120.377,1681.43,1111.403,987.1489,833.5771,1543.021,3136.003,1005.873,789.3212,939.031,676.5082,1008.743,885.352,733.3425,1731.497,1155.231,1362.081,1379.493,1137.239,1698.877,1129.884,1006.485,854.5213,1561.22,3080.302,1022.729,807.5027,960.0654,693.257,1029.196,903.8195,754.2949,1756.578,1180.597,1381.618
"2025-11-10 01:30:00",1801,"NAN",11.87,1332.589,1120.948,1683.187,1112.85,986.705,834.4465,1543.867,3137.745,1005.653,793.0028,940.3838,675.3011,1008.931,886.2136,730.0248,1722.326,1155.63,1362.094,1380.574,1138.376,1700.663,1131.006,1006.51,855.7692,1560.848,3087.723,1025.023,810.4489,959.9999,693.1947,1030.996,904.5893,750.7604,1746.699,1181.675,1381.621
"2025-11-10 01:45:00",1802,"NAN",11.85,1333.527,1121.977,1683.145,1113.956,986.5212,835.4554,1545.875,3126.072,1006.544,791.5408,940.9568,678.3659,1009.622,887.9209,709.0052,1693.816,1155.695,1364.651,1381.302,1139.512,1701.527,1132.257,1006.326,856.9017,1562.341,3070.241,1025.796,809.8591,961.0981,696.0481,1031.813,906.3281,730.2724,1720.846,1181.936,1384.406
"2025-11-10 02:00:00",1803,"NAN",11.85,1333.856,1121.956,1684.898,1116.312,986.3071,836.2508,1546.789,3132.422,1006.981,790.5464,941.8112,679.8215,1010.312,889.8308,717.4628,1683.474,1155.87,1367.703,1381.224,1140.534,1703.126,1134.633,1006.224,857.6094,1564.907,3075.453,1025.272,808.6127,962.6926,697.7515,1031.667,907.7334,739.3002,1709.377,1182.025,1387.389
"2025-11-10 02:15:00",1804,"NAN",11.87,1333.868,1122.271,1684.72,1116.921,985.7867,836.4307,1547.27,3113.09,1006.276,741.1129,942.5787,680.7062,1010.334,891.6121,717.1274,1672.048,1155.408,1367.572,1381.864,1140.892,1703.509,1135.557,1006.13,858.1743,1565.493,3061.493,1025.28,757.3395,963.7274,698.7974,1032.2,909.9594,739.2426,1698.944,1182.112,1387.919
"2025-11-10 02:30:00",1805,"NAN",11.86,1335.779,1124.265,1686.943,1119.132,986.3071,837.9172,1550.018,3102.44,1006.422,786.3224,944.3189,681.1436,1009.921,892.4445,718.5355,1675.049,1155.865,1369.826,1385.176,1143.735,1706.138,1138.733,1007.42,860.5678,1567.474,3051.102,1027.076,806.235,965.8498,699.6625,1032.493,912.9794,741.5372,1701.222,1183.26,1391.023
"2025-11-10 02:45:00",1806,"NAN",11.86,1332.473,1120.379,1682.588,1114.569,983.8625,835.1515,1543.943,3080.11,1005.24,789.4468,943.7269,682.6412,1011.086,893.0266,718.1977,1652.037,1151.727,1363.246,1382.129,1139.692,1701.604,1134.75,1005.339,857.9849,1563.829,3024.565,1024.659,808.5441,966.2769,702.2448,1033.536,912.4639,741.1464,1680.24,1179.132,1384.101
"2025-11-10 03:00:00",1807,"NAN",11.87,1336.619,1126.135,1688.451,1120.193,986.0764,838.7744,1549.723,3091.398,1007.481,792.1135,944.6569,684.0058,1010.79,898.4525,720.4099,1674.111,1156.491,1371.253,1387.864,1146.421,1708.769,1141.729,1008.607,862.7444,1571.015,3028.895,1027.649,813.1122,968.8515,703.9048,1033.932,919.9611,744.708,1701.638,1185.084,1393.214
"2025-11-10 03:15:00",1808,"NAN",11.86,1337.595,1126.019,1689.283,1121.71,985.9677,839.2862,1550.76,3076.961,1007.125,792.3756,944.9096,684.0377,1011.239,856.2639,719.4401,1674.137,1156.574,1372.759,1387.818,1146.727,1710.036,1142.672,1008.145,863.0397,1570.001,3027.438,1028.704,813.2571,967.989,704.0076,1034.473,919.1037,743.6224,1702.96,1185.006,1395.245
"2025-11-10 03:30:00",1809,"NAN",11.87,1338.697,1128.353,1690.824,1122.567,986.2855,840.1507,1551.219,3062.172,1008.337,794.4772,944.6519,685.856,1011.843,891.7997,719.6888,1657.765,1157.485,1374.868,1371.229,1129.815,1694.543,1124.66,989.5892,844.5873,1554.984,3073.031,1010.455,795.1748,949.1126,687.3282,1016.149,900.9852,724.3077,1670.425,1167.074,1378.367
"2025-11-10 03:45:00",1810,"NAN",11.84,1339.736,1130.612,1692.065,1123.938,986.5353,841.3862,1552.65,3039.209,1007.806,795.3093,946.5841,686.0297,1010.957,902.8887,719.9691,1664.096,1158.315,1376.779,1373.107,1131.82,1695.732,1126.661,989.9016,846.0017,1555.922,3059.832,1010.545,796.7472,950.2421,687.152,1016.165,906.8904,724.5648,1675.161,1167.867,1380.983
"2025-11-10 04:00:00",1811,"NAN",11.86,1341.043,1132.382,1693.76,1125.587,987.0764,842.3943,1553.959,3044.287,1008.236,796.3152,947.8777,687.0687,1011.343,906.603,719.9542,1670.613,1159.616,1378.589,1374.486,1133.236,1697.292,1128.236,990.4241,847.0114,1556.158,3043.877,1011.123,797.9476,951.7843,688.0558,1016.156,909.2687,724.4802,1679.19,1169.515,1383.297
"2025-11-10 04:15:00",1812,"NAN",11.87,1343.549,1135.578,1698.181,1128.528,988.4592,844.2701,1555.742,3035.444,1011.165,798.0626,948.2133,687.5145,1012.062,901.4495,720.2236,1668.415,1162.886,1384.345,1377.108,1137.958,1702.558,1131.374,992.4148,849.5232,1559.872,3044.667,1013.571,799.5816,953.619,689.2734,1017.062,924.3306,725.5524,1680.54,1173.296,1388.841
"2025-11-10 04:30:00",1813,"NAN",11.83,1345.018,1136.163,1699.596,1129.828,988.9796,845.134,1556.928,3033.625,1011.671,798.6255,949.5715,687.9136,1013.369,919.4768,719.5737,1672.346,1163.651,1385.971,1378.088,1139.341,1705.244,1133.285,993.502,851.025,1561.057,3045.598,1015.007,801.7274,955.4975,690.3564,1018.845,923.0353,725.8535,1686.34,1174.504,1391.387
"2025-11-10 04:45:00",1814,"NAN",11.86,1345.478,1137.622,1701.365,1129.719,989.3688,845.7986,1558.176,3030.542,1012.026,800.4924,950.1461,687.1035,1014.154,918.916,717.2247,1663.888,1164.855,1386.598,1380.521,1141.365,1706.422,1133.911,994.5202,852.2039,1562.832,3045.38,1015.948,803.8528,956.8411,689.9254,1019.708,923.8339,724.1627,1676.934,1176.222,1392.591
"2025-11-10 05:00:00",1815,"NAN",11.87,1347.139,1139.332,1702.892,1130.636,989.5411,846.4808,1556.692,3032.385,1013.697,801.4704,950.7182,687.3057,1014.303,904.4953,716.9908,1684.567,1165.731,1387.891,1381.747,1143.132,1708.211,1134.678,994.9205,853.1171,1562.267,3047.268,1017.435,805.1216,957.177,690.3765,1020.856,923.2762,723.9594,1698.359,1177.286,1393.842
"2025-11-10 05:15:00",1816,"NAN",11.85,1348.228,1139.507,1703.603,1131.579,989.9772,847.4256,1556.592,3043.764,1013.763,801.7879,950.8232,687.3956,1015.426,920.2001,718.4528,1674.922,1166.352,1389.725,1382.328,1143.774,1709.883,1136.209,995.6257,854.3201,1562.48,3044.617,1018.042,805.2853,957.525,691.3466,1022.078,923.6983,725.8312,1689.78,1178.376,1396.012
"2025-11-10 05:30:00",1817,"NAN",11.84,1349.32,1141.198,1703,1132.135,990.3832,847.8621,1557.365,3047.76,1014.166,802.066,951.8936,689.0931,1014.296,918.5891,718.0268,1688.357,1167.204,1390.739,1384.215,1145.397,1709.215,1136.501,996.0956,854.8505,1562.956,3052.404,1018.396,806.8707,958.9609,692.1228,1020.772,923.752,725.6325,1702.863,1179.168,1397.099
"2025-11-10 05:45:00",1818,"NAN",11.84,1350.117,1141.508,1705.502,1133.382,990.7527,848.2352,1551.096,3055.649,1014.719,803.4846,952.403,689.8548,1015.624,918.4368,715.6138,1674.534,1167.682,1390.923,1385.029,1145.686,1711.064,1138.249,996.665,855.4074,1557.561,3065.785,1019.168,806.8654,959.3607,693.8455,1022.125,922.4178,723.0946,1689.706,1179.714,1397.167
"2025-11-10 06:00:00",1819,"NAN",11.85,1351.342,1142.649,1706.634,1134.372,991.3668,848.5217,1554.827,3064.929,1015.547,805.3896,953.3694,689.9014,1016.148,921.237,714.1705,1641.047,1168.127,1391.402,1386.452,1146.854,1712.514,1139.143,997.2712,855.6998,1560.336,3064.132,1020.105,808.6221,960.3438,694.0413,1022.787,925.9905,721.6338,1656.045,1180.181,1397.621
"2025-11-10 06:15:00",1820,"NAN",11.86,1351.984,1143.393,1708.323,1135.245,991.9086,848.422,1556.809,3070.971,1015.489,806.8807,955.3041,691.3176,1015.306,926.1232,713.4319,1646.147,1168.723,1390.826,1388.11,1148.003,1714.017,1140.426,998.1086,855.8783,1562.776,3075.679,1020.368,811.2175,962.6178,695.0452,1022.057,932.0643,721.3942,1660.432,1180.859,1397.587
"2025-11-10 06:30:00",1821,"NAN",11.87,1353.842,1143.986,1709.233,1135.797,992.5218,848.1231,1554.943,3088.32,1017.03,807.0396,954.7865,691.0581,1012.965,931.4187,716.5947,1643.919,1169.247,1390.251,1389.93,1148.633,1715.687,1141.399,999.2669,856.0128,1561.347,3073.96,1022.548,811.3331,962.519,696.1189,1020.457,937.3099,725.2584,1658.657,1182.169,1397.35
"2025-11-10 06:45:00",1822,"NAN",11.84,1355.836,1145.3,1711.316,1137.597,993.6164,848.0477,1554.731,3097.478,1017.516,807.9995,955.9207,692.2821,1011.868,936.299,715.5641,1643.956,1171.277,1391.661,1391.67,1150.704,1718.546,1143.168,1000.575,856.3931,1561.57,3099.856,1022.949,813.4144,964.1057,697.3062,1019.701,942.3327,724.292,1660.486,1184.467,1399.025
"2025-11-10 07:00:00",1823,"NAN",11.85,1353.2,1140.75,1706.674,1133.165,992.2068,843.1241,1549.869,3112.199,1013.355,805.0172,957.4508,692.0201,1013.761,935.0576,715.0359,1666.775,1167.221,1383.887,1390.435,1146.785,1714.785,1140.326,1000.152,852.1884,1555.797,3105.842,1021.027,811.6314,965.592,697.9448,1023.122,942.3613,724.6046,1683.523,1181.356,1392.547
"2025-11-10 07:15:00",1824,"NAN",11.86,1359.05,1147.285,1716.255,1140.526,996.8636,844.8007,1555.364,3169.671,1018.74,808.4511,957.7237,692.3719,1016.128,936.2907,717.1949,1687.73,1174.482,1394.501,1396.917,1154.345,1725.643,1148.922,1005.952,855.3837,1562.825,3157.677,1026.926,816.8063,968.0907,698.5762,1025.853,945.1877,728.1872,1705.909,1189.825,1404.52
"2025-11-10 07:30:00",1825,"NAN",11.86,1361.3,1149.441,1720.871,1143.015,999.2523,842.5497,1558.019,3227.004,1021.073,808.6268,958.8977,692.5903,1015.119,935.3093,717.6771,1720.524,1176.773,1395.821,1401.615,1157.347,1729.541,1151.627,1009.151,853.7348,1567.365,3208.254,1029.647,816.1207,969.6266,700.4627,1026.567,945.1222,728.9797,1737.922,1192.976,1405.981
"2025-11-10 07:45:00",1826,"NAN",11.86,1363.754,1149.615,1724.102,1144.87,1001.807,840.2245,1558.123,3325.321,1021.981,807.5945,961.0789,693.1486,1015.921,934.1889,717.6463,1788.134,1180.318,1394.826,1547.95,1309.68,1858.043,1305.065,1166.719,1008.107,1701.808,2991.105,1183.095,971.3047,1126.821,857.0179,1181.489,1098.659,886.5288,1925.535,1347.439,1548.727
"2025-11-10 08:00:00",1827,"NAN",11.86,1367.556,1150.94,1727.994,1146.302,1004.551,838.2496,1559.857,3423.197,1025.036,808.6742,963.6424,691.7072,1017.066,932.2717,716.6174,1849.145,1183.029,1393.39,1551.547,1310.971,1861.178,1306.258,1169.146,1006.745,1703.947,3081.544,1186.145,971.6095,1128.491,856.3358,1183.691,1097.274,885.1123,1980.848,1349.581,1546.966
"2025-11-10 08:15:00",1828,"NAN",11.84,1371.92,1152.768,1732.619,1148.197,1008.098,836.9911,1563.3,3488.901,1027.991,808.7821,966.6362,691.1149,1019.6,934.3685,715.894,1931.415,1186.151,1392.133,1556.112,1312.19,1865.322,1307.992,1172.978,1004.993,1706.407,3127.82,1189.252,972.606,1131.399,855.2062,1185.716,1099.548,884.3893,2055.678,1352.211,1545.774
"2025-11-10 08:30:00",1829,"NAN",11.87,1376.402,1154.633,1734.879,1151.513,1013.107,836.2788,1565.893,3547.11,1032.451,809.8708,968.3019,690.5681,1023.762,931.3018,717.4524,2010.272,1189.724,1392.051,1558.787,1313.694,1869.667,1310.793,1177.375,1003.528,1709.772,3166.395,1191.444,972.6089,1134.003,854.0981,1188.306,1094.318,885.5828,2125.389,1355.764,1545.134
"2025-11-10 08:45:00",1830,"NAN",11.86,1376.41,1151.554,1736.747,1149.746,1016.507,833.0052,1565.571,3569.284,1032.739,807.9059,969.3016,691.5444,1027.565,943.0455,717.9004,2069.23,1189.104,1380.328,1559.309,1309.859,1867.392,1308.689,1179.836,999.5494,1706.942,3210.269,1192.347,971.1298,1134.015,854.4712,1191.638,1106.007,885.5958,2174.644,1354.364,1532.849
"2025-11-10 09:00:00",1831,"NAN",11.86,1382.678,1158.974,1744.619,1158.526,1025.566,836.7438,1573.673,3597.98,1037.711,808.1869,974.228,692.5585,1030.778,945.617,719.0202,2145.888,1195.119,1377.153,1564.773,1315.806,1875.117,1317.538,1188.404,1003.465,1715.91,3225.199,1196.545,970.2427,1138.224,856.0319,1195.998,1108.127,886.1273,2239.371,1359.812,1530.123
"2025-11-10 09:15:00",1832,"NAN",11.85,1385.056,1162.427,1755.035,1165.215,1031.66,837.1791,1577.047,3606.859,1040.936,808.1973,979.0966,695.5778,1034.879,947.0756,718.8223,2217.9,1198.298,1368.441,1568.23,1319.599,1884.147,1323.522,1194.371,1003.19,1719.326,3211.504,1198.664,969.5598,1143.936,858.9326,1197.738,1109.794,886.6826,2299.838,1363.342,1521.237
"2025-11-10 09:30:00",1833,"NAN",11.86,1386.524,1165.807,1756.167,1171.844,1041.246,840.8486,1579.277,3618.603,1042.06,806.6291,984.8007,698.9296,1038.349,949.9833,717.2298,2284.269,1199.542,1355.558,1569.999,1321.379,1885.7,1329.589,1203.186,1006.761,1720.538,3225.094,1200.298,967.9782,1148.206,861.6271,1201.806,1112.817,883.8971,2345.604,1363.786,1508.366
"2025-11-10 09:45:00",1834,"NAN",11.86,1389.647,1170.519,1763.234,1180.69,1052.392,847.6827,1584.735,3623.587,1044.965,806.1586,996.7151,705.7418,1047.273,955.4347,714.2137,2357.421,1198.834,1341.679,1572.518,1327.153,1891.337,1338.475,1214.357,1013.829,1725.736,3218.087,1202.63,968.6745,1161.339,867.5582,1210.302,1118.166,881.9337,2392.596,1362.994,1495.407
"2025-11-10 10:00:00",1835,"NAN",11.86,1398.556,1182.495,1777.691,1198.117,1073.985,868.5034,1590.679,3625.15,1049.306,807.2657,1014.294,720.4528,1062.442,966.7486,714.3687,2438.88,1200.677,1326.207,1579.685,1336.721,1906.022,1353.709,1234.241,1032.432,1728.699,3228.544,1207.032,967.6453,1175.739,881.7967,1225.217,1127.701,880.4323,2413.49,1364.035,1479.999
"2025-11-10 10:15:00",1836,"NAN",11.85,1411.606,1200.299,1801.702,1222.6,1107.516,900.9577,1597.759,3623.611,1053.027,807.001,1041.427,738.1342,1077.535,981.1005,708.5624,2536.043,1202.856,1316.115,1591.797,1355.076,1924.42,1377.02,1266.121,1063.269,1736.891,3248.78,1209.477,967.6673,1201.701,898.7539,1238.092,1140.58,875.4608,2343.219,1364.594,1470.623
"2025-11-10 10:30:00",1837,"NAN",11.84,1418.32,1205.822,1814.188,1236.613,1127.114,914.1252,1593.455,3631.3,1052.029,803.2836,1052.423,743.1387,1080.074,982.3103,709.3381,2608.499,1203.44,1304.515,1599.289,1359.036,1934.883,1390.342,1284.216,1075.093,1733.075,3232.229,1207.927,964.6501,1210.948,902.6312,1240.437,1142.234,875.6163,2319.449,1364.159,1458.603
"2025-11-10 10:45:00",1838,"NAN",11.87,1425.066,1220.149,1831.458,1252.474,1149.64,937.3249,1589.502,3620.649,1054.642,801.7863,1064.392,748.3343,1086.162,982.7361,707.0451,2650.129,1207.901,1299.117,1605.288,1373.029,1950.018,1405.161,1305.903,1097.477,1727.7,3226.98,1210.163,961.9619,1223.344,907.0923,1245.437,1142.447,873.1689,2381.369,1368.196,1453.323
"2025-11-10 11:00:00",1839,"NAN",11.84,1438.015,1232.27,1842.611,1274.889,1169.281,951.0707,1598.001,3623.159,1056.544,800.5875,1075.045,754.5323,1097.938,984.9291,710.3642,2716.801,1210.071,1293.26,1617.522,1383.592,1960.159,1425.875,1325.078,1110.406,1736.79,3215.693,1211.328,961.6041,1233.173,913.4622,1256.826,1143.696,876.4025,2346.361,1369.784,1447.311
"2025-11-10 11:15:00",1840,"NAN",11.86,1421.129,1210.823,1830.485,1257.757,1145.57,922.6805,1583.495,3620.135,1050.269,796.4641,1059.532,739.8279,1075.987,848.5108,707.3076,2721.647,1205.17,1285.444,1600.585,1364.275,1950.628,1409.003,1302.087,1083.579,1721.53,3248.603,1207.573,956.2421,1218.484,899.3336,1236.706,1008.624,873.2686,2347.054,1366.298,1439.913
"2025-11-10 11:30:00",1841,"NAN",11.84,1405.652,1189.706,1815.27,1236.029,1129.957,892.3019,1578.572,3607.534,1046.061,791.4672,1044.101,723.335,1060.261,815.8012,705.3539,2745.19,1202.455,1286.927,1586.076,1344.027,1937.124,1389.102,1287.288,1054.751,1718.958,3221.613,1202.922,952.4645,1203.938,884.1014,1221.671,976.8076,871.7079,2352.64,1363.127,1441.96
"2025-11-10 11:45:00",1842,"NAN",11.86,1391.193,1172.586,1799.341,1215.802,1116.98,870.3906,1571.399,3574.808,1042.256,787.694,1034.363,714.8481,1052.87,807.3484,704.2579,2722.968,1196.693,1282.134,1574.625,1327.799,1922.565,1369.596,1274.917,1034.344,1712.329,3215.666,1198.934,947.9724,1195.6,874.8922,1215.108,969.0985,870.3214,2362.017,1358.582,1436.947
"2025-11-10 12:00:00",1843,"NAN",11.83,1391.372,1172.681,1803.457,1216.942,1113.853,865.7234,1579.747,3586.152,1047.057,792.994,1028.861,708.8563,1049.386,813.803,707.4802,2769.948,1202.068,1293.38,1573.116,1328.059,1926.463,1370.718,1271.312,1028.895,1718.832,3222.371,1204.427,953.325,1188.67,870.1735,1211.038,975.0256,873.8815,2368.754,1362.342,1448.16
"2025-11-10 12:15:00",1844,"NAN",11.85,1388.375,1171.05,1803.228,1215.859,1111.117,865.1848,1578.172,3590.55,1047.404,791.804,1025.76,708.8774,1048.951,801.1028,705.5601,2768.331,1200.799,1293.101,1569.964,1325.721,1925.459,1368.911,1268.376,1028.271,1716.126,3203.379,1204.261,952.0735,1185.292,868.6854,1209.928,962.4451,871.7126,2368.781,1361.304,1447.391
"2025-11-10 12:30:00",1845,"NAN",11.84,1376.187,1154.748,1789.32,1198.545,1098.636,844.5115,1573.019,3590.093,1042.055,788.4658,1015.099,699.6273,1039.973,793.2145,703.5858,2779.657,1195.747,1288.992,1557.994,1309.941,1914.162,1352.112,1256.761,1008.193,1712.06,3207.357,1199.331,948.3448,1175.596,860.3361,1201.859,954.4723,869.4153,2376.665,1356.429,1443.197
"2025-11-10 12:45:00",1846,"NAN",11.85,1365.057,1138.868,1772.092,1178.186,1086.37,827.3541,1565.686,3585.124,1035.832,784.223,1003.049,690.4547,1034.278,786.6472,701.4149,2760.18,1189.734,1285.745,1547.56,1293.138,1898.1,1333.812,1244.863,991.5226,1706.649,3198.938,1191.939,944.9708,1163.707,851.3002,1197.031,947.6773,866.9612,2372.891,1350.475,1440.398
"2025-11-10 13:00:00",1847,"NAN",11.87,1356.641,1126.539,1757.031,1159.803,1076.11,818.1445,1558.663,3556.709,1028.015,774.7285,1000.912,691.2866,1019.814,779.8005,691.6096,2733.151,1173.566,1279.449,1539.703,1282.916,1886.22,1318.317,1236.23,984.0294,1700.364,3195.674,1186.787,937.5707,1163.458,854.3635,1184.757,942.8169,859.1445,2412.244,1336.812,1437.276
"2025-11-10 13:15:00",1848,"NAN",11.84,1342.899,1110.961,1732.252,1135.782,1055.684,804.2524,1547.674,3543.132,1021.52,766.8942,990.8257,684.6354,1020.167,766.3866,693.6942,2671.906,1170.73,1275.793,1530.277,1271.125,1865.502,1296.563,1219.459,973.6081,1694.46,3178.798,1182.255,932.8249,1157.845,850.3082,1187.899,932.4033,863.3437,2425.645,1335.46,1433.268
"2025-11-10 13:30:00",1849,"NAN",11.86,1338.953,1103.35,1723.285,1127.579,1049.946,805.9921,1549.526,3460.129,1029.698,780.908,989.9577,694.1451,1041.799,783.865,696.5228,2581.289,1170.796,1286.382,1523.711,1263.545,1857.937,1288.118,1212.61,974.6506,1693.63,3107.562,1180.544,939.918,1151.746,848.1089,1187.992,935.0002,865.0991,2347.852,1335.344,1443.857
"2025-11-10 13:45:00",1850,"NAN",11.84,1153.946,1033.256,1502.031,1051.89,1017.686,790.2887,1201.716,2977.851,757.4282,617.6115,770.1487,541.0933,916.0551,683.4445,685.6872,2412.56,1043.952,1174.024,1340.241,1204.596,1659.245,1223.286,1192.382,970.2482,1375.225,2466.175,930.0846,795.0904,949.3112,719.7917,1095.013,861.4354,865.9993,2428.998,1220.284,1346.543
"2025-11-10 14:00:00",1851,"NAN",11.86,1205.873,1101.637,1643.203,1134.69,1104.963,880.0204,1393.956,2779.832,908.8908,789.6246,927.8444,703.2396,1055.256,846.6027,756.5529,2355.591,1141.755,1279.281,1253.183,1127.937,1670.606,1163.167,1133.661,910.5482,1421.153,2775.121,934.6732,816.5797,957.2358,729.9797,1085.836,873.9865,787.0297,2374.145,1177.356,1309.682
"2025-11-10 14:15:00",1852,"NAN",11.84,1228.866,1109.257,1674.253,1139.714,1092.534,877.098,1386.485,2795.138,917.8823,800.2642,929.2073,709.5093,1016.035,846.9178,750.7899,2318.484,1158.96,1291.008,1280.423,1140.208,1705.057,1171.806,1125.33,911.635,1417.114,2744.032,947.8224,830.7317,962.2248,740.5386,1051.135,878.6586,785.4781,2348.843,1198.531,1325.681
"2025-11-10 14:30:00",1853,"NAN",11.85,1250.989,1121.667,1690.569,1149.971,1083.167,884.3373,1411.071,2762.644,942.0966,812.2818,927.1854,720.4425,1012.519,850.6606,751.7028,2291.055,1170.43,1310.197,1302.207,1152.186,1720.396,1180.469,1114.861,918.1368,1441.493,2727.641,969.9158,841.9064,960.0802,750.6223,1045.767,881.6566,785.5155,2313.967,1208.772,1343.552
"2025-11-10 14:45:00",1854,"NAN",11.87,1264.264,1133.154,1690.316,1157.792,1076.129,887.6875,1435.29,2735.003,961.4882,821.325,933.3043,726.5906,1013.986,853.6034,751.1748,2268.589,1176.597,1326.464,1314.899,1161.481,1718.578,1187.453,1106.696,920.0291,1463.302,2757.265,988.4696,849.9348,963.8283,754.7872,1046.6,883.3298,783.7548,2297.22,1213.408,1358.585
"2025-11-10 15:00:00",1855,"NAN",11.85,1275.842,1145.327,1685.85,1165.878,1072.673,889.7631,1453.7,2775.648,979.8542,830.7537,938.7994,733.2341,1018.528,857.7551,751.8798,2287.899,1181.976,1340.2,1324.48,1172.342,1711.695,1193.569,1101.376,920.3062,1481.552,2792.412,1004.498,856.6995,968.5084,760.5247,1048.584,885.0237,782.6174,2312.599,1217.131,1370.655
"2025-11-10 15:15:00",1856,"NAN",11.86,1283.629,1154.584,1680.746,1171.737,1070.117,888.6805,1467.145,2785.595,991.6486,836.0743,942.938,736.5449,1019.833,858.9306,750.8522,2307.357,1185.203,1348.623,1332.623,1181.712,1707.067,1199.067,1098.176,919.0063,1493.144,2843.754,1016.551,862.3309,971.3188,762.4176,1049.734,886.3654,781.3777,2331.586,1220,1378.266
"2025-11-10 15:30:00",1857,"NAN",11.87,1289.28,1160.069,1676.872,1173.955,1065.874,885.2887,1477.376,2935.434,998.8667,836.6561,942.4106,734.8065,1017.362,856.4735,746.6138,2349.25,1185.096,1351.687,1338.097,1186.358,1703.402,1201.661,1094.234,915.424,1503.544,2865.977,1023.434,863.2469,970.6419,761.2157,1047.792,883.737,776.8774,2378.66,1219.84,1381.228
"2025-11-10 15:45:00",1858,"NAN",11.84,1254.284,1125.23,1641.777,1135.436,1023.604,841.3788,1447.493,3138.584,966.8963,797.4131,903.5247,693.0645,975.2106,813.2045,704.4262,2416.394,1146.049,1315.411,1346.271,1196.479,1705.904,1207.186,1097.158,917.3936,1516.559,3013.503,1035.384,869.238,978.1108,764.7158,1050.658,886.3611,780.6702,2442.857,1225.316,1387.356
"2025-11-10 16:00:00",1859,"NAN",11.86,1247.934,1118.856,1631.723,1125.891,1011.597,828.2246,1445.507,3258.397,962.5079,788.7062,895.6482,683.6728,965.0959,802.3511,698.5155,2486.652,1137.336,1305.339,1351.288,1201.121,1704.338,1209.046,1096.384,916.113,1524.817,3073.066,1041.864,871.6132,981.3946,766.2583,1050.895,886.9155,783.9207,2504.394,1227.233,1388.076
"2025-11-10 16:15:00",1860,"NAN",11.87,1250.12,1121.185,1631.09,1125.474,1009.95,826.2708,1451.032,3310.948,966.5956,791.6752,898.3665,682.1088,965.0175,801.0844,696.9631,2524.901,1137.838,1304.276,1353.563,1204.022,1704.753,1208.21,1094.67,913.96,1528.767,3121.404,1046.622,874.7948,984.2988,765.2369,1051.625,886.5605,784.9348,2498.535,1227.694,1387.406
"2025-11-10 16:30:00",1861,"NAN",11.85,1246.884,1117.647,1621.393,1117.286,1002.978,822.0356,1439.513,3313.897,964.3019,785.8889,893.9401,678.0875,958.8583,797.6699,692.9847,2516.376,1132.52,1296.214,1350.709,1200.301,1696.425,1202.725,1088.906,911.1909,1518.706,3138.991,1045.887,869.7303,981.3501,763.2679,1047.157,883.4753,781.4498,2447.705,1222.993,1380.596
"2025-11-10 16:45:00",1862,"NAN",11.87,1247.496,1117.146,1618.721,1114.507,1000.331,823.7156,1438.953,3296.294,963.9152,785.2034,895.3815,678.1624,957.2849,796.3535,691.3067,2461.903,1129.933,1295.772,1348.639,1196.13,1691.288,1195.5,1082.591,909.7923,1517.251,3118.402,1045.957,868.5736,980.2886,759.8433,1039.889,879.9799,777.395,2482.721,1218.37,1377.496
"2025-11-10 17:00:00",1863,"NAN",11.85,1248.231,1118.366,1618.279,1113.678,998.2087,826.0439,1446.135,3271.408,964.4096,787.3751,898.9983,680.5098,956.7758,795.9976,691.6075,2398.831,1129.068,1300.199,1349.644,1198.857,1691.104,1195.622,1081.937,912.2559,1522.887,3095.967,1043.199,869.2555,982.9915,762.2313,1042.728,879.0662,777.8225,2419.15,1217.76,1382.184
"2025-11-10 17:15:00",1864,"NAN",11.86,1242.232,1111.826,1611.642,1106.366,987.7672,819.7062,1443.196,3273.099,959.5226,782.1726,892.2225,674.011,950.3842,788.68,683.5947,2345.604,1121.208,1298.282,1350.886,1201.139,1691.362,1196.312,1079.681,914.4304,1528.16,3059.173,1045.583,871.543,984.8539,765.1533,1043.725,879.7158,778.2091,2377.441,1218.499,1387.725
"2025-11-10 17:30:00",1865,"NAN",11.86,1239.639,1110.782,1609.104,1103.297,982.0521,813.1996,1442.353,3265.641,957.678,782.4427,891.6412,673.0488,947.3741,785.821,679.8062,2300.124,1117.848,1300.765,1354.91,1206.14,1693.843,1199.576,1080.384,914.0167,1532.411,3024.598,1049.87,878.7916,990.616,769.9364,1046.541,883.3254,780.7613,2335.667,1220.839,1395.731
"2025-11-10 17:45:00",1866,"NAN",11.84,1241.016,1112.869,1608.705,1103.738,980.1549,817.7383,1445.065,3239.254,959.7477,784.8845,893.9302,674.2891,947.472,787.1329,680.3649,2253.184,1117.384,1306.091,1356.579,1207.436,1692.818,1200.121,1078.145,918.5131,1534.717,3000.752,1052.496,880.7866,992.5164,770.7754,1047.261,885.4518,781.2337,2295.475,1220.273,1401.571
"2025-11-10 18:00:00",1867,"NAN",11.86,1242.85,1114.445,1608.804,1105.786,979.4649,820.9695,1449.443,3211.564,960.1611,784.1815,894.8884,674.2621,946.6397,787.2184,679.3224,2221.141,1117.25,1311.444,1357.888,1208.369,1694.124,1202.126,1077.408,921.8085,1538.513,2971.88,1053.362,879.6429,993.2003,771.2293,1047.362,885.2506,779.7104,2270.267,1220.17,1406.621
"2025-11-10 18:15:00",1868,"NAN",11.85,1244.103,1116.488,1610.227,1107.282,979.2686,823.764,1450.168,3189.646,960.4752,786.0773,895.6724,675.3028,945.8884,786.7263,676.9635,2194.183,1117.257,1314.715,1358.448,1210.239,1695.116,1203.901,1077.277,924.4426,1539.175,2949.82,1053.325,881.8223,994.5854,772.0819,1046.064,884.2571,777.3467,2245.997,1220.095,1409.924
"2025-11-10 18:30:00",1869,"NAN",11.84,1241.882,1114.42,1607.992,1105.514,977.0912,823.4866,1452.775,3169.931,960.2347,786.475,896.3888,676.7839,945.6664,786.2687,677.7696,2158.65,1114.961,1314.78,1356.821,1208.464,1691.696,1201.255,1074.614,924.107,1542.353,2939.172,1052.025,881.7108,995.2399,773.0406,1044.396,883.8561,778.1661,2216.481,1217.422,1409.108
"2025-11-10 18:45:00",1870,"NAN",11.86,1244.263,1117.049,1610.552,1106.953,977.1799,825.2542,1458.203,3154.333,962.5335,789.3059,898.7704,676.5882,946.9744,787.7546,678.2446,2133.598,1116.404,1320.872,1358.964,1210.344,1693.617,1201.881,1074.091,925.0566,1547.087,2938.038,1053.656,883.8314,996.9452,772.0667,1044.885,884.6222,777.9303,2187.857,1218.316,1414.465
"2025-11-10 19:00:00",1871,"NAN",11.87,1246.939,1119.579,1612.08,1108.082,976.9119,826.3235,1461.054,3155.886,964.2032,790.6393,901.1011,678.239,947.2687,789.2708,681.5786,2127.568,1117.924,1325.11,1357.904,1209.638,1692.296,1199.966,1070.725,922.7598,1546.727,2913.654,1052.989,882.2195,995.2502,770.457,1042.701,882.8808,778.0744,2182.082,1216.696,1415.252
"2025-11-10 19:15:00",1872,"NAN",11.86,1248.945,1121.241,1613.432,1110.046,976.7756,827.1934,1465.521,3157.086,965.6704,793.4178,903.5495,679.6573,948.1295,789.6166,679.9609,2118.947,1119.282,1329.022,1361.111,1212.033,1694.532,1202.575,1071.272,924.5815,1550.825,2932.275,1055.566,885.9055,998.3213,772.1746,1044.135,884.3699,777.1357,2174.047,1218.589,1420.068
"2025-11-10 19:30:00",1873,"NAN",11.87,1251.585,1122.334,1615.238,1111.374,976.5955,827.9856,1468.506,3164.74,968.1242,795.8826,904.429,680.8578,948.9609,790.9655,678.4257,2099.66,1120.633,1332.334,1361.87,1211.429,1696.06,1202.839,1069.934,924.0949,1552.545,2919.47,1056.972,886.9663,997.9667,772.7435,1044.599,884.0345,773.9939,2156.905,1219.132,1422.024
"2025-11-10 19:45:00",1874,"NAN",11.87,1251.861,1121.823,1616.443,1110.67,974.8408,826.9962,1469.698,3175.404,968.1423,795.1385,904.5434,681.4698,948.1271,789.8404,677.1975,2104.024,1120.071,1333.609,1364.575,1212.616,1697.006,1203.389,1069.639,924.4691,1556.233,2942.082,1057.766,887.4026,999.7454,774.8416,1044.839,884.5546,774.657,2160.928,1219.728,1424.393
"2025-11-10 20:00:00",1875,"NAN",11.87,1253.323,1122.001,1618.146,1112.087,974.7679,827.7549,1473.072,3172.888,969.1594,797.3034,906.0804,681.9985,948.9039,790.9132,677.549,2090.276,1120.647,1336.072,1365.527,1213.955,1700.428,1205.375,1070.464,926.1522,1558.276,2919.009,1060.55,890.6434,1001.401,775.9024,1046.433,886.074,775.7294,2149.039,1221.148,1427.99
"2025-11-10 20:15:00",1876,"NAN",11.83,1256.602,1123.342,1621.569,1114.536,975.3782,828.9045,1475.539,3176.46,971.8801,798.9478,906.8604,682.6621,950.7957,791.9621,676.9667,2087.089,1122.57,1339.875,1366.43,1212.825,1700.665,1205.249,1068.449,924.6397,1559.917,2922.524,1059.271,889.2566,1000.855,774.6429,1045.056,883.959,772.6638,2143.527,1220.426,1428.734
"2025-11-10 20:30:00",1877,"NAN",11.86,1258.392,1124.708,1623.642,1115.677,975.5807,829.7219,1478.708,3171.167,973.7732,799.8549,908.4613,683.9547,951.5118,791.563,678.2166,2067.013,1124.053,1342.276,1368.52,1213.137,1701.473,1205.85,1067.704,924.635,1562.466,2903.455,1059.621,889.8445,1001.527,774.1145,1045.128,883.8052,772.8602,2124.268,1220.877,1430.424
"2025-11-10 20:45:00",1878,"NAN",11.87,1260.002,1124.896,1625.448,1117.094,975.4142,830.2239,1481.172,3161.856,974.6696,801.6262,908.9316,683.7408,952.143,790.3901,678.6427,2064.656,1125.036,1344.35,1370.057,1213.472,1703.783,1207.497,1067.601,925.2131,1564.64,2931.296,1060.698,891.3203,1002.739,774.6503,1045.299,882.5585,773.668,2123.218,1222.069,1432.845
"2025-11-10 21:00:00",1879,"NAN",11.87,1261.629,1125.611,1627.091,1118.141,975.4366,830.192,1482.153,3166.813,975.8685,803.4886,909.4163,684.1426,952.2768,790.9191,680.6927,2054.307,1126.152,1346.099,1367.502,1210.367,1701.593,1203.476,1063.11,920.6925,1561.333,2936.48,1058.379,888.3947,998.0009,770.1781,1041.475,878.5648,771.0457,2110.186,1219.014,1430.123
"2025-11-10 21:15:00",1880,"NAN",11.84,1263.656,1126.16,1628.643,1119.482,975.6791,831.1579,1485.506,3177.975,976.4776,804.3035,910.1661,684.2651,953.1759,791.2855,681.0077,2053.666,1127.85,1347.352,1370.793,1212.072,1704.843,1206.935,1065.22,923.2643,1564.906,2925.828,1061.407,890.9351,1000.362,772.2508,1043.916,880.2747,773.1229,2111.953,1222.234,1432.713
"2025-11-10 21:30:00",1881,"NAN",11.84,1264.691,1127.445,1630.373,1120.357,975.9119,831.8319,1486.518,3161.788,978.0955,804.9811,909.074,685.8765,954.4808,791.7481,679.4954,2027.852,1128.925,1348.824,1373.433,1214.49,1706.796,1208.916,1066.646,925.0208,1568.334,2935.152,1062.928,892.8899,1001.295,774.9366,1045.778,882.0614,772.9434,2086.222,1224.171,1435.431
"2025-11-10 21:45:00",1882,"NAN",11.86,1265.064,1126.738,1630.159,1119.351,974.588,830.6817,1485.675,3167.383,977.5261,804.0044,906.9338,684.562,953.1112,790.8251,676.9596,2031.195,1128.182,1348.779,1376.51,1216.705,1710.013,1211.479,1068.9,927.8547,1570.088,2920.898,1066.466,895.5789,1001.464,777.4973,1049.694,884.7118,773.4826,2094.142,1227.125,1438.763
"2025-11-10 22:00:00",1883,"NAN",11.87,1266.021,1126.698,1631.201,1116.821,974.6061,830.7718,1487.484,3176.969,977.8019,804.8292,905.4269,685.6166,953.5545,790.503,676.3855,2020.432,1127.868,1349.392,1377.598,1216.881,1711.294,1208.978,1068.869,927.8018,1571.657,2902.983,1066.208,897.6425,1000.216,777.7944,1049.66,884.8083,773.0585,2083.964,1226.396,1439.289
"2025-11-10 22:15:00",1884,"NAN",11.87,1267.41,1126.656,1632.094,1115.81,974.6282,830.6345,1489.14,3183.698,978.6704,804.7839,897.1442,686.1557,954.3538,790.2918,676.2018,2017.945,1127.285,1349.988,1382.406,1220.22,1714.68,1211.122,1072.032,930.7166,1576.005,2920.963,1070.176,900.5444,995.3456,781.5236,1053.728,887.7582,776.1927,2082.604,1229.132,1442.689
"2025-11-10 22:30:00",1885,"NAN",11.85,1268.821,1126.57,1633.056,1116.705,974.5003,830.508,1490.251,3180.135,979.6197,804.257,891.1458,686.6526,955.0902,790.5156,675.6313,2021.103,1127.322,1350.693,1382.609,1219.188,1715.612,1211.553,1071.411,930.1063,1576.77,2916.989,1070.39,899.4591,988.7656,781.4341,1053.574,887.1066,775.2677,2086.629,1228.71,1442.774
"2025-11-10 22:45:00",1886,"NAN",11.87,1269.856,1127.201,1634.766,1117.211,974.8074,830.7236,1490.903,3179.767,981.2748,808.4584,889.504,687.3414,956.5101,790.8598,675.4391,2017.758,1128.546,1351.906,1380.779,1216.833,1713.555,1208.312,1068.085,926.7142,1574.469,2915.609,1068.191,899.3918,984.2913,778.8284,1050.275,883.9131,771.8488,2081.499,1226.297,1440.557
"2025-11-10 23:00:00",1887,"NAN",11.87,1271.084,1127.824,1636.502,1118.354,975.1061,830.9437,1493.202,3172.289,982.2684,809.1609,889.6249,688.333,957.3483,791.404,675.6962,2016.301,1130.831,1353.257,1383.782,1219.178,1716.613,1211.089,1069.956,928.3497,1578.634,2925.205,1070.888,901.6597,986.0995,781.7122,1053.004,886.003,773.5675,2080.963,1230.214,1443.174
"2025-11-10 23:15:00",1888,"NAN",11.83,1273.434,1128.506,1637.876,1119.558,975.7369,829.5585,1495.935,3179.665,983.4312,809.8364,889.1377,689.6751,958.0855,792.1964,675.3571,2016.542,1132.959,1354.152,1385.6,1219.446,1718.633,1212.515,1070.818,927.1302,1580.671,2930.493,1072.61,902.9789,985.197,782.7976,1054.38,886.7462,773.0984,2082.214,1232.453,1444.013
"2025-11-10 23:30:00",1889,"NAN",11.85,1277.428,1132.521,1644.614,1125.163,978.0609,831.5338,1501.82,3193.298,986.8345,812.3466,891.0217,690.5515,959.6436,793.8255,675.9356,2028.507,1137.855,1360.713,1390.758,1225.162,1725.504,1219.027,1073.984,930.3538,1586.582,2961.642,1077.568,905.5955,987.7422,784.9459,1056.906,889.6691,774.7053,2093.606,1238.34,1451.57
"2025-11-10 23:45:00",1890,"NAN",11.85,1275.184,1128.925,1641.105,1121.651,976.373,829.1005,1498.453,3181.514,985.3882,810.5743,890.174,690.5501,957.1208,792.3165,674.4292,2009.996,1135.847,1355.53,1388.499,1220.359,1721.456,1214.769,1071.637,927.1742,1583.671,2939.503,1074.264,903.2664,986.9084,784.3477,1053.426,887.2512,772.6315,2075.366,1235.639,1445.751
"2025-11-11 00:00:00",1891,"NAN",11.87,1276.008,1129.807,1642.302,1121.759,976.4676,829.6229,1498.908,3177.676,986.3594,811.09,890.8231,690.7596,956.9835,793.0781,674.2696,2000.696,1136.965,1356.062,1389.713,1220.73,1722.389,1215.181,1072.054,928.0866,1584.99,2923.868,1074.953,903.5305,987.6348,784.851,1053.865,887.8804,772.1289,2067.548,1236.681,1446.061
"2025-11-11 00:15:00",1892,"NAN",11.87,1277.424,1129.71,1643.503,1122.638,976.6467,830.1552,1495.817,3176.119,987.1115,811.3002,891.8772,691.464,957.3873,792.8361,673.6318,1961.126,1137.577,1356.813,1390.513,1220.393,1723.647,1215.951,1072.117,928.5203,1582.345,2922.169,1075.421,904.2897,988.8776,785.5451,1053.943,887.6537,771.3445,2029.464,1237.277,1446.905
"2025-11-11 00:30:00",1893,"NAN",11.86,1278.21,1129.516,1645.211,1123.147,976.7711,830.5851,1493.452,3173.804,986.8752,811.9419,895.4673,691.2114,957.2032,793.2556,672.9572,1967.295,1138.182,1357.149,1390.71,1219.866,1724.529,1215.051,1071.251,927.9442,1577.53,2931.691,1075.927,903.5439,989.9548,784.0986,1053.761,887.2908,769.9131,2035.035,1237.036,1446.23
"2025-11-11 00:45:00",1894,"NAN",11.86,1279.437,1129.737,1647.117,1124.071,977.126,831.055,1493.438,3162.563,987.8078,811.7063,901.1356,691.6013,957.5145,792.9959,673.144,1965.724,1138.831,1358.016,1392.754,1220.105,1725.952,1216.039,1071.871,928.3983,1578.717,2888.089,1075.813,902.8654,996.6413,785.0732,1053.807,887.5625,770.2403,2033.863,1238.035,1447.239
"2025-11-11 01:00:00",1895,"NAN",11.87,1281.922,1130.24,1648.006,1124.759,977.6226,831.7819,1495.343,3164.834,988.2647,813.3586,908.1678,692.6546,958.0961,793.2484,671.6749,1962.097,1139.83,1358.881,1394.064,1219.83,1726.763,1216.587,1071.86,928.5567,1580.286,2905.534,1075.738,904.9383,1002.966,784.9802,1054.093,886.852,768.0201,2031.307,1238.375,1447.208
"2025-11-11 01:15:00",1896,"NAN",11.86,1282.959,1130.725,1649.413,1125.865,978.0173,832.2739,1497.471,3162.269,988.3478,814.1285,912.6099,693.6929,958.5189,792.6638,672.8171,1960.715,1141.093,1359.462,1394.751,1219.628,1727.575,1216.877,1071.455,928.4651,1580.567,2909.889,1076.211,904.9571,1006.138,785.1486,1053.733,886.1849,768.7091,2028.208,1239.004,1447.452
"2025-11-11 01:30:00",1897,"NAN",11.85,1284.511,1130.755,1650.671,1126.911,978.2489,832.8421,1498.673,3161.574,989.1436,813.9265,913.4614,694.603,959.1877,792.8838,672.5552,1950.305,1142.564,1360.307,1396.043,1220.057,1728.778,1217.534,1071.581,929.0078,1581.732,2911.92,1076.874,904.5521,1006.901,786.2297,1054.516,885.4573,768.2604,2019.024,1240.345,1448.539
"2025-11-11 01:45:00",1898,"NAN",11.85,1286.314,1131.038,1651.453,1127.349,978.8426,833.248,1500.283,3161.791,989.2988,813.881,915.4069,695.139,959.7335,792.6403,672.2269,1954.311,1144.896,1360.921,1397.524,1219.562,1729.502,1218.151,1071.914,929.0572,1582.909,2886.02,1076.15,904.4919,1009.104,786.4036,1054.526,884.7628,767.9398,2022.921,1241.877,1448.687
"2025-11-11 02:00:00",1899,"NAN",11.86,1286.876,1131.154,1653.289,1128.019,979.0414,833.7952,1502.383,3159.664,990.0882,814.0543,919.0421,695.4883,960.0766,789.8749,671.8659,1951.834,1147.201,1362.108,1398.066,1220.032,1730.647,1218.087,1071.833,929.3713,1585.372,2916.578,1076.181,904.4305,1012.453,786.6062,1053.915,882.8046,767.6305,2020.237,1243.893,1449.743
"2025-11-11 02:15:00",1900,"NAN",11.86,1288.359,1132.536,1654.451,1127.28,979.5073,834.2986,1502.903,3158.307,991.5637,814.3121,922.4152,696.2376,959.2119,788.8335,672.2195,1944.537,1148.733,1363.494,1399.399,1220.901,1731.892,1217.061,1071.991,929.4005,1585.908,2893.238,1076.985,903.4111,1015.52,787.24,1053.155,881.0759,767.1639,2014.399,1245.386,1450.367
"2025-11-11 02:30:00",1901,"NAN",11.86,1293.442,1136.591,1660.693,1132.262,982.1517,837.5947,1508.953,3180.473,994.1171,817.0549,927.2151,697.8787,961.2632,790.9323,673.0696,1954.283,1153.032,1370.111,1403.025,1223.761,1738.011,1222.104,1074.313,932.5811,1591.135,2922.184,1079.445,905.9922,1019.472,788.726,1055.276,882.4232,767.1913,2022.684,1249.248,1456.368
"2025-11-11 02:45:00",1902,"NAN",11.85,1294.237,1136.265,1661.828,1132.476,982.6409,837.9492,1510.162,3172.353,994.5367,775.1506,928.9005,698.7443,962.2181,791.0862,672.4014,1953.165,1152.668,1370.494,1403.917,1224.259,1738.036,1221.449,1074.388,932.6006,1591.994,2929.089,1079.837,862.0043,1021.303,789.157,1055.005,882.3713,766.8698,2021.206,1248.421,1456.574
"2025-11-11 03:00:00",1903,"NAN",11.86,1291.874,1132.61,1657.536,1127.887,981.0508,835.9183,1506.703,3152.656,992.4967,812.5149,928.6898,698.5707,960.2506,789.7048,671.3399,1942.696,1148.163,1364.844,1401.936,1220.294,1734.406,1217.563,1073.06,930.8439,1589.628,2909.317,1077.513,901.3765,1021.17,789.4545,1053.613,880.8439,766.0107,2011.557,1244.254,1450.614
"2025-11-11 03:15:00",1904,"NAN",11.86,1293.129,1133.94,1659.505,1128.023,981.5375,836.1587,1506.447,3148.761,992.9816,815.6477,930.6756,698.5758,959.923,790.5226,672.1116,1939.081,1147.611,1366.939,1403.394,1220.431,1735.479,1217.273,1072.808,930.3273,1588.205,2902.57,1077.686,904.056,1021.861,788.0809,1052.932,881.4213,765.6719,2006.702,1242.911,1452.635
"2025-11-11 03:30:00",1905,"NAN",11.83,1293.883,1132.961,1659.637,1127.572,981.4825,836.2281,1507.151,3142.735,993.0373,814.8682,931.1822,699.3825,957.9646,790.1136,671.736,1930.771,1145.953,1366.195,1404.125,1219.394,1735.854,1216.85,1072.95,930.502,1588.73,2879.703,1076.759,903.585,1023.678,788.652,1050.129,881.2473,765.6077,1999.245,1241.2,1451.793
"2025-11-11 03:45:00",1906,"NAN",11.84,1295.328,1134.109,1661.123,1128.071,981.8293,836.433,1509.298,3129.818,992.9808,819.8421,932.5786,699.8109,955.624,790.8634,672.8523,1929.631,1146.143,1367.107,1405.233,1220.961,1737.221,1216.896,1073.161,930.4711,1589.934,2873.273,1077.574,908.2601,1024.237,788.8809,1048.666,882.0495,766.3669,1999.145,1241.554,1452.273
"2025-11-11 04:00:00",1907,"NAN",11.87,1298.95,1137.068,1665.209,1132.428,983.5815,839.0964,1513.661,3141.575,995.0446,820.6751,934.4897,701.1585,956.9084,792.5726,674.6736,1903.4,1148.584,1371.752,1408.136,1223.984,1741.594,1220.973,1074.743,932.9344,1594.171,2888.442,1079.741,908.7991,1026.215,790.8375,1049.36,883.3198,768.5143,1974.774,1244.258,1456.719
"2025-11-11 04:15:00",1908,"NAN",11.84,1301.516,1138.152,1667.045,1133.727,984.256,839.92,1515.311,3129.969,995.9382,821.4973,936.1417,702.2075,957.149,793.5005,674.7333,1897.026,1150.433,1373.094,1410.438,1224.25,1742.549,1222.489,1075.307,933.7661,1595.507,2878.75,1080.551,909.8192,1026.913,791.5707,1050.211,883.8284,768.1779,1967.719,1245.601,1457.227
"2025-11-11 04:30:00",1909,"NAN",11.86,1303.531,1138.955,1668.791,1134.515,984.7919,840.8417,1516.234,3118.016,997.077,820.539,936.7781,702.863,957.7845,794.326,675.205,1897.573,1152.112,1374.528,1411.885,1223.791,1742.646,1221.87,1074.545,933.319,1594.981,2874.074,1080.013,907.2357,1026.547,790.4809,1049.04,884.0151,767.1826,1967.109,1245.8,1457.888
"2025-11-11 04:45:00",1910,"NAN",11.85,1305.705,1138.769,1669.728,1135.635,985.3651,841.2851,1517.463,3131.516,997.915,822.0578,937.2493,703.9674,958.5637,795.0123,675.0474,1901.527,1152.467,1376.096,1409.562,1220.62,1741.972,1219.291,1071.544,929.9492,1594.219,2893.235,1077.08,904.9266,1024.027,788.5735,1046.154,880.2762,763.6591,1969.771,1242.884,1455.695
"2025-11-11 05:00:00",1911,"NAN",11.86,1307.216,1139.11,1671.278,1136.221,986.0494,841.4933,1518.825,3122.116,998.5119,807.7696,938.3448,705.4088,959.2667,795.2355,675.9039,1910.892,1153.284,1376.98,1410.827,1218.771,1741.491,1218.449,1070.601,928.6219,1593.714,2847.69,1075.886,889.1948,1023.914,788.2601,1044.552,879.6354,762.9237,1976.301,1242.027,1455.009
"2025-11-11 05:15:00",1912,"NAN",11.87,1309.056,1139.831,1672.164,1136.106,986.8516,841.8348,1519.722,3129.043,999.076,810.2365,938.9296,705.8893,960.0026,796.1458,663.8152,1901.451,1153.665,1377.509,1412.734,1220.151,1743.804,1219.139,1072.048,929.7369,1594.767,2901.226,1078.473,892.8914,1024.746,789.4736,1046.569,880.8263,750.8505,1968.161,1242.996,1456.334
"2025-11-11 05:30:00",1913,"NAN",11.86,1310.532,1140.484,1673.867,1136.21,987.1308,841.9075,1519.494,3132.769,1000.409,811.7211,939.2805,706.0883,960.1683,796.8253,578.195,1911.808,1153.927,1378.509,1414.924,1221.112,1745.391,1220.018,1073.166,930.3969,1595.089,2891.432,1079.614,894.1227,1025.421,790.4388,1047.843,881.8764,661.8292,1978.283,1244.156,1458.448
"2025-11-11 05:45:00",1914,"NAN",11.86,1310.885,1141.294,1675.213,1136.688,987.7461,841.815,1519.682,3127.22,1001.041,811.5376,939.8791,705.7881,960.3018,797.1022,535.0046,1916.576,1154.163,1378.855,1414.973,1222.482,1746.201,1219.476,1073.289,930.0563,1595.997,2885.544,1079.598,894.0996,1026.135,789.2785,1047.309,882.407,616.7236,1982.257,1244.044,1458.472
"2025-11-11 06:00:00",1915,"NAN",11.86,1312.098,1141.994,1676.421,1136.953,988.5438,842.0936,1521.499,3137.072,1001.651,812.3917,939.1816,705.5709,960.1195,797.9292,554.4895,1918.48,1155.238,1379.879,1416.803,1222.745,1747.184,1220.474,1074.581,930.8055,1598.763,2838.63,1079.747,894.8993,1025.76,789.9708,1047.354,883.3723,637.2281,1984.353,1245.543,1459.346
"2025-11-11 06:15:00",1916,"NAN",11.84,1313.114,1142.257,1678.207,1137.877,989.5235,842.3066,1522.635,3141.08,1002.975,813.7545,940.8618,706.9641,959.6486,798.7021,558.5123,1918.751,1156.406,1380.469,1417.058,1223.159,1748.094,1219.952,1074.69,930.0732,1598.242,2907.185,1081.198,896.1182,1026.856,790.0663,1045.981,883.6642,640.6636,1983.681,1245.745,1458.955
"2025-11-11 06:30:00",1917,"NAN",11.83,1314.097,1143.276,1679.645,1138.958,990.5359,842.5256,1524.265,3135.543,1003.88,813.6552,941.8852,706.4911,960.4241,799.5732,573.4227,1922.61,1158.716,1380.567,1415.606,1220.594,1746.926,1218.106,1072.483,926.9636,1597.383,2910.522,1079.731,892.0829,1024.357,786.9075,1043.771,880.7809,652.6417,1984.806,1244.724,1456.212
"2025-11-11 06:45:00",1918,"NAN",11.86,1313.081,1140.997,1676.968,1136.741,990.2188,840.6958,1523.404,3141.567,1002.609,811.8092,942.7429,706.8852,959.0757,798.83,592.1236,1922.069,1159.228,1377.895,1415.249,1218.62,1744.847,1216.595,1072.652,926.0154,1596.127,2914.467,1079.3,891.936,1025.317,787.126,1043.069,881.2195,672.8391,1985.338,1245.5,1454.323
"2025-11-11 07:00:00",1919,"NAN",11.86,1317.027,1144.854,1682.338,1140.047,992.8574,842.1013,1528.732,3151.188,1006.011,815.632,945.8706,707.8759,961.1514,800.5661,598.7947,1937.044,1165.236,1382.384,1418.265,1222.144,1750.466,1219.652,1074.815,927.089,1601.168,2903.637,1081.378,894.8609,1028.77,787.6385,1044.256,882.1727,679.6467,1999.286,1251.073,1458.032
"2025-11-11 07:15:00",1920,"NAN",11.84,1319.051,1145.772,1684.681,1140.786,994.1254,841.3002,1529.254,3175.4,1008.159,816.1036,948.4315,705.8078,962.0424,802.0397,613.1148,1957.397,1167.116,1382.428,1420.994,1223.914,1752.979,1220.779,1076.791,926.7476,1602.588,2960.376,1084.472,895.8414,1031.421,786.7839,1045.844,884.3636,694.9531,2018.534,1253.832,1458.912
"2025-11-11 07:30:00",1921,"NAN",11.87,1320.686,1146.816,1687.278,1140.633,995.1964,839.3885,1530.626,3215.308,1009.681,817.8248,950.6953,707.1063,963.0456,802.942,626.667,1984.961,1168.309,1382.158,1422.488,1224.207,1755.536,1221.021,1077.835,924.6731,1602.965,2988.773,1086.246,898.4211,1033.408,787.8409,1047.626,885.3857,708.8036,2045.417,1254.568,1458.796
"2025-11-11 07:45:00",1922,"NAN",11.87,1323.699,1148.024,1691.064,1142.269,997.288,838.1072,1531.69,3251.532,1013.313,818.9462,952.6099,708.0438,965.725,804.1882,634.8317,2026.952,1169.831,1383.766,1424.745,1225.996,1758.398,1221.526,1079.827,923.316,1604.784,3033.292,1089.168,897.7893,1035.613,789.3154,1049.486,885.9747,717.2904,2084.556,1255.892,1459.957
"2025-11-11 08:00:00",1923,"NAN",11.87,1323.841,1146.229,1688.975,1139.393,997.7418,835.0472,1530.416,3268.436,1013.547,818.056,953.6254,707.2051,965.077,803.7302,637.9175,2052.68,1166.884,1378.786,1426.537,1225.145,1755.635,1219.918,1080.972,920.9728,1603.678,3060.936,1090.718,898.4133,1036.456,788.7609,1050.039,886.3865,721.2354,2110.168,1253.785,1455.569
"2025-11-11 08:15:00",1924,"NAN",11.86,1326.552,1147.956,1693.948,1142.246,1000.892,835.0645,1535.464,3327.648,1016.873,819.2851,952.8295,708.1347,967.6514,804.3194,640.7197,2096.047,1168.329,1379.138,1428.032,1226.396,1762.355,1222.061,1083.863,920.3248,1608.508,3094.638,1092.531,898.9485,1036.271,789.598,1051.642,886.2742,724.2025,2150.551,1254.845,1455.976
"2025-11-11 08:30:00",1925,"NAN",11.87,1333.211,1153.757,1702.589,1147.253,1006.156,834.4789,1538.623,3418.645,1020.865,822.377,957.621,710.4019,970.4425,805.1893,645.6708,2172.545,1172.725,1381.207,1433.81,1229.542,1768.22,1224.824,1086.498,917.1672,1608.13,3203.299,1095.383,900.1446,1037.732,788.508,1052.552,885.5257,726.2224,2220.197,1256.98,1456.246
"2025-11-11 08:45:00",1926,"NAN",11.87,1335.355,1154.006,1706.684,1148.151,1009.74,830.1196,1538.471,3509.442,1023.843,822.7044,959.8347,709.4769,972.2138,805.3713,646.7261,2288.775,1173.134,1375.052,1432.871,1226.104,1768.509,1222.233,1086.768,909.6646,1605.984,3278.017,1094.765,896.4125,1036.973,784.5948,1050.988,882.2772,723.9824,2319.753,1254.114,1446.976
"2025-11-11 09:00:00",1927,"NAN",11.87,1340.684,1157.748,1715.743,1154.18,1017.366,829.072,1540.266,3543.02,1026.576,822.9351,959.0203,710.3303,974.3156,806.8365,648.2098,2423.052,1178.308,1370.664,1437.394,1228.725,1777.216,1227.778,1093.756,907.7913,1605.958,3314.717,1097.001,896.6846,1035.099,784.3996,1052.271,883.079,724.7388,2437.643,1258.011,1441.721
"2025-11-11 09:15:00",1928,"NAN",11.87,1342.932,1158.232,1721.35,1157.685,1024.164,827.0206,1542.513,3553.341,1028.071,821.1528,951.8595,709.0938,976.0607,805.9808,648.2195,2523.103,1182.374,1360.849,1438.77,1228.639,1782.424,1229.76,1098.674,904.2143,1607.382,3330.781,1097.131,893.4305,1027.65,781.6333,1051.811,880.8364,723.7018,2509.914,1260.75,1430.621
"2025-11-11 09:30:00",1929,"NAN",11.87,1341.466,1153.596,1722.725,1156.712,1027.188,821.7509,1540.007,3555.379,1026.45,817.1638,952.6259,707.4217,973.6396,802.2258,646.8351,2597.396,1180.603,1346.415,1439.397,1225.481,1777.846,1231.165,1104.165,901.4755,1606.517,3333.8,1097.726,892.1685,1030.122,782.2172,1052.772,879.2123,724.3517,2465.208,1260.183,1419.081
"2025-11-11 09:45:00",1930,"NAN",11.85,1335.43,1142.668,1716.062,1146.714,1024.265,813.5662,1535.12,3544.59,1023.029,811.7864,952.3027,704.59,970.9042,796.3167,644.3931,2601.961,1176.067,1333.55,1433.641,1216.163,1778.416,1221.042,1101.237,893.7835,1603.033,3318.817,1094.5,886.6575,1030.22,779.8309,1049.729,873.7825,722.6282,2486.465,1255.958,1406.525
"2025-11-11 10:00:00",1931,"NAN",11.87,1337.388,1141.426,1719.133,1145.431,1026.115,813.9847,1536.677,3541.659,1023.875,811.6716,954.8345,704.1298,972.6837,795.4603,645.519,2610.894,1178.026,1332.997,1435.498,1215.107,1780.928,1219.321,1104.055,894.8566,1604.577,3306.365,1095.921,887.7501,1033.718,780.2478,1052.349,873.6557,724.8807,2509.176,1258.503,1406.731
"2025-11-11 10:15:00",1932,"NAN",11.87,1337.796,1138.621,1718.983,1142.384,1025.872,813.8951,1535.719,3535.48,1024.577,810.7695,953.2485,702.9241,972.5369,794.4868,643.8312,2618.517,1177.651,1331.284,1436.407,1212.955,1781.399,1217.89,1103.82,894.8633,1604.328,3302.552,1096.773,886.1068,1032.309,779.6426,1052.246,872.5414,723.1002,2585.1,1259.112,1405.08
"2025-11-11 10:30:00",1933,"NAN",11.87,1336.93,1136.677,1718.854,1139.734,1025.607,813.8577,1536.02,3531.289,1023.824,810.0646,952.7286,701.1385,972.3475,793.2476,641.6437,2620.277,1177.325,1329.358,1435.454,1210.029,1782.177,1215.7,1104.028,894.9122,1604.132,3300.525,1096.697,885.7956,1030.941,777.5956,1053.331,871.647,720.3473,2603.494,1258.839,1403.596
"2025-11-11 10:45:00",1934,"NAN",11.86,1336.218,1133.655,1716.297,1135.777,1025.45,813.4757,1533.465,3513.079,1023.301,809.0779,948.9959,700.6642,972.6584,792.5652,639.8282,2619.997,1175.098,1323.91,1434.779,1207.221,1779.453,1210.775,1103.005,893.8923,1601.175,3277.785,1094.853,883.9693,1027.843,777.029,1051.759,869.7441,718.6273,2599.966,1256.188,1397.917
"2025-11-11 11:00:00",1935,"NAN",11.87,1339.13,1136.196,1717.178,1138.604,1027.761,815.4588,1537.575,3529.462,1024.842,810.4861,950.3483,701.7725,974.4491,793.4142,640.9727,2650.368,1179.105,1327.291,1434.836,1206.95,1778.544,1211.124,1102.793,893.7265,1602.368,3299.125,1093.889,884.0117,1026.19,774.6526,1051.602,868.8276,717.3099,2522.953,1256.257,1399.08
"2025-11-11 11:15:00",1936,"NAN",11.86,1336.374,1133.64,1716.956,1135.785,1027.438,814.5785,1533.529,3526.838,1024.703,809.6503,937.3348,701.4771,973.6624,792.2813,640.2898,2664.845,1176.649,1321.274,1432.984,1205.391,1780.294,1208.569,1103.002,892.4759,1599.295,3296.523,1094.272,882.3146,1013.082,775.3629,1051.079,867.6682,716.8387,2493.788,1253.266,1392.904
"2025-11-11 11:30:00",1937,"NAN",11.87,1334.25,1128.72,1716.225,1128.52,1023.9,810.6069,1529.449,3522.055,1021.732,807.0361,927.784,698.9896,971.291,790.0691,638.366,2672.007,1174.099,1316.187,1430.646,1200.511,1776.876,1201.858,1099.47,888.9756,1595.9,3302.28,1091.439,879.9318,1004.168,773.4139,1048.494,865.2578,715.2799,2528.705,1251.575,1388.446
"2025-11-11 11:45:00",1938,"NAN",11.87,1332.026,1125.118,1712.342,1123.108,1020.965,809.8583,1528.262,3521.121,1019.224,805.9154,925.7109,697.2935,969.9769,788.3005,637.4834,2656.701,1174.246,1315.33,1427.787,1196.578,1772.897,1195.75,1096.118,887.827,1594.262,3309.318,1088.551,877.9705,1001.258,771.0075,1047.719,863.1982,713.2255,2529.149,1251.282,1386.977
"2025-11-11 12:00:00",1939,"NAN",11.87,1343.989,1136.64,1724.406,1134.131,1030.054,822.0021,1537.66,3510.641,1025.108,810.5275,929.3594,701.8221,976.1348,793.8602,640.3875,2676.58,1181.155,1321.138,1440.556,1207.259,1784.67,1207.132,1105.153,899.8812,1603.108,3277.199,1094.445,882.5206,1004.869,775.4349,1053.63,868.89,716.2168,2485.776,1257.601,1392.976
"2025-11-11 12:15:00",1940,"NAN",11.86,1350.967,1148.692,1738.632,1150.788,1043.721,839.6798,1537.872,3515.08,1028.14,811.4321,933.3878,709.558,981.8948,800.5758,639.9786,2727.339,1183.651,1320.78,1448.886,1220.696,1789.994,1223.609,1118.881,917.6544,1603.618,3290.403,1097.412,884.8026,1009.954,782.7784,1058.708,876.3923,716.8573,2515.162,1260.005,1392.107
"2025-11-11 12:30:00",1941,"NAN",11.87,1362.013,1158.514,1758.952,1176.925,1070.715,869.1974,1541.889,3529.776,1030.339,812.8975,936.9747,719.0884,989.711,811.7216,639.3693,2772.353,1186.115,1316.829,1457.816,1228.704,1818.972,1247.604,1144.107,945.0005,1605.133,3301.081,1098.702,884.1744,1012.009,791.5167,1065.29,885.7316,715.0499,2594.271,1261.53,1387.196
"2025-11-11 12:45:00",1942,"NAN",11.86,1376.901,1176.254,1786.238,1210.471,1110.307,909.3738,1545.52,3546.812,1031.653,811.7676,955.0471,731.4465,998.9153,825.0511,637.8995,2818.491,1185.711,1308.655,1473.893,1248.062,1843.147,1281.324,1184.479,985.4943,1610.712,3314.042,1101.344,884.8567,1031.278,805.3118,1075.953,900.483,715.3052,2581.808,1261.892,1380.97
"2025-11-11 13:00:00",1943,"NAN",11.87,1371.639,1175.196,1787.459,1206.828,1110.233,900.6542,1539.454,3542.815,1030.109,809.3074,944.3563,728.2487,990.6835,817.2831,636.4203,2850.708,1182.971,1297.39,1468.226,1246.396,1846.674,1277.997,1184.517,977.145,1605.318,3312.85,1098.953,882.1655,1021.631,802.2726,1067.789,892.4689,713.4555,2605.568,1259.226,1369.069
"2025-11-11 13:15:00",1944,"NAN",11.87,1364.816,1164.503,1775.209,1192.061,1099.58,871.0287,1535.099,3533.365,1028.725,805.1937,929.716,720.0082,981.7132,803.3321,635.8403,2851.399,1180.13,1291.246,1460.578,1235.218,1830.44,1263.002,1172.945,947.6694,1601.344,3299.246,1096.415,877.7158,1007.094,793.4145,1057.811,877.7668,712.288,2639.007,1255.889,1362.35
"2025-11-11 13:30:00",1945,"NAN",11.86,1377.969,1182.233,1797.582,1214.282,1118.417,902.791,1546.984,3526.802,1033.901,810.2123,943.3286,729.6147,994.3046,815.9485,638.5416,2883.663,1181.846,1291.443,1476.134,1253.475,1853.012,1285.218,1192.469,979.8047,1613.364,3295.501,1102.087,882.8749,1020.251,803.9719,1071.721,891.6158,715.4344,2626.839,1257.544,1363.581
"2025-11-11 13:45:00",1946,"NAN",11.87,1401.932,1211.82,1823.085,1258.089,1164.664,959.151,1554.895,3554.299,1035.423,786.2005,970.7023,751.1981,1022.027,845.3221,637.8464,2966.841,1182.788,1288.323,1497.006,1280.781,1876.024,1326.409,1236.198,1032.83,1619.729,3317.652,1102.207,857.3018,1046.012,823.6699,1096.897,918.0715,713.9871,2688.597,1257.06,1358.63
"2025-11-11 14:00:00",1947,"NAN",11.84,1408.085,1220.84,1831.293,1270.585,1175.819,973.2117,1554.523,3536.17,1038.905,814.2253,971.9387,755.5963,1032.567,844.96,639.7849,2980.713,1184.575,1286.634,1504.37,1289.579,1884.696,1339.925,1247.501,1047.782,1619.509,3320.918,1106.403,886.9819,1048.228,828.2666,1108.017,918.9579,716.0526,2715.568,1259.573,1358.153
"2025-11-11 14:15:00",1948,"NAN",11.85,1404.848,1216.619,1821.651,1271.731,1173.083,964.2655,1549.062,3552.693,1032.37,808.6127,981.1474,756.5151,1021.57,847.0222,635.4437,3027.268,1179.492,1275.346,1500.586,1285.725,1877.849,1340.776,1245.151,1038.919,1613.728,3319.638,1100.549,882.1095,1055.932,828.7548,1097.891,921.2558,711.7836,2784.173,1254.506,1347.169
"2025-11-11 14:30:00",1949,"NAN",11.86,1367.902,1203.244,1817.66,1257.603,1157.709,941.5865,1540.749,3544.336,1030.311,804.3348,971.9495,746.3691,1007.56,830.0663,634.9684,3017.95,1177.727,1271.986,1466.357,1273.326,1873.215,1327.322,1230.84,1017.774,1606.848,3310.524,1099.557,877.1565,1048.111,820.3757,1085.342,905.6038,712.2081,2782.674,1253.922,1344.818
"2025-11-11 14:45:00",1950,"NAN",11.85,1361.862,1196.425,1814.788,1252.154,1153.113,935.9672,1537.299,3539.272,1030.409,804.4379,970.4298,743.196,1004.477,823.7088,632.7454,3033.609,1177.725,1270.577,1459.404,1267.366,1869.784,1322.026,1226.045,1011.788,1603.636,3311.68,1098.313,877.4144,1046.822,816.6905,1080.935,898.7547,710.0833,2743.742,1252.773,1342.133
"2025-11-11 15:00:00",1951,"NAN",11.86,1343.625,1172.097,1786.499,1219.587,1129.415,893.2908,1524.445,3536.677,1019.284,790.4689,953.1155,727.1205,981.4819,798.6486,630.077,3012.102,1166.55,1258.778,1437.182,1238.812,1840.755,1287.286,1199.341,965.9675,1588.779,3315.081,1082.871,860.3796,1026.071,797.0223,1055.164,870.075,703.2574,2763.2,1237.671,1326.998
"2025-11-11 15:15:00",1952,"NAN",11.86,1335.958,1157.16,1771.669,1198.111,1115.969,864.8708,1521.175,3520.178,1015.458,791.8698,943.3126,715.6888,974.0405,785.411,630.3492,2959.125,1163.647,1260.102,1429.705,1225.006,1826.035,1265.251,1185.94,938.2196,1585.116,3299.849,1079.145,861.144,1016.321,785.2477,1047.414,856.8571,703.8365,2675.623,1234.513,1328.998
"2025-11-11 15:30:00",1953,"NAN",11.87,1313.202,1147.976,1760.403,1183.724,1106.215,845.1254,1521.59,3512.378,1013.231,791.9844,939.4819,709.6096,970.8907,780.5646,631.9247,2942.663,1163.168,1264.734,1407.224,1215.196,1816.712,1251.757,1176.521,919.297,1585.053,3314.214,1078.6,862.3502,1011.808,779.4938,1045.337,852.705,704.9823,2682.624,1234.6,1333.574
"2025-11-11 15:45:00",1954,"NAN",11.86,1350.496,1177.955,1779.428,1211.072,1135.4,871.7906,1554.033,3350.574,1050.195,831.1616,975.9898,743.3642,1009.566,818.1072,670.3879,2768.685,1200.655,1306.358,1407.613,1207.052,1806.914,1240.097,1166.436,905.4011,1583.537,3303.327,1075.754,860.6187,1008.931,773.6142,1042.735,849.2985,702.4171,2697.162,1233.754,1336.77
"2025-11-11 16:00:00",1955,"NAN",11.86,1349.665,1169.196,1768.713,1199.31,1124.906,861.1432,1549.842,3364.441,1046.672,830.5255,972.8727,737.7576,1006.107,815.294,658.5046,2798.911,1197.508,1306.157,1409.204,1200.945,1797.823,1231.62,1158.724,897.7854,1580.26,3312.437,1074.993,863.0525,1008.081,769.6488,1042.813,849.4788,693.2807,2725.132,1232.846,1338.99
"2025-11-11 16:15:00",1956,"NAN",11.85,1349.142,1164.134,1758.514,1188.536,1116.978,856.0169,1547.473,3349.775,1044.979,831.2239,970.5818,734.7348,1004.983,815.0093,666.2491,2786.847,1196.192,1308.033,1407.442,1193.977,1786.935,1219.892,1149.862,891.4233,1577.089,3301.628,1072.135,862.5603,1004.366,766.0875,1040.74,847.907,699.7499,2732.41,1230.557,1339.42
"2025-11-11 16:30:00",1957,"NAN",11.84,1347.627,1157.489,1748.61,1178.93,1109.197,853.474,1545.568,3340.938,1042.71,831.727,967.4695,732.0228,1004.592,814.651,658.4482,2772.566,1194.958,1310.064,1404.438,1186.72,1776.442,1208.609,1140.687,887.3536,1573.916,3313.153,1069.003,860.5364,1000.364,762.7238,1038.384,846.2002,690.6038,2699.963,1227.865,1340.568
"2025-11-11 16:45:00",1958,"NAN",11.85,1345.781,1153.317,1740.241,1170.154,1102.161,852.5581,1544.322,3338.832,1040.173,830.1841,965.0107,731.1096,1003.541,814.5919,666.6218,2741.739,1194.769,1312.365,1402.815,1181.51,1766.788,1199.264,1133.192,885.7722,1572.946,3298.735,1065.421,859.2328,997.3309,760.1089,1036.988,846.1168,698.0541,2684.035,1227.114,1341.884
"2025-11-11 17:00:00",1959,"NAN",11.86,1345.851,1150.995,1732.319,1163.653,1096.24,852.933,1544.241,3333.79,1039.349,831.3665,965.4291,729.464,1003.686,816.0983,651.3464,2731.838,1195.593,1316.836,1403.209,1181.512,1760.649,1194.088,1128.854,887.7623,1573.284,3285.853,1066.494,861.2985,999.0883,760.1701,1038.024,848.2586,684.2961,2667.158,1229.152,1348.2
"2025-11-11 17:15:00",1960,"NAN",11.85,1346.432,1149.672,1727.526,1158.375,1090.941,853.1445,1544.483,3336.732,1038.955,832.216,965.871,730.0569,999.5403,816.5686,592.2698,2720.855,1195.75,1321.122,1403.829,1178.994,1754.488,1187.924,1122.416,886.9094,1573.028,3286.683,1064.478,861.7369,998.7925,759.4415,1032.602,848.4866,620.4473,2646.621,1228.385,1350.481
"2025-11-11 17:30:00",1961,"NAN",11.87,1345.926,1146.917,1721.1,1153.012,1084.979,852.8875,1541.117,3338.433,1037.98,831.5385,964.0934,729.4968,997.12,818.143,650.6949,2715.171,1194.413,1323.489,1401.749,1176.388,1748.605,1182.442,1116.913,886.6064,1570.547,3286.882,1063.617,860.528,997.1187,759.885,1030.45,848.7834,682.1158,2648.846,1227.305,1353.853
"2025-11-11 17:45:00",1962,"NAN",11.86,1345.199,1145.659,1715.398,1147.487,1079.651,853.1284,1540.081,3341.183,1036.468,832.4581,964.648,728.8358,998.2875,819.1179,655.9069,2721.479,1193.107,1326.45,1400.417,1173.626,1742.992,1177.517,1110.982,886.3717,1568.274,3293.925,1062.217,861.5302,997.3012,758.6725,1031.725,849.1748,686.838,2651.328,1226.221,1356.182
"2025-11-11 18:00:00",1963,"NAN",11.83,1343.97,1144.691,1712.881,1143.731,1075.063,854.5061,1540.344,3319.332,1035.429,832.8651,964.9443,730.4078,999.3932,819.2036,678.455,2704.234,1189.859,1330.458,1399.785,1173.539,1739.261,1172.25,1105.462,887.3217,1568.416,3276.021,1060.479,861.547,996.5896,758.7534,1031.069,849.8386,709.792,2658.143,1222.988,1359.614
"2025-11-11 18:15:00",1964,"NAN",11.86,1343.511,1144.901,1709.671,1140.926,1070.575,856.1157,1540.16,3315.583,1035.64,833.9241,964.6682,731.2664,999.4841,820.9419,680.4686,2660.195,1189.04,1334.036,1396.288,1170.284,1733.795,1167.142,1098.573,886.1226,1566.111,3290.438,1058.459,858.6254,994.1885,757.5294,1028.937,848.5013,708.843,2631.629,1219.642,1360.937
"2025-11-11 18:30:00",1965,"NAN",11.87,1327.646,1127.363,1693.209,1123.029,1049.926,840.9395,1527.137,3366.637,1017.625,818.4229,949.3054,715.0079,981.43,805.2703,661.9354,2746.085,1170.734,1322.269,1395.367,1169.548,1732.043,1166.012,1094.948,888.0611,1566.059,3255.013,1058.003,860.8208,994.9477,758.5557,1028.436,850.4237,708.0146,2599.064,1217.757,1365.004
"2025-11-11 18:45:00",1966,"NAN",11.85,1327.189,1128.008,1690.181,1121.311,1045.578,842.2172,1526.056,3350.979,1016.03,818.0208,949.0059,716.4296,980.9548,806.3256,661.7087,2661.073,1169.541,1325.192,1396.11,1170.782,1728.74,1164.978,1091.331,890.061,1565.674,3244.956,1056.921,862.3635,995.2261,759.848,1028.776,852.3165,707.9173,2558.072,1217.554,1368.249
"2025-11-11 19:00:00",1967,"NAN",11.85,1326.654,1127.926,1688.999,1120.866,1041.249,843.3077,1523.534,3330.673,1015.94,818.6489,949.4348,718.162,981.6213,807.3752,661.843,2679.42,1168.718,1327.742,1395.895,1172.33,1727.932,1164.821,1087.524,891.8195,1566.477,3230.688,1056.02,862.7061,997.4738,762.9242,1029.053,853.757,709.4581,2628.573,1218.334,1371.299
"2025-11-11 19:15:00",1968,"NAN",11.86,1326.92,1128.956,1686.574,1120.276,1037.645,844.9025,1523.213,3305.035,1015.287,819.0634,950.1718,718.5652,981.3391,809.9038,662.7131,2642.816,1167.668,1331.978,1396.866,1173.112,1726.197,1165.11,1084.385,893.8818,1565.037,3202.412,1056.785,864.6265,998.1296,763.0043,1029.694,856.647,710.2015,2511.729,1217.108,1376.035
"2025-11-11 19:30:00",1969,"NAN",11.86,1327,1130.086,1685.681,1120.682,1034.109,846.7142,1523.633,3277.52,1014.649,820.2112,951.0507,719.4139,981.3368,811.6402,663.5951,2604.761,1167.357,1336.023,1395.917,1173.194,1724.857,1165.707,1080.538,895.3696,1565.9,3181.397,1055.184,864.5707,998.8262,763.9236,1029.486,857.8898,710.5051,2503.719,1216.441,1379.574
"2025-11-11 19:45:00",1970,"NAN",11.87,1319.292,1121.438,1676.92,1113.052,1021.958,839.1795,1516.075,3291.39,1004.568,811.924,943.4401,711.2587,970.9399,804.2586,651.8878,2568.517,1157.885,1331.235,1350.181,1126.388,1683.955,1119.275,1029.408,848.1675,1521.714,3283.185,1011.456,817.8102,951.0166,716.4514,980.3492,810.6844,659.0218,2570.446,1171.03,1337.602
"2025-11-11 20:00:00",1971,"NAN",11.86,1316.696,1121.799,1675.772,1112.948,1018.128,839.2103,1513.855,3266.848,1004.303,811.7545,942.5214,712.0462,970.6829,804.4914,593.1336,2529.796,1156.776,1334.239,1348.653,1127.139,1682.735,1119.441,1025.85,848.4813,1521.133,3264.609,1009.571,817.3759,952.0005,717.2468,979.0164,811.5519,598.0244,2543.472,1170.326,1341.256
"2025-11-11 20:15:00",1972,"NAN",11.84,1319.032,1122.946,1674.622,1114.113,1015.237,839.996,1514.712,3242.978,1002.623,811.6713,944.4808,712.83,970.3076,806.0685,616.8572,2471.324,1155.721,1337.331,1350.547,1128.427,1682.492,1121.048,1023.24,849.5435,1520.773,3242.68,1009.509,818.8131,952.7141,718.0093,980.2497,813.4618,622.9781,2482.236,1169.201,1344.559
"2025-11-11 20:30:00",1973,"NAN",11.85,1318.569,1123.052,1673.432,1114.515,1011.521,839.4327,1513.77,3243.713,1002.189,812.2394,943.0631,712.5643,970.4863,806.9329,623.0753,2435.939,1155.529,1339.122,1350.504,1130.448,1681.867,1122.058,1020.879,850.3565,1522.362,3225.558,1010.065,819.288,953.1578,720.2402,980.9208,814.4909,631.4785,2445.807,1170.532,1347.547
"2025-11-11 20:45:00",1974,"NAN",11.87,1318.181,1125.225,1674.231,1115.775,1009.493,840.6071,1516.724,3225.67,1001.259,813.5604,943.971,714.2268,970.1149,807.3732,633.1102,2424.975,1156.422,1342.418,1351.175,1132.969,1682.318,1123.313,1018.812,851.5208,1524.549,3204.491,1009.274,821.3496,938.0156,720.7366,980.6262,816.277,642.2712,2433.631,1171.5,1350.065
"2025-11-11 21:00:00",1975,"NAN",11.86,1319.882,1126.977,1673.84,1116.067,1007.57,842.2014,1517.967,3210.627,1001.207,815.0346,940.7123,714.8947,970.4005,809.4719,659.7086,2385.323,1157.216,1345.122,1352.189,1133.574,1682.487,1123.927,1017.034,853.2717,1525.334,3189.815,1009.399,821.7779,950.4117,722.2788,982.0549,817.6624,668.3246,2397.513,1172.313,1353.424
"2025-11-11 21:15:00",1976,"NAN",11.85,1325.733,1134.544,1679.709,1122.429,1012.227,850.0075,1525.21,3163.726,1007.114,821.7044,948.351,722.9489,977.5594,815.712,667.7705,2357.749,1164.675,1354.011,1353.23,1135.794,1682.968,1124.435,1015.732,855.0153,1528.085,3163.342,1008.738,822.1868,953.0013,724.5034,982.0832,818.3665,670.9572,2368.62,1174.116,1356.702
"2025-11-11 21:30:00",1977,"NAN",11.85,1327.885,1136.398,1680.347,1124.075,1011.383,852.0602,1527.082,3143.583,1007.109,823.5867,951.7089,724.832,977.8684,818.6018,673.0192,2349.204,1167.117,1356.949,1353.856,1137.422,1684.211,1125.744,1014.287,856.5457,1528.575,3149.224,1009.221,824.2955,954.7679,725.9303,982.4359,820.3022,675.7663,2362.535,1175.955,1359.172
"2025-11-11 21:45:00",1978,"NAN",11.87,1327.757,1138.917,1681.824,1125.162,1010.483,853.4355,1528.805,3131.776,1006.985,824.6721,952.54,726.405,977.7487,819.5318,681.0526,2329.232,1169.519,1359.632,1354.562,1139.084,1684.331,1126.792,1013.16,857.5745,1530.042,3148.869,1008.052,825.5131,955.7971,726.4323,981.9478,821.7743,683.1031,2339.608,1177.596,1361.206
"2025-11-11 22:00:00",1979,"NAN",11.86,1330.464,1140.666,1682.962,1127.003,1009.887,854.6259,1529.613,3120.561,1008.234,827.0806,953.2808,728.4131,979.6222,822.8163,691.7792,2314.689,1171.917,1363.167,1356.078,1140.269,1685.441,1128.001,1012.092,858.2662,1530.669,3132.042,1009.539,826.8236,955.4554,728.397,983.9035,823.8962,693.185,2325.259,1179.214,1364.358
"2025-11-11 22:15:00",1980,"NAN",11.87,1331.065,1142.774,1684.835,1128.898,1009.537,855.9119,1529.612,3125.247,1008.466,826.739,954.0648,729.1773,979.9225,823.9183,654.7472,2302.517,1171.828,1364.473,1357.465,1143.327,1686.787,1129.146,1011.739,859.5742,1531.507,3130.157,1008.977,826.4184,957.0046,728.9756,983.3238,825.9564,655.9769,2312.345,1179.456,1366.061
"2025-11-11 22:30:00",1981,"NAN",11.86,1335.194,1146.247,1686.899,1131.967,1010.913,858.6995,1533.759,3102.123,1011.721,829.6392,958.2539,733.5458,984.0775,829.3973,660.923,2283.095,1174.605,1369.817,1358.07,1143.857,1687.808,1130.335,1010.635,859.9886,1532.482,3135.568,1009.902,827.7605,959.2772,731.2123,984.7053,827.7346,660.5667,2295.402,1179.864,1368.485
"2025-11-11 22:45:00",1982,"NAN",11.86,1335.237,1146.539,1687.179,1131.879,1009.094,858.1866,1535.171,3113.314,1011.266,830.7679,958.914,734.3712,984.2084,830.4065,645.8904,2274.267,1173.567,1371.107,1359.192,1145.449,1689.135,1131.16,1009.756,860.4152,1534.704,3117.436,1010.282,829.3469,960.9537,733.0098,985.7432,830.0496,645.6937,2285.867,1179.792,1371.031
"2025-11-11 23:00:00",1983,"NAN",11.84,1334.513,1146.895,1686.743,1130.038,1006.246,856.9035,1535.649,3114.998,1010.569,829.369,960.1337,735.3411,983.3713,831.3828,675.7396,2275.14,1171.964,1371.282,1360.55,1146.53,1689.095,1131.477,1008.523,860.6354,1537.46,3109.086,1010.726,829.8224,963.4806,735.1948,986.5535,832.3892,677.5099,2285.434,1179.594,1371.968
"2025-11-11 23:15:00",1984,"NAN",11.87,1335.273,1147.902,1687.885,1131.308,1005.724,857.4136,1536.258,3102.479,1010.409,832.91,961.6133,735.7335,983.5692,832.9318,663.9448,2263.142,1171.619,1373.102,1360.762,1147.949,1690.555,1132.13,1008.048,861.1826,1536.548,3107.1,1011.965,832.8477,963.5219,736.014,987.6534,833.9807,665.5158,2273.93,1179.394,1374.459
"2025-11-11 23:30:00",1985,"NAN",11.86,1336.677,1149.765,1689.386,1132.158,1005.577,856.9929,1536.959,3118.41,1010.955,833.5855,963.4048,738.4158,984.0779,834.1586,668.5132,2253.505,1172.406,1375.563,1363.201,1149.533,1691.367,1132.747,1007.697,860.5865,1536.966,3118.207,1012.289,834.0494,965.5063,737.5867,987.823,836.0823,669.9688,2261.558,1179.664,1376.703
"2025-11-11 23:45:00",1986,"NAN",11.87,1337.077,1150.458,1689.161,1131.901,1004.453,857.0041,1529.76,3099.286,1011.586,834.6002,963.3519,738.5137,984.0487,836.0135,669.1503,2244.205,1172.302,1376.775,1361.832,1149.188,1689.904,1131.587,1005.26,859.2032,1529.892,3113.536,1010.703,833.2377,964.3723,737.1735,986.5315,835.8753,669.3984,2252.215,1178.446,1376.133
"2025-11-12 00:00:00",1987,"NAN",11.86,1337.867,1150.966,1690.032,1133.781,1004.633,858.2059,1530.773,3103.172,1008.59,834.0988,963.7736,738.0143,981.6844,835.6689,674.2499,2231.172,1171.325,1378.052,1357.998,1145.143,1687.295,1128.504,1000.507,855.4243,1525.427,3130.087,1003.565,828.8273,959.8175,730.9612,979.2469,831.174,669.7418,2238.737,1172.843,1374.113
"2025-11-12 00:15:00",1988,"NAN",11.84,1338.161,1151.702,1691.048,1134.604,1004.501,858.9659,1531.813,3095.077,1009.079,835.9031,963.847,737.6758,981.52,836.9955,674.7069,2217.735,1170.687,1378.938,1357.651,1145.25,1688.586,1129.302,1000.331,856.2683,1527.018,3134.193,1004.063,829.5433,959.5434,731.3987,979.4979,831.5477,669.894,2224.347,1172.147,1374.579
"2025-11-12 00:30:00",1989,"NAN",11.87,1338.763,1152.662,1692.738,1135.795,1004.707,859.7632,1535.877,3093.993,1010.083,836.9075,962.5455,738.9582,983.5986,838.7792,678.96,2207.779,1172.803,1381.765,1358.526,1146.153,1690.257,1130.642,1000.419,857.064,1530.291,3123.293,1005.17,830.7618,958.8914,732.6962,981.2648,833.6243,674.2148,2215.331,1174.105,1377.028
"2025-11-12 00:45:00",1990,"NAN",11.87,1339.602,1154.306,1695.349,1136.345,1004.745,860.3491,1538.812,3089.086,1010.687,837.462,965.0699,739.5909,984.361,840.2267,681.0536,2200.524,1174.363,1384.147,1359.69,1148.14,1692.633,1131.458,1000.689,857.7496,1534.811,3117.975,1004.622,831.256,962.2386,733.5759,981.3746,834.9288,676.7935,2208.614,1175.925,1379.6
"2025-11-12 01:00:00",1991,"NAN",11.85,1339.938,1154.564,1696.74,1137.054,1004.957,860.7472,1541.746,3093.062,1011.718,838.1554,966.0106,740.0648,985.9767,841.5186,684.6142,2198.118,1175.916,1386.438,1359.93,1148.837,1693.734,1131.529,1000.667,858.013,1537.516,3134.66,1006.183,831.6102,962.7503,734.1005,982.7044,836.0468,680.434,2205.243,1177.533,1381.28
"2025-11-12 01:15:00",1992,"NAN",11.86,1341.285,1156.126,1697.974,1136.915,1004.965,861.0612,1544.867,3100.67,1012.145,838.8049,966.4287,740.2324,986.2853,842.8966,677.446,2192.483,1177.012,1387.469,1360.924,1149.521,1695.444,1132.033,1000.85,858.4397,1539.83,3131.834,1006.763,832.3354,963.219,734.2478,983.5121,837.6196,672.8126,2199.595,1178.051,1382.668
"2025-11-12 01:30:00",1993,"NAN",11.84,1341.852,1157.118,1699.822,1136.122,1004.77,861.4252,1546.336,3097.628,1012.112,840.5905,966.6413,740.5131,985.9927,843.0529,677.5578,2186.28,1178.208,1388.98,1362.598,1150.951,1696.993,1131.252,1000.824,859.0703,1541.133,3101.719,1007.429,834.9511,963.1498,733.7899,983.8041,838.6713,673.0994,2192.531,1179.898,1384.382
"2025-11-12 01:45:00",1994,"NAN",11.86,1338.614,1154.89,1699.27,1132.316,1001.791,858.2404,1544.829,3113.594,1010.447,837.3898,964.4301,738.2967,984.0057,840.8752,670.0331,2178.651,1176.316,1387.888,1362.726,1152.619,1698.415,1130.224,1001.263,859.5356,1543.295,3116.655,1008.444,834.0403,964.2856,735.6906,985.0609,839.4616,669.1278,2184.287,1181.274,1386.354
"2025-11-12 02:00:00",1995,"NAN",11.87,1337.732,1153.821,1698.67,1130.609,999.7668,856.7277,1544.403,3125.315,1008.068,834.2979,961.7524,736.2239,981.9752,839.4863,647.8313,2165.525,1175.547,1386.577,1363.193,1152.989,1699.851,1130.82,1001.351,860.1024,1545.477,3123.397,1008.065,834.2338,963.9703,735.4583,985.2903,840.33,648.8256,2172.962,1182.692,1386.752
"2025-11-12 02:15:00",1996,"NAN",11.87,1338.073,1153.998,1699.003,1130.725,999.1604,856.8488,1544.094,3112.22,1007.207,833.3627,960.7518,735.8743,981.7372,839.4029,640.7625,2153.218,1176.207,1387.494,1364.68,1154.063,1700.887,1131.998,1001.626,860.9185,1545.318,3103.818,1008.259,834.0254,963.5258,735.847,985.597,840.8302,642.325,2161.01,1183.836,1388.959
"2025-11-12 02:30:00",1997,"NAN",11.83,1338.451,1154.367,1699.688,1131.61,998.5869,857.1838,1545.038,3097.131,1006.303,833.0624,958.8608,735.8099,981.6126,839.7775,639.4234,2118.139,1177.037,1388.836,1365.604,1154.996,1702.485,1133.761,1001.843,862.0964,1546.168,3079.536,1009.043,834.0909,961.8163,736.5743,986.8598,842.4908,641.5131,2126.364,1185.573,1391.104
"2025-11-12 02:45:00",1998,"NAN",11.86,1337.768,1154.587,1700.202,1131.828,997.7641,857.5465,1544.596,3090.029,1006.255,832.9329,957.188,736.2728,981.3896,840.0157,630.1479,2105.973,1177.755,1389.72,1366.218,1156.912,1703.947,1135.627,1002.324,863.9047,1548.339,3072.729,1008.625,835.7848,963.006,738.2191,987.0765,843.8375,633.4382,2114.25,1187.318,1392.691
"2025-11-12 03:00:00",1999,"NAN",11.86,1338.833,1156.144,1702.175,1132.907,997.7342,858.5918,1546.563,3078.871,1006.362,834.8506,932.3371,736.8287,981.1515,840.9825,632.9043,2079.962,1179.268,1392.05,1368.753,1159.354,1706.291,1137.543,1003.303,865.7296,1550.079,3051.404,1010.73,838.5096,938.4336,739.7032,988.2841,846.2379,637.2565,2089.208,1189.834,1396.246
"2025-11-12 03:15:00",2000,"NAN",11.87,1340.312,1155.938,1703.216,1133.837,997.902,859.1143,1547.596,3065.214,1007.078,835.2195,912.4325,737.5304,982.3244,842.1279,634.2657,2056.804,1180.563,1394.032,1369.99,1160.661,1709.299,1139.11,1004.382,867.2793,1552.245,3036.896,1011.78,840.0496,920.024,741.8409,989.7897,847.4957,640.1105,2068.507,1192.081,1399.269
"2025-11-12 03:30:00",2001,"NAN",11.86,1339.276,1155.842,1701.596,1131.923,997.2338,858.6026,1545.984,3045.154,1006.747,835.8516,916.5595,737.1022,981.657,842.1822,634.3711,2066.043,1179.534,1392.653,1371.132,1161.483,1707.568,1138.466,1004.928,868.0649,1552.235,3020.971,1012.644,841.0171,925.136,742.7467,990.655,849.1907,641.1542,2077.17,1192.383,1399.361
"2025-11-12 03:45:00",2002,"NAN",11.86,1338.447,1155.141,1701.017,1131.023,996.4468,858.2353,1544.822,3035.443,1005.872,835.4255,914.1029,736.9665,981.0664,842.0889,622.0201,2053.45,1177.736,1391.68,1507.497,1303.585,1827.082,1280.909,1150.078,1015.355,1680.918,2712.156,1154.026,987.4327,1070.089,890.1907,1135.913,995.8452,778.2709,2148.404,1332.884,1533.683
"2025-11-12 04:00:00",2003,"NAN",11.86,1341.052,1156.737,1702.123,1132.399,996.9907,859.1329,1546.698,3042.144,1005.712,834.9215,915.6308,737.6857,981.7659,843.3654,623.2523,2031.959,1178.101,1394.277,1509.156,1304.495,1827.393,1282.534,1150.306,1015.876,1680.797,2700.61,1154.334,986.3104,1070.925,890.6011,1137.207,997.3911,779.1079,2130.739,1333.249,1536.077
"2025-11-12 04:15:00",2004,"NAN",11.85,1340.867,1157.487,1703.688,1133.088,997.0161,860.0591,1544.496,3026.09,1005.367,835.9777,917.598,737.4324,981.3808,844.418,622.8505,2038.006,1177.925,1395.649,1509.214,1306.582,1829.723,1283.553,1150.945,1017.356,1679.568,2676.503,1154.998,987.6893,1073.466,891.2404,1136.709,998.8583,779.6573,2136.378,1332.906,1538.127
"2025-11-12 04:30:00",2005,"NAN",11.86,1342.322,1159.499,1705.977,1134.917,997.6197,861.5438,1546.672,3023.821,1006.549,835.1969,919.5745,738.2601,982.2148,846.234,621.6675,2033.537,1179.399,1398.515,1510.965,1307.795,1831.951,1286.076,1152.172,1019.199,1682.355,2719.257,1156.076,987.1695,1075.384,892.5028,1138.861,1000.739,778.1768,2133.48,1335.311,1541.222
"2025-11-12 04:45:00",2006,"NAN",11.86,1341.871,1159.095,1705.603,1134.493,997.4114,861.8386,1546.237,3016.975,1005.388,835.5861,921.1032,738.8055,982.0087,846.163,620.9555,2024.072,1178.489,1397.2,1511.492,1309.154,1832.356,1285.993,1152.323,1020.041,1681.962,2685.782,1156.031,988.5698,1077.568,893.6985,1138.471,1001.49,778.472,2125.045,1334.865,1540.694
"2025-11-12 05:00:00",2007,"NAN",11.86,1342.266,1158.784,1706.865,1134.759,997.4945,862.466,1547.11,3018.215,1005.67,836.3235,922.1542,740.2424,982.4816,846.6462,620.0496,2021.61,1179.809,1398.55,1512.505,1309.269,1833.486,1286.761,1152.968,1021.15,1684.613,2672.427,1155.752,990.0714,1079.846,895.1123,1138.838,1002.659,778.517,2122.332,1336.529,1541.965
"2025-11-12 05:15:00",2008,"NAN",11.85,1342.788,1160.118,1708.13,1135.27,998.1085,863.5287,1546.973,3014.999,1006.143,835.45,922.7929,740.8936,982.5771,847.7802,619.6814,1990.674,1180.543,1400.099,1514.248,1311.471,1834.657,1286.932,1153.668,1022.703,1684.705,2650.097,1156.602,989.9343,1080.952,896.0972,1139.662,1004.06,778.3016,2096.041,1337.654,1543.87
"2025-11-12 05:30:00",2009,"NAN",11.87,1344.511,1163.725,1713.349,1138.291,999.9523,866.2241,1551.094,3018.055,1009.14,838.0186,924.3049,742.5246,985.3056,850.8336,620.973,2008.686,1184.3,1406.229,1515.246,1314.434,1839.912,1290.027,1155.688,1025.36,1688.587,2665.274,1158.99,992.0792,1082.131,897.6342,1142.774,1007.105,779.3252,2111.331,1341.442,1550.351
"2025-11-12 05:45:00",2010,"NAN",11.87,1346.386,1164.436,1714.508,1139.012,1000.751,867.5946,1553.393,3016.001,1008.563,839.0248,926.2909,743.582,985.8622,851.9539,620.4036,2011.701,1186.256,1407.383,1517.147,1315.325,1841.037,1291.344,1156.879,1026.973,1689.631,2596.414,1160.228,994.123,1083.578,898.8625,1143.901,1009.067,778.4892,2115.575,1343.464,1551.961
"2025-11-12 06:00:00",2011,"NAN",11.86,1347.798,1165.582,1715.962,1138.6,1001.358,868.1938,1551.686,3016.459,1010.127,838.6871,926.5065,743.3931,987.4401,853.6689,621.7939,2016.623,1188.098,1408.714,1519.11,1316.668,1843.084,1291.001,1157.641,1027.773,1689.326,2698.763,1161.554,993.7722,1084.769,899.0131,1145.173,1010.493,780.8378,2119.637,1345.577,1553.201
"2025-11-12 06:15:00",2012,"NAN",11.86,1349.871,1166.841,1717.591,1139.544,1002.274,868.8815,1553.282,3018.926,1010.338,840.0967,926.6793,743.9526,988.4819,854.8993,619.8718,2023.357,1188.828,1409.543,1520.459,1317.574,1844.483,1292.937,1159.114,1028.51,1690.273,2590.804,1161.778,994.6604,1084.942,900.3254,1146.438,1011.47,778.6842,2126.431,1346.189,1553.589
"2025-11-12 06:30:00",2013,"NAN",11.86,1351.42,1168.227,1718.841,1139.55,1002.966,868.7643,1555.346,3021.761,1011.713,840.1906,927.6701,744.2653,989.7759,856.3711,616.2537,2032.924,1190.255,1410.959,1522.481,1319.075,1846.215,1292.72,1159.753,1028.891,1692.948,2625.26,1163.509,995.9041,1086.494,900.1992,1147.833,1013.797,775.9514,2134.527,1348.157,1555.784
"2025-11-12 06:45:00",2014,"NAN",11.86,1350.47,1167.509,1719.524,1138.299,1002.58,867.116,1553.556,3037.732,1011.954,841.1127,928.91,743.9585,989.6998,856.3643,615.3986,2044.444,1190.558,1409.31,1522.768,1319.569,1847.081,1291.93,1159.723,1027.813,1690.685,2652.245,1164.521,996.473,1088.364,900.7569,1148.251,1013.731,775.1143,2143.209,1349.56,1554.112
"2025-11-12 07:00:00",2015,"NAN",11.87,1351.657,1169.029,1721.644,1138.452,1004.155,866.5399,1554.443,3052.257,1014.998,840.6931,930.8084,746.1115,992.375,858.7164,620.5536,2057.116,1194.153,1410.737,1523.931,1320.788,1849.211,1292.432,1161.808,1027.154,1693.493,2702.796,1167.025,997.6094,1090.81,902.8627,1150.659,1016.248,780.7751,2154.695,1352.57,1555.872
"2025-11-12 07:15:00",2016,"NAN",11.84,1356.42,1172.868,1728.313,1142.413,1006.989,865.7969,1554.385,3094.764,1017.994,842.8405,933.4695,746.719,994.7681,861.0143,623.0832,2082.167,1199.032,1415.002,1528.905,1325.823,1856.201,1296.052,1165.105,1027.021,1692.577,2775.585,1171.961,998.9716,1093.135,904.5292,1153.882,1018.738,783.7081,2176.111,1358.338,1560.159
"2025-11-12 07:30:00",2017,"NAN",11.86,1357.474,1173.402,1732.894,1145.009,1010.23,863.9165,1554.451,3178.113,1019.401,842.7477,934.8797,747.8529,995.4012,860.2921,624.1442,2162.269,1202.887,1414.374,1531.448,1325.466,1859.108,1299.282,1168.292,1025.923,1694.312,2868.408,1172.469,998.7603,1095.311,905.5642,1155.24,1019.479,784.9744,2243.462,1361.622,1560.153
"2025-11-12 07:45:00",2018,"NAN",11.87,1360.663,1174.28,1736.255,1145.774,1013.227,861.1604,1553.591,3269.461,1020.692,843.3264,936.0587,746.6669,995.3034,860.2795,623.5786,2265.02,1205.207,1411.215,1533.57,1327.068,1863.427,1300.079,1171.767,1023.282,1692.492,2948.929,1173.807,999.8625,1097.148,904.666,1155.361,1018.801,784.7252,2326.892,1364.595,1556.843
"2025-11-12 08:00:00",2019,"NAN",11.86,1363.905,1174.728,1739.707,1146.235,1016.237,857.8989,1553.152,3354.133,1022.055,843.7244,936.5597,745.4484,994.934,859.5915,622.7287,2372.718,1207.258,1407.144,1537.107,1326.632,1865.949,1300.946,1174.946,1020.492,1692.073,3035.714,1176.128,999.7874,1096.906,904.4382,1155.129,1018.332,783.9446,2404.74,1366.428,1553.901
"2025-11-12 08:15:00",2020,"NAN",11.87,1365.331,1173.377,1741.757,1145.679,1018.959,854.2281,1555.448,3398.821,1023.589,842.4045,936.5927,745.2614,994.3955,858.3041,620.0013,2489.825,1208.078,1401.929,1538.602,1326.4,1867.571,1300.311,1176.787,1016.054,1694.042,3059.406,1175.802,999.4142,1096.643,903.0566,1154.404,1017.01,781.1783,2473.838,1366.485,1548.384
"2025-11-12 08:30:00",2021,"NAN",11.86,1367.197,1173.078,1745.804,1145.709,1021.964,851.8676,1556.12,3469.884,1023.386,842.8368,938.5413,744.4866,994.9395,857.7652,612.6983,2579.271,1210.058,1399.049,1541.634,1325.563,1871.184,1300.8,1179.945,1013.762,1694.494,3102.086,1177.881,998.8847,1098.382,902.3101,1155.167,1017.015,773.166,2397.033,1368.046,1545.507
"2025-11-12 08:45:00",2022,"NAN",11.87,1371.612,1175.168,1752.296,1149.723,1027.692,852.0007,1557.947,3508.005,1025.601,842.5113,940.2242,746.0563,997.5291,857.4588,613.7905,2685.895,1213.25,1394.96,1545.311,1328.662,1876.896,1303.992,1185.129,1013.872,1694.7,3140.233,1179.899,999.7699,1100.592,903.4021,1156.929,1016.74,775.3774,2317.753,1370.5,1540.99
"2025-11-12 09:00:00",2023,"NAN",11.87,1377.84,1182.899,1762.878,1157.138,1036.702,855.2934,1563.157,3534.695,1028.683,843.8655,944.5143,747.1205,1000.727,860.3848,614.9049,2798.302,1217.614,1390.191,1551.587,1333.65,1885.695,1310.801,1194.344,1017.056,1701.5,3150.548,1181.966,999.686,1104.124,905.2622,1161.292,1019.039,775.2411,2407.942,1373.681,1536.709
"2025-11-12 09:15:00",2024,"NAN",11.85,1381.81,1186.362,1770.038,1163.29,1047.741,862.092,1564.654,3547.058,1027.813,840.7568,946.1567,749.5102,1002.303,861.3143,613.563,2902.974,1217.521,1376.192,1556.224,1338.747,1894.991,1318.476,1206.484,1024.669,1700.541,3148.986,1183.236,998.5739,1107.596,908.2913,1164.123,1020.984,775.5694,2475.522,1374.962,1524.132
"2025-11-12 09:30:00",2025,"NAN",11.87,1386.94,1191.607,1782.648,1174.941,1061.753,870.8983,1569.796,3556.806,1031.107,839.5712,949.041,753.7549,1006.262,864.165,616.5442,3002.97,1221.197,1365.888,1561.121,1344.82,1905.382,1329.543,1219.114,1033.026,1707.581,3153.456,1185.511,997.4396,1111.065,912.4622,1166.015,1023.952,779.1443,2621.009,1379.075,1514.566
"2025-11-12 09:45:00",2026,"NAN",11.86,1398.308,1210.011,1795.832,1193.361,1087.893,896.9148,1577.938,3568.721,1033.667,838.9357,960.9692,765.621,1016.494,873.9187,621.4366,3071.832,1221.071,1349.753,1572.79,1361.363,1916.646,1347.779,1244.507,1057.824,1713.78,3161.611,1188.804,997.3209,1121.791,923.981,1177.058,1033.208,784.248,2680.474,1378.971,1499.287
"2025-11-12 10:00:00",2027,"NAN",11.87,1393.162,1203.472,1802.409,1194.133,1091.003,886.1384,1570.645,3576.692,1030.568,833.9976,952.0402,763.266,1010.39,868.5916,619.6008,3117.293,1216.589,1330.016,1566.589,1354.508,1921.778,1345.291,1247.335,1046.472,1707.208,3170.049,1184.773,990.2572,1111.495,920.9174,1170.686,1026.833,780.449,2735.316,1373.721,1479.026
"2025-11-12 10:15:00",2028,"NAN",11.86,1407.104,1219.971,1821.496,1214.477,1121.469,917.3433,1580.082,3574.063,1035.701,833.1663,969.3668,777.4908,1023.688,878.5015,625.1298,3139.684,1219.967,1323.294,1540.572,1327.81,1905.154,1324.215,1234.671,1032.902,1679.216,3230.041,1142.573,947.1,1085.535,890.7859,1139.773,993.6503,743.0477,2840.642,1332.015,1431.727
"2025-11-12 10:30:00",2029,"NAN",11.85,1429.702,1246.777,1851.793,1252.516,1168.238,966.4466,1591.293,3578.372,1038.644,835.0714,999.5802,796.3409,1047.145,902.5049,622.0103,3196.064,1222.559,1315.202,1559.063,1350.602,1930.439,1357.215,1275.825,1077.44,1685.689,3243.245,1143.535,944.3875,1111.653,905.7956,1159.245,1013.454,736.0594,2913.117,1332.38,1420.823
"2025-11-12 10:45:00",2030,"NAN",11.86,1454.841,1274.978,1877.768,1291.918,1207.985,1006.283,1602.106,3574.155,1042.479,833.9147,1030.336,821.3298,1074.384,925.7396,528.7269,3218.52,1224.883,1305.511,1580.369,1376.276,1953.05,1393.068,1311.716,1113.082,1693.134,3252.46,1144.694,940.9429,1138.795,928.0771,1182.125,1032.171,636.8627,2927.088,1331.725,1409.354
"2025-11-12 11:00:00",2031,"NAN",11.85,1483.848,1309.187,1905.304,1336.817,1246.568,1048.385,1619.399,3565.916,1048.65,836.6695,1078.723,848.3538,1105.837,960.6292,557.2082,3242.514,1229.149,1299.539,1609.543,1408.234,1977.12,1435.826,1348.651,1153.867,1709.146,3227.771,1150.213,944.2184,1184.732,953.6265,1212.596,1067.152,664.9369,2972.714,1335.641,1403.37
"2025-11-12 11:15:00",2032,"NAN",11.85,1525.602,1337.88,1940.245,1399.031,1285.925,1100.128,1639.377,3551.806,1058.059,844.8959,1124.719,878.0828,1149.465,1002.664,591.2651,3267.146,1237.622,1298.256,1647.185,1435.454,2008.759,1493.528,1385.35,1202.962,1726.503,3219.862,1158.645,950.3818,1227.639,981.3329,1254.27,1106.068,698.8375,2987.075,1342.911,1400.325
"2025-11-12 11:30:00",2033,"NAN",11.86,1482.569,1286.382,1906.548,1336.238,1226.883,1008.353,1612.875,3590.122,1042.388,822.8569,1070.803,831.6819,1091.437,942.9781,602.6902,3300.218,1223.808,1274.324,1607.011,1385.41,1977.905,1433.989,1328.805,1114.297,1703.964,3254.2,1142.099,928.5757,1177.382,936.28,1197.739,1049.288,712.2701,3012.579,1329.983,1377.526
"2025-11-12 11:45:00",2034,"NAN",11.86,1468.21,1262.835,1889.003,1309.045,1205.812,983.2474,1599.066,3565.972,1042.871,820.0382,1041.18,813.4096,1065.293,910.3854,615.1568,3263.33,1222.094,1274.925,1592.957,1362.762,1961.172,1407.257,1307.971,1090.116,1689.976,3252.3,1142.547,925.2455,1148.628,919.0919,1172.682,1017.299,724.6245,2977.107,1328.224,1378.214
"2025-11-12 12:00:00",2035,"NAN",11.87,1447.808,1238.857,1871.731,1282.383,1181.51,956.46,1583.738,3556.547,1036.078,813.7537,1013.431,798.1959,1039.952,883.3081,615.8889,3266.576,1217.064,1272.612,1573.251,1339.698,1945.45,1381.149,1284.574,1063.63,1676.466,3261.085,1136.08,919.2422,1121.273,903.3155,1147.847,990.4921,725.2996,2974.25,1322.602,1375.71
"2025-11-12 12:15:00",2036,"NAN",11.86,1427.685,1213.049,1848.763,1251.489,1160.226,924.2722,1565.749,3553.498,1025.959,808.5086,985.9425,780.9408,1019.936,859.0143,616.0583,3251.585,1210.009,1269.553,1552.354,1313.748,1925.47,1352.055,1264.104,1032.615,1659.15,3227.135,1127.338,914.1802,1093.629,887.5938,1129.726,966.5165,725.6757,2949.233,1316.163,1373.273
"2025-11-12 12:30:00",2037,"NAN",11.85,1411.908,1194.889,1832.496,1227.112,1145.661,901.1353,1557.97,3537.125,1021.302,804.5327,966.8773,768.9933,1008.397,843.189,606.6552,3211.766,1207.14,1272.958,1537.111,1297.293,1910.226,1328.085,1250.231,1009.776,1650.654,3219.645,1122.409,910.3725,1075.577,875.3364,1117.506,950.9289,716.4309,2935.72,1313.042,1376.908
"2025-11-12 12:45:00",2038,"NAN",11.86,1407.663,1191.195,1827.746,1216.498,1139.886,892.4326,1563.368,3523.51,1024.601,808.0849,960.0212,763.6691,1007.29,840.3381,617.1509,3209.54,1209.35,1281.578,1534.603,1293.112,1905.462,1319.142,1245.555,1001.608,1656.716,3231.464,1125.754,915.1906,1068.497,870.3156,1117.353,948.7195,727.0347,2905.546,1315.244,1385.191
"2025-11-12 13:00:00",2039,"NAN",11.86,1439.712,1240.653,1870.648,1272.477,1200.575,999.5766,1587.399,3539.032,1036.773,819.4057,1002.108,794.4623,1053.009,883.4139,628.0856,3212.994,1219.013,1294.238,1565.321,1341.49,1944.902,1371.866,1302.55,1105.859,1678.054,3236.103,1136.262,924.8427,1110.203,899.8417,1159.756,989.7927,737.8666,2933.316,1324.431,1395.732
"2025-11-12 13:15:00",2040,"NAN",11.84,1444.095,1246.292,1881.431,1290.668,1209.808,1013.714,1585.024,3569.838,1030.86,812.9839,1010.493,805.7032,1053.715,892.6949,626.5307,3264.84,1212.092,1283.589,1566.718,1345.976,1954.084,1388.22,1310.726,1117.811,1675.005,3258.082,1129.524,917.1639,1116.815,910.0205,1159.745,997.3871,735.4456,2977.684,1316.141,1384.649
"2025-11-12 13:30:00",2041,"NAN",11.87,1415.192,1215.289,1847.124,1246.855,1175.318,957.5684,1564.267,3558.741,1020.474,804.2528,976.7658,782.6592,1021.171,856.4798,624.4235,3229.735,1203.028,1273.706,1539.814,1315.104,1922.109,1346.618,1277.195,1063.691,1656.306,3261.3,1120.246,908.9484,1083.282,887.2235,1129.512,963.3691,733.0385,2955.715,1307.177,1375.559
"2025-11-12 13:45:00",2042,"NAN",11.86,1395.194,1190.607,1821.134,1212.185,1152.062,921.046,1548.955,3538.421,1012.441,798.6163,952.8497,765.9263,1005.318,835.6553,622.701,3176.241,1194.726,1269.568,1519.751,1291.755,1899.224,1312.856,1255.165,1028.605,1643.096,3226.434,1111.498,903.139,1061.875,871.7038,1113.314,942.6693,732.2595,2897.444,1300.313,1371.981
"2025-11-12 14:00:00",2043,"NAN",11.86,1380.634,1175.808,1799.017,1183.799,1131.739,892.8531,1540.63,3533.906,1007.466,797.5759,941.2288,755.7599,984.4496,814.9161,626.7617,3138.347,1188.903,1271.024,1506.198,1277.249,1879.563,1286.028,1235.878,1001.337,1633.535,3215.356,1107.471,903.9356,1049.588,860.5717,1093.786,922.7082,735.7853,2823.025,1293.685,1373.767
"2025-11-12 14:15:00",2044,"NAN",11.86,1371.844,1167.768,1792.209,1171.654,1123.805,878.6155,1550.442,3531.127,1014.555,806.3839,942.6557,755.5138,986.3934,816.4785,631.1062,3165.618,1189.544,1279.613,1498.158,1270.344,1872.089,1273.948,1227.614,987.2906,1644.435,3228.431,1113.878,912.0081,1051.761,860.8124,1094.115,924.0179,741.012,2853.093,1294.186,1382.074
"2025-11-12 14:30:00",2045,"NAN",11.87,1375.793,1170.517,1793.011,1169.552,1123.472,873.1047,1555.151,3527.537,1019.182,812.5029,944.2621,752.5845,988.246,818.4593,633.2391,3235.967,1199.416,1291.667,1499.368,1270.107,1872.026,1269.776,1225.77,979.9179,1645.048,3215.571,1117.577,915.6082,1050.009,856.5352,1095.525,923.3381,740.3326,2922.996,1302.055,1392.02
"2025-11-12 14:45:00",2046,"NAN",11.87,1370.961,1167.456,1789.113,1164.236,1117.544,868.0779,1552.245,3540.828,1016.601,810.7593,940.8787,746.7811,986.553,816.4655,631.249,3309.401,1200.452,1290.997,1493.787,1266.232,1867.799,1264.171,1219.467,973.8348,1642.629,3230.414,1113.134,912.3558,1046.806,849.6907,1093.044,920.1637,737.034,3025.855,1302.956,1389.812
"2025-11-12 15:00:00",2047,"NAN",11.87,1376.141,1168.07,1798.226,1171.766,1124.557,884.36,1558.042,3534.869,1021.013,813.5153,947.6401,749.281,995.5848,823.292,634.9933,3311.977,1209.013,1298.068,1499.017,1267.651,1874.798,1270.307,1225.122,989.5867,1648.162,3223.326,1116.272,915.3789,1053.017,851.8139,1100.012,926.1832,741.2123,3030.416,1310.565,1395.859
"2025-11-12 15:15:00",2048,"NAN",11.86,1386.323,1189.997,1827.688,1200.922,1157.138,944.206,1561.529,3535.567,1022.166,814.45,963.7862,762.4665,1014.815,842.6464,636.7165,3358.846,1214.746,1297.665,1509.842,1288.918,1901.587,1299.209,1257.036,1048.109,1651.3,3233.44,1117.944,916.6409,1069.46,864.4354,1118.755,946.5456,743.194,3076.889,1316.042,1395.249
"2025-11-12 15:30:00",2049,"NAN",11.86,1396.391,1204.625,1842.357,1230.337,1176.208,969.5941,1566.142,3552.246,1024.845,811.5858,961.7679,763.3367,1026.041,853.5371,637.4723,3419.778,1218.924,1297.459,1520.524,1302.7,1914.709,1327.954,1275.698,1072.817,1655.546,3236.528,1120.105,913.5807,1067.05,864.8731,1129.935,957.2137,743.6765,3129.956,1319.884,1396.095
"2025-11-12 15:45:00",2050,"NAN",11.84,1395.484,1206.074,1849.208,1236.91,1171.271,977.6158,1565.275,3560.646,1025.95,811.8022,963.2203,768.4329,1030.046,854.2006,636.9388,3456.26,1219.092,1294.533,1519.547,1304.381,1921.645,1333.254,1271.204,1080.715,1654.995,3266.276,1121.44,913.4074,1070.199,870.4452,1133.886,957.7945,743.5927,3157.719,1320.304,1392.441
"2025-11-12 16:00:00",2051,"NAN",11.85,1391.531,1203.428,1844.843,1231.733,1167.339,972.3043,1561.884,3561.744,1024.443,808.0054,962.8228,768.6375,1025.478,846.8203,637.7463,3465.83,1216.743,1290.601,1515.067,1300.246,1917.104,1327.253,1265.969,1074.661,1651.608,3265.939,1118.397,908.701,1067.169,869.1436,1128.177,949.4645,743.1906,3169.287,1317.001,1387.838
"2025-11-12 16:15:00",2052,"NAN",11.87,1370.01,1180.027,1816.055,1195.927,1140.2,929.3964,1548.467,3569.594,1012.489,787.907,950.4058,759.142,998.7475,818.6907,630.4793,3473.532,1201.933,1274.955,1497.555,1282.556,1894.704,1297.305,1244.762,1037.323,1643.064,3246.385,1111.247,893.9014,1059.805,865.1821,1107.03,925.9952,741.5045,3174.103,1307.278,1377.49
"2025-11-12 16:30:00",2053,"NAN",11.84,1390.512,1199.229,1818.428,1201.132,1157.967,933.3719,1574.613,3401.096,1039.958,822.0566,973.971,780.9208,1020.967,841.8972,665.6859,3273.158,1229.897,1305.411,1486.047,1266.143,1873.307,1269.3,1227.646,1006.196,1637.836,3241.211,1104.602,891.6563,1045.983,850.8444,1094.507,913.8641,738.7003,3135.126,1300.447,1373.977
"2025-11-12 16:45:00",2054,"NAN",11.86,1380.777,1187.88,1801.502,1180.24,1145.178,909.3718,1571.093,3393.089,1035.29,822.056,966.6768,772.4153,1014.154,836.9594,663.9935,3230.492,1225.654,1305.972,1475.102,1254.716,1857.601,1248.308,1214.534,982.2299,1632.848,3227.182,1099.8,892.1573,1038.557,841.4382,1086.841,908.1616,736.287,3099.531,1295.774,1373.439
"2025-11-12 17:00:00",2055,"NAN",11.83,1374.308,1179.444,1787.786,1163.863,1134.159,892.817,1568.656,3390.577,1031.812,759.1438,962.186,765.5699,1010.141,835.5514,663.4066,3200.882,1222.923,1308.845,1469.203,1246.986,1844.739,1231.841,1204.307,965.855,1630.307,3231,1097.029,829.0053,1034.332,834.199,1084.203,907.3594,736.0984,3060.234,1293.679,1377.096
"2025-11-12 17:15:00",2056,"NAN",11.87,1369.225,1172.763,1776.685,1151.024,1124.857,881.7436,1565.974,3372.534,1030.211,821.7038,958.099,761.4722,1019.569,848.4629,662.3549,3160.199,1221.48,1312.379,1462.083,1239.24,1830.991,1216.64,1192.766,952.9908,1627.878,3243.753,1092.036,889.2374,1029.523,829.0634,1089.448,917.9949,733.491,3030.403,1290.221,1378.515
"2025-11-12 17:30:00",2057,"NAN",11.85,1366.507,1168.286,1766.356,1140.666,1116.401,875.8477,1563.347,3374.907,1028.704,827.3383,955.5278,758.8422,1007.731,836.6476,662.408,3130.933,1220.522,1316.393,1459.883,1236.034,1822.69,1207.645,1186.094,948.3386,1627.351,3237.082,1091.431,896.1021,1028.217,828.1483,1079.441,907.0442,734.8308,2983.874,1290.263,1383.733
"2025-11-12 17:45:00",2058,"NAN",11.86,1364.51,1165.035,1757.563,1131.756,1109.521,873.3687,1565.803,3372.972,1026.729,829.756,957.2211,758.0062,1007.491,838.6562,662.4719,3100.856,1221.026,1321.372,1456.703,1231.105,1815.261,1199.351,1178.652,945.2079,1626.895,3221.135,1090.29,898.5121,1028.338,826.3783,1079.472,908.2227,733.5737,2981.442,1289.821,1388.299
"2025-11-12 18:00:00",2059,"NAN",11.85,1362.627,1163.086,1750.806,1124.326,1102.18,871.1757,1566.011,3367.524,1025.439,829.2081,957.2776,756.8177,1005.487,839.9333,662.8676,3066.083,1220.392,1326.07,1454.357,1228.462,1807.056,1190.591,1170.471,942.0225,1626.06,3236.967,1088.048,897.0205,1027.289,823.2623,1076.734,908.9573,732.7549,2953.596,1288.523,1391.729
"2025-11-12 18:15:00",2060,"NAN",11.84,1358.831,1159.267,1741.514,1115.935,1094.67,869.4052,1563.281,3352.836,1023.362,829.7047,956.3472,755.411,1004.948,840.5865,662.4026,3022.157,1218.18,1328.144,1450.738,1224.298,1796.867,1182.124,1162.504,940.1684,1623.728,3225.16,1085.753,896.1801,1025.941,821.943,1075.419,909.8022,732.2625,2888.349,1285.955,1394.108
"2025-11-12 18:30:00",2061,"NAN",11.87,1355.339,1156.07,1735.163,1111.212,1087.541,869.7143,1561.632,3346.384,1021.862,831.4378,954.8898,753.8034,1003.525,842.0099,660.3448,2877.155,1214.569,1331.724,1445.544,1221.879,1791.911,1176.318,1155.324,939.7148,1621.342,3219.466,1084.999,897.8515,1023.769,821.3146,1074.355,909.4624,729.7583,2694.68,1281.596,1396.814
"2025-11-12 18:45:00",2062,"NAN",11.83,1353.221,1153.886,1728.581,1106.021,1081.506,870.6345,1559.959,3328.775,1021.369,833.1545,954.1001,755.231,1003.646,843.1313,659.743,2239.397,1204.66,1334.555,1442.029,1218.892,1785.679,1170.809,1148.604,940.5071,1620.565,3188.048,1081.823,898.2155,1023.429,821.7642,1072.772,909.861,728.7369,2420.722,1277.125,1399.435
"2025-11-12 19:00:00",2063,"NAN",11.86,1353.38,1155.308,1724.802,1102.531,1076.202,872.1509,1560.752,3318.395,1020.035,784.1292,954.9698,755.701,1002.339,844.546,660.6963,2177.247,1203.754,1340.438,1442.127,1218.096,1779.298,1165.896,1141.866,940.4997,1619.38,3175.24,1079.855,848.3577,1022.068,819.5726,1070.08,910.7492,727.8583,2223.443,1273.538,1403.849
"2025-11-12 19:15:00",2064,"NAN",11.87,1351.223,1153.958,1718.096,1098.297,1070.373,872.904,1559.318,3280.108,1018.149,785.4319,953.8804,753.368,1001.885,846.3849,659.9677,2304.72,1203.492,1343.328,1438.635,1216.419,1773.818,1161.519,1135.891,941.6041,1616.689,3139.014,1078.687,847.6927,1020.545,818.6384,1070.598,911.8272,726.8715,2334.529,1273.329,1407.486
"2025-11-12 19:30:00",2065,"NAN",11.86,1350.934,1155.737,1717.117,1097.124,1066.283,875.6209,1561.1,3254.304,1017.291,790.5645,955.7133,754.1792,1001.098,847.6034,661.2645,2258.073,1204.375,1350.545,1438.273,1217.422,1771.719,1159.6,1131.913,943.3076,1618.151,3126.298,1077.866,847.7986,1021.497,818.4464,1069.785,913.0876,727.8621,2293.05,1273.591,1413.831
"2025-11-12 19:45:00",2066,"NAN",11.86,1349.565,1156.269,1712.84,1096.303,1061.871,876.7789,1560.521,3219.982,1017.835,794.5707,954.72,755.5203,1001.176,848.6937,661.9724,2234.719,1204.914,1356.18,1438.711,1219.668,1767.445,1159.521,1128.082,945.485,1620.653,3091.601,1076.301,858.3519,1023.227,819.8289,1069.295,915.7819,729.5328,2273.955,1274.895,1419.84
"2025-11-12 20:00:00",2067,"NAN",11.86,1330.879,1138.387,1695.095,1078.396,1039.738,859.5735,1542.902,3257.706,998.9343,773.9779,937.49,738.7108,983.5224,833.3199,645.5665,2296.78,1187.609,1342.778,1434.6,1219.642,1763.755,1158.212,1122.9,945.5836,1617.827,3049.47,1074.946,855.4589,1023.169,820.9927,1067.974,916.8497,731.631,2332.022,1273.919,1422.742
"2025-11-12 20:15:00",2068,"NAN",11.83,1330.496,1138.732,1693.982,1077.198,1034.667,859.9803,1543.477,3237.219,996.2553,769.6656,936.743,738.5627,981.5141,834.1304,646.1862,2324.044,1186.916,1346.049,1435.481,1220.785,1764.392,1158.802,1119.472,947.4631,1617.041,3032.644,1075.206,853.0549,1022.981,821.9924,1068.328,919.6113,733.2252,2377.906,1274.83,1426.43
"2025-11-12 20:30:00",2069,"NAN",11.87,1331.201,1141.958,1694.52,1079.079,1031.584,862.2735,1545.532,3220.242,997.1417,772.5367,936.6101,740.3123,981.7167,836.171,647.8538,2287.102,1189.017,1353.332,1435.819,1222.567,1764.738,1161.681,1116.389,949.5332,1618.944,2999.957,1075.505,853.9549,1022.79,824.5699,1068.705,920.9587,734.4286,2320.011,1276.565,1434.01
"2025-11-12 20:45:00",2070,"NAN",11.86,1326.726,1138.147,1689.392,1076.087,1025.757,860.8553,1540.14,3155.067,994.0687,768.5356,933.5382,740.7311,980.6564,837.0192,649.9352,2230.973,1185.177,1351.452,1431.08,1218.716,1757.391,1155.491,1109.011,946.7394,1613.547,2934.665,1070.781,850.6763,1017.979,823.0562,1066.065,921.1347,735.4647,2267.653,1271.513,1429.417
"2025-11-12 21:00:00",2071,"NAN",11.87,1330.234,1142.372,1691.489,1079.495,1023.65,864.1544,1544.381,3150.621,995.5557,823.1056,935.4115,743.2127,980.4783,838.8964,650.7958,1851.422,1186.446,1359.804,1435.088,1223.623,1761.475,1162.333,1108.611,951.8854,1620.507,2956.776,1072.489,906.7708,1022.734,826.54,1067.069,924.0959,737.6034,1921.097,1274.845,1440.135
"2025-11-12 21:15:00",2072,"NAN",11.87,1329.724,1142.693,1690.083,1079.512,1019.442,864.5639,1543.857,3133.254,994.2331,825.1658,935.1441,743.3529,979.8828,839.0816,655.6554,1841.989,1186.54,1363.374,1436.328,1225.559,1760.695,1163.463,1105.609,953.5405,1621.053,2907.219,1071.881,909.9813,1024.108,828.2827,1067.744,925.9669,744.0453,1920.523,1276.205,1444.068
"2025-11-12 21:30:00",2073,"NAN",11.84,1327.023,1141.3,1687.991,1078.765,1015.314,864.5167,1541.648,3102.465,992.04,823.6981,935.41,743.7969,979.6747,840.5246,670.499,1766.512,1185.146,1364.189,1432.344,1223.936,1757.489,1160.385,1100.387,952.1833,1618.079,2853.987,1068.996,906.9418,1022.446,827.4052,1065.658,925.7292,758.0738,1838.009,1273.737,1444.161
"2025-11-12 21:45:00",2074,"NAN",11.87,1327.86,1143.352,1688.477,1079.811,1012.691,866.0421,1543.478,3083.816,990.9324,824.4285,936.2285,743.9174,978.4202,841.9865,674.8492,1696.718,1185.896,1369.128,1434.307,1227.341,1760.404,1164.211,1099.873,955.5639,1619.011,2877.025,1072.526,909.3965,1024.274,829.9297,1067.502,928.9316,763.8978,1776.066,1276.449,1451.567
"2025-11-12 22:00:00",2075,"NAN",11.84,1331.066,1146.518,1690.955,1082.995,1011.351,868.2996,1545.777,3046.982,991.8496,825.7325,937.5229,745.2676,978.4437,843.2256,681.3047,1522.403,1187.635,1375.268,1437.357,1231.071,1763.787,1168.142,1098.877,958.3032,1621.122,2798.019,1072.951,910.8403,1026.213,832.0891,1067.486,930.2258,770.9086,1608.044,1278.788,1457.35
"2025-11-12 22:15:00",2076,"NAN",11.85,1330.405,1148.323,1691.432,1082.965,1008.657,869.0167,1546.519,3040.971,991.8868,824.4971,936.8362,746.3383,978.1324,843.9012,681.214,1526.256,1188.607,1378.3,1438.431,1232.901,1763.804,1169.178,1097.201,960.0797,1624.721,2825.206,1071.917,911.4258,1027.397,833.1094,1067.754,932.4184,771.11,1589.013,1280.502,1460.971
"2025-11-12 22:30:00",2077,"NAN",11.86,1331.52,1150.442,1692.469,1084.073,1007.019,870.2692,1547.55,3028.939,990.5421,829.5109,938.0031,746.8625,977.4454,845.077,683.4449,1612.935,1189.199,1381.234,1439.735,1235.324,1765.01,1169.95,1095.782,961.5255,1625.265,2749.589,1072.175,916.4473,1027.615,833.7258,1068.081,934.5263,773.6611,1689.696,1281.379,1464.457
"2025-11-12 22:45:00",2078,"NAN",11.87,1332.405,1152.006,1692.921,1085.364,1005.563,871.6453,1549.363,3009.317,990.2775,827.7612,938.5382,747.9577,977.8212,846.6945,685.0853,1760.269,1190.549,1385.751,1439.438,1236.22,1765.852,1171.156,1093.675,962.204,1625.952,2726.442,1071.328,914.6754,1027.597,833.9117,1067.657,935.1908,774.778,1836.556,1281.643,1467.854
"2025-11-12 23:00:00",2079,"NAN",11.84,1331.663,1152.281,1693.606,1086.499,1003.117,872.1161,1548.491,2999.45,990.5854,827.9206,937.0445,747.8049,977.8839,847.6032,685.3478,1762.78,1189.991,1388.571,1439.338,1238.569,1766.99,1172.696,1092.183,963.6769,1627.157,2712.764,1071.705,914.3257,1027.719,836.2234,1068.29,936.2433,776.3265,1840.835,1282.328,1471.024
"2025-11-12 23:15:00",2080,"NAN",11.86,1332.727,1154.771,1695.315,1088.161,1002.57,873.4506,1551.241,2989.67,990.0875,828.3542,938.7342,748.8901,976.8799,847.9048,688.0988,1756.521,1191.702,1392.741,1440.599,1239.998,1767.751,1173.74,1090.937,964.4957,1627.855,2642.365,1070.737,915.104,1027.632,835.1639,1066.975,936.8277,778.1005,1833.438,1282.823,1474.496
"2025-11-12 23:30:00",2081,"NAN",11.86,1334.832,1158.263,1698.694,1089.766,1002.018,875.18,1553.261,2996.463,991.6426,827.3464,938.7265,750.675,978.119,849.4747,687.8788,1761.791,1193.426,1397.474,1442.648,1243.523,1771.161,1175.564,1090.602,966.1727,1631.439,2683.797,1071.76,914.3048,1029.407,837.6193,1067.25,937.9609,778.437,1838.755,1285.135,1479.82
"2025-11-12 23:45:00",2082,"NAN",11.86,1334.655,1159.57,1700.921,1091.466,1001.371,876.2508,1553.577,2992.082,992.1514,829.2532,939.7786,750.771,977.7209,850.4446,688.7459,1744.893,1194.472,1400.662,1442.986,1245.136,1772.59,1176.942,1090.032,967.3351,1631.656,2674.45,1072.991,915.1277,1029.615,838.3954,1068.132,939.2378,778.9716,1822.13,1286.353,1482.462
"2025-11-13 00:00:00",2083,"NAN",11.87,1337.672,1161.817,1701.364,1092.214,1000.712,877.0091,1555.531,2988.678,992.4915,826.6713,940.0781,751.7463,978.6602,852.0026,689.5084,1742.563,1195.706,1403.634,1444.6,1245.624,1772.855,1177.659,1088.565,967.2477,1633.256,2669.209,1071.532,912.6619,1030.109,837.873,1067.772,940.1083,778.8681,1819.931,1286.735,1485.336
"2025-11-13 00:15:00",2084,"NAN",11.87,1339.633,1163.383,1703.113,1093.629,1000.145,878.5847,1556.692,2982.988,993.0843,829.2761,940.8802,752.0198,978.7366,853.4476,690.048,1742.066,1197.384,1406.596,1441.508,1241.822,1770.015,1173.659,1082.91,963.4643,1630.127,2671.074,1067.068,910.0508,1025.394,833.2206,1062.397,935.8769,773.8927,1815.449,1283.092,1483.108
"2025-11-13 00:30:00",2085,"NAN",11.86,1339.771,1163.881,1705.41,1094.782,999.3749,879.0473,1557.984,2986.053,993.4069,831.0198,942.2375,752.7038,978.7901,854.6235,685.9832,1733.647,1199.397,1409.859,1446.322,1248.788,1775.017,1177.994,1086.278,968.4641,1634.062,2687.732,1072.747,915.0793,1030.012,838.1264,1067.238,941.5687,774.5991,1809.92,1289.585,1490.329
"2025-11-13 00:45:00",2086,"NAN",11.86,1342.304,1166.435,1706.768,1095.748,999.1755,879.9171,1560.524,2980.447,994.9132,832.8906,943.383,753.8431,979.8979,856.9457,634.5082,1721.63,1201.846,1412.579,1447.18,1247.38,1775.66,1178.637,1084.662,967.7376,1636.138,2707.266,1072.117,916.0051,1030.224,837.9271,1067.012,941.7711,720.6544,1798.051,1290.308,1491.514
"2025-11-13 01:00:00",2087,"NAN",11.85,1342.894,1165.012,1708.532,1097.828,998.8427,880.0204,1561.013,2983.67,995.9202,834.8697,944.8215,754.4368,981.066,858.5845,663.9842,1730.189,1203.351,1414.597,1446.234,1245.911,1777.747,1179.233,1084.027,967.4366,1634.864,2662.715,1072.898,916.7895,1031.142,838.8081,1067.582,942.558,750.4869,1806.109,1291.57,1493.23
"2025-11-13 01:15:00",2088,"NAN",11.87,1342.001,1166.764,1709.137,1097.871,997.4833,879.1947,1560.5,2991.51,996.4226,832.25,944.5168,755.2485,981.3805,858.8942,679.0974,1734.367,1203.673,1415.212,1439.651,1240.498,1771.1,1171.6,1074.849,958.8674,1628.571,2710.419,1066.865,907.3618,1023.444,831.0931,1059.751,936.4459,757.7435,1803.371,1284.291,1486.069
"2025-11-13 01:30:00",2089,"NAN",11.87,1339.36,1163.441,1704.686,1093.623,994.7397,876.2077,1555.192,2987.254,995.3385,832.2838,942.3049,753.5942,981.3021,860.4633,685.6731,1752.288,1199.799,1409.872,1441.237,1241.815,1770.81,1171.67,1076.597,960.621,1627.106,2704.566,1069.913,911.7276,1025.955,833.9541,1063.748,941.9796,768.9899,1824.639,1285.136,1485.697
"2025-11-13 01:45:00",2090,"NAN",11.87,1339.951,1164.316,1706.731,1095.175,994.702,876.8835,1556.582,2988.834,994.9631,832.7259,944.0274,753.6829,980.7242,860.2166,689.0402,1752.839,1201.351,1411.46,1443.169,1243.953,1772.774,1173.128,1077.308,962.1047,1628.753,2656.855,1070.159,912.7214,1027.402,834.5829,1064.837,942.899,772.9556,1825.382,1287.222,1487.769
"2025-11-13 02:00:00",2091,"NAN",11.84,1340.861,1163.936,1707.78,1094.821,994.5916,877.002,1557.861,2993.123,994.9302,833.2898,944.6068,754.626,981.671,861.0261,691.1448,1750.701,1201.98,1412.337,1445.526,1245.362,1775.944,1175.751,1079.076,963.9671,1631.373,2648.515,1071.577,915.9553,1030.375,837.0741,1066.522,945.2703,777.4492,1824.373,1289.437,1490.844
"2025-11-13 02:15:00",2092,"NAN",11.87,1342.047,1165.132,1709.07,1094.431,994.6702,878.0133,1558.898,2988.647,995.5806,833.975,945.5173,754.2623,981.645,862.916,692.9905,1747.514,1203.393,1414.694,1446.537,1244.952,1776.321,1175.28,1078.813,964.3011,1632.109,2711.544,1072.545,915.4241,1029.901,836.7971,1067.339,946.7113,778.0002,1825.135,1290.732,1492.543
"2025-11-13 02:30:00",2093,"NAN",11.84,1345.784,1169.626,1714.84,1098.98,996.7592,881.576,1563.444,3001.213,998.5169,836.7404,947.7837,755.069,982.4274,863.7494,694.7717,1750.303,1209.125,1422.289,1446.94,1247.219,1781.135,1176.751,1079.217,965.9568,1635.281,2687.994,1072.961,916.2043,1031.019,836.5933,1066.584,944.9366,777.9152,1823.93,1294.317,1498.448
"2025-11-13 02:45:00",2094,"NAN",11.86,1347.205,1170.754,1716.453,1099.458,997.0208,882.5308,1564.351,2994.522,999.1648,836.6318,948.9424,755.6339,983.268,864.6068,694.8464,1747.851,1211.229,1424.624,1448.986,1249.562,1782.774,1176.987,1079.668,967.5328,1636.584,2728.667,1074.759,917.6822,1032.509,836.5078,1067.305,946.7544,778.7576,1820.776,1296.918,1501.041
"2025-11-13 03:00:00",2095,"NAN",11.83,1348.767,1172.361,1718.149,1100.37,997.4045,883.4595,1565.224,2989.56,1000.308,837.7769,950.4592,755.5388,984.2025,866.027,633.1271,1731.227,1212.301,1426.533,1450.406,1250.716,1785.325,1178.875,1080.437,968.6193,1636.968,2723.55,1076.326,918.1041,1033.701,837.2282,1069.316,948.056,716.2733,1804.734,1298.321,1503.357
"2025-11-13 03:15:00",2096,"NAN",11.86,1349.32,1173.378,1719.597,1100.542,997.4835,883.8126,1566.89,2981.02,999.8069,835.0263,950.9095,756.5089,983.6332,865.6899,634.8953,1724.367,1213.392,1428.423,1452.319,1252.223,1785.933,1178.972,1080.6,969.1337,1639.666,2697.011,1074.587,915.8426,1035.14,837.4602,1068.09,948.6215,718.8688,1799.027,1299.348,1504.792
"2025-11-13 03:30:00",2097,"NAN",11.86,1346.463,1169.836,1716.078,1097.01,995.2544,881.2197,1561.135,2963.005,996.9181,834.4148,950.4232,754.7029,982.519,865.7284,634.6412,1713.343,1209.696,1423.516,1449.323,1249.729,1782.649,1174.034,1078.317,966.6864,1634.116,2632.073,1071.802,915.0842,1034.503,835.929,1066.702,948.2955,718.7751,1788.037,1295.692,1499.713
"2025-11-13 03:45:00",2098,"NAN",11.86,1347.177,1168.194,1716.241,1096.988,995.5174,881.8151,1562.188,2957.784,996.12,834.0402,950.6219,755.5356,983.6705,866.0222,634.2512,1704.669,1210.119,1424.226,1449.908,1247.345,1782.677,1174.485,1077.968,966.7059,1633.752,2644.521,1071.117,915.1331,1034.807,835.7377,1066.794,948.7271,718.4926,1779.3,1295.754,1500.513
"2025-11-13 04:00:00",2099,"NAN",11.87,1351.443,1174.409,1723.895,1102.622,998.2561,886.3448,1567.706,2973.083,999.6815,837.0985,954.0003,757.986,984.5477,867.1555,635.8995,1708.915,1215.338,1433.664,1452.693,1252.664,1789.622,1178.902,1079.859,970.2994,1638.113,2675.237,1074.276,917.2741,1037.135,837.4653,1066.888,948.7231,719.3375,1782.755,1300.1,1508.831
"2025-11-13 04:15:00",2100,"NAN",11.87,1352.094,1174.965,1725.225,1104.514,998.3456,887.2995,1566.913,2964.51,999.9717,836.3168,954.7102,758.3247,984.7397,868.016,635.9053,1705.43,1216.028,1436.438,1453.705,1254.567,1792.284,1181.795,1081.476,972.6845,1638.362,2661.02,1076.276,917.0582,1039.065,839.6183,1068.402,950.5019,720.4838,1781.324,1302.13,1513.183
"2025-11-13 04:30:00",2101,"NAN",11.86,1353.133,1177.392,1726.743,1105.161,998.5953,888.1025,1568.014,2960.695,1000.829,837.2118,955.171,758.8516,986.0353,869.3539,635.9808,1700.861,1216.74,1439.326,1454.852,1257.048,1793.135,1182.628,1081.39,973.3649,1640.099,2647.573,1076.369,917.1475,1039.164,840.6721,1069.636,951.3306,720.3003,1776.118,1302.583,1514.907
"2025-11-13 04:45:00",2102,"NAN",11.87,1354.502,1178.322,1728.363,1105.482,998.9496,888.8748,1570.894,2958.467,1000.354,837.8823,956.9778,759.6343,986.0599,870.0996,636.8253,1673.193,1217.426,1440.815,1456.693,1257.825,1795.73,1181.903,1082.344,974.7043,1642.599,2686.324,1077.343,920.2214,1041.447,840.9072,1070.39,952.9899,721.7991,1750.89,1303.704,1517.571
"2025-11-13 05:00:00",2103,"NAN",11.86,1355.376,1177.476,1730.791,1106.574,999.2716,889.8328,1570.265,2947.819,1002.575,837.9664,958.0674,759.6327,986.7484,871.5331,638.0422,1678.761,1218.838,1443.965,1458.746,1257.023,1796.728,1184.003,1082.945,975.7108,1643.284,2632.983,1078.231,917.75,1042.563,842.3611,1071.536,954.5865,722.7001,1757.361,1305.61,1520.076
"2025-11-13 05:15:00",2104,"NAN",11.87,1356.536,1177.8,1731.816,1107.724,999.757,890.582,1570.145,2946.977,1002.842,838.7433,960.7676,760.9108,987.2661,872.451,638.2464,1723.839,1220.554,1445.868,1459.35,1256.824,1797.461,1183.509,1082.315,975.4525,1642.525,2633.654,1077.581,918.9898,1044.55,841.5289,1070.692,954.7025,722.4526,1797.024,1306.123,1521.284
"2025-11-13 05:30:00",2105,"NAN",11.85,1353.277,1173.807,1729.309,1104.249,995.5532,886.5466,1567.327,2967.082,998.3218,836.049,957.1633,756.5568,983.5124,868.7449,633.6687,1750.703,1217.087,1442.595,1459.434,1257,1798.488,1184.075,1082.579,975.8566,1641.871,2662.052,1078.604,919.916,1045.336,842.3911,1071.337,955.196,722.0591,1826.825,1306.809,1521.872
"2025-11-13 05:45:00",2106,"NAN",11.85,1354.365,1174.634,1729.729,1103.676,995.4854,886.8131,1567.587,2971.98,998.9601,833.7524,958.2607,757.395,983.8934,869.0936,633.8582,1781.179,1217.754,1443.786,1461.899,1258.11,1799.408,1185.836,1083.738,977.4193,1644.758,2620.906,1078.205,919.6931,1047.867,843.7651,1072.987,956.5756,723.0247,1856.327,1308.427,1524.159
"2025-11-13 06:00:00",2107,"NAN",11.85,1355.461,1174.296,1731.185,1104.135,996.0147,886.7294,1569.238,2968.849,998.5632,834.5369,961.0091,757.2767,984.2532,869.9075,634.6351,1776.178,1219.457,1445.785,1461.521,1257.622,1800.999,1185.099,1083.256,976.3409,1643.665,2683.714,1079.56,920.4324,1048.552,842.1382,1072.349,957.0263,723.6899,1851.661,1309.269,1525.766
"2025-11-13 06:15:00",2108,"NAN",11.85,1355.939,1174.344,1733.408,1105.013,996.5906,886.6961,1568.941,2975.381,1000.775,835.2455,961.6465,758.0527,985.6378,870.924,637.7415,1780.458,1221.057,1446.506,1462.876,1258.453,1803.24,1186.456,1084.103,976.7357,1644.086,2637.811,1080.811,920.549,1050.457,844.1769,1073.454,957.4869,727.5069,1856.563,1311.481,1526.777
"2025-11-13 06:30:00",2109,"NAN",11.87,1356.697,1175.975,1729.747,1105.978,997.1149,886.6012,1568.539,2979.205,1002.158,835.1396,963.9913,758.2801,985.4384,871.2373,658.4408,1785.62,1222.888,1447.215,1463.046,1259.474,1799.998,1185.503,1083.964,975.7627,1644.67,2619.857,1080.002,919.3292,1051.755,843.0953,1073.058,957.0541,746.9319,1859.713,1312.227,1525.955
"2025-11-13 06:45:00",2110,"NAN",11.85,1358.818,1177.589,1729.91,1107.359,998.6405,886.2028,1572.265,2990.762,1002.793,828.4401,965.4214,757.9613,986.8854,872.3386,659.4763,1794.982,1224.839,1448.08,1464.459,1259.989,1798.703,1187.03,1085.174,974.778,1648.089,2660.783,1080.206,911.5967,1053.006,843.2098,1073.912,957.1447,747.5172,1869.683,1313.557,1526.791
"2025-11-13 07:00:00",2111,"NAN",11.86,1361.676,1179.902,1727.252,1107.784,1000.286,884.9816,1573.327,3009.94,1003.858,832.2635,967.7546,757.9173,986.7002,873.2478,672.1956,1816.587,1227.632,1449.058,1462.455,1255.919,1796.286,1184.354,1081.189,968.157,1643.796,2725.705,1077.427,910.403,1049.964,837.3782,1068.144,952.8956,754.6901,1885.674,1311.32,1522.442
"2025-11-13 07:15:00",2112,"NAN",11.86,1365.725,1182.843,1726.65,1108.909,1002.92,884.0866,1574.424,3037.792,1005.785,827.7515,969.2387,757.4467,986.8154,873.4588,625.1755,1812.53,1231.728,1451.06,1472.578,1265.156,1796.59,1190.107,1089.831,973.1574,1649.01,2740.723,1084.706,913.4229,1056.856,842.1681,1074.647,959.2686,713.1387,1886.205,1320.589,1530.203
"2025-11-13 07:30:00",2113,"NAN",11.86,1367.851,1184.2,1722.588,1109.675,1005.088,880.9628,1574.152,3088.392,1007.137,829.3428,969.5518,756.5316,987.6537,872.9473,631.507,1794.611,1234.131,1450.351,1474.243,1266.223,1790.865,1188.285,1091.246,969.8048,1649.245,2800.553,1085.079,912.4225,1056.605,840.7775,1074.711,958.5186,719.0842,1868.3,1322.618,1528.365
"2025-11-13 07:45:00",2114,"NAN",11.87,1371.988,1186.876,1734.048,1112.699,1008.851,879.8217,1577.58,3176.735,1009.808,831.139,970.7604,756.6647,988.9313,872.6418,648.2354,1830.543,1239.129,1452.191,1477.156,1268.298,1801.874,1191.456,1094.055,967.5033,1650.774,2933.43,1087.717,913.267,1057.023,840.5391,1075.057,956.7381,734.9363,1903.464,1326.536,1529.077
"2025-11-13 08:00:00",2115,"NAN",11.87,1374.2,1187.997,1738.817,1113.576,1011.6,877.3543,1577.567,3290.313,1013.042,832.1249,972.2358,755.6526,988.8676,870.9788,653.6389,1896.514,1241.49,1448.839,1479.961,1269.331,1805.265,1192.535,1096.656,964.7971,1651.708,3039.329,1090.249,914.8087,1058.629,839.4122,1075.195,955.2692,740.7855,1966.67,1329.189,1526.126
"2025-11-13 08:15:00",2116,"NAN",11.87,1375.885,1187.244,1747.911,1114.684,1013.996,874.6874,1579.959,3393.402,1014.799,832.0925,973.5739,754.722,988.6896,868.7445,656.494,1147.431,1240.258,1445.115,1481.843,1268.343,1814.547,1194.222,1099.472,962.4224,1653.177,3160.9,1093.582,914.405,1058.999,838.8373,1076.018,952.7656,743.2457,1992.332,1330.156,1522.973
"2025-11-13 08:30:00",2117,"NAN",11.86,1383.358,1191.775,1761.271,1119.412,1019.404,873.2172,1584.851,3513.377,1020.239,833.5018,976.506,756.924,991.929,869.0354,657.9756,1881.872,1247.09,1445.669,1488.982,1271.856,1827.728,1199.305,1105.026,960.8746,1658.143,3257.115,1097.865,915.5338,1062.544,841.0486,1078.76,952.7908,744.4659,1956.069,1334.453,1522.531
"2025-11-13 08:45:00",2118,"NAN",11.87,1389.43,1197.214,1758.818,1125.804,1027.02,873.9337,1592.121,3584.188,1024.074,834.6926,981.7625,759.782,995.8832,866.6291,669.3914,2000.181,1252.143,1442.822,1496.144,1277.551,1824.233,1204.835,1112.303,961.1633,1664.873,3319.085,1100.574,917.4882,1068.2,842.832,1081.714,951.4774,756.6063,2068.985,1339.23,1520.341
"2025-11-13 09:00:00",2119,"NAN",11.86,1396.111,1204.622,1753.324,1134.79,1037.37,878.0526,1593.623,3591.323,1027.752,833.4728,986.6228,761.4115,1001.226,865.6357,669.6417,2179.499,1256.103,1434.923,1502.88,1284.757,1841.036,1213.473,1121.941,965.0585,1666.928,3338.448,1103.906,914.6964,1072.749,845.2546,1086.81,950.4988,756.5845,2232.693,1342.971,1511.811
"2025-11-13 09:15:00",2120,"NAN",11.85,1404.903,1215.734,1746.261,1148.692,1054.24,888.2347,1599.587,3597.309,1031.197,834.2,994.412,765.5106,1008.374,874.9136,645.7297,2344.715,1259.749,1424.296,1509.962,1294.458,1810.377,1225.46,1137.364,973.7885,1669.609,3347.52,1107.831,915.4055,1078.493,847.4921,1092.968,957.0712,731.2042,2375.023,1345.197,1500.708
"2025-11-13 09:30:00",2121,"NAN",11.87,1407.385,1221.544,1801.983,1158.681,1067.466,894.7523,1599.975,3607.183,1033.061,833.2999,999.7621,767.6171,1010.47,881.7557,646.1325,2506.861,1260.86,1409.887,1512.069,1299.776,1864.272,1234.088,1150.276,979.805,1670.313,3360.191,1108.535,913.489,1083.056,849.3885,1095.182,963.4464,731.2231,2513.628,1345.689,1486.505
"2025-11-13 09:45:00",2122,"NAN",11.86,1418.167,1231.975,1825.859,1178.184,1090.303,915.5345,1607.969,3613.05,1037.773,835.4334,1013.463,778.6154,1022.775,889.2878,647.9537,2672.588,1263.824,1397.385,1523.929,1311.173,1886.208,1254.246,1173.132,1000.177,1678.181,3358.144,1113.756,916.0481,1096.427,860.8984,1107.387,972.5998,733.8507,2583.359,1347.543,1474.697
"2025-11-13 10:00:00",2123,"NAN",11.85,1432.316,1257.932,1854.185,1203.057,1127.034,952.613,1616.556,3625.64,1042.405,834.976,1037.572,797.5606,1041.052,857.2693,638.2495,3019.68,1268.72,1380.883,1538.512,1335.841,1911.954,1278.57,1208.675,1036.214,1687.869,3356.53,1116.852,916.1518,1121.225,878.8901,1123.89,942.1003,724.9825,2692.035,1349.06,1457.58
"2025-11-13 10:15:00",2124,"NAN",11.86,1459.563,1286.03,1879.504,1242.495,1173.391,990.6236,1628.719,3625.948,1048.425,837.1058,1068.965,822.136,1063.915,927.3152,664.4813,3224.134,1273.708,1367.551,1561.354,1360.074,1934.911,1315.531,1251.659,1071.205,1695.273,3370.517,1121.981,915.2914,1148.156,901.2002,1145.431,1006.327,747.7645,2980.985,1353.192,1442.815
"2025-11-13 10:30:00",2125,"NAN",11.86,1519.714,1350.814,1934.224,1318.613,1247.118,1072.878,1671.881,3459.18,1089.57,878.1474,1137.324,883.7086,1125.544,994.5296,699.3188,3117.938,1313.022,1389.266,1590.49,1391.344,1966.165,1356.33,1290.039,1117.063,1709.743,3354.648,1127.438,920.711,1180.7,926.8635,1171.299,1037.461,746.3492,3070.335,1357.906,1432.068
"2025-11-13 10:45:00",2126,"NAN",11.86,1545.416,1381.297,1960.712,1361.006,1289.54,1109.585,1680.375,3459.59,1092.942,880.0524,1169.859,910.369,1154.769,1021.405,678.3321,3183.03,1317.505,1378.558,1616.253,1420.33,1990.974,1397.298,1331.138,1152.587,1717.289,3367.143,1129.825,922.8857,1213.303,951.5596,1197.371,1064.067,724.4023,3114.832,1361.736,1420.89
"2025-11-13 11:00:00",2127,"NAN",11.86,1559.966,1393.537,1974.932,1384.393,1306.625,1124.499,1684.951,3456.818,1096.836,877.0856,1171.735,916.4803,1169.755,1023.243,686.4371,3206.675,1319.392,1368.365,1627.261,1428.745,2002.235,1417.995,1344.446,1163.078,1718.396,3367.015,1129.688,915.6115,1210.696,953.3327,1209.753,1061.858,728.0467,3153.118,1359.716,1406.927
"2025-11-13 11:15:00",2128,"NAN",11.85,1566.814,1397.684,1982.358,1396.668,1313.291,1132.671,1685.958,3449.951,1098.516,875.6559,1189.226,919.4607,1171.934,1035.243,691.6772,3214.672,1321.232,1361.276,1632.477,1433.063,2009.118,1427.909,1349.909,1170.411,1718.003,3376.752,1130.98,913.476,1227.276,955.6144,1209.896,1071.898,733.31,3155.783,1360.763,1398.935
"2025-11-13 11:30:00",2129,"NAN",11.86,1551.679,1369.363,1970.719,1371.896,1288.032,1091.656,1672.937,3449.618,1093.773,866.0212,1167.571,895.7271,1148.968,1006.035,694.9206,3216.559,1318.374,1353.013,1618.013,1404.616,1997.255,1402.897,1324.898,1130.461,1706.723,3363.167,1125.298,902.2572,1205.707,932.542,1187.054,1043.458,736.6998,3156,1357.838,1390.655
"2025-11-13 11:45:00",2130,"NAN",11.86,1592.48,1429.82,2001.927,1433.229,1336.606,1177.009,1693.644,3418.022,1104.847,876.5214,1212.705,940.8475,1204.843,1065.934,706.2787,3194.364,1329.224,1359.157,1658.071,1463.506,2027.406,1463.881,1373.027,1213.316,1725.625,3343.737,1137.881,913.6374,1248.721,977.5361,1243.39,1102.016,747.6818,3145.049,1368.17,1397.225
"2025-11-13 12:00:00",2131,"NAN",11.86,1570.15,1391.682,1973.573,1392.412,1305.868,1121.142,1685.894,3458.839,1098.612,865.825,1191.276,918.9156,1177.051,1035.29,699.3022,3219.995,1322.635,1345.073,1636.354,1425.327,2000.215,1424.179,1342.251,1159.532,1717.87,3368.342,1130.769,903.4692,1227.986,954.6671,1215.519,1072.138,740.1608,3168.941,1361.096,1382.928
"2025-11-13 12:15:00",2132,"NAN",11.86,1537.17,1335.912,1954.601,1341.542,1262.416,1046.166,1657.616,3452.389,1085.014,852.868,1153.578,882.6829,1134.145,983.1003,691.8339,3212.925,1310.783,1335.006,1602.477,1371.676,1982.929,1374.13,1300.087,1085.96,1691.306,3369.114,1118.615,889.7391,1191.633,920.2745,1174.529,1020.913,732.9443,3144.518,1350.663,1373.252
"2025-11-13 12:30:00",2133,"NAN",11.85,1537.154,1335.498,1953.817,1337.609,1265.297,1060.344,1654.809,3431.879,1089.977,855.8792,1149.052,877.5974,1127.63,967.02,687.1713,3170.917,1314.069,1342.406,1604.402,1371.774,1982.56,1369.81,1303.459,1100.626,1688.836,3365.21,1123.207,893.7175,1187.967,915.4494,1168.527,1005.351,728.6787,3102.956,1353.603,1381.016
"2025-11-13 12:45:00",2134,"NAN",11.87,1549.786,1356.807,1975.174,1366.756,1287.875,1102.383,1663.263,3461.718,1084.774,854.192,1166.18,889.1596,1136.376,983.2615,688.75,3181.964,1311.098,1336.78,1616.187,1391.503,2002.989,1399.962,1325.143,1141.555,1696.352,3376.333,1118.044,892.6357,1204.047,925.8821,1176.769,1021.763,730.1,3125.53,1350.748,1375.52
"2025-11-13 13:00:00",2135,"NAN",11.86,1504.965,1297.51,1933.661,1302.959,1232.215,1019.265,1624.096,3533.476,1059.503,827.1945,1115.061,842.3021,1082.647,921.8207,641.655,3261.364,1286.333,1313.67,1588.7,1352.961,1973.001,1353.753,1289.31,1079.127,1675.727,3365.293,1110.581,884.1463,1174.644,899.7443,1142.231,981.0047,703.5017,3113.073,1344.891,1370.999
