"TOA5","Chapada_High","CR1000X","73483","CR1000X.8.3.0","CPU:Brazil_beta_v091925v4.CR1X","25590","Redox15"
"TIMESTAMP","RECORD","Statname","BattV","RedoxRa(1)","RedoxRa(2)","RedoxRa(3)","RedoxRa(4)","RedoxRa(5)","RedoxRa(6)","RedoxRa(7)","RedoxRa(8)","RedoxRa(9)","RedoxRa(10)","RedoxRa(11)","RedoxRa(12)","RedoxRa(13)","RedoxRa(14)","RedoxRa(15)","RedoxRa(16)","RedoxRa(17)","RedoxRa(18)","RedoxRb(1)","RedoxRb(2)","RedoxRb(3)","RedoxRb(4)","RedoxRb(5)","RedoxRb(6)","RedoxRb(7)","RedoxRb(8)","RedoxRb(9)","RedoxRb(10)","RedoxRb(11)","RedoxRb(12)","RedoxRb(13)","RedoxRb(14)","RedoxRb(15)","RedoxRb(16)","RedoxRb(17)","RedoxRb(18)"
"TS","RN","","Volts","mV","mV","mV","mV","mV","mV","mV","mV","mV","mV","mV","mV","mV","mV","mV","mV","mV","mV","mV","mV","mV","mV","mV","mV","mV","mV","mV","mV","mV","mV","mV","mV","mV","mV","mV","mV"
"","","Smp","Smp","Smp","Smp","Smp","Smp","Smp","Smp","Smp","Smp","Smp","Smp","Smp","Smp","Smp","Smp","Smp","Smp","Smp","Smp","Smp","Smp","Smp","Smp","Smp","Smp","Smp","Smp","Smp","Smp","Smp","Smp","Smp","Smp","Smp","Smp","Smp","Smp"
"2025-10-21 16:30:00",0,"NAN",11.93,629.6744,512.2968,1069.036,433.628,580.1203,798.9365,386.2235,489.9916,885.2209,535.9124,1170.165,496.4095,1095.492,443.7077,723.6331,525.1805,915.2369,405.1267,665.533,537.4069,1088.617,459.5852,601.4383,821.6274,412.7731,517.0674,904.2742,555.7678,1189.581,522.03,1118.188,465.5251,743.6847,550.9531,934.6197,425.7345
"2025-10-21 16:45:00",1,"NAN",11.89,622.9332,483.4918,1063.182,434.371,576.1929,791.8509,388.9769,490.6738,880.0797,534.2659,1171.926,497.3046,1090.652,444.4681,722.2512,521.8696,910.4772,404.9304,666.7731,509.0835,1082.992,460.9496,597.8188,814.7144,416.0235,518.2441,899.7793,554.4901,1191.906,523.1343,1113.66,466.6819,742.5969,547.5795,930.3495,425.8963
"2025-10-21 17:00:00",2,"NAN",11.93,632.7035,485.3841,1062.021,437.0411,573.5372,786.1626,391.4183,492.2262,878.1675,534.0655,1178.732,498.7423,1088.535,446.1413,721.6588,518.4434,909.469,405.927,668.9238,510.9199,1082.46,463.7386,595.137,809.082,418.5543,520.0461,898.0908,554.8636,1198.567,525.4696,1111.865,468.6832,742.2766,544.0305,929.3188,427.0579
"2025-10-21 17:15:00",3,"NAN",11.93,632.6921,491.8999,1060.473,439.0807,570.8032,784.1625,394.792,493.6859,876.0771,534.3087,1185.279,500.2145,1085.931,447.7908,722.0941,516.7297,907.5505,406.8713,669.1577,518.0823,1081.063,465.8564,592.9199,807.4736,422.1716,521.8239,896.2332,555.0771,1205.008,526.7476,1109.808,470.3888,742.6707,542.5295,927.7172,428.2235
"2025-10-21 17:30:00",4,"NAN",11.92,634.5358,504.7327,1059.874,441.2734,560.4497,757.0415,396.8507,495.3554,874.5217,534.72,1172.26,501.4016,1084.286,449.354,721.1308,514.8362,906.3003,407.9355,671.0646,531.0173,1080.405,468.674,582.462,780.3657,424.766,523.6663,894.7902,555.9136,1193.012,527.9844,1108.153,472.1786,741.9107,540.5018,926.5334,429.4901
"2025-10-21 17:45:00",5,"NAN",11.91,638.8096,528.6155,1059.92,443.5489,566.9167,787.2688,399.4597,497.0664,873.3438,535.4329,1188.208,502.8347,1082.698,450.8311,719.1917,514.6672,905.1667,408.9104,675.4768,555.3016,1080.409,471.0439,590.006,810.4361,427.3364,525.1376,893.8452,556.4815,1208.314,529.7875,1106.726,473.8075,740.236,540.3285,925.4976,430.8574
"2025-10-21 18:00:00",6,"NAN",11.93,637.7487,557.5726,1060.538,445.8949,557.1348,759.4814,402.4662,498.7286,872.6709,536.4204,1192.518,504.3009,1081.482,452.5222,720.7347,513.3038,904.2713,409.9503,674.9917,584.9138,1081.38,473.5239,579.8215,783.0473,430.7563,527.2096,893.3703,558.0594,1212.997,531.38,1105.527,475.7525,742.3168,538.841,925.2548,432.1108
"2025-10-21 18:15:00",7,"NAN",11.93,641.1848,574.8839,1061.519,448.2097,564.7692,791.8126,405.6751,500.7026,872.0637,537.5527,1194.919,505.6789,1080.887,454.2557,721.2826,512.3731,904.2452,411.2469,678.2537,602.1085,1083.08,476.1853,587.7051,815.5123,434.0794,529.2755,893.3093,559.4954,1215.399,533.2455,1105.89,477.9982,742.7401,537.686,925.3893,433.8528
"2025-10-21 18:30:00",8,"NAN",11.92,643.2904,593.8383,1062.967,450.6202,563.892,795.1342,406.5532,502.635,872.079,538.7711,1197.911,507.0529,1080.804,456.1969,721.385,512.5888,904.4112,412.6722,680.4049,621.1336,1084.523,479.1085,587.364,819.8831,435.2062,531.559,897.7775,561.1426,1218.904,534.6935,1105.865,480.1262,743.231,537.7823,925.701,435.3849
"2025-10-21 18:45:00",9,"NAN",11.93,630.192,611.8393,1065.139,453.1666,563.395,799.0482,411.2343,504.7181,872.8765,540.1936,1200.67,508.1449,1081.146,458.1336,720.4721,512.4186,905.5253,414.3047,668.9786,639.1537,1086.771,481.8624,587.0705,823.2092,439.726,534.0314,894.5556,562.6738,1221.884,535.8787,1106.45,482.1639,742.6531,537.5839,926.8831,437.045
"2025-10-21 19:00:00",10,"NAN",11.93,635.3921,629.2813,1067.992,455.7514,563.5815,803.8384,413.2741,506.7599,873.9735,541.611,1198.325,509.2548,1081.759,460.0508,719.6135,514.2774,906.8856,416.0491,673.816,657.0067,1089.908,484.4776,587.316,828.3558,442.1918,536.1186,895.7795,564.0496,1220.022,537.4097,1107.097,484.2864,742.0034,539.5497,928.4524,439.1066
"2025-10-21 19:15:00",11,"NAN",11.89,647.9092,641.7156,1071.185,458.0224,563.6983,809.3484,416.0064,508.9201,875.299,543.0609,1201.281,510.5947,1086.303,461.9551,722.2862,516.45,908.4829,417.6617,686.1966,669.8519,1093.205,487.163,587.8087,834.141,445.1224,538.7414,897.0342,565.6378,1223.485,539.1427,1112.078,486.464,745.0065,542.1767,930.5095,441.0666
"2025-10-21 19:30:00",12,"NAN",11.92,652.0113,654.9377,1074.049,460.2822,564.0017,813.7026,418.2663,510.8785,876.2367,544.2765,1204.582,511.8517,1083.64,463.6714,723.5347,518.7795,910.1212,419.196,689.9352,683.0798,1096.619,489.606,587.9955,838.9726,447.6738,540.7905,898.7224,567.3267,1226.845,540.4423,1109.815,488.4131,746.4626,544.6647,932.2364,442.8771
"2025-10-21 19:45:00",13,"NAN",11.92,654.4388,664.5916,1077.268,462.2436,564.0602,817.6063,421.2485,512.8267,877.3737,545.5511,1206.242,513.043,1084.436,465.3341,723.6957,520.4358,912.058,420.5842,692.8581,693.2693,1100.25,491.9521,588.6348,843.1333,451.133,542.9912,899.9232,568.9114,1228.924,541.96,1110.627,490.3122,747.1353,546.8289,934.4565,444.6501
"2025-10-21 20:00:00",14,"NAN",11.93,657.0088,674.8863,1080.869,464.3149,556.3328,794.0202,422.6383,514.7501,878.7037,546.7203,1210.343,514.2826,1085.615,466.9851,725.3588,522.6747,914.1349,422.0313,695.8518,703.5471,1103.658,494.3421,580.9009,819.2565,452.5992,545.1635,900.9794,570.0049,1233.417,543.2973,1112.227,492.1916,748.6683,548.7526,937.0113,446.1199
"2025-10-21 20:15:00",15,"NAN",11.9,659.0571,685.0911,1084.2,466.3558,556.7736,797.6558,426.8796,516.7228,880.1843,547.8468,1214.428,515.1949,1087.122,468.6097,725.4322,523.7324,916.6724,423.5682,698.0458,713.9266,1107.126,496.2394,581.6982,824.2559,456.9156,547.2079,903.2072,571.4202,1237.536,544.7327,1113.573,494.2122,749.0115,549.9866,939.5822,447.9821
"2025-10-21 20:30:00",16,"NAN",11.93,662.0678,693.7383,1086.729,468.2562,565.7523,831.4785,430.7424,518.4729,881.6603,548.9011,1190.344,516.0475,1088.274,470.0176,729.6736,525.4796,918.9654,424.9354,701.4043,722.6021,1109.61,498.4207,591.119,857.5848,461.1753,549.5714,904.6723,572.6625,1214.208,545.4219,1115.108,495.743,753.6146,552.0663,941.8773,449.5843
"2025-10-21 20:45:00",17,"NAN",11.91,664.4044,684.1672,1089.752,470.016,566.3515,835.1854,431.08,520.215,883.314,550.0939,1181.892,516.8787,1089.806,471.4888,729.0668,526.1185,921.428,426.2045,703.973,712.7913,1113.029,500.3838,591.7946,861.246,461.6383,551.1718,906.4752,574.141,1206.103,546.3626,1116.926,497.4533,753.0958,552.7779,944.5296,451.0005
"2025-10-21 21:00:00",18,"NAN",11.9,667.2745,689.7695,1092.883,471.8465,558.8406,810.5704,432.3351,521.8898,884.8147,551.1284,1194.391,517.8699,1091.047,472.9146,732.3875,524.6782,923.9416,427.5419,706.881,718.6928,1116.345,502.1199,584.1951,837.1229,462.9914,553.1919,908.2934,575.442,1218.567,547.6222,1118.359,498.9381,756.6408,551.5046,947.1636,452.459
"2025-10-21 21:15:00",19,"NAN",11.92,669.1942,695.9882,1096.252,472.3488,559.3956,814.5665,434.2673,523.4829,886.397,552.061,1200.854,518.7885,1093.406,474.213,734.0848,526.3223,926.299,428.6418,708.8995,725.0629,1120.002,503.0782,584.9966,840.7837,465.1364,554.6172,910.0159,576.5747,1225.127,548.9478,1120.532,500.2674,758.392,553.3643,949.7553,453.8608
"2025-10-21 21:30:00",20,"NAN",11.91,668.1892,701.8857,1099.752,474.3667,559.9656,819.1064,436.9017,524.9444,887.6993,552.941,1206.649,519.4503,1095.217,475.3857,734.9829,527.0678,928.6582,429.7693,708.0945,730.7552,1123.503,505.2739,585.8936,845.6625,467.8445,556.6243,911.2732,577.5615,1230.565,549.6735,1122.583,501.7623,759.3201,554.0824,952.2611,455.1742
"2025-10-21 21:45:00",21,"NAN",11.92,668.8359,708.3358,1103.156,476.1732,560.741,822.8662,440.7923,526.4742,889.1933,553.8188,1209.473,520.2368,1097.486,476.6372,737.2841,527.6879,930.9387,430.7986,709.5745,737.3004,1126.879,507.187,586.5859,849.6334,471.9539,558.0909,913.0403,578.728,1233.675,550.2721,1125.057,503.4521,761.9835,554.7485,954.7564,456.2312
"2025-10-21 22:00:00",22,"NAN",11.92,672.2964,711.5795,1106.686,477.9645,569.9098,856.5727,441.6089,527.8978,890.8938,554.7285,1212.829,521.1333,1099.591,477.9081,740.0421,529.787,933.2697,431.958,713.0801,741.0449,1130.351,508.9932,596.3348,884.0107,472.8009,559.8555,915.0972,579.6765,1237.201,551.6584,1127.422,504.5005,764.6937,557.2,957.2057,457.4079
"2025-10-21 22:15:00",23,"NAN",11.92,675.8373,716.6313,1109.936,479.2023,562.0452,830.627,444.4598,529.2053,892.1932,555.5048,1216.607,521.7741,1100.567,478.9453,741.6545,531.1649,935.3542,432.7895,716.4401,745.9509,1134.227,510.5256,588.3756,857.5745,476.0264,561.1423,916.6827,580.5193,1241.083,552.2879,1128.321,505.8124,766.7004,558.624,959.4337,458.4249
"2025-10-21 22:30:00",24,"NAN",11.91,677.8454,722.9103,1113.138,480.5714,562.696,833.4146,445.8539,530.6281,893.6226,556.2322,1221.516,522.6369,1102.257,480.1195,741.3749,532.479,937.5333,433.6582,718.691,752.3036,1137.376,512.2548,589.1371,860.5029,477.1973,562.9539,918.1636,581.5935,1245.898,553.5753,1130.095,507.0183,766.4865,560.2951,961.8002,459.5708
"2025-10-21 22:45:00",25,"NAN",11.91,679.2391,728.6492,1116.515,481.6284,563.1627,835.8177,448.5071,531.8239,895.2819,556.9978,1226.056,523.5046,1103.717,481.3014,746.0959,532.4325,939.7921,434.7874,720.6946,758.6425,1140.753,513.5047,590.0596,863.2368,480.3193,564.3984,919.8015,582.6022,1250.893,554.4397,1131.796,508.3292,771.3746,560.1909,964.2073,460.974
"2025-10-21 23:00:00",26,"NAN",11.89,681.4983,733.7718,1119.747,483.1295,563.9543,839.4739,450.6396,533.2939,896.8897,557.7966,1231.587,524.5076,1109.75,482.5201,746.6836,532.2932,941.7842,435.5625,722.9225,763.7499,1144.255,515.3607,590.5926,861.9427,482.4193,565.6805,921.2524,583.4297,1256.312,555.5704,1137.928,509.6918,772.0312,560.1168,966.3552,461.8342
"2025-10-21 23:15:00",27,"NAN",11.92,680.3862,741.0067,1122.974,484.5269,564.5538,842.4155,451.5905,534.3981,898.3142,558.5165,1235.959,525.0797,1107.594,483.4453,743.7113,533.6377,944.0974,436.5535,722.2878,771.2469,1147.73,516.6909,591.8437,870.1456,483.7661,566.881,923.152,584.5669,1260.751,556.3405,1136.042,510.8432,769.387,561.7286,968.7408,462.8272
"2025-10-21 23:30:00",28,"NAN",11.92,685.0519,749.5474,1126.077,486.0141,565.3514,846.6166,452.9518,535.6995,899.6241,559.1497,1241.807,525.7967,1108.122,484.5114,747.5513,534.801,946.2975,437.3789,726.7215,779.5517,1150.765,518.3848,592.4529,874.1917,485.3111,568.4919,924.6838,585.2129,1266.653,557.0361,1136.789,512.403,773.2783,562.9619,971.1522,464.1333
"2025-10-21 23:45:00",29,"NAN",11.92,687.4409,754.7659,1129.494,487.4592,574.7346,880.4305,455.3,536.8278,901.1865,559.9256,1247.572,526.4718,1109.618,485.5271,750.5311,536.2043,948.3843,438.1299,729.4533,785.4853,1154.378,520.1323,602.3528,908.6818,487.8036,569.938,926.3447,586.251,1272.565,558.0931,1138.282,513.5032,776.6656,564.5499,973.8367,465.033
"2025-10-22 00:00:00",30,"NAN",11.9,689.0308,760.6252,1132.553,488.74,575.7508,885.2685,455.1954,538.1774,903.0728,560.8607,1252.902,527.3517,1111.902,486.8027,752.3131,536.824,950.8712,439.3055,731.3909,791.0515,1157.67,521.348,603.257,913.4406,487.7904,571.0078,928.3387,587.1511,1277.654,558.8946,1140.527,514.7253,778.4226,565.0643,976.0629,466.2204
"2025-10-22 00:15:00",31,"NAN",11.92,690.9333,766.6638,1135.759,490.2962,576.6957,888.2062,461.3213,539.4659,904.3729,561.5764,1260.339,528.0474,1113.753,487.7909,754.5853,537.7505,953.122,440.2978,733.4536,797.2345,1160.845,522.8148,604.3848,916.3281,493.8486,572.4354,929.9495,588.1409,1285.094,559.7766,1142.434,515.8068,780.9648,565.9769,978.404,467.1551
"2025-10-22 00:30:00",32,"NAN",11.93,692.4925,772.2565,1139.037,491.552,577.4072,890.7228,462.9872,540.455,905.9402,562.2938,1266.141,528.5629,1115.511,488.7387,759.1844,538.8277,955.4481,441.1165,735.1019,802.7606,1164.499,524.6995,605.1932,919.402,495.9883,573.7952,931.7491,588.7707,1290.494,560.7048,1144.55,516.8876,785.4856,567.3842,980.8143,468.3678
"2025-10-22 00:45:00",33,"NAN",11.92,693.7735,777.7976,1142.027,492.8175,578.1851,893.6992,464.2593,541.634,907.423,562.9081,1270.838,529.3254,1117.268,489.6755,759.1316,540.33,957.5887,441.8325,736.9857,808.549,1167.359,526.0193,606.4766,922.5038,497.2921,575.1997,933.3018,589.8501,1295.776,561.765,1146.388,518.2143,785.7982,569.3732,983.1106,469.4899
"2025-10-22 01:00:00",34,"NAN",11.92,696.1215,781.1882,1145.126,494.1133,579.1383,896.8478,464.4691,542.8854,909.1787,563.7537,1263.989,529.985,1117.865,490.8402,758.1556,541.8123,959.7935,442.7531,738.8188,812.0703,1170.616,527.2962,607.4715,925.705,497.492,576.3886,934.9515,590.6666,1288.804,562.3416,1147.057,519.4357,784.9659,570.7083,985.6001,470.4692
"2025-10-22 01:15:00",35,"NAN",11.88,697.9699,784.8261,1147.92,495.5223,579.9322,899.2502,466.3186,543.9264,910.4464,564.2719,1237.168,530.3096,1119.217,491.6607,761.0056,542.8012,961.9058,443.6063,741.2618,815.9285,1174.055,529.0839,608.8781,928.3754,500.0796,577.8592,936.5,591.3929,1263.702,562.8311,1148.694,520.3253,788.2522,571.8561,987.9498,471.2062
"2025-10-22 01:30:00",36,"NAN",11.92,701.1888,792.5728,1150.722,496.7316,580.5543,897.8272,472.261,545.0757,911.7512,564.9365,1245.599,530.9252,1120.959,492.6451,761.2892,542.7068,963.9789,444.2935,744.5486,823.6946,1176.311,530.5515,609.4256,927.0947,506.12,579.08,937.8759,592.1652,1272.078,563.7375,1150.516,521.7779,788.3054,572.2424,989.9915,472.1868
"2025-10-22 01:45:00",37,"NAN",11.93,701.1027,793.1472,1153.725,498.3325,581.526,901.5128,473.5966,546.2239,913.1889,565.7524,1256.242,531.6498,1123.373,493.7917,763.9409,544.3608,966.0804,445.154,744.6435,824.4481,1179.467,531.9744,610.1381,930.6624,507.3654,580.5182,939.9095,593.5586,1282.379,564.4191,1153.029,522.881,791.1669,573.8575,992.1283,473.2102
"2025-10-22 02:00:00",38,"NAN",11.92,699.5007,797.2098,1156.676,499.5751,582.1199,903.6513,475.0126,547.2748,914.6308,566.3271,1257.377,532.0126,1124.272,494.8515,764.2968,545.9567,968.3599,446.1572,743.4462,828.7512,1182.341,533.5341,611.248,932.8818,508.8008,581.6406,941.1316,593.9384,1283.432,565.0955,1154.245,524.08,791.4523,575.4658,994.4183,474.1917
"2025-10-22 07:00:00",39,"NAN",11.92,743.3529,883.2817,1221.658,527.1836,613.781,962.6665,528.8589,557.7708,953.4623,587.202,1329.381,544.4153,1159.714,524.9211,812.7863,577.8986,1021.982,475.6366,778.8261,892.4247,1230.469,539.6462,620.1953,971.6434,537.4618,570.9327,960.9326,593.8469,1340.901,556.9836,1173.104,532.5669,818.0436,584.3702,1028.324,481.0696
"2025-10-22 07:15:00",40,"NAN",11.92,748.4402,880.6435,1230.464,532.2806,608.8638,934.7776,526.6414,564.181,959.2252,590.2286,1334.769,548.256,1166.703,528.3339,817.079,580.7147,1029.173,478.6768,783.847,889.7678,1239.37,544.5689,615.0129,943.4526,535.5996,577.4677,966.7147,596.9282,1346.153,561.0483,1179.626,535.9571,822.1411,587.4941,1035.185,483.813
"2025-10-22 07:30:00",41,"NAN",11.92,762.47,878.1774,1236.441,537.5636,621.8201,971.2076,529.0943,571.4879,963.7508,593.4805,1339.552,553.563,1171.725,531.6487,819.1249,583.8218,1033.557,481.5812,789.103,887.443,1244.538,548.8852,625.3763,980.4161,538.3148,584.5095,970.8043,600.1033,1351.519,566.2612,1184.553,539.5737,824.8877,590.2666,1039.729,486.6418
"2025-10-22 07:45:00",42,"NAN",11.93,764.3746,873.3622,1240.434,540.0098,614.8531,939.9796,532.392,576.1951,966.2408,595.2783,1342.861,556.4993,1174.95,534.0945,820.7474,584.3321,1036.814,482.7813,791.0374,882.1458,1248.914,551.7963,620.8151,948.5423,541.2208,589.2204,973.3884,601.5806,1353.919,569.0914,1188.056,541.2262,826.3004,591.1461,1042.978,488.145
"2025-10-22 08:00:00",43,"NAN",11.89,767.5862,869.5122,1244.765,542.4929,616.7753,941.2859,535.0247,579.6725,969.7081,596.5726,1346.724,558.8383,1178.852,535.3263,822.6378,586.9117,1040.696,484.3437,794.3357,878.0139,1253.44,554.0496,623.237,950.0743,543.5845,592.9215,976.5706,603.5,1358.451,571.0747,1192.505,542.5259,828.3505,593.8931,1046.761,489.326
"2025-10-22 08:15:00",44,"NAN",11.93,758.4813,848.7957,1238.955,532.107,606.4098,930.9084,522.8984,570.6396,961.2286,586.2199,1341.743,548.5664,1172.297,523.842,812.5907,576.5443,1033.28,472.8057,795.3349,868.7834,1257.508,556.1066,625.3026,950.7449,545.0425,595.3054,979.4394,605.0225,1361.538,572.8881,1195.219,543.1579,830.0177,596.7021,1050.735,490.7232
"2025-10-22 08:30:00",45,"NAN",11.89,760.8701,831.7806,1242.443,533.3348,608.0426,930.8242,519.4827,572.3356,963.4301,587.393,1344.563,548.7362,1174.741,524.0567,814.1656,577.9317,1035.689,473.0953,797.8302,851.8427,1260.713,556.9066,626.6627,951.0843,541.282,597.0474,981.9881,605.7121,1364.857,572.7995,1197.982,543.716,831.5861,598.2085,1053.571,491.1679
"2025-10-22 08:45:00",46,"NAN",11.92,762.8198,799.946,1245.65,533.2802,609.3407,930.0765,520.174,573.4715,965.8347,588.0663,1348.727,548.3115,1177.353,523.7882,816.8734,579.9171,1039.023,473.1723,799.7056,819.9019,1263.916,557.2275,628.3792,950.4947,542.5745,598.5806,984.2445,606.9772,1369.101,572.7974,1200.463,543.8279,834.3862,601.0986,1056.881,491.2852
"2025-10-22 09:00:00",47,"NAN",11.9,764.7606,766.7081,1248.176,532.3347,610.7339,927.7717,521.459,574.1108,967.937,588.8255,1350.847,547.1429,1178.881,523.7654,819.1994,581.7578,1041.743,473.7502,802.0493,786.0732,1265.943,556.0552,629.5333,948.1066,543.602,599.1366,986.2567,607.6535,1370.799,571.8089,1201.984,543.4257,836.502,602.6073,1059.134,491.655
"2025-10-22 09:15:00",48,"NAN",11.93,766.9623,721.4427,1250.219,531.3342,612.4067,920.7414,523.4461,574.01,970.1403,589.6846,1352.417,545.8549,1181.155,523.2693,820.4023,577.6146,1043.717,474.0012,803.8318,739.4306,1267.709,554.6468,630.82,940.7409,545.3585,598.4016,988.3694,607.8674,1371.835,569.5189,1203.584,542.5793,837.5257,598.3634,1060.521,491.4214
"2025-10-22 09:30:00",49,"NAN",11.92,769.6016,849.1904,1254.964,531.4498,614.5909,915.3569,525.1103,574.9348,973.5197,591.614,1355.726,545.5679,1183.657,523.9368,819.4265,579.5698,1047.22,475.5363,804.2302,868.4102,1270.499,552.8228,631.1972,932.8359,545.1847,597.4204,989.6434,608.0688,1372.621,567.4911,1203.776,541.2538,835.1102,597.9847,1061.909,490.7065
"2025-10-22 09:45:00",50,"NAN",11.91,758.0727,854.6625,1247.313,516.4349,601.7295,894.2957,512.5612,560.1722,964.4776,578.978,1350.293,529.8743,1175.34,509.9437,813.8359,569.5532,1037.217,461.181,804.5107,887.9813,1273.569,551.4753,642.9053,959.0917,548.3198,596.5748,993.4442,608.897,1375.558,565.001,1206.495,541.0377,842.8614,603.2473,1064.856,491.0875
"2025-10-22 10:00:00",51,"NAN",11.92,759.9745,849.4636,1250.221,516.3705,613.8357,918.7979,516.7952,558.7863,968.5604,581.4398,1352.375,526.9836,1178.042,510.2056,810.976,572.3149,1040.301,462.4733,806.9072,883.0433,1276.404,551.7856,644.9092,950.4033,553.2523,595.0045,997.2991,611.304,1378.12,562.7232,1208.925,541.5878,840.4449,606.1395,1068.084,492.7982
"2025-10-22 10:15:00",52,"NAN",11.9,762.6366,841.5587,1252.691,516.1993,617.181,911.3714,518.639,557.1489,972.9836,584.0406,1353.114,524.0554,1181.155,510.7196,810.4403,571.3787,1042.941,463.9237,809.2746,875.3382,1278.819,551.2458,648.4646,942.8654,555.0228,593.2521,1001.662,614.0853,1378.306,559.5353,1212.146,542.0011,840.0723,606.0897,1070.504,494.3252
"2025-10-22 10:30:00",53,"NAN",11.9,761.7844,826.6715,1252.032,513.4131,616.7682,902.5309,518.8199,554.7466,973.6865,583.7535,1350.571,521.2301,1179.69,508.6439,810.827,566.5882,1042.014,462.6823,809.1934,860.7357,1278.149,548.6724,648.3545,934.2841,555.3136,591.2184,1002.387,613.8018,1376.624,556.9369,1210.856,540.443,840.3942,600.7973,1069.698,493.2148
"2025-10-22 10:45:00",54,"NAN",11.93,762.5887,814.1495,1251.644,512.5789,608.9919,864.7794,518.4236,552.6373,976.5137,585.6718,1350.149,518.9419,1180.949,508.6169,809.157,564.4612,1043.022,462.7982,809.2003,848.4322,1278.1,547.8605,640.4408,896.4796,554.8338,589.2293,1005.292,615.565,1375.428,555.0936,1212.324,540.4532,838.8123,599.0178,1070.84,493.6692
"2025-10-22 11:00:00",55,"NAN",11.93,764.316,808.204,1253.932,514.0005,623.9617,897.9039,518.8002,550.7991,982.3845,589.1887,1351.875,517.2094,1184.815,510.8283,811.1088,565.5831,1047.366,464.9509,811.3408,842.7327,1280.039,549.1802,655.6277,929.8159,555.6444,587.8699,1010.929,619.1131,1378.045,553.4117,1215.458,542.5532,840.881,600.2406,1075.013,495.4685
"2025-10-22 11:15:00",56,"NAN",11.93,769.4329,808.7819,1261.725,522.3212,637.233,904.6836,519.8032,549.2772,993.4706,600.4384,1358.741,515.5988,1195.412,517.5621,814.8263,570.5834,1057.492,473.0752,815.9428,843.3793,1287.907,557.3564,668.6595,936.7543,556.4152,586.3005,1022.202,630.4306,1383.917,551.8411,1226.062,549.2556,844.6394,605.4645,1084.727,503.3839
"2025-10-22 11:30:00",57,"NAN",11.92,772.8461,800.2636,1272.389,534.5419,654.7835,911.3582,516.4291,547.3497,1011.07,616.0768,1360.297,514.5488,1205.969,523.1035,816.4708,573.6743,1068.101,481.4977,819.8673,835.14,1298.191,569.5511,686.0605,943.0757,553.2512,584.4836,1038.761,645.8258,1386.146,551.1021,1236.168,554.9052,846.5322,608.4601,1095.529,511.8887
"2025-10-22 11:45:00",58,"NAN",11.88,778.2678,806.3018,1288.444,550.8639,673.3975,917.1428,520.3931,545.9348,1032.546,634.2485,1361.914,511.8504,1218.098,531.1959,819.6784,576.0406,1078.679,487.2832,824.8717,840.5532,1313.447,585.2102,704.3065,948.8691,557.2847,583.1464,1060.38,663.2552,1387.069,548.0775,1248.047,562.3171,849.2939,610.8373,1105.524,517.5345
"2025-10-22 12:00:00",59,"NAN",11.9,785.516,797.4524,1311.908,569.4576,707.2466,939.0817,521.0458,543.7133,1061.292,658.3662,1367.089,508.9216,1237.492,542.4387,823.7871,582.9899,1093.935,494.1821,831.6164,832.0999,1336.197,602.9968,737.1402,970.1512,557.9431,581.0024,1087.961,687.1555,1391.7,545.064,1266.384,573.3693,853.3798,617.7002,1120.417,524.1118
"2025-10-22 12:15:00",60,"NAN",11.93,786.4932,795.5355,1332.687,579.7328,742.5836,952.6232,521.2903,541.7358,1087.896,680.2858,1373.915,506.4861,1252.888,550.7433,829.7355,587.6636,1105.73,501.4384,832.3718,829.8965,1355.275,612.4391,771.8143,983.2748,558.1195,579.0078,1113.807,708.1277,1398.452,543.0739,1280.226,581.3475,858.8992,622.0516,1131.653,530.939
"2025-10-22 12:30:00",61,"NAN",11.93,784.2529,789.3328,1325.686,572.6415,732.5055,896.61,520.602,537.8865,1087.885,676.632,1369.918,504.4761,1248.627,543.3704,821.8511,578.4907,1102.26,493.6042,830.2097,824.1035,1349.388,606.3687,761.7834,928.1166,557.2623,575.5061,1113.7,704.4975,1394.058,540.8491,1276.716,574.2542,851.0732,613.0984,1128.38,523.626
"2025-10-22 12:45:00",62,"NAN",11.95,775.0756,787.4238,1334.879,579.7243,752.5591,933.0478,521.1409,535.4194,1099.738,685.2394,1370.237,501.7573,1252.776,544.5372,820.7389,580.5527,1105.689,495.7973,826.2051,822.5756,1357.837,613.1683,781.2779,964.3261,558.097,572.791,1125.155,712.7282,1394.7,538.1095,1280.703,575.1247,850.1779,615.1552,1131.609,525.5052
"2025-10-22 13:00:00",63,"NAN",11.92,781.3987,790.6652,1337.217,580.2224,753.4771,932.8183,520.386,532.8092,1103.06,687.6523,1366.323,500.7037,1249.314,543.2221,817.3104,580.8011,1103.267,495.2038,827.4286,826.0711,1359.889,613.5376,782.6743,964.425,557.5112,570.3339,1128.325,715.2563,1391.143,537.0447,1277.162,574.1599,847.2412,615.6287,1129.392,525.3867
"2025-10-22 13:15:00",64,"NAN",11.93,784.2028,790.2973,1347.469,587.0773,760.3594,924.5748,519.9721,531.4962,1117.978,696.7451,1359.306,500.3406,1254.225,545.5305,818.4844,583.3679,1107.545,498.8338,830.0649,825.0457,1369.649,619.8121,789.3809,956.567,556.7983,568.9822,1142.441,724.0105,1384.186,536.3994,1281.843,576.1192,847.7877,617.8499,1133.495,528.5426
"2025-10-22 13:30:00",65,"NAN",11.91,785.4697,800.2878,1356.906,595.8071,780.8414,931.0409,518.6163,531.515,1132.32,701.8703,1362.832,499.6989,1259.111,551.1823,820.9964,589.319,1110.664,503.715,830.9234,835.5482,1378.426,628.5303,808.7023,962.3873,555.1095,569.0275,1156.419,728.6915,1387.162,535.7408,1285.885,581.6515,850.0113,623.6647,1136.193,533.2247
"2025-10-22 13:45:00",66,"NAN",11.93,777.5037,802.6729,1340.496,580.6516,762.3126,909.5856,516.2778,529.274,1112.077,689.2242,1354.524,499.4004,1245.697,539.2404,810.575,579.1492,1098.017,492.3708,823.778,837.9182,1363.073,613.9993,791.1234,941.3593,553.1717,566.7318,1137.255,716.6025,1379.259,535.4728,1273.763,570.1722,839.9585,613.88,1124.266,522.4525
"2025-10-22 14:00:00",67,"NAN",11.93,758.2377,762.4329,1299.559,546.5126,717.5634,865.6738,509.8583,524.258,1070.385,649.1319,1334.636,498.4993,1215.353,515.2853,791.6228,554.3712,1068.32,469.4936,805.3474,798.5328,1324.906,581.5394,747.6426,899.4101,547.287,562.4566,1097.32,678.0165,1360.905,535.3824,1245.034,547.5366,822.256,590.4485,1095.807,500.7067
"2025-10-22 14:15:00",68,"NAN",11.93,752.2846,758.9058,1276.777,530.0919,687.0513,856.15,508.9425,522.8871,1047.299,623.65,1328.384,499.4363,1198.635,502.0083,795.1223,548.1024,1053.162,457.5217,800.4346,795.3609,1303.348,566.5959,718.6065,890.7238,547.2093,561.5613,1075.581,654.1814,1356.082,536.8089,1229.725,535.0583,826.5804,585.0791,1081.799,489.519
"2025-10-22 14:30:00",69,"NAN",11.92,745.4451,755.7961,1255.601,517.4623,660.6947,845.8279,506.3551,521.7852,1026.363,603.5907,1321.751,500.2099,1183.441,493.0934,781.2234,539.1876,1037.582,449.0176,793.9448,792.4058,1283.395,554.7265,693.1443,880.6053,544.6138,560.8871,1055.461,634.6774,1349.442,537.7382,1215.727,526.7383,812.7477,576.4521,1066.887,481.6795
"2025-10-22 14:45:00",70,"NAN",11.94,742.2519,770.5929,1241.572,510.6844,640.6909,845.512,504.2698,522.0739,1011.039,589.9211,1318.45,501.4692,1172.957,488.8441,779.1811,536.1626,1027.486,444.8321,791.2403,807.5331,1269.658,548.3219,673.6014,880.606,543.0815,561.5722,1040.358,621.5548,1347.012,539.3579,1205.811,522.9125,811.218,573.5906,1057.353,477.8978
"2025-10-22 15:00:00",71,"NAN",11.93,737.4836,758.3015,1226.564,505.2247,622.4396,841.8912,502.1948,521.8516,995.8033,580.0369,1312.088,502.1749,1161.253,485.924,775.3685,533.4599,1015.735,441.7925,787.0676,795.3801,1255.489,543.443,656.1276,877.212,541.3511,561.6432,1025.759,612.3497,1340.876,540.6184,1194.405,520.4351,807.8037,571.3896,1046.024,475.0773
"2025-10-22 15:15:00",72,"NAN",11.93,734.0019,721.6909,1213.546,500.8586,606.17,835.8715,499.5981,521.7846,982.5798,571.2844,1306.898,503.3741,1151.131,483.653,772.7682,529.2574,1005.96,439.4666,783.7338,758.316,1243.217,539.4679,640.1088,871.5934,538.7145,561.7578,1013.245,603.6419,1335.736,541.5989,1185.107,518.0638,805.2099,567.2421,1036.52,473.0639
"2025-10-22 15:30:00",73,"NAN",11.93,732.8659,697.7862,1205.823,500.0074,594.7887,833.751,473.7448,522.2758,976.2643,565.9303,1304.673,504.5452,1144.652,483.4835,771.9149,529.0826,1000.183,439.0019,782.6523,735.0673,1235.603,538.8818,629.0522,869.4435,511.5609,562.4781,1007.138,598.7455,1334.206,543.4063,1178.814,518.2491,804.8613,567.3026,1031.04,472.8329
"2025-10-22 15:45:00",74,"NAN",11.93,735.2808,713.9294,1205.164,502.3908,589.2665,841.9858,502.5585,524.9088,970.2228,564.7845,1307.806,506.2969,1143.715,485.1554,773.7432,534.2217,1000.697,440.7696,785.234,750.8828,1235.245,541.4977,623.6896,877.7482,541.6368,565.3229,1001.898,598.1214,1336.677,544.9404,1178.188,520.0772,806.5298,572.3391,1031.848,474.6549
"2025-10-22 16:00:00",75,"NAN",11.9,739.2358,770.0369,1211.709,512.4054,590.6542,860.5753,504.6791,528.0236,975.6756,572.7115,1310.389,507.726,1144.927,490.0121,775.9984,545.0402,1003.911,446.3609,788.6766,807.6867,1241.305,550.5811,624.9438,895.7256,543.7059,568.2036,1006.425,605.3476,1339.993,546.1384,1178.733,524.809,808.3548,583.1682,1034.648,479.8621
"2025-10-22 16:15:00",76,"NAN",11.93,731.4605,740.0262,1197.443,504.489,579.6341,832.2807,499.3283,525.869,960.6977,562.6388,1216.395,505.3999,1133.051,485.9897,770.7252,539.2631,991.0347,441.9284,780.937,777.1489,1228.044,543.1391,614.1256,868.5096,538.33,566.0081,992.0226,595.4612,1246.484,543.8334,1167.506,520.9198,803.5245,577.7128,1022.515,475.4812
"2025-10-22 16:30:00",77,"NAN",11.92,730.7617,718.5156,1192.763,502.7758,574.6603,830.0135,498.5735,526.0524,955.0049,557.8439,1254.868,505.3142,1128.804,485.1344,769.2048,536.4897,987.8421,440.8259,781.0854,755.5817,1223.505,542.1105,609.4602,865.9843,538.1895,566.2581,986.7781,591.5092,1285.905,544.0874,1164.156,520.2305,802.1017,574.8488,1019.184,474.9706
"2025-10-22 16:45:00",78,"NAN",11.93,731.5204,741.3901,1197.119,503.9393,572.1194,834.3751,499.3864,527.3207,952.7037,556.5142,1269.799,506.6141,1127.141,486.007,769.8001,537.7143,987.4219,441.5598,782.2031,778.6436,1227.749,542.9943,607.2721,870.4724,538.9271,568.0392,984.4268,589.8345,1301.174,545.6108,1162.186,521.4324,802.9935,576.0131,1019.302,475.7597
"2025-10-22 17:00:00",79,"NAN",11.9,730.4618,742.4056,1190.433,503.968,569.5532,837.439,498.5227,527.7622,949.576,555.7841,1276.453,508.642,1123.853,486.5203,770.7924,537.925,985.3629,442.1208,780.9401,779.8243,1221.061,542.9892,604.5336,873.4633,538.062,568.0607,981.4832,589.191,1307.779,547.6606,1159.136,521.6609,803.8886,576.5646,1017.015,476.4014
"2025-10-22 17:15:00",80,"NAN",11.93,725.577,702.5765,1184.235,502.3603,556.9434,802.0514,497.4912,527.5072,943.9631,553.7751,1278.701,509.3008,1118.31,485.9239,769.6002,534.9418,979.9373,441.0528,775.9361,739.9854,1215.437,541.7054,591.8786,838.3055,536.8683,568.1623,976.3166,587.4008,1309.191,548.53,1153.866,521.2647,802.7915,573.4915,1011.691,475.3311
"2025-10-22 17:30:00",81,"NAN",11.93,726.0754,698.1735,1181.842,503.2672,554.6642,798.1849,495.6573,527.8349,941.4813,553.2919,1281.873,510.5876,1115.187,486.4465,769.6098,533.3389,977.6667,441.3297,776.3831,736.0511,1212.96,542.4507,589.6584,834.2903,535.1487,568.5306,973.1993,586.5554,1313.259,549.558,1150.206,521.8917,802.7493,571.6133,1009.526,475.5055
"2025-10-22 17:45:00",82,"NAN",11.89,726.4642,689.6733,1180.5,504.4906,552.7775,796.7809,494.9135,528.4432,939.3386,553.1545,1285.196,511.6389,1111.754,487.1833,769.6718,532.2526,976.3397,441.8512,776.3682,727.3474,1211.69,544.3667,587.7897,832.6749,534.3114,569.2303,971.938,586.7366,1315.823,550.5823,1147.506,522.3721,802.9709,570.5229,1008.3,476.1172
"2025-10-22 18:00:00",83,"NAN",11.92,725.8265,680.6474,1179.535,505.6183,551.1298,797.2463,493.938,529.2797,937.6219,553.0542,1287.649,512.7422,1109.64,487.8439,778.2574,533.2621,974.9677,442.4971,776.1239,718.1556,1210.487,545.2914,586.4382,833.0474,533.7273,569.9518,969.8558,587.1006,1318.255,551.9945,1145.317,523.4761,811.8497,571.2745,1007.039,476.9324
"2025-10-22 18:15:00",84,"NAN",11.93,725.8682,696.9603,1179.011,507.2362,549.9788,799.2885,489.0914,530.2652,936.3859,553.2741,1290.437,514.0179,1107.942,488.8462,769.9418,531.2593,973.9517,443.2347,775.8831,734.1981,1209.905,546.9904,584.9787,835.2401,528.8044,570.8173,968.5282,587.096,1321.611,553.0215,1143.465,524.257,803.0753,568.9566,1005.978,477.6188
"2025-10-22 18:30:00",85,"NAN",11.93,725.7127,710.1837,1178.561,508.6721,548.763,802.3998,488.108,531.0325,935.0958,553.3305,1291.68,515.0939,1106.5,489.8152,769.7325,530.2946,973.1287,443.998,775.6501,748.0005,1210.202,548.5891,583.9197,838.6135,528.1789,571.759,967.7748,587.1894,1322.445,554.1636,1142.259,525.2507,803.1671,567.9846,1005.119,478.5359
"2025-10-22 18:45:00",86,"NAN",11.92,725.512,723.8942,1179.001,510.3896,547.7628,806.979,489.3308,532.0767,934.2646,553.6345,1294.268,516.1668,1105.079,490.6907,770.0121,528.8204,972.5018,444.8594,776.0352,762.0773,1210.253,550.3065,583.0818,843.2552,529.3658,573.1287,966.8829,587.7025,1325.533,555.3994,1141.077,526.2896,803.7633,566.2545,1005.051,479.4524
"2025-10-22 19:00:00",87,"NAN",11.93,726.2128,739.3616,1179.682,512.2042,547.9789,811.4727,490.5782,533.2318,933.7083,554.5493,1297.36,516.6646,1104.059,492.0771,770.9768,527.9769,972.6848,446.0695,776.8575,777.012,1211.012,552.1818,582.7184,847.4219,530.5471,574.1907,966.7038,588.7524,1327.894,555.9699,1140.269,527.7481,804.6499,565.238,1005.145,480.6433
"2025-10-22 19:15:00",88,"NAN",11.93,726.9503,754.7348,1180.988,514.0679,547.1376,816.4243,489.4854,534.4908,936.4055,555.6388,1300.293,517.0005,1103.82,493.5634,771.9371,528.0229,973.2238,447.3464,777.5659,792.22,1212.487,554.1279,582.5481,852.3623,529.6049,575.4568,969.3221,589.8304,1330.493,556.4556,1140.105,529.5557,805.42,565.0928,1005.647,482.2204
"2025-10-22 19:30:00",89,"NAN",11.9,727.8826,760.3115,1182.509,516.3832,547.1682,820.0246,489.3219,535.7759,933.8438,556.7993,1303.074,518.8671,1104.448,495.2686,772.6862,527.2712,973.9481,448.6526,778.125,798.097,1214.393,556.4167,582.4864,857.3243,529.244,576.6551,966.9137,590.9461,1333.725,558.2264,1140.714,530.9951,806.3611,564.2393,1006.555,483.5684
"2025-10-22 19:45:00",90,"NAN",11.93,728.3555,762.3163,1184.269,518.3054,547.348,826.4235,489.914,537.0869,933.8762,557.7189,1306.16,520.4007,1104.477,496.6105,770.6964,528.3782,974.7541,449.8111,779.084,800.3746,1216.155,558.901,583.1617,862.6719,530.1614,578.1953,967.5589,592.0841,1336.726,560.144,1141.669,532.6062,804.6584,565.5091,1007.562,484.955
"2025-10-22 20:00:00",91,"NAN",11.89,729.0293,776.3673,1186.592,520.4651,547.7396,831.8926,491.0801,538.4458,934.1338,558.677,1308.746,521.9285,1105.266,498.1158,771.1478,528.6477,975.9428,451.1312,780.0541,814.0966,1218.493,561.1343,583.6588,868.337,531.5563,579.6497,967.7883,593.124,1339.448,561.6663,1142.123,534.4677,805.4402,565.6907,1008.746,486.2353
"2025-10-22 20:15:00",92,"NAN",11.92,730.4605,791.9114,1189.488,522.9114,548.7003,837.5794,492.4547,540.1432,935.173,560.0718,1312.001,523.6334,1106.811,499.8829,770.3436,530.5281,977.646,452.6548,781.1359,829.7458,1221.361,563.4537,584.3397,874.0039,532.8091,581.2599,968.8321,594.3958,1342.302,563.506,1143.307,536.0483,804.5574,567.3811,1010.477,487.7793
"2025-10-22 20:30:00",93,"NAN",11.93,731.3407,526.639,1194.521,524.9166,549.248,843.4398,494.0061,541.5477,935.4138,560.9179,1314.979,524.9334,1107.065,501.246,775.9843,531.6131,979.1434,453.8566,782.7651,563.813,1226.452,565.8622,585.3109,879.8544,534.6204,583.0256,969.0271,595.972,1345.889,564.975,1144.256,537.6389,810.0817,568.5712,1012.285,489.11
"2025-10-22 20:45:00",94,"NAN",11.92,732.5465,514.0771,1192.563,526.7744,549.9617,848.5541,495.1883,542.917,936.4368,562.0731,1317.87,526.1376,1108.431,502.7398,776.9057,531.8306,980.8274,455.1252,783.8378,551.6307,1224.442,567.7659,586.4268,885.2847,536.177,584.4437,970.0179,597.031,1348.682,566.316,1145.373,539.1404,811.2394,568.8873,1014.007,490.6157
"2025-10-22 21:00:00",95,"NAN",11.93,734.3494,509.2327,1195.498,529.0018,551.0886,853.531,496.9821,544.5669,937.5311,563.2607,1321.444,527.3215,1109.885,504.3876,777.9568,532.9825,983.1742,456.5346,785.7056,547.07,1227.53,570.2515,587.3737,890.2473,537.8489,586.2372,971.5573,598.4932,1352.42,567.5715,1147.196,541.0994,812.3134,570.0695,1016.511,492.0457
"2025-10-22 21:15:00",96,"NAN",11.9,736.428,505.3696,1198.824,531.2567,552.6138,857.8896,497.9264,546.2397,938.962,564.5197,1325.256,528.4341,1111.379,506.0068,779.5524,534.8155,985.2937,457.9087,787.4192,542.9977,1231.064,572.5482,588.661,894.3214,538.8262,588.0587,973.3507,599.6675,1355.462,568.7822,1148.868,542.9058,813.9464,572.1125,1018.476,493.7347
"2025-10-22 21:30:00",97,"NAN",11.93,736.9795,501.7472,1201.842,532.9073,562.0911,894.8378,497.6947,547.5754,939.8087,565.2444,1329.9,529.2964,1112.752,506.6977,780.1804,536.307,987.0422,459.1031,788.8625,539.972,1233.815,574.3488,598.8593,931.8521,538.9877,589.6105,973.7053,600.4058,1360.77,569.8375,1150.039,543.4692,815.0975,573.5953,1020.252,495.0046
"2025-10-22 21:45:00",98,"NAN",11.92,738.2495,498.8633,1204.412,534.5689,554.1858,867.4305,498.6278,548.989,940.104,566.1062,1335.076,530.2642,1113.86,508.0926,790.2627,539.4386,988.7633,460.2896,790.078,537.2595,1236.723,575.936,591.3678,905.3042,539.9165,591.0496,974.442,601.611,1365.713,570.5014,1151.312,544.9041,825.2348,577.0551,1022.241,496.1858
"2025-10-22 22:00:00",99,"NAN",11.93,739.4799,496.9916,1207.122,536.0021,555.3188,872.1445,500.0608,550.0952,940.4066,566.9147,1337.489,531.1553,1114.722,509.2024,782.9633,539.3989,990.3635,461.3316,791.7977,535.5636,1239.175,577.6251,592.2462,909.4191,541.719,592.4092,974.6207,602.423,1368.279,571.7988,1152.606,546.4427,818.0191,577.1296,1024.001,497.5486
"2025-10-22 22:15:00",100,"NAN",11.93,741.2869,494.1948,1210.6,537.9013,556.5862,876.3395,502.4037,551.4205,941.4399,567.7891,1339.442,532.0287,1116.491,510.5053,784.8852,540.9871,992.7715,462.4846,793.6346,533.011,1242.813,579.6735,593.7725,913.5902,544.3249,593.6978,975.7043,603.5033,1370.826,573.1347,1154.45,548.031,820.3019,578.7567,1026.72,498.7595
"2025-10-22 22:30:00",101,"NAN",11.92,743.4781,488.5935,1214.205,539.9619,558.1163,880.2742,505.2741,553.106,942.7806,568.8475,1340.807,532.914,1118.177,511.9222,785.7636,543.008,995.4621,463.834,796.0561,527.5438,1246.585,581.6492,595.4057,917.8398,546.8821,595.5673,977.679,604.7336,1371.645,573.883,1156.508,549.2817,820.9819,580.7659,1029.676,500.354
"2025-10-22 22:45:00",102,"NAN",11.93,745.1938,488.3064,1217.213,541.5146,559.0215,882.7853,505.974,554.3823,944.3384,569.6967,1296.344,533.4201,1119.922,512.999,788.326,544.7862,997.458,464.8593,797.5948,527.5688,1249.979,583.6646,596.2537,920.4531,547.7341,596.9933,979.1933,605.6713,1329.494,574.23,1157.959,550.492,823.8773,582.8289,1031.812,501.6619
"2025-10-22 23:00:00",103,"NAN",11.92,746.1321,486.7669,1220.029,542.8324,560.0496,886.707,504.8097,555.4962,948.6569,570.4619,1312.407,534.17,1121.262,513.8851,790.0813,546.4858,999.4478,465.8539,798.6826,526.1974,1252.783,585.0524,597.4681,924.4772,546.8817,598.1369,983.3821,606.5779,1345.466,575.2805,1159.692,551.6141,825.4097,584.6286,1033.526,502.6076
"2025-10-22 23:15:00",104,"NAN",11.92,748.0163,486.0038,1223.037,544.5278,561.353,890.9707,506.5469,556.7264,947.1538,571.2252,1322.891,534.9744,1123.452,514.7916,791.8185,548.2927,1001.603,466.8548,800.5809,525.2933,1255.436,586.8497,598.8058,928.9745,548.9603,599.3285,982.127,607.6309,1355.182,576.1957,1161.844,552.7164,827.3284,586.669,1035.828,503.7564
"2025-10-22 23:30:00",105,"NAN",11.92,749.4838,484.6119,1226.078,546.2008,562.4595,895.116,511.7691,558.1268,948.769,572.0807,1330.325,536.0112,1125.249,515.8136,793.4274,550.2681,1003.801,468.0796,802.546,523.9865,1258.723,588.6382,600.1132,932.8896,553.5909,601.0789,983.5286,608.1849,1362.63,577.3239,1163.422,553.5153,829.1183,588.47,1038.064,505.0602
"2025-10-22 23:45:00",106,"NAN",11.92,750.9548,483.1923,1229.498,548.0005,563.6496,898.5102,511.4987,559.2558,950.3321,572.7921,1336.519,536.576,1127.359,516.485,795.0961,551.7626,1006.072,469.0849,804.189,523.1089,1262.514,590.4871,601.6009,936.6597,553.821,602.4161,985.6718,609.4851,1369.269,578.03,1166.005,554.6931,831.0104,590.3411,1040.526,506.0574
"2025-10-23 00:00:00",107,"NAN",11.93,752.9073,483.0245,1232.857,549.6872,564.9186,901.4741,512.8751,560.736,951.9347,573.7401,1342.056,537.251,1129.268,517.256,796.4797,554.0392,1008.295,470.0637,806.2032,522.7583,1265.683,592.3276,602.8439,939.825,555.2219,603.9224,987.6569,610.5762,1373.844,578.879,1167.82,555.4573,832.457,592.8531,1043.102,507.3881
"2025-10-23 00:15:00",108,"NAN",11.92,754.6085,479.2006,1240.69,551.1749,566.119,904.8575,514.0923,562.1135,953.324,574.5864,1346.986,537.9968,1130.92,518.0776,797.8049,556.6683,1010.703,471.1658,808.178,519.0087,1273.615,593.7083,603.9671,943.0392,556.4858,605.3648,988.8533,611.2596,1378.8,579.5097,1169.662,556.2596,833.726,595.2828,1045.396,508.4749
"2025-10-23 00:30:00",109,"NAN",11.93,755.8881,476.8826,1238.863,552.088,567.0881,908.0884,512.0408,563.1187,954.7914,575.0914,1350.6,538.2509,1132.707,518.4742,798.5722,558.6613,1012.494,471.7896,809.1887,517.1462,1271.724,594.8757,605.2335,946.4981,554.7104,606.237,990.2,611.936,1382.914,580.2305,1171.398,556.7943,834.6055,597.6377,1047.284,509.0988
"2025-10-23 00:45:00",110,"NAN",11.93,757.4321,474.8917,1241.843,553.5919,568.2183,910.6335,514.2157,564.3044,956.2831,575.8452,1355.041,538.9738,1134.458,518.9973,800.1757,560.7834,1014.675,472.6599,811.1198,515.0739,1274.694,596.1581,606.2595,948.8495,556.7548,607.6733,991.6483,612.6364,1386.715,580.7807,1173.356,557.5238,836.4496,599.7755,1049.408,509.9626
"2025-10-23 01:00:00",111,"NAN",11.92,758.7421,471.463,1244.739,554.8678,569.1105,913.5224,516.9564,565.3148,957.5306,576.3423,1358.668,539.2346,1134.109,519.4186,801.3093,562.5525,1016.682,473.4743,812.1841,511.8493,1277.786,597.9738,607.3932,952.2719,559.9236,608.8108,993.2198,613.6042,1390.486,581.4744,1172.739,557.765,837.5493,601.7016,1051.521,511.1027
"2025-10-23 01:15:00",112,"NAN",11.9,760.3795,470.7683,1247.512,556.2068,570.2646,912.2598,517.9752,566.306,958.8354,577.0807,1361.99,539.7377,1135.75,519.8085,802.9177,564.4492,1018.494,474.0335,814.5825,511.3734,1280.593,599.0791,608.5839,950.6716,560.726,609.9278,994.52,614.248,1393.315,581.8411,1174.587,558.3715,839.3759,603.6738,1053.523,511.5119
"2025-10-23 01:30:00",113,"NAN",11.91,761.6129,471.62,1250.131,557.3251,571.2691,916.2029,519.0317,567.4929,960.2147,577.7548,1364.822,540.3469,1137.295,520.448,813.2827,568.1031,1020.418,474.8471,815.7629,512.051,1283.164,600.3388,609.5495,954.7552,561.8344,610.8268,995.8436,614.8685,1396.271,582.3563,1176.069,559.0915,849.5756,607.5332,1055.538,512.5572
"2025-10-23 01:45:00",114,"NAN",11.93,763.1239,472.064,1252.8,558.5197,572.3506,918.5767,519.854,568.394,961.3257,578.2507,1367.65,540.8263,1138.821,520.8293,805.4335,567.8608,1022.226,475.5388,817.1636,512.733,1285.769,601.3689,610.8375,957.1417,562.9469,612.0761,997.0471,615.4074,1399.255,582.956,1177.879,559.4272,841.8085,607.1616,1057.177,513.1953
"2025-10-23 02:00:00",115,"NAN",11.93,764.215,472.8347,1255.155,558.9808,573.0856,921.217,520.5253,569.2005,962.5181,578.7059,1370.04,541.1457,1140.069,521.119,806.627,568.9873,1023.919,476.0697,818.777,515.1852,1287.993,602.5722,611.8687,960.168,564.084,613.001,998.3798,616.2573,1401.948,583.6467,1179.33,560.3246,843.5456,608.7732,1059.041,513.9373
"2025-10-23 02:15:00",116,"NAN",11.89,765.2305,473.3615,1257.666,560.1016,574.0213,923.9719,521.4416,570.0163,963.4628,579.2999,1372.995,541.504,1141.405,521.3404,803.7798,570.1906,1025.578,476.712,820.0081,514.2122,1290.645,603.8214,612.9667,962.79,564.773,613.9088,999.8768,617.1449,1404.867,584.1327,1180.834,560.6246,840.9005,610.0062,1060.726,515.0199
"2025-10-23 02:30:00",117,"NAN",11.92,765.4944,474.3856,1260.071,561.2175,574.9662,926.2224,521.9347,570.8833,964.7494,579.8801,1375.131,541.9241,1142.5,521.7473,807.3313,571.625,1027.059,477.3372,820.7394,515.5538,1293.233,605.3179,614.1002,965.4852,565.6758,615.0004,1001.124,617.9807,1406.802,584.9577,1182.13,561.2603,844.3621,611.4459,1062.872,515.7736
"2025-10-23 02:45:00",118,"NAN",11.92,767.0078,475.8452,1262.148,562.5029,576.0523,929.0441,522.9991,571.6923,968.9229,580.1854,1377.435,542.462,1143.565,522.1749,808.864,572.2001,1028.716,478.0779,822.112,517.4954,1295.71,606.4382,615.3424,968.2444,566.9878,616.1454,1005.462,618.537,1409.992,585.5253,1183.191,561.9329,846.2308,612.382,1064.426,516.6163
"2025-10-23 03:00:00",119,"NAN",11.9,768.2908,479.1783,1264.78,563.7723,576.9947,930.0499,523.6837,572.5682,967.3531,580.9094,1379.885,543.1116,1145.304,523.0912,810.4169,573.3665,1030.584,478.8884,823.4573,520.6114,1298.014,607.9226,616.5581,969.4052,567.7587,617.116,1003.913,619.0943,1412.269,586.5846,1185.113,562.926,847.5455,613.7457,1066.586,517.6901
"2025-10-23 03:15:00",120,"NAN",11.89,769.3857,479.2669,1267.368,565.2576,578.0034,931.2071,524.6149,573.495,968.7371,581.6912,1382.637,543.8151,1147.058,523.8539,811.6964,574.3577,1032.692,479.9269,825.08,520.7934,1300.81,609.7346,617.5182,970.5737,568.8026,617.9611,1005.614,620.0317,1414.666,587.0119,1186.858,563.7943,849.3228,614.6949,1068.593,518.689
"2025-10-23 03:30:00",121,"NAN",11.92,770.4919,479.9518,1269.883,566.6707,578.9434,933.8733,525.4769,574.647,970.1169,582.419,1384.602,544.4614,1148.679,524.7761,812.828,575.719,1034.354,480.666,825.7776,521.5895,1303.471,611.0216,618.608,973.0753,569.4973,619.3668,1007.267,620.9836,1416.547,587.9587,1188.846,564.8353,850.3488,616.0332,1070.343,519.5651
"2025-10-23 03:45:00",122,"NAN",11.89,771.8683,483.1978,1272.325,567.9747,579.6505,936.7795,526.5246,575.6373,971.3134,583.0682,1386.992,545.0232,1150.222,525.5193,813.8583,576.7285,1036.193,481.4021,827.3234,524.6995,1306.034,612.4035,619.6293,976.0027,570.5817,620.3737,1008.375,621.5791,1419.01,588.6542,1190.303,565.7883,851.5558,617.339,1072.109,520.4094
"2025-10-23 04:00:00",123,"NAN",11.93,773.0237,482.8507,1280.03,569.0985,580.4056,938.979,527.309,576.5643,972.674,583.614,1389.375,545.5444,1151.92,526.4366,815.2603,578.0452,1037.938,482.1005,828.9451,524.6981,1313.321,613.4963,620.4448,978.5397,571.7399,621.3318,1009.943,622.3599,1421.428,588.9551,1192.092,566.553,853.0589,618.466,1074.009,521.2424
"2025-10-23 04:15:00",124,"NAN",11.93,774.4083,483.9224,1277.566,570.4398,581.1548,932.8401,513.3284,577.4611,974.1789,584.2305,1391.506,545.9333,1153.49,527.2718,816.0833,579.5419,1039.582,482.8777,830.0601,526.2189,1311.28,615.0356,621.2249,972.6753,557.9194,622.3557,1011.317,622.5613,1423.971,589.7199,1193.481,567.6449,854.0714,620.2503,1075.858,522.1642
"2025-10-23 04:30:00",125,"NAN",11.89,775.3434,486.1782,1280.164,571.5999,581.9338,931.5737,513.3819,578.3295,975.3149,584.9547,1394.084,546.5215,1155.387,528.1706,817.6211,580.7312,1041.5,483.7175,831.355,528.1978,1313.737,616.1315,622.128,971.5786,558.1082,623.3781,1012.81,623.5336,1426.014,590.2385,1195.701,568.3964,855.4018,621.3419,1077.834,523.0665
"2025-10-23 04:45:00",126,"NAN",11.92,776.7691,487.9008,1282.719,573.009,582.7133,934.7218,514.2379,579.3465,976.8158,585.599,1330.999,546.8489,1157.109,529.1255,818.878,581.9608,1043.493,484.5636,832.8362,530.0998,1316.26,617.622,622.9682,974.8113,559.4013,624.2658,1013.732,624.5516,1366.18,590.6088,1197.188,569.6372,856.744,622.7305,1079.889,523.8242
"2025-10-23 06:30:00",127,"NAN",11.92,778.0524,488.5368,1285.358,574.3904,583.6047,939.6619,513.784,580.2985,978.2491,586.226,1356.013,547.625,1158.357,529.9635,820.119,582.9771,1045.087,485.3814,834.4619,530.6729,1318.816,619.3248,623.8033,979.8036,558.8623,625.4901,1015.884,625.2406,1390.03,591.5858,1198.81,570.4444,858.1362,623.7385,1081.399,524.6745
"2025-10-23 06:45:00",128,"NAN",11.91,804.0818,530.1584,1320.774,593.2491,626.3385,1018.617,556.7444,589.9365,1010.069,611.3503,1431.132,561.8744,1183.63,553.4818,858.1309,619.0641,1080.923,513.3132,843.5527,537.207,1332.025,609.054,635.9989,1030.475,568.8929,606.1612,1020.321,621.2297,1444.094,577.4846,1199.771,564.5008,866.8724,629.7655,1090.433,521.9229
"2025-10-23 07:00:00",129,"NAN",11.92,809.0289,528.1188,1326.715,598.2915,630.087,1023.025,560.5438,597.7413,1014.656,614.9857,1437.826,567.4622,1189.68,556.9394,861.4014,621.966,1086.703,516.2827,848.3707,534.7336,1337.678,613.8667,639.6536,1034.673,572.4725,613.7665,1024.997,625.2651,1450.376,582.8156,1205.88,567.6243,869.9349,632.663,1095.709,525.1152
"2025-10-23 07:15:00",130,"NAN",11.92,814.5057,526.3792,1331.603,602.3849,633.0818,1028.987,563.6135,603.3483,1018.63,617.4492,1443.649,571.4218,1194.303,558.652,863.8912,625.2749,1091.385,518.658,852.3311,533.061,1342.789,617.953,642.564,1040.591,575.7149,619.4331,1028.53,627.2973,1456.643,586.811,1210.384,569.1025,872.5125,636.2494,1100.462,527.331
"2025-10-23 07:30:00",131,"NAN",11.88,824.8287,524.1354,1335.569,605.5441,635.5194,1031.077,566.0549,607.6227,1021.553,619.3154,1447.603,573.9808,1197.882,558.965,865.5366,627.8168,1094.789,520.0305,855.6542,530.5718,1346.692,620.7452,644.6398,1042.654,578.01,623.4493,1031.668,629.0314,1460.402,589.5151,1214.154,569.5988,873.8126,638.7356,1103.66,528.6841
"2025-10-23 07:45:00",132,"NAN",11.92,827.6166,522.7958,1339.488,607.8876,627.3469,996.5497,568.556,610.6832,1024.344,620.6523,1450.675,576.0888,1201.018,558.929,866.8975,630.2758,1098.042,521.2933,858.4737,529.3314,1350.203,622.9063,636.2888,1007.842,580.1641,626.5391,1034.442,630.5311,1463.798,591.1871,1216.581,569.6003,875.3048,641.4754,1107.028,529.8681
"2025-10-23 08:00:00",133,"NAN",11.93,832.8585,518.0593,1343.029,609.6812,629.1698,997.5292,571.4038,613.3646,1027.275,621.5912,1454.256,577.3812,1203.608,559.2866,868.9587,634.3527,1100.756,522.2047,863.6616,524.5831,1353.628,624.8831,638.2961,1008.897,582.8675,628.801,1037.004,631.5169,1467.018,592.5483,1219.029,569.8975,877.5534,645.7049,1109.891,530.6552
"2025-10-23 08:15:00",134,"NAN",11.89,832.6274,511.0543,1346.23,610.9708,630.5667,997.6487,572.3951,615.4755,1029.29,622.4772,1456.168,578.4735,1205.636,559.4766,870.2465,637.9981,1103.815,522.9171,863.8931,517.9258,1357.008,625.9272,639.7089,1008.844,584.3385,630.7799,1039.422,632.4542,1469.652,593.2215,1221.325,569.4271,878.655,649.5427,1112.98,531.7148
"2025-10-23 08:30:00",135,"NAN",11.92,834.8854,510.6101,1349.291,611.6884,631.9965,997.8485,574.8745,616.5402,1031.695,623.6885,1459.438,578.4814,1207.901,558.8023,871.6074,640.4511,1106.828,523.438,866.2272,517.0635,1359.709,626.246,641.1646,1009.099,586.6892,631.9927,1041.431,633.1855,1472.186,593.6758,1223.683,569.2133,880.1473,652.3401,1115.561,531.6098
"2025-10-23 08:45:00",136,"NAN",11.92,835.7297,506.5039,1351.482,611.9489,633.4178,993.8557,577.7318,616.7717,1033.552,624.1952,1461.19,577.6162,1209.83,557.8969,872.7021,642.2437,1108.48,523.3473,866.9045,512.9866,1361.712,626.5314,642.5372,1005.354,589.5907,632.5283,1043.321,633.7436,1473.618,593.2216,1225.488,568.5093,881.1774,654.7631,1117.513,532.2174
"2025-10-23 09:00:00",137,"NAN",11.93,837.9331,495.9753,1353.956,612.1078,634.9175,990.1652,581.5673,617.5504,1035.846,624.7187,1463.899,576.907,1211.696,556.9624,873.7551,643.4038,1110.857,523.9249,869.0056,502.4816,1364.252,626.4796,643.6686,1001.681,592.8983,632.2489,1045.649,633.8546,1476.703,591.6552,1227.016,567.0528,882.0793,655.6056,1119.568,532.2117
"2025-10-23 09:15:00",138,"NAN",11.93,840.0256,563.1292,1356.515,611.9289,636.1155,985.2379,585.1095,616.79,1038.143,625.3419,1467.266,574.8359,1217.513,556.161,875.0007,644.5665,1113.724,524.5366,870.9151,569.9304,1366.924,625.4865,645.0303,996.6497,596.2863,631.6097,1048.582,634.8993,1479.727,589.396,1233.141,566.4673,882.8284,656.7596,1122.373,532.4721
"2025-10-23 09:30:00",139,"NAN",11.93,840.9166,586.356,1358.33,609.9937,647.1929,1013.711,585.9921,615.8599,1040.143,625.7471,1468.975,572.2174,1215.594,554.1877,875.5593,650.0169,1115.12,524.2707,872.0337,593.1835,1368.62,623.8691,645.6281,989.79,597.0576,630.7023,1050.064,635.2953,1481.326,586.6673,1230.688,564.1468,883.6714,662.4332,1124.008,532.5344
"2025-10-23 09:45:00",140,"NAN",11.88,843.3538,617.3079,1361.24,609.3386,638.8583,971.2135,587.2668,614.3071,1044.043,627.0956,1471.466,569.6559,1218.81,553.2147,876.3054,651.0861,1118.521,525.4666,874.274,624.9053,1371.492,622.6092,647.6548,981.9507,598.3314,628.9752,1053.389,636.0819,1483.005,584.1143,1233.844,563.0336,884.1286,663.3122,1126.532,533.3755
"2025-10-23 10:00:00",141,"NAN",11.93,830.5628,634.0337,1352.178,593.545,625.2379,951.2888,571.595,597.4434,1034.078,614.3331,1460.033,551.3961,1209.168,537.6904,862.2421,635.3101,1108.155,511.8134,874.0505,657.7465,1373.921,621.8972,649.4077,976.5101,598.9762,627.2295,1057.37,638.7535,1482.026,580.8981,1237.169,562.7326,884.7247,662.5002,1129.699,534.8542
"2025-10-23 10:15:00",142,"NAN",11.91,831.8857,634.9704,1354.176,593.587,627.7906,946.2295,571.9092,594.6812,1038.427,617.6362,1412.433,547.9335,1213.153,538.0936,862.0985,637.2139,1111.28,515.0514,875.4222,659.1702,1376.246,621.8412,652.1075,971.7422,598.9754,624.841,1062.018,641.8279,1435.843,577.2211,1240.903,563.0421,884.8783,665.2786,1133.808,538.2598
"2025-10-23 10:30:00",143,"NAN",11.93,833.2902,639.8455,1357.302,594.1306,630.794,945.8379,574.0345,591.4365,1043.187,621.1631,1424.333,544.7313,1217.489,539.3575,862.321,639.2888,1114.04,516.8116,877.1565,664.5194,1379.105,622.7288,655.4536,971.3025,601.4677,622.051,1066.787,645.4326,1448.219,574.2266,1245.546,564.6369,885.2944,667.2827,1136.44,540.3911
"2025-10-23 10:45:00",144,"NAN",11.91,836.1371,648.1047,1362.803,598.7646,636.7286,948.834,572.1309,588.368,1049.553,627.5072,1432.498,541.3075,1225.442,542.7568,863.6258,639.6023,1119.968,521.0201,879.3325,672.7214,1384.94,627.08,660.8303,974.7655,599.2823,618.6603,1073.635,651.6882,1456.707,571.094,1252.711,568.0158,886.4303,667.4371,1142.558,544.4894
"2025-10-23 11:00:00",145,"NAN",11.88,839.1337,653.7015,1371.142,606.3123,646.9385,956.042,572.5225,586.1516,1062.569,638.3707,1439.595,540.4257,1237.234,547.0312,866.5803,644.2362,1128.132,526.5853,881.6593,677.3997,1391.858,633.8458,670.5986,981.0455,599.1928,615.7584,1085.171,662.003,1462.078,569.4062,1263.448,571.4946,888.6705,671.3074,1149.413,549.1089
"2025-10-23 11:15:00",146,"NAN",11.93,843.2425,658.3691,1383.175,617.1617,672.9271,1009.066,573.7209,584.6318,1079.839,653.0428,1446.344,540.0433,1249.774,555.4432,870.8661,650.2258,1137.883,534.4614,884.6991,682.0469,1402.553,643.0908,695.9452,1033.43,599.785,613.7231,1100.95,675.2663,1468.066,568.2403,1274.732,578.6728,892.3751,676.6547,1158.42,556.0613
"2025-10-23 11:30:00",147,"NAN",11.94,830.7584,633.9824,1385.459,612.7481,674.4668,1004.406,554.1367,565.4831,1083.174,653.1608,1440.803,522.2096,1251.198,545.1918,856.6049,635.9457,1134.237,523.0902,886.8495,677.628,1415.915,655.4673,714.5782,1044.681,599.777,611.7408,1119.539,691.3851,1471.547,567.7309,1288.87,586.0522,895.3239,679.767,1169.547,562.1719
"2025-10-23 11:45:00",148,"NAN",11.93,832.1133,636.1512,1399.874,625.4141,695.192,1016.24,554.3091,563.2161,1102.552,670.0214,1440.965,519.2759,1262.513,549.9878,859.6707,634.2813,1141.473,527.5834,888.6929,679.7642,1429.897,668.1121,735.3242,1056.393,600.0998,609.8193,1138.243,708.1942,1471.769,564.9272,1299.747,590.8496,898.0598,677.9033,1176.447,566.6962
"2025-10-23 12:00:00",149,"NAN",11.92,834.1232,638.0773,1408.085,631.0703,710.7286,1026.644,552.9557,559.3956,1118.598,682.9785,1441.275,516.2404,1270.683,549.9741,858.241,628.8402,1145.274,524.4268,889.8979,681.8918,1437.83,673.7921,750.201,1066.811,598.6334,605.9331,1154.189,720.6035,1471.495,561.6763,1307.468,590.6941,896.8699,672.9056,1180.068,563.7062
"2025-10-23 12:15:00",150,"NAN",11.92,837.5156,636.8517,1426.157,641.334,728.2355,1045.419,553.8584,555.8447,1139.017,699.6889,1443.131,513.9566,1281.289,553.6704,859.8074,627.7726,1150.184,523.3312,893.2351,680.7689,1454.144,683.0067,767.5935,1084.563,599.6092,602.2149,1173.412,736.5113,1473.734,559.394,1317.256,594.0476,898.1985,671.215,1184.672,562.5433
"2025-10-23 12:30:00",151,"NAN",11.93,842.5064,624.5977,1442.847,650.7342,755.1008,1051.471,553.7763,553.4029,1161.571,714.0983,1442.983,511.2096,1293.19,561.5937,864.4785,630.5533,1157.887,527.2468,897.5698,667.652,1469.931,692.1041,793.2753,1090.456,599.1813,599.7001,1195.328,750.7497,1471.823,556.3363,1327.986,601.4745,902.3984,673.9387,1192.035,566.0369
"2025-10-23 12:45:00",152,"NAN",11.92,848.4734,609.469,1461.641,661.2428,779.9122,1053.805,554.1425,551.1364,1179.732,733.335,1446.107,508.1152,1304.256,569.7898,869.0127,638.3694,1166.726,533.9869,903.2749,652.6216,1487.483,701.8988,817.4073,1092.083,599.7187,597.4055,1212.578,769.3127,1475.675,553.1563,1338.898,609.7072,906.5804,681.2035,1200.17,572.4871
"2025-10-23 13:00:00",153,"NAN",11.93,845.3553,594.2403,1460.424,651.564,782.6863,1027.566,552.3588,548.5439,1182.646,731.1799,1443.167,507.2789,1291.836,565.3416,865.8474,624.9782,1166.581,533.9332,900.384,636.8256,1485.485,692.7216,820.3962,1066.602,597.8129,594.8271,1214.821,767.0605,1472.68,552.1827,1326.283,605.149,903.3267,668.5503,1199.827,572.3481
"2025-10-23 13:15:00",154,"NAN",11.9,856.2305,611.0618,1484.654,674.1076,823.3625,1053.614,551.5924,550.7214,1221.904,764.2871,1450.624,506.5663,1317.882,585.3416,875.5717,656.5259,1185.484,548.4055,909.3572,653.5724,1508.383,713.955,858.9551,1090.703,596.1804,596.3505,1252.614,798.439,1478.33,550.9794,1350.647,623.5509,912.1318,698.4131,1217.498,585.8317
"2025-10-23 13:30:00",155,"NAN",11.93,827.4918,610.7072,1434.689,623.1781,767.0824,977.6545,542.4718,543.8591,1159.813,707.1243,1422.375,505.6488,1273.217,547.4933,843.5173,613.8495,1146.016,519.8159,882.9144,655.2267,1462.51,665.5063,804.9333,1018.253,588.0993,590.3883,1193.8,743.5148,1453.116,550.8105,1309.328,587.6526,881.792,657.9123,1180.4,558.8159
"2025-10-23 13:45:00",156,"NAN",11.93,816.1912,614.0988,1408.158,601.3798,731.3187,959.8837,542.559,542.3292,1132.338,675.7422,1412.632,508.0434,1242.691,520.7633,827.9877,600.8994,1128.453,501.4184,873.0374,657.863,1436.89,644.9255,770.4052,1001.27,588.3271,589.0247,1166.972,713.3863,1444.269,553.3486,1280.028,562.0829,867.0081,645.5616,1163.584,541.0831
"2025-10-23 14:00:00",157,"NAN",11.92,810.4338,627.2545,1391.269,596.9953,715.301,957.5427,522.8431,541.5948,1120.268,664.8618,1404.089,508.828,1222.497,510.1638,821.5291,601.207,1115.895,493.9856,867.0829,671.4233,1421.143,640.5289,754.6813,999.0516,569.0835,588.4481,1155.538,702.6896,1436.175,554.3365,1261.118,551.7687,860.528,646.2538,1151.293,534.2767
"2025-10-23 14:15:00",158,"NAN",11.93,799.2251,578.9291,1364.866,578.3634,685.3078,936.8275,514.0112,539.3307,1091.774,638.0511,1393.052,508.8459,1193.862,495.1545,811.0113,586.5474,1097.331,481.2248,856.9907,622.4688,1396.668,623.0146,725.9343,979.0922,560.7869,586.8763,1128.467,677.1732,1426.018,554.7897,1233.977,537.5807,850.6474,632.2858,1133.944,522.0436
"2025-10-23 14:30:00",159,"NAN",11.9,794.2611,574.4006,1347.785,569.0973,665.3978,931.4926,458.8461,538.9206,1072.407,619.6587,1387.864,509.5579,1182.905,489.2102,806.8953,582.5724,1085.307,474.8753,852.8417,617.7816,1379.987,614.4272,706.6478,973.7797,505.1198,586.3751,1109.481,659.4272,1421.682,555.6666,1223.674,531.8937,846.716,628.5859,1122.103,516.1522
"2025-10-23 14:45:00",160,"NAN",11.89,789.9768,556.3329,1332.472,561.7747,648.1395,923.2299,446.4789,538.7901,1055.83,604.1656,1382.382,510.4275,1173.093,485.6713,803.6643,579.9875,1074.094,470.0273,848.7006,601.6433,1365.445,607.595,689.845,966.1441,493.4067,586.5225,1093.813,644.324,1416.485,556.731,1214.389,528.638,844.0634,626.4497,1111.671,511.4307
"2025-10-23 15:00:00",161,"NAN",11.93,784.3601,538.2893,1318.061,556.0318,632.7166,920.7148,444.0662,538.5905,1039.988,591.6852,1376.116,510.6249,1162.325,482.8967,799.8359,577.186,1062.438,466.5616,843.3409,583.7607,1352.34,602.2465,674.8791,963.8451,491.2625,586.5393,1078.453,632.3702,1411.513,557.3803,1203.934,526.2881,840.6069,624.1317,1100.644,508.4228
"2025-10-23 15:15:00",162,"NAN",11.91,781.9678,552.8246,1307.779,553.0167,621.769,920.3628,438.5523,539.1589,1028.542,583.1293,1373.817,511.5518,1155.475,482.0819,798.781,576.8369,1054.603,465.0606,840.9739,598.0447,1342.085,599.3932,664.1559,963.795,485.8437,587.2416,1067.197,624.0611,1409.018,558.1477,1197.664,525.6398,839.4579,623.8708,1092.804,506.9435
"2025-10-23 15:30:00",163,"NAN",11.94,782.0705,529.9764,1298.086,549.9656,603.0499,883.4257,444.9316,539.6025,1018.149,577.2433,1371.753,512.3687,1148.819,481.1839,796.8298,575.4306,1047.559,463.6816,841.3686,575.2986,1333.066,596.8173,645.7916,926.9962,492.5919,587.9645,1057.635,618.5351,1406.94,559.3275,1191.566,524.8642,837.5334,622.3851,1086.064,505.8889
"2025-10-23 15:45:00",164,"NAN",11.93,780.0517,541.0329,1292.535,549.8712,597.6453,885.101,463.5546,540.7903,1010.209,574.8553,1371.104,513.356,1145.439,481.3952,796.7062,577.4056,1043.264,463.9594,839.0096,585.6777,1328.145,596.6016,649.9232,963.2087,511.2824,589.3155,1049.569,616.172,1406.578,560.267,1187.995,525.0506,837.6345,624.4189,1081.653,506.0434
"2025-10-23 16:00:00",165,"NAN",11.93,778.7944,529.9514,1287.299,549.9522,603.3834,929.8904,466.1386,541.4885,1002.113,574.0705,1367.529,514.2372,1141.133,481.3254,796.1417,582.4356,1038.101,464.4128,838.0112,574.798,1322.476,596.5098,646.225,973.2725,513.892,589.9585,1041.757,615.2373,1403.487,560.9505,1183.855,524.9518,837.081,629.3243,1076.772,506.5169
"2025-10-23 16:15:00",166,"NAN",11.93,776.4625,535.9399,1280.164,546.9868,589.2996,889.8703,466.5734,541.3718,995.689,571.2707,1363.304,514.676,1135.765,480.258,794.2108,578.8721,1031.99,463.4486,835.7437,581.5993,1315.958,593.8713,632.0698,933.7891,514.4539,589.7637,1035.027,612.6202,1399.122,561.5696,1178.64,524.0131,835.1346,626.1442,1070.906,505.8223
"2025-10-23 16:30:00",167,"NAN",11.93,774.155,524.6151,1274.865,546.663,586.7342,886.7328,468.7792,541.7144,991.0015,569.9532,1358.673,515.4824,1132.394,480.0408,792.9249,577.7725,1027.448,463.43,833.0909,570.5636,1310.956,593.7692,629.5967,930.5502,517.016,590.3804,1030.839,611.6493,1395.282,562.5861,1175.582,523.8361,834.2036,625.1272,1066.939,505.9007
"2025-10-23 16:45:00",168,"NAN",11.93,775.264,521.6292,1274.906,549.2397,595.8436,921.9313,469.6234,543.4514,990.4835,570.5594,1311.846,516.9775,1136.071,480.9817,794.0798,579.4147,1027.823,465.0833,834.4327,567.2859,1310.725,596.2037,638.8735,965.2103,517.6329,591.8046,1030.312,612.268,1350,563.7231,1178.892,524.6412,834.9719,626.4854,1067.106,507.3954
"2025-10-23 17:00:00",169,"NAN",11.93,774.7421,509.9502,1272.055,550.4839,594.7997,925.4346,460.4441,544.4248,987.764,570.5911,1319.91,517.6837,1130.644,480.7027,793.4319,581.4195,1025.036,465.4794,834.3144,555.5484,1307.853,597.7279,637.817,968.7468,508.4313,593.003,1027.44,612.4705,1357.958,564.8886,1173.87,524.614,834.6005,628.6913,1064.576,508.086
"2025-10-23 17:15:00",170,"NAN",11.94,773.9179,528.2599,1271.102,552.0379,594.4138,928.9092,457.5548,545.2582,985.9069,570.8345,1327.871,516.7181,1129.217,480.7292,792.9219,582.051,1023.52,466.1767,833.4003,573.6191,1307.575,599.6325,637.7288,972.5729,506.0211,593.986,1026.431,612.8826,1364.704,563.8076,1172.666,524.7205,834.1032,629.3132,1062.895,508.8494
"2025-10-23 17:30:00",171,"NAN",11.93,771.1277,515.4932,1264.706,549.9975,582.1614,890.1884,465.1617,544.4222,980.3072,569.0687,1331.637,515.7068,1123.816,479.2557,789.534,577.9968,1017.276,464.8668,830.9073,562.299,1301.843,598.0099,625.7432,934.3448,513.837,593.4763,1021.053,611.3182,1368.592,563.168,1167.611,523.578,831.1363,625.4896,1057.195,507.8715
"2025-10-23 17:45:00",172,"NAN",11.94,771.1443,503.6482,1262.495,551.1679,580.8505,885.5151,459.5088,544.8838,978.1062,568.9723,1336.624,516.215,1121.467,479.4664,789.2144,576.5081,1015.201,465.4273,830.782,550.0775,1299.344,599.1039,624.401,962.9315,507.9256,593.6935,1019.095,611.1629,1373.802,563.9312,1165.728,523.9409,830.8335,623.5475,1055.153,508.4632
"2025-10-23 18:00:00",173,"NAN",11.93,771.4066,501.8624,1261.724,553.0834,589.8564,920.5989,471.5522,545.9806,977.0351,569.3427,1339.956,517.2755,1120.318,480.2459,789.4435,576.4326,1014.503,466.6278,831.0683,548.1199,1298.558,600.9962,633.5251,963.999,519.8815,594.7543,1018.127,611.6042,1376.762,564.749,1164.302,524.4453,830.6712,623.3192,1054.269,509.3551
"2025-10-23 18:15:00",174,"NAN",11.93,771.3019,514.5295,1261.665,555.1895,580.5258,888.4288,474.784,547.1733,976.4016,570.1121,1342.477,518.8671,1119.538,481.094,789.3442,576.7068,1013.676,467.7749,830.7148,561.2804,1298.385,603.1779,624.0202,932.3362,523.465,595.9404,1017.009,612.1839,1379.806,566.1426,1163.296,525.3719,830.9447,623.3144,1053.47,510.6823
"2025-10-23 18:30:00",175,"NAN",11.93,771.4188,515.8362,1261.675,557.2804,580.3091,889.7146,478.2242,548.3575,975.3225,570.7072,1344.956,520.5737,1118.637,481.6866,789.2578,576.9493,1013.01,469.0607,830.8157,562.2308,1298.358,605.2891,623.8647,933.489,526.6309,597.0085,1015.707,612.8635,1382.145,567.8796,1162.381,525.8421,830.756,623.2675,1052.754,511.5744
"2025-10-23 18:45:00",176,"NAN",11.93,771.6458,516.873,1261.884,559.3356,580.345,890.803,479.6487,549.4902,974.5033,571.3766,1347.748,521.8961,1117.93,482.603,789.627,577.4654,1012.626,470.3123,831.0462,562.9607,1298.406,607.0952,623.8563,934.0848,528.1239,598.0629,1015.141,613.8439,1384.823,569.2079,1161.732,526.7853,830.9105,623.7224,1052.567,512.9751
"2025-10-23 19:00:00",177,"NAN",11.91,772.2603,525.4763,1262.588,561.5536,580.4489,893.8397,481.9487,550.691,974.0519,572.3413,1349.994,523.215,1117.834,483.4965,789.7747,577.6559,1012.452,471.6016,831.5855,572.0444,1299.3,609.7449,623.6436,937.6143,530.4072,599.4778,1014.95,614.5079,1386.809,570.6876,1161.817,527.8808,831.1392,623.6647,1052.347,514.3578
"2025-10-23 19:15:00",178,"NAN",11.93,774.8523,536.5744,1263.873,563.9506,580.7739,897.14,477.4221,551.8962,973.8504,573.1819,1352.803,524.697,1117.657,484.4017,790.3046,578.3356,1012.663,472.8354,834.4319,582.9137,1300.38,612.1953,624.1909,940.5935,525.8172,600.7442,1014.815,615.5317,1389.912,571.9578,1161.741,528.8136,831.845,623.8525,1052.594,515.7335
"2025-10-23 19:30:00",179,"NAN",11.93,773.3035,547.1149,1265.61,566.3689,581.2817,902.4026,479.1048,553.3184,974.2175,574.0579,1355.653,526.1744,1118.122,485.5752,791.0563,576.4686,1013.4,474.3266,832.9457,591.9469,1302.25,614.5276,624.8018,946.1953,527.8723,602.0367,1014.495,616.3993,1393.079,573.7903,1162.155,530.0673,832.7957,621.6229,1053.641,517.0879
"2025-10-23 19:45:00",180,"NAN",11.93,774.2274,556.8026,1267.436,568.7417,591.2249,927.7424,485.6513,554.6821,974.5884,575.1583,1358.322,527.6766,1118.912,486.8214,792.1088,578.0009,1014.325,475.799,833.6222,603.1799,1304.522,617.0189,634.9581,971.7999,534.4523,603.8892,1015.06,617.6256,1395.668,575.2392,1163.028,531.3832,833.8734,623.0899,1054.394,518.9452
"2025-10-23 20:00:00",181,"NAN",11.93,775.1718,562.4181,1269.639,571.2131,592.3409,932.3541,487.3784,556.1526,974.874,576.3846,1361.816,529.2291,1120.084,488.3051,793.319,579.4478,1015.631,477.4392,834.7451,608.6397,1306.381,619.6464,636.3181,975.953,536.1188,605.3217,1016.107,619.1462,1399.112,577.0211,1164.339,532.8074,834.9885,624.5659,1056.045,520.4667
"2025-10-23 20:15:00",182,"NAN",11.93,777.0059,572.3448,1273.038,574.2111,593.7941,942.8388,490.0627,557.9736,976.5293,577.8516,1365.72,530.9795,1122.408,490.0053,794.8458,582.4606,1017.982,479.3179,836.7053,618.6853,1309.852,622.6041,637.6418,986.7645,538.8892,607.0577,1017.466,620.5906,1403.329,578.8558,1166.514,534.4459,836.6808,627.7158,1058.419,522.5821
"2025-10-23 20:30:00",183,"NAN",11.93,778.8657,575.8512,1276.545,576.9731,595.3748,952.7847,492.6321,559.8127,977.4188,579.0932,1369.686,532.6156,1128.037,491.4553,796.5938,585.5591,1020.242,480.9681,838.756,621.953,1313.437,625.8069,639.3084,996.41,541.5226,608.832,1018.911,621.668,1406.165,580.5262,1172.735,536.2483,838.3118,630.6728,1060.452,524.2864
"2025-10-23 20:45:00",184,"NAN",11.93,780.0566,571.4088,1280.076,579.664,597.0923,959.2376,494.5436,561.6196,979.0934,580.5594,1375.185,533.957,1126.545,492.7824,798.0859,588.6649,1022.579,482.4533,839.748,617.9596,1317.131,628.5241,641.1058,1003.288,543.5146,610.9346,1020.438,623.2277,1411.755,582.0401,1170.912,537.7573,840.4396,633.95,1063.256,525.9122
"2025-10-23 21:00:00",185,"NAN",11.89,811.1833,604.1053,1306.959,612.0217,629.6144,994.8732,531.9469,593.477,1008.281,611.4322,1399.896,564.5661,1152.703,524.4147,829.8237,622.4196,1052.763,515.0494,845.1174,616.2675,1320.497,630.8607,642.9536,1010.26,547.0772,612.9301,1021.742,624.4262,1416.174,583.2314,1171.956,538.78,841.8517,637.3152,1065.669,527.3607
"2025-10-23 21:15:00",186,"NAN",11.91,816.1286,607.2,1312.848,617.1715,634.3358,1004.483,537.4482,597.9754,1012.47,615.2458,1406.297,568.1044,1156.279,528.6724,833.7067,628.5436,1057.625,519.1133,847.5074,616.8521,1324.359,633.2538,644.6024,1016.902,550.0869,614.4934,1023.242,626.0582,1420.889,584.472,1172.852,540.321,843.229,640.8263,1067.959,528.9299
"2025-10-23 21:30:00",187,"NAN",11.9,818.1181,609.4,1316.153,619.0988,636.1581,1010.019,539.8587,599.4645,1013.416,616.4449,1405.722,569.405,1156.881,529.7607,835.149,631.6109,1060.183,520.6847,849.6652,618.5494,1327.608,635.4016,646.6675,1022.39,552.3354,616.3859,1025.01,627.3391,1419.562,585.437,1173.881,541.1827,844.6611,644.0074,1070.491,530.2861
"2025-10-23 21:45:00",188,"NAN",11.93,819.7813,611.3121,1319.68,621.4808,637.7232,1014.809,545.0576,601.1027,1014.865,617.6357,1373.923,570.6033,1157.81,530.6286,836.2136,633.3354,1062.775,521.8881,851.0959,620.8525,1331.06,637.1596,648.1707,1027.193,557.3531,617.7153,1026.459,628.1335,1388.363,586.2921,1174.571,541.9603,845.9771,645.4772,1072.507,531.4667
"2025-10-23 22:00:00",189,"NAN",11.93,821.6185,614.892,1322.397,623.3546,639.4924,1018.852,544.7183,602.4987,1016.294,618.8802,1388.276,571.4487,1157.487,531.5321,837.4215,636.7073,1064.338,523.1597,852.9188,624.2958,1333.604,639.0827,649.6429,1031.262,557.1568,618.8024,1027.512,629.1562,1402.118,587.0695,1174.199,542.9426,846.5169,648.7928,1074.744,532.6075
"2025-10-23 22:15:00",190,"NAN",11.92,822.9124,619.3894,1325.815,625.1268,641.0284,1024.577,546.0197,603.6893,1017.722,619.3631,1397.942,572.4358,1156.123,532.3643,838.564,640.0877,1066.726,524.5947,854.3847,628.7831,1336.441,640.7612,651.2729,1036.89,558.8362,620.1995,1028.433,629.9281,1412.063,588.1157,1172.632,543.7149,847.8181,652.1032,1077.099,533.7378
"2025-10-23 22:30:00",191,"NAN",11.93,825.0847,622.9465,1328.869,627.2495,642.8251,1029.155,549.1434,605.2015,1019.2,620.478,1405.582,573.421,1155.335,533.2854,840.1868,643.1474,1069.084,525.7883,856.4502,631.8354,1339.944,642.7386,652.9283,1041.125,561.3692,621.3653,1030.181,631.1771,1419.561,589.1078,1171.955,544.6597,848.9207,655.0579,1079.09,535.3487
"2025-10-23 22:45:00",192,"NAN",11.91,826.5073,625.6664,1332.391,629.3551,644.3962,1029.299,550.3951,606.4531,1021.09,621.5236,1411.952,574.5472,1150.047,534.2446,841.0318,646.5638,1071.511,527.0003,858.0099,635.2341,1343.028,644.8199,654.6888,1041.281,562.6217,622.6943,1031.502,632.2264,1426.205,590.2365,1166.566,545.457,850.4601,658.8564,1081.387,536.1194
"2025-10-23 23:00:00",193,"NAN",11.93,830.5965,628.327,1335.872,631.0267,646.4321,1022.239,552.407,607.8647,1022.724,622.6816,1416.818,575.1196,1146.431,534.822,841.8761,650.197,1074.266,528.1423,862.2723,637.6363,1346.096,646.6371,656.3572,1034.785,564.5964,624.2924,1033.31,632.7699,1431.299,590.7678,1162.947,545.8342,851.0707,662.2952,1083.836,537.3725
"2025-10-23 23:15:00",194,"NAN",11.92,829.5375,626.1493,1338.032,632.5816,648.1945,1028.806,554.4918,609.3898,1023.659,623.1299,1421.483,575.7802,1145.982,535.0391,842.9766,652.7372,1076.314,529.1818,860.9382,635.2733,1349.224,648.2722,657.8824,1040.893,566.8232,625.541,1034.846,633.8394,1435.379,591.4707,1162.331,546.301,852.17,665.1809,1085.991,538.3325
"2025-10-23 23:30:00",195,"NAN",11.93,831.4169,627.6674,1341.108,634.0637,649.723,1035.034,556.0859,610.631,1025.575,624.4883,1425.302,576.725,1146.298,536.1544,844.1423,656.1378,1078.301,530.5898,862.7924,636.3558,1351.308,649.5451,659.5157,1047.052,567.8806,626.4333,1035.7,634.3085,1439.268,591.9402,1162.426,546.8608,852.663,667.9432,1087.904,539.2684
"2025-10-23 23:45:00",196,"NAN",11.93,833.3247,621.9671,1343.024,635.8862,646.8148,1039.95,556.4868,611.696,1026.883,625.4532,1428.688,577.5615,1145.954,536.3129,844.7931,658.4003,1080.375,531.4764,864.2592,630.0629,1353.349,651.0809,660.6381,1052.142,568.2946,627.3851,1037.26,635.2809,1442.139,592.5096,1162.29,547.2276,853.1787,670.1634,1089.355,540.1079
"2025-10-24 00:00:00",197,"NAN",11.89,834.1865,622.8495,1346.334,637.5311,652.4144,1044.647,556.481,612.703,1028.296,626.363,1432.896,578.2997,1147.868,536.9487,845.6537,660.5461,1082.248,532.4954,865.2812,630.8099,1356.931,652.3392,661.7653,1056.015,567.9759,628.2868,1038.262,635.6397,1445.936,593.1536,1163.55,547.27,854.2761,672.4513,1091.511,541.0472
"2025-10-24 00:15:00",198,"NAN",11.91,818.4697,608.1945,1334.745,621.1659,635.7164,1032.608,538.999,595.8018,1012.65,609.1055,1423.197,561.4974,1138.3,519.3455,828.7256,644.4849,1068.15,515.3123,865.2029,635.2626,1359.584,654.2429,663.2667,1060.381,569.856,629.3256,1039.654,636.6339,1449.075,593.7824,1170.363,548.2315,854.9376,674.1077,1093.706,542.2816
"2025-10-24 00:30:00",199,"NAN",11.93,820.3312,611.177,1337.768,623.1092,637.3322,1038.507,542.1492,597.0983,1014.279,610.0977,1425.862,562.2183,1137.885,519.945,830.5392,646.6406,1070.222,516.3282,866.2715,638.4373,1362.271,655.6588,664.8105,1066.767,572.6409,630.3778,1041.165,637.4296,1451.918,594.7449,1169.54,548.5129,856.5555,676.3067,1095.707,542.9051
"2025-10-24 00:45:00",200,"NAN",11.92,821.5594,613.7568,1340.123,624.3381,628.9819,1004.882,542.7478,598.0615,1015.561,610.6443,1429.597,562.9061,1140.672,520.3065,831.3715,648.1192,1072.149,517.3734,867.9761,640.7111,1364.843,656.8461,656.3972,1032.893,573.4404,631.4508,1042.352,638.1269,1454.842,595.1498,1172.554,548.9758,857.5138,677.5751,1097.669,543.9995
"2025-10-24 01:00:00",201,"NAN",11.93,823.1781,617.4516,1342.757,625.8467,640.3486,1045.955,544.7772,599.1612,1017.066,611.2797,1432.487,563.6964,1143.234,520.9052,832.4011,650.0091,1074.095,518.4581,869.3084,643.9495,1366.959,658.3634,667.5692,1073.49,575.0613,632.0765,1043.123,638.3927,1457.473,595.9455,1174.647,549.0574,857.9697,679.3593,1099.299,544.8202
"2025-10-24 01:15:00",202,"NAN",11.91,824.9384,620.2881,1345.725,627.9522,642.1736,1049.766,546.2427,600.7391,1018.716,612.7889,1435.266,565.0448,1146.02,521.7628,834.2125,652.4571,1076.521,520.1212,870.0542,646.2599,1369.193,659.639,668.6699,1077.08,576.0092,633.0422,1044.682,638.9941,1459.754,596.3925,1176.769,549.539,858.9597,681.1299,1100.965,545.6959
"2025-10-24 01:30:00",203,"NAN",11.9,810.4747,596.2799,1337.776,613.7476,627.3531,1037.791,532.1121,586.1475,1005.855,598.2052,1429.515,550.4575,1135.558,506.0606,819.4088,638.0027,1064.3,504.5873,869.3156,640.853,1372.033,660.8538,669.8796,1079.021,579.8641,633.8759,1045.968,640.0026,1462.619,596.8687,1179.14,549.7212,860.0679,682.4644,1103.156,546.4963
"2025-10-24 01:45:00",204,"NAN",11.92,811.2672,596.8829,1339.57,614.4082,627.7495,1039.904,530.5494,586.1907,1006.204,598.1458,1430.654,550.2848,1137.051,505.6159,819.3602,638.8553,1065.27,504.5705,871.2371,642.2171,1374.309,662.4475,671.1857,1082.04,579.1098,634.6506,1046.657,640.7925,1464.682,597.4265,1181.229,550.3287,861.1377,684.2751,1104.534,547.3969
"2025-10-24 02:00:00",205,"NAN",11.92,812.5765,597.2086,1342.227,615.7964,628.9299,1039.712,531.3886,587.049,1007.894,598.9311,1433.313,550.9786,1138.625,505.8921,820.2499,640.3466,1067.109,505.3943,872.3619,642.8939,1376.255,663.7246,672.5109,1081.82,580.1067,635.6619,1048.448,641.32,1466.859,598.2488,1182.995,550.4231,861.9416,685.6001,1106.64,548.1407
"2025-10-24 02:15:00",206,"NAN",11.9,813.4512,612.1315,1344.512,617.1315,620.174,1005.024,534.0827,587.5144,1008.715,599.2269,1434.792,551.4117,1140.777,506.0082,821.0562,641.907,1068.578,506.1358,873.285,657.8292,1378.871,665.2948,663.7905,1047.63,583.0243,636.5146,1049.163,641.9376,1468.305,598.8929,1185.032,551.0349,862.7961,687.5472,1108.348,549.3332
"2025-10-24 02:30:00",207,"NAN",11.92,814.9529,619.1995,1347.298,618.5087,624.3853,1047.204,533.446,588.3834,1010.034,599.8677,1437.685,551.9315,1142.346,506.2004,822.3501,643.1093,1070.394,506.9222,875.0965,664.7908,1381.609,666.9332,674.8638,1089.765,582.3319,637.4554,1050.85,642.6861,1471.302,599.8016,1186.651,551.3036,864.4624,688.7017,1110.245,550.2489
"2025-10-24 02:45:00",208,"NAN",11.92,817.5688,618.4725,1349.754,619.8834,624.6989,1047.058,535.7769,589.2954,1011.372,600.4872,1440.617,552.5701,1144.036,506.489,823.2258,644.4507,1072.122,507.6434,877.8011,664.2216,1384.686,668.6224,676.1591,1093.394,584.8283,638.4907,1052.174,643.4419,1473.993,600.0596,1188.901,551.4922,865.1494,690.2382,1112.044,550.8824
"2025-10-24 03:00:00",209,"NAN",11.93,816.8333,588.5511,1352.415,621.1901,623.7236,1016.959,540.3483,589.8857,1012.712,601.0985,1442.397,553.0221,1145.607,506.6752,823.8182,645.8829,1073.633,508.4196,877.2871,634.7963,1386.927,669.6434,667.4869,1059.74,589.6393,638.81,1053.454,644.0345,1476.329,600.8219,1190.215,552.0065,865.9919,691.7697,1113.486,551.6918
"2025-10-24 03:15:00",210,"NAN",11.93,818.446,603.7783,1355.019,622.6049,634.9036,1057.388,553.9072,590.6611,1013.938,601.6749,1443.474,553.5885,1146.903,506.951,825.213,647.3151,1075.296,509.1936,878.843,650.1354,1389.753,671.3514,678.9424,1099.87,602.9692,640.0417,1055.088,644.6276,1476.2,601.4927,1191.664,552.5793,867.5089,693.3008,1115.315,552.7061
"2025-10-24 07:15:00",211,"NAN",11.91,819.3484,608.8662,1357.467,623.9424,635.82,1061.152,555.2748,591.8211,1015.26,602.3242,1446.728,554.1144,1147.802,507.4631,826.3612,648.627,1077.06,509.9141,879.9971,655.1318,1392.09,672.6492,680.1607,1104.178,604.2948,641.0966,1056.455,645.639,1480.035,602.1638,1192.931,552.8585,868.5953,695.0037,1116.971,553.4819
"2025-10-24 07:30:00",212,"NAN",11.91,831.2092,668.5935,1393.67,614.1746,644.3488,1104.861,575.4805,578.7059,1032.978,602.218,1476.897,539.2397,1164.002,511.9395,842.2782,671.5989,1099.876,511.2978,899.627,715.5225,1426.987,664.4865,690.3657,1150.126,625.4989,629.5853,1074.644,646.7295,1509.242,589.0816,1208.914,558.6057,885.4378,719.4159,1140.788,556.0129
"2025-10-24 07:45:00",213,"NAN",11.92,843.3577,669.9867,1400.932,620.4303,650.5579,1110.997,577.41,587.0975,1038.798,606.3925,1483.909,545.0267,1170.588,512.9571,844.7186,678.9111,1106.379,514.9016,905.4141,716.8002,1434.026,670.5384,695.676,1154.087,627.4866,638.4274,1080.299,650.5782,1516.008,594.704,1215.329,559.7174,888.1835,727.3774,1147.199,559.6879
"2025-10-24 08:00:00",214,"NAN",11.93,846.3625,670.3425,1405.941,624.2194,654.6174,1111.039,578.5587,592.2738,1041.348,608.9001,1487.206,548.4317,1174.217,512.3281,856.1202,688.2349,1110.192,516.5462,908.6182,717.4229,1438.59,674.0657,699.7526,1154.007,628.4919,643.2187,1082.823,653.0853,1519.061,598.1724,1219.246,558.8486,899.6284,736.7372,1150.949,561.6581
"2025-10-24 08:15:00",215,"NAN",11.93,849.8701,676.0344,1410.236,627.469,658.4061,1111.2,580.1132,595.8984,1044.956,610.6721,1491.198,550.9562,1178.012,511.7564,847.3562,690.6269,1114.687,518.5925,911.673,723.0281,1443.206,677.1823,703.4275,1154.166,629.883,646.8555,1086.484,655.049,1523.117,600.4429,1222.76,558.4113,890.9149,739.2739,1155.126,563.4247
"2025-10-24 08:30:00",216,"NAN",11.92,852.1638,715.0862,1414.431,629.687,661.3199,1111.247,581.2089,598.173,1047.707,611.9595,1493.725,552.1802,1180.949,510.9265,848.0521,692.9356,1117.761,519.2703,914.3667,762.8744,1447.169,679.6017,706.8389,1154.188,631.2873,649.0812,1089.518,656.4734,1524.996,601.6849,1225.598,557.7347,891.4024,741.6916,1158.558,564.0016
"2025-10-24 08:45:00",217,"NAN",11.92,855.1365,744.5104,1418.173,631.3207,664.444,1109.95,582.3885,599.778,1050.701,613.4131,1496.292,552.1989,1183.706,510.4185,848.6349,695.8203,1121.419,520.3345,917.0827,791.503,1451.019,680.9613,709.7822,1152.978,632.5532,650.7248,1092.96,657.923,1526.714,601.6458,1228.869,557.1164,891.9229,745.0417,1162.188,565.4054
"2025-10-24 09:00:00",218,"NAN",11.93,856.9145,757.1161,1420.878,630.9582,666.7593,1106.368,583.3685,600.0308,1052.99,614.2632,1497.251,550.6911,1184.897,509.2531,847.8228,696.514,1123.458,520.4719,918.9417,804.636,1453.554,680.8532,712.3454,1149.481,633.5358,650.8412,1095.016,659.0419,1527.612,600.7647,1230.143,556.362,891.3046,746.2053,1164.235,565.8513
"2025-10-24 09:15:00",219,"NAN",11.9,858.5001,791.0131,1424.187,630.6578,669.3904,1101.085,584.1278,599.0563,1059.397,615.1468,1498.534,548.8445,1186.804,508.358,848.0026,697.0381,1126.058,520.9512,920.791,839.4067,1456.406,680.6427,715.22,1145.026,634.6738,649.9811,1101.145,659.9937,1529.538,598.8893,1231.984,555.3571,891.8835,747.0267,1167.329,566.0552
"2025-10-24 09:30:00",220,"NAN",11.93,851.6365,803.1566,1427.906,631.0276,673.2322,1096.005,585.0579,597.5866,1059.58,617.05,1500.467,546.4351,1190.443,507.4942,848.3101,699.6417,1130.191,522.6462,914.7221,851.524,1460.651,680.7957,718.9689,1139.514,635.5837,648.6274,1101.981,662.0856,1531.73,596.3047,1235.625,554.9267,892.1782,749.1594,1170.95,567.8489
"2025-10-24 09:45:00",221,"NAN",11.93,890.6816,836.4143,1452.616,664.8289,712.3804,1121.501,622.7731,629.3036,1094.294,653.3703,1519.286,577.275,1222.314,542.5811,881.5207,735.1729,1163.028,559.1436,923.7509,849.1428,1462.771,680.7723,723.1611,1134.246,635.726,646.463,1105.952,664.7209,1530.865,593.666,1239.049,554.939,891.813,751.0414,1173.625,569.2365
"2025-10-24 10:00:00",222,"NAN",11.93,893.7275,830.5678,1455.419,665.6816,717.036,1123.98,623.3948,627.0815,1100.034,657.0574,1519.855,574.384,1226.442,541.4641,880.8438,737.8319,1167.323,561.7435,926.6304,842.8365,1465.424,680.7958,728.1021,1136.885,636.2034,644.1482,1111.168,668.5247,1532.064,590.8162,1242.997,553.6536,890.5443,753.4372,1178.03,571.5836
"2025-10-24 10:15:00",223,"NAN",11.93,896.5703,822.9002,1459.601,668.3438,723.8454,1124.653,621.6122,623.8929,1106.207,662.8124,1520.275,570.9363,1231.721,541.2679,879.9029,737.3995,1171.488,565.5543,929.3181,835.3386,1469.534,683.1995,735.0458,1137.417,634.6143,640.7584,1116.872,673.6361,1532.679,587.6084,1247.563,553.3376,890.0455,753.0795,1181.986,575.3681
"2025-10-24 10:30:00",224,"NAN",11.93,898.7839,814.1949,1468.807,670.5334,732.0714,1121.412,621.6779,620.6636,1112.064,666.854,1519.644,568.4636,1236.117,540.3604,879.0082,735.7432,1175.948,568.3935,931.0845,826.639,1479.018,685.3924,742.6659,1133.897,634.4813,637.2197,1122.995,677.7076,1532.023,584.7631,1252.438,552.2872,888.4819,751.6109,1186.217,578.2831
"2025-10-24 10:45:00",225,"NAN",11.92,901.6565,806.0392,1469.579,676.3892,741.6661,1132.202,622.5386,617.0597,1122.519,675.6193,1519.905,565.9473,1243.672,541.4492,878.5344,735.0915,1183.121,573.0562,933.6614,818.2406,1479.529,690.8019,752.3286,1144.891,635.3951,633.751,1133.086,685.9899,1531.735,582.3895,1260.013,553.1193,888.6572,750.4898,1193.099,582.6041
"2025-10-24 11:00:00",226,"NAN",11.93,905.5473,796.2293,1480.424,686.4884,759.3875,1136.813,622.0173,614.1699,1137.46,685.3015,1518.709,564.0707,1254.328,542.7745,879.7624,738.1552,1193.522,581.0026,936.9401,807.9724,1490.126,700.3074,769.9259,1149.688,634.9668,630.7643,1148.012,695.2389,1530.581,580.327,1269.909,554.645,889.1057,753.2093,1203.53,590.4016
"2025-10-24 11:15:00",227,"NAN",11.93,907.1652,787.4428,1489.226,694.0565,778.247,1140.539,620.0144,611.211,1147.649,697.8032,1518.211,562.5868,1263.102,543.4501,878.6581,742.0115,1199.77,584.9414,938.6962,798.9274,1499.405,708.4601,788.0656,1153.355,632.9862,627.8574,1158.209,708.3897,1530.745,578.8317,1278.793,555.1151,888.2009,757.1816,1209.743,594.5113
"2025-10-24 11:30:00",228,"NAN",11.93,910.1063,773.8283,1500.756,703.4697,800.3901,1146.57,618.4222,609.1642,1163.72,711.1569,1517.976,562.8752,1275.366,543.1439,880.0222,741.8488,1207.909,590.1096,941.2247,784.8962,1510.176,717.6508,810.1019,1158.69,631.2549,625.7478,1174.117,721.2391,1529.77,579.2304,1290.847,555.101,889.2647,756.8279,1217.735,599.2288
"2025-10-24 11:45:00",229,"NAN",11.9,912.0922,790.8572,1512.378,713.851,820.9028,1149.976,604.4235,606.5974,1179.925,725.2877,1515.083,561.0688,1279.406,540.7854,887.441,734.9943,1213.001,590.5666,943.362,802.7756,1521.612,727.3613,830.6472,1162.245,617.3431,623.4708,1190.323,735.2259,1526.214,577.073,1294.334,552.4481,897.0938,750.447,1223.205,599.5473
"2025-10-24 12:00:00",230,"NAN",11.9,915.2202,786.7025,1525.169,721.7309,838.5073,1158.916,608.1365,603.9252,1195.432,737.0397,1513.956,558.7927,1289.891,537.7965,874.2756,727.2131,1215.875,588.8345,945.3252,798.1319,1533.283,735.3157,848.2328,1171.184,620.8339,620.5056,1204.683,746.6998,1525.819,574.5918,1304.278,549.0192,883.4698,741.9637,1225.313,597.9172
"2025-10-24 12:15:00",231,"NAN",11.93,915.574,782.4285,1537.759,725.302,859.0271,1166.089,609.1597,600.4453,1213.309,751.8644,1513.221,556.9742,1300.461,536.7728,873.4137,725.1453,1221.89,588.8692,945.6437,793.3783,1545.812,738.0303,867.9614,1177.317,621.3615,616.9744,1222.419,761.2712,1525.485,572.2228,1314.147,547.6768,882.9379,739.5287,1230.7,597.1289
"2025-10-24 12:30:00",232,"NAN",11.92,921.0219,817.3627,1549.696,738.3154,883.1406,1163.091,606.3694,597.6083,1234.658,768.8624,1514.581,554.7534,1313.254,538.3572,873.855,727.4722,1228.619,590.4903,950.6328,830.0687,1557.81,750.7369,891.6505,1174.235,618.6979,613.5099,1243.529,777.4543,1524.985,569.8212,1327.012,548.8757,883.0079,741.6519,1237.198,598.6279
"2025-10-24 12:45:00",233,"NAN",11.93,906.1818,803.2385,1549.432,723.7779,878.4433,1148.749,580.7585,574.9554,1233.963,762.0425,1500.193,533.7474,1304.476,518.1776,853.0753,713.061,1215.587,573.679,950.8223,833.6505,1568.44,753.5374,904.4774,1176.244,612.2549,609.2361,1258.531,787.9839,1522.02,566.9175,1332.822,547.5331,879.6927,744.7496,1239.859,600.0667
"2025-10-24 13:00:00",234,"NAN",11.93,906.3566,774.2366,1554.82,722.0316,888.2532,1133.08,579.8685,572.5782,1244.495,764.7858,1495.711,531.8911,1305.21,516.8931,848.1417,713.9902,1217.619,576.2648,951.413,804.2867,1573.605,751.959,914.2519,1160.888,611.8594,607.1896,1267.316,791.1136,1519.061,565.4334,1333.064,546.2946,875.2479,745.9805,1241.88,603.1321
"2025-10-24 13:15:00",235,"NAN",11.93,888.8597,771.9602,1533.921,697.7832,872.5896,1087.733,573.3105,568.9036,1217.275,744.9023,1476.127,530.8979,1281.151,501.744,829.8962,698.3971,1198.529,563.0807,934.153,802.58,1553.155,728.0222,898.483,1116.417,605.1951,603.5897,1241.703,770.9722,1500.349,564.3879,1309.499,531.3681,856.9306,730.7618,1223.137,589.9707
"2025-10-24 13:30:00",236,"NAN",11.93,878.8173,724.1151,1508.353,676.319,850.2667,1056.844,570.7471,567.8517,1191.37,714.7939,1464.06,532.3353,1254.82,497.8731,822.3187,682.4861,1181.579,547.183,924.2661,747.7183,1528.803,707.0283,876.2498,1085.897,602.0955,602.0533,1215.953,741.2869,1488.275,565.2952,1283.728,526.9769,849.2974,715.0845,1206.4,574.0072
"2025-10-24 13:45:00",237,"NAN",11.92,893.517,809.1689,1531.069,705.431,879.0734,1101.267,576.2469,573.0646,1230.954,746.8307,1474.349,535.4429,1276.727,514.1719,836.6468,709.7854,1199.728,562.2007,937.5875,838.754,1549.421,734.8073,903.6435,1128.085,606.599,606.2415,1253.653,771.9943,1496.618,567.0552,1304.173,542.2526,861.686,741.0914,1222.839,587.6102
"2025-10-24 14:00:00",238,"NAN",11.93,858.8452,686.4743,1493.267,661.5308,837.279,1042.373,544.2024,551.7375,1181.333,701.199,1445.101,516.9846,1237.163,478.4707,798.3793,664.4227,1161.865,529.093,918.5648,732.5141,1521.385,708.6493,878.5204,1086.264,595.3367,602.8393,1218.666,742.7464,1478.4,566.4094,1278.544,525.3024,842.2761,713.8245,1200.541,573.1609
"2025-10-24 14:15:00",239,"NAN",11.93,864.8084,793.5629,1513.703,683.2234,852.6481,1075.294,550.8065,554.8764,1204.395,722.1606,1447.945,519.1068,1243.033,486.2473,804.3434,680.1465,1172.717,541.6605,924.4228,842.3915,1540.201,729.3933,893.5372,1117.979,601.2324,605.7905,1240.52,763.2679,1480.862,568.4858,1284.004,532.6194,847.9246,728.9868,1210.704,585.2249
"2025-10-24 14:30:00",240,"NAN",11.93,847.0422,741.8152,1472.432,651.8494,820.2863,1034.328,545.4364,550.6079,1161.553,684.7823,1430.036,518.1982,1215.979,475.6564,790.4724,655.6237,1148.17,521.8404,907.1805,789.7471,1502.389,699.5231,861.8804,1078.655,596.1612,601.9601,1200.232,727.0966,1464.729,567.7782,1258.464,522.3732,834.4554,705.499,1187.359,566.1549
"2025-10-24 14:45:00",241,"NAN",11.93,837.8434,700.9774,1447.632,630.7152,794.509,1011.737,543.0806,549.9244,1130.984,651.4354,1421.865,518.6913,1198.253,475.323,787.6183,644.1451,1131.167,506.6997,898.7126,748.7918,1478.832,679.3803,837.2173,1056.602,594.2672,601.4965,1170.746,694.7404,1456.517,568.6822,1242.049,522.3465,831.8536,694.661,1171.347,551.7859
"2025-10-24 15:00:00",242,"NAN",11.93,835.9476,750.8489,1442.083,633.3246,788.5779,1022.768,544.1016,551.2077,1121.785,648.7474,1419.486,519.4366,1191.208,476.9917,786.0431,652.2203,1125.089,506.612,896.7703,799.389,1473.302,682.0942,831.1681,1067.552,595.3297,602.6613,1161.819,692.2702,1453.783,569.433,1235.137,524.1068,830.4297,702.6734,1165.505,551.5928
"2025-10-24 15:15:00",243,"NAN",11.93,828.9998,723.9487,1421.524,618.4897,768.5846,1005.661,540.2217,550.2787,1097.609,625.4164,1410.512,519.6459,1177.483,476.3564,782.3974,643.3835,1109.691,497.7411,890.4263,772.7922,1454.578,668.2142,811.7256,1051.379,591.614,601.9923,1138.492,669.8887,1446.259,569.8861,1222.458,523.9962,827.1977,694.4515,1150.763,543.3236
"2025-10-24 15:30:00",244,"NAN",11.92,821.8605,685.9311,1403.562,607.8807,749.5894,987.0175,537.0378,549.7282,1077.008,607.9511,1399.358,519.3433,1164.789,476.4224,787.6907,638.5674,1096.145,492.2149,883.5153,734.105,1437.237,658.3234,793.7181,1032.944,588.7466,601.8068,1119.052,653.256,1435.375,570.1344,1210.46,524.1437,833.3231,690.1749,1137.664,538.031
"2025-10-24 15:45:00",245,"NAN",11.91,820.7023,679.6785,1392.058,604.0627,737.1352,987.9778,537.1768,550.9166,1063.645,596.3776,1399.033,519.4092,1158.105,478.2374,777.4816,636.779,1087.144,490.2035,882.654,728.3862,1426.565,654.5305,781.5466,1034.097,589.0633,603.3956,1106.354,641.8273,1435.538,570.1888,1204.013,526.0223,822.8909,688.4145,1129.085,536.2682
"2025-10-24 16:00:00",246,"NAN",11.93,828.3615,723.3977,1396.309,611.9774,732.595,1003.482,528.6909,555.2463,1067.228,597.7858,1408.016,522.9778,1162.447,483.4069,782.357,649.9265,1092.613,496.1043,889.7574,772.2886,1430.53,662.3673,776.9224,1048.981,580.1321,607.1461,1109.711,642.8253,1443.726,573.5589,1208.129,531.1,827.4038,701.1501,1134.177,541.8948
"2025-10-24 16:15:00",247,"NAN",11.93,836.4423,791.498,1418.787,645.4459,743.5353,1029.593,541.3688,558.9746,1093.81,623.1658,1412.441,524.8387,1171.717,487.8938,784.1899,670.3051,1105.427,513.4541,897.0555,840.995,1451.39,694.423,787.3222,1074.291,592.4788,610.4972,1134.561,667.3469,1447.187,574.8409,1216.216,535.1133,828.91,721.0167,1146.193,558.608
"2025-10-24 16:30:00",248,"NAN",11.91,830.311,759.2296,1414.71,645.1526,736.2643,1022.283,539.7948,557.1072,1083.721,618.3356,1404.092,524.3289,1165.44,484.4668,779.665,668.7928,1097.377,511.2658,891.4833,807.6817,1447.783,694.0825,780.2859,1067.436,591.2158,608.7804,1125.359,662.9534,1438.869,574.6592,1210.675,531.9193,824.465,720.0145,1138.517,556.663
"2025-10-24 16:45:00",249,"NAN",11.93,822.9261,716.3511,1395.956,629.2689,721.9618,1001.67,537.0806,554.8961,1064.999,600.4511,1398.178,523.4783,1155.927,482.8063,777.2728,660.7706,1083.095,501.4576,884.5908,764.8956,1429.816,679.1533,766.7565,1047.452,588.683,607.0545,1107.557,645.5982,1434.169,574.2972,1202.193,530.7721,822.2936,712.2029,1124.978,547.4225
"2025-10-24 17:00:00",250,"NAN",11.93,823.2218,700.1227,1389.085,623.8814,713.2627,997.6579,538.9254,555.6179,1053.484,594.1062,1399.517,525.9833,1154.906,484.64,778.9112,660.3134,1080.338,499.2242,884.5941,748.7189,1423.161,673.8991,757.9532,1043.559,590.8619,607.8343,1095.969,639.3013,1435.471,576.5201,1200.395,532.2808,823.9135,711.7321,1122.179,544.8669
"2025-10-24 17:15:00",251,"NAN",11.94,820.3308,702.0339,1380.176,619.7014,706.2778,998.2211,538.2672,555.8177,1044.068,590.4515,1397.258,527.4037,1150.541,485.498,778.1167,661.5427,1073.151,497.3031,882.3652,750.3749,1414.842,670.0696,751.1326,1043.901,589.9247,608.1586,1087.214,635.9712,1432.41,577.9151,1196.696,533.6216,823.1153,713.1369,1115.236,543.2589
"2025-10-24 17:30:00",252,"NAN",11.93,817.1943,698.6763,1371.079,614.2895,688.1393,954.3721,535.1008,555.1119,1036.146,586.9112,1393.594,527.5818,1146.227,485.2713,776.5679,659.6592,1065.222,494.1623,879.7238,748.2436,1406.839,665.5812,734.0038,1000.904,587.7777,607.9617,1079.206,632.8663,1431.178,578.8842,1192.842,533.7105,822.3574,711.8839,1108.237,540.79
"2025-10-24 17:45:00",253,"NAN",11.93,815.5329,661.774,1364.159,611.9623,681.8433,952.5226,534.9233,555.4395,1030.974,585.5286,1392,528.5095,1143.632,486.0768,775.8418,658.7441,1060.1,492.9627,878.2662,711.7514,1400.329,663.6354,727.8381,999.5383,587.7418,608.6527,1074.626,631.8173,1429.834,579.8578,1190.534,534.8096,821.7339,711.3268,1103.631,539.9999
"2025-10-24 18:00:00",254,"NAN",11.93,814.3374,660.7726,1364.905,610.8311,676.0875,941.9771,535.5152,556.0244,1026.725,585.0179,1391.417,529.3716,1141.49,487.0579,775.3445,658.9105,1056.153,492.8861,877.3784,710.569,1401.489,662.4789,722.3452,988.269,588.5854,609.3097,1070.576,631.5092,1428.625,580.7567,1188.751,536.0963,821.1536,711.2281,1099.728,539.7448
"2025-10-24 18:15:00",255,"NAN",11.93,813.3419,667.3556,1356.097,610.6312,681.9459,976.8672,536.0356,556.6516,1024.01,585.1541,1391.277,530.4854,1140.114,488.0499,774.7009,659.319,1053.253,493.2195,876.525,717.1636,1392.424,662.6013,728.5527,1023.62,588.9896,609.8054,1068.023,631.8845,1428.979,581.9475,1187.206,537.1284,820.6219,711.6298,1096.89,540.4209
"2025-10-24 18:30:00",256,"NAN",11.93,813.7482,692.3475,1353.867,611.6476,678.8078,975.4936,537.1888,557.6964,1022.023,585.6425,1391.722,531.4504,1139.589,489.2997,774.199,660.3264,1051.084,494.0784,875.9662,742.8691,1390.935,663.8336,725.3737,1022.584,590.2352,611.0129,1066.316,632.3088,1428.876,583.4271,1187.048,538.2543,820.4499,712.8005,1095.359,541.2321
"2025-10-24 18:45:00",257,"NAN",11.93,813.9806,723.8503,1352.845,613.0433,675.7355,978.0261,537.8713,558.6008,1020.469,586.2521,1392.353,532.4641,1139.012,490.6782,773.9659,662.3088,1049.647,495.1674,876.8005,774.3095,1389.41,665.4261,722.575,1024.896,590.8264,611.8954,1064.875,633.2277,1429.428,584.598,1186.691,539.8871,820.5562,714.6814,1093.572,542.3626
"2025-10-24 19:00:00",258,"NAN",11.91,814.3605,748.499,1352.662,614.9467,673.3724,983.2968,538.0507,559.8337,1019.925,587.1856,1393.133,533.5431,1139.503,492.2059,774.0778,664.7132,1048.59,496.4052,877.0538,798.8806,1390.308,667.2979,720.1016,1030.554,591.1417,613.3785,1064.21,634.1124,1430.306,585.4839,1187.046,541.2579,819.9236,717.3705,1092.65,543.9534
"2025-10-24 19:15:00",259,"NAN",11.92,814.7858,694.3535,1352.885,617.0515,671.6434,986.7215,541.6174,561.3734,1019.385,588.2344,1395.471,534.6219,1139.838,493.7845,783.8036,669.8735,1048.479,497.8444,877.3919,744.4691,1389.901,669.5361,718.4539,1033.421,594.4576,614.6445,1063.715,635.11,1431.985,586.4939,1187.673,542.9201,830.2773,722.1997,1092.408,545.2472
"2025-10-24 19:30:00",260,"NAN",11.94,815.497,713.4414,1353.939,619.3829,670.0079,988.9277,542.7252,562.7925,1019.201,589.4963,1396.512,535.5927,1140.738,495.3557,774.8779,670.6887,1048.426,499.2584,878.0776,763.3583,1390.642,671.691,716.9247,1035.427,595.5359,616.0661,1063.695,636.3681,1432.839,587.2672,1188.463,544.5505,821.4028,722.9109,1092.661,546.5737
"2025-10-24 19:45:00",261,"NAN",11.93,815.6226,707.1799,1355.133,621.5914,668.7816,988.7966,543.8653,564.3707,1019.167,590.4724,1398.337,536.6332,1141.409,496.7267,775.7427,673.3397,1048.676,500.5882,877.8368,756.9638,1391.979,673.8472,715.7186,1035.228,596.696,617.8578,1063.402,637.0544,1434.988,588.5328,1188.816,545.5862,821.9457,725.2513,1092.784,547.6519
"2025-10-24 20:00:00",262,"NAN",11.93,816.5898,720.3118,1356.451,623.6711,667.5904,991.4813,545.1753,565.9294,1019.163,591.559,1400.006,537.6677,1142.26,498.1335,776.047,675.8217,1048.969,502.0201,879.027,769.8975,1392.788,675.7007,714.6196,1037.826,598.0585,619.1539,1062.861,638.0425,1436.661,589.1346,1189.408,547.1005,822.174,727.7816,1092.822,549.2772
"2025-10-24 20:15:00",263,"NAN",11.92,817.8216,726.8847,1358.355,626.0837,666.8009,993.5816,542.7902,567.3846,1019.932,593.0295,1402.387,537.928,1143.575,499.9928,777.2434,679.054,1050.06,503.8908,879.9241,776.2008,1395.269,678.2251,713.234,1040.03,595.3566,620.6494,1063.597,639.3249,1439.245,589.4072,1190.873,548.8381,823.3057,730.8654,1093.69,550.9268
"2025-10-24 20:30:00",264,"NAN",11.89,818.8648,714.4849,1360.447,628.8362,666.3895,997.0407,545.6252,568.9948,1023.932,594.0064,1405.68,538.9911,1144.855,501.5358,778.5723,682.5707,1051.287,505.6141,881.3114,763.1721,1396.761,680.8559,713.0846,1043.003,598.0898,622.1607,1067.443,640.6245,1441.568,590.3166,1192.236,550.4218,824.4963,734.0941,1095.161,552.8383
"2025-10-24 20:45:00",265,"NAN",11.93,820.0003,738.9429,1363.124,631.5838,665.9731,1000.957,541.2641,570.483,1021.042,595.2081,1407.749,540.4668,1146.505,503.2673,779.3578,685.7518,1052.695,507.2551,882.2585,788.017,1399.583,683.6776,712.7724,1047.229,593.9319,623.5858,1064.434,641.7284,1443.785,591.7896,1193.818,552.1172,825.157,737.138,1096.502,554.3333
"2025-10-24 21:00:00",266,"NAN",11.9,821.4403,759.9452,1366.266,634.1863,665.8164,1002.396,541.226,571.8538,1022.015,596.6144,1410.529,541.6538,1147.793,504.6497,780.2404,688.1429,1054.188,508.9199,883.787,808.8773,1402.928,686.3049,712.5321,1048.54,593.8668,624.8355,1065.801,643.0002,1446.259,593.2966,1195.022,553.66,826.0278,739.7335,1097.929,555.8112
"2025-10-24 21:15:00",267,"NAN",11.93,822.9156,775.1298,1369.235,636.9503,665.8777,1005.337,541.9258,573.3663,1022.809,597.7307,1413.053,542.711,1149.579,506.2206,781.2756,691.491,1056.099,510.6133,885.1155,824.3171,1405.993,689.324,712.6684,1051.063,594.5894,626.308,1066.481,644.5015,1448.754,594.1456,1196.898,555.1144,827.2748,743.236,1099.725,557.7964
"2025-10-24 21:30:00",268,"NAN",11.93,824.4053,770.597,1372.659,639.6779,666.1115,1007.518,542.8664,575.0121,1023.804,598.9344,1417.136,544.0503,1151.352,507.7799,782.8115,694.8914,1057.881,512.1595,886.9938,819.1662,1408.781,692.0227,712.8936,1053.719,595.561,628.1331,1067.512,645.8859,1452.304,595.4502,1198.701,556.8093,828.3528,746.4315,1101.924,559.4154
"2025-10-24 21:45:00",269,"NAN",11.93,826.3627,784.5041,1382.328,642.5773,666.5087,1010.03,544.2675,576.4418,1025.785,600.3959,1419.827,545.1671,1154.352,509.4421,784.6913,698.3787,1060.157,513.8325,888.8109,833.7054,1418.373,694.7847,713.5031,1056.429,597.1085,629.8005,1069.469,646.8501,1455.601,596.7855,1201.741,558.4226,830.4835,749.8958,1104.025,561.1031
"2025-10-24 22:00:00",270,"NAN",11.9,828.1558,772.2061,1380.375,645.4878,667.3511,1014.51,546.2156,578.1422,1027.042,601.6757,1423.482,546.3627,1157.197,510.9334,786.3737,702.288,1062.369,515.5223,890.8033,821.0295,1416.697,697.5594,714.2667,1060.573,599.014,631.3007,1071.398,648.2034,1458.824,598.098,1204.752,560.1528,832.1041,754.0196,1106.421,562.6249
"2025-10-24 22:15:00",271,"NAN",11.93,830.6294,782.8889,1385.069,648.5953,668.4838,1019.314,548.5454,579.9694,1029.117,602.8365,1427.083,547.532,1160.662,512.5026,788.1373,706.5879,1065.395,517.3101,893.2855,831.296,1420.706,700.6806,715.5563,1065.254,601.449,633.1555,1073.065,649.4124,1461.968,598.9797,1208.158,561.6293,833.5205,757.9582,1109.074,564.5858
"2025-10-24 22:30:00",272,"NAN",11.93,832.5418,791.1286,1389.794,651.3876,669.407,1023.735,550.3074,581.6521,1031.193,603.9026,1430.238,548.3624,1163.809,513.6926,789.7123,711.0216,1068.266,518.8379,895.3502,839.7999,1425.2,703.3273,716.2606,1069.625,603.0887,634.7482,1074.571,650.3968,1465.276,599.8661,1210.89,562.7408,835.5185,762.7348,1112.08,565.8929
"2025-10-24 22:45:00",273,"NAN",11.93,834.5816,796.1775,1393.462,653.7995,670.3521,1025.774,551.6292,582.9477,1032.689,605.1779,1433.612,549.1977,1166.49,514.9011,790.9525,714.8452,1070.7,520.1281,897.3838,844.7335,1429.107,705.9578,717.4283,1071.852,604.573,636.1183,1076.964,652.0162,1468.138,600.881,1213.858,563.9496,836.5151,766.6357,1114.32,567.1791
"2025-10-24 23:00:00",274,"NAN",11.89,836.0663,801.7955,1397.198,656.082,671.3879,1026.773,552.8352,584.2787,1034.313,606.0789,1437.271,549.9658,1168.991,515.976,802.4741,720.0458,1073.451,521.4429,899.1017,849.7521,1432.469,708.1259,718.5291,1072.449,605.749,637.3298,1078.047,652.7225,1471.406,601.1063,1216.248,565.0479,848.1777,771.5113,1116.826,568.5595
"2025-10-24 23:15:00",275,"NAN",11.92,838.5026,804.4213,1401.139,658.527,662.134,989.264,554.1312,585.4809,1036.293,607.1013,1440.236,550.666,1171.71,517.0482,794.044,719.6473,1076.085,522.6697,901.4081,852.6505,1436.239,710.7321,709.3078,1035.073,607.0742,638.4743,1080.188,654.061,1474.303,602.232,1218.943,566.4288,839.6313,771.2187,1119.658,569.907
"2025-10-24 23:30:00",276,"NAN",11.92,839.5333,809.1525,1403.836,659.8589,662.5927,996.5289,555.2822,586.045,1037.35,607.1484,1441.995,550.2936,1173.133,517.2027,794.7151,721.1099,1077.676,523.107,902.9865,858.3505,1439.097,712.6772,710.1995,1042.982,608.6852,639.783,1081.292,654.3726,1477.038,602.3585,1220.591,567.0098,840.8956,773.2974,1122.07,570.6957
"2025-10-24 23:45:00",277,"NAN",11.93,841.5989,807.2714,1407.093,661.4343,663.1969,998.5583,556.8046,586.7178,1038.47,608.0067,1444.765,549.8085,1174.633,518.0422,795.8303,722.7148,1079.786,523.9955,905.1136,856.3128,1442.716,714.3326,710.5317,1044.839,610.1637,640.3575,1083.756,655.4084,1478.507,602.2827,1222.249,567.608,842.0935,775.2984,1124.169,571.8927
"2025-10-25 00:00:00",278,"NAN",11.93,842.8856,816.4226,1409.949,663.0088,663.8785,1000.461,558.8113,587.3596,1040.116,608.6733,1446.969,549.3216,1176.628,518.8402,796.4324,723.7796,1081.849,524.908,906.2631,865.7919,1445.864,715.9182,711.5828,1047.401,612.3712,641.4419,1084.559,655.8836,1481.612,601.9751,1224.661,568.6015,842.9611,776.6584,1126.161,572.6754
"2025-10-25 00:15:00",279,"NAN",11.9,843.939,824.3558,1412.942,664.5466,672.4143,1029.663,560.8113,587.7354,1044.527,609.1549,1449.61,549.553,1177.803,519.4896,797.7578,724.9952,1083.609,525.6743,908.2891,873.3373,1448.467,717.6326,720.4754,1075.103,614.2957,641.7682,1089.372,656.6738,1483.988,602.0012,1225.601,569.6146,844.3625,777.6474,1128.018,573.6653
"2025-10-25 00:30:00",280,"NAN",11.92,845.3212,831.5895,1416.172,666.3074,664.8994,1004.363,563.2419,588.3186,1042.634,609.8173,1452.047,550.0349,1180.037,520.629,798.1108,725.9348,1085.533,526.3424,909.6191,880.807,1451.93,719.4421,712.8442,1051.188,617.2955,642.3032,1086.818,657.4771,1486.484,602.7764,1227.891,570.5211,844.7067,778.5965,1130.016,574.3037
"2025-10-25 00:45:00",281,"NAN",11.92,847.0448,836.8276,1419.602,668.2918,676.0505,1043.045,565.3856,589.035,1044.457,610.7422,1454.325,550.5798,1181.954,521.7493,798.5934,726.9465,1088.047,527.7852,911.195,885.6473,1454.348,721.3417,724.0159,1089.643,619.0892,643.2742,1088.91,658.2309,1488.649,603.4535,1229.702,571.7655,845.0704,779.6656,1132.575,575.9065
"2025-10-25 01:00:00",282,"NAN",11.94,848.3771,841.117,1422.686,670.1377,677.207,1043.553,567.149,589.7131,1045.897,611.4888,1456.864,551.144,1183.834,522.5441,800.1658,728.0545,1090.199,528.8354,912.7491,890.1707,1457.918,723.2905,725.2242,1090.068,621.1068,644.1128,1090.07,658.8936,1491.435,603.7916,1231.295,572.7256,846.9972,780.7529,1134.742,577.1895
"2025-10-25 01:15:00",283,"NAN",11.92,849.9421,849.6318,1425.326,671.9825,678.1231,1047.266,572.8398,590.3051,1046.993,612.1252,1459.736,551.7053,1185.06,523.3731,800.9356,728.8475,1092.261,529.9442,914.2806,898.6456,1460.859,725.1575,726.1285,1094.145,626.6118,644.4587,1091.64,659.9339,1494.401,604.3834,1232.996,573.4704,847.6667,781.5061,1136.691,577.9178
"2025-10-25 01:30:00",284,"NAN",11.92,885.207,887.3663,1458.31,708.3421,714.5052,1083.928,610.7351,626.5062,1080.912,647.9651,1482.355,586.7576,1216.437,560.6729,837.8436,764.9688,1126.698,567.4864,918.5797,900.2648,1469.565,726.9925,727.009,1097.667,625.7631,645.1419,1092.995,660.5125,1494.91,605.3157,1234.22,574.4718,848.8864,782.8301,1138.827,579.3256
"2025-10-25 01:45:00",285,"NAN",11.93,887.0078,891.9431,1455.291,710.1708,715.8173,1086.614,610.009,627.42,1082.386,648.5024,1484.395,587.6732,1217.605,561.9568,839.1771,766.0378,1128.716,568.5742,920.486,903.8921,1466.975,728.4904,727.9389,1100.101,624.3479,645.9431,1094.873,661.282,1496.38,605.4678,1235.463,575.5669,849.5865,783.3232,1140.855,580.275
"2025-10-25 02:00:00",286,"NAN",11.93,888.1752,896.9779,1458.731,712.1044,716.8224,1089.473,581.7988,627.9669,1083.541,649.6319,1486.879,588.1093,1218.624,562.6727,840.3339,767.1712,1131.067,569.5249,921.9902,909.8584,1469.475,730.2573,728.8821,1102.806,596.2899,646.6508,1094.788,662.0178,1498.761,606.3584,1236.278,576.5246,851.0498,784.5236,1142.977,581.3207
"2025-10-25 02:15:00",287,"NAN",11.92,890.0045,903.2787,1461.244,713.8926,718.0455,1091.842,586.3328,628.7211,1084.728,650.423,1489.365,589.4232,1219.73,564.0203,841.7965,768.7372,1133.029,570.4628,923.2169,915.3729,1472.462,732.1563,729.9098,1105.105,600.7224,647.3801,1096.92,663.0797,1499.793,606.9841,1237.529,577.7212,851.9698,785.7676,1144.772,582.0881
"2025-10-25 07:15:00",288,"NAN",11.92,891.4481,910.0249,1464.466,715.7269,718.7752,1096.112,583.899,629.5873,1086.39,651.3972,1490.883,590.6712,1220.794,565.0831,842.9455,769.6111,1135.171,571.8485,925.3525,922.1367,1475.432,733.8731,730.8987,1109.323,598.3488,647.8508,1098.456,663.7509,1502.355,608.0935,1238.242,578.6099,853.4955,786.5735,1146.697,583.3159
"2025-10-25 07:30:00",289,"NAN",11.92,877.4943,994.1487,1495.635,682.0533,690.9822,1095.67,576.5542,590.1817,1079.651,621.5148,1503.294,551.3848,1215.694,546.3645,829.0935,755.5077,1135.972,544.0907,947.6702,1041.29,1526.645,735.8661,738.3416,1141.629,630.4752,644.6733,1123.756,668.9125,1533.728,604.4903,1262.596,596.2455,874.7526,808.5724,1179.551,591.8979
"2025-10-25 07:45:00",290,"NAN",11.92,889.4556,995.9225,1502.619,688.5435,696.2032,1101.437,552.4771,596.572,1084.775,625.3277,1509.284,557.5047,1220.447,547.3082,830.7322,756.814,1142.347,547.5106,954.1385,1043.071,1532.607,742.1625,743.6792,1146.743,606.3556,650.8047,1128.456,673.1151,1539.179,610.1759,1266.889,597.4634,876.8337,809.524,1185.695,595.47
"2025-10-25 08:00:00",291,"NAN",11.9,927.8206,1036.297,1528.45,727.9468,735.8547,1135.868,600.6665,635.2542,1120.589,662.5025,1531.998,595.2659,1254.162,583.4368,867.4599,791.7932,1178.126,585.3232,961.8806,1049.814,1538.51,746.2495,748.1394,1149.553,615.7392,654.0418,1132.681,675.4399,1542.305,613.6428,1271.488,597.6298,878.2759,810.1097,1190.212,597.3425
"2025-10-25 08:15:00",292,"NAN",11.93,930.6403,1032.161,1533.078,731.3309,740.2623,1137.345,587.5776,637.6144,1124.188,664.692,1533.491,597.7073,1258.069,583.7798,868.5745,794.2373,1182.321,587.2798,965.2391,1045.943,1543.292,749.5588,751.924,1151.037,602.2911,656.1187,1135.396,676.9847,1544.924,615.8323,1274.847,597.4164,879.5195,812.2742,1194.311,599.0158
"2025-10-25 08:30:00",293,"NAN",11.92,934.0225,1050.155,1537.069,733.5028,743.3821,1140.668,589.0963,638.5192,1127.065,665.9915,1536.096,599.4046,1261.219,582.8912,870.551,795.3877,1186.121,588.7229,968.5358,1063.765,1546.791,751.2661,755.2149,1153.613,603.3823,656.8753,1139.018,678.2178,1546.373,617.077,1278.589,596.5234,881.1975,813.2954,1198.009,600.2362
"2025-10-25 08:45:00",294,"NAN",11.93,936.6811,1095.935,1541.524,735.2723,735.5399,1101.302,590.1107,638.416,1130.984,667.4337,1536.71,599.1964,1264.689,583.2416,871.9877,796.6172,1189.962,590.1678,970.8545,1111.341,1551.44,753.0415,747.1507,1114.477,604.4526,656.8176,1142.35,679.6711,1547.705,616.8163,1281.55,596.6987,882.1786,814.8211,1201.378,601.5564
"2025-10-25 09:00:00",295,"NAN",11.93,939.1157,1120.825,1545.006,736.6409,738.2418,1101.23,599.4987,637.9969,1133.963,669.0729,1537.669,597.6091,1267.223,583.0428,872.6016,796.8926,1192.916,591.3224,973.1304,1136.818,1554.458,754.1075,750.0618,1113.896,613.8483,656.0355,1145.668,681.3635,1548.508,614.7453,1284.1,596.5128,883.0535,814.8936,1204.574,602.7338
"2025-10-25 09:15:00",296,"NAN",11.92,941.7378,1125.982,1547.986,737.2906,741.171,1097.802,606.9827,636.5698,1137.455,670.4789,1538.737,595.4954,1268.586,582.6611,873.6292,797.1137,1196.492,593.3467,975.4148,1142.273,1557.121,754.1294,752.5019,1110.479,621.3484,654.4799,1148.942,682.9116,1548.936,612.926,1285.627,595.9086,883.7051,814.8975,1207.967,604.3392
"2025-10-25 09:30:00",297,"NAN",11.92,943.566,1123.459,1550.916,737.778,744.8788,1093.8,612.5402,634.563,1141.745,673.5394,1539.938,592.5972,1271.13,582.1246,874.2936,800.4112,1200.827,594.8403,977.1196,1139.591,1560.611,754.6472,755.9011,1106.387,626.8257,652.4102,1153.525,685.6876,1548.707,609.6887,1288.349,595.2794,884.4113,818.4556,1212.111,605.5504
"2025-10-25 09:45:00",298,"NAN",11.92,946.0901,1117.747,1554.625,738.9988,749.839,1092.357,615.4673,632.5436,1148.351,678.3308,1541.461,589.3561,1277.012,583.6787,875.2651,800.4194,1206.806,599.7514,980.0174,1133.797,1563.688,755.8475,761.2424,1104.595,629.8217,650.57,1159.124,690.3084,1551.804,606.7055,1293.886,597.0762,885.9259,818.2181,1218.161,610.722
"2025-10-25 10:00:00",299,"NAN",11.93,949.7814,1111.954,1562.212,744.8068,762.3382,1121.556,596.4325,630.0432,1161.73,690.4984,1546.292,585.7603,1289.38,588.3403,877.4277,805.9804,1219.962,610.0439,983.6067,1128.815,1571.753,761.111,784.8402,1150.077,610.8564,648.3706,1173.205,702.7241,1556.821,603.2101,1305.464,601.6207,887.6438,823.4922,1231.449,621.2573
"2025-10-25 10:15:00",300,"NAN",11.93,953.3538,1108.547,1570.589,753.0309,790.5552,1144.842,609.2382,626.5481,1177.091,704.1662,1548.282,581.9108,1300.228,590.3801,877.4327,809.6791,1231.647,620.1191,987.595,1125.402,1580.224,769.1302,802.0615,1157.87,623.7957,644.8572,1187.844,715.692,1558.748,599.5974,1316.459,603.8244,888.0596,827.2024,1242.716,631.1573
"2025-10-25 10:30:00",301,"NAN",11.94,958.2896,1114.681,1583.492,763.3947,810.1099,1151.245,637.5171,622.885,1193.676,717.7546,1551.629,577.9086,1313.676,594.045,878.7947,813.8961,1243.336,628.887,991.8804,1132.291,1593.524,779.4592,821.491,1164.014,651.6919,641.3917,1205.181,729.9678,1560.748,595.9082,1330.195,607.6281,889.3062,832.0092,1254.487,640.2423
"2025-10-25 10:45:00",302,"NAN",11.9,945.8885,1099.094,1585.412,756.2922,817.1965,1142.054,621.8997,602.3955,1192.606,714.0648,1543.12,557.6059,1312.991,581.3533,863.7632,799.8413,1239.223,618.8411,993.7088,1130.933,1604.699,787.9755,845.0718,1169.718,653.9891,637.8226,1218.414,742.5105,1563.501,591.6585,1342.738,611.6008,891.0095,833.2783,1264.614,646.4536
"2025-10-25 11:00:00",303,"NAN",11.93,952.4685,1092.492,1604.172,771.3118,849.7119,1161.221,624.1427,599.5042,1220.452,736.0885,1545.755,555.3439,1330.51,587.0494,865.0033,806.9313,1255.745,630.6835,999.8215,1124.823,1623.174,802.6793,877.3958,1189.03,656.21,635.1512,1245.388,763.622,1565.882,590.2187,1359.629,617.1696,892.324,840.3289,1280.931,657.913
"2025-10-25 11:15:00",304,"NAN",11.93,962.1313,1087.873,1630.587,791.4189,895.7831,1208.219,626.2428,598.0693,1257.564,767.7103,1554.802,553.0673,1350.821,602.3672,868.5996,817.1327,1277.195,646.2524,1009.237,1119.693,1648.945,823.1884,922.9064,1235.603,658.5055,634.1085,1282.001,795.6727,1574.731,588.1671,1379.682,632.6673,896.2604,850.4358,1302.165,673.6387
"2025-10-25 11:30:00",305,"NAN",11.89,936.9717,1022.026,1596.509,749.6749,859.7485,1139.341,620.6234,590.296,1211.411,723.3682,1525.44,553.0385,1303.915,560.1357,849.0425,759.9202,1241.2,608.4813,984.1906,1052.696,1616.174,781.9908,887.2116,1168.333,652.6636,625.8151,1236.637,751.4905,1546.065,587.6807,1334.026,590.5077,876.2195,794.2233,1266.875,635.9412
"2025-10-25 11:45:00",306,"NAN",11.93,926.5917,1007.664,1575.532,732.4323,826.946,1068.196,618.2058,587.8766,1186.313,692.5545,1513.961,555.4406,1279.979,552.3493,845.335,737.5857,1222.39,586.9125,973.989,1037.943,1593.913,764.8605,865.2319,1137.944,649.8828,623.166,1211.164,720.4317,1534.97,589.9022,1310.131,582.4412,872.224,771.2681,1247.697,614.4001
"2025-10-25 12:00:00",307,"NAN",11.93,917.3179,1058.698,1570.021,722.7565,824.0496,1114.026,600.7574,571.3752,1179.684,673.3672,1512.912,539.1732,1272.749,543.7158,833.5673,729.7399,1210.795,566.999,982.1429,1108.814,1598.177,775.0087,870.6625,1161.281,654.7803,627.2415,1222.343,721.1866,1544.065,593.449,1318.556,595.0015,881.3065,783.9147,1253.006,615.7877
"2025-10-25 12:15:00",308,"NAN",11.93,904.3726,1048.587,1558.277,718.337,820.8725,1112.582,594.4311,566.8221,1167.861,670.8132,1485.176,537.246,1257.459,537.0293,822.3566,723.0715,1195.969,560.6419,969.0921,1098.623,1586.702,770.5737,867.0974,1159.369,648.7107,622.3744,1210.755,718.1721,1517.205,591.3533,1303.855,588.1359,869.6761,777.452,1238.438,609.0204
"2025-10-25 12:30:00",309,"NAN",11.92,895.8536,1024.648,1540.128,704.3334,801.5869,1084.089,591.7745,564.4664,1146.093,647.7321,1467.244,536.938,1238.412,533.6086,818.9551,711.2366,1179.024,546.5584,960.7631,1074.807,1569.858,757.5792,848.299,1132.139,646.2659,620.4342,1190.317,695.9965,1500.927,591.5516,1285.862,585.1188,866.6535,766.2327,1222.477,595.7594
"2025-10-25 12:45:00",310,"NAN",11.91,893.1658,1027.785,1530.417,699.2453,787.97,1077.202,574.8972,564.4572,1133.907,634.214,1464.97,537.8524,1228.439,534.9511,818.2853,709.8573,1169.385,539.8361,958.8335,1078.16,1561.02,752.5071,835.2432,1125.372,630.14,620.7399,1177.626,682.8639,1499.541,592.2976,1276.014,586.5342,866.3223,764.8365,1213.278,589.0723
"2025-10-25 13:00:00",311,"NAN",11.92,898.4988,1081.361,1534.845,710.4127,791.2518,1101.255,550.1309,567.2098,1141.008,642.3168,1473.964,539.2655,1231.423,542.6615,821.7728,724.9702,1171.298,546.0401,963.4242,1131.089,1564.611,763.6055,838.3062,1148.495,604.9629,623.2169,1184.986,690.7759,1506.913,593.4297,1279.074,593.7534,869.2985,779.6917,1214.88,595.3066
"2025-10-25 13:15:00",312,"NAN",11.94,892.2112,1084.623,1525.248,704.6191,782.6687,1093.23,550.4279,565.4393,1130.5,636.8021,1469.001,537.9807,1222.951,543.5005,817.8646,724.1942,1160.067,541.9587,957.4332,1134.891,1556.06,757.3975,829.7164,1140.622,605.4285,621.222,1174.937,685.2675,1502.187,592.0604,1270.797,594.3922,865.5911,779.1188,1203.984,590.9294
"2025-10-25 13:30:00",313,"NAN",11.94,889.7752,1107.188,1517.651,698.7187,772.3386,1087.714,550.1728,565.2202,1122.051,628.5182,1468.358,538.0994,1217.679,544.4724,818.0975,723.6629,1151.772,537.8416,955.4866,1157.463,1548.916,751.9266,819.7763,1135.001,605.2933,620.9096,1165.92,677.077,1501.829,592.126,1265.529,595.7324,865.673,778.4099,1195.877,587.0709
"2025-10-25 13:45:00",314,"NAN",11.93,897.9492,1145.486,1528.532,711.0635,781.5916,1110.446,555.6136,567.8847,1141.875,645.7244,1477.966,539.5001,1228.984,553.679,823.9413,739.816,1160.393,546.9324,962.4835,1193.537,1558.73,763.5908,828.5834,1156.984,610.2014,623.2139,1185.518,693.6375,1509.847,593.1313,1276.292,604.4034,870.9371,794.0544,1203.967,595.4557
"2025-10-25 14:00:00",315,"NAN",11.93,917.2729,1175.414,1573.084,762.6717,840.0197,1172.208,569.7579,572.016,1211.53,713.1512,1493.37,539.5106,1267.224,572.8527,833.2948,776.2119,1197.491,584.5604,980.8521,1223.744,1599.649,812.6341,884.7611,1215.945,623.667,626.4222,1251.869,759.075,1523.452,592.5764,1311.712,622.2378,879.7802,828.7562,1238.764,631.6478
"2025-10-25 14:15:00",316,"NAN",11.93,926.5471,1177.763,1611.505,787.0554,878.5961,1199.815,594.8791,572.6808,1256.432,760.8021,1503.653,537.8118,1294.077,578.369,832.0274,789.5627,1227.572,612.9359,988.8577,1225.615,1635.243,835.1906,921.6739,1242.054,647.6088,626.9954,1294.013,804.2473,1532.609,590.3148,1336.24,627.3371,877.8823,841.0266,1266.986,658.6785
"2025-10-25 14:30:00",317,"NAN",11.93,903.519,1130.725,1572.791,741.4576,841.1779,1129.118,588.8334,564.1782,1199.476,706.212,1482.227,534.928,1258.348,550.0263,819.9681,741.2809,1192.951,579.6041,966.8112,1178.996,1599.096,791.6876,885.6339,1174.255,642.4216,618.8743,1239.908,751.8585,1513.097,587.796,1302.812,600.0052,866.2689,794.621,1234.535,626.4587
"2025-10-25 14:45:00",318,"NAN",11.93,893.0523,1060.344,1547.974,720.1475,815.6934,1094.816,586.3447,561.3661,1168.126,671.1418,1471.611,534.4178,1237.662,546.2478,817.1387,724.2838,1172.908,559.6641,956.991,1109.659,1576.814,772.124,861.6493,1141.642,640.1935,616.6921,1210.565,718.2667,1504.208,588.2543,1284.04,596.9763,864.0577,778.8526,1215.768,607.7164
"2025-10-25 15:00:00",319,"NAN",11.94,890.9178,1084.725,1535.846,712.8039,800.246,1091.832,588.2408,562.6884,1151.605,650.8613,1471.303,535.3655,1228.052,549.9366,818.7882,726.4435,1163.056,550.6941,954.7859,1133.906,1565.839,765.4276,846.4716,1139.292,642.0934,618.0794,1194.356,698.3922,1504.048,589.1602,1274.695,600.4071,865.6094,781.0083,1206.115,599.0477
"2025-10-25 15:15:00",320,"NAN",11.91,891.3312,1142.927,1537.37,721.946,801.6057,1113.457,590.141,564.4877,1155.184,657.5028,1471.088,536.0433,1227.866,553.9051,819.4506,740.6011,1160.763,552.1137,955.6645,1191.862,1565.829,773.697,847.829,1159.766,643.7282,619.5762,1197.482,704.9332,1503.323,589.4123,1274.604,604.5012,866.3927,794.7579,1203.718,600.1857
"2025-10-25 15:30:00",321,"NAN",11.91,883.1797,1136.84,1518.988,707.263,783.8093,1089.337,587.8305,562.5203,1132.56,636.8057,1462.55,534.7873,1215.103,551.1846,816.499,727.3803,1143.119,541.7314,947.9874,1184.952,1548.886,759.9703,830.6111,1136.126,641.5269,617.893,1175.975,684.8909,1495.251,588.3209,1262.83,602.0514,863.3079,781.9988,1186.306,590.1606
"2025-10-25 15:45:00",322,"NAN",11.93,880.3257,1130.114,1507.736,700.7695,770.069,1081.584,584.0784,562.7375,1120.086,625.2074,1459.88,535.4885,1209.497,552.6596,815.4742,726.1479,1133.65,537.0923,945.4203,1179.156,1538.569,753.6,817.0655,1129.144,638.1837,618.5082,1163.844,673.4739,1493.65,589.3947,1257.003,603.4415,863.449,781.264,1177.418,586.047
"2025-10-25 16:00:00",323,"NAN",11.91,884.5144,1162.164,1512.617,711.6618,768.2683,1104.732,569.7096,564.8175,1126.495,633.5833,1463.779,537.2263,1213.176,561.2691,817.6036,743.9183,1136.832,544.3747,948.7627,1210.475,1543.413,764.2905,815.2924,1151.531,624.0829,620.2891,1169.713,681.2657,1497.082,590.896,1260.317,611.7158,864.4424,798.8145,1180.305,592.9949
"2025-10-25 16:15:00",324,"NAN",11.93,877.3182,1146.327,1497.362,699.3877,754.2767,1086.105,563.1218,562.8506,1109.639,620.5212,1456.441,536.1669,1204.055,559.1216,814.8688,734.8196,1122.145,536.6689,942.4858,1195.403,1528.92,752.561,801.9492,1133.375,617.8481,618.4846,1153.276,668.8829,1490.78,590.0557,1251.61,610.0928,862.2179,789.7499,1166.098,585.5504
"2025-10-25 16:30:00",325,"NAN",11.93,873.3531,1069.828,1486.651,693.199,742.4058,1074.751,560.3043,561.7195,1099.44,613.7301,1452.077,535.4024,1193.34,559.5152,813.6636,731.3535,1112.405,532.6719,938.421,1118.993,1518.62,746.7208,790.2505,1122.813,615.6235,617.668,1143.548,662.0898,1486.514,589.4675,1240.889,610.6726,861.6788,786.4505,1156.845,581.9711
"2025-10-25 16:45:00",326,"NAN",11.94,871.2465,1056.016,1478.186,689.4611,732.1512,1068.112,563.9216,561.7974,1092.553,610.5465,1449.284,535.8362,1188.97,560.5244,813.5419,730.2629,1104.374,530.1757,936.497,1105.296,1511.031,743.4714,780.616,1116.158,619.4504,618.2808,1137.256,659.527,1484.532,590.3558,1237.636,611.8325,861.9485,786.1025,1149.02,579.6477
"2025-10-25 17:00:00",327,"NAN",11.92,870.3544,1047.575,1471.932,688.1738,713.3162,1019.948,564.7061,562.5436,1087.899,609.1433,1447.996,536.9888,1186.913,562.0007,813.8076,731.2654,1098.451,529.2996,936.0143,1096.877,1505.014,742.7294,762.13,1068.091,620.2653,618.9553,1133.359,658.5678,1484.141,591.889,1235.315,613.4007,862.288,787.1733,1143.693,579.2634
"2025-10-25 17:15:00",328,"NAN",11.94,870.6185,1048.172,1467.772,689.0104,717.9678,1064.727,567.6469,563.4002,1084.83,608.9199,1447.906,537.662,1185.562,564.0357,815.3352,732.7991,1094.449,529.6553,935.9985,1096.553,1502.25,743.6929,766.8524,1113.303,623.1273,619.6276,1130.841,658.3098,1482.416,592.2383,1234.877,615.673,863.3398,788.6164,1139.46,579.6061
"2025-10-25 17:30:00",329,"NAN",11.92,870.2597,1057.65,1466.238,690.1743,713.4609,1067.927,571.0549,564.7132,1082.926,608.9485,1448.224,539.1212,1185.186,567.0649,817.0691,736.4388,1091.781,530.4747,936.1044,1106.492,1499.873,745.101,762.4851,1115.991,626.636,620.9749,1128.084,658.2648,1483.135,593.838,1234.027,618.875,865.2721,791.9307,1136.962,580.2251
"2025-10-25 17:45:00",330,"NAN",11.93,870.0037,1060.374,1464.156,691.5636,699.0402,1029.325,574.3982,565.6226,1081.318,609.0747,1446.772,540.3755,1185.496,568.8123,817.9926,739.299,1088.442,531.2405,935.3317,1109.39,1498.335,746.3799,748.0577,1078.42,629.7897,622.0691,1126.541,658.2125,1482.271,594.9631,1234.027,620.1545,866.3102,795.0444,1133.304,581.1752
"2025-10-25 18:00:00",331,"NAN",11.9,870.3373,1068.761,1464.209,693.6481,706.5421,1072.772,575.6616,566.9432,1080.575,609.4318,1447.923,542.0558,1186.548,571.0361,819.838,743.0947,1087.91,532.6791,935.6725,1117.6,1497.582,748.0238,755.4993,1120.858,630.8767,622.9637,1124.944,658.5142,1483.838,596.4871,1234.769,622.3026,868.0151,798.727,1132.351,582.1984
"2025-10-25 18:15:00",332,"NAN",11.94,870.0877,1043.022,1461.37,694.4987,693.0159,1032.88,575.5584,567.1536,1078.109,609.3818,1446.618,542.3813,1185.025,572.3156,821.0117,744.6833,1085.37,533.1328,935.52,1091.295,1495.406,749.7523,741.9191,1081.004,630.8818,623.4783,1123.956,658.7369,1480.194,596.9822,1234.406,623.8571,868.7172,800.2065,1129.799,583.0247
"2025-10-25 18:30:00",333,"NAN",11.94,901.7527,1045.694,1480.935,729.465,724.5978,1063.209,613.0134,602.2235,1107.586,643.3606,1467.07,576.18,1212.89,608.1956,856.691,779.6537,1113.977,569.0549,937.5293,1062.387,1493.794,750.4689,739.1116,1079.878,630.7241,623.6727,1122.518,658.7169,1479.384,597.3227,1233.169,624.733,870.3422,801.6765,1127.785,583.8478
"2025-10-25 18:45:00",334,"NAN",11.92,904.3111,1046.21,1482.073,733.7142,724.8414,1064.533,609.4979,605.4629,1109.233,646.2357,1467.993,579.6497,1215.666,612.6684,861.1686,784.0267,1115.81,573.1294,936.7452,1059.807,1492.729,751.8957,736.7682,1078.283,624.0403,624.1514,1121.33,658.6723,1479.401,597.8527,1232.886,626.5109,871.9366,802.9375,1126.567,584.917
"2025-10-25 19:00:00",335,"NAN",11.94,904.4188,1053.32,1482.736,736.3475,723.34,1064.932,613.6044,606.5751,1109.224,647.0023,1468.938,580.7079,1216.341,614.7328,863.6047,785.9575,1115.408,574.8605,937.3735,1066.96,1491.893,754.0467,734.9796,1078.229,628.1111,625.0526,1120.767,659.2345,1480.407,598.4949,1233.454,628.1091,874.3548,804.7353,1126.524,586.2352
"2025-10-25 19:15:00",336,"NAN",11.9,905.3689,1063.772,1483.182,738.3259,722.0206,1067.482,618.0762,607.7007,1109.428,648.117,1470.341,582.2917,1217.325,617.0497,866.8171,788.9949,1116.179,576.4485,938.338,1077.232,1492.844,756.7367,733.8378,1080.067,632.6492,626.0178,1120.299,660.6423,1481.266,599.4342,1234.464,630.965,876.8206,807.2368,1126.813,587.7169
"2025-10-25 19:30:00",337,"NAN",11.93,906.1002,1068.119,1484.361,741.65,721.8256,1068.435,613.8976,608.9199,1109.878,649.5268,1471.455,583.6449,1219.514,619.5168,868.8989,791.9533,1116.788,578.1389,938.4916,1081.961,1493.911,759.9608,733.054,1081.686,628.1069,626.9152,1121.271,662.069,1482.195,601.0665,1236.959,633.0862,878.9559,810.8395,1127.419,589.5064
"2025-10-25 19:45:00",338,"NAN",11.93,907.7241,1081.563,1486.02,745.1754,721.2064,1070.654,620.5743,609.9302,1109.335,650.2194,1473.004,584.9288,1221.224,622.0187,871.5586,795.2006,1118.542,579.9858,940.0494,1094.089,1496.066,763.4659,732.7319,1083.444,634.8035,627.9515,1121.365,662.9644,1482.975,602.1068,1238.888,635.419,881.253,813.7522,1128.999,591.2509
"2025-10-25 20:00:00",339,"NAN",11.93,908.5597,1093.413,1487.877,748.7924,721.0587,1073.79,619.4792,611.0947,1110.437,651.3144,1475.277,585.8573,1223.564,624.2144,874.8436,799.3797,1120.181,581.8977,941.1392,1106.308,1497.371,767.1068,732.7961,1086.315,633.7726,629.4462,1121.28,663.4099,1485.455,603.3156,1240.655,637.5424,884.915,817.3207,1130.629,593.0529
"2025-10-25 20:15:00",340,"NAN",11.92,910.2194,1106.091,1490.694,753.187,721.8005,1077.112,615.6133,612.7242,1111.422,653.2145,1476.889,587.3099,1226.908,626.7976,878.0194,803.3739,1122.799,584.0669,942.2952,1119.048,1500.432,770.8819,732.8079,1089.607,629.2931,630.7071,1122.477,665.1167,1487.126,604.1953,1243.953,639.8521,887.3805,821.2592,1132.981,594.7301
"2025-10-25 20:30:00",341,"NAN",11.93,911.7455,1097.585,1493.417,756.6957,722.2784,1080.419,618.1957,614.4196,1112.489,654.8618,1477.909,588.4225,1229.901,628.8573,881.5731,807.3415,1124.895,585.7178,943.7048,1110.266,1502.055,774.1602,733.2326,1092.902,631.9946,632.2772,1122.918,666.2553,1489.47,605.5271,1245.909,641.7018,891.7444,825.1906,1135.001,596.6335
"2025-10-25 20:45:00",342,"NAN",11.92,913.9651,1101.619,1496.606,759.7753,723.1693,1084.524,623.2773,615.7986,1113.398,655.7744,1480.768,589.5783,1232.779,631.0065,884.8953,811.0828,1127.434,587.4145,945.5294,1113.979,1505.309,777.4886,733.9382,1096.222,636.8962,633.4839,1124.315,668.144,1490.185,606.2628,1249.502,644.1444,894.4629,828.7445,1137.272,598.0879
"2025-10-25 21:00:00",343,"NAN",11.93,915.5458,1109.618,1500.164,763.6205,723.8845,1087.432,625.2823,617.511,1115.455,657.4308,1482.571,590.6353,1236.386,633.6451,888.4527,814.1049,1129.582,589.3423,947.3465,1122.407,1508.495,781.3088,734.4909,1099.833,639.0164,634.9235,1126.142,668.9677,1492.593,607.6594,1252.863,646.1211,897.5941,832.1896,1139.434,599.9222
"2025-10-25 21:15:00",344,"NAN",11.9,899.9575,1105.255,1490.231,749.5706,706.2217,1074.161,607.1837,600.2438,1100.384,640.7815,1472.524,573.6166,1224.18,617.497,873.7461,799.8966,1115.249,572.5641,947.3218,1134.912,1512.129,784.5862,735.3153,1103.447,639.9699,636.3367,1127.592,670.2565,1495.63,608.5592,1255.998,648.5083,901.1405,835.5485,1141.962,601.5386
"2025-10-25 21:30:00",345,"NAN",11.9,902.2729,1112.601,1493.152,753.3879,707.0292,1074.6,608.7087,601.7414,1101.494,642.3057,1475.582,574.8018,1227.318,619.2325,876.9872,803.0712,1117.358,574.089,949.3198,1142.235,1514.691,788.3137,736.0019,1103.851,641.2801,637.5693,1129.318,671.7701,1498.151,609.4366,1259.478,650.2252,904.1138,838.5016,1143.696,603.2026
"2025-10-25 21:45:00",346,"NAN",11.92,903.3527,1120.154,1496.225,755.8502,707.4351,1077.962,609.8152,602.3525,1102.816,642.8787,1477.848,575.1238,1230.194,620.8175,879.749,805.351,1119.281,575.152,951.1307,1149.975,1517.663,791.2819,736.5594,1107.918,642.9871,638.771,1130.135,672.8039,1501.004,610.4299,1262.385,652.2258,907.3485,841.3235,1146.162,604.4474
"2025-10-25 22:00:00",347,"NAN",11.93,905.4867,1126.401,1499.419,758.8561,708.5711,1081.894,611.3923,603.4584,1103.608,643.8877,1480.702,576.0284,1233.263,622.3887,882.8847,807.858,1121.491,576.4265,952.8716,1155.14,1521.069,794.7006,737.5975,1111.445,644.5498,639.6744,1131.307,673.7632,1503.998,611.2027,1265.542,653.6055,909.6635,843.514,1148.295,605.9401
"2025-10-25 22:15:00",348,"NAN",11.93,907.1461,1134.124,1502.752,762.1093,709.7186,1086.469,614.9395,604.6203,1105.65,645.3138,1484.058,577.426,1236.776,624.5116,885.8167,810.7473,1124.292,578.3087,954.4687,1162.85,1523.159,797.4085,738.8771,1115.15,647.7927,640.4642,1132.325,674.743,1506.465,612.0261,1268.387,655.2033,912.8882,846.0842,1150.614,607.2483
"2025-10-25 22:30:00",349,"NAN",11.93,889.7742,1122.281,1495.306,745.9922,690.2051,1068.135,597.7995,585.7695,1089.916,627.0844,1474.993,558.8838,1223.656,606.7679,868.7714,793.4006,1108.541,559.2356,954.0365,1169.645,1526.22,799.8635,738.9912,1116.677,652.5219,641.4931,1134.15,675.7714,1508.832,613.0646,1270.825,657.5847,915.4009,848.0974,1152.451,608.5381
"2025-10-25 22:45:00",350,"NAN",11.92,891.2678,1129.708,1497.364,748.5801,691.1248,1072.159,599.1163,586.423,1090.936,627.7972,1477.838,559.6786,1225.938,608.7415,871.388,794.617,1110.64,560.4781,955.2713,1176.888,1528.585,802.8936,739.818,1118.66,653.7933,642.0372,1135.993,676.8474,1511.238,613.5004,1273.811,659.6126,917.6143,849.6795,1154.631,609.6571
"2025-10-25 23:00:00",351,"NAN",11.93,892.9212,1138.629,1499.742,751.4731,692.1486,1077.744,601.0308,587.3353,1092.597,628.4781,1480.099,560.5397,1228.411,610.7117,873.8278,795.9034,1112.342,561.6329,957.0437,1185.797,1530.775,805.6932,740.9487,1125.041,655.8478,643.1554,1136.86,677.6271,1513.619,614.4768,1276.095,661.5732,920.6381,851.2324,1156.227,610.7839
"2025-10-25 23:15:00",352,"NAN",11.9,894.4503,1147.185,1502.728,754.4454,692.9165,1081.212,603.0101,588.194,1093.591,629.4813,1483.041,561.3809,1230.554,613.054,876.7211,797.3488,1114.542,562.7725,958.9429,1193.935,1533.947,809.1616,742.1041,1128.45,657.723,644.1807,1138.507,678.7663,1515.615,615.4166,1278.596,664.5448,922.8965,852.5461,1158.51,611.999
"2025-10-25 23:30:00",353,"NAN",11.93,895.8472,1166.873,1505.655,756.9778,693.6407,1084.689,604.5045,589.0092,1095.492,630.2304,1484.655,562.1054,1233.461,614.446,879.4575,798.6627,1116.96,564.1024,960.6144,1213.284,1536.601,811.1804,742.7404,1132.26,659.3492,645.0647,1139.602,679.2808,1518.557,616.1684,1281.06,665.5225,926.6573,853.9595,1160.952,613.542
"2025-10-25 23:45:00",354,"NAN",11.93,897.1857,1178.031,1508.103,759.284,694.3925,1087.005,605.9477,589.7246,1096.307,630.8178,1487.163,562.8514,1235.316,616.1836,881.937,800.0542,1118.676,565.2303,961.8652,1224.509,1538.14,813.8231,743.5572,1134.231,660.834,645.917,1140.961,680.2909,1520.01,616.755,1282.965,667.5967,928.8802,854.7515,1162.495,614.8217
"2025-10-26 00:00:00",355,"NAN",11.93,898.8692,1191.92,1510.598,761.8089,695.3011,1090.036,607.2673,590.3145,1097.581,631.5204,1488.618,563.3886,1237.373,618.8811,884.4073,800.9094,1120.879,566.2926,963.2041,1237.482,1540.794,816.3798,744.2136,1137.259,662.1066,646.4448,1142.009,680.7731,1521.465,617.3106,1285.027,670.1882,930.9821,855.7731,1164.509,615.9096
"2025-10-26 00:15:00",356,"NAN",11.93,900.0955,1201.359,1513.252,764.7819,695.9589,1093.525,608.6444,591.0585,1099.162,632.0737,1490.91,564.0321,1239.768,620.0827,886.6038,802.223,1122.883,567.3046,964.8679,1247.294,1543.707,819.2888,745.2933,1140.502,663.7908,647.4045,1143.635,681.3939,1523.812,618.0759,1287.336,671.7019,933.1804,857.2471,1167.057,616.7039
"2025-10-26 00:30:00",357,"NAN",11.92,901.8481,1204.543,1515.962,768.2795,697.0609,1096.207,609.4694,592.006,1100.528,632.7197,1493.138,564.5562,1242.028,623.3821,888.7168,803.7085,1125.016,568.2561,966.4301,1250.943,1546.023,822.8695,746.3149,1143.202,664.3131,648.1379,1145.343,682.0452,1525.708,618.7915,1289.604,674.637,935.372,858.7336,1169.027,617.8991
"2025-10-26 00:45:00",358,"NAN",11.93,903.0638,1213.029,1518.855,771.0347,697.7318,1099.549,610.0517,592.7157,1102.091,633.2391,1494.37,564.9221,1243.75,625.0096,890.4249,804.609,1126.675,569.0171,967.2578,1259.026,1548.707,825.0469,747.0514,1146.861,665.074,648.8301,1146.124,682.4998,1528.198,618.9225,1291.12,676.5613,937.2421,859.7493,1170.186,618.5073
"2025-10-26 01:00:00",359,"NAN",11.93,903.8058,1218.394,1521.105,773.3174,698.5211,1102.991,610.5444,593.2861,1103.434,633.871,1495.638,565.4439,1245.641,626.7698,891.6185,805.3213,1128.482,569.7251,967.9203,1263.806,1550.341,827.619,747.8008,1150.112,665.4539,649.5714,1147.587,683.1313,1528.301,619.829,1292.987,678.0353,938.2614,860.5836,1171.818,619.4244
"2025-10-26 01:15:00",360,"NAN",11.93,905.2427,1220.974,1523.421,775.989,710.1271,1148.116,612.01,593.9893,1104.536,634.2751,1496.419,565.9889,1247.179,628.0144,893.7917,806.2283,1130.321,570.6731,969.8696,1266.258,1552.872,830.2652,759.5823,1194.576,667.0615,650.1886,1148.545,683.5631,1529.958,620.408,1294.506,679.4328,940.7223,861.1583,1173.913,620.0842
"2025-10-26 01:30:00",361,"NAN",11.92,906.5615,1224.187,1525.37,777.8682,710.7437,1150.492,612.6747,594.2946,1104.982,634.963,1498.722,566.3577,1248.191,629.5524,895.6526,806.5062,1131.531,571.2706,970.4687,1269.136,1556.208,832.2662,759.9857,1196.828,667.6169,650.3304,1149.494,684.4673,1531.528,620.7047,1295.798,680.8526,942.2347,861.8599,1175.052,621.0346
"2025-10-26 07:15:00",362,"NAN",11.89,915.6923,1282.785,1572.542,802.5367,719.8978,1201.712,637.1068,600.8968,1124.269,642.5295,1529.813,560.9302,1264.675,649.6548,947.8507,821.3398,1168.4,581.907,993.0733,1327.662,1600.173,858.2028,770.0485,1247.98,692.7396,658.2079,1168.052,692.9688,1559.121,616.3588,1311.771,701.8893,994.6254,877.4467,1211.417,632.4933
"2025-10-26 07:30:00",363,"NAN",11.92,930.1943,1289.55,1583.084,811.4587,726.2135,1213.212,642.0754,604.4886,1130.634,645.3563,1536.028,563.7051,1271.194,652.2817,954.2137,826.3776,1177.196,585.3177,1000.388,1333.469,1609.082,866.8072,776.15,1259.17,697.5697,661.6281,1173.643,695.2086,1565.78,619.2009,1317.894,704.3253,1000.734,882.3506,1219.797,635.644
"2025-10-26 07:45:00",364,"NAN",11.89,938.8799,1299.626,1588.24,816.9625,730.218,1216.109,643.485,607.5472,1133.749,647.6489,1539.039,566.9344,1274.55,653.1202,956.7621,826.6348,1180.225,587.1315,1003.826,1342.453,1614.475,871.7687,780.1462,1261.918,698.8301,664.3377,1176.28,697.6535,1568.864,621.9727,1320.687,705.048,1003.329,882.4832,1222.607,637.1385
"2025-10-26 08:00:00",365,"NAN",11.93,941.276,1324.054,1591.813,819.6411,732.8828,1217.019,645.0329,608.5447,1136.166,648.4064,1540.524,568.8875,1276.265,652.3672,959.3765,825.6841,1182.433,587.801,1006.012,1365.702,1617.702,874.2783,782.8181,1262.376,700.5354,665.2441,1178.277,698.3345,1570.062,623.8514,1322.748,704.5092,1006.116,881.2295,1224.59,637.9913
"2025-10-26 08:15:00",366,"NAN",11.93,945.3523,1395.258,1597.409,823.3903,736.0038,1221.094,647.0339,609.4144,1139.571,649.3586,1543.545,570.4411,1279.178,652.6759,960.4673,825.2526,1186.799,589.0133,1010.245,1435.63,1621.889,878.095,785.8204,1266.436,702.4899,666.1176,1182.478,699.1826,1573.075,625.3497,1325.562,704.8619,1007.062,881.0348,1229.054,638.9775
"2025-10-26 08:30:00",367,"NAN",11.9,950.803,1441.604,1603.989,828.939,740.4738,1228.409,649.6555,610.8013,1146.475,653.0152,1550.478,572.1353,1284.694,654.9064,967.3713,828.8022,1194.669,592.9833,1015.604,1479.832,1628.667,882.9836,790.152,1273.783,704.7334,667.2773,1188.823,702.6832,1579.268,626.8281,1331.155,706.7577,1013.38,884.4455,1236.917,642.9036
"2025-10-26 08:45:00",368,"NAN",11.92,953.7198,1475.861,1608.354,830.5527,743.681,1237.765,651.2738,610.8514,1151.512,657.3223,1554.439,571.5611,1288.417,656.3546,970.6515,831.4716,1199.921,597.3555,1018.721,1513.379,1633.371,884.6086,793.4308,1282.615,706.5618,667.3043,1194.222,707.2256,1582.858,626.1307,1334.632,708.3986,1016.842,887.0652,1241.985,647.2955
"2025-10-26 09:00:00",369,"NAN",11.93,957.1019,1515.142,1613.798,833.1515,749.3904,1246.481,652.5538,609.9754,1159.339,661.8139,1557.716,569.2791,1294.981,658.5654,973.7455,833.5796,1206.544,603.4534,1021.641,1551.696,1638.288,886.9673,798.9718,1291.277,708.2098,666.8472,1201.035,711.5363,1587.096,624.2281,1340.327,710.3842,1020.349,889.4423,1248.412,653.1716
"2025-10-26 09:15:00",370,"NAN",11.93,959.3602,1531.868,1618.531,836.1509,755.2078,1259.098,653.3421,608.1089,1166.298,670.0172,1560.299,565.6274,1300.403,659.5023,975.8834,833.8721,1213.513,610.056,1024.385,1567.83,1643.206,889.6594,804.8525,1303.839,708.8925,664.8084,1207.872,719.6548,1589.345,620.9467,1345.266,711.2731,1022.436,889.5751,1255.359,660.0101
"2025-10-26 09:30:00",371,"NAN",11.93,961.7059,1531.902,1624.105,840.3582,765.6199,1280.101,654.2419,606.1526,1178.377,680.6121,1564.279,562.238,1309.504,660.9312,978.4652,837.3985,1224.118,618.6273,1026.831,1567.752,1647.715,893.7968,815.2582,1324.054,709.7296,663.1675,1220.259,730.0558,1592.795,617.5095,1354.255,713.1168,1024.814,892.7973,1265.336,668.2017
"2025-10-26 09:45:00",372,"NAN",11.94,967.7444,1522.71,1630.887,845.5654,788.4507,1307.798,655.7755,604.4349,1199.087,698.3459,1573.991,558.1531,1326.112,668.8551,984.1498,844.7275,1239.905,631.4003,1031.815,1559.303,1654.28,898.4332,837.4623,1350.379,711.2632,661.5264,1239.675,747.3491,1601.485,613.5931,1370.631,720.5957,1030.302,899.4625,1280.461,680.6365
"2025-10-26 10:00:00",373,"NAN",11.94,969.8099,1508.599,1632.628,843.0657,812.4219,1321.05,656.35,601.2512,1213.35,709.1223,1577.09,554.5358,1337.746,670.3173,984.9123,844.7458,1245.428,635.6428,1034.39,1546.063,1655.998,895.8787,860.7595,1363.381,712.0005,658.4526,1253.216,757.8401,1604.762,610.4059,1381.455,722.1515,1030.964,899.529,1286.29,684.8444
"2025-10-26 10:15:00",374,"NAN",11.93,972.9008,1514.976,1639.994,843.3223,843.8273,1332.826,656.0834,597.7207,1232.705,724.5173,1583.711,551.4951,1353.806,676.9537,986.3524,849.1085,1261.31,644.3616,1037.724,1552.834,1663.958,896.1199,891.7883,1375.106,711.8088,654.9156,1272.658,773.1395,1610.583,607.2089,1397.06,728.6276,1032.963,903.4754,1301.2,693.298
"2025-10-26 10:30:00",375,"NAN",11.93,978.2502,1486.089,1650.932,853.1031,882.3043,1346.505,655.6879,594.738,1258.307,745.1165,1589.746,548.0659,1372.99,686.3766,988.6282,855.8532,1277.663,654.874,1042.432,1523.969,1673.991,905.03,929.2702,1387.742,711.6404,652.1467,1296.789,793.132,1616.323,604.2369,1414.408,737.8745,1035.535,909.8542,1316.829,703.8373
"2025-10-26 10:45:00",376,"NAN",11.92,960.8295,1415.104,1631.333,821.9743,850.6306,1289.625,650.4014,586.042,1222.318,707.4918,1561.38,547.6814,1336.133,650.1398,970.5206,806.4662,1248.931,624.2225,1025.577,1456.675,1655.447,875.1947,898.9691,1333.765,706.7422,643.6902,1262.566,756.6665,1590.363,603.972,1379.922,702.6867,1017.78,862.2559,1289.863,674.0601
"2025-10-26 11:00:00",377,"NAN",11.93,956.4132,1433.889,1623.856,816.4298,843.0964,1279.099,649.3202,583.9691,1212.203,691.7957,1553.1,548.6706,1326.219,644.2991,970.1497,800.1671,1239.271,613.5267,1021.779,1474.393,1648.927,870.4567,891.4294,1324.131,705.8184,641.7898,1252.949,741.938,1583.266,605.1836,1370.979,697.2967,1017.302,856.1575,1280.83,663.6573
"2025-10-26 11:15:00",378,"NAN",11.92,953.3703,1441.3,1616.206,811.9186,833.7683,1271.149,648.4009,582.5327,1201.469,679.1864,1543.565,549.499,1315.178,640.3244,968.3005,790.5289,1228.486,603.0037,1018.8,1481.398,1642.857,866.6674,883.1177,1316.916,705.3333,640.9812,1243.405,729.8347,1574.419,606.5539,1360.861,693.532,1016.295,847.4915,1270.63,654.1453
"2025-10-26 11:30:00",379,"NAN",11.93,947.6692,1441.98,1607.843,808.2702,823.3178,1260.91,646.4686,581.0151,1190.015,667.7514,1533.726,549.6036,1302.931,637.2126,964.7242,782.7505,1216.274,594.3358,1013.932,1482.25,1634.938,862.7929,872.8893,1307.091,703.4879,639.5867,1231.769,718.7753,1565.467,606.6135,1349.499,690.8589,1013.046,839.9017,1259.026,645.8597
"2025-10-26 11:45:00",380,"NAN",11.93,939.9868,1408.619,1595.601,800.635,807.6063,1239.715,643.1833,579.0122,1173.732,652.7556,1521.435,549.934,1288.294,631.4861,959.8507,770.8081,1201.768,583.3697,1006.137,1449.918,1623.128,856.1243,857.8962,1287.15,700.3337,637.7361,1216.936,704.1895,1554.657,607.0449,1335.525,685.459,1007.699,828.6948,1244.935,635.0095
"2025-10-26 12:00:00",381,"NAN",11.93,948.1459,1468.28,1600.621,812.8597,811.1106,1264.539,647.0636,582.4475,1182.62,658.1698,1528.274,552.5001,1295.282,641.429,967.0896,781.9985,1205.337,586.0363,1014.134,1507.686,1628.57,868.4149,861.585,1310.877,704.324,641.4708,1226.007,709.9335,1559.567,609.7029,1343.042,695.4341,1015.275,839.764,1248.316,638.0482
"2025-10-26 12:15:00",382,"NAN",11.93,937.2825,1454.275,1588.883,804.3304,799.7646,1249.199,641.6035,578.9548,1167.748,649.2043,1514.499,551.3713,1281.09,634.9594,958.8544,772.6008,1190.455,577.8698,1003.12,1495.161,1617.908,860.1003,850.154,1296.463,698.8955,637.8528,1211.351,700.9998,1547.095,608.4741,1329.037,688.9371,1007.503,830.7718,1234.125,629.8104
"2025-10-26 12:30:00",383,"NAN",11.93,941.0683,1501.218,1590.985,808.6238,791.7739,1250.176,643.5904,580.3304,1168.205,648.0974,1515.957,553.4052,1280.748,638.4551,962.5538,777.0264,1189.913,577.4025,1008.025,1540.068,1619.392,864.4775,843.1027,1297.547,701.2048,639.5822,1211.784,700.3995,1549.299,611.0347,1329.366,692.7174,1010.825,835.1251,1233.019,629.9661
"2025-10-26 12:45:00",384,"NAN",11.91,941.5093,1524.717,1591.93,813.8229,793.7973,1260.694,643.511,580.1976,1171.831,651.4965,1515.044,553.3501,1281.29,641.5969,962.2166,783.9308,1189.835,580.1328,1007.467,1562.821,1620.576,869.5037,844.514,1307.613,700.7874,639.3671,1215.819,703.2853,1547.534,610.6458,1329.779,695.6739,1010.49,841.986,1233.169,632.4284
"2025-10-26 13:00:00",385,"NAN",11.93,960.1007,1560.513,1626.589,855.8237,853.7198,1323.639,649.1147,584.6029,1230.462,713.0984,1531.351,551.6686,1322.603,669.4722,977.5317,822.8231,1222.172,611.5259,1025.279,1596.24,1651.779,909.7399,902.7307,1366.596,705.9735,643.1686,1271.186,763.3411,1562.872,608.7971,1367.513,722.5046,1025.484,879.1701,1263.853,662.7355
"2025-10-26 13:15:00",386,"NAN",11.93,979.6538,1574.998,1678.175,900.5046,930.9795,1368.374,650.4633,587.7971,1307.182,788.1268,1546.037,548.6847,1370.431,698.4492,988.993,862.8217,1270.223,656.6371,1043.491,1608.604,1698.695,951.5277,976.8071,1408.621,706.7488,645.678,1343.106,835.4411,1575.145,605.0864,1412.233,750.0772,1035.846,916.8385,1309.327,705.8035
"2025-10-26 13:30:00",387,"NAN",11.92,985.9605,1567.212,1698.988,905.7635,954.5138,1372.484,650.588,587.996,1332.371,808.5569,1555.195,546.4213,1383.276,704.4168,990.4474,871.4303,1290.111,668.4388,1048.563,1601.904,1716.965,955.7795,999.4398,1412.212,706.2809,645.0886,1366.775,854.7025,1583.321,602.0494,1423.081,755.1544,1036.212,924.5775,1326.992,716.5044
"2025-10-26 13:45:00",388,"NAN",11.93,990.6738,1564.668,1713.143,908.6205,970.4011,1379.102,616.4486,588.535,1351.064,823.5627,1560.954,545.1047,1396.369,712.0803,989.4422,877.1055,1297.114,675.5662,1051.976,1598.572,1731.141,957.6447,1013.912,1417.346,670.9155,645.252,1384.542,868.3476,1587.685,600.3121,1435.235,761.6594,1034.49,929.7267,1333.753,722.9301
"2025-10-26 14:00:00",389,"NAN",11.93,991.7145,1583.219,1728.914,908.9195,990.0675,1395.834,619.2124,587.4891,1370.186,839.3127,1565.666,543.669,1406.549,719.2117,997.6923,882.8698,1316.76,684.0373,1053.681,1616.286,1744.365,957.9922,1032.987,1433.508,672.264,643.9716,1402.697,883.3893,1591.546,598.4904,1445.047,768.725,1042.768,934.6605,1351.721,730.8997
"2025-10-26 14:15:00",390,"NAN",11.93,995.0266,1548.622,1728.571,913.5328,993.12,1391.12,621.9341,585.1165,1373.762,839.3381,1562.349,542.7114,1404.881,715.1878,992.8245,870.0829,1320.583,682.4285,1056.244,1583.812,1744.185,962.1292,1035.89,1429.157,675.9775,641.5235,1405.935,883.4756,1588.752,597.6389,1442.609,764.6735,1038.123,922.4108,1355.716,729.4271
"2025-10-26 14:30:00",391,"NAN",11.93,985.5453,1520.872,1720.347,895.8384,971.7844,1377.686,620.6796,578.5763,1355.579,821.0316,1547.989,541.924,1385.233,692.558,979.258,841.8596,1308.318,668.0122,1046.96,1556.931,1737.817,944.9752,1015.041,1416.345,674.8506,635.0027,1389.05,866.1967,1575.615,596.9732,1424.57,742.5452,1024.337,895.213,1344.002,715.3362
"2025-10-26 14:45:00",392,"NAN",11.94,973.0273,1502.055,1701.517,875.6099,955.2241,1337.868,618.4036,572.4764,1329.583,789.8473,1529.075,540.8273,1362.196,666.9146,968.5498,817.3775,1290.271,651.0008,1035.401,1539.954,1719.648,925.5616,999.011,1378.496,672.8419,628.8568,1363.87,835.6132,1558.694,595.9752,1402.968,717.587,1014.148,871.7562,1326.903,698.5856
"2025-10-26 15:00:00",393,"NAN",11.93,970.9919,1523.367,1697.865,879.2261,943.5472,1335.055,621.6354,571.9658,1322.323,780.8024,1516.734,541.7566,1351.875,657.0741,969.8563,814.9326,1284.012,642.0754,1034.119,1559.788,1715.092,929.313,988.0093,1376.076,676.3155,628.5604,1356.923,826.7864,1547.557,596.7593,1392.718,708.6079,1015.663,869.9924,1321.146,690.4786
"2025-10-26 15:15:00",394,"NAN",11.91,955.0318,1510.845,1667.914,852.3881,911.0355,1292.834,618.6799,568.2684,1281.094,741.5247,1497.153,540.2997,1322.882,642.1048,959.4842,795.8336,1255.894,617.3437,1019.332,1548.37,1689.174,904.1471,957.1219,1336.267,673.5771,625.3998,1317.788,789.2917,1529.036,595.9222,1366.824,694.5941,1005.714,851.9892,1294.604,666.1911
"2025-10-26 15:30:00",395,"NAN",11.94,935.9442,1484.475,1634.699,823.4315,877.3541,1246.774,612.577,564.5327,1236.597,700.6318,1474.133,538.564,1294.167,631.0956,947.3651,777.2996,1223.825,593.1542,1000.3,1523.956,1658.624,876.4663,924.2798,1291.925,668.0125,621.9164,1274.886,749.6732,1508.701,594.2952,1339.668,683.684,993.8253,834.2023,1264.013,643.1309
"2025-10-26 15:45:00",396,"NAN",11.93,925.0554,1476.772,1609.245,807.0165,848.7539,1214.884,610.4598,564.0408,1202.828,667.1605,1461.606,539.0944,1274.384,628.3533,946.4578,764.9756,1200.073,576.3258,990.3776,1516.089,1635.078,861.2632,896.8695,1261.618,666.4625,621.7597,1242.441,717.1937,1496.968,595.3987,1320.836,681.451,993.5157,822.4088,1241.529,627.1229
"2025-10-26 16:00:00",397,"NAN",11.93,918.6409,1488.554,1590.801,801.7177,827.025,1201.869,611.291,565.3571,1178.186,647.4352,1454.107,540.7916,1261.6,630.1111,945.2031,763.9671,1182.606,567.6773,984.289,1527.065,1618.297,856.94,875.7399,1249.558,667.2506,623.3704,1219.33,697.7731,1490.416,597.0255,1309.114,683.3874,992.256,822.0042,1224.871,618.9289
"2025-10-26 16:15:00",398,"NAN",11.93,914.446,1495.674,1576.242,799.775,808.6069,1200.05,592.0721,566.9319,1160.051,634.8395,1450.137,542.457,1252.679,632.0257,944.4376,769.7247,1169.291,563.1934,980.3002,1533.871,1604.574,855.1901,857.919,1247.302,649.1737,625.112,1201.001,685.7496,1486.284,598.8675,1300.297,685.5458,992.0291,827.8124,1211.976,614.7335
"2025-10-26 16:30:00",399,"NAN",11.91,912.028,1513.013,1565.559,800.3336,793.8991,1199.032,613.6552,569.0289,1147.814,628.8512,1448.878,543.612,1247.362,634.5176,943.9952,774.3405,1159.621,561.5034,977.5485,1550.78,1594.626,856.1247,843.5348,1246.583,671.0001,627.1187,1189.731,680.0353,1485.972,600.2592,1294.92,688.0583,992.3006,832.3893,1202.707,612.9851
"2025-10-26 16:45:00",400,"NAN",11.93,908.6469,1523.519,1555.247,800.7179,779.8026,1195.767,617.2208,570.3121,1136.353,625.5057,1446.267,544.8931,1241.667,635.8301,944.3302,777.5447,1149.293,559.7685,974.1616,1560.197,1584.145,856.6854,829.9493,1243.708,674.7819,628.6479,1178.412,676.4971,1483.21,601.4573,1289.75,689.1985,992.3038,835.4534,1192.587,611.602
"2025-10-26 17:00:00",401,"NAN",11.93,905.7843,1490.495,1545.214,802.1168,767.1597,1190.653,625.1973,571.4356,1127.703,623.845,1444.324,546.2215,1236.662,637.2208,944.0906,780.3983,1141.31,558.7953,971.5673,1528.342,1575.134,858.8596,817.5159,1238.277,682.6265,629.6591,1170.677,675.3103,1480.74,602.8318,1285.239,690.994,991.8504,838.6796,1185.363,610.4369
"2025-10-26 17:15:00",402,"NAN",11.92,903.2997,1465.796,1537.84,803.6573,755.536,1185.463,629.1367,572.7186,1121.728,623.7896,1442.35,547.2407,1232.558,638.7109,943.7585,783.8488,1134.3,558.5249,968.9072,1503.32,1568.474,860.6912,805.8376,1233.504,686.3682,631.1533,1165.172,675.4443,1478.344,603.6198,1281.532,692.5201,991.4715,842.1923,1178.53,610.4783
"2025-10-26 17:30:00",403,"NAN",11.93,902.1454,1453.397,1533.563,809.449,745.5927,1183.639,629.7963,574.5224,1118.39,624.0496,1442.138,549.1541,1230.77,640.8478,945.8305,788.4458,1132.035,559.4219,967.6358,1491.453,1563.569,866.2047,796.5554,1231.579,686.9734,632.9352,1161.443,675.7615,1479.469,605.6658,1279.514,694.5256,993.4526,846.7258,1176.524,611.4233
"2025-10-26 17:45:00",404,"NAN",11.93,903.0154,1456.561,1533.414,817.2915,738.1924,1186.031,632.4984,577.0645,1118.02,626.0691,1443.601,551.4073,1232.484,644.4239,948.5504,794.7223,1133.685,561.7285,968.3088,1495.29,1563.633,873.5136,789.0801,1234.17,689.6139,635.3862,1159.939,677.1893,1480.851,608.0312,1280.692,698.0008,996.4506,852.917,1177.699,613.7253
"2025-10-26 18:00:00",405,"NAN",11.92,903.8427,1465.68,1533.393,824.4923,732.5911,1192.86,636.5816,579.4688,1115.548,627.2276,1445.595,553.4909,1233.317,647.4842,951.2598,801.553,1133.919,564.1351,968.8071,1503.537,1563.985,880.5457,782.9889,1240.352,693.0311,637.5432,1157.934,678.2897,1481.279,609.5126,1281.462,700.8065,998.6304,859.3756,1177.587,615.4907
"2025-10-26 18:15:00",406,"NAN",11.94,902.1392,1468.735,1530.958,827.9483,725.9394,1194.668,635.4101,580.2246,1112.981,627.3953,1445.029,554.3091,1230.932,648.3811,952.2756,804.9376,1131.752,564.6006,967.6296,1506.207,1560.377,884.2816,776.6746,1242.071,692.3565,638.2347,1155.256,678.8713,1482.166,610.4496,1278.878,701.7415,999.55,862.6033,1175.483,616.0372
"2025-10-26 18:30:00",407,"NAN",11.93,900.7306,1464.167,1528.546,832.0639,719.9528,1192.931,631.5937,580.9319,1111.48,628.1588,1442.978,554.5698,1228.302,649.0283,951.9227,806.8439,1129.599,565.3097,965.7234,1502.188,1558.846,888.2776,770.8239,1240.508,689.0355,639.1255,1153.291,679.6474,1480.105,610.8212,1276.129,702.4929,999.3951,864.6376,1173.489,617.0996
"2025-10-26 18:45:00",408,"NAN",11.94,899.2284,1421.181,1526.108,836.4245,703.8567,1142.995,549.0217,580.438,1109.404,628.8168,1441.789,554.5793,1226.224,649.741,952.4832,808.2186,1128.482,566.5354,963.4724,1459.653,1556.951,892.7515,754.8195,1191.621,605.3328,638.3675,1151.432,679.9749,1478.804,610.905,1274.656,702.9196,999.6627,866.2765,1172.611,618.3667
"2025-10-26 19:00:00",409,"NAN",11.93,898.2485,1401.914,1525.186,842.2223,699.4843,1139.937,567.7385,581.491,1108.749,629.5516,1441.876,555.3078,1225.649,651.2475,952.7848,810.3397,1128.991,568.4345,962.5406,1442.213,1555.84,898.2778,750.181,1188.4,624.5202,639.6412,1151.067,680.921,1478.276,611.4124,1274.146,704.6216,1000.338,868.1942,1173.041,620.1078
"2025-10-26 19:15:00",410,"NAN",11.93,897.9688,1371.103,1525.92,848.7319,706.4962,1186.787,581.1969,582.9797,1108.932,630.5364,1442.577,556.3878,1225.736,652.0877,953.7637,812.7188,1129.705,570.8533,962.3506,1414.021,1556.068,904.7922,757.6385,1234.384,638.1918,641.0842,1150.756,681.536,1480.364,612.8468,1273.699,705.6083,1001.713,870.34,1173.505,622.5315
"2025-10-26 19:30:00",411,"NAN",11.92,898.281,1385.879,1526.594,856.0361,693.9612,1142.363,603.6976,584.8441,1108.738,632.0055,1442.169,557.447,1226.473,654.8973,954.8348,815.53,1130.772,573.4085,962.5033,1427.486,1557.298,912.1105,744.7617,1190.541,660.4409,642.9182,1150.802,683.1823,1478.676,613.7584,1274.705,708.1683,1002.298,873.394,1174.324,625.0667
"2025-10-26 19:45:00",412,"NAN",11.93,899.1189,1391.494,1529.19,863.5367,692.269,1142.786,610.7378,586.8265,1109.572,633.2802,1443.21,558.4362,1227.784,657.5298,953.4693,819.2174,1132.057,576.0971,962.9561,1432.761,1560.354,919.8231,743.2778,1191.002,667.3387,644.8767,1151.098,684.1863,1481.217,614.8304,1275.744,710.8439,1001.352,876.9471,1175.921,627.5021
"2025-10-26 20:00:00",413,"NAN",11.89,899.8397,1383.937,1531.123,870.165,690.8898,1144.504,572.3385,588.3239,1109.562,634.5217,1445.7,560.024,1229.101,659.898,958.2088,822.8183,1133.563,578.7629,963.7286,1425.197,1561.34,926.4222,741.7546,1192.714,629.6835,646.3878,1151.496,685.7693,1482.505,616.1288,1277.19,713.0699,1005.369,880.3076,1177.223,630.3295
"2025-10-26 20:15:00",414,"NAN",11.94,901.3161,1389.279,1534.083,878.7612,690.1646,1146.381,606.7282,590.1441,1110.59,635.9597,1448.44,561.5676,1231.387,663.083,958.2159,827.0212,1135.95,581.5578,965.2105,1430.071,1564.079,934.4279,741.0785,1194.637,663.6836,647.9898,1152.344,686.8552,1485.497,617.7403,1279.706,716.3785,1006.045,884.6183,1180.079,632.9245
"2025-10-26 20:30:00",415,"NAN",11.93,902.7015,1398.216,1537.37,887.0459,689.8704,1149.613,620.5403,592.0316,1111.899,637.1306,1450.3,563.1559,1234.225,665.7576,961.5707,831.2426,1137.879,584.1409,965.8021,1428.332,1567.937,942.7375,740.756,1197.712,676.9019,649.9757,1153.491,687.9693,1487.462,619.0432,1282.05,718.6371,1008.964,888.7062,1181.239,635.6328
"2025-10-26 20:45:00",416,"NAN",11.93,903.9109,1374.141,1540.814,895.3093,689.7099,1153.446,624.4009,593.8186,1113.276,638.5771,1453.143,564.6137,1236.754,668.2959,964.3534,835.3727,1141.697,586.4964,966.9488,1416.959,1570.208,950.7028,740.5652,1201.788,680.7181,651.8008,1154.838,689.4761,1490.04,620.9133,1284.218,721.4093,1011.46,892.6458,1185.092,637.7177
"2025-10-26 21:00:00",417,"NAN",11.93,905.4437,1421.221,1544.742,903.4516,690.0521,1157.436,625.8914,595.7129,1114.713,640.0906,1456.73,566.2063,1239.491,670.9599,967.4479,839.2147,1144.736,588.748,968.9296,1460.127,1573.274,958.8054,741.0261,1205.245,681.7404,653.6467,1157.026,691.5992,1493.021,622.1241,1287.523,724.1548,1015.067,896.4264,1188.439,639.9326
"2025-10-26 21:15:00",418,"NAN",11.93,907.2468,1369.361,1548.004,911.2999,690.0563,1156.453,627.3701,597.5922,1116.717,641.5197,1459.474,567.4703,1242.654,673.6077,970.1809,841.9479,1148.368,591.049,970.7993,1424.408,1577.674,966.8727,741.0677,1204.062,683.2186,655.7427,1158.949,692.5917,1495.483,623.4617,1290.482,726.7214,1017.645,899.5724,1191.46,642.5338
"2025-10-26 21:30:00",419,"NAN",11.93,908.772,1418.298,1552.594,919.2561,690.6682,1165.14,628.8973,599.215,1118.261,642.7966,1462.6,568.8721,1245.861,676.1046,972.1006,845.5466,1151.241,593.2676,972.3203,1457.187,1581.259,974.5948,741.8523,1212.684,684.812,657.2289,1160.089,694.4943,1498.126,624.9948,1293.492,729.2339,1019.086,902.8612,1194.437,644.5398
"2025-10-26 21:45:00",420,"NAN",11.9,910.4923,1410.159,1556.46,926.902,691.0671,1168.085,630.2205,600.718,1120.305,644.1784,1464.427,570.0002,1249.135,678.2929,975.8782,848.5957,1154.223,595.3527,974.665,1450.279,1585.351,981.9909,742.3745,1216.209,686.2243,658.8456,1162.317,695.4305,1500.905,626.0325,1296.621,731.2313,1023.208,906.0185,1196.901,646.8077
"2025-10-26 22:00:00",421,"NAN",11.91,912.3176,1425.191,1560.404,933.1591,691.2686,1168.862,632.1449,602.29,1122.021,645.5592,1466.755,571.248,1252.643,680.8147,978.1281,851.4771,1157.947,597.4979,976.2971,1464.163,1589.468,988.4083,743.0233,1215.238,688.1976,660.1707,1164.163,697.069,1502.66,627.6757,1300.281,734.1066,1025.828,908.7414,1200.989,649.0558
"2025-10-26 22:15:00",422,"NAN",11.92,913.782,1426.811,1563.892,939.8586,692.2253,1174.21,633.4931,603.7034,1123.737,646.9847,1468.803,572.3358,1255.873,682.4816,981.2488,853.7242,1161.799,599.4476,977.4991,1465.538,1591.958,994.9508,743.4181,1221.73,689.3524,662.024,1166.324,698.2703,1504.371,628.4869,1303.569,735.6676,1028.637,911.1437,1204.875,650.8565
"2025-10-26 22:30:00",423,"NAN",11.93,915.3986,1429.59,1567.615,946.3987,693.4468,1177.754,635.293,605.2151,1125.598,648.2103,1472.741,572.2727,1259.57,684.7675,984.8878,856.4121,1165.681,601.5443,978.6913,1468.837,1595.925,1001.23,744.8879,1224.958,691.4731,663.545,1167.383,699.4656,1508.754,628.5654,1306.879,738.0274,1032.158,914.1785,1208.491,653.2009
"2025-10-26 22:45:00",424,"NAN",11.91,917.1704,1438.25,1571.902,953.0723,704.6567,1227.324,636.8074,606.6947,1127.66,649.4362,1474.661,573.8896,1262.766,687.4035,987.7935,858.7294,1169.234,603.5102,980.6582,1476.957,1600.678,1007.926,756.0168,1274.091,692.9753,664.9106,1169.851,700.9491,1510.217,630.0972,1309.968,740.6357,1035.413,916.6721,1212.331,655.2832
"2025-10-26 23:00:00",425,"NAN",11.9,919.3325,1447.434,1575.752,959.1506,694.7949,1187.738,638.4899,608.2206,1129.421,650.6109,1477.898,575.1953,1265.69,689.6033,990.9365,860.4305,1172.686,605.4415,982.8541,1485.713,1603.709,1014.546,746.3198,1234.95,694.6476,666.5386,1172.067,702.3169,1513.345,631.4411,1313.13,743.0875,1037.888,918.2487,1215.123,657.0524
"2025-10-26 23:15:00",426,"NAN",11.92,920.7174,1464.371,1579.545,964.4272,695.0736,1222.825,639.9039,609.5887,1131.555,651.5544,1478.618,576.2733,1268.787,691.3025,991.4847,862.4366,1175.674,607.194,984.751,1502.035,1607.725,1019.999,757.7788,1281.556,696.3724,668.0544,1173.552,703.0814,1514.661,632.8886,1316.185,744.8762,1039.056,920.1852,1218.349,658.8876
"2025-10-26 23:30:00",427,"NAN",11.92,922.6422,1459.726,1583.536,970.5715,707.379,1238.926,641.3923,611.0171,1133.218,652.6841,1481.868,577.1831,1271.988,695.1797,995.3466,863.921,1179.208,609.1538,986.0096,1497.853,1610.438,1025.709,758.9945,1285.124,697.6489,669.2571,1175.505,704.3154,1517.324,633.8028,1319.407,748.704,1042.617,921.6866,1221.543,660.9399
"2025-10-26 23:45:00",428,"NAN",11.92,924.1654,1452.685,1587.261,976.5887,697.1375,1197.609,642.9563,612.0372,1134.658,653.4451,1484.273,577.8325,1274.102,695.9918,995.8668,865.619,1183.201,611.468,987.7231,1490.61,1614.559,1031.268,748.5031,1244.788,699.1542,670.0524,1176.302,704.7032,1519.17,633.9738,1320.692,749.3808,1043.097,923.1329,1224.957,662.8951
"2025-10-27 00:00:00",429,"NAN",11.93,926.0323,1424.181,1590.454,982.5533,698.0885,1200.325,639.3294,613.2731,1136.657,654.394,1486.397,578.6153,1277.146,698.5845,998.2609,867.0436,1187.89,613.5606,989.9266,1461.394,1617.871,1037.359,749.3119,1247.445,696.7864,671.1493,1178.465,705.8529,1520.513,634.9459,1323.564,751.9442,1045.409,924.6044,1229.624,664.98
"2025-10-27 00:15:00",430,"NAN",11.9,928.3456,1465.14,1595.051,987.7404,698.7531,1200.432,647.2614,614.5336,1138.696,655.3935,1488.697,579.5474,1279.667,700.5551,1002.297,868.5681,1191.107,615.2638,992.2511,1502.126,1622.3,1042.317,749.8561,1246.905,703.5394,672.601,1181.219,707.1347,1522.818,635.4879,1326.475,753.7136,1049.123,926.1794,1232.807,666.6152
"2025-10-27 00:30:00",431,"NAN",11.92,929.7972,1470.732,1599.421,993.2977,711.2253,1252.858,649.1575,615.9816,1141.435,656.6107,1491.371,580.4981,1282.528,703.0989,1005.718,870.5541,1194.868,617.2336,992.9299,1507.912,1625.715,1048.275,762.3569,1298.696,705.1085,674.1146,1183.364,707.6483,1525.852,636.9163,1328.878,756.3866,1053.109,928.2523,1236.172,668.5364
"2025-10-27 00:45:00",432,"NAN",11.93,932.0952,1480.076,1603.639,999.3329,712.902,1258.762,651.2891,617.4,1143.496,657.7007,1495.27,581.453,1285.562,705.5031,1009.711,872.6515,1198.943,619.0621,995.806,1515.906,1630.477,1054.065,764.2986,1304.481,707.3528,675.6443,1185.755,709.2792,1529.006,637.8879,1332.537,758.9828,1056.615,930.0941,1239.964,670.6075
"2025-10-27 01:00:00",433,"NAN",11.93,934.4608,1480.661,1608.276,1006.09,714.5378,1265.012,653.6565,619.046,1146.072,658.9231,1498.792,582.4092,1288.937,707.9194,1013.369,873.8206,1202.623,620.7122,998.3936,1516.644,1634.89,1060.27,766.082,1310.681,709.7844,677.1202,1188.203,710.3943,1532.854,638.4996,1335.626,761.4596,1059.7,931.2595,1243.55,672.408
"2025-10-27 01:15:00",434,"NAN",11.92,936.0535,1381.716,1610.826,1010.126,715.4166,1267.267,655.3239,620.0665,1147.855,659.757,1501.035,582.9594,1290.919,709.7999,1015.726,873.8006,1205.786,621.7877,999.6487,1423.202,1637.37,1064.573,766.4653,1312.641,711.2021,678.0871,1190.029,711.1888,1534.018,639.2505,1336.931,763.1489,1062.255,931.233,1246.59,673.4226
"2025-10-27 07:15:00",435,"NAN",11.93,937.7416,1379.326,1614.125,1014.377,705.4489,1226.775,656.9818,620.994,1149.174,660.5325,1503.021,583.2555,1292.544,711.2192,1018.414,873.9176,1208.177,622.7609,1001.323,1421.281,1639.858,1068.407,756.9271,1273.165,713.0057,679.2031,1191.571,712.0381,1536.582,639.4683,1339.225,764.4459,1064.907,931.356,1248.95,674.3215
"2025-10-27 07:30:00",436,"NAN",11.9,965.8145,1824.715,1685.921,1054.246,732.6388,1346.772,677.4568,625.1197,1186.21,671.709,1532.536,581.7631,1330.808,737.614,1077.067,881.1553,1263.926,636.8063,1037.434,1839.678,1706.086,1108.244,784.6785,1390.408,733.8431,684.1826,1227.445,724.0066,1561.385,639.481,1374.804,791.7241,1123.771,939.5553,1302.633,688.9313
"2025-10-27 07:45:00",437,"NAN",11.9,981.3817,1906.145,1697.129,1068.86,739.2137,1360.816,680.8829,630.757,1194.227,676.5355,1542.45,587.84,1339.935,744.3138,1083.162,889.2588,1273.856,642.5963,1046.65,1912.914,1717.028,1122.788,791.0697,1404.019,737.2617,689.4371,1235.755,728.8289,1572.769,645.2922,1384.186,798.1004,1129.551,947.8441,1312.277,694.9169
"2025-10-27 08:00:00",438,"NAN",11.92,984.057,1962.019,1703.57,1074.008,743.2253,1370.108,682.2937,632.7266,1196.695,678.2902,1541.455,591.2379,1342.963,744.8569,1084.782,890.2245,1276.051,644.0223,1048.731,1964,1722.723,1128.12,794.9345,1412.608,738.3137,691.4688,1238.135,730.5474,1572.805,648.608,1387.346,798.2589,1131.142,948.4833,1314.103,696.3683
"2025-10-27 08:15:00",439,"NAN",11.93,987.1494,1990.184,1708.627,1076.333,746.4682,1377.099,683.9266,634.3047,1199.782,679.4658,1543.89,592.8865,1345.6,746.4867,1090.971,893.7633,1278.847,645.0269,1051.995,1988.396,1727.75,1129.911,798.1109,1418.76,740.0885,692.7141,1241.157,731.5166,1573.797,649.8372,1389.983,800.0831,1137.038,952.2266,1316.66,696.9489
"2025-10-27 08:30:00",440,"NAN",11.93,987.14,1981.002,1711.01,1073.669,747.5829,1376.671,684.321,633.9574,1200.788,678.9342,1542.632,592.8372,1346.267,744.8528,1085.879,884.071,1279.325,643.8748,1052.091,1980.894,1729.291,1127.117,799.4863,1418.91,740.8884,692.8978,1241.988,730.86,1573.403,649.9282,1390.471,798.5693,1132.45,942.5475,1317.287,695.799
"2025-10-27 08:45:00",441,"NAN",11.92,987.0114,1976.807,1711.37,1070.552,748.0718,1373.424,684.4511,633.2585,1201.02,678.0196,1541.408,592.3196,1345.982,742.9516,1085.729,876.7715,1278.929,642.1266,1051.498,1976.435,1730.684,1124.399,800.2191,1416.168,740.9944,692.0374,1242.373,730.339,1571.554,649.3253,1390.449,797.0167,1132.211,935.159,1317.415,694.4575
"2025-10-27 09:00:00",442,"NAN",11.9,986.8709,1974.739,1712.08,1068.351,748.2598,1370.793,684.4679,632.8548,1201.811,677.2632,1540.267,591.7357,1345.446,741.6904,1085.312,871.5212,1278.942,640.903,1051.413,1974.844,1730.723,1122.513,800.5803,1413.391,741.0709,691.8174,1243.548,729.5067,1571.506,649.0556,1390.609,795.9798,1131.139,929.988,1317.458,693.5498
"2025-10-27 09:15:00",443,"NAN",11.91,988.1481,1976.456,1712.818,1067.544,748.7171,1371.056,685.062,632.595,1203.217,677.0612,1540.308,591.2912,1345.735,741.4063,1085.328,869.4234,1280.473,640.4538,1052.852,1976.806,1731.663,1121.632,801.062,1413.839,741.7358,691.8215,1244.549,729.1857,1570.587,648.6671,1391.146,795.7653,1131.599,927.9241,1318.699,692.969
"2025-10-27 09:30:00",444,"NAN",11.93,990.3941,1988.515,1715.318,1068.627,749.7798,1373.931,686.2623,632.9958,1206.648,677.5021,1543.076,591.8126,1347.874,742.1151,1087.157,869.9236,1282.492,640.9492,1055.13,1987.719,1734.574,1122.399,802.2015,1417.26,743.0735,692.1552,1247.954,729.9736,1574.704,649.4534,1392.335,796.5329,1134.011,928.7556,1321.12,693.4479
"2025-10-27 09:45:00",445,"NAN",11.92,996.397,2044.576,1722.175,1075.521,755.3518,1388.08,689.1015,634.6031,1213.674,682.2007,1551.237,592.8945,1355.067,748.6593,1092.523,878.3389,1290.913,645.1429,1061.525,2036.526,1739.923,1129.249,807.7898,1430.727,746.0869,693.7253,1255.301,734.7412,1581.021,650.7836,1399.703,802.9139,1138.576,937.0682,1329.617,697.6376
"2025-10-27 10:00:00",446,"NAN",11.92,997.051,2043.443,1723.574,1070.882,758.3204,1395.547,689.0978,633.5505,1216.394,683.7064,1550.592,591.3781,1356.321,749.7742,1092.681,878.4822,1291.219,645.9326,1062.574,2038.619,1741.945,1124.566,810.8811,1437.546,746.034,692.717,1258.155,736.1995,1580.877,648.8208,1400.796,803.8409,1138.718,936.8386,1329.658,698.4435
"2025-10-27 10:15:00",447,"NAN",11.9,1006.32,2074.714,1732.859,1078.422,775.4286,1418.26,692.1501,634.1923,1233.451,696.892,1562.457,590.1584,1373.594,761.9878,1100.609,890.2333,1304.305,656.8022,1071.539,2065.997,1750.71,1131.463,827.8405,1459.521,749.1577,693.6168,1274.445,749.3289,1592.618,648.1005,1416.661,815.8843,1147.054,948.8544,1343.17,709.5193
"2025-10-27 10:30:00",448,"NAN",11.92,1022.593,2107.394,1762.234,1105.879,840.2432,1486.176,694.29,634.5253,1284.465,744.4238,1582.522,584.9415,1417.949,794.6732,1114.553,924.3981,1341.011,690.4199,1087.246,2093.272,1777.738,1157.292,891.3353,1523.113,751.3668,693.8574,1323.806,795.298,1610.96,643.0619,1458.784,847.345,1160.224,981.3618,1377.857,742.2434
"2025-10-27 10:45:00",449,"NAN",11.91,1028.021,2100.721,1788.448,1115.672,895.7582,1545.959,695.1757,632.4987,1323.671,780.3175,1595.363,578.7433,1449.647,815.7605,1121.712,937.602,1366.737,713.692,1092.884,2087.187,1801.722,1165.744,944.8984,1579.915,752.1358,691.6093,1362.382,830.4047,1621.977,636.9427,1488.101,867.8328,1167.352,993.616,1402.334,764.7156
"2025-10-27 11:00:00",450,"NAN",11.93,1041.967,2049.883,1810.227,1131.131,939.938,1580.66,696.2539,629.8439,1358.577,810.8646,1603.559,574.7772,1475.056,830.3193,1127.267,944.6703,1395.638,731.6763,1106.167,2044.838,1820.824,1180.28,988.3707,1612.239,753.8033,689.0378,1394.929,860.3712,1629.935,633.2099,1512.298,881.7845,1172.862,999.9879,1429.966,781.9286
"2025-10-27 11:15:00",451,"NAN",11.94,1028.942,1972.652,1804.543,1100.458,931.1588,1570.875,691.5439,622.4302,1343.165,795.1411,1587.628,571.0054,1454.733,809.3268,1106.661,902.9052,1383.394,709.1501,1092.972,1976.074,1816.412,1150.499,979.4424,1603.395,748.9862,682.009,1380.486,844.9709,1615.492,629.225,1493.136,861.2743,1152.754,959.6021,1418.707,759.7657
"2025-10-27 11:30:00",452,"NAN",11.93,1013.342,1932.395,1778.242,1066.108,897.756,1514.443,687.9461,615.514,1304.773,750.1785,1565.055,571.5746,1419.736,774.6041,1092.703,858.4174,1354.302,679.0791,1078.849,1942.239,1791.906,1117.816,947.8099,1551.443,745.8038,675.3647,1343.922,801.4683,1595.644,630.1579,1460.952,828.4058,1139.788,916.8052,1390.472,730.7568
"2025-10-27 11:45:00",453,"NAN",11.91,1005.865,1943.526,1762.122,1052.979,879.0922,1496.761,687.151,613.3958,1283.217,724.6611,1553.04,572.1934,1400.741,757.1541,1088.72,844.7167,1336.381,662.1959,1071.732,1952.047,1777.307,1105.853,929.858,1534.84,744.9858,673.3585,1323.518,777.0089,1584.371,630.6682,1443.454,811.29,1135.661,903.6934,1373.629,714.9092
"2025-10-27 12:00:00",454,"NAN",11.93,1017.289,1978.878,1772.861,1074.791,909.5884,1559.42,691.52,616.7429,1311.183,746.7963,1562.135,572.4864,1412.571,771.2593,1107.35,869.3042,1347.2,672.5685,1083.804,1983.309,1787.865,1126.924,960.0659,1593.758,749.8176,676.9749,1350.062,798.4982,1592.984,631.2706,1455.12,825.4406,1154.14,927.509,1383.998,724.8513
"2025-10-27 12:15:00",455,"NAN",11.93,1029.928,1963.392,1809.364,1110.959,970.0818,1635.64,691.8826,616.5433,1371.114,810.5084,1576.538,568.0855,1461.471,806.0067,1111.247,899.1223,1381.584,696.8723,1095.358,1970.134,1821.981,1160.755,1018.518,1665.013,749.8257,676.9402,1407.585,860.5285,1605.916,627.3578,1500.134,858.9822,1157.573,956.1234,1416.995,748.7196
"2025-10-27 12:30:00",456,"NAN",11.92,1029.526,1930.612,1815.513,1103.716,985.5956,1651.149,690.1219,612.0298,1385.422,823.9048,1577.468,565.0849,1467.601,808.0122,1109.537,892.9291,1382.469,699.1199,1095.467,1940.86,1826.526,1153.873,1033.465,1679.708,748.3301,672.5411,1421.203,873.7846,1606.854,624.2009,1505.492,860.8621,1156.252,949.8987,1418.019,750.696
"2025-10-27 12:45:00",457,"NAN",11.93,1026.768,1907.61,1814.688,1088.107,991.3728,1648.58,689.0255,607.4196,1390.864,825.8435,1574.424,562.8686,1466.094,803.0971,1105.6,888.1661,1384.708,694.4825,1092.655,1919.739,1826.396,1139.104,1039.036,1676.637,747.3843,667.9719,1426.666,875.4139,1603.791,621.9007,1504.568,856.0607,1152.255,945.3313,1420.36,746.2571
"2025-10-27 13:00:00",458,"NAN",11.92,1034.18,1904.519,1826.849,1095.727,1009.998,1646.743,688.5758,605.7549,1413.688,845.8832,1576.545,559.874,1479.092,814.6076,1112.644,907.3194,1401.832,710.0447,1099.699,1917.202,1837.858,1145.514,1056.863,1675.313,746.499,666.0613,1448.392,894.5958,1605.091,618.7138,1516.205,866.9363,1158.512,963.4955,1435.684,760.9832
"2025-10-27 13:15:00",459,"NAN",11.93,1041.238,1907.021,1844.688,1104.012,1024.454,1647.682,689.0159,606.4392,1436.637,855.5685,1580.131,557.6547,1489.717,826.3715,1119.989,925.7234,1417.884,725.2227,1105.438,1918.857,1853.986,1152.868,1070.387,1675.448,746.8221,666.389,1469.439,902.5785,1608.166,616.2501,1526.132,877.6284,1165.625,980.8531,1451.163,775.568
"2025-10-27 13:30:00",460,"NAN",11.93,1046.318,1906.681,1856.043,1110.323,1038.608,1642.213,687.9852,608.2262,1438.403,874.055,1584.015,553.84,1496.437,834.4874,1126.441,937.0607,1429.416,735.6516,1109.677,1917.578,1864.369,1157.736,1083.45,1669.143,744.7012,667.219,1471.011,920.6617,1611.424,611.6255,1531.684,884.575,1170.759,991.3693,1460.784,785.1491
"2025-10-27 13:45:00",461,"NAN",11.92,1025.746,1877.282,1826.766,1069.758,1000.381,1586.896,680.1257,600.8218,1403.025,826.7873,1554.646,555.3963,1461.904,800.4446,1093.813,892.3633,1399.855,705.8869,1089.535,1890.197,1837.261,1118.444,1045.806,1618.3,736.7318,659.811,1437.649,874.2191,1584.027,612.7874,1499.064,851.6243,1139.268,948.1915,1433.176,755.6832
"2025-10-27 14:00:00",462,"NAN",11.94,1000.667,1848.027,1780.674,1020.216,941.3486,1501.797,672.9767,594.2287,1336.746,755.4562,1521.351,555.7139,1414.779,758.302,1070.871,841.9712,1354.415,664.3232,1066.288,1865.676,1795.862,1072.166,989.5287,1539.397,730.5765,654.066,1374.358,805.6866,1553.997,613.9231,1455.656,811.6262,1118.153,900.4106,1391.099,716.1594
"2025-10-27 14:15:00",463,"NAN",11.94,984.9076,1858.53,1750.284,1002.399,903.3372,1450.994,668.9528,592.6816,1294.503,709.568,1500.594,556.7495,1384.23,732.1649,1063.068,823.4662,1324.171,640.1963,1051.792,1874.869,1768.221,1055.998,953.0128,1491.138,726.6564,652.6603,1334.303,761.4662,1535.491,615.4792,1427.037,786.82,1110.912,882.7139,1361.952,692.8278
"2025-10-27 14:30:00",464,"NAN",11.94,974.9047,1892.445,1727.76,999.0903,874.9688,1426.186,666.561,593.1882,1263.653,681.2021,1487.859,558.5054,1361.872,719.2739,1058.932,818.191,1301.511,625.4617,1041.75,1906.041,1748.39,1053.337,925.5558,1468.076,724.56,653.5965,1305.24,733.8062,1524.385,617.3704,1406.138,774.1149,1107.13,878.3908,1341.058,678.6849
"2025-10-27 14:45:00",465,"NAN",11.94,967.3587,1910.922,1708.425,999.0811,851.3529,1414.838,664.5731,594.8397,1239.174,665.0778,1478.194,560.1833,1344.069,712.5402,1055.076,818.766,1282.755,616.3549,1035.226,1922.537,1730.17,1054.125,902.5283,1457.139,722.5901,655.2772,1281.88,718.1371,1514.559,619.0887,1389.976,767.8547,1103.086,878.9273,1322.445,670.0767
"2025-10-27 15:00:00",466,"NAN",11.91,960.89,1919.772,1691.985,999.3367,830.3405,1405.839,662.3886,595.9322,1219.391,655.9344,1470.167,561.791,1328.84,710.1216,1049.698,820.1844,1267.166,610.6423,1029.033,1930.159,1714.328,1054.539,882.1118,1449.135,720.5487,656.6346,1262.609,708.933,1507.561,621.0002,1374.907,765.5139,1097.617,880.589,1308.236,664.5013
"2025-10-27 15:15:00",467,"NAN",11.9,956.465,1935.098,1678.352,1002.861,812.5318,1398.182,660.894,596.989,1205.127,650.9866,1465.07,563.6827,1318.036,709.5756,1047.503,823.0772,1255.693,607.9423,1024.43,1942.864,1702.37,1058.763,864.6685,1441.501,719.2097,657.4507,1248.742,704.672,1502.688,622.8486,1364.94,765.1725,1095.921,883.7681,1296.368,661.9332
"2025-10-27 15:30:00",468,"NAN",11.94,954.2771,1956.769,1668.981,1009.472,797.2653,1393.943,660.343,599.465,1195.369,649.0068,1462.333,565.601,1310.357,710.7137,1048.395,828.1332,1248.414,607.4102,1022.808,1963.186,1693.794,1065.401,849.6904,1437.386,718.5032,659.9329,1239.379,702.8215,1499.876,624.5492,1357.041,766.526,1097.355,888.6378,1288.892,661.5882
"2025-10-27 15:45:00",469,"NAN",11.94,952.3328,1983.12,1661.808,1016.719,783.892,1391.389,659.6013,601.79,1188.139,648.631,1460.745,567.4613,1305.506,712.618,1052.741,838.3759,1243.935,608.3488,1020.005,1984.192,1686.723,1072.439,836.6218,1435.274,717.8076,662.0823,1232.338,702.1472,1498.77,626.593,1352.069,768.2598,1101.689,898.7479,1285.431,662.2664
"2025-10-27 16:00:00",470,"NAN",11.93,951.9069,2000.552,1657.092,1024.364,772.3566,1390.686,657.1887,604.1619,1184.188,649.9008,1460.793,569.7363,1302.19,714.8644,1049.196,840.2292,1241.168,609.4548,1020.211,1999.739,1682.362,1080.778,825.1509,1434.009,715.7661,664.5159,1229.132,703.6956,1498.27,628.6861,1348.993,770.4404,1097.133,900.6235,1282.365,663.5517
"2025-10-27 16:15:00",471,"NAN",11.93,952.1641,2021.002,1654.651,1033.59,762.7991,1395.188,625.4512,606.3696,1181.795,651.2338,1461.638,571.7304,1301.915,717.3542,1050.367,845.5178,1240.606,611.4387,1020.515,2017.722,1679.856,1089.161,815.5663,1438.821,683.9665,667.0505,1227.205,704.9646,1499.09,630.8287,1348.968,773.1112,1098.914,905.9441,1281.397,665.5005
"2025-10-27 16:30:00",472,"NAN",11.94,952.3988,2039.129,1653.693,1042.901,754.55,1401.921,617.6328,608.5229,1180.103,652.5843,1462.804,573.4464,1301.564,719.7526,1051.298,850.9905,1240.748,613.4285,1020.244,2033.526,1678.505,1098.266,807.86,1444.382,676.7234,669.2501,1224.757,706.2653,1500.63,632.2405,1348.507,775.2422,1099.385,911.2316,1281.543,667.3365
"2025-10-27 16:45:00",473,"NAN",11.91,952.3153,2055.318,1653.758,1050.146,747.3596,1408.933,614.5635,610.3483,1178.933,653.7091,1463.098,575.0875,1301.135,721.0912,1052.533,855.507,1240.729,615.2987,1020.467,2047.262,1678.519,1104.995,800.3612,1450.932,673.4293,670.5751,1223.455,707.3537,1500.334,633.7911,1347.56,776.6134,1100.627,915.8024,1280.63,669.0283
"2025-10-27 17:00:00",474,"NAN",11.93,953.2214,2074.627,1654.631,1058.265,741.7438,1417.894,615.7398,612.1854,1179.152,654.9161,1465.807,576.7795,1300.56,724.1106,1054.718,860.5095,1241.75,617.648,1020.803,2063.914,1679.219,1113.172,794.731,1459.999,674.3838,672.5512,1223.332,708.429,1502.674,635.5724,1347.042,779.4662,1102.799,920.6533,1282.352,671.3742
"2025-10-27 17:15:00",475,"NAN",11.93,954.1182,2091.117,1656.825,1066.528,737.4916,1424.432,622.8178,614.1329,1178.835,656.1884,1467.917,578.059,1300.94,726.3831,1056.07,865.2448,1243.1,619.9073,1022.039,2076.917,1680.573,1121.315,790.811,1466.103,681.3264,674.0344,1223.24,709.7136,1504.852,636.3659,1347.896,781.8198,1103.649,925.0245,1283.692,673.4168
"2025-10-27 17:30:00",476,"NAN",11.93,953.8718,2103.552,1658.622,1072.798,733.565,1427.269,636.6305,615.3105,1178.609,656.9549,1466.163,579.2059,1301.648,725.8614,1058.171,867.718,1243.899,621.4067,1021.667,2090.538,1682.133,1127.217,786.8389,1468.996,694.7452,675.1696,1222.338,710.126,1503.189,637.6044,1348.397,780.9797,1105.878,927.5485,1284.04,674.8378
"2025-10-27 17:45:00",477,"NAN",11.93,955.8022,2121.716,1662.341,1081.569,732.0714,1435.066,639.2032,617.304,1179.522,658.2878,1467.199,580.6647,1304.835,729.4009,1059.983,872.2374,1247.117,624.3931,1023.384,2104.367,1685.418,1136.166,785.0955,1475.988,696.6135,677.2897,1223.47,711.3316,1503.434,638.6473,1350.978,784.4927,1107.269,931.9453,1285.911,677.4749
"2025-10-27 18:00:00",478,"NAN",11.92,954.7429,2128.924,1662.394,1086.255,729.1014,1438.646,640.7816,617.723,1177.966,658.4518,1465.511,581.1566,1304.115,729.2742,1060.64,874.0153,1246.703,625.1759,1022.209,2109.643,1686.363,1139.909,781.8392,1478.969,698.1402,677.5916,1221.52,710.9821,1502.266,639.0149,1350.454,783.9149,1108.545,933.6027,1285.924,678.1011
"2025-10-27 18:15:00",479,"NAN",11.94,952.7655,2131.467,1660.468,1089.189,725.0963,1435.386,647.9517,617.3187,1175.258,657.9744,1463.126,580.8665,1300.622,726.9639,1059.903,872.5068,1245.068,625.0116,1020.023,2111.402,1682.91,1143.113,777.9047,1476.411,705.2233,676.8029,1219.404,710.8608,1499.752,639.0868,1346.82,781.9422,1107.109,931.9865,1285.038,677.9967
"2025-10-27 18:30:00",480,"NAN",11.94,951.4661,2092.265,1657.275,1092.987,710.3785,1376.591,649.0818,617.0511,1173.554,657.985,1462.404,580.7712,1298.437,726.6043,1059.607,871.439,1244.193,625.8622,1018.827,2078.614,1681.065,1147.094,763.2139,1420.141,706.075,676.8752,1217.668,710.7261,1498.743,638.7713,1345.114,781.2307,1106.422,930.9965,1283.897,679.207
"2025-10-27 18:45:00",481,"NAN",11.94,950.8986,2052.673,1656.08,1098.537,718.9593,1420.328,650.2141,617.4738,1172.797,658.623,1462.948,581.3447,1297.212,726.7767,1060.254,871.8242,1244.435,627.7003,1017.786,2044.213,1679.681,1152.688,771.9678,1462.052,707.2557,676.9988,1217.309,711.4484,1499.183,639.4169,1344.485,781.5515,1107.901,931.4236,1284.319,680.8859
"2025-10-27 19:00:00",482,"NAN",11.93,950.8524,1983.138,1655.401,1105.673,717.2635,1414.116,651.5496,618.5749,1172.9,659.6596,1463.839,582.2303,1297.171,728.2305,1061.334,873.4532,1245.77,629.9755,1017.485,1981.547,1679.603,1159.668,770.1636,1455.739,708.6517,678.0818,1216.728,712.5966,1500.55,640.1384,1344.218,783.0906,1108.639,932.8411,1284.768,682.9337
"2025-10-27 19:15:00",483,"NAN",11.91,951.8472,1954.576,1656.448,1114.233,715.9853,1409.996,653.0367,620.1927,1173.147,660.7795,1465.485,583.3268,1298.01,730.5339,1062.788,875.8546,1247.437,632.7244,1018.764,1954.645,1680.956,1167.638,768.9587,1451.759,709.966,679.9466,1217.598,713.7532,1501.733,641.3992,1344.983,785.5101,1110.202,935.1378,1286.501,685.6619
"2025-10-27 19:30:00",484,"NAN",11.93,952.3621,1949.727,1659.05,1123.687,715.1868,1407.818,654.2977,621.9202,1174.367,662.2137,1466.086,584.7773,1299.474,732.9646,1068.559,883.9764,1249.734,635.6268,1018.984,1951.338,1682.598,1177.346,768.3597,1449.422,711.4951,681.6902,1218.15,714.7567,1502.822,642.9257,1346.148,788.0011,1116.123,943.4929,1289.029,688.7123
"2025-10-27 19:45:00",485,"NAN",11.93,951.1216,1949.915,1661.17,1133.121,714.6469,1406.464,655.876,623.8654,1175.201,663.8219,1467.546,586.246,1301.368,735.3288,1066.19,881.9682,1252.595,638.5723,1017.58,1951.802,1684.844,1186.123,767.7657,1448.752,712.8682,683.4203,1219.299,716.7566,1504.242,644.1613,1347.848,789.9582,1113.403,941.1892,1291.597,691.8577
"2025-10-27 20:00:00",486,"NAN",11.93,954.1132,1655.299,1659.503,1142.56,714.5161,1407.62,657.5217,625.9339,1176.375,665.4839,1469.78,587.7833,1303.614,738.27,1068.003,885.1415,1254.816,641.4838,1020.143,1585.845,1682.054,1195.73,767.4723,1449.651,714.2333,685.5527,1220.837,718.4559,1505.648,645.705,1350.181,792.7603,1115.343,944.5327,1293.541,694.4534
"2025-10-27 20:15:00",487,"NAN",11.93,955.5388,1834.314,1665.998,1151.622,713.7809,1402.784,659.0511,627.7988,1177.823,666.2623,1471.919,589.3759,1305.818,740.6074,1070.701,889.306,1258.065,644.3027,1022.307,1847.754,1688.304,1204.883,766.8249,1444.934,715.8275,687.5266,1222.464,718.8648,1508.165,647.3345,1352.463,795.2385,1118.091,948.9675,1295.959,697.3954
"2025-10-27 20:30:00",488,"NAN",11.93,957.5519,1909.38,1670.449,1161.45,715.1047,1412.05,660.4531,629.6765,1179.073,667.243,1474.417,590.9319,1307.898,742.3242,1072.599,892.7183,1260.89,647.2134,1024.402,1915.067,1692.45,1214.542,768.2359,1454.204,717.3773,689.3849,1223.542,720.4016,1511.257,649.046,1354.51,797.2524,1120.285,952.3723,1300.095,700.1812
"2025-10-27 20:45:00",489,"NAN",11.92,959.1167,1921.77,1673.767,1170.507,715.5804,1413.887,662.1041,631.564,1180.338,669.2881,1478.082,592.5488,1310.103,745.0698,1075.635,895.8282,1264.4,649.8015,1027.001,1925.158,1697.452,1223.607,768.9473,1454.696,718.9568,691.1883,1225.279,722.8858,1513.283,650.6199,1357.135,800.1232,1122.808,955.2061,1302.899,702.8951
"2025-10-27 21:00:00",490,"NAN",11.91,961.0357,1931.723,1677.413,1179.699,716.1509,1416.607,663.3273,633.2342,1181.953,671.4783,1480.477,593.9016,1313.078,747.885,1077.821,898.7812,1267.482,652.4149,1027.752,1934.895,1699.922,1232.527,769.215,1457.862,720.3099,692.9891,1226.973,724.4643,1515.903,652.0315,1359.631,802.6642,1124.787,958.4592,1306.21,705.478
"2025-10-27 21:15:00",491,"NAN",11.93,963.2639,1944.186,1682.15,1188.168,716.8959,1420.983,663.8481,635.0867,1183.665,673.1128,1482.148,595.3013,1316.156,749.2682,1080.659,901.6357,1270.911,655.1161,1030.458,1946.534,1705.054,1240.627,769.8571,1462.46,720.9941,695.0117,1228.627,725.9244,1517.405,653.4266,1362.366,803.9161,1127.914,961.3044,1309.668,708.2048
"2025-10-27 21:30:00",492,"NAN",11.92,965.2509,1951.891,1686.15,1196.901,717.5916,1426.116,666.8137,637.0737,1185.026,674.4736,1485.319,596.9144,1319.102,752.1003,1083.798,904.4232,1274.158,657.6374,1032.418,1951.558,1707.837,1249.821,770.7935,1467.087,723.6731,696.8057,1230.258,728.0667,1520.017,655.0138,1366.084,807.2167,1130.909,963.6567,1312.624,710.7411
"2025-10-27 21:45:00",493,"NAN",11.92,966.8681,1939.912,1690.162,1205.645,718.2738,1428.916,668.4997,638.8098,1187.133,674.3312,1487.225,598.2191,1322.576,754.78,1086.639,906.8754,1277.251,660.1367,1034.898,1942.959,1710.759,1257.651,771.6368,1469.938,725.5396,698.4156,1231.146,727.4666,1522.22,656.3559,1368.563,809.9135,1133.718,966.0394,1316.386,713.3408
"2025-10-27 22:00:00",494,"NAN",11.93,968.9256,1951.054,1694.832,1214.162,714.707,1406.56,670.0973,640.6345,1189.026,676.0945,1490.286,599.5176,1325.334,757.1041,1089.859,908.9564,1280.985,662.5073,1036.8,1951.861,1716.075,1266.169,767.9254,1452.666,727.1855,700.397,1233.36,729.3997,1525.861,657.7183,1371.675,811.9149,1137.504,968.039,1318.692,715.6103
"2025-10-27 22:15:00",495,"NAN",11.93,971.092,1956.392,1698.541,1222.077,720.0551,1436.397,671.9149,642.406,1190.89,678.121,1493.269,600.6447,1327.462,759.848,1093.237,910.9873,1284.978,665.0718,1038.995,1957.421,1720.791,1274.164,773.1575,1477.125,728.8434,702.2469,1235.262,731.6121,1527.929,658.6263,1374.26,814.6547,1139.725,970.2076,1323.16,718.3521
"2025-10-27 22:30:00",496,"NAN",11.92,972.9539,1974.835,1703.434,1231.473,720.7991,1440.946,673.3093,644.0286,1192.883,679.2402,1495.826,601.5557,1330.587,762.0028,1095.861,913.2588,1288.666,668.2278,1040.463,1972.386,1723.078,1282.464,773.6951,1481.577,729.8313,703.1835,1236.369,731.8531,1531.075,659.338,1376.231,816.2983,1142.172,972.3325,1326.225,720.8101
"2025-10-27 22:45:00",497,"NAN",11.93,975.0228,1971.79,1708.056,1238.78,721.8086,1444.707,674.9247,645.7584,1195.036,681.2196,1498.089,602.6833,1333.621,764.0688,1098.247,915.2244,1291.782,670.665,1042.379,1627.971,1722.482,1289.479,774.553,1485.009,731.6453,705.1747,1239.267,733.69,1533.372,660.4714,1379.282,818.4927,1144.64,974.3381,1329.761,723.5557
"2025-10-27 23:00:00",498,"NAN",11.9,976.9822,1921.069,1710.808,1246.09,722.3596,1446.473,676.4021,647.2965,1196.447,682.1874,1500.73,603.9306,1336.146,766.3911,1101.938,916.8579,1294.808,672.9503,1044.649,1924.895,1729.988,1297.226,775.3633,1486.25,733.6002,706.6257,1241.025,735.2452,1535.521,661.5632,1382.232,821.2208,1148.185,975.6744,1331.819,725.7331
"2025-10-27 23:15:00",499,"NAN",11.93,978.5189,1885.027,1714.294,1253.524,719.9041,1439.086,678.1267,648.9719,1198.993,682.8928,1502.951,605.1949,1339.451,768.3674,1108.85,923.5073,1298.233,675.4374,1046.747,1924.728,1735.545,1304.551,775.2701,1482.767,735.1834,708.8052,1243.293,736.0226,1538.313,663.0977,1385.478,822.9839,1155.2,983.0262,1336.795,728.3741
"2025-10-27 23:30:00",500,"NAN",11.93,980.6473,1930.036,1720.151,1261.289,724.1663,1452.22,679.7534,650.634,1200.991,684.725,1505.847,606.3434,1342.75,770.0792,1107.298,920.041,1301.4,677.5649,1048.334,1933.37,1739.374,1312.127,777.0366,1491.579,736.6641,710.1526,1245.472,737.7269,1540.403,664.1599,1388.001,824.569,1153.938,979.2731,1339.091,730.7349
"2025-10-27 23:45:00",501,"NAN",11.92,982.8873,1904.957,1724.076,1267.572,725.8687,1461.694,681.3124,652.1634,1202.726,686.2744,1508.769,607.6203,1345.789,772.2184,1109.807,921.3233,1304.521,679.6644,1051.513,1929.428,1743.428,1318.091,778.9987,1501.201,738.2277,711.6183,1246.475,739.4978,1543.587,665.454,1391.449,826.9478,1156.552,980.4439,1342.061,732.6015
"2025-10-28 00:00:00",502,"NAN",11.93,984.386,1933.693,1728.39,1273.707,726.9775,1465.929,682.7764,653.4206,1204.778,687.8254,1511.643,608.6918,1348.823,774.2114,1113.27,922.6381,1307.696,681.6689,1052.905,1938.154,1747.052,1324.494,780.2141,1504.935,739.9221,713.1962,1249.548,740.8289,1545.923,666.7156,1394.386,829.1569,1159.634,981.7156,1344.69,734.6769
"2025-10-28 07:15:00",503,"NAN",11.92,986.9656,1918.343,1732.743,1280.997,728.4563,1471.449,684.6276,654.386,1206.522,689.1319,1514.651,609.9096,1351.975,776.4249,1116.617,923.9489,1310.42,683.7247,1055.391,1922.619,1751.138,1331.06,781.582,1510.139,741.5739,713.882,1251.692,742.4061,1547.433,667.5265,1397.528,831.0899,1162.836,983.2244,1348.163,736.8567
"2025-10-28 07:30:00",504,"NAN",11.91,1062.637,2378.06,1836.54,1375.401,796.4625,1619.7,753.8268,706.9453,1292.695,749.4925,1582.833,655.1001,1441.164,836.329,1225.162,966.1372,1414.805,746.7476,1107.059,2379.886,1839.307,1394.067,808.1257,1630.969,767.0777,725.3994,1300.136,762.0024,1588.666,673.7562,1452.508,850.6333,1233.679,986.5703,1417.231,758.8082
"2025-10-28 07:45:00",505,"NAN",11.92,1076.914,2376.983,1841.084,1382.02,789.3636,1581.564,755.0984,710.168,1297.153,753.0031,1585.62,661.0952,1446.58,840.1854,1227.616,968.8589,1420.23,749.2207,1112.675,2387.124,1844.487,1400.52,800.8754,1592.077,768.3505,728.4663,1305.454,765.5805,1594.259,679.1147,1459.003,854.418,1236.292,988.8925,1422.735,761.3638
"2025-10-28 08:00:00",506,"NAN",11.93,1083.174,2382.755,1848.983,1388.916,793.9063,1589.162,758.6974,714.1025,1303.413,756.796,1592.025,666.3447,1453.618,843.9988,1232.295,971.2169,1426.816,753.7232,1118,2393.242,1852.436,1406.268,804.7122,1601.931,771.2623,731.111,1310.645,769.0449,1599.658,683.1547,1465.458,857.8615,1240.307,990.5237,1428.925,764.7142
"2025-10-28 08:15:00",507,"NAN",11.93,1086.806,2361.987,1855.379,1391.709,798.3957,1597.595,761.3807,717.0327,1308.798,759.9315,1595.754,668.6676,1458.402,847.2077,1236.026,972.5953,1433.128,757.222,1121.716,2422.746,1857.591,1409.057,817.5806,1636.981,773.9727,734.1002,1315.667,771.9291,1605.57,685.5989,1469.128,860.9314,1244.432,992.0449,1434.555,767.8949
"2025-10-28 08:30:00",508,"NAN",11.92,1091.514,2430.656,1859.987,1392.965,803.3399,1620.317,763.2355,719.4661,1313.931,763.9428,1602.084,669.8728,1464.274,850.2225,1239.369,974.8572,1437.889,760.5841,1126.184,2426.567,1863.638,1409.186,813.7258,1629.735,776.1171,736.5326,1321.468,776.1153,1610.591,687.1705,1476.319,863.603,1247.518,994.1634,1439.87,771.5801
"2025-10-28 08:45:00",509,"NAN",11.93,1077.169,2431.37,1860.002,1377.853,789.8799,1620.444,744.1384,700.0587,1304.847,749.2585,1595.244,649.4291,1457.378,835.2173,1225.811,955.6375,1428.955,747.0885,1128.906,2301.039,1868.401,1410.756,834.7285,1704.134,778.2001,738.1032,1330.245,781.6782,1617.058,686.9515,1483.799,868.8369,1251.907,994.9737,1447.534,778.7875
"2025-10-28 09:00:00",510,"NAN",11.93,1079.513,2534.516,1865.494,1374.802,796.1986,1644.535,745.8224,699.379,1312.046,754.9286,1597.639,647.796,1462.302,837.8608,1226.138,954.3896,1432.938,751.7592,1131.547,2359.521,1873.521,1407.452,827.6254,1667.135,779.9391,737.7924,1338.074,787.5331,1619.636,685.7562,1489.461,871.5747,1252.642,993.4852,1451.006,783.2729
"2025-10-28 09:15:00",511,"NAN",11.92,1084.422,2533.502,1869.831,1370.657,811.0276,1690.94,747.6642,698.7608,1326.413,767.8188,1606.613,643.8362,1476.396,842.1442,1231.198,960.573,1443.496,762.7151,1137.67,2485.47,1879.7,1404.345,843.4073,1712.255,782.7137,737.9014,1352.602,801.5627,1628.909,682.3914,1503.204,876.485,1258.5,999.9293,1461.905,794.9637
"2025-10-28 09:30:00",512,"NAN",11.9,1086.45,2525.396,1873.429,1361.459,823.5444,1731.522,749.0203,695.9685,1336.801,776.5067,1608.665,639.6553,1485.491,850.3005,1232.515,960.669,1449.62,768.8051,1139.124,2321.545,1882.085,1393.683,855.7483,1750.844,784.0037,735.0157,1363.009,809.8328,1630.863,678.6469,1512.096,884.3771,1259.367,1000.203,1468.697,800.6421
"2025-10-28 09:45:00",513,"NAN",11.94,1089.453,2504.63,1876.881,1352.914,842.2852,1771.198,749.8087,692.0592,1346.462,784.3948,1612.742,634.7999,1496.688,856.8321,1234.981,962.8913,1458.198,776.0316,1141.917,2356.935,1885.484,1385.434,874.3475,1788.995,784.9865,731.2103,1371.617,817.2422,1634.541,673.4673,1522.001,890.8199,1262.1,1001.48,1476.32,807.4597
"2025-10-28 10:00:00",514,"NAN",11.93,1074.896,2563.002,1885.419,1332.19,847.3088,1795.234,729.1809,667.4636,1348.964,777.9866,1606.998,611.2954,1499.85,842.6015,1221.772,946.9546,1457.99,765.0489,1143.981,2377.787,1888.496,1379.582,898.8582,1812.716,786.4593,727.3529,1389.661,830.4363,1636.038,670.2101,1536.323,896.3661,1265.608,1004.72,1487.43,816.9549
"2025-10-28 10:15:00",515,"NAN",11.9,1082.658,2535.581,1898.472,1334.12,886.0584,1813.196,733.4237,663.9531,1377.347,800.4321,1617.693,606.1293,1517.999,859.9578,1228.291,955.1747,1477.912,779.2264,1151.131,2437.7,1900.873,1379.296,936.7328,1829.662,791.0597,724.0886,1415.671,851.6936,1647.275,665.4367,1553.013,912.7309,1272.268,1012.509,1506.489,830.9288
"2025-10-28 10:30:00",516,"NAN",11.93,1088.983,2499.413,1915.36,1336.175,925.0702,1820.333,734.7963,660.5063,1400.004,818.2264,1624.48,601.58,1537.697,868.9973,1231.628,962.3591,1494.035,785.7324,1157.506,2405.95,1916.474,1382.29,988.9554,1898.972,792.3256,720.8338,1438.156,869.46,1651.818,661.019,1572.368,921.6,1275.454,1019.32,1522.282,837.3489
"2025-10-28 10:45:00",517,"NAN",11.94,1087.695,2482.057,1932.456,1339.066,976.6754,1913.05,735.1533,656.9389,1422.927,835.8653,1629.421,597.6235,1553.692,877.0306,1236.324,965.9162,1505.156,790.9947,1156.494,2377.584,1931.782,1384.177,1025.635,1919.781,793.0927,717.5969,1460.869,886.4524,1657.689,657.4883,1587.446,929.5441,1280.668,1022.956,1533.337,842.2571
"2025-10-28 11:00:00",518,"NAN",11.93,1093.872,2422.537,1940.103,1334.583,990.3451,1830.21,733.982,652.5847,1438.165,847.4289,1630.462,594.35,1563.67,879.1934,1236.8,964.3825,1515.307,789.6024,1162.995,2339.773,1938.841,1379.786,1038.656,1844.868,792.2026,713.5392,1474.261,898.3856,1658.383,654.6428,1596.985,931.7715,1281.018,1021.287,1542.883,841.0961
"2025-10-28 11:15:00",519,"NAN",11.9,1076.211,2329.952,1924.993,1297.749,963.2678,1803.338,728.5281,643.6098,1407.476,815.1624,1603.342,592.6394,1532.508,849.7497,1207.972,908.1003,1490.99,758,1145.828,2280.888,1926.802,1344.999,1013.124,1821.967,787.3502,704.8754,1446.529,867.0024,1634.259,653.1567,1568.106,903.6609,1254.2,967.2479,1520.21,810.9401
"2025-10-28 11:30:00",520,"NAN",11.91,1062.42,2326.323,1902.192,1275.529,930.2189,1754.6,725.9235,638.5345,1373.272,773.9034,1579.176,594.4969,1502.541,821.3276,1193.412,875.6849,1461.677,731.2235,1132.963,2273.773,1906.416,1324.631,981.3037,1778.701,784.9158,700.579,1413.908,827.1918,1612.556,655.5146,1540.283,876.2787,1239.745,936.4759,1493.428,784.9281
"2025-10-28 11:45:00",521,"NAN",11.91,1047.816,2307.206,1879.778,1259.846,901.23,1707.545,721.5566,634.7795,1340.82,738.9581,1556.217,594.6231,1474.171,795.5779,1181.788,852.9571,1432.172,709.0897,1118.615,2257.727,1885.957,1309.382,953.14,1734.714,780.658,696.5809,1382.72,793.4595,1591.457,655.3171,1513.453,851.3971,1228.107,914.2735,1465.176,763.39
"2025-10-28 12:00:00",522,"NAN",11.93,1059.457,2396.871,1892.24,1292.546,930.1519,1819.623,728.0239,639.5996,1362.541,756.5853,1566.153,598.4323,1481.266,808.6179,1195.679,884.5757,1442.002,723.0298,1130.249,2326.768,1897.534,1341.992,982.0539,1836.915,787.0604,701.6398,1403.75,810.7468,1600.168,659.4808,1520.172,864.5886,1241.796,945.2739,1475.069,777.1719
"2025-10-28 12:15:00",523,"NAN",11.91,1042.546,2346.5,1869.927,1271.671,905.5172,1789.497,720.8224,635.2639,1330.826,729.7097,1544.51,596.5509,1459.232,787.8463,1176.809,861.7911,1414.52,702.6802,1113.202,2288.537,1877.748,1321.771,957.6342,1809.099,779.8792,697.1135,1373.211,784.3741,1579.98,657.2972,1499.302,844.0529,1223.487,923.0287,1448.212,757.3262
"2025-10-28 12:30:00",524,"NAN",11.94,1044.791,2377.348,1868.873,1282.922,901.3566,1798.168,723.5472,637.2093,1330.156,726.0731,1545.805,598.8608,1454.403,788.0986,1179.937,870.9006,1409.328,701.4806,1115.886,2318.277,1877.029,1332.219,953.4885,1817.409,782.0622,699.0592,1372.803,781.0192,1581.456,659.444,1494.997,844.6484,1226.649,932.3221,1443.981,756.1174
"2025-10-28 12:45:00",525,"NAN",11.93,1049.152,2392.831,1882.968,1300.28,928.6577,1842.721,725.2326,639.6667,1357.622,756.7288,1551.799,598.3823,1470.277,805.6945,1187.088,894.6102,1419.037,714.7162,1120.204,2323.422,1888.898,1349.183,980.4572,1857.859,783.9126,701.4594,1399.137,810.8737,1585.987,659.2864,1510.418,861.7506,1233.63,955.2732,1453.606,769.0833
"2025-10-28 13:00:00",526,"NAN",11.93,1047.135,2373.992,1884.547,1299.972,937.5744,1838.586,722.8835,638.0413,1364.206,766.4916,1546.301,596.5793,1471.423,808.9451,1181.5,897.9291,1418.5,718.9426,1117.709,2309.688,1889.93,1347.28,988.498,1853.76,780.9475,699.5431,1405.411,819.9854,1580.634,656.566,1510.922,864.0456,1227.667,958.3508,1452.104,772.725
"2025-10-28 13:15:00",527,"NAN",11.93,1034.046,2352.346,1863.723,1274.027,906.2788,1791.145,717.1652,632.7118,1330.452,732.3049,1527.943,594.9064,1445.068,789.5872,1169.001,877.8096,1393.836,701.2057,1104.945,2296.228,1872.734,1323.244,958.1263,1810.058,775.396,693.9847,1372.858,786.8617,1563.987,655.0475,1486.729,845.5169,1215.49,938.96,1428.411,755.5201
"2025-10-28 13:30:00",528,"NAN",11.94,1028.247,2365.161,1849.128,1266.372,883.6265,1760.29,715.0779,632.0328,1308.326,708.8991,1521.49,594.923,1429.815,776.8666,1166.212,871.7112,1380.389,690.7231,1099.271,2307.882,1858.231,1316.494,936.3735,1781.935,773.6516,693.8398,1351.755,763.8049,1557.633,655.3481,1471.94,833.5176,1212.546,933.2164,1416.435,745.438
"2025-10-28 13:45:00",529,"NAN",11.91,1026.16,2393.376,1841.376,1269.965,867.3101,1748.811,715.5121,633.7125,1296.039,699.7451,1519.5,596.8393,1421.803,771.3101,1166.445,874.7391,1374.26,686.1891,1097.085,2321.417,1851.582,1319.956,919.9487,1771.406,774.3874,695.1617,1339.459,755.0757,1556.092,657.3335,1463.965,827.9086,1213.688,936.2775,1410.786,740.8693
"2025-10-28 14:00:00",530,"NAN",11.93,1040.989,2455.94,1863.843,1309.541,892.8213,1806.284,721.8074,640.8308,1332.431,736.4857,1532.736,599.9402,1440.74,792.6992,1178.93,909.9943,1394.528,708.3725,1111.538,2365.396,1870.451,1357.961,945.1437,1823.846,780.2222,702.3192,1374.896,790.5178,1568.72,660.2932,1481.917,848.6066,1224.955,970.6818,1429.11,762.5004
"2025-10-28 14:15:00",531,"NAN",11.92,1030.475,2416.185,1854.673,1299.201,881.5087,1792.238,716.8803,638.1325,1313.955,721.5301,1520.545,598.7001,1428.084,783.5894,1168.866,892.7571,1381.387,700.222,1101.092,2338.005,1864.062,1346.824,933.4904,1811.017,775.3159,699.2211,1356.174,775.4001,1557.384,658.5749,1469.227,839.2885,1214.887,953.2103,1416.29,754.2665
"2025-10-28 14:30:00",532,"NAN",11.9,1021.175,2410.063,1838.823,1285.777,859.3359,1761.846,712.4658,635.3118,1290.612,700.1943,1510.087,597.4832,1413.223,770.028,1162.403,877.1605,1364.641,687.6227,1092.059,2346.151,1849.237,1334.172,911.929,1784.017,770.8185,696.5002,1334.58,754.5939,1547.34,657.6409,1455.172,826.068,1209.305,938.58,1400.402,742.0749
"2025-10-28 14:45:00",533,"NAN",11.93,1032.292,2453.756,1850.857,1312.897,862.4066,1780.97,719.8802,640.3985,1306.238,714.3655,1519.573,600.6051,1423.476,780.1467,1171.057,896.6521,1376.444,697.9164,1103.04,2361.515,1859.876,1360.851,914.9423,1800.73,777.963,701.6631,1349.651,768.7934,1556.088,660.6295,1464.699,836.3556,1218.121,957.9753,1411.008,752.3464
"2025-10-28 15:00:00",534,"NAN",11.93,1022.365,2424.65,1844.077,1303.732,856.2686,1793.344,713.5369,637.1937,1296.608,710.7423,1509.618,598.9195,1414.318,774.832,1163.042,888.9861,1363.843,693.6522,1092.242,2356.977,1853.915,1351.165,908.7602,1812.388,771.6234,698.3503,1340.068,764.8214,1546.239,658.8889,1455.568,830.4365,1209.369,950.1275,1399.678,747.8149
"2025-10-28 15:15:00",535,"NAN",11.93,1019.302,2434.274,1836.005,1299.45,841.5819,1780.332,712.7946,636.6419,1283.826,697.9692,1506.662,599.3354,1406.568,769.4918,1161.13,888.0223,1357.716,688.8199,1089.856,2349.33,1845.472,1347.486,894.0801,1800.132,770.451,697.7016,1326.623,752.4199,1544.257,658.9662,1448.464,825.8057,1207.944,949.0239,1394.78,742.9082
"2025-10-28 15:30:00",536,"NAN",11.93,1013.136,2430.551,1823.269,1289.888,825.1783,1753.72,709.3066,634.6815,1268.343,688.1719,1500.984,598.4859,1396.111,762.8212,1157.627,880.6248,1348.471,681.5527,1083.483,2354.322,1834.684,1338.614,878.3861,1775.679,767.4625,695.8543,1311.864,742.8929,1538.956,658.2586,1438.463,819.1435,1204.26,941.5399,1385.027,735.8719
"2025-10-28 15:45:00",537,"NAN",11.93,1016.501,2472.742,1824.316,1301.637,816.826,1756.914,712.1326,637.4777,1268.895,689.9656,1504.191,600.5938,1395.307,765.5641,1159.885,889.9914,1352.391,683.9486,1086.839,2387.498,1835.474,1350.042,869.9324,1778.421,769.9283,698.5834,1312.574,744.6148,1541.532,660.4307,1438.158,821.4063,1206.58,951.6315,1389.019,738.5374
"2025-10-28 16:00:00",538,"NAN",11.9,1009.791,2472.324,1814.476,1295.174,803.9071,1750.098,708.4008,636.456,1258.917,685.3591,1498.114,600.3307,1388.546,761.7695,1156.617,889.6223,1344.741,679.3557,1080.589,2374.426,1826.737,1344.637,857.5912,1772.812,766.6782,697.621,1302.454,740.5266,1536.335,660.246,1431.393,818.5505,1202.637,951.1311,1381.355,733.8135
"2025-10-28 16:15:00",539,"NAN",11.93,1016.831,2513.787,1822.749,1313.494,800.9113,1763.325,712.9482,640.4877,1267.269,692.2001,1504.251,603.2849,1394.435,767.9879,1161.416,899.1967,1353.211,685.9189,1087.479,2419.701,1833.92,1361.989,854.65,1783.918,770.8252,701.535,1310.996,746.8514,1542.084,663.0628,1437.55,824.3684,1208.23,960.553,1389.296,740.3793
"2025-10-28 16:30:00",540,"NAN",11.93,1017.779,2523.28,1836.421,1333.009,807.0579,1785.324,712.6685,642.1871,1280.593,706.9469,1503.063,604.0341,1399.683,775.2335,1161.308,909.9843,1355.07,694.9045,1087.937,2428.7,1845.611,1379.029,860.1006,1804.133,770.6522,703.0452,1323.539,760.8511,1540.574,663.7815,1442.047,831.2114,1207.654,971.0422,1392.014,748.8708
"2025-10-28 16:45:00",541,"NAN",11.89,1009.457,2489.571,1820.607,1320.104,793.0765,1762.796,707.8095,638.9768,1262.425,690.7607,1495.688,602.3862,1388.674,766.9706,1156.728,901.0092,1341.852,686.1758,1080.041,2393.512,1831.309,1367.157,846.4394,1783.581,765.8138,699.9891,1306.699,745.3577,1533.936,662.0118,1431.844,823.052,1202.971,961.9744,1378.938,740.3542
"2025-10-28 17:00:00",542,"NAN",11.94,1006.755,2506.817,1814.108,1316.858,783.1774,1752.844,704.5846,638.3431,1255.609,685.5327,1494.096,602.57,1383.878,761.1742,1156.09,898.5007,1337.768,683.2584,1077.197,2399.788,1826.253,1364.61,836.4905,1774.573,762.2716,699.2562,1300.773,739.7562,1532.433,662.2277,1426.767,817.0661,1202.894,959.5542,1374.679,737.6676
"2025-10-28 17:15:00",543,"NAN",11.93,1004.016,2534.947,1808.388,1316.257,762.3936,1678.581,700.9152,638.3067,1249.276,683.3022,1492.288,602.6445,1378.388,759.7881,1155.051,896.6344,1334.797,681.1793,1074.027,2405.354,1821.984,1364.253,816.0738,1706.083,758.9434,699.2008,1294.306,737.6631,1530.33,662.046,1421.06,815.9149,1201.578,957.9098,1372.258,735.4102
"2025-10-28 17:30:00",544,"NAN",11.93,1002.032,2567.246,1804.567,1320.979,755.7849,1667.425,699.0814,638.9745,1246.549,682.7792,1490.617,603.797,1374.615,758.9859,1154.306,896.9479,1332.837,680.6151,1072.676,2451.834,1817.635,1368.4,809.1196,1696.319,757.0614,699.9855,1291.665,736.9213,1529.187,663.5209,1417.621,815.241,1200.277,958.2069,1371.025,735.1596
"2025-10-28 17:45:00",545,"NAN",11.94,1001.212,2595.058,1802.001,1326.629,750.3745,1660.46,697.691,640.2983,1243.537,680.8439,1489.601,605.0401,1371.039,759.1719,1154.293,898.6288,1331.546,681.5003,1072.025,2468.012,1815.518,1374.775,804.0835,1689.658,755.7675,701.1841,1289.196,735.5521,1528.375,664.6299,1414.462,815.6879,1200.548,959.9178,1369.591,735.97
"2025-10-28 18:00:00",546,"NAN",11.93,999.7899,2623.37,1800.013,1333.049,745.8168,1652.133,696.0048,641.2281,1241.398,681.7936,1488.037,605.9099,1368.192,759.466,1153.891,900.4055,1329.766,682.6443,1070.197,2486.902,1813.093,1380.626,799.74,1682.087,753.9059,702.0969,1286.554,736.4438,1526.767,665.5711,1411.907,815.7344,1200.235,961.8343,1368.05,736.9809
"2025-10-28 18:15:00",547,"NAN",11.94,998.1817,2639.842,1797.949,1338.717,741.3943,1638.478,693.92,642.2223,1239.181,682.7196,1486.724,606.7721,1364.67,759.3586,1153.997,901.7355,1327.931,684.1259,1068.636,2499.256,1810.969,1386.615,795.3994,1668.992,751.836,703.0634,1285.015,737.8958,1524.817,665.981,1409.27,816.0091,1200.254,962.6445,1365.964,738.3166
"2025-10-28 18:30:00",548,"NAN",11.92,996.6605,2645.511,1797.013,1347.926,737.6981,1624.371,692.6256,643.4024,1232.907,683.2635,1485.786,608.055,1362.502,757.8447,1154.478,903.7542,1326.387,686.4136,1067.01,2465.561,1810.13,1395.834,791.911,1656.261,750.8663,704.2303,1278.209,738.0466,1523.982,667.1963,1406.77,814.4968,1201.085,964.7098,1364.654,740.8073
"2025-10-28 18:45:00",549,"NAN",11.93,996.2408,2645.494,1796.335,1356.908,734.8768,1613.936,692.3448,644.942,1234.075,684.6888,1485.59,609.5019,1361.524,759.8654,1154.947,906.4261,1326.014,689.4871,1066.401,2436.667,1810.574,1403.988,788.8806,1646.378,750.2368,705.7921,1279.788,739.2788,1523.964,669.0551,1405.161,816.118,1200.999,967.6051,1364.395,743.7954
"2025-10-28 19:00:00",550,"NAN",11.93,997.2007,2582.468,1795.415,1368.269,733.2662,1608.741,692.5259,647.2489,1234.405,684.809,1487.151,611.6082,1361.499,762.6571,1156.807,910.2578,1327.49,693.4586,1067.142,2366.191,1810.209,1414.854,787.5144,1641.343,750.6327,708.0318,1280.311,740.02,1525.191,670.9897,1405.794,819.2551,1203.189,971.3195,1365.916,747.9025
"2025-10-28 19:15:00",551,"NAN",11.94,992.8735,2419.597,1783.733,1371.555,732.0009,1605.911,688.017,646.5617,1230.325,684.8661,1479.721,611.7496,1356.442,759.6928,1157.842,914.5164,1322.366,693.6537,1063.48,2331.792,1798.82,1417.55,786.2398,1638.915,745.9507,707.3398,1276.123,739.6217,1518.369,671.0735,1400.521,815.8278,1204.138,975.6933,1360.809,747.8224
"2025-10-28 19:30:00",552,"NAN",11.93,998.0757,2423.66,1793.836,1391.971,731.1755,1605.186,692.9686,651.8633,1235.589,689.6765,1489.619,615.2064,1362.963,766.3099,1160.568,918.4327,1329.244,700.745,1068.034,2334.163,1807.585,1437.777,785.3068,1637.854,750.4374,712.4663,1281.601,744.5126,1526.823,674.4744,1406.68,822.669,1206.712,979.1261,1367.138,754.9108
"2025-10-28 19:45:00",553,"NAN",11.94,1000.085,2415.738,1796.604,1405.272,730.9611,1604.007,694.0267,654.7308,1237.357,691.533,1492.486,617.7279,1364.914,769.8287,1163.918,923.8599,1331.35,705.1132,1070.172,2342.726,1809.566,1450.486,784.8693,1636.582,751.6978,715.428,1282.728,746.1981,1530.344,676.5922,1408.663,825.8804,1210.079,984.3323,1369.988,759.1741
"2025-10-28 20:00:00",554,"NAN",11.92,1001.573,2425.182,1800.338,1419.584,731.269,1607.078,695.192,657.3919,1238.259,694.1219,1494.389,619.8621,1367.524,772.7601,1166.25,928.5112,1332.853,709.0638,1071.249,2336.005,1813.034,1463.816,784.8638,1639.27,752.481,717.7512,1282.983,748.4173,1532.651,678.8922,1410.633,828.8319,1212.174,989.1088,1371.03,763.0047
"2025-10-28 20:15:00",555,"NAN",11.92,1003.313,2426.639,1802.73,1431.341,731.3319,1611.021,696.1924,659.721,1239.156,696.2164,1496.668,621.806,1369.379,775.5294,1169.439,932.7526,1334.329,712.566,1072.483,2347.831,1816.269,1474.782,784.8513,1643.182,753.4835,720.1588,1284.585,750.275,1533.178,680.9504,1412.759,831.597,1215.08,993.1774,1372.268,766.6514
"2025-10-28 20:30:00",556,"NAN",11.93,1004.377,2434.719,1806.59,1442.498,731.261,1615.623,696.945,661.9503,1241.102,698.1832,1498.622,623.705,1371.746,777.5778,1172.011,935.9949,1334.504,716.0782,1074.09,2345.264,1818.634,1485.602,785.2538,1647.784,754.5387,722.6245,1286.638,752.4742,1536.35,682.9035,1414.752,833.7936,1218.168,996.6776,1371.779,770.3995
"2025-10-28 20:45:00",557,"NAN",11.93,1006.753,2444.592,1811.395,1454.582,731.7435,1622.166,698.6156,665.0093,1243.444,700.5759,1501.974,625.9409,1375.27,780.851,1176.057,940.7243,1337.591,719.9523,1076.665,2360.754,1823.728,1497.672,786.0308,1653.645,756.3011,725.6993,1288.369,754.924,1540.104,685.0461,1418.221,836.9664,1222.172,1001.272,1375.857,774.1912
"2025-10-28 21:00:00",558,"NAN",11.94,1008.851,2454.785,1815.268,1465.329,732.5637,1629.662,700.096,667.3111,1245.07,702.3482,1504.619,627.5641,1377.883,783.8973,1178.943,943.4565,1339.346,723.3266,1078.583,2352.175,1826.514,1507.172,786.5613,1660.663,757.5234,727.812,1289.777,756.9139,1542.467,686.8055,1420.943,839.6791,1224.86,1004.376,1377.306,777.3347
"2025-10-28 21:15:00",559,"NAN",11.93,1010.337,2467.796,1820.011,1475.155,732.8835,1636.915,701.3062,669.7682,1246.175,703.9003,1506.481,629.5099,1380.526,786.1427,1182.539,946.0501,1341.813,726.6477,1080.999,2357.045,1831.603,1517.134,786.8871,1666.974,759.2053,730.2001,1291.378,758.7411,1543.266,688.1335,1424.662,842.8542,1227.783,1006.356,1379.591,780.7503
"2025-10-28 21:30:00",560,"NAN",11.92,1013.284,2474.596,1824.996,1486.465,746.2849,1702.131,703.0867,672.2909,1248.97,706.4156,1510.359,631.3185,1384.999,788.9484,1185.88,949.3934,1345.8,730.4082,1083.622,2383.352,1835.969,1527.899,800.0511,1727.307,760.7392,732.6122,1294.697,761.218,1545.725,690.4082,1427.737,844.8502,1230.644,1010.099,1383.638,784.6219
"2025-10-28 21:45:00",561,"NAN",11.93,1015.236,2487.346,1830.461,1497.046,747.1631,1709.231,704.4073,674.6847,1251.553,707.9473,1513.23,633.2786,1388.971,791.6443,1188.533,952.3858,1349.434,733.7913,1085.863,2378.686,1840.813,1537.448,801.3374,1734.061,762.4933,735.4446,1295.666,762.4161,1550.194,692.7239,1430.928,847.9721,1234.573,1013.08,1388.36,787.9337
"2025-10-28 22:00:00",562,"NAN",11.93,1017.527,2465.537,1834.602,1505.951,748.2758,1718.851,705.9458,676.8846,1253.198,709.5858,1516.28,634.9013,1392.023,794.1649,1192.47,954.1905,1352.285,736.7299,1088.483,2396.35,1843.294,1545.779,802.7128,1743.089,763.6122,737.5284,1297.824,764.4291,1552.724,693.7354,1433.558,850.4709,1237.644,1014.467,1390.213,790.8919
"2025-10-28 22:15:00",563,"NAN",11.93,1019.408,2501.561,1839.638,1515.78,749.553,1728.059,707.973,678.921,1255.84,710.7709,1517.902,636.2813,1396.144,796.288,1195.442,955.9645,1355.603,739.6208,1090.337,2394.19,1848.859,1555.719,803.7466,1752.599,765.702,739.63,1300.91,765.1976,1554.915,695.1581,1438.265,852.5728,1241.253,1016.566,1393.435,793.7791
"2025-10-28 22:30:00",564,"NAN",11.93,1021.292,2516.361,1843.298,1523.496,750.6262,1736.356,709.1686,680.7668,1258.531,712.2935,1520.317,637.5154,1399.381,797.8941,1198.927,957.5388,1358.262,742.4003,1091.854,2393.391,1851.416,1563.29,804.5657,1759.628,767.0743,741.1465,1303.645,766.7798,1556.362,696.632,1441.632,853.9645,1243.736,1018.09,1396.253,796.6873
"2025-10-28 22:45:00",565,"NAN",11.93,1022.971,2533.342,1847.584,1530.088,751.2319,1741.901,710.4828,682.5138,1260.434,713.8963,1522.714,638.9999,1402.814,799.1179,1201.701,959.1108,1361.168,745.0535,1093.897,2389.112,1855.307,1570.084,805.4988,1764.06,768.1617,742.7924,1305.192,768.9888,1559.39,698.1072,1444.212,855.3145,1246.512,1019.81,1397.862,799.1674
"2025-10-28 23:00:00",566,"NAN",11.89,1024.793,2541.393,1852.192,1536.395,752.1075,1746.743,711.5326,684.1262,1262.7,715.8161,1524.678,640.0306,1405.621,800.524,1204.732,960.6785,1365.131,747.7017,1095.534,2429.013,1861.026,1575.347,806.3592,1769.454,769.4933,745.0764,1308.228,770.5852,1560.692,699.2605,1447.277,857.1276,1250.155,1021.404,1402.858,802.0844
"2025-10-28 23:15:00",567,"NAN",11.91,1026.648,2543.951,1856.583,1543.827,753.1081,1753.328,712.5125,685.8321,1264.859,717.4426,1526.649,641.2866,1408.129,802.6265,1208.128,961.5994,1368.529,750.3346,1096.97,2338.103,1863.381,1582.13,807.4845,1775.22,770.5223,746.6357,1310.172,772.0013,1562.399,700.9909,1450.114,858.5691,1253.156,1022.341,1406.61,804.7935
"2025-10-28 23:30:00",568,"NAN",11.93,1028.964,2553.684,1862.035,1552.251,754.3315,1759.455,714.1919,687.9296,1267.41,719.3398,1528.734,643.0002,1410.858,805.1255,1211.445,963.1022,1372.444,753.3325,1100.379,2398.19,1868.38,1590.885,808.8916,1780.873,772.183,748.6707,1312.249,774.1263,1564.281,702.6851,1452.438,861.3804,1256.286,1023.787,1409.694,807.7757
"2025-10-28 23:45:00",569,"NAN",11.93,1031.219,2569.894,1866.874,1559.778,755.7975,1766.732,716.0941,690.2443,1269.766,720.9186,1531.709,644.8481,1413.565,807.6075,1214.536,964.3632,1375.761,756.1334,1102.082,2364.068,1873.623,1598.319,810.1548,1786.747,774.26,751.0906,1314.878,776.2394,1567.293,704.199,1455.003,864.0123,1259.843,1025.502,1412.719,810.4688
"2025-10-29 00:00:00",570,"NAN",11.92,1032.948,2584.967,1872.002,1566.254,756.8752,1773.772,717.4135,691.9979,1271.526,722.6026,1533.962,646.0403,1416.168,809.3294,1217.513,965.8812,1378.867,758.303,1104.166,2324.731,1878.46,1603.959,811.1336,1794.015,775.2161,753.1259,1317.14,777.9894,1569.568,705.4276,1456.959,865.8936,1262.557,1026.868,1416.314,812.839
"2025-10-29 00:15:00",571,"NAN",11.93,1034.481,2586.101,1875.261,1570.553,744.7206,1712.628,717.6169,693.4178,1272.992,723.9532,1535.803,646.634,1417.869,810.186,1219.655,966.3807,1381.412,760.0803,1105.247,2422.316,1881.341,1607.657,798.7639,1734.931,775.6153,754.3181,1318.123,778.9001,1571.364,706.0621,1459.368,866.5437,1264.81,1027.421,1417.543,814.373
"2025-10-29 07:15:00",572,"NAN",11.93,1036.536,2593.145,1879.326,1576.266,758.2314,1785.72,719.6527,694.9406,1274.867,725.361,1538.302,648.0151,1420.713,811.2444,1222.519,967.1889,1384.299,762.3401,1107.506,2463.908,1884.743,1612.896,812.5538,1804.882,777.4415,755.6619,1320.328,780.441,1573.512,707.3324,1460.728,867.5308,1267.716,1028.145,1420.41,816.8394
"2025-10-29 07:30:00",573,"NAN",11.92,1080.078,3018.324,1986.238,1619.746,788.1827,1951.954,760.8367,726.5085,1326.717,747.3163,1604,659.1753,1483.689,809.7482,1294.143,976.7043,1464.596,792.6737,1160.895,2330.128,1975.841,1655.893,842.1334,1954.408,817.6877,786.999,1370.053,802.0353,1632.569,718.9402,1519.618,866.0665,1336.051,1037.628,1492.595,846.9321
"2025-10-29 07:45:00",574,"NAN",11.92,1096.483,3037.104,1996.037,1628.291,793.6727,1972.465,763.1219,732.1591,1333.225,750.799,1609.806,666.069,1491.575,813.7368,1297.901,978.7733,1470.703,796.3414,1168.13,2447.334,1985.29,1661.833,848.0562,1972.404,820.8269,793.0251,1375.997,805.5584,1640.49,726.0593,1527.64,869.7128,1340.531,1040.044,1500.653,850.5451
"2025-10-29 08:00:00",575,"NAN",11.93,1100.794,3049.237,2001.896,1629.215,798.212,1992.683,765.052,734.7219,1337.132,752.7206,1613.1,669.9627,1496.871,815.6549,1300.3,978.414,1475.631,798.6284,1172.607,2394.03,1990.547,1663.696,852.4804,1989.744,822.7706,795.3818,1379.996,807.3528,1643.698,729.4938,1532.519,871.923,1343.149,1039.489,1506.686,852.9184
"2025-10-29 08:15:00",576,"NAN",11.93,1106.518,3055.596,2007.371,1629.935,803.1802,2013.942,767.6499,736.8618,1341.618,756.1967,1618.471,672.6196,1502.464,816.3309,1321.778,984.2366,1481.806,802.1755,1178.32,2369.27,1995.828,1664.145,857.135,2009.122,824.8839,797.3679,1384.409,811.5007,1648.267,731.5852,1537.99,872.5559,1363.84,1045.447,1512.794,856.333
"2025-10-29 08:30:00",577,"NAN",11.93,1110.734,3060.852,2013.493,1628.194,808.084,2054.131,769.478,737.9492,1348.042,761.0875,1621.223,673.8761,1508.286,818.7067,1307.185,979.2111,1486.424,805.2238,1182.413,2428.935,2000.69,1662.049,861.9911,2043.75,826.7157,798.2625,1390.513,815.1444,1651.137,733.7194,1543.633,874.2931,1349.734,1039.978,1516.213,859.1176
"2025-10-29 08:45:00",578,"NAN",11.94,1113.839,3083.282,2017.423,1623.503,815.2443,2101.157,771.1805,738.0118,1355.14,768.2366,1628.035,673.63,1515.768,821.761,1310.35,978.3456,1490.239,809.0776,1186.42,2462.408,2004.801,1658.129,869.3096,2084.116,828.6933,798.599,1398.145,823.0581,1657.369,733.0043,1550.997,877.8182,1352.944,1038.751,1521.261,863.3419
"2025-10-29 09:00:00",579,"NAN",11.91,1118.24,3060.731,2020.261,1617.806,826.1283,2148.271,772.392,736.6542,1366.028,778.9962,1633.85,671.1686,1526.487,830.1957,1313.991,980.2415,1497.39,816.4728,1189.986,2419.428,2008.165,1652.588,880.1432,2125.11,829.7564,797.5645,1408.925,834.0424,1663.304,730.9408,1562.013,885.9916,1357.144,1041.075,1528.036,870.7264
"2025-10-29 09:15:00",580,"NAN",11.92,1121.189,3045.622,2024.076,1606.062,837.9066,2194.865,773.0739,733.6506,1377.648,789.5591,1638.335,667.8979,1536.483,837.3588,1316.947,982.5027,1502.69,823.5404,1193.246,2402.926,2010.145,1641.315,892.1134,2164.726,831.3237,794.9791,1419.119,844.6386,1667.667,728.1158,1570.503,893.2821,1359.709,1042.713,1533.414,877.6284
"2025-10-29 09:30:00",581,"NAN",11.93,1124.671,3029.47,2028.24,1596.876,855.4084,2215.363,773.8527,729.2815,1391.029,799.4475,1643.565,663.8024,1548.744,844.6557,1321.162,986.1989,1511.245,831.1108,1197.21,2341.403,2013.828,1630.974,909.3516,2183.491,832.3068,790.5468,1431.401,854.0953,1673.008,724.1033,1581.926,900.0528,1363.669,1045.885,1541.125,885.1692
"2025-10-29 09:45:00",582,"NAN",11.91,1128.594,3008.292,2033.175,1586.869,877.5972,2229.404,774.4816,724.0135,1404.156,811.7213,1644.013,659.1681,1562.027,848.7789,1323.817,988.0151,1520.439,838.7922,1200.411,2388.602,2019.224,1621.755,931.0368,2194.084,832.1685,785.0722,1444.563,865.4146,1672.369,719.6545,1594.813,903.8749,1366.23,1047.844,1550.521,892.0173
"2025-10-29 10:00:00",583,"NAN",11.91,1132.162,2989.969,2038.398,1576.782,904.8356,2227.366,774.7153,718.9235,1423.094,826.5788,1651.328,653.6368,1572.484,859.6832,1328.256,987.7397,1531.928,846.7049,1204.071,2417.067,2025.228,1612.626,957.3434,2192.939,832.3431,780.1431,1463.668,879.9595,1678.671,713.8328,1604.985,914.1498,1369.85,1047.202,1561.55,899.772
"2025-10-29 10:15:00",584,"NAN",11.93,1137.437,2971.626,2048.26,1570.921,923.8876,2145.159,774.1433,713.7966,1444.268,842.8698,1658.006,648.4221,1590.118,867.1604,1332.021,994.4811,1543.623,851.5193,1209.399,2330.425,2033.88,1606.32,975.5991,2120.258,832.6251,774.8503,1483.563,896.2361,1684.182,708.8342,1621.804,921.3875,1373.597,1053.484,1572.457,904.3868
"2025-10-29 10:30:00",585,"NAN",11.9,1144.762,2955.416,2063.343,1569.377,964.483,2168.71,774.1919,709.2015,1469.755,862.7169,1664.922,643.2944,1610.474,873.0993,1339.197,1000.455,1556.119,861.195,1215.45,2367.289,2047.488,1605.41,1015.368,2144.392,832.4375,770.5063,1507.225,915.5412,1691.194,704.5215,1640.687,926.8878,1380.512,1059.105,1584.857,913.8295
"2025-10-29 10:45:00",586,"NAN",11.93,1146.335,2913.106,2076.4,1563.718,996.7339,2175.772,772.8662,703.7969,1489.294,876.9903,1668.65,638.6921,1624.651,877.8326,1342.759,1001.004,1570.104,864.4325,1217.674,2372.369,2059.013,1600.564,1046.92,2150.455,831.5048,765.3324,1525.434,929.2243,1695.246,700.0877,1653.932,931.9188,1383.911,1058.91,1598.005,916.9318
"2025-10-29 11:00:00",587,"NAN",11.93,1150.958,2876.648,2086.288,1551.732,1013.341,2181.743,771.3535,697.4471,1503.503,887.7111,1668.189,634.6284,1634,881.7939,1345.535,997.4398,1581.673,864.2148,1221.926,2297.846,2067.832,1588.87,1063.152,2156.732,830.229,759.4487,1539.931,939.9949,1694.6,696.3185,1663.761,935.5488,1386.36,1055.802,1608.722,916.8893
"2025-10-29 11:15:00",588,"NAN",11.93,1153.655,2841.29,2095.232,1545.226,1042.144,2185.75,770.1401,693.6107,1520.486,892.8243,1667.926,631.6279,1643.878,885.7277,1350.112,997.2734,1589.828,864.6994,1224.447,2295.83,2077.52,1582.964,1091.394,2160.677,829.4583,755.9412,1555.784,944.7612,1694.504,693.6857,1671.069,939.5535,1392.302,1055.485,1616.863,917.4717
"2025-10-29 11:30:00",589,"NAN",11.94,1154.592,2832.269,2104.342,1544.636,1060.906,2194.207,769.0727,690.2128,1527.458,908.5899,1668.45,628.8204,1647.944,884.8896,1352.047,986.1852,1594.954,862.9041,1225.931,2307.452,2084.264,1582.45,1110.054,2165.365,828.9609,753.1063,1562.81,960.9163,1696.467,691.6813,1676.917,939.2052,1393.86,1044.683,1621.63,916.2263
"2025-10-29 11:45:00",590,"NAN",11.91,1142.583,2793.047,2094.886,1528.706,1044.12,2169.567,763.6668,683.4763,1512.383,887.545,1648.748,628.0868,1628.517,859.2831,1333.868,943.2735,1580.727,836.8011,1214.413,2347.198,2077.371,1567.909,1093.954,2146.109,823.8619,746.4832,1549.532,940.6471,1677.493,690.551,1658.026,914.7903,1377.027,1003.652,1609.332,890.9191
"2025-10-29 12:00:00",591,"NAN",11.93,1154.226,2796.437,2113.516,1555.046,1093.632,2294.442,768.5322,685.0747,1553.148,928.8779,1660.587,626.9563,1651.126,879.0903,1354.085,973.9089,1600.908,857.8677,1225.988,2470.603,2093.715,1593.197,1142.34,2248.516,828.6168,748.6086,1587.168,980.777,1688.434,690.3491,1679.986,933.9559,1396.038,1033.115,1628.363,911.9717
"2025-10-29 12:15:00",592,"NAN",11.93,1141.307,2731.975,2101.999,1526.065,1080.704,2292.023,759.3833,675.1681,1544.379,920.6396,1644.127,621.7607,1634.08,816.8151,1343.635,954.6355,1580.419,835.381,1214.022,2437.862,2085.568,1566.052,1134.138,2249.393,819.9574,739.0384,1578.697,973.2147,1673.489,684.67,1664.194,873.3987,1387.104,1014.599,1608.362,889.731
"2025-10-29 12:30:00",593,"NAN",11.92,1117.001,2680.97,2071.302,1476.778,1028.182,2174.426,747.8503,661.1825,1494.584,866.6076,1612.907,619.6992,1592.048,788.1311,1303.5,901.8638,1545.927,794.0225,1189.557,2281.705,2058.302,1519.51,1078.864,2152.193,808.1151,724.7468,1532.792,920.8875,1644.757,682.566,1625.032,845.1405,1348.593,964.0836,1576.713,849.2321
"2025-10-29 12:45:00",594,"NAN",11.94,1098.665,2644.718,2038.753,1449.513,981.8339,2097.214,739.966,653.7815,1445.542,810.7036,1583.526,620.1172,1554.114,756.5471,1282.194,874.9956,1508.387,761.9686,1172.153,2506.536,2029.584,1493.955,1033.787,2084.54,800.2448,717.4321,1485.617,865.7148,1617.302,682.6219,1589.146,814.6105,1328.609,938.0019,1542.008,817.8184
"2025-10-29 13:00:00",595,"NAN",11.92,1094.977,2687.884,2029.057,1456.282,954.3575,2069.905,746.1392,657.3542,1423.772,783.1605,1577.461,624.0945,1538.395,746.4676,1276.677,875.8969,1492.293,752.4452,1168.326,2267.737,2019.92,1501.71,1006.958,2060.534,806.1192,720.8785,1465.08,839.1737,1611.149,686.8098,1574.919,804.4669,1322.087,939.251,1526.418,808.5833
"2025-10-29 13:15:00",596,"NAN",11.93,1077.059,2679.757,1997.826,1442.619,927.8242,2037.16,736.8469,653.3711,1393.803,752.4191,1551.436,622.3582,1508.686,729.6881,1267.519,873.0868,1460.806,736.0078,1150.485,2424.378,1993.063,1487.529,980.7712,2033.592,796.9451,716.5609,1436.696,808.44,1587.381,684.8376,1546.881,788.0909,1313.148,936.3567,1496.092,792.3582
"2025-10-29 13:30:00",597,"NAN",11.92,1084.148,2744.789,2006.454,1474.669,933.6473,2086.999,744.0359,661.4291,1390.646,756.894,1558.363,628.4676,1511.348,737.39,1270.534,893.7207,1462.626,745.1127,1157.333,2285.523,1999.458,1518.221,988.5345,2075.622,803.4317,724.5646,1432.56,812.5396,1593.817,690.5784,1549.717,795.3405,1316.055,956.813,1498.564,801.1359
"2025-10-29 13:45:00",598,"NAN",11.93,1090.257,2775.461,2023.993,1505.884,965.2844,2149.717,744.67,665.1296,1419.479,789.5416,1561.19,629.1438,1518.109,758.2883,1275.288,921.1198,1473.382,767.5667,1163.184,2359.705,2014.541,1546.641,1017.091,2127.678,803.9421,727.8694,1460.113,844.3266,1596.092,690.6479,1555.532,815.7234,1320.139,983.0062,1507.494,822.7639
"2025-10-29 14:00:00",599,"NAN",11.94,1079.005,2764.412,2004.036,1490.723,940.1516,2128.586,740.9706,663.5091,1389.641,760.8055,1547.346,628.507,1499.6,744.955,1265.434,904.9111,1451.644,752.6575,1151.993,2362.027,1996.272,1532.587,992.5997,2109.662,800.3594,726.2283,1431.702,815.976,1583.719,690.1632,1537.309,802.2469,1311.005,967.4309,1487.469,808.408
"2025-10-29 14:15:00",600,"NAN",11.9,1075.239,2788.353,1991.59,1489.744,908.5718,2024.15,741.1147,665.2244,1372.542,745.1603,1544.116,630.1901,1489.604,740.5557,1265.188,902.7474,1441.708,746.296,1147.974,2345.404,1986.847,1532.099,959.4541,2013.785,800.3711,727.6032,1415.302,801.1038,1580.77,691.8695,1528.163,798.1505,1310.026,965.8747,1477.952,802.303
"2025-10-29 14:30:00",601,"NAN",11.93,1071.427,2787.418,1992.076,1498.097,899.1886,2049.463,740.174,667.298,1368.709,746.543,1541.78,631.543,1484.385,741.1444,1264.465,913.1452,1438.417,748.7034,1144.249,2388.002,1985.469,1539.856,951.8865,2043.456,799.2559,729.5865,1410.827,801.8229,1578.304,692.8265,1523.28,798.574,1309.113,975.3428,1474.705,803.9297
"2025-10-29 14:45:00",602,"NAN",11.93,1063.329,2769.508,1971.69,1489.223,894.0172,2106.962,736.8764,665.068,1348.831,732.9976,1532.497,630.9425,1472.209,733.9863,1259.764,903.2239,1427.163,740.61,1136.281,2290.656,1966.596,1531.106,946.8747,2091.471,795.4479,726.8188,1392.016,788.6447,1568.888,691.5491,1511.421,791.4199,1304.929,965.5117,1463.822,795.8621
"2025-10-29 15:00:00",603,"NAN",11.94,1064.797,2795.056,1967.712,1497.658,880.7285,2096.718,738.7537,668.6415,1342.497,729.1045,1533.648,632.7808,1468.302,733.7303,1261.584,907.6167,1427.01,740.5068,1137.89,2513.929,1965.418,1539.715,934.166,2083.277,797.3101,730.9713,1386.627,785.1042,1570.001,694.0464,1507.507,791.3682,1306.817,970.8442,1463.876,796.2683
"2025-10-29 15:15:00",604,"NAN",11.94,1075.537,2853.235,1994.623,1539.787,907.6384,2172.063,742.7781,675.4559,1378.595,770.1516,1540.583,636.4744,1482.863,749.2091,1269.336,942.8124,1444.776,767.466,1147.624,2370.441,1988.158,1578.88,960.1969,2147.244,800.7505,736.9993,1420.007,824.9601,1576.336,697.1779,1520.146,805.7663,1313.116,1004.817,1480.016,822.1738
"2025-10-29 15:30:00",605,"NAN",11.91,1077.058,2849.666,2007.236,1551.392,920.5317,2194.508,741.8458,676.8008,1393.436,780.5126,1538.867,637.4309,1486.317,755.699,1269.715,947.9852,1450.063,779.889,1148.895,2378.453,2000.231,1588.758,972.3924,2165.347,799.8333,738.1526,1433.491,834.1653,1574.874,697.7823,1523.584,811.9782,1313.335,1009.108,1485.263,834.1481
"2025-10-29 15:45:00",606,"NAN",11.93,1075.399,2841.52,2009.806,1552.371,920.5485,2193.222,741.7782,675.9687,1391.002,772.9816,1535.947,637.4294,1483.684,754.793,1284.935,948.5982,1448.553,782.0526,1147.287,2308.955,2000.934,1589.154,972.2456,2164.072,799.1747,737.0766,1431.676,826.6935,1570.851,697.6306,1521.675,810.7244,1328.153,1010.108,1484.725,835.885
"2025-10-29 16:00:00",607,"NAN",11.9,1058.893,2803.117,1983.577,1525.21,891.6602,2143.686,733.5092,669.42,1352.657,735.4639,1520.368,634.424,1464.532,738.0493,1257.861,919.682,1422.667,758.9413,1131.527,2351.286,1978.483,1564.462,943.7584,2122.235,791.2487,730.7158,1395.545,790.2266,1556.433,694.3188,1503.276,794.6556,1301.614,981.4599,1459.574,813.4238
"2025-10-29 16:15:00",608,"NAN",11.93,1050.574,2810.613,1965.537,1516.851,867.5947,2098.053,729.7355,667.3301,1330.867,718.8774,1513.156,634.022,1452.783,730.8554,1254.1,911.1244,1411.013,746.537,1123.564,2346.009,1961.866,1556.548,921.0241,2084.29,788.356,729.0253,1374.313,773.9789,1550.809,694.5675,1492.833,787.7445,1299.035,973.4869,1449.299,801.6882
"2025-10-29 16:30:00",609,"NAN",11.93,1046.451,2832.745,1952.647,1520.411,849.43,2068.571,727.6639,668.3668,1317.093,713.358,1509.242,635.301,1444.227,727.7202,1252.825,911.7123,1405.099,741.5945,1119.52,2303.629,1950.026,1561.085,903.1509,2058.642,786.1374,730.2723,1361.514,769.3468,1547.124,695.8505,1484.998,785.4323,1297.698,974.0344,1443.26,797.1208
"2025-10-29 16:45:00",610,"NAN",11.92,1044.299,2868.196,1943.592,1529.602,834.0366,2050.255,726.1387,670.3719,1309.974,712.1796,1506.14,637.1539,1438.543,727.373,1251.876,916.1758,1401.829,740.4666,1117.814,2391.259,1943.396,1569.605,888.1221,2041.434,784.7592,732.2294,1354.505,767.9379,1544.842,697.9627,1479.383,784.7006,1296.693,978.6868,1440.847,796.124
"2025-10-29 17:00:00",611,"NAN",11.93,1042.953,2901.644,1938.51,1541.141,822.0049,2042.965,725.0793,672.9462,1310.135,712.4339,1504.876,639.3623,1434.698,729.1411,1250.115,921.8072,1399.918,741.5247,1115.889,2389.146,1937.987,1581.551,876.3758,2035.876,783.8499,734.7013,1355.103,767.7589,1543.69,700.1382,1475.952,786.5096,1295.286,984.517,1439.157,797.2491
"2025-10-29 17:15:00",612,"NAN",11.93,1042.093,2934.586,1934.754,1552.404,811.643,2036.863,724.431,675.4511,1300.991,712.8803,1503.845,641.4435,1431.511,730.0697,1250.869,926.9464,1398.737,743.4496,1114.16,2329.148,1934.518,1592.152,865.7254,2030.955,782.8517,737.0021,1345.684,768.8319,1542.184,702.1269,1472.201,787.3693,1295.522,989.5522,1437.886,798.9055
"2025-10-29 17:30:00",613,"NAN",11.94,1041.193,2967.475,1932.861,1563.911,803.1861,2033.053,724.3297,678.1056,1298.282,713.8723,1504.326,643.7327,1429.303,732.0246,1252.061,932.3611,1398.238,746.4054,1113.214,2382.231,1931.629,1602.582,857.526,2026.531,782.5215,739.5078,1343.491,769.5264,1541.792,704.4101,1470.182,789.0762,1296.57,994.8536,1437.268,801.7859
"2025-10-29 17:45:00",614,"NAN",11.91,1041.884,3000.215,1933.948,1577.643,796.8544,2034.666,724.707,681.2878,1297.946,715.7906,1505.948,646.2367,1428.377,733.8797,1254.213,938.9476,1399.595,750.3412,1114.224,2335.937,1933.386,1614.77,851.402,2028.011,783.0029,742.7609,1343.09,771.1363,1544.082,706.5419,1470.091,791.1312,1299.087,1001.045,1438.471,805.734
"2025-10-29 18:00:00",615,"NAN",11.92,1042,3030.114,1935.646,1588.554,791.5634,2037.328,725.2217,684.0511,1297.179,716.7243,1506.048,648.6766,1427.413,736.5993,1255.808,943.5107,1399.977,753.7753,1114.036,2398.883,1934.636,1626.514,845.6841,2029.632,783.2314,745.1754,1341.638,772.2872,1544.103,708.7314,1467.878,793.5616,1300.878,1005.669,1438.085,809.1158
"2025-10-29 18:15:00",616,"NAN",11.94,1041.155,3052.121,1943.801,1599.624,786.0308,2038.493,724.8984,685.9989,1295.03,717.611,1500.781,650.0856,1426.067,737.8676,1256.866,947.4963,1399.38,756.8482,1113.379,2352.271,1942.6,1635.964,841.4537,2030.877,782.6154,747.1234,1340.267,773.0909,1538.8,710.2118,1466.923,794.7813,1301.516,1009.117,1437.289,811.9315
"2025-10-29 18:30:00",617,"NAN",11.92,1040.734,3065.979,1936.306,1608.089,783.4002,2034.415,724.2404,687.4995,1293.709,718.1086,1501.225,651.4683,1424.928,737.8761,1258.244,950.0355,1398.329,760.1721,1112.616,2465.635,1936.412,1644.344,837.4379,2028.12,782.0452,748.473,1338.452,773.2159,1539.39,711.189,1465.314,794.4267,1302.771,1011.705,1436.856,815.1085
"2025-10-29 18:45:00",618,"NAN",11.94,1040.97,3085.764,1937.987,1618.918,780.9394,2028.328,724.5244,689.806,1293.568,718.7351,1500.565,653.1852,1425.044,738.4582,1260.026,952.7643,1398.95,764.1295,1112.442,2395.76,1936.2,1654.266,835.1214,2022.469,782.4411,750.744,1338.538,773.8396,1539.305,712.9451,1466.008,795.09,1304.577,1014.597,1436.651,819.0316
"2025-10-29 19:00:00",619,"NAN",11.93,1041.641,3099.904,1940.487,1632.032,779.3414,2026.896,725.0806,692.6651,1294.455,720.7561,1501.512,655.1411,1425.571,737.3791,1261.981,956.5836,1401.132,768.8958,1113.346,2403.083,1938.503,1666.45,833.3038,2019.954,782.9246,753.6917,1338.446,775.7502,1539.614,715.1246,1466.032,793.9193,1306.079,1018.044,1439.367,823.8356
"2025-10-29 19:15:00",620,"NAN",11.93,1042.491,3129.198,1944.685,1646.961,778.4934,2028.342,726.3764,695.749,1295.007,722.4811,1502.974,657.5275,1426.949,740.0746,1264.465,960.9092,1402.357,773.5962,1113.925,2394.075,1943.413,1680.464,832.4499,2021.75,784.0122,756.6956,1339.547,777.5013,1540.68,717.3589,1468.157,796.6124,1307.651,1022.436,1440.159,828.2632
"2025-10-29 19:30:00",621,"NAN",11.93,1043.748,3149.052,1947.766,1660.461,777.5314,2029.197,727.0071,698.4354,1295.937,723.8696,1501.442,659.4089,1427.979,741.6786,1283.003,968.8857,1403.953,778.1117,1115.001,2543.609,1945.333,1692.835,831.8751,2023.3,784.6832,759.211,1340.209,778.6577,1539.402,719.0117,1469.304,798.4714,1326.354,1030.338,1441.751,832.8861
"2025-10-29 19:45:00",622,"NAN",11.93,1045.373,3160.047,1951.231,1674.802,777.3954,2030.069,727.9171,701.2654,1296.727,725.7629,1504.81,661.9388,1430.172,744.6187,1269.053,968.4639,1406.527,783.0771,1116.547,2552.553,1948.525,1706.003,831.4265,2023.003,785.4744,761.7863,1341.084,781.1629,1542.613,721.3936,1470.785,801.1889,1313.276,1029.844,1444.079,837.8295
"2025-10-29 20:00:00",623,"NAN",11.92,1046.596,3173.153,1956.348,1689.437,777.2275,2031.287,728.9157,704.3265,1298.263,727.9799,1507.908,664.311,1432.052,747.3176,1272.047,972.3522,1408.978,788.0015,1117.917,2541.02,1953.407,1719.23,831.1583,2023.925,786.4847,764.9106,1342.039,782.799,1545.122,723.4309,1472.218,803.6311,1315.552,1033.497,1446.719,842.5347
"2025-10-29 20:15:00",624,"NAN",11.93,1048.15,3146.903,1959.201,1700.833,764.9487,1966.751,729.4438,707.3821,1300.077,729.8728,1503.977,666.2639,1434.686,750.5906,1274.819,975.7864,1411.29,793.0333,1119.766,2456.836,1954.889,1730.743,818.697,1967.606,786.9902,767.9448,1343.927,784.5536,1541.249,725.4612,1475.326,807.0554,1318.314,1036.979,1448.93,847.4444
"2025-10-29 20:30:00",625,"NAN",11.93,1049.721,3020.927,1960.578,1713.756,765.3999,1970.169,730.912,710.509,1301.506,731.846,1509.128,668.7868,1437.825,753.4001,1277.688,979.7036,1414.799,798.1765,1120.978,2427.491,1956.92,1741.846,819.0865,1971.257,788.2791,770.7851,1345.922,786.5738,1545.704,728.1921,1477.655,809.5549,1320.941,1040.556,1452.105,852.5475
"2025-10-29 20:45:00",626,"NAN",11.93,1051.767,3036.356,1966.177,1725.747,765.9709,1973.773,732.2818,713.6202,1308.075,733.8795,1507.24,670.9459,1440.757,754.71,1280.901,983.0505,1417.835,803.2002,1123.099,2343.88,1960.396,1754.148,820.027,1974.666,789.6561,774.3102,1352.284,788.7465,1544.11,730.1541,1480.902,811.25,1323.703,1043.645,1455.344,857.6628
"2025-10-29 21:00:00",627,"NAN",11.92,1053.744,3045.889,1971.447,1736.936,766.4437,1978.243,733.7521,716.7729,1305.305,735.9063,1512.456,673.097,1444.84,758.2883,1284.119,986.5753,1420.442,807.9672,1125.235,2430.923,1966.054,1763.931,820.1783,1978.036,791.3447,777.4977,1349.121,790.8144,1549.94,732.4286,1484.409,814.8574,1326.911,1047.741,1457.335,862.3396
"2025-10-29 21:15:00",628,"NAN",11.94,1055.978,3055.41,1977.55,1746.322,766.9818,1983.814,735.0748,719.7454,1307.088,737.9974,1515.249,675.07,1447.585,760.1973,1287.405,989.4417,1423.774,812.502,1127.813,2431.453,1971.46,1773.091,821.0457,1983.977,792.1882,780.2559,1352.004,792.9562,1551.101,733.9436,1487.963,816.6996,1330.497,1050.039,1460.716,866.7648
"2025-10-29 21:30:00",629,"NAN",11.93,1058.062,3066.055,1983.277,1756.643,767.83,1989.312,736.3417,722.596,1309.804,740.5038,1518.1,677.2394,1451.628,763.3892,1290.735,991.7396,1426.677,817.0513,1129.863,2397.769,1976.308,1782.111,821.7913,1988.205,793.436,783.2032,1353.85,795.6231,1554.834,736.5659,1491.643,819.8884,1333.663,1052.708,1463.492,871.6064
"2025-10-29 21:45:00",630,"NAN",11.91,1060.555,3073.824,1988.834,1766.958,768.7111,1996.45,737.7354,725.7262,1312.875,742.7151,1522.293,679.3677,1455.369,765.9314,1294.127,994.5079,1430.521,821.5182,1132.154,2423.73,1980.515,1790.514,822.6454,1995.383,795.2464,786.1729,1356.902,797.6341,1558.878,738.3707,1495.065,822.4297,1336.848,1055.608,1467.106,875.7682
"2025-10-29 22:00:00",631,"NAN",11.92,1063.384,3081.127,2001.537,1777.413,769.948,2006.685,738.9802,728.9622,1315.373,745.2016,1525.609,681.4872,1459.857,768.8951,1296.952,996.6538,1433.429,825.9009,1135.287,2396.644,1992.24,1801.288,823.8615,2003.32,796.2769,789.6615,1359.44,799.896,1562.001,740.9937,1498.571,825.3525,1339.717,1057.327,1470.723,880.0284
"2025-10-29 22:15:00",632,"NAN",11.91,1065.495,3091.224,1999.895,1786.649,771.0452,2017.496,740.6845,731.9116,1317.821,747.9045,1528.712,683.7254,1464.297,771.2502,1299.932,999.2939,1437.396,830.0494,1137.185,2383.515,1991.658,1809.009,825.2301,2013.468,798.219,792.5621,1362.263,802.6836,1564.627,743.207,1503.558,827.9531,1342.748,1060.111,1474.741,884.3862
"2025-10-29 22:30:00",633,"NAN",11.9,1068.544,3098.876,2006.783,1795.7,772.2882,2031.135,742.6577,735.0997,1320.934,750.3973,1532.423,685.9068,1469,773.4894,1303.354,1001.878,1440.438,834.0638,1140.383,2400.699,1998.057,1817.89,826.5406,2024.936,800.0035,795.9432,1365.346,805.478,1568.807,745.0783,1507.977,830.3596,1346.047,1062.901,1477.041,888.4415
"2025-10-29 22:45:00",634,"NAN",11.89,1071.267,3101.759,2012.171,1804.526,774.7725,2017.354,745.3176,737.9896,1322.694,752.7878,1537.184,688.2424,1474.121,775.4129,1306.699,1003.963,1444.194,837.8268,1143.132,2432.811,2003.52,1825.994,828.5853,2010.414,802.6221,798.5273,1367.282,808.1353,1572.736,747.7028,1513.069,831.7316,1349.325,1065.305,1480.376,892.1735
"2025-10-29 23:00:00",635,"NAN",11.92,1074.777,3247.006,2022.004,1811.526,775.3434,2016.248,747.0658,740.8834,1326.632,754.6516,1540.394,690.1614,1478.744,778.4194,1310.818,1005.344,1448.568,841.0145,1146.333,2706.416,2012.191,1832.827,827.9734,2015.322,804.8109,801.6042,1370.809,809.7719,1575.46,749.6833,1517.635,834.4802,1353.343,1066.702,1485.179,895.5621
"2025-10-29 23:15:00",636,"NAN",11.9,1077.484,3271.905,2028.348,1817.593,787.5722,2131.62,749.2943,743.7115,1329.907,756.8004,1543.583,691.7975,1482.529,779.4084,1331.248,1011.337,1452.182,844.0281,1149.543,2757.932,2016.823,1838.073,844.5539,2112.609,806.9,804.3676,1373.572,811.8757,1578.846,751.6834,1521.297,835.641,1372.839,1072.263,1488.508,898.3918
"2025-10-30 06:45:00",637,"NAN",11.93,1079.139,3283.59,2034.033,1822.287,791.3691,2143.019,750.909,745.7454,1332.04,758.478,1546.651,693.4594,1486.144,780.7355,1316.908,1007.473,1455.914,846.3493,1150.663,2770.059,2022.578,1842.067,845.542,2120.981,808.3168,806.2056,1375.732,813.8619,1582.489,752.6435,1523.622,837.2136,1359.675,1069.07,1492.169,900.8661
"2025-10-30 07:15:00",638,"NAN",11.93,1108.283,3448.243,2130.654,1843.625,825.2966,2368.885,789.2734,780.1199,1394.826,795.0837,1608.467,707.851,1543.538,776.8281,1391.2,1014.046,1530.027,885.0492,1195.898,2946.529,2105.339,1865.841,878.8536,2305.922,845.5995,840.3997,1435.505,850.2353,1637.456,767.1495,1576.621,833.6533,1430.477,1074.94,1560.08,938.6134
"2025-10-30 07:30:00",639,"NAN",11.92,1113.518,3440.45,2137.216,1842.796,829.3047,2400.914,790.5877,781.2437,1398.224,795.6564,1607.351,709.611,1548.084,727.9387,1392.903,1008.37,1532.736,883.5201,1198.142,2939.484,2111.916,1863.567,882.9329,2317.827,846.9871,841.553,1439.723,850.0054,1637.787,768.9949,1580.984,784.8277,1431.785,1069.159,1563.868,937.0751
"2025-10-30 07:45:00",640,"NAN",11.93,1127.425,3448.385,2146.09,1848.133,834.8025,2417.27,793.7725,787.1,1406.607,801.1179,1617.933,716.1738,1556.824,748.9675,1400.219,1013.095,1540.657,888.6798,1206.426,2938.42,2117.246,1867.601,888.451,2338.75,850.2352,846.9266,1447.177,856.0634,1648.339,775.4678,1590.351,805.9587,1437.712,1074.019,1571.146,942.2461
"2025-10-30 08:00:00",641,"NAN",11.92,1135.391,3427.54,2148.645,1847.635,837.899,2429.969,794.4848,788.9298,1409.516,803.1535,1618.563,718.1224,1560.238,756.1671,1401.336,1010.655,1542.656,889.0323,1207.37,2917.478,2120.985,1865.88,891.4806,2340.806,850.8972,848.9044,1450.362,857.5886,1648.528,777.2537,1594.407,813.0042,1439.854,1071.173,1572.849,942.8209
"2025-10-30 08:15:00",642,"NAN",11.93,1135.551,3427.593,2151.4,1844.064,840.1251,2446.315,794.9172,789.2805,1410.611,803.851,1616.145,718.6407,1561.436,756.5953,1401.185,1007.215,1543.597,888.3348,1208.203,2915.573,2122.832,1863.059,893.6374,2362.413,851.269,849.1473,1450.888,858.4028,1646.962,777.6569,1594.469,813.4666,1440.046,1067.916,1573.927,942.0233
"2025-10-30 08:30:00",643,"NAN",11.93,1144.624,3442.192,2159.14,1846.979,846.2955,2460.462,798.5204,791.7192,1420.419,809.7358,1628.462,723.0912,1571.297,682.4427,1407.714,1011.627,1552.579,895.2551,1217.48,2931.679,2130.954,1865.753,899.9927,2372.353,855.1793,851.6754,1460.779,864.4849,1659.183,782.5833,1604.535,739.9262,1445.483,1072.293,1582.738,949.1835
"2025-10-30 08:45:00",644,"NAN",11.93,1150.198,3467.889,2165,1845.563,856.3267,2496.633,800.6346,793.6561,1432.027,820.7832,1635.984,723.7296,1582.314,692.1638,1412.009,1019.616,1561.3,905.0004,1222.887,2954.34,2135.049,1864.278,909.9374,2381.484,857.3933,853.4829,1471.442,875.676,1666.044,782.9217,1614.312,749.4386,1450.109,1080.079,1590.633,958.1503
"2025-10-30 09:00:00",645,"NAN",11.94,1153.35,3464.293,2168.58,1836.133,865.4899,2522.46,802.0541,792.1957,1440.724,828.2245,1638.788,720.609,1587.311,715.3661,1414.25,1020.95,1564.652,910.0742,1226.055,2964.527,2139.17,1855.051,919.1396,2409.082,858.5556,852.1932,1481.129,882.7614,1667.19,780.0275,1620.836,772.3303,1452.062,1081.556,1593.87,963.5261
"2025-10-30 09:15:00",646,"NAN",11.93,1157.078,3459.586,2172.418,1824.904,877.3281,2542.073,802.6813,789.2548,1451.255,837.06,1642.508,717.0668,1598.289,726.345,1416.361,1023.12,1569.705,912.5565,1229.531,2945.168,2142.264,1846.055,930.9068,2416.387,859.7352,849.2534,1490.725,891.975,1670.667,776.2476,1630.434,783.1353,1453.727,1083.151,1598.774,965.9058
"2025-10-30 09:30:00",647,"NAN",11.92,1150.527,3430.9,2169.66,1801.854,862.0477,2470.067,799.2947,781.5375,1446.75,829.6703,1629.806,709.7941,1592.483,721.0013,1408.861,1002.633,1561.077,903.4044,1223.029,2911.433,2139.64,1824.79,915.4966,2384.753,856.421,841.8192,1485.795,884.0237,1660.7,769.7074,1624.267,777.9077,1447.448,1063.445,1590.723,956.878
"2025-10-30 09:45:00",648,"NAN",11.92,1157.076,3430.96,2172.588,1795.064,885.3461,2517.166,802.2985,777.9491,1455.858,834.0906,1639.118,709.6973,1601.657,727.9153,1415.616,1004.46,1567.359,906.4702,1229.576,2922.344,2140.996,1817.965,938.599,2394.293,858.9922,838.0215,1495.12,889.085,1667.838,769.7599,1633.586,784.9153,1453.134,1064.994,1596.68,959.9596
"2025-10-30 10:00:00",649,"NAN",11.93,1164.168,3416.415,2178.285,1784.398,899.7922,2431.665,802.8243,774.1928,1476.162,850.6626,1646.545,705.1442,1619.341,738.3801,1422.02,1014.827,1578.904,917.8142,1236.493,2897.881,2147.472,1808.346,952.7255,2334.321,860.1125,834.6253,1513.661,905.0535,1675.193,765.2986,1649.805,794.9269,1459.255,1074.579,1607.782,971.163
"2025-10-30 10:15:00",650,"NAN",11.93,1174.17,3404.323,2195.244,1778.479,940.8424,2438.815,802.8963,769.4197,1511.499,882.8424,1659.409,698.5352,1647.251,758.9082,1430.736,1032.74,1602.074,937.4758,1246.245,2912.358,2158.76,1801.708,1008.156,2433.755,860.6299,830.0869,1547.288,936.0338,1687.207,758.9715,1675.555,815.1412,1468.965,1091.036,1629.391,989.8832
"2025-10-30 10:30:00",651,"NAN",11.94,1181.622,3378.634,2214.581,1773.943,999.6141,2541.554,803.0344,763.3497,1530.257,902.767,1663.618,689.507,1667.641,772.0833,1435.519,1039.212,1618.605,946.0425,1252.537,2859.373,2177.576,1797.266,1050.053,2427.765,860.3223,823.8251,1565.99,955.576,1690.941,749.9367,1694.796,827.477,1472.471,1097.644,1644.513,997.8785
"2025-10-30 10:45:00",652,"NAN",11.93,1188.711,3348.664,2229.661,1767,1035.022,2549.808,801.8584,757.0601,1557.106,921.855,1665.819,684.8109,1686.111,780.8301,1443.311,1044.943,1634.896,952.9625,1258.978,2840.994,2189.822,1791.391,1084.488,2428.688,858.6921,817.7157,1591.153,973.9406,1692.921,746.0588,1711.908,835.9816,1480.169,1102.809,1659.257,1004.626
"2025-10-30 11:00:00",653,"NAN",11.94,1191.249,3320.48,2238.113,1753.608,1044.602,2476.867,800.3774,751.0869,1569.697,929.3057,1668.135,679.7334,1688.094,783.3389,1443.072,1034.392,1641.963,947.7771,1262.404,2810.244,2197.665,1778.546,1093.885,2384.726,858.0622,812.2715,1602.856,981.2369,1695.591,741.3831,1714.501,838.2891,1480.176,1092.52,1666.814,1000.193
"2025-10-30 11:15:00",654,"NAN",11.93,1191.996,3293.038,2243.429,1743.201,1066.338,2519.666,799.4143,746.1086,1580.745,936.5738,1667.925,677.1864,1693.786,781.2247,1441.628,1026.672,1644.23,938.7846,1264.176,2757.098,2203.961,1770.774,1128.705,2437.185,857.8188,807.9451,1612.98,989.3133,1696.539,738.8999,1719.277,837.3455,1479.786,1085.346,1669.309,991.8232
"2025-10-30 11:30:00",655,"NAN",11.94,1189.644,3294.814,2254.316,1744.433,1100.058,2541.193,798.6638,742.4064,1599.288,953.4822,1670.352,675.7777,1705.841,789.7267,1449.551,1026.674,1652.759,947.1228,1262.139,2766.339,2210.32,1770.478,1148.488,2437.636,857.3183,804.9904,1630.877,1005.346,1698.503,738.2448,1731.107,845.3971,1487.913,1085.074,1676.562,1000.331
"2025-10-30 11:45:00",656,"NAN",11.93,1196.329,3282.308,2256.472,1747.899,1098.704,2478.835,797.6442,739.7129,1614.095,968.1901,1672.216,673.5918,1711.223,789.2239,1455.152,1019.661,1660.174,944.3691,1267.673,2735.007,2215.148,1774.346,1146.864,2378.428,856.9237,802.603,1644.432,1019.862,1701.318,736.4103,1735.562,844.9039,1492.97,1078.188,1684.735,997.5145
"2025-10-30 12:00:00",657,"NAN",11.94,1201.423,3251.291,2269.384,1750.98,1108.129,2534.61,797.178,735.4729,1631.46,986.4351,1675.175,670.48,1716.945,793.4753,1463.717,1019.673,1669.755,943.7755,1273.456,2702.663,2225.325,1776.56,1156.675,2425.249,856.3224,798.2601,1661.407,1038.336,1703.51,733.0535,1741.794,849.624,1501.291,1077.767,1693.293,996.9979
"2025-10-30 12:15:00",658,"NAN",11.93,1205.222,3211.114,2278.964,1742.477,1141.538,2616.502,797.6266,731.9538,1649.44,998.7032,1675.482,666.3024,1720.993,798.631,1470.782,1019.716,1674.824,940.7952,1277.106,2656.674,2232.387,1770.264,1188.874,2469.547,857.2496,795.257,1678.57,1050.573,1703.905,729.0828,1745.604,855.018,1508.17,1078.228,1698.553,994.2667
"2025-10-30 12:30:00",659,"NAN",11.91,1204.536,3174.64,2280.331,1723.913,1146.45,2612.525,795.4319,724.9792,1651.534,1006.192,1676.075,661.7042,1719.368,794.5865,1470.653,1016.98,1674.526,931.9398,1276.628,2574.962,2233.026,1752.236,1194.031,2390.813,854.8304,788.2523,1680.248,1057.761,1704.491,724.8315,1745.34,851.1281,1507.726,1075.678,1698.208,985.6367
"2025-10-30 12:45:00",660,"NAN",11.91,1204.873,3150.466,2281.269,1704.944,1149.579,2598.358,792.2672,716.4547,1659.44,1010.214,1668.284,658.219,1693.764,776.7074,1468.609,1020.115,1672.025,926.1451,1276.887,2530.336,2234.901,1734.533,1197.262,2474.965,852.5774,780.3604,1687.93,1061.178,1698.029,721.7678,1721.526,833.5027,1506.627,1079.256,1696.437,980.2831
"2025-10-30 13:00:00",661,"NAN",11.93,1195.15,3136.44,2270.447,1667.324,1135.181,2555.793,785.807,706.0483,1646.197,987.3749,1655.659,654.1987,1693.649,760.7639,1446.608,1004.874,1658.241,905.6031,1266.623,2525.257,2226.689,1700.785,1182.966,2441.678,845.592,769.3427,1674.578,1039.042,1685.644,717.1064,1720.863,817.6802,1485.798,1064.772,1683.08,960.2062
"2025-10-30 13:15:00",662,"NAN",11.94,1196.406,3145.686,2272.743,1670.625,1144.618,2535.468,785.5583,704.3571,1657.985,997.8421,1653.135,652.9572,1693.942,771.7189,1451.112,1025.814,1655.789,925.1267,1267.709,2483.883,2227.81,1703.321,1191.729,2435.198,844.8558,767.518,1685.943,1049.131,1681.836,715.4453,1721.755,827.9701,1489.184,1084.363,1680.106,978.4938
"2025-10-30 13:30:00",663,"NAN",11.94,1200.347,3157.741,2281.333,1684.704,1158.116,2535.937,786.0052,707.7536,1675.99,1018.592,1656.217,652.866,1702.315,790.4155,1465.195,1055.025,1667.757,944.3495,1271.041,2577.747,2232.586,1715.515,1204.233,2433.725,844.6849,770.0882,1700.905,1068.291,1685.364,714.6093,1728.629,845.8427,1501.83,1111.615,1690.658,996.6055
"2025-10-30 13:45:00",664,"NAN",11.93,1162.974,3098.989,2225.39,1614.994,1081.285,2457.708,769.7256,691.469,1587.572,911.0376,1610.162,650.8665,1642.836,729.4128,1405.905,962.0151,1612.042,881.9464,1234.815,2517.082,2186.796,1652.328,1127.983,2364.249,828.7106,754.1473,1618.586,963.3174,1642.623,712.9553,1673.357,786.0488,1444.875,1022.819,1639.474,935.8303
"2025-10-30 14:00:00",665,"NAN",11.94,1172.138,3147.946,2232.464,1649.513,1098.531,2494.285,776.3652,697.9706,1610.375,930.0314,1610.105,656.3674,1651.653,738.7459,1413.928,1003.384,1617.32,903.4631,1244.369,2477.598,2192.979,1683.899,1146.597,2388.696,834.5671,760.5758,1640.472,982.0907,1643.024,718.0659,1681.479,795.1704,1453.396,1063.36,1642.685,956.9232
"2025-10-30 14:15:00",666,"NAN",11.93,1174.961,3158.437,2245.88,1667.151,1120.482,2525.756,773.326,699.4364,1618.777,957.9664,1610.892,654.7859,1657.151,752.3739,1417.514,1018.697,1626.598,921.2864,1245.819,2462.836,2204.183,1698.717,1167.23,2406.479,831.1326,761.4294,1647.205,1008.386,1643.152,715.8949,1685.385,808.2195,1456.221,1077.294,1652.212,973.7205
"2025-10-30 14:30:00",667,"NAN",11.93,1152.075,3119.841,2214.148,1634.995,1077.02,2471.79,763.3275,690.0906,1577.614,902.6313,1581.341,655.3145,1625.128,719.365,1386.779,965.4449,1594.994,888.8206,1224.337,2428.99,2176.891,1670.499,1125.231,2380.287,821.3741,751.9545,1608.401,954.813,1615.44,715.8073,1656.743,776.0035,1427.015,1025.936,1622.505,942.0488
"2025-10-30 14:45:00",668,"NAN",11.93,1160.764,3164.425,2226.118,1676.749,1095.646,2503.669,770.7315,696.7819,1608.774,934.3333,1586.622,659.964,1631.274,731.8768,1399.713,999.7367,1607.135,916.769,1232.471,2568.273,2190.208,1708.366,1143.505,2395.486,828.4754,758.4259,1638.295,986.1166,1619.765,720.8502,1661.987,788.1227,1439.045,1059.531,1632.319,969.504
"2025-10-30 15:00:00",669,"NAN",11.94,1152.733,3159.927,2223.805,1674.483,1091.31,2530.09,764.3704,694.3747,1603.402,930.6672,1575.894,659.2372,1624.09,728.6064,1389.221,988.2412,1601.256,909.6744,1224.315,2476.447,2184.85,1705.972,1138.559,2420.072,822.054,755.8229,1633,981.6625,1610.34,719.8427,1654.376,784.5814,1428.437,1047.919,1627.6,962.088
"2025-10-30 15:15:00",670,"NAN",11.94,1131.359,3154.885,2189.763,1649.373,1042.345,2476.904,759.3752,689.4379,1546.245,865.1788,1551.354,659.5428,1593.87,688.5772,1371.506,949.4547,1562.243,875.3956,1203.866,2436.854,2157.626,1683.834,1091.12,2391.191,817.0914,750.8402,1578.898,918.2709,1587.773,719.9381,1626.641,745.3121,1412.108,1010.763,1591.717,928.7335
"2025-10-30 15:30:00",671,"NAN",11.93,1122.422,3145.994,2173.035,1651.83,1020.462,2463.495,757.3868,690.9739,1521.937,835.96,1541.413,661.8412,1579.406,685.5083,1368.203,949.6296,1543.578,867.0071,1195.172,2472.551,2143.693,1685.94,1069.743,2367.4,814.9644,752.2561,1556.376,889.3209,1578.798,722.3561,1613.003,742.1523,1408.309,1011.057,1573.314,920.4042
"2025-10-30 15:45:00",672,"NAN",11.93,1108.176,3141.301,2151.683,1640.063,989.6107,2445.059,751.4522,688.3589,1486.33,803.5865,1523.29,661.7543,1557.678,672.3115,1357.988,939.0034,1516.864,850.2901,1180.727,2542.018,2124.95,1675.412,1039.844,2362.658,808.8441,749.5506,1521.936,857.5158,1562.11,722.1068,1591.773,729.2192,1398.883,1001.178,1548.772,903.9008
"2025-10-30 16:00:00",673,"NAN",11.91,1096.966,3146.613,2128.612,1635.47,958.7537,2406.411,747.0373,688.2775,1449.271,775.8583,1516.907,663.0536,1537.574,663.0712,1353.55,930.1517,1493.035,832.8555,1170.08,2546.444,2104.885,1672.018,1009.665,2335.841,804.484,749.3217,1487.436,830.9279,1554.628,723.1474,1573.712,720.2103,1394.208,992.499,1525.056,886.9659
"2025-10-30 16:15:00",674,"NAN",11.9,1096.551,3193.745,2120.687,1657.221,941.356,2395.898,747.5808,693.8309,1434.487,772.0794,1517.634,668.2115,1529.428,633.3339,1355.255,942.4003,1487.316,832.3484,1170.107,2582.403,2098.576,1692.07,992.679,2324.157,805.0167,755.2324,1473.907,827.0395,1554.811,728.2213,1566.669,691.1306,1395.004,1004.511,1520.255,886.444
"2025-10-30 16:30:00",675,"NAN",11.94,1090.694,3216.311,2112.654,1669.724,926.7839,2397.553,744.8486,696.7334,1417.65,766.2448,1512.242,669.3124,1516.599,642.3595,1351.291,949.4324,1476.232,830.1984,1163.96,2607.231,2089.902,1703.908,978.1026,2322.724,802.3939,757.6867,1457.457,821.1657,1550.187,729.0519,1553.876,699.8592,1392.435,1011.458,1509.496,884.6099
"2025-10-30 16:45:00",676,"NAN",11.94,1080.692,3201.885,2092.805,1666.217,888.3959,2275.542,738.1082,695.1012,1393.381,754.2875,1504.868,669.2435,1501.058,640.5143,1346.253,943.4031,1459.922,819.137,1153.923,2547.436,2074.227,1700.559,941.0692,2219.009,796.3473,756.3033,1433.951,809.6699,1543.422,729.4005,1539.19,698.1943,1387.739,1005.684,1494.835,873.6835
"2025-10-30 17:00:00",677,"NAN",11.93,1077.68,3224.868,2082.441,1675.13,871.4575,2281.67,736.2635,697.5853,1382.721,752.2776,1502.365,671.5983,1492.544,640.6523,1345.943,943.9796,1454.245,816.7842,1151.058,2515.512,2063.973,1709.159,923.8612,2237.301,794.197,758.6656,1423.394,807.5209,1541.632,731.7275,1532.119,698.1654,1387.275,1006.192,1488.744,871.4718
"2025-10-30 17:15:00",678,"NAN",11.94,1073.956,3254.885,2073.673,1686.129,855.9224,2277.084,734.4246,700.6147,1374.19,751.6081,1500.576,674.1326,1484.206,641.9272,1345.619,948.1441,1447.725,815.9452,1147.349,2632.699,2057.359,1719.184,908.4248,2234.99,792.3376,761.753,1415.641,806.8738,1539.267,734.1639,1523.438,699.5077,1387.624,1010.364,1482.749,870.6506
"2025-10-30 17:30:00",679,"NAN",11.94,1072.528,3283.28,2068.234,1698.264,842.0449,2270.692,733.5745,704.1777,1369.158,751.9872,1498.949,676.9635,1479.021,644.0129,1344.943,953.2708,1443.383,817.757,1145.431,2743.239,2052.064,1731.737,895.1456,2225.904,791.292,765.0861,1410.575,807.1783,1538.761,737.1262,1519.056,701.6495,1386.694,1015.125,1478.879,872.6862
"2025-10-30 17:45:00",680,"NAN",11.94,1073.05,3317.563,2069.647,1715.144,830.8522,2268.293,733.7271,708.7737,1367.922,754.4307,1500.723,680.6613,1477.001,649.81,1344.106,960.8336,1443.689,822.2581,1145.481,2746.153,2053.261,1745.743,883.7653,2222.938,791.5403,769.7279,1409.619,809.6523,1540.817,740.5537,1516.892,707.1306,1385.453,1023,1479.917,876.8838
"2025-10-30 18:00:00",681,"NAN",11.93,1072.113,3340.131,2068.228,1728.192,821.274,2275.56,732.4756,711.9564,1365.446,755.9869,1500.373,683.2593,1473.314,651.0306,1345.808,966.8943,1441.522,825.7364,1144.844,2803.665,2052.151,1758.047,874.4973,2229.509,790.1455,772.905,1407.267,810.9261,1539.281,743.1724,1513.265,708.3542,1386.942,1028.684,1477.736,880.3338
"2025-10-30 18:15:00",682,"NAN",11.94,1072.062,3362.265,2068.267,1742.721,814.1772,2241.152,732.7767,715.1249,1363.866,757.6877,1500.764,686.2845,1470.972,653.491,1347.542,971.6813,1439.895,830.0562,1144.718,2832.917,2051.369,1772.262,867.6062,2199.62,790.5444,775.8969,1406.03,812.503,1539.089,746.004,1511.532,710.6095,1388.479,1033.194,1475.752,884.5219
"2025-10-30 18:30:00",683,"NAN",11.93,1072.521,3387.303,2069.077,1757.313,806.6896,2274.458,732.6725,718.3145,1363.211,759.3929,1501.064,688.9193,1469.978,654.8292,1349.526,977.0978,1439.13,834.8007,1144.637,2874.053,2052.261,1785.616,859.8749,2230.393,790.1702,778.7685,1404.537,814.2131,1541.024,748.3925,1509.94,711.8905,1390.32,1038.727,1475.282,889.2613
"2025-10-30 18:45:00",684,"NAN",11.93,1072.542,3415.115,2072.352,1772.143,801.7475,2243.126,733.8845,721.7321,1362.838,761.5435,1502.417,691.8044,1469.576,658.2648,1352.203,981.5253,1439.911,839.6293,1144.966,2905.806,2054.846,1799.622,855.2247,2201.438,791.5987,782.4468,1404.35,816.5261,1540.684,751.1841,1509.616,715.4433,1393,1042.91,1475.847,894.01
"2025-10-30 19:00:00",685,"NAN",11.93,1073.002,3439.023,2074.749,1786.05,796.0334,2249.574,734.2804,724.894,1362.922,764.1689,1504.123,694.4679,1469.253,660.9088,1354.098,985.9707,1441.211,844.3406,1145.475,2921.165,2056.471,1811.318,849.3785,2206.899,791.9805,785.728,1404.776,818.8214,1542.452,754.1189,1509.719,718.1115,1394.042,1047.064,1477.106,898.5084
"2025-10-30 19:15:00",686,"NAN",11.91,1073.971,3467.167,2077.17,1800.173,807.1237,2353.349,735.2262,728.0117,1363.175,766.1869,1506.056,696.9951,1469.598,663.313,1356.644,990.1273,1441.401,849.2387,1146.327,2943.335,2059.12,1824.937,860.5925,2291.335,792.667,788.4066,1405.571,821.0728,1544.989,756.5894,1510.141,720.2693,1397.247,1051.477,1477.795,903.6533
"2025-10-30 19:30:00",687,"NAN",11.93,1074.963,3476.389,2081.262,1812.071,804.2216,2360.354,735.9427,730.6604,1364.035,768.7658,1508.891,699.3129,1470.012,665.1877,1359.904,994.1938,1442.088,854.3024,1147.537,2951.057,2063.014,1836.651,857.9879,2296.696,793.7365,791.6573,1406.181,824.1087,1547.313,758.6284,1510.709,722.7434,1399.778,1055.798,1478.227,908.9698
"2025-10-30 19:45:00",688,"NAN",11.92,1075.955,3491.48,2084.278,1824.141,802.43,2365.9,736.8936,733.7782,1364.781,770.9938,1510.912,701.5809,1470.628,667.452,1362.441,997.5307,1442.687,859.3462,1148.656,2970.726,2066.643,1846.619,856.4775,2301.987,794.7382,794.7339,1407.499,825.9631,1549.036,760.8406,1511.043,724.7682,1402.817,1058.998,1478.868,913.4744
"2025-10-30 20:00:00",689,"NAN",11.94,1077.294,3504.878,2088.964,1836.236,800.9787,2370.115,738.4511,736.9506,1366.425,773.6111,1513.468,703.8791,1472.204,669.9537,1364.083,1000.682,1445.334,864.741,1150.181,2983.248,2069.987,1858.043,855.1381,2301.2,796.351,797.7722,1408.77,828.02,1552.403,763.5981,1512.999,727.1446,1404.362,1062.12,1481.237,919.235
"2025-10-30 20:15:00",690,"NAN",11.93,1079.239,3528.479,2093.981,1848.224,800.3973,2376.202,739.6109,740.2008,1368.335,776.1412,1515.605,706.5403,1473.263,672.6754,1367.724,1004.347,1448.576,870.2414,1151.761,2991.329,2074.936,1869.279,854.4142,2311.025,797.5743,801.1535,1411,831.3098,1554.9,765.77,1514.09,730.2637,1407.673,1065.905,1484.644,924.7742
"2025-10-30 20:30:00",691,"NAN",11.93,1080.415,3544.918,2099.632,1863.184,799.7989,2382.189,741.0244,743.3109,1369.63,775.3886,1518.313,708.9132,1475.604,674.1828,1370.919,1007.711,1449.894,875.5143,1153.181,3012.618,2079.81,1883.012,853.8604,2309.165,798.7815,804.3709,1412.38,830.3215,1557.315,768.4794,1516.028,731.8371,1411.13,1069.348,1486.215,930.1112
"2025-10-30 20:45:00",692,"NAN",11.93,1082.592,3562.635,2105.614,1876.135,799.7617,2390.769,742.3608,746.8044,1371.23,777.809,1521.642,711.7897,1478.924,676.5017,1374.587,1010.54,1452.214,881.0776,1154.875,3023.964,2084.065,1894.146,853.6428,2320.885,799.8256,807.3406,1413.475,833.1514,1560.587,771.3043,1518.501,733.8333,1414.72,1072.323,1487.105,935.5827
"2025-10-30 21:00:00",693,"NAN",11.93,1085.193,3570.676,2111.892,1887.185,800.1224,2400.218,744.342,750.4522,1373.706,782.3575,1524.337,714.4007,1482.603,679.7012,1378.32,1014.482,1454.112,886.618,1157.472,3067.883,2089.728,1904.608,854.5699,2320.735,801.9579,811.0475,1415.854,837.3601,1563.004,773.9758,1522.857,736.7615,1417.957,1076.059,1490.163,941.3164
"2025-10-30 21:15:00",694,"NAN",11.94,1087.428,3584.906,2118.167,1898.291,787.1355,2340.208,745.8665,753.8625,1375.976,785.8246,1527.856,717.1752,1486.27,682.4775,1380.018,1018.283,1457.069,891.8,1160.027,3042.522,2095.032,1914.385,841.0873,2278.544,803.4706,814.4479,1418.154,840.9831,1566.323,775.9131,1525.469,739.8983,1420.228,1079.834,1493.054,946.0248
"2025-10-30 21:30:00",695,"NAN",11.93,1089.874,3597.824,2123.893,1907.111,787.7607,2348.613,747.8808,757.2361,1378.754,789.0659,1530.629,719.4282,1490.252,683.7588,1384.112,1021.298,1459.44,896.8788,1161.775,3062.438,2099.751,1922.426,841.764,2286.286,805.6757,817.9712,1421.233,844.1755,1569.135,779.0523,1530.438,741.02,1423.612,1082.893,1495.48,951.3431
"2025-10-30 21:45:00",696,"NAN",11.93,1092.02,3606.117,2130.221,1915.298,801.9168,2422.014,750.5023,760.2742,1380.944,791.9377,1534.635,721.8156,1493.614,686.4306,1386.544,1023.968,1462.449,901.5842,1164.635,3064.776,2105.791,1930.49,856.116,2343.776,808.1307,821.0733,1423.494,846.9596,1572.053,780.895,1533.289,743.946,1426.579,1085.576,1497.999,955.7928
"2025-10-30 22:00:00",697,"NAN",11.9,1094.631,3615.864,2136.666,1924.524,803.4799,2435.417,751.9063,763.3096,1383.268,794.6573,1537.848,723.8703,1497.35,688.6227,1391.255,1025.922,1464.846,906.0986,1166.923,3075.175,2111.699,1938.731,857.4453,2347.572,809.4415,824.0994,1425.645,849.5824,1575.615,783.1931,1536.603,746.0218,1430.563,1087.322,1500.258,960.2401
"2025-10-30 22:15:00",698,"NAN",11.91,1096.927,3627.943,2143.025,1930.912,791.1373,2344.634,754.1136,766.2845,1385.825,797.2288,1541.989,725.9883,1500.971,690.6928,1394.444,1027.683,1468.419,910.3644,1169.639,3075.397,2116.417,1944.346,844.1766,2281.31,811.6415,827.0541,1427.987,851.9641,1579.669,785.6695,1539.776,747.865,1433.851,1089.002,1503.855,964.4742
"2025-10-30 22:30:00",699,"NAN",11.93,1131.62,3173.651,2122.367,1932.296,827.9632,2329.453,793.8135,804.9421,1414.628,835.0369,1565.411,762.8083,1527.428,729.0491,1422.747,1062.468,1493.863,949.1646,1175.589,3084.335,2120.431,1951.934,846.2705,2323.498,813.7908,829.8256,1430.255,854.6837,1583.094,787.5229,1544.091,750.4183,1437.449,1090.529,1506.358,968.431
"2025-10-30 22:45:00",700,"NAN",11.9,1134.451,3161.389,2126.907,1939.381,829.4841,2333.833,796.1364,808.8533,1417.425,838.3372,1569.021,765.4478,1530.684,732.0037,1426.309,1064.022,1497.942,953.9738,1177.57,3122.77,2125.024,1956.007,847.0317,2325.846,815.3368,832.3181,1432.032,857.2155,1586.012,789.1735,1547.24,752.157,1439.514,1091.271,1509.525,972.2185
"2025-10-30 23:00:00",701,"NAN",11.93,1137.187,3174.744,2131.627,1944.995,831.011,2340.782,798.8369,811.7166,1420.658,841.21,1571.06,767.4647,1534.649,734.5355,1429.385,1065.201,1500.219,958.2711,1180.01,3124.37,2130.678,1963.087,848.209,2326.889,817.4387,834.8961,1434.633,859.2899,1587.606,790.5646,1550.24,754.2461,1442.363,1091.872,1511.877,976.0811
"2025-10-30 23:15:00",702,"NAN",11.91,1138.848,3179.64,2135.87,1950.105,832.5353,2344.635,800.5417,814.4912,1423.18,843.7686,1574.562,769.4874,1537.953,736.1512,1432.114,1066.538,1503.422,962.1876,1181.9,3122.112,2135.285,1968.16,849.1985,2339.597,818.9763,837.5184,1436.681,861.8188,1590.778,792.3041,1552.301,755.9246,1444.867,1092.903,1514.081,979.7396
"2025-10-30 23:30:00",703,"NAN",11.9,1141.692,3202.67,2140.838,1954.611,833.5963,2350.208,802.7045,817.4583,1425.71,846.0034,1576.323,770.8406,1540.464,738.0497,1433.943,1066.871,1505.492,965.5244,1184.074,3143.91,2140.394,1971.623,850.4846,2346.847,821.0247,840.1174,1439.708,863.7668,1592.478,794.0336,1556.229,757.125,1446.2,1093.413,1516.753,983.14
"2025-10-30 23:45:00",704,"NAN",11.93,1144.016,3181.927,2145.561,1960.487,835.3835,2348.709,805.0638,819.764,1427.264,848.6402,1579.679,772.9558,1543.538,739.9797,1436.745,1067.835,1508.949,969.3889,1186.776,3124.294,2144.843,1977.704,851.3979,2347.475,823.1844,842.4601,1441.18,865.9559,1595.026,795.4615,1559.303,759.3498,1449.359,1093.443,1520.205,986.6259
"2025-10-31 00:00:00",705,"NAN",11.92,1146.427,3185.465,2148.137,1965.947,836.8442,2361.378,807.2036,822.2824,1429.647,850.8145,1581.843,774.2373,1546.643,741.4533,1440.12,1068.182,1512.911,972.5591,1189.159,3138.501,2148.111,1982.327,853.0872,2348.373,824.9551,844.9443,1443.001,868.4008,1597.419,796.8729,1561.933,760.5302,1452.374,1094.216,1523.023,989.6143
"2025-10-31 08:30:00",706,"NAN",11.93,1148.75,3199.38,2154.185,1969.59,837.8403,2365.113,809.0593,824.7294,1431.726,852.7974,1583.192,775.4244,1549.501,743.2972,1442.996,1068.911,1516.034,975.5041,1190.904,3121.467,2152.959,1987.117,853.6312,2360.086,826.1438,847.0361,1445.609,870.2882,1599.005,797.5833,1564.189,762.2736,1455.066,1094.641,1526.063,992.4398
"2025-10-31 08:45:00",707,"NAN",11.92,1184.844,3405.971,2270.114,1991.183,869.8365,2446.418,846.6064,850.6665,1494.153,898.0702,1636.823,772.0841,1591.909,741.8851,1509.015,1049.861,1575.354,998.9723,1251.607,3152.617,2247.778,2008.237,900.5073,2387.258,879.1949,888.3136,1516.778,930.6002,1658.146,809.725,1612.064,776.0115,1530.269,1089.761,1591.163,1030.451
"2025-10-31 09:00:00",708,"NAN",11.93,1201.086,3416.823,2281.799,2004.1,874.6132,2486.371,849.0887,856.0862,1499.553,901.9506,1639.201,776.9238,1597.096,744.6141,1511.84,1049.709,1579.476,1001.668,1257.03,3174.413,2253.942,2017.594,905.9768,2347.559,881.6677,893.978,1522.255,934.1669,1660.88,814.9194,1617.914,779.377,1533.474,1090.104,1595.89,1033.149
"2025-10-31 09:15:00",709,"NAN",11.92,1206.758,3417.38,2282.799,2008.446,879.5788,2458.645,852.9619,860.3028,1504.428,905.8024,1644.526,780.853,1602.069,747.201,1514.477,1053.44,1584.687,1005.415,1262.579,3193.229,2261.923,2021.927,910.2505,2266.836,884.2108,897.3865,1527.352,938.1349,1666.3,817.9576,1623,781.4486,1535.134,1093.2,1601.232,1036.923
"2025-10-31 09:30:00",710,"NAN",11.93,1215.226,3439.834,2294.638,2014.71,887.814,2578.361,858.061,864.6908,1513.153,911.0666,1654.868,785.6182,1609.92,751.071,1521.412,1058.353,1592.101,1010.357,1271.423,3190.1,2268.609,2027.986,918.9437,2304.172,889.6675,901.964,1535.12,943.0924,1675.987,822.9192,1631.271,785.3821,1541.712,1098.285,1607.878,1041.625
"2025-10-31 09:45:00",711,"NAN",11.92,1212.541,3844.7,2345.77,2033.113,878.3378,2770.327,846.6276,853.2347,1518.115,906.3448,1662.996,776.2482,1617.275,745.3354,1521.962,1055.289,1596.069,1002.663,1279.751,3245.128,2274.721,2029.426,925.6713,2273.974,895.4869,907.0378,1547.358,954.6921,1686.827,829.8384,1641.925,796.1309,1549.795,1110.285,1617.336,1049.757
"2025-10-31 10:00:00",712,"NAN",11.93,1210.983,3827.328,2349.157,2011.89,879.3224,2787.159,847.8652,847.4667,1517.907,905.1309,1660.42,771.142,1615.776,740.629,1522.203,1044.171,1595.081,995.2496,1279.406,3221.661,2275.245,2011.251,927.6535,2286.474,897.3309,901.9087,1548.352,953.8318,1685.513,825.6011,1641.27,792.4135,1551.236,1100.247,1617.376,1043.541
"2025-10-31 10:15:00",713,"NAN",11.93,1217.659,3814.842,2354.622,2001.471,884.8203,2785.565,851.8678,845.0402,1525.495,908.6412,1668.435,770.5377,1621.878,740.4442,1528.27,1040.88,1600.403,994.8641,1286.556,3215.808,2284.69,2002.254,933.2534,2446.377,902.449,899.913,1556.111,958.6962,1692.434,825.1974,1647.92,792.9794,1556.642,1097.442,1621.741,1043.5
"2025-10-31 10:30:00",714,"NAN",11.93,1227.089,3824.426,2368.983,1999.747,910.1655,2811.604,855.3179,843.5091,1549.877,933.0108,1676.211,767.8742,1638.548,754.892,1533.185,1049.377,1611.783,1006.011,1296.016,3225.932,2293.26,1999.677,958.9044,2357.287,905.6691,899.113,1579.767,982.4598,1700.646,823.4104,1664.284,807.0092,1561.492,1106.294,1632.144,1054.729
"2025-10-31 10:45:00",715,"NAN",11.93,1237.827,3826.49,2390.468,1999.485,946.5544,2838.605,857.7164,840.3869,1581.685,963.5488,1684.02,762.8212,1662.782,770.6069,1541.59,1061.271,1633.383,1020.495,1306.202,3224.901,2316.349,2000.124,994.5109,2302.37,908.0639,896.0994,1609.869,1011.846,1706.893,818.5887,1685.936,822.3055,1569.449,1117.332,1652.826,1068.837
"2025-10-31 11:00:00",716,"NAN",11.92,1253.367,3834.84,2423.314,1996.843,1007.979,2857.582,862.4241,838.8914,1629.195,1009.091,1701.848,757.4675,1701.1,796.8672,1557.728,1086.101,1654.557,1043.94,1321.985,3236.738,2337.226,1998.287,1054.915,2288.714,913.3542,895.1614,1653.789,1056.423,1724.477,813.8709,1720.384,848.0054,1585.497,1140.58,1673.968,1091.767
"2025-10-31 11:15:00",717,"NAN",11.93,1265.832,3804.332,2438.653,1995.159,1057.059,2870.068,863.1867,833.9902,1660.594,1038.46,1710.359,750.2983,1721.286,806.2477,1563.12,1087.899,1676.561,1054.955,1334.032,3200.267,2354.059,1995.707,1102.477,2305.543,914.1301,889.9049,1682.923,1085.103,1732.664,806.7537,1739.251,857.2889,1590.537,1141.675,1694.447,1101.945
"2025-10-31 11:30:00",718,"NAN",11.9,1275.653,3037.529,2431.655,1980.272,1090.681,2896.092,864.2017,829.1541,1690.174,1064.553,1719.986,742.6337,1741.894,815.1284,1572.22,1080.271,1698.899,1062.656,1342.6,2777.596,2349.139,1981.624,1135.115,2353.314,915.4452,885.3569,1711.196,1110.067,1741.215,799.7844,1757.924,865.5242,1599.331,1134.327,1715.062,1109.458
"2025-10-31 11:45:00",719,"NAN",11.92,1275.759,3363.943,2450.598,1962.918,1105.933,2869.373,865.0591,823.1247,1696.073,1059.881,1719.8,740.0966,1745.399,808.2429,1568.319,1060.178,1701.008,1053.267,1343.849,2847.271,2351.715,1966.834,1150.212,2293.163,916.3766,879.4953,1714.763,1106.345,1741.476,796.5917,1762.174,859.3618,1595.745,1114.226,1716.929,1100.299
"2025-10-31 12:00:00",720,"NAN",11.93,1266.206,3333.868,2438.747,1930.557,1100.052,2851.095,862.4371,813.1854,1675.54,1041.48,1713.903,734.7491,1732.665,790.3141,1554.599,1030.186,1689.274,1029.841,1333.822,2798.806,2353.761,1938.272,1144.474,2322.583,913.4531,869.4978,1697.812,1088.221,1733.721,791.4655,1750.8,841.6,1582.706,1085.674,1706.378,1077.518
"2025-10-31 12:15:00",721,"NAN",11.9,1257.508,3318.034,2425.046,1904.628,1086.251,2817.308,861.7188,805.3451,1658.357,1015.556,1695.642,732.1669,1712.121,769.0766,1541.695,1001.904,1671.458,1010.407,1324.691,2780.453,2335.418,1914.465,1131.247,2388.888,913.3436,861.8671,1681.29,1062.491,1718.81,788.7161,1731.54,820.619,1570.027,1058.385,1690.627,1058.636
"2025-10-31 12:30:00",722,"NAN",11.93,1241.811,3328.031,2411.659,1874.841,1068.027,2783.97,853.8583,792.9125,1634.442,986.8462,1678.404,727.4178,1693.727,747.6866,1528.486,987.3142,1648.845,985.1985,1310.599,2811.34,2326.292,1887.945,1113.501,2359.416,905.9592,849.8716,1658.51,1035.338,1703.504,783.9722,1715.313,800.1764,1557.869,1044.297,1669.175,1033.964
"2025-10-31 12:45:00",723,"NAN",11.89,1220.709,3328.267,2385.035,1842.864,1032.392,2718.859,844.8417,780.2628,1594.581,941.9167,1654.208,721.8106,1660.839,714.8099,1511.41,955.8283,1618.234,957.6658,1289.352,2795.512,2311.491,1858.992,1078.906,2287.046,896.634,837.2924,1623.246,991.2593,1681.667,778.7351,1684.842,768.0341,1541.914,1013.919,1641.536,1007.476
"2025-10-31 13:00:00",724,"NAN",11.93,1208.417,3345.878,2369.222,1839.349,991.0996,2598.636,833.7359,770.3157,1558.284,900.1225,1637.25,715.8959,1635.968,694.8701,1499.99,945.9297,1600.28,947.223,1270.237,2800.65,2291.228,1848.843,1030.263,2391.242,878.693,819.1946,1580.309,942.3974,1658.628,764.2465,1653.97,740.3422,1524.228,995.9072,1616.761,988.9451
"2025-10-31 13:15:00",725,"NAN",11.93,1198.217,3341.714,2349.13,1839.782,975.0893,2557.562,829.0677,768.8116,1538.934,882.5457,1629.229,717.3928,1616.982,685.2525,1496.152,946.4667,1583.741,940.4912,1260.534,2816.51,2276.771,1850.571,1015.783,2402.907,874.6153,818.6388,1562.631,926.3074,1650.647,766.3674,1638.424,731.9405,1520.59,997.967,1603.053,983.5722
"2025-10-31 13:30:00",726,"NAN",11.91,1193.625,3405.97,2337.633,1848.495,948.8674,2529.475,828.5421,773.1804,1527.427,875.8343,1625.012,720.3507,1605.456,683.7953,1493.131,954.2661,1577.012,942.6503,1257.053,2874.438,2268.243,1860.151,990.3687,2401.669,874.9528,823.7664,1553.17,920.485,1647.687,770.2267,1627.746,731.1934,1518.646,1006.721,1596.185,986.3271
"2025-10-31 13:45:00",727,"NAN",11.94,1189.702,3434.341,2326.923,1858.437,947.5506,2593.309,830.5352,779.4351,1521.584,876.4186,1620.901,724.4415,1595.648,685.0321,1489.629,963.049,1569.7,941.96,1254.58,2920.419,2259.604,1870.192,991.2365,2463.042,878.4155,831.3826,1548.89,922.3269,1645.271,775.004,1620.106,734.2437,1516.734,1016.64,1589.832,987.3685
"2025-10-31 14:00:00",728,"NAN",11.93,1188.906,3454.832,2320.453,1868.414,920.4232,2544.009,830.8906,783.7853,1517.787,877.0212,1618.626,729.007,1591.424,688.6151,1488.833,970.5424,1566.952,944.1116,1254.874,2925.468,2258.386,1880.071,964.9731,2425.507,879.3171,836.2755,1545.523,923.8436,1644.161,780.9106,1616.261,738.2286,1516.328,1024.806,1588.789,990.4028
"2025-10-31 14:15:00",729,"NAN",11.91,1182.126,3408.4,2310.848,1864.525,892.4202,2525.739,809.2057,755.5225,1493.763,852.0493,1607.22,720.5097,1580.788,683.8849,1483.007,958.4139,1560.893,939.4419,1241.613,2875.775,2243.977,1870.803,930.8961,2409.363,851.8029,802.4383,1517.104,892.9341,1627.692,765.8951,1601.129,727.562,1504.941,1006.679,1577.536,979.4883
"2025-10-31 14:30:00",730,"NAN",11.93,1180.808,3383.966,2303.444,1874.318,882.0131,2511.234,809.3098,759.0353,1491.618,853.1083,1606.841,722.9251,1576.874,683.8843,1482.134,960.1097,1565.303,945.8224,1241.545,2841.091,2240.57,1881.053,922.3844,2399.535,853.4217,807.6039,1516.912,895.4642,1629,770.4424,1598.613,728.7113,1505.027,1009.86,1583.322,987.1086
"2025-10-31 14:45:00",731,"NAN",11.92,1181.78,3446.815,2301.497,1895.259,872.6172,2486.542,809.4463,765.6577,1492.257,856.3862,1607.028,725.905,1574.199,686.334,1482.16,967.3021,1558.411,952.4341,1244.89,2918.451,2238.541,1901.919,915.3896,2387.936,855.8785,815.9477,1518.136,901.1607,1630.938,775.0026,1598.146,733.4152,1507.879,1019.003,1578.249,995.9943
"2025-10-31 15:00:00",732,"NAN",11.93,1184.069,3482.592,2303.042,1915.614,882.3246,2594.105,812.2277,773.2211,1494.954,861.9387,1609.206,731.0121,1574.3,690.9766,1484.241,976.4451,1558.873,958.8474,1248.185,2944.895,2242.937,1921.582,926.2607,2442.047,859.7748,824.8694,1522.328,907.5417,1634.276,781.9676,1599.106,739.2086,1510.78,1029.627,1580.091,1003.768
"2025-10-31 15:15:00",733,"NAN",11.93,1186.327,3515.445,2305.082,1924.297,879.0922,2622.685,815.1337,781.2316,1497.414,867.2199,1612.258,736.6253,1575.641,695.5834,1485.057,983.5778,1560.527,965.2037,1250.432,2982.861,2241.335,1930.536,923.3688,2459.708,862.7717,832.9546,1525.055,913.4961,1636.728,787.5704,1600.848,744.0837,1511.629,1037.035,1581.429,1010.128
"2025-10-31 15:30:00",734,"NAN",11.92,1188.516,3544.037,2308.832,1931.076,876.5004,2633.072,817.0385,786.7679,1499.182,871.1409,1614.598,741.2155,1577.273,698.8248,1489.314,989.9882,1561.23,971.2666,1253.234,3001.293,2247.248,1936.39,921.0797,2344.624,864.2008,838.569,1526.266,917.3065,1639.669,791.7828,1602.014,747.4056,1515.832,1043.2,1582.958,1016.192
"2025-10-31 15:45:00",735,"NAN",11.92,1190.263,3569.986,2312.452,1937.938,874.1821,2638.36,818.0603,790.0685,1500.595,874.4218,1622.098,744.682,1578.838,701.7504,1492.734,996.5916,1563.833,976.6574,1255.439,3022.358,2249.435,1942.837,919.0163,2325.406,865.0658,841.9969,1528.944,920.238,1646.237,795.4938,1604.132,750.4268,1518.233,1049.92,1584.369,1022.027
"2025-10-31 16:00:00",736,"NAN",11.93,1192.758,3593.193,2317.499,1944.51,873.1208,2650.487,820.862,794.0338,1502.766,877.6291,1619.231,746.4546,1581.09,704.6176,1495.371,1001.51,1566.289,981.6209,1257.603,3053.526,2251.558,1948.469,918.2007,2411.532,868.3126,846.4336,1531.169,923.298,1643.77,797.5927,1606.034,753.814,1522.231,1055.324,1588.105,1027.291
"2025-10-31 16:15:00",737,"NAN",11.92,1193.901,3603.302,2321.251,1947.705,871.4913,2657.417,821.2344,797.0722,1502.996,879.1442,1620.311,748.1939,1581.961,704.5373,1497.247,1006.577,1566.649,984.8706,1258.414,3049.71,2257.62,1951.272,916.3467,2441.842,868.9141,849.0347,1530.529,925.3507,1644.892,798.8353,1607.156,753.3738,1523.889,1059.828,1587.177,1030.237
"2025-10-31 16:30:00",738,"NAN",11.94,1195.085,3616.467,2323.64,1952.277,870.2925,2658.85,821.7919,799.9266,1504.315,880.7304,1622.068,749.5128,1582.719,704.6934,1499.807,1006.833,1568.945,988.0627,1260.102,3089.417,2261.194,1954.483,915.3735,2473.393,869.7922,851.8207,1532.081,926.8276,1646.742,800.5854,1608.018,753.6525,1526.352,1060.198,1589.887,1033.029
"2025-10-31 16:45:00",739,"NAN",11.92,1196.449,3628.533,2327.094,1957.791,869.3633,2661.885,823.4766,803.0945,1505.717,883.1973,1622.999,750.8517,1584.08,705.5895,1501.816,1009.317,1570.602,990.1427,1261.629,3078.897,2260.455,1959.302,914.4546,2434.065,870.9713,855.0973,1533.347,929.3662,1648.219,802.3159,1609.622,754.3823,1528.047,1062.789,1592.153,1035.19
"2025-10-31 17:00:00",740,"NAN",11.91,1197.519,3633.966,2330.77,1960.403,871.5916,2668.34,824.6038,806.4102,1507.169,885.1742,1623.313,752.2598,1585.167,706.7248,1498.107,1011.777,1572.484,992.9022,1261.563,3094.367,2263.859,1961.67,916.644,2500.161,872.313,858.0342,1534.834,931.6901,1647.679,803.0427,1610.931,755.84,1523.933,1065.153,1593.988,1038.314
"2025-10-31 17:15:00",741,"NAN",11.92,1197.877,3641.241,2333.463,1962.055,867.6711,2672.737,825.121,809.3939,1507.966,887.0411,1623.586,753.163,1585.647,707.3326,1504.755,1013.748,1573.323,995.1633,1262.446,3088.307,2264.53,1963.191,912.7501,2488.581,872.7739,861.1129,1535.628,933.5298,1647.97,804.5211,1610.64,756.4625,1530.833,1067.438,1594.296,1040.374
"2025-10-31 17:30:00",742,"NAN",11.93,1198.714,3642.563,2335.539,1965.897,866.9576,2674.024,825.3198,811.0248,1509.12,888.9631,1624.978,754.1288,1586.677,707.9287,1507.749,1015.594,1575.858,997.4171,1263.488,3108.922,2271.338,1968.052,911.7026,2420.743,873.1801,862.8192,1535.86,935.4044,1649.286,804.9565,1612.261,757.1358,1533.229,1068.781,1597.15,1042.514
"2025-10-31 17:45:00",743,"NAN",11.91,1199.646,3649.025,2339.137,1970.68,866.2747,2674.862,826.082,812.8428,1510.135,889.6323,1626.771,755.4193,1588.044,708.6666,1509.836,1017.149,1577.233,999.7054,1264.313,3078.417,2274.742,1972.373,911.2182,2373.63,873.3406,864.3416,1537.009,936.2324,1651.89,806.3834,1612.438,757.7374,1535.757,1070.472,1597.613,1044.717
"2025-10-31 18:00:00",744,"NAN",11.94,1200.529,3655.102,2340.339,1975.727,865.6049,2673.771,826.6537,814.3864,1510.64,890.1098,1627.902,756.4002,1588.756,709.5898,1511.875,1018.64,1577.819,1001.93,1264.995,3086.545,2271.381,1976.515,910.3427,2350.566,873.9301,865.654,1537.45,936.2065,1651.543,806.8056,1613.644,758.4621,1537.419,1071.896,1598.78,1046.882
"2025-10-31 18:15:00",745,"NAN",11.93,1201.594,3649.296,2343.851,1980.096,850.1162,2622.278,826.626,816.1686,1512.349,892.4371,1629.177,757.5577,1589.589,710.2219,1515.062,1019.996,1585.401,1004.341,1265.85,3102.913,2278.977,1980.506,894.9387,2328.391,873.7822,867.372,1539.122,938.7924,1653.719,807.7164,1614.002,759.2253,1541.115,1073.162,1606.319,1049.092
"2025-10-31 18:30:00",746,"NAN",11.93,1202.508,3656.76,2346.121,1984.731,849.623,2625.29,827.0395,817.7512,1513.561,894.8474,1631.235,758.9691,1590.66,711.5876,1517.895,1021.705,1581.32,1006.444,1266.849,3090.29,2279.795,1985.134,894.501,2441.214,874.4335,868.8685,1541.197,940.7327,1654.972,809.7953,1615.485,760.0046,1542.837,1074.711,1601.645,1051.16
"2025-10-31 18:45:00",747,"NAN",11.93,1203.531,3660.992,2348.794,1991.343,849.4648,2630.681,827.9274,819.36,1515.223,896.1377,1632.412,760.7093,1592.061,711.402,1518.376,1023.522,1583.807,1009.225,1267.781,3110.022,2276.261,1990.715,894.4041,2322.359,874.7709,870.4689,1541.616,942.2537,1656.538,811.2601,1616.44,760.033,1543.517,1076.609,1604.445,1053.99
"2025-10-31 19:00:00",748,"NAN",11.91,1226.846,3201.445,2295.46,1980.426,875.6695,2492.018,856.3712,848.0452,1530.366,924.6656,1643.073,788.4565,1604.787,741.5223,1535.251,1050.307,1595.073,1037.124,1273.435,3108.868,2282.95,1996.263,894.1135,2336.771,875.7244,872.5092,1544.235,944.7633,1658.158,813.37,1618.507,762.6685,1546.924,1078.373,1605.902,1056.318
"2025-10-31 19:15:00",749,"NAN",11.92,1232.102,3187.029,2291.731,1984.092,880.7143,2503.175,862.1456,855.0191,1536.047,932.6895,1646.644,793.8215,1609.643,747.1888,1540.01,1055.115,1600.481,1043.337,1274.589,3090.389,2286.665,1999.018,895.0878,2329.961,877.5189,875.0719,1545.726,948.2806,1659.134,814.606,1620.448,764.2778,1548.894,1078.796,1608.338,1058.654
"2025-10-31 19:30:00",750,"NAN",11.94,1233.821,3170.526,2297.011,1991.162,881.867,2495.616,863.87,857.0167,1538.186,936.1537,1654.305,795.828,1611.712,749.0207,1543.261,1056.238,1602.664,1046.446,1276.415,3101.587,2285.891,2004.679,895.7936,2293.489,878.6166,877.0987,1548.294,951.6802,1666.405,815.8485,1622.373,766.0641,1552.217,1080.043,1609.995,1061.427
"2025-10-31 19:45:00",751,"NAN",11.92,1235.539,3169.957,2301.916,1995.786,882.5517,2499.042,865.0082,859.1576,1540.238,938.7782,1650.601,796.8513,1614.784,750.5519,1545.605,1058.389,1604.028,1049.675,1278.267,3101.973,2293.532,2010.907,896.5201,2495.809,880.4059,879.085,1550.094,954.5414,1663.339,817.1569,1625.535,767.5517,1554.404,1081.958,1611.893,1064.605
"2025-10-31 20:00:00",752,"NAN",11.91,1237.163,3174.276,2306.082,2000.407,883.7382,2379.791,865.6963,861.4252,1542.502,941.3989,1652.299,798.5007,1617.927,752.703,1549.248,1061.023,1605.853,1052.753,1279.469,3107.397,2295.793,2015.849,897.0428,2356.006,880.7375,881.1847,1551.236,956.567,1664.668,818.5676,1628.551,768.9188,1557.863,1083.972,1612.977,1067.25
"2025-10-31 20:15:00",753,"NAN",11.9,1239.745,3166.235,2309.1,2004.766,884.9595,2392.544,867.334,863.7896,1544.159,944.2274,1654.398,800.3527,1620.79,754.5838,1552.504,1062.025,1608.502,1055.722,1281.174,3103.9,2301.789,2019.577,897.8159,2488.134,882.5873,883.1382,1553.21,958.9863,1666.621,819.986,1631.269,770.6074,1560.22,1085.396,1615.501,1070.193
"2025-10-31 20:30:00",754,"NAN",11.92,1240.974,3177.42,2311.832,2008.033,885.209,2397.706,868.4808,866.0349,1546.11,946.6722,1656.697,802.0079,1623.32,755.819,1556,1064.055,1610.189,1058.406,1283.465,3124.558,2299.197,2023.306,898.2653,2280.656,883.0125,884.8774,1554.81,961.7461,1668.625,821.2532,1633.408,771.8945,1562.857,1086.425,1616.894,1072.683
"2025-10-31 20:45:00",755,"NAN",11.94,1243.503,3174.418,2313.439,2013.4,895.3474,2338.545,870.3552,868.4809,1548.435,948.8731,1659.19,803.1847,1626.476,758.0363,1558.869,1065.438,1612.988,1061.511,1285.925,3114.415,2303.473,2027.267,908.4693,2279.037,885.1511,887.4402,1557.498,963.548,1671.04,822.5018,1637.181,773.8951,1567.072,1087.863,1619.553,1075.861
"2025-10-31 21:00:00",756,"NAN",11.9,1245.521,3182.067,2316.238,2018.05,887.6211,2514.496,873.1407,870.9431,1549.951,951.3352,1661.582,805.1364,1630.087,759.5978,1561.001,1066.843,1614.704,1064.017,1287.79,3159.787,2304.82,2031.698,900.5593,2500.634,887.5491,889.8514,1558.64,966.4639,1673.376,823.6977,1640.301,775.6743,1568.436,1089.972,1621.232,1078.534
"2025-10-31 21:15:00",757,"NAN",11.92,1248.156,3187.655,2314.926,2021.376,888.9614,2458.933,874.9051,872.7948,1552.777,955.2921,1663.49,806.3019,1633.372,761.7534,1563.576,1068.882,1618.482,1066.991,1290.411,3122.564,2312.104,2036.163,902.1442,2272.229,888.5604,891.6111,1561.136,969.577,1675.081,825.0418,1643.652,777.3169,1570.67,1091.189,1624.851,1080.772
"2025-10-31 21:30:00",758,"NAN",11.93,1250.145,3185.934,2323.579,2025.966,889.95,2326.013,875.0083,874.527,1555.252,958.329,1665.441,807.4834,1636.59,763.3157,1561.411,1070.165,1620.052,1069.388,1292.62,3137.99,2313.73,2040.751,902.3366,2338.404,889.6716,893.11,1563.736,972.3819,1677.783,826.2615,1646.794,778.6219,1568.755,1092.749,1626.246,1083.181
"2025-10-31 21:45:00",759,"NAN",11.92,1252.725,3223.661,2330.029,2029.096,890.9357,2535.847,877.6346,876.5811,1557.604,960.8892,1667.77,808.6954,1639.932,764.5201,1567.9,1072.031,1621.133,1072.004,1294.801,3155.744,2323.515,2044.359,902.9586,2291.433,890.7269,895.0719,1565.688,974.9102,1679.193,827.3259,1650.059,779.9807,1575.113,1094.35,1627.592,1085.517
"2025-10-31 22:00:00",760,"NAN",11.93,1239.27,3369.708,2356.166,2035.472,874.0264,2470.004,861.2573,860.4487,1547.856,945.9958,1660.623,792.0244,1632.73,746.8762,1561.553,1055.918,1620.627,1057.083,1294.228,3134.125,2318.673,2047.855,904.6205,2337.319,892.7434,896.7035,1567.421,978.0938,1682.007,829.2476,1652.929,780.4973,1580.083,1095.307,1636.55,1087.888
"2025-10-31 22:15:00",761,"NAN",11.93,1241.217,3373.074,2359.22,2040.987,874.843,2508.766,862.8131,862.0914,1549.903,948.7052,1662.529,793.2617,1635.214,747.6634,1565.219,1056.681,1616.685,1058.548,1296.657,3169.422,2327.894,2052.22,905.0699,2270.605,893.5414,898.7574,1570.272,980.7136,1683.184,829.7001,1655.201,781.7374,1583.017,1096.064,1633.071,1089.455
"2025-10-31 22:30:00",762,"NAN",11.93,1242.958,3377.088,2361.623,2044.61,876.1809,2605.128,864.0821,863.8268,1552.27,951.1724,1665.371,794.5668,1638.372,748.7169,1568.404,1057.76,1619.005,1060.457,1298.83,3129.605,2328.533,2055.09,906.6621,2428.591,895.6703,900.6012,1572.409,983.5013,1686.808,831.2447,1658.215,782.9943,1587.099,1097.37,1634.791,1091.604
"2025-10-31 22:45:00",763,"NAN",11.93,1245.227,3392.306,2365.181,2046.818,877.1146,2499.112,864.2545,865.1464,1554.672,953.6036,1667.51,795.6664,1641.924,750.3973,1571.84,1059.134,1622.191,1062.637,1301.178,3144.188,2338.045,2055.778,907.5267,2331.122,895.4211,902.2185,1575.096,985.4772,1688.558,832.2906,1661.434,784.0814,1590.464,1098.497,1638.788,1093.315
"2025-10-31 23:00:00",764,"NAN",11.94,1247.151,3396.457,2368.874,2049.675,878.0631,2610.977,865.9903,866.6215,1557.043,956.058,1670.108,796.9492,1645.082,751.0105,1574.399,1059.665,1625.887,1064.06,1302.615,3151.56,2341.331,2058.409,908.1863,2535.013,897.829,903.1502,1577.116,988.2001,1690.762,833.1392,1664.298,784.9915,1592.663,1099.305,1641.529,1094.705
"2025-10-31 23:15:00",765,"NAN",11.93,1237.649,3703.71,2424.391,2069.123,864.2949,2727.396,852.2274,853.3943,1554.085,944.8841,1675.42,783.7433,1644.321,737.3581,1573.923,1046.89,1625.628,1052.512,1302.024,3169.696,2333.621,2060.628,909.1293,2323.988,898.5828,904.2731,1579.648,990.237,1697.365,834.4086,1666.936,786.0491,1595.812,1099.738,1644.835,1096.499
"2025-11-01 07:45:00",766,"NAN",11.92,1238.259,3724.039,2430.539,2073.05,863.8695,2735.205,852.1917,853.5403,1555.818,945.945,1670.715,783.2294,1646.529,736.9387,1576.151,1046.797,1626.674,1053.085,1304.23,3157.386,2337.569,2063.179,910.1152,2293.597,899.8904,906.1539,1581.917,993.0789,1694.309,835.3059,1668.718,786.7005,1599.306,1100.948,1645.602,1098.616
"2025-11-01 08:00:00",767,"NAN",11.93,1281.168,3749.824,2521.531,2044.584,907.1962,2896.025,902.8564,867.6381,1631.724,1012.823,1732.847,783.2607,1705.973,748.4453,1663.151,1046.121,1698.71,1062.712,1360.904,3161.11,2407.069,2043.831,955.4811,2319.22,952.6688,923.5607,1657.21,1062.456,1754.285,838.9494,1724.668,802.0082,1684.143,1103.777,1713.715,1111.362
"2025-11-01 08:15:00",768,"NAN",11.93,1296.258,3767.185,2528.669,2052.735,912.4013,2906.302,904.9321,873.0435,1637.324,1017.301,1739.302,789.6029,1712.191,751.7308,1664.331,1047.162,1702.674,1064.788,1366.523,3172.645,2394.721,2051.489,961.3148,2298.903,954.9865,928.905,1662.194,1067.025,1760.25,845.3113,1732.809,805.2751,1683.815,1105.031,1719.604,1113.955
"2025-11-01 08:30:00",769,"NAN",11.93,1300.496,3775.701,2532.464,2054.763,916.5159,2914.546,906.6091,876.1821,1641.02,1020.856,1743.134,793.5656,1716.129,753.5522,1666.78,1047.551,1706.358,1066.038,1370.973,3180.141,2411.057,2052.594,966.2937,2327.764,957.5037,932.2881,1666.363,1071.012,1763.656,849.6168,1736.236,807.6552,1688.141,1105.987,1723.426,1115.458
"2025-11-01 08:45:00",770,"NAN",11.93,1304.508,3782.876,2536.757,2055.481,919.6188,2923.495,908.877,878.4776,1645.496,1024.261,1747.304,796.2933,1720.072,755.543,1670.091,1048.333,1709.093,1066.771,1375.65,3195.438,2427.543,2054.126,969.3242,2312.042,959.7887,934.7097,1670.857,1074.12,1767.516,852.991,1741.231,809.9569,1690.134,1106.619,1725.247,1116.658
"2025-11-01 09:00:00",771,"NAN",11.92,1307.934,3788.259,2539.891,2053.472,923.1772,2927.93,911.4339,880.736,1649.628,1027.028,1750.734,798.8092,1723.58,756.8868,1672.338,1048.602,1711.201,1066.729,1378.929,3187.279,2418.583,2051.347,973.373,2301.523,962.7729,937.6458,1674.819,1077.413,1771.816,855.2263,1745.144,811.7585,1693.693,1107.175,1727.561,1116.798
"2025-11-01 09:15:00",772,"NAN",11.91,1310.789,3794.003,2542.403,2048.098,925.7911,2929.229,912.6642,880.0044,1654.017,1029.533,1752.06,799.965,1726.312,757.6553,1673.729,1047.806,1712.797,1065.163,1381.634,3190.267,2420.691,2045.89,976.4714,2309.484,964.0698,937.0129,1678.409,1080.193,1773.707,857.0521,1745.964,812.3654,1695.629,1106.892,1728.901,1115.447
"2025-11-01 09:30:00",773,"NAN",11.87,1314.236,3803.478,2545.896,2042.039,928.5032,2928.338,914.6782,879.4673,1657.235,1031.479,1755.559,800.7604,1729.763,758.4463,1675.453,1046.692,1715.484,1063.814,1385.471,3219.217,2428.334,2042.18,979.4893,2299.05,966.1491,936.7357,1683.129,1082.479,1776.199,858.446,1750.432,813.2772,1696.548,1106.375,1732.261,1114.255
"2025-11-01 09:45:00",774,"NAN",11.93,1313.833,3795.616,2546.347,2030.841,929.5021,2924.87,915.4184,877.0211,1658.466,1030.653,1754.145,798.4791,1730.386,756.0124,1675.438,1042.118,1715.104,1059.641,1385.404,3197.946,2401.896,2031.801,980.2109,2297.894,967.1691,934.3481,1684.161,1081.926,1775.641,855.9444,1751.146,811.292,1697.542,1101.845,1733.159,1110.561
"2025-11-01 10:00:00",775,"NAN",11.91,1317.697,3792.828,2548.369,2026.607,932.6765,2918.521,916.2971,876.0543,1663.102,1032.789,1757.56,798.3512,1733.671,754.9964,1678.194,1039.037,1716.722,1058.568,1389.993,3207.656,2427.538,2028.42,984.0946,2360.944,968.8336,933.7388,1688.286,1083.69,1778.727,855.9922,1754.942,810.7151,1698.914,1098.965,1734.916,1109.75
"2025-11-01 10:15:00",776,"NAN",11.93,1318.006,3810.025,2549.801,2017.117,934.2058,2916.876,917.0122,873.663,1665.181,1032.97,1756.813,796.0538,1733.23,753.8866,1676.954,1034.96,1715.116,1053.248,1390.526,3204.032,2433.198,2020.704,985.8956,2377.349,970.0491,931.3698,1690.435,1084.188,1777.31,853.694,1754.685,809.5425,1698.351,1094.833,1732.886,1104.527
"2025-11-01 10:30:00",777,"NAN",11.93,1329.73,3810.19,2555.618,2017.986,946.7715,2924.528,921.47,874.2256,1679.429,1046.774,1768.715,798.0801,1746.115,762.7266,1682.87,1044.979,1724.531,1062.828,1402.803,3208.123,2442.978,2021.605,998.6087,2335.606,974.7207,932.5082,1703.816,1098.521,1789.257,856.8585,1766.005,818.8671,1705.011,1105.209,1741.4,1114.333
"2025-11-01 10:45:00",778,"NAN",11.91,1346.141,3841.112,2578.437,2026.135,996.1329,2983.218,925.4117,875.5573,1721.967,1094.998,1787.855,794.4366,1781.204,794.4103,1695.41,1075.112,1750.833,1094.149,1418.095,3226.775,2453.376,2026.966,1046.914,2349.234,978.7669,934.1098,1743.612,1145.721,1806.935,853.4803,1798.836,849.7391,1716,1134.369,1765.969,1144.956
"2025-11-01 11:00:00",779,"NAN",11.93,1373.415,3302.495,2481.077,1989.713,1049.354,2447.546,957.3212,902.2797,1739.603,1130.739,1790.084,821.2977,1790.474,828.8287,1701.739,1094.2,1761.901,1121.722,1421.978,3225.087,2460.075,2005.52,1065.343,2351.307,976.1677,924.671,1749.879,1148.262,1801.678,844.213,1801.357,848.1185,1710.577,1119.618,1768.471,1138.581
"2025-11-01 11:15:00",780,"NAN",11.93,1380.344,3289.979,2483.134,1979.487,1070.094,2442.057,959.879,896.9006,1755.614,1142.702,1789.484,817.5171,1800.965,829.6118,1703.575,1093.496,1768.192,1123.605,1429.04,3203.382,2446.309,1995.358,1085.776,2409.915,978.3954,919.2044,1764.233,1159.629,1801.785,840.7567,1811.368,847.9427,1712.366,1118.457,1775.87,1140.254
"2025-11-01 11:30:00",781,"NAN",11.93,1373.144,3290.579,2484.237,1953.285,1066.034,2420.424,956.8272,887.4105,1745.084,1126.463,1781.827,811.046,1791.077,816.8928,1694.688,1065.423,1760.042,1106.387,1421.584,3231.904,2461.763,1968.872,1081.591,2368.868,974.6326,909.5877,1754.851,1142.597,1793.872,834.1626,1801.34,835.6785,1703.05,1090.399,1768.054,1123.271
"2025-11-01 11:45:00",782,"NAN",11.94,1369.319,3258.439,2474.348,1937.295,1062.993,2459.151,954.8201,880.7993,1737.806,1110.745,1776.808,807.2528,1784.828,805.2053,1690.262,1052.167,1753.109,1094.819,1417.832,3181.104,2428.997,1953.753,1078.533,2318.088,972.5125,902.987,1748.194,1127.218,1788.976,830.4733,1796.092,823.7928,1699.436,1077.443,1760.516,1111.648
"2025-11-01 12:00:00",783,"NAN",11.89,1364.837,3262.166,2449.333,1924.5,1056.401,2458.177,952.1653,875.3271,1730.083,1097.704,1770.859,804.5471,1776.901,794.6356,1685.692,1039.948,1743.876,1083.412,1412.697,3182.204,2430.874,1940.372,1071.484,2363.832,969.5765,897.0732,1740.343,1114.099,1783.347,827.4242,1787.686,813.2102,1693.697,1065.07,1750.838,1099.418
"2025-11-01 12:15:00",784,"NAN",11.93,1364.578,3249.482,2474.224,1920.779,1062.906,2444.555,951.9777,873.353,1733.69,1101.348,1770.601,803.3902,1777.777,796.1546,1684.439,1041.748,1743.435,1082.82,1412.378,3173.476,2459.157,1937.86,1078.141,2313.847,969.1809,895.303,1744.421,1117.587,1781.538,826.3763,1788.045,813.9964,1692.803,1066.771,1751.038,1099.114
"2025-11-01 12:30:00",785,"NAN",11.91,1364.31,3225.729,2455.972,1909.657,1062.179,2427.065,952.425,870.6678,1733.034,1098.702,1768.33,802.3653,1774.469,793.2552,1681.231,1038.767,1741.145,1079.872,1412.619,3177.48,2441.372,1927.85,1077.355,2316.307,969.712,891.9293,1743.115,1115.704,1780.125,824.7632,1785.68,811.6126,1689.559,1063.063,1748.143,1095.968
"2025-11-01 12:45:00",786,"NAN",11.93,1383.408,3233.164,2487.589,1933.647,1122.34,2408.143,958.2394,876.8854,1787.995,1159.219,1785.272,801.0045,1810.134,832.1381,1698.98,1078.17,1769.023,1113.679,1431.563,3158.342,2474.445,1949.979,1137.299,2370.509,976.1785,898.85,1796.873,1174.485,1798.647,824.2808,1820.046,849.8364,1707.61,1101.535,1774.532,1129.781
"2025-11-01 13:00:00",787,"NAN",11.93,1411.821,3222.066,2386.84,1951.274,1209.964,2399.031,963.6296,882.6838,1848.959,1246.174,1810.966,793.6052,1851.55,879.9279,1734.814,1135.121,1809.796,1154.331,1459.011,3183.342,2447.012,1965.329,1223.195,2371.666,980.611,903.7313,1856.532,1259.54,1821.007,815.3955,1860.474,895.6807,1741.315,1155.507,1815.01,1168.322
"2025-11-01 13:15:00",788,"NAN",11.91,1376.687,3372.675,2547.131,1892.624,1174.256,2609.233,934.6575,848.1899,1819.455,1183.572,1783.379,766.1165,1822.162,829.8965,1704.093,1062.008,1785.048,1099.088,1436.594,3140.824,2466.748,1913.216,1205.22,2325.137,969.4736,888.3629,1834.617,1215.355,1802.681,807.1292,1838.365,865.838,1720.938,1102.767,1798.178,1132.218
"2025-11-01 13:30:00",789,"NAN",11.94,1365.031,3364.284,2524.202,1866.851,1151.786,2564.7,926.288,837.8786,1792.852,1146.287,1767.316,764.2559,1801.588,806.0293,1679.142,1036.15,1764.093,1078.642,1424.519,3128.928,2464.28,1888.789,1183.081,2319.159,960.7431,878.3218,1808.637,1178.581,1787.302,805.9295,1818.851,842.3046,1697.199,1078.456,1778.256,1112.059
"2025-11-01 13:45:00",790,"NAN",11.93,1340.953,3370.514,2500.002,1835.926,1100.145,2606.038,911.7086,824.3427,1752.36,1097.379,1741.104,759.4264,1770.659,774.7814,1657.423,1002.855,1733.972,1051.718,1400.914,3123.568,2442.785,1859.29,1131.897,2430.366,947.707,864.7885,1769.942,1130.72,1763.032,800.6304,1788.752,811.6687,1675.675,1045.25,1749.313,1085.08
"2025-11-01 14:00:00",791,"NAN",11.93,1325.322,3296.109,2487.422,1813.741,1039.14,2470.397,867.6511,820.0792,1656.27,1010.488,1673.412,709.5202,1725.427,745.6632,1642.753,975.8233,1712.94,1031.48,1376.641,3044.532,2427.696,1832.053,1062.985,2353.456,897.1759,853.528,1671.734,1039.045,1691.25,743.9457,1741.345,775.8903,1653.928,1011.723,1722.737,1059.189
"2025-11-01 14:15:00",792,"NAN",11.94,1284.367,3434.152,2528.98,1785.033,977.4236,2585.295,828.1429,749.4536,1611.293,926.4443,1652.642,668.1199,1687.956,676.0826,1610.543,919.614,1681.939,983.7283,1350.8,2917.979,2414.757,1807.595,1023.301,2428.004,880.0127,804.8314,1638.722,975.9536,1678.862,724.2618,1712.497,728.4961,1632.009,976.5909,1699.817,1031.482
"2025-11-01 14:30:00",793,"NAN",11.92,1275.272,3401.543,2508.959,1782.488,959.6293,2520.365,829.1003,753.0193,1601.962,917.3698,1656.534,672.6091,1672.225,667.1429,1604.201,920.1558,1666.833,989.4003,1341.814,2881.046,2397.683,1805.171,1006.619,2388.712,881.1456,808.5154,1629.525,967.3761,1683.145,729.3794,1697.215,720.1536,1626.781,977.7323,1685.932,1037.278
"2025-11-01 14:45:00",794,"NAN",11.93,1268.793,3376.39,2496.708,1811.357,958.2798,2551.85,834.0641,764.1801,1594.618,922.5114,1663.833,685.8707,1662.74,670.4008,1601.87,931.8619,1659.311,997.9637,1337.796,2850.239,2386.101,1833.211,1007.139,2439.696,887.449,821.5012,1624.391,974.1807,1691.796,744.1787,1690.466,725.1611,1625.267,991.0104,1680.338,1047.738
"2025-11-01 15:00:00",795,"NAN",11.93,1265.893,3389.946,2489.074,1853.891,946.2129,2560.469,837.874,778.4347,1591.095,931.28,1668.482,700.1101,1656.847,678.8334,1603.046,947.6694,1655.667,1001.018,1335.855,2863.528,2386.982,1872.772,995.6202,2444.444,891.3289,836.0073,1620.832,982.9142,1695.24,758.4106,1684.55,734.0677,1627.956,1006.882,1677.862,1051.227
"2025-11-01 15:15:00",796,"NAN",11.93,1266.601,3419.821,2485.735,1884.54,936.4955,2593.413,841.9854,791.3034,1591.124,941.4636,1673.043,713.1148,1656.536,689.5123,1606.594,964.8439,1656.386,996.6614,1335.389,2901.433,2384.272,1900.513,985.3679,2414.379,894.6635,848.0392,1619.826,992.3821,1699.868,771.1088,1684.003,744.0049,1630.53,1023.272,1677.548,1046.511
"2025-11-01 15:30:00",797,"NAN",11.9,1268.078,3429.603,2483.179,1893.735,928.1476,2638.721,846.4449,802.0836,1592.56,950.2842,1676.622,723.8398,1658.297,697.963,1610.123,979.777,1656.259,987.3403,1336.173,2914.353,2388.975,1908.353,976.963,2295.348,898.0518,858.1609,1620.922,1001.019,1702.142,781.1208,1683.79,751.5902,1633.706,1037.938,1677.314,1036.633
"2025-11-01 15:45:00",798,"NAN",11.89,1270.079,3471.131,2484.544,1891.935,920.4125,2681.085,850.2281,810.344,1593.902,957.921,1680.157,733.4486,1660.674,705.3623,1614.687,991.0879,1657.675,974.6099,1338.618,2948.264,2385.094,1906.507,969.1295,2509.64,902.0504,866.2695,1622.305,1008.551,1705.979,790.0405,1686.612,758.799,1638.156,1048.696,1678.568,1024.077
"2025-11-01 16:00:00",799,"NAN",11.93,1270.733,3477.779,2483.348,1880.878,912.858,2718.165,853.119,816.1409,1595.836,964.3052,1683.536,740.5957,1662.896,711.4781,1618.54,998.7484,1656.071,960.2089,1339.329,2948.79,2379.708,1897.303,961.6179,2279.181,904.136,871.7983,1623.597,1014.605,1708.314,797.0527,1688.838,765.1027,1641.834,1056.24,1676.526,1009.601
"2025-11-01 16:15:00",800,"NAN",11.9,1271.19,3466.016,2481.838,1870.307,905.8912,2749.313,854.7302,819.396,1597.709,968.499,1685.546,745.0687,1666.063,714.7729,1621.626,1003.171,1657.094,946.2659,1338.978,2946.684,2387.016,1887.442,954.7789,2523.065,906.3372,875.2827,1625.363,1018.321,1710.016,801.5648,1690.758,768.0512,1644.039,1060.747,1678.268,996.051
"2025-11-01 16:30:00",801,"NAN",11.93,1272.505,3463.726,2482.573,1864.923,900.0145,2770.266,856.2626,823.0559,1599.57,972.2348,1688.534,748.2493,1668.762,717.6154,1624.296,1007.139,1658.897,935.5762,1341.001,2946.109,2383.689,1881.129,949.0818,2547.821,907.9761,878.8957,1627.288,1021.839,1713.403,805.1476,1694.141,770.9319,1646.948,1064.74,1678.38,985.7859
"2025-11-01 16:45:00",802,"NAN",11.93,1273.592,3477.812,2484.111,1861.891,895.5995,2783.928,858.3265,825.247,1602.213,975.9876,1691.483,752.1398,1672.094,720.8111,1628.047,1011.698,1659.834,926.9728,1342.315,2955.053,2388.952,1879.819,944.5477,2307.185,909.2229,881.2769,1629.205,1025.76,1716.542,809.1534,1697.555,774.1813,1650.435,1069.403,1680.327,977.1839
"2025-11-01 17:00:00",803,"NAN",11.92,1274.905,3487.731,2485.946,1860.267,891.9167,2798.19,860.1557,827.6847,1603.901,979.2534,1695.89,754.636,1674.862,724.5191,1631.088,1016.107,1662.281,919.4357,1343.472,2967.833,2390.243,1877.756,940.9901,2321.323,911.0608,883.3481,1631.087,1029.171,1719.779,811.2932,1700.273,777.788,1654.062,1073.708,1682.627,969.8997
"2025-11-01 17:15:00",804,"NAN",11.93,1301.428,3055.449,2403.886,1856.762,920.1268,2441.051,893.4826,861.401,1620.353,1012.364,1707.604,787.0919,1688.323,758.1069,1645.189,1050.684,1674.243,943.9263,1349.906,2994.116,2380.545,1876.443,938.2023,2372.75,913.027,885.804,1632.963,1032.161,1723.79,812.6454,1702.8,779.8663,1655.884,1078.877,1683.493,963.5519
"2025-11-01 17:30:00",805,"NAN",11.94,1305.756,3039.64,2406.014,1857.436,921.3091,2365.862,898.3678,866.7945,1624.621,1019.125,1712.733,792.0332,1692.57,762.7861,1650.849,1055.77,1677.559,941.2078,1350.894,2966.581,2390.724,1875.368,935.7402,2299.041,914.3104,887.8578,1633.899,1034.697,1724.739,813.9446,1704.653,780.7849,1658.439,1079.857,1684.97,957.0038
"2025-11-01 17:45:00",806,"NAN",11.94,1306.674,3066.11,2395.804,1855.368,919.7101,2371.934,899.964,868.6738,1625.656,1021.466,1713.952,793.2684,1694.944,763.2349,1651.313,1056.693,1678.217,935.826,1351.007,2975.614,2397.515,1873.282,933.4907,2293.873,915.8334,888.5498,1635.464,1036.955,1726.625,814.839,1707.025,780.4424,1658.947,1080.455,1685.064,951.2772
"2025-11-01 18:00:00",807,"NAN",11.93,1307.26,3021.578,2408.249,1852.976,917.5217,2409.013,901.2721,870.0853,1627.565,1023.185,1714.922,793.5692,1696.296,762.5448,1653.077,1056.946,1678.838,931.6251,1351.357,2971.732,2386.142,1871.028,931.3181,2357.703,916.8893,889.872,1636.842,1038.791,1727.478,814.7642,1707.42,779.4678,1661.116,1080.4,1685.739,946.4161
"2025-11-01 18:15:00",808,"NAN",11.91,1307.378,3028.785,2393.407,1852.347,916.4312,2365.171,900.2191,871.2278,1628.863,1025.225,1715.923,794.1896,1697.504,763.0668,1655.417,1057.717,1679.377,928.0208,1351.346,2983.164,2395.619,1869.434,929.6677,2341.851,915.4684,890.8494,1637.463,1040.148,1727.573,815.2098,1709.391,779.8171,1662.375,1080.986,1686.871,942.5889
"2025-11-01 18:30:00",809,"NAN",11.93,1308.185,3024.232,2396.41,1851.775,915.9974,2419.502,898.7737,872.0809,1630.141,1027.331,1718.089,794.3643,1698.893,764.0648,1657.019,1058.898,1680.792,925.5005,1352.055,2953.938,2384.118,1870.113,928.777,2327.887,913.7549,891.0753,1639.087,1042.448,1729.633,815.2185,1710.619,780.294,1664.57,1081.614,1685.923,939.9223
"2025-11-01 18:45:00",810,"NAN",11.93,1308.591,2998.088,2397.603,1854.108,915.23,2441.999,900.5001,872.7726,1631.518,1026.845,1720.377,796.6491,1700.103,764.8146,1659.516,1060.392,1683.601,924.0122,1352.656,2949.636,2384.157,1871.097,928.364,2302.267,915.4011,892.0264,1639.828,1041.606,1732.573,816.8696,1711.081,781.0153,1665.86,1082.913,1689.635,938.0295
"2025-11-01 19:00:00",811,"NAN",11.92,1309.252,3011.334,2408.424,1859.762,914.5953,2389.483,901.4374,874.296,1633.212,1030.735,1723.237,797.9016,1702.614,766.8741,1659.72,1063.053,1685.59,923.324,1352.82,2941.307,2381.187,1876.373,927.5418,2378.035,916.5965,893.6076,1641.498,1044.841,1734.544,818.1233,1713.173,783.0264,1666.668,1085.201,1691.808,937.3155
"2025-11-01 19:15:00",812,"NAN",11.92,1311.424,2974.273,2404.115,1863.229,913.9769,2387.612,902.4307,876.5865,1634.164,1034.275,1725.826,799.466,1705.263,768.4739,1663.046,1065.336,1688.78,922.9912,1354.614,2931.443,2403.755,1881.264,926.9261,2359.771,917.1036,895.7258,1643.583,1048.475,1737.074,819.5911,1715.689,784.5859,1669.78,1087.689,1694.49,937.1907
"2025-11-01 19:30:00",813,"NAN",11.92,1313.148,3005.454,2413.334,1869.697,914.561,2440.831,902.7407,878.7863,1637.083,1036.069,1728.72,800.1837,1707.33,770.4694,1665.129,1066.541,1691.067,922.5113,1356.732,2936.015,2399.486,1887.523,927.4793,2372.569,917.3864,897.5064,1645.35,1050.877,1740.958,820.6317,1717.375,786.4238,1672.556,1089.091,1696.645,936.5831
"2025-11-01 19:45:00",814,"NAN",11.93,1315.352,2989.516,2406.69,1875.028,915.9729,2445.59,904.6051,881.3866,1639.062,1040.246,1732.548,802.5327,1709.9,773.3357,1668.588,1069.33,1693.573,923.4939,1358.414,2949.256,2386.77,1891.829,927.5789,2314.307,918.2092,899.4888,1647.271,1053.897,1743.217,821.7792,1721.534,788.1799,1674.376,1090.534,1698.91,936.7228
"2025-11-01 20:00:00",815,"NAN",11.94,1300.509,3149.301,2437.023,1871.877,897.634,2560.822,889.3428,864.5494,1630.354,1025.679,1725.786,785.6205,1703.912,756.1988,1660.885,1053.466,1686.719,905.6977,1356.886,2938.178,2410.182,1892.882,927.8596,2323.187,919.83,901.3914,1649.693,1057.114,1746.131,823.2115,1723.224,790.0401,1677.306,1092.43,1701.85,937.3663
"2025-11-01 20:15:00",816,"NAN",11.93,1302.479,3154.615,2448.509,1875.325,898.142,2559.622,892.144,866.7251,1632.531,1028.534,1728.399,787.3509,1706.333,757.8742,1665.065,1055.63,1689.401,906.0319,1358.601,2947.788,2400.008,1897.073,928.5585,2309.275,923.2347,903.2599,1651.683,1060.685,1748.293,824.8417,1725.636,792.0562,1680.981,1094.584,1704.157,937.7927
"2025-11-01 20:30:00",817,"NAN",11.93,1304.457,3152.424,2444.436,1878.957,898.1749,2602.405,893.6769,867.4773,1634.3,1030.855,1729.711,788.8629,1709.889,759.1619,1667.068,1057.216,1692.177,906.3434,1360.89,2958.234,2391.224,1900.165,929.1282,2364.319,924.6244,904.4301,1654.14,1063.014,1750.402,827.6938,1729.127,793.65,1683.657,1096.713,1706.989,938.4589
"2025-11-01 20:45:00",818,"NAN",11.91,1307.191,3153.141,2449.496,1883.733,899.444,2595.168,895.4644,868.8369,1636.305,1034.252,1732.52,790.9893,1713.556,761.1046,1670.093,1058.924,1695.52,907.4317,1362.99,2945.314,2394.483,1902.188,929.7852,2315.948,926.1688,905.5547,1655.816,1065.812,1751.953,829.2991,1732.042,795.2623,1686.469,1098.001,1709.181,938.918
"2025-11-01 21:00:00",819,"NAN",11.93,1309.337,3163.36,2452.153,1888.504,900.9381,2589.551,895.0024,870.3967,1639.819,1037.826,1736.563,790.6308,1717.707,762.7325,1673.823,1061.057,1699.656,909.008,1364.609,2942.835,2411.27,1907.548,931.1935,2353.877,925.3705,907.082,1658.052,1069.281,1754.363,828.5759,1735.57,796.4532,1688.853,1099.93,1713.012,940.1968
"2025-11-01 21:15:00",820,"NAN",11.93,1298.177,3448.065,2525.628,1896.612,868.4384,2875.698,879.4028,854.4799,1636.458,1024.692,1737.377,773.8367,1717.643,746.0248,1673.937,1044.895,1699.385,892.1988,1365.56,2936.851,2404.631,1910.121,916.1317,2342.121,928.1135,908.1138,1660.923,1072.826,1757.809,828.2646,1738.27,797.6337,1692.702,1099.858,1715.419,940.6296
"2025-11-01 21:30:00",821,"NAN",11.93,1299.05,3455.434,2531.886,1899.186,867.9091,2832.149,880.6525,854.278,1638.272,1027.985,1739.485,773.7181,1720.276,745.939,1676.352,1044.364,1701.659,891.3878,1367.21,2936.101,2408.616,1912.235,916.9484,2369.527,930.4471,909.1398,1662.853,1076.457,1760.141,829.7532,1741.565,798.5726,1695.45,1100.472,1717.291,941.2696
"2025-11-01 21:45:00",822,"NAN",11.93,1300.56,3452.626,2535.04,1900.238,868.549,2838.932,881.7678,854.7703,1640.154,1031.274,1742.134,775.1995,1723.323,746.6636,1679.518,1044.551,1704.254,891.7618,1368.718,2946.833,2400.005,1913.263,917.8541,2310.12,931.5999,909.7916,1664.96,1079.929,1762.421,831.1591,1744.526,799.2847,1698.718,1101.069,1720.664,941.6641
"2025-11-01 22:00:00",823,"NAN",11.91,1301.941,3446.214,2537.202,1900.398,868.4502,2907.078,866.6729,854.9786,1642.122,1033.911,1745.108,776.616,1726.062,747.1173,1681.467,1044.871,1705.792,892.0635,1369.894,2941.128,2412.631,1913.818,917.5674,2370.949,917.8534,909.8403,1666.861,1083.125,1765.382,832.6739,1747.006,799.8128,1701.193,1101.432,1721.969,942.3436
"2025-11-01 22:15:00",824,"NAN",11.9,1303.904,3441.814,2540.724,1902.901,868.8179,2912.063,886.8804,855.7274,1644.639,1037.603,1747.37,776.183,1729.39,747.6535,1686.27,1045.2,1708.781,893.0223,1372.307,2925.489,2404.605,1916.507,918.2968,2303.331,937.334,911.2299,1669.071,1086.885,1768.013,832.4487,1749.723,800.4967,1705.192,1102.033,1725.299,943.3205
"2025-11-01 22:30:00",825,"NAN",11.93,1305.574,3442.813,2544.134,1904.756,869.527,2916.534,876.0959,856.3817,1647.166,1040.72,1750.812,777.6406,1732.864,748.4823,1688.849,1045.495,1711.866,893.7964,1374.005,2921.068,2414.454,1918.587,919.0038,2340.446,927.2733,911.6295,1671.758,1090.27,1771.992,834.04,1753.744,801.8019,1707.753,1102.724,1727.142,944.3281
"2025-11-01 22:45:00",826,"NAN",11.93,1307.716,3434.759,2547.684,1907.443,870.5933,2922.327,872.9329,857.2268,1649.863,1044.294,1754.766,779.3773,1736.347,749.9438,1690.125,1046.085,1714.16,895.2272,1375.838,2916.474,2422.467,1920.05,920.053,2335.455,924.4386,912.4685,1674.424,1093.681,1775.751,835.5227,1756.03,803.3965,1709.64,1102.999,1729.874,945.6102
"2025-11-02 07:45:00",827,"NAN",11.93,1310.184,3448.129,2552.723,1910.95,872.115,2929.198,876.2877,858.4391,1652.908,1047.761,1757.274,781.2925,1739.776,751.1546,1693.383,1046.723,1718.675,896.4201,1378.57,2927.278,2427.53,1924.335,921.9269,2303.34,927.7043,913.7444,1676.951,1097.274,1777.56,837.5511,1758.234,804.5415,1713.195,1103.696,1734.771,947.0079
"2025-11-02 08:00:00",828,"NAN",11.9,1343.885,3384.026,2602.141,1813.558,902.0032,3068.309,881.3422,829.9636,1706.731,1093.549,1800.718,771.1641,1803.192,743.9217,1770.518,983.207,1786.834,891.9454,1422.891,2865.273,2388.302,1838.29,951.6969,2372.52,933.6882,886.6729,1727.008,1142.553,1816.943,828.9766,1815.3,797.955,1783.215,1041.427,1797.203,942.9971
"2025-11-02 08:15:00",829,"NAN",11.91,1359.893,3327.548,2605.355,1824.988,908.8058,3085.377,901.8386,834.993,1713.442,1095.726,1805.972,778.0503,1810.155,748.11,1773.37,983.5983,1791.651,895.1066,1429.63,2820.712,2375.958,1847.158,958.6246,2406.133,953.7693,891.6886,1733.581,1145.013,1822.058,835.357,1823.531,802.3447,1786.009,1041.707,1800.914,946.1838
"2025-11-02 08:30:00",830,"NAN",11.94,1363.931,3326.352,2607.39,1823.709,913.092,3100.713,883.4109,836.6946,1717.611,1098.779,1809.534,782.0919,1814.768,751.2876,1775.342,983.242,1794.251,896.5397,1434.16,2820.293,2466.034,1846.031,962.9304,2493.649,935.7621,893.1146,1737.233,1148.373,1826.433,839.4718,1827.043,805.2935,1788.256,1041.618,1803.686,947.5365
"2025-11-02 08:45:00",831,"NAN",11.93,1365.002,3331.101,2609.621,1820.374,915.4497,3098.903,871.8661,836.6152,1718.821,1098.759,1809.654,783.1818,1816.214,751.7955,1775.415,980.077,1794.761,895.4829,1435.651,2813.062,2347.944,1841.795,965.082,2420.164,924.1802,893.1075,1738.929,1148.324,1825.61,840.0179,1830.28,805.9796,1787.453,1037.908,1804.852,946.867
"2025-11-02 09:00:00",832,"NAN",11.92,1365.879,3328.202,2608.491,1815.882,917.032,3093.801,859.5497,834.5571,1720.582,1098.482,1809.192,783.1408,1817.328,750.9067,1774.94,975.5372,1795.212,894.5259,1435.851,2805.309,2388.015,1838.629,967.1677,2403.077,911.3644,891.0276,1740.392,1148.221,1824.747,839.5489,1831.012,805.0242,1787.454,1033.977,1804.632,946.1024
"2025-11-02 09:15:00",833,"NAN",11.92,1366.789,3328.396,2608.731,1812.734,918.2482,3082.803,859.8236,832.3848,1721.821,1097.324,1808.094,782.401,1817.647,750.4553,1773.653,971.9828,1794.411,893.1613,1436.842,2795.159,2463.796,1836.079,968.5121,2386.024,911.5557,889.4704,1741.947,1146.665,1824.047,839.1612,1831.685,804.7052,1786.377,1030.554,1804.759,944.9243
"2025-11-02 09:30:00",834,"NAN",11.93,1396.963,2858.852,2483.903,1815.182,955.7736,2546.072,896.4594,868.3134,1736.657,1131.319,1814.008,818.1809,1823.808,787.2195,1781.834,1006.987,1800.661,929.419,1445.004,2819.717,2467.826,1835.101,969.9931,2344.211,912.2811,888.6184,1744.472,1146.791,1825.542,839.6539,1831.527,804.0896,1787.835,1030.124,1806,944.9477
"2025-11-02 09:45:00",835,"NAN",11.94,1400.454,2898.525,2391.79,1814.613,958.8055,2524.134,897.3643,869.3936,1739.702,1133.237,1816.566,819.6815,1825.62,787.84,1782.201,1005.75,1804.51,930.2959,1448.822,2848.625,2379.874,1833.088,971.8278,2408.778,913.5592,888.9287,1747.725,1148.652,1826.658,840.125,1834.415,804.5887,1788.514,1028.594,1809.473,945.3926
"2025-11-02 10:00:00",836,"NAN",11.93,1403.434,2959.783,2494.793,1810.397,961.6117,2472.607,894.4705,868.7265,1741.833,1133.531,1815.656,820.0623,1826.744,787.9656,1782.068,1002.891,1805.297,927.6926,1452.143,2892.254,2460.764,1829.698,974.7386,2384.666,910.467,888.0682,1749.743,1148.844,1827.419,840.1204,1834.937,804.9584,1788.437,1025.251,1810.647,942.4825
"2025-11-02 10:15:00",837,"NAN",11.93,1401.237,2933.071,2411.109,1801.951,960.1188,2444.259,875.6747,863.7503,1739.723,1129.094,1812.257,816.293,1822.67,784.3153,1778.05,994.9363,1802.005,923.6505,1448.391,2889.616,2407.932,1821.744,973.6945,2366.788,890.4384,883.0497,1748.433,1143.779,1822.396,836.5314,1831.011,800.5596,1784.36,1017.444,1807.16,938.1238
"2025-11-02 10:30:00",838,"NAN",11.93,1401.516,2928.522,2403.667,1792.075,943.478,2458.137,862.539,861.0782,1741.206,1128.417,1811.288,815.1177,1822.812,783.0035,1778.349,991.5518,1801.623,921.83,1450.131,2860.813,2378.615,1810.955,956.3533,2385.74,877.2837,880.4783,1748.459,1143.303,1823.34,835.4332,1830.76,799.3618,1784.425,1014.161,1806.961,936.3698
"2025-11-02 10:45:00",839,"NAN",11.94,1401.447,2906.084,2432.433,1783.16,943.5769,2449.062,856.7817,857.2564,1741.156,1127.08,1808.931,812.6733,1821.872,780.6558,1776.291,986.5604,1800.055,918.5718,1449.466,2853.16,2430.221,1802.296,956.5379,2343.074,871.5392,876.5659,1748.518,1141.566,1820.134,833.0386,1830.12,796.8427,1783.116,1008.8,1805.336,932.7304
"2025-11-02 11:00:00",840,"NAN",11.93,1407.001,2918.923,2459.377,1781.117,948.0135,2422.634,866.6107,855.7911,1746.396,1130.477,1812.806,815.1742,1825.281,783.0649,1778.138,988.8429,1802.508,920.7164,1455.85,2875.374,2445.355,1801.009,961.1876,2424.563,882.1203,875.5032,1752.909,1145.089,1824.116,835.337,1833.668,799.2576,1784.015,1011.391,1806.618,934.9263
"2025-11-02 11:15:00",841,"NAN",11.94,1407.426,2925.344,2493.306,1773.192,951.0743,2465.646,906.4117,852.3713,1748.065,1130.132,1814.079,811.5948,1826.417,786.2388,1776.677,985.243,1801.655,919.0521,1456.36,2857.002,2474.124,1791.653,964.0734,2374.791,922.4068,871.7902,1755.394,1144.849,1824.766,831.8708,1835.042,802.402,1782.133,1007.311,1806.338,933.0969
"2025-11-02 11:30:00",842,"NAN",11.93,1410.469,2944.95,2458.988,1766.436,957.6686,2440.029,921.0045,849.0782,1751.436,1132.036,1815.312,809.9875,1831.05,787.7327,1776.981,984.5989,1801.819,919.6539,1458.503,2882.265,2411.675,1785.41,970.9692,2388.587,937.9241,868.686,1759.447,1147.205,1826.802,830.5108,1839.274,804.1212,1782.832,1006.872,1807.354,934.0583
"2025-11-02 11:45:00",843,"NAN",11.91,1424.506,2969.418,2474.967,1778.775,1009.971,2498.391,923.1153,851.1616,1776.602,1161.66,1829.872,811.6268,1852.243,810.8004,1787.362,1001.82,1813.445,937.9603,1472.821,2934.948,2476.927,1796.541,1023.091,2451.049,940.2233,871.002,1784.85,1175.945,1839.373,831.9669,1860.459,826.7002,1793.232,1023.425,1818.962,952.2747
"2025-11-02 12:00:00",844,"NAN",11.94,1419.22,3107.22,2481.001,1781.919,1056.439,2721.942,899.9075,829.3769,1806.905,1190.706,1833.526,786.8641,1875.327,827.4949,1794.613,1006.132,1826.889,949.5874,1478.698,2929.345,2459.47,1805.242,1085.913,2540.525,932.9071,866.7431,1820.743,1220.005,1848.678,824.8627,1886.465,859.8415,1807.727,1043.188,1837.398,980.5116
"2025-11-02 12:15:00",845,"NAN",11.93,1438.95,3081.078,2559.377,1789.419,1101.334,2797.489,887.5668,827.1168,1846.805,1227.324,1856.23,784.2026,1905.171,846.0341,1802.086,1004.974,1853.562,969.1186,1497.979,2899.234,2505.435,1811.395,1130.538,2596.364,920.0187,864.4373,1857.916,1256.05,1871.277,822.5462,1915.457,878.3558,1814.437,1041.818,1862.183,999.2996
"2025-11-02 12:30:00",846,"NAN",11.93,1437.525,3019.406,2555.764,1758.785,1137.818,2788.058,912.4915,816.1591,1858.786,1230.244,1851.1,773.7188,1906.769,843.2385,1801.468,993.7115,1854.514,961.698,1496.031,2843.392,2402.179,1782.317,1166.306,2491.244,946.0343,853.7723,1869.013,1259.417,1866.064,812.317,1916.47,875.1577,1812.99,1030.948,1863.135,992.0466
"2025-11-02 12:45:00",847,"NAN",11.91,1436.198,2952.904,2561.304,1724.31,1142.035,2661.912,908.0911,804.2053,1862.206,1237.619,1849.22,766.4517,1905.961,833.3516,1793.678,980.455,1853.424,950.1339,1494.456,2788.04,2319.282,1748.607,1169.768,2421.764,940.8351,841.8737,1873.162,1265.877,1863.314,804.6513,1915.764,865.6127,1804.977,1017.624,1862.835,980.6505
"2025-11-02 13:00:00",848,"NAN",11.9,1435.641,2949.031,2559.746,1700.339,1170.133,2740.689,884.5955,793.8447,1874.657,1241.722,1845.301,758.7003,1906.036,829.5997,1788.324,977.0216,1853.323,947.9897,1492.95,2752.199,2469.405,1724.729,1197.655,2380.431,916.6018,831.6782,1884.899,1270.117,1858.87,797.0549,1914.608,862.0546,1799.719,1014.38,1861,978.7734
"2025-11-02 13:15:00",849,"NAN",11.94,1419.994,3239.85,2651.713,1678.953,1148.458,3036.401,849.817,765.963,1884.725,1223.567,1844.102,733.4838,1906.724,809.2806,1778.165,959.7166,1853.769,929.2928,1487.835,2651.19,2336.167,1707.376,1192.635,2348.099,904.4865,823.4346,1889.607,1267.077,1855.807,791.0253,1911.038,860.4069,1790.671,1015.197,1858.895,978.1034
"2025-11-02 13:30:00",850,"NAN",11.9,1424.564,3264.804,2659.241,1672.473,1169.911,3070.516,864.6169,763.8475,1895.015,1224.084,1849.228,731.618,1911.097,806.9595,1777.04,953.1723,1856.571,931.4109,1492.689,2725.096,2493.942,1702.257,1213.463,2359.598,918.4535,821.8575,1899.167,1268.152,1860.448,789.8228,1915.048,858.2408,1789.73,1009.327,1862.159,981.0399
"2025-11-02 13:45:00",851,"NAN",11.94,1406.655,3245.442,2636.196,1638.482,1155.743,3036.207,864.0364,753.4926,1875.874,1192.717,1826.386,724.5331,1891.868,790.8132,1763.484,937.7241,1840.088,914.9314,1474.955,2682.918,2358.718,1669.887,1199.932,2343.952,917.6694,811.6165,1882.784,1238.165,1839.687,782.3331,1897.395,842.7906,1778.504,994.5209,1846.896,964.5381
"2025-11-02 14:00:00",852,"NAN",11.9,1398.471,3210.973,2622.392,1617.359,1144.921,3027.323,861.896,748.9203,1862.85,1174.546,1812.904,721.5712,1879.239,778.345,1749.681,919.1997,1829.586,903.6586,1467.598,2628.872,2478.738,1651.114,1189.404,2395.638,916.4244,807.4927,1871.166,1220.72,1827.631,779.8348,1886.238,830.8754,1764.557,976.6313,1839.083,954.1824
"2025-11-02 14:15:00",853,"NAN",11.94,1382.606,3168.347,2599.685,1584.098,1116.708,3010.586,858.4946,741.158,1831.777,1138.256,1790.162,717.2517,1856.873,756.1339,1730.325,890.8685,1807.747,882.7299,1453.139,2554.798,2403.197,1620.627,1163.017,2399.31,913.2204,800.3389,1844.173,1185.804,1807.898,776.2457,1867.434,809.5757,1746.969,950.1744,1817.622,933.9438
"2025-11-02 14:30:00",854,"NAN",11.93,1372.978,3117.234,2589.8,1569.021,1090.689,2984.325,853.6961,736.8989,1804.666,1105.061,1776.533,716.0209,1841.669,736.157,1716.01,868.7567,1791.099,865.712,1443.993,2435.528,2448.981,1606.924,1138.251,2404.4,909.0776,796.7058,1819.24,1154.619,1796.921,775.1805,1853.738,790.8822,1734.916,928.966,1803.484,918.092
"2025-11-02 14:45:00",855,"NAN",11.94,1360.332,3045.453,2567.438,1557.048,1065.149,2946.96,850.9113,732.2085,1777.009,1075.347,1757.802,714.1782,1823.86,718.9771,1706.023,854.8848,1770.492,851.0206,1432.16,2359.009,2422.915,1596.833,1113.709,2375.625,906.7548,792.2376,1794.575,1126.038,1780.344,773.7759,1839.088,774.5936,1726.767,915.7425,1785.262,904.0923
"2025-11-02 15:00:00",856,"NAN",11.93,1342.649,2961.445,2536.743,1541.147,1040.058,2902.253,832.697,726.7522,1746.658,1048.616,1735.109,710.0905,1801.55,707.1718,1698.198,847.6995,1745.7,836.7073,1415.321,2406.403,2419.407,1583.125,1089.707,2365.772,888.9483,787.3436,1767.001,1100.953,1760.692,770.0754,1818.349,763.4745,1720.314,909.2288,1762.275,890.3328
"2025-11-02 15:15:00",857,"NAN",11.93,1340.141,2954.93,2532.916,1548.54,1024.233,2894.866,834.8618,728.3602,1734.997,1040.169,1733.609,712.072,1794.869,701.2486,1694.421,845.6963,1739.245,832.5595,1412.813,2330.005,2422.826,1589.494,1074.758,2359.076,891.3483,789.1282,1756.112,1092.73,1758.976,772.3998,1812.554,757.787,1716.705,907.3585,1757.039,886.7672
"2025-11-02 15:30:00",858,"NAN",11.93,1325.313,2942.356,2509.624,1538.713,1004.051,2859.833,831.9972,724.8032,1711.315,1026.391,1715.389,709.0614,1775.742,692.5464,1689.008,841.8036,1719.682,821.7133,1399.366,2318.299,2394.035,1580.495,1055.016,2360.376,888.989,785.7805,1734.398,1079.187,1741.603,769.2421,1796.129,749.3917,1712.065,903.7185,1739.199,876.2575
"2025-11-02 15:45:00",859,"NAN",11.94,1318.86,2937.343,2499.135,1541.973,989.5147,2855.82,827.2128,725.559,1700.012,1022.658,1710.513,709.8297,1767.571,688.7912,1686.347,839.8267,1711.531,817.3278,1393.345,2355.216,2385.764,1583.718,1040.471,2357.217,884.1226,786.4481,1724.771,1075.399,1737.92,770.4075,1787.852,745.845,1709.801,902.1721,1731.69,871.98
"2025-11-02 16:00:00",860,"NAN",11.91,1313.092,2914.033,2488.664,1542.14,962.7823,2806.496,811.6935,725.5983,1689.359,1019.029,1705.27,710.0967,1758.657,685.2557,1684.091,838.9081,1704.615,813.3604,1386.994,2321.962,2396.31,1583.798,1014.614,2356.261,867.7237,786.7844,1714.304,1072.478,1733.148,770.6974,1779.702,742.5068,1708.061,901.1078,1725.323,868.2565
"2025-11-02 16:15:00",861,"NAN",11.93,1313.632,2927.506,2490.918,1549.621,949.8284,2804.519,828.0084,730.3423,1688.424,1023.097,1710.19,713.1198,1759.081,685.3101,1681.451,837.811,1706.55,814.9421,1388.36,2341.812,2381.741,1591.815,1001.814,2383.542,885.6433,792.0328,1713.497,1076.768,1737.815,774.2014,1780.569,743.1854,1705.072,900.3901,1727.431,870.0453
"2025-11-02 16:30:00",862,"NAN",11.94,1310.914,2928.109,2483.963,1552.74,938.4334,2790.415,823.9945,731.0499,1683.646,1024.001,1708.888,714.5423,1754.296,684.564,1681.072,838.9211,1703.388,814.7438,1385.299,2356.638,2379.734,1595.624,991.1187,2289.003,881.3548,792.4072,1709.764,1077.448,1736.221,775.3588,1776.019,742.4185,1705.318,901.2833,1724.053,870.2172
"2025-11-02 16:45:00",863,"NAN",11.91,1309.429,2932.842,2480.339,1558.873,929.0806,2798.467,825.8798,732.6668,1681.641,1025.824,1709.089,717.5547,1752.152,685.9012,1682.519,842.3466,1702.819,816.5393,1383.929,2341.87,2384.819,1601.542,981.8507,2347.337,883.4272,793.9747,1706.632,1079.838,1737.207,778.0844,1774.28,743.7764,1707.054,904.8898,1724.286,872.0352
"2025-11-02 17:00:00",864,"NAN",11.93,1310.27,2963.774,2479.107,1564.143,937.5056,2864.675,835.8671,735.1505,1681.061,1029.259,1710.547,720.2243,1751.997,687.973,1685.676,848.26,1703.291,819.2887,1385.086,2340.918,2382.834,1606.253,989.7183,2304.373,893.061,796.3884,1707.637,1082.979,1737.592,781.0291,1774.168,745.7249,1708.808,910.7879,1724.469,874.9097
"2025-11-02 17:15:00",865,"NAN",11.94,1306.139,2953.567,2473.926,1562.509,928.1057,2874.841,800.9807,734.2484,1676.187,1027.99,1707.474,720.626,1747.59,686.7281,1681.368,847.2985,1698.911,817.8264,1381.132,2361.692,2385.286,1605.005,980.9956,2326.193,858.0034,795.7794,1702.54,1081.687,1735.21,781.545,1770,744.5874,1704.963,909.8812,1721.3,873.5056
"2025-11-02 17:30:00",866,"NAN",11.94,1333.158,2463.065,2388.33,1577.985,954.5161,2447.88,853.8928,771.958,1687.764,1058.567,1716.571,758.3173,1753.77,723.7206,1694.84,882.1806,1707.692,853.4138,1381.163,2396.675,2367.186,1600.301,969.7245,2364.397,870.293,794.3057,1697.722,1075.102,1730.676,780.4256,1765,742.056,1704.332,905.6846,1715.056,869.6794
"2025-11-02 17:45:00",867,"NAN",11.94,1330.555,2405.014,2378.076,1577.541,934.3129,2337.575,855.1445,771.3022,1684.89,1056.656,1715.308,758.2083,1751.477,722.6047,1695.951,880.7497,1705.116,853.519,1378.042,2321.649,2375.987,1600.031,948.9615,2422.38,873.1187,793.041,1694.326,1073.258,1729.026,780.4322,1762.384,740.3099,1704.164,903.8967,1713.309,869.5061
"2025-11-02 18:00:00",868,"NAN",11.94,1328.496,2454.17,2380.467,1578.618,922.7817,2332.326,863.4882,771.9312,1682.818,1058.671,1713.296,759.4339,1750.188,722.0257,1695.131,880.7201,1703.094,854.3035,1375.859,2346.044,2375.405,1600.972,938.5929,2332.75,881.8857,793.5728,1692.259,1074.787,1727.423,780.7879,1760.647,739.7593,1703.238,903.7299,1710.914,869.8427
"2025-11-02 18:15:00",869,"NAN",11.94,1326.89,2433.009,2377.619,1581.264,917.0243,2344.371,853.6806,772.2925,1681.118,1060.292,1712.642,759.528,1748.957,721.8791,1693.706,880.864,1703.554,855.5862,1373.761,2301.763,2363.752,1603.513,947.2052,2325.633,871.7182,793.4911,1689.873,1076.803,1726.469,781.3197,1759.637,739.8082,1702.576,903.6529,1711.126,871.0783
"2025-11-02 18:30:00",870,"NAN",11.93,1325.426,2354.396,2373.005,1585.796,911.324,2357.809,827.6275,772.2867,1678.381,1062.411,1711.326,760.6626,1747.522,721.5287,1693.773,881.3493,1702.988,856.6554,1372.564,2488.421,2370.793,1606.54,940.429,2393.893,844.9854,793.4716,1688.403,1078.204,1725.309,781.8749,1757.292,738.7792,1702.969,904.1695,1709.531,872.0747
"2025-11-02 18:45:00",871,"NAN",11.94,1324.425,2400.612,2375.551,1589.797,905.5085,2562.914,848.3599,773.3582,1677.982,1064.091,1710.795,761.3948,1747.263,722.3145,1694.306,882.4077,1703.351,858.707,1370.955,2341.006,2368.407,1611.199,919.6218,2413.121,865.6935,794.4384,1687.594,1080.115,1725.164,782.4305,1758.087,740.0836,1704.023,905.092,1710.969,873.9996
"2025-11-02 19:00:00",872,"NAN",11.93,1324.381,2340.825,2370.2,1594.626,916.5917,2501.407,863.0353,775.4594,1676.719,1064.684,1710.665,762.5067,1747.122,722.2736,1697.094,884.0754,1704.527,860.6337,1370.308,2427.195,2366.489,1615.793,930.8203,2305.184,880.6954,796.3543,1685.904,1080.765,1724.853,783.7065,1757.949,739.634,1705.538,906.9072,1711.375,876.2008
"2025-11-02 19:15:00",873,"NAN",11.93,1324.286,2393.425,2368.998,1599.116,899.066,2537.604,861.1257,776.798,1676.649,1067.837,1711.163,763.5079,1747.464,722.7961,1700.419,885.7352,1704.822,862.7424,1370.699,2276.682,2365.046,1621.481,913.7999,2337.837,878.1746,797.7354,1686.678,1083.686,1723.373,784.7663,1758.266,740.2234,1708.12,908.2115,1712.918,878.0949
"2025-11-02 19:30:00",874,"NAN",11.94,1324.859,2392.716,2374.616,1605.97,911.5353,2382.579,844.8869,777.5721,1676.588,1070.534,1712.287,764.932,1748.099,723.6788,1703.312,887.7098,1707.543,864.8913,1371.183,2263.902,2364.092,1627.41,925.9841,2369.778,863.4499,799.028,1686.993,1086.88,1726.084,785.9436,1759.281,741.3125,1712.31,910.236,1715.099,880.4395
"2025-11-02 19:45:00",875,"NAN",11.93,1326.39,2371.522,2367.546,1611.705,910.2325,2382.006,847.482,779.927,1677.799,1074.413,1713.48,766.7903,1749.887,725.6302,1706.117,890.7122,1709.682,867.8836,1372.804,2342.526,2369.697,1633.252,924.342,2293.79,865.0764,800.7334,1687.354,1090.295,1727.926,788.0196,1760.64,743.2283,1714.417,913.231,1717.665,883.3214
"2025-11-02 20:00:00",876,"NAN",11.94,1310.532,2479.203,2401.927,1604.684,874.4023,2612.228,837.7065,762.6847,1666.331,1059.169,1704.927,749.527,1741.292,707.9514,1698.361,875.3095,1700.377,851.478,1371.046,2301.587,2367.671,1637.748,922.9023,2340.009,873.7189,803.0143,1688.169,1093.398,1729.095,789.4683,1762.21,744.6049,1717.672,916.2078,1717.93,885.7729
"2025-11-02 20:15:00",877,"NAN",11.93,1311.497,2471.666,2400.312,1609.384,872.3918,2513.433,836.2395,764.0526,1667.039,1062.368,1706.637,751.3796,1743.947,709.2584,1701.873,878.0798,1703.743,854.5292,1371.42,2347.38,2370.389,1643.144,905.0231,2282.649,872.0693,804.1696,1688.649,1096.476,1731.169,791.5154,1764.163,745.8074,1721.224,919.3668,1720.646,888.6458
"2025-11-02 20:30:00",878,"NAN",11.92,1311.73,2524.409,2406.644,1615.843,887.8651,2576.88,833.5266,765.1035,1668.271,1064.702,1708.217,752.7651,1745.34,710.2203,1705.707,880.6457,1706.646,857.0809,1372.163,2297.719,2362.686,1648.726,921.611,2289.495,869.4796,806.062,1689.265,1099.453,1732.63,793.3254,1765.946,747.3952,1723.913,922.3893,1724.241,891.7286
"2025-11-02 20:45:00",879,"NAN",11.94,1307.993,2482.966,2400.143,1612.748,885.2973,2566.053,836.1793,764.0228,1663.866,1063.102,1701.57,752.5165,1741.679,709.3756,1709.383,885.0377,1703.682,856.2658,1368.699,2333.696,2372.547,1645.416,918.723,2371.217,872.3823,804.5596,1684.829,1097.557,1727.109,793.1942,1762.333,746.6573,1727.15,926.5254,1722.138,891.0614
"2025-11-02 21:00:00",880,"NAN",11.94,1309.581,2543.689,2410.239,1619.391,885.4575,2582.852,841.9783,765.8373,1665.707,1065.957,1704.082,754.6347,1743.922,710.855,1713.556,887.6781,1706.911,859.016,1370.291,2298.23,2375.025,1651.37,919.2505,2370.917,878.2993,806.3824,1686.302,1100.503,1727.6,794.762,1764.237,748.2276,1731.763,929.179,1724.329,893.5825
"2025-11-02 21:15:00",881,"NAN",11.93,1311.482,2548.177,2417.203,1624.968,885.5038,2557.758,841.2996,767.1678,1667.826,1068.75,1705.659,756.1612,1747.315,711.9929,1717.148,890.1662,1709.463,861.034,1371.52,2354.999,2364.508,1656.705,919.7422,2371.681,878.2215,808.3195,1688.308,1103.287,1729.744,797.0374,1767.166,749.5956,1734.325,931.828,1726.85,896.0373
"2025-11-02 21:30:00",882,"NAN",11.93,1296.518,2860.166,2477.801,1622.7,865.812,2878.396,821.2093,747.9613,1661.55,1051.864,1702.115,738.0333,1746.755,692.4686,1715.157,872.5867,1707.166,842.831,1370.967,2314.015,2370.839,1662.497,920.3182,2306.071,879.0616,809.679,1689.796,1105.715,1731.229,799.0834,1769.954,750.7542,1737.511,934.9388,1728.503,898.171
"2025-11-02 21:45:00",883,"NAN",11.89,1297.279,2869.845,2480.63,1625.763,866.1111,2879.514,826.4921,748.6186,1662.193,1053.745,1702.774,739.233,1748.148,693.076,1719.623,875.2024,1707.65,844.5604,1372.302,2296.699,2380.978,1664.801,920.6215,2300.836,884.3106,810.4356,1690.887,1107.818,1732.139,799.96,1770.394,751.6188,1741.459,937.7536,1728.534,900.0468
"2025-11-02 22:00:00",884,"NAN",11.94,1299.556,2880.639,2485.77,1629.382,866.6016,2891.061,826.5566,749.5405,1664.932,1055.987,1704.656,740.3813,1750.602,693.9562,1720.85,877.0112,1711.269,846.647,1374.87,2354.251,2382.328,1668.731,921.3809,2324.205,884.7713,811.5922,1692.453,1109.8,1734.173,801.6234,1773.284,752.1323,1742.788,939.6528,1733.015,902.1181
"2025-11-02 22:15:00",885,"NAN",11.93,1300.589,2859.398,2488.233,1632.514,867.0761,2893.716,824.6417,750.1933,1666.218,1057.447,1705.828,741.6784,1753.309,694.6101,1723.487,879.4026,1714.906,848.7125,1375.279,2298.734,2395.196,1671.179,921.2994,2376.009,883.1721,812.2321,1694.524,1111.458,1734.652,802.9755,1776.06,753.0355,1745.614,942.1806,1735.26,904.6183
"2025-11-02 22:30:00",886,"NAN",11.91,1302.351,2831.529,2490.658,1636.024,867.589,2900.79,816.0408,750.9288,1667.639,1058.998,1706.756,742.6608,1756.132,695.5455,1728.737,881.0937,1716.942,850.5601,1377.084,2331.057,2383.626,1675.583,922.5693,2319.851,874.4735,812.8062,1695.967,1113.203,1735.371,804.0587,1779.367,754.1265,1749.065,943.7736,1737.473,906.3264
"2025-11-02 22:45:00",887,"NAN",11.94,1309.281,2819.888,2503.455,1647.683,871.2328,2920.555,795.5159,754.5692,1675.682,1065.583,1717.818,746.3939,1765.61,698.1212,1732.067,882.7908,1726.168,856.3624,1384.379,2280.645,2383.263,1686.057,926.6887,2313.559,854.3188,816.6704,1702.98,1119.947,1746.647,807.873,1787.935,757.1059,1753.473,945.6512,1746.274,912.555
"2025-11-02 23:00:00",888,"NAN",11.91,1310.217,2800.243,2505.043,1650.365,871.2496,2921.179,820.0875,755.0369,1676.886,1066.886,1719.012,746.7692,1765.844,698.1395,1734.986,883.4616,1727.158,857.7256,1385.019,2343.757,2406.15,1688.107,926.717,2335.849,878.8506,817.3848,1705.296,1121.378,1748.282,808.5888,1787.296,756.9028,1755.583,946.178,1747.133,913.9966
"2025-11-03 08:45:00",889,"NAN",11.93,1303.893,2767.935,2495.899,1642.479,855.2496,2868.242,805.8406,751.3978,1670.057,1061.016,1710.831,744.6925,1759.093,695.0369,1734.964,884.0416,1720.763,854.5078,1378.745,2442.238,2393.396,1681.602,910.5123,2307.484,864.7097,813.5281,1697.939,1115.731,1740.162,806.1058,1781.032,753.9953,1756.156,946.9074,1742.083,910.7556
"2025-11-03 12:30:00",890,"NAN",11.93,1350.231,2325.237,2434.361,1669.45,927.5842,2425.698,905.0208,796.784,1725.612,1135.837,1757.005,787.9879,1815.51,735.1758,1803.732,939.941,1796.344,930.1263,1410.719,2254.85,2428.938,1693.259,942.3444,2351.355,923.4903,818.9242,1735.607,1152.68,1769.681,810.6819,1819.557,753.562,1810.347,963.5599,1802.191,945.4879
"2025-11-03 12:45:00",891,"NAN",11.93,701.5616,518.2147,1087.512,655.2562,670.2177,1048.339,829.8943,774.7437,908.718,586.3362,1035.496,676.6185,856.5752,708.5405,1193.11,884.2764,1752.652,528.3762,739.1274,543.4086,1105.062,681.8644,690.1945,1068.955,853.3149,800.8981,927.5026,607.0479,1057.879,702.0787,878.621,730.906,1205.8,910.4177,1732.829,549.3916
"2025-11-03 13:00:00",892,"NAN",11.93,711.4686,534.7566,1080.247,652.1425,670.8341,1033.144,841.8389,781.3328,920.2921,590.2064,1014.922,661.4065,858.8433,707.9596,1057.418,880.3217,1576.609,529.2178,745.2996,560.1024,1099.061,679.2249,691.6115,1054.524,866.2098,808.0373,940.2536,611.7001,1037.766,687.8256,881.8767,730.8931,1073.618,906.8987,1572.2,550.8904
"2025-11-03 13:15:00",893,"NAN",11.92,716.5871,554.249,1078.226,648.5679,672.2453,1021.564,836.945,785.5729,931.9209,593.3559,1005.594,652.6835,860.9441,704.3527,999.3193,873.1378,1388.153,530.0101,751.099,580.1967,1097.641,675.7928,693.4616,1042.881,861.7224,812.402,952.1133,615.0304,1029.279,679.2735,884.0635,727.9961,1016.967,900.3076,1392.952,551.8304
"2025-11-03 14:00:00",894,"NAN",11.93,722.2866,570.6351,1077.678,645.7324,673.6147,1013.07,814.3956,787.989,941.924,595.5413,997.0236,646.8027,862.45,696.7974,972.0394,864.9276,1222.833,530.6572,757.6182,596.9935,1097.722,673.4822,695.619,1035.262,839.5068,815.4802,962.4581,618.082,1021.68,674.3046,886.2906,721.2283,990.568,892.8209,1234.464,553.2036
"2025-11-03 14:15:00",895,"NAN",11.93,726.3974,609.8217,1069.78,631.2411,672.1681,992.7892,844.6821,785.9838,958.882,594.6472,990.7314,626.6011,861.5069,640.405,930.1083,818.2895,980.5563,529.3837,767.6096,637.4294,1091.514,660.6582,695.5832,1016.681,871.845,815.2698,980.3271,618.8517,1016.886,656.1873,886.9976,666.0751,950.6771,847.4058,999.804,553.4601
"2025-11-03 14:30:00",896,"NAN",11.9,732.9867,621.5122,1072.069,632.783,676.1613,993.3661,856.7795,790.9185,966.0262,598.874,994.4031,628.0986,865.1758,630.8135,942.4128,831.4993,956.7414,530.6416,774.1506,649.8678,1094.365,662.6789,700.3776,1017.762,884.5307,820.7083,988.5933,623.9551,1021.128,658.0302,891.2402,657.2131,963.7158,861.4871,977.3765,555.4576
"2025-11-03 14:45:00",897,"NAN",11.92,743.3135,630.5423,1073.635,633.6277,679.4485,993.808,856.337,793.8005,972.1342,601.5294,996.9036,627.6835,867.8775,623.8557,942.0314,825.2947,941.0414,531.0805,781.8024,659.7647,1096.609,664.0377,703.9421,1018.911,885.1013,824.4816,995.0773,627.1728,1024.837,658.2514,894.6718,650.8969,964.1098,856.4476,962.9687,556.4566
"2025-11-03 15:00:00",898,"NAN",11.89,748.7015,638.6012,1075.274,633.9551,682.0298,994.1807,842.1319,795.9876,977.4236,603.8005,999.5113,628.4114,870.2776,617.9458,928.3193,800.1858,930.9,531.3041,787.648,667.8195,1099.298,664.7654,707.3701,1019.865,871.481,827.0254,1001.164,629.8634,1027.368,659.4951,897.5165,645.6257,951.0727,831.0854,953.0844,557.0772
"2025-11-03 15:15:00",899,"NAN",11.92,754.0073,643.5742,1077.183,633.6868,684.882,994.0896,811.0213,797.892,981.9456,605.5814,1001.826,628.7177,872.9299,611.9925,929.3317,794.4858,925.735,532.2007,792.8826,673.1739,1101.288,664.4838,710.4667,1019.692,841.4353,829.0433,1005.617,631.5629,1029.869,659.8187,900.5682,639.6402,952.2893,825.7632,947.808,558.3537
"2025-11-03 15:30:00",900,"NAN",11.94,759.3851,648.3585,1079.966,633.978,688.049,995.8276,770.3945,800.1581,987.0416,608.1142,1003.943,629.9412,876.2457,607.3591,945.5273,810.8606,923.4601,533.3242,797.7675,677.5897,1103.478,664.597,712.8411,1020.917,800.4642,830.7095,1010.072,633.9425,1031.347,660.4249,903.1447,634.5511,967.7549,842.2635,945.7772,558.8896
"2025-11-03 15:45:00",901,"NAN",11.93,764.7742,651.861,1083.223,634.5507,690.8752,996.4407,733.059,801.843,991.6306,610.0928,1007.285,630.5836,879.0101,602.7221,947.7564,808.0995,923.0972,534.4282,803.1861,680.672,1105.84,664.2642,715.5009,1021.331,763.0413,831.986,1014.258,635.2153,1034.129,660.7225,905.1087,629.5372,969.5215,838.541,944.8923,559.3311
"2025-11-03 16:00:00",902,"NAN",11.93,769.1714,648.2499,1084.759,634.6996,693.2938,996.3586,703.1593,801.3824,995.1571,611.6129,1010.199,631.1417,881.5052,597.627,950.2704,805.6011,922.7332,535.0231,806.9883,676.4266,1107.794,664.2144,717.5408,1021.04,733.2815,831.5391,1017.584,636.4694,1036.892,661.0974,907.3464,624.1275,972.0374,836.2841,944.3039,559.9283
"2025-11-03 16:15:00",903,"NAN",11.92,772.5107,652.6993,1085.585,633.977,695.0656,999.8203,676.6968,799.5333,996.9025,611.8376,1011.694,629.9216,882.097,591.1792,951.463,800.1254,922.4108,534.8815,810.9139,681.1219,1108.392,663.6361,719.4924,1024.599,707.397,829.6895,1019.698,637.0268,1038.899,659.8132,908.3015,618.1595,973.4707,830.9738,944.5737,559.9779
"2025-11-03 16:30:00",904,"NAN",11.93,776.259,658.1018,1086.97,633.6374,696.9222,1004.148,646.3563,798.4247,999.5033,612.4224,1013.59,628.657,883.7038,584.577,952.5229,795.1607,923.037,535.0546,815.4736,687.0106,1110.177,663.5795,721.6301,1028.856,677.8539,829.08,1022.268,637.9168,1040.834,658.7314,909.8384,611.9695,974.59,826.2355,945.1888,560.2056
"2025-11-03 16:45:00",905,"NAN",11.91,779.2976,662.6212,1088.441,633.6064,708.223,1043.516,638.1019,798.1514,1001.992,613.5028,1014.962,627.7698,884.8195,578.2935,944.4834,790.3724,923.5154,534.6967,818.6118,691.9244,1112.066,664.0836,733.3248,1068.993,669.9728,828.8952,1025.422,639.5414,1042.439,658.4462,911.6949,606.1039,975.8026,821.9345,945.7206,560.6337
"2025-11-03 20:30:00",906,"NAN",11.93,"NAN","NAN","NAN","NAN","NAN","NAN","NAN","NAN","NAN","NAN","NAN","NAN","NAN","NAN","NAN","NAN","NAN","NAN","NAN","NAN","NAN","NAN","NAN","NAN","NAN","NAN","NAN","NAN","NAN","NAN","NAN","NAN","NAN","NAN","NAN","NAN"
"2025-11-03 20:45:00",907,"NAN",11.92,818.173,618.0995,1108.009,606.2051,716.7869,1038.979,573.3896,779.5208,1022.983,633.1877,1041.314,611.8744,899.4699,540.965,967.6481,704.2371,950.2284,542.8323,849.3882,629.8084,1118.751,622.1746,726.5844,1050.364,587.1664,796.0085,1033.325,644.4684,1056.613,629.123,911.7745,553.0488,976.2478,718.0246,958.166,552.6763
"2025-11-03 21:00:00",908,"NAN",11.93,831.5458,639.0376,1119.753,615.9486,720.9144,1038.267,576.9725,785.4504,1031.616,639.6101,1050.647,619.6312,907.6165,546.4055,971.2661,701.0584,958.1908,548.7014,858.3661,649.2411,1129.327,630.5266,729.4774,1047.752,589.4221,800.201,1040.447,649.3013,1064.49,635.3289,919.4296,556.6395,978.4673,712.5122,964.6687,557.1278
"2025-11-03 21:15:00",909,"NAN",11.93,835.9459,650.0427,1124.149,620.9232,724.2178,1037.63,576.197,784.0175,1034.858,641.8792,1053.441,623.3984,910.6465,547.6957,973.0519,698.3428,960.7222,551.3083,863.056,660.8748,1134.46,635.411,732.9097,1049.813,588.3376,799.0508,1043.549,651.7549,1067.189,638.5829,922.3029,558.3906,980.2276,709.5776,967.9725,559.7086
"2025-11-03 21:30:00",910,"NAN",11.92,839.8539,661.4267,1128.526,625.285,727.3198,1043.597,576.3846,780.9146,1037.403,643.535,1055.356,625.983,913.2911,548.6979,974.9799,693.9738,962.884,552.9642,866.7844,672.3556,1138.495,639.9258,735.7576,1053.484,588.6492,795.8483,1046.137,653.1382,1069.117,641.3262,925.0266,559.1107,982.2224,705.0392,969.7916,561.2265
"2025-11-03 21:45:00",911,"NAN",11.92,843.5427,672.2177,1131.841,628.9296,729.6859,1045.399,580.7166,777.7116,1038.563,644.5384,1057.282,627.861,915.3174,548.8868,976.0711,690.7936,964.8873,554.0872,870.2267,682.8213,1142.066,643.4586,737.9253,1057.002,593.0025,792.6024,1047.587,654.339,1071.115,643.0602,926.5526,559.1451,982.987,701.7806,971.9572,562.2391
"2025-11-03 22:00:00",912,"NAN",11.92,846.678,680.5551,1135.699,632.2014,731.5373,1046.364,576.139,773.4666,1040.159,645.8022,1059.742,629.5399,917.0242,549.1702,977.5881,688.265,967.1909,555.3041,873.4418,691.3426,1145.742,646.2564,739.7717,1059.076,588.1206,788.8059,1049.391,655.3956,1073.236,644.4113,928.7281,559.8228,984.755,698.8746,974.0064,563.3741
"2025-11-03 22:15:00",913,"NAN",11.93,849.6241,688.7821,1139.485,634.3806,733.3794,1049.833,580.7778,769.2529,1041.987,644.9031,1062.402,631.17,918.8183,549.6547,979.4613,685.8481,969.25,556.3246,876.8602,699.338,1149.13,648.9724,741.4634,1060.873,592.7906,784.0454,1050.726,654.5361,1075.588,645.7286,930.3594,560.0225,986.5568,696.347,975.7143,564.3561
"2025-11-03 22:30:00",914,"NAN",11.93,852.8808,694.403,1142.844,637.3428,734.9383,1053.341,566.2491,764.7636,1043.954,647.1383,1064.956,632.6915,921.081,550.1076,981.3792,682.5831,971.1386,556.8705,879.8079,705.5353,1153.081,651.2288,743.362,1062.885,578.3157,779.7246,1052.821,656.6484,1078.461,647.1009,932.2213,560.5129,988.247,692.7463,977.8301,565.1157
"2025-11-03 22:45:00",915,"NAN",11.93,855.5118,701.5042,1146.561,639.4016,737.0554,1055.235,584.9253,760.3583,1045.812,648.4823,1067.153,633.3388,922.8186,550.0484,983.3777,679.6039,973.1855,557.3901,882.7233,712.4762,1156.417,653.4839,744.814,1065.392,597.4671,775.4622,1054.581,658.2247,1080.561,647.9755,934.2947,560.7549,990.2162,689.6528,980.3746,565.2947
"2025-11-03 23:00:00",916,"NAN",11.94,858.1274,707.2387,1149.456,640.5024,737.9724,1046.332,580.6205,755.1592,1047.334,649.6682,1068.226,634.1376,924.2269,550.3203,985.1237,677.1367,975.1451,557.7487,884.9247,718.04,1159.42,654.6961,746.267,1056.608,593.1039,770.3033,1056.109,659.1539,1081.967,649.0615,935.6339,560.7104,992.0594,687.3326,982.1346,566.0567
"2025-11-03 23:15:00",917,"NAN",11.93,860.8807,713.1599,1153.109,642.6598,739.1797,1047.181,546.989,749.7269,1048.829,650.7874,1070.457,634.9975,926.041,550.5862,987.1971,675.1603,977.6891,558.4366,887.7474,723.7982,1162.892,656.8314,747.5645,1057.25,558.6951,765.097,1057.904,660.1472,1083.839,649.8416,937.8389,560.8323,993.8929,685.3544,984.9019,566.4379
"2025-11-03 23:30:00",918,"NAN",11.92,863.915,717.7183,1156.503,644.6285,741.0313,1048.098,590.896,745.5264,1050.928,652.1743,1071.694,636.0234,928.0165,550.7902,988.8665,673.77,979.7477,559.2245,890.2543,727.8879,1165.927,658.6755,748.8977,1057.613,602.7468,760.2599,1059.04,661.2174,1085.179,650.3405,939.1321,560.6455,995.1795,683.7861,986.452,567.1165
"2025-11-03 23:45:00",919,"NAN",11.94,855.6359,709.1915,1150.131,635.0851,731.3394,1039.374,578.1938,729.7933,1042.191,642.1105,1064.173,625.5971,919.5514,539.1172,980.178,661.0018,971.7037,548.0278,891.7446,730.8364,1169.137,660.2289,750.3395,1059.014,602.2422,755.8341,1060.587,662.4847,1087.451,650.8489,940.8849,560.5745,997.1606,682.0878,988.8408,567.4308
"2025-11-04 00:00:00",920,"NAN",11.93,858.0007,712.1808,1153.256,637.257,732.7366,1040.12,577.1295,725.4214,1043.616,643.0234,1065.911,626.0223,921.5121,538.8478,981.9534,659.4894,973.7281,548.3619,893.457,733.95,1172.331,661.9178,751.7026,1059.311,601.0813,751.6356,1062.135,663.1587,1089.094,651.4383,942.4548,560.2335,998.8379,680.4594,990.772,567.5047
"2025-11-04 00:15:00",921,"NAN",11.93,860.3188,715.3774,1156.146,639.0182,734.1053,1039.249,577.0584,721.1523,1044.88,642.97,1067.551,626.5912,923.0508,538.5717,983.7991,657.5634,975.5157,548.4136,895.7043,737.2023,1175.221,664.0885,752.9271,1058.92,600.9714,747.3134,1063.149,663.1305,1090.816,651.7689,944.1022,559.8042,1000.48,678.9149,992.7328,567.6955
"2025-11-04 00:30:00",922,"NAN",11.92,862.1856,718.1393,1159.456,640.9862,737.8542,1047.332,551.3857,717.2541,1046.401,644.3486,1069.779,627.2393,924.981,538.7394,985.1076,656.3585,977.459,549.3454,897.7548,740.036,1178.29,665.5603,756.7256,1066.48,575.5189,743.2646,1064.878,664.3425,1092.704,652.2465,946.0427,559.9927,1001.701,677.3187,994.2952,568.2341
"2025-11-04 00:45:00",923,"NAN",11.9,864.7531,720.3757,1162.75,642.843,737.4643,1040.958,572.246,714.2344,1048.155,645.7224,1072.487,627.9553,926.7197,539.0198,986.5453,655.1074,979.8253,549.812,899.7485,742.2274,1181.183,667.0253,756.242,1060.068,596.076,739.9811,1066.273,665.4269,1095.072,652.7285,947.4985,559.7917,1003.087,675.8794,996.5998,568.7154
"2025-11-04 01:00:00",924,"NAN",11.93,853.2853,709.6086,1153.686,630.381,724.3519,1028.458,563.2318,696.437,1036.732,632.7654,1061.906,614.8875,915.2438,524.1395,974.8671,639.3259,968.2393,535.5003,900.7702,747.2445,1184.027,668.5416,757.1597,1060.751,603.2581,736.5286,1067.76,666.5179,1096.751,653.0465,948.9773,559.9366,1004.628,674.7031,997.7758,568.8291
"2025-11-04 01:15:00",925,"NAN",11.93,854.8744,711.7686,1155.796,631.263,724.8044,1028.427,563.9305,692.3461,1037.552,632.5428,1063.01,614.5818,916.1104,523.4493,975.6495,636.8914,969.6374,535.3062,902.8987,750.0245,1186.743,670.1313,758.37,1061.197,604.9315,733.2083,1069.074,667.04,1098.229,653.2213,950.7151,560.0157,1006.068,672.5967,1000.217,569.4473
"2025-11-04 01:30:00",926,"NAN",11.94,856.7547,713.526,1158.006,632.4958,725.6086,1028.327,528.1233,688.5858,1038.686,632.5132,1064.058,614.5349,917.5505,523.0467,976.6876,635.36,971.2596,535.4921,905.2643,751.6285,1189.181,672.0884,759.6738,1061.657,566.2092,729.5991,1070.378,667.239,1100.067,654.0081,952.2674,559.74,1007.208,671.5026,1002.177,570.2178
"2025-11-04 01:45:00",927,"NAN",11.92,858.2761,715.3612,1160.422,633.7304,726.5757,1028.494,561.816,685.4243,1039.215,632.8418,1066.353,614.532,918.7095,522.5333,977.6187,634.0465,972.8958,535.6213,907.0504,754.0275,1192.309,673.1782,760.5759,1061.77,603.1368,726.6406,1070.9,667.9604,1102.39,653.726,953.8034,559.617,1008.779,670.7512,1004.041,570.2302
"2025-11-04 02:00:00",928,"NAN",11.93,860.0783,716.3231,1162.045,634.8919,727.3432,1027.741,562.2366,682.3704,1040.307,633.1917,1068.357,614.5613,920.0587,522.0245,978.6254,632.8023,973.9357,535.6432,908.8442,755.2068,1193.888,674.3434,761.774,1061.335,603.8208,723.6863,1072.271,668.3781,1104.341,654.2215,955.459,559.1663,1009.807,669.6595,1004.961,570.5792
"2025-11-04 02:15:00",929,"NAN",11.9,861.9324,718.3668,1164.661,635.7815,727.9307,1029.416,560.7831,679.2319,1041.307,633.9182,1070.156,614.2065,921.2958,521.6362,979.828,631.5239,975.0313,535.8848,911.265,757.4484,1196.586,675.6329,762.5424,1063.257,602.9005,721.1122,1073.493,669.3367,1106.538,653.9779,956.7091,559.0785,1011.218,668.6159,1006.034,571.0087
"2025-11-04 02:30:00",930,"NAN",11.93,863.7163,720.9874,1166.571,637.0914,728.6962,1032.449,545.7859,676.441,1042.365,634.1938,1071.454,613.9968,922.6981,521.3467,980.5173,630.2393,976.5493,536.2219,913.1761,760.1589,1198.682,677.0594,763.5688,1066.412,588.3902,718.4187,1074.651,669.8998,1107.944,653.9366,958.5837,558.8644,1012.282,667.5641,1008.175,571.4923
"2025-11-04 02:45:00",931,"NAN",11.93,865.5138,724.1222,1169.158,638.0378,729.2873,1033.568,566.2719,674.002,1043.831,634.7751,1073.754,613.859,923.9518,521.3104,982.3217,629.3429,978.4731,536.5402,915.1498,764.1056,1201.042,678.5027,764.594,1067.887,608.8787,716.3015,1076.599,670.8456,1110.284,654.1399,959.8336,559.3797,1014.522,666.7435,1010.165,572.1833
"2025-11-04 03:00:00",932,"NAN",11.93,867.343,726.1102,1171.381,639.2687,730.1519,1034.927,563.7934,671.7716,1044.698,635.164,1075.535,613.6998,925.3993,521.2073,983.5131,628.0481,980.0856,536.906,917.0881,765.7335,1203.594,679.8209,765.3141,1069.325,606.722,714.5079,1077.308,671.2118,1112.798,654.5864,961.4726,559.3045,1015.548,665.5742,1012.182,572.8147
"2025-11-04 03:15:00",933,"NAN",11.93,869.0688,727.5399,1173.753,640.3773,731.0578,1035.944,551.4249,669.4857,1045.635,635.666,1077.202,613.7725,926.6498,520.9215,984.5432,627.3409,981.535,537.3411,919.0081,767.6229,1206.245,681.032,766.4169,1070.876,594.3322,712.435,1078.831,672.1418,1114.38,654.4543,962.9426,559.2188,1016.754,665.0324,1013.558,573.4954
"2025-11-04 03:30:00",934,"NAN",11.92,871.0574,728.9089,1175.941,641.2963,731.9057,1036.516,559.0975,667.5825,1046.729,634.7741,1078.497,613.5622,928.007,520.6798,985.8013,625.9967,983.4794,537.673,920.9106,768.8456,1208.847,681.8484,767.5407,1071.113,602.3203,710.4424,1079.648,671.2781,1115.962,654.5182,964.4409,559.0543,1018.299,663.9445,1015.943,573.7719
"2025-11-04 08:45:00",935,"NAN",11.94,897.5678,801.2095,1219.538,621.8173,762.6711,1076.685,601.2532,656.8882,1077.634,652.8691,1114.674,603.3012,957.8954,523.9335,1020.464,628.0063,1019.607,541.0797,944.5066,824.9059,1238.509,647.7831,783.3323,1097.522,626.8585,684.3715,1097.134,674.3372,1138.454,630.3964,980.4001,546.4854,1038.577,650.3321,1036.84,561.5492
"2025-11-04 09:00:00",936,"NAN",11.94,903.7381,816.2943,1225.914,628.8448,769.0132,1081.768,600.1048,660.6075,1082.662,657.3215,1119.055,610.1049,963.6788,526.5328,1022.24,631.2496,1023.37,543.3054,950.3027,839.8123,1244.987,654.6017,788.7548,1102.353,625.5087,687.7641,1102.033,678.4187,1142.626,636.4717,986.4193,548.8406,1039.855,653.3198,1040.5,563.5756
"2025-11-04 09:15:00",937,"NAN",11.93,894.3905,806.8542,1218.051,618.2128,757.4371,1068.988,536.2795,645.3749,1072.569,644.2913,1108.016,598.825,953.1429,511.5871,1008.202,616.5165,1011.34,527.8411,952.9076,846.3773,1249.392,659.4086,792.8746,1103.604,578.0159,688.1564,1105.374,680.604,1144.58,639.985,989.7934,549.8525,1040.135,654.785,1042.847,564.1239
"2025-11-04 09:30:00",938,"NAN",11.93,905.3383,813.1827,1221.076,622.2814,760.3704,1068.955,512.3634,644.7451,1074.608,645.2768,1109.07,600.6268,955.3709,511.3373,1008.518,616.8912,1012.112,527.7444,956.6907,853.6058,1252.872,663.593,796.163,1103.998,555.2703,688.1254,1107.759,681.8417,1146.017,642.0453,992.541,550.1577,1041.12,655.4996,1043.76,564.403
"2025-11-04 09:45:00",939,"NAN",11.9,908.1115,827.2027,1223.62,625.7641,762.9967,1069.163,459.3328,644.0595,1076.374,645.8073,1109.598,601.9934,957.0639,511.0201,1008.48,617.4568,1012.986,528.0816,959.9161,867.2268,1255.059,667.0509,799.1024,1104.299,501.274,687.3363,1109.714,682.1304,1146.304,643.4954,994.5419,549.7333,1040.878,656.0225,1044.591,564.4637
"2025-11-04 10:00:00",940,"NAN",11.93,911.1199,833.683,1225.775,628.7984,753.725,1033.227,461.49,643.566,1078.419,646.3563,1108.353,602.9966,959.0689,510.6027,1008.755,618.5402,1013.822,528.5076,962.3442,873.7298,1257.343,669.809,789.7187,1068.3,503.8353,686.7938,1111.472,682.7705,1145.411,644.5138,996.0979,549.5065,1041.284,657.3985,1045.409,565.0403
"2025-11-04 10:15:00",941,"NAN",11.94,918.6194,851.2015,1230.664,632.3697,758.3671,1036.708,427.8757,645.973,1085.245,649.7878,1116.131,605.5144,964.0269,512.1368,1012.505,623.2492,1018.345,529.6821,970.3856,891.4764,1261.937,673.3036,794.3409,1071.299,469.0567,689.3408,1118.31,686.5875,1153.442,647.4004,1001.2,551.0378,1044.963,662.7927,1050.784,566.5847
"2025-11-04 10:30:00",942,"NAN",11.93,925.6592,862.6844,1235.229,635.9598,764.9182,1050.741,433.3388,645.856,1089.978,653.9885,1123.612,605.8046,969.6729,515.3678,1013.236,629.2573,1021.376,532.0094,976.8521,902.9286,1266.269,676.3828,800.5878,1085.84,474.9315,689.1486,1122.941,690.3011,1159.735,646.9227,1006.652,554.1284,1045.724,668.6484,1053.471,568.4806
"2025-11-04 10:45:00",943,"NAN",11.94,932.9997,864.23,1239.307,639.925,774.5495,1070.958,448.4993,644.412,1096.387,660.2811,1130.047,605.4171,977.282,519.1968,1014.574,635.3474,1025.005,536.8397,983.9886,904.1234,1270.315,680.1547,810.2872,1104.945,490.8131,687.8729,1129.178,696.2504,1165.98,646.6915,1013.646,557.9983,1046.754,674.8277,1057.514,573.1354
"2025-11-04 11:00:00",944,"NAN",11.93,949.3505,869.093,1248.737,649.4269,797.0124,1102.279,476.5468,645.2595,1112.253,673.891,1148.956,603.5551,994.1901,531.2938,1021.465,646.3434,1036.645,549.169,999.8281,908.5383,1279.708,689.3287,831.9898,1135.845,519.1766,688.2747,1144.692,709.8844,1183.833,644.9666,1030.222,569.4888,1053.816,686.1976,1068.308,585.3447
"2025-11-04 11:15:00",945,"NAN",11.93,982.6938,870.0778,1279.316,680.2642,875.425,1223.356,499.9968,647.3812,1159.346,720.9365,1189.516,598.6259,1039.371,570.0066,1037.959,677.7868,1070.183,585.0194,1031.263,909.2572,1308.283,718.5755,908.5938,1253.08,542.7261,690.1468,1189.204,755.3054,1221.998,639.8708,1073.06,606.9839,1069.196,716.7325,1100.678,620.0799
"2025-11-04 11:30:00",946,"NAN",11.93,997.4933,864.2941,1304.664,700.4584,926.6387,1254.669,528.7116,645.3875,1192.006,755.0818,1211.455,593.2581,1064.376,591.2102,1044.115,689.8891,1088.232,609.6244,1045.342,903.6782,1332.62,738.0405,958.2593,1283.204,572.0902,688.0853,1220.572,788.1502,1242.293,634.3034,1096.842,627.0709,1075.032,728.0092,1117.935,643.5987
"2025-11-04 11:45:00",947,"NAN",11.9,997.2528,850.1677,1300.977,692.6244,929.8049,1229.76,543.6663,638.5433,1184.187,747.0709,1201.963,590.9017,1055.738,577.1107,1028.594,674.2244,1079.821,600.1343,1045.744,890.3061,1329.442,731.0893,962.0043,1259.966,587.7648,682.0954,1214.208,781.2457,1234.258,632.7533,1089.458,614.3166,1060.904,713.2576,1110.187,634.9885
"2025-11-04 12:00:00",948,"NAN",11.91,991.0848,847.8555,1291.187,680.8209,919.701,1207.353,555.9905,633.6746,1169.657,729.8165,1188.449,590.2894,1040.478,555.1987,1031.41,670.8231,1066.95,585.8027,1040.572,888.7397,1320.508,720.1077,952.7252,1239.334,600.3749,677.7937,1200.49,764.8846,1222.052,632.6326,1074.591,593.1035,1064.048,711.4023,1098.514,621.4289
"2025-11-04 12:15:00",949,"NAN",11.93,986.6155,843.6381,1281.687,675.5098,917.0282,1190.721,559.613,629.9895,1161.472,720.1359,1178.89,588.7124,1031.112,543.4769,1008.804,653.3846,1056.275,577.1603,1035.787,884.6974,1311.996,715.4314,950.3802,1223.069,603.9571,674.1819,1192.615,755.6332,1213.138,631.363,1065.921,581.8585,1041.406,694.1406,1088.473,613.5515
"2025-11-04 12:30:00",950,"NAN",11.93,1001.27,850.0291,1302.583,693.0919,935.3795,1186.674,565.3632,631.6952,1186.421,747.9858,1198.196,586.6236,1047.742,557.6326,1015.744,665.6285,1069.822,589.1724,1049.846,890.8397,1332.169,732.2452,967.6785,1218.763,609.8278,675.8033,1217.005,782.3787,1231.039,629.2527,1082.272,595.8748,1048.785,705.9728,1101.589,624.9276
"2025-11-04 12:45:00",951,"NAN",11.93,1028.415,877.4828,1330.275,723.0098,972.1897,1213.255,595.5361,655.3358,1219.176,780.4766,1219.258,608.1463,1064.475,581.9008,1037.323,691.2344,1095.52,617.4097,1059.037,894.53,1342.21,739.8782,983.7943,1226.112,613.0228,675.407,1230.874,793.6301,1234.172,627.6559,1079.715,596.5914,1050.338,721.4521,1106.846,629.1969
"2025-11-04 13:00:00",952,"NAN",11.9,1030.206,877.0988,1337.323,728.5375,993.6729,1227.097,597.8638,654.7128,1231.497,793.2761,1224.723,607.3079,1073.61,587.0558,1035.272,694.2322,1102.459,621.9369,1059.285,891.8969,1347.554,742.7678,1003.493,1238.633,612.8935,672.0052,1241.276,803.769,1237.224,624.8055,1085.983,598.7831,1044.377,708.0836,1111.189,631.8121
"2025-11-04 13:15:00",953,"NAN",11.89,1032.85,877.2092,1343.553,733.2504,1009.381,1242.14,598.2987,652.3588,1240.481,791.9598,1224.243,605.9009,1074.212,586.9532,1052.775,707.3628,1102.612,625.8279,1061.833,892.1293,1354.8,747.7302,1019.383,1253.892,613.7975,670.1328,1249.981,802.4537,1237.465,623.506,1087.584,599.1201,1062.049,722.7189,1111.5,635.8795
"2025-11-04 15:45:00",954,"NAN",11.93,890.6978,844.9732,1187.016,579.0802,756.9131,1049.575,572.7499,624.7115,1067.137,643.9501,1094.168,572.9684,931.5552,488.5811,974.1958,616.1775,995.9406,516.2749,943.6439,874.6152,1212.135,610.1808,782.485,1076.317,603.5676,657.5947,1092.309,670.6474,1123.429,604.842,959.2983,516.8851,998.0157,647.2549,1019.978,542.6888
"2025-11-04 16:00:00",955,"NAN",11.94,882.134,818.4393,1167.661,566.1863,740.9848,1022.975,546.178,606.0555,1047.734,627.9255,1074.811,561.0116,914.2028,472.6553,967.948,605.294,973.2298,500.2785,941.266,865.4671,1207.756,615.2073,784.9957,1066.493,596.9479,657.2585,1088.594,672.1925,1119.613,610.4039,958.899,519.2236,1008.733,654.6976,1013.956,544.803
"2025-11-04 16:15:00",956,"NAN",11.93,882.4892,809.2954,1166.77,570.7274,742.0574,1015.371,543.1373,605.5815,1046.803,628.2397,1072.248,563.5609,913.3703,473.3481,965.9265,599.9938,971.2499,501.5373,942.9876,857.1469,1208.021,620.8187,786.9211,1059.998,594.7809,657.5121,1088.748,673.2118,1117.728,613.8904,959.0081,520.6436,1007.217,650.0192,1012.436,546.8881
"2025-11-04 16:30:00",957,"NAN",11.94,893.7484,810.9909,1174.683,581.6912,742.4868,1006.087,534.9748,595.5634,1035.947,616.4648,1066.24,557.2091,911.1977,472.0545,948.9072,581.0669,977.4031,508.9929,944.0781,849.51,1206.421,622.1735,777.9302,1041.155,577.2422,638.1707,1068.808,652.4387,1102.932,597.949,947.8049,510.0318,981.2509,620.7678,1009.346,544.8502
"2025-11-04 16:45:00",958,"NAN",11.92,894.949,786.1183,1175.284,587.1913,742.6234,995.5585,535.6371,598.3411,1038.617,620.4615,1070.153,562.3131,913.5856,476.3771,951.2323,576.5309,979.0067,512.3109,944.7247,824.7826,1206.419,627.095,777.5162,1030.339,577.4362,640.8035,1071.16,656.3016,1106.196,602.6615,949.5388,513.9054,983.4977,615.3563,1010.797,547.6025
"2025-11-04 17:00:00",959,"NAN",11.94,895.1299,798.5213,1176.037,591.3369,741.9968,991.2324,535.0986,600.5934,1038.745,622.1122,1071.03,565.1417,916.5341,478.966,952.8986,575.5841,979.8048,514.7209,945.3347,837.0875,1207.655,631.5695,776.9639,1026.055,576.9385,642.8961,1071.73,657.8256,1107.188,605.5456,952.5297,516.8957,984.8602,614.0209,1011.346,550.3143
"2025-11-04 17:15:00",960,"NAN",11.93,894.9634,810.3677,1176.655,594.8964,741.4866,991.0433,533.9128,602.8962,1038.466,622.7725,1071.348,567.4932,915.0352,480.8304,954.3572,576.2715,980.1062,516.3091,945.21,849.273,1208.336,635.2382,776.9739,1026.089,576.3389,645.6449,1071.162,658.4678,1107.514,606.7385,951.4697,519.0833,986.0757,614.8933,1012.127,552.2998
"2025-11-04 17:30:00",961,"NAN",11.93,895.7817,823.9925,1179.051,599.2064,741.5853,993.0552,533.5565,604.9526,1038.54,624.2644,1072.498,570.1598,916.9506,482.8401,956.5594,577.2202,980.9144,518.4596,946.14,862.6152,1210.514,639.6073,777.0701,1027.879,575.6785,647.6202,1071.522,660.2565,1108.999,610.9453,953.0026,520.9929,988.7805,615.724,1012.633,554.2118
"2025-11-04 17:45:00",962,"NAN",11.94,895.8538,830.7744,1180.091,602.3412,741.0784,995.6865,532.1479,606.1289,1037.854,625.3279,1073.514,572.4223,918.0514,484.0314,957.6462,576.9857,981.3499,519.3707,946.3041,870.5173,1212.044,643.2241,776.4295,1030.999,574.7473,649.1177,1071.27,661.7891,1110.12,613.5009,954.5049,522.3316,990.3387,615.8682,1013.869,555.4439
"2025-11-04 18:00:00",963,"NAN",11.92,895.5419,835.6227,1181.384,604.9305,740.5117,997.5397,532.4411,607.0945,1037.118,626.3193,1074.62,573.8638,918.5688,484.8973,958.2213,574.9893,981.5151,520.2848,946.6421,875.1591,1214.234,646.5098,776.6729,1033.688,575.467,650.5646,1070.732,663.2283,1112.073,615.2923,955.8074,523.8716,991.2882,614.3885,1014.201,557.0552
"2025-11-04 18:15:00",964,"NAN",11.94,895.6674,843.5025,1183.31,607.4843,739.8831,999.2347,534.948,607.9701,1037.004,627.1376,1075.883,575.3547,919.7581,485.9353,959.0217,573.512,982.2837,521.2621,947.4468,883.5792,1216.02,649.4866,776.5461,1035.183,578.8336,652.1647,1071.046,664.5509,1113.704,617.4235,957.8194,525.3577,992.53,613.3257,1016.13,558.5477
"2025-11-04 18:30:00",965,"NAN",11.91,895.7317,849.1871,1185.22,610.215,739.4067,999.9319,533.5425,608.8605,1036.704,628.6357,1076.918,576.6014,920.5243,486.7112,959.8771,573.3579,982.8753,522.0303,948.358,889.3893,1218.896,652.4951,776.7675,1036.67,577.5964,653.7397,1072.059,666.2874,1115.008,619.0822,958.9874,526.8038,994.2728,613.2758,1016.637,559.6338
"2025-11-04 18:45:00",966,"NAN",11.94,896.1499,853.0921,1187.358,612.7939,739.1913,1000.423,533.8231,609.5557,1036.83,629.8574,1077.533,577.691,921.3589,487.1935,960.8193,573.0096,983.4012,522.9266,949.1082,894.2462,1221.306,655.5129,776.7594,1037.819,578.3432,654.8446,1072.471,668.147,1116.073,620.8284,960.2456,527.8511,995.7528,613.3849,1018.177,561.127
"2025-11-04 19:00:00",967,"NAN",11.94,897.1321,858.5374,1189.475,614.991,739.0775,1002.708,533.9004,610.3703,1037.212,630.8044,1078.308,578.7507,922.827,488.1058,962.2434,572.651,984.2374,524.1008,950.3905,899.5977,1223.467,658.4242,777.1688,1040.12,578.5939,655.868,1072.745,669.5159,1117.605,621.9355,961.9146,528.6776,997.1501,613.2161,1018.967,562.761
"2025-11-04 19:15:00",968,"NAN",11.9,897.8049,860.9595,1192.729,617.6755,739.2941,1006.551,534.5125,610.9182,1037.458,631.9198,1079.469,579.5372,923.9846,488.407,963.5985,572.9261,985.7647,525.3113,950.9296,902.2352,1227.063,660.9359,777.3879,1044.328,579.3663,656.5923,1073.192,670.7233,1118.783,622.991,962.9356,529.4198,998.6085,613.6749,1021.207,563.9694
"2025-11-04 19:30:00",969,"NAN",11.94,901.1382,863.5818,1195.356,619.8354,739.3898,1010.127,535.339,611.6266,1038.038,633.0267,1080.891,580.3392,925.0757,489.2414,965.4182,573.3331,985.4344,526.2031,954.6652,904.6973,1229.843,663.3159,778.2084,1048.047,580.4207,657.6984,1074.646,672.1933,1120.41,623.9858,964.6747,530.4008,1000.994,614.2928,1020.827,565.2122
"2025-11-04 19:45:00",970,"NAN",11.93,900.0206,866.6903,1198.628,621.7698,739.8654,1013.58,535.8292,611.9778,1038.434,633.6118,1081.797,580.8351,926.2044,489.6025,966.9149,572.8275,987.579,527.2709,953.7932,907.4934,1233.226,665.4529,778.7981,1051.825,581.2216,657.9594,1074.743,673.0106,1121.35,624.5068,965.8772,531.1169,1002.327,613.745,1022.863,566.309
"2025-11-04 20:00:00",971,"NAN",11.94,924.0483,892.2957,1221.659,647.3559,764.7456,1039.365,565.0936,638.301,1061.96,659.7438,1105.037,605.8597,950.1119,516.1426,991.9224,598.9417,1011.948,553.6987,957.7455,908.71,1235.892,666.6573,779.0204,1054.427,582.2704,659.1345,1075.977,674.7687,1123.275,625.7422,966.9943,531.9246,1003.929,614.0181,1024.054,567.3012
"2025-11-04 20:15:00",972,"NAN",11.94,927.7538,896.2332,1226.784,651.9456,768.0828,1044.309,567.6464,641.7733,1065.22,663.4202,1108.303,609.6801,954.1038,519.4435,996.1049,601.8804,1016.101,557.2851,958.9272,910.5391,1239.114,668.6172,779.7098,1056.555,582.1803,659.9128,1076.907,675.5935,1124.248,627.1029,969.0548,532.5646,1006.017,614.4309,1026.089,568.1126
"2025-11-04 20:30:00",973,"NAN",11.94,929.4245,899.7004,1230.165,653.7233,768.7029,1046.609,569.9048,642.3318,1066.634,664.89,1109.987,610.3688,955.6904,520.2206,998.0901,601.4667,1017.592,558.2423,960.4455,913.6057,1241.907,670.4658,779.8787,1058.879,584.3671,660.9147,1078.241,677.02,1125.55,627.7973,970.4027,533.078,1007.523,613.8412,1027.438,569.3241
"2025-11-04 20:45:00",974,"NAN",11.93,930.9326,894.5788,1233.332,655.7088,769.5825,1049.625,571.2324,643.7704,1067.788,665.551,1111.474,611.7092,959.446,521.1281,999.7863,600.4622,1018.727,559.5773,961.7913,907.8408,1244.987,672.0926,780.8567,1062.275,585.3951,661.3279,1078.903,677.5259,1127.116,628.6617,974.0116,534.0626,1009.064,612.5939,1028.938,570.0244
"2025-11-04 21:00:00",975,"NAN",11.94,932.0731,898.3845,1236.651,657.9781,770.5267,1052.654,570.3805,644.3135,1068.611,666.6419,1112.994,612.7103,958.4933,521.8599,1001.58,599.4789,1021.195,560.4109,963.2196,911.7948,1247.987,673.8999,781.4334,1064.512,584.4427,662.2709,1079.905,678.5941,1128.311,629.347,972.8901,534.5115,1010.901,611.2137,1031.092,571.199
"2025-11-04 21:15:00",976,"NAN",11.94,933.7552,901.7125,1239.686,659.6841,770.9592,1054.639,571.2244,645.1311,1070.198,667.8646,1113.896,613.1956,959.8273,523.004,1002.802,598.0524,1022.329,561.3798,964.8589,915.5787,1250.953,675.6577,781.9916,1066.95,585.1582,662.9733,1081.057,679.4996,1129.192,629.9388,974.1742,535.2978,1011.969,609.7411,1032.445,572.062
"2025-11-04 21:30:00",977,"NAN",11.93,934.3806,902.9696,1242.527,661.224,771.3018,1055.504,572.0064,645.2322,1070.566,668.8465,1114.761,613.6712,960.5195,522.8816,1004.257,596.7609,1024.187,562.0741,965.5995,917.3484,1254.062,677.5997,782.2761,1067.847,586.27,663.4699,1082.436,680.9647,1130.54,630.8474,975.6155,535.954,1013.727,608.634,1033.685,572.8062
"2025-11-04 21:45:00",978,"NAN",11.92,936.2068,901.1073,1245.194,662.5731,771.9466,1058.696,573.1635,646.0593,1071.904,669.8661,1115.911,614.5213,962.0535,523.7369,1005.989,596.2233,1025.642,562.9669,967.4497,915.266,1256.758,679.4943,783.3883,1071.216,587.4235,664.5366,1083.347,682.0355,1132.112,631.6379,976.8674,536.7145,1015.688,608.0399,1035.884,573.9443
"2025-11-04 22:00:00",979,"NAN",11.93,937.8849,902.7106,1248.622,664.4927,772.6926,1060.688,576.345,647.0606,1073.193,671.4331,1117.755,615.4167,963.3204,524.2782,1008.079,594.7608,1027.946,564.3185,969.2481,916.755,1260.202,680.9598,783.9615,1073.794,590.744,665.3881,1084.676,683.5333,1133.484,632.3846,978.129,537.2757,1017.677,606.7881,1037.899,575.0204
"2025-11-04 22:15:00",980,"NAN",11.93,939.4583,904.4141,1251.674,665.9186,773.7145,1061.208,575.0107,647.9161,1074.123,672.4876,1119.533,615.9618,964.5931,524.766,1009.72,593.9109,1029.564,564.8748,970.8092,918.725,1263.117,682.3795,784.7972,1073.967,589.4215,665.8661,1085.935,684.7432,1135.352,632.8863,979.209,537.9124,1019.406,605.7971,1039.594,575.6
"2025-11-04 22:30:00",981,"NAN",11.9,940.8156,883.5506,1254.827,667.5603,774.5573,1065.465,574.8865,648.8107,1075.979,673.369,1121.11,616.809,966.1978,525.3805,1011.286,593.735,1031.558,565.5965,972.3272,897.152,1266.426,683.6351,785.626,1077.797,589.1334,666.9913,1087.425,685.7988,1137.04,633.7106,981.1186,538.5593,1021.199,605.4605,1041.878,576.6676
"2025-11-04 22:45:00",982,"NAN",11.93,942.1028,875.9626,1257.58,668.8708,775.4423,1069.307,576.0986,649.4002,1077.291,674.5323,1122.428,617.4805,967.7257,525.8884,1012.795,593.4935,1033.342,566.5129,973.2509,890.4741,1269.53,685.0706,786.9698,1081.648,590.3394,667.685,1088.549,686.6093,1138.191,634.3808,982.675,539.0148,1022.331,605.5671,1043.236,577.4969
"2025-11-04 23:00:00",983,"NAN",11.93,931.6978,861.1443,1249.966,657.8045,763.2964,1060.062,563.0342,636.9458,1066.545,663.1986,1112.436,605.606,956.942,513.575,1002.253,580.538,1023.26,554.622,973.8809,887.5192,1271.964,686.5831,787.2403,1084.081,591.0962,668.0526,1089.737,687.8968,1139.44,635.1675,983.8375,539.6474,1024.01,604.9738,1045.082,578.1568
"2025-11-04 23:15:00",984,"NAN",11.93,935.7358,860.3628,1252.348,658.6861,764.0293,1062.121,562.3737,637.4319,1067.961,663.9672,1113.875,605.8524,958.2034,514.0836,1003.634,580.3437,1024.732,555.3599,977.8022,886.8685,1274.704,687.7691,788.3398,1086.452,590.5947,668.8778,1091.323,689.0444,1140.982,635.8816,985.1194,540.3204,1025.343,605.4299,1046.55,579.3422
"2025-11-04 23:30:00",985,"NAN",11.9,934.6275,860.7906,1254.783,659.0106,764.8165,1063.568,560.7866,637.8984,1068.933,664.7042,1114.859,606.4591,959.226,514.0795,1004.408,580.3069,1026.297,555.847,976.6331,887.095,1277.541,688.7796,788.9948,1088.442,589.5785,669.6227,1092.578,689.9241,1142.756,636.5847,986.4939,540.8303,1026.581,605.569,1048.57,580.2634
"2025-11-04 23:45:00",986,"NAN",11.94,935.7339,860.1201,1257.591,660.5945,765.6912,1065.542,563.6419,638.6207,1070.174,665.5132,1116.586,607.3276,961.0381,514.9374,1006.48,578.8551,1028.179,556.6105,978.3474,887.2747,1280.079,689.838,789.8699,1090,592.3669,670.1482,1093.801,690.976,1144.351,637.1966,988.404,541.1929,1028.537,604.357,1050.051,580.8817
"2025-11-05 00:00:00",987,"NAN",11.94,937.3405,861.6501,1260.886,662.2697,766.5259,1068.538,564.5082,639.5801,1071.911,666.9011,1118.21,607.7217,961.9433,515.3141,1008.125,578.6221,1029.833,557.5205,979.6544,887.6616,1282.913,691.3265,790.7854,1093.495,592.9978,671.2073,1095.398,691.6615,1145.448,638.1017,988.9109,541.6279,1029.702,603.5408,1051.858,581.754
"2025-11-05 00:15:00",988,"NAN",11.93,924.757,844.6978,1251.431,648.4666,751.8308,1056.731,548.6068,624.4144,1059.219,652.8558,1106.783,593.3538,949.3701,499.9079,995.343,562.5988,1017.796,542.4408,980.2335,887.1144,1285.688,692.8787,791.5147,1095.745,594.9255,671.6257,1096.599,692.8289,1147.043,638.409,990.4974,542.3302,1031.393,603.5931,1053.611,582.7027
"2025-11-05 00:30:00",989,"NAN",11.94,924.4949,843.2792,1252.612,647.8915,750.7601,1057.761,547.5034,623.144,1058.693,651.7593,1106.169,591.9885,950.7819,498.4421,995.0435,559.9749,1017.565,541.1309,981.413,887.8234,1288.696,694.1651,792.5614,1098.599,595.923,672.4374,1097.574,693.9464,1148.021,638.6905,994.0835,542.9215,1033.166,603.0245,1055.426,583.179
"2025-11-05 00:45:00",990,"NAN",11.94,925.7722,843.4867,1254.843,649.1975,751.4233,1060.569,548.7671,623.4375,1059.458,652.2677,1107.095,592.3715,949.5359,498.77,995.9362,559.6568,1019.673,541.4145,982.9009,888.9366,1291.399,695.6776,793.4503,1101.578,597.4482,672.8781,1098.755,694.9982,1149.945,639.4888,992.4299,543.5246,1034.511,602.9638,1058.039,583.5554
"2025-11-05 01:00:00",991,"NAN",11.9,927.3289,845.0821,1257.84,650.2771,752.1317,1063.486,550.4305,624.059,1060.898,653.2584,1108.379,592.7119,950.6122,499.2119,997.5505,559.3636,1021.658,541.8399,984.6154,889.4471,1294.229,696.8715,794.5176,1104.746,599.2326,673.5244,1100.733,695.7109,1150.926,639.9043,994.2079,544.2215,1035.655,602.8069,1060.053,584.3826
"2025-11-05 01:15:00",992,"NAN",11.93,928.5213,844.8203,1260.353,651.1577,753.0812,1065.638,551.6877,624.6213,1062.043,653.8495,1109.027,593.2483,952.0496,499.4522,998.8615,558.0148,1023.356,542.1067,985.8568,889.6586,1296.973,698.2448,795.438,1106.742,600.5185,674.4362,1101.808,696.6554,1152.023,640.6931,995.4818,544.589,1037.69,601.4439,1061.151,584.9239
"2025-11-05 01:30:00",993,"NAN",11.93,929.8756,844.259,1262.819,652.1483,753.8577,1068.499,552.764,625.0188,1063.095,654.175,1110.13,593.5646,953.0367,499.5004,999.7306,557.9806,1025.122,542.2897,987.562,889.6021,1299.56,699.1432,796.2197,1109.469,601.9105,675.0219,1103.152,697.6779,1153.7,640.9321,996.6278,544.8678,1039.052,602.022,1063.607,585.2669
"2025-11-05 01:45:00",994,"NAN",11.93,931.0366,842.4664,1265.124,652.9105,754.5204,1070.958,555.2335,625.3573,1064.311,654.923,1111.255,593.8985,953.994,499.6001,1000.198,558.0712,1026.442,542.4519,988.7894,887.4061,1302.217,700.0298,797.164,1112.107,604.7604,675.5673,1104.669,698.1528,1154.711,641.4742,997.5132,545.184,1039.438,602.1208,1064.812,585.4167
"2025-11-05 02:00:00",995,"NAN",11.92,932.4138,839.739,1267.321,653.6335,755.2885,1072.242,544.7731,625.5631,1065.645,655.6884,1112.506,594.0227,954.8179,499.7115,1001.461,558.6638,1027.827,542.5576,991.0073,885.4636,1304.501,701.1201,798.5776,1114.048,594.7979,676.3735,1106.258,699.2869,1155.922,642.2872,998.9792,545.6857,1040.993,603.0488,1067.114,585.9201
"2025-11-05 02:15:00",996,"NAN",11.93,933.5623,839.3309,1269.308,654.5472,756.1426,1073.701,549.6951,625.8737,1066.611,655.9615,1113.733,594.2226,955.6084,499.5175,1002.941,559.0743,1029.084,542.6358,992.1111,885.0433,1306.642,702.5761,799.4615,1115.582,599.9515,676.7596,1107.092,699.8452,1157.895,642.5389,999.8175,545.7357,1042.786,603.5699,1068.438,586.5101
"2025-11-05 02:30:00",997,"NAN",11.93,934.6332,838.277,1271.524,655.2293,756.7777,1075.492,552.9473,626.0134,1067.334,656.5258,1115.429,594.4542,956.254,499.6291,1004.396,559.4991,1030.285,542.6619,993.2838,884.1627,1309.198,702.9542,800.2024,1117.501,603.4063,677.0723,1108.122,700.6641,1159.297,642.8743,1000.392,545.8627,1044.441,603.985,1070.101,586.4569
"2025-11-05 02:45:00",998,"NAN",11.92,935.7067,838.7316,1273.346,655.9473,757.322,1076.872,555.8153,626.1781,1068.271,657.1913,1116.397,594.3657,956.5677,499.7267,1005.526,559.3369,1031.413,542.7365,994.8909,885.5614,1310.708,703.6702,800.755,1119.396,606.2911,677.5078,1109.28,701.2242,1160.607,642.8885,1000.983,546.2988,1045.539,603.9529,1070.55,586.5964
"2025-11-05 03:00:00",999,"NAN",11.9,939.1563,839.084,1274.647,656.7533,758.0405,1078.861,558.087,626.2089,1069.12,657.6,1117.286,594.3229,957.3198,499.7277,1006.264,559.5165,1032.09,542.7562,998.5368,885.989,1312.363,705.2038,801.8836,1121.07,608.8221,677.7052,1110.339,701.7013,1161.719,643.3218,1002.032,546.426,1046.68,604.5363,1071.583,587.0836
"2025-11-05 03:15:00",1000,"NAN",11.9,937.6074,840.8726,1276.389,657.4185,758.4451,1080.568,559.5539,626.4559,1069.653,658.1407,1119.135,594.4525,957.6655,499.8158,1007.482,560.1157,1033.016,542.99,997.0649,887.4641,1314.37,705.8145,802.5861,1123.104,610.3915,678.0726,1111.334,703.0695,1163.483,643.1867,1002.839,546.8143,1048.325,605.2789,1072.529,587.475
"2025-11-05 03:30:00",1001,"NAN",11.92,938.9402,834.581,1277.875,658.2909,758.8524,1082.523,557.3525,626.8708,1070.573,658.8141,1120.15,594.4979,958.4662,500.0615,1008.51,560.4785,1034.499,543.3455,998.6827,881.2776,1315.692,706.9548,803.166,1125.213,608.6752,678.602,1112.154,703.5048,1164.526,643.8486,1003.83,547.2685,1049.313,605.9155,1074.606,587.7723
"2025-11-05 03:45:00",1002,"NAN",11.93,940.0594,826.6302,1279.293,658.9476,759.5443,1083.99,561.2635,627.4523,1071.173,659.3678,1121.365,594.5871,959.1229,500.3461,1009.787,560.8315,1035.345,543.5402,1000.101,874.0409,1317.593,707.7087,803.6887,1126.837,612.3767,679.2711,1113.064,704.2552,1165.725,644.0122,1004.353,547.4504,1050.605,606.2181,1075.273,588.1813
"2025-11-05 04:00:00",1003,"NAN",11.92,941.2332,824.6185,1280.87,659.7663,760.3756,1086.227,563.7689,627.8025,1072.362,659.7811,1122.133,594.6069,959.8446,500.5752,1010.783,560.7043,1035.978,543.5475,1001.104,871.7237,1319.052,708.6866,804.7479,1128.979,614.9869,679.7385,1114,704.5249,1167.122,643.9477,1005.145,547.7905,1051.604,606.4124,1076.404,588.391
"2025-11-05 04:15:00",1004,"NAN",11.93,941.9191,822.24,1282.684,660.5468,760.7379,1087.67,563.8783,628.0464,1072.917,660.4854,1123.279,594.6647,962.4942,500.4896,1011.732,561.1831,1037.265,543.835,1002.168,869.6611,1320.968,709.3237,805.2938,1130.511,615.0715,680.0341,1114.898,705.609,1167.923,644.0297,1008.183,548.0746,1052.556,606.9352,1077.177,588.7698
"2025-11-05 04:30:00",1005,"NAN",11.93,943.025,822.2847,1284.338,661.2446,761.4016,1089.231,564.5724,628.4161,1074.193,661.0466,1124.173,594.6387,961.2053,500.8825,1012.703,561.4199,1038.564,544.1508,1003.211,869.9009,1322.69,710.3917,806.205,1132.472,615.9998,680.8614,1115.993,705.9605,1169.201,644.5734,1007.19,548.4855,1053.481,607.2684,1079.015,589.137
"2025-11-05 04:45:00",1006,"NAN",11.93,971.043,853.2488,1308.73,690.3353,791.0636,1117.042,597.7072,658.0397,1101.043,689.9604,1149.808,622.9412,988.3291,530.6818,1040.278,591.6357,1066.416,574.0868,1007.762,871.4871,1323.929,711.4108,806.9723,1134.139,617.5032,681.1101,1116.994,706.9967,1170.05,644.8788,1007.445,548.3619,1054.842,608.0191,1080.411,589.738
"2025-11-05 05:00:00",1007,"NAN",11.93,975.2253,858.626,1312.454,693.9523,794.4518,1122.025,602.1173,661.3875,1104.749,693.4646,1152.804,626.0001,991.6763,534.0524,1044.059,595.0287,1070.38,577.3538,1009.541,874.2415,1325.793,712.4495,807.4863,1136.2,618.7664,681.5473,1118.35,707.6165,1170.714,645.1151,1008.303,549.0344,1055.601,608.4418,1082.163,590.0026
"2025-11-05 05:15:00",1008,"NAN",11.91,976.9517,861.7768,1314.751,695.3226,795.3218,1124.652,598.663,661.9183,1106.037,694.3646,1153.602,626.4512,992.569,534.4639,1043.954,595.5557,1071.787,577.7736,1010.839,877.4514,1327.641,713.3217,808.3842,1139.114,614.9708,681.8576,1118.91,707.953,1171.064,645.3331,1008.899,549.4352,1055.133,608.6561,1083.212,590.6033
"2025-11-05 05:30:00",1009,"NAN",11.92,978.015,864.3715,1316.884,696.4874,796.1704,1127.228,537.3456,662.354,1106.825,695.77,1154.991,626.9922,993.6243,535.57,1045.237,596.3691,1072.982,578.4777,1011.841,879.1354,1329.503,714.2607,808.9921,1141.469,552.156,682.2918,1120.283,709.2319,1172.267,645.5327,1009.693,550.0325,1056.164,609.2576,1084.116,590.7742
"2025-11-05 05:45:00",1010,"NAN",11.9,980.0407,865.5831,1319.109,697.7546,796.9913,1129.932,588.7296,663.6649,1108.239,696.3414,1155.771,627.5386,995.1372,536.1851,1047.359,596.4135,1074.386,579.0259,1013.588,880.1593,1331.535,715.4685,810.1346,1143.659,604.8357,683.3071,1121.026,710.1556,1173.065,646.3652,1010.862,550.5189,1058.092,609.1597,1085.421,591.5361
"2025-11-05 06:00:00",1011,"NAN",11.93,981.2575,866.5579,1321.411,698.7943,798.315,1132.826,599.5008,664.3744,1109.299,697.1079,1157.944,628.1612,996.4743,536.658,1048.971,597.737,1075.983,579.6271,1015.03,881.2074,1334.341,716.7454,811.0127,1146.812,615.7045,684.0519,1122.194,710.9776,1174.985,646.5303,1011.734,551.0186,1060.544,610.4541,1086.828,591.7194
"2025-11-05 06:15:00",1012,"NAN",11.93,983.5364,866.5093,1323.747,700.393,799.5382,1135.79,604.9246,665.2786,1110.956,698.1122,1158.984,628.2447,997.5435,537.0308,1050.127,598.3663,1077.377,579.6481,1016.97,882.4244,1336.069,717.7651,811.9943,1149.284,620.9827,684.8875,1123.413,711.7495,1176.306,647.1821,1013.236,550.9791,1060.799,610.7824,1088.264,592.0184
"2025-11-05 06:30:00",1013,"NAN",11.91,985.3972,867.0123,1325.75,700.9616,800.0828,1138.562,608.9525,665.9775,1112.499,698.7359,1160.857,628.9561,998.9728,537.3303,1052.054,599.02,1078.529,580.1456,1017.957,882.054,1338.451,718.4341,812.5275,1151.781,624.6079,685.368,1124.793,712.4847,1178.323,646.9885,1014.022,551.3755,1063.421,611.1915,1089.279,592.2743
"2025-11-05 06:45:00",1014,"NAN",11.93,989.1408,865.5646,1327.993,701.6386,801.5013,1141.117,611.0807,666.8754,1113.845,699.9669,1162.3,629.2303,1000.356,537.3618,1053.368,598.856,1079.61,580.3654,1022.721,880.2341,1341.041,719.5379,813.8943,1154.163,627.1267,686.6696,1126.831,713.675,1179.651,647.8317,1015.882,551.8239,1064.702,611.6776,1090.643,591.998
"2025-11-05 07:00:00",1015,"NAN",11.94,988.0069,863.7754,1330.298,702.1469,802.3611,1142.594,613.182,668.0923,1115.617,700.9013,1164.109,629.7678,1001.673,537.7307,1055.543,600.0097,1080.558,579.9584,1021.528,879.1688,1342.607,719.7798,815.1271,1156.144,629.0953,687.5493,1128.586,714.6671,1181.163,648.0303,1017.264,551.8997,1066.622,612.6088,1091.69,592.0444
"2025-11-05 07:15:00",1016,"NAN",11.93,989.3212,862.3152,1332.181,703.0654,803.9362,1144.691,615.3177,668.1891,1117.032,701.4128,1164.847,629.2007,1003.221,537.1929,1056.021,600.2466,1081.27,579.6129,1023.039,878.0062,1345.11,720.9032,816.5604,1158.062,631.1445,688.1929,1129.827,715.0114,1182.193,648.1199,1018.893,551.5496,1067.412,613.04,1092.626,592.1655
"2025-11-05 07:30:00",1017,"NAN",11.93,988.9498,859.768,1334.606,703.855,805.1377,1146.416,617.4265,668.9589,1118.662,702.399,1166.516,628.8777,1004.174,536.9775,1057.38,601.6535,1082.801,579.3688,1022.91,875.3439,1346.645,720.9511,817.8008,1160.202,633.1743,689.0419,1131.704,716.0718,1183.595,647.5079,1019.735,551.6638,1068.518,614.5068,1093.891,591.6384
"2025-11-05 07:45:00",1018,"NAN",11.93,977.7584,842.406,1324.862,690.5118,792.6111,1135.875,605.1763,655.8799,1107.702,689.2773,1155.123,615.5403,992.8868,523.1149,1045.559,589.5305,1070.64,565.0041,1023.31,871.2146,1348.429,721.7123,818.9221,1161.875,635.8481,689.3707,1133.109,716.3766,1184.367,647.5726,1021.627,551.3653,1069.557,616.3734,1094.287,591.3192
"2025-11-05 08:00:00",1019,"NAN",11.93,978.9107,838.4803,1325.623,690.5493,793.7278,1136.322,607.1924,655.9449,1108.257,689.4865,1155.839,615.2367,995.7013,522.4214,1045.887,590.4687,1071.661,564.2453,1024.63,867.5958,1349.533,721.6043,820.1098,1162.607,637.9006,689.5668,1133.922,716.9935,1185.512,647.5013,1024.776,551.3153,1070.472,617.5844,1095.542,590.6639
"2025-11-05 08:15:00",1020,"NAN",11.93,980.6357,833.7417,1327.057,690.2835,794.5776,1137.937,608.297,655.7588,1109.835,688.9584,1156.246,614.7568,994.4764,521.725,1046.925,591.594,1072.023,563.3437,1025.791,863.5411,1351.022,721.8564,821.0245,1164.431,639.3893,689.8116,1135.165,716.7679,1186.092,647.1476,1023.244,550.5481,1071.476,618.992,1096.403,590.2981
"2025-11-05 08:30:00",1021,"NAN",11.93,982.272,831.1121,1328.933,691.0353,796.0651,1139.565,610.4814,656.4296,1111.205,689.5312,1157.664,614.5916,996.2465,521.7798,1048.201,592.1652,1073.64,562.8856,1028.337,860.8422,1353.015,722.0964,822.6552,1166.294,641.27,690.2722,1137.433,717.1353,1187.351,647.0015,1025.308,550.7109,1072.837,619.9181,1098.139,589.7159
"2025-11-05 08:45:00",1022,"NAN",11.93,984.3448,825.5074,1330.434,690.8503,797.474,1139.143,611.9456,656.9617,1113.095,690.291,1158.431,614.432,997.4948,521.6167,1049.091,591.6738,1074.637,562.3156,1030.005,854.8776,1353.646,722.1519,824.0556,1166.354,642.7837,690.9672,1138.596,717.4048,1187.964,646.6465,1026.018,550.4246,1073.08,619.2869,1098.382,589.1155
"2025-11-05 09:00:00",1023,"NAN",11.92,986.5411,821.7664,1332.045,691.3364,799.4347,1139.974,614.1984,657.7237,1115.37,691.3034,1159.219,614.7222,999.0656,521.7866,1050.146,591.0682,1075.984,562.2546,1031.663,850.4642,1355.286,722.4751,825.5557,1165.955,644.3778,691.3522,1140.261,718.5903,1188.167,646.577,1027.538,550.2495,1074.149,618.4385,1099.499,588.5927
"2025-11-05 09:15:00",1024,"NAN",11.93,972.1315,797.8067,1320.759,674.034,783.1088,1124.141,597.5309,640.9625,1101.998,675.087,1145.53,596.9005,984.5361,503.0352,1034.266,571.8867,1061.109,542.9467,1032.539,846.1165,1357.661,722.6185,827.6933,1166.663,648.666,692.8427,1143.336,720.1504,1190.759,646.4104,1029.563,550.6041,1075.543,618.7621,1101.277,588.2615
"2025-11-05 09:30:00",1025,"NAN",11.92,974.2593,789.1534,1322.999,674.1399,785.4713,1124.089,596.4871,641.35,1104.427,676.5213,1147.446,597.114,986.614,503.3541,1035.884,572.6178,1061.987,542.5889,1035.005,837.207,1359.796,723.0297,830.1071,1166.655,647.5242,693.1644,1145.346,721.5041,1191.949,646.8176,1031.631,550.6488,1076.755,619.2379,1102.127,587.4044
"2025-11-05 09:45:00",1026,"NAN",11.94,974.9342,775.8867,1323.083,673.782,787.2966,1123.361,597.5845,641.1476,1105.511,676.1204,1147.166,597.0974,987.6701,502.6955,1036.02,573.4942,1062.113,541.8397,1035.149,823.8961,1359.561,721.9559,831.6424,1165.759,648.0664,692.995,1146.622,720.6696,1191.192,646.4227,1032.547,549.8079,1076.551,620.2644,1101.969,586.6476
"2025-11-05 10:00:00",1027,"NAN",11.94,977.0107,762.2632,1324.537,673.7025,789.5446,1124.925,599.3214,641.9734,1108.583,677.2817,1149.829,596.9893,989.8453,502.5393,1037.366,575.1058,1063.296,541.4324,1037.502,810.4633,1360.904,722.2756,833.6353,1167.252,649.9882,693.918,1149.929,721.8554,1194.185,646.3646,1035.141,549.8642,1078.224,622.2912,1103.115,586.166
"2025-11-05 10:15:00",1028,"NAN",11.92,980.7065,745.2798,1326.572,673.698,792.4331,1129.75,601.655,643.4741,1111.915,679.1906,1153.168,596.6724,992.5023,502.575,1038.57,579.298,1064.733,540.9714,1041.237,794.0713,1362.687,722.1615,836.6802,1171.873,652.0744,695.4785,1153.06,723.7399,1197.2,646.2113,1037.371,549.7492,1078.838,626.8088,1104.204,585.9222
"2025-11-05 10:30:00",1029,"NAN",11.94,988.993,743.248,1330.354,674.4475,797.5292,1137.687,604.0019,645.0269,1116.667,682.2835,1159.13,595.5856,997.3376,504.178,1040.677,584.117,1067.985,541.591,1049.589,792.4451,1366.118,722.4914,841.598,1179.758,654.2675,696.5615,1157.625,726.4575,1202.728,644.8239,1042.372,551.1278,1080.916,631.3558,1107.911,586.4212
"2025-11-05 10:45:00",1030,"NAN",11.93,993.72,846.5101,1335.528,677.1438,806.9486,1153.984,605.8278,645.9029,1122.982,689.0736,1168.12,592.9025,1005.813,510.0591,1043.384,593.254,1071.455,545.2448,1053.761,894.8174,1371.254,724.9054,850.6658,1195.234,656.2975,697.4883,1163.488,733.1851,1211.062,642.0371,1050.545,556.6538,1083.575,641.205,1111.216,589.6389
"2025-11-05 11:00:00",1031,"NAN",11.9,1001.131,856.7162,1340.848,678.8489,816.3344,1173.74,607.3218,645.0789,1129.581,695.0322,1175.789,590.8999,1012.485,511.9109,1045.291,601.6116,1074.478,547.8834,1061.352,904.8713,1376.472,726.7413,860.0507,1214.523,657.9849,696.6662,1169.708,739.0298,1218.923,640.4234,1056.595,558.944,1085.48,649.5494,1114.312,592.6569
"2025-11-05 11:15:00",1032,"NAN",11.91,1026.223,873.9244,1365.335,702.1303,864.5254,1234.739,611.2636,648.8509,1166.81,729.3513,1210.001,587.7515,1049.452,541.9128,1060.06,628.738,1096.319,573.4243,1084.955,921.082,1399.057,748.6978,906.5474,1272.918,661.1712,700.1425,1205.009,772.3975,1250.541,637.032,1091.557,587.4171,1099.746,675.8807,1134.64,617.125
"2025-11-05 11:30:00",1033,"NAN",11.93,1041.959,878.1127,1388.367,720.5118,908.6975,1261.292,611.5315,647.3236,1190.777,760.9686,1229.356,582.605,1072.679,561.6113,1065.317,642.5784,1112.965,595.5585,1099.806,925.5914,1421.819,766.3768,949.5659,1298.217,661.7905,698.3666,1228.879,803.1982,1268.613,631.8379,1113.627,606.7325,1105.019,689.4821,1150.844,638.8551
"2025-11-05 11:45:00",1034,"NAN",11.94,1056.138,879.6708,1411.457,737.7118,943.3732,1276.377,614.5752,646.8843,1218.758,785.489,1242.214,580.2343,1089.902,572.437,1070.294,652.3311,1128.245,611.1383,1113.78,926.9048,1442.74,783.1954,983.4476,1313.718,664.9975,698.2673,1256.048,826.8703,1280.627,629.9104,1130.631,617.3398,1109.674,699.1562,1165.943,653.9384
"2025-11-05 12:00:00",1035,"NAN",11.91,1066.705,876.7005,1432.652,751.4096,976.5548,1294.096,615.9514,646.9602,1244.014,809.5527,1255.699,577.1141,1107.165,587.9098,1071.714,660.653,1143.723,619.6476,1124.149,924.6572,1462.88,796.4485,1015.876,1330.547,666.3384,698.5964,1280.219,850.3046,1293.678,627.1618,1147.067,632.6002,1111.378,707.3469,1181.049,662.5743
"2025-11-05 12:15:00",1036,"NAN",11.9,1067.872,869.9543,1440.212,750.8702,995.108,1286.568,614.3043,642.5627,1251.657,815.9891,1254.316,574.0995,1106.719,585.0518,1067.358,658.8247,1142.723,624.424,1125.572,917.6516,1470.329,796.2299,1034.617,1322.941,665.0571,694.4112,1287.989,856.8137,1292.311,624.1577,1147.451,630.0116,1106.921,705.5939,1180.119,667.454
"2025-11-05 12:30:00",1037,"NAN",11.93,1070.533,869.6976,1449.148,752.2849,1011.669,1287.222,615.205,641.9032,1262.112,823.9437,1256.892,571.79,1111.083,584.8205,1068.53,662.7044,1149.01,627.6724,1128.616,917.7584,1479.483,797.7132,1050.489,1323.914,666.4344,693.735,1298.223,864.8656,1294.73,622.3486,1151.559,629.9373,1108.325,709.5904,1186.474,670.7556
"2025-11-05 12:45:00",1038,"NAN",11.94,1061.828,860.7058,1437.258,740.9501,1008.263,1250.32,609.9313,635.2863,1250.687,811.8365,1241.11,569.0589,1094.786,567.9763,1053.086,647.3419,1138.009,615.7996,1120.474,909.4877,1468.818,787.098,1047.852,1289.324,661.8863,687.9648,1287.628,853.4711,1280.52,620.0008,1136.752,613.8615,1093.869,695.1688,1176.196,659.6714
"2025-11-05 13:00:00",1039,"NAN",11.91,1046.256,855.3516,1415.038,718.5267,983.8443,1204.718,605.5191,630.3001,1222.204,781.583,1219.126,567.2491,1068.336,538.1285,1031.595,626.6563,1116.71,593.1519,1106.849,905.2422,1448.585,766.4631,1024.648,1246.491,658.6099,683.962,1261.428,825.0577,1260.526,618.9713,1111.755,586.1547,1073.689,675.9244,1156.739,638.4147
"2025-11-05 13:15:00",1040,"NAN",11.94,1031.502,854.2059,1394.109,700.9922,962.3805,1162.935,600.0427,626.9031,1195.745,750.8913,1196.083,566.1788,1044.181,512.6384,1019.718,610.5892,1096.851,573.595,1092.941,904.4532,1429.537,750.1319,1004.672,1206.352,653.3618,680.8708,1235.377,796.1016,1240.13,618.5879,1089.421,561.6853,1062.811,661.199,1138.151,620.0869
"2025-11-05 13:30:00",1041,"NAN",11.93,1024.187,861.2774,1380.924,693.0515,947.5167,1142.626,604.1848,628.179,1179.342,725.8284,1181.784,567.8543,1028.18,500.0684,1016.673,602.8356,1085.067,561.6545,1086.603,911.8519,1416.411,742.9325,990.7336,1187.018,657.8669,682.7504,1220.392,771.7328,1226.505,620.2924,1074.083,549.771,1060.461,653.8829,1126.917,608.5419
"2025-11-05 13:45:00",1042,"NAN",11.91,1017.583,866.6545,1367.527,685.9141,934.3364,1131.593,602.9743,627.9828,1165.759,712.6284,1170.989,567.6775,1013.039,493.8036,1013.253,598.3783,1073.7,552.8063,1080.044,916.8892,1404.466,735.8809,977.8392,1175.798,656.4444,682.5421,1207.485,759.3812,1216.055,620.0724,1059.353,543.4046,1056.888,649.5518,1116.05,599.9836
"2025-11-05 14:00:00",1043,"NAN",11.93,1011.393,868.8832,1357.189,681.3961,924.3863,1127.229,601.754,627.5407,1156.46,706.2564,1162.184,567.008,1001.273,490.6674,1010.838,598.0372,1065.274,546.763,1074.581,919.2125,1394.805,731.7168,968.2097,1172.359,655.2319,682.23,1198.962,752.7112,1207.398,619.6641,1048.111,540.9059,1054.929,649.2761,1107.77,594.1785
"2025-11-05 14:15:00",1044,"NAN",11.93,1035.155,900.184,1368.453,706.1162,942.3683,1145.46,634.718,659.2076,1171.61,728.0199,1179.702,599.42,1019.153,521.0099,1038.111,626.1838,1085.414,573.5145,1072.26,917.8615,1383.343,724.4389,956.4853,1161.632,652.5131,681.1957,1185.974,743.6785,1198.436,619.8564,1037.051,537.4805,1051.164,644.5778,1098.918,588.0396
"2025-11-05 14:30:00",1045,"NAN",11.93,1022.243,891.3162,1354.475,697.117,928.2845,1124.201,632.2115,657.6038,1156.371,717.5229,1167.003,599.0873,1007.705,517.0172,1032.906,618.3198,1075.751,567.2057,1058.655,909.1624,1368.444,715.9339,941.6592,1140.057,649.3521,678.3675,1170.288,732.6771,1185.164,619.1707,1024.845,532.9689,1046.267,636.0538,1088.174,581.1143
"2025-11-05 14:45:00",1046,"NAN",11.93,1013.543,865.5424,1343.043,691.0207,912.7976,1109.205,629.224,653.8926,1141.67,707.2322,1155.535,598.978,997.5351,515.1541,1029.325,610.3401,1069.678,563.9536,1049.004,882.4169,1356.457,708.9369,926.0753,1124.776,645.9909,674.8572,1155.496,721.751,1173.259,618.2273,1014.98,530.4597,1042.07,627.3766,1081.996,577.4064
"2025-11-05 15:00:00",1047,"NAN",11.94,1013.426,863.7683,1340.382,690.4465,906.0099,1112.7,634.6125,660.5445,1141.849,708.8848,1157.74,602.1967,997.8048,518.2726,1032.652,613.0316,1071.52,563.6512,1049.599,880.3322,1354.534,708.8544,919.4201,1128.321,651.6585,681.0386,1156.046,723.5971,1175.973,621.7549,1014.666,533.9971,1045.274,630.3981,1083.291,577.3305
"2025-11-05 15:15:00",1048,"NAN",11.94,1005.919,867.6532,1331.127,686.0597,894.9624,1111.686,632.8307,659.978,1133.892,706.2231,1152.094,602.2723,992.5772,517.9014,1030.226,610.937,1065.161,561.8907,1042.461,884.4812,1344.973,704.9108,908.1836,1126.843,650.1978,680.4262,1148.435,721.0032,1170.288,622.2254,1009.839,533.5887,1043.108,627.9884,1077.589,575.4221
"2025-11-05 15:30:00",1049,"NAN",11.93,999.381,865.4268,1323.907,682.6503,884.1611,1105.968,632.1324,660.2573,1130.135,705.9579,1147.928,601.4879,990.944,517.7076,1029.641,608.8379,1061.439,560.6314,1049,885.8454,1338.935,704.3636,897.5298,1120.672,649.4401,680.9373,1143.682,719.8509,1165.882,622.4489,1009.092,534.4489,1042.912,626.0175,1074.191,574.7403
"2025-11-05 15:45:00",1050,"NAN",11.93,1012.073,875.1874,1311.584,675.4516,867.7463,1096.607,625.61,652.9377,1111.243,691.0862,1126.403,583.0902,978.8276,517.6327,1041.468,615.0232,1052.304,558.5209,1015.012,887.8883,1324.218,693.5718,881.2578,1112.456,644.0158,675.3481,1127.264,708.214,1147.92,606.988,998.7425,534.6696,1054.229,632.0484,1063.568,572.6356
"2025-11-05 16:00:00",1051,"NAN",11.93,981.4379,877.9053,1304.815,670.224,845.7629,1064.578,603.5477,627.9722,1088.608,669.9192,1117.679,575.4792,968.45,507.4166,1017.911,589.0165,1051.879,559.2783,1012.638,890.7739,1315.114,687.0089,857.1183,1078.362,619.1716,646.1345,1100.343,682.1034,1133.634,593.3413,983.7503,520.2963,1028.038,602.4789,1060.411,570.1132
"2025-11-05 16:15:00",1052,"NAN",11.93,979.5656,882.7152,1301.162,670.7139,834.8323,1047.011,603.2699,635.1847,1087.318,670.929,1121.867,578.939,968.0201,509.5019,1017.885,581.6265,1051.725,559.3346,1011.132,895.4559,1311.423,685.3052,844.7398,1058.292,616.4268,651.9355,1097.375,681.7938,1136.437,595.3271,981.4327,521.0516,1026.824,593.362,1059.849,569.088
"2025-11-05 16:30:00",1053,"NAN",11.89,981.965,907.9818,1302.65,674.8689,828.1868,1046.621,596.6288,639.934,1085.956,671.2159,1126.047,584.4998,970.0739,513.6994,1015.901,580.954,1053.509,563.0114,1013.163,920.8378,1313.182,690.2186,837.914,1058.06,609.517,657.1263,1096.433,682.4351,1140.48,600.4186,983.9911,525.7337,1024.89,592.3577,1061.129,572.4221
"2025-11-05 16:45:00",1054,"NAN",11.94,973.6198,910.2405,1295.199,668.0979,811.1057,1043.113,573.6008,631.7453,1068.647,657.4551,1119.253,577.9879,961.1084,506.2934,1008.517,572.0412,1045.557,554.3878,1012.862,933.3209,1314.415,693.6219,831.3396,1064.165,598.3936,659.7234,1089.424,679.4828,1142.931,604.7464,985.0854,529.5249,1027.419,594.6033,1063.442,575.0667
"2025-11-05 17:00:00",1055,"NAN",11.94,974.2734,914.2649,1293.973,670.2991,803.3981,1043.042,564.3709,629.6811,1059.034,653.6868,1118.725,580.4379,959.194,508.2194,1012.525,573.6735,1046.818,556.1945,1013.96,937.4044,1313.447,696.228,824.429,1065.032,589.8306,658.0474,1079.543,675.8418,1143.032,607.476,983.3998,531.7964,1031.668,596.2305,1065.61,577.5386
"2025-11-05 17:15:00",1056,"NAN",11.93,974.8438,915.5244,1292.69,672.746,796.8489,1041.134,565.2008,625.5239,1051.78,651.7646,1117.193,581.9772,955.2949,509.8735,1013.764,575.0569,1048.111,557.472,1014.519,938.7437,1311.903,698.8635,817.8998,1063.336,591.0228,654.4854,1073.265,674.1432,1141.748,609.3569,980.1318,533.5798,1033.826,597.9426,1067.064,579.0875
"2025-11-05 17:30:00",1057,"NAN",11.93,975.5583,913.3638,1290.009,675.0295,790.9263,1037.858,567.608,622.833,1047.95,651.2164,1114.259,583.1,951.207,511.3061,1010.602,576.012,1048.217,559.126,1014.716,936.7291,1309.75,700.895,812.2266,1059.689,593.159,651.6307,1069.006,673.5257,1138.854,610.185,975.61,534.7138,1030.161,598.8859,1067.023,580.4003
"2025-11-05 17:45:00",1058,"NAN",11.9,976.4323,916.0295,1287.545,676.9925,785.9863,1031.779,569.1282,621.467,1045.955,651.8633,1111.532,584.8837,948.4932,513.2101,1014.195,577.5734,1048.334,560.7231,1015.398,939.7527,1306.457,702.6842,806.9134,1053.458,594.5319,649.9313,1066.813,674.4956,1135.87,611.5693,972.936,536.4977,1033.301,600.0012,1066.757,581.9734
"2025-11-05 18:00:00",1059,"NAN",11.92,966.6057,902.3135,1274.52,665.1605,767.106,1015.538,557.8423,606.3499,1032.285,637.3723,1097.253,571.7806,933.97,499.839,1001.726,563.7224,1035.5,547.5529,1016.952,939.3396,1303.677,704.5814,801.7647,1050.048,598.9612,648.976,1065.442,673.1418,1133.182,612.2521,970.6813,537.5459,1033.89,600.6755,1066.464,582.8631
"2025-11-05 18:15:00",1060,"NAN",11.94,963.9688,901.8494,1271.667,666.4926,763.3568,1012.774,560.9435,605.8421,1031.472,636.9159,1094.011,572.6785,932.4908,500.6486,1015.741,571.0367,1033.878,548.1124,1014.296,938.7721,1301.078,706.223,798.4309,1047.877,602.6823,648.7335,1064.743,672.6694,1130.446,613.2206,969.5808,538.6387,1047.221,608.6091,1064.661,583.6559
"2025-11-05 18:30:00",1061,"NAN",11.93,963.7017,899.9631,1269.135,667.6146,760.208,1010.629,564.7234,605.703,1031.183,638.5711,1091.149,573.0424,931.5017,501.3206,1015.745,572.7017,1032.236,548.7361,1014.442,936.7238,1298.949,707.2744,795.5863,1045.815,606.5443,648.6964,1064.736,674.538,1127.345,613.7957,969.2166,539.5303,1047.829,610.3223,1063.659,584.8196
"2025-11-05 18:45:00",1062,"NAN",11.94,963.0981,898.8886,1266.853,668.5336,757.7344,1008.452,568.5404,605.5931,1031.138,639.6766,1088.192,573.8006,931.1182,501.986,1015.91,573.6508,1030.53,549.2913,1013.584,935.9753,1296.942,708.4224,793.323,1043.519,610.262,648.7974,1064.791,675.8938,1124.822,614.7969,968.9437,540.1266,1048.102,611.3403,1062.012,585.3114
"2025-11-05 19:00:00",1063,"NAN",11.92,962.8875,893.3859,1264.659,669.7399,755.7981,1006.737,572.2504,605.8736,1031.564,640.4578,1086.21,574.4098,930.8222,502.5143,1015.967,574.9578,1029.08,549.9163,1013.314,931.2208,1294.723,709.6018,791.1578,1041.968,613.8448,649.1074,1064.888,676.7612,1122.983,615.2117,968.6757,540.8677,1048.093,612.5914,1060.405,586.0586
"2025-11-05 19:15:00",1064,"NAN",11.93,962.1018,891.2823,1262.695,670.4986,754.0448,1006.319,575.9384,606.3337,1032.219,641.252,1084.143,574.9996,932.7001,502.9846,1016.286,575.6403,1027.408,550.5804,1012.84,929.0254,1292.953,710.5778,789.7446,1041.838,617.71,649.7391,1066.094,677.8618,1121.062,615.9975,970.7021,541.4991,1048.852,613.4209,1059.623,586.9224
"2025-11-05 19:30:00",1065,"NAN",11.94,961.8591,886.693,1260.951,671.0539,752.9805,1006.792,580.4621,606.884,1033.055,641.8243,1082.823,576.0759,930.6769,503.4073,1001.963,567.6234,1025.91,550.9862,1012.804,924.7473,1291.76,711.5382,788.7326,1042.08,622.5916,650.3909,1067.113,678.8265,1120.395,617.7234,968.1161,542.2445,1034.735,605.4181,1057.695,587.5605
"2025-11-05 19:45:00",1066,"NAN",11.93,960.5955,886.1002,1259.741,672.1271,752.0007,1006.223,585.6104,607.5048,1033.982,643.3527,1082.22,577.1624,930.5731,503.899,1002.775,568.4567,1024.729,551.4211,1012.047,924.5052,1290.526,712.5818,787.89,1042.213,627.5342,651.2692,1068.403,680.3418,1119.386,618.7945,968.4808,543.0203,1036.018,606.3895,1057.429,587.9877
"2025-11-05 20:00:00",1067,"NAN",11.92,960.4584,886.2541,1259.413,672.9717,751.2879,1006.78,588.3351,608.0897,1033.436,644.2488,1081.348,577.657,930.5757,504.2759,1003.437,568.323,1023.401,551.8619,1011.819,924.8207,1290.269,713.8107,787.8824,1043.002,630.7307,652.1329,1068.228,681.2573,1118.85,619.5274,969.1934,543.5017,1036.684,606.4042,1055.976,588.827
"2025-11-05 20:15:00",1068,"NAN",11.93,960.4082,886.418,1258.669,673.7029,751.1523,1006.732,591.2167,608.5931,1035.107,645.1133,1080.436,578.2806,930.7559,504.6168,1003.667,569.4147,1022.376,552.131,1011.85,925.4023,1290.188,714.954,787.8041,1042.963,633.6601,652.9197,1070.01,682.6287,1118.673,620.2569,969.4045,544.0309,1037.109,607.8498,1054.775,589.365
"2025-11-05 20:30:00",1069,"NAN",11.93,959.7725,888.4281,1257.965,674.3268,750.7885,1007.828,595.8307,609.0734,1036.15,645.3649,1079.81,578.9474,930.795,504.882,1004.543,569.7261,1021.372,552.4948,1011.37,927.6095,1289.819,715.6006,787.7762,1044.362,638.5479,653.7024,1070.671,682.9818,1117.973,621.3113,969.6082,544.6506,1038.05,608.2429,1054.156,589.956
"2025-11-05 20:45:00",1070,"NAN",11.9,959.2319,880.9689,1258.401,675.1672,750.5179,1008.698,597.2542,609.8604,1036.688,646.5596,1079.352,579.4691,930.9321,505.2152,1004.721,570.1419,1020.804,552.9205,1011.581,920.8277,1290.278,716.9528,787.5872,1045.938,640.2087,654.7673,1071.978,684.5137,1117.988,622.0744,970.1848,545.5865,1038.665,608.765,1054.295,590.6985
"2025-11-05 21:00:00",1071,"NAN",11.93,959.2068,888.8303,1258.42,676.105,750.7249,1011.881,600.0998,610.5685,1037.856,646.8618,1079.084,579.3907,931.3568,505.6221,1005.735,570.6564,1020.805,553.3538,1011.408,928.2295,1290.47,717.9973,788.0261,1048.792,643.447,655.5549,1073.375,684.8969,1117.936,622.1205,970.9002,545.9418,1039.583,609.4471,1054.272,591.2753
"2025-11-05 21:15:00",1072,"NAN",11.93,959.1753,891.5527,1258.97,676.9691,750.9377,1014.786,602.5475,611.2753,1038.788,647.7759,1079.476,580.2314,931.6053,505.9601,1006.516,571.1669,1019.943,553.6765,1011.295,931.6209,1291.523,718.9122,788.7097,1051.943,645.9835,656.5963,1074.481,686.428,1118.515,623.2913,970.9377,546.3485,1041.171,610.265,1054.179,591.9333
"2025-11-05 21:30:00",1073,"NAN",11.92,958.8062,896.2053,1259.862,677.6662,750.9929,1017.742,604.2142,611.9426,1039.778,648.7245,1079.862,580.1569,932.0726,506.4323,1007.634,571.4065,1019.811,554.0455,1011.444,936.2708,1292.769,719.767,788.8138,1055.217,647.7382,657.3517,1075.962,687.5198,1119.07,623.2323,971.9552,547.202,1042.654,610.6966,1053.91,592.6116
"2025-11-05 21:45:00",1074,"NAN",11.93,961.5391,897.8423,1261.487,678.6384,751.3434,1021.481,605.713,612.6138,1040.771,649.8074,1080.68,581.1959,932.7897,506.9721,1008.663,571.7463,1020.019,554.6653,1014.715,937.8169,1294.263,721.2854,789.6588,1059.199,649.2611,658.4821,1076.907,688.3945,1120.029,624.538,972.6139,547.8251,1043.845,611.122,1054.451,593.1609
"2025-11-05 22:00:00",1075,"NAN",11.93,959.1969,899.7531,1262.495,679.3289,751.5776,1024.077,606.9388,613.1888,1041.916,650.9106,1081.578,582.3145,933.7524,507.696,1009.527,572.1691,1020.686,555.318,1011.909,939.6737,1295.451,721.8672,789.9551,1061.76,650.5968,659.1454,1078.015,689.8124,1121.198,625.7719,974.1145,548.5746,1044.62,611.8665,1055.064,593.915
"2025-11-05 22:15:00",1076,"NAN",11.93,959.4302,901.4598,1263.716,679.7231,751.7513,1027.441,608.1436,613.7006,1042.887,651.8641,1082.215,583.3345,934.1763,508.0217,1010.966,572.3702,1020.742,555.4719,1012.721,941.3791,1296.679,722.466,790.3649,1065.186,651.9792,659.7054,1079.554,690.927,1121.907,627.0774,974.7147,549.4286,1046.146,612.2213,1055.663,594.1659
"2025-11-05 22:30:00",1077,"NAN",11.93,959.8791,900.3307,1265.144,680.3752,752.2261,1028.319,609.3397,614.1686,1043.469,652.6279,1082.833,583.9431,934.552,508.0928,1011.745,572.6559,1020.839,555.6784,1013.401,940.33,1298.091,723.384,790.7248,1066.479,653.3101,660.3433,1080.065,691.6645,1122.552,627.5097,974.8052,549.5305,1046.997,612.5344,1055.904,594.577
"2025-11-05 22:45:00",1078,"NAN",11.92,959.7672,904.1544,1266.302,680.5889,752.314,1030.416,610.0841,614.5706,1044.303,653.3898,1083.636,583.864,934.8451,508.2664,1012.843,573.1099,1021.28,555.6729,1013.736,944.4896,1299.689,723.9521,791.363,1068.883,654.3306,660.9223,1081.282,692.8452,1123.694,627.9214,975.5915,550.159,1048.392,613.2158,1056.387,595.0932
"2025-11-05 23:00:00",1079,"NAN",11.93,959.9036,905.463,1267.563,681.2026,752.7303,1033.316,612.2816,615.1418,1045.142,654.1223,1084.436,584.4974,937.9078,508.6532,1013.837,573.621,1021.874,555.8633,1013.76,946.181,1301.203,724.4474,792.0671,1071.59,656.8248,661.8762,1081.854,693.7536,1124.87,628.9742,978.9445,550.6504,1049.714,613.8345,1057.422,595.4141
"2025-11-05 23:15:00",1080,"NAN",11.92,960.5134,905.9881,1268.931,681.5833,753.3165,1036.006,612.366,615.7094,1045.804,649.9882,1085.217,584.7862,936.2536,508.7415,1014.305,574.0255,1022.007,555.9762,1014.657,947.0806,1302.136,725.1243,792.5108,1074.513,657.1259,662.6891,1082.628,689.6763,1125.637,629.4138,977.2408,550.9821,1050.228,614.5128,1057.312,595.8176
"2025-11-05 23:30:00",1081,"NAN",11.93,960.8688,907.4264,1270.18,682.0966,753.7714,1038.842,614.8068,616.1967,1045.568,652.3213,1086.045,585.0846,936.704,508.8482,1015.232,573.8308,1022.288,556.099,1015.085,948.2534,1303.909,725.9231,793.2725,1077.806,659.6644,663.1353,1083.04,692.4372,1126.82,629.7095,978.0807,551.2171,1051.501,614.4087,1058.252,595.9253
"2025-11-05 23:45:00",1082,"NAN",11.92,961.7382,911.1447,1271.62,682.455,754.142,1042.144,616.2689,616.7714,1046.797,653.8095,1086.747,585.2728,937.1625,509.1092,1015.42,574.215,1022.804,556.3031,1016.336,952.4673,1305.424,726.284,793.6268,1081.074,661.1339,663.9905,1084.648,694.2834,1127.457,629.8442,978.8042,551.5435,1051.949,614.83,1059.076,596.533
"2025-11-06 00:00:00",1083,"NAN",11.91,961.8497,911.3564,1273.182,682.6984,754.5964,1044.704,617.8617,617.3033,1047.193,655.1771,1087.507,585.5378,937.831,509.4889,1016.518,574.1213,1023.309,556.6654,1016.503,952.5906,1307.072,726.7113,794.4295,1083.442,662.9673,664.5635,1084.803,695.4595,1128.805,630.2863,979.092,552.2172,1053.405,614.7428,1059.012,596.9218
"2025-11-06 00:15:00",1084,"NAN",11.93,962.9222,875.8813,1273.751,683.1659,755.0688,1047.603,620.9041,617.6708,1048.15,656.0377,1087.881,585.91,938.5515,509.5162,1017.825,574.3877,1023.935,556.8845,1017.987,917.431,1307.965,727.2839,795.1086,1086.61,666.4874,665.1962,1085.976,696.7701,1129.057,631.02,980.4396,552.3017,1054.203,615.4335,1060.325,597.3936
"2025-11-06 00:30:00",1085,"NAN",11.93,963.6514,858.7149,1276.151,683.3431,755.8097,1050.38,618.9139,618.3439,1049.047,656.665,1088.386,586.0243,939.1547,509.8521,1018.939,575.5513,1024.887,557.3715,1018.621,901.0589,1310.405,727.8049,796.0801,1089.523,664.4666,666.1008,1087.059,697.5555,1129.767,631.2721,981.2264,552.9733,1055.753,616.8414,1061.531,597.9261
"2025-11-06 00:45:00",1086,"NAN",11.93,964.3859,857.2142,1277.251,683.7872,756.5104,1053.536,619.1423,618.9667,1049.985,657.5174,1088.588,585.7184,939.7381,510.0942,1019.913,576.1456,1025.295,557.4382,1019.323,900.3154,1312,728.3712,796.6574,1093.05,665.0301,666.8652,1088.168,698.5937,1130.354,631.2453,981.6135,553.4509,1056.827,617.5925,1061.816,598.4249
"2025-11-06 01:00:00",1087,"NAN",11.93,965.4165,857.8384,1279.121,684.5045,757.2264,1056.714,620.4898,619.6501,1050.755,658.2925,1089.257,585.7449,940.4374,510.4321,1020.951,576.6076,1026.236,557.6469,1020.823,900.5558,1313.834,729.1733,797.8992,1096.001,666.6544,667.6873,1089.324,699.3342,1130.929,631.2542,982.7161,553.8411,1057.8,617.8795,1062.783,598.4316
"2025-11-06 01:15:00",1088,"NAN",11.93,965.6498,857.6102,1281.013,685.3745,757.8646,1059.861,620.4576,620.1465,1051.624,658.6641,1090.244,585.7401,941.0649,510.8448,1021.933,576.8276,1026.745,557.8471,1021.287,901.1704,1316.168,730.2523,798.6006,1099.721,667.0644,668.3504,1090.135,700.2599,1132.412,631.5829,983.189,554.6611,1059.032,618.6352,1063.554,599.3046
"2025-11-06 01:30:00",1089,"NAN",11.9,968.9741,857.6682,1282.462,685.8278,758.3226,1062.613,615.7974,620.6457,1052.505,659.7712,1091.277,585.295,941.6044,511.0442,1022.764,576.8487,1026.963,558.0637,1025.385,901.0691,1317.494,730.9583,799.3111,1102.489,663.0581,669.4421,1091.537,701.38,1133.382,631.4159,984.4698,554.9053,1060.592,618.5941,1064.253,599.3617
"2025-11-06 01:45:00",1090,"NAN",11.92,967.1982,858.6653,1283.196,685.7312,757.9711,1063.313,617.8839,621.1646,1053.271,660.4669,1091.679,585.4721,942.0951,511.1333,1023.357,576.4073,1026.821,558.3271,1023.159,902.5435,1318.01,731.5925,799.1736,1103.705,665.4615,670.0186,1092.263,702.3736,1134.113,631.7297,985.1511,555.0235,1061.065,618.1899,1064.454,600.0901
"2025-11-06 02:00:00",1091,"NAN",11.93,967.8691,859.0651,1285.12,686.1014,759.0332,1065.733,620.2009,621.6495,1053.573,661.2248,1092.586,586.1015,942.8706,511.2826,1024.372,576.7404,1027.402,558.682,1024.038,903.4746,1320.685,731.8243,800.444,1106.322,667.6251,670.4197,1092.876,703.2012,1135.109,632.4893,985.6805,555.4066,1062.662,618.6172,1064.84,600.6588
"2025-11-06 02:15:00",1092,"NAN",11.93,969.0574,859.0947,1287.232,685.7324,759.7108,1068.613,620.6732,622.4643,1054.909,662.0689,1093.479,586.7681,943.7788,511.7443,1025.427,576.1371,1028.246,558.8102,1025.296,903.379,1322.499,731.3556,801.1645,1109.213,668.2197,671.6036,1093.844,704.2437,1136.151,633.3488,987.1255,556.0669,1063.721,618.2796,1065.775,601.0038
"2025-11-06 02:30:00",1093,"NAN",11.91,969.9841,858.5867,1289.158,685.5741,760.9635,1071.549,622.0775,623.1878,1055.864,662.7723,1094.976,587.5061,944.9764,512.0995,1026.571,576.3198,1029.676,558.9905,1026.356,903.2133,1324.693,731.5211,802.5153,1112.349,669.6659,672.4852,1095.557,705.0967,1137.899,634.4631,988.3285,556.6171,1065.117,618.5241,1067.387,601.1296
"2025-11-06 02:45:00",1094,"NAN",11.91,970.4119,685.6857,1288.662,685.9421,761.4185,1073.844,620.9146,623.9264,1057.396,663.9973,1096.212,588.3866,948.1326,512.4464,1027.667,577.6611,1030.812,558.6765,1027.443,885.7202,1325.669,732.2461,804.0229,1115.076,669.0659,673.8485,1097.052,706.7294,1139.329,635.8328,992.2921,557.5385,1066.352,620.3128,1068.645,601.3924
"2025-11-06 03:00:00",1095,"NAN",11.91,998.1819,882.6566,1313.764,715.1637,791.726,1102.88,655.02,654.073,1084.971,693.8528,1123.013,617.6417,973.9243,542.7936,1055.805,608.4808,1058.787,588.5123,1031.654,897.9643,1326.671,733.1668,804.9385,1116.994,670.8307,674.2764,1098.383,707.9332,1140.66,636.3737,990.8591,557.6709,1067.065,620.9929,1070.302,601.1752
"2025-11-06 03:15:00",1096,"NAN",11.93,999.2778,884.2754,1315.078,716.5013,793.0794,1105.464,655.1492,655.0521,1086.493,694.9487,1124.309,618.4252,975.2563,542.9927,1056.357,608.9636,1059.959,589.2698,1032.72,899.1297,1327.719,733.8801,805.7897,1119.605,670.835,675.106,1099.339,708.4492,1141.719,636.7783,991.5446,557.6534,1067.522,621.4572,1071.475,601.436
"2025-11-06 03:30:00",1097,"NAN",11.93,1000.585,885.7261,1316.785,716.7324,793.8666,1108.693,655.6707,655.7277,1087.604,696.1779,1124.984,619.0635,975.9089,543.5888,1057.426,609.2642,1061.143,589.686,1033.289,900.4362,1329.504,734.118,806.4567,1122.742,671.2808,675.4143,1100.161,709.1891,1141.967,636.924,992.5405,557.6389,1068.679,621.4835,1072.152,601.8064
"2025-11-06 03:45:00",1098,"NAN",11.93,1001.265,886.882,1318.714,717.3608,794.4437,1111.292,655.1971,656.3776,1088.169,696.4434,1125.601,619.4658,976.4337,543.4561,1058.545,609.5806,1062.27,589.6547,1034.2,901.4794,1331.265,734.8318,806.9366,1125.175,670.7818,675.9628,1101.005,709.8663,1142.729,637.5991,993.34,557.9821,1069.568,621.8268,1073.09,601.9169
"2025-11-06 04:00:00",1099,"NAN",11.9,1002.631,888.5472,1320.902,718.5356,795.3151,1113.554,657.0278,657.0799,1089.089,697.424,1126.511,620.3301,977.3224,544.0049,1058.98,609.6826,1063.548,590.1175,1035.415,903.3044,1332.934,735.6809,807.5977,1127.594,672.447,676.8372,1101.952,710.4276,1143.786,638.4639,993.7265,558.0368,1070.202,621.9153,1074.543,601.9362
"2025-11-06 04:15:00",1100,"NAN",11.92,1003.669,889.9142,1322.889,719.2571,796.0231,1116.504,655.3431,657.6725,1090.373,698.1757,1127.717,620.7007,977.918,543.9975,1058.927,608.6401,1064.29,590.5851,1036.723,904.3612,1335.185,736.4651,808.3143,1130.65,670.5887,677.1608,1102.879,711.3008,1144.569,638.7203,994.4606,558.1965,1070.064,620.2933,1075.391,602.4349
"2025-11-06 04:30:00",1101,"NAN",11.93,1004.933,891.4055,1324.42,720.3182,797.2708,1119.268,655.3083,658.5922,1091.086,699.0153,1128.271,621.4072,978.7237,544.556,1060.2,609.3051,1064.773,590.9991,1037.582,906.1213,1336.762,737.5063,809.4504,1132.803,670.4563,678.0325,1103.589,712.0937,1145.079,639.3624,994.9017,558.4963,1071.113,621.3577,1075.731,602.8094
"2025-11-06 04:45:00",1102,"NAN",11.93,1005.748,892.6935,1326.805,721.1547,798.0424,1122.047,654.9709,659.3994,1092.145,699.8267,1128.61,621.826,979.5504,545.2026,1061.575,610.4507,1066.058,591.1216,1038.373,907.6287,1338.785,738.2386,810.2825,1135.744,670.0259,678.491,1104.596,712.8021,1145.308,639.7169,995.7719,559.1793,1072.195,622.1301,1077.04,603.1452
"2025-11-06 05:00:00",1103,"NAN",11.92,1006.663,893.8918,1328.236,721.6292,799.0998,1124.77,654.004,659.9276,1092.968,700.6988,1129.797,622.2858,980.1493,545.599,1062.59,610.1508,1065.962,591.4059,1039.389,908.9238,1340.392,738.5843,811.1435,1138.257,669.1116,679.4538,1105.586,713.5715,1146.379,640.2207,996.3859,559.6223,1073.433,622.1109,1076.981,603.3273
"2025-11-06 05:15:00",1104,"NAN",11.93,1010.786,894.5043,1330.073,722.9377,800.1811,1127.529,654.7202,661.0863,1094.337,701.7829,1131.137,623.1559,981.183,546.3734,1063.888,611.3443,1067.771,592.0529,1043.24,909.3331,1342.261,739.7656,812.4377,1141.29,669.7419,680.2859,1106.724,714.7925,1147.774,640.6846,997.7561,560.654,1074.456,623.2911,1078.639,603.7352
"2025-11-06 05:30:00",1105,"NAN",11.91,996.9929,882.9429,1321.279,711.1274,788.1337,1118.941,642.4913,648.6541,1083.095,689.7216,1120.41,611.1678,970.1417,533.7031,1052.915,597.9783,1057.027,579.1525,1040.251,910.1055,1344.037,740.8137,812.9677,1144.206,671.4244,681.168,1107.454,715.5997,1148.719,641.6718,998.3356,560.8427,1075.398,621.8957,1080.078,604.0863
"2025-11-06 05:45:00",1106,"NAN",11.92,998.1703,885.0446,1323.182,711.9384,789.3033,1121.792,638.413,649.4878,1084.419,690.61,1121.743,611.764,971.2228,534.0481,1054.013,597.3014,1058.358,579.5002,1041.269,912.3271,1345.442,741.8052,814.2188,1147.152,667.5321,681.8889,1108.701,716.5958,1150.505,642.4717,999.4528,561.4932,1076.766,622.3187,1081.453,604.3665
"2025-11-06 06:00:00",1107,"NAN",11.9,998.6913,886.3973,1324.452,712.8121,789.4233,1123.506,641.8464,649.8162,1085.095,691.2523,1122.547,612.1355,971.9185,534.006,1054.962,596.9467,1059.13,579.7308,1042.101,914.5958,1347.519,742.7719,814.8885,1148.84,671.2846,682.8315,1110.205,717.7297,1151.128,642.9189,1000.288,561.7884,1078.309,622.4634,1082.785,605.0089
"2025-11-06 06:15:00",1108,"NAN",11.92,1000.364,888.3889,1327.2,714.2546,790.6663,1125.088,648.3434,650.7896,1086.098,691.9943,1123.928,612.841,972.8069,534.5536,1056.665,598.0319,1059.803,580.2288,1043.649,916.5201,1350.165,743.6764,815.8961,1150.792,677.7155,683.5223,1110.815,718.3514,1152.724,643.5001,1001.548,562.2413,1079.534,623.4839,1083.087,605.6096
"2025-11-06 06:30:00",1109,"NAN",11.93,1003.034,889.9045,1330.409,715.7991,792.6501,1129.394,648.5837,652.9689,1088.277,693.735,1126.044,613.4478,976.6274,534.9749,1058.18,598.6475,1061.137,580.4921,1046.511,917.9206,1353.085,745.5695,817.9743,1154.9,677.7692,685.7481,1112.803,719.8653,1154.856,644.2815,1005.179,562.3414,1081.342,623.6445,1083.941,605.6098
"2025-11-06 06:45:00",1110,"NAN",11.89,1005.662,888.18,1333.854,717.7198,795.7451,1134.236,657.2607,655.5565,1091.385,695.8816,1127.973,613.9288,976.2156,534.8679,1059.994,598.6842,1062.472,580.1713,1049.189,916.0215,1356.457,746.9681,820.4828,1159.374,686.0586,688.2756,1116.064,721.8195,1156.179,644.431,1003.998,562.1343,1082.553,623.6724,1085.298,605.2551
"2025-11-06 07:00:00",1111,"NAN",11.93,992.1151,866.7249,1323.849,701.4247,781.2225,1122.455,644.5906,639.8924,1078.171,680.4058,1114.897,596.5563,961.4307,516.0049,1044.239,580.6451,1046.722,560.5354,1050.589,913.219,1359.722,748.6563,824.0945,1163.805,693.6743,690.6442,1119.114,724.1463,1158.862,644.8248,1006.397,562.2789,1084.17,624.6694,1086.152,604.3662
"2025-11-06 07:15:00",1112,"NAN",11.93,994.7109,857.6538,1326.694,701.8536,784.433,1125.049,628.6144,641.074,1080.792,681.7689,1116.832,596.6156,963.5426,515.7498,1045.847,581.9438,1047.884,559.3002,1053.729,904.5233,1362.913,749.2358,827.8631,1166.277,677.9965,692.3286,1121.703,726.0944,1161.26,645.1723,1008.998,562.4211,1085.714,626.3714,1087.698,603.7137
"2025-11-06 07:30:00",1113,"NAN",11.92,997.6341,846.1444,1329.287,701.4627,787.4105,1127.052,649.6345,641.9839,1083.836,683.2726,1120.65,597.5656,966.6926,515.6929,1047.696,583.5637,1049.623,558.3125,1056.891,893.7311,1365.698,748.9473,831.2,1168.693,698.8715,693.2246,1125.347,727.6079,1165.503,646.5523,1012.382,562.6465,1087.935,628.8102,1090.07,602.8908
"2025-11-06 07:45:00",1114,"NAN",11.93,998.6298,825.0045,1330.884,700.3333,789.0458,1126.04,649.4501,641.3008,1085.733,683.8433,1121.558,597.761,968.4286,514.8623,1048.244,583.3453,1050.661,557.9102,1057.992,872.2375,1366.912,747.9943,832.6138,1167.674,699.0449,692.6145,1126.831,727.9985,1166.15,646.4326,1014.058,561.4161,1088.022,628.6073,1090.873,602.0802
"2025-11-06 08:00:00",1115,"NAN",11.94,1001.651,808.8454,1332.968,700.2802,792.0727,1126.334,651.1022,641.697,1088.519,684.4191,1125.379,598.1347,971.1544,514.5208,1049.754,585.5236,1053.838,558.2862,1060.959,855.9713,1368.732,747.434,835.2969,1167.744,700.0229,692.5693,1129.533,728.3278,1169.489,646.5623,1016.576,561.1979,1089.667,630.814,1093.36,602.3007
"2025-11-06 08:15:00",1116,"NAN",11.93,1004.76,817.4609,1335.381,700.1797,795.1975,1126.617,620.5787,641.5025,1091.547,685.028,1127.66,598.4897,973.2354,513.755,1050.12,587.515,1055.93,558.6391,1063.578,864.7225,1370.538,746.8643,838.2939,1167.3,670.2157,691.9951,1132.171,728.6768,1171.266,646.2249,1017.866,559.6389,1089.341,632.6488,1094.838,602.0168
"2025-11-06 08:30:00",1117,"NAN",11.94,1005.784,877.8435,1336.641,697.9726,797.0538,1125.717,643.7373,640.2396,1092.17,684.1846,1127.003,596.1001,973.1154,511.868,1049.286,587.0848,1055.613,558.2802,1064.363,923.4581,1370.973,744.6974,839.3937,1166.151,692.3286,690.4362,1131.816,727.4827,1169.988,643.4883,1017.042,557.5764,1088.147,631.997,1094.327,601.4546
"2025-11-06 08:45:00",1118,"NAN",11.9,1011.155,907.6719,1340.13,697.9435,801.4153,1131.809,644.7694,640.877,1096.715,686.6434,1133.537,594.7231,976.9539,512.4919,1051.376,591.5879,1059.467,559.7629,1069.749,952.6279,1374.627,744.3786,843.6485,1171.805,693.4135,690.7139,1136.371,729.5797,1176.369,642.0562,1021.351,558.006,1090.327,636.9423,1097.525,602.9965
"2025-11-06 09:00:00",1119,"NAN",11.93,1017.01,929.8414,1342.513,697.4802,806.191,1140.268,644.9518,640.3154,1099.975,690.3665,1136.885,590.9929,979.2525,513.7416,1050.428,595.0375,1060.536,561.5859,1075.538,974.3297,1376.617,743.6785,848.149,1180.094,693.2823,689.9893,1139.647,733.0612,1179.255,638.1536,1022.958,558.9125,1089.109,640.3796,1098.506,604.3954
"2025-11-06 09:15:00",1120,"NAN",11.93,1018.489,930.2734,1343.951,696.8809,810.6067,1146.928,647.6182,639.0068,1103.622,693.8595,1139.702,586.9469,981.3539,513.6882,1048.228,597.5842,1062.327,563.4326,1076.975,975.0997,1378.481,742.8727,852.6854,1186.762,696.2715,689.0164,1143.4,736.4794,1182.204,634.3854,1025.428,559.0491,1086.992,643.491,1101.234,606.3365
"2025-11-06 09:30:00",1121,"NAN",11.93,1024.293,926.3079,1347.457,696.6617,816.122,1164.75,646.4509,637.0988,1108.967,699.4722,1145.29,583.0153,986.1971,516.1501,1048.005,602.4084,1065.712,567.7715,1082.997,971.3646,1381.772,743.0474,858.1423,1204.013,695.4968,687.2938,1148.027,741.9193,1187.515,630.5462,1030.104,561.2991,1086.787,648.3938,1104.208,610.6454
"2025-11-06 09:45:00",1122,"NAN",11.93,1026.499,921.4644,1348.535,695.9491,820.4581,1166.782,648.7575,635.0554,1111.171,700.6592,1146.089,579.2959,987.3809,515.3197,1046.03,604.295,1064.799,568.7154,1085.155,966.9753,1382.439,742.4216,862.6474,1206.021,697.5262,685.4536,1150.673,743.5298,1188.219,627.2341,1031.404,561.1714,1085.229,650.4742,1103.439,611.7175
"2025-11-06 10:00:00",1123,"NAN",11.92,1033.789,921.9657,1353.558,701.3335,829.2312,1169.001,650.8159,633.4808,1116.928,707.6266,1154.259,575.6546,994.8941,520.1749,1046.681,609.0101,1070.654,574.5787,1092.412,967.3072,1387.845,747.6123,871.2961,1208.511,699.8124,683.6422,1156.322,750.3553,1196.194,624.0788,1038.302,565.8635,1086.123,655.2889,1109.222,617.9984
"2025-11-06 10:15:00",1124,"NAN",11.93,1044.162,920.8228,1363.627,711.367,845.2985,1176.51,643.581,632.4145,1131.678,722.1363,1167.217,572.3236,1009.763,530.2761,1046.412,617.6546,1081.31,587.319,1101.956,966.3467,1397.315,757.1222,886.7634,1215.894,692.4807,682.73,1170.76,764.131,1208.464,620.3073,1052.625,575.6096,1085.752,663.8062,1119.481,629.9728
"2025-11-06 10:30:00",1125,"NAN",11.9,1057.345,916.6873,1381.11,727.0264,873.6325,1197.232,645.3028,631.6713,1152.519,742.4658,1186.012,568.5771,1028.696,546.881,1051.282,630.1669,1097.76,601.2898,1114.629,962.7618,1413.649,772.1932,914.6628,1235.63,695.011,682.0763,1190.661,784.3192,1226.117,616.7984,1071.027,591.9332,1090.306,675.9132,1135.548,643.9753
"2025-11-06 10:45:00",1126,"NAN",11.94,1058.532,905.7399,1389.426,730.6849,891.8955,1199.697,647.6873,629.8449,1159.368,749.7094,1186.961,565.4608,1035.12,549.9716,1047.416,631.7825,1097.57,608.6943,1115.613,952.3813,1421.787,775.9718,932.7442,1238.061,696.9376,680.623,1197.566,791.7786,1227.157,614.5172,1077.451,595.0656,1087.001,678.4562,1135.704,651.1758
"2025-11-06 11:00:00",1127,"NAN",11.92,1049.278,903.7562,1377.25,715.0222,882.4299,1167.203,646.4761,628.3042,1144.088,730.2313,1169.41,565.7567,1017.63,526.5888,1033.826,617.1904,1082.408,590.0499,1107.953,950.6983,1411.686,761.5231,924.4177,1207.879,696.3469,679.9926,1183.616,773.1259,1211.265,615.2419,1061.538,573.0786,1074.37,664.8374,1121.553,633.753
"2025-11-06 11:15:00",1128,"NAN",11.93,1064.181,902.1312,1391.065,732.8564,910.6926,1201.277,650.042,631.6046,1171.213,755.1309,1187.865,566.3102,1037.6,542.8207,1044.86,632.2789,1097.676,605.6252,1122.111,949.0292,1424.052,778.7991,951.9445,1240.312,700.324,682.9349,1209.911,797.8933,1228.568,616.1665,1080.963,588.9169,1085.094,679.1766,1136.256,649.2654
"2025-11-06 11:30:00",1129,"NAN",11.91,1070.446,906.6112,1408.777,746.6404,933.5012,1223.731,651.5351,631.119,1191.134,777.1473,1196.494,565.1693,1051.691,556.889,1044.145,639.3812,1108.765,620.1315,1127.876,953.2572,1441.085,791.9372,974.4897,1261.985,701.6433,682.6487,1228.832,818.8688,1236.805,614.5608,1093.767,602.4135,1083.834,686.1526,1147.042,663.2701
"2025-11-06 11:45:00",1130,"NAN",11.91,1085.424,908.7173,1445.594,778.5638,982.928,1264.489,648.5093,632.0093,1220.528,817.0706,1215.278,560.4265,1081.921,590.1593,1059.234,659.169,1134.581,648.68,1141.837,955.0611,1475.335,822.7975,1022.21,1301.212,698.4534,683.5258,1257.066,857.7986,1254.424,610.489,1122.578,634.7438,1099.172,705.2122,1172.015,691.0876
"2025-11-06 12:00:00",1131,"NAN",11.93,1092.644,902.9834,1467.151,793.5244,1012.056,1284.121,650.6149,631.7614,1247.136,836.8421,1218.492,560.8255,1097.787,596.1196,1068.144,664.1678,1149.97,660.919,1149.033,949.0648,1495.657,837.3383,1050.653,1319.809,700.5605,683.1498,1283.031,876.8813,1257.696,610.7435,1137.842,640.517,1107.312,709.866,1186.416,702.8744
"2025-11-06 12:15:00",1132,"NAN",11.93,1066.92,883.1717,1434.342,753.5669,982.9315,1211.42,639.958,622.9991,1205.174,793.301,1186.969,559.6299,1056.868,559.3295,1032.418,627.5366,1117.995,626.2656,1125.166,931.3392,1466.219,799.7886,1023.03,1251.987,691.4032,675.5625,1243.387,835.9397,1228.542,610.5875,1099.843,605.9084,1073.971,675.3522,1157.256,670.2561
"2025-11-06 12:30:00",1133,"NAN",11.93,1050.003,878.6196,1407.925,728.402,957.5189,1155.588,620.748,620.8651,1174.92,756.983,1160.878,560.7,1027.581,523.4338,1015.206,605.2191,1093.663,597.1632,1109.706,927.1149,1443.017,776.6362,999.369,1198.593,673.2518,675.0351,1215.936,801.0702,1204.83,612.7166,1072.929,572.2379,1057.8,654.7153,1134.907,643.037
"2025-11-06 12:45:00",1134,"NAN",11.94,1042.681,886.6843,1391.242,715.3535,940.2983,1127.988,635.8704,622.7764,1154.206,732.3443,1145.655,562.4193,1007.867,505.7364,1010.86,594.8091,1078.012,578.3116,1103.918,935.6417,1427.636,764.8625,983.2202,1172.404,688.2443,676.9962,1196.579,778.0729,1190.704,614.6327,1054.724,555.4554,1053.884,645.1633,1119.8,625.1282
"2025-11-06 13:00:00",1135,"NAN",11.91,1037.196,899.8372,1382.437,710.1744,930.5911,1119.957,636.8077,626.5062,1144.301,720.1146,1139,564.3989,996.8918,501.8822,1012.4,592.8254,1069.405,569.0472,1098.596,948.6797,1418.895,759.6917,973.8567,1164.821,689.4756,680.7349,1186.462,766.271,1184.695,616.9218,1043.769,551.6263,1055.723,643.1672,1111.55,615.925
"2025-11-06 13:15:00",1136,"NAN",11.9,1049.727,909.6917,1412.908,747.686,963.5406,1192.543,637.1077,630.2807,1191.388,775.8549,1161.922,563.9692,1023.145,535.7725,1022.805,619.3561,1090.51,597.9907,1110.172,958.0013,1447.144,795.4385,1005.431,1234.697,689.6027,684.0908,1231.332,820.2359,1206.548,616.2776,1068.38,584.4826,1065.954,668.8557,1131.613,644.2034
"2025-11-06 13:30:00",1137,"NAN",11.91,1031.597,902.0676,1385.272,720.2733,939.8427,1138.015,634.6375,625.9022,1155.739,739.0101,1136.619,563.2692,994.6534,508.8922,1004.358,599.0812,1064.439,574.9992,1093.803,951.0322,1421.847,770.1407,983.5077,1183.19,688.0499,680.9266,1197.953,785.1467,1183.543,616.3348,1042.104,559.1074,1049.08,649.924,1107.353,622.5908
"2025-11-06 13:45:00",1138,"NAN",11.94,1033.374,916.3896,1382.318,716.5814,933.8539,1131.68,637.4046,629.2828,1149.97,727.6688,1132.543,565.1421,988.4817,504.7778,1009.569,600.1172,1062.464,569.4593,1095.643,964.7144,1418.807,766.4193,977.4574,1176.377,690.176,683.8927,1192.277,774.2255,1179.081,617.9718,1035.941,554.8536,1053.748,650.8947,1105.359,616.6199
"2025-11-06 14:00:00",1139,"NAN",11.92,1058.945,932.0848,1439.769,778.6887,997.2212,1232.679,639.9336,637.0102,1224.835,811.2728,1166.982,564.5725,1035.976,556.1192,1037.026,645.9351,1110.081,622.8172,1118.776,979.9769,1472.198,825.248,1038.152,1272.452,691.9631,691.0377,1263.974,854.2551,1210.775,616.468,1080.536,604.187,1079.058,695.4141,1150.912,668.1467
"2025-11-06 14:15:00",1140,"NAN",11.93,1075.987,930.8889,1478.59,810.1224,1038.207,1268.274,641.0378,639.3211,1269.29,860.6549,1193.785,563.2377,1066.757,586.0784,1044.63,666.7545,1145.519,651.1824,1135.728,978.9011,1508.76,855.4796,1077.536,1306.773,693.1693,692.8889,1306.071,901.8786,1236.136,615.2503,1110.609,633.0793,1086.624,715.6845,1184.587,696.1318
"2025-11-06 14:30:00",1141,"NAN",11.93,1078.937,923.3574,1487.12,811.1965,1049.413,1265.769,638.3196,636.9998,1275.129,867.7795,1203.239,562.4281,1078.164,594.9803,1048.312,668.6122,1151.445,672.7096,1138.593,971.8885,1517.157,856.8302,1088.677,1304.984,691.1668,691.3091,1311.657,909.7328,1244.938,614.9122,1121.375,641.7077,1090.552,718.3475,1190.726,716.8111
"2025-11-06 14:45:00",1142,"NAN",11.94,1049.961,905.7588,1435.658,753.0543,1002.14,1181.036,629.7387,625.3926,1211.997,803.525,1167.071,560.8381,1032.93,543.461,1011.968,624.6697,1112.254,627.5039,1112.199,955.9404,1469.815,802.2325,1044.471,1224.969,683.9704,681.1573,1252.02,848.6537,1212.61,614.5642,1079.683,593.2578,1056.839,676.5646,1154.387,674.2413
"2025-11-06 15:00:00",1143,"NAN",11.92,1033.463,900.9778,1404.84,724.9455,971.7706,1128.316,626.2961,622.5831,1174.31,760.598,1140.688,558.9145,1002.981,510.1185,1000.226,603.4012,1087.101,597.7482,1097.3,951.6551,1442.104,775.9658,1015.612,1175.113,681.1118,678.9456,1217.687,807.6547,1187.955,613.2695,1051.745,561.5481,1045.851,656.34,1130.571,646.0839
"2025-11-06 15:15:00",1144,"NAN",11.94,1027.168,908.6774,1389.259,712.3094,953.5085,1116.114,631.8259,625.5085,1154.531,734.9352,1128.276,559.3617,985.3375,497.7915,1000.193,600.3679,1072.615,580.819,1091.996,959.7532,1427.341,764.1495,998.5206,1163.129,686.7657,681.9786,1198.439,783.2823,1176.247,614.1469,1035.028,549.9197,1046.127,653.7708,1116.782,630.0333
"2025-11-06 15:30:00",1145,"NAN",11.93,1011.59,902.4825,1365.339,696.5144,932.2823,1090.25,623.6065,622.989,1126.315,710.8165,1108.333,557.7418,964.5477,489.0414,993.5732,590.9423,1049.659,564.2698,1076.794,954.1652,1404.993,748.9107,978.2891,1138.367,678.8668,680.3969,1171.941,759.9254,1157.642,612.8043,1015.29,541.7968,1040.07,645.1448,1095.302,614.1717
"2025-11-06 15:45:00",1146,"NAN",11.91,1001.913,900.6578,1349.43,685.0155,915.0414,1071.963,621.5223,621.9781,1108,695.6587,1097.038,558.7828,951.3955,485.6085,992.019,584.6078,1036.042,554.054,1068.192,952.479,1390.3,738.1758,962.1333,1121.101,677.3867,679.5415,1153.732,745.291,1147.951,614.4857,1002.757,538.9219,1039.312,638.9568,1081.995,604.6395
"2025-11-06 16:00:00",1147,"NAN",11.94,992.1953,896.7891,1334.188,677.0449,898.8635,1061.74,618.7286,623.1339,1091.808,685.9813,1087.561,558.818,940.9412,484.4465,989.845,578.9186,1025.766,547.3849,1059.265,948.8367,1375.733,730.775,946.4756,1111.436,674.8727,681.3272,1138.54,736.1754,1138.957,614.8168,993.1895,538.0143,1037.808,633.4933,1072.945,598.2754
"2025-11-06 16:15:00",1148,"NAN",11.95,984.8093,888.9241,1321.657,671.2519,884.7903,1051.456,621.1636,624.4482,1079.797,680.4863,1081.837,559.5025,933.5121,484.045,989.1591,574.6038,1018.287,543.6445,1052.316,941.3113,1364.146,725.7203,932.9781,1101.78,677.929,682.6432,1127.402,731.5134,1133.807,615.7213,986.3432,538.1091,1037.035,629.2917,1065.591,594.9885
"2025-11-06 16:30:00",1149,"NAN",11.94,986.561,900.0834,1317.33,664.2792,875.0405,1051.949,622.6148,627.9523,1076.41,680.4066,1082.19,561.3607,933.0219,486.2335,991.6149,573.834,1018.265,543.7715,1054.019,952.639,1360.265,718.7909,923.7213,1102.209,678.9404,686.5096,1124.548,731.0005,1134.572,617.7215,985.5872,540.333,1039.792,628.5829,1065.84,595.603
"2025-11-06 16:45:00",1150,"NAN",11.94,979.4794,912.0912,1309.558,649.4926,864.8121,1057.5,620.1601,629.2981,1070.105,679.6342,1080.879,562.3617,930.7939,487.5926,992.1219,564.5966,1014.664,543.5891,1047.266,965.3661,1352.769,704.7694,913.8881,1107.694,676.915,687.8807,1118.297,731.0862,1133.274,619.1074,983.7552,541.6479,1040.385,620.0392,1062.532,595.4363
"2025-11-06 17:00:00",1151,"NAN",11.94,975.1959,913.3726,1302.371,639.3785,854.0845,1058.349,618.9537,629.7693,1064.466,678.2471,1079.028,562.939,928.155,487.3501,992.0326,567.6901,1010.798,542.4725,1043.58,965.9053,1346.521,695.0709,903.8209,1108.898,675.6508,688.7778,1113.429,730.1714,1131.313,619.7703,982.0696,541.9224,1040.385,623.4692,1058.948,594.7111
"2025-11-06 17:15:00",1152,"NAN",11.93,971.8727,911.3509,1297.354,631.0102,844.0208,1056.038,618.295,630.4896,1061.313,677.6932,1077.48,563.9141,927.1538,487.7896,992.6199,567.0319,1009.033,542.3878,1040.034,965.0626,1342.353,687.1969,894.1665,1107.345,675.5847,690.1052,1110.722,730.0293,1130.674,621.0588,981.1026,542.5162,1041.473,623.0143,1057.618,594.9279
"2025-11-06 17:30:00",1153,"NAN",11.93,970.4415,917.1577,1294.682,635.7739,836.2254,1057.548,618.2432,631.8432,1058.645,677.5571,1077.067,564.3138,926.7593,488.2133,993.0206,568.8872,1009.511,543.298,1039.186,970.466,1339.937,692.2067,886.3998,1108.469,675.517,691.4708,1108.285,729.8113,1130.101,621.5508,980.931,543.3506,1042.132,625.0494,1058.167,595.8875
"2025-11-06 17:45:00",1154,"NAN",11.94,967.6117,920.1585,1289.874,641.8541,827.456,1054.986,616.3245,631.9094,1055.298,676.2604,1075.342,564.354,927.2472,487.7126,992.7912,568.4928,1006.802,543.2182,1035.799,974.1706,1335.161,697.7997,877.7263,1106.388,673.5253,691.6201,1104.805,728.3842,1128.51,621.5579,981.4026,542.7788,1041.745,624.2401,1055.766,595.7612
"2025-11-06 18:00:00",1155,"NAN",11.93,999.372,962.9185,1316.233,680.8894,853.9939,1084.877,654.6773,668.7535,1086.662,712.2968,1107.105,599.3851,957.4749,524.4868,1026.745,604.1747,1039.112,579.8369,1037.546,982.2326,1332.589,702.0557,870.0652,1102.664,673.5584,692.4983,1103.464,729.3417,1128.031,621.9519,978.2161,542.8683,1042.017,623.389,1055.069,595.9915
"2025-11-06 18:15:00",1156,"NAN",11.94,999.0674,971.8417,1315.229,683.6957,847.1465,1081.396,642.0657,670.5215,1086.385,713.6904,1107.296,600.6456,957.6641,525.19,1028.515,602.8154,1039.836,580.9505,1036.459,990.1184,1331.231,703.956,862.9905,1098.436,660.6465,693.4005,1102.805,729.6381,1127.908,622.3528,977.9,543.0927,1043.04,621.2563,1054.441,596.8501
"2025-11-06 18:30:00",1157,"NAN",11.9,998.7156,978.627,1314.673,687.4483,840.6569,1078.842,641.0862,672.1303,1085.752,714.5371,1107.725,601.5853,957.8911,526.9199,1029.508,601.325,1040.585,581.9604,1036.058,996.1971,1330.413,707.1806,856.2191,1096.133,659.1055,694.4327,1101.534,730.8132,1128.366,622.9329,977.6158,544.1673,1044.178,619.1058,1055.323,597.4576
"2025-11-06 18:45:00",1158,"NAN",11.92,998.5577,984.7173,1314.504,689.806,834.782,1079.03,639.9066,673.0747,1085.548,715.5076,1108.282,602.9509,957.2719,527.5431,1030.336,600.0474,1041.31,583.2277,1035.44,1002.294,1330.299,709.9162,850.4223,1096.026,657.9041,695.5742,1100.797,731.6381,1128.581,624.1434,977.3439,545.0418,1044.801,617.6112,1055.909,598.6131
"2025-11-06 19:00:00",1159,"NAN",11.93,998.1767,983.1281,1315.009,691.4823,829.1576,1081.96,642.4031,674.4811,1084.67,716.3267,1108.806,603.9296,957.824,528.4102,1032.202,599.3732,1041.515,584.5231,1035.546,1000.418,1329.968,710.9922,844.7756,1098.724,660.7726,697.2343,1100.065,732.6584,1129.048,624.7644,977.1461,545.877,1046.533,616.7066,1055.714,599.6338
"2025-11-06 19:15:00",1160,"NAN",11.93,998.9711,990.0226,1316.214,692.4804,824.8368,1085.028,640.6746,676.2617,1084.257,717.5808,1109.16,604.7314,958.8082,529.2612,1033.753,598.7823,1043.059,585.675,1035.626,1007.533,1331.364,712.4462,840.0992,1101.429,658.7849,698.5303,1100.012,733.7625,1129.49,625.3796,977.8501,546.5204,1048.348,615.7543,1057.234,600.9587
"2025-11-06 19:30:00",1161,"NAN",11.93,1000.045,998.2109,1317.519,692.3959,820.9233,1087.836,641.9752,677.2062,1084.085,717.4833,1110.139,605.2889,959.4413,530.0374,1035.289,598.7361,1044.071,586.9172,1036.498,1014.792,1333.39,712.5022,836.2086,1104.535,659.9569,699.898,1100.211,733.7451,1129.955,626.265,979.1012,547.5775,1049.462,615.77,1058.18,601.9085
"2025-11-06 19:45:00",1162,"NAN",11.91,1000.714,1004.615,1319.927,692.0107,817.7657,1091.155,642.114,678.7141,1085.483,719.3224,1111.052,605.9302,960.5845,531.2194,1037.674,599.6313,1045.408,588.1607,1037.931,1021.898,1335.474,711.8295,833.5167,1107.944,659.9692,701.4265,1100.922,735.5269,1131.049,627.2363,980.4885,548.3917,1051.829,616.2439,1059.593,603.1425
"2025-11-06 20:00:00",1163,"NAN",11.93,1001.636,1012.835,1321.849,690.6715,815.1171,1093.741,643.7972,679.9811,1085.726,720.7532,1111.59,606.345,961.656,531.4567,1039.63,600.3362,1047.109,588.6932,1038.792,1029.564,1337.101,710.9334,830.8116,1110.337,662.0776,702.415,1101.563,737.0793,1131.746,627.5787,981.3627,549.0098,1053.715,616.9321,1061.318,604.3829
"2025-11-06 20:15:00",1164,"NAN",11.92,1006.329,1018.733,1325.071,691.2311,813.6963,1097.58,645.9172,681.9956,1087.409,720.8071,1113.259,607.2206,963.3955,532.9544,1041.346,601.4222,1049.02,590.5975,1042.938,1035.321,1339.686,710.4501,828.5062,1113.82,663.7082,704.1978,1102.312,736.379,1132.83,627.5224,982.4984,549.7941,1054.809,617.4366,1062.566,605.3849
"2025-11-06 20:30:00",1165,"NAN",11.94,989.5026,1008.195,1313.641,673.8029,795.7165,1085.807,630.064,666.8884,1073.031,706.1686,1099.353,591.3444,948.4465,516.6699,1027.412,584.9447,1035.263,574.7256,1040.144,1040.536,1342.473,709.7958,827.0483,1117.604,665.2863,705.4533,1103.472,738.2231,1134.294,628.3675,983.3735,550.1435,1056.973,617.9033,1064.56,606.0546
"2025-11-06 20:45:00",1166,"NAN",11.94,990.8505,1012.973,1316.4,673.4099,793.9547,1090.137,631.2684,668.4306,1074.396,708.2443,1100.912,592.1237,950.2449,517.5399,1029.328,585.4681,1037.509,575.8403,1041.433,1045.427,1345.522,709.202,825.0816,1121.917,666.4362,706.9701,1104.834,740.4382,1136.153,629.3818,984.9203,551.275,1059.135,618.3698,1067.101,607.43
"2025-11-06 21:00:00",1167,"NAN",11.91,993.2715,1017.642,1319.915,674.8586,790.5695,1090.093,627.9061,664.7597,1070.694,705.1463,1110.882,596.5007,952.5596,518.7993,1029.955,584.4345,1039.252,577.1379,1042.759,1048.982,1348.477,710.0968,821.4946,1121.238,662.4817,702.6093,1101.49,736.6799,1137.957,631.3883,985.3177,550.837,1058.362,616.8168,1068.185,608.425
"2025-11-06 21:15:00",1168,"NAN",11.9,992.6086,1015.445,1320.644,673.6712,784.5353,1086.09,621.3716,656.1568,1060.045,693.6252,1098.321,588.0706,947.5449,513.4758,1029.544,582.4587,1041.971,579.3707,1041.274,1045.671,1347.777,707.8994,814.5115,1115.875,654.6945,693.2921,1089.887,724.2531,1131.735,623.6634,980.7732,545.7207,1057.298,613.8687,1069.251,609.1998
"2025-11-06 21:30:00",1169,"NAN",11.89,992.4205,1019.309,1322.323,673.2903,782.877,1087.193,621.3432,654.683,1060.035,691.2766,1097.123,587.2167,950.4,514.855,1031.146,582.8855,1043.684,580.4174,1039.903,1050.382,1349.347,707.1512,811.8876,1117.116,654.0046,690.9662,1088.729,721.4161,1130.076,622.045,982.9742,546.3672,1058.257,613.5924,1070.782,609.895
"2025-11-06 21:45:00",1170,"NAN",11.93,994.5709,1026.587,1324.467,672.9525,782.285,1088.922,621.6248,654.5053,1060.836,692.3602,1097.483,585.5076,948.5704,513.6646,1032.194,582.1553,1044.028,580.0439,1041.435,1055.078,1349.372,705.659,810.5999,1117.124,653.3714,690.108,1088.176,721.491,1129.417,619.2411,980.0211,544.0112,1058.266,611.6042,1070.281,608.4599
"2025-11-06 22:00:00",1171,"NAN",11.93,979.2796,1016.476,1312.743,655.8591,763.6689,1077.573,603.502,637.7463,1045.251,676.3177,1081.918,568.0014,932.5606,495.3342,1016.425,562.2096,1029.006,562.3464,1042.45,1062.892,1353.466,708.0857,811.1423,1123.698,656.5809,692.716,1091.184,724.492,1130.749,620.8861,982.5388,545.9672,1060.651,611.7418,1072.7,610.6569
"2025-11-06 22:15:00",1172,"NAN",11.92,980.473,1019.509,1316.441,657.9575,763.7957,1083.604,605.2269,639.7778,1046.98,678.0496,1085.03,569.3386,934.7607,496.9268,1018.884,562.5015,1031.763,564.0484,1043.768,1066.264,1356.607,710.2328,811.7034,1129.89,658.4301,695.0095,1092.36,726.5237,1133.938,622.1585,984.4326,547.647,1063.278,611.7845,1075.941,612.3758
"2025-11-06 22:30:00",1173,"NAN",11.89,981.3192,1020.295,1318.491,659.6727,763.8274,1087.549,606.582,641.1757,1048.275,679.7141,1086.628,570.5694,936.0831,497.9386,1020.055,563.4232,1033.381,564.9938,1044.848,1067.48,1358.743,712.1382,811.8105,1133.865,660.0067,696.6328,1094.282,728.0175,1136.137,624.0171,986.1039,549.1327,1064.726,612.8389,1077.789,613.4559
"2025-11-06 22:45:00",1174,"NAN",11.93,981.889,1021.84,1320.338,661.0322,763.0449,1090.311,610.9403,641.9948,1048.864,680.8577,1086.828,571.0865,936.713,498.4282,1020.951,563.5632,1035.004,566.1958,1045.467,1069.134,1360.762,713.4276,811.2794,1136.933,664.7025,697.4422,1094.619,729.4614,1136.182,624.4009,986.7402,549.597,1065.437,613.0733,1079.016,614.6819
"2025-11-06 23:00:00",1175,"NAN",11.93,983.3214,1026.928,1323.498,663.3983,763.0219,1095.131,612.7531,643.2454,1049.575,681.5341,1088.357,572.2476,937.9579,499.3672,1023.187,566.6754,1037.174,567.8645,1047.062,1074.386,1363.253,715.6956,810.785,1141.536,665.9695,698.7643,1095.337,729.4802,1137.577,625.5558,988.1301,550.3196,1083.458,621.9908,1080.96,616.381
"2025-11-06 23:15:00",1176,"NAN",11.92,985.1517,1029.434,1325.752,665.9005,763.1534,1100.901,613.1448,644.5609,1050.228,682.4144,1089.69,573.5403,939.4385,500.5867,1040.871,572.9701,1039.205,569.1743,1048.574,1076.047,1365.476,718.33,810.7143,1146.939,666.3228,699.5992,1095.923,730.7293,1138.574,626.3108,989.3865,551.5017,1085.179,622.024,1082.896,617.4232
"2025-11-06 23:30:00",1177,"NAN",11.92,985.9741,1027.183,1326.406,667.8323,762.8982,1105.508,613.9278,645.6387,1050.778,683.1145,1090.537,574.4343,940.5951,501.0828,1026.469,564.6953,1040.55,570.0076,1049.406,1074.524,1366.577,720.4454,810.7502,1151.531,666.9937,701.0333,1096.689,731.4627,1139.473,627.4641,990.6031,552.1926,1070.782,613.4896,1084.192,618.4606
"2025-11-06 23:45:00",1178,"NAN",11.9,986.7562,1029.969,1329.014,669.887,762.6639,1110.821,614.9752,646.6739,1051.342,683.9335,1092.248,575.7979,942.0872,502.1746,1028.475,565.6464,1042.727,571.2054,1050.655,1077.225,1368.786,722.2163,810.7764,1156.819,668.1258,701.9259,1097.338,732.3663,1141.468,628.966,992.4036,553.3336,1072.481,614.3694,1086.227,619.354
"2025-11-07 00:00:00",1179,"NAN",11.93,990.2576,1032.438,1331.568,671.5657,762.6445,1115.096,615.7964,647.7482,1052.321,684.8889,1093.657,577.2141,943.9255,503.576,1030.814,566.0272,1045.041,572.2089,1053.969,1079.805,1371.006,723.9984,810.6772,1160.915,669.1567,703.1478,1097.911,733.1706,1142.805,630.1542,993.7589,554.5674,1075.386,614.5704,1088.75,620.647
"2025-11-07 00:15:00",1180,"NAN",11.94,988.5475,1035.012,1334.115,672.8363,762.7279,1118.801,618.0585,648.407,1052.903,685.9216,1095.75,578.5311,945.5258,504.7379,1032.892,567.1627,1046.865,573.2474,1052.11,1081.571,1374.395,725.1224,810.7115,1164.725,671.271,703.4095,1098.866,734.2386,1144.287,631.3559,995.5291,555.5359,1076.719,616.082,1090.521,621.7038
"2025-11-07 00:30:00",1181,"NAN",11.93,989.5562,1036.322,1337.275,674.3482,762.8755,1121.635,618.5135,649.2321,1053.752,686.4673,1097.091,579.8626,947.1296,505.6915,1035.157,567.5925,1048.798,574.1555,1053.365,1083.55,1376.532,726.6201,810.8355,1167.071,671.6451,704.4986,1099.088,734.8888,1146.032,632.7833,996.9223,556.4344,1079.035,616.118,1091.989,622.2906
"2025-11-07 00:45:00",1182,"NAN",11.93,990.639,1037.087,1340.077,676.1373,763.2745,1121.926,619.3471,649.8807,1054.406,687.2823,1098.836,581.0429,948.492,506.4745,1037.281,567.9749,1050.843,575.1307,1054.05,1084.86,1379.834,728.4819,811.2932,1167.62,672.453,705.1061,1099.908,735.3593,1147.902,634.0845,998.3213,557.1815,1081.602,616.6901,1094.388,623.3654
"2025-11-07 01:00:00",1183,"NAN",11.93,991.5424,1038.151,1342.238,677.5168,763.79,1123.78,621.1672,650.7075,1055.114,688.0515,1100.458,581.9353,949.747,507.1572,1039.114,568.3925,1053.354,575.8787,1054.704,1085.444,1381.824,729.8721,811.7128,1169.46,674.1989,705.9695,1100.872,736.0134,1149.132,634.7378,999.429,557.9449,1083.26,616.9027,1096.688,624.1827
"2025-11-07 01:15:00",1184,"NAN",11.92,989.2823,1033.153,1339.793,677.2388,762.4031,1120.875,622.4499,649.2338,1053.059,686.968,1097.426,582.1088,951.7291,506.8141,1040.787,568.861,1051.83,575.4321,1052.719,1080.346,1379.444,729.7232,810.0026,1166.717,675.6777,704.2552,1098.653,735.2817,1146.303,635.0954,1001.627,557.8502,1084.889,617.6915,1095.507,623.5751
"2025-11-07 01:30:00",1185,"NAN",11.94,993.3944,1028.786,1346.548,680.118,764.8335,1128.963,626.9083,651.6852,1056.544,688.8985,1102.414,583.1121,951.522,507.7381,1042.546,569.1281,1056.43,577.0568,1057.004,1076.155,1386.201,732.4168,812.8355,1174.546,680.274,706.9626,1102.231,737.4159,1151.137,636.0356,1001.515,558.7056,1086.539,617.7869,1099.882,625.2649
"2025-11-07 01:45:00",1186,"NAN",11.93,993.3963,988.7147,1346.69,679.1148,764.7532,1128.93,625.5146,651.676,1056.576,688.8242,1101.714,583.3115,951.8402,507.8658,1044.361,569.4229,1056.758,577.5031,1056.995,1037.384,1385.99,731.4341,812.769,1174.453,678.4881,706.7525,1102.395,736.9517,1150.382,636.3164,1001.963,558.7419,1088.702,618.1502,1100.566,625.6444
"2025-11-07 02:00:00",1187,"NAN",11.93,995.451,976.6027,1350.663,680.126,765.9016,1132.426,627.2692,652.9006,1058.687,689.7562,1104.235,584.213,953.7914,508.555,1046.291,570.1127,1060.112,578.6622,1059.253,1025.843,1389.682,732.3499,813.8445,1178.086,680.2929,708.3137,1104.257,738.0015,1153.171,637.022,1003.493,559.6422,1090.666,618.7343,1103.426,627.0436
"2025-11-07 02:15:00",1188,"NAN",11.92,993.3321,962.9133,1348.042,680.533,764.8027,1128.906,624.8231,651.7433,1056.857,689.0024,1101.138,584.4506,953.1146,508.5691,1048.021,570.4122,1059.003,578.2544,1057.029,1014.273,1387.303,732.9083,812.6507,1174.496,678.1782,707.1284,1102.383,737.0898,1150.187,637.5161,1002.851,559.5631,1092.292,619.0074,1102.599,626.4255
"2025-11-07 02:30:00",1189,"NAN",11.93,997.8553,965.4117,1355.178,684.5157,767.6939,1136.954,625.8868,654.0432,1061.11,690.9981,1106.266,585.2273,956.0787,509.4337,1049.788,569.796,1064.279,579.9987,1061.284,1014.76,1393.997,736.6867,815.5734,1182.453,679.482,709.4572,1106.517,739.2371,1155.118,638.0397,1005.847,560.2281,1094.031,618.5027,1107.968,628.1608
"2025-11-07 02:45:00",1190,"NAN",11.93,995.4105,954.0816,1352.06,684.2619,766.475,1133.052,628.526,652.8532,1058.926,690.0362,1102.892,585.0984,954.8198,509.138,1051.089,570.7514,1062.488,579.1929,1059.206,1004.014,1391.395,736.463,814.7074,1178.668,681.7554,708.0664,1104.917,738.5192,1151.655,637.8431,1004.875,560.3231,1095.422,619.3762,1106.433,627.4522
"2025-11-07 03:00:00",1191,"NAN",11.93,996.2743,950.4766,1354.154,685.8453,767.2853,1135.476,629.4428,653.2932,1059.978,690.5908,1103.492,585.4539,955.644,509.1362,1052.866,571.1014,1064.188,579.6458,1060.08,1000.239,1393.368,738.011,815.4024,1180.995,682.6848,708.4643,1105.676,738.973,1152.393,638.2888,1005.623,560.0889,1097.103,619.5406,1107.954,628.2427
"2025-11-07 03:15:00",1192,"NAN",11.91,997.0181,946.2855,1355.455,687.1872,768.0204,1137.464,629.7237,653.5411,1060.785,690.8333,1104.106,585.7239,956.141,509.1762,1053.753,571.5715,1065.369,579.9769,1060.72,996.3595,1394.798,739.5786,815.9638,1183.321,683.0324,708.989,1106.725,739.0856,1152.972,638.9248,1006.475,560.3538,1098.191,620.2142,1109.2,628.6008
"2025-11-07 03:30:00",1193,"NAN",11.94,997.8228,945.2682,1356.991,688.5206,768.7664,1139.551,631.6799,653.8039,1061.392,690.7075,1104.713,585.77,956.8041,509.1844,1054.725,571.8651,1066.612,580.3668,1061.695,995.527,1396.367,740.6701,817.2154,1185.485,685.0986,709.0825,1106.929,739.157,1154.041,638.7554,1006.84,560.3406,1099.057,620.552,1110.35,628.7422
"2025-11-07 03:45:00",1194,"NAN",11.9,1002.478,943.4078,1358.813,689.834,769.6422,1141.435,631.9204,654.1312,1062.354,690.9896,1105.887,586.0021,957.5555,509.3477,1055.878,572.3226,1067.925,580.7105,1066.456,993.4578,1397.719,742.0183,817.901,1187.039,685.3261,709.5646,1108.539,739.6779,1155.034,638.941,1007.583,560.7984,1100.378,621.2864,1111.88,629.291
"2025-11-07 04:00:00",1195,"NAN",11.93,999.3412,940.4006,1359.71,690.3922,770.0514,1142.623,632.7779,654.4167,1063.043,691.4484,1106.543,586.03,957.7532,509.2641,1056.589,572.5185,1068.757,580.6144,1063.704,990.4827,1399.16,742.9396,818.3639,1188.391,686.3534,710.0938,1109.084,739.9929,1155.766,639.2358,1008.147,560.6595,1101.364,621.3537,1112.687,629.1969
"2025-11-07 04:15:00",1196,"NAN",11.92,1000.191,938.0153,1360.958,691.658,770.7403,1144.301,633.9794,654.9903,1063.836,691.9879,1107.425,586.5537,958.5444,509.6635,1056.496,572.9374,1069.905,580.9888,1064.697,988.4703,1400.132,744.2657,819.2891,1190.439,687.6167,710.5991,1110.052,740.7299,1156.515,639.7628,1008.969,561.1452,1101.016,621.936,1114.075,629.8434
"2025-11-07 04:30:00",1197,"NAN",11.93,1000.857,935.5048,1362.245,692.6048,771.4531,1145.307,637.1423,655.3886,1064.412,692.1318,1107.675,586.8207,959.0546,509.8079,1056.535,573.2291,1070.697,581.2175,1065.166,985.9909,1401.663,745.0154,819.8508,1191.317,690.7493,711.0706,1110.085,740.6969,1157.191,639.9916,1009.135,561.1113,1101.141,622.1495,1114.48,629.9075
"2025-11-07 04:45:00",1198,"NAN",11.91,1001.539,933.9124,1363.802,693.4675,772.0892,1146.559,633.1331,655.8233,1065.259,692.5421,1108.689,586.5667,959.611,510.0486,1057.223,573.5355,1071.912,581.5833,1065.668,984.5361,1402.813,745.6985,820.3955,1192.088,686.7012,711.4697,1111.294,741.1855,1157.946,639.9286,1009.678,561.2601,1101.654,622.4221,1116.148,630.4214
"2025-11-07 05:00:00",1199,"NAN",11.9,1002.578,932.4771,1364.825,694.0869,772.9346,1148.4,640.3481,656.4453,1066.255,693.0145,1109.452,587.3864,963.5315,510.5234,1057.16,574.0892,1072.927,581.8253,1066.5,982.8448,1404.042,746.4598,821.2938,1194.399,694.4405,712.1482,1112.482,741.8253,1158.777,640.6989,1014.011,561.9346,1102.086,623.3356,1117.276,630.4636
"2025-11-07 05:15:00",1200,"NAN",11.93,1006.523,933.7795,1369.818,695.8453,775.5043,1155.596,637.4311,658.2604,1069.366,694.653,1113.675,588.0339,962.6416,510.8431,1057.272,574.2755,1076.348,582.7386,1070.682,984.5197,1408.344,748.5472,823.7962,1201.083,691.6354,714.1683,1115.72,743.586,1162.823,641.3182,1013.057,562.2393,1101.922,623.492,1120.313,631.7597
"2025-11-07 05:30:00",1201,"NAN",11.9,1007.374,935.0577,1371.243,696.1755,775.9937,1157.821,638.8935,658.8611,1070.428,694.8444,1114.464,588.3692,963.1247,510.9272,1058.851,574.6659,1077.066,583.1385,1071.788,985.6159,1410.551,748.7577,824.6654,1203.899,693.2401,714.6578,1116.342,743.7629,1164.183,641.7445,1013.242,562.4947,1103.537,623.589,1120.764,632.1252
"2025-11-07 05:45:00",1202,"NAN",11.93,1007.976,933.3401,1372.364,696.6459,776.7522,1159.891,638.0998,659.3573,1071.033,695.4912,1115.288,588.6113,963.4661,511.1736,1059.638,574.9767,1078.174,583.4437,1072.43,984.5458,1411.988,749.4986,825.316,1205.649,692.2957,715.3201,1117.497,744.6132,1164.634,642.0328,1013.846,562.6541,1104.535,624.1484,1122.321,632.2026
"2025-11-07 06:00:00",1203,"NAN",11.93,1008.624,930.8259,1373.791,697.2783,777.3745,1161.596,639.3299,659.8705,1072.137,695.6528,1116.004,588.8838,963.9521,511.5109,1060.833,575.5427,1079.472,583.6183,1072.923,981.6812,1413.242,749.7816,825.8457,1207.452,693.4493,715.6711,1117.891,744.5686,1165.38,642.4767,1014.247,563.1238,1105.822,624.8703,1123.935,632.6418
"2025-11-07 06:15:00",1204,"NAN",11.93,1010.079,927.3772,1375.129,696.6666,778.217,1163.276,600.8933,660.1472,1072.889,696.0082,1117.345,589.339,964.5588,511.8836,1062.182,576.4387,1081.34,583.9932,1074.206,977.8815,1414.47,748.9603,826.7323,1209.191,655.4681,716.0702,1118.786,744.8466,1166.677,642.928,1014.88,563.5889,1107.137,625.5392,1125.208,632.887
"2025-11-07 06:30:00",1205,"NAN",11.94,1011.211,919.1801,1376.443,696.989,779.1191,1164.158,641.3105,661.23,1073.797,696.8503,1118.338,589.5966,964.8779,512.1576,1063.123,577.1191,1081.99,584.1338,1076.055,970.3848,1415.9,749.73,827.7033,1210.168,695.866,717.3887,1120.247,746.4,1167.592,643.1339,1015.741,563.8167,1107.883,626.2677,1126.423,633.4135
"2025-11-07 06:45:00",1206,"NAN",11.93,1013.399,912.04,1378.623,698.4437,781.7134,1168.234,650.6509,663.7525,1076.683,698.9459,1119.703,589.8575,965.5225,511.7216,1063.821,577.3934,1082.7,582.2756,1078.889,963.4127,1418.749,751.9315,831.1833,1214.984,705.8268,720.3932,1123.481,748.8469,1169.988,644.4865,1016.503,564.063,1109.207,627.5756,1127.665,632.2464
"2025-11-07 07:00:00",1207,"NAN",11.93,1014.955,898.8449,1380.091,699.3858,783.9551,1170.481,654.4516,665.438,1079.163,699.9208,1119.964,589.7352,966.0655,510.9934,1063.725,577.818,1082.597,580.678,1081.011,951.3941,1420.791,753.291,834.2702,1217.816,710.318,722.9427,1126.699,750.3267,1171.072,644.697,1017.793,564.2739,1110.161,628.899,1128.458,631.4813
"2025-11-07 07:15:00",1208,"NAN",11.94,1016.333,886.743,1381.049,699.0931,785.6326,1172.512,656.7813,666.4872,1081.375,701.6099,1121.573,590.2455,966.9954,510.4415,1064.316,578.6793,1082.763,579.2328,1083.383,939.9098,1422.143,753.7093,836.3668,1220.375,712.7881,724.6647,1129.634,752.859,1172.979,645.7795,1019.323,564.2101,1111.592,630.5333,1128.955,630.562
"2025-11-07 07:30:00",1209,"NAN",11.9,1021.805,874.1041,1382.602,699.9617,788.2507,1175.646,658.5984,668.1532,1084.282,702.7343,1123.83,590.9453,968.5722,510.6693,1064.569,579.2972,1083.814,577.9913,1088.807,927.6205,1423.985,754.7286,839.1397,1223.71,715.2142,726.4799,1132.571,753.6436,1175.395,646.8405,1021.264,564.7324,1111.519,631.7964,1130.254,629.6662
"2025-11-07 07:45:00",1210,"NAN",11.93,1020.428,852.5598,1383.954,699.5346,790.0245,1178.224,661.1304,668.9909,1086.71,703.4622,1126.419,591.491,969.9448,510.9982,1065.657,580.7159,1084.998,578.0405,1087.935,906.0399,1425.251,754.67,841.0647,1226.018,717.7498,727.4974,1134.829,754.5665,1177.97,647.3361,1022.736,565.3282,1112.768,633.4628,1131.668,629.6968
"2025-11-07 08:00:00",1211,"NAN",11.93,1021.28,832.8776,1384.469,698.1121,791.48,1181.259,644.8475,668.7892,1088.228,704.6718,1127.383,591.3548,970.9029,510.8308,1065.868,581.9393,1085.818,577.7626,1088.888,886.2684,1425.819,753.2195,842.3556,1229.175,701.8577,727.0071,1136.894,755.8677,1179.079,647.1556,1023.423,565.1925,1113.183,635.0541,1132.572,629.3834
"2025-11-07 08:15:00",1212,"NAN",11.93,1022.912,809.7766,1385.508,697.6639,793.6628,1183.845,670.2696,669.2535,1089.641,705.1447,1128.687,591.0153,971.7934,510.6293,1066.421,583.3043,1086.638,577.5417,1090.048,863.3578,1426.44,752.6037,844.3942,1231.457,726.74,727.4435,1137.849,756.4258,1180.205,646.6577,1024.636,564.7122,1113.549,636.6543,1132.722,629.1782
"2025-11-07 08:30:00",1213,"NAN",11.91,1022.103,780.7531,1384.578,696.0464,794.0577,1181.963,670.4599,667.0931,1089.21,704.2166,1125.882,589.7668,971.0526,509.2104,1064.915,581.6713,1085.162,576.8112,1089.126,833.9873,1425.643,750.9548,844.6774,1229.691,726.8065,725,1137.38,755.2722,1177.479,645.5142,1023.441,563.1656,1112.261,634.7656,1131.477,628.3171
"2025-11-07 08:45:00",1214,"NAN",11.93,1022.475,775.0544,1385.152,695.7144,794.8207,1180.07,656.5184,666.2239,1089.42,703.825,1125.199,588.8477,973.2662,508.9471,1065.209,579.9478,1085.66,576.8524,1089.278,828.3431,1425.501,750.2861,845.3151,1227.439,712.7764,723.7095,1137.067,754.2751,1176.127,644.1295,1025.377,562.6284,1112.024,632.6551,1131.776,627.8519
"2025-11-07 09:00:00",1215,"NAN",11.94,1025.449,830.3973,1387.444,695.5542,796.6795,1182.302,673.2349,667.2983,1092.117,704.457,1128.399,588.9059,972.4892,509.0069,1066.975,583.0731,1088.05,576.8384,1092.368,884.2556,1427.968,749.8255,847.1575,1228.77,728.9826,724.7996,1139.379,754.8826,1179.314,644.1202,1024.628,562.1736,1113.223,635.7973,1133.497,627.6159
"2025-11-07 09:15:00",1216,"NAN",11.92,1033.92,892.8487,1393.715,697.8832,803.8893,1200.082,672.3995,669.6609,1099.778,710.2878,1140.323,589.0869,979.304,513.718,1071.849,591.632,1094.096,579.7758,1100.593,945.994,1433.06,751.7846,853.4619,1246.555,727.0879,726.6572,1146.968,760.1884,1189.743,643.7476,1030.76,566.628,1117.993,643.9303,1139.092,630.1904
"2025-11-07 09:30:00",1217,"NAN",11.94,1032.68,901.6385,1393.245,694.9872,804.7138,1201.338,667.0411,668.0938,1098.693,709.0396,1136.733,586.9227,977.4022,511.0368,1069.096,591.9632,1091.897,577.815,1099.551,954.7124,1433.165,748.6561,854.3181,1247.52,721.8185,725.1835,1145.407,758.7481,1186.979,641.7308,1028.943,564.1548,1115.587,644.5895,1136.999,628.3448
"2025-11-07 09:45:00",1218,"NAN",11.88,1041.463,928.722,1398.065,696.8395,817.0237,1224.837,669.0942,668.792,1107.682,717.8146,1149.83,585.4442,986.6467,518.5563,1073.271,601.8406,1097.352,583.5116,1107.794,981.2235,1437.309,750.1691,865.9929,1270.202,723.9137,725.3931,1154.431,767.4644,1199.003,640.1754,1037.871,571.2154,1118.982,654.4408,1142.428,633.4991
"2025-11-07 10:00:00",1219,"NAN",11.93,1043.701,933.7928,1399.509,694.334,822.0325,1232.058,569.1044,666.34,1109.444,718.9367,1152.101,582.7775,989.1628,518.746,1072.02,605.1299,1097.183,584.3448,1110.034,986.2714,1438.504,747.5777,871.1192,1276.991,623.5721,723.085,1156.197,768.5717,1200.998,637.6548,1040.006,570.8948,1117.684,657.8525,1141.932,634.4932
"2025-11-07 10:15:00",1220,"NAN",11.94,1045.95,940.005,1399.204,692.2855,828.0353,1227.822,665.7324,664.9728,1110.352,719.1088,1154.144,580.0352,990.9783,518.2678,1070.615,607.4897,1097.843,585.1196,1112.288,992.3375,1438.659,745.4233,877.0791,1272.939,720.7858,721.9012,1156.885,768.5364,1203.356,634.8153,1042.004,570.9171,1116.557,660.6017,1142.928,635.2422
"2025-11-07 10:30:00",1221,"NAN",11.93,1057.123,949.1198,1407.505,700.29,853.6714,1253.858,669.58,665.7045,1126.991,734.6761,1169.726,578.4605,1009.328,529.728,1077.89,621.2419,1109.524,598.401,1122.678,1001.023,1446.646,753.1071,901.8522,1297.658,724.5537,722.3666,1172.846,783.6049,1217.698,633.3071,1059.305,582.039,1122.858,673.8913,1153.951,647.8111
"2025-11-07 10:45:00",1222,"NAN",11.92,1049.741,939.7883,1397.904,693.585,854.7062,1237.251,673.4557,660.1738,1119.183,728.3334,1160.206,574.4617,1000.594,522.8347,1069.491,616.9284,1100.036,593.2546,1115.738,991.7191,1437.765,746.7086,903.0542,1281.972,728.8184,717.1217,1165.395,777.5437,1208.613,629.3866,1051.067,575.2856,1115.39,669.7737,1144.922,643.2005
"2025-11-07 11:00:00",1223,"NAN",11.93,1046.689,943.8417,1393.198,688.9824,851.7242,1219.233,645.0257,658.1813,1113.558,720.0144,1151.712,573.8036,993.3134,513.4511,1064.12,611.8431,1093.959,585.918,1113.152,996.0386,1432.705,742.3277,900.7365,1264.948,700.861,715.3596,1160.597,770.4011,1200.889,628.9949,1044.647,566.5756,1110.188,665.212,1139.563,635.9797
"2025-11-07 11:15:00",1224,"NAN",11.91,1051.661,951.1378,1392.308,689.7678,857.3732,1223.914,678.5213,659.0707,1115.732,721.7728,1153.283,573.3874,995.0266,514.2415,1063.462,612.2908,1093.335,585.03,1118.484,1003.513,1433.108,743.7717,906.3246,1269.713,734.4587,716.3903,1162.905,772.0018,1202.623,629.0488,1046.353,567.334,1110.317,666.1512,1139.3,635.5497
"2025-11-07 11:30:00",1225,"NAN",11.93,1053.349,954.8625,1394.616,694.5016,871.9949,1233.142,678.1058,660.2833,1125.379,730.1656,1159.013,572.2745,1000.803,518.1924,1065.695,616.4979,1097.331,589.3561,1119.71,1007.35,1434.583,747.9737,920.2637,1278.738,733.6508,717.8412,1172.065,779.9542,1207.824,628.0405,1051.654,571.2377,1111.927,669.8208,1142.729,639.9229
"2025-11-07 11:45:00",1226,"NAN",11.93,1058.806,954.6112,1404.12,701.6968,890.6787,1258.054,679.4556,660.0031,1136.827,742.8099,1167.391,570.5311,1007.359,522.4183,1062.268,617.7653,1102.297,595.6021,1125.238,1006.661,1443.958,755.4249,938.9941,1303.329,735.5917,718.1019,1183.525,792.8881,1216.422,626.5722,1057.946,576.0513,1109.105,671.6332,1147.956,646.2442
"2025-11-07 12:00:00",1227,"NAN",11.94,1055.197,950.4481,1397.242,698.7215,894.1876,1248.368,659.8051,657.2514,1132.484,736.612,1158.363,569.5109,1001.299,515.5321,1058.847,614.2656,1096.433,591.4629,1122.299,1003.382,1437.819,752.8109,943.0237,1293.65,716.1685,715.3939,1179.359,786.955,1207.661,625.819,1052.733,569.0967,1106.07,668.468,1142.703,642.3996
"2025-11-07 12:15:00",1228,"NAN",11.92,1063.725,956.1423,1408.606,706.1946,916.9805,1276.229,675.6816,658.5731,1145.951,752.6268,1169.453,568.9927,1011.201,522.4954,1079.792,629.5844,1105.202,599.1095,1130.485,1008.453,1449.125,759.9948,965.2061,1320.938,731.9214,716.6432,1192.679,802.3408,1218.714,625.4246,1062.32,576.2424,1126.79,683.9774,1151.261,650.2529
"2025-11-07 12:30:00",1229,"NAN",11.93,1062.991,953.5029,1407.171,706.8994,928.537,1274.512,667.6344,655.1348,1153.201,759.2932,1166.431,567.0579,1012.943,522.8344,1061.232,621.2914,1105.198,601.2103,1129.704,1005.068,1447.312,760.7635,976.1617,1318.728,724.4127,713.0328,1199.483,809.3239,1215.24,623.5078,1064.074,576.7361,1108.305,675.1852,1150.967,652.2466
"2025-11-07 12:45:00",1230,"NAN",11.94,1051.772,940.7043,1395.689,696.6728,923.0839,1243.295,655.7736,648.0411,1139.136,746.8731,1149.696,563.9844,994.824,510.321,1045.863,609.6998,1091.226,591.1643,1119.089,993.9572,1436.808,751.6948,971.4561,1290.153,713.1843,707.0593,1186.045,797.7949,1200.202,620.9219,1046.634,564.9667,1093.993,665.0579,1138.103,642.9436
"2025-11-07 13:00:00",1231,"NAN",11.93,1040.124,917.9368,1385.134,685.5254,898.031,1178.605,600.232,631.3527,1102.995,704.408,1125.784,561.7046,976.563,492.1225,1033.333,587.8929,1081.404,580.9933,1102.323,965.2469,1421.766,735.607,941.8705,1221.929,652.5065,685.1025,1146.211,750.1364,1171.863,613.5122,1024.127,541.4936,1075.99,637.4543,1123.08,627.5187
"2025-11-07 13:15:00",1232,"NAN",11.93,1032.809,914.9049,1376.231,677.2585,883.494,1147.73,654.6704,634.4985,1093.422,692.4252,1117.104,563.8937,967.8707,490.561,1034.416,579.5201,1076.185,573.7176,1095.925,963.3728,1413.627,727.68,928.0497,1192.749,707.4686,688.6989,1137.669,739.3732,1164.263,615.8068,1016.526,540.7642,1078.12,629.6285,1118.819,621.057
"2025-11-07 13:30:00",1233,"NAN",11.92,1029.443,942.2529,1372.894,675.8392,873.3303,1146.71,656.6624,639.6051,1089.523,689.4794,1114.841,568.1505,965.3226,494.1905,1036.593,582.1213,1074.894,570.7928,1093.156,990.1806,1410.22,726.9669,918.3942,1191.762,709.2607,693.9129,1133.947,736.6534,1162.59,620.6765,1013.884,544.249,1080.278,632.5745,1117.933,618.6083
"2025-11-07 13:45:00",1234,"NAN",11.94,1031.268,966.2745,1373.401,677.3196,868.8388,1160.732,669.619,645.6159,1093.048,694.4908,1118.073,571.6824,967.2498,499.235,1039.148,589.0065,1075.116,570.6398,1095.16,1014.244,1411.516,728.6865,914.593,1206.266,722.6298,700.5474,1137.804,742.4648,1165.978,624.5511,1016.537,549.7105,1083.391,640.4127,1118.464,618.9118
"2025-11-07 14:00:00",1235,"NAN",11.93,1022.303,959.4766,1361.822,670.426,857.9897,1149.62,659.8118,643.851,1083.658,689.8824,1106.771,569.6691,959.2609,495.386,1032.224,582.8142,1065.331,565.5212,1087.333,1008.81,1401.676,723.1558,904.7874,1196.329,714.0574,699.701,1129.507,738.7939,1156.437,623.6879,1009.566,547.2891,1077.582,634.9978,1110.275,614.6339
"2025-11-07 14:15:00",1236,"NAN",11.94,1025.667,969.8302,1363.549,673.7787,856.6855,1160.516,662.1344,648.1008,1087.607,694.8632,1109.714,571.2048,959.9495,496.9247,1034.851,587.7951,1067.959,567.2087,1090.876,1018.511,1402.69,725.9771,903.6797,1206.996,716.1135,703.4327,1133.1,743.0477,1158.427,624.4033,1009.785,548.3391,1079.335,639.5701,1111.907,615.954
"2025-11-07 14:30:00",1237,"NAN",11.93,1028.291,979.182,1364.867,676.4836,858.3557,1175.69,620.9152,650.1997,1093.84,703.1028,1112.292,570.3399,961.3801,499.2339,1035.487,594.0911,1070.026,570.0085,1093.401,1026.884,1404.21,728.7599,904.8967,1221.442,670.8568,705.7046,1139.221,751.6573,1161.039,623.7586,1011.515,550.7979,1080.37,646.2925,1114.075,619.0103
"2025-11-07 14:45:00",1238,"NAN",11.94,1022.365,973.7715,1357.877,669.7045,852.1113,1170.11,660.5934,648.7908,1087.567,699.3743,1106.138,568.9116,956.7236,495.2277,1030.836,592.5244,1064.109,566.8889,1087.677,1022.51,1397.715,722.5496,899.6354,1216.122,714.4849,704.9863,1133.336,748.649,1155.361,622.9668,1007.308,547.2429,1075.951,645.3588,1108.782,616.1206
"2025-11-07 15:00:00",1239,"NAN",11.93,1021.911,976.9426,1354.061,660.9702,845.0012,1162.318,642.9329,649.1566,1083.11,696.025,1102.297,568.3608,953.7256,492.998,1028.788,589.7726,1061.536,564.5781,1088.416,1026.865,1394.725,714.3255,893.0029,1208.906,698.2866,705.5649,1129.559,745.5995,1152.768,622.8456,1004.994,545.6327,1075.271,643.07,1107.267,614.6774
"2025-11-07 15:15:00",1240,"NAN",11.94,1012.902,968.3122,1347.256,658.9232,835.4524,1151.026,640.2376,648.3825,1075.143,691.0629,1096.71,567.1403,948.5211,490.4973,1024.042,583.4167,1056.23,561.9333,1080.085,1018.598,1389.07,712.8433,884.4952,1198.703,696.4445,705.7493,1122.377,741.5922,1147.933,622.31,1000.162,543.7143,1070.993,637.3671,1102.35,612.6241
"2025-11-07 15:30:00",1241,"NAN",11.93,1008.43,955.7106,1342.51,649.5484,826.2831,1142.153,657.5279,648.9756,1070.061,688.814,1092.738,566.2354,944.9581,489.8077,1022.581,577.0739,1053.256,560.6358,1076.211,1007.481,1385.146,704.5541,876.0624,1190.76,713.7646,706.6963,1118.208,739.9142,1144.414,622.1596,997.8613,543.673,1070.052,631.6641,1100.021,612.0972
"2025-11-07 15:45:00",1242,"NAN",11.93,1003.193,944.2163,1338.325,652.9911,817.1697,1132.895,655.9603,649.7214,1065.487,687.3506,1088.382,565.8285,941.2575,489.5612,1020.719,571.7557,1049.571,560.1123,1072.174,995.7957,1380.527,708.0397,867.8596,1182.12,712.7732,707.9605,1113.121,738.4117,1141.428,622.1851,993.8062,543.5586,1068.957,625.9641,1096.748,611.6275
"2025-11-07 16:00:00",1243,"NAN",11.93,1000.828,945.4491,1336.537,655.4625,810.1386,1124.926,532.5176,650.4713,1063.327,688.1233,1087.914,566.4498,939.8769,490.5291,1020.217,568.5466,1048.949,560.9143,1069.686,997.3218,1379.612,710.985,861.1993,1174.516,588.1539,708.847,1111.681,739.7604,1140.599,622.9333,993.233,544.9377,1068.398,623.2107,1096.359,612.9857
"2025-11-07 16:15:00",1244,"NAN",11.94,1000.336,956.0638,1336.611,659.5965,804.3751,1122.107,631.7067,653.462,1062.59,689.6469,1088.136,566.9905,941.9969,492.2762,1020.901,567.9041,1049.143,561.8629,1068.451,1007.87,1380.247,715.4586,855.0092,1172.362,688.4688,712.1788,1112.107,741.3181,1141.063,623.5656,995.4155,547.0555,1069.435,623.0211,1096.837,614.2574
"2025-11-07 16:30:00",1245,"NAN",11.93,1000.489,967.4996,1336.53,662.5932,799.1953,1122.722,659.7712,655.5006,1061.972,691.0766,1088.389,567.9846,939.5032,493.2986,1021.934,568.8348,1048.789,562.6095,1068.408,1019.325,1380.707,718.7317,850.4242,1172.589,716.9872,714.383,1112.063,743.0381,1140.943,624.9864,993.1684,548.1791,1070.823,623.9479,1096.747,614.8522
"2025-11-07 16:45:00",1246,"NAN",11.92,1000.188,953.8073,1336.919,665.0549,794.6782,1125.332,659.2904,657.6812,1061.18,692.383,1088.432,569.026,939.7338,494.0539,1022.479,569.2842,1048.907,563.215,1068.223,1005.663,1381.412,721.6827,846.1432,1175.741,716.7421,716.823,1111.048,744.5391,1141.59,626.271,993.9949,548.9817,1071.437,624.8633,1097.103,615.9005
"2025-11-07 17:00:00",1247,"NAN",11.93,997.6204,966.8441,1337.219,667.1097,790.8445,1126.898,658.937,659.5466,1059.821,693.0053,1088.129,569.8007,939.8174,494.6553,1023.201,569.1175,1048.785,563.8235,1066.312,1019.081,1381.823,723.8004,842.421,1177.139,716.2054,718.7491,1110.357,745.4649,1140.985,627.1081,993.9658,549.816,1072.176,624.4846,1097.305,616.4823
"2025-11-07 17:15:00",1248,"NAN",11.9,990.2134,975.9781,1338.005,668.8615,786.9861,1126.212,646.4312,660.9204,1059.156,693.7853,1087.378,570.653,939.6873,495.1947,1023.682,568.5718,1048.322,564.6602,1059.872,1028.012,1382.172,725.8911,838.9058,1176.636,704.3125,720.2009,1108.825,746.5201,1141.26,628.0845,993.8231,550.9228,1073.245,624.0109,1097.055,617.8812
"2025-11-07 17:30:00",1249,"NAN",11.94,992.2062,989.3389,1339.595,671.1044,784.1249,1127.902,660.4138,662.6575,1060.001,695.301,1086.959,571.4647,940.2352,495.9981,1024.327,568.4378,1048.917,565.8515,1061.256,1041.975,1384.352,727.7582,836.5352,1178.432,718.649,722.2747,1109.867,748.266,1141.366,629.0767,994.6122,551.8538,1073.997,624.3848,1097.622,619.5055
"2025-11-07 17:45:00",1250,"NAN",11.93,994.6057,1001.861,1341.075,672.8649,781.567,1127.841,654.6225,663.7129,1058.887,696.3705,1087.185,571.6183,939.9198,496.4921,1025.769,568.2753,1048.752,566.8583,1064.136,1053.282,1385.643,729.9856,834.2305,1178.736,713.1423,723.6923,1109.705,749.7725,1140.595,629.3546,995.0852,552.5966,1074.97,624.0629,1097.777,620.4053
"2025-11-07 18:00:00",1251,"NAN",11.93,995.6351,1011.819,1343.163,674.6821,779.2744,1128.578,621.413,664.7521,1059.075,697.4504,1087.098,572.2603,940.6296,497.1159,1025.612,567.8625,1049.434,567.8318,1065.392,1064.707,1387.412,731.7374,832.2828,1179.685,680.006,724.5587,1109.81,750.6758,1141.596,630.102,995.1001,553.4648,1076.021,623.4881,1098.586,621.5446
"2025-11-07 18:15:00",1252,"NAN",11.92,996.5026,1021.37,1344.219,676.006,777.5616,1130.003,651.1274,666.233,1059.014,698.0543,1087.02,573.3041,940.7044,497.4319,1026.914,567.7996,1049.669,568.6964,1066.408,1073.908,1389.285,733.4448,830.5902,1181.15,709.8876,726.3898,1109.275,751.8642,1142.248,631.7565,995.5832,553.9807,1077.187,623.6495,1099.367,622.6366
"2025-11-07 18:30:00",1253,"NAN",11.91,997.6852,1028.724,1346.791,677.9525,776.1396,1133.279,664.9814,667.5483,1058.671,698.9059,1087.667,573.4645,940.9492,495.4254,1027.905,567.8028,1051.039,570.055,1067.707,1080.335,1391.093,735.3969,829.2777,1184.226,723.4848,727.9385,1109.12,752.316,1142.759,632.0228,995.7181,552.0145,1078.117,623.5806,1100.42,623.8388
"2025-11-07 18:45:00",1254,"NAN",11.93,1001.91,1035.192,1348.506,680.0153,774.8071,1133.801,656.0663,668.9313,1058.938,700.2489,1088.47,573.8403,941.4146,497.1345,1029.192,567.3212,1052.072,570.8831,1071.434,1087.88,1393.62,737.7374,828.0581,1185.05,714.83,729.7391,1110.769,754.3492,1142.944,632.1458,997.0522,554.0021,1079.462,623.1878,1101.854,624.9499
"2025-11-07 19:00:00",1255,"NAN",11.94,1000.354,1042.351,1351.083,681.4631,773.7638,1135.452,659.2882,670.6017,1059.648,701.657,1089.252,574.8057,942.2263,498.6988,1030.707,566.8741,1053.841,572.2999,1069.863,1094.345,1395.9,739.1404,827.6094,1186.915,718.3219,731.3925,1110.7,755.1316,1144.168,632.9052,997.7385,555.4905,1080.927,622.8057,1103.483,626.5944
"2025-11-07 19:15:00",1256,"NAN",11.89,1001.735,1049.707,1353.637,682.9315,773.145,1137.047,659.8696,671.9641,1060.379,702.6454,1090.147,575.7214,942.9357,499.7926,1031.952,567.5113,1055.86,573.6894,1071.202,1101.417,1398.592,740.9549,826.9059,1188.765,719.1429,732.8009,1111.37,756.1481,1145.264,634.7342,998.8799,556.5173,1082.697,623.6613,1105.628,627.9036
"2025-11-07 19:30:00",1257,"NAN",11.93,1003.888,1056.147,1356.121,684.7968,773.4446,1138.741,660.6025,673.7023,1060.137,703.5995,1092.22,576.6878,943.6118,500.5629,1051.242,577.3386,1057.64,575.0338,1073.686,1106.701,1401.549,743.1411,827.2101,1189.565,719.5881,734.3061,1112.156,758.1525,1146.889,635.1231,999.4487,557.3924,1101.196,633.2275,1107.274,629.3204
"2025-11-07 19:45:00",1258,"NAN",11.92,1005.21,1061.627,1359.447,686.5743,773.3965,1142.185,658.9453,675.251,1061.493,704.6218,1093.567,577.4528,944.7203,501.5239,1053.529,578.3683,1059.107,576.2527,1074.966,1113.724,1404.612,744.6056,827.1625,1193.696,718.0834,736.3864,1113.92,759.1148,1148.181,636.4361,1001.011,558.8911,1104.042,634.425,1109.092,630.7593
"2025-11-07 20:00:00",1259,"NAN",11.92,1006.167,1067.425,1362.668,687.8749,773.6045,1146.568,653.6458,676.8867,1062.545,706.0268,1094.767,578.2831,948.4261,502.29,1037.004,572.2365,1060.512,577.392,1076.681,1119.158,1407.155,746.2773,827.51,1197.837,713.0677,737.9644,1113.942,760.4359,1150.469,637.0365,1004.128,559.4979,1106.121,634.5903,1110.614,632.0353
"2025-11-07 20:15:00",1260,"NAN",11.9,1008.287,1071.507,1365.491,688.7924,774.0052,1149.554,668.9948,678.2698,1063.296,708.3301,1096.669,579.0876,947.0486,503.1987,1058.083,579.5667,1062.693,578.3237,1077.958,1122.966,1410.634,746.9704,827.9045,1201.185,728.3683,739.631,1116.129,762.9217,1151.187,638.0283,1003.348,560.3193,1108.763,635.4872,1112.913,633.189
"2025-11-07 20:30:00",1261,"NAN",11.93,1009.95,1076.704,1368.435,690.8676,774.8878,1154.132,667.1917,679.838,1064.415,709.5198,1097.907,579.9311,948.1431,503.7532,1060.026,579.9949,1064.875,579.1498,1079.91,1127.5,1413.651,749.6278,829.0175,1205.193,726.5538,740.8401,1116.741,764.1433,1152.667,639.2498,1004.639,561.2629,1110.496,636.0802,1115.311,634.0123
"2025-11-07 20:45:00",1262,"NAN",11.93,1011.299,1080.533,1371.956,692.786,775.465,1157.232,667.2808,681.1439,1065.397,710.9265,1099.176,580.8591,948.881,504.259,1062.348,580.2739,1066.641,580.0119,1081.925,1131.154,1417.18,751.4283,829.5475,1208.458,726.6302,742.5636,1117.796,765.9008,1154.319,640.2647,1005.399,562.0078,1113.038,636.3611,1116.973,634.9657
"2025-11-07 21:00:00",1263,"NAN",11.93,1013.184,1085.526,1374.752,694.6293,776.1144,1161.154,666.6172,682.5688,1066.512,711.9628,1099.488,581.5113,950.3047,504.8841,1064.25,580.4125,1068.629,580.9856,1083.805,1136.33,1420.332,753.7804,830.5556,1212.635,726.1049,743.7958,1119.053,766.9387,1154.57,640.854,1006.804,562.5861,1114.759,636.5179,1118.927,636.0488
"2025-11-07 21:15:00",1264,"NAN",11.93,1015.023,1091.083,1377.702,696.2727,776.8787,1165.482,669.0497,683.814,1068.268,713.8695,1100.126,582.0392,951.6653,505.5859,1066.37,581.0984,1070.475,581.8749,1085.799,1141.636,1422.671,755.4109,831.4492,1217.195,728.2982,745.3926,1121.254,768.6871,1155.581,641.5369,1008.604,563.3246,1116.752,637.3271,1120.702,637.0936
"2025-11-07 21:30:00",1265,"NAN",11.94,1016.005,1095.174,1381.085,697.8879,777.2777,1168.893,667.0398,684.9694,1069.161,715.3953,1102.148,582.9726,952.7154,506.0235,1068.36,582.0925,1072.702,582.6821,1087.593,1145.223,1425.832,756.8951,832.1184,1220.579,726.4237,746.595,1121.667,770.8359,1158.023,642.4531,1009.409,564.1051,1119.034,638.2725,1123.039,637.863
"2025-11-07 21:45:00",1266,"NAN",11.92,1017.724,1100.254,1384.172,699.7512,777.9364,1172.111,666.8785,686.0214,1070.928,716.6133,1103.538,583.6147,954.1771,506.5937,1069.848,582.9272,1074.624,582.6122,1088.556,1152.166,1428.525,758.6676,832.7587,1223.971,726.7291,747.5898,1122.807,771.7478,1159.602,643.2372,1010.561,564.446,1121.392,639.3476,1125.093,637.941
"2025-11-07 22:00:00",1267,"NAN",11.9,1019.69,1103.533,1386.433,701.1443,778.9297,1176.001,667.2233,687.3966,1071.576,717.5376,1104.855,584.3873,955.4727,507.2355,1072.094,583.1799,1076.618,583.0777,1091.134,1154.062,1431.244,760.3819,833.9335,1227.732,727.267,749.1293,1123.485,772.5724,1161.216,644.1111,1012.531,565.1893,1122.849,639.3488,1127.302,638.653
"2025-11-07 22:15:00",1268,"NAN",11.89,1021.38,1106.875,1389.198,702.4968,779.592,1178.967,667.4861,688.4114,1073.155,718.7471,1106.32,584.923,956.4597,507.5587,1073.898,583.9839,1078.288,584.2892,1092.996,1156.638,1433.878,761.6712,835.026,1230.528,727.4496,750.6489,1125.563,774.0015,1162.075,644.9498,1013.641,565.6396,1124.979,640.4266,1129.012,640.0693
"2025-11-07 22:30:00",1269,"NAN",11.9,1026.113,1109.842,1391.77,703.5715,780.7034,1181.917,670.6134,689.5337,1074.465,719.8235,1107.333,585.4244,957.7086,507.9086,1075.383,584.1214,1080.184,585.212,1097.528,1159.418,1436.982,763.5425,835.6065,1233.773,730.801,751.5094,1127.65,774.9675,1163.143,645.5248,1014.922,566.3593,1125.996,640.9467,1131.05,641.2397
"2025-11-07 22:45:00",1270,"NAN",11.92,1024.63,1111.831,1393.952,699.5734,781.3153,1183.898,671.4655,690.4048,1075.953,720.8517,1108.404,585.8603,958.3583,508.3258,1077.263,585.0706,1081.861,585.8701,1096.029,1162.113,1439.474,759.3162,836.2276,1236.143,731.5084,752.7466,1128.953,776.1582,1164.229,646.1965,1016.222,566.7761,1128.156,641.8768,1132.524,641.7379
"2025-11-07 23:00:00",1271,"NAN",11.9,1025.701,1113.987,1397.021,701.7591,781.4826,1187.319,672.0999,691.3025,1077.374,721.4837,1110.024,586.4361,959.4323,508.5837,1077.96,585.8646,1083.766,586.5745,1097.429,1164.705,1441.911,760.9791,836.9751,1239.561,732.6764,753.8986,1129.877,776.9853,1166.467,646.4908,1016.763,567.221,1129.972,642.7124,1134.679,642.3239
"2025-11-07 23:15:00",1272,"NAN",11.93,1028.106,1114.203,1399.165,702.8416,782.634,1190.932,672.1403,692.5273,1078.746,722.559,1111.414,587.1715,960.5665,509.1813,1080.43,586.6691,1086.125,587.4372,1099.786,1164.662,1443.698,762.7791,838.0393,1242.777,732.5786,755.0897,1131.006,778.179,1168.1,647.5469,1017.784,567.8207,1131.621,643.5576,1136.994,643.2148
"2025-11-07 23:30:00",1273,"NAN",11.91,1028.895,1116.439,1401.726,703.5603,783.2662,1193.324,672.9818,693.3054,1080.547,724.1226,1112.26,587.4537,961.2827,509.4279,1081.733,587.5099,1087.339,587.815,1100.82,1168.6,1446.832,763.1992,838.991,1246.028,733.7722,756.0713,1132.693,780.1274,1169.908,648.2476,1018.84,568.1589,1133.616,644.8605,1138.672,644.1276
"2025-11-07 23:45:00",1274,"NAN",11.93,1030.453,1117.599,1403.734,704.6056,784.1783,1196.17,673.9507,694.0562,1080.661,724.5324,1114.083,588.0329,964.3052,509.7029,1083.895,588.006,1088.705,588.3687,1102.765,1168.203,1449.446,764.549,840.0397,1248.48,734.7328,756.9565,1134.145,781.0948,1170.683,648.4161,1022.534,568.9557,1135.512,645.1222,1139.879,644.7791
"2025-11-08 00:00:00",1275,"NAN",11.93,1032.277,1116.28,1405.467,706.0897,785.1812,1199.333,678.3965,694.8436,1081.886,725.4904,1114.459,588.1783,963.4009,510.063,1085.249,588.6947,1090.045,588.8607,1104.167,1166.64,1450.925,766.4498,840.7758,1251.168,739.634,757.6221,1135.255,782.1094,1171.224,648.6246,1021.018,568.9442,1136.799,645.5753,1141.114,645.3006
"2025-11-08 00:15:00",1276,"NAN",11.93,1032.916,1103.303,1408.003,707.6573,785.6682,1202.755,677.4827,695.9075,1083.415,726.1585,1115.256,588.7034,964.0755,510.2783,1086.519,589.2203,1091.248,589.5219,1105.436,1154.099,1452.876,767.8761,841.7153,1255.061,738.6779,759.0884,1136.076,782.5198,1172.5,649.425,1021.968,569.4924,1138.466,646.6219,1142.507,646.0919
"2025-11-08 00:30:00",1277,"NAN",11.92,1034.291,1102.904,1410.486,709.42,786.506,1205.675,639.342,696.3217,1084.285,726.9977,1115.916,589.1423,965.1611,510.6159,1088.309,590.1514,1092.804,590.2991,1107.087,1154.344,1454.982,769.5872,842.6003,1257.835,701.0519,759.1113,1136.968,783.0959,1173.266,649.9948,1021.764,569.7352,1140.056,647.4045,1144.12,646.8118
"2025-11-08 00:45:00",1278,"NAN",11.89,1035.913,1103.49,1412.67,710.6051,786.995,1208.945,669.5208,697.343,1085.484,727.8932,1117.28,589.4813,965.9848,511.1475,1089.846,591.0449,1094.665,590.8511,1108.464,1155.68,1457.319,770.6313,843.0476,1261.266,731.4378,760.3093,1138.791,784.2494,1174.272,650.1745,1023.697,570.2998,1142.327,648.409,1145.786,647.3926
"2025-11-08 01:00:00",1279,"NAN",11.93,1036.84,1104.466,1414.551,711.3984,787.532,1211.964,681.9662,697.8807,1086.678,728.5594,1117.393,589.6375,962.6907,511.399,1091.292,591.5958,1095.468,591.2584,1109.493,1155.722,1459.513,771.8218,843.7734,1264.353,743.8403,761.3178,1139.909,784.4042,1174.568,650.6797,1020.097,570.5593,1143.173,649.3276,1146.968,647.8786
"2025-11-08 01:15:00",1280,"NAN",11.93,1038.242,1105.351,1416.397,712.7164,788.2557,1215.166,685.7101,698.681,1087.289,728.7407,1118.398,589.9348,959.3669,511.5171,1092.88,592.1363,1097.138,591.8376,1110.546,1157.065,1461.481,773.0587,844.2307,1267.216,747.3018,761.7194,1140.375,785.2589,1176.102,651.0043,1016.776,570.9774,1145.096,649.8779,1148.286,648.5599
"2025-11-08 01:30:00",1281,"NAN",11.93,1040.422,1106.255,1418.818,714.2049,789.0378,1218.627,686.037,699.5676,1088.646,730.0555,1120.078,590.4138,958.0677,512.296,1095.12,592.693,1098.136,592.4802,1112.597,1157.209,1463.497,774.662,844.9802,1270.593,747.4289,762.7955,1142.242,786.0396,1176.588,651.2797,1016.461,571.5494,1146.417,650.3105,1149.446,649.2059
"2025-11-08 01:45:00",1282,"NAN",11.93,1041.496,1106.803,1421.364,715.4514,790.0005,1222.358,685.1257,700.5134,1089.439,730.6404,1122.167,591.2357,958.5738,512.7115,1096.66,594.002,1100.394,592.9933,1114.104,1158.582,1466.104,775.6238,845.8527,1273.861,746.4374,763.5601,1143.339,786.8066,1178.479,652.1283,1016.834,572.0084,1148.236,651.3372,1151.552,649.3406
"2025-11-08 02:00:00",1283,"NAN",11.91,1042.896,1106.647,1423.436,716.4121,790.6749,1224.993,686.3569,701.5014,1091.351,731.5984,1123.142,591.4721,960.5089,512.9634,1098.038,595.0546,1102.087,593.4816,1114.902,1158.427,1467.429,776.562,846.965,1277.11,747.6476,764.5511,1144.63,787.5447,1179.876,652.6928,1018.159,572.2814,1150.451,652.7019,1153.474,650.3008
"2025-11-08 02:15:00",1284,"NAN",11.93,1046.781,1106.836,1424.8,717.3744,791.2365,1227.601,684.4456,702.3245,1092.28,732.3959,1124.914,591.7523,964.6642,513.0388,1099.12,595.6137,1103.287,593.7221,1119.65,1158.685,1469.433,777.1896,847.7729,1279.507,745.8846,765.6782,1145.817,788.6591,1181.642,652.5662,1022.687,572.5448,1151.229,653.1373,1154.455,650.6317
"2025-11-08 02:30:00",1285,"NAN",11.93,1045.417,1106.609,1427.279,717.993,792.1487,1228.773,683.8478,702.9667,1093.727,733.083,1123.44,591.9072,962.9595,513.1599,1100.705,595.9564,1104.835,594.0974,1118.785,1158.675,1472.107,778.2811,848.4858,1281.105,745.2429,766.2964,1147.323,789.2218,1180.421,652.9446,1023.498,572.692,1152.677,653.384,1155.983,650.7827
"2025-11-08 02:45:00",1286,"NAN",11.93,1046.829,1104.946,1428.291,718.0317,792.9373,1230.19,684.3563,703.4702,1094.022,733.3499,1124.295,592.181,967.0454,512.9755,1101.299,596.0037,1105.598,594.2838,1119.636,1156.23,1473.135,778.6451,849.2031,1282.18,746.0062,766.9365,1148.244,790.0552,1181.032,653.6601,1025.352,572.7286,1153.18,653.9536,1157.037,651.3564
"2025-11-08 03:00:00",1287,"NAN",11.93,1047.476,1105.591,1429.903,718.2449,793.3676,1232.731,683.8185,703.8876,1095.338,733.7371,1125.237,592.3981,967.8761,513.0412,1102.467,596.0811,1107.099,594.58,1121.249,1157.526,1474.791,778.9777,850.2141,1284.702,745.6045,767.3146,1148.535,790.4128,1182.513,653.727,1026.507,572.6776,1154.71,654.1271,1158.433,651.8593
"2025-11-08 03:15:00",1288,"NAN",11.93,1048.288,1106.709,1431.804,718.9247,793.8171,1233.557,684.1984,704.1716,1095.858,734.0768,1126.193,592.4546,968.5274,512.9523,1103.377,596.279,1107.847,594.8257,1121.919,1159.473,1476.645,779.7493,850.6541,1286.2,745.9808,767.7208,1149.432,791.1326,1184.446,654.0281,1026.862,572.8802,1155.974,654.6626,1159.803,652.1019
"2025-11-08 03:30:00",1289,"NAN",11.93,1050.169,1107.87,1433.282,716.2531,794.4927,1236.951,684.3621,704.6322,1096.856,734.7012,1127.196,592.5287,971.7068,513.4254,1104.009,596.6897,1109.233,595.3998,1123.095,1160.179,1478.754,777.0641,850.9714,1289.329,746.3825,768.5831,1150.681,791.683,1184.901,654.1769,1030.337,573.2341,1156.525,655.5696,1161.129,653.0293
"2025-11-08 03:45:00",1290,"NAN",11.93,1051.019,1107.702,1435.277,717.618,795.1025,1240.469,680.7571,705.2889,1098.181,735.8473,1128.312,592.7819,969.5947,513.6238,1105.635,597.3092,1110.47,595.5303,1124.748,1160.456,1480.346,778.2391,852.2656,1293.027,743.1589,769.1697,1152.416,792.4155,1185.95,654.916,1028.768,573.6662,1158.108,656.0077,1162.17,653.0352
"2025-11-08 04:00:00",1291,"NAN",11.92,1052.068,1106.699,1436.566,718.4393,795.7309,1243.242,685.745,705.7775,1098.847,736.0526,1128.622,592.8815,969.985,513.6787,1106.45,597.3578,1111.403,595.8424,1125.565,1159.588,1481.178,779.4182,852.4555,1295.694,747.4807,769.7657,1152.797,792.9208,1186.558,654.45,1028.29,573.9003,1159.042,655.9482,1163.185,653.0472
"2025-11-08 04:15:00",1292,"NAN",11.93,1053.68,1107.128,1437.495,719.5578,796.6154,1245.24,666.9846,706.1777,1098.766,736.3842,1129.991,593.1601,970.3484,513.8796,1107.355,597.6586,1112.697,596.1376,1126.764,1159.678,1482.849,780.5941,853.6381,1297.337,729.4341,769.8847,1153.366,794.1696,1187.26,654.5601,1029.256,573.9668,1159.938,656.3365,1164.543,653.7659
"2025-11-08 04:30:00",1293,"NAN",11.93,1054.467,1108.31,1438.655,719.9377,797.1562,1248.073,685.6464,706.6732,1099.584,737.0569,1130.356,593.2964,970.6325,513.9439,1108.102,597.6052,1113.461,596.3014,1127.752,1159.863,1483.34,780.8973,854.1099,1299.871,747.5813,770.3475,1154.116,794.5607,1187.886,654.6841,1029.45,574.3401,1160.825,656.2979,1165.395,654.0461
"2025-11-08 04:45:00",1294,"NAN",11.93,1055.319,1110.063,1440.133,720.7468,797.4989,1250.582,687.6035,707.0032,1100.54,737.6207,1130.938,593.4031,970.6086,514.1093,1109.607,598.0549,1114.068,596.269,1129.634,1161.575,1484.582,781.8646,854.2131,1302.405,750.069,771.1296,1154.979,794.7424,1188.531,655.0914,1029.297,574.5888,1161.829,656.5072,1166.286,653.6952
"2025-11-08 05:00:00",1295,"NAN",11.93,1056.211,1110.341,1441.191,721.9508,797.936,1253.061,685.9457,707.4852,1101.28,737.6758,1131.539,593.5056,970.9357,514.3537,1110.579,598.3937,1115.128,596.2396,1130.344,1163.094,1485.924,782.9098,854.9641,1304.999,748.4269,771.596,1155.595,794.7774,1188.963,655.3028,1029.55,574.6469,1163.334,656.8245,1167.089,654.0519
"2025-11-08 05:15:00",1296,"NAN",11.93,1057.415,1110.79,1442.136,722.5048,798.6385,1254.851,687.3228,708.0786,1102.091,738.3995,1132.678,593.8113,966.9662,514.5759,1112.353,598.8432,1116.32,596.4183,1131.528,1163.134,1486.785,783.7506,855.9308,1307.128,750.1049,772.453,1156.676,795.6117,1189.878,655.7518,1028.322,575.0593,1164.736,657.3603,1168.131,654.1917
"2025-11-08 05:30:00",1297,"NAN",11.93,1058.735,1109.765,1443.091,723.0419,799.3444,1257.253,687.6476,708.5892,1103.111,738.4341,1133.04,594.0262,969.8927,514.8248,1112.697,598.7921,1117.63,596.9933,1132.35,1163.404,1488.294,784.2507,856.7571,1309.759,750.6318,772.9724,1157.854,795.8561,1190.837,656.5273,1028.824,575.3268,1165.806,657.6778,1169.829,654.9319
"2025-11-08 05:45:00",1298,"NAN",11.92,1059.327,1110.493,1444.454,723.7388,799.9951,1259.743,688.2977,709.16,1103.594,738.9196,1134.099,594.3406,970.2209,514.7579,1114.151,599.5906,1118.656,597.5396,1133.572,1164.411,1489.75,784.9883,857.1771,1312.038,751.0772,773.5696,1158.292,796.884,1192.52,656.3204,1029.353,575.7784,1167.521,658.4626,1171.186,655.5699
"2025-11-08 06:00:00",1299,"NAN",11.93,1063.959,1111.867,1444.791,724.0186,800.5712,1261.295,688.5435,709.625,1104.656,739.8508,1134.855,594.4968,970.4753,515.046,1115.106,599.6279,1119.548,597.8297,1138.076,1164.356,1490.24,785.7289,858.0244,1313.317,751.3299,774.2638,1159.283,797.5175,1192.821,656.972,1029.922,575.5049,1168.026,659.0339,1171.877,656.0678
"2025-11-08 06:15:00",1300,"NAN",11.93,1061.106,1112.91,1446.694,717.5472,800.992,1262.63,687.6432,710.2332,1105.185,740.3521,1135.912,594.8887,971.0543,515.1636,1116.26,600.4606,1120.617,598.2325,1135.457,1166.815,1491.832,779.3589,858.6888,1314.714,750.3981,774.9237,1159.842,798.1122,1194.155,657.4321,1029.776,576.1738,1169.486,659.5714,1173.243,656.6332
"2025-11-08 06:30:00",1301,"NAN",11.93,1062.762,1111.349,1447.66,719.7854,801.792,1264.474,687.8205,710.8375,1105.815,740.8965,1137.01,595.0638,971.1263,515.4742,1117.179,600.8534,1122.08,598.7617,1137.134,1164.836,1493.004,781.9779,859.6922,1316.987,750.8557,775.3126,1161.426,799.2301,1194.94,657.6775,1030.593,576.618,1170.343,660.2198,1174.486,657.0786
"2025-11-08 06:45:00",1302,"NAN",11.93,1063.913,1107.92,1448.978,721.5198,802.5234,1266.503,687.3381,711.9272,1107.505,742.3176,1138.001,595.3999,972.0378,515.8044,1118.454,601.465,1123.396,599.1849,1138.417,1161.98,1494.187,783.1967,860.1901,1318.55,749.962,776.6887,1163.051,800.3975,1196.016,657.759,1031.605,576.8762,1171.901,660.7508,1175.81,657.6301
"2025-11-08 07:00:00",1303,"NAN",11.92,1065.11,1106.346,1449.595,722.8945,803.6306,1269.014,685.7858,712.6145,1109.019,742.6068,1138.717,595.6547,973.0073,515.8502,1119.095,601.7886,1124.47,599.2352,1139.706,1160.921,1495.137,784.8445,861.6262,1321.607,749.0941,777.6483,1163.957,800.4286,1197.057,658.464,1032.653,576.9341,1172.822,661.3944,1176.946,657.7
"2025-11-08 07:15:00",1304,"NAN",11.93,1066.023,1105.462,1449.639,723.6567,804.2919,1270.661,688.8467,712.9969,1109.5,742.9175,1139.894,595.7275,976.233,515.6154,1120.03,601.817,1124.907,599.3432,1141.106,1160.114,1495.115,786.3052,862.7812,1323.273,752.232,778.1509,1165.139,801.7343,1198.125,658.5443,1036.33,577.0844,1173.688,661.8057,1177.969,658.3526
"2025-11-08 07:30:00",1305,"NAN",11.93,1067.565,1103.989,1448.289,724.4114,805.5059,1273.409,678.5442,713.6225,1110.984,742.8854,1140.259,595.8289,975.4142,515.6276,1121.162,602.3239,1125.263,599.4158,1143.013,1159.071,1494.364,787.0221,863.7968,1326.578,742.7543,778.9595,1167.111,801.4995,1199.098,659.163,1035.997,577.4409,1174.76,662.98,1178.544,658.7974
"2025-11-08 07:45:00",1306,"NAN",11.93,1069.313,1101.807,1447.391,725.2489,806.7758,1276.196,695.9378,714.7214,1112.47,743.4109,1141.504,596.2316,977.0026,515.7416,1121.873,602.7235,1127.132,599.5238,1144.542,1157.055,1493.26,788.0553,864.89,1329.079,759.7946,780.318,1168.228,802.5131,1200.614,659.3098,1037.048,577.6924,1175.741,663.2878,1180.454,658.6315
"2025-11-08 08:00:00",1307,"NAN",11.9,1071.075,1097.293,1447.056,726.092,808.061,1278.716,695.4641,715.6426,1114.342,745.2746,1143.056,596.4742,978.4545,516.0174,1123.692,603.8384,1128.737,599.4479,1146.82,1152.664,1492.555,788.8618,866.983,1331.814,759.1617,781.1208,1170.362,803.929,1201.685,660.0255,1039.165,577.7252,1177.257,664.6281,1181.519,658.7537
"2025-11-08 08:15:00",1308,"NAN",11.92,1072.352,1090.619,1447.607,726.3893,809.2826,1281.659,694.4547,716.2113,1116.158,746.1077,1143.933,596.869,979.5463,515.8009,1124.61,605.3769,1129.615,599.1465,1148.123,1146.415,1493.216,789.1825,868.1167,1334.791,758.6163,781.9786,1171.566,805.0342,1203.277,660.3335,1039.86,577.9586,1178.79,666.546,1182.932,658.6614
"2025-11-08 08:30:00",1309,"NAN",11.93,1073.315,1086.154,1447.586,726.2044,810.2274,1282.335,699.9805,716.4833,1116.747,746.4026,1144.437,597.0424,980.7022,515.4705,1125.413,605.7627,1130.393,598.9498,1149.824,1142.781,1493.371,789.5997,869.3134,1335.388,764.3418,782.209,1172.496,805.6124,1204.132,660.6221,1041.219,577.909,1179.457,666.9202,1183.917,658.5221
"2025-11-08 08:45:00",1310,"NAN",11.93,1075.34,1084.688,1447.339,726.5165,811.8729,1284.37,646.9278,716.5999,1118.54,746.0261,1145.192,596.8651,981.6818,515.3885,1126.627,606.9904,1131.315,598.7324,1151.547,1141.273,1493.118,789.6051,870.8207,1337.1,711.5802,782.3163,1174.338,805.3687,1205.051,660.7239,1041.804,577.4393,1181.017,668.7026,1184.545,658.6373
"2025-11-08 09:00:00",1311,"NAN",11.93,1077.053,1079.676,1447.158,726.7458,813.5142,1286.639,698.329,717.4227,1120.274,746.3529,1146.084,596.936,982.6464,515.2124,1127.581,608.8206,1132.124,598.4307,1153.303,1137.202,1493.498,790.0356,872.5214,1339.635,763.032,783.3764,1176.243,805.8687,1206.021,660.9194,1042.921,577.676,1182.24,670.8222,1185.891,658.2318
"2025-11-08 09:15:00",1312,"NAN",11.92,1078.057,1062.078,1446.665,726.3691,814.382,1288.19,697.8413,717.1026,1120.693,746.9666,1146.514,595.9137,982.6701,514.5727,1108.131,598.6583,1132.253,597.6989,1155.072,1119.237,1492.34,789.7277,873.8864,1340.95,762.6108,783.5379,1177.46,806.5286,1205.653,660.1934,1043.774,577.2921,1162.661,660.5708,1186.256,657.6824
"2025-11-08 09:30:00",1313,"NAN",11.93,1079.385,1048.862,1445.985,726.2037,815.4855,1288.904,697.5823,716.8152,1121.825,746.8543,1146.429,595.317,983.3733,513.923,1108.417,599.7881,1132.718,597.2237,1155.805,1107.836,1492.712,789.7872,874.7306,1342.271,762.0774,783.3427,1178.824,806.3091,1205.936,659.446,1044.299,576.8052,1163.771,662.4248,1186.655,657.3946
"2025-11-08 09:45:00",1314,"NAN",11.92,1083.053,1039.186,1445.494,725.7414,816.0826,1289.149,673.2113,716.303,1121.991,746.6219,1146.495,594.8156,983.6858,513.3578,1108.319,599.5886,1133.082,596.2319,1159.858,1098.03,1491.912,789.3381,875.4598,1342.756,738.607,783.065,1178.874,806.3105,1205.887,659.4294,1044.903,576.585,1163.144,661.9941,1187.202,656.7047
"2025-11-08 10:00:00",1315,"NAN",11.93,1116.474,1056.403,1473.294,764.1467,856.1146,1320.187,740.6186,756.2552,1159.063,785.9478,1182.021,633.7965,1021.216,554.0098,1144.697,640.2452,1169.073,636.3079,1160.226,1077.332,1491.248,788.3454,876.2262,1340.121,763.3828,783.0751,1179.397,806.2817,1205.9,658.7697,1044.755,575.9224,1162.636,661.9617,1187.069,656.0941
"2025-11-08 10:15:00",1316,"NAN",11.92,1118.606,1047.284,1474.451,764.7304,857.9554,1324.216,745.1942,758.1766,1161.591,787.1273,1183.199,635.053,1023.051,555.4012,1146.044,642.0498,1171.177,636.9609,1161.722,1067.259,1491.49,787.2065,876.558,1343.179,767.1244,783.7784,1179.991,806.0413,1206.707,658.6254,1045.054,575.8555,1163.491,662.639,1187.473,655.3575
"2025-11-08 10:30:00",1317,"NAN",11.93,1119.629,1036.281,1474.985,764.7056,859.4261,1327.29,743.6002,758.9202,1162.439,787.3442,1183.801,634.9142,1023.745,555.0898,1146.481,643.0369,1171.663,637.3967,1162.997,1055.97,1491.084,787.3621,877.8278,1345.117,764.8282,784.1206,1180.687,807.0107,1206.595,658.6804,1045.586,575.6725,1163.176,663.3308,1188.428,655.4887
"2025-11-08 10:45:00",1318,"NAN",11.89,1121.084,1026.53,1475.883,764.6024,860.0165,1327.803,744.419,758.7589,1163.089,787.8751,1184.662,635.0626,1024.282,555.9269,1146.887,643.9323,1172.179,637.3748,1163.614,1046.184,1491.641,786.8661,878.6718,1346.23,765.5917,784.2645,1181.377,806.4827,1207.291,658.6237,1046.128,576.1616,1163.971,664.2579,1188.441,655.2255
"2025-11-08 11:00:00",1319,"NAN",11.9,1123.138,1016.897,1476.493,764.7771,861.8906,1330.112,722.3037,759.4,1164.512,788.4289,1185.741,635.1786,1027.409,555.9278,1148.039,645.5401,1173.202,637.0951,1165.607,1036.241,1492.797,786.7309,880.2932,1348.854,742.953,783.9708,1182.818,807.2599,1207.739,657.9281,1049.783,575.8764,1164.254,665.6445,1189.684,654.7852
"2025-11-08 11:15:00",1320,"NAN",11.93,1125.38,1008.095,1476.537,764.7487,864.0577,1336.744,734.8566,760.5348,1166.938,790.132,1188.111,635.0757,1027.297,555.911,1149.061,650.1022,1175.363,637.3005,1168.62,1027.769,1492.329,786.9448,882.1498,1354.777,755.4456,785.5123,1184.73,808.6046,1210.629,658.145,1048.393,576.0492,1165.802,670.6281,1191.433,655.1363
"2025-11-08 11:30:00",1321,"NAN",11.9,1128.973,1000.041,1479.054,765.5081,867.7119,1348.148,733.7626,761.4067,1170.056,791.3949,1191.368,635.5914,1029.349,556.8106,1150.425,653.5988,1177.621,637.913,1171.821,1018.904,1494.711,787.6356,885.4019,1365.674,754.9028,786.0645,1187.168,810.1085,1213.732,658.3632,1050.343,576.5283,1166.957,674.0316,1193.234,655.636
"2025-11-08 11:45:00",1322,"NAN",11.91,1130.881,989.2849,1480.222,764.9032,870.2431,1355.661,739.8768,761.1625,1171.43,792.8104,1193.843,634.9646,1030.798,556.8732,1149.946,656.7983,1178.236,637.9393,1173.816,1007.665,1495.629,787.0088,887.8934,1373.619,760.4896,785.2156,1188.775,811.274,1215.793,657.6237,1051.49,576.3063,1166.392,677.1187,1193.249,655.3515
"2025-11-08 12:00:00",1323,"NAN",11.94,1132.154,965.2142,1479.58,763.4657,871.8082,1358.049,735.5261,761.0123,1171.647,793.8301,1193.648,634.4176,1030.986,556.7084,1149.959,657.773,1177.936,637.998,1174.721,983.0535,1495.06,785.2661,889.4077,1375.264,755.8753,784.7202,1189.656,811.5046,1215.099,657.1774,1052.257,576.2614,1165.425,677.8674,1193.237,655.2532
"2025-11-08 12:15:00",1324,"NAN",11.93,1135.303,943.7197,1480.29,763.4552,875.6136,1366.05,747.906,761.3776,1174.832,795.3692,1196.667,634.231,1032.677,557.2038,1150.521,659.6556,1179.523,638.7133,1178.366,962.3616,1496.353,785.1159,892.6593,1383.089,768.6794,785.106,1193.24,813.8212,1217.783,657.0304,1053.656,576.667,1166.855,680.0344,1194.952,655.8007
"2025-11-08 12:30:00",1325,"NAN",11.92,1154.839,929.5253,1497.365,780.2061,912.481,1422.498,733.4858,762.5743,1200.199,825.5955,1220.517,632.0882,1053.757,575.6555,1161.648,678.0293,1194.117,654.616,1197.136,947.3661,1512.31,801.3812,929.8425,1437.88,744.4272,786.6727,1217.373,843.3885,1240.991,654.3322,1074.959,594.491,1176.493,698.7211,1209.506,671.2556
"2025-11-08 12:45:00",1326,"NAN",11.93,1163.39,1067.298,1507.683,788.1515,941.1614,1442.233,688.9465,758.941,1216.948,840.6206,1228.055,629.9751,1064.264,578.9221,1161.508,684.9218,1199.18,663.1456,1205.269,1087.342,1523.208,809.251,957.9338,1458.536,708.8619,783.0555,1233.268,858.4799,1249.206,652.3655,1084.186,598.0479,1177.245,705.9405,1214.472,680.1083
"2025-11-08 13:00:00",1327,"NAN",11.93,1140.964,1052.643,1486.162,761.2057,920.4842,1397.014,727.2451,735.715,1188.779,809.9097,1202.311,609.1442,1037.423,549.8944,1134.79,657.9398,1172.478,636.9686,1197.396,1087.793,1515.246,800.684,954.6964,1429.353,766.2068,777.9529,1222.572,844.9548,1238.941,650.0497,1074.778,587.371,1167.511,696.4537,1204.305,672.3103
"2025-11-08 13:15:00",1328,"NAN",11.94,1143.626,1064.381,1486.327,760.0438,923.4777,1387.801,730.9167,736.2177,1188.962,806.3693,1201.902,608.6505,1035.372,545.4416,1134.034,658.6622,1172.172,634.3556,1200.469,1099.31,1515.244,798.9727,958.0883,1419.62,769.8754,778.2833,1222.048,841.7304,1238.865,649.061,1072.75,582.6788,1166.162,697.389,1203.949,669.5064
"2025-11-08 13:30:00",1329,"NAN",11.9,1146.696,1072.585,1486.519,760.084,929.0475,1385.611,728.4775,735.6251,1191.301,807.0949,1201.437,607.1996,1034.808,544.0483,1132.201,657.8708,1170.716,633.9442,1203.662,1108.657,1515.92,799.3633,963.9294,1417.756,767.6387,778.0627,1224.995,842.4321,1239.108,648.4734,1072.513,581.8409,1165.534,697.0415,1202.637,669.3123
"2025-11-08 13:45:00",1330,"NAN",11.94,1153.416,1077.051,1495.464,772.7293,951.7063,1400.863,728.1829,737.6058,1210.419,825.4662,1211.34,606.5333,1042.721,551.7204,1136.915,668.8908,1178.108,643.0204,1209.36,1111.993,1524.034,810.7643,985.6536,1431.889,766.5734,779.5275,1242.789,860.4189,1247.816,647.2584,1079.709,588.7656,1168.872,707.8931,1209.524,677.6098
"2025-11-08 14:00:00",1331,"NAN",11.94,1158.232,1078.518,1504.381,778.4562,963.0333,1417.822,726.6094,737.0035,1221.216,836.4221,1216.487,605.5948,1045.68,552.947,1136.077,673.8973,1181.61,647.9532,1214.466,1113.251,1531.641,816.2113,996.4674,1448.013,765.0137,778.8928,1253.155,870.7813,1252.379,645.9507,1082.176,590.0242,1168.612,712.505,1212.945,682.3584
"2025-11-08 14:15:00",1332,"NAN",11.93,1143.538,1056.713,1500.269,765.7171,962.7577,1409.307,700.1914,713.5481,1217.706,827.168,1202.597,581.8347,1029.405,531.3315,1114.619,656.9481,1166.106,632.0902,1216.413,1112.364,1541.533,824.8278,1016.24,1454.731,762.2053,777.5386,1268.714,882.061,1256.578,643.902,1085.86,591.4734,1167.306,718.1138,1216.64,688.9575
"2025-11-08 14:30:00",1333,"NAN",11.95,1141.417,1052.914,1502.304,768.3729,974.1943,1402.141,695.7612,709.4055,1220.398,835.1985,1200.282,579.9653,1026.73,527.2973,1112.108,657.2751,1165.208,635.1898,1215.397,1108.089,1542.607,827.4603,1027.716,1447.83,758.4097,773.4339,1270.467,890.0112,1254.675,642.3184,1083.672,587.4149,1164.672,718.5418,1215.611,692.0229
"2025-11-08 14:45:00",1334,"NAN",11.94,1141.05,1049.832,1506.533,770.4702,983.2075,1402.361,694.22,707.2947,1227.113,840.2148,1197.721,578.1817,1027.526,522.9172,1108.41,655.7027,1166.425,638.3918,1214.811,1105.932,1547.016,829.2362,1036.444,1448.102,756.9201,771.7393,1277.097,894.7075,1252.798,640.89,1084.235,583.3973,1161.467,717.3134,1217.208,695.3881
"2025-11-08 15:00:00",1335,"NAN",11.94,1141.807,1051.683,1508.776,772.4465,989.8437,1403.219,693.4554,707.0662,1229.78,840.2061,1197.566,577.6402,1023.142,518.8817,1105.112,656.3876,1167.145,636.4719,1215.39,1106.927,1550.2,831.6555,1042.705,1449.332,756.2228,771.5731,1280.44,894.8418,1252.399,640.3502,1080.241,579.5037,1158.739,718.5806,1218.118,693.9336
"2025-11-08 15:15:00",1336,"NAN",11.93,1137.644,1054.922,1506.413,766.1995,985.522,1390.171,695.0032,707.2494,1223.263,829.6569,1191.859,577.5466,1018.199,512.8243,1099.407,649.3757,1160.041,631.818,1212.31,1111.121,1547.401,825.566,1039.08,1437.317,758.3498,772.1467,1273.647,884.9873,1247.617,640.5471,1075.731,573.8356,1153.403,711.7256,1211.237,689.4587
"2025-11-08 15:30:00",1337,"NAN",11.93,1129.176,1049.115,1496.634,760.9239,979.2273,1373.149,692.3781,705.5844,1212.695,818.6445,1180.035,577.6056,1010.049,508.7966,1096.023,647.0497,1152.465,627.4661,1204.464,1104.536,1539.036,821.1629,1033.106,1420.787,755.7339,770.2845,1265.007,874.729,1235.322,640.8106,1068.531,569.9525,1149.722,710.0731,1203.845,685.3044
"2025-11-08 15:45:00",1338,"NAN",11.89,1119.809,1042.962,1484.006,749.7123,967.8713,1350.724,689.3193,703.9362,1195.173,799.6458,1168.387,576.8592,999.3526,502.3309,1086.885,636.8997,1141.227,618.0212,1196.133,1098.975,1527.628,810.9528,1022.589,1400.789,753.3514,769.1464,1248.117,857.3974,1224.951,640.4781,1058.748,564.6592,1141.3,700.4279,1193.926,676.7023
"2025-11-08 16:00:00",1339,"NAN",11.93,1100.641,1002.272,1459.08,729.8901,944.0544,1294.228,678.2661,697.9957,1166.839,769.7007,1143.981,573.6823,982.2941,494.4289,1072.002,616.7502,1121.981,601.7598,1178.676,1060.422,1504.35,791.9372,1000.302,1346.942,743.2328,764.2206,1221.132,828.5804,1202.808,638.0453,1042.537,557.3889,1127.834,681.1254,1175.689,661.2848
"2025-11-08 16:15:00",1340,"NAN",11.94,1090.48,956.8599,1445.249,722.587,925.8764,1254.4,663.5225,694.2047,1142.986,747.1493,1127.318,571.1071,971.1698,493.1651,1068.741,603.1678,1114.603,595.9431,1165.709,1013.699,1489.414,782.9764,980.1757,1306.864,726.6082,758.382,1195.711,803.6745,1185.127,633.4242,1029.193,553.8708,1122.457,664.7659,1165.731,653.6849
"2025-11-08 16:30:00",1341,"NAN",11.94,1083.302,963.3276,1433.339,717.5847,908.9617,1229.4,662.8619,689.666,1120.362,727.864,1118.99,570.7911,961.7755,492.1577,1066.756,589.8383,1110.288,592.3965,1155.969,1016.833,1476.216,775.9093,961.0842,1279.129,723.1033,751.1187,1171.58,783.1737,1173.482,630.0995,1018.019,550.2094,1116.896,648.2828,1159.136,647.5291
"2025-11-08 16:45:00",1342,"NAN",11.91,1103.098,1005.407,1441.511,744.1453,922.5574,1233.291,690.9995,718.6783,1134.446,751.6683,1136.339,600.472,985.6016,527.3605,1097.193,614.613,1133.435,622.8313,1146.458,1025.203,1460.34,768.1416,941.599,1253.772,713.4064,745.2971,1154.558,772.0188,1160.734,625.5922,1009.013,548.612,1115.548,637.3253,1150.899,642.2886
"2025-11-08 17:00:00",1343,"NAN",11.91,1104.241,1036.7,1439.568,741.0101,911.539,1227.495,692.7162,721.3911,1129.025,749.5074,1133.821,594.2264,984.3228,527.705,1096.08,606.1545,1135.691,625.0166,1143.039,1052.807,1455.162,760.6856,926.0659,1244.115,710.9634,743.1346,1144.493,765.3793,1153.623,614.9054,1002.979,544.6507,1110.059,623.5662,1148.917,640.0406
"2025-11-08 17:15:00",1344,"NAN",11.93,1103.447,1058.22,1436.955,744.3848,901.4373,1228.832,690.5182,728.5489,1124.446,715.8016,1135.389,599.2277,983.5849,531.071,1099.285,606.291,1135.287,626.6754,1142.436,1073.798,1451.541,763.9136,915.9968,1245.137,708.0857,750.1172,1139.165,731.1172,1155.08,619.8051,1002.275,548.2163,1113.06,622.6188,1148.094,641.5514
"2025-11-08 17:30:00",1345,"NAN",11.94,1099.334,1075.019,1437.214,748.2906,892.449,1236.124,664.5564,728.3075,1113.965,702.8377,1136.716,601.7709,984.7126,534.798,1101.651,607.351,1136.287,629.1066,1136.964,1089.137,1451.914,767.338,906.7026,1251.419,681.9847,749.6791,1129.091,718.0557,1156.066,621.651,1002.882,551.4658,1115.493,623.3985,1149.226,643.7018
"2025-11-08 17:45:00",1346,"NAN",11.94,1097.658,1086.135,1436.844,750.9984,883.7629,1242.944,642.9825,724.4415,1101.399,699.9781,1137.918,603.7751,984.7313,537.298,1104.738,608.9142,1138.079,631.0006,1135.99,1101.394,1450.774,769.6432,898.233,1258.571,660.1619,745.5019,1116.519,715.141,1156.869,623.9358,1003.265,553.7401,1118.351,624.6611,1150.404,645.1517
"2025-11-08 18:00:00",1347,"NAN",11.92,1096.727,1094.973,1436.906,753.302,875.8894,1251.341,659.6226,722.0292,1093.658,698.9941,1138.5,606.2837,986.4714,539.6492,1107.794,610.5223,1138.858,632.2461,1135.723,1108.824,1450.276,772.3438,890.6727,1266.157,677.231,743.4188,1108.258,714.1339,1158.165,626.1108,1003.999,556.2034,1121.436,626.2248,1151.4,646.7036
"2025-11-08 18:15:00",1348,"NAN",11.93,1097.214,1100.641,1436.619,755.2056,868.782,1257.784,671.1626,721.4114,1088.546,700.0139,1138.903,608.8298,987.8228,542.0762,1111.001,612.3607,1140.778,634.0513,1134.108,1114.913,1450.387,774.1321,882.3073,1273.623,688.1042,742.6848,1103.626,715.4207,1158.122,628.7314,1005.669,557.8964,1123.581,628.1388,1152.791,648.1057
"2025-11-08 18:30:00",1349,"NAN",11.93,1097.064,1109.39,1436.743,757.7114,862.0835,1266.116,677.6228,722.1213,1087.243,700.9457,1138.886,610.8738,991.4204,543.5416,1114.501,614.2434,1143.296,635.7487,1135.359,1122.029,1450.132,776.2861,876.3425,1280.914,694.6674,743.0914,1101.599,715.8466,1157.536,630.2565,1009.238,559.8376,1127.418,629.1481,1155.181,649.4941
"2025-11-08 18:45:00",1350,"NAN",11.9,1097.112,1115.719,1437.165,759.8791,855.9166,1272.464,682.6703,723.1713,1086.59,702.9139,1138.725,612.9836,990.4202,545.7617,1117.184,616.1376,1145.501,637.9698,1134.635,1128.754,1450.535,778.3921,869.8712,1287.458,699.2966,743.9936,1100.659,717.0024,1157.391,632.4771,1007.927,561.4966,1129.987,630.7194,1157.257,651.5707
"2025-11-08 19:00:00",1351,"NAN",11.94,1098.094,1121.135,1436.847,762.2263,850.9542,1279.3,688.5872,724.5969,1087.001,704.8873,1138.64,614.8292,991.0954,547.478,1120.546,617.2925,1147.825,639.7248,1135.103,1132.723,1450.56,780.4671,864.5197,1293.291,705.152,745.0143,1101.171,719.5315,1156.734,634.0261,1008.812,562.8583,1132.114,632.0808,1158.881,653.2421
"2025-11-08 19:15:00",1352,"NAN",11.93,1098.084,1114.047,1436.764,763.8308,846.2883,1285.36,693.8746,725.7916,1088.347,706.4978,1137.834,616.7068,992.2371,549.0345,1123.479,619.2106,1150.171,641.5617,1135.051,1125.978,1449.778,781.696,859.6435,1299.172,710.2054,746.1437,1101.949,720.8037,1156.395,635.4919,1009.408,564.4249,1135.033,633.3848,1161.358,654.675
"2025-11-08 19:30:00",1353,"NAN",11.91,1098.206,1108.076,1436.416,765.3753,842.0676,1289.809,698.0235,726.6857,1089.231,708.2356,1137.382,617.7516,992.77,549.9415,1125.297,619.8696,1152.383,642.9261,1134.652,1120.65,1450.369,783.3748,855.6203,1304.356,714.1251,747.2002,1103.087,722.4909,1155.67,636.6883,1009.983,565.2401,1137.141,634.4345,1163.51,656.2487
"2025-11-08 19:45:00",1354,"NAN",11.93,1087.053,1097.426,1427.655,754.5808,826.4321,1284.059,691.0259,715.2595,1079.167,697.7565,1126.421,606.9975,981.4151,538.2862,1116.249,608.6028,1143.29,631.2379,1133.707,1120.428,1450.291,784.9523,852.0308,1308.539,720.2733,748.0228,1104.759,724.5603,1155.612,638.3481,1010.833,566.6707,1139.383,635.7769,1165.702,657.3835
"2025-11-08 20:00:00",1355,"NAN",11.93,1086.196,1096.529,1428.65,756.3204,823.3467,1287.767,690.843,716.4143,1080.766,699.5374,1126.439,608.4156,982.0993,539.5109,1117.467,609.7606,1145.576,632.5575,1133.131,1121.305,1451.205,785.9058,848.7409,1312.302,720.0657,749.3738,1106.045,726.2708,1156.266,639.1412,1010.529,567.7054,1141.068,636.9489,1167.478,658.1709
"2025-11-08 20:15:00",1356,"NAN",11.93,1086.143,1094.049,1428.891,757.0472,820.8815,1289.837,699.6547,717.6308,1082.321,700.9294,1126.513,608.9366,982.0984,539.9314,1118.955,610.4523,1147.726,633.2872,1133.127,1117.976,1451.784,787.7265,846.4891,1314.56,729.3224,750.2289,1108.097,727.6277,1156.229,640.2183,1011.215,568.674,1142.285,637.3765,1169.801,658.9982
"2025-11-08 20:30:00",1357,"NAN",11.93,1086.39,1094.019,1430.988,758.5042,819.1432,1291.695,700.5859,718.8594,1085.178,702.9711,1126.512,610.0607,983.0205,541.1344,1120.865,611.6313,1150.06,634.6434,1132.703,1118.516,1453.477,788.4451,844.5142,1316.058,729.2451,751.6348,1109.766,729.1815,1156.236,641.1313,1011.291,569.1706,1144.021,638.5146,1171.794,660.3553
"2025-11-08 20:45:00",1358,"NAN",11.93,1086.701,1089.369,1432.078,759.8659,818.1515,1294.122,700.8132,720.6619,1087.154,704.7431,1128.625,612.0479,983.7208,542.4123,1122.971,612.934,1152.315,635.9567,1133.188,1113.253,1454.279,789.5867,843.2732,1317.757,729.0786,753.0718,1111.898,730.7106,1157.544,642.3158,1012.124,570.2383,1145.354,639.1644,1173.995,661.2503
"2025-11-08 21:00:00",1359,"NAN",11.9,1090.61,1088.533,1433.766,761.3548,817.6034,1295.078,705.3904,722.5709,1090.057,706.4761,1130.013,613.8489,984.771,543.7795,1124.579,614.5391,1154.334,637.3358,1136.211,1112.306,1455.129,790.5226,842.2935,1318.014,733.4874,754.2223,1114.438,732.3823,1158.246,643.9192,1012.63,571.1357,1146.652,640.2629,1175.557,662.0792
"2025-11-08 21:15:00",1360,"NAN",11.93,1068.28,1069.183,1421.101,742.025,796.0722,1281.235,683.3235,702.8941,1073.134,687.8998,1112.302,594.2477,966.331,522.8329,1106.773,594.0945,1137.352,616.8192,1130.037,1112.587,1455.847,791.4342,841.4953,1320.839,733.5822,755.507,1116.279,733.2775,1159.249,645.0756,1013.282,571.195,1147.849,641.3262,1176.539,662.7668
"2025-11-08 21:30:00",1361,"NAN",11.93,1067.625,1067.46,1421.643,742.2612,794.6057,1282.388,683.3659,703.0305,1073.592,688.3943,1112.345,594.1313,965.7187,522.795,1107.229,594.2148,1137.507,616.8513,1130.418,1111.404,1457.324,792.577,840.799,1323.179,734.3605,756.302,1118.614,734.8956,1159.457,645.5533,1014.502,572.5098,1148.817,642.4227,1177.711,663.8289
"2025-11-08 21:45:00",1362,"NAN",11.89,1066.851,1065.969,1422.412,742.0989,793.5596,1283.379,685.4219,703.808,1075.187,688.5114,1112.646,594.548,965.5357,522.6065,1107.471,594.518,1137.72,616.8945,1130.472,1110.976,1458.786,793.0967,840.8085,1325.104,737.5938,757.6845,1120.073,736.2344,1160.912,646.5643,1014.433,572.9894,1150.192,643.423,1178.345,664.7355
"2025-11-08 22:00:00",1363,"NAN",11.91,1066.848,1064.676,1424.011,742.965,793.136,1284.138,688.8702,704.5118,1076.793,688.7007,1112.923,594.8286,965.887,522.7908,1107.779,595.0998,1138.969,617.2271,1130.049,1110.541,1460.528,793.9249,840.1498,1325.751,741.4243,758.6953,1122.012,736.2656,1161.179,647.27,1014.874,572.9167,1150.914,644.4916,1179.834,665.0696
"2025-11-08 22:15:00",1364,"NAN",11.9,1066.466,1062.484,1425.975,742.8853,792.7255,1285.4,691.1625,705.1552,1078.123,690.1126,1114.381,595.2148,968.4232,523.3088,1109.161,595.919,1139.821,617.3223,1130.919,1108.226,1462.695,794.647,840.7744,1326.787,743.7603,759.8968,1123.403,738.0928,1162.958,647.826,1018.179,574.107,1151.651,645.2585,1181.215,665.6262
"2025-11-08 22:30:00",1365,"NAN",11.93,1065.701,1059.661,1427.209,743.1802,792.0389,1286.717,691.4945,705.7888,1079.588,690.698,1114.983,595.9,966.492,523.5068,1108.905,596.6507,1140.11,617.3142,1130.277,1106.513,1463.762,795.2692,840.5547,1328.815,744.6028,760.8863,1125.059,738.8644,1164.352,649.0378,1015.949,574.793,1152.683,646.6517,1182.128,666.1546
"2025-11-08 22:45:00",1366,"NAN",11.92,1065.694,1060.206,1428.106,743.2278,791.9411,1286.923,688.2879,706.3997,1080.465,691.4579,1115.536,596.375,966.0866,523.4527,1109.816,597.165,1140.604,617.7504,1130.673,1106.575,1465.287,795.7814,840.1127,1329.512,741.1791,761.7508,1126.744,740.5286,1164.947,649.4407,1016.388,575.4537,1153.433,647.5134,1182.37,666.5883
"2025-11-08 23:00:00",1367,"NAN",11.94,1065.55,1060.233,1429.411,743.4,791.6357,1287.738,690.7969,707.2513,1082.189,691.8719,1115.913,596.5085,966.4373,523.9932,1110.415,597.8367,1140.977,618.5381,1131.043,1106.743,1466.625,796.1052,840.8022,1330.331,744.5172,762.9836,1127.911,740.8051,1165.788,650.2384,1016.846,575.8092,1153.811,648.5618,1183.046,667.8387
"2025-11-08 23:15:00",1368,"NAN",11.89,1065.563,1058.625,1430.797,744.2437,791.7136,1288.399,688.0262,708.0532,1083.814,692.6497,1116.018,596.631,966.9865,524.3497,1110.39,598.3989,1141.603,619.2347,1130.641,1106.177,1468.746,797.2603,840.6754,1331.445,741.7192,763.8483,1130.302,742.132,1166.393,650.5865,1017.978,576.5346,1154.923,649.6032,1184.452,668.8446
"2025-11-08 23:30:00",1369,"NAN",11.91,1065.309,1058.553,1431.737,744.5369,791.8433,1289.693,690.1687,708.7308,1084.755,693.3685,1116.884,596.9747,966.7705,524.4509,1111.114,599.2275,1141.955,619.8849,1131.443,1106.042,1469.524,797.9896,841.3696,1333.528,744.0466,765.1893,1132.125,743.3644,1166.819,651.3664,1018.23,577.2349,1155.772,650.2778,1184.462,669.9299
"2025-11-08 23:45:00",1370,"NAN",11.9,1065.918,1056.284,1432.888,745.107,791.8203,1290.983,692.1404,709.5031,1086.428,693.993,1117.023,597.676,967.306,525.1606,1112.004,600.072,1142.764,620.8206,1131.647,1104.316,1471.674,798.5723,841.1221,1334.361,746.4428,765.9026,1133.808,743.567,1167.053,651.8705,1019,577.9864,1156.385,651.3013,1185.704,670.6294
"2025-11-09 00:00:00",1371,"NAN",11.9,1066.084,1056.913,1435.396,745.8604,792.0398,1291.741,691.5285,710.3847,1088.308,694.4766,1117.282,598.2681,968.0361,525.3593,1112.551,601.1109,1143.783,621.6201,1132.151,1105.893,1473.324,799.3733,841.6161,1335.745,745.6669,766.9733,1135.652,744.2287,1168.142,652.9607,1019.481,578.0305,1157.773,652.7452,1186.824,671.8254
"2025-11-09 00:15:00",1372,"NAN",11.93,1066.496,1055.561,1437.195,746.4889,792.4089,1292.51,692.3967,710.9897,1089.55,694.7731,1118.188,598.5255,968.2787,525.563,1113.393,601.9718,1144.46,622.0791,1133.085,1104.218,1475.531,799.7444,842.6525,1337.025,747.2775,767.7864,1137.195,744.72,1168.89,653.5364,1020.315,578.6184,1158.357,653.6412,1187.689,672.7079
"2025-11-09 00:30:00",1373,"NAN",11.94,1066.986,1054.098,1438.67,746.4163,792.9658,1293.516,687.3405,711.5884,1090.438,695.4166,1119.033,598.6137,968.801,525.7348,1113.713,602.7372,1145.204,622.505,1133.345,1103.098,1477.099,800.3588,842.9151,1338.165,742.6143,768.4156,1138.717,745.6357,1169.369,653.4694,1021.012,579.1821,1158.831,654.6879,1188.429,673.016
"2025-11-09 00:45:00",1374,"NAN",11.92,1100.657,1083.802,1462.723,778.7684,826.2992,1321.282,737.6232,745.1671,1121.671,727.5281,1149.136,631.1468,999.8908,559.487,1143.825,636.9983,1175.308,656.3239,1141.07,1102.603,1479.01,800.8176,843.812,1338.871,757.8621,769.4208,1140.054,745.7701,1170.706,654.2331,1021.45,579.246,1159.762,655.6075,1189.961,673.7072
"2025-11-09 01:00:00",1375,"NAN",11.91,1099.721,1087.093,1466.892,782.3846,829.8826,1325.903,740.4072,749.2414,1126.741,731.4715,1152.689,634.7322,1002.963,563.3305,1148.081,640.9419,1178.932,660.1488,1137.144,1102.112,1480.12,801.4165,844.186,1341.05,756.9125,770.4448,1141.264,745.8842,1171.748,654.5928,1021.446,579.3319,1160.819,656.4459,1190.467,674.3816
"2025-11-09 01:15:00",1376,"NAN",11.92,1101.322,1086.31,1468.36,782.8448,831.1606,1327.294,742.3624,750.1099,1128.01,731.5946,1153.974,635.3209,1003.883,563.4852,1148.609,642.1622,1179.759,661.1218,1138.241,1101.27,1481.919,801.8238,844.8879,1342.142,758.4984,770.823,1142.591,746.3486,1172.888,654.9669,1021.885,579.7139,1160.868,656.9536,1191.178,674.8524
"2025-11-09 01:30:00",1377,"NAN",11.93,1101.674,1086.859,1470.511,783.6063,831.259,1329.442,734.3059,750.6036,1129.537,732.2667,1155.05,635.3858,1003.653,564.2441,1149.773,643.3914,1180.256,661.9753,1138.723,1102.093,1483.286,801.9845,845.2617,1343.868,750.6196,771.6666,1143.592,746.5026,1173.917,654.4568,1021.23,580.2171,1162.334,657.9849,1191.55,675.4913
"2025-11-09 01:45:00",1378,"NAN",11.92,1102.916,1085.826,1471.81,783.9305,832.5496,1330.154,747.9201,751.7693,1130.711,732.2018,1156.144,635.5599,1005.638,564.0615,1149.422,644.0375,1181.224,662.4495,1140.241,1100.292,1485.421,802.6895,846.1205,1344.681,764.4303,772.559,1144.463,747.0399,1175.52,654.7116,1023.234,580.2849,1161.885,659.2296,1192.261,676.2073
"2025-11-09 02:00:00",1379,"NAN",11.89,1099.977,1080.082,1469.12,781.9858,830.5339,1320.185,747.2592,750.0167,1129.353,731.816,1152.844,635.3451,1007.441,564.0377,1150.834,644.9698,1178.612,661.535,1137.023,1094.331,1481.954,800.2545,844.4649,1335.096,763.7286,770.6703,1143.107,745.5225,1171.219,654.5624,1025.127,579.6833,1162.756,660.0643,1189.693,675.2695
"2025-11-09 02:15:00",1380,"NAN",11.93,1104.26,1082.924,1474.965,784.4822,833.3161,1326.567,746.9822,752.7565,1133.177,733.5771,1158.07,635.9941,1007.026,564.7116,1151.582,645.9872,1182.828,663.5705,1141.23,1098.076,1488.829,802.9589,846.8103,1341.085,762.8574,773.5035,1147.594,748.0557,1176.464,655.0427,1024.82,580.666,1163.723,660.6605,1193.885,677.1332
"2025-11-09 02:30:00",1381,"NAN",11.93,1105.151,1080.119,1477.141,784.9036,834.0955,1326.842,748.0949,753.7231,1134.606,733.7723,1158.891,636.6701,1008.347,565.0044,1152.954,647.0232,1183.688,664.0309,1141.838,1095.09,1489.341,803.0107,847.8163,1341.929,763.7175,774.2079,1148.271,748.2198,1177.348,656.0619,1026.001,580.9502,1164.615,662.037,1194.646,677.4651
"2025-11-09 02:45:00",1382,"NAN",11.93,1106.148,1077.384,1477.451,785.2518,834.8631,1328.679,746.1183,754.7308,1135.671,734.1912,1159.871,637.2625,1008.991,565.5218,1154.181,647.8908,1184.503,664.2514,1142.419,1092.872,1491.108,803.2495,848.6479,1343.4,761.59,774.5457,1149.822,748.8467,1177.804,655.9905,1026.543,580.9998,1166.062,662.7673,1195.095,677.723
"2025-11-09 03:00:00",1383,"NAN",11.91,1106.961,1074.65,1477.099,784.923,835.5753,1330.403,746.0164,755.1888,1137.046,734.4311,1159.909,636.9562,1009.033,565.6337,1155.067,648.4797,1184.438,663.8256,1143.907,1089.372,1490.957,803.3422,848.7342,1345.252,761.4045,775.564,1151.422,749.0604,1177.98,656.0878,1027.127,581.1276,1167.084,663.0903,1195.236,677.2324
"2025-11-09 03:15:00",1384,"NAN",11.93,1107.38,1067.987,1478.779,785.5061,835.9554,1332.341,749.4513,755.5941,1138.016,734.9703,1160.751,637.2849,1009.6,565.5272,1155.899,649.1484,1184.835,664.3775,1144.563,1083.551,1491.731,803.3292,849.4006,1346.921,764.8536,776.0188,1151.804,749.0355,1179.038,656.3073,1027.177,581.141,1167.926,663.9519,1195.87,677.5675
"2025-11-09 03:30:00",1385,"NAN",11.94,1096.211,1050.076,1469.662,773.407,823.7886,1320.77,740.0679,743.7654,1127.251,722.9112,1150.039,626.1625,998.8039,553.1473,1145.109,627.9954,1173.775,651.8798,1143.523,1077.047,1492.459,803.7253,849.8048,1346.635,768.9873,776.886,1152.994,749.9095,1180.217,657.4908,1028.24,581.6228,1168.672,656.0774,1196.172,678.0745
"2025-11-09 03:45:00",1386,"NAN",11.93,1096.776,1047.476,1470.52,773.5101,824.4282,1321.833,741.044,744.3906,1128.03,723.1018,1150.318,626.5703,998.7067,553.1848,1145.5,632.3398,1174.359,652.3063,1143.809,1074.141,1492.781,804.0657,850.0659,1346.545,770.2855,776.8047,1153.994,749.9659,1179.516,658.2181,1028.356,581.6163,1169.008,659.9053,1196.654,678.2087
"2025-11-09 04:00:00",1387,"NAN",11.92,1096.709,1043.557,1470.899,773.4858,824.5799,1322.013,746.2571,744.884,1129.088,723.6045,1149.764,626.6974,999.0043,552.9017,1145.779,634.7326,1174.501,652.1989,1144.267,1071.707,1493.565,804.267,850.7822,1347.06,776.0253,777.9573,1154.864,750.889,1180.053,657.9915,1028.37,581.8269,1170.27,662.6919,1197.066,678.5832
"2025-11-09 04:15:00",1388,"NAN",11.91,1097.648,1028.709,1471.108,773.9026,825.3119,1322.201,753.7332,745.5273,1129.642,724.0535,1150.007,627.0037,999.0821,553.0488,1146.463,636.0635,1175.116,652.5997,1145.269,1056.647,1493.515,804.837,851.4532,1347.248,783.0054,778.6049,1155.48,750.9385,1179.925,658.8768,1029.026,581.7847,1170.071,663.949,1197.445,678.996
"2025-11-09 04:30:00",1389,"NAN",11.93,1101.573,1022.886,1472.351,774.9286,826.0232,1322.434,753.5199,746.6963,1131.106,724.9694,1150.973,627.4702,999.6669,553.6412,1147.278,637.6203,1176.278,653.3326,1148.639,1050.309,1494.688,805.4568,851.9258,1347.281,782.9239,779.5019,1156.744,751.4564,1180.685,659.2388,1029.098,582.1355,1170.994,665.1948,1198.343,679.6414
"2025-11-09 04:45:00",1390,"NAN",11.93,1100.108,1019.892,1473.826,775.5735,826.8315,1323.19,726.0585,747.5824,1132.405,724.7235,1151.509,628.2374,1000.342,554.2833,1148.745,638.6661,1177.142,654.03,1146.073,1047.23,1496.221,805.7906,852.1313,1347.78,754.9727,780.0873,1158.068,751.2054,1180.25,659.1619,1029.457,582.5381,1172.117,666.2242,1199.047,679.7329
"2025-11-09 05:00:00",1391,"NAN",11.93,1079.612,996.2786,1460.162,753.2654,803.6165,1306.414,729.6085,725.214,1111.981,702.7067,1131.445,605.6912,979.1871,530.3518,1128.283,615.6197,1157.108,630.7035,1144.877,1046.082,1497.079,806.3018,852.6573,1349.701,783.6482,781.2921,1158.75,752.0555,1180.743,659.3542,1030.582,582.8378,1172.26,666.9775,1199.6,680.2554
"2025-11-09 05:15:00",1392,"NAN",11.93,1079.444,994.7217,1460.181,753.0992,803.5372,1308.337,733.4888,725.398,1112.117,702.6379,1131.366,605.2512,979.2661,529.7453,1128.095,615.7454,1156.801,630.2401,1145.581,1045.043,1497.363,806.8344,853.0817,1351.582,787.9875,781.8187,1159.477,752.9566,1181.863,659.8308,1030.616,582.5863,1172.787,667.6871,1199.888,680.5594
"2025-11-09 05:30:00",1393,"NAN",11.89,1079.745,993.9094,1461.023,753.2151,803.5608,1309.922,714.989,725.6932,1112.624,702.1357,1131.786,605.0728,979.0278,529.4843,1128.706,616.2145,1156.781,630.1085,1146.7,1044.915,1498.45,807.2045,853.736,1353.52,770.1819,782.4841,1160.432,752.3848,1182.781,659.7334,1030.676,583.1726,1173.776,668.4586,1200.267,680.6527
"2025-11-09 05:45:00",1394,"NAN",11.93,1076.022,986.1375,1456.3,751.3546,801.5128,1303.496,713.5176,723.8238,1110.125,700.5164,1127.638,604.5426,980.388,528.6982,1128.438,616.3762,1153.452,628.7744,1143.382,1037.849,1493.951,805.7725,852.029,1347.906,769.5445,781.3939,1157.892,750.7415,1179.131,659.9453,1032.506,582.3213,1173.938,669.1427,1197.413,679.8005
"2025-11-09 06:00:00",1395,"NAN",11.9,1080.098,990.514,1462.419,754.0698,803.9711,1311.265,730.481,726.3754,1113.468,702.6531,1132.609,605.2252,979.4431,529.7139,1129.556,616.9102,1157.339,630.7357,1147.532,1041.884,1499.984,808.66,854.5708,1355.376,786.0114,784.0068,1161.415,753.3303,1183.8,660.9557,1031.746,583.408,1174.755,669.7518,1201.38,681.9368
"2025-11-09 06:15:00",1396,"NAN",11.92,1076.503,984.7886,1457.517,752.2629,802.3384,1305.179,732.7441,724.567,1110.897,701.1628,1128.401,604.9785,977.6694,528.8145,1129.688,617.7333,1154.479,629.7615,1144.165,1036.982,1495.956,806.7139,852.8731,1349.597,788.661,782.0131,1159.048,752.477,1180.483,660.3729,1029.924,583.1078,1175.886,670.7207,1198.33,681.116
"2025-11-09 06:30:00",1397,"NAN",11.93,1081.705,990.5634,1464.115,754.9982,805.0773,1314.15,736.1494,727.4543,1114.943,703.2307,1132.598,605.6605,980.4284,530.0615,1130.323,618.1558,1158.687,631.5889,1149.048,1043.717,1502.533,809.7266,855.7526,1358.888,792.2543,785.4099,1163.647,755.0729,1184.407,661.437,1033.052,584.5184,1176.696,671.3585,1202.908,683.0286
"2025-11-09 06:45:00",1398,"NAN",11.93,1078.723,983.4595,1460.19,753.209,803.4866,1309.187,735.0673,725.8859,1112.149,702.4041,1129.288,605.6064,978.8067,529.4884,1130.808,619.0448,1155.619,630.3137,1146.521,1036.049,1499.052,807.9833,854.4014,1353.928,791.1324,783.7493,1160.932,754.1553,1181.018,661.1125,1031.488,583.8405,1177.21,672.3234,1200.125,682.1522
"2025-11-09 07:00:00",1399,"NAN",11.9,1079.389,984.6176,1462.159,753.2847,803.8949,1310.893,738.6097,726.5364,1113.274,703.2574,1130.044,605.6505,979.0055,529.5391,1132.267,619.5304,1156.304,630.4737,1148.019,1036.673,1500.335,808.1653,855.2684,1355.715,794.4191,784.3678,1162.128,754.5067,1182.033,661.436,1031.873,584.2141,1178.274,672.6523,1200.625,682.2111
"2025-11-09 07:15:00",1400,"NAN",11.93,1080.09,985.4166,1463.473,753.6984,804.5632,1312.404,731.5831,726.9791,1113.821,703.2254,1130.464,605.5646,979.5144,529.5968,1133.084,619.6222,1156.49,630.5794,1148.868,1038.242,1501.081,808.8845,856.317,1356.933,787.6528,785.2003,1162.243,754.616,1182.347,662.0107,1032.909,584.2214,1178.902,673.0831,1201.167,682.2074
"2025-11-09 07:30:00",1401,"NAN",11.93,1114.727,1020.868,1489.699,790.4741,841.9016,1342.829,772.2473,764.3491,1148.478,740.6525,1163.64,642.5481,1014.709,567.731,1167.052,657.9811,1189.579,668.1043,1153.221,1038.468,1503.509,809.7609,856.8705,1358.772,789.5669,786.0255,1164.036,755.9197,1182.923,662.2086,1033.214,584.68,1180.878,673.7802,1202.426,682.8638
"2025-11-09 07:45:00",1402,"NAN",11.91,1116.643,1021.097,1491.343,791.7509,843.7504,1346.298,778.1033,765.8937,1150.047,741.335,1164.839,642.4362,1015.573,568.1306,1168.514,658.7701,1191.131,668.7929,1154.906,1038.21,1504.959,810.617,857.8443,1361.321,795.0734,786.8171,1164.964,756.846,1183.575,662.0761,1034.052,584.7175,1181.199,674.5455,1202.998,682.8627
"2025-11-09 08:00:00",1403,"NAN",11.91,1117.746,1021.091,1493.714,792.4617,844.6603,1349.192,747.1578,767.1196,1152.174,743.2764,1165.985,642.9839,1017.036,568.8039,1169.913,660.8716,1192.33,669.2293,1156.685,1038.676,1506.675,810.9326,859.1771,1364.655,763.6215,787.9142,1166.689,757.726,1184.725,662.3945,1034.896,585.2925,1182.712,676.2053,1203.773,683.2542
"2025-11-09 08:15:00",1404,"NAN",11.92,1127.648,1025.312,1500.88,795.5693,849.0627,1358.448,778.3288,770.882,1157.513,746.3857,1172.011,644.2453,1020.782,570.3416,1172.036,662.1783,1196.936,670.2448,1165.628,1041.273,1513.647,814.2554,863.0961,1373.582,795.1075,791.6522,1172.089,761.0643,1190.122,663.4412,1039.35,586.3276,1184.058,677.5856,1208.609,684.1635
"2025-11-09 08:30:00",1405,"NAN",11.93,1126.59,1021.573,1502.588,795.9805,851.1915,1359.42,783.1929,772.2307,1159.883,747.9254,1173.502,644.5746,1022.702,570.8328,1173.434,664.3914,1198.94,669.7165,1164.671,1038.29,1515.964,814.1796,865.0339,1374.308,799.5015,793.1857,1174.687,762.1764,1191.603,663.6733,1040.705,586.9307,1185.846,679.3904,1210.549,683.6577
"2025-11-09 08:45:00",1406,"NAN",11.9,1129.59,1016.941,1505.813,796.4263,853.6146,1362.322,778.2957,773.8356,1162.995,748.7933,1175.747,645.6649,1025.092,572.2316,1175.186,666.4604,1200.568,669.4909,1167.645,1034.574,1518.87,814.9008,867.8381,1377.042,794.4642,794.1131,1176.991,763.5786,1194.619,664.9833,1042.752,587.8887,1187.625,682.1699,1212.309,683.2982
"2025-11-09 09:00:00",1407,"NAN",11.93,1132.011,1011.372,1508.687,796.8582,856.8225,1363.504,781.8873,775.3264,1165.702,750.8151,1178.603,646.1456,1027.022,572.5771,1177.235,669.472,1202.299,669.0654,1170.993,1027.798,1521.324,815.3287,871.216,1378.257,797.9387,796.1185,1180.07,765.0879,1196.633,665.1142,1045.187,588.7432,1189.784,685.1226,1214.011,682.5625
"2025-11-09 09:15:00",1408,"NAN",11.92,1134.501,1001.968,1510.559,797.4418,860.0365,1365.309,744.3993,775.9282,1168.049,751.5201,1180.675,646.9407,1028.815,572.944,1178.341,672.7578,1203.648,668.3494,1172.866,1019.156,1523.382,816.039,874.4809,1379.424,760.7247,796.2101,1182.429,766.5311,1198.823,665.8314,1047.224,588.7549,1190.52,688.799,1215.433,681.9763
"2025-11-09 09:30:00",1409,"NAN",11.93,1138.081,984.7615,1512.976,798.325,863.9838,1367.376,791.084,776.9595,1172.06,753.5875,1183.8,647.1987,1033.909,573.8688,1179.982,676.9366,1204.925,667.6766,1177.049,1002.054,1525.581,816.001,877.4256,1382.264,806.9683,797.2516,1186.674,767.6355,1202.225,666.186,1051.437,589.9267,1192.601,692.7981,1216.217,681.1633
"2025-11-09 09:45:00",1410,"NAN",11.93,1143.01,959.7829,1515.047,798.0876,868.2201,1373.357,787.2348,777.5312,1176.338,755.195,1189.626,647.3755,1035.918,575.0285,1182.001,684.9072,1207.485,667.1481,1181.921,976.573,1527.662,815.8406,881.9705,1388.27,803.0363,797.8481,1190.134,769.4382,1207.844,666.1539,1052.837,590.69,1194.421,701.2383,1218.831,680.6553
"2025-11-09 10:00:00",1411,"NAN",11.94,1147.021,927.1254,1516.161,797.7274,873.1523,1378.377,786.78,776.6989,1179.607,757.7279,1194.223,645.2977,1039.391,576.6268,1182.783,688.7286,1208.143,666.3206,1185.878,943.0879,1528.912,815.326,886.5809,1393.28,802.3909,796.616,1194.363,771.5803,1211.697,664.4806,1057.168,592.4128,1194.754,705.3043,1219.579,680.1226
"2025-11-09 10:15:00",1412,"NAN",11.93,1142.876,1024.817,1512.397,786.3764,871.6154,1381.549,742.9755,763.3466,1176.406,752.2722,1195.362,631.3548,1038.034,571.7651,1175.024,683.5993,1201.308,657.8771,1191.235,1054.105,1534.283,816.2032,897.1301,1405.616,771.2526,795.8062,1201.921,778.194,1223.565,661.937,1066.733,599.887,1197.984,712.528,1223.759,683.553
"2025-11-09 10:30:00",1413,"NAN",11.92,1156.529,1036.082,1522.916,794.4741,896.108,1410.609,787.8165,764.1406,1192.579,767.6187,1218.324,627.3323,1059.726,590.4133,1182.204,698.2387,1211.624,670.1263,1205.573,1065.349,1544.384,823.6036,921.8406,1434.429,816.8671,796.2512,1217.688,793.9192,1246.296,658.6446,1088.071,618.1871,1205.55,726.8022,1234.245,695.923
"2025-11-09 10:45:00",1414,"NAN",11.94,1165.951,1033.206,1529.032,797.8932,915.0303,1430.001,795.4402,760.0231,1203.311,777.0397,1232.051,621.7649,1072.897,599.7147,1183.893,706.1038,1216.29,676.657,1212.71,1059.835,1547.744,825.5958,938.9238,1450.441,822.8333,790.6029,1225.745,801.2957,1257.55,651.5721,1098.589,625.4408,1205.108,733.5883,1236.51,700.3665
"2025-11-09 11:00:00",1415,"NAN",11.94,1195.533,1055.149,1564.17,830.4861,987.935,1488.138,782.5977,761.9934,1246.672,826.8909,1279.493,611.4626,1120.89,646.1457,1209.167,743.4479,1251.676,720.0469,1240.495,1081.568,1580.836,855.9849,1009.793,1506.488,809.0279,791.7286,1267.7,849.8468,1301.986,640.3176,1144.396,670.5037,1229.261,769.0354,1271.085,742.3475
"2025-11-09 11:15:00",1416,"NAN",11.93,1216.675,1061.622,1596.951,853.7581,1049.643,1519.151,780.4337,761.5094,1290.979,867.2038,1294.806,607.932,1148.394,665.7095,1227.338,763.8933,1279.708,750.338,1260.548,1086.469,1612.68,879.0977,1070.246,1536.286,805.4874,791.0075,1311.018,888.5158,1316.318,636.4625,1170.475,688.9189,1245.939,789.0173,1297.51,771.7346
"2025-11-09 11:30:00",1417,"NAN",11.94,1212.033,1048.544,1615.11,850.8506,1075.584,1520.089,755.3226,740.1508,1309.266,879.631,1295.811,581.8447,1144.437,663.1987,1222.335,748.5341,1285.578,749.9846,1269.9,1092.919,1636.795,894.5491,1112.942,1546.667,803.2092,790.2631,1343.261,918.7979,1332.549,631.7694,1183.75,706.292,1257.835,794.0251,1319.075,791.0607
"2025-11-09 11:45:00",1418,"NAN",11.92,1205.624,1037.094,1613.468,842.5449,1078.643,1496.766,749.239,733.6116,1304.648,872.4897,1283.149,579.7181,1135.949,647.6424,1207.974,728.5024,1279.99,733.4687,1264.062,1082.604,1635.826,887.2977,1116.427,1525.97,797.8829,784.4768,1340.14,912.8893,1320.814,630.1491,1176.275,692.1481,1245.389,775.0309,1314.309,775.8351
"2025-11-09 12:00:00",1419,"NAN",11.94,1209.397,1034.777,1624.816,852.3292,1097.996,1520.997,751.3168,732.5627,1323.433,889.4297,1291.47,577.7958,1146.667,654.3881,1213.214,731.6004,1286.253,740.9441,1268.088,1080.81,1647.127,896.8061,1135.239,1548.441,800.3849,783.9395,1358.321,929.5688,1328.582,628.7185,1186.483,698.9677,1250.495,778.4824,1320.531,783.4927
"2025-11-09 12:15:00",1420,"NAN",11.94,1194.072,1017.665,1606.433,830.9001,1085.805,1481.564,729.9786,723.8605,1305.197,870.7999,1271.18,576.0717,1124.936,631.9178,1191.451,706.2379,1271.035,720.2213,1254.297,1064.478,1630.737,876.6287,1124.844,1512.501,781.0114,775.838,1341.467,912.3994,1310.241,627.4912,1166.557,677.665,1230.111,754.2453,1306.522,763.6331
"2025-11-09 12:30:00",1421,"NAN",11.93,1176.835,1015.295,1578.247,802.9352,1053.929,1427.502,747.6935,716.8887,1270.619,832.7189,1242.857,576.7358,1093.57,595.0687,1159.47,674.9599,1243.743,688.963,1238.372,1063.125,1605.072,850.274,1094.23,1462.527,798.6652,770.2109,1308.864,875.5226,1284.915,629.0405,1137.144,642.674,1200.239,724.9326,1280.977,734.3034
"2025-11-09 12:45:00",1422,"NAN",11.93,1166.175,1021.051,1558.083,788.5931,1038.291,1401.881,743.748,715.6047,1250.702,808.0787,1227.633,576.9905,1073.261,572.1068,1142.839,663.2302,1225.179,669.8477,1228.376,1068.874,1585.981,836.9273,1079.871,1438.991,795.0482,769.4916,1290.051,852.6037,1270.89,629.5764,1118.197,621.0975,1184.296,714.3945,1263.746,716.1645
"2025-11-09 13:00:00",1423,"NAN",11.92,1157.551,1026.02,1541.859,780.1857,1026.682,1384.2,740.3265,715.2076,1233.084,791.7417,1215.19,577.5627,1057.316,556.6339,1132.365,656.7316,1209.214,655.8118,1220.387,1074.661,1572.11,829.3164,1068.646,1422.318,792.0782,769.0917,1273.693,837.3052,1259.214,630.1278,1103.019,605.9506,1174.859,708.248,1248.597,702.5969
"2025-11-09 13:15:00",1424,"NAN",11.93,1147.08,1028.135,1524.797,770.6421,1011.945,1361.875,736.419,714.1088,1214.713,772.6514,1198.794,576.6634,1041.962,542.6028,1123.726,648.7129,1193.013,642.1537,1211.425,1076.769,1556.103,820.415,1055.181,1401.26,789.0633,768.8655,1256.503,818.7566,1244.356,630.1486,1088.722,592.7977,1167.019,701.1068,1233.118,690.0076
"2025-11-09 13:30:00",1425,"NAN",11.93,1137.619,1031.784,1508.284,762.1757,997.4155,1342.907,736.244,714.2128,1197.794,755.0478,1184.726,576.2255,1024.641,532.4688,1117.308,643.561,1178.145,629.8,1202.563,1080.902,1541.067,813.0938,1041.722,1384.13,789.1985,769.5784,1240.313,802.1767,1231.264,630.257,1072.547,583.6534,1161.1,696.3679,1219.255,678.4395
"2025-11-09 13:45:00",1426,"NAN",11.93,1136.196,1042.014,1501.705,763.0395,993.4299,1348.727,735.7387,716.993,1193.818,751.9496,1178.523,577.0425,1017.362,531.5112,1117.715,646.3381,1170.423,627.3262,1201.96,1090.241,1534.391,814.0486,1038.051,1389.843,789.1176,772.2582,1236.706,799.4122,1224.587,631.0518,1065.976,582.7288,1161.394,699.0623,1211.919,676.096
"2025-11-09 14:00:00",1427,"NAN",11.92,1158.748,1070.495,1517.517,796.5506,1022.549,1377.716,775.0602,750.2015,1218.84,784.7192,1199.455,610.3914,1041.952,565.7015,1145.277,681.7867,1192.113,658.9314,1198.506,1088.047,1530.992,814.939,1036.804,1393.774,792.7897,771.9737,1233.136,799.363,1218.291,631.1924,1059.823,582.2054,1158.996,700.6767,1205.002,673.4265
"2025-11-09 14:15:00",1428,"NAN",11.93,1149.261,1065.203,1504.79,787.6047,1008.451,1354.66,721.2872,750.2236,1201.557,768.1469,1184.647,610.9737,1029.977,558.5888,1139.369,672.9908,1181.845,650.6393,1189.11,1081.85,1518.379,805.7467,1021.629,1370.067,737.9225,770.8799,1215.715,782.1464,1202.743,630.8807,1047.424,574.3304,1152.36,691.1572,1193.715,664.8607
"2025-11-09 14:30:00",1429,"NAN",11.93,1142.402,1066.232,1493.826,779.9403,993.7831,1338.035,768.41,751.5107,1186.845,756.1356,1174.329,611.1749,1020.218,554.0705,1136.205,667.1455,1173.11,645.7932,1180.942,1081.891,1507.404,798.1132,1007.032,1353.006,785.095,771.5251,1201.544,770.8298,1191.371,630.4756,1038.077,570.1302,1148.396,684.7926,1185.443,659.0739
"2025-11-09 14:45:00",1430,"NAN",11.93,1146.406,1079.947,1501.099,791.624,999.3035,1363.317,771.7234,755.7653,1195.972,769.9041,1176.305,612.2147,1022.505,560.3082,1140.555,677.3205,1178.41,653.5189,1185.871,1095.071,1513.729,809.1757,1012.304,1378.772,787.8333,776.1094,1209.577,783.9204,1194.585,631.4259,1039.668,575.9067,1152.977,694.855,1189.993,667.2134
"2025-11-09 15:00:00",1431,"NAN",11.91,1146.301,1084.307,1501.463,796.1446,999.5602,1372.771,766.71,756.838,1200.741,772.7693,1173.507,613.6337,1021.277,559.0348,1140.458,681.4264,1179.502,656.4862,1185.815,1099.546,1514.829,813.6379,1012.807,1387.355,782.0923,777.1529,1213.833,786.8073,1191.498,632.2795,1038.316,574.598,1152.362,698.8892,1190.862,670.1556
"2025-11-09 15:15:00",1432,"NAN",11.94,1142.129,1077.635,1502.78,801.7332,1003.025,1380.762,759.0343,755.7076,1203.894,777.0231,1169.928,612.4663,1017.841,559.0204,1136.688,683.7927,1177.228,659.6177,1181.164,1093.576,1516.014,819.3606,1015.84,1394.65,774.2466,776.2444,1217.963,790.974,1187.316,631.2924,1035.62,574.3566,1149.073,701.8254,1188.671,673.1205
"2025-11-09 15:30:00",1433,"NAN",11.94,1136.378,1080.648,1492.809,793.7239,991.1791,1360.319,754.7581,755.3668,1189.914,761.5414,1162.703,611.7938,1013.347,554.0521,1133.219,681.2515,1170.691,653.2385,1176.171,1095.919,1507.278,811.6545,1003.865,1375.092,770.0409,775.7913,1204.38,775.4122,1180.406,630.9905,1030.561,569.4814,1146.156,699.4337,1182.37,666.9732
"2025-11-09 15:45:00",1434,"NAN",11.94,1134.791,1085.427,1485.908,788.2596,980.1913,1348.484,751.0283,756.4073,1180.12,752.9891,1156.998,612.3262,1008.925,552.0968,1131.655,679.3013,1166.198,649.9402,1174.921,1101.152,1499.711,806.4045,993.6826,1364.015,766.9952,776.7559,1194.345,767.6365,1174.49,632.0106,1027.266,568.2515,1143.867,698.0714,1178.219,663.8672
"2025-11-09 16:00:00",1435,"NAN",11.93,1134.023,1087.813,1492.046,798.3154,983.1646,1364.3,752.9153,760.1089,1189.684,765.4453,1159.391,614.1462,1012.997,556.4519,1133.098,689.8401,1173.217,659.5576,1174.336,1104.365,1505.294,816.1288,996.6154,1379.312,769.1171,780.4858,1203.709,780.1379,1177.741,633.9631,1030.612,572.3881,1146.197,708.5159,1185.371,674.0518
"2025-11-09 16:15:00",1436,"NAN",11.91,1118.454,1074.15,1480.74,785.4106,965.1057,1348.854,739.5493,746.9215,1173.169,751.6844,1142.794,602.9111,998.0818,542.8805,1120.176,674.4011,1157.533,647.0407,1168.416,1101.505,1503.415,814.941,990.0811,1374.047,767.8143,779.9574,1198.563,778.0056,1172.507,634.3988,1027.515,571.1888,1144.103,705.4371,1181.137,673.0442
"2025-11-09 16:30:00",1437,"NAN",11.93,1112.82,1074.191,1473.041,777.9697,955.8375,1327.698,740.5388,746.9353,1161.79,741.613,1136.678,601.6743,994.338,540.1913,1117.63,666.6688,1151.719,641.6889,1163.434,1101.685,1495.846,808.7466,981.6425,1353.428,770.5808,780.5567,1188.109,769.1651,1166.031,634.2016,1024.452,569.4323,1142.118,698.1,1174.768,668.6516
"2025-11-09 16:45:00",1438,"NAN",11.94,1107.635,1075.37,1466.456,774.3737,948.3201,1315.558,740.2372,747.2383,1153.016,738.2414,1132.182,601.9896,990.8993,539.4004,1116.979,663.3884,1147.112,639.5602,1158.793,1103.675,1490.084,804.8672,974.0239,1342.373,769.893,780.6173,1179.776,765.8779,1162.102,634.5692,1021.264,568.9067,1141.704,694.9202,1170.95,666.7902
"2025-11-09 17:00:00",1439,"NAN",11.91,1100.726,1075.901,1459.854,768.5706,937.6342,1314.955,738.9241,747.7567,1144.41,733.1182,1127.995,601.1575,987.3013,537.8193,1115.478,659.0605,1142.211,636.0361,1152.576,1105.018,1483.3,799.8676,964.6663,1340.642,769.575,781.765,1170.658,760.9694,1159.003,634.337,1017.377,567.4958,1140.768,691.2498,1166.57,663.5572
"2025-11-09 17:15:00",1440,"NAN",11.93,1094.475,1073.925,1452.005,763.3442,927.742,1301.789,737.8194,748.8883,1136.518,729.4748,1124.909,600.9654,980.434,536.4771,1114.13,654.572,1139.192,632.4047,1145.815,1102.302,1476.287,794.7241,954.2704,1328.635,768.2971,782.501,1163.518,757.046,1155.608,633.9513,1011.271,566.413,1139.607,686.4633,1163.001,659.9377
"2025-11-09 17:30:00",1441,"NAN",11.94,1069.654,1047.941,1432.639,737.7568,896.7939,1279.886,714.415,727.254,1111.056,705.0133,1102.757,578.3895,957.1546,513.369,1092.23,627.0652,1115.568,606.7582,1140.684,1099.229,1472.651,792.4486,946.0323,1326.006,770.3327,784.9722,1159.568,756.7348,1155.259,635.1553,1011.372,568.1934,1139.483,683.7062,1161.397,658.8426
"2025-11-09 17:45:00",1442,"NAN",11.93,1065.12,1050.629,1429.265,735.2369,888.4149,1277.753,710.3298,728.4468,1105.889,704.1677,1100.245,578.8886,956.4946,513.7557,1091.368,623.951,1112.532,605.5293,1136.952,1101.637,1469.597,790.9818,938.3425,1324.343,766.4849,786.3843,1155.059,756.5162,1152.758,635.7244,1009.92,568.9915,1139.138,680.7292,1159.226,658.1145
"2025-11-09 18:00:00",1443,"NAN",11.94,1060.579,1043.292,1425.186,732.248,878.8755,1273.673,708.6486,728.6254,1101.518,703.305,1095.039,578.2243,953.2458,512.5905,1089.293,620.3649,1109.091,603.9299,1132.563,1094.208,1466.231,788.3687,928.9908,1320.341,765.1623,786.6832,1151.213,755.2919,1147.572,635.537,1007.312,568.1875,1136.845,677.4132,1156.012,656.5355
"2025-11-09 18:15:00",1444,"NAN",11.93,1055.976,1020.222,1421.381,730.3223,868.4377,1266.954,706.3456,728.6552,1096.965,702.447,1091.359,576.321,949.3572,511.0181,1086.974,615.2715,1105.79,602.8668,1128.086,1072.028,1462.841,786.3705,919.0062,1313.628,762.5938,787.1215,1146.821,755.0316,1144.345,633.4811,1003.347,566.8823,1134.797,672.1535,1153.202,655.7779
"2025-11-09 18:30:00",1445,"NAN",11.94,1052.838,1018.511,1419.43,730.2339,858.8539,1258.816,708.3767,729.8423,1094.552,702.7672,1089.105,575.6151,946.7426,511.0554,1086.445,609.999,1103.537,602.6845,1125.396,1071.168,1460.534,786.3153,910.2957,1306.206,765.782,788.6757,1144.783,755.5483,1142.483,633.3269,1000.899,566.8368,1127.52,667.0098,1150.838,656.0091
"2025-11-09 18:45:00",1446,"NAN",11.94,1050.693,1029.223,1417.972,731.0982,849.9519,1251.887,664.9964,730.8506,1093.294,703.7281,1086.571,576.6621,945.5304,511.3353,1086.173,606.9409,1101.861,602.481,1122.593,1082.098,1459.935,787.7887,901.7265,1299.706,722.8565,790.1289,1143.392,756.017,1140.469,634.9406,999.9697,567.3448,1134.543,663.8496,1149.932,655.7738
"2025-11-09 19:00:00",1447,"NAN",11.93,1049.877,1043.401,1418.296,732.5514,841.9855,1248.821,697.8199,733.0524,1092.263,704.6893,1085.936,576.8243,944.5054,512.1633,1086.983,604.0217,1101.676,602.2532,1121.907,1095.582,1459.964,788.9546,894.1105,1297.196,755.8781,792.2193,1142.46,757.1659,1139.993,635.0244,998.9767,568.2864,1135.47,660.7115,1149.781,655.9648
"2025-11-09 19:15:00",1448,"NAN",11.93,1050.153,1056.664,1418.643,734.1926,835.0468,1249.48,706.5678,735.3184,1091.506,705.8324,1086.096,577.704,944.4789,513.1861,1087.464,602.8974,1102.429,602.2438,1121.471,1108.84,1460.966,790.8719,887.0522,1297.657,764.7201,794.7137,1141.77,758.5359,1140.366,636.1098,999.3635,569.3322,1136.046,659.6712,1150.725,656.0214
"2025-11-09 19:30:00",1449,"NAN",11.9,1087.529,1086.835,1445.943,772.3718,865.4175,1283.179,756.1718,774.4883,1125.355,743.581,1120.398,615.3521,979.5424,552.4869,1123.252,640.0992,1137.333,640.7645,1128.347,1104.779,1461.823,792.8873,881.2168,1300.348,774.9887,797.2838,1141.746,759.8714,1140.988,636.9991,999.5096,570.3083,1138.48,658.8878,1151.377,656.7435
"2025-11-09 19:45:00",1450,"NAN",11.93,1086.185,1110.512,1448.172,774.315,860.3798,1311.132,753.0018,777.3196,1125.584,745.4616,1122.042,616.7032,980.3178,553.9412,1126.264,640.7672,1138.917,642.2657,1126.176,1126.311,1463.521,794.6811,875.9017,1328.128,771.1064,799.1007,1141.558,762.0899,1141.788,637.3787,999.435,571.7607,1140.178,658.8701,1152.921,657.9927
"2025-11-09 20:00:00",1451,"NAN",11.9,1083.143,1112.522,1444.96,774.1162,853.5474,1306.01,753.0608,776.8966,1123.02,745.9001,1118.808,616.9672,978.1636,554.5338,1128.561,640.9185,1135.654,642.6679,1122.87,1128.18,1460.464,794.0129,868.6703,1321.677,770.6274,798.4352,1139.131,761.97,1137.892,637.4951,997.6697,571.676,1141.74,658.9479,1149.094,657.572
"2025-11-09 20:15:00",1452,"NAN",11.93,1088.378,1126.408,1453.903,778.7802,851.6913,1318.862,755.4138,781.0939,1126.51,749.1734,1124.796,618.3534,981.5883,556.378,1130.008,641.6616,1141.322,646.1661,1127.312,1142.223,1468.682,798.2452,866.5865,1334.425,772.5273,802.8405,1142.668,764.7048,1143.164,638.76,1000.569,573.5563,1143.383,658.9758,1154.978,661.032
"2025-11-09 20:30:00",1453,"NAN",11.91,1089.627,1131.595,1455.694,780.4765,848.3641,1322.988,751.0605,783.2696,1127.053,750.0021,1124.592,619.3027,982.4103,557.3368,1131.576,642.2319,1143.167,647.6405,1128.309,1146.558,1470.788,799.9569,862.955,1338.255,768.2116,804.5219,1142.654,765.1182,1143.85,639.6587,1001.524,573.9819,1145.249,659.2153,1156.774,662.5232
"2025-11-09 20:45:00",1454,"NAN",11.89,1087.57,1131.764,1452.262,779.5988,843.4592,1320.152,670.4932,782.0309,1124.457,745.1063,1121.772,619.5723,984.1321,557.4001,1133.807,643.3041,1142.956,648.9673,1129.086,1151.489,1471.159,800.9226,859.5251,1340.819,688.687,804.7211,1142.541,762.0402,1143.38,639.9954,1004.474,574.6182,1146.846,660.0858,1157.36,664.2103
"2025-11-09 21:00:00",1455,"NAN",11.9,1089.071,1137.75,1455.873,781.9551,840.7915,1326.38,735.926,784.2599,1125.653,748.3546,1122.947,620.4294,982.4837,557.991,1135.36,643.5355,1143.84,650.6392,1126.96,1153.645,1470.316,800.9677,855.6089,1341.627,753.3087,805.286,1140.413,763.4504,1142.14,640.5377,1001.089,574.4694,1148.879,660.499,1157.035,665.0698
"2025-11-09 21:15:00",1456,"NAN",11.94,1093.814,1150.537,1464.902,786.0639,840.7308,1338.896,754.1304,788.2385,1130.211,752.2258,1129.224,621.717,985.9471,559.6265,1137.83,643.6718,1149.423,654.4704,1132.786,1166.337,1479.307,804.8311,856.0084,1353.977,771.5584,809.7543,1145.119,767.0646,1148.584,642.2297,1004.426,576.3828,1151.336,660.6189,1161.949,668.8315
"2025-11-09 21:30:00",1457,"NAN",11.94,1091.505,1146.354,1461.929,785.5586,837.5947,1336.542,732.5153,787.2318,1127.253,752.1108,1125.267,622.3059,983.9842,559.437,1138.89,645.8204,1147.748,654.6047,1129.648,1162.224,1476.847,804.4353,851.8529,1351.605,749.5741,808.2141,1142.317,767.247,1144.719,642.1834,1002.13,576.0349,1152.233,662.9683,1160.325,669.3618
"2025-11-09 21:45:00",1458,"NAN",11.92,1092.692,1150.924,1465.021,786.8402,836.2159,1341.77,764.6766,789.049,1128.087,753.515,1127.334,622.9986,984.9449,560.1992,1140.955,647.7269,1150.235,656.4364,1131.173,1166.951,1478.534,805.732,850.9958,1357.091,782.2289,810.2908,1142.891,768.7587,1146.718,643.1244,1003.097,576.7281,1154.378,664.2694,1163.219,670.7161
"2025-11-09 22:00:00",1459,"NAN",11.9,1098.941,1162.003,1472.939,790.2355,837.3165,1354.239,766.4587,793.5375,1132.568,756.4887,1133.308,624.4393,988.5539,561.5012,1143.178,649.457,1155.417,659.5,1137.528,1177.531,1486.364,809.5104,852.8259,1368.98,784.3514,814.7383,1147.109,771.9839,1152.858,644.4547,1007.231,578.1526,1156.04,665.9402,1168.645,674.1067
"2025-11-09 22:15:00",1460,"NAN",11.93,1084.577,1147.736,1459.531,777.2579,821.8209,1340.352,751.5161,779.3556,1118.105,742.5626,1118.793,611.9228,974.8004,548.2774,1132.885,637.8927,1142.095,646.3,1133.88,1174.687,1483.412,808.9403,849.3932,1365.574,782.1738,813.0909,1145.168,770.7421,1149.363,644.3383,1005.398,577.9713,1158.107,667.2699,1166.345,673.7195
"2025-11-09 22:30:00",1461,"NAN",11.93,1084.761,1151.354,1461.768,778.392,820.8669,1342.345,757.8569,780.2545,1118.453,743.1201,1120.107,612.4993,975.4481,548.5598,1133.85,638.9533,1142.69,647.1904,1134.303,1179.261,1485.483,809.5641,848.4502,1367.868,788.6727,814.1943,1145.718,771.4233,1151.054,645.303,1006.114,578.4192,1159.076,668.7239,1167.537,674.637
"2025-11-09 22:45:00",1462,"NAN",11.91,1090.208,1166.855,1469.651,781.5183,822.4711,1352.53,756.4968,783.8216,1123.049,746.0748,1124.631,613.5148,978.5695,549.581,1135.476,639.126,1148.004,649.7662,1139.552,1194.482,1494.02,813.6926,850.3987,1378.888,787.4154,818.1406,1150.367,774.2136,1156.36,647.154,1009.598,579.851,1161.107,669.2657,1173.115,677.429
"2025-11-09 23:00:00",1463,"NAN",11.91,1088.429,1168.089,1465.755,781.2277,820.5905,1348.817,552.0353,781.5725,1120.607,745.6535,1121.898,613.8159,976.886,549.7341,1137.284,639.2868,1146.094,649.3251,1137.109,1194.894,1490.248,813.1884,848.0443,1375.259,578.8473,815.4003,1148.366,773.8222,1152.529,646.7958,1008.526,580.0864,1161.902,669.2377,1171.322,677.2651
"2025-11-09 23:15:00",1464,"NAN",11.93,1093.328,1172.118,1469.005,783.2676,820.3463,1353.503,522.2433,782.6431,1121.662,747.2467,1123.159,614.8041,978.23,550.433,1138.913,640.5805,1147.654,650.8912,1143.061,1199.965,1492.466,814.9,848.5576,1379.137,549.4396,816.4449,1148.605,775.273,1154.816,647.8099,1008.732,580.7299,1164.266,670.1125,1172.064,678.4527
"2025-11-09 23:30:00",1465,"NAN",11.93,1091.032,1179.032,1471.402,784.6278,820.6838,1357.798,537.8563,784.4926,1123.429,748.631,1124.068,615.419,979.4331,551.309,1141.118,641.7792,1149.702,652.0775,1139.985,1205.83,1494.483,816.1587,848.3396,1383.113,565.2053,818.0178,1150.465,776.2222,1155.266,648.9196,1010.222,581.1685,1166.226,671.4066,1174.405,679.4086
"2025-11-09 23:45:00",1466,"NAN",11.92,1073.187,1162.717,1460.813,763.2376,797.2635,1352.276,518.5607,762.9454,1104.37,726.377,1106.969,591.5815,958.7171,526.4311,1119.752,616.7599,1132.555,628.7374,1143.449,1212.107,1501.225,819.9113,850.5998,1397.678,575.8557,822.2793,1154.682,779.3971,1161.877,649.9817,1013.521,583.0214,1168.519,672.7996,1180.108,682.9036
"2025-11-10 00:00:00",1467,"NAN",11.93,1074.248,1163.708,1462.394,764.0869,797.4401,1351.775,539.504,764.1976,1104.007,726.7333,1109.245,591.8046,958.9083,526.5898,1121.062,617.6011,1133.688,629.3258,1144.674,1213.34,1503.292,821.6103,851.4418,1397.208,597.6924,823.7515,1155.663,781.3054,1163.581,650.5289,1015.115,583.8141,1169.9,674.2742,1182.214,683.7897
"2025-11-10 00:15:00",1468,"NAN",11.93,1075.664,1167.547,1462.37,765.0931,797.7141,1354.478,590.3658,765.8395,1105.296,727.9655,1110.828,591.9478,959.9548,527.0184,1122.408,618.4218,1135.396,630.2166,1146.29,1217.782,1503.993,822.7144,851.6098,1400.287,649.3121,825.5098,1157.389,782.4557,1165.065,650.9551,1016.232,584.4711,1171.783,675.5042,1183.867,684.9402
"2025-11-10 00:30:00",1469,"NAN",11.93,1073.411,1165.975,1459.684,764.1376,795.9897,1352.603,628.3326,764.8693,1103.337,727.288,1108.861,591.9861,961.5816,526.3816,1124.124,618.8896,1133.18,629.636,1144.363,1216.023,1501.311,822.0577,850.1149,1398.225,687.7407,824.9108,1155.069,781.5787,1163.534,651.132,1018.149,583.8079,1172.872,675.8628,1181.738,684.5698
"2025-11-10 00:45:00",1470,"NAN",11.93,1073.775,1169.88,1462.509,765.4152,796.4769,1357.331,655.2598,766.1,1103.967,728.3641,1110.46,592.3041,959.426,526.3962,1125.209,620.0182,1134.9,630.5031,1145.353,1220.547,1504.958,823.4192,850.8867,1403.634,714.7432,826.8523,1156.259,782.7598,1165.577,651.7986,1015.327,584.2897,1174.98,677.1606,1183.298,685.5923
"2025-11-10 01:00:00",1471,"NAN",11.93,1075.547,1174.468,1465.705,766.3505,796.55,1362.071,634.0291,767.0259,1105.185,728.6382,1111.363,592.5628,959.7749,526.4882,1126.912,620.4389,1136.411,631.3462,1147.328,1225.288,1507.503,824.1402,851.2105,1408.209,692.342,827.5772,1156.611,783.3369,1166.885,652.0884,1016.065,584.6169,1176.929,677.8593,1185.376,686.3845
"2025-11-10 01:15:00",1472,"NAN",11.93,1081.112,1185.35,1473.795,769.7093,799.3773,1374.541,706.0109,771.2404,1108.852,731.0059,1116.312,593.6434,963.0731,527.6893,1128.28,620.8074,1141.542,633.8202,1152.535,1234.83,1515.363,828.27,854.0494,1419.545,765.704,832.1741,1160.887,785.7328,1171.726,653.3698,1019.782,585.7784,1177.861,678.3239,1190.634,689.1942
"2025-11-10 01:30:00",1473,"NAN",11.92,1118.117,1223.832,1503.293,808.9597,838.3553,1407.056,722.2252,810.7431,1145.521,769.8585,1152.09,632.3273,1000.433,567.8791,1164.521,660.6255,1177.917,674.0462,1157.859,1240.358,1518.972,829.5605,854.6821,1423.186,740.8296,833.2973,1162.519,787.1287,1173.265,654.2621,1020.722,586.7479,1179.494,679.3901,1192.388,690.3336
"2025-11-10 01:45:00",1474,"NAN",11.93,1117.749,1225.705,1504.087,808.9489,838.0959,1407.514,601.3082,810.319,1145.382,770.9201,1151.323,632.8099,1000.69,568.5553,1165.969,660.8725,1177.957,674.632,1157.131,1240.776,1517.835,828.5151,853.9863,1420.785,616.18,832.0549,1160.624,787.0221,1170.571,653.8642,1018.722,586.0629,1180.477,678.5493,1190.313,689.3162
"2025-11-10 02:00:00",1475,"NAN",11.9,1121.948,1234.059,1509.333,811.9091,840.6736,1416.725,739.4731,814.3224,1149.089,773.0484,1155.081,634.4756,1003.383,570.025,1167.763,662.2675,1181.968,676.6474,1161.685,1249.332,1524.203,832.1701,856.8516,1432.488,757.7014,836.3097,1164.507,789.7567,1175.697,655.4256,1022.926,587.8538,1181.716,679.8044,1195.851,692.436
"2025-11-10 02:15:00",1476,"NAN",11.93,1124.207,1234.993,1512.182,813.5731,841.7651,1421.081,728.3614,816.0509,1150.12,774.748,1156.801,634.8282,1004.299,570.8897,1169.547,664.1384,1184.222,677.8864,1163.948,1250.239,1526.166,833.6703,857.8323,1436.488,745.9763,837.8663,1166.339,791.1103,1176.23,655.9993,1023.972,588.8872,1183.526,681.0362,1197.796,693.2756
"2025-11-10 02:30:00",1477,"NAN",11.9,1121.837,1229.682,1508.391,813.345,840.5538,1418,762.825,814.7781,1148.253,774.4001,1153.209,635.1072,1003.372,570.955,1170.658,665.1376,1182.172,677.0377,1161.355,1245.333,1522.83,832.9743,856.1015,1433.658,780.6989,836.8983,1164.633,790.386,1172.272,655.8013,1023.107,588.5495,1184.105,682.2553,1195.865,692.4886
"2025-11-10 02:45:00",1478,"NAN",11.9,1123.643,1232.529,1510.053,814.4287,841.6533,1423.007,738.2513,816.1029,1149.525,774.8708,1153.789,636.2328,1004.516,571.213,1171.723,666.246,1183.888,677.6373,1162.902,1248.641,1524.823,834.2139,856.8655,1438.025,756.0756,837.8854,1164.967,791.3513,1174.234,656.5772,1023.392,588.9715,1185.852,683.6052,1197.284,693.1033
"2025-11-10 03:00:00",1479,"NAN",11.93,1129.991,1234.895,1512.726,815.6852,842.0989,1426.85,737.8188,817.2855,1150.634,776.3187,1155.757,636.271,1005.343,572.0542,1173.412,666.6615,1185.649,678.5856,1169.389,1250.388,1527.881,835.7736,857.3711,1442.365,755.8711,838.7629,1166.789,792.3887,1174.513,656.7722,1025.204,589.4473,1187.365,683.9142,1199.314,693.8886
"2025-11-10 03:15:00",1480,"NAN",11.93,1131.115,1244.154,1519.847,818.9996,845.0109,1438.327,769.4112,821.1907,1155.287,778.4638,1160.701,634.0834,1008.79,573.5516,1175.464,667.6788,1190.782,680.8738,1170.737,1259.679,1534.44,839.1427,860.814,1452.975,787.7994,843.1907,1170.431,794.6346,1181.183,654.75,1027.927,591.0563,1189.57,684.9462,1204.496,696.2497
"2025-11-10 03:30:00",1481,"NAN",11.93,1133.361,1245.652,1521.572,820.3011,845.7569,1441.937,624.0416,821.2596,1155.783,779.5383,1162.429,632.8788,1009.262,573.4686,1176.805,668.4149,1192.023,681.5746,1173.137,1260.717,1536.796,840.4963,861.3344,1457.954,639.7343,843.0242,1172.074,796.6437,1182.159,653.6736,1029.403,591.6616,1190.818,685.8759,1205.957,697.1647
"2025-11-10 03:45:00",1482,"NAN",11.94,1135.23,1245.287,1523.415,821.3481,846.7739,1445.672,673.6451,822.6487,1157.749,780.7091,1163.193,633.8384,1011.07,574.3193,1178.052,669.2536,1193.824,682.8043,1174.447,1261.728,1538.234,841.5654,862.4575,1460.834,690.338,844.6622,1173.589,797.182,1183.628,654.848,1030.775,591.9854,1192.503,686.7857,1208.04,698.3949
"2025-11-10 04:00:00",1483,"NAN",11.9,1137.333,1239.915,1525.885,822.4633,847.8514,1449.216,743.4836,824.4533,1159.226,781.6387,1164.375,634.3422,1012.228,574.9968,1179.342,668.9885,1195.769,683.7457,1176.643,1255.484,1539.91,842.6549,863.5847,1464.652,761.478,846.7697,1175.372,798.1241,1184.343,655.8044,1031.585,592.4614,1194.003,686.6854,1209.063,699.4684
"2025-11-10 04:15:00",1484,"NAN",11.93,1127.465,1228.305,1517.795,810.8921,836.5563,1442.245,764.2623,813.5626,1148.776,770.4666,1154.585,622.7833,1003.391,562.829,1170.021,657.7881,1186.242,672.1322,1177.305,1255.196,1541.749,843.0343,864.2648,1467.02,794.7319,847.813,1176.412,799.2008,1185.622,655.8901,1035.244,593.3321,1195.034,687.6314,1211.185,700.3865
"2025-11-10 04:30:00",1485,"NAN",11.93,1128.414,1230.663,1520.093,811.2593,836.7896,1445.314,776.3592,814.3997,1149.784,771.2679,1155.906,623.2526,1001.497,562.9617,1171.069,659.0518,1187.595,673.0396,1179.122,1257.339,1543.402,843.9061,865.2689,1469.89,807.598,848.957,1176.815,799.764,1187.385,656.7327,1033.39,593.6322,1196.24,688.8052,1212.513,701.0613
"2025-11-10 04:45:00",1486,"NAN",11.93,1125.862,1223.134,1516.508,809.7967,835.5463,1439.87,724.7292,812.4255,1147.356,770.5283,1152.686,623.3209,1000.288,562.3036,1171.734,659.9944,1184.543,671.8919,1176.023,1250.738,1541.255,842.3615,863.5273,1465.312,754.9456,846.8657,1175.105,799.1618,1184.42,656.8778,1031.9,592.9949,1197.347,690.553,1210.016,700.0768
"2025-11-10 05:00:00",1487,"NAN",11.93,1132.166,1232.991,1525.681,813.1286,838.4946,1451.353,750.3802,816.5123,1152.148,773.7416,1158.058,624.081,1003.496,563.7844,1173.1,660.9987,1190.359,674.6201,1182.566,1260.481,1549.302,845.9421,866.8928,1476.672,780.9276,850.9475,1180.545,802.6365,1189.617,657.9965,1035.261,594.5759,1199.099,691.2302,1215.579,702.7519
"2025-11-10 05:15:00",1488,"NAN",11.91,1133.985,1219.564,1527.379,813.4202,839.9774,1455.095,782.4293,818.3149,1153.334,774.3887,1158.64,625.0345,1004.358,564.1713,1175.079,662.2324,1192.212,675.4782,1184.986,1247.262,1550.355,846.1003,868.0009,1479.819,813.326,852.9673,1181.262,803.6553,1189.708,658.6,1036.286,595.1364,1200.5,692.0407,1217.506,703.8755
"2025-11-10 05:30:00",1489,"NAN",11.92,1136.103,1217.011,1529.767,813.7856,841.1471,1458.937,723.2883,819.2212,1154.964,775.2051,1159.382,625.7623,1005.841,564.624,1176.176,662.9887,1193.939,676.075,1186.035,1244.153,1553.611,846.6359,869.181,1483.437,753.0012,853.5021,1182.743,804.4778,1191.025,658.9039,1037.243,595.4506,1201.743,693.3208,1218.659,704.5824
"2025-11-10 05:45:00",1490,"NAN",11.93,1112.796,1162.885,1514.172,787.9917,814.5656,1442.939,752.8701,793.5319,1131.327,749.4905,1135.875,598.7756,980.962,536.8423,1152.879,635.7348,1171.16,649.2238,1185.359,1216.033,1554.808,847.3617,870.4894,1486.926,813.1639,855.4095,1184.036,805.5873,1192.052,659.2798,1038.523,595.9081,1202.902,694.2201,1220.149,705.4944
"2025-11-10 06:00:00",1491,"NAN",11.89,1114.483,1154.871,1516.297,788.4283,815.2988,1446.898,705.6263,794.3733,1132.663,750.1879,1136.401,598.8471,981.6204,536.7961,1153.417,636.24,1172.678,649.5041,1187.68,1208.343,1556.955,848.4807,871.2275,1490.64,766.6479,856.3227,1185.927,806.3416,1192.747,660.0311,1039.799,596.1509,1203.563,694.8488,1222.73,706.0498
"2025-11-10 06:15:00",1492,"NAN",11.93,1115.95,1149.822,1518.97,789.1654,816.3601,1451.138,750.372,796.1042,1134.441,751.1348,1136.423,598.8842,982.9534,536.9619,1154.4,637.5113,1174.022,650.0574,1189.584,1204.817,1559.309,849.1276,872.8388,1495.236,811.2162,858.674,1187.554,807.0471,1193.552,660.3666,1040.702,596.4928,1205.642,696.4123,1223.607,706.8808
"2025-11-10 06:30:00",1493,"NAN",11.92,1118.215,1145.492,1521.212,790.6862,818.0452,1451.953,763.6574,797.7579,1135.879,752.4763,1137.428,598.889,983.7724,537.483,1156.402,639.8192,1175.767,650.337,1192.038,1201.008,1561.778,850.6949,874.7025,1496.572,824.9932,860.7156,1189.921,809.1431,1193.499,660.4309,1042.572,597.3506,1207.705,699.1708,1226.135,707.3024
"2025-11-10 06:45:00",1494,"NAN",11.93,1124.754,1139.477,1524.653,791.7565,820.8281,1452.617,770.6891,799.9426,1138.476,753.622,1137.995,598.465,985.5223,537.7614,1158.155,642.4922,1177.797,650.2067,1198.591,1194.885,1565.704,852.0561,877.5664,1497.187,832.3988,862.7663,1192.089,810.5311,1195.089,660.2627,1044.489,597.9276,1209.349,702.2772,1228.445,707.4487
"2025-11-10 07:00:00",1495,"NAN",11.88,1123.57,1128.506,1527.183,791.9233,823.4407,1456.622,755.7993,801.5851,1140.573,754.1205,1140.012,598.393,987.3175,538.0909,1160.225,646.3797,1179.695,649.8157,1198.272,1184.606,1567.564,852.6298,880.7952,1501.334,817.6477,864.4592,1194.813,811.3388,1197.297,660.4606,1046.263,598.788,1211.601,706.4358,1229.857,707.471
"2025-11-10 07:15:00",1496,"NAN",11.93,1156.914,1147.994,1549.504,828.5778,863.4379,1480.254,804.5711,839.044,1175.364,792.7781,1173.293,638.038,1024.124,578.6784,1197.813,691.3531,1212.412,688.3713,1200.245,1168.109,1565.594,849.3192,880.6152,1497.33,824.369,862.6568,1193.597,810.4307,1194.448,660.9579,1045.361,597.9207,1213.739,711.2029,1227.853,705.2042
"2025-11-10 07:30:00",1497,"NAN",11.93,1164.705,1144.467,1558.36,830.1631,869.1573,1490.241,811.5222,843.7783,1182.302,796.697,1180.884,640.1407,1030.013,580.6773,1200.338,696.4426,1219.382,690.1807,1207.309,1164.123,1573.521,851.288,885.9371,1506.366,830.2667,867.2964,1199.324,814.4188,1202.494,661.9724,1050.562,599.6779,1215.784,716.3658,1233.916,706.8848
"2025-11-10 07:45:00",1498,"NAN",11.9,1167.448,1127.432,1559.783,830.805,871.5438,1491.357,809.4318,843.8012,1184.421,797.5649,1184.134,640.6278,1031.332,580.7495,1202.842,702.489,1221.269,689.757,1209.706,1146.48,1574.962,851.4199,888.507,1507.306,828.2112,866.9164,1201.912,815.2283,1204.738,662.2867,1049.838,598.6379,1217.843,722.3436,1232.065,704.4245
"2025-11-10 08:00:00",1499,"NAN",11.93,1171.485,1172.206,1565.083,831.3297,875.027,1497.889,722.5081,844.5023,1188.264,799.1096,1188.014,641.0981,1036.686,581.9974,1205.509,708.1818,1224.634,689.9881,1214.189,1191.03,1579.188,852.1418,891.9526,1513.555,740.3831,866.9993,1204.599,815.9616,1208.305,662.6442,1057.609,600.4225,1219.747,727.8966,1238.726,706.6899
"2025-11-10 08:15:00",1500,"NAN",11.92,1174.056,1208.319,1568.572,831.7164,877.8258,1506.385,700.2423,844.3221,1190.209,799.7315,1190.235,640.6886,1036.648,581.4305,1226.809,728.9203,1226.297,690.1779,1217.159,1227.241,1583.192,852.1061,894.1138,1521.647,717.6805,866.9761,1207.048,816.3731,1210.619,662.0865,1056.578,599.8063,1242.006,748.9767,1240.185,706.1042
"2025-11-10 08:30:00",1501,"NAN",11.93,1177.858,1225.51,1571.462,832.2287,881.4702,1512.405,812.5163,845.4152,1193.014,800.9329,1193.551,639.7379,1038.846,581.4501,1208.076,719.4183,1228.948,690.1431,1220.478,1243.597,1586.366,852.4099,897.6744,1528.01,830.6685,867.2929,1209.604,817.548,1213.757,661.2662,1058.605,599.3737,1222.682,739.6346,1242.752,706.4399
"2025-11-10 08:45:00",1502,"NAN",11.93,1181.084,1238.151,1574.727,832.236,885.3383,1521.906,820.2221,844.3365,1195.32,802.1272,1198.217,639.3491,1041.324,582.5464,1209.327,723.279,1230.911,691.8154,1224.033,1256.008,1589.248,852.3176,901.287,1537.283,838.5585,866.9269,1211.679,818.9097,1217.712,660.137,1061.147,600.9135,1223.417,743.4073,1244.987,706.9687
"2025-11-10 09:00:00",1503,"NAN",11.93,1183.202,1241.958,1577.505,830.6848,889.2053,1534.387,758.8777,842.5239,1197.842,804.3326,1201.539,636.9285,1044.331,584.0777,1210.12,727.3187,1232.551,692.8797,1227.143,1258.776,1591.472,850.5165,905.1461,1548.647,776.6713,864.3643,1214.357,820.7421,1221.513,657.8646,1064.349,602.3549,1224.221,747.381,1246.549,708.7729
"2025-11-10 09:15:00",1504,"NAN",11.9,1186.08,1237.613,1579.156,830.1908,893.1291,1554.716,822.4741,840.2542,1200.982,806.6065,1204.741,633.5176,1047.101,585.1012,1209.173,729.6919,1234.849,695.4346,1229.263,1255.63,1592.982,849.8508,908.6388,1569.669,841.3365,862.6734,1217.538,822.7348,1223.701,654.5409,1066.777,602.9257,1223.547,749.2463,1248.597,711.0991
"2025-11-10 09:30:00",1505,"NAN",11.9,1187.784,1229.942,1581.242,829.3753,896.5988,1564.576,825.5634,837.1737,1202.297,807.2369,1205.675,629.5731,1048.666,584.8223,1208.346,729.6247,1234.988,695.8557,1232.001,1248.304,1594.581,849.0963,912.8561,1579.805,843.7491,858.6792,1218.374,823.5616,1225.658,650.6451,1067.787,602.3882,1222.944,749.4692,1248.297,711.6252
"2025-11-10 09:45:00",1506,"NAN",11.92,1179.903,1209.775,1574.46,819.0527,890.7991,1564.041,805.9769,821.4348,1195.697,798.1925,1196.307,614.2647,1041.722,573.3589,1197.4,719.8282,1225.891,686.3363,1233.276,1239.964,1598.018,850.8889,919.0348,1586.876,836.9145,855.9827,1223.28,827.2628,1228.017,648.1928,1072.869,604.3062,1223.452,752.8638,1250.544,714.7477
"2025-11-10 10:00:00",1507,"NAN",11.93,1185.377,1201.13,1579.265,823.5167,899.8568,1564.26,803.5211,819.1403,1203.282,804.517,1203.631,611.6888,1047.118,578.8843,1198.584,721.6404,1229.809,691.337,1238.86,1230.245,1602.829,855.3441,927.8344,1587.357,834.5894,853.8927,1230.923,832.9175,1234.376,645.1483,1078.706,609.8918,1224.024,754.0029,1254.329,719.4379
"2025-11-10 10:15:00",1508,"NAN",11.92,1193.406,1191.239,1590.926,835.4285,919.9476,1572.283,741.3203,817.5035,1218.522,818.898,1218.121,607.526,1063.633,591.1077,1202.036,733.0253,1240.968,702.5443,1246.606,1221.427,1613.055,866.8406,947.905,1594.868,771.4314,851.4615,1246.167,847.2023,1248.555,641.2145,1094.509,621.316,1228.092,765.4727,1265.987,730.5551
"2025-11-10 10:30:00",1509,"NAN",11.93,1201.549,1181.276,1599.963,842.9069,940.5984,1576.818,791.5046,814.7667,1229.858,828.5807,1228.012,603.8899,1077.792,601.963,1204.153,737.7155,1243.399,708.3989,1254.495,1210.674,1618.948,874.1887,968.2518,1598.582,822.2794,849.4706,1256.511,856.9902,1257.373,637.6077,1107.99,632.127,1229.677,769.6563,1268.147,735.8649
"2025-11-10 10:45:00",1510,"NAN",11.93,1200.65,1172.928,1601.799,846.3376,956.9293,1582.61,619.6169,812.0035,1237.535,834.1523,1229.958,602.416,1083.231,603.0712,1201.696,737.4479,1246.378,710.513,1253.601,1201.911,1623.102,877.3302,983.6839,1604.484,644.0969,845.7691,1263.41,862.0143,1259.613,635.8011,1112.83,632.7067,1227.134,769.2486,1270.58,738.2076
"2025-11-10 11:00:00",1511,"NAN",11.92,1204.1,1171.994,1610.564,852.6859,970.8959,1604.684,641.4183,810.0512,1247.535,842.7388,1232.346,601.2811,1087.05,604.1446,1200.337,737.6328,1248.532,713.216,1256.975,1200.989,1630.652,883.6276,997.6918,1625.438,670.5809,843.8279,1273.887,870.8497,1260.768,634.7242,1117.222,633.6338,1225.327,769.1747,1272.529,740.7839
"2025-11-10 11:15:00",1512,"NAN",11.93,1171.781,1141.774,1586.814,816.788,943.1424,1560.979,743.3403,779.2668,1211.508,801.0568,1194.698,572.574,1050.448,561.6598,1163.198,697.2309,1210.297,671.0784,1245.473,1196.481,1622.655,874.1749,996.4014,1597.755,802.3967,841.1074,1262.356,855.4038,1247.646,633.877,1105.587,620.0961,1213.858,757.0694,1258.583,726.8444
"2025-11-10 11:30:00",1513,"NAN",11.94,1161.134,1143.052,1572.07,803.0618,931.327,1521.155,726.1664,776.1957,1192.12,778.0805,1176.365,572.1719,1032.148,542.0427,1152.27,680.6181,1194.536,653.6544,1236.154,1198.229,1609.869,861.7857,985.4493,1561.573,787.9205,838.655,1243.819,833.9825,1231.405,634.2645,1088.678,601.7795,1203.555,741.9753,1244.245,710.5295
"2025-11-10 11:45:00",1514,"NAN",11.91,1156.605,1153.941,1564.16,797.4445,924.4518,1504.515,741.0012,777.3759,1182.526,766.4257,1165.7,572.8401,1022.812,534.4552,1149.126,674.0186,1186.843,644.6609,1232.49,1208.305,1601.71,856.7543,979.1785,1546.562,802.9299,840.4411,1234.394,821.9263,1221.637,635.2458,1079.609,594.2145,1201.135,735.4411,1236.557,701.7286
"2025-11-10 12:00:00",1515,"NAN",11.9,1153.553,1160.704,1558.333,795.8656,921.7002,1504.804,646.3042,778.0889,1177.046,762.9811,1160.968,573.8354,1014.671,533.8219,1147.426,674.614,1181.567,639.762,1229.209,1215.277,1597.078,855.0853,976.4197,1546.667,706.7902,840.4387,1229.064,819.0909,1216.96,635.8402,1071.833,593.5092,1199.126,736.4039,1231.099,697.1296
"2025-11-10 12:15:00",1516,"NAN",11.89,1154.51,1164.449,1560.083,801.9747,927.5364,1515.647,666.7126,779.7281,1180.691,769.3201,1162.176,573.7828,1017.097,540.1161,1149.818,678.7889,1181.476,643.0482,1230.607,1217.999,1598.035,861.2231,982.0223,1555.535,727.8277,842.2262,1232.74,825.0375,1217.64,635.9507,1074.368,599.6995,1200.963,740.1878,1231.386,699.8332
"2025-11-10 12:30:00",1517,"NAN",11.93,1142.988,1152.545,1547.677,791.3845,917.0255,1490.195,761.1211,776.8337,1165.717,756.1285,1146.423,572.5989,1002.774,529.1864,1139.867,666.7921,1170.451,633.1596,1219.247,1207.561,1587.202,850.8593,971.8777,1532.839,822.4622,840.005,1218.522,812.926,1203.528,634.9017,1060.815,589.6587,1192.31,728.6276,1221.273,690.968
"2025-11-10 12:45:00",1518,"NAN",11.92,1132.805,1148.333,1534.596,781.5598,904.8563,1463.347,747.1782,774.9719,1151.878,744.7601,1132.977,571.7651,989.8304,521.7573,1134.164,654.5997,1160.146,625.8152,1209.877,1203.216,1575.422,842.4471,961.0046,1507.903,809.9388,838.9395,1205.796,802.7531,1190.836,634.5054,1048.811,582.785,1187.01,717.1418,1211.674,684.244
"2025-11-10 13:00:00",1519,"NAN",11.91,1122.875,1136.801,1523.299,774.4147,892.5988,1442.385,761.4186,769.653,1137.368,729.8962,1119.595,569.4476,975.5848,518.438,1128.125,645.6589,1151.02,621.53,1200.373,1192.991,1565.209,835.8074,949.1909,1488.237,823.9966,833.9988,1192.738,791.645,1175.537,632.2994,1035.036,580.0922,1180.484,708.4534,1203.169,680.3556
"2025-11-10 13:15:00",1520,"NAN",11.93,1152.281,1157.549,1535.132,807.3688,914.1931,1444.338,759.8995,797.5338,1155.587,758.5384,1145.629,608.9988,1001.691,552.9662,1157.278,675.0038,1180.788,661.4125,1196.087,1175.309,1550.712,828.3583,930.8989,1460.85,778.9103,820.1873,1172.14,776.0275,1166.747,630.3395,1022.814,571.824,1172.044,694.6461,1193.97,661.8145
"2025-11-10 13:30:00",1521,"NAN",11.93,1141.931,1154.906,1523.403,805.2362,899.8731,1415.384,650.7184,797.6783,1149.656,757.8315,1139.62,609.374,996.3147,554.231,1172.677,673.4708,1175.45,661.9612,1185.289,1172.335,1538.156,824.9418,916.1067,1431.67,667.0324,820.1068,1165.915,774.6882,1160.29,630.5859,1015.605,572.0106,1187.784,692.8582,1190.294,677.9785
"2025-11-10 13:45:00",1522,"NAN",11.93,1075.194,1111.861,1464.39,816.5384,830.4954,1331.974,532.2798,827.2028,1124.21,813.5847,1074.627,607.3885,925.7269,481.9865,1028.473,581.5327,919.8679,549.9633,1115.132,1133.137,1480.446,835.928,838.0316,1349.404,544.3915,841.977,1138.963,827.6784,1095.844,628.521,945.5035,499.8773,1044.372,599.952,935.6779,566.0713
"2025-11-10 14:00:00",1523,"NAN",11.92,1111.469,1171.286,1471.904,799.1576,721.4838,1364.554,520.4027,743.2196,1106.595,738.0654,1110.098,591.8864,959.256,533.0615,1087.176,620.2449,1034.473,618.1281,1149.536,1188.005,1485.957,818.3253,735.8396,1378.969,535.5738,763.175,1121.587,753.5913,1129.3,611.5919,978.2047,549.5677,1100.853,636.5538,1048.676,632.1499
"2025-11-10 14:15:00",1524,"NAN",11.93,1122.949,1200.414,1476.646,805.5795,745.7694,1385.041,564.4529,755.6923,1106.9,736.8203,1120.352,595.7696,970.9413,544.3044,1111.671,627.8171,1084.587,633.6915,1160.715,1216.658,1490.196,823.9615,759.2906,1399.142,580.0377,775.3353,1121.546,751.7535,1138.822,615.3459,988.5725,560.2657,1124.813,643.6646,1098.195,647.2543
"2025-11-10 14:30:00",1525,"NAN",11.93,1124.182,1219.481,1489.134,811.3965,760.0794,1402.708,610.9886,766.6651,1111.382,742.2604,1128.628,601.7554,978.2727,552.5127,1130.406,634.7463,1117.128,642.9251,1162.333,1234.938,1501.81,829.4174,774.1945,1416.328,627.6343,786.3045,1125.743,757.3556,1147.405,621.2663,995.9573,568.5872,1143.5,650.3641,1130.37,656.4133
"2025-11-10 14:45:00",1526,"NAN",11.93,1131.296,1234.066,1503.438,816.3909,771.218,1426.76,599.4943,775.1998,1114.862,748.2139,1135.15,606.4633,984.6196,558.3032,1144.946,642.1982,1139.189,650.3716,1168.508,1249.293,1516.241,834.715,784.9971,1440.501,615.2992,794.9647,1128.92,763.0167,1153.579,625.9853,1002.651,574.3395,1157.844,657.7874,1151.87,664.1468
"2025-11-10 15:00:00",1527,"NAN",11.94,1136.963,1240.253,1517.236,819.576,778.2352,1449.418,639.3651,782.6505,1120.362,753.2856,1141.354,611.3339,990.4393,563.608,1156.387,650.3156,1151.936,656.6443,1174.924,1255.38,1528.681,837.0955,791.7521,1462.405,656.0941,802.2858,1134.422,767.5366,1159.59,630.185,1007.808,578.7536,1168.978,665.5118,1164.823,669.809
"2025-11-10 15:15:00",1528,"NAN",11.91,1141.417,1241.427,1526.383,823.1406,783.6131,1463.556,640.4409,786.7407,1124.255,755.8409,1145.989,615.3007,995.0871,566.3016,1164.734,657.5024,1161.232,659.5709,1178.453,1255.754,1537.577,839.9609,796.037,1475.225,655.6126,805.3276,1137.646,769.1316,1163.474,632.7982,1011.19,580.7557,1176.638,672.2112,1173.508,671.9308
"2025-11-10 15:30:00",1529,"NAN",11.93,1145.607,1239.089,1535.456,826.2876,788.9999,1478.754,641.8407,791.1316,1129.045,758.8727,1151.053,617.8772,1002.281,567.9621,1172.405,665.6148,1169.351,662.3198,1181.904,1251.936,1546.459,842.9103,801.6566,1490.069,655.1614,809.3437,1141.447,771.6749,1167.961,635.7535,1018.977,581.9532,1183.437,680.8105,1180.897,673.9647
"2025-11-10 15:45:00",1530,"NAN",11.93,1139.197,1222.41,1536.899,818.0664,784.3594,1483.726,607.0527,784.2115,1123.146,750.3992,1145.878,610.3514,995.1967,556.6467,1168.385,666.1256,1167.642,653.5239,1183.635,1244.628,1553.225,844.5082,806.6217,1502.384,632.328,812.2244,1145.448,773.7554,1171.411,637.5954,1020.904,580.9035,1188.492,691.6465,1187.995,675.6036
"2025-11-10 16:00:00",1531,"NAN",11.94,1140.269,1212.047,1541.01,819.2529,787.9039,1492.825,657.6822,786.2566,1125.148,750.8019,1147.349,610.6717,998.3356,559.4165,1172.808,673.1245,1173.621,654.4583,1184.472,1234.154,1557.769,845.1217,809.7845,1510.516,682.6481,814.0248,1147.018,773.4066,1172.384,637.8226,1023.791,583.3306,1192.247,698.4512,1193.371,676.3016
"2025-11-10 16:15:00",1532,"NAN",11.93,1140.633,1197.035,1546.934,820.9371,790.9061,1499.709,642.6736,787.6447,1127.075,750.9933,1148.259,611.9455,1000.892,561.4849,1176.086,677.5693,1178.505,655.721,1184.293,1219.272,1562.549,846.2684,812.4459,1516.605,667.2763,813.9621,1147.871,773.0133,1173.129,638.3676,1025.411,585.0232,1195.458,702.3877,1197.553,676.6288
"2025-11-10 16:30:00",1533,"NAN",11.9,1134.184,1185.517,1542.58,818.0095,789.7498,1488.178,656.9431,784.7266,1123.271,749.7023,1142.689,611.0728,996.8396,559.4112,1192.523,684.9301,1174.499,653.4294,1176.923,1208.031,1558.354,842.3548,810.5178,1505.019,681.1393,811.7657,1143.356,771.3013,1167.723,637.7305,1021.23,582.6398,1211.262,709.8433,1193.599,674.3457
"2025-11-10 16:45:00",1534,"NAN",11.94,1133.931,1200.656,1543.966,818.8688,787.2302,1478.747,655.994,778.9322,1113.981,740.7509,1136.743,606.1611,993.0753,557.2174,1192.408,678.5706,1179.471,658.6549,1174.968,1220.082,1556.827,841.7792,806.3396,1493.525,678.247,803.5287,1132.046,760.5514,1159.201,629.8815,1015.09,577.7506,1208.747,700.6602,1195.831,677.2056
"2025-11-10 17:00:00",1535,"NAN",11.91,1131.902,1217.23,1544.24,821.0569,788.3383,1476.177,684.8579,782.3579,1115.112,744.3942,1136.97,607.4044,993.3371,559.2728,1189.968,676.1031,1180.7,660.3068,1171.301,1236.23,1557.232,843.3457,806.3408,1491.048,707.024,806.5251,1132.923,763.1105,1158.621,631.5634,1015.336,580.0089,1206.471,698.324,1196.965,678.9134
"2025-11-10 17:15:00",1536,"NAN",11.9,1111.151,1216.71,1535.433,803.6205,766.7821,1465.42,665.506,764.4089,1096.473,724.8953,1117.723,588.1012,973.9596,539.2205,1175.97,654.3618,1162.945,640.7744,1167.966,1252.963,1557.577,846.4372,807.2187,1492.492,709.8692,810.1385,1133.518,765.0162,1159.085,632.9499,1014.978,581.9533,1210.986,697.8481,1197.792,681.0318
"2025-11-10 17:30:00",1537,"NAN",11.93,1109.075,1228.26,1535.775,806.149,767.4556,1464.307,653.1519,766.9656,1096.037,726.941,1116.973,588.7227,973.1378,540.4528,1159.478,642.6723,1163.096,641.9963,1166.209,1265.023,1559.705,849.4345,808.3222,1491.789,699.4688,813.1196,1134.281,768.3804,1157.997,634.0589,1015.559,584.1697,1195.201,686.2652,1198.665,683.0579
"2025-11-10 17:45:00",1538,"NAN",11.89,1107.294,1233.669,1536.11,808.6659,768.0256,1465.795,620.9423,768.9602,1096.315,728.4914,1115.473,589.3541,973.1579,541.6679,1160.99,643.5782,1163.596,643.3127,1164.16,1270.859,1560.286,852.2383,809.3719,1493.864,667.6597,815.8676,1134.995,769.7945,1157.409,635.4041,1015.65,585.4944,1196.932,687.7429,1199.422,684.5742
"2025-11-10 18:00:00",1539,"NAN",11.93,1108.726,1238.708,1536.35,810.7084,768.0615,1466.084,609.4854,768.9272,1094.404,728.3471,1111.948,588.9113,972.0061,542.4084,1162.941,644.7187,1164.886,645.6007,1165.64,1275.427,1559.928,853.8381,808.7511,1493.452,655.8773,814.8644,1131.984,768.4548,1153.587,634.2076,1013.829,585.7895,1198.482,687.7539,1199.856,686.0847
"2025-11-10 18:15:00",1540,"NAN",11.93,1106.759,1233.155,1540.28,813.7517,769.7875,1459.674,617.7576,770.3572,1094.588,729.05,1112.188,588.9752,972.3678,543.379,1165.282,645.8109,1168.406,648.4337,1162.273,1268.873,1562.884,856.0846,809.6302,1486.523,663.8807,815.8976,1131.777,768.4355,1152.867,633.9926,1013.6,585.7587,1199.854,688.5052,1202.919,688.522
"2025-11-10 18:30:00",1541,"NAN",11.9,1101.658,1225.313,1535.75,812.0281,768.6422,1459.551,640.0313,769.2734,1091.269,728.3514,1108.093,588.6168,969.5735,543.5566,1166.673,647.6945,1165.589,647.8734,1157.964,1262.534,1559.675,855.0016,809.3521,1486.844,686.8354,815.4667,1129.75,769.1649,1149.04,633.9778,1011.713,586.7792,1202.082,691.0148,1200.977,688.7083
"2025-11-10 18:45:00",1542,"NAN",11.91,1104.745,1233.204,1542.957,816.3005,772.188,1474.679,650.4939,773.6217,1094.837,731.4155,1111.737,589.6077,971.9783,545.124,1168.802,649.2897,1170.432,650.7977,1161.24,1270.204,1566.505,860.1379,812.9907,1501.257,696.7061,820.1466,1133.61,772.2187,1153.559,635.7189,1014.435,588.6556,1204.438,692.981,1206.06,691.8402
"2025-11-10 19:00:00",1543,"NAN",11.92,1127.484,1257.359,1556.719,844.1697,800.7272,1494.447,688.9543,801.7866,1119.433,758.762,1134.506,615.6779,996.5126,573.2195,1193.284,677.9541,1194.623,679.0983,1164.656,1273.292,1568.895,862.8409,814.6125,1506.363,705.6094,822.3204,1134.708,774.097,1153.577,636.1757,1014.762,589.9936,1206.462,694.7377,1207.581,693.3077
"2025-11-10 19:15:00",1544,"NAN",11.93,1127.812,1255.992,1556.071,847.5552,804.5723,1494.381,705.4091,804.9985,1120.886,762.118,1134.083,615.894,1001.475,577.0152,1198.248,683.1891,1196.268,682.52,1161.701,1268.71,1565.436,862.6552,814.7501,1503.036,718.2728,821.5096,1132.721,773.5181,1148.86,632.4358,1016.528,590.0999,1208.051,695.9252,1205.692,693.1347
"2025-11-10 19:30:00",1545,"NAN",11.93,1131.915,1263.207,1563.82,852.131,807.8455,1505.62,681.5624,808.3813,1124.97,764.6554,1138.264,620.256,1001.383,578.8245,1200.098,684.3959,1201.833,685.5399,1165.979,1276.124,1572.13,866.9783,818.465,1514.36,694.2648,824.9668,1136.178,776.036,1154.092,636.6393,1015.599,591.4584,1210.002,697.5975,1211.745,696.0503
"2025-11-10 19:45:00",1546,"NAN",11.93,1128.873,1255.936,1560.505,851.5099,808.1693,1501.309,678.6658,807.6935,1123.099,764.415,1135.232,622.0092,999.4794,579.1764,1201.762,685.6548,1199.849,685.5442,1162.625,1268.143,1569.342,866.4288,817.9729,1510.174,691.3815,823.692,1134.722,775.7089,1149.587,638.0341,1014.267,591.5973,1211.152,698.3557,1209.294,695.503
"2025-11-10 20:00:00",1547,"NAN",11.93,1129.338,1257.181,1561.294,853.7447,809.9109,1503.558,681.1772,809.4602,1124.809,765.5698,1135.271,624.2184,1000.287,579.6847,1203.151,687.0889,1201.311,686.5657,1163.274,1269.26,1570.24,868.0892,819.935,1512.593,693.9005,825.4238,1135.404,776.6176,1150.875,640.1,1014.327,592.2462,1213.117,699.5145,1210.76,696.7415
"2025-11-10 20:15:00",1548,"NAN",11.9,1130.536,1252.422,1563.587,855.2308,811.4319,1505.736,706.0869,810.7731,1125.798,766.3851,1136.744,625.7111,996.7488,580.6277,1205.819,688.7759,1202.586,687.8428,1164.663,1263.673,1571.823,869.7033,821.6565,1514.078,718.8757,826.74,1136.852,777.7098,1151.494,641.5253,1011.2,593.0128,1214.746,700.9963,1211.946,697.7871
"2025-11-10 20:30:00",1549,"NAN",11.93,1135.156,1257.319,1570.39,858.9108,814.7629,1513.776,631.3247,813.8515,1130.133,768.9518,1141.105,627.8455,1001.659,582.3689,1207.301,689.8715,1206.335,690.5175,1168.268,1269.007,1579.737,873.5402,824.5127,1522.892,640.3556,829.7839,1140.816,779.8823,1156.679,643.6691,1016.001,594.6621,1216.618,702.3005,1215.658,700.8417
"2025-11-10 20:45:00",1550,"NAN",11.91,1132.281,1250.156,1567.205,857.9668,814.3381,1507.605,704.1865,812.7401,1128.054,768.2535,1138.751,628.304,1000.596,582.4272,1208.987,691.4691,1204.059,689.9081,1165.712,1261.907,1575.667,872.6158,824.0993,1516.436,716.4055,828.0829,1139.267,779.0428,1153.666,643.8429,1014.514,594.7458,1218.031,703.8219,1213.201,699.7881
"2025-11-10 21:00:00",1551,"NAN",11.93,1137.904,1257.74,1574.586,861.8717,817.9303,1518.369,703.5873,816.5171,1133.144,770.8182,1143.755,629.8062,1003.215,584.1873,1210.229,692.2377,1208.216,692.3479,1171.397,1268.793,1583.103,876.6439,827.9092,1527.464,716.2288,833.0209,1144.136,781.9819,1158.564,645.6724,1017.797,596.4654,1218.773,704.5505,1217.519,702.4695
"2025-11-10 21:15:00",1552,"NAN",11.92,1138.393,1256.818,1576.286,863.4503,819.1979,1520.824,711.2023,817.5438,1134.169,771.7352,1144.643,631.0291,1004,584.6503,1210.174,693.3908,1209.203,693.206,1171.806,1268.313,1585.657,877.9864,828.946,1528.996,723.903,833.4149,1144.878,782.9412,1159.565,646.3202,1018.281,596.972,1218.85,705.3023,1217.827,703.1783
"2025-11-10 21:30:00",1553,"NAN",11.89,1135.516,1250.63,1572.63,861.9504,818.9936,1514.098,648.0423,815.8793,1132.58,771.1701,1141.181,631.5887,1002.901,584.6671,1211.227,694.3374,1206.401,692.3774,1168.961,1262.177,1581.042,876.3194,828.4028,1522.291,659.7419,831.6107,1143.571,782.0466,1156.12,647.2122,1017.002,596.8275,1220.121,706.8067,1215.268,702.3082
"2025-11-10 21:45:00",1554,"NAN",11.92,1132.998,1244.212,1568.734,854.4918,812.0246,1511.242,695.9633,808.7686,1126.31,762.9962,1134.2,624.53,995.4053,576.4463,1204.533,686.3446,1199.718,684.5284,1173.755,1263.647,1582.577,877.4315,830.3336,1525.611,717.957,833.2401,1144.695,782.4719,1157.516,649.0914,1017.792,597.666,1221.604,707.5741,1216.427,703.0846
"2025-11-10 22:00:00",1555,"NAN",11.93,1129.424,1243.848,1570.581,855.2056,812.6588,1513.251,658.4064,809.905,1127.964,764.22,1135.151,625.4641,995.8037,577.2006,1205.475,687.2828,1200.236,685.1629,1170.182,1263.278,1584.233,877.9183,831.1879,1528.216,679.3937,834.4559,1146.5,783.6013,1158.137,649.9614,1018.191,598.3242,1222.479,708.6045,1217.024,703.7614
"2025-11-10 22:15:00",1556,"NAN",11.93,1130.548,1243.97,1572.106,856.3582,814.1404,1515.766,650.838,810.5864,1129.047,764.7003,1135.597,625.7252,995.9977,577.4865,1206.73,688.0487,1201.084,685.681,1170.921,1264.042,1585.843,878.9579,832.6262,1529.812,672.1931,835.3805,1147.725,784.5092,1158.444,650.1453,1018.323,598.9928,1223.965,709.722,1218.037,704.4637
"2025-11-10 22:30:00",1557,"NAN",11.92,1131.613,1244.057,1573.851,857.4045,816.2812,1517.225,707.5872,812.21,1130.647,765.5971,1136.428,626.5741,996.8646,577.9728,1207.615,689.1223,1202.368,686.2006,1172.272,1264.11,1587.122,880.1753,834.7581,1532.194,729.683,837.0368,1149.583,785.594,1159.159,651.0286,1019.124,599.4748,1224.883,710.7698,1219.184,705.3032
"2025-11-10 22:45:00",1558,"NAN",11.92,1132.702,1243.952,1575.539,858.7705,818.3665,1517.519,695.6534,813.5346,1132.154,767.0646,1137.646,627.5471,997.7148,578.7261,1208.785,689.9026,1203.721,686.6628,1173.23,1263.325,1588.966,881.4468,836.8084,1531.686,717.0833,838.1013,1151.751,786.9674,1159.949,652.1223,1020.337,600.0516,1225.725,711.3016,1220.549,705.7762
"2025-11-10 23:00:00",1559,"NAN",11.93,1134.569,1246.929,1577.116,860.4366,820.2864,1521.706,655.8831,814.4175,1134.046,767.872,1138.791,628.8269,1001.939,579.5955,1210.333,691.0014,1204.69,687.663,1174.419,1265.854,1590.506,882.7583,838.2529,1535.787,677.7268,838.4789,1152.506,787.1477,1161.423,652.695,1023.872,600.5541,1226.661,712.1063,1221.195,706.4056
"2025-11-10 23:15:00",1560,"NAN",11.93,1136.058,1246.314,1579.498,861.5067,821.9395,1523.524,721.2831,816.2331,1135.863,768.7157,1140.151,629.4747,999.563,580.4036,1212.116,692.1658,1206.248,688.7254,1175.945,1265.42,1591.093,883.3475,839.7688,1536.752,742.5587,840.4677,1154.022,787.7674,1162.216,653.2169,1021.162,601.2112,1228.444,713.2082,1222.362,706.8665
"2025-11-10 23:30:00",1561,"NAN",11.9,1117.336,1227.383,1569.904,839.921,800.8367,1512.686,697.0158,794.3041,1116.105,746.7085,1120.609,607.8834,978.7174,557.4777,1192.576,669.5287,1187.701,665.9205,1174.696,1265.011,1592.209,883.9059,841.3086,1538.223,743.0343,840.7819,1155.019,788.3075,1162.45,653.6912,1021.329,601.6717,1228.199,713.1749,1223.564,707.4986
"2025-11-10 23:45:00",1562,"NAN",11.93,1116.364,1225.145,1569.643,838.8798,800.8885,1511.203,661.8424,793.3783,1116.24,746.1041,1119.372,607.3362,978.124,556.6895,1192.154,668.497,1187.781,665.0689,1174.63,1264.51,1593.565,884.3401,842.3909,1538.252,709.5812,840.9733,1156.102,788.8997,1163.1,654.5695,1021.874,602.1207,1229.104,713.8875,1225.105,707.876
"2025-11-11 00:00:00",1563,"NAN",11.93,1116.987,1224.531,1570.106,839.5955,801.2448,1512.614,683.4639,793.3777,1116.489,745.8525,1119.08,607.2651,977.6498,556.3086,1192.457,668.1593,1188.362,665.0632,1175.898,1264.586,1594.676,885.1174,843.4982,1540.214,731.6626,841.7505,1157.627,789.3499,1162.74,654.9545,1022.513,602.4615,1230.054,714.0278,1225.8,708.4149
"2025-11-11 00:15:00",1564,"NAN",11.9,1116.467,1213.105,1568.242,838.0036,800.6641,1511.657,702.2726,792.4175,1115.908,744.6024,1117.257,605.7889,976.2881,554.5557,1191.117,666.5573,1188.344,664.0209,1176.79,1254.6,1594.077,885.5406,844.9733,1540.783,751.7072,842.2633,1157.753,789.1052,1162.96,655.3591,1022.337,601.8923,1230.328,714.5367,1227.261,709.0602
"2025-11-11 00:30:00",1565,"NAN",11.93,1120.782,1221.347,1574.752,840.4916,803.1921,1520.79,701.1221,795.0343,1119.282,746.277,1121.952,606.1765,978.0308,555.1208,1191.916,666.3332,1193.357,665.8954,1182.466,1263.149,1599.953,888.4861,847.7737,1549.973,751.3632,845.4954,1162.204,791.5779,1167.868,656.1859,1024.691,603.5861,1231.433,714.1483,1232.797,711.6119
"2025-11-11 00:45:00",1566,"NAN",11.93,1117.381,1179.588,1568.71,837.7183,801.2818,1512.839,687.8261,791.7185,1116.039,744.032,1117.446,605.2939,975.4675,553.9774,1191.53,665.3978,1190.075,664.0903,1179.887,1223.547,1595.431,886.6041,847.1421,1543.591,739.6453,843.3527,1159.737,790.3748,1164.215,656.5657,1023.75,603.3404,1231.764,714.4646,1230.684,710.5038
"2025-11-11 01:00:00",1567,"NAN",11.93,1146.062,1199.364,1585.343,868.4618,833.5066,1532.577,683.1795,823.2659,1145.343,774.629,1144.74,636.0538,1005.031,586.4766,1218.432,697.4,1219.089,696.3199,1184.832,1216.296,1596.77,887.5414,847.9576,1545.923,699.5394,844.2593,1160.759,790.3422,1164.502,656.9137,1023.871,603.6332,1231.945,714.7967,1232.843,711.3809
"2025-11-11 01:15:00",1568,"NAN",11.92,1150.084,1201.947,1588.198,872.2625,837.7786,1536.991,677.5555,827.3911,1149.113,778.2996,1148.822,640.1226,1008.724,590.1136,1222.665,701.2856,1223.045,700.1463,1186.256,1216.328,1597.462,888.156,849.3636,1547.511,690.9942,845.1489,1161.489,790.8922,1165.536,657.2385,1024.448,604.46,1233.527,715.551,1233.81,712.1697
"2025-11-11 01:30:00",1569,"NAN",11.93,1156.316,1202.171,1590.229,872.3074,839.2012,1538.456,696.3979,829.1002,1150.809,779.1027,1149.563,640.762,1009.384,591.0234,1223.826,701.8331,1224.103,701.1594,1192.193,1215.879,1598.865,888.4429,850.8144,1548.768,710.3593,846.8245,1163.178,791.4403,1165.932,657.9706,1025.225,604.8638,1233.874,716.0688,1234.49,712.832
"2025-11-11 01:45:00",1570,"NAN",11.93,1153.841,1201.333,1591.47,873.1299,840.3732,1537.947,712.9594,830.5923,1151.643,779.3666,1149.962,639.691,1010.127,591.4338,1223.788,702.3187,1225.031,701.4174,1189.432,1215.029,1600.405,889.1945,851.9124,1548.133,726.954,847.7062,1163.885,791.7401,1166.34,656.5911,1025.483,605.3043,1233.981,716.0892,1235.391,713.0131
"2025-11-11 02:00:00",1571,"NAN",11.93,1154.999,1200.569,1593.282,873.9612,841.1384,1539.569,690.0933,830.6383,1152.648,779.8996,1149.978,637.3395,1010.553,591.5511,1224.682,702.0218,1225.135,701.7201,1190.495,1214.784,1602.358,889.8467,852.0742,1549.722,703.0556,848.0459,1164.845,792.0165,1166.732,655.0037,1026.254,605.4879,1234.993,716.4409,1235.926,713.1631
"2025-11-11 02:15:00",1572,"NAN",11.92,1156.184,1200.127,1594.671,874.2579,842.6404,1541.684,641.9185,829.0368,1153.447,780.2444,1150.407,636.0622,1011.258,592.0497,1225.59,702.4055,1225.922,702.5126,1191.732,1214.824,1603.948,890.5262,853.5967,1551.546,654.3468,846.4365,1165.717,792.4691,1166.967,653.4694,1026.824,605.8558,1235.985,716.3765,1236.367,713.8635
"2025-11-11 02:30:00",1573,"NAN",11.92,1156.956,1201.328,1595.248,875.035,843.6381,1542.97,722.5413,831.5679,1154.312,780.7424,1151.52,639.6328,1011.363,592.1057,1226.617,702.6598,1226.389,703.2001,1193.141,1215.556,1604.59,891.3583,855.0535,1553.801,735.4531,848.7763,1167.107,793.2251,1167.433,656.4819,1027.292,606.0328,1236.922,716.4014,1236.477,714.5231
"2025-11-11 02:45:00",1574,"NAN",11.93,1158.624,1201.106,1596.453,876.0656,844.6244,1545.074,686.6591,831.8148,1155.412,781.1603,1151.477,641.3115,1015.421,592.1534,1226.238,702.4758,1224.965,703.6046,1194.128,1215.914,1605.683,891.7921,856.2821,1554.972,698.1591,849.4371,1167.848,793.5729,1167.885,658.7419,1031.047,606.0392,1236.804,716.6545,1235.929,715.1316
"2025-11-11 03:00:00",1575,"NAN",11.93,1159.051,1201.403,1597.553,876.7165,845.1769,1546.09,646.7438,832.5862,1155.991,781.6598,1151.8,642.0316,1012.166,592.3878,1226.927,702.2783,1225.203,704.3848,1194.815,1216.25,1607.185,892.4075,856.1835,1556.626,658.2833,850.0458,1168.697,794.1575,1168.012,659.121,1028.109,606.4647,1237.654,716.4631,1235.149,715.8416
"2025-11-11 03:15:00",1576,"NAN",11.93,1164.519,1208.638,1604.074,879.8932,848.1509,1556.374,724.6833,837.1127,1160.314,783.7629,1153.952,644.0876,1014.985,593.505,1228.052,702.234,1229.462,706.3163,1200.351,1223.35,1613.649,895.993,859.3279,1566.495,738.1104,854.7234,1172.243,796.9057,1171.098,661.1237,1030.043,607.4196,1238.658,716.3994,1240.943,718.0999
"2025-11-11 03:30:00",1577,"NAN",11.93,1165.483,1209.127,1605.683,880.0908,849.1158,1558.442,642.1275,837.8284,1161.11,784.1358,1152.562,644.2776,1015.278,593.6409,1228.882,702.6067,1229.533,707.185,1201.412,1223.646,1615.063,896.322,860.6818,1568.945,652.7625,855.0134,1173.5,797.3677,1169.898,661.0481,1030.696,608.0834,1239.669,716.8429,1241.288,718.9376
"2025-11-11 03:45:00",1578,"NAN",11.92,1157.659,1200.962,1599.677,871.2491,839.7761,1553.786,633.2701,828.701,1152.431,774.9099,1144.381,634.8064,1006.048,584.0135,1221.199,692.8005,1220.82,697.5441,1201.521,1224.211,1616.043,896.9685,861.5411,1571.123,656.1188,856.2568,1174.607,797.8244,1170.489,662.0154,1031.715,608.448,1240.384,717.3907,1241.306,719.4703
"2025-11-11 04:00:00",1579,"NAN",11.9,1155.54,1193.51,1595.116,869.1995,838.8517,1548.902,702.7253,827.9847,1150.914,773.7334,1141.507,635.2706,1005.186,584.299,1221.803,693.3321,1219.751,696.7933,1199.042,1217.328,1611.045,895.0935,860.2708,1566.199,726.8058,855.3147,1172.42,796.0336,1167.579,662.686,1030.106,608.2495,1241.295,717.6105,1238.995,718.4298
"2025-11-11 04:15:00",1580,"NAN",11.89,1156.828,1194.253,1596.195,869.6395,839.6669,1550.355,677.5959,828.652,1151.589,774.0169,1143.057,635.9979,1005.258,584.7361,1223.246,693.5601,1221.406,697.2114,1200.456,1218.288,1612.782,895.9409,861.5044,1567.519,700.9171,856.0382,1173.838,797.1522,1169.167,663.2435,1030.74,609.2662,1242.886,718.4997,1241.004,719.2454
"2025-11-11 04:30:00",1581,"NAN",11.93,1162.19,1201.655,1603.712,872.8826,843.0632,1561.175,725.8623,832.9032,1155.611,776.1536,1148.918,637.2107,1008.221,585.5956,1223.879,694.2534,1228.226,699.3974,1206.317,1224.593,1620.173,899.2698,864.5917,1578.02,750.6575,860.4186,1177.75,798.7651,1174.76,664.5782,1033.883,610.3737,1243.502,718.6033,1247.84,721.5344
"2025-11-11 04:45:00",1582,"NAN",11.93,1163.669,1202.526,1605.761,873.0189,843.9592,1562.918,737.0139,833.6445,1156.995,776.9017,1150.256,637.6107,1008.684,586.2092,1225.598,694.7986,1230.626,700.0135,1207.75,1225.639,1621.625,899.3817,865.6376,1580.733,761.7253,861.4992,1178.673,799.6271,1176.466,665.1514,1034.291,610.4673,1245.015,719.2776,1249.802,721.8849
"2025-11-11 05:00:00",1583,"NAN",11.9,1165.081,1201.901,1607.607,873.4108,845.1867,1564.556,740.7101,834.8577,1158.12,777.3907,1151.938,638.325,1009.582,586.5688,1226.626,695.3224,1232.478,700.4476,1208.789,1225.364,1623.095,899.954,866.7507,1581.277,765.0335,862.5243,1180.002,800.4938,1177.468,665.2934,1035.189,610.8251,1245.925,719.48,1251.106,722.325
"2025-11-11 05:15:00",1584,"NAN",11.92,1170.004,1202.047,1609.127,873.9788,846.3156,1566.599,660.0266,835.0563,1159.244,778.2297,1153.804,638.6123,1010.629,585.3939,1227.93,695.5466,1233.854,700.9963,1213.782,1225.15,1624.318,899.8712,867.5706,1583.288,681.5688,862.3987,1181.178,800.9484,1178.895,665.5681,1035.904,609.6509,1246.446,719.6235,1254.09,722.5917
"2025-11-11 05:30:00",1585,"NAN",11.93,1143.582,1178.545,1597.723,848.7441,820.3448,1553.354,700.9738,809.3782,1135.678,752.5131,1131.453,612.6324,986.0968,558.5754,1205.213,668.5973,1212.768,673.8595,1208.416,1225.945,1625.794,900.3047,868.8169,1584.362,754.2928,863.4716,1182.137,801.5945,1180.639,666.0436,1036.73,610.6089,1247.481,720.2752,1255.216,723.004
"2025-11-11 05:45:00",1586,"NAN",11.93,1144.681,1179.006,1598.984,848.3699,820.9901,1554.226,713.0446,809.951,1136.487,752.2211,1131.38,612.8892,986.3824,558.6394,1205.683,668.439,1211.716,673.5928,1210.136,1226.093,1626.894,900.3856,869.9929,1585.171,766.1551,864.6504,1182.734,802.0327,1181.261,666.6337,1037.212,610.8198,1248.78,720.3157,1253.933,723.2427
"2025-11-11 06:00:00",1587,"NAN",11.93,1145.672,1178.856,1600.294,848.3297,821.6729,1555.879,671.0185,810.1195,1137.123,752.6021,1132.935,612.5739,986.5023,558.6544,1206.105,668.3696,1213.874,673.5032,1211.824,1226.354,1628.564,900.9286,871.1819,1587.231,725.7828,865.0971,1183.463,802.4718,1183.543,667.0931,1037.715,611.3198,1249.126,720.6204,1256.983,723.4617
"2025-11-11 06:15:00",1588,"NAN",11.92,1142.597,1170.005,1595.41,845.6232,820.2887,1548.003,692.8265,807.7579,1134.521,750.4606,1129.833,611.7883,984.6375,557.5505,1206.62,668.5651,1208.372,671.2448,1209.024,1218.387,1624.651,898.3854,869.9353,1580.121,747.2913,862.8455,1181.089,800.8447,1180.654,666.4137,1035.839,610.4615,1250.201,721.5097,1251.603,721.3188
"2025-11-11 06:30:00",1589,"NAN",11.92,1143.992,1168.883,1596.999,847.0744,821.3826,1551.213,667.368,808.3209,1135.576,751.2545,1132.196,612.4181,988.832,558.3347,1207.535,669.2927,1208.941,671.3818,1211.211,1218.073,1626.165,900.1412,871.3532,1583.779,724.5121,863.8762,1183.027,801.5601,1182.984,667.5214,1040.766,611.6851,1251.701,722.2225,1252.592,721.8724
"2025-11-11 06:45:00",1590,"NAN",11.92,1145.45,1167.862,1597.816,846.9362,822.2366,1552.086,617.8613,808.2097,1135.203,751.3909,1132.231,612.4033,986.0765,558.4764,1207.73,669.0681,1209.03,670.8754,1211.972,1217.201,1627.816,900.1575,872.3093,1584.541,672.9296,863.7808,1183.033,802.2309,1183.417,667.2235,1037.875,611.7466,1252.12,722.783,1252.713,721.7122
"2025-11-11 07:00:00",1591,"NAN",11.93,1150.961,1173.654,1605.139,850.1816,825.672,1562.247,705.8582,811.9091,1139.745,753.0304,1138.149,613.6212,988.9567,559.4677,1209.017,669.9655,1212.829,672.7198,1218.072,1222.948,1634.465,903.4978,875.4699,1594.103,761.0583,867.5265,1187.659,804.1821,1189.074,668.4895,1041.09,613.1902,1253.256,723.4914,1256.957,723.5455
"2025-11-11 07:15:00",1592,"NAN",11.93,1148.656,1159.714,1601.333,847.519,825.0751,1557.136,673.1274,809.6503,1138.657,751.5303,1134.692,613.5284,988.0138,559.0093,1209.568,670.5674,1211.958,670.4074,1216.423,1209.522,1630.665,901.1584,875.5072,1589.872,726.356,865.5738,1186.496,802.6274,1186.061,668.7553,1040.311,612.7538,1253.973,724.268,1255.758,721.3303
"2025-11-11 07:30:00",1593,"NAN",11.91,1154.938,1161.226,1609.173,850.1273,829.1132,1567.747,712.3441,814.13,1144.27,754.9902,1141.655,614.8788,992.0673,560.5139,1211.268,672.8245,1218.122,671.6964,1222.729,1211.22,1638.575,904.1756,879.9614,1599.683,768.1176,870.3458,1192.719,806.4501,1192.837,670.5845,1044.767,614.631,1255.606,726.914,1261.542,723.0967
"2025-11-11 07:45:00",1594,"NAN",11.93,1188.826,1188.053,1628.496,885.1542,867.638,1590.051,753.5579,850.8575,1179.856,792.2494,1173.683,650.3602,1027.755,598.4396,1243.385,711.7136,1248.634,707.3647,1228.281,1206.114,1640.916,903.967,882.2769,1602.314,769.7216,870.9524,1195.033,807.2402,1193.319,670.5886,1045.984,615.1378,1256.787,729.0365,1260.941,721.9003
"2025-11-11 08:00:00",1595,"NAN",11.88,1191.114,1183.886,1630.659,885.291,870.2804,1590.584,744.3247,851.3591,1182.05,793.2772,1175.664,650.8104,1028.898,598.8892,1244.278,712.6575,1251.907,706.9618,1230.379,1201.366,1642.376,904.1819,884.642,1603.354,759.4109,871.1638,1197.203,808.4976,1194.302,670.0948,1047.32,615.4302,1257.224,729.9352,1263.79,721.3156
"2025-11-11 08:15:00",1596,"NAN",11.91,1193.307,1175.581,1632.88,885.863,873.2982,1589.682,756.8537,852.3021,1184.39,793.8068,1177.58,651.377,1030.78,599.167,1245.918,714.8548,1252.194,706.5383,1232.518,1193.211,1643.83,904.1892,887.1528,1601.552,772.2192,872.4167,1198.907,809.1096,1196.438,670.6545,1048.757,615.4579,1258.518,731.6321,1264.029,720.4869
"2025-11-11 08:30:00",1597,"NAN",11.93,1199.673,1161.919,1636.635,887.1897,879.2862,1596.098,741.0534,855.7587,1189.864,797.5997,1183.39,653.0709,1034.895,601.3906,1249.251,720.3282,1257.47,706.4125,1239.202,1179.522,1648.293,905.3936,892.6637,1608.168,756.7131,875.8652,1204.853,813.017,1202.012,672.188,1052.873,617.7061,1261.647,737.966,1269.559,720.8956
"2025-11-11 08:45:00",1598,"NAN",11.94,1201.715,1129.3,1638.356,885.6664,882.5853,1603.957,760.5274,856.5522,1192.574,798.0037,1184.497,653.4442,1036.799,601.9684,1250.008,727.1909,1258.867,705.5296,1242.073,1146.54,1648.745,903.8301,896.5363,1615.894,777.3568,876.2239,1206.75,812.7849,1202.643,672.2729,1054.758,618.1725,1261.787,744.6434,1270.759,719.0367
"2025-11-11 09:00:00",1599,"NAN",11.93,1210.859,1222.521,1642.368,884.5322,888.0972,1609.196,738.5525,856.8175,1196.922,800.0152,1189.365,654.0303,1041.338,603.4884,1251.565,729.4194,1262.14,703.911,1250.889,1239.498,1653.841,902.5889,901.6396,1620.632,753.9214,875.5525,1210.968,815.2162,1207.942,672.8773,1059.043,619.4863,1263.492,747.3164,1273.987,717.7452
"2025-11-11 09:15:00",1600,"NAN",11.92,1210.861,1235.33,1644.662,882.3438,892.9533,1618.172,747.0505,855.4142,1200.322,801.2324,1193.641,652.0773,1043.802,603.9919,1252.202,731.6222,1263.835,703.6102,1250.983,1252.813,1655.75,900.3858,906.2892,1628.478,762.7126,874.299,1213.827,816.2151,1211.965,670.5786,1060.883,619.7573,1263.748,749.6514,1274.981,716.6151
"2025-11-11 09:30:00",1601,"NAN",11.93,1210.853,1234.744,1644.353,877.4838,895.8127,1625.714,695.4413,851.0806,1200.917,801.7849,1192.21,648.3606,1043.413,602.1194,1248.481,731.0294,1262.115,701.3342,1251.24,1251.722,1655.065,895.3518,908.844,1637.012,709.8795,869.6761,1215.432,816.1564,1210.021,667.2714,1060.977,617.8702,1260.381,748.7988,1274.033,715.1542
"2025-11-11 09:45:00",1602,"NAN",11.9,1207.166,1237.315,1642.627,873.3264,895.3266,1612.927,765.6772,847.8326,1198.333,796.9688,1186.859,646.0662,1039.835,597.0913,1244.368,723.9749,1259.236,698.1105,1247.393,1254.526,1653.714,891.0402,909.0913,1623.876,781.5963,867.0419,1211.876,811.5447,1205.242,664.572,1057.076,612.8676,1256.482,741.7488,1270.093,711.4946
"2025-11-11 10:00:00",1603,"NAN",11.92,1202.286,1241.186,1635.565,869.9866,893.5727,1592.268,688.9736,843.4739,1194.857,793.0849,1181.014,644.0942,1036.044,594.6425,1243.85,721.3452,1254.205,694.9841,1243.35,1257.942,1646.61,887.3012,907.0782,1604.531,695.9786,862.5329,1208.741,807.2363,1198.822,663.0501,1053.54,609.9996,1255.764,738.952,1265.386,708.1774
"2025-11-11 10:15:00",1604,"NAN",11.9,1200.504,1244.67,1632.927,867.629,893.5986,1580.898,748.9051,843.2355,1192.992,791.1588,1177.291,642.5475,1036.806,593.5125,1240.161,718.2171,1251.705,693.3607,1241.156,1261.797,1644.112,885.5568,907.1848,1592.7,765.3578,862.048,1207.28,806.001,1195.654,661.2825,1054.197,609.0421,1252.418,736.3563,1263.394,706.9505
"2025-11-11 10:30:00",1605,"NAN",11.94,1185.525,1234.889,1621.019,853.3909,879.2197,1563.925,689.5056,827.6902,1178.425,775.406,1161.68,626.8715,1018.292,576.6498,1224.688,701.8581,1236.008,677.1013,1238.207,1264.696,1641.275,885.5342,907.3093,1587.135,722.1878,861.3284,1206.421,804.6251,1193.915,660.6954,1049.979,607.9946,1250.614,735.2042,1260.895,705.5858
"2025-11-11 10:45:00",1606,"NAN",11.93,1190.328,1247.785,1625.537,856.3904,882.8311,1568.17,701.4343,831.2299,1182.159,777.6199,1166.629,626.9781,1020.817,578.3767,1226.246,702.8214,1238.813,679.4807,1243.101,1275.863,1645.201,888.5245,911.0145,1589.245,732.9609,864.7156,1209.532,806.4954,1197.533,660.73,1052.265,609.4914,1251.66,735.4759,1263.625,707.613
"2025-11-11 11:00:00",1607,"NAN",11.93,1194.066,1252.601,1628.452,858.4921,887.2399,1573.406,748.1053,834.4479,1185.228,779.4026,1170.421,628.0375,1023.084,580.6064,1225.751,703.2374,1239.879,680.6247,1245.814,1280.88,1648.22,890.6486,914.2935,1595.074,778.7966,867.6616,1212.406,807.8243,1201.004,660.949,1053.905,610.5888,1250.359,735.3052,1263.755,708.4053
"2025-11-11 11:15:00",1608,"NAN",11.94,1192.123,1248.236,1624.536,857.0991,887.4732,1570.696,728.1316,832.2214,1183.999,779.0885,1169.159,626.8254,1020.764,580.4236,1222.534,702.9852,1235.641,678.9185,1244.429,1276.869,1644.273,888.4625,914.5453,1592.114,757.1732,864.933,1210.709,807.0652,1199.336,660.1713,1051.715,609.9698,1247.197,734.5729,1259.574,706.8561
"2025-11-11 11:30:00",1609,"NAN",11.94,1187.242,1245.87,1619.117,852.2977,883.8934,1555.327,728.2457,829.2254,1179.974,775.7426,1161.992,624.974,1016.656,576.4375,1218.33,697.1694,1228.914,676.5134,1239.23,1274.699,1639.732,883.8638,911.0902,1577.184,757.8698,861.8356,1207.002,804.1043,1193.181,658.0315,1047.177,606.7459,1243.232,728.879,1253.173,704.3148
"2025-11-11 11:45:00",1610,"NAN",11.9,1183.031,1245.304,1497.736,850.42,880.6727,1539.413,754.1567,826.2311,1174.728,771.9558,1156.26,622.678,1012.464,573.2767,1214.121,691.0623,1226.236,675.3024,1234.987,1274.918,1521.965,882.141,907.9243,1562.4,784.9991,859.2887,1202.245,800.6819,1187.199,655.5596,1043.497,604.3635,1239.317,723.2261,1250.575,703.3557
"2025-11-11 12:00:00",1611,"NAN",11.93,1174.851,1247.865,1495.314,834.1235,865.6373,1551.4,624.3945,809.0916,1166.147,755.5795,1147.822,601.9672,999.5795,556.3568,1201.762,677.4005,1215.747,657.9411,1244.361,1296.149,1532.073,887.72,916.0398,1585.006,680.0895,864.8597,1213.368,807.0829,1199.139,657.9998,1052.039,610.5367,1247.027,733.1496,1259.248,709.6606
"2025-11-11 12:15:00",1612,"NAN",11.94,1183.292,1245.459,1507.977,838.5523,881.3204,1590.199,680.3974,809.275,1177.132,768.4122,1160.508,600.3827,1008.505,566.7581,1206.269,685.8904,1219.762,664.6936,1252.71,1293.438,1544.201,892.0492,931.186,1620.559,736.5778,864.6351,1223.826,820.1037,1211.546,656.187,1060.484,620.5707,1251.431,741.5411,1263.798,716.4097
"2025-11-11 12:30:00",1613,"NAN",11.92,1196.852,1240.044,1531.124,852.4601,908.9441,1627.58,679.8436,809.0348,1201.075,792.783,1180.25,598.5341,1028.869,583.3809,1214.082,700.1611,1232.31,677.8601,1265.444,1288.855,1565.501,905.822,958.2079,1656.22,735.8887,864.9717,1246.629,842.903,1230.156,654.7201,1079.798,636.5862,1258.25,755.4908,1275.624,728.8721
"2025-11-11 12:45:00",1614,"NAN",11.94,1213.87,1233.733,1560.996,874.2225,943.6301,1656.796,693.7473,805.7521,1231.562,818.0837,1200.516,595.6056,1050.096,602.0311,1221.494,711.5991,1243.44,696.4039,1281.709,1282.334,1593.378,926.8043,992.0996,1682.243,750.1508,861.7899,1276.085,867.9157,1249.061,652.1072,1100.173,654.6619,1265.767,766.8837,1286.765,747.2513
"2025-11-11 13:00:00",1615,"NAN",11.93,1204.549,1214.168,1558.16,862.8885,939.1502,1619.361,697.7961,798.5911,1219.747,804.8919,1188.604,593.2607,1038.675,587.0294,1207.557,699.5864,1229.632,684.2418,1273.812,1263.968,1591.097,916.0367,988.0884,1648.676,754.8408,855.0845,1265.526,855.6411,1237.853,650.1482,1090.246,641.1353,1252.689,755.4774,1272.024,735.834
"2025-11-11 13:15:00",1616,"NAN",11.93,1196.927,1210.983,1552.909,848.4006,928.9833,1582.471,648.2867,793.5221,1203.886,785.7006,1172.827,591.1526,1024.537,569.8103,1197.921,686.4644,1213.336,670.8799,1267.049,1261.693,1587.376,902.5029,978.8903,1614.622,704.2263,850.6716,1251.307,837.0224,1223.403,648.7095,1077.052,624.6609,1244.322,743.0444,1257.9,723.295
"2025-11-11 13:30:00",1617,"NAN",11.93,1237.269,1252.97,1584.151,890.19,978.3879,1612.681,722.7575,834.3967,1250.01,831.519,1212.1,627.8016,1064.533,612.5648,1235.204,733.7304,1253.852,713.6151,1280.505,1270.838,1597.602,910.1727,993.4496,1625.885,740.9587,855.4786,1265.574,847.829,1231.536,649.1781,1083.683,630.1663,1249.666,753.3731,1267.369,729.3476
"2025-11-11 13:45:00",1618,"NAN",11.95,1244.25,1247.536,1602.955,905.5985,1005.898,1634.663,700.6533,833.8472,1269.52,861.5049,1226.599,625.6719,1077.814,627.4435,1240.73,745.3614,1263.959,727.4944,1286.668,1265.486,1616.068,924.9001,1020.337,1646.872,718.024,854.3359,1284.245,877.0845,1244.07,646.7119,1096.476,644.5806,1253.923,765.4121,1276.937,742.8271
"2025-11-11 14:00:00",1619,"NAN",11.93,1238.396,1242.998,1595.539,894.4777,999.2979,1610.68,730.0195,829.9406,1259.355,848.5273,1212.276,624.6185,1070.045,614.9835,1228.643,736.8438,1254.168,717.4893,1279.534,1261.195,1609.385,913.4327,1013.061,1623.764,745.4668,850.1028,1274.307,864.1698,1231.275,645.2419,1088.467,632.726,1242.54,756.1402,1266.513,732.6457
"2025-11-11 14:15:00",1620,"NAN",11.94,1235.378,1244.416,1594.303,888.52,996.1187,1598.524,699.8975,828.3929,1254.763,841.4221,1205.14,623.8492,1060.277,606.4146,1223.137,732.9427,1248.129,709.8545,1276.81,1263.197,1607.502,907.3872,1010.585,1611.542,713.5126,848.3734,1269.371,856.8503,1223.904,644.8057,1078.488,623.2596,1237.125,752.4667,1261.324,725.1263
"2025-11-11 14:30:00",1621,"NAN",11.93,1228.533,1242.84,1587.913,879.634,986.7293,1577.571,721.7448,826.2969,1242.802,837.9911,1199.585,636.0218,1054.184,607.9227,1202.39,723.6339,1237.332,701.4465,1270.253,1260.914,1601.125,898.695,1001.725,1591.299,739.312,846.7527,1257.32,842.7507,1213.61,643.8923,1067.44,613.3337,1231.445,743.0176,1250.49,716.9948
"2025-11-11 14:45:00",1622,"NAN",11.94,1225.6,1244.556,1588.666,872.499,986.7711,1584.446,663.7128,826.77,1240.763,825.1827,1190.974,623.6555,1043.998,594.4848,1216.229,722.0122,1234.887,700.7662,1267.165,1261.92,1601.522,891.6721,1001.146,1597.477,680.1707,846.442,1255.754,841.5698,1209.216,643.8022,1062.952,611.5693,1229.508,741.8217,1247.269,715.956
"2025-11-11 15:00:00",1623,"NAN",11.95,1209.952,1229.282,1570.943,853.1064,971.3478,1543.559,693.9429,822.2593,1217.368,802.9592,1169.595,621.2986,1029.471,582.6099,1205.01,704.1865,1219.231,686.5685,1251.467,1246.996,1584.374,872.6967,985.5742,1557.376,706.4804,841.9498,1232.476,818.4105,1189.082,641.7391,1048.048,599.5916,1218.631,724.1232,1232.164,701.7533
"2025-11-11 15:15:00",1624,"NAN",11.94,1202.69,1230.942,1562.484,846.9422,960.6577,1521.868,719.7518,823.594,1204.677,790.4515,1159.446,621.6035,1020.993,579.4316,1201.372,694.0202,1212.846,681.7196,1244.273,1248.69,1576.538,866.6219,975.4645,1536.533,736.8845,844.1154,1220.055,806.2892,1179.195,642.1681,1040.079,597.0853,1215.001,713.5547,1225.299,696.6842
"2025-11-11 15:30:00",1625,"NAN",11.92,1196.804,1239.312,1557.132,846.8149,952.2122,1513.527,662.1818,825.3842,1196.074,785.1584,1154.292,622.2183,1015.776,579.8222,1200.895,689.864,1208.237,680.106,1239.326,1257.592,1571.216,866.0836,967.5857,1528.358,678.6102,846.3023,1211.192,801.2634,1175.187,642.8556,1035.011,597.8735,1215.113,709.5952,1221.349,695.4562
"2025-11-11 15:45:00",1626,"NAN",11.93,1179.405,1235.852,1542.803,832.2839,931.1633,1505.447,707.1553,814.1171,1175.388,767.9363,1137.706,608.2186,998.2543,565.4986,1185.875,677.0189,1192.604,664.2022,1234.836,1267.854,1568.189,867.9493,961.5538,1531.773,741.2985,850.5814,1205.758,800.3087,1172.487,644.7697,1032.851,599.3893,1214.552,713.2188,1220.029,696.1042
"2025-11-11 16:00:00",1627,"NAN",11.9,1173.256,1239.123,1537.662,832.6791,923.7477,1502.501,658.7719,814.7779,1168.903,766.3926,1134.077,608.2864,994.5914,565.6186,1182.935,677.1398,1189.465,663.1509,1229.028,1271.769,1562.456,868.2905,954.1875,1530.23,692.7235,851.2195,1199.501,798.7646,1169.354,645.5328,1029.438,599.959,1212.433,713.6605,1216.506,694.8789
"2025-11-11 16:15:00",1628,"NAN",11.93,1168.326,1242.01,1532.367,832.5327,916.0023,1494.137,677.7492,815.6676,1162.76,765.1303,1130.535,608.5347,991.2488,564.3842,1181.942,675.5535,1185.788,662.4517,1223.548,1274.519,1557.95,867.8769,946.8643,1521.157,711.7172,852.2474,1193.197,797.6856,1166.045,645.3895,1025.751,598.2706,1211.063,711.899,1213.542,694.1436
"2025-11-11 16:30:00",1629,"NAN",11.91,1168.66,1244.131,1528.774,834.4801,910.4914,1489.737,701.5143,818.6142,1158.895,765.6807,1129.861,609.6738,989.5894,565.3065,1181.804,673.3972,1184.248,662.9646,1223.475,1274.392,1554.28,869.5665,940.1509,1515.339,734.8882,853.8232,1188.846,797.3785,1163.584,645.5157,1023.754,598.119,1209.558,708.8928,1211.061,693.5134
"2025-11-11 16:45:00",1630,"NAN",11.93,1162.313,1244.516,1526.365,837.5458,904.8766,1485.126,681.0851,820.7889,1156.656,766.1166,1128.073,610.1722,988.6006,565.4965,1181.537,672.03,1182.45,663.5438,1216.623,1275.586,1551.573,871.7841,934.7371,1511.638,713.934,856.064,1186.304,797.0075,1161.916,646.4431,1022.102,598.5887,1209.686,706.5734,1209.141,694.1391
"2025-11-11 17:00:00",1631,"NAN",11.93,1140.446,1221.413,1511.563,816.2327,876.2934,1470.129,521.398,797.8826,1133.921,743.7539,1106.227,587.4538,965.2461,541.9891,1162.027,646.5084,1161.065,640.1219,1213.65,1272.256,1549.622,873.8872,929.7243,1511.313,579.5082,856.9006,1184.999,798.3167,1161.733,647.1648,1021.806,599.8203,1210.786,705.7769,1209.529,695.2303
"2025-11-11 17:15:00",1632,"NAN",11.93,1138.122,1226.169,1510.728,816.8192,870.6356,1470.731,522.9725,798.9331,1131.931,744.2079,1105.446,587.3654,963.8148,541.834,1161.739,646.0986,1159.986,639.9408,1212.159,1279.288,1550.842,875.7839,925.1235,1512.222,582.209,858.9971,1184.789,800.0002,1162.469,648.4025,1021.264,600.7325,1212.055,706.7956,1209.766,696.7252
"2025-11-11 17:30:00",1633,"NAN",11.93,1136.161,1232.468,1509.275,818.3135,865.7336,1469.856,516.6398,799.158,1129.657,744.0566,1104.138,587.6201,962.6827,541.7427,1161.347,645.3577,1156.971,640.1326,1210.962,1285.4,1549.994,878.1891,920.5644,1512.275,576.3342,859.5589,1183.254,800.3574,1161.641,649.1125,1020.584,601.2227,1212.102,706.4466,1207.516,697.5063
"2025-11-11 17:45:00",1634,"NAN",11.94,1134.418,1240.459,1509.032,820.6497,860.6815,1467.584,510.9583,799.1494,1128.686,744.4171,1103.06,587.6854,963.7002,541.7675,1161.315,644.6664,1155.763,640.6993,1209.902,1293.4,1549.563,880.2713,916.2446,1511.157,571.2537,859.9322,1181.74,800.7321,1160.856,649.3304,1021.909,601.1213,1212.446,706.2554,1206.254,698.3051
"2025-11-11 18:00:00",1635,"NAN",11.93,1134.048,1247.365,1509.481,823.5746,856.4307,1464.093,507.905,799.9343,1127.13,744.9989,1103.242,587.6909,959.6553,541.7423,1161.762,643.8523,1155.676,641.2144,1209.244,1300.719,1550.517,883.1023,912.0402,1507.762,568.1169,861.028,1181.597,801.4759,1160.482,649.4947,1018.061,601.5743,1213.154,705.2969,1206.173,698.6226
"2025-11-11 18:15:00",1636,"NAN",11.93,1133.453,1252.882,1509.406,827.2386,852.5953,1463.08,511.1833,800.3417,1126.36,745.2595,1103.084,588.0347,959.2558,541.9875,1162.252,643.2043,1155.124,641.8761,1208.84,1305.332,1550.746,887.5807,908.1161,1506.209,571.4723,861.5718,1180.275,801.9455,1160.818,650.1863,1017.667,601.8723,1213.393,704.5928,1205.555,699.2828
"2025-11-11 18:30:00",1637,"NAN",11.91,1168.259,1293.037,1535.043,868.1849,887.1213,1488.773,550.1585,838.9361,1161.371,784.0818,1138.842,626.9875,994.6801,582.1562,1198.653,682.4326,1191.371,682.9708,1212.288,1312.456,1550.152,889.7223,904.5197,1504.273,565.6423,861.2288,1178.994,802.2215,1160.65,649.9745,1016.275,602.1392,1214.436,703.5361,1207.676,699.834
"2025-11-11 18:45:00",1638,"NAN",11.93,1168.674,1299.504,1536.749,871.7706,883.7375,1488.062,550.4681,839.533,1161.651,785.2522,1138.88,627.9521,994.0126,582.7858,1199.136,681.3352,1195.131,683.9387,1211.6,1318.474,1551.193,892.748,900.7665,1504.448,565.9186,861.5449,1178.475,802.5671,1161.092,650.6349,1014.855,601.9506,1214.443,702.1063,1210.03,700.9683
"2025-11-11 19:00:00",1639,"NAN",11.91,1169.848,1306.98,1536.808,875.2626,880.8401,1489.799,547.3651,840.7841,1161.546,786.636,1139.264,628.8536,994.6838,583.7318,1199.516,679.9053,1192.612,685.5291,1212.158,1326.067,1551.849,895.9048,897.7581,1505.557,562.6508,862.5311,1178.587,803.1601,1161.007,650.9486,1014.537,602.3953,1214.767,700.1576,1208.054,702.2052
"2025-11-11 19:15:00",1640,"NAN",11.93,1169.613,1314.318,1539.464,878.4608,878.2504,1492.891,544.6203,841.7601,1161.372,787.6146,1140.131,629.3887,994.7733,584.3538,1200.456,679.7307,1195.687,687.7074,1212.834,1332.97,1553.696,899.3583,894.7578,1508.316,559.6154,863.2097,1177.719,804.7496,1162.185,651.6212,1014.66,602.9384,1215.379,699.1781,1210.051,704.0316
"2025-11-11 19:30:00",1641,"NAN",11.93,1171.307,1321.954,1541.557,881.9899,875.9566,1496.321,544.5959,843.4936,1162.194,788.4349,1141.227,630.3508,995.213,585.3607,1201.482,679.7713,1197.672,689.4188,1213.521,1340.167,1555.383,902.6213,892.3951,1511.645,559.3508,864.6172,1178.465,805.1324,1162.238,652.3639,1015.227,604.0234,1216.079,698.6895,1211.813,705.8008
"2025-11-11 19:45:00",1642,"NAN",11.92,1172.484,1328.5,1542.631,884.7829,874.4542,1499.706,547.6711,844.9261,1162.488,789.7019,1142.482,631.7943,995.6804,586.384,1202.71,680.0617,1199.415,691.3374,1214.438,1345.638,1557.069,905.2803,890.8521,1514.868,562.1105,865.7933,1178.164,806.5323,1163.38,653.1767,1015.685,604.5117,1216.947,699.0168,1213.311,707.1528
"2025-11-11 20:00:00",1643,"NAN",11.94,1174.351,1333.604,1544.168,888.4167,872.9332,1503.054,545.5748,846.0207,1163.627,791.5262,1143.73,632.5172,997.0909,587.5298,1204.217,681.2267,1201.057,692.7644,1214.881,1351.054,1558.924,908.0585,888.8403,1517.593,559.4078,866.6331,1178.807,808.0099,1164.269,653.6131,1016.197,605.1253,1218.387,700.1312,1215.061,708.8074
"2025-11-11 20:15:00",1644,"NAN",11.93,1179.044,1341.668,1546.426,890.3233,871.6569,1507.221,544.6901,847.9299,1163.999,793.0684,1145.047,633.9684,997.4761,588.1415,1206.182,682.1432,1202.607,694.6214,1220.317,1358.377,1560.587,910.5161,887.3785,1521.244,558.662,868.1609,1179.396,809.2898,1165.507,654.9631,1016.918,605.902,1220.067,700.6725,1216.026,710.28
"2025-11-11 20:30:00",1645,"NAN",11.93,1177.156,1347.198,1548.747,893.3315,870.5514,1511.962,538.5612,849.4293,1164.538,794.8083,1146.483,634.3186,998.3642,589.4043,1207.94,683.7576,1204.493,696.2856,1217.867,1363.74,1562.964,913.0811,886.0015,1526.62,552.0976,869.8671,1180.884,811.2518,1166.168,655.0729,1018.162,607.0698,1221.642,702.4623,1217.772,711.7945
"2025-11-11 20:45:00",1646,"NAN",11.93,1179.191,1353.396,1551.333,895.8616,870.6326,1517.866,535.4131,852.0644,1166.242,796.9338,1147.604,636.0578,1000.237,591.1489,1210.138,686.1583,1206.866,698.3583,1220.275,1371.065,1566.258,915.7576,886.1386,1533.07,548.6008,872.6282,1182.27,813.1934,1168.262,656.9398,1019.356,609.0067,1224.388,704.3638,1219.975,714.0795
"2025-11-11 21:00:00",1647,"NAN",11.93,1180.653,1357.409,1553.758,897.3198,869.8801,1522.821,542.981,853.5239,1166.708,797.9319,1148.876,636.7222,1000.666,591.7638,1212.201,687.0548,1208.89,699.3802,1222.101,1373.468,1567.471,917.4376,885.5321,1537.548,556.7526,874.4095,1183.107,814.4042,1168.97,657.5739,1020.307,609.8851,1226.18,705.2758,1222.12,715.2214
"2025-11-11 21:15:00",1648,"NAN",11.94,1167.621,1348.901,1545.336,884.6827,854.803,1516.487,528.6676,839.8651,1153.775,784.3749,1135.593,622.0901,987.5067,576.854,1199.257,673.5666,1196.914,685.4979,1221.118,1377.983,1570.407,919.155,884.4831,1541.899,558.3947,875.5029,1183.685,814.8358,1169.924,658.015,1020.717,609.93,1226.987,706.7317,1223.659,716.1567
"2025-11-11 21:30:00",1649,"NAN",11.92,1169.69,1352.406,1547.099,885.9027,854.6041,1520.892,539.6694,840.1412,1154.978,785.3842,1136.874,622.9744,990.6401,577.7217,1200.977,675.0862,1198.765,686.853,1222.511,1381.095,1571.9,920.2028,884.6218,1545.57,569.5614,875.6486,1184.791,816.2337,1170.353,658.5612,1024.569,610.6464,1228.224,708.4362,1225.642,717.1763
"2025-11-11 21:45:00",1650,"NAN",11.88,1170.956,1358.032,1550.046,886.5972,853.5916,1524.852,530.8236,840.2139,1155.294,785.2806,1137.439,622.8661,988.4695,577.8181,1200.471,675.7515,1200.391,687.6801,1224.948,1386.377,1574.068,921.1406,884.3318,1549.849,561.287,875.9003,1185.22,816.6268,1171.905,658.9502,1022.209,611.1537,1229.372,709.344,1227.224,718.4758
"2025-11-11 22:00:00",1651,"NAN",11.92,1173.011,1360.676,1552.297,888.7994,854.4382,1529.098,549.6743,843.1096,1157.353,787.7615,1139.716,624.0325,990.1734,578.7653,1204.125,677.2644,1202.131,688.6345,1226.639,1389.793,1577.758,923.5029,885.2474,1554.645,580.2094,879.0104,1187.245,819.5631,1174.038,659.9898,1024.645,612.105,1231.923,711.322,1229.699,719.6039
"2025-11-11 22:15:00",1652,"NAN",11.92,1176.365,1364.871,1556.478,891.9698,853.0425,1531.816,551.2065,839.8307,1153.907,783.3781,1139.082,623.1921,991.12,579.3645,1205.979,679.4785,1206.374,692.3644,1228.179,1393.05,1580.455,925.3536,881.7544,1556.086,580.1719,874.1848,1182.486,813.1547,1172.142,658.0958,1023.485,611.1321,1232.301,712.0151,1231.961,721.8885
"2025-11-11 22:30:00",1653,"NAN",11.91,1177.521,1369.13,1558.594,892.6968,853.0735,1535.845,551.2343,840.6198,1154.784,784.687,1140.15,623.7554,990.5593,579.3884,1200.534,680.0849,1207.788,692.4504,1229.508,1397.063,1581.865,926.6394,882.892,1559.715,580.9899,875.3328,1183.764,814.9659,1173.357,658.6395,1023.917,611.671,1227.982,712.9616,1233.787,722.4123
"2025-11-11 22:45:00",1654,"NAN",11.9,1178.464,1373.507,1560.819,893.5302,852.0626,1537.916,546.0089,840.3118,1154.071,783.3773,1140.069,622.9788,990.953,578.8342,1199.776,679.4625,1209.302,692.7206,1231.077,1401.117,1584.821,927.9035,882.223,1562.336,576.5452,875.468,1183.434,814.17,1173.339,658.8665,1024.71,611.5096,1227.459,712.7029,1235.747,723.3872
"2025-11-11 23:00:00",1655,"NAN",11.93,1157.358,1359.064,1549.553,871.037,827.5126,1526.758,496.3578,817.1987,1132.932,760.8064,1119.132,599.2673,968.7944,554.0049,1179.961,654.8268,1189.078,668.4561,1230.288,1406.284,1587.045,928.7827,882.6353,1565.378,555.4023,876.8936,1184.776,815.7218,1175.246,659.5601,1025.449,612.4599,1229.884,713.6283,1237.584,724.1808
"2025-11-11 23:15:00",1656,"NAN",11.93,1159.322,1362.07,1550.686,872.4197,828.107,1530.417,489.2885,818.1469,1133.165,761.0807,1119.698,599.4015,969.2778,554.0895,1181.152,654.966,1190.739,669.2571,1231.93,1408.424,1588.217,930.8035,882.9482,1569.035,548.6378,877.9874,1185.544,816.301,1175.974,659.6059,1026.523,612.5682,1230.928,713.8241,1239.224,725.147
"2025-11-11 23:30:00",1657,"NAN",11.92,1161.019,1363.415,1553.897,873.9739,828.4484,1535.152,500.8178,818.0478,1133.676,761.0941,1119.833,599.8938,969.9465,554.6904,1181.416,655.9481,1192.412,670.6377,1233.847,1410.135,1591.456,932.1676,883.4236,1572.733,560.1113,877.9916,1185.343,816.2612,1176.256,659.9573,1026.513,612.9346,1230.928,714.8396,1241.081,726.3312
"2025-11-11 23:45:00",1658,"NAN",11.92,1161.355,1362.352,1555.103,874.6932,828.7375,1538.391,496.9669,817.8753,1134.723,762.4473,1119.687,599.5076,969.6135,554.077,1177.248,655.5146,1192.359,670.3192,1234.814,1410.059,1592.805,933.6038,884.6595,1576.8,556.8386,878.6058,1187.096,818.3945,1177.018,660.1531,1026.985,613.3193,1227.202,714.9436,1241.62,726.6808
"2025-11-12 00:00:00",1659,"NAN",11.9,1168.464,1369.41,1558.443,877.1655,828.3122,1541.149,514.6158,816.7601,1133.457,761.5355,1122.428,601.7916,971.1299,555.5001,1182.375,657.6811,1195.49,672.6064,1240.369,1415.172,1594.177,934.4926,882.7131,1577.937,573.3641,876.1813,1184.887,815.7852,1177.618,661.3525,1027.558,613.4249,1230.575,715.5176,1243.126,727.6968
"2025-11-12 00:15:00",1660,"NAN",11.93,1200.329,1401.031,1581.787,914.9728,865.57,1565.64,546.4209,852.7645,1167.11,797.6949,1155.63,638.4426,1007.504,593.8256,1210.133,696.239,1230.379,711.5963,1242.412,1418.273,1596.152,936.5457,882.4759,1580.314,562.2122,875.274,1184.757,815.8781,1177.553,660.9305,1028.411,613.3216,1225.517,716.3094,1245.135,728.6538
"2025-11-12 00:30:00",1661,"NAN",11.93,1203.38,1396.548,1584.933,917.8958,867.3333,1571.295,540.6934,856.0447,1170.49,800.7722,1158.463,640.4661,1009.554,596.489,1213.901,698.3369,1233.514,713.5269,1245.281,1413.942,1599.395,938.6409,883.7288,1585.608,555.4631,877.9109,1187.205,817.7936,1179.048,662.3802,1030.168,614.9495,1228.578,717.654,1247.553,730.175
"2025-11-12 00:45:00",1662,"NAN",11.93,1205.217,1395.912,1588.533,920.5675,868.5811,1574.435,549.5452,858.8071,1171.798,802.2307,1159.474,640.9624,1011.283,597.1846,1219.498,700.0972,1235.677,714.5493,1247.688,1413.171,1601.171,940.6118,885.3462,1588.659,564.0327,879.9263,1188.355,818.886,1180.244,662.873,1031.334,615.5764,1234.032,718.8046,1248.911,730.7439
"2025-11-12 01:00:00",1663,"NAN",11.94,1207.194,1395.566,1590.614,922.0548,870.3756,1578.538,544.973,860.8704,1173.718,803.767,1160.334,641.6276,1013.138,597.9679,1222.833,701.5842,1237.792,715.8737,1248.726,1412.65,1604.119,941.9832,886.3577,1592.202,559.0933,881.791,1189.435,819.9224,1180.842,663.1883,1032.677,616.1092,1237.23,720.2861,1251.39,731.6022
"2025-11-12 01:15:00",1664,"NAN",11.93,1209.146,1394.399,1593.468,921.3878,871.7685,1582.186,553.1547,862.8131,1174.518,805.2825,1161.664,642.8893,1017.426,599.0907,1224.776,703.6307,1239.925,717.251,1250.501,1410.436,1606.582,942.0563,887.3109,1595.377,567.017,882.9136,1190.193,821.0603,1181.515,663.2899,1036.436,616.7227,1238.416,721.8572,1252.976,732.6099
"2025-11-12 01:30:00",1665,"NAN",11.92,1209.665,1395.695,1595.77,922.6122,872.3351,1584.496,559.66,863.1547,1175.76,806.1826,1162.516,643.5892,1015.665,599.6482,1228.002,705.0949,1242.098,718.4516,1251.09,1411.378,1608.609,942.1475,887.6559,1597.827,573.1019,883.5018,1191.378,822.2236,1182.443,663.8777,1034.716,617.2014,1241.562,723.1368,1254.689,733.6211
"2025-11-12 01:45:00",1666,"NAN",11.93,1211.62,1395.076,1597.259,924.468,873.3242,1589.25,544.1643,864.9426,1178.31,807.7896,1163.365,644.703,1017.601,600.6901,1229.812,706.4329,1243.83,719.3408,1252.501,1410.955,1610.01,944.195,888.7279,1602.344,557.5054,884.618,1192.928,823.3427,1183.563,664.8377,1036.013,617.6035,1243.703,724.2216,1256.391,734.2584
"2025-11-12 02:00:00",1667,"NAN",11.93,1212.83,1390.877,1599.25,925.6017,874.137,1593.308,564.486,865.7761,1179.201,808.3569,1164.97,645.2841,1018.068,601.1254,1232.515,707.5375,1245.57,720.0767,1254.048,1406.767,1610.985,945.2768,889.3231,1606.452,578.0133,885.7328,1194.232,824.0806,1184.269,665.4948,1036.906,618.1601,1245.299,724.6229,1257.897,734.7646
"2025-11-12 02:15:00",1668,"NAN",11.92,1213.315,1389.998,1600.616,927.1235,874.9006,1596.431,541.3949,867.0186,1179.826,808.9579,1166.514,645.689,1018.76,601.3497,1232.632,708.1735,1246.4,721.0105,1254.452,1404.998,1613.461,946.4477,889.6013,1609.108,554.2203,886.4918,1195.238,824.3593,1185.809,665.4573,1037.283,618.4282,1245.413,725.5507,1258.369,735.772
"2025-11-12 02:30:00",1669,"NAN",11.93,1213.907,1390.336,1602.547,928.6553,875.6714,1599.572,543.4255,867.8,1181.203,810.0531,1167.759,646.5427,1020.102,602.2407,1230.966,708.7265,1248.003,721.9604,1255.302,1406.843,1614.962,947.6378,890.4499,1612.994,555.1729,887.9565,1196.323,824.8624,1186.94,666.7748,1038.272,619.0379,1244.101,726.2253,1260.236,736.4764
"2025-11-12 02:45:00",1670,"NAN",11.93,1216.046,1392.247,1604.03,930.0109,876.2681,1604.251,540.2234,869.0241,1182.243,810.4368,1169.317,647.6416,1020.826,602.8807,1227.483,709.7048,1249.282,722.7943,1257.176,1407.593,1616.27,949.7188,891.58,1617.3,553.445,888.8931,1197.018,825.7258,1188.234,667.353,1039.28,619.8787,1240.498,726.6443,1261.245,737.3735
"2025-11-12 03:00:00",1671,"NAN",11.89,1205.002,1382.652,1596.745,917.5913,863.8252,1599.442,528.0694,857.7872,1170.853,797.8333,1157.979,634.4868,1008.616,589.2459,1215.096,696.5351,1238.737,709.7286,1257.442,1409.792,1618.999,950.5707,892.6075,1621.691,556.4711,891.3969,1199.017,827.3026,1190.611,668.78,1040.853,620.9554,1240.774,728.3763,1263.578,738.686
"2025-11-12 03:15:00",1672,"NAN",11.92,1206.388,1383.606,1598.777,918.9778,864.1049,1604.075,528.1595,858.843,1172.295,798.9165,1159.002,635.0994,1009.65,589.931,1214.464,697.6275,1240.567,710.7321,1258.394,1411.264,1620.955,951.9647,893.076,1625.88,556.0712,892.9968,1200.019,828.2023,1191.965,669.4402,1041.565,620.993,1241.136,729.6473,1265.379,739.7024
"2025-11-12 03:30:00",1673,"NAN",11.93,1206.651,1384.453,1600.706,919.7263,864.2013,1607.463,533.5814,859.5918,1172.693,799.2738,1160.505,635.0941,1009.82,589.6868,1213.148,698.0507,1241.839,711.1956,1260.285,1413.24,1623.521,953.0573,893.7792,1630.091,562.881,894.1408,1201.286,829.2719,1193.547,670.0126,1042.225,621.6904,1240.256,730.522,1267.193,740.6138
"2025-11-12 03:45:00",1674,"NAN",11.93,1211.634,1385.454,1602.044,920.8047,865.0256,1609.035,531.2441,860.6715,1173.789,799.6436,1160.817,635.6411,1010.431,590.293,1215.317,698.2324,1243.049,711.6326,1265.806,1413.939,1623.694,954.2376,895.1455,1631.726,560.6973,895.546,1202.474,830.0165,1194.075,670.5184,1043.41,622.8613,1242.399,730.6914,1268.391,741.4432
"2025-11-12 04:00:00",1675,"NAN",11.93,1209.106,1386.85,1604.366,922.3965,866.0599,1614.756,538.5104,862.6893,1175.293,800.8501,1162.606,636.5763,1011.999,591.0215,1219.028,699.3697,1244.721,712.6409,1263.084,1415.725,1625.73,956.2095,896.0098,1637.215,568.0268,897.5279,1203.709,831.1891,1196.065,671.7178,1044.621,623.3491,1245.707,731.7656,1270.304,742.292
"2025-11-12 04:15:00",1676,"NAN",11.92,1210.085,1388.232,1605.593,923.0385,866.5955,1618.977,539.3604,863.8286,1176.522,801.2996,1162.684,637.1384,1012.331,591.0958,1219.854,699.0369,1245.66,713.085,1264.493,1416.537,1627.988,957.1296,897.1834,1641.492,569.6334,899.0421,1205.787,832.2598,1196.485,672.6827,1046.061,623.9276,1246.835,732.322,1271.311,743.4648
"2025-11-12 04:30:00",1677,"NAN",11.93,1206.252,1381.715,1602.274,920.6732,864.1861,1612.542,521.9677,861.2453,1173.301,800.2974,1158.087,635.972,1010.117,590.1669,1218.845,699.0457,1242.112,711.2068,1260.837,1411.355,1624.112,955.4067,895.339,1636.057,552.6375,896.7896,1203.135,831.2831,1192.401,672.4106,1044.254,623.3911,1246.139,733.1407,1268.496,742.3195
"2025-11-12 04:45:00",1678,"NAN",11.93,1189.99,1373.36,1598.063,901.7317,843.0488,1613.279,516.5142,841.2715,1154.54,779.1541,1141.793,612.9005,990.4133,566.132,1193.22,674.9797,1226.784,689.061,1264.077,1421.346,1632.312,960.3235,898.8598,1646.598,576.5114,901.3425,1206.718,834.7657,1198.517,673.3404,1047.233,625.3041,1242.921,733.9835,1274.745,745.4368
"2025-11-12 05:00:00",1679,"NAN",11.93,1185.958,1366.39,1593.363,899.3876,841.1187,1606.805,494.0637,838.6924,1152.165,777.7441,1137.548,612.363,991.6095,565.0572,1198.04,674.7773,1223.398,686.7785,1260.389,1415.87,1628.84,958.5158,897.2914,1642.22,555.2512,899.5851,1205.441,834.3735,1194.926,673.5372,1049.691,624.8869,1248.42,734.6691,1271.919,743.8402
"2025-11-12 05:15:00",1680,"NAN",11.93,1187.054,1364.542,1595.103,899.8052,841.5667,1608.814,495.8017,839.206,1153.304,778.2117,1138.062,612.1188,988.5591,565.2494,1202.586,674.9214,1224.119,686.8305,1261.951,1414.415,1630.908,959.0848,898.2943,1644.745,556.9994,900.1279,1207.161,835.1839,1195.142,673.3259,1047.319,625.2872,1253.074,735.1631,1273.274,744.1273
"2025-11-12 05:30:00",1681,"NAN",11.9,1187.315,1365.042,1596.951,900.4547,842.6953,1611.211,500.3619,839.2365,1154.631,779.1235,1139.057,612.0251,989.8236,565.5588,1206.692,675.433,1224.427,687.1753,1262.772,1414.306,1632.786,960.5283,899.6844,1646.898,561.741,900.5507,1208.531,835.7019,1196.658,673.8436,1048.721,625.7209,1257.11,735.7176,1273.155,744.8105
"2025-11-12 05:45:00",1682,"NAN",11.93,1188.734,1364.998,1599.471,901.6169,843.2989,1613.596,511.2584,839.4908,1155.783,779.8745,1140.04,612.774,990.6408,565.8917,1208.53,676.1542,1226.288,687.8262,1264.002,1415.291,1635.295,961.2571,900.1741,1649.42,573.0436,901.3219,1210.207,837.572,1197.64,674.5023,1049.698,626.4204,1259.508,736.8704,1275.581,745.8281
"2025-11-12 06:00:00",1683,"NAN",11.92,1189.745,1365.794,1601.59,901.9293,844.1313,1616.443,525.9619,841.3159,1157.846,781.1673,1141.404,613.0056,991.4819,566.2562,1211.229,676.8767,1228.046,687.8578,1265.448,1416.205,1637.446,962.0236,902.0131,1652.221,588.4029,903.1738,1211.564,838.8098,1199.97,675.3049,1050.383,626.9064,1262.535,738.0039,1277.473,745.9205
"2025-11-12 06:15:00",1684,"NAN",11.91,1227.026,1397.088,1626.108,941.31,885.3384,1641.266,570.0121,882.1459,1194.957,820.2003,1178.21,652.3327,1030.052,607.0225,1248.83,718.2,1265.145,728.0509,1272.481,1416.318,1640.328,964.1979,903.7875,1656.102,587.5024,905.2547,1212.985,839.0604,1200.831,675.8154,1052.489,627.7418,1264.849,739.311,1280.155,746.3822
"2025-11-12 06:30:00",1685,"NAN",11.93,1229.234,1396.182,1629.103,942.7256,887.1868,1644.51,559.4762,884.9364,1197.929,822.6353,1179.376,652.8111,1032.351,608.1649,1251.423,719.9164,1266.96,729.1055,1274.357,1414.926,1643.855,965.3685,905.1328,1659.858,576.0106,907.9007,1216.094,840.9014,1201.958,675.7593,1053.334,628.1896,1267.691,741.336,1281.605,746.8089
"2025-11-12 06:45:00",1686,"NAN",11.93,1231.651,1393.774,1631.92,944.0362,889.3408,1647.951,564.2844,888.0662,1200.469,824.6094,1180.624,652.7585,1033.018,608.9017,1253.342,721.7634,1268.459,729.6352,1277.211,1413.436,1645.905,966.7039,907.7077,1662.54,580.7078,910.563,1218.466,843.0621,1203.118,675.8314,1054.697,629.1382,1269.075,742.5312,1283.07,747.1716
"2025-11-12 07:00:00",1687,"NAN",11.93,1239.974,1400.419,1640.717,949.1249,895.2957,1659.911,589.946,893.8217,1207.725,827.9261,1186.993,653.7711,1037.839,610.7725,1245.947,724.845,1275.241,732.1975,1284.47,1418.922,1655.181,971.6641,913.1768,1674.024,606.8253,916.365,1225.201,846.9079,1209.734,676.4597,1059.224,631.0192,1266.012,745.8422,1289.947,750.0456
"2025-11-12 07:15:00",1688,"NAN",11.89,1242.567,1396.29,1644.942,951.3163,898.7379,1665.896,590.8796,896.9233,1210.267,830.0938,1189.902,654.4484,1039.841,611.7023,1245.713,730.9373,1278.108,732.9131,1288.395,1414.861,1658.575,973.9991,916.9612,1680.758,608.235,920.1157,1228.762,848.6315,1212.028,677.7457,1061.725,631.9966,1265.343,751.7645,1292.508,750.6981
"2025-11-12 07:30:00",1689,"NAN",11.93,1246.828,1380.375,1641.434,949.8204,900.8068,1661.364,587.7252,896.3894,1211.07,830.2283,1188.725,655.898,1040.847,613.0125,1258.34,747.6092,1277.411,730.2079,1292.211,1400.054,1656.315,971.6013,918.5914,1675.794,604.4636,918.7676,1228.491,848.0621,1210.594,678.8512,1062.371,631.8519,1288.636,771.41,1291.202,747.1506
"2025-11-12 07:45:00",1690,"NAN",11.93,1249.655,1377.098,1650.369,951.5292,906.4282,1673.619,597.9125,900.7285,1217.13,833.3004,1195.832,657.7311,1045.967,614.1479,1276.794,756.6301,1283.685,731.7374,1295.078,1396.133,1664.017,973.6137,923.2108,1687.564,614.1474,922.356,1234.47,850.6537,1217.357,679.7631,1066.807,633.857,1293.739,777.9656,1297.568,749.0374
"2025-11-12 08:00:00",1691,"NAN",11.93,1251.881,1366.28,1651.804,949.5367,909.0278,1679.673,582.9052,900.1462,1219.467,833.5963,1197.487,657.2459,1047.477,614.3455,1277.819,759.1463,1285.885,731.3894,1297.045,1385.043,1666.102,970.9027,926.1038,1692.702,598.7725,921.8298,1236.249,851.0298,1219.536,679.5309,1067.918,633.5269,1293.454,780.5628,1299.068,748.5084
"2025-11-12 08:15:00",1692,"NAN",11.93,1252.568,1351.469,1654.32,949.1959,911.9622,1683.699,584.9807,900.3349,1220.585,834.0818,1198.814,656.6493,1048.273,614.1034,1276.617,761.9892,1286.286,730.9924,1297.492,1370.548,1667.851,970.446,928.7786,1697.269,600.817,921.7914,1237.5,850.8438,1219.522,678.2307,1068.991,632.8975,1293.637,783.1345,1299.832,747.8016
"2025-11-12 08:30:00",1693,"NAN",11.91,1253.843,1335.324,1655.507,948.2806,914.4752,1686.354,597.3154,898.4847,1223.498,835.0154,1200.145,655.8185,1049.849,613.5531,1281.447,762.8614,1288.228,730.776,1300.504,1355.123,1668.164,969.0433,931.723,1700.214,613.1859,920.1549,1240.649,851.7731,1221.234,677.9377,1070.072,632.4739,1296.312,783.8721,1301.647,747.322
"2025-11-12 08:45:00",1694,"NAN",11.93,1260.619,1319.92,1658.144,949.389,919.3376,1698.498,593.7399,898.6682,1228.803,838.1291,1208.022,655.874,1055.654,616.6066,1286.566,767.4408,1293.498,733.4965,1307.073,1339.687,1671.121,970.2581,936.0943,1711.898,608.5518,919.6168,1245.508,854.7252,1228.473,677.4626,1076.445,635.1533,1300.591,788.8731,1306.462,749.8854
"2025-11-12 09:00:00",1695,"NAN",11.93,1265.052,1298.632,1661.554,949.5651,925.7476,1718.901,600.929,896.2839,1233.524,841.552,1216.984,652.6893,1058.455,619.5211,1265.114,759.0148,1298.086,736.3585,1312.241,1318.007,1673.821,970.4931,942.9189,1731.922,616.6792,917.9421,1249.505,858.3358,1237.79,674.5607,1079.083,638.0651,1279.756,779.9129,1311.633,752.9718
"2025-11-12 09:15:00",1696,"NAN",11.94,1257.202,1252.982,1654.499,935.6695,918.6768,1728.45,587.7542,880.2,1225.504,832.3591,1213.233,635.6041,1050.377,608.5413,1255.827,748.1334,1288.469,725.7006,1314.218,1285.274,1676.798,970.5648,949.4368,1749.352,618.7288,915.3933,1255.139,863.6725,1246.154,671.5508,1084.707,641.8422,1282.966,783.6321,1314.409,756.1177
"2025-11-12 09:30:00",1697,"NAN",11.93,1261.781,1214.371,1656.448,935.5086,926.1208,1740.698,586.2778,876.3547,1230.796,836.1202,1220.005,631.6013,1056.314,611.8472,1257.702,750.4443,1290.621,727.6046,1319.33,1246.344,1678.901,970.2261,956.9774,1760.683,617.8182,911.9833,1260.173,866.8443,1253.137,667.7772,1090.37,645.2728,1284.97,785.9536,1316.916,759.0151
"2025-11-12 09:45:00",1698,"NAN",11.94,1274.232,1326.571,1668.865,942.7722,945.9177,1768.23,591.0427,874.0639,1249.816,854.8491,1244.761,627.5369,1075.643,628.7885,1267.049,763.8284,1303.892,743.0919,1331.884,1357.665,1690.228,977.4424,976.5215,1787.553,622.3575,909.4008,1279.177,885.975,1276.903,663.4611,1109.405,662.0729,1293.774,799.2918,1329.4,774.1331
"2025-11-12 10:00:00",1699,"NAN",11.93,1268.926,1318.897,1666.267,934.7079,946.5936,1756.365,592.9936,868.9421,1244.252,845.7575,1236.493,623.8652,1069.83,620.4157,1257.181,753.1555,1295.648,733.6289,1326.892,1350.907,1688.259,969.6713,977.2723,1775.463,624.9391,904.3557,1273.881,876.6502,1268.845,660.6422,1103.355,653.6184,1284.75,788.4633,1321.842,764.8133
"2025-11-12 10:15:00",1700,"NAN",11.93,1283.277,1329.189,1676.602,944.8469,968.3527,1763.814,591.565,867.8048,1259.165,859.9778,1256.934,620.9044,1086.634,633.3868,1266.134,764.7386,1307.706,746.2684,1341.313,1361.198,1697.762,978.8092,999.1896,1782.279,623.3403,903.6199,1288.232,890.7761,1288.762,657.2856,1119.693,666.5886,1293.478,800.1896,1333.423,776.7541
"2025-11-12 10:30:00",1701,"NAN",11.93,1293.302,1320.316,1691.272,959.5601,997.8204,1770.469,588.6986,864.1509,1283.528,882.6302,1267.623,617.8755,1107.061,648.2916,1273.026,776.9935,1320.887,762.8896,1349.828,1352.485,1711.22,993.8814,1028.121,1788.311,620.6546,900.3167,1312.508,913.2408,1299.509,655.2332,1139.698,681.3939,1300.928,812.721,1347.026,794.0792
"2025-11-12 10:45:00",1702,"NAN",11.92,1286.365,1295.353,1705.988,954.7373,1006.666,1783.998,562.4964,837.5901,1289.23,882.1387,1263.814,589.0053,1101.516,643.346,1258.504,759.5082,1314.933,752.7728,1361.204,1349.451,1734.771,1012.576,1061.133,1807.321,625.592,899.9359,1338.992,936.8392,1315.972,652.746,1156.983,702.1202,1308.447,820.6722,1361.54,809.3264
"2025-11-12 11:00:00",1703,"NAN",11.94,1302.898,1290.674,1737.301,982.1658,1051.885,1815.602,557.7876,836.9497,1325.962,917.4631,1283.253,584.3413,1130.743,667.9036,1273.09,781.4063,1337.427,772.7128,1377.085,1344.256,1763.711,1039.167,1104.599,1834.835,620.3083,898.9415,1374.682,971.9213,1333.529,648.0755,1185.347,726.1605,1322.069,841.9545,1382.623,828.8257
"2025-11-12 11:15:00",1704,"NAN",11.91,1317.505,1286.631,1768.951,1005.839,1111.409,1876.499,558.878,840.7859,1374.254,963.4904,1311.432,577.0148,1168.118,701.437,1306.839,813.1924,1363.639,804.1318,1390.45,1339.85,1792.297,1061.886,1161.846,1890.446,621.7994,902.4963,1419.677,1015.423,1360.348,641.0338,1221.118,758.0679,1353.809,872.3638,1407.016,859.2831
"2025-11-12 11:30:00",1705,"NAN",11.93,1281.326,1244.161,1729.517,952.4875,1068.916,1792.815,524.4347,824.3289,1318.994,904.4065,1263.567,577.3533,1118.586,647.5338,1262.291,746.342,1326.328,754.8544,1357.384,1300.766,1756.927,1011.125,1122.547,1816.206,588.4492,887.9174,1368.36,959.64,1317.273,642.1393,1174.262,707.1879,1312.275,808.6844,1373.151,812.1921
"2025-11-12 11:45:00",1706,"NAN",11.94,1267.991,1254.338,1705.963,926.8228,1042.004,1738.138,521.0688,820.2519,1289.513,865.5347,1238.498,580.6479,1091.241,612.8209,1235.194,716.8842,1302.997,724.8428,1345.412,1311.579,1735.145,986.9297,1096.895,1766.2,585.4225,884.649,1340.715,922.2863,1294.149,645.9744,1148.638,673.9485,1287.364,781.0064,1350.903,783.5424
"2025-11-12 12:00:00",1707,"NAN",11.9,1251.651,1256.17,1685.158,909.3593,1022.253,1704.401,518.4872,818.0514,1263.52,836.026,1217.607,581.6514,1068.437,589.9583,1216.478,701.1478,1280.311,701.8354,1330.106,1313.129,1717.495,970.6826,1077.942,1736.361,583.3458,882.2227,1315.709,893.7519,1274.532,647.2541,1127.18,652.4265,1269.981,765.964,1329.795,761.6656
"2025-11-12 12:15:00",1708,"NAN",11.92,1236.371,1252.719,1665.051,889.5385,1004.098,1667.883,510.1939,814.712,1238.494,810.9335,1195.53,581.6656,1047.56,572.5439,1202.86,686.4078,1259.129,683.4222,1315.363,1308.852,1699.265,952.3876,1060.79,1702.352,575.7419,879.765,1292.962,869.7137,1253.375,647.6306,1107.92,635.837,1256.509,751.9642,1309.768,744.0408
"2025-11-12 12:30:00",1709,"NAN",11.94,1223.56,1254.739,1649.671,879.9372,989.3284,1637.409,491.4962,815.4589,1219.934,793.869,1178.368,581.7586,1034.565,563.1214,1195.502,677.0873,1244.55,672.8721,1303.786,1312.472,1685.728,943.3873,1046.584,1674.832,557.3042,880.3743,1275.064,854.0158,1238.137,648.1609,1095.572,626.929,1250.736,743.3505,1296.552,734.2239
"2025-11-12 12:45:00",1710,"NAN",11.93,1225.879,1280.604,1646.447,882.6431,985.4343,1655.211,501.9106,821.9117,1216.633,794.0504,1179.527,584.9917,1028.195,566.41,1199.906,684.7487,1243.615,673.2535,1306.668,1336.113,1681.894,945.6418,1042.449,1690.863,567.1339,886.3341,1271.997,854.2148,1238.177,650.9704,1089.415,630.4961,1253.838,750.5168,1294.963,734.391
"2025-11-12 13:00:00",1711,"NAN",11.93,1245.44,1300.903,1673.727,919.103,1028.338,1733.937,509.9677,829.6205,1267.021,847.7787,1207.411,585.9777,1062.151,603.8896,1224.144,724.6362,1267.914,708.3821,1324.041,1356.207,1706.149,980.0444,1083.166,1762.766,574.2766,893.2691,1318.627,905.2125,1264.469,650.7381,1120.69,665.8226,1276.76,788.9529,1317.548,767.6583
"2025-11-12 13:15:00",1712,"NAN",11.94,1226.276,1269.163,1662.035,910.3306,1029.636,1703.457,494.6495,817.2105,1258.69,846.5747,1196.301,581.9438,1053.569,601.2156,1210.803,716.0214,1254.739,701.3628,1305.01,1325.629,1695.885,971.6179,1084.619,1735.095,559.7722,881.5326,1311.172,903.9104,1253.574,647.2714,1112.647,663.3962,1264.496,780.4469,1305.019,761.3535
"2025-11-12 13:30:00",1713,"NAN",11.91,1249.829,1292.43,1666.72,928.16,1044.692,1672.202,534.1424,855.8474,1265.591,851.4921,1210.741,622.7771,1070.175,618.7609,1229.552,732.3333,1272.885,722.1008,1297.771,1314.326,1681.424,951.3282,1062.75,1687.009,552.1731,879.0294,1283.281,870.4845,1233.515,647.2385,1092.495,639.3988,1246.64,755.8938,1288.488,740.8466
"2025-11-12 13:45:00",1714,"NAN",11.94,1237.365,1282.51,1650.161,914.0926,1025.668,1628.899,533.5041,854.6899,1243.118,828.6855,1192.152,623.6543,1053.15,604.8677,1222.417,718.872,1258.075,711.2844,1284.721,1304.984,1665.239,936.0425,1043.697,1645.537,551.1862,878.1942,1260.96,847.5654,1214.241,647.7011,1075.189,625.5384,1239.371,742.6197,1273.683,729.335
"2025-11-12 14:00:00",1715,"NAN",11.93,1229.611,1272.586,1636.302,908.0775,1009.13,1600.574,516.7408,847.3211,1212.865,803.6475,1169.252,614.0683,1033.937,591.9963,1211.083,703.8121,1247.199,704.5695,1275.963,1292.476,1652.116,930.529,1025.995,1616.022,533.2444,869.9432,1231.442,822.1201,1190.792,637.5038,1055.685,611.8937,1227.501,726.4705,1262.407,722.5446
"2025-11-12 14:15:00",1716,"NAN",11.93,1223.557,1268.695,1629.133,907.0661,996.9178,1595.811,518.1232,853.9936,1207.72,803.2406,1167.184,618.8832,1028.915,593.2136,1214.742,708.5352,1246.102,706.1062,1270.922,1289.345,1643.426,929.3691,1014.676,1611.79,534.8687,876.1236,1225.02,821.3895,1189.672,641.8149,1050.628,613.3099,1230.556,730.7878,1261.44,723.5017
"2025-11-12 14:30:00",1717,"NAN",11.94,1226.839,1305.975,1627.15,910.4622,991.662,1620.439,525.064,861.3406,1212.077,811.668,1170.814,623.5787,1030.909,597.6645,1220.784,720.5075,1250.512,708.8654,1274.652,1326.851,1641.988,932.0445,1009.05,1636.185,541.5635,884.0302,1230.002,829.7944,1192.912,646.9822,1052.031,617.4021,1237.31,743.4548,1265.448,726.6168
"2025-11-12 14:45:00",1718,"NAN",11.94,1231.387,1332.513,1628.841,912.7339,991.5411,1666.83,528.3554,864.2474,1220.49,826.2351,1176.361,626.2391,1034.369,603.4636,1222.357,733.1545,1254.413,713.9313,1278.618,1352.927,1643.565,934.6276,1008.894,1681.875,545.1054,886.7067,1238.445,843.9501,1197.835,649.291,1056.279,622.7375,1238.236,756.6347,1268.637,731.3383
"2025-11-12 15:00:00",1719,"NAN",11.93,1237.552,1335.372,1627.393,914.473,991.1379,1682.122,527.3303,863.9048,1225.708,832.207,1177.528,627.2553,1037.445,605.3885,1226.958,736.37,1257.419,717.262,1284.766,1354.641,1642.232,936.5292,1008.586,1698.765,543.5734,886.2714,1242.29,849.5765,1199.772,650.2185,1058.157,624.5535,1242.71,759.2066,1272.222,734.5482
"2025-11-12 15:15:00",1720,"NAN",11.91,1243.221,1336.167,1642.018,930.9267,1009.214,1724.977,534.8587,867.5047,1251.1,857.581,1192.798,629.1804,1051.055,615.8404,1233.942,748.0417,1273.441,734.7837,1291.783,1355.378,1656.802,952.803,1026.426,1738.022,551.5034,889.6758,1267.861,875.3672,1213.953,652.0468,1071.85,635.3163,1249.488,770.8865,1287.99,751.9614
"2025-11-12 15:30:00",1721,"NAN",11.93,1227.557,1306.108,1640.193,927.0396,1002.525,1735.443,512.3842,847.2242,1250.796,857.283,1180.276,612.3065,1041.31,604.9888,1219.845,739.3105,1263.993,729.5674,1289.809,1340.318,1665.144,965.1987,1036.094,1758.37,547.6546,886.8294,1283.673,892.1627,1217.049,652.3705,1078.791,642.129,1251.077,779.4642,1293.642,763.8704
"2025-11-12 15:45:00",1722,"NAN",11.93,1232.621,1308.751,1651.976,935.0823,1012.291,1736.872,515.8175,848.7614,1257.539,856.7397,1184.815,614.3661,1044.672,603.9803,1216.349,739.8352,1268.142,732.9402,1294.93,1344.176,1676.615,973.0222,1045.949,1758.735,551.3069,888.8403,1289.697,891.1232,1222.639,654.3989,1081.987,641.3693,1248.02,780.5707,1297.721,767.5067
"2025-11-12 16:00:00",1723,"NAN",11.92,1231.392,1309.986,1652.158,939.73,1015.703,1720.335,514.8959,849.7073,1252.777,853.9173,1185.41,616.4271,1045.606,603.6035,1215.205,741.8467,1267.651,733.2608,1293.101,1343.529,1677.191,976.5637,1048.077,1743.973,549.1771,887.8822,1285.364,887.1579,1220.69,655.6697,1081.999,639.8795,1245.784,781.402,1296.189,766.9647
"2025-11-12 16:15:00",1724,"NAN",11.89,1218.448,1300.614,1634.266,923.5256,1001.518,1668.82,507.2753,844.4188,1227.684,827.1921,1168.637,614.0448,1032.918,591.5065,1206.014,725.2729,1247.675,714.1967,1280.098,1334.617,1660.269,960.8564,1034.095,1693.901,541.7986,882.8255,1260.174,861.6962,1204.61,652.8047,1070.083,627.9172,1236.388,765.1492,1277.223,748.1069
"2025-11-12 16:30:00",1725,"NAN",11.93,1206.016,1291.346,1617.604,911.7142,985.8317,1617.377,502.6249,841.8314,1206.439,806.5303,1154.113,611.2485,1018.332,581.8124,1199.614,711.1193,1232.708,699.364,1268.477,1325.611,1644.11,950.5475,1019.02,1644.457,538.0083,881.0386,1240.061,841.3375,1191.971,651.6101,1056.183,618.9903,1230.998,751.8058,1263.053,734.4333
"2025-11-12 16:45:00",1726,"NAN",11.91,1174.276,1266.649,1592.579,881.752,947.9807,1580.648,465.5836,815.7426,1168.246,771.0477,1122.974,584.0557,984.9376,551.5476,1172.875,675.9504,1201.189,666.0904,1258.308,1323.824,1633.313,945.4955,1006.831,1622.43,532.2396,881.4402,1226.286,831.9841,1184.214,650.7868,1048.155,616.3705,1228.894,743.6428,1254.845,728.2122
"2025-11-12 17:00:00",1727,"NAN",11.92,1168.439,1270.387,1582.249,879.7227,936.4199,1568.288,464.5006,816.0014,1157.878,766.5148,1117.96,583.8996,978.5143,550.0869,1170.679,670.3151,1195.409,662.3463,1252.887,1327.616,1624.499,944.8379,996.2704,1611.792,531.6545,882.8872,1216.709,828.4448,1180.5,651.5928,1042.996,615.7063,1227.189,738.7761,1250.454,725.1949
"2025-11-12 17:15:00",1728,"NAN",11.93,1164.121,1261.285,1574.531,879.8693,926.2886,1563.068,463.9834,817.3431,1150.514,764.7438,1115.415,584.3842,974.4802,550.0054,1170.231,666.8574,1192.11,661.1855,1249.452,1319.744,1616.895,945.3849,987.0012,1606.32,531.7732,884.1506,1209.94,827.7396,1178.166,652.1528,1039.179,616.0934,1227.053,735.2214,1247.749,724.422
"2025-11-12 17:30:00",1729,"NAN",11.93,1162.433,1259.655,1569.405,881.9955,917.421,1562.237,465.4289,818.959,1146.478,765.04,1114.562,585.3129,972.3629,550.9976,1170.878,665.7781,1190.185,661.6031,1247.943,1317.623,1613.086,947.9446,978.7066,1605.925,533.3112,886.2568,1206.075,828.1025,1177.99,652.9931,1037.355,617.4231,1227.779,734.1497,1245.13,725.2272
"2025-11-12 17:45:00",1730,"NAN",11.9,1161.141,1266.13,1565.799,884.2117,909.6729,1560.436,458.7602,819.3135,1143.002,765.451,1112.488,585.6634,971.0491,551.8697,1170.725,665.306,1188.557,662.4597,1245.463,1325.038,1609.269,949.7429,970.5675,1605.026,526.3368,886.226,1202.889,827.9753,1176.179,653.8165,1035.222,618.0312,1227.918,733.9007,1243.781,726.1372
"2025-11-12 18:00:00",1731,"NAN",11.93,1159.82,1275.701,1562.765,886.0004,901.9495,1559.436,460.0742,821.2694,1140.486,766.3252,1111.679,586.4565,969.3824,552.4199,1171.725,665.0104,1187.303,663.2324,1244.241,1335.235,1606.767,951.8868,963.2075,1604.466,528.0371,888.6393,1201.048,829.0845,1175.163,654.9078,1034.279,619.0443,1229.473,733.6451,1242.936,727.2625
"2025-11-12 18:15:00",1732,"NAN",11.92,1160.191,1287.774,1560.468,888.3364,895.0403,1558.224,458.9173,822.938,1138.521,766.7695,1110.63,586.741,968.0381,553.1679,1172.228,664.2659,1186.046,664.1105,1244.837,1345.453,1605.233,954.7336,956.9388,1602.103,527.1754,890.6125,1198.911,829.5356,1174.629,655.2606,1033.321,619.6881,1229.357,732.9933,1242.074,728.2205
"2025-11-12 18:30:00",1733,"NAN",11.92,1197.44,1335.059,1586.272,931.9422,929.7192,1582.804,509.575,866.7457,1176.551,809.2498,1148.283,629.4932,1007.949,597.6191,1211.831,707.6027,1223.628,708.7255,1247.716,1357.27,1603.665,956.7123,950.1541,1600.601,529.0236,892.3,1196.91,829.7684,1173.757,655.5943,1031.984,619.8012,1230.519,732.4957,1241.209,729.6696
"2025-11-12 18:45:00",1734,"NAN",11.9,1202.365,1348.09,1585.76,934.9392,923.5187,1580.361,510.6268,868.3666,1175.064,809.9642,1148.948,630.4918,1007.004,598.2385,1212.908,707.3746,1223.896,711.2029,1251.709,1369.91,1602.546,959.0673,944.124,1597.347,529.8596,893.1351,1195.049,830.9328,1173.151,655.6951,1030.856,620.5657,1230.76,731.3826,1240.988,730.9109
"2025-11-12 19:00:00",1735,"NAN",11.93,1199.9,1361.546,1584.177,938.0779,918.3881,1580.161,511.3182,870.0351,1174.616,811.8262,1148.39,630.8351,1006.854,599.3599,1213.809,706.7243,1224.294,712.7461,1247.845,1383.003,1601.543,961.5508,937.6436,1597.703,530.0087,894.5897,1194.094,831.4296,1172.299,655.9728,1030.284,620.9454,1231.847,730.7458,1240.812,732.5524
"2025-11-12 19:15:00",1736,"NAN",11.93,1200.947,1372.25,1585.015,941.4914,912.6522,1583.138,514.7754,872.6769,1174.324,812.8725,1147.482,632.2275,1006.901,600.5295,1215.724,706.7897,1225.033,715.1135,1249.33,1392.573,1601.422,965.007,932.3699,1599.406,533.0862,896.801,1193.115,832.72,1171.593,656.919,1029.692,622.0319,1233.033,729.692,1240.949,733.9733
"2025-11-12 19:30:00",1737,"NAN",11.93,1203.56,1386.919,1586.983,945.4952,908.0182,1585.012,516.5408,874.9825,1174.318,814.5115,1147.399,633.0909,1006.883,601.8236,1217.663,705.7473,1225.726,717.0349,1251.203,1407.729,1603.261,968.843,927.5676,1601.658,535.0397,899.1958,1193.1,833.9577,1171.211,657.717,1029.575,623.1336,1235.118,728.4092,1241.647,735.9151
"2025-11-12 19:45:00",1738,"NAN",11.88,1206.786,1397.368,1588.68,949.6726,904.5946,1588.032,517.2553,877.5221,1174.285,816.7082,1148.105,634.3284,1007.711,603.517,1219.812,707.2905,1227.269,719.1365,1253.18,1417.832,1605.38,972.8424,923.0645,1604.439,534.7276,901.5107,1194.255,835.7322,1171.095,658.5333,1030.578,624.4545,1236.434,730.1138,1242.995,737.9277
"2025-11-12 20:00:00",1739,"NAN",11.93,1209.29,1410.198,1590.868,952.8429,901.2132,1592.62,516.7941,880.0978,1174.756,817.6695,1149.083,635.6823,1010.457,604.5281,1222.22,707.5698,1228.553,721.4423,1256.218,1429.003,1607.164,976.0579,919.7868,1608.267,534.2813,903.6831,1194.504,837.2665,1171.736,659.5092,1033.331,625.6354,1237.935,729.9731,1243.843,740.1903
"2025-11-12 20:15:00",1740,"NAN",11.93,1211.723,1420.599,1593.52,956.9741,897.7277,1596.227,518.3661,882.2077,1175.761,819.6511,1150.587,637.1145,1009.248,606.1345,1223.848,708.3143,1230.606,723.854,1257.413,1440.733,1609.197,979.5178,915.9799,1611.756,535.5311,905.3317,1194.566,838.6906,1173.7,660.6375,1030.999,626.4967,1240.527,730.652,1245.941,741.933
"2025-11-12 20:30:00",1741,"NAN",11.94,1214.023,1428.91,1596.915,960.2183,894.8527,1600.019,523.0687,883.8212,1176.92,822.0032,1152.03,638.037,1009.938,607.9094,1226.5,711.0435,1232.47,725.8082,1259.972,1447.909,1612.119,982.4485,913.4728,1616.153,540.3962,907.294,1195.157,840.5683,1175.217,661.5925,1031.821,628.4691,1243.254,732.5346,1247.484,744.0428
"2025-11-12 20:45:00",1742,"NAN",11.94,1216.578,1435.747,1598.756,964.0677,892.889,1604.077,525.5963,885.5314,1177.364,823.499,1154.088,639.5696,1010.847,609.2911,1228.686,712.4158,1234.315,728.4244,1263.024,1454.93,1614.088,986.2275,911.4363,1620.056,542.9543,908.7452,1195.869,842.4611,1176.275,662.775,1032.93,629.704,1244.679,733.6825,1249.245,746.2653
"2025-11-12 21:00:00",1743,"NAN",11.91,1219.444,1441.637,1601.9,967.0754,891.1737,1610.504,526.6823,887.0871,1178.159,826.1288,1155.608,639.9188,1012.168,610.6116,1230.997,713.7831,1236.141,730.856,1265.08,1461.505,1618.127,989.4525,909.4515,1626.839,543.637,910.5504,1197.696,844.4868,1177.443,663.4572,1034.532,631.2928,1247.187,735.3478,1251.575,748.9683
"2025-11-12 21:15:00",1744,"NAN",11.93,1206.046,1434.539,1592.79,953.5978,872.2294,1602.588,512.0112,872.2504,1162.999,810.7791,1140.546,623.5467,996.3799,594.2921,1217.252,697.8679,1222.542,715.3793,1265.777,1468.527,1620.837,993.0893,908.1553,1630.514,548.1587,913.0389,1199.104,846.6362,1179.295,664.8289,1035.821,632.7299,1250.233,737.7012,1254.1,751.3993
"2025-11-12 21:30:00",1745,"NAN",11.94,1208.697,1440.798,1596.167,957.272,871.4647,1607.972,512.2496,875.0292,1164.548,812.811,1142.222,624.5939,997.9537,595.5786,1219.684,700.23,1224.161,717.6357,1268.147,1474.389,1624.085,996.8193,907.1072,1635.731,548.3487,915.5421,1200.416,848.7808,1180.989,666.1415,1036.828,634.174,1252.137,740.1097,1255.01,753.3813
"2025-11-12 21:45:00",1746,"NAN",11.92,1206.597,1439.884,1594.066,957.1331,869.1444,1607.665,511.1227,875.6292,1163.424,812.8495,1140.107,626.2251,997.5714,596.5728,1223.055,703.8757,1223.885,718.3616,1266.63,1472.095,1619.704,995.3466,904.0794,1634.171,546.2369,914.9811,1197.466,848.0421,1177.787,666.3545,1035.453,633.6996,1254.545,741.5738,1253.9,753.0823
"2025-11-12 22:00:00",1747,"NAN",11.93,1210.104,1445.616,1597.319,960.3442,868.6727,1612.1,519.3957,879.8517,1165.091,814.6494,1141.222,627.5464,998.9442,598.1071,1225.811,706.0685,1227.171,720.8838,1269.484,1477.42,1624.377,998.477,903.4015,1637.557,554.4847,918.9911,1198.981,849.8254,1178.938,667.117,1036.694,635.2654,1256.525,743.4026,1256.869,754.9198
"2025-11-12 22:15:00",1748,"NAN",11.94,1217.639,1456.586,1606.515,967.438,870.6504,1623.682,529.9557,884.804,1170.26,818.8454,1147.038,629.3947,1003.391,600.557,1227.668,708.0213,1233.679,725.1387,1276.048,1488.882,1634.049,1005.503,904.8082,1650.087,564.7131,923.9216,1203.861,853.0257,1185.099,669.1525,1040.958,637.5001,1258.795,745.9382,1263.28,759.438
"2025-11-12 22:30:00",1749,"NAN",11.92,1222.456,1458.088,1606.683,968.3669,868.924,1624.932,534.1552,883.7311,1169.913,818.7194,1145.703,629.4786,1003.352,600.8856,1229.58,709.0865,1233.447,725.5469,1281.479,1490.725,1634.928,1006.978,903.8767,1650.713,569.9243,923.112,1204.042,853.9745,1184.168,669.7456,1041.574,638.388,1261.244,748.0952,1263.954,760.4553
"2025-11-12 22:45:00",1750,"NAN",11.9,1221.626,1464.452,1612.526,970.8709,868.4972,1631.192,531.4965,885.5828,1171.617,818.833,1147.327,629.0854,1004.302,601.0187,1230.705,709.9015,1235.962,726.5597,1281.306,1498.283,1640.449,1010.64,904.7939,1658.038,568.9409,926.9293,1207.564,855.6776,1187.267,671.0424,1043.891,640.3003,1263.666,749.912,1267.422,763.1428
"2025-11-12 23:00:00",1751,"NAN",11.92,1195.016,1441.775,1594.126,943.0707,839.0649,1611.855,501.4311,858.84,1144.675,791.4086,1119.596,602.1719,976.899,572.8746,1209.079,683.6584,1209.939,698.1642,1276.995,1494.894,1636.549,1008.978,902.248,1653.414,570.1503,926.3196,1205.548,855.1275,1183.796,670.5944,1042.568,639.7215,1265.889,751.65,1265.626,762.442
"2025-11-12 23:15:00",1752,"NAN",11.93,1196.81,1447.704,1596.899,945.2544,839.0984,1615.255,494.474,860.9726,1145.93,793.1539,1121.204,603.0447,978.3862,573.5026,1210.315,685.1361,1212.337,699.1584,1279.121,1500.945,1640.108,1011.475,903.0424,1656.048,563.4347,929.0247,1207.564,857.4333,1186.075,671.7878,1044.14,640.9669,1268.237,753.3647,1268.512,763.7341
"2025-11-12 23:30:00",1753,"NAN",11.9,1204.658,1461.804,1606.201,951.2446,841.712,1628.512,504.9971,866.2892,1151.373,797.8871,1127.922,603.782,982.007,575.6932,1212.711,685.9675,1218.732,702.7852,1287.772,1514.399,1649.008,1017.911,906.3663,1669.811,574.7256,935.2845,1213.411,862.2531,1192.499,673.2618,1048.704,643.4917,1269.812,754.579,1275.108,767.5396
"2025-11-12 23:45:00",1754,"NAN",11.92,1202.966,1457.969,1603.268,949.2935,840.3315,1623.25,507.8943,864.3504,1149.134,794.8922,1124.267,603.5921,984.3669,575.0983,1214.301,687.9165,1216.722,701.8505,1285.646,1510.67,1646.296,1016.445,904.7875,1664.79,577.6725,933.0336,1210.828,859.9873,1189.813,672.7108,1050.592,643.0994,1272.549,756.9306,1273.485,767.1161
"2025-11-13 00:00:00",1755,"NAN",11.93,1204.155,1460.272,1606.115,951.3901,840.3041,1626.377,509.6596,866.2689,1150.85,796.6454,1123.777,604.2415,982.0432,575.4515,1216.287,689.6946,1218.556,701.9165,1287.638,1513.188,1649.677,1018.276,905.5071,1668.953,579.8005,935.3735,1212.517,861.2832,1189.816,674.2947,1048.738,643.4768,1274.677,759.1016,1274.891,767.5521
"2025-11-13 00:15:00",1756,"NAN",11.93,1207.49,1421.923,1608.969,953.4822,841.4232,1633.089,510.4874,868.3583,1152.71,798.6384,1124.95,604.8776,983.5941,576.512,1218.483,691.41,1221.413,703.3322,1290.547,1477.503,1651.833,1020.522,906.0869,1674.158,580.5807,937.4056,1214.544,863.5067,1191.284,674.7739,1050.281,645.0306,1276.889,761.0135,1278.108,768.9903
"2025-11-13 00:30:00",1757,"NAN",11.93,1210.412,1416.023,1611.596,954.7572,842.0167,1637.558,517.3018,870.118,1154.111,800.5132,1126.62,605.4457,984.6392,577.2852,1220.779,692.796,1223.314,704.0892,1293.975,1471.381,1654.101,1022.748,907.5858,1679.156,587.9649,939.4894,1216.118,865.7974,1192.81,675.5515,1051.95,645.9044,1279.066,762.6786,1280.538,770.2087
"2025-11-13 00:45:00",1758,"NAN",11.93,1213.282,1413.515,1615.461,956.8062,843.1146,1642.352,507.1508,871.9042,1156.115,802.0021,1128.341,605.9586,986.0826,577.5882,1222.427,694.8224,1225.819,705.2141,1296.769,1470.115,1659.132,1024.459,908.5086,1683.45,577.5894,941.417,1218.59,867.2809,1194.776,675.9758,1052.796,646.195,1281.28,764.2866,1282.659,771.3163
"2025-11-13 01:00:00",1759,"NAN",11.9,1216.959,1411.819,1618.559,958.5112,844.6669,1645.815,501.8138,874.0131,1158.36,803.644,1129.165,605.7355,987.2482,578.3818,1224.191,696.3819,1228.646,706.7025,1300.642,1468.427,1662.303,1026.38,909.9166,1686.229,572.4984,943.6413,1221.162,869.1094,1195.618,676.3161,1054.604,647.1634,1282.849,766.3236,1285.791,772.7597
"2025-11-13 01:15:00",1760,"NAN",11.93,1218.759,1408.683,1621.763,959.8188,845.4633,1648.672,509.0327,875.0413,1160.259,805.0759,1128.187,605.8056,988.3381,578.8881,1224.755,697.832,1230.699,707.5263,1303.446,1465.995,1664.846,1027.499,911.488,1689.356,580.2592,945.0576,1222.507,870.6176,1195.392,676.5101,1055.796,648.1875,1283.74,767.8817,1288.198,774.0826
"2025-11-13 01:30:00",1761,"NAN",11.93,1220.873,1406.728,1623.278,961.4194,846.559,1652.051,511.6388,876.39,1161.253,805.6458,1126.069,606.2578,989.301,579.0768,1225.517,698.1941,1232.58,708.1357,1305.097,1464.048,1667.032,1029.657,912.6797,1693.294,582.9775,946.5319,1223.924,871.3843,1193.284,677.2908,1057.21,648.2952,1284.758,768.5729,1290.561,774.829
"2025-11-13 01:45:00",1762,"NAN",11.9,1223.203,1407.382,1625.947,962.4651,847.1778,1655.52,494.3588,877.8283,1162.682,807.262,1126.047,606.1566,989.7596,579.7607,1227.874,698.7767,1233.911,708.889,1308.315,1465.329,1668.592,1030.828,913.6183,1696.888,565.7396,948.6359,1226.254,873.236,1193.095,677.7162,1058.739,649.3484,1286.552,769.179,1292.579,775.9781
"2025-11-13 02:00:00",1763,"NAN",11.93,1229.828,1416.305,1632.857,966.3967,849.9293,1665.928,508.2179,881.761,1167.083,808.837,1130.401,607.1697,992.8661,580.8868,1229.485,699.0078,1238.853,711.4966,1314.152,1474.013,1676.544,1035.325,916.4709,1706.822,579.913,952.5549,1230.08,875.5709,1198.395,678.4582,1060.898,650.687,1289.095,769.9604,1296.79,778.5687
"2025-11-13 02:15:00",1764,"NAN",11.93,1233.196,1413.247,1630.716,964.7612,848.4902,1662.966,505.9068,881.0665,1165.993,808.9666,1129.187,606.9296,991.5049,580.415,1231.266,699.1451,1237.66,710.6215,1319.046,1470.952,1674.078,1033.583,915.2994,1704.169,578.0843,952.4473,1229.425,875.3074,1196.785,678.8348,1060.217,650.9284,1290.976,769.6652,1296.175,778.2468
"2025-11-13 02:30:00",1765,"NAN",11.93,1231.074,1416.155,1632.581,965.8254,849.2952,1667.138,511.3337,882.5798,1166.808,809.3199,1129.682,607.1261,991.7133,580.9691,1250.909,712.3702,1238.394,711.5507,1316.804,1473.259,1675.619,1034.877,916.5624,1706.6,583.4335,953.3494,1229.567,875.8706,1197.87,679.0783,1060.433,650.7934,1309.876,783.6212,1296.788,778.9822
"2025-11-13 02:45:00",1766,"NAN",11.93,1233.266,1418.23,1635.453,967.7299,850.3552,1672.321,517.7905,884.1779,1168.165,810.4999,1131.316,607.5576,992.8148,581.3546,1252.881,713.4191,1240.446,712.7429,1318.924,1475.594,1678.02,1036.668,917.5111,1712.332,589.9904,954.9708,1231.22,877.2332,1199.599,679.6006,1061.245,651.6241,1311.567,784.5609,1298.525,780.0903
"2025-11-13 03:00:00",1767,"NAN",11.93,1240.971,1427.591,1643.903,973.116,853.4681,1683.812,523.9729,889.4686,1172.782,814.0071,1137.795,608.9224,995.9158,583.5047,1258.247,716.9125,1246.704,716.2055,1326.435,1484.772,1687.218,1042.421,920.4745,1723.244,596.3545,960.4287,1236.443,881.5019,1205.436,680.5695,1065.134,654.0974,1317.439,788.4907,1304.803,783.8065
"2025-11-13 03:15:00",1768,"NAN",11.94,1238.131,1421.284,1639.727,970.9313,852.1546,1678.878,503.9659,887.2666,1170.958,812.4486,1133.915,609.0159,994.9033,582.881,1255.52,715.2711,1244.272,714.9268,1324.046,1479.12,1682.461,1040.171,919.4004,1718.467,576.251,958.5182,1234.046,879.5042,1202.604,680.9045,1063.476,653.2731,1315.116,786.7604,1301.967,782.6103
"2025-11-13 03:30:00",1769,"NAN",11.91,1281.184,1460.813,1668.937,1016.633,898.1375,1707.056,552.772,933.7815,1214.531,859.0358,1179.152,655.6397,1043.027,630.9918,1298.914,763.3598,1286.566,763.415,1330.891,1483.543,1684.982,1041.505,919.623,1723.438,572.9776,959.4153,1235.459,880.8995,1204.54,681.8566,1067.373,653.938,1317.695,787.4797,1304.363,784.0604
"2025-11-13 03:45:00",1770,"NAN",11.93,1284.806,1463.931,1670.578,1019.206,900.106,1710.291,553.0222,935.6489,1217.336,860.8891,1181.425,657.5585,1042.015,632.4955,1283.991,750.8427,1289.266,765.2189,1332.93,1485.187,1686.83,1043.868,920.2573,1726.038,572.1545,960.4589,1236.511,881.2349,1206.095,682.9113,1065.745,654.2849,1301.519,774.8517,1305.157,785.2068
"2025-11-13 04:00:00",1771,"NAN",11.93,1287.429,1466.433,1674.118,1021.575,901.4263,1715.722,557.0737,937.1227,1219.281,862.7891,1184.113,658.5205,1043.411,633.8574,1286.01,752.0096,1291.327,767.2249,1335.75,1487.551,1689.29,1045.808,921.4424,1731.11,576.1722,962.0399,1238.255,882.2961,1208.37,683.8184,1066.792,655.5778,1302.789,775.2328,1307.574,786.696
"2025-11-13 04:15:00",1772,"NAN",11.93,1290.696,1444.257,1676.303,1024.107,902.6977,1720.896,554.0394,939.0262,1220.341,863.9218,1186.15,659.0676,1044.586,634.6532,1288.118,753.0128,1293.373,768.576,1338.953,1464.73,1691.385,1048,922.4034,1736.145,572.6016,963.2568,1240.241,883.744,1209.571,684.0999,1068.116,656.4037,1304.58,775.7461,1309.737,787.826
"2025-11-13 04:30:00",1773,"NAN",11.94,1293.327,1474.39,1679.225,1026.247,903.6207,1726.661,551.083,940.9008,1222.64,865.6555,1187.478,660.3764,1046.111,635.9717,1290.15,754.5728,1295.754,770.1352,1341.524,1496.115,1695.144,1050.26,923.4572,1741.749,569.7758,965.3873,1241.986,885.9879,1211.791,685.1779,1069.047,657.8129,1307.622,777.9045,1312.172,789.3878
"2025-11-13 04:45:00",1774,"NAN",11.93,1296.56,1477.902,1682.232,1029.274,905.7041,1731.414,554.9244,943.0771,1224.107,867.0463,1190.335,661.0675,1047.728,637.1968,1292.979,756.2202,1298.705,771.9124,1345.188,1498.339,1697.916,1052.901,925.2633,1746.695,573.1545,967.615,1243.718,887.022,1213.48,685.6349,1070.969,658.9531,1309.414,778.376,1314.373,791.1046
"2025-11-13 05:00:00",1775,"NAN",11.93,1299.453,1479.94,1684.193,1031.253,906.7627,1733.321,550.6505,944.6296,1226.427,868.6949,1190.995,661.7734,1049.612,638.1849,1293.966,757.3536,1300.514,773.2956,1347.189,1501.021,1699.597,1054.916,926.2644,1748.616,568.7219,968.5614,1245.16,887.7834,1214.778,686.4646,1072.162,659.2466,1310.896,779.8447,1316.208,792.249
"2025-11-13 05:15:00",1776,"NAN",11.9,1302.669,1484.112,1688.477,1035.16,909.5839,1738.24,556.1873,948.3076,1229.228,871.5569,1194.461,664.0017,1051.781,640.3514,1296.784,759.9617,1303.941,776.1937,1352.027,1505.899,1704.029,1059.195,929.7869,1753.682,575.1628,973.3367,1249.203,892.4289,1218.711,689.0698,1075.241,662.7663,1314.33,783.1649,1320.582,795.6402
"2025-11-13 05:30:00",1777,"NAN",11.9,1306.054,1484.671,1690.187,1037.66,911.3953,1741.582,558.6175,950.2889,1231.386,872.4696,1194.737,664.8096,1053.586,641.6881,1298.116,761.2622,1306.221,777.4409,1354.26,1505.922,1706.1,1061.24,930.966,1757.246,577.1878,974.8229,1251.063,892.5793,1218.604,689.6057,1076.937,663.2387,1315.407,784.2791,1322.257,796.8146
"2025-11-13 05:45:00",1778,"NAN",11.92,1309.089,1486.16,1692.157,1039.653,912.7334,1744.665,557.3293,952.0175,1233.334,873.9153,1195.248,665.5165,1054.868,642.4868,1300.513,762.2985,1308.001,778.6014,1357.931,1505.655,1707.837,1063.642,932.4642,1760.2,576.0032,976.4404,1252.177,894.3264,1219.935,690.2454,1077.719,664.241,1317.445,785.3707,1323.712,798.4266
"2025-11-13 06:00:00",1779,"NAN",11.9,1317.208,1490.426,1694.633,1041.375,913.7036,1748.876,565.8198,953.499,1234.785,875.8599,1195.45,665.6318,1056.026,643.5248,1302.591,763.7549,1309.551,780.0629,1366.223,1511.075,1709.759,1065.23,933.9237,1763.561,584.4873,978.3398,1254.572,895.7244,1218.929,690.3537,1079.464,665.3455,1318.803,786.2039,1325.51,799.3221
"2025-11-13 06:15:00",1780,"NAN",11.89,1314.52,1487.591,1697.326,1043.935,916.0703,1752.747,567.6487,955.6367,1236.906,877.5303,1197.481,665.9836,1057.817,644.6445,1304.186,765.8964,1312.181,781.1052,1363.258,1508.082,1712.894,1067.903,935.8849,1769.101,586.1354,980.7441,1257.273,897.098,1221.024,691.0923,1081.502,666.4515,1320.807,788.684,1328.04,800.7799
"2025-11-13 06:30:00",1781,"NAN",11.93,1302.74,1471.186,1689.069,1029.052,901.282,1748.076,551.5655,940.9895,1223.943,861.6558,1184.072,649.8381,1043.535,628.1448,1309.802,765.3322,1300.156,765.7617,1367.457,1508.472,1716.957,1070.962,939.2685,1775.693,589.7603,983.7605,1259.945,899.6946,1225.429,692.1146,1083.769,668.2688,1341.957,806.3469,1332.105,802.7424
"2025-11-13 06:45:00",1782,"NAN",11.92,1312,1476.837,1698.975,1034.508,906.4975,1762.87,556.9759,947.504,1230.388,865.8295,1190.93,651.226,1048.679,630.7598,1293.719,755.1151,1305.988,768.3732,1375.175,1512.037,1725.768,1075.358,944.4025,1787.665,594.9149,989.5101,1266.205,903.2796,1232.285,694.1146,1088.78,670.4078,1327.167,796.4512,1337.625,805.7267
"2025-11-13 07:00:00",1783,"NAN",11.92,1314.744,1472.335,1701.175,1035.091,909.168,1766.206,558.9807,948.1229,1231.964,866.4948,1192.857,651.8807,1050.089,631.265,1293.113,758.5624,1307.219,768.0026,1379.228,1508.617,1727.312,1076.201,946.8676,1792.024,596.9141,990.4852,1268.989,904.3215,1233.99,694.8925,1090.734,671.5133,1326.928,799.8325,1340.054,805.8058
"2025-11-13 07:15:00",1784,"NAN",11.92,1319.94,1470.247,1703.062,1035.669,912.042,1769.708,559.0123,948.9717,1235.633,867.7395,1196.82,652.0853,1055.006,632.3394,1321.4,779.3965,1310.44,768.4557,1383.383,1507.075,1731.207,1077.213,949.8462,1795.494,597.3735,991.6799,1272.155,906.1361,1238.247,695.3941,1096.294,672.8164,1354.462,821.8816,1343.708,806.2274
"2025-11-13 07:30:00",1785,"NAN",11.93,1322.771,1464.459,1706.206,1036.652,915.9896,1774.658,557.3013,950.6302,1237.946,867.7939,1200.186,652.6085,1055.446,632.6621,1301.056,769.3512,1314.1,768.4576,1388.022,1500.882,1733.604,1078.406,953.7983,1799.99,595.6902,993.3067,1274.505,906.1522,1241.808,695.759,1096.019,673.6125,1334.907,811.2717,1345.986,806.3008
"2025-11-13 07:45:00",1786,"NAN",11.93,1320.785,1448.399,1700.72,1032.297,915.8543,1767.631,557.1126,946.7109,1236.473,865.6975,1196.658,651.7835,1053.95,631.5522,1302.989,772.713,1311.281,764.7677,1386.486,1486.168,1728.65,1073.621,954.0204,1794.381,595.5715,989.4782,1273.191,903.6575,1238.386,695.0466,1095.183,672.1489,1336.797,815.4016,1343.915,802.8081
"2025-11-13 08:00:00",1787,"NAN",11.93,1329.308,1426.818,1709.276,1035.815,920.5308,1781.03,564.5305,950.1855,1241.81,867.5205,1202.959,651.7936,1057.65,632.5264,1303.957,773.7841,1317.693,766.0489,1395.331,1465.283,1737.52,1078.664,959.9917,1807.653,604.5865,994.0553,1279.489,907.1544,1244.626,696.2941,1100.067,674.2637,1338.435,817.5328,1350.512,805.1006
"2025-11-13 08:15:00",1788,"NAN",11.92,1329.51,1484.764,1712.561,1033.226,921.3898,1785.878,563.6304,948.4081,1241.374,865.8551,1202.781,648.563,1057.212,629.7549,1302.213,772.8571,1316.51,763.2332,1397.024,1523.32,1741.492,1077.224,962.1349,1812.708,605.4775,994.0161,1281.01,907.5232,1246.476,694.7224,1100.688,673.6591,1338.569,818.5489,1351.416,804.7673
"2025-11-13 08:30:00",1789,"NAN",11.93,1309.791,1486.817,1703.332,1004.788,895.3065,1788.903,533.6229,919.5641,1218.121,837.3111,1180.754,618.5546,1031.971,600.2741,1279.169,745.65,1295.202,733.8069,1400.848,1546.62,1745.936,1077.635,966.4593,1825.012,610.5736,994.9789,1285.331,908.7949,1252.586,695.1328,1104.578,675.5253,1341.94,822.9321,1356.148,806.3276
"2025-11-13 08:45:00",1790,"NAN",11.91,1316.178,1501.56,1707.558,1005.373,901.6319,1807.337,532.8043,919.2303,1222.492,840.6069,1190.675,617.8809,1036.829,604.1299,1281.225,751.4198,1301.129,737.069,1407.732,1559.684,1749.892,1078.63,972.7275,1840.93,609.6452,994.7164,1289.723,912.6893,1261.298,694.3079,1109.723,679.3649,1343.41,828.7428,1361.589,809.3462
"2025-11-13 09:00:00",1791,"NAN",11.93,1321.508,1496.996,1712.279,1006.064,909.7519,1827.613,529.9192,917.5017,1228.376,844.5437,1198.448,617.0027,1043.134,608.0347,1280.258,758.6635,1306.643,741.7253,1413.661,1555.234,1754.041,1079.032,981.0335,1859.417,606.9775,993.1928,1294.896,916.4465,1269.435,693.6411,1115.774,683.361,1347.09,836.0171,1366.991,813.8694
"2025-11-13 09:15:00",1792,"NAN",11.94,1328.041,1486.995,1717.995,1007.554,920.4939,1857.295,539.1498,915.6245,1236.929,851.8972,1211.961,613.822,1051.212,617.1117,1285.839,765.1793,1312.769,747.8597,1420,1545.698,1758.47,1080.41,991.5341,1885.88,616.0526,991.2127,1302.431,922.9094,1282.092,690.2925,1123.032,691.7554,1348.989,841.4644,1372.823,819.9207
"2025-11-13 09:30:00",1793,"NAN",11.93,1331.797,1472.775,1721.081,1007.668,929.5623,1878.2,539.6277,911.6185,1241.832,855.3033,1217.356,609.8156,1057.487,620.533,1283.835,769.212,1315.285,749.3422,1423.999,1532.946,1761.202,1079.957,1000.418,1904.611,616.544,987.353,1307.454,925.8751,1286.848,686.4959,1129.287,694.5462,1347.646,845.7387,1375.211,820.7938
"2025-11-13 09:45:00",1794,"NAN",11.93,1342.441,1464.458,1727.12,1010.579,941.5326,1893.423,539.9133,908.6237,1251.255,862.5977,1228.208,606.3275,1067.686,627.7708,1291.947,773.8678,1320.169,753.7792,1434.593,1524.31,1766.036,1082.558,1011.922,1916.987,616.843,984.1153,1316.486,932.1557,1296.822,683.2969,1138.845,701.5096,1353.844,849.8243,1380.319,824.9683
"2025-11-13 10:00:00",1795,"NAN",11.93,1348.169,1450.801,1736.996,1019.168,965.0248,1904.579,538.8898,905.8223,1270.069,880.1159,1246.825,602.0164,1085.712,643.5795,1291.627,783.1927,1333.292,767.8414,1438.737,1511.715,1776.424,1090.724,1033.955,1927.822,615.0692,980.4529,1334.963,949.9908,1313.437,678.0652,1156.405,716.6903,1353.322,858.5497,1392.316,838.5546
"2025-11-13 10:15:00",1796,"NAN",11.93,1362.268,1455.172,1756.364,1033.157,999.2166,1930.714,544.7141,903.0118,1300.002,906.4474,1273.041,596.0129,1115.258,669.2799,1306.05,801.0771,1354.132,789.8446,1451.924,1516.22,1792.496,1102.708,1067.298,1950.31,620.6441,977.5618,1361.962,973.9717,1338.636,672.5461,1183.491,740.9794,1366.101,874.8621,1411.636,859.3431
"2025-11-13 10:30:00",1797,"NAN",11.9,1371.834,1438.118,1774.22,1042.91,1037.508,1932.271,543.1398,897.3693,1321.618,920.2122,1285.054,591.1398,1134.408,685.5519,1317.146,807.8033,1368.889,804.0405,1460.557,1499.392,1809.716,1112.094,1104.043,1951.546,619.1113,972.2347,1382.879,987.4274,1349.423,667.2698,1202.009,756.4327,1376.544,881.4344,1425.576,872.744
"2025-11-13 10:45:00",1798,"NAN",11.92,1389.064,1433.307,1800.986,1064.808,1083.22,1952.437,542.6255,894.1811,1350.072,952.2593,1303.453,585.6155,1162.19,709.291,1334.02,827.7137,1390.351,825.4058,1476.297,1494.438,1833.388,1133.163,1147.691,1969.92,618.3608,968.7289,1410.033,1017.844,1366.041,661.8447,1228.314,779.06,1392.016,900.1735,1445.764,893.2753
"2025-11-13 11:00:00",1799,"NAN",11.9,1437.071,1455.938,1840.847,1125.238,1165.016,1977.969,592.3903,935.513,1417.843,1022.268,1348.773,626.2205,1216.99,768.6682,1385.415,885.9688,1444.203,887.1521,1492.021,1484.277,1856.718,1151.291,1187.711,1992.049,616.5364,965.4926,1440.049,1044.719,1373.413,656.5622,1241.512,793.4547,1405.558,914.2282,1463.682,910.0581
"2025-11-13 11:15:00",1800,"NAN",11.91,1425.8,1440.075,1824.298,1097.967,1146.906,1938.314,587.1565,930.4274,1395.464,991.659,1327.136,630.8615,1193.643,737.9819,1359.723,848.793,1426.655,852.7772,1480.641,1466.097,1838.919,1122.199,1167.376,1950.621,608.6566,957.7858,1415.548,1012.71,1350.648,658.3156,1216.75,761.1335,1378.36,875.1171,1444.33,873.7773
"2025-11-13 11:30:00",1801,"NAN",11.94,1420.558,1450.271,1814.24,1089.585,1140.767,1920.79,588.9889,929.9742,1385.254,975.0525,1317.19,632.4943,1184.654,724.2816,1345.334,834.7729,1414.287,841.441,1475.125,1473.947,1829.073,1113.974,1160.794,1933.427,610.5211,956.1053,1405.526,996.2712,1339.237,659.6919,1208.504,746.6135,1363.007,860.8953,1430.958,861.9387
"2025-11-13 11:45:00",1802,"NAN",11.93,1435.159,1463.8,1849.995,1134.901,1194.958,1985.548,593.0264,938.939,1439.941,1036.235,1344.147,629.902,1231.236,773.4987,1404.146,901.6312,1445.026,886.132,1490.548,1487.751,1862.565,1157.959,1214.439,1995.621,614.1256,964.8832,1458.854,1056.243,1366.519,657.2211,1252.65,794.9696,1422.484,926.102,1460.65,906.2204
"2025-11-13 12:00:00",1803,"NAN",11.93,1435.237,1430.9,1843.727,1131.545,1196.687,1990.881,588.9229,933.8837,1440.289,1037.245,1343.998,625.5175,1229.602,770.2073,1406.659,882.5264,1448.42,882.9606,1489.047,1455.163,1857.334,1153.924,1215.588,2001.064,609.8622,960.5256,1458.471,1056.226,1366.353,652.4627,1251.452,790.887,1424.046,908.0082,1464.682,902.4135
"2025-11-13 12:15:00",1804,"NAN",11.91,1410.074,1401.98,1810.835,1086.304,1151.974,1921.738,582.2177,921.3576,1391.967,980.2361,1306.201,627.472,1184.181,719.9457,1362.023,826.3349,1414.21,836.4701,1463.128,1426.68,1824.111,1108.899,1170.614,1935.048,601.9818,946.705,1410.482,999.5735,1328.397,652.9252,1205.614,741.3589,1378.783,850.9078,1430,855.7012
"2025-11-13 12:30:00",1805,"NAN",11.9,1410.842,1425.753,1807.158,1088.565,1154.66,1925.031,582.6387,925.6861,1384.451,975.386,1305.505,628.6746,1182.662,717.2809,1355.421,833.5161,1411.104,833.1325,1465.527,1449.761,1821.033,1111.911,1173.906,1936.653,602.9288,951.1331,1403.353,995.5294,1328.578,654.7892,1204.42,738.8713,1372.024,858.4298,1426.878,853.0281
"2025-11-13 12:45:00",1806,"NAN",11.93,1396.61,1407.282,1799.431,1077.694,1154.018,1911.389,570.4415,915.1191,1383.047,974.7318,1290.556,628.0562,1171.389,713.9784,1340.039,822.324,1398.755,827.3036,1449.485,1431.835,1814.136,1100.678,1173.27,1924.842,590.631,941.2277,1401.484,993.5812,1313.364,654.1473,1193.65,735.7151,1357.322,847.4742,1414.694,846.7574
